covidType,repeats
,CAAACACAAAC
,TACTTTTCAT
,TTAACAATT
,TTAACAATT
,TTTGTTACGCATTGTTT
,ATAAAAATA
,ATCTGTCTA
,CCATGACAGTACC
,CTAAATTTAAATC
,GATTTTTGT
,TAACGCAAT
,TAACTCAAT
,TATTCGTAT
,TCTACATCT
,TCTTGGTCA
,TGTAACTTC
,TTTCACTTT
,TTTGTTACGCATTGTTT
,TTTTCACTT
,TTTTGTTTT
,TTTTTAATG
,GCGTATGCG
,GTCGTGCTG
,TGGTTTGGT
,TTAATAATT
,TTGTTACACATTGTT
,AAATGGACA
,AGTTTTTGA
,ATTGTGTTA
,CAGGAGGAC
,GTTGTACTT
,TAATTTTAAT
,TAGTGGTGAT
,TCATGTACT
,TGATAATAGT
,TGGTTTTGGT
,TGTTGTTGT
,TGTTTTAAA
,TTAACAATT
,TTTAATAAA
,TTTACACGT
,TTTCACTTT
,TTTTAATAA
,TTTTAATTTT
,TTTTGTTACACATTGTTTT
,TTTTTCCTTTTT
,ATAAAAATA
,ATAATTTTA
,ATCTGTCTA
,CATTCTTAC
,CCATGACAGTACC
,CTAAATTTAAATC
,GATTTTTGT
,TAACGCAAT
,TAACTCAAT
,TGTAACTTC
,TTAATAATT
,TTTCACTTT
,TTTGTTACGCATTGTTT
,TTTTCACTT
,TTTTGTTTT
,ATTTTGTTTTA
,GTTACGCATTG
,CACTGTTTTT
,TGTAACTTTTCTGAA
,TTATACTAGT
,TTGTTACACATTGTT
,ATTATAATAATATTA
,TGTAACTTTTCTGAA
,CAAACACAAAC
,TAATTTTAAT
,TACTTTTCAT
,CAAACACAAAC
,TAATTTTAAT
,TACTTTTCAT
,ACGTAATGCA
,ATAATATTA
,ATAATATTA
,ATTATAATAATATTA
,ATTATAATATTA
,ATTATAATA
,CACTGTTTTT
,TAACACAACT
,TAATAATTAT
,TAATGGTAAT
,TAATTTTAAT
,TATAATATTA
,TTAAATGGTG
,ACTTTTCATAAT
,CAAACACAAAC
,TAATTTTAAT
,TACTTTTCAT
,TTAACCAATT
,TTGTTACACATTGTT
,ATTAGTCTTT
,GTTCTCTTG
,TGTTTTTGT
,TTAACAATT
,TTCAAAATGG
,TTTACATTT
,CAAACACAAAC
,TAATTTTAAT
,TACTTTTCAT
,TCCTACCATCCT
,AAATGGACA
,AGTTTGTTTGA
,AGTTTTTGA
,ATTGTGTTA
,CAGGAGGAC
,GTTGTACTT
,GTTTATTAAAC
,TAAATTTAAAT
,TAATTTTAAT
,TACTTTCAT
,TAGTGGTGAT
,TCATGTACT
,TGATAATAGT
,TGGTTTTGGT
,TGTTGTTGT
,TGTTTTAAA
,TTAACAATT
,TTATAATATT
,TTGTTTTTGTT
,TTTAATAAA
,TTTCACTTT
,TTTTAATAA
,TTTTAATTTT
,TTTTGGTGTA
,TTTTGTTACACATTGTTTT
,TTTTTCCTTTTT
,AAATTTTAA
,AAGTAATTA
,AGGTGGTGT
,ATTATGGTA
,ATTCACTTA
,CAAAAACTA
,CAATCTAAC
,CTAATAATC
,CTTTGGTGT
,GGTCATAAT
,GTAATAATAATG
,TCAAAAACT
,TGGTTTGGT
,TGTTTTTGT
,TTGTGTGTT
,TTTAAATTT
,TTTGGGTTT
,TTTTGTTTT
,ACATTGTTACA
,GCGTATGCG
,TACAAACAT
,TTAATAATT
,TTAATATTT
,TTGTTACACATTGTT
,TTGTTACACATTGTT
,CACTTTTCAC
,TAATTTTAAT
,TTTTAATTTT
,AATTTATATG
,ATTATAATAATATTA
,ATTCGTATTG
,GATGTTGTAG
,TAATAATTAT
,TAATTTTAAT
,TTAAATGGTG
,TTGTTACACATTGTT
,TTTTAATTTT
,ATTATAATAATATTA
,GGAATTTAAGG
,GTTACACATTG
,TAATTTTAAT
,TAGTGGTGAT
,TCAAACACAAACT
,TTAACCAATT
,TTATGCGTATT
,TTTGTTGTTT
,AAAATGGTG
,AAAGTTGTTT
,AAATGGTGT
,AATATTAATA
,AATGAGTAA
,AATGGTGTAG
,AATTCTTAA
,AATTTTTAA
,ACAACATTAC
,ACATATTTGT
,ACCAATTTT
,ACCATACCA
,ACTACATCA
,AGTACTTCT
,AGTAGTTTT
,AGTGTTTGT
,ATAAAAATA
,ATAATATTT
,ATATGTATA
,ATCTGTCTA
,ATTCGTATT
,ATTGAGAAC
,ATTGTAATT
,CAGGTATGA
,CATTCTTAC
,CCATGACAGTACC
,CTAAATTTAAATC
,CTATTATTAC
,GACATTACAG
,GATTTTTGT
,GTGTTTGTT
,GTTGTTGTTG
,GTTTTAAAA
,TAACGCAAT
,TAACTCAAT
,TAATTTTAAT
,TATAATAGT
,TATGGATAA
,TATTCATTT
,TATTCGTAT
,TATTTTTAT
,TCACTAACG
,TCATTGTAA
,TCTACATCT
,TGAAAAATC
,TGTAACTTC
,TGTAAGGGT
,TGTTGTTGT
,TTACAGAGA
,TTATAATTT
,TTATTGAAGA
,TTCTCTCTT
,TTGGTCAGT
,TTGTCTGTT
,TTTACATCA
,TTTAGACCA
,TTTATAATTT
,TTTCACTTT
,TTTGTGATA
,TTTGTTACGCATTGTTT
,TTTTCACTT
,TTTTGTACAG
,TTTTGTTTT
,TTTTTAATG
,CAAACACAAAC
,TAATTTTAAT
,TACTTTTCAT
,TCCTACCATCCT
,TGTAACTTTTCTGAA
,TAATTTTAAT
,TTGTTACACATTGTT
,AGTATTATGA
,ATTATAATAATATTA
,CACTGTTTTT
,TAATTTTAAT
,TACTTTTCAT
,TTTTAATTTT
,ACCAGAGACCA
,TAATGAAAGTAAT
,TAATTTTAAT
,TAGTGGTGAT
,AATGTTGGTGG
,TAATGAAAGTAAT
,ATCACACTA
,CAAACACAAAC
,GTGGTGGTG
,TAATTTTAAT
,TACTTTTCAT
,TTTCACTTT
,CAAACACAAAC
,TAATTTTAAT
,TTTTAATTTT
,AAAACTAATAA
,AATTCTCTTAA
,ACTTATATTA
,AGTTTTAGAC
,ATTATAATAATATTA
,CAAACACAAAC
,GTAGAAGATG
,GTAGTTTTAG
,GTATGGATAA
,GTCAATATAAT
,GTTGTTGTTG
,TAATTTTAAT
,TAGGTATGGAT
,TATTCTTCTA
,TCAGCAGTTT
,TCAGTAATTC
,TGTTGGTCAG
,TTATCGTGAGA
,TTATGCGTATT
,TTATTTTATT
,TTTAGACCATC
,TTTGTTACACATTGTTT
,ATCGTTTGGT
,CTTACCATTC
,CTTTACTTTT
,GATGTTGTAG
,TAATTTTAAT
,TACTTTTCAT
,TTTTAATTTT
,CAAACACAAAC
,TAATTTTAAT
,TACTTTTCAT
,TCCTACCATCCT
,AACTGTCAA
,AATCGTTTC
,AATGAGTAA
,ACATATTGT
,ACGTAATGCA
,ACTATATCA
,ACTTATATTA
,AGAACCAAGA
,AGAAGATAT
,AGCAGTTTTA
,AGTAGTTTT
,ATAATATTA
,ATAATATTA
,ATATGTATA
,ATGGTAATT
,ATGGTAATT
,ATGTAACAA
,ATTATAATAATATTA
,ATTATAATATTA
,ATTATAATA
,ATTATTTAG
,ATTTATTATTTA
,CACAATTAT
,CACTGTTTTT
,CAGCAGTTT
,CAGGTGGAC
,CATTACTGC
,CTCTCTTCTCTC
,GAAGTTATT
,GAATTTAAG
,GGTAAATTA
,GGTGGTAAA
,GGTTATAAT
,GTAAATTATA
,GTAATTCTG
,GTAGAAGATG
,GTATGGATAA
,GTCAATGGT
,GTTGTTGTTG
,GTTTTAGAC
,TAACAACTT
,TAACACAACT
,TAATAATTAT
,TAATATTAT
,TAATGGTAAT
,TAATTTTAAT
,TAATTTTAA
,TAATTTTAG
,TACTAATTA
,TATAATAAT
,TATAATATTA
,TATTCTTCTA
,TATTTTTAT
,TCAGTAATTC
,TGATTATAAT
,TGTAACTTT
,TGTTGGTCA
,TGTTGTTGT
,TTAAATGGTG
,TTTACTAATT
,TTTATAATTT
,TTTCTCTTT
,AAAATTAAT
,AACTTTCAA
,AAGGATGTT
,AAGTTTTGAA
,AATATTAGT
,AATGAGTAA
,AATTAAAAAA
,ACATATTGT
,ACTATATCA
,AGAACCAAGA
,AGAAGATAT
,AGCCACCGA
,AGTAGTTTT
,AGTATTATGA
,ATAATATTA
,ATTATAATAATATTA
,ATTATAATT
,ATTCGTATT
,ATTCTGGTA
,CAATATAAC
,CACTGTTTTT
,CAGCAGTTT
,CAGGTGGAC
,CATTACTGC
,CCGCCAGTT
,CCTTATTAC
,CGTTAACTAA
,CTGGTAATA
,GAAGTTATT
,GAATTTAAG
,GACCGCCAA
,GGTGGTAAA
,GTACTTTAGT
,GTAGAAGATG
,GTATGGATAA
,GTGAAAGTG
,GTGCGACAA
,GTGGTGGTG
,GTTGTTGTTG
,GTTTTAGACG
,GTTTTAGAC
,TAACAACTT
,TAATTTTAAT
,TAATTTTAA
,TAATTTTAG
,TAATTTTAG
,TACTTTTCAT
,TATTATTAT
,TATTCGTATT
,TATTCTTCT
,TATTTTTAT
,TATTTTTAT
,TATTTTTAT
,TGATTATAAT
,TGATTATAAT
,TGATTATAA
,TGTTGGTCA
,TGTTGGTGTT
,TGTTGTTGT
,TTAAAAAATT
,TTAAATGGTG
,TTATAATTCA
,TTATACTAGT
,TTATTACGG
,TTTAATTTA
,TTTAATTTA
,TTTACTAAT
,TTTACTAAT
,TTTATAATTT
,TTTCACTTT
,TTTTAATTTT
,TTTTAATTT
,TTTTAGACCA
,TTTTAGACC
,AAATGGACA
,AGTTTTTGA
,ATTCTATTT
,ATTGCGTTA
,CAGGAGGAC
,GTAAATTTA
,GTTGTACTT
,GTTTATTAA
,TAATTTTAAT
,TAGTGGTAA
,TAGTGGTGAT
,TCATGTACT
,TCTATATCT
,TGATAATAGT
,TGGTTTTGGT
,TGTTGTTGT
,TGTTTTAAA
,TTAACAATT
,TTATTAATC
,TTTAATAAA
,TTTCACTTT
,TTTTAATAA
,TTTTAATTTT
,TTTTGGTGTA
,TTTTGTTACACATTGTTTT
,TTTTTCCTTTTT
,ACATTGTTACA
,GTTACACATTG
,TAATTTTAAT
,TACTTTTCAT
,TCCTACCATCCT
,AAGGTGTTTA
,ACGTTTACCA
,AGAATGGTGT
,ATTATAATAATATTA
,GTATGGATAA
,GTTGTTGTTG
,TAATTTTAAT
,TAGTGGTGAT
,TATTCTTCTA
,TATTTTTAT
,TATTTTTAT
,TATTTTTAT
,TCAGTAATTC
,TTAACCAATT
,TTATAATTTT
,TTTGTTGTTT
,CAAACACAAAC
,TAATTTTAAT
,TACTTTTCAT
,TCCTACCATCCT
,TTGTTACACATTGTT
,GTTACCCATTG
,CAAACACAAAC
,TAATTTTAAT
,TACTTTTCAT
,TCCTACCATCCT
,AAGGTGTTTA
,ACGTTTACCA
,AGAATGGTGT
,ATTATAATAATATTA
,GTATGGATAA
,GTTGTTGTTG
,TAATTTTAAT
,TAGTGGTGAT
,TATTCTTCTA
,TATTTTTAT
,TATTTTTAT
,TATTTTTAT
,TCAGTAATTC
,TTAACCAATT
,TTATAATTTT
,TTTGTTGTTT
,TTGTTACACATTGTT
,TTGTTACACATTGTT
,TTTGTTACACATTGTTT
,ATTATAATAATATTA
,TGTAACTTTTCTGAA
,TAATTTTAAT
,TTACTAATCATT
,CAAACACAAAC
,TAATTTTAAT
,TTTTAATTTT
,CAAACACAAAC
,TAATTTTAAT
,TACTTTTCAT
,TCCTACCATCCT
,ATTATAATAATATTA
,CACTGTTTTT
,TAATTTTAAT
,TACTTTTCAT
,TGTAACTTTTCTGAA
,TTATACTAGT
,ATTATAATAATATTA
,TGTAACTTTTCTGAA
,CAAACACAAAC
,TAATTTTAAT
,TACTTTTCAT
,CATACTATTC
,GTAATTTTA
,GTAATTTTA
,GTGGACCCAT
,TAATTTTAAT
,TATTCGTATT
,TTTGTTACACATTGTTT
,TTTGTTGTTT
,AGTATTATGA
,ATTATAATAATATTA
,CACTGTTTTT
,TAATTTTAAT
,TACTTTTCAT
,TAATGAAAGTAAT
,TAATTTTAAT
,TCATTTTTACT
,ATTATAATAATATTA
,TGTAACTTTTCTGAA
,TTGTTACACATTGTT
,AGTATTATGA
,ATTATAATAATATTA
,CACTGTTTTT
,TAATTTTAAT
,TACTTTTCAT
,CAAACACAAAC
,TAATTTTAAT
,TACTTTTCAT
,CAAACACAAAC
,TAATTTTAAT
,TACTTTTCAT
,ATTATAATAATATTA
,TTGTTACACATTGTT
,TAATTTTAAT
,AATATTAATA
,ATAAAAATA
,ATCTGTCTA
,CACCCAAATT
,CATTCTTAC
,CCATGACAGTACC
,CTAAATTTAAATC
,GATTTTTGT
,TAACGCAAT
,TAACTCAAT
,TAATTTTAAT
,TATTCGTAT
,TCTACATCT
,TGTAACTTC
,TTTCACTTT
,TTTGTTACGCATTGTTT
,TTTTCACTT
,TTTTGTTTT
,TTTTTAATGG
,TGTTACGCATTGT
,ATTATAATAATATTA
,TTGTTACACATTGTT
,ATCACACTA
,CAAACACAAAC
,GTGGTGGTG
,TAATTTTAAT
,TACTTTTCAT
,TTTCACTTT
,TTGTTACACATTGTT
,TTGTTACACATTGTT
,AATTTTACT
,AATTTTACT
,TTGTTACACATTGTT
,AGTGGTAAAT
,ATAATAATA
,ATAATAATA
,ATTATAATAATATTA
,GGAATTTAAGG
,GTTACACATTG
,TAATTTTAAT
,TAGTGGTGAT
,TCAAACACAAACT
,TTAACCAATT
,TTATGCGTATT
,TTTGTTGTTT
,AGTATTATGA
,ATTATAATAATATTA
,CACTGTTTTT
,TAATTTTAAT
,TACTTTTCAT
,ATTATAATAATATTA
,TTGTTACACATTGTT
,TAATTTTAAT
,ACGTAATGCA
,ATTATAATAATATTA
,TAATTTTAAT
,TACTTTTCAT
,TTAAATGGTG
,ACGTAATGCA
,ATAATATTA
,ATAATATTA
,ATTATAATAATATTA
,ATTATAATATTA
,ATTATAATA
,CACTGTTTTT
,TAACACAACT
,TAATAATTAT
,TAATGGTAAT
,TAATTTTAAT
,TATAATATTA
,TTAAATGGTG
,CAAACACAAAC
,TACTTTTCAT
,AATGGTGTAG
,ACTTTGTTAA
,AGTAGTTTTA
,ATTATAAATT
,ATTTAATTTT
,CATTGTAATT
,GTAGTTTTAG
,GTTGTTGTTG
,TTCAGGTATG
,TTGTCTGTT
,TTGTCTGTT
,TTGTCTGTT
,TTTATAATTT
,TAATTTTAAT
,CAAACACAAAC
,TAATTTTAAT
,TACTTTTCAT
,TTTTAATTTT
,CAAACACAAAC
,TAATTTTAAT
,TACTTTTCAT
,TCCTACCATCCT
,ATAAAAATA
,ATCTGTCTA
,CATTCTTAC
,CCATGACAGTACC
,CTAAATTTAAATC
,GATTTTTGT
,TAACGCAAT
,TAACTCAAT
,TATTCGTAT
,TGTAACTTC
,TTTCACTTT
,TTTGTTACGCATTGTTT
,TTTTCACTT
,TTTTGTTTT
,TTTTTAATG
,ATCACACTA
,CAAACACAAAC
,GTGGTGGTG
,TAATTTTAAT
,TACTTTTCAT
,TTTCACTTT
,ATAAAAATA
,ATCTGTCTA
,CATTCTTAC
,CCATGACAGTACC
,CTAAATTTAAATC
,GATTTTTGT
,TAACGCAAT
,TAACTCAAT
,TATTCGTAT
,TCTACATCT
,TGTAACTTC
,TTTCACTTT
,TTTGTTACGCATTGTTT
,TTTTCACTT
,TTTTGTTTT
,TAATTTTAAT
,TTTTAATTTT
,CCATGACAGTACC
,TAATTTTAAT
,AACATATTG
,AATGAGTAA
,ACCATACCA
,ACTTTCAGA
,AGTACTTCT
,AGTGGTTTT
,ATAATTATA
,ATATGTATA
,ATTATATTA
,ATTGAGTGC
,ATTGTGTGA
,CTGTATCAA
,CTTATTCGT
,GACTTTCAG
,GATTGTTAG
,GGTGTGTAT
,GTCAATGGT
,GTGGTGGTG
,TAAGTTATG
,TAATTTTAG
,TAGGTATGT
,TAGTAATAG
,TATAACAAC
,TATAACTTA
,TCATTTCAA
,TGAAAAATC
,TGATTATAA
,TGGTGTTGT
,TGTGGTAAT
,TGTTCATTT
,TGTTGTTGT
,TTACAGAGA
,TTCTATTGA
,TTTAATTTT
,TTTATAATT
,TTTTGTTTG
,TTGTTACACATTGTT
,ATTATAATAATATTA
,CCACCGAGCCACC
,CTAAATTTAAATC
,TTTGTTACACATTGTTT
,TAATTTTAAT
,AAAGTTGTTT
,ACGGTGTTTG
,ACGGTTGGCA
,ATTATAATAATATTA
,CACTGTAATT
,CTTTTTGTGG
,GTGCTATTT
,GTTGTTGTTG
,GTTTTATTCG
,TAAAAAAGAA
,TAATTTTAAT
,TATTTTTAT
,TATTTTTAT
,TGAATATAAT
,TGTACCAAAC
,TTAAATGGTG
,TTTATCGTG
,AACTTATAA
,AACTTTCAA
,AAGGTTAAC
,AATCACTAA
,AATGAGTAA
,ACGCCATAC
,ACTACATCA
,ACTTCTTTTG
,ATAATATTA
,ATATGTATA
,ATATTCAAA
,ATATTTGTG
,ATGACAGTA
,ATGGTGGTC
,ATTATAATAATATTA
,ATTATAATT
,CATAATTTTG
,CGACTCAGC
,CTATTAATA
,CTGCACAAG
,CTTGGTCTA
,GATTATAAT
,GCGTATGCG
,GGTGGTAAA
,GGTGTTGTGG
,GGTGTTTAT
,GGTGTTTAT
,GTAATTTTAG
,GTGCTCGTG
,GTTAAGCAG
,GTTGTTGTTG
,TAATTCACT
,TAATTTTAAT
,TAATTTTGA
,TATTCTTCTA
,TATTTTTAT
,TGCGACAACA
,TGGATTACC
,TGGTTTTAA
,TGTTGTTGT
,TTAAATGGTG
,TTAATAATT
,TTAATACTA
,TTAATATTT
,TTATAATTT
,TTCAGACCA
,TTGTTACACATTGTT
,TTTAATTTT
,TTTATAATTT
,TTTCACTTT
,TTTCTCTTT
,TTTTAATTTT
,TTTTGAATG
,ATTATAATAATATTA
,TGTAACTTTTCTGAA
,CAAACACAAAC
,TAATTTTAAT
,AAGTAATGC
,AATGGTGAT
,AGTATTATGA
,ATTATAATAATATTA
,CACTGTTTTT
,CAGGTGGAC
,GAATTTAAG
,GTGACAATT
,GTGGTGGTG
,TAATTTTAAT
,TAATTTTAA
,TACTTTTCAT
,TGTAACTTTTCTGAA
,TGTATTTTAA
,TGTATTTTA
,TGTTTTTGT
,TTCATACTT
,TTTACTTTT
,TTTTAGTGA
,TTGTTACTCATTGTT
,CAAACACAAAC
,TAATTTTAAT
,TACTTTTCAT
,AACCAATTGTA
,ACTATAATAATATCA
,CAAACCCAAAC
,TAATGAAAGTAAT
,TGTTATATTGT
,TTGTTACACATTGTT
,ACAAAAACA
,GTGGTGGTG
,TAATTTTAAT
,TACTTTTCAT
,TCCTACCATCCT
,TTTAATTTG
,TTTCACTTT
,CAAACACAAAC
,TAATTTTAAT
,TACTTTTCAT
,TCCTACCATCCT
,TTGTTACACATTGTT
,CAAACACAAAC
,TAATTTTAAT
,TACTTTTCAT
,TCCTACCATCCT
,CAAACACAAAC
,TAATTTTAAT
,TACTTTTCAT
,TCCTACCATCCT
,CCATGACAGTACC
,CTAAATTTAAATC
,TTTGTTACGCATTGTTT
,AAGTTTTGAA
,CATCACAATT
,TAATTTTAAT
,TCGCGGGGCGCT
,TTAACCAATT
,TTCACTGTCACTT
,TTGTTACACATTGTT
,AACTTTCAA
,AAGGTGTTTA
,ACATATTGT
,ACTATATCA
,ACTTTGTTAA
,AGAAGATAT
,AGTACTTTT
,ATGTAACAA
,ATTATAATAATATTA
,ATTATAATT
,ATTATAATT
,ATTCTGCCA
,CAAGTCAGTG
,CAATATAAC
,CACAATTAT
,CACTGTTTTT
,CAGGTGGAC
,CATTACTGC
,CGTTAACTAA
,GAATTTAAG
,GGTGAATTA
,GGTGTAAGT
,GGTGTGTAT
,GTATGGATAA
,GTGGTGGTG
,GTTGTTGTTG
,TAACAACTT
,TAATTTTAAT
,TAATTTTAGT
,TACTAATTA
,TACTTTTCAT
,TATCAAAGT
,TATTATTAT
,TATTTTGAC
,TATTTTTAT
,TATTTTTAT
,TATTTTTAT
,TCAGTAATTC
,TGAAAAATC
,TGTAACTTTTCTGAA
,TGTAGTGCAC
,TGTAGTGCA
,TGTATTTTA
,TGTTGGTGTT
,TGTTGTTGT
,TGTTTTTGT
,TTGTCAGTTT
,TTGTCTGTT
,TTGTGATAA
,TTTACTAAT
,TTTACTAAT
,TTTATAATTT
,TTTCACTTT
,TTTGTGATA
,TTTTAGTGA
,TTTTTGTGG
,AACTTATAA
,AATCACTAA
,ATAATATTA
,ATGACAGTA
,ATGGTGGTC
,ATTATAATAATATTA
,CGACTCAGC
,CTATTAATA
,CTGCACAAG
,CTTGGTCTA
,GCGTATGCG
,TACAAACAT
,TTAATAATT
,TTAATACTA
,TTAATATTT
,TTGTTACACATTGTT
,TTTCACTTT
,TTTTGAATG
,CCATGACAGTACC
,ATTATAATAATATTA
,TGTAACTTTTCTGAA
,CAAACACAAAC
,TAATTTTAAT
,TACTTTTCAT
,TCCTACCATCCT
,AAACGCAAA
,AAAGATGTT
,AAATTATGA
,AAATTATTT
,AAGACCAGAA
,AAGGTGGAA
,AATTGTTGT
,AATTTAAAT
,ACATTATTTT
,ACATTCGTAT
,ACCATACCA
,ACCCATTAT
,ACTTATTTA
,AGGTATGGA
,AGTGGTGAT
,AGTTTTTGA
,ATTGCGTTA
,CAGGAGGAC
,CATTATTAC
,CCAGTTAGT
,CGACATTATT
,CTATTTTTA
,GAAGTTAAT
,GATGGTGATT
,GGTGTGTAT
,GTAAATTTA
,GTGATCATT
,GTGGTTTTA
,GTGTAGTAA
,GTTATAGTA
,GTTATAGTA
,GTTGTACTT
,GTTGTTGTTG
,GTTTATTAA
,TAAATGTTA
,TAAATGTTA
,TAAGAATTTT
,TAATTTTAAT
,TACATTAAGG
,TAGTGGTAA
,TAGTGGTGAT
,TATCCTTAT
,TATTCCTATT
,TATTTTTAT
,TATTTTTAT
,TATTTTTAT
,TCATGTACT
,TGATAATAGT
,TGCAGTGGT
,TGGTTTTGGT
,TGTTGTTGTT
,TGTTGTTGT
,TGTTGTTGT
,TGTTTTAAA
,TGTTTTAAA
,TTAACAATT
,TTAAGTAGT
,TTATTAATC
,TTATTTATT
,TTGTAAAGGT
,TTTAAATGGT
,TTTAATAAA
,TTTAATTTT
,TTTAGACCG
,TTTATTAAA
,TTTCACTTT
,TTTGATTCA
,TTTTAATAA
,TTTTAATTTT
,TTTTGGTGTA
,TTTTGTTACACATTGTTTT
,AATGGTGAT
,AGTATTATGA
,ATTATAATAATATTA
,CAATATAAC
,CACTGTTTTT
,CAGGTGGAC
,CATTCTTAC
,GAATTTAAG
,GTGGTGGTG
,TAACGCAAT
,TAATTTTAAT
,TAATTTTAA
,TACTTTTCAT
,TATTAATTAT
,TGTAACTTTTCT
,TGTATTTTA
,TGTTTTTGT
,TTAACAACT
,TTAAGCACGAATT
,TTGTGCAAC
,TTTCACTTT
,TTTTAGTGA
,CAAACACAAAC
,GTAATGAAAGTAATG
,TAATTTTAAT
,TACTTTTCAT
,TCCTACCATCCT
,TGGTCCTGGT
,TTGTTACACATTGTT
,TTTGTTTGAC
,AGTGGTTAT
,ATAATATGAC
,ATAATATGA
,ATGTTGGTG
,ATTAGATTA
,ATTATAATAATATTA
,ATTTTAGTG
,CAGATTTTA
,GTGGTGGAC
,GTTTTATAAC
,GTTTTATTA
,TAATAATAT
,TAATTTTAAT
,TATTAACAT
,TATTATTAAT
,TATTCGTATT
,TCTTGGTCA
,TGGATAGGT
,TTCACCAAG
,TTGTTACACATTGTT
,TTGTTTTAT
,TTTAATTTT
,TTTGATAAT
,TTTGTTTGA
,TTTTAATTTT
,TTTTCTTTT
,TTTTGTTTG
,AAATTTCAT
,AACTATCAA
,AAGGGTTTG
,AAGGTGGAA
,AATATTTAT
,ACATGTACA
,ACATTTACA
,ACGTCTAAC
,ATAATAATA
,ATATTTATA
,ATATTTATA
,ATCATACTA
,ATGCCCCGTA
,ATTATATTA
,ATTTACTAA
,ATTTGGTTTA
,CACATACAC
,CATTGATGTG
,CATTTTAATT
,CATTTTAAT
,CTTTTTGTGG
,GAGACAGAG
,GGTAATATTA
,GGTCAGTAC
,GGTTATTAT
,GTACTTCAGT
,GTAGTCTCT
,GTGAAATATA
,GTGTTTGTG
,GTTCTCGTA
,GTTGTTGTTG
,GTTTATAAGG
,GTTTATTTG
,TAATAAAAG
,TAATAATAAT
,TAATATTAG
,TAGTTTTAG
,TGAATAAGT
,TGACATGGT
,TGATGTAGT
,TGGACTTTG
,TGGTGTAGT
,TGTTGTTGT
,TTATAAGGT
,TTATAATATT
,TTATATTAT
,TTATTCCTAT
,TTGATGTGG
,TTTAGACCT
,TTTCAACTTT
,TTTTGTGTA
,ATTGTTTGTTA
,GTTACCCATTG
,ATTATAATAATATTA
,TGTAACTTTTCTGAA
,ATTATAATAATATTA
,TGTAACTTTTCTGAA
,AACTTTCAA
,AAGGTGTTTA
,AATGAGTAA
,ACATATTGT
,ACTATATCA
,ACTTTGTTAA
,AGAAGATAT
,AGTACTTTT
,ATATGTATA
,ATGGTAAGG
,ATGTAACAA
,ATTATAATAATATTA
,ATTATAATT
,ATTATAATT
,ATTCTGCCA
,CACAATTAT
,CACTGTTTTT
,CAGGTGGAC
,CATTACTGC
,CATTCTTAC
,CGTTAACTAA
,GAATTTAAG
,GGTGAATTA
,GTATGGATAA
,GTGATTATA
,GTGGTGGTG
,GTTGTTGTTG
,TAACAACTT
,TAATTTTAAT
,TAATTTTAGT
,TACTAATTA
,TACTTTTCAT
,TATATGTAT
,TATTATTAT
,TATTTTTAT
,TATTTTTAT
,TATTTTTAT
,TCAGTAATTC
,TGAAAAATC
,TGTAACTTTTCTGAA
,TGTTGGTGTT
,TGTTGTTGT
,TGTTTTTGT
,TTGTCTGTT
,TTGTGATAA
,TTTACTAAT
,TTTACTAAT
,TTTATAATTT
,TTTCACTTT
,TTTCTCTTT
,TTTGTGATA
,TTTTTGTGG
,ATCACACTA
,CAAACACAAAC
,GTGGTGGTG
,TAATTTTAAT
,TACTTTTCAT
,TTTCACTTT
,AAATTTTAA
,AAGTAATTA
,ACTGAGTCA
,AGGTGGTGT
,ATAGTGATA
,ATAGTTTTA
,ATTATGGTA
,ATTCACTTA
,TAGTTTTAA
,TATACTGTA
,TCAAAAACT
,TGGTTTGGT
,TGTTTTTGT
,TTGTGTGTT
,TTTAAATTT
,TTTAACATT
,TTTGGGTTT
,TTTTGTTTT
,TTTTTGTGA
,CAAACACAAAC
,TAATTTTAAT
,TACTTTTCAT
,TCCTACCATCCT
,TTGTTACACATTGTT
,CAAACACAAAC
,TAATTTTAAT
,TACTTTTCAT
,TAATTTTAAT
,AACTTATAA
,AACTTTCAA
,AAGGTTAAC
,AATCACTAA
,AATGAGTAA
,ACGCCATAC
,ACTACATCA
,ACTTCTTTTG
,ATAATATTA
,ATATGTATA
,ATATTCAAA
,ATATTTGTG
,ATGACAGTA
,ATGGTGGTC
,ATTATAATAATATTA
,ATTATAATT
,CATAATTTTG
,CGACTCAGC
,CTATTAATA
,CTGCACAAG
,CTTGGTCTA
,GATTATAAT
,GCGTATGCG
,GGTGGTAAA
,GGTGTTGTGG
,GGTGTTTAT
,GGTGTTTAT
,GTAATTTTAG
,GTGCTCGTG
,GTTAAGCAG
,GTTGTTGTTG
,TAATTCACT
,TAATTTTAAT
,TAATTTTGA
,TATTCTTCTA
,TATTTTTAT
,TGCGACAACA
,TGGATTACC
,TGGTTTTAA
,TGTTGTTGT
,TTAAATGGTG
,TTAATAATT
,TTAATACTA
,TTAATATTT
,TTATAATTT
,TTCAGACCA
,TTGTTACACATTGTT
,TTTAATTTT
,TTTATAATTT
,TTTCACTTT
,TTTCTCTTT
,TTTTAATTTT
,TTTTGAATG
,CAAACGCAAAC
,TATAATAATAT
,TCAACACAACT
,TTGTTACACATTGTT
,ATAAAAATA
,ATCTGTCTA
,CATTCTTAC
,CCATGACAGTACC
,CTAAATTTAAATC
,GATTTTTGT
,TAACGCAAT
,TAACTCAAT
,TATTCGTAT
,TCTACATCT
,TGTAACTTC
,TTTCACTTT
,TTTGTTACGCATTGTTT
,TTTTCACTT
,TTTTGTTTT
,AAAATTAAT
,AACCCCCAA
,AACTTTCAA
,AATGAGTAA
,AATGGTGAT
,AATTGTTTC
,ACCTCTCCA
,ACTATATCA
,AGTATTATGA
,ATATGTATA
,ATTATAATAATATTA
,ATTATAATT
,CAATATAAC
,CACTGTTTTT
,CAGGTGGAC
,CATTACTGC
,CATTCTTAC
,CGTTAACTAA
,GAAGATGTT
,GAATTTAAG
,GTAGAAGATG
,GTGATTTTA
,GTGGTGGTG
,GTGTATTTT
,GTTGTTGTTG
,TAACAACTT
,TAACGCAAT
,TAATTTTAAT
,TAATTTTAA
,TACTTTTCAT
,TATTTTTAT
,TGAAAAATC
,TGATTTTAGT
,TGTATTTTA
,TGTTGGTGTT
,TGTTGTTGT
,TGTTTTTGT
,TTAACAACT
,TTATAATTT
,TTCTACTAATTA
,TTCTACTAA
,TTCTAGAAAT
,TTCTCTTCTCTT
,TTGTCTGTT
,TTGTGATAA
,TTTATAATTTAA
,TTTCACTTT
,TTTCAGATGG
,TTTGTGATA
,TTTTAGTGA
,AGTGGTTAT
,ATAATATGAC
,ATAATATGA
,ATGTTGGTG
,ATTATAATAATATTA
,ATTTTAGTG
,CAACCCTTG
,CAGATTTTA
,GTGGTGGAC
,GTTTTATAAC
,TAATAATAT
,TAATTTTAAT
,TATTAACAT
,TATTATTAAT
,TATTCGTATT
,TGGATAGGT
,TTCACCAAG
,TTGTTACACATTGTT
,TTGTTTTAT
,TTTGTTTGAC
,TTTTAATTTT
,TTTTCTTTT
,TTTTGTTTG
,ATTATAATAATATTA
,CACTGTTTTT
,GTATTTTAGT
,TAATTTTAAT
,TACTTTTCAT
,TGTAACTTTTCT
,TCTTGTTTGTTCT
,TTTGTTACACATTGTTT
,CAAACACAAAC
,TAATTTTAAT
,TACTTTTCAT
,TCCTACCATCCT
,ATTATAATAATATTA
,TTGTTACACATTGTT
,AGGTGGTGT
,ATATTAATC
,TCAAGAACT
,TGTTTTTGT
,CAAACACAAAC
,TAATTTTAAT
,TACTTTTCAT
,TCCTACCATCCT
,CAAACACAAAC
,TAATTTTAAT
,TACTTTTCAT
,TCCTACCATCCT
,TAATTTTAAT
,CAAACACAAAC
,TAATTTTAAT
,TACTTTTCAT
,TCCTACCATCCT
,ACATTGTTACA
,CCATGTACC
,GCGTATGCG
,TACAAACAT
,TTAATAATT
,TTGTTACACATTGTT
,AAACTGTTA
,AAGTTAAAG
,AATAGTTTT
,AATGAGTAA
,AATTCTCTTAA
,AATTGAACAT
,ACAGGTGGT
,ACTACATCA
,AGTTACATTGA
,AGTTTCAGA
,ATAATATTA
,ATATGTATA
,ATCAGATTT
,ATTACTAAC
,ATTCTTCTA
,CAAACACAAAC
,CACAAACAC
,CATTCCTTAC
,CCACCCAAA
,CTTGTGTTC
,GAAACTGGTT
,GAAGGGAAG
,GACAGTTAG
,GACATAACA
,GGGACATAA
,GGTCAACTGG
,GTATGGATAA
,GTTACGCATTG
,GTTCTACTA
,GTTGTTGTTG
,TAATAATTAT
,TAATTTTAAT
,TAGGTATGGAT
,TAGTAGTTT
,TATAATTTTA
,TCAGATGGT
,TCTCTCAGT
,TGAGTAGTTTC
,TGTAACTTC
,TGTTGTTGT
,TTAATAATT
,TTAATTTGA
,TTACAGAAC
,TTCTACTAA
,TTGGCCAAG
,TTGTGTTCAC
,TTTGATAAT
,TTTTGAGTTTT
,CAAACACAAAC
,TTGTTACACATTGTT
,AAAAGAACT
,AACAGTTTC
,AAGTGCTAT
,AATCACTAA
,AATGAGTAA
,ACATTAACT
,ACCATACCA
,ACTACATCA
,AGTGTTTGT
,ATATGTATA
,ATGTTGGTG
,ATGTTGGTG
,ATTTATATG
,CAACACAAC
,CTCATAACT
,GGTGGTAAA
,GTCAATACT
,GTCAATGGT
,GTGAAAGTA
,GTGCTCGTG
,GTGGTGGAC
,TAATTATTT
,TAGTTTTAG
,TATATGTAT
,TATTTTTAT
,TGTTGGTCA
,TGTTGTTGT
,TTAATAATT
,TTATAATTT
,TTATCGTGA
,TTCTGTCTT
,TTGACAGTT
,TTGTTACACATTGTT
,TTTAAATTT
,TTTATCGTG
,TTTCTCTTT
,TTTTATTTT
,TAATTTTAAT
,TTTTAATTTT
,TTGTTACACATTGTT
,AACTTATAA
,AACTTTCAA
,AAGGTTAAC
,AATCACTAA
,AATGAGTAA
,ACGCCATAC
,ACTACATCA
,ACTTCTTTTG
,ATAATATTA
,ATATGTATA
,ATATTCAAA
,ATATTTGTG
,ATGACAGTA
,ATGGTGGTC
,ATTATAATAATATTA
,ATTATAATT
,CATAATTTTG
,CGACTCAGC
,CTATTAATA
,CTGCACAAG
,CTTGGTCTA
,GATTATAAT
,GCGTATGCG
,GGTGGTAAA
,GGTGTTGTGG
,GGTGTTTAT
,GGTGTTTAT
,GTAATTTTAG
,GTGCTCGTG
,GTTAAGCAG
,GTTGTTGTTG
,TAATTCACT
,TAATTTTAAT
,TAATTTTGA
,TATTCTTCTA
,TATTTTTAT
,TGCGACAACA
,TGGATTACC
,TGGTTTTAA
,TGTTGTTGT
,TTAAATGGTG
,TTAATAATT
,TTAATACTA
,TTAATATTT
,TTATAATTT
,TTCAGACCA
,TTGTTACACATTGTT
,TTTAATTTT
,TTTATAATTT
,TTTCACTTT
,TTTCTCTTT
,TTTTAATTTT
,TTTTGAATG
,TTGTTACACATTGTT
,TAATTTTAAT
,AAAGTAATG
,AAATTGTTT
,AACTGGTTTA
,AACTTGTTGTT
,AAGGTGTTT
,AATGAGTAA
,AATGGTGTAG
,ACAACATTAC
,ACACACACA
,ACAGCGACA
,ACATTTACA
,ACCACCACCA
,ACCATACCA
,ACGACTAAA
,ACGTTTTGCA
,ACTATATCA
,ACTGTGTCA
,AGGTGTTTT
,AGTACTTCT
,AGTGCTATTT
,ATAATTATAA
,ATATGTATA
,ATTCATTTT
,ATTGTTTTA
,CACCACCAC
,CATTTACATG
,CATTTTTAC
,CCTATTTTA
,CTGCACATGAT
,CTTTTCTTTTC
,GATTTTATC
,GGTGAATTA
,GGTGTTGTGG
,GTGGTGGTG
,GTGTTCGTT
,GTTACACATTG
,GTTGTTGTTG
,GTTTTAAAA
,TAATTTTAAT
,TAATTTTAA
,TACTTTTTCAT
,TAGTAATAG
,TATGAGAGA
,TATGGATAA
,TATTCTTAT
,TATTCTTCTA
,TCAAAGTAAT
,TCAATTTAACT
,TCCGATTTT
,TCTTCAAGGT
,TCTTCTTTA
,TGAAAAATC
,TGGGTTTAC
,TGGTAATAT
,TGGTAATGGT
,TGTTGTTGT
,TTAATCATT
,TTACTTATGGA
,TTATTTATT
,TTGTCTGTT
,TTTAACTTT
,TTTACTAATT
,TTTCAGATGGA
,TTTTAGACCA
,AACTTATAA
,AACTTTCAA
,AATCACTAA
,AATGAGTAA
,ACAGATGTT
,ACGCCATAC
,ACTACATCA
,AGTAGTTTT
,ATAATATTA
,ATATGTATA
,ATATTCAAA
,ATGACAGTA
,ATTATAATAATATTA
,CGACTCAGC
,CTATTAATA
,CTGCACAAG
,CTTGGTCTA
,GGCTTATTT
,GGTGGTAAA
,GTATTGTTG
,GTGCTCGTG
,GTTAAGCAG
,TAAATGGTG
,TAATTCACT
,TAATTTTAG
,TAATTTTGA
,TATTTTTAT
,TGTTGTTGT
,TTAATAATT
,TTCAGACCA
,TTGTTACACATTGTT
,TTTAAATTT
,TTTAATTTT
,TTTACATCA
,TTTCTCTTT
,TTTTGAATG
,TTGTTACACATTGTT
,CAAACACAAAC
,TAATTTTAAT
,TACTTTTCAT
,AACTTATAA
,AACTTTCAA
,AAGGTTAAC
,AATCACTAA
,AATGAGTAA
,ACGCCATAC
,ACTACATCA
,ACTTCTTTTG
,ATAATATTA
,ATATGTATA
,ATATTCAAA
,ATATTTGTG
,ATGACAGTA
,ATGGTGGTC
,ATTATAATAATATTA
,ATTATAATT
,CATAATTTTG
,CGACTCAGC
,CTATTAATA
,CTGCACAAG
,CTTGGTCTA
,GATTATAAT
,GCGTATGCG
,GGTGGTAAA
,GGTGTTGTGG
,GGTGTTTAT
,GGTGTTTAT
,GTAATTTTAG
,GTGCTCGTG
,GTTAAGCAG
,GTTGTTGTTG
,TAATTCACT
,TAATTTTAAT
,TAATTTTGA
,TATTCTTCTA
,TATTTTTAT
,TGCGACAACA
,TGGATTACC
,TGGTTTTAA
,TGTTGTTGT
,TTAAATGGTG
,TTAATAATT
,TTAATACTA
,TTAATATTT
,TTATAATTT
,TTCAGACCA
,TTGTTACACATTGTT
,TTTAATTTT
,TTTATAATTT
,TTTCACTTT
,TTTCTCTTT
,TTTTAATTTT
,TTTTGAATG
,TAATTTTAAT
,TCAAACACAAACT
,TTGTTACACATTGTT
,AAGTTTTGAA
,AATATTAATA
,CTTATCTGTG
,TAGTGGTGAT
,TATTCGTATT
,TTTGGTATGC
,CAAACACAAAC
,TAATTTTAAT
,TACTTTTCAT
,TCCTACCATCCT
,AAATAGTAC
,AAATGGACA
,AGTGGTGAT
,AGTTTTTGA
,ATTGCGTTA
,CAGGAGGAC
,GGATTTAGG
,GGTGATTGT
,GTAAATTTA
,GTTTATTAAAC
,TAAATTTAAAT
,TACTTTCAT
,TAGTGGTAA
,TATCCCTAT
,TCATGTACT
,TGTTGTTGT
,TGTTTCAAACTTTGT
,TTAACAATT
,TTGTTTTTGTT
,TTTAATAAA
,TTTCACTTT
,TTTTGTTACACATTGTTTT
,TTTTTAACG
,TTTTTCTTTTT
,CAAACACAAAC
,TACTTTTCAT
,AAAGTATCAT
,AAAGTTAAA
,AACGTGCAA
,AATGGTGTT
,AATTTTATA
,ACCATACCA
,ACTCAAATA
,AGGCGTTTG
,AGGTTGTTT
,AGTGAGAGTGA
,ATAGTTTTG
,ATGGTAATGGTA
,ATGGTAATGGT
,ATGGTGATG
,ATGTCACTGTA
,ATGTTTATA
,ATTATTAAT
,ATTGCCAAAA
,ATTTATTTA
,ATTTTTTGT
,CAACTCAAC
,CACGTGTGCAC
,CATAATTAT
,CCTACTTTTA
,CGGTATGGC
,CGTGTGCACT
,CTAACTCAATC
,CTCTTCTAC
,CTGACCAGTC
,GAGTTTGAG
,GATTCTCTTAG
,GGCGTTTGG
,GGCTTTAAT
,GGTGTTGTTG
,GGTTTTGAT
,GTACTTTTTG
,GTATTGACATT
,GTATTTATG
,GTCAATGGT
,GTTATATTG
,GTTGTTGTTG
,GTTTTAATC
,TAAATTTTA
,TAATAATGT
,TAATGGTGTT
,TAATTCAAAA
,TACAATAACAT
,TAGGTGTTGTTG
,TAGTTTTGG
,TATAACTACA
,TATGGTAAT
,TGAACCCAAGT
,TGAATAAGT
,TGATAGTTTTG
,TGCAGACGT
,TGGTAATGGT
,TGGTGTTGT
,TGTAATAATGT
,TGTCCCTGT
,TGTTCTTCA
,TGTTGTTGT
,TGTTTCAAC
,TTAAATTTT
,TTAATTCAA
,TTATGTATT
,TTGATTTTAGTT
,TTGTATGTT
,TTTAAATTTTA
,TTTAAATTT
,TTTAAATTT
,TTTTAACAC
,TTTTAATTT
,TTTTGGTGG
,AACTTATAA
,AATCACTAA
,ATAATATTA
,ATGACAGTA
,ATGGTGGTC
,ATTATAATAATATTA
,CGACTCAGC
,CTATTAATA
,CTGCACAAG
,GTATTGTTG
,TATAAATAT
,TTAATAATT
,TTGTTACACATTGTT
,TTTCACTTT
,TAATTTTAAT
,AGTATTATGA
,ATTATAATAATATTA
,CACTGTTTTT
,TAATTTTAAT
,TACTTTTCAT
,CAAACACAAAC
,GTAATGAAAGTAATG
,TAATTTTAAT
,TACTTTTCAT
,TCCTACCATCCT
,AATGGTGAT
,AGTATTATGA
,ATTATAATAATATTA
,CAATATAAC
,CACTGTTTTT
,CAGGTGGAC
,CATTCTTAC
,GAATTTAAG
,GTGGTGGTG
,TAACGCAAT
,TAATTTTAAT
,TAATTTTAA
,TACTTTTCAT
,TGTATTTTA
,TGTTTTTGT
,TTAACAACT
,TTAAGCACGAATT
,TTTCACTTT
,TTTTAGTGA
,AACGGCGAT
,AGCGAGCGA
,AGCGGCGAT
,AGTGCGTGA
,CAACCATACCAAC
,CGCCGCCGC
,CGTGCGTGC
,GCGAGCGAA
,GCGCGGCGA
,GCGCGGCGA
,GCGTATGCG
,GTGTATGTG
,GTGTATTTT
,GTGTTTGTG
,GTGTTTGTG
,GTGTTTGTG
,GTTTGTGTA
,TAGCGCGAT
,TATGCGTAT
,TATGTGTAT
,TATTATTAT
,TGTATTTTA
,AGTATTATGA
,ATTATAATAATATTA
,CACTGTTTTT
,TAATTTTAAT
,TACTTTTCAT
,TGGTGGTGGT
,TGTAACTTTTCTGAA
,AGTATTATGA
,ATTATAATAATATTA
,CACTGTTTTT
,TAATTTTAAT
,TACTTTTCAT
,ATTATAATAATATTA
,GGAATTTAAGG
,GTTACACATTG
,TAATTTTAAT
,TAGTGGTGAT
,TCAAACACAAACT
,TCTTCACTTCT
,TTAACCAATT
,TTATGCGTATT
,TTTGTTGTTT
,TTGTTACACATTGTT
,TTGTTACACATTGTT
,CAAACACAAAC
,CCGATAGCC
,GTGGTGGTG
,TAATTTTAAT
,TACTTTTCAT
,TTTCACTTT
,TTGTTACACATTGTT
,ATTCAAACTTA
,CAAACACAAAC
,TAATTTTAAT
,TTTTAATTTT
,ATTCAAACTTA
,CAAACACAAAC
,TAATTTTAAT
,TTTTAATTTT
,AAATGGTGAT
,AATTCTGGT
,ACCACACCA
,ACTTTTTCA
,ATAATATTA
,ATGAAAGTA
,ATGTTATTT
,ATTATAATAATATTA
,ATTGTTTTA
,CAATATAAC
,CAATGTAAC
,CATTCGTATT
,CTATTAATA
,GTGGTCTAC
,GTTTTATTG
,TAAATGGTG
,TAATTTTAAT
,TAGTTGTGTTGAT
,TTAATAATT
,TTATGGTTG
,TTGTTTTAT
,TTTACTTTTT
,TTTGTTACACATTGTTT
,TTTTAATTTT
,GGTCAACTGG
,TAATAATTAT
,TAATTTTAAT
,TTGTGTTCAC
,CAAACACAAAC
,TAATTTTAAT
,TACTTTTCAT
,TCCTACCATCCT
,ATAATATTA
,ATTATAATAATATTA
,ATTATAATATTA
,ATTATAATA
,CACTGTTTTT
,TAATAATTAT
,TAATGGTAAT
,TAATTTTAAT
,TTGTTACTCATTGTT
,CAATATAAC
,CAGGTGGAC
,CATTCTTAC
,GAATTTAAG
,GTGGTGGTG
,TAACGCAAT
,TAACTCAAT
,TAATTTTAAT
,TAATTTTAAT
,TAATTTTAAT
,TATTCGTAT
,TCAAACACAAACT
,TGGTAAAAA
,TGTAACTTTTCTGAA
,TGTTTTTGT
,TTAACAATT
,TTTCACTTT
,TTGTTACACATTGTT
,TGTCGGCTGT
,TGTTACACATTGT
,TTGTTACACATTGTT
,ACGTAATGCA
,ATAATATTA
,ATAATATTA
,ATTATAATAATATTA
,ATTATAATATTA
,ATTATAATA
,CACTGTTTTT
,TAACACAACT
,TAATAATTAT
,TAATGGTAAT
,TAATTTTAAT
,TATAATATTA
,TTAAATGGTG
,AACTTATAA
,AAGAGAGAA
,ATAATATTA
,ATGACAGTA
,ATTATAATAATATTA
,ATTCAAACTTA
,CAAACACAAAC
,CCAATGTAACC
,CGACTCAGC
,CTATTAATA
,CTTGGTCTA
,GCGTATGCG
,TTAATAATT
,TTAATACTA
,TTGTTACACATTGTT
,TTTCACTTT
,ATTATAATAATATTA
,GGAATTTAAGG
,GTTACACATTG
,TCAAACACAAACT
,TCTTCACTTCT
,TTATGCGTATT
,ACATTGTTACA
,CCATGACAGTACC
,CTAAATTTAAATC
,CAAACACAAAC
,TAATTTTAAT
,TACTTTTCAT
,TCCTACCATCCT
,TAATTTTAAT
,ACTATTCTGG
,ATCACACTA
,CAAACACAAAC
,GTGGTGGTG
,TAATTTTAAT
,TACTTTTCAT
,TTTCACTTT
,CAAACACAAAC
,TAATTTTAAT
,TACTTTTCAT
,TCCTACCATCCT
,ACTTATATTA
,GATGTTGTAG
,GTAGAAGATG
,GTTGTTGTTG
,TAATTGCCTT
,TAATTTTAAT
,TACTTTTCAT
,TATTCGTATT
,TATTCTTCTA
,TATTGGTTAT
,TGGTAATATA
,TTTTAATTTT
,AAGGTGTTTA
,ACTTTGTTAA
,AGGATCTTAT
,AGTATTATGA
,ATTATAATAATATTA
,ATTATAATT
,ATTATAATT
,CACTGTTTTT
,CGTTAACTAA
,GTATGGATAA
,GTTGTTGTTG
,TAATTTTAAT
,TAATTTTAGT
,TACTTTTCAT
,TATTTTTAT
,TATTTTTAT
,TATTTTTAT
,TCAGTAATTC
,TGTTGGTGTT
,TTATACTAGT
,TTATACTAGT
,TTCTACTAAA
,TTGTCAGTTT
,TTTACTAAT
,TTTACTAAT
,TTTATAATTT
,TTTTAGTGGT
,AGGTGGTGGA
,GGTCAACTGG
,TAATAATTAT
,TAATTTTAAT
,CAATGTAAC
,GTAATAATG
,TGTTGTTGT
,TTAATAATT
,TTTTTCTTTTT
,AAACTGGTT
,AACTTTCAA
,AAGTAATGC
,AATATTAATA
,AATGAGTAA
,ACAACATTAC
,ACATATTGT
,ACATATTTGT
,ACTACTTTA
,ACTATATCA
,AGAAGATAT
,AGGTGGTAA
,AGTAGTTTT
,ATAATAATA
,ATATGTATA
,ATCAGACTA
,ATGGTGGTTT
,ATGTTGGTG
,ATTATAATT
,ATTGTAATT
,ATTGTAATT
,CAGCAGTTT
,CCTTATTCC
,CTAACACTA
,CTTCACGAA
,GTATGGATAA
,GTCTTTACT
,GTTGTTGTTG
,TAACTCAAT
,TAATTCATT
,TAATTTTAAT
,TAATTTTAG
,TAGTGGTGAT
,TATAATTTTA
,TATTATTAT
,TATTCTTCTA
,TATTTTTAT
,TATTTTTAT
,TATTTTTAT
,TCAAGGTAT
,TCAGTAATTC
,TCTATAATTT
,TGAAAAATC
,TGTTGAGTA
,TGTTGTTGT
,TTAATAATT
,TTGTCTGTT
,TTGTGATAA
,TTTAATGGT
,TTTACTAATT
,TTTACTAAT
,TTTCACTTT
,TTTGTGATA
,TTTTTGTGG
,AAAATTAAT
,AACCCCCAA
,AACTTTCAA
,AATGAGTAA
,AATGGTGAT
,AATTGTTTC
,ACTATATCA
,ACTTTGTTAA
,AGTATTATGA
,ATATGTATA
,ATGTAACAA
,ATTATAATAATATTA
,ATTATAATT
,ATTATAATT
,ATTCATTTC
,CAATATAAC
,CACTGTTTTT
,CAGGTGGAC
,CATTACTGC
,CATTCTTAC
,CGTTAACTAA
,GAAGATGTT
,GAATTTAAG
,GTAGAAGATG
,GTGGTGGTG
,GTTGTTGTTG
,TAACAACTT
,TAACGCAAT
,TAATTTTAAT
,TAATTTTAA
,TACTTTTCAT
,TATTATTAT
,TATTTTTAT
,TATTTTTAT
,TATTTTTAT
,TGAAAAATC
,TGTATTTTA
,TGTTGGTGTT
,TGTTGTTGT
,TGTTTTTGT
,TTAACAACT
,TTATAATTT
,TTCTACTAATTA
,TTCTACTAA
,TTCTAGAAAT
,TTCTCTTCTCTT
,TTGTCTGTT
,TTGTGATAA
,TTTATAATTTAA
,TTTCACTTT
,TTTCAGATGG
,TTTGTGATA
,TTTTAGTGA
,AAGTAATGC
,AATGGTGAT
,AGTATTATGA
,ATTATAATAATATTA
,CAGGTGGAC
,GAATTTAAG
,GTGACAATT
,GTGGTGGTG
,TAATCATACTAAT
,TAATTTTAAT
,TAATTTTAA
,TACTAATCAT
,TACTTTTCAT
,TGTAACTTTTCTGAA
,TGTATTTTAA
,TGTATTTTA
,TGTTTTTGT
,TTCACTTTT
,TTCATACTT
,TTTCACTTT
,TAATTTTAAT
,TTGTTACTCATTGTT
,CAAACACAAAC
,TAATTTTAAT
,TACTTTTCAT
,TCCTACCATCCT
,AGTGGTTAT
,ATAATATGA
,ATGTTGGTG
,ATTATAATAATATTA
,ATTTTAGTG
,CAGATTTTA
,GTGGTGGAC
,GTTTTATAAC
,TAATAATAT
,TAATTTTAAT
,TATTAACAT
,TATTATTAAT
,TATTCGTATT
,TCTTGGTCA
,TGGATAGGT
,TTCACCAAG
,TTGTTACACATTGTT
,TTGTTTTAT
,TTTGTTTGAC
,TTTTAATTTT
,TTTTCTTTT
,TTTTGTTTG
,CAAACACAAAC
,TAATTTTAAT
,TACTTTTCAT
,TCCTACCATCCT
,AACTTATAA
,ATAATATTA
,ATGACAGTA
,ATTATAATAATATTA
,CGACTCAGC
,CTATTAATA
,CTTGGTCTA
,GCGTATGCG
,TTAATAATT
,TTAATACTA
,TTAATATTT
,TTGTTACACATTGTT
,TTTCACTTT
,TAATTTTAAT
,TTACTAATCATT
,TAATTTTAAT
,AGTGCTATTT
,ATTATAATAATATTA
,CATTTCTGCT
,TAATTTTAAT
,TAGTGGTGAT
,TGATAATAGT
,TTAACCAATT
,TTACTTTAAC
,TTATTTTATT
,TTAATAATT
,TTAATAATT
,TTAATAATT
,TTGTTACACATTGTT
,TAATTTTAAT
,CAAACACAAAC
,TAATTTTAAT
,TACTTTTCAT
,TCCTACCATCCT
,TTGTTACACATTGTT
,CAATGAAAGTAAC
,CACTTTTCAC
,TAATTTTAAT
,TTTTAATTTT
,CAAACACAAAC
,TAATTTTAAT
,TACTTTTCAT
,GTAATAATG
,TGTTGTTGT
,TTAATAATT
,TTGTAATTT
,TTTTTCTTTTT
,ATTATAATAATATTA
,CACTGTTTTT
,GTATTTTAGT
,TAATTTTAAT
,TACTTTTCAT
,TGTAACTTTTCT
,CAAACACAAAC
,TAATTTTAAT
,TACTTTTCAT
,TCCTACCATCCT
,TGTAACTTTTCTGAA
,ATTATAATAATATTA
,TGTAACTTTTCTGAA
,ACTTTAACCAATTTCA
,ATAATATTA
,ATTATAATAATATTA
,ATTATAATATTA
,ATTATAATA
,TAATAATTAT
,TAATTTTAAT
,TATTCGTATT
,TGTAACTTTTCT
,TTAAATGGTG
,CAAACACAAAC
,TAATTTTAAT
,TACTTTTCAT
,TTGTTACACATTGTT
,CAAACACAAAC
,TAATTTTAAT
,TTGTTACACATTGTT
,AAGAATGGTG
,AATAGTGTT
,AATATCCTT
,AATTATATTC
,AATTCTTAA
,AATTTTAGTG
,ACACCCCACA
,ACCATACCA
,ACTTATATTA
,ACTTGCATG
,AGATTTAGA
,AGTGTTTGT
,ATATGTATA
,ATCAAACTA
,ATTAAATTA
,ATTATAATT
,ATTATATTA
,ATTTTAATG
,CAAACATAT
,CAATATGGT
,CAATGTGTT
,CATACTATTC
,CGACTCAGC
,CTTAGTAATT
,CTTTGGCTT
,CTTTTTGTGG
,GGTTTACCAA
,GTAATAATG
,GTAATTTTA
,GTAATTTTA
,GTGGACCCAT
,GTTGTTGTTG
,TAATTCACTT
,TAATTTTAAT
,TAATTTTAGT
,TAATTTTAG
,TAGAACAGTT
,TAGTAGTTT
,TAGTTTTAG
,TATTATTAC
,TATTATTAC
,TATTCGTATT
,TATTTTTAT
,TCAAACATC
,TCAATATAA
,TGTTGAGTA
,TGTTGTTGT
,TGTTTGTATA
,TTACATAATT
,TTATTGAAG
,TTCAAACAT
,TTCCTTAGTA
,TTTAACGGT
,TTTGAGTTT
,TTTGTGATA
,TTTGTTACACATTGTTT
,TTTGTTGTTT
,TAATTTTAAT
,CAAACACAAAC
,TAATTTTAAT
,TACTTTTCAT
,TCCTACCATCCT
,AACTTGTTG
,ACCAAGAGT
,AGGTGTAAG
,ATATTTTGA
,ATGATAATAGTA
,CATTCTTAC
,CCATGACAGTACC
,GTTTTATAA
,TAACTCAAT
,TATAATATT
,TCTAACGAA
,TGTAACTTC
,TTTACTATT
,TTTTTAATG
,ATTATAATAATATTA
,TGTAACTTTTCTGAA
,CAAACACAAAC
,TAATTTTAAT
,TACTTTTCAT
,TCCTACCATCCT
,TAATTTTAAT
,CAAACACAAAC
,TAATTTTAAT
,TTTGTGGTGTTT
,TTTGTTACACATTGTTT
,AACTTATAA
,AACTTTCAA
,AAGGTTAAC
,AATCACTAA
,AATGAGTAA
,ACGCCATAC
,ACTACATCA
,ACTTCTTTTG
,ATAATATTA
,ATATGTATA
,ATATTCAAA
,ATATTTGTG
,ATGACAGTA
,ATGGTGGTC
,ATTATAATAATATTA
,ATTATAATT
,CATAATTTTG
,CGACTCAGC
,CTATTAATA
,CTGCACAAG
,CTTGGTCTA
,GATTATAAT
,GCGTATGCG
,GGTGGTAAA
,GGTGTTGTGG
,GGTGTTTAT
,GGTGTTTAT
,GTAATTTTAG
,GTGCTCGTG
,GTTAAGCAG
,GTTGTTGTTG
,TAATTCACT
,TAATTTTAAT
,TAATTTTGA
,TACAAACAT
,TATTCTTCTA
,TATTTTTAT
,TGCGACAACA
,TGGATTACC
,TGGTGGTAA
,TGGTTTTAA
,TGTTGTTGT
,TTAAATGGTG
,TTAATAATT
,TTAATACTA
,TTAATATTT
,TTATAATTT
,TTCAGACCA
,TTGGTGGTA
,TTGTTACACATTGTT
,TTTAATTTT
,TTTATAATTT
,TTTCACTTT
,TTTCTCTTT
,TTTTAATTTT
,TTTTGAATG
,CAAACACAAAC
,TAATTTTAAT
,TACTTTTCAT
,TCCTACCATCCT
,AGCGAGCGA
,AGTGCGTGA
,CGCCGCCGC
,CGTGCGTGC
,CTGCTGCTA
,GCGAGCGAA
,GCGGCGGCG
,GCGTATGCG
,GGCCCGGCG
,GTAGCGAAA
,GTGTATGTG
,GTGTATTTT
,GTGTTTGTG
,GTGTTTGTG
,GTGTTTGTG
,GTTTGTGTA
,TATGCGTAT
,TATGTGTAT
,TATTATTAT
,TGTATTTTA
,TTGTTACACATTGTT
,ATTATAATAATATTA
,TTGTTACACATTGTT
,TGTAACTTTTCTGAA
,TTGTTACACATTGTT
,CAAACACAAAC
,TAATTTTAAT
,TACTTTTCAT
,TCCTACCATCCT
,AACTTATAA
,AATCACTAA
,ATAATATTA
,ATGACAGTA
,ATGGTGGTC
,ATTATAATAATATTA
,CGACTCAGC
,CTATTAATA
,CTGCACAAG
,CTTGGTCTA
,GCGTATGCG
,TTAATAATT
,TTAATACTA
,TTAATATTT
,TTGTTACACATTGTT
,TTTCACTTT
,AACTTATAA
,AACTTTCAA
,AAGGTTAAC
,AATCACTAA
,AATGAGTAA
,ACGCCATAC
,ACTACATCA
,ACTTCTTTTG
,ATAATATTA
,ATATGTATA
,ATATTCAAA
,ATATTTGTG
,ATGACAGTA
,ATGGTGGTC
,ATTATAATAATATTA
,ATTATAATT
,CATAATTTTG
,CGACTCAGC
,CTATTAATA
,CTGCACAAG
,CTTGGTCTA
,GATTATAAT
,GCGTATGCG
,GGTGGTAAA
,GGTGTTGTGG
,GGTGTTTAT
,GGTGTTTAT
,GTAATTTTAG
,GTGCTCGTG
,GTTAAGCAG
,GTTGTTGTTG
,TAATTCACT
,TAATTTTAAT
,TAATTTTGA
,TATTCTTCTA
,TATTTTTAT
,TGCGACAACA
,TGGATTACC
,TGGTTTTAA
,TGTTGTTGT
,TTAAATGGTG
,TTAATAATT
,TTAATACTA
,TTAATATTT
,TTATAATTT
,TTCAGACCA
,TTGTTACACATTGTT
,TTTAATTTT
,TTTATAATTT
,TTTCACTTT
,TTTCTCTTT
,TTTTAATTTT
,TTTTGAATG
,CGCGGGCGC
,GGCGCGATTT
,GTGTTTGTG
,TAGCGCGAT
,TTTGTGGTGTTT
,TATTTTTAT
,TATTTTTAT
,TATTTTTAT
,TCTCTTCTCT
,TCTCTTCTCT
,AAGGTGTTTA
,ACTTTGTTAA
,ATTATAATAATATTA
,ATTATAATT
,ATTATAATT
,ATTCTACTAA
,CACTGTTTTT
,CGTTAACTAA
,GTATGGATAA
,GTTGTTGTTG
,TAATTTTAAT
,TAATTTTAGT
,TACTTTTCAT
,TATTTTTAT
,TATTTTTAT
,TATTTTTAT
,TCAGTAATTC
,TGTAACTTTTCTGAA
,TGTTGGTGTT
,TTCTACTAAA
,TTGTCAGTTT
,TTTACTAAT
,TTTACTAAT
,TTTATAATTT
,TTTTAGTGGT
,AGTATTATGA
,ATTATAATAATATTA
,CACTGTTTTT
,TAATTTTAAT
,TACTTTTCAT
,TTGTTACACATTGTT
,CAAACACAAAC
,TAATTTTAAT
,TACTTTTCAT
,TCCTACCATCCT
,CAAACACAAAC
,TAATTTTAAT
,TACTTTTCAT
,TCCTACCATCCT
,AAAGGCCTGCT
,AAGCGGGCG
,AGTGCGTGA
,ATATTTTTG
,CAGACCCAGAC
,CCAAAGAAACC
,CGGCAACAA
,GCGGCGGCG
,GCGTATGCG
,GTATGCGGT
,GTGTATGTG
,GTGTTTGTG
,TAGCGCGAT
,TAGCGGCAA
,TATGCGTAT
,TATGTGTAT
,TATTATTAT
,TGTATTTTA
,ATTTTGTTTTA
,CTATTCTTATC
,GTTACGCATTG
,GTTTTATAA
,GTTTTATAA
,AACTTTCAA
,AAGGTGTTTA
,AATGAGTAA
,AATGGTGAT
,ACATATTGT
,ACTATATCA
,ACTTCAGCAG
,ACTTTGTTAA
,AGAAGATAT
,AGTACTTTT
,ATAATAATA
,ATAATATTA
,ATATGTATA
,ATGTAACAA
,ATTATAATAATATTA
,ATTATAATT
,ATTATAATT
,ATTCTACTAA
,ATTCTGCCA
,CAATATAAC
,CACAATTAT
,CAGGTGGAC
,CATTACTGC
,CATTCTTAC
,CGTTAACTAA
,GAAGATATT
,GAATTTAAG
,GGTGAATTA
,GTATGGATAA
,GTGGTGGTG
,GTTGTTGTTG
,TAACAACTT
,TAATAATAAT
,TAATTTTAAT
,TATGGGTCT
,TATTATTAT
,TATTTTTAT
,TATTTTTAT
,TATTTTTAT
,TCAGTAATTC
,TGAAAAATC
,TGATTATAAT
,TGATTATAAT
,TGTATTTTA
,TGTTGGTGTT
,TGTTGTTGT
,TGTTTTTGT
,TTCTACTAAA
,TTGACAGTT
,TTGTCTGTT
,TTGTGATAA
,TTTATAATTT
,TTTCTCTTT
,TTTGTGATA
,TTTTAGTGA
,TTTTAGTGGT
,TTTTTGTGG
,AGTATTATGA
,ATTATAATAATATTA
,CACTGTTTTT
,TAATCATACTAAT
,TAATTTTAAT
,TACTAATCAT
,TACTTTTCAT
,TGTAACTTTTCTGAA
,TGTATTTTAA
,TTTTAATTTT
,AACCCCCAA
,AATGGTGAT
,AATTGTTTC
,ACTATATCA
,AGTATTATGA
,ATATGTATA
,ATGTAACAA
,ATTATAATAATATTA
,ATTATAATT
,CAATATAAC
,CACTACTTT
,CACTGTTTTT
,CAGGTGGAC
,CATTACTGC
,CATTCTTAC
,CCTTATTAC
,CGTTAACTAA
,GAAGATGTT
,GAATTTAAG
,GGTGAATTA
,GTAGAAGATG
,GTGGTGGTG
,GTTGTTGTTG
,TAACAACTT
,TAACGCAAT
,TAATTTTAAT
,TACTAATCAT
,TACTTTTCAT
,TATTATTAT
,TATTCTTCTA
,TATTTTTAT
,TATTTTTAT
,TATTTTTAT
,TGAAAAATC
,TGTATTTTA
,TGTTGGTGTT
,TGTTGTTGT
,TGTTTTTGT
,TTAACAACT
,TTATAATTT
,TTATTACGG
,TTCTACTAAT
,TTCTACTAA
,TTCTAGAAAT
,TTGTCTGTT
,TTGTGATAA
,TTTCACTTT
,TTTCAGATGG
,TTTGTGATA
,TTTTAGACCA
,TTTTAGACC
,TTTTAGTGA
,CAAACACAAAC
,TAATTTTAAT
,TACTTTTCAT
,TCCTACCATCCT
,CAAACACAAAC
,TAATTTTAAT
,TTTTAATTTT
,CAAACACAAAC
,TAATTTTAAT
,TACTTTTCAT
,TAGTGGTGAT
,TCCTACCATCCT
,TTGTTACACATTGTT
,TTGTTACACATTGTT
,ATTATAATAATATTA
,TGTAACTTTTCT
,CAAACACAAAC
,TAATTTTAAT
,TTTTAATTTT
,TTGTTACACATTGTT
,ATTATAATAATATTA
,ATTCTACTAA
,GTATGGATAA
,GTGGTTTTAA
,GTTGTTGTTG
,TAATTTTAAT
,TATTTTTAT
,TATTTTTAT
,TATTTTTAT
,TCAGTAATTC
,TGGTGGTTTT
,TGTTGGTGTT
,TTACAACATT
,TTATAATTCA
,TTATAATTTT
,TTATACTAGT
,TTATTTTATT
,TTCTACTAAA
,TTTGTTGTTT
,CAAACACAAAC
,GTGAAAGTA
,TAATGAAAG
,TTGACAGTT
,TTTTATTTT
,GTATAAATATG
,AAAATGGTG
,AAGTTGTTT
,AATATTAATA
,AATGAGTAA
,AATGGTGTAG
,AATTCTTAA
,AATTTTTAA
,ACAACATTAC
,ACATATTTGT
,ACCAATTTT
,ACCATACCA
,ACTACATCA
,AGTACTTCT
,AGTAGTTTT
,AGTGTTTGT
,ATAAAAATA
,ATATGTATA
,ATCTGTCTA
,ATTGAGAAC
,ATTGTAATT
,CAACACAAC
,CAGGTATGA
,CATTCTTAC
,CCATGACAGTACC
,CTAAATTTAAATC
,CTATTATTAC
,GTGTTTGTT
,GTTGTTGTTG
,TAACGCAAT
,TAACTCAAT
,TAATTTTAAT
,TATAATAGT
,TATGGATAA
,TATTCATTT
,TATTCGTAT
,TATTTTTAT
,TCACTAACG
,TCATTGTAA
,TCTACATCT
,TGAAAAATC
,TGTAACTTC
,TGTAAGGGT
,TGTTGTTGT
,TTATAATTT
,TTATTGAAGA
,TTCTCTCTT
,TTGGTCAGT
,TTGTCTGTT
,TTTACATCA
,TTTAGACCA
,TTTATAATTT
,TTTCACTTT
,TTTGTGATA
,TTTGTTACGCATTGTTT
,TTTTCACTT
,TTTTGTACAG
,TTTTGTTTT
,AAACGCAAA
,AAAGATGTT
,AAATGGACA
,AAATTATGA
,AAATTATTT
,AAGACCAGAA
,AAGGTGGAA
,AATTGTTGT
,ACATTATTTT
,ACCATACCA
,ACCCATTAT
,ACTTATTTA
,AGTTTTTGA
,ATATTTATA
,ATTCCTATT
,ATTGTGTTA
,CAGGAGGAC
,CATTATTAC
,CCAGTTAGT
,CTATTTTTA
,GAAGTTAAT
,GACATTATT
,GATGGTGATT
,GGTGTGTAT
,GTGGTTTTA
,GTTGTACTT
,TAAATGTTA
,TAAATGTTA
,TAAGAATTTT
,TAATTTTAAT
,TACTTTCAT
,TAGTGGTGAT
,TATTTTTAT
,TATTTTTAT
,TATTTTTAT
,TCATGTACT
,TGATAATAGT
,TGCAGTGGT
,TGGTAAATTT
,TGGTTTTGGT
,TGTTGTTGT
,TGTTTTAAA
,TGTTTTAAA
,TTAACAATT
,TTAAGTAGT
,TTATATGAGT
,TTATTTATT
,TTGTAAAGG
,TTTAATAAA
,TTTAATTTT
,TTTATTAAA
,TTTATTAAA
,TTTCACTTT
,TTTGATTCA
,TTTTAATAA
,TTTTAATTTT
,TTTTGGTGTA
,TTTTGTTACACATTGTTTT
,TAATTTTAAT
,TACTTTTCAT
,CAAACACAAAC
,TAATTTTAAT
,AAGTAATGC
,AATGGTGAT
,AGTATTATGA
,ATATAATATA
,ATTATAATAATATTA
,CACTGTTTTT
,CAGGTGGAC
,GAATTTAAG
,GTGACAATT
,GTGGTGGTG
,TAATCATACTAAT
,TAATTTTAAT
,TAATTTTAA
,TACTAATCAT
,TACTTTTCAT
,TGTAACTTTTCTGAA
,TGTATTTTAA
,TGTATTTTA
,TGTTTTTGT
,TTCATACTT
,TTTCACTTT
,TTTTAGTGA
,ACATTGTTACA
,TTGTTACACATTGTT
,TTGTTACACATTGTT
,TAATTTTAAT
,AAGGTGTTTA
,ACTTTGTTAA
,ATATAATATA
,ATTATAATAATATTA
,ATTATAATT
,ATTATAATT
,ATTCTACTAA
,CAAGTCAGTG
,CACTGTTTTT
,CGTTAACTAA
,GTATGGATAA
,GTTGTTGTTG
,TAATTTTAAT
,TAATTTTAGT
,TACTTTTCAT
,TAGTGTCTGG
,TATTTTTAT
,TATTTTTAT
,TATTTTTAT
,TCAGTAATTC
,TGTTGGTGTT
,TTATACTAGT
,TTCTACTAAA
,TTGTCAGTTT
,TTTACTAAT
,TTTACTAAT
,TTTATAATTT
,TTTTAGTGGT
,TAATTTTAAT
,AAAGTGAAA
,ACAATTACA
,ACCTATTTT
,ACTAACTGTA
,ATAATATTA
,ATGTGAGTGTA
,ATTTTAATG
,ATTTTGACTA
,ATTTTGGTAA
,GTAATTTTA
,GTAATTTTT
,GTATTCTTATG
,GTTATATTG
,TACATTAAC
,TATTGTAGT
,TATTTTTAT
,TGTGTGTGT
,TTAATAATC
,TTAATTTTAATT
,TTACTGTTA
,TTAGGTGGT
,TTATAATAATATT
,TTATAATATT
,TTATGTGAGT
,TTTATAATA
,TTTCACACTTT
,TTTTAATTTT
,TTTTTCTTTTT
,CAAACACAAAC
,TAATTTTAAT
,TTTTAATTTT
,ATAAAAATA
,ATCTGTCTA
,CATTCTTAC
,CCATGACAGTACC
,CTAAATTTAAATC
,GATTTTTGT
,TAACGCAAT
,TAACTCAAT
,TATTCGTAT
,TCTACATCT
,TGTAACTTC
,TTTCACTTT
,TTTGTTACGCATTGTTT
,TTTTCACTT
,TTTTGTTTT
,TTTGTTACACATTGTTT
,AAAATTAAT
,AACTTTCAA
,AAGGATGTT
,AAGTTTTGAA
,AATATTAGT
,AATGAGTAA
,AATTAAAAAA
,ACATATTGT
,ACTATATCA
,AGAACCAAGA
,AGAAGATAT
,AGTAGTTTT
,AGTATTATGA
,AGTGGTCAT
,ATAACATATT
,ATAATATTA
,ATACCCATA
,ATATGTATA
,ATCTTCGTT
,ATTATAATAATATTA
,ATTATAATT
,CAATATAAC
,CACTGTTTTT
,CAGCAGTTT
,CAGGTGGAC
,CATTACTGC
,CCAATTATT
,CCGCCAGTT
,CCTTATTAC
,CGTTAACTAA
,GAAGTTATT
,GAATTTAAG
,GACCGCCAAA
,GGTGGTAAA
,GTACTTTAGT
,GTATGGATAA
,GTGAAAGTG
,GTGCGACAA
,GTGGTGGTG
,GTTGTTGTTG
,GTTTTAGACG
,GTTTTAGAC
,TAACAACTT
,TAATTTTAG
,TAATTTTAG
,TACTTTTCAT
,TAGAAGATTT
,TATTATTAT
,TATTCGTATT
,TATTCTTCTA
,TATTTTTAT
,TATTTTTAT
,TATTTTTAT
,TCAGTAATTC
,TGATTATAAT
,TGATTATAAT
,TGATTATAA
,TGTTGGTCA
,TGTTGGTGTT
,TGTTGTTGT
,TTAAAAAATT
,TTAAATGGTG
,TTATAATTCA
,TTATTACGG
,TTCTCTCTT
,TTTAATTTA
,TTTACTAAT
,TTTACTAAT
,TTTATAATTT
,TTTCACTTT
,TTTGGTAATAATTAT
,TTTTAATTTT
,TTTTAGACC
,TTTTAGTGGT
,ATCACACTA
,CAAACACAAAC
,GTGGTGGTG
,TAATTTTAAT
,TACTTTTCAT
,TTTCACTTT
,AAAATAAAA
,AAAGTAAAG
,ATCATATTC
,ATTATAATAATATTA
,CATTCTTAC
,GTGGTGGTG
,TAATCACACTAAT
,TATAGTAAT
,TGGACAAGT
,TGTAAATGT
,TGTTTTTGT
,TTGATTTTA
,TTTCACTTT
,TTTTAGTGA
,ATTACCAAAG
,ATTATAATAATATTA
,CACTGTTTTT
,TAATTTTAAT
,TACTTTTCAT
,TGTAACTTTTCTGAA
,CAAACACAAAC
,TAATTTTAAT
,TACTTTTCAT
,TCCTACCATCCT
,CAAACACAAAC
,TAATTTTAAT
,TACTTTTCAT
,TCCTACCATCCT
,ATTATAATAATATTA
,TTGTTACACATTGTT
,TTGTTACACATTGTT
,TAATTTTAAT
,TCCTACCATCCT
,CAAACACAAAC
,TAATTTTAAT
,TACTTTTCAT
,TCCTACCATCCT
,CAAACACAAAC
,TAATTTTAAT
,TACTTTTCAT
,TCCTACCATCCT
,ATCACACTA
,CAAACACAAAC
,GTGGTGGTG
,TAATTTTAAT
,TACTTTTCAT
,TTTCACTTT
,ACTAATAAT
,ATTGTTTTA
,CTTGTGTTC
,TGGTAATTG
,TTGTTTTAT
,AAAAGAACT
,AACTTATAA
,AATCACTAA
,AATCTAATA
,ACAGATGTT
,ACTACATCA
,AGGTATGGA
,ATAATATTA
,ATAATTTTA
,ATATGTATA
,ATATTCAAA
,ATTATAATAATATTA
,ATTTTAATG
,CGACTCAGC
,CTATTAATA
,CTGCACAAG
,GACGTCAAC
,GATTATAAT
,GGTGGTAAA
,GTATTGTTG
,GTGCTCGTG
,GTTAAGCAG
,TAAATGGTG
,TAATTCACT
,TAATTTTAG
,TACTTCTAT
,TATTTTAAT
,TATTTTTAT
,TCTATAGAA
,TGTTGGTCA
,TGTTGTTGT
,TTAATAATT
,TTGTTACACATTGTT
,TTTAAATTT
,TTTAATTTT
,TTTCACTTT
,TTTCTCTTT
,TAATTTTAAT
,TAATTTTAAT
,ATTATAATAATATTA
,TGTAACTTTTCTGAA
,ACTAAGAGT
,ATTATAATAATATTA
,GAATTTAAG
,GACCCCCAG
,GTAGTGTTC
,TAATTTTAAT
,TAATTTTAAT
,TAATTTTAAT
,TGTAACTTC
,TGTATTTTA
,TGTGGGTGT
,TTACACATT
,TTCAAACTT
,TTTCACTTT
,TTTTAGTGA
,TTTTATTTT
,TTTTGTTTT
,TAATTTTAAT
,AACAGTTTCA
,AACTTATAA
,AACTTTCAA
,AAGATGTTA
,AAGGTTAAC
,AAGTTGTTT
,AATCACTAA
,AATGAGTAA
,AATTTAATA
,AATTTCATT
,ACAAAAACA
,ACGCCATAC
,ACTACATCA
,ATAATATTA
,ATATGTATA
,ATATTCAAA
,ATGACAGTA
,ATGGTGGTC
,ATTATAATAATATTA
,CATAATTTTG
,CGACTCAGC
,CTATTAATA
,CTGCACAAG
,CTTGGTCTA
,GATCATAATT
,GGTGGTAAA
,GTAATTTTAG
,GTCTTTGATG
,GTGCTCGTG
,GTTAAGCAG
,GTTGTTGTTG
,TAATTCACT
,TAATTTTAAT
,TATTCTTCTA
,TATTTTTAT
,TGCGACAACA
,TGTTAATGT
,TGTTGTTGT
,TTAAATGGTG
,TTAATAATT
,TTAATACTA
,TTATAATTT
,TTATTGTCT
,TTCAGACCA
,TTGATGGTA
,TTGTAATTT
,TTGTTACACATTGTT
,TTTGTATGAC
,TTTTAATTTT
,TTTTGAATG
,TAATTTTAAT
,TTGTTACACATTGTT
,CAAACACAAAC
,CAGATTTTA
,CAGATTTTA
,CCATGACAGTACC
,CTATTCTTATC
,GTTACGCATTG
,CAAACACAAAC
,TAATTTTAAT
,TACTTTTCAT
,TCCTACCATCCT
,ATATAATATA
,ATTATAATAATATTA
,CACTGTTTTT
,TAATTTTAAT
,TACTTTTCAT
,TGTAACTTTTCTGAA
,TTGTTACACATTGTT
,CAAACACAAAC
,TAATTTTAAT
,TACTTTTCAT
,TCCTACCATCCT
,TAATTTTAAT
,AGTGGTTAT
,ATAATATGA
,ATGTTGGTG
,ATTATAATAATATTA
,ATTTTAGTG
,CAATGTAAC
,CAGATTTTA
,GTGGTGGAC
,GTTTTATAAC
,TAATAATAT
,TAATTTTAAT
,TATTAACAT
,TATTCGTATT
,TCTTGGTCA
,TGGATAGGT
,TTCACCAAG
,TTGTTTTAT
,TTTGTTTGAC
,TTTTAATTTT
,TTTTCTTTT
,TTTTGTTTG
,ATTATAATAATATTA
,CACTGTTTTT
,GTATTTTAGT
,TAATTTTAAT
,TACTTTTCAT
,TGTAACTTTTCT
,ACAACAACA
,CAGGTGGAC
,GTATCTATG
,TTCGCATTT
,TTGTTACACATTGTT
,GTAATGAAAGTAATG
,TAATTTTAAT
,TACTTTTCAT
,TCCTACCATCCT
,AGTGGTTAT
,ATAATATGAC
,ATAATATGA
,ATGTAATTA
,ATGTTGGTG
,ATTATAATAATATTA
,ATTTTAGTG
,CAGATTTTA
,GTGGTGGAC
,GTTTTATAAC
,TAATAATAT
,TAATTTTAAT
,TATTAACAT
,TATTATTAAT
,TATTCGTATT
,TCTTGGTCA
,TGGATAGGT
,TTCACCAAG
,TTGTTACACATTGTT
,TTGTTTTAT
,TTTGTTTGAC
,TTTTAATTTT
,TTTTCTTTT
,TTTTGTTTG
,TTGTTACACATTGTT
,AGTATTATGA
,ATTATAATAATATTA
,CACTGTTTTT
,TAATTTTAAT
,TACTTTTCAT
,TGTAACTTTTCTGAA
,ATTCAAACTTA
,CAAACACAAAC
,TAATTTTAAT
,TTTTAATTTT
,ATGTTGGTG
,ATGTTGGTG
,TTGTTACACATTGTT
,CAAACACAAAC
,TAATTTTAAT
,TACTTTTCAT
,TCCTACCATCCT
,TTGTTACACATTGTT
,TTGTTACACATTGTT
,AACTGTCAA
,AAGAGAGAA
,AATGAGTAA
,AATTCTCTTAA
,ACATATTGT
,ACTATATCA
,AGAAGATAT
,AGCCACCGA
,AGTAGTTTT
,ATAATAATA
,ATAATATTA
,ATATGTATA
,ATCGCTTCA
,ATGGTTCTA
,ATGTAACAA
,ATTATAATAATATTA
,ATTGTTTTG
,CAAACACAAAC
,CACAATTAT
,CAGCAGTTT
,CATTACTGC
,CCACCGAGCCACC
,CTAAATTTAAATC
,CTCTTTATA
,CTTTTTAAT
,GAATTTAAG
,GATTACATG
,GGTAAATTA
,GGTGGTAAA
,GTAATTCTG
,GTAGGTGTT
,GTCAATGGT
,GTTTTAGAC
,TAATTTTAG
,TAGGTATGGAT
,TATTATTAC
,TATTTTTAT
,TATTTTTAT
,TATTTTTAT
,TCCTGGTAT
,TCTAACAAA
,TGGTTTTAA
,TGTTGTTGT
,TTAACAATT
,TTATAATAATA
,TTATAATTTTA
,TTATCGTGAGA
,TTTATTGTTTA
,TTTCTCTTT
,TTTGTTACACATTGTTT
,ATGTTGGTG
,ATGTTGGTG
,TTGTTACACATTGTT
,ATTATAATAATATTA
,TGTAACTTTTCTGAA
,AACTTTCAA
,AAGGTGTTTA
,AATGAGTAA
,AATGGTGAT
,ACATATTGT
,ACCTCACAT
,ACTACTTTA
,ACTATATCA
,AGAAGATAT
,ATAAAAATA
,ATATGTATA
,ATGTAACAA
,ATTATAATAATATTA
,ATTATAATT
,ATTATAATT
,ATTCTACTAA
,CAATATAAC
,CACAATTAT
,CAGGTGGAC
,CGTTAACTAA
,GAATTTAAG
,GGTATGCAC
,GGTGAATTA
,GTATGGATAA
,GTGGTGGTG
,GTTGTTGTTG
,TAATTTTAAT
,TAATTTTAGT
,TACTAATTA
,TACTTTTCAT
,TATAATTTTA
,TATTATTAT
,TATTTTTAT
,TATTTTTAT
,TATTTTTAT
,TCAGTAATTC
,TGAAAAATC
,TGTAACTTTTCTGAA
,TGTATTTTA
,TGTTGTTGT
,TGTTTTTGT
,TTATACTAGT
,TTATACTAGT
,TTCTACTAAA
,TTGTCAGTT
,TTGTCTGTT
,TTGTGATAA
,TTTACTAAT
,TTTACTAAT
,TTTCACTTT
,TTTGGTATG
,TTTGTGATA
,TTTTAGTGGT
,TTTTTGTGG
,AAATGGACA
,ACATTCGTAT
,AGTTTTTGA
,ATTGCGTTA
,GTTGTACTT
,GTTTATTAA
,TAATCGTCA
,TAATTTTAAT
,TAGTGGTAA
,TCATGTACT
,TGATAATAGT
,TGGTTTTGGT
,TGTTGTTGT
,TTAACAATT
,TTATTAATC
,TTTAATAAA
,TTTCACTTT
,TTTTAATAA
,TTTTAATTTT
,TTTTGTTACACATTGTTTT
,TTTTTCCTTTTT
,CAAACACAAAC
,TAATTTTAAT
,TACTTTTCAT
,TAATTTTAAT
,TAATTTTAAT
,TTACTAATCATT
,TTGTTACACATTGTT
,ACTTTTGTT
,ATCTGTCTA
,CATTCTTAC
,CCATGACAGTACC
,CTAAATTTAAATC
,CTAAGAATC
,TAACGCAAT
,TAACTCAAT
,TCTACATCT
,TGTAACTTC
,TTTCACTTT
,TTTGTTACGCATTGTTT
,TTTTCACTT
,TTTTGTTTT
,TTTTTAATG
,AGTATTATGA
,ATTATAATAATATTA
,CACTGTTTTT
,TAATTTTAAT
,TACTTTTCAT
,TGTAACTTTTCTGAA
,TGTATTTTAA
,TGTTACACATTGT
,TAATTTTAAT
,TCATTTTTACT
,ATTATAATAATATTA
,TGTAACTTTTCTGAA
,CAAACACAAAC
,TAATTTTAAT
,TTTTAATTTT
,CAAACACAAAC
,TAATTTTAAT
,TACTTTTCAT
,TCCTACCATCCT
,AGTATTATGA
,ATTATAATAATATTA
,CACTGTTTTT
,TAATTTTAAT
,TACTTTTCAT
,AATTCTCTTAA
,ATTATAATAATATTA
,CAGTGGTAAAT
,CATTCCTTAC
,CATTGTCAGT
,GGAATTTAAGG
,GGTGTTGTGG
,GTTACACATTG
,GTTGTTGTTG
,TAATTTTAAT
,TAGGTATGGAT
,TAGTGGTGAT
,TCTATAATTT
,TTAACCAATT
,TTATCGTGAGA
,TTATGCGTATT
,TTTGTTGTTT
,TTTTAATTTT
,TTGTTACACATTGTT
,AATTTATATG
,GATGTTGTAG
,TAATTTTAAT
,TGTATTTAAT
,TTAAATGGTG
,TTGTTACACATTGTT
,TTTTAATTTT
,CAAACACAAAC
,TAATTTTAAT
,TTTTAATTTT
,CAAACACAAAC
,TAATTTTAAT
,TACTTTTCAT
,TCCTACCATCCT
,AATATTAATA
,TAGTGGTGAT
,TATTCGTATT
,TGGAACTGGT
,TGGTAATTGT
,TTTGGTATGC
,TTGTTACACATTGTT
,ATTATAATAATATTA
,TATTTTGTTTTAT
,TTTGTTACGCATTGTTT
,AACTTATAA
,ACATTGTTACA
,ATAATATTA
,ATTATAATAATATTA
,ATTCAAACTTA
,CAAACACAAAC
,CGACTCAGC
,CTATTAATA
,CTTGGTCTA
,GCGTATGCG
,TACAAACAT
,TTAATAATT
,TTAATAATT
,TTAATAATT
,TTAATACTA
,TTAATATTT
,TTGTTACACATTGTT
,TTTCACTTT
,CAAACACAAAC
,CAAACACAAAC
,TAATTTTAAT
,TACTTTTCAT
,TCCTACCATCCT
,AACTTTCAA
,AAGGTGTTTA
,AATGAGTAA
,AATGGTGAT
,AATTCTCTTAA
,ACATATTGT
,ACTATATCA
,ACTTCAGCAG
,ACTTTGTTAA
,AGAAGATAT
,AGTACTTTT
,ATAATAATA
,ATAATATTA
,ATATGTATA
,ATGTAAATGTA
,ATGTAACAA
,ATTATAATAATATTA
,ATTATAATT
,ATTATAATT
,ATTCTACTAA
,ATTCTGCCA
,CAAACACAAAC
,CAATATAAC
,CACAATTAT
,CAGGTGGAC
,CATTACTGC
,CATTCTTAC
,CGTTAACTAA
,GAAGATATT
,GAATTTAAG
,GGTGAATTA
,GTATGGATAA
,GTGGTGGTG
,GTTGTTGTTG
,TAAATGTAAAT
,TAACAACTT
,TAATAATAAT
,TAATTTTAAT
,TATGGGTCT
,TATTATTAT
,TATTTTTAT
,TATTTTTAT
,TATTTTTAT
,TCAGTAATTC
,TCTACTAATTA
,TGAAAAATC
,TGATTATAAT
,TGATTATAAT
,TGTATTTTA
,TGTTGGTGTT
,TGTTGTTGT
,TGTTTTTGT
,TTATAATTTTA
,TTCTACTAAA
,TTGACAGTT
,TTGTCTGTT
,TTGTGATAA
,TTGTTTCATTC
,TTTATAATTT
,TTTCTCTTT
,TTTGTGATA
,TTTTAGTGA
,TTTTAGTGGT
,TTTTTGTGG
,ATAAAAATA
,ATCTGTCTA
,CATTCTTAC
,CCATGACAGTACC
,CTAAATTTAAATC
,GATTTTTGT
,TAACGCAAT
,TAACTCAAT
,TATTCGTAT
,TCTACATCT
,TGTAACTTC
,TTTCACTTT
,TTTGTTACGCATTGTTT
,TTTTCACTT
,TTTTGTTTT
,ATAAAAATA
,ATCTGTCTA
,CATTCTTAC
,CCATGACAGTACC
,CTAAATTTAAATC
,GATTTTTGT
,TAACGCAAT
,TAACTCAAT
,TATTCGTAT
,TCTACATCT
,TGTAACTTC
,TTTCACTTT
,TTTGTTACGCATTGTTT
,TTTTCACTT
,TTTTGTTTT
,TTTTTAATG
,TAATTTTAAT
,TAATGAAAGTAAT
,TAATTTTAAT
,TTTGTTGTTT
,TAATTTTAAT
,TAATTTTAAT
,CAAACACAAAC
,TAATTTTAAT
,TACTTTTCAT
,AAGGTGTTTA
,ACTTTGTTAA
,AGGATCTTAT
,AGTATTATGA
,ATTATAATAATATTA
,ATTATAATT
,ATTATAATT
,CACTGTTTTT
,CGTTAACTAA
,CTCTCTTCTCTC
,GTATGGATAA
,GTTGTTGTTG
,TAATTTTAAT
,TAATTTTAGT
,TACTTTTCAT
,TATTTTTAT
,TATTTTTAT
,TATTTTTAT
,TCAGTAATTC
,TGTAACTTTTCT
,TGTTGGTGTT
,TTAATAATAATT
,TTCTACTAAA
,TTGTCAGTTT
,TTTACTAAT
,TTTACTAAT
,TTTATAATTT
,TTTTAGTGGT
,AACTTATAA
,AATCACTAA
,ATAATATTA
,ATGACAGTA
,ATGGTGGTC
,ATTATAATAATATTA
,CGACTCAGC
,CTATTAATA
,CTGCACAAG
,GCGTATGCG
,TGATGGGTC
,TTAATAATT
,TTAATACTA
,TTAATATTT
,TTGTTACACATTGTT
,TTTCACTTT
,CAAACACAAAC
,TAATTTTAAT
,TACTTTTCAT
,TCCTACCATCCT
,TTGTTACACATTGTT
,ACGTAATGCA
,ATAATATTA
,ATAATATTA
,ATTATAATAATATTA
,ATTATAATATTA
,ATTATAATA
,CACTGTTTTT
,TAACACAACT
,TAATAATTAT
,TAATGGTAAT
,TAATTTTAAT
,TATAATATTA
,TTAAATGGTG
,TTGTTACACATTGTT
,CAAACACAAAC
,TAATTTTAAT
,TACTTTTCAT
,TTGTTACTCATTGTT
,ATACGTGCATA
,AACTTTCAA
,AAGGTGTTTA
,AATGAGTAA
,AATGGTGAT
,ACATATTGT
,ACTATATCA
,ACTTCAGCAG
,ACTTTGTTAA
,AGAAGATAT
,AGTACTTTT
,ATATGTATA
,ATGTAACAA
,ATTATAATAATATTA
,ATTATAATT
,ATTATAATT
,ATTCTACTAA
,ATTCTGCCA
,CAATATAAC
,CACAATTAT
,CACTGTTTTT
,CAGGTGGAC
,CATTACTGC
,CATTCTTAC
,CGTTAACTAA
,GAATTTAAG
,GGTGAATTA
,GTATGGATAA
,GTATTTTAGT
,GTGGTGGTG
,GTTGTTGTTG
,TAACAACTT
,TAATTTTAAT
,TAATTTTAGT
,TACTAATTA
,TACTTTTCAT
,TATTATTAT
,TATTTTTAT
,TATTTTTAT
,TATTTTTAT
,TCAGTAATTC
,TGAAAAATC
,TGTAACTTTTCTGAA
,TGTATTTTA
,TGTTGGTGTT
,TGTTGTTGT
,TGTTTTTGT
,TTCTACTAAA
,TTGTCAGTTT
,TTGTCTGTT
,TTGTGATAA
,TTTACTAAT
,TTTACTAAT
,TTTATAATTT
,TTTCACTTT
,TTTCTCTTT
,TTTGTGATA
,TTTTAGTGA
,TTTTAGTGGT
,TTTTTGTGG
,AAGTTTTGAA
,ATATAATATA
,ATATAATGGT
,ATTATAATAATATTA
,TAATAATATT
,TAATAATTAT
,TACTTTTCAT
,TATTCGTATT
,TGATAATAAT
,TGTATTTTAA
,TTATAATAAT
,CAAACACAAAC
,TAATTTTAAT
,TACTTTTCAT
,ATTATAATAATATTA
,CACTGTTTTT
,GTATTTTAGT
,TAATTTTAAT
,TACTTTTCAT
,TGTAACTTTTCT
,AAAGTATCAT
,AAAGTTAAA
,AATAATTCA
,AATAATTCA
,AATGGTGTT
,ACCATACCA
,ACCGTTACA
,ACTCAAATA
,AGGCGTTTG
,AGTGAGAGTGA
,ATGGTAATGGTA
,ATGGTAATGGT
,ATGGTGATG
,ATGTCACTGTA
,ATGTTTATA
,ATTATTAAT
,ATTGCCAAAA
,ATTTATTTA
,CAACTCAAC
,CACGTGTGCAC
,CATTCTTTGT
,CGGTATGGC
,CGTGTGCACT
,CTAACTCAATC
,CTCTTCTAC
,CTGACCAGTC
,GAGTTTGAG
,GATTCTCTTAG
,GCAATAACG
,GGCGTTTGG
,GGTGTTGTTG
,GGTTTTAAT
,GGTTTTGAT
,GTACTTTTT
,GTATTGACATT
,GTATTTATG
,GTTACATTG
,GTTGTTGTTG
,GTTTTAATC
,TAATAATGT
,TAATGGTGTT
,TAATTCAAAA
,TACAATAACAT
,TACTTTTTG
,TAGGTGTTGTTG
,TATGGTAAT
,TGAATAAGT
,TGATAGTTTTG
,TGCAGACGT
,TGGTAATGGT
,TGGTGTTGT
,TGTAATAATGT
,TGTCCCTGT
,TGTTGTTGT
,TTAATTCAA
,TTACAACATT
,TTATGTATT
,TTGATTTTAGTT
,TTGGATCATT
,TTGGTGTTG
,TTGTATGTT
,TTTAAATTTTA
,TTTAAATTT
,TTTAAATTT
,TTTCTTATA
,TTTTAACAC
,TTTTAATTT
,TTTTGGTGG
,CTAAATTTAAATC
,TTTGTTACGCATTGTTT
,AGTTGTGTTGA
,ATTATAATAATATTA
,GTAAATGTTTC
,TATTTTGTTTTAT
,TTGGTTTGGTT
,TTTGTTACGCATTGTTT
,ACATTGTTACA
,ATTATAATAATATTA
,CAAACACAAAC
,CACTGTTTTT
,GTAACTTTTCT
,GTTTTTACTT
,TAATTTTAAT
,TACTTTTCAT
,TCCTACCATCCT
,AATTATAATAATATTAA
,TGTATTATGT
,CAAACACAAAC
,TAATTTTAAT
,TACTTTTCAT
,TCCTACCATCCT
,TTGTTACACATTGTT
,ATTATAATAATATTA
,TAATTTTAAT
,TATTCGTATT
,TATTGTTGTA
,TCTTTTGTGT
,TGATAATAGT
,TTATTTTATT
,TTGTTACACATTGTT
,CAAACACAAAC
,TAATTTTAAT
,TCCTACCATCCT
,AAAGTAATGCTC
,AACTTGTTGTT
,ACTAAGAGT
,ATGGTAATT
,ATTGTTTTA
,ATTTAAGTC
,ATTTTACCGAT
,CATTCTTAC
,CTGGCGGTC
,GATTTTACC
,GTGGTGGTG
,GTTACACATTG
,TAACTCAAT
,TATTCTTAT
,TATTTTAGC
,TTAACAATT
,TTATGAGTATT
,TTGTTTTAT
,CAAACACAAAC
,TAATTTTAAT
,TTTTAATTTT
,AGTGGTTAT
,ATAATATGA
,ATGTTGGTG
,ATTATAATAATATTA
,ATTTTAGTG
,CAGATTTTA
,GTGGTGGAC
,GTTTTATAAC
,TAATAATAT
,TAATTTTAAT
,TATTAACAT
,TATTATTAAT
,TATTCGTATT
,TCTTGGTCA
,TGGATAGGT
,TGGTCCTGGT
,TTCACCAAG
,TTGTTTTAT
,TTTGTTTGAC
,TTTTAATTTT
,TTTTCTTTT
,TTTTGTTTG
,ATTATAATAATATTA
,TGTAACTTTTCT
,ATTATAATAATATTA
,TAATTTTAAT
,CAAACACAAAC
,TAATTTTAAT
,TACTTTTCAT
,TCCTACCATCCT
,CAAACACAAAC
,TAATTTTAAT
,TTTTAATTTT
,ATAATATGAC
,ATTATAATAATATTA
,TAATGAAAGTAAT
,TAATTTTAAT
,TACATTTTAA
,TATTCGTATT
,TGTTTGATAATAA
,TTGTTACACATTGTT
,TTTGTTGTTT
,CAAACACAAAC
,TAATTTTAAT
,TACTTTTCAT
,TCCTACCATCCT
,CAAACACAAAC
,TAATTTTAAT
,TACTTTTCAT
,TTGTTACTCATTGTT
,TTGTTACACATTGTT
,AGTATTATGA
,ATTATAATAATATTA
,CAATATAAC
,CACTGTTTTT
,CAGGTGGAC
,CATTCTTAC
,CGAATTAAGC
,CTACACATC
,GAATTTAAG
,GGGTGTAAG
,GTGGTGGTG
,GTTTAATTTG
,GTTTTTGTC
,TAATCATACTAAT
,TACTTTTCAT
,TGTAACTTTTCTGAA
,TGTTTAATT
,TGTTTTTGT
,TTAAGCACGAATT
,TTAATTCTGG
,TTCATACTT
,TTTCACTTT
,ATTATAATAATATTA
,TTGTTACACATTGTT
,TTGTTACACATTGTT
,TTGTTACACATTGTT
,TTGTTACACATTGTT
,TAATTTTAAT
,TAATTTTAAT
,AACTTTCAA
,AAGGTGTTTA
,AATGAGTAA
,AATGGTGAT
,ACATATTGT
,ACTATATCA
,ACTTTGTTAA
,AGAAGATAT
,ATATGTATA
,ATGTAACAA
,ATTATAATAATATTA
,ATTATAATT
,ATTATAATT
,ATTTCACAT
,CAATATAAC
,CACAATTAT
,CACTGTTTTT
,CAGGTGGAC
,CATTTGCAGG
,CGTTAACTAA
,GAATTTAAG
,GGTGAATTA
,GTATGGATAA
,GTGATAATT
,GTGGTGGTG
,GTTGTTGTTG
,TAATTTTAAT
,TACTAATTA
,TACTTCTTGT
,TACTTTTCAT
,TATTATTAT
,TATTTTTAT
,TCAGTAATTC
,TCCTGTCCT
,TCTATCGTG
,TCTCTCTCT
,TGAAAAATC
,TGTAACTTTTCTGAA
,TGTATTTTA
,TGTTGGTGTT
,TGTTGTTGT
,TTAACAATT
,TTATACTAGT
,TTCTACTAAA
,TTGTCAGTTT
,TTGTCTGTT
,TTGTGATAA
,TTTACTAAT
,TTTACTAAT
,TTTCACTTT
,TTTGTGATA
,TTTTAGTGA
,TTTTAGTGGT
,TTTTATTTT
,TTTTTGTGG
,ATTATAATAATATTA
,GGAATTTAAGG
,GTTACACATTG
,TAATTTTAAT
,TAGTGGTGAT
,TCAAACACAAACT
,TCTTCACTTCT
,TTAACCAATT
,TTATGCGTATT
,TTTGTTGTTT
,AAGTAATGC
,AATGGTGAT
,AGTATTATGA
,ATAATATCA
,CAGGTGGAC
,GAATTTAAG
,GTGACAATT
,GTGGTGGTG
,TAATCATACTAAT
,TAATTTTAAT
,TAATTTTAA
,TACTAATCAT
,TACTTTTCAT
,TGTAACTTTTCTGAA
,TGTATTTTAA
,TGTATTTTA
,TTCATACTT
,TTGTTTTTA
,TTTCACTTT
,AATGAAAGTAA
,TAATTTTAAT
,AACTTATAA
,AACTTTCAA
,AAGGTTAAC
,AATCACTAA
,AATGAGTAA
,ACGCCATAC
,ACTACATCA
,ATAATATTA
,ATATGTATA
,ATATTCAAA
,ATGACAGTA
,ATGGTGGTC
,ATTATAATAATATTA
,CGACAATAT
,CGACTCAGC
,CTATTAATA
,CTGCACAAG
,GCGTATGCG
,GGTGGTAAA
,GTGCTCGTG
,GTTAAGCAG
,TAATTCACT
,TAATTTTGA
,TATAAATAT
,TATTTTTAT
,TGGTTTTAA
,TGTTGTTGT
,TTAATAATT
,TTAATACTA
,TTATAATTT
,TTCAGACCA
,TTGTTACACATTGTT
,TTTAATTTT
,TTTCACTTT
,TTTTGAATG
,CAAACACAAAC
,ATAATATGAC
,TTGTTACACATTGTT
,TTTGTTTGAC
,TAATTTTAAT
,CAAACACAAAC
,TAATTTTAAT
,TACTTTTCAT
,ATTATAATAATATTA
,AATGGTGAT
,ATTATAATAATATTA
,CAATATAAC
,CACTGTTTTT
,CAGGTGGAC
,CATTCTTAC
,GAATTTAAG
,GTGGTGGTG
,TAATTTTAAT
,TACTTTTCAT
,TCATTGTAT
,TGAATTAAGT
,TGGTTTGGT
,TGTAACTTTTCTGAA
,TGTATTTTA
,TGTTTTTGT
,TTTCACTTT
,TTTTAGTGA
,AATTATAAT
,ACAACAACA
,ACATATACA
,ATAATATTAA
,ATTATAATAATATTA
,CAGGTGGAC
,CGACGCAGC
,GGACTCAGG
,GGGTGTAAG
,GTAATGCTC
,GTTTTATTC
,TAAGTTTTA
,TAATTTTAAT
,TAGACCACCAGAT
,TATAGGTGG
,TATGAGTTG
,TGTAAGTTT
,TTCTTTTCTT
,TTTTAATTTT
,AGTTTTTGA
,ATTCTATTT
,ATTGTGTTA
,CAGGAGGAC
,GTAAATTTA
,GTTGTACTT
,GTTTATTAA
,TAATTTTAAT
,TAGTGGTAA
,TAGTGGTGAT
,TCATGTACT
,TCTATATCT
,TGATAATAGT
,TGGTTTTGGT
,TGTTGTTGT
,TGTTTTAAA
,TTAACAATT
,TTATTAATC
,TTTAATAAA
,TTTCACTTT
,TTTTAATAA
,TTTTAATTTT
,TTTTGGTGTA
,TTTTGTTACACATTGTTTT
,TTTTTCCTTTTT
,TTGTTACACATTGTT
,CACTGTTTTT
,ATTATAATAATATTA
,CAGTGGTAAAT
,GGAATTTAAGG
,GTTACACATTG
,TAATTTTAAT
,TAGTGGTGAT
,TCAAACACAAACT
,TTAACCAATT
,TTATGCGTATT
,TTTGTTGTTT
,TGTAACTTTTCTGAA
,TTGTTACACATTGTT
,CACTGTTTTT
,AGTATTATGA
,ATTATAATAATATTA
,CACTGTTTTT
,TAATCATACTAAT
,TAATTTTAAT
,TACTAATCAT
,TACTTTTCAT
,TGTAACTTTTCTGAA
,TGTATTTTAA
,TTTTAATTTT
,CAAACACAAAC
,TAATTTTAAT
,TACTTTTCAT
,TCCTACCATCCT
,CAAACACAAAC
,TAATTTTAAT
,TACTTTTCAT
,TCATTTTTACT
,TCCTACCATCCT
,TTTGTTACTCATTGTTT
,AGTATTATGA
,ATTATAATAATATTA
,TAATCATACTAAT
,TAATTTTAAT
,TACTAATCAT
,TACTTTTCAT
,TGTAACTTTTCTGAA
,TGTATTTTAA
,TTGTTACTCATTGTT
,AACTTTCAA
,AAGGTGTTTA
,AATGAGTAA
,ACATATTGT
,ACTATATCA
,ACTTTGTTAA
,AGAAGATAT
,AGGATCTTAT
,AGTACTTTT
,ATATGTATA
,ATGTAACAA
,ATTATAATAATATTA
,ATTATAATT
,ATTATAATT
,ATTCTACTAA
,ATTCTGCCA
,CAATATAAC
,CACAATTAT
,CACTGTTTTT
,CAGGTGGAC
,CGTTAACTAA
,GAATTTAAG
,GGTGAATTA
,GTATGGATAA
,GTGGTGGTG
,GTTGTTGTTG
,TAACAACTT
,TAATTTTAAT
,TACTAATTA
,TACTTTTCAT
,TATAATTTT
,TATTATTAT
,TATTTTTAT
,TATTTTTAT
,TATTTTTAT
,TCAGTAATTC
,TGAAAAATC
,TGTAACTTTTCTGAA
,TGTATTTTA
,TGTTGGTGT
,TGTTGTTGT
,TTATCGTGA
,TTCTACTAAA
,TTGTCAGTTT
,TTGTCTGTT
,TTGTGATAA
,TTTACTAAT
,TTTACTAAT
,TTTATCGTG
,TTTCACTTT
,TTTGTGATA
,TTTTAGTGA
,TTTTTGTGG
,AGGTGGTGT
,ATATTAATC
,TCAAGAACT
,TGTTTTTGT
,CAAACACAAAC
,TAATTTTAAT
,TACTTTTCAT
,TCCTACCATCCT
,TAATTTTAAT
,ACGTAATGCA
,ATAATATTA
,ATAATATTA
,ATTATAATAATATTA
,ATTATAATATTA
,ATTATAATA
,CACTGTTTTT
,TAACACAACT
,TAATAATTAT
,TAATGGTAAT
,TAATTTTAAT
,TATAATATTA
,TTAAATGGTG
,TAATGAAAGTAAT
,TAATTTTAAT
,ACAACTCAACA
,ATCATACTA
,CAGGTGGAC
,CGATGGTAGC
,GCTATATCG
,GTTTTATTC
,TACTAATCAT
,TTGTAGATGTT
,TTGTTACACATTGTT
,CAAACACAAAC
,TAATTTTAAT
,TTTTAATTTT
,CAAACACAAAC
,TAATTTTAAT
,TTAATTAATT
,TTGTTACACATTGTT
,AAGTAATGC
,AATGGTGAT
,ACTACCAAAG
,ACTGTTTTT
,AGTATTATGA
,ATCATACTA
,ATTATAATAATATTA
,ATTTTAATC
,CAATATAAC
,CAGGTGGAC
,CTAATTTTAA
,GAATTTAAG
,GTGGTGGTG
,TAATTTTAAT
,TACTAATCAT
,TACTTTTCAT
,TGTAACTTTTCTGAA
,TGTATTTTAA
,TGTATTTTA
,TGTTTTTGT
,TTCATACTT
,TTTCACTTT
,TTTTAGTGA
,CCATGACAGTACC
,TGTTACGCATTGT
,TTGTTACACATTGTT
,CAAACACAAAC
,AAACGCAAA
,AAAGATGTT
,AAATGGACA
,AAATTATGA
,AAATTATTT
,AAGGTGGAA
,AATTGTTGT
,AATTTAAAT
,ACATTATTTT
,ACCATACCA
,ACCCATTAT
,ACTTATTTA
,AGTTTTTGA
,ATATTTATA
,ATTCCTATT
,ATTGTGTTA
,CAGGAGGAC
,CATTAGGATTAC
,CATTATTAC
,CCAGTTAGT
,CTAATTATT
,CTATTTTTA
,GAAGTTAAT
,GACATTATT
,GATGGTGATT
,GGTGTGTAT
,GTAAATTAAATG
,GTTACACATTG
,GTTACACATTG
,GTTATAGTA
,GTTATAGTA
,GTTGTTGTTG
,TAAATGTTA
,TAAATGTTA
,TAAGAATTTT
,TAATTTTAAT
,TAGTGGTGAT
,TATTGTACA
,TATTTTTAT
,TATTTTTAT
,TATTTTTAT
,TCATGTACT
,TGATAATAGT
,TGCAGTGGT
,TGGTTTTGGT
,TGTTGTTGTT
,TGTTGTTGT
,TGTTGTTGT
,TGTTTTAAA
,TGTTTTAAA
,TTAACAATT
,TTATATGAGT
,TTATTTATT
,TTGTAAAGGT
,TTTAATAAA
,TTTAATTTT
,TTTATTAAA
,TTTATTAAA
,TTTCACTTT
,TTTGACCAGTTT
,TTTGATTCA
,TTTTAATAA
,TTTTAATTTT
,TTTTGTTACACATTGTTTT
,TTTTTCCTTTTT
,AATTAATTAA
,ACTATTTATCA
,GAAATTAAAG
,GTTACACATTG
,TATTCGTATTG
,TGTCTAACGA
,TTTTAATTTT
,AAAATTAAAA
,ATTAAAATTA
,GTTTGTGTTTG
,TAAGTTTGAAT
,ATTATAATAATATTA
,CACTGTTTTT
,TAATTTTAAT
,TCAAACACAAACT
,TGTAACTTTTCT
,TTAACCAATT
,TTTGTTGTTT
,AAATGGTGAT
,AATGGTCAT
,ACCCTTAAT
,ACTAAGAGT
,ACTTTGCAC
,ATTAAATTA
,ATTCTTACG
,ATTGTTTTA
,ATTTTACTCATTTTA
,CACTTCAAT
,CATTCTTAC
,CCAGAGACC
,CGTGAAAGTA
,CGTGGTCTAC
,TAATTTTAAT
,TATTTTAGT
,TATTTTGTT
,TTGGTGGTT
,TTTGTTACACATTGTTT
,TTTGTTGTTT
,TTTTGTCTA
,TTTTGTTTT
,AACTTATAA
,AATCACTAA
,AGTTTCAAT
,ATAATATTA
,ATGACAGTA
,ATGGTGGTC
,ATTATAATAATATTA
,CGACTCAGC
,CTATTAATA
,CTGCACAAG
,CTTGGTCTA
,GCGTATGCG
,TTAATAATT
,TTGTTACACATTGTT
,TTTCACTTT
,AATTTATATG
,ATGTTGGTG
,ATGTTGGTG
,GATGTTGTAG
,TGTTGGTGCT
,TTAAATGGTG
,TTGTTACACATTGTT
,ATTATAATAATATTA
,CACTGTTTTT
,TAATTTTAAT
,TACTTTTCAT
,TGTAACTTTTCTGAA
,TGTATTTTAA
,CAAACACAAAC
,TAATTTTAAT
,TACTTTTCAT
,TCCTACCATCCT
,AACTAATCAA
,GTTACACATTG
,TTGTTACACATTGTT
,ATTATAATAAT
,TATAATAATAT
,TCAACACAACT
,TTTTCTCTTTT
,TTGTTACACATTGTT
,AAAAGAACT
,AACTTATAA
,AATCACTAA
,ACAGATGTT
,ACTACATCA
,ATAATATTA
,ATAATTTTA
,ATATGTATA
,ATATTCAAA
,ATCGTGAGA
,ATTATAATAATATTA
,CGACTCAGC
,CTATTAATA
,CTGCACAAG
,GACGTCAAC
,GATTATAAT
,GGTGGTAAA
,GTGCTCGTG
,GTTAAGCAG
,TAAATGGTG
,TAATTCACT
,TAATTTTAG
,TACTTCTAT
,TATTTTTAT
,TCTATAGAA
,TGTTGGTCA
,TGTTGTTGT
,TTAATAATT
,TTGTTACACATTGTT
,TTTAAATTT
,TTTAATTTT
,TTTCACTTT
,TTTCTCTTT
,AGTATTATGA
,ATTATAATAATATTA
,CACTGTTTTT
,TAATTTTAAT
,TACTTTTCAT
,TTTTAATTTG
,ATTATAATAATATTA
,TAATTTTAAT
,TACTTTTCAT
,TATTAATTAT
,TGTAACTTTTCTGAA
,TTATACTAGT
,CAAACACAAAC
,TAATTTTAAT
,TACTTTTCAT
,TTTTAATTTT
,AAGGTGTTTA
,ACTTTGTTAA
,AGGATCTTAT
,AGTATTATGA
,ATTATAATAATATTA
,ATTATAATT
,ATTATAATT
,CACTGTTTTT
,CGTTAACTAA
,GTATGGATAA
,GTTGTTGTTG
,TAATTTTAAT
,TAATTTTAGT
,TACTTTTCAT
,TATTTTTAT
,TATTTTTAT
,TATTTTTAT
,TCAGTAATTC
,TGTTGGTGTT
,TTCTACTAAA
,TTGTCAGTTT
,TTTACTAAT
,TTTACTAAT
,TTTATAATTT
,TTTTAGTGGT
,AGTATTATGA
,ATTATAATAATATTA
,CACTGTTTTT
,TAATTTTAAT
,TAATTTTAAT
,TAATTTTAAT
,TAATTTTAA
,TAATTTTAA
,TACTTTTCAT
,TAGTGGTGAT
,CAAACACAAAC
,TAATTTTAAT
,TACTTTTCAT
,TCCTACCATCCT
,AACTGTCAA
,AATGAGTAA
,AATGGTGAT
,ACATATTGT
,ACCTCACAT
,ACTATATCA
,ACTTATATTA
,ACTTTGTTAA
,AGAAGATAT
,AGTACTTTT
,ATATGTATA
,ATGTAACAA
,ATTATAATAATATTA
,ATTATAATT
,CACAATTAT
,CACTGTTTTT
,CAGGTGGAC
,CATTACTGC
,CATTCTTAC
,CGTTAACTAA
,CTATCGTGA
,CTTAACAGT
,GAAGATGTT
,GAATTTAAG
,GGTTATAAT
,GTAAATTATA
,GTAGAAGATG
,GTATGGATAA
,GTGGTGGTG
,GTTGTTGTTG
,TAATTTTAAT
,TAATTTTAGT
,TACTAATTA
,TACTTTTCAT
,TATTCTTCTA
,TATTTTTAT
,TCAGTAATTC
,TGAAAAATC
,TGTAACTTTTCTGAA
,TGTATTTTA
,TGTTGGTCA
,TGTTGGTGTT
,TGTTGTTGT
,TTATACTAGT
,TTGTCAGTTT
,TTGTCTGTT
,TTGTGATAA
,TTTACTAAT
,TTTACTAAT
,TTTCACTTT
,TTTCTCTTT
,TTTGTGATA
,TTTTAGTGA
,TTTTAGTGGT
,TTTTTGTGG
,CACTGTTTTT
,TGTAACTTTTCTGAA
,TTATACTAGT
,ATCACACTA
,CAAACACAAAC
,GTGGTGGTG
,TAATTTTAAT
,TACTTTTCAT
,TTTCACTTT
,AAATGGTGAT
,AAGGTGTTT
,AATGGTCAT
,AATTCTTAA
,AATTTTAGT
,ACCATACCA
,ACCCTTAAT
,ACTAAGAGT
,ACTTATATTA
,ACTTTGCAC
,AGATTTAGA
,AGTGTTTGT
,ATATGTATA
,ATTAAATTA
,ATTATAATT
,ATTATATTA
,ATTATTATG
,ATTCTTACG
,ATTGTTTTA
,ATTTTACTCATTTTA
,ATTTTGTCT
,CAATGTGTT
,CACTTCAAT
,CATTCTTAC
,CCAGAGACC
,CGTGAAAGTA
,CGTGGTCTAC
,CTTAGTAATT
,GCTATGAGA
,GGACGACAT
,GGTTTACCAA
,GTAGTTTTAG
,GTTGTTGTTG
,GTTTTAGCA
,TAATTCACT
,TAATTCTACT
,TAATTTTAAT
,TAGAACAGTT
,TAGTTTTAG
,TATTATTAC
,TATTATTAC
,TATTTTAGT
,TATTTTGTT
,TATTTTTAT
,TGAGTAATT
,TGTTGAGTA
,TGTTGTTGT
,TTCAGTTTCA
,TTCTCTTAA
,TTGGTGGTT
,TTTGAGTTT
,TTTGTATAA
,TTTGTGATA
,TTTGTTACACATTGTTT
,TTTGTTGTTT
,TTTTAGTGGT
,TTTTGTCTA
,TTTTGTTTT
,TAATTTTAAT
,CCATGACAGTACC
,CTAAATTTAAATC
,TTTGTTACGCATTGTTT
,TAATTTTAAT
,ACTAATAAT
,ATAATAATA
,CAGGTGGAC
,GTTTTATTC
,CAAACACAAAC
,TAATTTTAAT
,TACTTTTCAT
,TCCTACCATCCT
,ACATTGTTACA
,TTGTTACACATTGTT
,AACTAATCAA
,GTTACACATTG
,CAATGTAAC
,GTAATAATG
,TGTTGTTGT
,TTAATAATT
,TTGTAATTT
,TTTTTCTTTTT
,CAAACACAAAC
,TAATTTTAAT
,TCCTACCATCCT
,ATTATAATATTA
,AGTTGTGTTGA
,ATTATAATAATATTA
,ATTTTTAATGC
,GTAAATGTTTC
,TTGGTTTGGTT
,TTGTTACACATTGTT
,ACTAATAAT
,ATTGTTTTA
,CTTGTGTTC
,TGGTAATTG
,TTGTTTTAT
,TAATTTTAAT
,TAATGAAAGTAAT
,TAATTTTAAT
,TTTGTTGTTT
,AACTTATAA
,AACTTTCAA
,AAGGTTAAC
,AATCACTAA
,AATGAGTAA
,AATTTAATA
,AATTTTGTA
,ACGCCATAC
,ACTACATCA
,ACTTCTTTTG
,ATAATATTA
,ATATGTATA
,ATATTCAAA
,ATATTTGTG
,ATGACAGTA
,ATGGTGGTC
,ATTATAATAATATTA
,ATTATAATT
,CATAATTTTG
,CGACTCAGC
,CTATTAATA
,CTGCACAAG
,CTTGGTCTA
,GATTATAAT
,GCGTATGCG
,GGTGGTAAA
,GGTGTTGTGG
,GGTGTTTAT
,GGTGTTTAT
,GTAATTTTAG
,GTGCTCGTG
,GTTAAGCAG
,GTTGTTGTTG
,TAATTCACT
,TAATTTTAAT
,TAATTTTGA
,TATTCTTCTA
,TATTTTTAT
,TGCGACAACA
,TGGTTTTAA
,TGTTGTTGT
,TTAAATGGTG
,TTAATAATT
,TTAATACTA
,TTATAATTT
,TTCAGACCA
,TTGTTACACATTGTT
,TTTAATTTT
,TTTCACTTT
,TTTCTCTTT
,TTTTAATTTT
,TTTTGAATG
,TTGTTACACATTGTT
,ATTATAATAATATTA
,TGTAACTTTTCTG
,CAAACACAAAC
,TAATTTTAAT
,TACTTTTCAT
,CAAACACAAAC
,TAATTTTAAT
,TACTTTTCAT
,AATATTAATA
,ATAAAAATA
,ATCTGTCTA
,CATTCTTAC
,CCATGACAGTACC
,CTAAATTTAAATC
,GATTTTTGT
,TAACGCAAT
,TAACTCAAT
,TAATTTTAAT
,TATAATATT
,TATTCGTAT
,TCAATATAAT
,TCTACATCT
,TGTAACTTC
,TTTCACTTT
,TTTGTTACGCATTGTTT
,TTTTGTTTT
,TTTTTAATGG
,CAAACACAAAC
,TAATTTTAAT
,TACTTTTCAT
,CAAACACAAAC
,TAATTTTAAT
,TACTTTTCAT
,ATTATAATAATATTA
,CAGTGGTAAAT
,GGAATTTAAGG
,GTTACACATTG
,TAATTTTAAT
,TAGTGGTGAT
,TCAAACACAAACT
,TCTTCACTTCT
,TTAACCAATT
,TTATGCGTATT
,TTTGTTGTTT
,TAATGAAAGTAAT
,TAATTTTAAT
,TACTTTTCAT
,TTGTTACACATTGTT
,ATAATATTAA
,ATTATAATAATATTA
,TAATTTTAAT
,TAGACCACCAGAT
,TTCTTTTCTT
,TTGTTACGCATTGTT
,TTTTAATTTT
,ATTATAATAATATTA
,TTGTTACACATTGTT
,CACTGTTTTT
,TAATTTTAAT
,TACTTTTCAT
,TGTAACTTTTCTGAA
,TTATACTAGT
,AAGTAATGC
,AGTATTATGA
,ATAATATTA
,ATCATACTA
,ATTATAATAATATTA
,CAGGTGGAC
,GAATTTAAG
,GTGGTGGTG
,TAATTTTAAT
,TAATTTTAA
,TACTAATCAT
,TACTTTTCAT
,TATAATAAT
,TATTCTTAT
,TGTAACTTTTCTGAA
,TGTATTTTAA
,TGTATTTTA
,TGTTTTTGT
,TTATTTTATT
,TTATTTTAT
,TTTCACTTT
,TTTTCACTT
,AGTGGTTAT
,ATAATATGAC
,ATAATATGA
,ATGTTGGTG
,ATTAGATTA
,ATTATAATAATATTA
,ATTTTAGTG
,CAGATTTTA
,GTGGTGGAC
,GTTTTATAAC
,GTTTTATTA
,TAATAATAT
,TAATTTTAAT
,TATTAACAT
,TATTATTAAT
,TATTCGTATT
,TCTTGGTCA
,TGGATAGGT
,TGGTCCTGGT
,TTCACCAAG
,TTGTTACACATTGTT
,TTGTTTTAT
,TTTAATTTT
,TTTGTTTGAC
,TTTTAATTTT
,TTTTCTTTT
,TTTTGTTTG
,ATCACACTA
,CAAACACAAAC
,GTGGTGGTG
,TAATTTTAAT
,TACTTTTCAT
,TTTCACTTT
,TAATTTTAAT
,AAAATTAAT
,AACCCCCAA
,AACTTTCAA
,AATGAGTAA
,AATGGTGAT
,AATTGTTTC
,ACTATATCA
,AGTCACAAT
,ATATGTATA
,ATATTTTTA
,ATTATAATAATATTA
,CAATATAAC
,CAGGTGGAC
,CATTACTGC
,CATTCTTAC
,GAAGATGTT
,GAATTTAAG
,GGTGAATTA
,GTGGTGGTG
,GTGTATTTT
,GTTTTTACT
,TAACAACTT
,TAACGCAAT
,TATTTTTAT
,TGAAAAATC
,TGGTGGTGA
,TGTATTTTA
,TGTTGTTGT
,TGTTTTTGT
,TTAACAACT
,TTCTACTAATTA
,TTCTACTAA
,TTCTCTTCTCTT
,TTGTCTGTT
,TTGTGATAA
,TTTAACAGT
,TTTATAATTTAA
,TTTCACTTT
,TTTGTGATA
,ACGTAATGCA
,ATTATAATAATATTA
,TAATTTTAAT
,TACTTTTCAT
,TTAAATGGTG
,ATTATAATAATATTA
,TTGTTACACATTGTT
,TAATTTTAAT
,TTGTTACACATTGTT
,CAAACACAAAC
,TAATTTTAAT
,TACTTTTCAT
,TCCTACCATCCT
,ATTATAATAATATTA
,TGTAACTTTTCT
,CAAACACAAAC
,TAATTTTAAT
,TACTTTTCAT
,TCCTACCATCCT
,CAAACACAAAC
,TAATTTTAAT
,TACTTTTCAT
,TAATTTTAAT
,AAAATTAAAA
,ATTAAAATTA
,GTTTGTGTTTG
,TAAGTTTGAAT
,ATTATAATAATATTA
,CTAAATTTAAATC
,TTTGTTACACATTGTTT
,AAGTTTTGAA
,AATTTAACA
,ACAATTTAA
,ATATAATATA
,ATATAATGGT
,CCATTAATAT
,TAATAATTAT
,TAATTTTAAT
,TGTATTTTAA
,TTGTTACTCATTGTT
,TAATGAAAGTAAT
,TAATTTTAAT
,CACTGTTTTT
,TAATTTTAAT
,TACTTTTCAT
,TGTAACTTTTCTGAA
,TTTAAGTCTT
,AATAATTTTTAATAA
,AATAATTTT
,AATAATTTT
,CTTTTGTTGTTTTC
,GGTGTTGTTGTGG
,GTTGTTGTGGGTGTTGTTG
,TAAATGTTA
,TAAATGTTA
,TAGTAATTCAGGA
,TATTTTTAT
,TATTTTTAT
,TATTTTTAT
,TTTTAATAA
,AATGGTGAT
,ACAACAACA
,AGTTTAAAT
,ATCAAACTA
,CACTGTCAC
,CATTCTTAC
,CTATTAATA
,GTGATTTTAATG
,GTGGTGGTG
,TAAGTTTAA
,TCAAAGTTT
,TGACTCAGT
,TTAATCAAA
,TTGTCTGTT
,AAGTAATGC
,AATGGTGAT
,AGTATTATGA
,ATTATAATAATATTA
,CACTGTTTTT
,CAGGTGGAC
,GAATTTAAG
,GTGACAATT
,GTGGTGGTG
,TAATCATACTAAT
,TAATTTTAAT
,TAATTTTAA
,TACTAATCAT
,TACTTTTCAT
,TGTAACTTTTCTGAA
,TGTATTTTAA
,TGTATTTTA
,TGTTTTTGT
,TTCATACTT
,TTTCACTTT
,TTTTAGTGA
,TGTAACTTTTCTGAA
,TGATAATAGT
,ATTATAATAATATTA
,TGTAACTTTTCTGAA
,CAAACACAAAC
,TAATTTTAAT
,TACTTTTCAT
,TCCTACCATCCT
,CAAACACAAAC
,TAATTTTAAT
,TACTTTTCAT
,TAATGAAAGTAAT
,TAATTTTAAT
,ATCACACTA
,CAAACACAAAC
,GTGGTGGTG
,TAATTTTAAT
,TACTTTTCAT
,TTTCACTTT
,AAGGTGTTTA
,ACTTTGTTAA
,ATTATAATAATATTA
,ATTATAATT
,ATTATAATT
,ATTCTACTAA
,CACTGTTTTT
,CGTTAACTAA
,GTATGGATAA
,GTATTTTAGT
,GTTGTTGTTG
,TAATTTTAAT
,TAATTTTAGT
,TACTTTTCAT
,TATAATTTTA
,TATTTTTAT
,TATTTTTAT
,TATTTTTAT
,TCAGTAATTC
,TGTTGGTGTT
,TTCTACTAAA
,TTGTCAGTTT
,TTTACTAAT
,TTTACTAAT
,CAAACACAAAC
,TAATTTTAAT
,TACTTTTCAT
,TCCTACCATCCT
,AATATTTATAA
,AGTTATCTA
,ATAATTTTT
,ATCTGTCTA
,CATTCTTAC
,CCATGACAGTACC
,GTTACGCATTG
,TAACTCAAT
,TATTCGTAT
,TATTCTTAT
,TCTACATCT
,TGAATAAGT
,TGTTTATACAG
,TTGGTGGTA
,TTTTGTTTT
,TTTTTAATG
,ATAAAAATA
,ATCTGTCTA
,CATTCTTAC
,CCATGACAGTACC
,CTAAATTTAAATC
,GATTTTTGT
,TAACGCAAT
,TAACTCAAT
,TATTCGTAT
,TCTACATCT
,TGTAACTTC
,TTTCACTTT
,TTTGTTACGCATTGTTT
,TTTTCACTT
,TTTTGTTTT
,ATTGTTTTA
,CTGGCGGTC
,GTTTTATTC
,TTAACAATT
,TTGTTTTAT
,ATGTTGGTG
,ATGTTGGTG
,TTGTTACACATTGTT
,CCATGACAGTACC
,CTAAATTTAAATC
,GTTCATCTACTTG
,TTTGTTACGCATTGTTT
,ATTATAATAATATTA
,TGTAACTTTTCTGAA
,CAAACACAAAC
,TAATTTTAAT
,TACTTTTCAT
,TCCTACCATCCT
,ATAATATTAA
,ATTATAATAATATTA
,TAATTTTAAT
,TAGACCACCAGAT
,TTCTTTTCTT
,TTGTTACGCATTGTT
,TTTTAATTTT
,TTTTGGTTTT
,AAGTTTTGAA
,ACTTTAACCAATTTCA
,ATAATATTA
,ATAATATTA
,ATTATAATAATATTA
,ATTATAATATTA
,ATTATAATA
,TAATCAAAGT
,TATAATATTA
,TATTCGTATT
,TGTAACTTTTCT
,TTAAATGGTG
,TTGTTACACATTGTT
,AAAAGAACT
,AACAGTTTC
,AAGTGCTAT
,AATCACTAA
,AATGAGTAA
,ACATTAACT
,ACCATACCA
,ACTACATCA
,AGTGTTTGT
,ATATGTATA
,ATGTTGGTG
,ATGTTGGTG
,CAACACAAC
,CTCATAACT
,GGTGGTAAA
,GTCAATACT
,GTCAATGGT
,GTGAAAGTA
,GTGCTCGTG
,GTGGTGGAC
,TAATGAAAG
,TAATTATTT
,TAGTTTTAG
,TATATGTAT
,TATTTTTAT
,TGTTGGTCA
,TGTTGTTGT
,TTAATAATT
,TTATAATTT
,TTATCGTGA
,TTCTGTCTT
,TTGACAGTT
,TTGTTACACATTGTT
,TTTAAATTT
,TTTATCGTG
,TTTCTCTTT
,TTTTATTTT
,ATAATATTAA
,ATTATAATAATATTA
,TAATTTTAAT
,TAGACCACCAGAT
,TTCTTTTCTT
,TTGTTACGCATTGTT
,TTTTAATTTT
,TAATTTTAAT
,TTGTTACACATTGTT
,TAATTTTAAT
,AAACGCAAA
,AAAGATGTT
,AAATTATGA
,AAATTATTT
,AAGACCAGAA
,AAGGTGGAA
,AATTGTTGT
,AATTTAAAT
,ACATTGTTTT
,ACCATACCA
,ACCCATTAT
,ACTTATTTA
,AGTTTTTGA
,ATATTTATA
,ATTGTGTTA
,ATTGTTTTGTTA
,CATTATTAC
,CCAGTTAGT
,CTATTTTTA
,GAAGTTAAT
,GACATTATT
,GATGGTGATT
,GGTGTGTAT
,GTGGTTTTA
,GTTATAGTA
,GTTATAGTA
,GTTGTACTT
,TAAATGTTA
,TAAGAATTTT
,TAATTTTAAT
,TACTTTCAT
,TAGTGGTGAT
,TATTGTACA
,TATTTTTAT
,TATTTTTAT
,TATTTTTAT
,TCATGTACT
,TGATAATAGT
,TGCAGTGGT
,TGGTTTTGGT
,TGTTGTTGT
,TGTTTTAAA
,TGTTTTAAA
,TTAACAATT
,TTACATTGT
,TTATATGAG
,TTATTTATT
,TTGTAAAGGT
,TTTAATAAA
,TTTAATTTT
,TTTATTAAA
,TTTATTAAA
,TTTCACTTT
,TTTGACCAGTTT
,TTTGATTCA
,TTTTAATAA
,TTTTAATTTT
,TTTTGGTGTA
,TTTTGTTACACATTGTTTT
,TTTTTCCTTTTT
,ATTATAATAATATTA
,GGAATTTAAGG
,GTTACACATTG
,TAATTTTAAT
,TAGTGGTGAT
,TCAAACACAAACT
,TCTTCACTTCT
,TTAACCAATT
,TTATGCGTATT
,TTTGTTGTTT
,AAGTGGTCA
,ACACACACA
,ACTATAATAATATCA
,ATAATATGAC
,ATAATATGA
,ATAATTTCT
,ATGTTGGTG
,ATTTGTTTT
,CAGATTTTA
,GTTTCACTA
,GTTTTATAAC
,TAATAATAT
,TAATGAAAGTAAT
,TATTCGTATT
,TGAAAAAAGT
,TGGATAGGT
,TTAAATGGT
,TTCACCAAG
,TTCATACTT
,TTGTTACACATTGTT
,TTGTTTTAT
,TTTACATTT
,TTTGACAAT
,CAAACACAAAC
,TAATTTTAAT
,TACTTTTCAT
,TCCTACCATCCT
,AAACTGGTT
,AAGATTTTG
,AATGAGTAA
,AATTATTAA
,AATTTCACT
,AATTTTAGTG
,AATTTTAGT
,ACCATACCA
,ACTATATCA
,ACTTCTTGT
,AGGTGGTAAA
,AGGTGGTAA
,AGTAATTAA
,ATATAATATA
,ATATGTATA
,ATGTTGGTG
,ATTCACTTT
,ATTGTTTTA
,ATTTTAGTG
,CATTCTTAC
,CCTGATGGT
,CTCAAACTC
,GGAATTATT
,GGTAATATA
,GTAATTAATG
,GTAATTTTAG
,GTAGAAGATG
,GTGCTCGTG
,GTGGTAAACC
,GTGGTGGTG
,GTGTTTGTT
,GTTGTTGTTG
,GTTTGTAGT
,GTTTTATAAC
,TAATAGTTTT
,TAATTCACT
,TAATTTTAG
,TACTAATCAT
,TAGTAATTT
,TATAATGGTG
,TATTCTTCTA
,TATTTTTAT
,TGGTTTTAA
,TGTAATTTTT
,TGTACCAAAC
,TGTAGAACTT
,TGTTGGTCA
,TGTTGTTGT
,TTAATGTGAC
,TTAATTTGAC
,TTATCGTGA
,TTATTACGG
,TTATTGAAG
,TTATTGAAG
,TTCTTCTAA
,TTGTTTTAT
,TTTACTAAT
,TTTCACTTT
,TTTGTATAA
,TTTGTTACACATTGTTT
,TTTGTTTTG
,TTTTAATGT
,TTTTGTTTT
,ACTAGATCA
,AGTATTATGA
,ATAATATTA
,ATCTGTCTA
,ATTATAATAATATTA
,CAATATAAC
,CACTGTTTTT
,CAGGTGGAC
,CATTCTTAC
,CCGATAGCC
,GAATTTAAG
,GATTTTATC
,GTGGTGGTG
,TAACTCAAT
,TAATTTTAAT
,TAATTTTAA
,TACTTTTCAT
,TGTATTTTA
,TGTTTTTGT
,TTAACAACC
,TTTCACTTT
,TTTTAGTGA
,ATCACACTA
,CAAACACAAAC
,GTGGTGGTG
,TAATTTTAAT
,TACTTTTCAT
,TTTCACTTT
,ATTATAATAATATTA
,ATTATAATAATATTA
,TGTAACTTTTCT
,ACTACCAAAG
,ATTATAATAATATTA
,CACTGTTTTT
,TAATTTTAAT
,TACTTTTCAT
,TGTAACTTTTCTGAA
,TTATACTAGT
,AACTTATAA
,AATCACTAA
,ATAATATTA
,ATGACAGTA
,ATGGTGGTC
,ATTATAATAATATTA
,CGACTCAGC
,CTATTAATA
,CTGCACAAG
,CTTGGTCTA
,GACACCACAG
,GCGTATGCG
,TAATTTTAAT
,TGATGGGTC
,TTAAATGGTG
,TTAATAATT
,TTAATACTA
,TTGTTACACATTGTT
,TTTCACTTT
,TTTTAATTTT
,AATTTCACT
,ATATAATATA
,ATGTTGGTG
,ATTCACTTT
,ATTGTTTTA
,ATTTTAGTG
,CATTCTTAC
,GTAATTAATG
,GTGATAATAGTG
,GTGGTGGTG
,TATAATGGTG
,TGTAATTTTT
,TTAATGTGAC
,TTGTTTTAT
,TTTCACTTT
,TTTGTTACACATTGTTT
,TTTGTTTTG
,TTTTAATGT
,TTTTGTTTT
,AACTTATAA
,AATCACTAA
,ATAATATTA
,ATGACAGTA
,ATGGTGGTC
,ATTATAATAATATTA
,CGACTCAGC
,CTATTAATA
,CTGCACAAG
,CTTGGTCTA
,GCGTATGCG
,TTAATAATT
,TTAATACTA
,TTAATATTT
,TTGTTACACATTGTT
,TTTCACTTT
,CTAAATTTAAATC
,TTGTTACACATTGTT
,AAAGGCCTGCT
,AGCGAGCGA
,AGTGCGTGA
,CAGACCCAGAC
,CGCCGCCGC
,CGTGCGTGC
,CTGCTGCTA
,GCGAGCGAA
,GCGGCGGCG
,GCGTATGCG
,GTGTATGTG
,GTGTATTTT
,GTGTTTGTG
,GTGTTTGTG
,GTGTTTGTG
,GTTTGTGTA
,TAGCGCGAT
,TAGCGCGGCGA
,TATGCGTAT
,TATGTGTAT
,TATTATTAT
,TGTATTTTA
,CAAACACAAAC
,TAATTTTAAT
,TACTTTTCAT
,TCCTACCATCCT
,TTGTTACACATTGTT
,CAAACACAAAC
,TAATTTTAAT
,TACTTTTCAT
,TCCTACCATCCT
,AACTTATAA
,AACTTTCAA
,AAGGTTAAC
,AATCACTAA
,AATGAGTAA
,ACGCCATAC
,ACTACATCA
,ACTTCTTTTG
,ATAATATTA
,ATATGTATA
,ATATTCAAA
,ATGACAGTA
,ATGGTGGTC
,ATTATAATAATATTA
,ATTATAATT
,CATAATTTTG
,CGACTCAGC
,CTATTAATA
,CTGCACAAG
,CTTGGTCTA
,GATTATAAT
,GCGTATGCG
,GGTGGTAAA
,GGTGTTGTGG
,GTAATTTTAG
,GTGCTCGTG
,GTTAAGCAG
,GTTGTTGTTG
,TAATTCACT
,TAATTTTAAT
,TAATTTTGA
,TATTCTTCTA
,TATTTTTAT
,TGCGACAACA
,TGGATTACC
,TGGTTTTAA
,TGTTGTTGT
,TTAAATGGTG
,TTAATAATT
,TTAATACTA
,TTATAATTT
,TTCAGACCA
,TTGTTACACATTGTT
,TTTAATTTT
,TTTCACTTT
,TTTGTATGAC
,TTTTAATTTT
,TTTTGAATG
,CAAACACAAAC
,TAATTTTAAT
,TACTTTTCAT
,TCCTACCATCCT
,AACTTATAA
,AATCACTAA
,ACATTGTTACA
,ATAATATTA
,ATGACAGTA
,ATGGTGGTC
,ATTATAATAATATTA
,ATTCAAACTTA
,CAAACACAAAC
,CGACTCAGC
,CTATTAATA
,CTGCACAAG
,CTTGGTCTA
,GCGTATGCG
,TACAAACAT
,TTAATAATT
,TTAATACTA
,TTAATATTT
,TTGTTACACATTGTT
,TTTCACTTT
,ACTACCAAAG
,ATTATAATAATATTA
,CACTGTTTTT
,TAATTTTAAT
,TACTTTTCAT
,TGTAACTTTTCTGAA
,TTATACTAGT
,CACTGTTTTT
,TAATTTTAAT
,TACTTTTCAT
,TGTAACTTTTCTGAA
,TTATACTAGT
,TAATTTTAAT
,CAAACACAAAC
,TAATTTTAAT
,TACTTTTCAT
,TTGTTACACATTGTT
,ATTATAATAATATTA
,TATTTTATTTTAT
,TGTAACTTTTCTGAA
,TAATTTTAAT
,CAAACACAAAC
,TAATTTTAAT
,TACTTTTCAT
,TCCTACCATCCT
,TTGTTACACATTGTT
,ATGTTTTTTTTGTA
,ATTATAATAATATTA
,TGTAACTTTTCTGAA
,AAACTGGTT
,AAGATTTTG
,AATGAGTAA
,AATTATTAA
,AATTTCACT
,AATTTTAGTG
,AATTTTAGT
,ACCATACCA
,ACTATATCA
,ACTTCTTGT
,AGGTGGTAAA
,AGGTGGTAA
,AGTAATTAA
,ATATAATATA
,ATATGTATA
,ATGTTGGTG
,ATTCACTTT
,ATTGTTTTA
,CATTCTTAC
,CCTGATGGT
,CTCAAACTC
,GGAATTATT
,GGTAATATA
,GTAATTAATG
,GTAATTTTAG
,GTAGAAGATG
,GTGCTCGTG
,GTGGTAAACC
,GTGGTGGTG
,GTGTTTGTT
,GTTGTTGTTG
,GTTTGTAGT
,TAATAGTTTT
,TAATTCACT
,TAATTTTAG
,TAGTAATTT
,TATAATGGTG
,TATTCTTCTA
,TATTTTTAT
,TGGTTTTAA
,TGTAATTTTT
,TGTACCAAAC
,TGTAGAACTT
,TGTTGGTCA
,TGTTGTTGT
,TTAATGTGAC
,TTAATTTGAC
,TTATCGTGA
,TTATTACGG
,TTATTGAAG
,TTATTGAAG
,TTCTTCTAA
,TTGTTTTAT
,TTTAGTGGT
,TTTCACTTT
,TTTGTATAA
,TTTGTTACACATTGTTT
,TTTGTTTTG
,TTTTAATGT
,TTTTACTTAT
,TTTTGTTTT
,TAATTTTAAT
,ATTATAATAATATTA
,TTGTTACACATTGTT
,ATCACACTA
,CAAACACAAAC
,GTGGTGGTG
,TAATTTTAAT
,TACTTTTCAT
,TTTCACTTT
,TTGTTACACATTGTT
,CAAACACAAAC
,TAATTTTAAT
,TACTTTTCAT
,TCCTACCATCCT
,ATTGCGTTA
,CAGGAGGAC
,GGATTTAGG
,GTAAATTTA
,TAAATTTAAAT
,TAGTGGTAA
,TGATAATAGT
,TGGTTTTGGT
,TTAATAATT
,TTGTTTTTGTT
,TTTTGTTACACATTGTTTT
,GTTACACATTG
,TCTGTATATTT
,AAAATTAAT
,AACTTTCAA
,AAGGTGTTT
,AATGAGTAA
,AATTTTAGTG
,ACATATTGT
,ACCATACCA
,ACTATATCA
,AGTAGTTTT
,AGTGGTCATG
,AGTGGTTAT
,AGTTTCAGA
,ATAATATGAC
,ATAATATGA
,ATAATTCAC
,ATATGTATA
,ATGAACCAC
,ATGGTGGTTT
,ATGTTGGTG
,ATTAGATTA
,ATTATAATAATATTA
,ATTATAATT
,ATTATAATT
,ATTGAAGAT
,ATTTTAGTG
,CAGATTTTA
,CAGCAGTTT
,CTGATACAG
,GAAACTGGTT
,GGTGAATTA
,GTAGGTGTT
,GTGGTGGAC
,GTTCTACTA
,GTTGTTGTTG
,GTTTTATAAC
,GTTTTATTA
,TAAACCAAAT
,TAATAATAT
,TAATAGTTTT
,TAATTTTAAT
,TAGTAATAG
,TATTAACAT
,TATTATTAAT
,TATTATTAT
,TATTCGTATT
,TATTTTTAT
,TCTTGGTCA
,TGCGACAACA
,TGGATAGGT
,TGGTAATGGT
,TGGTTTTAA
,TGTTGGTCA
,TGTTGTTGT
,TTACAGAAC
,TTAGTTAAAG
,TTCACCAAG
,TTGTTACACATTGTT
,TTGTTTTAT
,TTTAATTTT
,TTTGTATAA
,TTTGTTTGAC
,TTTTAATTTT
,TTTTAGCAGT
,TTTTCTTTT
,TTTTGTTTG
,GGTCAACTGG
,TAATAATTAT
,TAATTTTAAT
,TTGTGTTCAC
,TAATTTTAAT
,CAAACACAAAC
,TAATTTTAAT
,TACTTTTCAT
,TAATTTTAAT
,TACTTTTCAT
,GATGTTGTAG
,TAATTTTAAT
,TACTTTTCAT
,TATTCGTATT
,TTTTAATTTT
,TTGTTACACATTGTT
,TTGTTACACATTGTT
,ATCACACTA
,CAAACACAAAC
,GTGGTGGTG
,TAATTTTAAT
,TACTTTTCAT
,TTTCACTTT
,GTAATAATG
,TGTTGTTGT
,TTCTTTCTT
,TTGTAATTT
,AAACTGGTT
,AATAGTGTT
,AATGAGTAA
,AATTGTATT
,AATTTTAGTG
,AATTTTAGT
,AATTTTAGT
,AATTTTAGT
,ACCATACCA
,ACTATATCA
,ACTGTGTCA
,ACTTCTTGT
,ATACATTTTACATA
,ATTGTTGTA
,CATTCTTAC
,CATTGTAATT
,CATTGTAATT
,CATTGTTAC
,CTCATTGTTA
,GACCATTTA
,GAGTTAACT
,GGTTTTAAAA
,GTAATTTTA
,GTAGAAGATG
,GTATTACTG
,GTGGGTGTT
,GTGGTGGTG
,GTTTCAGCA
,GTTTTCGAT
,TAATAATCA
,TAATAGTTTT
,TAATTTTAAT
,TACAATAGTG
,TAGAAGATG
,TATAATAAT
,TATAATTTTA
,TATTCGTATT
,TATTCTTAT
,TATTCTTCTA
,TATTGTTGT
,TATTTTTAT
,TATTTTTAT
,TATTTTTAT
,TCTTCAAGG
,TGAAAAATC
,TGAGCAGTTT
,TGATTTAGT
,TGGATAGGT
,TGGTTTAAT
,TGTTACAGA
,TGTTGGTCA
,TGTTGTTGT
,TTGTGATAA
,TTGTTACTCATTGTT
,TTGTTTTAT
,TTTAATGGT
,TTTCACTTT
,TTTCAGATGG
,TTTGTATAA
,TTTGTATAA
,TTTGTGATA
,TTTTGTTTG
,ATCACACTA
,CAAACACAAAC
,GTGGTGGTG
,TAATTTTAAT
,TACTTTTCAT
,TTTCACTTT
,ATTATAATAATATTA
,CGAATTAAGC
,TAATTTTAAT
,TACTTTTCAT
,TGTAACTTTTCTGAA
,TTATACTAGT
,ACGTAATGCA
,ATAATATTA
,ATAATATTA
,ATTATAATAATATTA
,ATTATAATATTA
,ATTATAATA
,TAACACAACT
,TAATAATTAT
,TAATGGTAAT
,TAATTTTAAT
,TATAATATTA
,TTAAATGGTG
,CAAACACAAAC
,TAATTTTAAT
,TTTTAATTTT
,TAATGAAAGTAAT
,TAATTTTAAT
,AGGTGGTGT
,TCAAGAACT
,TGTTTTTGT
,TTCAAACTT
,AATGGTGAT
,ATTATAATAATATTA
,CAGGTGGAC
,CATTCTTAC
,GAATTTAAG
,GTGGTGGTG
,TAACGCAAT
,TAATTTTAA
,TGTATTTTA
,TGTTTTTGT
,TTAACAACT
,TTAAGCACGAATT
,TTTCACTTT
,AACTTATAA
,AATCACTAA
,ATAATATTA
,ATGACAGTA
,ATGGTGGTC
,ATTATAATAATATTA
,CGACTCAGC
,CTATTAATA
,CTTGGTCTA
,GCGTATGCG
,TTAATAATT
,TTAATACTA
,TTAATATTT
,TTGTTACACATTGTT
,TTTCACTTT
,TTGTTACACATTGTT
,AAACTGGTT
,AACTTTCAA
,AAGGTGTTTA
,AAGTAATGC
,AAGTTATTG
,AATGAGTAA
,AATGGTGAT
,ACATATTGT
,ACTATATCA
,ACTTTGTTAA
,AGAAGATAT
,AGTACTTTT
,ATATGTATA
,ATTATAATAATATTA
,ATTATAATT
,ATTTCAGCA
,CAATATAAC
,CACAATTAT
,CACTGTTTTT
,CAGCAGTTT
,CAGGTGGAC
,CGTTAACTAA
,GAATTTAAG
,GGTGAATTA
,GTATGGATAA
,GTGGTGGTG
,GTGTATAAG
,GTTAACTAA
,GTTGTTGTTG
,TAAACAAAT
,TAACAACTT
,TAATTTTAAT
,TAATTTTAGT
,TACTAATTA
,TACTTTTCAT
,TATTATTAT
,TATTTTTAT
,TATTTTTAT
,TATTTTTAT
,TGAAAAATC
,TGTAACTTTTCTGAA
,TGTATTTTA
,TGTTGGTGTT
,TGTTGTTGT
,TGTTTTTGT
,TTATGGTTT
,TTGTCAGTTT
,TTGTCTGTT
,TTGTGATAA
,TTTACTAAT
,TTTACTAAT
,TTTATAATTT
,TTTCACTTT
,TTTCTCTTT
,TTTGATCCC
,TTTGTGATA
,TTTTAGTGGT
,TTTTTGTGG
,ATCACACTA
,CAAACACAAAC
,GTGGTGGTG
,TAATTTTAAT
,TACTTTTCAT
,TTTCACTTT
,AATATTAATA
,ACGTAATGCA
,CTAAATTTAAATC
,TAATTTTAAT
,TTAAATGGTG
,TTTGTTACACATTGTTT
,TTGTTACACATTGTT
,CAAACACAAAC
,TAATTTTAAT
,TACTTTTCAT
,TCCTACCATCCT
,TAATTTTAAT
,TAATTTTAAT
,ATTCAAACTTA
,CAAACACAAAC
,TAATTTTAAT
,TTTTAATTTT
,ATTATAATAATATTA
,TGTAACTTTTCTGAA
,AACTTATAA
,AATCACTAA
,ACATTGTTACA
,ATAATATTA
,ATGACAGTA
,ATGGTGGTC
,ATTATAATAATATTA
,ATTCAAACTTA
,CAAACACAAAC
,CGACTCAGC
,CTATTAATA
,CTGCACAAG
,CTTGGTCTA
,GCGTATGCG
,TACAAACAT
,TTAATAATT
,TTAATACTA
,TTAATATTT
,TTGTTACACATTGTT
,TTTCACTTT
,ATGTTGGTG
,ATGTTGGTG
,TTGTTACACATTGTT
,TTGTTACTCATTGTT
,AACTTATAA
,AATCACTAA
,ATAATATTA
,ATGACAGTA
,ATGGTGGTC
,ATTATAATAATATTA
,CGACTCAGC
,CTATTAATA
,CTGCACAAG
,CTTGGTCTA
,GTATTGTTG
,TTAATAATT
,TTGTTACACATTGTT
,TTTCACTTT
,TAATTTTAAT
,ATGTTGGTG
,ATGTTGGTG
,TTGTTACACATTGTT
,CTAAATTTAAATC
,TTTGTTACGCATTGTTT
,TAATTTTAAT
,AACTTTCAA
,AAGGTGTTTA
,AATGAGTAA
,AATGGTGAT
,ACATATTGT
,ACCTCACAT
,ACTACTTTA
,ACTATATCA
,AGAAGATAT
,ATAAAAATA
,ATATGTATA
,ATGTAACAA
,ATTATAATAATATTA
,ATTATAATT
,ATTATAATT
,ATTCTACTAA
,CAATATAAC
,CACAATTAT
,CAGGTGGAC
,CGTTAACTAA
,GAATTTAAG
,GGTATGCAC
,GGTGAATTA
,GTATGGATAA
,GTGGTGGTG
,GTTGTTGTTG
,TAATTTTAAT
,TAATTTTAGT
,TACTAATTA
,TACTTTTCAT
,TATAATTTTA
,TATTATTAT
,TATTTTTAT
,TATTTTTAT
,TATTTTTAT
,TCAGTAATTC
,TGAAAAATC
,TGTAACTTTTCTGAA
,TGTATTTTA
,TGTTGTTGT
,TGTTTTTGT
,TTATACTAGT
,TTATACTAGT
,TTCTACTAAA
,TTGTACAGA
,TTGTCAGTT
,TTGTCTGTT
,TTGTGATAA
,TTTACTAAT
,TTTACTAAT
,TTTCACTTT
,TTTGGTATG
,TTTGTGATA
,TTTTAGTGGT
,TTTTTGTGG
,TTGTTACACATTGTT
,AACTGTCAA
,AAGGTGTTTA
,AATGAGTAA
,ACATATTGT
,ACTATATCA
,ACTTTGTTAA
,AGAAGATAT
,AGTACTTTT
,ATAATAATA
,ATATGTATA
,ATGTAACAA
,ATGTTTTAG
,ATTATAATAATATTA
,ATTATAATT
,ATTATAATT
,ATTCTACTA
,ATTGTTTTG
,CAATATAAC
,CACAATTAT
,CAGGTGGAC
,CATTACTGC
,CATTCTTAC
,CGTTAACTAA
,CTATGGTTT
,GAATTTAAG
,GGTCACAAT
,GGTGAATTA
,GTAGGTGTT
,GTATGGATAA
,GTGGTGGTG
,GTTGTTGTTG
,TAATTTTAAT
,TAATTTTAGT
,TACTTTTCAT
,TATTATTAT
,TATTTTTAT
,TATTTTTAT
,TATTTTTAT
,TCAGTAATTC
,TGGTTTTAA
,TGTAACTTT
,TGTATTTTA
,TGTTGTTGT
,TTAACAATT
,TTATAGTAA
,TTCTACTAAA
,TTGTCAGTTT
,TTGTCTGTT
,TTGTGATAA
,TTTACTAAT
,TTTACTAAT
,TTTATAATTT
,TTTCACTTT
,TTTCTCTTT
,TTTGTGATA
,TTTGTTACACATTGTTT
,TTTTTGTGG
,ATTATAATAATATTA
,GGAATTTAAGG
,GTTACACATTG
,TAATTTTAAT
,TAGTGGTGAT
,TCAAACACAAACT
,TCTTCACTTCT
,TTAACCAATT
,TTATGCGTATT
,TTTGTTGTTT
,ATTATAATAATATTA
,TTGTTACACATTGTT
,CAAACACAAAC
,TAATTTTAAT
,TACTTTTCAT
,TTGTTACACATTGTT
,TAATTTTAAT
,TTGTTACACATTGTT
,ATTATAATAATATTA
,ATTCAAACTTA
,CAAACACAAAC
,TAATTTTAAT
,TATTATTGGTG
,TGGTAATGGT
,TTAAATGGTG
,TTATTTTGG
,TTATTTTGG
,TTGTTACACATTGTT
,TTTTAATTTT
,AATATTAATA
,ACGTAATGCA
,TAACTCAAT
,TAACTCAAT
,TAACTCAAT
,TAATTTTAAT
,TACCGAGGTC
,TTAAATGGTG
,ATCAAACTA
,TGTTGTTGT
,TTAATAATT
,TTGTAATTT
,TTTCACTTT
,TTGTTACACATTGTT
,AAATTTATT
,AGTATTATGA
,ATTATAATAATATTA
,CAATATAAC
,CACTGTTTTT
,CAGGTGGAC
,CATTCTTAC
,CCGATAGCC
,GAATTTAAG
,GTGGTGGTG
,TAATTTTAAT
,TAATTTTAA
,TACTTTTCAT
,TGTATTTTA
,TTAATAATT
,TTGTGCAAC
,TTTCACTTT
,TTTTAGTGA
,AACTTATAA
,AACTTTCAA
,AAGGTTAAC
,AATCACTAA
,AATGAGTAA
,ACGCCATAC
,ACTACATCA
,ACTTCTTTTG
,ATAATATTA
,ATATGTATA
,ATATTCAAA
,ATATTTGTG
,ATGACAGTA
,ATGGTGGTC
,ATGTTTTAA
,ATTATAATAATATTA
,ATTATAATT
,CATAATTTTG
,CGACTCAGC
,CTATTAATA
,CTTGGTCTA
,GATTATAAT
,GCGTATGCG
,GGTGGTAAA
,GGTGTTGTGG
,GGTGTTTAT
,GGTGTTTAT
,GTAATTTTAG
,GTGCTCGTG
,GTTAAGCAG
,GTTGTTGTTG
,TAATAATTT
,TAATTCACT
,TAATTTTAAT
,TAATTTTGA
,TATTCTTCTA
,TATTTTTAT
,TGCGACAACA
,TGGATTACC
,TGGTTTTAA
,TGTTGTTGT
,TTAAATGGTG
,TTAACTGTT
,TTAATAATT
,TTAATACTA
,TTAATATTT
,TTATAATTT
,TTATTGTCT
,TTCAGACCA
,TTGTTACACATTGTT
,TTTAATTTT
,TTTATAATTT
,TTTCACTTT
,TTTCTCTTT
,TTTTAATTTT
,TTTTGAATG
,CAAACACAAAC
,TAATTTTAAT
,TACTTTTCAT
,CAAACACAAAC
,TAATTTTAAT
,TACTTTTCAT
,TCCTACCATCCT
,TTGTTACACATTGTT
,ATTATAATAATATTA
,TGTAACTTTTCT
,AAAAATGGT
,AAAATGGTG
,AAAATTAAT
,AACCCCCAA
,AACTTTCAA
,AATGAGTAA
,AATGGTGAT
,ACATCATTC
,ACTATATCA
,AGTATTATGA
,ATATGTATA
,ATGTAACAA
,ATTATAATAATATTA
,ATTATAATT
,ATTATAATT
,ATTCCCTTA
,ATTCTTCTA
,CACTGTTTTT
,CAGGTGGAC
,CATTACTGC
,CCCTTAGTA
,CCTTATTAC
,CGTTAACTAA
,CTTAGTAAT
,GAAGATGTT
,GAATTTAAG
,GGTGAATTA
,GTAGAAGATG
,GTGGTGGTG
,GTTGTTGTTG
,TAAAAAATG
,TAACAACTT
,TAACGCAAT
,TAATTTTAAT
,TAATTTTAA
,TACAGAGCA
,TACTTTTCAT
,TATTATTAT
,TATTTTTAT
,TATTTTTAT
,TATTTTTAT
,TCCTACCATCCT
,TGAAAAATC
,TGTAACTTTTCT
,TGTATTTTA
,TGTTGGTGTT
,TGTTGTTGT
,TTAACAACT
,TTACATCATT
,TTATAATTT
,TTATTACGGC
,TTCTACTAA
,TTCTAGAAAT
,TTGTACAGA
,TTGTCTGTT
,TTGTGATAA
,TTTATAATTTAA
,TTTCACTTT
,TTTCAGATGG
,TTTGTGATA
,TTTTAGTGA
,TTGTTACACATTGTT
,CAAACACAAAC
,TAATTTTAAT
,TACTTTTCAT
,ATAATATTAA
,ATTATAATAATATTA
,TAATTTTAAT
,TAGACCACCAGAT
,TTCTTTTCTT
,TTGTTACGCATTGTT
,TTTTAATTTT
,GTGAAAGTA
,TAATGAAAG
,TTGACAGTT
,TTTTATTTT
,ACCATGACAGTACCA
,ATAAAAATA
,ATAATTTTA
,ATCTGTCTA
,CATTCTTAC
,CTAAATTTAAATC
,TAACGCAAT
,TAACTCAAT
,TCTACATCT
,TGTAACTTC
,TTAATAATT
,TTGTTACGCATTGTT
,TTTCACTTT
,TTTTCACTT
,TTTTGTTTT
,ATTATAATAATATTA
,GAGTGGTTAT
,TAATTTTAAT
,TACTAATCAT
,TAGACCACCAGAT
,TTTTAATTTT
,ATGTTGGTG
,ATGTTGGTG
,TTGTTACACATTGTT
,AAGTTTTGAA
,ATATAATATA
,ATATAATGGT
,ATTTTAACTAA
,CAAACACAAAC
,CACTGTTTTT
,TAACACAACT
,TAATTTTAAT
,TATAATAATAT
,TATTCGTATT
,TGTAACTTTTCT
,TTGTTACACATTGTT
,CAAACACAAAC
,TGTAACTTTTCTGAA
,CAAACACAAAC
,TAATTTTAAT
,TACTTTTCAT
,TCCTACCATCCT
,AAGGTGTTTA
,ATTATAATAATATTA
,ATTATAATT
,ATTATAATT
,CACTGTTTTT
,CGTTAACTAA
,GTTGTTGTTG
,TAATTTTAAT
,TAATTTTAGT
,TACTTTTCAT
,TATTCTTCTA
,TATTTTTAT
,TATTTTTAT
,TATTTTTAT
,TCAGTAATTC
,TGTAACTTTTCTGAA
,TGTTGGTGTT
,TTGTCAGTTT
,TTTACTAAT
,TTTACTAAT
,TTTATAATTT
,TTTTAGTGGT
,AACTGTCAA
,AATGAGTAA
,ACATATTGT
,ACGTAATGCA
,ACTATATCA
,ACTTATATTA
,AGAACCAAGA
,AGAAGATAT
,AGCAGTTTTA
,AGTAGTTTT
,ATAATATTA
,ATAATATTA
,ATATGTATA
,ATGGTAATT
,ATGGTAATT
,ATGTAACAA
,ATTATAATAATATTA
,ATTATAATATTA
,ATTATAATA
,ATTATTTAG
,ATTTATTATTTA
,CACAATTAT
,CACTGTTTTT
,CAGCAGTTT
,CAGGTGGAC
,CATTACTGC
,CTCTCTTCTCTC
,GAAGTTATT
,GAATTTAAG
,GGTAAATTA
,GGTGGTAAA
,GGTTATAAT
,GTAAATTATA
,GTAATTCTG
,GTAGAAGATG
,GTATGGATAA
,GTCAATGGT
,GTTGTTGTTG
,GTTTTAGAC
,TAACAACTT
,TAACACAACT
,TAATAATTAT
,TAATATTAT
,TAATGGTAAT
,TAATTTTAAT
,TAATTTTAA
,TAATTTTAG
,TACTAATTA
,TATAATAAT
,TATAATATTA
,TATTCTTCTA
,TATTTTTAT
,TCAGTAATTC
,TGATTATAAT
,TGGTAATCC
,TGTAACTTT
,TGTTGGTCA
,TGTTGTTGT
,TTAAATGGTG
,TTTACTAATT
,TTTATAATTT
,TTTCTCTTT
,ATTATAATAATATTA
,TGTAACTTTTCTGAA
,ATTATAATAATATTA
,CAGTGGTAAAT
,GGAATTTAAGG
,GTTACACATTG
,TAATTTTAAT
,TAGTGGTGAT
,TCAAACACAAACT
,TCTTCACTTCT
,TTAACCAATT
,TTATGCGTATT
,TTTGTTGTTT
,TTGTTACACATTGTT
,TTGTTACACATTGTT
,ATTATAATAATATTA
,TGTAACTTTTCTGAA
,CAAACACAAAC
,TAATTTTAAT
,TACTTTTCAT
,TTGTTACACATTGTT
,ATCACACTA
,CAAACACAAAC
,GTGGTGGTG
,TAATTTTAAT
,TTTCACTTT
,TGTAACTTTTCTGAA
,TTGTTACACATTGTT
,TTGTTACACATTGTT
,AAGTAATGC
,AATATTAATA
,AATATTAGT
,AATCGTCTT
,AATGAGTAA
,ACCATACCA
,ACTAAGAGT
,ACTATATCA
,ACTTATATTA
,AGGTGTTTA
,AGTAGTTTT
,ATAACATATT
,ATAATAATA
,ATATGTATA
,ATGATAATA
,ATGTAACAA
,ATGTGATAA
,ATTATAACAATATTA
,ATTCTTATC
,ATTGTAATT
,ATTGTAATT
,ATTTCTTTA
,CAGAATTCA
,CCATGACAGTACC
,CTAAATTTAAATC
,CTTATTGAG
,GTACTTTTT
,GTGCTCGTG
,GTGGGATTA
,GTGTTTATT
,GTTGTTGTTG
,GTTGTTTCT
,TAACGCAAT
,TAACTCAAT
,TAACTTTTCA
,TAATAGTTTT
,TAATTTTAAT
,TAATTTTAG
,TATAGATAT
,TATTATTAC
,TATTTTTAT
,TCATTGTAA
,TCCTTATCT
,TCTACATCT
,TCTTCTTTA
,TCTTGGTCA
,TGATTATAAA
,TGTTGTTGT
,TTATTACGG
,TTCATACTT
,TTGTTGTTG
,TTTACTAATT
,TTTACTAAT
,TTTAGACCA
,TTTATAATTT
,TTTATTAAT
,TTTGTGATA
,TTTGTTACACATTGTTT
,TTTTAATGT
,TTTTGTACAG
,TTTTTAATG
,TTTTTAATG
,AATGGTGAT
,ATTATAATAATATTA
,CAATATAAC
,CAGGTGGAC
,CATTCTTAC
,CCAACAATT
,CGAATTAAGC
,GAATTTAAG
,GTGGTGGTG
,TAATTTTAAT
,TACTTTTCAT
,TCATTGTAT
,TGTAACTTTTCTGAA
,TGTATTTTA
,TGTTTTTGT
,TTATACTAGT
,TTTCACTTT
,TTTTAGTGA
,TTGTTACACATTGTT
,AAATTTATT
,AGTATTATGA
,ATTATAATAATATTA
,CAATATAAC
,CACTGTTTTT
,CAGGTGGAC
,CATTCTTAC
,CCGATAGCC
,GAATTTAAG
,GTGGTGGTG
,TAATTTTAAT
,TAATTTTAA
,TACTTTTCAT
,TGTATTTTA
,TTAATAATT
,TTGTGCAAC
,TTTCACTTT
,TTTTAGTGA
,TTGTTACACATTGTT
,CAAACACAAAC
,TAATTTTAAT
,TTTTAATTTT
,TAATTTTAAT
,TAATTTTAAT
,AACGGCGAT
,AGCGAGCGA
,AGTGCGTGA
,CAACCATACCAAC
,CGCCGCCGC
,CGTGCGTGC
,GCGCGGCGA
,GCGCGGCGA
,GCGGCGGCG
,GCGTATGCG
,GTGTATGTG
,GTGTATTTT
,GTGTTTGTG
,GTGTTTGTG
,GTGTTTGTG
,GTTTGTGTA
,TAGCGCGAT
,TATGCGTAT
,TATGTGTAT
,TATTATTAT
,TGTATTTTA
,AAAGGCCTGCT
,AACGGCGAT
,AGCGAGCGA
,AGTGCGTGA
,CAGACCCAGAC
,CTGCTGCTA
,GCGGCGGCG
,GCGTATGCG
,GTGTATGTG
,GTGTATTTT
,GTGTTTGTG
,GTGTTTGTG
,GTGTTTGTG
,GTTTGTGTA
,TAGCGCGAT
,TAGCGCGGCGA
,TAGCGGCAA
,TATGCGGTG
,TATGCGTAT
,TATGTGTAT
,TATTATTAT
,TGACCCAGT
,TGTATTTTA
,TTGTTACACATTGTT
,AGTATTATGA
,ATTATAATAATATTA
,CACTGTTTTT
,TAATTTTAAT
,TACTTTTCAT
,TGTAACTTTTCTGAA
,TGTATTTTAA
,CAAACACAAAC
,CTTAATTTG
,GTGGTGGTG
,TACTTTTCAT
,TTTACTTTT
,AATGGTGAT
,ATTATAATAATATTA
,CAATATAAC
,CAGGTGGAC
,CATTCTTAC
,GAATTTAAG
,GTGGTGGTG
,TAACGCAAT
,TAATTTTAA
,TCCTACCATCCT
,TGTATTTTA
,TGTTTTTGT
,TTAAGCACGAATT
,TTTCACTTT
,AATATTAATA
,CCATGACAGTACC
,TAATTTTAAT
,TTAAATGGTG
,TTGTTTATA
,TTGTTTATA
,TTTGTTACGCATTGTTT
,TTTTAATTTT
,ATATAATATA
,ATTATAATAATATTA
,TAATTTTAAT
,TACTTTTCAT
,TGTAACTTTTCTGAA
,TTATACTAGT
,ATTATAATAATATTA
,GGAATTTAAGG
,TAATTTTAAT
,TAGTGGTGAT
,TCAAACACAAACT
,TCTTCACTTCT
,TTAACCAATT
,TTATGCGTATT
,TTGTTACACATTGTT
,TTTGTTGTTT
,CAAACACAAAC
,TAATTTTAAT
,TTTTAATTTT
,AAATGGACA
,AGTTTTTGA
,ATTGTGTTA
,CAGGAGGAC
,GTTGTACTT
,TAATTTTAAT
,TAGTGGTGAT
,TCATGTACT
,TGATAATAGT
,TGGTTTTGGT
,TGTTGTTGT
,TGTTTTAAA
,TTAACAATT
,TTTAATAAA
,TTTCACTTT
,TTTTAATAA
,TTTTAATTTT
,TTTTGGTGTA
,TTTTGTTACACATTGTTTT
,TTTTTCCTTTTT
,CAAACACAAAC
,TAATTTTAAT
,TACTTTTCAT
,ATTATAATAATATTA
,CTAAATTTAAATC
,TATTCAAACTTAT
,TCAAACACAAACT
,TTTGTTACACATTGTTT
,TAATTTTAAT
,ACATTGTTACA
,TAATTTTAAT
,TTACTAATCATT
,TAATTTTAAT
,TGGTCCTGGT
,TTGTTACACATTGTT
,TTTGTTTGAC
,TTGTTACACATTGTT
,AAAATGGTG
,AAAGTTGTTT
,AAATGGTGT
,AATATTAATA
,AATGAGTAA
,AATGGTGTAG
,AATTCTTAA
,AATTTTTAA
,ACAACATTAC
,ACATATTTGT
,ACCAATTTT
,ACCATACCA
,ACTACATCA
,AGTACTTCT
,AGTAGTTTT
,AGTGTTTGT
,ATAAAAATA
,ATAATATTT
,ATATGTATA
,ATCTGTCTA
,ATTCGTATT
,ATTGAGAAC
,ATTGTAATT
,CAGGTATGA
,CATTCTTAC
,CCATGACAGTACC
,CTAAATTTAAATC
,CTATTATTAC
,GACATTACAG
,GATTTTTGT
,GTGTTTGTT
,GTTGTTGTTG
,GTTTTAAAA
,TAACGCAAT
,TAACTCAAT
,TAATTTTAAT
,TATAATAGT
,TATGGATAA
,TATTCATTT
,TATTCGTAT
,TATTTTTAT
,TCACTAACG
,TCATTGTAA
,TCTACATCT
,TGAAAAATC
,TGTAACTTC
,TGTAAGGGT
,TGTTGTTGT
,TTACAGAGA
,TTATAATTT
,TTATTGAAGA
,TTCTCTCTT
,TTGGTCAGT
,TTGTCTGTT
,TTTACATCA
,TTTAGACCA
,TTTATAATTT
,TTTCACTTT
,TTTGTGATA
,TTTGTTACGCATTGTTT
,TTTTCACTT
,TTTTGTACAG
,TTTTGTTTT
,TTTTTAATG
,AAGTTTTGAA
,ATAATATGAC
,TAATGAAAGTAAT
,TATTCGTATT
,TGAAAAAAGT
,TTGTTACACATTGTT
,TAATTTTAAT
,CAAACACAAAC
,TAATTTTAAT
,TACTTTTCAT
,TCCTACCATCCT
,AGTATTATGA
,ATTATAATAATATTA
,TAATTTTAAT
,TACTTTTCAT
,TGTAACTTTTCTGAA
,TTATACTAGT
,TAATTTTAAT
,TTTTAATTTT
,TTGTTACACATTGTT
,ATTATAATAATATTA
,TTGTTACACATTGTT
,ATGACAGTA
,GCGTATGCG
,NNNNNNNNN
,TACAAACAT
,TTGTTACACATTGTT
,AAAATGGTG
,AAAGTTGTTT
,AAATGGTGT
,AATATTAATA
,AATGAGTAA
,AATGGTGTAG
,AATTCTTAA
,AATTTTTAA
,ACAACATTAC
,ACATATTTGT
,ACCAATTTT
,ACCATACCA
,ACTACATCA
,AGTACTTCT
,AGTAGTTTT
,AGTGTTTGT
,ATAAAAATA
,ATAATATTT
,ATATGTATA
,ATCTGTCTA
,ATTCGTATT
,ATTGAGAAC
,ATTGTAATT
,CAGGTATGA
,CATTCTTAC
,CCATGACAGTACC
,CTAAATTTAAATC
,CTATTATTAC
,GACATTACAG
,GATTTTTGT
,GTGTTTGTT
,GTTGTTGTTG
,GTTTTAAAA
,TAACGCAAT
,TAACTCAAT
,TAATTTTAAT
,TATAATAGT
,TATGGATAA
,TATTCATTT
,TATTCGTAT
,TATTTTTAT
,TCACTAACG
,TCATTGTAA
,TCTACATCT
,TGAAAAATC
,TGTAACTTC
,TGTAAGGGT
,TGTTGTTGT
,TTACAGAGA
,TTATAATTT
,TTATTGAAGA
,TTCTCTCTT
,TTGGTCAGT
,TTGTCTGTT
,TTTACATCA
,TTTAGACCA
,TTTATAATTT
,TTTCACTTT
,TTTGTGATA
,TTTGTTACGCATTGTTT
,TTTTGTACAG
,TTTTGTTTT
,TTTTTAATGG
,TAATTTTAAT
,TTGTTACACATTGTT
,CAAACACAAAC
,TAATTTTAAT
,TACTTTTCAT
,TTGTTACACATTGTT
,TTGTTACACATTGTT
,TAATTTTAAT
,ATTATAATAATATTA
,GGAATTTAAGG
,GTTACACATTG
,TAATTTTAAT
,TAGTGGTGAT
,TCAAACACAAACT
,TCTTCACTTCT
,TTAACCAATT
,TTATGCGTATT
,TTTGTTGTTT
,CATTGTTAC
,CTATGAATA
,TGAATAAGT
,TTGACAGTT
,TTGTTACGCATTGTT
,TTTAGTGGT
,TAATTTTAAT
,TAATTTTAAT
,TTTTAATTTT
,CAAACACAAAC
,TAATTTTAAT
,TACTTTTCAT
,ACAACTCAACA
,ATCATACTA
,CAGGTGGAC
,CGATGGTAGC
,GCTATATCG
,GTTTTATTC
,TACTAATCAT
,TTGTAGATGTT
,AGTATTATGA
,ATTATAATAATATTA
,CACTGTTTTT
,TAATGAAAGTAAT
,TAATTTTAAT
,TACTTTTCAT
,AAAATTAAT
,AACTTTCAA
,AAGGATGTT
,AAGTTTTGAA
,AATATTAGT
,AATGAGTAA
,AATTAAAAAA
,ACATATTGT
,ACTATATCA
,AGAACCAAGA
,AGAAGATAT
,AGCCACCGA
,AGTAGTTTT
,AGTATTATGA
,ATAATATTA
,ATATTTGTG
,ATTATAATAATATTA
,ATTATAATT
,ATTCGTATT
,ATTCTGGTA
,CAATATAAC
,CACTGTTTTT
,CAGCAGTTT
,CAGGTGGAC
,CATTACTGC
,CCGCCAGTT
,CCTTATTAC
,CGTTAACTAA
,CTGGTAATA
,GAAGTTATT
,GAATTTAAG
,GACCGCCAA
,GGTGGTAAA
,GTACTTTAGT
,GTAGAAGATG
,GTATGGATAA
,GTGAAAGTG
,GTGCGACAA
,GTGGTGGTG
,GTTGTTGTTG
,GTTTTAGACG
,GTTTTAGAC
,TAACAACTT
,TAATTTTAAT
,TAATTTTAA
,TAATTTTAG
,TAATTTTAG
,TACTTTTCAT
,TATTATTAT
,TATTCGTATT
,TATTCTTCT
,TATTTTTAT
,TATTTTTAT
,TATTTTTAT
,TGATTATAAT
,TGATTATAAT
,TGATTATAA
,TGTTGGTCA
,TGTTGTTGT
,TTAAAAAATT
,TTAAATGGTG
,TTATAATTCA
,TTATTACGG
,TTTAATTTA
,TTTAATTTA
,TTTACTAAT
,TTTACTAAT
,TTTATAATTT
,TTTCACTTT
,TTTTAATTTT
,TTTTAATTT
,TTTTAGACCA
,TTTTAGACC
,AAACTCTTAA
,AAATGGTGAT
,AACTAATTT
,AAGGTGTTT
,AATTTTGTC
,ACCATACCA
,ACTAAGAGT
,ACTTATATTA
,AGTGTTTGT
,ATAGATGTTT
,ATATAATATA
,ATATGTATA
,ATTAAATTA
,ATTATATTA
,ATTCGCATT
,ATTTTACCCATTTTA
,ATTTTGTCT
,CATTCTTAC
,CGGGGGGGC
,CTTAGTAATT
,CTTTTTGTGG
,GCTATGAGA
,GTAAGTTTT
,GTAGTTTTAG
,GTTGTTGTTG
,TAATTCACT
,TAATTTTAAT
,TAATTTTAGT
,TAGAACAGTT
,TAGTGCTGCT
,TAGTTTTAG
,TATTATTAC
,TATTATTAC
,TATTTTAGT
,TATTTTTAT
,TCGTCGTGA
,TGAGTAATT
,TGTTGTTGT
,TTAATCAATT
,TTAGTAATT
,TTATTGAAG
,TTCTCTTAA
,TTGGTGGTT
,TTGTTACACATTGTT
,TTTAATTTT
,TTTAGTAAT
,TTTAGTGGT
,TTTATCGTGA
,TTTGAGTTT
,TTTGTATAA
,TTTGTGATA
,TTTGTTGTTT
,TTTTAATTTT
,TTTTAGTAGT
,ATAATATTAA
,ATTATAATAATATTA
,TAATTTTAAT
,TAGACCACCAGAT
,TTCTTTTCTT
,TTGTTACGCATTGTT
,TTTTAATTTT
,CAAACACAAAC
,TAATTTTAAT
,TACTTTTCAT
,TCCTACCATCCT
,AACTTATAA
,AATCACTAA
,AGGTATGGA
,ATAATATTA
,ATTATAATAATATTA
,ATTCAAACTTA
,ATTTTAATG
,CAAACACAAAC
,CGACTCAGC
,CTATTAATA
,CTGCACAAG
,GTATTGTTG
,TATTATTGGTG
,TATTTTAAT
,TTAATAATT
,TTGTTACACATTGTT
,TTTCACTTT
,TTGTTACACATTGTT
,TAATTTTAAT
,ATTATAATAATATTA
,CAGTGGTAAAT
,GGAATTTAAGG
,GTTACACATTG
,TAATTTTAAT
,TAGTGGTGAT
,TCAAACACAAACT
,TTAACCAATT
,TTATGCGTATT
,TTTGTTGTTT
,ATTATAATAATATTA
,CACTGTTTTT
,TAATTTTAAT
,TACTTTTCAT
,TATTAATTAT
,TGTAACTTTTCTGAA
,TTATACTAGT
,TGTAACTTTTCTGAA
,TAATTTTAAT
,TTGTTACACATTGTT
,ATTATAATAATATTA
,GTTACACATTG
,GTTTGTTGTTTG
,TCAAACACAAACT
,TCTTCACTTCT
,TTATGCGTATT
,CAAACACAAAC
,TAATTTTAAT
,TCCTACCATCCT
,ATAAAAATA
,ATCTGTCTA
,CATTCTTAC
,CCATGACAGTACC
,CTAAATTTAAATC
,GATTTTTGT
,TAACGCAAT
,TAACTCAAT
,TATTCGTAT
,TCTACATCT
,TGTAACTTC
,TTTCACTTT
,TTTGTTACGCATTGTTT
,TTTTCACTT
,TTTTGTTTT
,ACTTCAATGT
,ATCGTTTGGT
,CTTTACTTTT
,GATGTTGTAG
,GTAATTAATG
,TACTTTTCAT
,CAAACACAAAC
,TAATTTTAAT
,TACTTTTCAT
,TCCTACCATCCT
,CAAACACAAAC
,TAATTTTAAT
,TACTTTTCAT
,TCCTACCATCCT
,TTGTTACACATTGTT
,CAAACACAAAC
,TACTTTTCAT
,AACTTATAA
,AACTTTCAA
,AAGGTTAAC
,AATCACTAA
,AATGAGTAA
,ACGCCATAC
,ACTACATCA
,ACTTCTTTTG
,ATAATATTA
,ATATGTATA
,ATATTCAAA
,ATATTTGTG
,ATGACAGTA
,ATGGTGGTC
,ATTATAATAATATTA
,ATTATAATT
,CATAATTTTG
,CGACTCAGC
,CTATTAATA
,CTGCACAAG
,CTTGGTCTA
,GATTATAAT
,GCGTATGCG
,GGTGGTAAA
,GGTGTTGTGG
,GGTGTTTAT
,GGTGTTTAT
,GTAATTTTAG
,GTGCTCGTG
,GTTAAGCAG
,GTTGTTGTTG
,TAATTCACT
,TAATTTTAAT
,TAATTTTGA
,TATTCTTCTA
,TATTTTTAT
,TGCGACAACA
,TGGATTACC
,TGGTTTTAA
,TGTTGTTGT
,TTAAATGGTG
,TTAATAATT
,TTAATACTA
,TTAATATTT
,TTATAATTT
,TTCAGACCA
,TTGTTACACATTGTT
,TTTAATTTT
,TTTATAATTT
,TTTCACTTT
,TTTCTCTTT
,TTTTAATTTT
,TTTTGAATG
,ATTATAATAATATTA
,ATTCAAACTTA
,CAAACACAAAC
,TAATTTTAAT
,TTTTAATTTT
,ATTATAATAATATTA
,TGTAACTTTTCTGAA
,GTGGTGGTG
,TAATGAAAGTAAT
,TAATGAAAG
,TAATTTTAAT
,TACTTTTCAT
,TTTCACTTT
,TAATTTTAAT
,AAACAACAACAAA
,ATTAAATGGT
,TAATAATTCT
,TAATTTTAAT
,TATTCGTATTG
,TCTGTATATTT
,TTAAATGGTG
,TTATGTGTATT
,TTTTAATTTT
,TTTTACAGAT
,ACATTGTTACA
,TTGTTACACATTGTT
,AAGTGTTCCT
,ATTATAATAATATTA
,CACGTGAGTGCAC
,CACTGTTTTT
,TAATTTTAAT
,TACTTTTCAT
,TGTAACTTTTCTGAA
,ACGTAATGCA
,ATAATATTA
,ATAATATTA
,ATTATAATAATATTA
,ATTATAATATTA
,ATTATAATA
,CACTGTTTTT
,TAACACAACT
,TAATAATTAT
,TAATGGTAAT
,TAATTTTAAT
,TATAATATTA
,TTAAATGGTG
,ACTTTATTTCA
,TAATGAAAGTAAT
,AACTTTCAA
,AAGGTGTTTA
,AATGAGTAA
,AATGGTGAT
,ACATATTGT
,ACTATATCA
,ACTTCAGCAG
,ACTTTGTTAA
,AGAAGATAT
,AGTACTTTT
,ATATGTATA
,ATGTAACAA
,ATTATAATAATATTA
,ATTATAATT
,ATTATAATT
,ATTCTACTAA
,ATTCTGCCA
,CAATATAAC
,CACAATTAT
,CACTGTTTTT
,CAGGTGGAC
,CATTACTGC
,CATTCTTAC
,CGTTAACTAA
,GAAGATATT
,GAATTTAAG
,GGTGAATTA
,GTATGGATAA
,GTGGTGGTG
,GTTGTTGTTG
,TAACAACTT
,TAATTCTCT
,TAATTTTAAT
,TAATTTTAGT
,TACTAATCAT
,TATTATTAT
,TATTTTGAC
,TATTTTTAT
,TATTTTTAT
,TATTTTTAT
,TCAGTAATTC
,TGAAAAATC
,TGTATTTTA
,TGTTGGTGTT
,TGTTGTTGT
,TGTTTTTGT
,TTCTACTAAA
,TTGTCTGTT
,TTGTGATAA
,TTTACTAAT
,TTTACTAAT
,TTTATAATTT
,TTTCTCTTT
,TTTGTGATA
,TTTTAGTGA
,TTTTAGTGGT
,TTTTTGTGG
,AAACTGTTA
,AAGTTAAAG
,AATAGTTTT
,AATGAGTAA
,AATTGAACAT
,ACAGGTGGT
,ACCATACCA
,ACTACATCA
,ATAATATTA
,ATACCAATT
,ATATGTATA
,ATCAGATTT
,ATTCTTCTA
,ATTGAGTGC
,CAGTTTCAGA
,CATTCCTTAC
,CCACCCAAA
,CTTGTGTTC
,GAAACTGGTT
,GAAGGGAAG
,GACAGTTAG
,GACATAACA
,GGGACATAA
,GGTCAACTGG
,GTGTTCGTT
,GTTGTTGTTG
,TAATAATTAT
,TAATTCACT
,TAATTTTAAT
,TACAGAACAT
,TAGTAGTTT
,TATAATTTTA
,TCAGTTACA
,TCTCCTTTC
,TGTAACTTC
,TGTTGTTGT
,TGTTTTACA
,TTAATAATT
,TTAATTTGA
,TTGGCCAAG
,TTGTGTTCAC
,TTTCAGATGG
,TTTGATAAT
,TTTGTATAA
,TAATTTTAAT
,AAATTTATT
,AGTATTATGA
,ATTATAATAATATTA
,CAATATAAC
,CACTGTTTTT
,CAGGTGGAC
,CATTCTTAC
,CCGATAGCC
,GAATTTAAG
,GTGGTGGTG
,TAATTTTAAT
,TAATTTTAA
,TACTTTTCAT
,TGTATTTTA
,TTAATAATT
,TTGTGCAAC
,TTTCACTTT
,TTTTAGTGA
,ATTATAATAATATTA
,TTGTTACACATTGTT
,AACTTAATA
,AATCACTAA
,ATAATATTA
,ATATTTTATA
,ATGTTGGTG
,ATTATAATAATATTA
,ATTCCCTTA
,ATTGTTTTA
,ATTTTGTTT
,GAAACCAAAG
,GAACTGGTCAAG
,GATTTTATC
,GTCGTGCTG
,GTGGTGGTG
,GTTTTATTC
,TAATTTTAAT
,TATTTTGTT
,TTAAATGGTG
,TTAATAATT
,TTAATAATT
,TTAATAATT
,TTTGTTACACATTGTTT
,TTTTAATTTT
,TTTTGTTTT
,ATAAAAATA
,ATCTGTCTA
,CATTCTTAC
,CCATGACAGTACC
,CTAAATTTAAATC
,GATTTTTGT
,TAACGCAAT
,TAACTCAAT
,TATTCGTAT
,TCTACATCT
,TGTAACTTC
,TTTCACTTT
,TTTGTTACGCATTGTTT
,TTTTCACTT
,TTTTGTTTT
,AAACGGCAAA
,AATATTGTT
,CACCCCCAC
,TATTATTAT
,TTGTTACTCATTGTT
,TTGTTACACATTGTT
,AAAAGAACT
,AAACTGGTT
,AAAGTAATT
,AATTTATATG
,ACCATACCA
,ACTACATCA
,ACTTATATTA
,AGTAGTTTT
,AGTGTTTGT
,ATATGTATA
,ATGTTGGTG
,ATTAAGATC
,ATTCTTCTA
,CAACACAAC
,CTTCTTATA
,GATGTTGTAG
,GATTATAAT
,GCAGTAGTT
,GGTGGTAAA
,GTAGTTTTAG
,GTCAATACT
,GTCAATGGT
,GTGAAAGTA
,GTGCTCGTG
,GTGGTGGAC
,GTTGTTGTTG
,TAATGAAAG
,TAATTTTAAT
,TACTTCTTGT
,TAGTTTTAG
,TATATGTAT
,TATTTTTAT
,TCTGTTAAT
,TGGTTTTAA
,TGTTGGTCA
,TGTTGTTGT
,TTAAATGGTG
,TTATCGTGA
,TTATTGAAG
,TTCTGTCTT
,TTGACAGTT
,TTGCCCTTA
,TTGTTTTCAC
,TTTATCGTG
,TTTGTTACACATTGTTT
,TTTTAATTTT
,TTTTATTTT
,ATTTTACATTTTA
,TAATGAAAGTAAT
,TAATTTTAAT
,TTGTTACACATTGTT
,CAAACACAAAC
,TAATGAAAGTAAT
,TAATTTTAAT
,TTGTTACACATTGTT
,AACACACAA
,AGGTGGTGT
,TATACTGTA
,TCAAAAACT
,TGTTTTTGT
,AGTATTATGA
,ATTACCAAAG
,ATTATAATAATATTA
,CACTGTTTTT
,TAATTTTAAT
,TAATTTTAAT
,TAATTTTAAT
,TAATTTTAA
,TAATTTTAA
,TACTTTTCAT
,TGTAATTTTT
,GTTACCCATTG
,AAATGGACA
,ATTGCGTTA
,GGATTTAGG
,GTAAATTTA
,TAAATTTAAAT
,TAGTGGTAA
,TTAACAATT
,TTGTTTTTGTT
,TTTTGTTACACATTGTTTT
,AACTTTCAA
,AAGGTGTTTA
,AATGAGTAA
,ACATATTGT
,ACCTCACAT
,ACTACTTTA
,ACTATATCA
,ACTTTGTTAA
,AGAAGATAT
,AGGCAAGAT
,AGTACTTTT
,AGTGGTGTAG
,ATATGTATA
,ATGTAACAA
,ATTATAATAATATTA
,ATTATAATT
,ATTATAATT
,ATTCTACTAA
,CAATATAAC
,CACAATTAT
,CACTGTTTTT
,CAGGTGGAC
,CATTCTTAC
,CGTTAACTAA
,CTATGTAGT
,CTCTCTCTT
,GAATTTAAG
,GGTGAATTA
,GTATGGATAA
,GTGGTGGTG
,GTGGTTTTAA
,TAATTTTAAT
,TAATTTTAAT
,TAATTTTAAT
,TACTTTTCAT
,TATGGGTCT
,TATTATTAT
,TATTTTTAT
,TATTTTTAT
,TATTTTTAT
,TCAGTAATTC
,TCTCTCTCT
,TGAAAAATC
,TGGTGGTTTT
,TGTAACTTTTCTGAA
,TGTATTTTA
,TGTTGTTGT
,TTATGGTTT
,TTCTACTAAA
,TTGTCAGTTT
,TTGTCTGTT
,TTGTGATAA
,TTTCACTTT
,TTTGTGATA
,TTTTAGTGA
,ACATTGTTACA
,CAAACACAAAC
,TAATTTTAAT
,TTTTAATTTT
,CAAACACAAAC
,TAATTTTAAT
,TACTTTTCAT
,TTGTTACACATTGTT
,CAAACACAAAC
,TAATTTTAAT
,TTTTAATTTT
,ATTATAATAATATTA
,TTGTTACACATTGTT
,AAAATTAAT
,AACTTTCAA
,AAGGATGTT
,AAGTTTTGAA
,AATGAGTAA
,AATTCTCTTAA
,ACATATTGT
,ACTATATCA
,ACTTTAACCAATTTCA
,AGAACCAAGA
,AGAAGATAT
,AGCCACCGA
,ATAATATTA
,ATAATATTA
,ATAATGATTT
,ATATGTATA
,ATGTAACAA
,ATTATAATAATATTA
,ATTATAATT
,CAAACACAAAC
,CAGCAGTTT
,CAGGTGGAC
,CCTTATTAC
,GAAGTTATT
,GAATTATATTC
,GAATTTAAG
,GATTATAAT
,GGGTATGGC
,GGTGGTAAA
,GTAGAAGATG
,GTATGGATAA
,GTTGTTGTTG
,TAACAACTT
,TAATATTAT
,TAATCAAAGT
,TAATTTTAAT
,TAATTTTAA
,TAATTTTAG
,TAATTTTAG
,TACTAATCAT
,TAGGTATGGAT
,TATAATATTA
,TATTATTAT
,TATTCGTATT
,TATTCTTCT
,TATTTGTAG
,TATTTTTAT
,TATTTTTAT
,TATTTTTAT
,TCATTATTT
,TCTCAGATGG
,TGAGTTGAGT
,TGATTATAAT
,TGTCAATTC
,TGTTGGTCA
,TGTTGGTGTT
,TGTTGTTGT
,TTAAATGGTG
,TTATAATATT
,TTATAATTTTA
,TTATCGTGAGA
,TTATTACGG
,TTTAAATTT
,TTTATAATTT
,TTTATTGTTTA
,TTTCACTTT
,TTTTAATTTT
,TTTTAATTT
,AACTTTCAA
,AAGTTTTGAA
,AATATTAACA
,AATGAGTAA
,AATTTTTAA
,ACACAAACA
,ACATATTGT
,AGTAGTTTT
,ATAATAATA
,ATGGTCCTC
,ATGTAACAA
,ATTATAATAATATTA
,ATTATAATT
,ATTGTTTTG
,ATTTTAATC
,CCATGACAT
,CTTCACTTC
,CTTCTAGAA
,GAATTTAAG
,GGTGTTTACA
,GGTTTTGTA
,GTAAAAAAT
,GTAATTTTT
,GTTGTTGTTG
,TAACAACTT
,TAATTTTAAT
,TACATGTAT
,TATGGTTTT
,TATTCGTATT
,TATTCTTCTA
,TATTTTTAT
,TCAGTAATTC
,TGAAAAATC
,TGTAGGTGTT
,TGTTGTTGT
,TGTTTTTGT
,TTAACAATG
,TTACAAAGAA
,TTATAATTT
,TTGTGATAA
,TTTAAATTT
,TTTACTAATT
,TTTGTGATA
,TTTGTTACACATTGTTT
,TTGTTACACATTGTT
,AACTTATAA
,AATCACTAA
,ACATTGTTACA
,ATAATATTA
,ATGACAGTA
,ATGGTGGTC
,ATTATAATAATATTA
,ATTCAAACTTA
,CAAACACAAAC
,CGACTCAGC
,CTATTAATA
,CTTGGTCTA
,GCGTATGCG
,TACAAACAT
,TTAATAATT
,TTAATACTA
,TTAATATTT
,TTGTTACACATTGTT
,TTTCACTTT
,TTGTTACACATTGTT
,TTGTTACACATTGTT
,TAATTTTAAT
,AAACGCAAA
,AAAGATGTT
,AAATGGACA
,AAATTATGA
,AAATTATTT
,AAGACCAGAA
,AAGGTGGAA
,AATTGTTGT
,AATTTAAAT
,ACATTATTTT
,ACATTCGTAT
,ACCATACCA
,ACCCATTAT
,ACTTATTTA
,AGGTATGGA
,AGTGGTGAT
,AGTTTTTGA
,ATTGCGTTA
,CAGGAGGAC
,CATTATTAC
,CCAGTTAGT
,CGACATTATT
,CTATTTTTA
,CTTCTGTAT
,GAAGTTAAT
,GATGGTGATT
,GGTGTGTAT
,GTAAATTTA
,GTGATCATT
,GTGGTTTTA
,GTGTAGTAA
,GTTATAGTA
,GTTATAGTA
,GTTGTACTT
,GTTGTTGTTG
,GTTTATTAA
,TAAATGTTA
,TAAGAATTTT
,TAATTTTAAT
,TAGTGGTAA
,TAGTGGTGAT
,TATCCTTAT
,TATTCCTATT
,TATTTTTAT
,TATTTTTAT
,TATTTTTAT
,TCATGTACT
,TGATAATAGT
,TGCAGTGGT
,TGGTTTTGGT
,TGTTGTTGTT
,TGTTGTTGT
,TGTTGTTGT
,TGTTTTAAA
,TGTTTTAAA
,TTAACAATT
,TTAAGTAGT
,TTATTAATC
,TTATTTATT
,TTGTAAAGGT
,TTTAAATGGT
,TTTAATAAA
,TTTAATTTT
,TTTAGACCG
,TTTATTAAA
,TTTCACTTT
,TTTGATTCA
,TTTTAATAA
,TTTTAATTTT
,TTTTGGTGTA
,TTTTGTTACACATTGTTTT
,AGTATTATGA
,ATTATAATAATATTA
,CACTGTTTTT
,TAATTTTAAT
,TACTTTTCAT
,TTATACTAGT
,CACTGTTTTT
,TAATTTTAAT
,TACTTTTCAT
,TGTAACTTTTCTGAA
,TTATACTAGT
,TAATTTTAAT
,ACGTAATGCA
,ATAATATTA
,ATAATATTA
,ATTATAATAATATTA
,ATTATAATATTA
,ATTATAATA
,CACTGTTTTT
,TAACACAACT
,TAATGGTAAT
,TATAATATTA
,TTAAATGGTG
,TTGTTACACATTGTT
,ATTATAATAATATTA
,TAATCACACTAAT
,TGTAACTTTTCTGAA
,TTTGTTACTCATTGTTT
,TAATTTTAAT
,ATGTTGGTG
,ATGTTGGTG
,TTGTTACACATTGTT
,AAGGTGTTTA
,ACGTTTACCA
,AGAATGGTGT
,ATTATAATAATATTA
,GTATGGATAA
,GTTGTTGTTG
,TAATTTTAAT
,TAGTGGTGAT
,TATTCTTCTA
,TATTTTTAT
,TATTTTTAT
,TATTTTTAT
,TCAGTAATTC
,TTAACCAATT
,TTATAATTTT
,TTTGTTGTTT
,AAACGGCAAA
,AATTGTATT
,ACTTTCTGT
,ATAAAAGTG
,CATTCTTAC
,GAGTTAACT
,TAATGAAAGTAAT
,TAATGGTGGT
,TAATTTTAAT
,TATTATTAT
,TATTCGTATT
,TATTCTTAT
,TATTGTTGT
,TATTTGTTA
,TCGGCGGCT
,TGATTTAGT
,TGGATAGGT
,TTGTTACTCATTGTT
,TTTCACTTT
,TTTTAATTTT
,CTAAATTTAAATC
,TTTGTTACGCATTGTTT
,ATTATAATAATATTA
,CAGTGGTAAAT
,GGAATTTAAGG
,GGCCTTATTCCGG
,GTTACACATTG
,TAATTTTAAT
,TAGTGGTGAT
,TCAAACACAAACT
,TCTTCACTTCT
,TTAACCAATT
,TTATGCGTATT
,TTTGTTGTTT
,AGTATTATGA
,ATTATAATAATATTA
,CAATATAAC
,CACTGTTTTT
,CAGGTGGAC
,CATTCTTAC
,CCGATAGCC
,GAATTTAAG
,GATTTTATC
,GTGGTGGTG
,TAACGCAAT
,TAATTTTAAT
,TAATTTTAA
,TACTTTTCAT
,TGTATTTTA
,TGTTTTTGT
,TTAACAACC
,TTTTAGTGA
,CAAACACAAAC
,TAATTTTAAT
,TACTTTTCAT
,TTGTTACACATTGTT
,AAACGCAAA
,AAAGATGTT
,AAATGGACA
,AAATTATGA
,AAGACCAGAA
,AAGGTGGAA
,AATTGTTGT
,AATTTAAAT
,ACATTATTTT
,ACCATACCA
,ACCCATTAT
,ACTTATTTA
,AGTTTTTGA
,ATTCCTATT
,ATTGCGTTA
,CAGGAGGAC
,CATTATTAC
,CCAGTTAGT
,CTATTTTTA
,GAAGTTAAT
,GACATTATT
,GATGGTGATT
,GGTGTGTAT
,GTAAATTTA
,GTGGTTTTA
,GTTATAGTA
,GTTATAGTA
,GTTGTACTT
,GTTGTTGTTG
,TAAATGTTA
,TAAATGTTA
,TAAGAATTTT
,TAATTTTAAT
,TAGTGGTAA
,TAGTGGTGAT
,TATTTTTAT
,TATTTTTAT
,TATTTTTAT
,TCATGTACT
,TGATAATAGT
,TGCAGTGGT
,TGGTTTTGGT
,TGTTGTTGTT
,TGTTGTTGT
,TGTTGTTGT
,TGTTTTAAA
,TGTTTTAAA
,TTAACAATT
,TTAAGTAGT
,TTATTTATT
,TTTAAATGGT
,TTTAATAAA
,TTTAATTTT
,TTTATTAAA
,TTTATTAAA
,TTTCACTTT
,TTTGATTCA
,TTTTAATAA
,TTTTAATTTT
,TTTTGGTGTA
,TTTTGTTACACATTGTTTT
,CAAACACAAAC
,TAATTTTAAT
,TACTTTTCAT
,TCCTACCATCCT
,TAATTTTAAT
,CAAACACAAAC
,TAATTTTAAT
,TACTTTTCAT
,ATTCAAACTTA
,CAAACACAAAC
,TAATTTTAAT
,TTTTAATTTT
,TAATTTTAAT
,AAGGTGTTTA
,ACTTTGTTAA
,AGGATCTTAT
,AGTATTATGA
,ATTATAATAATATTA
,ATTATAATT
,ATTATAATT
,CACTGTTTTT
,CGTTAACTAA
,GTATGGATAA
,GTTGTTGTTG
,TAATATTGGT
,TAATTTTAAT
,TAATTTTAGT
,TACTTTTCAT
,TATTTTTAT
,TATTTTTAT
,TATTTTTAT
,TCAGTAATTC
,TGTTGGTGTT
,TTCTACTAAA
,TTGTCAGTTT
,TTTACTAAT
,TTTACTAAT
,TTTATAATTT
,TTTTAGTGGT
,TTGTTACACATTGTT
,AAAGTGAAA
,AACAACATTAC
,AACTCATTG
,AATAATTTA
,AATGTATAC
,ACGGTTTTG
,ACTACATCA
,ACTAGTTCT
,ACTTACGTA
,AGATTTAGA
,AGTAATTGT
,AGTGTAAATG
,ATATATATA
,ATTAGAAGA
,ATTATGGTTCT
,ATTCACTTA
,ATTGGCATAA
,ATTGTCAAT
,ATTTTAGTT
,ATTTTGACTA
,ATTTTGACT
,CAAATGTAAAC
,CAACAATATA
,CAATTCTCAG
,CATCACTAC
,CTAATTTTA
,CTACTGATC
,CTTCTACTA
,CTTGGGTTC
,CTTTATAATTT
,GGTGAATTA
,GTAATTTTT
,GTATACAAA
,GTATTCTTATG
,GTCCTTTTA
,GTTCTAGTC
,GTTGTTGTTG
,TAATTTTGAC
,TACATTAAC
,TACTATTACC
,TACTGATCTT
,TAGTAATAGTT
,TATGGTTCTA
,TCAAAGTAAG
,TCAAATTGT
,TCATACAAG
,TGATTATAA
,TGCTGTTGA
,TGTAAATGT
,TGTGTGTGT
,TGTTGGTATT
,TGTTGTTGT
,TTAATAATC
,TTAATAATC
,TTATAATATT
,TTATTCTTCTA
,TTCTTCTAAA
,TTGTGGGTGTT
,TTTCACACTTT
,TTTTATTTT
,TTTTGGTAA
,CACTGTTTTT
,TAATTTTAAT
,TACTTTTCAT
,TGTAACTTTTCTGAA
,TTATACTAGT
,GTAATAATG
,TATAAAATAT
,TGTTGTTGT
,TTCTTTCTT
,TTGTAATTT
,ACAACAACA
,CACCACCAC
,CAGGTGGAC
,GTATCTATG
,CAAACACAAAC
,TAATTTTAAT
,TACTTTTCAT
,TAATTTTAAT
,ATTTTACATTTTA
,TAATGAAAGTAAT
,TAATTTTAAT
,TTTGTTGTTT
,TGTTGTTGT
,TTAATAATT
,TTGTAATTT
,TTTTTCTTTTT
,TTGTTACTCATTGTT
,ATCTGTCTA
,CCATGACAGTACC
,CTAAATTTAAATC
,TCTACATCT
,TGTAACTTC
,TTTTGTTTT
,ACGTAATGCA
,ATAATATTA
,ATAATATTA
,ATTATAATAATATTA
,ATTATAATATTA
,ATTATAATA
,CACTGTTTTT
,TAACACAACT
,TAATAATTAT
,TAATGGTAAT
,TAATTTTAAT
,TATAATATTA
,TTAAATGGTG
,CAAACACAAAC
,TAATTTTAAT
,TACTTTTCAT
,TCCTACCATCCT
,TTGTTACACATTGTT
,TTGTTACACATTGTT
,AAAATGGTG
,AAATGGTGT
,AAGTTGTTT
,AATATTAATA
,AATGAGTAA
,AATGGTGTAG
,AATTCTTAA
,AATTTTTAA
,ACAACATTAC
,ACATATTTGT
,ACCAATTTT
,ACCATACCA
,ACTACATCA
,AGTACTTCT
,AGTAGTTTT
,AGTGTTTGT
,ATATGTATA
,ATCTGTCTA
,ATGACAGTA
,ATTGAGAAC
,ATTGTAATT
,CAGGTATGA
,CATTCTTAC
,CTATTATTAC
,CTTTAGACCA
,GACATTACAG
,GCGTATGCG
,GTCGTGCTG
,GTGTTTGTT
,GTTGTTGTTG
,TAACGCAAT
,TAACTCAAT
,TAATTTTAAT
,TATAATAGT
,TATGGATAA
,TATTCATTT
,TATTCGTAT
,TATTTTTAT
,TCACTAACG
,TCTACATCT
,TGAAAAATC
,TGTAACTTC
,TGTTGTTGT
,TTAATATTT
,TTACAGAGA
,TTATAATTT
,TTATTGAAGA
,TTCTCTCTT
,TTGTCTGTT
,TTTACATCA
,TTTAGACCA
,TTTATAATTT
,TTTCACTTT
,TTTGTATGAC
,TTTGTGATA
,TTTGTTACGCATTGTTT
,TTTTCACTT
,CTAGATTTAGATC
,AAACTGTTA
,AACTAATCAA
,AAGTTAAAG
,AATGAGTAA
,AATTGAACAT
,ACCATACCA
,ACTACATCA
,ATAATATTA
,ATACCAATT
,ATATGTATA
,ATTATGAGT
,ATTCCCTTA
,ATTCTTCTA
,ATTGAGTGC
,CAGTTTCAGA
,CATTCCTTAC
,CTTGTGTTC
,GAAACTGGTT
,GAAGGGAAG
,GACAGTTAG
,GACATAACA
,GGGACATAA
,GTGGTGGAC
,GTGTTCGTT
,GTTGTTGTTG
,TAATAATTAT
,TAATAGTTTT
,TAATCAATT
,TAATTCACT
,TAATTTTAAT
,TACAGAACAT
,TATAATTTTA
,TCTCCTTTC
,TGTAACTTC
,TGTTGGTCA
,TGTTGTTGT
,TTAATAATT
,TTAATTTGA
,TTGGCCAAG
,TTGTGTTCAC
,TTTCAGATGG
,TTTGATAAT
,TTTGGGTTT
,TTTGTATAA
,AAGTTTTGAA
,ATAATATGAC
,TAATGAAAGTAAT
,TATTCGTATT
,TGAAAAAAGT
,TTGTTACACATTGTT
,CAAACACAAAC
,TAATTTTAAT
,TACTTTTCAT
,TCCTACCATCCT
,ATCAAAGTGCT
,CAAACACAAAC
,GCAGGTGGACG
,GGTTATATTGG
,TGGCACATACACGGT
,TTGTTTGCACT
,TTTGTTACACATTGTTT
,CAAACACAAAC
,TACTTTTCAT
,ATAAAAATA
,ATCTGTCTA
,CATTCTTAC
,CCATGACAGTACC
,CTAAATTTAAATC
,GATTTTTGT
,TAACGCAAT
,TAACTCAAT
,TATTCGTAT
,TCTACATCT
,TGTAACTTC
,TTTCACTTT
,TTTGTTACGCATTGTTT
,TTTTCACTT
,TTTTGTTTT
,AATTTTACT
,AATTTTACT
,ATAATCATT
,ATAATCATT
,ATGAAGGAAGTA
,GGTGCTATATCGTGG
,TTTGTTACACATTGTTT
,CAAACACAAAC
,TAATTTTAAT
,TTTTAATTTT
,CAAACACAAAC
,TAATTTTAAT
,TACTTTTCAT
,TAGTGGTGAT
,TCCTACCATCCT
,ATTATAATAATATTA
,GTGGTTTTAA
,GTTGTTGTTG
,TAAGCAGTTT
,TAATTTTAAT
,TGGTGGTTTT
,TGTTGGTCAG
,TTACAACATT
,TTATAATTCA
,TTATAATTTT
,TTATTTTATT
,TTTCGATACC
,TTTGTTACACATTGTTT
,TTTGTTGTTT
,ATTCAAACTTA
,CAAACACAAAC
,TAATTTTAAT
,TTTTAATTTT
,TTGTTACACATTGTT
,AAACAATTG
,AACAGTTTCA
,AACTTATAA
,AACTTTCAA
,AAGATGTTA
,AAGGTTAAC
,AATCACTAA
,AATGAGTAA
,AATTTAATA
,AATTTCATT
,ACAAAAACA
,ACGCCATAC
,ACTACATCA
,ATAATATTA
,ATATGTATA
,ATATTCAAA
,ATGACAGTA
,ATGGTGGTC
,ATTATAATAATATTA
,ATTTAAATG
,CATAATTTTG
,CGACTCAGC
,CTATTAATA
,CTGCACAAG
,CTTGGTCTA
,GATCATAATT
,GGTGGTAAA
,GTGCTCGTG
,GTTAAGCAG
,GTTGTTGTTG
,TAATTTTAAT
,TATTCTTCTA
,TATTTTTAT
,TCAGTAATTC
,TGAAAAATC
,TGCGACAACA
,TGGTTTTAA
,TGTTGGTCA
,TGTTGTTGT
,TTAAATGGTG
,TTAATAATT
,TTAATACTA
,TTATAATTT
,TTATTGTCT
,TTCAGACCA
,TTGTTACACATTGTT
,TTTACTAAT
,TTTGTATGAC
,TTTTAATTTT
,TTTTGAATG
,CAAACACAAAC
,TAATTTTAAT
,TACTTTTCAT
,TCCTACCATCCT
,AGTATTATGA
,ATTATAATAATATTA
,CACTGTTTTT
,TAATTTTAAT
,TACTTTTCAT
,TGTAACTTTTCTGAA
,TGTATTTTAA
,ACATTGTTACA
,ATAATATGAC
,ATTATAATAATATTA
,ATTATAATAATATTA
,TGTAACTTTTCTGAA
,CCATGACAGTACC
,CTAAATTTAAATC
,TTTGTTACGCATTGTTT
,ATTATAATAATATTA
,TGTAACTTTTCTGAA
,AGCGAGCGA
,AGTGCGTGA
,CGCCGCCGC
,GCGCGAGCC
,GCGCGGCGA
,GCGCGGCGA
,GCGTATGCG
,GTGTATGTG
,GTGTATTTT
,GTGTTTGTG
,GTGTTTGTG
,GTGTTTGTG
,GTTTGTGTA
,TAGCGCGAT
,TATGCGTAT
,TATGTGTAT
,TATTATTAT
,TGTATTTTA
,AATTTAACA
,ACAATTTAACA
,TGTAACTTT
,TGTGGGTGT
,TTAACAATT
,TGGTCCTGGT
,TTGTTACACATTGTT
,TTTGTTTGAC
,CAAACACAAAC
,TAATTTTAAT
,TACTTTTCAT
,TCCTACCATCCT
,AAGTTTTGAA
,ATGTGTTTCAC
,TATAATAATAT
,TTGTTACACATTGTT
,ATTATAATAATATTA
,TAATTTTAAT
,TAATTTTAAT
,TAATTTTAAT
,TGTAACTTTTCTGAA
,CAAACACAAAC
,TAATTTTAAT
,TACTTTTCAT
,TCCTACCATCCT
,ATTCAAACTTA
,CAAACACAAAC
,TAATTTTAAT
,TTTTAATTTT
,CAAACACAAAC
,TAATTTTAAT
,TACTTTTCAT
,TCCTACCATCCT
,AAGTAATGC
,AATGGTGAT
,ACTACCAAAG
,ACTGTTTTT
,AGTAATGCT
,AGTATTATGA
,ATCATACTA
,ATTATAATAATATTA
,ATTTTAATC
,CAATATAAC
,CAGGTGGAC
,CTAATTTTAA
,GAATTTAAG
,GTGGTGGTG
,TAATTTTAAT
,TACTAATCAT
,TACTTTTCAT
,TGTAACTTTTCTGAA
,TGTATTTTAA
,TGTATTTTA
,TGTTTTTGT
,TTCATACTT
,TTTCACTTT
,TTTTAGTGA
,AACTAATCAA
,GTTACACATTG
,TTGTTACACATTGTT
,ATTATAATAATATTA
,TGTAACTTTTCTGAA
,AACTTTCAA
,AAGATGTGA
,AAGGTGTTTA
,AATGAGTAA
,ACATATTGT
,ACTATATCA
,ACTTTGTTAA
,AGAAGATAT
,AGGATCTTAT
,AGTACTTTT
,ATATGTATA
,ATGTAACAA
,ATTATAATAATATTA
,ATTATAATT
,ATTATAATT
,ATTCTACTAA
,ATTTGTTTGA
,CAATATAAC
,CACAATTAT
,CACTGTTTTT
,CAGGTGGAC
,CATTACTGC
,CATTCTTAC
,CGTTAACTAA
,GAATTTAAG
,GGTGAATTA
,GTATGGATAA
,GTGGTGGTG
,GTTGTTGTTG
,TAATTTTAAT
,TAATTTTAGT
,TACTAATTA
,TACTTTTCAT
,TATTATTAT
,TATTTTTAT
,TATTTTTAT
,TATTTTTAT
,TCAGTAATTC
,TGAAAAATC
,TGTATTTTA
,TGTTGGTGTT
,TGTTGTTGT
,TGTTTTTGT
,TTATCGTGA
,TTCTACTAAA
,TTGTCAGTTT
,TTGTCTGTT
,TTGTGATAA
,TTTACTAAT
,TTTACTAAT
,TTTACTTTT
,TTTATAATTT
,TTTATCGTG
,TTTCTCTTT
,TTTGTGATA
,TTTTAGTGA
,TTTTTGTGG
,ACATTGTTACA
,TTGTTACACATTGTT
,AACTTTTCAA
,TAATTTTAAT
,AAGGTGTTTA
,ACTTTGTTAA
,AGGATCTTAT
,ATTATAATAATATTA
,ATTATAATT
,ATTATAATT
,ATTCTACTAA
,CACTGTTTTT
,CGTTAACTAA
,GTATGGATAA
,GTTGTTGTTG
,TAATTTTAAT
,TAATTTTAGT
,TACTTTTCAT
,TATTTTTAT
,TATTTTTAT
,TATTTTTAT
,TCAGTAATTC
,TGTTGGTGTT
,TTCTACTAAA
,TTGTCAGTTT
,TTTACTAAT
,TTTACTAAT
,TTTATAATTT
,ATTATAATAATATTA
,TGTAACTTTTCTG
,AAAGGCCTGCT
,AACGGCGAT
,AGCGAGCGA
,AGTGCGTGA
,ATAGCGATA
,CAACCATACCAAC
,CAGACCCAGAC
,CTGCTGCTA
,GCGGCGGCG
,GCGTATGCG
,GTGTATGTG
,GTGTATTTT
,GTGTTTGTG
,GTGTTTGTG
,GTGTTTGTG
,GTTTGTGTA
,TAGCGCGAT
,TAGCGCGGCGA
,TATGCGGTG
,TATGCGTAT
,TATGTGTAT
,TATTATTAT
,TGACCCAGT
,TGTATTTTA
,ACACTGTAATT
,ACACTGTAATT
,TATTTTTAT
,TATTTTTAT
,TATTTTTAT
,TTCTACTAA
,TTCTACTAA
,AAACAACAACAAA
,ATTAAATGGT
,TAATAATTCT
,TAATTTTAAT
,TTAAATGGTG
,TTGTTTTTAC
,TTTTAATTTT
,TTTTACAGAT
,AATTTATATG
,ATGTCATGGT
,ATGTTGGTG
,ATGTTGGTG
,GATGTTGTAG
,TTAAATGGTG
,TTGTTACACATTGTT
,TTGTTACACATTGTT
,ATAAAAATA
,ATCTGTCTA
,CATTCTTAC
,CCATGACAGTACC
,CTAAATTTAAATC
,GATTTTTGT
,TAACGCAAT
,TAACTCAAT
,TATTCGTAT
,TCTACATCT
,TGTAACTTC
,TGTAAGGGT
,TTTCACTTT
,TTTGTTACGCATTGTTT
,TTTTCACTT
,TTTTGTTTT
,GTAATAATG
,TGTTGTTGT
,TTAATAATT
,TTGTAATTT
,TTTTTCTTTTT
,TTGTTACACATTGTT
,TTGTTACACATTGTT
,AACTTATAA
,AATCACTAA
,AGGTATGGA
,ATAATATTA
,ATTATAATAATATTA
,ATTCAAACTTA
,ATTTTAATG
,CAAACACAAAC
,CGACTCAGC
,CTATTAATA
,CTGCACAAG
,GTATTGTTG
,TATTATTGGTG
,TATTTTAAT
,TTAATAATT
,TTGTTACACATTGTT
,TTTCACTTT
,TTGTTACACATTGTT
,ATTATAATAATATTA
,CACTGTTTTT
,GTATTTTAGT
,TAATTTTAAT
,TACTTTTCAT
,TGTAACTTTTCT
,AGTATTATGA
,ATTATAATAATATTA
,CAATATAAC
,CACTGTTTTT
,CAGGTGGAC
,CATTCTTAC
,CCGATAGCC
,GAATTTAAG
,GATTTTATC
,GTGGTGGTG
,TAACGCAAT
,TAATTTTAAT
,TAATTTTAA
,TACTTTTCAT
,TGTATTTTA
,TGTTTTTGT
,TTAACAACC
,TTTCACTTT
,TTTTAGTGA
,TTGTTACACATTGTT
,ATAAAAATA
,ATCTGTCTA
,CATTCTTAC
,CCATGACAGTACC
,CTAAATTTAAATC
,GATTTTTGT
,TAACGCAAT
,TAACTCAAT
,TATTCGTAT
,TCTACATCT
,TGTAACTTC
,TGTAAGGGT
,TTTCACTTT
,TTTGTTACGCATTGTTT
,TTTTCACTT
,TTTTGTTTT
,TTGTTACACATTGTT
,TAATTTTAAT
,CAAACGCAAAC
,TAATTTTAAT
,TACTTTTCAT
,CAAACACAAAC
,TAATTTTAAT
,TACTTTTCAT
,TCCTACCATCCT
,ATTATAATAATATTA
,TGTAACTTTTCTGAA
,CAAACGCAAAC
,TAATTTTAAT
,TACTTTTCAT
,ATAAAAATA
,ATCTGTCTA
,CATTCTTAC
,CCATGACAGTACC
,CTAAATTTAAATC
,GATTTTTGT
,TAACGCAAT
,TAACTCAAT
,TATTCGTAT
,TCTACATCT
,TGTAACTTC
,TTTCACTTT
,TTTGTTACGCATTGTTT
,TTTTCACTT
,TTTTGTTTT
,TAATCATACTAAT
,TGTAACTTTTCTGAA
,TTGTTACACATTGTT
,CCATGACAGTACC
,CTAAATTTAAATC
,GATTTTTGT
,TGTTTTTAG
,TTTGTTACGCATTGTTT
,ATTATAATAATATTA
,TGTAACTTTTCTGAA
,TAATTTTAAT
,AAAGGCCTGCT
,AACGGCGAT
,ACCATACCA
,AGTGCGTGA
,CAGACCCAGAC
,GCGGCGGCG
,GCGTATGCG
,GTGTATGTG
,GTGTTTGTG
,GTGTTTGTG
,GTGTTTGTG
,GTTTGTGTA
,TAGCGCGAT
,TAGCGCGGCGA
,TATGCGGTG
,TATGCGTAT
,TATGTGTAT
,TATTATTAT
,TGACCCAGT
,TGTATTTTA
,TGTGGGTGT
,ATGACAGTA
,GCGTATGCG
,TACAAACAT
,TTAATAATT
,TTAATATTT
,TTGTTACACATTGTT
,TTGTTACTCATTGTT
,TTAATTTTAATT
,TTTTAATTTT
,TGGTCCTGGT
,TTGTTACACATTGTT
,TTTGTTTGAC
,ATCTGTCTA
,CCATGACAGTACC
,CTAAATTTAAATC
,GATTTTTGT
,TAACGCAAT
,TAACTCAAT
,TATTCGTAT
,TCTACATCT
,TCTTGGTCA
,TGTAACTTC
,TTTCACTTT
,TTTGTTACGCATTGTTT
,TTTTCACTT
,TTTTGTTTT
,TTTTTAATG
,CACTGTTTTT
,CATTTGCAGG
,TGTAACTTTTCTGAA
,TTATACTAGT
,AACTTTCAA
,AAGGTGTTTA
,AATGAGTAA
,AATGGTGAT
,ACATATTGT
,ACCTCACAT
,ACTACTTTA
,ACTATATCA
,AGAAGATAT
,ATAAAAATA
,ATATGTATA
,ATGTAACAA
,ATTATAATAATATTA
,ATTATAATT
,ATTATAATT
,ATTCTACTAA
,CAATATAAC
,CACAATTAT
,CAGGTGGAC
,CGTTAACTAA
,GAATTTAAG
,GGTATGCAC
,GGTGAATTA
,GTATGGATAA
,GTGGTGGTG
,GTTGTTGTTG
,TAATTTTAAT
,TAATTTTAGT
,TACTAATTA
,TACTTTTCAT
,TATAATTTTA
,TATTATTAT
,TATTTTTAT
,TATTTTTAT
,TATTTTTAT
,TCAGTAATTC
,TGAAAAATC
,TGTAACTTTTCTGAA
,TGTATTTTA
,TGTTGTTGT
,TGTTTTTGT
,TTATACTAGT
,TTATACTAGT
,TTCTACTAAA
,TTGTCAGTT
,TTGTCTGTT
,TTGTGATAA
,TTTACTAAT
,TTTACTAAT
,TTTCACTTT
,TTTGGTATG
,TTTGTGATA
,TTTTAGTGGT
,TTTTTGTGG
,TTGTTACACATTGTT
,AACTTATAA
,AATCACTAA
,ATAATATTA
,ATGACAGTA
,ATGGTGGTC
,ATTATAATAATATTA
,CGACTCAGC
,CTATTAATA
,CTGCACAAG
,CTTGGTCTA
,GCGTATGCG
,TTAATAATT
,TTAATACTA
,TTGTTACACATTGTT
,TTTCACTTT
,AAAATTAAT
,AACTTTCAA
,AATGGTGAT
,AATTGTTTC
,ACTATATCA
,ACTTTGTTAA
,AGTATTATGA
,ATATGTATA
,ATGTAACAA
,ATTATAATAATATTA
,ATTATAATT
,ATTATAATT
,ATTCTTCTAA
,ATTTCACTT
,CAATATAAC
,CACTGTTTTT
,CAGGTGGAC
,CATTACTGC
,CATTCTTAC
,CGTTAACTAA
,CTTCTAGAA
,GAAGATGTT
,GAATTTAAG
,GGCATTCTTA
,GGTGAATTA
,GTAGAAGATG
,GTGGCGGTG
,GTGTCTATT
,GTTCTGCAT
,GTTGTTGTTG
,TAACAACTT
,TAATTTTAAT
,TAATTTTAA
,TAATTTTAG
,TACTTTTCAT
,TATATGTAT
,TATTATTAT
,TATTCTTCTA
,TATTTTTAT
,TCCATAGCT
,TGTTCGATC
,TGTTGGTGTT
,TGTTGTTGT
,TGTTTTTGT
,TTCATACTT
,TTCTACTAA
,TTCTAGAAAT
,TTGTCAGTTT
,TTGTCTGTT
,TTGTGATAA
,TTTCACTTT
,TTTCATCAC
,TTTGTGATA
,TTTTAATTTT
,TTTTAATTT
,ATAAAAATA
,ATCTGTCTA
,CATTCTTAC
,CCATGACAGTACC
,CTAAATTTAAATC
,GATTTTTGT
,TAACGCAAT
,TAACTCAAT
,TATTCGTAT
,TCTACATCT
,TGTAACTTC
,TTTCACTTT
,TTTGTTACGCATTGTTT
,TTTTCACTT
,TTTTGTTTT
,TTTTTAATG
,CAAACACAAAC
,TAATTTTAAT
,TACTTTTCAT
,AAATGGACA
,AGTTTTTGA
,ATTGCGTTA
,CAGGAGGAC
,GGTGATATTC
,GTAAATTTA
,GTTGTACTT
,GTTTATTAA
,TAATTTTAAT
,TAGTGGTAA
,TAGTGGTGAT
,TCATGTACT
,TGATAATAGT
,TGGTTTTGGT
,TGTTGTTGT
,TGTTTTAAA
,TTAACAATT
,TTATTAATC
,TTTAATAAA
,TTTCACTTT
,TTTTAATAA
,TTTTAATTTT
,TTTTGGTGTA
,TTTTGTTACACATTGTTTT
,TTTTTCCTTTTT
,ATTATAATAATATTA
,CGAATTAAGC
,TAATTTTAAT
,TACTTTTCAT
,TGTAACTTTTCTGAA
,TTATACTAGT
,TAATGAAAGTAAT
,TAATTTTAAT
,AGAAGATAT
,CTGTGATAA
,GTTGGGTTG
,AATACTCTA
,ATAAAAATA
,ATCTGTCTA
,ATGTCTGTA
,CATTCTTAC
,CCATGACAGTACC
,CTAAATTTAAATC
,GATATTTGT
,TAACGCAAT
,TAACTCAAT
,TATTCGTAT
,TCTACATCT
,TGTAACTTC
,TTTCACTTT
,TTTGTTACGCATTGTTT
,TTTTCACTT
,TTTTTAATG
,ATGTTGGTG
,ATGTTGGTG
,TTGTTACACATTGTT
,ATTATAATAATATTA
,CACTGTTTTT
,GTATTTTAGT
,TAATTTTAAT
,TACTTTTCAT
,TGTAACTTTTCT
,CAAACACAAAC
,TAATTTTAAT
,TTTTAATTTT
,TTGTTACACATTGTT
,TTGTTACACATTGTT
,AAACCATTA
,AAAGGCCTGCT
,AAGCGGGCG
,AGTGCGTGA
,CAGACCCAGAC
,CCAAAGAAACC
,CGGCAACAA
,GCGGCGGCG
,GCGTATGCG
,GTATGCGGT
,GTGTTTGTG
,TAGCGCGAT
,TAGCGGCAA
,TATGCGTAT
,TATGTGTAT
,TATTATTAT
,TGTATTTTA
,CAAACACAAAC
,TAATTTTAAT
,TCCTACCATCCT
,TTTACTTTTA
,TAATTTTAAT
,AATGAAAGTAA
,TAATTTTAAT
,TTAGACCAGATT
,TTTTAATTTT
,CAAACACAAAC
,TAATTTTAAT
,TACTTTTCAT
,TCCTACCATCCT
,TAATTTTAAT
,TTGTTACACATTGTT
,CTAAATTTAAATC
,TTTGTTACACATTGTTT
,TAATTTTAAT
,ATTATAATAATATTA
,TGTAACTTTTCTGAA
,ATGTTGGTG
,ATGTTGGTG
,TTGTTACACATTGTT
,ATTATAATAATATTA
,TTGTTACACATTGTT
,GTTTTTATATTTTTG
,CAAACACAAAC
,TAATTTTAAT
,TACTTTTCAT
,TCCTACCATCCT
,TAATTTTAAT
,AAGGTGTTTA
,ACTTTGTTAA
,AGGATCTTAT
,ATTATAATAATATTA
,ATTATAATT
,ATTATAATT
,ATTCTACTAA
,CACTGTTTTT
,CGTTAACTAA
,GTAAATTATA
,GTATGGATAA
,GTTGTTGTTG
,TAATTTTAAT
,TAATTTTAGT
,TACTTTTCAT
,TATTTTTAT
,TATTTTTAT
,TATTTTTAT
,TCAGTAATTC
,TGTAACTTTTCTGAA
,TGTTGGTGTT
,TTATACTAGT
,TTCTACTAAA
,TTGTCAGTTT
,TTTACTAAT
,TTTACTAAT
,TTTATAATTT
,TGTAACTTTTCTGAA
,CAAACACAAAC
,TAATTTTAAT
,TACTTTTCAT
,CAAACACAAAC
,TAATTTTAAT
,TACTTTTCAT
,CAAACACAAAC
,TAATTTTAAT
,TACTTTTCAT
,TCCTACCATCCT
,TAATTTTAAT
,CAAACACAAAC
,TAATTTTAAT
,TACTTTTCAT
,TGGTCCTGGT
,TTGTTACACATTGTT
,TTTGTTTGAC
,ATTATAATAATATTA
,TGTAACTTTTCTGAA
,AAATCATCT
,AACTGTCAA
,AAGAGAGAA
,AATATTAATA
,AATGAGTAA
,ACAACATTAC
,ACATATTGT
,ACATATTTGT
,ACGTAATGCA
,ACTACTTTA
,ACTATATCA
,AGAAGATAT
,AGTAGTTTT
,ATAATAATA
,ATATGTATA
,ATCGCTTCA
,ATGGTGGTTT
,ATGGTTCTA
,ATGTAACAA
,ATTGTAATT
,ATTGTTTTG
,CAGCAGTTT
,CATTACTGC
,CTAACACTA
,CTCTTTATA
,CTTTTTAAT
,GAATTTAAG
,GGTAAATTA
,GGTGGTAAA
,GTAATTCTG
,GTAGAAGATG
,GTAGGTGTT
,GTATGGATAA
,GTTGTTGTTG
,GTTTTAGAC
,TAACGCAAT
,TAACTCAAT
,TAATTTTAAT
,TAATTTTAG
,TATAACAAC
,TATTATTAC
,TATTCTTCTA
,TATTTTTAT
,TATTTTTAT
,TATTTTTAT
,TCAGTAATTC
,TCCTGGTAT
,TCTATTGATA
,TGTTGAGTA
,TGTTGTTGT
,TTAAATGGTG
,TTAACAATT
,TTTATAATTT
,TTTCTCTTT
,TTTGTTACACATTGTTT
,TTTTAGACCA
,AAATTTTAA
,AAGGTGGTGT
,AAGTAATTA
,ACTAATAAT
,ATTATGGTA
,ATTCACTTA
,CTAATAATC
,CTTTGGTGT
,GTGAAAATTA
,TAATAATAAT
,TGGTTTGGT
,TTAAAAATT
,TTATGGTATT
,TTGTGTGTT
,TTTAAATTT
,TTTGGGTTT
,TAATTTTAAT
,ATTATAATAATATTA
,CACTGTTTTT
,TAATTTTAAT
,TACTTTTCAT
,TGTAACTTTTCTGAA
,TTTTAATTTT
,CAAACACAAAC
,TAATTTTAAT
,TACTTTTCAT
,TCCTACCATCCT
,CAAACACAAAC
,TAATTTTAAT
,TACTTTTCAT
,TCCTACCATCCT
,CAAACACAAAC
,TAATTTTAAT
,TACTTTTCAT
,TCCTACCATCCT
,AGTATTATGA
,ATTATAATAATATTA
,CACTGTTTTT
,TAATTTTAAT
,TACTTTTCAT
,TGTAACTTTTCTGAA
,ATATTTTATA
,GAAGTTGAAG
,TAATTTTAAT
,TAATTTTAAT
,TCCTACCATCCT
,ATAAAAATA
,ATCTGTCTA
,CATTCTTAC
,CCATGACAGTACC
,CTAAATTTAAATC
,GATTTTTGT
,TAACGCAAT
,TAACTCAAT
,TATTCGTAT
,TCTACATCT
,TGTAACTTC
,TTTCACTTT
,TTTGTTACGCATTGTTT
,TTTTCACTT
,TTTTGTTTT
,ATATAATATA
,ATTATAATAATATTA
,CACTGTTTTT
,TAATTTTAAT
,TACTTTTCAT
,TGTAACTTTTCTGAA
,ATCAGACTA
,ATCTGTCTA
,ATTGTTTTA
,CACTTTCAC
,CGGCTCGGC
,GTAAATTTA
,TGGTAATTG
,TTAATAATT
,TTTGTTACTCATTGTTT
,TAATTTTAAT
,TTGTTACACATTGTT
,ACGTAATGCA
,ATAATATTA
,ATAATATTA
,ATTATAATAATATTA
,ATTATAATATTA
,ATTATAATA
,CACTGTTTTT
,TAATAATTAT
,TAATGGTAAT
,TAATTTTAAT
,TATAATATTA
,TATTCGTATT
,TGTAACTTTTCT
,TAATGAAAGTAAT
,TAATTTTAAT
,TTTGTTGTTT
,AATTTAATA
,AGGTATGGA
,ATAATAATA
,TTAATAATT
,TTGTTACACATTGTT
,TTTAATAAT
,ATTATAATAATATTA
,TGTAACTTTTCTGAA
,AATTTTACT
,GCCGTGCCG
,TTAATAATT
,TTGTTACACATTGTT
,TTGTTTGTT
,TTGTTACACATTGTT
,TTGTTACACATTGTT
,TTGTTACACATTGTT
,GGTCAACTGG
,TAATAATTAT
,TAATTTTAAT
,TTGTGTTCAC
,TTGTTACACATTGTT
,TTGTTACTCATTGTT
,CAAACACAAAC
,TAATTTTAAT
,TACTTTTCAT
,TCCTACCATCCT
,TTGTTACACATTGTT
,ATTATAATAATATTA
,GGAATTTAAGG
,GTTACACATTG
,TAATTTTAAT
,TAGTGGTGAT
,TCAAACACAAACT
,TCTTCACTTCT
,TTAACCAATT
,TTATGCGTATT
,TTTGTTGTTT
,TTGTTACACATTGTT
,TATTTTTAT
,TATTTTTAT
,TATTTTTAT
,TAATTTTAAT
,ATCACACTA
,CAAACACAAAC
,GTGGTGGTG
,TAATTTTAAT
,TACTTTTCAT
,TTTCACTTT
,AAGGTGTTTA
,AATTCTCTTAA
,ACTTCAGCAG
,ACTTTGTTAA
,ATGTAAATGTA
,ATTATAATAATATTA
,ATTCTACTAA
,CAAACACAAAC
,CACTGTTTTT
,CGTTAACTAA
,GTATGGATAA
,GTTGTTGTTG
,TAAATGTAAAT
,TAATTTTAAT
,TAATTTTAGT
,TATTTTTAT
,TATTTTTAT
,TATTTTTAT
,TCAGTAATTC
,TCTACTAATTA
,TGTTGGTGTT
,TTATAATTTTA
,TTCTACTAAA
,TTGTTTCATTC
,TTTATAATTT
,TTTTAGTGGT
,ATGTTGGTG
,ATGTTGGTG
,TTGTTACACATTGTT
,ACGTAATGCA
,ATTATAATAATATTA
,CACTGTTTTT
,TAATTTTAAT
,TACTTTTCAT
,TGTAACTTTTCTGAA
,TTAAATGGTG
,TAATTTTAAT
,ATCACACTA
,CAAACACAAAC
,GTGGTGGTG
,TAATTTTAAT
,TACTTTTCAT
,TTTCACTTT
,ACATTGTTACA
,ATAATATGAC
,CAAACACAAAC
,TAATTTTAAT
,TTGTTACACATTGTT
,TTTTAATTTT
,CAAACACAAAC
,TAATTTTAAT
,TACTTTTCAT
,TCCTACCATCCT
,CAAACACAAAC
,TAATTTTAAT
,TACTTTTCAT
,TCCTACCATCCT
,ATGTTGGTG
,ATGTTGGTG
,TTGTTACACATTGTT
,CAAACGCAAAC
,TATAATAATAT
,TCAACACAACT
,CTAAATTTAAATC
,ATTATAATAATATTA
,TGTAACTTTTCTGAA
,TTGTTACACATTGTT
,CAAACACAAAC
,TACTTTTCAT
,TTGTTACACATTGTT
,AAAAGAACT
,AAACTGGTT
,AAAGAACTT
,AAAGTAATT
,AACAGTTTC
,AACTTTCAA
,AATGAGTAA
,ACATTAACT
,ACGCCATAC
,ACTACATCA
,AGTGTTTGT
,ATATGTATA
,ATGTTGGTG
,ATTAAGATC
,CAACACAAC
,GGTGGTAAA
,GTAATTTTA
,GTGAAAGTA
,GTGCTCGTG
,GTGGTGGAC
,TAATGAAAG
,TAGTTTTAG
,TATATGTAT
,TATTTTTAT
,TCTGTTAAT
,TGGTTTTAA
,TGTTGTTGT
,TTAACTTAA
,TTATCGTGA
,TTGACAGTT
,TTGTACAGC
,TTTATCGTG
,TTTGTTACACATTGTTT
,TTTTATTTT
,TTTTCACAT
,TAATTTTAAT
,ATTATAATAATATTA
,TTGTTACACATTGTT
,GTAATAATG
,TGTTGTTGT
,TTAATAATT
,TTGTAATTT
,TTTTAATGTT
,TTTTTCTTTTT
,AGGTGGTGT
,CATACTGTA
,TCAAAAACT
,TGTTTTTGT
,ATTTTACATTTTA
,TAATGAAAGTAAT
,TAATTTTAAT
,GTTACCCATTG
,ATTCAAACTTA
,CAAACACAAAC
,TAATTTTAAT
,TTTTAATTTT
,TAATTTTAAT
,AAACTGGTT
,AATGTGTCT
,AATTCATTT
,AATTTATATG
,ACCAATTTT
,ACCATACCA
,ACCTGATGG
,ACTACATCA
,ACTTATATTA
,AGTAGTTTT
,ATATGTATA
,ATGTTGGTG
,CAACACAAC
,CATTCTTAC
,CGTCGTTAA
,CTCGTGTTT
,GAAGATGTT
,GAAGATGTT
,GATGTTGTAG
,GATTATAAT
,GCAGTAGTT
,GTAGTTTTAG
,GTCAATGGT
,GTGCTCGTG
,GTGGTGGAC
,GTGTTTGTA
,GTTGTTGTTG
,TAATTTTAAT
,TAGTTTTAG
,TATATGTAT
,TATTCTTCTA
,TATTTTTAT
,TCTTTGAATT
,TGTATTTAAT
,TGTTGGTCA
,TGTTGTTGT
,TTAAATGGTG
,TTATCGTGA
,TTCAACAAT
,TTCTACTAA
,TTCTGTCTT
,TTCTTATAT
,TTGACAGTT
,TTGTTACACATTGTT
,TTTAATTTT
,TTTATCGTG
,TTTGTATAAC
,TTTTAATTTT
,AATTTATATG
,GAAACCAAAG
,GATGTTGTAG
,TAATTTTAAT
,TGTTGGTTGT
,TTAAATGGTG
,TTTTAATTTT
,ATTCAAACTTA
,CAAACACAAAC
,TAATTTTAAT
,TTTTAATTTT
,ATTCAAACTTA
,CAAACACAAAC
,TAATTTTAAT
,TTTTAATTTT
,ATTATAATAATATTA
,GGTCAACTGG
,TAATAATTAT
,TAATTTTAAT
,TTGTGTTCAC
,CAAACACAAAC
,TAATTTTAAT
,TTTTAATTTT
,TAATTTTAAT
,ATTATAATAATATTA
,TTGTTACACATTGTT
,ATTTAATAATTTA
,TTGTTACACATTGTT
,TTGTTACACATTGTT
,CAAACACAAAC
,TAATTTTAAT
,TACTTTTCAT
,TCCTACCATCCT
,CAAACACAAAC
,TAATTTTAAT
,TACTTTTCAT
,TCCTACCATCCT
,ATTCAAACTTA
,CAAACACAAAC
,TAATTTTAAT
,TTTTAATTTT
,AATTTATATG
,ATGTTGGTG
,ATGTTGGTG
,GATGTTGTAG
,TAATAATTAT
,TAATTTTAAT
,TTAAATGGTG
,TTGTTACACATTGTT
,TTTTAATTTT
,AGTATTATGA
,ATTATAATAATATTA
,CACTGTTTTT
,GTATTTTAGT
,TAATTTTAAT
,TACTTTTCAT
,TATTTTATTTTAT
,TGTAATTTTT
,ATTATAATAATATTA
,TAGTTGTGTTGAT
,TTTGTTACACATTGTTT
,TTGTTACACATTGTT
,TTGTTACACATTGTT
,AATGAAAGTAA
,TATAATAATAT
,TGTTATATTGT
,TTGTTACTCATTGTT
,TAATTTTAAT
,TAATTTTAAT
,TTACTAATCATT
,AAATGGACA
,AGTTTTTGA
,ATTGTGTTA
,CAGGAGGAC
,GCAAATTTAT
,GTTGTACTT
,TAATTTTAAT
,TACTTTCAC
,TAGTGGTGAT
,TGATAATAGT
,TGGTTTTGGT
,TGTTGTTGT
,TGTTTTAAA
,TTAACAATT
,TTTAATAAA
,TTTCACTTT
,TTTTAATAA
,TTTTAATTTT
,TTTTGGTGTA
,TTTTGTTACACATTGTTTT
,TTTTTCCTTTTT
,CAAACACAAAC
,TAATTTTAAT
,TACTTTTCAT
,TCCTACCATCCT
,AAACTGGTT
,AATGTGTCT
,AATTCATTT
,AATTTATATG
,AATTTTTAA
,ACCAATTTT
,ACCATACCA
,ACCTGATGG
,ACTACATCA
,ACTTATATTA
,AGTAGTTTT
,ATATGTATA
,ATCCCCCTA
,ATGTTGGTG
,CAACACAAC
,CATTCTTAC
,CTCGTGTTT
,GAAGATGTT
,GAAGATGTT
,GATGTTGTAG
,GATTATAAT
,GCAGTAGTT
,GGTGGTAAA
,GTAATAATG
,GTAGTTTTAG
,GTCAATGGT
,GTGAAAGTA
,GTGCTCGTG
,GTGGTGGAC
,GTGTTTGTA
,GTTGTTGTTG
,TAATTTTAAT
,TAGTGAAAG
,TAGTTTTAG
,TATATGTAT
,TATTCTTCTA
,TATTTTTAT
,TCTTTGAATT
,TGTATTTAAT
,TGTTGGTCA
,TGTTGTTGT
,TTATAGAGAA
,TTATCGTGA
,TTCTACTAA
,TTCTAGACG
,TTCTGTCTT
,TTCTTATAT
,TTGACAGTT
,TTGTTACACATTGTT
,TTTAATTTT
,TTTATCGTG
,TTTGTATAAC
,TTTTAATTTT
,TTTTATTTT
,ATTATAATAATATTA
,TGTAACTTTTCT
,CAAACACAAAC
,TAATTTTAAT
,TACTTTTCAT
,TCCTACCATCCT
,CCATGACAGTACC
,CTAAATTTAAATC
,GATTTTTGT
,TGTTTTTAG
,TTTGTTACGCATTGTTT
,CAAACACAAAC
,TAATTTTAAT
,TACTTTTCAT
,TCCTACCATCCT
,TAATTTTAAT
,CAAACACAAAC
,TAATTTTAAT
,TACTTTTCAT
,TCCTACCATCCT
,AGTATTATGA
,ATTATAATAATATTA
,CACTGTTTTT
,TAATTTTAAT
,TACTTTTCAT
,TAATTTTAAT
,AAGGTGTTTA
,AGTATTATGA
,ATTATAATAATATTA
,ATTATAATT
,ATTATAATT
,CACTGTTTTT
,CGTTAACTAA
,GTATGGATAA
,GTTGTTGTTG
,TAATTTTAAT
,TACTTTTCAT
,TATTTTTAT
,TATTTTTAT
,TATTTTTAT
,TCAGTAATTC
,TGTTGGTGTT
,TTTACTAAT
,TTTACTAAT
,AGTATTATGA
,ATATAATATA
,ATTATAATAATATTA
,CACTGTTTTT
,TAATTTTAAT
,TACTTTTCAT
,TGTAACTTTTCTGAA
,ATTATAATAATATTA
,CACTGTTTTT
,TAATTTTAAT
,TACTTTTCAT
,TGTAACTTTTCTGAA
,TTATACTAGT
,TTTGTTACACATTGTTT
,ACTACCAAAG
,AGTATTATGA
,ATTATAATAATATTA
,CACGTGAGTGCAC
,TAATTTTAAT
,TACTTTTCAT
,TGTAACTTTTCTGAA
,TGTATTTTAA
,AAAAGAACT
,AACAGTTTC
,AAGTGCTAT
,AATCACTAA
,AATGAGTAA
,ACATTAACT
,ACCATACCA
,ACTACATCA
,AGTGTTTGT
,ATATGTATA
,ATGTTGGTG
,ATGTTGGTG
,CAACACAAC
,CTCATAACT
,GGTGGTAAA
,GTCAATACT
,GTCAATGGT
,GTGAAAGTA
,GTGCTCGTG
,GTGGTGGAC
,TAATGAAAG
,TAATTATTT
,TAGTTTTAG
,TATATGTAT
,TATTTTTAT
,TGTTGGTCA
,TGTTGTTGT
,TTAATAATT
,TTATAATTT
,TTATCGTGA
,TTCTGTCTT
,TTGACAGTT
,TTGTTACACATTGTT
,TTTAAATTT
,TTTATCGTG
,TTTCTCTTT
,TTTTATTTT
,TTTGTTACACATTGTTT
,AAAAGAACT
,AACTTATAA
,AATCACTAA
,ACAGATGTT
,ACTACATCA
,AGGTATGGA
,ATAATATTA
,ATAATTTTA
,ATATGTATA
,ATATTCAAA
,ATTATAATAATATTA
,ATTTTAATG
,CGACTCAGC
,CTATTAATA
,CTGCACAAG
,GACGTCAAC
,GATTATAAT
,GGTGGTAAA
,GTATTGTTG
,GTGCTCGTG
,GTTAAGCAG
,TAAATGGTG
,TAATTCACT
,TAATTTTAG
,TACTTCTAT
,TATTTTAAT
,TATTTTTAT
,TCTATAGAA
,TGTTGGTCA
,TGTTGTTGT
,TTAATAATT
,TTGTTACACATTGTT
,TTTAAATTT
,TTTAATTTT
,TTTCACTTT
,TTTCTCTTT
,TTTTAGTTT
,TTGTTACACATTGTT
,AAACGCAAA
,AAAGATGTT
,AAATGGACA
,AAATTATGA
,AAGACCAGAA
,AAGGTGGAA
,AATTGTTGT
,AATTTAAAT
,ACATTATTTT
,ACCATACCA
,ACCCATTAT
,ACTTATTTA
,AGTTTTTGA
,ATTGCGTTA
,CAGGAGGAC
,CATTATTAC
,CCAGTTAGT
,CTGTTTTTA
,GAAGTTAAT
,GACATTATT
,GATGGTGATT
,GGTGTGTAT
,GTAAATTTA
,GTGGTTTTA
,GTTATAGTA
,GTTATAGTA
,GTTGTACTT
,GTTGTTGTTG
,TAAATGTTA
,TAAATGTTA
,TAAGAATTTT
,TAATTTTAAT
,TAGTGGTAA
,TAGTGGTGAT
,TATTTTTAT
,TCATGTACT
,TCCCCGTAA
,TGATAATAGT
,TGATGTAGT
,TGGTTTTGGT
,TGTTGTTGTT
,TGTTGTTGT
,TGTTGTTGT
,TGTTTTAAA
,TGTTTTAAA
,TTAACAATT
,TTAAGTAGT
,TTATTTATT
,TTTAAATGGT
,TTTAATAAA
,TTTAATTTT
,TTTATTAAA
,TTTATTAAA
,TTTCACTTT
,TTTGATTCA
,TTTTAATAA
,TTTTAATTTT
,TTTTGGTGTA
,TTTTGTTACACATTGTTTT
,TTAACAATT
,TTAACAATT
,TTAACAATT
,CAAACACAAAC
,TAATTTTAAT
,TCCTACCATCCT
,TAATTTTAAT
,TTTTAATTTT
,TTGTTACACATTGTT
,CAAACACAAAC
,TAATTTTAAT
,TACTTTTCAT
,TCCTACCATCCT
,AGTATTATGA
,ATTATAATAATATTA
,CACTGTTTTT
,GCCCGATAGCCCG
,TAATTTTAAT
,TACTTTTCAT
,AATCAGTAT
,AATTTTGTTTTAA
,ACGCATTGT
,ACTGAGTCA
,ATGTAATATT
,ATTGTGTTA
,ATTTTAGTG
,CATAAATAC
,CCCTTTAGA
,GTGTTTAATA
,TAATTTTAAT
,TATAATGGA
,TATCTTTGT
,TATTAATAAT
,TCAAACCCAAACT
,TCAAGGTAA
,TGTTACGCATTGT
,TTACAACATT
,TTATGAAAG
,TTTCACTTT
,TTTTCACTT
,CAAACACAAAC
,TAATTTTAAT
,TACTTTTCAT
,CAAACACAAAC
,TAATTTTAAT
,TACTTTTCAT
,TCCTACCATCCT
,CAAACACAAAC
,TAATTTTAAT
,TACTTTTCAT
,TCCTACCATCCT
,AGTATTATGA
,ATTATAATAATATTA
,ATTATTTTG
,CAATATAAC
,CACTGTTTTT
,CAGGTGGAC
,CATTCTTAC
,GAATTTAAG
,GGTCACAAT
,GTGGTGGTG
,TAATTTTAAT
,TAATTTTAA
,TACTTTTCAT
,TGCTGCTAC
,TGTAACTTTTCTGAA
,TGTATTTTA
,TTTCACTTT
,TTTTAGTGA
,AACTTTCAA
,AAGGTGTTTA
,ACATATTGT
,ACTACTTTA
,ACTATATCA
,ACTTTGTTAA
,AGAAGATAT
,AGGATCTTAT
,AGTACTTTT
,ATATGTATA
,ATGTAACAA
,ATTATAATAATATTA
,ATTATAATT
,ATTATAATT
,ATTATGTGT
,ATTCTGCCA
,CAATATAAC
,CACAATTAT
,CAGGTGGAC
,CATTACTGC
,CATTCTTAC
,CTATTTTTA
,GAATTTAAG
,GGTGAATTA
,GTATGGATAA
,GTGGTGGTG
,GTTGTTGTTG
,TAATTTTAAT
,TAATTTTAGT
,TACTAATTA
,TACTTTTCAT
,TATTATTAT
,TATTCTTCTA
,TATTTTTAT
,TATTTTTAT
,TATTTTTAT
,TCAGTAATTC
,TGAAAAATC
,TGAATAAGT
,TGTTGGTCA
,TGTTGGTGTT
,TGTTGTTGT
,TGTTTTTGT
,TTAATTAATT
,TTATCGTGA
,TTGTCAGTTT
,TTGTCTGTT
,TTGTGATAA
,TTTACTAAT
,TTTACTAAT
,TTTATAATTT
,TTTATCGTG
,TTTCACTTT
,TTTCTCTTT
,TTTGTGATA
,TTTTAGTGA
,TTTTTGTGG
,AAAATGGTG
,AAATAATTT
,AATAATTTTA
,AATATAACT
,AATTCATAA
,ACAATATGG
,ACCTTCTAGT
,AGAAAAATC
,AGTAATTAA
,AGTTTAAAT
,ATAAAAATA
,ATAATAATA
,ATAATATTA
,ATACACTTT
,ATATGTATA
,ATATTATACT
,ATGGTAATC
,ATTTGCTAC
,CAATATAAC
,CACATACAC
,CAGATTTTAA
,CAGGCGGAC
,CATATTATAC
,CATTGTTAC
,CTCTTGGTCA
,CTTTAATTTC
,CTTTACATCA
,GACAAGATAGAACAG
,GATGATGTAGTAG
,GCTTTGTTG
,GGACCCAGG
,GGATTTAGG
,GTCAATATA
,GTGGTTTTA
,GTGTTTAAT
,GTTAAAATTG
,GTTTTAGACC
,TAAACTCAT
,TAAATGTTA
,TAAATGTTA
,TAATAATAAT
,TAATGGTAAT
,TATAATATTA
,TATCTTCTAT
,TCAAGAACT
,TCCTGTCCT
,TGACAGTCC
,TGATTTTAGT
,TGCAAGAAA
,TGGAAAAGA
,TGGTTCTCTTGGT
,TGGTTTTAA
,TGTTAAAAT
,TGTTGTTGT
,TTAAAGGTG
,TTATTCTGC
,TTCTGAAAA
,TTGCCCGTT
,TTGTTGTCG
,TTTAAAAAT
,TTTAATTTC
,TTTACATTT
,TTTAGACCT
,TTTTAATTT
,TTTTAATTT
,TTTTAGACC
,TTTTAGGTTT
,TTTTATTTT
,TTTTTGTGG
,TTGTTACACATTGTT
,TTGTTACACATTGTT
,ATTATAATAATATTA
,ATTTTACTCATTTTA
,GAAACCAAAG
,TAATTTTAAT
,TTAAATGGTG
,TTTTAATTTT
,TTGTTACACATTGTT
,AAAATTTTA
,AAAGTAATGC
,AATATTAAT
,AATGAAAGTAA
,ACTAAGAGT
,ATGAAAAGTA
,ATGGTGGTCT
,ATTATAATAATATTA
,ATTGTTTTA
,CTAATTGTA
,CTTTGACAG
,GGTATATATGG
,GGTCTTATT
,GTTACACATTG
,GTTTTAAAA
,TAACACAAC
,TAATTTTAAT
,TACGTTTAC
,TATAGATAT
,TATATATGG
,TATTAACACAACACAATTAT
,TCAAACGCAAACT
,TCTGGTGGT
,TGAAAGTAAT
,TGGTACTAT
,TTGACAGTT
,TTGATGTTT
,TTGTTTTTA
,TTTCACTTT
,ATTATAATAATATTA
,CGAATTAAGC
,TAATTTTAAT
,TACTTTTCAT
,TGTAACTTTTCTGAA
,TTATACTAGT
,ATTATAATAATATTA
,TTGTTACACATTGTT
,ATTATAATAATATTA
,GGAATTTAAGG
,GTTACACATTG
,TAATTTTAAT
,TAGTGGTGAT
,TCAAACACAAACT
,TCTTCACTTCT
,TTAACCAATT
,TTATGCGTATT
,TTTGTTGTTT
,ATTATAATAATATTA
,TTTGTTACGCATTGTTT
,ATTATAATAATATTA
,TTGTTACACATTGTT
,TTGTTACACATTGTT
,AGTATTATGA
,ATTATAATAATATTA
,CACTGTTTTT
,TAATTTTAAT
,TAATTTTAAT
,TAATTTTAAT
,TAATTTTAA
,TAATTTTAA
,TACTTTTCAT
,TGTAACTTTTCTGAA
,TTATACTAGT
,TTTAATAATTT
,CAAACACAAAC
,TAATTTTAAT
,TACTTTTCAT
,TCCTACCATCCT
,TAATGAAAGTAAT
,TAATTTTAAT
,AACCCCCAA
,AATGAGTAA
,AATGGTGAT
,AATTATTAC
,AATTCTTAA
,AATTGTTTC
,AATTGTTTC
,ACTATATCA
,ACTTTGTTAA
,AGTATTATGA
,ATAATAATA
,ATAATAATA
,ATAGATGTTT
,ATATGTATA
,ATGTAACAA
,ATTATAATAATATTA
,CAATATAAC
,CAGGTGGAC
,CATTACTGC
,CATTCTTAC
,CGTTAACTAA
,GAATTTAAG
,GGTGAATTA
,GTGGTGGTG
,GTTGTTGTTG
,TAACAACTT
,TAACGCAAT
,TAATAATAAT
,TAATTTTAAT
,TAATTTTAA
,TACTAATCAT
,TACTTTTCAT
,TATTATTAT
,TATTTTTAT
,TATTTTTAT
,TATTTTTAT
,TGAAAAATC
,TGTATTTTA
,TGTTGGTGTT
,TGTTGTTGT
,TGTTTTTGT
,TTAACAACT
,TTACATCATT
,TTATAATTT
,TTCTACTAAT
,TTCTACTAA
,TTCTAGAAAT
,TTGTCTGTT
,TTGTGATAA
,TTTCACTTT
,TTTCAGATGG
,TTTGTGATA
,TTTTAGTGA
,TAATTTTAAT
,TAGTGGTGAT
,TGATAATAGT
,TGGTTTTGGT
,TTTTAATTTT
,TTTTGGTGTA
,TTTTGTTACACATTGTTTT
,TTTTTCCTTTTT
,TTGTTACACATTGTT
,TTGTTACTCATTGTT
,CAAACACAAAC
,TAATTTTAAT
,TACTTTTCAT
,CACTGTTTTT
,CATTTGCAGG
,TGTAACTTTTCTGAA
,GTGAAAGTA
,TAATTTTAAT
,TTGACAGTT
,TTTTATTTT
,CAAACACAAAC
,CAAACACAAAC
,TAATTTTAAT
,TACTTTTCAT
,TCCTACCATCCT
,AAAATTAAT
,AACTTTCAA
,AAGGATGTT
,AAGTTTTGAA
,AATATTAGT
,AATGAGTAA
,AATTCTCTTAA
,ACATATTGT
,ACTATATCA
,ACTTTAACCAATTTCA
,AGAACCAAGA
,AGAAGATAT
,AGCCACCGA
,AGTAGTTTT
,ATAATATTA
,ATAATATTA
,ATAATGATTT
,ATATGTATA
,ATGTAACAA
,ATTATAATAATATTA
,ATTATAATT
,ATTATATTCAA
,ATTTTAAAT
,CAAACACAAAC
,CAGCAGTTT
,CAGGTGGAC
,GAAGTTATT
,GAATTATATTC
,GAATTTAAG
,GATTATAAT
,GGGTATGGC
,GGTGGTAAA
,GTAATTCTG
,GTAGAAGATG
,GTATGGATAA
,GTTGTTGTTG
,TAACAACTT
,TAATAATTAT
,TAATATTAT
,TAATCAAAGT
,TAATTTTAAT
,TAATTTTAA
,TAATTTTAG
,TAATTTTAG
,TACTAATCAT
,TAGGTATGGAT
,TAGTAGTTT
,TATAATATTA
,TATTATTAT
,TATTCGTATT
,TATTTTTAT
,TATTTTTAT
,TATTTTTAT
,TCAGTAATTC
,TCTCAGATGGT
,TGAGTTGAGT
,TGATTATAAT
,TGGTTTTTGGT
,TGTCAATTC
,TGTTGGTGTT
,TGTTGTTGT
,TTAAATGGTG
,TTAAATTTT
,TTATAATATT
,TTATAATTTTA
,TTATCGTGAGA
,TTTAAATTT
,TTTAATTTA
,TTTATAATTT
,TTTATTGTTTA
,TTTCACTTT
,TTTCTCTTT
,TTTTAATTTT
,TTTTAATTT
,CAAACACAAAC
,TAATTTTAAT
,TTTTAATTTT
,TAATTTTAAT
,AGTGGTTAT
,ATAATATGAC
,ATAATATGA
,ATGTTGGTG
,ATTAGATTA
,ATTATAATAATATTA
,GTGGTGGAC
,GTTTTATAAC
,GTTTTATTA
,TAATAATAT
,TAATTTTAAT
,TATTAACAT
,TATTATTAAT
,TATTCGTATT
,TCTTGGTCA
,TGGATAGGT
,TTCACCAAG
,TTCAGTGTG
,TTGTTACACATTGTT
,TTGTTTTAT
,TTTAATTTT
,TTTGTTTGAC
,TTTTAATTTT
,TTTTCTTTT
,TTTTGTTTG
,AAGTTTTGAA
,ATAATATGAC
,TAATGAAAGTAAT
,TATTCGTATT
,TGAAAAAAGT
,TTGTTACACATTGTT
,AAGGTGTTTA
,ACTTTGTTAA
,AGGATCTTAT
,ATTATAATAATATTA
,ATTATAATT
,ATTATAATT
,ATTCTACTAA
,CACTGTTTTT
,CGTTAACTAA
,GTATGGATAA
,GTTGTTGTTG
,TAATTTTAAT
,TAATTTTAGT
,TACTTTTCAT
,TATAATTTTA
,TATTTTTAT
,TATTTTTAT
,TATTTTTAT
,TCAGTAATTC
,TGTAACTTTTCTGAA
,TGTTGGTGTT
,TTCTACTAAA
,TTGTCAGTTT
,TTTACTAAT
,TTTACTAAT
,TTTTAGTGGT
,ACTTTTCTGAA
,ATTATAATAATATTA
,ATTGCACGTTA
,CAAACACAAAC
,CACTGTTTTT
,TAATTTTAAT
,TACTTTTCAT
,TAGTGGTGAT
,AACTTTCAA
,AAGGTGTTTA
,AATGAGTAA
,AATGGTGAT
,ACATATTGT
,ACTATATCA
,ACTTCAGCAG
,ACTTTGTTAA
,AGAAGATAT
,AGTACTTTT
,ATATAATATA
,ATATGTATA
,ATGTAACAA
,ATTATAATAATATTA
,ATTATAATT
,ATTATAATT
,ATTCTGCCA
,CAATATAAC
,CACAATTAT
,CACTGTTTTT
,CAGGTGGAC
,CATTACTGC
,CATTCTTAC
,CGTTAACTAA
,GAATTTAAG
,GGTGAATTA
,GTATGGATAA
,GTGGTGGTG
,GTTGTTGTTG
,TAACAACTT
,TAATTTTAAT
,TAATTTTAGT
,TACTAATTA
,TACTTTTCAT
,TATTATTAT
,TATTTTTAT
,TATTTTTAT
,TATTTTTAT
,TCAGTAATTC
,TGGTAATATA
,TGTAACTTTTCTGAA
,TGTATTTTA
,TGTTGGTGTT
,TGTTGTTGT
,TGTTTTTGT
,TTCTACTAAA
,TTGTCAGTTT
,TTGTCTGTT
,TTGTGATAA
,TTTACTAAT
,TTTACTAAT
,TTTATAATTT
,TTTCACTTT
,TTTCTCTTT
,TTTGTGATA
,TTTTAGTGA
,TTTTAGTGGT
,TTTTTGTGG
,CAAACACAAAC
,TTTTCACTTTT
,CGAAAAAAGC
,CGCGGGCGC
,GGCGCGATTT
,GTGTTTGTG
,TAGCGCGAT
,TTTGTGGTGTTT
,CAAACACAAAC
,TAATTTTAAT
,TTTTAATTTT
,TTGTTACACATTGTT
,AGTATTATGA
,ATTATAATAATATTA
,CACTGTTTTT
,CAGGTGGAC
,CATTCTTAC
,CCGATAGCC
,GAATTTAAG
,GATTTTATC
,GTGGTGGTG
,TAACGCAAT
,TAATTTTAAT
,TAATTTTAA
,TACTTTTCAT
,TGCTGCTAC
,TGTATTTTA
,TGTTTTTGT
,TTAACAACC
,TTTCACTTT
,TTTTAGTGA
,ATTATAATAATATTA
,TGTAACTTTTCTGAA
,TTGTTACACATTGTT
,AACTTATAA
,AACTTTCAA
,AAGGTTAAC
,AATCACTAA
,AATGAGTAA
,ACGCCATAC
,ACTACATCA
,ATAATATTA
,ATATGTATA
,ATATTCAAA
,ATGACAGTA
,ATGGTGGTC
,ATTATAATAATATTA
,ATTATAATT
,CATAATTTTG
,CGACAATAT
,CGACTCAGC
,CTATTAATA
,CTGCACAAG
,CTTGGTCTA
,GATTATAAT
,GCGTATGCG
,GGTGGTAAA
,GGTGTTGTGG
,GTAATTTTAG
,GTGCTCGTG
,GTTAAGCAG
,GTTGTTGTTG
,TAATTCACT
,TAATTTTAAT
,TAATTTTGA
,TATTCTTCTA
,TATTTTTAT
,TGGATTACC
,TGGTTTTAA
,TGTTGTTGT
,TTAAATGGTG
,TTAATAATT
,TTAATACTA
,TTAATATTT
,TTATAATTT
,TTCAGACCA
,TTGTTACACATTGTT
,TTTAATTTT
,TTTATAATTT
,TTTCACTTT
,TTTCTCTTT
,TTTGTATGAC
,TTTTAATTTT
,TTTTGAATG
,TTGTTACACATTGTT
,TTGTTACACATTGTT
,ATTCAAACTTA
,CAAACACAAAC
,TAATTTTAAT
,TTTTAATTTT
,TTGTTACACATTGTT
,TTGTTACACATTGTT
,AAAAGAACT
,AACAGTTTC
,AAGTGCTAT
,AATCACTAA
,AATGAGTAA
,ACATTAACT
,ACCATACCA
,ACTACATCA
,AGTAGTTTT
,AGTGTTTGT
,ATATGTATA
,ATGTTGGTG
,ATGTTGGTG
,CAACACAAC
,CTCATAACT
,GGTGGTAAA
,GTCAATACT
,GTCAATGGT
,GTGAAAGTA
,GTGCTCGTG
,GTGGTGGAC
,TAATGAAAG
,TAATTATTT
,TAGTTTTAG
,TATATGTAT
,TATTTTTAT
,TGTTGGTCA
,TGTTGTTGT
,TTAATAATT
,TTATAATTT
,TTATCGTGA
,TTCTGTCTT
,TTGACAGTT
,TTGTTACACATTGTT
,TTTAAATTT
,TTTATCGTG
,TTTCTCTTT
,TTTTATTTT
,TAATGAAAGTAAT
,TAATTTTAAT
,TAATTTTAAT
,CAAACACAAAC
,TAATTTTAAT
,TACTTTTCAT
,TCCTACCATCCT
,ATTATAATAATATTA
,TATTTTGTTTTAT
,TTTGTTACGCATTGTTT
,TTGTTACACATTGTT
,TGTAACTTTTCTGAA
,AGTTGTGTTGA
,ATCGGTGGCTA
,ATTATAATAATATTA
,GTAAATGTTTC
,GTTACACATTG
,TCGTAATTTTAATGCT
,TGTGTTGATAA
,TTATAATAATA
,TTGGTTTGGTT
,AGTTGTGTTGA
,ATTATAATAATATTA
,GTAAATGTTTC
,TATTTTGTTTTAT
,TTGGTTTGGTT
,TTTGTTACGCATTGTTT
,ACATTGTTACA
,TTGTTACACATTGTT
,AGTGGTTAT
,ATAATATGAC
,ATAATATGA
,ATGTTGGTG
,ATTAGATTA
,ATTATAATAATATTA
,ATTTTAGTG
,CAGATTTTA
,GTGGTGGAC
,GTTTTATAAC
,GTTTTATTA
,TAATAATAT
,TAATTTTAAT
,TATTAACAT
,TATTATTAAT
,TATTCGTATT
,TCTTGGTCAA
,TGGATAGGT
,TTCACCAAG
,TTGTTACACATTGTT
,TTGTTTTAT
,TTTAATTTT
,TTTGTTTGAC
,TTTTAATTTT
,TTTTCTTTT
,TTTTGTTTG
,TAATTTTAAT
,TTGTTACACATTGTT
,TAATTTTAAT
,ATTATAATAATATTA
,TGTAACTTTTCTGAA
,AAACTCTTAA
,AACCTGATGG
,ACTTATATTA
,ATTAAATGGT
,GATAATAATT
,GTAGAAGATG
,GTTGTTGTTG
,TAATAATTCT
,TAATTTTAAT
,TATCGTGAGA
,TTAAATGGTG
,TTTTAATTTT
,TTTTAATTTT
,TTTTAATTTT
,TTTTACAGAT
,TAATTTTAAT
,ATTATAATAATATTA
,CACTGTTTTT
,TAATTTTAAT
,TACTTTTCAT
,TGTAACTTTTCT
,TTATACTAAT
,AATGGTGAT
,AGTATTATGA
,ATTATAATAATATTA
,ATTATAATT
,CAATATAAC
,CAGGTGGAC
,CATTCTTAC
,GAATTTAAG
,GTGGTGGTG
,TAACGCAAT
,TAATATTAAC
,TAATTTTAAT
,TAATTTTAA
,TACTTTTCAT
,TCAACAACT
,TGTATTTTA
,TGTTTTTGT
,TTAAGCACGAATT
,TTTCACTTT
,AACTTATAA
,AATCACTAA
,ACATTGTTACA
,ATAATATTA
,ATGACAGTA
,ATGGTGGTC
,ATTATAATAATATTA
,ATTCAAACTTA
,CAAACACAAAC
,CGACTCAGC
,CTATTAATA
,CTTGGTCTA
,GCGTATGCG
,TACAAACAT
,TTAATAATT
,TTAATACTA
,TTAATATTT
,TTGTTACACATTGTT
,TTTCACTTT
,ATTATAATAATATTA
,TGTAACTTTTCTGAA
,ATTATAATAATATTA
,TGTAACTTTTCTGAA
,AACTTGTTG
,AATATTAATA
,AGTTATCTA
,ATAATAATA
,ATCTGTCTA
,CATTCTTAC
,CCATGACAGTACC
,TAACGCAAT
,TAACTCAAT
,TAATTTTAAT
,TACCAAATAT
,TATTCGTAT
,TATTCTTAT
,TCTACATCT
,TGTAAGTTT
,TTACTAATCATT
,TTCACTGTGT
,TTGGACAAA
,TTTTGTTTT
,TTTTTAATG
,ATTATAATAATATTA
,TGTAACTTTTCTGAA
,AAACTCTTAA
,AACCTGATGG
,ACTTATATTA
,ATTAAATGGT
,GATAATAATT
,GTAGAAGATG
,GTTGTTGTTG
,TAATAATTCT
,TAATTTTAAT
,TATCGTGAGA
,TTAAATGGTG
,TTTCACTTCT
,TTTTAATTTT
,TTTTAATTTT
,TTTTAATTTT
,TTTTACAGAT
,CAAACACAAAC
,TAATTTTAAT
,TAATTTTAAT
,CAAACACAAAC
,TAATTTTAAT
,TACTTTTCAT
,AATATTAATA
,AATGTTTTT
,ATCTTCAGGT
,ATGTGTGGA
,CATGGTAAA
,CCACCCACC
,CCAGGCATT
,CTTGTTTTT
,GTAAATGTTT
,GTTTTGTAA
,TAACGCAAT
,TAACTCAAT
,TGTAACTTC
,TTAAATGGTG
,TTAATGTTTT
,TTCTCCTCTT
,TTTCACTTT
,TTTGTTACACATTGTTT
,TTGTTACACATTGTT
,TTGTTACACATTGTT
,ATTATAATAATATTA
,TGTAACTTTTCT
,ATTATAATAATATTA
,GGAATTTAAGG
,GTTACACATTG
,TAATTTTAAT
,TAGTGGTGAT
,TCAAACACAAACT
,TCTTCACTTCT
,TTAACCAATT
,TTATGCGTATT
,TTTGTTGTTT
,TAATTTTAAT
,TTATTATTATT
,TTTTAATTTT
,AAATGGACA
,AGTTTTTGA
,ATTGCGTTA
,CAGGAGGAC
,GTAAATTTA
,GTTGTACTT
,TAATTTTAAT
,TAGTGGTAA
,TAGTGGTGAT
,TCATGTACT
,TGATAATAGT
,TGGTTTTGGT
,TGTTGTTGT
,TGTTTTAAA
,TTAACAATT
,TTTCACTTT
,TTTTAATTTT
,TTTTGGTGTA
,TTTTGTTACACATTGTTTT
,TTGTTACACATTGTT
,AAACGGCAAA
,ACTATTATCA
,TTGTTACACATTGTT
,TAATTTTAAT
,AAACTAATAAT
,ATTGCCCGTTA
,CAAACACAAAC
,GATGTTGTAG
,GTAATTAATG
,GTTACACATTG
,TACTTTTCAT
,TCTTGGTCAA
,ATTCAAACTTA
,CAAACACAAAC
,TAATTTTAAT
,TTTTAATTTT
,ATGTTGGTG
,ATGTTGGTG
,TTGTTACACATTGTT
,AATTTTACT
,ATATAATATA
,ATCAATTTTG
,TAATTTTAAT
,TATGCTTATTCGTAT
,TCATTTTAA
,TTAAATGGTG
,TTGTTACACATTGTT
,TTTTAATTTT
,TTTTTAATTT
,CAAACACAAAC
,TAATTTTAAT
,TACTTTTCAT
,TCCTACCATCCT
,CAAACACAAAC
,TAATTTTAAT
,TACTTTTCAT
,AAAATTAAAA
,ATTAAAATTA
,GTTTGTGTTTG
,TAAGTTTGAAT
,ACTAGATCA
,ACTGTTGCT
,AGCCCCCGA
,ATTATAATAATATTA
,CAATATAAC
,CATTCTTAC
,CTTTATTTT
,GAATTTAAG
,GATTTTATC
,TAATTTTAA
,TGTATTTTA
,TGTGGGTGT
,TTAACAATT
,TTACACATT
,TTTCACTTT
,CAAACACAAAC
,TAATTTTAAT
,TACTTTTCAT
,TCCTACCATCCT
,ATTACCAAAG
,ATTATAATAATATTA
,CACTGTTTTT
,TAATTTTAAT
,TACTTTTCAT
,TGTAACTTTTCTGAA
,TTGTTACACATTGTT
,TAATTTTAAT
,ATTCAAACTTA
,CAAACACAAAC
,TAATTTTAAT
,TTTTAATTTT
,AAACTGTTA
,AAGTTAAAG
,AATAATAAT
,AATAGTTTT
,AATGAGTAA
,AATTGAACAT
,ACAGGTGGT
,ACCATACCA
,ACTACATCA
,ATATGTATA
,ATGTACCAA
,ATGTATTGC
,ATTATGAGT
,ATTCTTCTA
,ATTGAGTGC
,ATTGTTTTA
,ATTTTGTTA
,CAGTTTCAGA
,CATTCCTTAC
,CTTGTGTTC
,GAAACTGGTT
,GAAGGGAAG
,GAATGTATT
,GACAGTTAG
,GACATAACA
,GTGTTCGTT
,GTTGTTGTTG
,TAATAATTAT
,TAATTCACT
,TAATTTTAAT
,TACAGAACAT
,TACCAATTTT
,TAGTAGTTT
,TATAATTTTA
,TCTCCTTTC
,TCTTTTAAA
,TGCGACAAC
,TGTAACTTC
,TGTTGTTGT
,TGTTTTACA
,TTAATAATT
,TTAATTTGA
,TTGTGTTCAC
,TTGTTTTAT
,TTTCAGATGG
,TTTGATAAT
,TTTGTATAA
,TTTGTTGTTT
,ATTATAATAATATTA
,TGTAACTTTTCT
,AAAGGCCTGCT
,AACGGCGAT
,AGCGAGCGA
,AGTGCGTGA
,CAGACCCAGAC
,CTGCTGCTA
,GCGGCGGCG
,GCGTATGCG
,GTGTATGTG
,GTGTATTTT
,GTGTTTGTG
,GTGTTTGTG
,GTGTTTGTG
,GTTTGTGTA
,TAGCGCGAT
,TAGCGCGGCGA
,TAGCGGCAA
,TATGCGGTG
,TATGCGTAT
,TATGTGTAT
,TATTATTAT
,TGACCCAGT
,TGTATTTTA
,TAATTTTAAT
,CAAACACAAAC
,TAATTTTAAT
,TACTTTTCAT
,TAATTATATG
,TAATTTTAAT
,CTAAATTTAAATC
,TTTGTTACACATTGTTT
,TAATTTTAAT
,ATGTTGGTG
,ATGTTGGTG
,TTGTTACACATTGTT
,CAAACACAAAC
,TAATTTTAAT
,TTTTAATTTT
,CAAACACAAAC
,TAATTTTAAT
,TACTTTTCAT
,TCCTACCATCCT
,CAAACACAAAC
,TAATTTTAAT
,TACTTTTCAT
,TCCTACCATCCT
,TGGTCCTGGT
,TTGTTACACATTGTT
,TTTGTTTGAC
,CAAACACAAAC
,CTTAATTTG
,GTGGTGGTG
,TACTTTTCAT
,TTTCACTTT
,ATGTTGGTG
,ATGTTGGTG
,TTGTTACACATTGTT
,AAACTCTTAA
,ATTCTGACTT
,CACTGTCAAT
,GAAGATGTT
,GAAGATGTT
,GATAATAATT
,GTAGAAGATG
,GTTGTTGTTG
,TAATAATTCT
,TAATAGTTTT
,TAATTTTAAT
,TATCGTGAGA
,TTTTAATTTT
,TTTTACAGAT
,CAAACACAAAC
,TAATTTTAAT
,TACTTTTCAT
,TTGTTACACATTGTT
,AAAGGCCTGCT
,AACGGCGAT
,AGCGAGCGA
,AGTGCGTGA
,CAGACCCAGAC
,CGCCGCCGC
,CGTGCGTGC
,CTGCTGCTA
,GCGGCGGCG
,GCGTATGCG
,GTGTATGTG
,GTGTATTTT
,GTGTTTGTG
,GTGTTTGTG
,GTGTTTGTG
,GTTTGTGTA
,TAGCGCGAT
,TAGCGCGGCGA
,TATGCGTAT
,TATGTGTAT
,TATTATTAT
,TGTATTTTA
,ATTATAATAATATTA
,TGTAACTTTTCT
,AGTTGTGTTGA
,ATTATAATAATATTA
,CATGGTAAATG
,GTAAATGTTTC
,TTGGTTTGGTT
,TTTGTTACACATTGTTT
,ACGTAATGCA
,ATAATATTA
,ATAATATTA
,ATTATAATAATATTA
,ATTATAATATTA
,ATTATAATA
,CACTGTTTTT
,TAACACAACT
,TAATAATTAT
,TAATGGTAAT
,TAATTTTAAT
,TATAATATTA
,TTAAATGGTG
,ATGACAGTA
,GCGTATGCG
,TACAAACAT
,TTAATAATT
,TTAATATTT
,TTGTTACACATTGTT
,TTGTTACACATTGTT
,CAAACACAAAC
,TAATTTTAAT
,TTTTAATTTT
,AACCATTAA
,AGTGCGTGA
,CGTGCGGCG
,GAAATATCC
,GCAACAACG
,GCGTATGCG
,GTGCGTGAA
,GTGTATGTG
,GTGTTTGTG
,TATGCGTAT
,TATGTGTAT
,TATTATTAT
,TGCGTGAAGTGCGT
,GTAATAATG
,TGTTGTTGT
,TTAATAATT
,TTGTAATTT
,TTTTTCTTTTT
,AAATTTATT
,AGTATTATGA
,ATTATAATAATATTA
,CAATATAAC
,CACTGTTTTT
,CAGGTGGAC
,CATTCTTAC
,CCGATAGCC
,GAATTTAAG
,GTGGTGGTG
,TAATTTTAAT
,TAATTTTAA
,TACTTTTCAT
,TGTATTTTA
,TTAATAATT
,TTGTGCAAC
,TTTCACTTT
,TTTTAGTGA
,AACAAAACG
,AATAACATT
,AATTCACTT
,AATTTTACT
,AATTTTTAA
,ACTATATCA
,AGGTGGTAA
,AGTAGTTTT
,ATATGTATA
,ATTCTTCTA
,ATTGTTTTA
,ATTTTAGTG
,CATCTTCTT
,CATTCTTAC
,CTATTTATC
,GAAGATGTT
,GAAGATGTT
,GAAGATTTG
,GCAACAACG
,GCAGTAGTT
,GGACGACAT
,GGTAATATA
,GTAGAAGAT
,GTAGTTTTA
,GTGCTATTT
,GTGCTCGTG
,GTTTTAATT
,TAAACAAAT
,TATTTTTAT
,TGAATAAGT
,TGATGAGTC
,TGGTTTTAA
,TGTTGGTCA
,TGTTTCTGA
,TTCTACTAA
,TTTATCGTG
,TTTGTTACACATTGTTT
,TTTTAATTT
,TTTTAGTGA
,ATATAATATA
,ATTATAATAATATTA
,TAATTTTAAT
,TACTTTTCAT
,TGTAACTTTTCTGAA
,TTATACTAGT
,CCATGACAGTACC
,CTAAATTTAAATC
,TTTGTTACGCATTGTTT
,ATTCAAACTTA
,CAAACACAAAC
,TAATTTTAAT
,TTTTAATTTT
,ATTCAAACTTA
,CAAACACAAAC
,TAATTTTAAT
,TTTTAATTTT
,ATTAGTCTTT
,GTTCTCTTG
,TGTTTTTGT
,TTAACAATT
,TTCAAAATGG
,TTTACATTT
,GTAATAATG
,TGTTGTTGT
,TTAATAATT
,TTGTAATTT
,TTTTTCTTTTT
,ATTCAAACTTA
,CAAACACAAAC
,TAATTTTAAT
,TTTTAATTTT
,CCATGACAGTACC
,CTAAATTTAAATC
,TTTGTTACGCATTGTTT
,ATCACACTA
,CAAACACAAAC
,GTGGTGGTG
,TAATTTTAAT
,TACTTTTCAT
,TTTCACTTT
,CAAACACAAAC
,TAATTTTAAT
,TACTTTTCAT
,TCCTACCATCCT
,CAAACGCAAAC
,TAATTTTAAT
,TACTTTTCAT
,TTGTTACACATTGTT
,TTGTTACACATTGTT
,AGTATTATGA
,ATTATAATAATATTA
,CACTGTTTTT
,TAATTTTAAT
,TAATTTTAAT
,TAATTTTAAT
,TAATTTTAA
,TAATTTTAA
,TACTTTTCAT
,TAGTGGTGAT
,AACTGTCAA
,AATCGTTTC
,AATGAGTAA
,ACATATTGT
,ACGTAATGCA
,ACTATATCA
,ACTTATATTA
,AGAACCAAGA
,AGAAGATAT
,AGCAGTTTTA
,AGTAGTTTT
,ATAATATTA
,ATAATATTA
,ATATGTATA
,ATGGTAATT
,ATGGTAATT
,ATGTAACAA
,ATTATAATAATATTA
,ATTATAATATTA
,ATTATAATA
,ATTATTTAG
,ATTTATTATTTA
,CACAATTAT
,CACTGTTTTT
,CAGCAGTTT
,CAGGTGGAC
,CATTACTGC
,CTCTCTTCTCTC
,GAAGTTATT
,GAATTTAAG
,GGTAAATTA
,GGTGGTAAA
,GGTTATAAT
,GTAAATTATA
,GTAATTCTG
,GTAGAAGATG
,GTATGGATAA
,GTCAATGGT
,GTTGTTGTTG
,GTTTTAGAC
,TAACAACTT
,TAACACAACT
,TAATAATTAT
,TAATATTAT
,TAATGGTAAT
,TAATTTTAAT
,TAATTTTAA
,TAATTTTAG
,TACTAATTA
,TATAATAAT
,TATAATATTA
,TATTCTTCTA
,TATTTTTAT
,TCAGTAATTC
,TGATTATAAT
,TGCACACGT
,TGGTTTTAA
,TGTAACTTT
,TGTTGTTGT
,TTAAATGGTG
,TTTACTAATT
,TTTATAATTT
,TTTCTCTTT
,ATCTGTCTA
,CCATGACAGTACC
,CTAAATTTAAATC
,TCTACATCT
,TGTAACTTC
,TTTGTTACGCATTGTTT
,TTTTGTTTT
,CAAACACAAAC
,TAATTTTAAT
,TTGTTACACATTGTT
,CAAACACAAAC
,TAATTTTAAT
,TACTTTTCAT
,AGTATTATGA
,ATTATAATAATATTA
,CACTGTTTTT
,TAATGAAAGTAAT
,TAATTTTAAT
,TACTTTTCAT
,CAAACCCAAAC
,TAATGAAAGTAAT
,TAATTTTAAT
,TAGTGGTGAT
,ACAAAAACA
,AGTATTATGA
,ATTATAATAATATTA
,CAATATAAC
,CACTGTTTTT
,CAGGTGGAC
,CATTCTTAC
,GAATTTAAG
,GTGGTGGTG
,TAATTTTAAT
,TAATTTTAA
,TACTTTTCAT
,TCATTGTAT
,TGTAACTTTTCTGAA
,TGTATTTTA
,TTTAATTTG
,TTTCACTTT
,TTTTAGTGA
,TTTTATTTT
,ACTAAGAGT
,ACTAGATCA
,ATAATATTA
,ATTATAATAATATTA
,CAAACACAAAC
,CAGGTGGAC
,CCATAGATACC
,GAATTTAAG
,GTGGTGGTG
,TAACTCAAT
,TAATTTTAA
,TACTTTTCAT
,TACTTTTCAT
,TCTTGTTCT
,TGGTAATTTTT
,TGTAACTTT
,TGTATTTTA
,TTATACTAA
,TTTACTTTTCAT
,TTTTAGTGA
,ATAATAATA
,ATAATAATA
,ATTATAATAATATTA
,CAGTGGTAAAT
,GGAATTTAAGG
,GTTACACATTG
,TAATTTTAAT
,TAGTGGTGAT
,TCAAACACAAACT
,TCTTCACTTCT
,TTAACCAATT
,TTATGCGTATT
,TTTGTTGTTT
,ATCACACTA
,CAAACACAAAC
,GTGGTGGTG
,TAATTTTAAT
,TACTTTTCAT
,TTTCACTTT
,ACATTGTTACA
,TTGTTACACATTGTT
,ATTATAATAATATTA
,TGTAACTTTTCTGAA
,TTGTTACACATTGTT
,CAAACACAAAC
,TACTTTTCAT
,CAAACACAAAC
,TAATTTTAAT
,CAAACGCAAAC
,TATAATAATAT
,TCAACACAACT
,AAAGGCCTGCT
,AACGGCGAT
,ACCATACCA
,AGCGAGCGA
,AGTGCGTGA
,ATAGCGATA
,CAGACCCAGAC
,CGTGCGTGC
,GCGGCGGCG
,GCGTATGCG
,GTGTATGTG
,GTGTATTTT
,GTGTTTGTG
,GTGTTTGTG
,GTGTTTGTG
,GTTTGTGTA
,TAGCGCGAT
,TAGCGCGGCGA
,TATGCGGTG
,TATGCGTAT
,TATGTGTAT
,TATTATTAT
,TGACCCAGT
,TGTATTTTA
,AATATTAATA
,AGTATTATGA
,CAATATAAC
,CACTGTTTTT
,CAGGTGGAC
,CATTCTTAC
,GAATTTAAG
,GATTTTATC
,GTGGTGGTG
,TAACGCAAT
,TAACTCAAT
,TAATTTTAAT
,TAATTTTAA
,TACTTTTCAT
,TATTCGTAT
,TGTATTTTA
,TTAACAACC
,TTTCACTTT
,CAAACACAAAC
,TAATTTTAAT
,TACTTTTCAT
,TCCTACCATCCT
,TTGTTACACATTGTT
,ATTATAATAATATTA
,CACTGTTTTT
,TAATTTTAAT
,TACTTTTCAT
,TGTAACTTTTCTGAA
,TTGTTTCATT
,AAATGGACA
,ACATTCGTAT
,AGTTTTTGA
,ATTGCGTTA
,GTTGTACTT
,GTTTATTAA
,TAATTTTAAT
,TAGTGGTAA
,TAGTGGTGAT
,TCATGTACT
,TGATAATAGT
,TGGTTTTGGT
,TGTTGTTGT
,TTAACAATT
,TTATTAATC
,TTTAATAAA
,TTTCACTTT
,TTTTAATAA
,TTTTAATTTT
,TTTTGGTGTA
,TTTTGTTACACATTGTTTT
,TTTTTCCTTTTT
,ATTATAATAATATTA
,TGTAACTTTTCTGAA
,CAAACACAAAC
,TAATTTTAAT
,TACTTTTCAT
,CAAACACAAAC
,TAATTTTAAT
,TACTTTTCAT
,CAAACACAAAC
,TAATTTTAAT
,TACTTTTCAT
,TCCTACCATCCT
,AAAGTTAAA
,AATAATTCA
,AATAATTCA
,AATGGTGTT
,ACCATACCA
,AGGCGTTTG
,AGTGAGAGTGA
,AGTGTTCTT
,ATGGTAATGGTA
,ATGGTAATGGT
,ATGGTGATG
,ATGTCACGC
,ATGTCACTGTA
,ATGTTTATA
,ATTATTAAT
,ATTGCCAAAA
,ATTTATTTA
,CAACTCAAC
,CACGTGTGCAC
,CATAACAAGT
,CGGTATGGC
,CGTGTGCAC
,CTAACTCAATC
,CTCTTCTAC
,CTGACCAGTC
,GAGTTTGAG
,GATTCTCTTAG
,GCAATAATG
,GGCGTTTGG
,GGTGTTGTTG
,GGTTTTAAT
,GGTTTTGAT
,GTACTTTTT
,GTATTGACATT
,GTATTTATG
,GTCAATGGT
,GTTACATTG
,GTTGTTGTTG
,GTTTTAATC
,TAATAATGT
,TAATGGTGTT
,TAATTCAAAA
,TACTTTTTG
,TAGGTGTTGTTG
,TAGTCCTGAT
,TAGTGGTGAT
,TATGGTAAT
,TGAATAAGT
,TGATAGTTTTG
,TGCAGACGT
,TGGTAATGGT
,TGGTGTTGT
,TGTAATAATGT
,TGTCCCTGT
,TGTTGTTGT
,TTACAACATT
,TTATGTATT
,TTGATTTTAGTT
,TTGGATCATTTT
,TTGGTGTTG
,TTGTATGTT
,TTTAAATTTTA
,TTTAAATTT
,TTTAAATTT
,TTTTAACAC
,TTTTAATTT
,TTTTGGTGG
,AACTATCAA
,AAGGTGTTTA
,AATAATTTC
,AATGAGTAA
,ACATATTGT
,ACTACTTTA
,AGAAGATAT
,AGGATCTTAT
,ATATGTATA
,ATGTAACAA
,ATTATAATAATATTA
,ATTATAATT
,ATTATAATT
,ATTCTACTAA
,ATTCTGCCA
,ATTTCACAT
,CAATATAAC
,CACAATTAT
,CACTGTTTTT
,CAGGTGGAC
,CATTACTGC
,CATTCTTAC
,CCGATAGCC
,CGTTAACTAA
,GAACATATT
,GAATTTAAG
,GTAAATTATA
,GTATGGATAA
,GTGGTGGTG
,GTTGTTGTTG
,TAATTTTAAT
,TAATTTTAA
,TAATTTTAGT
,TAATTTTGA
,TACTAATTA
,TACTTTTCAT
,TATTATTAT
,TATTTTTAT
,TATTTTTAT
,TATTTTTAT
,TCAGTAATTC
,TCATTTCTG
,TGAAAAATC
,TGTATTTTA
,TGTTGGTGTT
,TGTTGTTGT
,TTAATAATT
,TTCTACTAAA
,TTGTCAGTTT
,TTGTCTGTT
,TTTACTAAT
,TTTACTAAT
,TTTACTAAT
,TTTATAATTT
,TTTCACTTT
,TTTCTCTTT
,TTTTAGTGGT
,TTTTTGTGG
,TTGTTACACATTGTT
,AACTTATAA
,AATCACTAA
,ACATTGTTACA
,ATAATATTA
,ATGACAGTA
,ATGGTGGTC
,ATTATAATAATATTA
,ATTCAAACTTA
,CAAACACAAAC
,CGACTCAGC
,CTATTAATA
,CTTGGTCTA
,GCGTATGCG
,TACAAACAT
,TTAATAATT
,TTAATACTA
,TTAATATTT
,TTGTTACACATTGTT
,TTTCACTTT
,ATATAATATA
,ATTATAATAATATTA
,CACTGTTTTT
,TAATTTTAAT
,TACTTTTCAT
,TGTAACTTTTCTGAA
,CAAACACAAAC
,TAATTTTAAT
,TACTTTTCAT
,TCCTACCATCCT
,TTTACTTTT
,TTTACTTTT
,TTTTAATTTT
,GTAATAATG
,TGTTGTTGT
,TTAATAATT
,TTGTAATTT
,TTTTTCTTTTT
,ACGTAATGCA
,ATAATATTA
,ATAATATTA
,ATTATAATAATATTA
,ATTATAATATTA
,ATTATAATA
,CACTGTTTTT
,TAACACAACT
,TAATAATTAT
,TAATGGTAAT
,TAATTTTAAT
,TATAATATTA
,TTAAATGGTG
,ACACTGTAATT
,ACACTGTAATT
,ACCGTTTGCCA
,ACTTTGTTTCA
,AGTTACATTGA
,ATTATAATAAT
,TATAATAATAT
,TATACATTTTACATAT
,TATTTTTAT
,TATTTTTAT
,TATTTTTAT
,TCAACACAACT
,TTCTACTAA
,TTCTACTAA
,TTTATTGTTTA
,TTTGTTACACATTGTTT
,TAATTTTAAT
,ATTATAATAATATTA
,GGAATTTAAGG
,GTTACACATTG
,TAATTTTAAT
,TAGTGGTGAT
,TCAAACACAAACT
,TCTTCACTTCT
,TTAACCAATT
,TTATGCGTATT
,TTTGTTGTTT
,AAACAACAACAAA
,TAATAATTCT
,TAATTTTAAT
,TATTCGTATTG
,TCTGTATATTT
,TTAAATGGTG
,TTATGTGTATT
,TTTTAATTTT
,TTTTACAGAT
,AAAATTAAAA
,ATTAAAATTA
,GTTTGTGTTTG
,TAAGTTTGAAT
,TAATTTTAAT
,ATTATAATAAT
,TATAATAATAT
,TCAACACAACT
,TTTTCTCTTTT
,TTGTTACACATTGTT
,ATAAAAATA
,ATCTGTCTA
,CATTCTTAC
,CCATGACAGTACC
,CTAAATTTAAATC
,GATTTTTGT
,TAACGCAAT
,TAACTCAAT
,TATGTGTAT
,TATTCGTAT
,TCTACATCT
,TGTAACTTC
,TTTCACTTT
,TTTGTTACGCATTGTTT
,TTTTCACTT
,TTTTGTTTT
,TTGTTACACATTGTT
,CAAACGCAAAC
,TAATTTTAAT
,TACTTTTCAT
,TAGTGGTGAT
,ATTATAATAATATTA
,TGTAACTTTTCTGAA
,TTTGTTACACATTGTTT
,ACGTAACAATGCA
,CAAACACAAAC
,TAATTTTAAT
,TACTTTTCAT
,TCCTACCATCCT
,TTGTTACACATTGTT
,AAAATTAAT
,AACTTTCAA
,AAGGATGTT
,AAGTTTTGAA
,AATATTAGT
,AATGAGTAA
,AATTCTCTTAA
,ACATATTGT
,ACTATATCA
,ACTTTAACCAATTTCA
,AGAACCAAGA
,AGAAGATAT
,AGCCACCGA
,AGTAGTTTT
,ATAATATTA
,ATAATATTA
,ATAATGATTT
,ATATGTATA
,ATGTAACAA
,ATTATAATAATATTA
,ATTATAATT
,ATTATATTCAA
,ATTTTAAAT
,CAAACACAAAC
,CAGCAGTTT
,CAGGTGGAC
,GAAGTTATT
,GAATTATATTC
,GAATTTAAG
,GATTATAAT
,GGGTATGGC
,GGTGGTAAA
,GTAATTCTG
,GTAGAAGATG
,GTATGGATAA
,GTTGTTGTTG
,TAACAACTT
,TAATAATTAT
,TAATATTAT
,TAATCAAAGT
,TAATTTTAAT
,TAATTTTAA
,TAATTTTAG
,TAATTTTAG
,TACTAATCAT
,TAGGTATGGAT
,TAGTAGTTT
,TATAATATTA
,TATTATTAT
,TATTCGTATT
,TATTTTTAT
,TATTTTTAT
,TATTTTTAT
,TCAGTAATTC
,TCTCAGATGGT
,TGAGTTGAGT
,TGATTATAAT
,TGGTTTTTGGT
,TGTCAATTC
,TGTTGGTGTT
,TGTTGTTGT
,TTAAATGGTG
,TTAAATTTT
,TTATAATATT
,TTATAATTTTA
,TTATCGTGAGA
,TTTAAATTT
,TTTAATTTA
,TTTATAATTT
,TTTATTGTTTA
,TTTCACTTT
,TTTCTCTTT
,TTTTAATTTT
,TTTTAATTT
,ATTATAATAATATTA
,TAATTTTAAT
,TACTTTTCAT
,TGTAACTTTTCTGAA
,TGTATTTTAG
,TTATACTAGT
,ATCACACTA
,CAAACACAAAC
,GTGGTGGTG
,TAATTTTAAT
,TACTTTTCAT
,TTTCACTTT
,ATGTTGGTG
,ATGTTGGTG
,TTGTTACACATTGTT
,CAAACACAAAC
,TAATTTTAAT
,TTTTAATTTT
,TTATGCGTATT
,ATTATAATAATATTA
,TGTATTATGT
,AACTTTTCAA
,TAATTTTAAT
,CAAACACAAAC
,TAATTTTAAT
,TACTTTTCAT
,AAAATTAAT
,AAGGATGTT
,AAGTTTTGAA
,AATATTAGT
,AATGAGTAA
,ACATATTGT
,ACTATATCA
,AGAACCAAGA
,AGAAGATAT
,AGCCACCGA
,AGTACTTTT
,AGTAGTTTT
,AGTATTATGA
,ATAATATTA
,ATACCCATA
,ATATGTATA
,ATGTAACAA
,ATTAATAAT
,ATTATAATAATATTA
,ATTATAATT
,ATTCTGGTA
,ATTCTGGTA
,CAATATAAC
,CAGCAGTTT
,CAGGTGGAC
,CATTACTGC
,CCGCCAGTT
,CCTTATTAC
,CGTTAACTAA
,CTGGTAATA
,GAAGTTATT
,GAATTTAAG
,GACCGCCAA
,GGTGGTAAA
,GTACTTTAGT
,GTAGAAGATG
,GTATGGATAA
,GTGCGACAA
,GTGGTGGTG
,GTTGTTGTTG
,TAAATGTAA
,TAACAACTT
,TAATTTTAAT
,TAATTTTAA
,TAATTTTAG
,TAATTTTAG
,TACTTTTCAT
,TATTATTAT
,TATTCGTATT
,TATTCTTCT
,TATTTTTAT
,TATTTTTAT
,TATTTTTAT
,TCAGATGGC
,TCAGTAATTC
,TCCATCATG
,TGATTATAAT
,TGATTATAAT
,TGATTATAA
,TGTAAATGT
,TGTTGGTCA
,TGTTGGTGTT
,TGTTGTTGT
,TTAAAAAATT
,TTAAATGGTG
,TTAATAATT
,TTATAATTCA
,TTATTACGG
,TTCTCTCTT
,TTTAATTTA
,TTTAATTTA
,TTTACTAAT
,TTTACTAAT
,TTTATAATTT
,TTTCACTTT
,TTTTAATTTT
,TTTTAATTT
,TGTAACTTTTCTGAA
,TAATGAAAGTAAT
,TAATTTTAAT
,TCAAACACAAACT
,CAAACACAAAC
,TAATTTTAAT
,TACTTTTCAT
,TCCTACCATCCT
,ATTATAATAATATTA
,TGTAACTTTTCTGAA
,TAATTTTAAT
,TTGTTACACATTGTT
,AGTATTATGA
,ATTATAATAATATTA
,CACTGTTTTT
,TAATTTTAAT
,TACTTTTCAT
,AAAATTAAT
,AAACAGGTT
,AACTTTCAA
,AATGAGTAA
,AATGGTGAT
,AATTGTTTC
,ACTTATACT
,ACTTTGTTAA
,AGTATTATGA
,AGTTTAATTT
,ATATGTATA
,ATCATACTA
,ATTATAATAATATTA
,CAATATAAC
,CACTGTTTTT
,CATTACTGC
,CATTCTTAC
,CGAATTAAGC
,CTACACATC
,CTTCTAGAA
,GAAGATGTT
,GAATTTAAG
,GGCATTCTTA
,GTAGAAGATG
,GTATGGATAA
,GTGGTGGTG
,GTTGTTGTTG
,GTTTAATTTG
,TAATTCTGG
,TAATTTTAG
,TACTTTTCAT
,TATATGTAT
,TATTATTAT
,TATTTTTAT
,TATTTTTAT
,TATTTTTAT
,TCTCTTCTCT
,TGTAACTTTTCTGAA
,TGTTGGTGTT
,TGTTGTTGT
,TGTTTAATT
,TGTTTTTGT
,TTAAGCACGAATT
,TTAATTCTGG
,TTCATACTT
,TTCTACTAA
,TTCTAGAAAT
,TTGTCAGTTT
,TTGTCTGTT
,TTGTGATAA
,TTTATAATTTAAC
,TTTCACTTT
,TTTGTGATA
,TTTTAATTTT
,TTTTTGTAG
,AAATGGACA
,AGTTTTTGA
,ATTGCGTTA
,CAGGAGGAC
,GTAAATTTA
,GTTGTACTT
,GTTTATTAAAC
,TAAATTTAAAT
,TAATTTTAAT
,TAGTGGTAA
,TAGTGGTGAT
,TCATGTACT
,TGATAATAGT
,TGGTTTTGGT
,TGTTGTTGT
,TGTTTTAAA
,TTAACAATT
,TTGTTTTTGTT
,TTTAATAAA
,TTTCACTTT
,TTTTAATAA
,TTTTAATTTT
,TTTTGGTGTA
,TTTTGTTACACATTGTTTT
,TTTTTCTTTTT
,TAATGAAAGTAAT
,TAATTTTAAT
,TACTTTTCAT
,AAATCATCT
,AACATATTGT
,AACTGTCAA
,AAGAGAGAA
,AATATTAATA
,AATGAGTAA
,ACAACATTAC
,ACATATTTGT
,ACGTAATGCA
,ACTACTTTA
,ACTATATCA
,AGAAGATAT
,ATATGTATA
,ATCGCTTCA
,ATGGTGGTTT
,ATGGTTCTA
,ATGTAACAA
,ATTGTAATT
,ATTGTTTTG
,CAGCAGTTT
,CATTACTGC
,CTAACACTA
,CTCTTTATA
,GAATTTAAG
,GGTAAATTA
,GTAATTCTG
,GTAGAAGATG
,GTAGGTGTT
,GTATGGATAA
,GTCAATGGT
,GTTTTAGAC
,TAACGCAAT
,TAACTCAAT
,TAATTTTAAT
,TAATTTTAG
,TATAACAAC
,TATTATTAC
,TATTCTTCTA
,TATTTTTAT
,TATTTTTAT
,TATTTTTAT
,TCAGTAATTC
,TCCTGGTAT
,TGTTGAGTA
,TGTTGTTGT
,TTAAATGGTG
,TTAACAATT
,TTCTAGTTT
,TTTATAATTT
,TTTCTCTTT
,TTTGTTACACATTGTTT
,TTTTAGACCA
,AAAGTTGTTT
,AACTTGTTG
,AATATTAATA
,AATGAGTAA
,AATGGTGTAG
,AATTTTTAA
,ACAACATTAC
,ACATATTTGT
,ACATTGTAAG
,ACCACATAA
,ACCATACCA
,ACTATATCA
,AGTAGTTTT
,AGTAGTTTT
,AGTTATCTA
,ATAATAATA
,ATATGTATA
,ATCATTCTT
,ATCTGTCTA
,ATGATAATA
,ATGGTCTTA
,ATTCTTATC
,ATTCTTCTA
,ATTGAAGAT
,CAGGTATGA
,CATTCCTTAC
,CATTCTTAC
,CTCGGTAGT
,CTTACGTTAC
,GTTGTTGTTG
,GTTGTTTCA
,TAACGCAAT
,TAACTCAAT
,TAATTTCAGT
,TAATTTTAAT
,TAGTAATAG
,TATAATAGT
,TATGAGAGAT
,TATGGATAA
,TATTCGTAT
,TATTCTTAT
,TCACTAACG
,TCAGATGGA
,TCTACATCT
,TGGTAATGGT
,TGTAACTTAT
,TGTAACTTC
,TGTAAGGGT
,TGTAAGTTT
,TGTTGTTGT
,TGTTTTCAC
,TTATAATTT
,TTCACAATT
,TTGCTCGTT
,TTGGACAAA
,TTGTCTGTT
,TTTAGACCA
,TTTGTGATA
,TTTTATTAC
,TTTTGTTTT
,TTTTTAATG
,TTTTTATAG
,TTGTTACTCATTGTT
,ATTATAATAATATTA
,TATTTTATTTTAT
,TGTAACTTTTCTGAA
,AAAATGGTG
,AAAGTTGTTT
,AAATGGTGT
,AATATTAATA
,AATGAGTAA
,AATGGTGTAG
,AATTCTTAA
,AATTTTTAA
,ACAACATTAC
,ACATATTTGT
,ACCAATTTT
,ACCATACCA
,ACTACATCA
,AGTACTTCT
,AGTAGTTTT
,AGTGTTTGT
,ATAAAAATA
,ATAATATTT
,ATATGTATA
,ATCTGTCTA
,ATTGAGAAC
,ATTGTAATT
,CAGGTATGA
,CATTCTTAC
,CCATGACAGTACC
,CTAAATTTAAATC
,CTATTATTAC
,GACATTACAG
,GATTTTTGT
,GTGTTTGTT
,GTTGTTGTTG
,GTTTTAAAA
,TAACGCAAT
,TAACTCAAT
,TAATTTTAAT
,TATAATAGT
,TATGGATAA
,TATTCATTT
,TATTCGTAT
,TATTTTTAT
,TCACTAACG
,TCATTGTAA
,TCTACATCT
,TGAAAAATC
,TGTAACTTC
,TGTAAGGGT
,TGTTGTTGT
,TTACAGAGA
,TTATAATTT
,TTATTGAAGA
,TTCTCTCTT
,TTGGTCAGT
,TTGTCTGTT
,TTTACATCA
,TTTAGACCA
,TTTATAATTT
,TTTCACTTT
,TTTGTGATA
,TTTGTTACGCATTGTTT
,TTTTCACTT
,TTTTGTACAG
,TTTTGTTTT
,TTTTTAATGG
,TAATTTTAAT
,TTGTTACACATTGTT
,AAAAGAACT
,AACAGTTTC
,AAGTGCTAT
,AATCACTAA
,AATGAGTAA
,ACATTAACT
,ACCATACCA
,ACTACATCA
,AGTAGTTTT
,AGTGTTTGT
,ATATGTATA
,ATGTTGGTG
,ATGTTGGTG
,CAACACAAC
,CTCATAACT
,GGTGGTAAA
,GTCAATACT
,GTGAAAGTA
,GTGCTCGTG
,GTGGTGGAC
,TAATGAAAG
,TAATTATTT
,TAGTTTTAG
,TATATGTAT
,TATTTTTAT
,TGTTGGTCA
,TGTTGTTGT
,TTAATAATT
,TTATAATTT
,TTATCGTGA
,TTCTGTCTT
,TTGACAGTT
,TTGTTACACATTGTT
,TTTAAATTT
,TTTATCGTG
,TTTCTCTTT
,TTTTATTTT
,TTGTTACACATTGTT
,AACTTGTTG
,ACCAAGAGT
,AGGTGTAAG
,ATATTTTGA
,CATTCTTAC
,CCATGACAGTACC
,GTTTTATAA
,TAACTCAAT
,TATAATATT
,TCTAACGAA
,TGTAACTTC
,TTTACTATT
,TTTTTAATG
,TTGTTACACATTGTT
,AACTTATAA
,AATCACTAA
,ATAATATTA
,ATGACAGTA
,ATGGTGGTC
,ATTATAATAATATTA
,CGACTCAGC
,CTATTAATA
,CTGCACAAG
,CTTGGTCTA
,GCGTATGCG
,TACAAACAT
,TTAATAATT
,TTAATACTA
,TTAATATTT
,TTGTTACACATTGTT
,TTTCACTTT
,TTGTTACACATTGTT
,ACGTAATGCA
,ATAATATTA
,ATAATATTA
,ATTATAATAATATTA
,ATTATAATATTA
,ATTATAATA
,CACTGTTTTT
,TAACACAACT
,TAATAATTAT
,TAATGGTAAT
,TAATTTTAAT
,TATAATATTA
,TTAAATGGTG
,AGTATTATGA
,ATTATAATAATATTA
,CACTGTTTTT
,TAATTTTAAT
,TACTTTTCAT
,TGTAACTTTTCTGAA
,AAGTGGTCA
,ACACACACA
,ATAATATGAC
,ATAATATGA
,ATAATTTCT
,ATGTTGGTG
,ATTTGTTTT
,ATTTTAGTG
,CAGATTTTA
,GTTTCACTA
,GTTTTATAAC
,TAATAATAT
,TAATGAAAGTAAT
,TATTCGTATT
,TGAAAAAAGT
,TGGATAGGT
,TTCACCAAG
,TTGTTACACATTGTT
,TTGTTTTAT
,TTTACATTT
,TTTGACAAT
,TTGTTACACATTGTT
,AGTATTATGA
,ATTATAATAATATTA
,TAATTTTAAT
,TACTTTTCAT
,TGTAACTTTTCTGAA
,TGTATTTTAA
,ATTCAAACTTA
,CAAACACAAAC
,TAATTTTAAT
,TTTTAATTTT
,TTGTTACACATTGTT
,ATTATAATAATATTA
,GGTGTGTATTTTA
,TGTAACTTTTCTGAA
,AATTGGTTAA
,AGTTGTGTTGA
,ATCGGTGGCTA
,ATTATAATAATATTA
,CGTAATTTTAATGC
,GTAAATGTTTC
,GTAATTTTAA
,GTTACACATTG
,TAATTTTAAT
,TAATTTTAAT
,TATTCGTATT
,TGGTAAATGT
,TGTGTTGATAA
,TTATAAGAGA
,TTATAATAATA
,TTGGTTTGGTT
,ACAATTTAACA
,CTAGATTTAGATC
,CAAACACAAAC
,TAATTTTAAT
,TACTTTTCAT
,TCCTACCATCCT
,TAATTTTAAT
,AACTGTCAA
,AATGAGTAA
,ACATATTGT
,ACGTAATGCA
,ACTATATCA
,ACTTATATTA
,AGAACCAAGA
,AGAAGATAT
,AGCAGTTTTA
,AGTAGTTTT
,ATAATATTA
,ATAATATTA
,ATATGTATA
,ATGGTAATT
,ATGGTAATT
,ATGTAACAA
,ATTATAATAATATTA
,ATTATAATATTA
,ATTATAATA
,ATTATTTAG
,ATTTATTATTTA
,ATTTCACAT
,CACAATTAT
,CACTGTTTTT
,CAGCAGTTT
,CAGGTGGAC
,CATTACTGC
,CTCTCTTCTCTC
,GAAGTTATT
,GAATTTAAG
,GGACGTCTA
,GGTAAATTA
,GGTGGTAAA
,GGTTATAAT
,GTAAATTATA
,GTAATTCTG
,GTAGAAGATG
,GTATGGATAA
,GTCAATGGT
,GTTGTTGTTG
,GTTTTAGAC
,TAAATGGTG
,TAATAATTAT
,TAATATTAT
,TAATGGTAAT
,TAATTTTAAT
,TAATTTTAG
,TACTAATTA
,TATAATAAT
,TATAATATTA
,TATTCGTATT
,TATTCTTCTA
,TATTTTTAT
,TCAGTAATTC
,TGATTATAAT
,TGTAACTTTTCT
,TGTTGGTCA
,TGTTGGTGTT
,TGTTGTTGT
,TTAACAATT
,TTTACTAATT
,TTTATAATTT
,TTTCTCTTT
,CAAACACAAAC
,TAATTTTAAT
,TTTTAATTTT
,TTGTTACACATTGTT
,GGTCAACTGG
,TAATAATTAT
,TAATTTTAAT
,TTGTGTTCAC
,AAAATTAAT
,AACTTTCAA
,AAGATTTTG
,AATATTAGT
,AATGAGTAA
,AATTCTCTTAA
,AATTTTAGTG
,ACACACACACA
,ACACACACA
,ACACACACA
,ACAGCGACA
,ACATATTGT
,ACCCATAAC
,ACTATATCA
,AGAACCAAGA
,AGAAGATAT
,AGTTTTAATTT
,AGTTTTAGA
,ATACCCATA
,ATATGTATA
,ATGTAACAA
,ATTATAATT
,ATTATAATT
,ATTCACTTA
,ATTTTAGTG
,CAGCAGTTT
,CATTACTGC
,CCTTATTAC
,GAAGTTATT
,GACTTATTT
,GCAGTAGTT
,GCTGGTGCT
,GGTGGTAAA
,GTAGAAGATG
,GTGCTATTT
,GTTACTCATTG
,GTTGTTGTTG
,TAATTCTGGT
,TAATTCTGG
,TAATTTTAGT
,TAATTTTAG
,TAGGTATGGAT
,TATAATAATAT
,TATGGATAA
,TATTATTAT
,TATTCTTCT
,TATTTTTAT
,TATTTTTAT
,TATTTTTAT
,TCAGTAATTC
,TGATTATAA
,TGTATTTTA
,TGTTGGTCA
,TGTTGTTGT
,TTAAAAAATT
,TTATAATTTT
,TTATCGTGAGA
,TTATTACGG
,TTCTCTCTT
,TTTAATTTA
,TTTACTAATT
,TTTATAATTT
,TTTATTGTTTA
,TTTTAATTTT
,TTCATTACAAT
,AAGTAATGCAC
,AATTTCACT
,ACTAAGAGT
,ATGTTGTTT
,CAAACGCAAAC
,CTAAATTTAAATC
,GAATTTAAG
,GTGGTGGTG
,TATAATAATAT
,TCAGCGACT
,TGTAACTTC
,TGTATTTTA
,TGTGGGTGT
,TTACACATT
,TTCAAACTT
,TTTCACTTT
,TTTTGTTTT
,CAAACACAAAC
,TAATTTTAAT
,TACTTTTCAT
,TCCTACCATCCT
,CAAACACAAAC
,TAATTTTAAT
,TACTTTTCAT
,TCCTACCATCCT
,ATGTTGGTG
,ATGTTGGTG
,TTGTTACACATTGTT
,AAAGTTATGC
,AACATTAAT
,AATTATAAC
,ACCATACCA
,ACGGCGGCA
,ACTACTTTA
,ACTATATCA
,ACTCTCTCT
,AGAACCAAGA
,AGTTGTGTA
,ATAATATAAG
,ATATAATATA
,ATGTAACAA
,CAATGTAAC
,CATGTTGTT
,CTTCTAGAA
,CTTTTTGTGG
,GAACTTAATG
,GCATACTTA
,GGTTTTGTA
,GTATCAAAC
,GTTCTAAAT
,GTTGTTGTTG
,TAAATAAAT
,TAAATGTGTT
,TAACGGCAAT
,TAATATTAT
,TATAACTTC
,TATTATTAT
,TATTCTTCTA
,TATTTTTAT
,TCTTAACTAT
,TCTTCTATT
,TGTAGATGT
,TGTTGTTGT
,TTAAGAATT
,TTAATTTGAC
,TTATCGTGA
,TTCTAGAAAT
,TTGTCTGTT
,TTGTGATAA
,TTTACTAATT
,TTTATTATT
,TTTCATTGA
,TTTGTGATA
,TTTTAAAAG
,ACGTAATGCA
,ATAATATTA
,ATAATATTA
,ATTATAATAATATTA
,ATTATAATATTA
,ATTATAATA
,CACTGTTTTT
,TAACACAACT
,TAATAATTAT
,TAATGGTAAT
,TAATTTTAAT
,TATAATATTA
,TTAAATGGTG
,AGTATTTGTT
,GATGTTGTAG
,GTTACACATTG
,TAATTTTAAT
,TATTCGTATT
,TGGACCAGGT
,TGGTCTCTGGT
,TTAACACAATT
,TTTTAATTTT
,ATTATAATAATATTA
,AAAATTAAT
,AACTTTCAA
,AAGGATGTT
,AAGTTTTGAA
,AATGAGTAA
,AATTCTCTTAA
,ACATATTGT
,ACTATATCA
,ACTTTAACCAATTTCA
,AGAACCAAGA
,AGAAGATAT
,AGCCACCGA
,AGTAGTTTT
,ATAATATTA
,ATAATATTA
,ATAATGATTT
,ATATGTATA
,ATGGTAATC
,ATGGTAATC
,ATGTAACAA
,ATTATAATAATATTA
,ATTATAATT
,CAAACACAAAC
,CAGCAGTTT
,CAGGTGGAC
,CCTTATTAC
,GAAGTTATT
,GAATTATATTC
,GAATTTAAG
,GATTATAAT
,GGGTATGGC
,GGTGGTAAA
,GTAGAAGATG
,GTATGGATAA
,GTTGTTGTTG
,TAACAACTT
,TAATATTAT
,TAATCAAAGT
,TAATTTTAAT
,TAATTTTAA
,TAATTTTAG
,TAATTTTAG
,TACTAATCAT
,TAGGTATGGAT
,TAGTAGTTT
,TATAATATTA
,TATTATTAT
,TATTCGTATT
,TATTCTTCT
,TATTTGTAG
,TATTTTTAT
,TATTTTTAT
,TATTTTTAT
,TCATTATTT
,TCTCAGATGG
,TGAGTTGAGT
,TGATTATAAT
,TGTCAATTC
,TGTTGGTCA
,TGTTGGTGTT
,TGTTGTTGT
,TTAAATGGT
,TTATAATATT
,TTATAATTTTA
,TTATCGTGAGA
,TTATTACGG
,TTTAAATTT
,TTTATAATTT
,TTTATTGTTTA
,TTTCACTTT
,TTTTAATTTT
,TTTTAATTT
,ATGTTGGTG
,ATGTTGGTG
,TTGTTACACATTGTT
,TAATTTTAAT
,TAATTTTAAT
,AAGTAATGC
,AATGGTGAT
,AGTATTATGA
,ATATAATATA
,ATTATAATAATATTA
,CACTGTTTTT
,CAGGTGGAC
,GAATTTAAG
,GTGACAATT
,GTGGTGGTG
,TAATCATACTAAT
,TAATTTTAAT
,TAATTTTAA
,TACTAATCAT
,TACTTTTCAT
,TGTAACTTTTCTGAA
,TGTATTTTAA
,TGTATTTTA
,TGTTTTTGT
,TTCATACTT
,TTTCACTTT
,TTTTAGTGA
,TTGTTACACATTGTT
,TTGTTACACATTGTT
,CAAACACAAAC
,TAATTTTAAT
,TTTTAATTTT
,ATAATAATA
,CAGGTGGAC
,GTCCAGGTG
,GTTTTATTC
,CAAACACAAAC
,TAATTTTAAT
,TACTTTTCAT
,TCCTACCATCCT
,ATTATAATAATATTA
,ATTTTACTCATTTTA
,GAAACCAAAG
,TAATTTTAAT
,TTAAATGGTG
,TTTTAATTTT
,ATTATAATAATATTA
,TGTAACTTTTCTGAA
,GTAATAATG
,TGTTGTTGT
,TTAATAATT
,TTCTTTCTT
,TTGTAATTT
,CAAACACAAAC
,TAATTTTAAT
,TACTTTTCAT
,TAATGAAAGTAAT
,TAATTTTAAT
,TTGTTACACATTGTT
,TTGTTACTCATTGTT
,AGTATTATGA
,ATTATAATAATATTA
,CACTGTTTTT
,TAATTTTAAT
,TACTTTTCAT
,TGTAACTTTTCTGAA
,CAAACACAAAC
,TAATTTTAAT
,TACTTTTCAT
,TCCTACCATCCT
,CAAACACAAAC
,TAATTTTAAT
,TACTTTTCAT
,TCCTACCATCCT
,CAAACACAAAC
,TAATTTTAAT
,TTTTAATTTT
,AGTATTATGA
,ATTATAATAATATTA
,CACTGTTTTT
,TAATTTTAAT
,TACTTTTCAT
,AGTATTATGA
,ATTATAATAATATTA
,CACTGTTTTT
,TAATTTTAAT
,TACTTTTCAT
,TGTAATTTTT
,AAAATTAAT
,AACTGTCAA
,AAGATTTTG
,AATGAGTAA
,ACATATTGT
,ACTATATCA
,AGAAGATAT
,AGATATTAC
,AGCCACCGA
,AGTTAAGAA
,ATAATAATA
,ATAATATTA
,ATATGTATA
,ATCGCTTCA
,ATGTAACAA
,ATTATAATAATATTA
,ATTATAATT
,ATTGTTTTG
,CACAATTAT
,CATTCTTAC
,CCACCGAGCCACC
,CTAAATTTAAATC
,CTCTTTATA
,CTTTTTAAT
,GAATTTAAG
,GATTACATG
,GTAATTCTG
,GTAGGTGTT
,TAATAAAAATAAT
,TAATTTTAG
,TATTATTAT
,TATTTTTAT
,TATTTTTAT
,TATTTTTAT
,TCTAACAAA
,TGAAAAATC
,TGTCAGTTT
,TGTTGTTGT
,TTAACAATT
,TTGTCTGTT
,TTGTGATAA
,TTTCTCTTT
,TTTGTGATA
,TTTGTTACACATTGTTT
,CAAACACAAAC
,TAATTTTAAT
,TACTTTTCAT
,AACTTTCAA
,AAGGTGTTTA
,AATGAGTAA
,ACATATTGT
,ACTATATCA
,ACTTTGTTAA
,AGAAGATAT
,AGGATCTTAT
,AGTACTTTT
,ATATGTATA
,ATGTAACAA
,ATTATAATAATATTA
,ATTATAATT
,ATTATAATT
,ATTATGTGT
,ATTCTACTAA
,ATTCTGCCA
,CAATATAAC
,CACAATTAT
,CACTGTTTTT
,CAGGTGGAC
,CATTACTGC
,CATTCTTAC
,CGTTAACTAA
,GAATTTAAG
,GGTCACAAT
,GGTGAATTA
,GTATGGATAA
,GTGGTGGTG
,GTTGTTGTTG
,TAATTTTAAT
,TAATTTTAGT
,TACTAATTA
,TACTTTTCAT
,TATTATTAT
,TATTTTTAT
,TATTTTTAT
,TATTTTTAT
,TCAGTAATTC
,TGAAAAATC
,TGTTGGTGTT
,TGTTGTTGT
,TGTTTTTGT
,TTATCGTGA
,TTCTACTAAA
,TTGTCAGTTT
,TTGTCTGTT
,TTGTGATAA
,TTTACTAAT
,TTTACTAAT
,TTTATAATTT
,TTTATCGTG
,TTTCACTTT
,TTTCTCTTT
,TTTGTGATA
,TTTTAGTGA
,TTTTTGTGG
,ATTATAATAATATTA
,GGAATTTAAGG
,GTTACACATTG
,TAATTTTAAT
,TAGTGGTGAT
,TCAAACACAAACT
,TCTTCACTTCT
,TTAACCAATT
,TTATGCGTATT
,TTTGTTGTTT
,CAAACACAAAC
,TAATTTTAAT
,TACTTTTCAT
,TCCTACCATCCT
,ATTATAATAATATTA
,TGTAACTTTTCT
,CAAACACAAAC
,TAATTTTAAT
,TTTTAATTTT
,ACGTAATGCA
,ATTATAATAATATTA
,TAATTTTAAT
,TACTTTTCAT
,TTAAATGGTG
,AGTATTATGA
,ATTATAATAATATTA
,TAATTTTAAT
,TACTTTTCAT
,TGTAACTTTTCTGAA
,TGTATTTTAA
,ATTATAATAATATTA
,CAGTGGTAAAT
,GGAATTTAAGG
,GTTACACATTG
,TCAAACACAAACT
,TCTTCACTTCT
,TTATGCGTATT
,ATTCAAACTTA
,CAAACACAAAC
,TAATTTTAAT
,TTTTAATTTT
,TAATTTTAAT
,TACTTTTCAT
,TCCTACCATCCT
,TAATTTTAAT
,TTGTTACACATTGTT
,CAAACACAAAC
,TAATTTTAAT
,TTTTAATTTT
,CAAACACAAAC
,TAATTTTAAT
,TACTTTTCAT
,GCGTATGCG
,GTCATGTTTT
,TTAATAATT
,TTGTTACACATTGTT
,TTTTTAATG
,ATTATAATAATATTA
,TTGTTACACATTGTT
,ATTATAATAATATTA
,TGTAACTTTTCTGAA
,TTGTTACACATTGTT
,TTGTTACACATTGTT
,AAATGGACA
,AGTTTTTGA
,ATTGTGTTA
,GTAAATTTA
,GTTGTACTT
,TAATTTTAAT
,TACTTTCAC
,TAGTGGTAA
,TAGTGGTGAT
,TCATGTACT
,TGATAATAGT
,TGGTTTTGGT
,TGTTGTTGT
,TGTTTTAAA
,TTAACAATT
,TTTAATAAA
,TTTCACTTT
,TTTTAATAA
,TTTTAATTTT
,TTTTGGTGTA
,TTTTGTTACACATTGTTTT
,TTTTTCCTTTTT
,CAAACACAAAC
,TAATTTTAAT
,TACTTTTCAT
,CAAACACAAAC
,TAATTTTAAT
,TTTTAATTTT
,ATCACACTA
,CAAACACAAAC
,GTGGTGGTG
,TAATTTTAAT
,TACTTTTCAT
,TTTCACTTT
,ACGTAATGCA
,ATAATATTA
,ATAATATTA
,ATTATAATAATATTA
,ATTATAATATTA
,ATTATAATA
,CACTGTTTTT
,TAACACAACT
,TAATAATTAT
,TAATGGTAAT
,TAATTTTAAT
,TATAATATTA
,TTAAATGGTG
,CAAACACAAAC
,TAATTTTAAT
,TACTTTTCAT
,ATCACACTA
,CAAACACAAAC
,GTGGTGGTG
,TAATTTTAAT
,TACTTTTCAT
,TTAGTGAAA
,TTTCACTTT
,ATTATAATAATATTA
,TTGTTACACATTGTT
,ATTATAATAATATTA
,GGAATTTAAGG
,GTTACACATTG
,TAATTTTAAT
,TAGTGGTGAT
,TCAAACACAAACT
,TCTTTAACGG
,TTAACCAATT
,TTATGCGTATT
,TTTGTTGTTT
,CAAACACAAAC
,CTTAATTTG
,GTGGTGGTG
,TACTTTTCAT
,TTTCACTTT
,ATTATAATAATATTA
,TGTAACTTTTCT
,ATGTTGGTG
,ATGTTGGTG
,TTGTTACACATTGTT
,AAGTAATGC
,AATGGTGAT
,AGTATTATGA
,ATCACACTA
,ATTATAATAATATTA
,CACTGTTTTT
,CAGGTGGAC
,GAATTTAAG
,GTGACAATT
,GTGGTGGTG
,TAATCATACTAAT
,TAATTTTAAT
,TAATTTTAA
,TACTAATCAT
,TACTTTTCAT
,TGTAACTTTTCTGAA
,TGTATTTTAA
,TGTATTTTA
,TGTTTTTGT
,TTCATACTT
,TTTCACTTT
,TTTTAGTGA
,TGTAACTTTTCTGAA
,AACTTATAA
,AACTTTCAA
,AAGATGTTA
,AAGGTTAAC
,AAGTTGTTT
,AATCACTAA
,AATGAGTAA
,ACGCCATAC
,ACTACATCA
,ATAATATTA
,ATATGTATA
,ATATTCAAA
,ATGACAGTA
,ATGGTGGTC
,ATTATAATAATATTA
,CGACTCAGC
,CTATTAATA
,CTGCACAAG
,CTTGGTCTA
,GGTGGTAAA
,GTATTGTTG
,GTGCTCGTG
,GTTAAGCAG
,TAATTCACT
,TATAAATAT
,TATTTTTAT
,TGGTTTTAA
,TGTTAATGT
,TGTTGTTGT
,TTAATAATT
,TTATAATTT
,TTCAGACCA
,TTGTAATTT
,TTGTTACACATTGTT
,TTTCACTTT
,TTTTGAATG
,CGGTTGGTTGGC
,GATGTTGTAG
,TAATTTTAAT
,TACTTTTCAT
,TTTGTTACGCATTGTTT
,TTTTAATTTT
,TGTAACTTTTCTGAA
,AACTTTCAA
,AAGGTGTTTA
,AATGAGTAA
,AATGGTGAT
,ACATATTGT
,ACCTCACAT
,ACTATATCA
,ACTTTGTTAA
,AGAAGATAT
,AGTACTTTT
,ATATGTATA
,ATGTAACAA
,ATTATAATAATATTA
,ATTATAATT
,ATTATAATT
,ATTCTACTAA
,ATTCTGCCA
,CACAATTAT
,CACTGTTTTT
,CAGGTGGAC
,CATTACTGC
,CGTTAACTAA
,CTTAACAGT
,GGTGAATTA
,GTATGGATAA
,GTGGTGGTG
,GTTGTTGTTG
,TAATTTTAAT
,TAATTTTAGT
,TACTAATTA
,TACTTTTCAT
,TATTATTAT
,TATTTTTAT
,TATTTTTAT
,TATTTTTAT
,TCAGTAATTC
,TGAAAAATC
,TGTATTTTA
,TGTTGGTGTT
,TGTTGTTGT
,TGTTTTTGT
,TTATACTAGT
,TTATACTAGT
,TTCTACTAAA
,TTCTCTCTT
,TTGTCAGTTT
,TTGTCTGTT
,TTGTGATAA
,TTTACTAAT
,TTTACTAAT
,TTTAGCAGT
,TTTCACTTT
,TTTGTGATA
,TTTTAGTGA
,TTTTAGTGGT
,TTTTCTGAA
,TTTTTGTGG
,ACTAAATTTAAATCA
,CAGGTGGTGGAC
,TAGTTTGTTTGAT
,TTGTTACACATTGTT
,ATTCAAACTTA
,CAAACACAAAC
,TAATTTTAAT
,TTTTAATTTT
,ATTATAATAATATTA
,TGTAACTTTTCTGAA
,TAATTTTAAT
,TTGTTACACATTGTT
,AGTGGTTAT
,ATAATATGAC
,ATAATATGA
,ATGTTGGTG
,ATTAGATTA
,ATTATAATAATATTA
,ATTTTAGTG
,CAGATTTTA
,GTGGTGGAC
,GTTTTATAAC
,GTTTTATTA
,TAATAATAT
,TAATTTTAAT
,TATTAACAT
,TATTATTAAT
,TATTCGTATT
,TCTTGGTCA
,TGGATAGGT
,TTCACCAAG
,TTGTTACACATTGTT
,TTGTTTTAT
,TTTAATTTT
,TTTGTTTGAC
,TTTTAATTTT
,TTTTCTTTT
,TTTTGTTTG
,ATGTTGGTG
,ATGTTGGTG
,TTGTTACACATTGTT
,TTGTTACTCATTGTT
,CAAACACAAAC
,TAATTTTAAT
,TACTTTTCAT
,TCCTACCATCCT
,CAAACACAAAC
,TAATTTTAAT
,TACTTTTCAT
,TCCTACCATCCT
,AAAAGAACT
,AAATGGTGAT
,AAATTTTGT
,AATTCTGGT
,ACCACACCA
,ACCATACCA
,ACTATATCA
,ACTTTTTCA
,ATAATATTA
,ATAATTTTA
,ATATGTATA
,ATGAAAGTA
,ATGTTATTT
,ATTATAATAATATTA
,ATTGTTTTA
,ATTTGTTTT
,CAATGTAAC
,CATCACTAC
,CATTCGTATT
,CCATACCACA
,CTATTAATA
,CTTAGTAAT
,GCAACTGGAC
,GGTGGTAAA
,GTAATTTTA
,GTGGTCTAC
,GTGTAGTAA
,GTTAAAAAA
,GTTGTTGTTG
,GTTTTATTG
,TAAATGGTG
,TAATTTTAAT
,TATCGTGGT
,TATGTATGG
,TATTCTTCT
,TATTTTTAT
,TGAAAAATA
,TGTTGGTCA
,TGTTGTTGT
,TGTTTTAAAC
,TTAATAATT
,TTAGCGATT
,TTATGGTTG
,TTCAGTTTCA
,TTGTTTTAT
,TTTACTTTTT
,TTTATAATTT
,TTTATATTT
,TTTCAGACCT
,TTTCTCTTT
,TTTGGGTTT
,TTTGTTACACATTGTTT
,TTTTAATAT
,TTTTAATTTT
,TTTTAGTGGT
,AACTTTCAA
,AAGGTGTTTA
,AATGAGTAA
,AATGGTGAT
,ACATATTGT
,ACCTCACAT
,ACTACTTTA
,ACTATATCA
,AGAAGATAT
,ATAAAAATA
,ATATGTATA
,ATGTAACAA
,ATTATAATAATATTA
,ATTATAATT
,ATTATAATT
,ATTCTACTAA
,CAATATAAC
,CACAATTAT
,CAGGTGGAC
,CGTTAACTAA
,GAATTTAAG
,GGTATGCAC
,GGTGAATTA
,GTATGGATAA
,GTGGTGGTG
,GTTGTTGTTG
,TAATTTTAAT
,TAATTTTAGT
,TACTAATTA
,TACTTTTCAT
,TATAATTTTA
,TATTATTAT
,TATTTTTAT
,TATTTTTAT
,TATTTTTAT
,TCAGTAATTC
,TGAAAAATC
,TGTAACTTTTCTGAA
,TGTATTTTA
,TGTTGTTGT
,TGTTTTTGT
,TTATACTAGT
,TTATACTAGT
,TTCTACTAAA
,TTGTCAGTT
,TTGTCTGTT
,TTGTGATAA
,TTTACTAAT
,TTTACTAAT
,TTTCACTTT
,TTTGGTATG
,TTTGTGATA
,TTTTAGTGGT
,TTTTTGTGG
,TAATTTTAAT
,TAATTTTAAT
,TTGGTTTGGTT
,TAATTTTAAT
,TGTAACTTTTCT
,ATAAAAATA
,ATCTGTCTA
,CATTCTTAC
,CCATGACAGTACC
,CTAAATTTAAATC
,GATTTTTGT
,TAACGCAAT
,TAACTCAAT
,TATTCGTAT
,TCTACATCT
,TGTAACTTC
,TTTCACTTT
,TTTGTTACGCATTGTTT
,TTTTCACTT
,TTTTGTTTT
,TAATTTTAAT
,ATTCAAACTTA
,CAAACACAAAC
,TAATTTTAAT
,TTTTAATTTT
,ACTTTTGTT
,ATAAAAATA
,ATCTGTCTA
,CATTCTTAC
,CCATGACAGTACC
,CTAAATTTAAATC
,GCTTCACAG
,TAACGCAAT
,TATAATATT
,TATTCGTAT
,TGTAACTTC
,TGTAAGTTT
,TGTTTTTGT
,TTTCACTTT
,TTTGTTACGCATTGTTT
,TTTTCACTT
,TTTTGTTTT
,TTTTTAATG
,TGTAACTTTTCTGAA
,CAAACGCAAAC
,TATAATAATAT
,TCAACACAACT
,ATGTTGGTG
,ATGTTGGTG
,TTGTTACACATTGTT
,ACTTTATTTCA
,TAATGAAAGTAAT
,CAAACACAAAC
,TAATTTTAAT
,TTTTAATTTT
,CAAACACAAAC
,TAATTTTAAT
,TACTTTTCAT
,TCCTACCATCCT
,AAACATGCTG
,ATAATATTA
,ATGACAGTA
,ATGGTGGTC
,ATTATAATAATATTA
,CGACTCAGC
,CTATTAATA
,CTTGGTCTA
,GCGTATGCG
,TAATTTTAAT
,TACAAACAT
,TTAAATGGTG
,TTAATAATT
,TTAATACTA
,TTAATATTT
,TTGTTACACATTGTT
,TTTCACTTT
,TTTTAATTTT
,AAAAATTTT
,AAAATTTTA
,ATGTTGTAG
,CAGTGTCTGTGAC
,CCTTATTCC
,TCCGAAATT
,TTTGTTACGCATTGTTT
,TAATTTTAAT
,AATGGTGAT
,ACTGTTTTT
,AGTATTATGA
,ATTATAATAATATTA
,CAATATAAC
,CAGGTGGAC
,CATTCTTAC
,CCATATCTA
,CCGATAGCC
,GAATTTAAG
,GTGGTGGTG
,TAATTTTAAT
,TACTTTTCAT
,TGTAACTTTTCTGAA
,TGTATTTTA
,TTAACAATT
,TTAATTAATT
,TTACTGTTT
,TTATACTAGT
,TTTCACTTT
,TTTTAGTGA
,TTGTTACACATTGTT
,AATGGTGAT
,ATTATAATAATATTA
,CAATATAAC
,CAGGTGGAC
,CATTCTTAC
,GAATTTAAG
,GTGGTGGTG
,TAACGCAAT
,TAATTTTAA
,TCCTACCATCCT
,TGTATTTTA
,TGTTTTTGT
,TTAAGCACGAATT
,TTTCACTTT
,TGTAACTTTTCTGAA
,GTAATAATG
,TGTTGTTGT
,TTCTTTCTT
,TTGTAATTT
,AGTATTATGA
,ATTATAATAATATTA
,TAATCATACTAAT
,TAATTTTAAT
,TACTAATCAT
,TACTTTTCAT
,TGTAACTTTTCTGAA
,TGTATTTTAA
,TAATTTTAAT
,TAATTTTAAT
,ATTATAATAATATTA
,ATTCAAACTTA
,CAAACACAAAC
,TATTATTGGTG
,TTGTTACACATTGTT
,ATTCAAACTTA
,CAAACACAAAC
,TAATTTTAAT
,TTTTAATTTT
,ATTATAATAAT
,TATAATAATAT
,TCAACACAACT
,TTTTCTCTTTT
,TTGTTACACATTGTT
,AAAGGCCTGCT
,AGTGCGTGA
,CAGACCCAGAC
,CCAAAGAAACC
,CGGCAACAA
,GCGGCGGCG
,GCGTATGCG
,GTATGCGGT
,GTGTATGTG
,GTGTTTGTG
,TAGCGCGAT
,TAGCGGCAA
,TATGCGTAT
,TATGTGTAT
,TATTATTAT
,TGTATTTTA
,AACTTATAA
,AATCACTAA
,ACATTGTTACA
,ATAATATTA
,ATGACAGTA
,ATGGTGGTC
,ATTATAATAATATTA
,ATTCAAACTTA
,CAAACACAAAC
,CGACTCAGC
,CTATTAATA
,CTGCACAAG
,CTTGGTCTA
,GCGTATGCG
,TACAAACAT
,TTAATAATT
,TTAATACTA
,TTAATATTT
,TTGTTACACATTGTT
,TTTCACTTT
,ATTATAATAATATTA
,TTTGTTACACATTGTTT
,CAAACACAAAC
,TAATTTTAAT
,TACTTTTCAT
,TAGTGGTGAT
,AGTATTATGA
,ATTATAATAATATTA
,CAAACACAAAC
,CACTGTTTTT
,GGAATTTAAGG
,GTAACTTTTCT
,TAATTTTAAT
,TACTTTTCAT
,TATTTTATTTTAT
,AAGGTGTTTA
,ACTTTGTTAA
,ATTATAATAATATTA
,ATTATAATT
,ATTATAATT
,ATTCTACTAA
,CACTGTTTTT
,CGTTAACTAA
,CTCTCTTCTCTC
,GTATGGATAA
,GTTGTTGTTG
,TAATTTTAAT
,TACTTCTTGT
,TACTTTTCAT
,TATTTTTAT
,TATTTTTAT
,TATTTTTAT
,TCAGTAATTC
,TCTCTTCTCT
,TGTAACTTTTCT
,TGTTGGTGTT
,TTCTACTAAA
,TTCTAGAAAT
,TTCTCTTCTCTT
,TTTACTAAT
,TTTACTAAT
,CAAACACAAAC
,TACTTTTCAT
,ATAATATTA
,ATTATAATAATATTA
,ATTATAATATTA
,ATTATAATA
,CACTGTTTTT
,TAATAATTAT
,TAATGGTAAT
,TAATTTTAAT
,CAAACACAAAC
,TAATTTTAAT
,TACTTTTCAT
,TTGTTACACATTGTT
,AACTGTCAA
,AAGATTTTG
,AAGGTGTTTA
,AATACTGGC
,AATGAGTAA
,ACATATTGT
,ACTATATCA
,AGTAGTTTT
,AGTCGTAGT
,AGTTTTAGA
,ATATGTATA
,ATTATAATAATATTA
,CACAAACTA
,CATTACTGC
,CCTTATTCC
,CTTTAACGG
,GACTTCATA
,GTAAATTAT
,GTAGTTTTAGACCA
,GTATGGATAA
,GTCTTTACT
,GTTGTTGTTG
,GTTTTAGAC
,TAAACAAAT
,TAATTTTAAT
,TAGTGGTGAT
,TAGTTTTAG
,TATATGTAT
,TATTTTTAT
,TATTTTTAT
,TATTTTTAT
,TCAGTAATTC
,TCAGTGGTGT
,TGAAAAATC
,TGAGACTAC
,TGTTGAGTA
,TGTTGTTGT
,TTAACCAATT
,TTATAATTTT
,TTGTCTGTT
,TTTAAATTT
,TTTACTAAT
,TTTATCGTG
,TTTCACTTT
,TTTGTTGTTT
,TTTTCAAGG
,TTTTTGTGG
,CAAACACAAAC
,TAATTTTAAT
,TTTTAATTTT
,TAATTTTAAT
,TTGGTTTGGTT
,CAAACACAAAC
,TAATTTTAAT
,TACTTTTCAT
,TCCTACCATCCT
,TTTGTTACACATTGTTT
,AATGGTGAT
,ATAATATTA
,ATTATAATAATATTA
,CAATATAAC
,CAGGTGGAC
,CATTCTTAC
,GAATTTAAG
,GTGGTGGTG
,TAATTTTAAT
,TAATTTTAAT
,TAATTTTAAT
,TGGTTTGGT
,TGTAACTTTTCTGAA
,TGTATTTTA
,TGTTTTTGT
,TTTCACTTT
,TTTTAGTGA
,CAAACACAAAC
,TAATTTTAAT
,TTTTAATTTT
,ATGTTGGTG
,ATGTTGGTG
,TTGTTACACATTGTT
,TAATGAAAGTAAT
,TGTTTGATAATAA
,TTGTTACACATTGTT
,AGTGGTTAT
,ATAATATGAC
,ATAATATGA
,ATGTTGGTG
,ATTATAATAATATTA
,ATTTTAGTG
,CAGATTTTA
,GTGGTGGAC
,GTTTTATAAC
,TAATAATAT
,TAATTTTAAT
,TATTAACAT
,TATTATTAAT
,TATTCGTATT
,TCTTGGTCA
,TGGATAGGT
,TTCACCAAG
,TTGTTACACATTGTT
,TTGTTTTAT
,TTTTAATTTT
,TTTTCTTTT
,AAGTAATGCAC
,AATTTCACT
,ACTAAGAGT
,ATGTTGTTT
,CAAACGCAAAC
,CTAAATTTAAATC
,GAATTTAAG
,GTGGTGGTG
,TATAATAATAT
,TCAGCGACT
,TGTAACTTC
,TGTATTTTA
,TGTGGGTGT
,TTACACATT
,TTCAAACTT
,TTTCACTTT
,TTTTGTTTT
,ATGTTGGTG
,ATGTTGGTG
,TTGTTACACATTGTT
,ACGTAATGCA
,ATAATATTA
,ATAATATTA
,ATTATAATAATATTA
,ATTATAATATTA
,ATTATAATA
,CACTGTTTTT
,TAACACAACT
,TAATAATTAT
,TAATGGTAAT
,TAATTTTAAT
,TATAATATTA
,TTAAATGGTG
,ATTATAATAATATTA
,TGTAACTTTTCT
,TTTGTTACTCATTGTTT
,ATTCAAACTTA
,CAAACACAAAC
,TAATTTTAAT
,TTTGGGGTTT
,TTTTAATTTT
,ACCAGAGACCA
,TAATTTTAAT
,TAATTTTAAT
,TCGTAATTTTAATGCT
,ATTATAATAATATTA
,TGTAACTTTTCTGAA
,AAACGCAAA
,AAAGATGTT
,AAATGGACA
,AAATTATGA
,AAATTATTT
,AAGACCAGAA
,AAGGTGGAA
,AATTGTTGT
,AATTTAAAT
,ACATTGTTTT
,ACCATACCA
,ACCCATTAT
,ACTTATTTA
,AGTTTTTGA
,ATATTTATA
,ATTGTGTTA
,ATTGTTTTGTTA
,CATTATTAC
,CCAGTTAGT
,CTATTTTTA
,GAAGTTAAT
,GACATTATT
,GATGGTGATT
,GGTGTGTAT
,GTGGTTTTA
,GTTATAGTA
,GTTATAGTA
,GTTGTACTT
,TAAATGTTA
,TAAGAATTTT
,TAATTTTAAT
,TACTTTCAC
,TAGTGGTGAT
,TATTGTACA
,TATTTTTAT
,TATTTTTAT
,TATTTTTAT
,TCATGTACT
,TGATAATAGT
,TGCAGTGGT
,TGGTTTTGGT
,TGTTGTTGT
,TGTTTTAAA
,TGTTTTAAA
,TTAACAATT
,TTACATTGT
,TTATATGAG
,TTATTTATT
,TTGTAAAGGT
,TTTAATAAA
,TTTAATTTT
,TTTATTAAA
,TTTATTAAA
,TTTCACTTT
,TTTGACCAGTTT
,TTTGATTCA
,TTTTAATAA
,TTTTAATTTT
,TTTTGGTGTA
,TTTTGTTACACATTGTTTT
,TTTTTCCTTTTT
,GTAATAATG
,TGTTGTTGT
,TTAATAATT
,TTGTAATTT
,TTTTTCTTTTT
,CAAACACAAAC
,GTGGTGGTG
,TAATTTTAAT
,TACTTTTCAT
,TGAGTGAGT
,TTTCACTTT
,TTTTAATTTT
,TAATTTTAAT
,TAATTTTAAT
,TTGTTACACATTGTT
,CAAACACAAAC
,TAATTTTAAT
,TACTTTTCAT
,TCCTACCATCCT
,ATTATAATAATATTA
,GGAATTTAAGG
,GTTACACATTG
,TAATTTTAAT
,TAGTGGTGAT
,TCAAACACAAACT
,TCTTCACTTCT
,TTAACCAATT
,TTATGCGTATT
,TTTGTTGTTT
,ATTATAATAATATTA
,GGAATTTAAGG
,GTTACACATTG
,TAATTTTAAT
,TAGTGGTGAT
,TCAAACACAAACT
,TCTTCACTTCT
,TTAACCAATT
,TTATGCGTATT
,TTTGTTGTTT
,CAAACACAAAC
,GTGGTGGTG
,TAATTTGGT
,TAATTTTAAT
,TACTTTTCAT
,TCCTACCATCCT
,TTTACTTTT
,ATTCAAACTTA
,CAAACACAAAC
,TAATTTTAAT
,TTTTAATTTT
,TTGTTACACATTGTT
,ATAATATGAC
,TAATGAAAGTAAT
,TGAAAAAAGT
,TTGTTACACATTGTT
,ATAATATTA
,ATAATATTA
,TAATTTTAAT
,TTGGTTTGGTT
,ATTTTACATTTTA
,TAATGAAAGTAAT
,TAATTTTAAT
,TTTGTTGTTT
,TATAATAATAT
,TGTATTATGT
,ACATTGTTACA
,TTGTTACACATTGTT
,TTGTTACACATTGTT
,ACATTGTTACA
,TTGTTACACATTGTT
,TAATTTTAAT
,CAAACACAAAC
,TAATTTTAAT
,TACTTTTCAT
,AACAAAACAA
,AACTTATAA
,AACTTTCAA
,AAGGTTAAC
,AATGAGTAA
,ACGCCATAC
,ACTACATCA
,ACTTCTTTTG
,AGGTGGTGGA
,ATAATATTA
,ATATGTATA
,ATATTCAAA
,ATGACAGTA
,ATGGTGATC
,ATGGTGGTC
,ATTATAATAATATTA
,ATTATAATT
,CATAATTTTG
,CGACTCAGC
,CTATTAATA
,CTTGGTCTA
,GATTATAAT
,GCGTATGCG
,GGTGGTAAA
,GGTGTTGTGG
,GTAATTTTAG
,GTGCTCGTG
,GTTAAGCAG
,GTTGTTGTTG
,TAATTCACT
,TAATTTTAAT
,TAATTTTGA
,TATTATTAAT
,TATTTTTAT
,TGCGACAACA
,TGGACTGTT
,TGGATTACC
,TGGTTTTAA
,TGTTGTTGT
,TTAAATGGTG
,TTAATAATT
,TTAATACTA
,TTATAATTT
,TTCAGACCA
,TTGTTACACATTGTT
,TTTAATTTT
,TTTCACTTT
,TTTCTCTTT
,TTTGTATGAC
,TTTTAACAA
,TTTTAATTTT
,TTTTGAATG
,AATGTTGGTGG
,TAATGAAAGTAAT
,TAATTTTAAT
,AAGGTGTTTA
,ACTTTGTTAA
,ATTATAATAATATTA
,ATTATAATT
,ATTATAATT
,ATTCTACTAA
,CACTGTTTTT
,CGTTAACTAA
,GTATGGATAA
,GTATTTTAGT
,GTTGTTGTTG
,TAATTTTAAT
,TAATTTTAGT
,TACTTTTCAT
,TATTTTTAT
,TATTTTTAT
,TATTTTTAT
,TCAGTAATTC
,TGGTAATATA
,TGTTGGTGTT
,TTATACTAGT
,TTCTACTAAA
,TTGTCAGTTT
,TTTATAATTT
,CAGTGTCTGTGAC
,TTGTTACACATTGTT
,ATTATAATAATATTA
,CACTGTTTTT
,GTATTTTAGT
,TAATTTTAAT
,TACTTTTCAT
,TGTAACTTTTCT
,TTGTTACACATTGTT
,ATTATAATAATATTA
,TGTAACTTTTCTGAA
,CAAACACAAAC
,TAATTTTAAT
,TACTTTTCAT
,TCCTACCATCCT
,CAAACACAAAC
,TAATTTTAAT
,TACTTTTCAT
,TCCTACCATCCT
,TAATTTTAAT
,GTAATAATG
,TGTTGTTGT
,TTAATAATT
,TTGTAATTT
,TTTTTCTTTTT
,ATTATAATAATATTA
,TAATTTTAAT
,TACTTTTCAT
,TATTAATTAT
,TCTTTACTTT
,TGTAACTTTTCTGAA
,TTTTAATTTT
,ATTCAAACTTA
,CAAACACAAAC
,TAATTTTAAT
,TTTTAATTTT
,CAAACACAAAC
,TAATTTTAAT
,TACTTTTCAT
,TCCTACCATCCT
,CAAACACAAAC
,TAATTTTAAT
,TACTTTTCAT
,TAATTTTAAT
,TGTAACTTTTCTGAA
,AAATGGTGAT
,AATTCTGGT
,ACCACACCA
,ACTTTTTCA
,ATAATATTA
,ATGAAAGTA
,ATGTTATTT
,ATTATAATAATATTA
,ATTGTTTTA
,CAATATAAC
,CAATGTAAC
,CATTCGTATT
,CTATTAATA
,GTGGTCTAC
,GTTTTATTG
,TAAATGGTG
,TAATTTTAAT
,TAGTTGTGTTGAT
,TTAATAATT
,TTATGGTTG
,TTGTTTTAT
,TTTACTTTTT
,TTTGTTACACATTGTTT
,TTTTAATTTT
,CAAACACAAAC
,TAATTTTAAT
,TACTTTTCAT
,TCCTACCATCCT
,TTTACTTTT
,TTTACTTTT
,TTTTAATTTT
,ATTATAATAATATTA
,TGTAACTTTTCTGAA
,CAAACACAAAC
,TAATTTTAAT
,TACTTTTCAT
,TCCTACCATCCT
,CAAACACAAAC
,TAATTTTAAT
,TTTTAATTTT
,AACTTATAA
,AACTTTCAA
,AAGGTTAAC
,AATCACTAA
,AATGAGTAA
,ACACATTGTTACACA
,ACGCCATAC
,ACTACATCA
,ACTTCTTTTG
,ATAATATTA
,ATATGTATA
,ATATTCAAA
,ATATTTGTG
,ATGACAGTA
,ATGGTGGTC
,ATTATAATAATATTA
,ATTATAATT
,CATAATTTTG
,CGACTCAGC
,CTATTAATA
,CTGCACAAG
,CTTGGTCTA
,GATTATAAT
,GCGTATGCG
,GGTGGTAAA
,GGTGTTGTGG
,GGTGTTTAT
,GGTGTTTAT
,GTAATTTTAG
,GTGCTCGTG
,GTTAAGCAG
,GTTGTTGTTG
,TAATTCACT
,TAATTTTAAT
,TAATTTTGA
,TACACACAT
,TATTCTTCTA
,TATTTTTAT
,TGCGACAACA
,TGGATTACC
,TGGTTTTAA
,TGTTGTTGT
,TTAAATGGTG
,TTAATAATT
,TTAATACTA
,TTAATATTT
,TTATAATTT
,TTCAGACCA
,TTGTTACACATTGTT
,TTTAATTTT
,TTTATAATTT
,TTTCACTTT
,TTTCTCTTT
,TTTTAATTTT
,TTTTGAATG
,TTGTTACACATTGTT
,ATTCAAACTTA
,CAAACACAAAC
,TAATTTTAAT
,TTTTAATTTT
,TAATTTTAAT
,TAATTTTAAT
,TTTTAATTTT
,ATTATAATAATATTA
,TGTAACTTTTCTGAA
,TTGTTACACATTGTT
,ATTATAATAATATTA
,TGTAACTTTTCTGAA
,CAAACACAAAC
,TAATTTTAAT
,TACTTTTCAT
,TCCTACCATCCT
,TAATTTTAAT
,ACTACCAAAG
,AGTATTATGA
,ATTATAATAATATTA
,CACTGTTTTT
,TAATTTTAAT
,TACTTTTCAT
,TAGTGGTGAT
,TGTAACTTTTCTGAA
,ATAAAAATA
,CAATATAAC
,CAGGTGGAC
,CATTCTTAC
,GAATTTAAG
,GTGGTGGTG
,TAACGCAAT
,TAACTCAAT
,TAATTTTAAT
,TAATTTTAAT
,TAATTTTAAT
,TATTCGTAT
,TCAAACACAAACT
,TGTAACTTTTCTGAA
,TGTATTTTA
,TGTTTTTGT
,TTAACAATT
,TTTCACTTT
,TAATTTTAAT
,TAATTTTAAT
,TTGTTACACATTGTT
,ATGAAAAGTA
,TAATTTTAAT
,TTAAATGGTG
,TTTGTTACACATTGTTT
,TTTTAATTTT
,ACACACACA
,TAATGAAAGTAAT
,TAATTTTAAT
,TATTAGATTAT
,TTCACACTT
,TTTACATTT
,TTGTTACACATTGTT
,AAAGTGAAA
,ACAATTACA
,ACCTATTTT
,ACTAACTGTA
,ATAATATTA
,ATGTGAGTGTA
,ATTTTAATG
,ATTTTGACTA
,ATTTTGGTAA
,GTAATTTTA
,GTAATTTTT
,GTATTCTTATG
,GTTATATTG
,TACATTAAC
,TATTGTAGT
,TATTTTTAT
,TGTGTGTGT
,TTAATAATC
,TTAATTTTAATT
,TTACTGTTA
,TTAGGTGGT
,TTATAATAATATT
,TTATAATATT
,TTATGTGAGT
,TTTATAATA
,TTTCACACTTT
,TTTTAATTTT
,TTTTTCTTTTT
,ATATAATATA
,GATGTTGTAG
,TAATTTTAAT
,TACTTTTCAT
,TTTTAATTTT
,AGTATTATGA
,ATTATAATAATATTA
,CACTGTTTTT
,TAATTTTAAT
,TACTTTTCAT
,TGTAACTTTTCTGAA
,TGTATTTTAA
,TTTTAATTTT
,AGTGGTTAT
,ATAATATGAC
,ATAATATGA
,ATTATAATAATATTA
,ATTTTAGTG
,CAGATTTTA
,GTGGTGGAC
,GTTTTATAAC
,TAATAATAT
,TAATTTTAAT
,TATTAACAT
,TATTCGTATT
,TGGATAGGT
,TTCACCAAG
,TTGTTACACATTGTT
,TTGTTTTAT
,TTTTAATTTT
,TTTTCTTTT
,ATTATAATAATATTA
,TTGTTACACATTGTT
,AACTTATAA
,AATCACTAA
,ATAATATTA
,ATGACAGTA
,ATGGTGGTC
,ATTATAATAATATTA
,CGACTCAGC
,CTATTAATA
,CTGCACAAG
,CTTGGTCTA
,GCGTATGCG
,TTAATAATT
,TTAATACTA
,TTAATATTT
,TTGTTACACATTGTT
,TTTCACTTT
,ATTTTGGTTTTA
,CAAACACAAAC
,TAATTTTAAT
,TACTTTTCAT
,TCCTACCATCCT
,TAATTTTAAT
,ATAAAAATA
,ATCTGTCTA
,CATTCTTAC
,CCATGACAGTACC
,CTAAATTTAAATC
,GATTTTTGT
,TAACGCAAT
,TAACTCAAT
,TATTCGTAT
,TCTACATCT
,TGTAACTTC
,TGTAAGGGT
,TTTCACTTT
,TTTGTTACGCATTGTTT
,TTTTCACTT
,TTTTGTTTT
,TTGTTACACATTGTT
,TAATGAAAGTAAT
,CAAACACAAAC
,TAATTTTAAT
,TCCTACCATCCT
,ATTCAAACTTA
,CAAACACAAAC
,TAATTTTAAT
,TTTTAATTTT
,TTGTTACACATTGTT
,AACTAATCAA
,ACAATCTAACA
,GTTACACATTG
,ATTATAATAATATTA
,GGAATTTAAGG
,GTTACACATTG
,TAATTTTAAT
,TAGTGGTGAT
,TCAAACACAAACT
,TCTTCACTTCT
,TTAACCAATT
,TTATGCGTATT
,TTTGTTGTTT
,ATTGTTTTA
,GCCGTGCCG
,GGACGGGGCAGG
,TTAATAATT
,TTACACATT
,TTGTTTGTT
,CAAACACAAAC
,TAATTTTAAT
,TTTTAATTTT
,TTGTTACACATTGTT
,CAAACACAAAC
,TAATTTTAAT
,TACTTTTCAT
,AAAAGAACT
,AATGAGTAA
,ACCATACCA
,ACTACATCA
,ATATGTATA
,CTCATAACT
,GGATTTCCA
,GTGCTCGTG
,TATTTTTAT
,TGTTGGTCA
,TGTTGTTGT
,TTCTGTCTT
,TTTAAATTT
,TTTCTCTTT
,AAGGTGTTTA
,ACTTTGTTAA
,AGGATCTTAT
,AGTATTATGA
,ATTATAATAATATTA
,ATTATAATT
,ATTATAATT
,CACTGTTTTT
,CGTTAACTAA
,GTATGGATAA
,GTTGTTGTTG
,TAATATTGGT
,TAATTTTAAT
,TAATTTTAGT
,TACTTTTCAT
,TATTTTTAT
,TATTTTTAT
,TATTTTTAT
,TCAGTAATTC
,TGTTGGTGTT
,TTCTACTAAA
,TTGTCAGTTT
,TTTACTAAT
,TTTACTAAT
,TTTATAATTT
,TTTTAGTGGT
,TTGTTACACATTGTT
,AAGTAATGC
,AATGGTGAT
,ACTACCAAAG
,ACTGTTTTT
,AGTATTATGA
,ATCATACTA
,ATTATAATAATATTA
,ATTTTAATC
,CAATATAAC
,CAGGTGGAC
,CTAATTTTAA
,GAATTTAAG
,GTGGTGGTG
,TAATTTTAAT
,TACTAATCAT
,TACTTTTCAT
,TGTAACTTTTCTGAA
,TGTATTTTAA
,TGTATTTTA
,TGTTTTTGT
,TTCATACTT
,TTTCACTTT
,TTTTAGTGA
,TAATTTTAAT
,TTGTTACACATTGTT
,TTGTTACACATTGTT
,TTGTTACACATTGTT
,AATTTTACT
,ACCTATCCA
,ATAATATGA
,ATGGTGGTA
,ATTATAATAATATTA
,CTATTAATA
,GTGCTATTT
,GTTTATGTC
,TAATAATAT
,TAGATAGAT
,TATTTGTTA
,TCTAAGGAATCT
,TGTAAGTTT
,TGTTTGGTAATAATT
,TTGTTTTAT
,TTTCACTTT
,TAATTTTAAT
,TTGTTACACATTGTT
,CAAACACAAAC
,TAATTTTAAT
,TTTTAATTTT
,TTGTTACACATTGTT
,ATCACACTA
,CAAACACAAAC
,GTGGTGGTG
,TAATTTTAAT
,TACTTTTCAT
,TTTCACTTT
,CAAACGCAAAC
,TATAATAATAT
,TCAACACAACT
,CAAACACAAAC
,TAATTTTAAT
,TACTTTTCAT
,AAAATTAAT
,AACTTTCAA
,AAGGATGTT
,AAGTTTTGAA
,AATATTAGT
,AATGAGTAA
,AATTCTCTTAA
,ACATATTGT
,ACTATATCA
,ACTTTAACCAATTTCA
,AGAACCAAGA
,AGAAGATAT
,AGCCACCGA
,AGTAGTTTT
,ATAATATTA
,ATAATATTA
,ATAATGATTT
,ATATGTATA
,ATGTAACAA
,ATTATAATAATATTA
,ATTATAATT
,ATTATATTCAA
,ATTTTAAAT
,CAAACACAAAC
,CAGCAGTTT
,CAGGTGGAC
,GAAGTTATT
,GAATTATATTC
,GAATTTAAG
,GATTATAAT
,GGGTATGGC
,GGTGGTAAA
,GTAATTCTG
,GTAGAAGATG
,GTATGGATAA
,GTTGTTGTTG
,TAACAACTT
,TAATAATTAT
,TAATATTAT
,TAATCAAAGT
,TAATTTTAAT
,TAATTTTAA
,TAATTTTAG
,TAATTTTAG
,TACTAATCAT
,TAGGTATGGAT
,TAGTAGTTT
,TATAATATTA
,TATTATTAT
,TATTCGTATT
,TATTTTTAT
,TATTTTTAT
,TATTTTTAT
,TCAGTAATTC
,TCTCAGATGGT
,TGAGTTGAGT
,TGATTATAAT
,TGGTTTTTGGT
,TGTCAATTC
,TGTTGGTGTT
,TGTTGTTGT
,TTAAATGGTG
,TTAAATTTT
,TTATAATATT
,TTATAATTTTA
,TTATCGTGAGA
,TTTAAATTT
,TTTAATTTA
,TTTATAATTT
,TTTATTGTTTA
,TTTCACTTT
,TTTCTCTTT
,TTTTAATTTT
,TTTTAATTT
,CACTGTTTTT
,CATTTGCAGG
,TGTAACTTTTCTGAA
,TTGTTACACATTGTT
,ATTCAAACTTA
,TAATTTTAAT
,TTTTAATTTT
,AATTTATATG
,ATTTTGTTTG
,GATGTTGTAG
,TTGAAAAGTT
,TTGTTACACATTGTT
,CTAAATTTAAATC
,TTTGTTACGCATTGTTT
,ATAATAATA
,ATAATAATA
,ATTATAATAATATTA
,GGAATTTAAGG
,GTTACACATTG
,TAATTTTAAT
,TAGTGGTGAT
,TCAAACACAAACT
,TCTTCACTTCT
,TTAACCAATT
,TTATGCGTATT
,TTTGTTGTTT
,ATTATAATAATATTA
,AAAAGAACT
,AACAGTTTC
,AATCACTAA
,AATGAGTAA
,ACATTAACT
,ACCATACCA
,ACTACATCA
,AGTGTTTGT
,ATATGTATA
,ATGTTGGTG
,CAACACAAC
,CTCATAACT
,GGTGGTAAA
,GTCAATACT
,GTCAATGGT
,GTGAAAGTA
,GTGCTCGTG
,GTGGTGGAC
,TAATTATTT
,TAGTTTTAG
,TATATGTAT
,TATTTTTAT
,TGTATATTT
,TGTTGGTCA
,TGTTGTTGT
,TTAATAATT
,TTATAATTT
,TTATCGTGA
,TTCTGTCTT
,TTGACAGTT
,TTGTTACACATTGTT
,TTTAAATTT
,TTTATCGTG
,TTTCTCTTT
,TTTTATTTT
,CAAACGCAAAC
,TATAATAATAT
,TCAACACAACT
,AGTATTATGA
,ATTATAATAATATTA
,CAAACACAAAC
,CACTGTTTTT
,GGAATTTAAGG
,GTAACTTTTCT
,TAATTTTAAT
,TACTTTTCAT
,ACGTAATGCA
,ATAATATTA
,ATAATATTA
,ATTATAATAATATTA
,ATTATAATATTA
,ATTATAATA
,CACTGTTTTT
,TAACACAACT
,TAATAATTAT
,TAATGGTAAT
,TAATTTTAAT
,TATAATATTA
,TTAAATGGTG
,TTGTTACTCATTGTT
,CAAACACAAAC
,TAATTTTAAT
,TTGTTACACATTGTT
,TTGTTACACATTGTT
,TTGTTACACATTGTT
,ACAAGATAAT
,ACTTATATTA
,CATATGTAAC
,GGACAACCAACAGG
,GTTGTTGTTG
,TTTCTTCTTT
,TTTGTTGTTT
,TTGTTACACATTGTT
,AGTATTATGA
,ATTATAATAATATTA
,CACTGTTTTT
,TAATCATACTAAT
,TAATTTTAAT
,TACTAATCAT
,TACTTTTCAT
,TGTAACTTTTCTGAA
,TGTATTTTAA
,TTTTAATTTT
,AGAGTGAGA
,CAAACACAAAC
,CAATTTAAC
,GTGAGAGTG
,TAATTTTAAT
,TTTTAATTTT
,ACGGCAACGGCA
,ATATAATATA
,CAGTGTCTGTGAC
,CTTGTTTTCA
,TAATTTTAAT
,TTATTTTATT
,TTTGTTACGCATTGTTT
,TTTTAATTTT
,AATAGATTTC
,ACGTAATGCA
,ATTATAATAATATTA
,GGTGATAATTAT
,TAATTTTAAT
,TACTTTTCAT
,TTAAATGGTG
,ATTATAATAATATTA
,ATTTTAGTGATTTTA
,ATTTTAGTGAT
,GACTGAGTCAG
,TCTTTTCAATG
,TTATTATTATT
,TTGTTACTCATTGTT
,ATTATAATAATATTA
,TAATTTTAAT
,TAATTTTAAT
,TAATTTTAAT
,ATTATAATAATATTA
,ATTATAATAATATTA
,CAAACACAAAC
,CATGGTAAATG
,GTTACACATTG
,TATAAATAAATAT
,TTAATAATAATT
,TTGTTTATA
,TTGTTTATA
,ACATTGTTACA
,TTGTTACACATTGTT
,TAATTTTAAT
,TAATTTTAAT
,ATTATAATAATATTA
,ATTCTACTAA
,GTATGGATAA
,GTGGTTTTAA
,GTTGTTGTTG
,TAATTTTAAT
,TATTTTTAT
,TATTTTTAT
,TATTTTTAT
,TCAGTAATTC
,TGGTGGTTTT
,TGTTGGTGTT
,TTACAACATT
,TTATAATTCA
,TTATAATTTT
,TTATACTAGT
,TTATTTTATT
,TTCTACTAAA
,TTTGTTGTTT
,AAGGTGTTTA
,ACTTTGTTAA
,AGGATCTTAT
,ATTATAATT
,ATTATAATT
,CGTTAACTAA
,GTATGGATAA
,GTTGTTGTTG
,TAATTTTAAT
,TAATTTTAGT
,TACTTTTCAT
,TATAATTTTA
,TATTAATTAT
,TATTTTTAT
,TATTTTTAT
,TATTTTTAT
,TCAGTAATTC
,TGTAACTTTTCTGAA
,TTATACTAGT
,TTATACTAGT
,TTCTACTAAA
,TTGTCAGTTT
,TTTACTAAT
,TTTACTAAT
,TTTTAGTGGT
,AGTTGTGTTGA
,ATTATAATAATATTA
,GTAAATGTTTC
,TGACATTACAGT
,TTGGTTTGGTT
,TTTGTTACGCATTGTTT
,TAATTTTAAT
,TAATTTTAAT
,TTGTTACACATTGTT
,TTGTTACACATTGTT
,ATTATAATAATATTA
,TGTAACTTTTCTGAA
,CAAACACAAAC
,TAATTTTAAT
,TACTTTTCAT
,TAGTGGTGAT
,AAACGCAAA
,AAAGATGTT
,AAATGGACA
,AAATTATGA
,AAGACCAGAA
,AAGGTGGAA
,AATTGTTGT
,AATTTAAAT
,AATTTTTTAA
,ACATTATTTT
,ACCATACCA
,ACCCATTAT
,ACTTATTTA
,AGGACCTAAT
,AGTTTTTGA
,ATTCCTATT
,ATTGCGTTA
,CAGGAGGAC
,CATTATTAC
,CCAGTTAGT
,CTATTTTTA
,GAAGTTAAT
,GACATTATT
,GATGGTGATT
,GGTGTGTAT
,GTAAATTTA
,GTGGTTTTA
,GTTATAGTA
,GTTATAGTA
,GTTGTACTT
,GTTGTTGTTG
,TAAATGTTA
,TAAATGTTA
,TAAGAATTTT
,TAATTTTAAT
,TAGTGGTAA
,TAGTGGTGAT
,TATTTTTAT
,TATTTTTAT
,TATTTTTAT
,TCATGTACT
,TGATAATAGT
,TGCAGTGGT
,TGGTTTTGGT
,TGTTGTTGTT
,TGTTGTTGT
,TGTTGTTGT
,TGTTTTAAA
,TGTTTTAAA
,TTAACAATT
,TTAAGTAGT
,TTATTTATT
,TTTAAATGGT
,TTTAATAAA
,TTTAATTTT
,TTTATTAAA
,TTTATTAAA
,TTTCACTTT
,TTTGATTCA
,TTTTAATAA
,TTTTAATTTT
,TTTTGGTGTA
,TTTTGTTACACATTGTTTT
,TTTTTTAATC
,TTTTTTAAT
,TAATTTTAAT
,CAAACACAAAC
,TAATTTTAAT
,TACTTTTCAT
,AACTTTCAA
,AAGGTGTTTA
,AATGAGTAA
,ACATATTGT
,ACTATATCA
,ACTTTGTTAA
,AGAAGATAT
,AGTACTTTT
,ATATGTATA
,ATGTAACAA
,ATTATAATAATATTA
,ATTATAATT
,ATTATAATT
,ATTCTGCCA
,CAAGTCAGTG
,CAATATAAC
,CACAATTAT
,CACTGTTTTT
,CAGGTGGAC
,CATTACTGC
,CGTTAACTAA
,GAATTTAAG
,GGTGAATTA
,GTATGGATAA
,GTGGTGGTG
,GTTGTTGTTG
,TAACAACTT
,TAATTTTAAT
,TAATTTTAGT
,TACTAATTA
,TACTTTTCAT
,TATCAAAGT
,TATTATTAT
,TATTTTGAC
,TATTTTTAT
,TATTTTTAT
,TATTTTTAT
,TCAGTAATTC
,TGAAAAATC
,TGTAACTTTTCTGAA
,TGTATTTTA
,TGTTGGTGTT
,TGTTGTTGT
,TGTTTTTGT
,TTGTCAGTTT
,TTGTCTGTT
,TTGTGATAA
,TTTACTAAT
,TTTACTAAT
,TTTATAATTT
,TTTCACTTT
,TTTCTCTTT
,TTTGTGATA
,TTTTAGTGA
,TTTTTGTGG
,ATAATATGAC
,ATTATAATAATATTA
,GTTCACCAAG
,TAATGAAAGTAAT
,TAATTTTAAT
,TACATTTTAA
,TATTCGTATT
,TTGTTACACATTGTT
,TTTGTTGTTT
,AATTTTACT
,AATTTTACT
,TTGTTACACATTGTT
,GATGTTGTAG
,TAATTTTAAT
,TACTTTTCAT
,TTTGTTACACATTGTTT
,TTTTAATTTT
,GTTACACATTG
,TTAACAATT
,TTAACAATT
,TTAACAATT
,TAATTTTAAT
,TTACTAATCATT
,TTGTTACACATTGTT
,AACTTTCAA
,AAGGTGTTTA
,AATGAGTAA
,AATGGTGAT
,ACATATTGT
,ACCTCACAT
,ACTACTTTA
,ACTATATCA
,AGAAGATAT
,ATATGTATA
,ATGTAACAA
,ATTATAATAATATTA
,ATTATAATT
,ATTATAATT
,ATTCTACTAA
,CAATATAAC
,CACAATTAT
,CAGGTGGAC
,CATTCTTAC
,CGTTAACTAA
,GAATTTAAG
,GGTGAATTA
,GTATGGATAA
,GTGGTGGTG
,GTTGTTGTTG
,TAATTCATT
,TAATTTTAAT
,TAATTTTAGT
,TACTAATTA
,TACTTTTCAT
,TATAATTTTA
,TATTATTAT
,TATTTTTAT
,TATTTTTAT
,TATTTTTAT
,TCAGTAATTC
,TCTCTCAGT
,TGAAAAATC
,TGTAACTTTTCTGAA
,TGTATTTTA
,TGTTGTTGT
,TGTTTTTGT
,TTATACTAGT
,TTATACTAGT
,TTCTACTAAA
,TTGTCTGTT
,TTGTGATAA
,TTTACTAAT
,TTTACTAAT
,TTTCACTTT
,TTTGTGATA
,TTTTAGTGA
,TTTTAGTGGT
,TTTTTGTGG
,AACCATTAA
,AGTGCGTGA
,GAAATATCC
,GCAACAACG
,GCGTATGCG
,GCTATGTGT
,GTGCGTGAA
,GTGTATGTG
,GTGTTTGTG
,TATGCGTAT
,TATGTGTAT
,TATTATTAT
,TGCGTGAAGTGCGT
,AAATAGTTTT
,AAGGCGTTTG
,AATAGTTTT
,AATGAGTAA
,AATGTGTAA
,AATTATGAA
,ACAAATCGC
,ACAGTTAGA
,ACATTTACA
,ACTATATCA
,AGATATTTTT
,ATAATTTTA
,ATATGTATA
,ATATGTGTT
,ATCCCTCAG
,ATGTAACTT
,ATGTGGTAT
,ATTCACTTA
,ATTTATAAT
,ATTTCTTTA
,CAAATTATG
,CAAGATAAT
,CAATGGTGT
,CACATACAC
,CATATGTAAC
,CATCACTAC
,CATTGTAAA
,CTAAAAATC
,CTCTACACA
,CTGAGATGA
,GATATTATAG
,GATTACCTG
,GATTGTTTT
,GTAATAATG
,GTCAATGGT
,GTGTGTGAT
,GTGTTGTTG
,GTTGTTGTTG
,GTTGTTGTT
,GTTTTGGCA
,TAATTTTAG
,TACCAAATA
,TATAGATAT
,TATTTTTAT
,TCTCTTCTCT
,TCTTTTGTTA
,TCTTTTGTT
,TGTTGTTGT
,TGTTGTTGT
,TTAATAATT
,TTACTTTCT
,TTATAATATT
,TTGACCAGTT
,TTGTAATTT
,TTGTTGTTG
,TTTGGGTTT
,TTTTACTGAT
,TTTTGTTAA
,TTTTTATAG
,CAAACACAAAC
,TAATTTTAAT
,TACTTTTCAT
,TCCTACCATCCT
,GTTACACATTG
,ATTATAACAATATTA
,CTTTTTAATT
,TAATTTTAAT
,TGTAACTTCTCT
,TGTATTTTAA
,TTAATAATAATT
,TTTGTTACACATTGTTT
,TTTTAATTTT
,CAAACACAAAC
,TAATTTTAAT
,TACTTTTCAT
,TCCTACCATCCT
,TAATTTTAAT
,ATAAAAATA
,ATCTGTCTA
,CATTCTTAC
,CCATGACAGTACC
,CTAAATTTAAATC
,GATTTTTGT
,TAACGCAAT
,TAACTCAAT
,TATTCGTAT
,TCTACATCT
,TGTAACTTC
,TTTCACTTT
,TTTGTTACGCATTGTTT
,TTTTCACTT
,TTTTGTTTT
,TTTTTAATG
,AATGGTGAT
,ATAATATTA
,ATGTGTGTA
,ATTATAATAATATTA
,ATTATAATATTA
,ATTATAATA
,CAATATAAC
,CATTCTTAC
,GTGGTGGTG
,TAACGCAAT
,TAATATTAT
,TAATCAATT
,TAATTTTAA
,TGTATTTTA
,TTAACAACT
,TTAAGCACGAATT
,TTTCACTTT
,TTTTAGTGA
,CCATGACAGTACC
,GTTACCCATTG
,GTAATAATG
,TGTTGTTGT
,TTAATAATT
,TTGTAATTT
,TTTTTCTTTTT
,AGTATTATGA
,ATGTAATTTT
,ATTATAATAATATTA
,CACTGTTTTT
,TAATTTTAAT
,TACTTTTCAT
,TGTAATTTTT
,ATTATAATAATATTA
,CACTGTTTTT
,TAATTTTAAT
,TACTTTTCAT
,TGTAACTTTTCT
,TTATACTAGT
,TAATTTTAAT
,CAAACACAAAC
,TAATTTTAAT
,TACTTTTCAT
,TCCTACCATCCT
,ATGTTGGTG
,ATGTTGGTG
,TTGTTACACATTGTT
,TTGTTACACATTGTT
,ATTATAATAATATTA
,TTGTTACACATTGTT
,ACAACTCAACA
,ATCATACTA
,CAGGTGGAC
,CGATGGTAGC
,GCTATATCG
,GTTTTATTC
,TACTAATCAT
,TTGTAGATGTT
,AACAGTTTCA
,AACTTATAA
,AACTTTCAA
,AAGATGTTA
,AAGGTTAAC
,AATCACTAA
,AATGAGTAA
,AATTTAATA
,AATTTCATT
,ACAAAAACA
,ACGCCATAC
,ACTACATCA
,ATAATATTA
,ATATGTATA
,ATATTCAAA
,ATGACAGTA
,ATGGTGGTC
,ATTATAATAATATTA
,CATAATTTTG
,CGACTCAGC
,CTATTAATA
,CTGCACAAG
,CTTGGTCTA
,GATCATAATT
,GGTGGTAAA
,GTGCTCGTG
,GTTAAGCAG
,GTTGTTGTTG
,TAATTCACT
,TAATTTTAAT
,TATTCTTCTA
,TATTTTTAT
,TGCGACAACA
,TGGTTTTAA
,TGTAAGTTT
,TGTTAATGT
,TGTTGTTGT
,TTAAATGGTG
,TTAATAATT
,TTAATACTA
,TTATAATTT
,TTATTGTCT
,TTCAGACCA
,TTGTTACACATTGTT
,TTTGTATGAC
,TTTTAATTTT
,TTTTGAATG
,TAATTTTAAT
,AACTTTCAA
,AAGGTGTTTA
,AATGAGTAA
,ACATATTGT
,ACTATATCA
,ACTTTGTTAA
,AGAAGATAT
,AGGATCTTAT
,AGTATTATGA
,ATATGTATA
,ATGTAACAA
,ATTATAATAATATTA
,ATTATAATT
,ATTATAATT
,CAATATAAC
,CACAATTAT
,CACTGTTTTT
,CAGGTGGAC
,CATTACTGC
,CATTCTTAC
,CCGATAGCC
,CGTTAACTAA
,CTATGGTTT
,GAATTTAAG
,GTATGGATAA
,GTGGTGGTG
,GTTGTTGTTG
,TAATTTTAAT
,TAATTTTAA
,TAATTTTAGT
,TAATTTTGA
,TACTTTTCAT
,TATTATTAT
,TATTTTTAT
,TATTTTTAT
,TATTTTTAT
,TCAGTAATTC
,TGAAAAATC
,TGATATAGT
,TGGTTTTAA
,TGTATTTTA
,TGTTGGTGTT
,TGTTGTTGT
,TTCTACTAAA
,TTGTCAGTTT
,TTGTCTGTT
,TTGTGATAA
,TTTACTAAT
,TTTACTAAT
,TTTATAATTT
,TTTCACTTT
,TTTCTCTTT
,TTTGTGATA
,TTTTAGACCA
,TTTTAGTGA
,TTTTAGTGGT
,TTTTTGTGG
,AGTATTATGA
,ATGTAATTTT
,ATTATAATAATATTA
,CACTGTTTTT
,TAATTTTAAT
,TACTTTTCAT
,TGTAATTTTT
,ATTCTTCTTA
,GATGTTGTAG
,CAAACACAAAC
,TAATTTTAAT
,TTTTAATTTT
,AAAAATGGTT
,AACTTTCAA
,AAGGTGTTTA
,AATGAGTAA
,AATGGTGAT
,ACATATTGT
,ACCTCACAT
,ACTATATCA
,ACTTTGTTAA
,AGAAGATAT
,AGTACTTTT
,ATATGTATA
,ATGTAACAA
,ATTATAATAATATTA
,ATTATAATT
,ATTATAATT
,ATTCTACTAA
,ATTCTGCCA
,CACAATTAT
,CACTGTTTTT
,CAGGTGGAC
,CATTACTGC
,CATTCTTAC
,CGTTAACTAA
,CTTAACAGT
,GAATTTAAG
,GGTGAATTA
,GTATGGATAA
,GTGGTGGTG
,GTTGTTGTTG
,TAATTTTAAT
,TAATTTTAGT
,TACTAATTA
,TACTTTTCAT
,TATTATTAT
,TATTTTTAT
,TATTTTTAT
,TATTTTTAT
,TCAGTAATTC
,TGAAAAATC
,TGTAACTTTTCTGAA
,TGTATTTTA
,TGTTGGTGTT
,TGTTGTTGT
,TGTTTTTGT
,TTATACTAGT
,TTATACTAGT
,TTCTACTAAA
,TTGTCAGTTT
,TTGTCTGTT
,TTGTGATAA
,TTTACTAAT
,TTTACTAAT
,TTTCACTTT
,TTTCTCTTT
,TTTGTGATA
,TTTTAGTGA
,TTTTAGTGGT
,TTTTTGTGG
,ATAATATGAC
,ATAATATGA
,ATTAGATTA
,ATTATAATAATATTA
,ATTTTAGTG
,CAGATTTTA
,GTGGTGGAC
,GTTTTATAAC
,GTTTTATTA
,TAATAATAT
,TAATTTTAAT
,TATTAACAT
,TATTATTAAT
,TATTCGTATT
,TCTTGGTCA
,TGGATAGGT
,TTCACCAAG
,TTGTTACACATTGTT
,TTGTTTTAT
,TTTAATTTT
,TTTGTTTGAC
,TTTTAATTTT
,TTTTCTTTT
,TTTTGTTTG
,TTGTTACACATTGTT
,AACTTTCAA
,AAGGTGTTTA
,AATTATATT
,AATTTTAGT
,ACATATTGT
,ACGTAATGCA
,ACTAAGAGT
,ACTAGATCA
,ACTATATCA
,AGAAGATAT
,AGGATCTTAT
,ATAATATTA
,ATATGTATA
,ATCGCTTCA
,ATGTAACAA
,ATTATAATAATATTA
,ATTATAATT
,ATTCTACTAA
,ATTGTTTTG
,ATTTATTGT
,CAAGAGAAC
,CAGCAGTTT
,CATTACTGC
,CGTTAACTAA
,CTTTGTTAAA
,GAATTTAAG
,GGTGAATTA
,GGTGGTAAA
,GTAATTCTG
,GTAGGTGTT
,GTATGGATAA
,GTTGTTGTTG
,TAACTCAAT
,TAATAATTAT
,TAATTTTAAT
,TAATTTTAG
,TATTATTAT
,TATTTTTAT
,TATTTTTAT
,TATTTTTAT
,TCAGTAATTC
,TGAAAAATC
,TGATTATAAT
,TGATTATAAT
,TGTCAGTTT
,TGTTGTTGT
,TTAAATGGTG
,TTAACAATT
,TTATAATAA
,TTATAATGA
,TTCTACTAAA
,TTGTCTGTT
,TTGTGATAA
,TTTATAATTT
,TTTCTCTTT
,TTTGTGATA
,TTTGTTACACATTGTTT
,TTTTAGTGGT
,TTTTTGTGG
,ATTATAATAATATTA
,TGTAACTTTTCTGAA
,ATTATAATAATATTA
,CAGTGGTAAAT
,GGAATTTAAGG
,GTTACACATTG
,TAATTTTAAT
,TAGTGGTGAT
,TCAAACACAAACT
,TCTTCACTTCT
,TTAACCAATT
,TTATGCGTATT
,TTTGTTGTTT
,CAAACACAAAC
,GTAATGAAAGTAATG
,TAATTTTAAT
,TACTTTTCAT
,TAATTTTAAT
,AATGGTGAT
,ATTATAATAATATTA
,CAATATAAC
,CAGGTGGAC
,CATTCTTAC
,GAATTTAAG
,GTGGTGGTG
,TAACGCAAT
,TAATTTTAA
,TCCTACCATCCT
,TGTATTTTA
,TGTTTTTGT
,TTAAGCACGAATT
,TTTCACTTT
,ATAAAAATA
,ATCTGTCTA
,CATTCTTAC
,CCATGACAGTACC
,CTAAATTTAAATC
,GATTTTTGT
,TAACGCAAT
,TAACTCAAT
,TATTCGTAT
,TCTACATCT
,TGTAACTTC
,TTTCACTTT
,TTTGTTACGCATTGTTT
,TTTTCACTT
,TTTTGTTTT
,TTTTTAATG
,ATAATAATA
,ATCTGTCTA
,CAATGCAGG
,CATTCTTAC
,CCATGACAGTACC
,GAGGTGGAG
,TAACGCAAT
,TAACTCAAT
,TATTCGTAT
,TCTACATCT
,TGTAACTTC
,TTTCACTTT
,TTTTCACTT
,TTTTGTTTT
,TTTTTAATG
,CACTGTTTTT
,TAATTTTAAT
,TACTTTTCAT
,TGTAACTTTTCTGAA
,TTATACTAGT
,CAAACACAAAC
,TAATTTTAAT
,TACTTTTCAT
,TTGTTACACATTGTT
,TTGTTACACATTGTT
,CAAACACAAAC
,TAATTTTAAT
,TTTTAATTTT
,AAATTTATT
,AGTATTATGA
,ATTATAATAATATTA
,CAATATAAC
,CACTGTTTTT
,CAGGTGGAC
,CATTCTTAC
,CCGATAGCC
,GAATTTAAG
,GTGGTGGTG
,TAATTTTAAT
,TAATTTTAA
,TACTTTTCAT
,TGTATTTTA
,TTAATAATT
,TTGTGCAAC
,TTTCACTTT
,TTTTAGTGA
,TTGTTACACATTGTT
,AATGAAAGTAA
,TAATTTTAAT
,TTAGACCAGATT
,TTTTAATTTT
,TTGTTACACATTGTT
,TTGTTACACATTGTT
,TTGTTACACATTGTT
,CAAACACAAAC
,TAATTTTAAT
,TACTTTTCAT
,TAATTTTAAT
,CAAACACAAAC
,TAATTTTAAT
,TACTTTTCAT
,CAAACACAAAC
,TAATTTTAAT
,TTTTAATTTT
,ATTCAAACTTA
,CAAACACAAAC
,TAATTTTAAT
,TTTTAATTTT
,AATTCTCTTAA
,AGTTACATTGA
,ATTATAATAATATTA
,CAGCGGTAAAT
,CATTCCTTAC
,CATTGTCAGT
,GGAATTTAAGG
,GGTGTTGTGG
,GTAGTTTTAG
,GTTACACATTG
,GTTGTTGTTG
,TAATTTTAAT
,TAGGTATGGAT
,TAGTGGTGAT
,TGAGTAGTTT
,TTAACCAATT
,TTACAACATT
,TTAGTAGTAAT
,TTATAATTTT
,TTATCGTGAGA
,TTATGCGTATT
,TTTGTTGTTT
,AGTTTTAATGC
,ATAATATTA
,ATGTGTGGA
,ATTATAATAATATTA
,ATTCAAACTTA
,ATTCGCATT
,CAAACACAAAC
,CATGGTAAATG
,CATGGTAAA
,CTATTAATA
,GTAAATGTTTC
,GTGGTGGTC
,GTTTTGTAA
,TATACATAT
,TGGTATGGT
,TGTAACTTC
,TTTAATGTT
,TTTGTTACACATTGTTT
,TTGTTACACATTGTT
,AACCAATTGTA
,ACTATAATAATATCA
,CAAACCCAAAC
,TAATGAAAGTAAT
,TGTTATATTGT
,TTGTTACACATTGTT
,ATGACAGTA
,GCGTATGCG
,TACAAACAT
,TTAATAATT
,TTAATATTT
,TTGTTACACATTGTT
,TTGTTACACATTGTT
,CAAACACAAAC
,TAATTTTAAT
,TACTTTTCAT
,TCCTACCATCCT
,AACTTATAA
,AATCACTAA
,ACAAAAACA
,ATAATATTA
,ATGACAGTA
,ATTATAATAATATTA
,CGACTCAGC
,CTATTAATA
,CTGCACAAG
,CTTGGTCTA
,TTAATAATT
,TTAATACTA
,TTATTTATT
,TTGTTACACATTGTT
,TTTCACTTT
,TAATTTTAAT
,CAAACACAAAC
,TAATTTTAAT
,TACTTTTCAT
,TCCTACCATCCT
,ATTATAATAATATTA
,ATTATAATAATA
,CAAACACAAAC
,GGAATTTAAGG
,GTAACTTTTCT
,TGTAACTTTTCT
,TAATTTTAAT
,TTTGTTACACATTGTTT
,TTGTTACACATTGTT
,CAAACACAAAC
,TAATTTTAAT
,TACTTTTCAT
,TCCTACCATCCT
,ATTATAATAATATTA
,TTGTTACACATTGTT
,AGTGGTTAT
,ATAATATGAC
,ATAATATGA
,ATGTTGGTG
,ATTAGATTA
,ATTATAATAATATTA
,ATTTTAGTG
,CAGATTTTA
,GTGGTGGAC
,GTTTTATAAC
,GTTTTATTA
,TAATAATAT
,TAATTTTAAT
,TATTAACAT
,TATTATTAAT
,TATTCGTATT
,TCTTGGTCA
,TGGATAGGT
,TTCACCAAG
,TTGTTACACATTGTT
,TTGTTTTAT
,TTTAATTTT
,TTTGTTTGAC
,TTTTAATTTT
,TTTTCTTTT
,TTTTGTTTG
,TTGTTACACATTGTT
,ATTGTTTTA
,CTGGCGGTC
,TTAACAATT
,TTGTTTTAT
,TTGTTACACATTGTT
,TTGTTACTCATTGTT
,AGTGGTTAT
,ATAATATGA
,ATGTTGGTG
,ATTATAATAATATTA
,ATTTTAGTG
,CAATGTAAC
,CAGATTTTA
,GTGGTGGAC
,GTTTTATAAC
,TAATAATAT
,TAATTTTAAT
,TATTAACAT
,TATTCGTATT
,TCTTGGTCA
,TGGATAGGT
,TTCACCAAG
,TTGTTTTAT
,TTTGTTTGAC
,TTTTAATTTT
,TTTTCTTTT
,TTTTGTTTG
,CAAACACAAAC
,TACTTTTCAT
,AGTATTATGA
,ATTATAATAATATTA
,CACTGTTTTT
,TAATTTTAAT
,TACTTTTCAT
,TGTAACTTTTCTGAA
,CAAACACAAAC
,TAATTTTAAT
,TACTTTTCAT
,TCCTACCATCCT
,AGTGGTTAT
,ATAATATGA
,ATGTTGGTG
,ATTATAATAATATTA
,ATTTTAGTG
,CAGATTTTA
,GTGGTGGAC
,GTTTTATAAC
,TAATAATAT
,TAATTTTAAT
,TATTAACAT
,TATTATTAAT
,TATTCGTATT
,TCTTGGTCA
,TGGATAGGT
,TTCACCAAG
,TTGTTACACATTGTT
,TTGTTTTAT
,TTTGTTTGAC
,TTTTAATTTT
,TTTTCTTTT
,TTTTGTTTG
,ATATAATATA
,ATTATAATAATATTA
,CACTGTTTTT
,TAATTTTAAT
,TACTTTTCAT
,TGTAACTTTTCTGAA
,TTATACTAGT
,AAAGTATCAT
,AAAGTTAAA
,AATGGTGTT
,ACCATACCA
,ACTCAAATA
,AGGCGTTTG
,AGGTTGTTT
,AGTGAGAGTGA
,ATGATGTCT
,ATGGTAATGGTA
,ATGGTAATGGT
,ATGGTGATG
,ATGTCACTGTA
,ATTATTAAT
,ATTGCCAAAA
,ATTTATTTA
,ATTTTTTGT
,CAACTCAAC
,CACGTGTGCAC
,CAGTTTAACT
,CCTACTTTTA
,CGGTATGGC
,CGTGTGCACT
,CTAACTCAATC
,CTCTTCTAC
,CTGACCAGTC
,GAGTTTGAG
,GATTCTCTTAG
,GCAATAATG
,GGCGTTTGG
,GGCTTTAAT
,GGTGTTGTTG
,GGTTTTGAT
,GTACTTTTTG
,GTATTGACATT
,GTATTTATG
,GTCAATGGT
,GTTATATTG
,GTTGTTGTTG
,GTTTTAATC
,TAATAATGT
,TAATGGTGTT
,TAATTCAAAA
,TACAATAACAT
,TACTTTTTG
,TAGGTGTTGTTG
,TAGTTTTGG
,TATGGTAAT
,TGAACCCAAGT
,TGAATAAGT
,TGCAGACGT
,TGGTAATGGT
,TGGTGTTGT
,TGTAATAATGT
,TGTCCCTGT
,TGTTGTTGT
,TGTTTCAAC
,TTAAATTTT
,TTAATTCAA
,TTATGTATT
,TTGATTTTAGTT
,TTGTATGTT
,TTTAAATTTTA
,TTTAAATTT
,TTTAAATTT
,TTTCTTATA
,TTTTAACAC
,TTTTGGTGG
,TTGTTACACATTGTT
,TAATTTTAAT
,CAATGAAAGTAAC
,CACTTTTCAC
,TAATTTTAAT
,TTTTAATTTT
,CAAACACAAAC
,TAATTTTAAT
,AGTATTATGA
,ATTATAATAATATTA
,CACTGTTTTT
,TAATTTTAAT
,TACTTTTCAT
,TGTAACTTTTCTGAA
,AGTATTATGA
,ATTATAATAATATTA
,CACTGTTTTT
,TAATTTTAAT
,TACTTTTCAT
,TGTAACTTTTCTGAA
,ATTATAATAATATTA
,TGTAACTTTTCT
,AATTTATATG
,ATGTTGGTG
,ATGTTGGTG
,GATGTTGTAG
,TAATAATTAT
,TTAAATGGTG
,TTGTTACACATTGTT
,CAAACACAAAC
,TAATTTTAAT
,TACTTTTCAT
,TCCTACCATCCT
,TGTAACTTTTCTGAA
,ATTATAATAATATTA
,TGTAACTTTTCTGAA
,CAAACACAAAC
,TAATTTTAAT
,TACTTTTCAT
,TCCTACCATCCT
,TGTAACTTTTCT
,ATAATTTTAA
,CACTGTTTTT
,TAATTTTAAT
,TACTTTTCAT
,TGTAACTTTTCTGAA
,TTATACTAGT
,CAAACACAAAC
,TAATGAAAGTAAT
,TAATTTTAAT
,TACTTTTCAT
,AACTTATAA
,AATCACTAA
,ATAATATTA
,ATGACAGTA
,ATGGTGGTC
,ATTATAATAATATTA
,CGACTCAGC
,CTATTAATA
,CTGCACAAG
,CTTGGTCTA
,GCGTATGCG
,TTAATAATT
,TTAATACTA
,TTGTTACACATTGTT
,TTTCACTTT
,ATAAAAATA
,ATCTGTCTA
,CATTCTTAC
,CCATGACAGTACC
,CTAAATTTAAATC
,GATTTTTGT
,TAACGCAAT
,TAACTCAAT
,TATTCGTAT
,TCTACATCT
,TGTAACTTC
,TTTCACTTT
,TTTGTTACGCATTGTTT
,TTTTCACTT
,TTTTGTTTT
,TTTTTAATG
,TTGTTACACATTGTT
,ATTATAATAATATTA
,TGTAACTTTTCTGAA
,AAAATTATC
,AAAGTTAAA
,AATGGTGTT
,AATTATCAT
,ACCATACCA
,ACTCAAATA
,AGGCGTTTG
,AGGTTGTTT
,AGTGAGAGTGA
,ATGGTAATGGTA
,ATGGTAATGGT
,ATGGTGATG
,ATGTCACTGTA
,ATGTTTATA
,ATTATTAAT
,ATTGCCAAAA
,ATTTATTTA
,ATTTTTTGT
,CAACTCAAC
,CACGTGTGCAC
,CCTACTTTTA
,CGGTATGGC
,CGTGTGCACT
,CTAACTCAATC
,CTCTTCTAC
,CTGACCAGTC
,GAGTTTGAG
,GATTCTCTTAG
,GCAATAATG
,GGCGTTTGG
,GGCTTTAAT
,GGTGTTGTTG
,GTACTTTTTG
,GTATTGACATT
,GTATTTATG
,GTCAATGGT
,GTTATATTG
,GTTGTTGTTG
,GTTTTAATC
,TAATAATGT
,TAATGGTGTT
,TACAATAACAT
,TACTTTTTG
,TAGGTGTTGTTG
,TAGTCCTGAT
,TAGTTTTGG
,TATGGTAAT
,TGAACCCAAGT
,TGAATAAGT
,TGACAGTTTTG
,TGCAGACGT
,TGGTAATGGT
,TGGTGTTGT
,TGTAATAATGT
,TGTCCCTGT
,TGTTGTTGT
,TGTTTCAAC
,TTAAATTTT
,TTACAACATT
,TTATGTATT
,TTGATTTTAGTT
,TTGGATCATTTT
,TTGTATGTT
,TTTAAATTTTA
,TTTAAATTT
,TTTAAATTT
,TTTCTTATA
,TTTTAACAC
,TTTTAATTT
,TTTTGGTGG
,CAAACACAAAC
,TAATTTTAAT
,TTTTAATTTT
,AATTTATATG
,ATGTCATGGT
,GATGTTGTAG
,TTGTTACACATTGTT
,AACTTTCAA
,AAGTAATGCT
,AATATTAATA
,AATGAGTAA
,ACAAGATTTAGAACA
,ACATATTGT
,ACTACTTTA
,ACTATATCA
,AGAAGATAT
,AGTAGTTTT
,ATATGTATA
,ATGGTGTTT
,ATTATAATT
,ATTCTACTAA
,CACTGTTTTT
,CAGGTGGAC
,CTAACACTA
,GAATTTAAG
,GTAATTCTG
,GTTAACTAA
,GTTAACTAA
,GTTGTTGTTG
,TAAACAAAT
,TAACAACTT
,TAACGCAAT
,TAACTCAAT
,TAATATTAT
,TAATTCATT
,TAATTTTAAT
,TAATTTTAG
,TATAACAAC
,TATTATTAT
,TATTTTTAT
,TATTTTTAT
,TATTTTTAT
,TCAGCAGTTT
,TCAGTAATTC
,TGAAAAATC
,TGTAACTTT
,TGTATTTTA
,TGTTGAGTA
,TGTTGGTGTT
,TGTTGTTGT
,TGTTTTTGT
,TTCTACTAAA
,TTGTCTGTT
,TTGTGATAA
,TTTACTAATT
,TTTACTAAT
,TTTATAATTT
,TTTCACTTT
,TTTCTCTTT
,TTTGTGATA
,TTTTTGTGG
,ATTCAAACTTA
,CAAACACAAAC
,TAATTTTAAT
,TTTTAATTTT
,ATTATAATAATATTA
,CTAAATTTAAATC
,TGTAACTTTTCT
,CAAACACAAAC
,TAATTTTAAT
,TTTTAATTTT
,AACTTTCAA
,AATGAGTAA
,AATGGTGAT
,ACATATTGT
,ACTATATCA
,ACTTTGTTAA
,AGAAGATAT
,AGTACTTTT
,AGTGGTCAT
,ATATGTATA
,ATCCGTATT
,ATGTAACAA
,ATTATAATAATATTA
,ATTATAATT
,ATTATAATT
,CAATATAAC
,CACTGTTTTT
,CAGGTGGAC
,CATTACTGC
,GAATTTAAG
,GGTGAATTA
,GTATGGATAA
,GTTGTTGTTG
,TAATAGTTTT
,TAATTTTAAT
,TAATTTTAGT
,TACTTTTCAT
,TATTATTAT
,TATTCTTCTA
,TATTTTTAT
,TATTTTTAT
,TATTTTTAT
,TGAAAAATC
,TGTATTTTA
,TGTTGTTGT
,TGTTTTTGT
,TTATAATTCA
,TTATAATTCA
,TTCTTTCTT
,TTGTCAGTTT
,TTGTCTGTT
,TTGTGATAA
,TTTACTAAT
,TTTATAATT
,TTTATCGTG
,TTTCTCTTT
,TTTGTGATA
,TTTTAGTGA
,TTTTAGTGGT
,TTTTTGTGG
,ATTATAATAATATTA
,TTGTTACACATTGTT
,CACTGTTTTT
,TGTAACTTTTCTGAA
,TTATACTAGT
,AGAGTGAGA
,CAAACACAAAC
,CAATTTAAC
,GTGAGAGTG
,TAATTTTAAT
,TTTTAATTTT
,ACTTTAACCAATTTCA
,ATAATATTA
,ATTATAATAATATTA
,ATTATAATATTA
,ATTATAATA
,CACTGTTTTT
,TAATCAAAGT
,TAATTTTAAT
,TATTCGTATT
,TGTAACTTTTCT
,TTAAATGGTG
,TTGTTGTTCATCG
,AAATTGTTT
,AATGAGTAA
,ACCATACCA
,ACGTAATGCA
,ACTACATCA
,ACTTATATTA
,AGAACCAAGA
,AGAAGATAT
,AGTAGTTTT
,ATAATATTA
,ATAATATTA
,ATATGTATA
,ATGGTAATT
,ATGTAACAA
,ATTATAATAATATTA
,ATTATAATATTA
,ATTATAATA
,ATTATTTAG
,ATTCGCATT
,ATTCTGCTA
,ATTTATTATTTA
,CAATTTTGTA
,CACAATTAT
,CACTGTTTTT
,CAGGTGGAC
,GAAGTTATT
,GAATTTAAG
,GACATTACAG
,GGTAAATTA
,GGTGGTAAA
,GGTTATAAT
,GTAAATTAG
,GTAAATTATA
,GTCAATGGT
,GTTGTTGTTG
,TAACAACTT
,TAACACAACT
,TAATAATTAT
,TAATATTAT
,TAATGGTAAT
,TAATTTTAAT
,TAATTTTAA
,TAATTTTAG
,TACTAATTA
,TATAATAAT
,TATAATATTA
,TATGGATAA
,TATTCATTT
,TATTCTTCTA
,TATTTTTAT
,TGATTATAAT
,TGATTATAA
,TGTAACTTT
,TGTTGGTCA
,TGTTGTTGT
,TTAAATGGTG
,TTATTGAAGAAC
,TTTACTAATT
,TTTATAATTT
,TTTCAGATGG
,TTTCTCTTT
,TGTAACTTTTCTGAA
,ACATTGTTACA
,TTGTTACACATTGTT
,ATAAAAATA
,ATCTGTCTA
,CATTCTTAC
,CCATGACAGTACC
,CTAAATTTAAATC
,GATTTTTGT
,TAACGCAAT
,TAACTCAAT
,TATTCGTAT
,TCTACATCT
,TGTAACTTC
,TGTAAGGGT
,TTTCACTTT
,TTTGTTACGCATTGTTT
,TTTTCACTT
,TTTTGTTTT
,TTGTTACACATTGTT
,CTAAATTTAAATC
,TTTGTTACGCATTGTTT
,ACTATTATCA
,GTGTATCTTA
,TAGACCACCAGAT
,TTCTTTTCTT
,TTGTTACGCATTGTT
,TTGTTACACATTGTT
,CAAACACAAAC
,TAATTTTAAT
,TCCTACCATCCT
,AAACTAATAAT
,TGTAACTTTTC
,TAATTTTAAT
,AACAGTTTCA
,AACTTATAA
,AACTTTCAA
,AAGATGTTA
,AAGGTTAAC
,AATCACTAA
,AATGAGTAA
,AATTTAATA
,AATTTCATT
,ACAAAAACA
,ACGCCATAC
,ACTACATCA
,ATAATATTA
,ATATGTATA
,ATATTCAAA
,ATGACAGTA
,ATGGTGGTC
,ATTATAATAATATTA
,CATAATTTTG
,CGACTCAGC
,CTATTAATA
,CTGCACAAG
,CTTGGTCTA
,GATCATAATT
,GGTGGTAAA
,GTGCTCGTG
,GTTAAGCAG
,GTTGTTGTTG
,TAATTCACT
,TAATTTTAAT
,TATTCTTCTA
,TATTTTTAT
,TGCGACAACA
,TGGTTTTAA
,TGTAAGTTT
,TGTTAATGT
,TGTTGTTGT
,TTAAATGGTG
,TTAATAATT
,TTAATACTA
,TTATAATTT
,TTATTGTCT
,TTCAGACCA
,TTGTTACACATTGTT
,TTTGTATGAC
,TTTTAATTTT
,TTTTGAATG
,TTGTTACACATTGTT
,TTGTTACACATTGTT
,AGTATTATGA
,CAATATAAC
,CAGGTGGAC
,GAATTTAAG
,GTGGTGGTG
,TAATGAAAGTAAT
,TAATTTTAAT
,TAATTTTAA
,TACTTTTCAT
,TGTATTTTA
,TTAATAATT
,TTTCACTTT
,TAATTTTAAT
,ATGTTGGTG
,ATGTTGGTG
,TTGTTACACATTGTT
,AACTTTTCAA
,TAATTTTAAT
,TTGTTACTCATTGTT
,CAAACACAAAC
,TAATTTTAAT
,TTTTAATTTT
,CAAACACAAAC
,TAATTTTAAT
,TACTTTTCAT
,TCCTACCATCCT
,TTGTTACACATTGTT
,TTGTTACACATTGTT
,TTGTTACACATTGTT
,ATATTGGTTATA
,ATTATAATAATATTA
,TTTGTTACACATTGTTT
,TAATTTTAAT
,CAAACACAAAC
,TAATTTTAAT
,TTTTAATTTT
,CAAACACAAAC
,TAATTTTAAT
,TTTTAATTTT
,AATGGTGAT
,ATTATAATAATATTA
,CAATATAAC
,CAGGTGGAC
,CATTCTTAC
,GAATTTAAG
,GTGGTGGTG
,TAACGCAAT
,TAATTTTAA
,TCCTACCATCCT
,TGTATTTTA
,TGTTTTTGT
,TTAAGCACGAATT
,TTTCACTTT
,CAAACACAAAC
,TAATTTTAAT
,TACTTTTCAT
,ATAATATTA
,ATTATAATAATATTA
,ATTATAATATTA
,ATTATAATA
,GTGTTAATA
,GTGTTAATA
,TGTAACTTTTCTGAA
,AATTTATATG
,GATGTTGTAG
,TTGTTACACATTGTT
,TTGTTACACATTGTT
,ATTCAAACTTA
,CAAACACAAAC
,TAATTTTAAT
,TTTTAATTTT
,TTGTTACACATTGTT
,TAATTTTAAT
,TCAAACACAAACT
,TTTTAATTTT
,CAAACACAAAC
,TAATTTTAAT
,TACTTTTCAT
,CAAACACAAAC
,TAATTTTAAT
,TACTTTTCAT
,TCCTACCATCCT
,ATTATAATAATATTA
,GTTACACATTG
,TAATTTTAAT
,TAGTGGTGAT
,TCAAACACAAACT
,TCTTCACTTCT
,TTAACCAATT
,TTATGCGTATT
,TTTGTTGTTT
,TTTGTTACTCATTGTTT
,ATTATAATAATATTA
,CACTGTTTTT
,GTATTTTAGT
,TAATTTTAAT
,TACTTTTCAT
,TGTAACTTTTCT
,AACTTTCAA
,AATAGTGTT
,AATGAGTAA
,AATTTTAGT
,ACATATTGT
,ACGTAATGCA
,ACTAAGAGT
,ACTAGATCA
,ACTATATCA
,AGAAGATAT
,ATAATATTA
,ATAATTTTA
,ATATGTATA
,ATGTAACAA
,ATTATAATAATATTA
,ATTATAATT
,ATTCCCTTA
,CAACACAAC
,CAGCAGTTT
,CAGGTGGAC
,CATTACTGC
,CCCTTAGTA
,CCGATAGCC
,CTTTGTTAAA
,GAATTTAAG
,GGTGGTAAA
,GTAATTCTG
,GTTGTTGTTG
,TAACAACTT
,TAACTCAAT
,TAATTTTAAT
,TAATTTTAA
,TAATTTTAG
,TAATTTTGA
,TACTTTTCAT
,TATTATTAT
,TATTTTTAT
,TATTTTTAT
,TATTTTTAT
,TGAAAAATC
,TGATTATAAT
,TGATTATAAT
,TGGTGTAGT
,TGTAACTTT
,TGTCAGTTT
,TGTTGGTGTT
,TGTTGTTGT
,TTAAATGGTG
,TTCTACTAAA
,TTGTCTGTT
,TTGTGATAA
,TTTACTAATT
,TTTATAATTT
,TTTATCGTG
,TTTCTCTTT
,TTTGATGTT
,TTTTAGTGGT
,TTTTTGTGG
,TAATTTTAAT
,TTGTTACACATTGTT
,TTGTTACACATTGTT
,AGGTGGTGT
,ATATTAATC
,GTATCTATG
,TCAAGAACT
,TGTTTTTGT
,AATCAAACTAA
,GTTACCCATTG
,CAAACACAAAC
,TAATTTTAAT
,TACTTTTCAT
,TCCTACCATCCT
,CAAACACAAAC
,TAATTTTAAT
,TACTTTTCAT
,TCCTACCATCCT
,ATTATAATAATATTA
,TTGTTACACATTGTT
,ACATTGTTACA
,TTGTTACACATTGTT
,CAAACACAAAC
,TAATTTTAAT
,TACTTTTCAT
,TAATTTTAAT
,TCAAACACAAACT
,CAAACACAAAC
,CCGATAGCC
,GTGGTGGTG
,TAATTTTAAT
,TACTTTTCAT
,TTTCACTTT
,TAATCATACTAAT
,TTGTCACGCACTGTT
,CAAACACAAAC
,TACTTTTCAT
,AATTCTCTTAA
,ACAACTCAACA
,TAAAGGTGTTT
,TTATGCGTATT
,TTGTTACACATTGTT
,CAAACACAAAC
,TAATTTTAAT
,TACTTTTCAT
,TCCTACCATCCT
,ATTATAATAATATTA
,ATTCTACTAA
,GTATGGATAA
,GTGGTTTTAA
,GTTGTTGTTG
,TAATTTTAAT
,TATTTTTAT
,TATTTTTAT
,TATTTTTAT
,TCAGTAATTC
,TGGTGGTTTT
,TGTTGGTGTT
,TTACAACATT
,TTATAATTCA
,TTATAATTTT
,TTATACTAGT
,TTATTTTATT
,TTCTACTAAA
,TTTATTAATA
,TTTGTTGTTT
,TAATTTTAAT
,TTGTTACACATTGTT
,GATGTTGTAG
,TCTGGTAACTG
,CAAACACAAAC
,GTAATGAAAGTAATG
,TAATTTTAAT
,TACTTTTCAT
,TCCTACCATCCT
,ATTATAATAATATTA
,CACTGTTTTT
,TAATTTTAAT
,TACTTTTCAT
,TGTAACTTTTCTGAA
,TTATACTAGT
,AAACAACAACAAA
,ATTAAATGGT
,TAATAATTCT
,TAATTTTAAT
,TATTCGTATTG
,TCTGTATATTT
,TTAAATGGTG
,TTATGTGTATT
,TTTTAATTTT
,TTTTACAGAT
,TAATTTTAAT
,ATTCAAACTTA
,CAAACACAAAC
,TAATTTTAAT
,TTTTAATTTT
,ATTCAAACTTA
,CAAACACAAAC
,TTTTTAATTTTT
,TTTGTTACACATTGTTT
,AATATTAATA
,TATTCGTATT
,TGGAACTGGT
,TGGTAATTGT
,TTTGGTATGC
,AACTTATAA
,AATCACTAA
,ATAATATTA
,ATGACAGTA
,ATGGTGGTC
,ATTATAATAATATTA
,CGACTCAGC
,CTATTAATA
,CTGCACAAG
,CTTGGTCTA
,GCGTATGCG
,TTAATAATT
,TTAATACTA
,TTAATATTT
,TTGTTACACATTGTT
,TTTCACTTT
,CAAACACAAAC
,TAATTTTAAT
,TACTTTTCAT
,TCCTACCATCCT
,AATGAAAGTAA
,TAATTTTAAT
,TTTTAATTTT
,CAAACACAAAC
,TAATTTTAAT
,TACTTTTCAT
,TCCTACCATCCT
,AGTGGTTAT
,ATAATATGA
,ATGTTGGTG
,ATTATAATAATATTA
,ATTTTAGTG
,CAGATTTTA
,GTGGTGGAC
,GTTTTATAAC
,TAATAATAT
,TAATTTTAAT
,TATTAACAT
,TATTATTAAT
,TATTCGTATT
,TCTTGGTCA
,TGGATAGGT
,TTCACCAAG
,TTGTTACACATTGTT
,TTGTTTTAT
,TTTGTTTGAC
,TTTTAATTTT
,TTTTCTTTT
,TTTTGTTTG
,TTGTTACACATTGTT
,TAATCATACTAAT
,TGTAACTTTTCT
,TAATTTTAAT
,TAATTTTAAT
,CAAACACAAAC
,TAATTTTAAT
,TACTTTTCAT
,TCCTACCATCCT
,TAATTTTAAT
,AGTATTATGA
,ATCTGTCTA
,ATTATAATAATATTA
,CAATATAAC
,CACTGTTTTT
,CAGGTGGAC
,CATTCTTAC
,CCGATAGCC
,GAATTTAAG
,GATTTTATC
,GTGGTGGTG
,TAATTTTAAT
,TAATTTTAA
,TACTTTTCAT
,TGTATTTTA
,TGTTTTTGT
,TTAACAACC
,TTTCACTTT
,TTTTAGTGA
,TTGTTACACATTGTT
,AACTGTCAA
,AATGAGTAA
,ACATATTGT
,ACTATATCA
,ACTTATATTA
,ACTTTGTTAA
,AGAAGATAT
,AGTATTATGA
,ATATGTATA
,ATGTAACAA
,ATTATAATAATATTA
,ATTATAATT
,CAATATAAC
,CACAATTAT
,CACTGTTTTT
,CAGGTGGAC
,CATTACTGC
,CATTCTTAC
,CCGATAGCC
,CGTTAACTAA
,GAAGATGTT
,GAATTTAAG
,GGTTATAAT
,GTAAATTATA
,GTAGAAGATG
,GTATGGATAA
,GTGGTGGTG
,GTTGTTGTTG
,TAATTTTAAT
,TAATTTTAA
,TAATTTTAGT
,TAATTTTGA
,TACTTTTCAT
,TATTCTTCTA
,TATTTTTAT
,TCAGTAATTC
,TGAAAAATC
,TGTATTTTA
,TGTTGGTCA
,TGTTGGTGTT
,TGTTGTTGT
,TTATACTAGT
,TTCTGCAGA
,TTGTCAGTTT
,TTGTCTGTT
,TTGTGATAA
,TTTACTAAT
,TTTACTAAT
,TTTATAATTT
,TTTCACTTT
,TTTCTCTTT
,TTTGTGATA
,TTTTAGACCA
,TTTTAGTGA
,TTTTAGTGGT
,TTGTTACACATTGTT
,TTGTTACACATTGTT
,CCATGACAGTACC
,CTAAATTTAAATC
,GATTTTTGT
,TGTTTTTAG
,TTTGTTACGCATTGTTT
,TTGTTACACATTGTT
,ATTCAAACTTA
,CAAACACAAAC
,TAATTTTAAT
,TTTTAATTTT
,AGTTTTAAT
,ATATAATATA
,ATTATAATAATATTA
,CAATATAAC
,CACTGTTTTT
,CAGGTGGAC
,CATTCTTAC
,CCGATAGCC
,GAATTTAAG
,GTGGTGGTG
,TAATTTTAAT
,TACTTTTCAT
,TGTAACTTTTCTGAA
,TGTATTTTA
,TGTTTTTGT
,TTATACTAGT
,TTGGTGTTA
,TTTCACTTT
,TTTTAGTGA
,TTGTTACACATTGTT
,TAATTTTAAT
,AACTTATAA
,AACTTTCAA
,AAGGTTAAC
,AATCACTAA
,AATGAGTAA
,ACGCCATAC
,ACTACATCA
,ACTTCTTTTG
,ATAATATTA
,ATATGTATA
,ATATTCAAA
,ATATTTGTG
,ATGACAGTA
,ATGGTGGTC
,ATTATAATAATATTA
,ATTATAATT
,CATAATTTTG
,CGACTCAGC
,CTATTAATA
,CTGCACAAG
,CTTGGTCTA
,GATTATAAT
,GCGTATGCG
,GGTGGTAAA
,GGTGTTGTGG
,GGTGTTTAT
,GGTGTTTAT
,GTAATTTTAG
,GTGCTCGTG
,GTTAAGCAG
,GTTGTTGTTG
,TAATTCACT
,TAATTTTAAT
,TAATTTTGA
,TACAAACAT
,TATTCTTCTA
,TATTTTTAT
,TGCGACAACA
,TGGATTACC
,TGGTTTTAA
,TGTTGTTGT
,TTAAATGGTG
,TTAATAATT
,TTAATACTA
,TTAATATTT
,TTATAATTT
,TTCAGACCA
,TTGTTACACATTGTT
,TTTAATTTT
,TTTATAATTT
,TTTCACTTT
,TTTCTCTTT
,TTTTAATTTT
,TTTTGAATG
,AAACTGGTT
,AATGTGTCT
,AATTCATTT
,AATTTATATG
,AATTTTTAA
,ACCAATTTT
,ACCATACCA
,ACCTGATGG
,ACTAATAAT
,ACTACATCA
,ACTTATATTA
,AGACGCAGA
,AGTAGTTTT
,ATATGTATA
,ATGTTGGTG
,ATTCTTCTA
,CAACACAAC
,CATTCTTAC
,CTTCTTATA
,GAAGATGTT
,GAAGATGTT
,GATGTTGTAG
,GATTATAAT
,GCAGTAGTT
,GTAGTTTTAG
,GTCAATGGT
,GTGAAACTA
,GTGCTCGTG
,GTGGTGGAC
,GTTGTTGTTG
,GTTTTATTC
,TAATTTTAAT
,TAGTTTTAG
,TATATGTAT
,TATTATTAC
,TATTTTTAT
,TCTTTGAATT
,TGTATTTAAT
,TGTTGGTCA
,TGTTGTTGT
,TTAAATGGTG
,TTATCGTGA
,TTCTACTAA
,TTCTGTCTT
,TTGACAGTT
,TTTAATTTT
,TTTATCGTG
,TTTGTATAAC
,TTTGTTACACATTGTTT
,TTTTAATTTT
,TTTTATTTT
,AGTGGTAAAT
,CCCTTAACAG
,TTGTTACACATTGTT
,AGTATTATGA
,ATTATAATAATATTA
,CACTGTTTTT
,TAATTTTAAT
,TACTTTTCAT
,TGTAACTTTTCTGAA
,TGTATTTTAA
,TGTAACTTTTCT
,TTGTTACACATTGTT
,AACTTATAA
,AATCACTAA
,ATAATATTA
,ATGGTGGTC
,ATTATAATAATATTA
,CGACTCAGC
,CTATTAATA
,CTGCACAAG
,CTTGGTCTA
,GCGTATGCG
,TTAATAATT
,TTAATACTA
,TTGTTACACATTGTT
,TTTCACTTT
,AAGTAATGC
,AATGGTGAT
,AGTATTATGA
,ATTATAATAATATTA
,CACTGTTTTT
,CAGGTGGAC
,GAATTTAAG
,GTGACAATT
,GTGGTGGTG
,TAATCATACTAAT
,TAATTTTAAT
,TAATTTTAA
,TACTAATCAT
,TACTTTTCAT
,TGTAACTTTTCTGAA
,TGTATTTTAA
,TGTATTTTA
,TTCATACTT
,TTGTTTTTA
,TTTCACTTT
,TTTTAGTGA
,AATGGTGAT
,ATTATAATAATATTA
,CAATATAAC
,CAGGTGGAC
,CATTCTTAC
,GAATTTAAG
,GTGGTGGTG
,TAACGCAAT
,TAATTTTAA
,TCCTACCATCCT
,TGTATTTTA
,TGTTTTTGT
,TTAAGCACGAATT
,TTTCACTTT
,TTGTTACACATTGTT
,ATTATAATAATATTA
,AAAATTAAT
,AAACTGGTT
,AACTTTCAA
,AAGTTTTGAA
,AATGAGTAA
,AATTCTCTTAA
,ACATATTGT
,ACTATATCA
,ACTTATACT
,AGAAGATAT
,AGGATGTTA
,AGTTTTAATTT
,ATAATAATA
,ATATAATATA
,ATATAATGGT
,ATATGTATA
,ATCGCTTCA
,ATTATAATAATATTA
,ATTATAATT
,ATTGTTTTG
,ATTTATTGT
,CAAACACAAAC
,CAAACTATT
,CACAATTAT
,CAGTGTTTG
,CATTACTGC
,CCACCTATCCACC
,CTAAATTTAAATC
,CTATTAATA
,CTTGTGGTT
,CTTTTTAAT
,GAATTTAAG
,GTAATTCTG
,GTAGAAGATG
,GTAGGTGTT
,GTAGTTTTA
,GTATGGATAA
,GTCAATGGT
,GTGATGACA
,GTTGGTGTT
,GTTGTTGTTG
,GTTTTAGAC
,TAATTTTAAT
,TACTTTTCAT
,TAGGTATGGAT
,TATCCATGACA
,TATTATTAT
,TATTCGTATT
,TATTTTTAT
,TATTTTTAT
,TATTTTTAT
,TCAGTAATTC
,TGGTAATATA
,TGTAAAGGTG
,TGTATTTTAA
,TGTTGTTGT
,TTAACAATT
,TTATAATAATA
,TTATAATTTTA
,TTCTACTAAT
,TTCTACTAA
,TTTATAATTT
,TTTCTCTTT
,TTTGTTACACATTGTTT
,TTTTAATTTT
,TTTTAATTT
,TTTTAGTGGT
,TTTTTAATT
,ATTCAAACTTA
,CAAACACAAAC
,TAATTTTAAT
,TTTTAATTTT
,ATATAATGGT
,ATTATAATAATATTA
,TAACACAACT
,TAATTTTAAT
,TGTATTTTAA
,AGTGGTAAAT
,ATTATAATAATATTA
,GGAATTTAAGG
,GTTACACATTG
,TAATTTTAAT
,TAGTGGTGAT
,TCAAACACAAACT
,TCTTCACTTCT
,TTAACCAATT
,TTATGCGTATT
,TTTGTTGTTT
,ATTATAATAATATTA
,CACTGTTTTT
,TAATTTTAAT
,TACTTTTCAT
,TCATTATAAT
,TAATTTTAAT
,TTGTTACACATTGTT
,AATGGTGAT
,CAACACAAC
,CAATATAAC
,CAGGTGGAC
,CATTCTTAC
,GAATTTAAG
,GTGGTGGTG
,TGTAACTTTTCT
,TGTATTTTA
,TGTTTTTGT
,TTAATTTTA
,TTTACTTTT
,TTTTAGTGA
,TTTGTTACACATTGTTT
,AATCACACACTAA
,ATAATATTA
,ATATAATCA
,ATTGTCACTGTTA
,ATTTTAATG
,ATTTTGGTAA
,CTGTTAATA
,GTAATTTTA
,GTAATTTTT
,GTTATATTG
,TATTGTAGT
,TATTTTTAT
,TGTGTGTGT
,TGTTGGTATT
,TTAATTTTAATT
,TTAGGTGGT
,TTATAATAATATT
,TTATAATATT
,TTTATAATA
,TTTTAATTTT
,CAAACACAAAC
,TAATTTTAAT
,TACTTTTCAT
,TCCTACCATCCT
,ATTATAATAATATTA
,TTGTTACACATTGTT
,TTGTTACACATTGTT
,TTGTTACACATTGTT
,TTGTTACACATTGTT
,ATTCAAACTTA
,CAAACACAAAC
,TAATTTTAAT
,TTTTAATTTT
,TTGTTACACATTGTT
,ACTTTAACC
,AGATGTAGA
,ATAAAAGTG
,ATTACCAAAG
,CATTCTTAC
,GCAGATGGTG
,TAAATGGTG
,TAATTTTAAT
,TACAAACAT
,TATTCGTATT
,TATTCTTAT
,TATTGTTGT
,TGATTTAGT
,TGGATAGGT
,TTGTATTTG
,TTGTTACTCATTGTT
,TTTCACTTT
,TTTCATTAT
,TTTTAATTTT
,AAAATTAAT
,AACTTTCAA
,AAGGATGTT
,AAGTTTTGAA
,AATATTAGT
,AATGAGTAA
,AATTCTCTTAA
,ACATATTGT
,ACTATATCA
,ACTTTAACCAATTTCA
,AGAACCAAGA
,AGAAGATAT
,AGCCACCGA
,AGTAGTTTT
,ATAATATTA
,ATAATATTA
,ATATGTATA
,ATGTAACAA
,ATTATAATAATATTA
,ATTATAATT
,ATTATATTCAA
,ATTTGGTTG
,ATTTTAAAT
,CAAACACAAAC
,CAGCAGTTT
,CAGGTGGAC
,CATTACTGC
,GAAGATTTT
,GAAGTTATT
,GAATTTAAG
,GATTATAAT
,GGTGGTAAA
,GTAATTCTG
,GTAGAAGATG
,GTATGGATAA
,GTTGTTGTTG
,TAACAACTT
,TAATATTAT
,TAATCAAAGT
,TAATTTTAAT
,TAATTTTAA
,TAATTTTAG
,TAATTTTAG
,TACTAATCAT
,TAGGTATGGAT
,TAGTAGTTT
,TATAATATTA
,TATTATTAT
,TATTCGTATT
,TATTTTTAT
,TATTTTTAT
,TATTTTTAT
,TCAGTAATTC
,TCTCAGATGGT
,TGAGTTGAGT
,TGATTATAAT
,TGGTTGATTT
,TGTCAATTC
,TGTTGGTGTT
,TGTTGTTGT
,TTAAATGGTG
,TTAAATTTT
,TTATAATATT
,TTATAATTTTA
,TTATCGTGAGA
,TTTAAATTT
,TTTAATTTA
,TTTATAATTT
,TTTCACTTT
,TTTCATTAT
,TTTCTCTTT
,TTTTAATTTT
,TTTTAATTT
,ACGTAATGCA
,ATAATATTA
,ATAATATTA
,ATTATAATAATATTA
,ATTATAATATTA
,ATTATAATA
,CACTGTTTTT
,TAATAATTAT
,TAATGGTAAT
,TAATTTTAAT
,TATAATATTA
,TATTCGTATT
,TGTAACTTTTCT
,TTGTTACACATTGTT
,ATTATAATAATATTA
,TTGTTACACATTGTT
,ATTATAATAATATTA
,TGTAACTTTTCTGAA
,CATACCATAC
,TAATTTTAAT
,TTTTAATTTT
,CAAACACAAAC
,TAATTTTAAT
,TTTTAATTTT
,ATCACACTA
,CAAACACAAAC
,GTGGTGGTG
,TAATTTTAAT
,TACTTTTCAT
,TTTCACTTT
,TTGTTACACATTGTT
,ATTATAATAATATTA
,TGTATTATGT
,AACTTATAA
,AATCACTAA
,ATAATATTA
,ATGACAGTA
,ATGGTGGTC
,ATTATAATAATATTA
,CGACTCAGC
,CTATTAATA
,CTGCACAAG
,CTTGGTCTA
,GCGTATGCG
,TTAATAATT
,TTAATACTA
,TTGTTACACATTGTT
,TTTCACTTT
,TTTTGAATG
,AAAGTTGTTT
,AACTTGTTG
,AATATTAATA
,AATGAGTAA
,AATGGTGTAG
,AATTTTTAA
,ACAACATTAC
,ACATATTTGT
,ACATTGTAAG
,ACCACATAA
,ACCATACCA
,ACTATATCA
,AGTAGTTTT
,AGTTATCTA
,ATAATAATA
,ATATGTATA
,ATCATTCTT
,ATCTGTCTA
,ATGATAATA
,ATGGTCTTA
,ATTCTTATC
,ATTCTTCTA
,ATTGAAGAT
,CAGGTATGA
,CATTCCTTAC
,CATTCTTAC
,CTCGGTAGT
,CTTACGTTAC
,GTTGTTGTTG
,GTTGTTTCA
,TAACGCAAT
,TAACTCAAT
,TAATTTCAGT
,TAATTTTAAT
,TAGTAATAG
,TATAATAGT
,TATGAGAGAT
,TATGGATAA
,TATTCGTAT
,TATTCTTAT
,TCACTAACG
,TCAGATGGA
,TCTACATCT
,TGGTAATGGT
,TGTAACTTAT
,TGTAACTTC
,TGTAAGGGT
,TGTAAGTTT
,TGTTGTTGT
,TGTTTTCAC
,TTATAATTT
,TTCACAATT
,TTGCTCGTT
,TTGGACAAA
,TTGTCTGTT
,TTTAGACCA
,TTTGTGATA
,TTTTATTAC
,TTTTGTTTT
,TTTTTAATG
,TTTTTATAG
,TTGTTACACATTGTT
,CAAACACAAAC
,TAATTTTAAT
,TACTTTTCAT
,TCCTACCATCCT
,CAAACACAAAC
,TAATTTTAAT
,TACTTTTCAT
,TCCTACCATCCT
,CAAACACAAAC
,TAATTTTAAT
,TACTTTTCAT
,CAAACACAAAC
,TAATTTTAAT
,TACTTTTCAT
,CAAACACAAAC
,TAATTTTAAT
,TACTTTTCAT
,ACAAGATAAT
,ACTATTTCTT
,ACTTATATTA
,CATATGTAAC
,GGACAACCAACAGG
,GTTGTTGTTG
,TTTCTTCTTT
,TTTGTTGTTT
,CAAACACAAAC
,TAATTTTAAT
,TTTTAATTTT
,TAATTTTAAT
,AAGTTTTGAA
,ACTTTAACCAATTTCA
,ATAATATTA
,ATAATATTA
,ATTATAATAATATTA
,ATTATAATATTA
,ATTATAATA
,CACTGTTTTT
,TAATCAAAGT
,TAATTTTAAT
,TATAATATTA
,TGTAACTTTTCT
,TTAAATGGTG
,TAATTTTAAT
,TCATTTTTACT
,GTAATAATG
,TGTTGTTGT
,TTAATAATT
,TTCTTTCTT
,TTGTAATTT
,TTTTAATGTT
,AACTGTCAA
,AAGGTGTTTA
,AATGAGTAA
,ACAATGTAA
,ACATATTGT
,ACTAATAAC
,ACTAGATCA
,ACTATATCA
,AGAAGATAT
,AGTGTTTGT
,ATAATAATA
,ATAATATTA
,ATATGTATA
,ATCGCTTCA
,ATGTAACAA
,ATTATAATAATATTA
,ATTATTAAC
,ATTGTTTTG
,ATTTATTGT
,CAAGAGAAC
,CAATGTAAT
,CACAATTAT
,CATTACTGC
,CATTCTTAC
,CGTTAACTAA
,CTTTGTTAAA
,GAATTTAAG
,GTAATTCTG
,GTAGGTGTT
,GTATGGATAA
,GTTGTTGTTG
,TAATTTTAAT
,TAATTTTAG
,TATAATAATA
,TATATGTAT
,TATTCAAACTTAT
,TATTCTTCTA
,TATTTTTAT
,TATTTTTAT
,TATTTTTAT
,TCAAACACAAACT
,TGAAAAATC
,TGATTATAAT
,TGATTATAA
,TGTAACTTC
,TGTTGGTGG
,TGTTGTTGT
,TTAACAATT
,TTATAATGA
,TTGTGATAA
,TTGTTGGTG
,TTTACTAAT
,TTTATAATTT
,TTTATTATTA
,TTTGTGATA
,TTTGTTACACATTGTTT
,TTTTAGACCA
,TTTTAGTGGT
,TTTTTGTGG
,GCGTATGCG
,TACAAACAT
,TTAATAATT
,TTAATATTT
,TTGTTACACATTGTT
,ACTTTATTTCA
,TAATGAAAGTAAT
,TTGTTACACATTGTT
,ATAATATTAA
,ATTATAATAATATTA
,TAATTTTAAT
,TAGACCACCAGAT
,TTCTTTTCTT
,TTGTTACGCATTGTT
,TTTTAATTTT
,CATACTATTC
,GTAATTTTA
,GTAATTTTA
,GTGGACCCAT
,TAATTTTAAT
,TATTCGTATT
,TTTGTTACACATTGTTT
,TTTGTTGTTT
,ATTATAATAATATTA
,CCACCGAGCCACC
,CTAAATTTAAATC
,TTTGTTACACATTGTTT
,ACATTGTTACA
,ATAATATGAC
,AAAATTAAT
,AACTTTCAA
,AAGGATGTT
,AAGTTTTGAA
,AATATTAGT
,AATGAGTAA
,AATTAAAAAA
,ACATATTGT
,ACTATATCA
,AGAACCAAGA
,AGAAGATAT
,AGCCACCGA
,AGTAGTTTT
,AGTATTATGA
,ATAATATTA
,ATTATAATAATATTA
,ATTATAATT
,ATTCGTATT
,ATTCTGGTA
,CAATATAAC
,CACTGTTTTT
,CAGCAGTTT
,CAGGTGGAC
,CATTACTGC
,CCGCCAGTT
,CCTTATTAC
,CGTTAACTAA
,CTGGTAATA
,GAAGTTATT
,GAATTTAAG
,GACCGCCAA
,GGTGGTAAA
,GTACTTTAGT
,GTAGAAGATG
,GTATGGATAA
,GTGAAAGTG
,GTGCGACAA
,GTGGTGGTG
,GTTGTTGTTG
,GTTTTAGACG
,GTTTTAGAC
,TAACAACTT
,TAATTTTAAT
,TAATTTTAA
,TAATTTTAG
,TAATTTTAG
,TACTTTTCAT
,TATTATTAT
,TATTCGTATT
,TATTCTTCT
,TATTTTTAT
,TATTTTTAT
,TATTTTTAT
,TGATTATAAT
,TGATTATAAT
,TGATTATAA
,TGTTGGTCA
,TGTTGTTGT
,TTAAAAAATT
,TTAAATGGTG
,TTATAATTCA
,TTATACTAGT
,TTATTACGG
,TTTAATTTA
,TTTAATTTA
,TTTACTAAT
,TTTACTAAT
,TTTATAATTT
,TTTCACTTT
,TTTTAATTTT
,TTTTAATTT
,TTTTAGACCA
,TTTTAGACC
,CAAACACAAAC
,TAATTTTAAT
,TACTTTTCAT
,TCCTACCATCCT
,AAACGCAAA
,AAAGATGTT
,AAATGGACA
,AAATTATGA
,AAATTATTT
,AAGACCAGAA
,AAGGTGGAA
,AATTGTTGT
,AATTTAAAT
,ACATTATTTT
,ACATTCGTAT
,ACCATACCA
,ACCCATTAT
,ACTTATTTA
,AGGTATGGA
,AGTGGTGAT
,AGTTTTTGA
,ATCTATTAA
,ATTGCGTTA
,CAGGAGGAC
,CATTATTAC
,CCAGTTAGT
,CGACATTATT
,CTATTTTTA
,GAAGTTAAT
,GATGGTGATT
,GGTGTGTAT
,GTAAATTTA
,GTGATCATT
,GTGGTTTTA
,GTGTAGTAA
,GTTATAGTA
,GTTATAGTA
,GTTGTACTT
,GTTGTTGTTG
,GTTTATTAA
,TAAATGTTA
,TAAATGTTA
,TAAGAATTTT
,TAATTTTAAT
,TAGTGGTAA
,TAGTGGTGAT
,TATCCTTAT
,TATTCCTATT
,TATTTTTAT
,TATTTTTAT
,TATTTTTAT
,TCATGTACT
,TGATAATAGT
,TGCAGTGGT
,TGGTTTTGGT
,TGTCACTGT
,TGTTGTTGTT
,TGTTGTTGT
,TGTTGTTGT
,TGTTTTAAA
,TGTTTTAAA
,TTAACAATT
,TTAAGTAGT
,TTAATTTTG
,TTATTAATC
,TTATTTATT
,TTGTAAAGGT
,TTTAAATGGT
,TTTAATAAA
,TTTAATTTT
,TTTAGACCG
,TTTATTAAA
,TTTCACTTT
,TTTGATTCA
,TTTTAATAA
,TTTTAATTTT
,TTTTGGTGTA
,TTTTGTTACACATTGTTTT
,TTGTTACACATTGTT
,ATTCAAACTTA
,CAAACACAAAC
,TAATTTTAAT
,TTTTAATTTT
,TAATTTTAAT
,TATTCGTATT
,TCATTGTTTT
,TTTGTTACTCATTGTTT
,TTTTAATTTT
,ATTCAAACTTA
,CAAACACAAAC
,TAATTTTAAT
,TTTTAATTTT
,ATGTTGGTG
,ATGTTGGTG
,TTGTTACACATTGTT
,ATTCAAACTTA
,CAAACACAAAC
,TAATTTTAAT
,TTTTAATTTT
,CAAACACAAAC
,TAATTTTAAT
,TACTTTTCAT
,TCCTACCATCCT
,AATGAAAGTAA
,TAATTTTAAT
,TTTTAATTTT
,TAATTTTAAT
,AAACAACAACAAA
,ATTAAATGGT
,CATTTTGGTTTTAC
,TAATAATTCT
,TAATTTTAAT
,TATTCGTATTG
,TCTGTATATTT
,TTAAATGGTG
,TTATGTGTATT
,TTTTAATTTT
,TTTTACAGAT
,TAATTTTAAT
,AAATGGACA
,AGTTTTTGA
,ATTGCGTTA
,CAGGAGGAC
,GTAAATTTA
,GTTGTACTT
,TAATTTTAAT
,TAGTGGTAA
,TAGTGGTGAT
,TCATGTACT
,TGATAATAGT
,TGGTTTTGGT
,TGTTGTTGT
,TGTTTTAAA
,TTAACAATT
,TTTAATAAA
,TTTCACTTT
,TTTTAATAA
,TTTTAATTTT
,TTTTGGTGTA
,TTTTGTTACACATTGTTTT
,TTGTTACACATTGTT
,CAAACACAAAC
,TACTTTTCAT
,CAAACACAAAC
,TAATTTTAAT
,TACTTTTCAT
,ACATTGTTACA
,ACGGTTGGCA
,ATTTTGTTTTA
,TAATAATAAT
,TTATTTTATT
,TTGTTACACATTGTT
,TTTATTGGAG
,AAAATGGTG
,AAATAATTT
,AATATAACT
,AATTCATAA
,AATTTGCTA
,ACAATATGG
,AGAAAAATC
,AGATTTTAA
,AGTAATTAA
,AGTATTTCT
,AGTTTAAAT
,ATAACTTAT
,ATAATATTA
,ATACACTTT
,ATGGTAATC
,ATTGTGTGA
,ATTTGCTAC
,ATTTTTACATTTTTA
,ATTTTTATT
,CAATATAAC
,CATTGTTAC
,GATGATGTAGTAG
,GCTTTGTTG
,GGACCCAGG
,GGATTTAGG
,GGTTTGTAT
,GTCAATATA
,GTGGTTTTA
,TAAACTCAT
,TAGGTTTGT
,TATAATATT
,TCAAGAACT
,TGACAGTCC
,TGGAAAAGA
,TGGTAATAT
,TGGTTCTCTTGGT
,TGGTTTTAA
,TGTTAAAAT
,TTAAAGGTG
,TTATTCTGC
,TTTAAAAAT
,TTTAATTTC
,TTTAGACCT
,TTTTAATTT
,TTTTAATTT
,TTTTATTTT
,TTTTTGTGG
,AAAATTAAT
,AACCCCCAA
,AACTTTCAA
,AAGGTTAAC
,AAGTTTTGAA
,AATCACTAA
,AATGAGTAA
,ACTACATCA
,ACTTAATGT
,ACTTTGTTAA
,AGCCACCGA
,AGTAATGCAC
,AGTAGTTTT
,AGTATTATGA
,ATAATATTA
,ATACCCATA
,ATATGTATA
,ATGGTAATC
,ATTATAATAATATTA
,ATTATAATT
,ATTCCCTTA
,ATTCTGGTA
,CAATATAAC
,CACTGTTTTT
,CAGCAGTTT
,CAGGTGGAC
,CATTACTGC
,CCTTATTAC
,CGACTCAGC
,CTATTAATA
,CTGGTAATA
,CTTAGTAAT
,CTTGGTCTA
,GAATTTAAG
,GATTATAAT
,GCAGTAGTT
,GGTGGTAAA
,GTACTTTAGT
,GTAGAAGATG
,GTATGGATAA
,GTGCGACAA
,GTGGTGGTG
,GTTGTTGTTG
,GTTTTGAATG
,TAACAACTT
,TAATTTTAAT
,TAATTTTAA
,TAATTTTAG
,TACTTTTCAT
,TATTATTAT
,TATTCGTATT
,TATTCTTCTA
,TATTTTTAT
,TATTTTTAT
,TATTTTTAT
,TCAATGTGTT
,TGTAACTTTTCT
,TGTTGGTGTT
,TGTTGTTGT
,TTAAATGGT
,TTATAATTT
,TTATTACGGC
,TTCTCTTCTCTT
,TTGTCTGTT
,TTGTGATAA
,TTTACATCA
,TTTACTAAT
,TTTACTAAT
,TTTATAATTTAA
,TTTCACTTT
,TTTGTATAA
,TTTGTGATA
,TTTTAATTTT
,TTTTAATTT
,CAAACACAAAC
,TAATTTTAAT
,TACTTTTCAT
,TCCTACCATCCT
,AGTTGTGTTGA
,ATTATAATAATATTA
,GTAAATGTTTC
,TTGGTTTGGTT
,TTGTTACACATTGTT
,GTTCTCTTG
,TGTTTTTGT
,TTAACAATT
,TTTACATTT
,TTGTTACACATTGTT
,TTGTTACACATTGTT
,TTGTTACACATTGTT
,ATTATAATAATATTA
,GGAATTTAAGG
,GTTACACATTG
,TAATTTTAAT
,TAGTGGTGAT
,TCAAACACAAACT
,TCTTCACTTCT
,TTAACCAATT
,TTATGCGTATT
,TTTGTTGTTT
,CAAACACAAAC
,TAATTTTAAT
,TCCTACCATCCT
,AATTCTCTTAA
,ATTATAATAATATTA
,GGAATTTAAGG
,GGTATGTATGG
,TAGGTATGGAT
,TCTTCACTTCT
,TTATCGTGAGA
,TTATGCGTATT
,TGCATCTACGT
,TTGTTACACATTGTT
,AAAATTAAAA
,ATTAAAATTA
,CCACCTCCACC
,GTTTGTGTTTG
,TAAGTTTGAAT
,TTGTTACACATTGTT
,AAGGTGTTTA
,AATTATAGTA
,ACTTTGTTAA
,AGTATTATGA
,ATTATAATAATATTA
,ATTATAATT
,ATTATAATT
,ATTCTACTAA
,ATTCTACTAA
,CACTGTTTTT
,CGTTAACTAA
,GTATGGATAA
,GTTGTTGTTG
,TAATTTTAAT
,TAATTTTAGT
,TACTTTTCAT
,TATAATTTTA
,TATTTTTAT
,TATTTTTAT
,TATTTTTAT
,TCAGTAATTC
,TCTCTCTTCT
,TGTTGGTGTT
,TTCTACTAAA
,TTGTCAGTTT
,TTTACTAAT
,TTTACTAAT
,TTTTAGTGGT
,ATTCAAACTTA
,CAAACACAAAC
,TAATTTTAAT
,TTTTAATTTT
,CAAACACAAAC
,TAATTTTAAT
,TTTTAATTTT
,AAAATTAAT
,AACCCCCAA
,AACTTTCAA
,AAGGTTAAC
,AAGTTTTGAA
,AATCACTAA
,AATGAGTAA
,ACTACATCA
,ACTTAATGT
,ACTTTGTTAA
,AGCCACCGA
,AGTAATGCAC
,AGTAGTTTT
,AGTATTATGA
,ATAATATTA
,ATACCCATA
,ATATGTATA
,ATGGTAATC
,ATTATAATAATATTA
,ATTATAATT
,ATTCCCTTA
,ATTCTGGTA
,CAATATAAC
,CACTGTTTTT
,CAGCAGTTT
,CAGGTGGAC
,CATTACTGC
,CCTTATTAC
,CGACTCAGC
,CTATTAATA
,CTGGTAATA
,CTTAGTAAT
,CTTGGTCTA
,GAATTTAAG
,GATTATAAT
,GCAGTAGTT
,GGTGGTAAA
,GTACTTTAGT
,GTAGAAGATG
,GTATGGATAA
,GTGCGACAA
,GTGGTGGTG
,GTTGTTGTTG
,GTTTTGAATG
,TAACAACTT
,TAATTTTAAT
,TAATTTTAA
,TAATTTTAG
,TACTTTTCAT
,TATTATTAT
,TATTCGTATT
,TATTCTTCTA
,TATTTTTAT
,TATTTTTAT
,TATTTTTAT
,TCAATGTGTT
,TGTAACTTTTCT
,TGTTGGTGTT
,TGTTGTTGT
,TTAAATGGT
,TTATAATTT
,TTATTACGGC
,TTCTCTTCTCTT
,TTGTCTGTT
,TTGTGATAA
,TTTACATCA
,TTTACTAAT
,TTTACTAAT
,TTTATAATTTAA
,TTTCACTTT
,TTTGTATAA
,TTTGTGATA
,TTTTAATTTT
,TTTTAATTT
,AATGTTGGTGG
,TAATGAAAGTAAT
,ATTATAATAATATTA
,GGAATTTAAGG
,GTTACACATTG
,TAATTTTAAT
,TAGTGGTGAT
,TCAAACACAAACT
,TCTTCACTTCT
,TTAACCAATT
,TTATGCGTATT
,TTTGTTGTTT
,TAATTTTAAT
,ATAAAAATA
,ATCTGTCTA
,CATTCTTAC
,CCATGACAGTACC
,CTAAATTTAAATC
,GATTTTTGT
,TAACGCAAT
,TAACTCAAT
,TATTCGTAT
,TCTACATCT
,TGTAACTTC
,TTTCACTTT
,TTTGTTACGCATTGTTT
,TTTTCACTT
,TTTTGTTTT
,AACTTATAA
,ATAATATTA
,ATGACAGTA
,ATGGTGGTC
,ATTATAATAATATTA
,CGACTCAGC
,CTATTAATA
,CTTGGTCTA
,GCGTATGCG
,TTAATAATT
,TTAATACTA
,TTAATATTT
,TTGTTACACATTGTT
,TTTCACTTT
,CAAACACAAAC
,TAATTTTAAT
,TACTTTTCAT
,ATAAAAATA
,ATCTGTCTA
,CATTCTTAC
,CCATGACAGTACC
,CTAAATTTAAATC
,GATTTTTGT
,TAACGCAAT
,TAACTCAAT
,TATTCGTAT
,TCTACATCT
,TGTAACTTC
,TTTCACTTT
,TTTGTTACGCATTGTTT
,TTTTCACTT
,TTTTGTTTT
,TTTTTAATG
,ATTATAATAATATTA
,TTAACAATT
,TTAACAATT
,TTAACAATT
,TTGTTACACATTGTT
,TAATTGTGTTAAT
,TTTGTTACACATTGTTT
,AAATGGACA
,AGTTTTTGA
,ATTGCGTTA
,CAGGAGGAC
,CCTTAGGTT
,GAGTGGATT
,GGATTTAGG
,GTAAATTTA
,GTTTATTAAAC
,TAAATTTAAAT
,TAATTTTAAT
,TACTTTCAT
,TAGTGGTAA
,TAGTGGTGAT
,TCATGTACT
,TGATAATAGT
,TGGTTTTGGT
,TGTTGTTGT
,TGTTTCAAACTTTGT
,TGTTTTAAT
,TTAACAATT
,TTGTTTTTGTT
,TTTTAATTTT
,TTTTGGTGTA
,TTTTGTTACACATTGTTTT
,TTTTTCTTTTT
,TTGTTACACATTGTT
,CAAACACAAAC
,TAATTTTAAT
,TACTTTTCAT
,TCCTACCATCCT
,CAAACACAAAC
,TAATTTTAAT
,TACTTTTCAT
,ATAATATTAA
,ATTATAATAATATTA
,TAATTTTAAT
,TAGACCACCAGAT
,TTCTTTTCTT
,TTGTTACGCATTGTT
,TTTTAATTTT
,CAAACACAAAC
,TAATTTTAAT
,AATATTAAT
,ATAAAAATA
,ATCTGTCTA
,CCATGACAGTACC
,CTAAATTTAAATC
,GATTTTTGT
,TAACTCAAT
,TATTCGTAT
,TCTACATCT
,TCTTGGTCA
,TGTAACTTC
,TTTCACTTT
,TTTGTTACGCATTGTTT
,TTTTCACTT
,TTTTGTTTT
,TTTTTAATG
,ATAATATGAC
,ATAATATGA
,ATGTTGGTG
,ATTAGATTA
,ATTATAATAATATTA
,ATTTTAGTG
,CAGATTTTA
,GTGGTGGAC
,GTTTTATAAC
,GTTTTATTA
,TAATAATAT
,TAATTTTAAT
,TATTAACAT
,TATTATTAAT
,TATTCGTATT
,TCTTGGTCAA
,TGGATAGGT
,TTCACCAAG
,TTGTTACACATTGTT
,TTGTTTTAT
,TTTAATTTT
,TTTGTTTGAC
,TTTTAATTTT
,TTTTCTTTT
,TTTTGTTTG
,TTGTTACACATTGTT
,AAGTAATGC
,AATGGTGAT
,AGGCAAGAT
,AGTATTATGA
,ATTATAATAATATTA
,ATTTGGTGT
,CACTGTTTTT
,CAGGTGGAC
,GAATTTAAG
,GTGGTGGTG
,TAATTTTAAT
,TAATTTTAA
,TGTAACTTTTCTGAA
,TGTATTTTAA
,TGTATTTTA
,TGTTTTTGT
,TTCATACTT
,TTTCACTTT
,TTTTAGTGA
,CAAACACAAAC
,TAATTTTAAT
,TACTTTTCAT
,CAAACACAAAC
,TAATTTTAAT
,TACTTTTCAT
,ATAATATGAC
,ATTATAATAATATTA
,GTTCACCAAG
,TAATGAAAGTAAT
,TAATTTTAAT
,TACATTTTAA
,TATTCGTATT
,TTGTTACACATTGTT
,TTTGTTGTTT
,GCGTATGCG
,TACAAACAT
,TTAATAATT
,TTAATATTT
,TTGTTACACATTGTT
,AACTTTCAA
,AAGGTGTTTA
,AATGAGTAA
,ACATATTGT
,ACTACTTTA
,ACTATATCA
,ACTTCAGCAG
,ACTTTGTTAA
,AGAAGATAT
,AGTACTTTT
,ATATGTATA
,ATGTAACAA
,ATTATAATAATATTA
,ATTATAATT
,ATTCTACTAA
,ATTCTGCCA
,CAATATAAC
,CACTGTTTTT
,CAGGTGGAC
,CATTACTGC
,CATTCTTAC
,CGTTAACTAA
,GAAGATATT
,GAATTTAAG
,GGTGAATTA
,GTATGGATAA
,GTGGTGGTG
,GTTGTTGTTG
,TAACAACTT
,TAATTTTAAT
,TAATTTTAGT
,TATGGGTCT
,TATTATTAT
,TATTTTTAT
,TATTTTTAT
,TATTTTTAT
,TCAGTAATTC
,TCTATATCT
,TGAAAAATC
,TGTATTTTA
,TGTTGGTGTT
,TTCTACTAAA
,TTGTCTGTT
,TTGTGATAA
,TTTATAATTT
,TTTCTCTTT
,TTTGTGATA
,TTTTAGTGA
,TTTTAGTGGT
,TTTTTGTGG
,AAATGGTGAT
,ATTATAATAATATTA
,CATTCGTATT
,TACTTTTCAT
,TATTCATACTTAT
,TTACTTTTCA
,TTTGTTACACATTGTTT
,TAATTTTAAT
,ATCACACTA
,CAAACACAAAC
,GTGGTGGTG
,TAATTTTAAT
,TACTTTTCAT
,TTTCACTTT
,CAAACACAAAC
,TAATTTTAAT
,TACTTTTCAT
,TTGTTACACATTGTT
,TAATTTTAAT
,ATTATAATATTA
,TAATCATACTAAT
,CAAACACAAAC
,TAATTTTAAT
,TTTTAATTTT
,CAAACACAAAC
,TAATTTTAAT
,TACTTTTCAT
,TCCTACCATCCT
,TAATTTTAAT
,CAAACACAAAC
,TAATTTTAAT
,TCCTACCATCCT
,CCTATAAATATCC
,ACAACTCAACA
,ATCATACTA
,CAGGTGGAC
,CGATGGTAGC
,GCTATATCG
,GTTTTATTC
,TACTAATCAT
,TTGTAGATGTT
,CAAACACAAAC
,TAATTTTAAT
,TACTTTTCAT
,AGTATTATGA
,ATTATAATAATATTA
,CACTGTTTTT
,TAATTTTAAT
,TACTTTTCAT
,AACTTATAA
,AATCACTAA
,ATAATATTA
,ATGACAGTA
,ATGGTGGTC
,ATTATAATAATATTA
,CGACTCAGC
,CTATTAATA
,CTGCACAAG
,CTTGGTCTA
,GCGTATGCG
,TTAATAATT
,TTAATACTA
,TTGTTACACATTGTT
,TTTCACTTT
,CAAACACAAAC
,TAATTTTAAT
,TACTTTTCAT
,CAAACACAAAC
,TAATTTTAAT
,TACTTTTCAT
,TCCTACCATCCT
,TTTGTTACACATTGTTT
,ATTATAATAATATTA
,CTAAATTTAAATC
,TATTCAAACTTAT
,TCAAACACAAACT
,TTTGTTACACATTGTTT
,AAAAGAACT
,AAACTGGTT
,AAGTGCTAT
,AAGTTGTTT
,AATCACTAA
,AATTCATTT
,AATTTATATG
,ACCATACCA
,ACTACATCA
,ACTTATATTA
,AGTGTTTGT
,ATATGTATA
,ATGTTGGTG
,ATTTTGTACAGC
,CAACACAAC
,CTTCTTATA
,GATGTTGTAG
,GATTATAAT
,GGTGGTAAA
,GTAGTTTTAG
,GTCAATACTA
,GTCAATGGT
,GTGAAAGTA
,GTGCTCGTG
,GTGGTGGAC
,GTGTTTGTA
,GTTGTTGTTG
,GTTTCATTA
,TAATTATTT
,TAATTTTAAT
,TAGTTTTAG
,TATATGTAT
,TATTTTTAT
,TCTGTTAAT
,TGGTTTTAA
,TGTAAAGGT
,TGTATTTAAT
,TGTTGGTCA
,TGTTGTTGT
,TTAAATGGTG
,TTAACTGTTACA
,TTATAGAGAA
,TTATCGTGA
,TTATTGAAG
,TTCTGTCTT
,TTGACAGTT
,TTGTTACACATTGTT
,TTGTTTTCAC
,TTTAATTTT
,TTTATCGTG
,TTTGACCAGTTT
,TTTTAATTTT
,TTTTATTTT
,CAAACACAAAC
,TAATTTTAAT
,TACTTTTCAT
,TCCTACCATCCT
,CAGGTGGTGGAC
,CAAACACAAAC
,TAATTTTAAT
,TACTTTTCAT
,TCCTACCATCCT
,TTGTTACACATTGTT
,AAACTCTTAA
,AACCTGATGG
,ACTTATATTA
,ATTAAATGGT
,GATAATAATT
,GTAGAAGATG
,GTTGTTGTTG
,TAATAATTCT
,TAATTTTAAT
,TATCGTGAGA
,TTAAATGGTG
,TTTTAATTTT
,TTTTAATTTT
,TTTTAATTTT
,TTTTACAGAT
,ATAATATGAC
,TGAAAAAAGT
,TTGTTACACATTGTT
,CAAACACAAAC
,TAATTTTAAT
,TACTTTTCAT
,GGTCAACTGG
,TAATAATTAT
,TAATTTTAAT
,TTGTGTTCAC
,CAAACACAAAC
,TAATTTTAAT
,TACTTTTCAT
,AAGGTGTTTA
,ACTTTGTTAA
,ATTATAATAATATTA
,ATTATAATT
,ATTATAATT
,ATTCTACTAA
,CACTGTTTTT
,CGTTAACTAA
,GTAGGCCAAG
,GTATGGATAA
,GTTGTTGTTG
,TAATTTTAAT
,TACTTTTCAT
,TATTTTTAT
,TATTTTTAT
,TATTTTTAT
,TCAGTAATTC
,TGTAACTTTTCTGAA
,TTATACTAGT
,TTCTACTAAA
,TTGTCAGTTT
,TTTTAGTGGT
,ATTATAATAATATTA
,TGTAACTTTTCT
,TTGTTACTCATTGTT
,TTGTTACACATTGTT
,CAAACACAAAC
,TAATTTTAAT
,TTTTAATTTT
,TTGTTACACATTGTT
,TTGTTACACATTGTT
,TTGTTACACATTGTT
,AACTTATAA
,AATCACTAA
,ATAATATTA
,ATGACAGTA
,ATGGTGGTC
,ATTATAATAATATTA
,CGACTCAGC
,CTATTAATA
,CTGCACAAG
,CTTGGTCTA
,GCGTATGCG
,TTAATAATT
,TTAATACTA
,TTAATATTT
,TTGTTACACATTGTT
,TTTCACTTT
,CAAACACAAAC
,TAATTTTAAT
,TCCTACCATCCT
,AACTGTCAA
,AATGAGTAA
,ACATATTGT
,ACGTAATGCA
,ACTATATCA
,ACTTATATTA
,AGAACCAAGA
,AGAAGATAT
,AGCAGTTTTA
,AGTAGTTTT
,ATAATATTA
,ATAATATTA
,ATATGTATA
,ATGGTAATT
,ATGGTAATT
,ATGTAACAA
,ATTATAATAATATTA
,ATTATAATATTA
,ATTATAATA
,ATTATTTAG
,ATTTATTATTTA
,CACAATTAT
,CACTGTTTTT
,CAGGTGGAC
,CATTACTGC
,CTCTCTTCTCTC
,GAAGTTATT
,GAATTTAAG
,GGTAAATTA
,GGTGGTAAA
,GGTTATAAT
,GTAAATTATA
,GTAATTCTG
,GTAGAAGATG
,GTATGGATAA
,GTCAATGGT
,GTTGTTGTTG
,GTTTTAGAC
,TAACAACTT
,TAATAATTAT
,TAATATTAT
,TAATGGTAAT
,TAATTTTAAT
,TAATTTTAA
,TAATTTTAG
,TACTAATTA
,TATAATAAT
,TATAATATTA
,TATTCTTCTA
,TATTTTTAT
,TCAGTAATTC
,TGATTATAAT
,TGTAACTTT
,TGTTGGTCA
,TGTTGTTGT
,TTAAATGGTG
,TTTAACTAA
,TTTACTAATT
,TTTATAATTT
,TTTCAAGGT
,TTTCTCTTT
,ACTTCAATGT
,ATCGTTTGGT
,CTTTACTTTT
,GATGTTGTAG
,GTAATTAATG
,TACTTTTCAT
,CAAACACAAAC
,TAATTTTAAT
,TACTTTTCAT
,TCCTACCATCCT
,ATTATAATAATATTA
,TGTAACTTTTCTGAA
,AAAAGAACT
,AAATGGTGAT
,AATTCTGGT
,ACCACACCA
,ACCATACCA
,ACTATATCA
,ACTTTTTCA
,ATAATATTA
,ATAATTTTA
,ATATGTATA
,ATGAAAGTA
,ATGTTATTT
,ATTATAATAATATTA
,ATTGTTTTA
,ATTTGTTTT
,CAATATAAC
,CAATGTAAC
,CATCACTAC
,CATTCGTATT
,CCATACCACA
,CGTTCTGTT
,CTATTAATA
,CTTAGTAAT
,GGTGGTAAA
,GTAATTTTA
,GTGGTCTAC
,GTGTAGTAA
,GTTAAAAAA
,GTTGTTGTTG
,GTTTTATTG
,TAAATGGTG
,TAATTTTAAT
,TATCGTGGT
,TATGTATGG
,TATTCTTCT
,TATTTTTAT
,TGAAAAATA
,TGTTGGTCA
,TGTTGTTGT
,TTAATAATT
,TTATGGTTG
,TTCAGACCT
,TTCAGTTTCA
,TTGTTTTAT
,TTTACTTTTT
,TTTATAATTT
,TTTATATTT
,TTTCTCTTT
,TTTGGGTTT
,TTTGTTACACATTGTTT
,TTTTAATAT
,TTTTAATTTT
,TTTTAGTGGT
,TAATTTTAAT
,AGTATTATGA
,ATTATAATAATATTA
,CACTGTTTTT
,CAGGTGGAC
,CATTCTTAC
,CCGATAGCC
,GAATTTAAG
,GATTTTATC
,GTGGTGGTG
,TAACGCAAT
,TAATTTTAAT
,TAATTTTAA
,TACTTTTCAT
,TGCTGCTAC
,TGTATTTTA
,TGTTTTTGT
,TTAACAACC
,TTTCACTTT
,TTTTAGTGA
,ATTATAATAATATTA
,TTGTTACACATTGTT
,CAAACACAAAC
,TAATTTTAAT
,TACTTTTCAT
,TCCTACCATCCT
,CAAACACAAAC
,TAATTTTAAT
,TACTTTTCAT
,TCCTACCATCCT
,AAGGTGTTTA
,ACTTTGTTAA
,AGGATCTTAT
,ATATAATATA
,ATTATAATAATATTA
,ATTATAATT
,ATTATAATT
,CACTGTTTTT
,CGTTAACTAA
,GTAAATTATA
,GTATGGATAA
,GTTGTTGTTG
,TAATTTTAAT
,TAATTTTAGT
,TACTTTTCAT
,TATTCTTCTA
,TATTTTTAT
,TATTTTTAT
,TATTTTTAT
,TCAGTAATTC
,TGTAACTTTTCTGAA
,TGTTGGTGTT
,TTGTCAGTTT
,TTTATAATTT
,TTTTAGTGGT
,CAAACACAAAC
,TACTTTTCAT
,AATGAGTAA
,AATTTTAGTG
,ACTATATCA
,AGCACACGA
,AGTAGTTTT
,AGTTTCAGA
,ATAATATGAC
,ATAATATGA
,ATATGTATA
,ATGAACCAC
,ATGGTGGTTT
,ATGTTGGTG
,ATTAGATTA
,ATTATAATAATATTA
,ATTATAATT
,ATTATAATT
,ATTTTAGTG
,CAGATTTTA
,CAGCAGTTT
,CATTACTGC
,GAAACTGGTT
,GAAGATGTT
,GGTGAATTA
,GTAGAAGATG
,GTAGGTGTT
,GTTCACCAAG
,GTTCTACTA
,GTTGTTGTTG
,GTTTTATTA
,GTTTTTACT
,TAATAATAT
,TAATAGTTTT
,TAATTCTCT
,TAATTTTAAT
,TAGGTTGGAT
,TATACTGGT
,TATTCGTATT
,TATTTTTAT
,TATTTTTTAT
,TCTTGGTCA
,TGAAAAATC
,TGGATAGGT
,TGTTGTTGT
,TTATCGTGA
,TTCTACTAT
,TTGAGTAGT
,TTGTTACACATTGTT
,TTGTTTGAC
,TTTACATTT
,TTTGTATAA
,TTTGTTGTTT
,TTTTAGCAGT
,TTGTTACACATTGTT
,ATAATTTTT
,CCATGACAGTACC
,TTTTTAATA
,AACTTGTTGTT
,AGGTGTAAG
,ATAATAATA
,ATATTTTGA
,ATCTGTCTA
,ATTCTACAT
,CATTCTTAC
,CCATGACAGTACC
,CTATTCTTATC
,GATAATAAT
,GGCCTGGTCCGG
,GTTACGCATTG
,GTTTTATAA
,TCTAACGAA
,TCTACATCT
,TGTAACTTC
,TTTCACTTT
,TTTTCACTT
,TTTTTAATG
,TAATTTTAAT
,TCTGTGTCT
,TTCATACTT
,TTTCACTTT
,GCGTATGCG
,GTTACCCATTG
,TGGTTTGGT
,AAACTGGTT
,AACTGTCAA
,AAGTTTTGAA
,AATCCACCA
,AATGAGTAA
,AATTCTCTTAA
,ACATATTGT
,ACTATATCA
,AGAACCAAGA
,AGAAGATAT
,AGCACATTA
,ATAATAATA
,ATATGTATA
,ATTATAATAATATTA
,ATTATAATAAT
,ATTATAATT
,ATTCTGGTA
,ATTGTTTTG
,ATTTATTGT
,ATTTTAATTTTA
,CAAACACAAAC
,CACAATTAT
,CATTACTGC
,CATTGTTTT
,CGTTAACTAA
,CTATTAATA
,CTATTCAAACTTATC
,CTCTCTTCTCTC
,CTGCTAGTT
,CTTGTGGTT
,GAAGTTATT
,GAATTTAAG
,GTAATTTTA
,GTAATTTTA
,GTAGAAGATG
,GTAGGTGTT
,GTATGGATAA
,GTTGGTGTT
,GTTGTTGTTG
,TAATTCTCT
,TAATTTTAATTT
,TAATTTTAAT
,TAATTTTAAT
,TAATTTTAG
,TAATTTTAG
,TACTTTTCAT
,TAGGTATGGAT
,TATAATAAT
,TATAATAAT
,TATTCTTAT
,TATTCTTCTA
,TATTTTTAT
,TATTTTTAT
,TATTTTTAT
,TCAGTAATTC
,TGATTATAA
,TGATTATAA
,TGTATTTTAAA
,TGTTGTTGT
,TTAACAATT
,TTACTTAATG
,TTATAATAATA
,TTATAATAAT
,TTATAATTTTA
,TTTAGTGGT
,TTTATAATTT
,TTTCTCTTT
,TTTGTTACACATTGTTT
,TTTTAATTT
,TTTTTAATT
,GTTACCCATTG
,CAAACACAAAC
,TAATTTTAAT
,TACTTTTCAT
,TCCTACCATCCT
,AGTGGTTAT
,ATAATATGAC
,ATAATATGA
,ATGTTGGTG
,ATTAGATTA
,ATTATAATAATATTA
,ATTTTAGTG
,CAGATTTTA
,GTGGTGGAC
,GTTTTATAAC
,GTTTTATTA
,TAATAATAT
,TAATTTTAAT
,TATTAACAT
,TATTATTAAT
,TATTCGTATT
,TCTTGGTCAA
,TGGATAGGT
,TTCACCAAG
,TTGTTACACATTGTT
,TTGTTTTAT
,TTTAATTTT
,TTTGTTTGAC
,TTTTAATTTT
,TTTTCTTTT
,TTTTGTTTG
,TAATTTTAAT
,AATATTAATA
,ATAAAAATA
,ATCTGTCTA
,ATTTAACAGT
,CATTCTTAC
,CCATGACAGTACC
,CTAAATTTAAATC
,GATTTTTGT
,TAACGCAAT
,TAACTCAAT
,TAATTTTAAT
,TATTCGTAT
,TCTACATCT
,TGTAACTTC
,TTTCACTTT
,TTTGTTACGCATTGTTT
,TTTTCACTT
,TTTTGTTTT
,TTTTTAATGG
,ATTATAATAATATTA
,GTTACACATTG
,TAATTTTAAT
,TAGTGGTGAT
,TCAAACACAAACT
,TCTTCACTTCT
,TTAACCAATT
,TTATGCGTATT
,TTTGTTGTTT
,AAGGTGTTTA
,ACGTTTACCA
,AGAATGGTGT
,ATTATAATAATATTA
,GTATGGATAA
,GTTGTTGTTG
,TAATTTTAAT
,TAGTGGTGAT
,TATTCTTCTA
,TATTTTTAT
,TATTTTTAT
,TATTTTTAT
,TCAGTAATTC
,TTAACCAATT
,TTATAATTTT
,TTTGTTGTTT
,ATTCAAACTTA
,CAAACACAAAC
,TAATTTTAAT
,TTTTAATTTT
,AAATAATTC
,AAATTGTTT
,AACTTGTTGTT
,AATTTTTAA
,ACATTTGTT
,ACCATACCA
,ACTATATCA
,AGGTGTAAG
,AGTAGTTTT
,ATACCGTTC
,ATATGTATA
,ATTACAATT
,ATTGTTTTA
,ATTTAAGTC
,CAAGGTGGT
,CATTCTTAC
,CCTACTTCT
,CCTGATAGTCC
,CCTGATAGT
,CTGGCGGTC
,CTTAACAATTC
,CTTCTACTA
,GATAATGAT
,GTGGTGGTG
,GTGTTCGTT
,GTTACACATTG
,GTTTTAAAA
,TAACTCAAT
,TACAAAGTT
,TAGTAATAG
,TATAATAGT
,TATTTTTAT
,TCACTAACG
,TGAAAAATC
,TGGTAATTG
,TGTTGAGTA
,TGTTGTTGT
,TGTTTACACAG
,TTAACAATT
,TTAACAATT
,TTACAATTT
,TTACAGAGA
,TTATGAGTATT
,TTCAGACCA
,TTCTCTCTT
,TTGTCTGTT
,TTGTTTTAT
,TTTCAGATGGA
,TTTGTGATA
,ATTATAATAATATTA
,TTGTTACACATTGTT
,CAAACACAAAC
,TAATTTTAAT
,TACTTTTCAT
,TCCTACCATCCT
,TTGTTACACATTGTT
,AATTCTCTTAA
,ACAATCTAACA
,ACTTATATTA
,ATTATAATAATATTA
,CAAACACAAAC
,CATCACAATT
,GACATTACAG
,GTTGTTGTTG
,TAATTTTAAT
,TCAGTTTCATT
,TCTCAGATGGT
,TGTTGGTCAG
,TTAACAATT
,TTAACAATT
,TTAACAATT
,TTAACCAATT
,TTAATTTGAC
,TTAGAACAGTT
,TTAGTAGTAA
,TTATAATTTT
,TTATCGTGAGA
,TTGTTACACATTGTT
,TTTATAATTT
,TTTATTGTTTA
,AAACCATTA
,AGCGCGGCG
,AGCGCGGGC
,AGTGCGTGA
,CGCGGGCGC
,CGGCGGGCG
,CGTGCGTGC
,GCGCGATTT
,GCGGCGGCG
,GCGTATGCG
,GGCGGCGCG
,GTGGTGTTT
,GTGTTTGTG
,TATGCGTAT
,TATGTGTAT
,TATTATTAT
,TGACCAAAA
,TGTGCGTGT
,CAAACACAAAC
,TAATTTTAAT
,TTTTAATTTT
,CAAACACAAAC
,TAATTTTAAT
,TACTTTTCAT
,CAAACACAAAC
,TAATTTTAAT
,TACTTTTCAT
,ATTATAATAATATTA
,CAGTGGTAAAT
,GGAATTTAAGG
,GTTACACATTG
,TAATTTTAAT
,TAGTGGTGAT
,TCAAACACAAACT
,TCTTCACTTCT
,TTAACCAATT
,TTATGCGTATT
,TTTGTTGTTT
,TTGTTACACATTGTT
,TAATTTTAAT
,TTGTTACACATTGTT
,ATCACACTA
,CAAACACAAAC
,GTGGTGGTG
,TAATTTTAAT
,TACTTTTCAT
,TTTCACTTT
,AATGGTGAT
,AGTATTATGA
,ATTATAATAATATTA
,CAATATAAC
,CAGGTGGAC
,CATTCTTAC
,GAATTTAAG
,GTGGTGGTG
,TAACGCAAT
,TAATCATACTAAT
,TAATTTTAAT
,TAATTTTAA
,TACTAATCAT
,TACTTTTCAT
,TGTAACTTTTCT
,TGTATTTTA
,TGTTTTTGT
,TTAACAACT
,TTAAGCACGAATT
,TTTCACTTT
,CAAACACAAAC
,TAATTTTAAT
,TACTTTTCAT
,AAATTTTAA
,AAGTAATTA
,AGGTGGTGT
,ATTATGGTA
,ATTCACTTA
,CATACTGTA
,CTTCTTTATA
,CTTTGGTGT
,TAATAATAAT
,TAGTTTTAA
,TATTGGTTAT
,TCAAAAACT
,TGGTTTGGT
,TGTTTTTGT
,TTATGGTATT
,TTGTGTGTT
,TTTAAATTT
,TTTAACATT
,TTTTGTTTT
,AATGGTGAT
,ATTATAATAATATTA
,CAATATAAC
,CATTCTTAC
,GAATTTAAG
,GTAGTGGTGATG
,GTGTTCTGT
,TGTAACTTC
,TGTATTTTA
,TGTGGGTGT
,TGTTTTTGT
,TTAACAATT
,TTCTGGTAT
,TTTGTTACACATTGTTT
,TTTTAGTGA
,TTTTATTTT
,AAAGTGAAA
,AATCACACACTAA
,ACAATTACA
,ATAATATTA
,ATATAATCA
,ATTTTAATG
,ATTTTGACTA
,ATTTTGGTAA
,GTAATTTTA
,GTAATTTTT
,GTTATATTG
,TAATAATCG
,TACATTAAC
,TATTGTAGT
,TATTTTTAT
,TGTGTGTGT
,TTAATAATC
,TTAATTTTAATT
,TTAGGTGGT
,TTATAATAATATT
,TTATAATATT
,TTTATAATA
,TTTTAATTTT
,CAAACACAAAC
,TAATTTTAAT
,TACTTTTCAT
,TCCTACCATCCT
,ATCACACTA
,CAAACACAAAC
,GTGGTGGTG
,TAATTTTAAT
,TACTTTTCAT
,TTTCACTTT
,AATGTTACT
,ATCTGTCTA
,CATTCTTAC
,CCATGACAGTACC
,CTAAATTTAAATC
,GATTTTTGT
,TAACGCAAT
,TAACTCAAT
,TATTCGTAT
,TCTACATCT
,TGTAACTTC
,TTTCACTTT
,TTTGTTACGCATTGTTT
,TTTTCACTT
,TTTTGTTTT
,TAATTTTAAT
,ATTATAATAATATTA
,TAATCATACTAAT
,TAATTTTAAT
,TACTAATCAT
,TACTTTTCAT
,TGTAACTTTTCTGAA
,TTAACCAATT
,AAGGTGTTTA
,AGTATTATGA
,ATTATAATAATATTA
,ATTATAATT
,ATTATAATT
,CACTGTTTTT
,CGTTAACTAA
,GTATGGATAA
,GTTGTTGTTG
,TAATTTTAAT
,TAATTTTAGT
,TACTTTTCAT
,TATTTTTAT
,TATTTTTAT
,TATTTTTAT
,TCAGTAATTC
,TGTATGGTTC
,TGTTGGTGTT
,TTCTACTAAA
,TTGTCAGTTT
,TTTACTAAT
,TTTACTAAT
,TTTATAATTT
,TTTTAGTGGT
,AAATTTATT
,AACTTTCAA
,AAGCAGTTT
,AAGGTGTTTA
,AATAATTTC
,AATGAGTAA
,ACATATTGT
,ACTACTTTA
,ACTATATCA
,ACTTTGTTAA
,AGGATCTTAT
,AGTATTATGA
,ATATGTATA
,ATGTAACAA
,ATTATAATAATATTA
,ATTATAATT
,ATTATAATT
,ATTGAAAAA
,ATTTCACAT
,CAATATAAC
,CACAATTAT
,CACTGTTTTT
,CAGGTGGAC
,CATTACTGC
,CATTCTTAC
,CCGATAGCC
,CGTTAACTAA
,GAATTTAAG
,GATAAGTGT
,GTATGGATAA
,GTGCAACAA
,GTGGTGGTG
,GTTGTTGTTG
,TAATTTTAAT
,TAATTTTAA
,TAATTTTAGT
,TAATTTTGA
,TACTTTTCAT
,TATAATTTTA
,TATTATTAT
,TATTTTTAT
,TATTTTTAT
,TATTTTTAT
,TCAGTAATTC
,TGAAAAATC
,TGTATTTTA
,TGTTGGTGTT
,TGTTGTTGT
,TTAATAATT
,TTATGAAAG
,TTCTACTAAA
,TTGTCAGTTT
,TTGTCTGTT
,TTGTGATAA
,TTGTGCAAC
,TTTACTAAT
,TTTACTAAT
,TTTCACTTT
,TTTGTGATA
,TTTTAGTGA
,TTTTAGTGGT
,TTTTTGTGG
,CAAACACAAAC
,CCGATAGCC
,GTGGTGGTG
,TAATTTTAAT
,TACTTTTCAT
,TTTCACTTT
,CAAACACAAAC
,TAATTTTAAT
,TTTTAATTTT
,TAATTTTAAT
,AGTGGTTAT
,ATAATATGAC
,ATAATATGA
,ATGTTGGTG
,ATTAGATTA
,ATTATAATAATATTA
,ATTTTAGTG
,CAGATTTTA
,GTGGTGGAC
,GTTTTATAAC
,GTTTTATTA
,TAATAATAT
,TAATTTTAAT
,TATTAACAT
,TATTATTAAT
,TATTCGTATT
,TCTTGGTCA
,TGGATAGGT
,TTCACCAAG
,TTGTTACACATTGTT
,TTGTTTTAT
,TTTAATTTT
,TTTGTTTGAC
,TTTTAATTTT
,TTTTCTTTT
,TTTTGTTTG
,ACAACTCAACA
,ATCATACTA
,CAGGTGGAC
,CGATGGTAGC
,GCTATATCG
,GTTTTATTC
,TACTAATCAT
,TTGTAGATGTT
,TTGTTACACATTGTT
,ATTATAATAATATTA
,GGAATTTAAGG
,GTTACACATTG
,TCTTCACTTCT
,TTATGCGTATT
,AAAATTAAAA
,ATTAAAATTA
,GTTTGTGTTTG
,TAAGTTTGAAT
,CAAACACAAAC
,TACTTTTCAT
,TAATTTTAAT
,CAAACACAAAC
,TAATTTTAAT
,TACTTTTCAT
,TCCTACCATCCT
,TTGTTACACATTGTT
,TTGTTACACATTGTT
,TTGTTACACATTGTT
,TTGTTACACATTGTT
,TTGTTACTCATTGTT
,AGTATTATGA
,ATTATAATAATATTA
,CACTGTTTTT
,CTAATTTTAA
,TAATTTTAAT
,TACTTTTCAT
,CAAACACAAAC
,TAATTTTAAT
,TACTTTTCAT
,TCCTACCATCCT
,TAATTTTAAT
,TAATTTTAAT
,CAAACACAAAC
,TAATTTTAAT
,TACTTTTCAT
,TCCTACCATCCT
,TAATTTTAAT
,TTGTTACACATTGTT
,ATCAAACTA
,TGTTGTTGT
,TTAATAATT
,TTGTAATTT
,TTTCACTTT
,TTGTTACACATTGTT
,AGTATTATGA
,ATATAATATA
,ATTATAATAATATTA
,CACTGTTTTT
,TAATTTTAAT
,TACTTTTCAT
,TGTAACTTTTCTGAA
,TTATACTAGT
,CAAACACAAAC
,TAATTTTAAT
,TACTTTTCAT
,TAGTGGTGAT
,AACTTATAA
,AAGGTTAAC
,AATCACTAA
,ACGCCATAC
,ACTACATCA
,AGTGTGTTT
,ATAATATTA
,ATATGTATA
,ATATTTGTG
,ATGACAGTA
,ATGGTGGTC
,ATTATAATAATATTA
,CGACTCAGC
,CTATTAATA
,CTGCACAAG
,CTTGGTCTA
,GCGTATGCG
,GGTGGTAAA
,GGTGTTTAT
,GGTGTTTAT
,GTGCTCGTG
,GTGTTTATA
,GTTAAGCAG
,TAATTCACT
,TAATTTTGA
,TATTTTTAT
,TGGATTACC
,TGGTTTTAA
,TTAATACTA
,TTAATATTT
,TTAATATTT
,TTATAATTT
,TTCAGACCA
,TTTAATTTT
,TTTATAATTT
,TTTATAATTT
,TTTCACTTT
,TTTCTCTTT
,TTTTGAATG
,CTAGATTTAGATC
,AAGTTTTGAA
,AAATGGACA
,AGTTTTTGA
,ATTGCGTTA
,CAGGAGGAC
,GTAAATTTA
,GTTGTACTT
,GTTTATTAAAC
,TAAATTTAAAT
,TAATTTTAAT
,TAGTGGTAA
,TAGTGGTGAT
,TCATGTACT
,TGATAATAGT
,TGGTTTTGGT
,TGTTGTTGT
,TGTTTTAAA
,TTAACAATT
,TTGTTTTTGTT
,TTTAATAAA
,TTTCACTTT
,TTTTAATAA
,TTTTAATTTT
,TTTTGGTGTA
,TTTTGTTACACATTGTTTT
,TTTTTCTTTTT
,TTGTTACACATTGTT
,ACGTAATGCA
,ATTATAATAATATTA
,TAATTTTAAT
,TACTTTTCAT
,TTAAATGGTG
,TAATTTTAAT
,CAAACGCAAAC
,TATAATAATAT
,TCAACACAACT
,AAAATGGTG
,AAAGTTGTTT
,AAATGGTGT
,AATATTAATA
,AATGAGTAA
,AATGGTGTAG
,AATTCTTAA
,AATTTTTAA
,ACAACATTAC
,ACATATTTGT
,ACCAATTTT
,ACCATACCA
,ACTACATCA
,AGTACTTCT
,AGTAGTTTT
,AGTGTTTGT
,ATAAAAATA
,ATATGTATA
,ATCTGTCTA
,ATTCGTATT
,ATTGAGAAC
,ATTGTAATT
,CAGGTATGA
,CATTCTTAC
,CCATGACAGTACC
,CTAAATTTAAATC
,CTATTATTAC
,GACATTACAG
,GATTTTTGT
,GTGTTTGTT
,GTTTTAAAA
,TAACGCAAT
,TAACTCAAT
,TAATTTTAAT
,TATAATAGT
,TATGGATAA
,TATTCATTT
,TATTCGTAT
,TATTTTTAT
,TCACTAACG
,TCATTGTAA
,TCTACATCT
,TGAAAAATC
,TGTAACTTC
,TGTAAGGGT
,TGTTGTTGT
,TTACAGAGA
,TTATAATTT
,TTATTGAAGA
,TTCTCTCTT
,TTGGTCAGT
,TTGTCTGTT
,TTTACATCA
,TTTAGACCA
,TTTATAATTT
,TTTCACTTT
,TTTGTGATA
,TTTGTTACGCATTGTTT
,TTTTCACTT
,TTTTGTACAG
,TTTTGTTTT
,TTTTTAATG
,ATAATATTA
,ATTATAATAATATTA
,ATTATAATATTA
,ATTATAATA
,TAATGAAAGTAAT
,AAGGTGTTTA
,ACGTTTACCA
,AGAATGGTGT
,ATTATAATAATATTA
,GTATGGATAA
,GTTGTTGTTG
,TAATTTTAAT
,TAGTGGTGAT
,TATTCTTCTA
,TATTTTTAT
,TATTTTTAT
,TATTTTTAT
,TCAGTAATTC
,TTAACCAATT
,TTATAATTTT
,TTTGTTGTTT
,ACGTAATGCA
,ATAATATTA
,ATAATATTA
,ATTATAATAATATTA
,ATTATAATATTA
,ATTATAATA
,CACTGTTTTT
,TAACACAACT
,TAATAATTAT
,TAATGGTAAT
,TAATTTTAAT
,TATAATATTA
,TTAAATGGTG
,TGTTACGCATTGT
,AAGGTGTTTA
,ACTTTGTTAA
,AGGATCTTAT
,ATTATAATAATATTA
,ATTATAATT
,ATTATAATT
,ATTCTACTAA
,CACTGTTTTT
,CGTTAACTAA
,GTATGGATAA
,GTTGTTGTTG
,TAATTTTAAT
,TACTTTTCAT
,TATAATTTTA
,TATTTTTAT
,TATTTTTAT
,TATTTTTAT
,TCAGTAATTC
,TGTAACTTTTCTGAA
,TTCTACTAAA
,TTGTCAGTTT
,TTTACTAAT
,TTTACTAAT
,TTTTAGTGGT
,CAAACACAAAC
,TAATTTTAAT
,TACTTTTCAT
,GTTTTTATATTTTTG
,AACTTATAA
,AACTTTCAA
,AATCACTAA
,AATGAGTAA
,ACGCCATAC
,ACTACATCA
,AGGTATGGA
,ATAATATTA
,ATATGTATA
,ATATTCAAA
,ATTATAATAATATTA
,ATTTTAATG
,CATAATTTTG
,CGACTCAGC
,CTATTAATA
,CTGCACAAG
,GGCTTATTT
,GGTGGTAAA
,GGTGTTGTGG
,GTAATTTTAG
,GTATTGTTG
,GTGCTCGTG
,GTGGTGATC
,GTTAAGCAG
,GTTGTTGTTG
,TAAAAAAGAA
,TAATTCACT
,TAATTTTAAT
,TAATTTTGA
,TACTTCTAT
,TATTCTTCTA
,TATTTTAAT
,TATTTTTAT
,TGCGACAACA
,TGGTTTTAA
,TGTTGTTGT
,TTAAATGGTG
,TTAATAATT
,TTATAATTT
,TTGTTACACATTGTT
,TTTAATTTT
,TTTGTATGAC
,TTTTAATTTT
,TTTTGAATG
,CAAACACAAAC
,TAATTTTAAT
,CTAAATTTAAATC
,TTGTTACGCATTGTT
,ATTATAATAATATTA
,CACTGTTTTT
,TAATTTTAAT
,TACTTTTCAT
,TGTAACTTTTCT
,TTATACTAGT
,AAACTCTTAA
,ATTCTGACTT
,CACTGTCAAT
,GAAGATGTT
,GAAGATGTT
,GATAATAATT
,GTAGAAGATG
,GTTGTTGTTG
,TAATAATTCT
,TAATAGTTTT
,TAATTTTAAT
,TATCGTGAGA
,TTTTAATTTT
,TTTTACAGAT
,CAAACACAAAC
,TAATTTTAAT
,TACTTTTCAT
,TCCTACCATCCT
,TAATTTTAAT
,TATTTTTAT
,TATTTTTAT
,TATTTTTAT
,TCTCTTCTCT
,TCTCTTCTCT
,AAGTAATGC
,AATGGTGAT
,ATAAAAATA
,ATAATATTA
,ATTATAATAATATTA
,ATTATAATATTA
,ATTATAATA
,CACGTGAGTGCAC
,CAGGTGGAC
,GAATTTAAG
,GGGTGTAAG
,GTGACAATT
,GTGGTGGTG
,TAATATTAT
,TAATTTTAA
,TGTAACTTTTCTGAA
,TGTTTTTGT
,TTTCACTTT
,AACTTATAA
,ATAATATTA
,ATGACAGTA
,ATGGTGGTC
,ATTATAATAATATTA
,CGACTCAGC
,CTATTAATA
,CTTGGTCTA
,GCGTATGCG
,TATTTTTAT
,TTAATAATT
,TTAATACTA
,TTAATATTT
,TTGTTACACATTGTT
,TTTCACTTT
,TAATCATACTAAT
,TGTAACTTTTCTGAA
,TTGTTACACATTGTT
,ATTATAATAATATTA
,TGTAACTTTTCTGAA
,CAAACACAAAC
,TACTTTTCAT
,TAATTTTAAT
,TAATTTTAAT
,ATTATAATAATATTA
,TTGTTACACATTGTT
,TAATTTTAAT
,CAAACACAAAC
,TAATTTTAAT
,TACTTTTCAT
,AAGTTTTGAA
,ATATAATATA
,ATATAATGGT
,TAATTTTAAT
,TACTTTTCAT
,TATTCGTATT
,TGATAATTAT
,TTGTTACACATTGTT
,ATTATAATAATATTA
,TGTAACTTTTCT
,TTAAGCACGAATT
,ATGACAGTA
,GCGTATGCG
,TACAAACAT
,TTAATAATT
,TTAATATTT
,TTGTTACACATTGTT
,TTGTTACACATTGTT
,ATTATAATAATATTA
,TGTAACTTTTCTGAA
,AATTTGTTTAA
,AGTATTATGA
,ATTATAATAATATTA
,CAAACACAAAC
,CACTGTTTTT
,GTAACTTTTCT
,TAATGAAAGTAAT
,TAATTTTAAT
,TAATTTTAAT
,TAATTTTAAT
,TAATTTTAA
,TAATTTTAA
,TACTTTTCAT
,TAGTGGTAAA
,TTAATAATAATT
,TTTTAATTTT
,CAAACACAAAC
,TAATTTTAAT
,TACTTTTCAT
,TCCTACCATCCT
,CACTGTTTTT
,TAATTTTAAT
,TACTTTTCAT
,TGTAACTTTTCTGAA
,TTATACTAGT
,ATCACACTA
,CAAACACAAAC
,GTGGTGGTG
,TAATTTTAAT
,TACTTTTCAT
,TTTCACTTT
,TTGTTACACATTGTT
,AGTATTATGA
,ATTATAATAATATTA
,CGAATTAAGC
,TAATTTTAAT
,TACTTTTCAT
,TGTAACTTTTCTGAA
,TTATACTAGT
,CAAACACAAAC
,TAATTTTAAT
,TACTTTTCAT
,TCCTACCATCCT
,ATTATAATAATATTA
,AGTATTATGA
,ATTATAATAATATTA
,CAATATAAC
,CACTGTTTTT
,CAGGTGGAC
,CATTCTTAC
,CCGATAGCC
,GAATTTAAG
,GTGGTGGTG
,TAATGAAAGTAAT
,TAATTTTAAT
,TAATTTTAA
,TACTTTTCAT
,TGTATTTTA
,TTAATAATT
,TTGATTTTA
,TTTCACTTT
,TTTTAGTGA
,CAAACACAAAC
,TAATTTTAAT
,TACTTTTCAT
,TCCTACCATCCT
,TAATTTTAAT
,TTGTTACACATTGTT
,ATGTTGGTG
,ATGTTGGTG
,TTGTTACACATTGTT
,TTGTTACACATTGTT
,CAAACACAAAC
,TAATTTTAAT
,TACTTTTCAT
,TCCTACCATCCT
,TTGTTACACATTGTT
,ATAATATTA
,ATAATATTA
,ATTATAATAATATTA
,ATTATAATATTA
,ATTATAATA
,CACTGTTTTT
,TAACACAACT
,TAATAATTAT
,TAATGGTAAT
,TAATTTTAAT
,TATAATATTA
,TTAAATGGTG
,CAAACACAAAC
,TAATTTTAAT
,TACTTTTCAT
,CAAACACAAAC
,TAATTTTAAT
,TACTTTTCAT
,TCCTACCATCCT
,AAAATTTTA
,AAACACAAA
,AACATGTTGCTTT
,AAGTTATTT
,AATATTATT
,AATGAGTAA
,AATGGTGTAG
,AATTTTTAA
,ACCATACCA
,ACGGTTGGCA
,ACTACATCA
,ACTATATCA
,AGCAATAGT
,AGTAGTTTT
,AGTGTTTGT
,ATAATTCAC
,ATATGTATA
,ATGTTGGTG
,ATTATAATAATATTA
,ATTCTTCTA
,CAATGTAAC
,CAGATTTTA
,CATTCCTTAC
,CGACCATTT
,GCAGTAGTT
,GGTGTTGTT
,GGTGTTTGTA
,GGTTATCTATTGG
,GTCATACTG
,GTGGTGGAC
,GTGTTTGTT
,GTTGTTGTTG
,TAATAATTT
,TAATTCACT
,TAATTTGAC
,TAATTTTAAT
,TATATCAAAC
,TATTGAAGA
,TATTTTTAT
,TCCTTACGT
,TCTCAGATGG
,TCTTGGTCAA
,TCTTTTTGT
,TGAAAAATA
,TGGTTTTAA
,TGTTGTTGT
,TGTTTGACAA
,TTAATAATT
,TTACTTCTA
,TTATAATTT
,TTATTATAAT
,TTGCTCGTT
,TTGTCTGTT
,TTGTGGTAAT
,TTGTGGTAAT
,TTGTTACACATTGTT
,TTGTTTTAT
,TTTAATTTT
,TTTACAGAT
,TTTGTTGTG
,TTTGTTTGAC
,TTTTAATTTT
,TTTTGAATG
,TTTTGTTTG
,AACTTATAA
,AATCACTAA
,ACACATTGTTACACA
,ATAATATTA
,ATGACAGTA
,ATGGTGGTC
,ATTATAATAATATTA
,CGACTCAGC
,CTATTAATA
,CTGCACAAG
,CTTGGTCTA
,GCGTATGCG
,TACACACAT
,TTAATAATT
,TTAATACTA
,TTAATATTT
,TTGTTACACATTGTT
,TTTCACTTT
,TTGTTACACATTGTT
,AAGGTGTTTA
,ACTTCAGCAG
,ACTTTGTTAA
,ATTATAATAATATTA
,ATTATAATT
,ATTATAATT
,ATTCTACTAA
,CACTGTTTTT
,CGTTAACTAA
,GTATGGATAA
,GTTGTTGTTG
,TAATTTTAAT
,TAATTTTAGT
,TATTTTTAT
,TATTTTTAT
,TATTTTTAT
,TCAGTAATTC
,TGTTGGTGTT
,TTCTACTAAA
,TTTATAATTT
,TTTTAGTGGT
,TTGTTACACATTGTT
,AGTATTATGA
,CACTGTTTTT
,TAATTTTAAT
,TACTTTTCAT
,TGTAACTTTTCTGAA
,ACATTGTTACA
,ATAATATGAC
,TTGTTACACATTGTT
,AACTTATAA
,AATCACTAA
,ATAATATTA
,ATGACAGTA
,ATGGTGGTC
,ATTATAATAATATTA
,CGACTCAGC
,CTATTAATA
,CTGCACAAG
,CTTGGTCTA
,GCGTATGCG
,TACAAACAT
,TTAATAATT
,TTAATACTA
,TTAATATTT
,TTGTTACACATTGTT
,TTTCACTTT
,TTTTGAATG
,TTGTTACACATTGTT
,AAAATTAAT
,AAACAGGTT
,AACTTTCAA
,AATGAGTAA
,AATGGTGAT
,AATTGTTTC
,ACTTATACT
,ACTTTGTTAA
,AGTATTATGA
,AGTTTAATTT
,ATATGTATA
,ATCATACTA
,ATTATAATAATATTA
,CAATATAAC
,CACTGTTTTT
,CATTACTGC
,CATTCTTAC
,CGAATTAAGC
,CTACACATC
,CTTCTAGAA
,GAAGATGTT
,GAATTTAAG
,GGCATTCTTA
,GTAGAAGATG
,GTATGGATAA
,GTGGTGGTG
,GTTGTTGTTG
,GTTTAATTTG
,TAATTCTGG
,TAATTTTAG
,TACTTTTCAT
,TATATGTAT
,TATTATTAT
,TATTTTTAT
,TATTTTTAT
,TATTTTTAT
,TCTCTTCTCT
,TGTAACTTTTCTGAA
,TGTTGGTGTT
,TGTTGTTGT
,TGTTTAATT
,TGTTTTTGT
,TTAAGCACGAATT
,TTAATTCTGG
,TTCATACTT
,TTCTACTAA
,TTCTAGAAAT
,TTGTCAGTTT
,TTGTCTGTT
,TTGTGATAA
,TTTATAATTTAAC
,TTTCACTTT
,TTTGTGATA
,TTTTAATTTT
,TTTTTGTAG
,AAATTTATT
,AGTATTATGA
,ATTATAATAATATTA
,CAATATAAC
,CACTGTTTTT
,CAGGTGGAC
,CATTCTTAC
,CCGATAGCC
,GAATTTAAG
,GTGGTGGTG
,TAATTTTAAT
,TAATTTTAA
,TACTTTTCAT
,TGTATTTTA
,TTAATAATT
,TTGTGCAAC
,TTTCACTTT
,TTTTAGTGA
,CAAACACAAAC
,TAATTTTAAT
,AAAGTATCAT
,AAAGTTAAA
,AATAATTCA
,AATAATTCA
,AATGGTGTT
,AATTTAACA
,AATTTTATA
,ACCATACCA
,ACTCAAATA
,AGGCGTTTG
,AGGTTGTTT
,AGTGAGAGTGA
,ATGGTAATGGTA
,ATGGTAATGGT
,ATGGTGATG
,ATGTCACTGTA
,ATGTTTATA
,ATTATTAAT
,ATTGCCAAAA
,ATTTATTTA
,ATTTTTTGT
,CAACTCAAC
,CACGTGTGCAC
,CCTACTTTTA
,CCTTGTACA
,CGGTATGGC
,CGTGTGCACT
,CTAACTCAATC
,CTCTTCTAC
,CTGACCAGTC
,GAGTTTGAG
,GATTCTCTTAG
,GGCGTTTGG
,GGCTTTAAT
,GGTGTTGTTG
,GGTTTTGAT
,GTACTTTTTG
,GTATTGACATT
,GTATTTATG
,GTCAATGGT
,GTTACATTG
,GTTGTTGTTG
,GTTTTAATC
,TAAATTTTA
,TAATAATGT
,TAATGGTGTT
,TAATTCAAAA
,TACAATAACAT
,TACTTTTTG
,TAGGTGTTGTTG
,TAGTTTTGG
,TATGGTAAT
,TGAACCCAAGT
,TGAATAAGT
,TGCAGACGT
,TGGTAATGGT
,TGGTGTTGT
,TGTAATAATGT
,TGTCCCTGT
,TGTTGTTGT
,TTAAATTTT
,TTAATTCAA
,TTACAACATT
,TTATGTATT
,TTGATTTTAGTT
,TTGGATCATTTT
,TTGGTGTTG
,TTGTATGTT
,TTTAAATTTTA
,TTTAAATTT
,TTTAAATTT
,TTTCTTATA
,TTTTAACAC
,TTTTAATTT
,TTTTGGTGG
,TTTTTACAG
,ACAATATAACA
,ATTATAATAATATTA
,GTACGTTTAC
,GTTACACATTG
,TAATTTTAAT
,TAGTGGTGAT
,TCAAACACAAACT
,TCTTCACTTCT
,TTAACCAATT
,TTATGCGTATT
,TTTGTTGTTT
,TTGTTACACATTGTT
,ATGTTGGTG
,ATGTTGGTG
,TTGTTACACATTGTT
,TTGTTACACATTGTT
,TAATTTTAAT
,TTGTTACACATTGTT
,ATGTTGGTG
,ATGTTGGTG
,TTGTTACACATTGTT
,ATTTTACATTTTA
,TAATGAAAGTAAT
,TAATTTTAAT
,TTTGTTGTTT
,GTTACCCATTG
,TTGTTACTCATTGTT
,ATTATAATAATATTA
,TGTAACTTTTCT
,ATAATATTAA
,ATTATAATAATATTA
,TAATTTTAAT
,TAGACCACCAGAT
,TTCTTTTCTT
,TTGTTACGCATTGTT
,TTTTAATTTT
,ATTATAATAATATTA
,GCCTTATTCCG
,GGAATTTAAGG
,GTTACACATTG
,TAATTTTAAT
,TAGTGGTGAT
,TCAAACACAAACT
,TCTTCACTTCT
,TTAACCAATT
,TTATGCGTATT
,TTTGTTGTTT
,TAATTTTAAT
,TAATTTTAAT
,AAAATGGTG
,AAAGTTGTTT
,AAATGGTGT
,AATATTAATA
,AATGAGTAA
,AATGGTGTAG
,AATTCTTAA
,AATTTTTAA
,ACAACATTAC
,ACATATTTGT
,ACCAATTTT
,ACCATACCA
,ACTACATCA
,AGTACTTCT
,AGTAGTTTT
,AGTGTTTGT
,ATAAAAATA
,ATATGTATA
,ATCTGTCTA
,ATTGAGAAC
,ATTGTAATT
,CAGGTATGA
,CATTCTTAC
,CTATTATTAC
,GACATTACAG
,GTGTTTGTT
,GTTGTTGTTG
,TAACGCAAT
,TAACTCAAT
,TAATTTTAAT
,TATAATAGT
,TATGGATAA
,TATTCATTT
,TATTCGTAT
,TATTTTTAT
,TCACTAACG
,TCATTGTAA
,TCTACATCT
,TGAAAAATC
,TGTAACTTC
,TGTAAGGGT
,TGTTGTTGT
,TTACAGAGA
,TTATAATTT
,TTATTGAAGA
,TTCTCTCTT
,TTGGTCAGT
,TTGTCTGTT
,TTTACATCA
,TTTAGACCA
,TTTATAATTT
,TTTCACTTT
,TTTGTGATA
,TTTGTTACGCATTGTTT
,TTTTCACTT
,TTTTGTACAG
,TTTTTAATG
,CAAACACAAAC
,TAATTTTAAT
,TTTTAATTTT
,ATTCAAACTTA
,CAAACACAAAC
,TAATTTTAAT
,TTTTAATTTT
,ATAAAAATA
,ATCTGTCTA
,CATTCTTAC
,CCATGACAGTACC
,CTAAATTTAAATC
,GATTTTTGT
,TAACGCAAT
,TAACTCAAT
,TATTCGTAT
,TCTACATCT
,TGTAACTTC
,TTTCACTTT
,TTTGTTACGCATTGTTT
,TTTTCACTT
,TTTTGTTTT
,TTTTTAATG
,GTTTTTATATTTTTG
,ATTATAATAATATTA
,TGTAACTTTTCT
,ATAATATTAA
,ATTATAATAATATTA
,TAATTTTAAT
,TAGACCACCAGAT
,TTCTTTTCTT
,TTGTTACGCATTGTT
,TTTTAATTTT
,AAAAGAACT
,AACAGTTTC
,AAGTGCTAT
,AATCACTAA
,AATGAGTAA
,ACATTAACT
,ACCATACCA
,ACTACATCA
,AGTAGTTTT
,AGTGTTTGT
,ATATGTATA
,ATGTTGGTG
,ATGTTGGTG
,CAACACAAC
,CTCATAACT
,GGTGGTAAA
,GTCAATACT
,GTCAATGGT
,GTGAAAGTA
,GTGCTCGTG
,GTGGTGGAC
,TAATTATTT
,TAGTTTTAG
,TATATGTAT
,TATTTTTAT
,TGTTGGTCA
,TGTTGTTGT
,TTATAATTT
,TTATCGTGA
,TTCTGTCTT
,TTGACAGTT
,TTGTTACACATTGTT
,TTTAAATTT
,TTTATCGTG
,TTTCTCTTT
,TTTTATTTT
,ATTATAATAATATTA
,CAAACACAAAC
,CAGTGGTAAAT
,GGAATTTAAGG
,GTTACACATTG
,TAATTTTAAT
,TAGTGGTGAT
,TCTTCACTTCT
,TTAACCAATT
,TTATGCGTATT
,TTTGTTGTTT
,TAATTTTAAT
,TAATGAAAGTAAT
,TAATTTTAAT
,CAAACACAAAC
,TAATTTTAAT
,TACTTTTCAT
,TCCTACCATCCT
,AATTTATATG
,ATGTTGGTG
,ATGTTGGTG
,GATGTTGTAG
,TAATAATTAT
,TAATTTTAAT
,TTAAATGGTG
,TTGTTACACATTGTT
,TTTTAATTTT
,AAAGGCCTGCT
,AACGGCGAT
,AGCGAGCGA
,AGTGCGTGA
,CAGACCCAGAC
,CGTGCGTGC
,CTGCTGCTA
,GCGAGCGAA
,GCGGCGGCG
,GCGTATGCG
,GTGTATGTG
,GTGTATTTT
,GTGTTTGTG
,GTGTTTGTG
,GTGTTTGTG
,GTTTGTGTA
,TAGCGCGAT
,TAGCGCGGCGA
,TATGCGTAT
,TATGTGTAT
,TATTATTAT
,TGTATTTTA
,CAAACACAAAC
,TAATTTTAAT
,TACTTTTCAT
,TCCTACCATCCT
,AAGTAATTA
,ACTAATAAT
,ATTATGGTA
,ATTCACTTA
,CTAATAATC
,CTTTGGTGT
,CTTTTGTGA
,TAATAATCT
,TAATGATTT
,TAGTTTTAA
,TATTAATGA
,TCAAAAACT
,TGGTTTGGT
,TTGTGTGTT
,TTTAAATTT
,TTTAACATT
,TTTGGGTTT
,TTTTGTTTT
,TTAATTTTAATT
,TTATAATAATATT
,TTATAATATT
,TTTTAATTTT
,CAAACACAAAC
,TAATTTTAAT
,ATTATAATAATATTA
,GAAACCAAAG
,TAATAATGCA
,TAATTTTAAT
,TAGTGTTTCT
,TTAAATGGTG
,TTAATAATG
,TTAATAATG
,TTTTAATTTT
,AAGGTGTTTA
,ACAATATGGT
,ACTTTGTTAA
,ATTATAATAATATTA
,ATTATAATT
,ATTATAATT
,ATTCTACTAA
,CGTTAACTAA
,GTATGGATAA
,GTTGTTGTTG
,TAATTTTAAT
,TAATTTTAGT
,TACTTTTCAT
,TATAATTTTA
,TATTTTTAT
,TATTTTTAT
,TATTTTTAT
,TCAGTAATTC
,TGTAACTTTTCTGAA
,TTCTACTAAA
,TTGTCAGTTT
,TTTACTAAT
,TTTACTAAT
,TTTTAGTGGT
,ACATTGTTACA
,TTGTTACACATTGTT
,ATCACACTA
,CAAACACAAAC
,GTGGTGGTG
,TAATTTTAAT
,TACTTTTCAT
,TTTCACTTT
,ATTATAATAATATTA
,TGTAACTTTTCTGAA
,TAATTTTAAT
,CTAAATTTAAATC
,TTTGTTACGCATTGTTT
,TGTTGTTGT
,TTGTAATTT
,TTTCTCTTT
,TAATTTTAAT
,CAAACACAAAC
,TAATTTTAAT
,TACTTTTCAT
,TCCTACCATCCT
,TTGTTACACATTGTT
,CAAACACAAAC
,TAATTTTAAT
,TAGTGGTGAT
,AAGGTGTTTA
,ACGTTTACCA
,AGAATGGTGT
,ATTATAATAATATTA
,GTATGGATAA
,GTTGTTGTTG
,TAATTTTAAT
,TAGTGGTGAT
,TATTCTTCTA
,TATTTTTAT
,TATTTTTAT
,TATTTTTAT
,TCAGTAATTC
,TTAACCAATT
,TTATAATTTT
,TTTGTTGTTT
,AATTCTCTTAA
,ACAATCTAACA
,ACACTGTAATT
,ATAATATTA
,ATTATAATAATATTA
,ATTATAATA
,ATTGTTTTAT
,CAAACACAAAC
,CATTGTCAGT
,CCATAGATACC
,CGTGGGGGTGC
,GGTATGTATGG
,GTAGTTTTAG
,GTTGTTGTTG
,TAATTTTAAT
,TCTACTAATTA
,TCTCAGATGGT
,TCTCTTCTCT
,TGTATTTTAA
,TGTTGGTCAG
,TTAACCAATT
,TTAGTAGTAA
,TTATCGTGAGA
,TTTATTGTTT
,TTTCGATACC
,TTTGTTGTTT
,TTTTAATATC
,AAGGTGTTTA
,ACTTTGTTAA
,ATTATAATAATATTA
,ATTATAATT
,ATTATAATT
,ATTCTACTAA
,CACTGTTTTT
,CGTTAACTAA
,GTAGGCCAAG
,GTATGGATAA
,GTTGTTGTTG
,TAATTTTAAT
,TACTTTTCAT
,TATTTTTAT
,TATTTTTAT
,TATTTTTAT
,TCAGTAATTC
,TGTAACTTTTCTGAA
,TTATACTAGT
,TTCTACTAAA
,TTGTCAGTTT
,TTTTAGTGGT
,AACTTTCAA
,AAGGTGTTTA
,AATGAGTAA
,ACATATTGT
,ACTATATCA
,ACTTTGTTAA
,AGAAGATAT
,AGGATCTTAT
,AGTACTTTT
,ATATGTATA
,ATGTAACAA
,ATTATAATAATATTA
,ATTATAATT
,ATTATAATT
,ATTCTACTAA
,ATTCTGCCA
,CAATATAAC
,CACAATTAT
,CACTGTTTTT
,CAGGTGGAC
,CATTACTGC
,CATTCTTAC
,CCAAATCAT
,GAATTTAAG
,GGTGAATTA
,GTATGGATAA
,GTGGTGATA
,GTGGTGGTG
,GTTGTTGTTG
,TAATTTTAAT
,TAATTTTAGT
,TACTAATTA
,TACTTTTCAT
,TAGTGGTGCA
,TATTATTAT
,TATTCTTAT
,TATTTTTAT
,TATTTTTAT
,TATTTTTAT
,TCAGTAATTC
,TGAAAAATC
,TGTATTTTA
,TGTTGGTGTT
,TGTTGTTGT
,TTATTGTCT
,TTCTACTAAA
,TTCTCTCTT
,TTGTCAGTTT
,TTGTCTGTT
,TTGTGATAA
,TTTACTAAT
,TTTACTAAT
,TTTATAATTT
,TTTCACTTT
,TTTGTGATA
,TTTTAGTGA
,TTTTTGTCC
,TTTTTGTGG
,CAAACACAAAC
,TAATTTTAAT
,TACTTTTCAT
,TTGTTACACATTGTT
,TAATTTTAAT
,TAATTTTAAT
,ATTATAATAATATTA
,TTGTTACACATTGTT
,ATTTTAGTGATTTTA
,CATCTGTCTAC
,TCATGGTACT
,TTGTTACACATTGTT
,TTTACAACGCAACATTT
,AAGTTTTGAA
,ACTTTAACCAATTTCA
,ATAATATTA
,ATAATATTA
,ATTATAATAATATTA
,ATTATAATATTA
,ATTATAATA
,CACTGTTTTT
,TAATCAAAGT
,TAATTTTAAT
,TATAATATTA
,TGTAACTTTTCT
,TTAAATGGTG
,ATTATAATAATATTA
,GTAGTTTTAG
,GTATGGATAA
,GTTGTTGTTG
,TAATTTTAAT
,TAGTGGTGAT
,TATTCTTCTA
,TATTTTTAT
,TATTTTTAT
,TATTTTTAT
,TCAGTAATTC
,TTAACCAATT
,TTATAATTTT
,TTGTTACACATTGTT
,TTTGTTGTTT
,ATTCAAACTTA
,CAAACACAAAC
,TAATTTTAAT
,TTTTAATTTT
,ATCTGTCTA
,CTAAATTTAAATC
,TCTACATCT
,TGGACAGTT
,TGTAACTTC
,TTTGTTACGCATTGTTT
,TTTTGTTTT
,ATTATAATAATATTA
,TGTAACTTTTCTGAA
,CAAACACAAAC
,TAATTTTAAT
,TACTTTTCAT
,TCCTACCATCCT
,AACTTATAA
,AACTTTCAA
,AAGGTTAAC
,AATCACTAA
,AATGAGTAA
,ACGCCATAC
,ACTACATCA
,ACTTCTTTTG
,ATAATATTA
,ATATGTATA
,ATATTCAAA
,ATATTTGTG
,ATGACAGTA
,ATGGTGGTC
,ATTATAATAATATTA
,ATTATAATT
,CATAATTTTG
,CGACTCAGC
,CTATTAATA
,CTGCACAAG
,CTTGGTCTA
,GATTATAAT
,GCGTATGCG
,GGTGGTAAA
,GGTGTTGTGG
,GGTGTTTAT
,GGTGTTTAT
,GTAATTTTAG
,GTGCTCGTG
,GTTAAGCAG
,GTTGTTGTTG
,TAATTCACT
,TAATTTTAAT
,TAATTTTGA
,TATTCTTCTA
,TATTTTTAT
,TGCGACAACA
,TGGATTACC
,TGGTTTTAA
,TGTTGTTGT
,TTAAATGGTG
,TTAATAATT
,TTAATACTA
,TTATAATTT
,TTCAGACCA
,TTGTTACACATTGTT
,TTTAATTTT
,TTTATAATTT
,TTTCACTTT
,TTTCTCTTT
,TTTTAATTTT
,TTTTGAATG
,TTGTTACACATTGTT
,ATTATAATAATATTA
,ATTTTACTCATTTTA
,GAAACCAAAG
,TAATTTTAAT
,TTAAATGGTG
,TTTGTTACACATTGTTT
,TTTTAATTTT
,TAATTTTAAT
,TTTTAATTTT
,TTGTTACACATTGTT
,ATTATAATAATATTA
,TGTAACTTTTCTGAA
,ACGTAATGCA
,ATTATAATAATATTA
,TAATTTTAAT
,TACTTTTCAT
,TATTCGTATT
,TGTAACTTTTCTGAA
,TTATACTAGT
,AAGGTGTTTA
,ACGTTTACCA
,AGAATGGTGT
,ATTATAATAATATTA
,GTATGGATAA
,GTTGTTGTTG
,TAATTTTAAT
,TAGTGGTGAT
,TATTCTTCTA
,TATTTTTAT
,TATTTTTAT
,TATTTTTAT
,TCAGTAATTC
,TTAACCAATT
,TTATAATTTT
,TTTGTTGTTT
,TGGTCCTGGT
,TTGTTACACATTGTT
,TTTGTTTGAC
,CAAACACAAAC
,TAATTTTAAT
,TACTTTTCAT
,TCCTACCATCCT
,AATTTAATA
,TGGTTTGGT
,TTAATAATT
,TTGTTACACATTGTT
,TTTAATAAT
,TAATTTTAAT
,TTGTTACGCATTGTT
,TTGTTACACATTGTT
,ATTATAATAATATTA
,TGTAACTTTTCTGAA
,AACTTTCAA
,AATGAGTAA
,AATGGTGAT
,ACATATTGT
,ACTATATCA
,ACTTTGTTAA
,AGAAGATAT
,AGTACTTTT
,ATATGTATA
,ATGTAACAA
,ATTATAATAATATTA
,ATTATAATT
,ATTATAATT
,ATTCTACTAA
,CAATATAAC
,CACAATTAT
,CACTGTTTTT
,CAGGTGGAC
,CATTCTTAC
,CGTTAACTAA
,GAAGATTTT
,GAATTTAAG
,GGTGAATTA
,GTATGGATAA
,GTGGTGGTG
,GTGTCTATTC
,GTTGTTGTTG
,TAACAACTT
,TAATTTTAAT
,TAATTTTAGT
,TACTAATTA
,TACTTTTCAT
,TATTATTAT
,TATTTTTAT
,TATTTTTAT
,TATTTTTAT
,TCAGTAATTC
,TGAAAAATC
,TGTAACTTTTCTGAA
,TGTATTTTA
,TGTTGGTGTT
,TGTTGTTGT
,TGTTTTTGT
,TTCTACTAAA
,TTGTCAGTTT
,TTGTCTGTT
,TTGTGATAA
,TTTACTAAT
,TTTACTAAT
,TTTATAATTT
,TTTCACTTT
,TTTCTCTTT
,TTTGTGATA
,TTTTAGTGA
,TTTTAGTGGT
,TTTTTGTGG
,ATAATATGAC
,TGAAAAAAGT
,TTGTTACACATTGTT
,TAATTTTAAT
,AGTATTATGA
,ATTATAATAATATTA
,CACTGTTTTT
,TAATTTTAAT
,TACTTTTCAT
,TTTTAATTTG
,TAATTTTAAT
,ACATTGTTACA
,TTGTTACACATTGTT
,TTGTTACACATTGTT
,ATTATAATAATATTA
,TGTAACTTTTCTGAA
,AACTTATAA
,AATCACTAA
,ATAATATTA
,ATGACAGTA
,ATGGTGGTC
,ATTATAATAATATTA
,CGACTCAGC
,CTATTAATA
,CTGCACAAG
,CTTGGTCTA
,GCGTATGCG
,TTAATAATT
,TTAATACTA
,TTGTTACACATTGTT
,TTTCACTTT
,AACTTGTTG
,AATATTAATA
,ACTATTATCA
,AGGTGTAAG
,ATATTTTGA
,ATGATAGTA
,ATTATAACAATATTA
,ATTCTACAT
,CATTCTTAC
,GTCAAACTG
,GTTTTATAA
,TAAATAAAT
,TAATTTTAAT
,TCTACATCT
,TGGTCCTGGT
,TTAATACAA
,TTTACTATT
,ATGTTGGTG
,ATGTTGGTG
,TTGTTACACATTGTT
,AACTACATCAA
,AACTTTTCAA
,AATTTTAATA
,ACTAAGAGT
,ATGTTGTTT
,ATTACCAAAG
,ATTATAATAATATTA
,CAAACACAAAC
,CAATTATGA
,CATTCTTAC
,CCATTAATA
,GAATTTAAG
,GGTTGTTGG
,TAAATAAAT
,TAACTTTAA
,TAATTTTAAT
,TATAATAAT
,TGTAACTTC
,TGTATTTTA
,TGTGGGTGT
,TTCAAACTT
,TTCCTGTCCTT
,TTTGTTACACATTGTTT
,TTTTAGTGA
,CAAACACAAAC
,TAATTTTAAT
,TACTTTTCAT
,AATGGTGAT
,AGTATTATGA
,ATTATAATAATATTA
,CAATATAAC
,CACTGTTTTT
,CAGGTGGAC
,CATTCTTAC
,GAATTTAAG
,GTGGTGGTG
,TAACGCAAT
,TAATTTTAAT
,TAATTTTAA
,TACTTTTCAT
,TGTATTTTA
,TGTTTTTGT
,TTAACAACT
,TTAAGCACGAATT
,TTTCACTTT
,TTTTAGTGA
,TTGTTACACATTGTT
,TTGTTACACATTGTT
,TTGTTACACATTGTT
,AAATGGACA
,AGTTTTTGA
,ATTCTATTT
,ATTGCGTTA
,CAGGAGGAC
,GTAAATTTA
,GTGTTTTAAATTTTGTG
,GTTGTACTT
,GTTTATTAA
,TAATTTTAAT
,TAGTGGTAA
,TAGTGGTGAT
,TCATGTACT
,TGATAATAGT
,TGGTTTTGGT
,TGTTGTTGT
,TGTTTTAAA
,TTAACAATT
,TTATTAATC
,TTTCACTTT
,TTTTAATTTT
,TTTTGGTGTA
,TTTTGTTACACATTGTTTT
,TTTTTCCTTTTT
,ATCACACTA
,CAAACACAAAC
,GTGGTGGTG
,TAATTTTAAT
,TACTTTTCAT
,TTTCACTTT
,AACTTTCAA
,AATACTCTA
,AATATTAATA
,AATGAGTAA
,AATTATATC
,ACAACATTAC
,ACATATTTGT
,ACTACTTTA
,ACTATATCA
,AGAAGATAT
,AGTAGTTTT
,AGTATTATGA
,ATATGTATA
,ATGGTGGTTT
,ATTATAATT
,ATTGAGAAC
,ATTGTAATT
,CACTGTTTTT
,CAGGTGGAC
,CATTACTGC
,CATTCTTAC
,CTAACACTA
,CTACTTTAT
,GTATGGATAA
,GTATGGTCC
,GTGTATTTTA
,GTTAACTAA
,GTTGTTGTTG
,TAACGCAAT
,TAACTCAAT
,TAATTTTAAT
,TAATTTTAA
,TAATTTTAG
,TAGTGTCTGG
,TATTATTAT
,TATTCGTAT
,TATTCTTCTA
,TATTTTTAT
,TATTTTTAT
,TATTTTTAT
,TCAGTAATTC
,TGAAAAATC
,TGTAAGGGT
,TGTATTTTA
,TGTTGAGTA
,TGTTGGTGTT
,TGTTGTTGT
,TTCAGCAGT
,TTGTCTGTT
,TTTACATCA
,TTTACTAATT
,TTTACTAAT
,TTTATAATTT
,TTTCACTTT
,TTTCTCTTT
,TTTTTGTGG
,ATTATAATAATATTA
,TTGTTACACATTGTT
,CAAACACAAAC
,TAATTTTAAT
,AAAGGCCTGCT
,AACGGCGAT
,AGCGAGCGA
,AGTGCGTGA
,CAGACCCAGAC
,CGCCGCCGC
,CGTGCGTGC
,CTGCTGCTA
,GCGAGCGAA
,GCGGCGGCG
,GCGTATGCG
,GTGTATGTG
,GTGTATTTT
,GTGTTTGTG
,GTGTTTGTG
,GTGTTTGTG
,GTTTGTGTA
,TAGCGCGAT
,TAGCGCGGCGA
,TATGCGTAT
,TATGTGTAT
,TATTATTAT
,TGTATTTTA
,TTGTTACACATTGTT
,TAATTTTAAT
,TCATTTTTACT
,AGGTGGTGT
,GTTTTTACATTTTTG
,TCAAAAACT
,TGTTATTGT
,TTTGTGACG
,TAATTTTAAT
,TTTGTTACACATTGTTT
,ACATTGTTACA
,GGCGTATGCGG
,TTGTTACACATTGTT
,TAATTTTAAT
,CAAACACAAAC
,TAATTTTAAT
,TACTTTTCAT
,AAGTGCTAT
,AATATTAATA
,ATAATAATA
,CATTCTTAC
,GATGTTGTAG
,GTGAAAGTA
,GTGGTGGAC
,TAACGCAAT
,TAACTCAAT
,TAATTTTAAT
,TATTCGTAT
,TTAATAATT
,TTATAAGAG
,TTGACAGTT
,TTGTTACACATTGTT
,TTGTTTATA
,TTTTAATTTT
,TTTTATTTT
,CAAACACAAAC
,TAATTTTAAT
,TACTTTTCAT
,TCCTACCATCCT
,CAAACACAAAC
,TAATTTTAAT
,TACTTTTCAT
,ATTATAATAATATTA
,GGAATTTAAGG
,GTTACACATTG
,TAATTTTAAT
,TAGTGGTGAT
,TCAAACACAAACT
,TCTTCACTTCT
,TTAACCAATT
,TTATGCGTATT
,TTTGTTGTTT
,CAAACACAAAC
,TAATTTTAAT
,TACTTTTCAT
,ATTGTTTTA
,GATTTTACA
,TTAATAATT
,TTGTTTGTT
,TTTGTTACACATTGTTT
,AAAATGGTG
,AAAGTTGTTT
,AAATGGTGT
,AATATTAATA
,AATGAGTAA
,AATGGTGTAG
,AATTCTTAA
,AATTTTTAA
,ACAACATTAC
,ACATATTTGT
,ACCAATTTT
,ACCATACCA
,ACTACATCA
,AGTACTTCT
,AGTAGTTTT
,AGTGTTTGT
,ATAAAAATA
,ATAATATTT
,ATATGTATA
,ATCTGTCTA
,ATTCGTATT
,ATTGAGAAC
,ATTGTAATT
,CAGGTATGA
,CATTCTTAC
,CCATGACAGTACC
,CTAAATTTAAATC
,CTATTATTAC
,GACATTACAG
,GATTTTTGT
,GTGTTTGTT
,GTTGTTGTTG
,GTTTTAAAA
,TAACGCAAT
,TAACTCAAT
,TAATTTTAAT
,TATAATAGT
,TATGGATAA
,TATTCATTT
,TATTCGTAT
,TATTTTTAT
,TCACTAACG
,TCATTGTAA
,TGAAAAATC
,TGTAACTTC
,TGTAAGGGT
,TGTTGTTGT
,TTACAGAGA
,TTATAATTT
,TTATTGAAGA
,TTCTCTCTT
,TTGGTCAGT
,TTGTCTGTT
,TTTACATCA
,TTTAGACCA
,TTTATAATTT
,TTTCACTTT
,TTTGTGATA
,TTTGTTACGCATTGTTT
,TTTTCACTT
,TTTTGTACAG
,TTTTGTTTT
,TTTTTAATGG
,CAAACACAAAC
,TAATTTTAAT
,AATAGATTTC
,ACGTAATGCA
,ATTATAATAATATTA
,GGTGATAATTAT
,TAATTTTAAT
,TACTTTTCAT
,TTAAATGGTG
,AGTATTATGA
,ATTATAATAATATTA
,CACTGTTTTT
,TAATTTTAAT
,TACTTTTCAT
,TTTTAATTTG
,AAGGTGTTTA
,ACTTTGTTAA
,AGGATCTTAT
,AGTATTATGA
,ATTATAATAATATTA
,ATTATAATT
,ATTATAATT
,ATTCTACTAA
,CAAGTCAGTG
,CACTGTTTTT
,CGTTAACTAA
,GTAAATTATA
,GTATGGATAA
,GTTGTTGTTG
,TAATTTTAAT
,TAATTTTAGT
,TACTTTTCAT
,TATTTTTAT
,TATTTTTAT
,TATTTTTAT
,TCAGTAATTC
,TGTAACTTTTCTGAA
,TGTTGGTGTT
,TTATACTAGT
,TTCTACTAAA
,TTGTCAGTTT
,TTTACTAAT
,TTTACTAAT
,TTTATAATTT
,CAAACACAAAC
,TAATTTTAAT
,TTTTAATTTT
,AGTGGTTAT
,ATAATATGAC
,ATAATATGA
,ATGTTGGTG
,ATTAGATTA
,ATTATAATAATATTA
,ATTTTAGTG
,CAGATTTTA
,GTGGTGGAC
,GTTTTATAAC
,GTTTTATTA
,TAATAATAT
,TAATTTTAAT
,TATTAACAT
,TATTATTAAT
,TATTCGTATT
,TCTTGGTCA
,TTCACCAAG
,TTGTTACACATTGTT
,TTGTTTTAT
,TTTAATTTT
,TTTGTTTGAC
,TTTTAATTTT
,TTTTCTTTT
,TTTTGTTTG
,ATTATAATAATATTA
,TGTAACTTTTCT
,CAAACACAAAC
,TAATTTTAAT
,TACTTTTCAT
,CAAACACAAAC
,TAATTTTAAT
,TACTTTTCAT
,AAACTAATAAT
,ATGTCGGGGGAA
,CAAACACAAAC
,TGGCAGACGGT
,TTACAATAACATT
,TTTGTTACACATTGTTT
,ATCACACTA
,CAAACACAAAC
,GTGGTGGTG
,TAATTTTAAT
,TACTTTTCAT
,TTTCACTTT
,CAAACACAAAC
,TAATTTTAAT
,TACTTTTCAT
,TCCTACCATCCT
,TAATTTTAAT
,ATTATAATAATATTA
,CACTGTTTTT
,GTATTTTAGT
,TAATTTTAAT
,TACTTTTCAT
,TGTAACTTTTCT
,CAATATTTTG
,GATTTTATGT
,TAATTTTAAT
,TTGTTACACATTGTT
,TTGTTTTGTT
,ATAATATTAA
,ATTATAATAATATTA
,TAATTTTAAT
,TAGACCACCAGAT
,TTCTTTTCTT
,TTGTTACGCATTGTT
,TTTTAATTTT
,TTGTTACACATTGTT
,CAAACACAAAC
,TAATTTTAAT
,TTTTAATTTT
,TTTGTTACTCATTGTTT
,ATTATAATAATATTA
,GGAATTTAAGG
,GTTACACATTG
,TAATTTTAAT
,TAGTGGTGAT
,TCAAACACAAACT
,TCTTCACTTCT
,TTAACCAATT
,TTATGCGTATT
,TTTGTTGTTT
,AAAGGCCTGCT
,AACGGCGAT
,AGCGAGCGA
,AGTGCGTGA
,CAGACCCAGAC
,CGCCGCCGC
,CGTGCGTGC
,CTGCTGCTA
,GCGAGCGAA
,GCGGCGGCG
,GCGTATGCG
,GTGTATGTG
,GTGTATTTT
,GTGTTTGTG
,GTGTTTGTG
,GTGTTTGTG
,GTTTGTGTA
,TAGCGCGAT
,TAGCGCGGCGA
,TATGCGTAT
,TATGTGTAT
,TATTATTAT
,TGTATTTTA
,CAAACACAAAC
,TAATTTTAAT
,TTTTAATTTT
,CAAACACAAAC
,GTGAAAGTA
,TAATTTTAAT
,TAGTGGTGAT
,TTCATACTT
,TTTCACTTT
,CAAACACAAAC
,TAATTTTAAT
,TACTTTTCAT
,TCCTACCATCCT
,AAATGGTGAT
,ACTTTAACCAATTTCA
,ATTATAATAATATTA
,CTAAATTTAAATC
,TAACCAAAGT
,TAATAATTAT
,TAATTTTAAT
,CAAACACAAAC
,TAATTTTAAT
,TACTTTTCAT
,ATTCAAACTTA
,CAAACACAAAC
,TAATTTTAAT
,TTTTAATTTT
,AAAATTAAT
,AACTTTCAA
,AAGGTGTTTA
,AATAATTTC
,AATGAGTAA
,ACATATTGT
,ACTATATCA
,ACTTTGTTAA
,AGAAGATAT
,AGTATTATGA
,ATATGTATA
,ATGTAACAA
,ATTATAATAATATTA
,ATTATAATT
,ATTATAATT
,ATTTCACAT
,CAATATAAC
,CACAATTAT
,CACTGTTTTT
,CAGGTGGAC
,CATTACTGC
,CCGATAGCC
,CGTTAACTAA
,GAATTTAAG
,GTATGGATAA
,GTGGTGGTG
,GTTGTTGTTG
,TAATTTTAAT
,TAATTTTAA
,TAATTTTAGT
,TAATTTTGA
,TACTTTTCAT
,TATCGTGAGA
,TATTATTAT
,TATTCTTCT
,TATTTTTAT
,TATTTTTAT
,TATTTTTAT
,TGAAAAATC
,TGTATTTTA
,TGTTGGTCA
,TGTTGTTGT
,TTAATAATT
,TTATTACGG
,TTGTCAGTTT
,TTGTCTGTT
,TTGTGATAA
,TTTACTAAT
,TTTACTAAT
,TTTATAATTT
,TTTCACTTT
,TTTCTCTTT
,TTTGTGATA
,TTTTAGTGA
,TTTTAGTGGT
,TTTTTGTGG
,AGTATTATGA
,ATTATAATAATATTA
,CACTGTTTTT
,TAATCATACTAAT
,TAATTTTAAT
,TACTAATCAT
,TACTTTTCAT
,TGTAACTTTTCTGAA
,TGTATTTTAA
,TTTTAATTTT
,TAATTTTAAT
,AACTTGTTGTT
,GTTACACATTG
,TGTTTACACAG
,TTATGAGTATT
,CCATGACAGTACC
,CTAAATTTAAATC
,TTTGTTACGCATTGTTT
,CAAACACAAAC
,TAATTTTAAT
,AAGGTGTTTA
,ACTTTGTTAA
,ATTATAATAATATTA
,ATTATAATT
,ATTATAATT
,CACTGTTTTT
,GTATGGATAA
,GTTGTTGTTG
,TAATTTTAAT
,TAATTTTAGT
,TACTTTTCAT
,TATTTTTAT
,TATTTTTAT
,TATTTTTAT
,TGGTAATATA
,TGTTGGTGTT
,TTGTCAGTTT
,TTTATAATTT
,TTTTAGTGGT
,TTGTTACACATTGTT
,AAAATTAAT
,AACTTTCAA
,AATGAGTAA
,AATTTTAGTG
,ACATATTGT
,ACTATATCA
,AGTAGTTTT
,AGTGGTTAT
,AGTTTCAGA
,ATAATATGAC
,ATAATATGA
,ATATGTATA
,ATGAACCAC
,ATGTTGGTG
,ATTAGATTA
,ATTATAATAATATTA
,ATTATAATT
,ATTATAATT
,ATTTTAGTG
,CAGATTTTA
,CAGCAGTTT
,CATTACTGC
,GAAACTGGTT
,GAAGATGTT
,GGTGAATTA
,GTAGAAGATG
,GTAGGTGTT
,GTGGTGGAC
,GTTCTACTA
,GTTGTTGTTG
,GTTTTATAAC
,GTTTTATTA
,TAATAATAT
,TAATAGTTTT
,TAATTTTAAT
,TAGTAATAG
,TATTAACAT
,TATTATTAAT
,TATTATTAT
,TATTCGTATT
,TATTTTTAT
,TATTTTTAT
,TATTTTTAT
,TCTTGGTCAA
,TGGATAGGT
,TGGTCCTGGT
,TGGTTTTAA
,TGTTGGTCA
,TGTTGTTGT
,TTACAGAAC
,TTAGTTAAAG
,TTCACCAAG
,TTGTTTTAT
,TTTAATTTT
,TTTCAGATGG
,TTTGTATAA
,TTTGTTTGAC
,TTTTAATTTT
,TTTTAGCAGT
,TTTTCTTTT
,TTTTGTTTG
,TAATTTTAAT
,TTACTAATCATT
,CAAACACAAAC
,TAATTTTAAT
,TACTTTTCAT
,AACTTGTTGTT
,AATATTAAT
,AGGTGTAAG
,ATAATAATA
,ATATTTTGA
,ATCTGTCTA
,ATTCTACAT
,CATTCTTAC
,CCATGACAGTACC
,CTATTCTTATC
,GATAATAAT
,GGCCTGGTCCGG
,GTTACGCATTG
,GTTTTATAA
,TCTAACGAA
,TCTACATCT
,TGTAACTTC
,TTTCACTTT
,TTTTCACTT
,TTTTTAATG
,TTGTTACACATTGTT
,ATAATAATA
,ATCTGTCTA
,CATTCTTAC
,CCATGACAGTACC
,CTAAATTTAAATC
,GATTTTTGT
,TAACGCAAT
,TAACTCAAT
,TATTCGTAT
,TCTACATCT
,TGTAACTTC
,TGTAAGGGT
,TTTCACTTT
,TTTGTTACGCATTGTTT
,TTTTCACTT
,TTTTGTTTT
,TTTTTAATG
,CAAACACAAAC
,TAATTTTAAT
,TACTTTTCAT
,TAGTGGTGAT
,TCCTACCATCCT
,CAAACACAAAC
,TAATTTTAAT
,TACTTTTCAT
,ATCACACTA
,CAAACACAAAC
,GTGGTGGTG
,TAATTTTAAT
,TACTTTTCAT
,TTTCACTTT
,ACATTGTTACA
,ATAATATGAC
,CAAACACAAAC
,TAATTTTAAT
,TTGTTACACATTGTT
,TTTTAATTTT
,AACGGCGAT
,AGCGAGCGA
,AGTGCGTGA
,CGCCGCCGC
,GCGCGGCGA
,GCGCGGCGA
,GCGGCGGCG
,GCGTATGCG
,GTGTATGTG
,GTGTATTTT
,GTGTTTGTG
,GTGTTTGTG
,GTGTTTGTG
,GTTTGTGTA
,TAGCGCGAT
,TATGCGTAT
,TATGTGTAT
,TATTATTAT
,TGTATTTTA
,TAATTTTAAT
,TTTTAATTTT
,TTGTTACTCATTGTT
,CAAACACAAAC
,TAATTTTAAT
,TACTTTTCAT
,TCCTACCATCCT
,CAAACACAAAC
,TAATTTTAAT
,TACTTTTCAT
,TCCTACCATCCT
,TTGTTACACATTGTT
,TTGTTACACATTGTT
,AATTTATATG
,ATGTTGGTG
,ATGTTGGTG
,GATGTTGTAG
,TAATAATTAT
,TAATTTTAAT
,TTAAATGGTG
,TTGTTACACATTGTT
,TTTTAATTTT
,TAATTTTAAT
,CAAACACAAAC
,TAATTTTAAT
,TACTTTTCAT
,TCCTACCATCCT
,ATCACACTA
,CAAACACAAAC
,GTGGTGGTG
,TAATTTTAAT
,TACTTTTCAT
,TTTCACTTT
,ATTATAATAATATTA
,CAAACACAAAC
,GTTACACATTG
,TAATTTTAAT
,TAGTGGTGAT
,TCTTCACTTCT
,TTAACCAATT
,TTTGTTGTTT
,AGTATTATGA
,ATTATAATAATATTA
,CACTGTTTTT
,TAATTTTAAT
,TACTTTTCAT
,CAAACACAAAC
,TAATTTTAAT
,TACTTTTCAT
,ATTCAAACTTA
,CAAACACAAAC
,TAATTTTAAT
,TTTTAATTTT
,TAATTTTAAT
,TAATTTTAAT
,CAAACACAAAC
,TAATTTTAAT
,TTTTAATTTT
,AACTTATAA
,AATCACTAA
,ATAATATTA
,ATGACAGTA
,ATGGTGGTC
,ATTATAATAATATTA
,CGACTCAGC
,CTATTAATA
,CTGCACAAG
,CTTGGTCTA
,GTATTGTTG
,TATAGATAT
,TTAATAATT
,TTGTTACACATTGTT
,TTTCACTTT
,AGTGGTTAT
,ATAATATGA
,ATGTTGGTG
,ATTATAATAATATTA
,ATTTTAGTG
,CAGATTTTA
,GTGGTGGAC
,GTTTTATAAC
,TAATAATAT
,TAATTTTAAT
,TATTAACAT
,TATTATTAAT
,TATTCGTATT
,TCTTGGTCA
,TGGATAGGT
,TTCACCAAG
,TTGTTACACATTGTT
,TTGTTTTAT
,TTTGTTTGAC
,TTTTAATTTT
,TTTTCTTTT
,TTTTGTTTG
,TAATTTTAAT
,AAGGTGTTTA
,ACTTTGTTAA
,ATTATAATAATATTA
,ATTATAATT
,ATTATAATT
,ATTCTACTAA
,CACTGTTTTT
,CGTTAACTAA
,GTATGGATAA
,GTTGTTGTTG
,TAATTTTAAT
,TACTTTTCAT
,TATTTTTAT
,TATTTTTAT
,TATTTTTAT
,TCAGTAATTC
,TGTAACTTTTCTGAA
,TTCTACTAAA
,TTGTCAGTTT
,TTTATAATTT
,TTTTAGTGGT
,TTGTTACACATTGTT
,ATTATAATAATATTA
,ATTCTACTAA
,GTATGGATAA
,GTGGTTTTAA
,GTTGTTGTTG
,TAATTTTAAT
,TATTTTTAT
,TATTTTTAT
,TATTTTTAT
,TCAGTAATTC
,TGGTGGTTTT
,TGTTGGTGTT
,TTACAACATT
,TTATAATTCA
,TTATAATTTT
,TTATACTAGT
,TTATTTTATT
,TTCTACTAAA
,TTTGTTGTTT
,TAATTTTAAT
,TAATTTTAAT
,AGTATTATGA
,ATTATAATAATATTA
,CACTGTTTTT
,TAATTTTAAT
,TACTTTTCAT
,TTGTTACACATTGTT
,CAAACACAAAC
,TAATTTTAAT
,TACTTTTCAT
,TCCTACCATCCT
,AAGAACCAAGAA
,ATTATAATAATATTA
,ATTATAATT
,ATTATAATT
,CGTTAACTAA
,CTCTCTTCTCTC
,GTAGAAGATG
,GTATGGATAA
,GTTGTTGTTG
,TAATTTTAAT
,TACTTTTCAT
,TAGACCGCCAGAT
,TATTCTTCTA
,TATTTTTAT
,TATTTTTAT
,TATTTTTAT
,TCTCTTCTCT
,TGTAACTTTTCT
,TGTTGGTGTT
,TTAAGCACGAATT
,TTCTCTTCTCTT
,TTGTCAGTTT
,TTTATAATTTAA
,ATTAATAAT
,ATTACAACATTA
,ATTACAACA
,TTAATAATA
,TTGTTACACATTGTT
,ATTCAAACTTA
,CAAACACAAAC
,TAATTTTAAT
,TTTTAATTTT
,AATTTTACT
,GGAAAAAGG
,TTAATAATT
,TTGTTTGTT
,TTGTTTTAT
,CAAACACAAAC
,ATTATAATAATATTA
,TGTAACTTTTCTG
,TTGTTACACATTGTT
,AACCCCCAA
,AACTGTCAA
,AATGAGTAA
,ACCTCACAT
,ACTATATCA
,ACTTTGTTAA
,AGTATTATGA
,ATATGTATA
,ATGTAACAA
,ATTATAATAATATTA
,ATTATAATT
,CAATATAAC
,CAGGTGGAC
,CATTACTGC
,CATTCTTAC
,CCGACAGCC
,CGTTAACTAA
,CTAATTTTGA
,CTATTTTTA
,GAATTTAAG
,GTGGTGGTG
,GTGTCTATTC
,GTTGTTGTTG
,TAACGCAAT
,TAATTTTAAT
,TAATTTTAA
,TACTTTTCAT
,TATTATTAT
,TATTTTATTTTAT
,TATTTTTAT
,TATTTTTAT
,TATTTTTAT
,TCAGTAATTC
,TCTCTTCTCT
,TGAAAAATC
,TGTATTTTA
,TGTTCGATC
,TGTTGGTGTT
,TGTTGTTGT
,TGTTTTTGT
,TTAACAAACAATT
,TTATAATTCA
,TTATAATTT
,TTCTAGAAAT
,TTGTCTGTT
,TTGTGATAA
,TTTACTAAT
,TTTACTAAT
,TTTATAATT
,TTTCACTTT
,TTTGTGATA
,TTTTAGACCA
,TTTTAGTGA
,TTTTTGTGG
,AGGTGGTGT
,TCAAGAACT
,TGTTTTTGT
,TTTAAATTT
,CAAACACAAAC
,TAATTTTAAT
,TTTTAATTTT
,ACTAAGAGT
,ATTATAATAATATTA
,GAATTTAAG
,GACCCCCAG
,GTAGTGTTC
,TAATTTTAAT
,TAATTTTAAT
,TAATTTTAAT
,TGTAACTTC
,TGTATTTTA
,TGTGGGTGT
,TTACACATT
,TTCAAACTT
,TTTCACTTT
,TTTTAGTGA
,TTTTATTTT
,TTTTGTTTT
,ATTATAATAATATTA
,TGTAACTTTTCTGAA
,ATTATAATAATATTA
,TTGTTACACATTGTT
,AACTTTCAA
,AATGAGTAA
,AATTTTTAA
,ACACAAACA
,ACATATTGT
,AGTAGTTTT
,ATAATAATA
,ATGGTCCTC
,ATGTAACAA
,ATTATAATAATATTA
,ATTATAATT
,ATTATTCTA
,ATTCTACTA
,ATTTTAATC
,CCATGACAT
,CTTCACTTC
,CTTCTAGAA
,CTTTTTAAT
,GAATTTAAG
,GTAAAAAAT
,GTAATTTTT
,GTAGGTGTT
,TAACAACTT
,TACATGTAT
,TATGGATAA
,TATTATTAT
,TATTTTTAT
,TATTTTTAT
,TATTTTTAT
,TGAAAAATC
,TGTTGTTGT
,TGTTTTTGT
,TTAACAATG
,TTAGTTTTG
,TTATAATTT
,TTGTGATAA
,TTGTTACACATTGTT
,TTTAAATTT
,TTTCATTGA
,TTTCGGATA
,TTTGTGATA
,TTTTTGTGG
,ATTATAATAATATTA
,TCCTACCATCCT
,TGTAACTTTTCTGAA
,ATCACACTA
,CAAACACAAAC
,GTGGTGGTG
,TAATTTTAAT
,TACTTTTCAT
,TTTCACTTT
,AGTGGTTAT
,ATAATATGAC
,ATAATATGA
,ATGTTGGTG
,ATTATAATAATATTA
,CAGATTTTA
,GTGGTGGAC
,GTTTTATAAC
,TAATAATAT
,TAATTTTAAT
,TATTAACAT
,TATTATTAAT
,TATTCGTATT
,TCTTGGTCA
,TGGATAGGT
,TTCACCAAG
,TTGTTACACATTGTT
,TTGTTTTAT
,TTTTAATTTT
,TTTTCTTTT
,ATCTGTCTA
,CCATGACAGTACC
,CTAAATTTAAATC
,TCTACATCT
,TGTAACTTC
,TTTGTTACGCATTGTTT
,TTTTGTTTT
,ACATTGTTACA
,GCGTATGCG
,TACAAACAT
,TTAATAATT
,TTAATATTT
,TTGTTACACATTGTT
,CAAACACAAAC
,TAATTTTAAT
,TACTTTTCAT
,ATTATAATAATATTA
,CACTGTTTTT
,CTAAATTTAAATC
,GTATTTTAGT
,TAATTTTAAT
,TACTTTTCAT
,TGTAACTTTTCT
,ATTTTACATTTTA
,TAATGAAAGTAAT
,TAATTTTAAT
,AAACACAAA
,AAATGGAGA
,AATTTTGCA
,ATGATACTT
,ATTCACTTA
,ATTGTTTTA
,CATTCTTAC
,GATGTTGTAG
,TAATTTTAAT
,TACTTTTCAT
,TCTTGGTCA
,TTGCCCGTT
,TTGTTTTAT
,TTTAAATCT
,TTTGTTACACATTGTTT
,TTTTAATTTT
,TTTTCTTTT
,TGTAACTTTTCTGAA
,ATTATAATAATATTA
,TAATTTTAAT
,TAGTGGTGAT
,TCAAACACAAACT
,TTAACCAATT
,TTTGTTGTTT
,AACTATCAA
,ACTTCTTCA
,TGATTTAGT
,TTAATAATT
,TTGTTACACATTGTT
,TTTGTTACTCATTGTTT
,CTAGATTTAGATC
,AATGAAAGTAA
,TAATTTTAAT
,TTAGACCAGATT
,TTTTAATTTT
,AAAATTAAT
,AACTTTCAA
,AAGTAATGC
,AATGAGTAA
,AATGGTGAT
,AATGGTGAT
,ACATATTGT
,ACTATATCA
,AGATGTTTT
,AGTATTATGA
,ATATGTATA
,ATTATAATAATATTA
,ATTATAATT
,CAGGTGGAC
,CATTACTGC
,CGTTAACTAA
,GAAACTGGTT
,GAAGATGTT
,GAAGATGTT
,GAAGTTATTT
,GAATTTAAG
,GAGTTTTGAG
,GGTAATATA
,GGTATGGAT
,GGTGAATTA
,GGTGATCTTG
,GTAGAAGATG
,GTAGAAGAT
,GTATGGATAA
,GTGACAATT
,GTGCCCGTG
,GTGTTTATTC
,GTTGTTGTTG
,TAATTTTAAT
,TAATTTTAGT
,TAATTTTAG
,TACTTTTCAT
,TATCAAACG
,TATGGGTCT
,TATTATTAT
,TATTCTTAT
,TATTTTTAT
,TATTTTTAT
,TATTTTTAT
,TCGTCGTTA
,TGTATTTTAA
,TGTTGGTGTT
,TGTTGTTGT
,TGTTTTTGT
,TTAACAATT
,TTCATACTT
,TTGTTACTCATTGTT
,TTTATAATT
,TTTCACTTT
,TTTTAATTTT
,TTTTAATTT
,TTTTAGTGA
,TTTTAGTGGT
,CAAACACAAAC
,TAATTTTAAT
,TACTTTTCAT
,TCCTACCATCCT
,ATTATAATAATATTA
,ATTCAAACTTA
,CAAACACAAAC
,TATTATTGGTG
,TTGTTACACATTGTT
,ATCACACTA
,CAAACACAAAC
,GTGGTGGTG
,TAATTTTAAT
,TACTTTTCAT
,TTTCACTTT
,CAAACACAAAC
,TAATTTTAAT
,TTTTAATTTT
,TAATTTTAAT
,AAAAGAACT
,AAATGGTGAT
,AATTCTGGT
,ACCACACCA
,ACCATACCA
,ACTATATCA
,ACTTTTTCA
,ATAATATTA
,ATAATTTTA
,ATATGTATA
,ATGAAAGTA
,ATGTTATTT
,ATTATAATAATATTA
,ATTGTTTTA
,ATTTGTTTT
,CAATATAAC
,CAATGTAAC
,CATCACTAC
,CATTCGTATT
,CCATACCACA
,CGTTCTGTT
,CTATTAATA
,CTTAGTAAT
,GGTGGTAAA
,GTAATTTTA
,GTGGTCTAC
,GTGTAGTAA
,GTTAAAAAA
,GTTGTTGTTG
,GTTTTATTG
,TAAATGGTG
,TAATTTTAAT
,TATCGTGGT
,TATGTATGG
,TATTCTTCT
,TATTTTTAT
,TGAAAAATA
,TGTTGGTCA
,TGTTGTTGT
,TTAATAATT
,TTATGGTTG
,TTCAGACCT
,TTCAGTTTCA
,TTGTTTTAT
,TTTACTTTTT
,TTTATAATTT
,TTTATATTT
,TTTCTCTTT
,TTTGGGTTT
,TTTGTTACACATTGTTT
,TTTTAATAT
,TTTTAATTTT
,TTTTAGTGGT
,TTGTTACACATTGTT
,AGTGGTTAT
,ATAATATGAC
,ATAATATGA
,ATGTTGGTG
,ATTAGATTA
,ATTATAATAATATTA
,ATTTTAGTG
,CAGATTTTA
,GTGGTGGAC
,GTTTTATAAC
,GTTTTATTA
,TAATAATAT
,TAATTTTAAT
,TATTAACAT
,TATTATTAAT
,TATTCGTATT
,TCTTGGTCA
,TGGATAGGT
,TTCACCAAG
,TTGTTACACATTGTT
,TTGTTTTAT
,TTTAATTTT
,TTTGTTTGAC
,TTTTAATTTT
,TTTTCTTTT
,TTTTGTTTG
,CAAACACAAAC
,TAATTTTAAT
,TACTTTTCAT
,TCCTACCATCCT
,ATTATAATAATATTA
,TGTAACTTTTCTGAA
,AAAATGGTG
,AAAGTTGTTT
,AAATGGTGT
,AATATTAATA
,AATGAGTAA
,AATGGTGTAG
,AATTCTTAA
,AATTTTTAA
,ACAACATTAC
,ACATATTTGT
,ACCAATTTT
,ACCATACCA
,ACTACATCA
,AGTACTTCT
,AGTAGTTTT
,AGTGTTTGT
,ATAAAAATA
,ATATGTATA
,ATCTGTCTA
,ATTGAGAAC
,ATTGTAATT
,CAGGTATGA
,CATTCTTAC
,CTATTATTAC
,GACATTACAG
,GTGTTTGTT
,GTTGTTGTTG
,TAACGCAAT
,TAACTCAAT
,TAATTTTAAT
,TATAATAGT
,TATGGATAA
,TATTCATTT
,TATTCGTAT
,TATTTTTAT
,TCACTAACG
,TCATTGTAA
,TCTACATCT
,TGAAAAATC
,TGTAACTTC
,TGTAAGGGT
,TGTTGTTGT
,TTACAGAGA
,TTATAATTT
,TTATTGAAGA
,TTCTCTCTT
,TTGGTCAGT
,TTGTCTGTT
,TTTACATCA
,TTTAGACCA
,TTTATAATTT
,TTTCACTTT
,TTTGTGATA
,TTTGTTACGCATTGTTT
,TTTTCACTT
,TTTTGTACAG
,TTTTTAATG
,CAAACACAAAC
,TAATTTTAAT
,TACTTTTCAT
,TCCTACCATCCT
,TAATTTTAAT
,CCATGACAGTACC
,ATTATAATAATATTA
,TTGTTACACATTGTT
,ATTCAAACTTA
,CAAACACAAAC
,TAATTTTAAT
,TTTTAATTTT
,AGTTGTGTTGA
,ATTATAATAATATTA
,CATGGTAAATG
,GTTACACATTG
,TAATTTTAAT
,TAATTTTAAT
,TCGTAATTTTAATGCT
,TGTGTTGATAA
,TTATAATAATA
,TTGGTTTGGTT
,TTGTTACACATTGTT
,TTGTTACACATTGTT
,AAAAGAACT
,AACTTATAA
,AATCACTAA
,ACAGATGTT
,ACTACATCA
,AGGTATGGA
,ATAATATTA
,ATAATTTTA
,ATATGTATA
,ATATTCAAA
,ATTATAATAATATTA
,ATTTTAATG
,CGACTCAGC
,CTATTAATA
,CTGCACAAG
,GACGTCAAC
,GATTATAAT
,GGTGGTAAA
,GTATTGTTG
,GTGCTCGTG
,GTTAAGCAG
,TAAATGGTG
,TAATTCACT
,TAATTTTAG
,TACTTCTAT
,TATTTTAAT
,TATTTTTAT
,TCTATAGAA
,TGTTGGTCA
,TGTTGTTGT
,TTAATAATT
,TTGTTACACATTGTT
,TTTAAATTT
,TTTAATTTT
,TTTCACTTT
,TTTCTCTTT
,AATGGTGAT
,ATAATATTA
,ATTATAATAATATTA
,CAATATAAC
,CAGGTGGAC
,CATTCTTAC
,GAATTTAAG
,GTGGTGGTG
,TAATTTTAAT
,TAATTTTAAT
,TAATTTTAAT
,TGGTTTGGT
,TGTAACTTTTCTGAA
,TGTATTTTA
,TGTTTTTGT
,TTTCACTTT
,TTTTAGTGA
,AGTATTATGA
,ATTATAATAATATTA
,CACTGTTTTT
,TAATTTTAAT
,TACTTTTCAT
,TTATACTAGT
,AAACATGCTG
,AACTTATAA
,ACATTGTTACA
,ATAATATTA
,ATGACAGTA
,ATGGTGGTC
,ATTATAATAATATTA
,ATTCAAACTTA
,CAAACACAAAC
,CGACTCAGC
,CTATTAATA
,CTTGGTCTA
,GCGTATGCG
,TAATTTTAAT
,TACAAACAT
,TTAAATGGTG
,TTAATAATT
,TTAATACTA
,TTAATATTT
,TTGTTACACATTGTT
,TTTCACTTT
,TTTTAATTTT
,ACATTGTTACA
,CACTGTTTTT
,TGTAACTTTTCTGAA
,TTATACTAGT
,TTGTTACACATTGTT
,ATAAAAATA
,ATCTGTCTA
,CATTCTTAC
,CCATGACAGTACC
,CTAAATTTAAATC
,GATTTTTGT
,TAACGCAAT
,TAACTCAAT
,TATTCGTAT
,TCTACATCT
,TGTAACTTC
,TGTAAGGGT
,TTTCACTTT
,TTTGTTACGCATTGTTT
,TTTTCACTT
,TTTTGTTTT
,TTGTTACACATTGTT
,ATTTTGGTTTTA
,TGTAACTTTTCTGAA
,AATTTATATG
,GATGTTGTAG
,TTGTTACACATTGTT
,AATATTAATA
,ATATAATATA
,CACTGTTTTT
,TAATTTTAAT
,TACTTTTCAT
,TAGTGGTGAT
,TGTAACTTTTCTGAA
,AAAAATTTA
,AAATTTTGT
,AATAATTTTTAATAA
,AATAATTTT
,AATCAGTAT
,AATGAGTAA
,AATTTTGTTTTAA
,ACAACATTA
,ACGCATTGT
,ACTATATCA
,ACTCATAAA
,ACTGAGTCA
,ACTTTGTAA
,ATATCACAA
,ATATGTATA
,ATTATAATAATATTA
,ATTGTGTTA
,ATTTTAGTG
,CATAAATAC
,CATCACTAC
,CTATTTTTA
,GGACCTATT
,GGTGTTATTGTGG
,GTATCAAAC
,GTGTAGTAA
,TAACACTAA
,TAATAATTT
,TAATTGTAT
,TACATTTTACAT
,TATAATGGA
,TATCTTTGT
,TATTTTTAT
,TATTTTTAT
,TATTTTTAT
,TCAAACCCAAACT
,TGAGTGTAA
,TGTTACGCATTGT
,TTAATAATAATT
,TTATGAAAG
,TTATGGTAA
,TTTCACTTT
,TTTGACCAGTTT
,TTTTCACTT
,TAATTTTAAT
,AACCAATTGTA
,AAGGTGTTTA
,AATAGTGTT
,AATATGTTTT
,AATGAGTAA
,AATTGTATT
,AATTTTAGTG
,AATTTTAGT
,AATTTTAGT
,AATTTTAGT
,ACATGTACA
,ACCATACCA
,ACTAAGAGT
,ACTATATCA
,ACTGTGTCA
,AGGTATGCA
,AGTTTTCAA
,ATTATAACAATATTA
,ATTGTTGTA
,ATTTTAGTT
,CAAACCCAAAC
,CAAGTTTTGT
,CATTCTTAC
,CATTGTAATT
,CATTGTAATT
,CATTGTTAC
,CTATTATTAC
,CTTTTTGTGG
,GGTTGTTGG
,GGTTTTAAAA
,GTAATTTTAGT
,GTATTACTG
,GTGGTTTTAA
,GTTGTTGGT
,GTTTCAGCA
,TAATTTTAAT
,TAATTTTAGTG
,TACAATAGTG
,TATAATTTTA
,TATGAGAGA
,TATTATTACC
,TATTATTAC
,TATTCGCTTAT
,TATTCGTAT
,TATTCTTCTA
,TATTTTTAT
,TCACATACACT
,TCTGTCTGTCT
,TCTTACTTC
,TGAATAAGT
,TGGTGGTTG
,TGGTTTAAT
,TGTTACAGA
,TGTTATATTGT
,TGTTGTTGT
,TTACAAGTT
,TTACTTCTA
,TTCTTCAGT
,TTGTCTGTT
,TTGTGATAA
,TTGTTACACATTGTT
,TTTAACAATTT
,TTTCAGATGG
,TTTGTATAA
,TTTGTGATA
,TTTTAGTGGT
,AGTGGTTAT
,ATAATATGA
,ATGTTGGTG
,ATTATAATAATATTA
,ATTTTAGTG
,CAATGTAAC
,CAGATTTTA
,GTGGTGGAC
,GTTTTATAAC
,TAATAATAT
,TAATTTTAAT
,TATTAACAT
,TATTCGTATT
,TCTTGGTCA
,TGGATAGGT
,TTCACCAAG
,TTGTTTTAT
,TTTGTTTGAC
,TTTTAATTTT
,TTTTCTTTT
,TTTTGTTTG
,AAAATTAAAA
,ATTAAAATTA
,GTTTGTGTTTG
,TAAGTTTGAAT
,GTTACCCATTG
,ATTATAATAATATTA
,TGTAACTTTTCTGAA
,CAAACACAAAC
,TAATTTTAAT
,TACTTTTCAT
,TCCTACCATCCT
,TTGTTACACATTGTT
,TTGTTACACATTGTT
,ATAAAAATA
,ATCTGTCTA
,CATTCTTAC
,CCATGACAGTACC
,CTAAATTTAAATC
,GATTTTTGT
,TAACGCAAT
,TAACTCAAT
,TATTCGTAT
,TCTACATCT
,TGTAACTTC
,TGTAAGGGT
,TTTCACTTT
,TTTGTTACGCATTGTTT
,TTTTCACTT
,TTTTGTTTT
,TTGTTACACATTGTT
,TAATTTTAAT
,ATTATAATAATATTA
,CAGACGGCAGAC
,GCCTTATTCCG
,GGAATTTAAGG
,GTTACACATTG
,TAATTTTAAT
,TAGTGGTGAT
,TCAAACACAAACT
,TCTTCACTTCT
,TTAACCAATT
,TTATGCGTATT
,TTTGTTGTTT
,TAATTTTAAT
,TGTTAAACCTA
,TTAATTTTAATT
,TTTTAATTTT
,CAAACACAAAC
,TAATTTTAAT
,TACTTTTCAT
,TCCTACCATCCT
,CAAACACAAAC
,TAATTTTAAT
,TACTTTTCAT
,ATGACAGTA
,ATGACAGTA
,CCATGACAGTACC
,CTAAATTTAAATC
,TTTGTTACGCATTGTTT
,AAGGTGTTTA
,ACTTTGTTAA
,AGGATCTTAT
,AGTATTATGA
,ATTATAATAATATTA
,ATTATAATT
,ATTATAATT
,CACTGTTTTT
,CGTTAACTAA
,GTATGGATAA
,GTTGTTGTTG
,TAATATTGGT
,TAATTTTAAT
,TAATTTTAGT
,TACTTTTCAT
,TATTTTTAT
,TATTTTTAT
,TATTTTTAT
,TCAGTAATTC
,TGTTGGTGTT
,TTCTACTAAA
,TTGTCAGTTT
,TTTACTAAT
,TTTACTAAT
,TTTATAATTT
,TTTTAGTGGT
,AAGTAATGC
,AATGGTGAT
,AGTATTATGA
,ATTATAATAATATTA
,CACTGTTTTT
,CAGGTGGAC
,GAATTTAAG
,GTGACAATT
,GTGGTGGTG
,TAATCATACTAAT
,TAATTTTAAT
,TAATTTTAA
,TACTAATCAT
,TACTTTTCAT
,TGTAACTTTTCTGAA
,TGTATTTTAA
,TGTATTTTA
,TGTTTTTGT
,TTCATACTT
,TTTCACTTT
,TTTTAGTGA
,AAAATTAAT
,AAACTGGTT
,AACTTTCAA
,AAGTAATGC
,AATGAGTAA
,ACATATTGT
,ACTATATCA
,AGTATTATGA
,ATAATGATT
,ATATGTATA
,ATTATAATAATATTA
,ATTATAATT
,CACAATTAT
,CAGGTGGAC
,CATTACTGC
,CTCTCTCTC
,GAAGATGTT
,GAAGTTATTT
,GAATTTAAG
,GGAATTTAA
,GGTGAATTA
,GTAGAAGATG
,GTGACTCTCT
,GTGGTGGTG
,GTTGTTGTTG
,TAACAACTT
,TAATTCTCT
,TAATTTTAAT
,TAATTTTAA
,TAATTTTAGT
,TAATTTTAG
,TACTAATCAT
,TACTTTTCAT
,TATAATAAT
,TATCAAACG
,TATTATTAT
,TATTCTTAT
,TATTCTTCT
,TATTTTTAT
,TATTTTTAT
,TATTTTTAT
,TGTAACTTTTCTGAA
,TGTATTTTAA
,TGTATTTTA
,TGTTGGTCA
,TGTTGGTGTT
,TGTTGTTGT
,TGTTTTTGT
,TTCATACTT
,TTTACTAAT
,TTTACTAAT
,TTTAGTGGT
,TTTATAATTT
,TTTCACTTT
,TTTCTCTTT
,TTTTAATTTT
,TTTTAATTT
,TTTTCACTT
,TTGTTACTCATTGTT
,AGTATTATGA
,ATTATAATAATATTA
,CACTGTTTTT
,TAATTTTAAT
,TACTTTTCAT
,TGTAACTTTTCTGAA
,AAGGTGTTTA
,ACTTTGTTAA
,ATTATAATAATATTA
,ATTATAATT
,ATTATAATT
,ATTCTACTAA
,CACTGTTTTT
,CGTTAACTAA
,GTATGGATAA
,GTTGTTGTTG
,TAATTTTAAT
,TAATTTTAGT
,TACTTTTCAT
,TATTTTTAT
,TATTTTTAT
,TATTTTTAT
,TCAGTAATTC
,TGGTAATATA
,TGTAACTTTTCTGAA
,TGTTGGTGTT
,TTCTACTAAA
,TTGTCAGTTT
,TTTACTAAT
,TTTACTAAT
,TTTATAATTT
,TTTTAGTGGT
,ATTATAATAATATTA
,CACTGTTTTT
,GTATTTTAGT
,TAATTTTAAT
,TACTTTTCAT
,TGTAACTTTTCT
,TAATTTTAAT
,AATACTGGC
,AGTTTTAGA
,ATCAGACTA
,ATCATACTT
,ATTATAATAATATTA
,CACAAACTA
,CATTCTTAC
,CTTTAACGG
,GGAATTTAAGG
,GTGTTCATA
,GTTACACATTG
,TAACCAATT
,TAATTTTAAT
,TAGTGGTGAT
,TATTCTTAT
,TCAAACACAAACT
,TCTTCACTTCT
,TTAACCAATT
,TTAATAATT
,TTATGCGTATT
,TTGGTGGTT
,TTTGTTGTTT
,ATAAAAATA
,ATCTGTCTA
,CATTCTTAC
,CCATGACAGTACC
,CTAAATTTAAATC
,GATTTTTGT
,TAACGCAAT
,TAACTCAAT
,TATTCGTAT
,TCTACATCT
,TGTAACTTC
,TTTCACTTT
,TTTGTTACCCATTGTTT
,TTTTCACTT
,TTTTGTTTT
,TTTTTAATG
,TTTGTTACACATTGTTT
,AGTGGTTAT
,ATAATATGAC
,ATAATATGA
,ATGTTGGTG
,ATTAGATTA
,ATTATAATAATATTA
,ATTTTAGTG
,CAACCCTTG
,CAGATTTTA
,GTGGTGGAC
,GTTTTATAAC
,GTTTTATTA
,TAATAATAT
,TAATTTTAAT
,TATTAACAT
,TATTATTAAT
,TATTCGTATT
,TGGATAGGT
,TTCACCAAG
,TTGTTACACATTGTT
,TTGTTTTAT
,TTTAATTTT
,TTTGTTTGAC
,TTTTAATTTT
,TTTTCTTTT
,TTTTGTTTG
,TTGTTACACATTGTT
,AACTTTCAA
,AAGGTGTTTA
,AATGAGTAA
,AATGGTGAT
,AATTATATT
,ACATATTGT
,ACCTCACAT
,ACTACTTTA
,ACTATATCA
,ACTTTGTTAA
,AGAAGATAT
,AGGATCTTAT
,ATATGTATA
,ATGTAACAA
,ATTATAATAATATTA
,ATTATAATT
,ATTATAATT
,ATTCTACTAA
,ATTCTGCCA
,CAATATAAC
,CACAATTAT
,CACTGTTTTT
,CAGGTGGAC
,CATTCTTAC
,CGTTAACTAA
,CTTAACAGT
,GAATTTAAG
,GGTGAATTA
,GTATGGATAA
,GTGGTGGTG
,GTTGTTGTTG
,TAATTTTAAT
,TAATTTTAGT
,TACTAATTA
,TACTTTTCAT
,TATTATTAT
,TATTCTTAT
,TATTTTTAT
,TATTTTTAT
,TATTTTTAT
,TCAGTAATTC
,TGAAAAATC
,TGGCAATATA
,TGTAACTTTTCTGAA
,TGTATTTTA
,TGTTGAGTA
,TGTTGGTGTT
,TGTTGTTGT
,TGTTTTTGT
,TTATACTAGT
,TTATACTAGT
,TTCTACTAAA
,TTGTCAGTTT
,TTGTCTGTT
,TTGTGATAA
,TTTACTAAT
,TTTACTAAT
,TTTATAGAA
,TTTCACTTT
,TTTCTCTTT
,TTTGTGATA
,TTTTAGTGA
,TTTTAGTGGT
,AAATGGTGA
,AACATATTG
,AAGTCACTGT
,AATCACTAA
,AATGAGTAA
,ACCATACCA
,ACTACATCA
,ACTCATAACT
,ACTTATATTA
,AGTAATCTC
,AGTAGTTTT
,ATAATATTA
,ATATAGAGG
,ATATGTATA
,ATATTTTATA
,ATTATAATAATATTA
,ATTATAATT
,ATTCCCTTA
,ATTCTTCTA
,ATTGTTTTA
,ATTTTGTTT
,CGTGGTCAA
,GAAACCAAAG
,GATTATAAT
,GCAGGTAATG
,GGTGGTAAA
,GTAGTTTTAG
,GTCAATACT
,GTCGTGCTG
,GTCTGTTAAT
,GTGCTCGTG
,GTTGTTGTTG
,TAATTATTT
,TAATTTTAAT
,TAATTTTGA
,TAGTTTTAG
,TATTTTGTT
,TATTTTTAT
,TCTGTCTTT
,TGGTTTTAA
,TGTCTGTTA
,TGTTGGTCA
,TGTTGTTGT
,TTAAATGGTG
,TTAATAATT
,TTAATTTAA
,TTATAATTC
,TTATAATTT
,TTATCGTGA
,TTCTGTCTT
,TTGTTTTCAC
,TTGTTTTCA
,TTTAATTTT
,TTTATAATT
,TTTATCGTG
,TTTCTCTTT
,TTTGTTACACATTGTTT
,TTTTAATTTT
,TTTTGTTTT
,TGTAACTTTTCTGAA
,TTGTTACACATTGTT
,AGTATTATGA
,ATTATAATAATATTA
,CACTGTTTTT
,TAATTTTAAT
,TACTTTTCAT
,ATTATAATAATATTA
,CACGTGAGTGCAC
,TGTAACTTTTCTGAA
,TGTAACTTTTCTGAA
,TTGTTACACATTGTT
,TTGTTACACATTGTT
,CAAACACAAAC
,TAATTTTAAT
,TCCTACCATCCT
,AACTTATAA
,AATCACTAA
,ATAATATTA
,ATGACAGTA
,ATGGTGGTC
,ATTATAATAATATTA
,CGACTCAGC
,CTATTAATA
,CTGCACAAG
,CTTGGTCTA
,GCGTATGCG
,TTAATAATT
,TTAATACTA
,TTGTTACACATTGTT
,TTTCACTTT
,ACATTGTTACA
,CAAACACAAAC
,TTGTTACACATTGTT
,TTAATTTTAATT
,TTATAATAATATT
,TTATAATATT
,TTTTAATTTT
,CAAACACAAAC
,TAATTTTAAT
,TACTTTTCAT
,ATTATAATAATATTA
,TGTAACTTTTCTGAA
,AACTTATAA
,AACTTTCAA
,AAGGTTAAC
,AATCACTAA
,AATGAGTAA
,ACGCCATAC
,ACTACATCA
,ACTTCTTTTG
,ATAATATTA
,ATATGTATA
,ATATTCAAA
,ATATTTGTG
,ATGACAGTA
,ATGGTGGTC
,ATTATAATAATATTA
,ATTATAATT
,CATAATTTTG
,CGACTCAGC
,CTATTAATA
,CTGCACAAG
,CTTGGTCTA
,GATTATAAT
,GCGTATGCG
,GGTGGTAAA
,GGTGTTGTGG
,GGTGTTTAT
,GGTGTTTAT
,GTAATTTTAG
,GTGCTCGTG
,GTTAAGCAG
,GTTGTTGTTG
,TAATTCACT
,TAATTTTAAT
,TAATTTTGA
,TATTCTTCTA
,TATTTTTAT
,TGCGACAACA
,TGGATTACC
,TGGTTTTAA
,TGTTGTTGT
,TTAAATGGTG
,TTAATAATT
,TTAATACTA
,TTAATATTT
,TTATAATTT
,TTCAGACCA
,TTGTTACACATTGTT
,TTTAATTTT
,TTTATAATTT
,TTTCACTTT
,TTTCTCTTT
,TTTTAATTTT
,TTTTGAATG
,CAAACACAAAC
,TAATTTTAAT
,TACTTTTCAT
,TGTATTATGT
,TTGTTACACATTGTT
,GTGAAAGTA
,TAATGAAAG
,TTGACAGTT
,TTTTATTTT
,ATAATATGAC
,TGAAAAAAGT
,TTGTTACACATTGTT
,ATTTTACATTTTA
,TAATGAAAGTAAT
,TAATTTTAAT
,TTTGTTGTTT
,GTAATAATG
,TGTTGTTGT
,TTCTTTCTT
,AACTTATAA
,AACTTTCAA
,AAGGTTAAC
,AATCACTAA
,AATGAGTAA
,AATTTTGTA
,ACGCCATAC
,ACTACATCA
,ACTTCTTTTG
,ATAATATTA
,ATATGTATA
,ATATTCAAA
,ATATTTGTG
,ATGACAGTA
,ATGGTGGTC
,ATTATAATAATATTA
,ATTATAATT
,CATAATTTTG
,CGACTCAGC
,CTATTAATA
,CTGCACAAG
,CTTGGTCTA
,GATTATAAT
,GCGTATGCG
,GGTGGTAAA
,GGTGTTGTGG
,GGTGTTTAT
,GGTGTTTAT
,GTAATTTTAG
,GTGCTCGTG
,GTTAAGCAG
,GTTGTTGTTG
,TAATTCACT
,TAATTTTAAT
,TAATTTTGA
,TATTCTTCTA
,TATTTTTAT
,TGCGACAACA
,TGGATTACC
,TGGTTTTAA
,TGTTGTTGT
,TTAAATGGTG
,TTAATAATT
,TTAATACTA
,TTAATATTT
,TTATAATTT
,TTCAGACCA
,TTGTTACACATTGTT
,TTTAATTTT
,TTTATAATTT
,TTTCACTTT
,TTTCTCTTT
,TTTTAATTTT
,TTTTGAATG
,CAAACACAAAC
,TAATTTTAAT
,TACTTTTCAT
,AGTGGTTAT
,ATAATATGA
,ATGTTGGTG
,ATTATAATAATATTA
,ATTTTAGTG
,CAGATTTTA
,GTGGTGGAC
,GTTTTATAAC
,TAATAATAT
,TAATTTTAAT
,TATTAACAT
,TATTATTAAT
,TATTCGTATT
,TCTTGGTCA
,TGGATAGGT
,TTCACCAAG
,TTGTTTTAT
,TTTGTTTGAC
,TTTTAATTTT
,TTTTCTTTT
,TTTTGTTTG
,AGTATTATGA
,ATTATAATAATATTA
,CACTGTTTTT
,TAATTTTAAT
,TACTTTTCAT
,TGTAACTTTTCTGAA
,AAATGGACA
,AGTTTTTGA
,ATTCTATTT
,ATTGCGTTA
,CAGGAGGAC
,GTAAATTTA
,GTTGTACTT
,GTTTATTAA
,TAATTTTAAT
,TAGTGGTAA
,TAGTGGTGAT
,TCATGTACT
,TCTATATCT
,TGATAATAGT
,TGGTTTTGGT
,TGTTGTTGT
,TGTTTTAAA
,TTAACAATT
,TTATTAATC
,TTTAATAAA
,TTTCACTTT
,TTTTAATAA
,TTTTAATTTT
,TTTTGGTGTA
,TTTTGTTACACATTGTTTT
,TTTTTCCTTTTT
,TAATTTTAAT
,ATTATAATAATATTA
,TGTAACTTTTCTGAA
,ATTATAATAATATTA
,TTGTTACACATTGTT
,ATTATAATAATATTA
,TTGTTACACATTGTT
,TTGTTACACATTGTT
,TGTAACTTTTCTGAA
,TTGTTACACATTGTT
,TTGTTACACATTGTT
,TTAACAATT
,TTAACAATT
,TTAACAATT
,TTTGTTACGCATTGTTT
,ATTATAATAATATTA
,AGTGGTTAT
,ATAATATGA
,ATGTTGGTG
,ATTATAATAATATTA
,ATTTTAGTG
,CAGATTTTA
,GTGGTGGAC
,GTTTTATAAC
,TAATAATAT
,TAATTTTAAT
,TATTAACAT
,TATTATTAAT
,TATTCGTATT
,TCTTGGTCA
,TGGATAGGT
,TTCACCAAG
,TTGTTACACATTGTT
,TTGTTTTAT
,TTTGTTTGAC
,TTTTAATTTT
,TTTTCTTTT
,TTTTGTTTG
,TAATTTTAAT
,CATTATAATAATATTAC
,TTTGTTACCCATTGTTT
,AGTATTATGA
,ATTATAATAATATTA
,CACTGTTTTT
,TAATCATACTAAT
,TAATTTTAAT
,TACTAATCAT
,TGTAACTTTTCTGAA
,TGTATTTTAA
,TGTATTTTAA
,AACTTTCAA
,AAGGTGTTTA
,AATAATTTC
,AATGAGTAA
,ACATATTGT
,ACTATATCA
,ACTTTGTTAA
,AGAAGATAT
,AGGATCTTAT
,AGTATTATGA
,ATATGTATA
,ATGTAACAA
,ATTATAATAATATTA
,ATTATAATT
,ATTATAATT
,ATTTCACAT
,CAATATAAC
,CACAATTAT
,CACTGTTTTT
,CAGGTGGAC
,CATTACTGC
,CATTCTTAC
,CCGATAGCC
,CGTTAACTAA
,GAATTTAAG
,GTATGGATAA
,GTGGTGGTG
,GTTGTTGTTG
,TAATTTTAAT
,TAATTTTAA
,TAATTTTAGT
,TAATTTTGA
,TACTTTTCAT
,TATTATTAT
,TATTCTTCT
,TATTTTTAT
,TATTTTTAT
,TATTTTTAT
,TCAGTAATTC
,TGAAAAATC
,TGTATTTTA
,TGTTGGTGTT
,TGTTGTTGT
,TTAATAATT
,TTATTACGG
,TTGTCAGTTT
,TTGTCTGTT
,TTGTGATAA
,TTTACTAAT
,TTTACTAAT
,TTTATAATTT
,TTTCACTTT
,TTTCTCTTT
,TTTGTGATA
,TTTTAGTGA
,TTTTAGTGGT
,TTTTTGTGG
,ATTCAAACTTA
,CAAACACAAAC
,TAATTTTAAT
,TTTTAATTTT
,TGTAACTTTTCT
,GTTACCCATTG
,TTTGTGGTGTTT
,TTTGTTACACATTGTTT
,CAAACACAAAC
,TAATTTTAAT
,TTTTAATTTT
,CAAACACAAAC
,TAATTTTAAT
,TACTTTTCAT
,AAGTAATGCT
,AATATTAATA
,ATTATAATATTA
,TAATAATTAT
,TAATTTTAAT
,CAAACACAAAC
,TAATTTTAAT
,TACTTTTCAT
,TAATTTTAAT
,ATTATAATAATATTA
,ATTATAATAATATTA
,TTGTTACACATTGTT
,ATTATAATAATATTA
,ATACTTTTCATA
,ATATAATGGT
,ATTATAATAATATTA
,CACTGTTTTT
,TAACACAACT
,TAATTTTAAT
,TGTATTTTAA
,TTATAATATT
,TTTAACAGTT
,TTTGTTACACATTGTTT
,TTGTTACACATTGTT
,TTGTTACACATTGTT
,ATTCAAACTTA
,CAAACACAAAC
,TAATTTTAAT
,TTTTAATTTT
,ATTATAATAATATTA
,TGTAACTTTTCTGAA
,CAAACACAAAC
,TAATTTTAAT
,TACTTTTCAT
,TTGTTACTCATTGTT
,TAATTTTAAT
,AGTATTATGA
,ATTATAATAATATTA
,CACTGTTTTT
,TAATTTTAAT
,TACTTTTCAT
,TGTAACTTTTCTGAA
,TTATACTAGT
,CAAACACAAAC
,TAATTTTAAT
,TACTTTTCAT
,TCCTACCATCCT
,AACTTATAA
,AATCACTAA
,ACATTTTACA
,ATAATATTA
,ATGACAGTA
,ATGGTGGTC
,ATTATAATAATATTA
,CGACTCAGC
,CTATTAATA
,CTGCACAAG
,CTTGGTCTA
,GCGTATGCG
,TAATTTTAAT
,TACAAAACAT
,TTAAATGGTG
,TTAATAATT
,TTAATACTA
,TTACACATT
,TTTCACTTT
,TTTTAATTTT
,TTTTTAATTT
,TGGTCCTGGT
,TTGTTACACATTGTT
,TTTGTTTGAC
,ATTATAATAATATTA
,TAGACCACCAGAT
,TTGTTACACATTGTT
,TAATTTTAAT
,ATTCAAACTTA
,CAAACACAAAC
,TAATTTTAAT
,TTTTAATTTT
,CAAACACAAAC
,TAATTTTAAT
,TACTTTTCAT
,TCCTACCATCCT
,ATTATAATAATATTA
,TTGTTACACATTGTT
,AGTGGTTAT
,ATAATATGA
,ATGTTGGTG
,ATTATAATAATATTA
,ATTTTAGTG
,CAGATTTTA
,GTGGTGGAC
,GTTTTATAAC
,TAATAATAT
,TAATTTTAAT
,TATTAACAT
,TATTATTAAT
,TATTCGTATT
,TCTTGGTCA
,TGGATAGGT
,TTCACCAAG
,TTGTTACACATTGTT
,TTGTTTTAT
,TTTGTTTGAC
,TTTTAATTTT
,TTTTCTTTT
,TTTTGTTTG
,AGTATTATGA
,ATTATAATAATATTA
,CACTGTTTTT
,TAATTTTAAT
,TACTTTTCAT
,TGTAACTTTTCTGAA
,AAAGTGGTG
,AACTTTCAA
,AAGGTGTTTA
,AATGAGTAA
,AATGGTGAT
,AATTTTAGT
,ACATATTGT
,ACTATATCA
,AGAAGATAT
,ATATGTATA
,ATCGCTTCA
,ATCTGTCTA
,ATGTAACAA
,ATTATAATAATATTA
,ATTATAATT
,ATTATAATT
,CACAATTAT
,CATTCTTAC
,CCATGACAGTACC
,CGAATTAAGC
,CGTTAACTAA
,CTAAATTTAAATC
,GATTTTTGT
,GGTTTACTA
,GTACTTTTT
,GTATGGATAA
,GTGGTGGTG
,GTTGTTGTTG
,TAATTCATT
,TAATTTTAAT
,TATGATTCC
,TATTATTAT
,TATTTTTAT
,TATTTTTAT
,TATTTTTAT
,TCAGTAATTC
,TCATTGTAA
,TCTACATCT
,TGAAAAATC
,TGGTAATATA
,TGTAACTTC
,TGTTGTTGT
,TGTTTTTGT
,TTAATAATT
,TTCTACTAAA
,TTGTCTGTT
,TTGTGATAA
,TTTACTAAT
,TTTACTAAT
,TTTCACTTT
,TTTGTGATA
,TTTGTTACGCATTGTTT
,TTTTAGTGGT
,TTTTCACTT
,TTTTGTTTT
,TTTTTGTGG
,AACTTATAA
,AACTTTCAA
,AAGGTTAAC
,AATCACTAA
,AATGAGTAA
,ACGCCATAC
,ACTACATCA
,ATAATATTA
,ATATGTATA
,ATATTCAAA
,ATGACAGTA
,ATGGTGGTC
,ATTATAATAATATTA
,CGACAATAT
,CGACTCAGC
,CTATTAATA
,CTGCACAAG
,CTTGGTCTA
,GGTGGTAAA
,GTATTGTTG
,GTGCTCGTG
,GTTAAGCAG
,TAATTCACT
,TAATTTTGA
,TATAAATAT
,TATTTTTAT
,TGGTTTTAA
,TGTTGTTGT
,TTAATAATT
,TTAATACTA
,TTATAATTT
,TTGTTACACATTGTT
,TTTAATTTT
,TTTCACTTT
,TTTTGAATG
,AACTTTCAA
,AAGGTGTTTA
,AATGAGTAA
,AATGGTGAT
,ACATATTGT
,ACTATATCA
,ACTTTGTTAA
,AGAAGATAT
,AGGATCTTAT
,AGTACTTTT
,ATATGTATA
,ATGTAACAA
,ATTATAATAATATTA
,ATTATAATT
,ATTATAATT
,ATTCTGCCA
,ATTGATGGT
,CAATATAAC
,CACAATTAT
,CACTGTTTTT
,CAGGTGGAC
,CGTTAACTAA
,CTATTTTTA
,GAATTTAAG
,GGTGAATTA
,GTATGGATAA
,GTGGTGGTG
,GTTGTTGTTG
,TAACAACTT
,TAATTTTAAT
,TAATTTTAGT
,TACTTTTCAT
,TATAATTTTA
,TATTATTAT
,TATTTTTAT
,TATTTTTAT
,TATTTTTAT
,TCAGTAATTC
,TGAAAAATC
,TGTAACTTTTCTGAA
,TGTATTTTA
,TGTTGGTGT
,TGTTGTTGT
,TTATACTAGT
,TTATACTAGT
,TTCTACTAAA
,TTGTCAGTTT
,TTGTCTGTT
,TTGTGATAA
,TTTACTAAT
,TTTACTAAT
,TTTCACTTT
,TTTGTGATA
,TTTTAGTGA
,TTTTAGTGGT
,TTTTCTGAA
,TTTTTGTGG
,AATACTCTA
,AGTTATCTA
,ATAACAATA
,ATCTGTCTA
,CATTCTTAC
,CCATGACAGTACC
,CTAAATTTAAATC
,TAACGCAAT
,TAACTCAAT
,TATTCGTAT
,TCTACATCT
,TGTAACTTC
,TTTCACTTT
,TTTGTTACGCATTGTTT
,TTTTCACTT
,TTTTTAATG
,ACAACTCAACA
,ATCATACTA
,CAGGTGGAC
,CGATGGTAGC
,GCTATATCG
,GTTTTATTC
,TACTAATCAT
,TTGTAGATGTT
,ATATAATATA
,CGGTTGGTTGGC
,GATGTTGTAG
,TAATTTTAAT
,TACTTTTCAT
,TATAATGGTG
,TTATTTTATT
,TTGTTACGCATTGTT
,TTTTAATTTT
,AAAATTAAT
,AAACTGGTT
,AACTTTCAA
,AAGTTTTGAA
,AATGAGTAA
,AATTCTCTTAA
,ACATATTGT
,ACTATATCA
,AGAAGATAT
,AGGATGTTA
,AGTTTTAATTT
,ATAATAATA
,ATATAATATA
,ATATAATGGT
,ATATGTATA
,ATCGCTTCA
,ATTATAATAATATTA
,ATTATAATT
,ATTGTTTTG
,ATTTATTGT
,CAAACACAAAC
,CAAACTATT
,CACAATTAT
,CAGCAGTTT
,CAGTGTTTG
,CATTACTGC
,CCACCTATCCACC
,CTAAATTTAAATC
,CTATTAATA
,CTTGTGGTT
,CTTTTTAAT
,GAATTTAAG
,GTAATTCTG
,GTAGAAGATG
,GTAGGTGTT
,GTAGTTTTA
,GTATGGATAA
,GTCAATGGT
,GTGATGACA
,GTTGGTGTT
,GTTGTTGTTG
,GTTTTAGAC
,TAATTTTAAT
,TACTTTTCAT
,TAGGTATGGAT
,TATCCATGACA
,TATTATTAT
,TATTCTTAT
,TATTTTTAT
,TATTTTTAT
,TATTTTTAT
,TCAGTAATTC
,TGGTAATATA
,TGTAAAGGTG
,TGTATTTTAA
,TGTTGTTGT
,TTAACAATT
,TTATAATAATA
,TTATAATTTTA
,TTCTACTAAT
,TTCTACTAA
,TTTATAATTT
,TTTCTCTTT
,TTTGTTACACATTGTTT
,TTTTAATTTT
,TTTTAATTT
,TTTTAGTGGT
,TTTTTAATT
,TAATTTTAAT
,CAAACACAAAC
,TAATTTTAAT
,TACTTTTCAT
,TAATGAAAGTAAT
,AATATTAGT
,AATCAAAGT
,AATGAGTAA
,ACATGTACA
,ACTATATCA
,ACTGTTTTT
,ACTTAATGT
,AGAAGATAT
,ATAGATGTTT
,ATATAATATA
,ATCTGTCTA
,ATGTAACAA
,ATTATAATAATATTA
,CAATGTAAC
,CAGGTGGAC
,CAGTTTCAA
,CATTCTTAC
,CGTTAACTAA
,CTCTCTTCTCTC
,CTTATATTC
,CTTTTATTA
,GAATTTAAG
,GAGCCCTTA
,GTAAATTATA
,GTATGGATAA
,GTGGTGGTG
,GTTATAGTA
,TAAATTATA
,TAACAACTT
,TAATTTTAAT
,TAATTTTAA
,TAATTTTAGT
,TACTTTTCAT
,TATTCTTCTA
,TATTTTTAT
,TGATTATAA
,TGTAACTTTTCT
,TGTATTTTA
,TGTTGGTCA
,TGTTGGTGTT
,TGTTTTTGT
,TTACTGTTT
,TTATACTAGT
,TTTAAATTT
,TTTACTAAT
,TTTACTAAT
,TTTATAATTT
,TTTCACTTT
,TTTCTCTTT
,TTTGACCAGTTT
,TTTTAGTGA
,TTTTATTTT
,AACTTATAA
,AACTTTCAA
,AAGGTTAAC
,AATCACTAA
,AATGAGTAA
,ACGCCATAC
,ACTACATCA
,ACTTCTTTTG
,ATAATATTA
,ATATGTATA
,ATATTCAAA
,ATATTTGTG
,ATGACAGTA
,ATGGTGGTC
,ATTATAATAATATTA
,CATAATTTTG
,CGACTCAGC
,CTATTAATA
,CTGCACAAG
,CTTGGTCTA
,GATCATAATT
,GCGTATGCG
,GGTGGTAAA
,GGTGTTTAT
,GGTGTTTAT
,GTAATTTTAG
,GTGCTCGTG
,GTTAAGCAG
,GTTGTTGTTG
,TAATTCACT
,TAATTTTAAT
,TAATTTTGA
,TATTCTTCTA
,TATTTTTAT
,TGCGACAACA
,TGGATTACC
,TGGTTTTAA
,TGTTGTTGT
,TTAAATGGTG
,TTAATAATT
,TTAATACTA
,TTAATATTT
,TTATAATTT
,TTCAGACCA
,TTGTTACACATTGTT
,TTTAATTTT
,TTTATAATTT
,TTTCACTTT
,TTTCTCTTT
,TTTTAATTTT
,TTTTGAATG
,AACTTATAA
,AATCACTAA
,ACATTGTTACA
,ATAATATTA
,ATGACAGTA
,ATGGTGGTC
,ATTATAATAATATTA
,ATTCAAACTTA
,CAAACACAAAC
,CGACTCAGC
,CTATTAATA
,CTGCACAAG
,CTTGGTCTA
,GCGTATGCG
,TACAAACAT
,TTAATAATT
,TTAATATTT
,TTGTTACACATTGTT
,TTTCACTTT
,TAATTTTAAT
,AAGTAATGC
,AGTATTATGA
,ATTATAATAATATTA
,CAGGTGGAC
,GAATTTAAG
,GTGGTGGTG
,TAATTTTAAT
,TAATTTTAA
,TACTTTTCAT
,TATAATAAT
,TATTCTTAT
,TGTAACTTTTCTGAA
,TGTATTTTAA
,TGTATTTTA
,TGTTTTTGT
,TTCATACTT
,TTTCACTTT
,TTTTCACTT
,CAAACACAAAC
,TAATTTTAAT
,TACTTTTCAT
,TCCTACCATCCT
,AATTTTAGTG
,ACTTATATTA
,AGTTTCAATT
,CTTTTTGTGG
,GAAGATGTT
,GAAGATGTT
,GTAGAAGATG
,GTTGTTGTTG
,TAATAGTTTT
,TAATTCTGGT
,TATCGTGAGA
,TATTCTTCTA
,TTTATAATTT
,AAACTGGTT
,AACTTTCAA
,AATGAGTAA
,AATTTAATA
,ACATATTGT
,ACTAAGAGT
,ACTAGATCA
,AGAAGATAT
,AGGTATGGA
,AGTAGTTTT
,ATAATAATA
,ATATGTATA
,ATTATAATAATATTA
,ATTATAATT
,ATTGTTTTG
,CACAATTAT
,CATTACTGC
,CATTCTTAC
,CCGATAGCC
,CTAAATTTA
,CTATTAATA
,GAAGATGTT
,GAATTTAAG
,GGGACATATT
,GTAGAAGATG
,GTAGGTGTT
,GTGTCTATTC
,GTTGTTGTTG
,TAATTTTAAT
,TACTTTTCAT
,TATCAAAGT
,TATTATTAT
,TATTCTTCT
,TATTTTTAT
,TATTTTTAT
,TATTTTTAT
,TCAGTAATTC
,TGAAAAATC
,TGTAACTTT
,TGTTGTTGT
,TTTAAATTT
,TTTATAATTT
,TTTCTCTTT
,TTTGTTACACATTGTTT
,TTTTAATTTT
,TTTTAATTT
,TTTTAGTGGT
,TTGTTACACATTGTT
,TTGTTACACATTGTT
,TTGTTACACATTGTT
,AGTATTATGA
,ATTATAATAATATTA
,CACTGTTTTT
,TAATTTTAAT
,TACTTTTCAT
,TGTAACTTTTCTGAA
,TGTATTTTAA
,ATTATAATAATATTA
,TGTAACTTTTCTGAA
,TTGTTACACATTGTT
,ATAAAAATA
,ATCTGTCTA
,CCATGACAGTACC
,CTAAATTTAAATC
,GATTTTTGT
,TAACGCAAT
,TAACTCAAT
,TATTCGTAT
,TCTACATCT
,TGTAACTTC
,TTTCACTTT
,TTTGTTACGCATTGTTT
,TTTTCACTT
,TTTTGTTTT
,TTTTTAATG
,TAATTTTAAT
,ATTCAAACTTA
,CAAACACAAAC
,TAATTTTAAT
,TTTCACTTT
,TTTCACTTT
,TTTCACTTT
,TTTTAATTTT
,CCATGACAGTACC
,GTTACGCATTG
,TTGTTACACATTGTT
,TGTAACTTTTCTGAA
,AACTTTCAA
,AAGGTGTTTA
,AATGAGTAA
,AATGGTGAT
,ACATATTGT
,ACCTCACAT
,ACTACTTTA
,ACTATATCA
,AGTACTTTT
,ATATGTATA
,ATTATAATAATATTA
,ATTATAATT
,ATTCTACTAA
,ATTCTGCCA
,CAATATAAC
,CACTGTTTTT
,CAGCAGTTT
,CAGGTGGAC
,CATTACTGC
,CCATAGCTAT
,CTTAACAGT
,CTTTGTTAA
,GAATTTAAG
,GGTGAATTA
,GTATGGATAA
,GTGGTGGTG
,GTGTATAAG
,GTTGTTGTTG
,TAAAAAAAT
,TAATTTTAAT
,TACTAATTA
,TACTTTTCAT
,TATTATTAT
,TATTCTTAT
,TATTTTTAT
,TATTTTTAT
,TATTTTTAT
,TCAGTAATTC
,TGAAAAATC
,TGTAACTTTTCTGAA
,TGTATTTTA
,TGTTGAGTA
,TGTTGGTGTT
,TGTTGTTGT
,TTATAATTTT
,TTCTACTAAA
,TTGTCAGTTT
,TTGTCTGTT
,TTTACATTT
,TTTACTAAT
,TTTACTAAT
,TTTATAGAA
,TTTCACTTT
,TTTCACTTT
,TTTCACTTT
,TTTTAGTGA
,TTTTTGTGG
,TTGTTACACATTGTT
,TAATTTTAAT
,TCATTACAAT
,CAAACACAAAC
,TAATTTTAAT
,TACTTTTCAT
,TTGTTACACATTGTT
,AAGGTGTTTA
,ACTTTGTTAA
,AGGATCTTAT
,AGTATTATGA
,ATTATAATAATATTA
,ATTATAATT
,ATTATAATT
,CACTGTTTTT
,CGTTAACTAA
,GTATGGATAA
,GTTGTTGTTG
,TAATTTTAAT
,TAATTTTAGT
,TACTTTTCAT
,TATTTTTAT
,TATTTTTAT
,TATTTTTAT
,TCAGTAATTC
,TGTTGGTGTT
,TTCTACTAAA
,TTGTCAGTTT
,TTTACTAAT
,TTTACTAAT
,TTTATAATTT
,TTTTAGTGGT
,AGTGGTTAT
,ATAATATGAC
,ATAATATGA
,ATGTTGGTG
,ATTATAATAATATTA
,ATTTTAGTG
,CAGATTTTA
,GTGGTGGAC
,GTTTTATAAC
,TAATAATAT
,TAATTTTAAT
,TATTAACAT
,TATTATTAAT
,TATTCGTATT
,TGGATAGGT
,TTCACCAAG
,TTGTTACACATTGTT
,TTGTTTTAT
,TTTGTTTGAC
,TTTTAATTTT
,TTTTCTTTT
,TTTTGTTTG
,ATTATAATAATATTA
,ATTCTACTAA
,GTATGGATAA
,GTGGTTTTAA
,GTTGTTGTTG
,TAATTTTAAT
,TATTTTTAT
,TATTTTTAT
,TATTTTTAT
,TCAGTAATTC
,TGGTGGTTTT
,TGTTGGTGTT
,TTACAACATT
,TTATAATTCA
,TTATAATTTT
,TTATACTAGT
,TTATTTTATT
,TTCTACTAAA
,TTTGTTGTTT
,TTGTTACACATTGTT
,ATATAATATA
,ATTATAATAATATTA
,TAATTTTAAT
,TACTTTTCAT
,TGTAACTTTTCTGAA
,TTATACTAGT
,ATTATAATAATATTA
,GGAATTTAAGG
,GTTACACATTG
,TAATTTTAAT
,TAGTGGTGAT
,TCAAACACAAACT
,TCTTCACTTCT
,TTAACCAATT
,TTATGCGTATT
,TTTGTTGTTT
,AAGGTGTTTA
,ACGTTTACCA
,AGAATGGTGT
,ATTATAATAATATTA
,GTATGGATAA
,GTTGTTGTTG
,TAATTTTAAT
,TAGTGGTGAT
,TATTCTTCTA
,TATTTTTAT
,TATTTTTAT
,TATTTTTAT
,TCAGTAATTC
,TTAACCAATT
,TTATAATTTT
,TTTGTTGTTT
,CAAACACAAAC
,TAATTTTAAT
,TTGTTACACATTGTT
,ATTCAAACTTA
,CAAACACAAAC
,TAATTTTAAT
,TTTTAATTTT
,ATTAGTCTTT
,GTTCTCTTG
,TGTTTTTGT
,TTAACAATT
,TTCAAAATGG
,TTTACATTT
,AATTTATATG
,ATGTTGGTG
,ATGTTGGTG
,GATGTTGTAG
,TAATAATTAT
,TAATTTTAAT
,TTAAATGGTG
,TTGTTACACATTGTT
,TTTTAATTTT
,ATTATAATAATATTA
,TGTAACTTTTCTGAA
,AATATTAATA
,ACGTAATGCA
,ATTATAACAATATTA
,TAACTCAAT
,TAACTCAAT
,TAACTCAAT
,TAATTTTAAT
,TACCGAGGTC
,TTGTTACACATTGTT
,TTGTTACACATTGTT
,ATAATATTAA
,ATTATAATAATATTA
,TAATTTTAAT
,TAGACCACCAGAT
,TTCTTTTCTT
,TTGTTACGCATTGTT
,TTTTAATTTT
,ATTATAATAATATTA
,CTCAACTTAA
,GTGGTTTTAA
,GTTGTTGTTG
,TAAGCAGTTT
,TAATTTTAAT
,TGGTGGTTTT
,TGTTGGTCAG
,TTACAACATT
,TTATAATTCA
,TTATAATTTT
,TTATTTTATT
,TTTCGATACC
,TTTGTTACACATTGTTT
,TTTGTTGTTT
,AACTTGTTG
,ACAACCAAT
,ACCAAGAGT
,AGGTGTAAG
,ATAATTTTT
,ATCTGTCTA
,CATTCTTAC
,CCATGACAGTACC
,CTAAGAATC
,TCTAACGAA
,TGGACAGTT
,TGTAACTTC
,TTTCACTTT
,TTTTCACTT
,TTTTTAATA
,CAAACACAAAC
,TAATTTTAAT
,TTTTAATTTT
,ATTATAATAATATTA
,TTAACAATT
,TTAACAATT
,TTAACAATT
,TTGTTACACATTGTT
,ATTATAATAATATTA
,TGTAACTTTTCT
,AACTGTCAA
,AATATAAGA
,AATGAGTAA
,AATTCTCTTAA
,ACATATTGT
,ACGTAATGCA
,ACTATATCA
,AGAAGATAT
,AGCCACCGA
,AGTAGTTTT
,ATAATAATA
,ATAATATTA
,ATATGTATA
,ATCGCTTCA
,ATGGTTCTA
,ATGTAACAA
,ATTATAATAATATTA
,ATTGTTTTG
,CAAACACAAAC
,CACAATTAT
,CAGCAGTTT
,CATTACTGC
,CCACCGAGCCACC
,CTAAATTTAAATC
,CTCTTTATA
,CTTTTTAAT
,GAATATAAG
,GAATTTAAG
,GATTACATG
,GGTAAATTA
,GGTGGTAAA
,GGTTCTATT
,GTAATTCTG
,GTAGAAGATG
,GTAGGTGTT
,GTATGGATAA
,GTTGTTGTTG
,GTTTTAGAC
,TAATTTTAAT
,TAATTTTAG
,TAGGTATGGAT
,TATTATTAC
,TATTCGTATT
,TATTTTTAT
,TATTTTTAT
,TATTTTTAT
,TCAGTAATTC
,TCCTGGTAT
,TCTAACAAA
,TGATTATAAT
,TGGTTTTAA
,TGTTGTTGT
,TTAAATGGTG
,TTAACAATT
,TTATAATAATA
,TTATAATTTTA
,TTATCGTGAGA
,TTTATAATTT
,TTTATTGTTTA
,TTTCTCTTT
,TTTGTTACACATTGTTT
,CAAACACAAAC
,TAATTTTAAT
,AATAATTAT
,AATGGTGAT
,ATTATAATAATATTA
,CAATATAAC
,CATTCTTAC
,CTAAATTTAAATC
,GTGGTGGTG
,TGTAACTTC
,TGTGGGTGT
,TGTTTTTGT
,TTAACAATT
,TTAAGCACGAATT
,TTACACATT
,TTCATACTT
,TTTACTTTT
,CAAACACAAAC
,TAATTTTAAT
,TACTTTTCAT
,TCCTACCATCCT
,TTGTTACACATTGTT
,AACTTATAA
,AACTTTCAA
,AAGGTTAAC
,AATCACTAA
,AATGAGTAA
,ACGCCATAC
,ACTACATCA
,ACTTCTTTTG
,ATAATATTA
,ATATGTATA
,ATATTCAAA
,ATATTTGTG
,ATGACAGTA
,ATGGTGGTC
,ATTATAATAATATTA
,ATTATAATT
,CATAATTTTG
,CGACTCAGC
,CTATTAATA
,CTGCACAAG
,CTTGGTCTA
,GATTATAAT
,GCGTATGCG
,GGTGGTAAA
,GGTGTTGTGG
,GGTGTTTAT
,GTAATTTTAG
,GTGCTCGTG
,GTTAAGCAG
,GTTGTTGTTG
,TAATTCACT
,TAATTTTAAT
,TAATTTTGA
,TACAAACAT
,TATTCTTCTA
,TATTTTTAT
,TGCGACAACA
,TGCGGGCGT
,TGGATTACC
,TGGTTTTAA
,TGTTGTTGT
,TTAAATGGTG
,TTAATAATT
,TTAATACTA
,TTAATATTT
,TTATAATTT
,TTCAGACCA
,TTGTTACACATTGTT
,TTTAATTTT
,TTTATAATTT
,TTTCACTTT
,TTTCTCTTT
,TTTTAATTTT
,TTTTGAATG
,TTGTTACACATTGTT
,AGTGGTTAT
,ATAATATGA
,ATGTTGGTG
,ATTATAATAATATTA
,ATTTTAGTG
,CAGATTTTA
,GTGGTGGAC
,GTTTTATAAC
,TAATAATAT
,TAATTTTAAT
,TATTAACAT
,TATTCGTATT
,TCTTGGTCA
,TGGATAGGT
,TGGTCCTGGT
,TTCACCAAG
,TTGTTACACATTGTT
,TTGTTTTAT
,TTTGTTTGAC
,TTTTAATTTT
,TTTTCTTTT
,TTTTGTTTG
,ATTATAATAATATTA
,TGTAACTTTTCT
,CAAACACAAAC
,TAATTTTAAT
,TACTTTTCAT
,TTGTTACACATTGTT
,CCTATAAATATCC
,TGGACATACAGGT
,TAATTTTAAT
,TGTAACTTTTCTGAA
,CAAACACAAAC
,TAATTTTAAT
,TACTTTTCAT
,CACTGTTTTT
,TAATTTTAAT
,TACTTTTCAT
,TAGTGGTGAT
,TGTAACTTTTCTGAA
,AACTTATAA
,ATAATATTA
,ATGACAGTA
,ATGGTGGTC
,ATTATAATAATATTA
,CGACTCAGC
,CTATTAATA
,CTTGGTCTA
,GCGTATGCG
,TGCTGTTTT
,TTAATAATT
,TTAATACTA
,TTAATATTT
,TTGTTACACATTGTT
,TTTCACTTT
,TTGTTACACATTGTT
,AATGGTGAT
,AATTTGTTTAA
,ATCCGTATT
,ATTATAATAATATTA
,ATTATAGTG
,ATTATGTGT
,ATTTTATAAT
,CAAACACAAAC
,CACGTGCAC
,CACTGTTTTT
,CAGGTGGAC
,CATTCTTAC
,GAATTTAAG
,GTGGTGGTG
,TAATAATATT
,TAATTTTAAT
,TACTTTTCAT
,TGTAACTTTTCT
,TGTATTATA
,TGTTTAATTTT
,TGTTTTTGT
,TTTCACTTT
,CAAACACAAAC
,TAATTTTAAT
,TACTTTTCAT
,TAGTGGTGAT
,TCCTACCATCCT
,CAAACACAAAC
,TAATTTTAAT
,TACTTTTCAT
,TAATTTTAAT
,ATAATATTAA
,ATTATAATAATATTA
,TAATTTTAAT
,TAGACCACCAGAT
,TTCTTTTCTT
,TTGTTACGCATTGTT
,TTTTAATTTT
,CATAGTTGATAC
,GTTTTTACATTTTTG
,TAATTTTAAT
,ATTATAATAATATTA
,TGTAACTTTTCTGAA
,TTGTTACACATTGTT
,ATTATAATAATATTA
,TGTAACTTTTCTGAA
,TAATTTTAAT
,ATCACACTA
,CAAACACAAAC
,GTGGTGGTG
,TAATTTTAAT
,TACTTTTCAT
,TTTCACTTT
,TTGTTACACATTGTT
,TTGTTACACATTGTT
,TAATTTTAAT
,TTGTTACACATTGTT
,AGTATTATGA
,ATTATAATAATATTA
,CAATATAAC
,CACTGTTTTT
,CAGGTGGAC
,CATTCTTAC
,GAATTTAAG
,GATTTTATC
,GTGGTGGTG
,TAACGCAAT
,TAATTTTAAT
,TAATTTTAA
,TACTTTTCAT
,TGTATTTTAG
,TGTCCTATA
,TGTTTTTGT
,TTAACAACC
,TTTTAGTGA
,AGAGTGAGA
,CAAACACAAAC
,CAATTTAAC
,GTGAGAGTG
,TAATTTTAAT
,TTTTAATTTT
,ATTATAATAATATTA
,TGTAACTTTTCTGAA
,CAAACACAAAC
,TAATTTTAAT
,TACTTTTCAT
,CAAACACAAAC
,TAATTTTAAT
,TTTTAATTTT
,AAAAGAACT
,AACAGTTTC
,AAGTGCTAT
,AATCACTAA
,AATGAGTAA
,ACATTAACT
,ACCATACCA
,ACTACATCA
,AGTGTTTGT
,ATATGTATA
,ATGTTGGTG
,ATGTTGGTG
,CAACACAAC
,CTCATAACT
,GGTGGTAAA
,GTCAATACT
,GTCAATGGT
,GTGAAAGTA
,GTGCTCGTG
,GTGGTGGAC
,TAATGAAAG
,TAATTATTT
,TAGTTTTAG
,TATATGTAT
,TATTTTTAT
,TGTTGGTCA
,TGTTGTTGT
,TTAATAATT
,TTATAATTT
,TTATCGTGA
,TTCTGTCTT
,TTGACAGTT
,TTGTTACACATTGTT
,TTTAAATTT
,TTTATCGTG
,TTTCTCTTT
,TTTTATTTT
,TAATTTTAAT
,AAGGTGTTTA
,ACGTTTACCA
,AGAATGGTGT
,ATTATAATAATATTA
,GTATGGATAA
,GTTGTTGTTG
,TAATTTTAAT
,TAGTGGTGAT
,TATTCTTCTA
,TATTTTTAT
,TATTTTTAT
,TATTTTTAT
,TCAGTAATTC
,TTAACCAATT
,TTATAATTTT
,TTTGTTGTTT
,ATCACACTA
,CAAACACAAAC
,GTGGTGGTG
,TAATTTTAAT
,TACTTTTCAT
,TTTCACTTT
,CAAACACAAAC
,TAATTTTAAT
,TTTTAATTTT
,AACTTATAA
,AACTTTCAA
,AAGGTTAAC
,AATCACTAA
,AATGAGTAA
,ACGCCATAC
,ACTACATCA
,ACTTCTTTTG
,ATAATATTA
,ATATGTATA
,ATATTCAAA
,ATATTTGTG
,ATGACAGTA
,ATGGTGGTC
,ATTATAATAATATTA
,CATAATTTTG
,CGACTCAGC
,CTATTAATA
,CTGCACAAG
,CTTGGTCTA
,GCGTATGCG
,GGTGGTAAA
,GGTGTTGTGG
,GGTGTTTAT
,GGTGTTTAT
,GTAATTTTAG
,GTGCTCGTG
,GTTAAGCAG
,GTTATAATT
,GTTGTTGTTG
,TAATTCACT
,TAATTTTAAT
,TAATTTTGA
,TATTCTTCTA
,TATTTTTAT
,TGCGACAACA
,TGGATTACC
,TGGTTTTAA
,TGTTGTTGT
,TTAAATGGTG
,TTAATAATT
,TTAATACTA
,TTAATATTT
,TTATAATTT
,TTCAGACCA
,TTGTTACACATTGTT
,TTTAATTTT
,TTTATAATTT
,TTTCACTTT
,TTTCTCTTT
,TTTTAATTTT
,TTTTGAATG
,CTAAATTTAAATC
,TTGTTACACATTGTT
,CAAACACAAAC
,TAATTTTAAT
,TACTTTTCAT
,TCCTACCATCCT
,TTGTTACACATTGTT
,TTGTTACACATTGTT
,TTGTTACACATTGTT
,AACTTATAA
,AACTTTCAA
,AAGGTTAAC
,AATCACTAA
,AATGAGTAA
,ACGCCATAC
,ACTACATCA
,ACTTCTTTTG
,ATAATATTA
,ATATGTATA
,ATATTCAAA
,ATATTTGTG
,ATGACAGTA
,ATGGTGGTC
,ATTATAATAATATTA
,ATTATAATT
,CATAATTTTG
,CGACTCAGC
,CTATTAATA
,CTGCACAAG
,CTTGGTCTA
,GATTATAAT
,GCGTATGCG
,GGTGGTAAA
,GGTGTTGTGG
,GGTGTTTAT
,GGTGTTTAT
,GTAATTTTAG
,GTGCTCGTG
,GTTAAGCAG
,GTTGTTGTTG
,TAATTCACT
,TAATTTTAAT
,TAATTTTGA
,TATTCTTCTA
,TATTTTTAT
,TGCGACAACA
,TGGATTACC
,TGGTTTTAA
,TGTTGTTGT
,TTAAATGGTG
,TTAATAATT
,TTAATACTA
,TTAATATTT
,TTATAATTT
,TTCAGACCA
,TTGTTACACATTGTT
,TTTAATTTT
,TTTATAATTT
,TTTCACTTT
,TTTCTCTTT
,TTTTAATTTT
,TTTTGAATG
,AAACGCAAA
,AAAGATGTT
,AAATTATTT
,AAGACCAGAA
,AAGGTGGAA
,AATAGTGTT
,ACCATACCA
,ACCCATTAT
,ACTGTTTTT
,ATAATATTA
,ATATTTATA
,ATTACTTTA
,ATTATAATAATATTA
,ATTATAATA
,ATTCCTATT
,CAGGTGGAC
,CATTATTAC
,CCAGTTAGT
,GAATTTAAG
,GATGGTGATT
,GGTGTGTAT
,GTAATTCTG
,GTCAATGGT
,GTTATAGTA
,GTTATAGTA
,GTTGTTGTTG
,TAAATGTTA
,TAACACAACT
,TAAGAATTTT
,TAAGCAGTC
,TAATATTAC
,TAATATTAT
,TAATGGTAAT
,TAATTTTAAT
,TAATTTTAA
,TACTAATTA
,TATAATAAT
,TATTTTTAT
,TATTTTTAT
,TATTTTTAT
,TCATTGTCA
,TCTTTATTTT
,TGATAATAGT
,TGCAGTGGT
,TGTAAATTAT
,TGTAACTTT
,TGTTGTTGT
,TTATCATTT
,TTATTTATT
,TTATTTTGT
,TTTAAATGGT
,TTTACTAATT
,TTTATTAAA
,TTTGATTCA
,CAAACACAAAC
,TAATTTTAAT
,TCCTACCATCCT
,AAAATAAAA
,AAAGTAAAG
,ATCATATTC
,ATTATAATAATATTA
,CATTCTTAC
,GTGGTGGTG
,TAATCACACTAAT
,TATAGTAAT
,TGGACAAGT
,TGTAAATGT
,TGTTTTTGT
,TTGATTTTA
,TTTCACTTT
,TTTTAGTGA
,AATGGTGAT
,ATAATATTA
,ATTATAATAATATTA
,CAATATAAC
,CAGGTGGAC
,CATTCTTAC
,GAATTTAAG
,GTGGTGGTG
,TAATTTTAAT
,TAATTTTAAT
,TAATTTTAAT
,TGGTTTGGT
,TGTAACTTTTCTGAA
,TGTATTTTA
,TGTTTTTGT
,TTTCACTTT
,TTTTAGTGA
,TAATTTTAAT
,CAAACACAAAC
,TAATTTTAAT
,TACTTTTCAT
,TCCTACCATCCT
,AACTTATAA
,AATCACTAA
,ATAATATTA
,ATGACAGTA
,ATGGTGGTC
,ATTATAATAATATTA
,CGACTCAGC
,CTATTAATA
,CTGCACAAG
,CTTGGTCTA
,GCGTATGCG
,TTAATAATT
,TTAATACTA
,TTAATATTT
,TTGTTACACATTGTT
,TTTCACTTT
,TTGTTACTCATTGTT
,TAATTTTAAT
,CAAACACAAAC
,TAATTTTAAT
,TACTTTTCAT
,TCCTACCATCCT
,AAAGTATCAT
,AATAATTCA
,AATAATTCA
,ACCATACCA
,ACTCAAATA
,AGGCGTTTG
,AGGTTGTTT
,AGTGAGAGTGA
,ATGGTAATGGTA
,ATGGTAATGGT
,ATGGTGATG
,ATGTCACTGTA
,ATGTTTATA
,ATTATTAAT
,ATTGCCAAAA
,ATTTATTTA
,ATTTTTTGT
,CAACTCAAC
,CACGTGTGCAC
,CCTACTTTT
,CGGTATGGC
,CGTGTGCACT
,CTAACTCAATC
,CTCTTCTAC
,CTGACCAGTC
,GAGTTTGAG
,GATTCTCTTAG
,GGCGTTTGG
,GGTGTTGTTG
,GGTTTTAAT
,GGTTTTGAT
,GTACTTTTTG
,GTATTGACATT
,GTATTTATG
,GTCAATGGT
,GTGGTGAAT
,GTTATATTG
,GTTGTTGTTG
,GTTTTAATC
,TAATAATGT
,TAATGGTGTT
,TAATTCAAAA
,TACAATAACAT
,TACTTTTTG
,TAGGTGTTGTTG
,TAGTTTTGG
,TATGGTAAT
,TGAATAAGT
,TGCAGACGT
,TGGTAATGGT
,TGGTGTTGT
,TGTAATAATGT
,TGTCCCTGT
,TGTTGTTGT
,TGTTTCAAC
,TTAAATTTT
,TTAATTCAA
,TTACAACATT
,TTATGTATT
,TTGATTTTAGTT
,TTGGATCATTTT
,TTGTATGTT
,TTTAAATTTTA
,TTTAAATTT
,TTTAAATTT
,TTTCTTATA
,TTTTAACACGT
,TTTTAATTT
,TTTTGGTGG
,TTGTTACACATTGTT
,ACAACTCAACA
,ATCATACTA
,CAGGTGGAC
,CGATGGTAGC
,GCTATATCG
,GTTTTATTC
,TACTAATCAT
,TTGTAGATGTT
,AACTTATAA
,AATCACTAA
,ATAATATTA
,ATGACAGTA
,ATGGTGGTC
,ATTATAATAATATTA
,CGACTCAGC
,CTATTAATA
,CTGCACAAG
,CTTGGTCTA
,GCGTATGCG
,TACAAACAT
,TTAATAATT
,TTAATACTA
,TTAATATTT
,TTGTTACACATTGTT
,TTTCACTTT
,TTGTTACACATTGTT
,AAATTGTTT
,AACTGTCAA
,AATATTAATA
,AATGAGTAA
,ACAACATTAC
,ACATATTGT
,ACCATACCA
,ACGTAATGCA
,ACTACTTTA
,ACTATATCA
,ACTTATATTA
,AGAACCAAGA
,AGAAGATAT
,AGCAGTTTTA
,AGTAGTTTT
,ATATGTATA
,ATGTAACAA
,ATTATTTAG
,ATTCTGCTA
,ATTGTAATT
,CAATATAAC
,CAATTTTGTA
,CACTGTTTTT
,CAGCAGTTT
,CAGGTGGAC
,CATTACTGC
,GAAGTTATT
,GAATTTAAG
,GGTAAATTA
,GGTGGTAAA
,GGTTATAAT
,GTAAATTATA
,GTAATTCTG
,GTAGAAGATG
,GTCAATGGT
,GTTGTTGTTG
,GTTTTAGAC
,TAACAACTT
,TAACGCAAT
,TAACTCAAT
,TAATAATTAT
,TAATATTAT
,TAATTTTAAT
,TAATTTTAA
,TAATTTTAG
,TACTAATTA
,TATAACAAC
,TATAATATTA
,TATGGATAA
,TATTCATTT
,TATTCTTCTA
,TATTTTTAT
,TCAGTAATTC
,TGATTATAAT
,TGTAACTTT
,TGTATTTTA
,TGTTGGTCA
,TGTTGTTGT
,TTAAATGGTG
,TTTACTAATT
,TTTACTAAT
,TTTATAATTT
,TTTCACTTT
,TTTCTCTTT
,TTTTAGACCA
,CAAACACAAAC
,TAATTTTAAT
,TACTTTTCAT
,TCCTACCATCCT
,AATTTATATG
,GATGTTGTAG
,TAATTTTAAT
,TTAAATGGTG
,TTGTTACACATTGTT
,TTTTAATTTT
,AGTATTATGA
,ATTATAATAATATTA
,CACTGTTTTT
,TAATTTTAAT
,TACTTTTCAT
,TTGTTACACATTGTT
,CAAACACAAAC
,TAATTTTAAT
,TACTTTTCAT
,AATTTATATG
,ATGTTGGTG
,ATGTTGGTG
,GATGTTGTAG
,TGTTGGTGCT
,TTAAATGGTG
,TTGTTACACATTGTT
,ATCACACTA
,CAAACACAAAC
,GTGGTGGTG
,TAATTTTAAT
,TACTTTTCAT
,TTTCACTTT
,AAACGGCAAA
,ATTTAATGGT
,TTTGTTACTCATTGTTT
,AAAATTAAT
,AACCCCCAA
,AACTTTCAA
,AATGAGTAA
,AATGGTGAT
,AATTGTTTC
,ACCTCTCCA
,ACTATATCA
,AGTATTATGA
,ATAGTGGTGGTGATA
,ATATGTATA
,ATTATAATAATATTA
,ATTATAATT
,CAATATAAC
,CACTGTTTTT
,CAGGTGGAC
,CATTACTGC
,CATTCTTAC
,CGTTAACTAA
,GAAGATGTT
,GAATTTAAG
,GTAGAAGATG
,GTGATTTTA
,GTGTATTTT
,GTTGTTGTTG
,TAACAACTT
,TAACGCAAT
,TAATTTTAAT
,TAATTTTAA
,TACTTTTCAT
,TATTTTTAT
,TGAAAAATC
,TGATTTTAGT
,TGGTGATAAT
,TGTATTTTA
,TGTTGGTGTT
,TGTTGTTGT
,TGTTTTTGT
,TTAACAACT
,TTATAATTT
,TTCTACTAATTA
,TTCTACTAA
,TTCTAGAAAT
,TTCTCTTCTCTT
,TTGTCTGTT
,TTGTGATAA
,TTTATAATTTAA
,TTTCACTTT
,TTTCAGATGG
,TTTGTGATA
,TTTTAGTGA
,ATTTTACATTTTA
,TAATGAAAGTAAT
,TAATTTTAAT
,TTTGTTGTTT
,TAATTTTAAT
,AGTATTATGA
,ATTATAATAATATTA
,CACTGTTTTT
,TAATTTTAAT
,TACTTTTCAT
,TGTAACTTTTCTGAA
,TGTATTTTAA
,CAAACACAAAC
,TAATTTTAAT
,TACTTTTCAT
,TCCTACCATCCT
,TAATTTTAAT
,AAAGGCCTGCT
,AACGGCGAT
,AGCGAGCGA
,AGTGCGTGA
,CAGACCCAGAC
,CGCCGCCGC
,CGTGCGTGC
,CTGCTGCTA
,GCGAGCGAA
,GCGGCGGCG
,GCGTATGCG
,GTGTATGTG
,GTGTATTTT
,GTGTTTGTG
,GTGTTTGTG
,GTGTTTGTG
,GTTTGTGTA
,TAGCGCGAT
,TAGCGCGGCGA
,TATGCGTAT
,TATGTGTAT
,TATTATTAT
,TGTATTTTA
,TTGTTACTCATTGTT
,TAATTTTAAT
,TTGTTACACATTGTT
,ATTATAATAATATTA
,TTGTTACACATTGTT
,ATGTTGGTG
,ATGTTGGTG
,TTGTTACACATTGTT
,ATTATAATAATATTA
,GGAATTTAAGG
,GTTACACATTG
,TCAAACACAAACT
,TCTTCACTTCT
,TTATGCGTATT
,TAATTTTAAT
,TTGTTACACATTGTT
,TTGTTACACATTGTT
,AGTATTATGA
,ATTATAATAATATTA
,CACTGTTTTT
,TAATTTTAAT
,TACTTTTCAT
,ATTATAATAATATTA
,TGTAACTTTTCTGAA
,ATTATAATAATATTA
,TGTAACTTTTCTGAA
,CTAAATTTAAATC
,AAAATTAAT
,AACCACCAA
,AACTTTCAA
,AAGGATGTT
,AAGTTTTGAA
,AATATTAGT
,AATGAGTAA
,AATTAAAAAA
,ACATATTGT
,ACTATATCA
,AGAACCAAGA
,AGAAGATAT
,AGTAGTTTT
,AGTATTATGA
,AGTGGTCAT
,ATAACATATT
,ATAATATTA
,ATACCCATA
,ATATGTATA
,ATCTTCGTT
,ATTATAATAATATTA
,ATTATAATT
,CAATATAAC
,CACTGTTTTT
,CAGCAGTTT
,CAGGTGGAC
,CATTACTGC
,CCAATTATT
,CCGCCAGTT
,CCTTATTAC
,CGTTAACTAA
,GAAGTTATT
,GAATTTAAG
,GACCGCCAAA
,GGTGGTAAA
,GTACTTTAGT
,GTATGGATAA
,GTGAAAGTG
,GTGCGACAA
,GTGGTGGTG
,GTTGTTGTTG
,GTTTTAGACG
,GTTTTAGAC
,TAACAACTT
,TAATTTTAG
,TAATTTTAG
,TACTTTTCAT
,TAGAAGATTT
,TATTATTAT
,TATTCGTATT
,TATTCTTCTA
,TATTTTTAT
,TATTTTTAT
,TATTTTTAT
,TCAGTAATTC
,TGATTATAAT
,TGATTATAAT
,TGATTATAA
,TGTTGGTCA
,TGTTGGTGTT
,TGTTGTTGT
,TTAAAAAATT
,TTAAATGGTG
,TTATAATTCA
,TTATTACGG
,TTCTCTCTT
,TTTAATTTA
,TTTACTAAT
,TTTACTAAT
,TTTATAATTT
,TTTCACTTT
,TTTGGTAATAATTAT
,TTTTAATTTT
,TTTTAGACC
,TTTTAGTGGT
,ACTTTATTTCA
,TAATGAAAGTAAT
,ATCACACTA
,CAAACACAAAC
,GTGGTGGTG
,TAATTTTAAT
,TACTTTTCAT
,TTTCACTTT
,TTGTTACACATTGTT
,AGTATTATGA
,ATTATAATAATATTA
,CAATATAAC
,CACTGTTTTT
,CAGGTGGAC
,CATTCTTAC
,CCGATAGCC
,GAATTTAAG
,GATTTTATC
,GTGGTGGTG
,TAACGCAAT
,TAATTTTAAT
,TAATTTTAA
,TACTTTTCAT
,TGTATTTTA
,TGTTTTTGT
,TTAACAACC
,TTTCGCTTT
,TTTTAGTGA
,TAATTTTAAT
,AGTATTATGA
,ATTATAATAATATTA
,CACTGTTTTT
,TAATCATACTAAT
,TAATTTTAAT
,TACTAATCAT
,TACTTTTCAT
,TGTAACTTTTCTGAA
,TGTATTTTAA
,TAATTTTAAT
,TCAAACACAAACT
,TAATTTTAAT
,AAGTGGTCA
,ATAATATGAC
,ATAATATGA
,ATGTTGGTG
,ATTATAATAATATTA
,ATTTGTTTT
,ATTTTAGTG
,CAGATTTTA
,GTGGTGGAC
,GTTTTATAAC
,TAATAATAT
,TAATTTTAAT
,TATTCGTATT
,TGAAAAAAGT
,TGGATAGGT
,TTCACCAAG
,TTGTTACACATTGTT
,TTGTTTTAT
,TTTTAATTTT
,TTTTCTTTT
,AGTATTATGA
,ATTATAATAATATTA
,CAAACACAAAC
,CACTGTTTTT
,CAGGTGGAC
,CATTCTTAC
,CCGATAGCC
,GAATTTAAG
,GATTTTATC
,GTAACTTTTCT
,GTGGTGGTG
,TAACGCAAT
,TAATTTTAAT
,TAATTTTAA
,TACTTTTCAT
,TCTGCAGGA
,TGCTGCTAC
,TGTATTTTA
,TGTTTTTGT
,TTAACAACC
,TTTCACTTT
,TTTTAGTGACC
,AACTTATAA
,AATCACTAA
,ATAATATTA
,ATGACAGTA
,ATGGTGGTC
,ATTATAATAATATTA
,CGACTCAGC
,CTATTAATA
,CTGCACAAG
,CTTGGTCTA
,GCGTATGCG
,TTAATAATT
,TTAATACTA
,TTAATATTT
,TTGTTACACATTGTT
,TTTCACTTT
,AAATGGACA
,ACATTCGTAT
,AGTTTTTGA
,ATTGCGTTA
,CAGGAGGAC
,GTAAATTTA
,GTTGTACTT
,GTTTATTAA
,TAATTTTAAT
,TAGTGGTAA
,TAGTGGTGAT
,TATAAATAT
,TCATGTACT
,TGATAATAGT
,TGATTATAA
,TGGTTTTGGT
,TGTTGTTGT
,TGTTTTAAA
,TTAACAATT
,TTATTAATC
,TTTAATAAA
,TTTCACTTT
,TTTGTTACACATTGTTT
,TTTTAATAA
,TTTTAATTTT
,TTTTGGTGTA
,TTTTTCCTTTTT
,ATTCAAACTTA
,CAAACACAAAC
,TAATTTTAAT
,TTTTAATTTT
,ATTATAATAATATTA
,GGAATTTAAGG
,GTTACACATTG
,TAATTTTAAT
,TAGTGGTGAT
,TCAAACACAAACT
,TTAACCAATT
,TTATGCGTATT
,TTTGTTGTTT
,AACTTATAA
,AACTTTCAA
,AAGATGTTA
,AAGGTTAAC
,AAGTTGTTT
,AATCACTAA
,AATGAGTAA
,ACGCCATAC
,ACTACATCA
,ATAATATTA
,ATATGTATA
,ATATTCAAA
,ATGACAGTA
,ATGGTGGTC
,ATTATAATAATATTA
,CGACTCAGC
,CTATTAATA
,CTGCACAAG
,CTTGGTCTA
,GGTGGTAAA
,GTATTGTTG
,GTGCTCGTG
,GTTAAGCAG
,TAATTCACT
,TATAAATAT
,TATTTTTAT
,TGGTTTTAA
,TGTTAATGT
,TGTTGTTGT
,TTAATAATT
,TTATAATTT
,TTATTGTCT
,TTCAGACCA
,TTGTAATTT
,TTGTTACACATTGTT
,TTTCACTTT
,TTTTGAATG
,TTGTTACACATTGTT
,TTGTTACACATTGTT
,AAATGGACA
,AGTTTTTGA
,ATTCTATTT
,ATTGCGTTA
,CAGGAGGAC
,GTAAATTTA
,GTTGTACTT
,GTTTATTAA
,TAATTTTAAT
,TAGTGGTAA
,TAGTGGTGAT
,TCATGTACT
,TCTATATCT
,TGATAATAGT
,TGGTTTTGGT
,TGTTGTTGT
,TGTTTTAAA
,TTAACAATT
,TTATTAATC
,TTTAATAAA
,TTTCACTTT
,TTTTAATAA
,TTTTAATTTT
,TTTTGGTGTA
,TTTTGTTACACATTGTTTT
,TTTTTAATG
,TTTTTCCTTTTT
,AAGGTGTTTA
,ACTTTGTTAA
,ATTATAATAATATTA
,ATTATAATT
,ATTATAATT
,ATTCTACTAA
,CACTGTTTTT
,GTATGGATAA
,GTATTTTAGT
,GTTGTTGTTG
,TAATTTTAAT
,TAATTTTAGT
,TACTTTTCAT
,TATTTTTAT
,TATTTTTAT
,TATTTTTAT
,TCAGTAATTC
,TGTATGGTTC
,TGTTGGTGTT
,TTATACTAGT
,TTCTACTAAA
,TTGTCAGTTT
,TTTACTAAT
,TTTACTAAT
,TTTATAATTT
,CAAACACAAAC
,TAATTTTAAT
,TACTTTTCAT
,TCCTACCATCCT
,AGTATTATGA
,ATTATAATAATATTA
,TAATTTTAAT
,TACTTTTCAT
,TAGTGGTGAT
,TGTAACTTTTCTGAA
,TGTATTTTAA
,TTTTCACTTC
,CAAACACAAAC
,TAATTTTAAT
,TACTTTTCAT
,TCCTACCATCCT
,AGTATTATGA
,ATTATAATAATATTA
,CACTGTTTTT
,TAATCATACTAAT
,TAATTTTAAT
,TACTAATCAT
,TACTTTTCAT
,TGTAACTTTTCTGAA
,TGTATTTTAA
,TTAATTAATT
,CAAACACAAAC
,TAATTTTAAT
,AAGTAATGC
,AATGGTGAT
,AGTATTATGA
,ATATAATATA
,ATTATAATAATATTA
,CACTGTTTTT
,CAGGTGGAC
,GAATTTAAG
,GTGACAATT
,GTGGTGGTG
,TAATCATACTAAT
,TAATTTTAAT
,TAATTTTAA
,TACTAATCAT
,TACTTTTCAT
,TGTAACTTTTCTGAA
,TGTATTTTAA
,TGTATTTTA
,TGTTTTTGT
,TTCATACTT
,TTTCACTTT
,TTTTAGTGA
,TTGTTACACATTGTT
,CAAACACAAAC
,TAATTTTAAT
,TACTTTTCAT
,TCCTACCATCCT
,AAATTTATT
,AGTATTATGA
,ATTATAATAATATTA
,CAATATAAC
,CACTGTTTTT
,CAGGTGGAC
,CATTCTTAC
,CCGATAGCC
,GAATTTAAG
,GTGGTGGTG
,TAATTTTAAT
,TAATTTTAA
,TACTTTTCAT
,TGTATTTTA
,TTAATAATT
,TTTCACTTT
,TTTTAGTGA
,ATCTGTCTA
,GTTACGCATTG
,TCTACATCT
,TGTAACTTC
,TTTTGTTTT
,CAAACACAAAC
,TAATTTTAAT
,TTGTTACACATTGTT
,AAAATTAAT
,AAACTGGTT
,AACTTTCAA
,AAGTAATGC
,AATGAGTAA
,ACATATTGT
,ACTATATCA
,AGTATTATGA
,ATAATGATT
,ATATGTATA
,ATTATAATAATATTA
,ATTATAATT
,CACAATTAT
,CAGGTGGAC
,CATTACTGC
,CCAAATCAT
,CTCTCCTCTC
,CTCTCTCTC
,GAAGATGTT
,GAAGTTATTT
,GAATTTAAG
,GGTGAATTA
,GTAGAAGATG
,GTGGTGGTG
,GTTGTTGTTG
,TAACAACTT
,TAATTTTAAT
,TAATTTTAA
,TAATTTTAGT
,TAATTTTAG
,TACTAATTA
,TACTTTTCAT
,TATAATAAT
,TATCAAACG
,TATTATTAT
,TATTCTTAT
,TATTCTTCT
,TATTTTTAT
,TATTTTTAT
,TATTTTTAT
,TCAGATGGT
,TGGCTTTCT
,TGGTAATATA
,TGTATTTTAA
,TGTATTTTA
,TGTTGAGTA
,TGTTGGTCA
,TGTTGGTGTT
,TGTTGTTGT
,TGTTTTTGT
,TTCATACTT
,TTCTCGTAA
,TTTACTAAT
,TTTACTAAT
,TTTAGTGGT
,TTTATAATTT
,TTTCACTTT
,TTTCTCTTT
,TTTTAATTTT
,TTTTAATTT
,TTTTCACTT
,TTTTCTGAA
,ATTATAATAATATTA
,GGAATTTAAGG
,GTTACACATTG
,TCAAACACAAACT
,TCTTCACTTCT
,TTATGCGTATT
,TAATTTTAAT
,TTGTTACACATTGTT
,ATTATAATAATATTA
,TTGTTACACATTGTT
,AGTATTATGA
,ATTATAATAATATTA
,CACTGTTTTT
,TAATTTTAAT
,TACTTTTCAT
,TGTAACTTTTCTGAA
,TTATACTAGT
,TTGTTACACATTGTT
,AATGTTGGTGG
,TAATGAAAGTAAT
,ATTATAATAATATTA
,GGAATTTAAGG
,GTTACACATTG
,TAATTTTAAT
,TAGTGGTGAT
,TTAACCAATT
,TTATGCGTATT
,TTTGTTGTTT
,CAAACACAAAC
,TAATTTTAAT
,TACTTTTCAT
,TAATTTTAAT
,TCCTACCATCCT
,CAAACACAAAC
,TAATTTTAAT
,TACTTTTCAT
,TAGTGGTGAT
,TCCTACCATCCT
,CAAACACAAAC
,TAATTTTAAT
,TACTTTTCAT
,TCCTACCATCCT
,ATTCAAACTTA
,CAAACACAAAC
,TAATTTTAAT
,TTTTAATTTT
,ATTCAAACTTA
,CAAACACAAAC
,TAATTTTAAT
,TTTTAATTTT
,AAGTTTGAA
,ACTAAGAGT
,ACTAATTAT
,ATAATATTA
,ATTATAATAATATTA
,ATTATAATA
,ATTATAATA
,CAAAGTAATGCAC
,CACGTGAGTGCAC
,CAGGTGGAC
,GAATTTAAG
,GTGGTGGTG
,GTGTATAAG
,GTTTGTTTG
,TAATAATTA
,TAATATTAT
,TCTTATGGA
,TTTATTAAT
,TTTCACTTT
,TTTTAGTGA
,TTTTATTTT
,ATGTTGGTG
,ATGTTGGTG
,TTGTTACACATTGTT
,ATTATAATAATATTA
,TGTAACTTTTCTGAA
,TAATGAAAGTAAT
,TAATTTTAAT
,AACTTATAA
,AACTTTCAA
,AAGATGTTA
,AAGGTTAAC
,AAGTTGTTT
,AATCACTAA
,AATGAGTAA
,ACGCCATAC
,ACTACATCA
,ATAATATTA
,ATATGTATA
,ATATTCAAA
,ATGACAGTA
,ATGGTGGTC
,ATTATAATAATATTA
,CGACTCAGC
,CTATTAATA
,CTGCACAAG
,CTTGGTCTA
,GGTGGTAAA
,GTATTGTTG
,GTGCTCGTG
,GTTAAGCAG
,TAATTCACT
,TATAAATAT
,TATTTTTAT
,TGGTTTTAA
,TGTTAATGT
,TGTTGTTGT
,TTAATAATT
,TTATAATTT
,TTCAGACCA
,TTGTAATTT
,TTGTTACACATTGTT
,TTTCACTTT
,TTTTGAATG
,GTAATAATG
,TGTTGTTGT
,TTAATAATT
,TTGTAATTT
,TTTTTCTTTTT
,AATGGTGAT
,ATAATATTA
,ATTATAATAATATTA
,CAATATAAC
,CAGGTGGAC
,CATTCTTAC
,GAATTTAAG
,GTGGTGGTG
,TAATTTTAAT
,TAATTTTAAT
,TAATTTTAAT
,TGGTTTGGT
,TGTAACTTTTCTGAA
,TGTATTTTA
,TGTTTTTGT
,TTTCACTTT
,TTTTAGTGA
,CAAACACAAAC
,TAATTTTAAT
,TTTTAATTTT
,ATAAAAATA
,ATCTGTCTA
,CATTCTTAC
,CCATGACAGTACC
,CTAAATTTAAATC
,GATTTTTGT
,TAACGCAAT
,TAACTCAAT
,TATTCGTAT
,TCTACATCT
,TGTAACTTC
,TGTAAGGGT
,TTTCACTTT
,TTTGTTACGCATTGTTT
,TTTTCACTT
,TTTTGTTTT
,TGTAACTTTTCTGAA
,ACATTGTTACA
,ATAATATGAC
,CAAACACAAAC
,TAATTTTAAT
,TTGTTACACATTGTT
,TTTTAATTTT
,TTGTTACACATTGTT
,ATTCAAACTTA
,CAAACACAAAC
,TAATTTTAAT
,TTTTAATTTT
,ATTATAATAATATTA
,TGTAACTTTTCTGAA
,TTGTTACACATTGTT
,TTGTTACACATTGTT
,ACTGAAGTCA
,ACTTTGTTAA
,CGTTAACTAA
,CTCTCCTCTC
,GGCATTCTTA
,GTAGAAGATG
,GTATGGATAA
,GTTGTTGTTG
,TAATTTTAAT
,TACTTTTCAT
,TATTCTTCTA
,TATTTTTAT
,TATTTTTAT
,TATTTTTAT
,TTAATTTGAC
,TTCTCTTCTCTT
,TTGTCAGTTT
,TTTACTAAT
,TTTACTAAT
,TTTATAATTTAA
,TTTGACCAGTTT
,TTTTCACTTC
,TTGTTACACATTGTT
,AAAGTGGTG
,AACTTTCAA
,AATATTAAT
,AATGAGTAA
,ACAAGATTTAGAACA
,ACAGGTATG
,ACATATTGT
,ACTACTTTA
,ACTATATCA
,ACTTTTGTT
,AGAAGATAT
,AGTAGTTTT
,AGTTAAAGT
,ATATGTATA
,ATCGCTTCA
,ATCTGTCTA
,ATTATAATT
,CTAACACTA
,CTACTTTAT
,GTACTTTTT
,GTTAACTAA
,GTTAACTAA
,TAAACAAAT
,TAACGCAAT
,TAACTCAAT
,TAATTCATT
,TAATTTTAG
,TATAACAAC
,TATTATTAT
,TATTCGTAT
,TATTTTTAT
,TATTTTTAT
,TATTTTTAT
,TCATTGTAA
,TCATTGTAA
,TCATTGTAA
,TCTACATCT
,TGAAAAATC
,TGTAACTTC
,TGTTGAGTA
,TGTTGTTGT
,TGTTTTTGT
,TTATGCAGT
,TTGTCTGTT
,TTGTGATAA
,TTTACTAAT
,TTTCACTTT
,TTTCTCTTT
,TTTGTGATA
,TTTGTTACGCATTGTTT
,TTTTCACTT
,TTTTGTTTT
,TTTTTGTGG
,CCATGACAGTACC
,CTAAATTTAAATC
,TTTGTTACGCATTGTTT
,TAATTTTAAT
,AGTGGTTAT
,ATAATATGA
,ATGTTGGTG
,ATTATAATAATATTA
,ATTTTAGTG
,CAGATTTTA
,GTGGTGGAC
,GTTTTATAAC
,TAATAATAT
,TAATTTTAAT
,TATTAACAT
,TATTATTAAT
,TATTCGTATT
,TCTTGGTCA
,TGGATAGGT
,TTCACCAAG
,TTGTTTTAT
,TTTGTTTGAC
,TTTTAATTTT
,TTTTCTTTT
,TTTTGTTTG
,AGTTTTTGTC
,ATTATAATAATATTA
,CACTGTTTTT
,GTATTTTAGT
,TAATTATATTAAT
,TAATTTTAAT
,TACTTTTCAT
,TGTAACTTTTCT
,ACTAAATTTAAATCA
,CAGGTGGTGGAC
,TTGTTACACATTGTT
,ATTATAATAATATTA
,TTTGTTACACATTGTTT
,ATTATAATAATATTA
,TTGTTACACATTGTT
,TAATTTTAAT
,TAATTTTAAT
,TGTAACTTTTCTGAA
,TAATTTTAAT
,CAAACACAAAC
,GTGAAAGTG
,GTGGTGGTG
,TAATTTTAAT
,TACTTTTCAT
,TCCTACCATCCT
,TTTACTTTT
,AATTGAACAT
,CAGATTTTAT
,CATTCCTTAC
,GAAACTGGTT
,GTTGTTGTTG
,TAATAATTAT
,TAATTTTAAT
,TACAGAACAT
,TATAATTTTA
,TTGTGTTCAC
,TTTCAGATGG
,TAATTTTAAT
,CCATGACAGTACC
,CTAAATTTAAATC
,TTTGTTACGCATTGTTT
,ACTATTTATCA
,AGTCAATGT
,ATTAAATTA
,ATTTTAGTG
,CATACTTAT
,CATTCTTAC
,CCTTATTCC
,GTCTAACGA
,GTTACACATTG
,TAATAATCA
,TATTCGTATTG
,TCTTATTGT
,TGAATAAGT
,TTCTGGTAT
,TTTAGATAC
,CAAACACAAAC
,TACTTTTCAT
,TTGTTACACATTGTT
,AACTTATAA
,AACTTTCAA
,AAGGTTAAC
,AATCACTAA
,AATGAGTAA
,AATTTTGTA
,ACGCCATAC
,ACTACATCA
,ACTTCTTTTG
,ATAATATTA
,ATATGTATA
,ATATTCAAA
,ATATTTGTG
,ATGACAGTA
,ATGGTGGTC
,ATTATAATAATATTA
,ATTATAATT
,ATTTTAATT
,CATAATTTTG
,CGACTCAGC
,CTATTAATA
,CTGCACAAG
,CTTGGTCTA
,GATTATAAT
,GCGTATGCG
,GGTGGTAAA
,GGTGTTGTGG
,GGTGTTTAT
,GGTGTTTAT
,GTAATTTTAG
,GTGCTCGTG
,GTTAAGCAG
,GTTGTTGTTG
,TAATTCACT
,TAATTTTAAT
,TAATTTTGA
,TATAATAAT
,TATTCTTCTA
,TATTTTTAT
,TGCGACAACA
,TGGATTACC
,TGGTTTTAA
,TGTTGTTGT
,TTAAATGGTG
,TTAATAATT
,TTAATACTA
,TTAATATTT
,TTATAATTT
,TTCAGACCA
,TTGTTACACATTGTT
,TTTAATTCA
,TTTAATTTT
,TTTATAATTT
,TTTCACTTT
,TTTCTCTTT
,TTTTAATTTT
,TTTTGAATG
,TTGTTACTCATTGTT
,AATGAAAGTAA
,TAATTTTAAT
,TTAGACCAGATT
,TTTTAATTTT
,ATTATAATATTA
,TGTAACTTTTCT
,AATTTATATG
,GATGTTGTAG
,TAATTTTAAT
,TTAAATGGTG
,TTGTTACACATTGTT
,TTTTAATTTT
,CCATGACAGTACC
,GTTACGCATTG
,CAAACACAAAC
,TAATTTTAAT
,TTTTAATTTT
,AAGGTGTTTA
,ACGTTTACCA
,AGAATGGTGT
,ATTATAATAATATTA
,GTATGGATAA
,GTTGTTGTTG
,TAATTTTAAT
,TAGTGGTGAT
,TATTCTTCTA
,TATTTTTAT
,TATTTTTAT
,TATTTTTAT
,TCAGTAATTC
,TTAACCAATT
,TTATAATTTT
,TTTGTTGTTT
,TAATTTTAAT
,TTACTTTTTCATT
,CAAACACAAAC
,TAATTTTAAT
,TACTTTTCAT
,TCCTACCATCCT
,AAACTGGTT
,AACAAACAA
,AACTCGTAG
,AATAGTTTT
,AATGAGTAA
,AATGGTGGT
,AATTGTATT
,AATTTTAGTG
,AATTTTAGT
,ACAACATTA
,ACCATACCA
,ACTACATCA
,AGTAGTTTTC
,AGTAGTTTT
,ATATGTATA
,ATTCTTCTA
,CACTTTTCAC
,CATTCCTTAC
,CATTGTAATT
,CATTGTAATT
,CGTTGTTGC
,CTTTTGATG
,GACATAACA
,GAGTTAACT
,GGGACATAA
,GGTTTTAAAA
,GTGGTTTTA
,GTTGTTGTTG
,TAACTTCACT
,TAATTTTAAT
,TACAATAGTG
,TAGTTTTCA
,TATAATTTTA
,TATTCGTATT
,TATTCTTAT
,TCAGCGACT
,TCATAAAGG
,TCCACTACA
,TGAAAAATC
,TGATTTAGT
,TGGATAGGT
,TGTTGTTGT
,TTCTTCAGT
,TTGTGATAA
,TTGTTACTCATTGTT
,TTGTTGTAGA
,TTGTTTTAT
,TTTAATGGT
,TTTACTAAT
,TTTAGTTTT
,TTTCAGATGG
,TTTGACTAA
,TTTGTATAA
,TTTGTGATA
,TTGTTACACATTGTT
,GTTACCCATTG
,AACTAATCAA
,GTTACACATTG
,GTTACACATTG
,TTAATTTTAATT
,TTTTAATTTT
,CAAACACAAAC
,TAATTTTAAT
,TACTTTTCAT
,TCCTACCATCCT
,ACTATTATCA
,GTGTATCTTA
,TAGACCACCAGAT
,TTCTTTTCTT
,TTGTTACGCATTGTT
,AACTTATAA
,AATCACTAA
,ATAATATTA
,ATGACAGTA
,ATGGTGGTC
,ATTATAATAATATTA
,CGACTCAGC
,CTATTAATA
,CTGCACAAG
,CTTGGTCTA
,GCGTATGCG
,TTAATAATT
,TTAATACTA
,TTAATATTT
,TTGTTACACATTGTT
,TTTCACTTT
,TGTAACTTTTCTGAA
,CAAACACAAAC
,TAATTTTAAT
,TACTTTTCAT
,TCCTACCATCCT
,TAATTTTAAT
,ATTATAACAATATTA
,CAGTGGTAAAT
,GGAATTTAAGG
,GTTACACATTG
,TAATTTTAAT
,TAGTGGTGAT
,TCAAACACAAACT
,TCTTCACTTCT
,TTAACCAATT
,TTATGCGTATT
,TTTGTTGTTT
,TAATTTTAAT
,CCATGACAGTACC
,CTAAGAATC
,GTTACGCATTG
,TGTAACTTC
,TTAAGAATT
,AAGGTGTTTA
,ACTTTGTTAA
,ATTATAATAATATTA
,ATTATAATT
,ATTATAATT
,ATTCTACTAA
,CACTGTTTTT
,CGTTAACTAA
,GTATGGATAA
,GTTGTTGTTG
,TAATTTTAAT
,TACTTTTCAT
,TATAATTTTA
,TATTTTTAT
,TATTTTTAT
,TATTTTTAT
,TCAGTAATTC
,TGGTAATATA
,TGTAACTTTTCTGAA
,TTCTACTAAA
,TTGTCAGTTT
,TTTACTAAT
,TTTACTAAT
,TTTTAGTGGT
,CAAACACAAAC
,TAATTTTAAT
,TTTTAATTTT
,AAACAACAACAAA
,ATTAAATGGT
,TAATAATTCT
,TAATTTTAAT
,TATTCGTATTG
,TCTGTATATTT
,TTAAATGGTG
,TTATGTGTATT
,TTTTAATTTT
,TTTTACAGAT
,TAATTTTAAT
,CAAACACAAAC
,TAATTTTAAT
,TTTTAATTTT
,ATTATAATAATATTA
,ACATTGTTACA
,ATAATATGAC
,CAAACACAAAC
,TAATTTTAAT
,TTGTTACACATTGTT
,TTTTAATTTT
,CAAACACAAAC
,TAATTTTAAT
,TACTTTTCAT
,TCCTACCATCCT
,CAAACACAAAC
,TAATTTTAAT
,TACTTTTCAT
,TCCTACCATCCT
,ATTTTACATTTTA
,TAATGAAAGTAAT
,TAATTTTAAT
,TTTGTTGTTT
,TAATTTTAAT
,AACTTTCAA
,AAGTTTTGAA
,AATATTAACA
,AATGAGTAA
,AATTTTTAA
,ACACAAACA
,ACATATTGT
,AGTAGTTTT
,ATAATAATA
,ATGGTCCTC
,ATGTAACAA
,ATTATAATAATATTA
,ATTATAATT
,ATTGTTTTG
,ATTTTAATC
,CCATGACAT
,CTCTCTTCTCTC
,CTTCACTTC
,CTTCTAGAA
,CTTTTTAATGGT
,GAATTTAAG
,GGTGTTTACA
,GGTTTTGTA
,GTAAAAAAT
,GTAATTTTT
,GTTGTTGTTG
,TAACAACTT
,TAATTTTAAT
,TACATGTAT
,TATGGTTTT
,TATTCGTATT
,TATTCTTCTA
,TATTTTTAT
,TCAGTAATTC
,TGAAAAATC
,TGTAGGTGTT
,TGTTGTTGT
,TGTTTTTGT
,TTAACAATG
,TTACAAAGAA
,TTATAATTT
,TTGTGATAA
,TTTAAATTT
,TTTACTAATT
,TTTATAATTTAA
,TTTGTGATA
,TTTGTTACACATTGTTT
,AAACTCTTAA
,AAATGGTGAT
,AACTAATTT
,AAGGTGTTT
,AATTTTGTC
,ACCATACCA
,ACTAAGAGT
,ACTTATATTA
,AGTGTTTGT
,ATAGATGTTT
,ATATAATATA
,ATATGTATA
,ATTAAATTA
,ATTATATTA
,ATTCGCATT
,ATTTTACTCATTTTA
,ATTTTGTCT
,CATTCTTAC
,CGGGGGGGC
,CTTAGTAATT
,CTTTTTGTGG
,GCTATGAGA
,GTAAGTTTT
,GTAGTTTTAG
,GTTGTTGTTG
,GTTTTAGTA
,TAATTCACT
,TAATTTTAAT
,TAATTTTAGT
,TAGAACAGTT
,TAGTGCTGCT
,TAGTTTTAG
,TATTATTAC
,TATTATTAC
,TATTTTAGT
,TATTTTTAT
,TCGTCGTGA
,TGAGTAATT
,TGTTGTTGT
,TTAATCAATT
,TTAGTAATT
,TTATTGAAG
,TTCTCTTAA
,TTGGTGGTT
,TTGTTACACATTGTT
,TTTAATTTT
,TTTAGTGGT
,TTTATCGTGA
,TTTGAGTTT
,TTTGTATAA
,TTTGTGATA
,TTTGTTGTTT
,TTTTAATTTT
,TAGACCACCAGAT
,TTGTTACGCATTGTT
,ATTATAATAATATTA
,CCACCGAGCCACC
,CTAAATTTAAATC
,TTTGTTACACATTGTTT
,TTGTTACTCATTGTT
,CGCGGGCGC
,GGCGCGATTT
,GTGTTTGTG
,TAGCGCGAT
,TTTGTGGTGTTT
,AGTATTATGA
,ATTATAATAATATTA
,CACTGTTTTT
,TAATTTTAAT
,TACTTTTCAT
,TTTTAATTTG
,AACTGACTTAG
,AATTCTCTTAA
,ATTATAATAATATTA
,CAAACACAAAC
,GTCAATATAAT
,TAGGTATGGAT
,TTATAATTCA
,TTATAATTCA
,TTATCGTGAGA
,TTATGCGTATT
,TTGTTACACATTGTT
,TTGTTACACATTGTT
,ATTATAATAATATTA
,CAGTGGTAAAT
,GGAATTTAAGG
,GTTACACATTG
,TAATTTTAAT
,TAGTGGTGAT
,TCAAACACAAACT
,TTAACCAATT
,TTATGCGTATT
,TTTGTTGTTT
,TAATTTTAAT
,AACTTATAA
,AATCACTAA
,ATAATATTA
,ATGACAGTA
,ATGGTGGTC
,ATTATAATAATATTA
,CGACTCAGC
,CTGCACAAG
,CTTGGTCTA
,GCGTATGCG
,TTAATAATT
,TTAATACTA
,TTAATATTT
,TTGTTACACATTGTT
,TTTCACTTT
,ATTATAATAATATTA
,GGAATTTAAGG
,GTTACACATTG
,TAATTTTAAT
,TAGTGGTGAT
,TCAAACACAAACT
,TCTTCACTTCT
,TTAACCAATT
,TTATGCGTATT
,TTTGTTGTTT
,GACACACACAG
,TAATGAAAGTAAT
,ATTATAATAATATTA
,TAATTTTAAT
,TAATTTTAAT
,TAATTTTAAT
,TGTAACTTTTCTGAA
,TTGTTACACATTGTT
,AAATTTATT
,AGTATTATGA
,ATTATAATAATATTA
,CAATATAAC
,CACTGTTTTT
,CAGGTGGAC
,CATTCTTAC
,CCGATAGCC
,GAATTTAAG
,GTGGTGGTG
,TAATTTTAAT
,TAATTTTAA
,TACTTTTCAT
,TGTATTTTA
,TTAATAATT
,TTGTGCAAC
,TTTCACTTT
,TTTTAGTGA
,TTGTTACACATTGTT
,CAAACACAAAC
,TAATTTTAAT
,TACTTTTCAT
,TCCTACCATCCT
,CAAACACAAAC
,TAATTTTAAT
,TACTTTTCAT
,TCCTACCATCCT
,AATGAAAGTAA
,TAATTTTAAT
,TTAGACCAGATT
,TTTTAATTTT
,TAATTTTAAT
,TAATTTTAAT
,AAGGTGTTTA
,ACTTTGTTAA
,AGGATCTTAT
,AGTATTATGA
,ATTATAATAATATTA
,ATTATAATT
,ATTATAATT
,CACTGTTTTT
,CGTTAACTAA
,GTATGGATAA
,GTTGTTGTTG
,TAATATTGGT
,TAATTTTAAT
,TAATTTTAGT
,TACTTTTCAT
,TATTTTTAT
,TATTTTTAT
,TATTTTTAT
,TCAGTAATTC
,TGTTGGTGTT
,TTCTACTAAA
,TTGTCAGTTT
,TTTACTAAT
,TTTACTAAT
,TTTATAATTT
,TTTTAGTGGT
,CAAACGCAAAC
,GTGGTGGTG
,TACTTTTCAT
,TTCATACTT
,TTTCACTTT
,ATATTTTTTATA
,ATTTTACTCATTTTA
,TTGTTACACATTGTT
,ATTCAAACTTA
,CAAACACAAAC
,TAATTTTAAT
,TTTTAATTTT
,TAATTTTAAT
,CAAACACAAAC
,TAATTTTAAT
,TACTTTTCAT
,TCCTACCATCCT
,AACTTATAA
,AACTTTCAA
,AAGGTTAAC
,AATCACTAA
,AATGAGTAA
,ACGCCATAC
,ACTACATCA
,ACTTCTTTTG
,ATAATATTA
,ATATGTATA
,ATATTCAAA
,ATATTTGTG
,ATGACAGTA
,ATGGTGGTC
,ATTATAATAATATTA
,ATTATAATT
,CATAATTTTG
,CGACTCAGC
,CTATTAATA
,CTGCACAAG
,CTTGGTCTA
,GATTATAAT
,GCGTATGCG
,GGTGGTAAA
,GGTGTTGTGG
,GGTGTTTAT
,GGTGTTTAT
,GTAATTTTAG
,GTGCTCGTG
,GTTAAGCAG
,GTTGTTGTTG
,TAATTCACT
,TAATTTTAAT
,TAATTTTGA
,TATTCTTCTA
,TATTTTTAT
,TGCGACAACA
,TGGATTACC
,TGGTTTTAA
,TGTTGTTGT
,TTAAATGGTG
,TTAATAATT
,TTAATACTA
,TTAATATTT
,TTATAATTT
,TTCAGACCA
,TTGTTACACATTGTT
,TTTAATTTT
,TTTATAATTT
,TTTCACTTT
,TTTCTCTTT
,TTTTAATTTT
,TTTTGAATG
,CAAACACAAAC
,TAATTTTAAT
,TACTTTTCAT
,TCCTACCATCCT
,CAAACACAAAC
,TAATTTTAAT
,TTTTAATTTT
,CAAACACAAAC
,TAATTTTAAT
,TACTTTTCAT
,TCCTACCATCCT
,CAAACACAAAC
,TAATTTTAAT
,TACTTTTCAT
,TCCTACCATCCT
,AATTTATATG
,ATGTTGGTG
,ATGTTGGTG
,GATGTTGTAG
,TGTTGGTGCT
,TTAAATGGTG
,TTGTTACACATTGTT
,TTTAATATTA
,TTGTTACACATTGTT
,AAACTGGTT
,AATGTGTCT
,AATTCATTT
,AATTTATATG
,AATTTTTAA
,ACCAATTTT
,ACCATACCA
,ACCTGATGG
,ACTACATCA
,ACTTATATTA
,AGTAGTTTT
,ATATGTATA
,ATGTTGGTG
,CAACACAAC
,CATTCTTAC
,CGTCGTTAA
,GAAGATGTT
,GAAGATGTT
,GATGTTGTAG
,GATTATAAT
,GCAGTAGTT
,GTAGTTTTAG
,GTCAATGGT
,GTGCTCGTG
,GTGGTGGAC
,GTTGTTGTTG
,TAATTTTAAT
,TAGTTTTAG
,TATATGTAT
,TATTCTTCTA
,TATTTTTAT
,TCTTTGAATT
,TGTATTTAAT
,TGTTGGTCA
,TGTTGTTGT
,TTAAATGGTG
,TTATCGTGA
,TTCTACTAA
,TTCTGTCTT
,TTCTTATAT
,TTGACAGTT
,TTGTTACACATTGTT
,TTTAATTTT
,TTTATCGTG
,TTTGTATAAC
,TTTTAATTTT
,TTTTATTTT
,ACTATTATCA
,GTGTATCTTA
,TAGACCACCAGAT
,TTCTTTTCTT
,TTGTTACGCATTGTT
,ACATTGTTACA
,ATAATATGAC
,CAAACACAAAC
,TAATTTTAAT
,TTGTTACACATTGTT
,TTTTAATTTT
,AATTTATATG
,GATGTTGTAG
,TTGTTACACATTGTT
,TTGTTACTCATTGTT
,TAATTTTAAT
,ATAATATGAC
,TAATGAAAGTAAT
,TGAACCAAGT
,ATCTGTCTA
,CCATGACAGTACC
,CTAAATTTAAATC
,TCTACATCT
,TGTAACTTC
,TTTGTTACGCATTGTTT
,ATTATAATAATATTA
,TTGTTACACATTGTT
,ATTATAATAATATTA
,TGTAACTTTTCTGAA
,CAAACACAAAC
,GTGAAAGTA
,TAATTTTAAT
,TAGTGGTGAT
,TTCATACTT
,TTTCACTTT
,TAATTTTAAT
,TAATGAAAGTAAT
,TAATTTTAAT
,CAAACACAAAC
,GTGGTGGTG
,TAATTTTAAT
,TACTTTTCAT
,TTGACAGTT
,TTTCACTTT
,AAACGCAAA
,AAAGATGTT
,AAATGGACA
,AAATTATGA
,AAATTATTT
,AAGACCAGAA
,AAGGTGGAA
,AATTGTTGT
,AATTTAAAT
,ACATTATTTT
,ACCATACCA
,ACCCATTAT
,ACTTATTTA
,AGTTTTTGA
,ATATTTATA
,ATTCCTATT
,ATTGTGTTA
,CAGGAGGAC
,CATTATTAC
,CCAGTTAGT
,CTATTTTTA
,GAAGTTAAT
,GACATTATT
,GATGGTGATT
,GGTGTGTAT
,GTGGTTTTA
,GTTACACATTG
,GTTACACATTG
,GTTATAGTA
,GTTATAGTA
,GTTGTACTT
,GTTGTTGTTG
,TAAATGTTA
,TAAATGTTA
,TAAGAATTTT
,TAATTTTAAT
,TAGTGGTGAT
,TAGTTTTTGA
,TATTGTACA
,TATTTTTAT
,TATTTTTAT
,TATTTTTAT
,TCATGTACT
,TGATAATAGT
,TGCAGTGGT
,TGGTTTTGGT
,TGTTGTTGTT
,TGTTGTTGT
,TGTTGTTGT
,TGTTTTAAA
,TGTTTTAAA
,TTAACAATT
,TTATTTATT
,TTGTAAAGGT
,TTTAATTTT
,TTTATTAAA
,TTTATTAAA
,TTTCACTTT
,TTTGATTCA
,TTTTAATAA
,TTTTAATTTT
,TTTTGGTGTA
,TTTTGTTACACATTGTTTT
,ATTATAATAATATTA
,GCCTTATTCCG
,GTTACACATTG
,TAATTTTAAT
,TAGTGGTGAT
,TCAAACACAAACT
,TCTTCACTTCT
,TTAACCAATT
,TTATGCGTATT
,TTTGTTGTTT
,AGATCTAGA
,AGTAGATGA
,ATCTGTCTA
,TGTAACTTC
,TTTGTTACTCATTGTTT
,TTTTTAATA
,CATTTGCAGG
,TGTAACTTTTCTGAA
,TTATACTAGT
,GATGTTGTAG
,TCTGGTAACTG
,TGTTACCCATTGT
,TTGTTACACATTGTT
,AATTTCACT
,ATATAATATA
,ATGTTGGTG
,ATTCACTTT
,ATTGTTTTA
,ATTTTAGTG
,CATTCTTAC
,GTAATTAATG
,GTGATAATAGTG
,GTGGTGGTG
,TACTAATCAT
,TATAATGGTG
,TGTAATTTTT
,TTAATGTGAC
,TTGTTTTAT
,TTTCACTTT
,TTTGTTACACATTGTTT
,TTTGTTTTG
,TTTTAATGT
,TTTTGTTTT
,AATATTAATA
,AGTATTATGA
,CACTGTTTTT
,TAATAATTAT
,TAATTTTAAT
,TGTAACTTTTCTGAA
,TTTAAGTCTT
,TTGTTACACATTGTT
,ATTATAATAATATTA
,CAAACACAAAC
,TACATTTACAT
,TTATAATAATA
,TTTGTTACACATTGTTT
,ATGTTGGTG
,ATGTTGGTG
,TTGTTACACATTGTT
,CAAACACAAAC
,TAATTTTAAT
,TACTTTTCAT
,TCCTACCATCCT
,AACTTATAA
,AACTTTCAA
,AAGGTTAAC
,AATCACTAA
,ACAGATGTTA
,ACTACATCA
,ACTGCACAAG
,ACTTCTTTTG
,ATAATATTA
,ATATGTATA
,ATATTCAAA
,ATGACAGTA
,ATGGTGGTC
,ATTATAATAATATTA
,CAACAATAT
,CGACTCAGC
,CTAAACCGT
,CTATTAATA
,CTTGGTCTA
,GGTGGTAAA
,GTAATTTTAG
,GTATTGTTG
,GTGCTCGTG
,GTTAAGCAG
,GTTGTTGTTG
,TAATTCACT
,TAATTTTAAT
,TATAAATAT
,TATTTTTAT
,TGGATTACC
,TGTTGTTGT
,TTAAATGGTG
,TTAATAATT
,TTAATTTTGA
,TTACAGATG
,TTATAATTT
,TTGTAATTTT
,TTGTTACACATTGTT
,TTGTTTACA
,TTTAATTTT
,TTTCACTTT
,TTTGTATGAC
,TTTTAATTTT
,TTTTGAATG
,AAACGCAAA
,AAAGATGTT
,AAATGGACA
,AAATTATGA
,AAATTATTT
,AAGACCAGAA
,AAGGTGGAA
,AATTGTTGT
,AATTTAAAT
,ACATTGTTTT
,ACCATACCA
,ACCCATTAT
,ACTTATTTA
,AGTTTTTGA
,ATATTTATA
,ATTGTGTTA
,ATTGTTTTGTTA
,ATTTTATTC
,CATTATTAC
,CCAGTTAGT
,CTATTTTTA
,GAAGTTAAT
,GACATTATT
,GATGGTGATT
,GGTGTGTAT
,GTGGTTTTA
,GTTATAGTA
,GTTATAGTA
,GTTGTACTT
,TAAATGTTA
,TAAGAATTTT
,TAATTTTAAT
,TACTTTCAC
,TAGTGGTGAT
,TATTGTACA
,TATTTTTAT
,TATTTTTAT
,TATTTTTAT
,TCATGTACT
,TGATAATAGT
,TGCAGTGGT
,TGGTTTTGGT
,TGTTGTTGT
,TGTTTTAAA
,TGTTTTAAA
,TTAACAATT
,TTACATTGT
,TTATATGAG
,TTATTTATT
,TTGTAAAGGT
,TTTAATAAA
,TTTAATTTT
,TTTATTAAA
,TTTATTAAA
,TTTCACTTT
,TTTGACCAGTTT
,TTTGATTCA
,TTTTAATAA
,TTTTAATTTT
,TTTTGGTGTA
,TTTTGTTACACATTGTTTT
,TTTTTCCTTTTT
,TTGTTACACATTGTT
,ATTATAATAATATTA
,TTGTTACACATTGTT
,AACTTATAA
,AATCACTAA
,ATAATATTA
,ATGACAGTA
,ATTATAATAATATTA
,CGACTCAGC
,CTATTAATA
,CTGCACAAG
,CTTGGTCTA
,TTAATAATT
,TTAATACTA
,TTATTTATT
,TTGTTACACATTGTT
,TTTCACTTT
,ATTATAATAATATTA
,CAGACTTCAGAC
,GGAATTTAAGG
,GTTACACATTG
,TAATTTTAAT
,TAGTGGTGAT
,TCAAACACAAACT
,TTAACCAATT
,TTATGCGTATT
,TTTGTTGTTT
,AACAGTTTTA
,ATTATAATAATATTA
,GTAAATTATA
,GTATGGATAA
,GTTGTTGTTG
,TAAGAAGAAT
,TAATTTTAAT
,TAATTTTAGT
,TACTTTTCAT
,TATTTTTAT
,TATTTTTAT
,TATTTTTAT
,TCAGTAATTC
,TGTTGGTGTT
,TTTTAGACCA
,TTTTAGACCA
,AACTAATCAA
,AGTTTTTTGA
,GAAATTAAAG
,GAACTGGTCAAG
,TAATGAAAGTAAT
,TAATGGTGGT
,TATGCTTATTCGTAT
,TTTGTTACTCATTGTTT
,AAATTTTAT
,ATTATAATAATATTA
,GTATTAATTATG
,TAATAAAAGTGC
,TATTTTAAA
,ATCACACTA
,CAAACACAAAC
,GTGGTGGTG
,TAATTTTAAT
,TACTTTTCAT
,TTTCACTTT
,CAAACGCAAAC
,TATAATAATAT
,TCAACACAACT
,ACATTGTTACA
,TTGTTACACATTGTT
,AAAAGAACT
,AAATGGTGAT
,AAATTTTGT
,AATTCTGGT
,ACCACACCA
,ACCATACCA
,ACTATATCA
,ACTTTTTCA
,ATAATATTA
,ATAATTTTA
,ATATGTATA
,ATGAAAGTA
,ATGTTATTT
,ATTATAATAATATTA
,ATTGTTTTA
,ATTTGTTTT
,CAATGTAAC
,CATCACTAC
,CATTCGTATT
,CCATACCACA
,CGTTCTGTT
,CTATTAATA
,CTTAGTAAT
,GGTGGTAAA
,GTAATTTTA
,GTGGTCTAC
,GTGTAGTAA
,GTTAAAAAA
,GTTGTTGTTG
,GTTTTATTG
,TAAATGGTG
,TAATTTTAAT
,TATCGTGGT
,TATGTATGG
,TATTCTTCT
,TATTTTTAT
,TGAAAAATA
,TGTTGGTCA
,TGTTGTTGT
,TGTTTTAAAC
,TTAATAATT
,TTAGCGATT
,TTATGGTTG
,TTCAGTTTCA
,TTGTTTTAT
,TTTACTTTTT
,TTTATAATTT
,TTTATATTT
,TTTCAGACCT
,TTTCTCTTT
,TTTGGGTTT
,TTTGTTACACATTGTTT
,TTTTAATAT
,TTTTAATTTT
,TTTTAGTGGT
,ATATAATATA
,ATTATAATAATATTA
,TAATTTTAAT
,TACTTTTCAT
,TGTAACTTTTCTGAA
,TTATACTAGT
,TAAATTTAAAT
,TGATAATAGT
,TGGTTTTGGT
,TTGTTTTTGTT
,TTTTGTTACACATTGTTTT
,TTGTTACACATTGTT
,AAGGTGTTTA
,ACTTCAGCAG
,AGGATCTTAT
,ATTATAATAATATTA
,ATTATAATT
,ATTATAATT
,ATTCTACTAA
,CACTGTTTTT
,CCTATTTTTA
,CGTTAACTAA
,GTTGTTGTTG
,TAATTTTAAT
,TAATTTTAGT
,TACTTTTCAT
,TATTTTTAT
,TATTTTTAT
,TATTTTTAT
,TCAGTAATTC
,TCTTTATTTT
,TGTAACTTTTCTGAA
,TGTTGGTGTT
,TTCTACTAAA
,TTGTCAGTTT
,TTTATAATTT
,ACGTAATGCA
,ATAATATTA
,ATAATATTA
,ATTATAATAATATTA
,ATTATAATATTA
,ATTATAATA
,CACTGTTTTT
,TAACACAACT
,TAATAATTAT
,TAATGGTAAT
,TAATTTTAAT
,TATAATATTA
,TTAAATGGTG
,AACTTATAA
,AATCACTAA
,ATAATATTA
,ATGACAGTA
,ATGGTGGTC
,ATTATAATAATATTA
,CGACTCAGC
,CTATTAATA
,CTGCACAAG
,CTTGGTCTA
,GCGTATGCG
,TTAATAATT
,TTAATACTA
,TTAATATTT
,TTGTTACACATTGTT
,TTTCACTTT
,CAAACACAAAC
,TAATTTTAAT
,TTTTAATTTT
,AGTGCTATTT
,ATTATAATAATATTA
,TAATTTTAAT
,TGATAATAGT
,TTATTTTATT
,TTTGTTGTTT
,AACATGTTG
,AACTTATAA
,AACTTTCAA
,AAGGTTAAC
,AAGTTGTAA
,AATCACTAA
,AATGAGTAA
,ACGCCATAC
,ACTACATCA
,ATAATATTA
,ATATGTATA
,ATATTCAAA
,ATGACAGTA
,ATGGTGGTC
,ATTATAATAATATTA
,ATTATAATT
,CATAATTTTG
,CGACAATAT
,CGACTCAGC
,CTATTAATA
,CTGCACAAG
,CTTGGTCTA
,GATTATAAT
,GCGTATGCG
,GGTGGTAAA
,GGTGTTGTGG
,GTAATTTTAG
,GTGCTCGTG
,GTTAAGCAG
,GTTGTTGTTG
,TAATACTGG
,TAATTCACT
,TAATTTTAAT
,TAATTTTGA
,TATTATTCAT
,TATTCTTCTA
,TGGATTACC
,TGGTTTTAA
,TGTTGTTGT
,TTAAATGGTG
,TTAATAATT
,TTAATATTT
,TTATAATTT
,TTCAGACCA
,TTGTTACACATTGTT
,TTTAATTTT
,TTTATAATTT
,TTTCACTTT
,TTTGTATGAC
,TTTTAATTTT
,TTTTGAATG
,TTGTTACACATTGTT
,TTGTTACACATTGTT
,ATTCAAACTTA
,CAAACACAAAC
,TAATTTTAAT
,TTTTAATTTT
,ATAAAAATA
,ATCTGTCTA
,CCATGACAGTACC
,CTAAATTTAAATC
,TCTACATCT
,TGTAACTTC
,TTTGTTACGCATTGTTT
,TTTTGTTTT
,AGTATTATGA
,ATTATAATAATATTA
,CACTGTTTTT
,TAATGAAAGTAAT
,TAATTTTAAT
,TACTTTTCAT
,TTTTAATTTT
,TAATTTTAAT
,CAAACACAAAC
,TAATTTTAAT
,TACTTTTCAT
,TCCTACCATCCT
,ATTTTACATTTTA
,TAATGAAAGTAAT
,TAATTTTAAT
,TTTGTTGTTT
,AATATTAATA
,AGTATTATGA
,CACTGTTTTT
,GTGTATTTTA
,TAATTTTAAT
,TTGTTACACATTGTT
,CCATGACAGTACC
,CTAAATTTAAATC
,GTTACGCATTG
,CAAACACAAAC
,TAATTTTAAT
,TACTTTTCAT
,TCCTACCATCCT
,AGTATTTGTT
,GATGTTGTAG
,TATTCGTATT
,TGGATTAGGT
,TTGTTACACATTGTT
,CAAACACAAAC
,TAATTTTAAT
,TTTTAATTTT
,ATTCAAACTTA
,CAAACACAAAC
,TAATTTTAAT
,TTTTAATTTT
,CAAACACAAAC
,TAATTTTAAT
,TTTTAATTTT
,AAGGTGTTTA
,ACTTTGTTAA
,ATATAATATA
,ATTATAATAATATTA
,ATTATAATT
,ATTATAATT
,ATTCTACTAA
,CACTGTTTTT
,CGTTAACTAA
,GTATGGATAA
,GTTGTTGTTG
,TAATTTTAAT
,TAATTTTAGT
,TACTTTTCAT
,TATTTTTAT
,TATTTTTAT
,TATTTTTAT
,TCAGTAATTC
,TGTAACTTTTCTGAA
,TTCTACTAAA
,TTGTCAGTTT
,TTTACTAAT
,TTTACTAAT
,TTTATAATTT
,TTTTAGTGGT
,ATTATAATAATATTA
,ATTATAATAATATTA
,TTTGTTACACATTGTTT
,TTGTTACACATTGTT
,TTGTTACACATTGTT
,AATGGTGAT
,ATTATAATAATATTA
,CAATATAAC
,CAGGTGGAC
,CATTCTTAC
,GAATTTAAG
,GTGGTGGTG
,TAACGCAAT
,TAATTTTAA
,TGTAACTTTTCT
,TGTATTTTA
,TGTTTTTGT
,TTAACAACT
,TTTCACTTT
,TTTTAGTGA
,ATTATAATAATATTA
,TGTAACTTTTCT
,TTGTTACTCATTGTT
,TTGTTACACATTGTT
,CAAACACAAAC
,TAATTTTAAT
,TACTTTTCAT
,TCCTACCATCCT
,ATTATAATAATATTA
,CAAACACAAAC
,TCTAAATTTAAATCT
,TGTAACTTTTC
,TTATAATAATA
,TTATGCGTATT
,TTTGTTACACATTGTTT
,AACTTATAA
,AATCACTAA
,ACATTGTTACA
,ATAATATTA
,ATGACAGTA
,ATGGTGGTC
,ATTATAATAATATTA
,ATTCAAACTTA
,CAAACACAAAC
,CGACTCAGC
,CTATTAATA
,CTTGGTCTA
,GCGTATGCG
,TTAATAATT
,TTAATACTA
,TTAATATTT
,TTGTTACACATTGTT
,TTTCACTTT
,TTGTTACACATTGTT
,TAATTTTAAT
,ATTATAATAATATTA
,AACTTTCAA
,AAGGTGTTTA
,AATGAGTAA
,ACATATTGT
,ACTATATCA
,ACTTTGTTAA
,AGAAGATAT
,AGTACTTTT
,ATATGTATA
,ATGTAACAA
,ATTATAATAATATTA
,ATTATAATT
,ATTATAATT
,ATTCTGCCA
,CAATATAAC
,CACAATTAT
,CACTGTTTTT
,CAGGTGGAC
,CATTACTGC
,CATTCTTAC
,CGTTAACTAA
,GAATTTAAG
,GGTGAATTA
,GTATGGATAA
,GTGGTGGTG
,GTTGTTGTTG
,TAACAACTT
,TAATTTTAAT
,TAATTTTAGT
,TACTAATTA
,TACTTTTCAT
,TATTATTAT
,TATTTTTAT
,TATTTTTAT
,TATTTTTAT
,TCAGTAATTC
,TCTTGTTTTT
,TGAAAAATC
,TGTATTTTA
,TGTTGGTGTT
,TGTTGTTGT
,TGTTTTTGT
,TTATACTAGT
,TTATACTAGT
,TTGTCAGTTT
,TTGTCTGTT
,TTGTGATAA
,TTTACTAAT
,TTTACTAAT
,TTTATAATTT
,TTTCACTTT
,TTTCTCTTT
,TTTGTGATA
,TTTTAGTGA
,TTTTTGTGG
,AGTTGTGTTGA
,GTAAATGTTTC
,TGACATTACAGT
,TTGGTTTGGTT
,TTTGTTACGCATTGTTT
,ATTATAATAATATTA
,GGAATTTAAGG
,GTTACACATTG
,TAATTTTAAT
,TAGTGGTGAT
,TATTCGTATT
,TCAAACACAAACT
,TCTTCACTTCT
,TTAACCAATT
,TTTGTTGTTT
,CAAACACAAAC
,TAATTTTAAT
,TTTTAATTTT
,CAAACACAAAC
,TAATTTTAAT
,TACTTTTCAT
,TCCTACCATCCT
,TTGTTACTCATTGTT
,CAAACACAAAC
,TAATTTTAAT
,TACTTTTCAT
,TCCTACCATCCT
,TGGTCCTGGT
,TTGTTACACATTGTT
,TTTGTTTGAC
,TTGTTACACATTGTT
,CAAACACAAAC
,TAATTTTAAT
,TACTTTTCAT
,TCCTACCATCCT
,ATAAAAATA
,ATCTGTCTA
,CATTCTTAC
,CCATGACAGTACC
,CTAAATTTAAATC
,GATTTTTGT
,TAACGCAAT
,TAACTCAAT
,TATTCGTAT
,TCTACATCT
,TGTAACTTC
,TTTCACTTT
,TTTGTTACGCATTGTTT
,TTTTCACTT
,TTTTGTTTT
,CAAACACAAAC
,TACTTTTCAT
,AACTTATAA
,AATCACTAA
,ATAATATTA
,ATGACAGTA
,ATGGTGGTC
,ATTATAATAATATTA
,CGACTCAGC
,CTATTAATA
,CTGCACAAG
,CTTGGTCTA
,GCGTATGCG
,TGTTTGGTA
,TTAATAATT
,TTAATACTA
,TTAATATTT
,TTGTTACACATTGTT
,TTTCACTTT
,TTGTTACACATTGTT
,ATTATAATAATATTA
,CAGTGGTAAAT
,GTTACACATTG
,TAATTTTAAT
,TAGTGGTGAT
,TCAAACACAAACT
,TTAACCAATT
,TTATGCGTATT
,TTTGTTGTTT
,ATTATAATAATATTA
,GGAATTTAAGG
,GTTACACATTG
,TAATTTTAAT
,TAGTGGTGAT
,TCAAACACAAACT
,TCTTCACTTCT
,TTAACCAATT
,TTATGCGTATT
,TTTGTTGTTT
,TAATTTTAAT
,TTTTAATTTT
,ATTATAATAATATTA
,TGTAACTTTTCTGAA
,TTGTTACACATTGTT
,TAATTTTAAT
,AATTTTACT
,ACGATTGTC
,AGCACACGA
,ATTGTTTTA
,GTAATAATG
,TTAATAATT
,TTTGTTACACATTGTTT
,TTGTTACACATTGTT
,CAAACACAAAC
,TAATTTTAAT
,TACTTTTCAT
,CAAACACAAAC
,TAATTTTAAT
,TACTTTTCAT
,CAAACACAAAC
,TAATTTTAAT
,TTTTAATTTT
,CAAACACAAAC
,TAATTTTAAT
,TCCTACCATCCT
,TTGTTACACATTGTT
,AACTTATAA
,AACTTTCAA
,AAGGTTAAC
,AATCACTAA
,AATGAGTAA
,ACGCCATAC
,ACTACATCA
,ACTTCTTTTG
,ATAATATTA
,ATATGTATA
,ATATTCAAA
,ATATTTGTG
,ATGACAGTA
,ATGGTGGTC
,ATTATAATAATATTA
,ATTATAATT
,CATAATTTTG
,CGACTCAGC
,CTGCACAAG
,CTTGGTCTA
,GATTATAAT
,GCGTATGCG
,GGTGGTAAA
,GGTGTTGTGG
,GGTGTTTAT
,GGTGTTTAT
,GTAATTTTAG
,GTGCTCGTG
,GTTAAGCAG
,GTTGTTGTTG
,TAATTCACT
,TAATTTTAAT
,TAATTTTGA
,TACAAACAT
,TATCGTGAGA
,TATTCTTCTA
,TATTTTTAT
,TGCGACAACA
,TGGATTACC
,TGGTTTTAA
,TGTTGTTGT
,TTAAATGGTG
,TTAATAATT
,TTAATACTA
,TTAATATTT
,TTATAATTT
,TTCAGACCA
,TTGTTACACATTGTT
,TTTAATTTT
,TTTATAATTT
,TTTCACTTT
,TTTCTCTTT
,TTTTAATTTT
,TTTTGAATG
,AATATTAATA
,CCATGACAGTACC
,GATGAAGTAG
,GCATTGCACT
,TAATTTTAAT
,TTTGTTACGCATTGTTT
,CTAGATTTAGATC
,CAAACACAAAC
,TACTTTTCAT
,AACTTTCAA
,AAGGTGTTTA
,AATGAGTAA
,AATGGTGAT
,ACATATTGT
,ACTATATCA
,ACTTCAGCAG
,ACTTTGTTAA
,AGAAGATAT
,AGTACTTTT
,ATATGTATA
,ATGTAACAA
,ATTATAATAATATTA
,ATTATAATT
,ATTATAATT
,ATTCTACTAA
,ATTCTGCCA
,CAATATAAC
,CACAATTAT
,CACTGTTTTT
,CAGGTGGAC
,CATTACTGC
,CATTCTTAC
,CGTTAACTAA
,GAATTTAAG
,GGTGAATTA
,GTATGGATAA
,GTGGTGGTG
,GTTGTTGTTG
,TAACAACTT
,TAATTTTAAT
,TAATTTTAGT
,TACTAATTA
,TACTTTTCAT
,TATTATTAT
,TATTTTTAT
,TATTTTTAT
,TATTTTTAT
,TCAGTAATTC
,TGAAAAATC
,TGTAACTTTTCTGAA
,TGTATTTTA
,TGTTGGTGTT
,TGTTGTTGT
,TGTTTTTGT
,TTCTACTAAA
,TTGTCAGTTT
,TTGTCTGTT
,TTGTGATAA
,TTTACTAAT
,TTTACTAAT
,TTTATAATTT
,TTTCACTTT
,TTTCTCTTT
,TTTGTGATA
,TTTTAGTGA
,TTTTAGTGGT
,TTTTTGTGG
,CAAACACAAAC
,TAATTTTAAT
,TACTTTTCAT
,TCCTACCATCCT
,CAAACACAAAC
,TAATTTTAAT
,TACTTTTCAT
,CAAACACAAAC
,TAATTTTAAT
,TACTTTTCAT
,TCCTACCATCCT
,TAATTTTAAT
,GTTACACATTG
,TCTGTATATTT
,ATCTGTCTA
,CCATGACAGTACC
,GAGGTGGAG
,GTTACGCATTG
,TCTACATCT
,TGTAACTTC
,TTTTGTTTT
,ACGTAATGCA
,ATTATAATAATATTA
,CCACCGAGCCACC
,CTAAATTTAAATC
,TAATTTTAAT
,TTAAATGGTG
,TTAATTAATT
,TTTGTTACACATTGTTT
,GTAATAATG
,TGTTGTTGT
,TTAATAATT
,TTGTAATTT
,TTTTAATGTT
,TTTTTCTTTTT
,AACTTATAA
,AATCACTAA
,ATAATATTA
,ATGACAGTA
,ATGGTGGTC
,ATTATAATAATATTA
,CGACTCAGC
,CTATTAATA
,CTGCACAAG
,CTTGGTCTA
,GCGTATGCG
,TTAATAATT
,TTAATACTA
,TTAATATTT
,TTGTTACACATTGTT
,TTTCACTTT
,TTGTTACACATTGTT
,AAAATGGTG
,AAATGGTGT
,AAGTTGTTT
,AATATTAATA
,AATGAGTAA
,AATGGTGTAG
,AATTCTTAA
,AATTTTTAA
,ACAACATTAC
,ACATATTTGT
,ACCAATTTT
,ACCATACCA
,ACTACATCA
,AGTACTTCT
,AGTAGTTTT
,AGTGTTTGT
,ATAAAAATA
,ATAATATTT
,ATATGTATA
,ATCTGTCTA
,ATTGAGAAC
,ATTGTAATT
,CAGGTATGA
,CATTCTTAC
,CCATGACAGTACC
,CTAAATTTAAATC
,CTATTATTAC
,GACATTACAG
,GATTTTTGT
,GTGTTTGTT
,GTTGTTGTTG
,GTTTTAAAA
,TAACGCAAT
,TAACTCAAT
,TAATTTTAAT
,TATAATAGT
,TATGGATAA
,TATTCATTT
,TATTCGTAT
,TATTTTTAT
,TCACTAACG
,TCATTGTAA
,TCTACATCT
,TGAAAAATC
,TGTAACTTC
,TGTAAGGGT
,TGTTGTTGT
,TTACAGAGA
,TTATAATTT
,TTATTGAAGA
,TTCTCTCTT
,TTGGTCAGT
,TTGTCTGTT
,TTTACATCA
,TTTAGACCA
,TTTATAATTT
,TTTCACTTT
,TTTGTGATA
,TTTGTTACGCATTGTTT
,TTTTCACTT
,TTTTGTACAG
,TTTTGTTTT
,TTTTTAATGG
,GTAATAATG
,TGTTGTTGT
,TTAATAATT
,TTCTTTCTT
,TTGTAATTT
,TTTTAATGTT
,ATTATAATAATATTA
,CCACCGAGCCACC
,CTAAATTTAAATC
,TAATAAAAATAAT
,TTTGTTACACATTGTTT
,ATTATAATAAT
,TATAATAATAT
,TCAACACAACT
,TTTTCTCTTTT
,ATTTTGTTTTA
,GTTACGCATTG
,AAACGCAAA
,AAAGATGTT
,AAATTATGA
,AAATTATTT
,AAGACCAGAA
,AAGGTGGAA
,AATTGTTGT
,AATTTAAAT
,ACATTATTTT
,ACCATACCA
,ACCCATTAT
,ACTTATTTA
,AGTTTTTGA
,ATATTTATA
,ATTGTGTTA
,CATTATTAC
,CCAGTTAGT
,CTATTTTTA
,GAAGTTAAT
,GACATTATT
,GATGGTGATT
,GGTGTGTAT
,GTGGTTTTA
,GTTATAGTA
,GTTATAGTA
,GTTGTACTT
,TAAATGTTA
,TAAGAATTTT
,TAATTTTAAT
,TACTTTCAC
,TAGTGGTGAT
,TATTGTACA
,TATTTTTAT
,TATTTTTAT
,TATTTTTAT
,TCATGTACT
,TGATAATAGT
,TGCAGTGGT
,TGGTTTTGGT
,TGTTGTTGT
,TGTTTTAAAC
,TGTTTTAAA
,TTAACAATT
,TTATATGAG
,TTATTTATT
,TTGTAAAGGT
,TTTAATAAA
,TTTAATTTT
,TTTATTAAA
,TTTATTAAA
,TTTCACTTT
,TTTGATTCA
,TTTTAATAA
,TTTTAATTTT
,TTTTGGTGTA
,TTTTGTTACACATTGTTTT
,AATTCTCTTAA
,AGTTACATTGA
,ATTATAATAATATTA
,GGAATTTAAGG
,GTTACACATTG
,TCTTCACTTCT
,TTAGTAGTAAT
,TTATCGTGAGA
,TTATGCGTATT
,AACTTATAA
,AATCACTAA
,ATAATATTA
,ATGACAGTA
,ATGGTGGTC
,ATTATAATAATATTA
,CGACTCAGC
,CTATTAATA
,CTGCACAAG
,CTTGGTCTA
,GCGTATGCG
,TTAATAATT
,TTAATACTA
,TTAATATTT
,TTGTTACACATTGTT
,TTTCACTTT
,CCATGACAGTACC
,CTAAATTTAAATC
,TTTGTTACGCATTGTTT
,ATAAAAATA
,ATCTGTCTA
,CATTCTTAC
,CCATGACAGTACC
,CTAAATTTAAATC
,GATTTTTGT
,TAACGCAAT
,TAACTCAAT
,TATTCGTAT
,TCTACATCT
,TGTAACTTC
,TGTAAGGGT
,TTTCACTTT
,TTTGTTACGCATTGTTT
,TTTTCACTT
,TTTTGTTTT
,ATTATAATAATATTA
,TTGTTACACATTGTT
,AAACGGCAAA
,AATGAAAGTAA
,TAATGGTGGT
,TAATTTTAAT
,TATAATAATAT
,TATTCGTATT
,TGTTATATTGT
,TTGTTACTCATTGTT
,TTTAATGGT
,TTTAATGGT
,TTTTAATTTT
,ATTATAATAATATTA
,CCACCGAGCCACC
,CTAAATTTAAATC
,TAATAAAAATAAT
,TTTGTTACACATTGTTT
,TTGTTACACATTGTT
,TAATTTTAAT
,TAATTTTAAT
,ATCATACTA
,CAGGTGGAC
,CGATGGTAGC
,GCTATATCG
,GTTTTATTC
,TACTAATCAT
,TTGTTACACATTGTT
,AACTTTCAA
,AAGGTGTTTA
,AATGAGTAA
,AATGGTGAT
,ACATATTGT
,ACTATATCA
,ACTTTGTTAA
,AGAAGATAT
,AGTACTTTT
,ATATGTATA
,ATGTAACAA
,ATTATAATT
,ATTCTACTAA
,ATTCTGCCA
,CACAATTAT
,CACTGTTTTT
,CAGGTGGAC
,CATTCTTAC
,CCTATTTTTA
,CGTTAACTAA
,CTATGGTTT
,CTTAACAGT
,GAATTTAAG
,GGTAATATA
,GGTGAATTA
,GTATGGATAA
,GTGGTGGTG
,GTTGTTGTTG
,TAATTTTAAT
,TACTTTTCAT
,TATGGGTCT
,TATTATTAT
,TATTTTTAT
,TATTTTTAT
,TATTTTTAT
,TCAGTAATTC
,TGAAAAATC
,TGGTTTTAA
,TGTAACTTTTCTGAA
,TGTATTTTA
,TGTTGTTGT
,TTATACTAGT
,TTATACTAGT
,TTCTACTAAA
,TTGTCAGTTT
,TTGTCTGTT
,TTGTGATAA
,TTTCACTTT
,TTTCTCTTT
,TTTGTGATA
,TTTTAGTGA
,TTTTAGTGGT
,TTTTTGTGG
,AAGGTGTTTA
,ACGTTTACCA
,AGAATGGTGT
,ATTATAATAATATTA
,GTATGGATAA
,GTTGTTGTTG
,TAATTTTAAT
,TAGTGGTGAT
,TATTCTTCTA
,TATTTTTAT
,TATTTTTAT
,TATTTTTAT
,TCAGTAATTC
,TTAACCAATT
,TTATAATTTT
,TTTGTTGTTT
,TAATTTTAAT
,ATTATAATAATATTA
,TTGTTACACATTGTT
,AAAATTAAT
,AACCCCCAA
,AACTTTCAA
,AATGAGTAA
,AATGGTGAT
,AATTGTTTC
,ACTATATCA
,AGTATTATGA
,ATAGTGGTGGTGATA
,ATATGTATA
,ATTATAATAATATTA
,ATTATAATT
,CAATATAAC
,CACTGTTTTT
,CAGGTGGAC
,CATTACTGC
,CATTCTTAC
,CGTTAACTAA
,GAAGATGTT
,GAATTTAAG
,GGTGAATTA
,GTAGAAGATG
,GTTGTTGTTG
,TAACAACTT
,TAACGCAAT
,TAATTTTAAT
,TAATTTTAA
,TACTTTTCAT
,TATTTTTAT
,TGAAAAATC
,TGGTGATAAT
,TGTATTTTA
,TGTTGGTGTT
,TGTTGTTGT
,TGTTTTTGT
,TTAACAACT
,TTATAATTT
,TTCTACTAATTA
,TTCTACTAA
,TTCTAGAAAT
,TTCTCTTCTCTT
,TTGTCTGTT
,TTGTGATAA
,TTTATAATTTAA
,TTTCACTTT
,TTTCAGATGG
,TTTGTGATA
,TTTTAGTGA
,AATGAAAGTAA
,TAATTTTAAT
,TTAGACCAGATT
,TTTTAATTTT
,TAATTTTAAT
,AACAGTTTCA
,AACTTATAA
,AACTTTCAA
,AAGATGTTA
,AAGGTTAAC
,AATCACTAA
,AATGAGTAA
,ACGCCATAC
,ACTACATCA
,ATAATATTA
,ATATGTATA
,ATATTCAAA
,ATGACAGTA
,ATGGTGGTC
,ATTATAATAATATTA
,CGACTCAGC
,CTATTAATA
,CTGCACAAG
,CTTGGTCTA
,GGTGGTAAA
,GTAATTTTAG
,GTATTGTTG
,GTGCTCGTG
,GTTAAGCAG
,GTTGTTGTTG
,TAATTCACT
,TAATTTTAAT
,TATAAATAT
,TATTCTTCTA
,TATTGTTGGT
,TATTTTTAT
,TGCGACAACA
,TGGTTTTAA
,TGTTGTTGT
,TTAAATGGTG
,TTAATAATT
,TTATAATTT
,TTGTAATTT
,TTGTTACACATTGTT
,TTTCACTTT
,TTTGTATGAC
,TTTTAATTTT
,TTTTGAATG
,TAATTTTAAT
,GTTACGCATTG
,TTGTTACACATTGTT
,AGTATTATGA
,ATTATAATAATATTA
,CACTGTTTTT
,TAATTTTAAT
,TACTTTTCAT
,TTTTAATTTG
,TGTAACTTTTCTGAA
,TTGTTACTCATTGTT
,TTTGTTACACATTGTTT
,ATCACACTA
,CAAACACAAAC
,GTGGTGGTG
,TAATTTTAAT
,TACTTTTCAT
,TTTCACTTT
,AACTTATAA
,AATCACTAA
,AGGTATGGA
,ATAATATTA
,ATTATAATAATATTA
,ATTCAAACTTA
,ATTTTAATG
,CAAACACAAAC
,CGACTCAGC
,CTATTAATA
,CTGCACAAG
,GTATTGTTG
,TATTATTGGTG
,TATTTTAAT
,TTAATAATT
,TTGTTACACATTGTT
,TTTCACTTT
,AGTATTATGA
,ATTATAATAATATTA
,CAATATAAC
,CACTGTTTTT
,CAGGTGGAC
,CATTCTTAC
,CCGATAGCC
,GAATTTAAG
,GATTTTATC
,GTGGTGGTG
,TAACGCAAT
,TAATCATACTAAT
,TAATTTTAAT
,TAATTTTAA
,TACTTTTCAT
,TGTATTTTA
,TGTTTTTGT
,TTAACAACC
,TTTCACTTT
,TTTTAGTGA
,AAAGTTGTTT
,AAGACGTAA
,AATACTCTA
,AATATTAATA
,AATGGTGTAG
,AATTCTTAA
,AATTTTTAA
,ACAACATTAC
,ACATATTTGT
,ACCAATTTT
,ACCATACCA
,ACTACATCA
,AGTACTTCT
,AGTAGTTTT
,ATATGTATA
,ATTCGTATT
,ATTGAGAAC
,ATTGTAATT
,CAATATAAC
,CAATTTTGTA
,CAGGTGGAC
,CATTCTTAC
,CCTTATTCC
,GAATTTAAG
,GACATTACAG
,GGTGTGTAT
,GTGGTGGTG
,GTTGTTGTTG
,TAACGCAAT
,TAACTCAAT
,TAATAGTTTT
,TAATTTTAAT
,TACTTTTCAT
,TATAATAGT
,TATGGATAA
,TATTATTAA
,TATTCATTT
,TATTCGTAT
,TATTTTTAT
,TCACTAACG
,TGAAAAATC
,TGAATAAGT
,TGTAACTTTTCTGAA
,TGTAAGGGT
,TGTATTTTA
,TGTTGTTGT
,TTACAGAGA
,TTATAATTT
,TTATTGAAGA
,TTCTCTCTT
,TTGTCTGTT
,TTTAAGTCTT
,TTTACATCA
,TTTAGACCA
,TTTCACTTT
,TTTCAGATGG
,TTTGTGATA
,AGTATTATGA
,ATTATAATAATATTA
,CACTGTTTTT
,TAATTTTAAT
,TACTTTTCAT
,TTGTTACACATTGTT
,ATAAAAATA
,ATCTGTCTA
,CATTCTTAC
,CCATGACAGTACC
,CTAAATTTAAATC
,GATATTTGT
,TAACGCAAT
,TAACTCAAT
,TATTCGTAT
,TCTACATCT
,TGTAACTTC
,TTTCACTTT
,TTTGTTACGCATTGTTT
,TTTTCACTT
,TTTTTAATG
,CAAACACAAAC
,GTGGTGGTG
,TAATTTTAAT
,TACTTTTCAT
,TTGACAGTT
,TTTCACTTT
,AACAAAACAA
,AACTTTCAA
,AAGGTTAAC
,AATAATTTA
,AATATATAA
,AATCACTAA
,AATGAGTAA
,ACTACATCA
,ACTGCACAAG
,ATAATATTA
,ATATGTATA
,ATGACAGTA
,ATGGACTGTT
,ATGGTGGTC
,ATTATAATAATATTA
,ATTATAATT
,CAACAATAT
,CGACTCAGC
,CTATTAATA
,CTGAAAAATC
,CTTGGTCTA
,GATTATAAT
,GATTGTAGA
,GGTGGTAAA
,GGTGTTGTGG
,GTATTGTTG
,GTGCTCGTG
,GTTAAGCAG
,GTTGTTGTTG
,TAATTCACT
,TAATTTTAAT
,TATAAATAT
,TATTTTTAT
,TGGATTACC
,TGGTTTTAA
,TGTTGTTGT
,TTAAATGGTG
,TTAATAATT
,TTAATTTTGA
,TTATAATTT
,TTGTTACACATTGTT
,TTTAATTTT
,TTTGTATGAC
,TTTTAATTTT
,AATGGTGAT
,ACAACAACA
,AGTTTAAAT
,ATCAAACTA
,CAAACGCAAAC
,CATCAATTT
,CATTCTTAC
,CTATTAATA
,TAAGTTTAA
,TAGTGGTGT
,TCAAAGTTT
,TGACTCAGT
,TGATTTTAATG
,TTAATCAAA
,TTGATTTTAAT
,TTGTCTGTT
,TTGTTACACATTGTT
,CAAACACAAAC
,GTAATGAAAGTAATG
,TAATTTTAAT
,TCCTACCATCCT
,TAATTTTAAT
,CAAACACAAAC
,TAATTTTAAT
,TACTTTTCAT
,TCCTACCATCCT
,TTGTTACACATTGTT
,ATTATAATAATATTA
,TTTGTTACACATTGTTT
,ATGTTGGTG
,ATGTTGGTG
,TTGTTACACATTGTT
,TTGTTACACATTGTT
,AAATGGACA
,AGTTTTTGA
,ATTGTGTTA
,ATTTATTTA
,CAGGAGGAC
,GTTGTACTT
,GTTTATTAAAC
,TAAATTTAAAT
,TAATTTTAAT
,TACTTTCAC
,TAGTGGTGAT
,TATCCCTAT
,TCATGTACT
,TGATAATAGT
,TGGTTTTGGT
,TGTTGTTGT
,TGTTTTAAA
,TTAACAATT
,TTGTTTTTGTT
,TTTAATAAA
,TTTATTTATTT
,TTTCACTTT
,TTTTAATAA
,TTTTAATTTT
,TTTTGGTGTA
,TTTTGTTACACATTGTTTT
,TTTTTCCTTTTT
,TTGTTACACATTGTT
,ATTATAATAATATTA
,ATTCTACTAA
,GTATGGATAA
,GTGGTTTTAA
,GTTGTTGTTG
,TAATTTTAAT
,TATTTTTAT
,TATTTTTAT
,TATTTTTAT
,TCAGTAATTC
,TGGTGGTTTT
,TGTTGGTGTT
,TTACAACATT
,TTATAATTCA
,TTATAATTTT
,TTATACTAGT
,TTATTTTATT
,TTCTACTAAA
,TTTATTAATA
,TTTGTTGTTT
,CAAACACAAAC
,TAATTTTAAT
,TACTTTTCAT
,TTGTTACACATTGTT
,TAATTTTAAT
,CAAACACAAAC
,TAATTTTAAT
,TTTTAATTTT
,CAAACACAAAC
,GTGGTGGTG
,TAATTTTAAT
,TACTTTTCAT
,TCCTACCATCCT
,TTTAATTTG
,TTTACTTTT
,TCTAAGGAATCT
,ACACTTTTCACA
,ATTATAATAATATTA
,TAATAATTAT
,TAATTTTAAT
,TGTAACTTTTCTGAA
,TTAACCAATT
,TTTTAACGGT
,ATAAAAATA
,ATCTGTCTA
,CATTCTTAC
,CCATGACAGTACC
,CTAAATTTAAATC
,GATTTTTGT
,TAACGCAAT
,TAACTCAAT
,TATTCGTAT
,TCTACATCT
,TGTAACTTC
,TTTCACTTT
,TTTGTTACGCATTGTTT
,TTTTCACTT
,TTTTGTTTT
,ATTATAATAATATTA
,TTGTTACACATTGTT
,TAATTTTAAT
,TAATTTTAAT
,ATCACACTA
,CAAACACAAAC
,GTGGTGGTG
,TAATTTTAAT
,TACTTTTCAT
,TTTCACTTT
,ATTATAATAATATTA
,TAAGGGGAAT
,TAATCACACTAAT
,TAATTTTAAT
,TTTTAATTTT
,TTTTTAGTGA
,CAAACGCAAAC
,TATAATAATAT
,TCAACACAACT
,TAATTTTAAT
,AGTGGTTAT
,ATAATATGA
,ATGTTGGTG
,ATTATAATAATATTA
,ATTTTAGTG
,CAGATTTTA
,GTGGTGGAC
,GTTTTATAAC
,TAATAATAT
,TAATTTTAAT
,TATTAACAT
,TATTATTAAT
,TATTCGTATT
,TCTTGGTCA
,TGGATAGGT
,TTCACCAAG
,TTGTTACACATTGTT
,TTGTTTTAT
,TTTGTTTGAC
,TTTTAATTTT
,TTTTCTTTT
,TTTTGTTTG
,AAACGGCAAA
,AACCATATT
,AATGAAAGTAA
,AATGGTGGT
,AATTGTATT
,AATTTTACT
,ACTAAGAGT
,ATAAAAGTG
,CATTCTTAC
,CATTTTTTTAC
,GAGTTAACT
,GATTGTTAG
,TAATTACTTA
,TAATTTTAAT
,TATAATAATAT
,TATTATTAT
,TATTCGTATT
,TATTCTTAT
,TATTGTTGT
,TGATTTAGT
,TGGTAATTTTT
,TGTTATATTGT
,TTGTTACTCATTGTT
,TTGTTTTAT
,TTTAATGGT
,TTTAATGGT
,TTTAATGGT
,TTTTAATTTT
,TTGTTACACATTGTT
,AACTTATAA
,AATCACTAA
,ATAATATTA
,ATGACAGTA
,ATGGTGGTC
,ATTATAATAATATTA
,CGACTCAGC
,CTATTAATA
,CTGCACAAG
,CTTGGTCTA
,GCGTATGCG
,TTAATAATT
,TTAATACTA
,TTAATATTT
,TTGTTACACATTGTT
,TTTCACTTT
,CAAACACAAAC
,TAATTTTAAT
,TACTTTTCAT
,AAAGTTGTTT
,AATATTAATA
,AATGAGTAA
,AATGGTGTAG
,AATTCTTAA
,AATTTTTAA
,ACAACATTAC
,ACATATTTGT
,ACCAATTTT
,ACCATACCA
,ACTACATCA
,AGTACTTCT
,AGTAGTTTT
,AGTGTTTGT
,ATAAAAATA
,ATAATATTT
,ATATGTATA
,ATCTGTCTA
,ATTGAGAAC
,ATTGTAATT
,CAGGTATGA
,CATTCTTAC
,CCATGACAGTACC
,CTAAATTTAAATC
,CTATTATTAC
,GACATTACAG
,GATTTTTGT
,GTGTTTGTT
,GTTGTTGTTG
,GTTTTAAAA
,TAACGCAAT
,TAACTCAAT
,TAATTTTAAT
,TATAATAGT
,TATGGATAA
,TATTCATTT
,TATTCGTAT
,TATTTTTAT
,TCACTAACG
,TCATTGTAA
,TCTACATCT
,TGAAAAATC
,TGTAACTTC
,TGTAAGGGT
,TGTTGTTGT
,TTACAGAGA
,TTATAATTT
,TTATTGAAGA
,TTCTCTCTT
,TTGGTCAGT
,TTGTCTGTT
,TTTACATCA
,TTTAGACCA
,TTTATAATTT
,TTTCACTTT
,TTTGTGATA
,TTTGTTACGCATTGTTT
,TTTTCACTT
,TTTTGTACAG
,TTTTGTTTT
,TTTTTAATGG
,ATTATAATAATATTA
,CAATATAAC
,CACTGTTTTT
,CAGGTGGAC
,CATTCTTAC
,CCGATAGCC
,GAATTTAAG
,GTGCAACGTG
,GTGGTGGTG
,TAACGCAAT
,TAATTTTAAT
,TAATTTTAA
,TACTTTTCAT
,TGTTTTTGT
,TTAACAACC
,TTATGTATT
,TTTCACTTT
,TTTTAGTGA
,ATCAAACTA
,TGTTGTTGT
,TTAATAATT
,TTGTAATTT
,TTTCACTTT
,ATGAAAGTA
,CAAACACAAAC
,TAATTTTAAT
,TTCATACTT
,TTTCACTTT
,TTTTAATTTT
,AACATATTG
,AATAATTTT
,AATATTAGT
,AATGAGTAA
,AATTTTAGTA
,AATTTTAGT
,AATTTTAGT
,AATTTTTTTAA
,ACAATCTAACA
,ACCTCACAT
,ACTACATCA
,ACTTATATTA
,AGGTATGGA
,AGTTTTAATTT
,AGTTTTTGA
,ATAATAATTTT
,ATAATTTTA
,ATAATTTTA
,ATTGCGTTA
,ATTTTTCTT
,CAGGAGGAC
,CATGATAAA
,CATTACTGC
,CCTTATTAC
,CTAATCCTACT
,GAAGATGTT
,GAAGTTATTT
,GAAGTTATT
,GGATTTAGG
,GTAAATTTA
,GTAGAAGATG
,GTGGTTTTA
,GTTTATTAAAC
,TAAAAATCA
,TAAATTTAAAT
,TAATTTTAAT
,TAATTTTGA
,TACTTTCAT
,TAGTGGTAA
,TATAGTCGGC
,TATTTTTAT
,TCAGTAATTC
,TCATGTACT
,TGATAATAGT
,TGGTTTGTA
,TGGTTTTGGT
,TGTAGTGCA
,TGTTGGTCA
,TGTTGTTGT
,TGTTGTTGT
,TGTTGTTGT
,TGTTTTAAA
,TTAAAAAATT
,TTAACAATT
,TTAACTAAA
,TTAATTTAA
,TTATTACCG
,TTATTACGGCT
,TTATTCTTCTA
,TTCAGCACATT
,TTCTTATCG
,TTGTGATAA
,TTGTTTTTGTT
,TTTAATTTA
,TTTAATTTT
,TTTTAATAAA
,TTTTAATAA
,TTTTAATTTT
,TTTTAATTTT
,TTTTAATTTT
,TTTTGGTGTA
,TTTTGTTACACATTGTTTT
,TTTTTCTTTTT
,CAAACACAAAC
,TAATTTTAAT
,TACTTTTCAT
,TCCTACCATCCT
,AGTATTATGA
,ATTATAATAATATTA
,TAATCATACTAAT
,TAATTTTAAT
,TACTAATCAT
,TACTTTTCAT
,TGTAACTTTTCTGAA
,TGTATTTTAA
,CAAACACAAAC
,TAATTTTAAT
,TCCTACCATCCT
,TAATTTTAAT
,TCATTTTTACT
,TTGTTACACATTGTT
,AGTATTATGA
,ATTATAATAATATTA
,CACTGTTTTT
,TAATTTTAAT
,TACTTTTCAT
,AAAATTAAT
,AACTTTCAA
,AAGGTGTTTA
,AATGAGTAA
,AATTATATT
,ACATATTGT
,ACTATATCA
,ACTTTGTTAA
,AGAAGATAT
,AGTATTATGA
,ATATGTATA
,ATGTAACAA
,ATTATAATAATATTA
,ATTATAATT
,ATTATAATT
,CAATATAAC
,CACAATTAT
,CACTGTTTTT
,CAGCACATT
,CAGGTGGAC
,CATTACTGC
,CCGATAGCC
,CGTTAACTAA
,GAATTTAAG
,GTATGGATAA
,GTGGTGGTG
,GTTGTTGTTG
,TAATTTTAAT
,TAATTTTAA
,TAATTTTAGT
,TAATTTTGA
,TACTTTTCAT
,TATTATTAT
,TATTCTTCT
,TATTTTTAT
,TATTTTTAT
,TATTTTTAT
,TGAAAAATC
,TGTATTTTA
,TGTTGGTCA
,TGTTGGTGTT
,TGTTGTTGT
,TTATTACGG
,TTGTACAGA
,TTGTCAGTTT
,TTGTCTGTT
,TTGTGATAA
,TTTACTAAT
,TTTACTAAT
,TTTATAATTT
,TTTCACTTT
,TTTCTCTTT
,TTTGTGATA
,TTTTAGTGA
,TTTTAGTGGT
,TTTTTGTGG
,CAAACACAAAC
,TAATTTTAAT
,TACTTTTCAT
,TCCTACCATCCT
,ATACTTTTCATA
,TAATTTTAAT
,TCCTACCATCCT
,ATTATAATAATATTA
,TGTAACTTTTCT
,CAAACACAAAC
,TAATTTTAAT
,TACTTTTCAT
,TCCTACCATCCT
,CAAACGCAAAC
,TAATTTTAAT
,TACTTTTCAT
,CAAACACAAAC
,TAATTTTAAT
,TACTTTTCAT
,TCCTACCATCCT
,TGTAACTTTTCTGAA
,TGTAACTTTTCTGAA
,TTGTTACACATTGTT
,TTGTTACACATTGTT
,TAATTTTAAT
,AATGGTGAT
,ACTGTTTTT
,AGTATTATGA
,ATTATAATAATATTA
,CAATATAAC
,CAGGTGGAC
,CATTCTTAC
,CCGATAGCC
,GAATTTAAG
,GTGGTGGTG
,TAATTTTAAT
,TACTTTTCAT
,TGTAACTTTTCTGAA
,TGTATTTTA
,TTAACAATT
,TTAATTAATT
,TTACTGTTT
,TTATACTAGT
,TTTTAGTGA
,TTTTTACTT
,TAATTTTAAT
,AAGGTGTTTA
,ATTATAATAATATTA
,ATTATAATT
,ATTATAATT
,ATTCTACTAA
,CGAATTAAGC
,CGTTAACTAA
,GTATGGATAA
,GTTGTTGTTG
,TAATTTTAAT
,TACTTTTCAT
,TATTTTTAT
,TATTTTTAT
,TATTTTTAT
,TCAGTAATTC
,TCTCTCTTCT
,TGTAACTTTTCTGAA
,TTATACTAGT
,TTATACTAGT
,TTCTACTAAA
,TTGTCAGTTT
,TTTACTAAT
,TTTACTAAT
,TTTTAGTGGT
,AAAAGAACT
,AAATGGTGAT
,AATTCTGGT
,ACCACACCA
,ACCATACCA
,ACTATATCA
,ACTTTTTCA
,ATAATATTA
,ATAATTTTA
,ATATGTATA
,ATGAAAGTA
,ATGTTATTT
,ATTATAATAATATTA
,ATTGTTTTA
,ATTTGTTTT
,CAATATAAC
,CAATGTAAC
,CATCACTAC
,CATTCGTATT
,CCATACCACA
,CGTTCTGTT
,CTATTAATA
,CTTAGTAAT
,GGTGGTAAA
,GTAATTTTA
,GTGGTCTAC
,GTGTAGTAA
,GTTAAAAAA
,GTTGTTGTTG
,GTTTTATTG
,TAAATGGTG
,TAATTTTAAT
,TATCGTGGT
,TATGTATGG
,TATTCTTCT
,TATTTTTAT
,TGAAAAATA
,TGTTGGTCA
,TGTTGTTGT
,TTAATAATT
,TTATGGTTG
,TTCAGACCT
,TTCAGTTTCA
,TTGTTTTAT
,TTTACTTTTT
,TTTATAATTT
,TTTATATTT
,TTTCTCTTT
,TTTGGGTTT
,TTTGTTACACATTGTTT
,TTTTAATAT
,TTTTAATTTT
,TTTTAGTGGT
,AAAATTAAT
,AACCCCCAA
,AACTTTCAA
,AATGAGTAA
,ACTACATCA
,ACTTTGTTAA
,AGAACCAAGA
,AGTATTATGA
,AGTTTTAAT
,ATACCCATA
,ATATGTATA
,ATGTAACAA
,ATTATAATAATATTA
,ATTATAATT
,ATTATAATT
,ATTGGGTGG
,CAATATAAC
,CACTGTTTTT
,CAGGTGGAC
,CAGTACTTT
,CATTACTGC
,CATTCTTAC
,CGTTAACTAA
,CTCTCTTCTCTC
,GAAGATGTT
,GAATTTAAG
,GGCATTCTTA
,GGTGAATTA
,GTAGAAGATG
,GTATGGATAA
,GTGCGACAA
,GTGGTGGTG
,GTTGTTGTTG
,TAACAACTT
,TAACGCAAT
,TAATTTTAAT
,TAATTTTAA
,TAATTTTAG
,TACTTTTCAT
,TATTATTAT
,TATTCTTCTA
,TATTTTTAT
,TATTTTTAT
,TATTTTTAT
,TCAATGTGTT
,TCAGTAATTC
,TCTCTTCTCT
,TGTAACTTTTCT
,TGTATTTTA
,TGTTGGTGTT
,TGTTGTTGT
,TGTTTTTGT
,TTAACAACT
,TTATAATTT
,TTCTAGAAAT
,TTCTCTTCTCTT
,TTGTCTGTT
,TTGTGATAA
,TTTACTAAT
,TTTATAATTTAA
,TTTCACTTT
,TTTGTGATA
,TTTTAATTTT
,TTTTAATTT
,TTTTAGTGA
,CAAACACAAAC
,TAATTTTAAT
,TTTTAATTTT
,AGTATTATGA
,ATTATAATAATATTA
,CAATATAAC
,CACTGTTTTT
,CAGGTGGAC
,CATTCTTAC
,CCGATAGCC
,GAATTTAAG
,GATTTTATC
,GTGGTGGTG
,TAACGCAAT
,TAATTTTAAT
,TAATTTTAA
,TACTTTTCAT
,TGTATTTTA
,TGTTTTTGT
,TTAACAACC
,TTTCACTTT
,TTTTAGTGA
,TTGTTACACATTGTT
,TAATTTTAAT
,TTGTTACACATTGTT
,AAAACTAATAA
,AACTGTCAA
,AAGGTGTTTAC
,AATGAGTAA
,AATTAAAAAACT
,AATTCTCTTAA
,ACATATTGT
,ACTATATCA
,AGAAGATAT
,AGTAGTTTT
,ATAATATTA
,ATATGTATA
,ATGTAACAA
,ATTATAATAATATTA
,ATTATTAAC
,ATTGTTTTG
,ATTTATTGTTTA
,CAAACACAAAC
,CAAGAGAAC
,CACAATTAT
,CATTACTGC
,CATTCTTAC
,CGTTAACTAA
,CTAAATTTAAATC
,CTCTCTTCTCTC
,CTTTGTTAAA
,GAATTTAAG
,GTAATTCTG
,GTAGGTGTT
,GTATGGATAA
,GTTGTTGTTG
,TAATTTTAAT
,TAATTTTAG
,TAGTAGTTT
,TATAAATAT
,TATAACGGT
,TATATGTAT
,TATCAAAGT
,TATTCAAACTTAT
,TATTCGTATT
,TATTCTTAT
,TATTCTTCTA
,TATTTCTTTAT
,TATTTTTAT
,TATTTTTAT
,TATTTTTAT
,TGAAAAATC
,TGATTATAAT
,TGATTATAA
,TGTATGGTTC
,TGTTGTTGT
,TTAACAATT
,TTATAATGA
,TTATAATTTTA
,TTGTGATAA
,TTTACTAAT
,TTTAGACCATC
,TTTATAATTT
,TTTATTATTA
,TTTGTGATA
,TTTGTTACACATTGTTT
,TTTTAGACCA
,TTTTAGTGGT
,TTTTTGTGG
,ACATTGTTACA
,ACTTTATTTCA
,TAATGAAAGTAAT
,TTGTTACACATTGTT
,TTTGTTACACATTGTTT
,CAAACACAAAC
,TAATTTTAAT
,TACTTTTCAT
,AAAATTAAT
,AACCCCCAA
,AACTTTCAA
,AATGAGTAA
,AATGGTGAT
,AATTGTTTC
,ACTATATCA
,AGTATTATGA
,ATAGTGGTGGTGATA
,ATATGTATA
,ATTATAATAATATTA
,ATTATAATT
,CAATATAAC
,CACTGTTTTT
,CAGGTGGAC
,CATTACTGC
,CATTCTTAC
,CGTTAACTAA
,GAAGATGTT
,GAATTTAAG
,GGTGAATTA
,GTAGAAGATG
,GTTGTTGTTG
,TAACAACTT
,TAACGCAAT
,TAATTTTAAT
,TAATTTTAA
,TACTTTTCAT
,TATTTTTAT
,TGAAAAATC
,TGGTGATAAT
,TGTATTTTA
,TGTTGGTGTT
,TGTTGTTGT
,TGTTTTTGT
,TTAACAACT
,TTATAATTT
,TTCTACTAATTA
,TTCTACTAA
,TTCTAGAAAT
,TTCTCTTCTCTT
,TTGTCTGTT
,TTGTGATAA
,TTTATAATTTAA
,TTTCACTTT
,TTTCAGATGG
,TTTGTGATA
,TTTTAGTGA
,TTGTTACACATTGTT
,ATTATAATAATATTA
,TGTAACTTTTCTGAA
,TTGTTACACATTGTT
,TAATTTTAAT
,TAATTTTAAT
,TTACTAATCATT
,CAAACACAAAC
,TAATTTTAAT
,TACTTTTCAT
,TCCTACCATCCT
,GTTACCCATTG
,ATGTTGGTG
,ATGTTGGTG
,TTGTTACACATTGTT
,CAAACACAAAC
,TAATTTTAAT
,TACTTTTCAT
,TCCTACCATCCT
,ATTATAATAATATTA
,TGTAACTTTTCT
,ATCTGTCTA
,CCATGACAGTACC
,CTAAATTTAAATC
,TCTACATCT
,TGTAACTTC
,TTTGTTACGCATTGTTT
,TTTTGTTTT
,AACTTTGTTTCAA
,ATTATAATAATATTA
,GGAATTTAAGG
,GTTACACATTG
,TAATTTTAAT
,TAGTGGTGAT
,TCAAACACAAACT
,TCTTCACTTCT
,TTAACCAATT
,TTATGCGTATT
,TTTGTTGTTT
,ATGTTGGTG
,ATGTTGGTG
,TTGTTACACATTGTT
,CAAACACAAAC
,TAATTTTAAT
,TTTTAATTTT
,CAAACACAAAC
,TAATTTTAAT
,TACTTTTCAT
,GTTACCCATTG
,TAGTGGTGAT
,GTAATAATG
,TGTTGTTGT
,TTAATAATT
,TTTTTCTTTTT
,TAATGAAAGTAAT
,TAATTTTAAT
,TTAATTAATT
,AAAGTAATGCTC
,AACTTGTTGTT
,GTTACACATTG
,TTAACAATT
,TTAACAATT
,TTAACAATT
,TTATGGGTATT
,TTGTTACACATTGTT
,CAAACACAAAC
,GTAATGAAAGTAATG
,TAATTTTAAT
,TACTTTTCAT
,TCCTACCATCCT
,ATCACACTA
,CAAACACAAAC
,GTGGTGGTG
,TAATTTTAAT
,TACTTTTCAT
,TTTCACTTT
,AAGTAATGC
,AATGGTGAT
,AGTATTATGA
,ATTATAATAATATTA
,CACTGTTTTT
,CAGGTGGAC
,GAATTTAAG
,GTGACAATT
,GTGGTGGTG
,TAATCATACTAAT
,TAATTTTAAT
,TAATTTTAA
,TACTAATCAT
,TACTTTTCAT
,TGTAACTTTTCTGAA
,TGTATTTTAA
,TGTATTTTA
,TGTTTTTGT
,TTCATACTT
,TTTCACTTT
,TTTTAGTGA
,AAGGTGTTTA
,ACGTTTACCA
,AGAATGGTGT
,ATTATAATAATATTA
,GTATGGATAA
,GTTGTTGTTG
,TAATTTTAAT
,TAGTGGTGAT
,TATTCTTCTA
,TATTTTTAT
,TATTTTTAT
,TATTTTTAT
,TCAGTAATTC
,TTAACCAATT
,TTATAATTTT
,TTTGTTGTTT
,TTGTTACTCATTGTT
,TTGTTACACATTGTT
,TAATTTTAAT
,ATTATAATAATATTA
,TGTAACTTTTCT
,ATCATGTGTACTA
,ATTATAATAATATTA
,TGTAACTTTTCT
,TAATTTTAAT
,CAAACACAAAC
,TAATTTTAAT
,TTGTTACACATTGTT
,TTGTTACACATTGTT
,AATGAAAGTAA
,TAATTTTAAT
,TTAGACCAGATT
,TTTTAATTTT
,ATAAAAATA
,ATCTGTCTA
,CATTCTTAC
,CCATGACAGTACC
,CTAAATTTAAATC
,GATTTTTGT
,TAACGCAAT
,TAACTCAAT
,TATTCGTAT
,TCTACATCT
,TGTAACTTC
,TTTCACTTT
,TTTGTTACGCATTGTTT
,TTTTCACTT
,TTTTGTTTT
,AACTGTCAA
,AATCGTTTC
,AATGAGTAA
,ACATATTGT
,ACGTAATGCA
,ACTTATATTA
,AGAACCAAGA
,AGAAGATAT
,AGCAGTTTTA
,AGTAGTTTT
,ATAATATTA
,ATAATATTA
,ATATGTATA
,ATGGTAATT
,ATGGTAATT
,ATGTAACAA
,ATTATAATAATATTA
,ATTATAATATTA
,ATTATAATA
,ATTATTTAG
,ATTTATTATTTA
,CACAATTAT
,CACTGTTTTT
,CAGCAGTTT
,CAGGTGGAC
,CATTACTGC
,CTCTCTTCTCTC
,GAAGTTATT
,GAATTTAAG
,GGTAAATTA
,GGTGGTAAA
,GGTTATAAT
,GTAAATTATA
,GTAATTCTG
,GTAGAAGATG
,GTATGGATAA
,GTCAATGGT
,GTTGTTGTTG
,GTTTTAGAC
,TAACAACTT
,TAACACAACT
,TAATAATTAT
,TAATATTAT
,TAATGGTAAT
,TAATTTTAAT
,TAATTTTAA
,TAATTTTAG
,TACTAATTA
,TATAATAAT
,TATAATATTA
,TATTCTTCTA
,TATTTTTAT
,TCAGTAATTC
,TGATTATAAT
,TGTAACTTT
,TGTTGGTCA
,TGTTGTTGT
,TTAAATGGTG
,TTTACTAATT
,TTTATAATTT
,TTTCTCTTT
,CAAACACAAAC
,TAATTTTAAT
,TACTTTTCAT
,TCCTACCATCCT
,AGTATTATGA
,ATTATAATAATATTA
,CAATATAAC
,CACTGTTTTT
,CAGGTGGAC
,CATTCTTAC
,CCGATAGCC
,GAATTTAAG
,GATTTTATC
,GGTCACAAT
,GTGGTGGTG
,TAACGCAAT
,TAATTTTAAT
,TAATTTTAA
,TACTTTTCAT
,TGTATTTTA
,TGTTTTTGT
,TTAACAACC
,TTGTATTTT
,TTTCACTTT
,TTTTAGTGA
,CAAACACAAAC
,TAATTTTAAT
,TACTTTTCAT
,TCCTACCATCCT
,AAAAGAACT
,AACAGTTTC
,AAGTGCTAT
,AATCACTAA
,AATGAGTAA
,ACATTAACT
,ACCATACCA
,ACTACATCA
,AGTGTTTGT
,ATATGTATA
,ATGTTGGTG
,ATGTTGGTG
,CAACACAAC
,CTCATAACT
,GGTGGTAAA
,GTCAATACT
,GTCAATGGT
,GTGAAAGTA
,GTGCTCGTG
,GTGGTGGAC
,TAATGAAAG
,TAATTATTT
,TAGTTTTAG
,TATATGTAT
,TATTTTTAT
,TGTTGGTCA
,TGTTGTTGT
,TTAATAATT
,TTATAATTT
,TTATCGTGA
,TTCTGTCTT
,TTGACAGTT
,TTGTTACACATTGTT
,TTTAAATTT
,TTTATCGTG
,TTTCTCTTT
,TTTTATTTT
,CAAACACAAAC
,TAATTTTAAT
,TACTTTTCAT
,TCCTACCATCCT
,CAAACACAAAC
,TAATTTTAAT
,TACTTTTCAT
,TCCTACCATCCT
,AACTTTCAA
,AAGGTGTTTA
,AATGAGTAA
,ACATATTGT
,ACTATATCA
,ACTTTGTTAA
,AGAAGATAT
,AGTACTTTT
,ATATGTATA
,ATGTAACAA
,ATTATAATAATATTA
,ATTATAATT
,ATTATAATT
,ATTCTGCCA
,CAAGTCAGTG
,CAATATAAC
,CACAATTAT
,CACTGTTTTT
,CAGGTGGAC
,CATTACTGC
,CGTTAACTAA
,GAATTTAAG
,GGTGAATTA
,GTATGGATAA
,GTGGTGGTG
,GTTGTTGTTG
,TAACAACTT
,TAATTTTAAT
,TAATTTTAGT
,TACTAATTA
,TACTTTTCAT
,TATTATTAT
,TATTTTGAC
,TATTTTTAT
,TATTTTTAT
,TATTTTTAT
,TCAGTAATTC
,TGAAAAATC
,TGTAACTTTTCTGAA
,TGTATTTTA
,TGTTGGTGTT
,TGTTGTTGT
,TGTTTTTGT
,TTGTCAGTTT
,TTGTCTGTT
,TTGTGATAA
,TTTACTAAT
,TTTACTAAT
,TTTATAATTT
,TTTCACTTT
,TTTCTCTTT
,TTTGTGATA
,TTTTAGTGA
,TTTTTGTGG
,ATAAAAATA
,ATCTGTCTA
,CATTCTTAC
,CCATGACAGTACC
,CTAAATTTAAATC
,GATTTTTGT
,TAACGCAAT
,TAACTCAAT
,TATGTGTAT
,TATTCGTAT
,TCTACATCT
,TGTAACTTC
,TTTCACTTT
,TTTGTTACGCATTGTTT
,TTTTCACTT
,TTTTGTTTT
,TTTTTAATG
,ATGTTGGTG
,ATGTTGGTG
,TTGTTACACATTGTT
,AATGAAAGTAA
,CCCTCCTCCC
,TAATTTTAAT
,TTTTAATTTT
,CAAACACAAAC
,TAATTTTAAT
,TACTTTTCAT
,TCCTACCATCCT
,CAAACACAAAC
,TAATTTTAAT
,TACTTTTCAT
,ATTATAATAATATTA
,TGTAACTTTTCTGAA
,ATTTTACATTTTA
,TAATGAAAGTAAT
,TAATTTTAAT
,TTGTTACACATTGTT
,TAATTTTAAT
,CCATGACAGTACC
,CTAAATTTAAATC
,TTTGTTACGCATTGTTT
,CAAACACAAAC
,TAATTTTAAT
,TACTTTTCAT
,TCCTACCATCCT
,GTAATAATG
,TGTTGTTGT
,TTAATAATT
,TTGTAATTT
,TTTTTCTTTTT
,AACTTATAA
,AATCACTAA
,ATAATATTA
,ATGACAGTA
,ATGGTGGTC
,ATTATAATAATATTA
,CGACTCAGC
,CTATTAATA
,CTGCACAAG
,CTTGGTCTA
,GCGTATGCG
,TTAATAATT
,TTAATACTA
,TTAATATTT
,TTGTTACACATTGTT
,TTTCACTTT
,TTGTTACACATTGTT
,TAATGAAAGTAAT
,TTGTTACACATTGTT
,TAATTTTAAT
,TACTTTTCAT
,TAATTTTAAT
,TTGTTACACATTGTT
,AAATTTTAA
,AAGTAATTA
,ACTAATAAT
,AGTCATTAT
,ATTATGGTA
,ATTCACTTA
,CTAATAATC
,CTTTGGTGT
,GTCATTATG
,TATACTGTA
,TCAAAAACT
,TGGTTTGGT
,TGTTTTTGT
,TTGTGTGTT
,TTTAAATTT
,TTTAACATT
,TTTGGGTTT
,TTTTGTTTT
,ATTATAATAATATTA
,TGTAACTTTTCTGAA
,GTAATAATG
,TGTTGTTGT
,TTAATAATT
,TTGTAATTT
,TTTTTCTTTTT
,ATAATATTAA
,ATTATAATAATATTA
,TAATTTTAAT
,TAGACCACCAGAT
,TTCTTTTCTT
,TTGTTACGCATTGTT
,TTTTAATTTT
,TTTTGGTTTT
,AGGTGGTGT
,CATAATTAATAC
,GAAAACTGG
,TCAAGAACT
,TGTTTTTGT
,TTCAAACTT
,AAGTTTTGAA
,ATAATATTA
,ATTATAATAATATTA
,ATTATAATATTA
,ATTATAATA
,CACTGTTTTT
,TAATCAAAGT
,TAATTTTAAT
,TACTTTTCAT
,TATTCGTATT
,TGTAACTTTTCT
,TTTGTTGTTT
,AAACGGCAAA
,ACTTTTTTCA
,TTTGTTACTCATTGTTT
,TAATTTTAAT
,TTGTTACACATTGTT
,AGTATTATGA
,ATTATAATAATATTA
,CACTGTTTTT
,TAATGAAAGTAAT
,TAATTTTAAT
,TACTTTTCAT
,AACTAATCAA
,GTTACACATTG
,TTGTTACACATTGTT
,ATTCAAACTTA
,CAAACACAAAC
,TAATTTTAAT
,TTTTAATTTT
,ATAATATTAA
,ATTATAATAATATTA
,TAATTTTAAT
,TAGACCACCAGAT
,TTCTTTTCTT
,TTGTTACGCATTGTT
,TTTTAATTTT
,ACGTAATGCA
,ACTAAGAGT
,ACTAGATCA
,ATAATATTA
,ATCTGTCTA
,ATTATAATAATATTA
,CAGGTGGAC
,CCGATAGCC
,GAATTTAAG
,TAACTCAAT
,TAATTTTAAT
,TAATTTTAA
,TACTTTTCAT
,TCTTGTTCT
,TGTAACTTT
,TTAAATGGTG
,TTATACTAA
,TTTGATGTT
,CAAACACAAAC
,TAATTTTAAT
,TTTTAATTTT
,ATTATAATAATATTA
,TGTAACTTTTCTGAA
,CAAACACAAAC
,TAATTTTAAT
,TACTTTTCAT
,TCCTACCATCCT
,TTGTTACACATTGTT
,TAATTTTAAT
,AGTATTATGA
,ATTATAATAATATTA
,CACTGTTTTT
,TAATTTTAAT
,TACTTTTCAT
,TTGTTACACATTGTT
,TAATTTTAAT
,CCATGACAGTACC
,CTAAATTTAAATC
,TTTGTTACGCATTGTTT
,AACTTTCAA
,AAGGTGTTTA
,AATAATTTC
,AATGAGTAA
,ACATATTGT
,ACTACTTTA
,ACTATATCA
,ATATAATATA
,ATATGTATA
,ATGTAACAA
,ATTATAATAATATTA
,ATTATAATT
,ATTATAATT
,ATTCTACTAA
,ATTGTTTTA
,ATTTCACAT
,CAATATAAC
,CACAATTAT
,CACTGTTTTT
,CAGGTGGAC
,CATTCTTAC
,CCGATAGCC
,CGTTAACTAA
,GAATTTAAG
,GTATGGATAA
,GTGGTGGTG
,GTTGTTGTTG
,TAATTTTAAT
,TAATTTTAA
,TAATTTTAGT
,TAATTTTGA
,TACTAATTA
,TACTTTTCAT
,TATTATTAT
,TATTTTTAT
,TATTTTTAT
,TATTTTTAT
,TCAGTAATTC
,TGAAAAATC
,TGTATTTTA
,TGTTGGTGT
,TGTTGTTGT
,TTAATAATT
,TTCTACTAAA
,TTGTCAGTTT
,TTGTCTGTT
,TTGTGATAA
,TTTACTAAT
,TTTACTAAT
,TTTATAATTT
,TTTCACTTT
,TTTCTCTTT
,TTTGTGATA
,TTTTAGTGA
,TTTTAGTGGT
,TTTTTGTGG
,CAAACACAAAC
,TAATTTTAAT
,TTTTAATTTT
,TTGTTACACATTGTT
,TAATTTTAAT
,GTTACACATTG
,TTAACAATT
,TTAACAATT
,TTAACAATT
,ATCACACTA
,CAAACACAAAC
,GTGGTGGTG
,TAATTTTAAT
,TACTTTTCAT
,TTTCACTTT
,CAAACACAAAC
,GATCCTACCATCCTAG
,TAATTTTAAT
,AAAATTAAT
,AACCACCAA
,AACTTTCAA
,AAGGATGTT
,AAGTTTTGAA
,AATATTAGT
,AATGAGTAA
,AATTAAAAAA
,ACATATTGT
,ACTATATCA
,AGAACCAAGA
,AGAAGATAT
,AGTAGTTTT
,AGTATTATGA
,AGTGGTCAT
,ATAACATATT
,ATAATATTA
,ATACCCATA
,ATATGTATA
,ATCTTCGTT
,ATTATAATAATATTA
,ATTATAATT
,CAATATAAC
,CACTGTTTTT
,CAGCAGTTT
,CAGGTGGAC
,CATTACTGC
,CCAATTATT
,CCGCCAGTT
,CCTTATTAC
,CGTTAACTAA
,GAAGTTATT
,GAATTTAAG
,GACCGCCAAA
,GGTGGTAAA
,GTACTTTAGT
,GTATGGATAA
,GTGAAAGTG
,GTGCGACAA
,GTGGTGGTG
,GTTGTTGTTG
,GTTTTAGACG
,GTTTTAGAC
,TAACAACTT
,TAATTTTAG
,TAATTTTAG
,TACTTTTCAT
,TAGAAGATTT
,TATTATTAT
,TATTCGTATT
,TATTCTTCTA
,TATTTTTAT
,TATTTTTAT
,TATTTTTAT
,TCAGTAATTC
,TGATTATAAT
,TGATTATAAT
,TGATTATAA
,TGTTGGTCA
,TGTTGGTGTT
,TGTTGTTGT
,TTAAAAAATT
,TTAAATGGTG
,TTATAATTCA
,TTATTACGG
,TTCTCTCTT
,TTTAATTTA
,TTTACTAAT
,TTTACTAAT
,TTTATAATTT
,TTTCACTTT
,TTTGGTAATAATTAT
,TTTTAATTTT
,TTTTAGACC
,TTTTAGTGGT
,CAAACACAAAC
,TAATTTTAAT
,TTTTAATTTT
,ATTATAATAATATTA
,CAAACACAAAC
,GGAATTTAAGG
,GTTACACATTG
,TAATTTTAAT
,TAGTGGTGAT
,TCTTCACTTCT
,TTAACCAATT
,TTATGCGTATT
,TTTGTTGTTT
,CAAACACAAAC
,TAATTTTAAT
,TTTTAATTTT
,TTGTTACACATTGTT
,AACTTATAA
,AATCACTAA
,ACATTGTTACA
,ATAATATTA
,ATGACAGTA
,ATGGTGGTC
,ATTATAATAATATTA
,ATTCAAACTTA
,CAAACACAAAC
,CGACTCAGC
,CTATTAATA
,CTGCACAAG
,CTTGGTCTA
,GCGTATGCG
,TACAAACAT
,TTAATAATT
,TTAATACTA
,TTAATATTT
,TTGTTACACATTGTT
,TTTCACTTT
,ATTATAATAATATTA
,CACTGTTTTT
,TAATTTTAAT
,TACTTTTCAT
,TAGTGGTGAT
,TGTAACTTTTCTGAA
,ATTGTTTTAT
,CAAACACAAAC
,GACCGCGCCAG
,TAATTTTAAT
,TATAATAATAT
,TCAATATAATA
,TTAACCAATT
,TTTATAACAC
,TTTTAACGGT
,ACGTAATGCA
,ATTATAATAATATTA
,TAATTTTAAT
,TACTTTTCAT
,TTAAATGGTG
,AGTGGTTAT
,ATAATATGAC
,ATAATATGA
,ATGTTGGTG
,ATTAGATTA
,ATTATAATAATATTA
,ATTTTAGTG
,CAACCCTTG
,CAGATTTTA
,GTGGTGGAC
,GTTTTATAAC
,GTTTTATTA
,TAATAATAT
,TAATTTTAAT
,TATTAACAT
,TATTATTAAT
,TATTCGTATT
,TGGATAGGT
,TTCACCAAG
,TTGTTACACATTGTT
,TTGTTTTAT
,TTTAATTTT
,TTTGTTTGAC
,TTTTAATTTT
,TTTTCTTTT
,TTTTGTTTG
,AAGTAATGC
,AATGGTGAT
,AGTATTATGA
,ATTATAATAATATTA
,CACTGTTTTT
,CAGGTGGAC
,GAATTTAAG
,GTGACAATT
,GTGGTGGTG
,TAATCATACTAAT
,TAATTTTAAT
,TAATTTTAA
,TACTAATCAT
,TACTTTTCAT
,TGTAACTTTTCTGAA
,TGTATTTTAA
,TGTATTTTA
,TGTTTTTGT
,TTCATACTT
,TTTCACTTT
,TTTTAGTGA
,AAGTTTTGAA
,TGTATTATGT
,ATCTGTCTA
,CTAAATTTAAATC
,TCTACATCT
,TGGACAGTT
,TGTAACTTC
,TTTGTTACGCATTGTTT
,TTTTGTTTT
,ATTATAATAATATTA
,TGTAACTTTTCTGAA
,AGTATTATGA
,ATTATAATAATATTA
,CACTGTTTTT
,TAATTTTAAT
,TACTTTTCAT
,ATTATAATATTA
,TGTAACTTTTCT
,ATAATAATA
,CAGGTGGAC
,GCATTGTAG
,GTTTTATTC
,CAAACACAAAC
,GTGGTGGTG
,TAATGAAAGTAAT
,TAATTTTAAT
,TACTTTTCAT
,TCCTACCATCCT
,TTCATACTT
,TTTCACTTT
,TAATTTTAAT
,AAACTGTTA
,AATGAGTAA
,AATTCACTT
,AATTGTTTC
,ACCATACCA
,ACTACATCA
,AGACTGGTT
,ATATGTATA
,ATTCTTCTA
,CCACCCAAA
,CTTGTGTTC
,GAAGGGAAG
,GACATAACA
,GGGACATAA
,GTAATAATG
,GTTCTACTA
,GTTGGGTTG
,TAAACAAAT
,TAATAATGA
,TAGTAGTTT
,TCAGATGGT
,TGAGTAATT
,TGTAACTTC
,TGTTGTTGT
,TTAATAATT
,TTAATTTGA
,TTCTACTAA
,TTGTCTGTT
,TTTAATTTC
,TTTATTGTT
,TTTCACTTT
,CGCGGGCGC
,GGCGCGATTT
,GTGTTTGTG
,TAGCGCGAT
,TTTGTGGTGTTT
,ATCATACTA
,CAGGTGGAC
,CGATGGTAGC
,GCTATATCG
,GTTTTATTC
,TACTAATCAT
,TTGTTACACATTGTT
,ATCTGTCTA
,CTAAATTTAAATC
,TGGACAGTT
,TGTAACTTC
,TTTGTTACGCATTGTTT
,TTTTGTTTT
,TAATTTTAAT
,ATTATAATAATATTA
,TTGTTACACATTGTT
,TAATTTTAAT
,TAATTTTAAT
,AGTTATTTA
,ATCTGTCTA
,ATTCTACAT
,CATTCTTAC
,CTAAATTTAAATC
,GATTTTTGT
,TAACGCAAT
,TAACTCAAT
,TCTACATCT
,TGTAACTTC
,TGTTTTTAG
,TTTAATGAA
,TTTCACTTT
,TTTGTTACGCATTGTTT
,TTTTCACTT
,TTTTGTTTT
,TTTTTAATG
,ATCACACTA
,CAAACACAAAC
,GTGGTGGTG
,TAATTTTAAT
,TACTTTTCAT
,TTTCACTTT
,CAAACACAAAC
,TAATTTTAAT
,TTTTAATTTT
,AAAAGAACT
,AAACTGGTT
,AAGTGCTAT
,AATTGCCCT
,ACCATACCA
,ACTACATCA
,AGTAGTTTT
,AGTGTTTGT
,ATATGTATA
,ATGTTGGTG
,ATTAAGATC
,ATTCTTCTA
,ATTTGTCTG
,CAACACAAC
,CTTCTTATA
,GGTGGTAAA
,GTATTTAAT
,GTCAATGGT
,GTGAAAGTA
,GTGGTGGAC
,TAATTATTT
,TAGTTTTAG
,TATATGTAT
,TATTTTTAT
,TCTACCAAACCATCT
,TGGTCTACC
,TGGTTTTAA
,TGTTGGTCA
,TGTTGTTGT
,TGTTTATTA
,TTAGTAATT
,TTATAATTT
,TTATCGTGA
,TTATTGAAG
,TTCTGTCTT
,TTGACAGTT
,TTGCCCTTA
,TTTATCGTG
,TTTCTCTTT
,TTTGTTACACATTGTTT
,TTTTATTTT
,AAGTTTTGAA
,ATATAATATA
,ATATAATGGT
,ATTATAATAATATTA
,CCACCTATCCACC
,CTAAATTTAAATC
,GTTGTTGTTG
,GTTTTGAATG
,TAATTCACTA
,TAATTTTAAT
,TACTTTTCAT
,TATTCGTATT
,TATTCTTCTA
,TGGTAATATA
,TGGTGTGTAT
,TGTAAAGGTG
,TGTATTTTAA
,TTTATAATTT
,TTTGTTACACATTGTTT
,CAAACACAAAC
,TAATTTTAAT
,TACTTTTCAT
,AATGTAGTA
,ACATTATTACA
,ATTGTTGTT
,ATTTATAAT
,CAGGTTCTA
,CATTCTTAC
,GTAATAATG
,GTATTTATA
,GTTGTTGTT
,TAAGTTTAA
,TAGAGGGAGAT
,TAGTAATGT
,TCTGGTAACTG
,TGGTTTGGT
,TGTTGTTGT
,TTAAATATC
,TTCTTTCTT
,TTGTAATTT
,TTGTTGTTT
,CAAACACAAAC
,TAATTTTAAT
,TACTTTTCAT
,AAGTTTTGAA
,ATATAATGGT
,CTAAATTTAAATC
,TAATTTTAAT
,TACTTTTCAT
,TATAATAATA
,TATTCGTATT
,TGTATTTTAA
,TGTATTTTAA
,TTAACCAATT
,TTTGTTACACATTGTTT
,AACTTATAA
,AATCACTAA
,ATAATATTA
,ATGACAGTA
,ATGGTGGTC
,ATTATAATAATATTA
,CGACTCAGC
,CTATTAATA
,CTGCACAAG
,CTTGGTCTA
,GCGTATGCG
,TTAATAATT
,TTAATACTA
,TTGTTACACATTGTT
,TTTCACTTT
,ATCACACTA
,GTGGTGGTG
,TAATTTTAAT
,TACTTTTCAT
,TTTCACTTT
,AAAGTGGTG
,AACTTTCAA
,AATATTAATA
,AATGAGTAA
,ACAAGATTTAGAACA
,ACAGGTATG
,ACATATTGT
,ACATATTTGT
,ACTACTTTA
,ACTATATCA
,AGAAGATAT
,AGTAGTTTT
,ATAAAAATA
,ATATGTATA
,ATCGCTTCA
,ATCTGTCTA
,ATGGTGGTTT
,ATTATAATT
,CATTCTTAC
,CCATGACAGTACC
,CTAAATTTAAATC
,CTAACACTA
,CTACTTTAT
,GATTTTTGT
,GATTTTTGT
,GGTATGCAC
,GTACTTTTT
,GTTAACTAA
,GTTGTTGTTG
,TAAACAAAT
,TAACGCAAT
,TAACTCAAT
,TAATTCATT
,TAATTTTAAT
,TAATTTTAG
,TATAACAAC
,TATAATATT
,TATTATTAT
,TATTCGTAT
,TATTTTTAT
,TATTTTTAT
,TATTTTTAT
,TCAATATAAT
,TCAGTAATTC
,TCATTGTAA
,TCATTGTAA
,TCATTGTAA
,TCTACATCT
,TGAAAAATC
,TGATTATAAT
,TGATTATAA
,TGTAACTTC
,TGTTGTTGT
,TTCTACTAAA
,TTCTAGAAAT
,TTGTCTGTT
,TTGTGATAA
,TTTACTAATT
,TTTACTAAT
,TTTATAATTT
,TTTCACTTT
,TTTCTCTTT
,TTTGGTATG
,TTTGTGATA
,TTTGTTACGCATTGTTT
,TTTTGTTTT
,TTTTTAATGG
,TTTTTGTGG
,ACTAAGAGT
,ACTAGATCA
,ATAATATTA
,ATTATAATAATATTA
,CAGGTGGAC
,CCGATAGCC
,GAATTTAAG
,TAAATGGTG
,TAACTCAAT
,TAATTTTAA
,TAATTTTGA
,TGTAACTTT
,TTATACTAA
,TTGATAATT
,TTTCACTTT
,TAATTTTAAT
,CAAACACAAAC
,TAATTTTAAT
,TACTTTTCAT
,ATTATAATAATATTA
,ATTCTACTAA
,GTATGGATAA
,GTGGTTTTAA
,GTTGTTGTTG
,TAATTTTAAT
,TATTTTTAT
,TATTTTTAT
,TATTTTTAT
,TCAGTAATTC
,TGGTGGTTTT
,TGTTGGTGTT
,TTACAACATT
,TTATAATTCA
,TTATAATTTT
,TTATACTAGT
,TTATTTTATT
,TTCTACTAAA
,TTTGTTGTTT
,ACATTGTTACA
,TTGTTACACATTGTT
,ATTATAATAATATTA
,GTGGTTTTAA
,GTTGTTGTTG
,TAAGCAGTTT
,TAATTTTAAT
,TGGTGGTTTT
,TGTTGGTCAG
,TTACAACATT
,TTATAATTCA
,TTATAATTTT
,TTATTTTATT
,TTTGTTACACATTGTTT
,TTTGTTGTTT
,AATATTAACA
,AGTTATGTTT
,ATAATAATAATA
,ATAATAATA
,ATAATAATA
,ATAATAATA
,ATTATAATAATATTA
,ATTATAATAA
,TAATTTTAAT
,TATAATAATA
,TGTAACTTTTCT
,TTAACCAATT
,TTTGTTACACATTGTTT
,CAAACACAAAC
,CTTAATTTG
,GTGGTGGTG
,TACTTTTCAT
,TTTCACTTT
,AGTATTATGA
,ATTATAATAATATTA
,CACTGTTTTT
,TAATTTTAAT
,TACTTTTCAT
,TGTAACTTTTCTGAA
,TGTATTTTAA
,ATTATAATAATATTA
,TGTAACTTTTCT
,TTGTTACACATTGTT
,AGGTGGTGT
,GTGAAAGTA
,TGGTGTGTGGT
,TTGACAGTT
,TTTTATTTT
,AAGTTTTGAA
,ATGTGTTTCAC
,ATTATAATAATATTA
,AGTATTATGA
,ATTATAATAATATTA
,CACTGTTTTT
,TAATTTTAAT
,TACTTTTCAT
,TGTAACTTTTCTGAA
,TGTATTTTAA
,TTATACTAGT
,AGGTGGTGT
,TCAAGAACT
,TGTTTTTGT
,TTCAAACTT
,AAACTGTTA
,AAGTTAAAG
,AATAATAAT
,AATAGTTTT
,AATGAGTAA
,AATTGAACAT
,ACAGGTGGT
,ACCATACCA
,ACTACATCA
,ATATGTATA
,ATGTACCAA
,ATTATGAGT
,ATTCTTCTA
,ATTGAGTGC
,ATTGTTTTA
,ATTTTGTTA
,CAGTTTCAGA
,CATTCCTTAC
,CTTGTGTTC
,GAAACTGGTT
,GAAGGGAAG
,GACAGTTAG
,GACATAACA
,GTGTTCGTT
,GTTGTTGTTG
,TAATAATTAT
,TAATTCACT
,TAATTTTAAT
,TACAGAACAT
,TACCAATTTT
,TAGTAGTTT
,TATAATTTTA
,TCCAGGTGG
,TCTCCTTTC
,TCTTTTAAA
,TGCGACAAC
,TGTAACTTC
,TGTTGTTGT
,TGTTTTACA
,TTAATAATT
,TTAATTTGA
,TTGTGTTCAC
,TTGTTTTAT
,TTTCAGATGG
,TTTGATAAT
,TTTGTATAA
,TTTGTTGTTT
,AAGAATGGTG
,AATAGTGTT
,AATATCCTT
,AATTATATTC
,AATTCTTAA
,AATTTTAGTG
,ACACCCCACA
,ACCATACCA
,ACTTATATTA
,ACTTGCATG
,AGATTTAGA
,AGTGTTTGT
,ATATGTATA
,ATCAAACTA
,ATTAAATTA
,ATTATAATT
,ATTATATTA
,ATTTTAATG
,CAAACATAT
,CAATATGGT
,CAATGTGTT
,CATACTATTC
,CGACTCAGC
,CTTAGTAATT
,CTTTGGCTT
,CTTTTTGTGG
,GGTTTACCAA
,GTAATAATG
,GTAATTTTA
,GTAATTTTA
,GTGGACCCAT
,GTTGTTGTTG
,TAATTCACTT
,TAATTTTAAT
,TAATTTTAGT
,TAATTTTAG
,TAGAACAGTT
,TAGTAGTTT
,TAGTTTTAG
,TATTATTAC
,TATTATTAC
,TATTCGTATT
,TATTTTTAT
,TCAAACATC
,TCAATATAA
,TGTTGAGTA
,TGTTGTTGT
,TGTTTGTATA
,TTACATAATT
,TTATTGAAG
,TTCAAACAT
,TTCCTTAGTA
,TTTAACGGT
,TTTGAGTTT
,TTTGTGATA
,TTTGTTACACATTGTTT
,TTTGTTGTTT
,GTTTTTATATTTTTG
,TAATTTTAAT
,CAAACACAAAC
,TAATTTTAAT
,TACTTTTCAT
,ATAATATTAA
,ATTATAATAATATTA
,TAATTTTAAT
,TAGACCACCAGAT
,TTCTTTTCTT
,TTGTTACGCATTGTT
,TTTTAATTTT
,ATTATAATAATATTA
,TGTAACTTTTCTGAA
,AATGGTGAT
,ACAATATTA
,ATTATAACAATATTA
,CAACACAAC
,CAATATAAC
,CAGGTGGAC
,CATTCTTAC
,GAATTTAAG
,GTGGTGGTG
,TAATTTTAA
,TGATAATTA
,TGTAACTTT
,TGTATTTTA
,TGTTTTTGT
,TTTCACTTT
,TTTTAGTGA
,TAATTTTAAT
,TTACTAATCATT
,ATTATAATAATATTA
,GGAATTTAAGG
,GTTACACATTG
,TAATTTTAAT
,TAGTGGTGAT
,TCAAACACAAACT
,TCTTCACTTCT
,TTAACCAATT
,TTATGCGTATT
,TTTGTTGTTT
,TAATTTTAAT
,CAAACACAAAC
,TAATTTTAAT
,TACTTTTCAT
,TCCTACCATCCT
,TTGTTACACATTGTT
,ACGTAATGCA
,ATTATAATAATATTA
,CACTGTTTTT
,TAATTTTAAT
,TACTTTTCAT
,TGTAACTTTTCTGAA
,TTAAATGGTG
,AATGGTGAT
,ATTATAATAATATTA
,CAATATAAC
,CAGGTGGAC
,CATGATTCC
,CATTCTTAC
,GAATTTAAG
,GTGGTGGTG
,TAACGCAAT
,TAATTTTAA
,TGTAACTTTTCT
,TGTATTTTA
,TGTTTTTGT
,TTAACAACT
,TTTCACTTT
,TTTTAGTGA
,TAATTTTAAT
,TAATGAAAGTAAT
,TTGTTACACATTGTT
,CAAACACAAAC
,TAATTTTAAT
,TACTTTTCAT
,TCCTACCATCCT
,AATATTAATA
,AGTATTATGA
,CAATATAAC
,CACTGTTTTT
,CAGGTGGAC
,CATTCTTAC
,GAATTTAAG
,GATTTTATC
,GTGGTGGTG
,TAACGCAAT
,TAACTCAAT
,TAATTTTAAT
,TAATTTTAA
,TACTTTTCAT
,TATTCGTAT
,TGTATTTTA
,TTAACAACC
,TTTCACTTT
,AGTATTATGA
,ATTATAATAATATTA
,CACTGTTTTT
,TAATTTTAAT
,TACTTTTCAT
,TGTAACTTTTCTGAA
,TGACATTACAGT
,TTTGTTACACATTGTTT
,ATTATAATAATATTA
,TTGTTACACATTGTT
,CAAACACAAAC
,TAATTTTAAT
,TACTTTTCAT
,TCCTACCATCCT
,AGTATTATGA
,ATTATAATAATATTA
,CACTGTTTTT
,TAATTTTAAT
,TACTTTTCAT
,TTTTAATTTG
,CAAACACAAAC
,TAATTTTAAT
,TTTTAATTTT
,TTGTTACACATTGTT
,CTAAATTTAAATC
,TTTGTTACGCATTGTTT
,CAAACACAAAC
,TAATGAAAGTAAT
,TAATTTTAAT
,TTGTTACACATTGTT
,ATTATAATAATATTA
,TGTAACTTTTCTGAA
,TTGTTACACATTGTT
,ATTATAATAATATTA
,AAGCGGGCG
,AGTGCGTGA
,CAACCATACCAAC
,CGTGCGTGC
,GCGGCGGCG
,GCGTATGCG
,GTATGCGGT
,GTGTATGTG
,GTGTTTGTG
,TAGCGCGAT
,TATGCGTAT
,TATGTGTAT
,TATTATTAT
,CAAACACAAAC
,TACTTTTCAT
,TTGTTACACATTGTT
,CAAACACAAAC
,TAATTTTAAT
,TACTTTTCAT
,TCCTACCATCCT
,TAATTTTAAT
,AATTTAACA
,AGTATTATGA
,ATTATAATAATATTA
,CACTGTTTTT
,CAGGTGGAC
,CATTCTTAC
,CCGACAGCC
,GATTTTATC
,TAACGCAAT
,TAATTTTAAT
,TAATTTTAA
,TACTTTTCAT
,TGGTTTGGT
,TGTATTTTA
,TTAACAACC
,TTTCACTTT
,TTTTAGTGA
,AACTTATAA
,AATCACTAA
,ATAATATTA
,ATGATAGTA
,ATGGTGGTC
,ATTATAATAATATTA
,CGACTCAGC
,CTATTAATA
,CTGCACAAG
,CTTGGTCTA
,GCGTATGCG
,TTAATAATT
,TTAATACTA
,TTAATATTT
,TTGTTACACATTGTT
,ATTATAATAATATTA
,CACTGTTTTT
,TAATTTTAAT
,TACTTTTCAT
,TTATACTAGT
,TTTTAATTTT
,ATAATATTAA
,ATTATAATAATATTA
,TAATTTTAAT
,TAGACCACCAGAT
,TTCTTTTCTT
,TTGTTACGCATTGTT
,TTTTAATTTT
,ATTATAATAATATTA
,TGTAACTTTTCTGAA
,TTGTTACTCATTGTT
,ATTATAATAATATTA
,TTGTTACACATTGTT
,ATAAAAATA
,ATCTGTCTA
,CATTCTTAC
,CCATGACAGTACC
,CTAAATTTAAATC
,GATTTTTGT
,TAACGCAAT
,TAACTCAAT
,TATTCGTAT
,TCTACATCT
,TGTAACTTC
,TTTCACTTT
,TTTGTTACGCATTGTTT
,TTTTCACTT
,TTTTGTTTT
,AAACGCAAA
,AAAGATGTT
,AAATGGACA
,AAATTATGA
,AAATTATTT
,AAGACCAGAA
,AATTGTTGT
,AATTTAAAT
,ACATTATTTT
,ACCATACCA
,ACCCATTAT
,ACTTATTTA
,AGTTTTTGA
,ATTAAACCAG
,ATTAAAGAA
,ATTCCTATT
,ATTGCGTTA
,CAGGAGGAC
,CATTATTAC
,CCAGTTAGT
,CTATTTTTA
,GACATTATT
,GATGGTGATT
,GATGGTGATT
,GGTGTGTAT
,GTAAATTTA
,GTGGTTTTA
,GTTATAGTA
,GTTATAGTA
,GTTGTACTT
,GTTGTTGTTG
,GTTGTTGTT
,TAAATGTTA
,TAAATGTTA
,TAAGAATTTT
,TAATTTTAAT
,TAGTGGTAA
,TAGTGGTGAT
,TATTTTTAT
,TATTTTTAT
,TATTTTTAT
,TCATGTACT
,TGATAATAGT
,TGCAGTGGT
,TGGTTTTGGT
,TGTTGTTGT
,TGTTTTAAA
,TGTTTTAAA
,TTAACAATT
,TTAAGTAGT
,TTATTTATT
,TTGTAAAGGT
,TTTAAATGGT
,TTTAATAAA
,TTTAATTTT
,TTTATTAAA
,TTTATTAAA
,TTTCACTTT
,TTTGATTCA
,TTTTAATAA
,TTTTAATTTT
,TTTTGGTGTA
,TTTTGTTACACATTGTTTT
,ATTATAATAATATTA
,TGTAACTTTTCTGAA
,CAAACACAAAC
,TAATTTTAAT
,TACTTTTCAT
,TCCTACCATCCT
,CAAACACAAAC
,TAATTTTAAT
,TACTTTTCAT
,TCCTACCATCCT
,CAAACACAAAC
,TAATTTTAAT
,TACTTTTCAT
,TCCTACCATCCT
,AACTTTCAA
,AAGGTGTTTA
,AATAATTTC
,AATGAGTAA
,ACATATTGT
,ACTACTTTA
,AGAAGATAT
,ATATGTATA
,ATGTAACAA
,ATTATAATAATATTA
,ATTATAATT
,ATTATAATT
,ATTCTACTAA
,ATTCTGCCA
,ATTTCACAT
,CAATATAAC
,CACAATTAT
,CACTGTTTTT
,CAGGTGGAC
,CATTACTGC
,CATTCTTAC
,CCGATAGCC
,CGTTAACTAA
,GAATTTAAG
,GTATGGATAA
,GTGGTGGTG
,GTTGTTGTTG
,TAATTTTAAT
,TAATTTTAA
,TAATTTTAGT
,TAATTTTGA
,TACTAATTA
,TACTTTTCAT
,TATTATTAT
,TATTTTTAT
,TATTTTTAT
,TATTTTTAT
,TCAGTAATTC
,TCATTTCTG
,TGAAAAATC
,TGTATTTTA
,TGTTGGTGTT
,TGTTGTTGT
,TTAATAATT
,TTATACTAGT
,TTATACTAGT
,TTCTACTAAA
,TTGTCAGTTT
,TTGTCTGTT
,TTGTGATAA
,TTTACTAAT
,TTTACTAAT
,TTTACTAAT
,TTTATAATTT
,TTTCACTTT
,TTTCTCTTT
,TTTGTGATA
,TTTTAGTGA
,TTTTAGTGGT
,TTTTTGTGG
,AGTGGTTAT
,ATAATATGAC
,ATAATATGA
,ATGTAATTA
,ATGTTGGTG
,ATTATAATAATATTA
,ATTTTAGTG
,CAGATTTTA
,GTGGTGGAC
,GTTTTATAAC
,TAATAATAT
,TAATTTTAAT
,TATTAACAT
,TATTATTAAT
,TATTCGTATT
,TCTTGGTCA
,TGGATAGGT
,TTCACCAAG
,TTGTTACACATTGTT
,TTGTTTTAT
,TTTGTTTGAC
,TTTTAATTTT
,TTTTCTTTT
,TTTTGTTTG
,TGTATTATGT
,TTGTTACACATTGTT
,AAGACCAGAA
,ACATTATTTT
,GATGGTGATT
,GTTATAGTA
,GTTATAGTA
,GTTGTTGTTG
,TAAATGTTA
,TAAATGTTA
,TAAGAATTTT
,TAATTTTAAT
,TAGTGGTGAT
,TATTTTTAT
,TATTTTTAT
,TATTTTTAT
,TGATAATAGT
,TGGTTTTGGT
,TGTTGTTGTT
,TGTTGTTGT
,TGTTGTTGT
,TGTTTTAAA
,TGTTTTAAA
,TTTAAATGGT
,TTTATTAAA
,TTTATTAAA
,TTTTAATTTT
,TTTTGGTGTA
,TTTTGTTACACATTGTTTT
,GTAATAATG
,TGTTGTTGT
,TTAATAATT
,TTCTTTCTT
,TTGTAATTT
,AGTATTATGA
,ATTATAATAATATTA
,CACTGTTTTT
,TAATTTTAAT
,TACTTTTCAT
,TGTAACTTTTCTGAA
,TGTATTTTAA
,TTGTTACTCATTGTT
,AGTGGTTAT
,ATAATATGA
,ATGTTGGTG
,ATTAKATTA
,ATTATAATAATATTA
,GTGGTGGAC
,GTTTTATAAC
,GTTTTATTA
,TAATAATAT
,TAATTTTAAT
,TATTAACAT
,TATTATTAAT
,TATTCGTATT
,TCTTGGTCA
,TGGATAGGT
,TTCACCAAG
,TTCAGTGTG
,TTGTTACACATTGTT
,TTGTTTTAT
,TTTAATTTT
,TTTGTTTGAC
,TTTTAATTTT
,TTTTCTTTT
,TTTTGTTTG
,CAAACACAAAC
,TAATTTTAAT
,TACTTTTCAT
,TTGTTACACATTGTT
,CAAACACAAAC
,TAATTTTAAT
,TACTTTTCAT
,TCCTACCATCCT
,TTGTTACACATTGTT
,TTGTTACACATTGTT
,CAAACACAAAC
,TAATTTTAAT
,TACTTTTCAT
,TAGTGGTGAT
,AAAAGAACT
,AAACTGGTT
,AAAGTAATT
,AATTTATATG
,ACCATACCA
,ACTACATCA
,ACTTATATTA
,AGTAGTTTT
,AGTGTTTGT
,ATATGTATA
,ATGTTGGTG
,ATTAAGATC
,ATTCTTCTA
,CAACACAAC
,CTTCTTATA
,GATGTTGTAG
,GATTATAAT
,GCAGTAGTT
,GGTGGTAAA
,GTAGTTTTAG
,GTCAATACT
,GTCAATGGT
,GTGAAAGTA
,GTGCTCGTG
,GTGGTGGAC
,GTTGTTGTTG
,TAATGAAAG
,TAATTTTAAT
,TACTTCTTGT
,TAGTTTTAG
,TATATGTAT
,TATTTTTAT
,TCTGTTAAT
,TGGTTTTAA
,TGTTGGTCA
,TGTTGTTGT
,TTAAATGGTG
,TTATCGTGA
,TTATTGAAG
,TTCTGTCTT
,TTGACAGTT
,TTGCCCTTA
,TTGTTTTCAC
,TTTATCGTG
,TTTGTTACACATTGTTT
,TTTTAATTTT
,TTTTATTTT
,CAAACACAAAC
,TAATTTTAAT
,TACTTTTCAT
,ATTCAAACTTA
,CAAACACAAAC
,TAATTTTAAT
,TTTTAATTTT
,TAATTTTAAT
,TTGTTACACATTGTT
,TGTAACTTTTCT
,CAAACACAAAC
,TAATTTTAAT
,TAATTTTAAT
,CAAACACAAAC
,TAATTTTAAT
,TTTTAATTTT
,ATTATAATAATATTA
,TTGTTACACATTGTT
,ATTATAATAATATTA
,TGTAACTTTTCTGAA
,TAATTTTAAT
,AAAATTAAT
,AACCCCCAA
,AACTTTCAA
,AATGAGTAA
,AATGGTGAT
,AATTGTTTC
,ACTATATCA
,ACTTTGTTAA
,AGTATTATGA
,ATATGTATA
,ATGTAACAA
,ATTATAATAATATTA
,ATTATAATT
,ATTATAATT
,ATTCTGGTA
,CAATATAAC
,CACTGTTTTT
,CAGGTGGAC
,CATTACTGC
,CATTCTTAC
,CGTTAACTAA
,GAAGATGTT
,GAATTTAAG
,GGTGAATTA
,GTAGAAGATG
,GTGGTGGTG
,GTTGTTGTTG
,TAACAACTT
,TAACGCAAT
,TAATTTTAAT
,TAATTTTAA
,TACTTTTCAT
,TATTATTAT
,TATTCTTCTA
,TATTTTTAT
,TATTTTTAT
,TATTTTTAT
,TGAAAAATC
,TGTAACTTTTCT
,TGTATTTTA
,TGTTGGTGTT
,TGTTGTTGT
,TGTTTTTGT
,TTAACAACT
,TTATAATTT
,TTCTACTAA
,TTCTAGAAAT
,TTCTCTTCTCTT
,TTGTCTGTT
,TTGTGATAA
,TTTATAATTTAA
,TTTCACTTT
,TTTCAGATGG
,TTTGTGATA
,TTTTAGTGA
,CAAACACAAAC
,TAATTTTAAT
,TGTAACTTTTCTGAA
,CAAACACAAAC
,TAATTTTAAT
,TACTTTTCAT
,TCCTACCATCCT
,TTGTTACACATTGTT
,TAATTTTAAT
,CTAAATTTAAATC
,TTTGTTACGCATTGTTT
,ATATAATATA
,ATTATAATAATATTA
,CACTGTTTTT
,TAATTTTAAT
,TACTTTTCAT
,TGTAACTTTTCTGAA
,TTATACTAGT
,TTGTTACACATTGTT
,TTTGTTACACATTGTTT
,TTGTTACACATTGTT
,AACTAATCAA
,ACAATCTAACA
,GTTACACATTG
,ATTATAATAATATTA
,ATTCAAACTTA
,CAAACACAAAC
,TATTATTGGTG
,TTGTTACACATTGTT
,CAAACACAAAC
,TAATTTTAAT
,TACTTTTCAT
,TCCTACCATCCT
,AGTGGTTAT
,ATAATATGAC
,ATAATATGA
,ATGTAATTA
,ATGTTGGTG
,ATTATAATAATATTA
,ATTTTAGTG
,CAGATTTTA
,GTGGTGGAC
,GTTTTATAAC
,TAATAATAT
,TAATTTTAAT
,TATTAACAT
,TATTATTAAT
,TATTCGTATT
,TCTTGGTCA
,TGGATAGGT
,TTCACCAAG
,TTGTTACACATTGTT
,TTGTTTTAT
,TTTGTTTGAC
,TTTTAATTTT
,TTTTCTTTT
,TTTTGTTTG
,ATTATAATATTA
,TGTAACTTTTCT
,CAAACACAAAC
,TACTTTTCAT
,CTAAATTTAAATC
,TTTGTTACGCATTGTTT
,TAATTTTAAT
,AATCACTAA
,ATAATATTA
,ATGACAGTA
,ATGGTGGTC
,ATTATAATAATATTA
,CCTTTTTCC
,CGACTCAGC
,CGGTTTGGC
,CTATTAATA
,CTTGGTCTA
,GCGTATGCG
,TACAAACAT
,TTAATAATT
,TTAATACTA
,TTAATATTT
,TTGTTACACATTGTT
,TTTCACTTT
,TAATTTTAAT
,TAATTTTAAT
,TTGTTACACATTGTT
,CAAACACAAAC
,TACTTTTCAT
,TTGTTACACATTGTT
,AATGGTGAT
,ATTATAATAATATTA
,CAATATAAC
,CAGGTGGAC
,CATTCTTAC
,GAATTTAAG
,GTGGTGGTG
,TAACGCAAT
,TAATTTTAA
,TCCTACCATCCT
,TGTATTTTA
,TGTTTTTGT
,TTAAGCACGAATT
,TTTCACTTT
,AGTATTATGA
,ATTATAATAATATTA
,CAATATAAC
,CACTGTTTTT
,CAGGTGGAC
,CATTCTTAC
,CCGATAGCC
,GAATTTAAG
,GATTTTATC
,GTGGTGGTG
,TAACGCAAT
,TAATTTTAAT
,TAATTTTAA
,TACTTTTCAT
,TGTATTTTA
,TGTTTTTGT
,TTTCACTTT
,TTTTAGTGA
,CAAACACAAAC
,TAATTTTAAT
,TACTTTTCAT
,TCCTACCATCCT
,ACGCAATTAT
,AGTATTATGA
,ATTATAATAATATTA
,CACTGTTTTT
,TAATTTTAAT
,TACTTTTCAT
,TGTAACTTTTCTGAA
,TAATCATACTAAT
,TGTAACTTTTCT
,ATGAAAGTA
,CAAACACAAAC
,GTGGTGGTG
,TAATTTTAAT
,TACTTTTCAT
,TCCTACCATCCT
,TTTACTTTT
,TAATTTTAAT
,ATTGTTTTA
,CTAGTGGTA
,GGTAATTGT
,GTTTTATTC
,TTATCTATT
,TTTGTGGTGTTT
,TTTGTTACACATTGTTT
,AAACAATTG
,AACAGTTTCA
,AACTTATAA
,AACTTTCAA
,AAGATGTTA
,AAGGTTAAC
,AAGTTGTTT
,AATCACTAA
,AATGAGTAA
,AATTTAATA
,AATTTCATT
,ACAAAAACA
,ACGCCATAC
,ACTACATCA
,ATAATATTA
,ATATGTATA
,ATATTCAAA
,ATGACAGTA
,ATGGTGGTC
,ATTATAATAATATTA
,ATTTAAATG
,CATAATTTTG
,CGACTCAGC
,CTATTAATA
,CTGCACAAG
,CTTGGTCTA
,GATCATAATT
,GGTGGTAAA
,GTGCTCGTG
,GTTAAGCAG
,GTTGTTGTTG
,TAATTCACT
,TAATTTTAAT
,TATTCTTCTA
,TATTTTTAT
,TGCGACAACA
,TGGTTTTAA
,TGTTGGTCA
,TGTTGTTGT
,TTAAATGGTG
,TTAATAATT
,TTAATACTA
,TTATAATTT
,TTCAGACCA
,TTGTTACACATTGTT
,TTTGTATGAC
,TTTTAATTTT
,TTTTGAATG
,TTGTTACACATTGTT
,CAAACACAAAC
,TAATTTTAAT
,TACTTTTCAT
,ATTATAATAATATTA
,GGAATTTAAGG
,GTTACACATTG
,TAATTTTAAT
,TAGTGGTGAT
,TCAAACACAAACT
,TCTTCACTTCT
,TTAACCAATT
,TTATGCGTATT
,TTTGTTGTTT
,CCATGACAGTACC
,CAAACACAAAC
,TAATTTTAAT
,TACTTTTCAT
,ATTATAATAATATTA
,TGTAACTTTTCT
,AAACTCTTAA
,ATTCTGACTT
,CACTGTCAAT
,GAAGATGTT
,GAAGATGTT
,GATAATAATT
,GTAGAAGATG
,GTTGTTGTTG
,TAATAATTCT
,TAATAGTTTT
,TAATTTTAAT
,TATCGTGAGA
,TTTTAATTTT
,TTTTACAGAT
,CAAACACAAAC
,CTTAATTTG
,GTGGTGGTG
,TACTTTTCAT
,TTTCACTTT
,ATTATAATAATATTA
,TGTAACTTTTCTGAA
,TTGTTACTCATTGTT
,CACTGTTTTT
,TAATTTTAAT
,TACTTTTCAT
,TTATACTAGT
,CAAACACAAAC
,TACTTTTCAT
,ATGTTGGTG
,ATGTTGGTG
,TTGTTACACATTGTT
,AAACAACAACAAA
,ATTAAATGGT
,TAATAATTCT
,TAATTTTAAT
,TATTCGTATTG
,TCTGTATATTT
,TTAAATGGTG
,TTATGTGTATT
,TTTTAATTTT
,TTTTACAGAT
,AAACAACAACAAA
,ATTAAATGGT
,TAATAATTCT
,TAATTTTAAT
,TTAAATGGTG
,TTTTAATTTT
,TTTTACAGAT
,AAGTAATGC
,AATGGTGAT
,AGTATTATGA
,ATTATAATAATATTA
,CACTGTTTTT
,CAGGTGGAC
,GAATTTAAG
,GTGACAATT
,GTGGTGGTG
,TAATCATACTAAT
,TAATTTTAAT
,TAATTTTAA
,TACTAATCAT
,TACTTTTCAT
,TGTAACTTTTCTGAA
,TGTATTTTAA
,TGTATTTTA
,TGTTTTTGT
,TTCATACTT
,TTTCACTTT
,TTTTAGTGA
,TTGTTACACATTGTT
,AAGTAATGC
,AATGGTGAT
,AGTATTATGA
,ATTATAATAATATTA
,CACTGTTTTT
,CAGGTGGAC
,GAATTTAAG
,GTGACAATT
,GTGGTGGTG
,TAATCATACTAAT
,TAATTTTAAT
,TAATTTTAA
,TACTAATCAT
,TACTTTTCAT
,TGTAACTTTTCTGAA
,TGTATTTTAA
,TGTATTTTA
,TGTTTTTGT
,TTAACAACC
,TTCATACTT
,TTTCACTTT
,TTTTAGTGA
,CAAACACAAAC
,TAATTTTAAT
,TACTTTTCAT
,TCCTACCATCCT
,ATCACACTA
,CAAACACAAAC
,GTGGTGGTG
,TAATTTTAAT
,TACTTTTCAT
,TTTCACTTT
,ATTCAAACTTA
,CAAACACAAAC
,TAATTTTAAT
,TTTTAATTTT
,ATTATAATAATATTA
,TGTAACTTTTCTGAA
,ATTATAATAATATTA
,GGAATTTAAGG
,GTTACACATTG
,TAATTTTAAT
,TAGTGGTGAT
,TCAAACACAAACT
,TCTTCACTTCT
,TTAACCAATT
,TTATGCGTATT
,TTTGTTGTTT
,TAATTTTAAT
,ATTCAAACTTA
,CAAACACAAAC
,TAATTTTAAT
,TTTTAATTTT
,TAATTTTAAT
,TAATTTTAAT
,TTGTTACACATTGTT
,TTGTTACACATTGTT
,ACATTGTTACA
,ATAATATGAC
,TTGTTACACATTGTT
,CAAACACAAAC
,TAATTTTAAT
,TACTTTTCAT
,TCCTACCATCCT
,ATTATAATAATATTA
,TGTAACTTTTCTGAA
,TTGTTACACATTGTT
,ATTATAATAATATTA
,TTGTTACACATTGTT
,AAACTGGTT
,AACTGTCAA
,AAGTTTTGAA
,AATATTAGT
,AATGTAACTG
,ACATATTGT
,ACCATACCA
,ACTATATCA
,ACTTAATGT
,AGAACCAAGA
,AGAAGATAT
,AGGATGTTA
,AGTAGTTTT
,ATAATAATA
,ATAATAATA
,ATAATATTA
,ATATAATGGT
,ATATGTATA
,ATCGCTTCA
,ATGATAATA
,ATTATAATAATATTA
,CAATGTAAC
,CATTACTGC
,CTAAATTTAAATC
,CTTGTGGTT
,CTTTTATTA
,CTTTTTAAT
,CTTTTTGTGG
,GAATTTAAG
,GAGAACCAA
,GATTATAAG
,GTAATTTTT
,GTACAGAAGG
,GTAGAAGATG
,GTTGGTGTT
,GTTGTTGTTG
,TAACAACTT
,TAATACTACT
,TAATTTTAAT
,TAATTTTAG
,TATGCACAA
,TATTCGTATT
,TATTCTTCTA
,TATTTTAAC
,TATTTTTAT
,TCAGTAATTC
,TCGTCGTTA
,TCTGGTATG
,TGATAATAATAGT
,TGATTATAAT
,TGGTAATATA
,TGTAATTTT
,TGTAGGTGTT
,TGTTGTTGT
,TTGTTACACATTGTT
,TTTACTAATT
,TTTAGACCA
,TTTAGTGGT
,TTTATAATTT
,TTTATAGAA
,TTTCTCTTT
,TTTTAATGT
,TTTTTAATT
,AACTTGTTG
,AATATTAATA
,ACAACCAACA
,ACTATTATCA
,AGGTGTAAG
,ATATTTTGA
,ATCTGTCTA
,ATGATAGTA
,ATTCTACAT
,ATTTTGTTTTA
,CATTCTTAC
,CCATGACAGTACC
,CTATTCTTATC
,GTTACGCATTG
,GTTTTATAA
,TAATTTTAAT
,TCTAACGAA
,TCTACATCT
,TGGTCCTGGT
,TGTAACTTC
,TTAATACAAC
,TTATAATATT
,TTTACTATT
,AAACTAATAAT
,CAAACACAAAC
,TGGCAGACGGT
,TTACAATAACATT
,TTGTTACACATTGTT
,CAAACACAAAC
,TAATTTTAAT
,TACTTTTCAT
,TCCTACCATCCT
,CAAACACAAAC
,TAATTTTAAT
,TACTTTTCAT
,ATTCAAACTTA
,CAAACACAAAC
,TAATTTTAAT
,TTTTAATTTT
,AACTTTCAA
,AAGGTGTTTA
,AATAATTTC
,AATGAGTAA
,ACATATTGT
,ACTATATCA
,ACTTTGTTAA
,AGAAGATAT
,AGGATCTTAT
,AGTATTATGA
,ATATGTATA
,ATGTAACAA
,ATTATAATAATATTA
,ATTATAATT
,ATTATAATT
,ATTTCACAT
,CAATATAAC
,CACTGTTTTT
,CAGGTGGAC
,CATTACTGC
,CATTCTTAC
,CCGATAGCC
,CGTTAACTAA
,GGTTTACTA
,GTATATATG
,GTATGGATAA
,GTTGTTGTTG
,TAATATTGGT
,TAATTTTAAT
,TAATTTTAA
,TAATTTTAGT
,TAATTTTGA
,TACTTTTCAT
,TATTATTAT
,TATTTTTAT
,TATTTTTAT
,TATTTTTAT
,TCAGTAATTC
,TCATTGTAT
,TCTGCAGGA
,TGTATTTTA
,TGTTGGTGTT
,TGTTGTTGT
,TTAATAATT
,TTCTACTAAA
,TTGTCAGTTT
,TTGTCTGTT
,TTGTGATAA
,TTTACTAAT
,TTTACTAAT
,TTTATAATTT
,TTTCACTTT
,TTTCTCTTT
,TTTGTGATA
,TTTTAGTGA
,TTTTAGTGGT
,TTTTTGTGG
,CACTGTTTTT
,TGTAACTTTTCTGAA
,TTATACTAGT
,CAAACACAAAC
,TAATTTTAAT
,TACTTTTCAT
,ATTATAATAATATTA
,GTTACACATTG
,TAATTTTAAT
,TAGTGGTGAT
,TCAAACACAAACT
,TCTTCACTTCT
,TTAACCAATT
,TTATGCGTATT
,TTTGTTGTTT
,GTGAAAGTA
,TAATGAAAG
,TTGACAGTT
,TTTTATTTT
,TTGTTACACATTGTT
,TAATTTTAAT
,TTGTTACACATTGTT
,CAAACACAAAC
,TAATTTTAAT
,TACTTTTCAT
,TCCTACCATCCT
,TAATTTTAAT
,ACTACCAAAG
,AGTATTATGA
,ATTATAATAATATTA
,CACTGTTTTT
,TAATTTTAAT
,TACTTTTCAT
,TAGTGGTGAT
,TGTAACTTTTCTGAA
,ATTATAATAATATTA
,CACTGTTTTT
,GTATTTTAGT
,TAATTTTAAT
,TACTTTTCAT
,TGTAACTTTTCT
,AATTTTACTT
,ACATAATATT
,CAATATTTTG
,GATTATAATT
,GTAATTTTAG
,GTAGAAGATG
,GTTGTTGTTG
,TAATAATTCT
,TAATTTTAAT
,TATCGTGAGA
,TATTCTTCTA
,TTGTTACACATTGTT
,TTGTTACACATTGTT
,CAAACACAAAC
,TAATTTTAAT
,TACTTTTCAT
,TCCTACCATCCT
,ATGACAGTA
,GCGTATGCG
,TACAAACAT
,TTAATAATT
,TTAATATTT
,TTGTTACACATTGTT
,TTGTTACACATTGTT
,ACTGTTTTT
,AGTATTATGA
,ATATAATATA
,ATTATAACAATATTA
,CAATATAAC
,CAGGCATGA
,CAGGTGGAC
,CATTCTTAC
,GAATTTAAG
,GTCCGATAGCCTG
,GTGGTGGTG
,TAATTTTAAT
,TAATTTTAA
,TACTTTTCAT
,TTAATAATT
,TTACTGTTT
,TTATACTAGT
,TTTCACTTT
,TTTTAGTGA
,ATTCAAACTTA
,CAAACACAAAC
,TAATTTTAAT
,TTTTAATTTT
,GTTACCCATTG
,AATTTATATG
,ATGTTGGTG
,ATGTTGGTG
,GATGTTGTAG
,TGTTGGTGCT
,TTAAATGGTG
,TTGTTACACATTGTT
,ATCACACTA
,CAAACACAAAC
,GTGGTGGTG
,TAATTTTAAT
,TACTTTTCAT
,TTTCACTTT
,TAATTTTAAT
,CAAACACAAAC
,TAATTTTAAT
,TACTTTTCAT
,ATTCAAACTTA
,CAAACACAAAC
,TAATTTTAAT
,TTTTAATTTT
,ATTGTGTTA
,GCGTATGCG
,TGGTTTGGT
,TTAATAATT
,TTAATATTT
,TTGTTACACATTGTT
,AAGGTGTTTA
,ATAATGATTT
,ATTATAATT
,ATTATAATT
,ATTCTACTAA
,CGTTAACTAA
,GTTGTTGTTG
,TAATTTTAAT
,TACTTTTCAT
,TATTTTTAT
,TATTTTTAT
,TATTTTTAT
,TCAGTAATTC
,TCTCTCTTCT
,TGTAACTTTTCTGAA
,TTATACTAGT
,TTATACTAGT
,TTCTACTAAA
,TTGTCAGTTT
,TTTACTAAT
,TTTACTAAT
,TTTCAGACCA
,TTTTAGTGGT
,ACAACTCAACA
,ATCATACTA
,CAGGTGGAC
,CGATGGTAGC
,GCTATATCG
,GTTTTATTC
,TACTAATCAT
,TTGTAGATGTT
,ATTATAATAATATTA
,GGAATTTAAGG
,GTTACACATTG
,TAATTTTAAT
,TAGTGGTGAT
,TCAAACACAAACT
,TCTTCACTTCT
,TTAACCAATT
,TTATGCGTATT
,TTTGTTGTTT
,CAAACACAAAC
,TAATTTTAAT
,TAGTGGTGAT
,TAATTTTAAT
,CTAAATTTAAATC
,TTTGTTACACATTGTTT
,TAATTTTAAT
,CAAACACAAAC
,TAATTTTAAT
,TACTTTTCAT
,ATTATAATAATATTA
,TAATCACACTAAT
,TGTAACTTTTCTGAA
,AACTTATAA
,AACTTTCAA
,AAGGTTAAC
,AATCACTAA
,AATGAGTAA
,ACGCCATAC
,ACTACATCA
,ACTTCTTTTG
,ATAATATTA
,ATATGTATA
,ATATTCAAA
,ATATTTGTG
,ATGACAGTA
,ATGGTGGTC
,ATTATAATAATATTA
,ATTATAATT
,CATAATTTTG
,CGACTCAGC
,CTATTAATA
,CTGCACAAG
,CTTGGTCTA
,GATTATAAT
,GCGTATGCG
,GGTGGTAAA
,GGTGTTGTGG
,GGTGTTTAT
,GGTGTTTAT
,GTAATTTTAG
,GTGCTCGTG
,GTTAAGCAG
,GTTGTTGTTG
,TAATTCACT
,TAATTTTAAT
,TAATTTTGA
,TACAAACAT
,TATTCTTCTA
,TATTTTTAT
,TGCGACAACA
,TGGATTACC
,TGGTTTTAA
,TGTTGTTGT
,TTAAATGGTG
,TTAATAATT
,TTAATACTA
,TTAATATTT
,TTATAATTT
,TTCAGACCA
,TTGTTACACATTGTT
,TTTAATTTT
,TTTATAATTT
,TTTCACTTT
,TTTCTCTTT
,TTTTAATTTT
,TTTTGAATG
,ATTATAATAATATTA
,CACTGTTTTT
,TAATTTTAAT
,TACTTTTCAT
,TGTAACTTTTCTGAA
,TTATACTAGT
,AGTGGTTAT
,ATAATATGAC
,ATAATATGA
,ATGTTGGTG
,ATTATAATAATATTA
,ATTTTAGTG
,CAGATTTTA
,GTGGTGGAC
,GTTTTATAAC
,TAATAATAT
,TAATTTTAAT
,TATTAACAT
,TATTATTAAT
,TATTCGTATT
,TCTTGGTCAA
,TGGATAGGT
,TGGTCCTGGT
,TTCACCAAG
,TTGTTACACATTGTT
,TTGTTTTAT
,TTTTAATTTT
,TTTTCTTTT
,CATTTGCAGG
,TGTAACTTTTCTGAA
,TTATACTAGT
,TGATAATAATAGT
,TTTGTTACACATTGTTT
,AAAATTAAAA
,ATTAAAATTA
,GTTTGTGTTTG
,TAAGTTTGAAT
,CAAACACAAAC
,ACATTGTTACA
,TTGTTACACATTGTT
,TAATGAAAGTAAT
,TAATTTTAAT
,AAACTAATAAT
,ATATAATATA
,CAAACACAAAC
,CAATATTTTG
,GTAATTAATG
,GTTTTATAAC
,TAATTTTAAT
,TACTTTTCAT
,TATAATGGTG
,TTATGCGTATT
,TTTGTTACACATTGTTT
,TTTTAATTTT
,AACTTTCAA
,AAGGTGTTTA
,AATGAGTAA
,AATGGTGAT
,ACATATTGT
,ACCTCACAT
,ACTACTTTA
,AGAAGATAT
,ATATGTATA
,ATGTAACAA
,ATTATAATAATATTA
,ATTATAATT
,ATTATAATT
,ATTCCCTTA
,ATTCTACTAA
,CAATATAAC
,CACAATTAT
,CAGGTGGAC
,CATTCTTAC
,CCCTTAGTA
,CGTTAACTAA
,GAATTTAAG
,GGTGAATTA
,GTATGGATAA
,GTGGTGGTG
,GTTGTTGTTG
,TAATTTTAAT
,TAATTTTAGT
,TACTAATTA
,TACTTTTCAT
,TATAATTTTA
,TATTATTAT
,TATTTTTAT
,TATTTTTAT
,TATTTTTAT
,TCTCTCTCT
,TGAAAAATC
,TGTAACTTTTCTGAA
,TGTATTTTA
,TGTTGTTGT
,TGTTTTTGT
,TTATACTAGT
,TTATACTAGT
,TTCTACTAAA
,TTGTCAGTTT
,TTGTCTGTT
,TTGTGATAA
,TTTACTAAT
,TTTACTAAT
,TTTCACTTT
,TTTGTGATA
,TTTTAGTGA
,TTTTAGTGGT
,TTTTTGTGG
,GGTAATAATT
,TGTTGTTGT
,TTAATAATT
,TTCTTTCTT
,TTGTAATTT
,TTTTCATAA
,TAATTTTAAT
,TAATTTTAAT
,TGTTTTATTC
,TTCTTTTCTT
,AACATATTGT
,ACATAATTTT
,ACCAGTTTTA
,ACTTATATTA
,AGCACATTAT
,AGTTTTTTGA
,CTGATGGTGGTAGTC
,GACAATAATT
,GATTATAAT
,GATTATAAT
,GTGGTTTTAA
,GTTGTTGTTG
,GTTTTAGAC
,GTTTTAGAC
,TAATTCACT
,TAATTCACT
,TAATTTTAAT
,TACTTCTTGT
,TTAAATGGTG
,TTAATTTGAC
,TTATAATTTT
,TTTTAATTTT
,AATTTGTTTAA
,AGTATTATGA
,ATTATAATAATATTA
,CAAACACAAAC
,CACTGTTTTT
,GTAACTTTTCT
,TAATTTTAAT
,TACTTTTCAT
,TTATACTAGT
,CAAACACAAAC
,AGTTGTGTTGA
,ATTATAATAATATTA
,GTAAATGTTTC
,TGACATTACAGT
,TTGGTTTGGTT
,TTGTTACACATTGTT
,ATTATAATAATATTA
,TGTAACTTTTCTGAA
,ATATAATATA
,ATTATAATAATATTA
,CACTGTTTTT
,TAATTTTAAT
,TACTTTTCAT
,TTGTTACACATTGTT
,AGTATTATGA
,ATATAATATA
,ATTATAACAATATTA
,GTCCGATAGCCTG
,TAATTTTAAT
,TACTTTTCAT
,TTATACTAGT
,AAGGTGTTTA
,ACGTTTACCA
,AGAATGGTGT
,ATTATAATAATATTA
,GTATGGATAA
,GTTGTTGTTG
,TAATTTTAAT
,TAGTGGTGAT
,TATTCTTCTA
,TATTTTTAT
,TATTTTTAT
,TATTTTTAT
,TCAGTAATTC
,TTAACCAATT
,TTATAATTTT
,TTTGTTGTTT
,ATTCAAACTTA
,CAAACACAAAC
,TAATTTTAAT
,TTTTAATTTT
,CAAACACAAAC
,TAATTTTAAT
,TACTTTTCAT
,TCCTACCATCCT
,AACTTATAA
,AATCACTAA
,AGGTATGGA
,ATAATATTA
,ATTATAATAATATTA
,ATTTTAATG
,ATTTTAATG
,CGACTCAGC
,CTATTAATA
,CTGCACAAG
,GTATTGTTG
,TATTTTAAT
,TTAATAATT
,TTATTGGTG
,TTGTTACACATTGTT
,TTTCACTTT
,CAAACACAAAC
,TAATTTTAAT
,TTGTTACACATTGTT
,CTAAATTTAAATC
,TTGTTACACATTGTT
,AAACTCTTAA
,ATTCTGACTT
,CACTGTCAAT
,CATTTTGGTTTTAC
,GAACCTGATGG
,GAAGATGTT
,GAAGATGTT
,GATAATAATT
,GTAGAAGATG
,GTTGTTGTTG
,TAATAATTCT
,TAATAGTTTT
,TAATTTTAAT
,TACCGCTTCTT
,TATCGTGAGA
,TATTCGTATTG
,TCTGTATATTT
,TTATGTGTATT
,TTATTCTTCTA
,TTCTATTATTA
,TTTTAATTTT
,TTTTACAGAT
,CACTGTTTTT
,TAATTTTAAT
,TACTTTTCAT
,TGTAACTTTTCTGAA
,TTATACTAGT
,AAGTAATGC
,AGTATTATGA
,ATCATACTA
,ATTATAATAATATTA
,CAGGTGGAC
,GAATTTAAG
,GGAATTTAA
,GTGGTGGTG
,TAATTTTAAT
,TAATTTTAA
,TACTAATCAT
,TACTTTTCAT
,TATAATAAT
,TATTCTTAT
,TGTATTTTAA
,TGTATTTTA
,TGTTTTTGT
,TTCATACTT
,TTTCACTTT
,TTTTCACTT
,TTTTCTGAA
,AGTATTATGA
,ATTATAATAATATTA
,CACTGTTTTT
,TAATTTTAAT
,TACTTTTCAT
,CAAACACAAAC
,TAATTTTAAT
,CAAACACAAAC
,TAATTTTAAT
,TACTTTTCAT
,CAAACACAAAC
,TAATTTTAAT
,TACTTTTCAT
,CAAACACAAAC
,TAATTTTAAT
,TACTTTTCAT
,ATTATAATAATATTA
,CTAAATTTAAATC
,TAATTTTAAT
,TAATTTTAAT
,TAATTTTAAT
,TATTCAAACTTAT
,TTTGTTACACATTGTTT
,ATTATAATAATATTA
,TGTAACTTTTCTGAA
,ATTATAATAATATTA
,GGAATTTAAGG
,GTTACACATTG
,TAATTTTAAT
,TAGTGGTGAT
,TCAAACACAAACT
,TCTTCACTTCT
,TTAACCAATT
,TTATGCGTATT
,TTTGTTGTTT
,TAATTTTAAT
,AGTGCTATTT
,ATTATAATAATATTA
,TAATTTTAAT
,TGATAATAGT
,TTATTTTATT
,TTGTTACACATTGTT
,TTTGTTGTTT
,AGTGGTTAT
,ATAATATGA
,ATGTTGGTG
,ATTATAATAATATTA
,ATTTTAGTG
,CAATGTAAC
,CAGATTTTA
,GTGGTGGAC
,GTTTTATAAC
,TAATAATAT
,TAATTTTAAT
,TATTAACAT
,TATTCGTATT
,TCTTGGTCA
,TGGATAGGT
,TTCACCAAG
,TTGTTTTAT
,TTTGTTTGAC
,TTTTAATTTT
,TTTTCTTTT
,TTTTGTTTG
,ATTATAATAATATTA
,CTAAATTTAAATC
,TTTGTTACACATTGTTT
,TTGTTACACATTGTT
,TTGTTACACATTGTT
,ATTCAAACTTA
,CAAACACAAAC
,TAATTTTAAT
,TTTTAATTTT
,AACTTATAA
,AATCACTAA
,ATAATATTA
,ATGACAGTA
,ATGGTGGTC
,ATTATAATAATATTA
,CGACTCAGC
,CTATTAATA
,CTGCACAAG
,CTTGGTCTA
,GCGTATGCG
,TTAATAATT
,TTAATACTA
,TTAATATTT
,TTGTTACACATTGTT
,TTTCACTTT
,TTGTTACACATTGTT
,TTGTTACACATTGTT
,CAAACACAAAC
,TAATTTTAAT
,TACTTTTCAT
,TCCTACCATCCT
,ATTATAATAATATTA
,CATCACAATT
,TAATTTTAAT
,TATGATAATC
,TTAACAATT
,TTAACAATT
,TTAACAATT
,TTAACCAATT
,TTGTTACACATTGTT
,AGGTGGTGT
,CATAATTAATAC
,TCAAGAACT
,TGTTTTTGT
,TTCAAACTT
,AGTATTATGA
,CACTGTTTTT
,TAATTTTAAT
,TACTTTTCAT
,TGTAACTTTTCTGAA
,TGTATTTTAA
,AACTTTCAA
,AAGGTGTTTA
,AATGAGTAA
,AATGGTGAT
,ACATATTGT
,ACTATATCA
,ACTTCAGCAG
,ACTTTGTTAA
,AGAAGATAT
,AGTACTTTT
,ATATGTATA
,ATGTAACAA
,ATTATAATAATATTA
,ATTATAATT
,ATTATAATT
,ATTCTACTAA
,ATTCTGCCA
,CAATATAAC
,CACAATTAT
,CACTGTTTTT
,CAGGTGGAC
,CATTACTGC
,CATTCTTAC
,CGTTAACTAA
,GAATTTAAG
,GGTGAATTA
,GTATGGATAA
,GTGGTGGTG
,GTTGTTGTTG
,TAACAACTT
,TAATTTTAAT
,TAATTTTAGT
,TACTAATTA
,TACTTTTCAT
,TATTATTAT
,TATTTTTAT
,TATTTTTAT
,TATTTTTAT
,TCAGTAATTC
,TGAAAAATC
,TGTAACTTTTCTGAA
,TGTATTTTA
,TGTTGGTGTT
,TGTTGTTGT
,TGTTTTTGT
,TTCTACTAAA
,TTGTCAGTTT
,TTGTCTGTT
,TTGTGATAA
,TTTACTAAT
,TTTACTAAT
,TTTATAATTT
,TTTCACTTT
,TTTCTCTTT
,TTTGTGATA
,TTTTAGTGA
,TTTTAGTGGT
,TTTTTGTGG
,AAATTTTACT
,AACTAATCAA
,ATTATAATAATATTA
,TAATCAATTTTG
,TAATTTTAAT
,TTTTAATTTT
,AAAAGAACT
,AAACTGGTT
,AAAGTAATT
,AATTTATATG
,ACCATACCA
,ACTACATCA
,ACTTATATTA
,AGTAGTTTT
,AGTGTTTGT
,ATATGTATA
,ATGTTGGTG
,ATTAAGATC
,ATTCTTCTA
,CAACACAAC
,CTTCTTATA
,GATGTTGTAG
,GATTATAAT
,GGTGGTAAA
,GTAGTTTTAG
,GTCAATACT
,GTGAAAGTA
,GTGCTCGTG
,GTGGTGGAC
,GTTGTTGTTG
,TAATGAAAG
,TAATTTTAAT
,TACTTCTTGT
,TAGTTTTAG
,TATATGTAT
,TATTTTTAT
,TCTGTTAAT
,TGGTTTTAA
,TGTTGGTCA
,TGTTGTTGT
,TTAAATGGTG
,TTATCGTGA
,TTATTGAAG
,TTCTGTCTT
,TTGAACAGT
,TTGACAGTT
,TTGCCCTTA
,TTGTTTTCAC
,TTTATCGTG
,TTTGTTACACATTGTTT
,TTTTAATTTT
,TTTTATTTT
,ATCACACTA
,CAAACACAAAC
,GTGGTGGTG
,TAATTTTAAT
,TACTTTTCAT
,TTTCACTTT
,ATAAAAATA
,ATCTGTCTA
,CATTCTTAC
,CCATGACAGTACC
,CTAAATTTAAATC
,GATTTTTGT
,TAACGCAAT
,TAACTCAAT
,TATTCGTAT
,TCTACATCT
,TGTAACTTC
,TGTTTTTGT
,TTTCACTTT
,TTTGTTACGCATTGTTT
,TTTTCACTT
,TTTTGTTTT
,TTTTTAATG
,AAATTTATT
,AACTTTCAA
,AAGCAGTTT
,AAGGTGTTTA
,AATAATTTC
,AATGAGTAA
,ACATATTGT
,ACTACTTTA
,ACTATATCA
,ACTTTGTTAA
,AGGATCTTAT
,AGTATTATGA
,ATATGTATA
,ATGTAACAA
,ATTATAATAATATTA
,ATTATAATT
,ATTATAATT
,ATTGAAAAA
,ATTTCACAT
,CAATATAAC
,CACAATTAT
,CACTGTTTTT
,CAGGTGGAC
,CATTACTGC
,CATTCTTAC
,CCGATAGCC
,CGTTAACTAA
,GAATTTAAG
,GATAAGTGT
,GTATGGATAA
,GTGCAACAA
,GTGGTGGTG
,GTTGTTGTTG
,TAATTTTAAT
,TAATTTTAA
,TAATTTTAGT
,TAATTTTGA
,TACTTTTCAT
,TATAATTTTA
,TATTATTAT
,TATTTTTAT
,TATTTTTAT
,TATTTTTAT
,TCAGTAATTC
,TGAAAAATC
,TGTATTTTA
,TGTTGGTGTT
,TGTTGTTGT
,TTAATAATT
,TTATGAAAG
,TTCTACTAAA
,TTGTCAGTTT
,TTGTCTGTT
,TTGTGATAA
,TTGTGCAAC
,TTTACTAAT
,TTTACTAAT
,TTTCACTTT
,TTTGTGATA
,TTTTAGTGA
,TTTTAGTGGT
,TTTTTGTGG
,ATTATAATAATATTA
,CACGTGAGTGCAC
,TGTAACTTTTCT
,TAATTTTAAT
,AACGGGGCAA
,ATTGTTTTAT
,ATATTGGTTATA
,ATTATAATAATATTA
,TTTGTTACACATTGTTT
,CAAACACAAAC
,TAATTTTAAT
,TACTTTTCAT
,TAATTTTAAT
,TTGTTACACATTGTT
,GTTACACATTG
,AGTATTATGA
,ATTATAATAATATTA
,CACTGTTTTT
,TAATTTTAAT
,TACTTTTCAT
,TGTAACTTTTCTGAA
,TGTATTTTAA
,CAAACACAAAC
,GTGGTGGTG
,TAATTTTAAT
,TACTTTTCAT
,TTTAATTTG
,TTTCACTTT
,CAAACACAAAC
,TAATTTTAAT
,TTTTAATTTT
,CAAACACAAAC
,TAATTTTAAT
,TACTTTTCAT
,TCCTACCATCCT
,TTGTTACACATTGTT
,TTGTTACACATTGTT
,AATGGTGAT
,AGTATTATGA
,ATTATAATAATATTA
,CACTGTTTTT
,CAGGTGGAC
,CATTCTTAC
,CCGATAGCC
,GAATTTAAG
,GATTTTATC
,GTGGTGGTG
,TAACGCAAT
,TAATTTTAAT
,TAATTTTAA
,TACTTTTCAT
,TGTATTTTA
,TGTTTTTGT
,TTAACAACC
,TTTCACTTT
,TTTTAGTGA
,TTGTTACACATTGTT
,AATGGTGAT
,ATTATAATAATATTA
,CAATATAAC
,CAGGTGGAC
,CATTCTTAC
,GAATTTAAG
,GTGGTGGTG
,TAACGCAAT
,TAATTTTAA
,TGTATTTTA
,TGTTTTTGT
,TTAACAACT
,TTAAGCACGAATT
,TTTCACTTT
,TTTTAGTGA
,ATTTTACATTTTA
,TAATGAAAGTAAT
,TAATTTTAAT
,TTGTTACACATTGTT
,CAAACACAAAC
,TAATTTTAAT
,TACTTTTCAT
,TGTAACTTTTCT
,TTTGTTACACATTGTTT
,ATTATAATT
,ATTATAATT
,ATTATAATT
,TATTATTAT
,TATTATTAT
,ATTATAATAATATTA
,TAATTTTAAT
,TAATTTTAAT
,TAATTTTAAT
,TGTAACTTTTCTGAA
,GTTACCCATTG
,AAAATTAAT
,AACTTTCAA
,AAGGATGTT
,AAGTTTTGAA
,AATATTAGT
,AATGAGTAA
,AATTAAAAAA
,ACATATTGT
,ACTATATCA
,AGAACCAAGA
,AGAAGATAT
,AGCCACCGA
,AGTAGTTTT
,AGTATTATGA
,ATAATATTA
,ATTATAATAATATTA
,ATTATAATT
,ATTCTGGTA
,CAATATAAC
,CACTGTTTTT
,CAGCAGTTT
,CAGGTGGAC
,CATTACTGC
,CCGCCAGTT
,CCTTATTAC
,CGTTAACTAA
,CTGGTAATA
,GAAGTTATT
,GAATTTAAG
,GACCGCCAA
,GGTGGTAAA
,GTACTTTAGT
,GTAGAAGATG
,GTATGGATAA
,GTGAAAGTG
,GTGCGACAA
,GTGGTGGTG
,GTTGTTGTTG
,GTTTTAGACG
,GTTTTAGAC
,TAACAACTT
,TAATTTTAAT
,TAATTTTAA
,TAATTTTAG
,TAATTTTAG
,TACTTTTCAT
,TATTATTAT
,TATTCGTATT
,TATTCTTCT
,TATTTTTAT
,TATTTTTAT
,TATTTTTAT
,TGATTATAAT
,TGATTATAAT
,TGATTATAA
,TGTTGGTCA
,TGTTGGTGTT
,TGTTGTTGT
,TTAAAAAATT
,TTAAATGGTG
,TTATAATTCA
,TTATTACGG
,TTTAATTTA
,TTTAATTTA
,TTTACTAAT
,TTTACTAAT
,TTTATAATTT
,TTTCACTTT
,TTTTAATTTT
,TTTTAATTT
,TTTTAGACCA
,TTTTAGACC
,TTTTAGTGGT
,ATTATAATAATATTA
,TAATTTTAAT
,TATTCGTATT
,TATTGTTGTA
,TCTTTTGTGT
,TGATAATAGT
,TTATTTTATT
,TTGTTACACATTGTT
,CAAACACAAAC
,TAATTTTAAT
,TACTTTTCAT
,TCCTACCATCCT
,AACTTATAA
,AATCACTAA
,ATAATATTA
,ATGACAGTA
,ATGGTGGTC
,ATTATAATAATATTA
,CGACTCAGC
,CTATTAATA
,CTGCACAAG
,CTTGGTCTA
,GTATTGTTG
,TATAAATAT
,TTAATAATT
,TTGTTACACATTGTT
,TTTCACTTT
,AACTTATAA
,AACTTTCAA
,AAGATGTTA
,AAGGTTAAC
,AAGTTGTAA
,AATCACTAA
,AATGAGTAA
,ACGCCATAC
,ACGGTTGGCA
,ACTTCTTTTG
,ATAATATTA
,ATATGTATA
,ATATTCAAA
,ATGACAGTA
,ATGGTGGTC
,ATTATAATAATATTA
,ATTATAATT
,CATAATTTTG
,CATTACTGC
,CGACTCAGC
,CTATTAATA
,GATTATAAT
,GCGTATGCG
,GGTGGTAAA
,GGTGTTGTGG
,GTAATTTTAG
,GTGCTCGTG
,GTTAAGCAG
,GTTGTTGTTG
,TAATTCACT
,TAATTTTAAT
,TAATTTTGA
,TACAATTTAA
,TATTCTTCTA
,TATTTTTAT
,TCTGTTGGAT
,TGCGACAACA
,TGGATTACC
,TGGTTTGGT
,TGGTTTTAA
,TGTTGTTGT
,TTAAATGGTG
,TTAATAATT
,TTAATACTA
,TTATAATTT
,TTCAGACCA
,TTGTTACACATTGTT
,TTTAATTTT
,TTTCACTTT
,TTTCTCTTT
,TTTGTATGAC
,TTTTAATTTT
,TTTTGAATG
,AATTTTACT
,GATGTTGTAG
,GGAAAAAGG
,TGGACCAGGT
,TTAATAATT
,TTGTTTGTT
,TTGTTTTAT
,AACTTTCAA
,AAGGTGTTTA
,AATGAGTAA
,AATGGTGAT
,ACATATTGT
,ACCTCACAT
,ACTATATCA
,ACTTTGTTAA
,AGAAGATAT
,AGTACTTTT
,ATATGTATA
,ATGACAGTA
,ATGTAACAA
,ATTATAATAATATTA
,ATTATAATT
,ATTATAATT
,CACAATTAT
,CAGGTGGAC
,CATTACTGC
,CATTCTTAC
,CCAATAATT
,CGTTAACTAA
,CTTAACAGT
,GAATTTAAG
,GGTGAATTA
,GTATGGATAA
,GTGGTGGTG
,GTTGTTGTTG
,TAATTTTAAT
,TAATTTTAGT
,TACTAATTA
,TACTTTTCAT
,TATTATTAT
,TATTTTTAT
,TATTTTTAT
,TATTTTTAT
,TCAGTAATTC
,TGAAAAATC
,TGGTTTGGT
,TGTAACTTTTCTGAA
,TGTATTTTA
,TGTTGTTGT
,TGTTTTTGT
,TTATACTAGT
,TTATACTAGT
,TTCTGCTAA
,TTGTCAGTTT
,TTGTCTGTT
,TTGTGATAA
,TTTACTAAT
,TTTACTAAT
,TTTCACTTT
,TTTCTCTTT
,TTTGTGATA
,TTTTAGTGA
,TTTTAGTGGT
,TTTTTGTGG
,AGTATTATGA
,ATTATAATAATATTA
,CACTGTTTTT
,TAATTTTAAT
,TACTTTTCAT
,TGTAACTTTTCTGAA
,TGTATTTTAA
,ATTCAAACTTA
,CAAACACAAAC
,TAATTTTAAT
,TTTTAATTTT
,TTGTTACACATTGTT
,ATTATAATAATATTA
,CACTGTTTTT
,TAATTTTAAT
,TACTTTTCAT
,TGTAACTTTTCTGAA
,TTATACTAGT
,ATTATAATAATATTA
,GGAATTTAAGG
,GTTACACATTG
,TAATTTTAAT
,TAGTGGTGAT
,TCAAACACAAACT
,TCTTCACTTCT
,TTAACCAATT
,TTATGCGTATT
,TTTGTTGTTT
,ATTATAATAATATTA
,TTGTTACACATTGTT
,AGTTGTGTTGA
,ATTATAATAATATTA
,ATTTTTAATGC
,GTAAATGTTTC
,TTGGTTTGGTT
,TTGTTACACATTGTT
,AACAGTTTCA
,AACTTATAA
,AACTTTCAA
,AAGATGTTA
,AAGGTTAAC
,AAGTTGTTT
,AATCACTAA
,AATGAGTAA
,AATTTAATA
,AATTTCATT
,ACAAAAACA
,ACAGTTTCA
,ACGCCATAC
,ACTACATCA
,ATAATATTA
,ATATGTATA
,ATATTCAAA
,ATGACAGTA
,ATGGTGGTC
,ATTATAATAATATTA
,ATTCACTTA
,ATTTAAATG
,CATAATTTTG
,CGACTCAGC
,CTATTAATA
,CTGCACAAG
,CTTGGTCTA
,GATCATAATT
,GGTGGTAAA
,GTGCTCGTG
,GTTAAGCAG
,GTTGTTGTTG
,TAATTCACT
,TAATTTTAAT
,TATTCTTCTA
,TATTTTTAT
,TGCGACAACA
,TGGTTTTAA
,TGTTGGTCA
,TGTTGTTGT
,TTAAATGGTG
,TTAATAATT
,TTAATACTA
,TTATAATTT
,TTCAGACCA
,TTGTTACACATTGTT
,TTTGTATGAC
,TTTTAATTTT
,TTTTGAATG
,ATTATAATAATATTA
,CACTGTTTTT
,TAATTTTAAT
,TACTTTTCAT
,TGTAACTTTTCTGAA
,TTATACTAGT
,ACATTGTTACA
,ATAATATGAC
,CAAACACAAAC
,TAATTTTAAT
,TTGTTACACATTGTT
,TTTTAATTTT
,CAAACACAAAC
,TAATTTTAAT
,TACTTTTCAT
,TCCTACCATCCT
,AAGGTGTTTA
,ACTTTGTTAA
,AGGATCTTAT
,ATTATAATAATATTA
,ATTATAATT
,ATTATAATT
,ATTCTACTAA
,CACTGTTTTT
,CGTTAACTAA
,GTATGGATAA
,GTTGTTGTTG
,TAATTTTAAT
,TACTTTTCAT
,TATAATTTTA
,TATTTTTAT
,TATTTTTAT
,TATTTTTAT
,TCAGTAATTC
,TGTAACTTTTCTGAA
,TTCTACTAAA
,TTGTCAGTTT
,TTTACTAAT
,TTTACTAAT
,TTTTAGTGGT
,ATTATAATAATATTA
,TGTAACTTTTCT
,CAAACACAAAC
,TAATTTTAAT
,CAAACACAAAC
,TAATTTTAAT
,TACTTTTCAT
,AACTTATAA
,AATCACTAA
,ATAATATTA
,ATGACAGTA
,ATGGTGGTC
,ATTATAATAATATTA
,CGACTCAGC
,CTATTAATA
,CTGCACAAG
,CTTGGTCTA
,GCGTATGCG
,TTAATAATT
,TTAATACTA
,TTAATATTT
,TTGTTACACATTGTT
,TTTCACTTT
,CAAACACAAAC
,TAATTTTAAT
,TACTTTTCAT
,TCCTACCATCCT
,CAAACACAAAC
,TAATTTTAAT
,TACTTTTCAT
,TAATGAAAGTAAT
,TAATTTTAAT
,CAAACGCAAAC
,TAATTTTAAT
,TACTTTTCAT
,ATTATAATAATATTA
,TTGTTACACATTGTT
,CAAACACAAAC
,TAATTTTAAT
,TTTTAATTTT
,ATAATATTAA
,ATTATAATAATATTA
,ATTGTTACGCATTGTTA
,TAATTTTAAT
,TAGACCACCAGAT
,TTCTTTTCTT
,TTTTAATTTT
,TTTGTTACTCATTGTTT
,TTGTTACTCATTGTT
,ATTCAAACTTA
,CAAACACAAAC
,TAATTTTAAT
,TTTTAATTTT
,GTTACACATTG
,TCTGTATATTT
,TTGTTACACATTGTT
,ATCACACTA
,CAAACACAAAC
,GTGGTGGTG
,TAATTTTAAT
,TACTTTTCAT
,TTTCACTTT
,TGTAACTTTTCTGAA
,AAATTTTAA
,AAGTAATTA
,AGGTGGTGT
,ATTATGGTA
,ATTCACTTA
,CAATCTAAC
,CTAATAATC
,CTTTGGTGT
,GGTCATAAT
,GTAATAATAATG
,TAATTGTAA
,TCAAAAACT
,TGGTTTGGT
,TGTTTTTGT
,TTGTGTGTT
,TTTAAATTT
,TTTGGGTTT
,TTTTGTTTT
,TAATTTTAAT
,ATTCAAACTTA
,CAAACACAAAC
,TAATTTTAAT
,TTTTAATTTT
,ATCACACTA
,CAAACACAAAC
,GTGGTGGTG
,TAATTTTAAT
,TACTTTTCAT
,TTTCACTTT
,AGAGTGAGA
,CAAACACAAAC
,CAATTTAAC
,GTGAGAGTG
,TAATTTTAAT
,TTTTAATTTT
,TTGTTACACATTGTT
,ATTATAATAATATTA
,TGTAACTTTTCT
,TAATTTTAAT
,CAAACACAAAC
,TAATTTTAAT
,TACTTTTCAT
,TCCTACCATCCT
,TAATTTTAAT
,TAATTTTAAT
,ATTCAAACTTA
,CAAACACAAAC
,TAATTTTAAT
,TTTTAATTTT
,AAAAATGGT
,AAAATGGTG
,AAAGTTGTTT
,AAATGGTGT
,AATAATTAT
,AATATTAATA
,AATGAGTAA
,AATGGTGTAG
,AATTCTTAA
,AATTTTTAA
,ACAACATTAC
,ACATATTTGT
,ACCAATTTT
,ACCATACCA
,ACTACATCA
,AGTACTTCT
,AGTAGTTTT
,ATATGTATA
,ATTATATTC
,ATTCGTATT
,ATTGAGAAC
,CAATTTTGTA
,CACTGTTTTT
,CAGGTGGAC
,CATTCTTAC
,CCTGATAGT
,CTATTATTAC
,GACATTACAG
,GGTGTGTAT
,GTGTATTTTA
,GTTGTTGTTG
,TAACGCAAT
,TAACTCAAT
,TAATTTTAAT
,TATAATAGT
,TATGGATAA
,TATTCATTT
,TATTCGTAT
,TATTTTTAT
,TCACTAACG
,TGAAAAATC
,TGTAAGGGT
,TGTATTTTA
,TGTTGGTGTT
,TGTTGTTGT
,TTAACAATT
,TTACAGAGA
,TTATAATTT
,TTATTGAAGA
,TTCTCTCTT
,TTGTCTGTT
,TTTACATCA
,TTTAGACCA
,TTTATAATTT
,TTTCACTTT
,TTTGTGATA
,CAAACACAAAC
,TAATTTTAAT
,TACTTTTCAT
,TCCTACCATCCT
,ATATTTTTTATA
,ATTTTACTCATTTTA
,TTGTTACACATTGTT
,ATCACACTA
,CAAACACAAAC
,GTGGTGGTG
,TAATTTTAAT
,TACTTTTCAT
,TTTCACTTT
,AACTTTCAA
,AAGGTGTTTA
,AATAATTTC
,AATGAGTAA
,ACATATTGT
,ACTATATCA
,ACTTTGTTAA
,AGAAGATAT
,AGGATCTTAT
,AGTATTATGA
,ATATGTATA
,ATGTAACAA
,ATTATAATAATATTA
,ATTATAATT
,ATTATAATT
,ATTTCACAT
,CAATATAAC
,CACTGTTTTT
,CAGGTGGAC
,CATTACTGC
,CATTCTTAC
,CCGATAGCC
,CGTTAACTAA
,CTTTTTGTG
,GTATATATG
,GTATGGATAA
,GTTGTTGTTG
,TAATTTTAAT
,TAATTTTAA
,TAATTTTAGT
,TAATTTTGA
,TACTTTTCAT
,TATAATTTTA
,TATTATTAT
,TATTTTTAT
,TATTTTTAT
,TATTTTTAT
,TCAGTAATTC
,TCATTGTAT
,TGAAAAATC
,TGATTATAAT
,TGTATTTTA
,TGTTGGTGTT
,TGTTGTTGT
,TTAATAATT
,TTCTACTAAA
,TTGTCAGTTT
,TTGTCTGTT
,TTGTGATAA
,TTTAATTTT
,TTTACTAAT
,TTTACTAAT
,TTTCACTTT
,TTTGTGATA
,TTTTAATTTT
,TTTTAGTGA
,TTTTAGTGGT
,TTTTTGTGG
,TTGTTACACATTGTT
,ACTTTGTTTCA
,TTGTTACACATTGTT
,ATAAAAATA
,ATCTGTCTA
,CATTCTTAC
,CCATGACAGTACC
,CTAAATTTAAATC
,GATTTTTGT
,TAACGCAAT
,TAACTCAAT
,TATTCGTAT
,TCTACATCT
,TGTAACTTC
,TGTAAGGGT
,TTTCACTTT
,TTTGTTACGCATTGTTT
,TTTTCACTT
,TTTTGTTTT
,ACATTGTTACA
,TTGTTACACATTGTT
,AGTATTATGA
,ATTATAATAATATTA
,CACTGTTTTT
,TAATTTTAAT
,TACTTTTCAT
,TGGGTGTAAG
,ATTCAAACTTA
,CAAACACAAAC
,TAATTTTAAT
,TTTTAATTTT
,AAAAAAGGA
,AAACTGGTT
,AACTCGTAG
,AACTGAATCA
,AATAGTTTT
,AATGAGTAA
,AATTGTATT
,AATTTTACT
,AATTTTAGT
,ACCATACCA
,ACTGTGTCA
,AGGACGTAT
,AGTAGTTTTC
,ATACATTTTACATA
,ATAGGTGTG
,ATTCTTCTA
,CATAATGAA
,CATTACTGC
,CATTCCTTAC
,CATTCTTAC
,CATTGTAATT
,CATTGTAATT
,CTTACTTCT
,GAGTTAACT
,GGTTTTAAAA
,GTATTACTG
,GTGGTTTTA
,GTTGTTGTTG
,TAATGGTGGT
,TAATTTTAAT
,TAATTTTAGT
,TACAATAGTG
,TAGTTTTCA
,TATAATTTTA
,TATTCGTATT
,TATTCTTAT
,TATTTTTAT
,TCTTACTTC
,TGAAAAATC
,TGATTTAGT
,TGGATAGGT
,TGTTGTTGT
,TTAACCAATT
,TTGTTACTCATTGTT
,TTGTTTTAT
,TTTAATGGT
,TTTACTAAT
,TTTAGTTTT
,TTTCAGATGG
,TTTGTATAA
,TTTTAGTAGT
,ATAAAAATA
,ATCTGTCTA
,CATTCTTAC
,CTAAATTTAAATC
,GATTTTTGT
,TAACGCAAT
,TAACTCAAT
,TATTCGTAT
,TCTACATCT
,TGTAACTTC
,TGTAAGGGT
,TTTCACTTT
,TTTGTTACGCATTGTTT
,TTTTCACTT
,TTTTGTTTT
,AATATTAATA
,ATAAAAATA
,ATCTGTCTA
,CATTCTTAC
,CCATGACAGTACC
,CTAAATTTAAATC
,CTTGTTGTT
,GATTTTTGT
,TAACGCAAT
,TAACTCAAT
,TAATTTTAAT
,TATTCGTATT
,TCTACATCT
,TGTAACTTC
,TTTCACTTT
,TTTGTTACGCATTGTTT
,TTTTCACTT
,TTTTGTTTT
,TTTTTAATGG
,TTGTTACACATTGTT
,ATTATAATAATATTA
,TAATTTTAAT
,TAATTTTAAT
,TAATTTTAAT
,TAATTTTAA
,TAATTTTAA
,GTAATAATG
,TGTTGTTGT
,TTCTTTCTT
,TTGTAATTT
,ATTATAATAATATTA
,TGTAACTTTTCTGAA
,TAATTTTAAT
,AACTTATAA
,AATCACTAA
,ATAATATTA
,ATGACAGTA
,ATGGTGGTC
,ATTATAATAATATTA
,CGACTCAGC
,CTATTAATA
,CTGCACAAG
,CTTGGTCTA
,GCGTATGCG
,TACAAACAT
,TTAATAATT
,TTAATACTA
,TTAATATTT
,TTGTTACACATTGTT
,TTTCACTTT
,ATTATAATAATATTA
,ATTCAAACTTA
,CAAACACAAAC
,TATTATTGGTG
,TTGTTACACATTGTT
,TTGTTACACATTGTT
,CAAACACAAAC
,TAATTTTAAT
,TACTTTTCAT
,TCCTACCATCCT
,ATTATAATAATATTA
,GGAATTTAAGG
,GTTACACATTG
,TAATTTTAAT
,TAGTGGTGAT
,TCAAACACAAACT
,TCTTCACTTCT
,TTAACCAATT
,TTATGCGTATT
,TTTGTTGTTT
,AAAAATGGT
,AAAATGGTG
,AAAGTTGTTT
,AAATGGTGT
,AATAATTAT
,AATATTAATA
,AATGAGTAA
,AATGGTGTAG
,AATTCTTAA
,AATTTTTAA
,ACAACATTAC
,ACATATTTGT
,ACCAATTTT
,ACCATACCA
,ACTACATCA
,AGTACTTCT
,AGTAGTTTT
,ATATGTATA
,ATCTGTCTA
,ATTATATTC
,ATTCGTATT
,ATTGAGAAC
,ATTGTAATT
,CAATTTTGTA
,CACTGTTTTT
,CATTCTTAC
,CTATTATTAC
,GACATTACAG
,GTTGTTGTTG
,TAACGCAAT
,TAACTCAAT
,TAATTTTAAT
,TATAATAGT
,TATGGATAA
,TATTCATTT
,TATTCGTAT
,TATTTTTAT
,TCACTAACG
,TCTACATCT
,TGAAAAATC
,TGTAAGGGT
,TGTTGGTGTT
,TGTTGTTGT
,TTAACAATT
,TTACAGAGA
,TTATAATTT
,TTATTGAAGA
,TTCTCTCTT
,TTGTCTGTT
,TTTACATCA
,TTTAGACCA
,TTTATAATTT
,TTTCACTTT
,TTTGTGATA
,TTTTCACTT
,AAACGCAAA
,AAAGATGTT
,AAATGGACG
,AAATTATGA
,AAGACCAGAA
,AATTGTTAA
,AATTGTTGT
,AATTTAAAT
,ACATTATTTT
,ACCATACCA
,ACCCATTAT
,ACTTATTTA
,AGTTTTTGA
,ATTCCTATT
,ATTGCGTTA
,CAGGAGGAC
,CATTATTAC
,CCAATTATT
,CCAGTTAGT
,CTATTTTTA
,GAAGTTAAT
,GACATTATT
,GATGGTGATT
,GGATAATTT
,GGTGTGTAT
,GTAAATTTA
,GTGGTTTTA
,GTTATAGTA
,GTTATAGTA
,GTTGTACTT
,GTTGTTGTTG
,TAAATGTTA
,TAAATGTTA
,TAAGAATTTT
,TAAGTTATGGTAAA
,TAATTTTAAT
,TAGTGGTAA
,TAGTGGTGAT
,TATTTTTAT
,TATTTTTAT
,TATTTTTAT
,TCATGTACT
,TGATAATAGT
,TGGTTTTGGT
,TGTTGTTGTT
,TGTTGTTGT
,TGTTGTTGT
,TGTTTTAAA
,TGTTTTAAA
,TTAACAATT
,TTATATGAG
,TTATTTATT
,TTTAAATGGT
,TTTAATAAA
,TTTAATTTT
,TTTATTAAA
,TTTATTAAA
,TTTCACTTT
,TTTGATTCA
,TTTTAATAA
,TTTTAATTTT
,TTTTGGTGTA
,TTTTGTTACACATTGTTTT
,GTAATAATG
,TGTTGTTGT
,TTCTTTCTT
,TTGTAATTT
,CAAACACAAAC
,TAATTTTAAT
,TCCTACCATCCT
,TGTAACTTTTCTGAA
,CAAACACAAAC
,TAATTTTAAT
,TACTTTTCAT
,ACTTTATTTCA
,ATAATATGAC
,TAATGAAAGTAAT
,TGAAAAAAGT
,AAGGTGTTTA
,ACTTTGTTAA
,AGGATCTTAT
,ATTATAATAATATTA
,ATTATAATT
,ATTATAATT
,CACTGTTTTT
,CGTTAACTAA
,GTATGGATAA
,GTTGTTGTTG
,TAATTTTAAT
,TAATTTTAGT
,TACTTTTCAT
,TATAATTTTA
,TATTTTTAT
,TATTTTTAT
,TATTTTTAT
,TCAGTAATTC
,TGTAACTTTTCTGAA
,TTCTACTAAA
,TTGTCAGTTT
,TTTACTAAT
,TTTACTAAT
,TTTTAGTGGT
,GGTAATAAT
,GTAATAATG
,TGTTGTTGT
,TTCTTTCTT
,TTGTAATTT
,CAAACACAAAC
,TAATTTTAAT
,TTTTAATTTT
,AAAGTATCAT
,AAAGTTAAA
,AATAATTCA
,AATAATTCA
,AATGGTGTT
,AATTTAACA
,ACCATACCA
,ACTCAAATA
,AGGCGTTTG
,AGGTTGTTT
,AGTGAGAGTGA
,ATGGTAATGGTA
,ATGGTAATGGT
,ATGGTGATG
,ATGTCACTGTA
,ATGTTTATA
,ATTATTAAT
,ATTGCCAAAA
,ATTTATTTA
,ATTTTTTGT
,CAACTCAAC
,CACGTGTGCAC
,CCTTGTACA
,CGTGTGCACT
,CTAACTCAATC
,CTCTTCTAC
,CTGACCAGTC
,CTGCGGCTC
,GAGTTTGAG
,GATTCTCTTAG
,GGCGTTTGG
,GGTGTTGTTG
,GGTTTTAAT
,GGTTTTGAT
,GTACTTTTT
,GTATTGACATT
,GTATTTATG
,GTCAATGGT
,GTTACATTG
,GTTGTTGTTG
,GTTTTAATC
,TAATAATGT
,TAATGGTGTT
,TAATTCAAAA
,TACAATAACAT
,TACTTTTTG
,TAGGTGTTGTTG
,TAGTTTTGG
,TATGGTAAT
,TGAACCCAAGT
,TGAATAAGT
,TGCAGACGT
,TGGTAATGGT
,TGGTGTTGT
,TGTAATAATGT
,TGTTGTTGT
,TTAAATTTT
,TTAATCAGA
,TTAATTCAA
,TTACAACATT
,TTATGTATT
,TTGATTTTAGTT
,TTGGATCATTTT
,TTGGTGTTG
,TTGTATGTT
,TTTAAATTTTA
,TTTAAATTT
,TTTAAATTT
,TTTCTTATA
,TTTTAACAC
,TTTTAATTT
,TTTTGGTGG
,TTTTTACAG
,CACTGTTTTT
,TAATTTTAAT
,TACTTTTCAT
,TGTAACTTTTCTGAA
,TTATACTAGT
,TAATTTTAAT
,TAATTTTAAT
,ATTATAATAATATTA
,TGTAACTTTTCTGAA
,CAAACACAAAC
,TAATTTTAAT
,TACTTTTCAT
,TCCTACCATCCT
,CAAACACAAAC
,TAATTTTAAT
,TACTTTTCAT
,AATGAAAGTAA
,ACAGTGACA
,ACTGTGTCA
,CTTTTCTTTTC
,GTGGTGGTG
,TAATTTTAAT
,AAAATTAAT
,AACTTATAA
,AACTTTCAA
,AAGGTGTTTA
,AATATTAGT
,AATGAGTAA
,AATTAAAAAA
,ACATATTGT
,AGAACCAAGA
,AGAAGATAT
,AGGTGTTTA
,AGTAATGCA
,AGTAGTTTT
,ATAATATTA
,ATACCCATA
,ATATGTATA
,ATGACAGTA
,ATGGTGGTC
,ATGTAACAA
,ATTATAATAATATTA
,ATTATAATT
,CACCGTCAT
,CAGCAGTTT
,CATTACTGC
,CGACTCAGC
,CTATTAATA
,CTTGGTCTA
,GAAGTTATT
,GCGTATGCG
,GGTGGTAAA
,GTATGGATAA
,GTTGTTGTTG
,TAATTTTAAT
,TAATTTTAG
,TAATTTTAG
,TAATTTTGA
,TAGTAGTTT
,TATTATTAT
,TATTCTTCT
,TATTTTTAT
,TATTTTTAT
,TATTTTTAT
,TCAGTAATTC
,TGATTATAAT
,TGATTATAAT
,TGATTATAA
,TGTATATGT
,TGTTGGTCA
,TGTTGTTGT
,TTAAAAAATT
,TTAAATGGTG
,TTAATAATT
,TTAATACTA
,TTAATATTT
,TTATTACGG
,TTATTGTCT
,TTGTTACACATTGTT
,TTTAATTTA
,TTTAATTTT
,TTTACTAAT
,TTTAGTGGT
,TTTATAATTT
,TTTCACTTT
,TTTCAGACCA
,TTTCTCTTT
,TTTTAATTTT
,TTTTAATTTT
,TTTTAATTTT
,TTTTGTGTG
,TTTTGTGTG
,TTTTTGTGT
,TTGTTACACATTGTT
,CTAAATTTAAATC
,TTTGTTACGCATTGTTT
,CAAACGCAAAC
,TATAATAATAT
,TCAACACAACT
,TTGTTACACATTGTT
,TAATTTTAAT
,AAAAGAACT
,AACAGTTTC
,AAGTGCTAT
,AATCACTAA
,AATGAGTAA
,ACATTAACT
,ACCATACCA
,ACTACATCA
,AGTGTTTGT
,ATATGTATA
,ATGTTGGTG
,ATGTTGGTG
,ATTTATATG
,CAACACAAC
,CTCATAACT
,GGTGGTAAA
,GTCAATACT
,GTCAATGGT
,GTGAAAGTA
,GTGCTCGTG
,GTGGTGGAC
,GTGGTTTTA
,TAATTATTT
,TATATGTAT
,TATTTTTAT
,TGTTGGTCA
,TGTTGTTGT
,TTAATAATT
,TTATAATTT
,TTATCGTGA
,TTCTGTCTT
,TTGACAGTT
,TTGTTACACATTGTT
,TTTAAATTT
,TTTATCGTG
,TTTCTCTTT
,TTTTATTTT
,TTGTTACACATTGTT
,AACTAATCAA
,ACAATCTAACA
,GTTACACATTG
,AAGTTTTGAA
,ATAATATGAC
,GTTCACCAAG
,TAATGAAAGTAAT
,TATTCGTATT
,TTGTTACACATTGTT
,ATCACACTA
,CAAACACAAAC
,GTGGTGGTG
,TAATTTTAAT
,TACTTTTCAT
,TTTCACTTT
,CAAACTCAAAC
,TACTTTTCAT
,ATTATAATAATATTA
,CACTGTTTTT
,TAATTTTAAT
,TACTTTTCAT
,TGTAACTTTTCT
,TTATACTAGT
,AACTTATAA
,AATCACTAA
,ATAATATTA
,ATGACAGTA
,ATGGTGGTC
,ATTATAATAATATTA
,CGACTCAGC
,CTATTAATA
,CTGCACAAG
,GCGTATGCG
,TTAATAATT
,TTAATACTA
,TTGTTACACATTGTT
,TTTCACTTT
,CAAACACAAAC
,TAATTTTAAT
,TACTTTTCAT
,TCCTACCATCCT
,TTGTTACTCATTGTT
,ATTATAATAATATTA
,GGAATTTAAGG
,GTTACACATTG
,TAATTTTAAT
,TAGTGGTGAT
,TCAAACACAAACT
,TCTTCACTTCT
,TTAACCAATT
,TTATGCGTATT
,TTTGTTGTTT
,ATCACACTA
,CAAACACAAAC
,GTGGTGGTG
,TAATTTTAAT
,TACTTTTCAT
,TTTCACTTT
,TTGTTACACATTGTT
,TAATTTTAAT
,ACACACACA
,GGATTTTAGG
,TCTATATCT
,TTATGTATT
,TTCTTTCTT
,TTGGGGGTT
,TTTACATTT
,TTGTTACACATTGTT
,ATTCAAACTTA
,CAAACACAAAC
,TAATTTTAAT
,TTTTAATTTT
,AGTATTATGA
,ATTATAATAATATTA
,CACTGTTTTT
,TAATGAAAGTAAT
,TAATTTTAAT
,TACTTTTCAT
,TTTGTTACGCATTGTTT
,TTGTTACACATTGTT
,CAAACACAAAC
,TAATTTTAAT
,TACTTTTCAT
,TCCTACCATCCT
,CAAACACAAAC
,TAATTTTAAT
,TTTTAATTTT
,ATTATAATAATATTA
,TGTAACTTTTCTGAA
,CAAACACAAAC
,TAATTTTAAT
,TACTTTTCAT
,TCCTACCATCCT
,TAATTTTAAT
,TTACTAATCATT
,TAATTTTAAT
,ATAAAAATA
,ATAATATTT
,ATCTGTCTA
,ATTGAGAAC
,CATTCTTAC
,CCATGACAGTACC
,CTAAATTTAAATC
,GATTTTTGT
,TAACGCAAT
,TAACTCAAT
,TATTCGTAT
,TGTAACTTC
,TGTAAGGGT
,TTTCACTTT
,TTTGTTACGCATTGTTT
,TTTTCACTT
,TTTTGTTTT
,AACTTTTCAA
,TAATTTTAAT
,GTAATAATG
,TGTTGTTGT
,TTAATAATT
,TTGTAATTT
,TTTTTCTTTTT
,AACTTTCAA
,AAGGTGTTTA
,AATGAGTAA
,AATGGTGAT
,ACATATTGT
,ACTATATCA
,ACTTCAGCAG
,ACTTTGTTAA
,AGAAGATAT
,AGTACTTTT
,ATATGTATA
,ATGTAACAA
,ATTATAATAATATTA
,ATTATAATT
,ATTATAATT
,ATTCTACTAA
,ATTCTGCCA
,CAATATAAC
,CACAATTAT
,CACTGTTTTT
,CAGGTGGAC
,CATTACTGC
,CATTCTTAC
,CGTTAACTAA
,GAAGATATT
,GAATTTAAG
,GGTGAATTA
,GTATGGATAA
,GTGGTGGTG
,GTTGTTGTTG
,TAACAACTT
,TAATTTTAAT
,TAATTTTAGT
,TACTAATTA
,TATTATTAT
,TATTTTTAT
,TATTTTTAT
,TATTTTTAT
,TCAGTAATTC
,TGTATTTTA
,TGTTGGTGTT
,TGTTGTTGT
,TGTTTCATTC
,TGTTTTTGT
,TTCTACTAAA
,TTGTCTGTT
,TTGTGATAA
,TTTACTAAT
,TTTACTAAT
,TTTATAATTT
,TTTCTCTTT
,TTTGTGATA
,TTTTAGTGA
,TTTTAGTGGT
,TTTTTGTGG
,AAACGCAAA
,AAAGATGTT
,AAATGGACA
,AAATTATGA
,AAATTATTT
,AAGACCAGAA
,AATTGTTGT
,AATTTAAAT
,ACATTATTTT
,ACCATACCA
,ACCCATTAT
,ACTTATTTA
,AGTTTTTGA
,ATTCCTATT
,ATTGCGTTA
,CAGGAGGAC
,CATTATTAC
,CTATTTTTA
,GAAGTTAAT
,GACATTATT
,GATGGTGATT
,GGTGTGTAT
,GTAAATTTA
,GTGGTTTTA
,GTTATAGTA
,GTTATAGTA
,GTTGTACTT
,GTTGTTGTTG
,GTTGTTGTT
,TAAATGTTA
,TAAATGTTA
,TAAGAATTTT
,TAATTTTAAT
,TAGTGGTAA
,TAGTGGTGAT
,TATGCAGTA
,TATTTTTAT
,TATTTTTAT
,TATTTTTAT
,TCATGTACT
,TGATAATAGT
,TGCAGTGGT
,TGGTGATTTA
,TGGTGATTT
,TGGTTTTGGT
,TGTTGTTGT
,TGTTTGATTC
,TGTTTTAAA
,TGTTTTAAA
,TTAACAATT
,TTAAGTAGT
,TTAATTTAAC
,TTATATGAG
,TTATTTATT
,TTGTAAAGGT
,TTTAAATGGT
,TTTAATAAA
,TTTAATTTT
,TTTATTAAA
,TTTATTAAA
,TTTCACTTT
,TTTGATTCA
,TTTTAATAA
,TTTTAATTTT
,TTTTGGTGTA
,TTTTGTTACACATTGTTTT
,TAATTTTAAT
,GTGCTCGTG
,GTGCTCGTG
,TTGTTACACATTGTT
,CTAGATTTAGATC
,TTGTTACACATTGTT
,ATGTTGGTG
,ATGTTGGTG
,TTGTTACACATTGTT
,TTGTTACACATTGTT
,AATTGAACAT
,ACAATACAGG
,CAGTTTCAGA
,CAGTTTCAGA
,CATTCCTTAC
,GTTGTTGTTG
,TAATAATTAT
,TAATTTTAAT
,TACAGAACAT
,TATAATTTTA
,TTGTGTTCAC
,TTTCAGATGG
,AGTTTTTGA
,ATTCTATTT
,ATTGTGTTA
,CAGGAGGAC
,GTAAATTTA
,GTTGTACTT
,GTTTATTAA
,TAATTTTAAT
,TAGTGGTAA
,TAGTGGTGAT
,TCATGTACT
,TCTATATCT
,TGATAATAGT
,TGGTTTTGGT
,TGTTGTTGT
,TGTTTTAAA
,TTAACAATT
,TTATTAATC
,TTTAATAAA
,TTTCACTTT
,TTTTAATAA
,TTTTAATTTT
,TTTTGGTGTA
,TTTTGTTACACATTGTTTT
,TTTTTCCTTTTT
,AACTTTCAA
,AAGGTGTTTA
,AATGAGTAA
,ACATATTGT
,ACTACTTTA
,ACTATATCA
,ACTTCAGCAG
,ACTTTGTTAA
,AGAAGATAT
,AGTACTTTT
,ATATGTATA
,ATGTAACAA
,ATTATAATAATATTA
,ATTATAATT
,ATTATAATT
,ATTCTACTAA
,ATTCTGCCA
,CAATATAAC
,CACAATTAT
,CACTGTTTTT
,CAGGTGGAC
,CATTACTGC
,CATTCTTAC
,CGTTAACTAA
,GAAGATATT
,GAATTTAAG
,GGTGAATTA
,GTATGGATAA
,GTGGTGGTG
,GTTGTTGTTG
,TAACAACTT
,TAATTTTAAT
,TAATTTTAGT
,TATGGGTCT
,TATTATTAT
,TATTTTTAT
,TATTTTTAT
,TATTTTTAT
,TCAGTAATTC
,TGAAAAATC
,TGTATTTTA
,TGTTGGTGTT
,TGTTGTTGT
,TTATACTAGT
,TTCTACTAAA
,TTGTCTGTT
,TTGTGATAA
,TTTATAATTT
,TTTCTCTTT
,TTTGTGATA
,TTTTAGTGA
,TTTTAGTGGT
,TTTTTGTGG
,AAATGGACA
,AGTTTTTGA
,ATATTAGTT
,ATTGTGTTA
,GTTGTACTT
,GTTTATTAAAC
,TAAATTTAAAT
,TACTTTCAC
,TCATGTACT
,TGTTGTTGT
,TGTTTTAAA
,TTAACAATT
,TTGTTTTTGTT
,TTTAATAAA
,TTTCACTTT
,TTTTAAATTTT
,TTTTAATAA
,TTTTGTTACACATTGTTTT
,ATAAAAATA
,ATCTGTCTA
,CATTCTTAC
,CCATGACAGTACC
,CTAAATTTAAATC
,GATTTTTGT
,TAACGCAAT
,TAACTCAAT
,TATTCGTAT
,TCTACATCT
,TGTAACTTC
,TTTCACTTT
,TTTGTTACGCATTGTTT
,TTTTCACTT
,TTTTGTTTT
,TTGTTACACATTGTT
,TTGTTACACATTGTT
,TTGTTACACATTGTT
,ATTCAAACTTA
,CAAACACAAAC
,TAATTTTAAT
,TTTTAATTTT
,ATGGTTGGTA
,ATTATAATAATATTA
,CATAATTTTG
,GGTGTTGTGG
,GTAATTTTAG
,GTTGTTGTTG
,TAATTTTAAT
,TATTCTTCTA
,TGCGACAACA
,TTAAATGGTG
,TTGTTACACATTGTT
,TTTGTATGAC
,TTTTAATTTT
,CAAACACAAAC
,TAATTTTAAT
,TACTTTTCAT
,TAATTTTAAT
,TTACTAATCATT
,AAAGTTGTTT
,AATATTAATA
,AATGGTGTAG
,AATTTTTAA
,ACAACATTAC
,ACATATTTGT
,ACCAATTTT
,ACCATACCA
,ACTACATCA
,AGTAGTTTT
,AGTGTTTGT
,ATATGTATA
,ATCTGTCTA
,ATTGAGAAC
,ATTGTAATT
,CAGGTATGA
,CATTCTTAC
,GACATTACAG
,GATTTTTGT
,GTACTTTTT
,GTGGGTGTT
,GTGTTTGTT
,GTTGTTGTTG
,TAACGCAAT
,TAACTCAAT
,TAATTTTAAT
,TATAATAGT
,TATGGATAA
,TATTCATTT
,TATTCGTAT
,TATTTTTAT
,TCACTAACG
,TCATTGTAA
,TCTACATCT
,TGAAAAATC
,TGTAACTTC
,TGTTGTTGT
,TTAACTTAA
,TTACAGAGA
,TTATAATTT
,TTATTGAAGA
,TTCTCTCTT
,TTGGTCAGT
,TTGTCTGTT
,TTTACATCA
,TTTATAATTT
,TTTCACTTT
,TTTGTGATA
,TTTGTTACGCATTGTTT
,TTTTAATGT
,TTTTCACTT
,TTTTGTACAG
,TTTTGTTTT
,TTTTTAATG
,ATTATAATAATATTA
,CTAAATTTAAATC
,TTTGTTACACATTGTTT
,AGTATTATGA
,ATTATAATAATATTA
,CACTGTTTTT
,TAATTTTAAT
,TACTTTTCAT
,TGTAACTTTTCTGAA
,ATTTTACATTTTA
,TAATGAAAGTAAT
,TAATTTTAAT
,TTTGTTGTTT
,AATCAAACTAA
,ATTATAATAATATTA
,CAAACACAAAC
,CTATTCAAACTTATC
,TTATAATAATA
,TTTGTTACACATTGTTT
,TTGTTACACATTGTT
,TAATTTTAAT
,CAAACACAAAC
,TAATTTTAAT
,TTTCACTTT
,TTTTAATTTT
,TTTTCTTTT
,TTGTTACACATTGTT
,AAAGTGAAA
,AACTATCAA
,AATAATTTA
,AATGAGTAA
,ACAATTACA
,ACCTATTTT
,ACGTAACAT
,ACTAACTGTA
,ACTATATCA
,ACTTACGTA
,AGTTAGAGTA
,ATAATATTA
,ATATATATA
,ATCAAAGTA
,ATGGTTGTT
,ATTCACTTA
,ATTTTAATG
,ATTTTAATG
,ATTTTGACTA
,ATTTTGGTAA
,CAAGATAAT
,CCAGTTTTA
,GATTACTTG
,GGTTTCGTG
,GTAATTTTA
,GTAATTTTT
,GTTATATTG
,GTTGTTGTTG
,TAACTATCA
,TAATTTTGAC
,TACATTAAC
,TATGGTTCTA
,TATTGTAGT
,TATTTTTAT
,TATTTTTAT
,TATTTTTAT
,TGATGTAGT
,TGATTATAA
,TGGTTTTAA
,TGTGTGTGT
,TGTTGTTGGT
,TGTTGTTGT
,TTAATAATC
,TTACTGTTA
,TTAGGTGGT
,TTATAATATT
,TTATGTGAGT
,TTCTTCTAAA
,TTTAATTTT
,TTTATAATA
,TTTTAATTTT
,TTTTAATTT
,ATCACACTA
,CAAACACAAAC
,GTGGTGGTG
,TAATTTTAAT
,TACTTTTCAT
,TTTCACTTT
,CAAACACAAAC
,TAATTTTAAT
,ATGTTGGTG
,ATGTTGGTG
,TTGTTACACATTGTT
,AAGGTGTTTA
,ACTTTGTTAA
,AGGATCTTAT
,AGTATTATGA
,ATTATAATAATATTA
,ATTATAATT
,ATTATAATT
,CACTGTTTTT
,CGTTAACTAA
,GTATGGATAA
,GTTGTTGTTG
,TAATTTTAAT
,TAATTTTAGT
,TACTTTTCAT
,TATTTTTAT
,TATTTTTAT
,TATTTTTAT
,TCAGTAATTC
,TTCTACTAAA
,TTGTCAGTTT
,TTTACTAAT
,TTTACTAAT
,TTTATAATTT
,TTTTAGTGGT
,TTGTTACACATTGTT
,ATCACACTA
,CAAACACAAAC
,GTGGTGGTG
,TAATTTTAAT
,TACTTTTCAT
,TTTCACTTT
,TAATGAAAGTAAT
,TAATTTTAAT
,CAAACACAAAC
,TAATTTTAAT
,TACTTTTCAT
,TCCTACCATCCT
,CAAACACAAAC
,TAATTTTAAT
,TTTTAATTTT
,TTGTTACACATTGTT
,ATCACACTA
,CAAACACAAAC
,GTGGTGGTG
,TAATTTTAAT
,TACTTTTCAT
,TTTCACTTT
,TAATTTTAAT
,TTGTTACACATTGTT
,ACCAAAAACCA
,CAAACACAAAC
,TAATTTTAAT
,TACTTTTCAT
,TCCTACCATCCT
,TAATTTTAAT
,CAAACACAAAC
,TAATTTTAAT
,TACTTTTCAT
,TCCTACCATCCT
,ATTATAATAATATTA
,TGTAACTTTTCTGAA
,AGTATTATGA
,ATTATAATAATATTA
,CACTGTTTTT
,TAATTTTAAT
,TACTTTTCAT
,CAAACACAAAC
,TAATTTTAAT
,TACTTTTCAT
,TCCTACCATCCT
,GTTACGCATTG
,AAAGGCCTGCT
,AACGGCGAT
,AGCGAGCGA
,AGTGCGTGA
,CAGACCCAGAC
,CTGCTGCTA
,GCGGCGGCG
,GCGTATGCG
,GTGTATGTG
,GTGTATTTT
,GTGTTTGTG
,GTGTTTGTG
,GTGTTTGTG
,GTTTGTGTA
,TAGCGCGAT
,TAGCGCGGCGA
,TAGCGGCAA
,TATGCGGTG
,TATGCGTAT
,TATGTGTAT
,TATTATTAT
,TGACCCAGT
,TGTATTTTA
,AAGAATGGTG
,AATTATATTC
,AATTTTAGTG
,ACACCCCACA
,ACTTATATTA
,ATTTTAATG
,CATACTATTC
,CTTAGTAATT
,CTTTTTGTGG
,GGTTTACCAA
,GTAATTTTA
,GTAATTTTA
,GTGGACCCAT
,GTTGTTGTTG
,TAATTCACTT
,TAATTTTAAT
,TAATTTTAGT
,TAGAACAGTT
,TATTATTAC
,TATTATTAC
,TATTCGTATT
,TGTTTGTATA
,TTACATAATT
,TTCCTTAGTA
,TTTGTTACACATTGTTT
,TTTGTTGTTT
,ATATAATATA
,ATTATAATAATATTA
,CACTGTTTTT
,TAATTTTAAT
,TACTTTTCAT
,TGTAACTTTTCTGAA
,AACTATATCAA
,TAATGAAAGTAAT
,ATTATAATAATATTA
,CAATATAAC
,CAGGTGGAC
,CATTCTTAC
,CCGATAGCC
,GAATTTAAG
,GATTTTATC
,GTGGTGGTG
,TAACGCAAT
,TAATTTTAA
,TGTATTTTA
,TGTTTTTGT
,TTAACAACC
,TTGTTACACATTGTT
,ACAACTCAACA
,ATCATACTA
,CAGGTGGAC
,CGATGGTAGC
,GCTATATCG
,GTTTTATTC
,TACTAATCAT
,TTGTAGATGTT
,CAAACACAAAC
,TAATTTTAAT
,TACTTTTCAT
,GTAATAATG
,TGTTGTTGT
,TTAATAATT
,TTGTAATTT
,TTTTTCTTTTT
,AACTTATAA
,AACTTTCAA
,AAGGTTAAC
,AATCACTAA
,AATGAGTAA
,ACACCTCTAA
,ACGCCATAC
,ACTACATCA
,ACTTCTTTTG
,ATAATATTA
,ATATGTATA
,ATATTCAAA
,ATATTTGTG
,ATGACAGTA
,ATGGTGGTC
,ATTATAATAATATTA
,ATTATAATT
,CAACAATAT
,CATAATTTTG
,CGACTCAGC
,CTATTAATA
,CTGCACAAG
,CTTGGTCTA
,GATTATAAT
,GCGTATGCG
,GGTGGTAAA
,GGTGTTGTGG
,GGTGTTTAT
,GGTGTTTAT
,GTAATTTTAG
,GTGCTCGTG
,GTTAAGCAG
,GTTGTTGTTG
,TAACACCTCT
,TAATTCACT
,TAATTTTAAT
,TAATTTTGA
,TATTTTTAT
,TGCGACAACA
,TGGATTACC
,TGGTTTTAA
,TGTTGTTGT
,TTAAATGGTG
,TTAATAATT
,TTAATACTA
,TTATAATTT
,TTCAGACCA
,TTGTTACACATTGTT
,TTTAATTTT
,TTTCACTTT
,TTTCTCTTT
,TTTTAACAA
,TTTTAATTTT
,TTTTGAATG
,CAAACACAAAC
,TAATTTTAAT
,TACTTTTCAT
,TCCTACCATCCT
,TAATATTTTGTTTTATAAT
,TTGTTACACATTGTT
,AAAATTAAAA
,ATTAAAATTA
,CCACCTCCACC
,GTTTGTGTTTG
,TAAGTTTGAAT
,AACTTATAA
,AATCACTAA
,ATAATATTA
,ATGACAGTA
,ATGGTGGTC
,ATTATAATAATATTA
,CGACTCAGC
,CTATTAATA
,CTGCACAAG
,CTTGGTCTA
,GTATTGTTG
,TATAGATAT
,TTAATAATT
,TTGTTACACATTGTT
,TTTCACTTT
,ATTATAATAATATTA
,TAATTTTAAT
,TAGTGGTGAT
,TCAAACACAAACT
,TTAACCAATT
,TTTGTTGTTT
,TTGTTACACATTGTT
,AACTTATAA
,AATCACTAA
,ATAATATTA
,ATGACAGTA
,ATGGTGGTC
,ATTATAATAATATTA
,CGACTCAGC
,CTATTAATA
,CTGCACAAG
,CTTGGTCTA
,GCGTATGCG
,TTAATAATT
,TTAATACTA
,TTAATATTT
,TTGTTACACATTGTT
,TTTCACTTT
,TTGTTACACATTGTT
,ATCACACTA
,CAAACACAAAC
,GTGGTGGTG
,TAATTTTAAT
,TACTTTTCAT
,TTTCACTTT
,TTGTTACACATTGTT
,ACTGAGTCA
,ATAATATTA
,ATTATAATAATATTA
,CAAGAGAAC
,CAATATAAC
,CATTCTTAC
,CTAAATTTAAATC
,GAATTTAAG
,TATAAATAT
,TATAACGGT
,TATTCAAACTTAT
,TATTCTTAT
,TGTAACTTT
,TTAACAATT
,TTCTCTCTT
,TTTGTTACACATTGTTT
,TTGTTACACATTGTT
,TTGTTACACATTGTT
,AAAATTAAT
,AACTTTCAA
,AAGGATGTT
,AAGTTTTGAA
,AATATTAGT
,AATGAGTAA
,AATTCTCTTAA
,ACATATTGT
,ACTATATCA
,ACTTTAACCAATTTCA
,AGAACCAAGA
,AGAAGATAT
,AGCCACCGA
,AGTAGTTTT
,ATAATATTA
,ATAATATTA
,ATATGTATA
,ATGTAACAA
,ATTATAATAATATTA
,ATTATAATT
,ATTATATTCAA
,ATTTGGTTG
,ATTTTAAAT
,CAAACACAAAC
,CAGCAGTTT
,CAGGTGGAC
,CATTACTGC
,GAAGATTTT
,GAAGTTATT
,GAATTTAAG
,GATTATAAT
,GGTGGTAAA
,GTAATTCTG
,GTAGAAGATG
,GTATGGATAA
,GTTGTTGTTG
,TAACAACTT
,TAATATTAT
,TAATCAAAGT
,TAATTTTAAT
,TAATTTTAA
,TAATTTTAG
,TAATTTTAG
,TACTAATCAT
,TAGGTATGGAT
,TAGTAGTTT
,TATAATATTA
,TATTATTAT
,TATTCGTATT
,TATTTTTAT
,TATTTTTAT
,TATTTTTAT
,TCAGTAATTC
,TCTCAGATGGT
,TGAGTTGAGT
,TGATTATAAT
,TGGTTGATTT
,TGTCAATTC
,TGTTGGTGTT
,TGTTGTTGT
,TTAAATGGTG
,TTAAATTTT
,TTATAATATT
,TTATAATTTTA
,TTATCGTGAGA
,TTTAAATTT
,TTTAATTTA
,TTTATAATTT
,TTTCACTTT
,TTTCATTAT
,TTTCTCTTT
,TTTTAATTTT
,TTTTAATTT
,CCATGACAGTACC
,CTAAATTTAAATC
,GTGGTAAATT
,TTAAATGGTG
,TTTGTTACGCATTGTTT
,ACAATTTAACA
,CAAACTCAAAC
,GTTACACATTG
,TAATGAGAGTAAT
,TATAATAATAT
,TAATTTTAAT
,TAATTTTAAT
,TAATTTTAAT
,TAATTTTAAT
,TAATTTTAAT
,ATTCAAACTTA
,CAAACACAAAC
,TAATTTTAAT
,TTTTAATTTT
,CAAACACAAAC
,TAATTTTAAT
,TCCTACCATCCT
,ATTTTAGTGATTTTA
,GAAACCAAAG
,GTAATTTTA
,GTAATTTTA
,GTGGACCCAT
,TAATTTTAAT
,TTTGTTACACATTGTTT
,TTTGTTGTTT
,TTGTTACACATTGTT
,ACATTGTTACA
,TTGTTACACATTGTT
,ATTATAATAATATTA
,TAATTTTAAT
,TAGTGGTGAT
,TCAAACACAAACT
,TTAACCAATT
,TTTGTTGTTT
,CAAACACAAAC
,TAATTTTAAT
,TACTTTTCAT
,ATTATAATAATATTA
,TTGTTACACATTGTT
,ATTATAATAATATTA
,TAATTTTAAT
,TAATTTTAAT
,TAATTTTAAT
,TGTAACTTTTCTGAA
,ACTTTGTTTCA
,TAAGTTTTTTGAAT
,TACATTATAATAAT
,TATAATAATAT
,TCAAACTCAAACT
,TCAACACAACT
,TGACTCTCAGT
,ATTCAAACTTA
,CAAACACAAAC
,TAATTTTAAT
,TTTTAATTTT
,CAAACACAAAC
,TAATTTTAAT
,TACTTTTCAT
,AACTTATAA
,AACTTTCAA
,AAGGTTAAC
,AATCACTAA
,AATGAGTAA
,ACGCCATAC
,ACTACATCA
,ACTTCTTTTG
,ATAATATTA
,ATATGTATA
,ATATTCAAA
,ATATTTGTG
,ATGACAGTA
,ATGGTGGTC
,ATTATAATAATATTA
,ATTATAATT
,CATAATTTTG
,CGACTCAGC
,CTATTAATA
,CTGCACAAG
,CTTGGTCTA
,GATTATAAT
,GCGTATGCG
,GGTGGTAAA
,GGTGTTGTGG
,GGTGTTTAT
,GGTGTTTAT
,GTAATTTTAG
,GTGCTCGTG
,GTTAAGCAG
,GTTGTTGTTG
,TAATTCACT
,TAATTTTAAT
,TAATTTTGA
,TACAAACAT
,TATTCTTCTA
,TATTTTTAT
,TGCGACAACA
,TGGATTACC
,TGGTTTTAA
,TGTTGTTGT
,TTAAATGGTG
,TTAATAATT
,TTAATACTA
,TTAATATTT
,TTATAATTT
,TTCAGACCA
,TTGTTACACATTGTT
,TTTAATTTT
,TTTATAATTT
,TTTCACTTT
,TTTCTCTTT
,TTTTAATTTT
,TTTTGAATG
,GTTACCCATTG
,TAGTGGTGAT
,AAATTTTAA
,AAGTAATTA
,AGGTGGTGT
,ATAGTTTTA
,ATTATGGTA
,ATTCACTTA
,CAATCTAAC
,CTAATAATC
,CTTTGGTGT
,GTAATAATAATG
,TCAAAAACT
,TGGTTTGGT
,TGTTTTTGT
,TTGTGTGTT
,TTTAAATTT
,TTTGGGTTT
,TTTTGTTTT
,TAATTTTAAT
,ATTATAATAATATTA
,TGTAACTTTTCTGAA
,ATCACACTA
,CAAACACAAAC
,GTGGTGGTG
,TAATTTTAAT
,TACTTTTCAT
,TTTCACTTT
,ACGTAATGCA
,ATAATATTA
,ATAATATTA
,ATTATAATAATATTA
,ATTATAATATTA
,ATTATAATA
,CACTGTTTTT
,TAACACAACT
,TAATAATTAT
,TAATGGTAAT
,TAATTTTAAT
,TATAATATTA
,TTAAATGGTG
,CAAACACAAAC
,TAATTTTAAT
,TACTTTTCAT
,CAAACACAAAC
,TAATTTTAAT
,TACTTTTCAT
,AAAATGGTG
,AAATGGTGT
,AAGTTGTTT
,AATATTAATA
,AATGAGTAA
,AATGGTGTAG
,AATTCTTAA
,AATTTTTAA
,ACAACATTAC
,ACATATTTGT
,ACTATATCA
,AGTACTTCT
,AGTAGTTTT
,AGTGTTTGT
,ATAAAAATA
,ATAATATTT
,ATATGTATA
,ATCTGTCTA
,ATTGAGAAC
,ATTGTAATT
,CAGGTATGA
,CATTACTGC
,CATTACTGC
,CATTCTTAC
,CCATGACAGTACC
,CTAAATTTAAATC
,CTAACACTA
,CTATTATTAC
,GAAGATGTT
,GATTTTTGT
,GTAGAAGATG
,GTGTTTGTT
,GTTGTTGTTG
,GTTTTAAAA
,TAACGCAAT
,TAACTCAAT
,TAATTTTAAT
,TATAATAGT
,TATTCGTAT
,TATTTTTAT
,TCACTAACG
,TCATTGTAA
,TCTACATCT
,TGAAAAATC
,TGTAACTTC
,TGTAAGGGT
,TGTTGTTGT
,TTATAATTT
,TTATTGAAGA
,TTCTCTCTT
,TTGGTCAGT
,TTGTCTGTT
,TTTACATCA
,TTTAGACCA
,TTTATAATTT
,TTTCACTTT
,TTTCGATACC
,TTTGTGATA
,TTTGTTACGCATTGTTT
,TTTTCACTT
,TTTTGTTTT
,TTTTTAATGG
,CAAACACAAAC
,TAATTTTAAT
,TACTTTTCAT
,TCCTACCATCCT
,ATAATAATA
,ATAATAATA
,ATAATAATA
,CAAACACAAAC
,TAATTTTAAT
,TACTTTTCAT
,TCCTACCATCCT
,GTAATAATG
,TGTTATTGT
,TTAATAATT
,TTGTAATTT
,TTTTTCTTTTT
,CTAAATTTAAATC
,TGTAACTTTTCT
,CAAACACAAAC
,TAATTTTAAT
,TACTTTTCAT
,TCCTACCATCCT
,ACTAATAAT
,ATAATAATA
,CAGGTGGAC
,GTCCAGGTG
,TTGTTACACATTGTT
,ACATTGTTACA
,TTGTTACACATTGTT
,CAAACACAAAC
,TAATTTTAAT
,TACTTTTCAT
,ATATAATATA
,ATTATAATAATATTA
,CACTGTTTTT
,TAATTTTAAT
,TACTTTTCAT
,TGTAACTTTTCTGAA
,CAAACACAAAC
,TAATTTTAAT
,TACTTTTCAT
,TCCTACCATCCT
,TTGTTACACATTGTT
,ACATTGTTACA
,ATAATATGAC
,CAAACACAAAC
,TAATTTTAAT
,TTGTTACACATTGTT
,TTTTAATTTT
,AACTTATAA
,ATAATATTA
,ATGACAGTA
,ATTATAATAATATTA
,CGACTCAGC
,CTATTAATA
,CTTGGTCTA
,GCGTATGCG
,TTAATAATT
,TTAATACTA
,TTAATATTT
,TTGTTACACATTGTT
,TTTCACTTT
,AGTGGTTAT
,ATAATATGAC
,ATAATATGA
,ATGTTGGTG
,ATTAGATTA
,ATTATAATAATATTA
,ATTTTAGTG
,CAACCCTTG
,CAGATTTTA
,GTGGTGGAC
,GTTTTATAAC
,GTTTTATTA
,TAATAATAT
,TAATTTTAAT
,TATTAACAT
,TATTATTAAT
,TATTCGTATT
,TGGATAGGT
,TTCACCAAG
,TTGTTACACATTGTT
,TTGTTTTAT
,TTTAATTTT
,TTTGTTTGAC
,TTTTAATTTT
,TTTTCTTTT
,TTTTGTTTG
,AAGGTGTTTA
,ACGTTTACCA
,AGAATGGTGT
,ATTATAATAATATTA
,GTATGGATAA
,GTTGTTGTTG
,TAATTTTAAT
,TAGTGGTGAT
,TATTCTTCTA
,TATTTTTAT
,TATTTTTAT
,TATTTTTAT
,TCAGTAATTC
,TTAACCAATT
,TTATAATTTT
,TTTGTTGTTT
,TTGTTACACATTGTT
,ATTATAATAATATTA
,ATTATAATAATATTA
,ATTATAATAATATTA
,CATAATTTTG
,GGTGTTGTGG
,GTAATTTTAG
,GTTGTTGTTG
,TAATTTTAAT
,TATTCTTCTA
,TGCGACAACA
,TTAAATGGTG
,TTGTTACACATTGTT
,TTTGTATGAC
,TTTTAATTTT
,ACCTTTCCA
,CAATGTAAC
,TAATTTTAAT
,TTTTAATTTT
,TTTTCTTTT
,AAACTAATAAT
,GATGTTGTAG
,GTTACACATTG
,TAATTTTAAT
,TACTTTTCAT
,TATAACAATAT
,TATTCGTATT
,TTTTAATTTT
,CAAACACAAAC
,TAATTTTAAT
,TACTTTTCAT
,TTGTTACACATTGTT
,TAATTTTAAT
,TAATTTTAAT
,TTGTTACACATTGTT
,TTTGTTACTCATTGTTT
,CGTAATGAAAGTAATGC
,TAATTTTAAT
,TTTGTTGTTT
,AATTATGAA
,CCTATAAATATCC
,CTGCTGGTT
,GATTGTTTT
,GTAATAATG
,GTATTTATA
,GTTGTTGTT
,TAGTAATGT
,TGGTTTGGT
,TGTTGTTGT
,TTAATAATT
,TTGTAATTT
,TTTAATCAT
,TTTCACTTT
,TTTCGTTTGCTTT
,ATTATAATAATATTA
,GGAATTTAAGG
,GTTACACATTG
,TAATTTTAAT
,TAGTGGTGAT
,TCAAACACAAACT
,TCTTCACTTCT
,TTAACCAATT
,TTATGCGTATT
,TTTGTTGTTT
,AACTTATAA
,AACTTTCAA
,AAGGTTAAC
,AAGTTGTTT
,AATAGTGTT
,AATCACTAA
,AATGAGTAA
,AATTTTTAA
,ACCAATTTT
,ACCATACCA
,ACTACATCA
,AGTACTTCT
,AGTGTTTGT
,ATAATATTA
,ATATGTATA
,ATATTCAAA
,ATGACAGTA
,ATGGTGGTC
,ATTATAATAATATTA
,ATTATAATT
,CGACTCAGC
,CTATTAATA
,CTGCACAAG
,CTTGGTCTA
,GATTATAAT
,GCGTATGCG
,GGTGGTAAA
,GTGTTTGTT
,TAATAATTT
,TAATTCACT
,TAATTTTGA
,TATGAGAGA
,TATGGATAA
,TATTCATTT
,TATTTTTAT
,TCTATCACT
,TGAAAAATC
,TGTTCATAA
,TGTTGTTGT
,TTAATAATT
,TTAATACTA
,TTACAGAGA
,TTCTCTCTT
,TTGTCTATC
,TTGTCTGTT
,TTGTTACACATTGTT
,TTTAATTTT
,TTTACATCA
,TTTCACTTT
,TTTGTGATA
,TTTTGAATG
,TGTAACTTTTCTGAA
,CAAACACAAAC
,TAATTTTAAT
,TACTTTTCAT
,TCCTACCATCCT
,TTTGTTACACATTGTTT
,AGTATTATGA
,ATTATAATAATATTA
,CACTGTTTTT
,TAATTTTAAT
,TACTTTTCAT
,AGTGGTTAT
,ATAATATGA
,ATGTTGGTG
,ATTATAATAATATTA
,ATTTTAGTG
,CAGATTTTA
,GTGGTGGAC
,GTTTTATAAC
,TAATAATAT
,TAATTTTAAT
,TATTAACAT
,TATTATTAAT
,TATTCGTATT
,TCTTGGTCA
,TGGATAGGT
,TTCACCAAG
,TTGTTACACATTGTT
,TTGTTTTAT
,TTTGTTTGAC
,TTTTAATTTT
,TTTTCTTTT
,TTTTGTTTG
,ACAGTGTTT
,AGTGGTTAT
,ATAATATGAC
,ATAATATGA
,ATGTTGGTG
,ATTAGATTA
,ATTATAATAATATTA
,ATTTTAGTG
,CAACCCTTG
,CAGATTTTA
,GTGGTGGAC
,GTTTTATAAC
,GTTTTATTA
,TAATAATAT
,TAATTTTAAT
,TATTAACAT
,TATTATTAAT
,TATTCGTATT
,TGGATAGGT
,TTCACCAAG
,TTGTTACACATTGTT
,TTGTTTTAT
,TTTAATTTT
,TTTGTTTGAC
,TTTTAATTTT
,TTTTCTTTT
,TTTTGTTTG
,AACTGTCAA
,ACTATATCA
,ATATGTATA
,CATTACTGC
,TATTTTTAT
,TGTTGTTGT
,TTGTTACACATTGTT
,CAAACGCAAAC
,TAATTTTAAT
,TACTTTTCAT
,TAATTTTAAT
,TTGGTTTGGTT
,TTGTTACACATTGTT
,ATTATAATAATATTA
,TGTAACTTTTCTGAA
,TAATTTTAAT
,CAAACACAAAC
,TAATTTTAAT
,CAAACACAAAC
,TAATTTTAAT
,TACTTTTCAT
,TCCTACCATCCT
,CAAACACAAAC
,TAATTTTAAT
,TACTTTTCAT
,TCCTACCATCCT
,TTGTTACACATTGTT
,ATGTTGGTG
,ATGTTGGTG
,TTGTTACACATTGTT
,AAAATTAAAA
,ATTAAAATTA
,GTTTGTGTTTG
,TAAGTTTGAAT
,TTGTTACACATTGTT
,CAAACACAAAC
,TAATTTTAAT
,ATTATAATAATATTA
,GGAATTTAAGG
,GTTACACATTG
,TAATTTTAAT
,TAGTGGTGAT
,TCAAACACAAACT
,TCTTCACTTCT
,TTAACCAATT
,TTATGCGTATT
,TTTGTTGTTT
,ATTATAATAATATTA
,TGTAACTTTTCTGAA
,TTGTTACACATTGTT
,TTTGTGGTGTTT
,TTTGTTACACATTGTTT
,ATCACACTA
,CAAACACAAAC
,GTGGTGGTG
,TAATTTTAAT
,TACTTTTCAT
,TTTCACTTT
,AACTGTCAA
,AAGATTTTG
,AAGGTGTTTA
,AATACTGGC
,AATGAGTAA
,AATTCTCTTAA
,ACATATTGT
,ACTATATCA
,AGGCATTCT
,AGTAGTTTT
,AGTTTTAGA
,ATATGTATA
,ATCAGACTA
,ATCATACTT
,ATGTTTCTT
,ATTATAATAATATTA
,CACAAACTA
,CAGCAGTTT
,CATCTGTCTAC
,CATTACTGC
,CCTTATTCC
,CTTTAACGG
,GGAATTTAAGG
,GTAGTTTTAG
,GTATGGATAA
,GTGTTCATA
,GTTACACATTG
,GTTGTTGTTG
,GTTTTAGAC
,TAAAAAAAT
,TAATTTTAAT
,TAGTGGTGAT
,TAGTTTTAG
,TATATGTAT
,TATTCCTAT
,TATTCTTCTA
,TATTTTTAT
,TATTTTTAT
,TATTTTTAT
,TCAGTAATTC
,TCTTCACTTCT
,TGAAAAATC
,TGAGACTAC
,TGTTGAGTA
,TGTTGTTGT
,TTAACCAATT
,TTATAATTTT
,TTATCGTGAGA
,TTATGCGTATT
,TTGTCTGTT
,TTTAAATTT
,TTTACTAAT
,TTTATCGTG
,TTTCACTTT
,TTTGTTGTTT
,TTTTCAAGG
,TTTTTGTGG
,CAAACACAAAC
,TAATTTTAAT
,TTTTAATTTT
,TAATTTTAAT
,AATTAATTAA
,CGTGGTCTAC
,TAATTCTGGT
,TAATTTTAAT
,TATTATTAAT
,AGTGGTTAT
,ATAATATGA
,ATGTTGGTG
,ATTATAATAATATTA
,ATTTTAGTG
,CAGATTTTA
,GTGGTGGAC
,GTTTTATAAC
,TAATAATAT
,TAATTTTAAT
,TATTAACAT
,TATTATTAAT
,TATTCGTATT
,TCTTGGTCA
,TGGATAGGT
,TTCACCAAG
,TTGTTACACATTGTT
,TTGTTTTAT
,TTTGTTTGAC
,TTTTAATTTT
,TTTTCTTTT
,TTTTGTTTG
,AAAATTTCA
,AATGGTGAT
,AGTTTAAAT
,ATCAAACTA
,ATTGTTTTA
,CAAACGCAAAC
,CACTGTCAC
,CATTCTTAC
,CTATTAATA
,TAAGTTTAA
,TCAAAGTTT
,TGACTCAGT
,TGATTTTAATG
,TTAATCAAA
,TTGATTTTAAT
,TTGTCTGTT
,TTTGTTACACATTGTTT
,TAATTTTAAT
,ATCACACTA
,CAAACACAAAC
,GTGGTGGTG
,TAATTTTAAT
,TACTTTTCAT
,TTTCACTTT
,TTGTTACACATTGTT
,TAATTTTAAT
,TAATTTTAAT
,CAAACACAAAC
,TAATTTTAAT
,TTTTAATTTT
,AACTATCAA
,ACTTCTTCA
,TGATTTAGT
,TTAACACTT
,TTAATAATT
,TTGTTACACATTGTT
,AATCACTAA
,AATCTAATA
,ATAATATTA
,ATGACAGTA
,ATGGTGGTC
,ATTATAATAATATTA
,CGACTCAGC
,CTATTAATA
,CTGCACAAG
,CTTGGTCTA
,GCGTATGCG
,TGATGAGTC
,TTAATAATT
,TTAATACTA
,TTAATATTT
,TTGTTACACATTGTT
,TAATTTTAAT
,AATCACTAA
,ACTTTTCAC
,ATAATATTA
,ATGGTGGTC
,ATTATAATAATATTA
,CGACTCAGC
,CTATTAATA
,CTGCACAAG
,CTTGGTCTA
,GCGTATGCG
,TCACACACT
,TTAATAATT
,TTAATACTA
,TTGTTACACATTGTT
,TTTCACTTT
,AGTATTATGA
,ATTATAATAATATTA
,CAATATAAC
,CACTGTTTTT
,CAGGTGGAC
,CATTCTTAC
,CCGATAGCC
,GAATTTAAG
,GATTTTATC
,GTGGTGGTG
,TAACGCAAT
,TAATTTTAAT
,TAATTTTAA
,TACTTTTCAT
,TGTATTTTA
,TGTTTTTGT
,TTAACAACC
,TTTCACTTT
,TTTTAGTGA
,CAAACACAAAC
,TAATTTTAAT
,TACTTTTCAT
,ATTATAATAATATTA
,TGTAACTTTTCTGA
,CAAACACAAAC
,TAATTTTAAT
,TACTTTTCAT
,TCCTACCATCCT
,CACTGTTTTT
,TGTAACTTTTCTGAA
,TTATACTAGT
,AACTTTCAA
,AAGGTGTTTA
,AATAATTTC
,AATGAGTAA
,ACATATTGT
,ACTACTTTA
,ACTATATCA
,ACTTTGTTAA
,AGAAGATAT
,AGTATTATGA
,ATATGTATA
,ATGTAACAA
,ATTATAATAATATTA
,ATTATAATT
,ATTATAATT
,ATTCTACTAA
,ATTCTGCCA
,ATTTCACAT
,CAATATAAC
,CACAATTAT
,CACTGTTTTT
,CAGGTGGAC
,CATTCTTAC
,CCGATAGCC
,CGTTAACTAA
,GAATTTAAG
,GTATGGATAA
,GTGGTGGTG
,GTTGTTGTTG
,TAATTTTAAT
,TAATTTTAA
,TAATTTTAGT
,TAATTTTGA
,TACTAATTA
,TACTTTTCAT
,TATAATTTTA
,TATTTTTAT
,TATTTTTAT
,TATTTTTAT
,TCAGTAATTC
,TGAAAAATC
,TGTATTTTA
,TGTTGGTGTT
,TGTTGTTGT
,TTAATAATT
,TTCTACTAAA
,TTGTCAGTTT
,TTGTCTGTT
,TTGTGATAA
,TTTACTAAT
,TTTACTAAT
,TTTCACTTT
,TTTGTGATA
,TTTTAGTGA
,TTTTAGTGGT
,TTTTTGTGG
,AAGGTGTTTA
,ACTTTGTTAA
,AGGATCTTAT
,AGTATTATGA
,ATTATAATAATATTA
,ATTATAATT
,ATTATAATT
,CACTGTTTTT
,CGTTAACTAA
,GTATGGATAA
,GTTGTTGTTG
,TAATTTTAAT
,TAATTTTAGT
,TACTTTTCAT
,TATTTTTAT
,TATTTTTAT
,TATTTTTAT
,TCAGTAATTC
,TGTTGGTGTT
,TTCTACTAAA
,TTGTCAGTTT
,TTTACTAAT
,TTTACTAAT
,TTTATAATTT
,TTTTAGTGGT
,CAAACACAAAC
,TAATTTTAAT
,TACTTTTCAT
,TCCTACCATCCT
,GTTACCCATTG
,CAAACACAAAC
,TAATTTTAAT
,ACGTAATGCA
,ATAATATTA
,ATAATATTA
,ATTATAATAATATTA
,ATTATAATATTA
,ATTATAATA
,CACTGTTTTT
,TAACACAACT
,TAATAATTAT
,TAATGGTAAT
,TAATTTTAAT
,TATAATATTA
,TTAAATGGTG
,ATAAAAATA
,ATCTGTCTA
,CATTCTTAC
,CCATGACAGTACC
,CTAAATTTAAATC
,GATTTTTGT
,TAACGCAAT
,TAACTCAAT
,TATTCGTAT
,TCTACATCT
,TGTAACTTC
,TTTCACTTT
,TTTGTTACGCATTGTTT
,TTTTCACTT
,TTTTGTTTT
,TTTTTAATG
,CTAAATTTAAATC
,TTGTTACACATTGTT
,TAATTTTAAT
,AGTTGTGTTGA
,ATTATAATAATATTA
,GTAAATGTTTC
,GTTACACATTG
,TAATTTTAAT
,TAATTTTAAT
,TCGTAATTTTAATGCT
,TGTGTTGATAA
,TTATAATAATA
,TTGGTTTGGTT
,CAAACACAAAC
,TAATTTTAAT
,TACTTTTCAT
,TCCTACCATCCT
,TTGTTACACATTGTT
,AAAAATTTA
,AAATTTTGT
,AATAATTTTTAATAA
,AATAATTTT
,AATCAGTAT
,AATGAGTAA
,AATTTTGTTTTAA
,ACAACATTA
,ACGCATTGT
,ACTATATCA
,ACTCATAAA
,ACTGAGTCA
,ACTTTGTAA
,ATATCACAA
,ATATGTATA
,ATTATAATAATATTA
,ATTGTGTTA
,ATTTTAGTG
,CATAAATAC
,CATCACTAC
,CTATTTTTA
,GGACCTATT
,GGTGTTGTTGTGG
,GTATCAAAC
,GTGTAGTAA
,GTTGTTGTGGGTGTTGTTG
,TAACACTAA
,TAATAATTT
,TAATTGTAT
,TACATTTTACAT
,TATAATGGA
,TATCTTTGT
,TATTTTTAT
,TATTTTTAT
,TATTTTTAT
,TCAAACCCAAACT
,TCAAGGTAA
,TGAGTGTAA
,TGTTACGCATTGT
,TTAATAATAATT
,TTATGAAAG
,TTATGGTAA
,TTTCACTTT
,TTTGACCAGTTT
,TTTTCACTT
,CCATGACAGTACC
,TGTTACGCATTGT
,TTGTTACACATTGTT
,TTTGTTACTCATTGTTT
,ACGTAATGCA
,ATAATATTA
,ATAATATTA
,ATTATAATAATATTA
,ATTATAATATTA
,ATTATAATA
,CACTGTTTTT
,TAACACAACT
,TAATGGTAAT
,TAATTTTAAT
,TATAATATTA
,TTAAATGGTG
,AGTGGTTAT
,ATAATATGA
,ATTAGATTA
,ATTATAATAATATTA
,ATTTTAGTG
,CAACCCTTG
,CAGATTTTA
,CGGTGGTGG
,CTTGGTCAA
,GTGGTGGAC
,GTTTTATAAC
,GTTTTATTA
,TAATAATAT
,TAATTTTAAT
,TATTAACAT
,TATTATTAAT
,TATTCGTATT
,TGGATAGGT
,TTCACCAAG
,TTGTTACACATTGTT
,TTGTTTTAT
,TTTAATTTT
,TTTGTTTGAC
,TTTTAATTTT
,TTTTCTTTT
,TTTTGTTTG
,CAAACACAAAC
,TAATTTTAAT
,TACTTTTCAT
,TTGTTACACATTGTT
,ATTATAATAATATTA
,TGTAACTTTTCTGAA
,ATTCAAACTTA
,CAAACACAAAC
,TAATTTTAAT
,TTTTAATTTT
,GGTCAACTGG
,TAATAATTAT
,TAATTTTAAT
,TTGTGTTCAC
,CAAACACAAAC
,TAATTTTAAT
,TACTTTTCAT
,TCCTACCATCCT
,AATATTAATA
,ACGTAATGCA
,TAACTCAAT
,TAACTCAAT
,TAACTCAAT
,TAATTTTAAT
,TACCGAGGTC
,TTAAATGGTG
,TAATTTTAAT
,AACTTATAA
,AATCACTAA
,ATAATATTA
,ATGACAGTA
,ATGGTGGTC
,ATTATAATAATATTA
,CGACTCAGC
,CTATTAATA
,CTGCACAAG
,CTTGGTCTA
,GCGTATGCG
,TTAATAATT
,TTAATACTA
,TTAATATTT
,TTGTTACACATTGTT
,TTTCACTTT
,TAATTTTAAT
,ATTATAATAATATTA
,TGTAACTTTTCTGAA
,TGTAACTTTTCTGAA
,AACTTTCAA
,AAGGTGTTTA
,AATGAGTAA
,AATGGTGAT
,ACATATTGT
,ACCTCACAT
,ACTACTTTA
,ACTATATCA
,AGAAGATAT
,ATAAAAATA
,ATATGTATA
,ATGTAACAA
,ATTATAATAATATTA
,ATTATAATT
,ATTATAATT
,ATTCTACTAA
,CAATATAAC
,CACAATTAT
,CAGGTGGAC
,CGTTAACTAA
,GAATTTAAG
,GGTATGCAC
,GGTGAATTA
,GTATGGATAA
,GTGGTGGTG
,GTTGTTGTTG
,TAATTTTAAT
,TAATTTTAGT
,TACTAATTA
,TACTTTTCAT
,TATAATTTTA
,TATTATTAT
,TATTTTTAT
,TATTTTTAT
,TATTTTTAT
,TCAGTAATTC
,TGAAAAATC
,TGTAACTTTTCTGAA
,TGTATTTTA
,TGTTGTTGT
,TGTTTTTGT
,TTATACTAGT
,TTATACTAGT
,TTCTACTAAA
,TTGTCAGTT
,TTGTCTGTT
,TTGTGATAA
,TTTACTAAT
,TTTACTAAT
,TTTCACTTT
,TTTGGTATG
,TTTGTGATA
,TTTTAGTGGT
,TTTTTGTGG
,ATTATAATAATATTA
,TAATTTTAAT
,TTTTAATTTT
,AAATGGACA
,ATTGCGTTA
,CAGGAGGAC
,GGATTTAGG
,GGTGATTGT
,GTAAATTTA
,TAAATTTAAAT
,TAGTGGTAA
,TGATAATAGT
,TGGTTTTGGT
,TTAACAATT
,TTGTTTTTGTT
,TTTTGTTACACATTGTTTT
,AAACGCAAA
,AAAGATGTT
,AAATGGACA
,AAATTATGA
,AAATTATTT
,AAGACCAGAA
,AAGGTGGAA
,AATTGTTGT
,AATTTAAAT
,ACAGTCTGACA
,ACATTATTTT
,ACCATACCA
,ACTTATTTA
,AGATGGTGATT
,AGTTTGTTTGA
,AGTTTTTGA
,ATTCCTATT
,ATTGTGTTA
,CAGGAGGAC
,CCAGTTAGT
,CTATTTTTA
,GAAGTTAAT
,GACATTATT
,GATATTTATAG
,GATGGTGATT
,GGTGTGTAT
,GTGGTTTTA
,GTTATAGTA
,GTTATAGTA
,GTTGTACTT
,GTTGTTGTTG
,GTTGTTGTT
,GTTTATTAAAC
,TAAATTTAAAT
,TAAGAATTTT
,TAATTTTAAT
,TACGGTAAA
,TACTTTCAT
,TAGTGGTGAT
,TATTGTACA
,TATTTTTAT
,TATTTTTAT
,TATTTTTAT
,TCATGTACT
,TGATAATAGT
,TGGTTTTGGT
,TGTTGTTGT
,TGTTTTAAA
,TGTTTTAAA
,TTAACAATT
,TTATAATATT
,TTATATGAGT
,TTATTTATT
,TTGTAAAGGT
,TTGTTTTTGTT
,TTTAATAAA
,TTTAATTTT
,TTTATTAAA
,TTTATTAAA
,TTTCACTTT
,TTTGATTCA
,TTTTAATAA
,TTTTAATTTT
,TTTTGGTGTA
,TTTTGTTACACATTGTTTT
,CAAACACAAAC
,TAATTTTAAT
,TACTTTTCAT
,TCCTACCATCCT
,ATTATAATAATATTA
,TGTAACTTTTCTG
,TTGTTACACATTGTT
,AAGAACCAAGAA
,CTCTCTTCTCTC
,TTCTCTTCTCTT
,CAAACACAAAC
,TAATTTTAAT
,TACTTTTCAT
,ACGTAATGCA
,ATAATATTA
,ATAATATTA
,ATTATAATAATATTA
,ATTATAATATTA
,ATTATAATA
,CACTGTTTTT
,TAACACAACT
,TAATAATTAT
,TAATGGTAAT
,TAATTTTAAT
,TATAATATTA
,TTAAATGGTG
,TTGTTACACATTGTT
,ATCACACTA
,CAAACACAAAC
,GTGGTGGTG
,TAATTTTAAT
,TACTTTTCAT
,TTTCACTTT
,TTGTTACACATTGTT
,ATTATAATAATATTA
,TAATTTTAAT
,TAATTTTAAT
,TAATTTTAAT
,TAATTTTAA
,TAATTTTAA
,TGTAACTTTTCT
,ACATTGTTACA
,GTTACACATTG
,ACATTGTTACA
,TTGTTACACATTGTT
,ATTATAATAATATTA
,TGTAACTTTTCTGAA
,TTGTTACACATTGTT
,ACATTGTTACA
,ATAATATGAC
,CAAACACAAAC
,TAATTTTAAT
,TTGTTACACATTGTT
,TTTTAATTTT
,TAATTTTAAT
,TTTTAATTTT
,TTGTTACTCATTGTT
,TTGTTACACATTGTT
,ATTATAATAATATTA
,ATTCAAACTTA
,CAAACACAAAC
,TATTATTGGTG
,TTGTTACACATTGTT
,AAGTTTGAA
,AATAATTAT
,AATCAAAGT
,ACTTTAACCAATTTCA
,ATAATATTA
,ATAATATTA
,ATAGTAGTG
,ATGTCGGGG
,ATTATAATAATATTA
,ATTTGGTTG
,CAGGTGGAC
,CCACCAAACCACC
,GTAAGTTTG
,TAATATTAT
,TAATTTTAAT
,TAATTTTAA
,TATAATATTA
,TATTCGTATT
,TCTATATCT
,TGGTTGATT
,TGTAACTTTTCT
,TGTAAGTTT
,TTATAATATT
,TTTCACTTT
,TTTGTTGTTT
,CAAACACAAAC
,TAATTTTAAT
,TACTTTTCAT
,AAGGTGTTTA
,ATTATAATAATATTA
,ATTATAATT
,ATTATAATT
,ATTCTACTAA
,CACTGTTTTT
,CGTTAACTAA
,GTATGGATAA
,GTTGTTGTTG
,TAATTTTAAT
,TAATTTTAGT
,TACTTTTCAT
,TATTTTTAT
,TATTTTTAT
,TATTTTTAT
,TCAGTAATTC
,TGTAACTTTTCTGAA
,TGTTGGTGTT
,TTCTACTAAA
,TTGTCAGTTT
,TTTACTAAT
,TTTACTAAT
,TTTATAATTT
,TTTTAGTGGT
,AACTTATAA
,ATAATATTA
,ATGACAGTA
,ATGGTGGTC
,ATTATAATAATATTA
,CGACTCAGC
,CTATTAATA
,CTTGGTCTA
,GCGTATGCG
,TTAATAATT
,TTAATACTA
,TTAATATTT
,TTGTTACACATTGTT
,TTTCACTTT
,ATAATAATA
,ATATTGGTTATA
,ATTATAATAATATTA
,CAAACACAAAC
,CAATATAAC
,CAGGTGGAC
,CATTCTTAC
,GAATTTAAG
,GTGGTGGTG
,TACATTTACAT
,TGTAACTTT
,TGTATTTTA
,TTAACAATT
,TTATAATAATA
,TTATAGTAA
,TTTCACTTT
,TTTGTTACACATTGTTT
,TTTTAGTGA
,AGTATTATGA
,ATTATAATAATATTA
,CACTGTTTTT
,TAATGAAAGTAAT
,TAATTTTAAT
,TACTTTTCAT
,TTTTAATTTT
,ATTATAATAATATTA
,GGAATTTAAGG
,GTTACACATTG
,TCAAACACAAACT
,TCTTCACTTCT
,TTATGCGTATT
,ACGTAATGCA
,GATTTTGCTG
,TAATTTTAAT
,TACCGAGGTC
,TTAAATGGTG
,AATGGTGAT
,AGTATTATGA
,ATTATAATAATATTA
,CAATATAAC
,CACTGTTTTT
,CAGGTGGAC
,GAATTTAAG
,GTGGTGGTG
,TAACGCAAT
,TAATTTTAAT
,TAATTTTAA
,TGTAACTTTTCT
,TGTATTTTA
,TGTTTTTGT
,TTAAATGGTG
,TTAACAACT
,TTTCACTTT
,TTTTAGTGA
,ATGTTGGTG
,ATGTTGGTG
,TTGTTACACATTGTT
,AATGGTGAT
,ATTATAATAATATTA
,CAATATAAC
,CATTCTTAC
,GAATTTAAG
,GTAGTGGTGATG
,GTGTTCTGT
,TGTAACTTC
,TGTATTTTA
,TGTGGGTGT
,TGTTTTTGT
,TTAACAATT
,TTCTGGTAT
,TTTGTTACACATTGTTT
,TTTTAGTGA
,TTTTATTTT
,TTGTTACACATTGTT
,TTGTTACACATTGTT
,CAAACACAAAC
,TAATTTTAAT
,TACTTTTCAT
,CAAACACAAAC
,TAATTTTAAT
,TTTTAATTTT
,CCATGACAGTACC
,CTAAATTTAAATC
,GATTTTTGT
,TGTTTTTAG
,TTTGTTACGCATTGTTT
,ATGACAGTA
,GCGTATGCG
,TACAAACAT
,TTAATAATT
,TTAATATTT
,TTGTTACACATTGTT
,AAGTAATGC
,ACTACCAAAG
,ACTGTTTTT
,AGTATTATGA
,ATTATAATAATATTA
,ATTCGTATT
,CAATATAAC
,CACGTGAGTGCAC
,CAGGTGGAC
,GAATTTAAG
,GTGGTGGTG
,TAATTTTAAT
,TAATTTTAA
,TACTTTTCAT
,TGTAACTTTTCTGAA
,TGTATTTTAA
,TGTATTTTA
,TGTTTTTGT
,TTACTGTTT
,TTTCACTTT
,TTTTAGTGA
,CCATGACAGTACC
,CTAAATTTAAATC
,TTTGTTACGCATTGTTT
,AACTTTCAA
,AAGGTGTTTA
,AATAATTTC
,AATGAGTAA
,ACATATTGT
,ACTACTTTA
,ACTATATCA
,ATATAATATA
,ATATGTATA
,ATGTAACAA
,ATTATAATAATATTA
,ATTATAATT
,ATTATAATT
,ATTTCACAT
,CAATATAAC
,CACAATTAT
,CACTGTTTTT
,CAGGTGGAC
,CATTCTTAC
,CCGATAGCC
,CGTTAACTAA
,GAATTTAAG
,GTATGGATAA
,GTGGTGGTG
,GTTGTTGTTG
,TAATTTTAAT
,TAATTTTAA
,TAATTTTAGT
,TAATTTTGA
,TACTAATTA
,TATTATTAT
,TATTTTTAT
,TATTTTTAT
,TATTTTTAT
,TCAGTAATTC
,TGAAAAATC
,TGTATTTTA
,TGTTGGTGT
,TGTTGTTGT
,TTAATAATT
,TTGTCAGTTT
,TTGTCTGTT
,TTGTGATAA
,TTTACTAAT
,TTTACTAAT
,TTTATAATTT
,TTTCACTTT
,TTTCTCTTT
,TTTGTGATA
,TTTTAGTGA
,TTTTAGTGGT
,TTTTTGTGG
,TAATTTTAAT
,TAATTTTAAT
,AATTTAATA
,AGGTATGGA
,ATAATAATA
,TTAATAATT
,TTGTTACACATTGTT
,TTTAATAAT
,ATTATAATAATATTA
,TGTAACTTTTCTGAA
,AATGGTGAT
,AGTATTATGA
,ATTATAATAATATTA
,CAATATAAC
,CAGGTGGAC
,CATTCTTAC
,GAATTTAAG
,GTGGTGGTG
,TAACGCAAT
,TAATTTTAAT
,TAATTTTAA
,TACTTTTCAT
,TGTATTTTA
,TGTTTTTGT
,TTAACAACT
,TTAAGCACGAATT
,TTATACTAGT
,TTTCACTTT
,ATTATAATAATATTA
,TGTAACTTTTCTGAA
,ATTATAATAATATTA
,GGAATTTAAGG
,GTTACACATTG
,TAATTTTAAT
,TAGTGGTGAT
,TCAAACACAAACT
,TCTTCACTTCT
,TTAACCAATT
,TTATGCGTATT
,TTTGTTGTTT
,AGTTGTGTTGA
,ATTATAATAATATTA
,GTAAATGTTTC
,TGACATTACAGT
,TTGGTTTGGTT
,TTTGTTACGCATTGTTT
,ATTATAATAATATTA
,CTAAATTTAAATC
,TATTCAAACTTAT
,TTTGTTACACATTGTTT
,AAAAGAACT
,AAGTTGTTT
,AATTTTTAA
,ACCATACCA
,ACTACATCA
,ATATGTATA
,GTGCTCGTG
,TATTTTTAT
,TCTGTTAAT
,TGGTTTTAA
,TGTTGGTCA
,TGTTGTTGT
,TTAACTGTTACA
,TTATTGAAG
,TTCTGTCTT
,TTGCCCTTA
,TTTGACCAGTTT
,TAATTTTAAT
,TTGGTTTGGTT
,AAACAACAACAAA
,ATTAAATGGT
,TAATAATTCT
,TAATTTTAAT
,TATTCGTATTG
,TCTGTATATTT
,TTAAATGGTG
,TTATGTGTATT
,TTTTAATTTT
,TTTTACAGAT
,TTGTTACACATTGTT
,CAAACACAAAC
,CAGTCTGAC
,CCTTTTTCC
,TAATTTTAAT
,TTTCACTTT
,TTTTAATTTT
,AATTTATATG
,GATGTTGTAG
,TTGTTACACATTGTT
,TTGTTACACATTGTT
,TTGTTACACATTGTT
,ATTCAAACTTA
,CAAACACAAAC
,TAATTTTAAT
,TTTTAATTTT
,CTAAATTTAAATC
,TTTGTTACGCATTGTTT
,TAATTTTAAT
,CAAACACAAAC
,TAATTTTAAT
,TACTTTTCAT
,TCCTACCATCCT
,ACGTAATGCA
,ATAATATTA
,ATAATATTA
,ATTATAATAATATTA
,ATTATAATATTA
,ATTATAATA
,CACTGTTTTT
,TAACACAACT
,TAATAATTAT
,TAATGGTAAT
,TAATTTTAAT
,TATAATATTA
,TTAAATGGTG
,TTGTTACACATTGTT
,TTAATAATT
,TTAATAATT
,TTAATAATT
,TTGTTACACATTGTT
,TTGTTACACATTGTT
,TAATTTTAAT
,ATTACCAAAG
,ATTATAATAATATTA
,TAATTTTAAT
,TACTTTTCAT
,TTATACTAGT
,TAATTTTAAT
,TTGTTACACATTGTT
,CAAACACAAAC
,TAATTTTAAT
,TACTTTTCAT
,TCCTACCATCCT
,AAATTTTAA
,AAGATATTT
,AAGTAATTA
,ACAAGATAAT
,ACAGACTCA
,ACTATATCA
,ACTATTTCT
,AGGTGGTGT
,AGTACTAGT
,ATATTTATA
,ATTATGGTA
,ATTCACTTA
,ATTCACTTA
,CAATCTAAC
,CATCACTAC
,CTAATAATC
,CTTTGGTGT
,GATTATAAT
,GGACAACCAACAGG
,GGTCATAAT
,GTAACTTAT
,GTATGGTTC
,GTGTGATTC
,TAATAGAACA
,TAATATCTC
,TAATATTAA
,TAATTGTAA
,TAGAACAGT
,TATGGTTCT
,TCAAAAACT
,TGATTATAA
,TGGTTTGGT
,TGTACTATA
,TGTTGGTCA
,TGTTGTTGT
,TGTTTTTGT
,TTATGTTTT
,TTCTACTAA
,TTGTGTGTT
,TTTAAATTT
,TTTACATCA
,TTTGGGTTT
,TTTTAGTTT
,TTTTGTTTT
,TTTTTGTGG
,AACTTTCAA
,AAGGTGTTTA
,AATGAGTAA
,ACATATTGT
,ACTATATCA
,ACTTTGTTAA
,AGAAGATAT
,AGTACTTTT
,ATATGTATA
,ATGTAACAA
,ATTATAATAATATTA
,ATTATAATT
,ATTATAATT
,ATTCTACTAA
,CACAATTAT
,CACTGTTTTT
,CAGGTGGAC
,CATTACTGC
,CATTCTTAC
,CGTTAACTAA
,CTATGGTTT
,GAATTTAAG
,GGTGAATTA
,GTATGGATAA
,GTGGTGGTG
,GTTGTTGTTG
,TAACAACTT
,TAATTTTAAT
,TAATTTTAGT
,TACTAATTA
,TACTTTTCAT
,TATTATTAT
,TATTTTTAT
,TATTTTTAT
,TATTTTTAT
,TCAGTAATTC
,TGAAAAATC
,TGGTTTTAA
,TGTAACTTTTCTGAA
,TGTATTTTA
,TGTTGGTGTT
,TGTTGTTGT
,TGTTTTTGT
,TTCTACTAAA
,TTGTCAGTTT
,TTGTCTGTT
,TTGTGATAA
,TTTACTAAT
,TTTACTAAT
,TTTATAATTT
,TTTCACTTT
,TTTCTCTTT
,TTTGTGATA
,TTTTAGTGA
,TTTTTGTGG
,CAAACACAAAC
,TAATTTTAAT
,TACTTTTCAT
,ATTATAATAATATTA
,TGTAACTTTTCTGAA
,ACTAATAAT
,CAGGTGGAC
,GTTTTATTC
,TTCGCATTT
,AGTATTATGA
,ATTATAATAATATTA
,CACTGTTTTT
,TAATTTTAAT
,TACTTTTCAT
,TGTAACTTTTCTGAA
,TGTATTTTAA
,CAAACACAAAC
,TAATTTTAAT
,TTTTAATTTT
,ATATTTTATTTTATA
,ATTATAATAATATTA
,GACCACACCAG
,GGAATTTAAGG
,GTTACACATTG
,TATTTTATT
,TCAAACACAAACT
,TTATTTTAT
,TAATTTTAAT
,TTGGTTTGGTT
,ATTATAATAATATTA
,TGTAACTTTTCTGAA
,AAACGCAAA
,AAAGATGTT
,AAATGGACA
,AAATTATGA
,AAATTATTT
,AAGACCAGAA
,AAGGTGGAA
,AATTGTTGT
,AATTTAAAT
,ACATTGTTTT
,ACCATACCA
,ACCCATTAT
,ACTTATTTA
,AGTTTTTGA
,ATATTTATA
,ATTGTGTTA
,ATTGTTTTGTTA
,CATTATTAC
,CCAGTTAGT
,CTATTTTTA
,GAAGTTAAT
,GACATTATT
,GATGGTGATT
,GGTGTGTAT
,GTGGTTTTA
,GTTATAGTA
,GTTATAGTA
,GTTGTACTT
,TAAATGTTA
,TAAGAATTTT
,TAATTTTAAT
,TACTTTCAC
,TAGTGGTGAT
,TATTGTACA
,TATTTTTAT
,TATTTTTAT
,TATTTTTAT
,TCATGTACT
,TGCAGTGGT
,TGGTTTTGGT
,TGTTGTTGT
,TGTTTTAAA
,TGTTTTAAA
,TTAACAATT
,TTACATTGT
,TTATATGAG
,TTATTTATT
,TTGATAATAGTT
,TTGTAAAGGT
,TTTAATAAA
,TTTAATTTT
,TTTATTAAA
,TTTATTAAA
,TTTCACTTT
,TTTGACCAGTTT
,TTTGATTCA
,TTTTAATAA
,TTTTAATTTT
,TTTTGGTGTA
,TTTTGTTACACATTGTTTT
,TTTTTCCTTTTT
,AAATGGTGAT
,AAGTTTTGAA
,ATTAAAATTA
,TATTATTAAT
,TTAAATGGTG
,TTATTATTTT
,TTGTTACACATTGTT
,TAATTTTAAT
,TAATTTTAAT
,ACGTAATGCA
,ATTATAATAATATTA
,CTAAATTTAAATC
,TAATAATTAT
,TAATTTTAAT
,TTAAATGGTG
,TTTGTTACACATTGTTT
,ATTATAATAATATTA
,TGTAACTTTTCTGAA
,AATTTTACT
,GGAAAAAGG
,TTAATAATT
,TTGTTTGTT
,TTGTTTTAT
,AAGTAATGC
,AATGGTGAT
,AGTATTATGA
,ATGTTGGGG
,ATTATAATAATATTA
,CACGTGAGTGCAC
,CACTGTTTTT
,CAGGTGGAC
,GAATTTAAG
,GTGACAATT
,GTGGTGGTG
,TAATCATACTAAT
,TAATTTTAAT
,TAATTTTAA
,TACTAATCAT
,TACTTTTCAT
,TGTAACTTTTCTGAA
,TGTATTTTAA
,TGTATTTTA
,TGTTTTTGT
,TTCATACTT
,TTTCACTTT
,TTTTAGTGA
,ATTATAATAATATTA
,TTGTTACACATTGTT
,CAAACACAAAC
,TAATTTTAAT
,TTGTTACACATTGTT
,TTGTTACACATTGTT
,TAATTTTAAT
,ATTCAAACTTA
,CAAACACAAAC
,TAATTTTAAT
,TTTTAATTTT
,GTAATAATG
,TGTTGTTGT
,TTAATAATT
,TTGTAATTT
,TTTTTCTTTTT
,ATTCAAACTTA
,CAAACACAAAC
,TAATTTTAAT
,TTTTAATTTT
,TTGTTACACATTGTT
,TAATTTTAAT
,AGTGGTTAT
,ATAATATGAC
,ATAATATGA
,ATGTAATTA
,ATGTTGGTG
,ATTATAATAATATTA
,ATTTTAGTG
,GTGGTGGAC
,GTTTTATAAC
,TAATAATAT
,TAATTTTAAT
,TATTAACAT
,TATTATTAAT
,TATTCGTATT
,TCTTGGTCA
,TGGATAGGT
,TTCACCAAG
,TTGTTTTAT
,TTTGTTTGAC
,TTTTAATTTT
,TTTTCTTTT
,TTTTGTTTG
,TTGTTACTCATTGTT
,TTGTTACACATTGTT
,TTGTTACACATTGTT
,ACAACTCAACA
,ATCATACTA
,CAGGTGGAC
,CGATGGTAGC
,GCTATATCG
,GTTTTATTC
,TACTAATCAT
,TTGTAGATGTT
,TTGTTACACATTGTT
,CAAACACAAAC
,TAATGAAAGTAAT
,TAATTTTAAT
,TAATTTTAAT
,TGATTTTAGT
,ATTATAATAATATTA
,TGTAACTTTTCTGAA
,CAAACACAAAC
,TAATTTTAAT
,TACTTTTCAT
,TCCTACCATCCT
,ATTATAATAATATTA
,TGTAACTTTTCTGAA
,ATTATAATAATATTA
,CTTTAATCAA
,GTATTTTAGT
,TAATGAAAGTAAT
,TAATTTTAAT
,TACTTTTCAT
,TGTAACTTTTCT
,AAGAGAGAA
,AGTGTAGAT
,TTATGGTAA
,TTCTTTCTT
,ATTCAAACTTA
,CAAACACAAAC
,TAATTTTAAT
,TTTTAATTTT
,AACTTATAA
,AACTTTCAA
,AAGGTTAAC
,AATCACTAA
,AATGAGTAA
,ACGCCATAC
,ACTACATCA
,ACTTCTTTTG
,ATAATATTA
,ATATGTATA
,ATATTCAAA
,ATATTTGTG
,ATGACAGTA
,ATGGTGGTC
,ATTATAATAATATTA
,ATTATAATT
,CATAATTTTG
,CGACTCAGC
,CTATTAATA
,CTGCACAAG
,CTTGGTCTA
,GATTATAAT
,GCGTATGCG
,GGTGGTAAA
,GGTGTTGTGG
,GGTGTTTAT
,GGTGTTTAT
,GTAATTTTAG
,GTGCTCGTG
,GTTAAGCAG
,GTTGTTGTTG
,TAATTCACT
,TAATTTTAAT
,TAATTTTGA
,TATTCTTCTA
,TATTTTTAT
,TGCGACAACA
,TGGATTACC
,TGGTTTTAA
,TGTTGTTGT
,TTAAATGGTG
,TTAATAATT
,TTAATACTA
,TTAATATTT
,TTATAATTT
,TTCAGACCA
,TTGTTACACATTGTT
,TTTAATTTT
,TTTATAATTT
,TTTCACTTT
,TTTCTCTTT
,TTTTAATTTT
,TTTTGAATG
,AATTTAATAAT
,ATTCAAACTTA
,CAAACACAAAC
,TTGTTACACATTGTT
,AACGTTTCTA
,ACACAAACTA
,ATTATAATAATATTA
,GTTACACATTG
,TAATTTTAAT
,TAGTGGTGAT
,TCAAACACAAACT
,TCTTCACTTCT
,TTAACCAATT
,TTATGCGTATT
,TTTGTTGTTT
,ACATTGTTACA
,TTGTTACACATTGTT
,AACTTGTTGTT
,CTTAACAATTC
,GTTACACATTG
,TGTTTACACAG
,TTAACAATT
,TTAACAATT
,TTATGAGTATT
,ATTGCGTTA
,CAGGAGGAC
,GGATTTAGG
,GTAAATTTA
,TAAATTTAAAT
,TAGTGGTAA
,TGATAATAGT
,TGGTTTTGGT
,TTAATAATT
,TTGTTTTTGTT
,TTTTGTTACACATTGTTTT
,AACTTATAA
,AACTTTCAA
,AAGGTTAAC
,AATCACTAA
,AATGAGTAA
,AATTTTGTA
,ACGCCATAC
,ACTACATCA
,ACTTCTTTTG
,ATAATATTA
,ATATGTATA
,ATATTCAAA
,ATGACAGTA
,ATGGTGGTC
,ATTATAATAATATTA
,ATTATAATT
,CATAATTTTG
,CGACTCAGC
,CTATTAATA
,CTGCACAAG
,CTTGGTCTA
,GATTATAAT
,GCGTATGCG
,GGTGGTAAA
,GGTGTTGTGG
,GTAATTTTAG
,GTGCTCGTG
,GTTAAGCAG
,GTTGTTGTTG
,TAATTCACT
,TAATTTTAAT
,TAATTTTGA
,TATTCTTCTA
,TATTTTTAT
,TGCGACAACA
,TGGATTACC
,TGGTTTTAA
,TGTTGTTGT
,TTAAATGGTG
,TTAATAATT
,TTAATACTA
,TTATAATTT
,TTCAGACCA
,TTGTTACACATTGTT
,TTTAATTTT
,TTTCACTTT
,TTTCTCTTT
,TTTGTATGAC
,TTTTAATTTT
,TTTTGAATG
,TAATTTTAAT
,ACAACTCAACA
,CAAACACAAAC
,GGAATTTAAGG
,GTCAATATAAT
,GTTACACATTG
,TAATTTTAAT
,TGTACTTTAA
,TTAACCAATT
,TTATGCGTATT
,TTATTTTATT
,ACGTAATGCA
,ATAATATTA
,ATAATATTA
,ATTATAATAATATTA
,ATTATAATATTA
,ATTATAATA
,CACTGTTTTT
,TAATAATTAT
,TAATGGTAAT
,TAATTTTAAT
,TATAATATTA
,TATTCGTATT
,TGTAACTTTTCT
,CAAACACAAAC
,TAATTTTAAT
,TTTTAATTTT
,TAATTTTAAT
,AGTGGTGATA
,ATTATAATAATATTA
,GGAATTTAAGG
,GTTACACATTG
,TAATTTTAAT
,TAGTGGTGAT
,TCAAACGCAAACT
,TTAACCAATT
,TTATGCGTATT
,TTTGTTGTTT
,GTTACCCATTG
,TTGTTACACATTGTT
,ATTATAATAATATTA
,TTGTTACACATTGTT
,AACTTATAA
,AATCACTAA
,ATAATATTA
,ATGACAGTA
,ATGGTGGTC
,ATTATAATAATATTA
,CGACTCAGC
,CTATTAATA
,CTGCACAAG
,CTTGGTCTA
,GTATTGTTG
,TATAGATAT
,TTAATAATT
,TTGTTACACATTGTT
,TTTCACTTT
,AATGAGTAA
,ACCAAACCA
,ACCATACCA
,ACTAAGAGT
,ACTATATCA
,AGTAGTGTT
,ATAATTCAC
,ATATGTATA
,ATATTTGTG
,ATGGTAATT
,ATTATAATAATATTA
,ATTGTTTTG
,CTTTAGTAG
,GAATTTAAG
,GACAATGTA
,GACCCCCAG
,GGTTATAAT
,GTAGTGTTC
,TAATTTTAAT
,TAATTTTAAT
,TAATTTTAAT
,TATTTTTAT
,TCACTGTAA
,TGAAAAATC
,TGTAACTTC
,TGTATTTTA
,TGTGGGTGT
,TGTTGTTGT
,TTACACATT
,TTATCGTGA
,TTCAAACTT
,TTGTCTGTT
,TTGTGATAA
,TTTAAATTT
,TTTCACTTT
,TTTGTGATA
,TTTTAGTGA
,TTTTATTTT
,TTTTGTTTT
,ATTATAATAATATTA
,TTGTTACACATTGTT
,TAATTTTAAT
,AATATTAGT
,AGAAGATAT
,TTGTGATAA
,ATTATAATAATATTA
,GGAATTTAAGG
,GTTACACATTG
,TAATTTTAAT
,TAGTGGTGAT
,TCAAACACAAACT
,TCTTCACTTCT
,TTAACCAATT
,TTATGCGTATT
,TTTGTTGTTT
,AACTTTCAA
,AAGCAGTTT
,AAGGTGTTTA
,AATAATTTC
,AATGAGTAA
,ACATATTGT
,ACTACTTTA
,ACTATATCA
,ACTTTGTTAA
,AGGATCTTAT
,AGTATTATGA
,ATATGTATA
,ATGTAACAA
,ATTATAATAATATTA
,ATTATAATT
,ATTATAATT
,ATTGAAAAA
,ATTTCACAT
,CAATATAAC
,CACAATTAT
,CACTGTTTTT
,CAGGTGGAC
,CATTACTGC
,CATTCTTAC
,CCGATAGCC
,CGTTAACTAA
,GAATTTAAG
,GATAAGTGT
,GTATGGATAA
,GTGGTGGTG
,GTTGTTGTTG
,TAATTTTAAT
,TAATTTTAA
,TAATTTTAGT
,TAATTTTGA
,TACTTTTCAT
,TATAATTTTA
,TATTATTAT
,TATTTTTAT
,TATTTTTAT
,TATTTTTAT
,TCAGTAATTC
,TGAAAAATC
,TGTATTTTA
,TGTTGGTGTT
,TGTTGTTGT
,TTAATAATT
,TTATGAAAG
,TTCTACTAAA
,TTGTCAGTTT
,TTGTCTGTT
,TTGTGATAA
,TTTACTAAT
,TTTACTAAT
,TTTCACTTT
,TTTGTGATA
,TTTTAGTGA
,TTTTAGTGGT
,TTTTTGTGG
,CAAACACAAAC
,TAATTTTAAT
,TACTTTTCAT
,TCCTACCATCCT
,AGTATTATGA
,AGTTTAATTT
,ATTATAATAATATTA
,CACTGTTTTT
,CGAATTAAGC
,GGCATTCTTA
,GTAGAAGATG
,GTATGGATAA
,GTTGTTGTTG
,GTTTAATTTG
,TACTTTTCAT
,TATTTTTAT
,TATTTTTAT
,TATTTTTAT
,TCTCTTCTCT
,TGTAACTTTTCTGAA
,TTAAGCACGAATT
,TTAATTCTGG
,TTCTAGAAAT
,TTGTCAGTTT
,TTTATAATTTAAC
,TTTTAATTTT
,ATTATAATAATATTA
,TTGTTACACATTGTT
,CAAACACAAAC
,TAATTTTAAT
,TACTTTTCAT
,CCATGACAGTACC
,CTAAATTTAAATC
,GATTTTTGT
,TGTTTTTAG
,TTTGTTACGCATTGTTT
,TAATTTTAAT
,TTGTTACACATTGTT
,CAAACACAAAC
,TAATTTTAAT
,TTTTAATTTT
,TTGTTACACATTGTT
,ATTATAATAATATTA
,TGTAACTTTTCTGAA
,AGTGGTTAT
,ATAATATGAC
,ATAATATGA
,ATGTTGGTG
,ATTAGATTA
,ATTATAATAATATTA
,ATTTTAGTG
,CAACCCTTG
,CAGATTTTA
,GTGGTGGAC
,GTTTTATAAC
,GTTTTATTA
,TAATAATAT
,TAATTTTAAT
,TATTAACAT
,TATTATTAAT
,TATTCGTATT
,TGGATAGGT
,TTCACCAAG
,TTGTTACACATTGTT
,TTGTTTTAT
,TTTAATTTT
,TTTGTTTGAC
,TTTTAATTTT
,TTTTCTTTT
,TTTTGTTTG
,AGTATTATGA
,ATTATAATAATATTA
,CACTGTTTTT
,TAATTTTAAT
,TACTTTTCAT
,TGTAACTTTTCTGAA
,TGTATTTTAA
,CAAACACAAAC
,TAATTTTAAT
,TACTTTTCAT
,TCCTACCATCCT
,ATTCAAACTTA
,CAAACACAAAC
,TAATTTTAAT
,TTTTAATTTT
,TAATGAAAGTAAT
,TAATTTTAAT
,AAGGTGTTTA
,ACTTCAGCAG
,ACTTTGTTAA
,ATTATAATAATATTA
,ATTATAATT
,ATTATAATT
,ATTCTACTAA
,CGTTAACTAA
,GTATGGATAA
,GTTGTTGTTG
,TAATTTTAAT
,TAATTTTAGT
,TACTTTTCAT
,TATTTTTAT
,TATTTTTAT
,TATTTTTAT
,TCAGTAATTC
,TGTAACTTTTCTGAA
,TGTTGGTGTT
,TTCTACTAAA
,TTGTCAGTTT
,TTTACTAAT
,TTTACTAAT
,TTTATAATTT
,TTTTAGTGGT
,TAATTTTAAT
,TACAACTCAACAT
,ACACACACA
,TAATGAAAGTAAT
,TCTTAATTT
,TTTACATTT
,TTTGTTGTTT
,TTGTTACTCATTGTT
,TAATTTTAAT
,TAATTTTAAT
,TTGTTACACATTGTT
,TAATTTTAAT
,TACTTTTCAT
,TTGTTACACATTGTT
,AACAAAACT
,AATTCTGGT
,ATAATATTA
,ATTATAATAATATTA
,ATTATAATATTA
,ATTATAATA
,CAGGTGGAC
,CATTCTTAC
,GAATTTAAG
,GGACTTATC
,GTTTTATAA
,TAATATTAT
,TGTATTTTA
,TGTCACTGT
,TTGTTTTTA
,TTTCACTTT
,ATTATAATAATATTA
,GGAATTTAAGG
,GTTACACATTG
,TCAAACACAAACT
,TCTTCACTTCT
,TTATGCGTATT
,CAAACACAAAC
,TAATTTTAAT
,TTTTAATTTT
,AACGTGGTGCAA
,TTGTTACACATTGTT
,ACGTAATGCA
,ATAATATTA
,ATAATATTA
,ATTATAATAATATTA
,ATTATAATATTA
,ATTATAATA
,CACTGTTTTT
,TAACACAACT
,TAATAATTAT
,TAATGGTAAT
,TAATTTTAAT
,TATAATATTA
,TTAAATGGTG
,AAACGCAAA
,AAAGATGTT
,AAATGGACA
,AAATTATGA
,AAGACCAGAA
,AAGGTGGAA
,AATTGTTGT
,AATTTAAAT
,ACATTATTTT
,ACCATACCA
,ACCCATTAT
,ACTTATTTA
,AGTTTTTGA
,ATTCCTATT
,ATTGTGTTA
,CAGGAGGAC
,CATTATTAC
,CCAGTTAGT
,CTATTTTTA
,GAAGTTAAT
,GACATTATT
,GATGGTGATT
,GGTGTGTAT
,GTAAATTTA
,GTGGTTTTA
,GTTATAGTA
,GTTATAGTA
,GTTGTACTT
,GTTGTTGTTG
,TAAATGTTA
,TAAATGTTA
,TAAGAATTTT
,TAATTTTAAT
,TAGTGGTAA
,TAGTGGTGAT
,TATTTTTAT
,TATTTTTAT
,TATTTTTAT
,TCATGTACT
,TGATAATAGT
,TGCAGTGGT
,TGGTTTTGGT
,TGTTGTTGTT
,TGTTGTTGT
,TGTTGTTGT
,TGTTTTAAA
,TGTTTTAAA
,TTAACAATT
,TTAAGTAGT
,TTATTTATT
,TTTAAATGGT
,TTTAATAAA
,TTTAATTTT
,TTTATTAAA
,TTTATTAAA
,TTTCACTTT
,TTTGATTCA
,TTTTAATAA
,TTTTAATTTT
,TTTTGGTGTA
,TTTTGTTACACATTGTTTT
,AACTTTCAA
,AAGGTGTTTA
,AATGAGTAA
,ACATATTGT
,ACTATATCA
,ACTTTGTTAA
,AGAAGATAT
,AGGATCTTAT
,AGTACTTTT
,ATATGTATA
,ATGTAACAA
,ATTATAATAATATTA
,ATTATAATT
,ATTATAATT
,ATTATGTGT
,ATTCTACTAA
,ATTCTGCCA
,CAATATAAC
,CACAATTAT
,CACTGTTTTT
,CAGGTGGAC
,CATTACTGC
,CATTCTTAC
,CGTTAACTAA
,GAATTTAAG
,GGTCACAAT
,GGTGAATTA
,GTATGGATAA
,GTGGTGGTG
,GTTGTTGTTG
,TAATTTTAAT
,TAATTTTAGT
,TACTAATTA
,TACTTTTCAT
,TATTATTAT
,TATTTTTAT
,TATTTTTAT
,TATTTTTAT
,TCAGTAATTC
,TGAAAAATC
,TGTTGGTGTT
,TGTTGTTGT
,TGTTTTTGT
,TTATACTAGT
,TTCTACTAAA
,TTGTCAGTTT
,TTGTCTGTT
,TTGTGATAA
,TTTACTAAT
,TTTACTAAT
,TTTATAATTT
,TTTCACTTT
,TTTCTCTTT
,TTTGTGATA
,TTTTAGTGA
,TTTTTGTGG
,GGTCAACTGG
,TAATAATTAT
,TAATTTTAAT
,TTGTGTTCAC
,ATTATAATAATATTA
,CACTGTTTTT
,TAATTTTAAT
,TACTTTTCAT
,TGTAACTTTTCT
,TTATACTAGT
,ATTATAATAATATTA
,TGTAACTTTTCT
,ATTATAATAATATTA
,TTGTTACACATTGTT
,AAAAGAACT
,AACAGTTTC
,AAGTGCTAT
,AATCACTAA
,AATGAGTAA
,ACATTAACT
,ACCATACCA
,ACTACATCA
,AGTAGTTTT
,AGTGTTTGT
,ATATGTATA
,ATGTTGGTG
,ATGTTGGTG
,CAACACAAC
,CTCATAACT
,GGTGGTAAA
,GTCAATACT
,GTCAATGGT
,GTGAAAGTA
,GTGCTCGTG
,GTGGTGGAC
,TAATGAAAG
,TAATTATTT
,TAGTTTTAG
,TATATGTAT
,TATTTTTAT
,TGTTGGTCA
,TGTTGTTGT
,TTAATAATT
,TTATAATTT
,TTATCGTGA
,TTCTGTCTT
,TTGACAGTT
,TTGTTACACATTGTT
,TTTAAATTT
,TTTATCGTG
,TTTCTCTTT
,TTTTATTTT
,AAAAGAACT
,AAATGGTGAT
,AATTTTAGTG
,AATTTTAGT
,ACATAATTT
,ACCACACCA
,ACCATACCA
,ACCATCAGGT
,ACTATATCA
,AGACATTGT
,AGTATTCAA
,AGTCTTTGT
,ATAATATTA
,ATAATTTTA
,ATATGTATA
,ATTATAATAATATTA
,ATTCGTATTG
,ATTTATTTT
,CATATCGTGGTC
,CATCACTAC
,CCATACCACA
,CTGGTGCTATAC
,CTTAGTAAT
,GACATTGTA
,GGTGGTAAA
,GTAATTTTAG
,GTGTAGTAA
,GTTAAAAAA
,GTTGTTGTTG
,TAATTCACT
,TAATTCAGG
,TAATTTTAG
,TACTTTTCAT
,TAGTTGTGTTGAT
,TATCGTGGT
,TATTCAAACTTAT
,TATTCTTCT
,TATTTTTAT
,TGTTGGTCA
,TGTTGTTGT
,TTAAATGGTG
,TTCAGTTTCA
,TTTATAATTT
,TTTATATTT
,TTTATTTAAA
,TTTGGGTTT
,TTTGTATGA
,TTTGTTACACATTGTTT
,TTTTAATAT
,TTTTAGTGGT
,CAAACACAAAC
,TAATTTTAAT
,TACTTTTCAT
,AAAGTATCAT
,AAAGTTAAA
,AATGGTGTT
,AATTTTATA
,ACCATACCA
,ACTCAAATA
,AGGCGTTTG
,AGGTTGTTT
,AGTGAGAGTGA
,ATGGTAATGGTA
,ATGGTAATGGT
,ATGGTGATG
,ATGTCACTGTA
,ATGTTTATA
,ATTATTAAT
,ATTGCCAAAA
,ATTTATTTA
,ATTTTTTGT
,CAACTCAAC
,CACGTGTGCAC
,CATAATTAT
,CCTACTTTTA
,CGGTATGGC
,CGTGTGCACT
,CTAACTCAATC
,CTCTTCTAC
,CTGACCAGTC
,GAGTTTGAG
,GATTCTCTTAG
,GCAATAATG
,GGCGTTTGG
,GGCTTTAAT
,GGTGTTGTTG
,GGTTTTGAT
,GTACTTTTTG
,GTATTGACATT
,GTATTTATG
,GTCAATGGT
,GTTATATTG
,GTTGTTGTTG
,GTTTTAATC
,TAAATTTTA
,TAATAATGT
,TAATGGTGTT
,TACAATAACAT
,TACTTTTTG
,TAGGTGTTGTTG
,TAGTTTTGG
,TATGGTAAT
,TCTTGCACT
,TGAACCCAAGT
,TGAATAAGT
,TGCAGACGT
,TGGTAATGGT
,TGGTGTTGT
,TGTAATAATGT
,TGTCCCTGT
,TGTTGTTGT
,TGTTTCAAC
,TTAAATTTT
,TTATGTATT
,TTGATTTTAGTT
,TTGGATCATTTT
,TTGTATGTT
,TTTAAATTT
,TTTCTTATA
,TTTTAACAC
,TTTTAATTT
,TTTTGGTGG
,TTGTTACACATTGTT
,ATAATAATA
,ATATTGGTTATA
,ATTATAATAATATTA
,CAAACACAAAC
,CAATATAAC
,CAGGTGGAC
,CATTCTTAC
,GAATTTAAG
,GTGGTGGTG
,TACATTTACAT
,TGTAACTTT
,TGTATTTTA
,TTAACAATT
,TTATAATAATA
,TTATAGTAA
,TTTCACTTT
,TTTGTTACACATTGTTT
,TTTTAGTGA
,TTGTTACACATTGTT
,CAAACACAAAC
,TAATTTTAAT
,TACTTTTCAT
,TCCTACCATCCT
,ATTCAAACTTA
,CAAACACAAAC
,TAATTTTAAT
,TTTTAATTTT
,ATAAAAATA
,ATCTGTCTA
,CCATGACAGTACC
,CTAAATTTAAATC
,GATTTTTGT
,TAACGCAAT
,TAACTCAAT
,TATTCGTAT
,TCTACATCT
,TGTAACTTC
,TTTCACTTT
,TTTGTTACGCATTGTTT
,TTTTCACTT
,TTTTGTTTT
,TTTTTAATG
,ATTATAATAATATTA
,TGTAACTTTTCTGAA
,AGTATTATGA
,ATTATAATAATATTA
,TAATTTTAAT
,TACTTTTCAT
,TGTAACTTTTCTGAA
,TTATACTAGT
,CCATGACAGTACC
,CTAAATTTAAATC
,TTTGTTACGCATTGTTT
,AGTGGTTAT
,ATAATATGAC
,ATAATATGA
,ATGTTGGTG
,ATTAGATTA
,ATTATAATAATATTA
,ATTTTAGTG
,CAACCCTTG
,CAGATTTTA
,CTTGGTCAA
,GTGGTGGAC
,GTTTTATAAC
,GTTTTATTA
,TAATAATAT
,TAATTTTAAT
,TATTAACAT
,TATTATTAAT
,TATTCGTATT
,TGGATAGGT
,TTCACCAAG
,TTGTTACACATTGTT
,TTGTTTTAT
,TTTAATTTT
,TTTGTTTGAC
,TTTTAATTTT
,TTTTCTTTT
,TTTTGTTTG
,TAATTTTAAT
,AAGTAATGC
,AATGGTGAT
,AGTATTATGA
,ATTATAATAATATTA
,CACTGTTTTT
,CAGGTGGAC
,GAATTTAAG
,GTGACAATT
,GTGGTGGTG
,TAATCATACTAAT
,TAATTTTAAT
,TAATTTTAA
,TACTAATCAT
,TACTTTTCAT
,TGTAACTTTTCTGAA
,TGTATTTTAA
,TGTATTTTA
,TGTTTTTGT
,TTCATACTT
,TTTCACTTT
,TTTTAGTGA
,ATTATAATAATATTA
,TGTAACTTTTCT
,AGTGGTTAT
,ATAATATGAC
,ATAATATGA
,ATTAGATTA
,ATTATAATAATATTA
,ATTTTAGTG
,CAACCCTTG
,CAGATTTTA
,GTGGTGGAC
,GTTTTATAAC
,GTTTTATTA
,TAATAATAT
,TAATTTTAAT
,TATTAACAT
,TATTATTAAT
,TATTCGTATT
,TGGATAGGT
,TTCACCAAG
,TTGTTACACATTGTT
,TTGTTTTAT
,TTTAATTTT
,TTTGTTTGAC
,TTTTAATTTT
,TTTTCTTTT
,TTTTGTTTG
,TAATTTTAAT
,AAGGTGTTTA
,ACTTTGTTAA
,ATTATAATAATATTA
,ATTATAATT
,ATTATAATT
,ATTCTACTAA
,CACTGTTTTT
,CGTTAACTAA
,GTATGGATAA
,GTTGTTGTTG
,TAATTTTAAT
,TACTTTTCAT
,TATAATTTTA
,TATTTTTAT
,TATTTTTAT
,TATTTTTAT
,TCAGTAATTC
,TGGTAATATA
,TGTAACTTTTCTGAA
,TTCTACTAAA
,TTGTCAGTTT
,TTTACTAAT
,TTTACTAAT
,TTTTAGTGGT
,CAAACACAAAC
,TAATTTTAAT
,TTTTAATTTT
,CTAAATTTAAATC
,TTTGTTACGCATTGTTT
,TTGTTACACATTGTT
,ATCAAAGTGCT
,ATTATAATAATATTA
,CAAACACAAAC
,GCAGGTGGACG
,TATAACTCAATAT
,TCTTTCCTTTCT
,TGGCACATACACGGT
,TTGTTTGCACT
,TTTGTTACACATTGTTT
,TAATTTTAAT
,TTTTAATTTT
,AACTTATAA
,ACAATTTAACA
,ACGGTTGGCA
,ATAACTCAATA
,ATAATATTA
,ATGACAGTA
,ATGGTGGTC
,ATTATAATAATATTA
,ATTCAAACTTA
,CAAACACAAAC
,CGACTCAGC
,CTATTAATA
,GCGTATGCG
,TAATTTTAAT
,TACAATTTAA
,TGGTTTGGT
,TTAAATGGTG
,TTAATAATT
,TTAATACTA
,TTGTTACACATTGTT
,TTTCACTTT
,TTTTAATTTT
,AAAATTAAT
,AAACTGGTT
,AACTTTCAA
,AAGTTTTGAA
,AATGAGTAA
,AATTCTCTTAA
,ACATATTGT
,ACTATATCA
,ACTTATACT
,AGAAGATAT
,AGGATGTTA
,AGTTTTAATTT
,ATAATAATA
,ATATAATATA
,ATATAATGGT
,ATATGTATA
,ATCGCTTCA
,ATTATAATAATATTA
,ATTATAATT
,ATTGTTTTG
,ATTTATTGT
,CAAACACAAAC
,CAAACTATT
,CACAATTAT
,CAGCAGTTT
,CAGTGTTTG
,CATTACTGC
,CCACCTATCCACC
,CTAAATTTAAATC
,CTATTAATA
,CTTGTGGTT
,CTTTTTAAT
,GAATTTAAG
,GTAATTCTG
,GTAGAAGATG
,GTAGGTGTT
,GTAGTTTTA
,GTATGGATAA
,GTCAATGGT
,GTGATGACA
,GTTGGTGTT
,GTTGTTGTTG
,GTTTTAGAC
,TAATTTTAAT
,TACTTTTCAT
,TAGGTATGGAT
,TATCCATGACA
,TATTATTAT
,TATTCGTATT
,TATTTTTAT
,TATTTTTAT
,TATTTTTAT
,TCAGTAATTC
,TGGTAATATA
,TGTAAAGGTG
,TGTATTTTAA
,TGTTGTTGT
,TTAACAATT
,TTATAATAATA
,TTATAATTTTA
,TTCTACTAAT
,TTCTACTAA
,TTTATAATTT
,TTTCTCTTT
,TTTGTTACACATTGTTT
,TTTTAATTTT
,TTTTAATTT
,TTTTAGTGGT
,TTTTTAATT
,AATGGTGAT
,ATTATAATAATATTA
,CAATATAAC
,CATTCTTAC
,GAATTTAAG
,GTAGTGGTGATG
,GTGTTCTGT
,TGTAACTTC
,TGTATTTTA
,TGTGGGTGT
,TGTTTTTGT
,TTAACAATT
,TTCTGGTAT
,TTTGTTACACATTGTTT
,TTTTAGTGA
,TTTTATTTT
,CAAACACAAAC
,TACTTTTCAT
,CAAACACAAAC
,TACTTTTCAT
,AAACAACAACAAA
,ATTAAATGGT
,TAATAATTCT
,TAATTTTAAT
,TATTCGTATTG
,TCTGTATATTT
,TTAAATGGTG
,TTATGTGTATT
,TTTTAATTTT
,TTTTACAGAT
,AACTTATAA
,AACTTTCAA
,AAGGTTAAC
,AATCACTAA
,AATGAGTAA
,ACGCCATAC
,ACTACATCA
,ATAATATTA
,ATATGTATA
,ATATTCAAA
,ATGACAGTA
,ATGGTGGTC
,ATTATAATAATATTA
,CGACAATAT
,CGACTCAGC
,CTATTAATA
,CTGCACAAG
,CTTGGTCTA
,GGTGGTAAA
,GTATTGTTG
,GTGCTCGTG
,GTTAAGCAG
,GTTAGGTCT
,TAATTCACT
,TATAAATAT
,TATTTTTAT
,TGGTTTTAA
,TGTTGTTGT
,TTAATAATT
,TTATAATTT
,TTGTTACACATTGTT
,TTTAATTTT
,TTTCACTTT
,TTTTGAATG
,AAACAACAACAAA
,ATTAAATGGT
,TAATAATTCT
,TAATTTTAAT
,TATTCGTATTG
,TCTGTATATTT
,TTAAATGGTG
,TTATGTGTATT
,TTTTAATTTT
,TTTTACAGAT
,AACTTATAA
,AATCACTAA
,ATAATATTA
,ATGACAGTA
,ATGGTGGTC
,ATTATAATAATATTA
,CGACTCAGC
,CTATTAATA
,CTGCACAAG
,CTTGGTCTA
,GCGTATGCG
,TACAAACAT
,TTAATAATT
,TTAATACTA
,TTAATATTT
,TTGTTACACATTGTT
,TTTCACTTT
,CCATGACAGTACC
,CTAAATTTAAATC
,TTTGTTACGCATTGTTT
,AGTATTATGA
,ATATAATATA
,ATTATAACAATATTA
,GTCCGATAGCCTG
,TAATTTTAAT
,TACTTTTCAT
,TTATACTAGT
,TTGTTACACATTGTT
,ATTATAATAATATTA
,TGTAACTTTTCT
,ATTATAATAATATTA
,CACTGTTTTT
,TAATTTTAAT
,TACTTTTCAT
,TGTAACTTTTCTGAA
,TTATACTAGT
,CAAACACAAAC
,TAATTTTAAT
,AACTTGTTG
,ACAACCAAT
,ACCAAGAGT
,AGGTGTAAG
,ATAATTTTT
,ATCTGTCTA
,CATTCTTAC
,CCATGACAGTACC
,CTAAGAATC
,TCTAACGAA
,TGGACAGTT
,TGTAACTTC
,TTTCACTTT
,TTTTCACTT
,TTTTTAATA
,TAATTTTAAT
,CAAACACAAAC
,TAATTTTAAT
,CAAACACAAAC
,TAATTTTAAT
,TACTTTTCAT
,TTTGTTACACATTGTTT
,TAATTTTAAT
,TTGTTACACATTGTT
,ATTATAATAATATTA
,GTTACACATTG
,GTTTGTTGTTTG
,TCAAACACAAACT
,TCTTCACTTCT
,TTATGCGTATT
,TAATTTTAAT
,TTACTAATCATT
,CAAACACAAAC
,TAATTTTAAT
,TACTTTTCAT
,TAGTGGTGAT
,AGTATTATGA
,ATTATAATAATATTA
,CAATATAAC
,CACTGTTTTT
,CAGGTGGAC
,CATTCTTAC
,CCGATAGCC
,GAATTTAAG
,GATTTTATC
,GTGGTGGTG
,TAACGCAAT
,TAATTTTAAT
,TAATTTTAA
,TACTTTTCAT
,TGTATTTTA
,TGTTTTTGT
,TTTCACTTT
,TTTTAGTGA
,AACTTATAA
,AATCACTAA
,ATAATATTA
,ATGACAGTA
,ATGGTGGTC
,ATTATAATAATATTA
,CGACTCAGC
,CTATTAATA
,CTGCACAAG
,CTTGGTCTA
,GCGTATGCG
,TTAATAATT
,TTAATACTA
,TTAATATTT
,TTGTTACACATTGTT
,TTTCACTTT
,AAGTTTGAA
,AATCAAAGT
,AGCCACCGA
,ATAATATTA
,ATAATATTA
,ATAGTAGTG
,ATGTCGGGG
,ATTATAATAATATTA
,ATTTGGTTG
,CAGGTGGAC
,CTAAGACAC
,GAATTTAAG
,GGTGATGTTC
,TAATAATTAT
,TAATATTAT
,TAATTTTAAT
,TAATTTTAA
,TACTTTTCAT
,TATAATATTA
,TATTCGTATT
,TCTATATCT
,TGGTTGATT
,TGTAACTTTTCT
,TGTAAGTTT
,TTATAATATT
,TTTAACCAATTT
,TTTGTTGTTT
,TAATTTTAAT
,ATTATAATAATATTA
,GGAATTTAAGG
,GTTACACATTG
,TAATTTTAAT
,TAGTGGTGAT
,TCAAACACAAACT
,TTAACCAATT
,TTATGCGTATT
,TTTGTTGTTT
,CAAACACAAAC
,TAATTTTAAT
,TACTTTTCAT
,CTAAATTTAAATC
,TTGTTACGCATTGTT
,AAAATGGTG
,AAAGTTGTTT
,AAATGGTGT
,AATACTGGC
,AATAGTGTT
,AATAGTTTT
,AATGAGTAA
,AATGGTGTAG
,AATTCTTAA
,AATTTTTAA
,ACATATTTGT
,ACCAATTTT
,ACCATACCA
,ACTACATCA
,AGTACTTCT
,AGTGTTTGT
,AGTTTTAGA
,ATAATAATA
,ATAATAATA
,ATAATAATA
,ATAATAATA
,ATAATTTCA
,ATATGTATA
,ATCAGACTA
,ATCATACTT
,ATTATAATAATATTA
,ATTTCACAT
,CACAAACTA
,CAGTAGTAA
,CATTCTTAC
,CCTTATTCC
,CTATTATTAC
,CTTGTTGTT
,GACATTACAG
,GTAAATGTT
,GTAGTTTTAG
,GTGGAGCTT
,GTGTTCATA
,GTGTTTGTT
,GTTGTTGTTG
,GTTTTAGAC
,TAACCAATT
,TAATTTTAAT
,TACAGACGT
,TAGTGGTGAT
,TATATGTAT
,TATGGATAA
,TATTCATTT
,TATTCTTAT
,TATTTTTAT
,TCAAGGTAT
,TGAAAAATC
,TGTTGTTGT
,TTAACCAATT
,TTACAGAGA
,TTATAATTT
,TTATTGAAGA
,TTCTCTCTT
,TTGTCTGTT
,TTTAGACCA
,TTTATAATTT
,TTTATCGTG
,TTTCAGATGG
,TTTGTATGA
,TTTGTGATA
,TTTGTTGTTT
,TTTTCAAGG
,TAATTTTAAT
,AACTAATCAA
,ACAATCTAACA
,GTTACACATTG
,TAATTTTAAT
,CAAACACAAAC
,TAATTTTAAT
,TCCTACCATCCT
,TAATTTTAAT
,AAAAGAACT
,AAACTGGTT
,AAAGTAATT
,AATTTATATG
,ACCATACCA
,ACTACATCA
,ACTTATATTA
,AGTAGTTTT
,AGTGTTTGT
,ATATGTATA
,ATGTTGGTG
,ATTAAGATC
,ATTCTTCTA
,CAACACAAC
,CTTCTTATA
,GATGTTGTAG
,GATTATAAT
,GCAGTAGTT
,GGTGGTAAA
,GTAGTTTTAG
,GTCAATACT
,GTCAATGGT
,GTGAAAGTA
,GTGCTCGTG
,GTGGTGGAC
,GTTGTTGTTG
,TAATGAAAG
,TAATTTTAAT
,TACTTCTTGT
,TAGTTTTAG
,TATATGTAT
,TATTTTTAT
,TCTGTTAAT
,TGGTTTTAA
,TGTAAAGGT
,TGTTGGTCA
,TGTTGTTGT
,TTAAATGGTG
,TTATCGTGA
,TTATTGAAG
,TTCTGTCTT
,TTGACAGTT
,TTGCCCTTA
,TTGTTTTCAC
,TTTATCGTG
,TTTGTTACACATTGTTT
,TTTTAATTTT
,TTTTATTTT
,TTGTTACACATTGTT
,TAATTTTAAT
,TTGTTACACATTGTT
,TTGTTACACATTGTT
,ACATTGTTACA
,TACAAAAACAT
,TTGTTACACATTGTT
,AAACGCAAA
,AAAGATGTT
,AAATGGACA
,AAATTATGA
,AAGACCAGAA
,AAGGTGGAA
,AATTGTTGT
,AATTTAAAT
,ACATTATTTT
,ACCATACCA
,ACCCATTAT
,ACTTATTTA
,AGTTTTTGA
,ATTCCTATT
,ATTGCGTTA
,CATTATTAC
,CCAGTTAGT
,CTATTTTTA
,GAAGTTAAT
,GACATTATT
,GATGGTGATT
,GGTGTGTAT
,GTAAATTTA
,GTGGTTTTA
,GTTATAGTA
,GTTATAGTA
,GTTGTACTT
,GTTGTTGTTG
,TAAATGTTA
,TAAATGTTA
,TAAGAATTTT
,TAATTTTAAT
,TAGTGGTAA
,TAGTGGTGAT
,TATTTTTAT
,TATTTTTAT
,TATTTTTAT
,TCATGTACT
,TGATAATAGT
,TGCAGTGGT
,TGGTTTTGGT
,TGTTGTTGTT
,TGTTGTTGT
,TGTTGTTGT
,TGTTTTAAA
,TGTTTTAAA
,TTAACAATT
,TTAAGTAGT
,TTATTTATT
,TTTAAATGGT
,TTTAATAAA
,TTTAATTTT
,TTTATTAAA
,TTTATTAAA
,TTTCACTTT
,TTTGATTCA
,TTTTAATAA
,TTTTAATTTT
,TTTTGGTGTA
,TTTTGTTACACATTGTTTT
,ATAATATTAA
,ATTATAATAATATTA
,TAATTTTAAT
,TAGACCACCAGAT
,TTCTTTTCTT
,TTGTTACGCATTGTT
,TTTTAATTTT
,AACTGTCAA
,AAGGTGTTTA
,AATGAGTAA
,ACATATTGT
,ACTACTTTA
,ACTATATCA
,ACTGTTTCT
,ACTTATATTA
,ACTTTGTTAA
,AGAAGATAT
,AGTATTATGA
,AGTGGTCAT
,ATATGTATA
,ATGTAACAA
,ATTATAATAATATTA
,ATTGTAATT
,CACAATTAT
,CAGGTGGAC
,CATTACTGC
,CATTCTTAC
,CCGATAGCC
,CGTTAACTAA
,GAATTTAAG
,GGTTATAAT
,GTAAATTATA
,GTATGGATAA
,GTGGTGGTG
,GTTGTTGTTG
,TAATGAAAGTAAT
,TAATTTTAAT
,TAATTTTAA
,TAATTTTAGT
,TAATTTTGA
,TACTAATTA
,TACTTTTCAT
,TATTCTTCTA
,TATTTTATTTTAT
,TATTTTTAT
,TCAGTAATTC
,TGAAAAATC
,TGTATTTTA
,TGTTGAGTA
,TGTTGGTCA
,TGTTGGTGTT
,TGTTGTTGT
,TTGTCAGTTT
,TTGTCTGTT
,TTGTGATAA
,TTTACTAAT
,TTTACTAAT
,TTTCACTTT
,TTTGTGATA
,TTTTAGTGGT
,TTTTTGTGG
,CAAACACAAAC
,TAATTTTAAT
,TACTTTTCAT
,TCCTACCATCCT
,TGTATTATGT
,AACTTTTCAA
,CAAACACAAAC
,TAATTTTAAT
,CAAACACAAAC
,TAATTTTAAT
,TACTTTTCAT
,TCCTACCATCCT
,TAATTTTAAT
,CAAACACAAAC
,TAATTTTAAT
,TACTTTTCAT
,TCCTACCATCCT
,TTGTTACTCATTGTT
,ATTATAATAATATTA
,TGTAACTTTTCTGAA
,TGTAACTTTTCT
,TTGTTACACATTGTT
,CAAACACAAAC
,TAATTTTAAT
,TACTTTTCAT
,AATGGTGAT
,ATTATAATAATATTA
,ATTATAATT
,CAATATAAC
,CAGGTGGAC
,CATTCTTAC
,GAATTTAAG
,GTGGTGGTG
,TAACGCAAT
,TAATTTTAA
,TGTATTTTA
,TGTTTTTGT
,TTAACAACT
,TTAAGCACGAATT
,TTTCACTTT
,TTTTAGTGA
,CAAACACAAAC
,TAATTTTAAT
,TTTTAATTTT
,GTAATGAAAGTAATG
,TAATTTTAAT
,TTGTTACTCATTGTT
,AAGGTGTTTA
,ACTTTGTTAA
,AGGATCTTAT
,AGTATTATGA
,ATTATAATAATATTA
,ATTATAATT
,ATTATAATT
,ATTTTAATTT
,CACTGTTTTT
,CGTTAACTAA
,GTATGGATAA
,GTTGTTGTTG
,TAATTTTAAT
,TAATTTTAGT
,TACTTTTCAT
,TATTTTTAT
,TATTTTTAT
,TATTTTTAT
,TCAGTAATTC
,TGTTGGTGTT
,TTCTACTAAA
,TTTACTAAT
,TTTACTAAT
,TTTATAATTT
,TTTTAATTTT
,TTTTAGTGGT
,ACAACTCAACA
,ATCATACTA
,CAGGTGGAC
,CGATGGTAGC
,GCTATATCG
,GTTTTATTC
,TACTAATCAT
,TTGTAGATGTT
,AGTATTATGA
,ATTATAATAATATTA
,CACTGTTTTT
,TAATTTTAAT
,TACTTTTCAT
,TTGTTACACATTGTT
,TAATTTTAAT
,AACATGTTG
,AACTTATAA
,AACTTTCAA
,AAGGTTAAC
,AATCACTAA
,AATGAGTAA
,ACGCCATAC
,ACTACATCA
,ATAATATTA
,ATATGTATA
,ATATTCAAA
,ATGACAGTA
,ATGGTGGTC
,ATTATAATAATATTA
,CATAATTTTG
,CGACAATAT
,CGACTCAGC
,CTATTAATA
,CTGCACAAG
,CTTGGTCTA
,GATCATAATT
,GCGTATGCG
,GGTGGTAAA
,GTAATTTTAG
,GTGCTCGTG
,GTTAAGCAG
,GTTGTTGTTG
,TAATTCACT
,TAATTTTAAT
,TAATTTTGA
,TATTATTCAT
,TATTCTTCTA
,TATTTTTAT
,TGGTTTTAA
,TGTTGTTGT
,TTAAATGGTG
,TTAATAATT
,TTAATACTA
,TTAATATTT
,TTATAATTT
,TTCAGACCA
,TTGTTACACATTGTT
,TTTAATTTT
,TTTATAATTT
,TTTCACTTT
,TTTGTATGAC
,TTTTAATTTT
,TTTTGAATG
,CAAACACAAAC
,TAATTTTAAT
,TACTTTTCAT
,TCCTACCATCCT
,ACAACAACA
,ACAACAACA
,CAAACGCAAAC
,TATAATAATAT
,TCAACACAACT
,AATTATAAT
,ACAACAACA
,ACATATACA
,ATAATATTAA
,ATTATAATAATATTA
,CAGGTGGAC
,CGACGCAGC
,GGGTGTAAG
,GTTATATTG
,GTTTTATTC
,TAAGTTTTA
,TAATTTTAAT
,TAGACCACCAGAT
,TATAGGTGG
,TATGAGTTG
,TGTAAGTTT
,TTCTTTTCTT
,TTGTTACGCATTGTT
,TTTTAATTTT
,ATGTTGGTG
,ATGTTGGTG
,TTGTTACACATTGTT
,ACATTGTTACA
,TTGTTACACATTGTT
,ATCAAACTA
,ATTTATAAT
,CTGCTGGTT
,GATTGTTTT
,GGTCACTGG
,GTATATATG
,GTATTTATA
,TAGTAATGT
,TATAAATAT
,TATAGATAT
,TGGTTTGGT
,TGTTGTTGT
,TTAATAATT
,TTGTAATTT
,TTGTTGTTT
,CAAACACAAAC
,TAATTTTAAT
,TTTTAATTTT
,CAAACACAAAC
,TAATTTTAAT
,TACTTTTCAT
,AACTTGTTG
,AGTTATCTA
,ATAATAATA
,ATCTGTCTA
,CAATGCAGG
,CATTCTTAC
,CCATGACAGTACC
,GAGGTGGAG
,GATAATAAT
,TAACGCAAT
,TAACTCAAT
,TATTCGTAT
,TATTCTTAT
,TCTACATCT
,TGTAACTTC
,TGTAAGTTT
,TTACTAATCATT
,TTTTGTTTT
,TTTTTAATG
,ATCACACTA
,CAAACACAAAC
,GTGGTGGTG
,TAATTTTAAT
,TACTTTTCAT
,TTTCACTTT
,CTAAATTTAAATC
,TTGTTACACATTGTT
,AACGGCGAT
,AGCGAGCGA
,AGTGCGTGA
,CGTGCGTGC
,CTGCTGCTA
,GCGGCGGCG
,GCGTATGCG
,GTGTATGTG
,GTGTATTTT
,GTGTTTGTG
,GTGTTTGTG
,GTGTTTGTG
,GTTTGTGTA
,TAGCGCGAT
,TATGCGTAT
,TATGTGTAT
,TATTATTAT
,TGTATTTTA
,TGTAACTTTTCTGAA
,AGTATTATGA
,ATTATAATAATATTA
,CACTGTTTTT
,TAATTTTAAT
,TACTTTTCAT
,TAATTTTAAT
,ATGTGTTTCAC
,ATTATAATAATATTA
,AATGTTGGTGG
,TAATGAAAGTAAT
,ACTTTAACCAATTTCA
,CAAACACAAAC
,TAATTTTAAT
,TATTCAAACTTAT
,AAAGGCCTGCT
,AACGGCGAT
,AGCGAGCGA
,AGTGCGTGA
,CAGACCCAGAC
,CGCCGCCGC
,CGTGCGTGC
,CTGCTGCTA
,GCGAGCGAA
,GCGGCGGCG
,GCGTATGCG
,GTGTATGTG
,GTGTATTTT
,GTGTTTGTG
,GTGTTTGTG
,GTGTTTGTG
,GTTTGTGTA
,TAGCGCGAT
,TAGCGCGGCGA
,TATGCGTAT
,TATGTGTAT
,TATTATTAT
,TGTATTTTA
,AATGGTGAT
,ATTATAATAATATTA
,ATTATAATT
,CAATATAAC
,CAGGTGGAC
,CATTCTTAC
,GAATTTAAG
,GTGGTGGTG
,TAACGCAAT
,TAATTTTAA
,TGTATTTTA
,TGTTTTTGT
,TTAACAACT
,TTAAGCACGAATT
,TTGTGCAAC
,TTTCACTTT
,TTTTAGTGA
,AAACGCAAA
,AAAGATGTT
,AAATGGACA
,AAATTATGA
,AAATTATTT
,AAGACCAGAA
,AAGGTGGAA
,AATTTAAAT
,ACATTATTTT
,ACATTCGTAT
,ACCATACCA
,ACCCATTAT
,ACTTATTTA
,AGAGCAACA
,AGTGGTCATC
,AGTTCCAGT
,AGTTTTTGA
,ATCTATTAA
,ATGCAGTGGT
,ATGTTTTAAT
,ATGTTTTAA
,ATTCCTATT
,ATTGCGTTA
,CAGGAGGAC
,CATTATTAC
,CCAGTTAGT
,CGACATTATT
,CTATTTTTA
,GAAGTTAAT
,GGTGTGTAT
,GTAAATTTA
,GTGGTTTTA
,GTTATAGTA
,GTTATAGTA
,GTTGTACTT
,GTTGTTGTTG
,GTTGTTGTT
,GTTTATTAA
,TAAATGTTA
,TAAATGTTA
,TAAGAATTTT
,TAATTTTAAT
,TAGTGGTGAT
,TATTTTTAT
,TATTTTTAT
,TATTTTTAT
,TCATGTACT
,TGATAATAGT
,TGGTTTTGGT
,TGTTGTTGT
,TGTTTTAAA
,TGTTTTAAA
,TTAACAATT
,TTAAGTAGT
,TTATTAATC
,TTATTTATT
,TTGTAAAGGT
,TTTAAATGGT
,TTTAATAAA
,TTTAATTTT
,TTTATTAAA
,TTTCACTTT
,TTTGATTCA
,TTTTAATAA
,TTTTAATTTT
,TTTTGGTGTA
,TTTTGTTACACATTGTTTT
,ATTCAAACTTA
,CAAACACAAAC
,TAATTTTAAT
,TTTTAATTTT
,AGTATTATGA
,ATGTAATTTT
,ATTATAATAATATTA
,CACTGTTTTT
,TAATTTTAAT
,TACTTTTCAT
,TGTAATTTTT
,CAAACACAAAC
,TAATTTTAAT
,TACTTTTCAT
,TCCTACCATCCT
,CAAACACAAAC
,TAATTTTAAT
,TACTTTTCAT
,TCCTACCATCCT
,TTGTTACACATTGTT
,ATAAAAATA
,ATCTGTCTA
,CATTCTTAC
,CCATGACAGTACC
,CTAAATTTAAATC
,GATTTTTGT
,TAACGCAAT
,TAACTCAAT
,TATTCGTAT
,TCTACATCT
,TGTAACTTC
,TTTCACTTT
,TTTGTTACGCATTGTTT
,TTTTCACTT
,TTTTGTTTT
,TTTTTAATG
,TAATTTTAAT
,TAATTTTAAT
,CAGGTAATGGAC
,TGTAACTTCACTG
,ATCACACTA
,CAAACACAAAC
,GTGGTGGTG
,TAATTTTAAT
,TACTTTTCAT
,TTTCACTTT
,AAAATGGTG
,AAAGTTGTTT
,AAATGGTGT
,AATATTAATA
,AATGAGTAA
,AATGGTGTAG
,AATTCTTAA
,AATTTTTAA
,ACAACATTAC
,ACATATTTGT
,ACCAATTTT
,ACCATACCA
,ACTACATCA
,AGTACTTCT
,AGTAGTTTT
,AGTGTTTGT
,ATAAAAATA
,ATAATATTT
,ATATGTATA
,ATCTGTCTA
,ATTGAGAAC
,ATTGTAATT
,CAGGTATGA
,CATTCTTAC
,CCATGACAGTACC
,CTAAATTTAAATC
,CTATTATTAC
,GACATTACAG
,GATTTTTGT
,GTGTTTGTT
,GTTGTTGTTG
,GTTTTAAAA
,TAACGCAAT
,TAACTCAAT
,TAATTTTAAT
,TATAATAGT
,TATGGATAA
,TATTCATTT
,TATTCGTAT
,TATTTTTAT
,TCACTAACG
,TCATTGTAA
,TCTACATCT
,TGAAAAATC
,TGTAACTTC
,TGTAAGGGT
,TGTTGGTCA
,TGTTGTTGT
,TTACAGAGA
,TTATAATTT
,TTATTGAAGA
,TTCTCTCTT
,TTGGTCAGT
,TTGTCTGTT
,TTTACATCA
,TTTAGACCA
,TTTATAATTT
,TTTCACTTT
,TTTGTGATA
,TTTGTTACGCATTGTTT
,TTTTCACTT
,TTTTGTACAG
,TTTTGTTTT
,TTTTTAATGG
,AAATGGACA
,AGTTTTTGA
,ATTGCGTTA
,CAGGAGGAC
,GTAAATTTA
,GTGATTGTA
,GTTGTACTT
,TAATTTTAAT
,TAGTGGTGAT
,TCATGTACT
,TGATAATAGT
,TGGTTTTGGT
,TGTTGTTGT
,TGTTTTAAA
,TTAATAATT
,TTTAATAAA
,TTTCACTTT
,TTTTAATAA
,TTTTAATTTT
,TTTTGGTGTA
,TTTTGTTACACATTGTTTT
,AACTCTTAA
,AATATTAATA
,AATCTAACA
,ACAACATTAC
,ACATATTTGT
,ACTACTTTA
,ACTATATCA
,AGAAGATAT
,AGCAGTTTTA
,ATAATAATA
,ATATGTATA
,ATCAAACTCA
,ATCGCTTCA
,ATGGTGGTTT
,ATTCTTCTA
,ATTGAGAAC
,ATTGTTTTG
,ATTTTTGTC
,CATTACTGC
,CATTGTAACT
,CTAACACTA
,CTTTTATTA
,CTTTTTAAT
,GAATTTAAG
,GGTTTACTA
,GTATGGATAA
,GTTGTTGTTG
,TAACTCAAT
,TAATTTTAAT
,TAATTTTAA
,TAATTTTAG
,TATAACAAC
,TATAATTTTA
,TATGGTTTT
,TATTTTTAT
,TGAAAAATC
,TGTAGGTGTT
,TGTATTTTA
,TGTTGAGTA
,TGTTGTTGT
,TTAACAATT
,TTACACATT
,TTTACATCA
,TTTACTAATT
,TTTACTAAT
,TTTGTATAA
,TTTGTTACACATTGTTT
,TTTTAGACCA
,TAATGAAAGTAAT
,TAATTTTAAT
,TTGTTACACATTGTT
,CAAACACAAAC
,TAATTTTAAT
,TACTTTTCAT
,CAAACACAAAC
,TAATTTTAAT
,TTTTAATTTT
,TAATTTTAAT
,TTGGTTTGGTT
,AATTTATATG
,GATGTTGTAG
,TAATTTTAAT
,TGTATTTAAT
,TTAAATGGTG
,TTGTTACACATTGTT
,TTTTAATTTT
,TAATTTTAAT
,AATTTTATT
,ATCAGACTA
,ATTGTTTTA
,CGGCTCGGC
,TGGTCTACC
,TTAATAATT
,TTCATCTGT
,TTTGTTACCCATTGTTT
,GTAATAATG
,TGTTGTTGT
,TTCTTTCTT
,TTGTAATTT
,CAAACACAAAC
,TAATTTTAAT
,TACTTTTCAT
,TCCTACCATCCT
,AACTTTCAA
,AAGGTGTTTA
,AATAATTTC
,AATGAGTAA
,ACATATTGT
,ACTACTTTA
,ACTATATCA
,ACTTTGTTAA
,AGAAGATAT
,AGTATTATGA
,ATATGTATA
,ATGTAACAA
,ATTATAATAATATTA
,ATTATAATT
,ATTATAATT
,ATTCTACTAA
,ATTCTGCCA
,ATTTCACAT
,CAATATAAC
,CACAATTAT
,CACTGTTTTT
,CAGGTGGAC
,CATTCTTAC
,CCGATAGCC
,CGTTAACTAA
,GAATTTAAG
,GTATGGATAA
,GTGGTGGTG
,GTTGTTGTTG
,TAATTTTAAT
,TAATTTTAA
,TAATTTTAGT
,TAATTTTGA
,TACTAATTA
,TACTTTTCAT
,TATAATTTTA
,TATTATTAT
,TATTTTTAT
,TATTTTTAT
,TATTTTTAT
,TCAGTAATTC
,TGAAAAATC
,TGTATTTTA
,TGTTGGTGTT
,TGTTGTTGT
,TTAATAATT
,TTCTACTAAA
,TTGTCAGTTT
,TTGTCTGTT
,TTGTGATAA
,TTTACTAAT
,TTTACTAAT
,TTTCACTTT
,TTTGTGATA
,TTTTAGTGA
,TTTTAGTGGT
,TTTTTGTGG
,AGTATTATGA
,ATTATAATAATATTA
,CACTGTTTTT
,TAATGAAAGTAAT
,TAATTTTAAT
,TACTTTTCAT
,TTGTTACACATTGTT
,AAACGCAAA
,AAATGGACA
,AAATTATGA
,AAGACCAGAA
,AAGGTGGAA
,AATGAGTAA
,AATTGTTGT
,AATTTAAAT
,AATTTTAGT
,ACAGTCTGACA
,ACATTATTTT
,ACCATACCA
,ACTTATTTA
,AGATGGTGATT
,AGGTATGGA
,AGTTTTTGA
,ATTAAAGAA
,ATTCTTCTG
,ATTGCGTTA
,ATTTAAATTAT
,CAGGAGGAC
,CATTATTAC
,GAAACTTTT
,GATAATTTT
,GATGGTGATT
,GCAGTAGAA
,GGTGTGTAT
,GTAAATTTA
,GTAGAAGATG
,GTAGAAGAT
,GTTATAGTA
,GTTGTACTT
,GTTGTTGTTG
,TAAATTATTT
,TAAATTTAAAT
,TAACTGTTAC
,TAAGAACTTT
,TAATTTTAAT
,TAGTGGTAA
,TAGTGGTGAT
,TATGTAGTGC
,TATTTTTAT
,TATTTTTAT
,TCATGTACT
,TGATAATAGT
,TGGTTTTGGT
,TGTTGTTGT
,TGTTTTAAA
,TGTTTTAAA
,TTAACAATT
,TTATTTATT
,TTATTTTTATT
,TTCTAGTTA
,TTCTGAAAC
,TTGTAAAGGT
,TTGTGGGTGTT
,TTGTTTTTGTT
,TTTAAATGGT
,TTTAATTTT
,TTTATTAAA
,TTTATTAAA
,TTTATTAAA
,TTTTAATAAA
,TTTTAATAA
,TTTTAATTTT
,TTTTATTCTTATTTT
,TTTTGGTGTA
,TTTTGTTACACATTGTTTT
,CAAACACAAAC
,TAATTTTAAT
,TACTTTTCAT
,TCCTACCATCCT
,TTTGTTACACATTGTTT
,AAAAATAATTC
,AAAATAATT
,AACATCTTT
,AATTCTGGT
,AATTCTTTG
,AATTGTATCAAAC
,ACAGGGACA
,ACAGTGTTTGT
,ACCATACCA
,ACTATATCA
,ATAATATTA
,ATAATTTTA
,ATATGTATA
,ATGATAACA
,ATTAAACTT
,ATTATAATAATATTA
,CAAACCCAAAC
,CATAACTCAATAC
,CATCACTAC
,CATTCTTAC
,CCTTATTCC
,CGTTCTAGA
,CTATGGCTT
,CTTAGTAAT
,GATGATAAC
,GGACATATT
,GGTATGTATGG
,GTAATTTTA
,GTGGTCTAC
,GTGTAGTAA
,TAATGAAAGTAAT
,TAATTCACT
,TAATTCTTT
,TAATTTTAG
,TAATTTTGA
,TAGTAATAG
,TAGTTTTAG
,TATGTATGG
,TATTCTTCT
,TATTTTTAT
,TATTTTTAT
,TATTTTTAT
,TGAAAAATA
,TGAAAAATC
,TGATTTTTGTC
,TGGTCTCTGGT
,TGTTACAAA
,TGTTGGTCA
,TGTTGTTGT
,TTAATAATT
,TTAATAATT
,TTAATAATT
,TTATAATTTTA
,TTCATTTCA
,TTGTTACACATTGTT
,TTGTTTTAT
,TTTAATTTT
,TTTCTCTTT
,TTTGATGATAA
,TAATTTTAAT
,AATTTTGCCC
,ACTTATATTA
,GATGTTGTAG
,GTAGAAGATG
,GTTGTTGTTG
,TAATTGCCTT
,TAATTTTAAT
,TACTTTTCAT
,TATTCGTATT
,TATTCTTCTA
,TATTGGTTAT
,TGGTAATATA
,TTTTAATTTT
,ATCACACTA
,CAAACACAAAC
,GTGGTGGTG
,TAATTTTAAT
,TACTTTTCAT
,TTTCACTTT
,AGTATTATGA
,ATTATAATAATATTA
,CACTGTTTTT
,TAATTTTAAT
,TACTTTTCAT
,TTTTAATTTG
,ATTATAATAATATTA
,TGTAACTTTTCT
,AAGGTGTTTA
,AGGATCTTAT
,ATTATAATAATATTA
,ATTATAATT
,ATTATAATT
,ATTCTACTAA
,CACTGTTTTT
,CGTTAACTAA
,GTATGGATAA
,GTTGTTGTTG
,TAATTTTAAT
,TAATTTTAGT
,TACTTTTCAT
,TATTTTTAT
,TATTTTTAT
,TATTTTTAT
,TCAGTAATTC
,TGTTGGTGTT
,TTCTACTAAA
,TTGTCAGTTT
,TTTATAATTT
,ATTATAATAATATTA
,TGTAACTTTTCTGAA
,TAATTTTAAT
,TTGTTACACATTGTT
,CAAACACAAAC
,TAATTTTAAT
,TTTTAATTTT
,AAACTGGTT
,AACTTTCAA
,AAGGTGTTTA
,AATGAGTAA
,ACATATTGT
,ACTATATCA
,ACTTTGTTAA
,AGAAGATAT
,AGTACTTTT
,ATATGTATA
,ATTATAATAATATTA
,ATTATAATT
,ATTATAATT
,ATTCTACTAA
,ATTCTGCCA
,CAATATAAC
,CACAATTAT
,CACTGTTTTT
,CAGGTGGAC
,CATTCTTAC
,CGTTAACTAA
,CTAATTTTA
,CTCTCTCTT
,GGTGAATTA
,GTATGGATAA
,GTGGTGGTG
,GTTACTAAA
,GTTGTTGTTG
,TAACAACTT
,TAAGTCTTT
,TAATTTTAAT
,TAATTTTAA
,TAATTTTGA
,TACTAATTA
,TACTACTTTA
,TACTTTTCAT
,TATTATTAT
,TATTTTTAT
,TATTTTTAT
,TATTTTTAT
,TCATGTGAA
,TCTCTCTCT
,TGAAAAATC
,TGTAACTTTTCTGAA
,TGTATTTTA
,TGTGAACAT
,TGTTGTTGT
,TTATACTAGT
,TTATACTAGT
,TTCTACTAAA
,TTGTCAGTTT
,TTGTCTGTT
,TTGTGATAA
,TTTACTAAT
,TTTCACTTT
,TTTGTGATA
,TTTTAGTGA
,TTTTTGTGG
,TTGTTACACATTGTT
,AACTTATAA
,AACTTTCAA
,AAGGTTAAC
,AATCACTAA
,AATGAGTAA
,ACGCCATAC
,ACTACATCA
,ACTTCTTTTG
,ATAATATTA
,ATATGTATA
,ATATTCAAA
,ATATTTGTG
,ATGACAGTA
,ATGGTGGTC
,ATTATAATAATATTA
,ATTATAATT
,CATAATTTTG
,CGACTCAGC
,CTATTAATA
,CTGCACAAG
,CTTGGTCTA
,GATTATAAT
,GCGTATGCG
,GGTGGTAAA
,GGTGTTGTGG
,GGTGTTTAT
,GGTGTTTAT
,GTAATTTTAG
,GTGCTCGTG
,GTTAAGCAG
,GTTGTTGTTG
,TAATTCACT
,TAATTTTAAT
,TAATTTTGA
,TATTCTTCTA
,TATTTTTAT
,TGCGACAACA
,TGGATTACC
,TGGTTTTAA
,TGTTGTTGT
,TTAAATGGTG
,TTAATAATT
,TTAATACTA
,TTAATATTT
,TTATAATTT
,TTCAGACCA
,TTGTTACACATTGTT
,TTTAATTTT
,TTTATAATTT
,TTTCACTTT
,TTTCTCTTT
,TTTTAATTTT
,TTTTGAATG
,TTGTTACACATTGTT
,CAAACACAAAC
,TAATTTTAAT
,TACTTTTCAT
,CAAACACAAAC
,TAATTTTAAT
,TACTTTTCAT
,TCCTACCATCCT
,ATTATAATAATATTA
,ATTATAATAATATTA
,CTAAATTTAAATC
,TTTGTTACGCATTGTTT
,ACATTGTTACA
,TTGTTACACATTGTT
,AAAATGGTG
,AAAGTTGTTT
,AAATGGTGT
,AATATTAATA
,AATGAGTAA
,AATGGTGTAG
,AATTTTTAA
,ACAACATTAC
,ACATATTTGT
,ACCAATTTT
,ACCATACCA
,ACTACATCA
,ACTTATATTA
,AGTACTTCT
,AGTAGTTTT
,AGTCAACCA
,AGTGTTTGT
,ATATGTATA
,ATTGAGAAC
,ATTGTAATT
,CAGGTATGA
,CATTCGTATT
,CATTCTTAC
,CCATGACAGTACC
,CTAAATTTAAATC
,GATTTTTGT
,GTGTTTGTT
,GTTGTTGTTG
,GTTTTAAAA
,TAACGCAAT
,TAACTCAAT
,TAATTTTAAT
,TATAATAGT
,TATGGATAA
,TATTATTAC
,TATTCATTT
,TATTTTTAT
,TCACTAACG
,TCATTGTAA
,TCTACATCT
,TGAAAAATC
,TGTAACTTC
,TGTAAGGGT
,TGTTGTTGT
,TTATAATTT
,TTATTGAAGA
,TTCTCTCTT
,TTGGTCAGT
,TTGTCTGTT
,TTTAGACCA
,TTTATAATTT
,TTTCACTTT
,TTTGTGATA
,TTTGTTACGCATTGTTT
,TTTTCACTT
,TTTTGTACAG
,TTTTGTTTT
,TTTTTAATG
,AACTTTCAA
,AATGAGTAA
,AATTCTTAA
,ACAATATTA
,ACCATACCA
,ACTAACGTA
,ACTACATCA
,ACTTATATTA
,AGAAGGAAGA
,AGTACTTCT
,AGTAGTTTT
,ATAGTTACG
,ATATGTATA
,ATTATAACAATATTA
,ATTGTTTTG
,ATTTTGTGTG
,CAAAATGCG
,CAAACAAAC
,CAAAGACAT
,CAACCCAAC
,CAATTTTAAC
,CATTCTTAC
,CTTTTTAATT
,GACCTCCAG
,GATTATAAT
,GGTGATCTT
,GTGACATTG
,GTGTGTTTTA
,GTTGTTGTTG
,GTTTCAGCA
,TAATTTTAAT
,TAGTTACGG
,TAGTTTTAA
,TATGCTAGTT
,TATTTTTAT
,TCAGTTTCA
,TGGTAATGGT
,TGTAACTTC
,TGTAGGTGTT
,TGTATGGTTC
,TGTTGTTGT
,TTATAATTT
,TTATCGTGA
,TTTAATTTT
,TTTATAATTT
,TTTATCGTG
,TTTCACTTT
,TTTCTCTTT
,TTTGTTACACATTGTTT
,TTTTAATTTT
,ATAATATGAC
,ATTATAATAATATTA
,TAATGAAAGTAAT
,TAATTTTAAT
,TACATTTTAA
,TATTCGTATT
,TGTTTGATAATAA
,TTGTTACACATTGTT
,TTTGTTGTTT
,AACTTTCAA
,AAGGTGTTTA
,AATGAGTAA
,ACATATTGT
,ACCTCACAT
,ACTACTTTA
,ACTATATCA
,AGAAGATAT
,AGGATCTTAT
,ATATAATATA
,ATATGTATA
,ATGTAACAA
,ATTATAATAATATTA
,ATTATAATT
,ATTATAATT
,CAATATAAC
,CACAATTAT
,CACTGTTTTT
,CAGGTGGAC
,CATTACTGC
,CATTCTTAC
,CCGATAGCC
,CGTTAACTAA
,GAATTTAAG
,GTATGGATAA
,GTGGTGGTG
,GTTGTTGTTG
,TAATTTTAAT
,TAATTTTAGT
,TAATTTTGA
,TACTAATTA
,TACTTTTCAT
,TATTATTAT
,TATTTTTAT
,TATTTTTAT
,TATTTTTAT
,TCAGTAATTC
,TGAAAAATC
,TGTAACTTTTCTGAA
,TGTATTTTA
,TGTTGGTGT
,TGTTGTTGT
,TGTTTTTGT
,TTATACTAGT
,TTATACTAGT
,TTGTCTGTT
,TTGTGATAA
,TTTACTAAT
,TTTACTAAT
,TTTCACTTT
,TTTCTCTTT
,TTTGTGATA
,TTTTAGTGA
,TTTTAGTGGT
,TTTTTGTGG
,CAAACACAAAC
,TAATTTTAAT
,TCCTACCATCCT
,TTTACTTTTA
,TAATTTTAAT
,AATTTAATA
,GTCGTGCTG
,TTAATAATT
,TTAATATTT
,TTGTTACACATTGTT
,TTGTTACACATTGTT
,TTGTTACACATTGTT
,AGTATTATGA
,ATTATAATAATATTA
,CACTGTTTTT
,TAATGAAAGTAAT
,TAATTTTAAT
,TACTTTTCAT
,AGTATTATGA
,ATTATAATAATATTA
,CAATATAAC
,CACTGTTTTT
,CAGGTGGAC
,CATTCTTAC
,CCGATAGCC
,GAATTTAAG
,GTGGTGGTG
,TAACGCAAT
,TAATTTTAAT
,TAATTTTAA
,TACTTTTCAT
,TGTATTTTA
,TGTTTTTGT
,TTAACAACC
,TTTTAGTGA
,GTTACACATTG
,ATAATATTAA
,ATTATAATAATATTA
,TAATTTTAAT
,TAGACCACCAGAT
,TTCTTTTCTT
,TTTTAATTTT
,TTTTGGTTTT
,ATGTTGGTG
,ATGTTGGTG
,TTGTTACACATTGTT
,CAAACACAAAC
,TAATTTTAAT
,TTTTAATTTT
,TAATTTTAAT
,CAAACACAAAC
,TAATTTTAAT
,TACTTTTCAT
,TCCTACCATCCT
,CAAACACAAAC
,TAATTTTAAT
,TTTTAATTTT
,TAATTTTAAT
,TTACTAATCATT
,ATTATAATAATATTA
,TTGTTACACATTGTT
,AACTTATAA
,AATATTTATAA
,AATCACTAA
,ACTTTTAAA
,ATAATATTA
,ATGACAGTA
,ATGGTGGTC
,ATTATAATAATATTA
,ATTCAAACTTA
,CAAACACAAAC
,CGACTCAGC
,CTATTAATA
,CTTGGTCTA
,GCGTATGCG
,TTAATAATT
,TTAATACTA
,TTAATATTT
,TTGTTACACATTGTT
,TTTATAATT
,TTTCACTTT
,ATAAAAATA
,ATCTGTCTA
,CATTCTTAC
,CCATGACAGTACC
,CTAAATTTAAATC
,GATTTTTGT
,TAACGCAAT
,TAACTCAAT
,TATTCGTAT
,TGTAACTTC
,TTTCACTTT
,TTTGTTACGCATTGTTT
,TTTTCACTT
,TTTTGTTTT
,TTTTTAATG
,AAAAGAACT
,AAACTGGTT
,AAAGTAATT
,AATTTATATG
,ACCATACCA
,ACTACATCA
,ACTTATATTA
,AGTAGTTTT
,AGTGTTTGT
,ATATGTATA
,ATGTTGGTG
,ATTAAGATC
,ATTCTTCTA
,CAACACAAC
,CTTCTTATA
,GATGTTGTAG
,GATTATAAT
,GCAGTAGTT
,GGTGGTAAA
,GTAGTTTTAG
,GTCAATACT
,GTCAATGGT
,GTGAAAGTA
,GTGCTCGTG
,GTGGTGGAC
,GTTGTTGTTG
,TAATGAAAG
,TAATTTTAAT
,TACTTCTTGT
,TAGTTTTAG
,TATATGTAT
,TATTTTTAT
,TCTGTTAAT
,TGGTTTTAA
,TGTTGGTCA
,TGTTGTTGT
,TTAAATGGTG
,TTATCGTGA
,TTATTGAAG
,TTCTGTCTT
,TTGACAGTT
,TTGCCCTTA
,TTGTTTTCAC
,TTTATCGTG
,TTTGTTACACATTGTTT
,TTTTAATTTT
,TTTTATTTT
,ATCACACTA
,CAAACACAAAC
,GTGGTGGTG
,TAATTTTAAT
,TACTTTTCAT
,TTTCACTTT
,AAGTAATGC
,AGTATTATGA
,ATTATAATAATATTA
,CAGGTGGAC
,GAATTTAAG
,GTGGTGGTG
,TAATTTTAAT
,TAATTTTAA
,TACTTTTCAT
,TATAATAAT
,TATTCTTAT
,TGTAACTTTTCTGAA
,TGTATTTTAA
,TGTATTTTA
,TGTTTTTGT
,TTCATACTT
,TTTCACTTT
,TTTTCACTT
,CAAACACAAAC
,TAATTTTAAT
,TAATTTTAAT
,ATTATAATAATATTA
,TAATTTTAAT
,TTTTAATTTT
,CAAACACAAAC
,TAATTTTAAT
,TACTTTTCAT
,AATATTAATA
,AGTTATTTA
,ATAATAATA
,ATTGTTTTA
,CATTCTTAC
,CTGCACAAG
,CTGGCGGTC
,GTGGTGGTG
,TAACCCAAT
,TATTCGTATT
,TATTCTTAT
,TGGAACTGGT
,TGGTAATTGT
,TTAACAATT
,TTGTTTTAT
,TTTACTATT
,TTGTTACACATTGTT
,TTGTTACTCATTGTT
,AACTTTCAA
,AAGGTGTTTA
,AATAATTTC
,AATAGTGTT
,AATGAGTAA
,AATTTAACA
,ACATATTGT
,ACTATATCA
,ACTTTGTTAA
,AGAAGATAT
,AGGATCTTAT
,AGTAGTTTT
,AGTATTATGA
,AGTGGTCAT
,ATATGTATA
,ATATTCAAA
,ATGTAACAA
,ATTACACAG
,ATTATAATAATATTA
,ATTATAATT
,ATTATAATT
,ATTTCACAT
,CACTGTTTTT
,CACTTAATT
,CAGGTGGAC
,CATTACTGC
,CCCAAACCC
,CCGATAGCC
,GGATCTTAT
,GTATGGATAA
,GTTGTTGTTG
,TAATTTTAAT
,TAATTTTAA
,TAATTTTAGT
,TAATTTTAG
,TAGTAGTTT
,TATTATTAT
,TATTTTTAT
,TATTTTTAT
,TATTTTTAT
,TCAGTAATTC
,TGAAAAATC
,TGTATTTTAA
,TGTTGGTGTT
,TGTTGTTGT
,TTAATAATT
,TTATTGTCT
,TTCTACTAAA
,TTGTCTGTT
,TTGTGATAA
,TTTAATTTT
,TTTACTAAT
,TTTATAATTT
,TTTCACTTT
,TTTCTCTTT
,TTTGTGATA
,TTTTAATTTT
,TTTTAGTGGT
,TTTTTGTGG
,TTTGTTACTCATTGTTT
,ATTATAATAATATTA
,GGAATTTAAGG
,GTTACACATTG
,TCAAACACAAACT
,TCTTCACTTCT
,TTATGCGTATT
,ATAATATTAA
,ATTATAATAATATTA
,TAATTTTAAT
,TAGACCACCAGAT
,TTCTTTTCTT
,TTGTTACGCATTGTT
,TTTTAATTTT
,CTAAATTTAAATC
,TTTGTTACGCATTGTTT
,AATATTAATA
,TATTCGTATT
,TGGAACTGGT
,TTTGGTATGC
,CAAACACAAAC
,GTAATGAAAGTAATG
,TAATTTTAAT
,TACTTTTCAT
,TCCTACCATCCT
,ACGTAATGCA
,ATAATATTA
,ATAATATTA
,ATTATAATAATATTA
,ATTATAATATTA
,ATTATAATA
,CACTGTTTTT
,TAACACAACT
,TAATAATTAT
,TAATGGTAAT
,TAATTCTGGT
,TAATTTTAAT
,TATAATATTA
,TTAAATGGTG
,AACTTTCAA
,AAGGTGTTTA
,AATGAGTAA
,AATGGTGAT
,ACATATTGT
,ACTATATCA
,ACTTCAGCAG
,ACTTTGTTAA
,AGAAGATAT
,AGTACTTTT
,ATATGTATA
,ATGTAACAA
,ATTATAATAATATTA
,ATTATAATT
,ATTATAATT
,ATTATAATT
,ATTCTACTAA
,CAATATAAC
,CACAATTAT
,CACTGTTTTT
,CAGGTGGAC
,CATTACTGC
,CATTCTTAC
,CGTTAACTAA
,GAATTTAAG
,GGTGAATTA
,GTATGGATAA
,GTGGTGGTG
,GTTGTTGTTG
,TAACAACTT
,TAATTTTAAT
,TAATTTTAGT
,TACTAATTA
,TACTTTTCAT
,TATTATTAT
,TATTTTTAT
,TATTTTTAT
,TATTTTTAT
,TCAGTAATTC
,TGAAAAATC
,TGATTATAAT
,TGTAACTTTTCTGAA
,TGTATTTTA
,TGTTGGTGTT
,TGTTGTTGT
,TGTTTTTGT
,TTCTACTAAA
,TTGTCAGTTT
,TTGTCTGTT
,TTGTGATAA
,TTTACTAAT
,TTTACTAAT
,TTTATAATTT
,TTTCACTTT
,TTTCTCTTT
,TTTGTGATA
,TTTTAGTGA
,TTTTAGTGGT
,TTTTTGTGG
,ATCACACTA
,CAAACACAAAC
,GTGGTGGTG
,TAATTTTAAT
,TACTTTTCAT
,TTTCACTTT
,AGTATTATGA
,ATTATAATAATATTA
,CAATATAAC
,CACTGTTTTT
,CAGGTGGAC
,CATTCTTAC
,CCGATAGCC
,GAATTTAAG
,GATTTTATC
,GTGGTGGTG
,TAACGCAAT
,TAATTTTAAT
,TAATTTTAA
,TACTTTTCAT
,TGTATTTTA
,TGTTTTTGT
,TTAACAACC
,TTTCACTTT
,TTTTAGTGA
,CAAACACAAAC
,TACTTTTCAT
,CAAACACAAAC
,TAATTTTAAT
,TACTTTTCAT
,TCCTACCATCCT
,CAAACACAAAC
,TAATTTTAAT
,TACTTTTCAT
,TCCTACCATCCT
,TTGTTACACATTGTT
,CAAACACAAAC
,TAATTTTAAT
,TACTTTTCAT
,TCCTACCATCCT
,CAAACACAAAC
,TAATTTTAAT
,TACTTTTCAT
,AAGTTTTGAA
,AGTATTATGA
,ATTATAATAATATTA
,GTACTTTAGT
,TAATTTTAAT
,TACTTTTCAT
,TATTCGTATT
,TGTAACTTTTCT
,TTAAATGGTG
,AAAGTATCAT
,AAAGTTAAA
,AATGGTGTT
,ACCATACCA
,ACTCAAATA
,AGGCGTTTG
,AGGTTGTTT
,AGTGAGAGTGA
,ATGGTAATGGTA
,ATGGTAATGGT
,ATGGTGATG
,ATGTCACTGTA
,ATGTTTATA
,ATTATTAAT
,ATTGCCAAAA
,ATTTATTTA
,ATTTTTTGT
,CAACTCAAC
,CACGTGTGCAC
,CCTACTTTTA
,CGGTATGGC
,CGTGTGCACT
,CTAACTCAATC
,CTCTTCTAC
,CTGACCAGTC
,GAGTTTGAG
,GATTCTCTTAG
,GCAATAATG
,GGCGTTTGG
,GGCTTTAAT
,GGTGTTGTTG
,GGTTTTGAT
,GTACTTTTTG
,GTATTGACATT
,GTATTTATG
,GTCAATGGT
,GTTATATTG
,GTTGTTGTTG
,GTTTTAATC
,TAATAATGT
,TAATGGTGTT
,TAATTCAAAA
,TACAATAACAT
,TACTTTTTG
,TAGGTGTTGTTG
,TAGTTTTGG
,TATGGTAAT
,TGAACCCAAGT
,TGAATAAGT
,TGCAGACGT
,TGGTAATGGT
,TGGTGTTGT
,TGTAATAATGT
,TGTCCCTGT
,TGTTGTTGT
,TGTTTCAAC
,TTAAATTTT
,TTAATTCAA
,TTATGTATT
,TTGATTTTAGTT
,TTGTATGTT
,TTTAAATTTTA
,TTTAAATTT
,TTTAAATTT
,TTTCTTATA
,TTTTAACAC
,TTTTAATTT
,TTTTGGTGG
,AAAAGAACT
,AACTTATAA
,AATCACTAA
,ACAGATGTT
,ACTACATCA
,AGGTATGGA
,ATAATATTA
,ATAATTTTA
,ATATGTATA
,ATATTCAAA
,ATTATAATAATATTA
,ATTTTAATG
,CGACTCAGC
,CTATTAATA
,CTGCACAAG
,GACGTCAAC
,GATTATAAT
,GGTGGTAAA
,GTATTGTTG
,GTGCTCGTG
,GTTAAGCAG
,TAAATGGTG
,TAATTCACT
,TAATTTTAG
,TACTTCTAT
,TATTTTAAT
,TATTTTTAT
,TCTATAGAA
,TGTTGGTCA
,TGTTGTTGT
,TTAATAATT
,TTGTTACACATTGTT
,TTTAAATTT
,TTTAATTTT
,TTTCACTTT
,TTTCTCTTT
,TTTTAGTTT
,TTGTTACACATTGTT
,AAGTAATGCT
,CAAACACAAAC
,CAGATTTTA
,CAGATTTTA
,CCATGACAGTACC
,CTATTCTTATC
,GTTACGCATTG
,GTTTTAAAAA
,TAATTTTAAT
,TATTAGTTGT
,CAAACACAAAC
,TAATTTTAAT
,TACTTTTCAT
,TCCTACCATCCT
,TTAACAATT
,TTAACAATT
,TTTGTTACGCATTGTTT
,CAAACACAAAC
,TAATTTTAAT
,TACTTTTCAT
,TCCTACCATCCT
,AGTATTATGA
,ATTATAATAATATTA
,CACTGTTTTT
,TAATCATACTAAT
,TAATTTTAAT
,TACTAATCAT
,TACTTTTCAT
,TGTAACTTTTCTGAA
,TGTATTTTAA
,AGTGGTTAT
,ATAATATGAC
,ATAATATGA
,ATTATAATAATATTA
,ATTTTAGTG
,CAGATTTTA
,GTGGTGGAC
,GTTTTATAAC
,TAATAATAT
,TAATTTTAAT
,TATTAACAT
,TATTCGTATT
,TGGATAGGT
,TTCACCAAG
,TTGTTACACATTGTT
,TTGTTTTAT
,TTTTAATTTT
,TTTTCTTTT
,TAATTTTAAT
,AAACGCAAA
,AAAGATGTT
,AAATGGACA
,AAATTATGA
,AAATTATTT
,AAGACCAGAA
,AAGGTGGAA
,AATTGTTGT
,ACATTATTTT
,ACCATACCA
,ACCCATTAT
,ACTTATTTA
,AGTTTTTGA
,ATATTTATA
,ATTCCTATT
,ATTGTGTTA
,CAGGAGGAC
,CATTATTAC
,CCAGTTAGT
,CTATTTTTA
,GAAGTTAAT
,GACATTATT
,GATGGTGATT
,GGTGTGTAT
,GTGGTTTTA
,GTTATAGTA
,GTTATAGTA
,GTTGTACTT
,TAAATGTTA
,TAAATGTTA
,TAAGAATTTT
,TAATTTTAAT
,TACTTTCAT
,TAGTGGTGAT
,TATTGTACA
,TATTTTTAT
,TATTTTTAT
,TATTTTTAT
,TCATGTACT
,TGATAATAGT
,TGCAGTGGT
,TGGTAAATTT
,TGGTTTTGGT
,TGTTGTTGT
,TGTTTTAAA
,TGTTTTAAA
,TTAACAATT
,TTAAGTAGT
,TTATATGAGT
,TTATTTATT
,TTGTAAAGGT
,TTTAATAAA
,TTTAATTTT
,TTTATTAAA
,TTTATTAAA
,TTTCACTTT
,TTTGATTCA
,TTTTAATAA
,TTTTAATTTT
,TTTTGGTGTA
,TTTTGTTACACATTGTTTT
,GTAATAATG
,TGTTGTTGT
,TTCTTTCTT
,TTGTAATTT
,TAATTTTAAT
,ACGTAATGCA
,ATAATATTA
,ATAATATTA
,ATTATAATAATATTA
,ATTATAATATTA
,ATTATAATA
,CACTGTTTTT
,TAACACAACT
,TAATAATTAT
,TAATGGTAAT
,TAATTTTAAT
,TATAATATTA
,TTAAATGGTG
,TTGTTACACATTGTT
,TTGTTACACATTGTT
,AAGTTTTGAA
,TGTATTATGT
,TTGAAACAAAGTT
,AGACTTTTTCAGA
,TAGACCTCCAGAT
,TGGCACAAACACGGT
,TAATTTTAAT
,CAAACACAAAC
,TAATTTTAAT
,TACTTTTCAT
,ACATTGTTACA
,ATAATATGAC
,ATTATAATAATATTA
,TGTAACTTTTCTGAA
,GTTACACATTG
,TCTGTATATTT
,AATTTATATG
,GATGTTGTAG
,TTGTTACACATTGTT
,TAATTTTAAT
,ATTATAATAATATTA
,CAAACACAAAC
,GGAATTTAAGG
,GTTACACATTG
,TCTTCACTTCT
,TAATTTTAAT
,ACGTAATGCA
,ATAATATTA
,ATAATATTA
,ATTATAATAATATTA
,ATTATAATATTA
,ATTATAATA
,CACTGTTTTT
,TAATAATTAT
,TAATGGTAAT
,TAATTTTAAT
,TATAATATTA
,TTAAATGGTG
,CAAACACAAAC
,TAATTTTAAT
,TTGTTACACATTGTT
,GTGAAAGTA
,TAATGAAAG
,TTGACAGTT
,TTTTATTTT
,AGTATTATGA
,ATCATACTA
,CAGGTGGAC
,GAATTTAAG
,GGAATTTAA
,TACTAATCAT
,TTTTCTGAA
,ATTATAATAATATTA
,GGAATTTAAGG
,GTTACACATTG
,TAATTTTAAT
,TAGTGGTGAT
,TCAAACACAAACT
,TCTTCACTTCT
,TTAACCAATT
,TTATGCGTATT
,TTTGTTGTTT
,ATTATAATAATATTA
,TAATTTTAAT
,ATTATAATAATATTA
,TGTAACTTTTCTGAA
,CAAACACAAAC
,TAATTTTAAT
,TACTTTTCAT
,TCCTACCATCCT
,ATAATATTAA
,ATTATAATAATATTA
,TAATTTTAAT
,TAGACCACCAGAT
,TTCTTTTCTT
,TTGTTACGCATTGTT
,TTTTAATTTT
,TAATTTTAAT
,ATGTTGGTG
,ATGTTGGTG
,TTGTTACACATTGTT
,ATTATAATAATATTA
,TGTAACTTTTCTGAA
,AAAATGGTG
,AAATGGTGT
,AAGTTGTTT
,AATATTAATA
,AATGAGTAA
,AATGGTGTAG
,AATTCTTAA
,AATTTTTAA
,ACAACATTAC
,ACATATTTGT
,ACCAATTTT
,ACCATACCA
,ACTACATCA
,AGTACTTCT
,AGTAGTTTT
,AGTGTTTGT
,ATAAAAATA
,ATAATATTT
,ATATGTATA
,ATCTGTCTA
,ATTGAGAAC
,ATTGTAATT
,CAGGTATGA
,CATTCTTAC
,CCATGACAGTACC
,CTAAATTTAAATC
,CTATTATTAC
,GACATTACAG
,GATTTTTGT
,GTGTTTGTT
,GTTGTTGTTG
,GTTTTAAAA
,TAACGCAAT
,TAACTCAAT
,TAATTTTAAT
,TATAATAGT
,TATGGATAA
,TATTCATTT
,TATTCGTAT
,TATTTTTAT
,TCACTAACG
,TCATTGTAA
,TCTACATCT
,TGAAAAATC
,TGTAACTTC
,TGTAAGGGT
,TGTTGTTGT
,TTACAGAGA
,TTATAATTT
,TTATTGAAGA
,TTCTCTCTT
,TTGGTCAGT
,TTGTCTGTT
,TTTACATCA
,TTTAGACCA
,TTTATAATTT
,TTTCACTTT
,TTTGTGATA
,TTTGTTACGCATTGTTT
,TTTTCACTT
,TTTTGTACAG
,TTTTGTTTT
,TTTTTAATGG
,CAAACACAAAC
,TAATTTTAAT
,TACTTTTCAT
,AACTTTCAA
,AAGGTGTTTA
,AATGAGTAA
,AATGGTGAT
,ACATATTGT
,ACCTCACAT
,ACTACTTTA
,ACTATATCA
,AGAAGATAT
,ATAAAAATA
,ATATGTATA
,ATGTAACAA
,ATTATAATAATATTA
,ATTATAATT
,ATTATAATT
,ATTCTACTAA
,CAATATAAC
,CACAATTAT
,CAGGTGGAC
,CGTTAACTAA
,GAATTTAAG
,GGTATGCAC
,GGTGAATTA
,GTATGGATAA
,GTGGTGGTG
,GTTGTTGTTG
,TAATTTTAAT
,TAATTTTAGT
,TACTAATTA
,TACTTTTCAT
,TATAATTTTA
,TATTATTAT
,TATTTTTAT
,TATTTTTAT
,TATTTTTAT
,TCAGTAATTC
,TGAAAAATC
,TGTAACTTTTCTGAA
,TGTATTTTA
,TGTTGTTGT
,TGTTTTTGT
,TTATACTAGT
,TTATACTAGT
,TTCTACTAAA
,TTGTCAGTT
,TTGTCTGTT
,TTGTGATAA
,TTTACTAAT
,TTTACTAAT
,TTTCACTTT
,TTTGGTATG
,TTTGTGATA
,TTTTAGTGGT
,TTTTTGTGG
,TAATTTTAAT
,TAATTTTAAT
,TTGTTACACATTGTT
,ACATTGTTACA
,TTGTTACACATTGTT
,TTGTTACACATTGTT
,TAATGAAAGTAAT
,TAATTTTAAT
,AGTATTATGA
,ATTATAATAATATTA
,CACTGTTTTT
,CAGGTGGAC
,CATTCTTAC
,CCGATAGCC
,GAATTTAAG
,GATTTTATC
,GTATTTTAGT
,GTGGTGGTG
,TAACGCAAT
,TAATTTTAAT
,TAATTTTAA
,TACTTTTCAT
,TGCTGCTAC
,TGTATTTTA
,TGTTTTTGT
,TTAACAACC
,TTTCACTTT
,TTTTAGTGA
,AACTTATAA
,AACTTTCAA
,AAGGTTAAC
,AATCACTAA
,AATGAGTAA
,ACGCCATAC
,ACGTCTGCA
,ACTACATCA
,ACTTCTTTTG
,ATAATATTA
,ATATGTATA
,ATATTCAAA
,ATATTTGTG
,ATGACAGTA
,ATGGTGGTC
,ATTATAATAATATTA
,ATTATAATT
,CATAATTTTG
,CGACTCAGC
,CTATTAATA
,CTGCACAAG
,GATTATAAT
,GCGTATGCG
,GGTGGTAAA
,GGTGTTGTGG
,GGTGTTTAT
,GGTGTTTAT
,GTAATTTTAG
,GTGCTCGTG
,GTTAAGCAG
,GTTGTTGTTG
,TAATTCACT
,TAATTTTAAT
,TAATTTTGA
,TATTCTTCTA
,TATTTTTAT
,TGCGACAACA
,TGGATTACC
,TGGTTTTAA
,TGTTGTTGT
,TTAAATGGTG
,TTAATAATT
,TTAATACTA
,TTAATATTT
,TTATAATTT
,TTCAGACCA
,TTGTTACACATTGTT
,TTTAATTTT
,TTTATAATTT
,TTTCACTTT
,TTTCTCTTT
,TTTTAATTTT
,TTTTGAATG
,TTGTTACACATTGTT
,TAATTTTAAT
,TTGTTACACATTGTT
,AGTATTATGA
,ATATAATATA
,ATTATAATAATATTA
,CACTGTTTTT
,TAATTTTAAT
,TACTTTTCAT
,TGTAACTTTTCTGAA
,TTGTTACACATTGTT
,AAACTGTTA
,AAGTTAAAG
,AATAGTTTT
,AATGAGTAA
,AATTGAACAT
,ACAGGTGGT
,ACTACATCA
,ATAATATTA
,ATATGTATA
,ATCAGATTT
,ATTACTAAC
,ATTCTTCTA
,CAGTTTCAGA
,CATTCCTTAC
,CCACCCAAA
,CTTGTGTTC
,GAAACTGGTT
,GAAGGGAAG
,GACAGTTAG
,GACATAACA
,GGGACATAA
,GGTCAACTGG
,GTATGGATAA
,GTTCTACTA
,GTTGTTGTTG
,TAATAATTAT
,TAATTTTAAT
,TAGTAGTTT
,TATAATTTTA
,TCAGATGGT
,TCAGTTACA
,TCTCTCAGT
,TGTAACTTC
,TGTTGTTGT
,TTAATAATT
,TTAATTTGA
,TTACAGAAC
,TTCTACTAA
,TTGGCCAAG
,TTGTGTTCAC
,TTTGATAAT
,TTTGTATAA
,TGTAACTTTTCTGAA
,AATTTCACTTTAA
,TATAACTCAATAT
,TTTGTTACGCATTGTTT
,AAAATGGTG
,AAAGTTGTTT
,AAATGGTGT
,AATATTAATA
,AATGAGTAA
,AATGGTGTAG
,AATTCTTAA
,AATTTTTAA
,ACAACATTAC
,ACATATTTGT
,ACCAATTTT
,ACCATACCA
,ACTACATCA
,AGTACTTCT
,AGTAGTTTT
,AGTGTTTGT
,ATAAAAATA
,ATAATATTT
,ATATGTATA
,ATCTGTCTA
,ATTCGTATT
,ATTGAGAAC
,ATTGTAATT
,CAGGTATGA
,CATTCTTAC
,CCATGACAGTACC
,CTAAATTTAAATC
,CTATTATTAC
,GACATTACAG
,GATTTTTGT
,GTGTTTGTT
,GTTGTTGTTG
,GTTTTAAAA
,TAACGCAAT
,TAACTCAAT
,TAATTTTAAT
,TATAATAGT
,TATGGATAA
,TATTCATTT
,TATTCGTAT
,TATTTTTAT
,TCACTAACG
,TCATTGTAA
,TCTACATCT
,TGAAAAATC
,TGTAACTTC
,TGTAAGGGT
,TGTTGTTGT
,TTACAGAGA
,TTATAATTT
,TTATTGAAGA
,TTCTCTCTT
,TTGGTCAGT
,TTGTCTGTT
,TTTACATCA
,TTTAGACCA
,TTTATAATTT
,TTTCACTTT
,TTTGTGATA
,TTTGTTACGCATTGTTT
,TTTTCACTT
,TTTTGTACAG
,TTTTGTTTT
,TTTTTAATGG
,ATTATAATAATATTA
,GGAATTTAAGG
,GTTACACATTG
,TAATTTTAAT
,TAGTGGTGAT
,TCAAACACAAACT
,TCTTCACTTCT
,TTAACCAATT
,TTATGCGTATT
,TTTGTTGTTT
,CAAACACAAAC
,TAATTTTAAT
,TACTTTTCAT
,TCCTACCATCCT
,ATTATAATAATATTA
,TTGTTACACATTGTT
,CATTTGGGGTTTAC
,GTTACACATTG
,TACTGGTCAT
,TCATGGTACT
,TCTGTATATTT
,AAAGTGGTG
,AACTTTCAA
,AATATTAATA
,AATGAGTAA
,ACAACATTAC
,ACATATTGT
,ACATATTTGT
,ACTACTTTA
,ACTATATCA
,AGTAGTTTT
,ATAAAAATA
,ATATGTATA
,ATCGCTTCA
,ATCTGTCTA
,ATGGTGGTTT
,ATGTAACAA
,ATTATAATT
,ATTGTAATT
,CATTCTTAC
,CCATGACAGTACC
,CTAAATTTAAATC
,CTAACACTA
,CTAAGAATC
,CTACTTTAT
,GATTTTTGT
,GGTATGCAC
,GTACTTTTT
,GTATGGATAA
,GTTAACTAA
,GTTGTTGTTG
,TAACGCAAT
,TAACTCAAT
,TAATTCATT
,TAATTTTAAT
,TAATTTTAG
,TATAACAAC
,TATTATTAT
,TATTCGTAT
,TATTTTTAT
,TATTTTTAT
,TATTTTTAT
,TCAGTAATTC
,TCATTGTAA
,TCTACATCT
,TGAAAAATC
,TGTAACTTC
,TGTTGAGTA
,TGTTGTTGT
,TTCTACTAAA
,TTGTCTGTT
,TTGTGATAA
,TTTACTAATT
,TTTACTAAT
,TTTATAATTT
,TTTCACTTT
,TTTCTCTTT
,TTTGGTATG
,TTTGTGATA
,TTTGTTACGCATTGTTT
,TTTTCACTT
,TTTTGTTTT
,TTTTTAATG
,TTTTTGTGG
,ACGTAATGCA
,ATAATATTA
,ATAATATTA
,ATTATAATAATATTA
,ATTATAATATTA
,ATTATAATA
,CACTGTTTTT
,TAACACAACT
,TAATAATTAT
,TAATGGTAAT
,TAATTTTAAT
,TATAATATTA
,TTAAATGGTG
,ATTATAATAATATTA
,TGTAACTTTTCTGAA
,AGGTGGTGT
,ATATTAATC
,TCAAGAACT
,TGTTTTTGT
,TTCAAACTT
,TAATTTTAAT
,TAATTTTAAT
,CAAACACAAAC
,TAATTTTAAT
,TACTTTTCAT
,TCCTACCATCCT
,ACACACACA
,ATTTTACATTTTA
,TAATGAAAGTAAT
,TATTATTAT
,TGGTTATTATTAT
,TTATTATTATT
,TTATTTTATT
,TTTTATTTT
,AATTTTGTTTTAA
,ATGAATTTAAGTA
,GATGATGTAGTAG
,TTGTTACACATTGTT
,AAAGGCCTGCT
,AGCGAGCGA
,AGTGCGTGA
,CAGACCCAGAC
,CGCCGCCGC
,CGTGCGTGC
,CTGCTGCTA
,GCGAGCGAA
,GCGGCGGCG
,GCGTATGCG
,GTGTATGTG
,GTGTATTTT
,GTGTTTGTG
,GTGTTTGTG
,GTGTTTGTG
,GTTTGTGTA
,TAGCGCGAT
,TAGCGCGGCGA
,TATGCGTAT
,TATGTGTAT
,TATTATTAT
,TGTATTTTA
,ATTCAAACTTA
,CAAACACAAAC
,TAATTTTAAT
,TTTTAATTTT
,TAATTTTAAT
,TAATTTTAAT
,AACTTTCAA
,AATCCCCTAA
,AATGAGTAA
,AATGGTGAT
,ACATATTGT
,ACTACTTTA
,ACTTTGTTAA
,AGAAGATAT
,AGTATTATGA
,ATAATAATA
,ATAATGATTT
,ATATGTATA
,ATGATATTG
,ATGTAACAA
,ATGTTTTAG
,ATTATAATAATATTA
,ATTATAATT
,ATTATAATT
,ATTCTACTAA
,ATTGTTTTG
,CACAATTAT
,CAGGTGGAC
,CATTCTTAC
,CCAGTGACC
,CTAACACTA
,GAATTTAAG
,GGTGAATTA
,GGTTTACTA
,GTAGGTGTT
,GTATGGATAA
,GTTAACTAA
,GTTGTTGTTG
,TAATAATTA
,TAATTTTAAT
,TAATTTTAGT
,TACTTTTCAT
,TATAATTTTA
,TATTACTGA
,TATTATTAT
,TATTTTTAT
,TATTTTTAT
,TATTTTTAT
,TCAGTAATTC
,TGAAAAATC
,TGATAATAAT
,TGTATTTTA
,TGTTGTTGT
,TGTTTTTGT
,TTAACAATT
,TTATAGTAA
,TTCTACTAAA
,TTGTCAGTTT
,TTGTCTGTT
,TTGTGATAA
,TTTACTAATT
,TTTACTAAT
,TTTCACTTT
,TTTGTGATA
,TTTGTTACACATTGTTT
,TTTTAGTGGT
,TTTTTGTGG
,CAAACACAAAC
,TAATTTTAAT
,TACTTTTCAT
,TTGTTACACATTGTT
,CAAACACAAAC
,TAATTTTAAT
,TACTTTTCAT
,ATTTTAGTGATTTTA
,GAAACCAAAG
,GTAATTTTA
,GTAATTTTA
,GTGGACCCAT
,TAATTTTAAT
,TTAACCAATT
,TTTGTTACACATTGTTT
,TTTGTTGTTT
,CATTGTTAC
,CTATGAATA
,GTTTCTTTG
,TATTTTGGA
,TGAATAAGT
,TTGACAGTT
,TTGTTACGCATTGTT
,TTTAGTGGT
,AATGGTGAT
,AGTATTATGA
,ATTATAATAATATTA
,ATTATAATT
,CAATATAAC
,CAGGTGGAC
,CATTCTTAC
,GAATTTAAG
,GTGGTGGTG
,TAACGCAAT
,TAATATTAAC
,TAATTTTAAT
,TAATTTTAA
,TACTTTTCAT
,TCAACAACT
,TGTATTTTA
,TGTTTTTGT
,TTAAGCACGAATT
,TTTCACTTT
,ATATTGGTTATA
,ATTATAATAATATTA
,TTTGTTACACATTGTTT
,CAAACACAAAC
,TAATTTTAAT
,TACTTTTCAT
,TGTAACTTTTCTGAA
,TAATTTTAAT
,AGTATTATGA
,ATTATAATAATATTA
,CACTGTTTTT
,TAATTTTAAT
,TACTTTTCAT
,TTGTTACACATTGTT
,ATTATAATAATATTA
,GGAATTTAAGG
,GTTACACATTG
,TAATTTTAAT
,TAGTGGTGAT
,TCAAACACAAACT
,TCTTCACTTCT
,TTAACCAATT
,TTATGCGTATT
,TTTGTTGTTT
,AAATGGACA
,ACATTCGTAT
,ATGTTTTAAT
,ATTGCGTTA
,CAGGAGGAC
,GTAAATTTA
,GTTGTACTT
,GTTTATTAA
,TAATTTTAAT
,TAGTGGTAA
,TAGTGGTGAT
,TCATGTACT
,TGATAATAGT
,TGGTTTTGGT
,TGTTGTTGT
,TGTTTTAAA
,TTAACAATT
,TTATTAATC
,TTTAATAAA
,TTTCACTTT
,TTTTAATAA
,TTTTAATTTT
,TTTTGGTGTA
,TTTTGTTACACATTGTTTT
,TTTTTCCTTTTT
,AAGTAATAC
,TGTTGTTGT
,TTCTTTCTT
,TTGTAATTT
,AATGGTGAT
,AGTATTATGA
,ATTATAATAATATTA
,CAATATAAC
,CACTGTTTTT
,CATGATTCC
,CATTCTTAC
,GAATTTAAG
,GTGGTGGTG
,TAACGCAAT
,TAATTTTAAT
,TAATTTTAA
,TACTTTTCAT
,TCGTCGTCT
,TGTAACTTTTCT
,TGTATTTTA
,TGTTTTTGT
,TTAACAACT
,TTAAGCACGAATT
,TTTCACTTT
,TTTTAGTGA
,TAATTTTAAT
,TAATTTTAAT
,CACTGTTTTT
,CATTTGCAGG
,TGTAACTTTTCTGAA
,TTATACTAGT
,ATTATAATAATATTA
,CCACCGAGCCACC
,CTAAATTTAAATC
,TTTGTTACACATTGTTT
,AGTATTATGA
,ATGTAATTTT
,ATTATAATAATATTA
,CACTGTTTTT
,TAATTTTAAT
,TACTTTTCAT
,TGTAATTTTT
,TTGTTACACATTGTT
,AACTTATAA
,AATCACTAA
,ACATTGTTACA
,ATAATATTA
,ATGACAGTA
,ATGGTGGTC
,ATTATAATAATATTA
,ATTCAAACTTA
,CAAACACAAAC
,CGACTCAGC
,CTATTAATA
,CTTGGTCTA
,GCGTATGCG
,TACAAACAT
,TTAATAATT
,TTAATACTA
,TTAATATTT
,TTGTTACACATTGTT
,TTTCACTTT
,AAGTAATGC
,AATGGTGAT
,AGTATTATGA
,ATTATAATAATATTA
,CACTGTTTTT
,CAGGTGGAC
,GAATTTAAG
,GTGACAATT
,GTGGTGGTG
,TAATCATACTAAT
,TAATTTTAAT
,TAATTTTAA
,TACTAATCAT
,TACTTTTCAT
,TGTAACTTTTCTGAA
,TGTATTTTAA
,TGTATTTTA
,TGTTTTTGT
,TTCATACTT
,TTTCACTTT
,TTTTAGTGA
,ACATTGTTACA
,GCGTATGCG
,TACAAACAT
,TTAATAATT
,TTAATATTT
,TTGTTACACATTGTT
,TTTCTAGTG
,ATTCAAACTTA
,CAAACACAAAC
,TAATTTTAAT
,TTTTAATTTT
,AACTTATAA
,AACTTTCAA
,AAGGTTAAC
,AATCACTAA
,AATGAGTAA
,ACGCCATAC
,ACTACATCA
,ACTTCTTTTG
,ATAATATTA
,ATATGTATA
,ATATTCAAA
,ATATTTGTG
,ATGACAGTA
,ATGGTGGTC
,ATTATAATAATATTA
,ATTATAATT
,CATAATTTTG
,CGACTCAGC
,CTATTAATA
,CTGCACAAG
,CTTGGTCTA
,GATTATAAT
,GCGTATGCG
,GGTGGTAAA
,GGTGTTGTGG
,GGTGTTTAT
,GGTGTTTAT
,GTAATTTTAG
,GTGCTCGTG
,GTTAAGCAG
,GTTGTTGTTG
,TAATTCACT
,TAATTTTAAT
,TAATTTTGA
,TACAAACAT
,TATTCTTCTA
,TATTTTTAT
,TGCGACAACA
,TGGATTACC
,TGGTTTTAA
,TGTTGTTGT
,TTAAATGGTG
,TTAATAATT
,TTAATACTA
,TTAATATTT
,TTATAATTT
,TTCAGACCA
,TTGTTACACATTGTT
,TTTAATTTT
,TTTATAATTT
,TTTCACTTT
,TTTCTCTTT
,TTTTAATTTT
,TTTTGAATG
,AAAGTAATGC
,ACTAATTTTG
,ATTATAATAATATTA
,CATTCCTTAC
,CATTGTAATT
,CATTGTAATT
,GTTGTTGTTG
,TAATTCACTT
,TAATTTTAAT
,TAATTTTAGT
,TACTTTTCAT
,TAGTAGTAAT
,TTAACCAATT
,TTTACTAATT
,TTTCAGATGG
,TTTGTTACACATTGTTT
,TTTTAGTAGT
,TTGTTACACATTGTT
,ATTATAATAATATTA
,TGTAACTTTTCT
,AGTATTATGA
,CACTGTTTTT
,TACTAATCAT
,TGTAACTTTTCT
,CAAACACAAAC
,TAATTTTAAT
,TACTTTTCAT
,TCCTACCATCCT
,TTGTTACACATTGTT
,CAAACACAAAC
,TAATTTTAAT
,TACTTTTCAT
,TCCTACCATCCT
,TTGTTACACATTGTT
,CAAACGCAAAC
,TATAATAATAT
,TCAACACAACT
,CAAACACAAAC
,TAATTTTAAT
,TACTTTTCAT
,TCCTACCATCCT
,TTGTTACACATTGTT
,CAAACACAAAC
,TAATTTTAAT
,TACTTTTCAT
,ATTATAATAATATTA
,TAATTTTAAT
,TAATTTTAAT
,TAATTTTAAT
,TGTAACTTTTCTGAA
,ACGTAATGCA
,ATAATATTA
,ATAATATTA
,ATTATAATAATATTA
,ATTATAATATTA
,ATTATAATA
,CACTGTTTTT
,TAACACAACT
,TAATAATTAT
,TAATGGTAAT
,TAATTTTAAT
,TATAATATTA
,TTAAATGGTG
,AACTTTCAA
,AAGGTGTTTA
,AATGAGTAA
,AATGGTGAT
,ACATATTGT
,ACCTCACAT
,ACTACTTTA
,ACTATATCA
,AGAAGATAT
,ATAAAAATA
,ATATGTATA
,ATGTAACAA
,ATTATAATAATATTA
,ATTATAATT
,ATTATAATT
,ATTCTACTAA
,CAATATAAC
,CACAATTAT
,CAGGTGGAC
,CGTTAACTAA
,GAATTTAAG
,GGTATGCAC
,GGTGAATTA
,GTATGGATAA
,GTGGTGGTG
,GTTGTTGTTG
,TAATTTTAAT
,TAATTTTAGT
,TACTAATTA
,TACTTTTCAT
,TATAATTTTA
,TATTATTAT
,TATTTTTAT
,TATTTTTAT
,TATTTTTAT
,TCAGTAATTC
,TGAAAAATC
,TGTAACTTTTCTGAA
,TGTATTTTA
,TGTTGTTGT
,TGTTTTTGT
,TTATACTAGT
,TTATACTAGT
,TTCTACTAAA
,TTGTCAGTT
,TTGTCTGTT
,TTGTGATAA
,TTTACTAAT
,TTTACTAAT
,TTTCACTTT
,TTTGGTATG
,TTTGTGATA
,TTTTAGTGGT
,TTTTTGTGG
,ATTATAATAATATTA
,TTTGTTACGCATTGTTT
,ATTATAATAATATTA
,TAATTTTAAT
,TAATTTTAAT
,TAATTTTAAT
,TGTAACTTTTCTGAA
,TGTAACTTTTCTGAA
,TTGTTACTCATTGTT
,ATTATAATAATATTA
,TGTAACTTTTCTGAA
,AGTGGTTAT
,ATAATATGAC
,ATAATATGA
,ATGTAATTA
,ATGTTGGTG
,ATTATAATAATATTA
,ATTTTAGTG
,CAGATTTTA
,GTGGTGGAC
,GTTTTATAAC
,TAATAATAT
,TAATTTTAAT
,TATTAACAT
,TATTATTAAT
,TATTCGTATT
,TCTTGGTCA
,TGGATAGGT
,TTCACCAAG
,TTGTTACACATTGTT
,TTGTTTTAT
,TTTGTTTGAC
,TTTTAATTTT
,TTTTCTTTT
,TTTTGTTTG
,CAAACACAAAC
,TAATTTTAAT
,TTTTAATTTT
,CAAACACAAAC
,TAATTTTAAT
,TACTTTTCAT
,TCCTACCATCCT
,ATTATAATAATATTA
,TAATTTTAAT
,TATTATTCAT
,TTAAATGGTG
,TTGTTACACATTGTT
,TTTTAATTTT
,AATGAGAGTAA
,ATTCATATGGA
,CAAACACAAAC
,GTTACACATTG
,TTGTTACTCATTGTT
,AATGAAAGTAA
,TAATTTTAAT
,TTAGACCAGATT
,TTTTAATTTT
,CAAACACAAAC
,TAATTTTAAT
,TTTTAATTTT
,CAAACACAAAC
,TAATTTTAAT
,TACTTTTCAT
,TCCTACCATCCT
,ACATTGTTACA
,TTGTTACACATTGTT
,AGTTTTTGA
,ATTCTATTT
,ATTGTGTTA
,CAGGAGGAC
,GTAAATTTA
,GTTGTACTT
,GTTTATTAA
,TAATTTTAAT
,TAGTGGTAA
,TAGTGGTGAT
,TCATGTACT
,TCTATATCT
,TGATAATAGT
,TGGTTTTGGT
,TGTTGTTGT
,TGTTTTAAA
,TTAACAATT
,TTATTAATC
,TTTAATAAA
,TTTCACTTT
,TTTTAATAA
,TTTTAATTTT
,TTTTGGTGTA
,TTTTGTTACACATTGTTTT
,TTTTTCCTTTTT
,CAAACACAAAC
,TAATTTTAAT
,TACTTTTCAT
,TCCTACCATCCT
,TAATTTTAAT
,TAATTTTAAT
,TAATTTTAAT
,AACTTGTTG
,ACCAAGAGT
,ATATTTTGA
,ATCTGTCTA
,CATTCTTAC
,CCATGACAGTACC
,GTTTTATAA
,TAAATAAAT
,TCTAACGAA
,TGAATAAGT
,TTTCACTTT
,TTTTCACTT
,TTTTTAATG
,GTTACCCATTG
,CAATGAAAGTAAC
,CACTTTTCAC
,TAATTTTAAT
,TTTTAATTTT
,CAAACACAAAC
,TAATTTTAAT
,TACTTTTCAT
,CAAACACAAAC
,TAATTTTAAT
,TTTTAATTTT
,CAAACACAAAC
,TAATTTTAAT
,TACTTTTCAT
,TCCTACCATCCT
,ATCACACTA
,CAAACACAAAC
,GTGGTGGTG
,TAATTTTAAT
,TACTTTTCAT
,TTTCACTTT
,TAATTTTAAT
,CAAACACAAAC
,TAATTTTAAT
,TACTTTTCAT
,TCCTACCATCCT
,TTGTTACTCATTGTT
,AACTTATAA
,AACTTTCAA
,AAGGTTAAC
,AATCACTAA
,AATGAGTAA
,ACGCCATAC
,ACTACATCA
,ACTTCTTTTG
,ATAATATTA
,ATATGTATA
,ATATTCAAA
,ATATTTGTG
,ATGACAGTA
,ATGGTGGTC
,ATTATAATAATATTA
,ATTATAATT
,CATAATTTTG
,CGACTCAGC
,CTATTAATA
,CTGCACAAG
,CTTGGTCTA
,GATTATAAT
,GCGTATGCG
,GGTGGTAAA
,GGTGTTGTGG
,GGTGTTTAT
,GGTGTTTAT
,GTAATTTTAG
,GTGCTCGTG
,GTTAAGCAG
,GTTGTTGTTG
,TAATTCACT
,TAATTTTAAT
,TAATTTTGA
,TATTCTTCTA
,TATTTTTAT
,TGCGACAACA
,TGGATTACC
,TGGTTTTAA
,TGTTGTTGT
,TTAAATGGTG
,TTAATAATT
,TTAATACTA
,TTAATATTT
,TTATAATTT
,TTCAGACCA
,TTGTTACACATTGTT
,TTTAATTTT
,TTTATAATTT
,TTTCACTTT
,TTTCTCTTT
,TTTTAATTTT
,TTTTGAATG
,AGTATTATGA
,ATTATAATAATATTA
,CAATATAAC
,CACTGTTTTT
,CAGGTGGAC
,CATTCTTAC
,CCGATAGCC
,GAATTTAAG
,GTGGTGGTG
,TAATGAAAGTAAT
,TAATTTTAAT
,TAATTTTAA
,TACTTTTCAT
,TGTATTTTA
,TTAATAATT
,TTGATTTTA
,TTTCACTTT
,TTTTAGTGA
,TAATTTTAAT
,ATTATAATAATATTA
,TGTAACTTTTCTGAA
,GTTACACATTG
,CCATGACAGTACC
,GTTACGCATTG
,CATACTATTC
,GTAATTTTA
,GTAATTTTA
,GTGGACCCAT
,TAATTTTAAT
,TATTCGTATT
,TTTGTTACACATTGTTT
,TTTGTTGTTT
,ACGTAATGCA
,ATAATATTA
,ATAATATTA
,ATTATAATAATATTA
,ATTATAATATTA
,ATTATAATA
,CACTGTTTTT
,TAACACAACT
,TAATAATTAT
,TAATGGTAAT
,TAATTTTAAT
,TATAATATTA
,TTAAATGGTG
,ATTATAATAATATTA
,CACTGTTTTT
,TAATTTTAAT
,TACTTTTCAT
,TGTAACTTTTCT
,TTATACTAAT
,TAATTTTAAT
,CAAACACAAAC
,TAATTTTAAT
,TACTTTTCAT
,TCCTACCATCCT
,CAAACACAAAC
,TAATTTTAAT
,TACTTTTCAT
,AAAATTAAT
,AAAGTTGTT
,AACTTTCAA
,AATGAGTAA
,AATGGTGAT
,ACATATTGT
,ACTATATCA
,ATATGTATA
,ATCGCTTCA
,ATGTAACAA
,ATTATAATAATATTA
,ATTATAATAA
,ATTATAATT
,ATTATAATT
,ATTGTTTTG
,CAATATAAC
,CATTACTGC
,CATTCTTAC
,CTATTTTTA
,CTCTCTTCTCTC
,CTTCTAGAA
,GAAGATGTT
,GAATTTAAG
,GATTATAAT
,GGCATTCTTA
,GGTGAATTA
,GTAGAAGATG
,GTAGTGGTGATG
,GTATGGATAA
,GTGTTCTGT
,GTTGTTGTTG
,TAATAGTTTT
,TAATCTAAC
,TAATTTTAAT
,TAATTTTAG
,TACTTTTCAT
,TAGTTTTAAT
,TATATCATG
,TATTATTAT
,TATTCTTCTA
,TATTTTTAT
,TATTTTTAT
,TATTTTTAT
,TCTCTTCTCT
,TGAAAAATC
,TGTAACTTC
,TGTATTTTA
,TGTGGGTGT
,TGTTGTTGT
,TTAACAATT
,TTATAATTT
,TTCTAGAAAT
,TTCTCTTCTCTT
,TTCTGGTAT
,TTGTTGTTG
,TTTAAATTT
,TTTACTAAT
,TTTACTAAT
,TTTATAATTTAA
,TTTGTTACACATTGTTT
,TTTTAATTTT
,TTTTAATTT
,TTTTAGTGA
,TTTTATTTT
,TAATTTTAAT
,TTGTTACACATTGTT
,AGTATTATGA
,ATTATAATAATATTA
,CACTGTTTTT
,CTATAATCAA
,TAATTTTAAT
,TACTTTTCAT
,AAACGCAAA
,AAAGATGTT
,AAATGGACA
,AAATTATGA
,AAATTATTT
,AAGACCAGAA
,AAGGTGGAA
,AATTGTTGT
,AATTTAAAT
,ACATTGTTTT
,ACCATACCA
,ACCCATTAT
,ACTTATTTA
,AGTTTTTGA
,ATATTTATA
,ATTGTGTTA
,ATTGTTTTGTTA
,CATTATTAC
,CCAGTTAGT
,CTATTTTTA
,GAAGTTAAT
,GACATTATT
,GATGGTGATT
,GGTGTGTAT
,GTGGTTTTA
,GTTATAGTA
,GTTATAGTA
,TAAATGTTA
,TAAGAATTTT
,TAATTTTAAT
,TACTTTCAC
,TAGTGGTGAT
,TATTGTACA
,TATTTTTAT
,TATTTTTAT
,TATTTTTAT
,TCATGTACT
,TGATAATAGT
,TGCAGTGGT
,TGGTTTTGGT
,TGTTGTTGT
,TGTTTTAAA
,TGTTTTAAA
,TTAACAATT
,TTACATTGT
,TTATTTATT
,TTGTAAAGGT
,TTTAATAAA
,TTTAATTTT
,TTTATTAAA
,TTTATTAAA
,TTTCACTTT
,TTTGACCAGTTT
,TTTGATTCA
,TTTTAATAA
,TTTTAATTTT
,TTTTGGTGTA
,TTTTGTTACACATTGTTTT
,TTTTTCCTTTTT
,ATAATAATA
,CAGGTGGAC
,GTCCAGGTG
,GTTTTATTC
,ATTCAAACTTA
,CAAACACAAAC
,TAATTTTAAT
,TTTTAATTTT
,ATTCAAACTTA
,CAAACACAAAC
,TAATTTTAAT
,TTTTAATTTT
,AAACTGGTT
,AATGTGTCT
,AATTCATTT
,AATTTATATG
,AATTTTTAA
,ACCAATTTT
,ACCATACCA
,ACCTGATGG
,ACTAATAAT
,ACTACATCA
,ACTTATATTA
,AGTAGTTTT
,ATATGTATA
,ATGTTGGTG
,CAACACAAC
,CAGTATTTT
,CATTCTTAC
,CGTCGTTAA
,CTTCTTATA
,GAAGATGTT
,GAAGATGTT
,GATGTTGTAG
,GATTATAAT
,GCAGTAGTT
,GTAGTTTTAG
,GTCAATGGT
,GTGAAACTA
,GTGCTCGTG
,GTTGTTGTTG
,GTTTTATTC
,TAATTTTAAT
,TACTTATTC
,TAGTTTTAG
,TATATGTAT
,TATTCTTCTA
,TATTTTTAT
,TCTTTGAATT
,TGTATTTAAT
,TGTTGGTCA
,TGTTGTTGT
,TTAAATGGTG
,TTATCGTGA
,TTCTACTAA
,TTCTGTCTT
,TTGACAGTT
,TTTAATTTT
,TTTATCGTG
,TTTGTATAAC
,TTTGTTACACATTGTTT
,TTTTAATTTT
,TTTTATTTT
,TTGTTACACATTGTT
,CAAACACAAAC
,TAATTTTAAT
,TTTTAATTTT
,CTAAATTTAAATC
,TAATTTTAAT
,ATTATAATAATATTA
,CACTGTTTTT
,TAATTTTAAT
,TACTTTTCAT
,TATTAATTAT
,TGTAACTTTTCT
,TTATACTAGT
,AACTTATAA
,AACTTTCAA
,AAGGTTAAC
,AATCACTAA
,AATGAGTAA
,ACGCCATAC
,ACTACATCA
,ACTTCTTTTG
,ATAATATTA
,ATATGTATA
,ATATTCAAA
,ATATTTGTG
,ATGACAGTA
,ATGGTGGTC
,ATTATAATAATATTA
,ATTATAATT
,CATAATTTTG
,CGACTCAGC
,CTATTAATA
,CTGCACAAG
,CTTGGTCTA
,GATTATAAT
,GCGTATGCG
,GGTGGTAAA
,GGTGTTGTGG
,GGTGTTTAT
,GGTGTTTAT
,GTAATTTTAG
,GTGCTCGTG
,GTTAAGCAG
,GTTGTTGTTG
,TAATTCACT
,TAATTTTAAT
,TAATTTTGA
,TATTCTTCTA
,TATTTTTAT
,TGCGACAACA
,TGGATTACC
,TGGTTTTAA
,TGTTGTTGT
,TTAAATGGTG
,TTAATAATT
,TTAATACTA
,TTAATATTT
,TTATAATTT
,TTCAGACCA
,TTGTTACACATTGTT
,TTTAATTTT
,TTTATAATTT
,TTTCACTTT
,TTTCTCTTT
,TTTTAATTTT
,TTTTGAATG
,AGAATTTTT
,ATAATTATC
,ATCTGTCTA
,ATTATAATAATATTA
,GATTATTAG
,GTGTTTGTG
,TATAAATAT
,TCTGGGTCT
,TGATTTTAC
,TGGTTTGGT
,TGTTGGTGA
,TGTTTGTGA
,TTAATAATT
,TTATCTATT
,ACGTAATGCA
,ATAATATTA
,ATAATATTA
,ATTATAATAATATTA
,ATTATAATATTA
,ATTATAATA
,CACTGTTTTT
,CTATTCAAACTTATC
,TAACACAACT
,TAATGGTAAT
,TAATTTTAAT
,TATAATATTA
,TTGTTACACATTGTT
,AACTTTCAA
,AAGGTGTTTA
,AATGAGTAA
,AATGGTGAT
,ACATATTGT
,ACTATATCA
,ACTTTGTTAA
,AGAAGATAT
,AGGATCTTAT
,ATATGTATA
,ATGTAACAA
,ATTATAATAATATTA
,ATTATAATT
,ATTATAATT
,ATTCCCTTA
,ATTCTACTAA
,ATTCTGCCA
,CAATATAAC
,CACAATTAT
,CAGGTGGAC
,CATTACTGC
,CATTCTTAC
,CCCTTAGTA
,CGTTAACTAA
,GAATTTAAG
,GCGTATCTA
,GGTGAATTA
,GTATGGATAA
,GTGATAATT
,GTGGTGGTG
,GTGTCTATT
,TAACAACTT
,TAATTTTAAT
,TAATTTTAGT
,TACTAATTA
,TACTTCTTGT
,TACTTTTCAT
,TATTATTAT
,TATTTTTAT
,TATTTTTAT
,TATTTTTAT
,TGAAAAATC
,TGGCAATATA
,TGTAACTTTTCTGAA
,TGTTGGTGTT
,TGTTTTTGT
,TTCTACTAAA
,TTGTCAGTTT
,TTGTCTGTT
,TTGTGATAA
,TTTACTAAT
,TTTACTAAT
,TTTATAATTT
,TTTCACTTT
,TTTCTCTTT
,TTTGTGATA
,TTTTAGTGA
,TTTTAGTGGT
,ATTATAATAATATTA
,GTGGTTTTAA
,GTTGTTGTTG
,TAAGCAGTTT
,TAATTTTAAT
,TGGTGGTTTT
,TGTTGGTCAG
,TTACAACATT
,TTATAATTCA
,TTATAATTTT
,TTATTTTATT
,TTTCGATACC
,TTTGTTACACATTGTTT
,TTTGTTGTTT
,TTGTTACTCATTGTT
,TTGTTACACATTGTT
,TAATTTTAAT
,TAATTTTAAT
,TGTAACTTTTCTGAA
,CAAACACAAAC
,TAATTTTAAT
,TACTTTTCAT
,TTGTTACTCATTGTT
,AACTTATAA
,ATAATATTA
,ATGACAGTA
,ATTATAATAATATTA
,CGACTCAGC
,CTATTAATA
,CTGGTGGTA
,CTTGGTCTA
,GCGTATGCG
,TTAATAATT
,TTAATACTA
,TTAATATTT
,TTGTTACACATTGTT
,TTTCACTTT
,TAATTTTAAT
,AACTTGTTG
,AATATTAAT
,AATTTCACT
,ACCAAGAGT
,AGGTGTAAG
,ATCTGTCTA
,ATTCTACAT
,CATTCTTAC
,TATTCGTAT
,TATTCTTAT
,TCTAACGAA
,TCTACATCT
,TGTAACTTC
,TTCGTTACGCATTGCTT
,TTTCACTTT
,TTTTCACTT
,TTTTTAATG
,CCATGACAGTACC
,CTAAATTTAAATC
,TTTGTTACGCATTGTTT
,TTGTTACACATTGTT
,CAAACACAAAC
,TAATTTTAAT
,TTTTAATTTT
,AAACTGGTT
,AAATGTAAA
,AACAAACAA
,AACTAATTA
,AATAGTTTT
,AATGAGTAA
,ACCATACCA
,ACTGTGTCA
,ATACATTTTACATA
,ATTATAATAATATTA
,ATTGTTGTA
,CATTACTGC
,CATTCTTAC
,CATTGTAATT
,CATTGTAATT
,CGTATTATT
,CTAGTTATT
,CTTACTTCT
,TAATGGTGG
,TAATTCACT
,TAATTTCTC
,TAATTTTAG
,TATGAGAGA
,TATTCGTAT
,TATTTTTAT
,TCTAACGAA
,TCTTACTTC
,TGAAAAATC
,TGGTTTAAT
,TGTTGTTGT
,TTGATCGTA
,TTGTGATAA
,TTGTTACTCATTGTT
,TTGTTTTAT
,TTTAATGGT
,TTTACTAAT
,TTTCACTTA
,TTTGTATAA
,TTTGTGATA
,CAAACACAAAC
,TAATTTTAAT
,TACTTTTCAT
,TCCTACCATCCT
,CAAACACAAAC
,TAATTTTAAT
,TACTTTTCAT
,TCCTACCATCCT
,CAAACACAAAC
,TAATTTTAAT
,TACTTTTCAT
,TCCTACCATCCT
,TTTACTTTT
,TTTACTTTT
,TTTTAATTTT
,ATGAAAAGTA
,GTTACACATTG
,ATTCAAACTTA
,CAAACACAAAC
,TAATTTTAAT
,TTTTAATTTT
,CAAACACAAAC
,TAATTTTAAT
,TACTTTTCAT
,TTGTTACACATTGTT
,CAAACACAAAC
,TAATTTTAAT
,TTTTAATTTT
,TAATTTTAAT
,ATGTTGGTG
,ATGTTGGTG
,TTGTTACACATTGTT
,TAATTTTAAT
,ATTATAATAATATTA
,GGAATTTAAGG
,GTTACACATTG
,TAATTTTAAT
,TAGTGGTGAT
,TCAAACACAAACT
,TCTTCACTTCT
,TTATGCGTATT
,TTTGTTGTTT
,TTTTCCTTTT
,CAAACACAAAC
,TAATTTTAAT
,TACTTTTCAT
,TCCTACCATCCT
,CAAACACAAAC
,TAATTTTAAT
,TACTTTTCAT
,TCCTACCATCCT
,ATTATAATAATATTA
,TGTAACTTTTCTGAA
,AACTTTCAA
,AAGGTGTTTA
,AATGAGTAA
,AATGGTGAT
,ACATATTGT
,ACCTCACAT
,ACTACTTTA
,ACTATATCA
,AGAAGATAT
,ATAAAAATA
,ATATGTATA
,ATGTAACAA
,ATTATAATAATATTA
,ATTATAATT
,ATTATAATT
,ATTCTACTAA
,CAATATAAC
,CACAATTAT
,CAGGTGGAC
,CGTTAACTAA
,GAATTTAAG
,GGTATGCAC
,GGTGAATTA
,GTATGGATAA
,GTGGTGGTG
,GTTGTTGTTG
,TAATTTTAAT
,TAATTTTAGT
,TACTAATTA
,TACTTTTCAT
,TATAATTTTA
,TATTATTAT
,TATTTTTAT
,TATTTTTAT
,TATTTTTAT
,TCAGTAATTC
,TGAAAAATC
,TGTAACTTTTCTGAA
,TGTATTTTA
,TGTTGTTGT
,TGTTTTTGT
,TTATACTAGT
,TTATACTAGT
,TTCTACTAAA
,TTGTCAGTT
,TTGTCTGTT
,TTGTGATAA
,TTTACTAAT
,TTTACTAAT
,TTTCACTTT
,TTTGGTATG
,TTTGTGATA
,TTTTAGTGGT
,TTTTTGTGG
,TTGTTACACATTGTT
,AATATTAAT
,ATAAAAATA
,ATCTGTCTA
,CCATGACAGTACC
,CTAAATTTAAATC
,TAACGCAAT
,TAACTCAAT
,TATAATATT
,TATTCGTAT
,TCTACATCT
,TGTAACTTC
,TTTCACTTT
,TTTGTTACGCATTGTTT
,TTTTCACTT
,CAAACACAAAC
,GTGGTGGTG
,TAATTTTAAT
,TACTTTTCAT
,TCCTACCATCCT
,TTGTCTGTT
,TTTACTTTT
,TTGTTACACATTGTT
,AAATGGACA
,AGTTTTTGA
,ATTGTGTTA
,CAGGAGGAC
,GTTGTACTT
,TAATTTTAAT
,TACTTTCAT
,TAGTGGTGAT
,TCATGTACT
,TGATAATAGT
,TGGTTTTGGT
,TGTTGTTGT
,TGTTTTAAA
,TTAACAATT
,TTTAATAAA
,TTTCACTTT
,TTTTAATAA
,TTTTAATTTT
,TTTTGGTGTA
,TTTTGTTACACATTGTTTT
,TTTTTCCTTTTT
,CAAACACAAAC
,TAATGAAAGTAAT
,TAATTTTAAT
,TAGTGGTGAT
,CAAACACAAAC
,GTAATGAAAGTAATG
,TAATTTTAAT
,TACTTTTCAT
,TAGTGGTGAT
,AGTATTATGA
,ATTATAATAATATTA
,CACTGTTTTT
,TAATGAAAGTAAT
,TAATTTTAAT
,TACTTTTCAT
,TTTTAATTTT
,AGAATCTAAGA
,TTGTTACACATTGTT
,AACTTAATA
,AATCACTAA
,ATAATATTA
,ATATTTTATA
,ATGTTGGTG
,ATTATAATAATATTA
,ATTCCCTTA
,ATTGTTTTA
,ATTTTGTTT
,GAAACCAAAG
,GAACTGGTCAAG
,GATTTTATC
,GTCGTGCTG
,GTTTTATTC
,TAATTTTAAT
,TATTTTGTT
,TTAAATGGTG
,TTAATAATT
,TTAATAATT
,TTAATAATT
,TTGTGATGGT
,TTTGTTACACATTGTTT
,TTTTAATTTT
,TTTTGTTTT
,TTGTTACACATTGTT
,TAATTTTAAT
,AAGGTGTTTA
,AGGATCTTAT
,AGTATTATGA
,ATTATAATAATATTA
,ATTATAATT
,ATTATAATT
,CACTGTTTTT
,CGTTAACTAA
,GTATGGATAA
,GTTGTTGTTG
,TAATTTTAAT
,TAATTTTAGT
,TACTTTTCAT
,TATTTTTAT
,TATTTTTAT
,TATTTTTAT
,TCAGTAATTC
,TGTTGGTGTT
,TTCTACTAAA
,TTGTCAGTTT
,TTTACTAAT
,TTTACTAAT
,TTTATAATTT
,TTTTAGTGGT
,TTGTTACACATTGTT
,TAATTTTAAT
,TAGTGGTGAT
,TGATAATAGT
,TGGTTTTGGT
,TTTTAATTTT
,TTTTGGTGTA
,TTTTGTTACACATTGTTTT
,TTTTTCCTTTTT
,TAATTTTAAT
,TCATTTACT
,TTCATACTT
,TTTCACTTT
,AAAGGCCTGCT
,AACGGCGAT
,AGCGAGCGA
,AGTGCGTGA
,CAACCATACCAAC
,CAGACCCAGAC
,CGCCGCCGC
,CGTGCGTGC
,GCGCGAGCGCG
,GCGCGGCGA
,GCGCGGCGA
,GCGGCGGCG
,GCGTATGCG
,GTGTATGTG
,GTGTATTTT
,GTGTTTGTG
,GTGTTTGTG
,GTGTTTGTG
,GTTTGTGTA
,TAGCGCGAT
,TATGCGTAT
,TATGTGTAT
,TATTATTAT
,TGTATTTTA
,TAATTTTAAT
,AAGGTGTTTA
,ACGTTTACCA
,AGAATGGTGT
,ATTATAATAATATTA
,GTATGGATAA
,GTTGTTGTTG
,TAATTTTAAT
,TAGTGGTGAT
,TATTCTTCTA
,TATTTTTAT
,TATTTTTAT
,TATTTTTAT
,TCAGTAATTC
,TTAACCAATT
,TTATAATTTT
,TTTGTTGTTT
,TAATTTTAAT
,TTGTTACACATTGTT
,CAAACACAAAC
,TAATTTTAAT
,TTTTAATTTT
,GCGTATGCG
,TGGTTTGGT
,TTAATAATT
,TTAATATTT
,TTGTTACACATTGTT
,AAATTTATT
,AACTTTCAA
,AAGCAGTTT
,AAGGTGTTTA
,AATAATTTC
,AATGAGTAA
,ACATATTGT
,ACTACTTTA
,ACTATATCA
,ACTTTGTTAA
,AGGATCTTAT
,AGTATTATGA
,ATATGTATA
,ATGTAACAA
,ATTATAATAATATTA
,ATTATAATT
,ATTATAATT
,ATTGAAAAA
,ATTTCACAT
,CAATATAAC
,CACAATTAT
,CACTGTTTTT
,CAGGTGGAC
,CATTACTGC
,CATTCTTAC
,CCGATAGCC
,CGTTAACTAA
,GAATTTAAG
,GATAAGTGT
,GTATGGATAA
,GTGCAACAA
,GTGGTGGTG
,GTTGTTGTTG
,TAATTTTAAT
,TAATTTTAA
,TAATTTTAGT
,TAATTTTGA
,TACTTTTCAT
,TATAATTTTA
,TATTATTAT
,TATTTTTAT
,TATTTTTAT
,TATTTTTAT
,TCAGTAATTC
,TGAAAAATC
,TGTATTTTA
,TGTTGGTGTT
,TGTTGTTGT
,TTAATAATT
,TTATGAAAG
,TTCTACTAAA
,TTGTCAGTTT
,TTGTCTGTT
,TTGTGATAA
,TTGTGCAAC
,TTTACTAAT
,TTTACTAAT
,TTTCACTTT
,TTTGTGATA
,TTTTAGTGA
,TTTTAGTGGT
,TTTTTGTGG
,TAATTTTAAT
,ACGTAATGCA
,ATAATATTA
,ATAATATTA
,ATTATAATAATATTA
,ATTATAATATTA
,ATTATAATA
,CACTGTTTTT
,TAACACAACT
,TAATAATTAT
,TAATGGTAAT
,TAATTTTAAT
,TATAATATTA
,TTAAATGGTG
,ATTATAATAATATTA
,ATTCTATAAT
,GGAATTTAAGG
,GTGTTCATAA
,GTTACACATTG
,TAATTTTAAT
,TCAAACACAAACT
,TCTTCACTTCT
,TTAACCAATT
,TTATGCGTATT
,TTTGTTGTTT
,ATAAAAATA
,ATCTGTCTA
,CATTCTTAC
,CCATGACAGTACC
,CTAAATTTAAATC
,GATTTTTGT
,TAACGCAAT
,TAACTCAAT
,TATTCGTAT
,TCTACATCT
,TGTAACTTC
,TGTTTTTGT
,TTTCACTTT
,TTTGTTACGCATTGTTT
,TTTTCACTT
,TTTTGTTTT
,TTTTTAATG
,ATCTGTCTA
,CCATGACAGTACC
,CTAAATTTAAATC
,TCTACATCT
,TGTAACTTC
,TTTGTTACGCATTGTTT
,TTTTGTTTT
,AATGGTGAT
,ATAATATTA
,ATTATAATAATATTA
,CAATATAAC
,CAGGTGGAC
,CATTCTTAC
,GAATTTAAG
,GTGGTGGTG
,TAATTTTAAT
,TAATTTTAAT
,TAATTTTAAT
,TGGTTTGGT
,TGTAACTTTTCTGAA
,TGTATTTTA
,TGTTTTTGT
,TTTCACTTT
,TTTTAGTGA
,ATAATAATA
,CAGGTGGAC
,GTAATAATG
,GTTTTATTC
,TTGTTACACATTGTT
,ATCACACTA
,CAAACACAAAC
,GTGGTGGTG
,TAATTTTAAT
,TACTTTTCAT
,TTTCACTTT
,AACTTTCAA
,AATGAGTAA
,ACAAAAACA
,ACATATTGT
,ACCTCACAT
,ACTACTTTA
,ACTATATCA
,ACTTTGTTAA
,AGAAGATAT
,AGTATTATGA
,ATATGTATA
,ATGTAACAA
,ATTATAATAATATTA
,ATTATAATT
,ATTATAATT
,ATTCTACTAA
,ATTCTGCCA
,CAATATAAC
,CACAATTAT
,CAGGTGGAC
,CATTCTTAC
,CCGATAGCC
,CGTTAACTAA
,GAAGGTTTT
,GAATTTAAG
,GTATGGATAA
,GTATTTAGT
,GTGGGTGTT
,GTGGTGGTG
,GTTGTTGTTG
,TAATTTTAAT
,TAATTTTAGT
,TAATTTTGA
,TACTTCTTGT
,TATAATTTTA
,TATTATTAT
,TATTTTTAT
,TATTTTTAT
,TATTTTTAT
,TCAGTAATTC
,TCATTGTAT
,TCTCTCTTCT
,TGAAAAATC
,TGTAACTTTTCTGAA
,TGTATTTTA
,TGTTGGTGTT
,TGTTGTTGT
,TTATACTAGT
,TTCTACTAAA
,TTGTCAGTTT
,TTGTCTGTT
,TTGTGATAA
,TTTAGTGGT
,TTTGTGATA
,TTTTAGTGA
,ATTATAATAATATTA
,CACTGTTTTT
,GTATTTTAGT
,TAATTTTAAT
,TACTTTTCAT
,TGTAACTTTTCT
,AGTGGTTAT
,ATAATATGAC
,ATAATATGA
,ATGTTGGTG
,ATTAGATTA
,ATTATAATAATATTA
,ATTTTAGTG
,CAGATTTTA
,GTGGTGGAC
,GTTTTATAAC
,GTTTTATTA
,TAATAATAT
,TAATTTTAAT
,TATTAACAT
,TATTATTAAT
,TATTCGTATT
,TCTTGGTCA
,TGGATAGGT
,TTCACCAAG
,TTGTTACACATTGTT
,TTGTTTTAT
,TTTAATTTT
,TTTGTTTGAC
,TTTTAATTTT
,TTTTCTTTT
,TTTTGTTTG
,AATTTATATG
,AATTTTACTT
,ATGTTGGTG
,ATGTTGGTG
,GATGTTGTAG
,TTAAATGGTG
,TTGTTACACATTGTT
,ATTATAATAATATTA
,TAGACCACCAGAT
,AACTTTCAA
,AAGGTGTTTA
,AATGAGTAA
,AATGGTGAT
,ACATATTGT
,ACCTCACAT
,ACTACTTTA
,ACTATATCA
,AGAAGATAT
,ATAAAAATA
,ATATGTATA
,ATGTAACAA
,ATTATAATAATATTA
,ATTATAATT
,ATTATAATT
,ATTCTACTAA
,CAATATAAC
,CACAATTAT
,CAGGTGGAC
,CGTTAACTAA
,GAATTTAAG
,GGTATGCAC
,GGTGAATTA
,GTATGGATAA
,GTGGTGGTG
,GTTGTTGTTG
,TAATTTTAAT
,TAATTTTAGT
,TACTAATTA
,TACTTTTCAT
,TATAATTTTA
,TATTATTAT
,TATTTTTAT
,TATTTTTAT
,TATTTTTAT
,TCAGTAATTC
,TGAAAAATC
,TGTAACTTTTCTGAA
,TGTATTTTA
,TGTTGTTGT
,TGTTTTTGT
,TTATACTAGT
,TTATACTAGT
,TTCTACTAAA
,TTGTCAGTT
,TTGTCTGTT
,TTGTGATAA
,TTTACTAAT
,TTTACTAAT
,TTTCACTTT
,TTTGGTATG
,TTTGTGATA
,TTTTAGTGGT
,TTTTTGTGG
,TTGTTACACATTGTT
,AAACGCAAA
,AAAGATGTT
,AAATGGACA
,AAATTATGA
,AAGACCAGAA
,AAGGTGGAA
,AATTGTTGT
,AATTTAAAT
,AATTTTTTAA
,ACATTATTTT
,ACCATACCA
,ACCCATTAT
,ACTTATTTA
,AGGACCTAAT
,AGTTTTTGA
,ATTCCTATT
,ATTGCGTTA
,CAGGAGGAC
,CATTATTAC
,CCAGTTAGT
,CTATTTTTA
,GAAGTTAAT
,GACATTATT
,GATGGTGATT
,GGTGTGTAT
,GTAAATTTA
,GTGGTTTTA
,GTTATAGTA
,GTTATAGTA
,GTTGTACTT
,GTTGTTGTTG
,TAAATGTTA
,TAAATGTTA
,TAAGAATTTT
,TAATTTTAAT
,TAGTGGTAA
,TAGTGGTGAT
,TATTTTTAT
,TATTTTTAT
,TATTTTTAT
,TCATGTACT
,TGATAATAGT
,TGCAGTGGT
,TGGTTTTGGT
,TGTTGTTGTT
,TGTTGTTGT
,TGTTGTTGT
,TGTTTTAAA
,TGTTTTAAA
,TTAACAATT
,TTAAGTAGT
,TTATTTATT
,TTTAAATGGT
,TTTAATAAA
,TTTAATTTT
,TTTATTAAA
,TTTATTAAA
,TTTCACTTT
,TTTGATTCA
,TTTTAATAA
,TTTTAATTTT
,TTTTGGTGTA
,TTTTGTTACACATTGTTTT
,TTTTTTAATC
,TTTTTTAAT
,TTGTTACACATTGTT
,TTGTTACACATTGTT
,AATTTAATAAT
,TTGTTACACATTGTT
,ATAAAAATA
,ATCTGTCTA
,CATTCTTAC
,CCATGACAGTACC
,CTAAATTTAAATC
,GATTTTTGT
,TAACGCAAT
,TAACTCAAT
,TATTCGTAT
,TCTACATCT
,TGTAACTTC
,TGTAAGGGT
,TTTCACTTT
,TTTGTTACGCATTGTTT
,TTTTCACTT
,TTTTGTTTT
,CAAACACAAAC
,TAATTTTAAT
,TCCTACCATCCT
,ATTATAATAATATTA
,CACGTGAGTGCAC
,CACTGTTTTT
,TAATTTTAAT
,TACTTTTCAT
,TGTAACTTTTCTGAA
,TTATACTAGT
,TAATGAAAGTAAT
,TTGTTACACATTGTT
,TAATTTTAAT
,CACTGTTTTT
,CATTTGCAGG
,TGTAACTTTTCTGAA
,TTATACTAGT
,TTGTTACACATTGTT
,TGTAACTTTTCTGAA
,ATTTTACATTTTA
,TAATGAAAGTAAT
,TAATTTTAAT
,ATAATATTAA
,ATTATAATAATATTA
,TAATTTTAAT
,TAGACCACCAGAT
,TTCTTTTCTT
,TTGTTACGCATTGTT
,TTTTAATTTT
,CAAACACAAAC
,TAATTTTAAT
,TACTTTTCAT
,AAACAACAACAAA
,ATTAAATGGT
,TAATAATTCT
,TAATTTTAAT
,TATTCGTATTG
,TCTGTATATTT
,TTAAATGGTG
,TTATGTGTATT
,TTTTAATTTT
,TTTTACAGAT
,AAGATTTTG
,AATGAGTAA
,AATTGTTTC
,ACATATTGT
,AGAGTGATG
,AGGTGTTTA
,AGTAGTTTT
,AGTGCTATTT
,AGTTTTAGA
,ATATGTATA
,ATCTGTCTA
,ATTACATCA
,ATTATAATAATATTA
,ATTATAATT
,CCAAAATGT
,GGACGACAT
,GTAATAATG
,GTAGTTTTAG
,GTCTATCTG
,GTCTGTCTG
,GTGTCTATT
,GTTGGGTTG
,GTTGTTGTTG
,TAAACAAAT
,TAATTTTAAT
,TAGTTTTAG
,TATTATTAT
,TATTCTTAT
,TCAGATGGT
,TCGATACCG
,TGATAATAGT
,TGATACACCA
,TGTTGGTCAG
,TGTTGTTGT
,TTAAAAATT
,TTACAGAAC
,TTATAATTCA
,TTATAATTCA
,TTATAATTTT
,TTATTACGG
,TTATTTTATT
,TTCTACTAA
,TTGTTACACATTGTT
,TTTATAATT
,TTTATTAAT
,TTTCACTTT
,TTTGTTCCA
,TTTGTTGTTT
,TTGTTACACATTGTT
,AGTATTATGA
,ATTATAATAATATTA
,TAATTTTAAT
,TACTTTTCAT
,TGTAACTTTTCTGAA
,TTATACTAGT
,ATTATAATAATATTA
,CACTGTTTTT
,TAATTTTAAT
,TACTTTTCAT
,TGTAACTTTTCT
,TTATACTAGT
,CAAACACAAAC
,TAATTTTAAT
,TACTTTTCAT
,TCCTACCATCCT
,TGTAACTTTTCTGAA
,AGTATTATGA
,ATTATAATAATATTA
,CACTGTTTTT
,CGAATTAAGC
,TAATGAAAGTAAT
,TAATTTTAAT
,TACTTTTCAT
,AATGGTCAT
,AGTGGTTAT
,ATAATATGAC
,ATAATATGA
,ATTAGATTA
,ATTATAATAATATTA
,ATTTTAGTG
,CAGATTTTA
,GTGGTGGAC
,GTTTTATAAC
,GTTTTATTA
,TAATAATAT
,TAATTTTAAT
,TATTAACAT
,TATTATTAAT
,TATTCGTATT
,TCTTGGTCA
,TGGATAGGT
,TTCACCAAG
,TTGTTACACATTGTT
,TTGTTTTAT
,TTTGTTTGAC
,TTTTAATTTT
,TTTTCTTTT
,TTTTGTTTG
,TTGTTACACATTGTT
,TAATTTTAAT
,TGTAACTTTTCTGAA
,TAATTTTAAT
,AACATAGTT
,AACTTTCAA
,AATGAGTAA
,ACACAAACA
,ACATATTGT
,ACCAGTTAT
,ACTATATCA
,ACTGTTCTT
,AGTAGTTTT
,AGTCTAATT
,ATAATAATA
,ATATGTATA
,ATCGCTTCA
,ATGTAACAA
,ATTATAATAATATTA
,ATTATAATT
,ATTATTCTA
,ATTCTACTA
,ATTGTCCGT
,CATTACTGC
,CTTCTAGAA
,CTTTTTAAT
,GAATTTAAG
,GTAAAAAAT
,GTAATTTTT
,TATGGATAA
,TATTATTAT
,TATTTTTAT
,TATTTTTAT
,TATTTTTAT
,TGAAAAATC
,TGTTGTTGT
,TGTTTTTGT
,TTATAATTT
,TTGTGATAA
,TTGTTACACATTGTT
,TTTAAATTT
,TTTCGGATA
,TTTGTGATA
,TTTTTGTGG
,AGTGGTTAT
,ATAATATGA
,ATGTTGGTG
,ATTATAATAATATTA
,ATTTTAGTG
,CAGATTTTA
,GTGGTGGAC
,GTTTTATAAC
,TAATAATAT
,TAATTTTAAT
,TATTAACAT
,TATTATTAAT
,TATTCGTATT
,TCTTGGTCA
,TGGATAGGT
,TTCACCAAG
,TTGTTACACATTGTT
,TTGTTTTAT
,TTTGTTTGAC
,TTTTAATTTT
,TTTTCTTTT
,TTTTGTTTG
,ATAATAATAATA
,ATAATAATA
,ATAATAATA
,ATAATAATA
,ATAATAATA
,ATTATAATAATATTA
,GGAATTTAAGG
,GTTACACATTG
,TAATTTTAAT
,TAGTGGTGAT
,TCAAACACAAACT
,TCTTCACTTCT
,TTAACCAATT
,TTATGCGTATT
,TTGTTGTTTAT
,TTTGTTGTTT
,TTGTTACTCATTGTT
,TTGTTACACATTGTT
,ATTATAATAATATTA
,CTCAACTTAA
,TAATTTTAAT
,TCAAACACAAACT
,TTATTTTATT
,TTTGTTACACATTGTTT
,TTTGTTGTTT
,CAAACACAAAC
,TAATTTTAAT
,TACTTTTCAT
,TCCTACCATCCT
,GTTACACATTG
,CAAACACAAAC
,TAATTTTAAT
,TTTTAATTTT
,AGTATTATGA
,ATATAATATA
,ATTATAATAATATTA
,CACTGTTTTT
,TAATTTTAAT
,TACTTTTCAT
,TGTAACTTTTCTGAA
,TTATACTAGT
,AACTTTCAA
,AAGGTGTTTA
,AATGAGTAA
,ACATATTGT
,ACTACTTTA
,ACTATATCA
,AGAAGATAT
,AGTACTTTT
,ATATGTATA
,ATGTAACAA
,ATTATAATAATATTA
,ATTATAATT
,ATTATAATT
,ATTCTACTAA
,ATTCTGCCA
,CAATATAAC
,CACAATTAT
,CACTGTTTTT
,CAGGTGGAC
,CATTCTTAC
,CGTTAACTAA
,GAATTTAAG
,GGTGAATTA
,GTATGGATAA
,GTGGTGGTG
,GTTGTTGTTG
,TAACAACTT
,TAATTTTAAT
,TAATTTTAGT
,TAATTTTGA
,TACTAATTA
,TACTTTTCAT
,TATAATTTTA
,TATTATTAT
,TATTTTTAT
,TATTTTTAT
,TATTTTTAT
,TCAGTAATTC
,TGAAAAATC
,TGTAACTTTTCTGAA
,TGTATTTTA
,TGTTGTTGT
,TGTTTTTGT
,TTATACTAGT
,TTCTACTAAA
,TTGTCAGTTT
,TTGTCTGTT
,TTGTGATAA
,TTTACTAAT
,TTTCACTTT
,TTTGTGATA
,TTTTAGTGA
,TTTTTGTGG
,AAAGGCCTGCT
,AACGGCGAT
,AGCGAGCGA
,AGTGCGTGA
,CAGACCCAGAC
,CGCCGCCGC
,CGTGCGTGC
,CTGCTGCTA
,GCGAGCGAA
,GCGGCGGCG
,GCGTATGCG
,GTGTATGTG
,GTGTATTTT
,GTGTTTGTG
,GTGTTTGTG
,GTGTTTGTG
,GTTTGTGTA
,TAGCGCGAT
,TAGCGCGGCGA
,TATGCGTAT
,TATGTGTAT
,TATTATTAT
,TGTATTTTA
,CAAACACAAAC
,TAATTTTAAT
,TACTTTTCAT
,TCCTACCATCCT
,AAAGGTGTTT
,AATTTTAGTG
,ACATTATTAA
,ACCATCAGGT
,ACTTTGTTAA
,ATTATAATAATATTA
,GGTGTTGTTGTGG
,GTTGTTGTGGGTGTTGTTG
,TAATAGTTTT
,TACTCCTATT
,TACTTTTCAT
,TATTCAAACTTAT
,TATTTTTAT
,TATTTTTAT
,TATTTTTAT
,TGTATGGTTC
,TTTATAATTT
,TTTGTTACACATTGTTT
,AGTGGTTAT
,ATAATATGAC
,ATAATATGA
,ATGTTGGTG
,ATTAGATTA
,ATTATAATAATATTA
,ATTTTAGTG
,GTGGTGGAC
,GTTTTATAAC
,GTTTTATTA
,TAATAATAT
,TAATTTTAAT
,TATTAACAT
,TATTATTAAT
,TATTCGTATT
,TCTTGGTCAA
,TGAAAAAAGT
,TGGATAGGT
,TTCACCAAG
,TTGTTACACATTGTT
,TTGTTTTAT
,TTTAATTTT
,TTTGTTTGAC
,TTTTAATTTT
,TTTTCTTTT
,TTTTGTTTG
,ACATTGTTACA
,TTGTTACACATTGTT
,ATATAATATA
,ATTATAATAATATTA
,TAATTTTAAT
,TACTTTTCAT
,TGTAACTTTTCTGAA
,TGTATTTTAG
,TTATACTAGT
,ACTACCAAAG
,CACTGTTTTT
,TAATTTTAAT
,TACTTTTCAT
,TGTAACTTTTCTGAA
,TTATACTAGT
,TTGTCACACACTGTT
,ATTCAAACTTA
,CAAACACAAAC
,TAATTTTAAT
,TTTTAATTTT
,ATGTTGGTG
,ATGTTGGTG
,TTGTTACACATTGTT
,AACTTTCAA
,AAGGTGTTTA
,AAGTTATTG
,AATGGTGAT
,ACATATTGT
,ACTACTTTA
,ACTATATCA
,AGAAGATAT
,AGTACTTTT
,ATATGTATA
,ATGTAACAA
,ATTATAATT
,ATTCTGCCA
,CAATATAAC
,CACAATTAT
,CACTGTTTTT
,CAGGTGGAC
,CATTCTTAC
,CCTATTTTTA
,GAATTTAAG
,GGTAATATA
,GGTGAATTA
,GTATGGATAA
,GTGGTGGTG
,GTTAACTAA
,GTTGTTGTTG
,TAATTTTAAT
,TACAGCACA
,TACTTTTCAT
,TATGGGTCT
,TATGGTTTT
,TATTATTAT
,TATTCTTCTA
,TATTTTTAT
,TATTTTTAT
,TATTTTTAT
,TCAGTAATTC
,TGAAAAATC
,TGTAACTTTTCTGAA
,TGTATTTTA
,TGTTGTTGT
,TTGTCAGTTT
,TTGTCTGTT
,TTGTGATAA
,TTTCACTTT
,TTTCTCTTT
,TTTGTGATA
,TTTTAGTGA
,TTTTAGTGGT
,TTTTTGTGG
,CAAACACAAAC
,TAATTTTAAT
,TTTTAATTTT
,CAAACACAAAC
,TAATTTTAAT
,TACTTTTCAT
,TCCTACCATCCT
,TTGTTACACATTGTT
,CAAACACAAAC
,TAATTTTAAT
,TTTTAATTTT
,CACTGTTTTT
,CATTTGCAGG
,TGTAACTTTTCTGAA
,TTATACTAGT
,TTGTTACACATTGTT
,AAGGTGTTTA
,ACTTTGTTAA
,AGTATTATGA
,ATTATAATAATATTA
,ATTATAATT
,ATTATAATT
,ATTCTACTAA
,CACTGTTTTT
,CGTTAACTAA
,GTATGGATAA
,GTTGTTGTTG
,TAATTTTAAT
,TAATTTTAGT
,TACTTTTCAT
,TATAATTTTA
,TATTTTTAT
,TATTTTTAT
,TATTTTTAT
,TCAGTAATTC
,TGTAACTTTTCTGAA
,TGTTGGTGTT
,TTCTACTAAA
,TTGTCAGTTT
,TTTACTAAT
,TTTACTAAT
,TTTTAGTGGT
,ATTATAATAATATTA
,CTAAATTTAAATC
,TTATAATAA
,TTATAATAA
,TTTGTTACACATTGTTT
,ATTATAATAATATTA
,ATTAGTCTTT
,GTTCTCTTG
,TGTTTTTGT
,TTAACAATT
,TTCAAAATGG
,TTTACATTT
,AACTTATAA
,AACTTTCAA
,AAGGTTAAC
,AATCACTAA
,AATGAGTAA
,ACGCCATAC
,ACTACATCA
,ACTTCTTTTG
,ATAATATTA
,ATATGTATA
,ATATTCAAA
,ATGACAGTA
,ATGGTGGTC
,ATTATAATAATATTA
,ATTATAATT
,CATAATTTTG
,CGACTCAGC
,CTATTAATA
,CTGCACAAG
,CTTGGTCTA
,GATTATAAT
,GCGTATGCG
,GGTGGTAAA
,GGTGTTGTGG
,GTAATTTTAG
,GTGCTCGTG
,GTTAAGCAG
,GTTGTTGTTG
,TAATTCACT
,TAATTTTAAT
,TAATTTTGA
,TATTCTTCTA
,TATTTTTAT
,TGCGACAACA
,TGGATTACC
,TGGTTTTAA
,TGTTGTTGT
,TTAAATGGTG
,TTAATAATT
,TTAATACTA
,TTAATATTT
,TTATAATTT
,TTGTTACACATTGTT
,TTTAATTTT
,TTTACTAAT
,TTTATAATTT
,TTTCACTTT
,TTTCTCTTT
,TTTGTATGAC
,TTTTAATTTT
,TTTTGAATG
,GAAGGTGGTGT
,ATTATAATAATATTA
,GTATTTTAGT
,TAATTTTAAT
,TACTTTTCAT
,TGTAACTTTTCTGAA
,TTAACCAATT
,TTGTCAGTTT
,ATTATAATAATATTA
,TGTAACTTTTCT
,ATAATTATAA
,ATTATAATAATATTA
,TATTCAAACTTAT
,TTTGTTACACATTGTTT
,CAAACACAAAC
,TAATTTTAAT
,TTTTAATTTT
,ATGAAGGAAGTA
,GGTGCTATATCGTGG
,TTTGTTACACATTGTTT
,CAAACACAAAC
,TAATTTTAAT
,TACTTTTCAT
,TCCTACCATCCT
,CTAAATTTAAATC
,ATTATAATAATATTA
,CACTGTTTTT
,TAATTTTAAT
,TAATTTTAAT
,TAATTTTAAT
,TACTTTTCAT
,TGTAACTTTTCTGAA
,TTAATTAATT
,TTATACTAGT
,CCATGACAGTACC
,CTAAATTTAAATC
,GATTTTTGT
,TGTTTTTAG
,TTTGTTACGCATTGTTT
,TTGTTACACATTGTT
,ATTATAATAATATTA
,TGTAACTTTTCTGAA
,AAAATTAAT
,AACTTTCAA
,AATGAGTAA
,ACATATTGT
,ACTATATCA
,ACTTTGTTAA
,AGAAGATAT
,AGTACTTTT
,ATGTAACAA
,ATTATAATAATATTA
,ATTATAATT
,ATTATAATT
,ATTTCACAT
,CAATATAAC
,CACAATTAT
,CACTGTTTTT
,CAGGTGGAC
,CATTACTGC
,CATTTGCAGG
,CGTTAACTAA
,GAAGATGTT
,GAATTTAAG
,GGTGAATTA
,GTAGAAGATG
,GTATGGATAA
,GTGATAATT
,GTGGTGGTG
,GTTGTTGTTG
,TAATTTTAAT
,TACTAATTA
,TACTTTTCAT
,TAGACCAGAT
,TATTATTAT
,TATTCTTCT
,TATTTTTAT
,TATTTTTAT
,TATTTTTAT
,TCCTGTCCT
,TCTATCGTG
,TCTCTCTCT
,TGAAAAATC
,TGTAACTTTTCTGAA
,TGTATTTTA
,TGTTGGTCA
,TGTTGGTGTT
,TGTTGTTGT
,TGTTTTTGT
,TTAACAATT
,TTATACTAGT
,TTATTACGG
,TTGTCAGTTT
,TTGTCTGTT
,TTGTGATAA
,TTTACTAAT
,TTTACTAAT
,TTTCACTTT
,TTTGTGATA
,TTTTAATTTT
,TTTTAATTT
,TTTTAGACCA
,TTTTAGTGA
,TTTTTGTGG
,TTGTTACACATTGTT
,CAAACACAAAC
,TAATTTTAAT
,TAATTTTAAT
,AAGGTGTTTA
,ACTTTGTTAA
,ATTATAATAATATTA
,ATTATAATT
,ATTATAATT
,CACTGTTTTT
,CGTTAACTAA
,GTATGGATAA
,GTTGTTGTTG
,TAATTTTAAT
,TAATTTTAGT
,TACTTTTCAT
,TAGTGTCTGG
,TATTCGTATT
,TATTTTTAT
,TATTTTTAT
,TATTTTTAT
,TCAGTAATTC
,TGTAACTTTTCTGAA
,TGTTGGTGTT
,TTGTCAGTTT
,TTTACTAAT
,TTTACTAAT
,TTTATAATTT
,TTTTAGTGGT
,ATTATAATAATATTA
,TAATCACACTAAT
,TGTAACTTTTCTGAA
,CGCGGGCGC
,GGCGCGATTT
,GTGTTTGTG
,TAGCGCGAT
,TTTGTGGTGTTT
,AGTGGTTAT
,ATAATATGAC
,ATAATATGA
,ATGTAATTA
,ATGTTGGTG
,ATTATAATAATATTA
,ATTTTAGTG
,CAGATTTTA
,GTGGTGGAC
,GTTTTATAAC
,TAATAATAT
,TAATTTTAAT
,TATTAACAT
,TATTATTAAT
,TATTCGTATT
,TCTTGGTCA
,TGGATAGGT
,TTCACCAAG
,TTGTTACACATTGTT
,TTGTTTTAT
,TTTGTTTGAC
,TTTTAATTTT
,TTTTCTTTT
,TTTTGTTTG
,ACTTATATTA
,AGAACCAAGA
,GTAGAAGATG
,GTATGGATAA
,GTTGTTGTTG
,TATTCTTCTA
,TCAGTAATTC
,ACGTAATGCA
,ATTATAATAATATTA
,TAATTTTAAT
,TACTTTTCAT
,TTAAATGGTG
,CAAACACAAAC
,TAATTTTAAT
,TACTTTTCAT
,TCCTACCATCCT
,GTTACACATTG
,TCTGTATATTT
,CAAACACAAAC
,TAATTTTAAT
,TACTTTTCAT
,TCCTACCATCCT
,TTTTAATTTT
,AAAGTGGTG
,AACTTTCAA
,AATATTAATA
,AATGAGTAA
,ACAACATTAC
,ACATATTGT
,ACATATTTGT
,ACTACTTTA
,ACTATATCA
,AGTAGTTTT
,ATAAAAATA
,ATATGTATA
,ATCGCTTCA
,ATCTGTCTA
,ATGGTGGTTT
,ATGTAACAA
,ATTATAATT
,ATTATAATT
,ATTGTAATT
,CATTCTTAC
,CCATGACAGTACC
,CTAAATTTAAATC
,CTAACACTA
,CTAAGAATC
,CTACTTTAT
,GATTTTTGT
,GGTATGCAC
,GTACTTTTT
,GTATGGATAA
,GTTAACTAA
,GTTGTTGTTG
,TAACGCAAT
,TAACTCAAT
,TAATTCATT
,TAATTTTAAT
,TAATTTTAG
,TAGTTAAAG
,TATAACAAC
,TATTATTAT
,TATTCGTAT
,TATTTTTAT
,TATTTTTAT
,TATTTTTAT
,TCAGTAATTC
,TCATTGTAA
,TCTACATCT
,TGAAAAATC
,TGTAACTTC
,TGTTGAGTA
,TGTTGTTGT
,TTCTACTAAA
,TTGTCTGTT
,TTGTGATAA
,TTTACTAATT
,TTTACTAAT
,TTTATAATTT
,TTTCACTTT
,TTTCTCTTT
,TTTGGTATG
,TTTGTGATA
,TTTGTTACGCATTGTTT
,TTTTCACTT
,TTTTGTTTT
,TTTTTAATG
,TTTTTGTGG
,AATTTTACT
,AATTTTACT
,TTTGTTACACATTGTTT
,ATGACAGTA
,GCGTATGCG
,TACAAACAT
,TTAATAATT
,TTAATATTT
,TTGTTACACATTGTT
,AATTTATATG
,GATGTTGTAG
,TTGTTACACATTGTT
,ACGTAATGCA
,ATAATATTA
,ATAATATTA
,ATTATAATAATATTA
,ATTATAATATTA
,ATTATAATA
,CACTGTTTTT
,TAACACAACT
,TAATAATTAT
,TAATGGTAAT
,TATAATATTA
,ACTAATAAT
,ATTGTTTTA
,CTTGTGTTC
,GAAGGGAAG
,TTGTTTTAT
,CAAACACAAAC
,TAATTTTAAT
,TTTTAATTTT
,AAAAGAACT
,AACTTATAA
,AATCACTAA
,AATCTAATA
,ACAGATGTT
,ACTACATCA
,AGGTATGGA
,ATAATATTA
,ATAATTTTA
,ATATGTATA
,ATATTCAAA
,ATTATAATAATATTA
,ATTTTAATG
,CGACTCAGC
,CTATTAATA
,CTGCACAAG
,GACGTCAAC
,GATTATAAT
,GGTGGTAAA
,GTATTGTTG
,GTGCTCGTG
,GTTAAGCAG
,TAAATGGTG
,TAATTCACT
,TAATTTTAG
,TACTTCTAT
,TATTTTAAT
,TATTTTTAT
,TCTATAGAA
,TGTTGGTCA
,TGTTGTTGT
,TTAATAATT
,TTGTTACACATTGTT
,TTTAAATTT
,TTTAATTTT
,TTTCACTTT
,TTTCTCTTT
,CTAAATTTAAATC
,TTTGTTACGCATTGTTT
,CAAACACAAAC
,TAATTTTAAT
,TACTTTTCAT
,TCCTACCATCCT
,AAAAGAACT
,AACAGTTTC
,AAGTGCTAT
,AATCACTAA
,AATGAGTAA
,ACATTAACT
,ACCATACCA
,ACTACATCA
,AGTGTTTGT
,ATATGTATA
,ATGTTGGTG
,ATGTTGGTG
,ATTTATATG
,CAACACAAC
,CTCATAACT
,GGTGGTAAA
,GTCAATACT
,GTCAATGGT
,GTGAAAGTA
,GTGCTCGTG
,GTGGTGGAC
,TAATTATTT
,TAGTTTTAG
,TATATGTAT
,TATTTTTAT
,TGTTGGTCA
,TGTTGTTGT
,TTAATAATT
,TTATAATTT
,TTATCGTGA
,TTCTGTCTT
,TTGACAGTT
,TTGTTACACATTGTT
,TTTAAATTT
,TTTATCGTG
,TTTCTCTTT
,TTTTATTTT
,AAATATAAA
,AACTGGTTT
,AAGAGAGAA
,AAGTTTGAA
,ACATTTACA
,ACTTTACAA
,AGTGTAGAT
,CATTTACATGGT
,TATTATTAT
,TTAAATGTT
,TTATGGTAA
,TTCTTTCTT
,TTGTCATCA
,TTGTCCTTT
,TAATTTTAAT
,TAATCATACTAAT
,ATTATAATAATATTA
,TGTAACTTTTCTGAA
,ATAAAAATA
,ATCTGTCTA
,CATTCTTAC
,CCATGACAGTACC
,CTAAATTTAAATC
,GATTTTTGT
,TAACGCAAT
,TAACTCAAT
,TATTCGTAT
,TCTACATCT
,TGTAACTTC
,TGTAAGGGT
,TTTCACTTT
,TTTGTTACGCATTGTTT
,TTTTCACTT
,TTTTGTTTT
,TTTTTAATG
,ATTATAATAATATTA
,TTGTTACACATTGTT
,AGGCAACGGA
,ATAACTCAATA
,ATTATAATAATATTA
,ATTCAAACTTA
,CAAACACAAAC
,CATTCGTATT
,TAATTTTAAT
,TTTGTTACACATTGTTT
,TTTTAATTTT
,AATGGTGAT
,ACAACAACA
,ATCAAACTA
,ATGCTTCTT
,CATTCTTAC
,CTATTAATA
,GTGATTTTAATG
,GTGGTGGTG
,TAAGTTTAA
,TCAAAGTTT
,TGACTCAGT
,TGTGTGCGC
,TTAATCAAA
,TTGTCTGTT
,ATTCAAACTTA
,CAAACACAAAC
,TAATTTTAAT
,TTTTAATTTT
,TCTGGTAACTG
,CAAACACAAAC
,TAATTTTAAT
,TACTTTTCAT
,TTGTTACACATTGTT
,ATTATAATAATATTA
,TTGTTACACATTGTT
,TTGTTACACATTGTT
,GCGTATGCG
,TACAAACAT
,TTAATAATT
,TTAATATTT
,TTGTTACACATTGTT
,CATTTGCAGG
,TGTAACTTTTCTGAA
,TTATACTAGT
,CTAAATTTAAATC
,ATTCAAACTTA
,CAAACACAAAC
,TAATTTTAAT
,TTTTAATTTT
,CCATGACAGTACC
,GTTACGCATTG
,TAATCAAACTAAT
,TTTCAGACTTT
,AATTTAATAAT
,ATTCAAACTTA
,TTGTTACACATTGTT
,TTGTTACACATTGTT
,ATTATAATAATATTA
,TGTAACTTTTCTGAA
,CACTGTTTTT
,CATTTGCAGG
,TGTAACTTTTCTGAA
,TTGTTACACATTGTT
,CAAACACAAAC
,TAATTTTAAT
,ATGTTGGTG
,ATGTTGGTG
,TTGTTACACATTGTT
,AAAAGAACT
,AACAGTTTC
,AAGTGCTAT
,AAGTTGTTT
,AATCACTAA
,AATGAGTAA
,ACATTAACT
,ACCATACCA
,ACTACATCA
,AGTGTTTGT
,ATATGTATA
,ATGTTGGTG
,CAACACAAC
,CTCATAACT
,GGTGGTAAA
,GTCAATACT
,GTCAATGGT
,GTGAAAGTA
,GTGCTCGTG
,GTGGTGGAC
,TAATGAAAG
,TAATTATTT
,TAGTTTTAG
,TATATGTAT
,TATTTTTAT
,TGTTGGTCA
,TGTTGTTGT
,TTAATAATT
,TTATAATTT
,TTATCGTGA
,TTCTGTCTT
,TTGACAGTT
,TTGTTACACATTGTT
,TTTAAATTT
,TTTATCGTG
,TTTCTCTTT
,TTTTATTTT
,TAATTTTAAT
,TAATTTTAAT
,TTGTTACACATTGTT
,AATTTATATG
,GATGTTGTAG
,TTGTTACACATTGTT
,CTAAATTTAAATC
,TTTGTTACGCATTGTTT
,ATCATTGTAA
,ATTCTGACTT
,GAAGATGTT
,GAAGATGTT
,GTAGAAGATG
,GTAGTTTTAG
,GTTGTTGTTG
,TAATAGTTTT
,TAATTTTAAT
,TCATCTTCTT
,TCATTGTAA
,TCATTGTAA
,TGCATTTTAA
,TTATTCTTCT
,TTGTTACACATTGTT
,TTTTAATTTT
,AATGGTGAT
,ATAATATTA
,ATTATAATAATATTA
,ATTATAATATTA
,ATTATAATA
,ATTTTAATT
,CAGGTGGAC
,CATTCTTAC
,GAATTTAAG
,GTGGTGGTG
,TAATATTAT
,TAATGAAAGTAAT
,TAATTTTAA
,TGTAACTTTTCT
,TGTATTTTA
,TGTTTTTGT
,TTAACAACT
,TTAAGCACGAATT
,TTCACTTTT
,TTTCACTTT
,TTTTAGTGA
,TTTTATTTT
,ATTCAAACTTA
,CAAACACAAAC
,TAATTTTAAT
,TTTTAATTTT
,TTGTTACACATTGTT
,CAAACACAAAC
,TAATTTTAAT
,TACTTTTCAT
,ATTGTTTTA
,CAACACAAC
,GAATTTAAG
,TGTTTTATT
,TTTTATTTT
,AAAATGGTG
,AAATAATTT
,AATAATTTTA
,AATATAACT
,AATTCATAA
,ACAATATGG
,ACCTTCTAGT
,AGAAAAATC
,AGTAATTAA
,AGTTTAAAT
,ATAAAAATA
,ATAATAATA
,ATAATATTA
,ATACACTTT
,ATATGTATA
,ATATTATACT
,ATTTGCTAC
,CAATATAAC
,CACATACAC
,CAGATTTTAA
,CAGGCGGAC
,CATATTATAC
,CATTGTTAC
,CTCTTGGTCA
,CTTTAATTTC
,CTTTACATCA
,GACAAGATAGAACAG
,GATGATGTAGTAG
,GCTTTGTTG
,GGACCCAGG
,GGATTTAGG
,GTCAATATA
,GTGGTTTTA
,GTGTTTAAT
,GTTAAAATTG
,GTTTTAGGA
,TAAAAATAAT
,TAAACTCAT
,TAAATGTTA
,TAAATGTTA
,TAATAATAAT
,TATAATATTA
,TATCTTCTAT
,TCAAGAACT
,TCCTGTCCT
,TGACAGTCC
,TGATTTTAGT
,TGCAAGAAA
,TGGAAAAGA
,TGGTTCTCTTGGT
,TGGTTTTAA
,TGTTAAAAT
,TGTTGTTGT
,TTAAAGGTG
,TTATTCTGC
,TTCTGAAAA
,TTGCCCGTT
,TTGTTGTCG
,TTTAAAAAT
,TTTAATTTC
,TTTACATTT
,TTTAGACCT
,TTTTAATTT
,TTTTAATTT
,TTTTAGACC
,TTTTAGGTTT
,TTTTATTTT
,TTTTTGTGG
,TAATTTTAAT
,TTGTTACACATTGTT
,ATTATAATAATATTA
,CACTGTTTTT
,GTATTTTAGT
,TAATTTTAAT
,TACTTTTCAT
,TGTAACTTTTCT
,TTGTTACTCATTGTT
,CAAACACAAAC
,TAATTTTAAT
,TACTTTTCAT
,TAATGAAAGTAAT
,TAATTTTAAT
,CCATGACAGTACC
,TGTAACTTTTCT
,TTGTTACACATTGTT
,AACTTATAA
,AACTTTCAA
,AAGGTTAAC
,AATCACTAA
,AATGAGTAA
,ACGCCATAC
,ACTACATCA
,ATAATATTA
,ATATGTATA
,ATATTCAAA
,ATGACAGTA
,ATGGTGGTC
,ATTATAATAATATTA
,ATTATAATT
,CGACTCAGC
,CTATTAATA
,CTGCACAAG
,CTTGGTCTA
,GATTATAAT
,GGTGGTAAA
,GTATTGTTG
,GTGCTCGTG
,GTTAAGCAG
,TAATTCACT
,TATAAATAT
,TATTTTTAT
,TGGTTTTAA
,TGTTGTTGT
,TTAATAATT
,TTATAATTT
,TTGTTACACATTGTT
,TTTAATTTT
,TTTCACTTT
,TTTTGAATG
,CAAACACAAAC
,TAATTTTAAT
,TACTTTTCAT
,CAAACACAAAC
,TAATTTTAAT
,TACTTTTCAT
,TCCTACCATCCT
,ATTATAATAATATTA
,CACTGTTTTT
,GTATTTTAGT
,TAATTTTAAT
,TACTTTTCAT
,TGTAACTTTTCT
,TTGTTACACATTGTT
,ATAAAAATA
,ATCTGTCTA
,CATTCTTAC
,CCATGACAGTACC
,CTAAATTTAAATC
,TAACGCAAT
,TAACTCAAT
,TATTCGTAT
,TCTACATCT
,TGTAACTTC
,TGTAAGGGT
,TTGTTTTAA
,TTTCACTTT
,TTTGTTACGCATTGTTT
,TTTTAATGT
,TTTTCACTT
,TTTTTAATG
,AGTATTATGA
,ATTATAATAATATTA
,CACTGTTTTT
,TAATTTTAAT
,TACTTTTCAT
,AACTTTTCAA
,CAAACACAAAC
,TAATTTTAAT
,TGTAACTTTTCTGAA
,ATTATAATAATATTA
,CACTGTTTTT
,GTATTTTAGT
,TAATTTTAAT
,TACTTTTCAT
,TGTAACTTTTCT
,ATTATAATAATATTA
,CACTGTTTTT
,GTATTTTAGT
,TAATTTTAAT
,TACTTTTCAT
,TGTAACTTTTCT
,ATTATAATAATATTA
,TGTAACTTTTCTGAA
,AAGGTTGGAA
,AAGTAATGCT
,AATATTAATA
,CCATGACAGTACC
,CTAAATTTAAATC
,GAATTATATT
,TAATTTTAAT
,TGATTTTAGT
,TTTGTTACGCATTGTTT
,AATAATTAT
,AATGGTGAT
,ATTATAATAATATTA
,CAATATAAC
,CATTCTTAC
,CTAAATTTAAATC
,GAATTTAAG
,GTGGTGGTG
,TGTAACTTC
,TGTGGGTGT
,TGTTTTTGT
,TTAACAATT
,TTAAGCACGAATT
,TTACACATT
,TTCATACTT
,TTTACTTTT
,AAAAGAACT
,AACAGTTTC
,AAGTGCTAT
,AATCACTAA
,AATGAGTAA
,ACATTAACT
,ACCATACCA
,ACTACATCA
,AGTGTTTGT
,ATATGTATA
,ATGTTGGTG
,CAACACAAC
,CTCATAACT
,GGTGGTAAA
,GTCAATACT
,GTCAATGGT
,GTGAAAGTA
,GTGCTCGTG
,GTGGTGGAC
,TAATTATTT
,TATATGTAT
,TATTTTTAT
,TGTTGGTCA
,TGTTGTTGT
,TTAATAATT
,TTATAATTT
,TTATCGTGA
,TTCTGTCTT
,TTGACAGTT
,TTGTTACACATTGTT
,TTTAAATTT
,TTTATCGTG
,TTTCTCTTT
,TTTTATTTT
,CAAACACAAAC
,TAATTTTAAT
,TACTTTTCAT
,TTGTTACACATTGTT
,CCATGACAGTACC
,CTAAATTTAAATC
,TTTGTTACGCATTGTTT
,AAGGTGTTTA
,ACGTTTACCA
,AGAATGGTGT
,ATTATAATAATATTA
,GTATGGATAA
,GTTGTTGTTG
,TAATTTTAAT
,TAGTGGTGAT
,TATTCTTCTA
,TATTTTTAT
,TATTTTTAT
,TATTTTTAT
,TCAGTAATTC
,TTAACCAATT
,TTATAATTTT
,TTTGTTGTTT
,AATATTAATA
,ATAAAAATA
,ATCTGTCTA
,CCATGACAGTACC
,CTAAATTTAAATC
,GATTTTTGT
,TAACGCAAT
,TAACTCAAT
,TAATTTTAAT
,TATTCGTAT
,TCTACATCT
,TGTAACTTC
,TTAAATGGTG
,TTTCACTTT
,TTTGTTACGCATTGTTT
,TTTTCACTT
,TTTTGTTTT
,TTTTTAATGG
,TAATTTTAAT
,TCAAACACAAACT
,AATGAAAGTAA
,TATAATAATAT
,TGTTATATTGT
,TTGTTACTCATTGTT
,ATCACACTA
,CAAACACAAAC
,GTGGTGGTG
,TAATTTTAAT
,TACTTTTCAT
,TTTCACTTT
,AAGGTGTTTA
,ACTTTGTTAA
,ATTATAATAATATTA
,ATTATAATT
,ATTATAATT
,ATTATAATT
,ATTATAATT
,ATTCTACTAA
,CACTGTTTTT
,CGTTAACTAA
,GTATGGATAA
,GTTGTTGTTG
,TAATTTTAAT
,TACTAATCAT
,TACTTTTCAT
,TATAATTTTA
,TATTTTTAT
,TATTTTTAT
,TATTTTTAT
,TCAGTAATTC
,TGTAACTTTTCTGAA
,TGTTGGTGTT
,TTCTACTAAA
,TTGTCAGTTT
,TTTACTAAT
,TTTACTAAT
,CAAACACAAAC
,GTGGTGGTG
,TAATTTTAAT
,TACTTTTCAT
,TTGACAGTT
,TTTCACTTT
,AACTTATAA
,AACTTTCAA
,AAGGTTAAC
,AATCACTAA
,AATGAGTAA
,ACGCCATAC
,ACTACATCA
,ACTTCTTTTG
,ATAATATTA
,ATATGTATA
,ATATTCAAA
,ATATTTGTG
,ATGACAGTA
,ATGGTGGTC
,ATTATAATAATATTA
,ATTATAATT
,CATAATTTTG
,CGACTCAGC
,CTATTAATA
,CTGCACAAG
,CTTGGTCTA
,GATTATAAT
,GCGTATGCG
,GGTGGTAAA
,GGTGTTGTGG
,GGTGTTTAT
,GGTGTTTAT
,GTAATTTTAG
,GTGCTCGTG
,GTTAAGCAG
,GTTGTTGTTG
,TAATTCACT
,TAATTTTAAT
,TAATTTTGA
,TATTCTTCTA
,TATTTTTAT
,TGCGACAACA
,TGGATTACC
,TGGTTTTAA
,TGTTGTTGT
,TTAAATGGTG
,TTAATAATT
,TTAATACTA
,TTAATATTT
,TTATAATTT
,TTCAGACCA
,TTGTTACACATTGTT
,TTTAATTTT
,TTTATAATTT
,TTTCACTTT
,TTTCTCTTT
,TTTTAATTTT
,TTTTGAATG
,ACGTAATGCA
,ATAATATTA
,ATAATATTA
,ATTATAATAATATTA
,ATTATAATATTA
,ATTATAATA
,CACTGTTTTT
,TAACACAACT
,TAATAATTAT
,TAATGGTAAT
,TAATTTTAAT
,TATAATATTA
,TTAAATGGTG
,TAATTTTAAT
,ATTATAATAATATTA
,TGTAACTTTTCTGAA
,AAGGTGTTTA
,ACGTTTACCA
,AGAATGGTGT
,ATTATAATAATATTA
,GTATGGATAA
,GTTGTTGTTG
,TAATTTTAAT
,TAGTGGTGAT
,TATTCTTCTA
,TATTTTTAT
,TATTTTTAT
,TATTTTTAT
,TCAGTAATTC
,TTAACCAATT
,TTATAATTTT
,TTTGTTGTTT
,AACTTTCAA
,AAGATTTTG
,AAGGTGTTTA
,AATACTGGC
,AATAGTGTT
,AATTCTCTTAA
,ACATATTGT
,ACTATATCA
,AGAAGATAT
,AGGTATGCA
,AGTAGTTTT
,AGTGGTGAT
,ATATGTATA
,ATCAGACTA
,ATCATACTT
,ATGTAACAA
,ATTATAATAATATTA
,ATTATAATT
,ATTATAATT
,ATTTCACAT
,CACAAACTA
,CACAATTAT
,CATTCTTAC
,CATTGTCAGT
,CTTTAACGG
,GGAATTTAAGG
,GGTAATTGTCC
,GGTAATTGT
,GTAGTTTTA
,GTATGGATAA
,GTGTTCATA
,GTTACACATTG
,TAACCAATT
,TAATTCATT
,TAATTTTAAT
,TAGTGGTCA
,TAGTGGTGAT
,TATAATTTTA
,TATATGTAT
,TATTATTAT
,TATTCTTAT
,TATTCTTCTA
,TATTTTTAT
,TATTTTTAT
,TATTTTTAT
,TCAAGGTAT
,TCAGTAATTC
,TCTATAATTT
,TCTCTCTTCT
,TCTTCACTTCT
,TGAAAAATC
,TGAATAAGT
,TGATTTCACA
,TGTTGAGTA
,TGTTGTTGT
,TTAACCAATT
,TTATCGTGAGA
,TTATGCGTATT
,TTGTCTGTT
,TTGTGATAA
,TTTACTAAT
,TTTGTGATA
,TTTGTTGTTT
,TTTTCAAGG
,TTTTTGTGG
,TTGTTACACATTGTT
,CTAAATTTAAATC
,TTTGTTACGCATTGTTT
,CTAAATTTAAATC
,AAAATTAAAA
,ATTAAAATTA
,GTTTGTGTTTG
,TAAGTTTGAAT
,TAATTTTAAT
,AAAGGCCTGCT
,AGCGAGCGA
,AGTGCGTGA
,CAGACCCAGAC
,CGCCGCCGC
,CGTGCGTGC
,CTGCTGCTA
,GCCATACCG
,GCGAGCGAA
,GCGGCGGCG
,GCGTATGCG
,GTATTTTGT
,GTGTATGTG
,GTGTATTTT
,GTGTTTGTG
,GTGTTTGTG
,GTGTTTGTG
,GTTTGTGTA
,TAGCGCGAT
,TAGCGCGGCGA
,TATGCGTAT
,TATGTGTAT
,TATTATTAT
,TGTATTTTA
,TAATTTTAAT
,ATAAAAATA
,ATCTGTCTA
,CATTCTTAC
,CCATGACAGTACC
,CTAAATTTAAATC
,GATTTTTGT
,TAACGCAAT
,TAACTCAAT
,TATTCGTAT
,TCTACATCT
,TGTAACTTC
,TTTCACTTT
,TTTGTTACGCATTGTTT
,TTTTCACTT
,TTTTGTTTT
,AACGCGTAT
,AACTTTCAA
,AAGGTGTTTA
,AATGAGTAA
,AATGGTGAT
,ACATATTGT
,ACTATATCA
,ACTTTGTTAA
,AGAAGATAT
,AGTACTTTT
,ATATGTATA
,ATATTACTT
,ATGTAACAA
,ATTATAATAATATTA
,ATTATAATT
,ATTATAATT
,ATTCTACTAA
,CAATATAAC
,CACAATTAT
,CACTGTTTTT
,CATTACTGC
,CATTCTTAC
,CCTGTTTTTA
,CGTTAACTAA
,CTGTTTTTA
,CTGTTTTTA
,GAATTTAAG
,GTAAATTATA
,GTATGGATAA
,GTATTTTAGT
,GTGGTGGTG
,GTTGTTGTTG
,TAACAACTT
,TAATTTTAAT
,TAATTTTAGT
,TACTAATTA
,TACTTTTCAT
,TATTATTAT
,TATTTTTAT
,TCAGTAATTC
,TCCAATTATT
,TGTATTTTA
,TGTTGGTGTT
,TGTTGTTGT
,TGTTTTTGT
,TTATCGTGA
,TTCTACTAAA
,TTGTCAGTTT
,TTGTCTGTT
,TTGTGATAA
,TTTACTAAT
,TTTACTAAT
,TTTATAATTT
,TTTATCGTG
,TTTCTCTTT
,TTTGTGATA
,TTTTAGTGA
,TTTTAGTGGT
,TTTTTGTGG
,AAATATAAA
,AAGAGAGAA
,AAGTTTGAA
,ACATTTACA
,ACTTTACAA
,AGTGTAGAT
,CATTTACATGGT
,TTAAATGTT
,TTATGGTAA
,TTCTTTCTT
,TTGTCATCA
,TTGTCCTTT
,ATAATATGAC
,TTGTTACACATTGTT
,TTTGTTTGAC
,TTGTTACACATTGTT
,AACTTATAA
,ACATTGTTACA
,ATAATATTA
,ATGACAGTA
,ATGGTGGTC
,ATTATAATAATATTA
,ATTCAAACTTA
,CAAACACAAAC
,CGACTCAGC
,CTATTAATA
,CTTGGTCTA
,GCGTATGCG
,TACAAACAT
,TTAATAATT
,TTAATACTA
,TTAATATTT
,TTGTTACACATTGTT
,TTTCACTTT
,CAAACACAAAC
,TAATTTTAAT
,TACTTTTCAT
,TCCTACCATCCT
,TAATTTTAAT
,TTGTTACACATTGTT
,ATGTTGGTG
,ATGTTGGTG
,TTGTTACACATTGTT
,TTGTTACACATTGTT
,CAAACACAAAC
,TAATTTTAAT
,TACTTTTCAT
,TAATTTTAAT
,ATTATAATAATATTA
,TGTAACTTTTCT
,AAATGGACA
,AGTTTTTGA
,ATTGCGTTA
,CAGGAGGAC
,GTAAATTTA
,GTTGTACTT
,TAATTTTAAT
,TAGTGGTAA
,TAGTGGTGAT
,TCATGTACT
,TGATAATAGT
,TGGTTTTGGT
,TGTTGTTGT
,TGTTTTAAA
,TTAACAATT
,TTTAATAAA
,TTTCACTTT
,TTTTAATAA
,TTTTAATTTT
,TTTTGGTGTA
,TTTTGTTACACATTGTTTT
,TTTTTCCTTTTT
,TAATGAAAGTAAT
,TTGTTACACATTGTT
,TAATTTTAAT
,ATTATAATAATATTA
,TTGTTACACATTGTT
,CAAACACAAAC
,TAATTTTAAT
,TTTTAATTTT
,CAAACACAAAC
,GTGGTGGTG
,TAATTTTAAT
,TACTTTTCAT
,TTTCACTTT
,AATGGTGAT
,ACAACAACA
,AGTTTAAAT
,ATCAAACTA
,ATGCTTCTT
,CATTCTTAC
,CTATTAATA
,GTGATTTTAATG
,GTGGTGGTG
,TAAGTTTAA
,TCAAAGTTT
,TGACTCAGT
,TTAATCAAA
,TTGTCTGTT
,CAAACACAAAC
,TAATTTTAAT
,TACTTTTCAT
,TCCTACCATCCT
,AAAATTAAAA
,ATTAAAATTA
,GTTTGTGTTTG
,TAAGTTTGAAT
,ATGTTGGTG
,ATGTTGGTG
,TTGTTACACATTGTT
,AGTATTATGA
,ATTATAATAATATTA
,CACTGTTTTT
,TAATTTTAAT
,TACTTTTCAT
,CCATGACAGTACC
,CTAAATTTAAATC
,TTTGTTACGCATTGTTT
,CACTGTTTTT
,CATTTGCAGG
,TGTAACTTTTCTGAA
,TTATACTAGT
,AACTTTTCAA
,TAATTTTAAT
,AACTTATAA
,AACTTTCAA
,AAGGTTAAC
,AATCACTAA
,AATGAGTAA
,ACGCCATAC
,ACTACATCA
,ACTTCTTTTG
,ATAATATTA
,ATATGTATA
,ATATTCAAA
,ATATTTGTG
,ATGACAGTA
,ATGGTGGTC
,ATTATAATAATATTA
,ATTATAATT
,CATAATTTTG
,CGACTCAGC
,CTATTAATA
,CTGCACAAG
,CTTGGTCTA
,GATTATAAT
,GCGTATGCG
,GGTGGTAAA
,GGTGTTGTGG
,GGTGTTTAT
,GGTGTTTAT
,GTAATTTTAG
,GTGCTCGTG
,GTTAAGCAG
,GTTGTTGTTG
,TAATTCACT
,TAATTTTAAT
,TAATTTTGA
,TATTCTTCTA
,TATTTTTAT
,TGCGACAACA
,TGGATTACC
,TGGTTTTAA
,TGTTGTTGT
,TTAAATGGTG
,TTAATAATT
,TTAATACTA
,TTAATATTT
,TTATAATTT
,TTCAGACCA
,TTGTTACACATTGTT
,TTTAATTTT
,TTTATAATTT
,TTTCACTTT
,TTTCTCTTT
,TTTTAATTTT
,TTTTGAATG
,CAAACACAAAC
,TAATTTTAAT
,TACTTTTCAT
,AATATTAATA
,ATAAAAATA
,ATCTGTCTA
,CATTCTTAC
,CCATGACAGTACC
,CTAAATTTAAATC
,GATTTTTGT
,TAACGCAAT
,TAACTCAAT
,TAATTTTAAT
,TATTCGTAT
,TCTACATCT
,TGCTTATGC
,TGTAACTTC
,TTTCACTTT
,TTTGTTACGCATTGTTT
,TTTTCACTT
,TTTTGTTCTA
,TTTTTAATGG
,AAAATTAAAA
,ATTAAAATTA
,GTTTGTGTTTG
,TAAGTTTGAAT
,CAAACACAAAC
,TAATTTTAAT
,TACTTTTCAT
,AGTGGTTAT
,ATAATATGAC
,ATAATATGA
,ATGTTGGTG
,ATTAGATTA
,ATTATAATAATATTA
,ATTTTAGTG
,CAGATTTTA
,GTGGTGGAC
,GTTTTATAAC
,GTTTTATTA
,TAATAATAT
,TAATTTTAAT
,TATTAACAT
,TATTATTAAT
,TATTCGTATT
,TCTTGGTCAA
,TGGATAGGT
,TTCACCAAG
,TTGTTACACATTGTT
,TTGTTTTAT
,TTTAATTTT
,TTTGTTTGAC
,TTTTAATTTT
,TTTTCTTTT
,TTTTGTTTG
,AAAACTGGTT
,AATTTTAGTG
,ATACATTTTACATA
,CATTCCTTAC
,CATTGTAATT
,CATTGTAATT
,GGTTTTAAAA
,GTATTGTTGT
,GTTGTTGTTG
,TAATTTTAAT
,TAATTTTAGT
,TACAATAGTG
,TACTTTTCAT
,TATAATTTTA
,TATTCGTATT
,TCCACTACAG
,TGACTAAGAG
,TTGTTACTCATTGTT
,TTTCAGATGG
,AGTATTATGA
,ATTATAATAATATTA
,CACTGTTTTT
,TAATTTTAAT
,TACTTTTCAT
,TTATACTAGT
,AAGTAATGC
,ATTATAATAATATTA
,CAATATAAC
,CAGGTGGAC
,GTGGTGGTG
,TATAATAAT
,TATTCTTAT
,TGTAACTTTTCTGAA
,TGTATTTTA
,TGTTTTTGT
,TTAACAATT
,TTCATACTT
,TTTCACTTT
,TTTTCACTT
,TAATTTTAAT
,CAAACACAAAC
,TAATTTTAAT
,TACTTTTCAT
,TCCTACCATCCT
,GTTATCTATTG
,TAATGAAAGTAAT
,TATAATAATAT
,TGTTATATTGT
,TTGTTACTCATTGTT
,TTGTTACACATTGTT
,CAAACGCAAAC
,TATAATAATAT
,TCAACACAACT
,CAAACACAAAC
,TAATTTTAAT
,TACTTTTCAT
,TCCTACCATCCT
,ACGTAATGCA
,ATAATATTA
,ATAATATTA
,ATTATAATAATATTA
,ATTATAATATTA
,ATTATAATA
,CACTGTTTTT
,TAACACAACT
,TAATAATTAT
,TAATGGTAAT
,TAATTTTAAT
,TATAATATTA
,TTAAATGGTG
,ACTACCAAAG
,AGTATTATGA
,ATTATAATAATATTA
,CTAATTTTAA
,TAATCATACTAAT
,TAATTTTAAT
,TACTAATCAT
,TACTTTTCAT
,TGTAACTTTTCTGAA
,TGTATTTTAA
,CTAGATTTAGATC
,AATTTATATG
,GATGTTGTAG
,TTTGTTACACATTGTTT
,ACTATTCTGG
,CAAACACAAAC
,TAATTTTAAT
,TACTTTTCAT
,ATCACACTA
,CAAACACAAAC
,GTGGTGGTG
,TAATTTTAAT
,TACTTTTCAT
,TTTCACTTT
,TTGTTACACATTGTT
,AAACTCTTAA
,ATTCTGACTT
,CACTGTCAAT
,GAAGATGTT
,GAAGATGTT
,GATAATAATT
,GTAGAAGATG
,GTTGTTGTTG
,TAATAATTCT
,TAATAGTTTT
,TAATTTTAAT
,TATCGTGAGA
,TTTTAATTTT
,TTTTACAGAT
,CAAACACAAAC
,TAATTTTAAT
,TTTTAATTTT
,TAATTTTAAT
,AAGAGAGAA
,AGTGTAGAT
,TTATGGTAA
,TTCTTTCTT
,AATATTAGT
,AGAAGATAT
,TTGTGATAA
,ATTATAATAATATTA
,TGTAACTTTTCT
,ATTATAATAATATTA
,GGAATTTAAGG
,GTTACACATTG
,TAATTTTAAT
,TAGTGGTGAT
,TCAAACACAAACT
,TCTTCACTTCT
,TTAACCAATT
,TTATGCGTATT
,TTTGTTGTTT
,CAAACACAAAC
,TAATTTTAAT
,TACTTTTCAT
,TAGTGGTGAT
,ATTATAATAATATTA
,TGTAACTTTTCT
,AAAAGAACT
,AAACTGGTT
,AAAGTAATT
,AATTTATATG
,ACCATACCA
,ACTACATCA
,ACTTATATTA
,AGTAGTTTT
,AGTGTTTGT
,ATATGTATA
,ATGTTGGTG
,ATTAAGATC
,ATTCTTCTA
,CAACACAAC
,CTTCTTATA
,GATGTTGTAG
,GATTATAAT
,GCAGTAGTT
,GGTGGTAAA
,GTAGTTTTAG
,GTCAATACT
,GTCAATGGT
,GTGAAAGTA
,GTGCTCGTG
,GTGGTGGAC
,GTTGTTGTTG
,TAATGAAAG
,TAATTTTAAT
,TACTTCTTGT
,TAGTTTTAG
,TATATGTAT
,TATTTTTAT
,TCTGTTAAT
,TGGTTTTAA
,TGTTGGTCA
,TGTTGTTGT
,TTAAATGGTG
,TTATCGTGA
,TTATTGAAG
,TTCTGTCTT
,TTGACAGTT
,TTGCCCTTA
,TTGTTTTCAC
,TTTATCGTG
,TTTGTTACACATTGTTT
,TTTTAATTTT
,TTTTATTTT
,AATTTATATG
,ATGTTGGTG
,ATGTTGGTG
,GATGTTGTAG
,TAATAATTAT
,TAATTTTAAT
,TTAAATGGTG
,TTGTTACACATTGTT
,TTTTAATTTT
,ATTATAATAATATTA
,TGTAACTTTTCTGAA
,AACTTAACT
,AACTTTCAA
,AAGGTGGTA
,AATATATAA
,AATATTTAT
,AATGGACAAC
,AATGTGTAA
,ACTATATCA
,ACTTTACAT
,AGGTAAATT
,AGGTAAATT
,AGGTATGGA
,AGGTGTTGTT
,AGTTGTTGA
,ATAATGGAC
,ATATGTATA
,ATATTTATA
,ATCAAACTA
,ATCTTTCTA
,ATGTTGGTG
,ATTAATAAT
,ATTCTCTTA
,CAACGCAAC
,CCGAGAGCC
,GATTATAAT
,GGAATGTAC
,GGTGTTGTT
,GTAAACAAT
,GTAAATTAGG
,GTATTAATA
,GTATTAATA
,GTTAAATTG
,GTTAGAAGA
,GTTGTTGTTG
,TAAACCAAAT
,TAAGTATCAA
,TAATTTTAAT
,TAATTTTAG
,TACATCACTA
,TAGTAATAG
,TCTGCACTAT
,TCTTTGTAG
,TGATTATAA
,TGGACAACCAACAGGT
,TGTTGTTGT
,TGTTTTTGT
,TTAGAGATT
,TTATAATATT
,TTCAGTATA
,TTCTTCTAA
,TTGACAGTT
,TTTATAATA
,TTTTAATTTT
,TTTTTGTGGA
,TAATTTTAAT
,AAATAATTTTA
,AAGGCGGAA
,AATATTTTA
,ACAAGGTGG
,ATAATTTTA
,ATAATTTTA
,ATTATCAAAGT
,ATTCTCTTA
,CGTTTTATG
,CTATTATTATC
,GATTTTAAT
,GATTTTAGT
,TAAATAAAT
,TACAATATTAGT
,TATTAGTTG
,TCTCTTAAT
,TCTTAATGA
,TGTTATATTGT
,TGTTGTTGT
,TTGGTAGTA
,TTTTGATTTTAGTTTT
,AAATGGACA
,AGTTTTTGA
,ATTGCGTTA
,CAGGAGGAC
,GTAAATTTA
,GTTGTACTT
,TAATTTAAT
,TAGTGGTAA
,TAGTGGTGAT
,TCATGTACT
,TGATAATAGT
,TGGTTTTGGT
,TGTTGTTGT
,TGTTTTAAA
,TTAACAATT
,TTTAATAAA
,TTTCACTTT
,TTTTGGTGTA
,TTTTGTTACACATTGTTTT
,TTTTTTAAT
,TTTTTTAAT
,TTTTTTCTTTTTT
,TTGTTACACATTGTT
,AATGGTGAT
,ATTATAATAATATTA
,CAATATAAC
,CAGGTGGAC
,CATTCTTAC
,GAATTTAAG
,GTGGTGGTG
,TAACGCAAT
,TAATTTTAA
,TCCTACCATCCT
,TGTATTTTA
,TGTTTTTGT
,TTAACAACT
,TTAAGCACGAATT
,TTTCACTTT
,ATTATAATAAT
,ATTGTTTTA
,CAGGTGGAC
,GAGTTATCT
,GATTGTTAG
,TAATTTTAA
,TATAATAATAT
,TATAATAAT
,TATTATTAA
,TCAACACAACT
,TCAAGGTAG
,TGTATTTTA
,TTCAAACTA
,TTCTCTTTT
,TTGGTATTT
,TTTTCTCTTTT
,ATTATAATAATATTA
,ATTATAATAATATTA
,CAGACTTCAGAC
,GGAATTTAAGG
,GTTACACATTG
,TAATTTTAAT
,TAGTGGTGAT
,TCAAACACAAACT
,TTAACCAATT
,TTATGCGTATT
,TTTGTTGTTT
,AACTTATAA
,AACTTTCAA
,AAGGTTAAC
,AATCACTAA
,AATGAGTAA
,AATTTTGTA
,ACGCCATAC
,ACTACATCA
,ACTTCTTTTG
,ATAATATTA
,ATATGTATA
,ATATTCAAA
,ATATTTGTG
,ATGACAGTA
,ATGGTGGTC
,ATTATAATAATATTA
,ATTATAATT
,CATAATTTTG
,CGACTCAGC
,CTATTAATA
,CTGCACAAG
,CTTGGTCTA
,GATTATAAT
,GCGTATGCG
,GGTGGTAAA
,GGTGTTGTGG
,GGTGTTTAT
,GGTGTTTAT
,GTAATTTTAG
,GTGCTCGTG
,GTTAAGCAG
,GTTGTTGTTG
,TAATTCACT
,TAATTTTAAT
,TAATTTTGA
,TATTCTTCTA
,TATTTTTAT
,TGCGACAACA
,TGGATTACC
,TGGTTTTAA
,TGTTGTTGT
,TTAAATGGTG
,TTAATAATT
,TTAATACTA
,TTATAATTT
,TTCAGACCA
,TTGTTACACATTGTT
,TTTAATTTT
,TTTCACTTT
,TTTCTCTTT
,TTTTAATTTT
,TTTTGAATG
,TTGTTACACATTGTT
,AGTATTATGA
,ATTATAATAATATTA
,CACTGTTTTT
,TAATTTTAAT
,TACTTTTCAT
,CAAACACAAAC
,TAATTTTAAT
,TACTTTTCAT
,TAATTTTAAT
,TAATGAAAGTAAT
,TAATTTTAAT
,TTTGTTGTTT
,AGTGGTTAT
,ATAATATGA
,ATGTTGGTG
,ATTATAATAATATTA
,ATTTTAGTG
,CAGATTTTA
,GTGGTGGAC
,GTTTTATAAC
,TAATAATAT
,TAATTTTAAT
,TATTAACAT
,TATTATTAAT
,TATTCGTATT
,TCTTGGTCA
,TGGATAGGT
,TTCACCAAG
,TTGTTTTAT
,TTTGTTTGAC
,TTTTAATTTT
,TTTTCTTTT
,TTTTGTTTG
,TTGTTACACATTGTT
,CTAAATTTAAATC
,TTTGTTACGCATTGTTT
,ACTACCAAAG
,AGTATTATGA
,ATTATAATAATATTA
,CACGTGAGTGCAC
,TAATTTTAAT
,TACTTTTCAT
,TGTAACTTTTCTGAA
,TGTATTTTAA
,AATTGTATT
,CATTCTTAC
,CGGGTGGGC
,GAGTTAACT
,GTGGTGGTG
,TAATGAAAGTAAT
,TATAATAAT
,TATTCTTAT
,TATTGTTGT
,TGATTTAGT
,TGGATAGGT
,TGGTTTAAT
,TTGTTACTCATTGTT
,TTGTTTTAT
,TTTAATGGT
,TTTCACTTT
,TTTTGTTTG
,CCATGACAGTACC
,CTAAATTTAAATC
,GATTTTTGT
,TGTTTTTAG
,TTTGTTACGCATTGTTT
,ATAATATGAC
,TGAAAAAAGT
,TTGTTACACATTGTT
,TTGTTACACATTGTT
,AAGTAATTA
,ACTAATAAT
,ATTATGGTA
,ATTTATTTA
,CATAATTTT
,CTAATAATC
,CTTTGGTGT
,GTAAATTTT
,TAAATTTTA
,TATAAATAT
,TGGTCTGGT
,TGTTTTTGT
,TTGTGTGTT
,TTTAAATTT
,TTTAACATT
,TTTGGGTTT
,TTTTTGTGA
,ATTATAATAATATTA
,TTGTTACACATTGTT
,AACTTATAA
,AATCACTAA
,ATAATATTA
,ATGACAGTA
,ATGGTGGTC
,ATTATAATAATATTA
,CGACTCAGC
,CTATTAATA
,CTGCACAAG
,CTTGGTCTA
,GCGTATGCG
,TTAATAATT
,TTAATACTA
,TTAATATTT
,TTGTTACACATTGTT
,TTTCACTTT
,TTGTTACACATTGTT
,TTGTTACACATTGTT
,AATTTATATG
,ATGAAAAGTA
,ATGAAGGAAGTA
,ATGGTGGACTG
,CAGTGTCCTT
,GATGTTGTAG
,GTTACACATTG
,TAATTTTAAT
,TATTCGTATTG
,TGGTCAAAGT
,TTATAATAATATT
,TTTTAATTTT
,AAGGTGTTTA
,ACTTTGTTAA
,ATTATAATAATATTA
,ATTATAATAATA
,ATTATAATT
,ATTATAATT
,CGTTAACTAA
,CTCTCTTCTCTC
,GACATTACAG
,GTATGGATAA
,GTTGTTGTTG
,TAATAATAAT
,TAATTTTAAT
,TAATTTTAGT
,TACTTTTCAT
,TATTAATTAT
,TATTTTTAT
,TATTTTTAT
,TATTTTTAT
,TCAGTAATTC
,TGTAACTTTTCT
,TGTATGGTTC
,TGTTGGTGTT
,TTCTACTAAA
,TTGTCAGTTT
,TTTACTAAT
,TTTACTAAT
,TTTATAATTT
,TAATTTTAAT
,TTGTTACTCATTGTT
,AAAAGAACT
,AACTTATAA
,AATCACTAA
,ACAGATGTT
,ACTACATCA
,AGGTATGGA
,ATAATATTA
,ATAATTTTA
,ATATGTATA
,ATATTCAAA
,ATTATAATAATATTA
,ATTTTAATG
,CGACTCAGC
,CTATTAATA
,CTGCACAAG
,GACGTCAAC
,GATTATAAT
,GGTGGTAAA
,GTATTGTTG
,GTGCTCGTG
,GTTAAGCAG
,TAAATGGTG
,TAATTCACT
,TAATTTTAG
,TACTTCTAT
,TATTTTAAT
,TATTTTTAT
,TCTATAGAA
,TGTTGGTCA
,TGTTGTTGT
,TTAATAATT
,TTGTTACACATTGTT
,TTTAAATTT
,TTTAATTTT
,TTTCACTTT
,TTTCTCTTT
,TAATTTTAAT
,TAATTTTAAT
,AACTTAATA
,AATCACTAA
,ATAATATTA
,ATATTTTATA
,ATGTTGGTG
,ATTATAATAATATTA
,ATTCCCTTA
,ATTGTTTTA
,ATTTTGTTT
,CGACTCAGC
,GAAACCAAAG
,GAACTGGTCAAG
,GATTTTATC
,GTCGTGCTG
,GTGGTGGTG
,GTTTTATTC
,TAATTTTAAT
,TATTTTGTT
,TTAAATGGTG
,TTAATAATT
,TTAATAATT
,TTAATAATT
,TTTGTTACACATTGTTT
,TTTTAATTTT
,TTTTGTTTT
,AAATTGTTT
,AACTGTCAA
,AATCGTTTC
,AATGAGTAA
,AATTACAGT
,ACATATTGT
,ACGTAATGCA
,ACTATATCA
,ACTTATATTA
,AGAACCAAGA
,AGAAGATAT
,AGCAGTTTTA
,AGTAGTTTT
,ATAATATTA
,ATAATATTA
,ATATGTATA
,ATGGTAATT
,ATGGTAATT
,ATGTAACAA
,ATTATAATAATATTA
,ATTATAATATTA
,ATTATAATA
,ATTATTTAG
,ATTTATTATTTA
,CACAATTAT
,CACTGTTTTT
,CAGCAGTTT
,CAGGTGGAC
,CATTACTGC
,CTCTCTTCTCTC
,GAAGTTATT
,GAATTTAAG
,GGTAAATTA
,GGTGGTAAA
,GGTTATAAT
,GTAAATTATA
,GTAATTCTG
,GTAGAAGATG
,GTCAATGGT
,GTTGTTGTTG
,GTTTTAGAC
,TAACAACTT
,TAACACAACT
,TAATAATTAT
,TAATATTAT
,TAATGGTAAT
,TAATTTTAAT
,TAATTTTAA
,TAATTTTAG
,TACTAATTA
,TATAATAAT
,TATAATATTA
,TATTCTTCTA
,TATTTTTAT
,TCAGTAATTC
,TGATTATAAT
,TGTAACTTT
,TGTTGTTGT
,TTAAATGGTG
,TTTACTAATT
,TTTATAATTT
,TTTCTCTTT
,ATCTGTCTA
,CCATGACAGTACC
,GTTACGCATTG
,TCTACATCT
,TGTAACTTC
,TTAACAATT
,CAAACACAAAC
,TAATTTTAAT
,TACTTTTCAT
,TCCTACCATCCT
,TTGTTACACATTGTT
,ATTATAATAATATTA
,ATTTGTTTT
,ATTTGTTTT
,CCTTTGGGTTTCC
,TATTCATACTTAT
,TTTGTTACACATTGTTT
,TTGTTACACATTGTT
,AGTGGTTAT
,ATAATATGA
,ATGTTGGTG
,ATTATAATAATATTA
,ATTTTAGTG
,CAATGTAAC
,CAGATTTTA
,GTGGTGGAC
,GTTTTATAAC
,TAATAATAT
,TAATTTTAAT
,TATTAACAT
,TATTCGTATT
,TCTTGGTCA
,TGGATAGGT
,TTCACCAAG
,TTGTTTTAT
,TTTGTTTGAC
,TTTTAATTTT
,TTTTCTTTT
,TTTTGTTTG
,AAATGGTGAT
,AATGGTCAT
,ACCCTTAAT
,ACTAAGAGT
,ACTTTGCAC
,ATTAAATTA
,ATTCTTACG
,ATTGTTTTA
,ATTTTACTCATTTTA
,CACTTCAAT
,CATTCTTAC
,CCAGAGACC
,CGTGAAAGTA
,CGTGGTCTAC
,TAATTTTAAT
,TATTTTAGT
,TATTTTGTT
,TTGGTGGTT
,TTTGTTACACATTGTTT
,TTTGTTGTTT
,TTTTGTCTA
,TTTTGTTTT
,ACAACAACA
,CACCACCAC
,CAGGTGGAC
,GTTTTATTC
,AAATGGACA
,ACATTCGTAT
,AGTTTTTGA
,ATTGCGTTA
,CAGGAGGAC
,GTAAATTTA
,GTTGTACTT
,GTTTATTAA
,TAATTTTAAT
,TAGTGGTAA
,TAGTGGTGAT
,TATAGTGGT
,TCATGTACT
,TGATAATAGT
,TGGTTTTGGT
,TGTTGTTGT
,TGTTTTAAA
,TTAACAATT
,TTATTAATC
,TTTAATAAA
,TTTCACTTT
,TTTTAATAA
,TTTTAATTTT
,TTTTGGTGTA
,TTTTGTTACACATTGTTTT
,TTTTTCCTTTTT
,AAAATTAAT
,AACCCCCAA
,AACTTTCAA
,AATGAGTAA
,AATGGTGAT
,AATTGTTTC
,ACTATATCA
,ACTTTGTTAA
,AGTATTATGA
,ATATGTATA
,ATGTAACAA
,ATTATAATAATATTA
,ATTATAATT
,ATTATAATT
,CAATATAAC
,CACTGTTTTT
,CAGGTGGAC
,CATTACTGC
,CATTCTTAC
,CGTTAACTAA
,GAAGATGTT
,GAATTTAAG
,GGTGAATTA
,GTAGAAGATG
,GTGGTGGTG
,GTTGTTGTTG
,TAACAACTT
,TAACGCAAT
,TAATTTTAAT
,TAATTTTAA
,TATTATTAT
,TATTTTTAT
,TATTTTTAT
,TATTTTTAT
,TGAAAAATC
,TGTAACTTTTCT
,TGTATTTTA
,TGTTGGTGTT
,TGTTGTTGT
,TGTTTTTGT
,TTAACAACT
,TTATAATTT
,TTCTACTAA
,TTCTAGAAAT
,TTCTCTTCTCTT
,TTGTCTGTT
,TTGTGATAA
,TTTATAATTTAA
,TTTCACTTT
,TTTCAGATGG
,TTTGTGATA
,TTTTAGTGA
,TAATTTTAAT
,AGTATTATGA
,ATTATAATAATATTA
,TAATCATACTAAT
,TAATTTTAAT
,TACTAATCAT
,TACTTTTCAT
,TGTAACTTTTCTGAA
,TGTATTTTAA
,AGTTGTGTTGA
,ATTATAATAATATTA
,GTAAATGTTTC
,GTTACACATTG
,TAATTTTAAT
,TAATTTTAAT
,TCGTAATTTTAATGCT
,TGTGTTGATAA
,TTATAATAATA
,TTGGTTTGGTT
,AAGGTGTTTA
,ACTTCAGCAG
,ACTTTGTTAA
,ATATAATATA
,ATTATAATAATATTA
,ATTATAATT
,ATTATAATT
,ATTCTACTAA
,CGTTAACTAA
,GTATGGATAA
,GTTGTTGTTG
,TAATTTTAAT
,TAATTTTAGT
,TATTTTTAT
,TATTTTTAT
,TATTTTTAT
,TCAGTAATTC
,TGTTGGTGTT
,TTCTACTAAA
,TTTATAATTT
,TTGTTACACATTGTT
,ATTCAAACTTA
,CAAACACAAAC
,TAATTTTAAT
,TTTTAATTTT
,TAATTTTAAT
,GAAACCAAAG
,TATTTTTTAT
,TTTGTTACACATTGTTT
,GTGAAAGTA
,GTGGTGGAC
,TTGACAGTT
,TTTTATTTT
,ATTATAATAATATTA
,GGAATTTAAGG
,GTTACACATTG
,TAATTTTAAT
,TAGTGGTGAT
,TCAAACACAAACT
,TCTTCACTTCT
,TTAACCAATT
,TTATGCGTATT
,TTTGTTGTTT
,ATTATAATAATATTA
,CACTGTTTTT
,GTATTTTAGT
,TAATTTTAAT
,TACTTTTCAT
,TGTAACTTTTCT
,AACTTATAA
,AATCACTAA
,ATAATATTA
,ATGACAGTA
,ATGGTGGTC
,ATTATAATAATATTA
,CGACTCAGC
,CTATTAATA
,CTGCACAAG
,CTTGGTCTA
,GCGTATGCG
,TACAAACAT
,TTAATAATT
,TTAATACTA
,TTAATATTT
,TTGTTACACATTGTT
,TTTCACTTT
,AATATTAATA
,ACGGTTGGCA
,CTAAATTTAAATC
,TAATTTTAAT
,TTATTCGTAT
,TTTGTTACGCATTGTTT
,ACTGTTTTT
,ATAATATTA
,ATGGCCCGGTA
,ATTATAATAATATTA
,ATTATAATATTA
,ATTATAATA
,CAAACACAAAC
,CAGGTGGAC
,GAATTTAAG
,GATTTTATC
,GTAACTTTTCT
,GTGGTGGTG
,TAATATTAT
,TAATTTTAA
,TGTATTTTA
,TGTTTTTGT
,TTACTGTTT
,TTTCACTTT
,TTTTAGTGA
,TTGTTACACATTGTT
,TTGTTACACATTGTT
,TAATTTTAAT
,TTGTTACACATTGTT
,CAAACACAAAC
,TAATTTTAAT
,CAAACACAAAC
,TAATTTTAAT
,TACTTTTCAT
,TCCTACCATCCT
,AAAGTTGTTT
,AACATTACAA
,AATGGTGTAGT
,AATTTTAGTG
,ACAACATTAC
,ACACTAAATT
,ACGGTGTTTGT
,ACGGTTGGCA
,AGTTTTTTGA
,ATTACAACAACATTA
,ATTTAAATCAC
,CAAACTCAAAC
,CAATTTTGTAC
,CTATTATTAC
,CTTTTTGTGG
,GATCTTCTAG
,GTAGTTTTAGT
,GTAGTTTTAG
,GTTACACATTG
,GTTGTTGTTG
,GTTTTATTCG
,TAATTTTAAT
,TAGTGGTGAT
,TAGTTTTAG
,TAGTTTTAG
,TATAAGTCTG
,TTATAATTTTA
,TTTGTGGTGTTT
,TTTGTTACACATTGTTT
,TTGTTACACATTGTT
,ATTCAAACTTA
,CAAACACAAAC
,TAATTTTAAT
,TTTTAATTTT
,TAATTTTAAT
,TTGTTACACATTGTT
,AGTATTATGA
,ATTATAATAATATTA
,CACTGTTTTT
,TAATTTTAAT
,TACTTTTCAT
,TGTAACTTTTCTGAA
,ATTATAATAATATTA
,GGAATTTAAGG
,GTTACACATTG
,TAATTTTAAT
,TAGTGGTGAT
,TTAACCAATT
,TTATGCGTATT
,TTTGTTGTTT
,ATCACACTA
,CAAACACAAAC
,GTGGTGGTG
,TAATTTTAAT
,TACTTTTCAT
,TTTCACTTT
,AAGTAATGCAC
,AATTTCACT
,ACTAAGAGT
,ATGTTGTTT
,CAAACGCAAAC
,CTAAATTTAAATC
,GAATTTAAG
,GGTTTTTGG
,GTGGTGGTG
,TAACTAATT
,TATAATAATAT
,TGTAACTTC
,TGTATTTTA
,TGTGGGTGT
,TTACACATT
,TTCAAACTT
,TTTCACTTT
,TTTTGTTTT
,AGTATTATGA
,ATTATAATAATATTA
,CACTGTTTTT
,TAATTTTAAT
,TACTTTTCAT
,TATTTTATTTTAT
,TGTAATTTTT
,AATGGTGAT
,ACGTAATGCA
,ACTAAGAGT
,ATAATATTA
,ATTATAATAATATTA
,ATTATAATATTA
,ATTATAATA
,CACTGTTTTT
,CAGGTGGAC
,GAATTTAAG
,GTAATGCAC
,TAACACAAC
,TAATATTAT
,TAATGGTAAT
,TAATTTTAAT
,TAATTTTAA
,TACTTTTCAT
,TATAATAAT
,TGTAACTTT
,TGTATTTTA
,TTAAATGGTG
,TTAAGCACGAATT
,TTCATACTT
,TTTCACTTT
,TTTTAGTGA
,ACTTCTTCA
,TGATTTAGT
,TTAACACTT
,TTAATAATT
,TTTGTTACACATTGTTT
,TTGTTACTCATTGTT
,CTAAATTTAAATC
,TTTGTTACGCATTGTTT
,AACTTTCAA
,AAGGTGTTTA
,AATGAGTAA
,ACATATTGT
,ACTATATCA
,ACTTTGTTAA
,AGAAGATAT
,AGGATCTTAT
,AGTACTTTT
,ATATGTATA
,ATGTAACAA
,ATTATAATAATATTA
,ATTATAATT
,ATTATAATT
,ATTCTACTAA
,ATTCTGCCA
,CAATATAAC
,CACAATTAT
,CACTGTTTTT
,CAGGTGGAC
,CGTTAACTAA
,GAATTTAAG
,GGTGAATTA
,GTATGGATAA
,GTGGTGGTG
,GTTGTTGTTG
,TAACAACTT
,TAATTTTAAT
,TACTAATTA
,TACTTTTCAT
,TATAATTTT
,TATTATTAT
,TATTTTTAT
,TATTTTTAT
,TATTTTTAT
,TCAGTAATTC
,TGAAAAATC
,TGTAACTTTTCTGAA
,TGTATTTTA
,TGTTGGTGT
,TGTTGTTGT
,TTATCGTGA
,TTCTACTAAA
,TTGTCAGTTT
,TTGTCTGTT
,TTGTGATAA
,TTTACTAAT
,TTTACTAAT
,TTTATCGTG
,TTTCACTTT
,TTTGTGATA
,TTTTAGTGA
,TTTTTGTGG
,CAAACACAAAC
,TAATTTTAAT
,TACTTTTCAT
,ACTTTATTTCA
,CGTAATGAAAGTAATGC
,TAATTTTAAT
,TTGTTACACATTGTT
,ATTATAATAATATTA
,TGTAACTTTTCTGAA
,ACGTAATGCA
,ATAATATTA
,ATAATATTA
,ATTATAATAATATTA
,ATTATAATATTA
,ATTATAATA
,CACTGTTTTT
,TAACACAACT
,TAATAATTAT
,TAATGGTAAT
,TAATTTTAAT
,TATAATATTA
,TTAAATGGTG
,TTGTTACACATTGTT
,AATATTAATA
,AGTATTATGA
,CCATGACAGTACC
,CTAAATTTAAATC
,TAATTTTAAT
,TTTGTTACGCATTGTTT
,TTTTTAATGG
,ATTATAATAATATTA
,CTAAATTTAAATC
,TTGTTACACATTGTT
,CAAACACAAAC
,TAATGAAAGTAAT
,TAATTTTAAT
,TACTTTTCAT
,TCCTACCATCCT
,TTGTTACACATTGTT
,CAAACACAAAC
,TAATTTTAAT
,TACTTTTCAT
,CCATGACAGTACC
,TGTTACGCATTGT
,TTGTTACACATTGTT
,TTGTTACACATTGTT
,TAATTTTAAT
,AGTATTATGA
,ATTATAATAATATTA
,CACTGTTTTT
,TAATTTTAAT
,TACTTTTCAT
,TGTAACTTTTCTGAA
,TGTATTTTAA
,AACTTTCAA
,AAGGTGTTTA
,AATGAGTAA
,AATGGTGAT
,ACATATTGT
,ACCTCACAT
,ACTACTTTA
,ACTATATCA
,AGAAGATAT
,ATAAAAATA
,ATATGTATA
,ATGTAACAA
,ATTATAATAATATTA
,ATTATAATT
,ATTATAATT
,ATTCTACTAA
,CAATATAAC
,CACAATTAT
,CAGGTGGAC
,CGTTAACTAA
,GAATTTAAG
,GGTATGCAC
,GGTGAATTA
,GTATGGATAA
,GTGGTGGTG
,GTTGTTGTTG
,TAATTTTAAT
,TAATTTTAGT
,TACTAATTA
,TACTTTTCAT
,TATAATTTTA
,TATTATTAT
,TATTTTTAT
,TATTTTTAT
,TATTTTTAT
,TCAGTAATTC
,TGAAAAATC
,TGTAACTTTTCTGAA
,TGTATTTTA
,TGTTGTTGT
,TGTTTTTGT
,TTATACTAGT
,TTATACTAGT
,TTCTACTAAA
,TTGTCAGTT
,TTGTCTGTT
,TTGTGATAA
,TTTACTAAT
,TTTACTAAT
,TTTCACTTT
,TTTGGTATG
,TTTGTGATA
,TTTTAGTGGT
,TTTTTGTGG
,TAATTTTAAT
,CAAACACAAAC
,TAATTTTAAT
,TACTTTTCAT
,AAGTTTTGAA
,CAAACACAAAC
,TACTTTTCAT
,AGTATTATGA
,ATTATAATAATATTA
,TAATTTTAAT
,TACTTTTCAT
,TGTAACTTTTCTGAA
,TTATACTAAT
,TTGTTACTCATTGTT
,AGTGGTTAT
,ATAATATGA
,ATGTTGGTG
,ATTATAATAATATTA
,ATTTTAGTG
,CAGATTTTA
,GTGGTGGAC
,GTTTTATAAC
,TAATAATAT
,TAATTTTAAT
,TATTAACAT
,TATTATTAAT
,TATTCGTATT
,TCTTGGTCA
,TGGATAGGT
,TTCACCAAG
,TTGTTACACATTGTT
,TTGTTTTAT
,TTTGTTTGAC
,TTTTAATTTT
,TTTTCTTTT
,TTTTGTTTG
,AACTTATAA
,AACTTTCAA
,AAGGTTAAC
,AATCACTAA
,AATGAGTAA
,ACGCCATAC
,ACTACATCA
,ACTTCTTTTG
,ATAATATTA
,ATATGTATA
,ATATTCAAA
,ATATTTGTG
,ATGACAGTA
,ATGGTGGTC
,ATTATAATAATATTA
,ATTATAATT
,CATAATTTTG
,CGACTCAGC
,CTATTAATA
,CTGCACAAG
,CTTGGTCTA
,GATTATAAT
,GCGTATGCG
,GGTGGTAAA
,GGTGTTGTGG
,GGTGTTTAT
,GGTGTTTAT
,GTAATTTTAG
,GTGCTCGTG
,GTTAAGCAG
,GTTGTTGTTG
,TAATTCACT
,TAATTTTAAT
,TAATTTTGA
,TATTCTTCTA
,TATTTTTAT
,TGCGACAACA
,TGGATTACC
,TGGTTTTAA
,TGTTGTTGT
,TTAAATGGTG
,TTAATAATT
,TTAATACTA
,TTAATATTT
,TTATAATTT
,TTCAGACCA
,TTGTTACACATTGTT
,TTTAATTTT
,TTTATAATTT
,TTTCACTTT
,TTTCTCTTT
,TTTTAATTTT
,TTTTGAATG
,TTGTTACACATTGTT
,TTGTTACTCATTGTT
,AAGGTGTTTA
,ACGTTTACCA
,AGAATGGTGT
,ATTATAATAATATTA
,GTATGGATAA
,GTTGTTGTTG
,TAATTTTAAT
,TAGTGGTGAT
,TATTCTTCTA
,TATTTTTAT
,TATTTTTAT
,TATTTTTAT
,TCAGTAATTC
,TTAACCAATT
,TTATAATTTT
,TTTGTTGTTT
,ATTATAATAATATTA
,TGTAACTTTTCTGAA
,TTGTTACACATTGTT
,CAAACACAAAC
,TAATTTTAAT
,TACTTTTCAT
,CAAACACAAAC
,TAATTTTAAT
,TTTTAATTTT
,AACTTATAA
,AACTTTCAA
,AAGGTTAAC
,AATCACTAA
,AATGAGTAA
,ACGCCATAC
,ACTACATCA
,ACTTCTTTTG
,ATAATATTA
,ATATGTATA
,ATATTCAAA
,ATATTTGTG
,ATGACAGTA
,ATGGTGGTC
,ATTATAATAATATTA
,ATTATAATT
,CATAATTTTG
,CGACTCAGC
,CTATTAATA
,CTGCACAAG
,CTTGGTCTA
,GATTATAAT
,GCGTATGCG
,GGTGGTAAA
,GGTGTTGTGG
,GGTGTTTAT
,GGTGTTTAT
,GTAATTTTAG
,GTGCTCGTG
,GTTAAGCAG
,GTTGTTGTTG
,TAATTCACT
,TAATTTTAAT
,TAATTTTGA
,TATTCTTCTA
,TATTTTTAT
,TGCGACAACA
,TGGATTACC
,TGGTTTTAA
,TGTTGTTGT
,TTAAATGGTG
,TTAATAATT
,TTAATACTA
,TTAATATTT
,TTATAATTT
,TTCAGACCA
,TTGTTACACATTGTT
,TTTAATTTT
,TTTATAATTT
,TTTCACTTT
,TTTCTCTTT
,TTTTAATTTT
,TTTTGAATG
,ATTATAATAATATTA
,TGTAACTTTTCT
,ATTTTACATTTTA
,TAATGAAAGTAAT
,TAATTTTAAT
,TTTGTTGTTT
,TTTTAATTTT
,TAATGAAAGTAAT
,TAATTTTAAT
,TCAAACACAAACT
,ATGTTGGTG
,ATGTTGGTG
,TTGTTACACATTGTT
,AACTTTCAA
,AAGGTGTTTA
,AATGAGTAA
,AATGGTGAT
,ACATATTGT
,ACTATATCA
,ACTTCAGCAG
,ACTTTGTTAA
,AGAAGATAT
,AGTACTTTT
,ATATGTATA
,ATGTAACAA
,ATTATAATAATATTA
,ATTATAATT
,ATTATAATT
,ATTCTACTAA
,ATTCTGCCA
,CAATATAAC
,CACAATTAT
,CACTGTTTTT
,CAGGTGGAC
,CATTACTGC
,CATTCTTAC
,CGTTAACTAA
,GAATTTAAG
,GGTGAATTA
,GTATGGATAA
,GTGGTGGTG
,GTTGTTGTTG
,TAACAACTT
,TAATTTTAAT
,TAATTTTAGT
,TACTAATTA
,TACTTTTCAT
,TATTATTAT
,TATTTTTAT
,TATTTTTAT
,TATTTTTAT
,TCAGTAATTC
,TGAAAAATC
,TGTAACTTTTCTGAA
,TGTATTTTA
,TGTTGGTGTT
,TGTTGTTGT
,TGTTTTTGT
,TTCTACTAAA
,TTGTCAGTTT
,TTGTCTGTT
,TTGTGATAA
,TTTACTAAT
,TTTACTAAT
,TTTATAATTT
,TTTCACTTT
,TTTCTCTTT
,TTTGTGATA
,TTTTAGTGA
,TTTTAGTGGT
,TTTTTGTGG
,AAGTAATGC
,AATATAACT
,AATGGTGAT
,ATAAAAATA
,ATTATAATAATATTA
,CAATATAAC
,CAGGTGGAC
,GAATTTAAG
,GGGTGTAAG
,GTGACAATT
,GTGGTGGTG
,TAATTTTAA
,TGTAACTTTTCTGAA
,TGTATTTTA
,TGTTTTTGT
,TTTCACTTT
,ATAATATTAA
,ATTATAATAATATTA
,TAATTTTAAT
,TAGACCACCAGAT
,TTCTTTTCTT
,TTGTTACGCATTGTT
,TTTTAATTTT
,CAAACACAAAC
,TAATTTTAAT
,TACTTTTCAT
,TCCTACCATCCT
,ATTATAATAATATTA
,CTAAATTTAAATC
,TATTCAAACTTAT
,TCAAACACAAACT
,TTTGTTACACATTGTTT
,ACGTAATGCA
,ATAATATTA
,ATAATATTA
,ATTATAATAATATTA
,ATTATAATATTA
,ATTATAATA
,CACTGTTTTT
,TAACACAACT
,TAATGGTAAT
,TAATTTTAAT
,TATAATATTA
,TATTCGTATT
,TTAAATGGTG
,TAATTTTAAT
,AATGGTGAT
,AATTTAACA
,AGTATTATGA
,ATTATAATAATATTA
,ATTGTTTTA
,CAATATAAC
,CAGGTGGAC
,CATTCTTAC
,TAACGCAAT
,TAATCATACTAAT
,TAATTTTAAT
,TAATTTTAA
,TACTAATCAT
,TACTTTTCAT
,TGTATTTTA
,TGTTTTTGT
,TTAACAACT
,TTTCACTTT
,CAAACACAAAC
,TAATTTTAAT
,TACTTTTCAT
,CAAACACAAAC
,TAATTTTAAT
,TACTTTTCAT
,TCCTACCATCCT
,TGTAACTTTTCTGAA
,AGTGGTTAT
,ATAATATGAC
,ATAATATGA
,ATGTTGGTG
,ATTAGATTA
,ATTATAATAATATTA
,ATTTTAGTG
,CAGATTTTA
,GTGGTGGAC
,GTTTTATAAC
,GTTTTATTA
,TAATAATAT
,TAATTTTAAT
,TATTAACAT
,TATTATTAAT
,TATTCGTATT
,TGGATAGGT
,TTCACCAAG
,TTGTTACACATTGTT
,TTGTTTTAT
,TTTAATTTT
,TTTGTTTGAC
,TTTTAATTTT
,TTTTCTTTT
,TTTTGTTTG
,TTGTTACACATTGTT
,CAAACACAAAC
,TAATTTTAAT
,TACTTTTCAT
,TCCTACCATCCT
,TAATTTTAAT
,TAATTTTAAT
,TACTTTTCAT
,CGCGGGCGC
,GGCGCGATTT
,GTGTTTGTG
,TAGCGCGAT
,TGACCCAGT
,TTTGTGGTGTTT
,ATTATAATAATATTA
,GGAATTTAAGG
,GTTACACATTG
,TAATTTTAAT
,TAGTGGTGAT
,TCAAACACAAACT
,TCTTCACTTCT
,TTAACCAATT
,TTATGCGTATT
,TTTGTTGTTT
,AGTATTATGA
,ATTATAATAATATTA
,CACTGTTTTT
,TAATTTTAAT
,TACTTTTCAT
,AGTGGTGATA
,ATTATAATAATATTA
,GGAATTTAAGG
,GTTACACATTG
,TAATTTTAAT
,TAGTGGTGAT
,TCAAACGCAAACT
,TTAACCAATT
,TTATGCGTATT
,TTTGTTGTTT
,ACATTGTTACA
,ATAATATGAC
,ATTATAATAATATTA
,ATTCTACTAA
,GTATGGATAA
,GTGGTTTTAA
,GTTGTTGTTG
,TAATTTTAAT
,TATTTTTAT
,TATTTTTAT
,TATTTTTAT
,TCAGTAATTC
,TGGTGGTTTT
,TGTTGGTGTT
,TTACAACATT
,TTATAATTCA
,TTATAATTTT
,TTATACTAGT
,TTATTTTATT
,TTCTACTAAA
,TTTGTTGTTT
,TTGTTACTCATTGTT
,TTGTTACACATTGTT
,ATCTGTCTA
,CCATGACAGTACC
,CTAAATTTAAATC
,TCTACATCT
,TGTAACTTC
,TTTGTTACGCATTGTTT
,TTTTGTTTT
,ATATAATATA
,ATATAATGGT
,ATTATAATAATATTA
,ATTTTTAAATTTTTA
,GTAGAAGATG
,GTATGGATAA
,GTTGTTGTTG
,TAATATTGGT
,TAATTTTAAT
,TACTAATTA
,TACTAATTA
,TACTTTTCAT
,TATTCGTATT
,TGTATTTTAA
,TGTTGGTGTT
,TTATACTAAT
,TTTACTAAT
,TTTACTAAT
,TTTATAATTT
,TAATTTTAAT
,AATGAAAGTAA
,TAATTTTAAT
,TTAGACCAGATT
,TTTTAATTTT
,TTGTTACACATTGTT
,TAATTTTAAT
,AAAAGAACT
,AAATGGTGAT
,AATTCTGGT
,ACCACACCA
,ACCATACCA
,ACTATATCA
,ACTTTTTCA
,AGTAGTAAAT
,ATAAAAAATA
,ATAATATTA
,ATAATTTTA
,ATATGTATA
,ATGAAAGTA
,ATGTTATTT
,ATTATAATAATATTA
,ATTGTTTTA
,ATTTGTTTT
,CAATATAAC
,CAATGTAAC
,CATCACTAC
,CATTCGTATT
,CCATACCACA
,CGTTCTGTT
,CTATTAATA
,CTTAGTAAT
,GGTGGTAAA
,GTGGTCTAC
,GTGTAGTAA
,GTTAAAAAA
,GTTGTTGTTG
,GTTTTATTG
,TAAATGGTG
,TAATTTTAAT
,TATCGTGGT
,TATGTATGG
,TATTCTTCT
,TATTTTTAT
,TGTTGGTCA
,TGTTGTTGT
,TTAATAATT
,TTATGGTTG
,TTCAGACCT
,TTCAGTTTCA
,TTGTTTTAT
,TTTACTTTTT
,TTTATAATTT
,TTTATATTT
,TTTCTCTTT
,TTTGGGTTT
,TTTGTTACACATTGTTT
,TTTTAATAT
,TTTTAATTTT
,TTTTAGTGGT
,AATGGTGAT
,ATAATATCA
,CAATATAAC
,CAGGTGGAC
,CATGATTGT
,CATTCTTAC
,CTTAACAGT
,GAATTTAAG
,GTGGTGGTG
,TGTAACTTTTCTG
,TGTATTTTA
,TGTTTTTGT
,TTTCACTTT
,TTTTAGTGA
,ACTACCAAAG
,ATTATAATAATATTA
,TAATTTTAAT
,TACTTTTCAT
,TGTAACTTTTCTGAA
,TTATACTAGT
,ATAAAAATA
,ATCTGTCTA
,CATTCTTAC
,CCATGACAGTACC
,CTAAATTTAAATC
,GATTTTTGT
,TAACGCAAT
,TAACTCAAT
,TATTCGTAT
,TCTACATCT
,TGTAACTTC
,TTTCACTTT
,TTTGTTACGCATTGTTT
,TTTTCACTT
,TTTTGTTTT
,AAAATTAAT
,AACTTTCAA
,AAGGATGTT
,AAGTTTTGAA
,AATATTAGT
,AATGAGTAA
,ACATATTGT
,ACTATATCA
,ACTTTAACCAATTTCA
,AGAAGATAT
,AGCCACCGA
,AGTAGTTTT
,ATAACATATT
,ATAATATTA
,ATAATATTA
,ATAATGATTT
,ATACCCATA
,ATATGTATA
,ATGTAACAA
,ATTATAATAATATTA
,ATTATAATT
,ATTTTAAAT
,CAGCAGTTT
,CAGGTGGAC
,CATTACTGC
,GAAGTTATT
,GAATTTAAG
,GGGTATGGC
,GGTGGTAAA
,GGTTTTGTA
,GTAATTCTG
,GTAGAAGATG
,GTATGGATAA
,GTTGTTGTTG
,TAACAACTT
,TAATAATTAT
,TAATATTAT
,TAATCAAAGT
,TAATTTTAAT
,TAATTTTAA
,TAATTTTAG
,TAATTTTAG
,TACTAATCAT
,TAGTAGTTT
,TATAATATTA
,TATGGTTTT
,TATTAAGGA
,TATTATTAT
,TATTCGTATT
,TATTCTTCT
,TATTTTTAT
,TATTTTTAT
,TATTTTTAT
,TCAGTAATTC
,TGAGTTGAGT
,TGATTATAAT
,TGATTATAAT
,TGATTATAA
,TGTCAATTC
,TGTTGGTGTT
,TGTTGTTGT
,TTAAATGGTG
,TTAAATTTT
,TTATAATATT
,TTTAAATTT
,TTTAATTTA
,TTTATAATTT
,TTTCACTTT
,TTTCTCTTT
,TTTTAATTTT
,TTTTAATTT
,TTTTTGTGG
,AAGTAATGC
,AATGGTGAT
,AGTATTATGA
,ATATAATATA
,ATTATAATAATATTA
,CACTGTTTTT
,CAGGTGGAC
,GAATTTAAG
,GTGACAATT
,GTGGTGGTG
,TAATCATACTAAT
,TAATTTTAAT
,TAATTTTAA
,TACTAATCAT
,TACTTTTCAT
,TGTAACTTTTCTGAA
,TGTATTTTAA
,TGTATTTTA
,TGTTTTTGT
,TTCATACTT
,TTTCACTTT
,TTTTAGTGA
,TTGTTACACATTGTT
,GTAATAATG
,TGTTGTTGT
,TTAATAATT
,TTCTTTCTT
,TTGTAATTT
,CAAACACAAAC
,TAATTTTAAT
,TTTTAATTTT
,TTGTTACACATTGTT
,GTTACACATTG
,AATTTCATT
,AGTGCTATTT
,ATTATAATAATATTA
,CAAACACAAAC
,GTCAATATAAT
,TAATTTTAAT
,TGATAATAGT
,TTACTTTAA
,TTATGCGTATT
,TTATTTTATT
,TTGTTACACATTGTT
,TTTGTTGTTT
,ATATAATATA
,ATTATAATAATATTA
,CACTGTTTTT
,TAATTTTAAT
,TACTTTTCAT
,TGTAACTTTTCTGAA
,CAAACACAAAC
,TAATTTTAAT
,TCCTACCATCCT
,AAGTAATGC
,AATGGTGAT
,AGTATTATGA
,ATATAATATA
,ATTATAATAATATTA
,CACTGTTTTT
,CAGGTGGAC
,GAATTTAAG
,GTGACAATT
,GTGGTGGTG
,TAATCATACTAAT
,TAATTTTAAT
,TAATTTTAA
,TACTAATCAT
,TACTTTTCAT
,TGTAACTTTTCTGAA
,TGTATTTTAA
,TGTATTTTA
,TGTTTTTGT
,TTCATACTT
,TTTCACTTT
,TTTTAGTGA
,TTGTTACACATTGTT
,ATTCAAACTTA
,CAAACACAAAC
,TAATTTTAAT
,TTTTAATTTT
,TCTGTATATTTAA
,ATCACACTA
,CAAACACAAAC
,GTGGTGGTG
,TAATTTTAAT
,TACTTTTCAT
,TTTCACTTT
,TAATTTTAAT
,ACGTAATGCA
,ATTATAATAATATTA
,TAATTTTAAT
,TACTTTTCAT
,TTAAATGGTG
,CCATGACAGTACC
,TTACTAATCATT
,AAAATTAAT
,AACTTTCAA
,AAGTTTTGAA
,AATGAGTAA
,ACATATTGT
,ACTATATCA
,ACTTTGTTAA
,AGAAGATAT
,AGTATTATGA
,ATATGTATA
,ATGTAACAA
,ATTATAATAATATTA
,ATTATAATT
,ATTATAATT
,CAATATAAC
,CACAATTAT
,CACTGTTTTT
,CAGGTGGAC
,CATTACTGC
,CATTCTTAC
,CGTTAACTAA
,GAATTTAAG
,GGTCACAAT
,GTATGGATAA
,GTGGTGGTG
,GTTGTTGTTG
,TAATTTTAAT
,TAATTTTAA
,TAATTTTAGT
,TACTTTTCAT
,TATTATTAT
,TATTCTTCT
,TATTTTTAT
,TATTTTTAT
,TATTTTTAT
,TGAAAAATC
,TGTATTTTA
,TGTTGGTCA
,TGTTGGTGTT
,TGTTGTTGT
,TTATTACGG
,TTGTCTGTT
,TTGTGATAA
,TTTACTAAT
,TTTACTAAT
,TTTATAATTT
,TTTCACTTT
,TTTCTCTTT
,TTTGTGATA
,TTTTAGTGA
,TTTTAGTGGT
,TTTTTGTGG
,ATTATAATAATATTA
,CAGTGGTAAAT
,GGAATTTAAGG
,GTTACACATTG
,TAATTTTAAT
,TAGTGGTGAT
,TCAAACACAAACT
,TCTTCACTTCT
,TTAACCAATT
,TTATGCGTATT
,TTTGTTGTTT
,AATGGTGAT
,ACTACCAAAG
,ATAATATTA
,ATTATAATAATATTA
,ATTATAATATTA
,ATTATAATA
,CACTGTTTTT
,CAGGTGGAC
,CATTCTTAC
,GAATTTAAG
,GTGGTGGTG
,TAACACAAC
,TAATATTAT
,TAATTTTAAT
,TAATTTTAA
,TACTTTTCAT
,TATAATAAT
,TGTAACTTT
,TGTATTTTA
,TTTCACTTT
,TTTTAGTGA
,CAAACACAAAC
,TAATTTTAAT
,TTTTAATTTT
,TAATGAAAGTAAT
,TAATTTTAAT
,TTTGTTGTTT
,TTGTTACTCATTGTT
,ATTATAATAATATTA
,AAATTTATT
,AGTATTATGA
,ATTATAATAATATTA
,CAATATAAC
,CACTGTTTTT
,CAGGTGGAC
,CCGATAGCC
,GAATTTAAG
,GTGGTGGTG
,TAATTTTAAT
,TAATTTTAA
,TACTTTTCAT
,TCTGCAGGA
,TGTAACTTTTCT
,TGTATTTTA
,TTAATAATT
,TTGTGCAAC
,TTTCACTTT
,TTTTAGTGA
,ATTACCAAAG
,ATTATAATAATATTA
,CACTGTTTTT
,TAATTTTAAT
,TACTTTTCAT
,TGTAACTTTTCTGAA
,CAAACACAAAC
,GATCCTACCATCCTAG
,GTGGTGGTG
,TAATTTTAAT
,TTTAATTTG
,TTTACTTTT
,CAAACACAAAC
,TAATTTTAAT
,TACTTTTCAT
,TCCTACCATCCT
,AAGGTGTTTA
,ACTTTGTTAA
,AGGATCTTAT
,AGTATTATGA
,ATTATAATAATATTA
,ATTATAATT
,ATTATAATT
,ATTCTACTAA
,CAAGTCAGTG
,CACTGTTTTT
,CGTTAACTAA
,GTAAATTATA
,GTATGGATAA
,GTTGTTGTTG
,TAATTTTAAT
,TAATTTTAGT
,TACTTTTCAT
,TATTTTTAT
,TATTTTTAT
,TATTTTTAT
,TCAGTAATTC
,TGTAACTTTTCTGAA
,TGTTGGTGTT
,TTATACTAGT
,TTCTACTAAA
,TTGTCAGTTT
,TTTACTAAT
,TTTACTAAT
,TTTATAATTT
,TAATTTTAAT
,AATACTCTA
,AGTTATCTA
,ATAACAATA
,ATCTGTCTA
,CATTCTTAC
,CCATGACAGTACC
,CTAAATTTAAATC
,TAACGCAAT
,TAACTCAAT
,TATTCGTAT
,TCTACATCT
,TGTAACTTC
,TTTCACTTT
,TTTGTTACGCATTGTTT
,TTTTCACTT
,TTTTTAATG
,ATTATAATAATATTA
,TGTAACTTTTCTGAA
,AGTATTATGA
,ATATAATATA
,ATTATAATAATATTA
,CACTGTTTTT
,TAATTTTAAT
,TACTTTTCAT
,TGTAACTTTTCTGAA
,TTATACTAGT
,CAAACGCAAAC
,TAATTTTAAT
,TACTTTTCAT
,ATGTTGGTG
,ATGTTGGTG
,TTGTTACACATTGTT
,ATTTTACATTTTA
,TAATGAAAGTAAT
,TAATTTTAAT
,TTTGTTGTTT
,TTGTTACACATTGTT
,TTGTTACACATTGTT
,CTAGATTTAGATC
,CAAACACAAAC
,TAATTTTAAT
,TACTTTTCAT
,TCCTACCATCCT
,TAATTTTAAT
,AGTATTATGA
,ATTATAATAATATTA
,CACTGTTTTT
,TAATTTTAAT
,TACTTTTCAT
,TTGTTACTCATTGTT
,CAAACACAAAC
,CTTAATTTG
,GTGGTGGTG
,TACTTTTCAT
,TTTCACTTT
,AACTGTCAA
,AATGAGTAA
,ACATATTGT
,ACGTAATGCA
,ACTATATCA
,ACTTATATTA
,AGAACCAAGA
,AGAAGATAT
,AGCAGTTTTA
,AGTAGTTTT
,ATAATATTA
,ATAATATTA
,ATATGTATA
,ATGGTAATT
,ATGGTAATT
,ATGTAACAA
,ATTATAATAATATTA
,ATTATAATATTA
,ATTATAATA
,ATTATTTAG
,ATTTATTATTTA
,CACAATTAT
,CACTGTTTTT
,CAGGTGGAC
,CATTACTGC
,CTCTCTTCTCTC
,GAAGTTATT
,GAATTTAAG
,GGTAAATTA
,GGTGGTAAA
,GGTTATAAT
,GTAAATTATA
,GTAATTCTG
,GTAGAAGATG
,GTATGGATAA
,GTCAATGGT
,GTTGTTGTTG
,GTTTTAGAC
,TAACAACTT
,TAATAATTAT
,TAATATTAT
,TAATGGTAAT
,TAATTTTAAT
,TAATTTTAA
,TAATTTTAG
,TACTAATTA
,TATAATAAT
,TATAATATTA
,TATTCTTCTA
,TATTTTTAT
,TCAGTAATTC
,TGATTATAAT
,TGTAACTTT
,TGTTGGTCA
,TGTTGTTGT
,TTAAATGGTG
,TTTAACTAA
,TTTACTAATT
,TTTATAATTT
,TTTCAAGGT
,TTTCTCTTT
,CAAACACAAAC
,TAATTTTAAT
,TACTTTTCAT
,ACATTGTTACA
,ACTTTATTTCA
,TAATGAAAGTAAT
,TTGTTACACATTGTT
,AGTATTATGA
,ATTATAATAATATTA
,CAATATAAC
,CACTGTTTTT
,CAGGTGGAC
,CATTCTTAC
,CCGATAGCC
,GAATTTAAG
,GATTTTATC
,GTGGTGGTG
,TAATTTTAAT
,TAATTTTAA
,TACTTTTCAT
,TATTAATGC
,TATTTTATTTTAT
,TGTATTTTA
,TGTTTTTGT
,TTAACAACC
,TTTCACTTT
,TTTTAGTGA
,ATTATAATAATATTA
,CCACCGAGCCACC
,CTAAATTTAAATC
,TTTGTTACACATTGTTT
,ATTATAATAATATTA
,GGAATTTAAGG
,GTTACACATTG
,TAATTTTAAT
,TAGTGGTGAT
,TCAAACACAAACT
,TCTTCACTTCT
,TTAACCAATT
,TTATGCGTATT
,TTTGTTGTTT
,AACTTATAA
,AACTTTCAA
,AAGGTTAAC
,AATCACTAA
,AATGAGTAA
,ACGCCATAC
,ACTACATCA
,ACTTCTTTTG
,ATAATATTA
,ATATGTATA
,ATATTTGTG
,ATGACAGTA
,ATGGTGGTC
,ATTATAATAATATTA
,ATTATAATT
,CATAATTTTG
,CGACTCAGC
,CTATTAATA
,CTGCACAAG
,CTTGGTCTA
,GATTATAAT
,GCGTATGCG
,GGTGGTAAA
,GGTGTTGTGG
,GGTGTTTAT
,GGTGTTTAT
,GTAATTTTAG
,GTGCTCGTG
,GTTAAGCAG
,GTTGTTGTTG
,TAATTCACT
,TAATTTTAAT
,TAATTTTGA
,TACAAACAT
,TATTCTTCTA
,TATTTTTAT
,TGCGACAACA
,TGGATTACC
,TGGTTTTAA
,TGTTGTTGT
,TTAAATGGTG
,TTAATAATT
,TTAATACTA
,TTAATATTT
,TTATAATTT
,TTCAGACCA
,TTGTTACACATTGTT
,TTTAATTTT
,TTTATAATTT
,TTTCACTTT
,TTTCTCTTT
,TTTTAATTTT
,TTTTGAATG
,CAAACACAAAC
,TAATTTTAAT
,TACTTTTCAT
,ACACATTGTTACACA
,ATGACAGTA
,GCGTATGCG
,TACACACAT
,TTAATAATT
,TTAATATTT
,TTGTTACACATTGTT
,ATTCAAACTTA
,CAAACACAAAC
,TAATTTTAAT
,TTTTAATTTT
,ATTATAATAATATTA
,TGTAACTTTTCTGAA
,CTAAATTTAAATC
,TTTGTTACGCATTGTTT
,CAAACACAAAC
,TAATTTTAAT
,TTTTAATTTT
,AACTTTCAA
,AAGGTGTTTA
,AATGAGTAA
,AATGGTGAT
,ACATATTGT
,ACCTCACAT
,ACTACTTTA
,ACTATATCA
,AGAAGATAT
,ATAAAAATA
,ATATGTATA
,ATGTAACAA
,ATTATAATAATATTA
,ATTATAATT
,ATTATAATT
,ATTCTACTAA
,CAATATAAC
,CACAATTAT
,CAGGTGGAC
,CGTTAACTAA
,GAATTTAAG
,GGTATGCAC
,GGTGAATTA
,GTATGGATAA
,GTGGTGGTG
,GTTGTTGTTG
,TAATTTTAAT
,TAATTTTAGT
,TACTAATTA
,TACTTTTCAT
,TATAATTTTA
,TATTATTAT
,TATTTTTAT
,TATTTTTAT
,TATTTTTAT
,TCAGTAATTC
,TGAAAAATC
,TGTAACTTTTCTGAA
,TGTATTTTA
,TGTTGTTGT
,TGTTTTTGT
,TTATACTAGT
,TTATACTAGT
,TTCTACTAAA
,TTGTCAGTT
,TTGTCTGTT
,TTGTGATAA
,TTTACTAAT
,TTTACTAAT
,TTTCACTTT
,TTTGGTATG
,TTTGTGATA
,TTTTAGTGGT
,TTTTTGTGG
,CAGGTAATGGAC
,TGTAACTTCACTG
,CAAACACAAAC
,TAATTTTAAT
,TACTTTTCAT
,TCCTACCATCCT
,AAACAACAACAAA
,ATTAAATGGT
,TAATAATTCT
,TAATTTTAAT
,TATTCGTATTG
,TCTGTATATTT
,TTAAATGGTG
,TTATGTGTATT
,TTTTAATTTT
,TTTTACAGAT
,AGTGGTTAT
,ATAATATGA
,ATGTTGGTG
,ATTATAATAATATTA
,ATTTTAGTG
,CAATGTAAC
,CAGATTTTA
,GTGGTGGAC
,GTTTTATAAC
,TAATAATAT
,TAATTTTAAT
,TATTAACAT
,TATTCGTATT
,TCTTGGTCA
,TGGATAGGT
,TTCACCAAG
,TTGTTTTAT
,TTTGTTTGAC
,TTTTAATTTT
,TTTTCTTTT
,TTTTGTTTG
,TTGTTACACATTGTT
,TAATTTTAAT
,TTGTTACACATTGTT
,ATTATAATAATATTA
,GGAATTTAAGG
,GTTACACATTG
,TCAAACACAAACT
,TCTTCACTTCT
,TTATGCGTATT
,GTTCTCTTG
,TGTTTTTGT
,TTAACAATT
,TTTACATTT
,AATTTATATG
,GATGTTGTAG
,TAATAATTAT
,TAATTTTAAT
,TGTTGGTGCT
,TTAAATGGTG
,TTGTTACACATTGTT
,TTTTAATTTT
,ATCACACTA
,CAAACACAAAC
,GTGGTGGTG
,TAATTTTAAT
,TACTTTTCAT
,TTTCACTTT
,TAATTTTAAT
,TTGTTACACATTGTT
,CAAACACAAAC
,TAATTTTAAT
,TACTTTTCAT
,TCCTACCATCCT
,ATTATAATAATATTA
,GTTGTTGTGGGTGTTGTTG
,TATTTTTAT
,TATTTTTAT
,TATTTTTAT
,TTTGTTACACATTGTTT
,GAAGTTATTT
,TAATTTTAAT
,AACTTGTTG
,ACCAAGAGT
,AGGTGTAAG
,ATATTTTGA
,CATTCTTAC
,CCATGACAGTACC
,GTTTTATAA
,TAACTCAAT
,TATAATATT
,TCTAACGAA
,TGTAACTTC
,TTTACTATT
,TTTTTAATG
,AATGGTGAT
,AGTATTATGA
,ATTATAATAATATTA
,CAATATAAC
,CACTGTTTTT
,CAGGTGGAC
,CATTCTTAC
,GAATTTAAG
,GTGGTGGTG
,TAACGCAAT
,TAATTTTAAT
,TAATTTTAA
,TACTTTTCAT
,TGTATTTTA
,TGTTTTTGT
,TTAACAACT
,TTAAGCACGAATT
,TTTCACTTT
,TTTTAGTGA
,TTGTTACACATTGTT
,CAAACACAAAC
,TAATTTTAAT
,TTGTTACACATTGTT
,ATCACACTA
,CAAACACAAAC
,GTGGTGGTG
,TAATTTTAAT
,TACTTTTCAT
,TTTCACTTT
,TAATTTTAAT
,CAAACACAAAC
,TAATTTTAAT
,TACTTTTCAT
,TCCTACCATCCT
,TTGTTACACATTGTT
,CAAACACAAAC
,TAATTTTAAT
,TACTTTTCAT
,TAATTTTAAT
,TTGTTACACATTGTT
,TAATTTTAAT
,GTAATAATG
,TGTTGTTGT
,TTAATAATT
,TTGTAATTT
,TTTTTCTTTTT
,CAAACACAAAC
,TAATTTTAAT
,TTTTAATTTT
,AAAATGGTG
,AAAGTTGTTT
,AAATGGTGT
,AACTTGTTG
,AATATTAATA
,AATGAGTAA
,AATGGTGTAG
,AATTCTTAA
,AATTTTTAA
,ACAACATTAC
,ACATATTTGT
,ACCAATTTT
,ACCATACCA
,ACTACATCA
,AGTACTTCT
,AGTAGTTTT
,AGTGTTTGT
,ATATGTATA
,ATGACAGTA
,ATTGAGAAC
,ATTTCAGTG
,CATTCTTAC
,CTATTATTAC
,GACATTACAG
,GCGTATGCG
,GTGTTTGTT
,GTTGTTGTTG
,TAACGCAAT
,TAACTCAAT
,TAATAATTT
,TAATTTTAAT
,TATAATAGT
,TATGGATAA
,TATTCATTT
,TATTTTTAT
,TCACTAACG
,TGAAAAATC
,TGTAAGGGT
,TGTTGTTGT
,TTAATAATT
,TTAATATTT
,TTACAGAGA
,TTATAATTT
,TTATTGAAGA
,TTCTCTCTT
,TTGTCTGTT
,TTGTTACACATTGTT
,TTTACATCA
,TTTAGACCA
,TTTATAATTT
,TTTCACTTT
,TTTGTATGAC
,TTTGTGATA
,TTTGTTACTCATTGTTT
,ATAAAAATA
,ATCTGTCTA
,CATTCTTAC
,CCATGACAGTACC
,CTAAATTTAAATC
,GATTTTTGT
,TAACGCAAT
,TAACTCAAT
,TATTCGTAT
,TCTACATCT
,TGTAACTTC
,TTTCACTTT
,TTTGTTACGCATTGTTT
,TTTTCACTT
,TTTTGTTTT
,CTAAATTTAAATC
,TTTGTTACGCATTGTTT
,AGTATTATGA
,ATCATACTA
,ATTATAATAATATTA
,CAATATAAC
,CACTGTTTTT
,CAGGTGGAC
,CATTCTTAC
,CCGATAGCC
,GAATTTAAG
,GTGGTGGTG
,TAATTTTAAT
,TAATTTTAA
,TACTAATCAT
,TACTTTTCAT
,TGTATTTTA
,TTAATAATT
,TTTCACTTT
,TTTTAGTGA
,TAATTTTAAT
,TACTTTTCAT
,TAGTGGTGAT
,TAATTTTAAT
,TAATTTTAAT
,ACTACCAAAG
,ATTATAATAATATTA
,CACTGTTTTT
,TAATTTTAAT
,TACTTTTCAT
,TGTAACTTTTCTGAA
,TTATACTAGT
,ATCACACTA
,CAAACACAAAC
,GTGGTGGTG
,TAATTTTAAT
,TACTTTTCAT
,TTTCACTTT
,ATTATAATAATATTA
,GGAATTTAAGG
,GTTACACATTG
,TAATTTTAAT
,TAGTGGTGAT
,TCAAACACAAACT
,TCTTCACTTCT
,TTAACCAATT
,TTATGCGTATT
,TTTGTTGTTT
,ACTTTATTTCA
,CAGTCTGAC
,GTGGTGGTG
,TAATGAAAGTAAT
,TTTTCTTTT
,ATTATAATAATATTA
,TGTAACTTTTCTGAA
,CAAACACAAAC
,TAATTTTAAT
,TACTTTTCAT
,TCCTACCATCCT
,TTGTTACACATTGTT
,CAAACACAAAC
,TAATTTTAAT
,TACTTTTCAT
,ATAATATTA
,ATTATAATAATATTA
,ATTATAATATTA
,ATTATAATA
,TAATTTTAAT
,TAATTTTAAT
,TAATTTTAAT
,ATTATAATAATATTA
,CCACCGAGCCACC
,CTAAATTTAAATC
,TAATAAAAATAAT
,TTTGTTACACATTGTTT
,ATGAAAGTA
,CAAACACAAAC
,GTGGTGGTG
,TAATTTTAAT
,TTTCACTTT
,ATAAAAATA
,ATCTGTCTA
,CATTCTTAC
,CCATGACAGTACC
,CTAAATTTAAATC
,GATTTTTGT
,TAACGCAAT
,TAACTCAAT
,TATTCGTAT
,TCTACATCT
,TGTAACTTC
,TTTCACTTT
,TTTGTTACGCATTGTTT
,TTTTCACTT
,TTTTGTTTT
,TTTTTAATG
,ATTATAATAATATTA
,TGTAACTTTTCTGAA
,TAATTTTAAT
,TAGTGGTGAT
,TGATAATAGT
,TGGTTTTGGT
,TTTTAATTTT
,TTTTGGTGTA
,TTTTGTTACACATTGTTTT
,TTTTTCCTTTTT
,CAAACACAAAC
,TAATTTTAAT
,TTTTAATTTT
,TAATTTTAAT
,ATGTTGGTG
,ATGTTGGTG
,TTGTTACACATTGTT
,AAAATTAAT
,AACTTTCAA
,AAGGTGTTTA
,AATGAGTAA
,AATGGTGAT
,AATTTAACA
,ACATATTGT
,ACTAAGAGT
,ACTATATCA
,ACTTCAGCAG
,ACTTTGTTAA
,AGAACCAAGA
,AGAAGATAT
,AGGATCTTA
,ATATGTATA
,ATTATAATAATATTA
,ATTATAATT
,ATTATAATT
,CAATATAAC
,CACAATTAT
,CACTGTTTTT
,CAGGTGGAC
,CATTACTGC
,CCTGTTTTTA
,CCTTATTAC
,CGGTTTGTA
,CGTTAACTAA
,CTGTTTTTA
,CTGTTTTTA
,GGTGAATTA
,GGTGGTAAA
,GTATGGATAA
,GTGGTGGTG
,GTTGTTGTTG
,GTTTTAGACG
,TAACAACTT
,TAATTTTAAT
,TAATTTTAGT
,TACTAATTA
,TACTTTTCAT
,TATTATTAT
,TATTCTTCT
,TATTTTTAT
,TCAGTAATTC
,TGCTGCACA
,TGTAACTTTTCTGAA
,TGTATTTTA
,TGTTGGTCA
,TGTTGGTGTT
,TGTTGTTGT
,TTAAATGGTG
,TTATTACGG
,TTGTCAGTTT
,TTGTCTGTT
,TTGTGATAA
,TTTACTAAT
,TTTACTAAT
,TTTAGAAGA
,TTTATAATTT
,TTTCACTTT
,TTTCTCTTT
,TTTGTGATA
,TTTTAGTGA
,TTTTAGTGGT
,TTTTTGTGG
,AACAAACAA
,CGTTGTTGC
,TCATAAAGG
,TGATTTAGT
,TTGTTACTCATTGTT
,TTGTTTTAT
,TTGTTACACATTGTT
,TTGTTACACATTGTT
,ATTATAATAATATTA
,TGTAACTTTTCTGAA
,GTTACCCATTG
,TAATAAAAATAAT
,AATTTTACT
,GGAAAAAGG
,TTAATAATT
,TTGTTTGTT
,TTGTTTTAT
,CAAACACAAAC
,TACTTTTCAT
,ATTATAATAATATTA
,CAAACACAAAC
,TAATTTTAAT
,TACTTTTCAT
,ATTCAAACTTA
,CAAACACAAAC
,TTGTTACACATTGTT
,AGTATTATGA
,ATATAATATA
,ATTATAATAATATTA
,CACTGTTTTT
,TAATTTTAAT
,TACTTTTCAT
,TGTAACTTTTCTGAA
,TGTATTTTAA
,ATTATAATAATATTA
,TTGTTACACATTGTT
,AAATGGACA
,AGTTTTTGA
,ATTGCGTTA
,CAGGAGGAC
,GGTGATATTC
,GTAAATTTA
,GTTGTACTT
,GTTTATTAA
,TAATTTTAAT
,TAGTGGTAA
,TAGTGGTGAT
,TCATGTACT
,TGATAATAGT
,TGGTTTTGGT
,TGTTGTTGT
,TGTTTTAAA
,TTAACAATT
,TTATTAATC
,TTTAATAAA
,TTTCACTTT
,TTTTAATAA
,TTTTAATTTT
,TTTTGGTGTA
,TTTTGTTACACATTGTTTT
,TTTTTCCTTTTT
,ATCACACTA
,CAAACACAAAC
,GTGGTGGTG
,TAATTTTAAT
,TACTTTTCAT
,TTTCACTTT
,ATAATATTAA
,ATTATAATAATATTA
,TAATTTTAAT
,TAGACCACCAGAT
,TTCTTTTCTT
,TTGTTACGCATTGTT
,TTTTAATTTT
,CAAACACAAAC
,TAATTTTAAT
,TACTTTTCAT
,TCCTACCATCCT
,ATTATAATAATATTA
,TGTAACTTTTCTGAA
,AGTATTATGA
,ATTATAATAATATTA
,CACTGTTTTT
,TAATTTTAAT
,TACTTTTCAT
,TGTAACTTTTCTGAA
,TGTATTTTAA
,CAAACACAAAC
,TAATTTTAAT
,TACTTTTCAT
,TCCTACCATCCT
,ATTATAATAATATTA
,TGTAACTTTTCTGAA
,TTGTTACACATTGTT
,AACTTATAA
,AATCACTAA
,ACTCTTGGT
,ATAATATTA
,ATGACAGTA
,ATGGTGGTC
,ATTATAATAATATTA
,CGACTCAGC
,CTATTAATA
,CTGCACAAG
,CTTGGTCTA
,GATTGTTAG
,TTAATAATT
,TTGTTACACATTGTT
,ACATTGTTACA
,ATTATAATAATATTA
,CAAACACAAAC
,CACTGTTTTT
,GTAACTTTTCT
,GTTTTTACTT
,TAATTTTAAT
,TACTTTTCAT
,TCCTACCATCCT
,TTGTTACACATTGTT
,CAAACACAAAC
,TAATTTTAAT
,TACTTTTCAT
,CAAACACAAAC
,TAATTTTAAT
,TACTTTTCAT
,TCCTACCATCCT
,AGTTTTAAT
,ATATAATATA
,ATTATAATAATATTA
,CAATATAAC
,CACTGTTTTT
,CAGGTGGAC
,CATTCTTAC
,CCGATAGCC
,GAATTTAAG
,GTGGTGGTG
,TAATTTTAAT
,TACTTTTCAT
,TGTAACTTTTCTGAA
,TGTATTTTA
,TGTTTTTGT
,TTATACTAGT
,TTGGTGTTA
,TTTCACTTT
,TTTTAGTGA
,ATTATAATAATATTA
,GGAATTTAAGG
,GTTACACATTG
,TAATTTTAAT
,TAGTGGTGAT
,TCAAACACAAACT
,TCTTCACTTCT
,TTAACCAATT
,TTATGCGTATT
,TTTGTTGTTT
,TTGTTACACATTGTT
,TAATTTTAAT
,ATGACAGTA
,GCGTATGCG
,TACAAACAT
,TTAATAATT
,TTAATATTT
,TTGTTACACATTGTT
,AACAAAACAA
,AACTTATAA
,AACTTTCAA
,AAGGTTAAC
,AATCACTAA
,ACGCCATAC
,ACTACATCA
,ACTACATCA
,ACTACATCA
,ACTTCTTTTG
,AGGTGGTGGA
,ATAATATTA
,ATATGTATA
,ATATTCAAA
,ATGACAGTA
,ATGGTGATC
,ATGGTGGTC
,ATTATAATAATATTA
,ATTATAATT
,CATAATTTTG
,CGACTCAGC
,CTATTAATA
,CTTGGTCTA
,GATTATAAT
,GCGTATGCG
,GGTGGTAAA
,GGTGTTGTGG
,GTAATTTTAG
,GTGCTCGTG
,GTTAAGCAG
,GTTGTTGTTG
,TAATTCACT
,TAATTTTAAT
,TAATTTTGA
,TATTTTTAT
,TGCGACAACA
,TGGACTGTT
,TGGATTACC
,TGGTTTTAA
,TGTTGTTGT
,TTAAATGGTG
,TTAATAATT
,TTAATACTA
,TTATAATTT
,TTCAGACCA
,TTGTTACACATTGTT
,TTTAATTTT
,TTTCACTTT
,TTTCTCTTT
,TTTGTATGAC
,TTTTAACAA
,TTTTAATTTT
,TTTTGAATG
,TTGTTACACATTGTT
,ACTAAGAGT
,ACTAGATCA
,ATAATATTA
,ATTATAATAATATTA
,CAAACACAAAC
,CAGGTGGAC
,CCATAGATACC
,GAATTTAAG
,GTGGTGGTG
,TAACTCAAT
,TAATTTTAA
,TACTTTTCAT
,TACTTTTCAT
,TCTTGTTCT
,TGGTAATTTTT
,TGTAACTTT
,TGTATTTTA
,TTATACTAA
,TTTACTTTTCAT
,TTTTAGTGA
,TGTAACTTTTCTGAA
,ACGTAATGCA
,ATAATATTA
,ATAATATTA
,ATTATAATAATATTA
,ATTATAATATTA
,ATTATAATA
,CACTGTTTTT
,TAACACAACT
,TAATAATTAT
,TAATGGTAAT
,TAATTTTAAT
,TATAATATTA
,TTAAATGGTG
,ATTATAATAATATTA
,TTAACAATT
,TTAACAATT
,TTAACAATT
,TTGTTACACATTGTT
,TAATTTTAAT
,ACAAAAACA
,AGTATTATGA
,ATTATAATAATATTA
,CAATATAAC
,CACTGTTTTT
,CAGGTGGAC
,CATTCTTAC
,GAATTTAAG
,GTGGTGGTG
,TAATTTTAAT
,TAATTTTAA
,TACTTTTCAT
,TCATTGTAT
,TGTAACTTTTCTGAA
,TGTATTTTA
,TTTAATTTG
,TTTCACTTT
,TTTTAGTGA
,TTTTATTTT
,AACTTTCAA
,AAGGTGTTTA
,AATGAGTAA
,ACATATTGT
,ACTACTTTA
,ACTATATCA
,ACTTCAGCAG
,ACTTTGTTAA
,AGAAGATAT
,AGCTGTTTA
,AGTACTTTT
,ATATGTATA
,ATGTAACAA
,ATTATAATAATATTA
,ATTATAATT
,ATTATAATT
,ATTCTACTAA
,ATTCTGCCA
,CAATATAAC
,CACAATTAT
,CACTGTTTTT
,CAGGTGGAC
,CATTACTGC
,CATTCTTAC
,GAAGATATT
,GAATTTAAG
,GGTGAATTA
,GTATGGATAA
,GTGGTGGTG
,GTTGTTGTTG
,TAACAACTT
,TAATTTTAAT
,TAATTTTAGT
,TATGGGTCT
,TATTATTAT
,TATTTTTAT
,TATTTTTAT
,TATTTTTAT
,TCAGTAATTC
,TGAAAAATC
,TGTATTTTA
,TGTTGGTGTT
,TGTTGTTGT
,TTAATTAATT
,TTAATTTTA
,TTCTACTAAA
,TTGTCTGTT
,TTGTGATAA
,TTTATAATTT
,TTTCTCTTT
,TTTGTGATA
,TTTTAGTGA
,TTTTAGTGGT
,TTTTTGTGG
,CTAAATTTAAATC
,TTTGTTACACATTGTTT
,CCATGACAGTACC
,AAGGTGTTTA
,ACTTTGTTAA
,AGGATCTTAT
,ATTATAATAATATTA
,ATTATAATT
,ATTATAATT
,ATTCTACTAA
,CACTGTTTTT
,CGTTAACTAA
,GTAAATTATA
,GTATGGATAA
,GTTGTTGTTG
,TAATTTTAAT
,TAATTTTAGT
,TACTTTTCAT
,TATTTTTAT
,TATTTTTAT
,TATTTTTAT
,TCAGTAATTC
,TGTAACTTTTCTGAA
,TGTTGGTGTT
,TTATACTAGT
,TTCTACTAAA
,TTGTCAGTTT
,TTTACTAAT
,TTTACTAAT
,TTTATAATTT
,CCATGACAGTACC
,CTAAATTTAAATC
,TTTGTTACGCATTGTTT
,CAAACACAAAC
,TAATTTTAAT
,TACTTTTCAT
,TAATTTTAAT
,GTGGTGGTG
,TAATGAAAGTAAT
,TAATGAAAG
,TAATTTTAAT
,TACTTTTCAT
,TTTCACTTT
,CAAACACAAAC
,TAATTTTAAT
,TACTTTTCAT
,TCCTACCATCCT
,TAATTTTAAT
,AGTGGTTAT
,ATAATATGA
,ATGTTGGTG
,ATTATAATAATATTA
,ATTTTAGTG
,CAATGTAAC
,CAGATTTTA
,GTGGTGGAC
,GTTTTATAAC
,TAATAATAT
,TAATTTTAAT
,TATTAACAT
,TATTCGTATT
,TCTTGGTCA
,TGGATAGGT
,TTCACCAAG
,TTGTTACACATTGTT
,TTGTTTTAT
,TTTGTTTGAC
,TTTTAATTTT
,TTTTCTTTT
,TTTTGTTTG
,TTGTTACACATTGTT
,TAATTTTAAT
,AGTATTATGA
,ATTATAATAATATTA
,ATTATAATAATA
,ATTTTCACTTTTA
,CACTGTTTTT
,TAATAATAAT
,TAATTTTAAT
,TACTTTTCAT
,TAGTGGTGAT
,TAATTTTAAT
,ATTATAATAATATTA
,CTAAATTTAAATC
,TATTCAAACTTAT
,TTTGTTACACATTGTTT
,AGTATTATGA
,ATTATAATAATATTA
,CACTGTTTTT
,TAATGAAAGTAAT
,TAATTTTAAT
,TACTTTTCAT
,TTTTAATTTT
,AGTGGTAAAT
,ATTATAATAATATTA
,GGAATTTAAGG
,GTTACACATTG
,TAATTTTAAT
,TAGTGGTGAT
,TCAAACACAAACT
,TCTTCACTTCT
,TTAACCAATT
,TTATGCGTATT
,TTTGTTGTTT
,ATTATAATAATATTA
,TGTAACTTTTCTGAA
,CAAACACAAAC
,TAATTTTAAT
,TACTTTTCAT
,TCCTACCATCCT
,TAATTTTAAT
,CAAACACAAAC
,TAATTTTAAT
,TACTTTTCAT
,TCCTACCATCCT
,TAATTTTAAT
,TAATTTTAAT
,CAAACACAAAC
,TAATTTTAAT
,TACTTTTCAT
,TCCTACCATCCT
,TAATTTTAAT
,TACTTTTCAT
,TAGTGGTGAT
,TCCTACCATCCT
,CAAACACAAAC
,TAATTTTAAT
,TACTTTTCAT
,TCCTACCATCCT
,ACATTGTTACA
,TTGTTACACATTGTT
,CAAACACAAAC
,TAATTTTAAT
,ACATTGTTACA
,ATAATATGAC
,TTGTTACACATTGTT
,ATCACACTA
,CAAACACAAAC
,GTGGTGGTG
,TAATTTTAAT
,TACTTTTCAT
,TTTCACTTT
,AACTTTCAA
,AAGGTGTTTA
,AATAATTTC
,AATACTGGC
,AATGAGTAA
,AATTCACTT
,AATTCTCTTAA
,ACATATTGT
,ACTATATCA
,ACTGACTCC
,AGGTACAGA
,AGTAGTTTT
,AGTGGTGATA
,AGTGGTGAT
,ATATGTATA
,ATATTTTGA
,ATTATAATAATATTA
,ATTATAATT
,ATTTCACAT
,CAACACAATT
,CACAAACTA
,CATATACAT
,CCACCCAAA
,CTTTAACGG
,GACCACATA
,GATAAATGT
,GGAATTTAAGG
,GTAGTTTTAG
,GTTACACATTG
,GTTGTTGTTG
,TAAACAAAT
,TAATTTTAAT
,TACAGAAGA
,TACTTCTTGT
,TAGGTATGGAT
,TAGTGGTGAT
,TAGTTTTAG
,TATAATTCA
,TATATGTAT
,TATTATTAT
,TATTCCTAT
,TATTCTTAT
,TATTTTTAT
,TATTTTTAT
,TATTTTTAT
,TCAGATGGT
,TCAGCAGTTT
,TCCAATTATT
,TCTATTCTA
,TCTTCACTTCT
,TGAAAAATC
,TGTTGAGTA
,TGTTGTTGT
,TTAACCAATT
,TTAATAATT
,TTATAATTTT
,TTATCGTGAGA
,TTATGCGTATT
,TTCTACTAAA
,TTGTCTGTT
,TTTAAATTT
,TTTACTAAT
,TTTCACTTT
,TTTGTTGTTT
,TTTTCAAGG
,TAATTTTAAT
,AGTATTATGA
,ATTATAATAATATTA
,ATTATAATAATA
,CACTGTTTTT
,TAATAATAAT
,TAATTTTAAT
,TACTTTTCAT
,TTGTTACACATTGTT
,TCGTAATTTTAATGCT
,AAAGTGGTG
,AACTTTCAA
,AATATTAATA
,AATGAGTAA
,ACAACATTAC
,ACATATTGT
,ACTACTTTA
,ACTATATCA
,AGAAGATAT
,AGTAGTTTT
,ATATGTATA
,ATCGCTTCA
,ATCTGTCTA
,ATGGTGGTTT
,ATGTAACAA
,ATTATAATT
,ATTATAATT
,ATTGTAATT
,CATTCTTAC
,CCATGACAGTACC
,CTAAATTTAAATC
,CTAACACTA
,CTACTTTAT
,GAATTTAAG
,GATTTTTGT
,GCTTCACAG
,GTACTTTTT
,GTATGGATAA
,GTTAACTAA
,GTTGTTGTTG
,TAACGCAAT
,TAACTCAAT
,TAATTCATT
,TAATTTTAAT
,TAATTTTAG
,TATAACAAC
,TATAATTTTA
,TATTATTAT
,TATTCGTAT
,TATTCTACTA
,TATTTTTAT
,TATTTTTAT
,TATTTTTAT
,TCAGTAATTC
,TCATTGTAA
,TCTACATCT
,TCTATTCTA
,TGTAACTTC
,TGTTGAGTA
,TGTTGTTGT
,TGTTTTTAG
,TGTTTTTGT
,TTGTCTGTT
,TTGTGATAA
,TTTACTAATT
,TTTACTAAT
,TTTATAGAA
,TTTCACTTT
,TTTGTGATA
,TTTGTTACGCATTGTTT
,TTTTCACTT
,TTTTGTTTT
,TTTTTAATGG
,TTTTTGTGG
,AAAAGAACT
,AACAGTTTC
,AAGTGCTAT
,AATCACTAA
,AATGAGTAA
,ACATTAACT
,ACCATACCA
,ACTACATCA
,AGTGTTTGT
,ATATGTATA
,ATGTTGGTG
,ATGTTGGTG
,ATTTATATG
,CAACACAAC
,CTCATAACT
,GGTGGTAAA
,GTCAATACT
,GTCAATGGT
,GTGAAAGTA
,GTGCTCGTG
,GTGGTGGAC
,TAATTATTT
,TAGTTTTAG
,TATATGTAT
,TATTTTTAT
,TGTTGGTCA
,TGTTGTTGT
,TTAATAATT
,TTATAATTT
,TTATCGTGA
,TTCTGTCTT
,TTGACAGTT
,TTGTTACACATTGTT
,TTTAAATTT
,TTTATCGTG
,TTTCTCTTT
,TTTTATTTT
,TAATTTTAAT
,ATTCAAACTTA
,CAAACACAAAC
,TAATTTTAAT
,TTTTAATTTT
,AAAAGAACT
,AAACTGGTT
,AAGTGCTAT
,AATTGCCCT
,ACCATACCA
,ACTACATCA
,AGTAGTTTT
,AGTGTTTGT
,ATATGTATA
,ATGTTGGTG
,ATTAAGATC
,ATTCTTCTA
,ATTTGTCTG
,CAACACAAC
,CTTCTTATA
,GGTGGTAAA
,GTATTTAAT
,GTCAATGGT
,GTGAAAGTA
,GTGGTGGAC
,TAATTATTT
,TAGTTTTAG
,TATATGTAT
,TATTTTTAT
,TCTACCAAACCATCT
,TGGTCTACC
,TGGTTTTAA
,TGTTGGTCA
,TGTTGTTGT
,TGTTTATTA
,TTAGTAATT
,TTATAATTT
,TTATCGTGA
,TTATTGAAG
,TTCTGTCTT
,TTGACAGTT
,TTGCCCTTA
,TTTATCGTG
,TTTCTCTTT
,TTTGTTACACATTGTTT
,TTTTATTTT
,GATGTTGTAG
,GTGTATTTAA
,TAATTTTAAT
,TGTATTTAAT
,TTAAATGGTG
,TTGTTACACATTGTT
,TTTTAATTTT
,AACTTTTCAA
,TAATTTTAAT
,AACATATTG
,AACTTATAA
,AAGGTTAAC
,AATAGTGTT
,AATATTAGT
,AATCACTAA
,AATGAGTAA
,ACAATCTAACA
,ACTACATCA
,ACTTAATGT
,AGGTATGGA
,AGTAGTTTT
,AGTGTTTGT
,ATAATATTA
,ATATTCAAA
,ATGACAGTA
,ATGGTGGTC
,ATTATAATAATATTA
,ATTCAAACTTA
,CAAACACAAAC
,CACCGTCAT
,CCGCCAGTT
,CCTTATTAC
,CGACTCAGC
,CTAATCCTACT
,CTATTAATA
,CTGCACAAG
,GAAGTTATT
,GCGTATGCG
,GGTGGTAAA
,GTTAAGCAG
,GTTTTAGAC
,TAATTTTAA
,TAATTTTAG
,TAATTTTGA
,TATGGTTCC
,TATTTTTAT
,TGTTGGTCA
,TGTTGTTGT
,TTAATAATT
,TTAATACTA
,TTAATTTAA
,TTATAATTTTA
,TTATTACCG
,TTATTACGGCT
,TTATTCTTCTA
,TTATTGTCT
,TTGTGATAA
,TTGTTACACATTGTT
,TTTAATTTA
,TTTAATTTT
,TTTACATCA
,TTTACTAAT
,TTTAGTGGT
,TTTCACTTT
,TTTCAGATGGC
,TTTGTGATA
,TTTTGAATG
,CAAACACAAAC
,TAATTTTAAT
,TTTTAATTTT
,GTATAAATATG
,TCTGGTAACTG
,AACTTATAA
,AACTTTCAA
,AAGGTTAAC
,AATCACTAA
,AATGAGTAA
,ACGCCATAC
,ACTACATCA
,ATAATATTA
,ATATGTATA
,ATATTCAAA
,ATATTTGTG
,ATGACAGTA
,ATGGTGGTC
,ATTATAATAATATTA
,ATTATAATT
,CGACTCAGC
,CTATTAATA
,CTGCACAAG
,CTTGGTCTA
,GATTATAAT
,GCGTATGCG
,GGTGGTAAA
,GGTGTTTAT
,GGTGTTTAT
,GTGCTCGTG
,GTTAAGCAG
,TAATTCACT
,TAATTTTGA
,TATTTTTAT
,TGGATTACC
,TGGTTTTAA
,TGTTGTTGT
,TTAATAATT
,TTAATACTA
,TTATAATTT
,TTCAGACCA
,TTGTTACACATTGTT
,TTTAATTTT
,TTTCACTTT
,TTTCTCTTT
,TTTTGAATG
,ACTTTAACCAATTTCA
,ATAATATTA
,ATAATATTA
,ATTATAATAATATTA
,ATTATAATATTA
,ATTATAATA
,TAATCAAAGT
,TAATTTTAAT
,TATAATATTA
,TATTCGTATT
,TGTAACTTTTCT
,TTAAATGGTG
,TTTGATGATA
,TTTGTTGTTT
,AGTGGTTAT
,ATAATATGAC
,ATAATATGA
,ATTAGATTA
,ATTATAATAATATTA
,ATTTTAGTG
,CAACCCTTG
,CAGATTTTA
,GTGGTGGAC
,GTTTTATAAC
,GTTTTATTA
,TAATAATAT
,TAATTTTAAT
,TATTAACAT
,TATTATTAAT
,TATTCGTATT
,TGGATAGGT
,TTCACCAAG
,TTGTTACACATTGTT
,TTGTTTTAT
,TTTGTTTGAC
,TTTTAATTTT
,TTTTCTTTT
,TTTTGTTTG
,AGTGGTTAT
,ATAATATGA
,ATGTTGGTG
,ATTATAATAATATTA
,ATTTTAGTG
,CAGATTTTA
,GTGGTGGAC
,GTTTTATAAC
,TAATAATAT
,TAATTTTAAT
,TATTAACAT
,TATTCGTATT
,TCTTGGTCA
,TGGATAGGT
,TGGTCCTGGT
,TTCACCAAG
,TTGTTACACATTGTT
,TTGTTTTAT
,TTTGTTTGAC
,TTTTAATTTT
,TTTTCTTTT
,TTTTGTTTG
,CAAACACAAAC
,TAATTTTAAT
,TACTTTTCAT
,AAAGGCCTGCT
,AAGCGGGCG
,AGTGCGTGA
,CAGACCCAGAC
,CCAAAGAAACC
,CGGCAACAA
,GCGGCGGCG
,GCGTATGCG
,GTATGCGGT
,GTGTATGTG
,GTGTTTGTG
,TAGCGCGAT
,TAGCGGCAA
,TATGCGTAT
,TATGTGTAT
,TATTATTAT
,TGTATTTTA
,CAAACACAAAC
,TAATTTTAAT
,TTTTAATTTT
,CAAACGCAAAC
,TATAATAATAT
,TCAACACAACT
,ATATAATATA
,ATCAATTTTG
,TAATTTTAAT
,TATGCTTATTCGTAT
,TTAAATGGTG
,TTGTTACACATTGTT
,TTTTAATTTT
,TTTTTAATTT
,AAGTAATGC
,AATGGTGAT
,AGTATTATGA
,ATTATAATAATATTA
,CACTGTTTTT
,CAGGTGGAC
,GAATTTAAG
,GTGACAATT
,GTGGTGGTG
,TAATCATACTAAT
,TAATTTTAAT
,TAATTTTAA
,TACTAATCAT
,TACTTTTCAT
,TGTAACTTTTCTGAA
,TGTATTTTAA
,TGTATTTTA
,TGTTTTTGT
,TTCATACTT
,TTTCACTTT
,TTTTAGTGA
,TAATTTTAAT
,TAATTTTAAT
,TTGTTACACATTGTT
,TAATTTTAAT
,TAATTTTAAT
,TTTTAATTTT
,AACTTTCAA
,AAGGTGTTTA
,AATGAGTAA
,ACATATTGT
,ACTATATCA
,ACTTTGTTAA
,AGAAGATAT
,AGTACTTTT
,ATATGTATA
,ATGTAACAA
,ATTATAATAATATTA
,ATTATAATT
,ATTATAATT
,ATTCTACTAA
,ATTCTGCCA
,CAATATAAC
,CACAATTAT
,CACTGTTTTT
,CAGGTGGAC
,CATTACTGC
,CATTCTTAC
,CGTTAACTAA
,GAATTTAAG
,GGTGAATTA
,GTATGGATAA
,GTGGTGGTG
,GTTGTTGTTG
,TAACAACTT
,TAATTTTAAT
,TAATTTTAGT
,TACTAATTA
,TACTTTTCAT
,TATTATTAT
,TATTTTTAT
,TATTTTTAT
,TATTTTTAT
,TCAGTAATTC
,TCCAATTATT
,TCGGTTTGT
,TGAAAAATC
,TGTAACTTTTCTGAA
,TGTATTTTA
,TGTTGGTGTT
,TGTTGTTGT
,TGTTTTTGT
,TTATACTAGT
,TTCTACTAAA
,TTGTCAGTTT
,TTGTCTGTT
,TTGTGATAA
,TTTACTAAT
,TTTACTAAT
,TTTATAATTT
,TTTCACTTT
,TTTCTCTTT
,TTTGTGATA
,TTTTAGTGA
,TTTTTGTGG
,TAATTTTAAT
,TAATTTTAAT
,ATCACACTA
,CAAACACAAAC
,GTGGTGGTG
,TAATTTTAAT
,TACTTTTCAT
,TTTCACTTT
,ATTATAATAATATTA
,TGTAACTTTTCTGA
,AATGGTGAT
,AGTATTATGA
,ATTATAATAATATTA
,CAATATAAC
,CACTGTTTTT
,CAGGTGGAC
,GAAAGAATT
,GAATTTAAG
,GTGGTGGTG
,TAATGAAAGTAAT
,TAATTTTAAT
,TAATTTTAA
,TACTTTTCAT
,TATTTTAGTG
,TGTAACTTTTCT
,TGTATTTTA
,TGTTTTTGT
,TTAACAACT
,TTAAGAAAGAATT
,TTTCACTTT
,TTTTAGTGA
,AAAGCCAGT
,AAGCGGGCG
,AGTGCGTGA
,CAACCATACCAAC
,CGTGCGTGC
,GCGGCGGCG
,GCGTATGCG
,GTATGCGGT
,GTGTATGTG
,GTGTTTGTG
,TATGCGTAT
,TATGTGTAT
,TATTATTAT
,ATAATAATA
,ATCTGTCTA
,CATTCTTAC
,CCATGACAGTACC
,CTAAATTTAAATC
,CTAAGAATC
,GATTTTTGT
,TAACGCAAT
,TAACTCAAT
,TATTCGTAT
,TCTACATCT
,TGTAACTTC
,TGTTTTTGT
,TTTCACTTT
,TTTGTTACGCATTGTTT
,TTTTCACTT
,TTTTGTTTT
,AAATGGACA
,AGTTTTTGA
,ATTGTGTTA
,CAGGAGGAC
,GTTGTACTT
,TAATTTTAAT
,TACTTTCAT
,TAGTGGTGAT
,TCATGTACT
,TGATAATAGT
,TGGTTTTGGT
,TGTTGTTGT
,TGTTTTAAA
,TTAACAATT
,TTTAATAAA
,TTTCACTTT
,TTTTAATAA
,TTTTAATTTT
,TTTTGGTGTA
,TTTTGTTACACATTGTTTT
,TTTTTCCTTTTT
,TTGTTACACATTGTT
,AAAGGCCTGCT
,AACGGCGAT
,AGCGAGCGA
,AGTGCGTGA
,CAGACCCAGAC
,CGCCGCCGC
,GCGCGAGCGCG
,GCGCGGCGA
,GCGCGGCGA
,GCGGCGGCG
,GCGTATGCG
,GTGTATGTG
,GTGTATTTT
,GTGTTTGTG
,GTGTTTGTG
,GTGTTTGTG
,GTTTGTGTA
,TAGCGCGAT
,TATGCGTAT
,TATGTGTAT
,TATTATTAT
,TGTATTTTA
,ATAATATTAA
,ATTATAATAATATTA
,TAATTTTAAT
,TAGACCACCAGAT
,TTCTTTTCTT
,TTGTTACGCATTGTT
,TTTTAATTTT
,TTGTTACACATTGTT
,CAAACACAAAC
,TAATTTTAAT
,TTTTAATTTT
,AAAGGCCTGCT
,AACGGCGAT
,AGCGAGCGA
,AGTGCGTGA
,CAGACCCAGAC
,CGTGCGTGC
,CTGCTGCTA
,GCGGCGGCG
,GCGTATGCG
,GTGTATGTG
,GTGTATTTT
,GTGTTTGTG
,GTGTTTGTG
,GTGTTTGTG
,GTTTGTGTA
,TAGCGCGAT
,TAGCGCGGCGA
,TATGCGTAT
,TATGTGTAT
,TATTATTAT
,TGTATTTTA
,TTGTTACACATTGTT
,AGTGGTTAT
,ATAATATGA
,ATGTTGGTG
,ATTATAATAATATTA
,ATTTTAGTG
,CAATGTAAC
,CAGATTTTA
,GTGGTGGAC
,GTTTTATAAC
,TAATAATAT
,TAATTTTAAT
,TATTAACAT
,TATTCGTATT
,TCTTGGTCA
,TGGATAGGT
,TTCACCAAG
,TTGTTTTAT
,TTTGTTTGAC
,TTTTAATTTT
,TTTTCTTTT
,TTTTGTTTG
,TAATTTTAAT
,AAAATGGTG
,AAATAATTT
,AATAATTTTA
,AATATAACT
,AATTCATAA
,ACAATATGG
,ACCTTCTAGT
,AGAAAAATC
,AGTAATTAA
,AGTTTAAAT
,ATAAAAATA
,ATAATAATA
,ATAATATTA
,ATACACTTT
,ATATGTATA
,ATATTATACT
,ATGGTAATC
,ATTTGCTAC
,CAATATAAC
,CACATACAC
,CAGATTTTAA
,CAGGCGGAC
,CATATTATAC
,CATTGTTAC
,CTCTTGGTCA
,CTTTAATTTC
,CTTTACATCA
,GACAAGATAGAACAG
,GATGATGTAGTAG
,GCTTTGTTG
,GGACCCAGG
,GGATTTAGG
,GTCAATATA
,GTGGTTTTA
,GTGTTTAAT
,GTTAAAATTG
,GTTTTAGACC
,TAAACTCAT
,TAAATGTTA
,TAAATGTTA
,TAATAATAAT
,TAATGGTAAT
,TATAATATTA
,TATCTTCTAT
,TCAAGAACT
,TCCTGTCCT
,TGACAGTCC
,TGATTTTAGT
,TGCAAGAAA
,TGGAAAAGA
,TGGTTCTCTTGGT
,TGGTTTTAA
,TGTTAAAAT
,TGTTGTTGT
,TTAAAGGTG
,TTATTCTGC
,TTCTGAAAA
,TTGCCCGTT
,TTGTTGTCG
,TTTAAAAAT
,TTTAATTTC
,TTTACATTT
,TTTAGACCT
,TTTTAATTT
,TTTTAATTT
,TTTTAGACC
,TTTTAGGTTT
,TTTTATTTT
,TTTTTGTGG
,CAAACACAAAC
,TAATTTTAAT
,TACTTTTCAT
,CAAACACAAAC
,TAATTTTAAT
,TACTTTTCAT
,TCCTACCATCCT
,ACTACCAAAG
,CACTGTTTTT
,TAATTTTAAT
,TACTTTTCAT
,TGTAACTTTTCTGAA
,TTATACTAGT
,AGTATTATGA
,ATATAATATA
,ATTATAATAATATTA
,CACTGTTTTT
,TAATTTTAAT
,TACTTTTCAT
,TAATTTTAAT
,TTACTAATCATT
,AACTTTCAA
,AAGCAGTTT
,AAGGTGTTTA
,AATAATTTC
,AATGAGTAA
,ACATATTGT
,ACTACTTTA
,ACTATATCA
,ACTTTGTTAA
,AGGATCTTAT
,AGTATTATGA
,ATATGTATA
,ATGTAACAA
,ATTATAATAATATTA
,ATTATAATT
,ATTATAATT
,ATTGAAAAA
,ATTTCACAT
,CAATATAAC
,CACAATTAT
,CACTGTTTTT
,CAGGTGGAC
,CATTACTGC
,CATTCTTAC
,CCGATAGCC
,CGTTAACTAA
,GAATTTAAG
,GATAAGTGT
,GGTCACAAT
,GTATGGATAA
,GTGCAACAA
,GTGGTGGTG
,GTTGTTGTTG
,TAATTTTAAT
,TAATTTTAA
,TAATTTTAGT
,TAATTTTGA
,TACTTTTCAT
,TATAATTTTA
,TATTATTAT
,TATTTTTAT
,TATTTTTAT
,TATTTTTAT
,TCAGTAATTC
,TGAAAAATC
,TGTATTTTA
,TGTTGGTGTT
,TGTTGTTGT
,TTAATAATT
,TTATGAAAG
,TTCTACTAAA
,TTGTCAGTTT
,TTGTCTGTT
,TTGTGATAA
,TTGTGCAAC
,TTTACTAAT
,TTTACTAAT
,TTTCACTTT
,TTTGTGATA
,TTTTAGTGA
,TTTTAGTGGT
,TTTTTGTGG
,CAAACACAAAC
,TAATTTTAAT
,TACTTTTCAT
,CCATGACAGTACC
,CTAAATTTAAATC
,GATTTTTGT
,TGTTTTTAG
,TTTGTTACGCATTGTTT
,TAATGAAAGTAAT
,TAATTTTAAT
,AAATTTATT
,AGTATTATGA
,ATTATAATAATATTA
,CAATATAAC
,CACTGTTTTT
,CAGGTGGAC
,CATTCTTAC
,CCGATAGCC
,GAATTTAAG
,GTGGTGGTG
,TAATTTTAAT
,TAATTTTAA
,TACTTTTCAT
,TGTATTTTA
,TTAATAATT
,TTGTGCAAC
,TTTCACTTT
,TTTTAGTGA
,TGTAACTTTTCTGAA
,ATTCAAACTTA
,CAAACACAAAC
,TAATTTTAAT
,TTTTAATTTT
,AAGGTGTTTA
,ACTTTGTTAA
,AGGATCTTAT
,AGTATTATGA
,ATTATAATAATATTA
,ATTATAATT
,ATTATAATT
,CACTGTTTTT
,CGTTAACTAA
,GTATGGATAA
,GTTGTTGTTG
,TAATTTTAAT
,TAATTTTAGT
,TACTTTTCAT
,TATTTTTAT
,TATTTTTAT
,TATTTTTAT
,TCAGTAATTC
,TGTTGGTGTT
,TTCTACTAAA
,TTGTCAGTTT
,TTTACTAAT
,TTTACTAAT
,TTTATAATTT
,TTTTAGTGGT
,AACCAATTGTA
,ACTATAATAATATCA
,CAAACCCAAAC
,TAATGAAAGTAAT
,TGTTATATTGT
,TTGTTACACATTGTT
,CTAGATTTAGATC
,TATTTTATTTTAT
,TGTAACTTTTCT
,TTGTTACACATTGTT
,TTGTTACACATTGTT
,ATTATAATAATATTA
,TGTAACTTTTCT
,GTAATAATG
,TGTTGTTGT
,TTAATAATT
,TTGTAATTT
,TTTTTCTTTTT
,TAATTTTAAT
,AAACTCTTAA
,AACCTGATGG
,ACTTATATTA
,ATTAAATGGT
,GTAGAAGATG
,GTTGTTGTTG
,TAATTTTAAT
,TATCGTGAGA
,TTAAATGGTG
,TTTTAATTTT
,TTTTAATTTT
,TTTTAATTTT
,TTTTACAGAT
,ATTATAATAATATTA
,GGAATTTAAGG
,GTTACACATTG
,TAATTTTAAT
,TAGTGGTGAT
,TCAAACACAAACT
,TCTTCACTTCT
,TTAACCAATT
,TTATGCGTATT
,TTTGTTGTTT
,AAGTAATGC
,AATGGTGAT
,AGTATTATGA
,ATTATAATAATATTA
,ATTTGGTGT
,CAGGTGGAC
,GAATTTAAG
,GTGACAATT
,GTGGTGGTG
,TAATCATACTAAT
,TAATTTTAAT
,TAATTTTAA
,TACTAATCAT
,TGTAACTTTTCTGAA
,TGTATTTTAA
,TGTATTTTA
,TTCACTTTT
,TTGTTTTTA
,TTTCACTTT
,ATTCAAACTTA
,CAAACACAAAC
,TAATTTTAAT
,TTTTAATTTT
,TTGTTACACATTGTT
,TTGTTACACATTGTT
,AACTTTCAA
,AAGGTGTTTA
,AATGAGTAA
,AATGGTGAT
,AATTATTTT
,ACATATTGT
,AGAAGATAT
,AGAATAATT
,AGTGGTCAT
,ATATAATATA
,ATATGTATA
,ATGTAACAA
,ATTATAATAATATTA
,ATTATAATT
,ATTATAATT
,ATTCTACTAA
,ATTTTAATA
,CAATATAAC
,CACAATTAT
,CACTGTTTTT
,CAGGTGGAC
,CATTACTGC
,CATTATTAC
,CCGATAGCC
,CGTTAACTAA
,GAATTTAAG
,GGCATTATTA
,GTAATTCTG
,GTATGGATAA
,GTCCAAATCA
,GTTGTTGTTG
,GTTTCTCTAG
,TAACAACTT
,TAACACAACT
,TAATTTTAAT
,TAATTTTAA
,TAATTTTAGT
,TAATTTTGA
,TACTAATTA
,TACTTTTCAT
,TATTATTAT
,TATTTTTAT
,TATTTTTAT
,TATTTTTAT
,TCAGTAATTC
,TGAAAAATC
,TGTAACTTT
,TGTATTTTA
,TGTTGGTGTT
,TGTTGTTGT
,TTCTACTAAA
,TTGTCAGTTT
,TTGTCTGTT
,TTTACTAAT
,TTTACTAAT
,TTTATAATTT
,TTTCACTTT
,TTTCTCTTT
,TTTGTGATA
,TTTTAATAA
,TTTTAGTGA
,TTTTAGTGGT
,TTTTTGTGG
,CAAACACAAAC
,TAATTTTAAT
,TACTTTTCAT
,ACAGTGTTTG
,AGTGGTTAT
,ATAATATGAC
,ATAATATGA
,ATTAGATTA
,ATTATAATAATATTA
,ATTTTAGTG
,CAGATTTTA
,GTGGTGGAC
,GTTTTATAAC
,GTTTTATTA
,TAATAATAT
,TAATTTTAAT
,TATTAACAT
,TATTATTAAT
,TATTCGTATT
,TCTTGGTCA
,TGGATAGGT
,TTCACCAAG
,TTGTTACACATTGTT
,TTGTTTTAT
,TTTAATTTT
,TTTGTATAA
,TTTGTTTGAC
,TTTTAATTTT
,TTTTCTTTT
,TTTTGTTTG
,TTGTTACACATTGTT
,GTTACACATTG
,TTAACAATT
,TTAACAATT
,TTAACAATT
,ACGTAATGCA
,ATAATATTA
,ATAATATTA
,ATTATAATAATATTA
,ATTATAATATTA
,ATTATAATA
,CACTGTTTTT
,TAATAATTAT
,TAATGGTAAT
,TAATTTTAAT
,TATAATATTA
,TATTCGTATT
,TGTAACTTTTCT
,AATTATTAA
,AATTTTACT
,ACCTATCCA
,ATAATATGA
,ATGGTGGTA
,ATTATAATAATATTA
,CTATTAATA
,GTGCTATTT
,TAATAATAT
,TAATTATTA
,TAGATAGAT
,TATTTGTTA
,TCTAAGGAATCT
,TGGAGAGGT
,TGTAAGTTT
,TTGTTTTAT
,TTTCACTTT
,TTTTGTTTG
,ATTATAATAATATTA
,GTAAGTTTGAATG
,TCAAACACAAACT
,TTGTTACACATTGTT
,TTGTTACTCATTGTT
,ATTATAATAATATTA
,TGTAACTTTTCTGAA
,AATGAAAGTAA
,CCCTCCTCCC
,TAATTTTAAT
,TTTTAATTTT
,ATTATAATAATATTA
,TTGTTACACATTGTT
,ATTATAATAATATTA
,CACTGTTTTT
,CATTTGCAGG
,TAATTTTAAT
,TACTTTTCAT
,TGTAACTTTTCTGAA
,TTATACTAGT
,CAAACACAAAC
,TAATTTTAAT
,TACTTTTCAT
,TCCTACCATCCT
,AACTTATAA
,AATCACTAA
,ATAATATTA
,ATGACAGTA
,ATGGTGGTC
,ATTATAATAATATTA
,CGACTCAGC
,CTATTAATA
,CTGCACAAG
,CTTGGTCTA
,GCGTATGCG
,TTAATAATT
,TTAATACTA
,TTAATATTT
,TTGTTACACATTGTT
,TTTCACTTT
,TTTTGAATG
,AATGGTGAT
,AATTTGTTTAA
,ATCCGTATT
,ATTATAATAATATTA
,ATTATGTGT
,ATTTTATAAT
,CAAACACAAAC
,CACGTGCAC
,CACTGTTTTT
,CAGGTGGAC
,CATTCTTAC
,GAATTTAAG
,GTGGTGGTG
,TAATAATATT
,TAATTTTAAT
,TACTTTTCAT
,TATTTTAGT
,TGTAACTTTTCT
,TGTTTAATTTT
,TGTTTTTGT
,TTTCACTTT
,TTTTAGTGA
,CAAACGCAAAC
,TATAATAATAT
,TCAACACAACT
,AAGTAATGC
,AATGGTGAT
,AGTATTATGA
,ATTATAATAATATTA
,CACTGTTTTT
,CAGGTGGAC
,GAATTTAAG
,GTGACAATT
,GTGGTGGTG
,TAATCATACTAAT
,TAATTTTAAT
,TAATTTTAA
,TACTAATCAT
,TACTTTTCAT
,TGTAACTTTTCTGAA
,TGTATTTTAA
,TGTATTTTA
,TGTTTTTGT
,TTCATACTT
,TTTCACTTT
,TTTTAGTGA
,ACATTGTTACA
,TTGTTACACATTGTT
,AAAATTAAT
,AACTTTCAA
,AATGGTGAT
,AATTGTTTC
,ACTATATCA
,ACTTTGTTAA
,AGTATTATGA
,ATATGTATA
,ATGTAACAA
,ATTATAATAATATTA
,ATTATAATT
,ATTATAATT
,ATTCTTCTAA
,ATTTCACTT
,CAATATAAC
,CACTGTTTTT
,CAGGTGGAC
,CATTACTGC
,CATTCTTAC
,CGTTAACTAA
,CTTCTAGAA
,GAAGATGTT
,GAATTTAAG
,GGCATTCTTA
,GGTGAATTA
,GTAGAAGATG
,GTGGCGGTG
,GTGTCTATT
,GTTCTGCAT
,GTTGTTGTTG
,TAACAACTT
,TAATTTTAAT
,TAATTTTAA
,TAATTTTAG
,TACTTTTCAT
,TATATGTAT
,TATTATTAT
,TATTCTTCTA
,TATTTTTAT
,TCCATAGCT
,TGTTCGATC
,TGTTGGTGTT
,TGTTGTTGT
,TGTTTTTGT
,TTCATACTT
,TTCTACTAA
,TTCTAGAAAT
,TTGTCAGTTT
,TTGTCTGTT
,TTGTGATAA
,TTTCACTTT
,TTTCATCAC
,TTTGTGATA
,TTTTAATTTT
,TTTTAATTT
,AGTTGTGTTGA
,ATTATAATAATATTA
,GTAAATGTTTC
,TATTTTGTTTTAT
,TTGGTTTGGTT
,TTTGTTACGCATTGTTT
,AACTGTCAA
,AATAAATTT
,AATATTAATA
,AATGAGTAA
,ACAACATTAC
,ACATATTGT
,ACATATTTGT
,ACTACTTTA
,ACTATATCA
,AGAAGATAT
,AGTAGTTTT
,ATAATAATA
,ATATGTATA
,ATCGCTTCA
,ATGGTGGTTT
,ATTGAGAAC
,ATTGTAATT
,ATTGTTTTG
,CATTACTGC
,CATTCTTAC
,CATTGTAATT
,CTAACACTA
,CTCTTAAGT
,CTTTTTAAT
,CTTTTTAAT
,GAATTTAAG
,GTAATTCTG
,GTAGGTGTT
,GTATGGATAA
,GTGCCTATA
,GTTGTTGTTG
,TAAATTTAA
,TAACTCAAT
,TAATTTTAAT
,TAATTTTAG
,TATAACAAC
,TATAATTTTA
,TATTCTTCTA
,TATTTTTAT
,TATTTTTAT
,TATTTTTAT
,TCAGTAATTC
,TCTTTGAATT
,TGAAAAATC
,TGTATGGTTC
,TGTATTTTA
,TGTTGAGTA
,TGTTGTTGT
,TTAACAATT
,TTTAACAAT
,TTTACTAATT
,TTTACTAAT
,TTTCACTTT
,TTTGTATAA
,TTTGTTACACATTGTTT
,TTTTAGACCA
,ATTATAATAATATTA
,TGTAACTTTTCT
,ATTATAATAATATTA
,GCCTTATTCCG
,GGAATTTAAGG
,GTTACACATTG
,TAATTTTAAT
,TAGTGGTGAT
,TCAAACACAAACT
,TCTTCACTTCT
,TTAACCAATT
,TTATGCGTATT
,TTTGTTGTTT
,TTGTTACACATTGTT
,CAAACACAAAC
,TAATTTTAAT
,TTTTAATTTT
,CAAACACAAAC
,TAATTTTAAT
,TTTTAATTTT
,TTGTTACACATTGTT
,AACTTATAA
,AATCACTAA
,AGGTATGGA
,ATAATATTA
,ATTATAATAATATTA
,ATTCAAACTTA
,ATTTTAATG
,CAAACACAAAC
,CGACTCAGC
,CTATTAATA
,CTGCACAAG
,GTATTGTTG
,TATTATTGGTG
,TATTTTAAT
,TTAATAATT
,TTGTTACACATTGTT
,TTTCACTTT
,ACTTTATTTCA
,TAATGAAAGTAAT
,TGAAAAAAGT
,ATTATAATAATATTA
,CACTGTTTTT
,TAATTTTAAT
,TACTTTTCAT
,TGTAACTTTTCTGAA
,TTATACTAGT
,AAGGTGTTTA
,ACTTTGTTAA
,AGGATCTTAT
,AGTATTATGA
,ATTATAATAATATTA
,ATTATAATT
,ATTATAATT
,CACTGTTTTT
,CGTTAACTAA
,GTATGGATAA
,GTTGTTGTTG
,TAATTTTAAT
,TAATTTTAGT
,TACTTTTCAT
,TATTTTTAT
,TATTTTTAT
,TATTTTTAT
,TCAGTAATTC
,TGTTGGTGTT
,TTCTACTAAA
,TTGTCAGTTT
,TTTACTAAT
,TTTACTAAT
,TTTATAATTT
,TTTTAGTGGT
,TAATTTTAAT
,AACTTTCAA
,AAGGTGTTTA
,AATAATTAT
,AATGAGTAA
,AATTATAGT
,ACATATTGT
,ACTATATCA
,ACTTTGTTAA
,AGAAGATAT
,AGGATCTTAT
,AGTACTTTT
,ATATGTATA
,ATGTAACAA
,ATTATAATAATATTA
,ATTATAATT
,ATTATAATT
,ATTCGTATT
,ATTCTACTAA
,CAATATAAC
,CACAATTAT
,CACTGTTTTT
,CAGGTGGAC
,CATTACTGC
,CATTCTTAC
,CGTTAACTAA
,GAATTTAAG
,GGTGAATTA
,GTATGGATAA
,GTGGTGGTG
,GTTGTTGTTG
,TAACAACTT
,TAATTTTAAT
,TAATTTTAGT
,TACTAATTA
,TACTTTTCAT
,TATTATTAT
,TATTTTTAT
,TATTTTTAT
,TATTTTTAT
,TCAGTAATTC
,TGAAAAATC
,TGTAACTTTTCTGAA
,TGTATTTTA
,TGTTGGTGTT
,TGTTGTTGT
,TGTTTTTGT
,TTCTACTAAA
,TTGTCAGTTT
,TTGTCTGTT
,TTGTGATAA
,TTTACTAAT
,TTTACTAAT
,TTTATAATTT
,TTTCACTTT
,TTTCTCTTT
,TTTGTGATA
,TTTTAGTGA
,TTTTTGTGG
,ATAATATTAA
,ATTATAATAATATTA
,TAATTTTAAT
,TAGACCACCAGAT
,TTCTTTTCTT
,TTGTTACGCATTGTT
,TTTTAATTTT
,AAACTGGTT
,AATGTGTCT
,AATTCATTT
,AATTTATATG
,AATTTTTAA
,ACCAATTTT
,ACCATACCA
,ACCTGATGG
,ACTACATCA
,ACTTATATTA
,AGTAGTTTT
,ATATGTATA
,ATGTTGGTG
,CAACACAAC
,CATTCTTAC
,CGTCGTTAA
,GAAGATGTT
,GAAGATGTT
,GATGTTGTAG
,GATTATAAT
,GCAGTAGTT
,GTAGTTTTAG
,GTCAATGGT
,GTGCTCGTG
,GTGGTGGAC
,GTTGTTGTTG
,TAATTTTAAT
,TAGTTTTAG
,TATATGTAT
,TATTCTTCTA
,TATTTTTAT
,TCTTTGAATT
,TGTATTTAAT
,TGTTGGTCA
,TGTTGTTGT
,TTAAATGGTG
,TTATCGTGA
,TTCTACTAA
,TTCTGTCTT
,TTCTTATAT
,TTGACAGTT
,TTGTTACACATTGTT
,TTTAATTTT
,TTTATCGTG
,TTTGTATAAC
,TTTTAATTTT
,TTTTATTTT
,ATGGCCCGGTA
,ATTATAATAATATTA
,CAAACACAAAC
,TAATTTTAAT
,TAATTTTAAT
,TAATTTTAAT
,TAATTTTAA
,TAATTTTAA
,TGGTTTTTGGT
,CAAACACAAAC
,TAATTTTAAT
,TTTTAATTTT
,CAAACACAAAC
,TAATTTTAAT
,TACTTTTCAT
,ATTATAATAATATTA
,TGTAACTTTTCT
,ATTATAATAATATTA
,TTGTTACACATTGTT
,AACTTATAA
,AATCACTAA
,ACAAGGTAA
,ATAATATTA
,ATGACAGTA
,ATGGTGGTC
,ATTATAATAATATTA
,CGACTCAGC
,CTATTAATA
,CTGCACAAG
,CTTGGTCTA
,GGCTTATTT
,TTAATAATT
,TTGTTACACATTGTT
,AGTTTTAATGC
,ATTATAATAATATTA
,CAAACACAAAC
,CATGGTAAATG
,TTTGTTACACATTGTTT
,CAAACACAAAC
,TAATTTTAAT
,AAACTGGTT
,AAAGTAATG
,AAAGTGATT
,AATTTTAGTG
,AATTTTCAA
,ACCATACCA
,ATATGTATA
,ATGAAAAGTA
,ATTATATTA
,ATTGTAATT
,ATTGTAATT
,ATTGTTTTA
,ATTTTAGTG
,CATTTTGGTTTTAC
,CTGTTGGAT
,GAAGATGTT
,GATTATAAT
,GCTAATTTT
,GGTGGTAAA
,GGTTTTAAAA
,GTAGAAGATG
,GTGCGCGTG
,GTTGTTGTTG
,TAAAAATTTT
,TAATTTTAAT
,TAATTTTAG
,TAGAACAGT
,TAGTAGTTT
,TATAATTTTA
,TATCGTGAGA
,TATGTCTAC
,TATTTTTAT
,TCTATAATTT
,TCTTATTCC
,TCTTCTAAA
,TGAAGAAGT
,TGGTAATGGT
,TGTTGAGTA
,TGTTGGTCA
,TGTTGTTGT
,TTAAATGGTG
,TTAATTTGAC
,TTATAATAA
,TTGAGTGCA
,TTTAAATTT
,TTTAATTTT
,TTTACTAAT
,TTTGTATAA
,TTTGTTACACATTGTTT
,TTTTAATTTT
,TTTTACATA
,GATGTTGTAG
,TAATTTTAAT
,TACTTTTCAT
,TATTCGTATT
,TTTTAATTTT
,AAGGTGTTTA
,ACTTTGTTAA
,AGTATTATGA
,ATTATAATAATATTA
,ATTATAATT
,ATTATAATT
,CACTGTTTTT
,CGTTAACTAA
,GTATGGATAA
,GTTGTTGTTG
,TAATTTTAAT
,TAATTTTAGT
,TACTTTTCAT
,TATTTTTAT
,TATTTTTAT
,TATTTTTAT
,TCAGTAATTC
,TGTTGGTGTT
,TTCTACTAAA
,TTGTCAGTTT
,TTTACTAAT
,TTTACTAAT
,TTTATAATTT
,TTTTAGTGGT
,ATAATATTAA
,ATTATAATAATATTA
,TAATTTTAAT
,TAGACCACCAGAT
,TTCTTTTCTT
,TTGTTACGCATTGTT
,TTTTAATTTT
,TTGTTACACATTGTT
,GGTCAACTGG
,TAATAATTAT
,TAATTTTAAT
,TTGTGTTCAC
,ATTATAATAATATTA
,TGTAACTTTTCTGAA
,ATTATAATAATATTA
,CTAAATTTAAATC
,TAATCAAAGT
,TAATTTTAAT
,TCAAACACAAACT
,TTAACCAATT
,TTTGTTACACATTGTTT
,TTTGTTGTTT
,ATTATAATAATATTA
,TGTAACTTTTCTGAA
,ATTAAAATTA
,ATGTTGGTG
,ATGTTGGTG
,TTGTTACACATTGTT
,TTGTTACACATTGTT
,GTTTTTATATTTTTG
,ATTATAATAATATTA
,TGTAACTTTTCT
,AAGTAATGC
,ATTATAATAATATTA
,CAATATAAC
,CAGGTGGAC
,GAATTTAAG
,GTGGTGGTG
,TATAATAAT
,TATTCTTAT
,TGTAACTTTTCTGAA
,TGTATTTTA
,TGTTTTTGT
,TTCATACTT
,TTTCACTTT
,TTTTCACTT
,AATATTAATA
,CACTGTTTTT
,GTGTATTTTA
,TAATTTTAAT
,TGTAACTTTTCT
,CAAACACAAAC
,TAATTTTAAT
,TTTTAATTTT
,TTGTTACACATTGTT
,AACGCGTAT
,AACTTTCAA
,AAGGTGTTTA
,AATGAGTAA
,AATGGTGAT
,ACATATTGT
,ACTATATCA
,ACTTTGTTAA
,AGAAGATAT
,AGTACTTTT
,ATACTACTT
,ATATGTATA
,ATGTAACAA
,ATTATAATAATATTA
,ATTATAATT
,ATTATAATT
,ATTCTACTAA
,CAATATAAC
,CACAATTAT
,CACTGTTTTT
,CATTACTGC
,CATTCTTAC
,CCTGTTTTTA
,CGTTAACTAA
,CTGTTTTTA
,CTGTTTTTA
,GAATTTAAG
,GTAAATTATA
,GTATGGATAA
,GTGGTGGTG
,GTTGTTGTTG
,TAACAACTT
,TAATTTTAAT
,TAATTTTAGT
,TACTAATTA
,TACTTTTCAT
,TATTATTAT
,TATTTTTAT
,TCAGTAATTC
,TGTATTTTA
,TGTTGGTGTT
,TGTTGTTGT
,TGTTTTTGT
,TTATACTAGT
,TTATCGTGA
,TTCTACTAAA
,TTGTCAGTTT
,TTGTCTGTT
,TTGTGATAA
,TTTACTAAT
,TTTACTAAT
,TTTATAATTT
,TTTATCGTG
,TTTCTCTTT
,TTTGTGATA
,TTTTAGTGA
,TTTTAGTGGT
,TTTTTGTGG
,ATCACACTA
,CAAACACAAAC
,GTGGTGGTG
,TAATTTTAAT
,TACTTTTCAT
,TTTCACTTT
,CAAACACAAAC
,GAGTATGAG
,GTGGTGGTG
,TAATTTTAAT
,TACTTTTCAT
,TCCTACCATCCT
,TTTACTTTT
,AAGTTTTGAA
,AATATTAACA
,ACTTATATTA
,ATTATAATAATATTA
,ATTATAATT
,ATTATAATT
,GGTGTTTACA
,GGTTATAAT
,GGTTATAAT
,GTATGGATAA
,GTTGTTGTTG
,TAATTTTAAT
,TATTCGTATT
,TATTCTTCTA
,TCAGTAATTC
,TTGTTACACATTGTT
,TTTACTAATT
,TTGTTACACATTGTT
,AACTTATAA
,AACTTTCAA
,AAGGTTAAC
,AATCACTAA
,AATGAGTAA
,AATGGTGTT
,ACGCCATAC
,ACTACATCA
,ACTTCTTTTG
,ATAATATTA
,ATATGTATA
,ATATTCAAA
,ATATTTGTG
,ATGACAGTA
,ATGGTGGTC
,ATTATAATAATATTA
,ATTATAATT
,CATAATTTTG
,CGACTCAGC
,CTATTAATA
,CTGCACAAG
,CTTGGTCTA
,GATTATAAT
,GCGTATGCG
,GGTGGTAAA
,GGTGTTGTGG
,GGTGTTTAT
,GGTGTTTAT
,GTAATTTTAG
,GTGCTCGTG
,GTTAAGCAG
,GTTGTTGTTG
,TAATTCACT
,TAATTTTAAT
,TAATTTTGA
,TATTCTTCTA
,TATTTTTAT
,TGCGACAACA
,TGGATTACC
,TGGTTTTAA
,TGTTGTTGT
,TTAAATGGTG
,TTAATAATT
,TTAATACTA
,TTAATATTT
,TTATAATTT
,TTCAGACCA
,TTGTTACACATTGTT
,TTTAATTTT
,TTTATAATTT
,TTTCACTTT
,TTTCTCTTT
,TTTTAATTTT
,TTTTGAATG
,ATGTTGGTG
,ATGTTGGTG
,TTGTTACACATTGTT
,CAAACACAAAC
,TAATTTTAAT
,TACTTTTCAT
,TCCTACCATCCT
,ATTATAATAATATTA
,TGTAACTTTTCTGAA
,TAATTTTAAT
,ATGTTGGTG
,ATGTTGGTG
,TTGTTACACATTGTT
,CAAACACAAAC
,GTGGTGGTG
,GTGTATGTG
,TAATTTTAAT
,TCCTACCATCCT
,TTTCACTTT
,TTTTAATTTT
,TAATTTTAAT
,AACTTTCAA
,AAGGTGTTTA
,AATGAGTAA
,AATGGTGAT
,ACATATTGT
,ACCTCACAT
,ACTATATCA
,ACTTTGTTAA
,AGAAGATAT
,AGTACTTTT
,ATATGTATA
,ATGTAACAA
,ATTATAATAATATTA
,ATTATAATT
,ATTATAATT
,ATTCTACTAA
,ATTCTGCCA
,CACAATTAT
,CACTGTTTTT
,CAGGTGGAC
,CATTACTGC
,CATTCTTAC
,CGTTAACTAA
,CTTAACAGT
,GAATTTAAG
,GGTGAATTA
,GTATGGATAA
,GTGGTGGTG
,GTTGTTGTTG
,TAATTTTAAT
,TAATTTTAGT
,TACTAATTA
,TACTTTTCAT
,TATTATTAT
,TATTTTTAT
,TATTTTTAT
,TATTTTTAT
,TCAGTAATTC
,TGAAAAATC
,TGTAACTTTTCTGAA
,TGTATTTTA
,TGTTGGTGTT
,TGTTGTTGT
,TGTTTTTGT
,TTATACTAGT
,TTCTACTAAA
,TTGTCAGTTT
,TTGTCTGTT
,TTGTGATAA
,TTTACTAAT
,TTTACTAAT
,TTTCACTTT
,TTTCTCTTT
,TTTGTGATA
,TTTTAGTGA
,TTTTAGTGGT
,TTTTATTTT
,TTTTTGTGG
,TAATTTTAAT
,CAAACACAAAC
,TAATTTTAAT
,TACTTTTCAT
,TCCTACCATCCT
,AGTATTATGA
,ATTATAATAATATTA
,CACTGTTTTT
,TAATTTTAAT
,TACTTTTCAT
,TTTTAATTTG
,CAAACACAAAC
,TAATTTTAAT
,TACTTTTCAT
,TAATGAAAGTAAT
,TAATTTTAAT
,ATCTGTCTA
,CTAAATTTAAATC
,TCTACATCT
,TGGACAGTT
,TGTAACTTC
,TTTGTTACGCATTGTTT
,TTTTGTTTT
,AATGGTGAT
,AGTATTATGA
,ATTATAATAATATTA
,CAATATAAC
,CAGGTGGAC
,CATTCTTAC
,GAATTTAAG
,GTGGTGGTG
,TAACGCAAT
,TAATCATACTAAT
,TAATTTTAAT
,TAATTTTAA
,TACTAATCAT
,TACTTTTCAT
,TGTATTTTA
,TGTTTTTGT
,TTAACAACT
,TTAAGCACGAATT
,TTTCACTTT
,AACTTATAA
,AATCACTAA
,ATAATATTA
,ATGACAGTA
,ATGGTGGTC
,ATTATAATAATATTA
,CGACTCAGC
,CTATTAATA
,CTGCACAAG
,CTTGGTCTA
,GCGTATGCG
,TACAAACAT
,TTAATAATT
,TTAATACTA
,TTAATATTT
,TTGTTACACATTGTT
,TTTCACTTT
,TTGTTACACATTGTT
,TACAACTCAACAT
,ATTCAAACTTA
,CAAACCCAAAC
,TAATTTTAAT
,TTTTAATTTT
,AAGTAATGC
,ATTATAATAATATTA
,CAGGTGGAC
,GAATTTAAG
,GTGGTGGTG
,TAATTTTAA
,TATAATAAT
,TATTCTTAT
,TGTAACTTTTCTGAA
,TGTATTTTA
,TGTTTTTGT
,TTCATACTT
,TTTCACTTT
,TTTTCACTT
,AACGGCGAT
,AGCGAGCGA
,AGTGCGTGA
,CGCCGCCGC
,CGTGCGTGC
,CTGCTGCTA
,GCGGCGGCG
,GCGTATGCG
,GGCGGCGCG
,GTGTATGTG
,GTGTATTTT
,GTGTTTGTG
,GTGTTTGTG
,GTGTTTGTG
,GTTTGTGTA
,TAGCGCGAT
,TATGCGTAT
,TATGTGTAT
,TATTATTAT
,TGTATTTTA
,TATTTTTAT
,TATTTTTAT
,TATTTTTAT
,TCTCTTCTCT
,TCTCTTCTCT
,ACATTGTTACA
,TTGTTACACATTGTT
,AACTTATAA
,AATCACTAA
,ATAATATTA
,ATGACAGTA
,ATGGTGGTC
,ATTATAATAATATTA
,CGACTCAGC
,CTATTAATA
,CTGCACAAG
,GCGTATGCG
,TTAATAATT
,TTAATACTA
,TTAATATTT
,TTGTTACACATTGTT
,TTTCACTTT
,AAAATTAAT
,AACATTTAT
,AACTTTCAA
,AATGAGTAA
,AATTAAAAA
,AATTTTAGTG
,ACACACACA
,ACATATTGT
,ACCCATAAC
,ACTATATCA
,AGAACCAAGA
,AGAAGATAT
,AGGTATGGA
,AGTGTTTGT
,ATACCCATA
,ATATGTATA
,ATGTAACAA
,ATTATAATT
,ATTATAATT
,ATTGTTTGGA
,CAACATATT
,CAATGTAAA
,CAGCAGTTT
,CATTACTGC
,GAACTTAAT
,GAACTTAAT
,GAAGTTATT
,GACCTATTT
,GATCGCTTCA
,GGTGGTAAA
,GGTTTCTTA
,GTAAAAATG
,GTAATTCAA
,GTAATTCAA
,GTAGAAGATG
,GTAGTTTTAG
,GTGTAGTAA
,GTTGTTGTTG
,TAATTCAACA
,TAGTTTTAG
,TATTATTAT
,TATTCGTAT
,TATTTTTAT
,TATTTTTAT
,TATTTTTAT
,TCAATGTAA
,TCACTGCAA
,TGGTTTTAA
,TGTTGGTCA
,TGTTGTTGT
,TTAAATGGTG
,TTATAATTTT
,TTATTACGG
,TTTACTAATT
,TTTAGAAGA
,TTTTAGTGG
,TTTTTAACG
,TTTTTAACG
,AATACTGGC
,AGTTTTAGA
,ATCAGACTA
,ATCATACTT
,ATTATAATAATATTA
,CACAAACTA
,CATTCTTAC
,CTTTAACGG
,GGAATTTAAGG
,GTGTTCATA
,GTTACACATTG
,TAACCAATT
,TAATTTTAAT
,TAGTGGTGAT
,TATTCTTAT
,TCAAACACAAACT
,TCTTCACTTCT
,TTAACCAATT
,TTAATAATT
,TTATGCGTATT
,TTGGTGGTT
,TTTGTTGTTT
,TAATCATACTAAT
,TGTAACTTTTCTGAA
,TAATTTTAAT
,ATTATAATAATATTA
,CAGTGGTAAAT
,GGAATTTAAGG
,GTTACACATTG
,TAATTTTAAT
,TAGTGGTGAT
,TCAAACACAAACT
,TTAACCAATT
,TTATGCGTATT
,TTTGTTGTTT
,CCATGACAGTACC
,CTAAATTTAAATC
,GATTTTTGT
,TGTTTTTAG
,TTTGTTACGCATTGTTT
,AACTTATAA
,AATCACTAA
,AGTTTCAAT
,ATAATATTA
,ATGACAGTA
,ATGGTGGTC
,ATTATAATAATATTA
,CGACTCAGC
,CTATTAATA
,CTGCACAAG
,CTTGGTCTA
,GCGTATGCG
,TTAATAATT
,TTGTTACACATTGTT
,TTTCACTTT
,TTGTTACACATTGTT
,CAGGTAATGGAC
,TGTAACTTCACTG
,AACTTATAA
,AACTTTCAA
,AAGGTTAAC
,AATCACTAA
,AATGAGTAA
,ACGCCATAC
,ACTACATCA
,ATAATATTA
,ATATGTATA
,ATATTCAAA
,ATGACAGTA
,ATGGTGGTC
,ATTATAATAATATTA
,CGACAATAT
,CGACTCAGC
,CTATTAATA
,CTGCACAAG
,CTTGGTCTA
,GGTGGTAAA
,GTATTGTTG
,GTGCTCGTG
,GTTAAGCAG
,GTTAGGTCT
,TAATTCACT
,TATAAATAT
,TATTTTTAT
,TGGTTTTAA
,TGTTGTTGT
,TTAATAATT
,TTATAATTT
,TTGTTACACATTGTT
,TTTAATTTT
,TTTCACTTT
,TTTTGAATG
,TGATGTTGTAGT
,TAATTTTAAT
,ACTACCAAAG
,AGTATTATGA
,ATTATAATAATATTA
,CACTGTTTTT
,TAATTTTAAT
,TACTTTTCAT
,TAGTGGTGAT
,TGTAACTTTTCTGAA
,CAAACACAAAC
,TAATTTTAAT
,TTTTAATTTT
,AAAATTAAT
,AACTTTCAA
,AAGGATGTT
,AAGTTTTGAA
,AATATTAGT
,AATGAGTAA
,AATTAAAAAA
,ACATATTGT
,ACTATATCA
,AGAACCAAGA
,AGAAGATAT
,AGCCACCGA
,AGTAGTTTT
,AGTATTATGA
,ATAATATTA
,ATTATAATAATATTA
,ATTATAATT
,ATTCGTATT
,ATTCTGGTA
,CAATATAAC
,CACTGTTTTT
,CAGCAGTTT
,CAGGTGGAC
,CATTACTGC
,CCGCCAGTT
,CCTTATTAC
,CGTTAACTAA
,CTGGTAATA
,GAAGTTATT
,GAATTTAAG
,GACCGCCAA
,GGTGGTAAA
,GTACTTTAGT
,GTAGAAGATG
,GTATGGATAA
,GTGAAAGTG
,GTGCGACAA
,GTGGTGGTG
,GTTGTTGTTG
,GTTTTAGACG
,GTTTTAGAC
,TAACAACTT
,TAATTTTAAT
,TAATTTTAA
,TAATTTTAG
,TAATTTTAG
,TACTTTTCAT
,TATTATTAT
,TATTCGTATT
,TATTCTTCT
,TATTTTTAT
,TATTTTTAT
,TATTTTTAT
,TGATTATAAT
,TGATTATAAT
,TGATTATAA
,TGTTGGTCA
,TGTTGTTGT
,TTAAAAAATT
,TTAAATGGTG
,TTATAATTCA
,TTATTACGG
,TTTAATTTA
,TTTAATTTA
,TTTACTAAT
,TTTACTAAT
,TTTATAATTT
,TTTCACTTT
,TTTTAATTTT
,TTTTAATTT
,TTTTAGACCA
,TTTTAGACC
,CACTGTTTTT
,TGTAACTTTTCTGAA
,TTATACTAGT
,TAATTTTAAT
,ATAATATGAC
,TAATGAAAGTAAT
,TGAAAAAAGT
,TTGTTACACATTGTT
,ACATTGTTACA
,ATGACAGTA
,GCGTATGCG
,TACAAACAT
,TTGTTACACATTGTT
,ATTATAATAATATTA
,TAATTTTAAT
,TAATTTTAAT
,TAATTTTAAT
,TGTAACTTTTCT
,AGGTGGTGTTAC
,AAACTGGTT
,AATGTGTCT
,AATTCATTT
,AATTTATATG
,AATTTTTAA
,ACCAATTTT
,ACCATACCA
,ACCTGATGG
,ACTAATAAT
,ACTACATCA
,ACTTATATTA
,AGTAGTTTT
,ATATGTATA
,ATGTTGGTG
,CAACACAAC
,CAGTATTTT
,CATTCTTAC
,CGTCGTTAA
,CGTTTAGTA
,CTTCTTATA
,GAAGATGTT
,GAAGATGTT
,GATGTTGTAG
,GATTATAAT
,GCAGTAGTT
,GTAGTTTTAG
,GTCAATGGT
,GTGAAACTA
,GTGCTCGTG
,GTTGTTGTTG
,GTTTTATTC
,TAATTTTAAT
,TACTTATTC
,TAGTTTTAG
,TATATGTAT
,TATTCTTCTA
,TATTTTTAT
,TCTTTGAATT
,TGTATTTAAT
,TGTTGGTCA
,TGTTGTTGT
,TTAAATGGTG
,TTATCGTGA
,TTCTACTAA
,TTCTGTCTT
,TTGACAGTT
,TTTAATTTT
,TTTATCGTG
,TTTGTATAAC
,TTTGTTACACATTGTTT
,TTTTAATTTT
,TTTTATTTT
,AAATGGACA
,ACATTCGTAT
,AGTTTTTGA
,ATTGCGTTA
,GTTGTACTT
,GTTTATTAA
,TAATTTTAAT
,TAGTGGTAA
,TAGTGGTGAT
,TCATGTACT
,TGATAATAGT
,TGGTTTTGGT
,TGTCACTGT
,TGTTGTTGT
,TGTTTTAAA
,TTATTAATC
,TTTAATAAA
,TTTCACTTT
,TTTTAATAA
,TTTTAATTTT
,TTTTCACTT
,TTTTGGTGTA
,TTTTGTTACACATTGTTTT
,TTTTTCCTTTTT
,AAAAGAACT
,AACAGTTTC
,AAGTGCTAT
,AATCACTAA
,AATGAGTAA
,ACATTAACT
,ACCATACCA
,ACTACATCA
,AGTGTTTGT
,ATATGTATA
,ATGTTGGTG
,ATGTTGGTG
,CAACACAAC
,CTCATAACT
,GGTGGTAAA
,GTAATAATG
,GTCAATACT
,GTCAATGGT
,GTGAAAGTA
,GTGCTCGTG
,GTGGTGGAC
,TAATGAAAG
,TAATTATTT
,TAGTTTTAG
,TATATGTAT
,TATTTTTAT
,TGTTGGTCA
,TGTTGTTGT
,TTAATAATT
,TTATAATTT
,TTATCGTGA
,TTCTGTCTT
,TTGACAGTT
,TTGTTACACATTGTT
,TTTAAATTT
,TTTATCGTG
,TTTCTCTTT
,TTTTATTTT
,ATTATAATAATATTA
,TAATTTTAAT
,TAGTGGTGAT
,TCAAACACAAACT
,TTAACCAATT
,TTTGTTGTTT
,ATTATAATAATATTA
,TTGTTACACATTGTT
,AAGTAATGC
,AATGGTGAT
,AGTATTATGA
,ATTATAATAATATTA
,CACTGTTTTT
,CAGGTGGAC
,GAATTTAAG
,GTGACAATT
,GTGGTGGTG
,TAATCATACTAAT
,TAATTTTAAT
,TAATTTTAA
,TACTAATCAT
,TACTTTTCAT
,TATTAACACAACACAATTAT
,TGTAACTTTTCTGAA
,TGTATTTTAA
,TGTATTTTA
,TGTTTTTGT
,TTAATAATT
,TTCATACTT
,TTTCACTTT
,TTTTAGTGA
,AAGTAATGCT
,AGTATTATGA
,ATTATAATAATATTA
,CACTGTTTTT
,TAATTTTAAT
,TGTAACTTTTCTGAA
,TGTATTTTAA
,AATTTTTAA
,TTCTCTCTT
,TTGTCTGTT
,CAAACACAAAC
,TAATTTTAAT
,TACTTTTCAT
,TCCTACCATCCT
,CAAACACAAAC
,TAATTTTAAT
,TTTTAATTTT
,TAATTTTAAT
,AACTTATAA
,ACATTGTTACA
,ATAATATTA
,ATGACAGTA
,ATTATAATAATATTA
,ATTCAAACTTA
,CAAACACAAAC
,CGACTCAGC
,CTATTAATA
,CTTGGTCTA
,GCGTATGCG
,TACAAACAT
,TTAATAATT
,TTAATACTA
,TTAATATTT
,TTGTTACACATTGTT
,TTTCACTTT
,ATTTTACATTTTA
,TAATGAAAGTAAT
,TAATTTTAAT
,TTTGTTGTTT
,ATTATAATAATATTA
,TGTAACTTTTCTGAA
,CAAACACAAAC
,TAATTTTAAT
,TTTTAATTTT
,TTGTTACACATTGTT
,ATGTTGGTG
,ATGTTGGTG
,TTGTTACACATTGTT
,AAAATTAAT
,AAAGTGGTG
,AACTTTCAA
,AAGTTTTGAA
,AATATTAGT
,AATGAGTAA
,AATTCTCTTAA
,AATTTTAGTG
,AATTTTCAT
,ACACACACA
,ACATATTGT
,ACGTATGCA
,ACTATATCA
,AGAACCAAGA
,AGAAGATAT
,AGCAGTTTC
,AGTGGTGGTGA
,AGTTTTAATTT
,ATAATCTAACA
,ATAATTTTT
,ATATGTATA
,ATGTAACAA
,ATTATAATT
,ATTATAATT
,ATTCACTTA
,ATTTTAGTG
,CAGCAGTTT
,CATTACTGC
,CCTTATTAC
,GAAGTTATT
,GGTGGTAAA
,GTAGAAGATG
,GTCATTATT
,GTGCTATTT
,GTTACTCATTG
,GTTGTTGTTG
,TAATTCTGGT
,TAATTCTGG
,TAGGTATGGAT
,TATTATTAT
,TATTCTTCT
,TATTTTTAT
,TATTTTTAT
,TATTTTTAT
,TCAGATGGT
,TCCTTATTA
,TCTAATATT
,TGAATAAGT
,TGATTATAA
,TGTTGGTCA
,TGTTGTTGT
,TTAAAAAATT
,TTAAATGGTG
,TTATAATTTT
,TTATCGTGAGA
,TTATTACGG
,TTTAATTTA
,TTTACTAATT
,TTTAGAAGA
,TTTATAGAA
,TTTATCGTG
,TTTCAGACCA
,TTTTAATTTT
,CAAACACAAAC
,TAATTTTAAT
,TACTTTTCAT
,AAGGTGTTTA
,ACTTTGTTAA
,AGTATTATGA
,ATTATAATAATATTA
,ATTATAATT
,ATTATAATT
,CACTGTTTTT
,CGTTAACTAA
,GTATGGATAA
,GTTGTTGTTG
,TAATTTTAAT
,TACTTTTCAT
,TATTTTTAT
,TATTTTTAT
,TATTTTTAT
,TCAGTAATTC
,TGTTGGTGTT
,TTGTCAGTTT
,TTTACTAAT
,TTTACTAAT
,TTTATAATTT
,TTTTAGTGGT
,TTGTTACACATTGTT
,ATCACACTA
,CAAACACAAAC
,GTGGTGGTG
,TAATTTTAAT
,TACTTTTCAT
,TTTCACTTT
,AATTTAATA
,TTAATAATT
,TTAATATTT
,TTGTTACACATTGTT
,TTTAATAAT
,CAAACACAAAC
,TAATTTTAAT
,TACTTTTCAT
,TCCTACCATCCT
,TTGTTACACATTGTT
,CAAACACAAAC
,TAATTTTAAT
,TTTTAATTTT
,TTGTTACACATTGTT
,TTGTTACTCATTGTT
,CAAACACAAAC
,TAATTTTAAT
,TTTTAATTTT
,CAAACACAAAC
,TAATTTTAAT
,TACTTTTCAT
,TAGTGGTGAT
,TCCTACCATCCT
,ATTATAATAATATTA
,TGTAACTTTTCT
,AGTATTATGA
,ATTATAATAATATTA
,TAATTTTAAT
,TACTTTTCAT
,TGTAACTTTTCTGAA
,TTATACTAGT
,CCATGACAGTACC
,GTTACGCATTG
,AACTTATAA
,AAGAGAGAA
,ATAATATTA
,ATGACAGTA
,ATTATAATAATATTA
,ATTCAAACTTA
,CAAACACAAAC
,CCAATGTAACC
,CGACTCAGC
,CTATTAATA
,CTTGGTCTA
,GCGTATGCG
,TTAATAATT
,TTAATACTA
,TTGTTACACATTGTT
,TTTCACTTT
,ATTCAAACTTA
,CAAACACAAAC
,TAATTTTAAT
,TTTTAATTTT
,ACTACCAAAG
,AGTATTATGA
,ATTATAATAATATTA
,CACTGTTTTT
,TAATTTTAAT
,TACTTTTCAT
,TAGTGGTGAT
,TGTAACTTTTCTGAA
,TTGTTACACATTGTT
,CCATGACAGTACC
,CTAAATTTAAATC
,GATTTTTGT
,TGTTTTTAG
,TTTGTTACGCATTGTTT
,TTGTTACACATTGTT
,ATATAATATA
,CAGTGTCTGTGAC
,CTTGTTTTCA
,TAATTTTAAT
,TTATTTTATT
,TTTGTTACGCATTGTTT
,TTTTAATTTT
,ATAAAAATA
,ATCTGTCTA
,CATTCTTAC
,CCATGACAGTACC
,CTAAATTTAAATC
,GATATTTGT
,TAACGCAAT
,TAACTCAAT
,TATGTGTAT
,TATTCGTAT
,TCTACATCT
,TGTAACTTC
,TTTCACTTT
,TTTGTTACGCATTGTTT
,TTTTCACTT
,TTGTTACACATTGTT
,TGTAACTTTTCTGAA
,ATTTTACATTTTA
,TAATGAAAGTAAT
,TAATTTTAAT
,ATATAATATA
,ATTATAATAATATTA
,TAATTTTAAT
,TACTTTTCAT
,TAGTGGTGAT
,TGTAACTTTTCTGAA
,TTATACTAGT
,AAAATTAAT
,AACCCCCAA
,AACTTTCAA
,AATGAGTAA
,AATGGTGAT
,AATTGTTTC
,ACTATATCA
,ACTTTGTTAA
,AGTATTATGA
,ATATGTATA
,ATGTAACAA
,ATTATAATAATATTA
,ATTATAATT
,ATTATAATT
,CAATATAAC
,CACTGTTTTT
,CAGGTGGAC
,CATTACTGC
,CATTCTTAC
,CGTTAACTAA
,GAAGATGTT
,GAATTTAAG
,GGTGAATTA
,GTAGAAGATG
,GTGGTGGTG
,GTTGTTGTTG
,TAACAACTT
,TAACGCAAT
,TAATTTTAAT
,TAATTTTAA
,TACTTTTCAT
,TATTATTAT
,TATTTTTAT
,TATTTTTAT
,TATTTTTAT
,TGAAAAATC
,TGTAACTTTTCT
,TGTATTTTA
,TGTTGGTGTT
,TGTTGTTGT
,TGTTTTTGT
,TTAACAACT
,TTATAATTT
,TTCTACTAATTA
,TTCTACTAA
,TTCTAGAAAT
,TTCTCTTCTCTT
,TTGTCTGTT
,TTGTGATAA
,TTGTGCAAC
,TTTATAATTTAA
,TTTCACTTT
,TTTCAGATGG
,TTTGTGATA
,TTTTAGTGA
,ATTATAATAATATTA
,TAATTTTAAT
,TAGTGGTGAT
,TCAAACACAAACT
,TTAACCAATT
,TTTGTTGTTT
,ATTATAATAATATTA
,CCACCGAGCCACC
,CTAAATTTAAATC
,TTTGTTACACATTGTTT
,TTGTTACACATTGTT
,AGTGGTTAT
,ATAATATGA
,ATGTTGGTG
,ATTATAATAATATTA
,ATTTTAGTG
,CAGATTTTA
,GTGGTGGAC
,GTTTTATAAC
,TAATAATAT
,TAATTTTAAT
,TATTAACAT
,TATTCGTATT
,TCTTGGTCA
,TGGATAGGT
,TGGTCCTGGT
,TTCACCAAG
,TTGTTACACATTGTT
,TTGTTTTAT
,TTTGTTTGAC
,TTTTAATTTT
,TTTTCTTTT
,TTTTGTTTG
,ATTATAATAATATTA
,ATTATAATT
,ATTATAATT
,TAATTTTAAT
,TAATTTTAAT
,TAATTTTAAT
,TATTTTTAT
,TATTTTTAT
,TATTTTTAT
,TGTAACTTTTCTGAA
,TTTACTAAT
,TTTACTAAT
,TTGTTACACATTGTT
,TAATTTTAAT
,AATGGTGAT
,ATTATAATAATATTA
,CAATATAAC
,CAGGTGGAC
,CATTCTTAC
,GAATTTAAG
,GTGGTGGTG
,TAACGCAAT
,TAATTTTAA
,TCCTACCATCCT
,TGTATTTTA
,TGTTTTTGT
,TTAAGCACGAATT
,TTTCACTTT
,ATTATAATAATATTA
,GGAATTTAAGG
,GTTACACATTG
,TAATTTTAAT
,TAGTGGTGAT
,TCAAACACAAACT
,TCTTCACTTCT
,TTAACCAATT
,TTATGCGTATT
,TTTGTTGTTT
,TAATTTTAAT
,CAAACACAAAC
,TAATTTTAAT
,TACTTTTCAT
,CAAACACAAAC
,TAATTTTAAT
,TACTTTTCAT
,TCCTACCATCCT
,CAAACACAAAC
,TACTTTTCAT
,AAGGTGTTTA
,ACTTTGTTAA
,ATTATAATAATATTA
,ATTATAATT
,ATTATAATT
,ATTCTACTAA
,CACTGTTTTT
,CGTTAACTAA
,GTATGGATAA
,GTTGTTGTTG
,TAATTTTAAT
,TAATTTTAGT
,TACTTTTCAT
,TAGTTTTAG
,TAGTTTTAG
,TATTTTTAT
,TATTTTTAT
,TATTTTTAT
,TCAGTAATTC
,TGTTGGTGTT
,TTCTACTAAA
,TTGTCAGTTT
,TTTACTAAT
,TTTACTAAT
,TTTATAATTT
,ACAACAACA
,ACAACAACA
,ATTATAATAATATTA
,TAATTTTAAT
,GTAATAATG
,TGTTGTTGT
,TTAATAATT
,TTGTAATTT
,TTTTTCTTTTT
,TAATTTTAAT
,AAGGTGTTTA
,ACTTTGTTAA
,ATTATAATAATATTA
,ATTATAATT
,ATTATAATT
,ATTCTACTAA
,CACTGTTTTT
,CGTTAACTAA
,GTATGGATAA
,GTTGTTGTTG
,TAATTTTAAT
,TAATTTTAGT
,TACTTTTCAT
,TATTTTTAT
,TATTTTTAT
,TATTTTTAT
,TCAGTAATTC
,TGTAACTTTTCTGAA
,TGTTGGTGTT
,TTCTACTAAA
,TTGTCAGTTT
,TTTACTAAT
,TTTACTAAT
,TTTATAATTT
,ATGATAATCAT
,ATTATAATAATATTA
,CAAACGCAAAC
,CGTAATAATGC
,TTTTGTTACACATTGTTTT
,CAAACACAAAC
,TAATTTTAAT
,TACTTTTCAT
,TCCTACCATCCT
,CAAACACAAAC
,TAATTTTAAT
,TACTTTTCAT
,AACTTATAA
,AACTTTCAA
,AAGGTTAAC
,AATCACTAA
,AATGAGTAA
,ACGCCATAC
,ACTACATCA
,ACTTCTTTTG
,ATAATATTA
,ATATGTATA
,ATATTCAAA
,ATATTTGTG
,ATGACAGTA
,ATGGTGGTC
,ATTATAATAATATTA
,ATTATAATT
,CATAATTTTG
,CGACTCAGC
,CTATTAATA
,CTGCACAAG
,CTTGGTCTA
,GATTATAAT
,GCGTATGCG
,GGTGGTAAA
,GGTGTTGTGG
,GGTGTTTAT
,GGTGTTTAT
,GTAATTTTAG
,GTGCTCGTG
,GTTAAGCAG
,TAATTCACT
,TAATTTTAAT
,TAATTTTGA
,TACAAACAT
,TATTCTTCTA
,TATTTTTAT
,TGCGACAACA
,TGGATTACC
,TGGTTTTAA
,TTAAATGGTG
,TTAATAATT
,TTAATACTA
,TTAATATTT
,TTATAATTT
,TTCAGACCA
,TTGTTACACATTGTT
,TTTAATTTT
,TTTATAATTT
,TTTCACTTT
,TTTCTCTTT
,TTTTAATTTT
,TTTTGAATG
,CAAACACAAAC
,TAATTTTAAT
,TACTTTTCAT
,ATTCAAACTTA
,CAAACACAAAC
,TAATTTTAAT
,TTTTAATTTT
,AACTTGTTG
,ACTAAGAGT
,AGGTGTAAG
,AGTTATCTA
,CAACTCAAC
,CATTCTTAC
,CTAAGAATC
,TAACTCAAT
,TATTCGTAT
,TATTCTTAT
,TCATTATCT
,TGTAACTTC
,TGTAAGGGT
,TTTCACTTT
,TTTTTAATG
,AATGAAAGTAA
,TATAATAATAT
,TGTTATATTGT
,TTGTTACTCATTGTT
,TTGTTACACATTGTT
,TAATTTTAAT
,TAGTGGTGAT
,TGATAATAGT
,TGGTTTTGGT
,TTTTAATTTT
,TTTTGGTGTA
,TTTTGTTACACATTGTTTT
,TTTTTCCTTTTT
,CAAACACAAAC
,TAATTTTAAT
,TTTTAATTTT
,ATTATAATAATATTA
,CACTGTTTTT
,TAATTTTAAT
,TACTTTTCAT
,TGTAACTTTTCTGAA
,TTGTTTCATT
,CAAACACAAAC
,TAATTTTAAT
,TTTTAATTTT
,ACTGTTTTT
,AGTATTATGA
,ATTATAATAATATTA
,CAATATAAC
,CACTGTTTTT
,CAGGTGGAC
,CATTCTTAC
,CCGAGAGCC
,GAATTTAAG
,GTGGTGGTG
,TAATTTTAAT
,TAATTTTAA
,TACTTTTCAT
,TGTATTTTA
,TTAATAATT
,TTTCACTTT
,TTTTAATTTG
,TTTTAGTGA
,ATTATAATAATATTA
,AGGTAAATT
,AGGTAAATT
,AGGTATGGA
,AGTTGTTGA
,ATCAAACTA
,ATCTTTCTA
,ATGTTGGTG
,ATTAATAATGA
,ATTAATAAT
,CAACGCAAC
,CATAGAGATAC
,GGAATGTAC
,GTAAACAAT
,GTTAAATTG
,TGTTTTTGT
,TTCAGTATA
,TTCATGTACTT
,TTGACAGTT
,TTTATAATA
,TTTGTAGTTGT
,TTTTAATAATTTT
,CAAACACAAAC
,TACTTTTCAT
,TCCTACCATCCT
,TAATTTTAAT
,AACTTATAA
,AACTTTCAA
,AAGGTTAAC
,AATCACTAA
,AATGAGTAA
,ACGCCATAC
,ACTACATCA
,ATAATATTA
,ATATGTATA
,ATATTCAAA
,ATGACAGTA
,ATGGTGGTC
,ATTATAATAATATTA
,CATAATTTTG
,CGACAATAT
,CGACTCAGC
,CTATTAATA
,CTGCACAAG
,CTTGGTCTA
,GATCATAATT
,GCGTATGCG
,GGTGGTAAA
,GTAATTTTAG
,GTGCTCGTG
,GTTAAGCAG
,GTTGTTGTTG
,TAATTCACT
,TAATTTTAAT
,TAATTTTGA
,TATTCTTCTA
,TATTTTTAT
,TGGTAACACC
,TGGTTTTAA
,TGTTGTTGT
,TTAAATGGTG
,TTAATAATT
,TTAATACTA
,TTAATATTT
,TTATAATTT
,TTCAGACCA
,TTGTTACACATTGTT
,TTTAATTTT
,TTTATAATTT
,TTTCACTTT
,TTTGTATGAC
,TTTTAATTTT
,TTTTGAATG
,TTGTTACACATTGTT
,ACATTGTTACA
,TTGTTACACATTGTT
,GTTACCCATTG
,AACATATTGT
,AAGTTTTGAA
,AATATTAGT
,AATGAGTAA
,ACTATATCA
,ACTCCCTCA
,ACTTTAACCAATTTCA
,AGAACCAAGA
,AGAAGATAT
,AGCCACCGA
,AGTAGTTTT
,ATAATATTA
,ATATGTATA
,ATCGCTTCA
,ATGTAACAA
,ATTATAATAATATTA
,ATTATAATT
,ATTGTTTTG
,CAGCAGTTT
,CATTACTGC
,CTTCACTTC
,CTTTTATTA
,GAAGTTATT
,GAATTTAAG
,GATTATAAT
,GGTGGTAAA
,GGTTTTGTA
,GTAGAAGATG
,GTATGGATAA
,GTGCGACAAC
,GTTGTTGTTG
,TAAATGGTG
,TAACAACTT
,TAACGGCAAT
,TAATCAAAGT
,TAATTTTAAT
,TAATTTTAG
,TAATTTTAG
,TATTCGTATT
,TATTCTTCTA
,TATTTTTAT
,TCAGTAATTC
,TGATTATAAT
,TGTAACTTC
,TGTGGGTGT
,TGTTGGTCA
,TGTTGTTGT
,TTAAATTTT
,TTACACATT
,TTTAAATTT
,TTTAATTTA
,TTTACTAATT
,TTTATAATTT
,TTTCACTTT
,TTTCTCTTT
,TTTTAATTTT
,TTTTAATTT
,TAATTTTAAT
,TTGTTACACATTGTT
,TAATTTTAAT
,AGTATTATGA
,ATATAATATA
,ATTATAATAATATTA
,CACTGTTTTT
,TAATTTTAAT
,TACTTTTCAT
,TCATTATAAT
,TGTAACTTTTCTGAA
,TTATACTAGT
,TTGTTACACATTGTT
,AAAAGAACT
,AAATGGTGAT
,AAATTTTGT
,AATTCTGGT
,ACCACACCA
,ACCATACCA
,ACTATATCA
,ACTTTTTCA
,ATAATATTA
,ATAATTTTA
,ATATGTATA
,ATGAAAGTA
,ATGTTATTT
,ATTATAATAATATTA
,ATTGTTTTA
,ATTTGTTTT
,CAATATAAC
,CAATGTAAC
,CATATCGTGGTC
,CATCACTAC
,CATTCGTATT
,CCATACCACA
,CGTTCTGTT
,CTATTAATA
,CTTAGTAAT
,GGTGGTAAA
,GTAATTTTA
,GTGGTCTAC
,GTGTAGTAA
,GTTAAAAAA
,GTTGTTGTTG
,GTTTTATTG
,TAAATGGTG
,TAATTTTAAT
,TATCGTGGT
,TATGTATGG
,TATTCTTCT
,TATTTTTAT
,TGAAAAATA
,TGAGTGATTT
,TGTTGGTCA
,TGTTGTTGT
,TGTTTTAAACGT
,TTAATAATT
,TTATGGTTG
,TTCAGACCT
,TTCAGTTTCA
,TTGTTTTAT
,TTTACTTTTT
,TTTATAATTT
,TTTATATTT
,TTTCTCTTT
,TTTGACCAGTTT
,TTTGGGTTT
,TTTGTTACACATTGTTT
,TTTTAATAT
,TTTTAATTTT
,TTTTAGTGGT
,ATAAAAATA
,ATCTGTCTA
,CATTCTTAC
,CCATGACAGTACC
,CTAAATTTAAATC
,GATTTTTGT
,TAACGCAAT
,TAACTCAAT
,TATTCGTAT
,TCTACATCT
,TGTAACTTC
,TGTAAGGGT
,TTTCACTTT
,TTTGTTACGCATTGTTT
,TTTTCACTT
,TTTTGTTTT
,ATCCTTTTCCTA
,CAAACACAAAC
,TAATTTTAAT
,TACTTTTCAT
,TCCTACCATCCT
,AAGGTGTTTA
,AGTGGTAAAT
,ATTATAATAATATTA
,GTAGTTTTAG
,GTATGGATAA
,GTTGTTGTTG
,TAATTTTAAT
,TAGTGGTGAT
,TATTCTTCTA
,TATTTTTAT
,TATTTTTAT
,TATTTTTAT
,TCAGTAATTC
,TTAACCAATT
,TTATAATTTT
,TTTATAATTT
,TTTGTTGTTT
,CAAACACAAAC
,TAATTTTAAT
,TACTTTTCAT
,TCCTACCATCCT
,AGTATTATGA
,TGTAACTTTTCT
,TTATACTAAT
,TTGTTACACATTGTT
,AATGGTGAT
,AGTATTATGA
,ATTATAATAATATTA
,CAATATAAC
,CACTGTTTTT
,CAGGTGGAC
,GAATTTAAG
,GTGGTGGTG
,TAACGCAAT
,TAATGAAAGTAAT
,TAATTTTAAT
,TAATTTTAA
,TACTTTTCAT
,TATTTTAGTG
,TCCTACCATCCT
,TGTAACTTTTCT
,TGTATTTTA
,TGTTTTTGT
,TTAACAACT
,TTTCACTTT
,TTTTAGTGA
,TAATTTTAAT
,TGTAACTTTTCTGAA
,AGTGGTTAT
,ATAATATGAC
,ATAATATGA
,ATGTAATTA
,ATGTTGGTG
,ATTATAATAATATTA
,ATTTTAGTG
,GTGGTGGAC
,GTTTTATAAC
,TAATAATAT
,TAATTTTAAT
,TATTAACAT
,TATTATTAAT
,TATTCGTATT
,TCTTGGTCA
,TGGATAGGT
,TTCACCAAG
,TTGTTTTAT
,TTTGTTTGAC
,TTTTAATTTT
,TTTTCTTTT
,TTTTGTTTG
,CAAACACAAAC
,TAATTTTAAT
,TACTTTTCAT
,TCCTACCATCCT
,AAGGTGTTTA
,ACTTTGTTAA
,AGGATCTTAT
,AGTATTATGA
,ATTATAATAATATTA
,ATTATAATT
,ATTATAATT
,CACTGTTTTT
,CGTTAACTAA
,GTATGGATAA
,GTTGTTGTTG
,TAATTTTAAT
,TAATTTTAGT
,TACTTTTCAT
,TATTTTTAT
,TATTTTTAT
,TATTTTTAT
,TCAGTAATTC
,TGTTGGTGTT
,TTCTACTAAA
,TTGTCAGTTT
,TTTACTAAT
,TTTACTAAT
,TTTATAATTT
,TTTTAGTGGT
,TTGTTACACATTGTT
,TTGTTACACATTGTT
,CAAACACAAAC
,CATGGTAAATG
,GTAAATGTTTC
,TGTACAACATGT
,TTTGTTACACATTGTTT
,AAACTGTTA
,AAGTTAAAG
,AATAGTTTT
,AATGAGTAA
,AATTCTCTTAA
,AATTGAACAT
,ACAGGTGGT
,ACTACATCA
,AGTTACATTGA
,AGTTTCAGA
,ATAATATTA
,ATATGTATA
,ATCAGATTT
,ATTACTAAC
,ATTCTTCTA
,CAAACACAAAC
,CATTCCTTAC
,CCACCCAAA
,CTATTTTATC
,CTTGTGTTC
,GAAACTGGTT
,GAAGGGAAG
,GACAGTTAG
,GACATAACA
,GGGACATAA
,GGTCAACTGG
,GTATGGATAA
,GTTACGCATTG
,GTTCTACTA
,GTTGTTGTTG
,TAATAATTAT
,TAATTTTAAT
,TAGGTATGGAT
,TAGTAGTTT
,TATAATTTTA
,TCAGATGGT
,TCTCTCAGT
,TGAGTAGTTTC
,TGTAACTTC
,TGTTGTTGT
,TTAATAATT
,TTAATTTGA
,TTACAGAAC
,TTCTACTAA
,TTGGCCAAG
,TTGTGTTCAC
,TTTGATAAT
,TTTGTATAA
,TTTTGAGTTTT
,ATTCAAACTTA
,CAAACACAAAC
,TAATTTTAAT
,TTTTAATTTT
,ACATTGTTACA
,TTGTTACACATTGTT
,ATTTTGGTAA
,TACACCTAAT
,TTAATTTTAATT
,TTTTAATTTT
,TTGTTACACATTGTT
,ATTATAATAATATTA
,CACTGTTTTT
,TAATTTTAAT
,TACTTTTCAT
,TAGTGGTAAA
,TGTAACTTTTCTGAA
,ATTCAAACTTA
,CAAACACAAAC
,TAATTTTAAT
,TTTTAATTTT
,CAAACACAAAC
,TAATTTTAAT
,TTTTAATTTT
,AACTTATAA
,AACTTTCAA
,AAGGTTAAC
,AATCACTAA
,AATGAGTAA
,ACACCTCTAA
,ACGCCATAC
,ACTACATCA
,ACTTCTTTTG
,ATAATATTA
,ATATGTATA
,ATATTCAAA
,ATGACAGTA
,ATGGTGGTC
,ATTATAATAATATTA
,ATTATAATT
,CAACAATAT
,CATAATTTTG
,CGACTCAGC
,CTATTAATA
,CTGCACAAG
,CTTGGTCTA
,GATTATAAT
,GGTGGTAAA
,GGTGTTGTGG
,GTAATTTTAG
,GTATTGTTG
,GTGCTCGTG
,GTTAAGCAG
,GTTGTTGTTG
,TAACACCTCT
,TAATTCACT
,TAATTTTAAT
,TAATTTTGA
,TATAAATAT
,TATTTTTAT
,TGCGACAACA
,TGGACTGTT
,TGGATTACC
,TGGTTTTAA
,TGTTGTTGT
,TTAAATGGTG
,TTAATAATT
,TTAATACTA
,TTATAATTT
,TTGTTACACATTGTT
,TTTAATTTT
,TTTCACTTT
,TTTTAATTTT
,TTTTGAATG
,TTGTTACACATTGTT
,CAAACACAAAC
,TAATTTTAAT
,TCCTACCATCCT
,CAAACACAAAC
,TAATTTTAAT
,TACTTTTCAT
,TCCTACCATCCT
,ATTATAATAATATTA
,CAGCGGTAAAT
,GGAATTTAAGG
,GTTACACATTG
,TAATTTTAAT
,TAGTGGTGAT
,TCAAACACAAACT
,TTAACCAATT
,TTATGCGTATT
,TTTGTTGTTT
,TTGTTACACATTGTT
,CAAACACAAAC
,TAATTTTAAT
,TACTTTTCAT
,TCCTACCATCCT
,AACTTATAA
,AATCACTAA
,ATAATATTA
,ATGACAGTA
,ATGGTGGTC
,ATTATAATAATATTA
,CGACTCAGC
,CTATTAATA
,CTGCACAAG
,CTTGGTCTA
,GCGTATGCG
,TTAATAATT
,TTAATACTA
,TTAATATTT
,TTGTTACACATTGTT
,TTTCACTTT
,TTGTTACACATTGTT
,CAAACACAAAC
,TAATTTTAAT
,TACTTTTCAT
,TCCTACCATCCT
,CAAACACAAAC
,TAATTTTAAT
,TACTTTTCAT
,TCCTACCATCCT
,AGTATTATGA
,ATGACAGTA
,ATTATAATAATATTA
,CAATATAAC
,CACTGTTTTT
,CAGGTGGAC
,CCGATAGCC
,GAATTTAAG
,GATTTTATC
,GTTTTTACT
,TAACGCAAT
,TAATTTTAAT
,TAATTTTAA
,TACTTTTCAT
,TGTATTTTA
,TGTTTTTGT
,TTAACAACC
,TTTCACTTT
,TTTTAGTGA
,AATTTAATA
,AATTTTACT
,ACTAAGAGT
,ACTTTGACT
,ATAATATTA
,ATAGTGATA
,ATTATAATAATATTA
,ATTATTTTG
,CAGGTGGAC
,GTATACTTA
,TATTTAGAT
,TTATTTTAT
,TTTATTAAT
,TTTGTTACACATTGTTT
,TTTTGTTTT
,TTTTTAATG
,AACCATTAA
,AGTGCGTGA
,CGTGCGGCG
,GAAATATCC
,GCAACAACG
,GCGTATGCG
,GCTATGTGT
,GTGCGTGAA
,GTGTATGTG
,GTGTTTGTG
,TATGCGTAT
,TATGTGTAT
,TATTATTAT
,TGCGTGAAGTGCGT
,CAAACACAAAC
,TAATTTTAAT
,TACTTTTCAT
,TCCTACCATCCT
,TAATTTTAAT
,CTAAATTTAAATC
,GATTTTTGT
,TGTTTTTAG
,TTTGTTACGCATTGTTT
,CAAACACAAAC
,TAATTTTAAT
,TTTTAATTTT
,TAATTTTAAT
,TTGTTACACATTGTT
,ATTCAAACTTA
,CAAACACAAAC
,TAATTTTAAT
,TTTTAATTTT
,CAAACACAAAC
,TAATTTTAAT
,TACTTTTCAT
,TCCTACCATCCT
,AAACGGCAAA
,CTATTATTATC
,TTGTTACTCATTGTT
,AAGTTGTTT
,AATTTTTAA
,ACCAATTTT
,ACCATACCA
,AGTGTTTGT
,ATAATAATA
,ATAATATTT
,ATCTGTCTA
,ATGATAATA
,ATTGAGAAC
,ATTGTAATT
,CATTCTTAC
,CCATGACAGTACC
,CTAAATTTAAATC
,GATTTTTGT
,GTGTTTGTT
,GTTTTAAAA
,TAACGCAAT
,TAACTCAAT
,TATAATAGT
,TATGGATAA
,TATTCATTT
,TATTCGTAT
,TCACTAACG
,TCATTGTAA
,TCTACATCT
,TGTAACTTC
,TGTAAGGGT
,TTATAATTT
,TTCTCTCTT
,TTGTCTGTT
,TTTCACTTT
,TTTGTGATA
,TTTGTTACGCATTGTTT
,TTTTCACTT
,TTTTGTTTT
,TTTTTAATG
,TGTAACTTTTCTGAA
,TTGTTACACATTGTT
,ATTATAATAATATTA
,CACTGTTTTT
,TAATTTTAAT
,TACTTTTCAT
,TGTAACTTTTCTGAA
,TTATACTAGT
,TTGTTACACATTGTT
,TTGTTACACATTGTT
,ATCAAACTA
,TGTTGTTGT
,TTAATAATT
,TTGTAATTT
,TTTCACTTT
,ACTACCAAAG
,ATTATAATAATATTA
,CACTGTTTTT
,TAATTTTAAT
,TACTTTTCAT
,TGTAACTTTTCTGAA
,TTATACTAGT
,TAATTTTAAT
,AACTTAATA
,AATCACTAA
,ATAATATTA
,ATATTTTATA
,ATGTTGGTG
,ATTATAATAATATTA
,ATTCCCTTA
,ATTGTTTTA
,ATTTTGTTT
,GAAACCAAAG
,GAACTGGTCAAG
,GATTTTATC
,GTCGTGCTG
,GTGGTGGTG
,GTTTTATTC
,TAATTTTAAT
,TATTTTGTT
,TTAAATGGTG
,TTAATAATT
,TTAATAATT
,TTAATAATT
,TTTGTTACACATTGTTT
,TTTTAATTTT
,TTTTGTTTT
,CAAACACAAAC
,TAATTTTAAT
,TACTTTTCAT
,CAAACACAAAC
,TAATTTTAAT
,TTTTAATTTT
,ATATAATATA
,ATTATAATAATATTA
,TAATTTTAAT
,TACTTTTCAT
,TGTAACTTTTCTGAA
,TTATACTAGT
,TTTTCCTTTT
,AGTGATTTT
,TGTAACTTTTCTGAA
,TTTTAGTGA
,ATAAAAATA
,ATCTGTCTA
,CATTCTTAC
,CCATGACAGTACC
,CTAAATTTAAATC
,GATTTTTGT
,TAACGCAAT
,TAACTCAAT
,TATTCGTAT
,TCTACATCT
,TGTAACTTC
,TGTTTTTGT
,TTTCACTTT
,TTTGTTACGCATTGTTT
,TTTTCACTT
,TTTTGTTTT
,TTTTTAATG
,TAATTTTAAT
,TTGTTACACATTGTT
,CAAACACAAAC
,TAATTTTAAT
,TACTTTTCAT
,TCCTACCATCCT
,ATTATAATAATATTA
,GTAGTTGATG
,TACTTTTCAT
,TCTCTTCAAT
,TTATTTTATT
,TTCATTTTAA
,TTTGTTACACATTGTTT
,TTAACAATT
,TTAACAATT
,TTAACAATT
,TTTGTTACGCATTGTTT
,TAATTTTAAT
,TAATTTTAAT
,AACAGTTTCA
,AACTTATAA
,AACTTTCAA
,AAGATGTTA
,AAGGTTAAC
,AAGTTGTTT
,AATCACTAA
,AATGAGTAA
,AATTTAATA
,AATTTCATT
,ACAAAAACA
,ACGCCATAC
,ACTACATCA
,ATAATATTA
,ATATGTATA
,ATATTCAAA
,ATGACAGTA
,ATGGTGGTC
,ATTATAATAATATTA
,CATAATTTTG
,CGACTCAGC
,CTATTAATA
,CTGCACAAG
,CTTGGTCTA
,GATCATAATT
,GGTGGTAAA
,GTAATTTTAG
,GTGCTCGTG
,GTTAAGCAG
,GTTGTTGTTG
,TAATTCACT
,TAATTTTAAT
,TATTCTTCTA
,TATTTTTAT
,TGCGACAACA
,TGGTTTTAA
,TGTTGGTCA
,TGTTGTTGT
,TTAAATGGTG
,TTAATAATT
,TTAATACTA
,TTATAATTT
,TTCAGACCA
,TTGTAATTT
,TTGTTACACATTGTT
,TTTGTATGAC
,TTTTAATTTT
,TTTTGAATG
,ATTATAATAATATTA
,GCCTTATTCCG
,GGAATTTAAGG
,GTTACACATTG
,TAATTTTAAT
,TAGTGGTGAT
,TCAAACACAAACT
,TCTTCACTTCT
,TTAACCAATT
,TTATGCGTATT
,TTTGTTGTTT
,CAAACACAAAC
,TAATTTTAAT
,TACTTTTCAT
,TCCTACCATCCT
,CAAACACAAAC
,TAATTTTAAT
,TACTTTTCAT
,TCCTACCATCCT
,TAATTTTAAT
,TTGTTACACATTGTT
,CAACCATACCAAC
,TAATTTTAAT
,CACTGTTTTT
,TGTAACTTTTCTGAA
,TTATACTAGT
,TTGTTACACATTGTT
,CCATGACAGTACC
,CTAAATTTAAATC
,TTTGTTACGCATTGTTT
,AAACTAATAAT
,AACAAAACG
,AATAACATT
,AATGTGTCT
,AATTTTACT
,AGTCAATGT
,ATTGTTTTA
,ATTTTAGTG
,CAAACACAAAC
,CATTCTTAC
,CTATTTATC
,GTGCTATTT
,TGAATAAGT
,TGATGAGTC
,TGGCAGACGGT
,TTACAATAACATT
,TTTGTTACACATTGTTT
,TTTTAGTGA
,TAATTTTAAT
,TTGTTACACATTGTT
,TAATTTTAAT
,ACGTAATGCA
,ATAATATTA
,ATAATATTA
,ATTATAATAATATTA
,ATTATAATATTA
,ATTATAATA
,CACTGTTTTT
,TAACACAACT
,TAATAATTAT
,TAATGGTAAT
,TAATTTTAAT
,TATAATATTA
,TTAAATGGTG
,TTGTTACACATTGTT
,ATGACAGTA
,GCGTATGCG
,TTAATAATT
,TTAATATTT
,TTGTTACACATTGTT
,AAGTAATGCAC
,AATTTCACT
,ACTAAGAGT
,ATGTTGTTT
,CAAACGCAAAC
,CTAAATTTAAATC
,GAATTTAAG
,GTGGTGGTG
,TAACTAATT
,TATAATAATAT
,TGTAACTTC
,TGTATTTTA
,TGTGGGTGT
,TTACACATT
,TTCAAACTT
,TTTCACTTT
,TTTTGTTTT
,AACTTATAA
,ATAATATTA
,ATGACAGTA
,ATGGTGGTC
,ATTATAATAATATTA
,CGACTCAGC
,CTATTAATA
,CTTGGTCTA
,GCGTATGCG
,TTAATAATT
,TTAATACTA
,TTAATATTT
,TTGTTACACATTGTT
,TTTCACTTT
,CAAACACAAAC
,TAATTTTAAT
,TACTTTTCAT
,TCCTACCATCCT
,AGTTATTTA
,ATCTGTCTA
,CATTCTTAC
,GATTTTTGT
,TATTCGTAT
,TATTCTTAT
,TCTACATCT
,TGTAACTTC
,TTTCACTTT
,TTTTAATGT
,TTTTCACTT
,TTTTGTTTT
,TTTTTAATG
,TTGTTACACATTGTT
,AAATGGACA
,ATTGCGTTA
,CAGGAGGAC
,GGATTTAGG
,GGTGATTGT
,GTAAATTTA
,TAAATTTAAAT
,TAGTGGTAA
,TGATAATAGT
,TGGTTTTGGT
,TTAACAATT
,TTGTTTTTGTT
,TTTTGTTACACATTGTTTT
,TTGTTACACATTGTT
,ATTATAATAATATTA
,GGAATTTAAGG
,GTTACACATTG
,TAATTTTAAT
,TAGTGGTGAT
,TCAAACACAAACT
,TCTTCACTTCT
,TTAACCAATT
,TTATGCGTATT
,TTTGTTGTTT
,TAATTTTAAT
,TTGGTTTGGTT
,AAATTTTAA
,AAGTAATTA
,ACACACACA
,ACTGAGTCA
,AGGTGGTGT
,ATAGTGATA
,ATAGTTTTA
,ATTATGGTA
,ATTCACTTA
,TAGTTTTAA
,TATACTGTA
,TCAAAAACT
,TGGTTTGGT
,TGTTTTTGT
,TTGTGTGTT
,TTTAAATTT
,TTTAACATT
,TTTGGGTTT
,TTTTGTTTT
,TAATTTTAAT
,ATTATAATAATATTA
,TTGTTACACATTGTT
,AGTATTATGA
,ATCATACTA
,CAGGTGGAC
,GAATTTAAG
,GGAATTTAA
,TACTAATCAT
,TTTTCTGAA
,TTGTTACACATTGTT
,ATTATAATAATATTA
,CACTGTTTTT
,TAATTTTAAT
,TACTTTTCAT
,TGTAACTTTTCTGAA
,TTATACTAGT
,AAATGGTGG
,ACGTAATGCA
,ACTAAGAGT
,ACTAGATCA
,ATAATATTA
,ATTATAATAATATTA
,CAACACAAC
,CAGGTGGAC
,CCGATAGCC
,GAATTTAAG
,TAACTCAAT
,TAATTTTAAT
,TAATTTTAA
,TACTTTTCAT
,TGTAACTTT
,TTAAATGGTG
,TTTGATGTT
,AACTTTCAA
,AAGGTGTTTA
,AATGAGTAA
,AATGGTGAT
,ACATATTGT
,ACTATATCA
,ACTTCAGCAG
,ACTTTGTTAA
,AGAAGATAT
,AGTACTTTT
,ATATGTATA
,ATGTAACAA
,ATTATAATAATATTA
,ATTATAATT
,ATTATAATT
,ATTCTACTAA
,ATTCTGCCA
,CACAATTAT
,CACTGTTTTT
,CAGGTGGAC
,CATTACTGC
,CATTCTTAC
,CGTTAACTAA
,GAATTTAAG
,GGTGAATTA
,GTATGGATAA
,GTGGTGGTG
,GTTGTTGTTG
,TAACAACTT
,TAATTTTAAT
,TAATTTTAGT
,TACTAATTA
,TACTTTTCAT
,TATTATTAT
,TATTTTTAT
,TATTTTTAT
,TATTTTTAT
,TCAGTAATTC
,TGAAAAATC
,TGGTTTGGT
,TGTAACTTTTCTGAA
,TGTATTTTA
,TGTTGGTGTT
,TGTTGTTGT
,TGTTTTTGT
,TTCTACTAAA
,TTGTCAGTTT
,TTGTCTGTT
,TTGTGATAA
,TTTACTAAT
,TTTACTAAT
,TTTATAATTT
,TTTCACTTT
,TTTCTCTTT
,TTTGTGATA
,TTTTAGTGA
,TTTTAGTGGT
,TTTTTGTGG
,TAATTTTAAT
,ATTATAATAATATTA
,TTGTTACACATTGTT
,CAAACACAAAC
,TAATTTTAAT
,TACTTTTCAT
,ATATTGGTTATA
,ATTATAATAATATTA
,TTTGTTACACATTGTTT
,TAATTTTAAT
,TAATTTTAAT
,TTTTAATTTT
,ATTTTAGTGATTTTA
,TTTGTTACACATTGTTT
,ATCACACTA
,CAAACACAAAC
,GTGGTGGTG
,TAATTTTAAT
,TACTTTTCAT
,TTTCACTTT
,TAATTTTAAT
,AAACTGGTT
,AACTGTCAA
,AAGTAATGCT
,AATAAATTT
,AATATTAAT
,AATGAGTAA
,ACAACATTAC
,ACATATTGT
,ACATATTTGT
,ACTACTTTA
,ACTATATCA
,AGAAGATAT
,AGTAGTTTT
,ATAATAATA
,ATATGTATA
,ATCGCTTCA
,ATGAAAGAG
,ATGGTGGTTT
,ATTGTAATT
,ATTGTTTTG
,CAAATTGTA
,CATTACTGC
,CTATTTTTA
,CTTTTTAAT
,GAAGATGTT
,GTAATTCTG
,GTAGAAGATG
,GTAGGTGTT
,GTATATATA
,GTATGGATAA
,GTCAATGGT
,GTTGGTGTT
,GTTGTTGTTG
,TAAATTTAA
,TAACTCAAT
,TAATTTTAAT
,TAATTTTAG
,TATAACAAC
,TATTCTTAT
,TATTCTTCTA
,TATTTTTAT
,TATTTTTAT
,TATTTTTAT
,TCAGTAATTC
,TCCTGGTAT
,TGAAAAATC
,TGGTAATATA
,TGTAACTTC
,TGTATTTTAA
,TGTATTTTA
,TGTTGAGTA
,TGTTGTTGT
,TTAACAATT
,TTTAACAAT
,TTTACTAATT
,TTTACTAAT
,TTTATAATTT
,TTTCTCTTT
,TTTTAGACCA
,CAAACACAAAC
,GTAATGAAAGTAATG
,TACTTTTCAT
,TCCTACCATCCT
,CAAACACAAAC
,CTTAATTTG
,GTGGTGGTG
,TACTTTTCAT
,TTTCACTTT
,TTGTTACACATTGTT
,AGGTGGTGT
,TCAAGAACT
,TGTTTTTGT
,TTCAAACTT
,CAAACACAAAC
,TAATTTTAAT
,TACTTTTCAT
,TCCTACCATCCT
,TAATTTTAAT
,AATATTAATA
,AGTCAGTGTA
,ATAAAAATA
,ATCTGTCTA
,ATGTTGGTG
,CATTCTTAC
,CCATGACAGTACC
,CTAAATTTAAATC
,GATTTTTGT
,TAACGCAAT
,TAACTCAAT
,TAATTTTAAT
,TATTCGTAT
,TCTACATCT
,TGTAACTTC
,TTTCACTTT
,TTTGTTACGCATTGTTT
,TTTTCACTT
,TTTTGTTTT
,TTTTTAATGG
,AACTTGTTG
,AGTTATCTA
,ATAATAATA
,ATCTGTCTA
,CATTCTTAC
,CCATGACAGTACC
,CTCGGTAGT
,TAACGCAAT
,TAACTCAAT
,TATTCGTAT
,TATTCTTAT
,TCTACATCT
,TGTAACTTC
,TGTAAGTTT
,TTACTAATCATT
,TTTTGTTTT
,TTTTTAATG
,TAATTTTAAT
,TAATTTTAAT
,TAATTTTAAT
,TGTAACTTTTCTGAA
,CAAACACAAAC
,TAATTTTAAT
,TACTTTTCAT
,TCCTACCATCCT
,ATTATAATAATATTA
,TAATTTTAAT
,TAATTTTAAT
,TAATTTTAAT
,TAATTTTAA
,TAATTTTAA
,TGTAACTTTTCTGAA
,CAAACGCAAAC
,GGTGGTGGTGG
,GTGGTGGTG
,GTGGTGGTG
,TATAATAATAT
,ATTCAAACTTA
,CAAACACAAAC
,TAATTTTAAT
,TTTTAATTTT
,CAAACACAAAC
,TAATTTTAAT
,TACTTTTCAT
,ATTATAATAATATTA
,TGTAACTTTTCTGAA
,AGTATTATGA
,ATTATAATAATATTA
,CACTGTTTTT
,TAATTTTAAT
,TACTTTTCAT
,TGTAACTTTTCTGAA
,TGTATTTTAA
,TTATACTAGT
,AATTTTACT
,GGAAAAAGG
,TTAATAATT
,TTGTTTGTT
,TTGTTTTAT
,CAAACACAAAC
,TACTTTTCAT
,TCCTACCATCCT
,CACTGTTTTT
,TAATTTTAAT
,TACTTTTCAT
,TGTAACTTTTCTGAA
,TTATACTAGT
,AGGTGGTGT
,TCAAGAACT
,TGTTTTTGT
,TTCAAACTT
,CAAACACAAAC
,TAATTTTAAT
,TACTTTTCAT
,TCCTACCATCCT
,AAAAATTTT
,AAACGGCAAA
,AATAGTGTT
,AATATTGTT
,AATGAAAGTAA
,AATTGTATT
,AATTTTACT
,AATTTTAGT
,ACCATACCA
,ACTATATCA
,ACTGTGTCA
,ACTTCTTGT
,ACTTTCTGT
,AGGTATGCA
,AGTAGTTTTC
,AGTAGTTTT
,ATAAAAGTG
,ATAACATATT
,ATACATTTTACATA
,ATTATTATC
,ATTGTTGTA
,CATTCTTAC
,CATTGTAATT
,CATTGTAATT
,GAGTTAACT
,GGTTTTAAAA
,GTATTACTG
,GTGGTTTTA
,GTTGTTGTTG
,GTTTCAGCA
,GTTTTAGACCA
,TAATGGTGGT
,TAATTTTAAT
,TACAATAGTG
,TAGTCCCTCAG
,TAGTTTTCAG
,TATAATAATAT
,TATAATTTTA
,TATTATTAT
,TATTCGTATT
,TATTCTTAT
,TATTGTTGT
,TATTTTTAT
,TATTTTTAT
,TATTTTTAT
,TCAGTTTTAT
,TCTGTCTGTCT
,TGAAAAATC
,TGAATAAGT
,TGATTTAGT
,TGGATAGGT
,TGTTATATTGT
,TGTTGAGTA
,TGTTGTTGT
,TTATTCTTCTA
,TTGTCTGTT
,TTGTGATAA
,TTGTTACTCATTGTT
,TTGTTTTAT
,TTTAACAATTT
,TTTCACTTT
,TTTCAGATGG
,TTTGTATAA
,TTTGTGATA
,TTTTAATTTT
,TAATTTTAAT
,TTACTAATCATT
,CAAACACAAAC
,TAATTTTAAT
,TACTTTTCAT
,TCCTACCATCCT
,TACTGGTCAT
,TGAAGGAAGT
,TTGTTACACATTGTT
,AAAGTGAAA
,ACAATTACA
,ACCTATTTT
,ACTAACTGTA
,ATAATATTA
,ATGTGAGTGTA
,ATTTTAATG
,ATTTTGACTA
,ATTTTGGTAA
,GTAATTTTA
,GTAATTTTT
,GTATTCTTATG
,GTTATATTG
,TACATTAAC
,TATTGTAGT
,TATTTTTAT
,TGTGTGTGT
,TTAATAATC
,TTAATTTTAATT
,TTACTGTTA
,TTAGGTGGT
,TTATAATAATATT
,TTATAATATT
,TTATGTGAGT
,TTTATAATA
,TTTCACACTTT
,TTTTAATTTT
,TTTTTCTTTTT
,ATCACACTA
,CAAACACAAAC
,GTGGTGGTG
,TAATTTTAAT
,TACTTTTCAT
,TTTCACTTT
,TAATGAAAGTAAT
,TAATTTTAAT
,AACTGTCAA
,AATATAAGA
,AATGAGTAA
,AATTCTCTTAA
,ACATATTGT
,ACGTAATGCA
,ACTATATCA
,AGAAGATAT
,AGCCACCGA
,AGTAGTTTT
,ATAATAATA
,ATAATATTA
,ATATGTATA
,ATCGCTTCA
,ATGGTTCTA
,ATGTAACAA
,ATTATAATAATATTA
,ATTGTTTTG
,CAAACACAAAC
,CACAATTAT
,CAGCAGTTT
,CATTACTGC
,CCACCGAGCCACC
,CTAAATTTAAATC
,CTCTTTATA
,CTTTTTAAT
,GAATATAAG
,GAATTTAAG
,GATTACATG
,GGTAAATTA
,GGTGGTAAA
,GTAATTCTG
,GTAGAAGATG
,GTAGGTGTT
,GTATGGATAA
,GTTGTTGTTG
,GTTTTAGAC
,TAATTTTAAT
,TAATTTTAG
,TAGGTATGGAT
,TATTATTAC
,TATTCGTATT
,TATTTTTAT
,TATTTTTAT
,TATTTTTAT
,TCAGTAATTC
,TCCTGGTAT
,TCTAACAAA
,TGATTATAAT
,TGGTTTTAA
,TGTTGTTGT
,TTAAATGGTG
,TTAACAATT
,TTAATTATACT
,TTATAATAATA
,TTATAATTTTA
,TTATCGTGAGA
,TTTATAATTT
,TTTATTGTTTA
,TTTCTCTTT
,TTTGTTACACATTGTTT
,TTGTTACACATTGTT
,CAAACACAAAC
,TAATTTTAAT
,TACTTTTCAT
,TCCTACCATCCT
,AACTTATAA
,AACTTTCAA
,AAGGTTAAC
,AATCACTAA
,AATGAGTAA
,ACGCCATAC
,ACTACATCA
,ACTTCTTTTG
,ATAATATTA
,ATATGTATA
,ATATTCAAA
,ATATTTGTG
,ATGACAGTA
,ATGGTGGTC
,ATTATAATAATATTA
,ATTATAATT
,CATAATTTTG
,CGACTCAGC
,CTATTAATA
,CTGCACAAG
,CTTGGTCTA
,GATTATAAT
,GCGTATGCG
,GGTGGTAAA
,GGTGTTGTGG
,GGTGTTTAT
,GGTGTTTAT
,GTAATTTTAG
,GTGCTCGTG
,GTTAAGCAG
,GTTGTTGTTG
,TAATTCACT
,TAATTTTAAT
,TAATTTTGA
,TATTCTTCTA
,TATTTTTAT
,TGCGACAACA
,TGGATTACC
,TGGTTTTAA
,TGTTGTTGT
,TTAAATGGTG
,TTAATAATT
,TTAATACTA
,TTAATATTT
,TTATAATTT
,TTCAGACCA
,TTGTTACACATTGTT
,TTTAATTTT
,TTTATAATTT
,TTTCACTTT
,TTTCTCTTT
,TTTTAATTTT
,TTTTGAATG
,CAAACACAAAC
,GTGGTGGTG
,TAATTTTAAT
,TACTTTTCAT
,TCCTACCATCCT
,TTGTCTGTT
,TTTACTTTT
,ATGTTGGTG
,ATGTTGGTG
,TTGTTACACATTGTT
,AACTTTCAA
,AAGGTGTTTA
,AATGAGTAA
,AATGGTGAT
,ACATATTGT
,ACTATATCA
,ACTTTGTTAA
,AGAAGATAT
,ATATGTATA
,ATGTAACAA
,ATTATAATAATATTA
,ATTATAATT
,ATTATAATT
,ATTTCACAT
,CAATATAAC
,CACAATTAT
,CACTGTTTTT
,CAGGTGGAC
,CATTTGCAGG
,CGTTAACTAA
,GAATTTAAG
,GGTGAATTA
,GTATGGATAA
,GTGATAATT
,GTGGTGGTG
,GTTGTTGTTG
,TAATTTTAAT
,TACTAATTA
,TACTTCTTGT
,TACTTTTCAT
,TATTATTAT
,TATTTTTAT
,TCAGTAATTC
,TCCTGTCCT
,TCTATCGTG
,TCTCTCTCT
,TGAAAAATC
,TGTAACTTTTCTGAA
,TGTATTTTA
,TGTTGGTGTT
,TGTTGTTGT
,TTAACAATT
,TTATACTAGT
,TTATACTAGT
,TTCTACTAAA
,TTGTCAGTTT
,TTGTCTGTT
,TTGTGATAA
,TTTACTAAT
,TTTACTAAT
,TTTCACTTT
,TTTGTGATA
,TTTTAGTGA
,TTTTAGTGGT
,TTTTTGTGG
,CAAACACAAAC
,TAATTTTAAT
,TACTTTTCAT
,TCCTACCATCCT
,ATTAAAATTA
,ATTATAATAATATTA
,TGTAACTTTTCT
,CAAACACAAAC
,TAATTTTAAT
,TACTTTTCAT
,TCCTACCATCCT
,CAATGAAAGTAAC
,TAATTTTAAT
,TTTTAATTTT
,ATTATAATAATATTA
,GGAATTTAAGG
,GTTACACATTG
,TAATTTTAAT
,TAGTGGTGAT
,TCAAACACAAACT
,TCTTCACTTCT
,TTAACCAATT
,TTATGCGTATT
,TTTGTTGTTT
,TAATTTTAAT
,AATGTTGGTGG
,TAATGAAAGTAAT
,AGTGGTTAT
,ATAATATGA
,ATGTTGGTG
,ATTATAATAATATTA
,ATTTTAGTG
,CAATGTAAC
,CAGATTTTA
,GTGGTGGAC
,GTTTTATAAC
,TAATAATAT
,TAATTTTAAT
,TATTAACAT
,TATTCGTATT
,TCTTGGTCA
,TGGATAGGT
,TTCACCAAG
,TTGTTTTAT
,TTTGTTTGAC
,TTTTAATTTT
,TTTTCTTTT
,TTTTGTTTG
,AAGGTGTTTA
,ACTTCAGCAG
,ACTTTGTTAA
,ATTATAATAATATTA
,ATTCTACTAA
,CACTGTTTTT
,CGTTAACTAA
,GTATGGATAA
,GTTGTTGTTG
,TAATTTTAAT
,TAATTTTAGT
,TATTTTTAT
,TATTTTTAT
,TATTTTTAT
,TCAGTAATTC
,TGTTGGTGTT
,TTCTACTAAA
,TTTATAATTT
,TTTTAGTGGT
,AATGGTGAT
,ATAATATTA
,ATTATAATAATATTA
,ATTATAATATTA
,ATTATAATA
,CAATATAAC
,CAGGTGGAC
,CATTCTTAC
,GAATTTAAG
,GTAATAATG
,GTGGTGGTG
,TAATATTAT
,TAATTTTAA
,TATAATATT
,TGTAACTTTTCT
,TGTATTTTA
,TGTTTTTGT
,TTTCACTTT
,TTTTAGTGA
,AATAACATT
,AATTTTACT
,ATTGTTTTA
,ATTTTAGTG
,CATTCTTAC
,CTATTTATC
,GTGCTATTT
,TGAATAAGT
,TGATGAGTC
,TTACAATAACATT
,TTAGTCAAA
,TTTAGTCAA
,TTTGTTACACATTGTTT
,TTTTAGTGA
,AACTTATAA
,AATCACTAA
,ACATTGTTACA
,ATAATATTA
,ATGACAGTA
,ATGGTGGTC
,ATTATAATAATATTA
,ATTCAAACTTA
,ATTTGTTTT
,CAAACACAAAC
,CGACTCAGC
,CTATTAATA
,CTTGGTCTA
,GCGTATGCG
,TACAAACAT
,TTAATAATT
,TTAATAATT
,TTAATAATT
,TTAATACTA
,TTAATATTT
,TTGTTACACATTGTT
,TTGTTTTAT
,TTTCACTTT
,TTTTATTTT
,TTGTTACTCATTGTT
,AATATTAATA
,CACTGTTTTT
,TAATTTTAAT
,TATTAATTAT
,TGTAACTTTTCT
,AAATGGTGAT
,AATTCTGGT
,ACCACACCA
,ACTTTTTCA
,ATAATATTA
,ATGAAAGTA
,ATGTTATTT
,ATTATAATAATATTA
,ATTGTTTTA
,CAATATAAC
,CAATGTAAC
,CATTCGTATT
,GTGGTCTAC
,GTTTTATTG
,TAAATGGTG
,TAATTTTAAT
,TAGTTGTGTTGAT
,TTAATAATT
,TTATGGTTG
,TTGTTTTAT
,TTTACTTTTT
,TTTGTTACACATTGTTT
,TTTTAATTTT
,ATCACACTA
,CAAACACAAAC
,GTGGTGGTG
,TAATTTTAAT
,TACTTTTCAT
,TTTCACTTT
,CAAACACAAAC
,TAATTTTAAT
,TACTTTTCAT
,TCCTACCATCCT
,ATTATAATAATATTA
,CAAACACAAAC
,CCACCGAGCCACC
,CTAAATTTAAATC
,TGGTAATTTTT
,TTATAATAATA
,TTTGTTACACATTGTTT
,AATTTAATA
,TGGTTTGGT
,TTAATAATT
,TTAATATTT
,TTGTTACACATTGTT
,TTGTTTTAT
,ATTATAATAATATTA
,CATTTCTGCT
,TAATTTTAAT
,TTAACCAATT
,TTATTTTATT
,AGTATTATGA
,ATTATAATAATATTA
,TAATTTTAAT
,TACTTTTCAT
,TGTAACTTTTCTGAA
,TTATACTAGT
,TTGTTACACATTGTT
,CTAGATTTAGATC
,AAGTAATGC
,AATATAACT
,AATGGTGAT
,AGTATTATGA
,ATTATAATAATATTA
,CAATATAAC
,CACTGTTTTT
,CAGGTGGAC
,GAATTTAAG
,GTGACAATT
,GTGGTGGTG
,TAATTTTAAT
,TAATTTTAA
,TACTTTTCAT
,TGAATTTTA
,TGTAACTTTTCTGAA
,TGTATTTTAA
,TGTATTTTA
,TGTTTTTGT
,TTCATACTT
,TTTCACTTT
,TTTTAGTGA
,AGTATTATGA
,ATTATAATAATATTA
,CACTGTTTTT
,TAATTTTAAT
,TACTTTTCAT
,TTTTAATTTG
,GGTCAACTGG
,TAATAATTAT
,TAATTTTAAT
,TTGTGTTCAC
,AACTTTCAA
,AAGGTGTTTA
,AATGAGTAA
,ACATATTGT
,ACTATATCA
,ACTTTGTTAA
,AGAAGATAT
,AGGATCTTAT
,AGTACTTTT
,ATATGTATA
,ATGTAACAA
,ATTATAATAATATTA
,ATTATAATT
,ATTATAATT
,ATTATGTGT
,ATTCTACTAA
,ATTCTGCCA
,CAATATAAC
,CACAATTAT
,CACTGTTTTT
,CAGGTGGAC
,CATTACTGC
,CATTCTTAC
,CGTTAACTAA
,GAATTTAAG
,GGTCACAAT
,GGTGAATTA
,GTATGGATAA
,GTGGTGGTG
,GTTGTTGTTG
,TAATTTTAAT
,TAATTTTAGT
,TACTAATTA
,TACTTTTCAT
,TATTATTAT
,TATTTTTAT
,TATTTTTAT
,TATTTTTAT
,TCAGTAATTC
,TGAAAAATC
,TGTTGGTGTT
,TGTTGTTGT
,TGTTTTTGT
,TTATCGTGA
,TTCTACTAAA
,TTGTCAGTTT
,TTGTCTGTT
,TTGTGATAA
,TTTACTAAT
,TTTACTAAT
,TTTATAATTT
,TTTATCGTG
,TTTCACTTT
,TTTCTCTTT
,TTTGTGATA
,TTTTAGTGA
,TTTTTGTGG
,CCATGACAGTACC
,CTAAATTTAAATC
,TTTGTTACGCATTGTTT
,CAAACACAAAC
,TAATTTTAAT
,TACTTTTCAT
,TCCTACCATCCT
,TTGTTACACATTGTT
,AAATGGACA
,AGTTTTTGA
,ATTCTATTT
,ATTGCGTTA
,CAGGAGGAC
,GTAAATTTA
,GTTGTACTT
,GTTTATTAA
,TAATTTTAAT
,TAGTGGTAA
,TAGTGGTGAT
,TCATGTACT
,TCTATATCT
,TGATAATAGT
,TGGTTTTGGT
,TGTTGTTGT
,TGTTTTAAA
,TTAACAATT
,TTATTAATC
,TTTAATAAA
,TTTCACTTT
,TTTTAATAA
,TTTTAATTTT
,TTTTGGTGTA
,TTTTGTTACACATTGTTTT
,TTTTTCCTTTTT
,AACTTTCAA
,AAGGTGTTTA
,AATGAGTAA
,AATGGTGAT
,ACAAAAACA
,ACATATTGT
,ACTACATCA
,ACTTTGTTAA
,AGAAGATAT
,AGTACTTTT
,ATATGTATA
,ATGTAACAA
,ATTATAATAATATTA
,ATTATAATT
,ATTATAATT
,ATTCTACTAA
,ATTCTGCCA
,CAATATAAC
,CACAATTAT
,CACTGTTTTT
,CAGGTGGAC
,CATTACTGC
,CATTCTTAC
,CGTTAACTAA
,GAATTTAAG
,GGTGAATTA
,GTATGGATAA
,GTGGTGGTG
,GTTGTTGTTG
,TAACAACTT
,TAATTTTAAT
,TAATTTTAGT
,TACTAATTA
,TACTTTTCAT
,TATTATTAT
,TATTCTTAT
,TATTTTTAT
,TATTTTTAT
,TATTTTTAT
,TCAGTAATTC
,TGAAAAATC
,TGCACGTCA
,TGTAACTTT
,TGTATTTTA
,TGTTGGTGTT
,TGTTGTTGT
,TTCTACTAAA
,TTGTCAGTTT
,TTGTCTGTT
,TTGTGATAA
,TTTACTAAT
,TTTACTAAT
,TTTATAATTT
,TTTCACTTT
,TTTCTCTTT
,TTTGTGATA
,TTTGTTAAA
,TTTTAGTGA
,TTTTAGTGGT
,TTTTATTTT
,TTTTTGTGG
,TAATTTTAAT
,TACTTTTCAT
,TCCTACCATCCT
,AATTTTACT
,AATTTTACT
,TTGTTACACATTGTT
,CAAACACAAAC
,TAATTTTAAT
,TACTTTTCAT
,TCCTACCATCCT
,ATTACCAAAG
,CACTGTTTTT
,TAATTTTAAT
,TACTTTTCAT
,TGTAACTTTTCTGAA
,TTGTTACACATTGTT
,AAGGTGTTTA
,ACTTTGTTAA
,ATATAATATA
,ATTATAATAATATTA
,ATTATAATT
,ATTATAATT
,ATTCTACTAA
,CACTGTTTTT
,CGTTAACTAA
,GTATGGATAA
,GTTGTTGTTG
,TAATTTTAAT
,TAATTTTAGT
,TACTTTTCAT
,TATTTTTAT
,TATTTTTAT
,TATTTTTAT
,TCAGTAATTC
,TGTAACTTTTCTGAA
,TGTTGGTGTT
,TTCTACTAAA
,TTGTCAGTTT
,TTTACTAAT
,TTTACTAAT
,TTTATAATTT
,AACTTATAA
,AACTTTCAA
,AAGGTTAAC
,AATCACTAA
,AATGAGTAA
,ACGCCATAC
,ACTACATCA
,ACTTCTTTTG
,ATAATATTA
,ATATGTATA
,ATATTCAAA
,ATATTTGTG
,ATGACAGTA
,ATGGTGGTC
,ATTATAATAATATTA
,ATTATAATT
,CATAATTTTG
,CGACTCAGC
,CTATTAATA
,CTGCACAAG
,CTTGGTCTA
,GATTATAAT
,GCGTATGCG
,GGTGGTAAA
,GGTGTTGTGG
,GGTGTTTAT
,GGTGTTTAT
,GTAATTTTAG
,GTGCTCGTG
,GTTAAGCAG
,GTTGTTGTTG
,TAATTCACT
,TAATTTTAAT
,TAATTTTGA
,TACAAACAT
,TATTCTTCTA
,TATTTTTAT
,TGCGACAACA
,TGGATTACC
,TGGGTGTTGT
,TGGTTTTAA
,TGTTGTTGT
,TTAAATGGTG
,TTAATAATT
,TTAATACTA
,TTAATATTT
,TTATAATTT
,TTCAGACCA
,TTGTTACACATTGTT
,TTTAATTTT
,TTTATAATTT
,TTTCACTTT
,TTTCTCTTT
,TTTTAATTTT
,TTTTGAATG
,TGTATTATGT
,AGTATTATGA
,ATTATAATAATATTA
,CACTGTTTTT
,TAATTTTAAT
,TACTTTTCAT
,TGTAATTTTT
,ATAATATGAC
,TTGTTACACATTGTT
,TTTGTTTGAC
,AACTTATAA
,AATCACTAA
,ATAATATTA
,ATGACAGTA
,ATGGTGGTC
,ATTATAATAATATTA
,CGACTCAGC
,CTATTAATA
,CTGCACAAG
,CTTGGTCTA
,GCGTATGCG
,TTAATAATT
,TTAATACTA
,TTGTTACACATTGTT
,TTTCACTTT
,ATTCAAACTTA
,CAAACACAAAC
,TAATTTTAAT
,TTTTAATTTT
,CAAACACAAAC
,TAATTTTAAT
,TACTTTTCAT
,TCCTACCATCCT
,ATTATAATAATATTA
,TGTAACTTTTCTGAA
,CAAACACAAAC
,TAATTTTAAT
,TACTTTTCAT
,ATAATATGAC
,ATAATATGA
,ATGTTGGTG
,ATTAGATTA
,ATTATAATAATATTA
,ATTTTAGTG
,CAGATTTTA
,GTGGTGGAC
,GTTTTATAAC
,GTTTTATTA
,TAATAATAT
,TAATTTTAAT
,TATTAACAT
,TATTATTAAT
,TATTCGTATT
,TCTTGGTCA
,TGGATAGGT
,TTCACCAAG
,TTGTTACACATTGTT
,TTGTTTTAT
,TTTAATTTT
,TTTGTTTGAC
,TTTTAATTTT
,TTTTCTTTT
,TTTTGTTTG
,TTGTTACACATTGTT
,AACTTGTTG
,ACCAAGAGT
,ATAATTTTT
,ATCTGTCTA
,CATTCTTAC
,CCAAACACAAACC
,CCATGACAGTACC
,GGCCTGGTCCGG
,TATTCGTAT
,TATTCTTAT
,TCTAACGAA
,TTAACAATT
,TTCGTTACGCATTGCTT
,TTTCACTTT
,TTTTCACTT
,TTTTTAATG
,TTTGTTACACATTGTTT
,AGTATTATGA
,ATTATAATAATATTA
,CAATATAAC
,CACTGTTTTT
,CAGGTGGAC
,CATTCTTAC
,CCGATAGCC
,GAATTTAAG
,GATTTTATC
,GTAACTTTT
,GTGGTGGTG
,TAACGCAAT
,TAATTTTAAT
,TAATTTTAA
,TACTTTTCAT
,TGTATTTTA
,TGTTTTTGT
,TTAACAACC
,TTTCACTTT
,TTTTAGTGA
,CACTGTTTTT
,CATTTGCAGG
,TGTAACTTTTCTGAA
,GTTTTTATATTTTTG
,CAAACACAAAC
,TAATTTTAAT
,TACTTTTCAT
,AGTATTATGA
,ATTATAATAATATTA
,CAATATAAC
,CACTGTTTTT
,CAGGTGGAC
,GAATTTAAG
,GGTGGGTGG
,GTGGTGGTG
,TAATTTTAAT
,TAATTTTAA
,TACTTTTCAT
,TATTTTATTTTAT
,TCCAGGTGG
,TGTAATTTTT
,TGTAATTTT
,TGTATTTTA
,TGTTTTTGT
,TTTACTTTT
,TTTTAGTGA
,ATGTTGGTG
,ATGTTGGTG
,TTGTTACACATTGTT
,TGTAACTTTTCTGAA
,CTAAATTTAAATC
,TTTGTTACGCATTGTTT
,TTGTTACACATTGTT
,AGTGGTTAT
,ATAATATGAC
,ATAATATGA
,ATGTTGGTG
,ATTATAATAATATTA
,CAGATTTTA
,GTGGTGGAC
,GTTTTATAAC
,TAATAATAT
,TAATTTTAAT
,TATTAACAT
,TATTATTAAT
,TATTCGTATT
,TCTTGGTCA
,TGGATAGGT
,TTCACCAAG
,TTGTTACACATTGTT
,TTGTTTTAT
,TTTTAATTTT
,TTTTCTTTT
,AATTTATATG
,ATTATAATAATATTA
,ATTCGTATTG
,GATGTTGTAG
,TAATAATTAT
,TAATTTTAAT
,TTAAATGGTG
,TTGTTACACATTGTT
,TTTTAATTTT
,ATTCAAACTTA
,CAAACACAAAC
,TAATTTTAAT
,TTTTAATTTT
,TTGTTACACATTGTT
,CAAACACAAAC
,TAATTTTAAT
,TTTTAATTTT
,AAGTTTTGAA
,AATTTAACA
,ACAATTTAA
,ATATAATATA
,ATATAATGGT
,CAAACACAAAC
,CCATTAATAT
,TAATAATTAT
,TAATTTTAAT
,TATAATAATAT
,TATTCGTATTG
,TGTATTTTAA
,TAATGAAAGTAAT
,ATTATAATAATATTA
,TGTAACTTTTCTGAA
,TAATTTTAAT
,AATGAAAGTAA
,CCCTCCTCCC
,TAATTTTAAT
,TTTTAATTTT
,ATGAAGGAAGTA
,TTTGTTACACATTGTTT
,AAGGTGTTTA
,AGGATCTTAT
,AGTATTATGA
,ATTATAATAATATTA
,ATTATAATT
,ATTATAATT
,CACTGTTTTT
,CGTTAACTAA
,GTATGGATAA
,GTTGTTGTTG
,TAATTTTAAT
,TAATTTTAGT
,TACTTTTCAT
,TATTTTTAT
,TATTTTTAT
,TATTTTTAT
,TCAGTAATTC
,TGTATTTTAA
,TTCTACTAAA
,TTGTCAGTTT
,TTTACTAAT
,TTTACTAAT
,TTTATAATTT
,TTTTAGTGGT
,TTGTTACTCATTGTT
,AACATGTTGCTTT
,ACGGTTGGCA
,ATGTTGGTG
,ATGTTGGTG
,ATTATAATAATATTA
,GGTTATCTATTGG
,TAATTTTAAT
,TCTTGGTCAA
,TTGTTACACATTGTT
,TTTGTTTGAC
,TTTTAATTTT
,AGTATTATGA
,ATTATAATAATATTA
,CACTGTTTTT
,TAATTTTAAT
,TACTTTTCAT
,TGTAACTTTTCTGAA
,CAAACACAAAC
,TAATTTTAAT
,TTTTAATTTT
,AAAAATGGT
,AAAATGGTG
,AATGAGTAA
,AATTCTTAA
,ACCATACCA
,ACTACATCA
,ACTTTGTTAA
,AGAAGATAT
,ATATGTATA
,ATGTAACAA
,ATTATAATAATATTA
,ATTATAATT
,ATTCTTCTA
,CAATTTTGTA
,CACAATTAT
,CACTGTTTTT
,CAGGTGGAC
,CATTCTTAC
,CCCTTAGTA
,CGTTAACTAA
,GAATTTAAG
,GACATTACAG
,GGTGAATTA
,GGTGTGTAT
,GGTTTATTA
,GTGCGACAA
,GTGGTGGTG
,GTTGTTGTTG
,TAAAAAATG
,TAATTTTAAT
,TAATTTTAGT
,TACTTTTCAT
,TATGGATAA
,TATTCATTT
,TATTTTTAT
,TGGTTTTAA
,TGTTGGTCA
,TGTTGTTGT
,TTAACAATT
,TTGTCAGTTT
,TTGTCTATC
,TTGTCTGTT
,TTGTGATAA
,TTTAGACCA
,TTTATAATTT
,TTTCACTTT
,TTTCAGATGG
,TTTCTCTTT
,TTTGTGATA
,TTTTAGTGA
,CAAACACAAAC
,TAATTTTAAT
,TACTTTTCAT
,TTGTTACACATTGTT
,ATTATAATAATATTA
,TGTAACTTTTCTGAA
,GATGTTGTAG
,TAATTTTAAT
,TACTTTTCAT
,TATTCGTATT
,TTTTAATTTT
,CAAACACAAAC
,TAATTTTAAT
,TTTTAATTTT
,TTGTTACACATTGTT
,AAAAATGGT
,AAAATGGTG
,AAAGTTGTTT
,AAATGGTGT
,AATAATTAT
,AATATTAATA
,AATGAGTAA
,AATGGTGTAG
,AATTCTTAA
,AATTTTTAA
,ACAACATTAC
,ACATATTTGT
,ACCAATTTT
,ACCATACCA
,ACTACATCA
,AGTACTTCT
,AGTAGTTTT
,ATATGTATA
,ATCTGTCTA
,ATTATATTC
,ATTCGTATT
,ATTGAGAAC
,ATTGTAATT
,CAATTTTGTA
,CACTGTTTTT
,CATTCTTAC
,CTATTATTAC
,GACATTACAG
,GTTGTTGTTG
,TAACGCAAT
,TAACTCAAT
,TAATTTTAAT
,TATAATAGT
,TATGGATAA
,TATTAATTAT
,TATTCATTT
,TATTCGTAT
,TATTTTTAT
,TCACTAACG
,TCTACATCT
,TGAAAAATC
,TGTAAGGGT
,TGTTGGTGTT
,TGTTGTTGT
,TTAACAATT
,TTACAGAGA
,TTATAATTT
,TTATTGAAGA
,TTCTCTCTT
,TTGTCTGTT
,TTTACATCA
,TTTAGACCA
,TTTATAATTT
,TTTCACTTT
,TTTGTGATA
,TTTTCACTT
,ATTATAATAATATTA
,TGTAACTTTTCTGAA
,TAATTTTAAT
,TACTTTTCAT
,AGTGGTTAT
,ATAATATGA
,ATGTTGGTG
,ATTATAATAATATTA
,ATTTTAGTG
,CAATGTAAC
,CAGATTTTA
,GTGGTGGAC
,GTTTTATAAC
,TAATAATAT
,TAATTTTAAT
,TATTAACAT
,TATTCGTATT
,TCTTGGTCA
,TGGATAGGT
,TTCACCAAG
,TTGTTTTAT
,TTTGTTTGAC
,TTTTAATTTT
,TTTTCTTTT
,TTTTGTTTG
,AATTTATATG
,GATGTTGTAG
,TAATTTTAAT
,TTAAATGGTG
,TTGTTACACATTGTT
,TTTTAATTTT
,AATTTATATG
,CACGTTGCAC
,GATGTTGTAG
,TAATTTTAAT
,TTAAATGGTG
,TTGTTACACATTGTT
,TTTTAATTTT
,TCAAACACAAACT
,AATTGTATT
,ACTTTCTGT
,ATAAAAGTG
,CATTCTTAC
,GAGTTAACT
,TAATGAAAGTAAT
,TATTATTAT
,TATTCTTAT
,TATTGTTGT
,TGATTTAGT
,TGGATAGGT
,TTGTTACTCATTGTT
,TTGTTTTAT
,TTTCACTTT
,AAGCGGGCG
,AGTGCGTGA
,CAACCATACCAAC
,CGTGCGTGC
,GCGGCGGCG
,GCGTATGCG
,GTATGCGGT
,GTGTATGTG
,GTGTTTGTG
,TAGCGCGAT
,TATGCGTAT
,TATGTGTAT
,TATTATTAT
,TTGTTACACATTGTT
,TAATTTTAAT
,ATTATAATAATATTA
,TTGTTACACATTGTT
,CAAACACAAAC
,TAATTTTAAT
,TACTTTTCAT
,TAATTTTAAT
,TTTTAATTTT
,TTGTTACACATTGTT
,AGTTGTGTTGA
,ATCGGTGGCTA
,ATTATAATAATATTA
,GTTACACATTG
,TCGTAATTTTAATGCT
,TGTGTTGATAA
,TTATAATAATA
,TTGGTTTGGTT
,ATTATAATAATATTA
,TGTAACTTTTCTGAA
,TTGTTACACATTGTT
,AACTTATAA
,ATAATATTA
,ATGACAGTA
,ATGGTGGTC
,ATTATAATAATATTA
,CGACTCAGC
,CTATTAATA
,CTTGGTCTA
,GACACCACAG
,GCGTATGCG
,TAATTTTAAT
,TGATGGGTC
,TTAAATGGTG
,TTAATAATT
,TTAATACTA
,TTGTTACACATTGTT
,TTTCACTTT
,TTTTAATTTT
,ACTACCAAAG
,ATTATAATAATATTA
,TAATTTTAAT
,TACTTTTCAT
,TGTAACTTTTCTGAA
,TTATACTAGT
,TTGTTACACATTGTT
,ATTATAATAATATTA
,GGAATTTAAGG
,GTTACACATTG
,TAATTTTAAT
,TAGTGGTGAT
,TCAAACACAAACT
,TCTTCACTTCT
,TTAACCAATT
,TTATGCGTATT
,TTTGTTGTTT
,CAAACACAAAC
,TAATTTTAAT
,TACTTTTCAT
,AACTGTCAA
,AATATTAATA
,AATGAGTAA
,ACAACATTAC
,ACAATATTA
,ACATATTGT
,ACGTAATGCA
,ACTACTTTA
,ACTATATCA
,AGAAGATAT
,AGTAGTTTT
,ATATGTATA
,ATGTAACAA
,ATTGTAATT
,CAGCAGTTT
,CAGGTGGAC
,CATTACTGC
,GAATTTAAG
,GGTAAATTA
,GGTGGTAAA
,GTATGGATAA
,GTTGTTGTTG
,GTTTTAGAC
,TAACAACTT
,TAACTCAAT
,TAACTCAAT
,TAACTCAAT
,TAATTTTAAT
,TAATTTTAA
,TAATTTTAG
,TACCGAGGTC
,TATAACAAC
,TATTCTTCTA
,TATTTTTAT
,TATTTTTAT
,TATTTTTAT
,TCAGTAATTC
,TGTAACTTT
,TGTATTTTA
,TGTTGAGTA
,TGTTGGTGTT
,TGTTGTTGT
,TTAAATGGTG
,TTTACTAATT
,TTTACTAAT
,TTTATAATTT
,TTTCACTTT
,TTTCTCTTT
,TTTGATGTT
,TTTTAGACCA
,TTTTTGTGG
,TTGTTACACATTGTT
,AACTTATAA
,AACTTTCAA
,AAGGTTAAC
,AATCACTAA
,AATGAGTAA
,ACGCCATAC
,ACTACATCA
,ACTTCTTTTG
,ATAATATTA
,ATATGTATA
,ATATTCAAA
,ATATTTGTG
,ATGACAGTA
,ATGGTGGTC
,ATTATAATAATATTA
,ATTATAATT
,CATAATTTTG
,CGACTCAGC
,CTATTAATA
,CTGCACAAG
,CTTGGTCTA
,GATTATAAT
,GCGTATGCG
,GGTGGTAAA
,GGTGTTGTGG
,GGTGTTTAT
,GGTGTTTAT
,GTAATTTTAG
,GTGCTCGTG
,GTTAAGCAG
,GTTGTTGTTG
,TAATTCACT
,TAATTTTAAT
,TAATTTTGA
,TATTCTTCTA
,TATTTTTAT
,TGCGACAACA
,TGGATTACC
,TGGTTTTAA
,TGTTGTTGT
,TTAAATGGTG
,TTAATAATT
,TTAATACTA
,TTAATATTT
,TTATAATTT
,TTCAGACCA
,TTGTTACACATTGTT
,TTTAATTTT
,TTTATAATTT
,TTTCACTTT
,TTTCTCTTT
,TTTTAATTTT
,TTTTGAATG
,AATGTTGGTGG
,TAATGAAAGTAAT
,AAAGGCCTGCT
,AGCGAGCGA
,AGTGCGTGA
,CAGACCCAGAC
,CGCCGCCGC
,CGTGCGTGC
,CTGCTGCTA
,GCGAGCGAA
,GCGGCGGCG
,GCGTATGCG
,GTGTATGTG
,GTGTATTTT
,GTGTTTGTG
,GTGTTTGTG
,GTGTTTGTG
,GTTTGTGTA
,TAGCGCGAT
,TAGCGCGGCGA
,TATGCGTAT
,TATGTGTAT
,TATTATTAT
,TGTATTTTA
,TTGTTACTCATTGTT
,AGTATTATGA
,ATTATAATAATATTA
,CACTGTTTTT
,TAATTTTAAT
,TACTTTTCAT
,CAAACACAAAC
,TAATTTTAAT
,TACTTTTCAT
,TCCTACCATCCT
,ATTATAATAATATTA
,CTCAACTTAA
,GTGGTTTTAA
,GTTGTTGTTG
,TAAGCAGTTT
,TAATTTTAAT
,TGGTGGTTTT
,TGTTGGTCAG
,TTACAACATT
,TTATAATTCA
,TTATAATTTT
,TTATTTTATT
,TTTCGATACC
,TTTGTTACACATTGTTT
,TTTGTTGTTT
,AGTATTATGA
,ATTATAATAATATTA
,TAATTTTAAT
,TACTTTTCAT
,TGTAACTTTTCTGAA
,TTATACTAGT
,TTGTTACACATTGTT
,ATTATAATAATATTA
,CTAAATTTAAATC
,TTTGTTACACATTGTTT
,ATAATATTAA
,ATTATAATAATATTA
,TAATTTTAAT
,TAGACCACCAGAT
,TTCTTTTCTT
,TTGTTACGCATTGTT
,TTTTAATTTT
,AATGAAAGTAA
,TATAATAATAT
,TGTTATATTGT
,TTGTTACTCATTGTT
,AAGGTGTTTA
,ACTTTGTTAA
,AGGATCTTAT
,ATATAATATA
,ATTATAATAATATTA
,ATTATAATT
,ATTATAATT
,ATTCTACTAA
,CGTTAACTAA
,GTATGGATAA
,GTTGTTGTTG
,TAATTTTAAT
,TAATTTTAGT
,TACTTTTCAT
,TATTTTTAT
,TATTTTTAT
,TATTTTTAT
,TCAGTAATTC
,TGTTGGTGTT
,TTCTACTAAA
,TTGTCAGTTT
,TTTACTAAT
,TTTACTAAT
,TTTATAATTT
,AAATAATTTTA
,ATAATTTTA
,ATAATTTTA
,GACGTATTATGCAG
,TACAATATTAG
,TGTTATATTGT
,TTTTGATTTTAGTTTT
,TTGTTACACATTGTT
,AGGTGGTGT
,TCAAGAACT
,TGTTTTTGT
,TTCAAACTT
,CAAACACAAAC
,GTGGTGGTG
,TAATTTTAAT
,TACTTTTCAT
,TTTCACTTT
,CCATGACAGTACC
,TGTTACGCATTGT
,TTGTTACACATTGTT
,CAAACACAAAC
,TAATTTTAAT
,TTTTAATTTT
,GTTACGCATTG
,TAATTTTAAT
,CAAACACAAAC
,TAATTTTAAT
,TACTTTTCAT
,AAAATGGTG
,AAAGTTGTTT
,AAATGGTGT
,AATATTAATA
,AATGAGTAA
,AATGGTGTAG
,AATTCTTAA
,AATTTTTAA
,ACAACATTAC
,ACATATTTGT
,ACCAATTTT
,ACCATACCA
,ACTACATCA
,AGTACTTCT
,AGTAGTTTT
,AGTGTTTGT
,ATAAAAATA
,ATAATATTT
,ATATGTATA
,ATCTGTCTA
,ATTGAGAAC
,ATTGTAATT
,CAGGTATGA
,CATTCTTAC
,CCATGACAGTACC
,CTAAATTTAAATC
,CTATTATTAC
,GACATTACAG
,GATTTTTGT
,GTGTTTGTT
,GTTGTTGTTG
,GTTTTAAAA
,TAACGCAAT
,TAACTCAAT
,TAATTTTAAT
,TATAATAGT
,TATGGATAA
,TATTCATTT
,TATTCGTAT
,TATTTTTAT
,TCACTAACG
,TCATTGTAA
,TCTACATCT
,TGAAAAATC
,TGTAACTTC
,TGTAAGGGT
,TGTTGGTCA
,TGTTGTTGT
,TTACAGAGA
,TTATAATTT
,TTATTGAAGA
,TTCTCTCTT
,TTGGTCAGT
,TTGTCTGTT
,TTTACATCA
,TTTAGACCA
,TTTATAATTT
,TTTCACTTT
,TTTGTGATA
,TTTGTTACGCATTGTTT
,TTTTCACTT
,TTTTGTACAG
,TTTTGTTTT
,TTTTTAATGG
,AATGGTGAT
,ATTATAATAATATTA
,CAATATAAC
,CAGGTGGAC
,CATTCTTAC
,GAATTTAAG
,GTGGTGGTG
,TAACGCAAT
,TCATTGTAT
,TGTAACTTTTCTGAA
,TGTATTTTA
,TGTTTTTGT
,TTTCACTTT
,TTTTAGTGA
,TTGTTACACATTGTT
,TGTAACTTTTCT
,AGTATTATGA
,TAATCATACTAAT
,TACTAATCAT
,TGTAACTTTTCT
,CTAAATTTAAATC
,TTTGTTACGCATTGTTT
,ATTATAATAATATTA
,GTTGTTGTGGGTGTTGTTG
,TATTTTTAT
,TATTTTTAT
,TATTTTTAT
,TTTGTTACACATTGTTT
,AGTTGTGTTGA
,ATTATAATAATATTA
,GTAAATGTTTC
,TGACATTACAGT
,TTGGTTTGGTT
,TTGTTACACATTGTT
,TAATTTTAAT
,AATGGTGAT
,AGTATTATGA
,ATTATAATAATATTA
,CAATATAAC
,CACTGTTTTT
,CAGGTGGAC
,CATTCTTAC
,GAATTTAAG
,GTGGTGGTG
,TAACGCAAT
,TAATTTTAAT
,TAATTTTAA
,TACTTTTCAT
,TATTAATTAT
,TGTAACTTTTCT
,TGTATTTTA
,TGTTTTTGT
,TTAACAACT
,TTAAGCACGAATT
,TTGTGCAAC
,TTTCACTTT
,TTTTAGTGA
,CAAACACAAAC
,TAATTTTAAT
,TACTTTTCAT
,TCCTACCATCCT
,ATTATAATAATATTA
,TGTAACTTTTCTGAA
,AACAGGTTT
,AATGGTGAT
,ACAACAACA
,ATTATAATAATATTA
,ATTTTAATA
,CAGGTGGAC
,GAGTGGTTAT
,GGGTGTAAG
,GTTTTATTC
,TAAGTTTTA
,TAATCATTTT
,TAATTTTAAT
,TACTAATCAT
,TAGACCACCAGAT
,TATGAGTTG
,TGTTAATAC
,TTGTGTGCA
,TTTTAATAA
,TTTTAATTTT
,CTAAATTTAAATC
,TTTTGTTACGCATTGTTTT
,AAATTTATT
,AACTTTCAA
,AAGCAGTTT
,AAGGTGTTTA
,AATAATTTC
,AATGAGTAA
,ACATATTGT
,ACTACTTTA
,ACTATATCA
,ACTTTGTTAA
,AGGATCTTAT
,AGTATTATGA
,ATATGTATA
,ATGTAACAA
,ATTATAATAATATTA
,ATTATAATT
,ATTATAATT
,ATTGAAAAA
,ATTTCACAT
,CAATATAAC
,CACAATTAT
,CACTGTTTTT
,CAGGTGGAC
,CATTACTGC
,CATTCTTAC
,CCGATAGCC
,CGTTAACTAA
,GAATTTAAG
,GATAAGTGT
,GTATGGATAA
,GTGCAACAA
,GTGGTGGTG
,GTTGTTGTTG
,TAATTTTAAT
,TAATTTTAA
,TAATTTTAGT
,TAATTTTGA
,TACTTTTCAT
,TATAATTTTA
,TATTATTAT
,TATTTTTAT
,TATTTTTAT
,TATTTTTAT
,TCAGTAATTC
,TGAAAAATC
,TGTATTTTA
,TGTTGGTGTT
,TGTTGTTGT
,TTAATAATT
,TTATGAAAG
,TTCTACTAAA
,TTGTCAGTTT
,TTGTCTGTT
,TTGTGATAA
,TTGTGCAAC
,TTTACTAAT
,TTTACTAAT
,TTTCACTTT
,TTTGTGATA
,TTTTAGTGA
,TTTTAGTGGT
,TTTTTGTGG
,TAATGAAAGTAAT
,TTGTTACACATTGTT
,ACATTGTTACA
,ATAATATGAC
,CAAACACAAAC
,TAATTTTAAT
,TGGTCCTGGT
,TTGTTACACATTGTT
,TTTTAATTTT
,CAAACACAAAC
,TAATTTTAAT
,TACTTTTCAT
,CAAACCCAAAC
,TAATTTTAAT
,TACTTTTCAT
,TAATTTTAAT
,CTAAATTTAAATC
,AACTAATCAA
,AGTTTTTTGA
,GAAATTAAAG
,GAACTGGTCAAG
,TAATGAAAGTAAT
,TAATGGTGGT
,TATGCTTATTCGTAT
,TTTGTTACTCATTGTTT
,CAAACACAAAC
,TAATTTTAAT
,TACTTTTCAT
,TCCTACCATCCT
,CAAACACAAAC
,TAATTTTAAT
,TACTTTTCAT
,TCCTACCATCCT
,AACTTTCAA
,AAGGTGTTTA
,AATGAGTAA
,AATGGTGAT
,ACATATTGT
,ACTATATCA
,ACTTCAGCAG
,ACTTTGTTAA
,AGAAGATAT
,AGTACTTTT
,ATATGTATA
,ATGTAACAA
,ATTATAATAATATTA
,ATTATAATT
,ATTATAATT
,ATTCTACTAA
,ATTCTGCCA
,CAATATAAC
,CACAATTAT
,CACTGTTTTT
,CAGGTGGAC
,CATTACTGC
,CATTCTTAC
,CGTTAACTAA
,GAATTTAAG
,GGTGAATTA
,GTATGGATAA
,GTGGTGGTG
,GTTGTTGTTG
,TAACAACTT
,TAATTTTAAT
,TAATTTTAGT
,TACTAATTA
,TACTTTTCAT
,TATTATTAT
,TATTTTTAT
,TATTTTTAT
,TATTTTTAT
,TCAGTAATTC
,TGAAAAATC
,TGTAACTTTTCTGAA
,TGTATTTTA
,TGTTGGTGTT
,TGTTGTTGT
,TGTTTTTGT
,TTCTACTAAA
,TTGTCAGTTT
,TTGTCTGTT
,TTGTGATAA
,TTTACTAAT
,TTTACTAAT
,TTTATAATTT
,TTTCACTTT
,TTTCTCTTT
,TTTGTGATA
,TTTTAGTGA
,TTTTAGTGGT
,TTTTTGTGG
,GTTCTCTTG
,TGTTTTTGT
,TTAACAATT
,TTTACATTT
,TAATTTTAAT
,AAGCGGGCG
,AGTGCGTGA
,CGGCAACAA
,GCGGCGGCG
,GCGTATGCG
,GTATGCGGT
,GTGTATGTG
,GTGTTTGTG
,TAGCGCGAT
,TAGCGGCAA
,TATGCGTAT
,TATGTGTAT
,TATTATTAT
,TGTATTTTA
,ATGGTTGGTA
,TAATGAAAGTAAT
,TAATTTTAAT
,TTTGTTGTTT
,TAATTTTAAT
,AACTTATAA
,AATCACTAA
,ATAATATTA
,ATGACAGTA
,ATGGTGGTC
,ATTATAATAATATTA
,CGACTCAGC
,CTATTAATA
,CTGCACAAG
,CTTGGTCTA
,GTATTGTTG
,TATAAATAT
,TTAATAATT
,TTGTTACACATTGTT
,TTTCACTTT
,TTGTTACACATTGTT
,ATGAAAAGTA
,TAATTTTAAT
,TTAAATGGTG
,TTTGTTACACATTGTTT
,TTTTAATTTT
,ATATAATATA
,CAGTGTCTGTGAC
,TAATTTTAAT
,TTATTTTATT
,TTTGTTACGCATTGTTT
,TTTTAATTTT
,CAAACACAAAC
,TAATTTTAAT
,TACTTTTCAT
,CAAACACAAAC
,TAATTTTAAT
,TTTTAATTTT
,CCATGACAGTACC
,CTAAATTTAAATC
,TTTGTTACGCATTGTTT
,GTAATAATG
,TGTTGTTGT
,TTAATAATT
,TTGTAATTT
,TTTTTCTTTTT
,GTAATAATG
,TGTTGTTGT
,TTAATAATT
,TTGTAATTT
,TTTTAATGTT
,TTTTTCTTTTT
,ATTATAATAATATTA
,TTGTTACACATTGTT
,AAGGTGTTTA
,ACTTTGTTAA
,AGGATCTTAT
,AGTATTATGA
,ATTATAATAATATTA
,CACTGTTTTT
,CGTTAACTAA
,GTATGGATAA
,GTTGTTGTTG
,TAATTTTAAT
,TAATTTTAGT
,TACTTTTCAT
,TATTTTTAT
,TATTTTTAT
,TATTTTTAT
,TCAGTAATTC
,TGTTGGTGTT
,TTCTACTAAA
,TTGTCAGTTT
,TTTACTAAT
,TTTACTAAT
,TTTATAATTT
,TTTTAGTGGT
,ATAAAAATA
,ATCTGTCTA
,ATTTTTGTTTTTA
,CATTCTTAC
,CCATGACAGTACC
,CTAAATTTAAATC
,GATTTTTGT
,TAAATTTAA
,TAACGCAAT
,TAACTCAAT
,TATTCGTAT
,TCTACATCT
,TGTAACTTC
,TTTAAATTT
,TTTCACTTT
,TTTGTTACACATTGTTT
,TTTTCACTT
,ATTATAATAATATTA
,TTAACAATT
,TTAACAATT
,TTAACAATT
,TTGTTACACATTGTT
,AATGCACTGC
,AATTATATC
,AATTTTACT
,ATAATATGAC
,ATAATATGA
,ATGATAATCATT
,ATGGTGGTA
,ATGTTGGTG
,ATTATAATAATATTA
,ATTGTGTTA
,ATTTTGTTTTA
,CATTCTTAC
,CTATTAATA
,GTGCTATTT
,GTTACACATTG
,TAATAATAT
,TAATTTTAAT
,TAGATAGAT
,TATTTGTTA
,TGATGTTGTAGT
,TGTAAGTTT
,TTCCTGTCCTT
,TTCTGGTATA
,TTGTTTTAT
,TTTCACTTT
,TTTGTTACACATTGTTT
,ATTATAATAATATTA
,TTGTTACACATTGTT
,ATTATAATAATATTA
,TTGTTACACATTGTT
,CAAACACAAAC
,TAATTTTAAT
,TACTTTTCAT
,TCCTACCATCCT
,TTGTTACACATTGTT
,CAAACACAAAC
,TAATTTTAAT
,TACTTTTCAT
,TAGTGGTGAT
,TCCTACCATCCT
,TTGTTACACATTGTT
,AAAACTAATAA
,AACTGTCAA
,AAGGTGTTTAC
,AATGAGTAA
,AATTAAAAAACT
,AATTCTCTTAA
,ACATATTGT
,ACTATATCA
,AGAAGATAT
,AGTAGTTTT
,ATAATATTA
,ATATGTATA
,ATGTAACAA
,ATTATAATAATATTA
,ATTATTAAC
,ATTGTTTTG
,ATTTATTGTTTA
,CAAACACAAAC
,CAAGAGAAC
,CACAATTAT
,CATTACTGC
,CATTCTTAC
,CGTTAACTAA
,CTAAATTTAAATC
,CTCTCTTCTCTC
,CTTTGTTAAA
,GAATTTAAG
,GTAATTCTG
,GTAGGTGTT
,GTATGGATAA
,GTTGTTGTTG
,TAATTTTAAT
,TAATTTTAG
,TAGTAGTTT
,TATAAATAT
,TATAACGGT
,TATATGTAT
,TATCAAAGT
,TATTCAAACTTAT
,TATTCGTATT
,TATTCTTAT
,TATTCTTCTA
,TATTTCTTTAT
,TATTTTTAT
,TATTTTTAT
,TATTTTTAT
,TGAAAAATC
,TGATTATAAT
,TGATTATAA
,TGTATGGTTC
,TGTTGTTGT
,TTAACAATT
,TTATAATGA
,TTATAATTTTA
,TTGTGATAA
,TTTACTAAT
,TTTAGACCATC
,TTTATAATTT
,TTTATTATTA
,TTTGTGATA
,TTTGTTACACATTGTTT
,TTTTAGACCA
,TTTTAGTGGT
,TTTTTGTGG
,ATTATAATAATATTA
,GGAATTTAAGG
,GTTACACATTG
,TAATTTTAAT
,TAGTGGTGAT
,TCAAACACAAACT
,TCTTCACTTCT
,TTAACCAATT
,TTATGCGTATT
,TTTGTTGTTT
,TTGTTACACATTGTT
,TTGTTACTCATTGTT
,TTGTTACACATTGTT
,ATTATAATAATATTA
,TGTAACTTTTCTGAA
,ATAAAAATA
,ATCTGTCTA
,CATTCTTAC
,CCATGACAGTACC
,CTAAATTTAAATC
,GATTTTTGT
,TAACGCAAT
,TAACTCAAT
,TATTCGTAT
,TCTACATCT
,TGTAACTTC
,TGTTTTTGT
,TTTCACTTT
,TTTGTTACGCATTGTTT
,TTTTCACTT
,TTTTGTTTT
,TTTTTAATG
,CAAACACAAAC
,TAATTTTAAT
,TACTTTTCAT
,AAAATGGTG
,AAAGTTGTTT
,AAATGGTGT
,AATATTAATA
,AATGAGTAA
,AATGGTGTAG
,AATTCTTAA
,AATTTTTAA
,ACAACATTAC
,ACATATTTGT
,ACCAATTTT
,ACCATACCA
,ACTACATCA
,AGTACTTCT
,AGTAGTTTT
,AGTGTTTGT
,ATAAAAATA
,ATAATATTT
,ATATGTATA
,ATCTGTCTA
,ATTCGTATT
,ATTGAGAAC
,ATTGTAATT
,CAGGTATGA
,CATTCTTAC
,CCATGACAGTACC
,CTAAATTTAAATC
,CTATTATTAC
,GACATTACAG
,GATTTTTGT
,GTGTTTGTT
,GTTGTTGTTG
,GTTTTAAAA
,TAACGCAAT
,TAACTCAAT
,TAATTTTAAT
,TATAATAGT
,TATGGATAA
,TATTCATTT
,TATTCGTAT
,TATTTTTAT
,TCACTAACG
,TCATTGTAA
,TCTACATCT
,TGAAAAATC
,TGTAACTTC
,TGTAAGGGT
,TGTTGTTGT
,TTACAGAGA
,TTATAATTT
,TTATTGAAGA
,TTCTCTCTT
,TTGGTCAGT
,TTGTCTGTT
,TTTACATCA
,TTTAGACCA
,TTTATAATTT
,TTTCACTTT
,TTTGTGATA
,TTTGTTACGCATTGTTT
,TTTTCACTT
,TTTTGTACAG
,TTTTGTTTT
,TTTTTAATGG
,AGTATTATGA
,ATGTAATTTT
,ATTATAATAATATTA
,CACTGTTTTT
,TAATTTTAAT
,TACTTTTCAT
,TGTAATTTTT
,AGTATTATGA
,ATTATAATAATATTA
,CACTGTTTTT
,TAATTTTAAT
,TACTTTTCAT
,TGTAACTTTTCT
,CAAACACAAAC
,TAATTTTAAT
,TACTTTTCAT
,TCCTACCATCCT
,ATTATAATAATATTA
,TGTAACTTTTCTGAA
,TAATGAAAGTAAT
,TAATTTTAAT
,ATTATAATAATATTA
,ATTATAATAATATTA
,GGAATTTAAGG
,GTTACACATTG
,TAATTTTAAT
,TAGTGGTGAT
,TCAAACACAAACT
,TCTTCACTTCT
,TTAACCAATT
,TTATGCGTATT
,TTTGTTGTTT
,ATCACACTA
,CAAACACAAAC
,GTGGTGGTG
,TAATTTTAAT
,TACTTTTCAT
,TTTCACTTT
,CAAACACAAAC
,TAATTTTAAT
,TTTTAATTTT
,TTGTTACACATTGTT
,AAGTAATGC
,ATGAAAGTA
,ATTATAATAATATTA
,CACTGTTTTT
,CAGGTGGAC
,GAATTTAAG
,GTATATATG
,GTGACAATT
,GTGGTGGTG
,TAATCATACTAAT
,TAATTTTAAT
,TAATTTTAA
,TACTAATCAT
,TACTTTTCAT
,TGTAACTTTTCTGAA
,TGTATTTTAA
,TGTATTTTA
,TGTTTTTGT
,TTCATACTT
,TTTCACTTT
,TTTTAGTGA
,ATTATAATAATATTA
,TGTAACTTTTCT
,ATTATAATAATATTA
,ATTCTACTAA
,GTATGGATAA
,GTGGTTTTAA
,GTTGTTGTTG
,TAATTTTAAT
,TATTTTTAT
,TATTTTTAT
,TATTTTTAT
,TCAGTAATTC
,TGGTGGTTTT
,TGTTGGTGTT
,TTACAACATT
,TTATAATTCA
,TTATAATTTT
,TTATACTAGT
,TTATTTTATT
,TTCTACTAAA
,TTTGTTGTTT
,AAAATTAAT
,AAGGATGTT
,AAGTTTTGAA
,AATATTAGT
,AATGAGTAA
,ACATATTGT
,ACTATATCA
,AGAACCAAGA
,AGAAGATAT
,AGCCACCGA
,AGTACTTTT
,AGTAGTTTT
,AGTATTATGA
,ATAATATTA
,ATACCCATA
,ATATGTATA
,ATGTAACAA
,ATTAATAAT
,ATTATAATAATATTA
,ATTATAATT
,ATTCTGGTA
,ATTCTGGTA
,CAATATAAC
,CAGCAGTTT
,CAGGTGGAC
,CATTACTGC
,CCGCCAGTT
,CCTTATTAC
,CGTTAACTAA
,CTGGTAATA
,GAAGTTATT
,GAATTTAAG
,GACCGCCAA
,GGTGGTAAA
,GTACTTTAGT
,GTAGAAGATG
,GTATGGATAA
,GTGCGACAA
,GTGGTGGTG
,GTTGTTGTTG
,TAAATGTAA
,TAACAACTT
,TAATTTTAAT
,TAATTTTAA
,TAATTTTAG
,TAATTTTAG
,TACTTTTCAT
,TATTATTAT
,TATTCGTATT
,TATTCTTCT
,TATTTTTAT
,TATTTTTAT
,TATTTTTAT
,TCAGATGGC
,TCAGTAATTC
,TCCATCATG
,TGATTATAAT
,TGATTATAAT
,TGATTATAA
,TGTAAATGT
,TGTTGGTCA
,TGTTGGTGTT
,TGTTGTTGT
,TTAAAAAATT
,TTAAATGGTG
,TTAATAATT
,TTATAATTCA
,TTATTACGG
,TTCTCTCTT
,TTTAATTTA
,TTTAATTTA
,TTTACTAAT
,TTTACTAAT
,TTTATAATTT
,TTTCACTTT
,TTTTAATTTT
,TTTTAATTT
,CCATGACAGTACC
,GTTACGCATTG
,TTGTTACACATTGTT
,CACTGTTTTT
,TAATTTTAAT
,TACTTTTCAT
,TGTAACTTTTCTGAA
,TTATACTAGT
,ATTATAATAATATTA
,TAATTTTAAT
,TAGTGGTGAT
,TCAAACACAAACT
,TTAACCAATT
,TTTGTTGTTT
,ATTCAAACTTA
,CAAACACAAAC
,TAATTTTAAT
,TTTTAATTTT
,TTGTTACACATTGTT
,ATGTTGGTG
,ATGTTGGTG
,TTGTTACACATTGTT
,AAACGCAAA
,AAAGATGTT
,AAATTATGA
,AAATTATTT
,AAGACCAGAA
,AAGGTGGAA
,AATTGTTGT
,AATTTAAAT
,ACATTATTTT
,ACCATACCA
,ACCCATTAT
,ACTATATCA
,ACTTATTTA
,AGCATATTTT
,AGTTTTTGA
,ATCTATTAA
,ATTCCTATT
,ATTGTGTTA
,CATTATTAC
,CCAGTTAGT
,CTATTTTTA
,GAAGTTAAT
,GACATTATT
,GATGGTGATT
,GGTGTGTAT
,GTGGTTTTA
,GTTATAGTA
,GTTATAGTA
,GTTGTACTT
,GTTGTTGTTG
,TAAATGTTA
,TAAGAATTTT
,TAATTTTAAT
,TACTTTCAT
,TAGTGGTGAT
,TATTGTACA
,TATTTTTAT
,TATTTTTAT
,TATTTTTAT
,TCATGTACT
,TGATAATAGT
,TGCAGTGGT
,TGGTTTTGGT
,TGTATAGTG
,TGTTGTTGTT
,TGTTGTTGT
,TGTTGTTGT
,TGTTTTAAA
,TGTTTTAAA
,TTAACAATT
,TTAAGTAGT
,TTATATGAG
,TTATTTATT
,TTTAATAAA
,TTTAATTTT
,TTTATTAAA
,TTTATTAAA
,TTTCACTTT
,TTTGATTCA
,TTTTAATAA
,TTTTAATTTT
,TTTTGGTGTA
,TTTTGTTACACATTGTTTT
,AACTTATAA
,AATCACAGT
,AATTTTTAA
,ACCTGATGG
,AGTAGTTTT
,ATAATATTA
,ATATGTATA
,ATATTCAAA
,ATGACAGTA
,ATGAGACTG
,ATTATAATAATATTA
,CGACTCAGC
,CTAGAAACT
,CTATTAATA
,CTTGGTCTA
,GAAGATGTT
,GAAGATGTT
,GAAGATTTG
,GATTATAAT
,GCGTATGCG
,GTAGAAGAT
,GTGCTCGTG
,TAAACAAAT
,TAATTCACT
,TAATTTTGA
,TAGTAGTTT
,TATTTTTAT
,TCCTCTTCA
,TGAAAAATC
,TGAAGAAGT
,TGTTAATCA
,TGTTGGTCA
,TGTTGTTGT
,TTAATAATT
,TTAATACTA
,TTCTACTAA
,TTGTAATTT
,TTGTTACACATTGTT
,TTTAATTTT
,TTTCACTTT
,GTTACCCATTG
,ATTATAACAATATTA
,CTAAATTTAAATC
,TAATTTTAAT
,TACTTTTCAT
,TCTTTTTAAT
,TTAAATGGTG
,TTTGTTACACATTGTTT
,AATATTAATA
,CAAGATGTAA
,CCATGACAGTACC
,TAATTTTAAT
,TTAAATGGTG
,TTTGTTACGCATTGTTT
,TTTTAATTTT
,CAAACACAAAC
,TAATTTTAAT
,TACTTTTCAT
,TCCTACCATCCT
,AATTTTACT
,ATTGTTTTA
,GCCGTGCCG
,TTAATAATT
,TTGTTTGTT
,TTTGTTACACATTGTTT
,CAAACGCAAAC
,TAATTTTAAT
,TACTTTTCAT
,TAGTGGTGAT
,CAAACACAAAC
,TAATTTTAAT
,TACTTTTCAT
,TCCTACCATCCT
,CAAACACAAAC
,TAATTTTAAT
,TTTGTTACACATTGTTT
,TAATTTTAAT
,CAAACGCAAAC
,TATAATAATAT
,TCAACACAACT
,GAATTATTAAG
,CAAACACAAAC
,AGTGGTTAT
,ATAATATGAC
,ATAATATGA
,ATGTAATTA
,ATGTTGGTG
,ATTATAATAATATTA
,ATTTTAGTG
,CAGATTTTA
,GTGGTGGAC
,GTTTTATAAC
,TAATAATAT
,TAATTTTAAT
,TATTAACAT
,TATTATTAAT
,TATTCGTATT
,TCTTGGTCA
,TGGATAGGT
,TTCACCAAG
,TTGTTACACATTGTT
,TTGTTTTAT
,TTTGTTTGAC
,TTTTAATTTT
,TTTTCTTTT
,TTTTGTTTG
,AAAATGGTG
,AAAGTTGTTT
,AAATGGTGT
,AATATTAATA
,AATGAGTAA
,AATGGTGTAG
,AATTCTTAA
,AATTTTTAA
,ACAACATTAC
,ACATATTTGT
,ACCAATTTT
,ACCATACCA
,ACTACATCA
,AGTACTTCT
,AGTGTTTGT
,ATAAAAATA
,ATAATATTT
,ATATGTATA
,ATCTGTCTA
,ATTCGTATT
,ATTGAGAAC
,ATTGTAATT
,CAGGTATGA
,CATTCTTAC
,CCATGACAGTACC
,CTAAATTTAAATC
,CTATTATTAC
,GACATTACAG
,GATTTTTGT
,GTGTTTGTT
,GTTGTTGTTG
,GTTTTAAAA
,TAACGCAAT
,TAACTCAAT
,TAATTTTAAT
,TATAATAGT
,TATGGATAA
,TATTCATTT
,TATTCGTAT
,TATTTTTAT
,TCACTAACG
,TCATTGTAA
,TCTACATCT
,TGAAAAATC
,TGTAACTTC
,TGTAAGGGT
,TGTTGTTGT
,TTACAGAGA
,TTATAATTT
,TTATTGAAGA
,TTCTCTCTT
,TTGGTCAGT
,TTGTCTGTT
,TTTACATCA
,TTTAGACCA
,TTTATAATTT
,TTTCACTTT
,TTTGTGATA
,TTTGTTACGCATTGTTT
,TTTTCACTT
,TTTTGTACAG
,TTTTGTTTT
,TTTTTAATG
,TTGTTACACATTGTT
,AACTTTCAA
,AAGATTTTG
,AAGGTGTTTA
,AATGAGTAA
,ACATATTGT
,ACTATATCA
,ACTTATACT
,AGTAGTTTT
,AGTGCTATTT
,AGTGGTGAT
,AGTTATGTT
,AGTTTTAGA
,ATATGTATA
,ATCATAATT
,ATTATAATAATATTA
,ATTATAATT
,ATTTCACAT
,ATTTCATTA
,CACAATTAT
,CATTACTGC
,CATTTCTGCT
,CTTCAAGGT
,GGGTGTAAG
,GGTATGTAT
,GTAATAATG
,GTAGTTTTAG
,GTCTTTACT
,GTTGTTGTTG
,TAAACAAAT
,TAATTTTAAT
,TAGTAGTTT
,TAGTGGTGAT
,TAGTTTTAG
,TATAAGGGA
,TATATGTAT
,TATTATTAT
,TATTTTTAT
,TATTTTTAT
,TATTTTTAT
,TCAGATGGT
,TCAGATTTT
,TCAGCAGTTT
,TCAGTAATTC
,TGAAAAATC
,TGATAATAGT
,TGTACAAGA
,TGTTGAGTA
,TGTTGTTGT
,TTAACAATT
,TTAACCAATT
,TTACAGAAC
,TTACTTTAAC
,TTATAATTC
,TTATTCCTAT
,TTATTTTATT
,TTATTTTAT
,TTCTACTAAA
,TTTACTAAT
,TTTATAATT
,TTTATCGTG
,TTTATTAAT
,TTTATTATTA
,TTTCTCTTT
,TTTTTGTGG
,AAAGGCCTGCT
,AGCGAGCGA
,AGTGCGTGA
,CAGACCCAGAC
,CGCCGCCGC
,CGTGCGTGC
,CTGCTGCTA
,GCGGCGGCG
,GCGTATGCG
,GTGTATGTG
,GTGTATTTT
,GTGTTTGTG
,GTGTTTGTG
,GTGTTTGTG
,GTTTGTGTA
,TAGCGCGAT
,TAGCGCGGCGA
,TATGCGTAT
,TATGTGTAT
,TATTATTAT
,TGTATTTTA
,ACGTAATGCA
,ATAATATTA
,ATAATATTA
,ATTATAATAATATTA
,ATTATAATATTA
,ATTATAATA
,CACTGTTTTT
,TAACACAACT
,TAATAATTAT
,TAATGGTAAT
,TAATTTTAAT
,TATAATATTA
,TTAAATGGTG
,AGGTTTTATTTTGGA
,ATTTTAGTGATTTTA
,TTTGTTACACATTGTTT
,TTGTTACACATTGTT
,TTTGTTACACATTGTTT
,TTGTTACACATTGTT
,CAAACACAAAC
,TAATTTTAAT
,TACTTTTCAT
,TCCTACCATCCT
,CAAACACAAAC
,TAATTTTAAT
,TTTTAATTTT
,CAAACACAAAC
,TAATTTTAAT
,TACTTTTCAT
,AAGGTGTTTA
,ACGTTTACCA
,AGAATGGTGT
,ATTATAATAATATTA
,GTATGGATAA
,GTTGTTGTTG
,TAATTTTAAT
,TAGTGGTGAT
,TATTCTTCTA
,TATTTTTAT
,TATTTTTAT
,TATTTTTAT
,TCAGTAATTC
,TTAACCAATT
,TTATAATTTT
,TTTGTTGTTT
,TTGTTACACATTGTT
,AACTTATAA
,ATAATATTA
,ATGACAGTA
,ATGGTGGTC
,ATTATAATAATATTA
,CGACTCAGC
,CTATTAATA
,CTTGGTCTA
,GTATTGTTG
,TATAAATAT
,TTAATAATT
,TTGTTACACATTGTT
,TTTCACTTT
,TTGTTACACATTGTT
,ATTCAAACTTA
,CAAACACAAAC
,TAATTTTAAT
,TTTTAATTTT
,CAAACACAAAC
,TAATTTTAAT
,TTTTAATTTT
,TAATTTTAAT
,AATATTAATA
,AGTATTATGA
,CCATGACAGTACC
,CTAAATTTAAATC
,TAATTTTAAT
,TTTGTTACGCATTGTTT
,TTTTTAATGG
,TAATTTTAAT
,AAATGGACA
,AGTTTTTGA
,ATTGTGTTA
,CAGGAGGAC
,GTTGTACTT
,TAATTTTAAT
,TACTTTCAT
,TAGTGGTGAT
,TCATGTACT
,TGATAATAGT
,TGGTTTTGGT
,TGTTGTTGT
,TGTTTTAAA
,TTAACAATT
,TTTAATAAA
,TTTCACTTT
,TTTTAATAA
,TTTTAATTTT
,TTTTGGTGTA
,TTTTGTTACACATTGTTTT
,TTTTTCCTTTTT
,TGTAACTTTTCTGAA
,AACTTTGTTTCAA
,ATTATAATAATATTA
,CAGTGGTAAAT
,GGAATTTAAGG
,GTTACACATTG
,TAATTTTAAT
,TAGTGGTGAT
,TCAAACACAAACT
,TCTTCACTTCT
,TTAACCAATT
,TTATGCGTATT
,TTTGTTGTTT
,ATTATAATAATATTA
,TGTAACTTTTCTGAA
,ATGAAAAGTA
,CATTTTGGTTTTAC
,TAAAAATTTT
,TAATTTTAAT
,TTAAATGGTG
,TTTGTTACACATTGTTT
,TTTTAATTTT
,ACATTGTTACA
,AACTTATAA
,AATCACTAA
,ACATTGTTACA
,ATAATATTA
,ATGACAGTA
,ATGGTGGTC
,ATTATAATAATATTA
,ATTCAAACTTA
,CAAACACAAAC
,CGACTCAGC
,CTATTAATA
,CTGCACAAG
,CTTGGTCTA
,GCGTATGCG
,TACAAACAT
,TTAATAATT
,TTAATACTA
,TTAATATTT
,TTGTTACACATTGTT
,TTTCACTTT
,ATTATAATAATATTA
,AGTGGTTAT
,ATAATATGA
,ATGTTGGTG
,ATTATAATAATATTA
,ATTTTAGTG
,CAGATTTTA
,GTGGTGGAC
,GTTTTATAAC
,TAATAATAT
,TAATTTTAAT
,TATTAACAT
,TATTATTAAT
,TATTCGTATT
,TCTTGGTCA
,TGGATAGGT
,TTCACCAAG
,TTGTTACACATTGTT
,TTGTTTTAT
,TTTGTTTGAC
,TTTTAATTTT
,TTTTCTTTT
,TTTTGTTTG
,CAAACACAAAC
,TCCTACCATCCT
,AACTTATAA
,AATCACTAA
,ATAATATTA
,ATGACAGTA
,ATGGTGGTC
,ATTATAATAATATTA
,CGACTCAGC
,CTATTAATA
,CTGCACAAG
,CTTGGTCTA
,GACTTATTT
,GCGTATGCG
,TTAATAATT
,TTAATACTA
,TTAATATTT
,TTGTTACACATTGTT
,TTTCACTTT
,ACGTAATGCA
,ATAATATTA
,ATAATATTA
,ATTATAATAATATTA
,ATTATAATATTA
,ATTATAATA
,CACTGTTTTT
,TAACACAACT
,TAATAATTAT
,TAATGGTAAT
,TAATTTTAAT
,TATAATATTA
,TTAAATGGTG
,CAAACACAAAC
,TAATTTTAAT
,TACTTTTCAT
,TCCTACCATCCT
,AACTTTCAA
,AAGGTGTTTA
,AATGAGTAA
,ACATATTGT
,ACTACTTTA
,ACTATATCA
,AGAAGATAT
,ATATAATATA
,ATATGTATA
,ATGTAACAA
,ATTATAATAATATTA
,ATTATAATT
,ATTATAATT
,ATTCTACTAA
,CAATATAAC
,CACAATTAT
,CAGGTGGAC
,CATTCTTAC
,CGTTAACTAA
,CTAACACTA
,CTCACATCG
,GAATTTAAG
,GGTAATATA
,GGTGAATTA
,GTATGGATAA
,GTGGTGGTG
,GTTGTTGTTG
,GTTTTTGGT
,TAACAACTT
,TAATTTTAAT
,TAATTTTAGT
,TAATTTTGA
,TACTAATTA
,TACTTTTCAT
,TATTATTAT
,TATTTTTAT
,TATTTTTAT
,TATTTTTAT
,TCAGTAATTC
,TGAAAAATC
,TGTAACTTTTCTGAA
,TGTATTTTA
,TGTTGTTGT
,TTATACTAGT
,TTATACTAGT
,TTCTACTAAA
,TTGTCAGTTT
,TTGTCTGTT
,TTGTGATAA
,TTTACTAAT
,TTTCACTTT
,TTTGTGATA
,TTTTAGTGA
,TTTTTGTGG
,TTGTTACTCATTGTT
,ACATTGTTACA
,TTGTTACACATTGTT
,AACGGCGAT
,AGCGAGCGA
,AGTGCGTGA
,CGCCGCCGC
,GCGCGGCGA
,GCGCGGCGA
,GCGGCGGCG
,GCGTATGCG
,GTGTATGTG
,GTGTATTTT
,GTGTTTGTG
,GTGTTTGTG
,GTGTTTGTG
,GTTTGTGTA
,TAGCGCGAT
,TATGCGTAT
,TATGTGTAT
,TATTATTAT
,TGTATTTTA
,ACTTTATTTCA
,TAATGAAAGTAAT
,TGAAAAAAGT
,ATTATAATAATATTA
,TTGTTACACATTGTT
,CCATGACAGTACC
,CTAAATTTAAATC
,TTTGTTACGCATTGTTT
,TGTAACTTTTCTGAA
,CAAACACAAAC
,TAATTTTAAT
,TACTTTTCAT
,TCCTACCATCCT
,TTGTTACTCATTGTT
,AGTATTATGA
,ATTATAATAATATTA
,CAATATAAC
,CACTGTTTTT
,CAGGTGGAC
,CATTCTTAC
,CCGATAGCC
,GAATTTAAG
,GATTTTATC
,GTGGTGGTG
,TAATTTTAAT
,TAATTTTAA
,TACTTTTCAT
,TATTAATGC
,TATTTTATTTTAT
,TGTATTTTA
,TGTTTTTGT
,TTAACAACC
,TTTCACTTT
,TTTTAGTGA
,AACTTTCAA
,AAGGTGTTTA
,AATGAGTAA
,AATGGTGAT
,ACATATTGT
,ACTATATCA
,ACTTTGTTAA
,AGAAGATAT
,AGTACTTTT
,ATATGTATA
,ATGTAACAA
,ATTATAATT
,ATTCTACTAA
,ATTCTGCCA
,CACAATTAT
,CACTGTTTTT
,CAGGTGGAC
,CATTCTTAC
,CCTATTTTTA
,CGTTAACTAA
,CTATGGTTT
,CTTAACAGT
,GAATTTAAG
,GGTAATATA
,GGTGAATTA
,GTATGGATAA
,GTGGTGGTG
,GTTGTTGTTG
,TAATTTTAAT
,TACTTTTCAT
,TATGGGTCT
,TATTATTAT
,TATTTTTAT
,TATTTTTAT
,TATTTTTAT
,TCAGTAATTC
,TGAAAAATC
,TGGTTTTAA
,TGTAACTTTTCTGAA
,TGTATTTTA
,TGTTGTTGT
,TTATACTAGT
,TTCTACTAAA
,TTGTCAGTTT
,TTGTCTGTT
,TTGTGATAA
,TTTCACTTT
,TTTCTCTTT
,TTTGTGATA
,TTTTAGTGA
,TTTTAGTGGT
,TTTTTGTGG
,TAATTTTAAT
,AGTATTATGA
,ATTATAATAATATTA
,CACTGTTTTT
,TAATGAAAGTAAT
,TAATTTTAAT
,TACTTTTCAT
,CATTTGCAGG
,TGTAACTTTTCTGAA
,TTATACTAGT
,AGTATTATGA
,ATTATAATAATATTA
,CACTGTTTTT
,TAATTTTAAT
,TACTTTTCAT
,TTTTAATTTG
,TTGTTACACATTGTT
,AACTTTCAA
,AAGGTGTTTA
,AATGAGTAA
,AATGGTGAT
,ACATATTGT
,ACTATATCA
,ACTTCAGCAG
,ACTTTGTTAA
,AGAAGATAT
,ATATGTATA
,ATGTAACAA
,ATTATAATAATATTA
,ATTATAATT
,ATTCTACTAA
,ATTCTGCCA
,CAATATAAC
,CACAATTAT
,CACTGTTTTT
,CAGGTGGAC
,CATTACTGC
,CATTCTTAC
,CGTTAACTAA
,GAATTTAAG
,GGTGAATTA
,GTATGGATAA
,GTGGTGGTG
,GTTGTTGTTG
,TAACAACTT
,TAATTTTAAT
,TAATTTTAGT
,TACTAATTA
,TATTATTAT
,TATTTTTAT
,TATTTTTAT
,TATTTTTAT
,TCAGTAATTC
,TGTAACTTTTCTGAA
,TGTATTTTA
,TGTTGGTGTT
,TGTTGTTGT
,TGTTTTTGT
,TTCTACTAAA
,TTGTCAGTTT
,TTGTCTGTT
,TTGTGATAA
,TTTACTAAT
,TTTACTAAT
,TTTATAATTT
,TTTCACTTT
,TTTCTCTTT
,TTTGTGATA
,TTTTAGTGA
,TTTTAGTGGT
,TTTTTGTGG
,AGTGGTTAT
,ATAATATGAC
,ATAATATGA
,ATGTTGGTG
,ATTAGATTA
,ATTATAATAATATTA
,ATTTTAGTG
,CAACCCTTG
,CAGATTTTA
,GTGGTGGAC
,GTTTTATAAC
,GTTTTATTA
,TAATAATAT
,TAATTTTAAT
,TATTAACAT
,TATTATTAAT
,TATTCGTATT
,TGGATAGGT
,TTCACCAAG
,TTGTTACACATTGTT
,TTGTTTTAT
,TTTAATTTT
,TTTGTTTGAC
,TTTTAATTTT
,TTTTCTTTT
,TTTTGTTTG
,ATTATAATAATATTA
,TGTAACTTTTCTGAA
,CAAACACAAAC
,TAATTTTAAT
,TTTTAATTTT
,TGTAACTTTTCTGAA
,AGTGGTGATA
,ATTATAATAATATTA
,GGAATTTAAGG
,GGGCAACGGG
,GTTACACATTG
,TAATTTTAAT
,TAGTGGTGAT
,TCAAACACAAACT
,TCTTCACTTCT
,TTAACCAATT
,TTATGCGTATT
,TTTGTTGTTT
,CAAACACAAAC
,TAATTTTAAT
,TTTTAATTTT
,ACACTGTAATT
,ACACTGTAATT
,TATTTTTAT
,TATTTTTAT
,TATTTTTAT
,TTCTACTAA
,TTCTACTAA
,CAAACACAAAC
,TAATTTTAAT
,TACTTTTCAT
,TCCTACCATCCT
,TAATTTTAAT
,AACAGTTTCA
,AACTTATAA
,AACTTTCAA
,AAGATGTTA
,AAGGTTAAC
,AATCACTAA
,AATGAGTAA
,AATTTAATA
,AATTTCATT
,ACAAAAACA
,ACGCCATAC
,ACTACATCA
,ATAATATTA
,ATATGTATA
,ATATTCAAA
,ATGACAGTA
,ATGGTGGTC
,ATTATAATAATATTA
,CATAATTTTG
,CGACTCAGC
,CTATTAATA
,CTGCACAAG
,CTTGGTCTA
,GATCATAATT
,GGTGGTAAA
,GTGCTCGTG
,GTTAAGCAG
,GTTGTTGTTG
,TAATTCACT
,TAATTTTAAT
,TATTCTTCTA
,TATTTTTAT
,TGCGACAACA
,TGGTTTTAA
,TGTAAGTTT
,TGTTAATGT
,TGTTGTTGT
,TTAAATGGTG
,TTAATAATT
,TTAATACTA
,TTATAATTT
,TTATTGTCT
,TTCAGACCA
,TTGTTACACATTGTT
,TTTGTATGAC
,TTTTAATTTT
,TTTTGAATG
,AATTTTAAT
,TAATTTTAAT
,TCAAACACAAACT
,TTCTATCTT
,TTTCACTTT
,AAAATTAAAA
,ATTAAAATTA
,GTTTGTGTTTG
,TAAGTTTGAAT
,TAATTTTAAT
,TAATTTTAAT
,AATGGTGAT
,AGTATTATGA
,ATTATAATAATATTA
,CAATATAAC
,CACTGTTTTT
,CAGGTGGAC
,CATTCTTAC
,GAATTTAAG
,GTGGTGGTG
,TAACGCAAT
,TAATTTTAAT
,TAATTTTAA
,TACTTTTCAT
,TGTATTTTA
,TGTTTTTGT
,TTAACAACT
,TTAAGCACGAATT
,TTTCACTTT
,TTTTAGTGA
,ATTCAAACTTA
,CAAACACAAAC
,TAATTTTAAT
,TTTTAATTTT
,AATTTAATA
,ATGACAGTA
,TATAAATAT
,TTAATAATT
,TTGTTACACATTGTT
,CAAACACAAAC
,TAATTTTAAT
,TACTTTTCAT
,TCCTACCATCCT
,CACTGTTTTT
,CATTTGCAGG
,TGTAACTTTTCTGAA
,TTATACTAGT
,AATTTAATA
,TCTTCTTCT
,TTAATAATT
,TTAATATTT
,TTTGTTACACATTGTTT
,AACTTGTTG
,AATATTAATA
,ACAACCAACA
,ACTATTATCA
,AGGTGTAAG
,ATATTTTGA
,ATCAAACAT
,ATCTGTCTA
,ATGATAGTA
,ATTCTACAT
,CAACTCAAC
,CATTCTTAC
,CCATGACAGTACC
,GTCAAACTG
,GTTTTATAA
,TAAATAAAT
,TAATTTTAAT
,TCTACATCT
,TGGTCCTGGT
,TTAATACAAC
,TTTACTATT
,AAACAATTG
,AACAGTTTCA
,AACTTATAA
,AACTTTCAA
,AAGATGTTA
,AAGGTTAAC
,AAGTTGTTT
,AATCACTAA
,AATGAGTAA
,AATTTAATA
,AATTTCATT
,ACAAAAACA
,ACGCCATAC
,ACTACATCA
,ATAATATTA
,ATATGTATA
,ATATTCAAA
,ATGACAGTA
,ATGGTGGTC
,ATTATAATAATATTA
,ATTTAAATG
,CATAATTTTG
,CGACTCAGC
,CTATTAATA
,CTGCACAAG
,CTTGGTCTA
,GATCATAATT
,GGTGGTAAA
,GTGCTCGTG
,GTTAAGCAG
,GTTGTTGTTG
,TAATTCACT
,TAATTTTAAT
,TATTCTTCTA
,TATTTTTAT
,TGCGACAACA
,TGGTTTTAA
,TGTTGGTCA
,TGTTGTTGT
,TTAAATGGTG
,TTAATAATT
,TTAATACTA
,TTATAATTT
,TTCAGACCA
,TTGTTACACATTGTT
,TTTGTATGAC
,TTTTAATTTT
,TTTTGAATG
,ATTATAATAATATTA
,TTGTTACACATTGTT
,ATTATAATAATATTA
,TGTAACTTTTCTGAA
,CAAACACAAAC
,TAATTTTAAT
,TTTTAATTTT
,CAAACACAAAC
,TAATTTTAAT
,TACTTTTCAT
,TCCTACCATCCT
,ATGTTGGTG
,ATGTTGGTG
,TTGTTACACATTGTT
,TAATTTTAAT
,ATTATAATAATATTA
,TGTAACTTTTCTGAA
,ATTATAATAATATTA
,AACTTATAA
,ACATTGTTACA
,ATAATATTA
,ATGACAGTA
,ATTATAATAATATTA
,ATTCAAACTTA
,CAAACACAAAC
,CGACTCAGC
,CTATTAATA
,CTTGGTCTA
,GCGTATGCG
,TACAAACAT
,TTAATAATT
,TTAATACTA
,TTAATATTT
,TTGTTACACATTGTT
,TTTCACTTT
,ATGTTGGTG
,ATGTTGGTG
,TTGTTACACATTGTT
,CAAACACAAAC
,TAATTTTAAT
,TTTTAATTTT
,TTGTTACACATTGTT
,AACTTATAA
,AATCACTAA
,ATAATATTA
,ATGACAGTA
,ATGGTGGTC
,ATTATAATAATATTA
,CGACTCAGC
,CTATTAATA
,CTGCACAAG
,CTTGGTCTA
,GCGTATGCG
,TACAAACAT
,TTAATAATT
,TTAATACTA
,TTAATATTT
,TTGTTACACATTGTT
,TTTCACTTT
,TTTTGAATG
,CAAACACAAAC
,TAATTTTAAT
,TACTTTTCAT
,TCCTACCATCCT
,AGTATTATGA
,ATTATAATAATATTA
,CACTGTTTTT
,TAATTTTAAT
,TACTTTTCAT
,TTGTTACACATTGTT
,TAATTTTAAT
,ATTCAAACTTA
,CAAACACAAAC
,TAATTTTAAT
,TTTTAATTTT
,TAATTTTAAT
,TAATTTTAAT
,AATCACACACTAA
,ACAATTACA
,AGTAGATGA
,ATTTTAATG
,GTAATTTTT
,GTTATATTG
,TAAGGGAAT
,TACATTAAC
,TATTGTAGT
,TTAATAATT
,TTAATTTTAATT
,TTGTTACACATTGTT
,ATTATAATAATATTA
,TTGTTACACATTGTT
,ATCACACTA
,CAAACACAAAC
,GTGGTGGTG
,TAATTTTAAT
,TACTTTTCAT
,TTTCACTTT
,TTTTAATTTT
,AACTTATAA
,AATCACTAA
,ACATTGTTACA
,ATAATATTA
,ATGACAGTA
,ATGGTGGTC
,ATTATAATAATATTA
,ATTCAAACTTA
,CAAACACAAAC
,CGACTCAGC
,CTATTAATA
,CTTGGTCTA
,GCGTATGCG
,TACAAACAT
,TTAATAATT
,TTAATACTA
,TTAATATTT
,TTGTTACACATTGTT
,TTTCACTTT
,AACTTTGTTTCAA
,TTGTTACACATTGTT
,AGTATTATGA
,ATTATAATAATATTA
,CACTGTTTTT
,TAATTTTAAT
,TACTTTTCAT
,TTATACTAGT
,TTGTTACACATTGTT
,CAAACACAAAC
,TAATTTTAAT
,TACTTTTCAT
,TCCTACCATCCT
,TAATTTTAAT
,AACTTATAA
,ATAATATTA
,ATGACAGTA
,ATTATAATAATATTA
,CGACTCAGC
,CTATTAATA
,CTTGGTCTA
,GCGTATGCG
,TTAATAATT
,TTAATACTA
,TTAATATTT
,TTGTTACACATTGTT
,TTTCACTTT
,AAAGGCCTGCT
,AGCGAGCGA
,AGTGCGTGA
,CAGACCCAGAC
,CGCCGCCGC
,CGTGCGTGC
,CTGCTGCTA
,GCGAGCGAA
,GCGGCGGCG
,GCGTATGCG
,GTGTATGTG
,GTGTATTTT
,GTGTTTGTG
,GTGTTTGTG
,GTGTTTGTG
,GTTTGTGTA
,TAGCGCGAT
,TAGCGCGGCGA
,TATGCGTAT
,TATGTGTAT
,TATTATTAT
,TGTATTTTA
,ATTCAAACTTA
,CAAACACAAAC
,TAATTTTAAT
,TTTTAATTTT
,ATTATAATAATATTA
,TGTAACTTTTCTGAA
,AGGTGGTGGA
,GTCATGTTTT
,TTTGTTACTCATTGTTT
,CAAACACAAAC
,TAATTTTAAT
,TACTTTTCAT
,TCCTACCATCCT
,AACTTATAA
,AATCACTAA
,ATAATATTA
,ATGACAGTA
,ATGGTGGTC
,ATTATAATAATATTA
,CGACTCAGC
,CTATTAATA
,CTGCACAAG
,GCGTATGCG
,TTAATAATT
,TTAATACTA
,TTGTTACACATTGTT
,TTTCACTTT
,AACTTATAA
,AATCACTAA
,ATAATATTA
,ATGACAGTA
,ATGGTGGTC
,ATTATAATAATATTA
,CGACTCAGC
,CTATTAATA
,CTTGGTCTA
,GCGTATGCG
,TTAATAATT
,TTAATACTA
,TTAATATTT
,TTGTTACACATTGTT
,TTTCACTTT
,AGTGGTTAT
,ATAATATGAC
,ATAATATGA
,ATGTTGGTG
,ATTAGATTA
,ATTATAATAATATTA
,ATTTTAGTG
,CAGATTTTA
,GTGGTGGAC
,GTTTTATAAC
,GTTTTATTA
,TAATAATAT
,TAATTTTAAT
,TATTAACAT
,TATTATTAAT
,TATTCGTATT
,TCTTGGTCAA
,TGGATAGGT
,TTCACCAAG
,TTGTTACACATTGTT
,TTGTTTTAT
,TTTAATTTT
,TTTGTTTGAC
,TTTTAATTTT
,TTTTCTTTT
,TTTTGTTTG
,TAATTTTAAT
,AAATTTATT
,AGTATTATGA
,ATTATAATAATATTA
,CAATATAAC
,CACTGTTTTT
,CAGGTGGAC
,CATTCTTAC
,CCGATAGCC
,GAATTTAAG
,GTGGTGGTG
,TAATTTTAAT
,TAATTTTAA
,TACTTTTCAT
,TGTATTTTA
,TTAATAATT
,TTGTGCAAC
,TTTCACTTT
,TTTTAGTGA
,AGTATTATGA
,ATTATAATAATATTA
,CACTGTTTTT
,TAATTTTAAT
,TACTTTTCAT
,ATTATAATAATATTA
,GGAATTTAAGG
,GTTACACATTG
,TAATTTTAAT
,TAGTGGTGAT
,TCAAACACAAACT
,TCTTCACTTCT
,TTAACCAATT
,TTATGCGTATT
,TTTGTTGTTT
,AATTTAATA
,ATTGTGTTA
,TTAATAATT
,TTGTTACACATTGTT
,TTTAATAAT
,TAATTTTAAT
,CAAACACAAAC
,TAATTTTAAT
,TACTTTTCAT
,TCCTACCATCCT
,GATGTTGTAG
,TAGACCTCCAGAT
,TGATGGTAGT
,TGGCACAAACACGGT
,CAAACACAAAC
,TAATTTTAAT
,TACTTTTCAT
,TCCTACCATCCT
,CAAACACAAAC
,TAATTTTAAT
,TACTTTTCAT
,TCCTACCATCCT
,AAGGTGTTTA
,ATTATAATAATATTA
,ATTATAATT
,ATTATAATT
,ATTCTACTAA
,CGTTAACTAA
,GTATGGATAA
,GTGTTTATTC
,GTTGTTGTTG
,TAATTTTAAT
,TAATTTTAGT
,TACTTTTCAT
,TATAATTTTA
,TATTTTTAT
,TATTTTTAT
,TATTTTTAT
,TCAGTAATTC
,TGTAACTTTTCTGAA
,TTCTACTAAA
,TTGTCAGTTT
,TTTACTAAT
,TTTACTAAT
,TTTTAGTGGT
,ATTATAATAATATTA
,TGTAACTTTTCT
,ATTATAATAATATTA
,TGTAACTTTTCTGAA
,TAATTTTAAT
,ATTAGTCTTT
,TTCAAAATGG
,TAATTTTAAT
,AAGTAATGC
,AATGGTGAT
,AGTATTATGA
,ATATAATATA
,ATTATAATAATATTA
,CACTGTTTTT
,CAGGTGGAC
,GAATTTAAG
,GTGACAATT
,GTGGTGGTG
,TAATCATACTAAT
,TAATTTTAAT
,TAATTTTAA
,TACTAATCAT
,TACTTTTCAT
,TGTAACTTTTCTGAA
,TGTATTTTAA
,TGTATTTTA
,TGTTTTTGT
,TTCATACTT
,TTTCACTTT
,TTTTAGTGA
,TAATTTTAAT
,TAATTTTAAT
,AAAAGAACT
,AACATGTTG
,AACTTATAA
,AAGATGTTA
,AATCACTAA
,ACAGATGTT
,ACTACATCA
,AGTAGTTTT
,ATAATATTA
,ATATGTATA
,ATATTCAAA
,ATGACAGTA
,ATGGTGGTC
,ATTATAATAATATTA
,CGACTCAGC
,CTATTAATA
,CTGCACAAG
,CTTGGTCTA
,GACGTCAAC
,GATTATAAT
,GCGTATGCG
,GGTGGGATTA
,GGTGGTAAA
,GTGCTCGTG
,GTTAAGCAG
,GTTGTTGTTG
,TAAATGGTG
,TAATTCACT
,TAATTTTAAT
,TAATTTTAG
,TAATTTTGA
,TACAAACAT
,TATTATTCAT
,TATTCTTCTA
,TATTTTTAT
,TGCGACAACA
,TGTTGGTCA
,TGTTGTTGT
,TTAAATGGTG
,TTAATAATT
,TTAATACTA
,TTAATATTT
,TTCAGACCA
,TTGTTACACATTGTT
,TTTAAATTT
,TTTAATTTT
,TTTATAATTT
,TTTCACTTT
,TTTCTCTTT
,TTTGTATGAC
,TTTTAATTTT
,TTGTTACACATTGTT
,AAAAGAACT
,AACAGTTTC
,AAGTGCTAT
,AATCACTAA
,AATGAGTAA
,ACATTAACT
,ACCATACCA
,ACTACATCA
,AGTGTTTGT
,ATATGTATA
,ATGTTGGTG
,ATTTATATG
,CAACACAAC
,CTCATAACT
,GGTGGTAAA
,GTCAATACT
,GTCAATGGT
,GTGAAAGTA
,GTGCTCGTG
,GTGGTGGAC
,TAATTATTT
,TAGTTTTAG
,TATATGTAT
,TATTTTTAT
,TGTTGGTCA
,TGTTGTTGT
,TTAATAATT
,TTATAATTT
,TTATCGTGA
,TTCTGTCTT
,TTGACAGTT
,TTGTTACACATTGTT
,TTTAAATTT
,TTTATCGTG
,TTTCTCTTT
,TTTTATTTT
,AATCAAACTAA
,GTTACCCATTG
,AAATGGACA
,AGTTTTTGA
,ATTGTGTTA
,TAATTTTAAT
,TACTTTCAC
,TAGTGGTGAT
,TCATGTACT
,TGATAATAGT
,TGGTTTTGGT
,TGTTGTTGT
,TGTTTTAAA
,TTAACAATT
,TTTAATAAA
,TTTCACTTT
,TTTTAATAA
,TTTTAATTTT
,TTTTGGTGTA
,TTTTGTTACACATTGTTTT
,TTTTTAATG
,TTTTTCCTTTTT
,ACATTAATTACA
,ATATAATATA
,TATTATTAAT
,TGTTGTTTAT
,TTCGTTACTCATTGCTT
,TTTGTTGTTT
,ACGGTTGGCA
,AGACTTTTTCAGA
,GATGTTGTAG
,CAAACACAAAC
,TAATTTTAAT
,TACTTTTCAT
,TCCTACCATCCT
,AAAATTAAT
,AACTTTCAA
,AAGGATGTT
,AAGTTTTGAA
,AATATTAGT
,AATGAGTAA
,AATTCTCTTAA
,ACATATTGT
,ACTATATCA
,ACTTTAACCAATTTCA
,AGAACCAAGA
,AGAAGATAT
,AGCCACCGA
,AGTAGTTTT
,ATAATATTA
,ATAATATTA
,ATATGTATA
,ATGTAACAA
,ATTATAATAATATTA
,ATTATAATT
,ATTATATTCAA
,ATTTTAAAT
,CAAACACAAAC
,CAGCAGTTT
,CAGGTGGAC
,CATTACTGC
,GAAGTTATT
,GAATTTAAG
,GATTATAAT
,GGGTATGGC
,GGTGGTAAA
,GTAATTCTG
,GTAGAAGATG
,GTATGGATAA
,GTTGTTGTTG
,TAACAACTT
,TAATAATTAT
,TAATATTAT
,TAATCAAAGT
,TAATTTTAAT
,TAATTTTAA
,TAATTTTAG
,TAATTTTAG
,TACTAATCAT
,TAGGTATGGAT
,TAGTAGTTT
,TATAATATTA
,TATTATTAT
,TATTCGTATT
,TATTTTTAT
,TATTTTTAT
,TATTTTTAT
,TCAGTAATTC
,TCTCAGATGGT
,TGAGTTGAGT
,TGATTATAAT
,TGTCAATTC
,TGTTGGTGTT
,TGTTGTTGT
,TTAAATGGTG
,TTAAATTTT
,TTATAATATT
,TTATAATTTTA
,TTATCGTGAGA
,TTTAAATTT
,TTTAATTTA
,TTTATAATTT
,TTTATTGTTTA
,TTTCACTTT
,TTTCTCTTT
,TTTTAATTTT
,TTTTAATTT
,TAATTTTAAT
,CAAACACAAAC
,TAATTTTAAT
,TACTTTTCAT
,TCCTACCATCCT
,AGTGGTTAT
,ATAATATGA
,ATGTTGGTG
,ATTAGATTA
,ATTATAATAATATTA
,ATTTTAGTG
,CAGATTTTA
,GTGGTGGAC
,GTTTTATAAC
,GTTTTATTA
,TAATAATAT
,TAATTTTAAT
,TATTAACAT
,TATTCGTATT
,TCTTGGTCA
,TGGATAGGT
,TTCACCAAG
,TTGTTACACATTGTT
,TTGTTTTAT
,TTTAATTTT
,TTTGTTTGAC
,TTTTAATTTT
,TTTTCTTTT
,TTTTGTTTG
,ACATTGTTACA
,ATGTCTCTGTA
,TTGTTACACATTGTT
,TTGTTACACATTGTT
,AACTTATAA
,AATCACTAA
,ATAATATTA
,ATGACAGTA
,ATGGTGGTC
,ATTATAATAATATTA
,CGACTCAGC
,CTATTAATA
,CTGCACAAG
,CTTGGTCTA
,GTATTGTTG
,TATAGATAT
,TTAATAATT
,TTAATACTA
,TTGTTACACATTGTT
,TTTCACTTT
,ATTATAATAATATTA
,GTTTTATAA
,GTTTTATAA
,TAATGAAAGTAAT
,TTGTTACACATTGTT
,TTTGTTTGATAATAA
,AGTATTATGA
,ATATAATATA
,ATTATAATAATATTA
,TAATTTTAAT
,TACTTTTCAT
,TGTAACTTTTCTGAA
,TTATACTAGT
,AACTTATAA
,AACTTTCAA
,AAGGTTAAC
,AATCACTAA
,AATGAGTAA
,ACGCCATAC
,ACTACATCA
,ATAATATTA
,ATATGTATA
,ATATTCAAA
,ATGACAGTA
,ATGGTGGTC
,ATTATAATAATATTA
,CGACAATAT
,CGACTCAGC
,CTATTAATA
,CTGCACAAG
,CTTGGTCTA
,GGTGGTAAA
,GTATTGTTG
,GTGCTCGTG
,GTTAAGCAG
,GTTAGGTCT
,TAATTCACT
,TATAAATAT
,TATTTTTAT
,TGGTTTTAA
,TGTTGTTGT
,TTAATAATT
,TTATAATTT
,TTGTTACACATTGTT
,TTTAATTTT
,TTTCACTTT
,TTTTGAATG
,ACATTGTTACA
,ATAATATGAC
,CAAACACAAAC
,TAATTTTAAT
,TTGTTACACATTGTT
,TTTTAATTTT
,AATGGTGAT
,ATAATATTA
,ATTATAATAATATTA
,CAATATAAC
,CAGGTGGAC
,CATTCTTAC
,GAATTTAAG
,GTGGTGGTG
,TAATTTTAAT
,TAATTTTAAT
,TAATTTTAAT
,TGGTTTGGT
,TGTAACTTTTCTGAA
,TGTATTTTA
,TGTTTTTGT
,TTTCACTTT
,TTTTAGTGA
,AACTTTCAA
,AAGGTGTTTA
,AATGAGTAA
,ACATATTGT
,ACTATATCA
,ACTTTGTTAA
,AGAAGATAT
,AGTACTTTT
,AGTGGTGAT
,ATATGTATA
,ATGTAACAA
,ATTATAATAATATTA
,ATTATAATT
,ATTATAATT
,ATTGGCCAT
,ATTTCACAT
,CAATATAAC
,CACTGTTTTT
,CAGGTGGAC
,CGTTAACTAA
,GAATTTAAG
,GGTGAATTA
,GTATGGATAA
,GTTGTTGTTG
,TAATTTTAGT
,TACTTTTCAT
,TAGTGGTGAT
,TATGGGTCT
,TATTATTAT
,TATTCTTCTA
,TATTTTTAT
,TATTTTTAT
,TATTTTTAT
,TCAGTAATTC
,TCCTGTCCT
,TGAAAAATC
,TGTAACTTTTCTGAA
,TGTATTTTA
,TGTTGGTCA
,TGTTGGTGTT
,TGTTGTTGT
,TTAACAATT
,TTATCGTGA
,TTATTACGG
,TTGTCAGTTT
,TTGTCTGTT
,TTGTGATAA
,TTTATAATTT
,TTTCACTTT
,TTTCTCTTT
,TTTGTGATA
,TTTTAGTGA
,TTTTAGTGGT
,TTTTTGTGG
,AAATGGACA
,AGTTTTTGA
,ATTGTGTTA
,CAGGAGGAC
,GGATTTAGG
,GTTGTACTT
,TAATTTTAAT
,TAGTGGTGAT
,TATTCTTAT
,TGATAATAGT
,TGGTTTTGGT
,TGTTGTTGT
,TGTTTTAAA
,TTAACAATT
,TTATGTATT
,TTTAATAAA
,TTTCACTTT
,TTTTAATAA
,TTTTAATTTT
,TTTTGGTGTA
,TTTTGTTACACATTGTTTT
,TTTTTCCTTTTT
,CAAACACAAAC
,TAATTTTAAT
,TTTTAATTTT
,CAAACACAAAC
,TAATTTTAAT
,TTTTAATTTT
,ACGTAATGCA
,ATAATATTA
,ATAATATTA
,ATTATAATAATATTA
,ATTATAATATTA
,ATTATAATA
,CACTGTTTTT
,TAACACAACT
,TAATAATTAT
,TAATGGTAAT
,TAATTTTAAT
,TATAATATTA
,TTAAATGGTG
,AGTATTATGA
,ATGTAATTTT
,ATTATAATAATATTA
,CACTGTTTTT
,TAATTTTAAT
,TACTTTTCAT
,TGTAATTTTT
,AATTTCACTTTAA
,TATAACTCAATAT
,TTTGTTACGCATTGTTT
,AAACCAATT
,AAACGGCAAA
,AATGAAAGTAA
,AATTGTATT
,ATAAAAGTG
,CATTCTTAC
,GAAACCAAAG
,GAGTTAACT
,TAATTTTAAT
,TATAATAATAT
,TATTATTAT
,TATTCGTATT
,TATTCTTAT
,TATTGTTGT
,TGGATAGGT
,TGGTTGGCA
,TGTTATATTGT
,TTGTTACTCATTGTT
,TTGTTTTAT
,TTTAATGGT
,TTTAATGGT
,TTTCACTTT
,TTTCGGTAT
,TTTTAATTTT
,CGCGGGCGC
,GGCGCGATTT
,GTGTTTGTG
,TAGCGCGAT
,TTTGTGGTGTTT
,TTTGTTACACATTGTTT
,TAATTTTAAT
,TTGTTACACATTGTT
,TTGTTACACATTGTT
,ACTACCAAAG
,ATTATAATAATATTA
,CACTGTTTTT
,TAATTTTAAT
,TACTTTTCAT
,TGTAACTTTTCTGAA
,TTATACTAGT
,CAAACACAAAC
,TAATTTTAAT
,TACTTTTCAT
,TTGTTACACATTGTT
,TAATTTTAAT
,CAAACACAAAC
,TAATTTTAAT
,TTTTAATTTT
,CAAACACAAAC
,GTGGTGGTG
,TAATTTTAAT
,TACTTTTCAT
,TTTAATTTG
,TTTCACTTT
,ATTATAATAATATTA
,TGTAACTTTTCTGAA
,CAAACACAAAC
,TAATTTTAAT
,AACTTATAA
,AACTTTCAA
,AAGGTTAAC
,AATCACTAA
,AATGAGTAA
,ACGCCATAC
,ACTACATCA
,ATAATATTA
,ATATGTATA
,ATATTCAAA
,ATGACAGTA
,ATGGTGGTC
,ATTATAATAATATTA
,CGACAATAT
,CGACTCAGC
,CTATTAATA
,CTGCACAAG
,GCGTATGCG
,GGTGGTAAA
,GTGCTCGTG
,GTTAAGCAG
,TAATTCACT
,TAATTTTGA
,TATAAATAT
,TATTTTTAT
,TGGTTTTAA
,TGTTGTTGT
,TTAATAATT
,TTAATACTA
,TTATAATTT
,TTCAGACCA
,TTGTTACACATTGTT
,TTTAATTTT
,TTTCACTTT
,TTTTGAATG
,TTGTTACACATTGTT
,CAAACACAAAC
,TACTTTTCAT
,ATTATAATAATATTA
,TGTAACTTTTCTGAA
,TAATTTTAAT
,AACTTTCAA
,AAGGTGTTTA
,AATGAGTAA
,ACATATTGT
,ACTATATCA
,AGAAGATAT
,AGGATCTTAT
,AGTACTTTT
,ATATGTATA
,ATGTAACAA
,ATTATAATAATATTA
,ATTATAATT
,ATTCTACTAA
,ATTCTGCCA
,CAATATAAC
,CACAATTAT
,CACTGTTTTT
,CAGGTGGAC
,CATTACTGC
,CATTCTTAC
,CGTTAACTAA
,CTTAACAGT
,GAATTTAAG
,GGTGAATTA
,GTATGGATAA
,GTGGTGGTG
,GTTGTTGTTG
,TAACAACTT
,TAATTTTAAT
,TAATTTTAGT
,TACTAATTA
,TACTTTTCAT
,TATTATTAT
,TATTTTTAT
,TATTTTTAT
,TATTTTTAT
,TCAGTAATTC
,TGAAAAATC
,TGTAACTTTTCTGAA
,TGTATTTTA
,TGTTGGTGTT
,TGTTGTTGT
,TGTTTTTGT
,TTATACTAGT
,TTATACTAGT
,TTCTACTAAA
,TTGTCAGTTT
,TTGTCTGTT
,TTGTGATAA
,TTTACTAAT
,TTTACTAAT
,TTTCTCTTT
,TTTGTGATA
,TTTTAGTGA
,TTTTTGTGG
,ATAATATGAC
,ATAATATGA
,ATGTTGGTG
,ATTAGATTA
,ATTATAATAATATTA
,ATTTTAGTG
,CAGATTTTA
,GTGGTGGAC
,GTTTTATAAC
,GTTTTATTA
,TAATAATAT
,TAATTTTAAT
,TATTAACAT
,TATTATTAAT
,TATTCGTATT
,TCTTGGTCA
,TGGATAGGT
,TTCACCAAG
,TTGTTACACATTGTT
,TTGTTTTAT
,TTTAATTTT
,TTTGTTTGAC
,TTTTAATTTT
,TTTTCTTTT
,TTTTGTTTG
,CAAACACAAAC
,TAATTTTAAT
,TACTTTTCAT
,GTTACACATTG
,TAATTTTAAT
,TAATTTTAAT
,AGTATTATGA
,ATATAATATA
,ATTATAATAATATTA
,CACTGTTTTT
,GTCCGATAGCCTG
,TAATTTTAAT
,TACTTTTCAT
,TTATACTAGT
,CAAACACAAAC
,TAATTTTAAT
,TTTTAATTTT
,TTGTTACACATTGTT
,ATTATAATAATATTA
,TGTAACTTTTCTGAA
,AAATGGTGAT
,ATTATAATAATATTA
,ATTCGTATTG
,CTGGTGCTATAC
,TACTTTTCAT
,TAGTTGTGTTGAT
,TATTCAAACTTAT
,TTAAATGGTG
,TTTGTTACACATTGTTT
,TAATTTTAAT
,AACTTATAA
,AATCACTAA
,ACATTGTTACA
,ATAATATTA
,ATGACAGTA
,ATGGTGGTC
,ATTATAATAATATTA
,ATTCAAACTTA
,CAAACACAAAC
,CGACTCAGC
,CTATTAATA
,CTTGGTCTA
,GCGTATGCG
,TACAAACAT
,TTAATAATT
,TTAATACTA
,TTAATATTT
,TTGTTACACATTGTT
,TTTCACTTT
,CAAACACAAAC
,TAATTTTAAT
,TACTTTTCAT
,TCCTACCATCCT
,CAAACACAAAC
,TAATTTTAAT
,TACTTTTCAT
,TCCTACCATCCT
,AAGTAATGC
,AGTATTATGA
,ATTATAATAATATTA
,CAGGTGGAC
,GAATTTAAG
,GTGGTGGTG
,TAATTTTAAT
,TAATTTTAA
,TACTTTTCAT
,TATAATAAT
,TATTCTTAT
,TGTAACTTTTCTGAA
,TGTATTTTAA
,TGTATTTTA
,TGTTTTTGT
,TTCATACTT
,TTTCACTTT
,TTTTCACTT
,CAAACACAAAC
,TAATTTTAAT
,TACTTTTCAT
,TCCTACCATCCT
,AACTTTCAA
,AAGGTGTTTA
,AATGAGTAA
,ACATATTGT
,ACTATATCA
,ACTTTGTTAA
,AGAAGATAT
,AGGATCTTAT
,AGTACTTTT
,ATATGTATA
,ATGTAACAA
,ATTATAATAATATTA
,ATTATAATT
,ATTATAATT
,ATTCTACTAA
,ATTCTGCCA
,CAATATAAC
,CACAATTAT
,CACTGTTTTT
,CAGGTGGAC
,CGTTAACTAA
,GAATTTAAG
,GGTGAATTA
,GTATGGATAA
,GTGGTGGTG
,GTTGTTGTTG
,TAACAACTT
,TAATTTTAAT
,TACTAATTA
,TACTTTTCAT
,TATAATTTT
,TATTATTAT
,TATTTTTAT
,TATTTTTAT
,TATTTTTAT
,TCAGTAATTC
,TGAAAAATC
,TGTAACTTTTCTGAA
,TGTATTTTA
,TGTTGGTGT
,TGTTGTTGT
,TTATCGTGA
,TTCTACTAAA
,TTGTCAGTTT
,TTGTCTGTT
,TTGTGATAA
,TTTACTAAT
,TTTACTAAT
,TTTATCGTG
,TTTCACTTT
,TTTGTGATA
,TTTTAGTGA
,TTTTTGTGG
,CAAACACAAAC
,TAATTTTAAT
,TACTTTTCAT
,TCCTACCATCCT
,ATTATAATAATATTA
,TGTAACTTTTCTGAA
,AGTTAAATTGA
,AGTTAGAGTA
,AGTTTTAATTT
,ATTATGGTTCT
,ATTTTAATG
,ATTTTAATG
,ATTTTATTTTA
,ATTTTGACTA
,ATTTTGGTAA
,ATTTTGGTAA
,CTTTATAATTT
,GTAATTTTA
,GTTGTTGTTG
,TAATTTTGAC
,TACTATTACC
,TAGTAATAGTT
,TATGGTTCTA
,TATTTTTAT
,TATTTTTAT
,TATTTTTAT
,TCAAAGTAAG
,TGTAGTGATGT
,TGTGAATGTA
,TTATAATATT
,TTATTCTTCTA
,TTCTTCTAAA
,TTTCACACTTT
,TTTGTTGTTT
,TAATGAAAGTAAT
,TTGTTACACATTGTT
,AGTATTATGA
,ATTATAATAATATTA
,CACTGTTTTT
,TAATTTTAAT
,TACTTTTCAT
,AGTATTATGA
,ATTATAATAATATTA
,CACTGTTTTT
,TAATGAAAGTAAT
,TAATTTTAAT
,TACTTTTCAT
,TTTTAATTTT
,ATCACACTA
,CAAACACAAAC
,GTGGTGGTG
,TAATTTTAAT
,TACTTTTCAT
,TTTCACTTT
,TTGTTACACATTGTT
,AAATTGTTT
,AACTTGTTG
,AATATTAATA
,AATGAGTAA
,AATGGTGTAG
,ACAACATTAC
,ACAGGTATG
,ACATATTTGT
,ACCAAGAGT
,ACCATACCA
,ACCGCACAA
,ACTATATCA
,AGGTGTAAG
,AGTACTTCT
,AGTAGTTTT
,AGTTATTTA
,ATAGTGTTT
,ATATTTTGA
,ATGGATTCT
,CAATGTGTT
,CAGGTATGA
,CATTCTTAC
,CCATGATAA
,CCTGATAGT
,GGTGGTAAA
,GGTGTTGTGG
,GTGGTAAAT
,GTTGTTGTTG
,TAAACCATC
,TAATTCATT
,TAATTTTAAT
,TACAATAGT
,TATAATATT
,TATGAGAGAT
,TATTCTTCTA
,TCATTGTAA
,TCATTGTAA
,TCATTGTCT
,TCTTAACTC
,TGATTATAA
,TGTAACTTC
,TGTTGTTGT
,TTAAATGGTG
,TTACAGAGA
,TTATTGAAGA
,TTCTCTCTT
,TTGCTCGTT
,TTGTCTGTT
,TTGTTTTAA
,TTTGTGATA
,TTTTTAATG
,TTTTTGTGG
,AGTGGTAAAT
,ATTATAATAATATTA
,GGAATTTAAGG
,GTTACACATTG
,TAATTTTAAT
,TAGTGGTGAT
,TCAAACACAAACT
,TCTTCACTTCT
,TTAACCAATT
,TTATGCGTATT
,TTTGTTGTTT
,AAAAGAACT
,AACTTATAA
,AAGATGTTA
,AATCACTAA
,ACAGATGTT
,ACTACATCA
,AGTAGTTTT
,ATAATATTA
,ATATGTATA
,ATATTCAAA
,ATGACAGTA
,ATGGTGGTC
,ATTATAATAATATTA
,CGACTCAGC
,CTATTAATA
,CTGCACAAG
,CTTGGTCTA
,GATTATAAT
,GCGTATGCG
,GGTGGTAAA
,GTGCTCGTG
,GTTAAGCAG
,TAAATGGTG
,TAATTCACT
,TAATTTTAG
,TAATTTTGA
,TATTTTTAT
,TGTTGTTGT
,TTAATAATT
,TTAATACTA
,TTCAGACCA
,TTGTTACACATTGTT
,TTTAAATTT
,TTTAATTTT
,TTTACATCA
,TTTCACTTT
,TTTCTCTTT
,TTGTTACACATTGTT
,AATATTAATA
,TAATTTTAAT
,TAGTGGTGAT
,TAGTGTATTT
,ACCAAACCA
,ACCATACCA
,ACTATATCA
,ACTTTTTCA
,ATAATATTA
,ATCAAACTA
,ATGAAAGTA
,ATTAAACTT
,CATCACTAC
,CATTCTTAC
,CTAGTGATC
,GGTTTACTA
,GTGGACTGT
,GTGTAGTAA
,GTTTTAAGA
,GTTTTAGCA
,TAATTTTAG
,TAGTAGTTT
,TATTCTTCT
,TATTTTTAT
,TCGTGAGAC
,TGGTCTACT
,TGGTTTTAA
,TGTTACAAA
,TGTTGTTGT
,TTCATTTCA
,TTTACTAAT
,TTTCTCTTT
,TTTCTTGTC
,TTTGGGTTT
,TTTGTATAA
,TTTGTTACACATTGTTT
,ATTCAAACTTA
,CAAACACAAAC
,TAATTTTAAT
,TTTTAATTTT
,ATAAAAATA
,ATCTGTCTA
,CATTCTTAC
,CCATGACAGTACC
,CTAAATTTAAATC
,GATTTTTGT
,TAACGCAAT
,TAACTCAAT
,TATTCGTAT
,TCTACATCT
,TGTAACTTC
,TTTCACTTT
,TTTGTTACGCATTGTTT
,TTTTCACTT
,TTTTGTTTT
,TTTTTAATG
,AATGGTGAT
,AGTATTATGA
,ATTATAATAATATTA
,CAATATAAC
,CAGGTGGAC
,CATTCTTAC
,GAATTTAAG
,GTGGTGGTG
,TAACGCAAT
,TAATTTTAAT
,TAATTTTAA
,TACTTTTCAT
,TCCTACCATCCT
,TGTATTTTA
,TGTTTTTGT
,TTAAGCACGAATT
,TTATACTAAT
,TTTCACTTT
,CAAACACAAAC
,TAATTTTAAT
,TACTTTTCAT
,TCCTACCATCCT
,TTGTTACACATTGTT
,TTGTTACACATTGTT
,CAAACACAAAC
,TAATTTTAAT
,TACTTTTCAT
,CAAACACAAAC
,TAATTTTAAT
,TACTTTTCAT
,TAATTTTAAT
,ATTGCGTTA
,CAGGAGGAC
,GGATTTAGG
,GTAAATTTA
,TAAATTTAAAT
,TAGTGGTAA
,TGATAATAGT
,TGGTTTTGGT
,TTAACAATT
,TTGTTTTTGTT
,TTTACATGT
,TTTTGTTACACATTGTTTT
,ATTATAATAATATTA
,TGTATTATGT
,AAGTAATGC
,AATGGTGAT
,ACTATTCTGG
,AGTATTATGA
,ATGTTGGGG
,ATTATAATAATATTA
,CACTGTTTTT
,CAGGTGGAC
,GAATTTAAG
,GTGACAATT
,GTGGTGGTG
,TAATTTTAAT
,TAATTTTAA
,TACTTTTCAT
,TGTAACTTTTCTGAA
,TGTATTTTAA
,TGTATTTTA
,TGTTTTTGT
,TTCATACTT
,TTTCACTTT
,TTTTAGTGA
,AAAGTAATG
,AAATTGTTT
,AACTGGTTTA
,AACTTGTTGTT
,AAGGTGTTT
,AATGAGTAA
,AATGGTGTAG
,ACAACATTAC
,ACACACACA
,ACAGCGACA
,ACATTTACA
,ACCACCACCA
,ACCATACCA
,ACGACTAAA
,ACGTTTTGCA
,ACTATATCA
,ACTGTGTCA
,AGGTGTTTT
,AGTACTTCT
,AGTGCTATTT
,ATAATTATAA
,ATATGTATA
,ATTCATTTT
,ATTGTTTTA
,CACCACCAC
,CATTTACATG
,CATTTTTAC
,CCTATTTTA
,CTGCACATGAT
,CTTTTCTTTTC
,GATTTTATC
,GGTGAATTA
,GGTGTTGTGG
,GTGGTGGTG
,GTGTTCGTT
,GTTACACATTG
,GTTGTTGTTG
,GTTTTAAAA
,TAATTTTAAT
,TAATTTTAA
,TAGTAATAG
,TATGAGAGA
,TATGGATAA
,TATTCTTAT
,TATTCTTCTA
,TCAAAGTAAT
,TCAATTTAACT
,TCCGATTTT
,TCTTCAAGGT
,TCTTCTTTA
,TGAAAAATC
,TGGGTTTAC
,TGGTAATAT
,TGGTAATGGT
,TGTTGTTGT
,TTAATCATT
,TTACTTATGGA
,TTATTTATT
,TTGTCTGTT
,TTTAACTTT
,TTTACTAATT
,TTTCAGATGGA
,TTTTAGACCA
,ATTATAATAATATTA
,TAATCATACTAAT
,TGTAACTTTTCTGAA
,AAGGTGTTTA
,ACGTTTACCA
,AGAATGGTGT
,ATTATAATAATATTA
,GTATGGATAA
,GTTGTTGTTG
,TAATTTTAAT
,TAGTGGTGAT
,TATTCTTCTA
,TATTTTTAT
,TATTTTTAT
,TATTTTTAT
,TCAGTAATTC
,TTAACCAATT
,TTATAATTTT
,TTTGTTGTTT
,AAAATTAAT
,AACTTTCAA
,AAGAACCAAGAA
,AAGATGTTA
,AATGAGTAA
,AATGGTGAT
,ACTACATCA
,ACTGTTTTT
,AGTATTATGA
,ATATAATATA
,ATGTAACAA
,ATTATAATAATATTA
,ATTATAATT
,ATTATAATT
,CAATATAAC
,CAGGTGGAC
,CATTACTGC
,CATTCTTAC
,CTCTCTTCTCTC
,CTTCTAGAA
,GAAGATGTT
,GAAGTTACT
,GAATTTAAG
,GGCATTCTTA
,GGTGAATTA
,GTAGAAGATG
,GTATGGATAA
,GTGGTGGTG
,GTTGTTGTTG
,TAACAACTT
,TAATTTTAAT
,TAATTTTAA
,TACTTTTCAT
,TATTATTAT
,TATTTTTAT
,TCTCTTCTCT
,TGTAACTTTTCT
,TGTATTTTA
,TGTTGGTGTT
,TGTTGTTGT
,TGTTTTTGT
,TTAATTAATT
,TTACTGTTT
,TTATAATTT
,TTCATACTT
,TTCTACTAA
,TTCTAGAAAT
,TTCTCTTCTCTT
,TTGTCAGTTT
,TTGTCTGTT
,TTGTGATAA
,TTTATAATTTAA
,TTTCACTTT
,TTTGTGATA
,TTTTAGTGA
,ATTCAAACTTA
,CAAACACAAAC
,TAATTTTAAT
,TTTTAATTTT
,AAAGGCCTGCT
,AACGGCGAT
,AGCGAGCGA
,AGTGCGTGA
,CAGACCCAGAC
,CGCCGCCGC
,CGTGCGTGC
,CTGCTGCTA
,GCGAGCGAA
,GCGGCGGCG
,GCGTATGCG
,GTGTATGTG
,GTGTATTTT
,GTGTTTGTG
,GTGTTTGTG
,GTGTTTGTG
,GTTTGTGTA
,TAGCGCGAT
,TAGCGCGGCGA
,TATGCGTAT
,TATGTGTAT
,TATTATTAT
,TGTATTTTA
,AAAGGCCTGCT
,AACGGCGAT
,AGCGAGCGA
,AGTGCGTGA
,CAGACCCAGAC
,CGTGCGTGC
,CTGCTGCTA
,GCGCGAGCGCG
,GCGGCGGCG
,GCGTATGCG
,GTGTATGTG
,GTGTATTTT
,GTGTTTGTG
,GTGTTTGTG
,GTGTTTGTG
,GTTTGTGTA
,TAGCGCGAT
,TAGCGCGGCGA
,TATGCGTAT
,TATGTGTAT
,TATTATTAT
,TGTATTTTA
,ATTGCGTTA
,CAGGAGGAC
,GGATTTAGG
,GTAAATTTA
,TAAATTTAAAT
,TAGTGGTAA
,TGATAATAGT
,TGGTTTTGGT
,TTAATAATT
,TTGTTTTTGTT
,TTTTGTTACACATTGTTTT
,AATAATTAT
,AATGGTGAT
,ATTATAATAATATTA
,CAATATAAC
,CATTCTTAC
,CTAAATTTAAATC
,GAATTTAAG
,GTGGTGGTG
,TGTAACTTC
,TGTGGGTGT
,TGTTTTTGT
,TTAACAATT
,TTAAGCACGAATT
,TTACACATT
,TTCATACTT
,TTTACTTTT
,AATATTAATA
,ACGTAATGCA
,CTAAATTTAAATC
,TAATTTTAAT
,TTAAATGGTG
,TTTGTTACACATTGTTT
,AGTATTATGA
,ATGTAATTTT
,ATTATAATAATATTA
,CACTGTTTTT
,TAATTTTAAT
,TACTTTTCAT
,TGTAATTTTT
,ACATTGTTACA
,ATAATATGAC
,TTGTTACACATTGTT
,AACTTTCAA
,AAGGTGTTTA
,AATGAGTAA
,ACAGTACTTT
,ACATATTGT
,ACTATATCA
,ACTTTGTTAA
,AGAAGATAT
,AGTACTTTT
,AGTATTATGA
,ATATGTATA
,ATCTGCAGG
,ATGTAACAA
,ATTATAATAATATTA
,ATTATAATT
,ATTATAATT
,ATTCTACTAA
,ATTCTGCCA
,CACAATTAT
,CACTGTTTTT
,CAGGTGGAC
,CATTACTGC
,CATTCTTAC
,GAATTTAAG
,GGTGAATTA
,GTATGGATAA
,GTGGTGGTG
,GTTAACTAA
,GTTGTTGTTG
,TAATTTTAAT
,TAATTTTAGT
,TACTAATTA
,TACTTTTCAT
,TATAATTTTA
,TATTATTAT
,TATTTTTAT
,TATTTTTAT
,TATTTTTAT
,TCAGTAATTC
,TGAAAAATC
,TGTAACTTTTCTGAA
,TGTATTTTA
,TGTTGGTGTT
,TGTTGTTGT
,TGTTTTTGT
,TTAATAATT
,TTCTACTAAA
,TTGTCAGTTT
,TTGTCTGTT
,TTGTGATAA
,TTTACTAAT
,TTTCACTTT
,TTTGTGATA
,TTTTAGTGA
,TTTTTGTGG
,CAAACACAAAC
,TAATTTTAAT
,TACTTTTCAT
,TTGTTACACATTGTT
,ATTATAATAATATTA
,TAATTTTAAT
,TAATTTTAAT
,TAATTTTAAT
,TAATTTTAA
,TAATTTTAA
,TGTAACTTTTCT
,CAAACACAAAC
,TAATTTTAAT
,TACTTTTCAT
,TCCTACCATCCT
,AAATGGTGAT
,ATTAAAATTA
,TATTATTAAT
,TTAAATGGTG
,TTATTATTTT
,AAATGGACA
,AGTTTTTGA
,ATTGTGTTA
,CAGGAGGAC
,GTTGTACTT
,TAATTTTAAT
,TACTTTCAT
,TAGTGGTGAT
,TCATGTACT
,TGATAATAGT
,TGGTTTTGGT
,TGTTGTTGT
,TGTTTTAAA
,TTAACAATT
,TTTAATAAA
,TTTCACTTT
,TTTTAATAA
,TTTTAATTTT
,TTTTGGTGTA
,TTTTGTTACACATTGTTTT
,TTTTTCCTTTTT
,CCATGACAGTACC
,TGTTACGCATTGT
,ACTACCAAAG
,ATTATAATAATATTA
,CACTGTTTTT
,TAATTTTAAT
,TACTTTTCAT
,TGTAACTTTTCTGAA
,TTATACTAGT
,AAACGCAAA
,AAAGATGTT
,AAATGGACA
,AAATTATGA
,AAATTATTT
,AAGACCAGAA
,AAGGTGGAA
,AATTGTTGT
,AATTTAAAT
,ACATTATTTT
,ACCATACCA
,ACCCATTAT
,ACTTATTTA
,AGTTTTTGA
,ATATTTATA
,ATTCCTATT
,ATTGTGTTA
,CAGGAGGAC
,CATTATTAC
,CCAGTTAGT
,CTATTTTTA
,GAAGTTAAT
,GACATTATT
,GATGGTGATT
,GGTGTGTAT
,GTGGTTTTA
,GTTATAGTA
,GTTATAGTA
,GTTGTACTT
,GTTGTTGTTG
,TAAATGTTA
,TAAATGTTA
,TAAGAATTTT
,TAATTTTAAT
,TAGTGGTGAT
,TATTGTACA
,TATTTTTAT
,TATTTTTAT
,TATTTTTAT
,TCATGTACT
,TGATAATAGT
,TGCAGTGGT
,TGGTTTTGGT
,TGTTGTTGTT
,TGTTGTTGT
,TGTTGTTGT
,TGTTTTAAA
,TGTTTTAAA
,TTAACAATT
,TTATATGAGT
,TTATTTATT
,TTGTAAAGGT
,TTTAATAAA
,TTTAATTTT
,TTTATTAAA
,TTTATTAAA
,TTTCACTTT
,TTTGATTCA
,TTTTAATAA
,TTTTAATTTT
,TTTTGGTGTA
,TTTTGTTACACATTGTTTT
,ATAAAAATA
,ATCTGTCTA
,CATTCTTAC
,CCATGACAGTACC
,CTAAATTTAAATC
,TAACGCAAT
,TAACTCAAT
,TATTCGTAT
,TCTACATCT
,TGTAACTTC
,TGTTTTTGT
,TTTCACTTT
,TTTGTTACGCATTGTTT
,TTTTCACTT
,TTTTTAATG
,AGTATTATGA
,CACTGTTTTT
,TAATTTTAAT
,TACTTTTCAT
,CAAACACAAAC
,TAATTTTAAT
,TTTTAATTTT
,ATAATGGTGGTGGTAATA
,ATTATAATAATATTA
,TGTAACTTTTCT
,ACGTAATGCA
,ATTATAATAATATTA
,TAATTTTAAT
,TACTTTTCAT
,TTAAATGGTG
,TAATTTTAAT
,CAAACACAAAC
,TAATTTTAAT
,TTTTAATTTT
,TAATTTTAAT
,AAATTTTAA
,AAGTAATTA
,AGGTGGTGT
,ATTATGGTA
,ATTCACTTA
,CATACTGTA
,CTTCTTTATA
,CTTTGGTGT
,TAATAATAAT
,TAGTTTTAA
,TATTGGTTAT
,TCAAAAACT
,TGGTTTGGT
,TGTTTTTGT
,TTATGGTATT
,TTGTGTGTT
,TTTAAATTT
,TTTAACATT
,TTTTGTTTT
,TAATTTTAAT
,CAAACACAAAC
,TAATTTTAAT
,TACTTTTCAT
,TCCTACCATCCT
,TTGTTACACATTGTT
,ATTATAATAATATTA
,GGAATTTAAGG
,GTTACACATTG
,TAATTTTAAT
,TAGTGGTGAT
,TCAAACACAAACT
,TCTTCACTTCT
,TTAACCAATT
,TTATGCGTATT
,TTTGTTGTTT
,AGTATTATGA
,ATTATAATAATATTA
,CACTGTTTTT
,TAATTTTAAT
,TACTTTTCAT
,TGTAACTTTTCT
,AAAATGGTG
,AAATAATTT
,AATAATTTTA
,AATATAACT
,AATTCATAA
,ACAATATGG
,ACCTTCTAGT
,AGAAAAATC
,AGTAATTAA
,AGTTTAAAT
,ATAAAAATA
,ATAATAATA
,ATAATATTA
,ATACACTTT
,ATATGTATA
,ATATTATACT
,ATTTGCTAC
,CAATATAAC
,CACATACAC
,CAGATTTTAA
,CAGGCGGAC
,CATATTATAC
,CATTGTTAC
,CTCTTGGTCA
,CTTTAATTTC
,CTTTACATCA
,GACAAGATAGAACAG
,GATGATGTAGTAG
,GCTTTGTTG
,GGACCCAGG
,GGATTTAGG
,GTCAATATA
,GTGGTTTTA
,GTGTTTAAT
,GTTAAAATTG
,GTTTTAGACC
,TAAAAATAAT
,TAAACTCAT
,TAAATGTTA
,TAAATGTTA
,TAATAATAAT
,TATAATATTA
,TATCTTCTAT
,TCAAGAACT
,TCCTGTCCT
,TGACAGTCC
,TGATTTTAGT
,TGCAAGAAA
,TGGAAAAGA
,TGGTTCTCTTGGT
,TGGTTTTAA
,TGTTAAAAT
,TGTTGTTGT
,TTAAAGGTG
,TTATTCTGC
,TTCTGAAAA
,TTGCCCGTT
,TTGTTGTCG
,TTTAAAAAT
,TTTAATTTC
,TTTACATTT
,TTTAGACCT
,TTTTAATTT
,TTTTAATTT
,TTTTAGACC
,TTTTAGGTTT
,TTTTATTTT
,TTTTTGTGG
,TAATTTTAAT
,CAAACACAAAC
,TAATTTTAAT
,TACTTTTCAT
,ACGTAATGCA
,ATTATAATAATATTA
,CTAAATTTAAATC
,TAAAGGAAAT
,TAATTTTAAT
,TTAAATGGTG
,ATTATAATAATATTA
,TGTAACTTTTCTG
,TAATTTTAAT
,TGTAACTTTTCTGAA
,TTGTTACACATTGTT
,TTGTTACACATTGTT
,TTGTTACACATTGTT
,CAAACACAAAC
,TAATTTTAAT
,TACTTTTCAT
,CAAACACAAAC
,TAATTTTAAT
,TTTTAATTTT
,TAATTTTAAT
,CAAACACAAAC
,TAATTTTAAT
,ATCACACTA
,CAAACACAAAC
,GTGGTGGTG
,TACTTTTCAT
,TTTCACTTT
,ATAAAAATA
,ATCTGTCTA
,CATTCTTAC
,CCATGACAGTACC
,CTAAATTTAAATC
,GATTTTTGT
,TAACGCAAT
,TAACTCAAT
,TATTCGTAT
,TCTACATCT
,TGTAACTTC
,TGTAAGGGT
,TTTCACTTT
,TTTGTTACGCATTGTTT
,TTTTCACTT
,TTTTGTTTT
,TAATTTTAAT
,CAAACACAAAC
,TAATTTTAAT
,TACTTTTCAT
,TAATTTTAAT
,TAATTTTAAT
,CAAACACAAAC
,TAATTTTAAT
,TTTTAATTTT
,AAACTGGTT
,AATGTGTCT
,AATTCATTT
,AATTTATATG
,AATTTTTAA
,ACCAATTTT
,ACCATACCA
,ACCTGATGG
,ACTACATCA
,ACTTATATTA
,AGTAGTTTT
,ATATGTATA
,ATGTTGGTG
,CAACACAAC
,CATTCTTAC
,CGTCGTTAA
,CTCGTGTTT
,GAAGATGTT
,GAAGATGTT
,GATGTTGTAG
,GATTATAAT
,GCAGTAGTT
,GTAGTTTTAG
,GTCAATGGT
,GTGCTCGTG
,GTGGTGGAC
,GTGTTTGTA
,GTTGTTGTTG
,TAATTTTAAT
,TAGTTTTAG
,TATATGTAT
,TATTCTTCTA
,TATTTTTAT
,TGTATTTAAT
,TGTTGGTCA
,TGTTGTTGT
,TTAAATGGTG
,TTATCGTGA
,TTCTACTAA
,TTCTGTCTT
,TTCTTATAT
,TTGACAGTT
,TTGTTACACATTGTT
,TTTAATTTT
,TTTATCGTG
,TTTGTATAAC
,TTTTAATTTT
,TTTTATTTT
,TAATTTTAAT
,TTCTCTTCTCTT
,CAAACACAAAC
,TAATTTTAAT
,TTTTAATTTT
,CAAACACAAAC
,TAATTTTAAT
,TACTTTTCAT
,TCCTACCATCCT
,ATGTTGGTG
,ATGTTGGTG
,TTGTTACACATTGTT
,AAAAGAACT
,AACAGTTTC
,AATCACTAA
,AATGAGTAA
,AATTTTACT
,ACCATACCA
,ACTACATCA
,ATAATATTA
,ATATAGAGG
,ATATGTATA
,ATGATTTCTT
,ATTATAATAATATTA
,ATTGTTTTA
,ATTTCTTTA
,ATTTTACTCATTTTA
,CCAGAGACC
,CTCATAACT
,CTGGTTGTG
,GAAACCAAAG
,GCAATTCTGG
,GGTGGTAAA
,GTAGTTTTAG
,GTCAATACT
,GTGCTCGTG
,GTTGTTGTTG
,TAATGATTT
,TAATTATTT
,TAATTTTAAT
,TAATTTTGA
,TACAAACAT
,TAGTTTTAG
,TATAATAAT
,TATTCTTCTA
,TATTTTTAT
,TCTGTCTTT
,TGACACTAA
,TGGTCTTTG
,TGTTGGTCA
,TGTTGTTGT
,TTAAATGGTG
,TTATAATTT
,TTATCGTGA
,TTCAGACCA
,TTCTGTCTT
,TTTAAATTT
,TTTAATTTT
,TTTATAATTT
,TTTATCGTG
,TTTCTCTTT
,TTTGTTACACATTGTTT
,TTTTAATTTT
,ATTATAATAATATTA
,TTGTTACACATTGTT
,ATCACACTA
,CAAACACAAAC
,GTGGTGGTG
,TAATTTTAAT
,TACTTTTCAT
,TTTCACTTT
,TTGTTACACATTGTT
,ATGTTGGTG
,ATGTTGGTG
,TTGTTACACATTGTT
,ACATTGTTACA
,TTGTTACACATTGTT
,ATCACACTA
,CAAACACAAAC
,GTGGTGGTG
,TAATTTTAAT
,TACTTTTCAT
,TTTCACTTT
,AGGTGGTGT
,ATATTAATC
,TCAAGAACT
,TGTTTTTGT
,TTCAAACTT
,ATTATAATAATATTA
,CTAAATTTAAATC
,TATTCAAACTTAT
,TCAAACACAAACT
,TTTGTTACACATTGTTT
,CAAACACAAAC
,TAATTTTAAT
,TACTTTTCAT
,TAGTGGTGAT
,TTGTTACACATTGTT
,ATAAAAATA
,ATCTGTCTA
,CATTCTTAC
,CCATGACAGTACC
,CTAAATTTAAATC
,GATTTTTGT
,TAACGCAAT
,TAACTCAAT
,TATTCGTAT
,TCTACATCT
,TGTAACTTC
,TGTAAGGGT
,TTTCACTTT
,TTTGTTACGCATTGTTT
,TTTTCACTT
,TTTTGTTTT
,TAATTTTAAT
,AACTTTCAA
,AATAATTAT
,AATATTAATA
,AATGAGTAA
,ACAACATTAC
,ACATATTGT
,ACATATTTGT
,ACTACTTTA
,ACTATATCA
,ACTTTGTTAA
,AGTAGTTTT
,AGTGGTGAT
,ATATGTATA
,ATGGTGGTTT
,ATGTAACAA
,ATTACATTA
,ATTATAATT
,ATTATAATT
,ATTCTACTAA
,ATTCTGCCA
,ATTGTAATT
,CAATATAAC
,CACTGTTTTT
,CAGGTGGAC
,CATTCTTAC
,CGTTAACTAA
,CTATTTTTA
,CTTAACAGT
,GAAGATGTT
,GAATTTAAG
,GGTCACAAT
,GTATGGATAA
,GTTGTTGTTG
,TAACAACTT
,TAACGCAAT
,TAACTCAAT
,TAATTCATT
,TAATTTTAAT
,TAATTTTAG
,TACTAATTA
,TACTCTAGG
,TACTTTTCAT
,TAGTGGTGAT
,TATAACAAC
,TATTATTAT
,TATTCGTAT
,TATTTTTAT
,TCAGTAATTC
,TGAAAAATC
,TGATTTCAC
,TGTAACTTTTCTGAA
,TGTATTTTA
,TGTTGAGTA
,TGTTGGTGTT
,TGTTGTTGT
,TTATACTAGT
,TTATACTAGT
,TTCTACTAAA
,TTGTCTGTT
,TTGTGATAA
,TTTACTAAT
,TTTACTAAT
,TTTCACTTT
,TTTCTCTTT
,TTTGTGATA
,TTTTTGTGG
,AACTTTCAA
,AAGGTGTTTA
,AATGAGTAA
,AATGGTGAT
,ACATATTGT
,ACTATATCA
,ACTTTGTTAA
,AGAAGATAT
,ATATGTATA
,ATGTAACAA
,ATTATAATAATATTA
,ATTATAATT
,ATTATAATT
,ATTTCACAT
,CAATATAAC
,CACAATTAT
,CACTGTTTTT
,CAGGTGGAC
,CATTTGCAGG
,CGTTAACTAA
,GAATTTAAG
,GGTGAATTA
,GTATGGATAA
,GTGATAATT
,GTGGTGGTG
,GTTGTTGTTG
,TAATTTTAAT
,TACTAATTA
,TACTTCTTGT
,TACTTTTCAT
,TATTATTAT
,TATTTTTAT
,TCAGTAATTC
,TCCTGTCCT
,TCTATCGTG
,TCTCTCTCT
,TGAAAAATC
,TGTAACTTTTCTGAA
,TGTATTTTA
,TGTTGGTGTT
,TGTTGTTGT
,TTAACAATT
,TTATACTAGT
,TTATACTAGT
,TTCTACTAAA
,TTGTCAGTTT
,TTGTCTGTT
,TTGTGATAA
,TTTACTAAT
,TTTACTAAT
,TTTCACTTT
,TTTGTGATA
,TTTTAGTGA
,TTTTAGTGGT
,TTTTTGTGG
,ATTATAATAATATTA
,TGTAACTTTTCTGAA
,AAAGGCCTGCT
,AGCGAGCGA
,AGTGCGTGA
,CAGACCCAGAC
,CGCCGCCGC
,CGTGCGTGC
,GCGGCGGCG
,GCGTATGCG
,GTGTATGTG
,GTGTATTTT
,GTGTTTGTG
,GTGTTTGTG
,GTGTTTGTG
,GTTTGTGTA
,TAGCGCGAT
,TAGCGCGGCGA
,TATGCGTAT
,TATGTGTAT
,TATTATTAT
,TGTATTTTA
,ACATTGTTACA
,TAATTTTAAT
,GTTACACATTG
,GTTATTTATTG
,AGTGTGTTTT
,ATTATAATAATATTA
,TAATTTTAAT
,TTAAATGGTG
,TTGTTACACATTGTT
,TTTTAATTTT
,TTTTTAATTT
,TTGTTACACATTGTT
,TTGTTACACATTGTT
,AAGTTTTGAA
,AATATTAACA
,ATTATAATAATATTA
,CTAAATTTAAATC
,GACATTACAG
,TAATTTTAAT
,TATTCGTATT
,TCATTCTATT
,TTGTTACACATTGTT
,ATTATAATAATATTA
,TGTAACTTTTCTGAA
,TTGTTACACATTGTT
,TAATTTTAAT
,AACTTATAA
,AACTTTCAA
,AAGGTTAAC
,AATCACTAA
,AATGAGTAA
,AATTTCATT
,ACGCCATAC
,ACTACATCA
,ATAATATTA
,ATATGTATA
,ATATTCAAA
,ATGACAGTA
,ATGGTGGTC
,ATTATAATAATATTA
,CATAATTTTG
,CGACAATAT
,CGACTCAGC
,CTATTAATA
,CTGCACAAG
,CTTGGTCTA
,GATCATAATT
,GCGTATGCG
,GGTGGTAAA
,GTAATTTTAG
,GTGCTCGTG
,GTTAAGCAG
,GTTGTTGTTG
,TAATTCACT
,TAATTTTAAT
,TAATTTTGA
,TATTCTTCTA
,TATTTTTAT
,TGGTTTTAA
,TGTTGTTGT
,TTAAATGGTG
,TTAATAATT
,TTAATACTA
,TTAATATTT
,TTATAATTT
,TTCAGACCA
,TTGATTATA
,TTGTTACACATTGTT
,TTTAATTTT
,TTTATAATTT
,TTTGTATGAC
,TTTTAATTTT
,TTTTGAATG
,CAAACACAAAC
,TAATTTTAAT
,TACTTTTCAT
,TCCTACCATCCT
,ATAATATTA
,ATAATATTA
,ATTATAATAATATTA
,CCACCAAACCACC
,TAATAATTAT
,TATAATATTA
,TATTCGTATT
,TGTAACTTTTCT
,TTAACCAATT
,TTATAATATT
,TTTGTTGTTT
,GTTACCCATTG
,ACGTAATGCA
,ATTATAATAATATTA
,CACTGTTTTT
,TAATTTTAAT
,TACTTTTCAT
,TTTACCATTT
,TAATTTTAAT
,TAATGAAAGTAAT
,TAATTTTAAT
,AGTATTATGA
,ATTATAATAATATTA
,CACTGTTTTT
,CTAATTTTAA
,TAATTTTAAT
,TACTTTTCAT
,ACGTAATGCA
,ATAATATTA
,ATAATATTA
,ATTATAATAATATTA
,ATTATAATATTA
,ATTATAATA
,CACTGTTTTT
,TAACACAACT
,TAATAATTAT
,TAATGGTAAT
,TAATTTTAAT
,TATAATATTA
,TTAAATGGTG
,AAGGTGTTTA
,ACGTTTACCA
,AGAATGGTGT
,ATTATAATAATATTA
,GTATGGATAA
,GTTGTTGTTG
,TAATTTTAAT
,TAGTGGTGAT
,TATTCTTCTA
,TATTTTTAT
,TATTTTTAT
,TATTTTTAT
,TCAGTAATTC
,TTAACCAATT
,TTATAATTTT
,TTTGTTGTTT
,TTGTTACACATTGTT
,AACTTTTCAA
,TAATTTTAAT
,AACTTATAA
,AACTTTCAA
,AAGGTTAAC
,AATCACTAA
,AATGAGTAA
,ACGCCATAC
,ACTACATCA
,ACTTCTTTTG
,ATAATATTA
,ATATGTATA
,ATATTCAAA
,ATATTTGTG
,ATGACAGTA
,ATGGTGGTC
,ATTATAATAATATTA
,ATTATAATT
,CATAATTTTG
,CGACTCAGC
,CTATTAATA
,CTGCACAAG
,CTTGGTCTA
,GATTATAAT
,GCGTATGCG
,GGTGGTAAA
,GGTGTTGTGG
,GGTGTTTAT
,GGTGTTTAT
,GTAATTTTAG
,GTGCTCGTG
,GTTAAGCAG
,GTTGTTGTTG
,TAATTCACT
,TAATTTTAAT
,TAATTTTGA
,TATTCTTCTA
,TATTTTTAT
,TGCGACAACA
,TGGATTACC
,TGGTTTTAA
,TGTTGTTGT
,TTAAATGGTG
,TTAATAATT
,TTAATACTA
,TTAATATTT
,TTATAATTT
,TTCAGACCA
,TTGTTACACATTGTT
,TTTAATTTT
,TTTATAATTT
,TTTCACTTT
,TTTCTCTTT
,TTTTAATTTT
,TTTTGAATG
,ACTTTTGTT
,ATAAAAATA
,ATCTGTCTA
,CATTCTTAC
,CCATGACAGTACC
,CTAAATTTAAATC
,TAACGCAAT
,TAACTCAAT
,TCTACATCT
,TGTAACTTC
,TTTCACTTT
,TTTGTTACGCATTGTTT
,TTTTCACTT
,TTTTGTTTT
,TTTTTAATG
,AACTTATAA
,AACTTTCAA
,AAGGTTAAC
,AATCACTAA
,AATGAGTAA
,ACGCCATAC
,ACTACATCA
,ATAATATTA
,ATATGTATA
,ATATTCAAA
,ATATTTGTG
,ATGACAGTA
,ATGGTGGTC
,ATTATAATAATATTA
,ATTATAATT
,CATAATTTTG
,CGACTCAGC
,CTATTAATA
,CTGCACAAG
,CTTCTTTTG
,CTTGGTCTA
,GATTATAAT
,GCGTATGCG
,GGTGGTAAA
,GGTGTTGTGG
,GGTGTTTAT
,GGTGTTTAT
,GTAATTTTAG
,GTGCTCGTG
,GTGTTTCTG
,GTTAAGCAG
,GTTGTTGTTG
,TAATTCACT
,TAATTTTAAT
,TAATTTTGA
,TATTCTTCTA
,TATTTTTAT
,TGCGACAACA
,TGGATTACC
,TGGTTTTAA
,TGTTGTTGT
,TTAAATGGTG
,TTAATAATT
,TTAATACTA
,TTAATATTT
,TTATAATTT
,TTCAGACCA
,TTGTTACACATTGTT
,TTTAATTTT
,TTTATAATTT
,TTTCACTTT
,TTTCTCTTT
,TTTTAATTTT
,TTTTGAATG
,TTTGTTACACATTGTTT
,ATCACACTA
,CAAACACAAAC
,GTGGTGGTG
,TAATTTTAAT
,TACTTTTCAT
,TTTCACTTT
,AACTTATAA
,ATGACAGTA
,GCGTATGCG
,TGGTGGACC
,TTAATAATT
,TTGGGGGTT
,TTGTTACACATTGTT
,TTTAGATTT
,TTTCACTTT
,ATGACAGTA
,GCGTATGCG
,TTAATAATT
,TTAATATTT
,TTGTTACACATTGTT
,AAATTTCATT
,AATATTAATA
,AATGTTGGT
,ATAAAAATA
,ATCTGTCTA
,CAGACTTTA
,CCATGACAGTACC
,CTAAATTTAAATC
,GGTATGCACT
,TAACGCAAT
,TAACTCAAT
,TAATTTTAAT
,TATTCGTAT
,TCTACATCT
,TGTAACTTC
,TTAAATGGTG
,TTAATAATAATT
,TTTGTTACGCATTGTTT
,TTTTGTTTT
,TTTTTAATG
,TAATTTTAAT
,TAATCATACTAAT
,TTGTCACGCACTGTT
,TAATTTTAAT
,TAGTTATTGAT
,AAGGTGTTTA
,ACTTTGTTAA
,AGGATCTTAT
,ATATAATATA
,ATTATAATAATATTA
,ATTATAATAATA
,ATTCTACTAA
,CACTGTTTTT
,CGTTAACTAA
,CTCTCTTCTCTC
,GTTGTTGTTG
,TAATAATAAT
,TAATTTTAAT
,TAATTTTAAT
,TAATTTTAAT
,TACTTTTCAT
,TAGTGGTGAT
,TATAATTTTA
,TATTTTTAT
,TATTTTTAT
,TATTTTTAT
,TCAGTAATTC
,TGTAACTTTTCT
,TGTTGGTGTT
,TTCTACTAAA
,TTGTCAGTTT
,TTTACTAAT
,TTTACTAAT
,ATAAAAATA
,ATCTGTCTA
,CCATGACAGTACC
,CTAAATTTAAATC
,TCTACATCT
,TGTAACTTC
,TTTGTTACGCATTGTTT
,TTTTGTTTT
,AACTTATAA
,AATCACTAA
,ATAATATTA
,ATGACAGTA
,ATGGTGGTC
,ATTATAATAATATTA
,CGACTCAGC
,CTATTAATA
,CTGCACAAG
,CTTGGTCTA
,GCGTATGCG
,TTAATAATT
,TTAATACTA
,TTGTTACACATTGTT
,TTTCACTTT
,ATTATAATAATATTA
,AAGGTGTTTA
,ACTTTGTTAA
,AGTATTATGA
,ATTATAATT
,ATTATAATT
,ATTCTACTAA
,GTATGGATAA
,GTTGTTGTTG
,TAATTTTAAT
,TACTTTTCAT
,TATTTTTAT
,TATTTTTAT
,TATTTTTAT
,TCAGTAATTC
,TGTAACTTTTCTGAA
,TTATACTAGT
,TTATACTAGT
,TTCTACTAAA
,TTGTCAGTTT
,TTTACTAAT
,TTTACTAAT
,TTTATTATTA
,TTTTAGTGGT
,TAATTTTAAT
,ATACTTTTCATA
,ATTATAATAATATTA
,GATGTTTTTGTAG
,TAATTTTAAT
,TAATTTTAAT
,TAATTTTAAT
,ATCACACTA
,CAAACACAAAC
,GTGGTGGTG
,TAATTTTAAT
,TACTTTTCAT
,TTTCACTTT
,ACTACCAAAG
,AGTATTATGA
,ATTATAATAATATTA
,CACTGTTTTT
,TAATTTTAAT
,TACTTTTCAT
,AGTGGTTAT
,ATAATATGAC
,ATAATATGA
,ATGTTGGTG
,ATTATAATAATATTA
,ATTTTAGTG
,CAATGTAAC
,GTGGTGGAC
,GTTTTATAAC
,TAATAATAT
,TAATTTTAAT
,TATTAACAT
,TATTCGTATT
,TCTTGGTCA
,TGGATAGGT
,TTCACCAAG
,TTGTTTTAT
,TTTGTTTGAC
,TTTTAATTTT
,TTTTCTTTT
,TTTTGTTTG
,TTAATTTTAATT
,TTTTAATTTT
,TTGTTACACATTGTT
,TTGTTACACATTGTT
,TAATTTTAAT
,AACTTATAA
,AATCACTAA
,ATAATATTA
,ATGACAGTA
,ATGGTGGTC
,ATTATAATAATATTA
,CGACTCAGC
,CTATTAATA
,CTGCACAAG
,CTTGGTCTA
,GCGTATGCG
,TTAATAATT
,TTAATACTA
,TTAATATTT
,TTGTTACACATTGTT
,TTTCACTTT
,ATAAAAATA
,ATCTGTCTA
,CCATGACAGTACC
,CTAAATTTAAATC
,GATTTTTGT
,TAACGCAAT
,TAACTCAAT
,TATTCGTAT
,TCTACATCT
,TGTAACTTC
,TTTCACTTT
,TTTGTTACGCATTGTTT
,TTTTCACTT
,TTTTGTTTT
,AGTATTATGA
,ATTATAATAATATTA
,CACTGTTTTT
,TAATTTTAAT
,TACTTTTCAT
,TGTAACTTTTCTGAA
,TGTATTTTAA
,ATTATAATAATATTA
,TTGTTACACATTGTT
,TTGTTACACATTGTT
,AAACTGGTT
,AAATGTAAA
,AACAAACAA
,AACTAATTA
,AATAGTTTT
,AATGAGTAA
,ACCATACCA
,ACTGTGTCA
,ATACATTTTACATA
,ATTATAATAATATTA
,ATTGTTGTA
,CATTACTGC
,CATTCTTAC
,CATTGTAATT
,CATTGTAATT
,CGTATTATT
,CTAGTTATT
,CTTACTTCT
,TAATGGTGG
,TAATTCACT
,TAATTTCTC
,TAATTTTAG
,TATCAAACG
,TATGAGAGA
,TATTCGTAT
,TATTTTTAT
,TCTAACGAA
,TCTTACTTC
,TGAAAAATC
,TGGTTTAAT
,TGTTGTTGT
,TTGATCGTA
,TTGTGATAA
,TTGTTACTCATTGTT
,TTGTTTTAT
,TTTAATGGT
,TTTACTAAT
,TTTCACTTA
,TTTGTATAA
,TTTGTGATA
,AAATGGTGAT
,AAGATGGTA
,AATTTAATA
,AATTTTAGTG
,AATTTTAGT
,ACAGCACAT
,ACCACACCA
,ACCATACCA
,ACTATATCA
,ACTTATTCA
,ATAATATTA
,ATAATTTTA
,ATATGTATA
,ATGAAAGTA
,ATTATAATAATATTA
,ATTCGTATT
,CAAGAGAAC
,CAATGTAAC
,CATCACTAC
,CCATACCACA
,CGACTCAGC
,CTTAGTAAT
,GAATATAAG
,GTAATTTTA
,GTAGACATT
,GTGTAGTAA
,GTTGTTGTTG
,TAACTTTAA
,TAATTTTAAT
,TACTTATTC
,TATAGAACTT
,TATTCTTCT
,TATTTTTAT
,TGGTCTACT
,TGTTGTTGT
,TTAATAATT
,TTCAGTTTC
,TTGACCAGTT
,TTGTTACACATTGTT
,TTGTTTTAT
,TTGTTTTTAC
,TTTAATAAT
,TTTAATTTT
,TTTATAATTT
,TTTCTAGAA
,TTTCTCTTT
,TTTGTATGA
,TTTTAATAT
,TTTTAATTTT
,TTTTAGTGGT
,AGTATTATGA
,ATTATAATAATATTA
,CACTGTTTTT
,TAATTTTAAT
,TACTTTTCAT
,TAATTTTAAT
,CAAACACAAAC
,TAATTTTAAT
,TACTTTTCAT
,TCCTACCATCCT
,GTAATAATG
,TGTTGTTGT
,TTCTTTCTT
,TTGTAATTT
,GTAATAATG
,TGTTGTTGT
,TTCTTTCTT
,TTGTAATTT
,TTGTTACACATTGTT
,ATTATAATAATATTA
,TGTAACTTTTCTGAA
,TATTAAATTAT
,AAGGTGTTTA
,ACTTTGTTAA
,AGTATTATGA
,ATTATAATT
,ATTATAATT
,ATTCTACTAA
,GTATGGATAA
,GTTGTTGTTG
,TAATTTTAAT
,TACTTTTCAT
,TATTTTTAT
,TATTTTTAT
,TATTTTTAT
,TCAGTAATTC
,TGTAACTTTTCTGAA
,TTATACTAGT
,TTCTACTAAA
,TTGTCAGTTT
,TTTACTAAT
,TTTACTAAT
,TTTTAGTGGT
,TAATTTTAAT
,CAAACACAAAC
,TAATTTTAAT
,TACTTTTCAT
,TCCTACCATCCT
,AATGGTGAT
,AGTATTATGA
,ATTATAATAATATTA
,CAATATAAC
,CAGGTGGAC
,CATTCTTAC
,GAATTTAAG
,GTGGTGGTG
,TAACGCAAT
,TAATCATACTAAT
,TAATTTTAAT
,TACTAATCAT
,TACTTTTCAT
,TGTATTTTA
,TGTTTTTGT
,TTAACAACT
,TTAAGCACGAATT
,TTTCACTTT
,AGTTTTAATGC
,ATTATAATAATATTA
,CAAACACAAAC
,CATGGTAAATG
,TTTGTTACACATTGTTT
,ATGTTGGTG
,ATGTTGGTG
,TTGTTACACATTGTT
,TAATTTTAAT
,TAATTTTAAT
,TACTTTTCAT
,TCAAACACAAACT
,CAAACACAAAC
,TAATTTTAAT
,TACTTTTCAT
,TCCTACCATCCT
,AAAAGAACT
,AACAGTTTC
,AAGTGCTAT
,AATCACTAA
,AATGAGTAA
,ACATTAACT
,ACCATACCA
,ACTACATCA
,AGTAGTTTT
,AGTGTTTGT
,ATATGTATA
,ATGTTGGTG
,ATGTTGGTG
,CAACACAAC
,CTCATAACT
,GGTGGTAAA
,GTCAATACT
,GTCAATGGT
,GTGAAAGTA
,GTGCTCGTG
,GTGGTGGAC
,TAATGAAAG
,TAATTATTT
,TAGTTTTAG
,TATATGTAT
,TATTTTTAT
,TGTTGGTCA
,TGTTGTTGT
,TTAATAATT
,TTATAATTT
,TTATCGTGA
,TTCTGTCTT
,TTGACAGTT
,TTGTTACACATTGTT
,TTTAAATTT
,TTTATCGTG
,TTTCTCTTT
,TTTTATTTT
,ATTATAATAATATTA
,CTAAATTTAAATC
,TTTGTTACACATTGTTT
,ATTATAATAATATTA
,TGTAACTTTTCTGAA
,AAAAGAACT
,AACTTATAA
,AATCACTAA
,ACAGATGTT
,ACTACATCA
,AGGTATGGA
,ATAATATTA
,ATAATTTTA
,ATATGTATA
,ATATTCAAA
,ATTATAATAATATTA
,ATTTTAATG
,CGACTCAGC
,CTATTAATA
,CTGCACAAG
,GACGTCAAC
,GATTATAAT
,GGTGGTAAA
,GTATTGTTG
,GTGCTCGTG
,GTTAAGCAG
,TAAATGGTG
,TAATTCACT
,TAATTTTAG
,TACTTCTAT
,TATTTTAAT
,TATTTTTAT
,TCTATAGAA
,TGTTGGTCA
,TGTTGTTGT
,TTAATAATT
,TTGTTACACATTGTT
,TTTAAATTT
,TTTAATTTT
,TTTCACTTT
,TTTCTCTTT
,TTTTAGTTT
,TGGTCCTGGT
,TTGTTACACATTGTT
,TTTGTTTGAC
,TTGTTACACATTGTT
,CACTGTTTTT
,TGTAACTTTTCTGAA
,TTATACTAGT
,TTGTTACACATTGTT
,ATTATAATAATATTA
,TTTGTTACACATTGTTT
,ATAAAAATA
,ATCTGTCTA
,CATTCTTAC
,CCATGACAGTACC
,CTAAATTTAAATC
,GATTTTTGT
,TAACGCAAT
,TAACTCAAT
,TATTCGTAT
,TCTACATCT
,TGTAACTTC
,TTTCACTTT
,TTTGTTACGCATTGTTT
,TTTTCACTT
,TTTTGTTTT
,AACTTATAA
,AATCACTAA
,ATAATATTA
,ATGACAGTA
,ATGGTGGTC
,ATTATAATAATATTA
,CGACTCAGC
,CTATTAATA
,CTGCACAAG
,CTTGGTCTA
,GCGTATGCG
,TACAAACAT
,TTAATAATT
,TTAATACTA
,TTAATATTT
,TTGTTACACATTGTT
,TTTCACTTT
,AATTATGAA
,ATAGTAATT
,ATATGTGTT
,ATTTATAAT
,CTGCTGGTT
,GATTGTTTT
,GGCTCTGGA
,GTATATATG
,GTATTTATA
,GTTGTTGTT
,TAGTAATGT
,TATAGATAT
,TGGTTTGGT
,TGTTGTTGT
,TTGTAATTT
,TTTCGTTTGCTTT
,TTGTTACACATTGTT
,CAAACACAAAC
,TAATTTTAAT
,TACTTTTCAT
,TCCTACCATCCT
,AAACACAAA
,TAATTTTAAT
,TACTTTTCAT
,TCCTACCATCCT
,TTTAATTTG
,TTTCACTTT
,ATTATAATAATATTA
,TGTAACTTTTCTGAA
,AACTTATAA
,AACTTTCAA
,AAGGTTAAC
,AAGTTGTAA
,AATCACTAA
,AATGAGTAA
,ACGCCATAC
,ACTACATCA
,ACTTCTTTTG
,AGGTGGTGGA
,ATAATATTA
,ATATGTATA
,ATATTCAAA
,ATGACAGTA
,ATGGTGGTC
,ATTATAATAATATTA
,ATTATAATT
,CATAATTTTG
,CGACTCAGC
,CTATTAATA
,CTTGGTCTA
,GATTATAAT
,GCGTATGCG
,GGTGGTAAA
,GGTGTTGTGG
,GTAATTTTAG
,GTGCTCGTG
,GTTAAGCAG
,GTTGTTGTTG
,TAATTCACT
,TAATTTTAAT
,TAATTTTGA
,TATTCTTCTA
,TATTTTTAT
,TGCGACAACA
,TGGATTACC
,TGGTTTTAA
,TGTTGTTGT
,TTAAATGGTG
,TTAATAATT
,TTAATACTA
,TTATAATTT
,TTCAGACCA
,TTGTTACACATTGTT
,TTTAATTTT
,TTTCACTTT
,TTTCTCTTT
,TTTGTATGAC
,TTTTAATTTT
,TTTTGAATG
,TAATTTTAAT
,ACCCCCCCCCA
,CAAACACAAAC
,CCCAAACCC
,CCCCAGACCCC
,CCCCCAAAACCCCC
,GTGGTGGTG
,TAATTTTAAT
,TTTCACTTT
,AACTTGTTG
,AGTTATCTA
,ATAATAATA
,ATCTGTCTA
,CATTCTTAC
,CCATGACAGTACC
,CTCGGTAGT
,TAACGCAAT
,TAACTCAAT
,TATTCGTAT
,TATTCTTAT
,TCTACATCT
,TGTAACTTC
,TGTAAGTTT
,TTACTAATCATT
,TTGGACAAA
,TTTTGTTTT
,TTTTTAATG
,TGTAACTTTTCTGAA
,ATTATAATAATATTA
,TTAACAATT
,TTAACAATT
,TTAACAATT
,TTGTTACACATTGTT
,CCATGACAGTACC
,CTAAATTTAAATC
,TTTGTTACGCATTGTTT
,AACTTATAA
,AATCACTAA
,ACATTGTTACA
,ATAATATTA
,ATGACAGTA
,ATGGTGGTC
,ATTATAATAATATTA
,ATTCAAACTTA
,CAAACACAAAC
,CGACTCAGC
,CTATTAATA
,CTTGGTCTA
,GCGTATGCG
,TACAAACAT
,TTAATAATT
,TTAATACTA
,TTAATATTT
,TTGTTACACATTGTT
,TTTCACTTT
,CAAACACAAAC
,CAGTCTGAC
,CCTTTTTCC
,TAATTTTAAT
,TTTCACTTT
,TTTTAATTTT
,ATTTTAGTGATTTTA
,GAAACCAAAG
,GTAATTTTA
,GTAATTTTA
,GTGGACCCAT
,TAATTTTAAT
,TTTGTTACACATTGTTT
,TTTGTTGTTT
,CAAACACAAAC
,TAATTTTAAT
,TACTTTTCAT
,TCCTACCATCCT
,ATCTGTCTA
,CCATGACAGTACC
,CTAAATTTAAATC
,TCTACATCT
,TGTAACTTC
,TTTGTTACGCATTGTTT
,TTTTGTTTT
,CCATGACAGTACC
,TATAACTCAATAT
,TTTGTTACGCATTGTTT
,CAAACACAAAC
,TAATTTTAAT
,TACTTTTCAT
,ATTATAATAATATTA
,GGAATTTAAGG
,GTTACACATTG
,TAATTTTAAT
,TAGTGGTGAT
,TCAAACACAAACT
,TTAACCAATT
,TTATGCGTATT
,TTATTATAAT
,TTTGTTGTTT
,AAAGTGAAA
,AACTATCAA
,AATAATTTA
,AATGAGTAA
,ACAATTACA
,ACCTATTTT
,ACGTAACAT
,ACTAACTGTA
,ACTATATCA
,ACTTACGTA
,AGTTAGAGTA
,ATAATATTA
,ATATATATA
,ATCAAAGTA
,ATGGTTGTT
,ATTCACTTA
,ATTCTTCTA
,ATTTTAATG
,ATTTTAATG
,ATTTTGACTA
,ATTTTGGTAA
,CAAGATAAT
,CCAGTTTTA
,GATTACTTG
,GGTTTCGTG
,GTAATTTTA
,GTAATTTTT
,GTTATATTG
,GTTGTTGTTG
,TAACTATCA
,TAATTTTGAC
,TACATTAAC
,TATGGTTCTA
,TATTGTAGT
,TATTTTTAT
,TATTTTTAT
,TATTTTTAT
,TGATGTAGT
,TGATTATAA
,TGGTTTTAA
,TGTGTGTGT
,TGTTGTTGGT
,TGTTGTTGT
,TTAATAATC
,TTACTGTTA
,TTAGGTGGT
,TTAGTAATT
,TTAGTAATT
,TTATAATATT
,TTATAATTT
,TTATGTGAGT
,TTCTTCTAAA
,TTTAATTTT
,TTTATAATA
,TTTTAATTTT
,TTTTAATTT
,AACTTATAA
,AATCACTAA
,ACACATTGTTACACA
,ATAATATTA
,ATGACAGTA
,ATGGTGGTC
,ATTATAATAATATTA
,CGACTCAGC
,CTATTAATA
,CTGCACAAG
,CTTGGTCTA
,GCGTATGCG
,TACACACAT
,TTAATAATT
,TTAATACTA
,TTAATATTT
,TTGTTACACATTGTT
,TTTCACTTT
,ATAAAAATA
,ATCTGTCTA
,CCATGACAGTACC
,CTAAATTTAAATC
,TCTACATCT
,TGTAACTTC
,TTTGTTACGCATTGTTT
,TTTTGTTTT
,AACTTATAA
,AACTTTCAA
,AAGGTTAAC
,AATCACTAA
,AATGAGTAA
,ACGCCATAC
,ACTACATCA
,ATAATATTA
,ATATGTATA
,ATATTCAAA
,ATATTTGTG
,ATGACAGTA
,ATGGTGGTC
,ATTATAATAATATTA
,ATTATAATT
,CGACTCAGC
,CTATTAATA
,CTGCACAAG
,CTTGGTCTA
,GATTATAAT
,GCGTATGCG
,GGTGGTAAA
,GGTGTTTAT
,GGTGTTTAT
,GTGCTCGTG
,GTTAAGCAG
,TAATTCACT
,TAATTTTGA
,TATTTTTAT
,TGGATTACC
,TGGTTTTAA
,TGTTGTTGT
,TTAATAATT
,TTAATACTA
,TTATAATTT
,TTCAGACCA
,TTGTTACACATTGTT
,TTTAATTTT
,TTTCACTTT
,TTTCTCTTT
,TTTTGAATG
,AAAATGGTG
,AAATGGTGT
,AAGTTGTTT
,AATATTAATA
,AATGAGTAA
,AATGGTGTAG
,AATTCTTAA
,AATTTTTAA
,ACAACATTAC
,ACATATTTGT
,ACCAATTTT
,ACCATACCA
,ACTACATCA
,AGTACTTCT
,AGTAGTTTT
,AGTGTTTGT
,ATAAAAATA
,ATAATATTT
,ATATGTATA
,ATCTGTCTA
,ATTGAGAAC
,ATTGTAATT
,CAGGTATGA
,CATTCTTAC
,CCATGACAGTACC
,CTAAATTTAAATC
,CTATTATTAC
,GACATTACAG
,GATTTTTGT
,GTGTTTGTT
,GTTGTTGTTG
,GTTTTAAAA
,TAACGCAAT
,TAACTCAAT
,TAATTTTAAT
,TATAATAGT
,TATGGATAA
,TATTCATTT
,TATTCGTAT
,TATTTTTAT
,TCACTAACG
,TCATTGTAA
,TCTACATCT
,TGAAAAATC
,TGTAACTTC
,TGTAAGGGT
,TGTTGTTGT
,TTACAGAGA
,TTATAATTT
,TTATTGAAGA
,TTCTCTCTT
,TTGGTCAGT
,TTGTCTGTT
,TTTACATCA
,TTTAGACCA
,TTTATAATTT
,TTTCACTTT
,TTTGTGATA
,TTTGTTACGCATTGTTT
,TTTTCACTT
,TTTTGTACAG
,TTTTGTTTT
,TTTTTAATGG
,AAGTAATGC
,AATGGTGAT
,AGTATTATGA
,ATTATAATAATATTA
,CACTGTTTTT
,CAGGTGGAC
,GAATTTAAG
,GTGACAATT
,GTGGTGGTG
,TAATCATACTAAT
,TAATTTTAAT
,TAATTTTAA
,TACTAATCAT
,TACTTTTCAT
,TGTAACTTTTCTGAA
,TGTATTTTAA
,TGTATTTTA
,TGTTTTTGT
,TTCATACTT
,TTTCACTTT
,TTTTAGTGA
,AATTTAATAAT
,TTGTTACACATTGTT
,TAATTTTAAT
,CAAACACAAAC
,TAATTTTAAT
,TACTTTTCAT
,TCCTACCATCCT
,CAAACACAAAC
,TAATTTTAAT
,TACTTTTCAT
,TAGTGGTGAT
,TCCTACCATCCT
,AAAATTAAT
,AACCCCCAA
,AACTTTCAA
,AATGAGTAA
,AATGGTGAT
,AATTGTTTC
,ACTATATCA
,ACTTTGTTAA
,AGTATTATGA
,ATATGTATA
,ATGTAACAA
,ATTATAATAATATTA
,ATTATAATTT
,ATTATAATT
,CAATATAAC
,CACTGTTTTT
,CAGGTGGAC
,CATTACTGC
,CATTCTTAC
,CGTTAACTAA
,GAAGATGTT
,GAATTTAAG
,GGTGAATTA
,GTAGAAGATG
,GTGGTGGTG
,GTTGTTGTTG
,TAACAACTT
,TAACGCAAT
,TAATTTTAAT
,TAATTTTAA
,TACTTTTCAT
,TATTAATTAT
,TATTATTAT
,TATTTTTAT
,TATTTTTAT
,TATTTTTAT
,TGTAACTTTTCT
,TGTATTTTA
,TGTTGGTGTT
,TGTTGTTGT
,TGTTTTTGT
,TTAACAACT
,TTATAATTTA
,TTATAATTT
,TTCTACTAA
,TTCTAGAAAT
,TTCTCTTCTCTT
,TTGTCTGTT
,TTGTGCAAC
,TTTATAATTTAA
,TTTCACTTT
,TTTCAGATGG
,TTTTAGTGA
,TAATTTTAAT
,TTGGTTTGGTT
,ATCACACTA
,CAAACACAAAC
,GTGGTGGTG
,TAATTTTAAT
,TACTTTTCAT
,TTTCACTTT
,ATTATAATAATATTA
,TGTAACTTTTCT
,TTGTTACACATTGTT
,ATATAATATA
,ATTATAATAATATTA
,CACTGTTTTT
,TAATTTTAAT
,TACTTTTCAT
,TGTAACTTTTCTGAA
,ATTATAATAATATTA
,GGAATTTAAGG
,GTTACACATTG
,TAATTTTAAT
,TAGTGGTGAT
,TCAAACACAAACT
,TCTTCACTTCT
,TTAACCAATT
,TTATGCGTATT
,TTTGTTGTTT
,TTGTTACACATTGTT
,CCATGACAGTACC
,CTAAATTTAAATC
,GATTTTTGT
,TGTTTTTAG
,TTTGTTACGCATTGTTT
,TAATTTTAAT
,AGTATTATGA
,ATTATAATAATATTA
,TAATTTTAAT
,TACTTTTCAT
,TGTAACTTTTCTGAA
,TTATACTAGT
,ACAAAAACA
,GTGGTGGTG
,TAATGAAAGTAAT
,TTTCACTTT
,TAATTTTAAT
,CAAACACAAAC
,TAATTTTAAT
,TACTTTTCAT
,TCCTACCATCCT
,CAAACACAAAC
,TAATTTTAAT
,TACTTTTCAT
,TCCTACCATCCT
,CAAACACAAAC
,TAATTTTAAT
,TACTTTTCAT
,GTAATAATG
,TGTTGTTGT
,TTCTTTCTT
,TTGTAATTT
,TCGTAATTTTAATGCT
,TTGTTACACATTGTT
,AAACGCAAA
,AAAGATGTT
,AAATGGACA
,AAATTATGA
,AAATTATTT
,AAGACCAGAA
,AAGGTGGAA
,AATTGTTGT
,AATTTAAAT
,ACATTATTTT
,ACATTCGTAT
,ACCATACCA
,ACCCATTAT
,ACTTATTTA
,AGAGCAACA
,AGTTCCAGT
,AGTTTTTGA
,ATGCAGTGGT
,ATGTTTTAAT
,ATGTTTTAA
,ATTAAAGAA
,ATTGCGTTA
,CAGGAGGAC
,CATTATTAC
,CCAGTTAGT
,CGACATTATT
,CTGTTTTTA
,GAAGTTAAT
,GGTGTGTAT
,GTAAATTTA
,GTGGTTTTA
,GTTATAGTA
,GTTATAGTA
,GTTGTACTT
,GTTGTTGTTG
,GTTGTTGTT
,GTTTATTAA
,TAAATGTTA
,TAAATGTTA
,TAAGAATTTT
,TAATTTTAAT
,TAGTGGTAA
,TAGTGGTGAT
,TCATGTACT
,TGATAATAGT
,TGGTTTTGGT
,TGTTGTTGT
,TGTTTTAAA
,TGTTTTAAA
,TGTTTTTAT
,TTAACAATT
,TTAAGTAGT
,TTATTAATC
,TTATTTATT
,TTGTAAAGGT
,TTTAAATGGT
,TTTAATAAA
,TTTAATTTT
,TTTATTAAA
,TTTCACTTT
,TTTGATTCA
,TTTTAATAA
,TTTTAATTTT
,TTTTGGTGTA
,TTTTGTTACACATTGTTTT
,ATTTTACTCATTTTA
,TTTGTTACACATTGTTT
,AGTATTATGA
,ATTATAATAATATTA
,CACTGTTTTT
,TAATTTTAAT
,TACTTTTCAT
,TTTTAATTTG
,TTGTTACACATTGTT
,ATGAAAGTA
,CAAACACAAAC
,GTGGTGGTG
,TAATTTTAAT
,TTTCACTTT
,TTGTTACACATTGTT
,CACTGTTTTT
,TAATTTTAAT
,TACTTTTCAT
,TGTAACTTTTCTGAA
,TTATACTAGT
,TTGTTACTCATTGTT
,CAAACACAAAC
,TAATTTTAAT
,TTTTAATTTT
,AGTGGTAAAT
,ATTATAATAATATTA
,GGAATTTAAGG
,GTTACACATTG
,TAATTTTAAT
,TAGTGGTGAT
,TCAAACACAAACT
,TCTTCACTTCT
,TTAACCAATT
,TTATGCGTATT
,TTTGTTGTTT
,TTGTTACACATTGTT
,CAAACACAAAC
,TAATTTTAAT
,TACTTTTCAT
,TCCTACCATCCT
,ACATTGTTACA
,TTGTTACACATTGTT
,TTGTTACACATTGTT
,ATTATAATAATATTA
,TAATTTTAAT
,TACTTTTCAT
,TCATGGTACT
,TGTAACTTTTCTGAA
,TTATACTAGT
,CAAACACAAAC
,TACTTTTCAT
,CAAACACAAAC
,TAATTTTAAT
,TACTTTTCAT
,TCCTACCATCCT
,ATTATAATAATATTA
,CTAAATTTAAATC
,TTTGTTACACATTGTTT
,TAATGAAAGTAAT
,TAATTTTAAT
,CAAACACAAAC
,TAATTTTAAT
,TACTTTTCAT
,CAAACACAAAC
,TAATTTTAAT
,TACTTTTCAT
,TAATTTTAAT
,ATAAAAATA
,CATTCTTAC
,CCATGACAGTACC
,CTAAATTTAAATC
,GATTTTTGT
,TAACGCAAT
,TAACTCAAT
,TATTCGTAT
,TCTACATCT
,TGTAACTTC
,TGTTTTTGT
,TTTCACTTT
,TTTGTTACGCATTGTTT
,TTTTCACTT
,TTTTGTTTT
,TTTTTAATG
,AAAATGGTG
,AAAGTTGTTT
,AAATGGTGT
,AATATTAATA
,AATGAGTAA
,AATGGTGTAG
,AATTCTTAA
,AATTTTTAA
,ACAACATTAC
,ACATATTTGT
,ACCAATTTT
,ACCATACCA
,ACTACATCA
,AGTACTTCT
,AGTAGTTTT
,AGTGTTTGT
,ATAAAAATA
,ATAATATTT
,ATATGTATA
,ATCTGTCTA
,ATTGAGAAC
,ATTGTAATT
,CAGGTATGA
,CATTCTTAC
,CCATGACAGTACC
,CTAAATTTAAATC
,CTATTATTAC
,GACATTACAG
,GATTTTTGT
,GTGTTTGTT
,GTTGTTGTTG
,GTTTTAAAA
,TAACGCAAT
,TAACTCAAT
,TAATTTTAAT
,TATAATAGT
,TATGGATAA
,TATTCATTT
,TATTCGTAT
,TATTTTTAT
,TCACTAACG
,TCATTGTAA
,TGAAAAATC
,TGTAACTTC
,TGTAAGGGT
,TGTTGTTGT
,TTACAGAGA
,TTATAATTT
,TTATTGAAGA
,TTCTCTCTT
,TTGGTCAGT
,TTGTCTGTT
,TTTACATCA
,TTTAGACCA
,TTTATAATTT
,TTTCACTTT
,TTTGTGATA
,TTTGTTACGCATTGTTT
,TTTTCACTT
,TTTTGTACAG
,TTTTGTTTT
,TTTTTAATGG
,AAGCGGGCG
,AGTGCGTGA
,CAACCATACCAAC
,CGTGCGTGC
,GCGGCGGCG
,GCGTATGCG
,GTATGCGGT
,GTGTATGTG
,GTGTTTGTG
,TAGCGCGAT
,TATGCGTAT
,TATGTGTAT
,TATTATTAT
,AAAAAAGGA
,AAACTGGTT
,AACAAACAA
,AACTCGTAG
,AATAGTTTT
,AATGAGTAA
,AATTGTATT
,AATTTTAGTG
,AATTTTAGT
,ACCATACCA
,ACTGTGTCA
,AGTAGTTTTC
,ATACATTTTACATA
,ATAGGTGTG
,ATTCTTCTA
,CATAATGAA
,CATTACTGC
,CATTCCTTAC
,CATTCTTAC
,CATTGTAATT
,CATTGTAATT
,CTTACTTCT
,GAGTTAACT
,GGTTTTAAAA
,GTATTACTG
,GTGGTTTTA
,GTTGTTGTTG
,TAATGGTGGT
,TAATTTTAAT
,TAATTTTAGT
,TACAATAGTG
,TAGTTTTCA
,TATAATTTTA
,TATTCGTATT
,TATTCTTAT
,TATTTTTAT
,TCTTACTTC
,TGAAAAATC
,TGATTTAGT
,TGGATAGGT
,TGTTGTTGT
,TTAACCAATT
,TTGTTACTCATTGTT
,TTGTTTTAT
,TTTAATGGT
,TTTAATGGT
,TTTACTAAT
,TTTAGTTTT
,TTTCAGATGG
,TTTCTGGTG
,TTTGTATAA
,TAATTTTAAT
,TTGTTACACATTGTT
,TTTGTTACACATTGTTT
,TTGTTACACATTGTT
,TTGTTACACATTGTT
,AATTTATATG
,ATTATAATAATATTA
,ATTCGTATTG
,GATGTTGTAG
,TAATAATTAT
,TAATTTTAAT
,TTAAATGGTG
,TTGTTACACATTGTT
,TTTTAATTTT
,ATTCAAACTTA
,CAAACACAAAC
,TAATTTTAAT
,TTTTAATTTT
,AGTATTATGA
,ATTATAATAATATTA
,CACTGTTTTT
,TAATTTTAAT
,TACTTTTCAT
,ATTCAAACTTA
,CAAACACAAAC
,TAATTTTAAT
,TTTTAATTTT
,AAAAGAACT
,AACTTTCAA
,AAGTTGTTT
,AATAATTTC
,AATTTAATA
,AATTTTACT
,AATTTTAGT
,ACATTGTAA
,ACCAAACCA
,ACCATACCA
,ACTAAGAGT
,ACTACATCA
,ACTTTGACT
,AGTAAATGA
,ATAATATTA
,ATAGTGATA
,ATATGTATA
,ATTATAATAATATTA
,ATTATTTTG
,ATTTCACAT
,CAGGTGGAC
,CATTACTGC
,CCTTATTCC
,CTGCACAAG
,GTAATTTTA
,GTATACTTA
,GTGCTCGTG
,TAATTTTAG
,TAGTAATAG
,TATTTAGAT
,TCATTTTAA
,TGAATAAGT
,TGGTTTTAA
,TGTTGGTCA
,TGTTGTTGT
,TTATCGTGA
,TTATTTTAT
,TTTAAATTT
,TTTATCGTG
,TTTATTAAT
,TTTGTTACACATTGTTT
,TTTTGTTTT
,TTTTTAATG
,AACTTTCAA
,AAGGTGTTTA
,AATGAGTAA
,ACATATTGT
,ACTATATCA
,ACTTTGTTAA
,AGAAGATAT
,AGTACTTTT
,ATATGTATA
,ATGTAACAA
,ATTATAATAATATTA
,ATTATAATT
,ATTATAATT
,ATTCTACTAA
,CAATATAAC
,CACAATTAT
,CAGGTGGAC
,CATTACTGC
,CATTCTTAC
,CGAATAATT
,CGTTAACTAA
,GAATTTAAG
,GGTGAATTA
,GTAATTTTT
,GTATGGATAA
,GTGGTGGTG
,GTTGTTGTTG
,TAACAACTT
,TAATTTTAAT
,TAATTTTAGT
,TACTTTTCAT
,TATTATTAT
,TATTTTTAT
,TATTTTTAT
,TATTTTTAT
,TCAGTAATTC
,TGAAAAATC
,TGGTAATATA
,TGTATTTTA
,TGTTGGTGTT
,TGTTGTTGT
,TTATTGTCT
,TTCTACTAAA
,TTGTCAGTTT
,TTGTCTGTT
,TTGTGATAA
,TTTACTTTT
,TTTATAATTT
,TTTCTCTTT
,TTTGTGATA
,TTTTATTTT
,TTTTTGTGG
,AGTATTATGA
,ATTATAATAATATTA
,CACTGTTTTT
,TAATTTTAAT
,TACTTTTCAT
,TGTAACTTTTCTGAA
,AACTATCAA
,AAGGTGTTTA
,AATAATTTC
,AATGAGTAA
,ACATATTGT
,ACTACTTTA
,AGAAGATAT
,AGGATCTTAT
,AGTGGTCAT
,ATATGTATA
,ATGTAACAA
,ATTATAATAATATTA
,ATTATAATT
,ATTCTACTAA
,ATTCTGCCA
,ATTTCACAT
,CAATATAAC
,CACAATTAT
,CACTGTTTTT
,CAGGTGGAC
,CATTACTGC
,CATTCTTAC
,CCGATAGCC
,CGTTAACTAA
,GAACATATT
,GAATTTAAG
,GGTCATTAT
,GTAAATTATA
,GTATGGATAA
,GTGGTGGTG
,GTTGTTGTTG
,TAATTTTAAT
,TAATTTTAA
,TAATTTTAGT
,TAATTTTGA
,TACTAATTA
,TACTTTTCAT
,TATTATTAT
,TATTTTTAT
,TATTTTTAT
,TATTTTTAT
,TCAGTAATTC
,TCATTATAAT
,TCATTTCTG
,TGAAAAATC
,TGTATTTTA
,TGTTGGTGTT
,TGTTGTTGT
,TTAATAATT
,TTCTACTAAA
,TTGTCAGTTT
,TTGTCTGTT
,TTTACTAAT
,TTTACTAAT
,TTTACTAAT
,TTTATAATTT
,TTTCACTTT
,TTTCTCTTT
,TTTTAGTGA
,TTTTAGTGGT
,TTTTTGTGG
,AGTGGTTAT
,ATAATATGA
,ATGTTGGTG
,ATTATAATAATATTA
,ATTTTAGTG
,CAATGTAAC
,CAGATTTTA
,GTGGTGGAC
,GTTTTATAAC
,TAATAATAT
,TAATTTTAAT
,TATTAACAT
,TATTCGTATT
,TCTTGGTCA
,TGGATAGGT
,TTCACCAAG
,TTGTTTTAT
,TTTGTTTGAC
,TTTTAATTTT
,TTTTCTTTT
,TTTTGTTTG
,TAATTTTAAT
,TTGTTACACATTGTT
,CCATGACAGTACC
,CTAAATTTAAATC
,TTTGTTACGCATTGTTT
,CCATGACAGTACC
,TTTGTTACGCATTGTTT
,CAAACACAAAC
,TAATTTTAAT
,TACTTTTCAT
,TCCTACCATCCT
,TAATTTTAAT
,ATTATAATAATATTA
,TAATTTTAAT
,TAAATTTAAAT
,TGATAATAGT
,TGGTTTTGGT
,TTGTTTTTGTT
,TTTTGTTACACATTGTTTT
,AGTATTATGA
,ATTATAATAATATTA
,CACTGTTTTT
,TAATTTTAAT
,TACTTTTCAT
,TGTAACTTTTCTGAA
,AATGGTGAT
,ATAATATTA
,ATTATAATAATATTA
,ATTATAATATTA
,ATTATAATA
,CAATATAAC
,CAGGTGGAC
,CATTCTTAC
,GAATTTAAG
,GTAATAATG
,GTGGTGGTG
,TAATATTAT
,TAATTTTAA
,TATAATATT
,TGTAACTTTTCT
,TGTATTTTA
,TGTTTTTGT
,TTTCACTTT
,TTTTAGTGA
,ACATTGTTACA
,TGGTCCTGGT
,TAATTTTAAT
,ACGTAATGCA
,ATAATATTA
,ATAATATTA
,ATTATAATAATATTA
,ATTATAATATTA
,ATTATAATA
,CACTGTTTTT
,TAACACAACT
,TAATAATTAT
,TAATGGTAAT
,TAATTTTAAT
,TATAATATTA
,TTAAATGGTG
,ATTCAAACTTA
,CAAACACAAAC
,TAATTTTAAT
,TTTTAATTTT
,AAACGCAAA
,AAAGATGTT
,AAATGGACA
,AAATTATGA
,AAATTATTT
,AAGACCAGAA
,AAGGTGGAA
,AATTGTTGT
,AATTTAAAT
,ACATTATTTT
,ACATTCGTAT
,ACCATACCA
,ACCCATTAT
,ACTTATTTA
,AGGTATGGA
,AGTGGTGAT
,AGTTTTTGA
,ATTGCGTTA
,CAGGAGGAC
,CATTATTAC
,CCAGTTAGT
,CTATTTTTA
,GAAGTTAAT
,GATGGTGATT
,GGTGTGTAT
,GTAAATTTA
,GTGATCATT
,GTGGTTTTA
,GTGTAGTAA
,GTTATAGTA
,GTTATAGTA
,GTTGTACTT
,GTTGTTGTTG
,GTTTATTAA
,TAAATGTTA
,TAAATGTTA
,TAAGAATTTT
,TAATTTTAAT
,TAGTGGTAA
,TAGTGGTGAT
,TATCCTTAT
,TATTCCTATT
,TATTTTTAT
,TATTTTTAT
,TATTTTTAT
,TCATGTACT
,TGATAATAGT
,TGCAGTGGT
,TGGTTTTGGT
,TGTTGTTGTT
,TGTTGTTGT
,TGTTGTTGT
,TGTTTTAAA
,TGTTTTAAA
,TTAACAATT
,TTAAGTAGT
,TTATTAATC
,TTATTTATT
,TTGTAAAGGT
,TTTAAATGGT
,TTTAATAAA
,TTTAATTTT
,TTTAGACCG
,TTTATTAAA
,TTTCACTTT
,TTTGATTCA
,TTTTAATAA
,TTTTAATTTT
,TTTTGGTGTA
,TTTTGTTACACATTGTTTT
,AGTATTATGA
,ATTATAATAATATTA
,TAATCATACTAAT
,TAATTTTAAT
,TACTAATCAT
,TACTTTTCAT
,TTAAGCACGAATT
,CAAACACAAAC
,TAATTTTAAT
,TACTTTTCAT
,TCCTACCATCCT
,TTGTTACACATTGTT
,CAAACACAAAC
,TAATTTTAAT
,TACTTTTCAT
,AAAATTAAT
,AAACTGGTT
,AACTTTCAA
,AAGTAATGC
,AATGAGTAA
,ACATATTGT
,ACTATATCA
,AGTATTATGA
,ATAATGATT
,ATATGTATA
,ATTAAGAACG
,ATTATAATAATATTA
,ATTATAATT
,CAATATAAC
,CACAATTAT
,CAGGTGGAC
,CATTACTGC
,CTCTCCTCTC
,CTCTCTCTC
,GAAGATGTT
,GAAGTTATTT
,GAATTTAAG
,GGTGAATTA
,GTAGAAGATG
,GTGGTGGTG
,GTTGTTGTTG
,TAACAACTT
,TAATTTTAAT
,TAATTTTAGT
,TAATTTTAG
,TACTAATCAT
,TACTTTTCAT
,TAGTTTTAA
,TATAATAAT
,TATCAAACG
,TATTATTAT
,TATTCTTAT
,TATTCTTCT
,TATTTTTAT
,TATTTTTAT
,TATTTTTAT
,TCAGATGGT
,TGTAACTTTTCTGAA
,TGTATTTTAA
,TGTATTTTA
,TGTTGAGTA
,TGTTGGTCA
,TGTTGGTGTT
,TGTTGTTGT
,TGTTTTTGT
,TTATAATGA
,TTCATACTT
,TTTACTAAT
,TTTACTAAT
,TTTAGTGGT
,TTTATAATTT
,TTTCACTTT
,TTTCTCTTT
,TTTTAATTTT
,TTTTAATTT
,TTTTCACTT
,TTGTTACACATTGTT
,ATTATAATAATATTA
,TAATTTTAAT
,TAATTTTAAT
,TAATTTTAAT
,TGTAACTTTTCTGA
,AACTTATAA
,AACTTTCAA
,AAGGTTAAC
,AATCACTAA
,AATGAGTAA
,ACGCCATAC
,ACTACATCA
,ACTTCTTTTG
,ATAATATTA
,ATATGTATA
,ATATTCAAA
,ATATTTGTG
,ATGACAGTA
,ATGGTGGTC
,ATTATAATAATATTA
,ATTATAATT
,CATAATTTTG
,CGACTCAGC
,CTATTAATA
,CTGCACAAG
,CTTGGTCTA
,GATTATAAT
,GCGTATGCG
,GGTGGTAAA
,GGTGTTGTGG
,GGTGTTTAT
,GGTGTTTAT
,GTAATTTTAG
,GTGCTCGTG
,GTTAAGCAG
,GTTGTTGTTG
,TAATTCACT
,TAATTTTAAT
,TAATTTTGA
,TATTCTTCTA
,TATTTTTAT
,TGCGACAACA
,TGGATTACC
,TGGTTTTAA
,TGTTGTTGT
,TTAAATGGTG
,TTAATAATT
,TTAATACTA
,TTAATATTT
,TTATAATTT
,TTCAGACCA
,TTGTTACACATTGTT
,TTTAATTTT
,TTTATAATTT
,TTTCACTTT
,TTTCTCTTT
,TTTTAATTTT
,TTTTGAATG
,CAAACACAAAC
,TAATTTTAAT
,TACTTTTCAT
,TCCTACCATCCT
,ATGAAAAGTA
,GTTACACATTG
,TTAACCAATT
,CAAACACAAAC
,TAATTTTAAT
,TTTTAATTTT
,AAAAGAACT
,AACAGTTTC
,AAGTGCTAT
,AATCACTAA
,AATGAGTAA
,ACATTAACT
,ACCATACCA
,ACTACATCA
,AGTGTTTGT
,ATATGTATA
,ATGTTGGTG
,ATGTTGGTG
,CAACACAAC
,CTCATAACT
,GGTGGTAAA
,GTCAATACT
,GTCAATGGT
,GTGAAAGTA
,GTGCTCGTG
,GTGGTGGAC
,TAATGAAAG
,TAATTATTT
,TAGTTTTAG
,TATATGTAT
,TATTTTTAT
,TGTTGGTCA
,TGTTGTTGT
,TTAATAATT
,TTATAATTT
,TTATCGTGA
,TTCTGTCTT
,TTGACAGTT
,TTGTTACACATTGTT
,TTTAAATTT
,TTTATCGTG
,TTTCTCTTT
,TTTTATTTT
,AGTGGTGATA
,ATTATAATAATATTA
,GGAATTTAAGG
,GTTACACATTG
,TAATTTTAAT
,TAGTGGTGAT
,TCAAACACAAACT
,TTAACCAATT
,TTATGCGTATT
,TTTGTTGTTT
,AGTGGTTAT
,ATAATATGA
,ATGTTGGTG
,ATTATAATAATATTA
,ATTTTAGTG
,CAGATTTTA
,GTGGTGGAC
,GTTTTATAAC
,TAATAATAT
,TAATTTTAAT
,TATTAACAT
,TATTATTAAT
,TATTCGTATT
,TCTTGGTCA
,TGGATAGGT
,TGGTCCTGGT
,TTCACCAAG
,TTGTTTTAT
,TTTGTTTGAC
,TTTTAATTTT
,TTTTCTTTT
,TTTTGTTTG
,ATATTGGTTATA
,ATTATAATAATATTA
,TTTGTTACACATTGTTT
,ATTATAATAATATTA
,TAATTTTAAT
,TAATTTTAAT
,TAATTTTAAT
,TGTAACTTTTCTGAA
,TAATTTTAAT
,AACCAGCAG
,AACTTTCAA
,AATCACTAA
,AATGAGTAA
,ACCAAAACCA
,ACGCCATAC
,ACTACATCA
,ACTTCTTTTG
,AGGTGGTGGA
,ATAATATTA
,ATATGTATA
,ATGACAGTA
,ATGGACTGTT
,ATGGTGGTC
,ATTATAATAATATTA
,ATTATAATT
,CGACTCAGC
,CTATTAATA
,CTCACACAT
,CTTGGTCTA
,GATTATAAT
,GCGTATGCG
,GGTGGTAAA
,GGTGTTGTGG
,GTGCTCGTG
,GTGTATGGT
,GTGTGTGTG
,GTTAAGCAG
,GTTGTTGTTG
,TAATTTTAAT
,TATGCTCTC
,TATTTTTAT
,TGCGACAACA
,TGGATTACC
,TGGTTTTAA
,TGTTGTTGT
,TTAAATGGTG
,TTAATAATT
,TTAATTTTGA
,TTATAATTT
,TTCAGACCA
,TTGTTACACATTGTT
,TTTAATTTT
,TTTCTCTTT
,TTTGTATGAC
,TTTTAACAA
,TTTTAATTTT
,ATTATAATAATATTA
,GGAATTTAAGG
,GTTACACATTG
,TAATTTTAAT
,TAGTGGTGAT
,TCAAACACAAACT
,TCTTCACTTCT
,TTAACCAATT
,TTATGCGTATT
,TTTGTTGTTT
,AACTTTCAA
,AAGGTGTTTA
,AATGAGTAA
,ACATATTGT
,ACTATATCA
,ACTTTGTTAA
,AGAAGATAT
,AGGATCTTAT
,AGTACTTTT
,ATATGTATA
,ATGTAACAA
,ATTATAATAATATTA
,ATTATAATT
,ATTATAATT
,ATTCTACTAA
,ATTCTGCCA
,CACAATTAT
,CACTGTTTTT
,CAGGTGGAC
,CGTGGTCAT
,CGTTAACTAA
,GAATTTAAG
,GGTGAATTA
,GTATGGATAA
,GTGGTGGTG
,GTTGTTGTTG
,TAACAACTT
,TAATTTTAAT
,TACTAATTA
,TACTTTTCAT
,TATAATTTT
,TATTATTAT
,TATTTTTAT
,TATTTTTAT
,TATTTTTAT
,TCAGTAATTC
,TGAAAAATC
,TGTAACTTTTCTGAA
,TGTATTTTA
,TGTTGGTGT
,TGTTGTTGT
,TTATCGTGA
,TTCTACTAAA
,TTGTCAGTTT
,TTGTCTGTT
,TTGTGATAA
,TTTACTAAT
,TTTACTAAT
,TTTATCGTG
,TTTCACTTT
,TTTGTGATA
,TTTTAGTGA
,TTTTTGTGG
,TTGTTACACATTGTT
,CAAACACAAAC
,TAATTTTAAT
,AATTTATATG
,GATGTTGTAG
,TTGTTACACATTGTT
,CAAACACAAAC
,TAATTTTAAT
,TACTTTTCAT
,TCCTACCATCCT
,AGTGGTTAT
,ATAATATGA
,ATGTTGGTG
,ATTATAATAATATTA
,ATTTTAGTG
,CAGATTTTA
,GTGGTGGAC
,GTTTTATAAC
,TAATAATAT
,TAATTTTAAT
,TATTAACAT
,TATTATTAAT
,TATTCGTATT
,TCTTGGTCA
,TGGATAGGT
,TTCACCAAG
,TTGTTACACATTGTT
,TTGTTTTAT
,TTTGTTTGAC
,TTTTAATTTT
,TTTTCTTTT
,TTTTGTTTG
,TAATTTTAAT
,TTGTTACACATTGTT
,CAAACACAAAC
,TAATTTTAAT
,TACTTTTCAT
,ATTCAAACTTA
,CAAACACAAAC
,TAATTTTAAT
,TTTTAATTTT
,AAAATTAAAA
,ATTAAAATTA
,GTTTGTGTTTG
,TAAGTTTGAAT
,AAAGGCCTGCT
,AACGGCGAT
,AGCGAGCGA
,AGTGCGTGA
,ATAGCGATA
,CAACCATACCAAC
,CAGACCCAGAC
,GCGGCGGCG
,GCGTATGCG
,GTGTATGTG
,GTGTTTGTG
,GTGTTTGTG
,GTGTTTGTG
,GTTTGTGTA
,TAGCGCGAT
,TAGCGCGGCGA
,TATGCGGTG
,TATGCGTAT
,TATGTGTAT
,TATTATTAT
,TGACCCAGT
,TGCTATCGT
,TGTATTTTA
,TGTTTTTGT
,TGTTTTTGT
,TAATGAAAGTAAT
,CAAACACAAAC
,TAATTTTAAT
,TACTTTTCAT
,AATATTAATA
,TAATTTTAAT
,TAGTGGTGAT
,TAGTGTATTT
,TTGTTACACATTGTT
,GTAATAATG
,TGTTGTTGT
,TTAATAATT
,TTGTAATTT
,TTTTTCTTTTT
,ATCACACTA
,CAAACACAAAC
,GTGGTGGTG
,TAATTTTAAT
,TACTTTTCAT
,TTTCACTTT
,AAAGGCCTGCT
,AACCATACCAA
,AACGGCGAT
,AGCGAGCGA
,AGTGCGTGA
,CAGACCCAGAC
,CGCGGAAGGCGC
,GCGCGGCGA
,GCGCGGCGA
,GCGGCGGCG
,GCGTATGCG
,GTGTATGTG
,GTGTATTTT
,GTGTTTGTG
,GTGTTTGTG
,GTGTTTGTG
,GTTTGTGTA
,TAGCGCGAT
,TATGCGTAT
,TATGTGTAT
,TATTATTAT
,TGTATTTTA
,AAAATGGTG
,AAATGGTGT
,AAGTTGTTT
,AATATTAATA
,AATGAGTAA
,AATGGTGTAG
,AATTCTTAA
,AATTTTTAA
,ACAACATTAC
,ACATATTTGT
,ACCAATTTT
,ACCATACCA
,ACTACATCA
,AGTACTTCT
,AGTAGTTTT
,AGTGTTTGT
,ATAAAAATA
,ATAATATTT
,ATATGTATA
,ATCTGTCTA
,ATTGAGAAC
,ATTGTAATT
,CAGGTATGA
,CATTCTTAC
,CCATGACAGTACC
,CTAAATTTAAATC
,CTATTATTAC
,GACATTACAG
,GATTTTTGT
,GCTTTAGAC
,GTGTTTGTT
,GTTGTTGTTG
,GTTTTAAAA
,TAACGCAAT
,TAACTCAAT
,TAATTTTAAT
,TATAATAGT
,TATGGATAA
,TATTCATTT
,TATTCGTAT
,TATTTTTAT
,TCACTAACG
,TCATTGTAA
,TCTACATCT
,TGAAAAATC
,TGTAACTTC
,TGTAAGGGT
,TGTTGTTGT
,TTACAGAGA
,TTATAATTT
,TTATTGAAGA
,TTCTCTCTT
,TTGGTCAGT
,TTGTCTGTT
,TTTACATCA
,TTTAGACCA
,TTTATAATTT
,TTTCACTTT
,TTTGTGATA
,TTTGTTACGCATTGTTT
,TTTTCACTT
,TTTTGTACAG
,TTTTGTTTT
,TTTTTAATG
,CAAACACAAAC
,TAATTTTAAT
,TACTTTTCAT
,TCCTACCATCCT
,AGTATTATGA
,ATTATAATAATATTA
,CACTGTTTTT
,TAATTTTAAT
,TACTTTTCAT
,TGTAACTTTTCTGAA
,AGTGGTTAT
,ATAATATGAC
,ATAATATGA
,ATGTTGGTG
,ATTATAATAATATTA
,ATTTTAGTG
,CAGATTTTA
,GTGGTGGAC
,GTTTTATAAC
,TAATAATAT
,TAATTTTAAT
,TATTAACAT
,TATTATTAAT
,TATTCGTATT
,TCTTGGTCAA
,TGGATAGGT
,TGGTCCTGGT
,TTCACCAAG
,TTGTTACACATTGTT
,TTGTTTTAT
,TTTGTTTGAC
,TTTTAATTTT
,TTTTCTTTT
,TTTTGTTTG
,TTGTTACACATTGTT
,CAAACACAAAC
,TAATTTTAAT
,TACTTTTCAT
,TCCTACCATCCT
,AAAGCGCCT
,ATATTCAAT
,ATCATACTA
,ATGTGTGGA
,CTACACATC
,GTTTTGTAA
,TGTAACTTC
,TTTGTTACACATTGTTT
,CCATGACAGTACC
,TATAACTCAATAT
,TTTGTTACGCATTGTTT
,TTGTTACACATTGTT
,ATTTTACATTTTA
,TAATGAAAGTAAT
,TAATTTTAAT
,TAATTTTAAT
,AACGCGTAT
,AACTTTCAA
,AAGGTGTTTA
,AATGAGTAA
,ACACATTAT
,ACATATTGT
,ACATTATTA
,ACTATATCA
,ACTTTGTTAA
,AGAAGATAT
,AGTACTTTT
,ATATGTATA
,ATGTAACAA
,ATTATAATAATATTA
,ATTATAATT
,ATTATAATT
,ATTCTACTAA
,ATTCTGCCA
,CAATATAAC
,CACAATTAT
,CACATTATT
,CACTGTTTTT
,CAGGTGGAC
,CATTACTGC
,CATTCTTAC
,CGTTAACTAA
,GAATTTAAG
,GTAAATTATA
,GTATGGATAA
,GTGGTGGTG
,GTTGTTGTTG
,TAATTTTAAT
,TAATTTTAGT
,TACTAATTA
,TACTTTTCAT
,TATTATTAT
,TATTTTTAT
,TATTTTTAT
,TATTTTTAT
,TCAGTAATTC
,TGTATGGTTC
,TGTTGGTGTT
,TGTTGTTGT
,TGTTTTTGT
,TTATACTAGT
,TTATACTAGT
,TTATTGTCT
,TTCTACTAAA
,TTGTCAGTTT
,TTGTCTGTT
,TTGTGATAA
,TTTACTAAT
,TTTACTAAT
,TTTATAATTT
,TTTCACTTT
,TTTCTCTTT
,TTTGTGATA
,TTTTAGTGA
,TTTTTGTGG
,TTGTTACACATTGTT
,TAATTTTAAT
,TTGTTACACATTGTT
,CAAACACAAAC
,TAATTTTAAT
,TACTTTTCAT
,TCCTACCATCCT
,TGGTGGTGGT
,AACTTTGTTTCAA
,TTGTTACACATTGTT
,ATTATAATAATATTA
,ATTATTAAT
,CAATATAAC
,CAGGTGGAC
,CATTCTTAC
,GAATTTAAG
,GTGGTGGTG
,TAATTTTAA
,TGTAACTTTTCT
,TGTATTTTA
,TGTTTTTGT
,TTACTGTTT
,TTTCACTTT
,TTTTATTTT
,CAAACACAAAC
,TAATTTTAAT
,TACTTTTCAT
,AACTTATAA
,AATCACTAA
,ATAATATTA
,ATGACAGTA
,ATGGTGGTC
,ATTATAATAATATTA
,CGACTCAGC
,CTATTAATA
,CTGCACAAG
,CTTGGTCTA
,GTATTGTTG
,TATAAATAT
,TTAATAATT
,TTGTTACACATTGTT
,TTTCACTTT
,AAAATTAAAA
,CACTGTTTTT
,CATTTGCAGG
,TGTAACTTTTCTGAA
,TTATACTAGT
,ATCACACTA
,GTGGTGGTG
,TAATTTTAAT
,TACTTTTCAT
,TTTCACTTT
,TAATTTTAAT
,TTGTTACACATTGTT
,ATAAAAATA
,ATCTGTCTA
,CATTCTTAC
,CCATGACAGTACC
,CTAAATTTAAATC
,GATTTTTGT
,TAACGCAAT
,TAACTCAAT
,TATTCGTAT
,TCTACATCT
,TGTAACTTC
,TGTAAGGGT
,TTTCACTTT
,TTTGTTACGCATTGTTT
,TTTTCACTT
,TTTTGTTTT
,AAACTGGTT
,AACTTTCAA
,AATGAGTAA
,AATTTAATA
,ACATATTGT
,ACTAAGAGT
,ACTAGATCA
,AGAAGATAT
,AGGTATGGA
,AGTAGTTTT
,ATAATAATA
,ATATGTATA
,ATTATAATAATATTA
,ATTGTTTTG
,CACAATTAT
,CATTACTGC
,CATTCTTAC
,CCGATAGCC
,CTAAATTTA
,CTATTAATA
,GAAGATGTT
,GAATTTAAG
,GGGACATATT
,GTAGAAGATG
,GTAGGTGTT
,GTGTCTATTC
,GTTGTTGTTG
,TAATTTTAAT
,TACTTTTCAT
,TATAATTTTA
,TATCAAAGT
,TATTATTAT
,TATTCTTCT
,TATTTTTAT
,TATTTTTAT
,TATTTTTAT
,TCAGTAATTC
,TGAAAAATC
,TGTAACTTT
,TGTTGTTGT
,TTTAAATTT
,TTTATAATTT
,TTTCTCTTT
,TTTGTTACACATTGTTT
,TTTTAATTTT
,TTTTAATTT
,TTTTAGTGGT
,AAATTTATT
,AACTTTCAA
,AAGGTGTTTA
,AATAATTTC
,AATGAGTAA
,ACATATTGT
,ACTATATCA
,ACTTTGTTAA
,AGAAGATAT
,AGGATCTTA
,AGTATTATGA
,ATATGTATA
,ATGTAACAA
,ATTATAATAATATTA
,ATTATAATT
,ATTATAATT
,ATTTCACAT
,CAATATAAC
,CACAATTAT
,CACTGTTTTT
,CAGGTGGAC
,CATTACTGC
,CATTCTTAC
,CCGATAGCC
,CGTTAACTAA
,GAATTTAAG
,GGTCACAAT
,GTATGGATAA
,GTGGTGGTG
,GTGTAGTAA
,GTTGTTGTTG
,TAATTTTAAT
,TAATTTTAA
,TAATTTTAGT
,TAATTTTGA
,TACTTTTCAT
,TATTATTAT
,TATTTTTAT
,TATTTTTAT
,TATTTTTAT
,TCAGTAATTC
,TCTGCAGGA
,TGTATTTTA
,TGTTGGTGTT
,TGTTGTTGT
,TTAATAATT
,TTCTACTAAA
,TTGTCAGTTT
,TTGTCTGTT
,TTGTGATAA
,TTTACTAAT
,TTTACTAAT
,TTTATAATTT
,TTTCACTTT
,TTTCTCTTT
,TTTGTGATA
,TTTTAGTGA
,TTTTAGTGGT
,TTTTTGTGG
,TTGTTACACATTGTT
,TTGTTACACATTGTT
,AATGAAAGTAA
,TAATTTTAAT
,TTTTAATTTT
,TAATTTTAAT
,CAAACACAAAC
,TAATTTTAAT
,TACTTTTCAT
,CAAACACAAAC
,TAATTTTAAT
,TACTTTTCAT
,AAGGTGTTTA
,ACTTTGTTAA
,AGGATCTTAT
,AGTATTATGA
,ATTATAATAATATTA
,ATTATAATT
,ATTATAATT
,CACTGTTTTT
,CGTTAACTAA
,GTATGGATAA
,GTTGTTGTTG
,GTTTAATTTT
,TAATTTTAAT
,TAATTTTAGT
,TACTTTTCAT
,TATTTTTAT
,TATTTTTAT
,TATTTTTAT
,TCAGTAATTC
,TGTTGGTGTT
,TTCTACTAAA
,TTGTCAGTTT
,TTTACTAAT
,TTTACTAAT
,TTTATAATTT
,TTTTAATTTG
,TTTTAGTGGT
,AGTATTATGA
,ATTATAATAATATTA
,CACTGTTTTT
,TAAACCTCCAAAT
,TAATGAAAGTAAT
,TAATTTTAAT
,TACTTTTCAT
,TTTTAATTTT
,AAGTTTTGAA
,ACTTTAACCAATTTCA
,ATAATATTA
,ATAATATTA
,ATTATAATAATATTA
,ATTATAATATTA
,ATTATAATA
,CACTGTTTTT
,TAATAATTAT
,TAATCAAAGT
,TAATTTTAAT
,TATAATATTA
,TATTCGTATT
,TTAAATGGTG
,TTTGTTGTTT
,AACGGCGAT
,AGCGAGCGA
,AGCGGCGAT
,AGTGCGTGA
,CGCCGCCGC
,CGTGCGTGC
,GCGAGCGAA
,GCGCGGCGA
,GCGCGGCGA
,GCGTATGCG
,GTGTATGTG
,GTGTATTTT
,GTGTTTGTG
,GTGTTTGTG
,GTGTTTGTG
,GTTTGTGTA
,TAGCGCGAT
,TATGCGTAT
,TATGTGTAT
,TATTATTAT
,TGTATTTTA
,ATATAATATA
,ATTATAATAATATTA
,ATTATAATAATA
,CACTGTTTTT
,TAATAATAAT
,TAATTTTAAT
,TAATTTTAAT
,TAATTTTAAT
,TACTTTTCAT
,TAGTGGTGAT
,TGTAACTTTTCT
,TAATGAAAGTAAT
,TAATTTTAAT
,TTTGTTGTTT
,TTGTTACACATTGTT
,CAAACACAAAC
,TAATTTTAAT
,TACTTTTCAT
,TCCTACCATCCT
,AAAATTAAAA
,ATTAAAATTA
,GTTTGTGTTTG
,TAAGTTTGAAT
,ATTATAATAATATTA
,TTGTTACACATTGTT
,TAATTTTAAT
,AAAGGCCTGCT
,AACGGCGAT
,AGCGAGCGA
,AGTGCGTGA
,CAGACCCAGAC
,CGCCGCCGC
,CTGCTGCTA
,GCGAGCGAA
,GCGTATGCG
,GTGTATGTG
,GTGTATTTT
,GTGTTTGTG
,GTGTTTGTG
,GTGTTTGTG
,GTTTGTGTA
,TAGCGCGAT
,TAGCGCGGCGA
,TATGCGTAT
,TATGTGTAT
,TATTATTAT
,TGTATTTTA
,TAATTTTAAT
,GTAATAATG
,TGTTGTTGT
,TTAATAATT
,TTGTAATTT
,TTTTAATGTT
,TTTTTCTTTTT
,AAACGCAAA
,AAAGATGTT
,AAATGGACA
,AAATTATGA
,AAGACCAGAA
,AAGGTGGAA
,AATTGTTGT
,AATTTAAAT
,ACATTATTTT
,ACCATACCA
,ACCCATTAT
,ACTTATTTA
,AGTTTTTGA
,ATTCCTATT
,ATTGCGTTA
,CAGGAGGAC
,CATTATTAC
,CCAGTTAGT
,CTATTTTTA
,GAAGTTAAT
,GACATTATT
,GATGGTGATT
,GGTGTGTAT
,GTAAATTTA
,GTGGTTTTA
,GTTATAGTA
,GTTATAGTA
,GTTGTACTT
,GTTGTTGTTG
,TAAATGTTA
,TAAATGTTA
,TAAGAATTTT
,TAATTTTAAT
,TAGTGGTAA
,TAGTGGTGAT
,TATTTTTAT
,TATTTTTAT
,TATTTTTAT
,TCATGTACT
,TGATAATAGT
,TGCAGTGGT
,TGGTTTTGGT
,TGTTGTTGTT
,TGTTGTTGT
,TGTTGTTGT
,TGTTTTAAA
,TGTTTTAAA
,TTAACAATT
,TTAAGTAGT
,TTATATGAG
,TTATTTATT
,TTTAAATGGT
,TTTAATTTT
,TTTATTAAA
,TTTATTAAA
,TTTCACTTT
,TTTGATTCA
,TTTTAATTTT
,TTTTGGTGTA
,TTTTGTTACACATTGTTTT
,AGTATTATGA
,ATTATAATAATATTA
,CACTGTTTTT
,TAATTTTAAT
,TACTTTTCAT
,TGTAACTTTTCTGAA
,TGTATTTTAA
,TAATTTTAAT
,TAATTTTAAT
,TTGTTACACATTGTT
,ATCTGTCTA
,ATTTGGTAT
,CATTCTTAC
,CCATGACAGTACC
,CTAAATTTAAATC
,GATATTTGT
,TAACGCAAT
,TAACTCAAT
,TATTCGTAT
,TCCTGGTAT
,TCTACATCT
,TGTAACTTC
,TTTCACTTT
,TTTGTTACGCATTGTTT
,TTTTCACTT
,AAAAGAACT
,AAAATGGAG
,AAACTGGTT
,AAAGTAATT
,AAATTATTA
,AATGAGTAA
,AATTATTAA
,ACACAAACA
,ACCAGTTTT
,ACCATACCA
,ACTACATCA
,ACTTATATTA
,ACTTCTTGT
,AGGTGGTAA
,AGTACTTCT
,ATATGTATA
,ATGGAGGTA
,ATGGTGTTT
,ATTCACTTA
,ATTCTTCTA
,ATTGTTTTA
,CAAATTATT
,CAGGCGGAC
,CATTCTTAC
,CATTCTTAC
,CATTCTTAC
,GACTTATTT
,GATGTTGTTT
,GGAATTATT
,GGATCTTAT
,GTATAGTGC
,GTGCGCGTG
,GTGGTTTTAA
,GTGTTTGTT
,GTTGTTGTTG
,TAACAGTTT
,TAATTCACT
,TATAAATAT
,TATTCATTT
,TATTCGTATT
,TATTTTTAT
,TGGTAATATA
,TGTAGAACTT
,TGTAGTAAC
,TGTTGAGTA
,TGTTGGTCA
,TGTTGTTGT
,TTAATCATT
,TTAATGTGA
,TTAATTTGAC
,TTATAATGA
,TTATTGAAG
,TTGTAGAAG
,TTTACTAATT
,TTTATCGTG
,TTTCACTTT
,TTTGTATAAC
,TTTGTTACACATTGTTT
,TTTTAGACCT
,TTTTAGTGC
,TAATTTTAAT
,TAATTTTAAT
,TTGTTACACATTGTT
,TAATTTTAAT
,ATTATAATAATATTA
,GTAGAAGATG
,GTAGTTTTAG
,GTATGGATAA
,GTTGTTGTTG
,TAATAATTAT
,TAATTTTAAT
,TGATACACCA
,TGTAACTTTTCTGAA
,TGTTGGTGTT
,TTAACCAATT
,TTTTAACGGT
,ACAATTTAACA
,ACTTTAACCAATTTCA
,AGACCGCCAGA
,ATAATATTA
,ATTATAATAATATTA
,ATTATAATATTA
,ATTATAATA
,CAAACACAAAC
,CACTGTTTTT
,TAATAATTAT
,TAATCAAAGT
,TAATTTTAAT
,TGGGTGTAAG
,TGTAACTTTTCT
,TTAAATGGTG
,TTATGCGTATT
,CAAACACAAAC
,TAATTTTAAT
,TACTTTTCAT
,TTGTTACACATTGTT
,CACTGTTTTT
,TGTAACTTTTCTGAA
,TTATACTAGT
,AAAATGGTG
,AAATGGTGT
,AAGTTGTTT
,AATATTAATA
,AATGAGTAA
,AATGGTGTAG
,AATTCTTAA
,AATTTTTAA
,ACAACATTAC
,ACATATTTGT
,ACCAATTTT
,ACCATACCA
,ACTACATCA
,AGTACTTCT
,AGTAGTTTT
,AGTGTTTGT
,ATAAAAATA
,ATAATATTT
,ATATGTATA
,ATCTGTCTA
,ATTGAGAAC
,ATTGTAATT
,CAGGTATGA
,CATTCTTAC
,CCATGACAGTACC
,CTAAATTTAAATC
,CTATTATTAC
,GACATTACAG
,GATTTTTGT
,GTGTTTGTT
,GTTGTTGTTG
,GTTTTAAAA
,TAACGCAAT
,TAACTCAAT
,TAATTTTAAT
,TATAATAGT
,TATGGATAA
,TATTCATTT
,TATTCGTAT
,TATTTTTAT
,TCACTAACG
,TCATTGTAA
,TCTACATCT
,TGAAAAATC
,TGTAACTTC
,TGTAAGGGT
,TGTTGTTGT
,TTACAGAGA
,TTATAATTT
,TTATTGAAGA
,TTCTCTCTT
,TTGGTCAGT
,TTGTCTGTT
,TTTACATCA
,TTTAGACCA
,TTTATAATTT
,TTTCACTTT
,TTTGTGATA
,TTTGTTACGCATTGTTT
,TTTTCACTT
,TTTTGTACAG
,TTTTGTTTT
,TTTTTAATGG
,AATATTAATA
,CACTGTTTTT
,GTGTATTTTA
,TAATTTTAAT
,TGTAACTTTTCT
,CAAACACAAAC
,TAATTTTAAT
,TACTTTTCAT
,CAAACACAAAC
,TAATTTTAAT
,TAATTTTAAT
,TACTTTTCAT
,TGAATTAAGT
,TGTAACTTTTCTGAA
,TTATACTAGT
,ATTACCAAAG
,ATTATAATAATATTA
,CACTGTTTTT
,TAATTTTAAT
,TACTTTTCAT
,TGTAACTTTTCTGAA
,AAACAACAACAAA
,ATTAAATGGT
,TAATAATTCT
,TAATTTTAAT
,TATTCGTATTG
,TCTGTATATTT
,TTAAATGGTG
,TTATGTGTATT
,TTTTAATTTT
,TTTTACAGAT
,ATTTTACATTTTA
,TAATGAAAGTAAT
,TAATTTTAAT
,AATTCTCTTAA
,ACAACTCAACA
,ACACTGTAAT
,AGCAATAGTT
,CAAACACAAAC
,GGAATTTAAGG
,GTCAATATAAT
,GTGGTTTTAA
,GTTACACATTG
,GTTGTTGTTG
,TAAAGGTGTTT
,TAATTTTAAT
,TCTCAGATGGT
,TGGTGGTTTT
,TGTACTTTAA
,TGTTGGTCAG
,TTAACCAATT
,TTACAACATT
,TTATAATTTT
,TTATCGTGAGA
,TTATGCGTATT
,TTATTTTATT
,TTTATAATTT
,TTTATTGTTTA
,CAAACACAAAC
,TACTTTTCAT
,ACACACACA
,ATTCTCTTA
,TAATTTTAAT
,TACTTTTCAT
,TAGTGGTGAT
,TCCTACCATCCT
,TTTCACTTT
,CTAAATTTAAATC
,TTTGTTACGCATTGTTT
,AATTTTACT
,GGAAAAAGG
,TTAATAATT
,TTGTTTGTT
,TTGTTTTAT
,ATAAAAATA
,ATCTGTCTA
,CATTCTTAC
,CCATGACAGTACC
,CTAAATTTAAATC
,GATTTTTGT
,TAACGCAAT
,TAACTCAAT
,TATTCGTAT
,TCTACATCT
,TGTAACTTC
,TTTCACTTT
,TTTGTTACGCATTGTTT
,TTTTCACTT
,TTTTGTTTT
,TTTTTAATG
,CAAACACAAAC
,TAATTTTAAT
,TTTTAATTTT
,ATCAAAGTGCT
,ATTATAATAATATTA
,CAAACACAAAC
,GCAGGTGGACG
,GGTTATATTGG
,TATAACTCAATAT
,TGGCACATACACGGT
,TTGTTTGCACT
,TTTGTTACACATTGTTT
,AAGTTTTGAA
,ACTTTAACCAATTTCA
,ATAATATTA
,ATAATATTA
,ATTATAATAATATTA
,ATTATAATATTA
,ATTATAATA
,CACTGTTTTT
,TAATCAAAGT
,TAATTTTAAT
,TATAATATTA
,TGTAACTTTTCT
,TTAAATGGTG
,AAACGCAAA
,AAAGATGTT
,AAATGGACA
,AAATTATGA
,AAATTATTT
,AAGGTGGAA
,AATTGTTGT
,AATTTAAAT
,ACCATACCA
,ACCCATTAT
,ACTTATTTA
,AGTTTTTGA
,ATATTTATA
,ATTGTGTTA
,ATTGTTTTGTTA
,ATTTTATTC
,CATTATTAC
,CCAGTTAGT
,CTATTTTTA
,GAAGTTAAT
,GACATTATT
,GGTGTGTAT
,GTGGTTTTA
,GTTATAGTA
,GTTATAGTA
,GTTGTACTT
,TAAATGTTA
,TACTTTCAC
,TATTGTACA
,TATTTTTAT
,TATTTTTAT
,TATTTTTAT
,TCATGTACT
,TGCAGTGGT
,TGTTACTAC
,TGTTGTTGT
,TGTTTTAAA
,TGTTTTAAA
,TTAACAATT
,TTACATTGT
,TTACTACTG
,TTATATGAG
,TTATTTATT
,TTTAATAAA
,TTTAATTTT
,TTTATTAAA
,TTTATTAAA
,TTTCACTTT
,TTTGACCAGTTT
,TTTGATTCA
,TTTTAATAA
,TTTTGTTACACATTGTTTT
,TTTTTCCTTTTT
,ACGTAATGCA
,ATAATATTA
,ATAATATTA
,ATTATAATAATATTA
,ATTATAATATTA
,ATTATAATA
,CACTGTTTTT
,TAACACAACT
,TAATAATTAT
,TAATGGTAAT
,TAATTTTAAT
,TATAATATTA
,TTAAATGGTG
,TTGTTACACATTGTT
,TTGTTACACATTGTT
,AACTTATAA
,AATCACTAA
,ATAATATTA
,ATGACAGTA
,ATGGTGGTC
,ATTATAATAATATTA
,CGACTCAGC
,CTATTAATA
,CTGCACAAG
,CTTGGTCTA
,GCGTATGCG
,TTAATAATT
,TTAATACTA
,TTAATATTT
,TTGTTACACATTGTT
,TTTCACTTT
,AGTATTATGA
,ATTATAATAATATTA
,CACTGTTTTT
,TAATTTTAAT
,TACTTTTCAT
,TGTAACTTTTCTGAA
,TGTATTTTAA
,TAATTTTAAT
,TAATGAAAGTAAT
,TAATTTTAAT
,ATTCAAACTTA
,CAAACACAAAC
,TAATTTTAAT
,TTTTAATTTT
,AAACGCAAA
,AAAGATGTT
,AAATTATGA
,AAATTATTT
,AAGACCAGAA
,AAGGTGGAA
,AATTGTTGT
,AATTTAAAT
,ACATTATTTT
,ACCATACCA
,ACCCATTAT
,ACTTATTTA
,AGAGCAACA
,AGTTCCAGT
,AGTTTTTGA
,ATTCCTATT
,ATTGCGTTA
,CAGGAGGAC
,CATTATTAC
,CCACTTCTA
,CCAGTTAGT
,CTATTTTTA
,GAATGTGTT
,GACATTATT
,GATGGTGATT
,GTAAATTAAATG
,GTAAATTTA
,GTGGTTTTA
,GTTATAGTA
,GTTCTCTTG
,GTTGTTGTTG
,GTTGTTGTT
,TAAATGTTA
,TAAATGTTA
,TAAGAATTTT
,TAATTTTAAT
,TAGTGGTAA
,TAGTGGTGAT
,TATTTTTAT
,TATTTTTAT
,TATTTTTAT
,TGATAATAGT
,TGCAGTGGT
,TGGTTTTGGT
,TGTTGTTGT
,TGTTTTAAATTTTGT
,TGTTTTAAAT
,TGTTTTAAA
,TGTTTTAAA
,TTAACAATT
,TTAAGTAGT
,TTATTTATT
,TTGGTATGTATGGTT
,TTGTAAAGGT
,TTTAAATGGT
,TTTAATAAA
,TTTAATTTT
,TTTATGTAC
,TTTATTAAA
,TTTATTAAA
,TTTCACTTT
,TTTGACCAGTTT
,TTTTAATAA
,TTTTAATTTT
,TTTTGGTGTA
,TTTTGTTACACATTGTTTT
,TTTTTCCTTTTT
,TTGTTACTCATTGTT
,TAATTTTAAT
,AAACAACAACAAA
,ATTAAATGGT
,TAATAATTCT
,TAATTTTAAT
,TATTCGTATTG
,TCTGTATATTT
,TTAAATGGTG
,TTATGTGTATT
,TTTTAATTTT
,TTTTACAGAT
,GTTACCCATTG
,TAGTGGTGAT
,TTGTTACACATTGTT
,AACTTTCAA
,AAGAATGGT
,AAGGTGTTTA
,AATGAGTAA
,ACATATTGT
,ACTATATCA
,ACTTTGTTAA
,AGAAGATAT
,AGTACTTTT
,ATATGTATA
,ATGTAACAA
,ATTATAATAATATTA
,ATTATAATT
,ATTATAATT
,ATTCTACTAA
,CAAAGTTGT
,CAATATAAC
,CACAATTAT
,CACTGTTTTT
,CAGGTGGAC
,CATTACTGC
,CATTCTTAC
,CGTTAACTAA
,GAATTTAAG
,GGTGAATTA
,GTATGGATAA
,GTGGTGGTG
,GTTGTTGTTG
,TAACAACTT
,TAATTTTAAT
,TAATTTTAGT
,TACTAATTA
,TACTTTTCAT
,TATTATTAT
,TATTTTTAT
,TATTTTTAT
,TATTTTTAT
,TCAGTAATTC
,TGAAAAATC
,TGGTAATATA
,TGTATTTTA
,TGTTGGTGTT
,TGTTGTTGT
,TTATTGTCT
,TTCTACTAAA
,TTGTCAGTTT
,TTGTCTGTT
,TTGTGATAA
,TTTACTAAT
,TTTACTAAT
,TTTATAATTT
,TTTCACTTT
,TTTCTCTTT
,TTTGTGATA
,TTTTAGTGA
,TTTTTGTGG
,AACTTTCAA
,AAGGTGTTTA
,AATGAGTAA
,AATGGTGAT
,ACATATTGT
,ACTATATCA
,ACTTTGTTAA
,AGAAGATAT
,AGTACTTTT
,ATATAATAT
,ATATGTATA
,ATGTAACAA
,ATTATAATAATATTA
,ATTATAATT
,ATTATAATT
,ATTCTACTAA
,CACAATTAT
,CACTGTTTTT
,CAGGTGGAC
,CATTACTGC
,CATTCTTAC
,CGTTAACTAA
,GAATTTAAG
,GGTGAATTA
,GTATGGATAA
,GTGGTGGTG
,GTTGTTGTTG
,TAACAACTT
,TAATATTGG
,TAATTTTAAT
,TAATTTTAGT
,TACTAATTA
,TACTTTTCAT
,TATTATTAT
,TATTTTTAT
,TATTTTTAT
,TATTTTTAT
,TCAGTAATTC
,TGAAAAATC
,TGTAACTTTTCTGAA
,TGTATTTTA
,TGTTGTTGT
,TGTTTTTGT
,TTCTACTAAA
,TTGTCAGTTT
,TTGTCTGTT
,TTGTGATAA
,TTTACTAAT
,TTTACTAAT
,TTTATAATTT
,TTTCACTTT
,TTTCTCTTT
,TTTGTGATA
,TTTTAGTGA
,TTTTAGTGGT
,TTTTTGTGG
,AAACTGGTT
,AAAGTAGTTTT
,AAATGTAAA
,AACAAACAA
,AACTAATTA
,AATAGTTTT
,AATGAGTAA
,AATTTTAGT
,ACCATACCA
,ACTGTGTCA
,ATAATTTTAGT
,ATACATTTTACATA
,ATTATAATAATATTA
,ATTGTTGTA
,CAAACGCAAAC
,CATTACTGC
,CATTCTTAC
,CATTGTAATT
,CATTGTAATT
,CGTATTATT
,CTAGTTATT
,CTTACTTCT
,CTTTTATTG
,GAACTTTTA
,GAGTTAACTAA
,TAATGGTGG
,TAATTCACT
,TAATTTCTC
,TAATTTTAGT
,TAATTTTAGT
,TAATTTTAGT
,TAATTTTAG
,TAATTTTAG
,TATCAAACG
,TATTCGTAT
,TATTTTTAT
,TCACAATTTTG
,TCTTACTTC
,TGAAAAATC
,TGGTTTAAT
,TGTTGTTGT
,TTGATCGTA
,TTGTGATAA
,TTGTTACTCATTGTT
,TTGTTTTAT
,TTTAATAATTT
,TTTAATGGT
,TTTACTAAT
,TTTCACTTA
,TTTGTATAA
,TTTGTGATA
,TTTTAGTAGTA
,ATTATAATAATATTA
,CACTGTTTTT
,TAATTTTAAT
,TACTTTTCAT
,TGTAACTTTTCTG
,TTATACTAGT
,ACGCAATTAT
,AGTATTATGA
,ATTATAATAATATTA
,CACTGTTTTT
,TAATTTTAAT
,TACTTTTCAT
,TGTAACTTTTCTGAA
,AACTTATAA
,AATCACTAA
,AGTTTCAAT
,ATAATATTA
,ATGACAGTA
,ATGGTGGTC
,ATTATAATAATATTA
,CGACTCAGC
,CTATTAATA
,CTGCACAAG
,CTTGGTCTA
,GCGTATGCG
,TTAATAATT
,TTGTTACACATTGTT
,TTTCACTTT
,ATAATATTAA
,ATTATAATAATATTA
,TAATTTTAAT
,TAGACCACCAGAT
,TTCTTTTCTT
,TTGTTACGCATTGTT
,TTTTAATTTT
,TTGTTACACATTGTT
,AGTGGTTAT
,ATAATATGAC
,ATAATATGA
,ATGTTGGTG
,ATTAGATTA
,ATTATAATAATATTA
,ATTTTAGTG
,CAGATTTTA
,GTGGTGGAC
,GTTTTATAAC
,GTTTTATTA
,TAATAATAT
,TAATTTTAAT
,TATTAACAT
,TATTATTAAT
,TATTCGTATT
,TCTTGGTCA
,TGGATAGGT
,TTCACCAAG
,TTGTTACACATTGTT
,TTGTTTTAT
,TTTAATTTT
,TTTGTTTGAC
,TTTTAATTTT
,TTTTCTTTT
,TTTTGTTTG
,AGTATTATGA
,CAATATAAC
,CACTGTTTTT
,CAGGTGGAC
,CATTCTTAC
,CCGATAGCC
,GAATTTAAG
,GATTTTATC
,GTGGTGGTG
,TAACGCAAT
,TAATTTTAAT
,TAATTTTAA
,TACTTTTCAT
,TGTATTTTA
,TGTTTTTGT
,TTAACAACC
,TTTCACTTT
,TTTTAGTGA
,TTGTTACACATTGTT
,CAAACACAAAC
,TAATTTTAAT
,TACTTTTCAT
,TCCTACCATCCT
,TAATTTTAAT
,AGTGGTTAT
,ATAATATGAC
,ATAATATGA
,ATGTTGGTG
,ATTATAATAATATTA
,ATTTTAGTG
,CAACCCTTG
,CAGATTTTA
,GTGGTGGAC
,GTTTTATAAC
,TAATAATAT
,TAATTTTAAT
,TATTAACAT
,TATTATTAAT
,TATTCGTATT
,TGGATAGGT
,TTCACCAAG
,TTGTTACACATTGTT
,TTGTTTTAT
,TTTGTTTGAC
,TTTTAATTTT
,TTTTCTTTT
,TTTTGTTTG
,ATTATAATAATATTA
,GGAATTTAAGG
,GTTACACATTG
,TAATTTTAAT
,TAGTGGTGAT
,TCAAACACAAACT
,TCTTCACTTCT
,TTAACCAATT
,TTATGCGTATT
,TTTGTTGTTT
,TAATTTTAAT
,TTGTTACACATTGTT
,AAGTGGTCAT
,ACTATAATAATATCA
,ATAATATGAC
,GTTCACCAAG
,GTTTTATAAC
,TAATGAAAGTAAT
,TAATTTTAAT
,TACATTTTAA
,TATTATTAAT
,TATTCGTATT
,TTGTTACACATTGTT
,TTTGTTGTTT
,TAATTTTAAT
,ATTATAATAATATTA
,GCCTTATTCCG
,GGAATTTAAGG
,GTTACACATTG
,TAATTTTAAT
,TAGTGGTGAT
,TCAAACACAAACT
,TCTTCACTTCT
,TTAACCAATT
,TTATGCGTATT
,TTTGTTGTTT
,TAATCATACTAAT
,TGTAACTTTTCT
,ATTATAATAATATTA
,TGTAACTTTTCTGAA
,ATTATAATAATATTA
,TAATTTTAAT
,TACTTTTCAT
,TGTAACTTTTCTGAA
,TTATACTAGT
,TTTACCATTT
,TAATTTTAAT
,CAAACACAAAC
,TAATTTTAAT
,TTTTAATTTT
,TTGTTACACATTGTT
,ATAAAAATA
,ATCTGTCTA
,CATTCTTAC
,CCATGACAGTACC
,CTAAATTTAAATC
,GATTTTTGT
,TAACGCAAT
,TAACTCAAT
,TATTCGTAT
,TCTACATCT
,TGTAACTTC
,TTTCACTTT
,TTTGTTACGCATTGTTT
,TTTTCACTT
,TTTTGTTTT
,TTTTTAATG
,TTGTTACACATTGTT
,CAAACACAAAC
,TAATTTTAAT
,CAAACACAAAC
,TAATTTTAAT
,TACTTTTCAT
,CAAACACAAAC
,TAATTTTAAT
,TACTTTTCAT
,ATTATAATAATATTA
,TGTAACTTTTCTGAA
,CAAACACAAAC
,TAATTTTAAT
,TACTTTTCAT
,TTGTTACACATTGTT
,CGATGGTAGC
,TAATCATACTAAT
,TACTAATCAT
,CAAACACAAAC
,TAATTTTAAT
,TACTTTTCAT
,TCCTACCATCCT
,TTGTTACACATTGTT
,AAAATTAAT
,AACTTTCAA
,AATGAGTAA
,AATTGTTTC
,ACTTATACT
,ATATGTATA
,CATTACTGC
,CTATTTTTA
,TATTATTAT
,TATTTTTAT
,TATTTTTAT
,TATTTTTAT
,TCTCTTCTCT
,TCTCTTCTCT
,TGTTGTTGT
,TTCTACTAA
,TTGTCTGTT
,TTGTGATAA
,TTTGTGATA
,CAAACACAAAC
,TAATTTTAAT
,TACTTTTCAT
,TCCTACCATCCT
,AGTGGTAAAT
,ATTATAATAATATTA
,GGAATTTAAGG
,GTTACACATTG
,TAATTTTAAT
,TAGTGGTGAT
,TCAAACACAAACT
,TCTTCACTTCT
,TTAACCAATT
,TTATGCGTATT
,TTTGTTGTTT
,GTAATAATG
,TGTTGTTGT
,TTAATAATT
,TTGTAATTT
,TTTTTCTTTTT
,AGTGGTTAT
,ATAATATGA
,ATGTTGGTG
,ATTATAATAATATTA
,ATTTTAGTG
,CAGATTTTA
,GTGGTGGAC
,GTTTTATAAC
,TAATAATAT
,TAATTTTAAT
,TATTAACAT
,TATTATTAAT
,TATTCGTATT
,TCTTGGTCA
,TGGATAGGT
,TTCACCAAG
,TTGTTTTAT
,TTTGTTTGAC
,TTTTAATTTT
,TTTTCTTTT
,TTTTGTTTG
,AAGTTTTGAA
,AATAATTTC
,AATAATTTC
,AATTTTAGTG
,ATAATATGAC
,ATGGTGGTTT
,ATTATAATT
,ATTATAATT
,ATTATAATT
,CAGTTTCAGA
,CCGGTGAATT
,GAAACTGGTT
,GTAGAAGATG
,GTAGTTTTAG
,GTTGTTGTTG
,TAATAGTTTT
,TAGGTTGGAT
,TATTCGTATT
,TATTTTTTAT
,TGAAAAAAGT
,TTATAATTTT
,TTGTTACACATTGTT
,TTTTAGCAGT
,AAGTAATGC
,AATGGTGAT
,ACTGTTTTT
,ATTATAATAATATTA
,CAATATAAC
,CAGGTGGAC
,GAATTTAAG
,GTGACAATT
,GTGGTGGTG
,TAATTTTAA
,TGTAACTTTTCTGAA
,TGTATTTTA
,TGTTTTTGT
,TTACTGTTT
,TTTCACTTT
,TTTTAGTGA
,CAAACACAAAC
,TAATGAAAGTAAT
,AAAGTGGGTGAAA
,ATTCAAACTTA
,CAAACACAAAC
,TAATTTTAAT
,TTTTAATTTT
,ACTTTAACCAATTTCA
,ATAATATTA
,ATAATATTA
,ATTATAATAATATTA
,ATTATAATATTA
,ATTATAATA
,CACTGTTTTT
,TAATAATTAT
,TAATCAAAGT
,TAATTTTAAT
,TATAATATTA
,TATTCGTATT
,TGTAAGTTT
,TTTGAATGT
,AGTATTATGA
,ATTATAATAATATTA
,CACTGTTTTT
,TAATTTTAAT
,TACTTTTCAT
,TGTAACTTTTCT
,AAAAGAACT
,AACTTATAA
,AATCACTAA
,ACAGATGTT
,ACTACATCA
,ATAATATTA
,ATAATTTTA
,ATATGTATA
,ATATTCAAA
,ATTATAATAATATTA
,ATTTTAATG
,CGACTCAGC
,CTAGGTATG
,CTATTAATA
,CTGCACAAG
,GACGTCAAC
,GATTATAAT
,GGTGGTAAA
,GTATTGTTG
,GTGCTCGTG
,GTTAAGCAG
,TAAATGGTG
,TAATTCACT
,TAATTTTAG
,TACTTCTAT
,TATTTTAAT
,TATTTTTAT
,TCTATAGAA
,TGTTGGTCA
,TGTTGTTGT
,TTAATAATT
,TTGTTACACATTGTT
,TTTAAATTT
,TTTAATTTT
,TTTCACTTT
,TTTCTCTTT
,AACTTTCAA
,AAGTTGTTT
,AATAGTTTT
,AATCACAGT
,AATGAGTAA
,ACTACATCA
,ATATGTATA
,CATTACTGC
,GTGCTCGTG
,GTTTTAGCA
,TATTTTTAT
,TGATGTAGT
,TGGTTTTAA
,TGTTGTTGT
,TTTCTCTTT
,AGTATTATGA
,ATATAATATA
,ATTATAATAATATTA
,CACTGTTTTT
,TAATTTTAAT
,TACTTTTCAT
,TGTAACTTTTCTGAA
,TTATACTAGT
,ATTATAATAATATTA
,ATTATAATAATATTA
,TGTAACTTTTCTGAA
,AGTATTATGA
,ATTATAATAATATTA
,TAATTTTAAT
,TACTTTTCAT
,TGTAACTTTTCTGAA
,TTATACTAGT
,CAAACACAAAC
,TAATTTTAAT
,CAAACACAAAC
,TAATTTTAAT
,TTTTAATTTT
,AACTTATAA
,AACTTTCAA
,AAGGTTAAC
,AATCACTAA
,AATGAGTAA
,ACGCCATAC
,ACTACATCA
,ACTTCTTTTG
,ATAATATTA
,ATATGTATA
,ATATTCAAA
,ATATTTGTG
,ATGACAGTA
,ATGGTGGTC
,ATTATAATAATATTA
,ATTATAATT
,CATAATTTTG
,CGACTCAGC
,CTATTAATA
,CTGCACAAG
,CTTGGTCTA
,GATTATAAT
,GCGTATGCG
,GGTGGTAAA
,GGTGTTGTGG
,GGTGTTTAT
,GGTGTTTAT
,GTAATTTTAG
,GTGCTCGTG
,GTTAAGCAG
,GTTGTTGTTG
,TAATTCACT
,TAATTTTAAT
,TAATTTTGA
,TACAAACAT
,TATTCTTCTA
,TATTTTTAT
,TGCGACAACA
,TGGATTACC
,TGGTTTTAA
,TGTTGTTGT
,TTAAATGGTG
,TTAATAATT
,TTAATACTA
,TTAATATTT
,TTATAATTT
,TTCAGACCA
,TTGTTACACATTGTT
,TTTAATTTT
,TTTATAATTT
,TTTCACTTT
,TTTCTCTTT
,TTTTAATTTT
,TTTTGAATG
,TTGTTACACATTGTT
,AAAAGAACT
,AACAGTTTC
,AAGTGCTAT
,AATCACTAA
,AATGAGTAA
,ACATTAACT
,ACCATACCA
,ACTACATCA
,AGTGTTTGT
,ATATGTATA
,ATGTTGGTG
,ATGTTGGTG
,ATTTATATG
,CAACACAAC
,CTCATAACT
,GGTGGTAAA
,GTCAATACT
,GTCAATGGT
,GTGAAAGTA
,GTGCTCGTG
,GTGGTGGAC
,TAATTATTT
,TAGTTTTAG
,TATATGTAT
,TATTTTTAT
,TGTTGGTCA
,TGTTGTTGT
,TTAATAATT
,TTATAATTT
,TTATCGTGA
,TTCTGTCTT
,TTGACAGTT
,TTGTTACACATTGTT
,TTTAAATTT
,TTTATCGTG
,TTTCTCTTT
,TTTTATTTT
,CTGTAGATGTC
,TTTGTTACACATTGTTT
,TTGTTACACATTGTT
,TTGTTACACATTGTT
,TTGTTACACATTGTT
,TGTAACTTTTCTGAA
,AGTGGTTAT
,ATAATATGA
,ATGTTGGTG
,ATTATAATAATATTA
,ATTTTAGTG
,CAGATTTTA
,GTGGTGGAC
,GTTTTATAAC
,TAATAATAT
,TAATTTTAAT
,TATTAACAT
,TATTATTAAT
,TATTCGTATT
,TCTTGGTCA
,TGGATAGGT
,TTCACCAAG
,TTGTTACACATTGTT
,TTGTTTTAT
,TTTGTTTGAC
,TTTTAATTTT
,TTTTCTTTT
,TTTTGTTTG
,AGTATTATGA
,ATATAATATA
,ATTATAACAATATTA
,GTCCGATAGCCTG
,TAATTTTAAT
,TACTTTTCAT
,TTATACTAGT
,AAATTTTAA
,ACTAATAAT
,AGGTGGTGT
,ATTATGGTA
,ATTCACTTA
,ATTTTTGAT
,CAATCTAAC
,CTAATAATC
,CTTTGGTGT
,TAACGCTGA
,TAATAATAAT
,TAATAATAAT
,TAATAATAAT
,TGGTTTGGT
,TGTTTTTGT
,TTGTGTGTT
,TTTAAATTT
,TTTACATTT
,TTTCAGGGGGGACTTT
,TTTGGGTTT
,ATTCAAACTTA
,CAAACACAAAC
,TAATTTTAAT
,TTTTAATTTT
,AATGGTGAT
,AGTATTATGA
,ATAGTGGTGGTGATA
,ATTATAATAATATTA
,ATTATAATT
,ATTATAATT
,CGTTAACTAA
,CTACTAATTA
,GTAGAAGATG
,GTTGTTGTTG
,TAATTTTAAT
,TACTTTTCAT
,TAGTGGTAA
,TGAAGGGGAAGT
,TGGTGATAAT
,TGTTGGTGTT
,TTCTAGAAAT
,TTCTCTTCTCTT
,TTTATAATTTAA
,TTTCAGATGG
,TTGTTACACATTGTT
,AATGGTGAT
,ATTATAATAATATTA
,CAATATAAC
,CAGGTGGAC
,CATTCTTAC
,GAATTTAAG
,GTGGTGGTG
,TAACGCAAT
,TAATTTTAA
,TGTATTTTA
,TGTTTTTGT
,TTAACAACT
,TTAAGCACGAATT
,TTTCACTTT
,TTTTAGTGA
,ATCACACTA
,CAAACACAAAC
,GTGGTGGTG
,TAATTTTAAT
,TACTTTTCAT
,TTTCACTTT
,AACTTTCAA
,AATGAGTAA
,ACATATTGT
,ACTATATCA
,AGAAGATAT
,AGTAGTTTT
,AGTCACTGT
,ATAATAATA
,ATAATATTA
,ATATGTATA
,ATCGCTTCA
,ATTATAATAATATTA
,ATTATAATT
,ATTCTGGTA
,ATTGTTTTG
,ATTTATTGT
,CAAGAGAAC
,CACTGTAACT
,CAGTTTCAG
,CATTACTGC
,CATTCTTAC
,CGTTAACTAA
,CTAAATTTAAATC
,GAATTTAAG
,GATTTATTG
,GTAGGTGTT
,GTATGGATAA
,GTCAATTTA
,GTGACCATTT
,GTTGTTGTTG
,TAAACAAAT
,TAATTTTAAT
,TAGTAGTTT
,TATAACGGT
,TATAATAATA
,TATATGTAT
,TATTCAAACTTAT
,TATTCTTAT
,TATTCTTCTA
,TATTTTTAT
,TGATTATAAT
,TGTATGGTTC
,TGTTGTTGT
,TTAACAATT
,TTATAATTTT
,TTGTGATAA
,TTTACTAAT
,TTTATAATTT
,TTTCACTTT
,TTTGTGATA
,TTTGTTACACATTGTTT
,TAATTTTAAT
,AACTTGTTG
,AATATTAAT
,ACAACCAACA
,ACTATTATCA
,AGGTGTAAG
,ATATTTTGA
,ATCAAACATAT
,ATCTGTCTA
,ATGATAGTA
,ATTCTACAT
,ATTTTGTTTTA
,CATTCTTAC
,CCATGACAGTACC
,CTATTCTTATC
,GTTACGCATTG
,GTTTTATAA
,TAATTTTAAT
,TCTAACGAA
,TCTACATCT
,TGGTCCTGGT
,TGTAACTTC
,TTAATACAAC
,TTATAATATT
,TTTACTATT
,AAGTAATGC
,AATGGTGAT
,AGTATTATGA
,ATATAATATA
,ATTATAATAATATTA
,CACTGTTTTT
,CAGGTGGAC
,GAATTTAAG
,GTGACAATT
,GTGGTGGTG
,TAATCATACTAAT
,TAATTTTAAT
,TAATTTTAA
,TACTAATCAT
,TACTTTTCAT
,TGTAACTTTTCTGAA
,TGTATTTTAA
,TGTATTTTA
,TGTTTTTGT
,TTCATACTT
,TTTCACTTT
,TTTTAGTGA
,TAATTTTAAT
,CAAACGCAAAC
,TAATTTTAAT
,TACTTTTCAT
,CAAACACAAAC
,TAATTTTAAT
,TTTTAATTTT
,ATTTTACATTTTA
,TAATGAAAGTAAT
,TAATTTTAAT
,TTTGTTGTTT
,AACTTTTCAA
,TAATTTTAAT
,AGTATTATGA
,ATTATAATAATATTA
,CACTGTTTTT
,TAATTTTAAT
,TACTTTTCAT
,ATTATAATAATATTA
,TTAACAATT
,TTAACAATT
,TTAACAATT
,TTGTTACACATTGTT
,ATTATAATAATATTA
,TAATTTTAAT
,TAGTGGTGAT
,TCAAACACAAACT
,TTAACCAATT
,TTTGTTGTTT
,ACAACTCAACA
,ATCATACTA
,CAGGTGGAC
,CGATGGTAGC
,GCTATATCG
,GTTTTATTC
,TACTAATCAT
,TTGTAGATGTT
,TTGTTACACATTGTT
,TGTAACTTTTCTGAA
,CAAACACAAAC
,TAATTTTAAT
,TACTTTTCAT
,ATTATAATAATATTA
,GGAATTTAAGG
,GTTACACATTG
,TAATTTTAAT
,TAGTGGTGAT
,TCAAACACAAACT
,TCTTCACTTCT
,TTAACCAATT
,TTATGCGTATT
,TTTGTTGTTT
,GTTACACATTG
,TCTGTATATTT
,CTAAATTTAAATC
,CAAACGCAAAC
,TAATTTTAAT
,TACTTTTCAT
,CAAACACAAAC
,TAATTTTAAT
,TACTTTTCAT
,TCCTACCATCCT
,CAAACACAAAC
,GTGGTGGTG
,TAATTTTAAT
,TACTTTTCAT
,TCCTACCATCCT
,TTGTCTGTT
,TTTACTTTT
,ATGTTGGTG
,ATGTTGGTG
,TTGTTACACATTGTT
,ATTATAATAATATTA
,CACTGTTTTT
,GTATTTTAGT
,TAATTTTAAT
,TACTTTTCAT
,TGTAACTTTTCT
,CAAACACAAAC
,TAATTTTAAT
,TACTTTTCAT
,TCCTACCATCCT
,GTTACACATTG
,AGTATTATGA
,ATCTGTCTA
,ATTATAATAATATTA
,ATTATTAAT
,CAATATAAC
,CACTGTTTTT
,CAGGTGGAC
,CATTCTTAC
,GAATTTAAG
,TAATTTTAAT
,TAATTTTAA
,TACTTTTCAT
,TAGTGGTGAT
,TGTAACTTTTCTGAA
,TGTATTTTA
,TGTTTTTGT
,TTAACAACT
,TTCATACTT
,TTTACTTTT
,TTTTAGTGA
,ATTATAATAATATTA
,TGTAACTTTTCTGAA
,TTGTTACACATTGTT
,ATTATAATAATATTA
,TGTAACTTTTCTGAA
,AAACTAATGC
,AACAACATG
,AACTTTCAA
,AAGGTGGTA
,AATATATAA
,AATATTTAT
,AATGGACAAC
,ACATGGTAAA
,ACCATACCA
,ACTATATCA
,ACTTATATTA
,ACTTTACAT
,AGGTATGGA
,AGGTGTTGTT
,AGTACCAGT
,AGTTGTTGA
,ATAATGGAC
,ATAATGGAC
,ATATTTATA
,ATCAAACTA
,ATTCTCTTA
,ATTTATAGA
,CAATATAAC
,GAGTTGAAA
,GATTATAAT
,GGTGTTGTT
,GTTAGAAGA
,GTTGTTGTTG
,TAAACCAAAT
,TAAATTAAAT
,TAACAAACG
,TAATTTTAAT
,TACAGTGCT
,TACATTATG
,TAGTAATAG
,TATTTTTAT
,TCTGCACTAT
,TGATTATAA
,TGCTAGATG
,TGGACAACCAACAGGT
,TGTTCGTTA
,TGTTGTTGT
,TGTTTTAAA
,TGTTTTAAA
,TGTTTTTGT
,TTAGAGATT
,TTATAATATT
,TTCAGTATA
,TTCTTCTAA
,TTGACAGTT
,TTGATGCAG
,TTTATAATA
,TTTTAATAAT
,TTTTAGTTT
,AACTTATAA
,AAGGTTAAC
,AATCACTAA
,ATAATATTA
,ATGACAGTA
,ATGGTGGTC
,ATTATAATAATATTA
,CGACTCAGC
,CTATTAATA
,CTGCACAAG
,CTTGGTCTA
,GCGTATGCG
,TAATTTTGA
,TTAATAATT
,TTAATACTA
,TTAATATTT
,TTGTTACACATTGTT
,TTTAATTTT
,TTTCACTTT
,TTTTGAATG
,TAATTTTAAT
,TTTGTTACACATTGTTT
,TTGTTACACATTGTT
,CCATGACAGTACC
,GTTACCCATTG
,TTGTTACACATTGTT
,AATATTAATA
,AGTATTATGA
,CACTGTTTTT
,TAATCATACTAAT
,TAATTTTAAT
,TACTAATCAT
,TGTAACTTTTCTGAA
,TTTAAGTCTT
,TTGTTACACATTGTT
,TAATGAAAGTAAT
,TAATTTTAAT
,CAAACACAAAC
,TAATTTTAAT
,TACTTTTCAT
,TCCTACCATCCT
,ATATGTTTTTTGTATA
,ATTTTGTTTTA
,GTTACGCATTG
,AACTTATAA
,AACTTTCAA
,AAGGTTAAC
,AATCACTAA
,AATGAGTAA
,ACGCCATAC
,ACTACATCA
,ACTTCTTTTG
,ATAATATTA
,ATATGTATA
,ATATTCAAA
,ATATTTGTG
,ATGACAGTA
,ATGGTGGTC
,ATTATAATAATATTA
,ATTATAATT
,CATAATTTTG
,CGACTCAGC
,CTATTAATA
,CTGCACAAG
,CTTGGTCTA
,GATTATAAT
,GCGTATGCG
,GGTGGTAAA
,GGTGTTGTGG
,GGTGTTTAT
,GGTGTTTAT
,GTAATTTTAG
,GTGCTCGTG
,GTTAAGCAG
,GTTGTTGTTG
,TAATTCACT
,TAATTTTAAT
,TAATTTTGA
,TATTCTTCTA
,TATTTTTAT
,TGCGACAACA
,TGGATTACC
,TGGTTTTAA
,TGTTGTTGT
,TTAAATGGTG
,TTAATAATT
,TTAATACTA
,TTAATATTT
,TTATAATTT
,TTCAGACCA
,TTGTTACACATTGTT
,TTTAATTTT
,TTTATAATTT
,TTTCACTTT
,TTTCTCTTT
,TTTTAATTTT
,TTTTGAATG
,TTGTTACACATTGTT
,AAAGTTGTTT
,AACATTACAA
,AATGGTGTAGT
,AATTTTAGTG
,ACAACATTAC
,ACGGTGTTTGT
,ACGGTTGGCA
,AGTTTTTTGA
,ATTACAACAACATTA
,CAAACTCAAAC
,CAATTTTGTAC
,CTTTTTGTGG
,GTAGTTTTAGT
,GTAGTTTTAG
,GTTACACATTG
,GTTGTTGTTG
,GTTTTATTCG
,TAATTTTAAT
,TAGTGGTGAT
,TAGTTTTAG
,TAGTTTTAG
,TTATAATTTTA
,ATTATAATAATATTA
,CAAACACAAAC
,GGAATTTAAGG
,GTTACACATTG
,TAATTTTAAT
,TAGTGGTGAT
,TCTTCACTTCT
,TTAACCAATT
,TTATGCGTATT
,TTTGTTGTTT
,ATTATAATAATATTA
,TAATTTTAAT
,TAGACCACCAGAT
,TTAAAAAATT
,TTCTTTTCTT
,TTTTAATTTT
,AAGGTGTTTA
,ACTTTGTTAA
,ATTATAATAATATTA
,ATTATAATT
,ATTATAATT
,CACTGTTTTT
,CATTTGCAGG
,CGTTAACTAA
,GTATGGATAA
,GTTGTTGTTG
,TAATTTTAAT
,TACTTCTTGT
,TACTTTTCAT
,TCAGTAATTC
,TGTAACTTTTCTGAA
,TGTTGGTGTT
,TTATACTAGT
,TTATACTAGT
,TTCTACTAAA
,TTGTCAGTTT
,TTTTAGTGGT
,TAATTTTAAT
,CAAACACAAAC
,TAATTTTAAT
,TACTTTTCAT
,TCCTACCATCCT
,TAATTTTAAT
,TAATTTTAAT
,CAAACACAAAC
,TAATTTTAAT
,TACTTTTCAT
,ATTATAATAATATTA
,TTGTTACACATTGTT
,AAAGTGAAA
,AATAATTTA
,AATTTTGAC
,ACAATTACA
,ACGTAACAT
,ACTATATCA
,ACTATTAAT
,ACTTACGTA
,ATAATATTA
,ATACCTGTT
,ATATATATA
,ATATCATAC
,ATCAAAGTA
,ATGGTTGTT
,ATTCACTTA
,ATTCTTCTA
,ATTTTAATG
,ATTTTAATG
,ATTTTTCAT
,CAAGATAAT
,CCAGTTTTA
,CTTGTGTTA
,GATTACTTG
,GGTTTCGTG
,GTAATTTTA
,GTAATTTTT
,GTTAAATTG
,GTTATATTG
,TAATAATCG
,TACATTAAC
,TATTGTAGT
,TATTTTTAT
,TGATGTAGT
,TGATTATAA
,TGGTTTTAA
,TGTGTGTGT
,TGTTGTTGT
,TTAATAATC
,TTAATTTTA
,TTAGGTGGT
,TTTAATTTT
,TTTATAATA
,TTTTAATTTT
,TTTTAATTTT
,TTTTAATTTT
,TTGTTACACATTGTT
,ATTTTACATTTTA
,TAATGAAAGTAAT
,TAATTTTAAT
,AAGGTGGTGT
,AAGTAATTA
,ACTAATAAT
,ATTATGGTA
,ATTCACTTA
,ATTTATTTA
,CAATCTAAC
,CTAATAATC
,CTTTGGTGT
,GCATTTACG
,GTAAATTTT
,TAAATTTTAA
,TAATAATAAT
,TAGTTTTAA
,TATACTGTA
,TATTGAGAC
,TCAAAAACT
,TGGTCTGGT
,TGTTTTTGT
,TTATGGTATT
,TTGTGTGTT
,TTTAAATTT
,TTTAACATT
,TTTGGGTTT
,TTTTGTTTT
,TTTTTGTGA
,AAGTTTTGAA
,ATAATATGAC
,GTTCACCAAG
,TAATGAAAGTAAT
,TATTCGTATT
,TTGTTACACATTGTT
,TTTGTTGTTT
,TTTTGTTTGC
,GATGTTGTAG
,TAATTTTAAT
,TATTCGTATT
,TTGTTACACATTGTT
,TTTTAATTTT
,AATGGTGAT
,ATTATAATAATATTA
,CAATATAAC
,CAGGTGGAC
,GAATTTAAG
,GTGGTGGTG
,TAACGCAAT
,TAATTTTAA
,TGTAACTTTTCT
,TGTATTTTA
,TGTTTTTGT
,TTAACAACT
,TTTCACTTT
,TTTTAGTGA
,ATTTTACATTTTA
,TAATGAAAGTAAT
,TAATTTTAAT
,AACTTATAA
,AATCACTAA
,AATGAGTAA
,ACCATACCA
,ACTATATCA
,ACTTCTTTTG
,AGTAGTTTT
,AGTTTTAGAC
,ATAATATTA
,ATACTTGTG
,ATATTCAAA
,ATGACAGTA
,ATGGTGGTC
,ATTATAATAATATTA
,CATAATTTTG
,CGACTCAGC
,CTATTAATA
,CTGCACAAG
,CTTGGTCTA
,GATTATAAT
,GCGTATGCG
,GGTGGTAAA
,GGTGTTTAT
,GGTGTTTAT
,GTAGTTTTAG
,GTGCTCGTG
,GTTGTTGTTG
,GTTTTAGAC
,GTTTTAGCA
,TAATTCACT
,TAATTTTAAT
,TAATTTTGA
,TAGTAGTTT
,TAGTTTTAG
,TATAAAACC
,TATTTTTAT
,TGCGACAACA
,TGGTTTTAA
,TGTTGGTCA
,TGTTGTTGT
,TTAAATGGTG
,TTAATAATT
,TTAATACTA
,TTAATATTT
,TTATAATTT
,TTATTGAAG
,TTGTTACACATTGTT
,TTTAATTTT
,TTTACATCA
,TTTATAATTT
,TTTCACTTT
,TTTCTCTTT
,TTTTAATTTT
,TTTTGAATG
,CAAACACAAAC
,TAATTTTAAT
,TACTTTTCAT
,TCCTACCATCCT
,AACTTTCAA
,AAGGTGTTTA
,AATGAGTAA
,AATGGTGAT
,ACATATTGT
,ACCTCACAT
,ACTATATCA
,ACTTTGTTAA
,AGAAGATAT
,AGGATCTTAT
,AGTACTTTT
,ATAATATTA
,ATATGTATA
,ATGTAACAA
,ATTATAATAATATTA
,ATTATAATT
,ATTATAATT
,ATTCTACTAA
,CACAATTAT
,CAGGTGGAC
,CATTCTTAC
,CCAATAATT
,CGTTAACTAA
,CTTAACAGT
,GAATTTAAG
,GGTGAATTA
,GTATGGATAA
,GTGGTGGTG
,GTTGTTGTTG
,TAATTTTAAT
,TAATTTTAGT
,TACTAATTA
,TACTTTTCAT
,TATAATTTTA
,TATTATTAT
,TATTTTTAT
,TATTTTTAT
,TATTTTTAT
,TCAGTAATTC
,TGAAAAATC
,TGTAACTTTTCTGAA
,TGTATTTTA
,TGTTGTTGT
,TGTTTTTGT
,TTATACTAGT
,TTCTACTAAA
,TTGTCAGTTT
,TTGTCTGTT
,TTGTGATAA
,TTTACTAAT
,TTTACTAAT
,TTTCACTTT
,TTTGTGATA
,TTTTAGTGA
,TTTTAGTGGT
,TTTTTGTGG
,ATTCAAACTTA
,CAAACACAAAC
,TAATTTTAAT
,TTTTAATTTT
,GTAATAATG
,TGTTGTTGT
,TTAATAATT
,TTCTTTCTT
,TTGTAATTT
,TTTTAATGTT
,ATATAATATA
,ATTATAATAATATTA
,CACTGTTTTT
,TAATTTTAAT
,TACTTTTCAT
,ACATTGTTACA
,TTGTTACACATTGTT
,TTGTTACACATTGTT
,GTAATAATG
,TGTTGTTGT
,TTCTTTCTT
,TTGTAATTT
,TTGTTACACATTGTT
,TTGTTACACATTGTT
,CCATGACAGTACC
,CTAAATTTAAATC
,GTGGTAAATT
,TTAAATGGTG
,TTTGTTACGCATTGTTT
,ATAAAAATA
,CAATATAAC
,CAGGTGGAC
,CATTCTTAC
,GAATTTAAG
,GTGGTGGTG
,TAACGCAAT
,TAACTCAAT
,TAATTTTAAT
,TAATTTTAAT
,TAATTTTAAT
,TATTCGTAT
,TCAAACACAAACT
,TGTAACTTTTCTGAA
,TGTATTTTA
,TGTTTTTGT
,TTAACAATT
,TTTCACTTT
,TAATTTTAAT
,CTAAATTTAAATC
,TTTGTTACGCATTGTTT
,TAATTTTAAT
,CCATGACAGTACC
,GTTACTCATTG
,AAGTAATGC
,AATGGTGAT
,AGTATTATGA
,ATTATAATAATATTA
,CAGGTGGAC
,GAATTTAAG
,GTGACAATT
,GTGGTGGTG
,TAATCATACTAAT
,TAATTTTAAT
,TAATTTTAA
,TACTAATCAT
,TACTTTTCAT
,TGTAACTTTTCTGAA
,TGTATTTTAA
,TGTATTTTA
,TGTTTTTGT
,TTCACTTTT
,TTCATACTT
,TTTCACTTT
,TTGTTACACATTGTT
,CAAACACAAAC
,TAATTTTAAT
,TCCTACCATCCT
,CAAACACAAAC
,TAATTTTAAT
,TACTTTTCAT
,TCCTACCATCCT
,AACTTTCAA
,AAGGTGTTTA
,AATGAGTAA
,ACATATTGT
,ACTACTTTA
,ACTATATCA
,ACTTCAGCAG
,ACTTTGTTAA
,AGAAGATAT
,AGTACTTTT
,ATATGTATA
,ATGTAACAA
,ATTATAATAATATTA
,ATTATAATT
,ATTATAATT
,ATTCTACTAA
,ATTCTGCCA
,CAATATAAC
,CACAATTAT
,CACTGTTTTT
,CAGGTGGAC
,CATTACTGC
,CATTCTTAC
,CGTTAACTAA
,GAAGATATT
,GAATTTAAG
,GGTGAATTA
,GTATGGATAA
,GTGGTGGTG
,GTTGTTGTTG
,TAACAACTT
,TAATTTTAAT
,TAATTTTAGT
,TATGGGTCT
,TATTATTAT
,TATTTTTAT
,TATTTTTAT
,TATTTTTAT
,TCAGTAATTC
,TGAAAAATC
,TGTATTTTA
,TGTTGGTGTT
,TGTTGTTGT
,TTATACTAGT
,TTCTACTAAA
,TTGTCTGTT
,TTGTGATAA
,TTTATAATTT
,TTTCTCTTT
,TTTGTGATA
,TTTTAGTGA
,TTTTAGTGGT
,TTTTTGTGG
,CAAACACAAAC
,TAATTTTAAT
,TACTTTTCAT
,TCCTACCATCCT
,TTGTTACACATTGTT
,AGTATTATGA
,ATTATAATAATATTA
,CACTGTTTTT
,TAATTTTAAT
,TACTTTTCAT
,TTTGTTACTCATTGTTT
,AGTATTATGA
,ATTATAATAATATTA
,CACTGTTTTT
,TAATTTTAAT
,TACTTTTCAT
,TGTAACTTTTCTGAA
,TGTATTTTAA
,AAAATTAAT
,AAACTGGTT
,AACTTTCAA
,AAGATGTTTA
,ACATATTGT
,ACTATATCA
,AGTATTATGA
,ATAATGATT
,ATATGTATA
,ATTATAATAATATTA
,CACAATTAT
,CAGGTGGAC
,CATTACTGC
,CTCTCCTCTC
,CTCTCTCTC
,GAAGATGTT
,GAAGTTGTTT
,GAATTTAAG
,GCATTTACA
,GGTGAATTA
,GTAGAAGATG
,GTGGTGGTG
,GTTGTTGTTG
,TAACAACTT
,TAATTTTAGT
,TAATTTTAG
,TACTAATTA
,TACTTTTCAT
,TATAATAAT
,TATTATTAT
,TATTCTTAT
,TATTCTTCTA
,TATTTTTAT
,TATTTTTAT
,TATTTTTAT
,TCAGATGGT
,TGTAACTTTTCTGAA
,TGTATTTTAA
,TGTATTTTA
,TGTTGGTCA
,TGTTGGTGTT
,TGTTGTTGT
,TGTTTTTGT
,TTCATACTT
,TTTACTAAT
,TTTACTAAT
,TTTAGTGGT
,TTTATAATTT
,TTTCACTTT
,TTTCTCTTT
,TTTTAATTTT
,TTTTATTTT
,AAGTAATGC
,AGTATTATGA
,ATTATAATAATATTA
,CAGGTGGAC
,GAATTTAAG
,GTGGTGGTG
,TAATTTTAAT
,TAATTTTAA
,TACTTTTCAT
,TATAATAAT
,TATTCTTAT
,TGTAACTTTTCTGAA
,TGTATTTTAA
,TGTATTTTA
,TGTTTTTGT
,TTCATACTT
,TTTCACTTT
,TTTTCACTT
,AAGGTGTTTA
,ACTTTGTTAA
,AGGATCTTAT
,ATTATAATAATATTA
,ATTATAATT
,ATTATAATT
,CACTGTTTTT
,CGTTAACTAA
,GTATGGATAA
,GTTGTTGTTG
,TAATTTTAAT
,TAATTTTAGT
,TACTTTTCAT
,TATAATTTTA
,TATTTTTAT
,TATTTTTAT
,TATTTTTAT
,TCAGTAATTC
,TGTAACTTTTCTGAA
,TTATACTAGT
,TTATACTAGT
,TTCTACTAAA
,TTGTCAGTTT
,TTTACTAAT
,TTTACTAAT
,TTTTAGTGGT
,AATGTTGGTGG
,TAATGAAAGTAAT
,CAAACACAAAC
,TACTTTTCAT
,GTCACTTCACTG
,TTTGTTACACATTGTTT
,AACTTATAA
,AATCACTAA
,ACATTGTTACA
,ACTTTTCAC
,ATAATATTA
,ATTATAATAATATTA
,ATTCAAACTTA
,CAAACACAAAC
,CAGGTGGAC
,CGACTCAGC
,CTATTAATA
,GCGTATGCG
,GGTGGTCTT
,TAATTTTAAT
,TACAAACAT
,TCTATATCT
,TGTATTTTAA
,TGTGGGGTGT
,TTAAATGGTG
,TTAATAATT
,TTAATACTA
,TTAATATTT
,TTGTTACACATTGTT
,TTTCACTTT
,TTTTAATTTT
,CAAACACAAAC
,GTAATGAAAGTAATG
,TAGTGGTGAT
,TCCTACCATCCT
,TAATTTTAAT
,TTTGTTACACATTGTTT
,AAAAGAACT
,AACAGTTTC
,AAGTGCTAT
,AATCACTAA
,AATGAGTAA
,ACATTAACT
,ACCATACCA
,ACTACATCA
,AGTAGTTTT
,AGTGTTTGT
,ATATGTATA
,ATGTTGGTG
,ATTTATATG
,CAACACAAC
,GCAGTAGTT
,GGTGGTAAA
,GTCAATACT
,GTCAATGGT
,GTGAAAGTA
,GTGCTCGTG
,GTGGTGGAC
,TAATTATTT
,TAGTTTTAG
,TATATGTAT
,TATTTTTAT
,TGTTGGTCA
,TGTTGTTGT
,TTAATAATT
,TTATAATTT
,TTATCGTGA
,TTCTGTCTT
,TTGACAGTT
,TTGTTACACATTGTT
,TTTAAATTT
,TTTATCGTG
,TTTCTCTTT
,TTTTATTTT
,TGGTCCTGGT
,TTGTTACACATTGTT
,TTTGTTTGAC
,CAAACACAAAC
,TACTTTTCAT
,AAACGGCAAA
,TTGTTACTCATTGTT
,ATTATAATAATATTA
,GTGGTTTTAA
,GTTGTTGTTG
,TAAGCAGTTT
,TAATTTTAAT
,TGGTGGTTTT
,TGTTGGTCAG
,TTACAACATT
,TTATAATTCA
,TTATAATTTT
,TTATTTTATT
,TTTCGATACC
,TTTGTTACACATTGTTT
,TTTGTTGTTT
,TTGTTACACATTGTT
,ATTATAATAATATTA
,ATTCTATAAT
,GGAATTTAAGG
,GTGTTCATAA
,GTTACACATTG
,TAATTTTAAT
,TCAAACACAAACT
,TCTTCACTTCT
,TTATGCGTATT
,TTTGTTGTTT
,AACTATCAA
,ACTTCTTCA
,TGATTTAGT
,TTAACACTT
,TTAATAATT
,TTGTTACACATTGTT
,AGTATTATGA
,ATTATAATAATATTA
,CACTGTTTTT
,TAATTTTAAT
,TACTTTTCAT
,TTATACTAGT
,TAATTTTAAT
,AAGTAATGC
,AATGGTGAT
,AGTATTATGA
,ATAATATTA
,ATTATAATAATATTA
,CACTGTTTTT
,CAGGTGGAC
,GAATTTAAG
,GTGACAATT
,GTGGTGGTG
,TAATCATACTAAT
,TAATTTTAAT
,TAATTTTAA
,TACTAATCAT
,TACTTTTCAT
,TGTAACTTTTCTGAA
,TGTATTTTAA
,TGTATTTTA
,TGTTTTTGT
,TTCATACTT
,TTTCACTTT
,TTTTAGTGA
,CAAACACAAAC
,TAATTTTAAT
,TACTTTTCAT
,AGTATTATGA
,ATTATAATAATATTA
,CAATATAAC
,CACTGTTTTT
,CAGGTGGAC
,CATTCTTAC
,CCGATAGCC
,GAATTTAAG
,GATTTTATC
,GTGGCGGTG
,TAACGCAAT
,TAATCATACTAAT
,TAATTTTAAT
,TAATTTTAA
,TACTTTTCAT
,TGTATTTTA
,TGTTTTTGT
,TTAACAACC
,TTTCACTTT
,TTTTAGTGA
,ACGTAATGCA
,ATAATATTA
,ATAATATTA
,ATTATAATAATATTA
,ATTATAATATTA
,ATTATAATA
,CACTGTTTTT
,TAACACAACT
,TAATAATTAT
,TAATGGTAAT
,TAATTTTAAT
,TATAATATTA
,TTAAATGGTG
,CAAACACAAAC
,TAATTTTAAT
,TACTTTTCAT
,TCCTACCATCCT
,TTGTTACACATTGTT
,TTGTTACACATTGTT
,AGTATTATGA
,ATATAATATA
,ATTATAATAATATTA
,CACTGTTTTT
,TAATTTTAAT
,TACTTTTCAT
,TGTAACTTTTCTGAA
,TTATACTAGT
,TTGTTACACATTGTT
,AAGGTGTTTA
,ACTTTGTTAA
,ATTATAATAATATTA
,ATTATAATT
,ATTATAATT
,CACTGTTTTT
,CGTTAACTAA
,GTATGGATAA
,GTTGTTGTTG
,TAATTTTAAT
,TAATTTTAGT
,TACTTTTCAT
,TATAATTTTA
,TATTTTTAT
,TATTTTTAT
,TATTTTTAT
,TCAGTAATTC
,TGTAACTTTTCTGAA
,TGTTGGTGTT
,TTGTCAGTTT
,TTTACTAAT
,TTTACTAAT
,TTTTAGTGGT
,CAAACACAAAC
,TAATTTTAAT
,TACTTTTCAT
,CAAACACAAAC
,TAATTTTAAT
,TACTTTTCAT
,TAATTTTAAT
,TTGTTACACATTGTT
,ACATTGTTACA
,TTGTTACACATTGTT
,CAAACACAAAC
,TAATTTTAAT
,TACTTTTCAT
,TCCTACCATCCT
,CAAACACAAAC
,TAATTTTAAT
,TACTTTTCAT
,ATTCAAACTTA
,CAAACACAAAC
,TAATTTTAAT
,TTTTAATTTT
,TTGTTACACATTGTT
,ATTATAATAATATTA
,TGTAACTTTTCTGAA
,TAATTTTAAT
,ACTACCAAAG
,CACTGTTTTT
,TAATTTTAAT
,TACTTTTCAT
,TGTAACTTTTCTGAA
,TTATACTAGT
,AATCAAACTAA
,GTTACCCATTG
,TTGTTACACATTGTT
,AACTTATAA
,AACTTTCAA
,AAGGTTAAC
,AATATTATT
,AATCACTAA
,AATGAGTAA
,ACGCCATAC
,ACTACATCA
,ACTTCTTTTG
,ATAATATTA
,ATATGTATA
,ATATTCAAA
,ATGACAGTA
,ATGGTGGTC
,ATTATAATAATATTA
,ATTATAATT
,CATAATTTTG
,CGACTCAGC
,CTATTAATA
,CTGCACAAG
,CTTGGTCTA
,GATTATAAT
,GCGTATGCG
,GGTGGTAAA
,GGTGTTGTGG
,GTAATTTTAG
,GTGAATCTA
,GTGCTCGTG
,GTTAAGCAG
,GTTGTTGTTG
,TAATTCACT
,TAATTTTAAT
,TAATTTTGA
,TATTCTTCTA
,TATTTTTAT
,TGCGACAACA
,TGGATTACC
,TGGTTTTAA
,TGTTGTTGT
,TTAAATGGTG
,TTAATAATT
,TTAATACTA
,TTAATATTT
,TTATAATTT
,TTATTATAAT
,TTCAGACCA
,TTGTTACACATTGTT
,TTTAATTTT
,TTTATAATTT
,TTTCACTTT
,TTTCTCTTT
,TTTGTATGAC
,TTTTAATTTT
,TTTTGAATG
,AAAGGCCTGCT
,AACGGCGAT
,AGCGAGCGA
,AGTGCGTGA
,CAGACCCAGAC
,CGTGCGTGC
,CTGCTGCTA
,GCGAGCGAA
,GCGGCGGCG
,GCGTATGCG
,GTGTATGTG
,GTGTATTTT
,GTGTTTGTG
,GTGTTTGTG
,GTGTTTGTG
,GTTTGTGTA
,TAGCGCGAT
,TAGCGCGGCGA
,TATGCGTAT
,TATGTGTAT
,TATTATTAT
,TGTATTTTA
,ATTTTGGTTTTA
,CAAACACAAAC
,TAATTTTAAT
,TACTTTTCAT
,TCCTACCATCCT
,CAAACACAAAC
,TAATTTTAAT
,TACTTTTCAT
,TCCTACCATCCT
,CAAACACAAAC
,TAATTTTAAT
,TACTTTTCAT
,CAAACACAAAC
,TAATTTTAAT
,TACTTTTCAT
,TCCTACCATCCT
,ATAAAAATA
,ATCTGTCTA
,CATTCTTAC
,CCATGACAGTACC
,CTAAATTTAAATC
,GATTTTTGT
,TAACGCAAT
,TAACTCAAT
,TATTCGTAT
,TCTACATCT
,TGTAACTTC
,TTTCACTTT
,TTTGTTACGCATTGTTT
,TTTTCACTT
,TTTTGTTTT
,TTTTTAATG
,TTGTTACACATTGTT
,AAATTGTTT
,AACTGTCAA
,AATCGTTTC
,AATGAGTAA
,ACATATTGT
,ACGTAATGCA
,ACTATATCA
,ACTTATATTA
,AGAACCAAGA
,AGAAGATAT
,AGCAGTTTTA
,AGTAGTTTT
,ATAATATTA
,ATAATATTA
,ATATGTATA
,ATGGTAATT
,ATGGTAATT
,ATGTAACAA
,ATTATAATAATATTA
,ATTATAATATTA
,ATTATAATA
,ATTATTTAG
,ATTTATTATTTA
,CACAATTAT
,CACTGTTTTT
,CAGCAGTTT
,CAGGTGGAC
,CATTACTGC
,CTCTCTTCTCTC
,CTTATATTC
,GAAGTTATT
,GAATTTAAG
,GGTAAATTA
,GGTGGTAAA
,GGTTATAAT
,GTAAATTATA
,GTAATTCTG
,GTAGAAGATG
,GTATGGATAA
,GTCAATGGT
,GTTGTTGTTG
,GTTTTAGAC
,TAACAACTT
,TAACACAACT
,TAATAATTAT
,TAATATTAT
,TAATGGTAAT
,TAATTTTAAT
,TAATTTTAA
,TAATTTTAG
,TACTAATTA
,TACTTATATT
,TATAATAAT
,TATAATATTA
,TATTCTTCTA
,TATTTTTAT
,TCAGTAATTC
,TGATTATAAT
,TGTAACTTT
,TGTTGGTCA
,TGTTGTTGT
,TTAAATGGTG
,TTTACTAATT
,TTTATAATTT
,TTTCTCTTT
,AACTTATAA
,AACTTTCAA
,AAGGTTAAC
,AATCACTAA
,ACGCCATAC
,ACTACATCA
,ACTTCTTTTG
,ATAATATTA
,ATATGTATA
,ATATTCAAA
,ATATTTGTG
,ATGACAGTA
,ATGGTGGTC
,ATTATAATAATATTA
,ATTATAATT
,CATAATTTTG
,CGACTCAGC
,CTATTAATA
,CTGCACAAG
,CTTGGTCTA
,GATTATAAT
,GCGTATGCG
,GGTGGTAAA
,GGTGTTGTGG
,GGTGTTTAT
,GGTGTTTAT
,GTAATTTTAG
,GTGCTCGTG
,GTTAAGCAG
,GTTGTTGTTG
,TAATTCACT
,TAATTTTAAT
,TAATTTTGA
,TATTCTTCTA
,TATTTTTAT
,TGAGTGAGT
,TGCGACAACA
,TGGATTACC
,TGGTTTTAA
,TGTTGTTGT
,TTAAATGGTG
,TTAATAATT
,TTAATACTA
,TTAATATTT
,TTATAATTT
,TTCAGACCA
,TTGTTACACATTGTT
,TTTAATTTT
,TTTATAATTT
,TTTCACTTT
,TTTCTCTTT
,TTTTAATTTT
,TTTTGAATG
,TTGTTACACATTGTT
,AACTTTCAA
,AAGGTGTTTA
,AATGAGTAA
,AATGGTGAT
,ACATATTGT
,ACCTCACAT
,ACTATATCA
,ACTTTGTTAA
,AGAAGATAT
,AGTACTTTT
,ATATGTATA
,ATGTAACAA
,ATTATAATAATATTA
,ATTATAATT
,ATTATAATT
,ATTCTGCCA
,CACAATTAT
,CACTGTTTTT
,CAGGTGGAC
,CATTACTGC
,CATTCTTAC
,CGTTAACTAA
,CTTAACAGT
,GAATTTAAG
,GGTGAATTA
,GTATGGATAA
,GTGGTGGTG
,GTTGTTGTTG
,TAATTTTAAT
,TAATTTTAGT
,TACTAATTA
,TACTTTTCAT
,TATTATTAT
,TATTTTTAT
,TATTTTTAT
,TATTTTTAT
,TCAGTAATTC
,TGAAAAATC
,TGTAACTTTTCTGAA
,TGTATTTTA
,TGTTGGTGTT
,TGTTGTTGT
,TGTTTTTGT
,TTATACTAGT
,TTATACTAGT
,TTCTGCTAA
,TTGTCAGTTT
,TTGTCTGTT
,TTGTGATAA
,TTTACTAAT
,TTTACTAAT
,TTTCACTTT
,TTTCTCTTT
,TTTGTGATA
,TTTTAGTGA
,TTTTAGTGGT
,TTTTTGTGG
,AACTTATAA
,AACTTTCAA
,AAGGTTAAC
,AATGAGTAA
,ACGCCATAC
,ACTACATCA
,ACTTCTTTTG
,AGGTGGTGGA
,ATAATATTA
,ATATGTATA
,ATATTCAAA
,ATGACAGTA
,ATGGTGGTC
,ATTATAATAATATTA
,ATTATAATT
,CATAATTTTG
,CGACTCAGC
,CTATTAATA
,CTTGGTCTA
,GATTATAAT
,GCGTATGCG
,GGTGGTAAA
,GGTGTTGTGG
,GTAATTTTAG
,GTGCTCGTG
,GTTAAGCAG
,GTTGTTGTTG
,TAATTCACT
,TAATTTTAAT
,TAATTTTGA
,TATTATTAAT
,TATTTTTAT
,TGCGACAACA
,TGGACTGTT
,TGGATTACC
,TGGTTTTAA
,TGTTGTTGT
,TTAAATGGTG
,TTAATAATT
,TTAATACTA
,TTATAATTT
,TTCAGACCA
,TTGTTACACATTGTT
,TTTAATTTT
,TTTCACTTT
,TTTTAATTTT
,TTTTGAATG
,ATTATAATAATATTA
,TTGTTACACATTGTT
,TTTGTTACTCATTGTTT
,AAAATGGTG
,AAATGGTGT
,AAGTTGTTT
,AATATTAATA
,AATGAGTAA
,AATGGTGTAG
,AATTCTTAA
,AATTTTTAA
,ACAACATTAC
,ACATATTTGT
,ACCAATTTT
,ACCATACCA
,ACTACATCA
,AGTACTTCT
,AGTAGTTTT
,AGTGTTTGT
,ATAAAAATA
,ATAATATTT
,ATATGTATA
,ATCTGTCTA
,ATTGAGAAC
,ATTGTAATT
,CAGGTATGA
,CATTCTTAC
,CCATGACAGTACC
,CTAAATTTAAATC
,CTATTATTAC
,GACATTACAG
,GATTTTTGT
,GTGTTTGTT
,GTTGTTGTTG
,GTTTTAAAA
,TAACGCAAT
,TAACTCAAT
,TAATTTTAAT
,TATAATAGT
,TATGGATAA
,TATTCATTT
,TATTCGTAT
,TATTTTTAT
,TCACTAACG
,TCATTGTAA
,TCTACATCT
,TGAAAAATC
,TGTAACTTC
,TGTAAGGGT
,TGTTGTTGT
,TTACAGAGA
,TTATAATTT
,TTATTGAAGA
,TTCTCTCTT
,TTGGTCAGT
,TTGTCTGTT
,TTTACATCA
,TTTAGACCA
,TTTATAATTT
,TTTCACTTT
,TTTGTGATA
,TTTGTTACGCATTGTTT
,TTTTCACTT
,TTTTGTACAG
,TTTTGTTTT
,TTTTTAATGG
,AGTATTATGA
,ATTATAATAATATTA
,CACTGTTTTT
,TAATTTTAAT
,TACTTTTCAT
,TCTGTATATTTAA
,ATTATAATAATATTA
,CTAAATTTAAATC
,TTTGTTACACATTGTTT
,AAAATTAAAA
,ATTAAAATTA
,GTTTGTGTTTG
,TAAGTTTGAAT
,TGTAACTTTTCTGAA
,TTATACTAGT
,ATTATAATAATATTA
,CACTGTTTTT
,TAATTTTAAT
,TACTTTTCAT
,TGAATTAAGT
,TGTAACTTTTCTGAA
,CAAACGCAAAC
,TATAATAATAT
,TCAACACAACT
,AAAATTAAT
,AACCACCAA
,AACTTTCAA
,AAGGATGTT
,AAGTTTTGAA
,AATATTAGT
,AATGAGTAA
,AATTAAAAAA
,ACATATTGT
,ACTATATCA
,AGAACCAAGA
,AGAAGATAT
,AGTAGTTTT
,AGTATTATGA
,AGTGGTCAT
,ATAACATATT
,ATAATATTA
,ATACCCATA
,ATATGTATA
,ATCTTCGTT
,ATTATAATAATATTA
,ATTATAATT
,CAATATAAC
,CACTGTTTTT
,CAGCAGTTT
,CAGGTGGAC
,CATTACTGC
,CCAATTATT
,CCGCCAGTT
,CCTTATTAC
,GAAGTTATT
,GAATTTAAG
,GACCGCCAAA
,GGTGGTAAA
,GTACTTTAGT
,GTATGGATAA
,GTGAAAGTG
,GTGCGACAA
,GTGGTGGTG
,GTTGTTGTTG
,GTTTTAGACG
,GTTTTAGAC
,TAACAACTT
,TAATTTTAG
,TAATTTTAG
,TACTTTTCAT
,TAGAAGATTT
,TATTATTAT
,TATTCGTATT
,TATTCTTCTA
,TATTTTTAT
,TATTTTTAT
,TATTTTTAT
,TCAGTAATTC
,TGATTATAAT
,TGATTATAAT
,TGATTATAA
,TGTTGGTCA
,TGTTGGTGTT
,TGTTGTTGT
,TTAAAAAATT
,TTAAATGGTG
,TTATAATTCA
,TTATTACGG
,TTCTCTCTT
,TTTAATTTA
,TTTACTAAT
,TTTACTAAT
,TTTATAATTT
,TTTCACTTT
,TTTGGTAATAATTAT
,TTTTAATTTT
,TTTTAGACC
,TTTTAGTGGT
,CAAACACAAAC
,TAATTTTAAT
,TTTTAATTTT
,TTTGTTACACATTGTTT
,CAAACACAAAC
,TAATTTTAAT
,TACTTTTCAT
,AAAATGGTG
,AAAGTTGTTT
,AAATGGTGT
,AATAAATGTG
,AATATTAATA
,AATGAGTAA
,AATGGTGTAG
,AATTCTTAA
,AATTTTTAA
,ACAACATTAC
,ACATATTTGT
,ACCAATTTT
,ACCATACCA
,ACTACATCA
,AGTACTTCT
,AGTAGTTTT
,AGTGTTTGT
,ATAAAAATA
,ATAATATTT
,ATATGTATA
,ATCTGTCTA
,ATTCGTATT
,ATTGAGAAC
,ATTGTAATT
,CAGGTATGA
,CATTCTTAC
,CCATGACAGTACC
,CTAAATTTAAATC
,CTATTATTAC
,GACATTACAG
,GATTTTTGT
,GTGTTTGTT
,GTTGTTGTTG
,GTTTTAAAA
,TAAATAAAT
,TAAATGTGTT
,TAACGCAAT
,TAACTCAAT
,TAATTTTAAT
,TATAATAGT
,TATGGATAA
,TATTCATTT
,TATTCGTAT
,TATTTTTAT
,TCACTAACG
,TCATTGTAA
,TCTACATCT
,TGAAAAATC
,TGTAACTTC
,TGTAAGGGT
,TGTTGTTGT
,TTACAGAGA
,TTATAATTT
,TTATTGAAGA
,TTCTCTCTT
,TTGGTCAGT
,TTGTCTGTT
,TTTACATCA
,TTTAGACCA
,TTTATAATTT
,TTTCACTTT
,TTTGTGATA
,TTTGTTACGCATTGTTT
,TTTTCACTT
,TTTTGTACAG
,TTTTGTTTT
,TTTTTAATGG
,CAAACACAAAC
,GATCCTACCATCCTAG
,TAATTTTAAT
,TACTTTTCAT
,ATTATAATAATATTA
,GGAATTTAAGG
,GTTACACATTG
,TAATTTTAAT
,TAGTGGTGAT
,TCAAACACAAACT
,TCTTCACTTCT
,TTAACCAATT
,TTATGCGTATT
,TTTGTTGTTT
,ATTCAAACTTA
,CAAACACAAAC
,TAATTTTAAT
,TTTTAATTTT
