covidType,repeats
IBV,PSNG
IBV,LQGG
IBV,PLQG
IBV,LQGG
IBV,NTTL
IBV,LTQY
IBV,NFSD
IBV,VSVS
IBV,YYQSA
IBV,LTQY
IBV,NFSD
IBV,VSVS
IBV,NFSD
IBV,LQGG
IBV,NTTL
IBV,PLQG
IBV,NETG
IBV,NFSD
IBV,FTNVS
IBV,IQTR
IBV,LVLT
IBV,NLTV
IBV,LQGG
IBV,PLQG
IBV,TNYT
IBV,FNVL
IBV,NFSD
IBV,ATGS
IBV,GGLV
IBV,NFTF
IBV,NYTS
IBV,SNYT
IBV,CCGC
IBV,DFDD
IBV,DVVT
IBV,ELSK
IBV,GLLV
IBV,IQTR
IBV,LQGG
IBV,NLTV
IBV,SLLL
IBV,SLSV
IBV,VVNS
IBV,KSGG
IBV,NETG
IBV,SFVY
IBV,CCGC
IBV,CTAG
IBV,GLLV
IBV,IPQN
IBV,IQTR
IBV,LTQY
IBV,NFSD
IBV,NLTV
IBV,NVTE
IBV,QEVI
IBV,SLLL
IBV,SLSV
IBV,SSLV
IBV,VSVS
IBV,SLLL
IBV,SLLL
IBV,SLLL
IBV,AYGP
IBV,LTVS
IBV,SQFC
IBV,CCGC
IBV,FTSV
IBV,GLLV
IBV,NFSD
IBV,NLTV
IBV,SLLL
IBV,SLSV
IBV,VGQG
IBV,VQDV
IBV,NFSD
IBV,VGQG
IBV,CCGC
IBV,FTSV
IBV,GLLV
IBV,NFSD
IBV,NLTV
IBV,SLLL
IBV,SLSV
IBV,VGQG
IBV,VQDV
IBV,CCGC
IBV,DFDD
IBV,ELSK
IBV,GLLV
IBV,IQTR
IBV,LQGG
IBV,NLTV
IBV,SLLL
IBV,SLSV
IBV,VVNS
IBV,AYGP
IBV,NETN
IBV,SNET
IBV,LQGG
IBV,NTTL
IBV,LQGG
IBV,NTTL
IBV,NETG
IBV,NFSD
IBV,NETG
IBV,NFSD
IBV,LTQY
IBV,NFSD
IBV,VSVS
IBV,NFSD
IBV,VGQG
IBV,LQGG
IBV,NTTL
IBV,PLQG
IBV,NETG
IBV,NFSD
IBV,NFSF
IBV,GNFS
IBV,LQGG
IBV,PLQG
IBV,LQGG
IBV,PLQG
IBV,TNYT
IBV,NFNF
IBV,SVYL
IBV,LTQY
IBV,NFSD
IBV,VSVS
IBV,LTQY
IBV,NFSD
IBV,VSVS
IBV,NFSD
IBV,SLSL
IBV,AGAI
IBV,ALSV
IBV,CCGC
IBV,CTAG
IBV,GLLV
IBV,IGQG
IBV,ILTS
IBV,IRVS
IBV,NFTD
IBV,SASS
IBV,SLLL
IBV,SVIQ
IBV,VYRES
IBV,AGAI
IBV,AIVP
IBV,AVVN
IBV,CCGC
IBV,CTAG
IBV,GLLV
IBV,LQGG
IBV,LSVL
IBV,QGFI
IBV,SLLL
IBV,SLSV
IBV,SNET
IBV,SNVS
IBV,TENV
IBV,VLIP
IBV,VSVNK
IBV,CCGC
IBV,GLLV
IBV,IRVS
IBV,NETG
IBV,NFSD
IBV,NLTV
IBV,SSLV
IBV,LQGG
IBV,NGDL
IBV,SLSL
IBV,CCGC
IBV,DFDD
IBV,ELSK
IBV,FTSV
IBV,GLLV
IBV,IQTR
IBV,LQGG
IBV,NLTV
IBV,SLSV
IBV,VVNS
IBV,YYQSA
IBV,AGAI
IBV,AITS
IBV,CCGC
IBV,CTAG
IBV,ENGT
IBV,IILC
IBV,LDSSG
IBV,LNVT
IBV,LSSL
IBV,NETS
IBV,NKTV
IBV,NNFT
IBV,NVTA
IBV,QSGA
IBV,VRLT
IBV,VTHC
IBV,CCGC
IBV,GLLV
IBV,IRVS
IBV,NETG
IBV,NFSD
IBV,NLTV
IBV,SLSV
IBV,SSLV
IBV,NETG
IBV,NFSD
IBV,LQGG
IBV,PLQG
IBV,CCGC
IBV,DFDD
IBV,ELSK
IBV,FTSV
IBV,GLLV
IBV,IQTR
IBV,LQGG
IBV,SLLL
IBV,SLSV
IBV,VVNS
IBV,NFSD
IBV,SNYT
IBV,CCGC
IBV,IRVS
IBV,NETG
IBV,NFSD
IBV,NLTV
IBV,SLSV
IBV,SSLV
IBV,LTQY
IBV,NFSD
IBV,VSVS
IBV,CCGC
IBV,DFDD
IBV,FTSV
IBV,GLLV
IBV,IQTR
IBV,IVFI
IBV,LQGG
IBV,LTSC
IBV,NLTV
IBV,PLQG
IBV,QDVV
IBV,SLLM
IBV,SLSV
IBV,VNGT
IBV,VVNS
IBV,FTNVS
IBV,CCGC
IBV,CTAG
IBV,GLLV
IBV,IQTR
IBV,NFSD
IBV,NLTV
IBV,NVTE
IBV,QEVI
IBV,SLLL
IBV,SLSV
IBV,SSLV
IBV,TAQE
IBV,CCGC
IBV,GLLV
IBV,NETG
IBV,NFSD
IBV,NLTV
IBV,SLLL
IBV,SLSV
IBV,SSLV
IBV,TENV
IBV,AGAI
IBV,CCGC
IBV,CTAG
IBV,GLLV
IBV,NLTV
IBV,SFVY
IBV,SLLL
IBV,SLSV
IBV,VKSL
IBV,LTQY
IBV,NTTL
IBV,TAQD
IBV,LQGG
IBV,NTTL
IBV,CCGC
IBV,GLLV
IBV,IRVS
IBV,NETG
IBV,NFSD
IBV,NLTV
IBV,SLSV
IBV,SSLV
IBV,CCGC
IBV,CTAG
IBV,FKSG
IBV,GLLV
IBV,LSVV
IBV,SLLL
IBV,SSLV
IBV,VNVT
IBV,CCGC
IBV,GLLV
IBV,IRVS
IBV,NETG
IBV,NFSD
IBV,NLTV
IBV,SLSV
IBV,SSLV
IBV,VSVNK
IBV,NFSD
IBV,YYKV
IBV,FTNVS
IBV,LDSSG
IBV,NETS
IBV,NNFT
IBV,QSGA
IBV,ALKG
IBV,CCGC
IBV,GTFFV
IBV,IPQY
IBV,KVVTL
IBV,LNFT
IBV,LNKV
IBV,LRCR
IBV,NFTGF
IBV,TIPQ
IBV,YTCV
IBV,LQGG
IBV,PLQG
IBV,LQGG
IBV,PLQG
IBV,NESN
IBV,PLQG
IBV,VFVT
IBV,LQGG
IBV,NTTL
IBV,LQGG
IBV,PLQG
IBV,NFSD
IBV,VGQG
IBV,SAAS
IBV,SRRS
IBV,VFVT
IBV,LTQY
IBV,NFSD
IBV,QGGC
IBV,VSVS
IBV,LVLT
IBV,NFSD
IBV,VFVT
IBV,LQGG
IBV,PLQG
IBV,TNSS
IBV,TNYT
IBV,LTQY
IBV,NTTL
IBV,TAQD
IBV,LQGG
IBV,PLQG
IBV,TNYT
IBV,LQGG
IBV,PLQG
IBV,TNVS
IBV,CCGC
IBV,DFDD
IBV,FTSV
IBV,GLLV
IBV,IQTR
IBV,IVFI
IBV,LQGG
IBV,LTSC
IBV,NLTV
IBV,PITG
IBV,PLQG
IBV,SLLM
IBV,SLSV
IBV,VNGT
IBV,VVNS
IBV,CCGC
IBV,DFDD
IBV,IQTR
IBV,LQGG
IBV,NLTV
IBV,PLQG
IBV,SLLL
IBV,SLSV
IBV,VVNS
IBV,CCGC
IBV,DFDD
IBV,GLLV
IBV,LQGG
IBV,SAAS
IBV,SLLL
IBV,SLSV
IBV,TNYT
IBV,VVNS
IBV,VYRE
IBV,YTSN
IBV,LVLT
IBV,NFSD
IBV,VFVT
IBV,CCGC
IBV,DVVT
IBV,GLLV
IBV,IQTR
IBV,NFSD
IBV,NLTV
IBV,NVTE
IBV,SLLL
IBV,SLSV
IBV,SPRG
IBV,VFSN
IBV,VGQG
IBV,CCGC
IBV,DFDD
IBV,FTSV
IBV,GLLV
IBV,IQTR
IBV,LQGG
IBV,NLTV
IBV,PLQG
IBV,QDVV
IBV,VNGT
IBV,VVNS
IBV,LQGG
IBV,PLQG
IBV,TNVS
IBV,GNFS
IBV,LQGG
IBV,PLQG
IBV,FTNVS
IBV,CCGC
IBV,DFDD
IBV,DVVT
IBV,FTSV
IBV,GLLV
IBV,NFSD
IBV,NLTV
IBV,SLLL
IBV,SLSV
IBV,TNSS
IBV,VGQG
IBV,LQGG
IBV,NFSD
IBV,NFSD
IBV,SRRS
IBV,VGQG
IBV,AGAI
IBV,AYGP
IBV,CCGC
IBV,GLLV
IBV,NLTV
IBV,NVTE
IBV,SLSV
IBV,SNET
IBV,SRRS
IBV,VITT
IBV,LQGG
IBV,NTTL
IBV,YYQSA
IBV,LQGG
IBV,NITL
IBV,AYGP
IBV,CCGC
IBV,CTAG
IBV,FDND
IBV,GLLV
IBV,IPQN
IBV,NETN
IBV,NLTV
IBV,SLLL
IBV,SLSV
IBV,SNET
IBV,SSLV
IBV,TAAG
IBV,CCGC
IBV,FTSV
IBV,IQTR
IBV,LQGG
IBV,NLTV
IBV,PLQG
IBV,SLLL
IBV,SLSV
IBV,LQGG
IBV,PLQG
IBV,CCGC
IBV,GLLV
IBV,IRVS
IBV,NETG
IBV,NFSD
IBV,NLTV
IBV,SLSV
IBV,SSLV
IBV,NYYKV
IBV,NETG
IBV,NFSD
IBV,CCGC
IBV,DFDD
IBV,DVVT
IBV,ELSK
IBV,GLLV
IBV,IQTR
IBV,LQGG
IBV,NLTV
IBV,SLLL
IBV,SLSV
IBV,VVNS
IBV,LQGG
IBV,NTTL
IBV,PLQG
IBV,GNFS
IBV,LQGG
IBV,PLQG
IBV,NTTL
IBV,FTNVS
IBV,GNFS
IBV,LQGG
IBV,PLQG
IBV,LQGG
IBV,PLQG
IBV,CCGC
IBV,FTSV
IBV,GLLV
IBV,IQTR
IBV,LNIT
IBV,LQGG
IBV,NLTV
IBV,PLQG
IBV,QDVV
IBV,SLSV
IBV,VNGT
IBV,VVNS
IBV,YTTF
IBV,CCGC
IBV,CTAG
IBV,GLLV
IBV,IPQN
IBV,IQTR
IBV,LTQY
IBV,NFSD
IBV,NLTV
IBV,NVTE
IBV,QEVI
IBV,SLLL
IBV,SLSV
IBV,SSLV
IBV,VSVS
IBV,CCGC
IBV,DDFN
IBV,DGSL
IBV,GLLV
IBV,IQTR
IBV,LQGG
IBV,NLTV
IBV,SLSV
IBV,VNGT
IBV,VVNS
IBV,CCGC
IBV,DFDD
IBV,GLLV
IBV,LQGG
IBV,SAAS
IBV,SLLL
IBV,SLSV
IBV,TNYT
IBV,VNKQ
IBV,VVNS
IBV,VYRE
IBV,YTSN
IBV,CCGC
IBV,CTAG
IBV,GLLV
IBV,IPQN
IBV,IQTR
IBV,LTQY
IBV,NFSD
IBV,NLTV
IBV,NVTE
IBV,QEVI
IBV,SLLL
IBV,SLSV
IBV,SSLV
IBV,LQGG
IBV,PLQG
IBV,TNVS
IBV,CCGC
IBV,DDFN
IBV,FTSV
IBV,GLLV
IBV,IQTR
IBV,IVGF
IBV,IVTL
IBV,LQGG
IBV,NLTV
IBV,PLQG
IBV,SLLL
IBV,SLSV
IBV,TENV
IBV,TNVS
IBV,VVNS
IBV,LQGG
IBV,PLQG
IBV,TNVS
IBV,CCGC
IBV,DFDD
IBV,DVVT
IBV,ELSK
IBV,FTSV
IBV,GLLV
IBV,IQTR
IBV,LQGG
IBV,NLTV
IBV,SLLL
IBV,SLSV
IBV,TSAG
IBV,VVNS
IBV,DYGS
IBV,NITL
IBV,SIVG
IBV,SVST
IBV,FKSG
IBV,CCGC
IBV,DDFN
IBV,FTSV
IBV,GLLV
IBV,LQGG
IBV,NLTV
IBV,PLQG
IBV,RSTS
IBV,SLLL
IBV,DFTS
IBV,LQGG
IBV,LTLT
IBV,LQGG
IBV,PLQG
IBV,TNVS
IBV,LQGG
IBV,NTTL
IBV,NETG
IBV,NFSD
IBV,AIVP
IBV,CCGC
IBV,FTSV
IBV,GLLV
IBV,IRVS
IBV,NETG
IBV,NFSD
IBV,NLTV
IBV,SLSV
IBV,SSLV
IBV,VSVNK
IBV,CCGC
IBV,DVVT
IBV,GLLV
IBV,IRVS
IBV,LQGG
IBV,NETG
IBV,NFSD
IBV,NLTV
IBV,SLLL
IBV,SLSV
IBV,SSLV
IBV,TENV
IBV,AGAI
IBV,CTAG
IBV,GLLV
IBV,NLTV
IBV,SFVY
IBV,SLLL
IBV,VKSL
IBV,NFSD
IBV,SLSL
IBV,CCGC
IBV,GGPI
IBV,GLLV
IBV,IECK
IBV,NKTV
IBV,SLSV
IBV,SSVT
IBV,SVFN
IBV,SVTT
IBV,TIIF
IBV,TNVT
IBV,LQGG
IBV,PLQG
IBV,TNVS
IBV,VNTT
IBV,LQGG
IBV,NTTL
IBV,CCGC
IBV,DFDD
IBV,ELSK
IBV,GLLV
IBV,GSYY
IBV,ILTS
IBV,IQTR
IBV,LQGG
IBV,NLTV
IBV,NTTL
IBV,SLLL
IBV,SLSV
IBV,VVNS
IBV,LDSSG
IBV,NETS
IBV,NNFT
IBV,QSGA
IBV,CCGC
IBV,DDFN
IBV,FTSV
IBV,GILT
IBV,GLLV
IBV,LQGG
IBV,NLTV
IBV,PLQG
IBV,RSTS
IBV,SLLL
IBV,SLSV
IBV,LQGG
IBV,PLQG
IBV,TNVS
IBV,NFSD
IBV,FTNVS
IBV,SNYT
IBV,LQGG
IBV,NTTL
IBV,PLQG
IBV,LTQY
IBV,NFSD
IBV,VSVS
IBV,LQGG
IBV,PLQG
IBV,TNVS
IBV,LQGG
IBV,PLQG
IBV,CCGC
IBV,FTSV
IBV,GLLV
IBV,NFSD
IBV,NLTV
IBV,SLSV
IBV,SRRS
IBV,VGQG
IBV,VNGT
IBV,LQGG
IBV,TNVS
IBV,VYRES
IBV,FNVL
IBV,GGLV
IBV,NITL
IBV,CCGC
IBV,DFDD
IBV,ELSK
IBV,GLLV
IBV,IQTR
IBV,LQGG
IBV,NLTV
IBV,NYNN
IBV,SLLL
IBV,SLSV
IBV,VVNS
IBV,CCGC
IBV,CVKS
IBV,DGLV
IBV,GLLV
IBV,IITAE
IBV,NETG
IBV,TSRD
IBV,TYGK
IBV,VNGL
IBV,VNGT
IBV,LTQY
IBV,NFSD
IBV,VSVS
IBV,LTQY
IBV,NFSD
IBV,TNVT
IBV,CCGC
IBV,DFDD
IBV,IQTR
IBV,LQGG
IBV,NLTV
IBV,PLQG
IBV,SLLL
IBV,SLSV
IBV,VVNS
IBV,NETG
IBV,NFSD
IBV,LQGG
IBV,PLQG
IBV,SNYT
IBV,CCGC
IBV,DFDD
IBV,ELSK
IBV,FTSV
IBV,GLLV
IBV,IQTR
IBV,LQGG
IBV,NLTV
IBV,SLLL
IBV,SLSV
IBV,VVNS
IBV,LQGG
IBV,LTVS
IBV,VGVL
IBV,ALKG
IBV,CCGC
IBV,IPQY
IBV,KCNN
IBV,KVVTL
IBV,LNFT
IBV,LNKV
IBV,LRCR
IBV,NFTGF
IBV,NNGL
IBV,TIPQ
IBV,TVGS
IBV,VSVS
IBV,ECGL
IBV,ELTN
IBV,NFSD
IBV,SASS
IBV,TQTA
IBV,VFVT
IBV,NYTS
IBV,SNYT
IBV,CCGC
IBV,ELSK
IBV,GLLV
IBV,IQTR
IBV,LQGG
IBV,NLTV
IBV,NVST
IBV,RRRS
IBV,SIGQ
IBV,SLLL
IBV,SLSV
IBV,VVNS
IBV,LTQY
IBV,TAQD
IBV,LVLT
IBV,NFSD
IBV,VFVT
IBV,CCGC
IBV,DFDD
IBV,DVVT
IBV,FTSV
IBV,GLLV
IBV,NFSD
IBV,NLTV
IBV,QQFV
IBV,SLSV
IBV,VGQG
IBV,NFSD
IBV,NSSL
IBV,VFVT
IBV,NETG
IBV,NFSD
IBV,CCGC
IBV,DFDD
IBV,DVVT
IBV,ELSK
IBV,FNLS
IBV,FTSV
IBV,GLLV
IBV,IQTR
IBV,LQGG
IBV,NLTV
IBV,SLLL
IBV,SLSV
IBV,VVNS
IBV,NFSD
IBV,VGQG
IBV,LQGG
IBV,PLQG
IBV,TNVS
IBV,CCGC
IBV,GLLV
IBV,IRVS
IBV,NETG
IBV,NFSD
IBV,NLTV
IBV,SLLL
IBV,SLSV
IBV,SSLV
IBV,NETG
IBV,NFSD
IBV,LQGG
IBV,NTTL
IBV,SAAS
IBV,NFSD
IBV,VGQG
IBV,LQGG
IBV,TNVS
IBV,TYGP
IBV,LDSSG
IBV,NETS
IBV,NNFT
IBV,QSGA
IBV,NYTS
IBV,SNYT
IBV,NFSD
IBV,VGQG
IBV,FTSV
IBV,GCCG
IBV,IQTR
IBV,LQGG
IBV,NLTV
IBV,NTTL
IBV,SLLL
IBV,SLSV
IBV,VVNS
IBV,LQGG
IBV,PLQG
IBV,TNVS
IBV,CCGC
IBV,DFDD
IBV,DVVT
IBV,ELSK
IBV,FTSV
IBV,GLLV
IBV,IQTR
IBV,LQGG
IBV,NLTV
IBV,SLLL
IBV,SLSV
IBV,VVNS
IBV,SNYT
IBV,SNYT
IBV,LQGG
IBV,PLQG
IBV,TNVS
IBV,LQGG
IBV,SAAS
IBV,LQGG
IBV,NFSD
IBV,PSSG
IBV,VYRES
IBV,HCNF
IBV,LQGG
IBV,NFSD
IBV,PPTG
IBV,LQGG
IBV,PLQG
IBV,CCGC
IBV,DFDD
IBV,IQTR
IBV,LQGG
IBV,NLTV
IBV,PLQG
IBV,SLLL
IBV,SLSV
IBV,VVNS
IBV,LQGG
IBV,SFRP
IBV,CCGC
IBV,DFDD
IBV,ELSK
IBV,GLLV
IBV,IQTR
IBV,LQGG
IBV,NLTV
IBV,SLLL
IBV,SLSV
IBV,VVNS
IBV,AGAI
IBV,CCGC
IBV,CTAG
IBV,GLLV
IBV,NLTV
IBV,SFVY
IBV,SLLL
IBV,SLSV
IBV,STNY
IBV,TNVT
IBV,LTQY
IBV,NFSD
IBV,VSVS
IBV,CCGC
IBV,GLLV
IBV,IRVS
IBV,NETG
IBV,NFSD
IBV,NLTV
IBV,SLSV
IBV,SSLV
IBV,CCGC
IBV,DFDD
IBV,FTSV
IBV,IQTR
IBV,LQGG
IBV,NLTV
IBV,PLQG
IBV,SLLL
IBV,SLSV
IBV,VVNS
IBV,LTQY
IBV,NFSD
IBV,TNSS
IBV,VSVS
IBV,NYTS
IBV,SNYT
IBV,NFSD
IBV,SFRP
IBV,CCGC
IBV,GLLV
IBV,NETG
IBV,NFSD
IBV,NLTV
IBV,SLLL
IBV,SLSV
IBV,SSLV
IBV,TENV
IBV,LQGG
IBV,PLQG
IBV,FTNVS
IBV,IQTR
IBV,LVLT
IBV,NLTV
IBV,GNFS
IBV,LQGG
IBV,PLQG
IBV,NETG
IBV,NFSD
IBV,NFTF
IBV,NFSD
IBV,QSVF
IBV,TAYC
IBV,CCGC
IBV,CTAG
IBV,GLLV
IBV,IPQN
IBV,IQTR
IBV,LTQY
IBV,NFSD
IBV,NLTV
IBV,NVTE
IBV,QEVI
IBV,SLLL
IBV,SLSV
IBV,SSLV
IBV,VSVS
IBV,CCGC
IBV,DFDD
IBV,IQTR
IBV,LQGG
IBV,NLTV
IBV,NTTL
IBV,SLLL
IBV,SLSV
IBV,VVNS
IBV,LQGG
IBV,LTVS
IBV,NFSD
IBV,VGVL
IBV,LDSSG
IBV,NETS
IBV,NNFT
IBV,QSGA
IBV,CCGC
IBV,DFDD
IBV,DVVT
IBV,ELSK
IBV,GLLV
IBV,IQTR
IBV,LQGG
IBV,NLTV
IBV,SLSV
IBV,VVNS
IBV,ECGL
IBV,ELTN
IBV,NFSD
IBV,SASS
IBV,VFVT
IBV,KLTN
IBV,NFSD
IBV,LQGG
IBV,PLQG
IBV,TNVS
IBV,LQGG
IBV,PLQG
IBV,AGAI
IBV,CCGC
IBV,CTAG
IBV,GLLV
IBV,NLTV
IBV,SFVY
IBV,SLLL
IBV,SLSV
IBV,VYRES
IBV,AGAI
IBV,CCGC
IBV,CTAG
IBV,ENGT
IBV,LDSSG
IBV,LSSL
IBV,NETS
IBV,NKTV
IBV,NNFT
IBV,QSGA
IBV,VRLT
IBV,VTHC
IBV,LQGG
IBV,PLQG
IBV,NFSD
IBV,TNSS
IBV,VGQG
IBV,AGAI
IBV,CCGC
IBV,CTAG
IBV,FKSG
IBV,GLLV
IBV,GQGF
IBV,IVTL
IBV,LNIT
IBV,NETK
IBV,NLTV
IBV,SAIL
IBV,VVFI
IBV,LQGG
IBV,SFRP
IBV,LQGG
IBV,LVLT
IBV,NTTLV
IBV,PLQG
IBV,NETG
IBV,NFSD
IBV,CCGC
IBV,DFDD
IBV,ELSK
IBV,FTSV
IBV,GLLV
IBV,IQTR
IBV,LQGG
IBV,NLTV
IBV,SLLL
IBV,SLSV
IBV,VVNS
IBV,NFSD
IBV,AGAI
IBV,CCGC
IBV,FTSV
IBV,NLTV
IBV,SLSV
IBV,SNET
IBV,SSLV
IBV,VNGT
IBV,NETG
IBV,NFSD
IBV,FTNVS
IBV,LQGG
IBV,PLQG
IBV,AGAI
IBV,CCGC
IBV,CTAG
IBV,GLLV
IBV,GQGF
IBV,IVTL
IBV,LNIT
IBV,NETK
IBV,NLTV
IBV,SAIL
IBV,VVFI
IBV,FKTG
IBV,FNKT
IBV,CCGC
IBV,CTAG
IBV,DFDD
IBV,FTNVS
IBV,GLLV
IBV,IPQN
IBV,IQTR
IBV,IVTL
IBV,LVLT
IBV,NDTK
IBV,NLTV
IBV,NVTA
IBV,SLSV
IBV,LVLT
IBV,NFSD
IBV,VFVT
IBV,SNYT
IBV,CCGC
IBV,DFDD
IBV,FNLS
IBV,FTSV
IBV,GLLV
IBV,IQTR
IBV,LQGG
IBV,NLTV
IBV,SLLL
IBV,VVNS
IBV,LQGG
IBV,PLQG
IBV,FTNVS
IBV,CCGC
IBV,DFDD
IBV,DVVT
IBV,FTSV
IBV,GLLV
IBV,NFSD
IBV,NLTV
IBV,SLLL
IBV,SLSV
IBV,SNYT
IBV,LQGG
IBV,PLQG
IBV,NETG
IBV,NFSD
IBV,LQGG
IBV,NTTL
IBV,VYRES
IBV,NETG
IBV,NFSD
IBV,VSVS
IBV,CCGC
IBV,DFDD
IBV,ELSK
IBV,GLLV
IBV,GSYY
IBV,ILTS
IBV,IQTR
IBV,LQGG
IBV,NLTV
IBV,NTTL
IBV,SLLL
IBV,SLSV
IBV,VVNS
IBV,CCGC
IBV,ELSK
IBV,FTSV
IBV,GLLV
IBV,IQTR
IBV,LQGG
IBV,NFSD
IBV,NLTV
IBV,SLLL
IBV,SLSV
IBV,VNKQ
IBV,VSTF
IBV,VVNS
IBV,AGAI
IBV,CCGC
IBV,FSNVS
IBV,GAIS
IBV,GLLV
IBV,IQTR
IBV,IVTL
IBV,LVLT
IBV,NFSD
IBV,NLTV
IBV,SLLL
IBV,SLSV
IBV,TGRS
IBV,VFVT
IBV,NETG
IBV,NFSD
IBV,NFTF
IBV,CCGC
IBV,GLLV
IBV,IRVS
IBV,NETG
IBV,NFSD
IBV,NLTV
IBV,SLSV
IBV,SSLV
IBV,CCGC
IBV,DFDD
IBV,FTSV
IBV,GLLV
IBV,IQTR
IBV,LQGG
IBV,NLTV
IBV,PLQG
IBV,QDVV
IBV,SLSV
IBV,VNGT
IBV,VVNS
IBV,LQGG
IBV,NTTL
IBV,PLQG
IBV,LTQY
IBV,NFSD
IBV,VSVS
IBV,LQGG
IBV,NSTN
IBV,NATN
IBV,TNYT
IBV,LQGG
IBV,NTTL
IBV,NFSD
IBV,VGQG
IBV,IQTR
IBV,LQGG
IBV,NLTV
IBV,CCGC
IBV,CTAG
IBV,GLLV
IBV,IPQN
IBV,IQTR
IBV,LTQY
IBV,NFSD
IBV,NLTV
IBV,NVTT
IBV,SLLL
IBV,VFSN
IBV,LQGG
IBV,NTTL
IBV,LQGG
IBV,NTTL
IBV,PLQG
IBV,VNTT
IBV,LQGG
IBV,PLQG
IBV,LCSA
IBV,LQGG
IBV,LQGG
IBV,PLQG
IBV,LTQY
IBV,NETN
IBV,NFSD
IBV,LQGG
IBV,NFSD
IBV,VGQG
IBV,FTNVS
IBV,LQGG
IBV,NTTL
IBV,CCGC
IBV,CTAG
IBV,GLLV
IBV,IPQN
IBV,IQTR
IBV,LTQY
IBV,NFSD
IBV,NLTV
IBV,NVTE
IBV,QEVI
IBV,SLLL
IBV,SLSV
IBV,SSLV
IBV,VSVS
IBV,AGAI
IBV,GLLV
IBV,NLTV
IBV,SLLL
IBV,SLSV
IBV,SPRG
IBV,TNGT
IBV,NFSD
IBV,VGQG
IBV,CCGC
IBV,DFDD
IBV,DVVT
IBV,FNLS
IBV,FTSV
IBV,GLLV
IBV,NFSD
IBV,NLTV
IBV,SLLL
IBV,SLSV
IBV,TNSS
IBV,VGQG
IBV,LQGG
IBV,NTTL
IBV,CCGC
IBV,DDFN
IBV,FTSV
IBV,GLLV
IBV,LQGG
IBV,NLTV
IBV,PLQG
IBV,RSTS
IBV,SLLL
IBV,AGAI
IBV,CCGC
IBV,GLLV
IBV,LETL
IBV,LSNF
IBV,NETN
IBV,NLTV
IBV,NYTI
IBV,SLLL
IBV,SLSV
IBV,SLSV
IBV,SLSV
IBV,SNET
IBV,VNGT
IBV,CCGC
IBV,GLLV
IBV,IRVS
IBV,NETG
IBV,NFSD
IBV,NLTV
IBV,SLSV
IBV,SSLV
IBV,SNYT
IBV,NETG
IBV,NFSD
IBV,NFSD
IBV,VGQG
IBV,LQGG
IBV,NTTL
IBV,LTQY
IBV,NFSD
IBV,VSVS
IBV,LQGG
IBV,NTTL
IBV,CCGC
IBV,GLLV
IBV,IRVS
IBV,NETG
IBV,NFSD
IBV,NLTV
IBV,SLSV
IBV,SSLV
IBV,IQTR
IBV,LQGG
IBV,NLTV
IBV,LQGG
IBV,NLSF
IBV,LQGG
IBV,PLQG
IBV,TNYT
IBV,CCGC
IBV,DFDD
IBV,ELSK
IBV,GLLV
IBV,IQTR
IBV,LQGG
IBV,NLTV
IBV,SLLL
IBV,SLSV
IBV,VVNS
IBV,AGAI
IBV,CCGC
IBV,FSNVS
IBV,GAIS
IBV,GLLV
IBV,IQTR
IBV,IVTL
IBV,LVLT
IBV,NFSD
IBV,NLTV
IBV,SLLL
IBV,SLSV
IBV,TGRS
IBV,VFVT
IBV,LQGG
IBV,NTTL
IBV,PLQG
IBV,VNTT
IBV,DYGS
IBV,NITL
IBV,CCGC
IBV,ELSK
IBV,GLLV
IBV,IQTR
IBV,LQGG
IBV,NLTV
IBV,SLLL
IBV,SLSV
IBV,VVNS
IBV,AGDV
IBV,CCGC
IBV,ENVT
IBV,FNVL
IBV,GGLV
IBV,ILSI
IBV,LASS
IBV,LQSG
IBV,LVLP
IBV,NECV
IBV,NGLA
IBV,NITL
IBV,PDSY
IBV,SISI
IBV,AGAI
IBV,CCGC
IBV,CTAG
IBV,FKSG
IBV,GLLV
IBV,NLTV
IBV,SFVY
IBV,SLLL
IBV,SLSV
IBV,VYRES
IBV,KPSD
IBV,LQGG
IBV,PLQG
IBV,NETS
IBV,CCGC
IBV,DFDD
IBV,DVVT
IBV,ELSK
IBV,FNLS
IBV,GLLV
IBV,IQTR
IBV,LQGG
IBV,NLTV
IBV,NTTL
IBV,SLLL
IBV,SLSV
IBV,SPKG
IBV,VVNS
IBV,FTNVS
IBV,NYTS
IBV,SNYT
IBV,NETG
IBV,NFSD
IBV,CCGC
IBV,DFDD
IBV,FTSV
IBV,GLLV
IBV,NFSD
IBV,NGLL
IBV,NLTV
IBV,NVTA
IBV,SLLL
IBV,SLSV
IBV,TNSS
IBV,VGVL
IBV,VVNS
IBV,NETG
IBV,NFSD
IBV,AGAI
IBV,AITS
IBV,CCGC
IBV,CTAG
IBV,ENGT
IBV,IILC
IBV,LDSSG
IBV,LSSL
IBV,NETS
IBV,NKTV
IBV,NNFT
IBV,QSGA
IBV,SLSV
IBV,VRLT
IBV,VTHC
IBV,LQGG
IBV,PLQG
IBV,LQGG
IBV,PLQG
IBV,TNYT
IBV,FTNVS
IBV,VYRES
IBV,LQGG
IBV,NSTN
IBV,AGAI
IBV,CCGC
IBV,CTAG
IBV,GLLV
IBV,NLTV
IBV,SFVY
IBV,SLLL
IBV,SLSV
IBV,VKSL
IBV,CCGC
IBV,DFDD
IBV,FTSV
IBV,IQTR
IBV,LQGG
IBV,NLTV
IBV,PLQG
IBV,SLLL
IBV,SLSV
IBV,VVNS
IBV,CCGC
IBV,DYGS
IBV,LSIL
IBV,LVLP
IBV,NITL
IBV,SIVG
IBV,SNFT
IBV,VKLT
IBV,NETG
IBV,NFSD
IBV,CCGC
IBV,DSNG
IBV,GLLV
IBV,GNIV
IBV,GRTG
IBV,NSFN
IBV,SFNL
IBV,TGRG
IBV,VFVT
IBV,VNGT
IBV,VVNK
IBV,LQGG
IBV,NNLT
IBV,PLQG
IBV,CCGC
IBV,GLLV
IBV,IPQN
IBV,IQTR
IBV,LTQY
IBV,NFSD
IBV,NLTV
IBV,NVTE
IBV,QEVI
IBV,SLLL
IBV,SLSV
IBV,SSLV
IBV,LQGG
IBV,NTTL
IBV,DLTV
IBV,NFSD
IBV,CCGC
IBV,DVVT
IBV,GLLV
IBV,IRVS
IBV,LQGG
IBV,NETG
IBV,NFSD
IBV,NLTV
IBV,SLSV
IBV,SSLV
IBV,TENV
IBV,LTQY
IBV,NFSD
IBV,VSVS
IBV,CCGC
IBV,GLLV
IBV,NFSD
IBV,SLLL
IBV,SLSV
IBV,VNKQ
IBV,VNVT
IBV,VYRE
IBV,CCGC
IBV,DVVT
IBV,GLLV
IBV,IRVS
IBV,LQGG
IBV,NETG
IBV,NFSD
IBV,NLTV
IBV,SLLL
IBV,SLSV
IBV,SSLV
IBV,TENV
IBV,LQGG
IBV,PLQG
IBV,SAAS
IBV,SRRS
IBV,VFVT
IBV,GFIT
IBV,NFSD
IBV,LQGG
IBV,PLQG
IBV,TNVS
IBV,CCGC
IBV,DFDD
IBV,ELSK
IBV,GLLV
IBV,IQTR
IBV,LQGG
IBV,NLTV
IBV,SLLL
IBV,SLSV
IBV,VVNS
IBV,CCGC
IBV,ELSK
IBV,GLLV
IBV,IQTR
IBV,LQGG
IBV,NLTV
IBV,SLLL
IBV,SLSV
IBV,VVNS
IBV,CSAH
IBV,LQGG
IBV,NFSY
IBV,PLQG
IBV,CCGC
IBV,CTAG
IBV,ELSK
IBV,FVED
IBV,GLLV
IBV,HCNF
IBV,IPQN
IBV,LQGG
IBV,NFSD
IBV,NLTV
IBV,PPTG
IBV,SAAAI
IBV,SSYY
IBV,VNGT
IBV,VVNS
IBV,LTQY
IBV,NFSD
IBV,VSVS
IBV,NETG
IBV,NFSD
IBV,AIVP
IBV,CCGC
IBV,FTSV
IBV,GLLV
IBV,IRVS
IBV,NETG
IBV,NFSD
IBV,NLTV
IBV,SLSV
IBV,SSLV
IBV,VSVNK
IBV,LTQY
IBV,NFSD
IBV,VSVS
IBV,LTQY
IBV,NFSD
IBV,VSVS
IBV,AGAI
IBV,CCGC
IBV,CTAG
IBV,DFDD
IBV,DVVT
IBV,GLLV
IBV,NVST
IBV,RSTS
IBV,SLLL
IBV,SNVS
IBV,LTQY
IBV,NFSD
IBV,VSVS
IBV,LTQY
IBV,NFSD
IBV,VSVS
IBV,LQGG
IBV,NNFT
IBV,FTNVS
IBV,LQGG
IBV,PLQG
IBV,NSSL
IBV,LTQY
IBV,NFSD
IBV,CCGC
IBV,DFDD
IBV,ELSK
IBV,GLLV
IBV,GSYY
IBV,ILTS
IBV,IQTR
IBV,LQGG
IBV,NLTV
IBV,NTTL
IBV,SLLL
IBV,SLSV
IBV,VVNS
IBV,AFRP
IBV,ANYV
IBV,CCGC
IBV,DDFN
IBV,FTSV
IBV,FVED
IBV,GLLV
IBV,IQTR
IBV,LQGG
IBV,NLTV
IBV,PLQG
IBV,SLSV
IBV,VNGT
IBV,VVNS
IBV,LTQY
IBV,NFSD
IBV,VSVS
IBV,LQGG
IBV,PLQG
IBV,LDSSG
IBV,NETS
IBV,NNFT
IBV,QSGA
IBV,LQGG
IBV,PLQG
IBV,VNTT
IBV,VYRES
IBV,VYRES
IBV,CCGC
IBV,DFDD
IBV,ELSK
IBV,FTSV
IBV,GLLV
IBV,IQTR
IBV,LQGG
IBV,NLTV
IBV,RRRR
IBV,SLLL
IBV,SLSV
IBV,VVNS
IBV,NFSD
IBV,LQGG
IBV,PLQG
IBV,SSSS
IBV,LTQY
IBV,NFSD
IBV,TNSS
IBV,VSVS
IBV,VYRES
IBV,CCGC
IBV,DFDD
IBV,FTSV
IBV,IQTR
IBV,LQGG
IBV,NLTV
IBV,NTTL
IBV,NVTA
IBV,PLQG
IBV,SLLL
IBV,SLSV
IBV,VVNS
IBV,NYTS
IBV,SNYT
IBV,CCGC
IBV,DFDD
IBV,FNYT
IBV,FTSV
IBV,GLLV
IBV,IQTR
IBV,LTQY
IBV,NFSD
IBV,NLTV
IBV,NVTE
IBV,RSTS
IBV,SLLL
IBV,SLSV
IBV,SPRG
IBV,VQDV
IBV,LQGG
IBV,NTTL
IBV,LQGG
IBV,NTTL
IBV,CCGC
IBV,FKAG
IBV,GLLV
IBV,NLTV
IBV,NVTE
IBV,QQFV
IBV,SINV
IBV,SLLL
IBV,TTNF
IBV,VITT
IBV,LTQY
IBV,NFSD
IBV,VSVS
IBV,LQGG
IBV,TNYT
IBV,LVLT
IBV,NFSD
IBV,VFVT
IBV,NFSD
IBV,VGQG
IBV,VYRES
IBV,LTQY
IBV,NFSD
IBV,VSVS
IBV,LQGG
IBV,PLQG
IBV,FTNVS
IBV,VYRES
IBV,NFSD
IBV,NLVG
IBV,VSTF
IBV,AGAI
IBV,CCGC
IBV,CTAG
IBV,FKSG
IBV,GLLV
IBV,NLTV
IBV,SFVY
IBV,SLLL
IBV,SLSV
IBV,VYRES
IBV,LQGG
IBV,NTTL
IBV,LVLT
IBV,NFSD
IBV,VFVT
IBV,NESN
IBV,PLQG
IBV,VFVT
IBV,CCGC
IBV,CTAG
IBV,GLLV
IBV,NLTV
IBV,SFVY
IBV,SLSV
IBV,VNGT
IBV,VYRES
IBV,LQGG
IBV,NTTL
IBV,LQGG
IBV,NTTL
IBV,CCGC
IBV,DFDD
IBV,ELSK
IBV,GLLV
IBV,IQTR
IBV,LQGG
IBV,NLTV
IBV,PLQG
IBV,SLLLK
IBV,SLSV
IBV,VVNS
IBV,CCGC
IBV,FNYT
IBV,FTSV
IBV,GLLV
IBV,IQTR
IBV,NLTV
IBV,NVTE
IBV,SLLL
IBV,SLSV
IBV,TNVS
IBV,VFSN
IBV,VQDV
IBV,VVNS
IBV,LQGG
IBV,PLQG
IBV,TNVS
IBV,AGAI
IBV,CCGC
IBV,CTAG
IBV,GLLV
IBV,NLTV
IBV,SFVY
IBV,SLLL
IBV,SLSV
IBV,VYRES
IBV,AGAI
IBV,CCGC
IBV,CTAG
IBV,ENGT
IBV,LDSSG
IBV,LSSL
IBV,NKTV
IBV,NNFT
IBV,QSGA
IBV,VRLT
IBV,LQGG
IBV,NTTL
IBV,CCGC
IBV,DFDD
IBV,ELSK
IBV,GLLV
IBV,IQTR
IBV,LQGG
IBV,NLTV
IBV,NTTL
IBV,SLLL
IBV,SLSV
IBV,ANGS
IBV,CCGC
IBV,ENGT
IBV,FCIKP
IBV,FNLT
IBV,IYGR
IBV,LISD
IBV,LNVS
IBV,NKNF
IBV,SLNK
IBV,VINK
IBV,YVYY
IBV,NFSD
IBV,LQGG
IBV,NTTL
IBV,NETG
IBV,NFSD
IBV,NFSD
IBV,VGQG
IBV,NETG
IBV,NFSD
IBV,LQGG
IBV,NFSD
IBV,NTTL
IBV,CCGC
IBV,GLLV
IBV,IRVS
IBV,NETG
IBV,NFSD
IBV,NLTV
IBV,SLSV
IBV,SSLV
IBV,LQGG
IBV,NTTL
IBV,NILN
IBV,FTNVS
IBV,LVLT
IBV,NLTV
IBV,VSLA
IBV,CCGC
IBV,FTSV
IBV,GLLV
IBV,IQTR
IBV,LQGG
IBV,NLTV
IBV,PLLNI
IBV,PLQG
IBV,SLSV
IBV,VNGT
IBV,VVNS
IBV,CCGC
IBV,DDFN
IBV,ELSK
IBV,FTSV
IBV,GLLV
IBV,LLNF
IBV,LQGG
IBV,NLTV
IBV,PLQG
IBV,QSEY
IBV,RSTS
IBV,SLLL
IBV,VQDV
IBV,LQGG
IBV,NTTL
IBV,YGRF
IBV,NFSD
IBV,VGQG
IBV,CCGC
IBV,DFDD
IBV,ELSK
IBV,GLLV
IBV,IQTR
IBV,LQGG
IBV,NLTV
IBV,SLLL
IBV,SLNK
IBV,SLSV
IBV,VVNS
IBV,NFTS
IBV,LQGG
IBV,NTTL
IBV,LQGG
IBV,PLQG
IBV,TNVS
IBV,CCGC
IBV,DFDD
IBV,ELSK
IBV,FTSV
IBV,GLLV
IBV,IQTR
IBV,LQGG
IBV,NLTV
IBV,SLLL
IBV,SLSV
IBV,LQGG
IBV,PLQG
IBV,LQGG
IBV,NTTL
IBV,AGAI
IBV,CCGC
IBV,CTAG
IBV,GLLV
IBV,NLTV
IBV,SFVY
IBV,SLLL
IBV,SLSV
IBV,VYRES
IBV,LQGG
IBV,PLQG
IBV,SAAS
IBV,TNSS
IBV,TNYT
IBV,FTNVS
IBV,NETG
IBV,NFSD
IBV,LQGG
IBV,NTTL
IBV,LQGG
IBV,NTTL
IBV,LQGG
IBV,NTTL
IBV,NFSD
IBV,VGQG
IBV,SISI
IBV,LDSSG
IBV,NETS
IBV,NNFT
IBV,QSGA
IBV,LDSSG
IBV,NETS
IBV,NNFT
IBV,QSGA
IBV,GNFS
IBV,LQGG
IBV,PLQG
IBV,VYRES
IBV,NESN
IBV,PLQG
IBV,VFVT
IBV,LQGG
IBV,NTTL
IBV,RRRR
IBV,NFSD
IBV,VGQG
IBV,AGAI
IBV,CCGC
IBV,FSNVS
IBV,GLLV
IBV,IQTR
IBV,IVTL
IBV,LVLT
IBV,NFSD
IBV,NLTV
IBV,SLLL
IBV,SLSV
IBV,TGRS
IBV,VFVT
IBV,PLQG
IBV,SRRS
IBV,VFVT
IBV,LDSSG
IBV,VYRES
IBV,CCGC
IBV,CTAG
IBV,FVED
IBV,GLLV
IBV,GSYH
IBV,HVLT
IBV,SRRS
IBV,GNFS
IBV,LQGG
IBV,PLQG
IBV,LQGG
IBV,PLQG
IBV,TNYT
IBV,CCGC
IBV,CTAG
IBV,GLLV
IBV,IPQN
IBV,IQTR
IBV,LTQY
IBV,NFSD
IBV,NLTV
IBV,NVTE
IBV,QEVI
IBV,SLLL
IBV,SLSV
IBV,SSLV
IBV,VSVS
IBV,LQGG
IBV,NTTL
IBV,NETGA
IBV,LQGG
IBV,NTTL
IBV,PLQG
IBV,VNTT
IBV,CCGC
IBV,CTAG
IBV,FVED
IBV,GLLV
IBV,KQSV
IBV,NLTV
IBV,SFVY
IBV,SPRG
IBV,SRRS
IBV,VNGT
IBV,LQGG
IBV,NTTL
IBV,LQGG
IBV,NTTL
IBV,LTQY
IBV,NFSD
IBV,VSVS
IBV,LTQY
IBV,NFSD
IBV,VSVS
IBV,LTQY
IBV,NFSD
IBV,VSVS
IBV,LQGG
IBV,SFRP
IBV,LQGG
IBV,LVLT
IBV,NTTLV
IBV,NFSD
IBV,VGQG
IBV,LQGG
IBV,PLQG
IBV,TNVS
IBV,AGAI
IBV,CCGC
IBV,CTAG
IBV,FTSV
IBV,GLLV
IBV,NETK
IBV,NLTV
IBV,NVTN
IBV,SAAS
IBV,SAIL
IBV,SLLL
IBV,SLSV
IBV,SSLV
IBV,VNGT
IBV,VNVT
IBV,LQGG
IBV,NTTL
IBV,NFSD
IBV,YYKV
IBV,ALKG
IBV,CCGC
IBV,IPQY
IBV,KCNN
IBV,KVVTL
IBV,LNFT
IBV,LNKV
IBV,LRCR
IBV,NFTGF
IBV,NNGL
IBV,TIPQ
IBV,TVGS
IBV,SNYT
IBV,LQGG
IBV,NTTL
IBV,CCGC
IBV,CTAG
IBV,ELSK
IBV,FVED
IBV,GLLV
IBV,HCNF
IBV,IPQN
IBV,LQGG
IBV,NFSD
IBV,NLTV
IBV,PPTG
IBV,SAAAI
IBV,SSYY
IBV,VNGT
IBV,VVNS
IBV,GLCP
IBV,NFSD
IBV,VGQG
IBV,LTQY
IBV,NFSD
IBV,VSVS
IBV,VSVS
IBV,DYGS
IBV,NITL
IBV,LTQY
IBV,NFSD
IBV,LDSSG
IBV,NETS
IBV,NNFT
IBV,QSGA
IBV,CCGC
IBV,GLLV
IBV,IQTR
IBV,LQGG
IBV,NLTV
IBV,PLQG
IBV,SLSV
IBV,VQDV
IBV,VVNS
IBV,CCGC
IBV,GLLV
IBV,NFSD
IBV,SLLL
IBV,SLSV
IBV,VNKQ
IBV,VNVT
IBV,VYRE
IBV,LDSSG
IBV,CCGC
IBV,FNYT
IBV,FTSV
IBV,GLLV
IBV,IQTR
IBV,LTQY
IBV,NFSD
IBV,NLTV
IBV,NVTE
IBV,RSTS
IBV,SLLL
IBV,SLSV
IBV,SPRG
IBV,VQDV
IBV,CCGC
IBV,CTAG
IBV,GLLV
IBV,IPQN
IBV,IQTR
IBV,KLTN
IBV,LTQY
IBV,NFSD
IBV,NLTV
IBV,NVTE
IBV,SLLL
IBV,SLSV
IBV,CCGC
IBV,CTAG
IBV,GLLV
IBV,IPQN
IBV,IQTR
IBV,LTQY
IBV,NFSD
IBV,NLTV
IBV,NVTE
IBV,QEVI
IBV,SLLL
IBV,SLSV
IBV,SSLV
IBV,VSVS
IBV,AGAI
IBV,CCGC
IBV,CTAG
IBV,GLLV
IBV,NLTV
IBV,SFVY
IBV,SLLL
IBV,SLSV
IBV,VYRES
IBV,LQGG
IBV,PLQG
IBV,TNVS
IBV,LQGG
IBV,NTTL
IBV,CCGC
IBV,FTSV
IBV,GLLV
IBV,NFSD
IBV,NLTV
IBV,SLLL
IBV,SLSV
IBV,VGQG
IBV,VQDV
IBV,NFSD
IBV,VGQG
IBV,LQGG
IBV,NTTL
IBV,CCGC
IBV,DFDD
IBV,FTSV
IBV,GLLV
IBV,LQGG
IBV,NLTV
IBV,RSTS
IBV,SLLL
IBV,SLSV
IBV,TNYT
IBV,GNLV
IBV,NFTF
IBV,SNFT
IBV,AGAI
IBV,APVL
IBV,CCGC
IBV,CTAG
IBV,DDFN
IBV,GLLV
IBV,NLTV
IBV,RSTS
IBV,SLLL
IBV,SLLL
IBV,SLLL
IBV,LQGG
IBV,NFSD
IBV,VGVL
IBV,VYRES
IBV,LQGG
IBV,NTTL
IBV,CCGC
IBV,FTSV
IBV,GLLV
IBV,IVGF
IBV,NFSD
IBV,NLTV
IBV,SDFT
IBV,SLLL
IBV,SVIQ
IBV,LQGG
IBV,PLQG
IBV,SSSS
IBV,TNYT
IBV,VYRES
IBV,NFSD
IBV,VGQG
IBV,LQGG
IBV,PLQG
IBV,LQGG
IBV,PLQG
IBV,CCGC
IBV,FNYT
IBV,FTSV
IBV,GLLV
IBV,ITQS
IBV,LQGG
IBV,NFSD
IBV,NLTV
IBV,SLLL
IBV,SLSV
IBV,TNSS
IBV,VQDV
IBV,VVNS
IBV,CCGC
IBV,DFDD
IBV,ELSK
IBV,GLLV
IBV,IQTR
IBV,LQGG
IBV,NLTV
IBV,SLLL
IBV,SLSV
IBV,VVNS
IBV,NFSD
IBV,VGQG
IBV,GNFS
IBV,LQGG
IBV,PLQG
IBV,LQGG
IBV,PLQG
IBV,TNVS
IBV,VNTT
IBV,CCGC
IBV,DFDD
IBV,FNYT
IBV,FTSV
IBV,GLLV
IBV,IQTR
IBV,LSII
IBV,NFSD
IBV,NLTV
IBV,NSLN
IBV,NVTE
IBV,SLLL
IBV,SLSV
IBV,SPRG
IBV,VFSN
IBV,VQDV
IBV,ETIN
IBV,LDSSG
IBV,NETS
IBV,NNFT
IBV,QSGA
IBV,LQGG
IBV,PLQG
IBV,TNYT
IBV,GGLV
IBV,NFTF
IBV,NYTS
IBV,SNYT
IBV,YVNFK
IBV,VTAS
IBV,NFSD
IBV,TAPV
IBV,VGQG
IBV,AGAI
IBV,CTAG
IBV,GLLV
IBV,NLTV
IBV,SFVY
IBV,SLLL
IBV,VYRES
IBV,LQGG
IBV,PLQG
IBV,TNVS
IBV,CCGC
IBV,DVVT
IBV,GLLV
IBV,IRVS
IBV,NETG
IBV,NFSD
IBV,NLTV
IBV,SLLL
IBV,SLSV
IBV,SSLV
IBV,TENV
IBV,CCGC
IBV,DFDD
IBV,ELSK
IBV,FTSV
IBV,GLLV
IBV,IQTR
IBV,LQGG
IBV,NLTV
IBV,SLLL
IBV,SLSV
IBV,VVNS
IBV,CCGC
IBV,DFDD
IBV,ELSK
IBV,GLLV
IBV,IQTR
IBV,LQGG
IBV,NLTV
IBV,SLLL
IBV,SLSV
IBV,VVNS
IBV,LQGG
IBV,NTTL
IBV,CCGC
IBV,CTAG
IBV,GLLV
IBV,IPQN
IBV,IQTR
IBV,LTQY
IBV,NFSD
IBV,NLTV
IBV,NVTE
IBV,QEVI
IBV,SLLL
IBV,SLSV
IBV,SSLV
IBV,VSVS
IBV,CCGC
IBV,DFDD
IBV,DVVT
IBV,ELSK
IBV,FNLS
IBV,FTSV
IBV,GLLV
IBV,IQTR
IBV,LQGG
IBV,NLTV
IBV,SLLL
IBV,SLSV
IBV,VVNS
IBV,FTNVS
IBV,IQTR
IBV,LVLT
IBV,NLTV
IBV,AGAI
IBV,CCGC
IBV,CTAG
IBV,FTSV
IBV,GAIS
IBV,GLLV
IBV,NETK
IBV,NLTV
IBV,NVTE
IBV,PPIIT
IBV,SAAS
IBV,SLLL
IBV,SLSV
IBV,SRRS
IBV,SSLV
IBV,VFVT
IBV,VNGT
IBV,VNVT
IBV,CCGC
IBV,DFDD
IBV,ELSK
IBV,GLLV
IBV,GSYY
IBV,ILTS
IBV,IQTR
IBV,LQGG
IBV,NLTV
IBV,NTTL
IBV,SLLL
IBV,SLSV
IBV,VVNS
IBV,VYRES
IBV,NASS
IBV,LQGG
IBV,PLQG
IBV,LQGG
IBV,PLQG
IBV,TNVS
IBV,NETG
IBV,NFSD
IBV,HCNF
IBV,LQGG
IBV,NFSD
IBV,PPTG
IBV,LQGG
IBV,PLQG
IBV,NETG
IBV,NFSD
IBV,LQGG
IBV,PLQG
IBV,SNYT
IBV,LQGG
IBV,PLQG
IBV,TNSS
IBV,TNVT
IBV,TNYT
IBV,CCGC
IBV,FTSV
IBV,GLLV
IBV,NFSD
IBV,NLTV
IBV,SLLL
IBV,SLSV
IBV,VGQG
IBV,VQDV
IBV,FTNVS
IBV,LDSSG
IBV,NETS
IBV,NNFT
IBV,QSGA
IBV,CCGC
IBV,DFDD
IBV,FNYT
IBV,FTSV
IBV,FVED
IBV,GLLV
IBV,IQTR
IBV,LTNF
IBV,NFSD
IBV,NLTV
IBV,NTTL
IBV,SAIL
IBV,SDFT
IBV,SLLL
IBV,SLLL
IBV,SLLL
IBV,SLSV
IBV,YAVV
IBV,VYRES
IBV,FTNVS
IBV,VYRES
IBV,LQGG
IBV,PLQG
IBV,TNYT
IBV,FTNVS
IBV,LQGG
IBV,NTTL
IBV,AGAI
IBV,CCGC
IBV,CTAG
IBV,ENGT
IBV,LDSSG
IBV,LSSL
IBV,NETS
IBV,NKTV
IBV,NNFT
IBV,QSGA
IBV,VRLT
IBV,VTHC
IBV,LQGG
IBV,PLQG
IBV,SSGS
IBV,TNYT
IBV,NFSD
IBV,VGQG
IBV,LVLT
IBV,NFSD
IBV,NTGN
IBV,VFVT
IBV,NFSD
IBV,LQGG
IBV,NTTL
IBV,FTNVS
IBV,LQGG
IBV,NNFT
IBV,NTTL
IBV,LTQY
IBV,NTTL
IBV,TAQD
IBV,AGAI
IBV,CCGC
IBV,CTAG
IBV,GLLV
IBV,NLTV
IBV,SFVY
IBV,SLLL
IBV,SLSV
IBV,VYRES
IBV,LQGG
IBV,PLQG
IBV,TNVS
IBV,NFSD
IBV,NFTF
IBV,TNET
IBV,NETG
IBV,NFSD
IBV,VNTI
IBV,LTQY
IBV,NFSD
IBV,VSVS
IBV,RISA
IBV,CCGC
IBV,DFDD
IBV,FTSV
IBV,IQTR
IBV,LQGG
IBV,NLTV
IBV,PLQG
IBV,SLLL
IBV,SLSV
IBV,VVNS
IBV,NVTDS
IBV,LQGG
IBV,PLQG
IBV,CCGC
IBV,DDFN
IBV,ELSK
IBV,FTSV
IBV,GLLV
IBV,LLNF
IBV,LQGG
IBV,NLTV
IBV,PLQG
IBV,QSEY
IBV,RSTS
IBV,SLLL
IBV,VQDV
IBV,LQGG
IBV,NTTL
IBV,AGAI
IBV,AITS
IBV,CCGC
IBV,CTAG
IBV,ENGT
IBV,LNVT
IBV,LSSL
IBV,NETS
IBV,NKTV
IBV,NNFT
IBV,NVTA
IBV,QSGA
IBV,VRLT
IBV,VTHC
IBV,AGAI
IBV,CCGC
IBV,CTAG
IBV,GLLV
IBV,NLTV
IBV,SFVY
IBV,SLLL
IBV,SLSV
IBV,VKSL
IBV,LQGG
IBV,PLQG
IBV,LQGG
IBV,PLQG
IBV,TNYT
IBV,NFSD
IBV,LTQY
IBV,NFSD
IBV,VSVS
IBV,GNFS
IBV,LQGG
IBV,PLQG
IBV,NFSD
IBV,TAPP
IBV,VFVT
IBV,LQGG
IBV,PLQG
IBV,NFSD
IBV,TATE
IBV,LQGG
IBV,NTTL
IBV,LTQY
IBV,NFSD
IBV,VSVS
IBV,KSGG
IBV,LVLT
IBV,NVSL
IBV,LQGG
IBV,NTTL
IBV,CCGC
IBV,DFDD
IBV,ELSK
IBV,FTSV
IBV,GLLV
IBV,IQTR
IBV,LQGG
IBV,NLTV
IBV,SLLL
IBV,SLSV
IBV,VVNS
IBV,YYQSA
IBV,GSQQ
IBV,KSGG
IBV,LVLT
IBV,FNSL
IBV,LQGG
IBV,LTVS
IBV,NFSD
IBV,VGVL
IBV,CCGC
IBV,DFDD
IBV,ELSK
IBV,GLLV
IBV,ILTS
IBV,IQTR
IBV,LQGG
IBV,NLTV
IBV,NTTL
IBV,SLLL
IBV,SLSV
IBV,VVNS
IBV,NETG
IBV,NFSD
IBV,CCGC
IBV,DGLV
IBV,FSNF
IBV,GLLV
IBV,NETS
IBV,QGGI
IBV,SLLL
IBV,SNFT
IBV,TSRD
IBV,VNGL
IBV,VNGT
IBV,VPEG
IBV,YTSL
IBV,LQGG
IBV,NTTL
IBV,LTQY
IBV,NFSD
IBV,VSVS
IBV,VYRES
IBV,CCGC
IBV,GLLV
IBV,NETG
IBV,NFSD
IBV,NLTV
IBV,SLLL
IBV,SLSV
IBV,SSLV
IBV,TENV
IBV,CCGC
IBV,DVVT
IBV,GLLV
IBV,IRVS
IBV,LQGG
IBV,NETG
IBV,NFSD
IBV,NLTV
IBV,SLLL
IBV,SLSV
IBV,SSLV
IBV,TENV
IBV,CCGC
IBV,DFDD
IBV,IQTR
IBV,LQGG
IBV,NLTV
IBV,PLQG
IBV,SLLL
IBV,SLSV
IBV,CCGC
IBV,DFDD
IBV,ELSK
IBV,GLLV
IBV,IQTR
IBV,LQGG
IBV,NLTV
IBV,SLLL
IBV,SLSV
IBV,VVNS
IBV,NETG
IBV,NFSD
IBV,LQGG
IBV,RRRR
IBV,NFSD
IBV,VGQG
IBV,LQGG
IBV,PLQG
IBV,LTQY
IBV,NFSD
IBV,VSVS
IBV,LQGG
IBV,TNSS
IBV,LQGG
IBV,NTTL
IBV,PLQG
IBV,VNTT
IBV,CCGC
IBV,FTSV
IBV,GLLV
IBV,NFSD
IBV,NLTV
IBV,NVTE
IBV,PLLN
IBV,SLSV
IBV,VGQG
IBV,LQGG
IBV,NYNN
IBV,PLQG
IBV,LVLT
IBV,NFSD
IBV,VFVT
IBV,FTNVS
IBV,IQTR
IBV,LVLT
IBV,NLTV
IBV,FTNVS
IBV,LQGG
IBV,NTTL
IBV,ALKG
IBV,CCGC
IBV,GTFFV
IBV,IPQY
IBV,KVVTL
IBV,LNFT
IBV,LNKV
IBV,LRCR
IBV,NFTGF
IBV,NNGL
IBV,TALS
IBV,TIPQ
IBV,YTCV
IBV,CCGC
IBV,DYGS
IBV,ELTL
IBV,LVLP
IBV,NGIV
IBV,NITL
IBV,QQVQ
IBV,SIVG
IBV,SLSV
IBV,SNFT
IBV,SVST
IBV,SVST
IBV,SVST
IBV,TSRD
IBV,LQGG
IBV,PLQG
IBV,VYRES
IBV,ASLV
IBV,AYGP
IBV,CCGC
IBV,GLLV
IBV,IVTL
IBV,KCTAG
IBV,NLTV
IBV,QSGY
IBV,SAIL
IBV,SLLL
IBV,TPQS
IBV,VITT
IBV,LQGG
IBV,PLQG
IBV,LTQY
IBV,NFSD
IBV,VSVS
IBV,FTNVS
IBV,VKSL
IBV,CCGC
IBV,DFDD
IBV,DVVT
IBV,ELSK
IBV,GLLV
IBV,IQTR
IBV,LQGG
IBV,PLQG
IBV,SLLL
IBV,SLSV
IBV,VVNS
IBV,LQGG
IBV,PLQG
IBV,CCGC
IBV,FTSV
IBV,GLLV
IBV,LQGG
IBV,NLTV
IBV,PLQG
IBV,RSTS
IBV,SLLL
IBV,SLSV
IBV,TNYT
IBV,VQDV
IBV,LTQY
IBV,NFSD
IBV,VSVS
IBV,CCGC
IBV,GLLV
IBV,NETG
IBV,NFSD
IBV,NLTV
IBV,SLLL
IBV,SLSV
IBV,SSLV
IBV,CCGC
IBV,DVVT
IBV,GLLV
IBV,IRVS
IBV,LQGG
IBV,NETG
IBV,NFSD
IBV,NLTV
IBV,SLLL
IBV,SLSV
IBV,SSLV
IBV,TENV
IBV,LQGG
IBV,PLQG
IBV,VYRES
IBV,FTNVS
IBV,FTNVS
IBV,FNSL
IBV,NFSD
IBV,TNSS
IBV,LQGG
IBV,PLQG
IBV,CCGC
IBV,DFDD
IBV,FTSV
IBV,GLLV
IBV,GNFS
IBV,IQTR
IBV,LQGG
IBV,NLTV
IBV,PLQG
IBV,RSTS
IBV,SLLL
IBV,SLSV
IBV,VQDV
IBV,VVNS
IBV,LQGG
IBV,PLQG
IBV,SNYT
IBV,NETG
IBV,NFSD
IBV,LQGG
IBV,NTTL
IBV,CCGC
IBV,DFDD
IBV,ELSK
IBV,GLLV
IBV,IQTR
IBV,LQGG
IBV,NFTF
IBV,NLTV
IBV,SLLL
IBV,SLSV
IBV,VNTT
IBV,CCGC
IBV,DFDD
IBV,IQTR
IBV,LQGG
IBV,NLTV
IBV,PLQG
IBV,SLLL
IBV,SLSV
IBV,VVNS
IBV,CCGC
IBV,CTAG
IBV,DFDD
IBV,FTNVS
IBV,GLLV
IBV,IPQN
IBV,IQTR
IBV,IVTL
IBV,LVLT
IBV,NDTK
IBV,NLTV
IBV,NVTA
IBV,SLSV
IBV,LTQY
IBV,NFSD
IBV,VSVS
IBV,CCGC
IBV,GLLV
IBV,GSYY
IBV,IRVS
IBV,NETG
IBV,NFSD
IBV,NLTV
IBV,SLSV
IBV,SSLV
IBV,LQGG
IBV,NTTL
IBV,PLQG
IBV,VNTT
IBV,NETG
IBV,NFSD
IBV,LQGG
IBV,NTTL
IBV,PLQG
IBV,TNVS
IBV,TYGP
IBV,LQGG
IBV,PLQG
IBV,CCGC
IBV,DDFN
IBV,FNLT
IBV,FNYT
IBV,FTSV
IBV,GLLV
IBV,KQFV
IBV,LQGG
IBV,NFSD
IBV,NLTV
IBV,NSVG
IBV,SLLL
IBV,SLSV
IBV,VGVL
IBV,VNKQ
IBV,VQDV
IBV,LQGG
IBV,PLQG
IBV,TNYT
IBV,LQGG
IBV,NTTL
IBV,AYGP
IBV,FKAG
IBV,TTNF
IBV,NETG
IBV,NFSD
IBV,GGLV
IBV,NFTF
IBV,NYTS
IBV,SNYT
IBV,YVNFK
IBV,LQGG
IBV,PLQG
IBV,TNVS
IBV,CCGC
IBV,DDFN
IBV,FTSV
IBV,GLLV
IBV,IPQN
IBV,LLNF
IBV,LQGG
IBV,NLTV
IBV,PLQG
IBV,QSEY
IBV,RSTS
IBV,SLLL
IBV,VQDV
IBV,LQGG
IBV,TNYT
IBV,NETG
IBV,NFSD
IBV,LQGG
IBV,NTTL
IBV,CCGC
IBV,CTAG
IBV,GLLV
IBV,IPQN
IBV,IQTR
IBV,KLTN
IBV,LTQY
IBV,NFSD
IBV,NLTV
IBV,SLLL
IBV,SLSV
IBV,LTQY
IBV,NFSD
IBV,VSVS
IBV,NSAAS
IBV,SLLL
IBV,SLLL
IBV,SLLL
IBV,AGAI
IBV,CCGC
IBV,CTAG
IBV,GLLV
IBV,KGVY
IBV,QDVV
IBV,QSGY
IBV,SFEC
IBV,SLSV
IBV,AYGP
IBV,NETN
IBV,SNET
IBV,CCGC
IBV,DDFN
IBV,FTSV
IBV,GLLV
IBV,LQGG
IBV,NLTV
IBV,PLQG
IBV,RSTS
IBV,SLLL
IBV,FTNVS
IBV,LTQY
IBV,NFSD
IBV,VSVS
IBV,LQGG
IBV,PLQG
IBV,LDSSG
IBV,NETS
IBV,NNFT
IBV,QSGA
IBV,CCGC
IBV,ENGT
IBV,FCIKPD
IBV,FNLT
IBV,IQIN
IBV,NKNF
IBV,SLNK
IBV,VINK
IBV,YVYY
IBV,CCGC
IBV,DDFN
IBV,FTSV
IBV,GLLV
IBV,LQGG
IBV,NLTV
IBV,PLQG
IBV,QSEY
IBV,SLLLK
IBV,VVNS
IBV,NVTDS
IBV,CCGC
IBV,DFDD
IBV,DVVT
IBV,IQTR
IBV,LQGG
IBV,NLTV
IBV,NTTL
IBV,SLLL
IBV,SLSV
IBV,VVNS
IBV,SAAS
IBV,SRRS
IBV,VFVT
IBV,CCGC
IBV,DDFN
IBV,FTSV
IBV,GLLV
IBV,LQGG
IBV,NLTV
IBV,PLQG
IBV,QSEY
IBV,SLLLK
IBV,VVNS
IBV,NYTS
IBV,SNYT
IBV,NFSD
IBV,VGQG
IBV,LTQY
IBV,NFSD
IBV,VSVS
IBV,LTQY
IBV,NFSD
IBV,VSVS
IBV,LDSSG
IBV,NETS
IBV,NNFT
IBV,QSGA
IBV,LQGG
IBV,NTTL
IBV,NFSD
IBV,VSVS
IBV,LQGG
IBV,PLQG
IBV,TNVS
IBV,GSQQ
IBV,LVLT
IBV,LQGG
IBV,NTTL
IBV,CCGC
IBV,GLLV
IBV,NETG
IBV,NFSD
IBV,NLTV
IBV,SLLL
IBV,SLSV
IBV,SSLV
IBV,TENV
IBV,GVIV
IBV,IGVI
IBV,SNYT
IBV,NSAAS
IBV,LTQY
IBV,NFSD
IBV,TNSS
IBV,VSVS
IBV,AGAI
IBV,CCGC
IBV,CTAG
IBV,GLLV
IBV,NLTV
IBV,SFVY
IBV,SLLL
IBV,SLSV
IBV,VYRES
IBV,CCGC
IBV,GLLV
IBV,IQTR
IBV,LQGG
IBV,NLTV
IBV,NYNN
IBV,RRRS
IBV,SLFL
IBV,SLSV
IBV,VVNS
IBV,LVLT
IBV,NFSD
IBV,VFVT
IBV,CCGC
IBV,GLLV
IBV,IRVS
IBV,NETG
IBV,NFSD
IBV,NLTV
IBV,SLSV
IBV,SSLV
IBV,NFSD
IBV,NFSD
IBV,VGQG
IBV,VYRES
IBV,CCGC
IBV,DFDD
IBV,DVVT
IBV,ELSK
IBV,GLLV
IBV,IQTR
IBV,ITQS
IBV,LQGG
IBV,NLTV
IBV,SLLL
IBV,SLSV
IBV,VVNS
IBV,LQGG
IBV,PLQG
IBV,SVSQ
IBV,AGAI
IBV,CCGC
IBV,CTAG
IBV,FTSV
IBV,GAIS
IBV,GLLV
IBV,NETK
IBV,NLTV
IBV,NVTE
IBV,PPIIT
IBV,SAAS
IBV,SLLL
IBV,SLSV
IBV,SRRS
IBV,SSLV
IBV,VFVT
IBV,VNGT
IBV,VNVT
IBV,LQGG
IBV,PLQG
IBV,CCGC
IBV,DFDD
IBV,IQTR
IBV,LQGG
IBV,NLTV
IBV,SLLL
IBV,SLSV
IBV,VVNS
IBV,CCGC
IBV,DFDD
IBV,ELSK
IBV,GLLV
IBV,IQTR
IBV,LQGG
IBV,NLTV
IBV,NYNN
IBV,SLLL
IBV,SLSV
IBV,VVNS
IBV,NFSD
IBV,SLSL
IBV,CCGC
IBV,FNIS
IBV,GGLV
IBV,ITGR
IBV,ITGR
IBV,ITGR
IBV,KLTS
IBV,KPDG
IBV,LVLP
IBV,LYTS
IBV,NFTF
IBV,NYTS
IBV,SINR
IBV,SNYT
IBV,VNGT
IBV,VQDV
IBV,LQGG
IBV,NTTL
IBV,FTNVS
IBV,IQTR
IBV,LVLT
IBV,NLTV
IBV,LTQY
IBV,NFSD
IBV,VSVS
IBV,CCGC
IBV,DFDD
IBV,ELSK
IBV,FTSV
IBV,GLLV
IBV,IQTR
IBV,LQGG
IBV,NLTV
IBV,SLLL
IBV,SLSV
IBV,VVNS
IBV,LQGG
IBV,NFSD
IBV,VGQG
IBV,CCGC
IBV,FTSV
IBV,GLLV
IBV,NFSD
IBV,NLTV
IBV,SLLL
IBV,SLSV
IBV,VGQG
IBV,VQDV
IBV,LQGG
IBV,PLQG
IBV,SFRP
IBV,CCGC
IBV,GLLV
IBV,NETG
IBV,NFSD
IBV,NLTV
IBV,SLLL
IBV,SLSV
IBV,SSLV
IBV,TENV
IBV,NFSD
IBV,VGQG
IBV,LQGG
IBV,NTTL
IBV,NFTF
IBV,NYTS
IBV,SNYT
IBV,AIVP
IBV,CCGC
IBV,FTSV
IBV,GLLV
IBV,IRVS
IBV,NETG
IBV,NFSD
IBV,NLTV
IBV,SLSV
IBV,SSLV
IBV,VSVNK
IBV,CCGC
IBV,DFDD
IBV,IQTR
IBV,LQGG
IBV,NLTV
IBV,PLQG
IBV,SLLL
IBV,SLSV
IBV,VVNS
IBV,LQGG
IBV,PLQG
IBV,GGLV
IBV,NFTF
IBV,NYTS
IBV,SNYT
IBV,NETG
IBV,NFSD
IBV,DYGS
IBV,ISVS
IBV,NITL
IBV,SIVG
IBV,SVST
IBV,GGLV
IBV,NFTF
IBV,NYTS
IBV,SNYT
IBV,LTQY
IBV,NFSD
IBV,VSVS
IBV,CCGC
IBV,DFDD
IBV,DVVT
IBV,ELSK
IBV,GLLV
IBV,IQTR
IBV,LQGG
IBV,NLTV
IBV,PLQG
IBV,SLLL
IBV,SLSV
IBV,VVNS
IBV,CCGC
IBV,FTSV
IBV,IQTR
IBV,LQGG
IBV,NLTV
IBV,NTTL
IBV,PLQG
IBV,SLLL
IBV,SLSV
IBV,VNTT
IBV,FTNVS
IBV,IQTR
IBV,LVLT
IBV,NLTV
IBV,NFSD
IBV,VGQG
IBV,NETG
IBV,NFSD
IBV,NFSD
IBV,TNSS
IBV,VGQG
IBV,VYRES
IBV,NFTF
IBV,CCGC
IBV,GLLV
IBV,IRVS
IBV,NETG
IBV,NFSD
IBV,NLTS
IBV,QGGC
IBV,SLSV
IBV,SSLV
IBV,LQGG
IBV,NTTL
IBV,PLQG
IBV,NFSD
IBV,YYKV
IBV,CCGC
IBV,CTAG
IBV,GLLV
IBV,IPQN
IBV,IQTR
IBV,LTQY
IBV,NFSD
IBV,NLTV
IBV,NVTE
IBV,QEVI
IBV,SLLL
IBV,SLSV
IBV,SSLV
IBV,VSVS
IBV,GNFS
IBV,LQGG
IBV,NFSD
IBV,LQGG
IBV,PLQG
IBV,LTQY
IBV,NFSD
IBV,VSVS
IBV,NYTS
IBV,SNYT
IBV,CCGC
IBV,FTSV
IBV,GLLV
IBV,IRVS
IBV,NETG
IBV,NFSD
IBV,NLTV
IBV,SLLL
IBV,SLSV
IBV,SSLV
IBV,TENV
IBV,VSVNK
IBV,LQGG
IBV,NTTL
IBV,LQGG
IBV,TNVS
IBV,NFSD
IBV,LQGG
IBV,NTTL
IBV,FTNVS
IBV,LQGG
IBV,LQGG
IBV,LQGG
IBV,LQGG
IBV,NTTL
IBV,LQGG
IBV,NTTL
IBV,LQGG
IBV,SRRS
IBV,LQGG
IBV,NTTL
IBV,VYRES
IBV,LTQY
IBV,NFSD
IBV,VSVS
IBV,CCGC
IBV,GLLV
IBV,IRVS
IBV,NETG
IBV,NFSD
IBV,NLTV
IBV,SLSV
IBV,SSLV
IBV,LQGG
IBV,PLQG
IBV,TNYT
IBV,NETG
IBV,NFSD
IBV,LQGG
IBV,NTTL
IBV,LQGG
IBV,NTTL
IBV,PLQG
IBV,VNTT
IBV,ALKG
IBV,CCGC
IBV,IPQY
IBV,KVVTL
IBV,LNFT
IBV,LNKV
IBV,LRCR
IBV,NFTGF
IBV,NNGL
IBV,TIPQ
IBV,YTCV
IBV,CCGC
IBV,DFDD
IBV,FNYT
IBV,FTSV
IBV,GLLV
IBV,NFSD
IBV,NLTV
IBV,RSTS
IBV,SLLL
IBV,VQDV
IBV,VYRES
IBV,VYRES
IBV,NFSD
IBV,VGQG
IBV,CCGC
IBV,CTAG
IBV,GLLV
IBV,IPQN
IBV,IQTR
IBV,LTQY
IBV,NFSD
IBV,NLTV
IBV,NVTE
IBV,QEVI
IBV,SLLL
IBV,SLSV
IBV,SSLV
IBV,VSVS
IBV,LDSSG
IBV,NETS
IBV,QSGA
IBV,VTHC
IBV,LTQY
IBV,NFSD
IBV,VSVS
IBV,NYTS
IBV,SNYT
IBV,CCGC
IBV,DFDD
IBV,IQTR
IBV,LQGG
IBV,NLTV
IBV,SLLL
IBV,SLSV
IBV,VVNS
IBV,NFSD
IBV,VGQG
IBV,DYGS
IBV,NITL
IBV,TNGT
IBV,VYSG
IBV,CCGC
IBV,DFDD
IBV,ELSK
IBV,FTSV
IBV,GLLV
IBV,IQTR
IBV,LQGG
IBV,NLTV
IBV,NTTL
IBV,SLLL
IBV,SLSV
IBV,VVNS
IBV,LQGG
IBV,NTTL
IBV,CCGC
IBV,DFDD
IBV,DVVT
IBV,ELSK
IBV,FTSV
IBV,FVED
IBV,GLLV
IBV,IQTR
IBV,LQGG
IBV,NLTV
IBV,SLLL
IBV,SLSV
IBV,VVNS
IBV,CCGC
IBV,GLLV
IBV,GSYY
IBV,IRVS
IBV,NETG
IBV,NFSD
IBV,NLTV
IBV,SLSV
IBV,SSLV
IBV,CCGC
IBV,CTAG
IBV,GLLV
IBV,IPQN
IBV,IQTR
IBV,LTQY
IBV,NFSD
IBV,NLTV
IBV,NVTE
IBV,QEVI
IBV,SLLL
IBV,SLSV
IBV,SSLV
IBV,VSVS
IBV,NETG
IBV,NFSD
IBV,LTQY
IBV,NFSD
IBV,VSVS
IBV,CCGC
IBV,DFDD
IBV,FTSV
IBV,GLLV
IBV,LQGG
IBV,NFSD
IBV,NLTV
IBV,SLLL
IBV,SLSV
IBV,VGQG
IBV,GNFS
IBV,LQGG
IBV,PLQG
IBV,LVLT
IBV,NFSD
IBV,VFVT
IBV,LQGG
IBV,NTTL
IBV,VSVS
IBV,CCGC
IBV,GLLV
IBV,IRVS
IBV,NETG
IBV,NFSD
IBV,NLTV
IBV,SLSV
IBV,SSLV
IBV,NYTS
IBV,SNYT
IBV,NYTS
IBV,SNYT
IBV,LQGG
IBV,NTTL
IBV,CCGC
IBV,FTSV
IBV,GLLV
IBV,NFSD
IBV,NLTV
IBV,SLLL
IBV,SLSV
IBV,VGQG
IBV,VQDV
IBV,LVLT
IBV,NFSD
IBV,VFVT
IBV,LQGG
IBV,PLQG
IBV,CCGC
IBV,GLLV
IBV,IRVS
IBV,NETG
IBV,NFSD
IBV,NLTV
IBV,SLLL
IBV,SLSV
IBV,SSLV
IBV,NETG
IBV,NFSD
IBV,VYRES
IBV,AGAI
IBV,ASFN
IBV,CCGC
IBV,FNLS
IBV,FSSN
IBV,GLLV
IBV,LSNF
IBV,NLTV
IBV,SLLL
IBV,SLSV
IBV,SLSV
IBV,SLSV
IBV,SNET
IBV,VNGT
IBV,LDSSG
IBV,NETS
IBV,NNFT
IBV,QSGA
IBV,CCGC
IBV,DFDD
IBV,IQTR
IBV,LQGG
IBV,NLTV
IBV,PLQG
IBV,SLLL
IBV,SLSV
IBV,VVNS
IBV,CCGC
IBV,DFDD
IBV,GLLV
IBV,IQTR
IBV,LTQY
IBV,NLTV
IBV,NVTE
IBV,SLLL
IBV,SLSV
IBV,SPRG
IBV,VFSN
IBV,VVNS
IBV,CCGC
IBV,GLLV
IBV,NETG
IBV,NFSD
IBV,NLTV
IBV,SLLL
IBV,SLSV
IBV,SSLV
IBV,TENV
IBV,GVIV
IBV,NYTS
IBV,SNYT
IBV,APPN
IBV,FKSG
IBV,QSGY
IBV,APPSG
IBV,DYGS
IBV,NITL
IBV,GNFS
IBV,LQGG
IBV,PLQG
IBV,LQGG
IBV,PLQG
IBV,LQGG
IBV,PLQG
IBV,QTRT
IBV,CCGC
IBV,DFDD
IBV,FTSV
IBV,IQTR
IBV,LQGG
IBV,NLTV
IBV,NTTL
IBV,NVTA
IBV,PLQG
IBV,SLLL
IBV,SLSV
IBV,VVNS
IBV,CCGC
IBV,DVVT
IBV,GLLV
IBV,IRVS
IBV,NETG
IBV,NFSD
IBV,NLTV
IBV,SLLL
IBV,SLSV
IBV,SSLV
IBV,TENV
IBV,NFSD
IBV,VGQG
IBV,NFSD
IBV,VGQG
IBV,GSQF
IBV,SNET
IBV,CCGC
IBV,DFDD
IBV,DVVT
IBV,ELSK
IBV,FTSV
IBV,GLLV
IBV,IQTR
IBV,LQGG
IBV,LSFL
IBV,NLTV
IBV,SLLL
IBV,VVNS
IBV,LQGG
IBV,NETN
IBV,NFSD
IBV,NFSD
IBV,CCGC
IBV,DFDD
IBV,FTSV
IBV,IQTR
IBV,IVGF
IBV,KQFV
IBV,LQGG
IBV,NLTV
IBV,PLQG
IBV,SLLL
IBV,SLSV
IBV,VNKQ
IBV,VVNS
IBV,FTNVS
IBV,LQGG
IBV,PLQG
IBV,TNVS
IBV,LTQY
IBV,NFSD
IBV,VSVS
IBV,CCGC
IBV,CTAG
IBV,DFDD
IBV,FTNVS
IBV,GLLV
IBV,IPQN
IBV,IQTR
IBV,IVTL
IBV,LVLT
IBV,NDTK
IBV,NLTV
IBV,NVTA
IBV,SLSV
IBV,VNGT
IBV,LTQY
IBV,TAQD
IBV,LVTPL
IBV,LQGG
IBV,NTTL
IBV,NFSD
IBV,VGQG
IBV,LQGG
IBV,PLQG
IBV,GLLV
IBV,NETG
IBV,NFSD
IBV,NLTV
IBV,SLLL
IBV,SLSV
IBV,SSLV
IBV,TENV
IBV,CCGC
IBV,ELSK
IBV,GLLV
IBV,ILSV
IBV,IQTR
IBV,LQGG
IBV,NLTV
IBV,SLLL
IBV,SLSV
IBV,VVNS
IBV,FTNVS
IBV,CCGC
IBV,DFDD
IBV,ELSK
IBV,FTSV
IBV,GLLV
IBV,IQTR
IBV,LQGG
IBV,NLTV
IBV,SLLL
IBV,SLSV
IBV,VVNS
IBV,LQGG
IBV,PLQG
IBV,CCGC
IBV,FTSV
IBV,GLLV
IBV,IQTR
IBV,LQGG
IBV,NLTV
IBV,SLSV
IBV,VNGT
IBV,VVNS
IBV,YTAS
IBV,NFSD
IBV,VGQG
IBV,CCGC
IBV,DFDD
IBV,KQFV
IBV,LQGG
IBV,PLQG
IBV,SLLLK
IBV,SLSV
IBV,VNKQ
IBV,VVNS
IBV,FTNVS
IBV,NYTS
IBV,SNYT
IBV,NETG
IBV,NFSD
IBV,LQGG
IBV,NFSD
IBV,TNSS
IBV,LQGG
IBV,NTTL
IBV,CCGC
IBV,DFDD
IBV,FTSV
IBV,GLLV
IBV,NFSD
IBV,NGLL
IBV,NLTV
IBV,NVTA
IBV,SLLL
IBV,SLSV
IBV,TNSS
IBV,VGVL
IBV,VVNS
IBV,LQGG
IBV,LTNF
IBV,NTTL
IBV,AGAI
IBV,CCGC
IBV,CTAG
IBV,FNLS
IBV,LNIT
IBV,LSIV
IBV,LSSL
IBV,NFSDG
IBV,NKNF
IBV,SNQT
IBV,TIPV
IBV,YTTF
IBV,YVYY
IBV,FTNVS
IBV,NFSD
IBV,VGQG
IBV,NFSD
IBV,VGQG
IBV,NETG
IBV,NFSD
IBV,AGAI
IBV,CCGC
IBV,CTAG
IBV,FTSV
IBV,GAIS
IBV,GLLV
IBV,NETK
IBV,NLTV
IBV,NVTE
IBV,PPIIT
IBV,SAAS
IBV,SLLL
IBV,SLSV
IBV,SRRS
IBV,SSLV
IBV,VFVT
IBV,VNGT
IBV,VNVT
IBV,CCGC
IBV,CTAG
IBV,GLLV
IBV,IPQN
IBV,IQTR
IBV,LTQY
IBV,NFSD
IBV,NLTV
IBV,NVTE
IBV,QEVI
IBV,SLLL
IBV,SLSV
IBV,SSLV
IBV,VSVS
IBV,GNFS
IBV,LTQY
IBV,NFSD
IBV,CCGC
IBV,DDFN
IBV,FTSV
IBV,GLLV
IBV,IPQN
IBV,LLNF
IBV,LQGG
IBV,NLTV
IBV,PLQG
IBV,QSEY
IBV,RSTS
IBV,SLLL
IBV,VQDV
IBV,AIVP
IBV,CCGC
IBV,FTSV
IBV,GLLV
IBV,IRVS
IBV,NETG
IBV,NFSD
IBV,NLTV
IBV,SLSV
IBV,SSLV
IBV,VSVNK
IBV,NETG
IBV,NFSD
IBV,LTQY
IBV,NFSD
IBV,VSVS
IBV,NYTS
IBV,SNYT
IBV,CCGC
IBV,CTAG
IBV,GAIS
IBV,GLLV
IBV,IQTR
IBV,IVTL
IBV,KSLF
IBV,LVLT
IBV,NLTV
IBV,SLSV
IBV,SNVS
IBV,SRRS
IBV,VFVT
IBV,LQGG
IBV,SSGA
IBV,LTQY
IBV,NTTL
IBV,TAQD
IBV,CCGC
IBV,FNLTV
IBV,GLLV
IBV,IPQN
IBV,NFSD
IBV,PLQG
IBV,SLNK
IBV,SLSV
IBV,TVPV
IBV,VFVT
IBV,VNGT
IBV,FTNVS
IBV,LQGG
IBV,PLQG
IBV,LTQY
IBV,NFSD
IBV,VSVS
IBV,NFSD
IBV,VGQG
IBV,FKSG
IBV,CCGC
IBV,DFDD
IBV,FTSV
IBV,IQTR
IBV,LQGG
IBV,NLTV
IBV,PLQG
IBV,SLLL
IBV,SLSV
IBV,VVNS
IBV,LQGG
IBV,PLQG
IBV,TNVS
IBV,CCGC
IBV,DDFN
IBV,FTSV
IBV,GLLV
IBV,IQTR
IBV,IVGF
IBV,IVTL
IBV,LQGG
IBV,NLTV
IBV,PLQG
IBV,SLLL
IBV,SLSV
IBV,TENV
IBV,TNVS
IBV,VVNS
IBV,CCGC
IBV,DFDD
IBV,DVVT
IBV,ELSK
IBV,FTSV
IBV,GLLV
IBV,IQTR
IBV,LQGG
IBV,NLTV
IBV,SLLL
IBV,SLSV
IBV,VVNS
IBV,VYRES
IBV,NFSD
IBV,TNSS
IBV,VGQG
IBV,NFSD
IBV,VSVS
IBV,FTNVS
IBV,IQTR
IBV,LVLT
IBV,NLTV
IBV,CCGC
IBV,DFDD
IBV,DVVT
IBV,ELSK
IBV,FNLS
IBV,GLLV
IBV,IQTR
IBV,LQGG
IBV,NLTV
IBV,SLLL
IBV,SLSV
IBV,VVNS
IBV,CCGC
IBV,FTSV
IBV,GLLV
IBV,NNFT
IBV,QSGY
IBV,SLLL
IBV,SVNK
IBV,TLNN
IBV,LQGG
IBV,NTTL
IBV,PLQG
IBV,LQGG
IBV,NITL
IBV,PLQG
IBV,FTNVS
IBV,DYGS
IBV,NITL
IBV,LQGG
IBV,NTTL
IBV,CCGC
IBV,GLLV
IBV,GSYY
IBV,IRVS
IBV,NETG
IBV,NFSD
IBV,NLTV
IBV,SLSV
IBV,SSLV
IBV,CCGC
IBV,GLLV
IBV,IRVS
IBV,NETG
IBV,NFSD
IBV,NLTS
IBV,QGGC
IBV,SLSV
IBV,SSLV
IBV,FTNVS
IBV,LDSSG
IBV,NETS
IBV,NNFT
IBV,QSGA
IBV,LQGG
IBV,NTTL
IBV,PLQG
IBV,CCGC
IBV,GLLV
IBV,NETG
IBV,NFSD
IBV,NLTV
IBV,SLLL
IBV,SLSV
IBV,SSLV
IBV,TENV
IBV,CCGC
IBV,DFDD
IBV,ELSK
IBV,GLLV
IBV,GSYY
IBV,ILTS
IBV,IQTR
IBV,LQGG
IBV,NLTV
IBV,NTTL
IBV,SLLL
IBV,SLSV
IBV,VVNS
IBV,LQGG
IBV,PLQG
IBV,TNVS
IBV,LQGG
IBV,PLQG
IBV,LQGG
IBV,NTTL
IBV,AVVN
IBV,CCGC
IBV,CTAG
IBV,GLLV
IBV,ITNS
IBV,QGFI
IBV,SLLL
IBV,SLSV
IBV,SNVS
IBV,SYNY
IBV,VSVNK
IBV,LQGG
IBV,NTTL
IBV,DYGS
IBV,NITL
IBV,AFRP
IBV,NFSD
IBV,SVYL
IBV,LQGG
IBV,TNVS
IBV,CCGC
IBV,DFDD
IBV,DVVT
IBV,ELSK
IBV,FTSV
IBV,GLLV
IBV,IQTR
IBV,LQGG
IBV,NLTV
IBV,NYNN
IBV,SLLL
IBV,SLSV
IBV,VVNS
IBV,FKAG
IBV,LQGG
IBV,NTTL
IBV,LQGG
IBV,PLQG
IBV,TNYT
IBV,CCGC
IBV,DFDD
IBV,DVVT
IBV,ELSK
IBV,GLLV
IBV,IQTR
IBV,LQGG
IBV,NLTV
IBV,SLLL
IBV,SLSV
IBV,VVNS
IBV,LQGG
IBV,NTTL
IBV,LQGG
IBV,PLQG
IBV,NETG
IBV,NFSD
IBV,FTNVS
IBV,CCGC
IBV,CTAG
IBV,DFDD
IBV,DVVT
IBV,GLLV
IBV,GSYY
IBV,IPQN
IBV,IQTR
IBV,NFSD
IBV,NLTV
IBV,NTTL
IBV,SLLL
IBV,SLLL
IBV,SLLL
IBV,SLSV
IBV,CCGC
IBV,DVVT
IBV,GLLV
IBV,NLTV
IBV,SLSV
IBV,SRRS
IBV,SSLV
IBV,SSSQ
IBV,AASV
IBV,FVVS
IBV,LTQY
IBV,NFSD
IBV,CCGC
IBV,GLLV
IBV,IQTR
IBV,LQGG
IBV,NLTV
IBV,SLLL
IBV,SLSV
IBV,SVIQ
IBV,CCGC
IBV,GLLV
IBV,IRVS
IBV,NETG
IBV,NFSD
IBV,NLTV
IBV,SLSV
IBV,SSLV
IBV,NETG
IBV,NFSD
IBV,LQGG
IBV,PLQG
IBV,TNVS
IBV,VNTT
IBV,AGAI
IBV,CCGC
IBV,CTAG
IBV,GLLV
IBV,IVTL
IBV,LENQ
IBV,NLTV
IBV,NVTA
IBV,SAIL
IBV,SLSV
IBV,VNGT
IBV,NYTS
IBV,SNYT
IBV,CCGC
IBV,DFDD
IBV,ELSK
IBV,GLLV
IBV,NLTV
IBV,NTTL
IBV,NVST
IBV,SLLL
IBV,SLSV
IBV,VVNS
IBV,CCGC
IBV,DFDD
IBV,GLLV
IBV,LQGG
IBV,SAAS
IBV,SLLL
IBV,SLSV
IBV,TNYT
IBV,VNKQ
IBV,VVNS
IBV,VYRE
IBV,YTSN
IBV,LQGG
IBV,NTTL
IBV,NFSD
IBV,TNGS
IBV,VGQG
IBV,CCGC
IBV,FTSV
IBV,GLLV
IBV,NFSD
IBV,NLTV
IBV,SLLL
IBV,SLSV
IBV,VGQG
IBV,VQDV
IBV,FNVL
IBV,LQGG
IBV,NTTL
IBV,LQGG
IBV,PLQG
IBV,NFSD
IBV,CCGC
IBV,GLLV
IBV,NFSD
IBV,SLLL
IBV,SLSV
IBV,VNKQ
IBV,VNVT
IBV,VYRE
IBV,NFSD
IBV,SLSL
IBV,LTQY
IBV,NFSD
IBV,VSVS
IBV,LQGG
IBV,NTTL
IBV,CCGC
IBV,DFDD
IBV,FNYT
IBV,FTSV
IBV,GLLV
IBV,LQGG
IBV,NFSD
IBV,NLTV
IBV,RSTS
IBV,SLLL
IBV,SLSV
IBV,VQDV
IBV,ALKG
IBV,CCGC
IBV,IPQY
IBV,KVVTL
IBV,LNFT
IBV,LNKV
IBV,LRCR
IBV,NFTGF
IBV,NNGL
IBV,TIPQ
IBV,YTCV
IBV,ISTT
IBV,IVLG
IBV,NFTS
IBV,SNFT
IBV,LQGG
IBV,NTTL
IBV,CCGC
IBV,DFDD
IBV,FTSV
IBV,IQTR
IBV,LQGG
IBV,NLTV
IBV,PLQG
IBV,SLLL
IBV,SLSV
IBV,VVNS
IBV,LQGG
IBV,PLQG
IBV,TNVS
IBV,CCGC
IBV,DFDD
IBV,DVVT
IBV,ELSK
IBV,FTSV
IBV,GLLV
IBV,IQTR
IBV,LQGG
IBV,NLTV
IBV,NTTL
IBV,SLLL
IBV,SLSV
IBV,TNVT
IBV,VVNS
IBV,LQGG
IBV,NTTL
IBV,PLQG
IBV,NETG
IBV,NFSD
IBV,LQGG
IBV,NTTL
IBV,AGAI
IBV,CCGC
IBV,CTAG
IBV,GLLV
IBV,NLTV
IBV,SFVY
IBV,SLLL
IBV,SLSV
IBV,VYRES
IBV,NFSD
IBV,VGQG
IBV,CCGC
IBV,FTSV
IBV,GLLV
IBV,NFSD
IBV,NLTV
IBV,SLLL
IBV,SLSV
IBV,VGQG
IBV,VQDV
IBV,CCGC
IBV,GLLV
IBV,IRVS
IBV,NETG
IBV,NFSD
IBV,NLTS
IBV,QGGC
IBV,SLSV
IBV,SSLV
IBV,KSGG
IBV,VSVS
IBV,CCGC
IBV,GLLV
IBV,IRVS
IBV,NETG
IBV,NFSD
IBV,NLTV
IBV,SLSV
IBV,SSLV
IBV,CCGC
IBV,FNLS
IBV,GLLV
IBV,LQGG
IBV,LSSL
IBV,NLTV
IBV,PLQG
IBV,SLSV
IBV,SSGS
IBV,TNYT
IBV,VRLT
IBV,VTHC
IBV,DFTS
IBV,LQGG
IBV,NETG
IBV,NFSD
IBV,LTQY
IBV,NFSD
IBV,VSVS
IBV,ALKG
IBV,CCGC
IBV,IPQY
IBV,KCNN
IBV,KVVTL
IBV,LNFT
IBV,LNKV
IBV,LRCR
IBV,NFTGF
IBV,NNGL
IBV,TIPQ
IBV,TVGS
IBV,YTCV
IBV,CCGC
IBV,DFDD
IBV,GLLV
IBV,LQGG
IBV,SAAS
IBV,SLLL
IBV,SLSV
IBV,TNYT
IBV,VNKQ
IBV,VVNS
IBV,VYRE
IBV,YTSN
IBV,CCGC
IBV,FTSV
IBV,GLLV
IBV,IQTR
IBV,LQGG
IBV,NLTV
IBV,PLQG
IBV,SLSV
IBV,VNGT
IBV,VVNS
IBV,CCGC
IBV,DFDD
IBV,FTSV
IBV,GLLV
IBV,IQTR
IBV,LTQY
IBV,NLTV
IBV,RSTS
IBV,SLLL
IBV,SLSV
IBV,VFSN
IBV,VQDV
IBV,VYRES
IBV,LQGG
IBV,PLQG
IBV,VYRES
IBV,CCGC
IBV,DFDD
IBV,FTSV
IBV,GLLV
IBV,IQTR
IBV,IVFI
IBV,LQGG
IBV,LTSC
IBV,NLTV
IBV,PLQG
IBV,QDVV
IBV,SLLM
IBV,SLSV
IBV,VNGT
IBV,VVNS
IBV,LTQY
IBV,NFSD
IBV,VSVS
IBV,LTQY
IBV,VSVS
IBV,NETG
IBV,NFSD
IBV,LQGG
IBV,PLQG
IBV,LQGG
IBV,NTTL
IBV,PLQG
IBV,LQGG
IBV,NNFT
IBV,CCGC
IBV,DDFN
IBV,FTSV
IBV,GLLV
IBV,LQGG
IBV,NLTV
IBV,PLQG
IBV,RSTS
IBV,SLLL
IBV,LQGG
IBV,PLQG
IBV,TNVS
IBV,CCGC
IBV,DFDD
IBV,DVVT
IBV,FTSV
IBV,IQTR
IBV,LQGG
IBV,NLTV
IBV,NTTL
IBV,SLLL
IBV,SLSV
IBV,VVNS
IBV,NFSD
IBV,VGQG
IBV,FTNVS
IBV,NETG
IBV,NFSD
IBV,LDSSG
IBV,NETS
IBV,NNFT
IBV,QSGA
IBV,NFSD
IBV,TNSS
IBV,VGQG
IBV,CCGC
IBV,DVVT
IBV,GLLV
IBV,IRVS
IBV,NETG
IBV,NFSD
IBV,NLTV
IBV,SLLL
IBV,SLSV
IBV,SSLV
IBV,TENV
IBV,LQGG
IBV,NTTL
IBV,LDSSG
IBV,NETS
IBV,NNFT
IBV,QSGA
IBV,CCGC
IBV,DFDD
IBV,DVVT
IBV,ELSK
IBV,GLLV
IBV,IQTR
IBV,LQGG
IBV,NLTV
IBV,SLLL
IBV,SLSV
IBV,VVNS
IBV,LQGG
IBV,PLQG
IBV,TNVS
IBV,VNTT
IBV,LQGG
IBV,PLQG
IBV,TNVS
IBV,LQGG
IBV,PLQG
IBV,TNVS
IBV,LQGG
IBV,PLQG
IBV,TNVS
IBV,LQGG
IBV,PLQG
IBV,CCGC
IBV,DDFN
IBV,FTSV
IBV,GLLV
IBV,IQTR
IBV,IVGF
IBV,IVTL
IBV,LQGG
IBV,NLTV
IBV,PLQG
IBV,SLLL
IBV,SLSV
IBV,TNVS
IBV,VVNS
IBV,NFSD
IBV,TNSS
IBV,VGQG
IBV,LTQY
IBV,NFSD
IBV,VSVS
IBV,IQTR
IBV,LQGG
IBV,NLTV
IBV,PLQG
IBV,LQGG
IBV,NTTL
IBV,PLQG
IBV,VYRES
IBV,LQGG
IBV,NTTL
IBV,CCGC
IBV,DVVT
IBV,GLLV
IBV,IRVS
IBV,NETG
IBV,NFSD
IBV,NLTV
IBV,SLLL
IBV,SLSV
IBV,SSLV
IBV,TENV
IBV,FTNVS
IBV,FTNVS
IBV,CCGC
IBV,CTAG
IBV,DFDD
IBV,DVVT
IBV,GLLV
IBV,IPQN
IBV,IQTR
IBV,LTQY
IBV,NFSD
IBV,NLTV
IBV,NVTE
IBV,SLLL
IBV,SLSV
IBV,VFSN
IBV,LTQY
IBV,NFSD
IBV,VSVS
IBV,LTQY
IBV,NFSD
IBV,NETG
IBV,NFSD
IBV,LTQY
IBV,NFSD
IBV,VSVS
IBV,NFSD
IBV,TNSS
IBV,VGQG
IBV,CCGC
IBV,GLLV
IBV,IRVS
IBV,LLNF
IBV,NETG
IBV,NFSD
IBV,NLTS
IBV,QGGC
IBV,SLSV
IBV,SSLV
IBV,CCGC
IBV,CTAG
IBV,DVVT
IBV,FVED
IBV,GLLV
IBV,QDVV
IBV,QSGY
IBV,VNGT
IBV,LTQY
IBV,NFSD
IBV,VYRES
IBV,QSVF
IBV,CCGC
IBV,GLLV
IBV,IRVS
IBV,NETG
IBV,NFSD
IBV,NLTV
IBV,SLSV
IBV,SSLV
IBV,AGAI
IBV,CCGC
IBV,GLLV
IBV,NLTV
IBV,NVTE
IBV,PLQG
IBV,SLSV
IBV,SRRS
IBV,STKP
IBV,VFVT
IBV,LDSSG
IBV,LQGG
IBV,NTTL
IBV,NFSD
IBV,VFVT
IBV,VGQG
IBV,CCGC
IBV,DFDD
IBV,ELSK
IBV,FTSV
IBV,GLLV
IBV,ILTS
IBV,IQTR
IBV,LQGG
IBV,NLTV
IBV,SLLL
IBV,SLSV
IBV,VVNS
IBV,CCGC
IBV,DFDD
IBV,FNYT
IBV,GLLV
IBV,LQGG
IBV,NFSD
IBV,NLTV
IBV,RSTS
IBV,SLLL
IBV,SLSV
IBV,VQDV
IBV,CCGC
IBV,DFDD
IBV,DVVT
IBV,ELSK
IBV,FTSV
IBV,GLLV
IBV,IQTR
IBV,LQGG
IBV,NLTV
IBV,SLLL
IBV,SLSV
IBV,VVNS
IBV,CCGC
IBV,DFDD
IBV,FNYT
IBV,FTSV
IBV,GLLV
IBV,IVTL
IBV,LQGG
IBV,NFSD
IBV,NLTV
IBV,RSTS
IBV,SLLL
IBV,SLSV
IBV,VQDV
IBV,PLQG
IBV,TNVT
IBV,VFVT
IBV,NFSD
IBV,CCGC
IBV,DFDD
IBV,FTSV
IBV,GLLV
IBV,NFSD
IBV,NGLL
IBV,NLTV
IBV,NVTA
IBV,SLLL
IBV,SLSV
IBV,TNSS
IBV,VGVL
IBV,VVNS
IBV,AFRP
IBV,NFSF
IBV,TNVT
IBV,LQGG
IBV,PLQG
IBV,CCGC
IBV,GLLV
IBV,SAIL
IBV,SIQG
IBV,SLSV
IBV,VNVT
IBV,YNST
IBV,NFSD
IBV,VGQG
IBV,NETG
IBV,NFSD
IBV,NFSD
IBV,VGQG
IBV,NFSD
IBV,FSSN
IBV,SNET
IBV,FCTA
IBV,VYRES
IBV,CCGC
IBV,CTAG
IBV,ESFV
IBV,GLLV
IBV,NLTV
IBV,SFVY
IBV,SLSV
IBV,VNGT
IBV,VYRES
IBV,VYRES
IBV,FTNVS
IBV,GGLV
IBV,NFTF
IBV,NYTS
IBV,SNYT
IBV,CCGC
IBV,GLLV
IBV,NETG
IBV,NFSD
IBV,NLTV
IBV,NSSLV
IBV,SLLL
IBV,SLSV
IBV,TENV
IBV,CCGC
IBV,DFDD
IBV,ELSK
IBV,FTSV
IBV,GLLV
IBV,IQTR
IBV,LQGG
IBV,NLTV
IBV,SLLL
IBV,SLSV
IBV,VVNS
IBV,NETG
IBV,NFSD
IBV,CCGC
IBV,DFDD
IBV,FTSV
IBV,IQTR
IBV,LQGG
IBV,NLTV
IBV,SLLL
IBV,SLSV
IBV,VVNS
IBV,CCGC
IBV,GLLV
IBV,IQTR
IBV,ITAR
IBV,LQGG
IBV,NLTV
IBV,SLLL
IBV,SLSV
IBV,AGAI
IBV,CCGC
IBV,CTAG
IBV,FTSV
IBV,GAIS
IBV,GLLV
IBV,NETK
IBV,NLTV
IBV,NVTE
IBV,PPIIT
IBV,SAAS
IBV,SLLL
IBV,SLSV
IBV,SRRS
IBV,SSLV
IBV,VFVT
IBV,VNGT
IBV,VNVT
IBV,LTQY
IBV,NFSD
IBV,VSVS
IBV,LQGG
IBV,NTTL
IBV,NFSD
IBV,LQGG
IBV,PLQG
IBV,QSVF
IBV,CCGC
IBV,DFDD
IBV,ELSK
IBV,FTSV
IBV,GLLV
IBV,IQTR
IBV,LQGG
IBV,NLTV
IBV,SLLL
IBV,SLSV
IBV,TNYT
IBV,VVNS
IBV,LQGG
IBV,NFSD
IBV,SGGK
IBV,CCGC
IBV,CTAG
IBV,GLLV
IBV,LQGG
IBV,NDTY
IBV,NLTV
IBV,VITT
IBV,CCGC
IBV,DFDD
IBV,DVVT
IBV,ELSK
IBV,FTSV
IBV,GLLV
IBV,IQTR
IBV,LQGG
IBV,NLTV
IBV,SLLL
IBV,SLSV
IBV,VVNS
IBV,LQGG
IBV,PLQG
IBV,LQGG
IBV,TNYT
IBV,LQGG
IBV,LVLT
IBV,NTTLV
IBV,CCGC
IBV,DFDD
IBV,ELSK
IBV,FTSV
IBV,GLLV
IBV,IQTR
IBV,LQGG
IBV,NLTV
IBV,SLLL
IBV,SLSV
IBV,VVNS
IBV,LQGG
IBV,SAAS
IBV,TNYT
IBV,VFVT
IBV,SSITL
IBV,NFSD
IBV,TNSS
IBV,VGQG
IBV,CCGC
IBV,DFDD
IBV,ELSK
IBV,FTSV
IBV,GLLV
IBV,IQTR
IBV,LQGG
IBV,NLTV
IBV,SLLL
IBV,SLSV
IBV,VVNS
IBV,FTNVS
IBV,LTQY
IBV,NFSD
IBV,VSVS
IBV,LQGG
IBV,PLQG
IBV,NFSD
IBV,VGQG
IBV,CCGC
IBV,DFDD
IBV,GLLV
IBV,IRVS
IBV,LQGG
IBV,NETG
IBV,NFSD
IBV,NLTV
IBV,QGEY
IBV,SLLL
IBV,SLSV
IBV,SSLV
IBV,TENV
IBV,AGAI
IBV,CCGC
IBV,GLLV
IBV,IPQN
IBV,NLTV
IBV,NVTE
IBV,PLQG
IBV,SLSV
IBV,SRRS
IBV,STKP
IBV,VFVT
IBV,VNGT
IBV,LTQY
IBV,NFSD
IBV,GLLA
IBV,LQGG
IBV,NFSD
IBV,NETG
IBV,NFSD
IBV,QGGC
IBV,LQGG
IBV,NFSD
IBV,TNSS
IBV,LDSSG
IBV,HCNF
IBV,LQGG
IBV,NFSD
IBV,PPTG
IBV,NFSD
IBV,AGAI
IBV,CCGC
IBV,CTAG
IBV,ENGT
IBV,LDSSG
IBV,LSSL
IBV,NETS
IBV,NKTV
IBV,NNFT
IBV,QSGA
IBV,VRLT
IBV,VTHC
IBV,CCGC
IBV,FTSV
IBV,GLLV
IBV,NFSD
IBV,NLTV
IBV,SLSV
IBV,VGQG
IBV,VSVS
IBV,LTQY
IBV,NFSD
IBV,VSVS
IBV,AYGP
IBV,LQGG
IBV,NFSD
IBV,TNSS
IBV,VGYN
IBV,CCGC
IBV,DFDD
IBV,DVVT
IBV,ELSK
IBV,FNLS
IBV,GLLV
IBV,IQTR
IBV,LQGG
IBV,NLTV
IBV,SLLL
IBV,SLSV
IBV,VVNS
IBV,NETG
IBV,NFSD
IBV,CCGC
IBV,DFDD
IBV,FTSV
IBV,GLLV
IBV,IQTR
IBV,IVFI
IBV,LQGG
IBV,LTSC
IBV,NLTV
IBV,PLQG
IBV,QDVV
IBV,SLSV
IBV,VNGT
IBV,VVNS
IBV,LQGG
IBV,PLQG
IBV,LTQY
IBV,NFSD
IBV,TNSS
IBV,NETG
IBV,NFSD
IBV,AFRP
IBV,LQGG
IBV,PLQG
IBV,CCGC
IBV,FTSV
IBV,GLLV
IBV,IQTR
IBV,LTQY
IBV,NLTV
IBV,NTTL
IBV,NVTE
IBV,SLLL
IBV,SLSV
IBV,TAQD
IBV,LQGG
IBV,NTTL
IBV,PLQG
IBV,CCGC
IBV,GLLV
IBV,NETG
IBV,NFSD
IBV,NLTV
IBV,SLLL
IBV,SLSV
IBV,SSLV
IBV,TENV
IBV,CCGC
IBV,DVVT
IBV,GLLV
IBV,IRVS
IBV,NETG
IBV,NFSD
IBV,NLTV
IBV,SLLL
IBV,SLSV
IBV,SSLV
IBV,TENV
IBV,NFSD
IBV,TATE
IBV,VYRES
IBV,LDSSG
IBV,NETS
IBV,NNFT
IBV,QSGA
IBV,CCGC
IBV,DFDD
IBV,GLLV
IBV,LQGG
IBV,SAAS
IBV,SLLL
IBV,SLSV
IBV,TNYT
IBV,VVNS
IBV,VYRE
IBV,YTSN
IBV,LTQY
IBV,NFSD
IBV,VSVS
IBV,NETG
IBV,NFSD
IBV,NFSD
IBV,YYKV
IBV,FTNVS
IBV,NETG
IBV,NFSD
IBV,CCGC
IBV,CTAG
IBV,GLLV
IBV,IPQN
IBV,IQTR
IBV,LTQY
IBV,NFSD
IBV,NLTV
IBV,NVTE
IBV,QEVI
IBV,SLLL
IBV,SLSV
IBV,SSLV
IBV,VSVS
IBV,LQGG
IBV,SVYL
IBV,NFTF
IBV,NETG
IBV,NFSD
IBV,CCGC
IBV,FTSV
IBV,ILDQ
IBV,LNVT
IBV,NNFT
IBV,NVTA
IBV,QSGA
IBV,SLLL
IBV,SLLL
IBV,SLLL
IBV,LQGG
IBV,PLQG
IBV,TNVS
IBV,CCGC
IBV,DFDD
IBV,IQTR
IBV,IVGF
IBV,KQFV
IBV,LQGG
IBV,NLTV
IBV,PLQG
IBV,SLLL
IBV,SLSV
IBV,VNKQ
IBV,VVNS
IBV,AGAI
IBV,CCGC
IBV,CTAG
IBV,GLLV
IBV,NLTV
IBV,SFVY
IBV,SLLL
IBV,SLSV
IBV,VYRES
IBV,LQGG
IBV,NTTL
IBV,LTQY
IBV,NFSD
IBV,LQGG
IBV,NTTL
IBV,PLQG
IBV,LQGG
IBV,PLQG
IBV,FKAG
IBV,LQGG
IBV,NTTL
IBV,CCGC
IBV,CTAG
IBV,GLLV
IBV,IPQN
IBV,IQTR
IBV,LTQY
IBV,NFSD
IBV,NLTV
IBV,NVTE
IBV,QEVI
IBV,SLLL
IBV,SLSV
IBV,SSLV
IBV,VSVS
IBV,CCGC
IBV,DFDD
IBV,ELSK
IBV,FTSV
IBV,GLLV
IBV,ILTS
IBV,IQTR
IBV,LQGG
IBV,NLTV
IBV,SLLL
IBV,SLSV
IBV,VVNS
IBV,VYRES
IBV,VSVS
IBV,NFSD
IBV,VGQG
IBV,VYRES
IBV,FTNVS
IBV,LQGG
IBV,PLQG
IBV,TNVS
IBV,CCGC
IBV,FTSV
IBV,GLLV
IBV,NFSD
IBV,NLTV
IBV,SLLL
IBV,SLSV
IBV,VGQG
IBV,VQDV
IBV,LQGG
IBV,NTTL
IBV,PLQG
IBV,VNTT
IBV,AGAI
IBV,CCGC
IBV,CTAG
IBV,FKAG
IBV,GLLV
IBV,NVTS
IBV,QPLL
IBV,SLLL
IBV,SLSV
IBV,VITT
IBV,LQGG
IBV,TNSS
IBV,CCGC
IBV,DFDD
IBV,FTSV
IBV,GLLV
IBV,LQGG
IBV,NLTV
IBV,PLQG
IBV,RSTS
IBV,SLLL
IBV,SLSV
IBV,TNYT
IBV,NETG
IBV,NFSD
IBV,CCGC
IBV,DFDD
IBV,ELSK
IBV,FTSV
IBV,GLLV
IBV,IQTR
IBV,LQGG
IBV,NLTV
IBV,SLLL
IBV,SLSV
IBV,VVNS
IBV,CCGC
IBV,DFDD
IBV,FTSV
IBV,IQTR
IBV,LQGG
IBV,NLTV
IBV,PLQG
IBV,SLLL
IBV,SLSV
IBV,TLTS
IBV,VVNS
IBV,VYRES
IBV,LQGG
IBV,TNYT
IBV,GGLV
IBV,ISGG
IBV,LYNF
IBV,NFTF
IBV,NYTS
IBV,SNYT
IBV,NETG
IBV,NFSD
IBV,LQGG
IBV,PLQG
IBV,SAAS
IBV,LQGG
IBV,NTTL
IBV,NFSD
IBV,VGQG
IBV,CCGC
IBV,DDFN
IBV,FTSV
IBV,GLLV
IBV,LQGG
IBV,NLTV
IBV,PLQG
IBV,RSTS
IBV,SLLL
IBV,VQDV
IBV,GNFS
IBV,LQGG
IBV,PLQG
IBV,LQGG
IBV,NTTL
IBV,LQGG
IBV,PLQG
IBV,NFTA
IBV,CCGC
IBV,DDFN
IBV,FTSV
IBV,GLLV
IBV,LQGG
IBV,NLTV
IBV,PLQG
IBV,RSTS
IBV,SLLL
IBV,CCGC
IBV,GLLV
IBV,NETG
IBV,NFSD
IBV,NLTV
IBV,SLLL
IBV,SLSV
IBV,SSLV
IBV,TENV
IBV,NETG
IBV,NFSD
IBV,LQGG
IBV,PLQG
IBV,TNYT
IBV,GNFS
IBV,LQGG
IBV,PLQG
IBV,LQGG
IBV,PLQG
IBV,TNVS
IBV,VSVS
IBV,LQGG
IBV,PLQG
IBV,TNVS
IBV,YYQSA
IBV,LTQY
IBV,NFSD
IBV,VSVS
IBV,LQGG
IBV,PLQG
IBV,YNNT
IBV,CCGC
IBV,CTAG
IBV,DDFN
IBV,FTSV
IBV,FTSV
IBV,FTSV
IBV,GLLV
IBV,IPQN
IBV,LLNF
IBV,LQGG
IBV,NLTV
IBV,PLQG
IBV,QSEY
IBV,RSTS
IBV,SLLL
IBV,VQDV
IBV,NETG
IBV,NFSD
IBV,AGAI
IBV,CCGC
IBV,CTAG
IBV,FKSG
IBV,GLLV
IBV,NLTV
IBV,SFVY
IBV,SLFL
IBV,SLSV
IBV,SPRG
IBV,VTENV
IBV,CCGC
IBV,FNLT
IBV,FNYT
IBV,FTSV
IBV,GLLV
IBV,LNFY
IBV,LQGG
IBV,NFSD
IBV,NLTV
IBV,SLLL
IBV,SLSV
IBV,SSLV
IBV,VGVL
IBV,VNSI
IBV,VVNS
IBV,FLNG
IBV,NVVN
IBV,CCGC
IBV,CTAG
IBV,GLLV
IBV,IPQN
IBV,IQTR
IBV,LTQY
IBV,NFSD
IBV,NLTV
IBV,NVTE
IBV,NVTN
IBV,QEVI
IBV,SLLL
IBV,SLSV
IBV,VSVS
IBV,CCGC
IBV,CTAG
IBV,DFDD
IBV,DVVT
IBV,GLLV
IBV,IPQN
IBV,IQTR
IBV,LTQY
IBV,NFSD
IBV,NLTV
IBV,SLLL
IBV,SLSV
IBV,TNSS
IBV,VFSN
IBV,VSVS
IBV,NETG
IBV,NFSD
IBV,CCGC
IBV,GLLV
IBV,NFSD
IBV,SLLL
IBV,SLSV
IBV,VNKQ
IBV,VNVT
IBV,VYRE
IBV,CCGC
IBV,GLLV
IBV,NFSD
IBV,SLLL
IBV,SLSV
IBV,VNKQ
IBV,VNVT
IBV,VYRE
IBV,LQGG
IBV,NFSD
IBV,PLTG
IBV,VNGT
IBV,KLTN
IBV,LQGG
IBV,TNSS
IBV,NFSD
IBV,VGQG
IBV,LQGG
IBV,PLQG
IBV,TNVS
IBV,SNYT
IBV,NFSD
IBV,YYKV
IBV,LQGG
IBV,PLQG
IBV,TNVS
IBV,NYTS
IBV,SNYT
IBV,LQGG
IBV,NNFT
IBV,LQGG
IBV,PLQG
IBV,GNFS
IBV,LQGG
IBV,LQGG
IBV,PLQG
IBV,LQGG
IBV,NTTL
IBV,LQGG
IBV,PLQG
IBV,LQGG
IBV,NTTL
IBV,NFSD
IBV,VGQG
IBV,LQGG
IBV,PLQG
IBV,LQGG
IBV,LVLT
IBV,PLQG
IBV,NETG
IBV,NFSD
IBV,YYQSA
IBV,LTQY
IBV,NFSD
IBV,VSVS
IBV,AGAI
IBV,CCGC
IBV,CTAG
IBV,ENGT
IBV,LDSSG
IBV,LSSL
IBV,NETS
IBV,NKTV
IBV,NNFT
IBV,QSGA
IBV,VRLT
IBV,VTHC
IBV,LQGG
IBV,NTTL
IBV,PLQG
IBV,NYTS
IBV,SATG
IBV,SNYT
IBV,CCGC
IBV,DFDD
IBV,FTSV
IBV,IQTR
IBV,LQGG
IBV,NLTV
IBV,NTTL
IBV,SLLL
IBV,SLSV
IBV,VVNS
IBV,AGAI
IBV,CCGC
IBV,CTAG
IBV,HRRKRSV
IBV,LDSSG
IBV,LSSL
IBV,NETS
IBV,NKTV
IBV,NNFT
IBV,QSGA
IBV,VRLT
IBV,CCGC
IBV,DFDD
IBV,FTSV
IBV,GLLV
IBV,NFSD
IBV,NLTV
IBV,SLLL
IBV,SLSV
IBV,VGQG
IBV,VQDV
IBV,NYTS
IBV,SNYT
IBV,LQGG
IBV,PLQG
IBV,TNVS
IBV,FTNVS
IBV,IQTR
IBV,LVLT
IBV,NLTV
IBV,AGAI
IBV,CCGC
IBV,CTAG
IBV,FKSG
IBV,GLLV
IBV,NLTV
IBV,SFVY
IBV,SLLL
IBV,SLSV
IBV,VYRES
IBV,NETG
IBV,NFSD
IBV,NFSD
IBV,TATE
IBV,LQGG
IBV,NTTL
IBV,PLQG
IBV,LTQY
IBV,VSVS
IBV,NYTS
IBV,SNYT
IBV,CCGC
IBV,DFDD
IBV,ELSK
IBV,GLLV
IBV,ILTS
IBV,IQTR
IBV,LQGG
IBV,NLTV
IBV,NTTL
IBV,SLLL
IBV,SLSV
IBV,VVNS
IBV,VSVS
IBV,NETG
IBV,NFSD
IBV,FTNVS
IBV,CYAYS
IBV,LQGG
IBV,PLQG
IBV,LQGG
IBV,PLQG
IBV,LQGG
IBV,NTTL
IBV,FKAG
IBV,CCGC
IBV,DVVT
IBV,GLLV
IBV,IRVS
IBV,LQGG
IBV,NETG
IBV,NFSD
IBV,NLTV
IBV,SLLL
IBV,SLSV
IBV,SSLV
IBV,TENV
IBV,CCGC
IBV,FTSV
IBV,GLLV
IBV,NFSD
IBV,NLTV
IBV,SLLL
IBV,SLSV
IBV,VGQG
IBV,VQDV
IBV,LQGG
IBV,NTTL
IBV,VYRES
IBV,GSQF
IBV,SNET
IBV,LQGG
IBV,PLQG
IBV,TNVS
IBV,ALKG
IBV,CCGC
IBV,IPQY
IBV,KVVTL
IBV,LNFT
IBV,LNKV
IBV,LRCR
IBV,NFTGF
IBV,NNGL
IBV,TIPQ
IBV,YTCV
IBV,NFSD
IBV,VGQG
IBV,CCGC
IBV,DFDD
IBV,FTSV
IBV,GLLV
IBV,LNFY
IBV,LQGG
IBV,NFSD
IBV,NLTV
IBV,NVTD
IBV,QSLL
IBV,SLLL
IBV,SLSV
IBV,VGVL
IBV,VNST
IBV,YGRF
IBV,VYRES
IBV,AGAI
IBV,CCGC
IBV,CTAG
IBV,GLLV
IBV,NLTV
IBV,SFVY
IBV,SLLL
IBV,SLSV
IBV,VYRES
IBV,CCGC
IBV,GLLV
IBV,IRVS
IBV,NETG
IBV,NFSD
IBV,NLTV
IBV,SLSV
IBV,SSLV
IBV,CCGC
IBV,DFDD
IBV,FTSV
IBV,IQTR
IBV,NLTV
IBV,PLQG
IBV,SLLL
IBV,SLSV
IBV,VVNS
IBV,FKSG
IBV,LTQH
IBV,NFTA
IBV,VYRES
IBV,NETG
IBV,NFSD
IBV,VFLN
IBV,NETG
IBV,NFSD
IBV,LQGG
IBV,NNFT
IBV,NTTL
IBV,LQGG
IBV,NTTL
IBV,PLQG
IBV,VNTT
IBV,ANYV
IBV,CCGC
IBV,DFDD
IBV,DVVT
IBV,ELSK
IBV,FTSV
IBV,GLLV
IBV,IQTR
IBV,LQGG
IBV,NLTV
IBV,NTTL
IBV,SLLL
IBV,SLSV
IBV,VVNS
IBV,FTNVS
IBV,NFSD
IBV,VGQG
IBV,CCGC
IBV,GLLV
IBV,IRVS
IBV,NETG
IBV,NFSD
IBV,NLTV
IBV,SLSV
IBV,SSLV
IBV,NFSD
IBV,AGAI
IBV,CCGC
IBV,CTAG
IBV,ETLS
IBV,GLLV
IBV,IPQN
IBV,KSDG
IBV,LNFY
IBV,NLTV
IBV,RPSD
IBV,SISL
IBV,SLLL
IBV,SSLV
IBV,VTPL
IBV,CCGC
IBV,DVVT
IBV,GLLV
IBV,IRVS
IBV,LQGG
IBV,NETG
IBV,NFSD
IBV,NLTV
IBV,SLLL
IBV,SLSV
IBV,SSLV
IBV,TENV
IBV,LQGG
IBV,NTTL
IBV,PLQG
IBV,LQGG
IBV,NTTL
IBV,NETG
IBV,NFSD
IBV,KSGG
IBV,CCGC
IBV,CTAG
IBV,FVED
IBV,GLLV
IBV,GSYH
IBV,HVLT
IBV,SRRS
IBV,LQGG
IBV,TNVS
IBV,TYGP
IBV,NYTS
IBV,SNYT
IBV,LQGG
IBV,NTTL
IBV,FTNVS
IBV,GNFS
IBV,LQGG
IBV,NFSD
IBV,VYSG
IBV,NETG
IBV,NFSD
IBV,SLLL
IBV,LQGG
IBV,LQGG
IBV,LQGG
IBV,KTGV
IBV,NYTS
IBV,SNYT
IBV,LQGG
IBV,PLQG
IBV,TAQD
IBV,TNVS
IBV,LVLT
IBV,NFSD
IBV,LTQY
IBV,NFSD
IBV,TNSS
IBV,VSVS
IBV,LQGG
IBV,PLQG
IBV,TNVS
IBV,GNFS
IBV,LQGG
IBV,PLQG
IBV,FTNVS
IBV,CCGC
IBV,DFDD
IBV,DVVT
IBV,FTSV
IBV,GLLV
IBV,IVGF
IBV,NFSD
IBV,NLTV
IBV,SDFT
IBV,SFNK
IBV,SLLL
IBV,NFSD
IBV,TAYC
IBV,VVSG
IBV,CCGC
IBV,CTAG
IBV,FVED
IBV,GLLV
IBV,QDVV
IBV,QQFV
IBV,QSGY
IBV,SFVY
IBV,SRRS
IBV,TAQS
IBV,ECGL
IBV,ELTN
IBV,NFSD
IBV,SASS
IBV,TNAS
IBV,VFVT
IBV,NETG
IBV,NFSD
IBV,CCGC
IBV,DFDD
IBV,ELSK
IBV,GLLV
IBV,IQTR
IBV,LQGG
IBV,NLTV
IBV,SLLL
IBV,SLSV
IBV,VVNS
IBV,LQGG
IBV,PLQG
IBV,PLQG
IBV,TNYT
IBV,NFSD
IBV,VGQG
IBV,CCGC
IBV,GLLV
IBV,NETG
IBV,NFSD
IBV,NLTV
IBV,SLLL
IBV,SLSV
IBV,SSLV
IBV,TENV
IBV,CCGC
IBV,DFDD
IBV,FTSV
IBV,IQTR
IBV,LQGG
IBV,NLTV
IBV,NTTL
IBV,SLLL
IBV,SLSV
IBV,VVNS
IBV,CCGC
IBV,DVVT
IBV,GLLV
IBV,IRVS
IBV,LQGG
IBV,LTVS
IBV,NETG
IBV,NFSD
IBV,NLTV
IBV,QYRP
IBV,SLLL
IBV,SSLV
IBV,TENV
IBV,CCGC
IBV,GLLV
IBV,ITSR
IBV,NFTS
IBV,NNVT
IBV,QQVQ
IBV,RLIT
IBV,SLIV
IBV,SLLL
IBV,SRRS
IBV,SVLA
IBV,TGRG
IBV,VQDV
IBV,VSLI
IBV,VVNK
IBV,CCGC
IBV,DFDD
IBV,DVVT
IBV,ELSK
IBV,FTSV
IBV,GLLV
IBV,IQTR
IBV,LQGG
IBV,LSFL
IBV,NLTV
IBV,SLLL
IBV,VVNS
IBV,NETG
IBV,NFSD
IBV,NETG
IBV,NFSD
IBV,LQGG
IBV,PLQG
IBV,FSSN
IBV,SNET
IBV,CCGC
IBV,DFDD
IBV,FTSV
IBV,GLLV
IBV,IQTR
IBV,LQGG
IBV,NLTV
IBV,PLQG
IBV,QDVV
IBV,SLSV
IBV,VNGT
IBV,VVNS
IBV,CCGC
IBV,ELSK
IBV,FTSV
IBV,GLLV
IBV,IQTR
IBV,LQGG
IBV,NLTV
IBV,SLLL
IBV,SLSV
IBV,VVNS
IBV,LTQY
IBV,NFSD
IBV,VSVS
IBV,CCGC
IBV,GLLV
IBV,NLTV
IBV,NVTE
IBV,SLSV
IBV,SRRS
IBV,VFVT
IBV,LTQY
IBV,NFSD
IBV,VSVS
IBV,NETG
IBV,NFSD
IBV,PLTG
IBV,NFSD
IBV,VGQG
IBV,CCGC
IBV,GLLV
IBV,GSLF
IBV,IQTR
IBV,LTQY
IBV,NLTV
IBV,NVTE
IBV,QEVI
IBV,SLLL
IBV,SLSV
IBV,SSLV
IBV,AGAI
IBV,CCGC
IBV,CTAG
IBV,GRGI
IBV,LDSSG
IBV,LSSL
IBV,NNFT
IBV,QREL
IBV,QSGA
IBV,VRLT
IBV,DYGS
IBV,NITL
IBV,CCGC
IBV,DFDD
IBV,DVVT
IBV,ELSK
IBV,FTSV
IBV,GLLV
IBV,IQTR
IBV,ITGR
IBV,LQGG
IBV,NLTV
IBV,SLLL
IBV,SLSV
IBV,VVNS
IBV,DDFN
IBV,GLLV
IBV,NETG
IBV,NFSD
IBV,NLTV
IBV,QGGC
IBV,RSTS
IBV,SLLL
IBV,CCGC
IBV,DFDD
IBV,FTSV
IBV,IQTR
IBV,LQGG
IBV,LSVL
IBV,NLTV
IBV,PLQG
IBV,SLLL
IBV,SLSV
IBV,VVNS
IBV,NFSD
IBV,YYKV
IBV,CCGC
IBV,CTAG
IBV,DFDD
IBV,DVVT
IBV,GLLV
IBV,IPQN
IBV,IQTR
IBV,LTQY
IBV,NFSD
IBV,NLTV
IBV,SLLL
IBV,SPRG
IBV,TNSS
IBV,VFSN
IBV,VSVS
IBV,NFSD
IBV,VGQG
IBV,VSVS
IBV,LTQY
IBV,NFSD
IBV,VSVS
IBV,LDSSG
IBV,NETS
IBV,NNFT
IBV,QSGA
IBV,AGAI
IBV,CCGC
IBV,CTAG
IBV,ENGT
IBV,LDSSG
IBV,LSSL
IBV,NETS
IBV,NKTV
IBV,NNFT
IBV,QSGA
IBV,VRLT
IBV,VTHC
IBV,CCGC
IBV,FTSV
IBV,GLLV
IBV,NFSD
IBV,NLTV
IBV,SLLL
IBV,SLSV
IBV,SSLV
IBV,LQGG
IBV,NNFT
IBV,NTTL
IBV,LDSSG
IBV,NETS
IBV,NNFT
IBV,QSGA
IBV,CCGC
IBV,DFDD
IBV,ELSK
IBV,GLLV
IBV,IQTR
IBV,LQGG
IBV,NLTV
IBV,NTTL
IBV,SLLL
IBV,SLSV
IBV,VVNS
IBV,GSQF
IBV,SNET
IBV,CCGC
IBV,GLLV
IBV,IRVS
IBV,NETG
IBV,NFSD
IBV,NLTV
IBV,SLLL
IBV,SLSV
IBV,SSLV
IBV,TENV
IBV,CCGC
IBV,CTAG
IBV,GLLV
IBV,IPQN
IBV,IQTR
IBV,LTQY
IBV,NFSD
IBV,NLTV
IBV,NVTE
IBV,NVTN
IBV,QEVI
IBV,SLLL
IBV,SLSV
IBV,LQGG
IBV,NFSD
IBV,PPTG
IBV,TNVS
IBV,CCGC
IBV,DYGS
IBV,LVLP
IBV,NGIV
IBV,NITL
IBV,QQVQ
IBV,SIVG
IBV,SLSV
IBV,SNFT
IBV,SVST
IBV,SVST
IBV,SVST
IBV,TSRD
IBV,LQGG
IBV,LVLT
IBV,LQGG
IBV,PLQG
IBV,AYGP
IBV,CCGC
IBV,CTAG
IBV,FDND
IBV,GLLV
IBV,IPQN
IBV,NETN
IBV,NLTV
IBV,SLLL
IBV,SLSV
IBV,SNET
IBV,SSLV
IBV,TAAG
IBV,NYTE
IBV,SNYT
IBV,CCGC
IBV,DFDD
IBV,DVVT
IBV,ELSK
IBV,GLLV
IBV,IQTR
IBV,LQGG
IBV,NLTV
IBV,SLLL
IBV,SLSV
IBV,VVNS
IBV,NSSLV
IBV,GGCKQ
IBV,LQGG
IBV,NTTL
IBV,PLQG
IBV,NETG
IBV,NFSD
IBV,VYRES
IBV,CCGC
IBV,DDFN
IBV,FTSV
IBV,GLLV
IBV,IPQN
IBV,LLNF
IBV,LQGG
IBV,NLTV
IBV,PLQG
IBV,QSEY
IBV,RSTS
IBV,SLLL
IBV,VQDV
IBV,LTQY
IBV,NFSD
IBV,SGGKLVG
IBV,GSQF
IBV,SNET
IBV,AGAI
IBV,CTAG
IBV,ENGT
IBV,LDSSG
IBV,LNVT
IBV,LSSL
IBV,NETS
IBV,NKTV
IBV,NNFT
IBV,NVTA
IBV,QSGA
IBV,VRLT
IBV,VTHC
IBV,LQGG
IBV,NTTL
IBV,NFSD
IBV,VGQG
IBV,CCGC
IBV,GLLV
IBV,NETG
IBV,NFSD
IBV,NLTV
IBV,SLLL
IBV,SLSV
IBV,SSLV
IBV,TENV
IBV,CCGC
IBV,GLLV
IBV,IRVS
IBV,NETG
IBV,NFSD
IBV,NLTV
IBV,SLSV
IBV,SSLV
IBV,ATGS
IBV,GGLV
IBV,NYTS
IBV,SNYT
IBV,LQGG
IBV,NTTL
IBV,CCGC
IBV,CTAG
IBV,GLLV
IBV,IPQN
IBV,IQTR
IBV,LTQY
IBV,NFSD
IBV,NLTV
IBV,NVTE
IBV,QEVI
IBV,SLLL
IBV,SLSV
IBV,SSLV
IBV,VSVS
IBV,TAGG
IBV,YNNT
IBV,CCGC
IBV,DFDD
IBV,FNYT
IBV,FTSV
IBV,GLLV
IBV,LQGG
IBV,NFSD
IBV,NLTV
IBV,RSTS
IBV,SLLL
IBV,SLSV
IBV,VQDV
IBV,NFSD
IBV,LQGG
IBV,NTTL
IBV,LLVL
IBV,FTNVS
IBV,IQTR
IBV,LVLT
IBV,NLTV
IBV,LQGG
IBV,PLQG
IBV,CCGC
IBV,GLLV
IBV,IRVS
IBV,NETG
IBV,NFSD
IBV,NLTV
IBV,SLLL
IBV,SLSV
IBV,SSLV
IBV,TENV
IBV,CCGC
IBV,DFDD
IBV,ELSK
IBV,FTSV
IBV,GLLV
IBV,IQTR
IBV,LQGG
IBV,NLTV
IBV,SLLL
IBV,SLSV
IBV,CCGC
IBV,GLLV
IBV,NETG
IBV,NFSD
IBV,NLTV
IBV,SLLL
IBV,SLSV
IBV,SSLV
IBV,SNYT
IBV,CCGC
IBV,DFDD
IBV,LQGG
IBV,NTTL
IBV,NYTS
IBV,SNYT
IBV,NETG
IBV,NFSD
IBV,VYRES
IBV,NFSD
IBV,VGQG
IBV,FKAG
IBV,CCGC
IBV,GLLV
IBV,IRVS
IBV,NETG
IBV,NFSD
IBV,NLTV
IBV,SLSV
IBV,SSLV
IBV,CCGC
IBV,DFDD
IBV,FTSV
IBV,GLLV
IBV,NFSD
IBV,NLTV
IBV,SLLL
IBV,SLSV
IBV,VGQG
IBV,NYTS
IBV,SNYT
IBV,FTNVS
IBV,NFSD
IBV,YNLT
IBV,CCGC
IBV,GLLV
IBV,IRVS
IBV,NETG
IBV,NFSD
IBV,NLTV
IBV,SLSV
IBV,SSLV
IBV,LQGG
IBV,SAAS
IBV,STAQ
IBV,VYRES
IBV,CCGC
IBV,DFDD
IBV,DVVT
IBV,FTSV
IBV,IQTR
IBV,LQGG
IBV,NLTV
IBV,NTTL
IBV,PLQG
IBV,SLLL
IBV,SLSV
IBV,VVNS
IBV,CCGC
IBV,DFDD
IBV,IQTR
IBV,KQFV
IBV,LQGG
IBV,NLTV
IBV,PLQG
IBV,SLLL
IBV,SLSV
IBV,VNKQ
IBV,VVNS
IBV,CCGC
IBV,GLLV
IBV,IRVS
IBV,NETG
IBV,NFSD
IBV,NLTV
IBV,SLLL
IBV,SLSV
IBV,SSLV
IBV,TENV
IBV,CCGC
IBV,CTAG
IBV,GLLV
IBV,IPQN
IBV,IQTR
IBV,LTQY
IBV,NFSD
IBV,NLTV
IBV,NVTE
IBV,NVTN
IBV,SLLL
IBV,SLSV
IBV,SSLV
IBV,VSVS
IBV,NYTS
IBV,SNYT
IBV,CCGC
IBV,DIFV
IBV,GLLV
IBV,SLSV
IBV,TIIF
IBV,TNVT
IBV,VNGT
IBV,ATGS
IBV,GGLV
IBV,NFTF
IBV,NYTS
IBV,SNYT
IBV,LVLT
IBV,NFSD
IBV,VFVT
IBV,CCGC
IBV,DFDD
IBV,ELSK
IBV,GLLV
IBV,GSYY
IBV,ILTS
IBV,IQTR
IBV,LQGG
IBV,NLTV
IBV,NTTL
IBV,SLLL
IBV,SLSV
IBV,VVNS
IBV,CCGC
IBV,CTAG
IBV,GLLV
IBV,IPQN
IBV,IQTR
IBV,LTQY
IBV,NFSD
IBV,NLTV
IBV,NVTE
IBV,QEVI
IBV,SLLL
IBV,SLSV
IBV,SSLV
IBV,VSVS
IBV,NETG
IBV,NFSD
IBV,LQGG
IBV,TNYT
IBV,LQGG
IBV,PLQG
IBV,TNYT
IBV,NFSD
IBV,VGQG
IBV,LQGG
IBV,NTTL
IBV,PLQG
IBV,VNTT
IBV,SNET
IBV,CCGC
IBV,DFDD
IBV,ELSK
IBV,FTSV
IBV,GLLV
IBV,IQTR
IBV,LQGG
IBV,NLTV
IBV,SLLL
IBV,SLSV
IBV,VVNS
IBV,CCGC
IBV,GLLV
IBV,IRVS
IBV,NETG
IBV,NFSD
IBV,NLTV
IBV,SLSV
IBV,SSLV
IBV,NETG
IBV,NFSD
IBV,NLTS
IBV,QGGC
IBV,NFTS
IBV,NNVT
IBV,SNVT
IBV,SRRS
IBV,NETG
IBV,NFSD
IBV,LQGG
IBV,NFSD
IBV,VSTF
IBV,LQGG
IBV,NTTL
IBV,LQGG
IBV,PLQG
IBV,NFSD
IBV,TNSS
IBV,VGQG
IBV,GNFS
IBV,LTQY
IBV,CCGC
IBV,CTAG
IBV,GLLV
IBV,IPQN
IBV,IQTR
IBV,LTQY
IBV,NFSD
IBV,NLTV
IBV,NVTE
IBV,QEVI
IBV,SLLL
IBV,SLSV
IBV,SSLV
IBV,VSVS
IBV,LQGG
IBV,PLQG
IBV,LQGG
IBV,NFSD
IBV,PSSG
IBV,AGAI
IBV,CCGC
IBV,CTAG
IBV,DDFN
IBV,GLLV
IBV,NVST
IBV,RSTS
IBV,SLLL
IBV,SNVS
IBV,LTQY
IBV,NFSD
IBV,VSVS
IBV,LQGG
IBV,PLQG
IBV,TNVS
IBV,CCGC
IBV,DFDD
IBV,DVVT
IBV,FTSV
IBV,IQTR
IBV,LQGG
IBV,NLTV
IBV,NTTL
IBV,SLLL
IBV,SLSV
IBV,VVNS
IBV,SNYT
IBV,GVYA
IBV,LQGG
IBV,NTTL
IBV,PLQG
IBV,LQGG
IBV,NTTL
IBV,NFSD
IBV,TAYC
IBV,CCGC
IBV,CTAG
IBV,FDND
IBV,GLLV
IBV,INGT
IBV,NFSD
IBV,SLSV
IBV,SNET
IBV,LQGG
IBV,LSVS
IBV,VGVL
IBV,LQGG
IBV,TNSS
IBV,LQGG
IBV,PLQG
IBV,TNYT
IBV,LQGG
IBV,PLQG
IBV,TNYT
IBV,LQGG
IBV,NTTL
IBV,ATGS
IBV,CCGC
IBV,FNIS
IBV,GGLV
IBV,ITGR
IBV,ITGR
IBV,ITGR
IBV,KLTS
IBV,LVLP
IBV,NFTF
IBV,NYTS
IBV,SINR
IBV,SNYT
IBV,VNGT
IBV,VQDV
IBV,LQGG
IBV,NTTL
IBV,AGAI
IBV,CCGC
IBV,CTAG
IBV,ENGT
IBV,LDSSG
IBV,LSSL
IBV,NETS
IBV,NKTV
IBV,NNFT
IBV,QSGA
IBV,VRLT
IBV,VTHC
IBV,LQGG
IBV,PLQG
IBV,TNYT
IBV,LQGG
IBV,PLQG
IBV,TNVS
IBV,NETG
IBV,NFSD
IBV,FTNVS
IBV,NFSD
IBV,RFIV
IBV,VFVT
IBV,FTNVS
IBV,LQGG
IBV,TNVS
IBV,TYGP
IBV,FVVS
IBV,LQGG
IBV,NFSD
IBV,VFVT
IBV,VGQG
IBV,LQGG
IBV,PLQG
IBV,FNKT
IBV,NLTV
IBV,TSAG
IBV,CCGC
IBV,GLLV
IBV,IRVS
IBV,NETG
IBV,NFSD
IBV,NLTV
IBV,SLSV
IBV,SSLV
IBV,LQGG
IBV,TNYT
IBV,NFSD
IBV,VGQG
IBV,CCGC
IBV,GLLV
IBV,IRVS
IBV,NETG
IBV,NFSD
IBV,NLTV
IBV,SLSV
IBV,SSLV
IBV,YTSS
IBV,LQGG
IBV,PLQG
IBV,TNYT
IBV,NETG
IBV,NFSD
IBV,NETG
IBV,NFSD
IBV,CCGC
IBV,GLLV
IBV,NETG
IBV,NFSD
IBV,NLTV
IBV,SLLL
IBV,SLSV
IBV,SSLV
IBV,TENV
IBV,LQGG
IBV,NTTL
IBV,PLQG
IBV,NFSD
IBV,VGQG
IBV,CCGC
IBV,FTSV
IBV,IQTR
IBV,LQGG
IBV,NLTV
IBV,NTTL
IBV,SLLL
IBV,SLSV
IBV,VNTT
IBV,LQGG
IBV,NTTL
IBV,SVNT
IBV,CCGC
IBV,GLLV
IBV,IQTR
IBV,LQGG
IBV,NLTV
IBV,PLQG
IBV,SLSV
IBV,VQDV
IBV,VVNS
IBV,NETG
IBV,NFSD
IBV,LTQY
IBV,NFSD
IBV,YSYL
IBV,LQGG
IBV,PLQG
IBV,TNVS
IBV,CCGC
IBV,DFDD
IBV,ELSK
IBV,FTSV
IBV,GLLV
IBV,IQTR
IBV,LQGG
IBV,NLTV
IBV,SLLL
IBV,SLLL
IBV,SLLL
IBV,SLSV
IBV,VVNS
IBV,QGGV
IBV,SNYT
IBV,LQGG
IBV,NTTL
IBV,GNFS
IBV,LQGG
IBV,NFSD
IBV,NFSD
IBV,VGQG
IBV,LQGG
IBV,PLQG
IBV,TNYT
IBV,AGAI
IBV,CCGC
IBV,CTAG
IBV,ENGT
IBV,LDSSG
IBV,LSSL
IBV,NKTV
IBV,NNFT
IBV,QSGA
IBV,VRLT
IBV,LVLT
IBV,NFSD
IBV,VFVT
IBV,LTQY
IBV,NFSD
IBV,VSVS
IBV,NETG
IBV,NFSD
IBV,AGAI
IBV,CCGC
IBV,CTAG
IBV,GLLV
IBV,NLTV
IBV,SFVY
IBV,SLLL
IBV,SLSV
IBV,VYRES
IBV,AGAI
IBV,CCGC
IBV,GLLV
IBV,NFSD
IBV,NLTV
IBV,PPIIT
IBV,SLSV
IBV,SRRS
IBV,SSLV
IBV,SSSQ
IBV,VFVT
IBV,VGFC
IBV,VNGT
IBV,ALKG
IBV,CCGC
IBV,IPQY
IBV,KCNN
IBV,KVVTL
IBV,LNFT
IBV,LNKV
IBV,LRCR
IBV,NFTGF
IBV,NNGL
IBV,TIPQ
IBV,TVGS
IBV,YTCV
IBV,LQGG
IBV,NFSD
IBV,VSTF
IBV,CCGC
IBV,DFDD
IBV,FTSV
IBV,IQTR
IBV,LQGG
IBV,NLTV
IBV,NTTL
IBV,SLLL
IBV,SLSV
IBV,LTQY
IBV,NFSD
IBV,VSVS
IBV,LQGG
IBV,NTTL
IBV,SDGF
IBV,LQGG
IBV,NTTL
IBV,LTQY
IBV,NFSD
IBV,LQGG
IBV,PLQG
IBV,TNVS
IBV,FTNVS
IBV,AGAI
IBV,CCGC
IBV,CTAG
IBV,GLLV
IBV,NLTV
IBV,SFVY
IBV,SLLL
IBV,SLSV
IBV,VYRES
IBV,CCGC
IBV,DFDD
IBV,DVVT
IBV,ELSK
IBV,FTSV
IBV,GLLV
IBV,IQTR
IBV,LQGG
IBV,NLTV
IBV,SLLL
IBV,SLSV
IBV,VVNS
IBV,CCGC
IBV,CTAG
IBV,ELSK
IBV,FVED
IBV,GLLV
IBV,HCNF
IBV,IPQN
IBV,LQGG
IBV,NFSD
IBV,NLTV
IBV,PPTG
IBV,SAAAI
IBV,SSYY
IBV,VNGT
IBV,VVNS
IBV,CCGC
IBV,DDFN
IBV,FNLT
IBV,FNYT
IBV,FTSV
IBV,GLLV
IBV,LQGG
IBV,NFSD
IBV,NLTV
IBV,NSVG
IBV,SLLL
IBV,SLSV
IBV,VGVL
IBV,GSQF
IBV,SNET
IBV,NFSD
IBV,VSVS
IBV,LQGG
IBV,TNSS
IBV,SNYT
IBV,NETG
IBV,NFSD
IBV,NFSD
IBV,VGQG
IBV,LQGG
IBV,PLQG
IBV,NFSD
IBV,VGQG
IBV,CCGC
IBV,FTSV
IBV,GLLV
IBV,NFSD
IBV,NLTV
IBV,NVTE
IBV,SLLL
IBV,SLSV
IBV,SSLV
IBV,TNSS
IBV,VGQG
IBV,AIAFA
IBV,FNIS
IBV,GGLV
IBV,ITGR
IBV,ITGR
IBV,ITGR
IBV,KLTS
IBV,KYNG
IBV,LVLP
IBV,NFTF
IBV,NISL
IBV,NYTS
IBV,RIRR
IBV,SINR
IBV,SLGL
IBV,SNYT
IBV,TYYI
IBV,VNGT
IBV,VQDV
IBV,AGAI
IBV,CCGC
IBV,CTAG
IBV,FKSG
IBV,GLLV
IBV,NLTV
IBV,SFVY
IBV,SLLL
IBV,SLSV
IBV,VYRES
IBV,FTNV
IBV,CCGC
IBV,ENGT
IBV,LDSSG
IBV,LSSL
IBV,NETS
IBV,NKTV
IBV,NNFT
IBV,QSGA
IBV,VRLT
IBV,CCGC
IBV,DFDD
IBV,IQTR
IBV,LQGG
IBV,NLTV
IBV,NTTL
IBV,SLSV
IBV,VVNS
IBV,LQGG
IBV,NLTV
IBV,PLQG
IBV,CCGC
IBV,DFDD
IBV,FTSV
IBV,IQTR
IBV,LQGG
IBV,SLLL
IBV,SLSV
IBV,VVNS
IBV,CCGC
IBV,GLLV
IBV,IRVS
IBV,NETG
IBV,NFSD
IBV,NLTV
IBV,SLLL
IBV,SLSV
IBV,SSLV
IBV,TENV
IBV,KLTN
IBV,NFSD
IBV,LQGG
IBV,NFSY
IBV,NTTL
IBV,KSGG
IBV,GGLV
IBV,NFTF
IBV,NYTS
IBV,SNYT
IBV,AGAI
IBV,CCGC
IBV,CTAG
IBV,ENGT
IBV,LDSSG
IBV,LNVT
IBV,LSSL
IBV,NETS
IBV,NKTV
IBV,NNFT
IBV,NVTA
IBV,QSGA
IBV,VRLT
IBV,VTHC
IBV,LTQY
IBV,NFSD
IBV,VSVS
IBV,LQGG
IBV,PLQG
IBV,CCGC
IBV,CTAG
IBV,GLLV
IBV,IPQN
IBV,IQTR
IBV,LTQY
IBV,NFSD
IBV,NLTV
IBV,NVTE
IBV,QEVI
IBV,SLLL
IBV,SLSV
IBV,SSLV
IBV,VSVS
IBV,CCGC
IBV,DDFN
IBV,FNYT
IBV,FTSV
IBV,GLLV
IBV,IQTR
IBV,NFSD
IBV,NLTV
IBV,NVTE
IBV,SLLL
IBV,SLSV
IBV,SVIQ
IBV,VFSN
IBV,VGVL
IBV,VQDV
IBV,NYTS
IBV,SNYT
IBV,NFSD
IBV,VGQG
IBV,AGAI
IBV,CCGC
IBV,GLLV
IBV,IVTL
IBV,NFSD
IBV,NLTV
IBV,SLSV
IBV,SRRS
IBV,SSLV
IBV,SSSQ
IBV,CCGC
IBV,DFDD
IBV,DVVT
IBV,FTSV
IBV,IQTR
IBV,LQGG
IBV,NLTV
IBV,NTTL
IBV,PLQG
IBV,SLLL
IBV,SLSV
IBV,VVNS
IBV,LQGG
IBV,NTTL
IBV,KLTN
IBV,LTQY
IBV,TAQD
IBV,AGAI
IBV,CCGC
IBV,ENGT
IBV,ENGT
IBV,ENGT
IBV,FVED
IBV,LDSSG
IBV,LNVT
IBV,LSSL
IBV,NETS
IBV,NKTV
IBV,NVTA
IBV,QSGA
IBV,VRLT
IBV,VTHC
IBV,AGAI
IBV,CCGC
IBV,CTAG
IBV,FTSV
IBV,GLLV
IBV,NLTV
IBV,SLSV
IBV,SNET
IBV,SSFR
IBV,SSLV
IBV,VNGT
IBV,AIVP
IBV,AYGP
IBV,CCGC
IBV,CTAG
IBV,GLLV
IBV,IVTL
IBV,LNIT
IBV,NLTV
IBV,SAIL
IBV,VITT
IBV,CCGC
IBV,GLLV
IBV,IRVS
IBV,NETG
IBV,NFSD
IBV,NLTV
IBV,SLSV
IBV,SSLV
IBV,LQGG
IBV,NTTL
IBV,VNTT
IBV,LTQY
IBV,NFSD
IBV,TNSS
IBV,VSVS
IBV,CCGC
IBV,GLLV
IBV,IRVS
IBV,NETG
IBV,NFSD
IBV,NLTV
IBV,SLSV
IBV,SSLV
IBV,CCGC
IBV,CTAG
IBV,GLLV
IBV,IPQN
IBV,IQTR
IBV,LTQY
IBV,NFSD
IBV,NLTV
IBV,NVTE
IBV,QEVI
IBV,SLLL
IBV,SLSV
IBV,SSLV
IBV,VSVS
IBV,LQGG
IBV,NFSD
IBV,NTTL
IBV,LTQY
IBV,NFSD
IBV,VSVS
IBV,CCGC
IBV,DFDD
IBV,IQTR
IBV,LQGG
IBV,NLTV
IBV,NTTL
IBV,SLLL
IBV,SLSV
IBV,VVNS
IBV,LQGG
IBV,NTTL
IBV,PLQG
IBV,LQGG
IBV,NTTL
IBV,LQGG
IBV,NTTL
IBV,PLQG
IBV,LTQY
IBV,NFSD
IBV,VSVS
IBV,AGAI
IBV,CCGC
IBV,CTAG
IBV,FKSG
IBV,GLLV
IBV,NLTV
IBV,SFVY
IBV,SLLL
IBV,SLSV
IBV,VYRES
IBV,LQGG
IBV,TNYT
IBV,CCGC
IBV,DFDD
IBV,DVVT
IBV,ELSK
IBV,FTSV
IBV,GLLV
IBV,IQTR
IBV,LQGG
IBV,NLTV
IBV,SLLL
IBV,SLSV
IBV,SNIS
IBV,VVNS
IBV,SNYT
IBV,ETIN
IBV,SNYT
IBV,CCGC
IBV,DFDD
IBV,FTSV
IBV,IQTR
IBV,KQFV
IBV,LQGG
IBV,NETG
IBV,NLTV
IBV,PLQG
IBV,SLLL
IBV,SLSV
IBV,TNSS
IBV,VNKQ
IBV,VVNS
IBV,CCGC
IBV,GLLV
IBV,NETG
IBV,NFSD
IBV,NLTV
IBV,SLLL
IBV,SLSV
IBV,SSLV
IBV,TENV
IBV,FCTA
IBV,NFSD
IBV,TNSS
IBV,VGQG
IBV,LQGG
IBV,PLQG
IBV,TNYT
IBV,CCGC
IBV,DFDD
IBV,ELSK
IBV,FTSV
IBV,GLLV
IBV,IQTR
IBV,LQGG
IBV,NLTV
IBV,SLLL
IBV,SLSV
IBV,VVNS
IBV,LTQY
IBV,NFSD
IBV,VSVS
IBV,TNST
IBV,YYQSA
IBV,ALKG
IBV,CCGC
IBV,GTFFV
IBV,IPQY
IBV,KCNN
IBV,KVVTL
IBV,LNFT
IBV,LNKV
IBV,LRCR
IBV,NFTGF
IBV,NNGL
IBV,TALS
IBV,TIPQ
IBV,YTCV
IBV,AIVP
IBV,CCGC
IBV,FTSV
IBV,GLLV
IBV,IRVS
IBV,NETG
IBV,NFSD
IBV,NLTV
IBV,SSLV
IBV,VSVNK
IBV,PSNG
IBV,LQGG
IBV,PLQG
IBV,SFRP
IBV,TNVS
IBV,FTNVS
IBV,AGAI
IBV,CCGC
IBV,CTAG
IBV,ENGT
IBV,LDSSG
IBV,LSSL
IBV,NETS
IBV,NKTV
IBV,NNFT
IBV,QSGA
IBV,VRLT
IBV,VTHC
IBV,TVGA
IBV,LQGG
IBV,NTTL
IBV,VKSL
IBV,LQGG
IBV,PLQG
IBV,TNYT
IBV,NYTS
IBV,SNYT
IBV,VYRES
IBV,LQGG
IBV,PLQG
IBV,NFSD
IBV,VGQG
IBV,NFSD
IBV,VGQG
IBV,VYRES
IBV,CCGC
IBV,DFDD
IBV,ELSK
IBV,GLLV
IBV,GSYY
IBV,ILTS
IBV,IQTR
IBV,LQGG
IBV,NLTV
IBV,NTTL
IBV,SLLL
IBV,SLSV
IBV,VVNS
IBV,LQGG
IBV,PLQG
IBV,CCGC
IBV,GLLV
IBV,IRVS
IBV,NETG
IBV,NFSD
IBV,NLTV
IBV,SLSV
IBV,SSLV
IBV,LQGG
IBV,PLQG
IBV,LDSSG
IBV,HNET
IBV,NFSD
IBV,VGQG
IBV,NETG
IBV,NFSD
IBV,LQGG
IBV,PLQG
IBV,TNYT
IBV,APVL
IBV,CCGC
IBV,DDFN
IBV,FTSV
IBV,GLLV
IBV,NFSD
IBV,NLTV
IBV,RSTS
IBV,SLLL
IBV,SLSV
IBV,LTQY
IBV,NFSD
IBV,VSVS
IBV,INGT
IBV,NFSD
IBV,SNET
IBV,LQGG
IBV,PLQG
IBV,NFSD
IBV,VGQG
IBV,NFSD
IBV,VGQG
IBV,CCGC
IBV,ENGT
IBV,FCIKPD
IBV,FNLT
IBV,IQIN
IBV,LNVS
IBV,NKNF
IBV,SLNK
IBV,VINK
IBV,YVYY
IBV,LDSSG
IBV,NETS
IBV,NNFT
IBV,QSGA
IBV,VTHC
IBV,NFSD
IBV,VGQG
IBV,LQGG
IBV,PLQG
IBV,LQGG
IBV,NTTL
IBV,CCGC
IBV,DFDD
IBV,ELSK
IBV,GLLV
IBV,ILTS
IBV,IQTR
IBV,LQGG
IBV,NLTV
IBV,NTTL
IBV,SLLL
IBV,SLSV
IBV,VVNS
IBV,NFSD
IBV,TNSS
IBV,VGQG
IBV,NETG
IBV,NFSD
IBV,LQGG
IBV,NTTL
IBV,LQGG
IBV,PLQG
IBV,TNVS
IBV,AASFN
IBV,CCGC
IBV,CTAG
IBV,GLLV
IBV,NVTS
IBV,QPLL
IBV,RSLF
IBV,SLLL
IBV,SLSV
IBV,VITT
IBV,LQGG
IBV,PLQG
IBV,NFSD
IBV,YYKV
IBV,LQGG
IBV,PLQG
IBV,TNYT
IBV,CCGC
IBV,DFDD
IBV,ELSK
IBV,GLLV
IBV,GSYY
IBV,ILTS
IBV,IQTR
IBV,LQGG
IBV,NLTV
IBV,NTTL
IBV,SLLL
IBV,SLSV
IBV,VVNS
IBV,LQGG
IBV,NTTL
IBV,AGAI
IBV,CCGC
IBV,CTAG
IBV,FKSG
IBV,GLLV
IBV,GQGF
IBV,IVTL
IBV,LNIT
IBV,NETK
IBV,NLTV
IBV,SAIL
IBV,VVFI
IBV,FTNVS
IBV,KSDG
IBV,NFSD
IBV,RNETG
IBV,AGAI
IBV,APNG
IBV,CCGC
IBV,CTAG
IBV,GAIS
IBV,GLLV
IBV,IPQN
IBV,NLTV
IBV,PANG
IBV,SSLV
IBV,TTLV
IBV,LDSSG
IBV,NETS
IBV,NNFT
IBV,QSGA
IBV,FTNVS
IBV,CCGC
IBV,GLLV
IBV,IRVS
IBV,NETG
IBV,NFSD
IBV,NLTV
IBV,SLSV
IBV,SSLV
IBV,LQGG
IBV,NTTL
IBV,LDSSG
IBV,AYGP
IBV,NETN
IBV,SNET
IBV,LQGG
IBV,PLQG
IBV,TNYT
IBV,CCGC
IBV,DDFN
IBV,ELSK
IBV,FTSV
IBV,GLLV
IBV,IQTR
IBV,LQGG
IBV,NFSD
IBV,NGLL
IBV,NLTV
IBV,PSSG
IBV,SLLL
IBV,SLSV
IBV,VNGT
IBV,VQDVV
IBV,VVNS
IBV,LQGG
IBV,NTTL
IBV,PLQG
IBV,VNTT
IBV,AGAI
IBV,CCGC
IBV,CTAG
IBV,ENGT
IBV,LDSSG
IBV,LSSL
IBV,NETS
IBV,NKTV
IBV,NNFT
IBV,QSGA
IBV,VRLT
IBV,VTHC
IBV,AGAI
IBV,CCGC
IBV,DVVT
IBV,GLLV
IBV,NFSD
IBV,NLTV
IBV,SLSV
IBV,SRRS
IBV,SSLV
IBV,SSSQ
IBV,CCGC
IBV,GLLV
IBV,IRVS
IBV,NETG
IBV,NFSD
IBV,NLTV
IBV,SLSV
IBV,SSLV
IBV,LQGG
IBV,NITL
IBV,PLQG
IBV,TNYT
IBV,DFDD
IBV,ELSK
IBV,FTSV
IBV,GCCGC
IBV,GLLV
IBV,IQTR
IBV,LQGG
IBV,NLTV
IBV,SLLL
IBV,SLSV
IBV,VVNS
IBV,CCGC
IBV,GLLV
IBV,NFSD
IBV,SLLL
IBV,SLSV
IBV,VNKQ
IBV,VNVT
IBV,VYRE
IBV,VYRES
IBV,FCTA
IBV,SGGKLVG
IBV,LTQY
IBV,NFSD
IBV,AGAI
IBV,AYGP
IBV,CCGC
IBV,GLLV
IBV,NLTV
IBV,NVTE
IBV,SLSV
IBV,SNET
IBV,SRRS
IBV,FTNVS
IBV,IQTR
IBV,LVLT
IBV,NLTV
IBV,VYRES
IBV,LTQY
IBV,NFSD
IBV,LQGG
IBV,NTTL
IBV,CCGC
IBV,DFDD
IBV,IQTR
IBV,LQGG
IBV,NLTV
IBV,PLQG
IBV,SLLL
IBV,SLSV
IBV,VVNS
IBV,LDSSG
IBV,NETS
IBV,NNFT
IBV,QSGA
IBV,FTNVS
IBV,CCGC
IBV,FTSV
IBV,IQTR
IBV,LQGG
IBV,NLTV
IBV,NTTL
IBV,PLQG
IBV,SLLL
IBV,SLSV
IBV,VNTT
IBV,LQGG
IBV,PLQG
IBV,TNYT
IBV,NYTS
IBV,SNYT
IBV,CCGC
IBV,DFDD
IBV,DVVT
IBV,ELSK
IBV,FTSV
IBV,GLLV
IBV,IQTR
IBV,LQGG
IBV,NLTV
IBV,SLLL
IBV,SLSV
IBV,VVNS
IBV,LTQY
IBV,NFSD
IBV,TNSS
IBV,VSVS
IBV,VSVS
IBV,CCGC
IBV,DFDD
IBV,DVVT
IBV,IQTR
IBV,LQGG
IBV,NLTV
IBV,NTTL
IBV,SLLL
IBV,SLLL
IBV,SLLL
IBV,SLSV
IBV,VVNS
IBV,FTNVS
IBV,IQTR
IBV,LVLT
IBV,NLTV
IBV,VYRES
IBV,CCGC
IBV,DFDD
IBV,ELSK
IBV,GLLV
IBV,GSYY
IBV,ILTS
IBV,IQTR
IBV,LQGG
IBV,NLTV
IBV,NTTL
IBV,SLLL
IBV,SLSV
IBV,VVNS
IBV,LTQY
IBV,NFSD
IBV,VSVS
IBV,CCGC
IBV,ENGT
IBV,LDSSG
IBV,LSSL
IBV,NKTV
IBV,NNFT
IBV,QSGA
IBV,VRLT
IBV,LTQY
IBV,NFSD
IBV,VSVS
IBV,GSQF
IBV,SNET
IBV,LQGG
IBV,NTTL
IBV,PLQG
IBV,LQGG
IBV,PLQG
IBV,FTNVS
IBV,FTNVS
IBV,NFSD
IBV,TNSS
IBV,VGQG
IBV,CCGC
IBV,CTAG
IBV,GLLV
IBV,IPQN
IBV,IQTR
IBV,LTQY
IBV,NFSD
IBV,NLTV
IBV,NVTE
IBV,QEVI
IBV,SLLL
IBV,SLSV
IBV,SSLV
IBV,VSVS
IBV,AGAI
IBV,CCGC
IBV,DVVT
IBV,GLLV
IBV,NFSD
IBV,NLTV
IBV,SLSV
IBV,SRRS
IBV,SSLV
IBV,SSSQ
IBV,LQGG
IBV,SFRP
IBV,NFSD
IBV,VGQG
IBV,CCGC
IBV,DFDD
IBV,DVVT
IBV,ELSK
IBV,FNLS
IBV,GLLV
IBV,IQTR
IBV,LQGG
IBV,NLTV
IBV,NTTL
IBV,SLLL
IBV,SLSV
IBV,VVNS
IBV,LQGG
IBV,PLQG
IBV,TNVS
IBV,FTNVS
IBV,CCGC
IBV,GLLV
IBV,IRVS
IBV,NETG
IBV,NFSD
IBV,NLTV
IBV,SLSV
IBV,SSLV
IBV,NFSD
IBV,SRRS
IBV,SSSQ
IBV,SVFNN
IBV,LTQY
IBV,NFSD
IBV,YSYL
IBV,CCGC
IBV,DDFN
IBV,ELSK
IBV,FNLS
IBV,FTSV
IBV,GLLV
IBV,IQTR
IBV,LQGG
IBV,NLTV
IBV,SLLL
IBV,SLSV
IBV,VVNS
IBV,CCGC
IBV,DFDD
IBV,DVVT
IBV,ELSK
IBV,FTSV
IBV,GLLV
IBV,IQTR
IBV,LQGG
IBV,NLTV
IBV,SLLL
IBV,SLSV
IBV,VVNS
IBV,GNFS
IBV,LQGG
IBV,PLQG
IBV,LVLT
IBV,NFSD
IBV,VFVT
IBV,CCGC
IBV,CTAG
IBV,DFDD
IBV,DVVT
IBV,GLLV
IBV,IQTR
IBV,LTQY
IBV,NFSD
IBV,NLTV
IBV,SLLL
IBV,SLSV
IBV,TNSS
IBV,VFSN
IBV,VSVS
IBV,LQGG
IBV,PLQG
IBV,TNYT
IBV,NFSD
IBV,NVSS
IBV,LTQY
IBV,NFSD
IBV,VSVS
IBV,CCGC
IBV,GLLV
IBV,NETG
IBV,NFSD
IBV,NLTV
IBV,SLLL
IBV,SLSV
IBV,SSLV
IBV,TENV
IBV,NYTS
IBV,SNYT
IBV,NYTS
IBV,SNYT
IBV,NETG
IBV,NFSD
IBV,LQGG
IBV,NTTL
IBV,NETG
IBV,NFSD
IBV,VSVS
IBV,CCGC
IBV,DDFN
IBV,FTSV
IBV,GLLV
IBV,LQGG
IBV,NLTV
IBV,PLQG
IBV,RSTS
IBV,SLLL
IBV,LQGG
IBV,NTTL
IBV,NETG
IBV,NFSD
IBV,NVVN
IBV,LQGG
IBV,PLQG
IBV,FNVL
IBV,NFSD
IBV,LQGG
IBV,NTTL
IBV,VYRES
IBV,AGAI
IBV,CCGC
IBV,CTAG
IBV,GLLV
IBV,NLTV
IBV,SFVY
IBV,SLLL
IBV,SLSV
IBV,VYRES
IBV,LQGG
IBV,PLQG
IBV,TNYT
IBV,CCGC
IBV,FVED
IBV,GLLV
IBV,GSPRG
IBV,IVFI
IBV,LQGG
IBV,NFSD
IBV,NLTV
IBV,PQPG
IBV,SNET
IBV,SRRS
IBV,VSVNK
IBV,NFSD
IBV,CCGC
IBV,DFDD
IBV,DVVT
IBV,ELSK
IBV,FTSV
IBV,GLLV
IBV,IQTR
IBV,KQFV
IBV,LQGG
IBV,NLTV
IBV,SLLL
IBV,SLSV
IBV,VVNS
IBV,NFSD
IBV,LTQY
IBV,NFSD
IBV,NVTN
IBV,VSVS
IBV,LTQY
IBV,NFSD
IBV,LQGG
IBV,NFSD
IBV,NTTL
IBV,LTQY
IBV,NFSD
IBV,VSVS
IBV,NESN
IBV,PLQG
IBV,VFVT
IBV,CCGC
IBV,GLLV
IBV,IRVS
IBV,NETG
IBV,NFSD
IBV,NLTV
IBV,SLSV
IBV,SSLV
IBV,LQGG
IBV,LVLT
IBV,NTTLV
IBV,LQGG
IBV,PLQG
IBV,TNYT
IBV,CCGC
IBV,FTSV
IBV,GLLV
IBV,NFSD
IBV,NLTV
IBV,SLLL
IBV,SLSV
IBV,VGQG
IBV,VQDV
IBV,CCGC
IBV,DFDD
IBV,DVVT
IBV,FTSV
IBV,GLLV
IBV,NFSD
IBV,NLTV
IBV,NSGG
IBV,SLLL
IBV,SLSV
IBV,TARD
IBV,VGQG
IBV,NFSD
IBV,VSVS
IBV,CCGC
IBV,DVVT
IBV,ELSK
IBV,FTSV
IBV,GLLV
IBV,IQTR
IBV,LQGG
IBV,NLTV
IBV,SLLL
IBV,SLSV
IBV,VVNS
IBV,LQGG
IBV,TNVS
IBV,CCGC
IBV,FTSV
IBV,GLLV
IBV,NFSD
IBV,NLTV
IBV,SLLL
IBV,SLSV
IBV,VGQG
IBV,VQDV
IBV,LDSSG
IBV,NETS
IBV,NNFT
IBV,QSGA
IBV,LQGG
IBV,NTTL
IBV,PLQG
IBV,GSQQ
IBV,TLLF
IBV,YGRF
IBV,NETG
IBV,NFSD
IBV,LQGG
IBV,RRRR
IBV,VYRES
IBV,VYRES
IBV,LTQY
IBV,NFSD
IBV,VSVS
IBV,NFSD
IBV,VSVS
IBV,FTNVS
IBV,VYRES
IBV,FTNVS
IBV,IQTR
IBV,LVLT
IBV,NLTV
IBV,AGAI
IBV,CCGC
IBV,GLLV
IBV,IQTR
IBV,NLTV
IBV,SNET
IBV,SRRS
IBV,VFVT
IBV,VYRES
IBV,LQGG
IBV,NTTL
IBV,PLQG
IBV,LQGG
IBV,PLQG
IBV,TNVS
IBV,VNTT
IBV,LQGG
IBV,PLQG
IBV,CCGC
IBV,GLLV
IBV,IRVS
IBV,NETG
IBV,NFSD
IBV,NLTV
IBV,SLSV
IBV,SSLV
IBV,LQGG
IBV,PLQG
IBV,TNVS
IBV,VYRES
IBV,NFSD
IBV,VGQG
IBV,FTNVS
IBV,LQGG
IBV,NTTL
IBV,AGAI
IBV,CCGC
IBV,CTAG
IBV,FKSG
IBV,GLLV
IBV,NLTV
IBV,SFVY
IBV,SLLL
IBV,SLSV
IBV,VYRES
IBV,LQGG
IBV,NTTL
IBV,CCGC
IBV,FYNN
IBV,GLLV
IBV,KLTS
IBV,NGLV
IBV,NKTV
IBV,NYYR
IBV,QQVQ
IBV,VGKL
IBV,VLNI
IBV,VVLN
IBV,LDSSG
IBV,HCNF
IBV,LQGG
IBV,NFSD
IBV,PPTG
IBV,FTNVS
IBV,GNFS
IBV,LQGG
IBV,PLQG
IBV,NFSD
IBV,VGQG
IBV,CCGC
IBV,GLLV
IBV,IRVS
IBV,NETG
IBV,NFSD
IBV,NLTV
IBV,SLSV
IBV,SSLV
IBV,TNVS
IBV,LQGG
IBV,PLQG
IBV,TNVS
IBV,PLQG
IBV,QSVF
IBV,VFVT
IBV,LTQY
IBV,NFSD
IBV,VSVS
IBV,LQGG
IBV,NTTL
IBV,PLQG
IBV,SAAS
IBV,VYRES
IBV,NFTF
IBV,NYTS
IBV,SNYT
IBV,YVNF
IBV,CCGC
IBV,GLLV
IBV,NETG
IBV,NFSD
IBV,NLTV
IBV,SLLL
IBV,SLSV
IBV,SSLV
IBV,TENV
IBV,NETG
IBV,NFSD
IBV,CCGC
IBV,DFDD
IBV,ELSK
IBV,GLLV
IBV,IQTR
IBV,KQFV
IBV,LQGG
IBV,NLTV
IBV,NYNN
IBV,SLLL
IBV,SLLL
IBV,SLLL
IBV,SLSV
IBV,VVNS
IBV,FTNVS
IBV,IQTR
IBV,LVLT
IBV,NLTV
IBV,CCGC
IBV,DFDD
IBV,FTSV
IBV,GLLV
IBV,GSYY
IBV,LQGG
IBV,NLTV
IBV,PLQG
IBV,RSTS
IBV,SLLL
IBV,SLSV
IBV,TNYT
IBV,VQDV
IBV,LQGG
IBV,NTTL
IBV,PLQG
IBV,FTNVS
IBV,LDSSG
IBV,CCGC
IBV,DFDD
IBV,FTSV
IBV,GLLV
IBV,IQTR
IBV,LQGG
IBV,NLTV
IBV,PLQG
IBV,SLSV
IBV,VNGT
IBV,VVNS
IBV,CCGC
IBV,GLLV
IBV,IRVS
IBV,NETG
IBV,NFSD
IBV,NLTV
IBV,SLLL
IBV,SLSV
IBV,SSLV
IBV,TENV
IBV,LQGG
IBV,PLQG
IBV,TNVS
IBV,CCGC
IBV,DVVT
IBV,IQTR
IBV,LQGG
IBV,NITL
IBV,NLTV
IBV,PLQG
IBV,SLLL
IBV,SLSV
IBV,VVNS
IBV,AYGP
IBV,NFSD
IBV,VGQG
IBV,AVVN
IBV,CCGC
IBV,CTAG
IBV,GLLV
IBV,QGFI
IBV,SLLL
IBV,SLSV
IBV,SNVS
IBV,SYNY
IBV,VLIP
IBV,VSVNK
IBV,FKAG
IBV,LQGG
IBV,LVLT
IBV,NTTLV
IBV,NFSD
IBV,VGQG
IBV,LQGG
IBV,NFSD
IBV,VGVL
IBV,LQGG
IBV,PLQG
IBV,VSVS
IBV,LTQY
IBV,NFSD
IBV,VSVS
IBV,LQGG
IBV,NTTL
IBV,LQGG
IBV,PLQG
IBV,TNYT
IBV,CCGC
IBV,CTAG
IBV,DFDD
IBV,FTNVS
IBV,GLLV
IBV,IQTR
IBV,IVTL
IBV,LVLT
IBV,NDTK
IBV,NLTV
IBV,NVTA
IBV,SLSV
IBV,NFSD
IBV,VSVS
IBV,NYTS
IBV,SNYT
IBV,CCGC
IBV,GLLV
IBV,NETG
IBV,NFSD
IBV,NLTV
IBV,SLLL
IBV,SLSV
IBV,SSLV
IBV,TENV
IBV,LQGG
IBV,NTTL
IBV,PLQG
IBV,LQGG
IBV,PLQG
IBV,TNVS
IBV,CCGC
IBV,DFDD
IBV,ELSK
IBV,GLLV
IBV,GSYY
IBV,ILTS
IBV,IQTR
IBV,LQGG
IBV,NLTV
IBV,NTTL
IBV,SLLL
IBV,SLSV
IBV,VVNS
IBV,LQGG
IBV,NTTL
IBV,FTNVS
IBV,CCGC
IBV,GLLV
IBV,IRVS
IBV,NETG
IBV,NFSD
IBV,NLTV
IBV,SLSV
IBV,SSLV
IBV,FTNVS
IBV,CCGC
IBV,GLLV
IBV,IRVS
IBV,NETG
IBV,NFSD
IBV,NLTV
IBV,SLSV
IBV,SSLV
IBV,CCGC
IBV,GLLV
IBV,NETG
IBV,NFSD
IBV,NLTV
IBV,SLLL
IBV,SLSV
IBV,SSLV
IBV,TENV
IBV,VYRES
IBV,LQGG
IBV,PLQG
IBV,TNYT
IBV,GSAA
IBV,LQGG
IBV,PLQG
IBV,FTNVS
IBV,IQTR
IBV,LVLT
IBV,NLTV
IBV,NFSD
IBV,VGQG
IBV,LQGG
IBV,LVLT
IBV,NFSD
IBV,VGQG
IBV,CCGC
IBV,DFDD
IBV,GLLV
IBV,LQGG
IBV,SAAS
IBV,SLLL
IBV,SLSV
IBV,TNYT
IBV,VNKQ
IBV,VVNS
IBV,VYRE
IBV,YTSN
IBV,VSVS
IBV,AGAI
IBV,CCGC
IBV,CTAG
IBV,FTSV
IBV,GAIS
IBV,GLLV
IBV,NETK
IBV,NLTV
IBV,NVTE
IBV,PPIIT
IBV,SAAS
IBV,SLLL
IBV,SLSV
IBV,SRRS
IBV,SSLV
IBV,VFVT
IBV,VNGT
IBV,VNVT
IBV,LQGG
IBV,NTTL
IBV,LQGG
IBV,NTTL
IBV,LQGG
IBV,PLQG
IBV,SFRP
IBV,CCGC
IBV,DDFN
IBV,ELSK
IBV,FTSV
IBV,GLLV
IBV,LLNF
IBV,LQGG
IBV,NLTV
IBV,PLQG
IBV,QSEY
IBV,RSTS
IBV,SLLL
IBV,VQDV
IBV,LTQY
IBV,NFSD
IBV,FTNVS
IBV,LQGG
IBV,NTTL
IBV,LQGG
IBV,PLQG
IBV,TNVS
IBV,GNFS
IBV,LQGG
IBV,PLQG
IBV,NFSD
IBV,CCGC
IBV,DFDD
IBV,GSEQ
IBV,IQTR
IBV,KQFV
IBV,LQGG
IBV,NLTV
IBV,PLQG
IBV,SLLL
IBV,VNKQ
IBV,VVNS
IBV,LQGG
IBV,PLQG
IBV,LQGG
IBV,NTTL
IBV,PLQG
IBV,VNTT
IBV,CCGC
IBV,DFDD
IBV,FTSV
IBV,IQTR
IBV,LQGG
IBV,NLTV
IBV,NTTL
IBV,NVTA
IBV,PLQG
IBV,SLLL
IBV,SLSV
IBV,VVNS
IBV,FVVS
IBV,LTQY
IBV,NFSD
IBV,LQGG
IBV,NTTL
IBV,PLQG
IBV,LQGG
IBV,PLQG
IBV,CCGC
IBV,DFDD
IBV,FTSV
IBV,GLLV
IBV,IQTR
IBV,LQGG
IBV,NLTV
IBV,PLQG
IBV,QDVV
IBV,SLSV
IBV,VNGT
IBV,VVNS
IBV,LQGG
IBV,PLQG
IBV,LQGG
IBV,PLQG
IBV,NFSD
IBV,VGQG
IBV,CCGC
IBV,GLLV
IBV,IRVS
IBV,NETG
IBV,NFSD
IBV,NLTV
IBV,SLSV
IBV,SSLV
IBV,NETG
IBV,NFSD
IBV,NLTS
IBV,QGGC
IBV,CCGC
IBV,DFDD
IBV,ELSK
IBV,GLLV
IBV,GSYY
IBV,ILTS
IBV,IQTR
IBV,LQGG
IBV,NLTV
IBV,NTTL
IBV,SLLL
IBV,SLSV
IBV,VVNS
IBV,AGAI
IBV,CCGC
IBV,CTAG
IBV,GLLV
IBV,NLTV
IBV,SFVY
IBV,SLLL
IBV,SLSV
IBV,CCGC
IBV,LQGG
IBV,SASS
IBV,VGVL
IBV,CCGC
IBV,DFDD
IBV,ELSK
IBV,GLLV
IBV,IQTR
IBV,LQGG
IBV,NLTV
IBV,SLLL
IBV,SLSV
IBV,VVNS
IBV,CCGC
IBV,FTSV
IBV,GLLV
IBV,GSGR
IBV,NFSD
IBV,NLTV
IBV,SLLL
IBV,SLSV
IBV,VGQG
IBV,VNGT
IBV,CCGC
IBV,DVVT
IBV,GLLV
IBV,SLSV
IBV,SRRS
IBV,SSLV
IBV,SSSQ
IBV,NYTS
IBV,SNYT
IBV,LQGG
IBV,PLQG
IBV,LTQY
IBV,NFSD
IBV,VSVS
IBV,CCGC
IBV,GLLV
IBV,IQTR
IBV,LTQY
IBV,NFSD
IBV,NLTV
IBV,NVTE
IBV,QEVI
IBV,SLLL
IBV,SLSV
IBV,SSLV
IBV,LTQY
IBV,NFSD
IBV,VSVS
IBV,VSVS
IBV,LQGG
IBV,NTTL
IBV,PLQG
IBV,LTQY
IBV,NFSD
IBV,VSVS
IBV,NYTS
IBV,SNYT
IBV,LQGG
IBV,NFSD
IBV,LTQY
IBV,NFSD
IBV,VSVS
IBV,ALKG
IBV,CCGC
IBV,IPQY
IBV,KVVTL
IBV,LNFT
IBV,LNKV
IBV,LRCR
IBV,NFTGF
IBV,NNGL
IBV,TIPQ
IBV,YTCV
IBV,VYRES
IBV,CCGC
IBV,DFDD
IBV,ELSK
IBV,FTSV
IBV,GLLV
IBV,IQTR
IBV,LQGG
IBV,NLTV
IBV,RSTS
IBV,SLLL
IBV,SLSV
IBV,TDSA
IBV,VVNS
IBV,LQGG
IBV,PLQG
IBV,CCGC
IBV,GLLV
IBV,NFSD
IBV,NLTV
IBV,QEVI
IBV,SLSV
IBV,VGQG
IBV,NFSD
IBV,NETG
IBV,NFSD
IBV,GNFS
IBV,LQGG
IBV,NFSD
IBV,LQGG
IBV,NTTL
IBV,FSVA
IBV,LQGG
IBV,NETG
IBV,NFSD
IBV,LQGG
IBV,NTTL
IBV,PLQG
IBV,LVLT
IBV,NFSD
IBV,VFVT
IBV,CCGC
IBV,GLLV
IBV,IRVS
IBV,NETG
IBV,NFSD
IBV,NLTV
IBV,SLSV
IBV,SSLV
IBV,LTQY
IBV,NFSD
IBV,VSVS
IBV,GNFS
IBV,LQGG
IBV,PLQG
IBV,LQGG
IBV,PLQG
IBV,TNYT
IBV,LQGG
IBV,LVLT
IBV,NTTLV
IBV,CCGC
IBV,DFDD
IBV,FTSV
IBV,IQTR
IBV,LQGG
IBV,NLTV
IBV,NTTL
IBV,NVTA
IBV,PLQG
IBV,SLLL
IBV,SLSV
IBV,VVNS
IBV,VSVS
IBV,NFSD
IBV,VGQG
IBV,FTNVS
IBV,LQGG
IBV,NTTL
IBV,NYNN
IBV,PLQG
IBV,LQGG
IBV,LSVS
IBV,VGVL
IBV,LQGG
IBV,NTTL
IBV,NFSD
IBV,VGQG
IBV,LQGG
IBV,NFTF
IBV,LTQY
IBV,NFSD
IBV,VYRES
IBV,CCGC
IBV,DFDD
IBV,DVVT
IBV,FTSV
IBV,GLLV
IBV,NFSD
IBV,QPNS
IBV,RSTS
IBV,SLLL
IBV,SLSV
IBV,VVTL
IBV,LQGG
IBV,NYNN
IBV,PLQG
IBV,CCGC
IBV,CTAG
IBV,DFDD
IBV,GLLV
IBV,ILTS
IBV,IPQN
IBV,IQTR
IBV,LTQY
IBV,NFSD
IBV,NLTV
IBV,SLLL
IBV,SLSV
IBV,TNSS
IBV,VFSN
IBV,VSVS
IBV,AGAI
IBV,CCGC
IBV,GLLV
IBV,NLTV
IBV,SFVY
IBV,SLLL
IBV,SLSV
IBV,VKSL
IBV,VYRES
IBV,VYRES
IBV,CCGC
IBV,DFDD
IBV,ELSK
IBV,FTSV
IBV,GLLV
IBV,IQTR
IBV,LQGG
IBV,NLTV
IBV,SLLL
IBV,SLSV
IBV,VVNS
IBV,CCGC
IBV,DFDD
IBV,FTSV
IBV,GLLV
IBV,LQGG
IBV,NFSD
IBV,NLTV
IBV,SLLL
IBV,SLSV
IBV,VGQG
IBV,CCGC
IBV,GLLV
IBV,IRVS
IBV,NETG
IBV,NFSD
IBV,NLTV
IBV,SLSV
IBV,SSLV
IBV,CCGC
IBV,GLLV
IBV,IRVS
IBV,NETG
IBV,NFSD
IBV,NLTV
IBV,SLLL
IBV,SLSV
IBV,SSLV
IBV,TENV
IBV,LQGG
IBV,PLQG
IBV,FTNVS
IBV,FTNVS
IBV,GNFS
IBV,LQGG
IBV,LQGG
IBV,PLQG
IBV,TNVS
IBV,AGAI
IBV,CCGC
IBV,CTAG
IBV,LDSSG
IBV,LNVT
IBV,NETS
IBV,NKTV
IBV,NNFT
IBV,NVTA
IBV,QSGA
IBV,VTHC
IBV,CCGC
IBV,DFDD
IBV,ELSK
IBV,FTSV
IBV,GLLV
IBV,IQTR
IBV,LQGG
IBV,NLTV
IBV,SLLL
IBV,SLSV
IBV,SVGQ
IBV,VVNS
IBV,LQGG
IBV,PLQG
IBV,LQGG
IBV,PLQG
IBV,LTQY
IBV,NFSD
IBV,TNSS
IBV,VSVS
IBV,LQGG
IBV,NITL
IBV,PLQG
IBV,TNYT
IBV,LQGG
IBV,NTTL
IBV,LDSSG
IBV,NETS
IBV,NNFT
IBV,QSGA
IBV,FTNVS
IBV,FTNVS
IBV,LTQY
IBV,NFSD
IBV,VSVS
IBV,CCGC
IBV,DFDD
IBV,IQTR
IBV,LQGG
IBV,NLTV
IBV,PLQG
IBV,SLLL
IBV,SLSV
IBV,VVNS
IBV,FTNVS
IBV,NVTDS
IBV,LQGG
IBV,PLQG
IBV,TNVS
IBV,CCGC
IBV,DFDD
IBV,FTSV
IBV,IQTR
IBV,LQGG
IBV,NLTV
IBV,NTTL
IBV,SLLL
IBV,SLSV
IBV,VNKQ
IBV,FTNVS
IBV,IQTR
IBV,LVLT
IBV,NLTV
IBV,NFTA
IBV,LQGG
IBV,TNYT
IBV,NSSL
IBV,VFVT
IBV,LQGG
IBV,NTTL
IBV,NETG
IBV,NFSD
IBV,NFSD
IBV,YYKV
IBV,LQGG
IBV,PLQG
IBV,TNVS
IBV,AFRP
IBV,ANYV
IBV,CCGC
IBV,DDFN
IBV,FTSV
IBV,FVED
IBV,GLLV
IBV,IQTR
IBV,LQGG
IBV,NLTV
IBV,PLQG
IBV,SLSV
IBV,VNGT
IBV,VVNS
IBV,LTQY
IBV,NFSD
IBV,VSVS
IBV,NFSD
IBV,VGQG
IBV,NETG
IBV,NFSD
IBV,CCGC
IBV,DFDD
IBV,IQTR
IBV,KQFV
IBV,LQGG
IBV,NLTV
IBV,PLQG
IBV,SLLL
IBV,SLSV
IBV,VNKQ
IBV,VVNS
IBV,AGAI
IBV,ASFN
IBV,CCGC
IBV,FNLS
IBV,FSSN
IBV,GLLV
IBV,LSNF
IBV,NLTV
IBV,SLLL
IBV,SLSV
IBV,SLSV
IBV,SLSV
IBV,SNET
IBV,VNGT
IBV,CCGC
IBV,DFDD
IBV,ELSK
IBV,FTSV
IBV,GLLV
IBV,IQTR
IBV,LQGG
IBV,NLTV
IBV,QDVI
IBV,SLLL
IBV,SLSV
IBV,VVNS
IBV,LQGG
IBV,SFRP
IBV,CCGC
IBV,CTAG
IBV,DFDD
IBV,GLLV
IBV,IPQN
IBV,IQTR
IBV,IVTL
IBV,LVLT
IBV,NDTK
IBV,NLTV
IBV,SLSV
IBV,VNGT
IBV,YGRF
IBV,NFSD
IBV,TATE
IBV,CCGC
IBV,DFDD
IBV,DVVT
IBV,IQTR
IBV,KQFV
IBV,LQGG
IBV,NLTV
IBV,PLQG
IBV,SLLL
IBV,SLSV
IBV,VNKQ
IBV,VVNS
IBV,LVLT
IBV,NFSD
IBV,VFVT
IBV,VYRES
IBV,LQGG
IBV,NTTL
IBV,NYTS
IBV,SNYT
IBV,LQGG
IBV,SAAS
IBV,DFDD
IBV,ELSK
IBV,GFCG
IBV,GLLV
IBV,ILTS
IBV,IQTR
IBV,LINL
IBV,LQGG
IBV,NLTV
IBV,SLLL
IBV,SLSV
IBV,VVNS
IBV,LQGG
IBV,PLQG
IBV,CCGC
IBV,DFDD
IBV,FNLS
IBV,GLLV
IBV,IQTR
IBV,NFSD
IBV,NLTV
IBV,SLLL
IBV,SLSV
IBV,TNSS
IBV,VVNS
IBV,CCGC
IBV,GLLV
IBV,IRVS
IBV,NETG
IBV,NFSD
IBV,NLTV
IBV,SLSV
IBV,SSLV
IBV,VYRES
IBV,CCGC
IBV,DFDD
IBV,ELSK
IBV,GLLV
IBV,IQTR
IBV,LQGG
IBV,NLTV
IBV,QYGP
IBV,SLLL
IBV,SLSV
IBV,VVNS
IBV,LQGG
IBV,PLQG
IBV,VSVS
IBV,LQGG
IBV,PLQG
IBV,TNVS
IBV,VNTT
IBV,AGAI
IBV,APVL
IBV,CCGC
IBV,GLLV
IBV,NLTV
IBV,PSTG
IBV,RSTS
IBV,SLLL
IBV,TSEF
IBV,VNTT
IBV,NFSD
IBV,TNSS
IBV,VGQG
IBV,NFSD
IBV,VGQG
IBV,LTQY
IBV,NFSD
IBV,CCGC
IBV,GLLV
IBV,IRVS
IBV,NETG
IBV,NFSD
IBV,NLTV
IBV,SLLL
IBV,SLSV
IBV,SSLV
IBV,TENV
IBV,CCGC
IBV,DDFN
IBV,FTSV
IBV,GLLV
IBV,LQGG
IBV,NLTV
IBV,PLQG
IBV,RSTS
IBV,SLLL
IBV,CCGC
IBV,CTAG
IBV,ELSK
IBV,FVED
IBV,GLLV
IBV,HCNF
IBV,IPQN
IBV,LQGG
IBV,NFSD
IBV,NLTV
IBV,PPTG
IBV,SAAAI
IBV,VNGT
IBV,VVNS
IBV,NFTF
IBV,SNYT
IBV,CCGC
IBV,CTAG
IBV,ESFV
IBV,FKSG
IBV,GLLV
IBV,NLTV
IBV,SFVY
IBV,SLSV
IBV,VNGT
IBV,AGAI
IBV,CCGC
IBV,CTAG
IBV,GLLV
IBV,NLTV
IBV,SFVY
IBV,SLLL
IBV,SLSV
IBV,VYRES
IBV,LQGG
IBV,NTTL
IBV,LQGG
IBV,TNVS
IBV,LQGG
IBV,PLQG
IBV,TNVS
IBV,VYRES
IBV,GGLV
IBV,NYTS
IBV,SNYT
IBV,SNYT
IBV,SNYT
IBV,CCGC
IBV,DFDD
IBV,IQTR
IBV,KQFV
IBV,LQGG
IBV,NLTV
IBV,PLQG
IBV,SAAS
IBV,SLLL
IBV,SLSV
IBV,VNKQ
IBV,VVNS
IBV,GNFS
IBV,LQGG
IBV,PLQG
IBV,CCGC
IBV,CTAG
IBV,FTSV
IBV,GLLV
IBV,IQTR
IBV,LTQY
IBV,NFSD
IBV,NLTV
IBV,NVTE
IBV,QEVI
IBV,SLLL
IBV,SLSV
IBV,SSLV
IBV,SSVL
IBV,TAQE
IBV,VSVS
IBV,CCGC
IBV,DFDD
IBV,ELSK
IBV,GLLV
IBV,IQTR
IBV,LQGG
IBV,NLTV
IBV,SLLL
IBV,SLSV
IBV,VVNS
IBV,FKAG
IBV,NFSD
IBV,YYKV
IBV,LQGG
IBV,NTTL
IBV,PLQG
IBV,NNFT
IBV,NTTL
IBV,LTQY
IBV,NFSD
IBV,VSVS
IBV,LTQY
IBV,NFSD
IBV,LQGG
IBV,NTTL
IBV,CCGC
IBV,DFDD
IBV,FTSV
IBV,GLLV
IBV,IQTR
IBV,LQGG
IBV,NLTV
IBV,PLQG
IBV,SLSV
IBV,VNGT
IBV,VVNS
IBV,FTNVS
IBV,CCGC
IBV,DFDD
IBV,ELSK
IBV,GLLV
IBV,IQTR
IBV,LQGG
IBV,SLLL
IBV,SLSV
IBV,VVNS
IBV,CCGC
IBV,DFDD
IBV,ELSK
IBV,FNYT
IBV,FTSV
IBV,IQTR
IBV,KSGG
IBV,LQGG
IBV,NLTV
IBV,RSTS
IBV,SLLL
IBV,SLSV
IBV,VQDV
IBV,VVNS
IBV,NFSD
IBV,VGQG
IBV,CCGC
IBV,DFDD
IBV,ELSK
IBV,FTSV
IBV,GLLV
IBV,IQTR
IBV,LQGG
IBV,NLTV
IBV,SLLL
IBV,SLSV
IBV,VVNS
IBV,NFSD
IBV,VSTF
IBV,CCGC
IBV,FTSV
IBV,GLLV
IBV,NFSD
IBV,NLTV
IBV,SLLL
IBV,SLSV
IBV,VGQG
IBV,VQDV
IBV,NFSD
IBV,NVTE
IBV,NVTN
IBV,SVFN
IBV,NESN
IBV,PLQG
IBV,VFVT
IBV,LDSSG
IBV,NETS
IBV,NNFT
IBV,QSGA
IBV,LTQY
IBV,NFSD
IBV,VSVS
IBV,LQGG
IBV,PLQG
IBV,FTNVS
IBV,CCGC
IBV,GLLV
IBV,IRVS
IBV,NETG
IBV,NFSD
IBV,NLTV
IBV,SLLL
IBV,SLSV
IBV,SSLV
IBV,FNLT
IBV,KQFV
IBV,LQGG
IBV,NFSD
IBV,NLTV
IBV,VGVL
IBV,CCGC
IBV,DFDD
IBV,DVVT
IBV,FTSV
IBV,GLLV
IBV,NFSD
IBV,NLTV
IBV,SLLL
IBV,SLSV
IBV,TNSS
IBV,VGQG
IBV,CCGC
IBV,DDFN
IBV,DVIL
IBV,FNYT
IBV,FTSV
IBV,GLLV
IBV,LADA
IBV,LLNF
IBV,LQGG
IBV,NFSD
IBV,NLTV
IBV,SLLL
IBV,VQDV
IBV,AGAI
IBV,CCGC
IBV,CTAG
IBV,FTSV
IBV,GAIS
IBV,GLLV
IBV,NETK
IBV,NLTV
IBV,NVTE
IBV,PPIIT
IBV,SAAS
IBV,SLLL
IBV,SLSV
IBV,SRRS
IBV,SSLV
IBV,VFVT
IBV,VNGT
IBV,VNVT
IBV,LTQY
IBV,NFSD
IBV,VSVS
IBV,CCGC
IBV,DFDD
IBV,FTSV
IBV,GLLV
IBV,NFSD
IBV,NLTV
IBV,SLLL
IBV,SLSV
IBV,VGQG
IBV,LQGG
IBV,PLQG
IBV,FTNVS
IBV,CCGC
IBV,DFDD
IBV,IQTR
IBV,LQGG
IBV,NLTV
IBV,PLQG
IBV,SLLL
IBV,SLSV
IBV,VVNS
IBV,NYTS
IBV,SNYT
IBV,CCGC
IBV,FSNVS
IBV,GLLV
IBV,ILSV
IBV,IQTR
IBV,IRVS
IBV,IVTL
IBV,LVLT
IBV,NFSD
IBV,NLTV
IBV,SLSV
IBV,TGRS
IBV,VFVT
IBV,CCGC
IBV,GLLV
IBV,LDTS
IBV,NETG
IBV,NFSD
IBV,NLTV
IBV,SLLL
IBV,SLSV
IBV,SSLV
IBV,NFSD
IBV,VGQG
IBV,LQGG
IBV,PLQG
IBV,NETG
IBV,NFSD
IBV,LTQY
IBV,NFSD
IBV,VSVS
IBV,LTQY
IBV,NFSD
IBV,TNSS
IBV,VSVS
IBV,NFTF
IBV,LQGG
IBV,NTTL
IBV,LQGG
IBV,NTTL
IBV,LTQY
IBV,NFSD
IBV,TNSS
IBV,VSVS
IBV,VYRES
IBV,CCGC
IBV,FNYT
IBV,FTSV
IBV,GLLV
IBV,IQTR
IBV,NLTV
IBV,NVTE
IBV,SLLL
IBV,SLSV
IBV,TNVS
IBV,VFSN
IBV,VQDV
IBV,VVNS
IBV,PSNG
IBV,LQGG
IBV,NTTL
IBV,QGGV
IBV,SNYT
IBV,LQGG
IBV,NFSD
IBV,VGVL
IBV,NYTS
IBV,SNYT
IBV,NETS
IBV,NYTS
IBV,SNYT
IBV,NFSD
IBV,VGQG
IBV,CCGC
IBV,DDFN
IBV,FTSV
IBV,GLLV
IBV,LQGG
IBV,NITL
IBV,NLTV
IBV,RSTS
IBV,VNGT
IBV,VQDV
IBV,CCGC
IBV,DFDD
IBV,IQTR
IBV,KQFV
IBV,LQGG
IBV,NLTV
IBV,PLQG
IBV,SLLL
IBV,SLSV
IBV,VNKQ
IBV,VVNS
IBV,CCGC
IBV,DFDD
IBV,FNYT
IBV,FTSV
IBV,GLLV
IBV,IQTR
IBV,NFSD
IBV,NLTV
IBV,NVTE
IBV,SAIL
IBV,SLLL
IBV,SLSV
IBV,TNVS
IBV,VGVL
IBV,VQDV
IBV,VVNS
IBV,LQGG
IBV,NTTL
IBV,PLQG
IBV,LQGG
IBV,PLQG
IBV,SNYT
IBV,LTQY
IBV,NFSD
IBV,TNSS
IBV,VSVS
IBV,KLTN
IBV,LTQY
IBV,NFSD
IBV,LQGG
IBV,NTTL
IBV,PLQG
IBV,KSQF
IBV,LQGG
IBV,NTTL
IBV,NFSD
IBV,NYLA
IBV,VSTF
IBV,LQGG
IBV,NTTL
IBV,LQGG
IBV,PLQG
IBV,TNVS
IBV,AGAI
IBV,CCGC
IBV,FSNVS
IBV,GAIS
IBV,GLLVL
IBV,IQTR
IBV,LVLT
IBV,NFSD
IBV,NLTV
IBV,SLLL
IBV,TGRS
IBV,DYGS
IBV,NITL
IBV,SIVG
IBV,SVST
IBV,CCGC
IBV,GLLV
IBV,IRVS
IBV,NETG
IBV,NFSD
IBV,NLTV
IBV,QGGC
IBV,SLSV
IBV,SSLV
IBV,CCGC
IBV,GLLV
IBV,IRVS
IBV,NETG
IBV,NFSD
IBV,NLTV
IBV,SLSV
IBV,SSLV
IBV,VYRES
IBV,LQGG
IBV,NNFT
IBV,LQGG
IBV,PLQG
IBV,NFSD
IBV,VGQG
IBV,FTNVS
IBV,CCGC
IBV,CTAG
IBV,DFDD
IBV,GLLV
IBV,LQGG
IBV,NDTY
IBV,NLTV
IBV,QSGY
IBV,SAAT
IBV,SRRS
IBV,VITT
IBV,LQGG
IBV,PLQG
IBV,TNVS
IBV,NETG
IBV,NFSD
IBV,SAAS
IBV,SRRS
IBV,VFVT
IBV,LQGG
IBV,PLQG
IBV,LQGG
IBV,NFSD
IBV,SGGK
IBV,LQGG
IBV,PLQG
IBV,TNVS
IBV,LVLT
IBV,NFSD
IBV,VFVT
IBV,CCGC
IBV,DFDD
IBV,ELSK
IBV,GLLV
IBV,IQTR
IBV,LQGG
IBV,NLTV
IBV,SLLL
IBV,SLSV
IBV,VVNS
IBV,LTQY
IBV,NFSD
IBV,VSVS
IBV,LDSSG
IBV,CCGC
IBV,DFDD
IBV,ELSK
IBV,FTSV
IBV,GLLV
IBV,IQTR
IBV,LQGG
IBV,NLTV
IBV,SLLL
IBV,SLSV
IBV,VVNS
IBV,DYGS
IBV,NITL
IBV,SIVG
IBV,SLSV
IBV,SLTY
IBV,SVLS
IBV,SVST
IBV,CCGC
IBV,DFDD
IBV,ELSK
IBV,GLLV
IBV,IQTR
IBV,LQGG
IBV,NLTV
IBV,NTTL
IBV,SLLL
IBV,SLSV
IBV,VVNS
IBV,NETG
IBV,NFSD
IBV,LQGG
IBV,SFRP
IBV,FTNVS
IBV,IQTR
IBV,LVLT
IBV,NLTV
IBV,VYRES
IBV,LTQY
IBV,NFSD
IBV,LTQY
IBV,NFSD
IBV,ILDQ
IBV,NNFT
IBV,QSGA
IBV,GGLV
IBV,NFTF
IBV,NYTS
IBV,SNYT
IBV,FNSL
IBV,LQGG
IBV,LTVS
IBV,NFSD
IBV,VGVL
IBV,CCGC
IBV,DFDD
IBV,IQTR
IBV,LQGG
IBV,NLTV
IBV,PLQG
IBV,SLLL
IBV,SLSV
IBV,VVNS
IBV,FTNVS
IBV,LVLT
IBV,VEYN
IBV,LQGG
IBV,LVLT
IBV,NTTLV
IBV,CCGC
IBV,ELSK
IBV,GLLV
IBV,IQTR
IBV,LQGG
IBV,NLTV
IBV,SLLL
IBV,SLSV
IBV,VVNS
IBV,CCGC
IBV,GLLV
IBV,GSLF
IBV,IQTR
IBV,LTQY
IBV,NLTV
IBV,NVTE
IBV,QEVI
IBV,SLLL
IBV,SLSV
IBV,SSLV
IBV,LQGG
IBV,NTTL
IBV,PLQG
IBV,FTNVS
IBV,VYRES
IBV,NFSD
IBV,LQGG
IBV,PLQG
IBV,SNYT
IBV,FVVSG
IBV,LTQY
IBV,NFSD
IBV,TAQD
IBV,VGQG
IBV,NYTS
IBV,SNYT
IBV,NETG
IBV,NFSD
IBV,LQGG
IBV,LVFT
IBV,NTTL
IBV,CCGC
IBV,DFDD
IBV,FTSV
IBV,GLLV
IBV,IQTY
IBV,NFSD
IBV,NLTV
IBV,NVTA
IBV,SLLL
IBV,SLSV
IBV,TGRL
IBV,TNSS
IBV,VVNS
IBV,LQGG
IBV,TNYT
IBV,CCGC
IBV,DFDD
IBV,FTSV
IBV,GLLV
IBV,IQTR
IBV,LTQY
IBV,NLTV
IBV,RSTS
IBV,SFVN
IBV,SLLL
IBV,SLSV
IBV,VFSN
IBV,VLAS
IBV,VQDV
IBV,LQGG
IBV,PLQG
IBV,CCGC
IBV,GLLV
IBV,NFSD
IBV,SLLL
IBV,SLSV
IBV,VNKQ
IBV,VNVT
IBV,VYRE
IBV,LQGG
IBV,NTTL
IBV,NESN
IBV,PLQG
IBV,VFVT
IBV,CCGC
IBV,DFDD
IBV,ELSK
IBV,GLLV
IBV,IQTR
IBV,LQGG
IBV,NITL
IBV,NLTV
IBV,SLLL
IBV,SLSV
IBV,VVNS
IBV,CCGC
IBV,GLLV
IBV,IRVS
IBV,NETG
IBV,NFSD
IBV,NLTV
IBV,SLSV
IBV,SSLV
IBV,CCGC
IBV,GLLV
IBV,IRVS
IBV,NETG
IBV,NFSD
IBV,NLTV
IBV,SLSV
IBV,SSLV
IBV,CCGC
IBV,CTAG
IBV,GLLV
IBV,IPQN
IBV,IQTR
IBV,LTQY
IBV,NFSD
IBV,NLTV
IBV,NVTE
IBV,QEVI
IBV,SLLL
IBV,SLSV
IBV,SSLV
IBV,VSVS
IBV,LQGG
IBV,NTTL
IBV,CCGC
IBV,DVVT
IBV,GLLV
IBV,NLTV
IBV,SLSV
IBV,SRRS
IBV,SSLV
IBV,SSSQ
IBV,AGAI
IBV,CCGC
IBV,GITA
IBV,GLLV
IBV,NLTV
IBV,SLLL
IBV,SLSV
IBV,TNGT
IBV,VGFC
IBV,VYSG
IBV,LQGG
IBV,NSTN
IBV,CCGC
IBV,FTSV
IBV,IQTR
IBV,LQGG
IBV,NLTV
IBV,NTTL
IBV,PLQG
IBV,SLLL
IBV,SLSV
IBV,VNTT
IBV,CCGC
IBV,DFDD
IBV,ELSK
IBV,FTSV
IBV,GLLV
IBV,IQTR
IBV,LQGG
IBV,NLTV
IBV,SLLL
IBV,SLSV
IBV,VVNS
IBV,FNVL
IBV,LQGG
IBV,PLQG
IBV,NETG
IBV,NFSD
IBV,LQGG
IBV,NTTL
IBV,FTNVS
IBV,CCGC
IBV,DFDD
IBV,ELSK
IBV,FTSV
IBV,GITA
IBV,GLLV
IBV,IQTR
IBV,LQGG
IBV,NLTV
IBV,NNFT
IBV,SLLL
IBV,SLSV
IBV,VVNS
IBV,HCNF
IBV,KLTN
IBV,NFSD
IBV,LTQY
IBV,NFSD
IBV,VSVS
IBV,CCGC
IBV,GLLV
IBV,NETG
IBV,NFSD
IBV,NLTV
IBV,SLLL
IBV,SLSV
IBV,SSLV
IBV,TENV
IBV,FKSG
IBV,LTQH
IBV,NFTA
IBV,LQGG
IBV,PLQG
IBV,LQGG
IBV,NTTL
IBV,CCGC
IBV,DFDD
IBV,DVVT
IBV,ELSK
IBV,FTSV
IBV,GLLV
IBV,IQTR
IBV,LQGG
IBV,NLTV
IBV,SLLL
IBV,SLSV
IBV,VVNS
IBV,LQGG
IBV,NTTL
IBV,YYQSA
IBV,CCGC
IBV,DFDD
IBV,ELSK
IBV,FTSV
IBV,GLLV
IBV,ILTS
IBV,IQTR
IBV,NLTV
IBV,SLLL
IBV,SLSV
IBV,VVNS
IBV,LQGG
IBV,PLQG
IBV,TNVS
IBV,CCGC
IBV,DFDD
IBV,GLLV
IBV,LQGG
IBV,SAAS
IBV,SLLL
IBV,SLSV
IBV,TNYT
IBV,VVNS
IBV,VYRE
IBV,YTSN
IBV,KSGG
IBV,NETG
IBV,NFSD
IBV,NFSD
IBV,VGQG
IBV,VYRES
IBV,AGAI
IBV,CCGC
IBV,CTAG
IBV,ENGT
IBV,LDSSG
IBV,LSSL
IBV,NETS
IBV,NKTV
IBV,NNFT
IBV,QSGA
IBV,VRLT
IBV,LQGG
IBV,NFSD
IBV,NETN
IBV,NFSD
IBV,CCGC
IBV,CTAG
IBV,GLLV
IBV,IPQN
IBV,IQTR
IBV,LTQY
IBV,NFSD
IBV,NLTV
IBV,NVTE
IBV,QEVI
IBV,SLLL
IBV,SLSV
IBV,SSLV
IBV,VSVS
IBV,CCGC
IBV,DFDD
IBV,FTSV
IBV,GLLV
IBV,GNFS
IBV,IDTF
IBV,IPQN
IBV,IQTR
IBV,LTQY
IBV,NLTV
IBV,RSTS
IBV,SLSV
IBV,TARD
IBV,VFSN
IBV,VQDV
IBV,LQGG
IBV,PLQG
IBV,TNYT
IBV,NYTS
IBV,SNYT
IBV,CCGC
IBV,FTSV
IBV,GLLV
IBV,NFSD
IBV,NLTV
IBV,SLLL
IBV,SLSV
IBV,VGQG
IBV,VQDV
IBV,LDSSG
IBV,NETS
IBV,NNFT
IBV,QSGA
IBV,NFSD
IBV,VSVS
IBV,NFSD
IBV,VGQG
IBV,NETG
IBV,NFSD
IBV,NETG
IBV,NFSD
IBV,NLTS
IBV,QGGC
IBV,LQGG
IBV,PLQG
IBV,TNYT
IBV,LTQY
IBV,NFSD
IBV,VSVS
IBV,CCGC
IBV,FTSV
IBV,IQTR
IBV,LQGG
IBV,LVLT
IBV,NLTV
IBV,SLLL
IBV,SLSV
IBV,VVNS
IBV,VYRES
IBV,LQGG
IBV,NTTL
IBV,TNYT
IBV,LTQY
IBV,NFSD
IBV,VSVS
IBV,NETG
IBV,NFSD
IBV,LQGG
IBV,NTTL
IBV,CCGC
IBV,DFDD
IBV,ELSK
IBV,FTSV
IBV,GLLV
IBV,IQTR
IBV,LQGG
IBV,NLTV
IBV,SLLL
IBV,SLSV
IBV,VVNS
IBV,NFSD
IBV,VGQG
IBV,CCGC
IBV,DVVT
IBV,GLLV
IBV,IRVS
IBV,LQGG
IBV,NETG
IBV,NFSD
IBV,NLTV
IBV,SLLL
IBV,SLSV
IBV,SSLV
IBV,TENV
IBV,LQGG
IBV,PLQG
IBV,AGAI
IBV,CCGC
IBV,CTAG
IBV,FTSV
IBV,GAIS
IBV,GLLV
IBV,NETK
IBV,NLTV
IBV,NVTE
IBV,PPIIT
IBV,SAAS
IBV,SLLL
IBV,SLSV
IBV,SRRS
IBV,SSLV
IBV,VFVT
IBV,VNGT
IBV,VNVT
IBV,CCGC
IBV,DVVT
IBV,GLLV
IBV,IRVS
IBV,LQGG
IBV,NETG
IBV,NFSD
IBV,NLTV
IBV,SLLL
IBV,SLSV
IBV,SSLV
IBV,TENV
IBV,LQGG
IBV,PLQG
IBV,TNVS
IBV,VYRES
IBV,LQGG
IBV,PLQG
IBV,CCGC
IBV,GLLV
IBV,NETG
IBV,NFSD
IBV,NLTV
IBV,SLLL
IBV,SLSV
IBV,SSLV
IBV,TENV
IBV,NYTS
IBV,SNYT
IBV,CCGC
IBV,DFDD
IBV,FTSV
IBV,GLLV
IBV,IQTR
IBV,LQGG
IBV,NLTV
IBV,PLQG
IBV,QDVV
IBV,VNGT
IBV,VVNS
IBV,FTNVS
IBV,IQTR
IBV,LVLT
IBV,NLTV
IBV,FTNVS
IBV,LQGG
IBV,NTTL
IBV,PLQG
IBV,VNTT
IBV,LQGG
IBV,NTTL
IBV,PLQG
IBV,NFSD
IBV,TNSS
IBV,VGQG
IBV,FKSG
IBV,TVGA
IBV,CCGC
IBV,DFDD
IBV,ELSK
IBV,GLLV
IBV,ILTS
IBV,IQTR
IBV,LQGG
IBV,NLTV
IBV,NTTL
IBV,SLLL
IBV,SLSV
IBV,VQDV
IBV,VVNS
IBV,LQGG
IBV,NTTL
IBV,FNVL
IBV,LQGG
IBV,PLQG
IBV,TNVS
IBV,DVIN
IBV,LQGG
IBV,NTTL
IBV,CCGC
IBV,GLLV
IBV,IRVS
IBV,NETG
IBV,NFSD
IBV,NLTV
IBV,SLLL
IBV,SLSV
IBV,SSLV
IBV,TENV
IBV,FTNVS
IBV,CCGC
IBV,DFDD
IBV,ELSK
IBV,FTSV
IBV,GLLV
IBV,IQTR
IBV,NLTV
IBV,SLLL
IBV,SLSV
IBV,VVNS
IBV,LDSSG
IBV,NETS
IBV,NNFT
IBV,QSGA
IBV,LQGG
IBV,NTTL
IBV,NFSD
IBV,VGQG
IBV,CCGC
IBV,GLLV
IBV,IRVS
IBV,NETG
IBV,NFSD
IBV,NLTV
IBV,SLLL
IBV,SLSV
IBV,SSLV
IBV,CCGC
IBV,DFDD
IBV,ELSK
IBV,FTSV
IBV,GLLV
IBV,IQTR
IBV,LQGG
IBV,NLTV
IBV,SLLL
IBV,SLSV
IBV,VVNS
IBV,LQGG
IBV,NTTL
IBV,VNTT
IBV,VYRES
IBV,NFSD
IBV,SRRS
IBV,SSSQ
IBV,VFVT
IBV,NETG
IBV,NFSD
IBV,NYTS
IBV,SNYT
IBV,CCGC
IBV,DFDD
IBV,DVVT
IBV,ELSK
IBV,FTSV
IBV,GLLV
IBV,IQTR
IBV,LQGG
IBV,NLTV
IBV,SLLL
IBV,SLSV
IBV,VVNS
IBV,CCGC
IBV,DFDD
IBV,ELSK
IBV,FTSV
IBV,GLLV
IBV,IQTR
IBV,LQGG
IBV,NLTV
IBV,SLLL
IBV,SLSV
IBV,VVNS
IBV,CCGC
IBV,CTAG
IBV,GLLV
IBV,IPQN
IBV,IQTR
IBV,NFSD
IBV,NVTE
IBV,QEVI
IBV,SILT
IBV,SLLL
IBV,SLSV
IBV,SSLV
IBV,AIVP
IBV,CCGC
IBV,GLLV
IBV,IRVS
IBV,NETG
IBV,NFSD
IBV,NLTV
IBV,SLSV
IBV,SSLV
IBV,AGAI
IBV,CCGC
IBV,FKSG
IBV,GAIS
IBV,NETK
IBV,NLTV
IBV,NVTE
IBV,SLSV
IBV,SSLV
IBV,VNGT
IBV,VNVT
IBV,LQGG
IBV,NTTL
IBV,LQGG
IBV,PLQG
IBV,LQGG
IBV,PLQG
IBV,TNVS
IBV,CCGC
IBV,CTAG
IBV,FKSG
IBV,GLLV
IBV,LSVV
IBV,SLLL
IBV,SSLV
IBV,VNVT
IBV,CCGC
IBV,FTSV
IBV,GLLV
IBV,NFSD
IBV,NLTV
IBV,SLLL
IBV,SLSV
IBV,VGQG
IBV,VQDV
IBV,CCGC
IBV,FTSV
IBV,GLLV
IBV,IQTR
IBV,LQGG
IBV,NLTV
IBV,PLQG
IBV,SLSV
IBV,VVNS
IBV,FNKT
IBV,LQGG
IBV,NFSD
IBV,NTTL
IBV,CCGC
IBV,DFDD
IBV,GLLV
IBV,IQTR
IBV,ITQS
IBV,LLLT
IBV,LQGG
IBV,NLTV
IBV,SLLL
IBV,SLSV
IBV,VVNS
IBV,SNET
IBV,CCGC
IBV,DFDD
IBV,GLLV
IBV,IRVS
IBV,NFSD
IBV,NLTV
IBV,RSTS
IBV,SLLL
IBV,SLSV
IBV,AGAI
IBV,CCGC
IBV,CTAG
IBV,ENGT
IBV,LDSSG
IBV,LSSL
IBV,NKTV
IBV,NNFT
IBV,QSGA
IBV,VRLT
IBV,VTHC
IBV,LTQY
IBV,NFSD
IBV,TNSS
IBV,VSVS
IBV,LQGG
IBV,PLQG
IBV,NFSD
IBV,TNSS
IBV,VGQG
IBV,LQGG
IBV,LVLT
IBV,NTTLV
IBV,LCSA
IBV,LQGG
IBV,NTTL
IBV,CCGC
IBV,DFDD
IBV,GLLV
IBV,LQGG
IBV,SAAS
IBV,SLLL
IBV,SLSV
IBV,TNYT
IBV,VVNS
IBV,VYRE
IBV,YTSN
IBV,ANGS
IBV,CCGC
IBV,ENGT
IBV,FCIKP
IBV,FNLT
IBV,IYGR
IBV,LISD
IBV,LNVS
IBV,NKNF
IBV,SLNK
IBV,VINK
IBV,YVYY
IBV,CCGC
IBV,DFDD
IBV,FTSV
IBV,IQTR
IBV,LQGG
IBV,NLTV
IBV,NTTL
IBV,SLLL
IBV,SLSV
IBV,VVNS
IBV,LTQY
IBV,NFSD
IBV,VSVS
IBV,LQGG
IBV,PLQG
IBV,TNVS
IBV,CCGC
IBV,CTAG
IBV,ESFV
IBV,GLLV
IBV,NLTV
IBV,SFVY
IBV,SLSV
IBV,VNGT
IBV,VYRES
IBV,CCGC
IBV,GLLV
IBV,NETG
IBV,NFSD
IBV,NLTV
IBV,SLLL
IBV,SLSV
IBV,SSLV
IBV,TENV
IBV,NETG
IBV,NFSD
IBV,LQGG
IBV,PLQG
IBV,VYRES
IBV,NSAAS
IBV,NYNN
IBV,SLSL
IBV,TNSS
IBV,LTQY
IBV,NFSD
IBV,VSVS
IBV,CCGC
IBV,DFDD
IBV,DVVT
IBV,FTSV
IBV,FVED
IBV,GLLV
IBV,IQTR
IBV,LTQY
IBV,NLTV
IBV,NTTL
IBV,SLLL
IBV,SLSV
IBV,VFSN
IBV,VVNS
IBV,CCGC
IBV,DFDD
IBV,DVVT
IBV,ELSK
IBV,FNLS
IBV,FTSV
IBV,GLLV
IBV,IQTR
IBV,LQGG
IBV,NLTV
IBV,SLLL
IBV,SLSV
IBV,VVNS
IBV,NETG
IBV,NFSD
IBV,LTQY
IBV,NFSD
IBV,VSVS
IBV,NFSD
IBV,TNSS
IBV,CCGC
IBV,GLLV
IBV,IRVS
IBV,NETG
IBV,NFSD
IBV,NLTV
IBV,SLLL
IBV,SLSV
IBV,SSLV
IBV,LQGG
IBV,PLQG
IBV,GNFS
IBV,LQGG
IBV,LAYG
IBV,LQGG
IBV,PLQG
IBV,LQGG
IBV,PLQG
IBV,TNYT
IBV,CCGC
IBV,FTSV
IBV,GLLV
IBV,NFSD
IBV,NLTV
IBV,SLLL
IBV,SLSV
IBV,VGQG
IBV,VQDV
IBV,CCGC
IBV,GLLV
IBV,IRVS
IBV,NETG
IBV,NFSD
IBV,NLTV
IBV,SLSV
IBV,SSLV
IBV,LTQY
IBV,NFSD
IBV,VSVS
IBV,CCGC
IBV,GLLV
IBV,IRVS
IBV,NETG
IBV,NFSD
IBV,NLTV
IBV,SLSV
IBV,SSLV
IBV,LTQY
IBV,NFSD
IBV,SDFT
IBV,LTQY
IBV,NFSD
IBV,TNSS
IBV,VSVS
IBV,CCGC
IBV,DFDD
IBV,FTSV
IBV,GLLV
IBV,GNSL
IBV,IQTR
IBV,LQGG
IBV,NLTV
IBV,NYNN
IBV,SLLL
IBV,SLSV
IBV,VVNS
IBV,VSVS
IBV,NETG
IBV,NFSD
IBV,CCGC
IBV,DFDD
IBV,DVVT
IBV,ELSK
IBV,GLLV
IBV,IQTR
IBV,LQGG
IBV,NLTV
IBV,SLLL
IBV,SLSV
IBV,VVNS
IBV,LQGG
IBV,TNSS
IBV,TNYT
IBV,NETG
IBV,NFSD
IBV,LQGG
IBV,PLQG
IBV,FTNVS
IBV,LTQY
IBV,NFSD
IBV,VSVS
IBV,LQGG
IBV,PLQG
IBV,TNVS
IBV,AGAI
IBV,AYGP
IBV,CCGC
IBV,GLLV
IBV,NLTV
IBV,NVTE
IBV,SLSV
IBV,SNET
IBV,SRRS
IBV,CCGC
IBV,GLLV
IBV,ITSR
IBV,NFTS
IBV,NGLV
IBV,NNVT
IBV,QQVQ
IBV,RLIT
IBV,SLIV
IBV,SLLL
IBV,SNVT
IBV,SRRS
IBV,SVLA
IBV,TGRG
IBV,VQDV
IBV,VSLI
IBV,VVNK
IBV,AGAI
IBV,CCGC
IBV,CTAG
IBV,FTSV
IBV,GLLV
IBV,IVTL
IBV,NLTV
IBV,NVTA
IBV,PPIIT
IBV,SSLV
IBV,VFVT
IBV,VNVT
IBV,LQGG
IBV,PLQG
IBV,CCGC
IBV,FTSV
IBV,GLLV
IBV,NFSD
IBV,NLTV
IBV,SLLL
IBV,SLSV
IBV,VGQG
IBV,VQDV
IBV,CCGC
IBV,DFDD
IBV,DVVT
IBV,ELSK
IBV,GLLV
IBV,IQTR
IBV,LQGG
IBV,NLTV
IBV,SLLL
IBV,SLSV
IBV,VVNS
IBV,AGAI
IBV,CCGC
IBV,CTAG
IBV,GLLV
IBV,NLTV
IBV,SFVY
IBV,SLLL
IBV,SLSV
IBV,NYTS
IBV,SNYT
IBV,LTQY
IBV,NFSD
IBV,NFSD
IBV,TATE
IBV,VYRES
IBV,AGAI
IBV,CCGC
IBV,CTAG
IBV,GLLV
IBV,NLTV
IBV,SFVY
IBV,SLLL
IBV,SLSV
IBV,VYRES
IBV,CCGC
IBV,DVVT
IBV,GLLV
IBV,IRVS
IBV,LQGG
IBV,NETG
IBV,NFSD
IBV,NLTV
IBV,SLLL
IBV,SLSV
IBV,SSLV
IBV,TENV
IBV,LQGG
IBV,NTTL
IBV,NETG
IBV,NFSD
IBV,CCGC
IBV,DFDD
IBV,FTSV
IBV,GLLV
IBV,IQTR
IBV,LQGG
IBV,NLTV
IBV,PLQG
IBV,QDVV
IBV,SLSV
IBV,VNGT
IBV,VVNS
IBV,GVYS
IBV,LQGG
IBV,AASV
IBV,LTQY
IBV,NFSD
IBV,NETG
IBV,NFSD
IBV,INGT
IBV,NFSD
IBV,SNET
IBV,VSVS
IBV,NFSD
IBV,VGQG
IBV,CCGC
IBV,DYGS
IBV,ELTL
IBV,LVLP
IBV,NGIV
IBV,NITL
IBV,QQVQ
IBV,SIVG
IBV,SLSV
IBV,SNFT
IBV,SVST
IBV,SVST
IBV,SVST
IBV,TSRD
IBV,NETG
IBV,NFSD
IBV,VSVS
IBV,CCGC
IBV,GLLV
IBV,IRVS
IBV,NETG
IBV,NFSD
IBV,NLTV
IBV,SLSV
IBV,SSLV
IBV,LQGG
IBV,NNFT
IBV,NTTL
IBV,FTNVS
IBV,LTQY
IBV,NFSD
IBV,PSTG
IBV,CCGC
IBV,DFDD
IBV,FTSV
IBV,GLLV
IBV,IQTR
IBV,LQGG
IBV,NLTV
IBV,PLQG
IBV,SLSV
IBV,VNGT
IBV,VVNS
IBV,NFSD
IBV,VGQG
IBV,LTQY
IBV,NFSD
IBV,VSVS
IBV,LQGG
IBV,NTTL
IBV,PLQG
IBV,TYGS
IBV,LQGG
IBV,PLQG
IBV,NFSD
IBV,VGQG
IBV,AGAI
IBV,CCGC
IBV,CTAG
IBV,FTSV
IBV,GAIS
IBV,GLLV
IBV,NETK
IBV,NLTV
IBV,NVTE
IBV,PPIIT
IBV,SAAS
IBV,SLLL
IBV,SLSV
IBV,SRRS
IBV,SSLV
IBV,VFVT
IBV,VNGT
IBV,VNVT
IBV,CCGC
IBV,CTAG
IBV,FTSV
IBV,GLLV
IBV,IPQN
IBV,IQTR
IBV,LTQY
IBV,NFSD
IBV,NLTV
IBV,NVTE
IBV,QEVI
IBV,SLLL
IBV,SLSV
IBV,SSLV
IBV,VSVS
IBV,AGAI
IBV,AYGP
IBV,CCGC
IBV,GLLV
IBV,NLTV
IBV,NVTE
IBV,PSGL
IBV,SLSV
IBV,SNET
IBV,STKP
IBV,VFVT
IBV,AGAI
IBV,CCGC
IBV,CTAG
IBV,DFDD
IBV,FTSV
IBV,GAIS
IBV,GLLV
IBV,NLTV
IBV,NVTE
IBV,PPIIT
IBV,SAAS
IBV,SLLL
IBV,SLSV
IBV,SPRG
IBV,SRRS
IBV,VFVT
IBV,VNVT
IBV,KSGG
IBV,NETG
IBV,SFVY
IBV,LQGG
IBV,PLQG
IBV,AGAI
IBV,CCGC
IBV,DVVT
IBV,GLLV
IBV,HCNF
IBV,IRVS
IBV,LLLK
IBV,LLNF
IBV,NVTN
IBV,PANG
IBV,QYRP
IBV,SLLL
IBV,SLLL
IBV,SLLL
IBV,SLSV
IBV,CCGC
IBV,DFDD
IBV,DVVT
IBV,ELSK
IBV,FTSV
IBV,GLLV
IBV,IQTR
IBV,LQGG
IBV,NLTV
IBV,SLLL
IBV,SLSV
IBV,VVNS
IBV,FTNVS
IBV,NETS
IBV,LQGG
IBV,PLQG
IBV,IHGG
IBV,LQGG
IBV,PLQG
IBV,TNYT
IBV,LQGG
IBV,PLQG
IBV,FKSG
IBV,CCGC
IBV,DFDD
IBV,FNYT
IBV,FTSV
IBV,GLLV
IBV,LQGG
IBV,NFSD
IBV,NLTV
IBV,RSTS
IBV,SLLL
IBV,SLSV
IBV,VQDV
IBV,AGAI
IBV,CCGC
IBV,CTAG
IBV,GLLV
IBV,NLTV
IBV,SFVY
IBV,SLLL
IBV,SLSV
IBV,VYRES
IBV,AGAI
IBV,CCGC
IBV,CTAG
IBV,DFDD
IBV,FTSV
IBV,GLLV
IBV,IQTR
IBV,IVTL
IBV,MEKV
IBV,NFSD
IBV,NISL
IBV,NLTV
IBV,NVTA
IBV,SLLL
IBV,SLSV
IBV,VFSN
IBV,FTNVS
IBV,NFSD
IBV,SLSL
IBV,NFSD
IBV,LQGG
IBV,NTTL
IBV,CCGC
IBV,EYGL
IBV,GLLV
IBV,IRVS
IBV,NETG
IBV,NFSD
IBV,NLTV
IBV,SESN
IBV,SSLV
IBV,YGLL
IBV,NFSD
IBV,VGQG
IBV,FTNVS
IBV,LQGG
IBV,PLQG
IBV,SNYT
IBV,NFSD
IBV,VGQG
IBV,CCGC
IBV,DFDD
IBV,FTSV
IBV,GLLV
IBV,LQGG
IBV,NLTV
IBV,PLQG
IBV,RSTS
IBV,SLLL
IBV,SLSV
IBV,TNYT
IBV,VQDV
IBV,CCGC
IBV,DFDD
IBV,ELSK
IBV,FTSV
IBV,FVED
IBV,GLLV
IBV,IQTR
IBV,LQGG
IBV,NLTV
IBV,SLLL
IBV,SLSV
IBV,VVNS
IBV,NETG
IBV,NFSD
IBV,LQGG
IBV,NTTL
IBV,CCGC
IBV,GLLV
IBV,IRVS
IBV,NETG
IBV,NFSD
IBV,NLTV
IBV,SLSV
IBV,SSLV
IBV,LQGG
IBV,PLQG
IBV,CCGC
IBV,CTAG
IBV,GLLV
IBV,IPQN
IBV,IQTR
IBV,LTQY
IBV,NFSD
IBV,NLTV
IBV,NVTE
IBV,QEVI
IBV,SLLL
IBV,SLSV
IBV,SSLV
IBV,VSVS
IBV,FTNVS
IBV,CCGC
IBV,DFDD
IBV,DVVT
IBV,ELSK
IBV,GLLV
IBV,IQTR
IBV,LQGG
IBV,NLTV
IBV,SLLL
IBV,SLSV
IBV,VVNS
IBV,NETG
IBV,NFSD
IBV,LTQY
IBV,NFSD
IBV,VSVS
IBV,CCGC
IBV,DDFN
IBV,FNYT
IBV,GLLV
IBV,IQTR
IBV,LQGG
IBV,NLTV
IBV,SLLL
IBV,SLSV
IBV,TNSS
IBV,VQDV
IBV,VYRES
IBV,CCGC
IBV,DFDD
IBV,FTSV
IBV,IQTR
IBV,LQGG
IBV,NLTV
IBV,PLQG
IBV,SLSV
IBV,VVNS
IBV,CCGC
IBV,DFDD
IBV,IQTR
IBV,KQFV
IBV,LQGG
IBV,NLTV
IBV,PLQG
IBV,SLLL
IBV,VNKQ
IBV,VVNS
IBV,LQGG
IBV,NTTL
IBV,LQGG
IBV,PLQG
IBV,TNFT
IBV,NETG
IBV,NFSD
IBV,GLLV
IBV,NFSD
IBV,SLLL
IBV,SLSV
IBV,VNKQ
IBV,VNVT
IBV,VYRE
IBV,CCGC
IBV,ENGT
IBV,LDSSG
IBV,LSSL
IBV,NETS
IBV,NKTV
IBV,NNFT
IBV,QSGA
IBV,VRLT
IBV,LTQY
IBV,VSVS
IBV,NFSD
IBV,NYTS
IBV,SNYT
IBV,CCGC
IBV,FTSV
IBV,GLLV
IBV,IPQN
IBV,IVTL
IBV,KQSA
IBV,NLTV
IBV,SAIL
IBV,SLLL
IBV,TNYT
IBV,VVNS
IBV,LQGG
IBV,NASP
IBV,LQGG
IBV,NSTN
IBV,CCGC
IBV,CTAG
IBV,GLLV
IBV,IPQN
IBV,IQTR
IBV,LTQY
IBV,NFSD
IBV,NLTV
IBV,NVTE
IBV,QEVI
IBV,SLLL
IBV,SLSV
IBV,SSLV
IBV,VSVS
IBV,AGAI
IBV,CCGC
IBV,CTAG
IBV,DFDD
IBV,FTNVS
IBV,GLLV
IBV,IQTR
IBV,IVTL
IBV,LVLT
IBV,NDTK
IBV,NFSD
IBV,NLTV
IBV,NVSL
IBV,NVTA
IBV,SLLL
IBV,SLSV
IBV,VFSN
IBV,LQGG
IBV,NFSD
IBV,PPNG
IBV,VGVL
IBV,NFSD
IBV,TNSS
IBV,VGQG
IBV,GSQF
IBV,SNET
IBV,CCGC
IBV,GIIP
IBV,GLLV
IBV,LQGG
IBV,NFSD
IBV,NLTV
IBV,SDGF
IBV,SLLL
IBV,SLSV
IBV,NYTS
IBV,SNYT
IBV,NFSD
IBV,VGQG
IBV,LQGG
IBV,PLQG
IBV,QGVI
IBV,LQGG
IBV,PLQG
IBV,TNYT
IBV,NETG
IBV,NFSD
IBV,LQGG
IBV,PLQG
IBV,TNVS
IBV,AGAI
IBV,CCGC
IBV,CTAG
IBV,ENGT
IBV,FKTG
IBV,LDSSG
IBV,LNVT
IBV,LSSL
IBV,NETS
IBV,NKTV
IBV,NNFT
IBV,NVTA
IBV,QSGA
IBV,VRLT
IBV,VTHC
IBV,CCGC
IBV,DFDD
IBV,ELSK
IBV,FTSV
IBV,GLLV
IBV,IQTR
IBV,LQGG
IBV,NLTV
IBV,SLLL
IBV,SLSV
IBV,VVNS
IBV,AGAI
IBV,CCGC
IBV,GLLV
IBV,NLTV
IBV,NVTE
IBV,SLSV
IBV,SNET
IBV,LQGG
IBV,NTTL
IBV,NETG
IBV,NFSD
IBV,FTNVS
IBV,IQTR
IBV,LVLT
IBV,NLTV
IBV,LQGG
IBV,NTTL
IBV,FTNVS
IBV,NFSD
IBV,NFSD
IBV,RRRR
IBV,VGQG
IBV,NYTS
IBV,SNYT
IBV,LQGG
IBV,NTTL
IBV,FTNVS
IBV,VYRES
IBV,LTQY
IBV,NFSD
IBV,TSAG
IBV,AIRV
IBV,IRVS
IBV,LQGG
IBV,PLQG
IBV,CCGC
IBV,DDFN
IBV,ELSK
IBV,GLLV
IBV,IQTR
IBV,LQGG
IBV,NLTV
IBV,NVST
IBV,SLSV
IBV,VNGT
IBV,VVNS
IBV,FTNVS
IBV,CCGC
IBV,CTAG
IBV,DFDD
IBV,GLLV
IBV,IQTR
IBV,IVTL
IBV,NDTK
IBV,NISL
IBV,SLSV
IBV,VNGT
IBV,YGRF
IBV,AGLA
IBV,LQGG
IBV,RNET
IBV,LCSA
IBV,LQGG
IBV,NTTL
IBV,AIVP
IBV,CCGC
IBV,FTSV
IBV,GLLV
IBV,IRVS
IBV,NETG
IBV,NFSD
IBV,NLTV
IBV,SLSV
IBV,SSLV
IBV,VSVNK
IBV,CCGC
IBV,DVVT
IBV,IFIL
IBV,VSVS
IBV,LQGG
IBV,NTTL
IBV,PLQG
IBV,TVSV
IBV,NETS
IBV,FTNVS
IBV,IQTR
IBV,LVLT
IBV,NLTV
IBV,CCGC
IBV,GLLV
IBV,IRVS
IBV,NETG
IBV,NFSD
IBV,NLTV
IBV,SLSV
IBV,SSLV
IBV,AGAI
IBV,CCGC
IBV,CTAG
IBV,GLLV
IBV,NLTV
IBV,SFVY
IBV,SLLL
IBV,SLSV
IBV,VKSL
IBV,FTNVS
IBV,GGLV
IBV,NFTF
IBV,NQTG
IBV,SNYT
IBV,VYRES
IBV,LQGG
IBV,NTTL
IBV,LQGG
IBV,PLQG
IBV,TNVS
IBV,NFSD
IBV,VFVT
IBV,LQGG
IBV,PLQG
IBV,TNYT
IBV,CCGC
IBV,DDFN
IBV,FTSV
IBV,GLLV
IBV,IQTR
IBV,IVGF
IBV,IVTL
IBV,NLTV
IBV,PLQG
IBV,SLLL
IBV,SLSV
IBV,TNVS
IBV,VVNS
IBV,NFSD
IBV,VGQG
IBV,GSQF
IBV,SNET
IBV,NFSD
IBV,VGQG
IBV,KSLF
IBV,LVLT
IBV,VFVT
IBV,NFSD
IBV,VGQG
IBV,AGAI
IBV,CCGC
IBV,CTAG
IBV,FVED
IBV,GLLV
IBV,NLTV
IBV,SLSV
IBV,SSLV
IBV,VNGT
IBV,CCGC
IBV,DFDD
IBV,DVVT
IBV,FTSV
IBV,IQTR
IBV,LQGG
IBV,NLTV
IBV,NTTL
IBV,PLQG
IBV,SLLL
IBV,SLSV
IBV,VVNS
IBV,ANYE
IBV,CCGC
IBV,GLLV
IBV,KLTS
IBV,LQQV
IBV,NGLV
IBV,NKTV
IBV,QQVQ
IBV,TGQG
IBV,VLNI
IBV,VVLN
IBV,NYTS
IBV,SNYT
IBV,LTQY
IBV,TAQD
IBV,NFSD
IBV,VSVA
IBV,LQGG
IBV,NTTL
IBV,AVVN
IBV,CCGC
IBV,CTAG
IBV,GLLV
IBV,ITNS
IBV,QGFI
IBV,SLLL
IBV,SLSV
IBV,SNVS
IBV,SYNY
IBV,VSVNK
IBV,LTQY
IBV,NFSD
IBV,TNSS
IBV,VSVS
IBV,NETG
IBV,NFSD
IBV,CCGC
IBV,DYGS
IBV,LSIL
IBV,LVLP
IBV,NGIV
IBV,NITL
IBV,QQVQ
IBV,SIVG
IBV,SLSV
IBV,SNFT
IBV,SVST
IBV,SVST
IBV,SVST
IBV,TSRD
IBV,GGLV
IBV,NFTF
IBV,NYTS
IBV,SNYT
IBV,YVNFK
IBV,AGAI
IBV,CCGC
IBV,CTAG
IBV,FTSV
IBV,GAIS
IBV,GLLV
IBV,NETK
IBV,NLTV
IBV,NVTE
IBV,PPIIT
IBV,SAAS
IBV,SLLL
IBV,SLSV
IBV,SRRS
IBV,SSLV
IBV,VFVT
IBV,VNGT
IBV,VNVT
IBV,LQGG
IBV,PLQG
IBV,CCGC
IBV,DFDD
IBV,FSYL
IBV,IQTR
IBV,LQGG
IBV,LSSLS
IBV,NLTV
IBV,PLQG
IBV,SLLL
IBV,SLSV
IBV,VVNS
IBV,CCGC
IBV,DFDD
IBV,ELSK
IBV,GLLV
IBV,ILTS
IBV,IQTR
IBV,LQGG
IBV,NLTV
IBV,SLLL
IBV,SLSV
IBV,VVNS
IBV,LQGG
IBV,NTTL
IBV,LTQY
IBV,NTTL
IBV,TAQD
IBV,LQGG
IBV,NTTL
IBV,CCGC
IBV,DFDD
IBV,ELSK
IBV,GLLV
IBV,IQTR
IBV,LQGG
IBV,NLTV
IBV,NTTL
IBV,SLLL
IBV,SLSV
IBV,VVNS
IBV,CCGC
IBV,DDFN
IBV,FTSV
IBV,GLLV
IBV,GNSL
IBV,IQTR
IBV,IVGF
IBV,LQGG
IBV,NLTV
IBV,PLQG
IBV,SFNL
IBV,SLLL
IBV,SLSV
IBV,TNVS
IBV,VNTT
IBV,LQGG
IBV,PLQG
IBV,TNVS
IBV,VNTT
IBV,CCGC
IBV,DFDD
IBV,DVVT
IBV,ELSK
IBV,FTSV
IBV,GLLV
IBV,IQTR
IBV,LQGG
IBV,LSFL
IBV,NLTV
IBV,SLLL
IBV,VVNS
IBV,FTNVS
IBV,LQGG
IBV,PLQG
IBV,AGAI
IBV,CCGC
IBV,GLLV
IBV,NLTV
IBV,SFVY
IBV,SLLL
IBV,SLSV
IBV,VYRES
IBV,CCGC
IBV,GLLV
IBV,NFSD
IBV,SLLL
IBV,SLSV
IBV,VNKQ
IBV,VNVT
IBV,VYRE
IBV,NFSD
IBV,VGQG
IBV,LQGG
IBV,NTTL
IBV,PLQG
IBV,LQGG
IBV,PLQG
IBV,TNVS
IBV,AFRP
IBV,LQGG
IBV,PLQG
IBV,LQGG
IBV,PLQG
IBV,TNYT
IBV,NETG
IBV,NFSD
IBV,CCGC
IBV,DFDD
IBV,DVVT
IBV,ELSK
IBV,FTSV
IBV,GLLV
IBV,IQTR
IBV,ISSV
IBV,LQGG
IBV,NLTV
IBV,SLLL
IBV,SLSV
IBV,TSAG
IBV,VVNS
IBV,CCGC
IBV,GLLV
IBV,IRVS
IBV,NETG
IBV,NFSD
IBV,NLTV
IBV,SLSV
IBV,SSLV
IBV,VYRES
IBV,LQGG
IBV,NTTL
IBV,PLQG
IBV,CCGC
IBV,GLLV
IBV,IRVS
IBV,NETG
IBV,NFSD
IBV,NLTV
IBV,SLSV
IBV,SSLV
IBV,VNTI
IBV,CCGC
IBV,DFDD
IBV,FTSV
IBV,GLLV
IBV,LQGG
IBV,NLTV
IBV,PLQG
IBV,RSTS
IBV,SLLL
IBV,SLSV
IBV,TNYT
IBV,VQDV
IBV,CCGC
IBV,GLLV
IBV,NETG
IBV,NFSD
IBV,NLTV
IBV,SLSV
IBV,SSLV
IBV,CCGC
IBV,GLLV
IBV,IRVS
IBV,NETG
IBV,NFSD
IBV,NLTV
IBV,SLLL
IBV,SLSV
IBV,SSLV
IBV,CCGC
IBV,GLLV
IBV,NETG
IBV,NFSD
IBV,NLTV
IBV,SLLL
IBV,SLSV
IBV,SSLV
IBV,TENV
IBV,CCGC
IBV,CTAG
IBV,GLLV
IBV,IPQN
IBV,IQTR
IBV,LTQY
IBV,NFSD
IBV,NLTV
IBV,NVTE
IBV,QEVI
IBV,SLLL
IBV,SLSV
IBV,SSLV
IBV,VSVS
IBV,LQGG
IBV,NTTL
IBV,PLQG
IBV,GNFS
IBV,LQGG
IBV,NFSD
IBV,VYSG
IBV,NFSD
IBV,YYKV
IBV,FTNVS
IBV,NFSD
IBV,VGQG
