covidType,repeats
,AAATGTTCT
,AACATCAAA
,AACATGGAA
,AACCACTAC
,AAGTCTCAAT
,AATACTACT
,AATCAGCCT
,ACAAACTAA
,ACACAAATG
,ACATCACAT
,ACATTACCA
,AGCCTGTTA
,AGCTCCACT
,AGTGGAATG
,AGTGTCAAT
,AGTTTTTAT
,ATACCTGAC
,ATAGCTCCA
,ATATATATAT
,ATTATAACA
,ATTGCACAG
,CAAAAGTGC
,CAAGAACCA
,CAAGTCAAT
,CAAGTTAAA
,CAAGTTCTA
,CAATGAGAA
,CACATACCAG
,CATATATAT
,CCATTTTTA
,CTAACACATT
,CTAATTGGTT
,CTATTAGTA
,CTGAACATC
,CTGGTTTTT
,CTGTTACAG
,CTGTTAGTT
,CTGTTATAAA
,GATGTTATTA
,GCCACTAAC
,GGGCCATTT
,GTCAGGTAT
,GTGCTGCAT
,GTTTGTAAA
,GTTTGTAAT
,TAAAAACTT
,TAACAAATCA
,TAAGTACTTA
,TAATAATAC
,TACACATCA
,TACCAAGGT
,TAGGCTGAT
,TAGTATTAT
,TATATATGG
,TATTAATGG
,TCAAGATTG
,TCAATATTGA
,TCTCATTTG
,TCTGTTGAG
,TGAGAACATT
,TGCAAAATA
,TGCAATTGCA
,TGGAATTCCA
,TGTAATATA
,TGTTAATAT
,TGTTGGTAT
,TTAAAAATGT
,TTAACAATTT
,TTATAACAG
,TTATATTAA
,TTCTACAGT
,TTCTATTTGA
,TTGACCTTG
,TTGCACAGAT
,TTGTGCACAA
,TTGTTAATA
,TTTTAAAAC
,AAATGTTCT
,AACATCAAA
,AACATCTTT
,AACATGGAA
,AACCACTAC
,AACTTCACTT
,AATACTACT
,ACAAACTAA
,ACATCACAC
,ACATTACCA
,AGCTCCACT
,AGTGTCAAT
,AGTTTTTAT
,ATAGCTCCA
,ATATATATAT
,ATATGGTAAA
,ATGTATTCG
,ATTATTAAA
,ATTGCACAG
,CAAAAGTGC
,CAAGTCAAT
,CAAGTTCTA
,CAATTGGTT
,CATATATAT
,CATTACCAC
,CCATTTTTA
,CTAACACATT
,CTATTAGTA
,CTATTGAGC
,CTGAACATC
,CTGATGTAT
,CTGTTACAG
,CTGTTAGTT
,CTGTTATAAA
,GACAACAAC
,GATGTTATTA
,GGGCCATTT
,GTCAGGTAT
,GTGCTGCAT
,GTTTGTAAA
,GTTTGTAAT
,TAAAAACTT
,TAACAAATCA
,TAACATTGTT
,TAAGTACTTA
,TAATAATAC
,TACAAATAG
,TACACATCA
,TACCAAGGT
,TAGGCTGAT
,TAGTATTAT
,TATAACAGCT
,TATATATGG
,TATTAATGG
,TCAAGATTG
,TCTATTTGA
,TCTCATTTG
,TCTTTAGCA
,TGCAAAATA
,TGCAATTGCA
,TGGAATTCCA
,TGGTTTTTA
,TGTCATCAT
,TGTTGGTAT
,TTAAAAATGT
,TTAACAATT
,TTCTACAGT
,TTGACCTTG
,TTGCACAGAT
,TTGCTATTA
,TTGTCAATG
,TTGTGCACAA
,TTTTAAAAC
,AAATGTTCT
,AACATCAAA
,AACATCTTT
,AACATGGAA
,AACCACTAC
,AACTTCACTT
,ACAAACTAA
,ACACAAATG
,ACAGTTTCA
,ACATCACAC
,ACATTACCA
,AGCTCCACT
,AGTGTCAAT
,AGTTTTTAT
,ATAGCTCCA
,ATATATATAT
,ATGTATTCG
,ATTGCACAG
,CAAAAGTGC
,CAAGTTCTA
,CAATGAGAA
,CAATTGGTT
,CATATATAT
,CATTACCAC
,CCATTTTTA
,CTAACACATT
,CTAATTGGTT
,CTATTAGTA
,CTATTGAGC
,CTGAACATC
,CTGATGTAT
,CTGTTACAG
,CTGTTAGTT
,CTGTTATAAA
,GATGTTATTA
,GGGCCATTT
,GTCAGGTAT
,GTGCTGCAT
,GTTTGTAAA
,GTTTGTAAT
,TAAAAACTT
,TAACAAATCA
,TAAGTACTTA
,TAATAATAC
,TACACATCA
,TACCAAGGT
,TAGGCTGAT
,TATATATGG
,TATTAATGG
,TCAAGATTG
,TCTCATTTG
,TGAGAACATT
,TGCAAAATA
,TGCAATTGCA
,TGGAATTCCA
,TGGTATTAT
,TGGTTTTTA
,TGTAATATA
,TGTCATCAT
,TGTTGGTAT
,TTAAAAATGT
,TTAACAATTT
,TTAACAATT
,TTCAAATTG
,TTCTACAGT
,TTGACCTTG
,TTGCACAGAT
,TTGCTATTA
,TTGTGCACAA
,TTTCACCAG
,TTTTAAAAC
,AATTCTATT
,GTCAGGTAT
,CAAGTTCTA
,GTCAGGTAT
,TAGTATTAT
,AACATGGAA
,ACAAACTAA
,GCAAGCGCTTGC
,TAATAATAC
,TATATATGG
,TCTCATTTG
,TGATTCCAT
,TGTAATATA
,TGTTGGTAT
,TATATATGG
,TCTCATTTG
,TGCACAGAT
,TGTAATATA
,AAGTTCTAT
,AGTTGCAACT
,TCAGATCTGA
,TTGTCAATG
,AACTATTGA
,AACTTTCAA
,AAGCATTAG
,AATATATGA
,AATTCTATT
,ACAACAACA
,ACACAAATG
,ACATTACCA
,ACCTGATGG
,ATACACATC
,ATATTATTA
,ATTGCACTG
,ATTTCACCA
,CAAAAGTGC
,CAAGAACCA
,CACCTAGTG
,CAGTTCTAC
,CATTACCAC
,CTATTGAGC
,GAATGGAAT
,GACAACAAC
,GATACCATT
,GCTTGTGCA
,GTAGCTTCT
,GTGTTGTTA
,TATATATGG
,TATGGTGGT
,TATTGAGCA
,TATTGTAAT
,TGCAACAGT
,TGCACAGAT
,TGCCACTAA
,TGTTATGTA
,TGTTATGTA
,TGTTGGTAT
,TGTTGTTAA
,TGTTGTTAA
,TTAACAACA
,TTCAAATTG
,TTGGTAACA
,TTGTTAATA
,TTTAACAAC
,TTTATTGCA
,TTTGGTGTA
,AATTCTATT
,GTCAGGTAT
,AAGCCACTA
,AGCTCCACT
,AGTTTTTAT
,ATCTGTTAC
,CATATATAT
,CTGTTAGTT
,GCCACTAAC
,TAAAAACTT
,TAATAATAC
,TACACATCA
,TACCAAGGT
,TAGCAATTT
,TGTAATATA
,TTGGTAAAC
,AATTCTATT
,GTCAGGTAT
,AATTCTATT
,GTCAGGTAT
,AAATGTTCT
,AACATCAAA
,AACATGGAA
,AACCACTAC
,AACTTCACTT
,AATACTACT
,ACAAACTAA
,ACACAAATG
,ACACATCAC
,ACAGTTTCA
,ACATCACAT
,ACATTACCA
,ACATTACCA
,ACCACCTAGTG
,AGCTCCACT
,AGTGGAATG
,AGTGTCAAT
,AGTTTTTAT
,ATAATAATA
,ATACCTGAC
,ATAGCTCCA
,ATATATATAT
,ATTATAACA
,ATTGCACAG
,CAAAAGTGC
,CAAGAACCA
,CAAGTTCTA
,CAATGAGAA
,CAATTGGTT
,CACATACCA
,CATATATAT
,CATTACCAC
,CCATTTTTA
,CTAATTGGTT
,CTATTAGTA
,CTATTGAGC
,CTGAACATC
,CTGATGTAT
,CTGTTACAG
,CTGTTAGTT
,GAACTGCAAC
,GACAACAAC
,GATGTTATTA
,GCCACTAAC
,GTCAGGTAT
,GTCTGATAATA
,GTTTGTAAA
,GTTTGTAAT
,GTTTTTATTCA
,TAAGTACTTA
,TACACATCA
,TACCAAGGT
,TAGGCTGAT
,TAGTATTAT
,TATATATGG
,TATTAATGG
,TCAAGATTG
,TCTCATTTG
,TGAGAACATT
,TGATGTGTA
,TGCAAAATA
,TGCAATTGCA
,TGGAATTCCA
,TGGTTTTTA
,TGTAATATA
,TGTTGGTAT
,TTAAAAATGT
,TTAACAATTT
,TTAACAATT
,TTATAACAG
,TTATATTAA
,TTCAAATTG
,TTCAACTTA
,TTCTACAGT
,TTGACCTTG
,TTGCACAGAT
,TTGCTATTA
,TTGTGCACAA
,TTTCAACTT
,TTTTAAAAC
,AGTTGCAACT
,ATATCGATAT
,ATTAGGTATACCTAAT
,AAGTTCTAT
,AGTTGCAACT
,TCAGATCTGA
,TTGTCAATG
,AATTCTATT
,GTCAGGTAT
,AAACATCACA
,AACTATTGA
,AACTTTCAA
,AAGCATTAG
,AATATATGA
,AATTCTATT
,ACAACAACA
,ACACAAATG
,ACATTACCA
,ACCTGATGG
,AGTTGCAACT
,ATACACATCG
,ATATATGACA
,ATATGGTAAA
,ATATTATTA
,ATGTCACAA
,ATTGCACTG
,ATTGCCATCT
,ATTTCACCA
,ATTTTCAATG
,CAAAAGTGC
,CAAGAACCA
,CACCTAGTG
,CAGTTCTACC
,CATTACCAC
,CCTATATTAG
,CTATTGAGC
,CTGTTATAAA
,GAATGGAAT
,GACAACAAC
,GATACCATT
,GCTTGTGCA
,GGGCCATTTC
,GGTTTAGGTA
,GTAGCTTCT
,GTGTTGTTA
,TATATATGG
,TATGGTGGT
,TATTGAGCA
,TATTGTAAT
,TCTATGTTA
,TGCAACAGT
,TGCAATTGCA
,TGCACAGAT
,TGCCACTAA
,TGGTAAACAT
,TGTTATGTA
,TGTTATGTA
,TGTTGGTATT
,TGTTGTTAA
,TGTTGTTAA
,TTAACAACAT
,TTAACAACA
,TTCAAATTG
,TTGGTAACA
,TTGTTAATA
,TTTAACAAC
,TTTATTGCA
,TTTGGTGTA
,AATTCTATT
,GTCAGGTAT
,AAATGTTCT
,AACATCAAA
,AACATGGAA
,AAGCATTAG
,AATACTACT
,ACAAACTAA
,ACACATCAC
,ACATCACAC
,ACCACCTAGTG
,AGCTCCACT
,AGGTACAGT
,AGTGTCAAT
,ATAGCTCCA
,CAAAAGTGC
,CAAGTGAAA
,CAATTGGTT
,CACTAACAT
,CACTAAGTA
,CATATATAT
,CATCAATAA
,CATTACCAC
,CCATTTTTA
,CGTTAATAA
,CTATTAGTA
,CTATTGAGC
,CTTAACCAC
,CTTTGGCAA
,GAAGGAAGT
,GACAACAAC
,GCCTCAACA
,GTAACACAA
,GTCAGGTAT
,GTGCAATAT
,GTGCTGCAT
,GTTTGATGT
,TAACTAATAGT
,TAATTGGTT
,TACACATCG
,TAGTATTAT
,TATTAATGG
,TCAAGATTG
,TGCAAAATA
,TGGTTTTTATT
,TGTAATATA
,TGTTGGTAT
,TTAACAATT
,TTCAAATTG
,TTCTACAGT
,TTGCTATTA
,TTGTCAATG
,TTTTAAAAC
,TTTTGCAGT
,CTGATGTAT
,TTTGGCAAG
,AAAATTTCA
,AACCACAGT
,AAGCAAGAC
,AATGTCACT
,ACAACAACTTC
,ACTTGCATT
,ATACATCAG
,ATAGTCTTGTTAA
,ATCTTCTTGCA
,ATGGAATTG
,ATTCCTAGGAAT
,ATTTCAGCA
,CAATTTGTT
,CACTCATCT
,CAGAATATT
,CATCAATTT
,CATTAGCTAATG
,CCACAACAG
,CTATTTTTA
,GAATATTACCACCAA
,GATTCTACT
,GCTTTAACT
,GTAAGTTTT
,GTACAATTT
,GTTAACAAA
,GTTGTTAAA
,GTTGTTGTG
,TAAATGTCA
,TAATAATAC
,TAATGCATT
,TACCACCAA
,TATTTTCTG
,TCAATTCTA
,TGCAAGTTG
,TGCTGATGT
,TGCTGGTTA
,TGTGATTTAAC
,TGTTAATGT
,TTATGGTTC
,TTATTATCA
,TTCCATCTT
,TTGAAACAT
,TTGAACTTT
,TTGAGATGG
,TTGGACTAT
,TTGTCTTCT
,TTGTTACCA
,TTTCATCTG
,TTTGTTAACAAA
,ATAATCCCAGT
,ACCTGAATT
,AGTTGCAACT
,ATATCGATAT
,TGCATTCGC
,ACCTGAATT
,AGTTGCAACT
,ATATCGATAT
,AACATGGAA
,CTGATGTAT
,GCAAGCGCTTGC
,GTTTGTAAA
,GTTTGTAAT
,ATATATATAT
,CTGTTCTAGAACAG
,GTAGTTGTTG
,TGGAATTCCA
,ATATATATAT
,ATTTGTTACA
,TGAAATTTCA
,TGGAATTCCA
,TGTTCTAGAACA
,ACCTGAATT
,AGTTGCAACT
,ATATCGATAT
,AATTCTATT
,GTCAGGTAT
,AATTCTATT
,GTCAGGTAT
,CATTAGCTAATG
,AACATCACA
,AACATGGAA
,AACTTGTTA
,AAGCATTAG
,AATACTACT
,AATAGAACCAT
,AATTTCACC
,ACAAATGTG
,ACACAAATG
,ACACCACCT
,ACAGCCGCT
,ACATTACCA
,ACCAGTTTT
,ACCATCAGA
,ACCATTGGT
,AGTGTCAAT
,ATGTTATTA
,ATTCATTAA
,CAAAGGTAC
,CAAGAACCA
,CAAGTGATG
,CAATGTGTT
,CAATTGCTT
,CAATTGGTT
,CATTACCAC
,CATTTTTAC
,CCATTTTTA
,CGTTAATAA
,CTACACCAG
,CTATTAGTA
,GACAACAAC
,GCATCCACA
,GCTGGTTTT
,GGGCCATTT
,GTCAGGTAT
,GTCTGGCAC
,GTTTGTAAA
,TAACACTGA
,TAACATTTTTA
,TAATAGAAC
,TACACATCA
,TACGTTTGC
,TAGGCTGAT
,TAGTATTAT
,TAGTGTAAA
,TATAACAGC
,TATTAATGG
,TCAATTTCACC
,TCTTTTAAA
,TGAACAAAA
,TGACATGCG
,TGATGTGTA
,TGCAAAATA
,TGCACAGAT
,TGCTATTAT
,TGTAATATA
,TGTTACAAT
,TTAACAATT
,TTAACTAATAG
,TTCTACAGT
,TTGCTATTA
,TTGTCAATG
,TTGTTAATG
,AGTGCGCACT
,ATATATATAT
,CTGTTCTAGAACAG
,TATATATATA
,CATTAGCTAATG
,AACATCTTT
,AACATGGAA
,AACTGAAAAT
,AACTTCACTT
,AACTTGCCA
,AATACTACT
,ACAAACTAA
,ACATCACAC
,ACATTACCA
,AGTGGAATG
,AGTTTTTAT
,ATAGCTCCA
,ATATATATAT
,ATATGGTAAA
,ATGGCAAGTTCTA
,ATGTATTCG
,ATTACATAT
,ATTGCACAG
,CAAAAGTGC
,CAACATCAAA
,CAAGTCAAT
,CAATTGGTT
,CACTAACAT
,CATATATAT
,CATTACCAC
,CCATTTTTA
,CGTTACTGT
,CTAACACATT
,CTAATTGGTT
,CTATTAGTA
,CTATTGAGC
,CTGAACATC
,CTGATGTAT
,GACAACAAC
,GCCACTAACA
,GGGCCATTT
,GTCAGGTAT
,GTGCTGCAT
,GTGTTTTCA
,GTTCTAGAAC
,TAAAAACCT
,TAACAAATCA
,TAACACTGA
,TAAGTACTTA
,TACAAATAG
,TACACATCA
,TACATATGTA
,TAGCAATTT
,TAGGCTGAT
,TAGGTGGCT
,TAGTATTAT
,TATAATTATA
,TATATATGG
,TATTAATGG
,TATTGTGCA
,TCAAGATTG
,TCTCATTTG
,TGCAAAATA
,TGCAATTGCA
,TGGTTTTTA
,TGTAATATA
,TGTCATCAT
,TGTTGGTAT
,TTAAAAATGT
,TTAACAATT
,TTATATTAA
,TTCAAATTG
,TTGACCTTG
,TTGCACAGAT
,TTGCTATTA
,TTGTCAATG
,TTGTGCACAA
,TTTTAAAAC
,ACCTGAATT
,AGTTGCAACT
,ATATCGATAT
,GTGTTATTA
,TAACACTGA
,AACATCAAA
,TAACACTGA
,AAAATAGCA
,AAAATAGCA
,AACATGGAG
,AACTTCACTT
,AAGCATTAG
,AATAGCACC
,ACAACATGG
,ACATTACCA
,ACCTGAATT
,ACGACAAGT
,ACTGTTAGGT
,AGATGGCAA
,AGATTGACT
,AGCACCATT
,AGGTACAGTC
,AGTGAAGTT
,AGTGGAATGA
,AGTGTCAAT
,AGTTGCAACT
,ATAAAAACC
,ATAGGTTCAC
,ATGGCAAGTTCTA
,ATGGCATCAT
,ATGTTATTA
,ATGTTTTAGA
,ATTAATGTC
,ATTGCACTG
,CATCAATAA
,CATTACCAC
,CCATTTTTA
,CCTATATTAG
,CGTTACTGT
,CGTTTGCAA
,CTACTAATG
,CTATTAGTA
,CTATTGAGC
,CTGTTATAAA
,GAAGTTTGTA
,GACAACAAC
,GCATTAAGT
,GCATTCGTT
,GCCATACAT
,GGCCATTTT
,GGTTTTTAT
,GTAACACAA
,GTAATGGTA
,TAACAAATCA
,TAACATCCA
,TAACTTGTA
,TAATTGGTT
,TACACATCG
,TACGTTTGC
,TAGTGTAAA
,TAGTTTTCA
,TATAACAGC
,TATTAATGG
,TATTACTAC
,TATTATCCT
,TATTGTGCA
,TCAGCATTA
,TCATACCAA
,TCGAGTACG
,TGAAATTTCA
,TGCAAAATA
,TGGTTTTTG
,TGTAATATA
,TGTTATGTA
,TTAACAATT
,TTATATTAA
,TTATGTAGCT
,TTCAAATTG
,TTCTAATAT
,TTGAACAAA
,TTGCCATCT
,TTTTCAATG
,AATTCTATT
,AGTTGCAACT
,TTACGAAAC
,TTCTATTTGA
,AAGTTCTAT
,AGTTGCAACT
,TCAGATCTGA
,TTGTCAATG
,TCAGTATACTGA
,GAAACGTTTC
,AATAACACA
,AATTTCACC
,ACTTCACTT
,AGCTCCACT
,ATAACACCA
,ATAGCTCCA
,ATGTTATTA
,CATATATAT
,CATCAATAA
,GTACTGTTA
,GTAGTTGTT
,GTGTTTTCA
,TAACCACTG
,TAACTTGTA
,TACACATCG
,TCATACCAA
,TTAATGTTA
,TTTGTTACA
,TTGTGAAGT
,AAACGTTAAG
,AACCATTATTA
,AACCATTATTA
,AACCTAAAT
,AACTATTGAA
,AAGTTAAAC
,AATAATTATT
,AATTGTGTG
,ACAGTCCAGTT
,ACCTAAATT
,ACCTAATGTT
,ACTATTAAC
,ACTTAGTGC
,AGCCTATTA
,AGGTACAGT
,AGTTGCAACT
,ATAAAAATG
,ATAATTATT
,ATAATTTTCAA
,ATAGCAATAG
,ATGGCATCAT
,ATGTATTGT
,ATGTCACTA
,ATGTTGTCAA
,ATTAACACTA
,ATTGGTTCA
,ATTGTCACA
,ATTGTTATA
,ATTTCTTGT
,CAAAAGTGC
,CAAGTTCTA
,CAATTGTACT
,CCAATATTGG
,CCAGACCTT
,CCATTTGGTG
,CTAGGTGGTA
,CTATAAGAG
,GAATTGGTT
,GCAGTTAAATT
,GCCATACAT
,GCTAGTATCA
,GGTGTGACAAT
,GTACTACAAC
,GTCAGGTAT
,GTTAGGTGG
,GTTTTTGTT
,TAAAAATGT
,TAAGTCTTC
,TAGGTGGCT
,TAGTAAAAT
,TATTGTGCA
,TCAAGCTGC
,TCTATGGTT
,TCTGAACTT
,TGCAAAATA
,TGCAGTTAA
,TGTGAAATT
,TTAAAAATGT
,TTCTATGGTT
,TTGAACAAAA
,TTGTCAATG
,TTGTTATAA
,TTTCTAATA
,TTTGATGTA
,TTTTATACC
,TTTTTAAAG
,AATTCTATT
,GTCAGGTAT
,TCAGTATACTGA
,AAAACTTAT
,AAATGTCACT
,AACACTGTAG
,AACATGGAA
,AACCACTAC
,AACTTCACTT
,AAGCATTAG
,AATATGTCT
,AATTTCACC
,ACACATCAC
,ACAGTTTCA
,ACCTGAATT
,ACTGTTAGGT
,AGCCTGTTA
,AGCTCCACT
,AGTGGAATG
,AGTGTCAAT
,AGTTGCAACT
,ATAATTTTCAA
,ATACCTGAC
,ATAGCTCCA
,ATATATATAT
,ATGTTATTA
,ATTATAACA
,CAAAAGTGC
,CAAGTCAAT
,CAATATGTCT
,CAATGAGAACA
,CAATGAGAACA
,CAATTGGTT
,CACCAATGTT
,CATATATAT
,CATTACCAC
,CCATTTTTA
,CTAATTGGTT
,CTATTAGTA
,CTGTTAGTT
,CTGTTATAAA
,GAATATATTC
,GACAACAAC
,GCATTAAGT
,GCCACTAAC
,GGCCATTTT
,GTAACACCATG
,GTAATGGTA
,GTATTGTTA
,GTCAGGTAT
,GTGCTGCAT
,GTTTGATGT
,TAACAAATCA
,TAATGGAAC
,TACAAATAG
,TAGTGTAAA
,TATAATTATA
,TATATATGG
,TATTAATGG
,TCACAACCT
,TCACAACCT
,TCAGGTTTA
,TCTTTAGCA
,TGAAAATTAT
,TGAAATTTCA
,TGAGAACATT
,TGCAAAATA
,TGCACAGAT
,TGGAATTCCA
,TGTTAATAT
,TGTTATGTA
,TTAACAATTT
,TTAACAATT
,TTAATTTCACC
,TTATAACAG
,TTATATTAA
,TTATGTAGCT
,TTCTATTTGA
,TTGAACAAA
,TTGAACAAT
,TTGTCAATG
,TTTCACCAG
,TTTTAAAAC
,AAAAATTTTT
,AAGTATCATA
,GCTTCGAAGC
,TACTATAGTA
,CTGATGTAT
,TTTGGCAAG
,AATTCTATT
,GTCAGGTAT
,AAATGTTCT
,AACATCAAA
,AACATGGAA
,AACTTCACTT
,AATACTACT
,ACAAACTAA
,ACACAAATG
,ACAGTTTCA
,ACATCACAC
,ACATTACCA
,AGCTCCACT
,AGTGGAATG
,AGTGTCAAT
,AGTTTTTAT
,ATACCTGAC
,ATAGCTCCA
,ATATATATAT
,ATTATATAT
,ATTGCACAG
,CAAAAGTGC
,CAAGAACCA
,CAAGTTCTA
,CAATGAGAA
,CAATTGGTT
,CATTACCAC
,CCATTTTTA
,CTAACACATT
,CTAATTGGTT
,CTATTAGTA
,CTATTGAGC
,CTGAACATC
,CTGATGTAT
,CTGTTACAG
,CTGTTAGTT
,CTGTTATAAA
,GACAACAAC
,GATGTTATTA
,GCCACTAAC
,GTCAGGTAT
,GTGCTGCAT
,GTTTGTAAA
,GTTTGTAAT
,TAAAAACTT
,TAACAAATCA
,TACACATCA
,TACCAAGGT
,TAGGCTGAT
,TAGGTCTCA
,TAGTATTAT
,TATATATATA
,TATATATGG
,TATTAATGG
,TCAAGATTG
,TCTCATTTG
,TGAGAACATT
,TGCAAAATA
,TGCAATTGCA
,TGGAATTCCA
,TGGTTTTTA
,TGTAATATA
,TGTTGGTAT
,TTAAAAATGT
,TTAACAATTT
,TTAACAATT
,TTCAAATTG
,TTCCATGTT
,TTCTACAGT
,TTGACCTTG
,TTGCACAGAT
,TTGCTATTA
,TTGTGCACAA
,TTTCACCAG
,TTTTAAAAC
,AATTCTATT
,GTCAGGTAT
,AACATGGAA
,ACAAACTAA
,CAAGAACCA
,GCAAGCGCTTGC
,GTCTGATAATA
,GTTTGTAAT
,TATATATGG
,TCTCATTTG
,TGATGTGTA
,TGTAATATA
,TGTTGGTAT
,AAATGTAAT
,AAATTTATTA
,AAGATTATTA
,AATGGTAGA
,AATGGTATA
,ACTAATAAA
,AGCTGACCAT
,AGTGGAACC
,ATAGGATAT
,ATGCGATGT
,ATTAGTAACAA
,ATTCTTATA
,ATTGCTCAAA
,CAAACAAGT
,CAGCAGTAT
,CATTCATTAA
,CCAGGTAAT
,CTACAGCTGA
,CTATTGCTC
,CTGTCAATGC
,GTAATATATT
,GTTTTAAAAC
,TAAGATTATTA
,TAATATTTT
,TAGGCTTAA
,TATATTACC
,TATCCTATAT
,TATTCCATCA
,TCCATAATAT
,TCCATTACA
,TCTGATATAG
,TGACCATAT
,TGGTGGTATT
,TTAACTGTT
,TTAATAATA
,TTAATGCGA
,TTACTAATGG
,TTCCATTTGT
,TTGCTGAGA
,TTTGTTGAT
,AAAAATTTTT
,GGTATAATAT
,TACTATAGTA
,TTATTTTCAT
,ATTTTAACATCA
,GATTATATTG
,ATATATATAT
,TGGAATTCCA
,ACCTGAATT
,TATAATTATA
,AACATCAAA
,TACACATCG
,AAAATGTCA
,AAAGGTATA
,AAATGTCACT
,AACACAACA
,AACACTGTAG
,AACATGGAA
,AAGCATTAG
,AATTTCACC
,ACACATCAC
,ACAGAATCCAA
,ACATACAAA
,ACATTTTTA
,ACTGTTAGGT
,AGGTACAGTC
,AGTTGCAACT
,AGTTGTTGC
,ATAACAGCAG
,ATAATTTTCAA
,ATAGAGTGA
,ATAGCAGTA
,ATGAAATTT
,ATGTTATTA
,ATTCATTAA
,ATTGTACTG
,CAAAAGTGC
,CAATATGTCT
,CAATTGGTT
,CATTACCAC
,CATTTTTAC
,CCATTTTTA
,CTATTAGTA
,CTGTTATAAA
,GAAACGTTTC
,GAAAGAAAAT
,GAATATATTC
,GACAACAAC
,GCATTAAGT
,GCTGGTTTT
,GCTGTGCTA
,GGCCATTTT
,GTAACACCATG
,GTAATGGTA
,GTATTGTTA
,GTCAGGTAT
,GTCTGGCAC
,GTGGTGTTA
,GTTTGATGT
,TAATAATAA
,TAGTGTAAA
,TATAACAGC
,TATAATTATA
,TATACCACCT
,TATATATGG
,TATTAATGG
,TCAGGTTTA
,TCTTTAGCA
,TCTTTTAAA
,TGAAATTTCA
,TGCAAAATA
,TGCACAGAT
,TGCATTCGC
,TGTGCTAAA
,TGTTAATAT
,TGTTACAAT
,TGTTAGGTG
,TGTTATGTA
,TTAACAATT
,TTAATTTCACC
,TTATATTAA
,TTATGTAGCT
,TTCTATTTGA
,TTGAACAAA
,TTGAACAAT
,TTGACTAAT
,TTGATTGAAA
,TTGTCAATG
,ATAATCCCA
,AACATGGAA
,AACTTGTTA
,AAGCATTAG
,AATACTACT
,AATAGAACCAT
,AATTTCACC
,AATTTCACC
,ACACATCAC
,ACACCACCT
,ACATATTGT
,ACATCACAC
,ACATTACCA
,ACCACCTAGTG
,ACCAGTTTT
,ACCATCAGA
,ACCATTGGT
,AGTGTCAAT
,ATGTTATTA
,ATTCATTAA
,CAAAAGTGC
,CAAGAACCA
,CAAGTTCTA
,CAATGTGTT
,CAATTGCAC
,CAATTGGTT
,CACCACCTA
,CATTACCAC
,CCATTTTTACA
,CGTTAATAA
,CTATTAGTA
,CTATTGAGC
,CTGATGTAT
,GAATAGTAA
,GACAACAAC
,GCATCCACA
,GGGCCATTT
,GTCAGGTAT
,GTTTGTAAA
,GTTTGTAAT
,TAACACTGA
,TACACATCA
,TAGAACCAT
,TAGGCTGAT
,TAGTAAAAA
,TAGTATTAT
,TAGTGTAAA
,TATAACAGC
,TATATATGG
,TCAACTGAA
,TCTCATTTG
,TGAGTGCTG
,TGATGTGTA
,TGCAAAATA
,TGCACAGAT
,TGCATTCGC
,TGCTATTAT
,TGTAATATA
,TGTTACAAT
,TGTTGGTAT
,TTAACAATT
,TTAACTAATAG
,TTATGGGAC
,TTATTATAG
,TTCTACAGT
,TTGCTATTA
,TTGTCAATG
,AACATGGAA
,AACTTCCAT
,ACAAACTAA
,CAAGAACCA
,GCAAGCGCTTGC
,GTCTGATAATA
,GTTTGTAAT
,TATATATGG
,TCTCATTTG
,TGATGTGTA
,TGTAATATA
,TGTTGGTAT
,AAATGTTCT
,AACATCAAA
,AACATCTTT
,AACATGGAA
,AACATTAATA
,AACCACTAC
,AACTTCACTT
,AATACTACT
,ACAAACTAA
,ACACAAATG
,ACATCACAC
,ACATTACCA
,ACCACCTAGTG
,ACCAGTTTT
,AGCTCCACT
,AGTGGAATG
,AGTGTCAAT
,AGTTTTTAT
,ATAGCTCCA
,ATATATATAT
,ATGTATTCG
,ATTATAACA
,ATTGCACAG
,CAAGTTCTA
,CAATTGGTT
,CACTCTTTTG
,CATATATAT
,CATTACCAC
,CCATTTTTA
,CTAACACATT
,CTAATTGGTT
,CTATTAGTA
,CTATTGAGC
,CTGATGTAT
,CTGTTAGTT
,CTGTTATAAA
,GACAACAAC
,GATGTTATTA
,GTCAGGTAT
,GTGCTGCAT
,GTTTGTAAT
,GTTTTTATTCA
,TAAAAACTT
,TAACAAATCA
,TAACACTGA
,TAACAGATTCA
,TAAGTACTTA
,TACAAATAG
,TACACATCA
,TACCAAGGT
,TAGCAATTT
,TAGGCTGAT
,TAGTATTAT
,TATATATGG
,TATTAATGT
,TCAAGATTG
,TGCAAAATA
,TGCAATTGCA
,TGGAATTCCA
,TGGTTTTTATT
,TGGTTTTTA
,TGTAATATA
,TGTTGGTAT
,TTAAAAATGT
,TTAACAATT
,TTATAACAG
,TTCAAATTG
,TTCTACAGT
,TTGACCTTG
,TTGCACAGAT
,TTGCTATTA
,TTGTGCACAA
,TTTTAAAAC
,ATATATATAT
,CTGTTCTAGAACAG
,TCAGATCTGA
,AAAAATTTTT
,AAGGAAAAAT
,ATGTTAACAT
,AAAACTTAT
,AACATGGAA
,AACCAGTGC
,ACAAACTAA
,AGACAACAC
,AGTGGAATG
,AGTTTTTAT
,ATGTTATTA
,ATTGCACTG
,CATATATAT
,CATCAATAA
,CCATTTTTA
,CTACACCAG
,GGTGTTACA
,GGTGTTATT
,GTAACACAA
,GTAACACCATG
,GTACCACAC
,GTATATCTTTTAA
,GTTATTATCCT
,TAACACCGA
,TAATAACAT
,TAATTGGTT
,TAGTGTAAA
,TATATATGG
,TATTAATGG
,TATTGAGCA
,TGCACAGAT
,TTAACAATT
,TTATATTAA
,TTATGGGAC
,TTGAACAAT
,TTGCTATTA
,AATTTTAACATC
,AATTCTATT
,GTCAGGTAT
,AGTTGCAACT
,GTCAGGTAT
,TTCTATTTGA
,AAAAATTTTT
,GCTTCGAAGC
,TACTATAGTA
,CTGTTCTAGAACAG
,AAAACTTAT
,AAAATAGCA
,AAAATGTCA
,AAATGTCACT
,AACATGGAA
,AACTTCACTT
,AATAGCACTG
,AATATGTCT
,AATGCACGT
,AATTCTATT
,ACAACATGG
,ACCTGAATT
,ACTGTTAGGT
,ACTTTTACAA
,AGAACAGCA
,AGCCTGTTA
,AGTGCGCACT
,AGTGGAATG
,AGTTGCAACT
,ATAATTTTC
,ATAGCTCCA
,ATATCGATAT
,ATGTTATTA
,CAAAAGTGC
,CAATTGGTT
,CACATACCA
,CACATACCA
,CATATATATT
,CATCAATAA
,CCATTTTTA
,CCTATATTAG
,CTACACCAG
,CTACTAATG
,CTATTGAGC
,CTGTTATAAA
,CTGTTCTAGAACAG
,GAATATATTC
,GACAACAAC
,GATGCACAA
,GCACAAGCT
,GCATTAAGT
,GGCCATTTT
,GTAACACAA
,GTAATGGTA
,GTACTGTTA
,GTGAACCTA
,GTGCTGCAT
,GTTTGATGT
,TAACAAATCA
,TAATAACAT
,TAATTGGTT
,TACAAATAG
,TATAATTATA
,TATATATGG
,TATCATAACC
,TATTAATGG
,TATTGAGCA
,TCTTTAGCA
,TGAAATTTCA
,TGCAAAATA
,TGCACAGAT
,TGCTGTTAGT
,TGGAATTCCA
,TGTTAATAT
,TGTTATGTA
,TTAACAATT
,TTATATTAA
,TTATGGGAC
,TTATGTAGCT
,TTCAAATTG
,TTGAACAAT
,TTGTCAATG
,TTTAAAGAA
,AACATGGAA
,ACAAACTAA
,CAAGAACCA
,GCAAGCGCTTGC
,GTTTGTAAT
,TAATAATAC
,TATATATGG
,TGTAATATA
,TGTTGGTAT
,AATTCTATT
,GTCAGGTAT
,CAAGTTCTA
,GTCAGGTAT
,TAGTATTAT
,AATTCTATT
,GTCAGGTAT
,AAATGTTCT
,AACATCAAA
,AACATCTTT
,AACATGGAA
,AACTTCACTT
,AATAGCGGT
,ACAAACTAA
,ACACAAATG
,ACATCACAC
,ACATTACCA
,ACTGTTAGGT
,AGCTCCACT
,AGGTACAGT
,AGTGTCAAT
,AGTTTTTAT
,ATAGCTCCA
,ATATATATAT
,ATATGGTAAA
,ATGTATTCG
,ATTGCACTG
,CAAGTTCTA
,CAATGAGAA
,CAATTGGTT
,CATATATAT
,CATTACCAC
,CCATTTTTA
,CTAACACATT
,CTATTAGTA
,CTATTGAGC
,CTGAACATC
,CTGATGTAT
,CTGTTACAG
,CTGTTAGTT
,CTGTTATAAA
,GAAGCTATGG
,GACAACAAC
,GATGTTATTA
,GTCAGGTAT
,GTGAAAATT
,GTGCTGCAT
,GTTTGTAAA
,GTTTGTAAT
,TAAAAACTT
,TAACAAATCA
,TAAGTACTTA
,TAATAATAC
,TACACATCA
,TACCAAGGT
,TAGGTCTCA
,TATAACAGCT
,TATATATGG
,TATTAATGG
,TCAAGATTG
,TCTCATTTG
,TGAGAACATT
,TGCAAAATA
,TGCAATTGCA
,TGGAATTCCA
,TGGTATTAT
,TGGTTTTTA
,TGTAATATA
,TGTCATCAT
,TGTTGGTAT
,TTAAAAATGT
,TTAACAATTT
,TTAACAATT
,TTCTACAGT
,TTGACCTTG
,TTGCACAGAT
,TTGCTATTA
,TTGTGCACAA
,TTTTAAAAC
,ATAATCCCA
,CAAGTTCTA
,GTCAGGTAT
,AGTTGCAACT
,TCAGATCTGA
,ATATATATAT
,CTGTTCTAGAACAG
,ACCTGAATT
,AGTTGCAACT
,ATATCGATAT
,AAAATATCA
,AACCTATCA
,AAGCATTAG
,AAGTTTGTA
,AATGTGCTA
,AATTTCACC
,AATTTCCTT
,AATTTTCAA
,ACAACAACC
,ACACAAATG
,ACCAATGCA
,ACTAATAGC
,AGGTACAGT
,AGTTAAGTG
,AGTTACAAC
,ATAAAAATGGC
,ATAATTTTCAA
,ATGTAGTTG
,ATGTTATTA
,ATGTTGTCAAT
,ATTACAGTT
,CAAAAGTGC
,CAACTGTAC
,CAAGAACCA
,CAAGTTCTA
,CACATACCA
,CCATTTTTA
,CGTTAATAA
,CTACACCAG
,CTGTACAAC
,CTTGCACAGAT
,GACAACAAC
,GCCATCTGA
,GGCCATTTT
,GTAACACCATG
,GTAACCATT
,GTAATGGTA
,GTAATGGTA
,GTACTGTTA
,GTCAGGTAT
,GTGTTGTGT
,GTGTTTTCA
,GTTTGATGT
,TAATAAAAA
,TAATTGGTT
,TACAACCTT
,TACACATCG
,TAGGCTGAT
,TATTAATGG
,TATTGAGCA
,TCTCATTTG
,TCTGTTGAG
,TCTTGCACA
,TGAAAACAA
,TGCAAAATA
,TGCAATTGG
,TGCTATTAT
,TGGTTTTTATT
,TGTAATATA
,TGTTACAAT
,TTAAACCAC
,TTAAGTGCT
,TTACAGTTA
,TTACAGTTA
,TTATATTAA
,TTATGGGAC
,TTCAAATTG
,TTGAAAATT
,TTGCAATTG
,TTGCTATTA
,TTGTCAATG
,TTTGATGTT
,TTTTCAATT
,AATTCTATT
,GTCAGGTAT
,ATTTTAACATCA
,ATGTTATTA
,CTGTTCTAGAACAG
,TAATAACAT
,AGTTGCAACT
,GTCAGGTAT
,AATTCTATT
,GTCAGGTAT
,CATTAGCTAATG
,TCAGTATACTGA
,AATTCTATT
,GTCAGGTAT
,AAATGTTCT
,AACATCAAA
,AACATGGAA
,AACCACTAC
,AACTTCACTT
,AAGCATTAG
,ACAAACTAA
,ACACAAATG
,ACAGTTTCA
,ACATCACAC
,ACATTACCA
,AGCTCCACT
,AGTGGAATG
,AGTGTCAAT
,AGTTTTTAT
,ATAGCTCCA
,ATATATATAT
,ATGTATTCG
,ATTGCACAG
,CAAAAGTGC
,CAACTGCAA
,CAAGAACCA
,CAAGTTCTA
,CAATGAGAA
,CAATTGGTT
,CATATATAT
,CATTACCAC
,CCATTTTTA
,CTAACACATT
,CTAATTGGTT
,CTATTAGTA
,CTATTGAGC
,CTGATGTAT
,CTGTTACAG
,CTGTTAGTT
,CTGTTATAAA
,GACAACAAC
,GATGTTATTA
,GCCACAAACA
,GTCAGGTAT
,GTGCAATAT
,GTGCTGCAT
,GTTCTAGAAC
,GTTTGTAAA
,GTTTGTAAT
,TAAAAACTT
,TAACAAATCA
,TACACATCA
,TACCAAGGT
,TAGGCTGAT
,TATATATGG
,TATTAATGG
,TCAAGATTG
,TGAGAACATT
,TGCAAAATA
,TGCAATTGCA
,TGGTATTAT
,TGGTTTTTA
,TGTAATATA
,TGTCACTGA
,TGTCATCAT
,TGTTGGTAT
,TTAAAAATGT
,TTAACAATTT
,TTAACAATT
,TTCAAATTG
,TTCTACAGT
,TTGACCTTG
,TTGCACAGAT
,TTGCTATTA
,TTGTGCACAA
,TTTCACCAG
,TTTTAAAAC
,AATTCTATT
,GTCAGGTAT
,AGTTGCAACT
,GTTAGGTCT
,TCAGATCTGA
,TTGTCAATG
,AACATGGAA
,AACTGGTGT
,AACTTGCCA
,AATAACACA
,AATACTACT
,ACAAACTAA
,ACAACAACA
,ACACAAATG
,ACACCACCT
,ACAGCCGCT
,ACATACAAA
,ACATATTGT
,ACATCACAC
,ACATTACCA
,ACCATCAGA
,AGGTACAGT
,AGTTGTTGC
,ATACATCCA
,ATAGAGTGA
,ATATTGTAA
,ATTACAGTT
,ATTCATTAA
,CAAAAGTGC
,CAATTGGTT
,CACCACCTA
,CATTACCAC
,CCATTTTTA
,CTACTACCG
,CTATACATC
,CTATTAGTA
,CTGATGTAT
,GACAACAAC
,GGGCCATTT
,GGTGTTGTT
,GTATTATTA
,GTCAGGTAT
,GTGCTGTTT
,GTGTTATTA
,TAATAGAAC
,TAGAACCAT
,TAGGCTGAT
,TAGTATTAT
,TATAACAGC
,TATATATGG
,TATTAATGG
,TCAACTGAA
,TCTCATTTG
,TCTGTTGAG
,TGCAAAATA
,TGTAATATA
,TGTTGGTAT
,TTCAAATTG
,TTCTAATAT
,TTCTACAGT
,TTGACCTTG
,TTGTCAATG
,CATTAGCTAATG
,TCAGTATACTGA
,AACATGGAA
,AACTTGTTA
,AAGCATTAG
,AATACTACT
,AATAGAACCAT
,AATAGTAATAA
,AATTTCACC
,ACACAAATG
,ACACATCAC
,ACACCACCT
,ACAGCCGCT
,ACATCACAC
,ACATTACCA
,ACCACCTAGTG
,ACCAGTTTT
,ACCATCAGA
,ACCATTGGT
,AGTGTCAAT
,ATAATTTTC
,ATGTTATTA
,ATTCATTAA
,CAAAAGTGC
,CAACTGCAA
,CAAGAACCA
,CAAGTTCTA
,CAATGTGTT
,CAATTGCAC
,CAATTGGTT
,CACCACCTA
,CATTACCAC
,CATTTTTAC
,CCATTTTTA
,CCTCAATTT
,CGTTAATAA
,CTATTAGTA
,CTATTGAGC
,CTGATGTAT
,GAATAGTAA
,GACAACAAC
,GCATCCACA
,GCTGGTTTT
,GTCAGGTAT
,GTTTGTAAA
,GTTTGTAAT
,TAACACTGA
,TAACATTTTTA
,TACACATCA
,TAGAACCAT
,TAGGCTGAT
,TAGTATTAT
,TAGTGTAAA
,TATTAATGG
,TCAACTGAA
,TCAATTTCACC
,TCTATTACAGT
,TCTCATTTG
,TGATGTGTA
,TGCAAAATA
,TGCACAGAT
,TGCTATTAT
,TGTAATATA
,TGTCACTGA
,TGTTACAAT
,TGTTGGTAT
,TTAACAATT
,TTAACTAATAG
,TTATGGGAC
,TTCTACAGT
,TTGCTATTA
,TGCATTCGC
,AATTCTATT
,GTCAGGTAT
,AACATGGAA
,CTACACCAG
,CTGATGTAT
,GCAAGCGCTTGC
,GTTTGTAAA
,GTTTGTAAT
,AGTTGCAACT
,ATATCGATAT
,AGTTGCAACT
,ATATCGATAT
,AATAATAAT
,AATGGCTTG
,AATTCTATT
,ACAACAACA
,ACACATCAC
,ACACATCGT
,ACACCGGTGT
,ACATCAAAC
,ACTGTTAGGT
,AGGTACAGT
,AGTGGAATGA
,AGTTGCAACT
,ATATATATAT
,ATGGCGCCAT
,ATTTGAACA
,ATTTGGTCT
,CAACAACCA
,CAACAGCTT
,CAAGAACCA
,CAATTGGTT
,CACATACCA
,CACCTTCAAA
,CATATATAT
,CATCAATAA
,CATTACCAC
,CCATTTTTA
,CCTATATTAG
,CTATTGAGC
,CTGTTATAAA
,GGCCATTTT
,GTCAGGTAT
,GTGCTGCAT
,GTTTGATGT
,TAATTGGTT
,TACACATCG
,TACGTTTGC
,TAGTGTGAT
,TATAATTATA
,TATTAATGG
,TCAGGTTTA
,TCTTTAGCA
,TCTTTTAAA
,TGAAATTTCA
,TGCACAGAT
,TGGCTTGAA
,TGGTTCTTG
,TGTAATATA
,TGTCATCTA
,TTAACAATT
,TTAATGTGAC
,TTACAAACA
,TTACCACAGA
,TTATATTAA
,TTCAAATTG
,TTCTAATAT
,TTGAACAAT
,TTGTACATC
,TTTCAAATT
,TTTTGCAAT
,CTGATGTAT
,TTTGGCAAG
,AGTTGCAACT
,GTCAGGTAT
,TTCTATTTGA
,AACATCAAA
,AACCACTAC
,AGTTTTTAT
,ATTATAACA
,CAGCAACAT
,CATATATAT
,CTGTTAGTT
,TAATAATAC
,TACACATCA
,TACCAAGGT
,TAGCAATTT
,TGTAATATA
,TTATAACAG
,TTTTAAAAC
,AACATGGAA
,CTGATGTAT
,GCAAGCGCTTGC
,GTTTGTAAA
,GTTTGTAAT
,AAATGTTCT
,AACATCAAA
,AACATCTTT
,AACATGGAA
,AACCACTAC
,AACTTCACTT
,AATACTACT
,AATAGCGGT
,ACAAACTAA
,ACATCACAC
,ACATTACCA
,AGCTCCACT
,AGTGTCAAT
,AGTTTTTAT
,ATAGCTCCA
,ATATATATAT
,ATATGGTAAA
,ATGGTGTCA
,ATGTATTCG
,ATTGCACAG
,CAAAAGTGC
,CAAGTCAAT
,CAAGTTCTA
,CAATGAGAA
,CAATTGGTT
,CATATATAT
,CATTACCAC
,CCATTTTTA
,CTAACACATT
,CTAATTGGTT
,CTATTAGTA
,CTATTGAGC
,CTGAACATC
,CTGATGTAT
,CTGTTACAG
,CTGTTAGTT
,CTGTTATAAA
,GAAGTATGT
,GACAACAAC
,GATGTTATTA
,GCTCCAACT
,GGGCCATTT
,GTATGTGAA
,GTCAGGTAT
,GTGCTGCAT
,GTTTGTAAA
,GTTTGTAAT
,TAAAAACTT
,TAACAAATCA
,TAACATTTT
,TAAGTACTTA
,TAATAATAC
,TACAAATAG
,TACACATCA
,TACCAAGGT
,TAGGCTGAT
,TAGTATTAT
,TATATATGG
,TATTAATGG
,TCAAGATTG
,TCTATTTGA
,TCTCATTTG
,TCTTTAGCA
,TGAGAACATT
,TGCAAAATA
,TGCAATTGCA
,TGGAATTCCA
,TGGTTTTTA
,TGTAATATA
,TGTCATCAT
,TGTTGGTAT
,TTAAAAATGT
,TTAACAATTT
,TTAACAATT
,TTCTACAGT
,TTGACCTTG
,TTGCACAGAT
,TTGCTATTA
,TTGTCAATG
,TTGTGCACAA
,TTTCACCAG
,TTTTAAAAC
,CATTAGCTAATG
,TCAGTATACTGA
,CATTAGCTAATG
,TCAGTATACTGA
,AATTCTATT
,GTCAGGTAT
,AATTCTATT
,ACCTGAATT
,CAAATTCTA
,AACATGGAA
,AACTGCTAC
,AAGGTCAAT
,AATTCTATT
,AATTTGCAA
,AATTTTCAA
,ACACACTAA
,ACACATCAC
,ACACCACCT
,ACGTTTGTAAT
,ACTAATAGC
,AGGTACAGT
,AGTTGTTGC
,ATAAAAATGGC
,ATAGCTCCA
,ATCAATGTA
,ATCATAACC
,CAAAAGTGC
,CATTACCAC
,CCATTTTTA
,CTACACCAG
,CTATTGAGC
,GACAACAAC
,GATGTGTAC
,GGCCATTTT
,GTAATGGTA
,GTAATGGTA
,GTATTGTTA
,GTCAGGTAT
,GTCTGGCAC
,GTGGTGTTA
,GTGTTTTCA
,GTTATGTAG
,TAACTAATA
,TAATAAAAA
,TAATTGGTT
,TAATTTCACCA
,TACTACACA
,TATTAATGG
,TATTACTAC
,TCAGGTTTA
,TCTTTAGCA
,TGATTGAAA
,TGCACAGAT
,TGCTAATTT
,TGGTTTTTATT
,TGTAATATA
,TGTTAATAA
,TGTTACAAT
,TGTTAGGTG
,TGTTATGTA
,TTAATAATT
,TTGCTATTA
,TTGTCAATG
,TTGTTAATA
,TCAGTATACTGA
,AATTCTATT
,GTCAGGTAT
,AATTCTATT
,GTCAGGTAT
,AATTCTATT
,GTCAGGTAT
,AATTCTATT
,GTCAGGTAT
,ATATATATAT
,GTTCTAGAAC
,AAAATATAAC
,AAAATGTCA
,AAAGGTATA
,AAATGTCACT
,AACACTGGTA
,AACACTGTAG
,AACATGGAA
,AAGCATTAG
,AATATAACTA
,AATATGTCT
,AATTCTATT
,ACAAACTAA
,ACATACAAA
,ACATTTTTA
,ACCTGAATT
,ACTGTTAGGT
,AGTCATTAA
,AGTGTTAAT
,AGTTGCAACT
,AGTTGTTGC
,ATAACAGCAG
,ATAATTTTC
,ATAGAGTGA
,ATAGCAGTA
,ATGAAATTT
,ATGTTATTA
,ATTGTACTG
,ATTTTTATT
,CAAAAGTGC
,CAATTGGTT
,CATTAATAA
,CATTACCAC
,CATTTTTAC
,CCATTTTTA
,CTACACCAG
,CTACTACTAC
,CTACTACTAC
,CTATTGAGC
,CTGTTATAAA
,GAATATATTC
,GACAACAAC
,GAGCTGTGC
,GATGCACAA
,GCATTAAGT
,GGCCATTTT
,GGTACTGTTA
,GTAATGGTA
,GTACCATTA
,GTACTGTTA
,GTCTGGCAC
,GTGGTGTTA
,GTTTGATGT
,TAATAATAA
,TAATAATAA
,TACACATCG
,TAGTGTAAA
,TATAACAGC
,TATAATTATA
,TATACCACCT
,TATATATGG
,TATTAATGGT
,TATTAATGG
,TATTGAGCA
,TCAGGTTTA
,TCTTTAGCA
,TCTTTTAAA
,TGAAATTTCA
,TGCAAAATA
,TGCACAGAT
,TGCATTCGC
,TGCTATTAT
,TGTGCTAAA
,TGTTAATAT
,TGTTACAAT
,TGTTAGGTG
,TGTTATGTA
,TTAACAATT
,TTATATTAA
,TTATGGGAC
,TTATGTAGCT
,TTCAAATTG
,TTGAACAAT
,TTGATTGAAA
,TTGCTATTA
,TTGTCAATG
,TTTAAATTA
,AACTGCTAC
,AAGCATTAG
,AATTTCCTT
,ACAAACAAA
,ACACCACCT
,ACCAATTGC
,ACCATCAGA
,ACTAATAGC
,AGACAACAC
,AGGTACAGT
,AGTGTCAAT
,AGTTGTTGC
,ATAAAAATGGC
,ATAATAAAAAT
,ATAATTTTCAA
,ATAGCTCCA
,ATTACAGTT
,ATTACAGTT
,CAAAAGTGC
,CAATTGCTT
,CACATACCA
,CATTACCAC
,CCATTTTTA
,CTATTAGTA
,CTTGATTGAAA
,GACAACAAC
,GCAACCTAT
,GCAACCTAT
,GCATTAAGT
,GGCCATTTT
,GTAATGGTA
,GTATTATTA
,GTCAGGTAT
,GTCTGGCAC
,GTGTTGTGT
,GTGTTTTCA
,GTTTGATGT
,TAACTAATA
,TAATAAAAA
,TAATAATAA
,TAATTGGTT
,TACACATCG
,TACGTTTGC
,TATATATGG
,TATTAATGG
,TATTGAGCA
,TCTTTAGCA
,TGACATGCG
,TGCACAGAT
,TGCAGAATA
,TGGTGTTAC
,TGTTACAAT
,TGTTACTACCT
,TGTTAGGTG
,TTATATTAA
,TTGAACAAA
,TTGCTATTA
,TTGTCAATG
,AAATGTTCT
,AACATCAAA
,AACATCTTT
,AACATGGAA
,AACCACTAC
,AACTTCACTT
,AATAGCGGT
,ACAAACTAA
,ACAACTTTA
,ACACATCAC
,ACAGTTTCA
,ACATCACAC
,ACATTACCA
,ACCACCTAGTG
,AGCTCCACT
,AGTGTCAAT
,AGTTTTTAT
,ATAGCTCCA
,ATATATATAT
,ATGTATTCG
,ATTGCACAG
,CAAAAGTGC
,CAAGAACCA
,CAAGTCAAT
,CAAGTTCTA
,CAATGAGAA
,CAATTGGTT
,CATATATAT
,CATTACCAC
,CCATTTTTA
,CTAACACATT
,CTAATTGGTT
,CTATTAGTA
,CTATTGAGC
,CTGAACATC
,CTGATGTAT
,CTGTTACAG
,CTGTTAGTT
,CTGTTATAAA
,GAATTATGT
,GACAACAAC
,GATGTTATTA
,GGGCCATTT
,GTCAGGTAT
,GTCTGATAATA
,GTCTGGGTA
,GTGCTGCAT
,GTTTGTAAA
,GTTTGTAAT
,GTTTTTATTCA
,TAAAAACTT
,TAAGTACTTA
,TACAAATAG
,TACACATCA
,TACCAAGGT
,TAGGCTGAT
,TATATATGG
,TATTAATGG
,TCAAGATTG
,TCTATTTGA
,TCTCATTTG
,TGAGAACATT
,TGATGTGTA
,TGCAAAATA
,TGCAATTGCA
,TGGAATTCCA
,TGGTTTTTA
,TGTAATATA
,TGTCATCAT
,TGTTGGTAT
,TTAAAAATGT
,TTAACAATT
,TTCTACAGT
,TTGACCTTG
,TTGCACAGAT
,TTGCTATTA
,TTGTCAATG
,TTGTGCACAA
,TTTCACCAG
,TTTTAAAAC
,ATAATCCCA
,AACATCAAA
,AACATCTTT
,AACATGGAA
,AACCACTAC
,AACTTCACTT
,AATACTACT
,ACAAACTAA
,ACAAATGTG
,ACACAAATG
,ACACATCAC
,ACATCACAC
,AGTGGAATG
,AGTGTCAAT
,AGTTTTTAT
,ATAGCTCCA
,ATATATATAT
,ATTGCACAG
,CAAAAGTGC
,CAAGTCAAT
,CAAGTTCTA
,CAATTGGTT
,CACCAATGTT
,CACCAATGT
,CATATATAT
,CCATTTTTA
,CTAACACATT
,CTATTAGTA
,CTATTGAGC
,CTGTTACAG
,CTGTTATAAA
,GAATATATTC
,GACAACAAC
,GATGTTATTA
,GCTTCAACA
,GGGCCATTT
,GTATAGCAT
,GTATATCTTTTAA
,GTCAGGTAT
,GTGCTGCAT
,GTTCTCACA
,TAAAAACTT
,TAACAAATCA
,TAAGTACTTA
,TACACATCA
,TACACCCATT
,TACCAAGGT
,TAGCAATTT
,TAGTATTAT
,TATATATGG
,TATTAATGG
,TCAAGATTG
,TGAACTGCTA
,TGATGTGTA
,TGCAATTGCA
,TGGAATTCCA
,TGGTTTTTA
,TGTAATATA
,TGTCATCAT
,TTAAAAATGT
,TTAACAATT
,TTACATTGG
,TTCTACAGT
,TTGACCTTG
,TTGCACAGAT
,TTGCTATTA
,TTGTGCACAA
,TTTTAAAAC
,AAAATTGTGG
,AACACGTCCC
,AAGTGGGTTC
,AATAATTATT
,AATACCAGA
,AATCTGAAT
,AATTTTTCT
,ACAATGTCT
,ACACATATGCATATGTGT
,ACACATATG
,ACCTATTCT
,AGTCTTATT
,AGTTTGAGAC
,ATTCAGATT
,ATTTTACAT
,CAACAGTTG
,CAATGGCAT
,CACATATGTG
,CAGATGTAAT
,CAGTTGTATT
,CATATCAGA
,CTATTATAG
,CTGTTATAGC
,CTGTTGATT
,CTGTTGCAG
,GATCTTCTTG
,GATTATATTG
,GCAAATAAT
,GGCAGTGTA
,GGCATTATT
,GGTGAAATT
,GTAATATTAC
,GTACTACAG
,GTCTATTTC
,GTCTATTTC
,GTGAAAATT
,GTTACAAAT
,GTTGAAACAT
,TAAAAATAG
,TAAAAATTTC
,TAAATATGT
,TACTAGCCT
,TACTGTTTC
,TATTACCAA
,TATTGAGCAC
,TCAACAAGA
,TCAGTTTGC
,TCTGAATTTTAGT
,TGAGGTTTAA
,TGATTAACG
,TGCTGTTAAA
,TGTGATTTA
,TGTGTGAAA
,TGTTATAGC
,TGTTGAAAT
,TTACAAACT
,TTACAAATA
,TTATTCAGA
,TTGAAATAG
,TTGATATCAA
,ACCTGAATT
,ATTGATATCAAT
,CAAGTTCTA
,GTCAGGTAT
,TTGTCAATG
,AAAATATCA
,AACCTATCA
,AAGCATTAG
,AAGTTTGTA
,AATGTGCTA
,AATTTCACC
,AATTTCCTT
,AATTTTCAA
,ACAACAACC
,ACACAAATG
,ACCAATGCA
,ACTAATAGC
,AGGTACAGT
,AGTTACAAC
,ATAAAAATGGC
,ATAATTTTCAA
,ATGTAGTTG
,ATGTTATTA
,ATGTTGTCAAT
,CAAAAGTGC
,CAACTGTAC
,CAAGAACCA
,CAAGTTCTA
,CACATACCA
,CCATTTTTA
,CGTTAATAA
,CTACACCAG
,CTACTACTA
,CTGTACAAC
,CTTGCACAGAT
,GACAACAAC
,GCCATCTGA
,GGCCATTTT
,GTAACACCATG
,GTAACCATT
,GTAATGGTA
,GTAATGGTA
,GTACTGTTA
,GTGTTGTGT
,GTGTTTTCA
,GTTTGATGT
,TAATAAAAA
,TAATTGGTT
,TACAACCTT
,TACACATCG
,TACTACTAC
,TAGGCTGAT
,TATTAATGG
,TATTGAGCA
,TCTAACGCATT
,TCTCATTTG
,TCTGTTGAG
,TCTTGCACA
,TGAAAACAA
,TGAGCAAGC
,TGCAAAATA
,TGCAATTGG
,TGCTATTAT
,TGGTTTTTATT
,TGTAATATA
,TGTTACAAT
,TTAAACCAC
,TTACAGTTA
,TTACAGTTA
,TTATATTAA
,TTATGGGAC
,TTCAAATTG
,TTGAAAATT
,TTGCAATTG
,TTGCTATTA
,TTGTCAATG
,TTTGATAAG
,TTTGATGTT
,TTTGGCAAG
,TTTTCAATT
,GTGTTATTA
,TACACATCG
,ATATATATAT
,ATTTGTTACA
,CTGTTCTAGAACAG
,TGAAATTTCA
,TGGAATTCCA
,AAAATATCA
,AACCTATCA
,AAGCATTAG
,AAGTTTGTA
,AATGTGCTA
,AATTTCACC
,AATTTCCTT
,AATTTTCAA
,ACAACAACC
,ACACAAATG
,ACCAATGCA
,ACTAATAGC
,AGGTACAGT
,AGTTACAAC
,ATAAAAATGGC
,ATAATTTTCAA
,ATGTAGTTG
,ATGTTATTA
,ATGTTGTCAAT
,CAAAAGTGC
,CAACTGTAC
,CAAGAACCA
,CAAGTTCTA
,CACATACCA
,CCATTTTTA
,CGTTAATAA
,CTACACCAG
,CTACTACTA
,CTGTACAAC
,CTTGCACAGAT
,GACAACAAC
,GCCATCTGA
,GGCCATTTT
,GTAACACCATG
,GTAACCATT
,GTAATGGTA
,GTAATGGTA
,GTACTGTTA
,GTGTTGTGT
,GTGTTTTCA
,GTTTGATGT
,TAATAAAAA
,TAATTGGTT
,TACAACCTT
,TACACATCG
,TACTACTAC
,TAGGCTGAT
,TATTAATGG
,TATTGAGCA
,TCTAACGCATT
,TCTCATTTG
,TCTGTTGAG
,TGAAAACAA
,TGAGCAAGC
,TGCAAAATA
,TGCAATTGG
,TGCTATTAT
,TGGTTTTTATT
,TGTAATATA
,TGTTACAAT
,TTAAACCAC
,TTACAGTTA
,TTACAGTTA
,TTATATTAA
,TTATGGGAC
,TTCAAATTG
,TTGAAAATT
,TTGCAATTG
,TTGCTATTA
,TTGTCAATG
,TTTGATAAG
,TTTGATGTT
,TTTGGCAAG
,TTTTCAATT
,AAATCTCAA
,AACTTGTTA
,AATAGAACCAT
,AATTTCACC
,ACACCACCT
,ACCAGTTTT
,ATGTTATTA
,GTACCTTTG
,TAACACTGA
,TAACATTTTTA
,TACACATCA
,TATAACAGC
,TGATGTGTA
,TGTAATATA
,TGTTACAAT
,TTAACTAATAG
,AATTCTATT
,GTCAGGTAT
,GTCAGGTAT
,TAGTATTAT
,TTGTCAATG
,TCAGTATACTGA
,AATTCTATT
,GTCAGGTAT
,AATTCTATT
,GTCAGGTAT
,AAAATAGCA
,AAAATGTCA
,AAATGTCACT
,AACATGGAA
,AACTTCACTT
,AAGCATTAG
,AATAGCACTG
,AATATGTCT
,AATGCACGT
,AATTCTATT
,AATTTGCAA
,ACATCACAC
,ACCTGAATT
,ACTGTTAGGT
,AGAACAGCA
,AGATGGCAA
,AGCCTGTTA
,AGTGGAATG
,AGTGTTAAT
,AGTTGCAACT
,ATATATATAT
,ATATCGATAT
,ATGCACTTT
,ATGTTATTA
,ATTGCACTG
,ATTTGTTACA
,CAAAAGTGC
,CAAGAACCA
,CAATATGTCT
,CAATTGGTT
,CATATATAT
,CATCAATAA
,CATTACCAC
,CCATTTTTA
,CCCGTACAA
,CCTATATTAG
,CTACTAATG
,CTATTAGTA
,CTATTGAGC
,CTGTTATAAA
,CTGTTCTAGAACAG
,GAATATATTC
,GACAACAAC
,GATGCACAA
,GCATTAAGT
,GGCCATTTT
,GTAACACAA
,GTAATGGTA
,GTACTGTTA
,GTGCATAAC
,GTGCTGCAT
,GTTTGTAAA
,TAACAAATCA
,TAATAACAT
,TAATTGGTT
,TACACATCG
,TAGTGTAAA
,TATAACAGCT
,TATAATTATA
,TATATATGG
,TATTAATGG
,TATTATCCT
,TCAGGTTTA
,TCTTTAGCA
,TGAAATTTCA
,TGCAAAATA
,TGCACAGAT
,TGGAATTCCA
,TGGTTTTTG
,TGTTAATAT
,TTAACAATT
,TTATATTAA
,TTCAAATTG
,TTCTAATAT
,TTGAACAAAA
,TTGTCAATG
,TTTTAAAAC
,AATTCTATT
,GTCAGGTAT
,AACATGGAA
,ACAAACTAA
,CTACACCAG
,GCAAGCGCTTGC
,GTCTGATAATA
,GTTTGTAAA
,GTTTGTAAT
,TATATATGG
,TCTCATTTG
,TGATGTGTA
,TGTAATATA
,TGTTGGTAT
,GTACCACAC
,ATGTATAAC
,CTTCTGGTA
,GTAAATATTTAC
,TTCTGTTAA
,AAAAATTTTT
,AAAATTTCA
,AACCACAGT
,AAGTTGTTG
,AAGTTTTTC
,AATAATTATT
,AATGTCACT
,AATTTTAACATCA
,ACAACAACTTC
,ACACCAGTT
,ACCACCAAC
,ACTAATTTT
,ACTTGCATT
,AGAAATTTCT
,AGTGGTAATT
,AGTTTTTCA
,ATAATCAAT
,ATACCACCA
,ATAGTCTTGTTAA
,ATCAATTTCT
,ATGGAATTG
,ATGTCAATAT
,ATTCCACCT
,ATTTCAGCA
,ATTTCATCA
,ATTTCGAAAT
,ATTTCTCCT
,ATTTTAACA
,ATTTTTAGC
,CAAATTGGA
,CAGAATATT
,CCAAAACAG
,CCACCAAAT
,CTATTTTTA
,CTCAATAGG
,CTGCTGATGT
,GAATATTACCACCAA
,GGTTCCATT
,GTAAGTTTT
,GTACAATTT
,GTGGTAATTA
,GTTGTTGTG
,TAATAACAC
,TAATGCATTA
,TAATGCATT
,TACACAAAA
,TACCACCAA
,TACCACCAA
,TACTATAGTA
,TATTTTCTG
,TGCTGATGT
,TGGTTTTGG
,TGTGATTAA
,TGTGATTTAAC
,TGTTAATGT
,TTAATAAAA
,TTATAATCT
,TTATTATCA
,TTCATCCAA
,TTGAAACAT
,TTGAGATGG
,TTGCAATGGT
,TTGGTGGCA
,TTGGTGGTAAT
,TTGTAAGCAGT
,TTTCAATAT
,TTTCTGGTT
,TTTTAAATG
,TTTTCACCAC
,AAAATTCCT
,AACCTATGC
,AACTTGCCA
,AAGCATTAG
,AATAACACA
,AATAGCACTG
,AATTTGTTACA
,ACATTACCA
,ACCAATGCA
,ACGTATTGT
,ACTGTTAGGT
,AGCTCCACT
,AGGTACAGT
,AGTGGAATGA
,AGTGTTGTGT
,AGTTGCAACT
,ATAATGGTA
,ATAATTTTCAA
,ATATATATAT
,ATGGCAAGTTCTA
,ATGGTGTCA
,ATGTTGTCAAT
,CAATTGGTT
,CAGTAGCCAG
,CATATATAT
,CATTACCAC
,CCTATATTAG
,CTATTAGTAG
,CTATTAGTA
,CTATTGAGC
,CTGTTCTAGAACAG
,GAAGCTATGG
,GACAACAAC
,GCAAGTTGT
,GCACTGGCCA
,GCTACACCT
,GGCCATTTT
,GGTGTAGCA
,GTACTGTTA
,GTACTGTTA
,GTATGTCTTT
,GTATTATTA
,GTCAGGTAT
,GTGCTGCAT
,GTTTGATGT
,TAATGGTATG
,TAATGTTAC
,TAATTGGTT
,TACACATCG
,TATAATTATA
,TATTAATGG
,TATTACTACT
,TATTGAGCA
,TATTGTTAT
,TCAGGTTTAA
,TCAGGTTTA
,TCTAAAACAT
,TCTCATTTG
,TGCAAAATA
,TGGAATTCCA
,TGTAATATA
,TTAAAAATGT
,TTAACAATT
,TTAATGTTA
,TTACGAAAC
,TTCAAATTG
,TTGAACAAT
,TTGCTATTA
,TTTCACCAGT
,TTTGTAACA
,TTTGTTACA
,CAAGTTCTA
,GTCAGGTAT
,TAGTATTAT
,AACATGGAA
,ACAAACTAA
,CAAGAACCA
,CTACACCAG
,GCAAGCGCTTGC
,GTCTGATAATA
,GTTTGTAAT
,TATATATGG
,TCTCATTTG
,TGTAATATA
,TGTTGGTAT
,AACATCACA
,AACATGGAA
,AACTTGTTA
,AAGCATTAG
,AATACTACT
,AATAGAACCAT
,AATTTCACC
,AATTTCACC
,ACAAATGTG
,ACACAAATG
,ACATTACCA
,ACCATCAGA
,ACTGTCAAT
,AGTGTCAAT
,AGTTTTTAT
,ATATAATAGCA
,ATGTTATTA
,ATTCATTAA
,CAAAGGTAC
,CAAGAACCA
,CAATTGCTT
,CAATTGGTT
,CATTACCAC
,CCATTTTTA
,CTATTAGTA
,GACAACAAC
,GCATCCACA
,GGGCCATTT
,GTATATCTT
,GTCAGGTAT
,GTCTGGCAC
,GTTTGTAAA
,TAACACTGA
,TAATAGAAC
,TAATGTGTT
,TACACATCA
,TACGTTTGC
,TAGGCTGAT
,TAGTATTAT
,TATATATGG
,TATTAATGG
,TCTTTTAAA
,TGAACAAAA
,TGACATGCG
,TGATGTGTA
,TGCAAAATA
,TGCACAGAT
,TGCTATTAT
,TGTAATATA
,TGTTACAAT
,TTAACAATT
,TTAACTAATAG
,TTATGGGAT
,TTGCTATTA
,TTGTCAATG
,CATTAGCTAATG
,TCAGTATACTGA
,CATTAGCTAATG
,TCAGTATACTGA
,AAAATAAAC
,AAAATAACA
,AAACATCACAA
,AAACGTTAAG
,AAATTGTCA
,AACCATTATTA
,AACCATTATTA
,AATAATAATA
,AATAATTATT
,AATTCTATT
,AATTTAAAT
,ACAAACTAA
,ACATAGCCATC
,ACTATTAAC
,AGGTACAGT
,AGTGATAATG
,AGTTAAATT
,AGTTGCAACT
,ATAACAACA
,ATAATAATA
,ATATGGAAGT
,ATCCCAAATATT
,ATGAGAATA
,ATGTATTGT
,ATGTCACTA
,ATTGGTTCA
,ATTGTACTT
,CAATACATC
,CAATTGTAC
,CACTGTATG
,CAGTGTACA
,CCAAGCTGTT
,CCATTTGGTG
,CTAATAATG
,CTATAAGAG
,GAAATCACTG
,GCAAAATAA
,GCAGTTAAATT
,GGTCTAGAT
,GGTTGGTTTG
,GTACCTGTA
,GTACTTCCA
,GTATGCAGAA
,GTATTTCAA
,GTGATGCAGT
,GTGATGTTAA
,TAATAATGT
,TAGAGTTGCAAC
,TAGTAAAAT
,TATGTACATA
,TATTGAGCA
,TCAAGCTGC
,TCTTTCAAACC
,TGACAATGA
,TGATGTTAA
,TGCAGTTAA
,TGGGATATCCCA
,TGGTATGCAGA
,TGTAATCAG
,TGTAGTGTT
,TGTGTAATG
,TTAACAAAC
,TTACGAAAC
,TTATATATG
,TTCAATACATC
,TTCTATGGT
,TTCTATTTGA
,TTGAACAAA
,TTGCCATCT
,TTGTTATAA
,TTTATACCATT
,TTTCAAACC
,TTTCTAATA
,TTTGATGTA
,TTTTTAAAG
,CATTAGCTAATG
,AATTCTATT
,GTCAGGTAT
,GTCAGGTAT
,TAGTATTAT
,TGTTGTCAA
,TTGTCAATG
,ATTAGGTATACCTAAT
,AAACATCACA
,AACTATTGA
,AACTTTCAA
,AAGCATTAG
,AATAAAAAC
,AATATATGA
,AATTCTATT
,ACAACAACA
,ACACAAATG
,ACACATCGGT
,ACATTACCA
,ACCTGATGG
,AGTTGCAACT
,ATACACATCG
,ATATATGACA
,ATGTATAAT
,ATGTCACAA
,ATTATTAAA
,ATTGCACTG
,ATTGCCATCT
,ATTTCACCA
,ATTTTCAATG
,CAAAAGTGC
,CAAGAACCA
,CACCTAGTG
,CAGTTCTACC
,CATTACCAC
,CCTATATTAG
,CTATTGAGC
,CTGTTATAAA
,GAATGGAAT
,GACAACAAC
,GATACCATT
,GCTTGTGCA
,GGGCCATTTC
,GGTTTAGGTA
,GTAGCTTCT
,GTGTTGTTA
,TAATTGGTT
,TATATATGG
,TATGGTGGT
,TATTGAGCA
,TATTGTAAT
,TCTATGTTA
,TGCAACAGT
,TGCAATTGCA
,TGCACAGAT
,TGCCACTAA
,TGGTAAACAT
,TGTTATGTA
,TGTTATGTA
,TGTTGGTATT
,TGTTGTTAA
,TGTTGTTAA
,TTAACAACAT
,TTAACAACA
,TTCAAATTG
,TTGGTAACA
,TTGTTAATA
,TTTATTGCA
,TTTGGTGTA
,ATATATATAT
,GTTCTAGAAC
,TGAAATTTCA
,TGGAATTCCA
,CATTAGCTAATG
,TGCATTCGC
,CATTAGCTAATG
,TCAGTATACTGA
,AAACCATCA
,ATACCACCA
,CAAATTGGA
,GTGGTAATT
,TAATAGGTG
,TTTGTTAACAAA
,CATTAGCTAATG
,TCAGTATACTGA
,CATTAGCTAATG
,AATTCTATT
,GTCAGGTAT
,AATTCTATT
,GTCAGGTAT
,AAACAACCTA
,AAACCAAAT
,AACTATTGA
,AAGTTCACAT
,AATAATTATT
,AATATTACT
,ACAATCAGA
,ACACAATTA
,ACAGACACA
,ACCTAGACC
,ACCTGAATT
,AGGTACAGT
,AGTGTTAAC
,AGTTTGACA
,ATAATTTTCAA
,ATAATTTTC
,ATACCACCTG
,ATATTAACAA
,ATGCCTGTG
,ATGTTACAA
,ATGTTTTCAA
,ATTAGTAAAA
,ATTGGTTCA
,ATTGTAATA
,ATTGTACTT
,CAAAAGTGC
,CAATTGGTT
,CAATTGTACT
,CACTCTTGGT
,CATACCACCTGGTA
,CATCAAAAT
,CATTGTCAT
,CCATTTGGT
,CCGATTTGA
,CTATAAGAG
,CTATTATAAAT
,CTATTGAGC
,CTGACAATG
,CTGATGTAT
,CTGGTACAG
,CTTGGTAAA
,GAAACTGAG
,GCAAGTTCTA
,GGCATATCT
,GTATGCAGAA
,GTCAGGTAT
,TAAAAATGT
,TAACCATAT
,TAATATGTA
,TAATATTAA
,TAATTTCAC
,TAATTTTCT
,TACCACCTG
,TACTAATGG
,TACTAATGG
,TACTGTGGTG
,TAGCAGTAATG
,TAGGCTGAT
,TAGGTGGTA
,TATAAGTAA
,TATGTACATA
,TATTAACAA
,TATTGAGCA
,TATTGTTAAT
,TATTGTTAAT
,TCAAGCTGC
,TCTATGGTT
,TCTGAACTT
,TGACAACAAC
,TGACAATGA
,TGGTATGCA
,TGTTATGTA
,TTAAAAATGT
,TTAACCTTA
,TTAATTTCAC
,TTACAATCA
,TTCAAATTG
,TTGACAACA
,TTGTTAATATT
,TTGTTAATA
,TTTCTAATA
,TTTTATACC
,AAAATTCCT
,AACCTATGC
,AACTTGCCA
,AAGCATTAG
,AATAACACA
,AATAGCACTG
,AATTTGTTACA
,ACATTACCA
,ACCAATGCA
,ACGTATTGT
,ACTGTTAGGT
,AGCTCCACT
,AGGTACAGT
,AGTGGAATGA
,AGTGTTGTGT
,ATAATGGTA
,ATAATTTTCAA
,ATATATATAT
,ATGGCAAGTTCTA
,ATGGTGTCA
,ATGTTGTCAAT
,CAATTGGTT
,CAGTAGCCAG
,CATATATAT
,CATTACCAC
,CCTATATTAG
,CTATTAGTAG
,CTATTAGTA
,CTATTGAGC
,CTGTTCTAGAACAG
,GAAGCTATGG
,GACAACAAC
,GCAAGTTGT
,GCTACACCT
,GGCCATTTT
,GGTGTAGCA
,GTACTGTTA
,GTACTGTTA
,GTATGTCTTT
,GTATTATTA
,GTCAGGTAT
,GTGCTGCAT
,GTTTGATGT
,TAATGGTATG
,TAATGTTAC
,TAATTGGTT
,TACACATCG
,TATAATTATA
,TATTAATGG
,TATTACTACT
,TATTGAGCA
,TATTGTTAT
,TCAGGTTTAA
,TCAGGTTTA
,TCTAAAACAT
,TCTCATTTG
,TGCAAAATA
,TGGAATTCCA
,TGTAATATA
,TTAAAAATGT
,TTAACAATT
,TTAATGTTA
,TTACGAAAC
,TTCAAATTG
,TTGAACAAT
,TTGCTATTA
,TTTCACCAGT
,TTTGTAACA
,TTTGTTACA
,ATAATCCCA
,CATTAGCTAATG
,TCAGTATACTGA
,AACTATTGA
,AACTTTCAA
,AAGCATTAG
,AATAAAAAC
,AATATATGA
,AATTCTATT
,ACAACAACA
,ACACAAATG
,ACATTACCA
,ACCTGATGG
,ATACACATC
,ATGTATAAT
,ATTATTAAA
,ATTATTAAA
,ATTGCACTG
,ATTTCACCA
,CAAAAGTGC
,CAAGAACCA
,CACCTAGTG
,CAGTTCTAC
,CATTACCAC
,CTATTGAGC
,GAATGGAAT
,GACAACAAC
,GATACCATT
,GCTTGTGCA
,GTAGCTTCT
,GTGTTGTTA
,TAATTGGTT
,TATATATGG
,TATGGTGGT
,TATTGAGCA
,TATTGTAAT
,TGCAACAGT
,TGCACAGAT
,TGCCACTAA
,TGTTATGTA
,TGTTATGTA
,TGTTGGTAT
,TGTTGTTAA
,TGTTGTTAA
,TTAACAACA
,TTCAAATTG
,TTGGTAACA
,TTGTTAATA
,TTTATTGCA
,TTTGGTGTA
,AATTCTATT
,GTCAGGTAT
,AAATGTTCT
,AACATCAAA
,AACATCTTT
,AACATGGAA
,AACCACTAC
,AACTTCACTT
,ACAAACTAA
,ACAGTTTCA
,ACATCACAC
,ACATTACCA
,AGCTCCACT
,AGTGTCAAT
,AGTTTTTAT
,ATAGCTCCA
,ATATATATAT
,ATATGGTAAA
,ATGTATTCG
,ATTGCACAG
,CAAAAGTGC
,CAACCACTA
,CAAGTTCTA
,CAATGAGAA
,CAATTGGTT
,CATATATAT
,CATTACCAC
,CCATTTTTA
,CTAATTGGTT
,CTATTAGTA
,CTATTGAGC
,CTGAACATC
,CTGATGTAT
,CTGTTACAG
,CTGTTAGTT
,CTGTTATAAA
,GATGTTATTA
,GGGCCATTT
,GTCAGGTAT
,GTGCTGCAT
,GTTTGTAAA
,GTTTGTAAT
,TAAAAACTT
,TAACAAATCA
,TAAGTACTTA
,TAATAATAC
,TACACATCA
,TACCAAGGT
,TAGGCTGAT
,TATATATGG
,TATTAATGG
,TCTCATTTG
,TCTTTAGCA
,TGAGAACATT
,TGCAAAATA
,TGCAATTGCA
,TGGAATTCCA
,TGGTATTAT
,TGGTTTTTA
,TGTCATCAT
,TGTTGGTAT
,TTAAAAATGT
,TTAACAATTT
,TTAACAATT
,TTCAAATTG
,TTCTACAGT
,TTGACCTTG
,TTGCACAGAT
,TTGCTATTA
,TTGTGCACAA
,TTTCACCAG
,TTTTAAAAC
,AACATCAAA
,AACCACTAC
,AGCTCCACT
,AGTTTTTAT
,ATATATATAT
,CATATATAT
,CTGTTAGTT
,GATGTTATTA
,GCCACTAAC
,GTTCTAGAAC
,TAAGTACTTA
,TAAGTTAAA
,TAATAATAC
,TACACATCA
,TGAGAACATT
,TGATGTGTA
,TGGAATTCCA
,TGTAATATA
,TGTGCAATCT
,TTATATTAA
,TTTTAAAAC
,ATATATATAT
,ATTTGTTACA
,TGAAATTTCA
,TGGAATTCCA
,TGTTCTAGAACA
,ATATATATAT
,CTGTTCTAGAACAG
,TGGAATTCCA
,AAAATTCCT
,AACCTATGC
,AACTTGCCA
,AAGCATTAG
,AATAACACA
,AATAGCACTG
,AATTTGTTACA
,ACATTACCA
,ACCAATGCA
,ACGTATTGT
,ACTGTTAGGT
,AGCTCCACT
,AGGTACAGT
,AGTGGAATGA
,AGTGTTGTGT
,AGTTGCAACT
,ATAATGGTA
,ATAATTTTCAA
,ATATATATAT
,ATGGCAAGTTCTA
,ATGGTGTCA
,ATGTTGTCAAT
,CAATTGGTT
,CAGTAGCCAG
,CATATATAT
,CATTACCAC
,CCTATATTAG
,CTATTAGTAG
,CTATTAGTA
,CTATTGAGC
,CTGTTCTAGAACAG
,GAAGCTATGG
,GACAACAAC
,GCAAGTTGT
,GCACTGGCCA
,GCTACACCT
,GGCCATTTT
,GGTGTAGCA
,GTACTGTTA
,GTACTGTTA
,GTATGTCTTT
,GTATTATTA
,GTCAGGTAT
,GTGCTGCAT
,GTTTGATGT
,TAATGGTATG
,TAATGTTAC
,TAATTGGTT
,TACACATCG
,TATAATTATA
,TATTAATGG
,TATTACTACT
,TATTGAGCA
,TATTGTTAT
,TCAGGTTTAA
,TCAGGTTTA
,TCTAAAACAT
,TCTCATTTG
,TGCAAAATA
,TGGAATTCCA
,TGTAATATA
,TTAAAAATGT
,TTAACAATT
,TTAATGTTA
,TTACGAAAC
,TTCAAATTG
,TTGAACAAT
,TTGCTATTA
,TTTCACCAGT
,TTTGTAACA
,TTTGTTACA
,AATAATAAT
,AATGGCTTG
,ACAACAACA
,ACACATCAC
,ACACATCGT
,ACATCAAAC
,AGGTACAGT
,ATTTGAACA
,ATTTGGTCT
,CAACAACCA
,CAACAGCTT
,CAAGAACCA
,CAATTGGTT
,CACATACCA
,CATATATAT
,CATCAATAA
,CATTACCAC
,CCATTTTTA
,GGCCATTTT
,GTCAGGTAT
,GTGCTGCAT
,GTTTGATGT
,TAATTGGTT
,TACACATCG
,TACGTTTGC
,TAGTGTGAT
,TATTAATGG
,TCAATGAGA
,TCAGGTTTA
,TCTTTAGCA
,TCTTTTAAA
,TGCACAGAT
,TGGCTTGAA
,TGGTTCTTG
,TGTAATATA
,TGTCATCTA
,TGTTAGATCTAACA
,TTAACAATT
,TTACAAACA
,TTATATTAA
,TTCAAATTG
,TTCTAATAT
,TTGAACAAT
,TTGTACATC
,TTTCAAATT
,TTTTGCAAT
,AGTTGCAACT
,ATATCGATAT
,ATATATATAT
,CTGTTCTAGAACAG
,GTAGTTGTTG
,TGGAATTCCA
,AAACCATCA
,CAAATTGGA
,GTGGTAATT
,TTTGTTAACAAA
,TTTTAACAT
,AACTATTGA
,AACTATTGA
,AACTTCACTT
,AAGGACAATT
,AATTTTCAA
,ACATCGCAA
,ACATTATTA
,ACCTATGCA
,AGGTTTAAAA
,AGTAATAAA
,AGTCTGGCA
,AGTTGCAACT
,AGTTTTTAT
,ATTGCACTG
,ATTGCCATCT
,ATTGTGTAA
,CAAAAGTGC
,CAAGTTCTA
,CAATTGGTT
,CATCAATAACA
,CCTATATTAG
,CTAACAACT
,CTAATAATG
,CTATTAAAA
,CTATTGAGC
,CTGTTATAAA
,CTTGCACAGAT
,GACAACAAC
,GATGTTATT
,GCTACATAG
,GCTGTTAGT
,GGGCCATTTC
,GTCAATTGAC
,GTGTACCAT
,GTTACATAC
,GTTTTTATTCA
,TAACATTGTT
,TAAGTACTTA
,TAATAATAC
,TACAAATAG
,TATATATGG
,TATTACTACT
,TATTGAGCA
,TCAATATAA
,TCAGATCTGA
,TGAAATTTGT
,TGACAGAAA
,TGATGTGAC
,TGCAATTGCA
,TGGTTTTTAT
,TGTGTTAACA
,TTAACAATT
,TTATAAAAAC
,TTCAAATTG
,TTTGTTACA
,TTTTCAATG
,TTTTCAATT
,CATTAGCTAATG
,TCAGTATACTGA
,AAAACTTAT
,AAAATGTCA
,AAATGTCACT
,AACACTGTAG
,AACATGGAA
,AACCACTAC
,AACTTCACTT
,AAGCATTAG
,AATTTCACC
,ACACATCAC
,ACAGTTTCA
,ACTGTTAGGT
,AGCCTGTTA
,AGCTCCACT
,AGGTACAGTC
,AGTGGAATG
,AGTTGCAACT
,ATAATTTTCAA
,ATAGCTCCA
,ATATATATAT
,ATGTTATTA
,ATTATAACA
,CAAAAGTGC
,CAAGTCAAT
,CAATATGTCT
,CAATGAGAACA
,CAATGAGAACA
,CAATTGGTT
,CACCAATGTT
,CATATATAT
,CATTACCAC
,CCATTTTTA
,CTAATTGGTT
,CTATTAGTA
,CTGTTAGTT
,CTGTTATAAA
,GAATATATTC
,GACAACAAC
,GCATTAAGT
,GCCACTAAC
,GGCCATTTT
,GTAACACCATG
,GTAATGGTA
,GTATTGTTA
,GTCAGGTAT
,GTGCTGCAT
,GTTTGATGT
,TAACAAATCA
,TAATGGAAC
,TACAAATAG
,TAGTGTAAA
,TATAATTATA
,TATATATGG
,TATTAATGG
,TCAAGATTG
,TCACAACCT
,TCACAACCT
,TCAGGTTTA
,TCTTTAGCA
,TGAAAATTAT
,TGAAATTTCA
,TGAGAACATT
,TGCAAAATA
,TGGAATTCCA
,TGGTCTAAAA
,TGTTAATAT
,TGTTATGTA
,TTAACAATTT
,TTAACAATT
,TTAATTTCACC
,TTATAACAG
,TTATATTAA
,TTATGTAGCT
,TTCTATTTGA
,TTGAACAAA
,TTGAACAAT
,TTGCACAGAT
,TTGTCAATG
,TTTCACCAG
,TTTTAAAAC
,CAAATTGGA
,TTATGGTTC
,TTTAACATC
,AATTCTATT
,AGTTGCAACT
,ATGTGTTGTT
,TGTTGTTAA
,TTGTCAATG
,CATTAGCTAATG
,TCAGTATACTGA
,ATATATATAT
,CTGTTCTAGAACAG
,GTCAGGTAT
,TCTATTTGA
,AAAATGTCA
,AAAGGTATA
,AAATGTCACT
,AACACTGTAG
,AAGCATTAG
,AATTCTATT
,AATTTCACC
,ACATACAAA
,ACATTTTTA
,ACCTGAATT
,ACTGTTAGGT
,AGTCATTAA
,AGTGTTAAT
,AGTTGCAACT
,AGTTGTTGC
,ATAACAGCAG
,ATAATTTTCAA
,ATAATTTTC
,ATAGCAGTA
,ATATCGATAT
,ATGAAATTT
,ATTGTACTG
,CAATTGGTT
,CATTACCAC
,CATTTTTAC
,CCATTTTTA
,CTACACCAG
,CTATTAGTA
,CTATTGAGC
,CTGTTATAAA
,GAATATATTC
,GACAACAAC
,GAGCTGTGCTA
,GATGCACAA
,GCATTAAGT
,GGCCATTTT
,GTAATGGTA
,GTACTGTTA
,GTCTGGCAC
,GTGGTGTTA
,GTTTGATGT
,TAATAATAA
,TAATAATAA
,TACGTTTGC
,TAGTGTAAA
,TATAACAGC
,TATAATTATA
,TATACCACCT
,TATATATGG
,TATTAATGG
,TATTGAGCA
,TCAGGTTTA
,TCTTTAGCA
,TCTTTTAAA
,TGAAATTTCA
,TGCAAAATA
,TGCACAGAT
,TGCATTCGC
,TGCTAATTT
,TGCTATTAT
,TGTGCTAAA
,TGTTAATAT
,TGTTACAAT
,TGTTACTACCT
,TGTTAGGTG
,TGTTATGTA
,TTAACAACAT
,TTAACAACA
,TTAACAATT
,TTAACTAATAG
,TTAATTTCACC
,TTACCACAA
,TTATATTAA
,TTCAAATTG
,TTGAACAAAA
,TTGATTGAAA
,TTGCTATTA
,TTGTCAATG
,AAATGTCACT
,AACCATTTT
,AACTTCACTT
,AAGCATTAG
,AATGGCTTGAAAA
,AATTCTATT
,AATTTTCAA
,ACAACAACA
,ACATATGTTT
,ACATTAATAA
,ACCATTAAT
,ACCTCTGCTT
,ACTGTTAGGT
,AGATGGCAA
,AGCAAGTTGT
,AGCACCATT
,AGGTACAGT
,AGTGGAATG
,AGTTGCAACT
,ATAATTTTCAA
,ATATGTTTC
,ATGCATCCAC
,ATTAATGTC
,ATTGCACTG
,ATTTTTATT
,CAATTGGTT
,CACAAATGCAT
,CACATACCA
,CATCAATAA
,CATTACCAC
,CCACACCAG
,CCATTTTAC
,CCATTTTTA
,CCCACTGTG
,CTACTAATG
,CTATTAGTA
,CTATTGAGC
,CTGTTATAAA
,CTTGTCCTT
,GAAAATCTC
,GACAACAAC
,GATGCACAA
,GCATTAAGT
,GGCCATTTT
,GGCCATTTT
,GGTGTGGTA
,GTAACACAA
,GTAATGGTA
,GTACCACAC
,GTACTGTTA
,GTCAGGTAT
,TAATTGGTT
,TACACATCG
,TACCAGTGG
,TACCATTAT
,TATAATTATA
,TATTAATGG
,TCTTTAGCA
,TGAAATTTCA
,TGCACAGAT
,TGCTGTTAT
,TGTTAATAT
,TGTTACTACCT
,TGTTATGTA
,TTAACAATT
,TTATACCAC
,TTATATTAA
,TTATGTAGCT
,TTCTATTTGA
,TTTACATAT
,TTTGACGTT
,AATAATAAT
,AATGGCTTG
,AATTCTATT
,ACAACAACA
,ACACATCAC
,ACACATCGT
,ACATCAAAC
,AGGTACAGT
,ATTTGAACA
,ATTTGGTCT
,CAACAACCA
,CAAGAACCA
,CACATACCA
,CATATATAT
,CATCAATAA
,CATTACCAC
,CCATTTTTA
,CTATTGAGC
,GACAACAAC
,GGCCATTTT
,GTCAGGTAT
,GTGAACCTA
,GTGCTGCAT
,GTTTGATGT
,TAATTGGTT
,TACACATCG
,TACGTTTGC
,TAGTGTGAT
,TATTAATGG
,TCAGGTTTA
,TCTTTAGCA
,TCTTTTAAA
,TGCACAGAT
,TGGCTTGAA
,TGGTTCTTG
,TGTAATATA
,TGTCATCTA
,TTAACAATT
,TTACAAACA
,TTATATTAA
,TTCAAATTG
,TTCTAATAT
,TTGAACAAT
,TTGTACATC
,TTTCAAATT
,TTTTGCAAT
,TATAATTATA
,ATATATATAT
,TGAAATTTCA
,TGGAATTCCA
,TGTAGTTGTT
,TGTTCTAGAACA
,CATTAGCTAATG
,TCAGTATACTGA
,AAATGTTCT
,AACATCAAA
,AACATCTTT
,AACATGGAA
,AACCACTAC
,AACTTCACTT
,AATACTACT
,ACAAACTAA
,ACACAAATG
,ACACATCAC
,ACAGTTTCA
,ACATCACAC
,ACATTACCA
,AGCTCCACT
,AGTGGAATG
,AGTGTCAAT
,ATAGCTCCA
,ATATATATAT
,ATTGCACAG
,CAAAAGTGC
,CAAGAACCA
,CAAGTTCTA
,CAATGAGAA
,CAATTGGTT
,CACATACCAG
,CACTGGCTA
,CATATATAT
,CATTACCAC
,CCAATGTTT
,CCATTTTTA
,CTAATTGGTT
,CTACACCAG
,CTATTAGTA
,CTATTGAGC
,CTGAACATC
,CTGATGTAT
,CTGTTACAG
,CTGTTAGTT
,CTGTTATAAA
,GAACTGCAAC
,GACAACAAC
,GATGTTATTA
,GCAAAATAG
,GGGCCATTT
,GTCAGGTAT
,GTGCTGCAT
,GTTTGTAAA
,GTTTGTAAT
,TAAGTACTTA
,TAATTTTCAA
,TACAAATAG
,TACACATCA
,TACCAAGGT
,TAGGCTGAT
,TAGTATTAT
,TATATATGG
,TATTAATGG
,TCAAGATTG
,TCTCATTTG
,TGAAAATTAT
,TGAGAACATT
,TGAGCCATT
,TGATGTGTA
,TGCAAAATA
,TGCAAAATA
,TGCAATTGCA
,TGGAATTCCA
,TGGTTTTTA
,TGTAATATA
,TGTCATCAT
,TGTTGGTAT
,TTAAAAATGT
,TTAACAATTT
,TTAACAATT
,TTATATTAA
,TTCAAATTG
,TTCTACAGT
,TTGACCTTG
,TTGCACAGAT
,TTGCTATTA
,TTGTGCACAA
,TTTCACCAG
,TTTTAAAAC
,ATATATATAT
,ATTTGTTACA
,TGAAATTTCA
,TGGAATTCCA
,TGTTCTAGAACA
,CAAGTTCTA
,TAGTATTAT
,TTACGAAAC
,ATAATCCCA
,AAATGTTCT
,AACAACTTC
,AACATCAAA
,AACATGGAA
,AACTTCACTT
,AATACTACT
,AATCAGCCT
,ACAAACTAA
,ACACAAATG
,ACATCACAT
,ACATTACCA
,ACTACTACT
,AGTGGAATG
,AGTGTCAAT
,AGTTTTTAT
,ATACCTGAC
,ATATATATAT
,ATTGCACAG
,CAAAAGTGC
,CAACTGTGG
,CAACTTCAC
,CAAGAACCA
,CAAGTTCTA
,CAATGAGAA
,CATATATAT
,CCATTTTTA
,CTAACACATT
,CTAATTGGTT
,CTATTAGTA
,CTATTGAGC
,CTGAACATC
,CTGATGTAT
,CTGGTTTTT
,CTGTTACAG
,CTGTTAGTT
,CTGTTATAAA
,GACAACAAC
,GATGTTATTA
,GCCACTAAC
,GTCAGGTAT
,GTGCTGCAT
,GTTCTAGAAC
,GTTTGTAAT
,TAAAAACTT
,TAACAAATCA
,TAAGTACTTA
,TAATAATAC
,TACAAATAG
,TACACATCA
,TACCAAGGT
,TAGCAATTT
,TAGGCTGAT
,TAGTATTAT
,TATATATGG
,TATTAATGG
,TCAAGATTG
,TCTCATTTG
,TGAGAACATT
,TGCAAAATA
,TGCAATTGCA
,TGTAATATA
,TGTCATCAT
,TGTTGGTAT
,TTAAAAATGT
,TTACCAATG
,TTATATTAA
,TTCAAATTG
,TTCTACAGT
,TTGACCTTG
,TTGCACAGAT
,TTGCTATTA
,TTGTGCACAA
,CATTAGCTAATG
,TCAGTATACTGA
,AAACAACACA
,AACATCAAA
,AACATGGAA
,AACCACTAC
,AACTTCACTT
,AATACTACT
,ACAAACTAA
,ACACAAATG
,ACACATCAC
,ACAGTTTCA
,ACATCACAC
,ACCACCTAGTG
,AGCTCCACT
,AGTGGAATG
,AGTGTCAAT
,AGTTTTTAT
,ATACCTGAC
,ATAGCTCCA
,ATATATATAT
,ATTGCACAG
,CAAAAGTGC
,CAAGAACCA
,CAAGTTCTA
,CAATGAGAA
,CAATTGGTT
,CACATACCA
,CATATATAT
,CCATTTTTA
,CTAACACATT
,CTAATTGGTT
,CTATTAGTA
,CTATTGAGC
,CTGAACATC
,CTGATGTAT
,CTGTTACAG
,CTGTTAGTT
,CTGTTATAAA
,GAAGCTATGG
,GACAACAAC
,GATGTTATTA
,GCCACTAAC
,GCTTCAACA
,GTCAGGTAT
,GTCTGATAATA
,GTGCTGCAT
,GTTTGTAAA
,GTTTGTAAT
,GTTTTTATTCA
,TAAAAACTT
,TAAGTACTTA
,TACACATCA
,TAGGCTGAT
,TAGGTCTCA
,TAGTATTAT
,TATATATGG
,TATTAATGG
,TCAAGATTG
,TGATGTGTA
,TGCAAAATA
,TGCAATTGCA
,TGGAATTCCA
,TGGTTTTTA
,TGTAATATA
,TGTCATCAT
,TGTTGGTAT
,TTAAAAATGT
,TTAACAATTT
,TTAACAATT
,TTATATTAA
,TTCAAATTG
,TTCTACAGT
,TTGACCTTG
,TTGCACAGAT
,TTGCTATTA
,TTGTGCACAA
,TTTCACCAG
,TTTTAAAAC
,AATTCTATT
,GTCAGGTAT
,GATTATATTG
,CTGCCACGTGGCAG
,CTTGAGCGG
,AATTCTATT
,GTCAGGTAT
,AATTCTATT
,GTCAGGTAT
,AACTTGCCA
,ATGGCAAGTTCTA
,GTCAGGTAT
,TAGTATTAT
,TTGTCAATG
,AATAATAAT
,AATGGCTTG
,AATTCTATT
,ACAACAACA
,ACACATCAC
,ACACATCGT
,ACACCGGTGT
,ACATCAAAC
,ACTGTTAGGT
,AGGTACAGT
,AGTGGAATGA
,AGTTGCAACT
,ATATATATAT
,ATGGCGCCAT
,ATTTGAACA
,ATTTGGTCT
,CAACAACCA
,CAACAGCTT
,CAAGAACCA
,CAATTGGTT
,CACATACCA
,CACCTTCAAA
,CATATATAT
,CATCAATAA
,CATTACCAC
,CCATTTTTA
,CCTATATTAG
,CTATTGAGC
,CTGTTATAAA
,GGCCATTTT
,GTCAGGTAT
,GTGCTGCAT
,GTTTGATGT
,TAATTGGTT
,TACACATCG
,TACGTTTGC
,TAGTGTGAT
,TATAATTATA
,TATTAATGG
,TCAGGTTTA
,TCTTTAGCA
,TCTTTTAAA
,TGAAATTTCA
,TGCACAGAT
,TGGCTTGAA
,TGGTTCTTG
,TGTAATATA
,TGTCATCTA
,TTAACAATT
,TTAATGTGAC
,TTACAAACA
,TTACCACAGA
,TTATATTAA
,TTCAAATTG
,TTCTAATAT
,TTGAACAAT
,TTGTACATC
,TTTCAAATT
,TTTTGCAAT
,TTTGTTAACAAA
,AATAATAAT
,AATGGCTTG
,AATTCTATT
,ACAACAACA
,ACACATCAC
,ACACATCGT
,ACATCAAAC
,AGGTACAGT
,ATTTGAACA
,ATTTGGTCT
,CAACAACCA
,CAACAGCTT
,CAAGAACCA
,CAATTGGTT
,CACATACCA
,CATATATAT
,CATCAATAA
,CATTACCAC
,CCATTTTTA
,CTATTGAGC
,GGCCATTTT
,GTCAGGTAT
,GTGAACCTA
,GTGCTGCAT
,GTTTGATGT
,TAATTGGTT
,TACACATCG
,TACGTTTGC
,TAGTGTGAT
,TATTAATGG
,TCAGGTTTA
,TCTTTAGCA
,TCTTTTAAA
,TGCACAGAT
,TGGCTTGAA
,TGGTTCTTG
,TGTAATATA
,TGTCATCTA
,TTAACAATT
,TTACAAACA
,TTATATTAA
,TTCAAATTG
,TTCTAATAT
,TTGAACAAT
,TTGTACATC
,TTTCAAATT
,TTTTGCAAT
,AAACATCACA
,AACTATTGA
,AACTTTCAA
,AAGCATTAG
,AATAAAAAC
,AATATATGA
,AATTCTATT
,AATTTCACCA
,ACAACAACA
,ACACAAATG
,ACATTACCA
,ACCTGATGG
,ACTACAACAA
,AGTTGCAACT
,ATACACATC
,ATATATGACA
,ATGTATAAT
,ATTATTAAA
,ATTGCACTG
,ATTGCCATCT
,ATTTTCAATG
,CAAAAGTGC
,CAAGAACCA
,CACCTAGTG
,CAGTTCTAC
,CATTACCAC
,CCTATATTAG
,CTATTGAGC
,CTGTTATAAA
,GAATGGAAT
,GACAACAAC
,GATACCATT
,GCTTGTGCA
,GGGCCATTTC
,GGTTTAGGTA
,GTAGCTTCT
,GTGTTGTTA
,TAATTGGTT
,TATATATGG
,TATGGTGGT
,TATTGAGCA
,TATTGTAAT
,TCTATGTTA
,TGCAACAGT
,TGCAATTGCA
,TGCACAGAT
,TGCCACTAA
,TGGTAAACAT
,TGTTATGTA
,TGTTATGTA
,TGTTGGTAT
,TGTTGTTAA
,TGTTGTTAA
,TTAACAACAT
,TTAACAACA
,TTCAAATTG
,TTGGTAACA
,TTGTTAATA
,TTTATTGCA
,TTTGGTGTA
,GTCAGGTAT
,TAGTATTAT
,TTGTCAATG
,AACTATTGA
,AACTTCACTT
,AAGAAATTG
,AAGTTAAATAA
,AATAATACC
,AATAATTATT
,AATACAGTA
,AATAGCAAG
,AATAGTGGT
,AATATTACC
,AATCAGGTAT
,ACACAAATG
,ACCCATGGGT
,ACCTATGCA
,AGTTGCAACT
,AGTTTTTAT
,ATAGTAATA
,ATGGTTTAA
,ATTAATAGC
,ATTGCCATCT
,ATTTTCAATG
,ATTTTCAAT
,CAAAAGTGC
,CAACAGATG
,CAAGGTCAAC
,CAATGAGAA
,CAATGTAAT
,CACTTTTAC
,CATACCTGAT
,CCATTTTTA
,CCTATATTAG
,CTATTGAGC
,CTGTTATAAA
,CTTGTCCTT
,GACAACAAC
,GATACCATT
,GGCCATTTT
,GGTTTAAAG
,GTACTGTTA
,GTAGCTTCT
,GTTTTCTCA
,GTTTTTATTCA
,TAAAAACTT
,TAAACCATT
,TAAGTACTTA
,TAATGGAAC
,TACAAATAG
,TATAATACTA
,TATATATGG
,TATTAATGG
,TATTGAGCA
,TATTGTAAT
,TATTGTACTG
,TCATATATT
,TCCTATTGA
,TCGTAATTT
,TCTAACAAC
,TGAAATTTCA
,TGAGAACATT
,TGCAATTGCA
,TGCACAGTTT
,TGCCACTAA
,TGGTTTTTAT
,TGTAATATA
,TGTGATGTA
,TGTGTTGTT
,TGTTGTTAA
,TTAAATAAT
,TTAACAATT
,TTATAAAAAC
,TTATTTTTA
,TTCTTTATA
,TTGGTAATA
,TTTCTCATTTG
,TTTGTTACA
,TTTTCAATT
,AAAAGTGCT
,AATAATAAT
,AATGGCTTG
,AATTCTATT
,ACAACAACA
,ACACATCAC
,ACACATCGT
,ACATCAAAC
,AGGTACAGT
,ATTTGAACA
,ATTTGGTCT
,CAACAACCA
,CAACAGCTT
,CAAGAACCA
,CAATTGGTT
,CACATACCA
,CATATATAT
,CATCAATAA
,CATTACCAC
,CCATTTTTA
,CTATTGAGC
,GGCCATTTT
,GTCAGGTAT
,GTGAACCTA
,GTGCTGCAT
,GTTTGATGT
,TAATTGGTT
,TACACATCG
,TACGTTTGC
,TAGTGTGAT
,TATTAATGG
,TCAGGTTTA
,TCTTTAGCA
,TCTTTTAAA
,TGCACAGAT
,TGGCTTGAA
,TGGTTCTTG
,TGTAATATA
,TGTCATCTA
,TTAACAATT
,TTACAAACA
,TTATATTAA
,TTCAAATTG
,TTCTAATAT
,TTGAACAAT
,TTGTACATC
,TTTCAAATT
,TTTTGCAAT
,AAAATAGCA
,AACATGGAG
,AACGTCACA
,AATAATAAT
,AATAGCACTG
,AATATCAATA
,AATGCACGT
,AATTCTATT
,ACAACATGG
,ACACAAATG
,ACATATGCT
,ACATTACCA
,ACTATTGAAC
,ACTGTTAGGT
,AGAACAGCAA
,AGATTGACT
,AGCCTGTTA
,AGGCATTAG
,AGTGGAATG
,AGTTGCAACT
,ATATATATAT
,ATCATAACC
,ATGATTGTGA
,ATGTTATTA
,ATTAGGTCT
,ATTGCACTG
,ATTGGTTCAT
,CAATTGGTT
,CATATATAT
,CATATATTA
,CATTACCAC
,CCAATGTTTT
,CCATTTTTA
,CTACACCAG
,CTATTAGTA
,CTGTTATAAA
,CTGTTCTAGAACAG
,GACAACAAC
,GATGCACAA
,GCACAAGCT
,GCATTAAGT
,GGCCATTTT
,GTAACACAA
,GTAATGGTA
,GTATAGCAT
,GTCACAATCA
,GTCAGGTAT
,GTGTTAATA
,GTTTGATGT
,TAACAAATCA
,TAATAACAT
,TAATGCATT
,TACACATCG
,TACGTTTGC
,TATAATTATA
,TATTATCCT
,TCACAATCA
,TCAGCATTA
,TCTTTAGCA
,TGCAAAATA
,TGGCTTAAA
,TGGTAATAG
,TGGTACAAC
,TGGTATGCA
,TGTTAATAT
,TTATGTAGCT
,TTCAAATTG
,TTCTAATAT
,TTGCTATTA
,TTGTCAATG
,TTTAAATAA
,AAATGTTCT
,AACATCAAA
,AACATGGAA
,AACTTCACTT
,AATACTACT
,ACAAACTAA
,ACAGTTTCA
,ACATCACAT
,ACATTACCA
,ACATTACCA
,ACCACCTAGTG
,ACTACTACT
,AGCCTGTTA
,AGTGGAATG
,AGTGTCAAT
,AGTTTTTAT
,ATACCTGAC
,ATAGCTCCA
,ATGTATTCG
,ATTGCACAG
,CAAAAGTGC
,CAAGAACCA
,CAAGTCAAT
,CAAGTTCTA
,CAATTGGTT
,CACATACCAG
,CAGAAACAT
,CATTACCAC
,CCATTTTTA
,CTAACACATT
,CTAATTGGTT
,CTATTAGTA
,CTATTGAGC
,CTGAACATC
,CTGATGTAT
,CTGTTACAG
,CTGTTAGTT
,CTGTTATAAA
,GACAACAAC
,GATGTTATTA
,GCCACTAAC
,GGGCCATTT
,GTCTGATAATA
,GTGCTGCAT
,GTTTGTAAA
,GTTTGTAAT
,GTTTTTATTCA
,TAAAAACTT
,TAACAAATCA
,TAAGTACTTA
,TACAAATAG
,TACACATCA
,TACACCAAC
,TAGGCTGAT
,TAGTATTAT
,TATATATGG
,TATTAATGG
,TCAAGATTG
,TCTATTTGA
,TCTCATTTG
,TCTTTAGCA
,TGCAAAATA
,TGCAATTGCA
,TGGAATTCCA
,TGGTTTTTA
,TGTAATATA
,TGTTAATAT
,TGTTGGTAT
,TTAAAAATGT
,TTAACAATT
,TTACCAATG
,TTATATTAA
,TTCATTAAC
,TTCTACAGT
,TTGACCTTG
,TTGCACAGAT
,TTGCTATTA
,TTGTGCACAA
,TTTAGCAAC
,TTTCACCAG
,TTTTAAAAC
,AATTCTATT
,GTCAGGTAT
,CTATTAATAG
,TGGAATTCCA
,TTTAACATCA
,GTCAGGTAT
,TTGTCAATG
,AATAATAAT
,AATGGCTTG
,AATTCTATT
,ACAACAACA
,ACACATCAC
,ACACATCGT
,ACATCAAAC
,ACCAAGGCC
,AGGTACAGT
,ATTTGAACA
,ATTTGGTCT
,CAACAACCA
,CAACAGCTT
,CAAGAACCA
,CAATTGGTT
,CACATACCA
,CATATATAT
,CATCAATAA
,CATTACCAC
,CCATTTTTA
,CTATTGAGC
,GAAGCCATG
,GACAAACAG
,GGCCATTTT
,GTCAGGTAT
,GTGAACCTA
,GTGCTGCAT
,GTTTGATGT
,TAATGTGAC
,TAATTGGTT
,TACACATCG
,TACGTTTGC
,TAGTGTGAT
,TATTAATGG
,TCAGGTTTA
,TCTTTAGCA
,TCTTTTAAA
,TGCACAGAT
,TGGCTTGAA
,TGGTTCTTG
,TGTAATATA
,TGTCATCTA
,TTAACAATT
,TTATATTAA
,TTCAAATTG
,TTCTAATAT
,TTGAACAAT
,TTTCAAATT
,TTTTGCAAT
,AACATCAAA
,AGTTTTTAT
,TAACACTGA
,AATTCTATT
,GTCAGGTAT
,AAAGATTTTC
,ACCATTAATA
,ATTGTACAAT
,CTAATATAA
,GAATGGAAT
,GTGTTGCAACAC
,TAAGTTAAA
,TATAATAAGT
,TATTATTAA
,TTTGTTACA
,CAAGTTCTA
,GTCAGGTAT
,TAGTATTAT
,TTGTCAATG
,CTGATGTAT
,TTTGGCAAG
,ATTTTAACATCA
,CAAGTTCTA
,GTCAGGTAT
,TAGTATTAT
,TCTATTTGA
,TTGTCAATG
,AGTTGCAACT
,GTCAGGTAT
,TTCTATTTGA
,AACATCAAA
,AACTTCACTT
,AGCTCCACT
,AGTGGAATG
,ATATATATAT
,CACCAGTGG
,CATATATAT
,CTGTTAGTT
,GATGTTATTA
,TAAGTACTTA
,TAATAATAC
,TACACATCA
,TACCAAGGT
,TATAACAGC
,TGAGAACATT
,TGGAATTCCA
,TGTAATATA
,TTATATTAA
,TTTTAAAAC
,AGTTGCAACT
,GTCAGGTAT
,TTCTATTTGA
,CTGTTCTAGAACAG
,AATTCTATT
,GTCAGGTAT
,AATTCTATT
,GTCAGGTAT
,AACATGGAG
,AATAATAAT
,AATATCAATA
,AATGCACGT
,AATTCTATT
,ACAACATGG
,ACATATGCT
,ACATTACCA
,ACTATTGAAC
,ACTGTTAGGT
,AGATTGACT
,AGCCTGTTA
,AGGCATTAG
,AGTGGAATG
,AGTTGCAACT
,ATATATATAT
,ATCATAACC
,ATGATTGTGA
,ATGTTATTA
,ATTAGGTCT
,ATTGCACTG
,ATTGGTGTT
,ATTGGTTCAT
,CAATTGGTT
,CATATATAT
,CATATATTA
,CATTACCAC
,CCAATGTTTT
,CCATTTTTA
,CTACACCAG
,CTATTAGTA
,CTGTTATAAA
,GACAACAAC
,GATGCACAA
,GCACAAGCT
,GCAGTTCCAC
,GCATTAAGT
,GGCCATTTT
,GTAACACAA
,GTAATGGTA
,GTACCACAC
,GTCAGGTAT
,GTGTTAATA
,GTTCTAGAAC
,GTTTGATGT
,TAACAAATCA
,TAAGTTAAA
,TAATAACAT
,TAATGCATT
,TACACATCG
,TACGTTTGC
,TATAATTATA
,TATTATCCT
,TCACAATCA
,TCAGCATTA
,TCTTTAGCA
,TGCAAAATA
,TGGCTTAAA
,TGGTATGCA
,TGTAATATA
,TGTTAATAT
,TTATGGGAC
,TTATGTAGCT
,TTCAAATTG
,TTCTAATAT
,TTGCTATTA
,TTGTCAATG
,TTTAAATAA
,ACCTGAATT
,AATTCTATT
,GTCAGGTAT
,AAAATAGCA
,AAGTTAAATAA
,AAGTTTGATGT
,AATTCTATT
,AATTTCACC
,ACAAACTAA
,ACAACATGG
,ACATTACCA
,ACCACCTAGTG
,ACTATTGAT
,AGAACAGCA
,AGCCTGTTA
,AGGTACAGT
,ATAAAAATT
,ATAATTTTCAA
,ATCAATAGT
,ATGTTATTA
,ATTGTATAT
,ATTTTTATA
,CAAGAACCA
,CAATATAGT
,CACTGGTAT
,CACTTTTACAA
,CATTACCAC
,CCATTTTTA
,CTACACCAG
,CTATTAGTA
,CTATTGAGC
,CTGTTCTAGAACAG
,CTTAATGTT
,GACAACAAC
,GCCTCAACA
,GCTCCGACT
,GGCCATTTT
,GGTTTAAAA
,GTAACACAA
,GTAACACCATG
,GTAATGGTA
,GTACTGTTA
,GTATAGCAT
,GTCAGGTAT
,TAATTGGTT
,TAATTGGTT
,TACAACAGC
,TACACATCG
,TAGTAGCCA
,TAGTGTAAA
,TATCAATAT
,TATTAATGG
,TATTGAGCA
,TATTGTTTC
,TCAGGTTTA
,TCTTTAGCA
,TGCAAAATA
,TGGTATGCA
,TGGTTTTTATT
,TGGTTTTTA
,TGTAATATA
,TGTTAATAT
,TGTTATGTA
,TTAATTTCACC
,TTACAAATG
,TTATATTAA
,TTCAAATTG
,TTGAACAAT
,TTGCTATTA
,TTGTCAATG
,TTGTTAATA
,TTTAAAGAA
,TTTTACTTA
,GTTGGCGCCAAC
,ACACTAGTG
,TTATGGTTC
,TTATTATAA
,TATAATTATA
,AAAACTTAT
,AACATGGAA
,AACTTCACTT
,ACAAACTAA
,ACATTAATAA
,ACTATTGAAT
,AGACAACAC
,AGCACAAGAA
,AGTTTTTATA
,AGTTTTTAT
,ATATATATAT
,ATGTTATTA
,ATTGTATAT
,CAAGAACCA
,CATATATAT
,CATCAATAA
,CCATTTTTA
,CCCGTACAA
,CCTATATTAG
,CGGTGTTACA
,CTGTTCTAGAACAG
,GAATATATTC
,GCCACGGCAC
,GTAACACAA
,TAAACCATT
,TAACAAATCA
,TAATAACAT
,TAATTGGTT
,TAGTGTAAA
,TATTAACAAG
,TATTAATGG
,TATTATCCT
,TATTGAGCA
,TGAAATTTCA
,TGCACAGAT
,TGGTGGCTA
,TGGTTCTTGT
,TGTTTCAAAA
,TTAACAATT
,TTATATTAA
,TTGAACAAT
,TTGCTATTA
,TTGGTAAAC
,CTATTAATAG
,TGGAATTCCA
,TTTAACATCA
,GTCAGGTAT
,AATTCTATT
,AGTTGCAACT
,TGACATTAA
,TTACGAAAC
,TTCTATTTGA
,AATTCTATT
,GTCAGGTAT
,CATTAGCTAATG
,TCAGTATACTGA
,CAAGTTCTA
,GTCAGGTAT
,ATATATATAT
,TACAACAGT
,TGGAATTCCA
,AATTCTATT
,GTCAGGTAT
,CAAGTTCTA
,GTCAGGTAT
,TAGTATTAT
,TTGTCAATG
,AAATGTTCT
,AACAGAGGC
,AACATCAAA
,AACATGGAA
,AACTATAGTT
,AATACTACT
,AATCAGCCT
,ACAAACTAA
,ACACAAATG
,ACATCACAT
,ACATTACCA
,ACATTACCA
,AGCTCCACT
,AGTGGAATG
,AGTGTCAAT
,ATACCTGAC
,ATAGCTCCA
,ATATATATAT
,ATTATATAT
,ATTGCACAG
,CAAAAGTGC
,CAAGAACCA
,CAAGTTCTA
,CAATGAGAA
,CAATTGGTT
,CACATACCA
,CACTCTTTTG
,CATTACCAC
,CCATTTTTA
,CTAACACATT
,CTAATTGGTT
,CTATTAGTA
,CTATTGAGC
,CTGAACATC
,CTGATGTAT
,CTGTTACAG
,CTGTTAGTT
,CTGTTATAAA
,GACAACAAC
,GATGTTATTA
,GCCACTAAC
,GTCAGGTAT
,GTGCTGCAT
,GTTTGTAAA
,GTTTGTAAT
,TAACAAATCA
,TAATAATAC
,TACACATCA
,TACCAAGGT
,TAGGCTGAT
,TAGTATTAT
,TATATATATA
,TATATATGG
,TATTAATGG
,TCAAGATTG
,TCTCATTTG
,TGAGAACATT
,TGCAAAATA
,TGCAATTGCA
,TGCACAACAA
,TGGAATTCCA
,TGGTTTTTA
,TGTAATATA
,TGTTGGTAT
,TTAAAAATGT
,TTAACAATTT
,TTAACAATT
,TTATATTAA
,TTCAAATTG
,TTCCATGTT
,TTCTACAGT
,TTGACCTTG
,TTGCACAGAT
,TTGCTATTA
,TTGTGCACAA
,TTTTAAAAC
,TTTTTATTCA
,AATTCTATT
,AGTTGCAACT
,TTACGAAAC
,TTCTATTTGA
,ATTGCACTG
,GTACCACAC
,GTAGTTGTT
,TAATAACAT
,TAGCACCCA
,TGTTCTAGAACA
,AATTCTATT
,GTCAGGTAT
,ATTGATATCAAT
,CAAGTTCTA
,GTCAGGTAT
,TTGTCAATG
,TCAGTATACTGA
,AAATGTTCT
,AACATCAAA
,AACATGGAA
,AACTTCACTT
,AATACTACT
,ACAAACTAA
,ACACAAATG
,ACAGTTTCA
,ACATCACAC
,ACATTACCA
,ACGTTAATAA
,ACTACTACT
,AGCCTGTTA
,AGGTACAGT
,AGTGGAATG
,AGTGTCAAT
,AGTTTTTAT
,ATACCTGAC
,ATAGCTCCA
,ATGTATTCG
,ATTGCACAG
,CAAAAGTGC
,CAACGTTTAT
,CAAGAACCA
,CAAGTTCTA
,CAATTGGTT
,CACATACCA
,CAGAAACAT
,CATTACCAC
,CCATTTTTA
,CTAACACATT
,CTATTAGTA
,CTATTGAGC
,CTGAACATC
,CTGATGTAT
,CTGTTACAG
,CTGTTAGTT
,CTGTTATAAA
,GACAACAAC
,GATGTTATTA
,GCCACTAAC
,GTCAGGTAT
,GTGCTGCAT
,GTTTGTAAA
,TAAAAACTT
,TAACAAATCA
,TAAGTACTTA
,TACAAATAG
,TACACATCA
,TACACCAAC
,TAGGCTGAT
,TAGGTCTCA
,TAGTATTAT
,TATATATGG
,TATTGATGG
,TCAAGATTG
,TCTATTTGA
,TCTCATTTG
,TGCAAAATA
,TGCAATTGCA
,TGGAATTCCA
,TGGTTTTTA
,TGTAATATA
,TGTTGGTAT
,TTAAAAATGT
,TTAACAATT
,TTATATTAA
,TTCTACAGT
,TTGACCTTG
,TTGCACAGAT
,TTGCTATTA
,TTGTGCACAA
,TTTAGCAAC
,TTTCACCAG
,TTTTAAAAC
,AAAATTCCT
,AACCTATGC
,AACTTGCCA
,AAGCATTAG
,AATAACACA
,AATAGCACTG
,AATTTGTTACA
,ACATTACCA
,ACCAATGCA
,ACGTATTGT
,ACTGTTAGGT
,AGCTCCACT
,AGGTACAGT
,AGTGGAATGA
,AGTGTTGTGT
,AGTTGCAACT
,ATAATGGTA
,ATAATTTTCAA
,ATATATATAT
,ATGGCAAGTTCTA
,ATGGTGTCA
,ATGTTGTCAAT
,CAATTGGTT
,CAGTAGCCAG
,CATATATAT
,CATTACCAC
,CCTATATTAG
,CTATTAGTAG
,CTATTAGTA
,CTATTGAGC
,CTGTTCTAGAACAG
,GAAGCTATGG
,GACAACAAC
,GCAAGTTGT
,GCACTGGCCA
,GCTACACCT
,GGCCATTTT
,GGTGTAGCA
,GTACTGTTA
,GTACTGTTA
,GTATGTCTTT
,GTATTATTA
,GTCAGGTAT
,GTGCTGCAT
,GTTTGATGT
,TAATGGTATG
,TAATGTTAC
,TAATTGGTT
,TACACATCG
,TATAATTATA
,TATTAATGG
,TATTACTACT
,TATTGAGCA
,TATTGTTAT
,TCAGGTTTAA
,TCAGGTTTA
,TCTAAAACAT
,TCTCATTTG
,TGCAAAATA
,TGGAATTCCA
,TGTAATATA
,TTAAAAATGT
,TTAACAATT
,TTAATGTTA
,TTACGAAAC
,TTCAAATTG
,TTGAACAAT
,TTGCTATTA
,TTTCACCAGT
,TTTGTAACA
,TTTGTTACA
,AAACATCACA
,AACTATTGA
,AACTTTCAA
,AAGCATTAG
,AATATATGA
,AATTCTATT
,ACAACAACA
,ACACAAATG
,ACATTACCA
,ACCTGATGG
,AGTTGCAACT
,ATACACATC
,ATATATGACA
,ATATGGTAAA
,ATTGCACTG
,ATTGCCATCT
,ATTTCACCA
,CAAAAGTGC
,CAAGAACCA
,CACCTAGTG
,CAGTTCTAC
,CATTACCAC
,CCTATATTAG
,CTATTGAGC
,CTGTTATAAA
,GAATGGAAT
,GACAACAAC
,GATACCATT
,GCTTGTGCA
,GGGCCATTTC
,GGTTTAGGTA
,GTAGCTTCT
,GTGTTGTTA
,TATATATGG
,TATGGTGGT
,TATTATTAAA
,TATTGAGCA
,TATTGTAAT
,TGCAACAGT
,TGCAATTGCA
,TGCACAGAT
,TGCCACTAA
,TGGTAAACAT
,TGTTATGTA
,TGTTATGTA
,TGTTGGTAT
,TGTTGTTAA
,TGTTGTTAA
,TTAACAACAT
,TTAACAACA
,TTCAAATTG
,TTGGTAACA
,TTGTTAATA
,TTTAACAAC
,TTTATTGCA
,TTTGGTGTA
,AATTCTATT
,GTCAGGTAT
,ATATATATAT
,TCAATATTGA
,AAAATAGCA
,AACATGGAG
,AACGTCACA
,AATAATAAT
,AATAGCACTG
,AATATCAATA
,AATTCTATT
,ACAACATGG
,ACACAAATG
,ACATATGCT
,ACATTACCA
,ACTATTGAAC
,ACTGTTAGGT
,AGAACAGCAA
,AGATTGACT
,AGCCTATTAG
,AGCCTGTTA
,AGGCATTAG
,AGTGGAATG
,AGTTGCAACT
,ATATATATAT
,ATCATAACC
,ATGATTGTGA
,ATGTTATTA
,ATTAGGTCT
,ATTGCACTG
,ATTGGTTCAT
,CAATTGGTT
,CATATATAT
,CATATATTA
,CATTACCAC
,CCAATGTTTT
,CCATTTTTA
,CTACACCAG
,CTATTAGTA
,CTGTTATAAA
,CTGTTCTAGAACAG
,GACAACAAC
,GATGCACAA
,GCACAAGCT
,GGCCATTTT
,GTAACACAA
,GTAATGGTA
,GTATAGCAT
,GTCACAATCA
,GTCAGGTAT
,GTGTTAATA
,GTTTGATGT
,TAACAAATCA
,TAAGTTAAA
,TAATAACAT
,TACACATCG
,TACGTTTGC
,TATTATCCT
,TCACAATCA
,TCAGCATTA
,TCTTTAGCA
,TGCAAAATA
,TGGCTTAAA
,TGGTAATAG
,TGGTACAAC
,TGGTATGCA
,TGTAATATA
,TGTTAATAT
,TTATGTAGCT
,TTCAAATTG
,TTCTAATAT
,TTGCTATTA
,TTGTCAATG
,TTTAAATAA
,CATTAGCTAATG
,TCAGTATACTGA
,AATTCTATT
,GTCAGGTAT
,ACCTGAATT
,AGTTGCAACT
,ATATCGATAT
,AAATGTTCT
,AACATCAAA
,AACATGGAA
,AACCACTAC
,AATACTAAT
,AATCAGCCT
,ACAAACTAA
,ACACAAATG
,ACACATCAC
,ACAGTTTCA
,ACATCACAC
,ACATCACAT
,ACATTACCA
,ACATTACCA
,ACCACCTAGTG
,ACTCATTGC
,AGCCTGTTA
,AGCTCCACT
,AGTGGAATG
,AGTGTCAAT
,AGTTTTTAT
,ATACCTGAC
,ATAGCTCCA
,ATATATATAT
,ATTATAACA
,ATTGCACAG
,CAAAAGTGC
,CAAGAACCA
,CAAGTTCTA
,CAATGAGAA
,CAATTGGTT
,CACATACCA
,CATATATAT
,CATTACCAC
,CCATTTTTA
,CTAACACATT
,CTAATTGGTT
,CTATTAGTA
,CTATTGAGC
,CTGAACATC
,CTGATGTAT
,CTGTTACAG
,CTGTTAGTT
,CTGTTATAAA
,GAACTGCAAC
,GACAACAAC
,GATGTTATTA
,GCCACTAAC
,GTCAGGTAT
,GTCTGATAATA
,GTGCTGCAT
,GTTTGTAAA
,GTTTGTAAT
,GTTTTTATTCA
,TAAAAACTT
,TACACATCA
,TACCAAGGT
,TAGGCTGAT
,TAGTATTAT
,TATATATGG
,TATTAATGG
,TCAAGATTG
,TCTCATTTG
,TGAGAACATT
,TGATGTGTA
,TGCAAAATA
,TGCAATTGCA
,TGGAATTCCA
,TGGTTTTTA
,TGTAATATA
,TGTTAATAA
,TGTTGGTAT
,TTAAAAATGT
,TTAACAATTT
,TTAACAATT
,TTATAACAG
,TTATATTAA
,TTCAAATTG
,TTCTACAGT
,TTGACCTTG
,TTGCACAGAT
,TTGCTATTA
,TTGTGCACAA
,TTTCACCAG
,TTTTAAAAC
,GTCAGGTAT
,AATTCTATT
,GTCAGGTAT
,ATTGATATCAAT
,GTCAGGTAT
,TTGTCAATG
,AAATGTTCT
,AACATCAAA
,AACATGGAA
,AACCACTAC
,AACTTCACTT
,AATACTACT
,ACAAACTAA
,ACATCACAC
,AGCTCCACT
,AGTGGAATG
,AGTGTCAAT
,AGTTTTTAT
,ATACCTGAC
,ATAGCTCCA
,ATATATATAT
,ATTGCACAG
,CAAAAGTGC
,CAAGTCAAT
,CAAGTTCTA
,CAATGAGAA
,CAATTGGTT
,CATATATAT
,CCATTTTTA
,CTAACACATT
,CTAATTGGTT
,CTATTAGTA
,CTATTGAGC
,CTGAACATC
,CTGATGTAT
,CTGTTAGTT
,CTGTTATAAA
,GATGTTATTA
,GCCACTAAC
,GGGCCATTT
,GTCAGGTAT
,GTGCTGCAT
,GTTTGTAAA
,GTTTGTAAT
,TAAAAACTT
,TAACAAATCA
,TAAGTACTTA
,TACACATCA
,TACCAAGGT
,TAGGCTGAT
,TAGTATTAT
,TATATATGG
,TATTAATGG
,TCAAGATTG
,TCTATTTGA
,TCTCATTTG
,TCTTTAGCA
,TGAGAACATT
,TGCAAAATA
,TGCAATTGCA
,TGGAATTCCA
,TGGTTTTTA
,TGTAATATA
,TGTCATCAT
,TGTTGGTAT
,TTAAAAATGT
,TTAACAATTT
,TTAACAATT
,TTCTACAGT
,TTGCACAGAT
,TTGCTATTA
,TTGTGCACAA
,TTTTAAAAC
,CATTAGCTAATG
,TCAGTATACTGA
,AAAACTTAT
,AACATGGAA
,AATAATACCAA
,AGTCTGGCA
,AGTTTTTAT
,ATGGGTTAG
,ATGTTATTA
,ATTGTAATA
,ATTGTTGTGCT
,CATATATAT
,CATCAATAA
,CCATTTTTA
,CCTATATTA
,CGTTACTGT
,CTGTTCTAGAACAG
,GTAACACAA
,GTAACACCATG
,TAATAACAT
,TAATTGGTT
,TACACATCG
,TAGTGTAAA
,TATATATGG
,TATTAATGG
,TATTATCCT
,TATTGTAAT
,TCTCATTTG
,TGTAATATA
,TTAACAATT
,TTAACTTGT
,TTATATTAA
,TTGAACAAT
,TTGCTATTA
,TTTTGCAAC
,AAAATAGCA
,AAGCATTAG
,AATAACACA
,ACACATCAC
,ACATCACAC
,ACATTACCA
,ACTTCACTT
,AGCCTGTTA
,AGGTACAGT
,ATGTTATTA
,ATGTTCATA
,ATTAAAAAT
,ATTGCAAGT
,ATTTTCTGT
,CAAGAACCA
,CAAGTTCTA
,CACTAAGTA
,CATTACCAC
,CCATTTTTA
,CGTTAATAA
,GAATACAGT
,GCTACACCT
,GGCCATTTT
,GGTGTAGCA
,GTAATGGTA
,GTAATGGTA
,GTACTGTAT
,GTATATCTTTTA
,GTATTATTA
,GTCAGGTAT
,GTGCTGCAT
,GTGGAATTCCAC
,GTTTGATGT
,TAGGCTGAT
,TAGTGTTAT
,TCACTTGAA
,TGATGTGTA
,TGCAAAATA
,TGGTAGAAC
,TGTAATATA
,TGTACTGTA
,TGTTATGTA
,TTAACAATT
,TTATGGGAC
,TTCAAATTG
,TTCATACCA
,TTCTAATAT
,TTGATTAAT
,TTGCTATTA
,TTGGTTTTTATT
,TTGTATTCA
,TTTGTTACA
,TTTGTTACA
,CATTAGCTAATG
,TCAGTATACTGA
,CATTAGCTAATG
,TCAGTATACTGA
,AATTCTATT
,GTCAGGTAT
,TGCATTCGC
,CATTAGCTAATG
,CTCAGTATACTGAG
,AACATGGAA
,ACAAACTAA
,CAAGAACCA
,GCAAGCGCTTGC
,GTCTGATAATA
,GTTTGTAAA
,GTTTGTAAT
,TATATATGG
,TCTCATTTG
,TGATGTGTA
,TGTAATATA
,TGTTGGTAT
,AAATGTTCT
,AACATCAAA
,AACATCTTT
,AACATGGAA
,AACCTGAAT
,AATACTACT
,ACAAACTAA
,ACATCACAC
,ACATTACCA
,ACCACCTAGTG
,ACTACTACT
,AGCTCCACT
,AGTGTCAAT
,AGTTTTTAT
,ATAGCTCCA
,ATATATATAT
,ATATGGTAAA
,ATTGCACAG
,CAAAAGTGC
,CAACCCATA
,CAAGTCAAT
,CAAGTTCTA
,CAATGAGAA
,CAATTGGTT
,CACCAATGT
,CATATATAT
,CATTACCAC
,CCAGTTTTA
,CTAACACATT
,CTATTAGTA
,CTATTGAGC
,CTGATGTAT
,CTGTTACAG
,CTGTTAGTT
,CTGTTATAAA
,GACAACAAC
,GATGTTATTA
,GTCAGGTAT
,GTGCTGCAT
,GTTCTAGAAC
,GTTTGTAAA
,GTTTGTAAT
,GTTTTTATTCA
,TAAAAACTT
,TAACAAATCA
,TAACAGATTCA
,TAAGTTAAA
,TAATAATAC
,TACAAATAG
,TACCAAGGT
,TAGGCTGAT
,TAGTATTAT
,TATATATGG
,TATTAATGG
,TCAAGATTG
,TCTATTTGA
,TCTCATTTG
,TCTTTAGCA
,TGAGAACATT
,TGCAAAATA
,TGCAATTGCA
,TGGAATTCCA
,TGGTTTTTA
,TGTCATCAT
,TGTTGGTAT
,TTAAAAATGT
,TTAACAATTT
,TTAACAATT
,TTACATTGG
,TTCTACAGT
,TTGACCTTG
,TTGCACAGAT
,TTGCTATTA
,TTGTCAATG
,TTGTGCACAA
,TTTTAAAAC
,AAACAACACA
,AACATGGAA
,AACCACTAC
,AACTTCACTT
,AATACTACT
,ACACATCAC
,ACATCACAC
,ACATTACCA
,AGCTCCACT
,AGTGGAATG
,AGTGTCAAT
,AGTTTTTAT
,ATACCTGAC
,ATAGCTCCA
,ATATATATAT
,ATGTTATTA
,ATTGCACAG
,CAAAAGTGC
,CAAGAACCA
,CAAGTCAAT
,CAAGTTCTA
,CAATTGGTT
,CACATACCAG
,CATATATAT
,CATTACCAC
,CCATTTTTA
,CTAACACATT
,CTAATTGGTT
,CTATTAGTA
,CTATTGAGC
,CTGAACATC
,CTGATGTAT
,CTGTTATAAA
,GACAACAAC
,GCCACTAAC
,GCTGTTAGTT
,GGGCCATTT
,GTCAGGTAT
,GTTTGTAAA
,GTTTGTAAT
,TAAAAACTT
,TAAATGTTCT
,TAACAAATCA
,TAACACTGA
,TAAGTACTTA
,TACAAATAG
,TACACATCA
,TACACCAAC
,TACCAAGGT
,TAGGCTGAT
,TAGTATTAT
,TATATATGG
,TATTAATGG
,TCAAGATTG
,TCTCATTTG
,TCTTTAGCA
,TGAGTGCTG
,TGATGTGTA
,TGCAAAATA
,TGCAATTGCA
,TGGAATTCCA
,TGGTTTTTA
,TGTAATATA
,TGTCATCAT
,TGTTAATAT
,TGTTGGTAT
,TTAAAAATGT
,TTAACAATT
,TTATATTAA
,TTCCATGTT
,TTCTACAGT
,TTGACCTTG
,TTGCACAGAT
,TTGCTATTA
,TTGTCAATG
,TTGTGCACAA
,TTTTAAAAC
,AAATGTTCT
,AACATCAAA
,AACATCTTT
,AACATGGAA
,AACCACTAC
,AACTTCACTT
,AATACTACT
,ACAAACTAA
,ACATCACAC
,ACATTACCA
,AGCTCCACT
,AGTGTCAAT
,AGTTTTTAT
,ATAGCTCCA
,ATATATATAT
,ATATGGTAAA
,ATGTATTCG
,ATTGCACAG
,CAAAAGTGC
,CAAGTCAAT
,CAATGAGAA
,CAATTGGTT
,CATATATAT
,CATTACCAC
,CCATTTTTA
,CTAACACATT
,CTATTAGTA
,CTATTGAGC
,CTGAACATC
,CTGATGTAT
,CTGTTAGTT
,GACAACAAC
,GATGTTATTA
,GTCAGGTAT
,GTGCTGCAT
,GTTTGTAAA
,GTTTGTAAT
,TAAAAACTT
,TAACAAATCA
,TAATAATAC
,TACAAATAG
,TACACATCA
,TACCAAGGT
,TAGGCTGAT
,TAGTATTAT
,TATATATGG
,TATTAATGG
,TCAAGATTG
,TCTATTTGA
,TCTCATTTG
,TCTTTAGCA
,TGAGAACATT
,TGCAAAATA
,TGCAATTGCA
,TGGAATTCCA
,TGGTTTTTA
,TGTCATCAT
,TGTTGGTAT
,TTAAAAATGT
,TTAACAATTT
,TTAACAATT
,TTGACCTTG
,TTGCACAGAT
,TTGCTATTA
,TTGTCAATG
,TTGTGCACAA
,TTTCACCAG
,TTTTAAAAC
,GTCAGGTAT
,TAGTATTAT
,TTGTCAATG
,AAATGTTCT
,AACATCAAA
,AACATGGAA
,AACCACTAC
,AATACTACT
,ACAAACTAA
,ACACAAATG
,ACACATCAC
,ACAGTTTCA
,ACATCACAC
,ACATTACCA
,ACCACCTAGTG
,AGCTCCACT
,AGTGGAATG
,AGTGTCAAT
,AGTTTTTAT
,ATAATAATA
,ATACCTGAC
,ATAGCTCCA
,ATTGCACAG
,CAAAAGTGC
,CAAGAACCA
,CAAGTCAAT
,CAAGTTCTA
,CAATTGGTT
,CACATACCA
,CATATATAT
,CATTACCAC
,CCATTTTTA
,CTATTAGTA
,CTATTGAGC
,CTGAACATC
,CTGATGTAT
,CTGTTACAG
,CTGTTAGTT
,GACAACAAC
,GCCACTAAC
,GCTTCAACA
,GTCAGGTAT
,GTCTGATAATA
,GTGCTGCAT
,GTTTGTAAA
,GTTTGTAAT
,GTTTTTATTCA
,TAAGTTAAA
,TACCAAGGT
,TAGCAATTT
,TAGGCTGAT
,TAGTATTAT
,TATATATGG
,TATTAATGG
,TCAAGATTG
,TCTATTTGA
,TCTCATTTG
,TGATGTGTA
,TGATTCCAT
,TGCAAAATA
,TGGTTTTTA
,TGTAATATA
,TGTCATCAT
,TGTTGGTAT
,TTAACAATT
,TTAACCTTA
,TTATATTAA
,TTCTACAGT
,TTGACCTTG
,TTGCTATTA
,TTGTCAATG
,TTTCACCAG
,TTTGACATG
,TTTTAAAAC
,AACTATTGA
,AACTTTCAA
,AAGCATTAG
,AATAAAAAC
,AATATATGA
,AATTCTATT
,ACAACAACA
,ACACAAATG
,ACATTACCA
,ACCTGATGG
,ATACACATC
,ATGTATAAT
,ATTATTAAA
,ATTGCACTG
,ATTTCACCA
,CAAAAGTGC
,CAAGAACCA
,CACCTAGTG
,CAGTTCTAC
,CATTACCAC
,CTATTGAGC
,GAATGGAAT
,GACAACAAC
,GATACCATT
,GCTTGTGCA
,GTAGCTTCT
,GTGTTGTTA
,TAATTGGTT
,TATATATGG
,TATGGTGGT
,TATTGAGCA
,TATTGTAAT
,TGCAACAGT
,TGCACAGAT
,TGCCACTAA
,TGTTATGTA
,TGTTATGTA
,TGTTGGTAT
,TGTTGTTAA
,TGTTGTTAA
,TTAACAACA
,TTCAAATTG
,TTGGTAACA
,TTGTTAATA
,TTTATTGCA
,TTTGGTGTA
,CAAGTTCTA
,GTCAGGTAT
,TAGTATTAT
,TTGTCAATG
,AAAACTTAT
,AACATGGAA
,ACAAACTAA
,ACTTCTAAC
,AGTGGAATG
,AGTTTTTAT
,ATGTTATTA
,ATTGCACTG
,CATATATAT
,CATCAATAA
,CCATTTTTA
,CCCACTGTG
,CTACACCAG
,GGTGTTACA
,GTAACACAA
,GTACCACAC
,GTATATCTTTTAA
,GTGTTAATA
,TAACACCGA
,TAACCAGTG
,TAATAACAT
,TAATAAGTG
,TACACATCG
,TAGTGTAAA
,TATATATGG
,TATTAATGG
,TATTATCCT
,TATTGAGCA
,TGCACAGAT
,TTATATTAA
,TTATGGGAC
,TTGAACAAT
,TTTTAAAAC
,AATTCTATT
,GTCAGGTAT
,TCAGTATACTGA
,AAACAACACA
,AAATGTTCT
,AACATCAAA
,AACATGGAA
,AACCACTAC
,AACTTCACTT
,AATACTACT
,ACAACATGGA
,ACAGTTTCA
,ACATCACAC
,ACATTACCA
,AGCTCCACT
,AGTGTCAAT
,AGTTTTTAT
,ATAGCTCCA
,ATATATATAT
,ATTATTAAA
,ATTGCACAG
,ATTTTTATT
,CAAAAGTGC
,CAAGAACCA
,CAAGTCAAT
,CAAGTTCTA
,CAATGAGAA
,CAATTGGTT
,CAGGTGGTT
,CATATATAT
,CATTACCAC
,CCATTTTTA
,CTAACACATT
,CTAATTGGTT
,CTATTAGTAA
,CTATTGAGC
,CTGAACATC
,CTGATGTAT
,CTGTTACAG
,CTGTTAGTT
,CTGTTATAAA
,GAAGCTATG
,GACAACAAC
,GATGTTATTA
,GCCACTAAC
,GGGCCATTT
,GTCAGGTAT
,GTGCTGCAT
,GTTTGTAAA
,GTTTGTAAT
,TAAAAACTT
,TAACAAATCA
,TAAGTACTTA
,TAATAATAC
,TACAAATAG
,TACACATCA
,TACCAAGGT
,TAGTATTAT
,TATATATGG
,TATGGTGAA
,TATTAATGG
,TCAAGATTG
,TCTATTTGA
,TCTCATTTG
,TCTTTAGCA
,TGAGAACATT
,TGCAAAATA
,TGCAATTGCA
,TGGAAATTAT
,TGGAATTCCA
,TGGTGTCAC
,TGTAATATA
,TGTCATCAT
,TGTTAATAT
,TGTTGGTAT
,TTAAAAATGT
,TTAACAATT
,TTATATTAA
,TTCAACTTA
,TTCTACAGT
,TTGACCTTG
,TTGCACAGAT
,TTGCTATTA
,TTGTCAATG
,TTTCAACTT
,TTTCACCAG
,TTTTTATTCA
,ACCTGAATT
,CAAGTTCTA
,GTCAGGTAT
,TAGTATTAT
,TTGTCAATG
,TGCTATAGCA
,AATTCTATT
,GTCAGGTAT
,CTGATGTAT
,TTTGGCAAG
,ATATATATAT
,GTTCTAGAAC
,CTGTTCTAGAACAG
,ATTGATATCAAT
,GTCAGGTAT
,TTGTCAATG
,AACATGGAA
,ACAAACTAA
,ACCAGTTTT
,CAAGAACCA
,GCAAGCGCTTGC
,TACACCAGT
,TATATATGG
,TCTCATTTG
,TGGTTCTTG
,TGTAATATA
,TGTTGGTAT
,AAAATAGCA
,AAAATAGCA
,AACATCAAA
,AAGTTGAGAACA
,AATAGCACCGT
,AATATAGGC
,AATATCAATA
,ACAACACCA
,ACACATCAC
,ACATTTTTAA
,ACTAATGTATT
,ACTGTTAGGT
,AGGTACAGT
,AGTGGAATGA
,AGTTGCAACT
,ATAGCTCCA
,ATTAAGTAA
,ATTATTAAA
,ATTTGTACAAAT
,ATTTTTATT
,CAAAAATTTTTG
,CAAAAGTGC
,CAACACCAA
,CAATATAGT
,CAATGAAAACA
,CAATTGGTT
,CAGATGTTA
,CCATTTTTA
,CCTATATTAG
,CGTTCCATA
,CTATTAGTAG
,CTATTGAGC
,CTGTTATAAA
,GAAGCTATGG
,GACAACAAC
,GATGTTATTA
,GCCACGTGGC
,GCTTCAACA
,GGCCATTTT
,GTAATATAT
,GTAATGGTA
,GTATTATTA
,GTCAGGTAT
,GTGCAATAT
,TAACAAATCA
,TACAAATAG
,TACGTTTGC
,TAGTGTGAT
,TATAATTATA
,TATATATGG
,TATATCTTTTAA
,TATTAATGG
,TCAGGTTTA
,TCTTTAGCA
,TGAATATATTCA
,TGCAAAAGGTA
,TGCTGTTAGT
,TGGTATTAT
,TGTAATATA
,TGTGATCACA
,TGTTTTCAT
,TGTTTTGCA
,TTAACCTTA
,TTAATGTGAC
,TTACCACAGA
,TTATATTAA
,TTCTAATAT
,TTGCAAAAG
,TTTAAAGAA
,TTTTGCAAT
,CAAGTTCTA
,GTCAGGTAT
,TAGTATTAT
,TTGTCAATG
,CATTAGCTAATG
,TCAGTATACTGA
,AATTCTATT
,GTCAGGTAT
,AATTCTATT
,GTCAGGTAT
,GTACCACAC
,AATTCTATT
,GTCAGGTAT
,AATTCTATT
,GTCAGGTAT
,AATTCTATT
,GTCAGGTAT
,CATTAGCTAATG
,AATTCTATT
,GTCAGGTAT
,AACATCACA
,AACATGGAA
,AACTTGTTA
,AAGCATTAG
,AATACTACT
,AATAGAACCAT
,AATTTCACC
,AATTTCACC
,ACAAATGTG
,ACACAAATG
,ACATTACCA
,ACCATCAGA
,ACTGTCAAT
,AGTGTCAAT
,AGTTTTTAT
,ATATAATAGCA
,ATGTTATTA
,ATTCATTAA
,CAAAGGTAC
,CAAGAACCA
,CAATTGCTT
,CAATTGGTT
,CATTACCAC
,CCATTTTTA
,CTATTAGTA
,GACAACAAC
,GCATCCACA
,GGGCCATTT
,GTATATCTT
,GTCAGGTAT
,GTCTGGCAC
,GTTTGTAAA
,TAACACTGA
,TAATAGAAC
,TAATGTGTT
,TACACATCA
,TACGTTTGC
,TAGGCTGAT
,TAGTATTAT
,TATATATGG
,TATTAATGG
,TCTTTTAAA
,TGAACAAAA
,TGACATGCG
,TGATGTGTA
,TGCAAAATA
,TGCACAGAT
,TGCTATTAT
,TGTAATATA
,TGTTACAAT
,TTAACAATT
,TTAACTAATAG
,TTATGGGAT
,TTGCTATTA
,TTGTCAATG
,AAAACTTAT
,AAAATGTCA
,AAGCATTAG
,AATAATACCAA
,AATTCTATT
,AATTTTCAA
,ACAACAACA
,ACCACCTAGTG
,ACCTGAATT
,AGATGGCAA
,AGTGTTAAT
,ATTGCACTG
,ATTTGGTCT
,CAATTGGTT
,CACATACCA
,CATCAATAA
,CATTACCAC
,CCACACCAG
,CCATTTTTA
,CCCACTGTG
,CTATTAGTA
,CTATTGAGC
,GACAACAAC
,GCATTAAGT
,GGCCATTTT
,GTAACACAA
,GTAATGGTA
,GTACTGTTA
,GTCAGGTAT
,TAATTGGTT
,TAATTGTTC
,TACACATCG
,TATATATGG
,TATTAATGG
,TATTATCCT
,TCAGGTTTA
,TCTGGCATG
,TCTTTAGCA
,TGGTATTAT
,TGGTTCTTG
,TGTAGACAA
,TGTTACTACCT
,TTAACAATT
,TTATACCAC
,TTATATTAA
,TTGCTATTA
,AAAATGTCA
,AAAGGTATA
,AAATGTCACT
,AACACTGTAG
,AACATGGAA
,AAGCATTAG
,AATATGTCT
,AATTCTATT
,AATTTCACC
,ACAAACTAA
,ACATACAAA
,ACATTTTTA
,ACCTGAATT
,ACTGTTAGGT
,AGCAAGTTGT
,AGTGTTAAT
,AGTTGCAACT
,AGTTGTTGC
,ATAACAGCAG
,ATAATTTTCAA
,ATAATTTTC
,ATAGAGTGA
,ATAGCAGTA
,ATATCGATAT
,ATGAAATTT
,ATTGTACTG
,ATTTTTATT
,CAATTGGTT
,CATTACCAC
,CATTTTTAC
,CCATTTTTA
,CTACACCAG
,CTATTAGTA
,CTATTGAGC
,CTGTTATAAA
,GAATATATTC
,GACAACAAC
,GAGCTGTGCTA
,GATGCACAA
,GCAACTCAA
,GCATTAAGT
,GGCCATTTT
,GTAACACCATG
,GTAATGGTA
,GTACTGTTA
,GTCTGGCAC
,GTGGTGTTA
,GTTTGATGT
,TAATAATAA
,TAGTGTAAA
,TATAACAGC
,TATAATTATA
,TATACCACCT
,TATATATGG
,TATTAATGG
,TATTGAGCA
,TCAGGTTTA
,TCTTTAGCA
,TCTTTTAAA
,TGAAATTTCA
,TGCAAAATA
,TGCACAGAT
,TGCATTCGC
,TGCTATTAT
,TGTGCTAAA
,TGTTAATAT
,TGTTACAAT
,TGTTAGGTG
,TGTTATGTA
,TTAACAACAT
,TTAACAACA
,TTAACAATT
,TTAACTAATAG
,TTAATTTCACC
,TTATATTAA
,TTATGGGACG
,TTATGTAGCT
,TTCAAATTG
,TTCTAATATG
,TTCTAATAT
,TTGAACAAT
,TTGATTGAAA
,TTGCTATTA
,TTGTCAATG
,GTCAGGTAT
,TAGTATTAT
,TTGTCAATG
,AAAACTTAT
,AAAATATTA
,AAAATATTA
,AACAGTGGTA
,AACCAATTA
,AACGTCACA
,AACTATTGA
,AAGCATTAG
,AATACTATA
,AATTCTATT
,AATTTCAAGAAT
,ACAATTACC
,ACATTACCA
,ACTTCACTT
,ACTTGCACAGAT
,AGTTGCAACT
,ATGTTATTA
,ATTGCCATCT
,ATTGTTCCA
,CAAAAGTGC
,CAATGAAAA
,CAATTACTT
,CAATTGGTT
,CAGTTCTAC
,CATTACCAC
,CATTCTTGA
,CCATTTTTA
,CCTATATTAG
,CTATTGAGC
,CTGTTATAAA
,GAATGGAAT
,GAGTTGCAAC
,GATACCATT
,GCAAGCGCTTGC
,GCCATTTTAC
,GCTTGTGCA
,GGCCATTTT
,GGTGGCTTA
,GGTTTAGGTA
,GTAGCTTCTA
,GTGCTGCAT
,GTGTTAACA
,TAAGTACTTA
,TAATTGGTT
,TAGACATATG
,TATTAATGG
,TATTGAGCA
,TCTTGTTAACAAGA
,TGCAATTGCA
,TGCACAGTT
,TGCCACTAAC
,TGCCATCTGA
,TGCTGTTAGT
,TGTAATATA
,TGTTAACAA
,TGTTATGTA
,TGTTATGTA
,TGTTGGTAT
,TGTTGTTAA
,TTAACAATT
,TTCAAATTG
,TTGAACAAAA
,TTTGGTGTA
,AAACAACAC
,AAATGTTCT
,AACATATGTT
,AACATGGAA
,AACTGAAAA
,AATACTACT
,ACAACAACA
,ACAACACCA
,ACACATCAC
,ACACTAGTGT
,ACAGGATAA
,ACATCACAC
,ACATTACCA
,ACATTATTAAA
,ACCACCTAGTG
,ACCAGTTTT
,ACTACTACT
,ACTTTTGCAA
,AGCCTGTTA
,AGTGGAATG
,AGTGTCAAT
,AGTTTTTAT
,ATACCTGAC
,ATATATATAT
,ATGGCGCCAT
,ATTATTAAA
,ATTGTGCTG
,ATTTGAACA
,CAAAAGTGC
,CAACACCAA
,CAACATCAAA
,CAAGTTCTA
,CAATGAGAA
,CACATACCAG
,CACTTTTGC
,CATATATAT
,CATCAATAA
,CATTACCAC
,CCATTTTTA
,CTAACACATT
,CTATTAGTA
,CTATTGAGC
,CTGATGTAT
,CTGTTATAAA
,GACAACAAC
,GGGCCATTT
,GTAATATAT
,GTCAGGTAT
,GTGTTTTCA
,GTTTGTAAA
,GTTTTTATTCA
,TAACAAATCA
,TAACAATTT
,TAAGTACTTA
,TAATAATAC
,TAATTGGTT
,TAATTGGTT
,TACAAATAG
,TACACATCA
,TACCATTTG
,TAGGCTGAT
,TAGTATTAT
,TAGTATTAT
,TATATATGG
,TATATCTTTTA
,TATTAATGG
,TCTTTAGCA
,TGAAAATTAT
,TGAGAACATT
,TGATGTGTA
,TGCAAAATA
,TGCAATTGCA
,TGCACAGAT
,TGTAATATA
,TGTTAATAT
,TTAAAAATGT
,TTATATTAA
,TTCTACAGT
,TTGACCTTG
,TTGCTATTA
,TTGTCAATG
,AATTCTATT
,GTCAGGTAT
,TAAGTACTTA
,ATAATCCCA
,AGTTGCAACT
,GTCAGGTAT
,TTCTATTTGA
,AACATGGAA
,ACAAACTAA
,GCAAGCGCTTGC
,GCCTCAACA
,GTTTGTAAA
,GTTTGTAAT
,TAATAATAC
,TATATATGG
,TCTCATTTG
,TGTAATATA
,TGTTGGTAT
,CATTAGCTAATG
,TCAGTATACTGA
,ATTAGTACTAAT
,CTTTATCTG
,TAATAGGTG
,TTATGGTTC
,AATTCTATT
,GTCAGGTAT
,CATTAGCTAATG
,TCAGTATACTGA
,AGTTGCAACT
,GTCAGGTAT
,TTCTATTTGA
,ATTTTAACATC
,GATGAACCA
,GTTGTTAAA
,TTATGGTTC
,AATTCTATT
,GTCAGGTAT
,AACATCAAA
,AACATCTTT
,AACATGGAA
,AACTTCACTT
,AATACTACT
,ACAAACTAA
,ACACAAATG
,ACACATCAC
,ACAGTTTCA
,ACATCACAC
,AGCTCCACT
,AGTGGAATG
,AGTGTCAAT
,AGTTTTTAT
,ATAGCTCCA
,ATATATATAT
,ATGTATTCG
,ATTGCACAG
,CAAAAGTGC
,CAAGAACCA
,CAATTGGTT
,CACAGCAAC
,CACATACCA
,CAGCAACAT
,CATATATAT
,CCATTTTTA
,CTAACACATT
,CTAATTGGTT
,CTATTAGTA
,CTATTGAGC
,CTGAACATC
,CTGATAATA
,CTGATGTAT
,CTGTTACAG
,CTGTTAGTT
,CTGTTATAAA
,GAATACAATA
,GACAACAAC
,GATGTTATTA
,GTCAGGTAT
,GTGCTGCAT
,GTTTGTAAT
,TAAGTACTTA
,TACAAATAG
,TACACATCA
,TACCAAGGT
,TAGCAATTT
,TAGTATTAT
,TATATATGG
,TATTAATGG
,TCAAGATTG
,TCTCATTTG
,TGATGTGTA
,TGATTGTTC
,TGCAATTGCA
,TGGAATTCCA
,TGGTTTTTA
,TGTAATATA
,TGTCATCAT
,TGTTGGTAT
,TTAAAAATGT
,TTAACAATT
,TTATATTAA
,TTCAAATTG
,TTGACCTTG
,TTGCACAGAT
,TTGCTATTA
,TTGTGCACAA
,TTTGACATG
,TTTTAAAAC
,AACATGGAA
,ACAAACTAA
,CAAGAACCA
,GCAAGCGCTTGC
,GTCTGATAATA
,GTTTGTAAT
,TATATATGG
,TCTCATTTG
,TGATGTGTA
,TGTAATATA
,TGTTGGTAT
,AAAGAAATTG
,AACATCTTT
,AACGTCACA
,AACGTCACA
,AACTATTGA
,AATATTACC
,ACAATTACC
,ACACCAGTTTTA
,ACACTCTTGT
,ACCAGTTTT
,ACCTATGCA
,ACTACAAATAG
,ACTTCACTT
,AGAATATTA
,AGATATACAATC
,AGGTTTAAA
,AGTTGCAACT
,AGTTTTTATA
,ATGTCACAA
,ATGTTATTA
,ATTGCAAGT
,ATTGCACTG
,ATTGCCATCT
,CAAAAGTGC
,CAATTACTT
,CAATTGGTT
,CCACTAACA
,CCATTTTTA
,CTACCGGTAG
,CTATTGAGC
,CTGTTATAAA
,CTTGAAAGT
,CTTGCACAGAT
,GAATGGAAT
,GACAGAAAAA
,GGCCATTTT
,GGTAATATTACC
,GGTGGTGTT
,GTGGTACCAC
,GTGTGCCAT
,TAACATTGA
,TAATGGTAT
,TACAAATAG
,TATTAATGG
,TATTGAGCA
,TATTGCAATA
,TCAAGTGGTA
,TCTTGTTAACAAGA
,TCTTTAGCA
,TGAACAAAA
,TGACTATTGCA
,TGCAATTGCA
,TGCCATCTGA
,TGTAATATA
,TTAGGTTTAA
,TTATAAAAAC
,TTCAAATTG
,TTGGTAATA
,CATTAGCTAATG
,TCAGTATACTGA
,GAAAATCTT
,TAGTTGTTG
,TGCCACGTGGCA
,AATAATAAT
,AATGGCTTG
,AATTCTATT
,ACAACAACA
,ACACATCAC
,ACACATCGT
,ACACCGGTGT
,ACATCAAAC
,ACTGTTAGGT
,AGGTACAGT
,AGTGGAATGA
,AGTTGCAACT
,ATATATATAT
,ATGGCGCCAT
,ATTTGAACA
,ATTTGGTCT
,CAACAACCA
,CAACAGCTT
,CAAGAACCA
,CAATTGGTT
,CACATACCA
,CACCTTCAAA
,CATATATAT
,CATCAATAA
,CATTACCAC
,CCATTTTTA
,CCTATATTAG
,CTATTGAGC
,CTGTTATAAA
,GGCCATTTT
,GTCAGGTAT
,GTGAACCTA
,GTGCTGCAT
,GTTTGATGT
,TAATTGGTT
,TACACATCG
,TACGTTTGC
,TAGTGTGAT
,TATAATTATA
,TATTAATGG
,TCAGGTTTA
,TCTTTAGCA
,TCTTTTAAA
,TGAAATTTCA
,TGCACAGAT
,TGGCTTGAA
,TGGTTCTTG
,TGTAATATA
,TGTCATCTA
,TTAACAATT
,TTAATGTGAC
,TTACAAACA
,TTACCACAGA
,TTATATTAA
,TTCAAATTG
,TTCTAATAT
,TTGAACAAT
,TTGTACATC
,TTTCAAATT
,TTTTGCAAT
,ACCTGAATT
,CAAATTCTA
,TTGTCAATG
,CAATGTGTT
,TATATATGG
,TCTCATTTG
,TGCACAGAT
,TGTAATATA
,AATGTGCTA
,AATTTCCTT
,ACCAATTTT
,ACTAATAGC
,ATAAAAATT
,ATGTAGTTG
,ATGTTATTA
,ATTTTTATA
,GTAACCATT
,GTGTTTTCA
,TACACATCG
,TATTAATGG
,TCTCATTTG
,TGCAATTGG
,TGTAATATA
,TGTTACAAT
,TTAAACCAC
,TTAAGTAAT
,TTACAGTTA
,TTACAGTTA
,TTATATTAA
,TATATATGG
,TGTTGGTAT
,AAAAATTTTT
,GCTTCGAAGC
,TACTATAGTA
,AAAATTCCT
,AATAACACA
,AGCTCCACT
,AGTGGAATGA
,ATATATATAT
,ATGGTGTCA
,CATATATAT
,CCTATATTAG
,CTGTTCTAGAACAG
,GAAGCTATGG
,GCACTGGCCA
,GGTGTAGCA
,GTACTGTTA
,TACACATCG
,TATAATTATA
,TATTAATGG
,TATTGTTAT
,TCTAAAACAT
,TCTCATTTG
,TGGAATTCCA
,TGTAATATA
,TTAATGTTA
,TTTGTAACA
,TTTGTTACA
,CTATTAATAG
,TGGAATTCCA
,TTTAACATCA
,AAATGTTCT
,AACATCAAA
,AACATGGAA
,AACCACTAC
,AATACTACT
,ACAAACTAA
,ACACAAATG
,ACAGTTTCA
,ACATCACAC
,ACATTACCA
,ACTACAACAG
,AGCTCCACT
,AGTGGAATG
,AGTGTCAAT
,ATACCTGAC
,ATAGCTCCA
,ATATATATAT
,ATTATAATAT
,ATTGCACAG
,CAAAAGTGC
,CAAGAACCA
,CAAGTTCTA
,CAATTGGTT
,CACATACCA
,CATATATAT
,CATTACCAC
,CCATTTTTA
,CTAACACATT
,CTAATTGGTT
,CTATTAGTA
,CTGAACATC
,CTGATGTAT
,CTGTTACAG
,CTGTTAGTT
,CTGTTATAAA
,GACAACAAC
,GATGTTATTA
,GCCACTAAC
,GTACTGTTA
,GTATTATTA
,GTCAGGTAT
,GTGCTGCAT
,GTTTGTAAT
,TAACAAATCA
,TAAGTACTTA
,TAAGTTAAA
,TAATAATAC
,TACAAATAG
,TACCAAGGT
,TAGCAATTT
,TAGGCTGAT
,TAGTATTAT
,TATATATGG
,TATTAATGG
,TCAAGATTG
,TGCAATTGCA
,TGGAATTCCA
,TGGTTTTTA
,TGTAATATA
,TGTCATCAT
,TGTTGGTAT
,TTAAAAATGT
,TTAACAATT
,TTAACCTTA
,TTATATTAA
,TTCAAATTG
,TTCTACAGT
,TTGACCTTG
,TTGCACAGAT
,TTGCTATTA
,TTGTGCACAA
,TTTCACCAG
,TTTGACATG
,TTTTAAAAC
,AGTTGCAACT
,GTCAGGTAT
,TTCTATTTGA
,AATTCTATT
,GTCAGGTAT
,AAATGTTCT
,AACATCAAA
,AACATGGAA
,AACCACTAC
,AACTTCACTT
,AATACTACT
,ACAAACTAA
,ACACAAATG
,ACAGTTTCA
,ACATCACAT
,ACATTACCA
,ACATTACCA
,AGCTCCACT
,AGTGGAATG
,AGTGTCAAT
,AGTTTTTAT
,ATACCTGAC
,ATAGCTCCA
,ATATATATAT
,ATTGCACAG
,CAAAAGTGC
,CAAGAACCA
,CAATGAGAA
,CAATTGGTT
,CACATACCA
,CATATATAT
,CATTACCAC
,CCATTTTTA
,CTAACACATT
,CTAATTGGTT
,CTATTAGTA
,CTATTGAGC
,CTGAACATC
,CTGATGTAT
,CTGTTACAG
,CTGTTAGTT
,CTGTTATAAA
,GAAGCTATGG
,GACAACAAC
,GATGTTATTA
,GCCACTAAC
,GTCAGGTAT
,GTGCTGCAT
,GTTTGTAAA
,GTTTGTAAT
,TAAAAACTT
,TAAGTACTTA
,TAATAATAC
,TACACATCA
,TAGCAATTT
,TAGGCTGAT
,TAGTATTAT
,TATATATGG
,TATTAATGG
,TCAAGATTG
,TCTCATTTG
,TGAGAACATT
,TGCAAAATA
,TGCAATTGCA
,TGGAATTCCA
,TGGTTTTTA
,TGTAATATA
,TGTCATCAT
,TGTGTGAAA
,TGTTGGTAT
,TTAAAAATGT
,TTAACAATT
,TTATATTAA
,TTCAAATTG
,TTCTACAGT
,TTGACCTTG
,TTGCACAGAT
,TTGCTATTA
,TTGTGCACAA
,TTTCACCAGT
,TTTTAAAAC
,AATTCTATT
,GTCAGGTAT
,TCAGTATACTGA
,CATTAGCTAATG
,TCAGTATACTGA
,AATTCTATT
,GTCAGGTAT
,ATATATATAT
,ATTTGTTACA
,CTGTTCTAGAACAG
,TGAAATTTCA
,TGGAATTCCA
,GATTATATTG
,AAACATCACA
,AACTATTGA
,AACTTTCAA
,AAGCATTAG
,AATAAAAAC
,AATATATGA
,AATTCTATT
,AATTTCACCA
,ACAACAACA
,ACACAAATG
,ACACATCGGT
,ACATTACCA
,ACCTGATGG
,ACTACAACAA
,AGTTGCAACT
,ATACACATCG
,ATATATGACA
,ATGTATAAT
,ATGTCACAA
,ATTATTAAA
,ATTGCACTG
,CAAAAGTGC
,CAAGAACCA
,CAATTGGTT
,CACCTAGTG
,CAGTTCTACC
,CATTACCAC
,CCTATATTAG
,CTATTGAGC
,CTGTTATAAA
,GAATGGAAT
,GAGTTGCAAC
,GATACCATT
,GCTTGTGCA
,GGGCCATTTC
,GGTTTAGGTA
,GTAGCTTCT
,GTGTTGTTA
,TAATTGGTT
,TATATATGG
,TATGGTGGT
,TATTGAGCA
,TATTGTAAT
,TGCAACAGT
,TGCAATTGCA
,TGCACAGAT
,TGCCACTAA
,TGGTAAACAT
,TGTTATGTA
,TGTTATGTA
,TGTTGGTATT
,TGTTGTTAA
,TGTTGTTAA
,TTAACAACAT
,TTAACAACA
,TTCAAATTG
,TTGGTAACA
,TTGTTAATA
,TTTATTGCA
,TTTGGTGTA
,ACCTGAATT
,AGTTGCAACT
,ATATCGATAT
,AATTTTAACA
,ATCATCTGTA
,CAAATTGGA
,CAGTTTTCAT
,GATAAAGAATCAT
,GTTGATCAAC
,TACCACCAG
,TACTATAGTA
,TATACCACC
,TGTTAAAAT
,AAATGTCTT
,AACAGTACTGTT
,AATAGAATT
,AATTTTAGT
,ACAACAGGT
,ACCACAATTTA
,ACTATTATT
,ACTCTGTTG
,ACTGCTGTGGTG
,AGATTCAAG
,AGCCATTCA
,ATGACAACA
,ATGTGAACC
,ATTAAGTGC
,ATTCTATTG
,ATTTTTTCA
,CACAATAATCA
,CACATATGCATATGTG
,CAGTCTATT
,CATCAGTTT
,CGTTTTTAA
,CTGCTGTAG
,GAAGAGCAC
,GTTAAAGTT
,GTTACAAAT
,TACTGCTGT
,TCAGACCAT
,TGATTAACG
,TGTTAAATCACA
,TTAACACAT
,TTAACATAC
,TTACAAATA
,TTACTAAAGTA
,TTCTACTTT
,TTGTAGGTGGT
,TTTGTAACT
,TTTTTCACCAC
,AATTCTATT
,GTCAGGTAT
,AATTCTATT
,GTCAGGTAT
,AATTCTATT
,GTCAGGTAT
,CAAGTTCTA
,GTCAGGTAT
,TAGTATTAT
,TTGTCAATG
,ATATCGATAT
,CCTGGCCAGG
,TTGTGCACAA
,AATTCTATT
,GTCAGGTAT
,TTTGTTAACAAA
,AATTCTATT
,GTCAGGTAT
,CATTAGCTAATG
,CTGTTCTAGAACAG
,TGTTCTAGAACA
,AAAATAAAC
,AAACGTTAAG
,AAATTGTCA
,AACCATTATTA
,AACCATTATTA
,AATAATAATA
,AATAATTATT
,ACAAACTAA
,ACCTAAATT
,ACCTCCTAG
,ACTATTAAC
,AGATTTAAA
,AGTGATAATG
,AGTTAAATT
,ATAATAATA
,ATATGGAAGT
,ATGCCTGTG
,ATGTATTGTT
,ATGTATTGT
,ATTGGTTCA
,ATTGTACTT
,CAAAAGTGC
,CAAATCAATT
,CAAGAGAAG
,CAAGTTCTA
,CAATACATC
,CCAAGCTGTT
,CCATTTGGTG
,CTAATAATG
,CTATAAGAG
,CTATTGAGC
,CTGATGTAT
,CTTGTCTTTG
,GCAGTTAAATT
,GGTTGGTTTG
,GTACCTGTA
,GTACTTCCA
,GTATTTCAA
,GTCAGGTAT
,GTGATGTTAA
,GTTTTTATT
,TAAATTGTC
,TAATAATGT
,TAGGCTGAT
,TAGTAAAAT
,TATGTACATA
,TCAAGCTGC
,TGACAATGA
,TGAGACTGAG
,TGATGTTAA
,TGCAAAATA
,TGCAATTGCA
,TGCAGTTAA
,TGCTATTAT
,TGGTATGCA
,TGGTTTTTAT
,TGTAATCAG
,TGTAGTGTT
,TGTGTAATG
,TTAAAAATGT
,TTAACAAAC
,TTATATATG
,TTCAAATTG
,TTCAATACATC
,TTGTGCACAA
,TTGTTATAA
,TTTATACCATT
,TTTCAAACC
,TTTCTAATA
,TTTTTAAAG
,AACATGGAG
,AATAATAAT
,AATATCAATA
,AATGCACGTA
,AATTCTATT
,ACAACATGG
,ACAATTGCA
,ACATATGCT
,ACATTACCA
,ACTATTGAAC
,ACTGTTAGGT
,AGATTGACT
,AGGCATTAG
,AGTTGCAACT
,ATAAAAATT
,ATACTATTG
,ATATATATAT
,ATCATAACC
,ATGAACTTT
,ATGATTGTGA
,ATGTTATTA
,ATTAGGTCT
,ATTGCACTG
,ATTGGTGTT
,ATTGGTTCAT
,ATTTTTATA
,CAATTGGTT
,CATATATAT
,CATATATTA
,CATTACCAC
,CCAATGTTTT
,CCATTTTTA
,CTACACCAG
,CTATTAGTA
,CTGTTATAAA
,GACAACAAC
,GATGCACAA
,GCACAAGCT
,GCATTAAGT
,GGCCATTTT
,GTAACACAA
,GTAATGGTA
,GTACCACAC
,GTATAGCAT
,GTATTATTA
,GTCAGGTAT
,GTGTTAATA
,GTTCTAGAAC
,GTTTGATGT
,TAACAAATCA
,TAAGTTAAA
,TAATAACAT
,TACACATCG
,TACGTTTGC
,TATAATTATA
,TATTATCCT
,TCACAATCA
,TCAGCATTA
,TCTTTAGCA
,TGCAAAATA
,TGGCTTAAA
,TGGTAATAG
,TGGTATGCA
,TGTAATATA
,TTATGTAGCT
,TTCAAATTG
,TTCTAATAT
,TTGCTATTA
,TTGTCAATG
,TTTAAATAA
,ATTGATATCAAT
,GTCAGGTAT
,TCAATCTCA
,TTGTCAATG
,AATAATAAT
,AATGGCTTG
,AATTCTATT
,ACAACAACA
,ACACATCAC
,ACACATCGT
,ACATCAAAC
,ACCAAGGCC
,AGGTACAGT
,ATTTGAACA
,ATTTGGTCT
,CAACAACCA
,CAACAGCTT
,CAAGAACCA
,CAATTGGTT
,CACATACCA
,CATATATAT
,CATCAATAA
,CATTACCAC
,CCATTTTTA
,CTATTGAGC
,GAAGCCATG
,GACAAACAG
,GGCCATTTT
,GTCAGGTAT
,GTGAACCTA
,GTGCTGCAT
,GTTTGATGT
,TAATGTGAC
,TAATTGGTT
,TACACATCG
,TACGTTTGC
,TAGTGTGAT
,TATTAATGG
,TCAGGTTTA
,TCTTTAGCA
,TCTTTTAAA
,TGCACAGAT
,TGGCTTGAA
,TGGTTCTTG
,TGTAATATA
,TGTCATCTA
,TTAACAATT
,TTATATTAA
,TTCAAATTG
,TTCTAATAT
,TTGAACAAT
,TTTCAAATT
,TTTTGCAAT
,CAAGTTCTA
,GTCAGGTAT
,AGTTGCAACT
,GTCAGGTAT
,TTCTATTTGA
,TCAGTATACTGA
,AAATGTTCT
,AACAAAAAT
,AACATCTTT
,AACCACTAC
,AACTTCACTT
,AATACTACT
,AATAGCGGT
,AATCAACCTC
,ACAAACTAA
,ACATCACAC
,ACATTACCA
,ACCACCTAGTG
,AGCTCCACT
,AGTGTCAAT
,AGTTTTTAT
,ATAGCTCCA
,ATATATATAT
,ATATGGTAAA
,ATGTTATTA
,ATTATTAAA
,ATTGCACAG
,CAAAAGTGC
,CAAGTCAAT
,CAAGTTCTA
,CATATATAT
,CATTACCAC
,CCATTTTTA
,CTAACACATT
,CTAATTGGTT
,CTATTAGTA
,CTATTGAGC
,CTGAACATC
,CTGATGTAT
,CTGTTAGTT
,CTGTTATAAA
,GACAACAAC
,GCTAATGCTTT
,GGGCCATTT
,GTCAGGTAT
,GTGCTGCAT
,GTTTGTAAA
,GTTTGTAAT
,GTTTTTATTCA
,TAAAAACTT
,TAACAAATCA
,TAAGTACTTA
,TAATAATAC
,TACAAATAG
,TACACATCA
,TACCAAGGT
,TAGGCTGAT
,TAGTATTAT
,TATATATGG
,TATTAATGG
,TCAAGATTG
,TCTCATTTG
,TCTTTAGCA
,TGATTCCAT
,TGCAAAATA
,TGCAATTGCA
,TGGAATTCCA
,TGGTTTTTA
,TGTCATCAT
,TGTTGGTAT
,TTAACAATT
,TTCTACAGT
,TTGACCTTG
,TTGCACAGAT
,TTGCTATTA
,TTGTGCACAA
,TTTCACCAG
,TTTTAAAAC
,CAAGTTCTA
,GTCAGGTAT
,TAGTATTAT
,TTGTCAATG
,AATAGTGTT
,GTTATTATA
,TACCACCAA
,GTCAGGTAT
,TAGTATTAT
,TTGTCAATG
,AACATCAAA
,AACATCTTT
,AACATGGAA
,AACCACTAC
,AACTTCACTT
,AATACTACT
,ACAAACTAA
,ACAAATGTG
,ACACAAATG
,ACACATCAC
,ACATCACAC
,AGTGGAATG
,AGTGTCAAT
,AGTTTTTAT
,ATAGCTCCA
,ATATATATAT
,ATTGCACAG
,CAAAAGTGC
,CAAGTCAAT
,CAAGTTCTA
,CAATTGGTT
,CACCAATGTT
,CACCAATGT
,CATATATAT
,CCATTTTTA
,CTAACACATT
,CTATTAGTA
,CTATTGAGC
,CTGTTACAG
,CTGTTATAAA
,GAATATATTC
,GACAACAAC
,GATGTTATTA
,GCTTCAACA
,GGGCCATTT
,GTATATCTTTTAA
,GTCAGGTAT
,GTGCTGCAT
,GTTCTCACA
,TAAAAACTT
,TAACAAATCA
,TAAGTACTTA
,TACACATCA
,TACCAAGGT
,TAGCAATTT
,TAGTATTAT
,TATATATGG
,TATTAATGG
,TCAAGATTG
,TGAACTGCTA
,TGATGTGTA
,TGCAAAATA
,TGCAATTGCA
,TGGAATTCCA
,TGGTTTTTA
,TGTAATATA
,TGTCATCAT
,TTAAAAATGT
,TTAACAATT
,TTACATTGG
,TTCTACAGT
,TTGACCTTG
,TTGCACAGAT
,TTGCTATTA
,TTGTGCACAA
,TTTGACATG
,TTTTAAAAC
,AATTCTATT
,GTCAGGTAT
,AATTCTATT
,GTCAGGTAT
,AATTCTATT
,GTCAGGTAT
,AACATCACA
,AACATGGAA
,AACTTGTTA
,AAGCATTAG
,AATACTACT
,AATAGAACCAT
,AATTTCACC
,ACAAATGTG
,ACACAAATG
,ACACCACCT
,ACAGCCGCT
,ACATTACCA
,ACCAGTTTT
,ACCATCAGA
,ACCATTGGT
,AGTGTCAAT
,ATGTTATTA
,ATTCATTAA
,CAAAGGTAC
,CAAGAACCA
,CAATGTGTT
,CAATTGCTT
,CAATTGGTT
,CATTACCAC
,CATTTTTAC
,CCATTTTTA
,CGTTAATAA
,CTACACCAG
,CTATTAGTA
,GACAACAAC
,GCATCCACA
,GCTGGTTTT
,GGGCCATTT
,GTCAGGTAT
,GTCTGGCAC
,GTTTGTAAA
,TAACACTGA
,TAACATTTTTA
,TAATAGAAC
,TACACATCA
,TACATGGTTCT
,TACGTTTGC
,TAGGCTGAT
,TAGTATTAT
,TAGTGTAAA
,TATAACAGC
,TATTAATGG
,TCAATTTCACC
,TCTTTTAAA
,TGAACAAAA
,TGACATGCG
,TGATGTGTA
,TGCAAAATA
,TGCACAGAT
,TGCTATTAT
,TGTAATATA
,TGTTACAAT
,TTAACAATT
,TTAACTAATAG
,TTCTACAGT
,TTGCTATTA
,TTGTCAATG
,TTGTTAATG
,CATTAGCTAATG
,TATAATTATA
,AATTCTATT
,GTCAGGTAT
,CAAGTTCTA
,GTCAGGTAT
,TAGTATTAT
,TCTATTTGA
,TTGTCAATG
,ATATATATAT
,TGAAATTTCA
,TGGAATTCCA
,TGTAGTTGTT
,TGTTCTAGAACA
,CATTAGCTAATG
,AATTCTATT
,GTCAGGTAT
,GTGTTATTA
,TAACACTGA
,AAAATAGCA
,AAAATAGCA
,AACATGGAG
,AACTTCACTT
,AAGCATTAG
,AATAGCACC
,ACAACATGG
,ACATTACCA
,ACCTGAATT
,ACGACAAGT
,ACTGTTAGGT
,AGATGGCAA
,AGATTGACT
,AGCACCATT
,AGGTACAGTC
,AGTGAAGTT
,AGTGGAATGA
,AGTGTCAAT
,AGTTGCAACT
,ATAAAAACC
,ATGGCAAGTTCTA
,ATGGCATCAT
,ATGTTATTA
,ATGTTTTAGA
,ATTAATGTC
,ATTGCACTG
,CATCAATAA
,CATTACCAC
,CCATTTTTA
,CCTATATTAG
,CGTTACTGT
,CGTTTGCAA
,CTACTAATG
,CTATTAGTA
,CTATTGAGC
,CTGTTATAAA
,GAAGTTTGTA
,GACAACAAC
,GATGCCAATT
,GCATTAAGT
,GCATTCGTT
,GCCATACAT
,GGCCATTTT
,GGTTTTTAT
,GTAACACAA
,GTAATGGTA
,TAACAAATCA
,TAACATCCA
,TAACTTGTA
,TAATTGGTT
,TACACATCG
,TACGTTTGC
,TAGTGTAAA
,TAGTTTTCA
,TATTAATGG
,TATTACTAC
,TATTATCCT
,TATTGTGCA
,TCAGCATTA
,TCATACCAA
,TCGAGTACG
,TGAAATTTCA
,TGCAAAATA
,TGGTTTTTG
,TGTAATATA
,TGTTATGTA
,TTAACAATT
,TTATATTAA
,TTATGTAGCT
,TTCAAATTG
,TTCTAATAT
,TTGAACAAA
,TTGCCATCT
,TTTTCAATG
,AACATGGAA
,CTGATGTAT
,GCAAGCGCTTGC
,GTTTGTAAT
,TGAACTGTTAGGT
,TGCAATTGA
,CAAGTTCTA
,TAGTATTAT
,TTACGAAAC
,AATTCTATT
,GTCAGGTAT
,AATTCTATT
,GTCAGGTAT
,AATTCTATT
,GTCAGGTAT
,ATATATATAT
,ATTTGTTACA
,CTGTTCTAGAACAG
,TGAAATTTCA
,TGGAATTCCA
,AACATCACA
,AACATGGAA
,AACTTGTTA
,AAGCATTAG
,AATACTACT
,AATAGAACCAT
,ACAAATGTG
,ACACAAATG
,ACACCACCT
,ACAGCCGCT
,ACATTACCA
,ACCAGTTTT
,ACCATTGGT
,AGTGTCAAT
,ATGTTATTA
,ATTCATTAA
,CAAAGGTAC
,CAAGAACCA
,CAATGTGTT
,CAATTGCTT
,CAATTGGTT
,CATTACCAC
,CATTTTTAC
,CCATTTTTA
,CGTTAATAA
,CNNNNNNNNNNNNNNNNNNNG
,CNNNNNNNNNNNNNNNNNNN
,CTATTAGTA
,GACAACAAC
,GCATCCACA
,GGGCCATTT
,GTCTGGCAC
,GTTTGTAAA
,NNNNNNNNNNNNNNNNNNNNNNNNNNNNNNNNNNNNNNNNNNNNNNNNNNNNNNN
,NNNNNNNNNNNNNNNNNNNNNNNNNNNNNNNNNNNNNNNNNNNNNNNNNNNNNN
,NNNNNNNNNNNNNNNNNNNNNNNNNNNNNNNNNNNNNNNNNNNNNNNNNNNNNN
,NNNNNNNNNNNNNNNNNNNNNNNNNNNNNNNNNNNNNNNNNNNNNNNNNNNNN
,NNNNNNNNNNNNNNNNNNNNNNNNNNNNNNNNNNNNNNNNNNNNNNNNNNNNN
,NNNNNNNNNNNNNNNNNNNNNNNNNNNNNNNNNNNNNNNNNNNNNNNNNNNN
,NNNNNNNNNNNNNNNNNNNNNNNNNNNNNNNNNNNNNNNNNNNNNNNNNNNN
,NNNNNNNNNNNNNNNNNNNNNNNNNNNNNNNNNNNNNNNNNNNNNNNNNNN
,NNNNNNNNNNNNNNNNNNNNNNNNNNNNNNNNNNNNNNNNNNNNNNNNNNN
,NNNNNNNNNNNNNNNNNNNNNNNNNNNNNNNNNNNNNNNNNNNNNNNNNN
,NNNNNNNNNNNNNNNNNNNNNNNNNNNNNNNNNNNNNNNNNNNNNNNNNN
,NNNNNNNNNNNNNNNNNNNNNNNNNNNNNNNNNNNNNNNNNNNNNNNNN
,NNNNNNNNNNNNNNNNNNNNNNNNNNNNNNNNNNNNNNNNNNNNNNNNN
,NNNNNNNNNNNNNNNNNNNNNNNNNNNNNNNNNNNNNNNNNNNNNNNN
,NNNNNNNNNNNNNNNNNNNNNNNNNNNNNNNNNNNNNNNNNNNNNNNN
,NNNNNNNNNNNNNNNNNNNNNNNNNNNNNNNNNNNNNNNNNNNNNNN
,NNNNNNNNNNNNNNNNNNNNNNNNNNNNNNNNNNNNNNNNNNNNNNN
,NNNNNNNNNNNNNNNNNNNNNNNNNNNNNNNNNNNNNNNNNNNNNN
,NNNNNNNNNNNNNNNNNNNNNNNNNNNNNNNNNNNNNNNNNNNNNN
,NNNNNNNNNNNNNNNNNNNNNNNNNNNNNNNNNNNNNNNNNNNNN
,NNNNNNNNNNNNNNNNNNNNNNNNNNNNNNNNNNNNNNNNNNNNN
,NNNNNNNNNNNNNNNNNNNNNNNNNNNNNNNNNNNNNNNNNNNN
,NNNNNNNNNNNNNNNNNNNNNNNNNNNNNNNNNNNNNNNNNNNN
,NNNNNNNNNNNNNNNNNNNNNNNNNNNNNNNNNNNNNNNNNNN
,NNNNNNNNNNNNNNNNNNNNNNNNNNNNNNNNNNNNNNNNNNN
,NNNNNNNNNNNNNNNNNNNNNNNNNNNNNNNNNNNNNNNNNN
,NNNNNNNNNNNNNNNNNNNNNNNNNNNNNNNNNNNNNNNNNN
,NNNNNNNNNNNNNNNNNNNNNNNNNNNNNNNNNNNNNNNNN
,NNNNNNNNNNNNNNNNNNNNNNNNNNNNNNNNNNNNNNNNN
,NNNNNNNNNNNNNNNNNNNNNNNNNNNNNNNNNNNNNNNN
,NNNNNNNNNNNNNNNNNNNNNNNNNNNNNNNNNNNNNNNN
,NNNNNNNNNNNNNNNNNNNNNNNNNNNNNNNNNNNNNNN
,NNNNNNNNNNNNNNNNNNNNNNNNNNNNNNNNNNNNNNN
,NNNNNNNNNNNNNNNNNNNNNNNNNNNNNNNNNNNNNN
,NNNNNNNNNNNNNNNNNNNNNNNNNNNNNNNNNNNNNN
,NNNNNNNNNNNNNNNNNNNNNNNNNNNNNNNNNNNNN
,NNNNNNNNNNNNNNNNNNNNNNNNNNNNNNNNNNNNN
,NNNNNNNNNNNNNNNNNNNNNNNNNNNNNNNNNNNN
,NNNNNNNNNNNNNNNNNNNNNNNNNNNNNNNNNNNN
,NNNNNNNNNNNNNNNNNNNNNNNNNNNNNNNNNNN
,NNNNNNNNNNNNNNNNNNNNNNNNNNNNNNNNNNN
,NNNNNNNNNNNNNNNNNNNNNNNNNNNNNNNNNN
,NNNNNNNNNNNNNNNNNNNNNNNNNNNNNNNNNN
,NNNNNNNNNNNNNNNNNNNNNNNNNNNNNNNNN
,NNNNNNNNNNNNNNNNNNNNNNNNNNNNNNNNN
,NNNNNNNNNNNNNNNNNNNNNNNNNNNNNNNN
,NNNNNNNNNNNNNNNNNNNNNNNNNNNNNNNN
,NNNNNNNNNNNNNNNNNNNNNNNNNNNNNNN
,NNNNNNNNNNNNNNNNNNNNNNNNNNNNNNN
,NNNNNNNNNNNNNNNNNNNNNNNNNNNNNN
,NNNNNNNNNNNNNNNNNNNNNNNNNNNNNN
,NNNNNNNNNNNNNNNNNNNNNNNNNNNNN
,NNNNNNNNNNNNNNNNNNNNNNNNNNNNN
,NNNNNNNNNNNNNNNNNNNNNNNNNNNN
,NNNNNNNNNNNNNNNNNNNNNNNNNNNN
,NNNNNNNNNNNNNNNNNNNNNNNNNNN
,NNNNNNNNNNNNNNNNNNNNNNNNNNN
,NNNNNNNNNNNNNNNNNNNNNNNNNNN
,NNNNNNNNNNNNNNNNNNNNNNNNNNN
,NNNNNNNNNNNNNNNNNNNNNNNNNNN
,NNNNNNNNNNNNNNNNNNNNNNNNNNN
,NNNNNNNNNNNNNNNNNNNNNNNNNNN
,NNNNNNNNNNNNNNNNNNNNNNNNNNN
,NNNNNNNNNNNNNNNNNNNNNNNNNNN
,NNNNNNNNNNNNNNNNNNNNNNNNNNN
,NNNNNNNNNNNNNNNNNNNNNNNNNNN
,NNNNNNNNNNNNNNNNNNNNNNNNNNN
,NNNNNNNNNNNNNNNNNNNNNNNNNNN
,NNNNNNNNNNNNNNNNNNNNNNNNNNN
,NNNNNNNNNNNNNNNNNNNNNNNNNNN
,NNNNNNNNNNNNNNNNNNNNNNNNNNN
,NNNNNNNNNNNNNNNNNNNNNNNNNNN
,NNNNNNNNNNNNNNNNNNNNNNNNNNN
,NNNNNNNNNNNNNNNNNNNNNNNNNNN
,NNNNNNNNNNNNNNNNNNNNNNNNNNN
,NNNNNNNNNNNNNNNNNNNNNNNNNNN
,NNNNNNNNNNNNNNNNNNNNNNNNNNN
,NNNNNNNNNNNNNNNNNNNNNNNNNNN
,NNNNNNNNNNNNNNNNNNNNNNNNNNN
,NNNNNNNNNNNNNNNNNNNNNNNNNNN
,NNNNNNNNNNNNNNNNNNNNNNNNNNN
,NNNNNNNNNNNNNNNNNNNNNNNNNNN
,NNNNNNNNNNNNNNNNNNNNNNNNNNN
,NNNNNNNNNNNNNNNNNNNNNNNNNNN
,NNNNNNNNNNNNNNNNNNNNNNNNNNN
,NNNNNNNNNNNNNNNNNNNNNNNNNNN
,NNNNNNNNNNNNNNNNNNNNNNNNNNN
,NNNNNNNNNNNNNNNNNNNNNNNNNN
,NNNNNNNNNNNNNNNNNNNNNNNNNN
,NNNNNNNNNNNNNNNNNNNNNNNNNN
,NNNNNNNNNNNNNNNNNNNNNNNNNN
,NNNNNNNNNNNNNNNNNNNNNNNNNN
,NNNNNNNNNNNNNNNNNNNNNNNNNN
,NNNNNNNNNNNNNNNNNNNNNNNNN
,NNNNNNNNNNNNNNNNNNNNNNNNN
,NNNNNNNNNNNNNNNNNNNNNNNNN
,NNNNNNNNNNNNNNNNNNNNNNNNN
,NNNNNNNNNNNNNNNNNNNNNNNNN
,NNNNNNNNNNNNNNNNNNNNNNNNN
,NNNNNNNNNNNNNNNNNNNNNNNN
,NNNNNNNNNNNNNNNNNNNNNNNN
,NNNNNNNNNNNNNNNNNNNNNNNN
,NNNNNNNNNNNNNNNNNNNNNNNN
,NNNNNNNNNNNNNNNNNNNNNNNN
,NNNNNNNNNNNNNNNNNNNNNNNN
,NNNNNNNNNNNNNNNNNNNNNNN
,NNNNNNNNNNNNNNNNNNNNNNN
,NNNNNNNNNNNNNNNNNNNNNNN
,NNNNNNNNNNNNNNNNNNNNNNN
,NNNNNNNNNNNNNNNNNNNNNNN
,NNNNNNNNNNNNNNNNNNNNNNN
,NNNNNNNNNNNNNNNNNNNNNN
,NNNNNNNNNNNNNNNNNNNNNN
,NNNNNNNNNNNNNNNNNNNNNN
,NNNNNNNNNNNNNNNNNNNNNN
,NNNNNNNNNNNNNNNNNNNNNN
,NNNNNNNNNNNNNNNNNNNNNN
,NNNNNNNNNNNNNNNNNNNNN
,NNNNNNNNNNNNNNNNNNNNN
,NNNNNNNNNNNNNNNNNNNNN
,NNNNNNNNNNNNNNNNNNNNN
,NNNNNNNNNNNNNNNNNNNNN
,NNNNNNNNNNNNNNNNNNNNN
,NNNNNNNNNNNNNNNNNNNN
,NNNNNNNNNNNNNNNNNNNN
,NNNNNNNNNNNNNNNNNNNN
,NNNNNNNNNNNNNNNNNNNN
,NNNNNNNNNNNNNNNNNNNN
,NNNNNNNNNNNNNNNNNNNN
,NNNNNNNNNNNNNNNNNNN
,NNNNNNNNNNNNNNNNNNN
,NNNNNNNNNNNNNNNNNNN
,NNNNNNNNNNNNNNNNNNN
,NNNNNNNNNNNNNNNNNNN
,NNNNNNNNNNNNNNNNNNN
,NNNNNNNNNNNNNNNNNNN
,NNNNNNNNNNNNNNNNNNN
,NNNNNNNNNNNNNNNNNNN
,NNNNNNNNNNNNNNNNNNN
,NNNNNNNNNNNNNNNNNNN
,NNNNNNNNNNNNNNNNNNN
,NNNNNNNNNNNNNNNNNNN
,NNNNNNNNNNNNNNNNNNN
,NNNNNNNNNNNNNNNNNNN
,NNNNNNNNNNNNNNNNNNN
,NNNNNNNNNNNNNNNNNNN
,NNNNNNNNNNNNNNNNNNN
,NNNNNNNNNNNNNNNNNNN
,NNNNNNNNNNNNNNNNNNN
,NNNNNNNNNNNNNNNNNNN
,NNNNNNNNNNNNNNNNNNN
,NNNNNNNNNNNNNNNNNNN
,NNNNNNNNNNNNNNNNNNN
,NNNNNNNNNNNNNNNNNNN
,NNNNNNNNNNNNNNNNNNN
,NNNNNNNNNNNNNNNNNNN
,NNNNNNNNNNNNNNNNNNN
,NNNNNNNNNNNNNNNNNNN
,NNNNNNNNNNNNNNNNNNN
,NNNNNNNNNNNNNNNNNNN
,NNNNNNNNNNNNNNNNNNN
,NNNNNNNNNNNNNNNNNNN
,NNNNNNNNNNNNNNNNNNN
,NNNNNNNNNNNNNNNNNNN
,NNNNNNNNNNNNNNNNNNN
,NNNNNNNNNNNNNNNNNNN
,NNNNNNNNNNNNNNNNNNN
,NNNNNNNNNNNNNNNNNNN
,NNNNNNNNNNNNNNNNNNN
,NNNNNNNNNNNNNNNNNNN
,NNNNNNNNNNNNNNNNNNN
,NNNNNNNNNNNNNNNNNNN
,NNNNNNNNNNNNNNNNNNN
,NNNNNNNNNNNNNNNNNNN
,NNNNNNNNNNNNNNNNNNN
,NNNNNNNNNNNNNNNNNNN
,NNNNNNNNNNNNNNNNNNN
,NNNNNNNNNNNNNNNNNNN
,NNNNNNNNNNNNNNNNNNN
,NNNNNNNNNNNNNNNNNNN
,NNNNNNNNNNNNNNNNNN
,NNNNNNNNNNNNNNNNNN
,NNNNNNNNNNNNNNNNNN
,NNNNNNNNNNNNNNNNNN
,NNNNNNNNNNNNNNNNNN
,NNNNNNNNNNNNNNNNNN
,NNNNNNNNNNNNNNNNNN
,NNNNNNNNNNNNNNNNNN
,NNNNNNNNNNNNNNNNNN
,NNNNNNNNNNNNNNNNNN
,NNNNNNNNNNNNNNNNNN
,NNNNNNNNNNNNNNNNNN
,NNNNNNNNNNNNNNNNN
,NNNNNNNNNNNNNNNNN
,NNNNNNNNNNNNNNNNN
,NNNNNNNNNNNNNNNNN
,NNNNNNNNNNNNNNNNN
,NNNNNNNNNNNNNNNNN
,NNNNNNNNNNNNNNNNN
,NNNNNNNNNNNNNNNNN
,NNNNNNNNNNNNNNNNN
,NNNNNNNNNNNNNNNNN
,NNNNNNNNNNNNNNNNN
,NNNNNNNNNNNNNNNNN
,NNNNNNNNNNNNNNNN
,NNNNNNNNNNNNNNNN
,NNNNNNNNNNNNNNNN
,NNNNNNNNNNNNNNNN
,NNNNNNNNNNNNNNNN
,NNNNNNNNNNNNNNNN
,NNNNNNNNNNNNNNNN
,NNNNNNNNNNNNNNNN
,NNNNNNNNNNNNNNNN
,NNNNNNNNNNNNNNNN
,NNNNNNNNNNNNNNNN
,NNNNNNNNNNNNNNNN
,NNNNNNNNNNNNNNN
,NNNNNNNNNNNNNNN
,NNNNNNNNNNNNNNN
,NNNNNNNNNNNNNNN
,NNNNNNNNNNNNNNN
,NNNNNNNNNNNNNNN
,NNNNNNNNNNNNNNN
,NNNNNNNNNNNNNNN
,NNNNNNNNNNNNNNN
,NNNNNNNNNNNNNNN
,NNNNNNNNNNNNNNN
,NNNNNNNNNNNNNNN
,NNNNNNNNNNNNNN
,NNNNNNNNNNNNNN
,NNNNNNNNNNNNNN
,NNNNNNNNNNNNNN
,NNNNNNNNNNNNNN
,NNNNNNNNNNNNNN
,NNNNNNNNNNNNNN
,NNNNNNNNNNNNNN
,NNNNNNNNNNNNNN
,NNNNNNNNNNNNNN
,NNNNNNNNNNNNNN
,NNNNNNNNNNNNNN
,NNNNNNNNNNNNN
,NNNNNNNNNNNNN
,NNNNNNNNNNNNN
,NNNNNNNNNNNNN
,NNNNNNNNNNNNN
,NNNNNNNNNNNNN
,NNNNNNNNNNNNN
,NNNNNNNNNNNNN
,NNNNNNNNNNNNN
,NNNNNNNNNNNNN
,NNNNNNNNNNNNN
,NNNNNNNNNNNNN
,NNNNNNNNNNNN
,NNNNNNNNNNNN
,NNNNNNNNNNNN
,NNNNNNNNNNNN
,NNNNNNNNNNNN
,NNNNNNNNNNNN
,NNNNNNNNNNNN
,NNNNNNNNNNNN
,NNNNNNNNNNNN
,NNNNNNNNNNNN
,NNNNNNNNNNNN
,NNNNNNNNNNNN
,NNNNNNNNNNN
,NNNNNNNNNNN
,NNNNNNNNNNN
,NNNNNNNNNNN
,NNNNNNNNNNN
,NNNNNNNNNNN
,NNNNNNNNNNN
,NNNNNNNNNNN
,NNNNNNNNNNN
,NNNNNNNNNNN
,NNNNNNNNNNN
,NNNNNNNNNNN
,NNNNNNNNNN
,NNNNNNNNNN
,NNNNNNNNNN
,NNNNNNNNNN
,NNNNNNNNNN
,NNNNNNNNNN
,NNNNNNNNNN
,NNNNNNNNNN
,NNNNNNNNNN
,NNNNNNNNNN
,NNNNNNNNNN
,NNNNNNNNNN
,NNNNNNNNN
,NNNNNNNNN
,NNNNNNNNN
,NNNNNNNNN
,NNNNNNNNN
,NNNNNNNNN
,NNNNNNNNN
,NNNNNNNNN
,NNNNNNNNN
,NNNNNNNNN
,NNNNNNNNN
,NNNNNNNNN
,TAACACTGA
,TAACATTTTTA
,TAATAGAAC
,TACACATCA
,TACGTTTGC
,TAGGCTGAT
,TAGTATTAT
,TAGTGTAAA
,TATAACAGC
,TATTAATGG
,TCTTTTAAA
,TGAACAAAA
,TGACATGCG
,TGATGTGTA
,TGCAAAATA
,TGCACAGAT
,TGCTATTAT
,TGTAATATA
,TGTTACAAT
,TTAACAATT
,TTAACTAATAG
,TTCTACAGT
,TTGCTATTA
,TTGTCAATG
,TTGTTAATG
,AACATGGAA
,ACAAACTAA
,GCAAGCGCTTGC
,GTTTGTAAT
,TAATAATAC
,TATATATGG
,TCTCATTTG
,TGTAATATA
,TGTTGGTAT
,AATTTTAACATC
,TTTGTTAACAAA
,CAATGTGTT
,TATATATGG
,TCTCATTTG
,TGCACAGAT
,TGTAATATA
,GATTATATTG
,TTGATATCAA
,AGTTGCAACT
,ATATCGATAT
,AAACATCACA
,AACTATTGA
,AACTTTCAA
,AAGCATTAG
,AATATATGA
,AATTCTATT
,AATTTCACCA
,ACAACAACA
,ACACAAATG
,ACATTACCA
,ACCTGATGG
,ACTACAACAA
,AGTTGCAACT
,ATACACATC
,ATATATGACA
,ATATGGTAAA
,ATATTATTA
,ATTGCACTG
,ATTGCCATCT
,ATTTTCAATG
,CAAAAGTGC
,CAAGAACCA
,CACCTAGTG
,CAGTTCTAC
,CATTACCAC
,CCTATATTAG
,CTATTGAGC
,CTGTTATAAA
,GAATGGAAT
,GACAACAAC
,GATACCATT
,GCTTGTGCA
,GGGCCATTTC
,GGTTTAGGTA
,GTAGCTTCT
,GTGTTGTTA
,TAATTGGTT
,TATATATGG
,TATGGTGGT
,TATTGAGCA
,TATTGTAAT
,TCTATGTTA
,TGCAACAGT
,TGCAATTGCA
,TGCACAGAT
,TGCCACTAA
,TGGTAAACAT
,TGTTATGTA
,TGTTATGTA
,TGTTGGTAT
,TGTTGTTAA
,TGTTGTTAA
,TTAACAACAT
,TTAACAACA
,TTCAAATTG
,TTGGTAACA
,TTGTTAATA
,TTTAACAAC
,TTTATTGCA
,TTTGGTGTA
,AAAATGTGT
,AAAATTTCA
,AAATCACAA
,AACCACAGT
,AATCACAAT
,AATTAGTGA
,AATTGATTG
,ACAGTAAGA
,ACCACCAAC
,ACTTGCATT
,AGGTTTAAC
,AGTCTTGTTAA
,AGTTTTTCA
,ATGAAAATA
,ATGGAATTG
,ATTCAATCA
,ATTCCACCT
,ATTGAAAAT
,ATTGCAAAT
,ATTTTCAAT
,ATTTTGATTCTGT
,CAAAACTTA
,CAAAATGGT
,CAACAGAAT
,CAAGCAGAA
,CACACATAC
,CACCATTTT
,CATCTGCTG
,CCACAACAA
,CCACAACAA
,CTAATAATA
,CTACTATCAGA
,CTATCAGAT
,GAACTACTA
,GACAGTTGG
,GATGTACTC
,GATTCAAGT
,GATTGAAAA
,GCAGAATAT
,GCCATAGTA
,TAATAATAC
,TACATCTTT
,TAGCTTGGA
,TCAGTAAAA
,TGTAAAGAT
,TGTGTCAGT
,TGTTAATAT
,TTACAAATA
,TTACTTTCA
,TTCATCCAA
,TTGTGATTT
,TTGTTACCA
,TTTAAAAAT
,TTTCATTAA
,TTTGGTCATCT
,TTTTAAATG
,TTTTCAATT
,CAAGTTCTA
,GTCAGGTAT
,AAATGTTCT
,AACATCAAA
,AACATCTTT
,AACCACTAC
,AACTTCACTT
,AATACTACT
,AATAGCGGT
,AATCTGAAC
,ACATCACAC
,ACATTACCA
,AGCTCCACT
,AGTGTCAAT
,ATAGCTCCA
,ATATATATAT
,ATATGGTAAA
,ATGTATTCG
,ATTGCACAG
,CAAAAGTGC
,CAAATAGAA
,CAAGTCAAT
,CAAGTTCTA
,CAATGAGAA
,CATATATAT
,CATTACCAC
,CCATTTTTA
,CTAACACATT
,CTAATTGGTT
,CTACACCAG
,CTATTAGTA
,CTATTGAGC
,CTGAACATC
,CTGTTAGTT
,CTGTTATAAA
,GACAACAAC
,GATGTTATTA
,GGGCCATTT
,GTCAGGTAT
,GTGCTGCAT
,GTTTGATGT
,GTTTGTAAT
,TAAAAACTT
,TAACAAATCA
,TAATAATAC
,TACAAATAG
,TACACATCA
,TACCAAGGT
,TAGGCTGAT
,TAGTATTAT
,TATAACAGCT
,TATATATGG
,TATTAATGG
,TCAAGATTG
,TCTCATTTG
,TCTTTAGCA
,TGAGAACATT
,TGCAAAATA
,TGCAATTGCA
,TGGAATTCCA
,TGGTTTTTA
,TGTCATCAT
,TGTTGGTAT
,TTAAAAATGT
,TTAACAATTT
,TTAACAATT
,TTCTACAGT
,TTCTATTTGA
,TTGCACAGAT
,TTGTCAATG
,TTGTGGGAC
,TTTTAAAAC
,AAATGTTCT
,AACATCAAA
,AACATGGAA
,AACCACTAC
,AACTTCACTT
,AACTTGCCA
,AATACTACT
,ACAAACTAA
,ACACAAATG
,ACAGTTTCA
,ACATCACAC
,ACATTACCA
,AGCTCCACT
,AGTGGAATG
,AGTGTCAAT
,AGTTTTTAT
,ATACCTGAC
,ATATATATAT
,ATGGCAAGTTCTA
,ATTATAACA
,ATTGCACAG
,CAAAAGTGC
,CAAGTCAAT
,CAATGAGAA
,CAATTGGTT
,CACATACCA
,CATATATAT
,CATTACCAC
,CCATTTTTA
,CCTATTAGT
,CTAACACATT
,CTAATTGGTT
,CTATTAGTA
,CTATTGACA
,CTATTGAGC
,CTGAACATC
,CTGATGTAT
,CTGTTACAG
,CTGTTAGTT
,CTGTTATAAA
,GATGTTATTA
,GCCACTAAC
,GTCAGGTAT
,GTGCTGCAT
,GTTTGTAAT
,TAAAAACTT
,TAACAAATCA
,TAACACTGA
,TAAGTACTTA
,TACACATCA
,TAGGCTGAT
,TAGTATTAT
,TATATATGG
,TATTAATGG
,TCAAGATTG
,TGAAAATTAT
,TGACACCAT
,TGAGAACATT
,TGCAAAATA
,TGCAATTGCA
,TGGAATTCCA
,TGGTTTTTA
,TGTTGGTAT
,TTAAAAATGT
,TTAACAATTT
,TTAACAATT
,TTATAACAG
,TTATATTAA
,TTCAAATTG
,TTCTACAGT
,TTGCACAGAT
,TTGCTATTA
,TTGTCAATG
,TTGTGCACAA
,TTTCACCAG
,TTTTAAAAC
,AACATGGAA
,ACAAACTAA
,GCAAGCGCTTGC
,GTTTGTAAT
,TAATAATAC
,TATATATGG
,TCTCATTTG
,TGTAATATA
,TGTTGGTAT
,AACATCAAA
,AGCTCCACT
,AGTGGAATG
,AGTTTTTAT
,CACCAGTAG
,CATATATAT
,CTGTTAGTT
,GTCTGATAATA
,TAAAAACTT
,TACACATCA
,TACCAAGGT
,TATAACAGC
,TGATGTGTA
,TGTAATATA
,TTATATTAA
,TTTTAAAAC
