covidType,repeats
HCoV-229E,GCCG
HCoV-229E,IGGI
HCoV-229E,ISSSI
HCoV-229E,KSQSK
HCoV-229E,LAAL
HCoV-229E,LGGL
HCoV-229E,QALQ
HCoV-229E,RGTIL
HCoV-229E,SAAS
HCoV-229E,SGDA
HCoV-229E,TIGN
HCoV-229E,TNNT
HCoV-229E,VLLV
HCoV-229E,VNFNV
HCoV-229E,VPKPV
HCoV-229E,YFNG
HCoV-229E,YTEVR
HCoV-229E,YTIG
HCoV-229E,YYNG
HCoV-229E,AMMA
HCoV-229E,ASRS
HCoV-229E,CDDC
HCoV-229E,FHST
HCoV-229E,FLLLF
HCoV-229E,FNVT
HCoV-229E,FTVN
HCoV-229E,GCCG
HCoV-229E,GVFVG
HCoV-229E,IASRSAI
HCoV-229E,ISSSI
HCoV-229E,KLLK
HCoV-229E,KQVT
HCoV-229E,LAAL
HCoV-229E,LGSI
HCoV-229E,LITQ
HCoV-229E,PGTGP
HCoV-229E,PVRP
HCoV-229E,QISS
HCoV-229E,SIAD
HCoV-229E,STPV
HCoV-229E,STSTS
HCoV-229E,STVV
HCoV-229E,SYFG
HCoV-229E,TAST
HCoV-229E,TGPPGT
HCoV-229E,TNNT
HCoV-229E,TVNVT
HCoV-229E,VLTS
HCoV-229E,VTGL
HCoV-229E,VYIN
HCoV-229E,YTEVR
HCoV-229E,ASNV
HCoV-229E,GCCG
HCoV-229E,GFSS
HCoV-229E,GFSS
HCoV-229E,GTIL
HCoV-229E,GXXXXXXXXXXXXXXXXXXXXXXXXXXXXG
HCoV-229E,IGGI
HCoV-229E,ISVV
HCoV-229E,KGFS
HCoV-229E,LAAL
HCoV-229E,LGGL
HCoV-229E,LKDI
HCoV-229E,NLEA
HCoV-229E,NLLN
HCoV-229E,QLRQ
HCoV-229E,SGDA
HCoV-229E,TIGN
HCoV-229E,TINV
HCoV-229E,TNNT
HCoV-229E,XXXXXXXXXXXXXXXXXXXXXXXXXXX
HCoV-229E,XXXXXXXXXXXXXXXXXXXXXXXXXXX
HCoV-229E,XXXXXXXXXXXXXXXXXXXXXXXXXX
HCoV-229E,XXXXXXXXXXXXXXXXXXXXXXXXXX
HCoV-229E,XXXXXXXXXXXXXXXXXXXXXXXXX
HCoV-229E,XXXXXXXXXXXXXXXXXXXXXXXXX
HCoV-229E,XXXXXXXXXXXXXXXXXXXXXXXX
HCoV-229E,XXXXXXXXXXXXXXXXXXXXXXXX
HCoV-229E,XXXXXXXXXXXXXXXXXXXXXXX
HCoV-229E,XXXXXXXXXXXXXXXXXXXXXXX
HCoV-229E,XXXXXXXXXXXXXXXXXXXXXX
HCoV-229E,XXXXXXXXXXXXXXXXXXXXXX
HCoV-229E,XXXXXXXXXXXXXXXXXXXXX
HCoV-229E,XXXXXXXXXXXXXXXXXXXXX
HCoV-229E,XXXXXXXXXXXXXXXXXXXX
HCoV-229E,XXXXXXXXXXXXXXXXXXXX
HCoV-229E,XXXXXXXXXXXXXXXXXXX
HCoV-229E,XXXXXXXXXXXXXXXXXXX
HCoV-229E,XXXXXXXXXXXXXXXXXX
HCoV-229E,XXXXXXXXXXXXXXXXXX
HCoV-229E,XXXXXXXXXXXXXXXXX
HCoV-229E,XXXXXXXXXXXXXXXXX
HCoV-229E,XXXXXXXXXXXXXXXX
HCoV-229E,XXXXXXXXXXXXXXXX
HCoV-229E,XXXXXXXXXXXXXXX
HCoV-229E,XXXXXXXXXXXXXXX
HCoV-229E,XXXXXXXXXXXXXX
HCoV-229E,XXXXXXXXXXXXXX
HCoV-229E,XXXXXXXXXXXXX
HCoV-229E,XXXXXXXXXXXXX
HCoV-229E,XXXXXXXXXXXX
HCoV-229E,XXXXXXXXXXXX
HCoV-229E,XXXXXXXXXXX
HCoV-229E,XXXXXXXXXXX
HCoV-229E,XXXXXXXXXX
HCoV-229E,XXXXXXXXXX
HCoV-229E,XXXXXXXXX
HCoV-229E,XXXXXXXXX
HCoV-229E,XXXXXXXX
HCoV-229E,XXXXXXXX
HCoV-229E,XXXXXXX
HCoV-229E,XXXXXXX
HCoV-229E,XXXXXX
HCoV-229E,XXXXXX
HCoV-229E,XXXXX
HCoV-229E,XXXXX
HCoV-229E,XXXX
HCoV-229E,XXXX
HCoV-229E,YFNG
HCoV-229E,YTIG
HCoV-229E,YYNG
HCoV-229E,DAIT
HCoV-229E,GCCG
HCoV-229E,IGGI
HCoV-229E,ISSSI
HCoV-229E,KSQSK
HCoV-229E,LAAL
HCoV-229E,LGGL
HCoV-229E,NFAFN
HCoV-229E,NGTN
HCoV-229E,QALQ
HCoV-229E,RGTIL
HCoV-229E,RSGSR
HCoV-229E,SAAS
HCoV-229E,SGDA
HCoV-229E,TIGN
HCoV-229E,TNNT
HCoV-229E,VLLV
HCoV-229E,VNFNV
HCoV-229E,VPKPV
HCoV-229E,YFNG
HCoV-229E,YTEVR
HCoV-229E,YYNG
HCoV-229E,DAIT
HCoV-229E,GCCG
HCoV-229E,IGGI
HCoV-229E,ISSSI
HCoV-229E,KSQSK
HCoV-229E,LAAL
HCoV-229E,LGGL
HCoV-229E,NFAFN
HCoV-229E,QALQ
HCoV-229E,RGTIL
HCoV-229E,RSGSR
HCoV-229E,SAAS
HCoV-229E,SGDA
HCoV-229E,TIGN
HCoV-229E,TNNT
HCoV-229E,VLLV
HCoV-229E,VNFNV
HCoV-229E,VPKPV
HCoV-229E,YFNG
HCoV-229E,YTEVR
HCoV-229E,YYNG
HCoV-229E,DAIT
HCoV-229E,GCCG
HCoV-229E,IGGI
HCoV-229E,ISSSI
HCoV-229E,KSQSK
HCoV-229E,LAAL
HCoV-229E,LGGL
HCoV-229E,NFAFN
HCoV-229E,QALQ
HCoV-229E,RGTIL
HCoV-229E,RSGSR
HCoV-229E,SAAS
HCoV-229E,SGDA
HCoV-229E,TIGN
HCoV-229E,TNNT
HCoV-229E,VLLV
HCoV-229E,VNFNV
HCoV-229E,VPKPV
HCoV-229E,YFNG
HCoV-229E,YTEVR
HCoV-229E,YYNG
HCoV-229E,NFAFN
HCoV-229E,ASNV
HCoV-229E,GCCG
HCoV-229E,GFSS
HCoV-229E,GFSS
HCoV-229E,IGGI
HCoV-229E,ISVV
HCoV-229E,KGFS
HCoV-229E,LAAL
HCoV-229E,LGGL
HCoV-229E,LKDI
HCoV-229E,NLEA
HCoV-229E,NLLN
HCoV-229E,QLRQ
HCoV-229E,SGDA
HCoV-229E,SIAD
HCoV-229E,TIGN
HCoV-229E,TINV
HCoV-229E,TNNT
HCoV-229E,YFNG
HCoV-229E,YTIG
HCoV-229E,YYNG
HCoV-229E,DAIT
HCoV-229E,GCCG
HCoV-229E,IGGI
HCoV-229E,ISSSI
HCoV-229E,KSQSK
HCoV-229E,LAAL
HCoV-229E,LGGL
HCoV-229E,NFAFN
HCoV-229E,QALQ
HCoV-229E,RGTIL
HCoV-229E,RSGSR
HCoV-229E,SAAS
HCoV-229E,SGDA
HCoV-229E,TIGN
HCoV-229E,TNNT
HCoV-229E,VLLV
HCoV-229E,VNFNV
HCoV-229E,VPKPV
HCoV-229E,YFNG
HCoV-229E,YTEVR
HCoV-229E,YYNG
HCoV-229E,DAIT
HCoV-229E,GCCG
HCoV-229E,IGGI
HCoV-229E,ISSSI
HCoV-229E,KSQSK
HCoV-229E,LAAL
HCoV-229E,LGGL
HCoV-229E,NFAFN
HCoV-229E,NGTN
HCoV-229E,QALQ
HCoV-229E,RGTIL
HCoV-229E,RSGSR
HCoV-229E,SAAS
HCoV-229E,SGDA
HCoV-229E,TIGN
HCoV-229E,TNNT
HCoV-229E,VLLV
HCoV-229E,VNFNV
HCoV-229E,VPKPV
HCoV-229E,YFNG
HCoV-229E,YTEVR
HCoV-229E,YYNG
HCoV-229E,DAIT
HCoV-229E,GCCG
HCoV-229E,IGGI
HCoV-229E,ISSSI
HCoV-229E,KSQSK
HCoV-229E,LAAL
HCoV-229E,LGGL
HCoV-229E,NFAFN
HCoV-229E,NGTN
HCoV-229E,QALQ
HCoV-229E,RGTIL
HCoV-229E,RSGSR
HCoV-229E,SAAS
HCoV-229E,SGDA
HCoV-229E,TIGN
HCoV-229E,TNNT
HCoV-229E,VLLV
HCoV-229E,VNFNV
HCoV-229E,VPKPV
HCoV-229E,YFNG
HCoV-229E,YTEVR
HCoV-229E,YYNG
HCoV-229E,DAIT
HCoV-229E,GCCG
HCoV-229E,IGGI
HCoV-229E,ISSSI
HCoV-229E,KSQSK
HCoV-229E,LAAL
HCoV-229E,LGGL
HCoV-229E,NFAFN
HCoV-229E,NGTN
HCoV-229E,QALQ
HCoV-229E,RGPGR
HCoV-229E,RGTIL
HCoV-229E,RSGSR
HCoV-229E,SAAS
HCoV-229E,SGDA
HCoV-229E,TIGN
HCoV-229E,TNNT
HCoV-229E,VLLV
HCoV-229E,VNFNV
HCoV-229E,VPKPV
HCoV-229E,YFNG
HCoV-229E,YTEVR
HCoV-229E,YYNG
HCoV-229E,DAIT
HCoV-229E,GCCG
HCoV-229E,IGGI
HCoV-229E,ISSSI
HCoV-229E,KSQSK
HCoV-229E,LAAL
HCoV-229E,LGGL
HCoV-229E,NFAFN
HCoV-229E,NGTN
HCoV-229E,QALQ
HCoV-229E,RGPGR
HCoV-229E,RGTIL
HCoV-229E,RSGSR
HCoV-229E,SAAS
HCoV-229E,SGDA
HCoV-229E,SGSR
HCoV-229E,TIGN
HCoV-229E,TNNT
HCoV-229E,VLLV
HCoV-229E,VNFNV
HCoV-229E,VPKPV
HCoV-229E,YFNG
HCoV-229E,YTEVR
HCoV-229E,YYNG
HCoV-229E,DAIT
HCoV-229E,GCCG
HCoV-229E,IGGI
HCoV-229E,ISSSI
HCoV-229E,KSQSK
HCoV-229E,LAAL
HCoV-229E,LGGL
HCoV-229E,NFAFN
HCoV-229E,NGTN
HCoV-229E,QALQ
HCoV-229E,RGPGR
HCoV-229E,RGTIL
HCoV-229E,RSGSR
HCoV-229E,SAAS
HCoV-229E,SGDA
HCoV-229E,TIGN
HCoV-229E,TNNT
HCoV-229E,VLLV
HCoV-229E,VNFNV
HCoV-229E,VPKPV
HCoV-229E,YFNG
HCoV-229E,YTEVR
HCoV-229E,YYNG
HCoV-229E,DAIT
HCoV-229E,GCCG
HCoV-229E,GTGTG
HCoV-229E,IGGI
HCoV-229E,ISSSI
HCoV-229E,IXXXXXX
HCoV-229E,IXXXXXX
HCoV-229E,KSQSK
HCoV-229E,LAAL
HCoV-229E,LGGL
HCoV-229E,NFAFN
HCoV-229E,QALQ
HCoV-229E,RGTIL
HCoV-229E,RSGSR
HCoV-229E,SAAS
HCoV-229E,SGDA
HCoV-229E,TNNT
HCoV-229E,VLLV
HCoV-229E,VNFNV
HCoV-229E,XXXXXXXXXXXXXXXXXXXXXXXXXXXXXXXXXXXXXXXXXXXXXXXXXXXXXXXXXXXXXXXXXXXXXXXXXXXXXXXXXXXXXXXXXXXXXXXXXXXXXXXXXXXXXXXXXXXXXXXXXXXXXXX
HCoV-229E,XXXXXXXXXXXXXXXXXXXXXXXXXXXXXXXXXXXXXXXXXXXXXXXXXXXXXXXXXXXXXXXXXXXXXXXXXXXXXXXXXXXXXXXXXXXXXXXXXXXXXXXXXXXXXXXXXXXXXXXXXXXXXX
HCoV-229E,XXXXXXXXXXXXXXXXXXXXXXXXXXXXXXXXXXXXXXXXXXXXXXXXXXXXXXXXXXXXXXXXXXXXXXXXXXXXXXXXXXXXXXXXXXXXXXXXXXXXXXXXXXXXXXXXXXXXXXXXXXXXXX
HCoV-229E,XXXXXXXXXXXXXXXXXXXXXXXXXXXXXXXXXXXXXXXXXXXXXXXXXXXXXXXXXXXXXXXXXXXXXXXXXXXXXXXXXXXXXXXXXXXXXXXXXXXXXXXXXXXXXXXXXXXXXXXXXXXXX
HCoV-229E,XXXXXXXXXXXXXXXXXXXXXXXXXXXXXXXXXXXXXXXXXXXXXXXXXXXXXXXXXXXXXXXXXXXXXXXXXXXXXXXXXXXXXXXXXXXXXXXXXXXXXXXXXXXXXXXXXXXXXXXXXXXXX
HCoV-229E,XXXXXXXXXXXXXXXXXXXXXXXXXXXXXXXXXXXXXXXXXXXXXXXXXXXXXXXXXXXXXXXXXXXXXXXXXXXXXXXXXXXXXXXXXXXXXXXXXXXXXXXXXXXXXXXXXXXXXXXXXXXX
HCoV-229E,XXXXXXXXXXXXXXXXXXXXXXXXXXXXXXXXXXXXXXXXXXXXXXXXXXXXXXXXXXXXXXXXXXXXXXXXXXXXXXXXXXXXXXXXXXXXXXXXXXXXXXXXXXXXXXXXXXXXXXXXXXXX
HCoV-229E,XXXXXXXXXXXXXXXXXXXXXXXXXXXXXXXXXXXXXXXXXXXXXXXXXXXXXXXXXXXXXXXXXXXXXXXXXXXXXXXXXXXXXXXXXXXXXXXXXXXXXXXXXXXXXXXXXXXXXXXXXXX
HCoV-229E,XXXXXXXXXXXXXXXXXXXXXXXXXXXXXXXXXXXXXXXXXXXXXXXXXXXXXXXXXXXXXXXXXXXXXXXXXXXXXXXXXXXXXXXXXXXXXXXXXXXXXXXXXXXXXXXXXXXXXXXXXXX
HCoV-229E,XXXXXXXXXXXXXXXXXXXXXXXXXXXXXXXXXXXXXXXXXXXXXXXXXXXXXXXXXXXXXXXXXXXXXXXXXXXXXXXXXXXXXXXXXXXXXXXXXXXXXXXXXXXXXXXXXXXXXXXXXX
HCoV-229E,XXXXXXXXXXXXXXXXXXXXXXXXXXXXXXXXXXXXXXXXXXXXXXXXXXXXXXXXXXXXXXXXXXXXXXXXXXXXXXXXXXXXXXXXXXXXXXXXXXXXXXXXXXXXXXXXXXXXXXXXXX
HCoV-229E,XXXXXXXXXXXXXXXXXXXXXXXXXXXXXXXXXXXXXXXXXXXXXXXXXXXXXXXXXXXXXXXXXXXXXXXXXXXXXXXXXXXXXXXXXXXXXXXXXXXXXXXXXXXXXXXXXXXXXXXXX
HCoV-229E,XXXXXXXXXXXXXXXXXXXXXXXXXXXXXXXXXXXXXXXXXXXXXXXXXXXXXXXXXXXXXXXXXXXXXXXXXXXXXXXXXXXXXXXXXXXXXXXXXXXXXXXXXXXXXXXXXXXXXXXXX
HCoV-229E,XXXXXXXXXXXXXXXXXXXXXXXXXXXXXXXXXXXXXXXXXXXXXXXXXXXXXXXXXXXXXXXXXXXXXXXXXXXXXXXXXXXXXXXXXXXXXXXXXXXXXXXXXXXXXXXXXXXXXXXX
HCoV-229E,XXXXXXXXXXXXXXXXXXXXXXXXXXXXXXXXXXXXXXXXXXXXXXXXXXXXXXXXXXXXXXXXXXXXXXXXXXXXXXXXXXXXXXXXXXXXXXXXXXXXXXXXXXXXXXXXXXXXXXXX
HCoV-229E,XXXXXXXXXXXXXXXXXXXXXXXXXXXXXXXXXXXXXXXXXXXXXXXXXXXXXXXXXXXXXXXXXXXXXXXXXXXXXXXXXXXXXXXXXXXXXXXXXXXXXXXXXXXXXXXXXXXXXXX
HCoV-229E,XXXXXXXXXXXXXXXXXXXXXXXXXXXXXXXXXXXXXXXXXXXXXXXXXXXXXXXXXXXXXXXXXXXXXXXXXXXXXXXXXXXXXXXXXXXXXXXXXXXXXXXXXXXXXXXXXXXXXXX
HCoV-229E,XXXXXXXXXXXXXXXXXXXXXXXXXXXXXXXXXXXXXXXXXXXXXXXXXXXXXXXXXXXXXXXXXXXXXXXXXXXXXXXXXXXXXXXXXXXXXXXXXXXXXXXXXXXXXXXXXXXXXX
HCoV-229E,XXXXXXXXXXXXXXXXXXXXXXXXXXXXXXXXXXXXXXXXXXXXXXXXXXXXXXXXXXXXXXXXXXXXXXXXXXXXXXXXXXXXXXXXXXXXXXXXXXXXXXXXXXXXXXXXXXXXXX
HCoV-229E,XXXXXXXXXXXXXXXXXXXXXXXXXXXXXXXXXXXXXXXXXXXXXXXXXXXXXXXXXXXXXXXXXXXXXXXXXXXXXXXXXXXXXXXXXXXXXXXXXXXXXXXXXXXXXXXXXXXXX
HCoV-229E,XXXXXXXXXXXXXXXXXXXXXXXXXXXXXXXXXXXXXXXXXXXXXXXXXXXXXXXXXXXXXXXXXXXXXXXXXXXXXXXXXXXXXXXXXXXXXXXXXXXXXXXXXXXXXXXXXXXXX
HCoV-229E,XXXXXXXXXXXXXXXXXXXXXXXXXXXXXXXXXXXXXXXXXXXXXXXXXXXXXXXXXXXXXXXXXXXXXXXXXXXXXXXXXXXXXXXXXXXXXXXXXXXXXXXXXXXXXXXXXXXX
HCoV-229E,XXXXXXXXXXXXXXXXXXXXXXXXXXXXXXXXXXXXXXXXXXXXXXXXXXXXXXXXXXXXXXXXXXXXXXXXXXXXXXXXXXXXXXXXXXXXXXXXXXXXXXXXXXXXXXXXXXXX
HCoV-229E,XXXXXXXXXXXXXXXXXXXXXXXXXXXXXXXXXXXXXXXXXXXXXXXXXXXXXXXXXXXXXXXXXXXXXXXXXXXXXXXXXXXXXXXXXXXXXXXXXXXXXXXXXXXXXXXXXXX
HCoV-229E,XXXXXXXXXXXXXXXXXXXXXXXXXXXXXXXXXXXXXXXXXXXXXXXXXXXXXXXXXXXXXXXXXXXXXXXXXXXXXXXXXXXXXXXXXXXXXXXXXXXXXXXXXXXXXXXXXXX
HCoV-229E,XXXXXXXXXXXXXXXXXXXXXXXXXXXXXXXXXXXXXXXXXXXXXXXXXXXXXXXXXXXXXXXXXXXXXXXXXXXXXXXXXXXXXXXXXXXXXXXXXXXXXXXXXXXXXXXXXX
HCoV-229E,XXXXXXXXXXXXXXXXXXXXXXXXXXXXXXXXXXXXXXXXXXXXXXXXXXXXXXXXXXXXXXXXXXXXXXXXXXXXXXXXXXXXXXXXXXXXXXXXXXXXXXXXXXXXXXXXXX
HCoV-229E,XXXXXXXXXXXXXXXXXXXXXXXXXXXXXXXXXXXXXXXXXXXXXXXXXXXXXXXXXXXXXXXXXXXXXXXXXXXXXXXXXXXXXXXXXXXXXXXXXXXXXXXXXXXXXXXXX
HCoV-229E,XXXXXXXXXXXXXXXXXXXXXXXXXXXXXXXXXXXXXXXXXXXXXXXXXXXXXXXXXXXXXXXXXXXXXXXXXXXXXXXXXXXXXXXXXXXXXXXXXXXXXXXXXXXXXXXXX
HCoV-229E,XXXXXXXXXXXXXXXXXXXXXXXXXXXXXXXXXXXXXXXXXXXXXXXXXXXXXXXXXXXXXXXXXXXXXXXXXXXXXXXXXXXXXXXXXXXXXXXXXXXXXXXXXXXXXXXX
HCoV-229E,XXXXXXXXXXXXXXXXXXXXXXXXXXXXXXXXXXXXXXXXXXXXXXXXXXXXXXXXXXXXXXXXXXXXXXXXXXXXXXXXXXXXXXXXXXXXXXXXXXXXXXXXXXXXXXXX
HCoV-229E,XXXXXXXXXXXXXXXXXXXXXXXXXXXXXXXXXXXXXXXXXXXXXXXXXXXXXXXXXXXXXXXXXXXXXXXXXXXXXXXXXXXXXXXXXXXXXXXXXXXXXXXXXXXXXXX
HCoV-229E,XXXXXXXXXXXXXXXXXXXXXXXXXXXXXXXXXXXXXXXXXXXXXXXXXXXXXXXXXXXXXXXXXXXXXXXXXXXXXXXXXXXXXXXXXXXXXXXXXXXXXXXXXXXXXXX
HCoV-229E,XXXXXXXXXXXXXXXXXXXXXXXXXXXXXXXXXXXXXXXXXXXXXXXXXXXXXXXXXXXXXXXXXXXXXXXXXXXXXXXXXXXXXXXXXXXXXXXXXXXXXXXXXXXXXX
HCoV-229E,XXXXXXXXXXXXXXXXXXXXXXXXXXXXXXXXXXXXXXXXXXXXXXXXXXXXXXXXXXXXXXXXXXXXXXXXXXXXXXXXXXXXXXXXXXXXXXXXXXXXXXXXXXXXXX
HCoV-229E,XXXXXXXXXXXXXXXXXXXXXXXXXXXXXXXXXXXXXXXXXXXXXXXXXXXXXXXXXXXXXXXXXXXXXXXXXXXXXXXXXXXXXXXXXXXXXXXXXXXXXXXXXXXXX
HCoV-229E,XXXXXXXXXXXXXXXXXXXXXXXXXXXXXXXXXXXXXXXXXXXXXXXXXXXXXXXXXXXXXXXXXXXXXXXXXXXXXXXXXXXXXXXXXXXXXXXXXXXXXXXXXXXXX
HCoV-229E,XXXXXXXXXXXXXXXXXXXXXXXXXXXXXXXXXXXXXXXXXXXXXXXXXXXXXXXXXXXXXXXXXXXXXXXXXXXXXXXXXXXXXXXXXXXXXXXXXXXXXXXXXXXX
HCoV-229E,XXXXXXXXXXXXXXXXXXXXXXXXXXXXXXXXXXXXXXXXXXXXXXXXXXXXXXXXXXXXXXXXXXXXXXXXXXXXXXXXXXXXXXXXXXXXXXXXXXXXXXXXXXXX
HCoV-229E,XXXXXXXXXXXXXXXXXXXXXXXXXXXXXXXXXXXXXXXXXXXXXXXXXXXXXXXXXXXXXXXXXXXXXXXXXXXXXXXXXXXXXXXXXXXXXXXXXXXXXXXXXXX
HCoV-229E,XXXXXXXXXXXXXXXXXXXXXXXXXXXXXXXXXXXXXXXXXXXXXXXXXXXXXXXXXXXXXXXXXXXXXXXXXXXXXXXXXXXXXXXXXXXXXXXXXXXXXXXXXXX
HCoV-229E,XXXXXXXXXXXXXXXXXXXXXXXXXXXXXXXXXXXXXXXXXXXXXXXXXXXXXXXXXXXXXXXXXXXXXXXXXXXXXXXXXXXXXXXXXXXXXXXXXXXXXXXXXX
HCoV-229E,XXXXXXXXXXXXXXXXXXXXXXXXXXXXXXXXXXXXXXXXXXXXXXXXXXXXXXXXXXXXXXXXXXXXXXXXXXXXXXXXXXXXXXXXXXXXXXXXXXXXXXXXXX
HCoV-229E,XXXXXXXXXXXXXXXXXXXXXXXXXXXXXXXXXXXXXXXXXXXXXXXXXXXXXXXXXXXXXXXXXXXXXXXXXXXXXXXXXXXXXXXXXXXXXXXXXXXXXXXXX
HCoV-229E,XXXXXXXXXXXXXXXXXXXXXXXXXXXXXXXXXXXXXXXXXXXXXXXXXXXXXXXXXXXXXXXXXXXXXXXXXXXXXXXXXXXXXXXXXXXXXXXXXXXXXXXXX
HCoV-229E,XXXXXXXXXXXXXXXXXXXXXXXXXXXXXXXXXXXXXXXXXXXXXXXXXXXXXXXXXXXXXXXXXXXXXXXXXXXXXXXXXXXXXXXXXXXXXXXXXXXXXXXX
HCoV-229E,XXXXXXXXXXXXXXXXXXXXXXXXXXXXXXXXXXXXXXXXXXXXXXXXXXXXXXXXXXXXXXXXXXXXXXXXXXXXXXXXXXXXXXXXXXXXXXXXXXXXXXXX
HCoV-229E,XXXXXXXXXXXXXXXXXXXXXXXXXXXXXXXXXXXXXXXXXXXXXXXXXXXXXXXXXXXXXXXXXXXXXXXXXXXXXXXXXXXXXXXXXXXXXXXXXXXXXXX
HCoV-229E,XXXXXXXXXXXXXXXXXXXXXXXXXXXXXXXXXXXXXXXXXXXXXXXXXXXXXXXXXXXXXXXXXXXXXXXXXXXXXXXXXXXXXXXXXXXXXXXXXXXXXXX
HCoV-229E,XXXXXXXXXXXXXXXXXXXXXXXXXXXXXXXXXXXXXXXXXXXXXXXXXXXXXXXXXXXXXXXXXXXXXXXXXXXXXXXXXXXXXXXXXXXXXXXXXXXXXX
HCoV-229E,XXXXXXXXXXXXXXXXXXXXXXXXXXXXXXXXXXXXXXXXXXXXXXXXXXXXXXXXXXXXXXXXXXXXXXXXXXXXXXXXXXXXXXXXXXXXXXXXXXXXXX
HCoV-229E,XXXXXXXXXXXXXXXXXXXXXXXXXXXXXXXXXXXXXXXXXXXXXXXXXXXXXXXXXXXXXXXXXXXXXXXXXXXXXXXXXXXXXXXXXXXXXXXXXXXXX
HCoV-229E,XXXXXXXXXXXXXXXXXXXXXXXXXXXXXXXXXXXXXXXXXXXXXXXXXXXXXXXXXXXXXXXXXXXXXXXXXXXXXXXXXXXXXXXXXXXXXXXXXXXXX
HCoV-229E,XXXXXXXXXXXXXXXXXXXXXXXXXXXXXXXXXXXXXXXXXXXXXXXXXXXXXXXXXXXXXXXXXXXXXXXXXXXXXXXXXXXXXXXXXXXXXXXXXXXX
HCoV-229E,XXXXXXXXXXXXXXXXXXXXXXXXXXXXXXXXXXXXXXXXXXXXXXXXXXXXXXXXXXXXXXXXXXXXXXXXXXXXXXXXXXXXXXXXXXXXXXXXXXXX
HCoV-229E,XXXXXXXXXXXXXXXXXXXXXXXXXXXXXXXXXXXXXXXXXXXXXXXXXXXXXXXXXXXXXXXXXXXXXXXXXXXXXXXXXXXXXXXXXXXXXXXXXXX
HCoV-229E,XXXXXXXXXXXXXXXXXXXXXXXXXXXXXXXXXXXXXXXXXXXXXXXXXXXXXXXXXXXXXXXXXXXXXXXXXXXXXXXXXXXXXXXXXXXXXXXXXXX
HCoV-229E,XXXXXXXXXXXXXXXXXXXXXXXXXXXXXXXXXXXXXXXXXXXXXXXXXXXXXXXXXXXXXXXXXXXXXXXXXXXXXXXXXXXXXXXXXXXXXXXXXX
HCoV-229E,XXXXXXXXXXXXXXXXXXXXXXXXXXXXXXXXXXXXXXXXXXXXXXXXXXXXXXXXXXXXXXXXXXXXXXXXXXXXXXXXXXXXXXXXXXXXXXXXXX
HCoV-229E,XXXXXXXXXXXXXXXXXXXXXXXXXXXXXXXXXXXXXXXXXXXXXXXXXXXXXXXXXXXXXXXXXXXXXXXXXXXXXXXXXXXXXXXXXXXXXXXXX
HCoV-229E,XXXXXXXXXXXXXXXXXXXXXXXXXXXXXXXXXXXXXXXXXXXXXXXXXXXXXXXXXXXXXXXXXXXXXXXXXXXXXXXXXXXXXXXXXXXXXXXXX
HCoV-229E,XXXXXXXXXXXXXXXXXXXXXXXXXXXXXXXXXXXXXXXXXXXXXXXXXXXXXXXXXXXXXXXXXXXXXXXXXXXXXXXXXXXXXXXXXXXXXXXX
HCoV-229E,XXXXXXXXXXXXXXXXXXXXXXXXXXXXXXXXXXXXXXXXXXXXXXXXXXXXXXXXXXXXXXXXXXXXXXXXXXXXXXXXXXXXXXXXXXXXXXXX
HCoV-229E,XXXXXXXXXXXXXXXXXXXXXXXXXXXXXXXXXXXXXXXXXXXXXXXXXXXXXXXXXXXXXXXXXXXXXXXXXXXXXXXXXXXXXXXXXXXXXXX
HCoV-229E,XXXXXXXXXXXXXXXXXXXXXXXXXXXXXXXXXXXXXXXXXXXXXXXXXXXXXXXXXXXXXXXXXXXXXXXXXXXXXXXXXXXXXXXXXXXXXXX
HCoV-229E,XXXXXXXXXXXXXXXXXXXXXXXXXXXXXXXXXXXXXXXXXXXXXXXXXXXXXXXXXXXXXXXXXXXXXXXXXXXXXXXXXXXXXXXXXXXXXX
HCoV-229E,XXXXXXXXXXXXXXXXXXXXXXXXXXXXXXXXXXXXXXXXXXXXXXXXXXXXXXXXXXXXXXXXXXXXXXXXXXXXXXXXXXXXXXXXXXXXXX
HCoV-229E,XXXXXXXXXXXXXXXXXXXXXXXXXXXXXXXXXXXXXXXXXXXXXXXXXXXXXXXXXXXXXXXXXXXXXXXXXXXXXXXXXXXXXXXXXXXXX
HCoV-229E,XXXXXXXXXXXXXXXXXXXXXXXXXXXXXXXXXXXXXXXXXXXXXXXXXXXXXXXXXXXXXXXXXXXXXXXXXXXXXXXXXXXXXXXXXXXXX
HCoV-229E,XXXXXXXXXXXXXXXXXXXXXXXXXXXXXXXXXXXXXXXXXXXXXXXXXXXXXXXXXXXXXXXXXXXXXXXXXXXXXXXXXXXXXXXXXXXX
HCoV-229E,XXXXXXXXXXXXXXXXXXXXXXXXXXXXXXXXXXXXXXXXXXXXXXXXXXXXXXXXXXXXXXXXXXXXXXXXXXXXXXXXXXXXXXXXXXXX
HCoV-229E,XXXXXXXXXXXXXXXXXXXXXXXXXXXXXXXXXXXXXXXXXXXXXXXXXXXXXXXXXXXXXXXXXXXXXXXXXXXXXXXXXXXXXXXXXXX
HCoV-229E,XXXXXXXXXXXXXXXXXXXXXXXXXXXXXXXXXXXXXXXXXXXXXXXXXXXXXXXXXXXXXXXXXXXXXXXXXXXXXXXXXXXXXXXXXXX
HCoV-229E,XXXXXXXXXXXXXXXXXXXXXXXXXXXXXXXXXXXXXXXXXXXXXXXXXXXXXXXXXXXXXXXXXXXXXXXXXXXXXXXXXXXXXXXXXX
HCoV-229E,XXXXXXXXXXXXXXXXXXXXXXXXXXXXXXXXXXXXXXXXXXXXXXXXXXXXXXXXXXXXXXXXXXXXXXXXXXXXXXXXXXXXXXXXXX
HCoV-229E,XXXXXXXXXXXXXXXXXXXXXXXXXXXXXXXXXXXXXXXXXXXXXXXXXXXXXXXXXXXXXXXXXXXXXXXXXXXXXXXXXXXXXXXXX
HCoV-229E,XXXXXXXXXXXXXXXXXXXXXXXXXXXXXXXXXXXXXXXXXXXXXXXXXXXXXXXXXXXXXXXXXXXXXXXXXXXXXXXXXXXXXXXXX
HCoV-229E,XXXXXXXXXXXXXXXXXXXXXXXXXXXXXXXXXXXXXXXXXXXXXXXXXXXXXXXXXXXXXXXXXXXXXXXXXXXXXXXXXXXXXXXX
HCoV-229E,XXXXXXXXXXXXXXXXXXXXXXXXXXXXXXXXXXXXXXXXXXXXXXXXXXXXXXXXXXXXXXXXXXXXXXXXXXXXXXXXXXXXXXXX
HCoV-229E,XXXXXXXXXXXXXXXXXXXXXXXXXXXXXXXXXXXXXXXXXXXXXXXXXXXXXXXXXXXXXXXXXXXXXXXXXXXXXXXXXXXXXXX
HCoV-229E,XXXXXXXXXXXXXXXXXXXXXXXXXXXXXXXXXXXXXXXXXXXXXXXXXXXXXXXXXXXXXXXXXXXXXXXXXXXXXXXXXXXXXXX
HCoV-229E,XXXXXXXXXXXXXXXXXXXXXXXXXXXXXXXXXXXXXXXXXXXXXXXXXXXXXXXXXXXXXXXXXXXXXXXXXXXXXXXXXXXXXX
HCoV-229E,XXXXXXXXXXXXXXXXXXXXXXXXXXXXXXXXXXXXXXXXXXXXXXXXXXXXXXXXXXXXXXXXXXXXXXXXXXXXXXXXXXXXXX
HCoV-229E,XXXXXXXXXXXXXXXXXXXXXXXXXXXXXXXXXXXXXXXXXXXXXXXXXXXXXXXXXXXXXXXXXXXXXXXXXXXXXXXXXXXXX
HCoV-229E,XXXXXXXXXXXXXXXXXXXXXXXXXXXXXXXXXXXXXXXXXXXXXXXXXXXXXXXXXXXXXXXXXXXXXXXXXXXXXXXXXXXXX
HCoV-229E,XXXXXXXXXXXXXXXXXXXXXXXXXXXXXXXXXXXXXXXXXXXXXXXXXXXXXXXXXXXXXXXXXXXXXXXXXXXXXXXXXXXX
HCoV-229E,XXXXXXXXXXXXXXXXXXXXXXXXXXXXXXXXXXXXXXXXXXXXXXXXXXXXXXXXXXXXXXXXXXXXXXXXXXXXXXXXXXXX
HCoV-229E,XXXXXXXXXXXXXXXXXXXXXXXXXXXXXXXXXXXXXXXXXXXXXXXXXXXXXXXXXXXXXXXXXXXXXXXXXXXXXXXXXXX
HCoV-229E,XXXXXXXXXXXXXXXXXXXXXXXXXXXXXXXXXXXXXXXXXXXXXXXXXXXXXXXXXXXXXXXXXXXXXXXXXXXXXXXXXXX
HCoV-229E,XXXXXXXXXXXXXXXXXXXXXXXXXXXXXXXXXXXXXXXXXXXXXXXXXXXXXXXXXXXXXXXXXXXXXXXXXXXXXXXXXX
HCoV-229E,XXXXXXXXXXXXXXXXXXXXXXXXXXXXXXXXXXXXXXXXXXXXXXXXXXXXXXXXXXXXXXXXXXXXXXXXXXXXXXXXXX
HCoV-229E,XXXXXXXXXXXXXXXXXXXXXXXXXXXXXXXXXXXXXXXXXXXXXXXXXXXXXXXXXXXXXXXXXXXXXXXXXXXXXXXXX
HCoV-229E,XXXXXXXXXXXXXXXXXXXXXXXXXXXXXXXXXXXXXXXXXXXXXXXXXXXXXXXXXXXXXXXXXXXXXXXXXXXXXXXXX
HCoV-229E,XXXXXXXXXXXXXXXXXXXXXXXXXXXXXXXXXXXXXXXXXXXXXXXXXXXXXXXXXXXXXXXXXXXXXXXXXXXXXXXX
HCoV-229E,XXXXXXXXXXXXXXXXXXXXXXXXXXXXXXXXXXXXXXXXXXXXXXXXXXXXXXXXXXXXXXXXXXXXXXXXXXXXXXXX
HCoV-229E,XXXXXXXXXXXXXXXXXXXXXXXXXXXXXXXXXXXXXXXXXXXXXXXXXXXXXXXXXXXXXXXXXXXXXXXXXXXXXXX
HCoV-229E,XXXXXXXXXXXXXXXXXXXXXXXXXXXXXXXXXXXXXXXXXXXXXXXXXXXXXXXXXXXXXXXXXXXXXXXXXXXXXXX
HCoV-229E,XXXXXXXXXXXXXXXXXXXXXXXXXXXXXXXXXXXXXXXXXXXXXXXXXXXXXXXXXXXXXXXXXXXXXXXXXXXXXX
HCoV-229E,XXXXXXXXXXXXXXXXXXXXXXXXXXXXXXXXXXXXXXXXXXXXXXXXXXXXXXXXXXXXXXXXXXXXXXXXXXXXXX
HCoV-229E,XXXXXXXXXXXXXXXXXXXXXXXXXXXXXXXXXXXXXXXXXXXXXXXXXXXXXXXXXXXXXXXXXXXXXXXXXXXXX
HCoV-229E,XXXXXXXXXXXXXXXXXXXXXXXXXXXXXXXXXXXXXXXXXXXXXXXXXXXXXXXXXXXXXXXXXXXXXXXXXXXXX
HCoV-229E,XXXXXXXXXXXXXXXXXXXXXXXXXXXXXXXXXXXXXXXXXXXXXXXXXXXXXXXXXXXXXXXXXXXXXXXXXXXX
HCoV-229E,XXXXXXXXXXXXXXXXXXXXXXXXXXXXXXXXXXXXXXXXXXXXXXXXXXXXXXXXXXXXXXXXXXXXXXXXXXXX
HCoV-229E,XXXXXXXXXXXXXXXXXXXXXXXXXXXXXXXXXXXXXXXXXXXXXXXXXXXXXXXXXXXXXXXXXXXXXXXXXXX
HCoV-229E,XXXXXXXXXXXXXXXXXXXXXXXXXXXXXXXXXXXXXXXXXXXXXXXXXXXXXXXXXXXXXXXXXXXXXXXXXXX
HCoV-229E,XXXXXXXXXXXXXXXXXXXXXXXXXXXXXXXXXXXXXXXXXXXXXXXXXXXXXXXXXXXXXXXXXXXXXXXXXX
HCoV-229E,XXXXXXXXXXXXXXXXXXXXXXXXXXXXXXXXXXXXXXXXXXXXXXXXXXXXXXXXXXXXXXXXXXXXXXXXXX
HCoV-229E,XXXXXXXXXXXXXXXXXXXXXXXXXXXXXXXXXXXXXXXXXXXXXXXXXXXXXXXXXXXXXXXXXXXXXXXXX
HCoV-229E,XXXXXXXXXXXXXXXXXXXXXXXXXXXXXXXXXXXXXXXXXXXXXXXXXXXXXXXXXXXXXXXXXXXXXXXXX
HCoV-229E,XXXXXXXXXXXXXXXXXXXXXXXXXXXXXXXXXXXXXXXXXXXXXXXXXXXXXXXXXXXXXXXXXXXXXXXX
HCoV-229E,XXXXXXXXXXXXXXXXXXXXXXXXXXXXXXXXXXXXXXXXXXXXXXXXXXXXXXXXXXXXXXXXXXXXXXXX
HCoV-229E,XXXXXXXXXXXXXXXXXXXXXXXXXXXXXXXXXXXXXXXXXXXXXXXXXXXXXXXXXXXXXXXXXXXXXXX
HCoV-229E,XXXXXXXXXXXXXXXXXXXXXXXXXXXXXXXXXXXXXXXXXXXXXXXXXXXXXXXXXXXXXXXXXXXXXXX
HCoV-229E,XXXXXXXXXXXXXXXXXXXXXXXXXXXXXXXXXXXXXXXXXXXXXXXXXXXXXXXXXXXXXXXXXXXXXX
HCoV-229E,XXXXXXXXXXXXXXXXXXXXXXXXXXXXXXXXXXXXXXXXXXXXXXXXXXXXXXXXXXXXXXXXXXXXXX
HCoV-229E,XXXXXXXXXXXXXXXXXXXXXXXXXXXXXXXXXXXXXXXXXXXXXXXXXXXXXXXXXXXXXXXXXXXXX
HCoV-229E,XXXXXXXXXXXXXXXXXXXXXXXXXXXXXXXXXXXXXXXXXXXXXXXXXXXXXXXXXXXXXXXXXXXXX
HCoV-229E,XXXXXXXXXXXXXXXXXXXXXXXXXXXXXXXXXXXXXXXXXXXXXXXXXXXXXXXXXXXXXXXXXXXX
HCoV-229E,XXXXXXXXXXXXXXXXXXXXXXXXXXXXXXXXXXXXXXXXXXXXXXXXXXXXXXXXXXXXXXXXXXXX
HCoV-229E,XXXXXXXXXXXXXXXXXXXXXXXXXXXXXXXXXXXXXXXXXXXXXXXXXXXXXXXXXXXXXXXXXXX
HCoV-229E,XXXXXXXXXXXXXXXXXXXXXXXXXXXXXXXXXXXXXXXXXXXXXXXXXXXXXXXXXXXXXXXXXXX
HCoV-229E,XXXXXXXXXXXXXXXXXXXXXXXXXXXXXXXXXXXXXXXXXXXXXXXXXXXXXXXXXXXXXXXXXX
HCoV-229E,XXXXXXXXXXXXXXXXXXXXXXXXXXXXXXXXXXXXXXXXXXXXXXXXXXXXXXXXXXXXXXXXXX
HCoV-229E,XXXXXXXXXXXXXXXXXXXXXXXXXXXXXXXXXXXXXXXXXXXXXXXXXXXXXXXXXXXXXXXXX
HCoV-229E,XXXXXXXXXXXXXXXXXXXXXXXXXXXXXXXXXXXXXXXXXXXXXXXXXXXXXXXXXXXXXXXXX
HCoV-229E,XXXXXXXXXXXXXXXXXXXXXXXXXXXXXXXXXXXXXXXXXXXXXXXXXXXXXXXXXXXXXXXX
HCoV-229E,XXXXXXXXXXXXXXXXXXXXXXXXXXXXXXXXXXXXXXXXXXXXXXXXXXXXXXXXXXXXXXXX
HCoV-229E,XXXXXXXXXXXXXXXXXXXXXXXXXXXXXXXXXXXXXXXXXXXXXXXXXXXXXXXXXXXXXXX
HCoV-229E,XXXXXXXXXXXXXXXXXXXXXXXXXXXXXXXXXXXXXXXXXXXXXXXXXXXXXXXXXXXXXXX
HCoV-229E,XXXXXXXXXXXXXXXXXXXXXXXXXXXXXXXXXXXXXXXXXXXXXXXXXXXXXXXXXXXXXX
HCoV-229E,XXXXXXXXXXXXXXXXXXXXXXXXXXXXXXXXXXXXXXXXXXXXXXXXXXXXXXXXXXXXXX
HCoV-229E,XXXXXXXXXXXXXXXXXXXXXXXXXXXXXXXXXXXXXXXXXXXXXXXXXXXXXXXXXXXXX
HCoV-229E,XXXXXXXXXXXXXXXXXXXXXXXXXXXXXXXXXXXXXXXXXXXXXXXXXXXXXXXXXXXXX
HCoV-229E,XXXXXXXXXXXXXXXXXXXXXXXXXXXXXXXXXXXXXXXXXXXXXXXXXXXXXXXXXXXX
HCoV-229E,XXXXXXXXXXXXXXXXXXXXXXXXXXXXXXXXXXXXXXXXXXXXXXXXXXXXXXXXXXXX
HCoV-229E,XXXXXXXXXXXXXXXXXXXXXXXXXXXXXXXXXXXXXXXXXXXXXXXXXXXXXXXXXXX
HCoV-229E,XXXXXXXXXXXXXXXXXXXXXXXXXXXXXXXXXXXXXXXXXXXXXXXXXXXXXXXXXXX
HCoV-229E,XXXXXXXXXXXXXXXXXXXXXXXXXXXXXXXXXXXXXXXXXXXXXXXXXXXXXXXXXX
HCoV-229E,XXXXXXXXXXXXXXXXXXXXXXXXXXXXXXXXXXXXXXXXXXXXXXXXXXXXXXXXXX
HCoV-229E,XXXXXXXXXXXXXXXXXXXXXXXXXXXXXXXXXXXXXXXXXXXXXXXXXXXXXXXXX
HCoV-229E,XXXXXXXXXXXXXXXXXXXXXXXXXXXXXXXXXXXXXXXXXXXXXXXXXXXXXXXXX
HCoV-229E,XXXXXXXXXXXXXXXXXXXXXXXXXXXXXXXXXXXXXXXXXXXXXXXXXXXXXXXX
HCoV-229E,XXXXXXXXXXXXXXXXXXXXXXXXXXXXXXXXXXXXXXXXXXXXXXXXXXXXXXXX
HCoV-229E,XXXXXXXXXXXXXXXXXXXXXXXXXXXXXXXXXXXXXXXXXXXXXXXXXXXXXXX
HCoV-229E,XXXXXXXXXXXXXXXXXXXXXXXXXXXXXXXXXXXXXXXXXXXXXXXXXXXXXXX
HCoV-229E,XXXXXXXXXXXXXXXXXXXXXXXXXXXXXXXXXXXXXXXXXXXXXXXXXXXXXX
HCoV-229E,XXXXXXXXXXXXXXXXXXXXXXXXXXXXXXXXXXXXXXXXXXXXXXXXXXXXXX
HCoV-229E,XXXXXXXXXXXXXXXXXXXXXXXXXXXXXXXXXXXXXXXXXXXXXXXXXXXXX
HCoV-229E,XXXXXXXXXXXXXXXXXXXXXXXXXXXXXXXXXXXXXXXXXXXXXXXXXXXXX
HCoV-229E,XXXXXXXXXXXXXXXXXXXXXXXXXXXXXXXXXXXXXXXXXXXXXXXXXXXX
HCoV-229E,XXXXXXXXXXXXXXXXXXXXXXXXXXXXXXXXXXXXXXXXXXXXXXXXXXXX
HCoV-229E,XXXXXXXXXXXXXXXXXXXXXXXXXXXXXXXXXXXXXXXXXXXXXXXXXXX
HCoV-229E,XXXXXXXXXXXXXXXXXXXXXXXXXXXXXXXXXXXXXXXXXXXXXXXXXXX
HCoV-229E,XXXXXXXXXXXXXXXXXXXXXXXXXXXXXXXXXXXXXXXXXXXXXXXXXX
HCoV-229E,XXXXXXXXXXXXXXXXXXXXXXXXXXXXXXXXXXXXXXXXXXXXXXXXXX
HCoV-229E,XXXXXXXXXXXXXXXXXXXXXXXXXXXXXXXXXXXXXXXXXXXXXXXXX
HCoV-229E,XXXXXXXXXXXXXXXXXXXXXXXXXXXXXXXXXXXXXXXXXXXXXXXXX
HCoV-229E,XXXXXXXXXXXXXXXXXXXXXXXXXXXXXXXXXXXXXXXXXXXXXXXX
HCoV-229E,XXXXXXXXXXXXXXXXXXXXXXXXXXXXXXXXXXXXXXXXXXXXXXXX
HCoV-229E,XXXXXXXXXXXXXXXXXXXXXXXXXXXXXXXXXXXXXXXXXXXXXXX
HCoV-229E,XXXXXXXXXXXXXXXXXXXXXXXXXXXXXXXXXXXXXXXXXXXXXXX
HCoV-229E,XXXXXXXXXXXXXXXXXXXXXXXXXXXXXXXXXXXXXXXXXXXXXX
HCoV-229E,XXXXXXXXXXXXXXXXXXXXXXXXXXXXXXXXXXXXXXXXXXXXXX
HCoV-229E,XXXXXXXXXXXXXXXXXXXXXXXXXXXXXXXXXXXXXXXXXXXXX
HCoV-229E,XXXXXXXXXXXXXXXXXXXXXXXXXXXXXXXXXXXXXXXXXXXXX
HCoV-229E,XXXXXXXXXXXXXXXXXXXXXXXXXXXXXXXXXXXXXXXXXXXX
HCoV-229E,XXXXXXXXXXXXXXXXXXXXXXXXXXXXXXXXXXXXXXXXXXXX
HCoV-229E,XXXXXXXXXXXXXXXXXXXXXXXXXXXXXXXXXXXXXXXXXXX
HCoV-229E,XXXXXXXXXXXXXXXXXXXXXXXXXXXXXXXXXXXXXXXXXXX
HCoV-229E,XXXXXXXXXXXXXXXXXXXXXXXXXXXXXXXXXXXXXXXXXX
HCoV-229E,XXXXXXXXXXXXXXXXXXXXXXXXXXXXXXXXXXXXXXXXXX
HCoV-229E,XXXXXXXXXXXXXXXXXXXXXXXXXXXXXXXXXXXXXXXXXX
HCoV-229E,XXXXXXXXXXXXXXXXXXXXXXXXXXXXXXXXXXXXXXXXXX
HCoV-229E,XXXXXXXXXXXXXXXXXXXXXXXXXXXXXXXXXXXXXXXXXX
HCoV-229E,XXXXXXXXXXXXXXXXXXXXXXXXXXXXXXXXXXXXXXXXXX
HCoV-229E,XXXXXXXXXXXXXXXXXXXXXXXXXXXXXXXXXXXXXXXXXX
HCoV-229E,XXXXXXXXXXXXXXXXXXXXXXXXXXXXXXXXXXXXXXXXXX
HCoV-229E,XXXXXXXXXXXXXXXXXXXXXXXXXXXXXXXXXXXXXXXXXX
HCoV-229E,XXXXXXXXXXXXXXXXXXXXXXXXXXXXXXXXXXXXXXXXXX
HCoV-229E,XXXXXXXXXXXXXXXXXXXXXXXXXXXXXXXXXXXXXXXXXX
HCoV-229E,XXXXXXXXXXXXXXXXXXXXXXXXXXXXXXXXXXXXXXXXXX
HCoV-229E,XXXXXXXXXXXXXXXXXXXXXXXXXXXXXXXXXXXXXXXXXX
HCoV-229E,XXXXXXXXXXXXXXXXXXXXXXXXXXXXXXXXXXXXXXXXXX
HCoV-229E,XXXXXXXXXXXXXXXXXXXXXXXXXXXXXXXXXXXXXXXXXX
HCoV-229E,XXXXXXXXXXXXXXXXXXXXXXXXXXXXXXXXXXXXXXXXXX
HCoV-229E,XXXXXXXXXXXXXXXXXXXXXXXXXXXXXXXXXXXXXXXXXX
HCoV-229E,XXXXXXXXXXXXXXXXXXXXXXXXXXXXXXXXXXXXXXXXXX
HCoV-229E,XXXXXXXXXXXXXXXXXXXXXXXXXXXXXXXXXXXXXXXXXX
HCoV-229E,XXXXXXXXXXXXXXXXXXXXXXXXXXXXXXXXXXXXXXXXXX
HCoV-229E,XXXXXXXXXXXXXXXXXXXXXXXXXXXXXXXXXXXXXXXXXX
HCoV-229E,XXXXXXXXXXXXXXXXXXXXXXXXXXXXXXXXXXXXXXXXXX
HCoV-229E,XXXXXXXXXXXXXXXXXXXXXXXXXXXXXXXXXXXXXXXXXX
HCoV-229E,XXXXXXXXXXXXXXXXXXXXXXXXXXXXXXXXXXXXXXXXXX
HCoV-229E,XXXXXXXXXXXXXXXXXXXXXXXXXXXXXXXXXXXXXXXXXX
HCoV-229E,XXXXXXXXXXXXXXXXXXXXXXXXXXXXXXXXXXXXXXXXXX
HCoV-229E,XXXXXXXXXXXXXXXXXXXXXXXXXXXXXXXXXXXXXXXXXX
HCoV-229E,XXXXXXXXXXXXXXXXXXXXXXXXXXXXXXXXXXXXXXXXXX
HCoV-229E,XXXXXXXXXXXXXXXXXXXXXXXXXXXXXXXXXXXXXXXXXX
HCoV-229E,XXXXXXXXXXXXXXXXXXXXXXXXXXXXXXXXXXXXXXXXXX
HCoV-229E,XXXXXXXXXXXXXXXXXXXXXXXXXXXXXXXXXXXXXXXXXX
HCoV-229E,XXXXXXXXXXXXXXXXXXXXXXXXXXXXXXXXXXXXXXXXXX
HCoV-229E,XXXXXXXXXXXXXXXXXXXXXXXXXXXXXXXXXXXXXXXXXX
HCoV-229E,XXXXXXXXXXXXXXXXXXXXXXXXXXXXXXXXXXXXXXXXXX
HCoV-229E,XXXXXXXXXXXXXXXXXXXXXXXXXXXXXXXXXXXXXXXXXX
HCoV-229E,XXXXXXXXXXXXXXXXXXXXXXXXXXXXXXXXXXXXXXXXXX
HCoV-229E,XXXXXXXXXXXXXXXXXXXXXXXXXXXXXXXXXXXXXXXXXX
HCoV-229E,XXXXXXXXXXXXXXXXXXXXXXXXXXXXXXXXXXXXXXXXXX
HCoV-229E,XXXXXXXXXXXXXXXXXXXXXXXXXXXXXXXXXXXXXXXXXX
HCoV-229E,XXXXXXXXXXXXXXXXXXXXXXXXXXXXXXXXXXXXXXXXXX
HCoV-229E,XXXXXXXXXXXXXXXXXXXXXXXXXXXXXXXXXXXXXXXXXX
HCoV-229E,XXXXXXXXXXXXXXXXXXXXXXXXXXXXXXXXXXXXXXXXXX
HCoV-229E,XXXXXXXXXXXXXXXXXXXXXXXXXXXXXXXXXXXXXXXXXX
HCoV-229E,XXXXXXXXXXXXXXXXXXXXXXXXXXXXXXXXXXXXXXXXXX
HCoV-229E,XXXXXXXXXXXXXXXXXXXXXXXXXXXXXXXXXXXXXXXXXX
HCoV-229E,XXXXXXXXXXXXXXXXXXXXXXXXXXXXXXXXXXXXXXXXXX
HCoV-229E,XXXXXXXXXXXXXXXXXXXXXXXXXXXXXXXXXXXXXXXXXX
HCoV-229E,XXXXXXXXXXXXXXXXXXXXXXXXXXXXXXXXXXXXXXXXXX
HCoV-229E,XXXXXXXXXXXXXXXXXXXXXXXXXXXXXXXXXXXXXXXXXX
HCoV-229E,XXXXXXXXXXXXXXXXXXXXXXXXXXXXXXXXXXXXXXXXXX
HCoV-229E,XXXXXXXXXXXXXXXXXXXXXXXXXXXXXXXXXXXXXXXXXX
HCoV-229E,XXXXXXXXXXXXXXXXXXXXXXXXXXXXXXXXXXXXXXXXXX
HCoV-229E,XXXXXXXXXXXXXXXXXXXXXXXXXXXXXXXXXXXXXXXXXX
HCoV-229E,XXXXXXXXXXXXXXXXXXXXXXXXXXXXXXXXXXXXXXXXXX
HCoV-229E,XXXXXXXXXXXXXXXXXXXXXXXXXXXXXXXXXXXXXXXXXX
HCoV-229E,XXXXXXXXXXXXXXXXXXXXXXXXXXXXXXXXXXXXXXXXXX
HCoV-229E,XXXXXXXXXXXXXXXXXXXXXXXXXXXXXXXXXXXXXXXXXX
HCoV-229E,XXXXXXXXXXXXXXXXXXXXXXXXXXXXXXXXXXXXXXXXXX
HCoV-229E,XXXXXXXXXXXXXXXXXXXXXXXXXXXXXXXXXXXXXXXXXX
HCoV-229E,XXXXXXXXXXXXXXXXXXXXXXXXXXXXXXXXXXXXXXXXXX
HCoV-229E,XXXXXXXXXXXXXXXXXXXXXXXXXXXXXXXXXXXXXXXXXX
HCoV-229E,XXXXXXXXXXXXXXXXXXXXXXXXXXXXXXXXXXXXXXXXXX
HCoV-229E,XXXXXXXXXXXXXXXXXXXXXXXXXXXXXXXXXXXXXXXXXX
HCoV-229E,XXXXXXXXXXXXXXXXXXXXXXXXXXXXXXXXXXXXXXXXXX
HCoV-229E,XXXXXXXXXXXXXXXXXXXXXXXXXXXXXXXXXXXXXXXXXX
HCoV-229E,XXXXXXXXXXXXXXXXXXXXXXXXXXXXXXXXXXXXXXXXXX
HCoV-229E,XXXXXXXXXXXXXXXXXXXXXXXXXXXXXXXXXXXXXXXXXX
HCoV-229E,XXXXXXXXXXXXXXXXXXXXXXXXXXXXXXXXXXXXXXXXXX
HCoV-229E,XXXXXXXXXXXXXXXXXXXXXXXXXXXXXXXXXXXXXXXXXX
HCoV-229E,XXXXXXXXXXXXXXXXXXXXXXXXXXXXXXXXXXXXXXXXXX
HCoV-229E,XXXXXXXXXXXXXXXXXXXXXXXXXXXXXXXXXXXXXXXXXX
HCoV-229E,XXXXXXXXXXXXXXXXXXXXXXXXXXXXXXXXXXXXXXXXXX
HCoV-229E,XXXXXXXXXXXXXXXXXXXXXXXXXXXXXXXXXXXXXXXXXX
HCoV-229E,XXXXXXXXXXXXXXXXXXXXXXXXXXXXXXXXXXXXXXXXXX
HCoV-229E,XXXXXXXXXXXXXXXXXXXXXXXXXXXXXXXXXXXXXXXXXX
HCoV-229E,XXXXXXXXXXXXXXXXXXXXXXXXXXXXXXXXXXXXXXXXXX
HCoV-229E,XXXXXXXXXXXXXXXXXXXXXXXXXXXXXXXXXXXXXXXXXX
HCoV-229E,XXXXXXXXXXXXXXXXXXXXXXXXXXXXXXXXXXXXXXXXXX
HCoV-229E,XXXXXXXXXXXXXXXXXXXXXXXXXXXXXXXXXXXXXXXXXX
HCoV-229E,XXXXXXXXXXXXXXXXXXXXXXXXXXXXXXXXXXXXXXXXXX
HCoV-229E,XXXXXXXXXXXXXXXXXXXXXXXXXXXXXXXXXXXXXXXXXX
HCoV-229E,XXXXXXXXXXXXXXXXXXXXXXXXXXXXXXXXXXXXXXXXXX
HCoV-229E,XXXXXXXXXXXXXXXXXXXXXXXXXXXXXXXXXXXXXXXXXX
HCoV-229E,XXXXXXXXXXXXXXXXXXXXXXXXXXXXXXXXXXXXXXXXXX
HCoV-229E,XXXXXXXXXXXXXXXXXXXXXXXXXXXXXXXXXXXXXXXXXX
HCoV-229E,XXXXXXXXXXXXXXXXXXXXXXXXXXXXXXXXXXXXXXXXXX
HCoV-229E,XXXXXXXXXXXXXXXXXXXXXXXXXXXXXXXXXXXXXXXXXX
HCoV-229E,XXXXXXXXXXXXXXXXXXXXXXXXXXXXXXXXXXXXXXXXXX
HCoV-229E,XXXXXXXXXXXXXXXXXXXXXXXXXXXXXXXXXXXXXXXXXX
HCoV-229E,XXXXXXXXXXXXXXXXXXXXXXXXXXXXXXXXXXXXXXXXX
HCoV-229E,XXXXXXXXXXXXXXXXXXXXXXXXXXXXXXXXXXXXXXXXX
HCoV-229E,XXXXXXXXXXXXXXXXXXXXXXXXXXXXXXXXXXXXXXXXX
HCoV-229E,XXXXXXXXXXXXXXXXXXXXXXXXXXXXXXXXXXXXXXXXX
HCoV-229E,XXXXXXXXXXXXXXXXXXXXXXXXXXXXXXXXXXXXXXXXX
HCoV-229E,XXXXXXXXXXXXXXXXXXXXXXXXXXXXXXXXXXXXXXXXX
HCoV-229E,XXXXXXXXXXXXXXXXXXXXXXXXXXXXXXXXXXXXXXXX
HCoV-229E,XXXXXXXXXXXXXXXXXXXXXXXXXXXXXXXXXXXXXXXX
HCoV-229E,XXXXXXXXXXXXXXXXXXXXXXXXXXXXXXXXXXXXXXXX
HCoV-229E,XXXXXXXXXXXXXXXXXXXXXXXXXXXXXXXXXXXXXXXX
HCoV-229E,XXXXXXXXXXXXXXXXXXXXXXXXXXXXXXXXXXXXXXXX
HCoV-229E,XXXXXXXXXXXXXXXXXXXXXXXXXXXXXXXXXXXXXXXX
HCoV-229E,XXXXXXXXXXXXXXXXXXXXXXXXXXXXXXXXXXXXXXX
HCoV-229E,XXXXXXXXXXXXXXXXXXXXXXXXXXXXXXXXXXXXXXX
HCoV-229E,XXXXXXXXXXXXXXXXXXXXXXXXXXXXXXXXXXXXXXX
HCoV-229E,XXXXXXXXXXXXXXXXXXXXXXXXXXXXXXXXXXXXXXX
HCoV-229E,XXXXXXXXXXXXXXXXXXXXXXXXXXXXXXXXXXXXXXX
HCoV-229E,XXXXXXXXXXXXXXXXXXXXXXXXXXXXXXXXXXXXXXX
HCoV-229E,XXXXXXXXXXXXXXXXXXXXXXXXXXXXXXXXXXXXXX
HCoV-229E,XXXXXXXXXXXXXXXXXXXXXXXXXXXXXXXXXXXXXX
HCoV-229E,XXXXXXXXXXXXXXXXXXXXXXXXXXXXXXXXXXXXXX
HCoV-229E,XXXXXXXXXXXXXXXXXXXXXXXXXXXXXXXXXXXXXX
HCoV-229E,XXXXXXXXXXXXXXXXXXXXXXXXXXXXXXXXXXXXXX
HCoV-229E,XXXXXXXXXXXXXXXXXXXXXXXXXXXXXXXXXXXXXX
HCoV-229E,XXXXXXXXXXXXXXXXXXXXXXXXXXXXXXXXXXXXX
HCoV-229E,XXXXXXXXXXXXXXXXXXXXXXXXXXXXXXXXXXXXX
HCoV-229E,XXXXXXXXXXXXXXXXXXXXXXXXXXXXXXXXXXXXX
HCoV-229E,XXXXXXXXXXXXXXXXXXXXXXXXXXXXXXXXXXXXX
HCoV-229E,XXXXXXXXXXXXXXXXXXXXXXXXXXXXXXXXXXXXX
HCoV-229E,XXXXXXXXXXXXXXXXXXXXXXXXXXXXXXXXXXXXX
HCoV-229E,XXXXXXXXXXXXXXXXXXXXXXXXXXXXXXXXXXXX
HCoV-229E,XXXXXXXXXXXXXXXXXXXXXXXXXXXXXXXXXXXX
HCoV-229E,XXXXXXXXXXXXXXXXXXXXXXXXXXXXXXXXXXXX
HCoV-229E,XXXXXXXXXXXXXXXXXXXXXXXXXXXXXXXXXXXX
HCoV-229E,XXXXXXXXXXXXXXXXXXXXXXXXXXXXXXXXXXXX
HCoV-229E,XXXXXXXXXXXXXXXXXXXXXXXXXXXXXXXXXXXX
HCoV-229E,XXXXXXXXXXXXXXXXXXXXXXXXXXXXXXXXXXX
HCoV-229E,XXXXXXXXXXXXXXXXXXXXXXXXXXXXXXXXXXX
HCoV-229E,XXXXXXXXXXXXXXXXXXXXXXXXXXXXXXXXXXX
HCoV-229E,XXXXXXXXXXXXXXXXXXXXXXXXXXXXXXXXXXX
HCoV-229E,XXXXXXXXXXXXXXXXXXXXXXXXXXXXXXXXXXX
HCoV-229E,XXXXXXXXXXXXXXXXXXXXXXXXXXXXXXXXXXX
HCoV-229E,XXXXXXXXXXXXXXXXXXXXXXXXXXXXXXXXXX
HCoV-229E,XXXXXXXXXXXXXXXXXXXXXXXXXXXXXXXXXX
HCoV-229E,XXXXXXXXXXXXXXXXXXXXXXXXXXXXXXXXXX
HCoV-229E,XXXXXXXXXXXXXXXXXXXXXXXXXXXXXXXXXX
HCoV-229E,XXXXXXXXXXXXXXXXXXXXXXXXXXXXXXXXXX
HCoV-229E,XXXXXXXXXXXXXXXXXXXXXXXXXXXXXXXXXX
HCoV-229E,XXXXXXXXXXXXXXXXXXXXXXXXXXXXXXXXX
HCoV-229E,XXXXXXXXXXXXXXXXXXXXXXXXXXXXXXXXX
HCoV-229E,XXXXXXXXXXXXXXXXXXXXXXXXXXXXXXXXX
HCoV-229E,XXXXXXXXXXXXXXXXXXXXXXXXXXXXXXXXX
HCoV-229E,XXXXXXXXXXXXXXXXXXXXXXXXXXXXXXXXX
HCoV-229E,XXXXXXXXXXXXXXXXXXXXXXXXXXXXXXXXX
HCoV-229E,XXXXXXXXXXXXXXXXXXXXXXXXXXXXXXXX
HCoV-229E,XXXXXXXXXXXXXXXXXXXXXXXXXXXXXXXX
HCoV-229E,XXXXXXXXXXXXXXXXXXXXXXXXXXXXXXXX
HCoV-229E,XXXXXXXXXXXXXXXXXXXXXXXXXXXXXXXX
HCoV-229E,XXXXXXXXXXXXXXXXXXXXXXXXXXXXXXXX
HCoV-229E,XXXXXXXXXXXXXXXXXXXXXXXXXXXXXXXX
HCoV-229E,XXXXXXXXXXXXXXXXXXXXXXXXXXXXXXX
HCoV-229E,XXXXXXXXXXXXXXXXXXXXXXXXXXXXXXX
HCoV-229E,XXXXXXXXXXXXXXXXXXXXXXXXXXXXXXX
HCoV-229E,XXXXXXXXXXXXXXXXXXXXXXXXXXXXXXX
HCoV-229E,XXXXXXXXXXXXXXXXXXXXXXXXXXXXXXX
HCoV-229E,XXXXXXXXXXXXXXXXXXXXXXXXXXXXXXX
HCoV-229E,XXXXXXXXXXXXXXXXXXXXXXXXXXXXXX
HCoV-229E,XXXXXXXXXXXXXXXXXXXXXXXXXXXXXX
HCoV-229E,XXXXXXXXXXXXXXXXXXXXXXXXXXXXXX
HCoV-229E,XXXXXXXXXXXXXXXXXXXXXXXXXXXXXX
HCoV-229E,XXXXXXXXXXXXXXXXXXXXXXXXXXXXXX
HCoV-229E,XXXXXXXXXXXXXXXXXXXXXXXXXXXXXX
HCoV-229E,XXXXXXXXXXXXXXXXXXXXXXXXXXXXX
HCoV-229E,XXXXXXXXXXXXXXXXXXXXXXXXXXXXX
HCoV-229E,XXXXXXXXXXXXXXXXXXXXXXXXXXXXX
HCoV-229E,XXXXXXXXXXXXXXXXXXXXXXXXXXXXX
HCoV-229E,XXXXXXXXXXXXXXXXXXXXXXXXXXXXX
HCoV-229E,XXXXXXXXXXXXXXXXXXXXXXXXXXXXX
HCoV-229E,XXXXXXXXXXXXXXXXXXXXXXXXXXXX
HCoV-229E,XXXXXXXXXXXXXXXXXXXXXXXXXXXX
HCoV-229E,XXXXXXXXXXXXXXXXXXXXXXXXXXXX
HCoV-229E,XXXXXXXXXXXXXXXXXXXXXXXXXXXX
HCoV-229E,XXXXXXXXXXXXXXXXXXXXXXXXXXXX
HCoV-229E,XXXXXXXXXXXXXXXXXXXXXXXXXXXX
HCoV-229E,XXXXXXXXXXXXXXXXXXXXXXXXXXX
HCoV-229E,XXXXXXXXXXXXXXXXXXXXXXXXXXX
HCoV-229E,XXXXXXXXXXXXXXXXXXXXXXXXXXX
HCoV-229E,XXXXXXXXXXXXXXXXXXXXXXXXXXX
HCoV-229E,XXXXXXXXXXXXXXXXXXXXXXXXXXX
HCoV-229E,XXXXXXXXXXXXXXXXXXXXXXXXXXX
HCoV-229E,XXXXXXXXXXXXXXXXXXXXXXXXXX
HCoV-229E,XXXXXXXXXXXXXXXXXXXXXXXXXX
HCoV-229E,XXXXXXXXXXXXXXXXXXXXXXXXXX
HCoV-229E,XXXXXXXXXXXXXXXXXXXXXXXXXX
HCoV-229E,XXXXXXXXXXXXXXXXXXXXXXXXXX
HCoV-229E,XXXXXXXXXXXXXXXXXXXXXXXXXX
HCoV-229E,XXXXXXXXXXXXXXXXXXXXXXXXX
HCoV-229E,XXXXXXXXXXXXXXXXXXXXXXXXX
HCoV-229E,XXXXXXXXXXXXXXXXXXXXXXXXX
HCoV-229E,XXXXXXXXXXXXXXXXXXXXXXXXX
HCoV-229E,XXXXXXXXXXXXXXXXXXXXXXXXX
HCoV-229E,XXXXXXXXXXXXXXXXXXXXXXXXX
HCoV-229E,XXXXXXXXXXXXXXXXXXXXXXXX
HCoV-229E,XXXXXXXXXXXXXXXXXXXXXXXX
HCoV-229E,XXXXXXXXXXXXXXXXXXXXXXXX
HCoV-229E,XXXXXXXXXXXXXXXXXXXXXXXX
HCoV-229E,XXXXXXXXXXXXXXXXXXXXXXXX
HCoV-229E,XXXXXXXXXXXXXXXXXXXXXXXX
HCoV-229E,XXXXXXXXXXXXXXXXXXXXXXXX
HCoV-229E,XXXXXXXXXXXXXXXXXXXXXXXX
HCoV-229E,XXXXXXXXXXXXXXXXXXXXXXXX
HCoV-229E,XXXXXXXXXXXXXXXXXXXXXXXX
HCoV-229E,XXXXXXXXXXXXXXXXXXXXXXXX
HCoV-229E,XXXXXXXXXXXXXXXXXXXXXXXX
HCoV-229E,XXXXXXXXXXXXXXXXXXXXXXXX
HCoV-229E,XXXXXXXXXXXXXXXXXXXXXXXX
HCoV-229E,XXXXXXXXXXXXXXXXXXXXXXXX
HCoV-229E,XXXXXXXXXXXXXXXXXXXXXXXX
HCoV-229E,XXXXXXXXXXXXXXXXXXXXXXXX
HCoV-229E,XXXXXXXXXXXXXXXXXXXXXXXX
HCoV-229E,XXXXXXXXXXXXXXXXXXXXXXXX
HCoV-229E,XXXXXXXXXXXXXXXXXXXXXXXX
HCoV-229E,XXXXXXXXXXXXXXXXXXXXXXXX
HCoV-229E,XXXXXXXXXXXXXXXXXXXXXXXX
HCoV-229E,XXXXXXXXXXXXXXXXXXXXXXXX
HCoV-229E,XXXXXXXXXXXXXXXXXXXXXXXX
HCoV-229E,XXXXXXXXXXXXXXXXXXXXXXXX
HCoV-229E,XXXXXXXXXXXXXXXXXXXXXXXX
HCoV-229E,XXXXXXXXXXXXXXXXXXXXXXXX
HCoV-229E,XXXXXXXXXXXXXXXXXXXXXXXX
HCoV-229E,XXXXXXXXXXXXXXXXXXXXXXXX
HCoV-229E,XXXXXXXXXXXXXXXXXXXXXXXX
HCoV-229E,XXXXXXXXXXXXXXXXXXXXXXXX
HCoV-229E,XXXXXXXXXXXXXXXXXXXXXXXX
HCoV-229E,XXXXXXXXXXXXXXXXXXXXXXXX
HCoV-229E,XXXXXXXXXXXXXXXXXXXXXXXX
HCoV-229E,XXXXXXXXXXXXXXXXXXXXXXXX
HCoV-229E,XXXXXXXXXXXXXXXXXXXXXXXX
HCoV-229E,XXXXXXXXXXXXXXXXXXXXXXXX
HCoV-229E,XXXXXXXXXXXXXXXXXXXXXXXX
HCoV-229E,XXXXXXXXXXXXXXXXXXXXXXXX
HCoV-229E,XXXXXXXXXXXXXXXXXXXXXXXX
HCoV-229E,XXXXXXXXXXXXXXXXXXXXXXXX
HCoV-229E,XXXXXXXXXXXXXXXXXXXXXXXX
HCoV-229E,XXXXXXXXXXXXXXXXXXXXXXXX
HCoV-229E,XXXXXXXXXXXXXXXXXXXXXXXX
HCoV-229E,XXXXXXXXXXXXXXXXXXXXXXXX
HCoV-229E,XXXXXXXXXXXXXXXXXXXXXXXX
HCoV-229E,XXXXXXXXXXXXXXXXXXXXXXXX
HCoV-229E,XXXXXXXXXXXXXXXXXXXXXXXX
HCoV-229E,XXXXXXXXXXXXXXXXXXXXXXXX
HCoV-229E,XXXXXXXXXXXXXXXXXXXXXXXX
HCoV-229E,XXXXXXXXXXXXXXXXXXXXXXXX
HCoV-229E,XXXXXXXXXXXXXXXXXXXXXXXX
HCoV-229E,XXXXXXXXXXXXXXXXXXXXXXXX
HCoV-229E,XXXXXXXXXXXXXXXXXXXXXXXX
HCoV-229E,XXXXXXXXXXXXXXXXXXXXXXXX
HCoV-229E,XXXXXXXXXXXXXXXXXXXXXXXX
HCoV-229E,XXXXXXXXXXXXXXXXXXXXXXXX
HCoV-229E,XXXXXXXXXXXXXXXXXXXXXXXX
HCoV-229E,XXXXXXXXXXXXXXXXXXXXXXXX
HCoV-229E,XXXXXXXXXXXXXXXXXXXXXXXX
HCoV-229E,XXXXXXXXXXXXXXXXXXXXXXXX
HCoV-229E,XXXXXXXXXXXXXXXXXXXXXXXX
HCoV-229E,XXXXXXXXXXXXXXXXXXXXXXXX
HCoV-229E,XXXXXXXXXXXXXXXXXXXXXXXX
HCoV-229E,XXXXXXXXXXXXXXXXXXXXXXXX
HCoV-229E,XXXXXXXXXXXXXXXXXXXXXXXX
HCoV-229E,XXXXXXXXXXXXXXXXXXXXXXXX
HCoV-229E,XXXXXXXXXXXXXXXXXXXXXXXX
HCoV-229E,XXXXXXXXXXXXXXXXXXXXXXXX
HCoV-229E,XXXXXXXXXXXXXXXXXXXXXXXX
HCoV-229E,XXXXXXXXXXXXXXXXXXXXXXXX
HCoV-229E,XXXXXXXXXXXXXXXXXXXXXXXX
HCoV-229E,XXXXXXXXXXXXXXXXXXXXXXXX
HCoV-229E,XXXXXXXXXXXXXXXXXXXXXXXX
HCoV-229E,XXXXXXXXXXXXXXXXXXXXXXXX
HCoV-229E,XXXXXXXXXXXXXXXXXXXXXXXX
HCoV-229E,XXXXXXXXXXXXXXXXXXXXXXXX
HCoV-229E,XXXXXXXXXXXXXXXXXXXXXXXX
HCoV-229E,XXXXXXXXXXXXXXXXXXXXXXXX
HCoV-229E,XXXXXXXXXXXXXXXXXXXXXXXX
HCoV-229E,XXXXXXXXXXXXXXXXXXXXXXXX
HCoV-229E,XXXXXXXXXXXXXXXXXXXXXXXX
HCoV-229E,XXXXXXXXXXXXXXXXXXXXXXXX
HCoV-229E,XXXXXXXXXXXXXXXXXXXXXXXX
HCoV-229E,XXXXXXXXXXXXXXXXXXXXXXXX
HCoV-229E,XXXXXXXXXXXXXXXXXXXXXXXX
HCoV-229E,XXXXXXXXXXXXXXXXXXXXXXXX
HCoV-229E,XXXXXXXXXXXXXXXXXXXXXXXX
HCoV-229E,XXXXXXXXXXXXXXXXXXXXXXXX
HCoV-229E,XXXXXXXXXXXXXXXXXXXXXXXX
HCoV-229E,XXXXXXXXXXXXXXXXXXXXXXXX
HCoV-229E,XXXXXXXXXXXXXXXXXXXXXXXX
HCoV-229E,XXXXXXXXXXXXXXXXXXXXXXXX
HCoV-229E,XXXXXXXXXXXXXXXXXXXXXXXX
HCoV-229E,XXXXXXXXXXXXXXXXXXXXXXXX
HCoV-229E,XXXXXXXXXXXXXXXXXXXXXXXX
HCoV-229E,XXXXXXXXXXXXXXXXXXXXXXXX
HCoV-229E,XXXXXXXXXXXXXXXXXXXXXXXX
HCoV-229E,XXXXXXXXXXXXXXXXXXXXXXXX
HCoV-229E,XXXXXXXXXXXXXXXXXXXXXXXX
HCoV-229E,XXXXXXXXXXXXXXXXXXXXXXXX
HCoV-229E,XXXXXXXXXXXXXXXXXXXXXXXX
HCoV-229E,XXXXXXXXXXXXXXXXXXXXXXXX
HCoV-229E,XXXXXXXXXXXXXXXXXXXXXXXX
HCoV-229E,XXXXXXXXXXXXXXXXXXXXXXXX
HCoV-229E,XXXXXXXXXXXXXXXXXXXXXXXX
HCoV-229E,XXXXXXXXXXXXXXXXXXXXXXXX
HCoV-229E,XXXXXXXXXXXXXXXXXXXXXXXX
HCoV-229E,XXXXXXXXXXXXXXXXXXXXXXXX
HCoV-229E,XXXXXXXXXXXXXXXXXXXXXXXX
HCoV-229E,XXXXXXXXXXXXXXXXXXXXXXXX
HCoV-229E,XXXXXXXXXXXXXXXXXXXXXXXX
HCoV-229E,XXXXXXXXXXXXXXXXXXXXXXXX
HCoV-229E,XXXXXXXXXXXXXXXXXXXXXXXX
HCoV-229E,XXXXXXXXXXXXXXXXXXXXXXXX
HCoV-229E,XXXXXXXXXXXXXXXXXXXXXXXX
HCoV-229E,XXXXXXXXXXXXXXXXXXXXXXXX
HCoV-229E,XXXXXXXXXXXXXXXXXXXXXXXX
HCoV-229E,XXXXXXXXXXXXXXXXXXXXXXXX
HCoV-229E,XXXXXXXXXXXXXXXXXXXXXXXX
HCoV-229E,XXXXXXXXXXXXXXXXXXXXXXXX
HCoV-229E,XXXXXXXXXXXXXXXXXXXXXXXX
HCoV-229E,XXXXXXXXXXXXXXXXXXXXXXXX
HCoV-229E,XXXXXXXXXXXXXXXXXXXXXXXX
HCoV-229E,XXXXXXXXXXXXXXXXXXXXXXXX
HCoV-229E,XXXXXXXXXXXXXXXXXXXXXXXX
HCoV-229E,XXXXXXXXXXXXXXXXXXXXXXXX
HCoV-229E,XXXXXXXXXXXXXXXXXXXXXXXX
HCoV-229E,XXXXXXXXXXXXXXXXXXXXXXXX
HCoV-229E,XXXXXXXXXXXXXXXXXXXXXXXX
HCoV-229E,XXXXXXXXXXXXXXXXXXXXXXX
HCoV-229E,XXXXXXXXXXXXXXXXXXXXXXX
HCoV-229E,XXXXXXXXXXXXXXXXXXXXXXX
HCoV-229E,XXXXXXXXXXXXXXXXXXXXXXX
HCoV-229E,XXXXXXXXXXXXXXXXXXXXXXX
HCoV-229E,XXXXXXXXXXXXXXXXXXXXXXX
HCoV-229E,XXXXXXXXXXXXXXXXXXXXXXX
HCoV-229E,XXXXXXXXXXXXXXXXXXXXXXX
HCoV-229E,XXXXXXXXXXXXXXXXXXXXXXX
HCoV-229E,XXXXXXXXXXXXXXXXXXXXXXX
HCoV-229E,XXXXXXXXXXXXXXXXXXXXXXX
HCoV-229E,XXXXXXXXXXXXXXXXXXXXXXX
HCoV-229E,XXXXXXXXXXXXXXXXXXXXXX
HCoV-229E,XXXXXXXXXXXXXXXXXXXXXX
HCoV-229E,XXXXXXXXXXXXXXXXXXXXXX
HCoV-229E,XXXXXXXXXXXXXXXXXXXXXX
HCoV-229E,XXXXXXXXXXXXXXXXXXXXXX
HCoV-229E,XXXXXXXXXXXXXXXXXXXXXX
HCoV-229E,XXXXXXXXXXXXXXXXXXXXXX
HCoV-229E,XXXXXXXXXXXXXXXXXXXXXX
HCoV-229E,XXXXXXXXXXXXXXXXXXXXXX
HCoV-229E,XXXXXXXXXXXXXXXXXXXXXX
HCoV-229E,XXXXXXXXXXXXXXXXXXXXXX
HCoV-229E,XXXXXXXXXXXXXXXXXXXXXX
HCoV-229E,XXXXXXXXXXXXXXXXXXXXX
HCoV-229E,XXXXXXXXXXXXXXXXXXXXX
HCoV-229E,XXXXXXXXXXXXXXXXXXXXX
HCoV-229E,XXXXXXXXXXXXXXXXXXXXX
HCoV-229E,XXXXXXXXXXXXXXXXXXXXX
HCoV-229E,XXXXXXXXXXXXXXXXXXXXX
HCoV-229E,XXXXXXXXXXXXXXXXXXXXX
HCoV-229E,XXXXXXXXXXXXXXXXXXXXX
HCoV-229E,XXXXXXXXXXXXXXXXXXXXX
HCoV-229E,XXXXXXXXXXXXXXXXXXXXX
HCoV-229E,XXXXXXXXXXXXXXXXXXXXX
HCoV-229E,XXXXXXXXXXXXXXXXXXXXX
HCoV-229E,XXXXXXXXXXXXXXXXXXXX
HCoV-229E,XXXXXXXXXXXXXXXXXXXX
HCoV-229E,XXXXXXXXXXXXXXXXXXXX
HCoV-229E,XXXXXXXXXXXXXXXXXXXX
HCoV-229E,XXXXXXXXXXXXXXXXXXXX
HCoV-229E,XXXXXXXXXXXXXXXXXXXX
HCoV-229E,XXXXXXXXXXXXXXXXXXXX
HCoV-229E,XXXXXXXXXXXXXXXXXXXX
HCoV-229E,XXXXXXXXXXXXXXXXXXXX
HCoV-229E,XXXXXXXXXXXXXXXXXXXX
HCoV-229E,XXXXXXXXXXXXXXXXXXXX
HCoV-229E,XXXXXXXXXXXXXXXXXXXX
HCoV-229E,XXXXXXXXXXXXXXXXXXX
HCoV-229E,XXXXXXXXXXXXXXXXXXX
HCoV-229E,XXXXXXXXXXXXXXXXXXX
HCoV-229E,XXXXXXXXXXXXXXXXXXX
HCoV-229E,XXXXXXXXXXXXXXXXXXX
HCoV-229E,XXXXXXXXXXXXXXXXXXX
HCoV-229E,XXXXXXXXXXXXXXXXXXX
HCoV-229E,XXXXXXXXXXXXXXXXXXX
HCoV-229E,XXXXXXXXXXXXXXXXXXX
HCoV-229E,XXXXXXXXXXXXXXXXXXX
HCoV-229E,XXXXXXXXXXXXXXXXXXX
HCoV-229E,XXXXXXXXXXXXXXXXXXX
HCoV-229E,XXXXXXXXXXXXXXXXXX
HCoV-229E,XXXXXXXXXXXXXXXXXX
HCoV-229E,XXXXXXXXXXXXXXXXXX
HCoV-229E,XXXXXXXXXXXXXXXXXX
HCoV-229E,XXXXXXXXXXXXXXXXXX
HCoV-229E,XXXXXXXXXXXXXXXXXX
HCoV-229E,XXXXXXXXXXXXXXXXXX
HCoV-229E,XXXXXXXXXXXXXXXXXX
HCoV-229E,XXXXXXXXXXXXXXXXXX
HCoV-229E,XXXXXXXXXXXXXXXXXX
HCoV-229E,XXXXXXXXXXXXXXXXXX
HCoV-229E,XXXXXXXXXXXXXXXXXX
HCoV-229E,XXXXXXXXXXXXXXXXXX
HCoV-229E,XXXXXXXXXXXXXXXXXX
HCoV-229E,XXXXXXXXXXXXXXXXXX
HCoV-229E,XXXXXXXXXXXXXXXXXX
HCoV-229E,XXXXXXXXXXXXXXXXXX
HCoV-229E,XXXXXXXXXXXXXXXXXX
HCoV-229E,XXXXXXXXXXXXXXXXXX
HCoV-229E,XXXXXXXXXXXXXXXXXX
HCoV-229E,XXXXXXXXXXXXXXXXXX
HCoV-229E,XXXXXXXXXXXXXXXXXX
HCoV-229E,XXXXXXXXXXXXXXXXXX
HCoV-229E,XXXXXXXXXXXXXXXXXX
HCoV-229E,XXXXXXXXXXXXXXXXXX
HCoV-229E,XXXXXXXXXXXXXXXXXX
HCoV-229E,XXXXXXXXXXXXXXXXXX
HCoV-229E,XXXXXXXXXXXXXXXXXX
HCoV-229E,XXXXXXXXXXXXXXXXXX
HCoV-229E,XXXXXXXXXXXXXXXXXX
HCoV-229E,XXXXXXXXXXXXXXXXXX
HCoV-229E,XXXXXXXXXXXXXXXXXX
HCoV-229E,XXXXXXXXXXXXXXXXXX
HCoV-229E,XXXXXXXXXXXXXXXXXX
HCoV-229E,XXXXXXXXXXXXXXXXXX
HCoV-229E,XXXXXXXXXXXXXXXXXX
HCoV-229E,XXXXXXXXXXXXXXXXXX
HCoV-229E,XXXXXXXXXXXXXXXXXX
HCoV-229E,XXXXXXXXXXXXXXXXXX
HCoV-229E,XXXXXXXXXXXXXXXXXX
HCoV-229E,XXXXXXXXXXXXXXXXXX
HCoV-229E,XXXXXXXXXXXXXXXXXX
HCoV-229E,XXXXXXXXXXXXXXXXXX
HCoV-229E,XXXXXXXXXXXXXXXXXX
HCoV-229E,XXXXXXXXXXXXXXXXXX
HCoV-229E,XXXXXXXXXXXXXXXXXX
HCoV-229E,XXXXXXXXXXXXXXXXXX
HCoV-229E,XXXXXXXXXXXXXXXXXX
HCoV-229E,XXXXXXXXXXXXXXXXXX
HCoV-229E,XXXXXXXXXXXXXXXXXX
HCoV-229E,XXXXXXXXXXXXXXXXXX
HCoV-229E,XXXXXXXXXXXXXXXXXX
HCoV-229E,XXXXXXXXXXXXXXXXXX
HCoV-229E,XXXXXXXXXXXXXXXXXX
HCoV-229E,XXXXXXXXXXXXXXXXXX
HCoV-229E,XXXXXXXXXXXXXXXXXX
HCoV-229E,XXXXXXXXXXXXXXXXXX
HCoV-229E,XXXXXXXXXXXXXXXXXX
HCoV-229E,XXXXXXXXXXXXXXXXXX
HCoV-229E,XXXXXXXXXXXXXXXXXX
HCoV-229E,XXXXXXXXXXXXXXXXXX
HCoV-229E,XXXXXXXXXXXXXXXXXX
HCoV-229E,XXXXXXXXXXXXXXXXXX
HCoV-229E,XXXXXXXXXXXXXXXXXX
HCoV-229E,XXXXXXXXXXXXXXXXXX
HCoV-229E,XXXXXXXXXXXXXXXXXX
HCoV-229E,XXXXXXXXXXXXXXXXXX
HCoV-229E,XXXXXXXXXXXXXXXXXX
HCoV-229E,XXXXXXXXXXXXXXXXXX
HCoV-229E,XXXXXXXXXXXXXXXXXX
HCoV-229E,XXXXXXXXXXXXXXXXXX
HCoV-229E,XXXXXXXXXXXXXXXXXX
HCoV-229E,XXXXXXXXXXXXXXXXXX
HCoV-229E,XXXXXXXXXXXXXXXXXX
HCoV-229E,XXXXXXXXXXXXXXXXXX
HCoV-229E,XXXXXXXXXXXXXXXXXX
HCoV-229E,XXXXXXXXXXXXXXXXXX
HCoV-229E,XXXXXXXXXXXXXXXXXX
HCoV-229E,XXXXXXXXXXXXXXXXXX
HCoV-229E,XXXXXXXXXXXXXXXXXX
HCoV-229E,XXXXXXXXXXXXXXXXXX
HCoV-229E,XXXXXXXXXXXXXXXXXX
HCoV-229E,XXXXXXXXXXXXXXXXXX
HCoV-229E,XXXXXXXXXXXXXXXXXX
HCoV-229E,XXXXXXXXXXXXXXXXXX
HCoV-229E,XXXXXXXXXXXXXXXXXX
HCoV-229E,XXXXXXXXXXXXXXXXXX
HCoV-229E,XXXXXXXXXXXXXXXXXX
HCoV-229E,XXXXXXXXXXXXXXXXXX
HCoV-229E,XXXXXXXXXXXXXXXXXX
HCoV-229E,XXXXXXXXXXXXXXXXXX
HCoV-229E,XXXXXXXXXXXXXXXXXX
HCoV-229E,XXXXXXXXXXXXXXXXXX
HCoV-229E,XXXXXXXXXXXXXXXXXX
HCoV-229E,XXXXXXXXXXXXXXXXXX
HCoV-229E,XXXXXXXXXXXXXXXXXX
HCoV-229E,XXXXXXXXXXXXXXXXXX
HCoV-229E,XXXXXXXXXXXXXXXXXX
HCoV-229E,XXXXXXXXXXXXXXXXXX
HCoV-229E,XXXXXXXXXXXXXXXXXX
HCoV-229E,XXXXXXXXXXXXXXXXXX
HCoV-229E,XXXXXXXXXXXXXXXXXX
HCoV-229E,XXXXXXXXXXXXXXXXXX
HCoV-229E,XXXXXXXXXXXXXXXXXX
HCoV-229E,XXXXXXXXXXXXXXXXXX
HCoV-229E,XXXXXXXXXXXXXXXXXX
HCoV-229E,XXXXXXXXXXXXXXXXXX
HCoV-229E,XXXXXXXXXXXXXXXXXX
HCoV-229E,XXXXXXXXXXXXXXXXXX
HCoV-229E,XXXXXXXXXXXXXXXXXX
HCoV-229E,XXXXXXXXXXXXXXXXXX
HCoV-229E,XXXXXXXXXXXXXXXXXX
HCoV-229E,XXXXXXXXXXXXXXXXXX
HCoV-229E,XXXXXXXXXXXXXXXXXX
HCoV-229E,XXXXXXXXXXXXXXXXXX
HCoV-229E,XXXXXXXXXXXXXXXXXX
HCoV-229E,XXXXXXXXXXXXXXXXXX
HCoV-229E,XXXXXXXXXXXXXXXXXX
HCoV-229E,XXXXXXXXXXXXXXXXXX
HCoV-229E,XXXXXXXXXXXXXXXXXX
HCoV-229E,XXXXXXXXXXXXXXXXXX
HCoV-229E,XXXXXXXXXXXXXXXXXX
HCoV-229E,XXXXXXXXXXXXXXXXXX
HCoV-229E,XXXXXXXXXXXXXXXXXX
HCoV-229E,XXXXXXXXXXXXXXXXXX
HCoV-229E,XXXXXXXXXXXXXXXXXX
HCoV-229E,XXXXXXXXXXXXXXXXXX
HCoV-229E,XXXXXXXXXXXXXXXXXX
HCoV-229E,XXXXXXXXXXXXXXXXXX
HCoV-229E,XXXXXXXXXXXXXXXXXX
HCoV-229E,XXXXXXXXXXXXXXXXXX
HCoV-229E,XXXXXXXXXXXXXXXXXX
HCoV-229E,XXXXXXXXXXXXXXXXXX
HCoV-229E,XXXXXXXXXXXXXXXXXX
HCoV-229E,XXXXXXXXXXXXXXXXXX
HCoV-229E,XXXXXXXXXXXXXXXXXX
HCoV-229E,XXXXXXXXXXXXXXXXXX
HCoV-229E,XXXXXXXXXXXXXXXXXX
HCoV-229E,XXXXXXXXXXXXXXXXXX
HCoV-229E,XXXXXXXXXXXXXXXXXX
HCoV-229E,XXXXXXXXXXXXXXXXXX
HCoV-229E,XXXXXXXXXXXXXXXXXX
HCoV-229E,XXXXXXXXXXXXXXXXXX
HCoV-229E,XXXXXXXXXXXXXXXXXX
HCoV-229E,XXXXXXXXXXXXXXXXXX
HCoV-229E,XXXXXXXXXXXXXXXXXX
HCoV-229E,XXXXXXXXXXXXXXXXXX
HCoV-229E,XXXXXXXXXXXXXXXXXX
HCoV-229E,XXXXXXXXXXXXXXXXXX
HCoV-229E,XXXXXXXXXXXXXXXXXX
HCoV-229E,XXXXXXXXXXXXXXXXXX
HCoV-229E,XXXXXXXXXXXXXXXXXX
HCoV-229E,XXXXXXXXXXXXXXXXXX
HCoV-229E,XXXXXXXXXXXXXXXXXX
HCoV-229E,XXXXXXXXXXXXXXXXXX
HCoV-229E,XXXXXXXXXXXXXXXXX
HCoV-229E,XXXXXXXXXXXXXXXXX
HCoV-229E,XXXXXXXXXXXXXXXXX
HCoV-229E,XXXXXXXXXXXXXXXXX
HCoV-229E,XXXXXXXXXXXXXXXXX
HCoV-229E,XXXXXXXXXXXXXXXXX
HCoV-229E,XXXXXXXXXXXXXXXXX
HCoV-229E,XXXXXXXXXXXXXXXXX
HCoV-229E,XXXXXXXXXXXXXXXXX
HCoV-229E,XXXXXXXXXXXXXXXXX
HCoV-229E,XXXXXXXXXXXXXXXXX
HCoV-229E,XXXXXXXXXXXXXXXXX
HCoV-229E,XXXXXXXXXXXXXXXXX
HCoV-229E,XXXXXXXXXXXXXXXXX
HCoV-229E,XXXXXXXXXXXXXXXXX
HCoV-229E,XXXXXXXXXXXXXXXXX
HCoV-229E,XXXXXXXXXXXXXXXXX
HCoV-229E,XXXXXXXXXXXXXXXXX
HCoV-229E,XXXXXXXXXXXXXXXXX
HCoV-229E,XXXXXXXXXXXXXXXXX
HCoV-229E,XXXXXXXXXXXXXXXX
HCoV-229E,XXXXXXXXXXXXXXXX
HCoV-229E,XXXXXXXXXXXXXXXX
HCoV-229E,XXXXXXXXXXXXXXXX
HCoV-229E,XXXXXXXXXXXXXXXX
HCoV-229E,XXXXXXXXXXXXXXXX
HCoV-229E,XXXXXXXXXXXXXXXX
HCoV-229E,XXXXXXXXXXXXXXXX
HCoV-229E,XXXXXXXXXXXXXXXX
HCoV-229E,XXXXXXXXXXXXXXXX
HCoV-229E,XXXXXXXXXXXXXXXX
HCoV-229E,XXXXXXXXXXXXXXXX
HCoV-229E,XXXXXXXXXXXXXXXX
HCoV-229E,XXXXXXXXXXXXXXXX
HCoV-229E,XXXXXXXXXXXXXXXX
HCoV-229E,XXXXXXXXXXXXXXXX
HCoV-229E,XXXXXXXXXXXXXXXX
HCoV-229E,XXXXXXXXXXXXXXXX
HCoV-229E,XXXXXXXXXXXXXXXX
HCoV-229E,XXXXXXXXXXXXXXXX
HCoV-229E,XXXXXXXXXXXXXXXX
HCoV-229E,XXXXXXXXXXXXXXXX
HCoV-229E,XXXXXXXXXXXXXXXX
HCoV-229E,XXXXXXXXXXXXXXXX
HCoV-229E,XXXXXXXXXXXXXXXX
HCoV-229E,XXXXXXXXXXXXXXXX
HCoV-229E,XXXXXXXXXXXXXXXX
HCoV-229E,XXXXXXXXXXXXXXXX
HCoV-229E,XXXXXXXXXXXXXXXX
HCoV-229E,XXXXXXXXXXXXXXXX
HCoV-229E,XXXXXXXXXXXXXXXX
HCoV-229E,XXXXXXXXXXXXXXXX
HCoV-229E,XXXXXXXXXXXXXXXX
HCoV-229E,XXXXXXXXXXXXXXXX
HCoV-229E,XXXXXXXXXXXXXXXX
HCoV-229E,XXXXXXXXXXXXXXXX
HCoV-229E,XXXXXXXXXXXXXXXX
HCoV-229E,XXXXXXXXXXXXXXXX
HCoV-229E,XXXXXXXXXXXXXXXX
HCoV-229E,XXXXXXXXXXXXXXXX
HCoV-229E,XXXXXXXXXXXXXXXX
HCoV-229E,XXXXXXXXXXXXXXXX
HCoV-229E,XXXXXXXXXXXXXXXX
HCoV-229E,XXXXXXXXXXXXXXXX
HCoV-229E,XXXXXXXXXXXXXXXX
HCoV-229E,XXXXXXXXXXXXXXXX
HCoV-229E,XXXXXXXXXXXXXXXX
HCoV-229E,XXXXXXXXXXXXXXXX
HCoV-229E,XXXXXXXXXXXXXXXX
HCoV-229E,XXXXXXXXXXXXXXXX
HCoV-229E,XXXXXXXXXXXXXXXX
HCoV-229E,XXXXXXXXXXXXXXXX
HCoV-229E,XXXXXXXXXXXXXXXX
HCoV-229E,XXXXXXXXXXXXXXXX
HCoV-229E,XXXXXXXXXXXXXXXX
HCoV-229E,XXXXXXXXXXXXXXXX
HCoV-229E,XXXXXXXXXXXXXXXX
HCoV-229E,XXXXXXXXXXXXXXXX
HCoV-229E,XXXXXXXXXXXXXXXX
HCoV-229E,XXXXXXXXXXXXXXXX
HCoV-229E,XXXXXXXXXXXXXXXX
HCoV-229E,XXXXXXXXXXXXXXXX
HCoV-229E,XXXXXXXXXXXXXXXX
HCoV-229E,XXXXXXXXXXXXXXXX
HCoV-229E,XXXXXXXXXXXXXXXX
HCoV-229E,XXXXXXXXXXXXXXXX
HCoV-229E,XXXXXXXXXXXXXXXX
HCoV-229E,XXXXXXXXXXXXXXXX
HCoV-229E,XXXXXXXXXXXXXXXX
HCoV-229E,XXXXXXXXXXXXXXXX
HCoV-229E,XXXXXXXXXXXXXXXX
HCoV-229E,XXXXXXXXXXXXXXXX
HCoV-229E,XXXXXXXXXXXXXXXX
HCoV-229E,XXXXXXXXXXXXXXXX
HCoV-229E,XXXXXXXXXXXXXXXX
HCoV-229E,XXXXXXXXXXXXXXXX
HCoV-229E,XXXXXXXXXXXXXXXX
HCoV-229E,XXXXXXXXXXXXXXXX
HCoV-229E,XXXXXXXXXXXXXXXX
HCoV-229E,XXXXXXXXXXXXXXXX
HCoV-229E,XXXXXXXXXXXXXXXX
HCoV-229E,XXXXXXXXXXXXXXXX
HCoV-229E,XXXXXXXXXXXXXXXX
HCoV-229E,XXXXXXXXXXXXXXXX
HCoV-229E,XXXXXXXXXXXXXXXX
HCoV-229E,XXXXXXXXXXXXXXXX
HCoV-229E,XXXXXXXXXXXXXXXX
HCoV-229E,XXXXXXXXXXXXXXXX
HCoV-229E,XXXXXXXXXXXXXXXX
HCoV-229E,XXXXXXXXXXXXXXXX
HCoV-229E,XXXXXXXXXXXXXXXX
HCoV-229E,XXXXXXXXXXXXXXXX
HCoV-229E,XXXXXXXXXXXXXXXX
HCoV-229E,XXXXXXXXXXXXXXXX
HCoV-229E,XXXXXXXXXXXXXXXX
HCoV-229E,XXXXXXXXXXXXXXXX
HCoV-229E,XXXXXXXXXXXXXXXX
HCoV-229E,XXXXXXXXXXXXXXXX
HCoV-229E,XXXXXXXXXXXXXXXX
HCoV-229E,XXXXXXXXXXXXXXXX
HCoV-229E,XXXXXXXXXXXXXXXX
HCoV-229E,XXXXXXXXXXXXXXXX
HCoV-229E,XXXXXXXXXXXXXXXX
HCoV-229E,XXXXXXXXXXXXXXXX
HCoV-229E,XXXXXXXXXXXXXXXX
HCoV-229E,XXXXXXXXXXXXXXXX
HCoV-229E,XXXXXXXXXXXXXXXX
HCoV-229E,XXXXXXXXXXXXXXXX
HCoV-229E,XXXXXXXXXXXXXXXX
HCoV-229E,XXXXXXXXXXXXXXXX
HCoV-229E,XXXXXXXXXXXXXXXX
HCoV-229E,XXXXXXXXXXXXXXXX
HCoV-229E,XXXXXXXXXXXXXXXX
HCoV-229E,XXXXXXXXXXXXXXXX
HCoV-229E,XXXXXXXXXXXXXXXX
HCoV-229E,XXXXXXXXXXXXXXXX
HCoV-229E,XXXXXXXXXXXXXXXX
HCoV-229E,XXXXXXXXXXXXXXXX
HCoV-229E,XXXXXXXXXXXXXXXX
HCoV-229E,XXXXXXXXXXXXXXXX
HCoV-229E,XXXXXXXXXXXXXXXX
HCoV-229E,XXXXXXXXXXXXXXXX
HCoV-229E,XXXXXXXXXXXXXXXX
HCoV-229E,XXXXXXXXXXXXXXXX
HCoV-229E,XXXXXXXXXXXXXXXX
HCoV-229E,XXXXXXXXXXXXXXXX
HCoV-229E,XXXXXXXXXXXXXXXX
HCoV-229E,XXXXXXXXXXXXXXXX
HCoV-229E,XXXXXXXXXXXXXXXX
HCoV-229E,XXXXXXXXXXXXXXXX
HCoV-229E,XXXXXXXXXXXXXXXX
HCoV-229E,XXXXXXXXXXXXXXXX
HCoV-229E,XXXXXXXXXXXXXXXX
HCoV-229E,XXXXXXXXXXXXXXXX
HCoV-229E,XXXXXXXXXXXXXXXX
HCoV-229E,XXXXXXXXXXXXXXXX
HCoV-229E,XXXXXXXXXXXXXXXX
HCoV-229E,XXXXXXXXXXXXXXXX
HCoV-229E,XXXXXXXXXXXXXXXX
HCoV-229E,XXXXXXXXXXXXXXXX
HCoV-229E,XXXXXXXXXXXXXXXX
HCoV-229E,XXXXXXXXXXXXXXXX
HCoV-229E,XXXXXXXXXXXXXXXX
HCoV-229E,XXXXXXXXXXXXXXXX
HCoV-229E,XXXXXXXXXXXXXXXX
HCoV-229E,XXXXXXXXXXXXXXXX
HCoV-229E,XXXXXXXXXXXXXXXX
HCoV-229E,XXXXXXXXXXXXXXXX
HCoV-229E,XXXXXXXXXXXXXXXX
HCoV-229E,XXXXXXXXXXXXXXXX
HCoV-229E,XXXXXXXXXXXXXXXX
HCoV-229E,XXXXXXXXXXXXXXXX
HCoV-229E,XXXXXXXXXXXXXXXX
HCoV-229E,XXXXXXXXXXXXXXXX
HCoV-229E,XXXXXXXXXXXXXXXX
HCoV-229E,XXXXXXXXXXXXXXXX
HCoV-229E,XXXXXXXXXXXXXXXX
HCoV-229E,XXXXXXXXXXXXXXXX
HCoV-229E,XXXXXXXXXXXXXXXX
HCoV-229E,XXXXXXXXXXXXXXXX
HCoV-229E,XXXXXXXXXXXXXXXX
HCoV-229E,XXXXXXXXXXXXXXXX
HCoV-229E,XXXXXXXXXXXXXXXX
HCoV-229E,XXXXXXXXXXXXXXXX
HCoV-229E,XXXXXXXXXXXXXXXX
HCoV-229E,XXXXXXXXXXXXXXXX
HCoV-229E,XXXXXXXXXXXXXXXX
HCoV-229E,XXXXXXXXXXXXXXXX
HCoV-229E,XXXXXXXXXXXXXXXX
HCoV-229E,XXXXXXXXXXXXXXXX
HCoV-229E,XXXXXXXXXXXXXXXX
HCoV-229E,XXXXXXXXXXXXXXXX
HCoV-229E,XXXXXXXXXXXXXXX
HCoV-229E,XXXXXXXXXXXXXXX
HCoV-229E,XXXXXXXXXXXXXXX
HCoV-229E,XXXXXXXXXXXXXXX
HCoV-229E,XXXXXXXXXXXXXXX
HCoV-229E,XXXXXXXXXXXXXXX
HCoV-229E,XXXXXXXXXXXXXXX
HCoV-229E,XXXXXXXXXXXXXXX
HCoV-229E,XXXXXXXXXXXXXXX
HCoV-229E,XXXXXXXXXXXXXXX
HCoV-229E,XXXXXXXXXXXXXXX
HCoV-229E,XXXXXXXXXXXXXXX
HCoV-229E,XXXXXXXXXXXXXXX
HCoV-229E,XXXXXXXXXXXXXXX
HCoV-229E,XXXXXXXXXXXXXXX
HCoV-229E,XXXXXXXXXXXXXXX
HCoV-229E,XXXXXXXXXXXXXXX
HCoV-229E,XXXXXXXXXXXXXXX
HCoV-229E,XXXXXXXXXXXXXXX
HCoV-229E,XXXXXXXXXXXXXXX
HCoV-229E,XXXXXXXXXXXXXXX
HCoV-229E,XXXXXXXXXXXXXXX
HCoV-229E,XXXXXXXXXXXXXXX
HCoV-229E,XXXXXXXXXXXXXXX
HCoV-229E,XXXXXXXXXXXXXXX
HCoV-229E,XXXXXXXXXXXXXXX
HCoV-229E,XXXXXXXXXXXXXXX
HCoV-229E,XXXXXXXXXXXXXXX
HCoV-229E,XXXXXXXXXXXXXXX
HCoV-229E,XXXXXXXXXXXXXXX
HCoV-229E,XXXXXXXXXXXXXX
HCoV-229E,XXXXXXXXXXXXXX
HCoV-229E,XXXXXXXXXXXXXX
HCoV-229E,XXXXXXXXXXXXXX
HCoV-229E,XXXXXXXXXXXXXX
HCoV-229E,XXXXXXXXXXXXXX
HCoV-229E,XXXXXXXXXXXXXX
HCoV-229E,XXXXXXXXXXXXXX
HCoV-229E,XXXXXXXXXXXXXX
HCoV-229E,XXXXXXXXXXXXXX
HCoV-229E,XXXXXXXXXXXXXX
HCoV-229E,XXXXXXXXXXXXXX
HCoV-229E,XXXXXXXXXXXXXX
HCoV-229E,XXXXXXXXXXXXXX
HCoV-229E,XXXXXXXXXXXXXX
HCoV-229E,XXXXXXXXXXXXXX
HCoV-229E,XXXXXXXXXXXXXX
HCoV-229E,XXXXXXXXXXXXXX
HCoV-229E,XXXXXXXXXXXXXX
HCoV-229E,XXXXXXXXXXXXXX
HCoV-229E,XXXXXXXXXXXXXX
HCoV-229E,XXXXXXXXXXXXXX
HCoV-229E,XXXXXXXXXXXXXX
HCoV-229E,XXXXXXXXXXXXXX
HCoV-229E,XXXXXXXXXXXXXX
HCoV-229E,XXXXXXXXXXXXXX
HCoV-229E,XXXXXXXXXXXXXX
HCoV-229E,XXXXXXXXXXXXXX
HCoV-229E,XXXXXXXXXXXXXX
HCoV-229E,XXXXXXXXXXXXXX
HCoV-229E,XXXXXXXXXXXXX
HCoV-229E,XXXXXXXXXXXXX
HCoV-229E,XXXXXXXXXXXXX
HCoV-229E,XXXXXXXXXXXXX
HCoV-229E,XXXXXXXXXXXXX
HCoV-229E,XXXXXXXXXXXXX
HCoV-229E,XXXXXXXXXXXXX
HCoV-229E,XXXXXXXXXXXXX
HCoV-229E,XXXXXXXXXXXXX
HCoV-229E,XXXXXXXXXXXXX
HCoV-229E,XXXXXXXXXXXXX
HCoV-229E,XXXXXXXXXXXXX
HCoV-229E,XXXXXXXXXXXXX
HCoV-229E,XXXXXXXXXXXXX
HCoV-229E,XXXXXXXXXXXXX
HCoV-229E,XXXXXXXXXXXXX
HCoV-229E,XXXXXXXXXXXXX
HCoV-229E,XXXXXXXXXXXXX
HCoV-229E,XXXXXXXXXXXXX
HCoV-229E,XXXXXXXXXXXXX
HCoV-229E,XXXXXXXXXXXXX
HCoV-229E,XXXXXXXXXXXXX
HCoV-229E,XXXXXXXXXXXXX
HCoV-229E,XXXXXXXXXXXXX
HCoV-229E,XXXXXXXXXXXXX
HCoV-229E,XXXXXXXXXXXXX
HCoV-229E,XXXXXXXXXXXXX
HCoV-229E,XXXXXXXXXXXXX
HCoV-229E,XXXXXXXXXXXXX
HCoV-229E,XXXXXXXXXXXXX
HCoV-229E,XXXXXXXXXXXX
HCoV-229E,XXXXXXXXXXXX
HCoV-229E,XXXXXXXXXXXX
HCoV-229E,XXXXXXXXXXXX
HCoV-229E,XXXXXXXXXXXX
HCoV-229E,XXXXXXXXXXXX
HCoV-229E,XXXXXXXXXXXX
HCoV-229E,XXXXXXXXXXXX
HCoV-229E,XXXXXXXXXXXX
HCoV-229E,XXXXXXXXXXXX
HCoV-229E,XXXXXXXXXXXX
HCoV-229E,XXXXXXXXXXXX
HCoV-229E,XXXXXXXXXXXX
HCoV-229E,XXXXXXXXXXXX
HCoV-229E,XXXXXXXXXXXX
HCoV-229E,XXXXXXXXXXXX
HCoV-229E,XXXXXXXXXXXX
HCoV-229E,XXXXXXXXXXXX
HCoV-229E,XXXXXXXXXXXX
HCoV-229E,XXXXXXXXXXXX
HCoV-229E,XXXXXXXXXXXX
HCoV-229E,XXXXXXXXXXXX
HCoV-229E,XXXXXXXXXXXX
HCoV-229E,XXXXXXXXXXXX
HCoV-229E,XXXXXXXXXXXX
HCoV-229E,XXXXXXXXXXXX
HCoV-229E,XXXXXXXXXXXX
HCoV-229E,XXXXXXXXXXXX
HCoV-229E,XXXXXXXXXXXX
HCoV-229E,XXXXXXXXXXXX
HCoV-229E,XXXXXXXXXXX
HCoV-229E,XXXXXXXXXXX
HCoV-229E,XXXXXXXXXXX
HCoV-229E,XXXXXXXXXXX
HCoV-229E,XXXXXXXXXXX
HCoV-229E,XXXXXXXXXXX
HCoV-229E,XXXXXXXXXXX
HCoV-229E,XXXXXXXXXXX
HCoV-229E,XXXXXXXXXXX
HCoV-229E,XXXXXXXXXXX
HCoV-229E,XXXXXXXXXXX
HCoV-229E,XXXXXXXXXXX
HCoV-229E,XXXXXXXXXXX
HCoV-229E,XXXXXXXXXXX
HCoV-229E,XXXXXXXXXXX
HCoV-229E,XXXXXXXXXXX
HCoV-229E,XXXXXXXXXXX
HCoV-229E,XXXXXXXXXXX
HCoV-229E,XXXXXXXXXXX
HCoV-229E,XXXXXXXXXXX
HCoV-229E,XXXXXXXXXXX
HCoV-229E,XXXXXXXXXXX
HCoV-229E,XXXXXXXXXXX
HCoV-229E,XXXXXXXXXXX
HCoV-229E,XXXXXXXXXXX
HCoV-229E,XXXXXXXXXXX
HCoV-229E,XXXXXXXXXXX
HCoV-229E,XXXXXXXXXXX
HCoV-229E,XXXXXXXXXXX
HCoV-229E,XXXXXXXXXXX
HCoV-229E,XXXXXXXXXX
HCoV-229E,XXXXXXXXXX
HCoV-229E,XXXXXXXXXX
HCoV-229E,XXXXXXXXXX
HCoV-229E,XXXXXXXXXX
HCoV-229E,XXXXXXXXXX
HCoV-229E,XXXXXXXXXX
HCoV-229E,XXXXXXXXXX
HCoV-229E,XXXXXXXXXX
HCoV-229E,XXXXXXXXXX
HCoV-229E,XXXXXXXXXX
HCoV-229E,XXXXXXXXXX
HCoV-229E,XXXXXXXXXX
HCoV-229E,XXXXXXXXXX
HCoV-229E,XXXXXXXXXX
HCoV-229E,XXXXXXXXXX
HCoV-229E,XXXXXXXXXX
HCoV-229E,XXXXXXXXXX
HCoV-229E,XXXXXXXXXX
HCoV-229E,XXXXXXXXXX
HCoV-229E,XXXXXXXXXX
HCoV-229E,XXXXXXXXXX
HCoV-229E,XXXXXXXXXX
HCoV-229E,XXXXXXXXXX
HCoV-229E,XXXXXXXXXX
HCoV-229E,XXXXXXXXXX
HCoV-229E,XXXXXXXXXX
HCoV-229E,XXXXXXXXXX
HCoV-229E,XXXXXXXXXX
HCoV-229E,XXXXXXXXXX
HCoV-229E,XXXXXXXXX
HCoV-229E,XXXXXXXXX
HCoV-229E,XXXXXXXXX
HCoV-229E,XXXXXXXXX
HCoV-229E,XXXXXXXXX
HCoV-229E,XXXXXXXXX
HCoV-229E,XXXXXXXXX
HCoV-229E,XXXXXXXXX
HCoV-229E,XXXXXXXXX
HCoV-229E,XXXXXXXXX
HCoV-229E,XXXXXXXXX
HCoV-229E,XXXXXXXXX
HCoV-229E,XXXXXXXXX
HCoV-229E,XXXXXXXXX
HCoV-229E,XXXXXXXXX
HCoV-229E,XXXXXXXXX
HCoV-229E,XXXXXXXXX
HCoV-229E,XXXXXXXXX
HCoV-229E,XXXXXXXXX
HCoV-229E,XXXXXXXXX
HCoV-229E,XXXXXXXXX
HCoV-229E,XXXXXXXXX
HCoV-229E,XXXXXXXXX
HCoV-229E,XXXXXXXXX
HCoV-229E,XXXXXXXXX
HCoV-229E,XXXXXXXXX
HCoV-229E,XXXXXXXXX
HCoV-229E,XXXXXXXXX
HCoV-229E,XXXXXXXXX
HCoV-229E,XXXXXXXXX
HCoV-229E,XXXXXXXX
HCoV-229E,XXXXXXXX
HCoV-229E,XXXXXXXX
HCoV-229E,XXXXXXXX
HCoV-229E,XXXXXXXX
HCoV-229E,XXXXXXXX
HCoV-229E,XXXXXXXX
HCoV-229E,XXXXXXXX
HCoV-229E,XXXXXXXX
HCoV-229E,XXXXXXXX
HCoV-229E,XXXXXXXX
HCoV-229E,XXXXXXXX
HCoV-229E,XXXXXXXX
HCoV-229E,XXXXXXXX
HCoV-229E,XXXXXXXX
HCoV-229E,XXXXXXXX
HCoV-229E,XXXXXXXX
HCoV-229E,XXXXXXXX
HCoV-229E,XXXXXXXX
HCoV-229E,XXXXXXXX
HCoV-229E,XXXXXXXX
HCoV-229E,XXXXXXXX
HCoV-229E,XXXXXXXX
HCoV-229E,XXXXXXXX
HCoV-229E,XXXXXXXX
HCoV-229E,XXXXXXXX
HCoV-229E,XXXXXXXX
HCoV-229E,XXXXXXXX
HCoV-229E,XXXXXXXX
HCoV-229E,XXXXXXXX
HCoV-229E,XXXXXXX
HCoV-229E,XXXXXXX
HCoV-229E,XXXXXXX
HCoV-229E,XXXXXXX
HCoV-229E,XXXXXXX
HCoV-229E,XXXXXXX
HCoV-229E,XXXXXXX
HCoV-229E,XXXXXXX
HCoV-229E,XXXXXXX
HCoV-229E,XXXXXXX
HCoV-229E,XXXXXXX
HCoV-229E,XXXXXXX
HCoV-229E,XXXXXXX
HCoV-229E,XXXXXXX
HCoV-229E,XXXXXXX
HCoV-229E,XXXXXXX
HCoV-229E,XXXXXXX
HCoV-229E,XXXXXXX
HCoV-229E,XXXXXXX
HCoV-229E,XXXXXXX
HCoV-229E,XXXXXXX
HCoV-229E,XXXXXXX
HCoV-229E,XXXXXXX
HCoV-229E,XXXXXXX
HCoV-229E,XXXXXXX
HCoV-229E,XXXXXXX
HCoV-229E,XXXXXXX
HCoV-229E,XXXXXXX
HCoV-229E,XXXXXXX
HCoV-229E,XXXXXXX
HCoV-229E,XXXXXX
HCoV-229E,XXXXXX
HCoV-229E,XXXXXX
HCoV-229E,XXXXXX
HCoV-229E,XXXXXX
HCoV-229E,XXXXXX
HCoV-229E,XXXXXX
HCoV-229E,XXXXXX
HCoV-229E,XXXXXX
HCoV-229E,XXXXXX
HCoV-229E,XXXXXX
HCoV-229E,XXXXXX
HCoV-229E,XXXXXX
HCoV-229E,XXXXXX
HCoV-229E,XXXXXX
HCoV-229E,XXXXXX
HCoV-229E,XXXXXX
HCoV-229E,XXXXXX
HCoV-229E,XXXXXX
HCoV-229E,XXXXXX
HCoV-229E,XXXXXX
HCoV-229E,XXXXXX
HCoV-229E,XXXXXX
HCoV-229E,XXXXXX
HCoV-229E,XXXXXX
HCoV-229E,XXXXXX
HCoV-229E,XXXXXX
HCoV-229E,XXXXXX
HCoV-229E,XXXXXX
HCoV-229E,XXXXXX
HCoV-229E,XXXXXX
HCoV-229E,XXXXXX
HCoV-229E,XXXXXX
HCoV-229E,XXXXXX
HCoV-229E,XXXXXX
HCoV-229E,XXXXXX
HCoV-229E,XXXXXX
HCoV-229E,XXXXXX
HCoV-229E,XXXXXX
HCoV-229E,XXXXXX
HCoV-229E,XXXXXX
HCoV-229E,XXXXXX
HCoV-229E,XXXXXX
HCoV-229E,XXXXXX
HCoV-229E,XXXXXX
HCoV-229E,XXXXXX
HCoV-229E,XXXXXX
HCoV-229E,XXXXXX
HCoV-229E,XXXXXX
HCoV-229E,XXXXXX
HCoV-229E,XXXXXX
HCoV-229E,XXXXXX
HCoV-229E,XXXXXX
HCoV-229E,XXXXXX
HCoV-229E,XXXXXX
HCoV-229E,XXXXXX
HCoV-229E,XXXXXX
HCoV-229E,XXXXXX
HCoV-229E,XXXXXX
HCoV-229E,XXXXXX
HCoV-229E,XXXXXX
HCoV-229E,XXXXXX
HCoV-229E,XXXXXX
HCoV-229E,XXXXXX
HCoV-229E,XXXXXX
HCoV-229E,XXXXXX
HCoV-229E,XXXXXX
HCoV-229E,XXXXXX
HCoV-229E,XXXXXX
HCoV-229E,XXXXXX
HCoV-229E,XXXXXX
HCoV-229E,XXXXXX
HCoV-229E,XXXXXX
HCoV-229E,XXXXXX
HCoV-229E,XXXXXX
HCoV-229E,XXXXXX
HCoV-229E,XXXXXX
HCoV-229E,XXXXXX
HCoV-229E,XXXXXX
HCoV-229E,XXXXXX
HCoV-229E,XXXXXX
HCoV-229E,XXXXXX
HCoV-229E,XXXXXX
HCoV-229E,XXXXXX
HCoV-229E,XXXXXX
HCoV-229E,XXXXXX
HCoV-229E,XXXXXX
HCoV-229E,XXXXXX
HCoV-229E,XXXXXX
HCoV-229E,XXXXXX
HCoV-229E,XXXXXX
HCoV-229E,XXXXXX
HCoV-229E,XXXXXX
HCoV-229E,XXXXXX
HCoV-229E,XXXXXX
HCoV-229E,XXXXXX
HCoV-229E,XXXXXX
HCoV-229E,XXXXXX
HCoV-229E,XXXXXX
HCoV-229E,XXXXXX
HCoV-229E,XXXXXX
HCoV-229E,XXXXXX
HCoV-229E,XXXXXX
HCoV-229E,XXXXXX
HCoV-229E,XXXXXX
HCoV-229E,XXXXXX
HCoV-229E,XXXXXX
HCoV-229E,XXXXXX
HCoV-229E,XXXXXX
HCoV-229E,XXXXXX
HCoV-229E,XXXXXX
HCoV-229E,XXXXXX
HCoV-229E,XXXXXX
HCoV-229E,XXXXXX
HCoV-229E,XXXXXX
HCoV-229E,XXXXXX
HCoV-229E,XXXXXX
HCoV-229E,XXXXXX
HCoV-229E,XXXXXX
HCoV-229E,XXXXXX
HCoV-229E,XXXXXX
HCoV-229E,XXXXXX
HCoV-229E,XXXXXX
HCoV-229E,XXXXXX
HCoV-229E,XXXXXX
HCoV-229E,XXXXXX
HCoV-229E,XXXXXX
HCoV-229E,XXXXXX
HCoV-229E,XXXXXX
HCoV-229E,XXXXXX
HCoV-229E,XXXXXX
HCoV-229E,XXXXXX
HCoV-229E,XXXXXX
HCoV-229E,XXXXXX
HCoV-229E,XXXXXX
HCoV-229E,XXXXXX
HCoV-229E,XXXXXX
HCoV-229E,XXXXXX
HCoV-229E,XXXXXX
HCoV-229E,XXXXXX
HCoV-229E,XXXXXX
HCoV-229E,XXXXXX
HCoV-229E,XXXXXX
HCoV-229E,XXXXXX
HCoV-229E,XXXXXX
HCoV-229E,XXXXXX
HCoV-229E,XXXXXX
HCoV-229E,XXXXXX
HCoV-229E,XXXXXX
HCoV-229E,XXXXXX
HCoV-229E,XXXXXX
HCoV-229E,XXXXXX
HCoV-229E,XXXXXX
HCoV-229E,XXXXXX
HCoV-229E,XXXXXX
HCoV-229E,XXXXXX
HCoV-229E,XXXXXX
HCoV-229E,XXXXXX
HCoV-229E,XXXXXX
HCoV-229E,XXXXXX
HCoV-229E,XXXXXX
HCoV-229E,XXXXXX
HCoV-229E,XXXXXX
HCoV-229E,XXXXXX
HCoV-229E,XXXXXX
HCoV-229E,XXXXXX
HCoV-229E,XXXXXX
HCoV-229E,XXXXXX
HCoV-229E,XXXXXX
HCoV-229E,XXXXXX
HCoV-229E,XXXXXX
HCoV-229E,XXXXXX
HCoV-229E,XXXXXX
HCoV-229E,XXXXXX
HCoV-229E,XXXXXX
HCoV-229E,XXXXXX
HCoV-229E,XXXXXX
HCoV-229E,XXXXXX
HCoV-229E,XXXXXX
HCoV-229E,XXXXXX
HCoV-229E,XXXXXX
HCoV-229E,XXXXXX
HCoV-229E,XXXXXX
HCoV-229E,XXXXXX
HCoV-229E,XXXXXX
HCoV-229E,XXXXXX
HCoV-229E,XXXXXX
HCoV-229E,XXXXXX
HCoV-229E,XXXXXX
HCoV-229E,XXXXXX
HCoV-229E,XXXXXX
HCoV-229E,XXXXXX
HCoV-229E,XXXXXX
HCoV-229E,XXXXXX
HCoV-229E,XXXXXX
HCoV-229E,XXXXXX
HCoV-229E,XXXXXX
HCoV-229E,XXXXXX
HCoV-229E,XXXXXX
HCoV-229E,XXXXXX
HCoV-229E,XXXXXX
HCoV-229E,XXXXXX
HCoV-229E,XXXXXX
HCoV-229E,XXXXXX
HCoV-229E,XXXXXX
HCoV-229E,XXXXXX
HCoV-229E,XXXXXX
HCoV-229E,XXXXXX
HCoV-229E,XXXXXX
HCoV-229E,XXXXXX
HCoV-229E,XXXXXX
HCoV-229E,XXXXXX
HCoV-229E,XXXXXX
HCoV-229E,XXXXXX
HCoV-229E,XXXXXX
HCoV-229E,XXXXXX
HCoV-229E,XXXXXX
HCoV-229E,XXXXXX
HCoV-229E,XXXXXX
HCoV-229E,XXXXXX
HCoV-229E,XXXXXX
HCoV-229E,XXXXXX
HCoV-229E,XXXXXX
HCoV-229E,XXXXXX
HCoV-229E,XXXXXX
HCoV-229E,XXXXXX
HCoV-229E,XXXXXX
HCoV-229E,XXXXXX
HCoV-229E,XXXXXX
HCoV-229E,XXXXXX
HCoV-229E,XXXXXX
HCoV-229E,XXXXX
HCoV-229E,XXXXX
HCoV-229E,XXXXX
HCoV-229E,XXXXX
HCoV-229E,XXXXX
HCoV-229E,XXXXX
HCoV-229E,XXXXX
HCoV-229E,XXXXX
HCoV-229E,XXXXX
HCoV-229E,XXXXX
HCoV-229E,XXXXX
HCoV-229E,XXXXX
HCoV-229E,XXXXX
HCoV-229E,XXXXX
HCoV-229E,XXXXX
HCoV-229E,XXXXX
HCoV-229E,XXXXX
HCoV-229E,XXXXX
HCoV-229E,XXXXX
HCoV-229E,XXXXX
HCoV-229E,XXXXX
HCoV-229E,XXXXX
HCoV-229E,XXXXX
HCoV-229E,XXXXX
HCoV-229E,XXXXX
HCoV-229E,XXXXX
HCoV-229E,XXXXX
HCoV-229E,XXXXX
HCoV-229E,XXXXX
HCoV-229E,XXXXX
HCoV-229E,XXXXX
HCoV-229E,XXXXX
HCoV-229E,XXXXX
HCoV-229E,XXXXX
HCoV-229E,XXXXX
HCoV-229E,XXXXX
HCoV-229E,XXXXX
HCoV-229E,XXXXX
HCoV-229E,XXXXX
HCoV-229E,XXXXX
HCoV-229E,XXXXX
HCoV-229E,XXXXX
HCoV-229E,XXXX
HCoV-229E,XXXX
HCoV-229E,XXXX
HCoV-229E,XXXX
HCoV-229E,XXXX
HCoV-229E,XXXX
HCoV-229E,XXXX
HCoV-229E,XXXX
HCoV-229E,XXXX
HCoV-229E,XXXX
HCoV-229E,XXXX
HCoV-229E,XXXX
HCoV-229E,XXXX
HCoV-229E,XXXX
HCoV-229E,XXXX
HCoV-229E,XXXX
HCoV-229E,XXXX
HCoV-229E,XXXX
HCoV-229E,XXXX
HCoV-229E,XXXX
HCoV-229E,XXXX
HCoV-229E,XXXX
HCoV-229E,XXXX
HCoV-229E,XXXX
HCoV-229E,XXXX
HCoV-229E,XXXX
HCoV-229E,XXXX
HCoV-229E,XXXX
HCoV-229E,XXXX
HCoV-229E,XXXX
HCoV-229E,XXXX
HCoV-229E,XXXX
HCoV-229E,XXXX
HCoV-229E,XXXX
HCoV-229E,XXXX
HCoV-229E,XXXX
HCoV-229E,XXXX
HCoV-229E,XXXX
HCoV-229E,XXXX
HCoV-229E,XXXX
HCoV-229E,XXXX
HCoV-229E,XXXX
HCoV-229E,XXXX
HCoV-229E,XXXX
HCoV-229E,XXXX
HCoV-229E,XXXX
HCoV-229E,XXXX
HCoV-229E,XXXX
HCoV-229E,XXXX
HCoV-229E,XXXX
HCoV-229E,XXXX
HCoV-229E,XXXX
HCoV-229E,XXXX
HCoV-229E,XXXX
HCoV-229E,XXXX
HCoV-229E,XXXX
HCoV-229E,XXXX
HCoV-229E,XXXX
HCoV-229E,XXXX
HCoV-229E,XXXX
HCoV-229E,XXXX
HCoV-229E,XXXX
HCoV-229E,XXXX
HCoV-229E,XXXX
HCoV-229E,XXXX
HCoV-229E,XXXX
HCoV-229E,XXXX
HCoV-229E,XXXX
HCoV-229E,XXXX
HCoV-229E,XXXX
HCoV-229E,XXXX
HCoV-229E,XXXX
HCoV-229E,XXXX
HCoV-229E,XXXX
HCoV-229E,XXXX
HCoV-229E,XXXX
HCoV-229E,XXXX
HCoV-229E,XXXX
HCoV-229E,XXXX
HCoV-229E,XXXX
HCoV-229E,XXXX
HCoV-229E,XXXX
HCoV-229E,XXXX
HCoV-229E,XXXX
HCoV-229E,XXXX
HCoV-229E,XXXX
HCoV-229E,XXXX
HCoV-229E,XXXX
HCoV-229E,XXXX
HCoV-229E,XXXX
HCoV-229E,XXXX
HCoV-229E,XXXX
HCoV-229E,XXXX
HCoV-229E,XXXX
HCoV-229E,XXXX
HCoV-229E,XXXX
HCoV-229E,XXXX
HCoV-229E,XXXX
HCoV-229E,XXXX
HCoV-229E,XXXX
HCoV-229E,XXXX
HCoV-229E,XXXX
HCoV-229E,XXXX
HCoV-229E,XXXX
HCoV-229E,XXXX
HCoV-229E,XXXX
HCoV-229E,XXXX
HCoV-229E,XXXX
HCoV-229E,XXXX
HCoV-229E,XXXX
HCoV-229E,XXXX
HCoV-229E,XXXX
HCoV-229E,XXXX
HCoV-229E,XXXX
HCoV-229E,XXXX
HCoV-229E,XXXX
HCoV-229E,XXXX
HCoV-229E,XXXX
HCoV-229E,XXXX
HCoV-229E,XXXX
HCoV-229E,XXXX
HCoV-229E,XXXX
HCoV-229E,XXXX
HCoV-229E,XXXX
HCoV-229E,XXXX
HCoV-229E,XXXX
HCoV-229E,XXXX
HCoV-229E,XXXX
HCoV-229E,XXXX
HCoV-229E,XXXX
HCoV-229E,XXXX
HCoV-229E,XXXX
HCoV-229E,XXXX
HCoV-229E,XXXX
HCoV-229E,XXXX
HCoV-229E,XXXX
HCoV-229E,XXXX
HCoV-229E,XXXX
HCoV-229E,XXXX
HCoV-229E,XXXX
HCoV-229E,XXXX
HCoV-229E,XXXX
HCoV-229E,XXXX
HCoV-229E,XXXX
HCoV-229E,XXXX
HCoV-229E,XXXX
HCoV-229E,XXXX
HCoV-229E,XXXX
HCoV-229E,XXXX
HCoV-229E,XXXX
HCoV-229E,XXXX
HCoV-229E,XXXX
HCoV-229E,XXXX
HCoV-229E,XXXX
HCoV-229E,XXXX
HCoV-229E,XXXX
HCoV-229E,XXXX
HCoV-229E,XXXX
HCoV-229E,XXXX
HCoV-229E,XXXX
HCoV-229E,XXXX
HCoV-229E,XXXX
HCoV-229E,XXXX
HCoV-229E,XXXX
HCoV-229E,XXXX
HCoV-229E,XXXX
HCoV-229E,XXXX
HCoV-229E,XXXX
HCoV-229E,XXXX
HCoV-229E,XXXX
HCoV-229E,XXXX
HCoV-229E,XXXX
HCoV-229E,XXXX
HCoV-229E,XXXX
HCoV-229E,XXXX
HCoV-229E,XXXX
HCoV-229E,XXXX
HCoV-229E,XXXX
HCoV-229E,XXXX
HCoV-229E,XXXX
HCoV-229E,XXXX
HCoV-229E,XXXX
HCoV-229E,XXXX
HCoV-229E,XXXX
HCoV-229E,XXXX
HCoV-229E,XXXX
HCoV-229E,XXXX
HCoV-229E,XXXX
HCoV-229E,XXXX
HCoV-229E,XXXX
HCoV-229E,XXXX
HCoV-229E,XXXX
HCoV-229E,XXXX
HCoV-229E,XXXX
HCoV-229E,XXXX
HCoV-229E,XXXX
HCoV-229E,XXXX
HCoV-229E,XXXX
HCoV-229E,XXXX
HCoV-229E,XXXX
HCoV-229E,XXXX
HCoV-229E,XXXX
HCoV-229E,XXXX
HCoV-229E,XXXX
HCoV-229E,XXXX
HCoV-229E,XXXX
HCoV-229E,XXXX
HCoV-229E,XXXX
HCoV-229E,XXXX
HCoV-229E,XXXX
HCoV-229E,XXXX
HCoV-229E,XXXX
HCoV-229E,XXXX
HCoV-229E,XXXX
HCoV-229E,XXXX
HCoV-229E,XXXX
HCoV-229E,XXXX
HCoV-229E,XXXX
HCoV-229E,XXXX
HCoV-229E,XXXX
HCoV-229E,XXXX
HCoV-229E,XXXX
HCoV-229E,XXXX
HCoV-229E,XXXX
HCoV-229E,XXXX
HCoV-229E,XXXX
HCoV-229E,XXXX
HCoV-229E,XXXX
HCoV-229E,XXXX
HCoV-229E,XXXX
HCoV-229E,XXXX
HCoV-229E,XXXX
HCoV-229E,XXXX
HCoV-229E,XXXX
HCoV-229E,XXXX
HCoV-229E,XXXX
HCoV-229E,XXXX
HCoV-229E,XXXX
HCoV-229E,XXXX
HCoV-229E,XXXX
HCoV-229E,XXXX
HCoV-229E,XXXX
HCoV-229E,XXXX
HCoV-229E,XXXX
HCoV-229E,XXXX
HCoV-229E,XXXX
HCoV-229E,XXXX
HCoV-229E,XXXX
HCoV-229E,XXXX
HCoV-229E,XXXX
HCoV-229E,XXXX
HCoV-229E,XXXX
HCoV-229E,XXXX
HCoV-229E,XXXX
HCoV-229E,XXXX
HCoV-229E,XXXX
HCoV-229E,XXXX
HCoV-229E,XXXX
HCoV-229E,YTEVR
HCoV-229E,YYNG
HCoV-229E,ASNV
HCoV-229E,GCCG
HCoV-229E,GFSS
HCoV-229E,GFSS
HCoV-229E,IGGI
HCoV-229E,ISVV
HCoV-229E,KGFS
HCoV-229E,LAAL
HCoV-229E,LGGL
HCoV-229E,LKDI
HCoV-229E,NLEA
HCoV-229E,QLRQ
HCoV-229E,SGDA
HCoV-229E,TIGN
HCoV-229E,TINV
HCoV-229E,TNNT
HCoV-229E,YFNG
HCoV-229E,YTIG
HCoV-229E,YYNG
HCoV-229E,DAIT
HCoV-229E,GCCG
HCoV-229E,GTGTG
HCoV-229E,IGGI
HCoV-229E,ISSSI
HCoV-229E,KSQSK
HCoV-229E,LGGL
HCoV-229E,NFAFN
HCoV-229E,QALQ
HCoV-229E,RGTIL
HCoV-229E,RSGSR
HCoV-229E,SAAS
HCoV-229E,SGDA
HCoV-229E,TIGN
HCoV-229E,TNNT
HCoV-229E,VLLV
HCoV-229E,VNFNV
HCoV-229E,VPKPV
HCoV-229E,XXXXXXXXXX
HCoV-229E,XXXXXXXXX
HCoV-229E,XXXXXXXXX
HCoV-229E,XXXXXXXX
HCoV-229E,XXXXXXXX
HCoV-229E,XXXXXXX
HCoV-229E,XXXXXXX
HCoV-229E,XXXXXX
HCoV-229E,XXXXXX
HCoV-229E,XXXXX
HCoV-229E,XXXXX
HCoV-229E,XXXXX
HCoV-229E,XXXXX
HCoV-229E,XXXXX
HCoV-229E,XXXXX
HCoV-229E,XXXXX
HCoV-229E,XXXXX
HCoV-229E,XXXXX
HCoV-229E,XXXX
HCoV-229E,XXXX
HCoV-229E,XXXX
HCoV-229E,XXXX
HCoV-229E,XXXX
HCoV-229E,XXXX
HCoV-229E,YFNG
HCoV-229E,YTEVR
HCoV-229E,YYNG
HCoV-229E,DAIT
HCoV-229E,GCCG
HCoV-229E,IGGI
HCoV-229E,ISSSI
HCoV-229E,KSQSK
HCoV-229E,LAAL
HCoV-229E,LGGL
HCoV-229E,NFAFN
HCoV-229E,NGTN
HCoV-229E,QALQ
HCoV-229E,RGPGR
HCoV-229E,RGTIL
HCoV-229E,RSGSR
HCoV-229E,SAAS
HCoV-229E,SGDA
HCoV-229E,TIGN
HCoV-229E,TNNT
HCoV-229E,VLLV
HCoV-229E,VNLNV
HCoV-229E,VPKPV
HCoV-229E,YFNG
HCoV-229E,YTEVR
HCoV-229E,YYNG
HCoV-229E,DAIT
HCoV-229E,GCCG
HCoV-229E,IGGI
HCoV-229E,ISSSI
HCoV-229E,KSQSK
HCoV-229E,LAAL
HCoV-229E,LGGL
HCoV-229E,NFAFN
HCoV-229E,NGTN
HCoV-229E,QALQ
HCoV-229E,RGTIL
HCoV-229E,RSGSR
HCoV-229E,SAAS
HCoV-229E,SGDA
HCoV-229E,TIGN
HCoV-229E,TNNT
HCoV-229E,VNFNV
HCoV-229E,VPKPV
HCoV-229E,YFNG
HCoV-229E,YTEVR
HCoV-229E,YYNG
HCoV-229E,NFAFN
HCoV-229E,VNFNV
HCoV-229E,DAIT
HCoV-229E,GCCG
HCoV-229E,IGGI
HCoV-229E,ISSSI
HCoV-229E,KSQSK
HCoV-229E,LAAL
HCoV-229E,LGGL
HCoV-229E,NFAFN
HCoV-229E,QALQ
HCoV-229E,RGTIL
HCoV-229E,RSGSR
HCoV-229E,SAAS
HCoV-229E,SGDA
HCoV-229E,TIGN
HCoV-229E,TNNT
HCoV-229E,VLLV
HCoV-229E,VNFNV
HCoV-229E,VPKPV
HCoV-229E,YFNG
HCoV-229E,YTEVR
HCoV-229E,YYNG
HCoV-229E,ASNV
HCoV-229E,GCCG
HCoV-229E,GFSS
HCoV-229E,GFSS
HCoV-229E,IGGI
HCoV-229E,KGFS
HCoV-229E,LAAL
HCoV-229E,LGGL
HCoV-229E,LKDI
HCoV-229E,NLEA
HCoV-229E,QLRQ
HCoV-229E,SGDA
HCoV-229E,TIGN
HCoV-229E,TINV
HCoV-229E,TNNT
HCoV-229E,YFNG
HCoV-229E,YTIG
HCoV-229E,YYNG
HCoV-229E,DAIT
HCoV-229E,GCCG
HCoV-229E,IGGI
HCoV-229E,ISSSI
HCoV-229E,KSQSK
HCoV-229E,LAAL
HCoV-229E,LGGL
HCoV-229E,NFAFN
HCoV-229E,NGTN
HCoV-229E,RGTIL
HCoV-229E,RSGSR
HCoV-229E,SAAS
HCoV-229E,SGDA
HCoV-229E,TIGN
HCoV-229E,TNNT
HCoV-229E,VLLV
HCoV-229E,VNFNV
HCoV-229E,VPKPV
HCoV-229E,YFNG
HCoV-229E,YTEVR
HCoV-229E,YYNG
HCoV-229E,DAIT
HCoV-229E,GCCG
HCoV-229E,IGGI
HCoV-229E,ISSSI
HCoV-229E,KSQSK
HCoV-229E,LAAL
HCoV-229E,LGGL
HCoV-229E,NFAFN
HCoV-229E,NGTN
HCoV-229E,QALQ
HCoV-229E,RGTIL
HCoV-229E,RSGSR
HCoV-229E,SAAS
HCoV-229E,SGDA
HCoV-229E,TIGN
HCoV-229E,TNNT
HCoV-229E,VLLV
HCoV-229E,VNFNV
HCoV-229E,VPKPV
HCoV-229E,YFNG
HCoV-229E,YTEVR
HCoV-229E,YYNG
HCoV-229E,DAIT
HCoV-229E,GCCG
HCoV-229E,IGGI
HCoV-229E,ISSSI
HCoV-229E,KSQSK
HCoV-229E,LAAL
HCoV-229E,LGGL
HCoV-229E,NFAFN
HCoV-229E,QALQ
HCoV-229E,RGTIL
HCoV-229E,RSGSR
HCoV-229E,SAAS
HCoV-229E,SGDA
HCoV-229E,TIGN
HCoV-229E,TNNT
HCoV-229E,VLLV
HCoV-229E,VNFNV
HCoV-229E,VPKPV
HCoV-229E,WSVY
HCoV-229E,YFNG
HCoV-229E,YTEVR
HCoV-229E,YYNG
HCoV-229E,DAIT
HCoV-229E,GCCG
HCoV-229E,IGGI
HCoV-229E,ISSSI
HCoV-229E,KSQSK
HCoV-229E,LAAL
HCoV-229E,LGGL
HCoV-229E,NFAFN
HCoV-229E,NGTN
HCoV-229E,QALQ
HCoV-229E,RGPGR
HCoV-229E,RGTIL
HCoV-229E,RSGSR
HCoV-229E,SAAS
HCoV-229E,SGDA
HCoV-229E,TIGN
HCoV-229E,TNNT
HCoV-229E,VLLV
HCoV-229E,VNFNV
HCoV-229E,VPKPV
HCoV-229E,YFNG
HCoV-229E,YTEVR
HCoV-229E,YYNG
HCoV-229E,DAIT
HCoV-229E,GCCG
HCoV-229E,GTGTG
HCoV-229E,IGGI
HCoV-229E,ISSSI
HCoV-229E,KSQSK
HCoV-229E,LAAL
HCoV-229E,LGGL
HCoV-229E,NFAFN
HCoV-229E,QALQ
HCoV-229E,RGTIL
HCoV-229E,RSGSR
HCoV-229E,SAAS
HCoV-229E,SGDA
HCoV-229E,TIGN
HCoV-229E,TNNT
HCoV-229E,VLLV
HCoV-229E,VNFNV
HCoV-229E,VPKPV
HCoV-229E,YFNG
HCoV-229E,YTEVR
HCoV-229E,YYNG
HCoV-229E,ASNV
HCoV-229E,GCCG
HCoV-229E,GFSS
HCoV-229E,GFSS
HCoV-229E,IGGI
HCoV-229E,ISVV
HCoV-229E,KGFS
HCoV-229E,LAAL
HCoV-229E,LGGL
HCoV-229E,LKDI
HCoV-229E,NLEA
HCoV-229E,QLRQ
HCoV-229E,SGDA
HCoV-229E,TIGN
HCoV-229E,TINV
HCoV-229E,TNNT
HCoV-229E,YFNG
HCoV-229E,YTIG
HCoV-229E,YYNG
HCoV-229E,DAIT
HCoV-229E,GCCG
HCoV-229E,IGGI
HCoV-229E,ISSSI
HCoV-229E,KSQSK
HCoV-229E,LAAL
HCoV-229E,LGGL
HCoV-229E,NFAFN
HCoV-229E,NGTN
HCoV-229E,QALQ
HCoV-229E,RGTIL
HCoV-229E,RSGSR
HCoV-229E,SAAS
HCoV-229E,SGDA
HCoV-229E,TIGN
HCoV-229E,TNNT
HCoV-229E,VLLV
HCoV-229E,VNFNV
HCoV-229E,VPKPV
HCoV-229E,YFNG
HCoV-229E,YTEVR
HCoV-229E,YYNG
HCoV-229E,GCCG
HCoV-229E,IGGI
HCoV-229E,ISSSI
HCoV-229E,KSQSK
HCoV-229E,LAAL
HCoV-229E,LGGL
HCoV-229E,NFAFN
HCoV-229E,QALQ
HCoV-229E,RGTIL
HCoV-229E,RSGSR
HCoV-229E,SAAS
HCoV-229E,SGDA
HCoV-229E,SSSI
HCoV-229E,THSV
HCoV-229E,TIGN
HCoV-229E,TNNT
HCoV-229E,VLLV
HCoV-229E,VNFNV
HCoV-229E,VPKPV
HCoV-229E,YFNG
HCoV-229E,YTEVR
HCoV-229E,YYNG
HCoV-229E,DAIT
HCoV-229E,GCCG
HCoV-229E,IGGI
HCoV-229E,ISSSI
HCoV-229E,KSQSK
HCoV-229E,LAAL
HCoV-229E,LGGL
HCoV-229E,NFAFN
HCoV-229E,NGTN
HCoV-229E,QALQ
HCoV-229E,RGTIL
HCoV-229E,RSGSR
HCoV-229E,SAAS
HCoV-229E,SGDA
HCoV-229E,TIGN
HCoV-229E,TNNT
HCoV-229E,VLLV
HCoV-229E,VNFNV
HCoV-229E,VPKPV
HCoV-229E,YFNG
HCoV-229E,YTEVR
HCoV-229E,YYNG
HCoV-229E,DAIT
HCoV-229E,GCCG
HCoV-229E,IGGI
HCoV-229E,ISSSI
HCoV-229E,KSQSK
HCoV-229E,LAAL
HCoV-229E,LGGL
HCoV-229E,NFAFN
HCoV-229E,QALQ
HCoV-229E,RGTIL
HCoV-229E,RSGSR
HCoV-229E,SAAS
HCoV-229E,SGDA
HCoV-229E,TIGN
HCoV-229E,TNNT
HCoV-229E,VLLV
HCoV-229E,VNFNV
HCoV-229E,VPKPV
HCoV-229E,YFNG
HCoV-229E,YTEVR
HCoV-229E,YYNG
HCoV-229E,DAIT
HCoV-229E,GCCG
HCoV-229E,GTGTG
HCoV-229E,IGGI
HCoV-229E,ISSSI
HCoV-229E,KSQSK
HCoV-229E,LAAL
HCoV-229E,LGGL
HCoV-229E,NFAFN
HCoV-229E,QALQ
HCoV-229E,RGTIL
HCoV-229E,RSGSR
HCoV-229E,SAAS
HCoV-229E,SGDA
HCoV-229E,TIGN
HCoV-229E,TNNT
HCoV-229E,VLLV
HCoV-229E,VNFNV
HCoV-229E,VPKPV
HCoV-229E,YFNG
HCoV-229E,YTEVR
HCoV-229E,YYNG
HCoV-229E,IGGI
HCoV-229E,LAAL
HCoV-229E,LGGL
HCoV-229E,NLLN
HCoV-229E,QALQ
HCoV-229E,YYNG
HCoV-229E,DAIT
HCoV-229E,GCCG
HCoV-229E,IGGI
HCoV-229E,ISSSI
HCoV-229E,KSQSK
HCoV-229E,LAAL
HCoV-229E,LGGL
HCoV-229E,NFAFN
HCoV-229E,NGTN
HCoV-229E,RGPGR
HCoV-229E,RGTIL
HCoV-229E,RSGSR
HCoV-229E,SAAS
HCoV-229E,SGDA
HCoV-229E,SGSR
HCoV-229E,TNNT
HCoV-229E,VLLV
HCoV-229E,VNFNV
HCoV-229E,VPKPV
HCoV-229E,YFNG
HCoV-229E,YTEVR
HCoV-229E,YYNG
HCoV-229E,DAIT
HCoV-229E,GCCG
HCoV-229E,IGGI
HCoV-229E,ISSSI
HCoV-229E,KSQSK
HCoV-229E,LAAL
HCoV-229E,LGGL
HCoV-229E,NFAFN
HCoV-229E,QALQ
HCoV-229E,RGPGR
HCoV-229E,RGTIL
HCoV-229E,RSGSR
HCoV-229E,SAAS
HCoV-229E,SGDA
HCoV-229E,SGSR
HCoV-229E,TIGN
HCoV-229E,TNNT
HCoV-229E,VLLV
HCoV-229E,VNFNV
HCoV-229E,VPKPV
HCoV-229E,YFNG
HCoV-229E,YTEVR
HCoV-229E,YYNG
HCoV-229E,XXXXXXXXXXXXXXXXXXXXXXXXXXXXXXXXXXXXXXXXXXXXXXXXXXXXXXXXXXXXXXXXXXXXXXXXXXXXXXXXXXXXXXXXXXXXXXXXXXXXXXXXXXXXXXXXXXXXXXXXXXXXXXXXXXXXXXXXXXXXXXXXXXXXXXXXXXXXXXXXXXXXXXXXXXXXXXXXXXXXXXXXXXXXXXXXXXXXXXXXXXXXXXXXXXXXXXXXXXXXXXXXXXXXXXXXXXXXXXX
HCoV-229E,XXXXXXXXXXXXXXXXXXXXXXXXXXXXXXXXXXXXXXXXXXXXXXXXXXXXXXXXXXXXXXXXXXXXXXXXXXXXXXXXXXXXXXXXXXXXXXXXXXXXXXXXXXXXXXXXXXXXXXXXXXXXXXXXXXXXXXXXXXXXXXXXXXXXXXXXXXXXXXXXXXXXXXXXXXXXXXXXXXXXXXXXXXXXXXXXXXXXXXXXXXXXXXXXXXXXXXXXXXXXXXXXXXXXXXXXXXXXXX
HCoV-229E,XXXXXXXXXXXXXXXXXXXXXXXXXXXXXXXXXXXXXXXXXXXXXXXXXXXXXXXXXXXXXXXXXXXXXXXXXXXXXXXXXXXXXXXXXXXXXXXXXXXXXXXXXXXXXXXXXXXXXXXXXXXXXXXXXXXXXXXXXXXXXXXXXXXXXXXXXXXXXXXXXXXXXXXXXXXXXXXXXXXXXXXXXXXXXXXXXXXXXXXXXXXXXXXXXXXXXXXXXXXXXXXXXXXXXXXXXXXXXX
HCoV-229E,XXXXXXXXXXXXXXXXXXXXXXXXXXXXXXXXXXXXXXXXXXXXXXXXXXXXXXXXXXXXXXXXXXXXXXXXXXXXXXXXXXXXXXXXXXXXXXXXXXXXXXXXXXXXXXXXXXXXXXXXXXXXXXXXXXXXXXXXXXXXXXXXXXXXXXXXXXXXXXXXXXXXXXXXXXXXXXXXXXXXXXXXXXXXXXXXXXXXXXXXXXXXXXXXXXXXXXXXXXXXXXXXXXXXXXXXXXXXX
HCoV-229E,XXXXXXXXXXXXXXXXXXXXXXXXXXXXXXXXXXXXXXXXXXXXXXXXXXXXXXXXXXXXXXXXXXXXXXXXXXXXXXXXXXXXXXXXXXXXXXXXXXXXXXXXXXXXXXXXXXXXXXXXXXXXXXXXXXXXXXXXXXXXXXXXXXXXXXXXXXXXXXXXXXXXXXXXXXXXXXXXXXXXXXXXXXXXXXXXXXXXXXXXXXXXXXXXXXXXXXXXXXXXXXXXXXXXXXXXXXXXX
HCoV-229E,XXXXXXXXXXXXXXXXXXXXXXXXXXXXXXXXXXXXXXXXXXXXXXXXXXXXXXXXXXXXXXXXXXXXXXXXXXXXXXXXXXXXXXXXXXXXXXXXXXXXXXXXXXXXXXXXXXXXXXXXXXXXXXXXXXXXXXXXXXXXXXXXXXXXXXXXXXXXXXXXXXXXXXXXXXXXXXXXXXXXXXXXXXXXXXXXXXXXXXXXXXXXXXXXXXXXXXXXXXXXXXXXXXXXXXXXXXXX
HCoV-229E,XXXXXXXXXXXXXXXXXXXXXXXXXXXXXXXXXXXXXXXXXXXXXXXXXXXXXXXXXXXXXXXXXXXXXXXXXXXXXXXXXXXXXXXXXXXXXXXXXXXXXXXXXXXXXXXXXXXXXXXXXXXXXXXXXXXXXXXXXXXXXXXXXXXXXXXXXXXXXXXXXXXXXXXXXXXXXXXXXXXXXXXXXXXXXXXXXXXXXXXXXXXXXXXXXXXXXXXXXXXXXXXXXXXXXXXXXXXX
HCoV-229E,XXXXXXXXXXXXXXXXXXXXXXXXXXXXXXXXXXXXXXXXXXXXXXXXXXXXXXXXXXXXXXXXXXXXXXXXXXXXXXXXXXXXXXXXXXXXXXXXXXXXXXXXXXXXXXXXXXXXXXXXXXXXXXXXXXXXXXXXXXXXXXXXXXXXXXXXXXXXXXXXXXXXXXXXXXXXXXXXXXXXXXXXXXXXXXXXXXXXXXXXXXXXXXXXXXXXXXXXXXXXXXXXXXXXXXXXXXX
HCoV-229E,XXXXXXXXXXXXXXXXXXXXXXXXXXXXXXXXXXXXXXXXXXXXXXXXXXXXXXXXXXXXXXXXXXXXXXXXXXXXXXXXXXXXXXXXXXXXXXXXXXXXXXXXXXXXXXXXXXXXXXXXXXXXXXXXXXXXXXXXXXXXXXXXXXXXXXXXXXXXXXXXXXXXXXXXXXXXXXXXXXXXXXXXXXXXXXXXXXXXXXXXXXXXXXXXXXXXXXXXXXXXXXXXXXXXXXXXXXX
HCoV-229E,XXXXXXXXXXXXXXXXXXXXXXXXXXXXXXXXXXXXXXXXXXXXXXXXXXXXXXXXXXXXXXXXXXXXXXXXXXXXXXXXXXXXXXXXXXXXXXXXXXXXXXXXXXXXXXXXXXXXXXXXXXXXXXXXXXXXXXXXXXXXXXXXXXXXXXXXXXXXXXXXXXXXXXXXXXXXXXXXXXXXXXXXXXXXXXXXXXXXXXXXXXXXXXXXXXXXXXXXXXXXXXXXXXXXXXXXXX
HCoV-229E,XXXXXXXXXXXXXXXXXXXXXXXXXXXXXXXXXXXXXXXXXXXXXXXXXXXXXXXXXXXXXXXXXXXXXXXXXXXXXXXXXXXXXXXXXXXXXXXXXXXXXXXXXXXXXXXXXXXXXXXXXXXXXXXXXXXXXXXXXXXXXXXXXXXXXXXXXXXXXXXXXXXXXXXXXXXXXXXXXXXXXXXXXXXXXXXXXXXXXXXXXXXXXXXXXXXXXXXXXXXXXXXXXXXXXXXXXX
HCoV-229E,XXXXXXXXXXXXXXXXXXXXXXXXXXXXXXXXXXXXXXXXXXXXXXXXXXXXXXXXXXXXXXXXXXXXXXXXXXXXXXXXXXXXXXXXXXXXXXXXXXXXXXXXXXXXXXXXXXXXXXXXXXXXXXXXXXXXXXXXXXXXXXXXXXXXXXXXXXXXXXXXXXXXXXXXXXXXXXXXXXXXXXXXXXXXXXXXXXXXXXXXXXXXXXXXXXXXXXXXXXXXXXXXXXXXXXXXX
HCoV-229E,XXXXXXXXXXXXXXXXXXXXXXXXXXXXXXXXXXXXXXXXXXXXXXXXXXXXXXXXXXXXXXXXXXXXXXXXXXXXXXXXXXXXXXXXXXXXXXXXXXXXXXXXXXXXXXXXXXXXXXXXXXXXXXXXXXXXXXXXXXXXXXXXXXXXXXXXXXXXXXXXXXXXXXXXXXXXXXXXXXXXXXXXXXXXXXXXXXXXXXXXXXXXXXXXXXXXXXXXXXXXXXXXXXXXXXXXX
HCoV-229E,XXXXXXXXXXXXXXXXXXXXXXXXXXXXXXXXXXXXXXXXXXXXXXXXXXXXXXXXXXXXXXXXXXXXXXXXXXXXXXXXXXXXXXXXXXXXXXXXXXXXXXXXXXXXXXXXXXXXXXXXXXXXXXXXXXXXXXXXXXXXXXXXXXXXXXXXXXXXXXXXXXXXXXXXXXXXXXXXXXXXXXXXXXXXXXXXXXXXXXXXXXXXXXXXXXXXXXXXXXXXXXXXXXXXXXXX
HCoV-229E,XXXXXXXXXXXXXXXXXXXXXXXXXXXXXXXXXXXXXXXXXXXXXXXXXXXXXXXXXXXXXXXXXXXXXXXXXXXXXXXXXXXXXXXXXXXXXXXXXXXXXXXXXXXXXXXXXXXXXXXXXXXXXXXXXXXXXXXXXXXXXXXXXXXXXXXXXXXXXXXXXXXXXXXXXXXXXXXXXXXXXXXXXXXXXXXXXXXXXXXXXXXXXXXXXXXXXXXXXXXXXXXXXXXXXXXX
HCoV-229E,XXXXXXXXXXXXXXXXXXXXXXXXXXXXXXXXXXXXXXXXXXXXXXXXXXXXXXXXXXXXXXXXXXXXXXXXXXXXXXXXXXXXXXXXXXXXXXXXXXXXXXXXXXXXXXXXXXXXXXXXXXXXXXXXXXXXXXXXXXXXXXXXXXXXXXXXXXXXXXXXXXXXXXXXXXXXXXXXXXXXXXXXXXXXXXXXXXXXXXXXXXXXXXXXXXXXXXXXXXXXXXXXXXXXXXX
HCoV-229E,XXXXXXXXXXXXXXXXXXXXXXXXXXXXXXXXXXXXXXXXXXXXXXXXXXXXXXXXXXXXXXXXXXXXXXXXXXXXXXXXXXXXXXXXXXXXXXXXXXXXXXXXXXXXXXXXXXXXXXXXXXXXXXXXXXXXXXXXXXXXXXXXXXXXXXXXXXXXXXXXXXXXXXXXXXXXXXXXXXXXXXXXXXXXXXXXXXXXXXXXXXXXXXXXXXXXXXXXXXXXXXXXXXXXXXX
HCoV-229E,XXXXXXXXXXXXXXXXXXXXXXXXXXXXXXXXXXXXXXXXXXXXXXXXXXXXXXXXXXXXXXXXXXXXXXXXXXXXXXXXXXXXXXXXXXXXXXXXXXXXXXXXXXXXXXXXXXXXXXXXXXXXXXXXXXXXXXXXXXXXXXXXXXXXXXXXXXXXXXXXXXXXXXXXXXXXXXXXXXXXXXXXXXXXXXXXXXXXXXXXXXXXXXXXXXXXXXXXXXXXXXXXXXXXXX
HCoV-229E,XXXXXXXXXXXXXXXXXXXXXXXXXXXXXXXXXXXXXXXXXXXXXXXXXXXXXXXXXXXXXXXXXXXXXXXXXXXXXXXXXXXXXXXXXXXXXXXXXXXXXXXXXXXXXXXXXXXXXXXXXXXXXXXXXXXXXXXXXXXXXXXXXXXXXXXXXXXXXXXXXXXXXXXXXXXXXXXXXXXXXXXXXXXXXXXXXXXXXXXXXXXXXXXXXXXXXXXXXXXXXXXXXXXXXX
HCoV-229E,XXXXXXXXXXXXXXXXXXXXXXXXXXXXXXXXXXXXXXXXXXXXXXXXXXXXXXXXXXXXXXXXXXXXXXXXXXXXXXXXXXXXXXXXXXXXXXXXXXXXXXXXXXXXXXXXXXXXXXXXXXXXXXXXXXXXXXXXXXXXXXXXXXXXXXXXXXXXXXXXXXXXXXXXXXXXXXXXXXXXXXXXXXXXXXXXXXXXXXXXXXXXXXXXXXXXXXXXXXXXXXXXXXXXX
HCoV-229E,XXXXXXXXXXXXXXXXXXXXXXXXXXXXXXXXXXXXXXXXXXXXXXXXXXXXXXXXXXXXXXXXXXXXXXXXXXXXXXXXXXXXXXXXXXXXXXXXXXXXXXXXXXXXXXXXXXXXXXXXXXXXXXXXXXXXXXXXXXXXXXXXXXXXXXXXXXXXXXXXXXXXXXXXXXXXXXXXXXXXXXXXXXXXXXXXXXXXXXXXXXXXXXXXXXXXXXXXXXXXXXXXXXXXX
HCoV-229E,XXXXXXXXXXXXXXXXXXXXXXXXXXXXXXXXXXXXXXXXXXXXXXXXXXXXXXXXXXXXXXXXXXXXXXXXXXXXXXXXXXXXXXXXXXXXXXXXXXXXXXXXXXXXXXXXXXXXXXXXXXXXXXXXXXXXXXXXXXXXXXXXXXXXXXXXXXXXXXXXXXXXXXXXXXXXXXXXXXXXXXXXXXXXXXXXXXXXXXXXXXXXXXXXXXXXXXXXXXXXXXXXXXXX
HCoV-229E,XXXXXXXXXXXXXXXXXXXXXXXXXXXXXXXXXXXXXXXXXXXXXXXXXXXXXXXXXXXXXXXXXXXXXXXXXXXXXXXXXXXXXXXXXXXXXXXXXXXXXXXXXXXXXXXXXXXXXXXXXXXXXXXXXXXXXXXXXXXXXXXXXXXXXXXXXXXXXXXXXXXXXXXXXXXXXXXXXXXXXXXXXXXXXXXXXXXXXXXXXXXXXXXXXXXXXXXXXXXXXXXXXXXX
HCoV-229E,XXXXXXXXXXXXXXXXXXXXXXXXXXXXXXXXXXXXXXXXXXXXXXXXXXXXXXXXXXXXXXXXXXXXXXXXXXXXXXXXXXXXXXXXXXXXXXXXXXXXXXXXXXXXXXXXXXXXXXXXXXXXXXXXXXXXXXXXXXXXXXXXXXXXXXXXXXXXXXXXXXXXXXXXXXXXXXXXXXXXXXXXXXXXXXXXXXXXXXXXXXXXXXXXXXXXXXXXXXXXXXXXXXX
HCoV-229E,XXXXXXXXXXXXXXXXXXXXXXXXXXXXXXXXXXXXXXXXXXXXXXXXXXXXXXXXXXXXXXXXXXXXXXXXXXXXXXXXXXXXXXXXXXXXXXXXXXXXXXXXXXXXXXXXXXXXXXXXXXXXXXXXXXXXXXXXXXXXXXXXXXXXXXXXXXXXXXXXXXXXXXXXXXXXXXXXXXXXXXXXXXXXXXXXXXXXXXXXXXXXXXXXXXXXXXXXXXXXXXXXXXX
HCoV-229E,XXXXXXXXXXXXXXXXXXXXXXXXXXXXXXXXXXXXXXXXXXXXXXXXXXXXXXXXXXXXXXXXXXXXXXXXXXXXXXXXXXXXXXXXXXXXXXXXXXXXXXXXXXXXXXXXXXXXXXXXXXXXXXXXXXXXXXXXXXXXXXXXXXXXXXXXXXXXXXXXXXXXXXXXXXXXXXXXXXXXXXXXXXXXXXXXXXXXXXXXXXXXXXXXXXXXXXXXXXXXXXXXXX
HCoV-229E,XXXXXXXXXXXXXXXXXXXXXXXXXXXXXXXXXXXXXXXXXXXXXXXXXXXXXXXXXXXXXXXXXXXXXXXXXXXXXXXXXXXXXXXXXXXXXXXXXXXXXXXXXXXXXXXXXXXXXXXXXXXXXXXXXXXXXXXXXXXXXXXXXXXXXXXXXXXXXXXXXXXXXXXXXXXXXXXXXXXXXXXXXXXXXXXXXXXXXXXXXXXXXXXXXXXXXXXXXXXXXXXXXX
HCoV-229E,XXXXXXXXXXXXXXXXXXXXXXXXXXXXXXXXXXXXXXXXXXXXXXXXXXXXXXXXXXXXXXXXXXXXXXXXXXXXXXXXXXXXXXXXXXXXXXXXXXXXXXXXXXXXXXXXXXXXXXXXXXXXXXXXXXXXXXXXXXXXXXXXXXXXXXXXXXXXXXXXXXXXXXXXXXXXXXXXXXXXXXXXXXXXXXXXXXXXXXXXXXXXXXXXXXXXXXXXXXXXXXXXX
HCoV-229E,XXXXXXXXXXXXXXXXXXXXXXXXXXXXXXXXXXXXXXXXXXXXXXXXXXXXXXXXXXXXXXXXXXXXXXXXXXXXXXXXXXXXXXXXXXXXXXXXXXXXXXXXXXXXXXXXXXXXXXXXXXXXXXXXXXXXXXXXXXXXXXXXXXXXXXXXXXXXXXXXXXXXXXXXXXXXXXXXXXXXXXXXXXXXXXXXXXXXXXXXXXXXXXXXXXXXXXXXXXXXXXXXX
HCoV-229E,XXXXXXXXXXXXXXXXXXXXXXXXXXXXXXXXXXXXXXXXXXXXXXXXXXXXXXXXXXXXXXXXXXXXXXXXXXXXXXXXXXXXXXXXXXXXXXXXXXXXXXXXXXXXXXXXXXXXXXXXXXXXXXXXXXXXXXXXXXXXXXXXXXXXXXXXXXXXXXXXXXXXXXXXXXXXXXXXXXXXXXXXXXXXXXXXXXXXXXXXXXXXXXXXXXXXXXXXXXXXXXXX
HCoV-229E,XXXXXXXXXXXXXXXXXXXXXXXXXXXXXXXXXXXXXXXXXXXXXXXXXXXXXXXXXXXXXXXXXXXXXXXXXXXXXXXXXXXXXXXXXXXXXXXXXXXXXXXXXXXXXXXXXXXXXXXXXXXXXXXXXXXXXXXXXXXXXXXXXXXXXXXXXXXXXXXXXXXXXXXXXXXXXXXXXXXXXXXXXXXXXXXXXXXXXXXXXXXXXXXXXXXXXXXXXXXXXXXX
HCoV-229E,XXXXXXXXXXXXXXXXXXXXXXXXXXXXXXXXXXXXXXXXXXXXXXXXXXXXXXXXXXXXXXXXXXXXXXXXXXXXXXXXXXXXXXXXXXXXXXXXXXXXXXXXXXXXXXXXXXXXXXXXXXXXXXXXXXXXXXXXXXXXXXXXXXXXXXXXXXXXXXXXXXXXXXXXXXXXXXXXXXXXXXXXXXXXXXXXXXXXXXXXXXXXXXXXXXXXXXXXXXXXXXX
HCoV-229E,XXXXXXXXXXXXXXXXXXXXXXXXXXXXXXXXXXXXXXXXXXXXXXXXXXXXXXXXXXXXXXXXXXXXXXXXXXXXXXXXXXXXXXXXXXXXXXXXXXXXXXXXXXXXXXXXXXXXXXXXXXXXXXXXXXXXXXXXXXXXXXXXXXXXXXXXXXXXXXXXXXXXXXXXXXXXXXXXXXXXXXXXXXXXXXXXXXXXXXXXXXXXXXXXXXXXXXXXXXXXXXX
HCoV-229E,XXXXXXXXXXXXXXXXXXXXXXXXXXXXXXXXXXXXXXXXXXXXXXXXXXXXXXXXXXXXXXXXXXXXXXXXXXXXXXXXXXXXXXXXXXXXXXXXXXXXXXXXXXXXXXXXXXXXXXXXXXXXXXXXXXXXXXXXXXXXXXXXXXXXXXXXXXXXXXXXXXXXXXXXXXXXXXXXXXXXXXXXXXXXXXXXXXXXXXXXXXXXXXXXXXXXXXXXXXXXXX
HCoV-229E,XXXXXXXXXXXXXXXXXXXXXXXXXXXXXXXXXXXXXXXXXXXXXXXXXXXXXXXXXXXXXXXXXXXXXXXXXXXXXXXXXXXXXXXXXXXXXXXXXXXXXXXXXXXXXXXXXXXXXXXXXXXXXXXXXXXXXXXXXXXXXXXXXXXXXXXXXXXXXXXXXXXXXXXXXXXXXXXXXXXXXXXXXXXXXXXXXXXXXXXXXXXXXXXXXXXXXXXXXXXXXX
HCoV-229E,XXXXXXXXXXXXXXXXXXXXXXXXXXXXXXXXXXXXXXXXXXXXXXXXXXXXXXXXXXXXXXXXXXXXXXXXXXXXXXXXXXXXXXXXXXXXXXXXXXXXXXXXXXXXXXXXXXXXXXXXXXXXXXXXXXXXXXXXXXXXXXXXXXXXXXXXXXXXXXXXXXXXXXXXXXXXXXXXXXXXXXXXXXXXXXXXXXXXXXXXXXXXXXXXXXXXXXXXXXXXX
HCoV-229E,XXXXXXXXXXXXXXXXXXXXXXXXXXXXXXXXXXXXXXXXXXXXXXXXXXXXXXXXXXXXXXXXXXXXXXXXXXXXXXXXXXXXXXXXXXXXXXXXXXXXXXXXXXXXXXXXXXXXXXXXXXXXXXXXXXXXXXXXXXXXXXXXXXXXXXXXXXXXXXXXXXXXXXXXXXXXXXXXXXXXXXXXXXXXXXXXXXXXXXXXXXXXXXXXXXXXXXXXXXXXX
HCoV-229E,XXXXXXXXXXXXXXXXXXXXXXXXXXXXXXXXXXXXXXXXXXXXXXXXXXXXXXXXXXXXXXXXXXXXXXXXXXXXXXXXXXXXXXXXXXXXXXXXXXXXXXXXXXXXXXXXXXXXXXXXXXXXXXXXXXXXXXXXXXXXXXXXXXXXXXXXXXXXXXXXXXXXXXXXXXXXXXXXXXXXXXXXXXXXXXXXXXXXXXXXXXXXXXXXXXXXXXXXXXXX
HCoV-229E,XXXXXXXXXXXXXXXXXXXXXXXXXXXXXXXXXXXXXXXXXXXXXXXXXXXXXXXXXXXXXXXXXXXXXXXXXXXXXXXXXXXXXXXXXXXXXXXXXXXXXXXXXXXXXXXXXXXXXXXXXXXXXXXXXXXXXXXXXXXXXXXXXXXXXXXXXXXXXXXXXXXXXXXXXXXXXXXXXXXXXXXXXXXXXXXXXXXXXXXXXXXXXXXXXXXXXXXXXXXX
HCoV-229E,XXXXXXXXXXXXXXXXXXXXXXXXXXXXXXXXXXXXXXXXXXXXXXXXXXXXXXXXXXXXXXXXXXXXXXXXXXXXXXXXXXXXXXXXXXXXXXXXXXXXXXXXXXXXXXXXXXXXXXXXXXXXXXXXXXXXXXXXXXXXXXXXXXXXXXXXXXXXXXXXXXXXXXXXXXXXXXXXXXXXXXXXXXXXXXXXXXXXXXXXXXXXXXXXXXXXXXXXXXX
HCoV-229E,XXXXXXXXXXXXXXXXXXXXXXXXXXXXXXXXXXXXXXXXXXXXXXXXXXXXXXXXXXXXXXXXXXXXXXXXXXXXXXXXXXXXXXXXXXXXXXXXXXXXXXXXXXXXXXXXXXXXXXXXXXXXXXXXXXXXXXXXXXXXXXXXXXXXXXXXXXXXXXXXXXXXXXXXXXXXXXXXXXXXXXXXXXXXXXXXXXXXXXXXXXXXXXXXXXXXXXXXXXX
HCoV-229E,XXXXXXXXXXXXXXXXXXXXXXXXXXXXXXXXXXXXXXXXXXXXXXXXXXXXXXXXXXXXXXXXXXXXXXXXXXXXXXXXXXXXXXXXXXXXXXXXXXXXXXXXXXXXXXXXXXXXXXXXXXXXXXXXXXXXXXXXXXXXXXXXXXXXXXXXXXXXXXXXXXXXXXXXXXXXXXXXXXXXXXXXXXXXXXXXXXXXXXXXXXXXXXXXXXXXXXXXXX
HCoV-229E,XXXXXXXXXXXXXXXXXXXXXXXXXXXXXXXXXXXXXXXXXXXXXXXXXXXXXXXXXXXXXXXXXXXXXXXXXXXXXXXXXXXXXXXXXXXXXXXXXXXXXXXXXXXXXXXXXXXXXXXXXXXXXXXXXXXXXXXXXXXXXXXXXXXXXXXXXXXXXXXXXXXXXXXXXXXXXXXXXXXXXXXXXXXXXXXXXXXXXXXXXXXXXXXXXXXXXXXXXX
HCoV-229E,XXXXXXXXXXXXXXXXXXXXXXXXXXXXXXXXXXXXXXXXXXXXXXXXXXXXXXXXXXXXXXXXXXXXXXXXXXXXXXXXXXXXXXXXXXXXXXXXXXXXXXXXXXXXXXXXXXXXXXXXXXXXXXXXXXXXXXXXXXXXXXXXXXXXXXXXXXXXXXXXXXXXXXXXXXXXXXXXXXXXXXXXXXXXXXXXXXXXXXXXXXXXXXXXXXXXXXXXX
HCoV-229E,XXXXXXXXXXXXXXXXXXXXXXXXXXXXXXXXXXXXXXXXXXXXXXXXXXXXXXXXXXXXXXXXXXXXXXXXXXXXXXXXXXXXXXXXXXXXXXXXXXXXXXXXXXXXXXXXXXXXXXXXXXXXXXXXXXXXXXXXXXXXXXXXXXXXXXXXXXXXXXXXXXXXXXXXXXXXXXXXXXXXXXXXXXXXXXXXXXXXXXXXXXXXXXXXXXXXXXXXX
HCoV-229E,XXXXXXXXXXXXXXXXXXXXXXXXXXXXXXXXXXXXXXXXXXXXXXXXXXXXXXXXXXXXXXXXXXXXXXXXXXXXXXXXXXXXXXXXXXXXXXXXXXXXXXXXXXXXXXXXXXXXXXXXXXXXXXXXXXXXXXXXXXXXXXXXXXXXXXXXXXXXXXXXXXXXXXXXXXXXXXXXXXXXXXXXXXXXXXXXXXXXXXXXXXXXXXXXXXXXXXXX
HCoV-229E,XXXXXXXXXXXXXXXXXXXXXXXXXXXXXXXXXXXXXXXXXXXXXXXXXXXXXXXXXXXXXXXXXXXXXXXXXXXXXXXXXXXXXXXXXXXXXXXXXXXXXXXXXXXXXXXXXXXXXXXXXXXXXXXXXXXXXXXXXXXXXXXXXXXXXXXXXXXXXXXXXXXXXXXXXXXXXXXXXXXXXXXXXXXXXXXXXXXXXXXXXXXXXXXXXXXXXXXX
HCoV-229E,XXXXXXXXXXXXXXXXXXXXXXXXXXXXXXXXXXXXXXXXXXXXXXXXXXXXXXXXXXXXXXXXXXXXXXXXXXXXXXXXXXXXXXXXXXXXXXXXXXXXXXXXXXXXXXXXXXXXXXXXXXXXXXXXXXXXXXXXXXXXXXXXXXXXXXXXXXXXXXXXXXXXXXXXXXXXXXXXXXXXXXXXXXXXXXXXXXXXXXXXXXXXXXXXXXXXXXX
HCoV-229E,XXXXXXXXXXXXXXXXXXXXXXXXXXXXXXXXXXXXXXXXXXXXXXXXXXXXXXXXXXXXXXXXXXXXXXXXXXXXXXXXXXXXXXXXXXXXXXXXXXXXXXXXXXXXXXXXXXXXXXXXXXXXXXXXXXXXXXXXXXXXXXXXXXXXXXXXXXXXXXXXXXXXXXXXXXXXXXXXXXXXXXXXXXXXXXXXXXXXXXXXXXXXXXXXXXXXXXX
HCoV-229E,XXXXXXXXXXXXXXXXXXXXXXXXXXXXXXXXXXXXXXXXXXXXXXXXXXXXXXXXXXXXXXXXXXXXXXXXXXXXXXXXXXXXXXXXXXXXXXXXXXXXXXXXXXXXXXXXXXXXXXXXXXXXXXXXXXXXXXXXXXXXXXXXXXXXXXXXXXXXXXXXXXXXXXXXXXXXXXXXXXXXXXXXXXXXXXXXXXXXXXXXXXXXXXXXXXXXXX
HCoV-229E,XXXXXXXXXXXXXXXXXXXXXXXXXXXXXXXXXXXXXXXXXXXXXXXXXXXXXXXXXXXXXXXXXXXXXXXXXXXXXXXXXXXXXXXXXXXXXXXXXXXXXXXXXXXXXXXXXXXXXXXXXXXXXXXXXXXXXXXXXXXXXXXXXXXXXXXXXXXXXXXXXXXXXXXXXXXXXXXXXXXXXXXXXXXXXXXXXXXXXXXXXXXXXXXXXXXXXX
HCoV-229E,XXXXXXXXXXXXXXXXXXXXXXXXXXXXXXXXXXXXXXXXXXXXXXXXXXXXXXXXXXXXXXXXXXXXXXXXXXXXXXXXXXXXXXXXXXXXXXXXXXXXXXXXXXXXXXXXXXXXXXXXXXXXXXXXXXXXXXXXXXXXXXXXXXXXXXXXXXXXXXXXXXXXXXXXXXXXXXXXXXXXXXXXXXXXXXXXXXXXXXXXXXXXXXXXXXXXX
HCoV-229E,XXXXXXXXXXXXXXXXXXXXXXXXXXXXXXXXXXXXXXXXXXXXXXXXXXXXXXXXXXXXXXXXXXXXXXXXXXXXXXXXXXXXXXXXXXXXXXXXXXXXXXXXXXXXXXXXXXXXXXXXXXXXXXXXXXXXXXXXXXXXXXXXXXXXXXXXXXXXXXXXXXXXXXXXXXXXXXXXXXXXXXXXXXXXXXXXXXXXXXXXXXXXXXXXXXXXX
HCoV-229E,XXXXXXXXXXXXXXXXXXXXXXXXXXXXXXXXXXXXXXXXXXXXXXXXXXXXXXXXXXXXXXXXXXXXXXXXXXXXXXXXXXXXXXXXXXXXXXXXXXXXXXXXXXXXXXXXXXXXXXXXXXXXXXXXXXXXXXXXXXXXXXXXXXXXXXXXXXXXXXXXXXXXXXXXXXXXXXXXXXXXXXXXXXXXXXXXXXXXXXXXXXXXXXXXXXXX
HCoV-229E,XXXXXXXXXXXXXXXXXXXXXXXXXXXXXXXXXXXXXXXXXXXXXXXXXXXXXXXXXXXXXXXXXXXXXXXXXXXXXXXXXXXXXXXXXXXXXXXXXXXXXXXXXXXXXXXXXXXXXXXXXXXXXXXXXXXXXXXXXXXXXXXXXXXXXXXXXXXXXXXXXXXXXXXXXXXXXXXXXXXXXXXXXXXXXXXXXXXXXXXXXXXXXXXXXXXX
HCoV-229E,XXXXXXXXXXXXXXXXXXXXXXXXXXXXXXXXXXXXXXXXXXXXXXXXXXXXXXXXXXXXXXXXXXXXXXXXXXXXXXXXXXXXXXXXXXXXXXXXXXXXXXXXXXXXXXXXXXXXXXXXXXXXXXXXXXXXXXXXXXXXXXXXXXXXXXXXXXXXXXXXXXXXXXXXXXXXXXXXXXXXXXXXXXXXXXXXXXXXXXXXXXXXXXXXXXX
HCoV-229E,XXXXXXXXXXXXXXXXXXXXXXXXXXXXXXXXXXXXXXXXXXXXXXXXXXXXXXXXXXXXXXXXXXXXXXXXXXXXXXXXXXXXXXXXXXXXXXXXXXXXXXXXXXXXXXXXXXXXXXXXXXXXXXXXXXXXXXXXXXXXXXXXXXXXXXXXXXXXXXXXXXXXXXXXXXXXXXXXXXXXXXXXXXXXXXXXXXXXXXXXXXXXXXXXXXX
HCoV-229E,XXXXXXXXXXXXXXXXXXXXXXXXXXXXXXXXXXXXXXXXXXXXXXXXXXXXXXXXXXXXXXXXXXXXXXXXXXXXXXXXXXXXXXXXXXXXXXXXXXXXXXXXXXXXXXXXXXXXXXXXXXXXXXXXXXXXXXXXXXXXXXXXXXXXXXXXXXXXXXXXXXXXXXXXXXXXXXXXXXXXXXXXXXXXXXXXXXXXXXXXXXXXXXXXXX
HCoV-229E,XXXXXXXXXXXXXXXXXXXXXXXXXXXXXXXXXXXXXXXXXXXXXXXXXXXXXXXXXXXXXXXXXXXXXXXXXXXXXXXXXXXXXXXXXXXXXXXXXXXXXXXXXXXXXXXXXXXXXXXXXXXXXXXXXXXXXXXXXXXXXXXXXXXXXXXXXXXXXXXXXXXXXXXXXXXXXXXXXXXXXXXXXXXXXXXXXXXXXXXXXXXXXXXXXX
HCoV-229E,XXXXXXXXXXXXXXXXXXXXXXXXXXXXXXXXXXXXXXXXXXXXXXXXXXXXXXXXXXXXXXXXXXXXXXXXXXXXXXXXXXXXXXXXXXXXXXXXXXXXXXXXXXXXXXXXXXXXXXXXXXXXXXXXXXXXXXXXXXXXXXXXXXXXXXXXXXXXXXXXXXXXXXXXXXXXXXXXXXXXXXXXXXXXXXXXXXXXXXXXXXXXXXXXX
HCoV-229E,XXXXXXXXXXXXXXXXXXXXXXXXXXXXXXXXXXXXXXXXXXXXXXXXXXXXXXXXXXXXXXXXXXXXXXXXXXXXXXXXXXXXXXXXXXXXXXXXXXXXXXXXXXXXXXXXXXXXXXXXXXXXXXXXXXXXXXXXXXXXXXXXXXXXXXXXXXXXXXXXXXXXXXXXXXXXXXXXXXXXXXXXXXXXXXXXXXXXXXXXXXXXXXXXX
HCoV-229E,XXXXXXXXXXXXXXXXXXXXXXXXXXXXXXXXXXXXXXXXXXXXXXXXXXXXXXXXXXXXXXXXXXXXXXXXXXXXXXXXXXXXXXXXXXXXXXXXXXXXXXXXXXXXXXXXXXXXXXXXXXXXXXXXXXXXXXXXXXXXXXXXXXXXXXXXXXXXXXXXXXXXXXXXXXXXXXXXXXXXXXXXXXXXXXXXXXXXXXXXXXXXXXXX
HCoV-229E,XXXXXXXXXXXXXXXXXXXXXXXXXXXXXXXXXXXXXXXXXXXXXXXXXXXXXXXXXXXXXXXXXXXXXXXXXXXXXXXXXXXXXXXXXXXXXXXXXXXXXXXXXXXXXXXXXXXXXXXXXXXXXXXXXXXXXXXXXXXXXXXXXXXXXXXXXXXXXXXXXXXXXXXXXXXXXXXXXXXXXXXXXXXXXXXXXXXXXXXXXXXXXXXX
HCoV-229E,XXXXXXXXXXXXXXXXXXXXXXXXXXXXXXXXXXXXXXXXXXXXXXXXXXXXXXXXXXXXXXXXXXXXXXXXXXXXXXXXXXXXXXXXXXXXXXXXXXXXXXXXXXXXXXXXXXXXXXXXXXXXXXXXXXXXXXXXXXXXXXXXXXXXXXXXXXXXXXXXXXXXXXXXXXXXXXXXXXXXXXXXXXXXXXXXXXXXXXXXXXXXXXX
HCoV-229E,XXXXXXXXXXXXXXXXXXXXXXXXXXXXXXXXXXXXXXXXXXXXXXXXXXXXXXXXXXXXXXXXXXXXXXXXXXXXXXXXXXXXXXXXXXXXXXXXXXXXXXXXXXXXXXXXXXXXXXXXXXXXXXXXXXXXXXXXXXXXXXXXXXXXXXXXXXXXXXXXXXXXXXXXXXXXXXXXXXXXXXXXXXXXXXXXXXXXXXXXXXXXXXX
HCoV-229E,XXXXXXXXXXXXXXXXXXXXXXXXXXXXXXXXXXXXXXXXXXXXXXXXXXXXXXXXXXXXXXXXXXXXXXXXXXXXXXXXXXXXXXXXXXXXXXXXXXXXXXXXXXXXXXXXXXXXXXXXXXXXXXXXXXXXXXXXXXXXXXXXXXXXXXXXXXXXXXXXXXXXXXXXXXXXXXXXXXXXXXXXXXXXXXXXXXXXXXXXXXXXXX
HCoV-229E,XXXXXXXXXXXXXXXXXXXXXXXXXXXXXXXXXXXXXXXXXXXXXXXXXXXXXXXXXXXXXXXXXXXXXXXXXXXXXXXXXXXXXXXXXXXXXXXXXXXXXXXXXXXXXXXXXXXXXXXXXXXXXXXXXXXXXXXXXXXXXXXXXXXXXXXXXXXXXXXXXXXXXXXXXXXXXXXXXXXXXXXXXXXXXXXXXXXXXXXXXXXXXX
HCoV-229E,XXXXXXXXXXXXXXXXXXXXXXXXXXXXXXXXXXXXXXXXXXXXXXXXXXXXXXXXXXXXXXXXXXXXXXXXXXXXXXXXXXXXXXXXXXXXXXXXXXXXXXXXXXXXXXXXXXXXXXXXXXXXXXXXXXXXXXXXXXXXXXXXXXXXXXXXXXXXXXXXXXXXXXXXXXXXXXXXXXXXXXXXXXXXXXXXXXXXXXXXXXXXX
HCoV-229E,XXXXXXXXXXXXXXXXXXXXXXXXXXXXXXXXXXXXXXXXXXXXXXXXXXXXXXXXXXXXXXXXXXXXXXXXXXXXXXXXXXXXXXXXXXXXXXXXXXXXXXXXXXXXXXXXXXXXXXXXXXXXXXXXXXXXXXXXXXXXXXXXXXXXXXXXXXXXXXXXXXXXXXXXXXXXXXXXXXXXXXXXXXXXXXXXXXXXXXXXXXXXX
HCoV-229E,XXXXXXXXXXXXXXXXXXXXXXXXXXXXXXXXXXXXXXXXXXXXXXXXXXXXXXXXXXXXXXXXXXXXXXXXXXXXXXXXXXXXXXXXXXXXXXXXXXXXXXXXXXXXXXXXXXXXXXXXXXXXXXXXXXXXXXXXXXXXXXXXXXXXXXXXXXXXXXXXXXXXXXXXXXXXXXXXXXXXXXXXXXXXXXXXXXXXXXXXXXXX
HCoV-229E,XXXXXXXXXXXXXXXXXXXXXXXXXXXXXXXXXXXXXXXXXXXXXXXXXXXXXXXXXXXXXXXXXXXXXXXXXXXXXXXXXXXXXXXXXXXXXXXXXXXXXXXXXXXXXXXXXXXXXXXXXXXXXXXXXXXXXXXXXXXXXXXXXXXXXXXXXXXXXXXXXXXXXXXXXXXXXXXXXXXXXXXXXXXXXXXXXXXXXXXXXXXX
HCoV-229E,XXXXXXXXXXXXXXXXXXXXXXXXXXXXXXXXXXXXXXXXXXXXXXXXXXXXXXXXXXXXXXXXXXXXXXXXXXXXXXXXXXXXXXXXXXXXXXXXXXXXXXXXXXXXXXXXXXXXXXXXXXXXXXXXXXXXXXXXXXXXXXXXXXXXXXXXXXXXXXXXXXXXXXXXXXXXXXXXXXXXXXXXXXXXXXXXXXXXXXXXXXX
HCoV-229E,XXXXXXXXXXXXXXXXXXXXXXXXXXXXXXXXXXXXXXXXXXXXXXXXXXXXXXXXXXXXXXXXXXXXXXXXXXXXXXXXXXXXXXXXXXXXXXXXXXXXXXXXXXXXXXXXXXXXXXXXXXXXXXXXXXXXXXXXXXXXXXXXXXXXXXXXXXXXXXXXXXXXXXXXXXXXXXXXXXXXXXXXXXXXXXXXXXXXXXXXXXX
HCoV-229E,XXXXXXXXXXXXXXXXXXXXXXXXXXXXXXXXXXXXXXXXXXXXXXXXXXXXXXXXXXXXXXXXXXXXXXXXXXXXXXXXXXXXXXXXXXXXXXXXXXXXXXXXXXXXXXXXXXXXXXXXXXXXXXXXXXXXXXXXXXXXXXXXXXXXXXXXXXXXXXXXXXXXXXXXXXXXXXXXXXXXXXXXXXXXXXXXXXXXXXXXXX
HCoV-229E,XXXXXXXXXXXXXXXXXXXXXXXXXXXXXXXXXXXXXXXXXXXXXXXXXXXXXXXXXXXXXXXXXXXXXXXXXXXXXXXXXXXXXXXXXXXXXXXXXXXXXXXXXXXXXXXXXXXXXXXXXXXXXXXXXXXXXXXXXXXXXXXXXXXXXXXXXXXXXXXXXXXXXXXXXXXXXXXXXXXXXXXXXXXXXXXXXXXXXXXXXX
HCoV-229E,XXXXXXXXXXXXXXXXXXXXXXXXXXXXXXXXXXXXXXXXXXXXXXXXXXXXXXXXXXXXXXXXXXXXXXXXXXXXXXXXXXXXXXXXXXXXXXXXXXXXXXXXXXXXXXXXXXXXXXXXXXXXXXXXXXXXXXXXXXXXXXXXXXXXXXXXXXXXXXXXXXXXXXXXXXXXXXXXXXXXXXXXXXXXXXXXXXXXXXXXX
HCoV-229E,XXXXXXXXXXXXXXXXXXXXXXXXXXXXXXXXXXXXXXXXXXXXXXXXXXXXXXXXXXXXXXXXXXXXXXXXXXXXXXXXXXXXXXXXXXXXXXXXXXXXXXXXXXXXXXXXXXXXXXXXXXXXXXXXXXXXXXXXXXXXXXXXXXXXXXXXXXXXXXXXXXXXXXXXXXXXXXXXXXXXXXXXXXXXXXXXXXXXXXXXX
HCoV-229E,XXXXXXXXXXXXXXXXXXXXXXXXXXXXXXXXXXXXXXXXXXXXXXXXXXXXXXXXXXXXXXXXXXXXXXXXXXXXXXXXXXXXXXXXXXXXXXXXXXXXXXXXXXXXXXXXXXXXXXXXXXXXXXXXXXXXXXXXXXXXXXXXXXXXXXXXXXXXXXXXXXXXXXXXXXXXXXXXXXXXXXXXXXXXXXXXXXXXXXXX
HCoV-229E,XXXXXXXXXXXXXXXXXXXXXXXXXXXXXXXXXXXXXXXXXXXXXXXXXXXXXXXXXXXXXXXXXXXXXXXXXXXXXXXXXXXXXXXXXXXXXXXXXXXXXXXXXXXXXXXXXXXXXXXXXXXXXXXXXXXXXXXXXXXXXXXXXXXXXXXXXXXXXXXXXXXXXXXXXXXXXXXXXXXXXXXXXXXXXXXXXXXXXXXX
HCoV-229E,XXXXXXXXXXXXXXXXXXXXXXXXXXXXXXXXXXXXXXXXXXXXXXXXXXXXXXXXXXXXXXXXXXXXXXXXXXXXXXXXXXXXXXXXXXXXXXXXXXXXXXXXXXXXXXXXXXXXXXXXXXXXXXXXXXXXXXXXXXXXXXXXXXXXXXXXXXXXXXXXXXXXXXXXXXXXXXXXXXXXXXXXXXXXXXXXXXXXXXX
HCoV-229E,XXXXXXXXXXXXXXXXXXXXXXXXXXXXXXXXXXXXXXXXXXXXXXXXXXXXXXXXXXXXXXXXXXXXXXXXXXXXXXXXXXXXXXXXXXXXXXXXXXXXXXXXXXXXXXXXXXXXXXXXXXXXXXXXXXXXXXXXXXXXXXXXXXXXXXXXXXXXXXXXXXXXXXXXXXXXXXXXXXXXXXXXXXXXXXXXXXXXXXX
HCoV-229E,XXXXXXXXXXXXXXXXXXXXXXXXXXXXXXXXXXXXXXXXXXXXXXXXXXXXXXXXXXXXXXXXXXXXXXXXXXXXXXXXXXXXXXXXXXXXXXXXXXXXXXXXXXXXXXXXXXXXXXXXXXXXXXXXXXXXXXXXXXXXXXXXXXXXXXXXXXXXXXXXXXXXXXXXXXXXXXXXXXXXXXXXXXXXXXXXXXXXXX
HCoV-229E,XXXXXXXXXXXXXXXXXXXXXXXXXXXXXXXXXXXXXXXXXXXXXXXXXXXXXXXXXXXXXXXXXXXXXXXXXXXXXXXXXXXXXXXXXXXXXXXXXXXXXXXXXXXXXXXXXXXXXXXXXXXXXXXXXXXXXXXXXXXXXXXXXXXXXXXXXXXXXXXXXXXXXXXXXXXXXXXXXXXXXXXXXXXXXXXXXXXXXX
HCoV-229E,XXXXXXXXXXXXXXXXXXXXXXXXXXXXXXXXXXXXXXXXXXXXXXXXXXXXXXXXXXXXXXXXXXXXXXXXXXXXXXXXXXXXXXXXXXXXXXXXXXXXXXXXXXXXXXXXXXXXXXXXXXXXXXXXXXXXXXXXXXXXXXXXXXXXXXXXXXXXXXXXXXXXXXXXXXXXXXXXXXXXXXXXXXXXXXXXXXXXX
HCoV-229E,XXXXXXXXXXXXXXXXXXXXXXXXXXXXXXXXXXXXXXXXXXXXXXXXXXXXXXXXXXXXXXXXXXXXXXXXXXXXXXXXXXXXXXXXXXXXXXXXXXXXXXXXXXXXXXXXXXXXXXXXXXXXXXXXXXXXXXXXXXXXXXXXXXXXXXXXXXXXXXXXXXXXXXXXXXXXXXXXXXXXXXXXXXXXXXXXXXXXX
HCoV-229E,XXXXXXXXXXXXXXXXXXXXXXXXXXXXXXXXXXXXXXXXXXXXXXXXXXXXXXXXXXXXXXXXXXXXXXXXXXXXXXXXXXXXXXXXXXXXXXXXXXXXXXXXXXXXXXXXXXXXXXXXXXXXXXXXXXXXXXXXXXXXXXXXXXXXXXXXXXXXXXXXXXXXXXXXXXXXXXXXXXXXXXXXXXXXXXXXXXXX
HCoV-229E,XXXXXXXXXXXXXXXXXXXXXXXXXXXXXXXXXXXXXXXXXXXXXXXXXXXXXXXXXXXXXXXXXXXXXXXXXXXXXXXXXXXXXXXXXXXXXXXXXXXXXXXXXXXXXXXXXXXXXXXXXXXXXXXXXXXXXXXXXXXXXXXXXXXXXXXXXXXXXXXXXXXXXXXXXXXXXXXXXXXXXXXXXXXXXXXXXXXX
HCoV-229E,XXXXXXXXXXXXXXXXXXXXXXXXXXXXXXXXXXXXXXXXXXXXXXXXXXXXXXXXXXXXXXXXXXXXXXXXXXXXXXXXXXXXXXXXXXXXXXXXXXXXXXXXXXXXXXXXXXXXXXXXXXXXXXXXXXXXXXXXXXXXXXXXXXXXXXXXXXXXXXXXXXXXXXXXXXXXXXXXXXXXXXXXXXXXXXXXXXX
HCoV-229E,XXXXXXXXXXXXXXXXXXXXXXXXXXXXXXXXXXXXXXXXXXXXXXXXXXXXXXXXXXXXXXXXXXXXXXXXXXXXXXXXXXXXXXXXXXXXXXXXXXXXXXXXXXXXXXXXXXXXXXXXXXXXXXXXXXXXXXXXXXXXXXXXXXXXXXXXXXXXXXXXXXXXXXXXXXXXXXXXXXXXXXXXXXXXXXXXXXX
HCoV-229E,XXXXXXXXXXXXXXXXXXXXXXXXXXXXXXXXXXXXXXXXXXXXXXXXXXXXXXXXXXXXXXXXXXXXXXXXXXXXXXXXXXXXXXXXXXXXXXXXXXXXXXXXXXXXXXXXXXXXXXXXXXXXXXXXXXXXXXXXXXXXXXXXXXXXXXXXXXXXXXXXXXXXXXXXXXXXXXXXXXXXXXXXXXXXXXXXXX
HCoV-229E,XXXXXXXXXXXXXXXXXXXXXXXXXXXXXXXXXXXXXXXXXXXXXXXXXXXXXXXXXXXXXXXXXXXXXXXXXXXXXXXXXXXXXXXXXXXXXXXXXXXXXXXXXXXXXXXXXXXXXXXXXXXXXXXXXXXXXXXXXXXXXXXXXXXXXXXXXXXXXXXXXXXXXXXXXXXXXXXXXXXXXXXXXXXXXXXXXX
HCoV-229E,XXXXXXXXXXXXXXXXXXXXXXXXXXXXXXXXXXXXXXXXXXXXXXXXXXXXXXXXXXXXXXXXXXXXXXXXXXXXXXXXXXXXXXXXXXXXXXXXXXXXXXXXXXXXXXXXXXXXXXXXXXXXXXXXXXXXXXXXXXXXXXXXXXXXXXXXXXXXXXXXXXXXXXXXXXXXXXXXXXXXXXXXXXXXXXXXX
HCoV-229E,XXXXXXXXXXXXXXXXXXXXXXXXXXXXXXXXXXXXXXXXXXXXXXXXXXXXXXXXXXXXXXXXXXXXXXXXXXXXXXXXXXXXXXXXXXXXXXXXXXXXXXXXXXXXXXXXXXXXXXXXXXXXXXXXXXXXXXXXXXXXXXXXXXXXXXXXXXXXXXXXXXXXXXXXXXXXXXXXXXXXXXXXXXXXXXXXX
HCoV-229E,XXXXXXXXXXXXXXXXXXXXXXXXXXXXXXXXXXXXXXXXXXXXXXXXXXXXXXXXXXXXXXXXXXXXXXXXXXXXXXXXXXXXXXXXXXXXXXXXXXXXXXXXXXXXXXXXXXXXXXXXXXXXXXXXXXXXXXXXXXXXXXXXXXXXXXXXXXXXXXXXXXXXXXXXXXXXXXXXXXXXXXXXXXXXXXXX
HCoV-229E,XXXXXXXXXXXXXXXXXXXXXXXXXXXXXXXXXXXXXXXXXXXXXXXXXXXXXXXXXXXXXXXXXXXXXXXXXXXXXXXXXXXXXXXXXXXXXXXXXXXXXXXXXXXXXXXXXXXXXXXXXXXXXXXXXXXXXXXXXXXXXXXXXXXXXXXXXXXXXXXXXXXXXXXXXXXXXXXXXXXXXXXXXXXXXXXX
HCoV-229E,XXXXXXXXXXXXXXXXXXXXXXXXXXXXXXXXXXXXXXXXXXXXXXXXXXXXXXXXXXXXXXXXXXXXXXXXXXXXXXXXXXXXXXXXXXXXXXXXXXXXXXXXXXXXXXXXXXXXXXXXXXXXXXXXXXXXXXXXXXXXXXXXXXXXXXXXXXXXXXXXXXXXXXXXXXXXXXXXXXXXXXXXXXXXXXX
HCoV-229E,XXXXXXXXXXXXXXXXXXXXXXXXXXXXXXXXXXXXXXXXXXXXXXXXXXXXXXXXXXXXXXXXXXXXXXXXXXXXXXXXXXXXXXXXXXXXXXXXXXXXXXXXXXXXXXXXXXXXXXXXXXXXXXXXXXXXXXXXXXXXXXXXXXXXXXXXXXXXXXXXXXXXXXXXXXXXXXXXXXXXXXXXXXXXXXX
HCoV-229E,XXXXXXXXXXXXXXXXXXXXXXXXXXXXXXXXXXXXXXXXXXXXXXXXXXXXXXXXXXXXXXXXXXXXXXXXXXXXXXXXXXXXXXXXXXXXXXXXXXXXXXXXXXXXXXXXXXXXXXXXXXXXXXXXXXXXXXXXXXXXXXXXXXXXXXXXXXXXXXXXXXXXXXXXXXXXXXXXXXXXXXXXXXXXXX
HCoV-229E,XXXXXXXXXXXXXXXXXXXXXXXXXXXXXXXXXXXXXXXXXXXXXXXXXXXXXXXXXXXXXXXXXXXXXXXXXXXXXXXXXXXXXXXXXXXXXXXXXXXXXXXXXXXXXXXXXXXXXXXXXXXXXXXXXXXXXXXXXXXXXXXXXXXXXXXXXXXXXXXXXXXXXXXXXXXXXXXXXXXXXXXXXXXXXX
HCoV-229E,XXXXXXXXXXXXXXXXXXXXXXXXXXXXXXXXXXXXXXXXXXXXXXXXXXXXXXXXXXXXXXXXXXXXXXXXXXXXXXXXXXXXXXXXXXXXXXXXXXXXXXXXXXXXXXXXXXXXXXXXXXXXXXXXXXXXXXXXXXXXXXXXXXXXXXXXXXXXXXXXXXXXXXXXXXXXXXXXXXXXXXXXXXXXX
HCoV-229E,XXXXXXXXXXXXXXXXXXXXXXXXXXXXXXXXXXXXXXXXXXXXXXXXXXXXXXXXXXXXXXXXXXXXXXXXXXXXXXXXXXXXXXXXXXXXXXXXXXXXXXXXXXXXXXXXXXXXXXXXXXXXXXXXXXXXXXXXXXXXXXXXXXXXXXXXXXXXXXXXXXXXXXXXXXXXXXXXXXXXXXXXXXXXX
HCoV-229E,XXXXXXXXXXXXXXXXXXXXXXXXXXXXXXXXXXXXXXXXXXXXXXXXXXXXXXXXXXXXXXXXXXXXXXXXXXXXXXXXXXXXXXXXXXXXXXXXXXXXXXXXXXXXXXXXXXXXXXXXXXXXXXXXXXXXXXXXXXXXXXXXXXXXXXXXXXXXXXXXXXXXXXXXXXXXXXXXXXXXXXXXXXXX
HCoV-229E,XXXXXXXXXXXXXXXXXXXXXXXXXXXXXXXXXXXXXXXXXXXXXXXXXXXXXXXXXXXXXXXXXXXXXXXXXXXXXXXXXXXXXXXXXXXXXXXXXXXXXXXXXXXXXXXXXXXXXXXXXXXXXXXXXXXXXXXXXXXXXXXXXXXXXXXXXXXXXXXXXXXXXXXXXXXXXXXXXXXXXXXXXXXX
HCoV-229E,XXXXXXXXXXXXXXXXXXXXXXXXXXXXXXXXXXXXXXXXXXXXXXXXXXXXXXXXXXXXXXXXXXXXXXXXXXXXXXXXXXXXXXXXXXXXXXXXXXXXXXXXXXXXXXXXXXXXXXXXXXXXXXXXXXXXXXXXXXXXXXXXXXXXXXXXXXXXXXXXXXXXXXXXXXXXXXXXXXXXXXXXXXX
HCoV-229E,XXXXXXXXXXXXXXXXXXXXXXXXXXXXXXXXXXXXXXXXXXXXXXXXXXXXXXXXXXXXXXXXXXXXXXXXXXXXXXXXXXXXXXXXXXXXXXXXXXXXXXXXXXXXXXXXXXXXXXXXXXXXXXXXXXXXXXXXXXXXXXXXXXXXXXXXXXXXXXXXXXXXXXXXXXXXXXXXXXXXXXXXXXX
HCoV-229E,XXXXXXXXXXXXXXXXXXXXXXXXXXXXXXXXXXXXXXXXXXXXXXXXXXXXXXXXXXXXXXXXXXXXXXXXXXXXXXXXXXXXXXXXXXXXXXXXXXXXXXXXXXXXXXXXXXXXXXXXXXXXXXXXXXXXXXXXXXXXXXXXXXXXXXXXXXXXXXXXXXXXXXXXXXXXXXXXXXXXXXXXXX
HCoV-229E,XXXXXXXXXXXXXXXXXXXXXXXXXXXXXXXXXXXXXXXXXXXXXXXXXXXXXXXXXXXXXXXXXXXXXXXXXXXXXXXXXXXXXXXXXXXXXXXXXXXXXXXXXXXXXXXXXXXXXXXXXXXXXXXXXXXXXXXXXXXXXXXXXXXXXXXXXXXXXXXXXXXXXXXXXXXXXXXXXXXXXXXXXX
HCoV-229E,XXXXXXXXXXXXXXXXXXXXXXXXXXXXXXXXXXXXXXXXXXXXXXXXXXXXXXXXXXXXXXXXXXXXXXXXXXXXXXXXXXXXXXXXXXXXXXXXXXXXXXXXXXXXXXXXXXXXXXXXXXXXXXXXXXXXXXXXXXXXXXXXXXXXXXXXXXXXXXXXXXXXXXXXXXXXXXXXXXXXXXXXX
HCoV-229E,XXXXXXXXXXXXXXXXXXXXXXXXXXXXXXXXXXXXXXXXXXXXXXXXXXXXXXXXXXXXXXXXXXXXXXXXXXXXXXXXXXXXXXXXXXXXXXXXXXXXXXXXXXXXXXXXXXXXXXXXXXXXXXXXXXXXXXXXXXXXXXXXXXXXXXXXXXXXXXXXXXXXXXXXXXXXXXXXXXXXXXXXX
HCoV-229E,XXXXXXXXXXXXXXXXXXXXXXXXXXXXXXXXXXXXXXXXXXXXXXXXXXXXXXXXXXXXXXXXXXXXXXXXXXXXXXXXXXXXXXXXXXXXXXXXXXXXXXXXXXXXXXXXXXXXXXXXXXXXXXXXXXXXXXXXXXXXXXXXXXXXXXXXXXXXXXXXXXXXXXXXXXXXXXXXXXXXXXXX
HCoV-229E,XXXXXXXXXXXXXXXXXXXXXXXXXXXXXXXXXXXXXXXXXXXXXXXXXXXXXXXXXXXXXXXXXXXXXXXXXXXXXXXXXXXXXXXXXXXXXXXXXXXXXXXXXXXXXXXXXXXXXXXXXXXXXXXXXXXXXXXXXXXXXXXXXXXXXXXXXXXXXXXXXXXXXXXXXXXXXXXXXXXXXXXX
HCoV-229E,XXXXXXXXXXXXXXXXXXXXXXXXXXXXXXXXXXXXXXXXXXXXXXXXXXXXXXXXXXXXXXXXXXXXXXXXXXXXXXXXXXXXXXXXXXXXXXXXXXXXXXXXXXXXXXXXXXXXXXXXXXXXXXXXXXXXXXXXXXXXXXXXXXXXXXXXXXXXXXXXXXXXXXXXXXXXXXXXXXXXXXX
HCoV-229E,XXXXXXXXXXXXXXXXXXXXXXXXXXXXXXXXXXXXXXXXXXXXXXXXXXXXXXXXXXXXXXXXXXXXXXXXXXXXXXXXXXXXXXXXXXXXXXXXXXXXXXXXXXXXXXXXXXXXXXXXXXXXXXXXXXXXXXXXXXXXXXXXXXXXXXXXXXXXXXXXXXXXXXXXXXXXXXXXXXXXXXX
HCoV-229E,XXXXXXXXXXXXXXXXXXXXXXXXXXXXXXXXXXXXXXXXXXXXXXXXXXXXXXXXXXXXXXXXXXXXXXXXXXXXXXXXXXXXXXXXXXXXXXXXXXXXXXXXXXXXXXXXXXXXXXXXXXXXXXXXXXXXXXXXXXXXXXXXXXXXXXXXXXXXXXXXXXXXXXXXXXXXXXXXXXXXXX
HCoV-229E,XXXXXXXXXXXXXXXXXXXXXXXXXXXXXXXXXXXXXXXXXXXXXXXXXXXXXXXXXXXXXXXXXXXXXXXXXXXXXXXXXXXXXXXXXXXXXXXXXXXXXXXXXXXXXXXXXXXXXXXXXXXXXXXXXXXXXXXXXXXXXXXXXXXXXXXXXXXXXXXXXXXXXXXXXXXXXXXXXXXXXX
HCoV-229E,XXXXXXXXXXXXXXXXXXXXXXXXXXXXXXXXXXXXXXXXXXXXXXXXXXXXXXXXXXXXXXXXXXXXXXXXXXXXXXXXXXXXXXXXXXXXXXXXXXXXXXXXXXXXXXXXXXXXXXXXXXXXXXXXXXXXXXXXXXXXXXXXXXXXXXXXXXXXXXXXXXXXXXXXXXXXXXXXXXXXX
HCoV-229E,XXXXXXXXXXXXXXXXXXXXXXXXXXXXXXXXXXXXXXXXXXXXXXXXXXXXXXXXXXXXXXXXXXXXXXXXXXXXXXXXXXXXXXXXXXXXXXXXXXXXXXXXXXXXXXXXXXXXXXXXXXXXXXXXXXXXXXXXXXXXXXXXXXXXXXXXXXXXXXXXXXXXXXXXXXXXXXXXXXXXX
HCoV-229E,XXXXXXXXXXXXXXXXXXXXXXXXXXXXXXXXXXXXXXXXXXXXXXXXXXXXXXXXXXXXXXXXXXXXXXXXXXXXXXXXXXXXXXXXXXXXXXXXXXXXXXXXXXXXXXXXXXXXXXXXXXXXXXXXXXXXXXXXXXXXXXXXXXXXXXXXXXXXXXXXXXXXXXXXXXXXXXXXXXXX
HCoV-229E,XXXXXXXXXXXXXXXXXXXXXXXXXXXXXXXXXXXXXXXXXXXXXXXXXXXXXXXXXXXXXXXXXXXXXXXXXXXXXXXXXXXXXXXXXXXXXXXXXXXXXXXXXXXXXXXXXXXXXXXXXXXXXXXXXXXXXXXXXXXXXXXXXXXXXXXXXXXXXXXXXXXXXXXXXXXXXXXXXXXX
HCoV-229E,XXXXXXXXXXXXXXXXXXXXXXXXXXXXXXXXXXXXXXXXXXXXXXXXXXXXXXXXXXXXXXXXXXXXXXXXXXXXXXXXXXXXXXXXXXXXXXXXXXXXXXXXXXXXXXXXXXXXXXXXXXXXXXXXXXXXXXXXXXXXXXXXXXXXXXXXXXXXXXXXXXXXXXXXXXXXXXXXXXX
HCoV-229E,XXXXXXXXXXXXXXXXXXXXXXXXXXXXXXXXXXXXXXXXXXXXXXXXXXXXXXXXXXXXXXXXXXXXXXXXXXXXXXXXXXXXXXXXXXXXXXXXXXXXXXXXXXXXXXXXXXXXXXXXXXXXXXXXXXXXXXXXXXXXXXXXXXXXXXXXXXXXXXXXXXXXXXXXXXXXXXXXXXX
HCoV-229E,XXXXXXXXXXXXXXXXXXXXXXXXXXXXXXXXXXXXXXXXXXXXXXXXXXXXXXXXXXXXXXXXXXXXXXXXXXXXXXXXXXXXXXXXXXXXXXXXXXXXXXXXXXXXXXXXXXXXXXXXXXXXXXXXXXXXXXXXXXXXXXXXXXXXXXXXXXXXXXXXXXXXXXXXXXXXXXXXXX
HCoV-229E,XXXXXXXXXXXXXXXXXXXXXXXXXXXXXXXXXXXXXXXXXXXXXXXXXXXXXXXXXXXXXXXXXXXXXXXXXXXXXXXXXXXXXXXXXXXXXXXXXXXXXXXXXXXXXXXXXXXXXXXXXXXXXXXXXXXXXXXXXXXXXXXXXXXXXXXXXXXXXXXXXXXXXXXXXXXXXXXXXX
HCoV-229E,XXXXXXXXXXXXXXXXXXXXXXXXXXXXXXXXXXXXXXXXXXXXXXXXXXXXXXXXXXXXXXXXXXXXXXXXXXXXXXXXXXXXXXXXXXXXXXXXXXXXXXXXXXXXXXXXXXXXXXXXXXXXXXXXXXXXXXXXXXXXXXXXXXXXXXXXXXXXXXXXXXXXXXXXXXXXXXXXX
HCoV-229E,XXXXXXXXXXXXXXXXXXXXXXXXXXXXXXXXXXXXXXXXXXXXXXXXXXXXXXXXXXXXXXXXXXXXXXXXXXXXXXXXXXXXXXXXXXXXXXXXXXXXXXXXXXXXXXXXXXXXXXXXXXXXXXXXXXXXXXXXXXXXXXXXXXXXXXXXXXXXXXXXXXXXXXXXXXXXXXXXX
HCoV-229E,XXXXXXXXXXXXXXXXXXXXXXXXXXXXXXXXXXXXXXXXXXXXXXXXXXXXXXXXXXXXXXXXXXXXXXXXXXXXXXXXXXXXXXXXXXXXXXXXXXXXXXXXXXXXXXXXXXXXXXXXXXXXXXXXXXXXXXXXXXXXXXXXXXXXXXXXXXXXXXXXXXXXXXXXXXXXXXXX
HCoV-229E,XXXXXXXXXXXXXXXXXXXXXXXXXXXXXXXXXXXXXXXXXXXXXXXXXXXXXXXXXXXXXXXXXXXXXXXXXXXXXXXXXXXXXXXXXXXXXXXXXXXXXXXXXXXXXXXXXXXXXXXXXXXXXXXXXXXXXXXXXXXXXXXXXXXXXXXXXXXXXXXXXXXXXXXXXXXXXXXX
HCoV-229E,XXXXXXXXXXXXXXXXXXXXXXXXXXXXXXXXXXXXXXXXXXXXXXXXXXXXXXXXXXXXXXXXXXXXXXXXXXXXXXXXXXXXXXXXXXXXXXXXXXXXXXXXXXXXXXXXXXXXXXXXXXXXXXXXXXXXXXXXXXXXXXXXXXXXXXXXXXXXXXXXXXXXXXXXXXXXXXX
HCoV-229E,XXXXXXXXXXXXXXXXXXXXXXXXXXXXXXXXXXXXXXXXXXXXXXXXXXXXXXXXXXXXXXXXXXXXXXXXXXXXXXXXXXXXXXXXXXXXXXXXXXXXXXXXXXXXXXXXXXXXXXXXXXXXXXXXXXXXXXXXXXXXXXXXXXXXXXXXXXXXXXXXXXXXXXXXXXXXXXX
HCoV-229E,XXXXXXXXXXXXXXXXXXXXXXXXXXXXXXXXXXXXXXXXXXXXXXXXXXXXXXXXXXXXXXXXXXXXXXXXXXXXXXXXXXXXXXXXXXXXXXXXXXXXXXXXXXXXXXXXXXXXXXXXXXXXXXXXXXXXXXXXXXXXXXXXXXXXXXXXXXXXXXXXXXXXXXXXXXXXXX
HCoV-229E,XXXXXXXXXXXXXXXXXXXXXXXXXXXXXXXXXXXXXXXXXXXXXXXXXXXXXXXXXXXXXXXXXXXXXXXXXXXXXXXXXXXXXXXXXXXXXXXXXXXXXXXXXXXXXXXXXXXXXXXXXXXXXXXXXXXXXXXXXXXXXXXXXXXXXXXXXXXXXXXXXXXXXXXXXXXXXX
HCoV-229E,XXXXXXXXXXXXXXXXXXXXXXXXXXXXXXXXXXXXXXXXXXXXXXXXXXXXXXXXXXXXXXXXXXXXXXXXXXXXXXXXXXXXXXXXXXXXXXXXXXXXXXXXXXXXXXXXXXXXXXXXXXXXXXXXXXXXXXXXXXXXXXXXXXXXXXXXXXXXXXXXXXXXXXXXXXXXX
HCoV-229E,XXXXXXXXXXXXXXXXXXXXXXXXXXXXXXXXXXXXXXXXXXXXXXXXXXXXXXXXXXXXXXXXXXXXXXXXXXXXXXXXXXXXXXXXXXXXXXXXXXXXXXXXXXXXXXXXXXXXXXXXXXXXXXXXXXXXXXXXXXXXXXXXXXXXXXXXXXXXXXXXXXXXXXXXXXXXX
HCoV-229E,XXXXXXXXXXXXXXXXXXXXXXXXXXXXXXXXXXXXXXXXXXXXXXXXXXXXXXXXXXXXXXXXXXXXXXXXXXXXXXXXXXXXXXXXXXXXXXXXXXXXXXXXXXXXXXXXXXXXXXXXXXXXXXXXXXXXXXXXXXXXXXXXXXXXXXXXXXXXXXXXXXXXXXXXXXXX
HCoV-229E,XXXXXXXXXXXXXXXXXXXXXXXXXXXXXXXXXXXXXXXXXXXXXXXXXXXXXXXXXXXXXXXXXXXXXXXXXXXXXXXXXXXXXXXXXXXXXXXXXXXXXXXXXXXXXXXXXXXXXXXXXXXXXXXXXXXXXXXXXXXXXXXXXXXXXXXXXXXXXXXXXXXXXXXXXXXX
HCoV-229E,XXXXXXXXXXXXXXXXXXXXXXXXXXXXXXXXXXXXXXXXXXXXXXXXXXXXXXXXXXXXXXXXXXXXXXXXXXXXXXXXXXXXXXXXXXXXXXXXXXXXXXXXXXXXXXXXXXXXXXXXXXXXXXXXXXXXXXXXXXXXXXXXXXXXXXXXXXXXXXXXXXXXXXXXXXX
HCoV-229E,XXXXXXXXXXXXXXXXXXXXXXXXXXXXXXXXXXXXXXXXXXXXXXXXXXXXXXXXXXXXXXXXXXXXXXXXXXXXXXXXXXXXXXXXXXXXXXXXXXXXXXXXXXXXXXXXXXXXXXXXXXXXXXXXXXXXXXXXXXXXXXXXXXXXXXXXXXXXXXXXXXXXXXXXXXX
HCoV-229E,XXXXXXXXXXXXXXXXXXXXXXXXXXXXXXXXXXXXXXXXXXXXXXXXXXXXXXXXXXXXXXXXXXXXXXXXXXXXXXXXXXXXXXXXXXXXXXXXXXXXXXXXXXXXXXXXXXXXXXXXXXXXXXXXXXXXXXXXXXXXXXXXXXXXXXXXXXXXXXXXXXXXXXXXXX
HCoV-229E,XXXXXXXXXXXXXXXXXXXXXXXXXXXXXXXXXXXXXXXXXXXXXXXXXXXXXXXXXXXXXXXXXXXXXXXXXXXXXXXXXXXXXXXXXXXXXXXXXXXXXXXXXXXXXXXXXXXXXXXXXXXXXXXXXXXXXXXXXXXXXXXXXXXXXXXXXXXXXXXXXXXXXXXXXX
HCoV-229E,XXXXXXXXXXXXXXXXXXXXXXXXXXXXXXXXXXXXXXXXXXXXXXXXXXXXXXXXXXXXXXXXXXXXXXXXXXXXXXXXXXXXXXXXXXXXXXXXXXXXXXXXXXXXXXXXXXXXXXXXXXXXXXXXXXXXXXXXXXXXXXXXXXXXXXXXXXXXXXXXXXXXXXXXX
HCoV-229E,XXXXXXXXXXXXXXXXXXXXXXXXXXXXXXXXXXXXXXXXXXXXXXXXXXXXXXXXXXXXXXXXXXXXXXXXXXXXXXXXXXXXXXXXXXXXXXXXXXXXXXXXXXXXXXXXXXXXXXXXXXXXXXXXXXXXXXXXXXXXXXXXXXXXXXXXXXXXXXXXXXXXXXXXX
HCoV-229E,XXXXXXXXXXXXXXXXXXXXXXXXXXXXXXXXXXXXXXXXXXXXXXXXXXXXXXXXXXXXXXXXXXXXXXXXXXXXXXXXXXXXXXXXXXXXXXXXXXXXXXXXXXXXXXXXXXXXXXXXXXXXXXXXXXXXXXXXXXXXXXXXXXXXXXXXXXXXXXXXXXXXXXXX
HCoV-229E,XXXXXXXXXXXXXXXXXXXXXXXXXXXXXXXXXXXXXXXXXXXXXXXXXXXXXXXXXXXXXXXXXXXXXXXXXXXXXXXXXXXXXXXXXXXXXXXXXXXXXXXXXXXXXXXXXXXXXXXXXXXXXXXXXXXXXXXXXXXXXXXXXXXXXXXXXXXXXXXXXXXXXXXX
HCoV-229E,XXXXXXXXXXXXXXXXXXXXXXXXXXXXXXXXXXXXXXXXXXXXXXXXXXXXXXXXXXXXXXXXXXXXXXXXXXXXXXXXXXXXXXXXXXXXXXXXXXXXXXXXXXXXXXXXXXXXXXXXXXXXXXXXXXXXXXXXXXXXXXXXXXXXXXXXXXXXXXXXXXXXXXX
HCoV-229E,XXXXXXXXXXXXXXXXXXXXXXXXXXXXXXXXXXXXXXXXXXXXXXXXXXXXXXXXXXXXXXXXXXXXXXXXXXXXXXXXXXXXXXXXXXXXXXXXXXXXXXXXXXXXXXXXXXXXXXXXXXXXXXXXXXXXXXXXXXXXXXXXXXXXXXXXXXXXXXXXXXXXXXX
HCoV-229E,XXXXXXXXXXXXXXXXXXXXXXXXXXXXXXXXXXXXXXXXXXXXXXXXXXXXXXXXXXXXXXXXXXXXXXXXXXXXXXXXXXXXXXXXXXXXXXXXXXXXXXXXXXXXXXXXXXXXXXXXXXXXXXXXXXXXXXXXXXXXXXXXXXXXXXXXXXXXXXXXXXXXXX
HCoV-229E,XXXXXXXXXXXXXXXXXXXXXXXXXXXXXXXXXXXXXXXXXXXXXXXXXXXXXXXXXXXXXXXXXXXXXXXXXXXXXXXXXXXXXXXXXXXXXXXXXXXXXXXXXXXXXXXXXXXXXXXXXXXXXXXXXXXXXXXXXXXXXXXXXXXXXXXXXXXXXXXXXXXXXX
HCoV-229E,XXXXXXXXXXXXXXXXXXXXXXXXXXXXXXXXXXXXXXXXXXXXXXXXXXXXXXXXXXXXXXXXXXXXXXXXXXXXXXXXXXXXXXXXXXXXXXXXXXXXXXXXXXXXXXXXXXXXXXXXXXXXXXXXXXXXXXXXXXXXXXXXXXXXXXXXXXXXXXXXXXXXX
HCoV-229E,XXXXXXXXXXXXXXXXXXXXXXXXXXXXXXXXXXXXXXXXXXXXXXXXXXXXXXXXXXXXXXXXXXXXXXXXXXXXXXXXXXXXXXXXXXXXXXXXXXXXXXXXXXXXXXXXXXXXXXXXXXXXXXXXXXXXXXXXXXXXXXXXXXXXXXXXXXXXXXXXXXXXX
HCoV-229E,XXXXXXXXXXXXXXXXXXXXXXXXXXXXXXXXXXXXXXXXXXXXXXXXXXXXXXXXXXXXXXXXXXXXXXXXXXXXXXXXXXXXXXXXXXXXXXXXXXXXXXXXXXXXXXXXXXXXXXXXXXXXXXXXXXXXXXXXXXXXXXXXXXXXXXXXXXXXXXXXXXXX
HCoV-229E,XXXXXXXXXXXXXXXXXXXXXXXXXXXXXXXXXXXXXXXXXXXXXXXXXXXXXXXXXXXXXXXXXXXXXXXXXXXXXXXXXXXXXXXXXXXXXXXXXXXXXXXXXXXXXXXXXXXXXXXXXXXXXXXXXXXXXXXXXXXXXXXXXXXXXXXXXXXXXXXXXXXX
HCoV-229E,XXXXXXXXXXXXXXXXXXXXXXXXXXXXXXXXXXXXXXXXXXXXXXXXXXXXXXXXXXXXXXXXXXXXXXXXXXXXXXXXXXXXXXXXXXXXXXXXXXXXXXXXXXXXXXXXXXXXXXXXXXXXXXXXXXXXXXXXXXXXXXXXXXXXXXXXXXXXXXXXXXX
HCoV-229E,XXXXXXXXXXXXXXXXXXXXXXXXXXXXXXXXXXXXXXXXXXXXXXXXXXXXXXXXXXXXXXXXXXXXXXXXXXXXXXXXXXXXXXXXXXXXXXXXXXXXXXXXXXXXXXXXXXXXXXXXXXXXXXXXXXXXXXXXXXXXXXXXXXXXXXXXXXXXXXXXXXX
HCoV-229E,XXXXXXXXXXXXXXXXXXXXXXXXXXXXXXXXXXXXXXXXXXXXXXXXXXXXXXXXXXXXXXXXXXXXXXXXXXXXXXXXXXXXXXXXXXXXXXXXXXXXXXXXXXXXXXXXXXXXXXXXXXXXXXXXXXXXXXXXXXXXXXXXXXXXXXXXXXXXXXXXXX
HCoV-229E,XXXXXXXXXXXXXXXXXXXXXXXXXXXXXXXXXXXXXXXXXXXXXXXXXXXXXXXXXXXXXXXXXXXXXXXXXXXXXXXXXXXXXXXXXXXXXXXXXXXXXXXXXXXXXXXXXXXXXXXXXXXXXXXXXXXXXXXXXXXXXXXXXXXXXXXXXXXXXXXXXX
HCoV-229E,XXXXXXXXXXXXXXXXXXXXXXXXXXXXXXXXXXXXXXXXXXXXXXXXXXXXXXXXXXXXXXXXXXXXXXXXXXXXXXXXXXXXXXXXXXXXXXXXXXXXXXXXXXXXXXXXXXXXXXXXXXXXXXXXXXXXXXXXXXXXXXXXXXXXXXXXXXXXXXXXX
HCoV-229E,XXXXXXXXXXXXXXXXXXXXXXXXXXXXXXXXXXXXXXXXXXXXXXXXXXXXXXXXXXXXXXXXXXXXXXXXXXXXXXXXXXXXXXXXXXXXXXXXXXXXXXXXXXXXXXXXXXXXXXXXXXXXXXXXXXXXXXXXXXXXXXXXXXXXXXXXXXXXXXXXX
HCoV-229E,XXXXXXXXXXXXXXXXXXXXXXXXXXXXXXXXXXXXXXXXXXXXXXXXXXXXXXXXXXXXXXXXXXXXXXXXXXXXXXXXXXXXXXXXXXXXXXXXXXXXXXXXXXXXXXXXXXXXXXXXXXXXXXXXXXXXXXXXXXXXXXXXXXXXXXXXXXXXXXXX
HCoV-229E,XXXXXXXXXXXXXXXXXXXXXXXXXXXXXXXXXXXXXXXXXXXXXXXXXXXXXXXXXXXXXXXXXXXXXXXXXXXXXXXXXXXXXXXXXXXXXXXXXXXXXXXXXXXXXXXXXXXXXXXXXXXXXXXXXXXXXXXXXXXXXXXXXXXXXXXXXXXXXXXX
HCoV-229E,XXXXXXXXXXXXXXXXXXXXXXXXXXXXXXXXXXXXXXXXXXXXXXXXXXXXXXXXXXXXXXXXXXXXXXXXXXXXXXXXXXXXXXXXXXXXXXXXXXXXXXXXXXXXXXXXXXXXXXXXXXXXXXXXXXXXXXXXXXXXXXXXXXXXXXXXXXXXXXX
HCoV-229E,XXXXXXXXXXXXXXXXXXXXXXXXXXXXXXXXXXXXXXXXXXXXXXXXXXXXXXXXXXXXXXXXXXXXXXXXXXXXXXXXXXXXXXXXXXXXXXXXXXXXXXXXXXXXXXXXXXXXXXXXXXXXXXXXXXXXXXXXXXXXXXXXXXXXXXXXXXXXXXX
HCoV-229E,XXXXXXXXXXXXXXXXXXXXXXXXXXXXXXXXXXXXXXXXXXXXXXXXXXXXXXXXXXXXXXXXXXXXXXXXXXXXXXXXXXXXXXXXXXXXXXXXXXXXXXXXXXXXXXXXXXXXXXXXXXXXXXXXXXXXXXXXXXXXXXXXXXXXXXXXXXXXXX
HCoV-229E,XXXXXXXXXXXXXXXXXXXXXXXXXXXXXXXXXXXXXXXXXXXXXXXXXXXXXXXXXXXXXXXXXXXXXXXXXXXXXXXXXXXXXXXXXXXXXXXXXXXXXXXXXXXXXXXXXXXXXXXXXXXXXXXXXXXXXXXXXXXXXXXXXXXXXXXXXXXXXX
HCoV-229E,XXXXXXXXXXXXXXXXXXXXXXXXXXXXXXXXXXXXXXXXXXXXXXXXXXXXXXXXXXXXXXXXXXXXXXXXXXXXXXXXXXXXXXXXXXXXXXXXXXXXXXXXXXXXXXXXXXXXXXXXXXXXXXXXXXXXXXXXXXXXXXXXXXXXXXXXXXXXX
HCoV-229E,XXXXXXXXXXXXXXXXXXXXXXXXXXXXXXXXXXXXXXXXXXXXXXXXXXXXXXXXXXXXXXXXXXXXXXXXXXXXXXXXXXXXXXXXXXXXXXXXXXXXXXXXXXXXXXXXXXXXXXXXXXXXXXXXXXXXXXXXXXXXXXXXXXXXXXXXXXXXX
HCoV-229E,XXXXXXXXXXXXXXXXXXXXXXXXXXXXXXXXXXXXXXXXXXXXXXXXXXXXXXXXXXXXXXXXXXXXXXXXXXXXXXXXXXXXXXXXXXXXXXXXXXXXXXXXXXXXXXXXXXXXXXXXXXXXXXXXXXXXXXXXXXXXXXXXXXXXXXXXXXXX
HCoV-229E,XXXXXXXXXXXXXXXXXXXXXXXXXXXXXXXXXXXXXXXXXXXXXXXXXXXXXXXXXXXXXXXXXXXXXXXXXXXXXXXXXXXXXXXXXXXXXXXXXXXXXXXXXXXXXXXXXXXXXXXXXXXXXXXXXXXXXXXXXXXXXXXXXXXXXXXXXXXX
HCoV-229E,XXXXXXXXXXXXXXXXXXXXXXXXXXXXXXXXXXXXXXXXXXXXXXXXXXXXXXXXXXXXXXXXXXXXXXXXXXXXXXXXXXXXXXXXXXXXXXXXXXXXXXXXXXXXXXXXXXXXXXXXXXXXXXXXXXXXXXXXXXXXXXXXXXXXXXXXXXX
HCoV-229E,XXXXXXXXXXXXXXXXXXXXXXXXXXXXXXXXXXXXXXXXXXXXXXXXXXXXXXXXXXXXXXXXXXXXXXXXXXXXXXXXXXXXXXXXXXXXXXXXXXXXXXXXXXXXXXXXXXXXXXXXXXXXXXXXXXXXXXXXXXXXXXXXXXXXXXXXXXX
HCoV-229E,XXXXXXXXXXXXXXXXXXXXXXXXXXXXXXXXXXXXXXXXXXXXXXXXXXXXXXXXXXXXXXXXXXXXXXXXXXXXXXXXXXXXXXXXXXXXXXXXXXXXXXXXXXXXXXXXXXXXXXXXXXXXXXXXXXXXXXXXXXXXXXXXXXXXXXXXXX
HCoV-229E,XXXXXXXXXXXXXXXXXXXXXXXXXXXXXXXXXXXXXXXXXXXXXXXXXXXXXXXXXXXXXXXXXXXXXXXXXXXXXXXXXXXXXXXXXXXXXXXXXXXXXXXXXXXXXXXXXXXXXXXXXXXXXXXXXXXXXXXXXXXXXXXXXXXXXXXXXX
HCoV-229E,XXXXXXXXXXXXXXXXXXXXXXXXXXXXXXXXXXXXXXXXXXXXXXXXXXXXXXXXXXXXXXXXXXXXXXXXXXXXXXXXXXXXXXXXXXXXXXXXXXXXXXXXXXXXXXXXXXXXXXXXXXXXXXXXXXXXXXXXXXXXXXXXXXXXXXXXX
HCoV-229E,XXXXXXXXXXXXXXXXXXXXXXXXXXXXXXXXXXXXXXXXXXXXXXXXXXXXXXXXXXXXXXXXXXXXXXXXXXXXXXXXXXXXXXXXXXXXXXXXXXXXXXXXXXXXXXXXXXXXXXXXXXXXXXXXXXXXXXXXXXXXXXXXXXXXXXXXX
HCoV-229E,XXXXXXXXXXXXXXXXXXXXXXXXXXXXXXXXXXXXXXXXXXXXXXXXXXXXXXXXXXXXXXXXXXXXXXXXXXXXXXXXXXXXXXXXXXXXXXXXXXXXXXXXXXXXXXXXXXXXXXXXXXXXXXXXXXXXXXXXXXXXXXXXXXXXXXXX
HCoV-229E,XXXXXXXXXXXXXXXXXXXXXXXXXXXXXXXXXXXXXXXXXXXXXXXXXXXXXXXXXXXXXXXXXXXXXXXXXXXXXXXXXXXXXXXXXXXXXXXXXXXXXXXXXXXXXXXXXXXXXXXXXXXXXXXXXXXXXXXXXXXXXXXXXXXXXXXX
HCoV-229E,XXXXXXXXXXXXXXXXXXXXXXXXXXXXXXXXXXXXXXXXXXXXXXXXXXXXXXXXXXXXXXXXXXXXXXXXXXXXXXXXXXXXXXXXXXXXXXXXXXXXXXXXXXXXXXXXXXXXXXXXXXXXXXXXXXXXXXXXXXXXXXXXXXXXXXX
HCoV-229E,XXXXXXXXXXXXXXXXXXXXXXXXXXXXXXXXXXXXXXXXXXXXXXXXXXXXXXXXXXXXXXXXXXXXXXXXXXXXXXXXXXXXXXXXXXXXXXXXXXXXXXXXXXXXXXXXXXXXXXXXXXXXXXXXXXXXXXXXXXXXXXXXXXXXXXX
HCoV-229E,XXXXXXXXXXXXXXXXXXXXXXXXXXXXXXXXXXXXXXXXXXXXXXXXXXXXXXXXXXXXXXXXXXXXXXXXXXXXXXXXXXXXXXXXXXXXXXXXXXXXXXXXXXXXXXXXXXXXXXXXXXXXXXXXXXXXXXXXXXXXXXXXXXXXXX
HCoV-229E,XXXXXXXXXXXXXXXXXXXXXXXXXXXXXXXXXXXXXXXXXXXXXXXXXXXXXXXXXXXXXXXXXXXXXXXXXXXXXXXXXXXXXXXXXXXXXXXXXXXXXXXXXXXXXXXXXXXXXXXXXXXXXXXXXXXXXXXXXXXXXXXXXXXXXX
HCoV-229E,XXXXXXXXXXXXXXXXXXXXXXXXXXXXXXXXXXXXXXXXXXXXXXXXXXXXXXXXXXXXXXXXXXXXXXXXXXXXXXXXXXXXXXXXXXXXXXXXXXXXXXXXXXXXXXXXXXXXXXXXXXXXXXXXXXXXXXXXXXXXXXXXXXXXX
HCoV-229E,XXXXXXXXXXXXXXXXXXXXXXXXXXXXXXXXXXXXXXXXXXXXXXXXXXXXXXXXXXXXXXXXXXXXXXXXXXXXXXXXXXXXXXXXXXXXXXXXXXXXXXXXXXXXXXXXXXXXXXXXXXXXXXXXXXXXXXXXXXXXXXXXXXXXX
HCoV-229E,XXXXXXXXXXXXXXXXXXXXXXXXXXXXXXXXXXXXXXXXXXXXXXXXXXXXXXXXXXXXXXXXXXXXXXXXXXXXXXXXXXXXXXXXXXXXXXXXXXXXXXXXXXXXXXXXXXXXXXXXXXXXXXXXXXXXXXXXXXXXXXXXXXXX
HCoV-229E,XXXXXXXXXXXXXXXXXXXXXXXXXXXXXXXXXXXXXXXXXXXXXXXXXXXXXXXXXXXXXXXXXXXXXXXXXXXXXXXXXXXXXXXXXXXXXXXXXXXXXXXXXXXXXXXXXXXXXXXXXXXXXXXXXXXXXXXXXXXXXXXXXXXX
HCoV-229E,XXXXXXXXXXXXXXXXXXXXXXXXXXXXXXXXXXXXXXXXXXXXXXXXXXXXXXXXXXXXXXXXXXXXXXXXXXXXXXXXXXXXXXXXXXXXXXXXXXXXXXXXXXXXXXXXXXXXXXXXXXXXXXXXXXXXXXXXXXXXXXXXXXX
HCoV-229E,XXXXXXXXXXXXXXXXXXXXXXXXXXXXXXXXXXXXXXXXXXXXXXXXXXXXXXXXXXXXXXXXXXXXXXXXXXXXXXXXXXXXXXXXXXXXXXXXXXXXXXXXXXXXXXXXXXXXXXXXXXXXXXXXXXXXXXXXXXXXXXXXXXX
HCoV-229E,XXXXXXXXXXXXXXXXXXXXXXXXXXXXXXXXXXXXXXXXXXXXXXXXXXXXXXXXXXXXXXXXXXXXXXXXXXXXXXXXXXXXXXXXXXXXXXXXXXXXXXXXXXXXXXXXXXXXXXXXXXXXXXXXXXXXXXXXXXXXXXXXXX
HCoV-229E,XXXXXXXXXXXXXXXXXXXXXXXXXXXXXXXXXXXXXXXXXXXXXXXXXXXXXXXXXXXXXXXXXXXXXXXXXXXXXXXXXXXXXXXXXXXXXXXXXXXXXXXXXXXXXXXXXXXXXXXXXXXXXXXXXXXXXXXXXXXXXXXXXX
HCoV-229E,XXXXXXXXXXXXXXXXXXXXXXXXXXXXXXXXXXXXXXXXXXXXXXXXXXXXXXXXXXXXXXXXXXXXXXXXXXXXXXXXXXXXXXXXXXXXXXXXXXXXXXXXXXXXXXXXXXXXXXXXXXXXXXXXXXXXXXXXXXXXXXXXX
HCoV-229E,XXXXXXXXXXXXXXXXXXXXXXXXXXXXXXXXXXXXXXXXXXXXXXXXXXXXXXXXXXXXXXXXXXXXXXXXXXXXXXXXXXXXXXXXXXXXXXXXXXXXXXXXXXXXXXXXXXXXXXXXXXXXXXXXXXXXXXXXXXXXXXXXX
HCoV-229E,XXXXXXXXXXXXXXXXXXXXXXXXXXXXXXXXXXXXXXXXXXXXXXXXXXXXXXXXXXXXXXXXXXXXXXXXXXXXXXXXXXXXXXXXXXXXXXXXXXXXXXXXXXXXXXXXXXXXXXXXXXXXXXXXXXXXXXXXXXXXXXXX
HCoV-229E,XXXXXXXXXXXXXXXXXXXXXXXXXXXXXXXXXXXXXXXXXXXXXXXXXXXXXXXXXXXXXXXXXXXXXXXXXXXXXXXXXXXXXXXXXXXXXXXXXXXXXXXXXXXXXXXXXXXXXXXXXXXXXXXXXXXXXXXXXXXXXXXX
HCoV-229E,XXXXXXXXXXXXXXXXXXXXXXXXXXXXXXXXXXXXXXXXXXXXXXXXXXXXXXXXXXXXXXXXXXXXXXXXXXXXXXXXXXXXXXXXXXXXXXXXXXXXXXXXXXXXXXXXXXXXXXXXXXXXXXXXXXXXXXXXXXXXXXX
HCoV-229E,XXXXXXXXXXXXXXXXXXXXXXXXXXXXXXXXXXXXXXXXXXXXXXXXXXXXXXXXXXXXXXXXXXXXXXXXXXXXXXXXXXXXXXXXXXXXXXXXXXXXXXXXXXXXXXXXXXXXXXXXXXXXXXXXXXXXXXXXXXXXXXX
HCoV-229E,XXXXXXXXXXXXXXXXXXXXXXXXXXXXXXXXXXXXXXXXXXXXXXXXXXXXXXXXXXXXXXXXXXXXXXXXXXXXXXXXXXXXXXXXXXXXXXXXXXXXXXXXXXXXXXXXXXXXXXXXXXXXXXXXXXXXXXXXXXXXXX
HCoV-229E,XXXXXXXXXXXXXXXXXXXXXXXXXXXXXXXXXXXXXXXXXXXXXXXXXXXXXXXXXXXXXXXXXXXXXXXXXXXXXXXXXXXXXXXXXXXXXXXXXXXXXXXXXXXXXXXXXXXXXXXXXXXXXXXXXXXXXXXXXXXXXX
HCoV-229E,XXXXXXXXXXXXXXXXXXXXXXXXXXXXXXXXXXXXXXXXXXXXXXXXXXXXXXXXXXXXXXXXXXXXXXXXXXXXXXXXXXXXXXXXXXXXXXXXXXXXXXXXXXXXXXXXXXXXXXXXXXXXXXXXXXXXXXXXXXXXX
HCoV-229E,XXXXXXXXXXXXXXXXXXXXXXXXXXXXXXXXXXXXXXXXXXXXXXXXXXXXXXXXXXXXXXXXXXXXXXXXXXXXXXXXXXXXXXXXXXXXXXXXXXXXXXXXXXXXXXXXXXXXXXXXXXXXXXXXXXXXXXXXXXXXX
HCoV-229E,XXXXXXXXXXXXXXXXXXXXXXXXXXXXXXXXXXXXXXXXXXXXXXXXXXXXXXXXXXXXXXXXXXXXXXXXXXXXXXXXXXXXXXXXXXXXXXXXXXXXXXXXXXXXXXXXXXXXXXXXXXXXXXXXXXXXXXXXXXXX
HCoV-229E,XXXXXXXXXXXXXXXXXXXXXXXXXXXXXXXXXXXXXXXXXXXXXXXXXXXXXXXXXXXXXXXXXXXXXXXXXXXXXXXXXXXXXXXXXXXXXXXXXXXXXXXXXXXXXXXXXXXXXXXXXXXXXXXXXXXXXXXXXXXX
HCoV-229E,XXXXXXXXXXXXXXXXXXXXXXXXXXXXXXXXXXXXXXXXXXXXXXXXXXXXXXXXXXXXXXXXXXXXXXXXXXXXXXXXXXXXXXXXXXXXXXXXXXXXXXXXXXXXXXXXXXXXXXXXXXXXXXXXXXXXXXXXXXX
HCoV-229E,XXXXXXXXXXXXXXXXXXXXXXXXXXXXXXXXXXXXXXXXXXXXXXXXXXXXXXXXXXXXXXXXXXXXXXXXXXXXXXXXXXXXXXXXXXXXXXXXXXXXXXXXXXXXXXXXXXXXXXXXXXXXXXXXXXXXXXXXXXX
HCoV-229E,XXXXXXXXXXXXXXXXXXXXXXXXXXXXXXXXXXXXXXXXXXXXXXXXXXXXXXXXXXXXXXXXXXXXXXXXXXXXXXXXXXXXXXXXXXXXXXXXXXXXXXXXXXXXXXXXXXXXXXXXXXXXXXXXXXXXXXXXXX
HCoV-229E,XXXXXXXXXXXXXXXXXXXXXXXXXXXXXXXXXXXXXXXXXXXXXXXXXXXXXXXXXXXXXXXXXXXXXXXXXXXXXXXXXXXXXXXXXXXXXXXXXXXXXXXXXXXXXXXXXXXXXXXXXXXXXXXXXXXXXXXXXX
HCoV-229E,XXXXXXXXXXXXXXXXXXXXXXXXXXXXXXXXXXXXXXXXXXXXXXXXXXXXXXXXXXXXXXXXXXXXXXXXXXXXXXXXXXXXXXXXXXXXXXXXXXXXXXXXXXXXXXXXXXXXXXXXXXXXXXXXXXXXXXXXX
HCoV-229E,XXXXXXXXXXXXXXXXXXXXXXXXXXXXXXXXXXXXXXXXXXXXXXXXXXXXXXXXXXXXXXXXXXXXXXXXXXXXXXXXXXXXXXXXXXXXXXXXXXXXXXXXXXXXXXXXXXXXXXXXXXXXXXXXXXXXXXXXX
HCoV-229E,XXXXXXXXXXXXXXXXXXXXXXXXXXXXXXXXXXXXXXXXXXXXXXXXXXXXXXXXXXXXXXXXXXXXXXXXXXXXXXXXXXXXXXXXXXXXXXXXXXXXXXXXXXXXXXXXXXXXXXXXXXXXXXXXXXXXXXXX
HCoV-229E,XXXXXXXXXXXXXXXXXXXXXXXXXXXXXXXXXXXXXXXXXXXXXXXXXXXXXXXXXXXXXXXXXXXXXXXXXXXXXXXXXXXXXXXXXXXXXXXXXXXXXXXXXXXXXXXXXXXXXXXXXXXXXXXXXXXXXXXX
HCoV-229E,XXXXXXXXXXXXXXXXXXXXXXXXXXXXXXXXXXXXXXXXXXXXXXXXXXXXXXXXXXXXXXXXXXXXXXXXXXXXXXXXXXXXXXXXXXXXXXXXXXXXXXXXXXXXXXXXXXXXXXXXXXXXXXXXXXXXXXX
HCoV-229E,XXXXXXXXXXXXXXXXXXXXXXXXXXXXXXXXXXXXXXXXXXXXXXXXXXXXXXXXXXXXXXXXXXXXXXXXXXXXXXXXXXXXXXXXXXXXXXXXXXXXXXXXXXXXXXXXXXXXXXXXXXXXXXXXXXXXXXX
HCoV-229E,XXXXXXXXXXXXXXXXXXXXXXXXXXXXXXXXXXXXXXXXXXXXXXXXXXXXXXXXXXXXXXXXXXXXXXXXXXXXXXXXXXXXXXXXXXXXXXXXXXXXXXXXXXXXXXXXXXXXXXXXXXXXXXXXXXXXXX
HCoV-229E,XXXXXXXXXXXXXXXXXXXXXXXXXXXXXXXXXXXXXXXXXXXXXXXXXXXXXXXXXXXXXXXXXXXXXXXXXXXXXXXXXXXXXXXXXXXXXXXXXXXXXXXXXXXXXXXXXXXXXXXXXXXXXXXXXXXXXX
HCoV-229E,XXXXXXXXXXXXXXXXXXXXXXXXXXXXXXXXXXXXXXXXXXXXXXXXXXXXXXXXXXXXXXXXXXXXXXXXXXXXXXXXXXXXXXXXXXXXXXXXXXXXXXXXXXXXXXXXXXXXXXXXXXXXXXXXXXXXX
HCoV-229E,XXXXXXXXXXXXXXXXXXXXXXXXXXXXXXXXXXXXXXXXXXXXXXXXXXXXXXXXXXXXXXXXXXXXXXXXXXXXXXXXXXXXXXXXXXXXXXXXXXXXXXXXXXXXXXXXXXXXXXXXXXXXXXXXXXXXX
HCoV-229E,XXXXXXXXXXXXXXXXXXXXXXXXXXXXXXXXXXXXXXXXXXXXXXXXXXXXXXXXXXXXXXXXXXXXXXXXXXXXXXXXXXXXXXXXXXXXXXXXXXXXXXXXXXXXXXXXXXXXXXXXXXXXXXXXXXXX
HCoV-229E,XXXXXXXXXXXXXXXXXXXXXXXXXXXXXXXXXXXXXXXXXXXXXXXXXXXXXXXXXXXXXXXXXXXXXXXXXXXXXXXXXXXXXXXXXXXXXXXXXXXXXXXXXXXXXXXXXXXXXXXXXXXXXXXXXXXX
HCoV-229E,XXXXXXXXXXXXXXXXXXXXXXXXXXXXXXXXXXXXXXXXXXXXXXXXXXXXXXXXXXXXXXXXXXXXXXXXXXXXXXXXXXXXXXXXXXXXXXXXXXXXXXXXXXXXXXXXXXXXXXXXXXXXXXXXXXX
HCoV-229E,XXXXXXXXXXXXXXXXXXXXXXXXXXXXXXXXXXXXXXXXXXXXXXXXXXXXXXXXXXXXXXXXXXXXXXXXXXXXXXXXXXXXXXXXXXXXXXXXXXXXXXXXXXXXXXXXXXXXXXXXXXXXXXXXXXX
HCoV-229E,XXXXXXXXXXXXXXXXXXXXXXXXXXXXXXXXXXXXXXXXXXXXXXXXXXXXXXXXXXXXXXXXXXXXXXXXXXXXXXXXXXXXXXXXXXXXXXXXXXXXXXXXXXXXXXXXXXXXXXXXXXXXXXXXXX
HCoV-229E,XXXXXXXXXXXXXXXXXXXXXXXXXXXXXXXXXXXXXXXXXXXXXXXXXXXXXXXXXXXXXXXXXXXXXXXXXXXXXXXXXXXXXXXXXXXXXXXXXXXXXXXXXXXXXXXXXXXXXXXXXXXXXXXXXX
HCoV-229E,XXXXXXXXXXXXXXXXXXXXXXXXXXXXXXXXXXXXXXXXXXXXXXXXXXXXXXXXXXXXXXXXXXXXXXXXXXXXXXXXXXXXXXXXXXXXXXXXXXXXXXXXXXXXXXXXXXXXXXXXXXXXXXXXX
HCoV-229E,XXXXXXXXXXXXXXXXXXXXXXXXXXXXXXXXXXXXXXXXXXXXXXXXXXXXXXXXXXXXXXXXXXXXXXXXXXXXXXXXXXXXXXXXXXXXXXXXXXXXXXXXXXXXXXXXXXXXXXXXXXXXXXXXX
HCoV-229E,XXXXXXXXXXXXXXXXXXXXXXXXXXXXXXXXXXXXXXXXXXXXXXXXXXXXXXXXXXXXXXXXXXXXXXXXXXXXXXXXXXXXXXXXXXXXXXXXXXXXXXXXXXXXXXXXXXXXXXXXXXXXXXXX
HCoV-229E,XXXXXXXXXXXXXXXXXXXXXXXXXXXXXXXXXXXXXXXXXXXXXXXXXXXXXXXXXXXXXXXXXXXXXXXXXXXXXXXXXXXXXXXXXXXXXXXXXXXXXXXXXXXXXXXXXXXXXXXXXXXXXXXX
HCoV-229E,XXXXXXXXXXXXXXXXXXXXXXXXXXXXXXXXXXXXXXXXXXXXXXXXXXXXXXXXXXXXXXXXXXXXXXXXXXXXXXXXXXXXXXXXXXXXXXXXXXXXXXXXXXXXXXXXXXXXXXXXXXXXXXX
HCoV-229E,XXXXXXXXXXXXXXXXXXXXXXXXXXXXXXXXXXXXXXXXXXXXXXXXXXXXXXXXXXXXXXXXXXXXXXXXXXXXXXXXXXXXXXXXXXXXXXXXXXXXXXXXXXXXXXXXXXXXXXXXXXXXXXX
HCoV-229E,XXXXXXXXXXXXXXXXXXXXXXXXXXXXXXXXXXXXXXXXXXXXXXXXXXXXXXXXXXXXXXXXXXXXXXXXXXXXXXXXXXXXXXXXXXXXXXXXXXXXXXXXXXXXXXXXXXXXXXXXXXXXXX
HCoV-229E,XXXXXXXXXXXXXXXXXXXXXXXXXXXXXXXXXXXXXXXXXXXXXXXXXXXXXXXXXXXXXXXXXXXXXXXXXXXXXXXXXXXXXXXXXXXXXXXXXXXXXXXXXXXXXXXXXXXXXXXXXXXXXX
HCoV-229E,XXXXXXXXXXXXXXXXXXXXXXXXXXXXXXXXXXXXXXXXXXXXXXXXXXXXXXXXXXXXXXXXXXXXXXXXXXXXXXXXXXXXXXXXXXXXXXXXXXXXXXXXXXXXXXXXXXXXXXXXXXXXX
HCoV-229E,XXXXXXXXXXXXXXXXXXXXXXXXXXXXXXXXXXXXXXXXXXXXXXXXXXXXXXXXXXXXXXXXXXXXXXXXXXXXXXXXXXXXXXXXXXXXXXXXXXXXXXXXXXXXXXXXXXXXXXXXXXXXX
HCoV-229E,XXXXXXXXXXXXXXXXXXXXXXXXXXXXXXXXXXXXXXXXXXXXXXXXXXXXXXXXXXXXXXXXXXXXXXXXXXXXXXXXXXXXXXXXXXXXXXXXXXXXXXXXXXXXXXXXXXXXXXXXXXXX
HCoV-229E,XXXXXXXXXXXXXXXXXXXXXXXXXXXXXXXXXXXXXXXXXXXXXXXXXXXXXXXXXXXXXXXXXXXXXXXXXXXXXXXXXXXXXXXXXXXXXXXXXXXXXXXXXXXXXXXXXXXXXXXXXXXX
HCoV-229E,XXXXXXXXXXXXXXXXXXXXXXXXXXXXXXXXXXXXXXXXXXXXXXXXXXXXXXXXXXXXXXXXXXXXXXXXXXXXXXXXXXXXXXXXXXXXXXXXXXXXXXXXXXXXXXXXXXXXXXXXXXX
HCoV-229E,XXXXXXXXXXXXXXXXXXXXXXXXXXXXXXXXXXXXXXXXXXXXXXXXXXXXXXXXXXXXXXXXXXXXXXXXXXXXXXXXXXXXXXXXXXXXXXXXXXXXXXXXXXXXXXXXXXXXXXXXXXX
HCoV-229E,XXXXXXXXXXXXXXXXXXXXXXXXXXXXXXXXXXXXXXXXXXXXXXXXXXXXXXXXXXXXXXXXXXXXXXXXXXXXXXXXXXXXXXXXXXXXXXXXXXXXXXXXXXXXXXXXXXXXXXXXXX
HCoV-229E,XXXXXXXXXXXXXXXXXXXXXXXXXXXXXXXXXXXXXXXXXXXXXXXXXXXXXXXXXXXXXXXXXXXXXXXXXXXXXXXXXXXXXXXXXXXXXXXXXXXXXXXXXXXXXXXXXXXXXXXXXX
HCoV-229E,XXXXXXXXXXXXXXXXXXXXXXXXXXXXXXXXXXXXXXXXXXXXXXXXXXXXXXXXXXXXXXXXXXXXXXXXXXXXXXXXXXXXXXXXXXXXXXXXXXXXXXXXXXXXXXXXXXXXXXXXX
HCoV-229E,XXXXXXXXXXXXXXXXXXXXXXXXXXXXXXXXXXXXXXXXXXXXXXXXXXXXXXXXXXXXXXXXXXXXXXXXXXXXXXXXXXXXXXXXXXXXXXXXXXXXXXXXXXXXXXXXXXXXXXXXX
HCoV-229E,XXXXXXXXXXXXXXXXXXXXXXXXXXXXXXXXXXXXXXXXXXXXXXXXXXXXXXXXXXXXXXXXXXXXXXXXXXXXXXXXXXXXXXXXXXXXXXXXXXXXXXXXXXXXXXXXXXXXXXXX
HCoV-229E,XXXXXXXXXXXXXXXXXXXXXXXXXXXXXXXXXXXXXXXXXXXXXXXXXXXXXXXXXXXXXXXXXXXXXXXXXXXXXXXXXXXXXXXXXXXXXXXXXXXXXXXXXXXXXXXXXXXXXXXX
HCoV-229E,XXXXXXXXXXXXXXXXXXXXXXXXXXXXXXXXXXXXXXXXXXXXXXXXXXXXXXXXXXXXXXXXXXXXXXXXXXXXXXXXXXXXXXXXXXXXXXXXXXXXXXXXXXXXXXXXXXXXXXX
HCoV-229E,XXXXXXXXXXXXXXXXXXXXXXXXXXXXXXXXXXXXXXXXXXXXXXXXXXXXXXXXXXXXXXXXXXXXXXXXXXXXXXXXXXXXXXXXXXXXXXXXXXXXXXXXXXXXXXXXXXXXXXX
HCoV-229E,XXXXXXXXXXXXXXXXXXXXXXXXXXXXXXXXXXXXXXXXXXXXXXXXXXXXXXXXXXXXXXXXXXXXXXXXXXXXXXXXXXXXXXXXXXXXXXXXXXXXXXXXXXXXXXXXXXXXXX
HCoV-229E,XXXXXXXXXXXXXXXXXXXXXXXXXXXXXXXXXXXXXXXXXXXXXXXXXXXXXXXXXXXXXXXXXXXXXXXXXXXXXXXXXXXXXXXXXXXXXXXXXXXXXXXXXXXXXXXXXXXXXX
HCoV-229E,XXXXXXXXXXXXXXXXXXXXXXXXXXXXXXXXXXXXXXXXXXXXXXXXXXXXXXXXXXXXXXXXXXXXXXXXXXXXXXXXXXXXXXXXXXXXXXXXXXXXXXXXXXXXXXXXXXXXX
HCoV-229E,XXXXXXXXXXXXXXXXXXXXXXXXXXXXXXXXXXXXXXXXXXXXXXXXXXXXXXXXXXXXXXXXXXXXXXXXXXXXXXXXXXXXXXXXXXXXXXXXXXXXXXXXXXXXXXXXXXXXX
HCoV-229E,XXXXXXXXXXXXXXXXXXXXXXXXXXXXXXXXXXXXXXXXXXXXXXXXXXXXXXXXXXXXXXXXXXXXXXXXXXXXXXXXXXXXXXXXXXXXXXXXXXXXXXXXXXXXXXXXXXXX
HCoV-229E,XXXXXXXXXXXXXXXXXXXXXXXXXXXXXXXXXXXXXXXXXXXXXXXXXXXXXXXXXXXXXXXXXXXXXXXXXXXXXXXXXXXXXXXXXXXXXXXXXXXXXXXXXXXXXXXXXXXX
HCoV-229E,XXXXXXXXXXXXXXXXXXXXXXXXXXXXXXXXXXXXXXXXXXXXXXXXXXXXXXXXXXXXXXXXXXXXXXXXXXXXXXXXXXXXXXXXXXXXXXXXXXXXXXXXXXXXXXXXXXX
HCoV-229E,XXXXXXXXXXXXXXXXXXXXXXXXXXXXXXXXXXXXXXXXXXXXXXXXXXXXXXXXXXXXXXXXXXXXXXXXXXXXXXXXXXXXXXXXXXXXXXXXXXXXXXXXXXXXXXXXXXX
HCoV-229E,XXXXXXXXXXXXXXXXXXXXXXXXXXXXXXXXXXXXXXXXXXXXXXXXXXXXXXXXXXXXXXXXXXXXXXXXXXXXXXXXXXXXXXXXXXXXXXXXXXXXXXXXXXXXXXXXXX
HCoV-229E,XXXXXXXXXXXXXXXXXXXXXXXXXXXXXXXXXXXXXXXXXXXXXXXXXXXXXXXXXXXXXXXXXXXXXXXXXXXXXXXXXXXXXXXXXXXXXXXXXXXXXXXXXXXXXXXXXX
HCoV-229E,XXXXXXXXXXXXXXXXXXXXXXXXXXXXXXXXXXXXXXXXXXXXXXXXXXXXXXXXXXXXXXXXXXXXXXXXXXXXXXXXXXXXXXXXXXXXXXXXXXXXXXXXXXXXXXXXX
HCoV-229E,XXXXXXXXXXXXXXXXXXXXXXXXXXXXXXXXXXXXXXXXXXXXXXXXXXXXXXXXXXXXXXXXXXXXXXXXXXXXXXXXXXXXXXXXXXXXXXXXXXXXXXXXXXXXXXXXX
HCoV-229E,XXXXXXXXXXXXXXXXXXXXXXXXXXXXXXXXXXXXXXXXXXXXXXXXXXXXXXXXXXXXXXXXXXXXXXXXXXXXXXXXXXXXXXXXXXXXXXXXXXXXXXXXXXXXXXXX
HCoV-229E,XXXXXXXXXXXXXXXXXXXXXXXXXXXXXXXXXXXXXXXXXXXXXXXXXXXXXXXXXXXXXXXXXXXXXXXXXXXXXXXXXXXXXXXXXXXXXXXXXXXXXXXXXXXXXXXX
HCoV-229E,XXXXXXXXXXXXXXXXXXXXXXXXXXXXXXXXXXXXXXXXXXXXXXXXXXXXXXXXXXXXXXXXXXXXXXXXXXXXXXXXXXXXXXXXXXXXXXXXXXXXXXXXXXXXXXX
HCoV-229E,XXXXXXXXXXXXXXXXXXXXXXXXXXXXXXXXXXXXXXXXXXXXXXXXXXXXXXXXXXXXXXXXXXXXXXXXXXXXXXXXXXXXXXXXXXXXXXXXXXXXXXXXXXXXXXX
HCoV-229E,XXXXXXXXXXXXXXXXXXXXXXXXXXXXXXXXXXXXXXXXXXXXXXXXXXXXXXXXXXXXXXXXXXXXXXXXXXXXXXXXXXXXXXXXXXXXXXXXXXXXXXXXXXXXXX
HCoV-229E,XXXXXXXXXXXXXXXXXXXXXXXXXXXXXXXXXXXXXXXXXXXXXXXXXXXXXXXXXXXXXXXXXXXXXXXXXXXXXXXXXXXXXXXXXXXXXXXXXXXXXXXXXXXXXX
HCoV-229E,XXXXXXXXXXXXXXXXXXXXXXXXXXXXXXXXXXXXXXXXXXXXXXXXXXXXXXXXXXXXXXXXXXXXXXXXXXXXXXXXXXXXXXXXXXXXXXXXXXXXXXXXXXXXX
HCoV-229E,XXXXXXXXXXXXXXXXXXXXXXXXXXXXXXXXXXXXXXXXXXXXXXXXXXXXXXXXXXXXXXXXXXXXXXXXXXXXXXXXXXXXXXXXXXXXXXXXXXXXXXXXXXXXX
HCoV-229E,XXXXXXXXXXXXXXXXXXXXXXXXXXXXXXXXXXXXXXXXXXXXXXXXXXXXXXXXXXXXXXXXXXXXXXXXXXXXXXXXXXXXXXXXXXXXXXXXXXXXXXXXXXXX
HCoV-229E,XXXXXXXXXXXXXXXXXXXXXXXXXXXXXXXXXXXXXXXXXXXXXXXXXXXXXXXXXXXXXXXXXXXXXXXXXXXXXXXXXXXXXXXXXXXXXXXXXXXXXXXXXXXX
HCoV-229E,XXXXXXXXXXXXXXXXXXXXXXXXXXXXXXXXXXXXXXXXXXXXXXXXXXXXXXXXXXXXXXXXXXXXXXXXXXXXXXXXXXXXXXXXXXXXXXXXXXXXXXXXXXX
HCoV-229E,XXXXXXXXXXXXXXXXXXXXXXXXXXXXXXXXXXXXXXXXXXXXXXXXXXXXXXXXXXXXXXXXXXXXXXXXXXXXXXXXXXXXXXXXXXXXXXXXXXXXXXXXXXX
HCoV-229E,XXXXXXXXXXXXXXXXXXXXXXXXXXXXXXXXXXXXXXXXXXXXXXXXXXXXXXXXXXXXXXXXXXXXXXXXXXXXXXXXXXXXXXXXXXXXXXXXXXXXXXXXXX
HCoV-229E,XXXXXXXXXXXXXXXXXXXXXXXXXXXXXXXXXXXXXXXXXXXXXXXXXXXXXXXXXXXXXXXXXXXXXXXXXXXXXXXXXXXXXXXXXXXXXXXXXXXXXXXXXX
HCoV-229E,XXXXXXXXXXXXXXXXXXXXXXXXXXXXXXXXXXXXXXXXXXXXXXXXXXXXXXXXXXXXXXXXXXXXXXXXXXXXXXXXXXXXXXXXXXXXXXXXXXXXXXXXX
HCoV-229E,XXXXXXXXXXXXXXXXXXXXXXXXXXXXXXXXXXXXXXXXXXXXXXXXXXXXXXXXXXXXXXXXXXXXXXXXXXXXXXXXXXXXXXXXXXXXXXXXXXXXXXXXX
HCoV-229E,XXXXXXXXXXXXXXXXXXXXXXXXXXXXXXXXXXXXXXXXXXXXXXXXXXXXXXXXXXXXXXXXXXXXXXXXXXXXXXXXXXXXXXXXXXXXXXXXXXXXXXXX
HCoV-229E,XXXXXXXXXXXXXXXXXXXXXXXXXXXXXXXXXXXXXXXXXXXXXXXXXXXXXXXXXXXXXXXXXXXXXXXXXXXXXXXXXXXXXXXXXXXXXXXXXXXXXXXX
HCoV-229E,XXXXXXXXXXXXXXXXXXXXXXXXXXXXXXXXXXXXXXXXXXXXXXXXXXXXXXXXXXXXXXXXXXXXXXXXXXXXXXXXXXXXXXXXXXXXXXXXXXXXXXX
HCoV-229E,XXXXXXXXXXXXXXXXXXXXXXXXXXXXXXXXXXXXXXXXXXXXXXXXXXXXXXXXXXXXXXXXXXXXXXXXXXXXXXXXXXXXXXXXXXXXXXXXXXXXXXX
HCoV-229E,XXXXXXXXXXXXXXXXXXXXXXXXXXXXXXXXXXXXXXXXXXXXXXXXXXXXXXXXXXXXXXXXXXXXXXXXXXXXXXXXXXXXXXXXXXXXXXXXXXXXXX
HCoV-229E,XXXXXXXXXXXXXXXXXXXXXXXXXXXXXXXXXXXXXXXXXXXXXXXXXXXXXXXXXXXXXXXXXXXXXXXXXXXXXXXXXXXXXXXXXXXXXXXXXXXXXX
HCoV-229E,XXXXXXXXXXXXXXXXXXXXXXXXXXXXXXXXXXXXXXXXXXXXXXXXXXXXXXXXXXXXXXXXXXXXXXXXXXXXXXXXXXXXXXXXXXXXXXXXXXXXX
HCoV-229E,XXXXXXXXXXXXXXXXXXXXXXXXXXXXXXXXXXXXXXXXXXXXXXXXXXXXXXXXXXXXXXXXXXXXXXXXXXXXXXXXXXXXXXXXXXXXXXXXXXXXX
HCoV-229E,XXXXXXXXXXXXXXXXXXXXXXXXXXXXXXXXXXXXXXXXXXXXXXXXXXXXXXXXXXXXXXXXXXXXXXXXXXXXXXXXXXXXXXXXXXXXXXXXXXXX
HCoV-229E,XXXXXXXXXXXXXXXXXXXXXXXXXXXXXXXXXXXXXXXXXXXXXXXXXXXXXXXXXXXXXXXXXXXXXXXXXXXXXXXXXXXXXXXXXXXXXXXXXXXX
HCoV-229E,XXXXXXXXXXXXXXXXXXXXXXXXXXXXXXXXXXXXXXXXXXXXXXXXXXXXXXXXXXXXXXXXXXXXXXXXXXXXXXXXXXXXXXXXXXXXXXXXXXX
HCoV-229E,XXXXXXXXXXXXXXXXXXXXXXXXXXXXXXXXXXXXXXXXXXXXXXXXXXXXXXXXXXXXXXXXXXXXXXXXXXXXXXXXXXXXXXXXXXXXXXXXXXX
HCoV-229E,XXXXXXXXXXXXXXXXXXXXXXXXXXXXXXXXXXXXXXXXXXXXXXXXXXXXXXXXXXXXXXXXXXXXXXXXXXXXXXXXXXXXXXXXXXXXXXXXXX
HCoV-229E,XXXXXXXXXXXXXXXXXXXXXXXXXXXXXXXXXXXXXXXXXXXXXXXXXXXXXXXXXXXXXXXXXXXXXXXXXXXXXXXXXXXXXXXXXXXXXXXXXX
HCoV-229E,XXXXXXXXXXXXXXXXXXXXXXXXXXXXXXXXXXXXXXXXXXXXXXXXXXXXXXXXXXXXXXXXXXXXXXXXXXXXXXXXXXXXXXXXXXXXXXXXX
HCoV-229E,XXXXXXXXXXXXXXXXXXXXXXXXXXXXXXXXXXXXXXXXXXXXXXXXXXXXXXXXXXXXXXXXXXXXXXXXXXXXXXXXXXXXXXXXXXXXXXXXX
HCoV-229E,XXXXXXXXXXXXXXXXXXXXXXXXXXXXXXXXXXXXXXXXXXXXXXXXXXXXXXXXXXXXXXXXXXXXXXXXXXXXXXXXXXXXXXXXXXXXXXXX
HCoV-229E,XXXXXXXXXXXXXXXXXXXXXXXXXXXXXXXXXXXXXXXXXXXXXXXXXXXXXXXXXXXXXXXXXXXXXXXXXXXXXXXXXXXXXXXXXXXXXXXX
HCoV-229E,XXXXXXXXXXXXXXXXXXXXXXXXXXXXXXXXXXXXXXXXXXXXXXXXXXXXXXXXXXXXXXXXXXXXXXXXXXXXXXXXXXXXXXXXXXXXXXX
HCoV-229E,XXXXXXXXXXXXXXXXXXXXXXXXXXXXXXXXXXXXXXXXXXXXXXXXXXXXXXXXXXXXXXXXXXXXXXXXXXXXXXXXXXXXXXXXXXXXXXX
HCoV-229E,XXXXXXXXXXXXXXXXXXXXXXXXXXXXXXXXXXXXXXXXXXXXXXXXXXXXXXXXXXXXXXXXXXXXXXXXXXXXXXXXXXXXXXXXXXXXXX
HCoV-229E,XXXXXXXXXXXXXXXXXXXXXXXXXXXXXXXXXXXXXXXXXXXXXXXXXXXXXXXXXXXXXXXXXXXXXXXXXXXXXXXXXXXXXXXXXXXXXX
HCoV-229E,XXXXXXXXXXXXXXXXXXXXXXXXXXXXXXXXXXXXXXXXXXXXXXXXXXXXXXXXXXXXXXXXXXXXXXXXXXXXXXXXXXXXXXXXXXXXX
HCoV-229E,XXXXXXXXXXXXXXXXXXXXXXXXXXXXXXXXXXXXXXXXXXXXXXXXXXXXXXXXXXXXXXXXXXXXXXXXXXXXXXXXXXXXXXXXXXXXX
HCoV-229E,XXXXXXXXXXXXXXXXXXXXXXXXXXXXXXXXXXXXXXXXXXXXXXXXXXXXXXXXXXXXXXXXXXXXXXXXXXXXXXXXXXXXXXXXXXXX
HCoV-229E,XXXXXXXXXXXXXXXXXXXXXXXXXXXXXXXXXXXXXXXXXXXXXXXXXXXXXXXXXXXXXXXXXXXXXXXXXXXXXXXXXXXXXXXXXXXX
HCoV-229E,XXXXXXXXXXXXXXXXXXXXXXXXXXXXXXXXXXXXXXXXXXXXXXXXXXXXXXXXXXXXXXXXXXXXXXXXXXXXXXXXXXXXXXXXXXX
HCoV-229E,XXXXXXXXXXXXXXXXXXXXXXXXXXXXXXXXXXXXXXXXXXXXXXXXXXXXXXXXXXXXXXXXXXXXXXXXXXXXXXXXXXXXXXXXXXX
HCoV-229E,XXXXXXXXXXXXXXXXXXXXXXXXXXXXXXXXXXXXXXXXXXXXXXXXXXXXXXXXXXXXXXXXXXXXXXXXXXXXXXXXXXXXXXXXXX
HCoV-229E,XXXXXXXXXXXXXXXXXXXXXXXXXXXXXXXXXXXXXXXXXXXXXXXXXXXXXXXXXXXXXXXXXXXXXXXXXXXXXXXXXXXXXXXXXX
HCoV-229E,XXXXXXXXXXXXXXXXXXXXXXXXXXXXXXXXXXXXXXXXXXXXXXXXXXXXXXXXXXXXXXXXXXXXXXXXXXXXXXXXXXXXXXXXX
HCoV-229E,XXXXXXXXXXXXXXXXXXXXXXXXXXXXXXXXXXXXXXXXXXXXXXXXXXXXXXXXXXXXXXXXXXXXXXXXXXXXXXXXXXXXXXXXX
HCoV-229E,XXXXXXXXXXXXXXXXXXXXXXXXXXXXXXXXXXXXXXXXXXXXXXXXXXXXXXXXXXXXXXXXXXXXXXXXXXXXXXXXXXXXXXXX
HCoV-229E,XXXXXXXXXXXXXXXXXXXXXXXXXXXXXXXXXXXXXXXXXXXXXXXXXXXXXXXXXXXXXXXXXXXXXXXXXXXXXXXXXXXXXXXX
HCoV-229E,XXXXXXXXXXXXXXXXXXXXXXXXXXXXXXXXXXXXXXXXXXXXXXXXXXXXXXXXXXXXXXXXXXXXXXXXXXXXXXXXXXXXXXX
HCoV-229E,XXXXXXXXXXXXXXXXXXXXXXXXXXXXXXXXXXXXXXXXXXXXXXXXXXXXXXXXXXXXXXXXXXXXXXXXXXXXXXXXXXXXXXX
HCoV-229E,XXXXXXXXXXXXXXXXXXXXXXXXXXXXXXXXXXXXXXXXXXXXXXXXXXXXXXXXXXXXXXXXXXXXXXXXXXXXXXXXXXXXXX
HCoV-229E,XXXXXXXXXXXXXXXXXXXXXXXXXXXXXXXXXXXXXXXXXXXXXXXXXXXXXXXXXXXXXXXXXXXXXXXXXXXXXXXXXXXXXX
HCoV-229E,XXXXXXXXXXXXXXXXXXXXXXXXXXXXXXXXXXXXXXXXXXXXXXXXXXXXXXXXXXXXXXXXXXXXXXXXXXXXXXXXXXXXX
HCoV-229E,XXXXXXXXXXXXXXXXXXXXXXXXXXXXXXXXXXXXXXXXXXXXXXXXXXXXXXXXXXXXXXXXXXXXXXXXXXXXXXXXXXXXX
HCoV-229E,XXXXXXXXXXXXXXXXXXXXXXXXXXXXXXXXXXXXXXXXXXXXXXXXXXXXXXXXXXXXXXXXXXXXXXXXXXXXXXXXXXXX
HCoV-229E,XXXXXXXXXXXXXXXXXXXXXXXXXXXXXXXXXXXXXXXXXXXXXXXXXXXXXXXXXXXXXXXXXXXXXXXXXXXXXXXXXXXX
HCoV-229E,XXXXXXXXXXXXXXXXXXXXXXXXXXXXXXXXXXXXXXXXXXXXXXXXXXXXXXXXXXXXXXXXXXXXXXXXXXXXXXXXXXX
HCoV-229E,XXXXXXXXXXXXXXXXXXXXXXXXXXXXXXXXXXXXXXXXXXXXXXXXXXXXXXXXXXXXXXXXXXXXXXXXXXXXXXXXXXX
HCoV-229E,XXXXXXXXXXXXXXXXXXXXXXXXXXXXXXXXXXXXXXXXXXXXXXXXXXXXXXXXXXXXXXXXXXXXXXXXXXXXXXXXXX
HCoV-229E,XXXXXXXXXXXXXXXXXXXXXXXXXXXXXXXXXXXXXXXXXXXXXXXXXXXXXXXXXXXXXXXXXXXXXXXXXXXXXXXXXX
HCoV-229E,XXXXXXXXXXXXXXXXXXXXXXXXXXXXXXXXXXXXXXXXXXXXXXXXXXXXXXXXXXXXXXXXXXXXXXXXXXXXXXXXX
HCoV-229E,XXXXXXXXXXXXXXXXXXXXXXXXXXXXXXXXXXXXXXXXXXXXXXXXXXXXXXXXXXXXXXXXXXXXXXXXXXXXXXXXX
HCoV-229E,XXXXXXXXXXXXXXXXXXXXXXXXXXXXXXXXXXXXXXXXXXXXXXXXXXXXXXXXXXXXXXXXXXXXXXXXXXXXXXXX
HCoV-229E,XXXXXXXXXXXXXXXXXXXXXXXXXXXXXXXXXXXXXXXXXXXXXXXXXXXXXXXXXXXXXXXXXXXXXXXXXXXXXXXX
HCoV-229E,XXXXXXXXXXXXXXXXXXXXXXXXXXXXXXXXXXXXXXXXXXXXXXXXXXXXXXXXXXXXXXXXXXXXXXXXXXXXXXX
HCoV-229E,XXXXXXXXXXXXXXXXXXXXXXXXXXXXXXXXXXXXXXXXXXXXXXXXXXXXXXXXXXXXXXXXXXXXXXXXXXXXXXX
HCoV-229E,XXXXXXXXXXXXXXXXXXXXXXXXXXXXXXXXXXXXXXXXXXXXXXXXXXXXXXXXXXXXXXXXXXXXXXXXXXXXXX
HCoV-229E,XXXXXXXXXXXXXXXXXXXXXXXXXXXXXXXXXXXXXXXXXXXXXXXXXXXXXXXXXXXXXXXXXXXXXXXXXXXXXX
HCoV-229E,XXXXXXXXXXXXXXXXXXXXXXXXXXXXXXXXXXXXXXXXXXXXXXXXXXXXXXXXXXXXXXXXXXXXXXXXXXXXX
HCoV-229E,XXXXXXXXXXXXXXXXXXXXXXXXXXXXXXXXXXXXXXXXXXXXXXXXXXXXXXXXXXXXXXXXXXXXXXXXXXXXX
HCoV-229E,XXXXXXXXXXXXXXXXXXXXXXXXXXXXXXXXXXXXXXXXXXXXXXXXXXXXXXXXXXXXXXXXXXXXXXXXXXXX
HCoV-229E,XXXXXXXXXXXXXXXXXXXXXXXXXXXXXXXXXXXXXXXXXXXXXXXXXXXXXXXXXXXXXXXXXXXXXXXXXXXX
HCoV-229E,XXXXXXXXXXXXXXXXXXXXXXXXXXXXXXXXXXXXXXXXXXXXXXXXXXXXXXXXXXXXXXXXXXXXXXXXXXX
HCoV-229E,XXXXXXXXXXXXXXXXXXXXXXXXXXXXXXXXXXXXXXXXXXXXXXXXXXXXXXXXXXXXXXXXXXXXXXXXXXX
HCoV-229E,XXXXXXXXXXXXXXXXXXXXXXXXXXXXXXXXXXXXXXXXXXXXXXXXXXXXXXXXXXXXXXXXXXXXXXXXXX
HCoV-229E,XXXXXXXXXXXXXXXXXXXXXXXXXXXXXXXXXXXXXXXXXXXXXXXXXXXXXXXXXXXXXXXXXXXXXXXXXX
HCoV-229E,XXXXXXXXXXXXXXXXXXXXXXXXXXXXXXXXXXXXXXXXXXXXXXXXXXXXXXXXXXXXXXXXXXXXXXXXX
HCoV-229E,XXXXXXXXXXXXXXXXXXXXXXXXXXXXXXXXXXXXXXXXXXXXXXXXXXXXXXXXXXXXXXXXXXXXXXXXX
HCoV-229E,XXXXXXXXXXXXXXXXXXXXXXXXXXXXXXXXXXXXXXXXXXXXXXXXXXXXXXXXXXXXXXXXXXXXXXXX
HCoV-229E,XXXXXXXXXXXXXXXXXXXXXXXXXXXXXXXXXXXXXXXXXXXXXXXXXXXXXXXXXXXXXXXXXXXXXXXX
HCoV-229E,XXXXXXXXXXXXXXXXXXXXXXXXXXXXXXXXXXXXXXXXXXXXXXXXXXXXXXXXXXXXXXXXXXXXXXX
HCoV-229E,XXXXXXXXXXXXXXXXXXXXXXXXXXXXXXXXXXXXXXXXXXXXXXXXXXXXXXXXXXXXXXXXXXXXXXX
HCoV-229E,XXXXXXXXXXXXXXXXXXXXXXXXXXXXXXXXXXXXXXXXXXXXXXXXXXXXXXXXXXXXXXXXXXXXXX
HCoV-229E,XXXXXXXXXXXXXXXXXXXXXXXXXXXXXXXXXXXXXXXXXXXXXXXXXXXXXXXXXXXXXXXXXXXXXX
HCoV-229E,XXXXXXXXXXXXXXXXXXXXXXXXXXXXXXXXXXXXXXXXXXXXXXXXXXXXXXXXXXXXXXXXXXXXX
HCoV-229E,XXXXXXXXXXXXXXXXXXXXXXXXXXXXXXXXXXXXXXXXXXXXXXXXXXXXXXXXXXXXXXXXXXXXX
HCoV-229E,XXXXXXXXXXXXXXXXXXXXXXXXXXXXXXXXXXXXXXXXXXXXXXXXXXXXXXXXXXXXXXXXXXXX
HCoV-229E,XXXXXXXXXXXXXXXXXXXXXXXXXXXXXXXXXXXXXXXXXXXXXXXXXXXXXXXXXXXXXXXXXXXX
HCoV-229E,XXXXXXXXXXXXXXXXXXXXXXXXXXXXXXXXXXXXXXXXXXXXXXXXXXXXXXXXXXXXXXXXXXX
HCoV-229E,XXXXXXXXXXXXXXXXXXXXXXXXXXXXXXXXXXXXXXXXXXXXXXXXXXXXXXXXXXXXXXXXXXX
HCoV-229E,XXXXXXXXXXXXXXXXXXXXXXXXXXXXXXXXXXXXXXXXXXXXXXXXXXXXXXXXXXXXXXXXXX
HCoV-229E,XXXXXXXXXXXXXXXXXXXXXXXXXXXXXXXXXXXXXXXXXXXXXXXXXXXXXXXXXXXXXXXXXX
HCoV-229E,XXXXXXXXXXXXXXXXXXXXXXXXXXXXXXXXXXXXXXXXXXXXXXXXXXXXXXXXXXXXXXXXX
HCoV-229E,XXXXXXXXXXXXXXXXXXXXXXXXXXXXXXXXXXXXXXXXXXXXXXXXXXXXXXXXXXXXXXXXX
HCoV-229E,XXXXXXXXXXXXXXXXXXXXXXXXXXXXXXXXXXXXXXXXXXXXXXXXXXXXXXXXXXXXXXXX
HCoV-229E,XXXXXXXXXXXXXXXXXXXXXXXXXXXXXXXXXXXXXXXXXXXXXXXXXXXXXXXXXXXXXXXX
HCoV-229E,XXXXXXXXXXXXXXXXXXXXXXXXXXXXXXXXXXXXXXXXXXXXXXXXXXXXXXXXXXXXXXX
HCoV-229E,XXXXXXXXXXXXXXXXXXXXXXXXXXXXXXXXXXXXXXXXXXXXXXXXXXXXXXXXXXXXXXX
HCoV-229E,XXXXXXXXXXXXXXXXXXXXXXXXXXXXXXXXXXXXXXXXXXXXXXXXXXXXXXXXXXXXXX
HCoV-229E,XXXXXXXXXXXXXXXXXXXXXXXXXXXXXXXXXXXXXXXXXXXXXXXXXXXXXXXXXXXXXX
HCoV-229E,XXXXXXXXXXXXXXXXXXXXXXXXXXXXXXXXXXXXXXXXXXXXXXXXXXXXXXXXXXXXX
HCoV-229E,XXXXXXXXXXXXXXXXXXXXXXXXXXXXXXXXXXXXXXXXXXXXXXXXXXXXXXXXXXXXX
HCoV-229E,XXXXXXXXXXXXXXXXXXXXXXXXXXXXXXXXXXXXXXXXXXXXXXXXXXXXXXXXXXXX
HCoV-229E,XXXXXXXXXXXXXXXXXXXXXXXXXXXXXXXXXXXXXXXXXXXXXXXXXXXXXXXXXXXX
HCoV-229E,XXXXXXXXXXXXXXXXXXXXXXXXXXXXXXXXXXXXXXXXXXXXXXXXXXXXXXXXXXX
HCoV-229E,XXXXXXXXXXXXXXXXXXXXXXXXXXXXXXXXXXXXXXXXXXXXXXXXXXXXXXXXXXX
HCoV-229E,XXXXXXXXXXXXXXXXXXXXXXXXXXXXXXXXXXXXXXXXXXXXXXXXXXXXXXXXXX
HCoV-229E,XXXXXXXXXXXXXXXXXXXXXXXXXXXXXXXXXXXXXXXXXXXXXXXXXXXXXXXXXX
HCoV-229E,XXXXXXXXXXXXXXXXXXXXXXXXXXXXXXXXXXXXXXXXXXXXXXXXXXXXXXXXX
HCoV-229E,XXXXXXXXXXXXXXXXXXXXXXXXXXXXXXXXXXXXXXXXXXXXXXXXXXXXXXXXX
HCoV-229E,XXXXXXXXXXXXXXXXXXXXXXXXXXXXXXXXXXXXXXXXXXXXXXXXXXXXXXXX
HCoV-229E,XXXXXXXXXXXXXXXXXXXXXXXXXXXXXXXXXXXXXXXXXXXXXXXXXXXXXXXX
HCoV-229E,XXXXXXXXXXXXXXXXXXXXXXXXXXXXXXXXXXXXXXXXXXXXXXXXXXXXXXX
HCoV-229E,XXXXXXXXXXXXXXXXXXXXXXXXXXXXXXXXXXXXXXXXXXXXXXXXXXXXXXX
HCoV-229E,XXXXXXXXXXXXXXXXXXXXXXXXXXXXXXXXXXXXXXXXXXXXXXXXXXXXXX
HCoV-229E,XXXXXXXXXXXXXXXXXXXXXXXXXXXXXXXXXXXXXXXXXXXXXXXXXXXXXX
HCoV-229E,XXXXXXXXXXXXXXXXXXXXXXXXXXXXXXXXXXXXXXXXXXXXXXXXXXXXX
HCoV-229E,XXXXXXXXXXXXXXXXXXXXXXXXXXXXXXXXXXXXXXXXXXXXXXXXXXXXX
HCoV-229E,XXXXXXXXXXXXXXXXXXXXXXXXXXXXXXXXXXXXXXXXXXXXXXXXXXXX
HCoV-229E,XXXXXXXXXXXXXXXXXXXXXXXXXXXXXXXXXXXXXXXXXXXXXXXXXXXX
HCoV-229E,XXXXXXXXXXXXXXXXXXXXXXXXXXXXXXXXXXXXXXXXXXXXXXXXXXX
HCoV-229E,XXXXXXXXXXXXXXXXXXXXXXXXXXXXXXXXXXXXXXXXXXXXXXXXXXX
HCoV-229E,XXXXXXXXXXXXXXXXXXXXXXXXXXXXXXXXXXXXXXXXXXXXXXXXXX
HCoV-229E,XXXXXXXXXXXXXXXXXXXXXXXXXXXXXXXXXXXXXXXXXXXXXXXXXX
HCoV-229E,XXXXXXXXXXXXXXXXXXXXXXXXXXXXXXXXXXXXXXXXXXXXXXXXX
HCoV-229E,XXXXXXXXXXXXXXXXXXXXXXXXXXXXXXXXXXXXXXXXXXXXXXXXX
HCoV-229E,XXXXXXXXXXXXXXXXXXXXXXXXXXXXXXXXXXXXXXXXXXXXXXXX
HCoV-229E,XXXXXXXXXXXXXXXXXXXXXXXXXXXXXXXXXXXXXXXXXXXXXXXX
HCoV-229E,XXXXXXXXXXXXXXXXXXXXXXXXXXXXXXXXXXXXXXXXXXXXXXX
HCoV-229E,XXXXXXXXXXXXXXXXXXXXXXXXXXXXXXXXXXXXXXXXXXXXXXX
HCoV-229E,XXXXXXXXXXXXXXXXXXXXXXXXXXXXXXXXXXXXXXXXXXXXXX
HCoV-229E,XXXXXXXXXXXXXXXXXXXXXXXXXXXXXXXXXXXXXXXXXXXXXX
HCoV-229E,XXXXXXXXXXXXXXXXXXXXXXXXXXXXXXXXXXXXXXXXXXXXX
HCoV-229E,XXXXXXXXXXXXXXXXXXXXXXXXXXXXXXXXXXXXXXXXXXXXX
HCoV-229E,XXXXXXXXXXXXXXXXXXXXXXXXXXXXXXXXXXXXXXXXXXXXX
HCoV-229E,XXXXXXXXXXXXXXXXXXXXXXXXXXXXXXXXXXXXXXXXXXXXX
HCoV-229E,XXXXXXXXXXXXXXXXXXXXXXXXXXXXXXXXXXXXXXXXXXXXX
HCoV-229E,XXXXXXXXXXXXXXXXXXXXXXXXXXXXXXXXXXXXXXXXXXXXX
HCoV-229E,XXXXXXXXXXXXXXXXXXXXXXXXXXXXXXXXXXXXXXXXXXXXX
HCoV-229E,XXXXXXXXXXXXXXXXXXXXXXXXXXXXXXXXXXXXXXXXXXXXX
HCoV-229E,XXXXXXXXXXXXXXXXXXXXXXXXXXXXXXXXXXXXXXXXXXXXX
HCoV-229E,XXXXXXXXXXXXXXXXXXXXXXXXXXXXXXXXXXXXXXXXXXXXX
HCoV-229E,XXXXXXXXXXXXXXXXXXXXXXXXXXXXXXXXXXXXXXXXXXXXX
HCoV-229E,XXXXXXXXXXXXXXXXXXXXXXXXXXXXXXXXXXXXXXXXXXXXX
HCoV-229E,XXXXXXXXXXXXXXXXXXXXXXXXXXXXXXXXXXXXXXXXXXXXX
HCoV-229E,XXXXXXXXXXXXXXXXXXXXXXXXXXXXXXXXXXXXXXXXXXXXX
HCoV-229E,XXXXXXXXXXXXXXXXXXXXXXXXXXXXXXXXXXXXXXXXXXXXX
HCoV-229E,XXXXXXXXXXXXXXXXXXXXXXXXXXXXXXXXXXXXXXXXXXXXX
HCoV-229E,XXXXXXXXXXXXXXXXXXXXXXXXXXXXXXXXXXXXXXXXXXXXX
HCoV-229E,XXXXXXXXXXXXXXXXXXXXXXXXXXXXXXXXXXXXXXXXXXXXX
HCoV-229E,XXXXXXXXXXXXXXXXXXXXXXXXXXXXXXXXXXXXXXXXXXXXX
HCoV-229E,XXXXXXXXXXXXXXXXXXXXXXXXXXXXXXXXXXXXXXXXXXXXX
HCoV-229E,XXXXXXXXXXXXXXXXXXXXXXXXXXXXXXXXXXXXXXXXXXXXX
HCoV-229E,XXXXXXXXXXXXXXXXXXXXXXXXXXXXXXXXXXXXXXXXXXXXX
HCoV-229E,XXXXXXXXXXXXXXXXXXXXXXXXXXXXXXXXXXXXXXXXXXXXX
HCoV-229E,XXXXXXXXXXXXXXXXXXXXXXXXXXXXXXXXXXXXXXXXXXXXX
HCoV-229E,XXXXXXXXXXXXXXXXXXXXXXXXXXXXXXXXXXXXXXXXXXXXX
HCoV-229E,XXXXXXXXXXXXXXXXXXXXXXXXXXXXXXXXXXXXXXXXXXXXX
HCoV-229E,XXXXXXXXXXXXXXXXXXXXXXXXXXXXXXXXXXXXXXXXXXXXX
HCoV-229E,XXXXXXXXXXXXXXXXXXXXXXXXXXXXXXXXXXXXXXXXXXXXX
HCoV-229E,XXXXXXXXXXXXXXXXXXXXXXXXXXXXXXXXXXXXXXXXXXXXX
HCoV-229E,XXXXXXXXXXXXXXXXXXXXXXXXXXXXXXXXXXXXXXXXXXXXX
HCoV-229E,XXXXXXXXXXXXXXXXXXXXXXXXXXXXXXXXXXXXXXXXXXXXX
HCoV-229E,XXXXXXXXXXXXXXXXXXXXXXXXXXXXXXXXXXXXXXXXXXXXX
HCoV-229E,XXXXXXXXXXXXXXXXXXXXXXXXXXXXXXXXXXXXXXXXXXXXX
HCoV-229E,XXXXXXXXXXXXXXXXXXXXXXXXXXXXXXXXXXXXXXXXXXXXX
HCoV-229E,XXXXXXXXXXXXXXXXXXXXXXXXXXXXXXXXXXXXXXXXXXXXX
HCoV-229E,XXXXXXXXXXXXXXXXXXXXXXXXXXXXXXXXXXXXXXXXXXXXX
HCoV-229E,XXXXXXXXXXXXXXXXXXXXXXXXXXXXXXXXXXXXXXXXXXXXX
HCoV-229E,XXXXXXXXXXXXXXXXXXXXXXXXXXXXXXXXXXXXXXXXXXXXX
HCoV-229E,XXXXXXXXXXXXXXXXXXXXXXXXXXXXXXXXXXXXXXXXXXXXX
HCoV-229E,XXXXXXXXXXXXXXXXXXXXXXXXXXXXXXXXXXXXXXXXXXXXX
HCoV-229E,XXXXXXXXXXXXXXXXXXXXXXXXXXXXXXXXXXXXXXXXXXXXX
HCoV-229E,XXXXXXXXXXXXXXXXXXXXXXXXXXXXXXXXXXXXXXXXXXXXX
HCoV-229E,XXXXXXXXXXXXXXXXXXXXXXXXXXXXXXXXXXXXXXXXXXXXX
HCoV-229E,XXXXXXXXXXXXXXXXXXXXXXXXXXXXXXXXXXXXXXXXXXXXX
HCoV-229E,XXXXXXXXXXXXXXXXXXXXXXXXXXXXXXXXXXXXXXXXXXXXX
HCoV-229E,XXXXXXXXXXXXXXXXXXXXXXXXXXXXXXXXXXXXXXXXXXXXX
HCoV-229E,XXXXXXXXXXXXXXXXXXXXXXXXXXXXXXXXXXXXXXXXXXXXX
HCoV-229E,XXXXXXXXXXXXXXXXXXXXXXXXXXXXXXXXXXXXXXXXXXXXX
HCoV-229E,XXXXXXXXXXXXXXXXXXXXXXXXXXXXXXXXXXXXXXXXXXXXX
HCoV-229E,XXXXXXXXXXXXXXXXXXXXXXXXXXXXXXXXXXXXXXXXXXXXX
HCoV-229E,XXXXXXXXXXXXXXXXXXXXXXXXXXXXXXXXXXXXXXXXXXXXX
HCoV-229E,XXXXXXXXXXXXXXXXXXXXXXXXXXXXXXXXXXXXXXXXXXXXX
HCoV-229E,XXXXXXXXXXXXXXXXXXXXXXXXXXXXXXXXXXXXXXXXXXXXX
HCoV-229E,XXXXXXXXXXXXXXXXXXXXXXXXXXXXXXXXXXXXXXXXXXXXX
HCoV-229E,XXXXXXXXXXXXXXXXXXXXXXXXXXXXXXXXXXXXXXXXXXXXX
HCoV-229E,XXXXXXXXXXXXXXXXXXXXXXXXXXXXXXXXXXXXXXXXXXXXX
HCoV-229E,XXXXXXXXXXXXXXXXXXXXXXXXXXXXXXXXXXXXXXXXXXXXX
HCoV-229E,XXXXXXXXXXXXXXXXXXXXXXXXXXXXXXXXXXXXXXXXXXXXX
HCoV-229E,XXXXXXXXXXXXXXXXXXXXXXXXXXXXXXXXXXXXXXXXXXXXX
HCoV-229E,XXXXXXXXXXXXXXXXXXXXXXXXXXXXXXXXXXXXXXXXXXXXX
HCoV-229E,XXXXXXXXXXXXXXXXXXXXXXXXXXXXXXXXXXXXXXXXXXXXX
HCoV-229E,XXXXXXXXXXXXXXXXXXXXXXXXXXXXXXXXXXXXXXXXXXXXX
HCoV-229E,XXXXXXXXXXXXXXXXXXXXXXXXXXXXXXXXXXXXXXXXXXXXX
HCoV-229E,XXXXXXXXXXXXXXXXXXXXXXXXXXXXXXXXXXXXXXXXXXXXX
HCoV-229E,XXXXXXXXXXXXXXXXXXXXXXXXXXXXXXXXXXXXXXXXXXXXX
HCoV-229E,XXXXXXXXXXXXXXXXXXXXXXXXXXXXXXXXXXXXXXXXXXXXX
HCoV-229E,XXXXXXXXXXXXXXXXXXXXXXXXXXXXXXXXXXXXXXXXXXXXX
HCoV-229E,XXXXXXXXXXXXXXXXXXXXXXXXXXXXXXXXXXXXXXXXXXXXX
HCoV-229E,XXXXXXXXXXXXXXXXXXXXXXXXXXXXXXXXXXXXXXXXXXXXX
HCoV-229E,XXXXXXXXXXXXXXXXXXXXXXXXXXXXXXXXXXXXXXXXXXXXX
HCoV-229E,XXXXXXXXXXXXXXXXXXXXXXXXXXXXXXXXXXXXXXXXXXXXX
HCoV-229E,XXXXXXXXXXXXXXXXXXXXXXXXXXXXXXXXXXXXXXXXXXXXX
HCoV-229E,XXXXXXXXXXXXXXXXXXXXXXXXXXXXXXXXXXXXXXXXXXXXX
HCoV-229E,XXXXXXXXXXXXXXXXXXXXXXXXXXXXXXXXXXXXXXXXXXXXX
HCoV-229E,XXXXXXXXXXXXXXXXXXXXXXXXXXXXXXXXXXXXXXXXXXXXX
HCoV-229E,XXXXXXXXXXXXXXXXXXXXXXXXXXXXXXXXXXXXXXXXXXXXX
HCoV-229E,XXXXXXXXXXXXXXXXXXXXXXXXXXXXXXXXXXXXXXXXXXXXX
HCoV-229E,XXXXXXXXXXXXXXXXXXXXXXXXXXXXXXXXXXXXXXXXXXXXX
HCoV-229E,XXXXXXXXXXXXXXXXXXXXXXXXXXXXXXXXXXXXXXXXXXXXX
HCoV-229E,XXXXXXXXXXXXXXXXXXXXXXXXXXXXXXXXXXXXXXXXXXXXX
HCoV-229E,XXXXXXXXXXXXXXXXXXXXXXXXXXXXXXXXXXXXXXXXXXXXX
HCoV-229E,XXXXXXXXXXXXXXXXXXXXXXXXXXXXXXXXXXXXXXXXXXXXX
HCoV-229E,XXXXXXXXXXXXXXXXXXXXXXXXXXXXXXXXXXXXXXXXXXXXX
HCoV-229E,XXXXXXXXXXXXXXXXXXXXXXXXXXXXXXXXXXXXXXXXXXXXX
HCoV-229E,XXXXXXXXXXXXXXXXXXXXXXXXXXXXXXXXXXXXXXXXXXXXX
HCoV-229E,XXXXXXXXXXXXXXXXXXXXXXXXXXXXXXXXXXXXXXXXXXXXX
HCoV-229E,XXXXXXXXXXXXXXXXXXXXXXXXXXXXXXXXXXXXXXXXXXXXX
HCoV-229E,XXXXXXXXXXXXXXXXXXXXXXXXXXXXXXXXXXXXXXXXXXXXX
HCoV-229E,XXXXXXXXXXXXXXXXXXXXXXXXXXXXXXXXXXXXXXXXXXXXX
HCoV-229E,XXXXXXXXXXXXXXXXXXXXXXXXXXXXXXXXXXXXXXXXXXXXX
HCoV-229E,XXXXXXXXXXXXXXXXXXXXXXXXXXXXXXXXXXXXXXXXXXXXX
HCoV-229E,XXXXXXXXXXXXXXXXXXXXXXXXXXXXXXXXXXXXXXXXXXXXX
HCoV-229E,XXXXXXXXXXXXXXXXXXXXXXXXXXXXXXXXXXXXXXXXXXXXX
HCoV-229E,XXXXXXXXXXXXXXXXXXXXXXXXXXXXXXXXXXXXXXXXXXXXX
HCoV-229E,XXXXXXXXXXXXXXXXXXXXXXXXXXXXXXXXXXXXXXXXXXXXX
HCoV-229E,XXXXXXXXXXXXXXXXXXXXXXXXXXXXXXXXXXXXXXXXXXXXX
HCoV-229E,XXXXXXXXXXXXXXXXXXXXXXXXXXXXXXXXXXXXXXXXXXXXX
HCoV-229E,XXXXXXXXXXXXXXXXXXXXXXXXXXXXXXXXXXXXXXXXXXXXX
HCoV-229E,XXXXXXXXXXXXXXXXXXXXXXXXXXXXXXXXXXXXXXXXXXXXX
HCoV-229E,XXXXXXXXXXXXXXXXXXXXXXXXXXXXXXXXXXXXXXXXXXXXX
HCoV-229E,XXXXXXXXXXXXXXXXXXXXXXXXXXXXXXXXXXXXXXXXXXXXX
HCoV-229E,XXXXXXXXXXXXXXXXXXXXXXXXXXXXXXXXXXXXXXXXXXXXX
HCoV-229E,XXXXXXXXXXXXXXXXXXXXXXXXXXXXXXXXXXXXXXXXXXXXX
HCoV-229E,XXXXXXXXXXXXXXXXXXXXXXXXXXXXXXXXXXXXXXXXXXXXX
HCoV-229E,XXXXXXXXXXXXXXXXXXXXXXXXXXXXXXXXXXXXXXXXXXXXX
HCoV-229E,XXXXXXXXXXXXXXXXXXXXXXXXXXXXXXXXXXXXXXXXXXXXX
HCoV-229E,XXXXXXXXXXXXXXXXXXXXXXXXXXXXXXXXXXXXXXXXXXXXX
HCoV-229E,XXXXXXXXXXXXXXXXXXXXXXXXXXXXXXXXXXXXXXXXXXXXX
HCoV-229E,XXXXXXXXXXXXXXXXXXXXXXXXXXXXXXXXXXXXXXXXXXXXX
HCoV-229E,XXXXXXXXXXXXXXXXXXXXXXXXXXXXXXXXXXXXXXXXXXXXX
HCoV-229E,XXXXXXXXXXXXXXXXXXXXXXXXXXXXXXXXXXXXXXXXXXXXX
HCoV-229E,XXXXXXXXXXXXXXXXXXXXXXXXXXXXXXXXXXXXXXXXXXXXX
HCoV-229E,XXXXXXXXXXXXXXXXXXXXXXXXXXXXXXXXXXXXXXXXXXXXX
HCoV-229E,XXXXXXXXXXXXXXXXXXXXXXXXXXXXXXXXXXXXXXXXXXXXX
HCoV-229E,XXXXXXXXXXXXXXXXXXXXXXXXXXXXXXXXXXXXXXXXXXXXX
HCoV-229E,XXXXXXXXXXXXXXXXXXXXXXXXXXXXXXXXXXXXXXXXXXXXX
HCoV-229E,XXXXXXXXXXXXXXXXXXXXXXXXXXXXXXXXXXXXXXXXXXXXX
HCoV-229E,XXXXXXXXXXXXXXXXXXXXXXXXXXXXXXXXXXXXXXXXXXXXX
HCoV-229E,XXXXXXXXXXXXXXXXXXXXXXXXXXXXXXXXXXXXXXXXXXXXX
HCoV-229E,XXXXXXXXXXXXXXXXXXXXXXXXXXXXXXXXXXXXXXXXXXXXX
HCoV-229E,XXXXXXXXXXXXXXXXXXXXXXXXXXXXXXXXXXXXXXXXXXXXX
HCoV-229E,XXXXXXXXXXXXXXXXXXXXXXXXXXXXXXXXXXXXXXXXXXXXX
HCoV-229E,XXXXXXXXXXXXXXXXXXXXXXXXXXXXXXXXXXXXXXXXXXXXX
HCoV-229E,XXXXXXXXXXXXXXXXXXXXXXXXXXXXXXXXXXXXXXXXXXXXX
HCoV-229E,XXXXXXXXXXXXXXXXXXXXXXXXXXXXXXXXXXXXXXXXXXXXX
HCoV-229E,XXXXXXXXXXXXXXXXXXXXXXXXXXXXXXXXXXXXXXXXXXXXX
HCoV-229E,XXXXXXXXXXXXXXXXXXXXXXXXXXXXXXXXXXXXXXXXXXXXX
HCoV-229E,XXXXXXXXXXXXXXXXXXXXXXXXXXXXXXXXXXXXXXXXXXXXX
HCoV-229E,XXXXXXXXXXXXXXXXXXXXXXXXXXXXXXXXXXXXXXXXXXXXX
HCoV-229E,XXXXXXXXXXXXXXXXXXXXXXXXXXXXXXXXXXXXXXXXXXXXX
HCoV-229E,XXXXXXXXXXXXXXXXXXXXXXXXXXXXXXXXXXXXXXXXXXXXX
HCoV-229E,XXXXXXXXXXXXXXXXXXXXXXXXXXXXXXXXXXXXXXXXXXXXX
HCoV-229E,XXXXXXXXXXXXXXXXXXXXXXXXXXXXXXXXXXXXXXXXXXXXX
HCoV-229E,XXXXXXXXXXXXXXXXXXXXXXXXXXXXXXXXXXXXXXXXXXXXX
HCoV-229E,XXXXXXXXXXXXXXXXXXXXXXXXXXXXXXXXXXXXXXXXXXXXX
HCoV-229E,XXXXXXXXXXXXXXXXXXXXXXXXXXXXXXXXXXXXXXXXXXXXX
HCoV-229E,XXXXXXXXXXXXXXXXXXXXXXXXXXXXXXXXXXXXXXXXXXXXX
HCoV-229E,XXXXXXXXXXXXXXXXXXXXXXXXXXXXXXXXXXXXXXXXXXXXX
HCoV-229E,XXXXXXXXXXXXXXXXXXXXXXXXXXXXXXXXXXXXXXXXXXXXX
HCoV-229E,XXXXXXXXXXXXXXXXXXXXXXXXXXXXXXXXXXXXXXXXXXXXX
HCoV-229E,XXXXXXXXXXXXXXXXXXXXXXXXXXXXXXXXXXXXXXXXXXXXX
HCoV-229E,XXXXXXXXXXXXXXXXXXXXXXXXXXXXXXXXXXXXXXXXXXXXX
HCoV-229E,XXXXXXXXXXXXXXXXXXXXXXXXXXXXXXXXXXXXXXXXXXXXX
HCoV-229E,XXXXXXXXXXXXXXXXXXXXXXXXXXXXXXXXXXXXXXXXXXXXX
HCoV-229E,XXXXXXXXXXXXXXXXXXXXXXXXXXXXXXXXXXXXXXXXXXXXX
HCoV-229E,XXXXXXXXXXXXXXXXXXXXXXXXXXXXXXXXXXXXXXXXXXXXX
HCoV-229E,XXXXXXXXXXXXXXXXXXXXXXXXXXXXXXXXXXXXXXXXXXXXX
HCoV-229E,XXXXXXXXXXXXXXXXXXXXXXXXXXXXXXXXXXXXXXXXXXXXX
HCoV-229E,XXXXXXXXXXXXXXXXXXXXXXXXXXXXXXXXXXXXXXXXXXXXX
HCoV-229E,XXXXXXXXXXXXXXXXXXXXXXXXXXXXXXXXXXXXXXXXXXXXX
HCoV-229E,XXXXXXXXXXXXXXXXXXXXXXXXXXXXXXXXXXXXXXXXXXXXX
HCoV-229E,XXXXXXXXXXXXXXXXXXXXXXXXXXXXXXXXXXXXXXXXXXXXX
HCoV-229E,XXXXXXXXXXXXXXXXXXXXXXXXXXXXXXXXXXXXXXXXXXXXX
HCoV-229E,XXXXXXXXXXXXXXXXXXXXXXXXXXXXXXXXXXXXXXXXXXXXX
HCoV-229E,XXXXXXXXXXXXXXXXXXXXXXXXXXXXXXXXXXXXXXXXXXXXX
HCoV-229E,XXXXXXXXXXXXXXXXXXXXXXXXXXXXXXXXXXXXXXXXXXXXX
HCoV-229E,XXXXXXXXXXXXXXXXXXXXXXXXXXXXXXXXXXXXXXXXXXXXX
HCoV-229E,XXXXXXXXXXXXXXXXXXXXXXXXXXXXXXXXXXXXXXXXXXXXX
HCoV-229E,XXXXXXXXXXXXXXXXXXXXXXXXXXXXXXXXXXXXXXXXXXXXX
HCoV-229E,XXXXXXXXXXXXXXXXXXXXXXXXXXXXXXXXXXXXXXXXXXXXX
HCoV-229E,XXXXXXXXXXXXXXXXXXXXXXXXXXXXXXXXXXXXXXXXXXXXX
HCoV-229E,XXXXXXXXXXXXXXXXXXXXXXXXXXXXXXXXXXXXXXXXXXXXX
HCoV-229E,XXXXXXXXXXXXXXXXXXXXXXXXXXXXXXXXXXXXXXXXXXXXX
HCoV-229E,XXXXXXXXXXXXXXXXXXXXXXXXXXXXXXXXXXXXXXXXXXXXX
HCoV-229E,XXXXXXXXXXXXXXXXXXXXXXXXXXXXXXXXXXXXXXXXXXXXX
HCoV-229E,XXXXXXXXXXXXXXXXXXXXXXXXXXXXXXXXXXXXXXXXXXXXX
HCoV-229E,XXXXXXXXXXXXXXXXXXXXXXXXXXXXXXXXXXXXXXXXXXXXX
HCoV-229E,XXXXXXXXXXXXXXXXXXXXXXXXXXXXXXXXXXXXXXXXXXXXX
HCoV-229E,XXXXXXXXXXXXXXXXXXXXXXXXXXXXXXXXXXXXXXXXXXXXX
HCoV-229E,XXXXXXXXXXXXXXXXXXXXXXXXXXXXXXXXXXXXXXXXXXXXX
HCoV-229E,XXXXXXXXXXXXXXXXXXXXXXXXXXXXXXXXXXXXXXXXXXXXX
HCoV-229E,XXXXXXXXXXXXXXXXXXXXXXXXXXXXXXXXXXXXXXXXXXXXX
HCoV-229E,XXXXXXXXXXXXXXXXXXXXXXXXXXXXXXXXXXXXXXXXXXXXX
HCoV-229E,XXXXXXXXXXXXXXXXXXXXXXXXXXXXXXXXXXXXXXXXXXXXX
HCoV-229E,XXXXXXXXXXXXXXXXXXXXXXXXXXXXXXXXXXXXXXXXXXXXX
HCoV-229E,XXXXXXXXXXXXXXXXXXXXXXXXXXXXXXXXXXXXXXXXXXXXX
HCoV-229E,XXXXXXXXXXXXXXXXXXXXXXXXXXXXXXXXXXXXXXXXXXXXX
HCoV-229E,XXXXXXXXXXXXXXXXXXXXXXXXXXXXXXXXXXXXXXXXXXXXX
HCoV-229E,XXXXXXXXXXXXXXXXXXXXXXXXXXXXXXXXXXXXXXXXXXXXX
HCoV-229E,XXXXXXXXXXXXXXXXXXXXXXXXXXXXXXXXXXXXXXXXXXXXX
HCoV-229E,XXXXXXXXXXXXXXXXXXXXXXXXXXXXXXXXXXXXXXXXXXXXX
HCoV-229E,XXXXXXXXXXXXXXXXXXXXXXXXXXXXXXXXXXXXXXXXXXXXX
HCoV-229E,XXXXXXXXXXXXXXXXXXXXXXXXXXXXXXXXXXXXXXXXXXXXX
HCoV-229E,XXXXXXXXXXXXXXXXXXXXXXXXXXXXXXXXXXXXXXXXXXXXX
HCoV-229E,XXXXXXXXXXXXXXXXXXXXXXXXXXXXXXXXXXXXXXXXXXXXX
HCoV-229E,XXXXXXXXXXXXXXXXXXXXXXXXXXXXXXXXXXXXXXXXXXXXX
HCoV-229E,XXXXXXXXXXXXXXXXXXXXXXXXXXXXXXXXXXXXXXXXXXXXX
HCoV-229E,XXXXXXXXXXXXXXXXXXXXXXXXXXXXXXXXXXXXXXXXXXXXX
HCoV-229E,XXXXXXXXXXXXXXXXXXXXXXXXXXXXXXXXXXXXXXXXXXXXX
HCoV-229E,XXXXXXXXXXXXXXXXXXXXXXXXXXXXXXXXXXXXXXXXXXXXX
HCoV-229E,XXXXXXXXXXXXXXXXXXXXXXXXXXXXXXXXXXXXXXXXXXXXX
HCoV-229E,XXXXXXXXXXXXXXXXXXXXXXXXXXXXXXXXXXXXXXXXXXXXX
HCoV-229E,XXXXXXXXXXXXXXXXXXXXXXXXXXXXXXXXXXXXXXXXXXXXX
HCoV-229E,XXXXXXXXXXXXXXXXXXXXXXXXXXXXXXXXXXXXXXXXXXXXX
HCoV-229E,XXXXXXXXXXXXXXXXXXXXXXXXXXXXXXXXXXXXXXXXXXXXX
HCoV-229E,XXXXXXXXXXXXXXXXXXXXXXXXXXXXXXXXXXXXXXXXXXXXX
HCoV-229E,XXXXXXXXXXXXXXXXXXXXXXXXXXXXXXXXXXXXXXXXXXXXX
HCoV-229E,XXXXXXXXXXXXXXXXXXXXXXXXXXXXXXXXXXXXXXXXXXXXX
HCoV-229E,XXXXXXXXXXXXXXXXXXXXXXXXXXXXXXXXXXXXXXXXXXXX
HCoV-229E,XXXXXXXXXXXXXXXXXXXXXXXXXXXXXXXXXXXXXXXXXXXX
HCoV-229E,XXXXXXXXXXXXXXXXXXXXXXXXXXXXXXXXXXXXXXXXXXXX
HCoV-229E,XXXXXXXXXXXXXXXXXXXXXXXXXXXXXXXXXXXXXXXXXXXX
HCoV-229E,XXXXXXXXXXXXXXXXXXXXXXXXXXXXXXXXXXXXXXXXXXXX
HCoV-229E,XXXXXXXXXXXXXXXXXXXXXXXXXXXXXXXXXXXXXXXXXXXX
HCoV-229E,XXXXXXXXXXXXXXXXXXXXXXXXXXXXXXXXXXXXXXXXXXX
HCoV-229E,XXXXXXXXXXXXXXXXXXXXXXXXXXXXXXXXXXXXXXXXXXX
HCoV-229E,XXXXXXXXXXXXXXXXXXXXXXXXXXXXXXXXXXXXXXXXXXX
HCoV-229E,XXXXXXXXXXXXXXXXXXXXXXXXXXXXXXXXXXXXXXXXXXX
HCoV-229E,XXXXXXXXXXXXXXXXXXXXXXXXXXXXXXXXXXXXXXXXXXX
HCoV-229E,XXXXXXXXXXXXXXXXXXXXXXXXXXXXXXXXXXXXXXXXXXX
HCoV-229E,XXXXXXXXXXXXXXXXXXXXXXXXXXXXXXXXXXXXXXXXXX
HCoV-229E,XXXXXXXXXXXXXXXXXXXXXXXXXXXXXXXXXXXXXXXXXX
HCoV-229E,XXXXXXXXXXXXXXXXXXXXXXXXXXXXXXXXXXXXXXXXXX
HCoV-229E,XXXXXXXXXXXXXXXXXXXXXXXXXXXXXXXXXXXXXXXXXX
HCoV-229E,XXXXXXXXXXXXXXXXXXXXXXXXXXXXXXXXXXXXXXXXXX
HCoV-229E,XXXXXXXXXXXXXXXXXXXXXXXXXXXXXXXXXXXXXXXXXX
HCoV-229E,XXXXXXXXXXXXXXXXXXXXXXXXXXXXXXXXXXXXXXXXX
HCoV-229E,XXXXXXXXXXXXXXXXXXXXXXXXXXXXXXXXXXXXXXXXX
HCoV-229E,XXXXXXXXXXXXXXXXXXXXXXXXXXXXXXXXXXXXXXXXX
HCoV-229E,XXXXXXXXXXXXXXXXXXXXXXXXXXXXXXXXXXXXXXXXX
HCoV-229E,XXXXXXXXXXXXXXXXXXXXXXXXXXXXXXXXXXXXXXXXX
HCoV-229E,XXXXXXXXXXXXXXXXXXXXXXXXXXXXXXXXXXXXXXXXX
HCoV-229E,XXXXXXXXXXXXXXXXXXXXXXXXXXXXXXXXXXXXXXXX
HCoV-229E,XXXXXXXXXXXXXXXXXXXXXXXXXXXXXXXXXXXXXXXX
HCoV-229E,XXXXXXXXXXXXXXXXXXXXXXXXXXXXXXXXXXXXXXXX
HCoV-229E,XXXXXXXXXXXXXXXXXXXXXXXXXXXXXXXXXXXXXXXX
HCoV-229E,XXXXXXXXXXXXXXXXXXXXXXXXXXXXXXXXXXXXXXXX
HCoV-229E,XXXXXXXXXXXXXXXXXXXXXXXXXXXXXXXXXXXXXXXX
HCoV-229E,XXXXXXXXXXXXXXXXXXXXXXXXXXXXXXXXXXXXXXX
HCoV-229E,XXXXXXXXXXXXXXXXXXXXXXXXXXXXXXXXXXXXXXX
HCoV-229E,XXXXXXXXXXXXXXXXXXXXXXXXXXXXXXXXXXXXXXX
HCoV-229E,XXXXXXXXXXXXXXXXXXXXXXXXXXXXXXXXXXXXXXX
HCoV-229E,XXXXXXXXXXXXXXXXXXXXXXXXXXXXXXXXXXXXXXX
HCoV-229E,XXXXXXXXXXXXXXXXXXXXXXXXXXXXXXXXXXXXXXX
HCoV-229E,XXXXXXXXXXXXXXXXXXXXXXXXXXXXXXXXXXXXXX
HCoV-229E,XXXXXXXXXXXXXXXXXXXXXXXXXXXXXXXXXXXXXX
HCoV-229E,XXXXXXXXXXXXXXXXXXXXXXXXXXXXXXXXXXXXXX
HCoV-229E,XXXXXXXXXXXXXXXXXXXXXXXXXXXXXXXXXXXXXX
HCoV-229E,XXXXXXXXXXXXXXXXXXXXXXXXXXXXXXXXXXXXXX
HCoV-229E,XXXXXXXXXXXXXXXXXXXXXXXXXXXXXXXXXXXXXX
HCoV-229E,XXXXXXXXXXXXXXXXXXXXXXXXXXXXXXXXXXXXX
HCoV-229E,XXXXXXXXXXXXXXXXXXXXXXXXXXXXXXXXXXXXX
HCoV-229E,XXXXXXXXXXXXXXXXXXXXXXXXXXXXXXXXXXXXX
HCoV-229E,XXXXXXXXXXXXXXXXXXXXXXXXXXXXXXXXXXXXX
HCoV-229E,XXXXXXXXXXXXXXXXXXXXXXXXXXXXXXXXXXXXX
HCoV-229E,XXXXXXXXXXXXXXXXXXXXXXXXXXXXXXXXXXXXX
HCoV-229E,XXXXXXXXXXXXXXXXXXXXXXXXXXXXXXXXXXXX
HCoV-229E,XXXXXXXXXXXXXXXXXXXXXXXXXXXXXXXXXXXX
HCoV-229E,XXXXXXXXXXXXXXXXXXXXXXXXXXXXXXXXXXXX
HCoV-229E,XXXXXXXXXXXXXXXXXXXXXXXXXXXXXXXXXXXX
HCoV-229E,XXXXXXXXXXXXXXXXXXXXXXXXXXXXXXXXXXXX
HCoV-229E,XXXXXXXXXXXXXXXXXXXXXXXXXXXXXXXXXXXX
HCoV-229E,XXXXXXXXXXXXXXXXXXXXXXXXXXXXXXXXXXX
HCoV-229E,XXXXXXXXXXXXXXXXXXXXXXXXXXXXXXXXXXX
HCoV-229E,XXXXXXXXXXXXXXXXXXXXXXXXXXXXXXXXXXX
HCoV-229E,XXXXXXXXXXXXXXXXXXXXXXXXXXXXXXXXXXX
HCoV-229E,XXXXXXXXXXXXXXXXXXXXXXXXXXXXXXXXXXX
HCoV-229E,XXXXXXXXXXXXXXXXXXXXXXXXXXXXXXXXXXX
HCoV-229E,XXXXXXXXXXXXXXXXXXXXXXXXXXXXXXXXXX
HCoV-229E,XXXXXXXXXXXXXXXXXXXXXXXXXXXXXXXXXX
HCoV-229E,XXXXXXXXXXXXXXXXXXXXXXXXXXXXXXXXXX
HCoV-229E,XXXXXXXXXXXXXXXXXXXXXXXXXXXXXXXXXX
HCoV-229E,XXXXXXXXXXXXXXXXXXXXXXXXXXXXXXXXXX
HCoV-229E,XXXXXXXXXXXXXXXXXXXXXXXXXXXXXXXXXX
HCoV-229E,XXXXXXXXXXXXXXXXXXXXXXXXXXXXXXXXX
HCoV-229E,XXXXXXXXXXXXXXXXXXXXXXXXXXXXXXXXX
HCoV-229E,XXXXXXXXXXXXXXXXXXXXXXXXXXXXXXXXX
HCoV-229E,XXXXXXXXXXXXXXXXXXXXXXXXXXXXXXXXX
HCoV-229E,XXXXXXXXXXXXXXXXXXXXXXXXXXXXXXXXX
HCoV-229E,XXXXXXXXXXXXXXXXXXXXXXXXXXXXXXXXX
HCoV-229E,XXXXXXXXXXXXXXXXXXXXXXXXXXXXXXXX
HCoV-229E,XXXXXXXXXXXXXXXXXXXXXXXXXXXXXXXX
HCoV-229E,XXXXXXXXXXXXXXXXXXXXXXXXXXXXXXXX
HCoV-229E,XXXXXXXXXXXXXXXXXXXXXXXXXXXXXXXX
HCoV-229E,XXXXXXXXXXXXXXXXXXXXXXXXXXXXXXXX
HCoV-229E,XXXXXXXXXXXXXXXXXXXXXXXXXXXXXXXX
HCoV-229E,XXXXXXXXXXXXXXXXXXXXXXXXXXXXXXX
HCoV-229E,XXXXXXXXXXXXXXXXXXXXXXXXXXXXXXX
HCoV-229E,XXXXXXXXXXXXXXXXXXXXXXXXXXXXXXX
HCoV-229E,XXXXXXXXXXXXXXXXXXXXXXXXXXXXXXX
HCoV-229E,XXXXXXXXXXXXXXXXXXXXXXXXXXXXXXX
HCoV-229E,XXXXXXXXXXXXXXXXXXXXXXXXXXXXXXX
HCoV-229E,XXXXXXXXXXXXXXXXXXXXXXXXXXXXXX
HCoV-229E,XXXXXXXXXXXXXXXXXXXXXXXXXXXXXX
HCoV-229E,XXXXXXXXXXXXXXXXXXXXXXXXXXXXXX
HCoV-229E,XXXXXXXXXXXXXXXXXXXXXXXXXXXXXX
HCoV-229E,XXXXXXXXXXXXXXXXXXXXXXXXXXXXXX
HCoV-229E,XXXXXXXXXXXXXXXXXXXXXXXXXXXXXX
HCoV-229E,XXXXXXXXXXXXXXXXXXXXXXXXXXXXX
HCoV-229E,XXXXXXXXXXXXXXXXXXXXXXXXXXXXX
HCoV-229E,XXXXXXXXXXXXXXXXXXXXXXXXXXXXX
HCoV-229E,XXXXXXXXXXXXXXXXXXXXXXXXXXXXX
HCoV-229E,XXXXXXXXXXXXXXXXXXXXXXXXXXXXX
HCoV-229E,XXXXXXXXXXXXXXXXXXXXXXXXXXXXX
HCoV-229E,XXXXXXXXXXXXXXXXXXXXXXXXXXXX
HCoV-229E,XXXXXXXXXXXXXXXXXXXXXXXXXXXX
HCoV-229E,XXXXXXXXXXXXXXXXXXXXXXXXXXXX
HCoV-229E,XXXXXXXXXXXXXXXXXXXXXXXXXXXX
HCoV-229E,XXXXXXXXXXXXXXXXXXXXXXXXXXXX
HCoV-229E,XXXXXXXXXXXXXXXXXXXXXXXXXXXX
HCoV-229E,XXXXXXXXXXXXXXXXXXXXXXXXXXX
HCoV-229E,XXXXXXXXXXXXXXXXXXXXXXXXXXX
HCoV-229E,XXXXXXXXXXXXXXXXXXXXXXXXXXX
HCoV-229E,XXXXXXXXXXXXXXXXXXXXXXXXXXX
HCoV-229E,XXXXXXXXXXXXXXXXXXXXXXXXXXX
HCoV-229E,XXXXXXXXXXXXXXXXXXXXXXXXXXX
HCoV-229E,XXXXXXXXXXXXXXXXXXXXXXXXXX
HCoV-229E,XXXXXXXXXXXXXXXXXXXXXXXXXX
HCoV-229E,XXXXXXXXXXXXXXXXXXXXXXXXXX
HCoV-229E,XXXXXXXXXXXXXXXXXXXXXXXXXX
HCoV-229E,XXXXXXXXXXXXXXXXXXXXXXXXXX
HCoV-229E,XXXXXXXXXXXXXXXXXXXXXXXXXX
HCoV-229E,XXXXXXXXXXXXXXXXXXXXXXXXX
HCoV-229E,XXXXXXXXXXXXXXXXXXXXXXXXX
HCoV-229E,XXXXXXXXXXXXXXXXXXXXXXXXX
HCoV-229E,XXXXXXXXXXXXXXXXXXXXXXXXX
HCoV-229E,XXXXXXXXXXXXXXXXXXXXXXXXX
HCoV-229E,XXXXXXXXXXXXXXXXXXXXXXXXX
HCoV-229E,XXXXXXXXXXXXXXXXXXXXXXXX
HCoV-229E,XXXXXXXXXXXXXXXXXXXXXXXX
HCoV-229E,XXXXXXXXXXXXXXXXXXXXXXXX
HCoV-229E,XXXXXXXXXXXXXXXXXXXXXXXX
HCoV-229E,XXXXXXXXXXXXXXXXXXXXXXXX
HCoV-229E,XXXXXXXXXXXXXXXXXXXXXXXX
HCoV-229E,XXXXXXXXXXXXXXXXXXXXXXX
HCoV-229E,XXXXXXXXXXXXXXXXXXXXXXX
HCoV-229E,XXXXXXXXXXXXXXXXXXXXXXX
HCoV-229E,XXXXXXXXXXXXXXXXXXXXXXX
HCoV-229E,XXXXXXXXXXXXXXXXXXXXXXX
HCoV-229E,XXXXXXXXXXXXXXXXXXXXXXX
HCoV-229E,XXXXXXXXXXXXXXXXXXXXXX
HCoV-229E,XXXXXXXXXXXXXXXXXXXXXX
HCoV-229E,XXXXXXXXXXXXXXXXXXXXXX
HCoV-229E,XXXXXXXXXXXXXXXXXXXXXX
HCoV-229E,XXXXXXXXXXXXXXXXXXXXXX
HCoV-229E,XXXXXXXXXXXXXXXXXXXXXX
HCoV-229E,XXXXXXXXXXXXXXXXXXXXX
HCoV-229E,XXXXXXXXXXXXXXXXXXXXX
HCoV-229E,XXXXXXXXXXXXXXXXXXXXX
HCoV-229E,XXXXXXXXXXXXXXXXXXXXX
HCoV-229E,XXXXXXXXXXXXXXXXXXXXX
HCoV-229E,XXXXXXXXXXXXXXXXXXXXX
HCoV-229E,XXXXXXXXXXXXXXXXXXXX
HCoV-229E,XXXXXXXXXXXXXXXXXXXX
HCoV-229E,XXXXXXXXXXXXXXXXXXXX
HCoV-229E,XXXXXXXXXXXXXXXXXXXX
HCoV-229E,XXXXXXXXXXXXXXXXXXXX
HCoV-229E,XXXXXXXXXXXXXXXXXXXX
HCoV-229E,XXXXXXXXXXXXXXXXXXX
HCoV-229E,XXXXXXXXXXXXXXXXXXX
HCoV-229E,XXXXXXXXXXXXXXXXXXX
HCoV-229E,XXXXXXXXXXXXXXXXXXX
HCoV-229E,XXXXXXXXXXXXXXXXXXX
HCoV-229E,XXXXXXXXXXXXXXXXXXX
HCoV-229E,XXXXXXXXXXXXXXXXXX
HCoV-229E,XXXXXXXXXXXXXXXXXX
HCoV-229E,XXXXXXXXXXXXXXXXXX
HCoV-229E,XXXXXXXXXXXXXXXXXX
HCoV-229E,XXXXXXXXXXXXXXXXXX
HCoV-229E,XXXXXXXXXXXXXXXXXX
HCoV-229E,XXXXXXXXXXXXXXXXX
HCoV-229E,XXXXXXXXXXXXXXXXX
HCoV-229E,XXXXXXXXXXXXXXXXX
HCoV-229E,XXXXXXXXXXXXXXXXX
HCoV-229E,XXXXXXXXXXXXXXXXX
HCoV-229E,XXXXXXXXXXXXXXXXX
HCoV-229E,XXXXXXXXXXXXXXXX
HCoV-229E,XXXXXXXXXXXXXXXX
HCoV-229E,XXXXXXXXXXXXXXXX
HCoV-229E,XXXXXXXXXXXXXXXX
HCoV-229E,XXXXXXXXXXXXXXXX
HCoV-229E,XXXXXXXXXXXXXXXX
HCoV-229E,XXXXXXXXXXXXXXX
HCoV-229E,XXXXXXXXXXXXXXX
HCoV-229E,XXXXXXXXXXXXXXX
HCoV-229E,XXXXXXXXXXXXXXX
HCoV-229E,XXXXXXXXXXXXXXX
HCoV-229E,XXXXXXXXXXXXXXX
HCoV-229E,XXXXXXXXXXXXXX
HCoV-229E,XXXXXXXXXXXXXX
HCoV-229E,XXXXXXXXXXXXXX
HCoV-229E,XXXXXXXXXXXXXX
HCoV-229E,XXXXXXXXXXXXXX
HCoV-229E,XXXXXXXXXXXXXX
HCoV-229E,XXXXXXXXXXXXX
HCoV-229E,XXXXXXXXXXXXX
HCoV-229E,XXXXXXXXXXXXX
HCoV-229E,XXXXXXXXXXXXX
HCoV-229E,XXXXXXXXXXXXX
HCoV-229E,XXXXXXXXXXXXX
HCoV-229E,XXXXXXXXXXXX
HCoV-229E,XXXXXXXXXXXX
HCoV-229E,XXXXXXXXXXXX
HCoV-229E,XXXXXXXXXXXX
HCoV-229E,XXXXXXXXXXXX
HCoV-229E,XXXXXXXXXXXX
HCoV-229E,XXXXXXXXXXX
HCoV-229E,XXXXXXXXXXX
HCoV-229E,XXXXXXXXXXX
HCoV-229E,XXXXXXXXXXX
HCoV-229E,XXXXXXXXXXX
HCoV-229E,XXXXXXXXXXX
HCoV-229E,XXXXXXXXXX
HCoV-229E,XXXXXXXXXX
HCoV-229E,XXXXXXXXXX
HCoV-229E,XXXXXXXXXX
HCoV-229E,XXXXXXXXXX
HCoV-229E,XXXXXXXXXX
HCoV-229E,XXXXXXXXX
HCoV-229E,XXXXXXXXX
HCoV-229E,XXXXXXXXX
HCoV-229E,XXXXXXXXX
HCoV-229E,XXXXXXXXX
HCoV-229E,XXXXXXXXX
HCoV-229E,XXXXXXXX
HCoV-229E,XXXXXXXX
HCoV-229E,XXXXXXXX
HCoV-229E,XXXXXXXX
HCoV-229E,XXXXXXXX
HCoV-229E,XXXXXXXX
HCoV-229E,XXXXXXX
HCoV-229E,XXXXXXX
HCoV-229E,XXXXXXX
HCoV-229E,XXXXXXX
HCoV-229E,XXXXXXX
HCoV-229E,XXXXXXX
HCoV-229E,XXXXXXX
HCoV-229E,XXXXXXX
HCoV-229E,XXXXXXX
HCoV-229E,XXXXXXX
HCoV-229E,XXXXXXX
HCoV-229E,XXXXXXX
HCoV-229E,XXXXXXX
HCoV-229E,XXXXXXX
HCoV-229E,XXXXXXX
HCoV-229E,XXXXXXX
HCoV-229E,XXXXXXX
HCoV-229E,XXXXXXX
HCoV-229E,XXXXXXX
HCoV-229E,XXXXXXX
HCoV-229E,XXXXXXX
HCoV-229E,XXXXXXX
HCoV-229E,XXXXXXX
HCoV-229E,XXXXXXX
HCoV-229E,XXXXXXX
HCoV-229E,XXXXXXX
HCoV-229E,XXXXXXX
HCoV-229E,XXXXXXX
HCoV-229E,XXXXXXX
HCoV-229E,XXXXXXX
HCoV-229E,XXXXXXX
HCoV-229E,XXXXXXX
HCoV-229E,XXXXXXX
HCoV-229E,XXXXXXX
HCoV-229E,XXXXXXX
HCoV-229E,XXXXXXX
HCoV-229E,XXXXXXX
HCoV-229E,XXXXXXX
HCoV-229E,XXXXXXX
HCoV-229E,XXXXXXX
HCoV-229E,XXXXXXX
HCoV-229E,XXXXXXX
HCoV-229E,XXXXXXX
HCoV-229E,XXXXXXX
HCoV-229E,XXXXXXX
HCoV-229E,XXXXXXX
HCoV-229E,XXXXXXX
HCoV-229E,XXXXXXX
HCoV-229E,XXXXXXX
HCoV-229E,XXXXXXX
HCoV-229E,XXXXXXX
HCoV-229E,XXXXXXX
HCoV-229E,XXXXXXX
HCoV-229E,XXXXXXX
HCoV-229E,XXXXXXX
HCoV-229E,XXXXXXX
HCoV-229E,XXXXXXX
HCoV-229E,XXXXXXX
HCoV-229E,XXXXXXX
HCoV-229E,XXXXXXX
HCoV-229E,XXXXXXX
HCoV-229E,XXXXXXX
HCoV-229E,XXXXXXX
HCoV-229E,XXXXXXX
HCoV-229E,XXXXXXX
HCoV-229E,XXXXXXX
HCoV-229E,XXXXXXX
HCoV-229E,XXXXXXX
HCoV-229E,XXXXXXX
HCoV-229E,XXXXXXX
HCoV-229E,XXXXXXX
HCoV-229E,XXXXXXX
HCoV-229E,XXXXXXX
HCoV-229E,XXXXXXX
HCoV-229E,XXXXXXX
HCoV-229E,XXXXXXX
HCoV-229E,XXXXXXX
HCoV-229E,XXXXXXX
HCoV-229E,XXXXXXX
HCoV-229E,XXXXXXX
HCoV-229E,XXXXXXX
HCoV-229E,XXXXXXX
HCoV-229E,XXXXXXX
HCoV-229E,XXXXXXX
HCoV-229E,XXXXXXX
HCoV-229E,XXXXXXX
HCoV-229E,XXXXXXX
HCoV-229E,XXXXXXX
HCoV-229E,XXXXXXX
HCoV-229E,XXXXXXX
HCoV-229E,XXXXXXX
HCoV-229E,XXXXXXX
HCoV-229E,XXXXXXX
HCoV-229E,XXXXXXX
HCoV-229E,XXXXXXX
HCoV-229E,XXXXXXX
HCoV-229E,XXXXXXX
HCoV-229E,XXXXXXX
HCoV-229E,XXXXXXX
HCoV-229E,XXXXXXX
HCoV-229E,XXXXXXX
HCoV-229E,XXXXXXX
HCoV-229E,XXXXXXX
HCoV-229E,XXXXXXX
HCoV-229E,XXXXXXX
HCoV-229E,XXXXXXX
HCoV-229E,XXXXXXX
HCoV-229E,XXXXXXX
HCoV-229E,XXXXXXX
HCoV-229E,XXXXXXX
HCoV-229E,XXXXXXX
HCoV-229E,XXXXXXX
HCoV-229E,XXXXXXX
HCoV-229E,XXXXXXX
HCoV-229E,XXXXXXX
HCoV-229E,XXXXXXX
HCoV-229E,XXXXXXX
HCoV-229E,XXXXXXX
HCoV-229E,XXXXXXX
HCoV-229E,XXXXXXX
HCoV-229E,XXXXXXX
HCoV-229E,XXXXXXX
HCoV-229E,XXXXXXX
HCoV-229E,XXXXXXX
HCoV-229E,XXXXXXX
HCoV-229E,XXXXXXX
HCoV-229E,XXXXXXX
HCoV-229E,XXXXXXX
HCoV-229E,XXXXXXX
HCoV-229E,XXXXXXX
HCoV-229E,XXXXXXX
HCoV-229E,XXXXXXX
HCoV-229E,XXXXXXX
HCoV-229E,XXXXXXX
HCoV-229E,XXXXXXX
HCoV-229E,XXXXXXX
HCoV-229E,XXXXXXX
HCoV-229E,XXXXXXX
HCoV-229E,XXXXXXX
HCoV-229E,XXXXXXX
HCoV-229E,XXXXXXX
HCoV-229E,XXXXXXX
HCoV-229E,XXXXXXX
HCoV-229E,XXXXXXX
HCoV-229E,XXXXXXX
HCoV-229E,XXXXXXX
HCoV-229E,XXXXXXX
HCoV-229E,XXXXXXX
HCoV-229E,XXXXXXX
HCoV-229E,XXXXXXX
HCoV-229E,XXXXXXX
HCoV-229E,XXXXXXX
HCoV-229E,XXXXXXX
HCoV-229E,XXXXXXX
HCoV-229E,XXXXXXX
HCoV-229E,XXXXXXX
HCoV-229E,XXXXXXX
HCoV-229E,XXXXXXX
HCoV-229E,XXXXXXX
HCoV-229E,XXXXXXX
HCoV-229E,XXXXXXX
HCoV-229E,XXXXXXX
HCoV-229E,XXXXXXX
HCoV-229E,XXXXXXX
HCoV-229E,XXXXXXX
HCoV-229E,XXXXXXX
HCoV-229E,XXXXXXX
HCoV-229E,XXXXXXX
HCoV-229E,XXXXXXX
HCoV-229E,XXXXXXX
HCoV-229E,XXXXXXX
HCoV-229E,XXXXXXX
HCoV-229E,XXXXXXX
HCoV-229E,XXXXXXX
HCoV-229E,XXXXXXX
HCoV-229E,XXXXXXX
HCoV-229E,XXXXXXX
HCoV-229E,XXXXXXX
HCoV-229E,XXXXXXX
HCoV-229E,XXXXXXX
HCoV-229E,XXXXXXX
HCoV-229E,XXXXXXX
HCoV-229E,XXXXXXX
HCoV-229E,XXXXXXX
HCoV-229E,XXXXXXX
HCoV-229E,XXXXXXX
HCoV-229E,XXXXXXX
HCoV-229E,XXXXXXX
HCoV-229E,XXXXXXX
HCoV-229E,XXXXXXX
HCoV-229E,XXXXXXX
HCoV-229E,XXXXXXX
HCoV-229E,XXXXXXX
HCoV-229E,XXXXXXX
HCoV-229E,XXXXXXX
HCoV-229E,XXXXXXX
HCoV-229E,XXXXXXX
HCoV-229E,XXXXXXX
HCoV-229E,XXXXXXX
HCoV-229E,XXXXXXX
HCoV-229E,XXXXXXX
HCoV-229E,XXXXXXX
HCoV-229E,XXXXXXX
HCoV-229E,XXXXXXX
HCoV-229E,XXXXXXX
HCoV-229E,XXXXXXX
HCoV-229E,XXXXXXX
HCoV-229E,XXXXXXX
HCoV-229E,XXXXXXX
HCoV-229E,XXXXXXX
HCoV-229E,XXXXXXX
HCoV-229E,XXXXXXX
HCoV-229E,XXXXXXX
HCoV-229E,XXXXXXX
HCoV-229E,XXXXXXX
HCoV-229E,XXXXXXX
HCoV-229E,XXXXXXX
HCoV-229E,XXXXXXX
HCoV-229E,XXXXXXX
HCoV-229E,XXXXXXX
HCoV-229E,XXXXXXX
HCoV-229E,XXXXXXX
HCoV-229E,XXXXXXX
HCoV-229E,XXXXXXX
HCoV-229E,XXXXXXX
HCoV-229E,XXXXXXX
HCoV-229E,XXXXXXX
HCoV-229E,XXXXXXX
HCoV-229E,XXXXXXX
HCoV-229E,XXXXXXX
HCoV-229E,XXXXXXX
HCoV-229E,XXXXXXX
HCoV-229E,XXXXXXX
HCoV-229E,XXXXXXX
HCoV-229E,XXXXXXX
HCoV-229E,XXXXXXX
HCoV-229E,XXXXXXX
HCoV-229E,XXXXXXX
HCoV-229E,XXXXXXX
HCoV-229E,XXXXXXX
HCoV-229E,XXXXXXX
HCoV-229E,XXXXXXX
HCoV-229E,XXXXXXX
HCoV-229E,XXXXXXX
HCoV-229E,XXXXXXX
HCoV-229E,XXXXXXX
HCoV-229E,XXXXXXX
HCoV-229E,XXXXXXX
HCoV-229E,XXXXXXX
HCoV-229E,XXXXXXX
HCoV-229E,XXXXXXX
HCoV-229E,XXXXXXX
HCoV-229E,XXXXXXX
HCoV-229E,XXXXXXX
HCoV-229E,XXXXXXX
HCoV-229E,XXXXXXX
HCoV-229E,XXXXXXX
HCoV-229E,XXXXXXX
HCoV-229E,XXXXXXX
HCoV-229E,XXXXXXX
HCoV-229E,XXXXXXX
HCoV-229E,XXXXXXX
HCoV-229E,XXXXXXX
HCoV-229E,XXXXXXX
HCoV-229E,XXXXXXX
HCoV-229E,XXXXXXX
HCoV-229E,XXXXXXX
HCoV-229E,XXXXXXX
HCoV-229E,XXXXXXX
HCoV-229E,XXXXXXX
HCoV-229E,XXXXXXX
HCoV-229E,XXXXXXX
HCoV-229E,XXXXXXX
HCoV-229E,XXXXXXX
HCoV-229E,XXXXXXX
HCoV-229E,XXXXXXX
HCoV-229E,XXXXXXX
HCoV-229E,XXXXXXX
HCoV-229E,XXXXXXX
HCoV-229E,XXXXXX
HCoV-229E,XXXXXX
HCoV-229E,XXXXXX
HCoV-229E,XXXXXX
HCoV-229E,XXXXXX
HCoV-229E,XXXXXX
HCoV-229E,XXXXXX
HCoV-229E,XXXXXX
HCoV-229E,XXXXXX
HCoV-229E,XXXXXX
HCoV-229E,XXXXXX
HCoV-229E,XXXXXX
HCoV-229E,XXXXX
HCoV-229E,XXXXX
HCoV-229E,XXXXX
HCoV-229E,XXXXX
HCoV-229E,XXXXX
HCoV-229E,XXXXX
HCoV-229E,XXXXX
HCoV-229E,XXXXX
HCoV-229E,XXXXX
HCoV-229E,XXXXX
HCoV-229E,XXXXX
HCoV-229E,XXXXX
HCoV-229E,XXXX
HCoV-229E,XXXX
HCoV-229E,XXXX
HCoV-229E,XXXX
HCoV-229E,XXXX
HCoV-229E,XXXX
HCoV-229E,XXXX
HCoV-229E,XXXX
HCoV-229E,XXXX
HCoV-229E,XXXX
HCoV-229E,XXXX
HCoV-229E,XXXX
HCoV-229E,DAIT
HCoV-229E,GCCG
HCoV-229E,IGGI
HCoV-229E,ISSSI
HCoV-229E,KSQSK
HCoV-229E,LAAL
HCoV-229E,LGGL
HCoV-229E,NFAFN
HCoV-229E,NGTN
HCoV-229E,QALQ
HCoV-229E,RGPGR
HCoV-229E,RGTIL
HCoV-229E,RSGSR
HCoV-229E,SAAS
HCoV-229E,SGDA
HCoV-229E,SGSR
HCoV-229E,TNNT
HCoV-229E,VLLV
HCoV-229E,VNFNV
HCoV-229E,VPKPV
HCoV-229E,YFNG
HCoV-229E,YTEVR
HCoV-229E,YYNG
HCoV-229E,DAIT
HCoV-229E,GCCG
HCoV-229E,IGGI
HCoV-229E,ISSSI
HCoV-229E,KSQSK
HCoV-229E,LAAL
HCoV-229E,LGGL
HCoV-229E,NFAFN
HCoV-229E,NGTN
HCoV-229E,QALQ
HCoV-229E,RGTIL
HCoV-229E,RSGSR
HCoV-229E,SAAS
HCoV-229E,SGDA
HCoV-229E,TIGN
HCoV-229E,TNNT
HCoV-229E,VLLV
HCoV-229E,VNFNV
HCoV-229E,VPKPV
HCoV-229E,YFNG
HCoV-229E,YTEVR
HCoV-229E,YYNG
HCoV-229E,DAIT
HCoV-229E,GCCG
HCoV-229E,GTGTG
HCoV-229E,IGGI
HCoV-229E,ISSSI
HCoV-229E,KSQSK
HCoV-229E,LGGL
HCoV-229E,NFAFN
HCoV-229E,QALQ
HCoV-229E,RGTIL
HCoV-229E,RSGSR
HCoV-229E,SAAS
HCoV-229E,SGDA
HCoV-229E,TIGN
HCoV-229E,TNNT
HCoV-229E,VLLV
HCoV-229E,VNFNV
HCoV-229E,VPKPV
HCoV-229E,YFNG
HCoV-229E,YTEVR
HCoV-229E,YYNG
HCoV-229E,DAIT
HCoV-229E,GCCG
HCoV-229E,HGRGH
HCoV-229E,IGGI
HCoV-229E,ISSSI
HCoV-229E,KSQSK
HCoV-229E,LAAL
HCoV-229E,LGGL
HCoV-229E,NFAFN
HCoV-229E,QALQ
HCoV-229E,RGTIL
HCoV-229E,RSGSR
HCoV-229E,SAAS
HCoV-229E,SGDA
HCoV-229E,TIGN
HCoV-229E,TNNT
HCoV-229E,VLLV
HCoV-229E,VNFNV
HCoV-229E,VPKPV
HCoV-229E,YFNG
HCoV-229E,YTEVR
HCoV-229E,YYNG
HCoV-229E,AANV
HCoV-229E,GCCG
HCoV-229E,GFSS
HCoV-229E,GFSS
HCoV-229E,IGGI
HCoV-229E,ISSSI
HCoV-229E,KGFS
HCoV-229E,KSQSK
HCoV-229E,LAAL
HCoV-229E,LGGL
HCoV-229E,QALQ
HCoV-229E,RGTIL
HCoV-229E,SAAS
HCoV-229E,SGDA
HCoV-229E,TIGN
HCoV-229E,TNNT
HCoV-229E,VGYS
HCoV-229E,VLLV
HCoV-229E,VNFNV
HCoV-229E,VPKPV
HCoV-229E,YFNG
HCoV-229E,YTEVR
HCoV-229E,YTIG
HCoV-229E,YYNG
HCoV-229E,ASNV
HCoV-229E,GCCG
HCoV-229E,GFSS
HCoV-229E,GFSS
HCoV-229E,IGGI
HCoV-229E,ISVV
HCoV-229E,KGFS
HCoV-229E,LAAL
HCoV-229E,LGGL
HCoV-229E,LKDI
HCoV-229E,NLEA
HCoV-229E,QLRQ
HCoV-229E,SGDA
HCoV-229E,TIGN
HCoV-229E,TINV
HCoV-229E,TNNT
HCoV-229E,YFNG
HCoV-229E,YTIG
HCoV-229E,YYNG
HCoV-229E,DAIT
HCoV-229E,GCCG
HCoV-229E,GTGTG
HCoV-229E,HGRGH
HCoV-229E,IGGI
HCoV-229E,ISSSI
HCoV-229E,KSQSK
HCoV-229E,LGGL
HCoV-229E,NFAFN
HCoV-229E,QALQ
HCoV-229E,RGTIL
HCoV-229E,RSGSR
HCoV-229E,SAAS
HCoV-229E,SGDA
HCoV-229E,TIGN
HCoV-229E,TNNT
HCoV-229E,VLLV
HCoV-229E,VNFNV
HCoV-229E,VPKPV
HCoV-229E,XXXXXXXXXXXXXXXXXXXXXXXXXXXXXXXXXXXXXXXXXXXXXX
HCoV-229E,XXXXXXXXXXXXXXXXXXXXXXXXXXXXXXXXXXXXXXXXXXXXX
HCoV-229E,XXXXXXXXXXXXXXXXXXXXXXXXXXXXXXXXXXXXXXXXXXXXX
HCoV-229E,XXXXXXXXXXXXXXXXXXXXXXXXXXXXXXXXXXXXXXXXXXXX
HCoV-229E,XXXXXXXXXXXXXXXXXXXXXXXXXXXXXXXXXXXXXXXXXXXX
HCoV-229E,XXXXXXXXXXXXXXXXXXXXXXXXXXXXXXXXXXXXXXXXXXX
HCoV-229E,XXXXXXXXXXXXXXXXXXXXXXXXXXXXXXXXXXXXXXXXXXX
HCoV-229E,XXXXXXXXXXXXXXXXXXXXXXXXXXXXXXXXXXXXXXXXXX
HCoV-229E,XXXXXXXXXXXXXXXXXXXXXXXXXXXXXXXXXXXXXXXXXX
HCoV-229E,XXXXXXXXXXXXXXXXXXXXXXXXXXXXXXXXXXXXXXXXX
HCoV-229E,XXXXXXXXXXXXXXXXXXXXXXXXXXXXXXXXXXXXXXXXX
HCoV-229E,XXXXXXXXXXXXXXXXXXXXXXXXXXXXXXXXXXXXXXXX
HCoV-229E,XXXXXXXXXXXXXXXXXXXXXXXXXXXXXXXXXXXXXXXX
HCoV-229E,XXXXXXXXXXXXXXXXXXXXXXXXXXXXXXXXXXXXXXX
HCoV-229E,XXXXXXXXXXXXXXXXXXXXXXXXXXXXXXXXXXXXXXX
HCoV-229E,XXXXXXXXXXXXXXXXXXXXXXXXXXXXXXXXXXXXXX
HCoV-229E,XXXXXXXXXXXXXXXXXXXXXXXXXXXXXXXXXXXXXX
HCoV-229E,XXXXXXXXXXXXXXXXXXXXXXXXXXXXXXXXXXXXX
HCoV-229E,XXXXXXXXXXXXXXXXXXXXXXXXXXXXXXXXXXXXX
HCoV-229E,XXXXXXXXXXXXXXXXXXXXXXXXXXXXXXXXXXXX
HCoV-229E,XXXXXXXXXXXXXXXXXXXXXXXXXXXXXXXXXXXX
HCoV-229E,XXXXXXXXXXXXXXXXXXXXXXXXXXXXXXXXXXX
HCoV-229E,XXXXXXXXXXXXXXXXXXXXXXXXXXXXXXXXXXX
HCoV-229E,XXXXXXXXXXXXXXXXXXXXXXXXXXXXXXXXXX
HCoV-229E,XXXXXXXXXXXXXXXXXXXXXXXXXXXXXXXXXX
HCoV-229E,XXXXXXXXXXXXXXXXXXXXXXXXXXXXXXXXX
HCoV-229E,XXXXXXXXXXXXXXXXXXXXXXXXXXXXXXXXX
HCoV-229E,XXXXXXXXXXXXXXXXXXXXXXXXXXXXXXXX
HCoV-229E,XXXXXXXXXXXXXXXXXXXXXXXXXXXXXXXX
HCoV-229E,XXXXXXXXXXXXXXXXXXXXXXXXXXXXXXX
HCoV-229E,XXXXXXXXXXXXXXXXXXXXXXXXXXXXXXX
HCoV-229E,XXXXXXXXXXXXXXXXXXXXXXXXXXXXXX
HCoV-229E,XXXXXXXXXXXXXXXXXXXXXXXXXXXXXX
HCoV-229E,XXXXXXXXXXXXXXXXXXXXXXXXXXXXX
HCoV-229E,XXXXXXXXXXXXXXXXXXXXXXXXXXXXX
HCoV-229E,XXXXXXXXXXXXXXXXXXXXXXXXXXXX
HCoV-229E,XXXXXXXXXXXXXXXXXXXXXXXXXXXX
HCoV-229E,XXXXXXXXXXXXXXXXXXXXXXXXXXX
HCoV-229E,XXXXXXXXXXXXXXXXXXXXXXXXXXX
HCoV-229E,XXXXXXXXXXXXXXXXXXXXXXXXXX
HCoV-229E,XXXXXXXXXXXXXXXXXXXXXXXXXX
HCoV-229E,XXXXXXXXXXXXXXXXXXXXXXXXX
HCoV-229E,XXXXXXXXXXXXXXXXXXXXXXXXX
HCoV-229E,XXXXXXXXXXXXXXXXXXXXXXXX
HCoV-229E,XXXXXXXXXXXXXXXXXXXXXXXX
HCoV-229E,XXXXXXXXXXXXXXXXXXXXXXX
HCoV-229E,XXXXXXXXXXXXXXXXXXXXXXX
HCoV-229E,XXXXXXXXXXXXXXXXXXXXXX
HCoV-229E,XXXXXXXXXXXXXXXXXXXXXX
HCoV-229E,XXXXXXXXXXXXXXXXXXXXX
HCoV-229E,XXXXXXXXXXXXXXXXXXXXX
HCoV-229E,XXXXXXXXXXXXXXXXXXXX
HCoV-229E,XXXXXXXXXXXXXXXXXXXX
HCoV-229E,XXXXXXXXXXXXXXXXXXX
HCoV-229E,XXXXXXXXXXXXXXXXXXX
HCoV-229E,XXXXXXXXXXXXXXXXXX
HCoV-229E,XXXXXXXXXXXXXXXXXX
HCoV-229E,XXXXXXXXXXXXXXXXX
HCoV-229E,XXXXXXXXXXXXXXXXX
HCoV-229E,XXXXXXXXXXXXXXXX
HCoV-229E,XXXXXXXXXXXXXXXX
HCoV-229E,XXXXXXXXXXXXXXX
HCoV-229E,XXXXXXXXXXXXXXX
HCoV-229E,XXXXXXXXXXXXXX
HCoV-229E,XXXXXXXXXXXXXX
HCoV-229E,XXXXXXXXXXXXX
HCoV-229E,XXXXXXXXXXXXX
HCoV-229E,XXXXXXXXXXXX
HCoV-229E,XXXXXXXXXXXX
HCoV-229E,XXXXXXXXXXX
HCoV-229E,XXXXXXXXXXX
HCoV-229E,XXXXXXXXXX
HCoV-229E,XXXXXXXXXX
HCoV-229E,XXXXXXXXX
HCoV-229E,XXXXXXXXX
HCoV-229E,XXXXXXXX
HCoV-229E,XXXXXXXX
HCoV-229E,XXXXXXX
HCoV-229E,XXXXXXX
HCoV-229E,XXXXXX
HCoV-229E,XXXXXX
HCoV-229E,XXXXX
HCoV-229E,XXXXX
HCoV-229E,XXXX
HCoV-229E,XXXX
HCoV-229E,YFNG
HCoV-229E,YTEVR
HCoV-229E,YYNG
HCoV-229E,DAIT
HCoV-229E,GCCG
HCoV-229E,IGGI
HCoV-229E,ISSSI
HCoV-229E,KSQSK
HCoV-229E,LAAL
HCoV-229E,LGGL
HCoV-229E,NFAFN
HCoV-229E,NGTN
HCoV-229E,QALQ
HCoV-229E,RGTIL
HCoV-229E,RSGSR
HCoV-229E,SAAS
HCoV-229E,SGDA
HCoV-229E,TIGN
HCoV-229E,TNNT
HCoV-229E,VLLV
HCoV-229E,VNFNV
HCoV-229E,VPKPV
HCoV-229E,YFNG
HCoV-229E,YTEVR
HCoV-229E,YYNG
HCoV-229E,DAIT
HCoV-229E,GCCG
HCoV-229E,IGGI
HCoV-229E,ISSSI
HCoV-229E,LAAL
HCoV-229E,LGGL
HCoV-229E,NFAFN
HCoV-229E,QALQ
HCoV-229E,RGPGR
HCoV-229E,RGTIL
HCoV-229E,RSGSR
HCoV-229E,SAAS
HCoV-229E,SGDA
HCoV-229E,SGSR
HCoV-229E,TIGN
HCoV-229E,TNNT
HCoV-229E,VLLV
HCoV-229E,VNFNV
HCoV-229E,VPKPV
HCoV-229E,YFNG
HCoV-229E,YTEVR
HCoV-229E,YYNG
HCoV-229E,DAIT
HCoV-229E,GCCG
HCoV-229E,IGGI
HCoV-229E,ISSSI
HCoV-229E,KSQSK
HCoV-229E,LAAL
HCoV-229E,LGGL
HCoV-229E,NFAFN
HCoV-229E,NGTN
HCoV-229E,QALQ
HCoV-229E,RGPGR
HCoV-229E,RGTIL
HCoV-229E,RSGSR
HCoV-229E,SAAS
HCoV-229E,SGDA
HCoV-229E,SGSR
HCoV-229E,TNNT
HCoV-229E,VLLV
HCoV-229E,VNFNV
HCoV-229E,VPKPV
HCoV-229E,YFNG
HCoV-229E,YTEVR
HCoV-229E,YYNG
HCoV-229E,DAIT
HCoV-229E,GCCG
HCoV-229E,GTGTG
HCoV-229E,IGGI
HCoV-229E,ISSSI
HCoV-229E,KSQSK
HCoV-229E,LAAL
HCoV-229E,LGGL
HCoV-229E,NFAFN
HCoV-229E,QALQ
HCoV-229E,RGTIL
HCoV-229E,RSGSR
HCoV-229E,SAAS
HCoV-229E,SGDA
HCoV-229E,TIGN
HCoV-229E,TNNT
HCoV-229E,VLLV
HCoV-229E,VNFNV
HCoV-229E,VPKPV
HCoV-229E,YFNG
HCoV-229E,YTEVR
HCoV-229E,YYNG
HCoV-229E,DAIT
HCoV-229E,GCCG
HCoV-229E,GTGTG
HCoV-229E,IGGI
HCoV-229E,ISSSI
HCoV-229E,KSQSK
HCoV-229E,LAAL
HCoV-229E,LGGL
HCoV-229E,NFAFN
HCoV-229E,QALQ
HCoV-229E,RGTIL
HCoV-229E,RSGSR
HCoV-229E,SAAS
HCoV-229E,SGDA
HCoV-229E,TIGN
HCoV-229E,TNNT
HCoV-229E,VLLV
HCoV-229E,VNFNV
HCoV-229E,VPKPV
HCoV-229E,YFNG
HCoV-229E,YTEVR
HCoV-229E,YYNG
HCoV-229E,DAIT
HCoV-229E,GCCG
HCoV-229E,IGGI
HCoV-229E,ISSSI
HCoV-229E,KSQSK
HCoV-229E,LAAL
HCoV-229E,LGGL
HCoV-229E,NFAFN
HCoV-229E,NGTN
HCoV-229E,QALQ
HCoV-229E,RGPGR
HCoV-229E,RGTIL
HCoV-229E,RSGSR
HCoV-229E,SAAS
HCoV-229E,SGDA
HCoV-229E,SGSR
HCoV-229E,TIGN
HCoV-229E,TNNT
HCoV-229E,VLLV
HCoV-229E,VNFNV
HCoV-229E,VPKPV
HCoV-229E,YFNG
HCoV-229E,YTEVR
HCoV-229E,YYNG
HCoV-229E,AANV
HCoV-229E,GCCG
HCoV-229E,GFSS
HCoV-229E,GFSS
HCoV-229E,IGGI
HCoV-229E,ISSSI
HCoV-229E,KGFS
HCoV-229E,KSQSK
HCoV-229E,LAAL
HCoV-229E,LGGL
HCoV-229E,QALQ
HCoV-229E,RGTIL
HCoV-229E,SAAS
HCoV-229E,SGDA
HCoV-229E,TIGN
HCoV-229E,TNNT
HCoV-229E,VLLV
HCoV-229E,VNFNV
HCoV-229E,VPKPV
HCoV-229E,YFNG
HCoV-229E,YTEVR
HCoV-229E,YTIG
HCoV-229E,YYNG
HCoV-229E,DAIT
HCoV-229E,GCCG
HCoV-229E,IGGI
HCoV-229E,ISSSI
HCoV-229E,KSQSK
HCoV-229E,LAAL
HCoV-229E,LGGL
HCoV-229E,NFAFN
HCoV-229E,NGTN
HCoV-229E,QALQ
HCoV-229E,RGTIL
HCoV-229E,RSGSR
HCoV-229E,SAAS
HCoV-229E,SGDA
HCoV-229E,TIGN
HCoV-229E,TNNT
HCoV-229E,VLLV
HCoV-229E,VNFNV
HCoV-229E,VPKPV
HCoV-229E,YFNG
HCoV-229E,YTEVR
HCoV-229E,YYNG
HCoV-229E,DAIT
HCoV-229E,GCCG
HCoV-229E,IGGI
HCoV-229E,ISSSI
HCoV-229E,KSQSK
HCoV-229E,LAAL
HCoV-229E,LGGL
HCoV-229E,NFAFN
HCoV-229E,QALQ
HCoV-229E,RGTIL
HCoV-229E,RSGSR
HCoV-229E,SAAS
HCoV-229E,SGDA
HCoV-229E,TIGN
HCoV-229E,TNNT
HCoV-229E,VLLV
HCoV-229E,VNFNV
HCoV-229E,VPKPV
HCoV-229E,YFNG
HCoV-229E,YTEV
HCoV-229E,YYNG
HCoV-229E,GTGTG
HCoV-229E,KSQSK
HCoV-229E,LXXXXXXXXXX
HCoV-229E,NFAFN
HCoV-229E,RGTIL
HCoV-229E,VNFNV
HCoV-229E,VPKPV
HCoV-229E,XXXXXI
HCoV-229E,XXXXXXXXXXXXXXXXXXXXXXXXXXXQXXXXXXXXXXXXXXXXXXXXXXXXXXX
HCoV-229E,XXXXXXXXXXXXXXXXXXXXXXXXXXXXXXXXX
HCoV-229E,XXXXXXXXXXXXXXXXXXXXXXXXXXXXXXXX
HCoV-229E,XXXXXXXXXXXXXXXXXXXXXXXXXXXXXXXX
HCoV-229E,XXXXXXXXXXXXXXXXXXXXXXXXXXXXXXX
HCoV-229E,XXXXXXXXXXXXXXXXXXXXXXXXXXXXXXX
HCoV-229E,XXXXXXXXXXXXXXXXXXXXXXXXXXXXXX
HCoV-229E,XXXXXXXXXXXXXXXXXXXXXXXXXXXXXX
HCoV-229E,XXXXXXXXXXXXXXXXXXXXXXXXXXXXX
HCoV-229E,XXXXXXXXXXXXXXXXXXXXXXXXXXXXX
HCoV-229E,XXXXXXXXXXXXXXXXXXXXXXXXXXXX
HCoV-229E,XXXXXXXXXXXXXXXXXXXXXXXXXXXX
HCoV-229E,XXXXXXXXXXXXXXXXXXXXXXXXXXX
HCoV-229E,XXXXXXXXXXXXXXXXXXXXXXXXXXX
HCoV-229E,XXXXXXXXXXXXXXXXXXXXXXXXXXX
HCoV-229E,XXXXXXXXXXXXXXXXXXXXXXXXXXX
HCoV-229E,XXXXXXXXXXXXXXXXXXXXXXXXXXX
HCoV-229E,XXXXXXXXXXXXXXXXXXXXXXXXXXX
HCoV-229E,XXXXXXXXXXXXXXXXXXXXXXXXXXX
HCoV-229E,XXXXXXXXXXXXXXXXXXXXXXXXXXX
HCoV-229E,XXXXXXXXXXXXXXXXXXXXXXXXXXX
HCoV-229E,XXXXXXXXXXXXXXXXXXXXXXXXXX
HCoV-229E,XXXXXXXXXXXXXXXXXXXXXXXXXX
HCoV-229E,XXXXXXXXXXXXXXXXXXXXXXXXXX
HCoV-229E,XXXXXXXXXXXXXXXXXXXXXXXXXX
HCoV-229E,XXXXXXXXXXXXXXXXXXXXXXXXXX
HCoV-229E,XXXXXXXXXXXXXXXXXXXXXXXXXX
HCoV-229E,XXXXXXXXXXXXXXXXXXXXXXXXX
HCoV-229E,XXXXXXXXXXXXXXXXXXXXXXXXX
HCoV-229E,XXXXXXXXXXXXXXXXXXXXXXXXX
HCoV-229E,XXXXXXXXXXXXXXXXXXXXXXXXX
HCoV-229E,XXXXXXXXXXXXXXXXXXXXXXXXX
HCoV-229E,XXXXXXXXXXXXXXXXXXXXXXXXX
HCoV-229E,XXXXXXXXXXXXXXXXXXXXXXXX
HCoV-229E,XXXXXXXXXXXXXXXXXXXXXXXX
HCoV-229E,XXXXXXXXXXXXXXXXXXXXXXXX
HCoV-229E,XXXXXXXXXXXXXXXXXXXXXXXX
HCoV-229E,XXXXXXXXXXXXXXXXXXXXXXXX
HCoV-229E,XXXXXXXXXXXXXXXXXXXXXXXX
HCoV-229E,XXXXXXXXXXXXXXXXXXXXXXXX
HCoV-229E,XXXXXXXXXXXXXXXXXXXXXXXX
HCoV-229E,XXXXXXXXXXXXXXXXXXXXXXXX
HCoV-229E,XXXXXXXXXXXXXXXXXXXXXXXX
HCoV-229E,XXXXXXXXXXXXXXXXXXXXXXXX
HCoV-229E,XXXXXXXXXXXXXXXXXXXXXXXX
HCoV-229E,XXXXXXXXXXXXXXXXXXXXXXXX
HCoV-229E,XXXXXXXXXXXXXXXXXXXXXXXX
HCoV-229E,XXXXXXXXXXXXXXXXXXXXXXXX
HCoV-229E,XXXXXXXXXXXXXXXXXXXXXXXX
HCoV-229E,XXXXXXXXXXXXXXXXXXXXXXXX
HCoV-229E,XXXXXXXXXXXXXXXXXXXXXXXX
HCoV-229E,XXXXXXXXXXXXXXXXXXXXXXXX
HCoV-229E,XXXXXXXXXXXXXXXXXXXXXXXX
HCoV-229E,XXXXXXXXXXXXXXXXXXXXXXXX
HCoV-229E,XXXXXXXXXXXXXXXXXXXXXXX
HCoV-229E,XXXXXXXXXXXXXXXXXXXXXXX
HCoV-229E,XXXXXXXXXXXXXXXXXXXXXXX
HCoV-229E,XXXXXXXXXXXXXXXXXXXXXXX
HCoV-229E,XXXXXXXXXXXXXXXXXXXXXXX
HCoV-229E,XXXXXXXXXXXXXXXXXXXXXXX
HCoV-229E,XXXXXXXXXXXXXXXXXXXXXXX
HCoV-229E,XXXXXXXXXXXXXXXXXXXXXXX
HCoV-229E,XXXXXXXXXXXXXXXXXXXXXXX
HCoV-229E,XXXXXXXXXXXXXXXXXXXXXXX
HCoV-229E,XXXXXXXXXXXXXXXXXXXXXXX
HCoV-229E,XXXXXXXXXXXXXXXXXXXXXXX
HCoV-229E,XXXXXXXXXXXXXXXXXXXXXX
HCoV-229E,XXXXXXXXXXXXXXXXXXXXXX
HCoV-229E,XXXXXXXXXXXXXXXXXXXXXX
HCoV-229E,XXXXXXXXXXXXXXXXXXXXXX
HCoV-229E,XXXXXXXXXXXXXXXXXXXXXX
HCoV-229E,XXXXXXXXXXXXXXXXXXXXXX
HCoV-229E,XXXXXXXXXXXXXXXXXXXXXX
HCoV-229E,XXXXXXXXXXXXXXXXXXXXXX
HCoV-229E,XXXXXXXXXXXXXXXXXXXXXX
HCoV-229E,XXXXXXXXXXXXXXXXXXXXXX
HCoV-229E,XXXXXXXXXXXXXXXXXXXXXX
HCoV-229E,XXXXXXXXXXXXXXXXXXXXXX
HCoV-229E,XXXXXXXXXXXXXXXXXXXXX
HCoV-229E,XXXXXXXXXXXXXXXXXXXXX
HCoV-229E,XXXXXXXXXXXXXXXXXXXXX
HCoV-229E,XXXXXXXXXXXXXXXXXXXXX
HCoV-229E,XXXXXXXXXXXXXXXXXXXXX
HCoV-229E,XXXXXXXXXXXXXXXXXXXXX
HCoV-229E,XXXXXXXXXXXXXXXXXXXXX
HCoV-229E,XXXXXXXXXXXXXXXXXXXXX
HCoV-229E,XXXXXXXXXXXXXXXXXXXXX
HCoV-229E,XXXXXXXXXXXXXXXXXXXXX
HCoV-229E,XXXXXXXXXXXXXXXXXXXXX
HCoV-229E,XXXXXXXXXXXXXXXXXXXXX
HCoV-229E,XXXXXXXXXXXXXXXXXXXX
HCoV-229E,XXXXXXXXXXXXXXXXXXXX
HCoV-229E,XXXXXXXXXXXXXXXXXXXX
HCoV-229E,XXXXXXXXXXXXXXXXXXXX
HCoV-229E,XXXXXXXXXXXXXXXXXXXX
HCoV-229E,XXXXXXXXXXXXXXXXXXXX
HCoV-229E,XXXXXXXXXXXXXXXXXXXX
HCoV-229E,XXXXXXXXXXXXXXXXXXXX
HCoV-229E,XXXXXXXXXXXXXXXXXXXX
HCoV-229E,XXXXXXXXXXXXXXXXXXXX
HCoV-229E,XXXXXXXXXXXXXXXXXXXX
HCoV-229E,XXXXXXXXXXXXXXXXXXXX
HCoV-229E,XXXXXXXXXXXXXXXXXXXX
HCoV-229E,XXXXXXXXXXXXXXXXXXXX
HCoV-229E,XXXXXXXXXXXXXXXXXXXX
HCoV-229E,XXXXXXXXXXXXXXXXXXXX
HCoV-229E,XXXXXXXXXXXXXXXXXXXX
HCoV-229E,XXXXXXXXXXXXXXXXXXXX
HCoV-229E,XXXXXXXXXXXXXXXXXXXX
HCoV-229E,XXXXXXXXXXXXXXXXXXXX
HCoV-229E,XXXXXXXXXXXXXXXXXXXX
HCoV-229E,XXXXXXXXXXXXXXXXXXXX
HCoV-229E,XXXXXXXXXXXXXXXXXXXX
HCoV-229E,XXXXXXXXXXXXXXXXXXXX
HCoV-229E,XXXXXXXXXXXXXXXXXXXX
HCoV-229E,XXXXXXXXXXXXXXXXXXXX
HCoV-229E,XXXXXXXXXXXXXXXXXXXX
HCoV-229E,XXXXXXXXXXXXXXXXXXXX
HCoV-229E,XXXXXXXXXXXXXXXXXXXX
HCoV-229E,XXXXXXXXXXXXXXXXXXXX
HCoV-229E,XXXXXXXXXXXXXXXXXXXX
HCoV-229E,XXXXXXXXXXXXXXXXXXXX
HCoV-229E,XXXXXXXXXXXXXXXXXXXX
HCoV-229E,XXXXXXXXXXXXXXXXXXXX
HCoV-229E,XXXXXXXXXXXXXXXXXXXX
HCoV-229E,XXXXXXXXXXXXXXXXXXXX
HCoV-229E,XXXXXXXXXXXXXXXXXXXX
HCoV-229E,XXXXXXXXXXXXXXXXXXXX
HCoV-229E,XXXXXXXXXXXXXXXXXXXX
HCoV-229E,XXXXXXXXXXXXXXXXXXXX
HCoV-229E,XXXXXXXXXXXXXXXXXXX
HCoV-229E,XXXXXXXXXXXXXXXXXXX
HCoV-229E,XXXXXXXXXXXXXXXXXXX
HCoV-229E,XXXXXXXXXXXXXXXXXXX
HCoV-229E,XXXXXXXXXXXXXXXXXXX
HCoV-229E,XXXXXXXXXXXXXXXXXXX
HCoV-229E,XXXXXXXXXXXXXXXXXXX
HCoV-229E,XXXXXXXXXXXXXXXXXXX
HCoV-229E,XXXXXXXXXXXXXXXXXXX
HCoV-229E,XXXXXXXXXXXXXXXXXXX
HCoV-229E,XXXXXXXXXXXXXXXXXXX
HCoV-229E,XXXXXXXXXXXXXXXXXXX
HCoV-229E,XXXXXXXXXXXXXXXXXXX
HCoV-229E,XXXXXXXXXXXXXXXXXXX
HCoV-229E,XXXXXXXXXXXXXXXXXXX
HCoV-229E,XXXXXXXXXXXXXXXXXXX
HCoV-229E,XXXXXXXXXXXXXXXXXXX
HCoV-229E,XXXXXXXXXXXXXXXXXXX
HCoV-229E,XXXXXXXXXXXXXXXXXXX
HCoV-229E,XXXXXXXXXXXXXXXXXXX
HCoV-229E,XXXXXXXXXXXXXXXXXX
HCoV-229E,XXXXXXXXXXXXXXXXXX
HCoV-229E,XXXXXXXXXXXXXXXXXX
HCoV-229E,XXXXXXXXXXXXXXXXXX
HCoV-229E,XXXXXXXXXXXXXXXXXX
HCoV-229E,XXXXXXXXXXXXXXXXXX
HCoV-229E,XXXXXXXXXXXXXXXXXX
HCoV-229E,XXXXXXXXXXXXXXXXXX
HCoV-229E,XXXXXXXXXXXXXXXXXX
HCoV-229E,XXXXXXXXXXXXXXXXXX
HCoV-229E,XXXXXXXXXXXXXXXXXX
HCoV-229E,XXXXXXXXXXXXXXXXXX
HCoV-229E,XXXXXXXXXXXXXXXXXX
HCoV-229E,XXXXXXXXXXXXXXXXXX
HCoV-229E,XXXXXXXXXXXXXXXXXX
HCoV-229E,XXXXXXXXXXXXXXXXXX
HCoV-229E,XXXXXXXXXXXXXXXXXX
HCoV-229E,XXXXXXXXXXXXXXXXXX
HCoV-229E,XXXXXXXXXXXXXXXXXX
HCoV-229E,XXXXXXXXXXXXXXXXXX
HCoV-229E,XXXXXXXXXXXXXXXXX
HCoV-229E,XXXXXXXXXXXXXXXXX
HCoV-229E,XXXXXXXXXXXXXXXXX
HCoV-229E,XXXXXXXXXXXXXXXXX
HCoV-229E,XXXXXXXXXXXXXXXXX
HCoV-229E,XXXXXXXXXXXXXXXXX
HCoV-229E,XXXXXXXXXXXXXXXXX
HCoV-229E,XXXXXXXXXXXXXXXXX
HCoV-229E,XXXXXXXXXXXXXXXXX
HCoV-229E,XXXXXXXXXXXXXXXXX
HCoV-229E,XXXXXXXXXXXXXXXXX
HCoV-229E,XXXXXXXXXXXXXXXXX
HCoV-229E,XXXXXXXXXXXXXXXXX
HCoV-229E,XXXXXXXXXXXXXXXXX
HCoV-229E,XXXXXXXXXXXXXXXXX
HCoV-229E,XXXXXXXXXXXXXXXXX
HCoV-229E,XXXXXXXXXXXXXXXXX
HCoV-229E,XXXXXXXXXXXXXXXXX
HCoV-229E,XXXXXXXXXXXXXXXXX
HCoV-229E,XXXXXXXXXXXXXXXXX
HCoV-229E,XXXXXXXXXXXXXXXX
HCoV-229E,XXXXXXXXXXXXXXXX
HCoV-229E,XXXXXXXXXXXXXXXX
HCoV-229E,XXXXXXXXXXXXXXXX
HCoV-229E,XXXXXXXXXXXXXXXX
HCoV-229E,XXXXXXXXXXXXXXXX
HCoV-229E,XXXXXXXXXXXXXXXX
HCoV-229E,XXXXXXXXXXXXXXXX
HCoV-229E,XXXXXXXXXXXXXXXX
HCoV-229E,XXXXXXXXXXXXXXXX
HCoV-229E,XXXXXXXXXXXXXXXX
HCoV-229E,XXXXXXXXXXXXXXXX
HCoV-229E,XXXXXXXXXXXXXXXX
HCoV-229E,XXXXXXXXXXXXXXXX
HCoV-229E,XXXXXXXXXXXXXXXX
HCoV-229E,XXXXXXXXXXXXXXXX
HCoV-229E,XXXXXXXXXXXXXXXX
HCoV-229E,XXXXXXXXXXXXXXXX
HCoV-229E,XXXXXXXXXXXXXXXX
HCoV-229E,XXXXXXXXXXXXXXXX
HCoV-229E,XXXXXXXXXXXXXXX
HCoV-229E,XXXXXXXXXXXXXXX
HCoV-229E,XXXXXXXXXXXXXXX
HCoV-229E,XXXXXXXXXXXXXXX
HCoV-229E,XXXXXXXXXXXXXXX
HCoV-229E,XXXXXXXXXXXXXXX
HCoV-229E,XXXXXXXXXXXXXXX
HCoV-229E,XXXXXXXXXXXXXXX
HCoV-229E,XXXXXXXXXXXXXXX
HCoV-229E,XXXXXXXXXXXXXXX
HCoV-229E,XXXXXXXXXXXXXXX
HCoV-229E,XXXXXXXXXXXXXXX
HCoV-229E,XXXXXXXXXXXXXXX
HCoV-229E,XXXXXXXXXXXXXXX
HCoV-229E,XXXXXXXXXXXXXXX
HCoV-229E,XXXXXXXXXXXXXXX
HCoV-229E,XXXXXXXXXXXXXXX
HCoV-229E,XXXXXXXXXXXXXXX
HCoV-229E,XXXXXXXXXXXXXXX
HCoV-229E,XXXXXXXXXXXXXXX
HCoV-229E,XXXXXXXXXXXXXX
HCoV-229E,XXXXXXXXXXXXXX
HCoV-229E,XXXXXXXXXXXXXX
HCoV-229E,XXXXXXXXXXXXXX
HCoV-229E,XXXXXXXXXXXXXX
HCoV-229E,XXXXXXXXXXXXXX
HCoV-229E,XXXXXXXXXXXXXX
HCoV-229E,XXXXXXXXXXXXXX
HCoV-229E,XXXXXXXXXXXXXX
HCoV-229E,XXXXXXXXXXXXXX
HCoV-229E,XXXXXXXXXXXXXX
HCoV-229E,XXXXXXXXXXXXXX
HCoV-229E,XXXXXXXXXXXXXX
HCoV-229E,XXXXXXXXXXXXXX
HCoV-229E,XXXXXXXXXXXXXX
HCoV-229E,XXXXXXXXXXXXXX
HCoV-229E,XXXXXXXXXXXXXX
HCoV-229E,XXXXXXXXXXXXXX
HCoV-229E,XXXXXXXXXXXXXX
HCoV-229E,XXXXXXXXXXXXXX
HCoV-229E,XXXXXXXXXXXXX
HCoV-229E,XXXXXXXXXXXXX
HCoV-229E,XXXXXXXXXXXXX
HCoV-229E,XXXXXXXXXXXXX
HCoV-229E,XXXXXXXXXXXXX
HCoV-229E,XXXXXXXXXXXXX
HCoV-229E,XXXXXXXXXXXXX
HCoV-229E,XXXXXXXXXXXXX
HCoV-229E,XXXXXXXXXXXXX
HCoV-229E,XXXXXXXXXXXXX
HCoV-229E,XXXXXXXXXXXXX
HCoV-229E,XXXXXXXXXXXXX
HCoV-229E,XXXXXXXXXXXXX
HCoV-229E,XXXXXXXXXXXXX
HCoV-229E,XXXXXXXXXXXXX
HCoV-229E,XXXXXXXXXXXXX
HCoV-229E,XXXXXXXXXXXXX
HCoV-229E,XXXXXXXXXXXXX
HCoV-229E,XXXXXXXXXXXXX
HCoV-229E,XXXXXXXXXXXXX
HCoV-229E,XXXXXXXXXXXX
HCoV-229E,XXXXXXXXXXXX
HCoV-229E,XXXXXXXXXXXX
HCoV-229E,XXXXXXXXXXXX
HCoV-229E,XXXXXXXXXXXX
HCoV-229E,XXXXXXXXXXXX
HCoV-229E,XXXXXXXXXXXX
HCoV-229E,XXXXXXXXXXXX
HCoV-229E,XXXXXXXXXXXX
HCoV-229E,XXXXXXXXXXXX
HCoV-229E,XXXXXXXXXXXX
HCoV-229E,XXXXXXXXXXXX
HCoV-229E,XXXXXXXXXXXX
HCoV-229E,XXXXXXXXXXXX
HCoV-229E,XXXXXXXXXXXX
HCoV-229E,XXXXXXXXXXXX
HCoV-229E,XXXXXXXXXXXX
HCoV-229E,XXXXXXXXXXXX
HCoV-229E,XXXXXXXXXXXX
HCoV-229E,XXXXXXXXXXXX
HCoV-229E,XXXXXXXXXXX
HCoV-229E,XXXXXXXXXXX
HCoV-229E,XXXXXXXXXXX
HCoV-229E,XXXXXXXXXXX
HCoV-229E,XXXXXXXXXXX
HCoV-229E,XXXXXXXXXXX
HCoV-229E,XXXXXXXXXXX
HCoV-229E,XXXXXXXXXXX
HCoV-229E,XXXXXXXXXXX
HCoV-229E,XXXXXXXXXXX
HCoV-229E,XXXXXXXXXXX
HCoV-229E,XXXXXXXXXXX
HCoV-229E,XXXXXXXXXXX
HCoV-229E,XXXXXXXXXXX
HCoV-229E,XXXXXXXXXXX
HCoV-229E,XXXXXXXXXXX
HCoV-229E,XXXXXXXXXXX
HCoV-229E,XXXXXXXXXXX
HCoV-229E,XXXXXXXXXXX
HCoV-229E,XXXXXXXXXXX
HCoV-229E,XXXXXXXXXX
HCoV-229E,XXXXXXXXXX
HCoV-229E,XXXXXXXXXX
HCoV-229E,XXXXXXXXXX
HCoV-229E,XXXXXXXXXX
HCoV-229E,XXXXXXXXXX
HCoV-229E,XXXXXXXXXX
HCoV-229E,XXXXXXXXXX
HCoV-229E,XXXXXXXXXX
HCoV-229E,XXXXXXXXXX
HCoV-229E,XXXXXXXXXX
HCoV-229E,XXXXXXXXXX
HCoV-229E,XXXXXXXXXX
HCoV-229E,XXXXXXXXXX
HCoV-229E,XXXXXXXXXX
HCoV-229E,XXXXXXXXXX
HCoV-229E,XXXXXXXXXX
HCoV-229E,XXXXXXXXXX
HCoV-229E,XXXXXXXXXX
HCoV-229E,XXXXXXXXXX
HCoV-229E,XXXXXXXXXX
HCoV-229E,XXXXXXXXXX
HCoV-229E,XXXXXXXXXX
HCoV-229E,XXXXXXXXXX
HCoV-229E,XXXXXXXXXX
HCoV-229E,XXXXXXXXXX
HCoV-229E,XXXXXXXXXX
HCoV-229E,XXXXXXXXXX
HCoV-229E,XXXXXXXXXX
HCoV-229E,XXXXXXXXXX
HCoV-229E,XXXXXXXXXX
HCoV-229E,XXXXXXXXXX
HCoV-229E,XXXXXXXXXX
HCoV-229E,XXXXXXXXXX
HCoV-229E,XXXXXXXXXX
HCoV-229E,XXXXXXXXXX
HCoV-229E,XXXXXXXXXX
HCoV-229E,XXXXXXXXXX
HCoV-229E,XXXXXXXXXX
HCoV-229E,XXXXXXXXXX
HCoV-229E,XXXXXXXXXX
HCoV-229E,XXXXXXXXXX
HCoV-229E,XXXXXXXXXX
HCoV-229E,XXXXXXXXXX
HCoV-229E,XXXXXXXXXX
HCoV-229E,XXXXXXXXXX
HCoV-229E,XXXXXXXXXX
HCoV-229E,XXXXXXXXXX
HCoV-229E,XXXXXXXXXX
HCoV-229E,XXXXXXXXXX
HCoV-229E,XXXXXXXXXX
HCoV-229E,XXXXXXXXXX
HCoV-229E,XXXXXXXXXX
HCoV-229E,XXXXXXXXXX
HCoV-229E,XXXXXXXXXX
HCoV-229E,XXXXXXXXXX
HCoV-229E,XXXXXXXXXX
HCoV-229E,XXXXXXXXXX
HCoV-229E,XXXXXXXXXX
HCoV-229E,XXXXXXXXXX
HCoV-229E,XXXXXXXXXX
HCoV-229E,XXXXXXXXXX
HCoV-229E,XXXXXXXXXX
HCoV-229E,XXXXXXXXXX
HCoV-229E,XXXXXXXXXX
HCoV-229E,XXXXXXXXXX
HCoV-229E,XXXXXXXXXX
HCoV-229E,XXXXXXXXXX
HCoV-229E,XXXXXXXXXX
HCoV-229E,XXXXXXXXXX
HCoV-229E,XXXXXXXXXX
HCoV-229E,XXXXXXXXXX
HCoV-229E,XXXXXXXXXX
HCoV-229E,XXXXXXXXXX
HCoV-229E,XXXXXXXXXX
HCoV-229E,XXXXXXXXXX
HCoV-229E,XXXXXXXXXX
HCoV-229E,XXXXXXXXXX
HCoV-229E,XXXXXXXXXX
HCoV-229E,XXXXXXXXXX
HCoV-229E,XXXXXXXXXX
HCoV-229E,XXXXXXXXXX
HCoV-229E,XXXXXXXXXX
HCoV-229E,XXXXXXXXXX
HCoV-229E,XXXXXXXXXX
HCoV-229E,XXXXXXXXXX
HCoV-229E,XXXXXXXXXX
HCoV-229E,XXXXXXXXXX
HCoV-229E,XXXXXXXXXX
HCoV-229E,XXXXXXXXXX
HCoV-229E,XXXXXXXXXX
HCoV-229E,XXXXXXXXXX
HCoV-229E,XXXXXXXXXX
HCoV-229E,XXXXXXXXXX
HCoV-229E,XXXXXXXXXX
HCoV-229E,XXXXXXXXXX
HCoV-229E,XXXXXXXXXX
HCoV-229E,XXXXXXXXXX
HCoV-229E,XXXXXXXXXX
HCoV-229E,XXXXXXXXXX
HCoV-229E,XXXXXXXXXX
HCoV-229E,XXXXXXXXXX
HCoV-229E,XXXXXXXXXX
HCoV-229E,XXXXXXXXXX
HCoV-229E,XXXXXXXXXX
HCoV-229E,XXXXXXXXXX
HCoV-229E,XXXXXXXXXX
HCoV-229E,XXXXXXXXXX
HCoV-229E,XXXXXXXXXX
HCoV-229E,XXXXXXXXXX
HCoV-229E,XXXXXXXXXX
HCoV-229E,XXXXXXXXXX
HCoV-229E,XXXXXXXXXX
HCoV-229E,XXXXXXXXXX
HCoV-229E,XXXXXXXXXX
HCoV-229E,XXXXXXXXXX
HCoV-229E,XXXXXXXXXX
HCoV-229E,XXXXXXXXXX
HCoV-229E,XXXXXXXXXX
HCoV-229E,XXXXXXXXXX
HCoV-229E,XXXXXXXXXX
HCoV-229E,XXXXXXXXXX
HCoV-229E,XXXXXXXXXX
HCoV-229E,XXXXXXXXXX
HCoV-229E,XXXXXXXXXX
HCoV-229E,XXXXXXXXXX
HCoV-229E,XXXXXXXXXX
HCoV-229E,XXXXXXXXXX
HCoV-229E,XXXXXXXXXX
HCoV-229E,XXXXXXXXXX
HCoV-229E,XXXXXXXXXX
HCoV-229E,XXXXXXXXXX
HCoV-229E,XXXXXXXXXX
HCoV-229E,XXXXXXXXXX
HCoV-229E,XXXXXXXXXX
HCoV-229E,XXXXXXXXXX
HCoV-229E,XXXXXXXXXX
HCoV-229E,XXXXXXXXXX
HCoV-229E,XXXXXXXXXX
HCoV-229E,XXXXXXXXXX
HCoV-229E,XXXXXXXXXX
HCoV-229E,XXXXXXXXXX
HCoV-229E,XXXXXXXXXX
HCoV-229E,XXXXXXXXXX
HCoV-229E,XXXXXXXXXX
HCoV-229E,XXXXXXXXXX
HCoV-229E,XXXXXXXXXX
HCoV-229E,XXXXXXXXXX
HCoV-229E,XXXXXXXXXX
HCoV-229E,XXXXXXXXXX
HCoV-229E,XXXXXXXXXX
HCoV-229E,XXXXXXXXXX
HCoV-229E,XXXXXXXXXX
HCoV-229E,XXXXXXXXXX
HCoV-229E,XXXXXXXXXX
HCoV-229E,XXXXXXXXXX
HCoV-229E,XXXXXXXXXX
HCoV-229E,XXXXXXXXXX
HCoV-229E,XXXXXXXXX
HCoV-229E,XXXXXXXXX
HCoV-229E,XXXXXXXXX
HCoV-229E,XXXXXXXXX
HCoV-229E,XXXXXXXXX
HCoV-229E,XXXXXXXXX
HCoV-229E,XXXXXXXXX
HCoV-229E,XXXXXXXXX
HCoV-229E,XXXXXXXXX
HCoV-229E,XXXXXXXXX
HCoV-229E,XXXXXXXXX
HCoV-229E,XXXXXXXXX
HCoV-229E,XXXXXXXXX
HCoV-229E,XXXXXXXXX
HCoV-229E,XXXXXXXXX
HCoV-229E,XXXXXXXXX
HCoV-229E,XXXXXXXXX
HCoV-229E,XXXXXXXXX
HCoV-229E,XXXXXXXXX
HCoV-229E,XXXXXXXXX
HCoV-229E,XXXXXXXXX
HCoV-229E,XXXXXXXXX
HCoV-229E,XXXXXXXXX
HCoV-229E,XXXXXXXXX
HCoV-229E,XXXXXXXXX
HCoV-229E,XXXXXXXXX
HCoV-229E,XXXXXXXXX
HCoV-229E,XXXXXXXXX
HCoV-229E,XXXXXXXXX
HCoV-229E,XXXXXXXXX
HCoV-229E,XXXXXXXXX
HCoV-229E,XXXXXXXXX
HCoV-229E,XXXXXXXXX
HCoV-229E,XXXXXXXXX
HCoV-229E,XXXXXXXXX
HCoV-229E,XXXXXXXXX
HCoV-229E,XXXXXXXXX
HCoV-229E,XXXXXXXXX
HCoV-229E,XXXXXXXXX
HCoV-229E,XXXXXXXXX
HCoV-229E,XXXXXXXXX
HCoV-229E,XXXXXXXXX
HCoV-229E,XXXXXXXX
HCoV-229E,XXXXXXXX
HCoV-229E,XXXXXXXX
HCoV-229E,XXXXXXXX
HCoV-229E,XXXXXXXX
HCoV-229E,XXXXXXXX
HCoV-229E,XXXXXXXX
HCoV-229E,XXXXXXXX
HCoV-229E,XXXXXXXX
HCoV-229E,XXXXXXXX
HCoV-229E,XXXXXXXX
HCoV-229E,XXXXXXXX
HCoV-229E,XXXXXXXX
HCoV-229E,XXXXXXXX
HCoV-229E,XXXXXXXX
HCoV-229E,XXXXXXXX
HCoV-229E,XXXXXXXX
HCoV-229E,XXXXXXXX
HCoV-229E,XXXXXXXX
HCoV-229E,XXXXXXXX
HCoV-229E,XXXXXXXX
HCoV-229E,XXXXXXXX
HCoV-229E,XXXXXXXX
HCoV-229E,XXXXXXXX
HCoV-229E,XXXXXXXX
HCoV-229E,XXXXXXXX
HCoV-229E,XXXXXXXX
HCoV-229E,XXXXXXXX
HCoV-229E,XXXXXXXX
HCoV-229E,XXXXXXXX
HCoV-229E,XXXXXXXX
HCoV-229E,XXXXXXXX
HCoV-229E,XXXXXXXX
HCoV-229E,XXXXXXXX
HCoV-229E,XXXXXXXX
HCoV-229E,XXXXXXXX
HCoV-229E,XXXXXXXX
HCoV-229E,XXXXXXXX
HCoV-229E,XXXXXXXX
HCoV-229E,XXXXXXXX
HCoV-229E,XXXXXXXX
HCoV-229E,XXXXXXXX
HCoV-229E,XXXXXXXX
HCoV-229E,XXXXXXXX
HCoV-229E,XXXXXXXX
HCoV-229E,XXXXXXXX
HCoV-229E,XXXXXXXX
HCoV-229E,XXXXXXXX
HCoV-229E,XXXXXXXX
HCoV-229E,XXXXXXXX
HCoV-229E,XXXXXXXX
HCoV-229E,XXXXXXXX
HCoV-229E,XXXXXXXX
HCoV-229E,XXXXXXXX
HCoV-229E,XXXXXXXX
HCoV-229E,XXXXXXXX
HCoV-229E,XXXXXXXX
HCoV-229E,XXXXXXXX
HCoV-229E,XXXXXXXX
HCoV-229E,XXXXXXXX
HCoV-229E,XXXXXXXX
HCoV-229E,XXXXXXXX
HCoV-229E,XXXXXXXX
HCoV-229E,XXXXXXXX
HCoV-229E,XXXXXXXX
HCoV-229E,XXXXXXXX
HCoV-229E,XXXXXXXX
HCoV-229E,XXXXXXXX
HCoV-229E,XXXXXXXX
HCoV-229E,XXXXXXXX
HCoV-229E,XXXXXXXX
HCoV-229E,XXXXXXXX
HCoV-229E,XXXXXXXX
HCoV-229E,XXXXXXXX
HCoV-229E,XXXXXXXX
HCoV-229E,XXXXXXXX
HCoV-229E,XXXXXXXX
HCoV-229E,XXXXXXXX
HCoV-229E,XXXXXXXX
HCoV-229E,XXXXXXXX
HCoV-229E,XXXXXXXX
HCoV-229E,XXXXXXXX
HCoV-229E,XXXXXXXX
HCoV-229E,XXXXXXXX
HCoV-229E,XXXXXXXX
HCoV-229E,XXXXXXXX
HCoV-229E,XXXXXXXX
HCoV-229E,XXXXXXXX
HCoV-229E,XXXXXXXX
HCoV-229E,XXXXXXXX
HCoV-229E,XXXXXXXX
HCoV-229E,XXXXXXXX
HCoV-229E,XXXXXXXX
HCoV-229E,XXXXXXXX
HCoV-229E,XXXXXXXX
HCoV-229E,XXXXXXXX
HCoV-229E,XXXXXXXX
HCoV-229E,XXXXXXXX
HCoV-229E,XXXXXXXX
HCoV-229E,XXXXXXXX
HCoV-229E,XXXXXXXX
HCoV-229E,XXXXXXXX
HCoV-229E,XXXXXXXX
HCoV-229E,XXXXXXXX
HCoV-229E,XXXXXXXX
HCoV-229E,XXXXXXXX
HCoV-229E,XXXXXXXX
HCoV-229E,XXXXXXXX
HCoV-229E,XXXXXXXX
HCoV-229E,XXXXXXXX
HCoV-229E,XXXXXXXX
HCoV-229E,XXXXXXXX
HCoV-229E,XXXXXXXX
HCoV-229E,XXXXXXXX
HCoV-229E,XXXXXXXX
HCoV-229E,XXXXXXXX
HCoV-229E,XXXXXXXX
HCoV-229E,XXXXXXXX
HCoV-229E,XXXXXXXX
HCoV-229E,XXXXXXXX
HCoV-229E,XXXXXXXX
HCoV-229E,XXXXXXXX
HCoV-229E,XXXXXXXX
HCoV-229E,XXXXXXXX
HCoV-229E,XXXXXXXX
HCoV-229E,XXXXXXX
HCoV-229E,XXXXXXX
HCoV-229E,XXXXXXX
HCoV-229E,XXXXXXX
HCoV-229E,XXXXXXX
HCoV-229E,XXXXXXX
HCoV-229E,XXXXXXX
HCoV-229E,XXXXXXX
HCoV-229E,XXXXXXX
HCoV-229E,XXXXXXX
HCoV-229E,XXXXXXX
HCoV-229E,XXXXXXX
HCoV-229E,XXXXXXX
HCoV-229E,XXXXXXX
HCoV-229E,XXXXXXX
HCoV-229E,XXXXXXX
HCoV-229E,XXXXXXX
HCoV-229E,XXXXXXX
HCoV-229E,XXXXXXX
HCoV-229E,XXXXXXX
HCoV-229E,XXXXXXX
HCoV-229E,XXXXXXX
HCoV-229E,XXXXXXX
HCoV-229E,XXXXXXX
HCoV-229E,XXXXXXX
HCoV-229E,XXXXXXX
HCoV-229E,XXXXXXX
HCoV-229E,XXXXXXX
HCoV-229E,XXXXXXX
HCoV-229E,XXXXXXX
HCoV-229E,XXXXXXX
HCoV-229E,XXXXXXX
HCoV-229E,XXXXXXX
HCoV-229E,XXXXXXX
HCoV-229E,XXXXXXX
HCoV-229E,XXXXXXX
HCoV-229E,XXXXXXX
HCoV-229E,XXXXXXX
HCoV-229E,XXXXXXX
HCoV-229E,XXXXXXX
HCoV-229E,XXXXXXX
HCoV-229E,XXXXXXX
HCoV-229E,XXXXXXX
HCoV-229E,XXXXXXX
HCoV-229E,XXXXXXX
HCoV-229E,XXXXXXX
HCoV-229E,XXXXXXX
HCoV-229E,XXXXXXX
HCoV-229E,XXXXXXX
HCoV-229E,XXXXXXX
HCoV-229E,XXXXXXX
HCoV-229E,XXXXXXX
HCoV-229E,XXXXXXX
HCoV-229E,XXXXXXX
HCoV-229E,XXXXXXX
HCoV-229E,XXXXXXX
HCoV-229E,XXXXXX
HCoV-229E,XXXXXX
HCoV-229E,XXXXXX
HCoV-229E,XXXXXX
HCoV-229E,XXXXXX
HCoV-229E,XXXXXX
HCoV-229E,XXXXXX
HCoV-229E,XXXXXX
HCoV-229E,XXXXXX
HCoV-229E,XXXXXX
HCoV-229E,XXXXXX
HCoV-229E,XXXXXX
HCoV-229E,XXXXXX
HCoV-229E,XXXXXX
HCoV-229E,XXXXXX
HCoV-229E,XXXXXX
HCoV-229E,XXXXXX
HCoV-229E,XXXXXX
HCoV-229E,XXXXXX
HCoV-229E,XXXXXX
HCoV-229E,XXXXXX
HCoV-229E,XXXXXX
HCoV-229E,XXXXXX
HCoV-229E,XXXXXX
HCoV-229E,XXXXXX
HCoV-229E,XXXXXX
HCoV-229E,XXXXXX
HCoV-229E,XXXXXX
HCoV-229E,XXXXXX
HCoV-229E,XXXXXX
HCoV-229E,XXXXXX
HCoV-229E,XXXXXX
HCoV-229E,XXXXXX
HCoV-229E,XXXXXX
HCoV-229E,XXXXXX
HCoV-229E,XXXXXX
HCoV-229E,XXXXXX
HCoV-229E,XXXXXX
HCoV-229E,XXXXXX
HCoV-229E,XXXXXX
HCoV-229E,XXXXXX
HCoV-229E,XXXXXX
HCoV-229E,XXXXXX
HCoV-229E,XXXXXX
HCoV-229E,XXXXXX
HCoV-229E,XXXXXX
HCoV-229E,XXXXXX
HCoV-229E,XXXXXX
HCoV-229E,XXXXXX
HCoV-229E,XXXXXX
HCoV-229E,XXXXXX
HCoV-229E,XXXXXX
HCoV-229E,XXXXXX
HCoV-229E,XXXXXX
HCoV-229E,XXXXXX
HCoV-229E,XXXXXX
HCoV-229E,XXXXX
HCoV-229E,XXXXX
HCoV-229E,XXXXX
HCoV-229E,XXXXX
HCoV-229E,XXXXX
HCoV-229E,XXXXX
HCoV-229E,XXXXX
HCoV-229E,XXXXX
HCoV-229E,XXXXX
HCoV-229E,XXXXX
HCoV-229E,XXXXX
HCoV-229E,XXXXX
HCoV-229E,XXXXX
HCoV-229E,XXXXX
HCoV-229E,XXXXX
HCoV-229E,XXXXX
HCoV-229E,XXXXX
HCoV-229E,XXXXX
HCoV-229E,XXXXX
HCoV-229E,XXXXX
HCoV-229E,XXXXX
HCoV-229E,XXXXX
HCoV-229E,XXXXX
HCoV-229E,XXXXX
HCoV-229E,XXXXX
HCoV-229E,XXXXX
HCoV-229E,XXXXX
HCoV-229E,XXXXX
HCoV-229E,XXXXX
HCoV-229E,XXXXX
HCoV-229E,XXXXX
HCoV-229E,XXXXX
HCoV-229E,XXXXX
HCoV-229E,XXXXX
HCoV-229E,XXXXX
HCoV-229E,XXXXX
HCoV-229E,XXXXX
HCoV-229E,XXXXX
HCoV-229E,XXXXX
HCoV-229E,XXXXX
HCoV-229E,XXXXX
HCoV-229E,XXXXX
HCoV-229E,XXXXX
HCoV-229E,XXXXX
HCoV-229E,XXXXX
HCoV-229E,XXXXX
HCoV-229E,XXXXX
HCoV-229E,XXXXX
HCoV-229E,XXXXX
HCoV-229E,XXXXX
HCoV-229E,XXXXX
HCoV-229E,XXXXX
HCoV-229E,XXXXX
HCoV-229E,XXXXX
HCoV-229E,XXXXX
HCoV-229E,XXXXX
HCoV-229E,XXXXX
HCoV-229E,XXXXX
HCoV-229E,XXXXX
HCoV-229E,XXXXX
HCoV-229E,XXXXX
HCoV-229E,XXXXX
HCoV-229E,XXXXX
HCoV-229E,XXXXX
HCoV-229E,XXXXX
HCoV-229E,XXXXX
HCoV-229E,XXXXX
HCoV-229E,XXXXX
HCoV-229E,XXXXX
HCoV-229E,XXXXX
HCoV-229E,XXXXX
HCoV-229E,XXXXX
HCoV-229E,XXXXX
HCoV-229E,XXXXX
HCoV-229E,XXXXX
HCoV-229E,XXXXX
HCoV-229E,XXXXX
HCoV-229E,XXXXX
HCoV-229E,XXXXX
HCoV-229E,XXXXX
HCoV-229E,XXXXX
HCoV-229E,XXXXX
HCoV-229E,XXXXX
HCoV-229E,XXXXX
HCoV-229E,XXXXX
HCoV-229E,XXXXX
HCoV-229E,XXXXX
HCoV-229E,XXXXX
HCoV-229E,XXXXX
HCoV-229E,XXXXX
HCoV-229E,XXXXX
HCoV-229E,XXXXX
HCoV-229E,XXXXX
HCoV-229E,XXXXX
HCoV-229E,XXXXX
HCoV-229E,XXXXX
HCoV-229E,XXXXX
HCoV-229E,XXXXX
HCoV-229E,XXXXX
HCoV-229E,XXXXX
HCoV-229E,XXXXX
HCoV-229E,XXXXX
HCoV-229E,XXXXX
HCoV-229E,XXXXX
HCoV-229E,XXXXX
HCoV-229E,XXXXX
HCoV-229E,XXXXX
HCoV-229E,XXXXX
HCoV-229E,XXXXX
HCoV-229E,XXXXX
HCoV-229E,XXXXX
HCoV-229E,XXXXX
HCoV-229E,XXXXX
HCoV-229E,XXXXX
HCoV-229E,XXXXX
HCoV-229E,XXXXX
HCoV-229E,XXXXX
HCoV-229E,XXXXX
HCoV-229E,XXXXX
HCoV-229E,XXXXX
HCoV-229E,XXXXX
HCoV-229E,XXXXX
HCoV-229E,XXXXX
HCoV-229E,XXXXX
HCoV-229E,XXXXX
HCoV-229E,XXXXX
HCoV-229E,XXXXX
HCoV-229E,XXXXX
HCoV-229E,XXXXX
HCoV-229E,XXXXX
HCoV-229E,XXXXX
HCoV-229E,XXXXX
HCoV-229E,XXXXX
HCoV-229E,XXXXX
HCoV-229E,XXXXX
HCoV-229E,XXXXX
HCoV-229E,XXXXX
HCoV-229E,XXXXX
HCoV-229E,XXXXX
HCoV-229E,XXXXX
HCoV-229E,XXXXX
HCoV-229E,XXXXX
HCoV-229E,XXXXX
HCoV-229E,XXXXX
HCoV-229E,XXXXX
HCoV-229E,XXXXX
HCoV-229E,XXXXX
HCoV-229E,XXXXX
HCoV-229E,XXXXX
HCoV-229E,XXXXX
HCoV-229E,XXXXX
HCoV-229E,XXXXX
HCoV-229E,XXXXX
HCoV-229E,XXXXX
HCoV-229E,XXXXX
HCoV-229E,XXXXX
HCoV-229E,XXXXX
HCoV-229E,XXXXX
HCoV-229E,XXXXX
HCoV-229E,XXXXX
HCoV-229E,XXXX
HCoV-229E,XXXX
HCoV-229E,XXXX
HCoV-229E,XXXX
HCoV-229E,XXXX
HCoV-229E,XXXX
HCoV-229E,XXXX
HCoV-229E,XXXX
HCoV-229E,XXXX
HCoV-229E,XXXX
HCoV-229E,XXXX
HCoV-229E,XXXX
HCoV-229E,XXXX
HCoV-229E,XXXX
HCoV-229E,XXXX
HCoV-229E,XXXX
HCoV-229E,XXXX
HCoV-229E,XXXX
HCoV-229E,XXXX
HCoV-229E,XXXX
HCoV-229E,XXXX
HCoV-229E,XXXX
HCoV-229E,XXXX
HCoV-229E,XXXX
HCoV-229E,XXXX
HCoV-229E,XXXX
HCoV-229E,XXXX
HCoV-229E,XXXX
HCoV-229E,XXXX
HCoV-229E,XXXX
HCoV-229E,XXXX
HCoV-229E,XXXX
HCoV-229E,XXXX
HCoV-229E,XXXX
HCoV-229E,XXXX
HCoV-229E,XXXX
HCoV-229E,XXXX
HCoV-229E,XXXX
HCoV-229E,XXXX
HCoV-229E,XXXX
HCoV-229E,XXXX
HCoV-229E,XXXX
HCoV-229E,XXXX
HCoV-229E,XXXX
HCoV-229E,XXXX
HCoV-229E,XXXX
HCoV-229E,XXXX
HCoV-229E,XXXX
HCoV-229E,XXXX
HCoV-229E,XXXX
HCoV-229E,XXXX
HCoV-229E,XXXX
HCoV-229E,XXXX
HCoV-229E,XXXX
HCoV-229E,XXXX
HCoV-229E,XXXX
HCoV-229E,XXXX
HCoV-229E,XXXX
HCoV-229E,XXXX
HCoV-229E,XXXX
HCoV-229E,XXXX
HCoV-229E,XXXX
HCoV-229E,XXXX
HCoV-229E,XXXX
HCoV-229E,XXXX
HCoV-229E,XXXX
HCoV-229E,XXXX
HCoV-229E,XXXX
HCoV-229E,XXXX
HCoV-229E,XXXX
HCoV-229E,XXXX
HCoV-229E,XXXX
HCoV-229E,GCCG
HCoV-229E,GFSS
HCoV-229E,GFSS
HCoV-229E,IGGI
HCoV-229E,ISSSI
HCoV-229E,KGFS
HCoV-229E,KSQSK
HCoV-229E,LAAL
HCoV-229E,LGGL
HCoV-229E,QALQ
HCoV-229E,RGTIL
HCoV-229E,SGDA
HCoV-229E,TIGN
HCoV-229E,TNNT
HCoV-229E,VGYS
HCoV-229E,VLLV
HCoV-229E,VNFNV
HCoV-229E,VPQPV
HCoV-229E,YFNG
HCoV-229E,YTEVR
HCoV-229E,YTIG
HCoV-229E,YVAVY
HCoV-229E,YYNG
HCoV-229E,DAIT
HCoV-229E,GCCG
HCoV-229E,GXXXXXXXXXXXXXXXXXXXXXXXXXXXXXXXXXG
HCoV-229E,IGGI
HCoV-229E,ISSSI
HCoV-229E,KSQSK
HCoV-229E,LGGL
HCoV-229E,NFAFN
HCoV-229E,NGTN
HCoV-229E,QALQ
HCoV-229E,RGTIL
HCoV-229E,RSGSR
HCoV-229E,SAAS
HCoV-229E,SGDA
HCoV-229E,TIGN
HCoV-229E,TNNT
HCoV-229E,VLLV
HCoV-229E,VNFNV
HCoV-229E,XXXXXXXXXXG
HCoV-229E,XXXXXXXXXXXXXXXXXXXXXXXXXXXXXXXX
HCoV-229E,XXXXXXXXXXXXXXXXXXXXXXXXXXXXXXXX
HCoV-229E,XXXXXXXXXXXXXXXXXXXXXXXXXXXXXXX
HCoV-229E,XXXXXXXXXXXXXXXXXXXXXXXXXXXXXXX
HCoV-229E,XXXXXXXXXXXXXXXXXXXXXXXXXXXXXX
HCoV-229E,XXXXXXXXXXXXXXXXXXXXXXXXXXXXXX
HCoV-229E,XXXXXXXXXXXXXXXXXXXXXXXXXXXXX
HCoV-229E,XXXXXXXXXXXXXXXXXXXXXXXXXXXXX
HCoV-229E,XXXXXXXXXXXXXXXXXXXXXXXXXXXX
HCoV-229E,XXXXXXXXXXXXXXXXXXXXXXXXXXXX
HCoV-229E,XXXXXXXXXXXXXXXXXXXXXXXXXXX
HCoV-229E,XXXXXXXXXXXXXXXXXXXXXXXXXXX
HCoV-229E,XXXXXXXXXXXXXXXXXXXXXXXXXX
HCoV-229E,XXXXXXXXXXXXXXXXXXXXXXXXXX
HCoV-229E,XXXXXXXXXXXXXXXXXXXXXXXXX
HCoV-229E,XXXXXXXXXXXXXXXXXXXXXXXXX
HCoV-229E,XXXXXXXXXXXXXXXXXXXXXXXX
HCoV-229E,XXXXXXXXXXXXXXXXXXXXXXXX
HCoV-229E,XXXXXXXXXXXXXXXXXXXXXXX
HCoV-229E,XXXXXXXXXXXXXXXXXXXXXXX
HCoV-229E,XXXXXXXXXXXXXXXXXXXXXX
HCoV-229E,XXXXXXXXXXXXXXXXXXXXXX
HCoV-229E,XXXXXXXXXXXXXXXXXXXXX
HCoV-229E,XXXXXXXXXXXXXXXXXXXXX
HCoV-229E,XXXXXXXXXXXXXXXXXXXX
HCoV-229E,XXXXXXXXXXXXXXXXXXXX
HCoV-229E,XXXXXXXXXXXXXXXXXXX
HCoV-229E,XXXXXXXXXXXXXXXXXXX
HCoV-229E,XXXXXXXXXXXXXXXXXX
HCoV-229E,XXXXXXXXXXXXXXXXXX
HCoV-229E,XXXXXXXXXXXXXXXXX
HCoV-229E,XXXXXXXXXXXXXXXXX
HCoV-229E,XXXXXXXXXXXXXXXX
HCoV-229E,XXXXXXXXXXXXXXXX
HCoV-229E,XXXXXXXXXXXXXXX
HCoV-229E,XXXXXXXXXXXXXXX
HCoV-229E,XXXXXXXXXXXXXX
HCoV-229E,XXXXXXXXXXXXXX
HCoV-229E,XXXXXXXXXXXXX
HCoV-229E,XXXXXXXXXXXXX
HCoV-229E,XXXXXXXXXXXX
HCoV-229E,XXXXXXXXXXXX
HCoV-229E,XXXXXXXXXXX
HCoV-229E,XXXXXXXXXXX
HCoV-229E,XXXXXXXXXX
HCoV-229E,XXXXXXXXXX
HCoV-229E,XXXXXXXXXX
HCoV-229E,XXXXXXXXXX
HCoV-229E,XXXXXXXXXX
HCoV-229E,XXXXXXXXXX
HCoV-229E,XXXXXXXXXX
HCoV-229E,XXXXXXXXXX
HCoV-229E,XXXXXXXXXX
HCoV-229E,XXXXXXXXXX
HCoV-229E,XXXXXXXXXX
HCoV-229E,XXXXXXXXXX
HCoV-229E,XXXXXXXXXX
HCoV-229E,XXXXXXXXXX
HCoV-229E,XXXXXXXXXX
HCoV-229E,XXXXXXXXXX
HCoV-229E,XXXXXXXXXX
HCoV-229E,XXXXXXXXXX
HCoV-229E,XXXXXXXXXX
HCoV-229E,XXXXXXXXXX
HCoV-229E,XXXXXXXXXX
HCoV-229E,XXXXXXXXXX
HCoV-229E,XXXXXXXXXX
HCoV-229E,XXXXXXXXXX
HCoV-229E,XXXXXXXXXX
HCoV-229E,XXXXXXXXXX
HCoV-229E,XXXXXXXXXX
HCoV-229E,XXXXXXXXXX
HCoV-229E,XXXXXXXXXX
HCoV-229E,XXXXXXXXXX
HCoV-229E,XXXXXXXXXX
HCoV-229E,XXXXXXXXXX
HCoV-229E,XXXXXXXXXX
HCoV-229E,XXXXXXXXXX
HCoV-229E,XXXXXXXXXX
HCoV-229E,XXXXXXXXXX
HCoV-229E,XXXXXXXXXX
HCoV-229E,XXXXXXXXXX
HCoV-229E,XXXXXXXXXX
HCoV-229E,XXXXXXXXXX
HCoV-229E,XXXXXXXXXX
HCoV-229E,XXXXXXXXXX
HCoV-229E,XXXXXXXXXX
HCoV-229E,XXXXXXXXXX
HCoV-229E,XXXXXXXXXX
HCoV-229E,XXXXXXXXXX
HCoV-229E,XXXXXXXXXX
HCoV-229E,XXXXXXXXXX
HCoV-229E,XXXXXXXXXX
HCoV-229E,XXXXXXXXXX
HCoV-229E,XXXXXXXXXX
HCoV-229E,XXXXXXXXXX
HCoV-229E,XXXXXXXXX
HCoV-229E,XXXXXXXXX
HCoV-229E,XXXXXXXXX
HCoV-229E,XXXXXXXXX
HCoV-229E,XXXXXXXXX
HCoV-229E,XXXXXXXXX
HCoV-229E,XXXXXXXXX
HCoV-229E,XXXXXXXXX
HCoV-229E,XXXXXXXXX
HCoV-229E,XXXXXXXXX
HCoV-229E,XXXXXXXXX
HCoV-229E,XXXXXXXXX
HCoV-229E,XXXXXXXX
HCoV-229E,XXXXXXXX
HCoV-229E,XXXXXXXX
HCoV-229E,XXXXXXXX
HCoV-229E,XXXXXXXX
HCoV-229E,XXXXXXXX
HCoV-229E,XXXXXXXX
HCoV-229E,XXXXXXXX
HCoV-229E,XXXXXXXX
HCoV-229E,XXXXXXXX
HCoV-229E,XXXXXXXX
HCoV-229E,XXXXXXXX
HCoV-229E,XXXXXXXX
HCoV-229E,XXXXXXXX
HCoV-229E,XXXXXXXX
HCoV-229E,XXXXXXXX
HCoV-229E,XXXXXXXX
HCoV-229E,XXXXXXXX
HCoV-229E,XXXXXXXX
HCoV-229E,XXXXXXXX
HCoV-229E,XXXXXXXX
HCoV-229E,XXXXXXXX
HCoV-229E,XXXXXXXX
HCoV-229E,XXXXXXXX
HCoV-229E,XXXXXXXX
HCoV-229E,XXXXXXXX
HCoV-229E,XXXXXXXX
HCoV-229E,XXXXXXXX
HCoV-229E,XXXXXXXX
HCoV-229E,XXXXXXXX
HCoV-229E,XXXXXXXX
HCoV-229E,XXXXXXXX
HCoV-229E,XXXXXXXX
HCoV-229E,XXXXXXXX
HCoV-229E,XXXXXXXX
HCoV-229E,XXXXXXXX
HCoV-229E,XXXXXXXX
HCoV-229E,XXXXXXXX
HCoV-229E,XXXXXXXX
HCoV-229E,XXXXXXXX
HCoV-229E,XXXXXXXX
HCoV-229E,XXXXXXXX
HCoV-229E,XXXXXXXX
HCoV-229E,XXXXXXXX
HCoV-229E,XXXXXXXX
HCoV-229E,XXXXXXX
HCoV-229E,XXXXXXX
HCoV-229E,XXXXXXX
HCoV-229E,XXXXXXX
HCoV-229E,XXXXXXX
HCoV-229E,XXXXXXX
HCoV-229E,XXXXXXX
HCoV-229E,XXXXXXX
HCoV-229E,XXXXXXX
HCoV-229E,XXXXXXX
HCoV-229E,XXXXXXX
HCoV-229E,XXXXXXX
HCoV-229E,XXXXXXX
HCoV-229E,XXXXXXX
HCoV-229E,XXXXXXX
HCoV-229E,XXXXXXX
HCoV-229E,XXXXXXX
HCoV-229E,XXXXXXX
HCoV-229E,XXXXXXX
HCoV-229E,XXXXXXX
HCoV-229E,XXXXXX
HCoV-229E,XXXXXX
HCoV-229E,XXXXXX
HCoV-229E,XXXXXX
HCoV-229E,XXXXXX
HCoV-229E,XXXXXX
HCoV-229E,XXXXXX
HCoV-229E,XXXXXX
HCoV-229E,XXXXXX
HCoV-229E,XXXXXX
HCoV-229E,XXXXXX
HCoV-229E,XXXXXX
HCoV-229E,XXXXXX
HCoV-229E,XXXXXX
HCoV-229E,XXXXXX
HCoV-229E,XXXXXX
HCoV-229E,XXXXXX
HCoV-229E,XXXXXX
HCoV-229E,XXXXXX
HCoV-229E,XXXXXX
HCoV-229E,XXXXX
HCoV-229E,XXXXX
HCoV-229E,XXXXX
HCoV-229E,XXXXX
HCoV-229E,XXXXX
HCoV-229E,XXXXX
HCoV-229E,XXXXX
HCoV-229E,XXXXX
HCoV-229E,XXXXX
HCoV-229E,XXXXX
HCoV-229E,XXXXX
HCoV-229E,XXXXX
HCoV-229E,XXXXX
HCoV-229E,XXXXX
HCoV-229E,XXXXX
HCoV-229E,XXXXX
HCoV-229E,XXXXX
HCoV-229E,XXXXX
HCoV-229E,XXXXX
HCoV-229E,XXXXX
HCoV-229E,XXXX
HCoV-229E,XXXX
HCoV-229E,XXXX
HCoV-229E,XXXX
HCoV-229E,XXXX
HCoV-229E,XXXX
HCoV-229E,XXXX
HCoV-229E,XXXX
HCoV-229E,XXXX
HCoV-229E,XXXX
HCoV-229E,XXXX
HCoV-229E,XXXX
HCoV-229E,XXXX
HCoV-229E,XXXX
HCoV-229E,XXXX
HCoV-229E,XXXX
HCoV-229E,XXXX
HCoV-229E,XXXX
HCoV-229E,XXXX
HCoV-229E,XXXX
HCoV-229E,YFNG
HCoV-229E,YTEVR
HCoV-229E,YYNG
HCoV-229E,DAIT
HCoV-229E,GCCG
HCoV-229E,IGGI
HCoV-229E,ISSSI
HCoV-229E,KSQSK
HCoV-229E,LAAL
HCoV-229E,LGGL
HCoV-229E,NFAFN
HCoV-229E,NGTN
HCoV-229E,QALQ
HCoV-229E,RGTIL
HCoV-229E,RSGSR
HCoV-229E,SAAS
HCoV-229E,SGDA
HCoV-229E,TIGN
HCoV-229E,TNNT
HCoV-229E,VLLV
HCoV-229E,VNFNV
HCoV-229E,VPKPV
HCoV-229E,YFNG
HCoV-229E,YTEVR
HCoV-229E,YYNG
HCoV-229E,DAIT
HCoV-229E,GCCG
HCoV-229E,IGGI
HCoV-229E,ISSSI
HCoV-229E,KSQSK
HCoV-229E,LAAL
HCoV-229E,LGGL
HCoV-229E,NFAFN
HCoV-229E,NGTN
HCoV-229E,QALQ
HCoV-229E,RGTIL
HCoV-229E,RSGSR
HCoV-229E,SAAS
HCoV-229E,SGDA
HCoV-229E,TIGN
HCoV-229E,TNNT
HCoV-229E,VLLV
HCoV-229E,VNFNV
HCoV-229E,VPKPV
HCoV-229E,YFNG
HCoV-229E,YTEVR
HCoV-229E,YYNG
HCoV-229E,DKKD
HCoV-229E,DNVGT
HCoV-229E,FLYLF
HCoV-229E,FNLNF
HCoV-229E,GCCG
HCoV-229E,GFSS
HCoV-229E,GFSS
HCoV-229E,GFTA
HCoV-229E,IGGI
HCoV-229E,IHWS
HCoV-229E,ISSSI
HCoV-229E,ITVNV
HCoV-229E,LAAL
HCoV-229E,LGGL
HCoV-229E,LHNL
HCoV-229E,LRASARL
HCoV-229E,NVKQ
HCoV-229E,RSSR
HCoV-229E,SAAS
HCoV-229E,SIAD
HCoV-229E,SSDG
HCoV-229E,SVIVS
HCoV-229E,TAVT
HCoV-229E,TGNG
HCoV-229E,TLLT
HCoV-229E,TNNT
HCoV-229E,TTIN
HCoV-229E,TVNVT
HCoV-229E,VNVSA
HCoV-229E,YLLY
HCoV-229E,DAIT
HCoV-229E,GCCG
HCoV-229E,GTGTG
HCoV-229E,IGGI
HCoV-229E,ISSSI
HCoV-229E,KSQSK
HCoV-229E,LAAL
HCoV-229E,LGGL
HCoV-229E,NFAFN
HCoV-229E,QALQ
HCoV-229E,RGTIL
HCoV-229E,RSGSR
HCoV-229E,SAAS
HCoV-229E,SGDA
HCoV-229E,TIGN
HCoV-229E,TNNT
HCoV-229E,VLLV
HCoV-229E,VNFNV
HCoV-229E,VPKPV
HCoV-229E,YFNG
HCoV-229E,YTEVR
HCoV-229E,YYNG
HCoV-229E,DAIT
HCoV-229E,GCCG
HCoV-229E,IGGI
HCoV-229E,ISSSI
HCoV-229E,KSQSK
HCoV-229E,LAAL
HCoV-229E,LGGL
HCoV-229E,NFAFN
HCoV-229E,QALQ
HCoV-229E,RGTIL
HCoV-229E,RSGSR
HCoV-229E,SAAS
HCoV-229E,SGDA
HCoV-229E,TIGN
HCoV-229E,TNNT
HCoV-229E,VLLV
HCoV-229E,VNFNV
HCoV-229E,VPKPV
HCoV-229E,YFNG
HCoV-229E,YTEVR
HCoV-229E,YYNG
HCoV-229E,GCCG
HCoV-229E,IGGI
HCoV-229E,ISSSI
HCoV-229E,KSQSK
HCoV-229E,LAAL
HCoV-229E,LGGL
HCoV-229E,QALQ
HCoV-229E,RGTIL
HCoV-229E,SAAS
HCoV-229E,SGDA
HCoV-229E,TIGN
HCoV-229E,TNNT
HCoV-229E,VLLV
HCoV-229E,VNFNV
HCoV-229E,VPKPV
HCoV-229E,YFNG
HCoV-229E,YTEVR
HCoV-229E,YTIG
HCoV-229E,YYNG
HCoV-229E,DAIT
HCoV-229E,GCCG
HCoV-229E,IGGI
HCoV-229E,ISSSI
HCoV-229E,KSQSK
HCoV-229E,LAAL
HCoV-229E,LGGL
HCoV-229E,NFAFN
HCoV-229E,NGTN
HCoV-229E,QALQ
HCoV-229E,RGTIL
HCoV-229E,RSGSR
HCoV-229E,SAAS
HCoV-229E,SGDA
HCoV-229E,TIGN
HCoV-229E,TNNT
HCoV-229E,VLLV
HCoV-229E,VNFNV
HCoV-229E,VPKPV
HCoV-229E,YFNG
HCoV-229E,YTEVR
HCoV-229E,YYNG
HCoV-229E,DAIT
HCoV-229E,GCCG
HCoV-229E,IGGI
HCoV-229E,ISSSI
HCoV-229E,KSQSK
HCoV-229E,LAAL
HCoV-229E,LGGL
HCoV-229E,NFAFN
HCoV-229E,NGTN
HCoV-229E,QALQ
HCoV-229E,RGTIL
HCoV-229E,RSGSR
HCoV-229E,SAAS
HCoV-229E,SGDA
HCoV-229E,TIGN
HCoV-229E,TNNT
HCoV-229E,VNFNV
HCoV-229E,VPKPV
HCoV-229E,YFNG
HCoV-229E,YTEVR
HCoV-229E,YYNG
HCoV-229E,ASNV
HCoV-229E,GCCG
HCoV-229E,GFSS
HCoV-229E,GFSS
HCoV-229E,IGGI
HCoV-229E,ISVV
HCoV-229E,KGFS
HCoV-229E,LAAL
HCoV-229E,LGGL
HCoV-229E,LKDI
HCoV-229E,NLEA
HCoV-229E,QLRQ
HCoV-229E,SGDA
HCoV-229E,TIGN
HCoV-229E,TINV
HCoV-229E,TNNT
HCoV-229E,YFNG
HCoV-229E,YTIG
HCoV-229E,YYNG
HCoV-229E,NFAFN
HCoV-229E,RGPGR
HCoV-229E,SGDA
HCoV-229E,TIGN
HCoV-229E,TNNT
HCoV-229E,VLLV
HCoV-229E,VNFNV
HCoV-229E,VPKPV
HCoV-229E,YFNG
HCoV-229E,DAIT
HCoV-229E,GCCG
HCoV-229E,IGGI
HCoV-229E,ISSSI
HCoV-229E,KSQSK
HCoV-229E,LAAL
HCoV-229E,LGGL
HCoV-229E,NFAFN
HCoV-229E,QALQ
HCoV-229E,RGTIL
HCoV-229E,RSGSR
HCoV-229E,SAAS
HCoV-229E,SGDA
HCoV-229E,TIGN
HCoV-229E,TNNT
HCoV-229E,VLLV
HCoV-229E,VNFNV
HCoV-229E,VPKPV
HCoV-229E,YFNG
HCoV-229E,YTEVR
HCoV-229E,YYNG
HCoV-229E,ASNV
HCoV-229E,GCCG
HCoV-229E,GFSS
HCoV-229E,GFSS
HCoV-229E,IGGI
HCoV-229E,ISVV
HCoV-229E,KGFS
HCoV-229E,LAAL
HCoV-229E,LGGL
HCoV-229E,LKDI
HCoV-229E,NLEA
HCoV-229E,QLRQ
HCoV-229E,SGDA
HCoV-229E,TIGN
HCoV-229E,TINV
HCoV-229E,TNNT
HCoV-229E,YFNG
HCoV-229E,YTIG
HCoV-229E,YYNG
HCoV-229E,DAIT
HCoV-229E,GCCG
HCoV-229E,IGGI
HCoV-229E,ISSSI
HCoV-229E,KSQSK
HCoV-229E,LAAL
HCoV-229E,LGGL
HCoV-229E,NFAFN
HCoV-229E,NGTN
HCoV-229E,QALQ
HCoV-229E,RGPGR
HCoV-229E,RGTIL
HCoV-229E,RSGSR
HCoV-229E,SAAS
HCoV-229E,SGDA
HCoV-229E,SGSR
HCoV-229E,TIGN
HCoV-229E,TNNT
HCoV-229E,VLLV
HCoV-229E,VNFNV
HCoV-229E,VPKPV
HCoV-229E,YFNG
HCoV-229E,YTEVR
HCoV-229E,YYNG
HCoV-229E,DAIT
HCoV-229E,GCCG
HCoV-229E,IGGI
HCoV-229E,ISSSI
HCoV-229E,KSQSK
HCoV-229E,LAAL
HCoV-229E,LGGL
HCoV-229E,NFAFN
HCoV-229E,NGTN
HCoV-229E,QALQ
HCoV-229E,RGPGR
HCoV-229E,RGTIL
HCoV-229E,RSGSR
HCoV-229E,SAAS
HCoV-229E,SGDA
HCoV-229E,SGSR
HCoV-229E,TNNT
HCoV-229E,VLLV
HCoV-229E,VNFNV
HCoV-229E,VPKPV
HCoV-229E,YFNG
HCoV-229E,YTEVR
HCoV-229E,YYNG
HCoV-229E,GCCG
HCoV-229E,IGGI
HCoV-229E,ISSSI
HCoV-229E,KSQSK
HCoV-229E,LGGL
HCoV-229E,LXXXXXXXXXL
HCoV-229E,NFAFN
HCoV-229E,QALQ
HCoV-229E,RGTIL
HCoV-229E,RSGSR
HCoV-229E,SAAS
HCoV-229E,SGDA
HCoV-229E,TIGN
HCoV-229E,TNNT
HCoV-229E,VLLV
HCoV-229E,VNFNV
HCoV-229E,VPKPV
HCoV-229E,XXXXXXXXXXXXXXXXXXXXXXXXXXXXXXXXXXXXXXXXXXXXXXXXXXXXXXXX
HCoV-229E,XXXXXXXXXXXXXXXXXXXXXXXXXXXXXXXXXXXXXXXXXXXXXXXXXXXXXXX
HCoV-229E,XXXXXXXXXXXXXXXXXXXXXXXXXXXXXXXXXXXXXXXXXXXXXXXXXXXXXXX
HCoV-229E,XXXXXXXXXXXXXXXXXXXXXXXXXXXXXXXXXXXXXXXXXXXXXXXXXXXXXX
HCoV-229E,XXXXXXXXXXXXXXXXXXXXXXXXXXXXXXXXXXXXXXXXXXXXXXXXXXXXXX
HCoV-229E,XXXXXXXXXXXXXXXXXXXXXXXXXXXXXXXXXXXXXXXXXXXXXXXXXXXXX
HCoV-229E,XXXXXXXXXXXXXXXXXXXXXXXXXXXXXXXXXXXXXXXXXXXXXXXXXXXXX
HCoV-229E,XXXXXXXXXXXXXXXXXXXXXXXXXXXXXXXXXXXXXXXXXXXXXXXXXXXX
HCoV-229E,XXXXXXXXXXXXXXXXXXXXXXXXXXXXXXXXXXXXXXXXXXXXXXXXXXXX
HCoV-229E,XXXXXXXXXXXXXXXXXXXXXXXXXXXXXXXXXXXXXXXXXXXXXXXXXXX
HCoV-229E,XXXXXXXXXXXXXXXXXXXXXXXXXXXXXXXXXXXXXXXXXXXXXXXXXXX
HCoV-229E,XXXXXXXXXXXXXXXXXXXXXXXXXXXXXXXXXXXXXXXXXXXXXXXXXX
HCoV-229E,XXXXXXXXXXXXXXXXXXXXXXXXXXXXXXXXXXXXXXXXXXXXXXXXXX
HCoV-229E,XXXXXXXXXXXXXXXXXXXXXXXXXXXXXXXXXXXXXXXXXXXXXXXXX
HCoV-229E,XXXXXXXXXXXXXXXXXXXXXXXXXXXXXXXXXXXXXXXXXXXXXXXXX
HCoV-229E,XXXXXXXXXXXXXXXXXXXXXXXXXXXXXXXXXXXXXXXXXXXXXXXX
HCoV-229E,XXXXXXXXXXXXXXXXXXXXXXXXXXXXXXXXXXXXXXXXXXXXXXXX
HCoV-229E,XXXXXXXXXXXXXXXXXXXXXXXXXXXXXXXXXXXXXXXXXXXXXXX
HCoV-229E,XXXXXXXXXXXXXXXXXXXXXXXXXXXXXXXXXXXXXXXXXXXXXXX
HCoV-229E,XXXXXXXXXXXXXXXXXXXXXXXXXXXXXXXXXXXXXXXXXXXXXX
HCoV-229E,XXXXXXXXXXXXXXXXXXXXXXXXXXXXXXXXXXXXXXXXXXXXXX
HCoV-229E,XXXXXXXXXXXXXXXXXXXXXXXXXXXXXXXXXXXXXXXXXXXXX
HCoV-229E,XXXXXXXXXXXXXXXXXXXXXXXXXXXXXXXXXXXXXXXXXXXXX
HCoV-229E,XXXXXXXXXXXXXXXXXXXXXXXXXXXXXXXXXXXXXXXXXXXX
HCoV-229E,XXXXXXXXXXXXXXXXXXXXXXXXXXXXXXXXXXXXXXXXXXXX
HCoV-229E,XXXXXXXXXXXXXXXXXXXXXXXXXXXXXXXXXXXXXXXXXXX
HCoV-229E,XXXXXXXXXXXXXXXXXXXXXXXXXXXXXXXXXXXXXXXXXXX
HCoV-229E,XXXXXXXXXXXXXXXXXXXXXXXXXXXXXXXXXXXXXXXXXX
HCoV-229E,XXXXXXXXXXXXXXXXXXXXXXXXXXXXXXXXXXXXXXXXXX
HCoV-229E,XXXXXXXXXXXXXXXXXXXXXXXXXXXXXXXXXXXXXXXXX
HCoV-229E,XXXXXXXXXXXXXXXXXXXXXXXXXXXXXXXXXXXXXXXXX
HCoV-229E,XXXXXXXXXXXXXXXXXXXXXXXXXXXXXXXXXXXXXXXX
HCoV-229E,XXXXXXXXXXXXXXXXXXXXXXXXXXXXXXXXXXXXXXXX
HCoV-229E,XXXXXXXXXXXXXXXXXXXXXXXXXXXXXXXXXXXXXXX
HCoV-229E,XXXXXXXXXXXXXXXXXXXXXXXXXXXXXXXXXXXXXXX
HCoV-229E,XXXXXXXXXXXXXXXXXXXXXXXXXXXXXXXXXXXXXX
HCoV-229E,XXXXXXXXXXXXXXXXXXXXXXXXXXXXXXXXXXXXXX
HCoV-229E,XXXXXXXXXXXXXXXXXXXXXXXXXXXXXXXXXXXXX
HCoV-229E,XXXXXXXXXXXXXXXXXXXXXXXXXXXXXXXXXXXXX
HCoV-229E,XXXXXXXXXXXXXXXXXXXXXXXXXXXXXXXXXXXX
HCoV-229E,XXXXXXXXXXXXXXXXXXXXXXXXXXXXXXXXXXXX
HCoV-229E,XXXXXXXXXXXXXXXXXXXXXXXXXXXXXXXXXXX
HCoV-229E,XXXXXXXXXXXXXXXXXXXXXXXXXXXXXXXXXXX
HCoV-229E,XXXXXXXXXXXXXXXXXXXXXXXXXXXXXXXXXX
HCoV-229E,XXXXXXXXXXXXXXXXXXXXXXXXXXXXXXXXXX
HCoV-229E,XXXXXXXXXXXXXXXXXXXXXXXXXXXXXXXXX
HCoV-229E,XXXXXXXXXXXXXXXXXXXXXXXXXXXXXXXXX
HCoV-229E,XXXXXXXXXXXXXXXXXXXXXXXXXXXXXXXX
HCoV-229E,XXXXXXXXXXXXXXXXXXXXXXXXXXXXXXXX
HCoV-229E,XXXXXXXXXXXXXXXXXXXXXXXXXXXXXXX
HCoV-229E,XXXXXXXXXXXXXXXXXXXXXXXXXXXXXXX
HCoV-229E,XXXXXXXXXXXXXXXXXXXXXXXXXXXXXX
HCoV-229E,XXXXXXXXXXXXXXXXXXXXXXXXXXXXXX
HCoV-229E,XXXXXXXXXXXXXXXXXXXXXXXXXXXXX
HCoV-229E,XXXXXXXXXXXXXXXXXXXXXXXXXXXXX
HCoV-229E,XXXXXXXXXXXXXXXXXXXXXXXXXXXXX
HCoV-229E,XXXXXXXXXXXXXXXXXXXXXXXXXXXXX
HCoV-229E,XXXXXXXXXXXXXXXXXXXXXXXXXXXXX
HCoV-229E,XXXXXXXXXXXXXXXXXXXXXXXXXXXXX
HCoV-229E,XXXXXXXXXXXXXXXXXXXXXXXXXXXXX
HCoV-229E,XXXXXXXXXXXXXXXXXXXXXXXXXXXXX
HCoV-229E,XXXXXXXXXXXXXXXXXXXXXXXXXXXXX
HCoV-229E,XXXXXXXXXXXXXXXXXXXXXXXXXXXXX
HCoV-229E,XXXXXXXXXXXXXXXXXXXXXXXXXXXXX
HCoV-229E,XXXXXXXXXXXXXXXXXXXXXXXXXXXXX
HCoV-229E,XXXXXXXXXXXXXXXXXXXXXXXXXXXXX
HCoV-229E,XXXXXXXXXXXXXXXXXXXXXXXXXXXXX
HCoV-229E,XXXXXXXXXXXXXXXXXXXXXXXXXXXXX
HCoV-229E,XXXXXXXXXXXXXXXXXXXXXXXXXXXXX
HCoV-229E,XXXXXXXXXXXXXXXXXXXXXXXXXXXXX
HCoV-229E,XXXXXXXXXXXXXXXXXXXXXXXXXXXXX
HCoV-229E,XXXXXXXXXXXXXXXXXXXXXXXXXXXXX
HCoV-229E,XXXXXXXXXXXXXXXXXXXXXXXXXXXXX
HCoV-229E,XXXXXXXXXXXXXXXXXXXXXXXXXXXXX
HCoV-229E,XXXXXXXXXXXXXXXXXXXXXXXXXXXXX
HCoV-229E,XXXXXXXXXXXXXXXXXXXXXXXXXXXXX
HCoV-229E,XXXXXXXXXXXXXXXXXXXXXXXXXXXXX
HCoV-229E,XXXXXXXXXXXXXXXXXXXXXXXXXXXXX
HCoV-229E,XXXXXXXXXXXXXXXXXXXXXXXXXXXXX
HCoV-229E,XXXXXXXXXXXXXXXXXXXXXXXXXXXXX
HCoV-229E,XXXXXXXXXXXXXXXXXXXXXXXXXXXXX
HCoV-229E,XXXXXXXXXXXXXXXXXXXXXXXXXXXXX
HCoV-229E,XXXXXXXXXXXXXXXXXXXXXXXXXXXXX
HCoV-229E,XXXXXXXXXXXXXXXXXXXXXXXXXXXXX
HCoV-229E,XXXXXXXXXXXXXXXXXXXXXXXXXXXX
HCoV-229E,XXXXXXXXXXXXXXXXXXXXXXXXXXXX
HCoV-229E,XXXXXXXXXXXXXXXXXXXXXXXXXXXX
HCoV-229E,XXXXXXXXXXXXXXXXXXXXXXXXXXXX
HCoV-229E,XXXXXXXXXXXXXXXXXXXXXXXXXXXX
HCoV-229E,XXXXXXXXXXXXXXXXXXXXXXXXXXXX
HCoV-229E,XXXXXXXXXXXXXXXXXXXXXXXXXXX
HCoV-229E,XXXXXXXXXXXXXXXXXXXXXXXXXXX
HCoV-229E,XXXXXXXXXXXXXXXXXXXXXXXXXXX
HCoV-229E,XXXXXXXXXXXXXXXXXXXXXXXXXXX
HCoV-229E,XXXXXXXXXXXXXXXXXXXXXXXXXXX
HCoV-229E,XXXXXXXXXXXXXXXXXXXXXXXXXXX
HCoV-229E,XXXXXXXXXXXXXXXXXXXXXXXXXX
HCoV-229E,XXXXXXXXXXXXXXXXXXXXXXXXXX
HCoV-229E,XXXXXXXXXXXXXXXXXXXXXXXXXX
HCoV-229E,XXXXXXXXXXXXXXXXXXXXXXXXXX
HCoV-229E,XXXXXXXXXXXXXXXXXXXXXXXXXX
HCoV-229E,XXXXXXXXXXXXXXXXXXXXXXXXXX
HCoV-229E,XXXXXXXXXXXXXXXXXXXXXXXXX
HCoV-229E,XXXXXXXXXXXXXXXXXXXXXXXXX
HCoV-229E,XXXXXXXXXXXXXXXXXXXXXXXXX
HCoV-229E,XXXXXXXXXXXXXXXXXXXXXXXXX
HCoV-229E,XXXXXXXXXXXXXXXXXXXXXXXXX
HCoV-229E,XXXXXXXXXXXXXXXXXXXXXXXXX
HCoV-229E,XXXXXXXXXXXXXXXXXXXXXXXX
HCoV-229E,XXXXXXXXXXXXXXXXXXXXXXXX
HCoV-229E,XXXXXXXXXXXXXXXXXXXXXXXX
HCoV-229E,XXXXXXXXXXXXXXXXXXXXXXXX
HCoV-229E,XXXXXXXXXXXXXXXXXXXXXXXX
HCoV-229E,XXXXXXXXXXXXXXXXXXXXXXXX
HCoV-229E,XXXXXXXXXXXXXXXXXXXXXXX
HCoV-229E,XXXXXXXXXXXXXXXXXXXXXXX
HCoV-229E,XXXXXXXXXXXXXXXXXXXXXXX
HCoV-229E,XXXXXXXXXXXXXXXXXXXXXXX
HCoV-229E,XXXXXXXXXXXXXXXXXXXXXXX
HCoV-229E,XXXXXXXXXXXXXXXXXXXXXXX
HCoV-229E,XXXXXXXXXXXXXXXXXXXXXX
HCoV-229E,XXXXXXXXXXXXXXXXXXXXXX
HCoV-229E,XXXXXXXXXXXXXXXXXXXXXX
HCoV-229E,XXXXXXXXXXXXXXXXXXXXXX
HCoV-229E,XXXXXXXXXXXXXXXXXXXXXX
HCoV-229E,XXXXXXXXXXXXXXXXXXXXXX
HCoV-229E,XXXXXXXXXXXXXXXXXXXXX
HCoV-229E,XXXXXXXXXXXXXXXXXXXXX
HCoV-229E,XXXXXXXXXXXXXXXXXXXXX
HCoV-229E,XXXXXXXXXXXXXXXXXXXXX
HCoV-229E,XXXXXXXXXXXXXXXXXXXXX
HCoV-229E,XXXXXXXXXXXXXXXXXXXXX
HCoV-229E,XXXXXXXXXXXXXXXXXXXX
HCoV-229E,XXXXXXXXXXXXXXXXXXXX
HCoV-229E,XXXXXXXXXXXXXXXXXXXX
HCoV-229E,XXXXXXXXXXXXXXXXXXXX
HCoV-229E,XXXXXXXXXXXXXXXXXXXX
HCoV-229E,XXXXXXXXXXXXXXXXXXXX
HCoV-229E,XXXXXXXXXXXXXXXXXXX
HCoV-229E,XXXXXXXXXXXXXXXXXXX
HCoV-229E,XXXXXXXXXXXXXXXXXXX
HCoV-229E,XXXXXXXXXXXXXXXXXXX
HCoV-229E,XXXXXXXXXXXXXXXXXXX
HCoV-229E,XXXXXXXXXXXXXXXXXXX
HCoV-229E,XXXXXXXXXXXXXXXXXX
HCoV-229E,XXXXXXXXXXXXXXXXXX
HCoV-229E,XXXXXXXXXXXXXXXXXX
HCoV-229E,XXXXXXXXXXXXXXXXXX
HCoV-229E,XXXXXXXXXXXXXXXXXX
HCoV-229E,XXXXXXXXXXXXXXXXXX
HCoV-229E,XXXXXXXXXXXXXXXXX
HCoV-229E,XXXXXXXXXXXXXXXXX
HCoV-229E,XXXXXXXXXXXXXXXXX
HCoV-229E,XXXXXXXXXXXXXXXXX
HCoV-229E,XXXXXXXXXXXXXXXXX
HCoV-229E,XXXXXXXXXXXXXXXXX
HCoV-229E,XXXXXXXXXXXXXXXX
HCoV-229E,XXXXXXXXXXXXXXXX
HCoV-229E,XXXXXXXXXXXXXXXX
HCoV-229E,XXXXXXXXXXXXXXXX
HCoV-229E,XXXXXXXXXXXXXXXX
HCoV-229E,XXXXXXXXXXXXXXXX
HCoV-229E,XXXXXXXXXXXXXXX
HCoV-229E,XXXXXXXXXXXXXXX
HCoV-229E,XXXXXXXXXXXXXXX
HCoV-229E,XXXXXXXXXXXXXXX
HCoV-229E,XXXXXXXXXXXXXXX
HCoV-229E,XXXXXXXXXXXXXXX
HCoV-229E,XXXXXXXXXXXXXX
HCoV-229E,XXXXXXXXXXXXXX
HCoV-229E,XXXXXXXXXXXXXX
HCoV-229E,XXXXXXXXXXXXXX
HCoV-229E,XXXXXXXXXXXXXX
HCoV-229E,XXXXXXXXXXXXXX
HCoV-229E,XXXXXXXXXXXXX
HCoV-229E,XXXXXXXXXXXXX
HCoV-229E,XXXXXXXXXXXXX
HCoV-229E,XXXXXXXXXXXXX
HCoV-229E,XXXXXXXXXXXXX
HCoV-229E,XXXXXXXXXXXXX
HCoV-229E,XXXXXXXXXXXX
HCoV-229E,XXXXXXXXXXXX
HCoV-229E,XXXXXXXXXXXX
HCoV-229E,XXXXXXXXXXXX
HCoV-229E,XXXXXXXXXXXX
HCoV-229E,XXXXXXXXXXXX
HCoV-229E,XXXXXXXXXXX
HCoV-229E,XXXXXXXXXXX
HCoV-229E,XXXXXXXXXXX
HCoV-229E,XXXXXXXXXXX
HCoV-229E,XXXXXXXXXXX
HCoV-229E,XXXXXXXXXXX
HCoV-229E,XXXXXXXXXX
HCoV-229E,XXXXXXXXXX
HCoV-229E,XXXXXXXXXX
HCoV-229E,XXXXXXXXXX
HCoV-229E,XXXXXXXXXX
HCoV-229E,XXXXXXXXXX
HCoV-229E,XXXXXXXXXX
HCoV-229E,XXXXXXXXXX
HCoV-229E,XXXXXXXXXX
HCoV-229E,XXXXXXXXXX
HCoV-229E,XXXXXXXXXX
HCoV-229E,XXXXXXXXXX
HCoV-229E,XXXXXXXXXX
HCoV-229E,XXXXXXXXXX
HCoV-229E,XXXXXXXXXX
HCoV-229E,XXXXXXXXXX
HCoV-229E,XXXXXXXXXX
HCoV-229E,XXXXXXXXXX
HCoV-229E,XXXXXXXXXX
HCoV-229E,XXXXXXXXXX
HCoV-229E,XXXXXXXXXX
HCoV-229E,XXXXXXXXXX
HCoV-229E,XXXXXXXXXX
HCoV-229E,XXXXXXXXXX
HCoV-229E,XXXXXXXXXX
HCoV-229E,XXXXXXXXXX
HCoV-229E,XXXXXXXXXX
HCoV-229E,XXXXXXXXXX
HCoV-229E,XXXXXXXXXX
HCoV-229E,XXXXXXXXXX
HCoV-229E,XXXXXXXXXX
HCoV-229E,XXXXXXXXXX
HCoV-229E,XXXXXXXXXX
HCoV-229E,XXXXXXXXXX
HCoV-229E,XXXXXXXXXX
HCoV-229E,XXXXXXXXXX
HCoV-229E,XXXXXXXXXX
HCoV-229E,XXXXXXXXXX
HCoV-229E,XXXXXXXXXX
HCoV-229E,XXXXXXXXXX
HCoV-229E,XXXXXXXXXX
HCoV-229E,XXXXXXXXXX
HCoV-229E,XXXXXXXXXX
HCoV-229E,XXXXXXXXXX
HCoV-229E,XXXXXXXXXX
HCoV-229E,XXXXXXXXXX
HCoV-229E,XXXXXXXXXX
HCoV-229E,XXXXXXXXXX
HCoV-229E,XXXXXXXXXX
HCoV-229E,XXXXXXXXXX
HCoV-229E,XXXXXXXXXX
HCoV-229E,XXXXXXXXXX
HCoV-229E,XXXXXXXXXX
HCoV-229E,XXXXXXXXXX
HCoV-229E,XXXXXXXXXX
HCoV-229E,XXXXXXXXXX
HCoV-229E,XXXXXXXXXX
HCoV-229E,XXXXXXXXXX
HCoV-229E,XXXXXXXXXX
HCoV-229E,XXXXXXXXXX
HCoV-229E,XXXXXXXXXX
HCoV-229E,XXXXXXXXXX
HCoV-229E,XXXXXXXXXX
HCoV-229E,XXXXXXXXXX
HCoV-229E,XXXXXXXXXX
HCoV-229E,XXXXXXXXXX
HCoV-229E,XXXXXXXXXX
HCoV-229E,XXXXXXXXXX
HCoV-229E,XXXXXXXXXX
HCoV-229E,XXXXXXXXXX
HCoV-229E,XXXXXXXXXX
HCoV-229E,XXXXXXXXXX
HCoV-229E,XXXXXXXXXX
HCoV-229E,XXXXXXXXXX
HCoV-229E,XXXXXXXXXX
HCoV-229E,XXXXXXXXXX
HCoV-229E,XXXXXXXXXX
HCoV-229E,XXXXXXXXXX
HCoV-229E,XXXXXXXXXX
HCoV-229E,XXXXXXXXXX
HCoV-229E,XXXXXXXXXX
HCoV-229E,XXXXXXXXXX
HCoV-229E,XXXXXXXXXX
HCoV-229E,XXXXXXXXXX
HCoV-229E,XXXXXXXXXX
HCoV-229E,XXXXXXXXXX
HCoV-229E,XXXXXXXXXX
HCoV-229E,XXXXXXXXXX
HCoV-229E,XXXXXXXXXX
HCoV-229E,XXXXXXXXXX
HCoV-229E,XXXXXXXXXX
HCoV-229E,XXXXXXXXXX
HCoV-229E,XXXXXXXXXX
HCoV-229E,XXXXXXXXXX
HCoV-229E,XXXXXXXXXX
HCoV-229E,XXXXXXXXXX
HCoV-229E,XXXXXXXXXX
HCoV-229E,XXXXXXXXXX
HCoV-229E,XXXXXXXXXX
HCoV-229E,XXXXXXXXXX
HCoV-229E,XXXXXXXXXX
HCoV-229E,XXXXXXXXXX
HCoV-229E,XXXXXXXXXX
HCoV-229E,XXXXXXXXXX
HCoV-229E,XXXXXXXXXX
HCoV-229E,XXXXXXXXXX
HCoV-229E,XXXXXXXXXX
HCoV-229E,XXXXXXXXXX
HCoV-229E,XXXXXXXXXX
HCoV-229E,XXXXXXXXXX
HCoV-229E,XXXXXXXXXX
HCoV-229E,XXXXXXXXXX
HCoV-229E,XXXXXXXXXX
HCoV-229E,XXXXXXXXXX
HCoV-229E,XXXXXXXXXX
HCoV-229E,XXXXXXXXXX
HCoV-229E,XXXXXXXXXX
HCoV-229E,XXXXXXXXXX
HCoV-229E,XXXXXXXXXX
HCoV-229E,XXXXXXXXXX
HCoV-229E,XXXXXXXXXX
HCoV-229E,XXXXXXXXXX
HCoV-229E,XXXXXXXXXX
HCoV-229E,XXXXXXXXXX
HCoV-229E,XXXXXXXXXX
HCoV-229E,XXXXXXXXXX
HCoV-229E,XXXXXXXXXX
HCoV-229E,XXXXXXXXXX
HCoV-229E,XXXXXXXXXX
HCoV-229E,XXXXXXXXXX
HCoV-229E,XXXXXXXXXX
HCoV-229E,XXXXXXXXXX
HCoV-229E,XXXXXXXXXX
HCoV-229E,XXXXXXXXXX
HCoV-229E,XXXXXXXXXX
HCoV-229E,XXXXXXXXXX
HCoV-229E,XXXXXXXXXX
HCoV-229E,XXXXXXXXXX
HCoV-229E,XXXXXXXXXX
HCoV-229E,XXXXXXXXXX
HCoV-229E,XXXXXXXXXX
HCoV-229E,XXXXXXXXXX
HCoV-229E,XXXXXXXXXX
HCoV-229E,XXXXXXXXX
HCoV-229E,XXXXXXXXX
HCoV-229E,XXXXXXXXX
HCoV-229E,XXXXXXXXX
HCoV-229E,XXXXXXXXX
HCoV-229E,XXXXXXXXX
HCoV-229E,XXXXXXXXX
HCoV-229E,XXXXXXXXX
HCoV-229E,XXXXXXXXX
HCoV-229E,XXXXXXXXX
HCoV-229E,XXXXXXXXX
HCoV-229E,XXXXXXXXX
HCoV-229E,XXXXXXXXX
HCoV-229E,XXXXXXXXX
HCoV-229E,XXXXXXXXX
HCoV-229E,XXXXXXXXX
HCoV-229E,XXXXXXXXX
HCoV-229E,XXXXXXXXX
HCoV-229E,XXXXXXXXX
HCoV-229E,XXXXXXXXX
HCoV-229E,XXXXXXXXX
HCoV-229E,XXXXXXXXX
HCoV-229E,XXXXXXXXX
HCoV-229E,XXXXXXXXX
HCoV-229E,XXXXXXXXX
HCoV-229E,XXXXXXXXX
HCoV-229E,XXXXXXXXX
HCoV-229E,XXXXXXXXX
HCoV-229E,XXXXXXXXX
HCoV-229E,XXXXXXXXX
HCoV-229E,XXXXXXXXX
HCoV-229E,XXXXXXXXX
HCoV-229E,XXXXXXXXX
HCoV-229E,XXXXXXXXX
HCoV-229E,XXXXXXXXX
HCoV-229E,XXXXXXXXX
HCoV-229E,XXXXXXXXX
HCoV-229E,XXXXXXXXX
HCoV-229E,XXXXXXXXX
HCoV-229E,XXXXXXXXX
HCoV-229E,XXXXXXXXX
HCoV-229E,XXXXXXXXX
HCoV-229E,XXXXXXXXX
HCoV-229E,XXXXXXXXX
HCoV-229E,XXXXXXXXX
HCoV-229E,XXXXXXXXX
HCoV-229E,XXXXXXXXX
HCoV-229E,XXXXXXXXX
HCoV-229E,XXXXXXXXX
HCoV-229E,XXXXXXXXX
HCoV-229E,XXXXXXXXX
HCoV-229E,XXXXXXXXX
HCoV-229E,XXXXXXXXX
HCoV-229E,XXXXXXXXX
HCoV-229E,XXXXXXXXX
HCoV-229E,XXXXXXXXX
HCoV-229E,XXXXXXXXX
HCoV-229E,XXXXXXXXX
HCoV-229E,XXXXXXXXX
HCoV-229E,XXXXXXXXX
HCoV-229E,XXXXXXXXX
HCoV-229E,XXXXXXXXX
HCoV-229E,XXXXXXXXX
HCoV-229E,XXXXXXXXX
HCoV-229E,XXXXXXXXX
HCoV-229E,XXXXXXXXX
HCoV-229E,XXXXXXXXX
HCoV-229E,XXXXXXXXX
HCoV-229E,XXXXXXXXX
HCoV-229E,XXXXXXXXX
HCoV-229E,XXXXXXXXX
HCoV-229E,XXXXXXXXX
HCoV-229E,XXXXXXXXX
HCoV-229E,XXXXXXXXX
HCoV-229E,XXXXXXXXX
HCoV-229E,XXXXXXXXX
HCoV-229E,XXXXXXXXX
HCoV-229E,XXXXXXXXX
HCoV-229E,XXXXXXXXX
HCoV-229E,XXXXXXXXX
HCoV-229E,XXXXXXXXX
HCoV-229E,XXXXXXXXX
HCoV-229E,XXXXXXXXX
HCoV-229E,XXXXXXXXX
HCoV-229E,XXXXXXXXX
HCoV-229E,XXXXXXXXX
HCoV-229E,XXXXXXXXX
HCoV-229E,XXXXXXXXX
HCoV-229E,XXXXXXXXX
HCoV-229E,XXXXXXXXX
HCoV-229E,XXXXXXXXX
HCoV-229E,XXXXXXXXX
HCoV-229E,XXXXXXXXX
HCoV-229E,XXXXXXXX
HCoV-229E,XXXXXXXX
HCoV-229E,XXXXXXXX
HCoV-229E,XXXXXXXX
HCoV-229E,XXXXXXXX
HCoV-229E,XXXXXXXX
HCoV-229E,XXXXXXXX
HCoV-229E,XXXXXXXX
HCoV-229E,XXXXXXXX
HCoV-229E,XXXXXXXX
HCoV-229E,XXXXXXXX
HCoV-229E,XXXXXXXX
HCoV-229E,XXXXXXXX
HCoV-229E,XXXXXXXX
HCoV-229E,XXXXXXXX
HCoV-229E,XXXXXXXX
HCoV-229E,XXXXXXXX
HCoV-229E,XXXXXXXX
HCoV-229E,XXXXXXXX
HCoV-229E,XXXXXXXX
HCoV-229E,XXXXXXXX
HCoV-229E,XXXXXXXX
HCoV-229E,XXXXXXXX
HCoV-229E,XXXXXXXX
HCoV-229E,XXXXXXXX
HCoV-229E,XXXXXXXX
HCoV-229E,XXXXXXXX
HCoV-229E,XXXXXXXX
HCoV-229E,XXXXXXXX
HCoV-229E,XXXXXXXX
HCoV-229E,XXXXXXX
HCoV-229E,XXXXXXX
HCoV-229E,XXXXXXX
HCoV-229E,XXXXXXX
HCoV-229E,XXXXXXX
HCoV-229E,XXXXXXX
HCoV-229E,XXXXXXX
HCoV-229E,XXXXXXX
HCoV-229E,XXXXXXX
HCoV-229E,XXXXXXX
HCoV-229E,XXXXXXX
HCoV-229E,XXXXXXX
HCoV-229E,XXXXXXX
HCoV-229E,XXXXXXX
HCoV-229E,XXXXXXX
HCoV-229E,XXXXXXX
HCoV-229E,XXXXXXX
HCoV-229E,XXXXXXX
HCoV-229E,XXXXXXX
HCoV-229E,XXXXXXX
HCoV-229E,XXXXXXX
HCoV-229E,XXXXXXX
HCoV-229E,XXXXXXX
HCoV-229E,XXXXXXX
HCoV-229E,XXXXXXX
HCoV-229E,XXXXXXX
HCoV-229E,XXXXXXX
HCoV-229E,XXXXXXX
HCoV-229E,XXXXXXX
HCoV-229E,XXXXXXX
HCoV-229E,XXXXXX
HCoV-229E,XXXXXX
HCoV-229E,XXXXXX
HCoV-229E,XXXXXX
HCoV-229E,XXXXXX
HCoV-229E,XXXXXX
HCoV-229E,XXXXXX
HCoV-229E,XXXXXX
HCoV-229E,XXXXXX
HCoV-229E,XXXXXX
HCoV-229E,XXXXXX
HCoV-229E,XXXXXX
HCoV-229E,XXXXXX
HCoV-229E,XXXXXX
HCoV-229E,XXXXXX
HCoV-229E,XXXXXX
HCoV-229E,XXXXXX
HCoV-229E,XXXXXX
HCoV-229E,XXXXXX
HCoV-229E,XXXXXX
HCoV-229E,XXXXXX
HCoV-229E,XXXXXX
HCoV-229E,XXXXXX
HCoV-229E,XXXXXX
HCoV-229E,XXXXXX
HCoV-229E,XXXXXX
HCoV-229E,XXXXXX
HCoV-229E,XXXXXX
HCoV-229E,XXXXXX
HCoV-229E,XXXXXX
HCoV-229E,XXXXX
HCoV-229E,XXXXX
HCoV-229E,XXXXX
HCoV-229E,XXXXX
HCoV-229E,XXXXX
HCoV-229E,XXXXX
HCoV-229E,XXXXX
HCoV-229E,XXXXX
HCoV-229E,XXXXX
HCoV-229E,XXXXX
HCoV-229E,XXXXX
HCoV-229E,XXXXX
HCoV-229E,XXXXX
HCoV-229E,XXXXX
HCoV-229E,XXXXX
HCoV-229E,XXXXX
HCoV-229E,XXXXX
HCoV-229E,XXXXX
HCoV-229E,XXXXX
HCoV-229E,XXXXX
HCoV-229E,XXXXX
HCoV-229E,XXXXX
HCoV-229E,XXXXX
HCoV-229E,XXXXX
HCoV-229E,XXXXX
HCoV-229E,XXXXX
HCoV-229E,XXXXX
HCoV-229E,XXXXX
HCoV-229E,XXXXX
HCoV-229E,XXXXX
HCoV-229E,XXXX
HCoV-229E,XXXX
HCoV-229E,XXXX
HCoV-229E,XXXX
HCoV-229E,XXXX
HCoV-229E,XXXX
HCoV-229E,XXXX
HCoV-229E,XXXX
HCoV-229E,XXXX
HCoV-229E,XXXX
HCoV-229E,XXXX
HCoV-229E,XXXX
HCoV-229E,XXXX
HCoV-229E,XXXX
HCoV-229E,XXXX
HCoV-229E,XXXX
HCoV-229E,XXXX
HCoV-229E,XXXX
HCoV-229E,XXXX
HCoV-229E,XXXX
HCoV-229E,XXXX
HCoV-229E,XXXX
HCoV-229E,XXXX
HCoV-229E,XXXX
HCoV-229E,XXXX
HCoV-229E,XXXX
HCoV-229E,XXXX
HCoV-229E,XXXX
HCoV-229E,XXXX
HCoV-229E,XXXX
HCoV-229E,YFNG
HCoV-229E,YYNG
HCoV-229E,DAIT
HCoV-229E,GCCG
HCoV-229E,IGGI
HCoV-229E,ISSSI
HCoV-229E,KSQSK
HCoV-229E,LAAL
HCoV-229E,LGGL
HCoV-229E,NFAFN
HCoV-229E,QALQ
HCoV-229E,RGTIL
HCoV-229E,RSGSR
HCoV-229E,SAAS
HCoV-229E,SGDA
HCoV-229E,TIGN
HCoV-229E,TNNT
HCoV-229E,VLLV
HCoV-229E,VNFNV
HCoV-229E,VPKPV
HCoV-229E,YFNG
HCoV-229E,YTEVR
HCoV-229E,YYNG
HCoV-229E,DAIT
HCoV-229E,GCCG
HCoV-229E,IGGI
HCoV-229E,ISSSI
HCoV-229E,KSQSK
HCoV-229E,LAAL
HCoV-229E,LGGL
HCoV-229E,NFAFN
HCoV-229E,QALQ
HCoV-229E,QLRQ
HCoV-229E,RGPGR
HCoV-229E,RGTIL
HCoV-229E,RSGSR
HCoV-229E,SAAS
HCoV-229E,SGDA
HCoV-229E,SGSR
HCoV-229E,TNNT
HCoV-229E,VLLV
HCoV-229E,VNFNV
HCoV-229E,VPKPV
HCoV-229E,YFNG
HCoV-229E,YTEVR
HCoV-229E,YYNG
HCoV-229E,DAIT
HCoV-229E,GCCG
HCoV-229E,IGGI
HCoV-229E,ISSSI
HCoV-229E,KSQSK
HCoV-229E,LGGL
HCoV-229E,NFAFN
HCoV-229E,NGTN
HCoV-229E,QALQ
HCoV-229E,RGTIL
HCoV-229E,RSGSR
HCoV-229E,SAAS
HCoV-229E,SGDA
HCoV-229E,TIGN
HCoV-229E,TNNT
HCoV-229E,VLLV
HCoV-229E,VNFNV
HCoV-229E,VPKPV
HCoV-229E,XXXXXX
HCoV-229E,XXXXX
HCoV-229E,XXXXX
HCoV-229E,XXXX
HCoV-229E,XXXX
HCoV-229E,YFNG
HCoV-229E,YTEVR
HCoV-229E,YYNG
HCoV-229E,DAIT
HCoV-229E,GCCG
HCoV-229E,IGGI
HCoV-229E,ISSSI
HCoV-229E,KSQSK
HCoV-229E,LAAL
HCoV-229E,LGGL
HCoV-229E,NFAFN
HCoV-229E,QALQ
HCoV-229E,RGTIL
HCoV-229E,RSGSR
HCoV-229E,SAAS
HCoV-229E,SGDA
HCoV-229E,TIGN
HCoV-229E,TNNT
HCoV-229E,VLLV
HCoV-229E,VNFNV
HCoV-229E,VPKPV
HCoV-229E,YFNG
HCoV-229E,YTEVR
HCoV-229E,YYNG
HCoV-229E,DAIT
HCoV-229E,GCCG
HCoV-229E,GTIL
HCoV-229E,IGGI
HCoV-229E,ISSSI
HCoV-229E,KSQSK
HCoV-229E,LAAL
HCoV-229E,LGGL
HCoV-229E,NFAFN
HCoV-229E,QALQ
HCoV-229E,RSGSR
HCoV-229E,SAAS
HCoV-229E,SGDA
HCoV-229E,SGSR
HCoV-229E,TIGN
HCoV-229E,TNNT
HCoV-229E,VLLV
HCoV-229E,VNFNV
HCoV-229E,VPKPV
HCoV-229E,YFNG
HCoV-229E,YTEVR
HCoV-229E,YYNG
HCoV-229E,DAIT
HCoV-229E,GCCG
HCoV-229E,IGGI
HCoV-229E,ISSSI
HCoV-229E,KSQSK
HCoV-229E,LAAL
HCoV-229E,LGGL
HCoV-229E,NFAFN
HCoV-229E,QALQ
HCoV-229E,RGTIL
HCoV-229E,RSGSR
HCoV-229E,SAAS
HCoV-229E,SGDA
HCoV-229E,TIGN
HCoV-229E,TNNT
HCoV-229E,VLLV
HCoV-229E,VNFNV
HCoV-229E,VPKPV
HCoV-229E,WSVY
HCoV-229E,YFNG
HCoV-229E,YTEVR
HCoV-229E,YYNG
HCoV-229E,DAIT
HCoV-229E,GCCG
HCoV-229E,IGGI
HCoV-229E,ISSSI
HCoV-229E,KSQSK
HCoV-229E,LAAL
HCoV-229E,LGGL
HCoV-229E,NFAFN
HCoV-229E,QALQ
HCoV-229E,RGTIL
HCoV-229E,RSGSR
HCoV-229E,SAAS
HCoV-229E,SGDA
HCoV-229E,TIGN
HCoV-229E,TNNT
HCoV-229E,VLLV
HCoV-229E,VNFNV
HCoV-229E,VPKPV
HCoV-229E,YFNG
HCoV-229E,YTEVR
HCoV-229E,YYNG
HCoV-229E,DAIT
HCoV-229E,GCCG
HCoV-229E,GTGTG
HCoV-229E,IGGI
HCoV-229E,ISSSI
HCoV-229E,KSQSK
HCoV-229E,LGGL
HCoV-229E,NFAFN
HCoV-229E,QALQ
HCoV-229E,RGTIL
HCoV-229E,RSGSR
HCoV-229E,SAAS
HCoV-229E,SGDA
HCoV-229E,TIGN
HCoV-229E,TNNT
HCoV-229E,VLLV
HCoV-229E,VNFNV
HCoV-229E,VPKPV
HCoV-229E,XXXXXX
HCoV-229E,XXXXXX
HCoV-229E,XXXXXX
HCoV-229E,XXXXX
HCoV-229E,XXXXX
HCoV-229E,XXXXX
HCoV-229E,XXXXX
HCoV-229E,XXXXX
HCoV-229E,XXXXX
HCoV-229E,XXXX
HCoV-229E,XXXX
HCoV-229E,XXXX
HCoV-229E,XXXX
HCoV-229E,XXXX
HCoV-229E,XXXX
HCoV-229E,YFNG
HCoV-229E,YTEVR
HCoV-229E,YYNG
HCoV-229E,GCCG
HCoV-229E,GFSS
HCoV-229E,GFSS
HCoV-229E,IGGI
HCoV-229E,ISSSI
HCoV-229E,KGFS
HCoV-229E,KSQSK
HCoV-229E,LAAL
HCoV-229E,LGGL
HCoV-229E,QALQ
HCoV-229E,RGTIL
HCoV-229E,SAAS
HCoV-229E,SGDA
HCoV-229E,TIGN
HCoV-229E,TNNT
HCoV-229E,VGYS
HCoV-229E,VLLV
HCoV-229E,VNFNV
HCoV-229E,VPQPV
HCoV-229E,YFNG
HCoV-229E,YTEVR
HCoV-229E,YTIG
HCoV-229E,YYNG
HCoV-229E,DAIT
HCoV-229E,GCCG
HCoV-229E,IGGI
HCoV-229E,ISSSI
HCoV-229E,KSQSK
HCoV-229E,LAAL
HCoV-229E,LGGL
HCoV-229E,NFAFN
HCoV-229E,NGTN
HCoV-229E,NVFTV
HCoV-229E,QALQ
HCoV-229E,RGTIL
HCoV-229E,RSGSR
HCoV-229E,SAAS
HCoV-229E,SGDA
HCoV-229E,TIGN
HCoV-229E,TNNT
HCoV-229E,VLLV
HCoV-229E,VNFNV
HCoV-229E,VPKPV
HCoV-229E,YFNG
HCoV-229E,YTEVR
HCoV-229E,YYNG
HCoV-229E,GCCG
HCoV-229E,GFSS
HCoV-229E,GFSS
HCoV-229E,IGGI
HCoV-229E,ISSSI
HCoV-229E,KGFS
HCoV-229E,KSQSK
HCoV-229E,LAAL
HCoV-229E,LGGL
HCoV-229E,QALQ
HCoV-229E,RGTIL
HCoV-229E,SGDA
HCoV-229E,TNNT
HCoV-229E,VGYS
HCoV-229E,VLLV
HCoV-229E,VNFNV
HCoV-229E,VPQPV
HCoV-229E,YFNG
HCoV-229E,YTEVR
HCoV-229E,YTIG
HCoV-229E,YVAVY
HCoV-229E,YYNG
HCoV-229E,NFAFN
HCoV-229E,DAIT
HCoV-229E,GCCG
HCoV-229E,IGGI
HCoV-229E,ISSSI
HCoV-229E,KSQSK
HCoV-229E,LAAL
HCoV-229E,LGGL
HCoV-229E,NFSFN
HCoV-229E,NGTN
HCoV-229E,QALQ
HCoV-229E,RGTIL
HCoV-229E,RSGSR
HCoV-229E,SAAS
HCoV-229E,SGDA
HCoV-229E,TIGN
HCoV-229E,TNNT
HCoV-229E,VLLV
HCoV-229E,VNFNV
HCoV-229E,VPKPV
HCoV-229E,YFNG
HCoV-229E,YTEVR
HCoV-229E,YYNG
HCoV-229E,DAIT
HCoV-229E,GTGTG
HCoV-229E,IGGI
HCoV-229E,ISSSI
HCoV-229E,KSQSK
HCoV-229E,LAAL
HCoV-229E,LGGL
HCoV-229E,NFAFN
HCoV-229E,QALQ
HCoV-229E,QXXXXXXXXXXXXXQ
HCoV-229E,RSGSR
HCoV-229E,SAAS
HCoV-229E,SGDA
HCoV-229E,TIGN
HCoV-229E,VLLV
HCoV-229E,VNFNV
HCoV-229E,VPKPV
HCoV-229E,XXXXXXXXXXXXXXXXXXXXXXXXXXXXXXXXXXXXXXXXXXXXXXXXXXXXXXXXXXXXXXXXXXXXXXXXXXXXXXXXXXXXXXXXXXXXXXXXXXXXXXXXXXXXXX
HCoV-229E,XXXXXXXXXXXXXXXXXXXXXXXXXXXXXXXXXXXXXXXXXXXXXXXXXXXXXXXXXXXXXXXXXXXXXXXXXXXXXXXXXXXXXXXXXXXXXXXXXXXXXXXXXXXXX
HCoV-229E,XXXXXXXXXXXXXXXXXXXXXXXXXXXXXXXXXXXXXXXXXXXXXXXXXXXXXXXXXXXXXXXXXXXXXXXXXXXXXXXXXXXXXXXXXXXXXXXXXXXXXXXXXXXXX
HCoV-229E,XXXXXXXXXXXXXXXXXXXXXXXXXXXXXXXXXXXXXXXXXXXXXXXXXXXXXXXXXXXXXXXXXXXXXXXXXXXXXXXXXXXXXXXXXXXXXXXXXXXXXXXXXXXX
HCoV-229E,XXXXXXXXXXXXXXXXXXXXXXXXXXXXXXXXXXXXXXXXXXXXXXXXXXXXXXXXXXXXXXXXXXXXXXXXXXXXXXXXXXXXXXXXXXXXXXXXXXXXXXXXXXXX
HCoV-229E,XXXXXXXXXXXXXXXXXXXXXXXXXXXXXXXXXXXXXXXXXXXXXXXXXXXXXXXXXXXXXXXXXXXXXXXXXXXXXXXXXXXXXXXXXXXXXXXXXXXXXXXXXXX
HCoV-229E,XXXXXXXXXXXXXXXXXXXXXXXXXXXXXXXXXXXXXXXXXXXXXXXXXXXXXXXXXXXXXXXXXXXXXXXXXXXXXXXXXXXXXXXXXXXXXXXXXXXXXXXXXXX
HCoV-229E,XXXXXXXXXXXXXXXXXXXXXXXXXXXXXXXXXXXXXXXXXXXXXXXXXXXXXXXXXXXXXXXXXXXXXXXXXXXXXXXXXXXXXXXXXXXXXXXXXXXXXXXXXX
HCoV-229E,XXXXXXXXXXXXXXXXXXXXXXXXXXXXXXXXXXXXXXXXXXXXXXXXXXXXXXXXXXXXXXXXXXXXXXXXXXXXXXXXXXXXXXXXXXXXXXXXXXXXXXXXXX
HCoV-229E,XXXXXXXXXXXXXXXXXXXXXXXXXXXXXXXXXXXXXXXXXXXXXXXXXXXXXXXXXXXXXXXXXXXXXXXXXXXXXXXXXXXXXXXXXXXXXXXXXXXXXXXXX
HCoV-229E,XXXXXXXXXXXXXXXXXXXXXXXXXXXXXXXXXXXXXXXXXXXXXXXXXXXXXXXXXXXXXXXXXXXXXXXXXXXXXXXXXXXXXXXXXXXXXXXXXXXXXXXXX
HCoV-229E,XXXXXXXXXXXXXXXXXXXXXXXXXXXXXXXXXXXXXXXXXXXXXXXXXXXXXXXXXXXXXXXXXXXXXXXXXXXXXXXXXXXXXXXXXXXXXXXXXXXXXXXX
HCoV-229E,XXXXXXXXXXXXXXXXXXXXXXXXXXXXXXXXXXXXXXXXXXXXXXXXXXXXXXXXXXXXXXXXXXXXXXXXXXXXXXXXXXXXXXXXXXXXXXXXXXXXXXXX
HCoV-229E,XXXXXXXXXXXXXXXXXXXXXXXXXXXXXXXXXXXXXXXXXXXXXXXXXXXXXXXXXXXXXXXXXXXXXXXXXXXXXXXXXXXXXXXXXXXXXXXXXXXXXXX
HCoV-229E,XXXXXXXXXXXXXXXXXXXXXXXXXXXXXXXXXXXXXXXXXXXXXXXXXXXXXXXXXXXXXXXXXXXXXXXXXXXXXXXXXXXXXXXXXXXXXXXXXXXXXXX
HCoV-229E,XXXXXXXXXXXXXXXXXXXXXXXXXXXXXXXXXXXXXXXXXXXXXXXXXXXXXXXXXXXXXXXXXXXXXXXXXXXXXXXXXXXXXXXXXXXXXXXXXXXXXX
HCoV-229E,XXXXXXXXXXXXXXXXXXXXXXXXXXXXXXXXXXXXXXXXXXXXXXXXXXXXXXXXXXXXXXXXXXXXXXXXXXXXXXXXXXXXXXXXXXXXXXXXXXXXXX
HCoV-229E,XXXXXXXXXXXXXXXXXXXXXXXXXXXXXXXXXXXXXXXXXXXXXXXXXXXXXXXXXXXXXXXXXXXXXXXXXXXXXXXXXXXXXXXXXXXXXXXXXXXXX
HCoV-229E,XXXXXXXXXXXXXXXXXXXXXXXXXXXXXXXXXXXXXXXXXXXXXXXXXXXXXXXXXXXXXXXXXXXXXXXXXXXXXXXXXXXXXXXXXXXXXXXXXXXXX
HCoV-229E,XXXXXXXXXXXXXXXXXXXXXXXXXXXXXXXXXXXXXXXXXXXXXXXXXXXXXXXXXXXXXXXXXXXXXXXXXXXXXXXXXXXXXXXXXXXXXXXXXXXX
HCoV-229E,XXXXXXXXXXXXXXXXXXXXXXXXXXXXXXXXXXXXXXXXXXXXXXXXXXXXXXXXXXXXXXXXXXXXXXXXXXXXXXXXXXXXXXXXXXXXXXXXXXXX
HCoV-229E,XXXXXXXXXXXXXXXXXXXXXXXXXXXXXXXXXXXXXXXXXXXXXXXXXXXXXXXXXXXXXXXXXXXXXXXXXXXXXXXXXXXXXXXXXXXXXXXXXXX
HCoV-229E,XXXXXXXXXXXXXXXXXXXXXXXXXXXXXXXXXXXXXXXXXXXXXXXXXXXXXXXXXXXXXXXXXXXXXXXXXXXXXXXXXXXXXXXXXXXXXXXXXXX
HCoV-229E,XXXXXXXXXXXXXXXXXXXXXXXXXXXXXXXXXXXXXXXXXXXXXXXXXXXXXXXXXXXXXXXXXXXXXXXXXXXXXXXXXXXXXXXXXXXXXXXXXX
HCoV-229E,XXXXXXXXXXXXXXXXXXXXXXXXXXXXXXXXXXXXXXXXXXXXXXXXXXXXXXXXXXXXXXXXXXXXXXXXXXXXXXXXXXXXXXXXXXXXXXXXXX
HCoV-229E,XXXXXXXXXXXXXXXXXXXXXXXXXXXXXXXXXXXXXXXXXXXXXXXXXXXXXXXXXXXXXXXXXXXXXXXXXXXXXXXXXXXXXXXXXXXXXXXXX
HCoV-229E,XXXXXXXXXXXXXXXXXXXXXXXXXXXXXXXXXXXXXXXXXXXXXXXXXXXXXXXXXXXXXXXXXXXXXXXXXXXXXXXXXXXXXXXXXXXXXXXXX
HCoV-229E,XXXXXXXXXXXXXXXXXXXXXXXXXXXXXXXXXXXXXXXXXXXXXXXXXXXXXXXXXXXXXXXXXXXXXXXXXXXXXXXXXXXXXXXXXXXXXXXX
HCoV-229E,XXXXXXXXXXXXXXXXXXXXXXXXXXXXXXXXXXXXXXXXXXXXXXXXXXXXXXXXXXXXXXXXXXXXXXXXXXXXXXXXXXXXXXXXXXXXXXXX
HCoV-229E,XXXXXXXXXXXXXXXXXXXXXXXXXXXXXXXXXXXXXXXXXXXXXXXXXXXXXXXXXXXXXXXXXXXXXXXXXXXXXXXXXXXXXXXXXXXXXXX
HCoV-229E,XXXXXXXXXXXXXXXXXXXXXXXXXXXXXXXXXXXXXXXXXXXXXXXXXXXXXXXXXXXXXXXXXXXXXXXXXXXXXXXXXXXXXXXXXXXXXXX
HCoV-229E,XXXXXXXXXXXXXXXXXXXXXXXXXXXXXXXXXXXXXXXXXXXXXXXXXXXXXXXXXXXXXXXXXXXXXXXXXXXXXXXXXXXXXXXXXXXXXX
HCoV-229E,XXXXXXXXXXXXXXXXXXXXXXXXXXXXXXXXXXXXXXXXXXXXXXXXXXXXXXXXXXXXXXXXXXXXXXXXXXXXXXXXXXXXXXXXXXXXXX
HCoV-229E,XXXXXXXXXXXXXXXXXXXXXXXXXXXXXXXXXXXXXXXXXXXXXXXXXXXXXXXXXXXXXXXXXXXXXXXXXXXXXXXXXXXXXXXXXXXXX
HCoV-229E,XXXXXXXXXXXXXXXXXXXXXXXXXXXXXXXXXXXXXXXXXXXXXXXXXXXXXXXXXXXXXXXXXXXXXXXXXXXXXXXXXXXXXXXXXXXXX
HCoV-229E,XXXXXXXXXXXXXXXXXXXXXXXXXXXXXXXXXXXXXXXXXXXXXXXXXXXXXXXXXXXXXXXXXXXXXXXXXXXXXXXXXXXXXXXXXXXX
HCoV-229E,XXXXXXXXXXXXXXXXXXXXXXXXXXXXXXXXXXXXXXXXXXXXXXXXXXXXXXXXXXXXXXXXXXXXXXXXXXXXXXXXXXXXXXXXXXXX
HCoV-229E,XXXXXXXXXXXXXXXXXXXXXXXXXXXXXXXXXXXXXXXXXXXXXXXXXXXXXXXXXXXXXXXXXXXXXXXXXXXXXXXXXXXXXXXXXXX
HCoV-229E,XXXXXXXXXXXXXXXXXXXXXXXXXXXXXXXXXXXXXXXXXXXXXXXXXXXXXXXXXXXXXXXXXXXXXXXXXXXXXXXXXXXXXXXXXXX
HCoV-229E,XXXXXXXXXXXXXXXXXXXXXXXXXXXXXXXXXXXXXXXXXXXXXXXXXXXXXXXXXXXXXXXXXXXXXXXXXXXXXXXXXXXXXXXXXX
HCoV-229E,XXXXXXXXXXXXXXXXXXXXXXXXXXXXXXXXXXXXXXXXXXXXXXXXXXXXXXXXXXXXXXXXXXXXXXXXXXXXXXXXXXXXXXXXXX
HCoV-229E,XXXXXXXXXXXXXXXXXXXXXXXXXXXXXXXXXXXXXXXXXXXXXXXXXXXXXXXXXXXXXXXXXXXXXXXXXXXXXXXXXXXXXXXXX
HCoV-229E,XXXXXXXXXXXXXXXXXXXXXXXXXXXXXXXXXXXXXXXXXXXXXXXXXXXXXXXXXXXXXXXXXXXXXXXXXXXXXXXXXXXXXXXXX
HCoV-229E,XXXXXXXXXXXXXXXXXXXXXXXXXXXXXXXXXXXXXXXXXXXXXXXXXXXXXXXXXXXXXXXXXXXXXXXXXXXXXXXXXXXXXXXX
HCoV-229E,XXXXXXXXXXXXXXXXXXXXXXXXXXXXXXXXXXXXXXXXXXXXXXXXXXXXXXXXXXXXXXXXXXXXXXXXXXXXXXXXXXXXXXXX
HCoV-229E,XXXXXXXXXXXXXXXXXXXXXXXXXXXXXXXXXXXXXXXXXXXXXXXXXXXXXXXXXXXXXXXXXXXXXXXXXXXXXXXXXXXXXXX
HCoV-229E,XXXXXXXXXXXXXXXXXXXXXXXXXXXXXXXXXXXXXXXXXXXXXXXXXXXXXXXXXXXXXXXXXXXXXXXXXXXXXXXXXXXXXXX
HCoV-229E,XXXXXXXXXXXXXXXXXXXXXXXXXXXXXXXXXXXXXXXXXXXXXXXXXXXXXXXXXXXXXXXXXXXXXXXXXXXXXXXXXXXXXX
HCoV-229E,XXXXXXXXXXXXXXXXXXXXXXXXXXXXXXXXXXXXXXXXXXXXXXXXXXXXXXXXXXXXXXXXXXXXXXXXXXXXXXXXXXXXXX
HCoV-229E,XXXXXXXXXXXXXXXXXXXXXXXXXXXXXXXXXXXXXXXXXXXXXXXXXXXXXXXXXXXXXXXXXXXXXXXXXXXXXXXXXXXXX
HCoV-229E,XXXXXXXXXXXXXXXXXXXXXXXXXXXXXXXXXXXXXXXXXXXXXXXXXXXXXXXXXXXXXXXXXXXXXXXXXXXXXXXXXXXXX
HCoV-229E,XXXXXXXXXXXXXXXXXXXXXXXXXXXXXXXXXXXXXXXXXXXXXXXXXXXXXXXXXXXXXXXXXXXXXXXXXXXXXXXXXXXX
HCoV-229E,XXXXXXXXXXXXXXXXXXXXXXXXXXXXXXXXXXXXXXXXXXXXXXXXXXXXXXXXXXXXXXXXXXXXXXXXXXXXXXXXXXXX
HCoV-229E,XXXXXXXXXXXXXXXXXXXXXXXXXXXXXXXXXXXXXXXXXXXXXXXXXXXXXXXXXXXXXXXXXXXXXXXXXXXXXXXXXXX
HCoV-229E,XXXXXXXXXXXXXXXXXXXXXXXXXXXXXXXXXXXXXXXXXXXXXXXXXXXXXXXXXXXXXXXXXXXXXXXXXXXXXXXXXXX
HCoV-229E,XXXXXXXXXXXXXXXXXXXXXXXXXXXXXXXXXXXXXXXXXXXXXXXXXXXXXXXXXXXXXXXXXXXXXXXXXXXXXXXXXX
HCoV-229E,XXXXXXXXXXXXXXXXXXXXXXXXXXXXXXXXXXXXXXXXXXXXXXXXXXXXXXXXXXXXXXXXXXXXXXXXXXXXXXXXXX
HCoV-229E,XXXXXXXXXXXXXXXXXXXXXXXXXXXXXXXXXXXXXXXXXXXXXXXXXXXXXXXXXXXXXXXXXXXXXXXXXXXXXXXXX
HCoV-229E,XXXXXXXXXXXXXXXXXXXXXXXXXXXXXXXXXXXXXXXXXXXXXXXXXXXXXXXXXXXXXXXXXXXXXXXXXXXXXXXXX
HCoV-229E,XXXXXXXXXXXXXXXXXXXXXXXXXXXXXXXXXXXXXXXXXXXXXXXXXXXXXXXXXXXXXXXXXXXXXXXXXXXXXXXX
HCoV-229E,XXXXXXXXXXXXXXXXXXXXXXXXXXXXXXXXXXXXXXXXXXXXXXXXXXXXXXXXXXXXXXXXXXXXXXXXXXXXXXXX
HCoV-229E,XXXXXXXXXXXXXXXXXXXXXXXXXXXXXXXXXXXXXXXXXXXXXXXXXXXXXXXXXXXXXXXXXXXXXXXXXXXXXXX
HCoV-229E,XXXXXXXXXXXXXXXXXXXXXXXXXXXXXXXXXXXXXXXXXXXXXXXXXXXXXXXXXXXXXXXXXXXXXXXXXXXXXXX
HCoV-229E,XXXXXXXXXXXXXXXXXXXXXXXXXXXXXXXXXXXXXXXXXXXXXXXXXXXXXXXXXXXXXXXXXXXXXXXXXXXXXX
HCoV-229E,XXXXXXXXXXXXXXXXXXXXXXXXXXXXXXXXXXXXXXXXXXXXXXXXXXXXXXXXXXXXXXXXXXXXXXXXXXXXXX
HCoV-229E,XXXXXXXXXXXXXXXXXXXXXXXXXXXXXXXXXXXXXXXXXXXXXXXXXXXXXXXXXXXXXXXXXXXXXXXXXXXXX
HCoV-229E,XXXXXXXXXXXXXXXXXXXXXXXXXXXXXXXXXXXXXXXXXXXXXXXXXXXXXXXXXXXXXXXXXXXXXXXXXXXXX
HCoV-229E,XXXXXXXXXXXXXXXXXXXXXXXXXXXXXXXXXXXXXXXXXXXXXXXXXXXXXXXXXXXXXXXXXXXXXXXXXXXX
HCoV-229E,XXXXXXXXXXXXXXXXXXXXXXXXXXXXXXXXXXXXXXXXXXXXXXXXXXXXXXXXXXXXXXXXXXXXXXXXXXXX
HCoV-229E,XXXXXXXXXXXXXXXXXXXXXXXXXXXXXXXXXXXXXXXXXXXXXXXXXXXXXXXXXXXXXXXXXXXXXXXXXXX
HCoV-229E,XXXXXXXXXXXXXXXXXXXXXXXXXXXXXXXXXXXXXXXXXXXXXXXXXXXXXXXXXXXXXXXXXXXXXXXXXXX
HCoV-229E,XXXXXXXXXXXXXXXXXXXXXXXXXXXXXXXXXXXXXXXXXXXXXXXXXXXXXXXXXXXXXXXXXXXXXXXXXX
HCoV-229E,XXXXXXXXXXXXXXXXXXXXXXXXXXXXXXXXXXXXXXXXXXXXXXXXXXXXXXXXXXXXXXXXXXXXXXXXXX
HCoV-229E,XXXXXXXXXXXXXXXXXXXXXXXXXXXXXXXXXXXXXXXXXXXXXXXXXXXXXXXXXXXXXXXXXXXXXXXXX
HCoV-229E,XXXXXXXXXXXXXXXXXXXXXXXXXXXXXXXXXXXXXXXXXXXXXXXXXXXXXXXXXXXXXXXXXXXXXXXXX
HCoV-229E,XXXXXXXXXXXXXXXXXXXXXXXXXXXXXXXXXXXXXXXXXXXXXXXXXXXXXXXXXXXXXXXXXXXXXXXX
HCoV-229E,XXXXXXXXXXXXXXXXXXXXXXXXXXXXXXXXXXXXXXXXXXXXXXXXXXXXXXXXXXXXXXXXXXXXXXXX
HCoV-229E,XXXXXXXXXXXXXXXXXXXXXXXXXXXXXXXXXXXXXXXXXXXXXXXXXXXXXXXXXXXXXXXXXXXXXXX
HCoV-229E,XXXXXXXXXXXXXXXXXXXXXXXXXXXXXXXXXXXXXXXXXXXXXXXXXXXXXXXXXXXXXXXXXXXXXXX
HCoV-229E,XXXXXXXXXXXXXXXXXXXXXXXXXXXXXXXXXXXXXXXXXXXXXXXXXXXXXXXXXXXXXXXXXXXXXX
HCoV-229E,XXXXXXXXXXXXXXXXXXXXXXXXXXXXXXXXXXXXXXXXXXXXXXXXXXXXXXXXXXXXXXXXXXXXXX
HCoV-229E,XXXXXXXXXXXXXXXXXXXXXXXXXXXXXXXXXXXXXXXXXXXXXXXXXXXXXXXXXXXXXXXXXXXXX
HCoV-229E,XXXXXXXXXXXXXXXXXXXXXXXXXXXXXXXXXXXXXXXXXXXXXXXXXXXXXXXXXXXXXXXXXXXXX
HCoV-229E,XXXXXXXXXXXXXXXXXXXXXXXXXXXXXXXXXXXXXXXXXXXXXXXXXXXXXXXXXXXXXXXXXXXX
HCoV-229E,XXXXXXXXXXXXXXXXXXXXXXXXXXXXXXXXXXXXXXXXXXXXXXXXXXXXXXXXXXXXXXXXXXXX
HCoV-229E,XXXXXXXXXXXXXXXXXXXXXXXXXXXXXXXXXXXXXXXXXXXXXXXXXXXXXXXXXXXXXXXXXXX
HCoV-229E,XXXXXXXXXXXXXXXXXXXXXXXXXXXXXXXXXXXXXXXXXXXXXXXXXXXXXXXXXXXXXXXXXXX
HCoV-229E,XXXXXXXXXXXXXXXXXXXXXXXXXXXXXXXXXXXXXXXXXXXXXXXXXXXXXXXXXXXXXXXXXX
HCoV-229E,XXXXXXXXXXXXXXXXXXXXXXXXXXXXXXXXXXXXXXXXXXXXXXXXXXXXXXXXXXXXXXXXXX
HCoV-229E,XXXXXXXXXXXXXXXXXXXXXXXXXXXXXXXXXXXXXXXXXXXXXXXXXXXXXXXXXXXXXXXXX
HCoV-229E,XXXXXXXXXXXXXXXXXXXXXXXXXXXXXXXXXXXXXXXXXXXXXXXXXXXXXXXXXXXXXXXXX
HCoV-229E,XXXXXXXXXXXXXXXXXXXXXXXXXXXXXXXXXXXXXXXXXXXXXXXXXXXXXXXXXXXXXXXX
HCoV-229E,XXXXXXXXXXXXXXXXXXXXXXXXXXXXXXXXXXXXXXXXXXXXXXXXXXXXXXXXXXXXXXXX
HCoV-229E,XXXXXXXXXXXXXXXXXXXXXXXXXXXXXXXXXXXXXXXXXXXXXXXXXXXXXXXXXXXXXXX
HCoV-229E,XXXXXXXXXXXXXXXXXXXXXXXXXXXXXXXXXXXXXXXXXXXXXXXXXXXXXXXXXXXXXXX
HCoV-229E,XXXXXXXXXXXXXXXXXXXXXXXXXXXXXXXXXXXXXXXXXXXXXXXXXXXXXXXXXXXXXX
HCoV-229E,XXXXXXXXXXXXXXXXXXXXXXXXXXXXXXXXXXXXXXXXXXXXXXXXXXXXXXXXXXXXXX
HCoV-229E,XXXXXXXXXXXXXXXXXXXXXXXXXXXXXXXXXXXXXXXXXXXXXXXXXXXXXXXXXXXXX
HCoV-229E,XXXXXXXXXXXXXXXXXXXXXXXXXXXXXXXXXXXXXXXXXXXXXXXXXXXXXXXXXXXXX
HCoV-229E,XXXXXXXXXXXXXXXXXXXXXXXXXXXXXXXXXXXXXXXXXXXXXXXXXXXXXXXXXXXX
HCoV-229E,XXXXXXXXXXXXXXXXXXXXXXXXXXXXXXXXXXXXXXXXXXXXXXXXXXXXXXXXXXXX
HCoV-229E,XXXXXXXXXXXXXXXXXXXXXXXXXXXXXXXXXXXXXXXXXXXXXXXXXXXXXXXXXXX
HCoV-229E,XXXXXXXXXXXXXXXXXXXXXXXXXXXXXXXXXXXXXXXXXXXXXXXXXXXXXXXXXXX
HCoV-229E,XXXXXXXXXXXXXXXXXXXXXXXXXXXXXXXXXXXXXXXXXXXXXXXXXXXXXXXXXX
HCoV-229E,XXXXXXXXXXXXXXXXXXXXXXXXXXXXXXXXXXXXXXXXXXXXXXXXXXXXXXXXXX
HCoV-229E,XXXXXXXXXXXXXXXXXXXXXXXXXXXXXXXXXXXXXXXXXXXXXXXXXXXXXXXXX
HCoV-229E,XXXXXXXXXXXXXXXXXXXXXXXXXXXXXXXXXXXXXXXXXXXXXXXXXXXXXXXXX
HCoV-229E,XXXXXXXXXXXXXXXXXXXXXXXXXXXXXXXXXXXXXXXXXXXXXXXXXXXXXXXX
HCoV-229E,XXXXXXXXXXXXXXXXXXXXXXXXXXXXXXXXXXXXXXXXXXXXXXXXXXXXXXXX
HCoV-229E,XXXXXXXXXXXXXXXXXXXXXXXXXXXXXXXXXXXXXXXXXXXXXXXXXXXXXXX
HCoV-229E,XXXXXXXXXXXXXXXXXXXXXXXXXXXXXXXXXXXXXXXXXXXXXXXXXXXXXXX
HCoV-229E,XXXXXXXXXXXXXXXXXXXXXXXXXXXXXXXXXXXXXXXXXXXXXXXXXXXXXX
HCoV-229E,XXXXXXXXXXXXXXXXXXXXXXXXXXXXXXXXXXXXXXXXXXXXXXXXXXXXXX
HCoV-229E,XXXXXXXXXXXXXXXXXXXXXXXXXXXXXXXXXXXXXXXXXXXXXXXXXXXXX
HCoV-229E,XXXXXXXXXXXXXXXXXXXXXXXXXXXXXXXXXXXXXXXXXXXXXXXXXXXXX
HCoV-229E,XXXXXXXXXXXXXXXXXXXXXXXXXXXXXXXXXXXXXXXXXXXXXXXXXXXX
HCoV-229E,XXXXXXXXXXXXXXXXXXXXXXXXXXXXXXXXXXXXXXXXXXXXXXXXXXXX
HCoV-229E,XXXXXXXXXXXXXXXXXXXXXXXXXXXXXXXXXXXXXXXXXXXXXXXXXXX
HCoV-229E,XXXXXXXXXXXXXXXXXXXXXXXXXXXXXXXXXXXXXXXXXXXXXXXXXXX
HCoV-229E,XXXXXXXXXXXXXXXXXXXXXXXXXXXXXXXXXXXXXXXXXXXXXXXXXX
HCoV-229E,XXXXXXXXXXXXXXXXXXXXXXXXXXXXXXXXXXXXXXXXXXXXXXXXXX
HCoV-229E,XXXXXXXXXXXXXXXXXXXXXXXXXXXXXXXXXXXXXXXXXXXXXXXXX
HCoV-229E,XXXXXXXXXXXXXXXXXXXXXXXXXXXXXXXXXXXXXXXXXXXXXXXXX
HCoV-229E,XXXXXXXXXXXXXXXXXXXXXXXXXXXXXXXXXXXXXXXXXXXXXXXX
HCoV-229E,XXXXXXXXXXXXXXXXXXXXXXXXXXXXXXXXXXXXXXXXXXXXXXXX
HCoV-229E,XXXXXXXXXXXXXXXXXXXXXXXXXXXXXXXXXXXXXXXXXXXXXXX
HCoV-229E,XXXXXXXXXXXXXXXXXXXXXXXXXXXXXXXXXXXXXXXXXXXXXXX
HCoV-229E,XXXXXXXXXXXXXXXXXXXXXXXXXXXXXXXXXXXXXXXXXXXXXX
HCoV-229E,XXXXXXXXXXXXXXXXXXXXXXXXXXXXXXXXXXXXXXXXXXXXXX
HCoV-229E,XXXXXXXXXXXXXXXXXXXXXXXXXXXXXXXXXXXXXXXXXXXXX
HCoV-229E,XXXXXXXXXXXXXXXXXXXXXXXXXXXXXXXXXXXXXXXXXXXXX
HCoV-229E,XXXXXXXXXXXXXXXXXXXXXXXXXXXXXXXXXXXXXXXXXXXX
HCoV-229E,XXXXXXXXXXXXXXXXXXXXXXXXXXXXXXXXXXXXXXXXXXXX
HCoV-229E,XXXXXXXXXXXXXXXXXXXXXXXXXXXXXXXXXXXXXXXXXXX
HCoV-229E,XXXXXXXXXXXXXXXXXXXXXXXXXXXXXXXXXXXXXXXXXXX
HCoV-229E,XXXXXXXXXXXXXXXXXXXXXXXXXXXXXXXXXXXXXXXXXX
HCoV-229E,XXXXXXXXXXXXXXXXXXXXXXXXXXXXXXXXXXXXXXXXXX
HCoV-229E,XXXXXXXXXXXXXXXXXXXXXXXXXXXXXXXXXXXXXXXXX
HCoV-229E,XXXXXXXXXXXXXXXXXXXXXXXXXXXXXXXXXXXXXXXXX
HCoV-229E,XXXXXXXXXXXXXXXXXXXXXXXXXXXXXXXXXXXXXXXX
HCoV-229E,XXXXXXXXXXXXXXXXXXXXXXXXXXXXXXXXXXXXXXXX
HCoV-229E,XXXXXXXXXXXXXXXXXXXXXXXXXXXXXXXXXXXXXXX
HCoV-229E,XXXXXXXXXXXXXXXXXXXXXXXXXXXXXXXXXXXXXXX
HCoV-229E,XXXXXXXXXXXXXXXXXXXXXXXXXXXXXXXXXXXXXX
HCoV-229E,XXXXXXXXXXXXXXXXXXXXXXXXXXXXXXXXXXXXXX
HCoV-229E,XXXXXXXXXXXXXXXXXXXXXXXXXXXXXXXXXXXXX
HCoV-229E,XXXXXXXXXXXXXXXXXXXXXXXXXXXXXXXXXXXXX
HCoV-229E,XXXXXXXXXXXXXXXXXXXXXXXXXXXXXXXXXXXX
HCoV-229E,XXXXXXXXXXXXXXXXXXXXXXXXXXXXXXXXXXXX
HCoV-229E,XXXXXXXXXXXXXXXXXXXXXXXXXXXXXXXXXXX
HCoV-229E,XXXXXXXXXXXXXXXXXXXXXXXXXXXXXXXXXXX
HCoV-229E,XXXXXXXXXXXXXXXXXXXXXXXXXXXXXXXXXX
HCoV-229E,XXXXXXXXXXXXXXXXXXXXXXXXXXXXXXXXXX
HCoV-229E,XXXXXXXXXXXXXXXXXXXXXXXXXXXXXXXXX
HCoV-229E,XXXXXXXXXXXXXXXXXXXXXXXXXXXXXXXXX
HCoV-229E,XXXXXXXXXXXXXXXXXXXXXXXXXXXXXXXX
HCoV-229E,XXXXXXXXXXXXXXXXXXXXXXXXXXXXXXXX
HCoV-229E,XXXXXXXXXXXXXXXXXXXXXXXXXXXXXXX
HCoV-229E,XXXXXXXXXXXXXXXXXXXXXXXXXXXXXXX
HCoV-229E,XXXXXXXXXXXXXXXXXXXXXXXXXXXXXX
HCoV-229E,XXXXXXXXXXXXXXXXXXXXXXXXXXXXXX
HCoV-229E,XXXXXXXXXXXXXXXXXXXXXXXXXXXXX
HCoV-229E,XXXXXXXXXXXXXXXXXXXXXXXXXXXXX
HCoV-229E,XXXXXXXXXXXXXXXXXXXXXXXXXXXX
HCoV-229E,XXXXXXXXXXXXXXXXXXXXXXXXXXXX
HCoV-229E,XXXXXXXXXXXXXXXXXXXXXXXXXXX
HCoV-229E,XXXXXXXXXXXXXXXXXXXXXXXXXXX
HCoV-229E,XXXXXXXXXXXXXXXXXXXXXXXXXX
HCoV-229E,XXXXXXXXXXXXXXXXXXXXXXXXXX
HCoV-229E,XXXXXXXXXXXXXXXXXXXXXXXXX
HCoV-229E,XXXXXXXXXXXXXXXXXXXXXXXXX
HCoV-229E,XXXXXXXXXXXXXXXXXXXXXXXXX
HCoV-229E,XXXXXXXXXXXXXXXXXXXXXXXXX
HCoV-229E,XXXXXXXXXXXXXXXXXXXXXXXXX
HCoV-229E,XXXXXXXXXXXXXXXXXXXXXXXXX
HCoV-229E,XXXXXXXXXXXXXXXXXXXXXXXXX
HCoV-229E,XXXXXXXXXXXXXXXXXXXXXXXXX
HCoV-229E,XXXXXXXXXXXXXXXXXXXXXXXXX
HCoV-229E,XXXXXXXXXXXXXXXXXXXXXXXXX
HCoV-229E,XXXXXXXXXXXXXXXXXXXXXXXXX
HCoV-229E,XXXXXXXXXXXXXXXXXXXXXXXXX
HCoV-229E,XXXXXXXXXXXXXXXXXXXXXXXXX
HCoV-229E,XXXXXXXXXXXXXXXXXXXXXXXXX
HCoV-229E,XXXXXXXXXXXXXXXXXXXXXXXXX
HCoV-229E,XXXXXXXXXXXXXXXXXXXXXXXXX
HCoV-229E,XXXXXXXXXXXXXXXXXXXXXXXXX
HCoV-229E,XXXXXXXXXXXXXXXXXXXXXXXXX
HCoV-229E,XXXXXXXXXXXXXXXXXXXXXXXXX
HCoV-229E,XXXXXXXXXXXXXXXXXXXXXXXXX
HCoV-229E,XXXXXXXXXXXXXXXXXXXXXXXXX
HCoV-229E,XXXXXXXXXXXXXXXXXXXXXXXXX
HCoV-229E,XXXXXXXXXXXXXXXXXXXXXXXXX
HCoV-229E,XXXXXXXXXXXXXXXXXXXXXXXXX
HCoV-229E,XXXXXXXXXXXXXXXXXXXXXXXXX
HCoV-229E,XXXXXXXXXXXXXXXXXXXXXXXXX
HCoV-229E,XXXXXXXXXXXXXXXXXXXXXXXXX
HCoV-229E,XXXXXXXXXXXXXXXXXXXXXXXXX
HCoV-229E,XXXXXXXXXXXXXXXXXXXXXXXXX
HCoV-229E,XXXXXXXXXXXXXXXXXXXXXXXXX
HCoV-229E,XXXXXXXXXXXXXXXXXXXXXXXXX
HCoV-229E,XXXXXXXXXXXXXXXXXXXXXXXXX
HCoV-229E,XXXXXXXXXXXXXXXXXXXXXXXXX
HCoV-229E,XXXXXXXXXXXXXXXXXXXXXXXXX
HCoV-229E,XXXXXXXXXXXXXXXXXXXXXXXXX
HCoV-229E,XXXXXXXXXXXXXXXXXXXXXXXXX
HCoV-229E,XXXXXXXXXXXXXXXXXXXXXXXXX
HCoV-229E,XXXXXXXXXXXXXXXXXXXXXXXXX
HCoV-229E,XXXXXXXXXXXXXXXXXXXXXXXXX
HCoV-229E,XXXXXXXXXXXXXXXXXXXXXXXXX
HCoV-229E,XXXXXXXXXXXXXXXXXXXXXXXXX
HCoV-229E,XXXXXXXXXXXXXXXXXXXXXXXXX
HCoV-229E,XXXXXXXXXXXXXXXXXXXXXXXXX
HCoV-229E,XXXXXXXXXXXXXXXXXXXXXXXXX
HCoV-229E,XXXXXXXXXXXXXXXXXXXXXXXXX
HCoV-229E,XXXXXXXXXXXXXXXXXXXXXXXXX
HCoV-229E,XXXXXXXXXXXXXXXXXXXXXXXXX
HCoV-229E,XXXXXXXXXXXXXXXXXXXXXXXXX
HCoV-229E,XXXXXXXXXXXXXXXXXXXXXXXXX
HCoV-229E,XXXXXXXXXXXXXXXXXXXXXXXXX
HCoV-229E,XXXXXXXXXXXXXXXXXXXXXXXXX
HCoV-229E,XXXXXXXXXXXXXXXXXXXXXXXXX
HCoV-229E,XXXXXXXXXXXXXXXXXXXXXXXXX
HCoV-229E,XXXXXXXXXXXXXXXXXXXXXXXXX
HCoV-229E,XXXXXXXXXXXXXXXXXXXXXXXXX
HCoV-229E,XXXXXXXXXXXXXXXXXXXXXXXXX
HCoV-229E,XXXXXXXXXXXXXXXXXXXXXXXXX
HCoV-229E,XXXXXXXXXXXXXXXXXXXXXXXXX
HCoV-229E,XXXXXXXXXXXXXXXXXXXXXXXXX
HCoV-229E,XXXXXXXXXXXXXXXXXXXXXXXXX
HCoV-229E,XXXXXXXXXXXXXXXXXXXXXXXXX
HCoV-229E,XXXXXXXXXXXXXXXXXXXXXXXXX
HCoV-229E,XXXXXXXXXXXXXXXXXXXXXXXXX
HCoV-229E,XXXXXXXXXXXXXXXXXXXXXXXXX
HCoV-229E,XXXXXXXXXXXXXXXXXXXXXXXXX
HCoV-229E,XXXXXXXXXXXXXXXXXXXXXXXXX
HCoV-229E,XXXXXXXXXXXXXXXXXXXXXXXXX
HCoV-229E,XXXXXXXXXXXXXXXXXXXXXXXXX
HCoV-229E,XXXXXXXXXXXXXXXXXXXXXXXXX
HCoV-229E,XXXXXXXXXXXXXXXXXXXXXXXXX
HCoV-229E,XXXXXXXXXXXXXXXXXXXXXXXXX
HCoV-229E,XXXXXXXXXXXXXXXXXXXXXXXXX
HCoV-229E,XXXXXXXXXXXXXXXXXXXXXXXXX
HCoV-229E,XXXXXXXXXXXXXXXXXXXXXXXXX
HCoV-229E,XXXXXXXXXXXXXXXXXXXXXXXXX
HCoV-229E,XXXXXXXXXXXXXXXXXXXXXXXXX
HCoV-229E,XXXXXXXXXXXXXXXXXXXXXXXXX
HCoV-229E,XXXXXXXXXXXXXXXXXXXXXXXXX
HCoV-229E,XXXXXXXXXXXXXXXXXXXXXXXXX
HCoV-229E,XXXXXXXXXXXXXXXXXXXXXXXXX
HCoV-229E,XXXXXXXXXXXXXXXXXXXXXXXXX
HCoV-229E,XXXXXXXXXXXXXXXXXXXXXXXXX
HCoV-229E,XXXXXXXXXXXXXXXXXXXXXXXXX
HCoV-229E,XXXXXXXXXXXXXXXXXXXXXXXXX
HCoV-229E,XXXXXXXXXXXXXXXXXXXXXXXXX
HCoV-229E,XXXXXXXXXXXXXXXXXXXXXXXXX
HCoV-229E,XXXXXXXXXXXXXXXXXXXXXXXXX
HCoV-229E,XXXXXXXXXXXXXXXXXXXXXXXXX
HCoV-229E,XXXXXXXXXXXXXXXXXXXXXXXXX
HCoV-229E,XXXXXXXXXXXXXXXXXXXXXXXX
HCoV-229E,XXXXXXXXXXXXXXXXXXXXXXXX
HCoV-229E,XXXXXXXXXXXXXXXXXXXXXXXX
HCoV-229E,XXXXXXXXXXXXXXXXXXXXXXXX
HCoV-229E,XXXXXXXXXXXXXXXXXXXXXXXX
HCoV-229E,XXXXXXXXXXXXXXXXXXXXXXXX
HCoV-229E,XXXXXXXXXXXXXXXXXXXXXXX
HCoV-229E,XXXXXXXXXXXXXXXXXXXXXXX
HCoV-229E,XXXXXXXXXXXXXXXXXXXXXXX
HCoV-229E,XXXXXXXXXXXXXXXXXXXXXXX
HCoV-229E,XXXXXXXXXXXXXXXXXXXXXXX
HCoV-229E,XXXXXXXXXXXXXXXXXXXXXXX
HCoV-229E,XXXXXXXXXXXXXXXXXXXXXX
HCoV-229E,XXXXXXXXXXXXXXXXXXXXXX
HCoV-229E,XXXXXXXXXXXXXXXXXXXXXX
HCoV-229E,XXXXXXXXXXXXXXXXXXXXXX
HCoV-229E,XXXXXXXXXXXXXXXXXXXXXX
HCoV-229E,XXXXXXXXXXXXXXXXXXXXXX
HCoV-229E,XXXXXXXXXXXXXXXXXXXXX
HCoV-229E,XXXXXXXXXXXXXXXXXXXXX
HCoV-229E,XXXXXXXXXXXXXXXXXXXXX
HCoV-229E,XXXXXXXXXXXXXXXXXXXXX
HCoV-229E,XXXXXXXXXXXXXXXXXXXXX
HCoV-229E,XXXXXXXXXXXXXXXXXXXXX
HCoV-229E,XXXXXXXXXXXXXXXXXXXX
HCoV-229E,XXXXXXXXXXXXXXXXXXXX
HCoV-229E,XXXXXXXXXXXXXXXXXXXX
HCoV-229E,XXXXXXXXXXXXXXXXXXXX
HCoV-229E,XXXXXXXXXXXXXXXXXXXX
HCoV-229E,XXXXXXXXXXXXXXXXXXXX
HCoV-229E,XXXXXXXXXXXXXXXXXXX
HCoV-229E,XXXXXXXXXXXXXXXXXXX
HCoV-229E,XXXXXXXXXXXXXXXXXXX
HCoV-229E,XXXXXXXXXXXXXXXXXXX
HCoV-229E,XXXXXXXXXXXXXXXXXXX
HCoV-229E,XXXXXXXXXXXXXXXXXXX
HCoV-229E,XXXXXXXXXXXXXXXXXX
HCoV-229E,XXXXXXXXXXXXXXXXXX
HCoV-229E,XXXXXXXXXXXXXXXXXX
HCoV-229E,XXXXXXXXXXXXXXXXXX
HCoV-229E,XXXXXXXXXXXXXXXXXX
HCoV-229E,XXXXXXXXXXXXXXXXXX
HCoV-229E,XXXXXXXXXXXXXXXXX
HCoV-229E,XXXXXXXXXXXXXXXXX
HCoV-229E,XXXXXXXXXXXXXXXXX
HCoV-229E,XXXXXXXXXXXXXXXXX
HCoV-229E,XXXXXXXXXXXXXXXXX
HCoV-229E,XXXXXXXXXXXXXXXXX
HCoV-229E,XXXXXXXXXXXXXXXX
HCoV-229E,XXXXXXXXXXXXXXXX
HCoV-229E,XXXXXXXXXXXXXXXX
HCoV-229E,XXXXXXXXXXXXXXXX
HCoV-229E,XXXXXXXXXXXXXXXX
HCoV-229E,XXXXXXXXXXXXXXXX
HCoV-229E,XXXXXXXXXXXXXXX
HCoV-229E,XXXXXXXXXXXXXXX
HCoV-229E,XXXXXXXXXXXXXXX
HCoV-229E,XXXXXXXXXXXXXXX
HCoV-229E,XXXXXXXXXXXXXXX
HCoV-229E,XXXXXXXXXXXXXXX
HCoV-229E,XXXXXXXXXXXXXXX
HCoV-229E,XXXXXXXXXXXXXXX
HCoV-229E,XXXXXXXXXXXXXXX
HCoV-229E,XXXXXXXXXXXXXXX
HCoV-229E,XXXXXXXXXXXXXXX
HCoV-229E,XXXXXXXXXXXXXXX
HCoV-229E,XXXXXXXXXXXXXXX
HCoV-229E,XXXXXXXXXXXXXXX
HCoV-229E,XXXXXXXXXXXXXXX
HCoV-229E,XXXXXXXXXXXXXXX
HCoV-229E,XXXXXXXXXXXXXXX
HCoV-229E,XXXXXXXXXXXXXXX
HCoV-229E,XXXXXXXXXXXXXXX
HCoV-229E,XXXXXXXXXXXXXXX
HCoV-229E,XXXXXXXXXXXXXXX
HCoV-229E,XXXXXXXXXXXXXXX
HCoV-229E,XXXXXXXXXXXXXXX
HCoV-229E,XXXXXXXXXXXXXXX
HCoV-229E,XXXXXXXXXXXXXXX
HCoV-229E,XXXXXXXXXXXXXXX
HCoV-229E,XXXXXXXXXXXXXXX
HCoV-229E,XXXXXXXXXXXXXXX
HCoV-229E,XXXXXXXXXXXXXXX
HCoV-229E,XXXXXXXXXXXXXXX
HCoV-229E,XXXXXXXXXXXXXXX
HCoV-229E,XXXXXXXXXXXXXXX
HCoV-229E,XXXXXXXXXXXXXXX
HCoV-229E,XXXXXXXXXXXXXXX
HCoV-229E,XXXXXXXXXXXXXXX
HCoV-229E,XXXXXXXXXXXXXXX
HCoV-229E,XXXXXXXXXXXXXXX
HCoV-229E,XXXXXXXXXXXXXXX
HCoV-229E,XXXXXXXXXXXXXXX
HCoV-229E,XXXXXXXXXXXXXXX
HCoV-229E,XXXXXXXXXXXXXXX
HCoV-229E,XXXXXXXXXXXXXXX
HCoV-229E,XXXXXXXXXXXXXXX
HCoV-229E,XXXXXXXXXXXXXXX
HCoV-229E,XXXXXXXXXXXXXXX
HCoV-229E,XXXXXXXXXXXXXXX
HCoV-229E,XXXXXXXXXXXXXXX
HCoV-229E,XXXXXXXXXXXXXXX
HCoV-229E,XXXXXXXXXXXXXXX
HCoV-229E,XXXXXXXXXXXXXXX
HCoV-229E,XXXXXXXXXXXXXXX
HCoV-229E,XXXXXXXXXXXXXXX
HCoV-229E,XXXXXXXXXXXXXXX
HCoV-229E,XXXXXXXXXXXXXXX
HCoV-229E,XXXXXXXXXXXXXXX
HCoV-229E,XXXXXXXXXXXXXXX
HCoV-229E,XXXXXXXXXXXXXXX
HCoV-229E,XXXXXXXXXXXXXXX
HCoV-229E,XXXXXXXXXXXXXXX
HCoV-229E,XXXXXXXXXXXXXXX
HCoV-229E,XXXXXXXXXXXXXXX
HCoV-229E,XXXXXXXXXXXXXXX
HCoV-229E,XXXXXXXXXXXXXXX
HCoV-229E,XXXXXXXXXXXXXXX
HCoV-229E,XXXXXXXXXXXXXXX
HCoV-229E,XXXXXXXXXXXXXXX
HCoV-229E,XXXXXXXXXXXXXXX
HCoV-229E,XXXXXXXXXXXXXXX
HCoV-229E,XXXXXXXXXXXXXXX
HCoV-229E,XXXXXXXXXXXXXXX
HCoV-229E,XXXXXXXXXXXXXXX
HCoV-229E,XXXXXXXXXXXXXXX
HCoV-229E,XXXXXXXXXXXXXXX
HCoV-229E,XXXXXXXXXXXXXXX
HCoV-229E,XXXXXXXXXXXXXXX
HCoV-229E,XXXXXXXXXXXXXXX
HCoV-229E,XXXXXXXXXXXXXXX
HCoV-229E,XXXXXXXXXXXXXXX
HCoV-229E,XXXXXXXXXXXXXXX
HCoV-229E,XXXXXXXXXXXXXXX
HCoV-229E,XXXXXXXXXXXXXXX
HCoV-229E,XXXXXXXXXXXXXXX
HCoV-229E,XXXXXXXXXXXXXXX
HCoV-229E,XXXXXXXXXXXXXXX
HCoV-229E,XXXXXXXXXXXXXXX
HCoV-229E,XXXXXXXXXXXXXXX
HCoV-229E,XXXXXXXXXXXXXXX
HCoV-229E,XXXXXXXXXXXXXXX
HCoV-229E,XXXXXXXXXXXXXXX
HCoV-229E,XXXXXXXXXXXXXXX
HCoV-229E,XXXXXXXXXXXXXXX
HCoV-229E,XXXXXXXXXXXXXXX
HCoV-229E,XXXXXXXXXXXXXXX
HCoV-229E,XXXXXXXXXXXXXXX
HCoV-229E,XXXXXXXXXXXXXXX
HCoV-229E,XXXXXXXXXXXXXXX
HCoV-229E,XXXXXXXXXXXXXXX
HCoV-229E,XXXXXXXXXXXXXXX
HCoV-229E,XXXXXXXXXXXXXXX
HCoV-229E,XXXXXXXXXXXXXXX
HCoV-229E,XXXXXXXXXXXXXXX
HCoV-229E,XXXXXXXXXXXXXXX
HCoV-229E,XXXXXXXXXXXXXXX
HCoV-229E,XXXXXXXXXXXXXXX
HCoV-229E,XXXXXXXXXXXXXXX
HCoV-229E,XXXXXXXXXXXXXXX
HCoV-229E,XXXXXXXXXXXXXXX
HCoV-229E,XXXXXXXXXXXXXXX
HCoV-229E,XXXXXXXXXXXXXXX
HCoV-229E,XXXXXXXXXXXXXXX
HCoV-229E,XXXXXXXXXXXXXXX
HCoV-229E,XXXXXXXXXXXXXXX
HCoV-229E,XXXXXXXXXXXXXXX
HCoV-229E,XXXXXXXXXXXXXXX
HCoV-229E,XXXXXXXXXXXXXX
HCoV-229E,XXXXXXXXXXXXXX
HCoV-229E,XXXXXXXXXXXXXX
HCoV-229E,XXXXXXXXXXXXXX
HCoV-229E,XXXXXXXXXXXXXX
HCoV-229E,XXXXXXXXXXXXXX
HCoV-229E,XXXXXXXXXXXXXX
HCoV-229E,XXXXXXXXXXXXXX
HCoV-229E,XXXXXXXXXXXXXX
HCoV-229E,XXXXXXXXXXXXXX
HCoV-229E,XXXXXXXXXXXXXX
HCoV-229E,XXXXXXXXXXXXXX
HCoV-229E,XXXXXXXXXXXXX
HCoV-229E,XXXXXXXXXXXXX
HCoV-229E,XXXXXXXXXXXXX
HCoV-229E,XXXXXXXXXXXXX
HCoV-229E,XXXXXXXXXXXXX
HCoV-229E,XXXXXXXXXXXXX
HCoV-229E,XXXXXXXXXXXXX
HCoV-229E,XXXXXXXXXXXXX
HCoV-229E,XXXXXXXXXXXXX
HCoV-229E,XXXXXXXXXXXXX
HCoV-229E,XXXXXXXXXXXXX
HCoV-229E,XXXXXXXXXXXXX
HCoV-229E,XXXXXXXXXXXXX
HCoV-229E,XXXXXXXXXXXXX
HCoV-229E,XXXXXXXXXXXXX
HCoV-229E,XXXXXXXXXXXXX
HCoV-229E,XXXXXXXXXXXXX
HCoV-229E,XXXXXXXXXXXXX
HCoV-229E,XXXXXXXXXXXXX
HCoV-229E,XXXXXXXXXXXXX
HCoV-229E,XXXXXXXXXXXXX
HCoV-229E,XXXXXXXXXXXXX
HCoV-229E,XXXXXXXXXXXXX
HCoV-229E,XXXXXXXXXXXXX
HCoV-229E,XXXXXXXXXXXXX
HCoV-229E,XXXXXXXXXXXXX
HCoV-229E,XXXXXXXXXXXXX
HCoV-229E,XXXXXXXXXXXXX
HCoV-229E,XXXXXXXXXXXXX
HCoV-229E,XXXXXXXXXXXXX
HCoV-229E,XXXXXXXXXXXXX
HCoV-229E,XXXXXXXXXXXXX
HCoV-229E,XXXXXXXXXXXXX
HCoV-229E,XXXXXXXXXXXXX
HCoV-229E,XXXXXXXXXXXXX
HCoV-229E,XXXXXXXXXXXXX
HCoV-229E,XXXXXXXXXXXXX
HCoV-229E,XXXXXXXXXXXXX
HCoV-229E,XXXXXXXXXXXXX
HCoV-229E,XXXXXXXXXXXXX
HCoV-229E,XXXXXXXXXXXXX
HCoV-229E,XXXXXXXXXXXXX
HCoV-229E,XXXXXXXXXXXXX
HCoV-229E,XXXXXXXXXXXXX
HCoV-229E,XXXXXXXXXXXXX
HCoV-229E,XXXXXXXXXXXXX
HCoV-229E,XXXXXXXXXXXXX
HCoV-229E,XXXXXXXXXXXXX
HCoV-229E,XXXXXXXXXXXXX
HCoV-229E,XXXXXXXXXXXXX
HCoV-229E,XXXXXXXXXXXXX
HCoV-229E,XXXXXXXXXXXXX
HCoV-229E,XXXXXXXXXXXXX
HCoV-229E,XXXXXXXXXXXXX
HCoV-229E,XXXXXXXXXXXXX
HCoV-229E,XXXXXXXXXXXXX
HCoV-229E,XXXXXXXXXXXXX
HCoV-229E,XXXXXXXXXXXXX
HCoV-229E,XXXXXXXXXXXXX
HCoV-229E,XXXXXXXXXXXXX
HCoV-229E,XXXXXXXXXXXXX
HCoV-229E,XXXXXXXXXXXXX
HCoV-229E,XXXXXXXXXXXXX
HCoV-229E,XXXXXXXXXXXXX
HCoV-229E,XXXXXXXXXXXXX
HCoV-229E,XXXXXXXXXXXXX
HCoV-229E,XXXXXXXXXXXXX
HCoV-229E,XXXXXXXXXXXXX
HCoV-229E,XXXXXXXXXXXXX
HCoV-229E,XXXXXXXXXXXXX
HCoV-229E,XXXXXXXXXXXXX
HCoV-229E,XXXXXXXXXXXXX
HCoV-229E,XXXXXXXXXXXXX
HCoV-229E,XXXXXXXXXXXXX
HCoV-229E,XXXXXXXXXXXXX
HCoV-229E,XXXXXXXXXXXXX
HCoV-229E,XXXXXXXXXXXXX
HCoV-229E,XXXXXXXXXXXXX
HCoV-229E,XXXXXXXXXXXXX
HCoV-229E,XXXXXXXXXXXXX
HCoV-229E,XXXXXXXXXXXXX
HCoV-229E,XXXXXXXXXXXXX
HCoV-229E,XXXXXXXXXXXXX
HCoV-229E,XXXXXXXXXXXXX
HCoV-229E,XXXXXXXXXXXXX
HCoV-229E,XXXXXXXXXXXXX
HCoV-229E,XXXXXXXXXXXXX
HCoV-229E,XXXXXXXXXXXXX
HCoV-229E,XXXXXXXXXXXXX
HCoV-229E,XXXXXXXXXXXXX
HCoV-229E,XXXXXXXXXXXXX
HCoV-229E,XXXXXXXXXXXXX
HCoV-229E,XXXXXXXXXXXXX
HCoV-229E,XXXXXXXXXXXXX
HCoV-229E,XXXXXXXXXXXXX
HCoV-229E,XXXXXXXXXXXXX
HCoV-229E,XXXXXXXXXXXXX
HCoV-229E,XXXXXXXXXXXXX
HCoV-229E,XXXXXXXXXXXXX
HCoV-229E,XXXXXXXXXXXXX
HCoV-229E,XXXXXXXXXXXXX
HCoV-229E,XXXXXXXXXXXXX
HCoV-229E,XXXXXXXXXXXXX
HCoV-229E,XXXXXXXXXXXXX
HCoV-229E,XXXXXXXXXXXXX
HCoV-229E,XXXXXXXXXXXXX
HCoV-229E,XXXXXXXXXXXXX
HCoV-229E,XXXXXXXXXXXXX
HCoV-229E,XXXXXXXXXXXXX
HCoV-229E,XXXXXXXXXXXXX
HCoV-229E,XXXXXXXXXXXXX
HCoV-229E,XXXXXXXXXXXXX
HCoV-229E,XXXXXXXXXXXXX
HCoV-229E,XXXXXXXXXXXXX
HCoV-229E,XXXXXXXXXXXXX
HCoV-229E,XXXXXXXXXXXXX
HCoV-229E,XXXXXXXXXXXXX
HCoV-229E,XXXXXXXXXXXXX
HCoV-229E,XXXXXXXXXXXXX
HCoV-229E,XXXXXXXXXXXXX
HCoV-229E,XXXXXXXXXXXXX
HCoV-229E,XXXXXXXXXXXXX
HCoV-229E,XXXXXXXXXXXXX
HCoV-229E,XXXXXXXXXXXXX
HCoV-229E,XXXXXXXXXXXXX
HCoV-229E,XXXXXXXXXXXXX
HCoV-229E,XXXXXXXXXXXX
HCoV-229E,XXXXXXXXXXXX
HCoV-229E,XXXXXXXXXXXX
HCoV-229E,XXXXXXXXXXXX
HCoV-229E,XXXXXXXXXXXX
HCoV-229E,XXXXXXXXXXXX
HCoV-229E,XXXXXXXXXXXX
HCoV-229E,XXXXXXXXXXXX
HCoV-229E,XXXXXXXXXXXX
HCoV-229E,XXXXXXXXXXXX
HCoV-229E,XXXXXXXXXXXX
HCoV-229E,XXXXXXXXXXXX
HCoV-229E,XXXXXXXXXXXX
HCoV-229E,XXXXXXXXXXXX
HCoV-229E,XXXXXXXXXXXX
HCoV-229E,XXXXXXXXXXXX
HCoV-229E,XXXXXXXXXXXX
HCoV-229E,XXXXXXXXXXXX
HCoV-229E,XXXXXXXXXXXX
HCoV-229E,XXXXXXXXXXXX
HCoV-229E,XXXXXXXXXXX
HCoV-229E,XXXXXXXXXXX
HCoV-229E,XXXXXXXXXXX
HCoV-229E,XXXXXXXXXXX
HCoV-229E,XXXXXXXXXXX
HCoV-229E,XXXXXXXXXXX
HCoV-229E,XXXXXXXXXXX
HCoV-229E,XXXXXXXXXXX
HCoV-229E,XXXXXXXXXXX
HCoV-229E,XXXXXXXXXXX
HCoV-229E,XXXXXXXXXXX
HCoV-229E,XXXXXXXXXXX
HCoV-229E,XXXXXXXXXXX
HCoV-229E,XXXXXXXXXXX
HCoV-229E,XXXXXXXXXXX
HCoV-229E,XXXXXXXXXXX
HCoV-229E,XXXXXXXXXXX
HCoV-229E,XXXXXXXXXXX
HCoV-229E,XXXXXXXXXXX
HCoV-229E,XXXXXXXXXXX
HCoV-229E,XXXXXXXXXX
HCoV-229E,XXXXXXXXXX
HCoV-229E,XXXXXXXXXX
HCoV-229E,XXXXXXXXXX
HCoV-229E,XXXXXXXXXX
HCoV-229E,XXXXXXXXXX
HCoV-229E,XXXXXXXXXX
HCoV-229E,XXXXXXXXXX
HCoV-229E,XXXXXXXXXX
HCoV-229E,XXXXXXXXXX
HCoV-229E,XXXXXXXXXX
HCoV-229E,XXXXXXXXXX
HCoV-229E,XXXXXXXXXX
HCoV-229E,XXXXXXXXXX
HCoV-229E,XXXXXXXXXX
HCoV-229E,XXXXXXXXXX
HCoV-229E,XXXXXXXXXX
HCoV-229E,XXXXXXXXXX
HCoV-229E,XXXXXXXXXX
HCoV-229E,XXXXXXXXXX
HCoV-229E,XXXXXXXXX
HCoV-229E,XXXXXXXXX
HCoV-229E,XXXXXXXXX
HCoV-229E,XXXXXXXXX
HCoV-229E,XXXXXXXXX
HCoV-229E,XXXXXXXXX
HCoV-229E,XXXXXXXXX
HCoV-229E,XXXXXXXXX
HCoV-229E,XXXXXXXXX
HCoV-229E,XXXXXXXXX
HCoV-229E,XXXXXXXXX
HCoV-229E,XXXXXXXXX
HCoV-229E,XXXXXXXXX
HCoV-229E,XXXXXXXXX
HCoV-229E,XXXXXXXXX
HCoV-229E,XXXXXXXXX
HCoV-229E,XXXXXXXXX
HCoV-229E,XXXXXXXXX
HCoV-229E,XXXXXXXXX
HCoV-229E,XXXXXXXXX
HCoV-229E,XXXXXXXX
HCoV-229E,XXXXXXXX
HCoV-229E,XXXXXXXX
HCoV-229E,XXXXXXXX
HCoV-229E,XXXXXXXX
HCoV-229E,XXXXXXXX
HCoV-229E,XXXXXXXX
HCoV-229E,XXXXXXXX
HCoV-229E,XXXXXXXX
HCoV-229E,XXXXXXXX
HCoV-229E,XXXXXXXX
HCoV-229E,XXXXXXXX
HCoV-229E,XXXXXXXX
HCoV-229E,XXXXXXXX
HCoV-229E,XXXXXXXX
HCoV-229E,XXXXXXXX
HCoV-229E,XXXXXXXX
HCoV-229E,XXXXXXXX
HCoV-229E,XXXXXXXX
HCoV-229E,XXXXXXXX
HCoV-229E,XXXXXXX
HCoV-229E,XXXXXXX
HCoV-229E,XXXXXXX
HCoV-229E,XXXXXXX
HCoV-229E,XXXXXXX
HCoV-229E,XXXXXXX
HCoV-229E,XXXXXXX
HCoV-229E,XXXXXXX
HCoV-229E,XXXXXXX
HCoV-229E,XXXXXXX
HCoV-229E,XXXXXXX
HCoV-229E,XXXXXXX
HCoV-229E,XXXXXXX
HCoV-229E,XXXXXXX
HCoV-229E,XXXXXXX
HCoV-229E,XXXXXXX
HCoV-229E,XXXXXXX
HCoV-229E,XXXXXXX
HCoV-229E,XXXXXXX
HCoV-229E,XXXXXXX
HCoV-229E,XXXXXX
HCoV-229E,XXXXXX
HCoV-229E,XXXXXX
HCoV-229E,XXXXXX
HCoV-229E,XXXXXX
HCoV-229E,XXXXXX
HCoV-229E,XXXXXX
HCoV-229E,XXXXXX
HCoV-229E,XXXXXX
HCoV-229E,XXXXXX
HCoV-229E,XXXXXX
HCoV-229E,XXXXXX
HCoV-229E,XXXXXX
HCoV-229E,XXXXXX
HCoV-229E,XXXXXX
HCoV-229E,XXXXXX
HCoV-229E,XXXXXX
HCoV-229E,XXXXXX
HCoV-229E,XXXXXX
HCoV-229E,XXXXXX
HCoV-229E,XXXXX
HCoV-229E,XXXXX
HCoV-229E,XXXXX
HCoV-229E,XXXXX
HCoV-229E,XXXXX
HCoV-229E,XXXXX
HCoV-229E,XXXXX
HCoV-229E,XXXXX
HCoV-229E,XXXXX
HCoV-229E,XXXXX
HCoV-229E,XXXXX
HCoV-229E,XXXXX
HCoV-229E,XXXXX
HCoV-229E,XXXXX
HCoV-229E,XXXXX
HCoV-229E,XXXXX
HCoV-229E,XXXXX
HCoV-229E,XXXXX
HCoV-229E,XXXXX
HCoV-229E,XXXXX
HCoV-229E,XXXX
HCoV-229E,XXXX
HCoV-229E,XXXX
HCoV-229E,XXXX
HCoV-229E,XXXX
HCoV-229E,XXXX
HCoV-229E,XXXX
HCoV-229E,XXXX
HCoV-229E,XXXX
HCoV-229E,XXXX
HCoV-229E,XXXX
HCoV-229E,XXXX
HCoV-229E,XXXX
HCoV-229E,XXXX
HCoV-229E,XXXX
HCoV-229E,XXXX
HCoV-229E,XXXX
HCoV-229E,XXXX
HCoV-229E,XXXX
HCoV-229E,XXXX
HCoV-229E,YFNG
HCoV-229E,YYNG
HCoV-229E,DAIT
HCoV-229E,GCCG
HCoV-229E,GTGTG
HCoV-229E,IGGI
HCoV-229E,ISSSI
HCoV-229E,KSQSK
HCoV-229E,LGGL
HCoV-229E,NFAFN
HCoV-229E,QALQ
HCoV-229E,RGTIL
HCoV-229E,RSGSR
HCoV-229E,SAAS
HCoV-229E,SGDA
HCoV-229E,TIGN
HCoV-229E,TNNT
HCoV-229E,VLLV
HCoV-229E,VNFNV
HCoV-229E,VPKPV
HCoV-229E,XXXXXXXXXX
HCoV-229E,XXXXXXXXX
HCoV-229E,XXXXXXXXX
HCoV-229E,XXXXXXXX
HCoV-229E,XXXXXXXX
HCoV-229E,XXXXXXX
HCoV-229E,XXXXXXX
HCoV-229E,XXXXXX
HCoV-229E,XXXXXX
HCoV-229E,XXXXXX
HCoV-229E,XXXXXX
HCoV-229E,XXXXXX
HCoV-229E,XXXXXX
HCoV-229E,XXXXXX
HCoV-229E,XXXXXX
HCoV-229E,XXXXX
HCoV-229E,XXXXX
HCoV-229E,XXXXX
HCoV-229E,XXXXX
HCoV-229E,XXXXX
HCoV-229E,XXXXX
HCoV-229E,XXXX
HCoV-229E,XXXX
HCoV-229E,XXXX
HCoV-229E,XXXX
HCoV-229E,XXXX
HCoV-229E,XXXX
HCoV-229E,YFNG
HCoV-229E,YTEVR
HCoV-229E,YYNG
HCoV-229E,DAIT
HCoV-229E,GCCG
HCoV-229E,GTGTG
HCoV-229E,IGGI
HCoV-229E,KSQSK
HCoV-229E,LGGL
HCoV-229E,LXXXXXXXXXXXXXL
HCoV-229E,NFAFN
HCoV-229E,NLXXXXXX
HCoV-229E,QALQ
HCoV-229E,QXXXXXXXXXXXXXXXXXXXXXXQ
HCoV-229E,RGTIL
HCoV-229E,RSGSR
HCoV-229E,SAAS
HCoV-229E,SGDA
HCoV-229E,TIGN
HCoV-229E,TNNT
HCoV-229E,VLLV
HCoV-229E,VNFNV
HCoV-229E,VPKPV
HCoV-229E,XXXXXXXXXXXXXXXXXXXXX
HCoV-229E,XXXXXXXXXXXXXXXXXXXXX
HCoV-229E,XXXXXXXXXXXXXXXXXXXX
HCoV-229E,XXXXXXXXXXXXXXXXXXXX
HCoV-229E,XXXXXXXXXXXXXXXXXXX
HCoV-229E,XXXXXXXXXXXXXXXXXXX
HCoV-229E,XXXXXXXXXXXXXXXXXX
HCoV-229E,XXXXXXXXXXXXXXXXXX
HCoV-229E,XXXXXXXXXXXXXXXXX
HCoV-229E,XXXXXXXXXXXXXXXXX
HCoV-229E,XXXXXXXXXXXXXXXX
HCoV-229E,XXXXXXXXXXXXXXXX
HCoV-229E,XXXXXXXXXXXXXXX
HCoV-229E,XXXXXXXXXXXXXXX
HCoV-229E,XXXXXXXXXXXXXX
HCoV-229E,XXXXXXXXXXXXXX
HCoV-229E,XXXXXXXXXXXXX
HCoV-229E,XXXXXXXXXXXXX
HCoV-229E,XXXXXXXXXXXXX
HCoV-229E,XXXXXXXXXXXXX
HCoV-229E,XXXXXXXXXXXXX
HCoV-229E,XXXXXXXXXXXXX
HCoV-229E,XXXXXXXXXXXXX
HCoV-229E,XXXXXXXXXXXXX
HCoV-229E,XXXXXXXXXXXXX
HCoV-229E,XXXXXXXXXXXXX
HCoV-229E,XXXXXXXXXXXXX
HCoV-229E,XXXXXXXXXXXXX
HCoV-229E,XXXXXXXXXXXX
HCoV-229E,XXXXXXXXXXXX
HCoV-229E,XXXXXXXXXXXX
HCoV-229E,XXXXXXXXXXXX
HCoV-229E,XXXXXXXXXXXX
HCoV-229E,XXXXXXXXXXXX
HCoV-229E,XXXXXXXXXXX
HCoV-229E,XXXXXXXXXXX
HCoV-229E,XXXXXXXXXXX
HCoV-229E,XXXXXXXXXXX
HCoV-229E,XXXXXXXXXXX
HCoV-229E,XXXXXXXXXXX
HCoV-229E,XXXXXXXXXX
HCoV-229E,XXXXXXXXXX
HCoV-229E,XXXXXXXXXX
HCoV-229E,XXXXXXXXXX
HCoV-229E,XXXXXXXXXX
HCoV-229E,XXXXXXXXXX
HCoV-229E,XXXXXXXXXX
HCoV-229E,XXXXXXXXXX
HCoV-229E,XXXXXXXXXX
HCoV-229E,XXXXXXXXXX
HCoV-229E,XXXXXXXXXX
HCoV-229E,XXXXXXXXXX
HCoV-229E,XXXXXXXXXX
HCoV-229E,XXXXXXXXXX
HCoV-229E,XXXXXXXXXX
HCoV-229E,XXXXXXXXXX
HCoV-229E,XXXXXXXXXX
HCoV-229E,XXXXXXXXXX
HCoV-229E,XXXXXXXXXX
HCoV-229E,XXXXXXXXXX
HCoV-229E,XXXXXXXXXX
HCoV-229E,XXXXXXXXXX
HCoV-229E,XXXXXXXXXX
HCoV-229E,XXXXXXXXXX
HCoV-229E,XXXXXXXXX
HCoV-229E,XXXXXXXXX
HCoV-229E,XXXXXXXXX
HCoV-229E,XXXXXXXXX
HCoV-229E,XXXXXXXXX
HCoV-229E,XXXXXXXXX
HCoV-229E,XXXXXXXXX
HCoV-229E,XXXXXXXXX
HCoV-229E,XXXXXXXXX
HCoV-229E,XXXXXXXXX
HCoV-229E,XXXXXXXXX
HCoV-229E,XXXXXXXXX
HCoV-229E,XXXXXXXX
HCoV-229E,XXXXXXXX
HCoV-229E,XXXXXXXX
HCoV-229E,XXXXXXXX
HCoV-229E,XXXXXXXX
HCoV-229E,XXXXXXXX
HCoV-229E,XXXXXXXX
HCoV-229E,XXXXXXXX
HCoV-229E,XXXXXXXX
HCoV-229E,XXXXXXXX
HCoV-229E,XXXXXXXX
HCoV-229E,XXXXXXXX
HCoV-229E,XXXXXXX
HCoV-229E,XXXXXXX
HCoV-229E,XXXXXXX
HCoV-229E,XXXXXXX
HCoV-229E,XXXXXXX
HCoV-229E,XXXXXXX
HCoV-229E,XXXXXXX
HCoV-229E,XXXXXXX
HCoV-229E,XXXXXXX
HCoV-229E,XXXXXXX
HCoV-229E,XXXXXXX
HCoV-229E,XXXXXXX
HCoV-229E,XXXXXX
HCoV-229E,XXXXXX
HCoV-229E,XXXXXX
HCoV-229E,XXXXXX
HCoV-229E,XXXXXX
HCoV-229E,XXXXXX
HCoV-229E,XXXXXX
HCoV-229E,XXXXXX
HCoV-229E,XXXXXX
HCoV-229E,XXXXXX
HCoV-229E,XXXXXX
HCoV-229E,XXXXXX
HCoV-229E,XXXXXX
HCoV-229E,XXXXXX
HCoV-229E,XXXXXX
HCoV-229E,XXXXXX
HCoV-229E,XXXXXX
HCoV-229E,XXXXXX
HCoV-229E,XXXXXX
HCoV-229E,XXXXXX
HCoV-229E,XXXXXX
HCoV-229E,XXXXXX
HCoV-229E,XXXXXX
HCoV-229E,XXXXXX
HCoV-229E,XXXXXX
HCoV-229E,XXXXXX
HCoV-229E,XXXXXX
HCoV-229E,XXXXXX
HCoV-229E,XXXXXX
HCoV-229E,XXXXXX
HCoV-229E,XXXXXX
HCoV-229E,XXXXXX
HCoV-229E,XXXXXX
HCoV-229E,XXXXXX
HCoV-229E,XXXXXX
HCoV-229E,XXXXXX
HCoV-229E,XXXXXX
HCoV-229E,XXXXXX
HCoV-229E,XXXXXX
HCoV-229E,XXXXXX
HCoV-229E,XXXXXX
HCoV-229E,XXXXXX
HCoV-229E,XXXXXX
HCoV-229E,XXXXXX
HCoV-229E,XXXXXX
HCoV-229E,XXXXXX
HCoV-229E,XXXXXX
HCoV-229E,XXXXXX
HCoV-229E,XXXXXX
HCoV-229E,XXXXXX
HCoV-229E,XXXXXX
HCoV-229E,XXXXXX
HCoV-229E,XXXXXX
HCoV-229E,XXXXXX
HCoV-229E,XXXXXX
HCoV-229E,XXXXXX
HCoV-229E,XXXXXX
HCoV-229E,XXXXXX
HCoV-229E,XXXXXX
HCoV-229E,XXXXXX
HCoV-229E,XXXXXX
HCoV-229E,XXXXXX
HCoV-229E,XXXXXX
HCoV-229E,XXXXXX
HCoV-229E,XXXXXX
HCoV-229E,XXXXXX
HCoV-229E,XXXXXX
HCoV-229E,XXXXXX
HCoV-229E,XXXXXX
HCoV-229E,XXXXXX
HCoV-229E,XXXXXX
HCoV-229E,XXXXXX
HCoV-229E,XXXXXX
HCoV-229E,XXXXXX
HCoV-229E,XXXXX
HCoV-229E,XXXXX
HCoV-229E,XXXXX
HCoV-229E,XXXXX
HCoV-229E,XXXXX
HCoV-229E,XXXXX
HCoV-229E,XXXXX
HCoV-229E,XXXXX
HCoV-229E,XXXXX
HCoV-229E,XXXXX
HCoV-229E,XXXXX
HCoV-229E,XXXXX
HCoV-229E,XXXXX
HCoV-229E,XXXXX
HCoV-229E,XXXXX
HCoV-229E,XXXXX
HCoV-229E,XXXXX
HCoV-229E,XXXXX
HCoV-229E,XXXXX
HCoV-229E,XXXXX
HCoV-229E,XXXXX
HCoV-229E,XXXXX
HCoV-229E,XXXXX
HCoV-229E,XXXXX
HCoV-229E,XXXXX
HCoV-229E,XXXXX
HCoV-229E,XXXXX
HCoV-229E,XXXXX
HCoV-229E,XXXXX
HCoV-229E,XXXXX
HCoV-229E,XXXX
HCoV-229E,XXXX
HCoV-229E,XXXX
HCoV-229E,XXXX
HCoV-229E,XXXX
HCoV-229E,XXXX
HCoV-229E,XXXX
HCoV-229E,XXXX
HCoV-229E,XXXX
HCoV-229E,XXXX
HCoV-229E,XXXX
HCoV-229E,XXXX
HCoV-229E,XXXX
HCoV-229E,XXXX
HCoV-229E,XXXX
HCoV-229E,XXXX
HCoV-229E,XXXX
HCoV-229E,XXXX
HCoV-229E,XXXX
HCoV-229E,XXXX
HCoV-229E,XXXX
HCoV-229E,XXXX
HCoV-229E,XXXX
HCoV-229E,XXXX
HCoV-229E,XXXX
HCoV-229E,XXXX
HCoV-229E,XXXX
HCoV-229E,XXXX
HCoV-229E,XXXX
HCoV-229E,XXXX
HCoV-229E,YFNG
HCoV-229E,YTEVR
HCoV-229E,YYNG
HCoV-229E,DAIT
HCoV-229E,GCCG
HCoV-229E,IGGI
HCoV-229E,ISSSI
HCoV-229E,KSQSK
HCoV-229E,LGGL
HCoV-229E,NFAFN
HCoV-229E,QALQ
HCoV-229E,RGTIL
HCoV-229E,RSGSR
HCoV-229E,SAAS
HCoV-229E,SGDA
HCoV-229E,TIGN
HCoV-229E,TNNT
HCoV-229E,VLLV
HCoV-229E,VNFNV
HCoV-229E,VPKPV
HCoV-229E,XXXXXXXXXX
HCoV-229E,XXXXXXXXX
HCoV-229E,XXXXXXXXX
HCoV-229E,XXXXXXXX
HCoV-229E,XXXXXXXX
HCoV-229E,XXXXXXX
HCoV-229E,XXXXXXX
HCoV-229E,XXXXXX
HCoV-229E,XXXXXX
HCoV-229E,XXXXX
HCoV-229E,XXXXX
HCoV-229E,XXXX
HCoV-229E,XXXX
HCoV-229E,YFNG
HCoV-229E,YTEVR
HCoV-229E,YYNG
HCoV-229E,DAIT
HCoV-229E,GCCG
HCoV-229E,IGGI
HCoV-229E,ISSSI
HCoV-229E,KSQSK
HCoV-229E,LAAL
HCoV-229E,LGGL
HCoV-229E,NFAFN
HCoV-229E,NGTN
HCoV-229E,QALQ
HCoV-229E,RGPGR
HCoV-229E,RGTIL
HCoV-229E,RSGSR
HCoV-229E,SAAS
HCoV-229E,SGDA
HCoV-229E,TIGN
HCoV-229E,TNNT
HCoV-229E,VLLV
HCoV-229E,VNFNV
HCoV-229E,VPKPV
HCoV-229E,YFNG
HCoV-229E,YTEVR
HCoV-229E,YYNG
HCoV-229E,DAIT
HCoV-229E,GCCG
HCoV-229E,IGGI
HCoV-229E,ISSSI
HCoV-229E,KSQSK
HCoV-229E,LAAL
HCoV-229E,LGGL
HCoV-229E,NFAFN
HCoV-229E,NGTN
HCoV-229E,QALQ
HCoV-229E,RGPGR
HCoV-229E,RGTIL
HCoV-229E,RSGSR
HCoV-229E,SAAS
HCoV-229E,SGDA
HCoV-229E,TIGN
HCoV-229E,TNNT
HCoV-229E,VLLV
HCoV-229E,VNFNV
HCoV-229E,VPKPV
HCoV-229E,YFNG
HCoV-229E,YTEVR
HCoV-229E,YYNG
HCoV-229E,DAIT
HCoV-229E,GCCG
HCoV-229E,IGGI
HCoV-229E,ISSSI
HCoV-229E,KSQSK
HCoV-229E,LAAL
HCoV-229E,LGGL
HCoV-229E,NFAFN
HCoV-229E,NGTN
HCoV-229E,QALQ
HCoV-229E,RGTIL
HCoV-229E,RSGSR
HCoV-229E,SAAS
HCoV-229E,SGDA
HCoV-229E,TIGN
HCoV-229E,TNNT
HCoV-229E,VNFNV
HCoV-229E,VPKPV
HCoV-229E,YFNG
HCoV-229E,YTEVR
HCoV-229E,YYNG
HCoV-229E,DAIT
HCoV-229E,GCCG
HCoV-229E,IGGI
HCoV-229E,ISSSI
HCoV-229E,KSQSK
HCoV-229E,LAAL
HCoV-229E,LGGL
HCoV-229E,NFAFN
HCoV-229E,NGTN
HCoV-229E,QALQ
HCoV-229E,RGPGR
HCoV-229E,RGTIL
HCoV-229E,RSGSR
HCoV-229E,SAAS
HCoV-229E,SGDA
HCoV-229E,TIGN
HCoV-229E,TNNT
HCoV-229E,VLLV
HCoV-229E,VNFNV
HCoV-229E,VPKPV
HCoV-229E,YFNG
HCoV-229E,YTEVR
HCoV-229E,YYNG
HCoV-229E,DAIT
HCoV-229E,GCCG
HCoV-229E,IGGI
HCoV-229E,ISSSI
HCoV-229E,KSQSK
HCoV-229E,LAAL
HCoV-229E,LGGL
HCoV-229E,NFAFN
HCoV-229E,QALQ
HCoV-229E,RGPGR
HCoV-229E,RGTIL
HCoV-229E,RSGSR
HCoV-229E,SAAS
HCoV-229E,SGDA
HCoV-229E,SGSR
HCoV-229E,TIGN
HCoV-229E,TNNT
HCoV-229E,VLLV
HCoV-229E,VNFNV
HCoV-229E,VPKPV
HCoV-229E,YFNG
HCoV-229E,YTEVR
HCoV-229E,YYNG
HCoV-229E,DAIT
HCoV-229E,GCCG
HCoV-229E,IGGI
HCoV-229E,ISSSI
HCoV-229E,KSQSK
HCoV-229E,LAAL
HCoV-229E,LGGL
HCoV-229E,NFAFN
HCoV-229E,QALQ
HCoV-229E,RGPGR
HCoV-229E,RGTIL
HCoV-229E,RSGSR
HCoV-229E,SAAS
HCoV-229E,SGDA
HCoV-229E,SGSR
HCoV-229E,TIGN
HCoV-229E,TNNT
HCoV-229E,VLLV
HCoV-229E,VNFNV
HCoV-229E,VPKPV
HCoV-229E,YFNG
HCoV-229E,YTEVR
HCoV-229E,YYNG
HCoV-229E,GCCG
HCoV-229E,GFSS
HCoV-229E,GFSS
HCoV-229E,IGGI
HCoV-229E,ISSSI
HCoV-229E,KGFS
HCoV-229E,KSQSK
HCoV-229E,LAAL
HCoV-229E,LGGL
HCoV-229E,QALQ
HCoV-229E,RGTIL
HCoV-229E,SGDA
HCoV-229E,TIGN
HCoV-229E,TNNT
HCoV-229E,VGYS
HCoV-229E,VLLV
HCoV-229E,VNFNV
HCoV-229E,VPQPV
HCoV-229E,YFNG
HCoV-229E,YNLS
HCoV-229E,YTEVR
HCoV-229E,YTIG
HCoV-229E,YVAVY
HCoV-229E,YYNG
HCoV-229E,DAIT
HCoV-229E,GCCG
HCoV-229E,IGGI
HCoV-229E,ISSSI
HCoV-229E,KSQSK
HCoV-229E,LAAL
HCoV-229E,LGGL
HCoV-229E,NFAFN
HCoV-229E,QALQ
HCoV-229E,RGPGR
HCoV-229E,RGTIL
HCoV-229E,RSGSR
HCoV-229E,SAAS
HCoV-229E,SGDA
HCoV-229E,SGSR
HCoV-229E,TIGN
HCoV-229E,TNNT
HCoV-229E,VLLV
HCoV-229E,VNFNV
HCoV-229E,VPKPV
HCoV-229E,YFNG
HCoV-229E,YTEVR
HCoV-229E,YYNG
HCoV-229E,DAIT
HCoV-229E,GCCG
HCoV-229E,IGGI
HCoV-229E,ISSSI
HCoV-229E,KSQSK
HCoV-229E,LAAL
HCoV-229E,LGGL
HCoV-229E,NFAFN
HCoV-229E,NGTN
HCoV-229E,QALQ
HCoV-229E,RGPGR
HCoV-229E,RGTIL
HCoV-229E,RSGSR
HCoV-229E,SAAS
HCoV-229E,SGDA
HCoV-229E,TIGN
HCoV-229E,TNNT
HCoV-229E,VLLV
HCoV-229E,VNFNV
HCoV-229E,VPKPV
HCoV-229E,YFNG
HCoV-229E,YTEVR
HCoV-229E,YYNG
HCoV-229E,DAIT
HCoV-229E,GCCG
HCoV-229E,IGGI
HCoV-229E,ISSSI
HCoV-229E,KSQSK
HCoV-229E,LAAL
HCoV-229E,LGGL
HCoV-229E,NFAFN
HCoV-229E,NGTN
HCoV-229E,QALQ
HCoV-229E,RGPGR
HCoV-229E,RGTIL
HCoV-229E,RSGSR
HCoV-229E,SAAS
HCoV-229E,SGDA
HCoV-229E,SGSR
HCoV-229E,TNNT
HCoV-229E,VLLV
HCoV-229E,VNFNV
HCoV-229E,VPKPV
HCoV-229E,YFNG
HCoV-229E,YTEVR
HCoV-229E,YYNG
HCoV-229E,DAIT
HCoV-229E,GCCG
HCoV-229E,IGGI
HCoV-229E,ISSSI
HCoV-229E,KSQSK
HCoV-229E,LAAL
HCoV-229E,LGGL
HCoV-229E,NFAFN
HCoV-229E,NGTN
HCoV-229E,QALQ
HCoV-229E,RGPGR
HCoV-229E,RGTIL
HCoV-229E,RSGSR
HCoV-229E,SAAS
HCoV-229E,SGSR
HCoV-229E,TNNT
HCoV-229E,VLLV
HCoV-229E,VNFNV
HCoV-229E,VPKPV
HCoV-229E,YFNG
HCoV-229E,YTEVR
HCoV-229E,YYNG
HCoV-229E,DAIT
HCoV-229E,GCCG
HCoV-229E,GTGTG
HCoV-229E,IGGI
HCoV-229E,ISSSI
HCoV-229E,KSQSK
HCoV-229E,LAAL
HCoV-229E,LGGL
HCoV-229E,NFAFN
HCoV-229E,QALQ
HCoV-229E,RGTIL
HCoV-229E,RSGSR
HCoV-229E,SAAS
HCoV-229E,SGDA
HCoV-229E,TIGN
HCoV-229E,TNNT
HCoV-229E,VLLV
HCoV-229E,VNFNV
HCoV-229E,VPKPV
HCoV-229E,YFNG
HCoV-229E,YTEVR
HCoV-229E,YYNG
HCoV-229E,DAIT
HCoV-229E,GCCG
HCoV-229E,IGGI
HCoV-229E,ISSSI
HCoV-229E,KSQSK
HCoV-229E,LAAL
HCoV-229E,LGGL
HCoV-229E,NFAFN
HCoV-229E,QALQ
HCoV-229E,RGPGR
HCoV-229E,RGTIL
HCoV-229E,RSGSR
HCoV-229E,SAAS
HCoV-229E,SGDA
HCoV-229E,SGSR
HCoV-229E,TIGN
HCoV-229E,TNNT
HCoV-229E,VLLV
HCoV-229E,VNFNV
HCoV-229E,VPKPV
HCoV-229E,YFNG
HCoV-229E,YTEVR
HCoV-229E,YYNG
HCoV-229E,DAIT
HCoV-229E,GCCG
HCoV-229E,IGGI
HCoV-229E,ISSSI
HCoV-229E,KSQSK
HCoV-229E,LAAL
HCoV-229E,LGGL
HCoV-229E,NFAFN
HCoV-229E,NGTN
HCoV-229E,QALQ
HCoV-229E,RGTIL
HCoV-229E,RSGSR
HCoV-229E,SAAS
HCoV-229E,SGDA
HCoV-229E,TIGN
HCoV-229E,TNNT
HCoV-229E,VLLV
HCoV-229E,VNFNV
HCoV-229E,VPKPV
HCoV-229E,YFNG
HCoV-229E,YTEVR
HCoV-229E,YYNG
HCoV-229E,GCCG
HCoV-229E,GFSS
HCoV-229E,GFSS
HCoV-229E,IGGI
HCoV-229E,ISSSI
HCoV-229E,KGFS
HCoV-229E,KSQSK
HCoV-229E,LAAL
HCoV-229E,LGGL
HCoV-229E,QALQ
HCoV-229E,RGTIL
HCoV-229E,SGDA
HCoV-229E,TIGN
HCoV-229E,TNNT
HCoV-229E,VGYS
HCoV-229E,VLLV
HCoV-229E,VNFNV
HCoV-229E,VPQPV
HCoV-229E,YFNG
HCoV-229E,YTEVR
HCoV-229E,YTIG
HCoV-229E,YVAVY
HCoV-229E,YYNG
HCoV-229E,DAIT
HCoV-229E,GCCG
HCoV-229E,IGGI
HCoV-229E,ISSSI
HCoV-229E,KSQSK
HCoV-229E,LAAL
HCoV-229E,LGGL
HCoV-229E,NFAFN
HCoV-229E,QALQ
HCoV-229E,RGPGR
HCoV-229E,RGTIL
HCoV-229E,RSGSR
HCoV-229E,SAAS
HCoV-229E,SGDA
HCoV-229E,SGSR
HCoV-229E,TIGN
HCoV-229E,TNNT
HCoV-229E,VLLV
HCoV-229E,VNFNV
HCoV-229E,VPKPV
HCoV-229E,YFNG
HCoV-229E,YTEVR
HCoV-229E,YYNG
HCoV-229E,DAIT
HCoV-229E,GCCG
HCoV-229E,IGGI
HCoV-229E,ISSSI
HCoV-229E,KSQSK
HCoV-229E,LAAL
HCoV-229E,LGGL
HCoV-229E,NFAFN
HCoV-229E,NGTN
HCoV-229E,QALQ
HCoV-229E,RGPGR
HCoV-229E,RGTIL
HCoV-229E,RSGSR
HCoV-229E,SAAS
HCoV-229E,SGDA
HCoV-229E,TIGN
HCoV-229E,TNNT
HCoV-229E,VLLV
HCoV-229E,VNFNV
HCoV-229E,VPKPV
HCoV-229E,YFNG
HCoV-229E,YTEVR
HCoV-229E,YYNG
HCoV-229E,DAIT
HCoV-229E,GCCG
HCoV-229E,IGGI
HCoV-229E,ISSSI
HCoV-229E,KSQSK
HCoV-229E,LAAL
HCoV-229E,LGGL
HCoV-229E,NFAFN
HCoV-229E,NGTN
HCoV-229E,QALQ
HCoV-229E,RGPGR
HCoV-229E,RGTIL
HCoV-229E,RSGSR
HCoV-229E,SAAS
HCoV-229E,SGDA
HCoV-229E,SGSR
HCoV-229E,TIGN
HCoV-229E,TNNT
HCoV-229E,VLLV
HCoV-229E,VNFNV
HCoV-229E,VPKPV
HCoV-229E,YFNG
HCoV-229E,YTEVR
HCoV-229E,YYNG
HCoV-229E,DAIT
HCoV-229E,GCCG
HCoV-229E,IGGI
HCoV-229E,ISSSI
HCoV-229E,KSQSK
HCoV-229E,LAAL
HCoV-229E,LGGL
HCoV-229E,NFAFN
HCoV-229E,NGTN
HCoV-229E,QALQ
HCoV-229E,RGPGR
HCoV-229E,RGTIL
HCoV-229E,RSGSR
HCoV-229E,SAAS
HCoV-229E,SGDA
HCoV-229E,TIGN
HCoV-229E,TNNT
HCoV-229E,VLLV
HCoV-229E,VNFNV
HCoV-229E,VPKPV
HCoV-229E,YFNG
HCoV-229E,YTEVR
HCoV-229E,YYNG
HCoV-229E,ASNV
HCoV-229E,GCCG
HCoV-229E,GFSS
HCoV-229E,IGGI
HCoV-229E,ISVV
HCoV-229E,KGFS
HCoV-229E,LGGL
HCoV-229E,LKDI
HCoV-229E,NLEA
HCoV-229E,NLLN
HCoV-229E,QLRQ
HCoV-229E,SXXXXXXXS
HCoV-229E,TINV
HCoV-229E,TNNT
HCoV-229E,XXXXXXXXXXXXXXXXXXXXXXXXXXXXXXXXXXXXXXXXXXXXXXXXXXXXXXXXXXXXXXXXXXXXXXXXXXXXXXXXXX
HCoV-229E,XXXXXXXXXXXXXXXXXXXXXXXXXXXXXXXXXXXXXXXXXXXXXXXXXXXXXXXXXXXXXXXXXXXXXXXXXXXXXXXXX
HCoV-229E,XXXXXXXXXXXXXXXXXXXXXXXXXXXXXXXXXXXXXXXXXXXXXXXXXXXXXXXXXXXXXXXXXXXXXXXXXXXXXXXXX
HCoV-229E,XXXXXXXXXXXXXXXXXXXXXXXXXXXXXXXXXXXXXXXXXXXXXXXXXXXXXXXXXXXXXXXXXXXXXXXXXXXXXXXX
HCoV-229E,XXXXXXXXXXXXXXXXXXXXXXXXXXXXXXXXXXXXXXXXXXXXXXXXXXXXXXXXXXXXXXXXXXXXXXXXXXXXXXXX
HCoV-229E,XXXXXXXXXXXXXXXXXXXXXXXXXXXXXXXXXXXXXXXXXXXXXXXXXXXXXXXXXXXXXXXXXXXXXXXXXXXXXXX
HCoV-229E,XXXXXXXXXXXXXXXXXXXXXXXXXXXXXXXXXXXXXXXXXXXXXXXXXXXXXXXXXXXXXXXXXXXXXXXXXXXXXXX
HCoV-229E,XXXXXXXXXXXXXXXXXXXXXXXXXXXXXXXXXXXXXXXXXXXXXXXXXXXXXXXXXXXXXXXXXXXXXXXXXXXXXX
HCoV-229E,XXXXXXXXXXXXXXXXXXXXXXXXXXXXXXXXXXXXXXXXXXXXXXXXXXXXXXXXXXXXXXXXXXXXXXXXXXXXXX
HCoV-229E,XXXXXXXXXXXXXXXXXXXXXXXXXXXXXXXXXXXXXXXXXXXXXXXXXXXXXXXXXXXXXXXXXXXXXXXXXXXXX
HCoV-229E,XXXXXXXXXXXXXXXXXXXXXXXXXXXXXXXXXXXXXXXXXXXXXXXXXXXXXXXXXXXXXXXXXXXXXXXXXXXXX
HCoV-229E,XXXXXXXXXXXXXXXXXXXXXXXXXXXXXXXXXXXXXXXXXXXXXXXXXXXXXXXXXXXXXXXXXXXXXXXXXXXX
HCoV-229E,XXXXXXXXXXXXXXXXXXXXXXXXXXXXXXXXXXXXXXXXXXXXXXXXXXXXXXXXXXXXXXXXXXXXXXXXXXXX
HCoV-229E,XXXXXXXXXXXXXXXXXXXXXXXXXXXXXXXXXXXXXXXXXXXXXXXXXXXXXXXXXXXXXXXXXXXXXXXXXXX
HCoV-229E,XXXXXXXXXXXXXXXXXXXXXXXXXXXXXXXXXXXXXXXXXXXXXXXXXXXXXXXXXXXXXXXXXXXXXXXXXXX
HCoV-229E,XXXXXXXXXXXXXXXXXXXXXXXXXXXXXXXXXXXXXXXXXXXXXXXXXXXXXXXXXXXXXXXXXXXXXXXXXX
HCoV-229E,XXXXXXXXXXXXXXXXXXXXXXXXXXXXXXXXXXXXXXXXXXXXXXXXXXXXXXXXXXXXXXXXXXXXXXXXXX
HCoV-229E,XXXXXXXXXXXXXXXXXXXXXXXXXXXXXXXXXXXXXXXXXXXXXXXXXXXXXXXXXXXXXXXXXXXXXXXXX
HCoV-229E,XXXXXXXXXXXXXXXXXXXXXXXXXXXXXXXXXXXXXXXXXXXXXXXXXXXXXXXXXXXXXXXXXXXXXXXXX
HCoV-229E,XXXXXXXXXXXXXXXXXXXXXXXXXXXXXXXXXXXXXXXXXXXXXXXXXXXXXXXXXXXXXXXXXXXXXXXX
HCoV-229E,XXXXXXXXXXXXXXXXXXXXXXXXXXXXXXXXXXXXXXXXXXXXXXXXXXXXXXXXXXXXXXXXXXXXXXXX
HCoV-229E,XXXXXXXXXXXXXXXXXXXXXXXXXXXXXXXXXXXXXXXXXXXXXXXXXXXXXXXXXXXXXXXXXXXXXXX
HCoV-229E,XXXXXXXXXXXXXXXXXXXXXXXXXXXXXXXXXXXXXXXXXXXXXXXXXXXXXXXXXXXXXXXXXXXXXXX
HCoV-229E,XXXXXXXXXXXXXXXXXXXXXXXXXXXXXXXXXXXXXXXXXXXXXXXXXXXXXXXXXXXXXXXXXXXXXX
HCoV-229E,XXXXXXXXXXXXXXXXXXXXXXXXXXXXXXXXXXXXXXXXXXXXXXXXXXXXXXXXXXXXXXXXXXXXXX
HCoV-229E,XXXXXXXXXXXXXXXXXXXXXXXXXXXXXXXXXXXXXXXXXXXXXXXXXXXXXXXXXXXXXXXXXXXXX
HCoV-229E,XXXXXXXXXXXXXXXXXXXXXXXXXXXXXXXXXXXXXXXXXXXXXXXXXXXXXXXXXXXXXXXXXXXXX
HCoV-229E,XXXXXXXXXXXXXXXXXXXXXXXXXXXXXXXXXXXXXXXXXXXXXXXXXXXXXXXXXXXXXXXXXXXX
HCoV-229E,XXXXXXXXXXXXXXXXXXXXXXXXXXXXXXXXXXXXXXXXXXXXXXXXXXXXXXXXXXXXXXXXXXXX
HCoV-229E,XXXXXXXXXXXXXXXXXXXXXXXXXXXXXXXXXXXXXXXXXXXXXXXXXXXXXXXXXXXXXXXXXXX
HCoV-229E,XXXXXXXXXXXXXXXXXXXXXXXXXXXXXXXXXXXXXXXXXXXXXXXXXXXXXXXXXXXXXXXXXXX
HCoV-229E,XXXXXXXXXXXXXXXXXXXXXXXXXXXXXXXXXXXXXXXXXXXXXXXXXXXXXXXXXXXXXXXXXX
HCoV-229E,XXXXXXXXXXXXXXXXXXXXXXXXXXXXXXXXXXXXXXXXXXXXXXXXXXXXXXXXXXXXXXXXXX
HCoV-229E,XXXXXXXXXXXXXXXXXXXXXXXXXXXXXXXXXXXXXXXXXXXXXXXXXXXXXXXXXXXXXXXXX
HCoV-229E,XXXXXXXXXXXXXXXXXXXXXXXXXXXXXXXXXXXXXXXXXXXXXXXXXXXXXXXXXXXXXXXXX
HCoV-229E,XXXXXXXXXXXXXXXXXXXXXXXXXXXXXXXXXXXXXXXXXXXXXXXXXXXXXXXXXXXXXXXX
HCoV-229E,XXXXXXXXXXXXXXXXXXXXXXXXXXXXXXXXXXXXXXXXXXXXXXXXXXXXXXXXXXXXXXXX
HCoV-229E,XXXXXXXXXXXXXXXXXXXXXXXXXXXXXXXXXXXXXXXXXXXXXXXXXXXXXXXXXXXXXXX
HCoV-229E,XXXXXXXXXXXXXXXXXXXXXXXXXXXXXXXXXXXXXXXXXXXXXXXXXXXXXXXXXXXXXXX
HCoV-229E,XXXXXXXXXXXXXXXXXXXXXXXXXXXXXXXXXXXXXXXXXXXXXXXXXXXXXXXXXXXXXX
HCoV-229E,XXXXXXXXXXXXXXXXXXXXXXXXXXXXXXXXXXXXXXXXXXXXXXXXXXXXXXXXXXXXXX
HCoV-229E,XXXXXXXXXXXXXXXXXXXXXXXXXXXXXXXXXXXXXXXXXXXXXXXXXXXXXXXXXXXXX
HCoV-229E,XXXXXXXXXXXXXXXXXXXXXXXXXXXXXXXXXXXXXXXXXXXXXXXXXXXXXXXXXXXXX
HCoV-229E,XXXXXXXXXXXXXXXXXXXXXXXXXXXXXXXXXXXXXXXXXXXXXXXXXXXXXXXXXXXX
HCoV-229E,XXXXXXXXXXXXXXXXXXXXXXXXXXXXXXXXXXXXXXXXXXXXXXXXXXXXXXXXXXXX
HCoV-229E,XXXXXXXXXXXXXXXXXXXXXXXXXXXXXXXXXXXXXXXXXXXXXXXXXXXXXXXXXXX
HCoV-229E,XXXXXXXXXXXXXXXXXXXXXXXXXXXXXXXXXXXXXXXXXXXXXXXXXXXXXXXXXXX
HCoV-229E,XXXXXXXXXXXXXXXXXXXXXXXXXXXXXXXXXXXXXXXXXXXXXXXXXXXXXXXXXX
HCoV-229E,XXXXXXXXXXXXXXXXXXXXXXXXXXXXXXXXXXXXXXXXXXXXXXXXXXXXXXXXXX
HCoV-229E,XXXXXXXXXXXXXXXXXXXXXXXXXXXXXXXXXXXXXXXXXXXXXXXXXXXXXXXXX
HCoV-229E,XXXXXXXXXXXXXXXXXXXXXXXXXXXXXXXXXXXXXXXXXXXXXXXXXXXXXXXXX
HCoV-229E,XXXXXXXXXXXXXXXXXXXXXXXXXXXXXXXXXXXXXXXXXXXXXXXXXXXXXXXX
HCoV-229E,XXXXXXXXXXXXXXXXXXXXXXXXXXXXXXXXXXXXXXXXXXXXXXXXXXXXXXXX
HCoV-229E,XXXXXXXXXXXXXXXXXXXXXXXXXXXXXXXXXXXXXXXXXXXXXXXXXXXXXXX
HCoV-229E,XXXXXXXXXXXXXXXXXXXXXXXXXXXXXXXXXXXXXXXXXXXXXXXXXXXXXXX
HCoV-229E,XXXXXXXXXXXXXXXXXXXXXXXXXXXXXXXXXXXXXXXXXXXXXXXXXXXXXX
HCoV-229E,XXXXXXXXXXXXXXXXXXXXXXXXXXXXXXXXXXXXXXXXXXXXXXXXXXXXXX
HCoV-229E,XXXXXXXXXXXXXXXXXXXXXXXXXXXXXXXXXXXXXXXXXXXXXXXXXXXXX
HCoV-229E,XXXXXXXXXXXXXXXXXXXXXXXXXXXXXXXXXXXXXXXXXXXXXXXXXXXXX
HCoV-229E,XXXXXXXXXXXXXXXXXXXXXXXXXXXXXXXXXXXXXXXXXXXXXXXXXXXX
HCoV-229E,XXXXXXXXXXXXXXXXXXXXXXXXXXXXXXXXXXXXXXXXXXXXXXXXXXXX
HCoV-229E,XXXXXXXXXXXXXXXXXXXXXXXXXXXXXXXXXXXXXXXXXXXXXXXXXXX
HCoV-229E,XXXXXXXXXXXXXXXXXXXXXXXXXXXXXXXXXXXXXXXXXXXXXXXXXXX
HCoV-229E,XXXXXXXXXXXXXXXXXXXXXXXXXXXXXXXXXXXXXXXXXXXXXXXXXX
HCoV-229E,XXXXXXXXXXXXXXXXXXXXXXXXXXXXXXXXXXXXXXXXXXXXXXXXXX
HCoV-229E,XXXXXXXXXXXXXXXXXXXXXXXXXXXXXXXXXXXXXXXXXXXXXXXXX
HCoV-229E,XXXXXXXXXXXXXXXXXXXXXXXXXXXXXXXXXXXXXXXXXXXXXXXXX
HCoV-229E,XXXXXXXXXXXXXXXXXXXXXXXXXXXXXXXXXXXXXXXXXXXXXXXX
HCoV-229E,XXXXXXXXXXXXXXXXXXXXXXXXXXXXXXXXXXXXXXXXXXXXXXXX
HCoV-229E,XXXXXXXXXXXXXXXXXXXXXXXXXXXXXXXXXXXXXXXXXXXXXXX
HCoV-229E,XXXXXXXXXXXXXXXXXXXXXXXXXXXXXXXXXXXXXXXXXXXXXXX
HCoV-229E,XXXXXXXXXXXXXXXXXXXXXXXXXXXXXXXXXXXXXXXXXXXXXX
HCoV-229E,XXXXXXXXXXXXXXXXXXXXXXXXXXXXXXXXXXXXXXXXXXXXXX
HCoV-229E,XXXXXXXXXXXXXXXXXXXXXXXXXXXXXXXXXXXXXXXXXXXXX
HCoV-229E,XXXXXXXXXXXXXXXXXXXXXXXXXXXXXXXXXXXXXXXXXXXXX
HCoV-229E,XXXXXXXXXXXXXXXXXXXXXXXXXXXXXXXXXXXXXXXXXXXX
HCoV-229E,XXXXXXXXXXXXXXXXXXXXXXXXXXXXXXXXXXXXXXXXXXXX
HCoV-229E,XXXXXXXXXXXXXXXXXXXXXXXXXXXXXXXXXXXXXXXXXXX
HCoV-229E,XXXXXXXXXXXXXXXXXXXXXXXXXXXXXXXXXXXXXXXXXXX
HCoV-229E,XXXXXXXXXXXXXXXXXXXXXXXXXXXXXXXXXXXXXXXXXX
HCoV-229E,XXXXXXXXXXXXXXXXXXXXXXXXXXXXXXXXXXXXXXXXXX
HCoV-229E,XXXXXXXXXXXXXXXXXXXXXXXXXXXXXXXXXXXXXXXXX
HCoV-229E,XXXXXXXXXXXXXXXXXXXXXXXXXXXXXXXXXXXXXXXXX
HCoV-229E,XXXXXXXXXXXXXXXXXXXXXXXXXXXXXXXXXXXXXXXX
HCoV-229E,XXXXXXXXXXXXXXXXXXXXXXXXXXXXXXXXXXXXXXXX
HCoV-229E,XXXXXXXXXXXXXXXXXXXXXXXXXXXXXXXXXXXXXXX
HCoV-229E,XXXXXXXXXXXXXXXXXXXXXXXXXXXXXXXXXXXXXXX
HCoV-229E,XXXXXXXXXXXXXXXXXXXXXXXXXXXXXXXXXXXXXX
HCoV-229E,XXXXXXXXXXXXXXXXXXXXXXXXXXXXXXXXXXXXXX
HCoV-229E,XXXXXXXXXXXXXXXXXXXXXXXXXXXXXXXXXXXXX
HCoV-229E,XXXXXXXXXXXXXXXXXXXXXXXXXXXXXXXXXXXXX
HCoV-229E,XXXXXXXXXXXXXXXXXXXXXXXXXXXXXXXXXXXX
HCoV-229E,XXXXXXXXXXXXXXXXXXXXXXXXXXXXXXXXXXXX
HCoV-229E,XXXXXXXXXXXXXXXXXXXXXXXXXXXXXXXXXXX
HCoV-229E,XXXXXXXXXXXXXXXXXXXXXXXXXXXXXXXXXXX
HCoV-229E,XXXXXXXXXXXXXXXXXXXXXXXXXXXXXXXXXX
HCoV-229E,XXXXXXXXXXXXXXXXXXXXXXXXXXXXXXXXXX
HCoV-229E,XXXXXXXXXXXXXXXXXXXXXXXXXXXXXXXXX
HCoV-229E,XXXXXXXXXXXXXXXXXXXXXXXXXXXXXXXXX
HCoV-229E,XXXXXXXXXXXXXXXXXXXXXXXXXXXXXXXX
HCoV-229E,XXXXXXXXXXXXXXXXXXXXXXXXXXXXXXXX
HCoV-229E,XXXXXXXXXXXXXXXXXXXXXXXXXXXXXXX
HCoV-229E,XXXXXXXXXXXXXXXXXXXXXXXXXXXXXXX
HCoV-229E,XXXXXXXXXXXXXXXXXXXXXXXXXXXXXX
HCoV-229E,XXXXXXXXXXXXXXXXXXXXXXXXXXXXXX
HCoV-229E,XXXXXXXXXXXXXXXXXXXXXXXXXXXXX
HCoV-229E,XXXXXXXXXXXXXXXXXXXXXXXXXXXXX
HCoV-229E,XXXXXXXXXXXXXXXXXXXXXXXXXXXX
HCoV-229E,XXXXXXXXXXXXXXXXXXXXXXXXXXXX
HCoV-229E,XXXXXXXXXXXXXXXXXXXXXXXXXXX
HCoV-229E,XXXXXXXXXXXXXXXXXXXXXXXXXXX
HCoV-229E,XXXXXXXXXXXXXXXXXXXXXXXXXX
HCoV-229E,XXXXXXXXXXXXXXXXXXXXXXXXXX
HCoV-229E,XXXXXXXXXXXXXXXXXXXXXXXXXX
HCoV-229E,XXXXXXXXXXXXXXXXXXXXXXXXXX
HCoV-229E,XXXXXXXXXXXXXXXXXXXXXXXXXX
HCoV-229E,XXXXXXXXXXXXXXXXXXXXXXXXXX
HCoV-229E,XXXXXXXXXXXXXXXXXXXXXXXXXX
HCoV-229E,XXXXXXXXXXXXXXXXXXXXXXXXXX
HCoV-229E,XXXXXXXXXXXXXXXXXXXXXXXXXX
HCoV-229E,XXXXXXXXXXXXXXXXXXXXXXXXXX
HCoV-229E,XXXXXXXXXXXXXXXXXXXXXXXXXX
HCoV-229E,XXXXXXXXXXXXXXXXXXXXXXXXXX
HCoV-229E,XXXXXXXXXXXXXXXXXXXXXXXXXX
HCoV-229E,XXXXXXXXXXXXXXXXXXXXXXXXXX
HCoV-229E,XXXXXXXXXXXXXXXXXXXXXXXXXX
HCoV-229E,XXXXXXXXXXXXXXXXXXXXXXXXXX
HCoV-229E,XXXXXXXXXXXXXXXXXXXXXXXXXX
HCoV-229E,XXXXXXXXXXXXXXXXXXXXXXXXXX
HCoV-229E,XXXXXXXXXXXXXXXXXXXXXXXXXX
HCoV-229E,XXXXXXXXXXXXXXXXXXXXXXXXXX
HCoV-229E,XXXXXXXXXXXXXXXXXXXXXXXXXX
HCoV-229E,XXXXXXXXXXXXXXXXXXXXXXXXXX
HCoV-229E,XXXXXXXXXXXXXXXXXXXXXXXXXX
HCoV-229E,XXXXXXXXXXXXXXXXXXXXXXXXXX
HCoV-229E,XXXXXXXXXXXXXXXXXXXXXXXXXX
HCoV-229E,XXXXXXXXXXXXXXXXXXXXXXXXXX
HCoV-229E,XXXXXXXXXXXXXXXXXXXXXXXXXX
HCoV-229E,XXXXXXXXXXXXXXXXXXXXXXXXXX
HCoV-229E,XXXXXXXXXXXXXXXXXXXXXXXXXX
HCoV-229E,XXXXXXXXXXXXXXXXXXXXXXXXXX
HCoV-229E,XXXXXXXXXXXXXXXXXXXXXXXXXX
HCoV-229E,XXXXXXXXXXXXXXXXXXXXXXXXXX
HCoV-229E,XXXXXXXXXXXXXXXXXXXXXXXXXX
HCoV-229E,XXXXXXXXXXXXXXXXXXXXXXXXXX
HCoV-229E,XXXXXXXXXXXXXXXXXXXXXXXXXX
HCoV-229E,XXXXXXXXXXXXXXXXXXXXXXXXXX
HCoV-229E,XXXXXXXXXXXXXXXXXXXXXXXXXX
HCoV-229E,XXXXXXXXXXXXXXXXXXXXXXXXXX
HCoV-229E,XXXXXXXXXXXXXXXXXXXXXXXXXX
HCoV-229E,XXXXXXXXXXXXXXXXXXXXXXXXXX
HCoV-229E,XXXXXXXXXXXXXXXXXXXXXXXXXX
HCoV-229E,XXXXXXXXXXXXXXXXXXXXXXXXXX
HCoV-229E,XXXXXXXXXXXXXXXXXXXXXXXXXX
HCoV-229E,XXXXXXXXXXXXXXXXXXXXXXXXXX
HCoV-229E,XXXXXXXXXXXXXXXXXXXXXXXXXX
HCoV-229E,XXXXXXXXXXXXXXXXXXXXXXXXXX
HCoV-229E,XXXXXXXXXXXXXXXXXXXXXXXXXX
HCoV-229E,XXXXXXXXXXXXXXXXXXXXXXXXXX
HCoV-229E,XXXXXXXXXXXXXXXXXXXXXXXXXX
HCoV-229E,XXXXXXXXXXXXXXXXXXXXXXXXXX
HCoV-229E,XXXXXXXXXXXXXXXXXXXXXXXXXX
HCoV-229E,XXXXXXXXXXXXXXXXXXXXXXXXXX
HCoV-229E,XXXXXXXXXXXXXXXXXXXXXXXXXX
HCoV-229E,XXXXXXXXXXXXXXXXXXXXXXXXXX
HCoV-229E,XXXXXXXXXXXXXXXXXXXXXXXXXX
HCoV-229E,XXXXXXXXXXXXXXXXXXXXXXXXXX
HCoV-229E,XXXXXXXXXXXXXXXXXXXXXXXXXX
HCoV-229E,XXXXXXXXXXXXXXXXXXXXXXXXXX
HCoV-229E,XXXXXXXXXXXXXXXXXXXXXXXXXX
HCoV-229E,XXXXXXXXXXXXXXXXXXXXXXXXXX
HCoV-229E,XXXXXXXXXXXXXXXXXXXXXXXXX
HCoV-229E,XXXXXXXXXXXXXXXXXXXXXXXXX
HCoV-229E,XXXXXXXXXXXXXXXXXXXXXXXXX
HCoV-229E,XXXXXXXXXXXXXXXXXXXXXXXXX
HCoV-229E,XXXXXXXXXXXXXXXXXXXXXXXXX
HCoV-229E,XXXXXXXXXXXXXXXXXXXXXXXXX
HCoV-229E,XXXXXXXXXXXXXXXXXXXXXXXX
HCoV-229E,XXXXXXXXXXXXXXXXXXXXXXXX
HCoV-229E,XXXXXXXXXXXXXXXXXXXXXXXX
HCoV-229E,XXXXXXXXXXXXXXXXXXXXXXXX
HCoV-229E,XXXXXXXXXXXXXXXXXXXXXXXX
HCoV-229E,XXXXXXXXXXXXXXXXXXXXXXXX
HCoV-229E,XXXXXXXXXXXXXXXXXXXXXXX
HCoV-229E,XXXXXXXXXXXXXXXXXXXXXXX
HCoV-229E,XXXXXXXXXXXXXXXXXXXXXXX
HCoV-229E,XXXXXXXXXXXXXXXXXXXXXXX
HCoV-229E,XXXXXXXXXXXXXXXXXXXXXXX
HCoV-229E,XXXXXXXXXXXXXXXXXXXXXXX
HCoV-229E,XXXXXXXXXXXXXXXXXXXXXX
HCoV-229E,XXXXXXXXXXXXXXXXXXXXXX
HCoV-229E,XXXXXXXXXXXXXXXXXXXXXX
HCoV-229E,XXXXXXXXXXXXXXXXXXXXXX
HCoV-229E,XXXXXXXXXXXXXXXXXXXXXX
HCoV-229E,XXXXXXXXXXXXXXXXXXXXXX
HCoV-229E,XXXXXXXXXXXXXXXXXXXXX
HCoV-229E,XXXXXXXXXXXXXXXXXXXXX
HCoV-229E,XXXXXXXXXXXXXXXXXXXXX
HCoV-229E,XXXXXXXXXXXXXXXXXXXXX
HCoV-229E,XXXXXXXXXXXXXXXXXXXXX
HCoV-229E,XXXXXXXXXXXXXXXXXXXXX
HCoV-229E,XXXXXXXXXXXXXXXXXXXX
HCoV-229E,XXXXXXXXXXXXXXXXXXXX
HCoV-229E,XXXXXXXXXXXXXXXXXXXX
HCoV-229E,XXXXXXXXXXXXXXXXXXXX
HCoV-229E,XXXXXXXXXXXXXXXXXXXX
HCoV-229E,XXXXXXXXXXXXXXXXXXXX
HCoV-229E,XXXXXXXXXXXXXXXXXXX
HCoV-229E,XXXXXXXXXXXXXXXXXXX
HCoV-229E,XXXXXXXXXXXXXXXXXXX
HCoV-229E,XXXXXXXXXXXXXXXXXXX
HCoV-229E,XXXXXXXXXXXXXXXXXXX
HCoV-229E,XXXXXXXXXXXXXXXXXXX
HCoV-229E,XXXXXXXXXXXXXXXXXX
HCoV-229E,XXXXXXXXXXXXXXXXXX
HCoV-229E,XXXXXXXXXXXXXXXXXX
HCoV-229E,XXXXXXXXXXXXXXXXXX
HCoV-229E,XXXXXXXXXXXXXXXXXX
HCoV-229E,XXXXXXXXXXXXXXXXXX
HCoV-229E,XXXXXXXXXXXXXXXXX
HCoV-229E,XXXXXXXXXXXXXXXXX
HCoV-229E,XXXXXXXXXXXXXXXXX
HCoV-229E,XXXXXXXXXXXXXXXXX
HCoV-229E,XXXXXXXXXXXXXXXXX
HCoV-229E,XXXXXXXXXXXXXXXXX
HCoV-229E,XXXXXXXXXXXXXXXX
HCoV-229E,XXXXXXXXXXXXXXXX
HCoV-229E,XXXXXXXXXXXXXXXX
HCoV-229E,XXXXXXXXXXXXXXXX
HCoV-229E,XXXXXXXXXXXXXXXX
HCoV-229E,XXXXXXXXXXXXXXXX
HCoV-229E,XXXXXXXXXXXXXXX
HCoV-229E,XXXXXXXXXXXXXXX
HCoV-229E,XXXXXXXXXXXXXXX
HCoV-229E,XXXXXXXXXXXXXXX
HCoV-229E,XXXXXXXXXXXXXXX
HCoV-229E,XXXXXXXXXXXXXXX
HCoV-229E,XXXXXXXXXXXXXX
HCoV-229E,XXXXXXXXXXXXXX
HCoV-229E,XXXXXXXXXXXXXX
HCoV-229E,XXXXXXXXXXXXXX
HCoV-229E,XXXXXXXXXXXXXX
HCoV-229E,XXXXXXXXXXXXXX
HCoV-229E,XXXXXXXXXXXXX
HCoV-229E,XXXXXXXXXXXXX
HCoV-229E,XXXXXXXXXXXXX
HCoV-229E,XXXXXXXXXXXXX
HCoV-229E,XXXXXXXXXXXXX
HCoV-229E,XXXXXXXXXXXXX
HCoV-229E,XXXXXXXXXXXX
HCoV-229E,XXXXXXXXXXXX
HCoV-229E,XXXXXXXXXXXX
HCoV-229E,XXXXXXXXXXXX
HCoV-229E,XXXXXXXXXXXX
HCoV-229E,XXXXXXXXXXXX
HCoV-229E,XXXXXXXXXXX
HCoV-229E,XXXXXXXXXXX
HCoV-229E,XXXXXXXXXXX
HCoV-229E,XXXXXXXXXXX
HCoV-229E,XXXXXXXXXXX
HCoV-229E,XXXXXXXXXXX
HCoV-229E,XXXXXXXXXX
HCoV-229E,XXXXXXXXXX
HCoV-229E,XXXXXXXXXX
HCoV-229E,XXXXXXXXXX
HCoV-229E,XXXXXXXXXX
HCoV-229E,XXXXXXXXXX
HCoV-229E,XXXXXXXXX
HCoV-229E,XXXXXXXXX
HCoV-229E,XXXXXXXXX
HCoV-229E,XXXXXXXXX
HCoV-229E,XXXXXXXXX
HCoV-229E,XXXXXXXXX
HCoV-229E,XXXXXXXX
HCoV-229E,XXXXXXXX
HCoV-229E,XXXXXXXX
HCoV-229E,XXXXXXXX
HCoV-229E,XXXXXXXX
HCoV-229E,XXXXXXXX
HCoV-229E,XXXXXXX
HCoV-229E,XXXXXXX
HCoV-229E,XXXXXXX
HCoV-229E,XXXXXXX
HCoV-229E,XXXXXXX
HCoV-229E,XXXXXXX
HCoV-229E,XXXXXXX
HCoV-229E,XXXXXXX
HCoV-229E,XXXXXXX
HCoV-229E,XXXXXXX
HCoV-229E,XXXXXXX
HCoV-229E,XXXXXXX
HCoV-229E,XXXXXXX
HCoV-229E,XXXXXXX
HCoV-229E,XXXXXXX
HCoV-229E,XXXXXXX
HCoV-229E,XXXXXXX
HCoV-229E,XXXXXXX
HCoV-229E,XXXXXXX
HCoV-229E,XXXXXXX
HCoV-229E,XXXXXXX
HCoV-229E,XXXXXXX
HCoV-229E,XXXXXXX
HCoV-229E,XXXXXXX
HCoV-229E,XXXXXXX
HCoV-229E,XXXXXXX
HCoV-229E,XXXXXXX
HCoV-229E,XXXXXXX
HCoV-229E,XXXXXXX
HCoV-229E,XXXXXXX
HCoV-229E,XXXXXXX
HCoV-229E,XXXXXXX
HCoV-229E,XXXXXXX
HCoV-229E,XXXXXXX
HCoV-229E,XXXXXXX
HCoV-229E,XXXXXXX
HCoV-229E,XXXXXXX
HCoV-229E,XXXXXXX
HCoV-229E,XXXXXXX
HCoV-229E,XXXXXXX
HCoV-229E,XXXXXXX
HCoV-229E,XXXXXXX
HCoV-229E,XXXXXXX
HCoV-229E,XXXXXXX
HCoV-229E,XXXXXXX
HCoV-229E,XXXXXXX
HCoV-229E,XXXXXXX
HCoV-229E,XXXXXXX
HCoV-229E,XXXXXXX
HCoV-229E,XXXXXXX
HCoV-229E,XXXXXXX
HCoV-229E,XXXXXXX
HCoV-229E,XXXXXXX
HCoV-229E,XXXXXXX
HCoV-229E,XXXXXXX
HCoV-229E,XXXXXXX
HCoV-229E,XXXXXXX
HCoV-229E,XXXXXXX
HCoV-229E,XXXXXXX
HCoV-229E,XXXXXXX
HCoV-229E,XXXXXXX
HCoV-229E,XXXXXXX
HCoV-229E,XXXXXXX
HCoV-229E,XXXXXXX
HCoV-229E,XXXXXXX
HCoV-229E,XXXXXXX
HCoV-229E,XXXXXXX
HCoV-229E,XXXXXXX
HCoV-229E,XXXXXXX
HCoV-229E,XXXXXXX
HCoV-229E,XXXXXXX
HCoV-229E,XXXXXXX
HCoV-229E,XXXXXXX
HCoV-229E,XXXXXXX
HCoV-229E,XXXXXXX
HCoV-229E,XXXXXXX
HCoV-229E,XXXXXXX
HCoV-229E,XXXXXXX
HCoV-229E,XXXXXXX
HCoV-229E,XXXXXXX
HCoV-229E,XXXXXXX
HCoV-229E,XXXXXXX
HCoV-229E,XXXXXXX
HCoV-229E,XXXXXXX
HCoV-229E,XXXXXXX
HCoV-229E,XXXXXXX
HCoV-229E,XXXXXXX
HCoV-229E,XXXXXXX
HCoV-229E,XXXXXXX
HCoV-229E,XXXXXXX
HCoV-229E,XXXXXXX
HCoV-229E,XXXXXXX
HCoV-229E,XXXXXXX
HCoV-229E,XXXXXXX
HCoV-229E,XXXXXXX
HCoV-229E,XXXXXXX
HCoV-229E,XXXXXXX
HCoV-229E,XXXXXXX
HCoV-229E,XXXXXXX
HCoV-229E,XXXXXXX
HCoV-229E,XXXXXXX
HCoV-229E,XXXXXXX
HCoV-229E,XXXXXX
HCoV-229E,XXXXXX
HCoV-229E,XXXXXX
HCoV-229E,XXXXXX
HCoV-229E,XXXXXX
HCoV-229E,XXXXXX
HCoV-229E,XXXXXX
HCoV-229E,XXXXXX
HCoV-229E,XXXXXX
HCoV-229E,XXXXXX
HCoV-229E,XXXXXX
HCoV-229E,XXXXXX
HCoV-229E,XXXXX
HCoV-229E,XXXXX
HCoV-229E,XXXXX
HCoV-229E,XXXXX
HCoV-229E,XXXXX
HCoV-229E,XXXXX
HCoV-229E,XXXXX
HCoV-229E,XXXXX
HCoV-229E,XXXXX
HCoV-229E,XXXXX
HCoV-229E,XXXXX
HCoV-229E,XXXXX
HCoV-229E,XXXXX
HCoV-229E,XXXXX
HCoV-229E,XXXXX
HCoV-229E,XXXXX
HCoV-229E,XXXXX
HCoV-229E,XXXXX
HCoV-229E,XXXXX
HCoV-229E,XXXXX
HCoV-229E,XXXXX
HCoV-229E,XXXXX
HCoV-229E,XXXXX
HCoV-229E,XXXXX
HCoV-229E,XXXXX
HCoV-229E,XXXXX
HCoV-229E,XXXXX
HCoV-229E,XXXXX
HCoV-229E,XXXXX
HCoV-229E,XXXXX
HCoV-229E,XXXXX
HCoV-229E,XXXXX
HCoV-229E,XXXXX
HCoV-229E,XXXXX
HCoV-229E,XXXXX
HCoV-229E,XXXXX
HCoV-229E,XXXXX
HCoV-229E,XXXXX
HCoV-229E,XXXXX
HCoV-229E,XXXXX
HCoV-229E,XXXXX
HCoV-229E,XXXXX
HCoV-229E,XXXXX
HCoV-229E,XXXXX
HCoV-229E,XXXXX
HCoV-229E,XXXXX
HCoV-229E,XXXXX
HCoV-229E,XXXXX
HCoV-229E,XXXXX
HCoV-229E,XXXXX
HCoV-229E,XXXXX
HCoV-229E,XXXXX
HCoV-229E,XXXXX
HCoV-229E,XXXXX
HCoV-229E,XXXXX
HCoV-229E,XXXXX
HCoV-229E,XXXXX
HCoV-229E,XXXXX
HCoV-229E,XXXXX
HCoV-229E,XXXXX
HCoV-229E,XXXXX
HCoV-229E,XXXXX
HCoV-229E,XXXXX
HCoV-229E,XXXXX
HCoV-229E,XXXXX
HCoV-229E,XXXXX
HCoV-229E,XXXXX
HCoV-229E,XXXXX
HCoV-229E,XXXXX
HCoV-229E,XXXXX
HCoV-229E,XXXXX
HCoV-229E,XXXXX
HCoV-229E,XXXXX
HCoV-229E,XXXXX
HCoV-229E,XXXXX
HCoV-229E,XXXXX
HCoV-229E,XXXXX
HCoV-229E,XXXXX
HCoV-229E,XXXXX
HCoV-229E,XXXXX
HCoV-229E,XXXXX
HCoV-229E,XXXXX
HCoV-229E,XXXXX
HCoV-229E,XXXXX
HCoV-229E,XXXXX
HCoV-229E,XXXXX
HCoV-229E,XXXXX
HCoV-229E,XXXXX
HCoV-229E,XXXXX
HCoV-229E,XXXXX
HCoV-229E,XXXXX
HCoV-229E,XXXXX
HCoV-229E,XXXXX
HCoV-229E,XXXXX
HCoV-229E,XXXXX
HCoV-229E,XXXXX
HCoV-229E,XXXXX
HCoV-229E,XXXXX
HCoV-229E,XXXXX
HCoV-229E,XXXXX
HCoV-229E,XXXXX
HCoV-229E,XXXXX
HCoV-229E,XXXXX
HCoV-229E,XXXXX
HCoV-229E,XXXXX
HCoV-229E,XXXXX
HCoV-229E,XXXXX
HCoV-229E,XXXXX
HCoV-229E,XXXXX
HCoV-229E,XXXXX
HCoV-229E,XXXXX
HCoV-229E,XXXXX
HCoV-229E,XXXXX
HCoV-229E,XXXXX
HCoV-229E,XXXXX
HCoV-229E,XXXXX
HCoV-229E,XXXX
HCoV-229E,XXXX
HCoV-229E,XXXX
HCoV-229E,XXXX
HCoV-229E,XXXX
HCoV-229E,XXXX
HCoV-229E,XXXX
HCoV-229E,XXXX
HCoV-229E,XXXX
HCoV-229E,XXXX
HCoV-229E,XXXX
HCoV-229E,XXXX
HCoV-229E,XXXX
HCoV-229E,XXXX
HCoV-229E,XXXX
HCoV-229E,XXXX
HCoV-229E,XXXX
HCoV-229E,XXXX
HCoV-229E,XXXX
HCoV-229E,XXXX
HCoV-229E,YFNG
HCoV-229E,YYNG
HCoV-229E,ASNV
HCoV-229E,GCCG
HCoV-229E,GFSS
HCoV-229E,GFSS
HCoV-229E,IGGI
HCoV-229E,ISVV
HCoV-229E,KGFS
HCoV-229E,LAAL
HCoV-229E,LGGL
HCoV-229E,LKDI
HCoV-229E,NLEA
HCoV-229E,QLRQ
HCoV-229E,SGDA
HCoV-229E,TIGN
HCoV-229E,TINV
HCoV-229E,TNNT
HCoV-229E,YFNG
HCoV-229E,YTIG
HCoV-229E,YYNG
HCoV-229E,DAIT
HCoV-229E,GCCG
HCoV-229E,IGGI
HCoV-229E,ISSSI
HCoV-229E,KSQSK
HCoV-229E,LAAL
HCoV-229E,LGGL
HCoV-229E,QALQ
HCoV-229E,RGTIL
HCoV-229E,RSGSR
HCoV-229E,SAAS
HCoV-229E,SGDA
HCoV-229E,SGSR
HCoV-229E,TIGN
HCoV-229E,TNNT
HCoV-229E,VLLV
HCoV-229E,VNFNV
HCoV-229E,VPKPV
HCoV-229E,YFNG
HCoV-229E,YTEVR
HCoV-229E,YYNG
HCoV-229E,DAIT
HCoV-229E,GCCG
HCoV-229E,IGGI
HCoV-229E,ISSSI
HCoV-229E,KSQSK
HCoV-229E,LAAL
HCoV-229E,LGGL
HCoV-229E,NFAFN
HCoV-229E,NGTN
HCoV-229E,QALQ
HCoV-229E,RGTIL
HCoV-229E,RSGSR
HCoV-229E,SAAS
HCoV-229E,SGDA
HCoV-229E,TIGN
HCoV-229E,TNNT
HCoV-229E,VLLV
HCoV-229E,VNFNV
HCoV-229E,VPKPV
HCoV-229E,YFNG
HCoV-229E,YTEVR
HCoV-229E,YYNG
HCoV-229E,DAIT
HCoV-229E,GCCG
HCoV-229E,IGGI
HCoV-229E,ISSSI
HCoV-229E,KSQSK
HCoV-229E,LAAL
HCoV-229E,LGGL
HCoV-229E,NFSFN
HCoV-229E,NGTN
HCoV-229E,QALQ
HCoV-229E,RGTIL
HCoV-229E,RSGSR
HCoV-229E,SAAS
HCoV-229E,SGDA
HCoV-229E,TIGN
HCoV-229E,TNNT
HCoV-229E,VINI
HCoV-229E,VLLV
HCoV-229E,VNFNV
HCoV-229E,VPKPV
HCoV-229E,YFNG
HCoV-229E,YTEVR
HCoV-229E,YYNG
HCoV-229E,DAIT
HCoV-229E,GCCG
HCoV-229E,IGGI
HCoV-229E,ISSSI
HCoV-229E,KSQSK
HCoV-229E,LAAL
HCoV-229E,LGGL
HCoV-229E,NFAFN
HCoV-229E,QALQ
HCoV-229E,RGTIL
HCoV-229E,RSGSR
HCoV-229E,SAAS
HCoV-229E,SGDA
HCoV-229E,TIGN
HCoV-229E,TNNT
HCoV-229E,VLLV
HCoV-229E,VNFNV
HCoV-229E,VPKPV
HCoV-229E,YFNG
HCoV-229E,YTEVR
HCoV-229E,YYNG
HCoV-229E,DAIT
HCoV-229E,GCCG
HCoV-229E,GTGTG
HCoV-229E,IGGI
HCoV-229E,ISSSI
HCoV-229E,KSQSK
HCoV-229E,LAAL
HCoV-229E,LGGL
HCoV-229E,NFAFN
HCoV-229E,QALQ
HCoV-229E,RGTIL
HCoV-229E,RSGSR
HCoV-229E,SAAS
HCoV-229E,SGDA
HCoV-229E,TIGN
HCoV-229E,TNNT
HCoV-229E,VLLV
HCoV-229E,VNFNV
HCoV-229E,VPKPV
HCoV-229E,YFNG
HCoV-229E,YTEVR
HCoV-229E,YYNG
HCoV-229E,DAIT
HCoV-229E,GCCG
HCoV-229E,IGGI
HCoV-229E,ISSSI
HCoV-229E,KSQSK
HCoV-229E,LAAL
HCoV-229E,LGGL
HCoV-229E,NFAFN
HCoV-229E,NGTN
HCoV-229E,QALQ
HCoV-229E,RGPGR
HCoV-229E,RGTIL
HCoV-229E,RSGSR
HCoV-229E,SAAS
HCoV-229E,SGDA
HCoV-229E,TIGN
HCoV-229E,TNNT
HCoV-229E,VLLV
HCoV-229E,VNFNV
HCoV-229E,VPKPV
HCoV-229E,YFNG
HCoV-229E,YTEVR
HCoV-229E,YYNG
HCoV-229E,DAIT
HCoV-229E,GCCG
HCoV-229E,IGGI
HCoV-229E,ISSSI
HCoV-229E,KSQSK
HCoV-229E,LAAL
HCoV-229E,LGGL
HCoV-229E,NFAFN
HCoV-229E,QALQ
HCoV-229E,RGPGR
HCoV-229E,RGTIL
HCoV-229E,RSGSR
HCoV-229E,SAAS
HCoV-229E,SGDA
HCoV-229E,SGSR
HCoV-229E,TIGN
HCoV-229E,TNNT
HCoV-229E,VLLV
HCoV-229E,VNFNV
HCoV-229E,VPKPV
HCoV-229E,YFNG
HCoV-229E,YTEVR
HCoV-229E,YYNG
HCoV-229E,DAIT
HCoV-229E,GCCG
HCoV-229E,IGGI
HCoV-229E,ISSSI
HCoV-229E,KSQSK
HCoV-229E,LAAL
HCoV-229E,LGGL
HCoV-229E,NFAFN
HCoV-229E,QALQ
HCoV-229E,RGPGR
HCoV-229E,RGTIL
HCoV-229E,RSGSR
HCoV-229E,SAAS
HCoV-229E,SGDA
HCoV-229E,SGSR
HCoV-229E,TIGN
HCoV-229E,TNNT
HCoV-229E,VLLV
HCoV-229E,VNFNV
HCoV-229E,VPKPV
HCoV-229E,YFNG
HCoV-229E,YTEVR
HCoV-229E,YYNG
HCoV-229E,DAIT
HCoV-229E,GCCG
HCoV-229E,IGGI
HCoV-229E,ISSSI
HCoV-229E,KSQSK
HCoV-229E,LAAL
HCoV-229E,LGGL
HCoV-229E,QALQ
HCoV-229E,RSGSR
HCoV-229E,SAAS
HCoV-229E,YTEVR
HCoV-229E,YYNG
HCoV-229E,DAIT
HCoV-229E,GCCG
HCoV-229E,IGGI
HCoV-229E,ISSSI
HCoV-229E,KSQSK
HCoV-229E,LAAL
HCoV-229E,LGGL
HCoV-229E,NFAFN
HCoV-229E,NGTN
HCoV-229E,QALQ
HCoV-229E,RGTIL
HCoV-229E,RSGSR
HCoV-229E,SAAS
HCoV-229E,SGDA
HCoV-229E,TIGN
HCoV-229E,TNNT
HCoV-229E,VLLV
HCoV-229E,VNFNV
HCoV-229E,VPKPV
HCoV-229E,YFNG
HCoV-229E,YTEVR
HCoV-229E,YYNG
HCoV-229E,ATVTA
HCoV-229E,GCCG
HCoV-229E,GFSS
HCoV-229E,GFSS
HCoV-229E,IGGI
HCoV-229E,ISSSI
HCoV-229E,KGFS
HCoV-229E,KSQSK
HCoV-229E,LAAL
HCoV-229E,LGGL
HCoV-229E,QALQ
HCoV-229E,RGTIL
HCoV-229E,SGDA
HCoV-229E,TIGN
HCoV-229E,TNNT
HCoV-229E,VGYS
HCoV-229E,VLLV
HCoV-229E,VNFNV
HCoV-229E,VPQPV
HCoV-229E,YFNG
HCoV-229E,YNLS
HCoV-229E,YTEVR
HCoV-229E,YTIG
HCoV-229E,YVAVY
HCoV-229E,YYNG
HCoV-229E,DAIT
HCoV-229E,GCCG
HCoV-229E,IGGI
HCoV-229E,ISSSI
HCoV-229E,KSQSK
HCoV-229E,LAAL
HCoV-229E,LGGL
HCoV-229E,NFAFN
HCoV-229E,QALQ
HCoV-229E,RGTIL
HCoV-229E,RSGSR
HCoV-229E,SAAS
HCoV-229E,SGDA
HCoV-229E,TIGN
HCoV-229E,TNNT
HCoV-229E,VLLV
HCoV-229E,VNFNV
HCoV-229E,VPKPV
HCoV-229E,YFNG
HCoV-229E,YTEVR
HCoV-229E,YYNG
HCoV-229E,DAIT
HCoV-229E,GCCG
HCoV-229E,IGGI
HCoV-229E,ISSSI
HCoV-229E,KSQSK
HCoV-229E,LAAL
HCoV-229E,LGGL
HCoV-229E,NFAFN
HCoV-229E,NGTN
HCoV-229E,QALQ
HCoV-229E,RGPGR
HCoV-229E,RGTIL
HCoV-229E,RSGSR
HCoV-229E,SAAS
HCoV-229E,SGDA
HCoV-229E,TIGN
HCoV-229E,TNNT
HCoV-229E,VLLV
HCoV-229E,VNFNV
HCoV-229E,VPKPV
HCoV-229E,YFNG
HCoV-229E,YTEVR
HCoV-229E,YYNG
HCoV-229E,DAIT
HCoV-229E,GCCG
HCoV-229E,IGGI
HCoV-229E,ISSSI
HCoV-229E,KSQSK
HCoV-229E,LAAL
HCoV-229E,LGGL
HCoV-229E,QALQ
HCoV-229E,RGTIL
HCoV-229E,SAAS
HCoV-229E,SGDA
HCoV-229E,TIGN
HCoV-229E,TNNT
HCoV-229E,VLLV
HCoV-229E,VNFNV
HCoV-229E,VPKPV
HCoV-229E,YFNG
HCoV-229E,YTEVR
HCoV-229E,YYNG
HCoV-229E,AANV
HCoV-229E,GCCG
HCoV-229E,GFSS
HCoV-229E,GFSS
HCoV-229E,IGGI
HCoV-229E,ISSSI
HCoV-229E,KGFS
HCoV-229E,KSQSK
HCoV-229E,LAAL
HCoV-229E,LGGL
HCoV-229E,QALQ
HCoV-229E,RGTIL
HCoV-229E,SAAS
HCoV-229E,SGDA
HCoV-229E,TIGN
HCoV-229E,TNNT
HCoV-229E,VLLV
HCoV-229E,VNFNV
HCoV-229E,VPKPV
HCoV-229E,YFNG
HCoV-229E,YTEVR
HCoV-229E,YTIG
HCoV-229E,YYNG
HCoV-229E,DAIT
HCoV-229E,GCCG
HCoV-229E,IGGI
HCoV-229E,ISSSI
HCoV-229E,KSQSK
HCoV-229E,LAAL
HCoV-229E,LGGL
HCoV-229E,NFAFN
HCoV-229E,QALQ
HCoV-229E,RGTIL
HCoV-229E,RSGSR
HCoV-229E,SAAS
HCoV-229E,SGDA
HCoV-229E,TIGN
HCoV-229E,TNNT
HCoV-229E,VNFNV
HCoV-229E,VPKPV
HCoV-229E,YFNG
HCoV-229E,YTEVR
HCoV-229E,YYNG
HCoV-229E,DAIT
HCoV-229E,GCCG
HCoV-229E,IGGI
HCoV-229E,ISSSI
HCoV-229E,KSQSK
HCoV-229E,LAAL
HCoV-229E,LGGL
HCoV-229E,NFAFN
HCoV-229E,NGTN
HCoV-229E,QALQ
HCoV-229E,RGPGR
HCoV-229E,RGTIL
HCoV-229E,RSGSR
HCoV-229E,SAAS
HCoV-229E,SGDA
HCoV-229E,TIGN
HCoV-229E,TNNT
HCoV-229E,VLLV
HCoV-229E,VNFNV
HCoV-229E,VPKPV
HCoV-229E,YFNG
HCoV-229E,YTEVR
HCoV-229E,YYNG
HCoV-229E,DAIT
HCoV-229E,GCCG
HCoV-229E,IGGI
HCoV-229E,ISSSI
HCoV-229E,KSQSK
HCoV-229E,LAAL
HCoV-229E,LGGL
HCoV-229E,NFAFN
HCoV-229E,NGTN
HCoV-229E,QALQ
HCoV-229E,RGTIL
HCoV-229E,RSGSR
HCoV-229E,SAAS
HCoV-229E,SGDA
HCoV-229E,TIGN
HCoV-229E,TNNT
HCoV-229E,VLLV
HCoV-229E,VNFNV
HCoV-229E,VPKPV
HCoV-229E,YFNG
HCoV-229E,YTEVR
HCoV-229E,YYNG
HCoV-229E,DAIT
HCoV-229E,GCCG
HCoV-229E,IGGI
HCoV-229E,ISSSI
HCoV-229E,KSQSK
HCoV-229E,LAAL
HCoV-229E,LGGL
HCoV-229E,NFAFN
HCoV-229E,QALQ
HCoV-229E,RGTIL
HCoV-229E,RSGSR
HCoV-229E,SAAS
HCoV-229E,SGDA
HCoV-229E,TIGN
HCoV-229E,TNNT
HCoV-229E,VLLV
HCoV-229E,VNFNV
HCoV-229E,VPKPV
HCoV-229E,YFNG
HCoV-229E,YTEVR
HCoV-229E,YYNG
HCoV-229E,DAIT
HCoV-229E,GCCG
HCoV-229E,IGGI
HCoV-229E,ISSSI
HCoV-229E,KSQSK
HCoV-229E,LAAL
HCoV-229E,LGGL
HCoV-229E,NFSFN
HCoV-229E,NGTN
HCoV-229E,QALQ
HCoV-229E,RGTIL
HCoV-229E,RSGSR
HCoV-229E,SAAS
HCoV-229E,SGDA
HCoV-229E,TIGN
HCoV-229E,TNNT
HCoV-229E,TXXXXXXXXT
HCoV-229E,VLLV
HCoV-229E,VNFNV
HCoV-229E,VPKPV
HCoV-229E,XXXXXXX
HCoV-229E,XXXXXXX
HCoV-229E,XXXXXX
HCoV-229E,XXXXXX
HCoV-229E,XXXXX
HCoV-229E,XXXXX
HCoV-229E,XXXX
HCoV-229E,XXXX
HCoV-229E,YFNG
HCoV-229E,YTEVR
HCoV-229E,YYNG
HCoV-229E,DAIT
HCoV-229E,DPKPD
HCoV-229E,GCCG
HCoV-229E,IGGI
HCoV-229E,ISSSI
HCoV-229E,KSQSK
HCoV-229E,LAAL
HCoV-229E,LGGL
HCoV-229E,NFAFN
HCoV-229E,QALQ
HCoV-229E,RGTIL
HCoV-229E,RSGSR
HCoV-229E,SAAS
HCoV-229E,SGDA
HCoV-229E,TIGN
HCoV-229E,TNNT
HCoV-229E,VLLV
HCoV-229E,VNFNV
HCoV-229E,YFNG
HCoV-229E,YTEVR
HCoV-229E,YYNG
HCoV-229E,ASNV
HCoV-229E,GCCG
HCoV-229E,GFSS
HCoV-229E,GFSS
HCoV-229E,IGGI
HCoV-229E,ISVV
HCoV-229E,KGFS
HCoV-229E,LAAL
HCoV-229E,LGGL
HCoV-229E,LKDI
HCoV-229E,NLEA
HCoV-229E,QLRQ
HCoV-229E,SGDA
HCoV-229E,TIGN
HCoV-229E,TINV
HCoV-229E,TNNT
HCoV-229E,YFNG
HCoV-229E,YTIG
HCoV-229E,YYNG
HCoV-229E,DAIT
HCoV-229E,GCCG
HCoV-229E,GTGTG
HCoV-229E,IGGI
HCoV-229E,ISSSI
HCoV-229E,KSQSK
HCoV-229E,LAAL
HCoV-229E,LGGL
HCoV-229E,NFAFN
HCoV-229E,QALQ
HCoV-229E,RSGSR
HCoV-229E,SAAS
HCoV-229E,SGDA
HCoV-229E,TIGN
HCoV-229E,TNNT
HCoV-229E,VLLV
HCoV-229E,VNFNV
HCoV-229E,VPKPV
HCoV-229E,YFNG
HCoV-229E,YTEVR
HCoV-229E,YYNG
HCoV-229E,DAIT
HCoV-229E,GCCG
HCoV-229E,GTGTG
HCoV-229E,IGGI
HCoV-229E,ISSSI
HCoV-229E,KSQSK
HCoV-229E,LGGL
HCoV-229E,NFAFN
HCoV-229E,QALQ
HCoV-229E,RGTIL
HCoV-229E,RSGSR
HCoV-229E,SAAS
HCoV-229E,SGDA
HCoV-229E,TIGN
HCoV-229E,TNNT
HCoV-229E,VLLV
HCoV-229E,VNFNV
HCoV-229E,VPKPV
HCoV-229E,XXXXXXXXX
HCoV-229E,XXXXXXXX
HCoV-229E,XXXXXXXX
HCoV-229E,XXXXXXX
HCoV-229E,XXXXXXX
HCoV-229E,XXXXXXX
HCoV-229E,XXXXXXX
HCoV-229E,XXXXXXX
HCoV-229E,XXXXXXX
HCoV-229E,XXXXXX
HCoV-229E,XXXXXX
HCoV-229E,XXXXXX
HCoV-229E,XXXXXX
HCoV-229E,XXXXXX
HCoV-229E,XXXXXX
HCoV-229E,XXXXX
HCoV-229E,XXXXX
HCoV-229E,XXXXX
HCoV-229E,XXXXX
HCoV-229E,XXXXX
HCoV-229E,XXXXX
HCoV-229E,XXXX
HCoV-229E,XXXX
HCoV-229E,XXXX
HCoV-229E,XXXX
HCoV-229E,XXXX
HCoV-229E,XXXX
HCoV-229E,YFNG
HCoV-229E,YTEVR
HCoV-229E,YYNG
HCoV-229E,ASNV
HCoV-229E,GCCG
HCoV-229E,GFSS
HCoV-229E,GFSS
HCoV-229E,IGGI
HCoV-229E,ISVV
HCoV-229E,KGFS
HCoV-229E,LAAL
HCoV-229E,LGGL
HCoV-229E,LKDI
HCoV-229E,NLEA
HCoV-229E,QLRQ
HCoV-229E,TIGN
HCoV-229E,TINV
HCoV-229E,TNNT
HCoV-229E,YFNG
HCoV-229E,YTIG
HCoV-229E,YYNG
HCoV-229E,GCCG
HCoV-229E,GFSS
HCoV-229E,GFSS
HCoV-229E,IGGI
HCoV-229E,ISSSI
HCoV-229E,KGFS
HCoV-229E,KSQSK
HCoV-229E,LAAL
HCoV-229E,LGGL
HCoV-229E,NLLN
HCoV-229E,QALQ
HCoV-229E,RGTIL
HCoV-229E,SGDA
HCoV-229E,TIGN
HCoV-229E,TNNT
HCoV-229E,VGYS
HCoV-229E,VLLV
HCoV-229E,VNFNV
HCoV-229E,VPQPV
HCoV-229E,YFNG
HCoV-229E,YTEVR
HCoV-229E,YTIG
HCoV-229E,YVAVY
HCoV-229E,YYNG
HCoV-229E,DAIT
HCoV-229E,GCCG
HCoV-229E,IGGI
HCoV-229E,ISSSI
HCoV-229E,KSQSK
HCoV-229E,LAAL
HCoV-229E,LGGL
HCoV-229E,NFAFN
HCoV-229E,NGTN
HCoV-229E,QALQ
HCoV-229E,RGTIL
HCoV-229E,RSGSR
HCoV-229E,SAAS
HCoV-229E,SGDA
HCoV-229E,TIGN
HCoV-229E,TNNT
HCoV-229E,VLLV
HCoV-229E,VNFNV
HCoV-229E,VPKPV
HCoV-229E,YFNG
HCoV-229E,YTEVR
HCoV-229E,YYNG
HCoV-229E,ASNV
HCoV-229E,GCCG
HCoV-229E,GFSS
HCoV-229E,GFSS
HCoV-229E,IGGI
HCoV-229E,ISVV
HCoV-229E,KGFS
HCoV-229E,LAAL
HCoV-229E,LGGL
HCoV-229E,LKDI
HCoV-229E,QLRQ
HCoV-229E,SGDA
HCoV-229E,TIGN
HCoV-229E,TINV
HCoV-229E,TNNT
HCoV-229E,YFNG
HCoV-229E,YTIG
HCoV-229E,YYNG
