covidType,repeats
bovine-CoV,AAAATCAAA
bovine-CoV,AAGATGGTGT
bovine-CoV,AATGCTGAA
bovine-CoV,AATGCTGAT
bovine-CoV,AATGGTTTA
bovine-CoV,ACAGGTGTT
bovine-CoV,ACTATAGGTA
bovine-CoV,ACTTATTAT
bovine-CoV,ACTTGTAATA
bovine-CoV,AGATTTGGT
bovine-CoV,AGGTTAATG
bovine-CoV,AGTAAAGTT
bovine-CoV,AGTAAATGA
bovine-CoV,AGTGGTTAC
bovine-CoV,AGTGGTTATT
bovine-CoV,ATAACTATAG
bovine-CoV,ATAGGAGATTT
bovine-CoV,ATGATGTTG
bovine-CoV,ATGCTCTTG
bovine-CoV,ATGCTGTTG
bovine-CoV,CAGCAGCAG
bovine-CoV,CATGATGTT
bovine-CoV,CCTGCAGGT
bovine-CoV,CTAATGGTA
bovine-CoV,CTGATTTTA
bovine-CoV,CTGTTAATT
bovine-CoV,CTTTTAATT
bovine-CoV,CTTTTAATT
bovine-CoV,CTTTTAATT
bovine-CoV,GACCTACAA
bovine-CoV,GCTCTTAAT
bovine-CoV,GGTAGTGGTTA
bovine-CoV,GGTAGTGGTT
bovine-CoV,GGTTACACT
bovine-CoV,GTAATATGG
bovine-CoV,GTAGGTAGTGGTT
bovine-CoV,GTGGTTACT
bovine-CoV,GTTTCTGTT
bovine-CoV,TAATGGTAATC
bovine-CoV,TAATGGTATT
bovine-CoV,TAATGGTAT
bovine-CoV,TAATGGTAT
bovine-CoV,TAATTTTAAT
bovine-CoV,TAGTTGGCA
bovine-CoV,TATTAATGG
bovine-CoV,TATTATAAT
bovine-CoV,TATTTAAAT
bovine-CoV,TATTTTTGCTAA
bovine-CoV,TGCTGCTAA
bovine-CoV,TGGCATAGG
bovine-CoV,TGGTTATTAC
bovine-CoV,TGGTTTAAA
bovine-CoV,TGGTTTGTAT
bovine-CoV,TGTTAATTAT
bovine-CoV,TTAAAGATGG
bovine-CoV,TTAATGAATG
bovine-CoV,TTAATTATA
bovine-CoV,TTACTAATGGT
bovine-CoV,TTACTATTGA
bovine-CoV,TTAGTGCAG
bovine-CoV,TTATTATGT
bovine-CoV,TTCTGCTTT
bovine-CoV,TTGAGGCTT
bovine-CoV,TTGCTGGTG
bovine-CoV,TTGGGTAAT
bovine-CoV,TTGGTGCTAT
bovine-CoV,TTGTAATAA
bovine-CoV,TTGTTAATG
bovine-CoV,TTGTTTTAA
bovine-CoV,TTTACTAAT
bovine-CoV,TTTACTATT
bovine-CoV,TTTGTATTTC
bovine-CoV,TTTTACAGA
bovine-CoV,AAAATCAAA
bovine-CoV,AACCTGTAGGTG
bovine-CoV,AAGGTTAAT
bovine-CoV,AATAATACT
bovine-CoV,AATAGTGGTA
bovine-CoV,AATGCTGAA
bovine-CoV,AATGCTGAT
bovine-CoV,AATGGTTTA
bovine-CoV,ACTATAGGTA
bovine-CoV,ACTGGTGTT
bovine-CoV,ACTTATTAT
bovine-CoV,AGATTTGGT
bovine-CoV,AGGTTAATG
bovine-CoV,AGTAAAGTT
bovine-CoV,AGTAAATGA
bovine-CoV,AGTGGTTATT
bovine-CoV,ATAACTATAG
bovine-CoV,ATAGGAGATTT
bovine-CoV,ATGATGTTG
bovine-CoV,ATGCTCTTG
bovine-CoV,ATGCTGTTG
bovine-CoV,ATGGCTTTT
bovine-CoV,ATGGTTTAAA
bovine-CoV,CAGCAGCAG
bovine-CoV,CATGATGTT
bovine-CoV,CGATTGTAATA
bovine-CoV,CTATGGTTT
bovine-CoV,CTTTTAATT
bovine-CoV,GACCTACAA
bovine-CoV,GACTTATTA
bovine-CoV,GCTCTTAAT
bovine-CoV,GGTAATGGT
bovine-CoV,GGTAGTGGTTA
bovine-CoV,GGTATTTTTG
bovine-CoV,GGTGTTGTT
bovine-CoV,GTAATATGG
bovine-CoV,GTTTCTGTT
bovine-CoV,TAACTATAGA
bovine-CoV,TAACTATAG
bovine-CoV,TAATGGTAATC
bovine-CoV,TAATGGTAT
bovine-CoV,TAATGGTAT
bovine-CoV,TAGTTGGCA
bovine-CoV,TATTAATGGTATT
bovine-CoV,TATTAATGG
bovine-CoV,TATTATAAT
bovine-CoV,TATTTTTGCTAA
bovine-CoV,TGATTTTAT
bovine-CoV,TGCTGCTAA
bovine-CoV,TGGTTTGTAT
bovine-CoV,TGTTACTAA
bovine-CoV,TTAACTATA
bovine-CoV,TTAATGAATG
bovine-CoV,TTACTACCCT
bovine-CoV,TTACTATTGA
bovine-CoV,TTAGTGCAG
bovine-CoV,TTATTAATGG
bovine-CoV,TTATTATGT
bovine-CoV,TTCTGCTTT
bovine-CoV,TTGCTGGTG
bovine-CoV,TTGGTGCTAT
bovine-CoV,TTGTAATAA
bovine-CoV,TTGTTAATG
bovine-CoV,TTGTTTTAA
bovine-CoV,TTTACTATT
bovine-CoV,TTTCCAGCA
bovine-CoV,TTTGTATTT
bovine-CoV,TTTTACAGA
bovine-CoV,CCTGCAGGT
bovine-CoV,TGGCATAGG
bovine-CoV,AAAATCAAA
bovine-CoV,AAGATGGTGT
bovine-CoV,AATGGTTTA
bovine-CoV,ACTATAGGTA
bovine-CoV,ACTGGTGTT
bovine-CoV,ACTGGTGTT
bovine-CoV,ACTTATTAT
bovine-CoV,ACTTGTAATA
bovine-CoV,AGATTTGGT
bovine-CoV,AGTAAAGTT
bovine-CoV,AGTGGTTAC
bovine-CoV,AGTGGTTATT
bovine-CoV,ATAACTATAG
bovine-CoV,ATAGGAGATTT
bovine-CoV,ATGCTCTTG
bovine-CoV,ATGCTGTTG
bovine-CoV,CAATCTGTT
bovine-CoV,CAGCAGCAG
bovine-CoV,CCTGCAGGT
bovine-CoV,CGATTGCAATA
bovine-CoV,CGCTCTTAAT
bovine-CoV,CTAATGGTA
bovine-CoV,CTGATTTTA
bovine-CoV,CTGTTAATT
bovine-CoV,CTTTTAATT
bovine-CoV,CTTTTAATT
bovine-CoV,CTTTTAATT
bovine-CoV,GACACTGGTGTT
bovine-CoV,GACCTACAA
bovine-CoV,GACTTATTA
bovine-CoV,GCTTTTAAT
bovine-CoV,GGTAGTGGTTA
bovine-CoV,GGTAGTGGTT
bovine-CoV,GGTGTTGTT
bovine-CoV,GGTTACACT
bovine-CoV,GTAATATGG
bovine-CoV,GTAGGTAGTGGTT
bovine-CoV,GTTTCTGTT
bovine-CoV,TAATGGTAATC
bovine-CoV,TAATGGTATT
bovine-CoV,TAATGGTAT
bovine-CoV,TAATGGTAT
bovine-CoV,TAGTTGGCA
bovine-CoV,TATTAATGG
bovine-CoV,TATTATAAT
bovine-CoV,TATTTTTGCTAA
bovine-CoV,TCTATTAGC
bovine-CoV,TGGCATAGG
bovine-CoV,TGGTTATTAC
bovine-CoV,TGGTTTAAA
bovine-CoV,TGGTTTGTAT
bovine-CoV,TGTTAATTAT
bovine-CoV,TGTTACTAA
bovine-CoV,TTAAAGATGG
bovine-CoV,TTAATGAATG
bovine-CoV,TTAATTATA
bovine-CoV,TTACTAATGGT
bovine-CoV,TTACTATTGA
bovine-CoV,TTAGTGCAG
bovine-CoV,TTATTATGT
bovine-CoV,TTCTGCTTT
bovine-CoV,TTGACACTAC
bovine-CoV,TTGAGGCTT
bovine-CoV,TTGCTGGTG
bovine-CoV,TTGGGTAAT
bovine-CoV,TTGGTGCTAT
bovine-CoV,TTGTTAATG
bovine-CoV,TTGTTTCCT
bovine-CoV,TTGTTTTAA
bovine-CoV,TTTACTAAT
bovine-CoV,TTTACTATT
bovine-CoV,TTTGTATTT
bovine-CoV,TTTTACAGA
bovine-CoV,TTTTGTTGAGG
bovine-CoV,AAAATCAAA
bovine-CoV,AATAATACT
bovine-CoV,AATGCTGAA
bovine-CoV,AATGCTGAT
bovine-CoV,AATGGTTTA
bovine-CoV,ACTATAGGTA
bovine-CoV,ACTGGTGTT
bovine-CoV,ACTGGTGTT
bovine-CoV,ACTTATTAT
bovine-CoV,ACTTGTAATA
bovine-CoV,AGGTTAATG
bovine-CoV,AGTAAATGA
bovine-CoV,AGTGGTTATT
bovine-CoV,AGTTTCTGT
bovine-CoV,ATAACTATAG
bovine-CoV,ATAGGAGATTT
bovine-CoV,ATATGAGTA
bovine-CoV,ATGATGTTG
bovine-CoV,ATGCTCTTG
bovine-CoV,ATGCTGTTG
bovine-CoV,ATGGTTTAAA
bovine-CoV,ATTAATGGG
bovine-CoV,ATTTTATTT
bovine-CoV,ATTTTTGCTAA
bovine-CoV,CAGCAGCAG
bovine-CoV,CATGATGTT
bovine-CoV,CATTCTTGG
bovine-CoV,CCTGCAGGT
bovine-CoV,CTAAAGTTA
bovine-CoV,CTATGGTTT
bovine-CoV,CTGATTTTA
bovine-CoV,CTGGTATAG
bovine-CoV,CTGTTAATT
bovine-CoV,CTTTTAATT
bovine-CoV,GACACTGGTGTT
bovine-CoV,GACCTACAA
bovine-CoV,GACTTATTA
bovine-CoV,GCTCTTAAT
bovine-CoV,GGTAGTGGTTA
bovine-CoV,GTAATATGG
bovine-CoV,GTGTTGTCA
bovine-CoV,TAACTATAGA
bovine-CoV,TAACTATAG
bovine-CoV,TAATATTGA
bovine-CoV,TAATGGTAATC
bovine-CoV,TATAGGAGA
bovine-CoV,TATTATAAT
bovine-CoV,TATTTAAAT
bovine-CoV,TGGTATAGG
bovine-CoV,TGGTTATTAC
bovine-CoV,TGGTTTGTAT
bovine-CoV,TGTAATATT
bovine-CoV,TGTTAATTAT
bovine-CoV,TTAATGAATG
bovine-CoV,TTACTAATGG
bovine-CoV,TTACTATTGA
bovine-CoV,TTAGTGCAG
bovine-CoV,TTATTATGT
bovine-CoV,TTCTGCTTT
bovine-CoV,TTGAGGCTT
bovine-CoV,TTGCTGGTG
bovine-CoV,TTGGTGCTAT
bovine-CoV,TTGTTAATG
bovine-CoV,TTGTTTTAA
bovine-CoV,TTTACTAAT
bovine-CoV,TTTACTATT
bovine-CoV,TTTCTGTTT
bovine-CoV,TTTGTATTT
bovine-CoV,TTTTACAGA
bovine-CoV,TTTTGTTGAGG
bovine-CoV,CCTGCAGGT
bovine-CoV,AAAATCAAA
bovine-CoV,AAGATGGTGTTA
bovine-CoV,AAGATGGTGT
bovine-CoV,AATGCTGAA
bovine-CoV,AATGCTGAT
bovine-CoV,AATGGTTTA
bovine-CoV,ACTATAGGTA
bovine-CoV,ACTGGTGTT
bovine-CoV,ACTGGTGTT
bovine-CoV,ACTTATTAT
bovine-CoV,ACTTGTAAT
bovine-CoV,AGTAAATGA
bovine-CoV,AGTGGTTAC
bovine-CoV,AGTGGTTATT
bovine-CoV,ATAACTATAG
bovine-CoV,ATGATGTTG
bovine-CoV,ATGCTGTTG
bovine-CoV,CAGCAGCAG
bovine-CoV,CATGATGTT
bovine-CoV,CGATTGCAATA
bovine-CoV,CTAATGGTA
bovine-CoV,CTGTTAATT
bovine-CoV,CTTTGACTT
bovine-CoV,CTTTTAATT
bovine-CoV,GACACTGGTGTT
bovine-CoV,GACCTACAA
bovine-CoV,GACTTATTA
bovine-CoV,GAGGTTAATG
bovine-CoV,GCTCTTAAT
bovine-CoV,GGTAGTGGTTA
bovine-CoV,GGTAGTGGTT
bovine-CoV,GGTGTTGTT
bovine-CoV,GGTTACACT
bovine-CoV,GGTTTGTAT
bovine-CoV,GTAATATGG
bovine-CoV,GTAGGTAGTGGTT
bovine-CoV,GTGTTAATT
bovine-CoV,GTTTCTGTT
bovine-CoV,TAATGGTAATC
bovine-CoV,TAATGGTATT
bovine-CoV,TAATGGTAT
bovine-CoV,TAATGGTAT
bovine-CoV,TAGTTGGCA
bovine-CoV,TATAGTGTG
bovine-CoV,TATGGAGGAG
bovine-CoV,TATTAATGG
bovine-CoV,TATTATAAT
bovine-CoV,TATTTAAAT
bovine-CoV,TATTTTTGCTAA
bovine-CoV,TGCTGCTAA
bovine-CoV,TGGCATAGG
bovine-CoV,TGGTTATTAC
bovine-CoV,TGGTTTAAA
bovine-CoV,TGTTAATTAT
bovine-CoV,TGTTACTAA
bovine-CoV,TGTTTCCTG
bovine-CoV,TTAAAGATGGTGT
bovine-CoV,TTAATGAATG
bovine-CoV,TTAATTATA
bovine-CoV,TTACTAATGGT
bovine-CoV,TTACTATTGA
bovine-CoV,TTAGTGCAG
bovine-CoV,TTATGTAAA
bovine-CoV,TTATTATGT
bovine-CoV,TTCTGCTTT
bovine-CoV,TTGAGGCTT
bovine-CoV,TTGCTGGTG
bovine-CoV,TTGGGTAAT
bovine-CoV,TTGGTGCTAT
bovine-CoV,TTGTTTATG
bovine-CoV,TTGTTTTAA
bovine-CoV,TTTACTAAT
bovine-CoV,TTTACTATT
bovine-CoV,TTTGTATTTT
bovine-CoV,TTTTACAGA
bovine-CoV,TTTTGTTGAGG
bovine-CoV,AAAATCAAA
bovine-CoV,AAGATGGTGT
bovine-CoV,AATGCTGAA
bovine-CoV,AATGCTGAT
bovine-CoV,AATGGTTTA
bovine-CoV,ACTATAGGTA
bovine-CoV,ACTGGTGTT
bovine-CoV,ACTGGTGTT
bovine-CoV,ACTTATTAT
bovine-CoV,ACTTGTAATA
bovine-CoV,AGATTTGGT
bovine-CoV,AGGTTAATG
bovine-CoV,AGTAAAGTT
bovine-CoV,AGTAAATGA
bovine-CoV,AGTGGTTAC
bovine-CoV,AGTGGTTATT
bovine-CoV,ATAACTATAG
bovine-CoV,ATAGGAGATTT
bovine-CoV,ATGATGTTG
bovine-CoV,ATGCTCTTG
bovine-CoV,ATGCTGTTG
bovine-CoV,ATTTTGGGT
bovine-CoV,CAGCAGCAG
bovine-CoV,CATGATGTT
bovine-CoV,CTAATGGTA
bovine-CoV,CTGTTAATT
bovine-CoV,CTTTTAATT
bovine-CoV,CTTTTAATT
bovine-CoV,CTTTTAATT
bovine-CoV,GACACTGGTGTT
bovine-CoV,GACCTACAA
bovine-CoV,GACTTATTA
bovine-CoV,GCTCTTAAT
bovine-CoV,GGTAGTGGTTA
bovine-CoV,GGTAGTGGTT
bovine-CoV,GGTGTTGTT
bovine-CoV,GGTTACACT
bovine-CoV,GGTTTGTAT
bovine-CoV,GTAATATGG
bovine-CoV,GTAGGTAGTGGTT
bovine-CoV,GTTTCTGTT
bovine-CoV,TAATGGTAATC
bovine-CoV,TAATGGTATT
bovine-CoV,TAATGGTAT
bovine-CoV,TAATGGTAT
bovine-CoV,TAATTTTAAT
bovine-CoV,TAGTTGGCA
bovine-CoV,TATAGTGTG
bovine-CoV,TATTAATGG
bovine-CoV,TATTATAAT
bovine-CoV,TATTTAAAT
bovine-CoV,TATTTTTGCTAA
bovine-CoV,TGCTGCTAA
bovine-CoV,TGGCATAGG
bovine-CoV,TGGTTATTAC
bovine-CoV,TGGTTTAAA
bovine-CoV,TGTTAATTAT
bovine-CoV,TGTTACTAA
bovine-CoV,TGTTTCCTG
bovine-CoV,TTAAAGATGG
bovine-CoV,TTAATGAATG
bovine-CoV,TTAATTATA
bovine-CoV,TTACTAATGGT
bovine-CoV,TTACTATTGA
bovine-CoV,TTAGTGCAG
bovine-CoV,TTATTATGT
bovine-CoV,TTCTGCTTT
bovine-CoV,TTGAGGCTT
bovine-CoV,TTGCTGGTG
bovine-CoV,TTGGGTAAT
bovine-CoV,TTGGTGCTAT
bovine-CoV,TTGTTAATG
bovine-CoV,TTGTTTTAA
bovine-CoV,TTTACTAAT
bovine-CoV,TTTACTATT
bovine-CoV,TTTGTATTTT
bovine-CoV,TTTTACAGA
bovine-CoV,TTTTGGGTT
bovine-CoV,TTTTGTTGAGG
bovine-CoV,AAAATCAAA
bovine-CoV,AATAATACT
bovine-CoV,AATGCTGAA
bovine-CoV,AATGGTTTA
bovine-CoV,ACTATAGGTA
bovine-CoV,ACTGGTGTT
bovine-CoV,ACTGGTGTT
bovine-CoV,ACTTATTAT
bovine-CoV,ACTTGTAATA
bovine-CoV,ACTTTAGCT
bovine-CoV,AGGTTAATG
bovine-CoV,AGTAAATGA
bovine-CoV,AGTCAAAAT
bovine-CoV,AGTGGTTATT
bovine-CoV,ATAACTATAG
bovine-CoV,ATAGGAGATTT
bovine-CoV,ATGATGTTG
bovine-CoV,ATGCTGTTG
bovine-CoV,ATGGTATTA
bovine-CoV,ATGGTGTTA
bovine-CoV,ATGGTTTAAA
bovine-CoV,ATTTTATTT
bovine-CoV,ATTTTGATA
bovine-CoV,CACTGTTCAG
bovine-CoV,CAGCAGCAG
bovine-CoV,CCTGCAGGT
bovine-CoV,CGATTGTAATA
bovine-CoV,CTAATGGTA
bovine-CoV,CTATGGTTT
bovine-CoV,CTTTTAATT
bovine-CoV,CTTTTAATT
bovine-CoV,CTTTTAATT
bovine-CoV,GACACTGGTGTT
bovine-CoV,GACTTATTA
bovine-CoV,GATTTTACTA
bovine-CoV,GCTCTTAAT
bovine-CoV,GGTAGTGGTTA
bovine-CoV,GGTAGTGGTT
bovine-CoV,GGTATTTTTG
bovine-CoV,GGTGTTGTT
bovine-CoV,GTAGGTAGTGGTT
bovine-CoV,GTTATAATG
bovine-CoV,GTTTCTGTT
bovine-CoV,TAATGGTAATC
bovine-CoV,TAATGGTATT
bovine-CoV,TACTATTGA
bovine-CoV,TACTTTTGT
bovine-CoV,TAGTTGGCA
bovine-CoV,TATTAATGGG
bovine-CoV,TATTATAAT
bovine-CoV,TATTTAAAT
bovine-CoV,TATTTTTGCTAA
bovine-CoV,TGCTGCTAA
bovine-CoV,TGGTTATTA
bovine-CoV,TGGTTTGTAT
bovine-CoV,TGTGTATTTA
bovine-CoV,TGTTAATTAT
bovine-CoV,TGTTACTAA
bovine-CoV,TTAATGAATG
bovine-CoV,TTAATTATA
bovine-CoV,TTACTAATGGT
bovine-CoV,TTAGTGCAG
bovine-CoV,TTGCTGGTG
bovine-CoV,TTGGTGCTAT
bovine-CoV,TTGTAATAG
bovine-CoV,TTGTTAATG
bovine-CoV,TTGTTCTACT
bovine-CoV,TTGTTTCCT
bovine-CoV,TTGTTTTAA
bovine-CoV,TTTACTAAT
bovine-CoV,TTTGTATGA
bovine-CoV,TTTGTATTT
bovine-CoV,TTTTACAGA
bovine-CoV,TTTTACTAT
bovine-CoV,AAAACCAAA
bovine-CoV,AAGATGGTGT
bovine-CoV,AATGCTGAA
bovine-CoV,AATGCTGAT
bovine-CoV,AATGGTTTA
bovine-CoV,ACTATAGGTA
bovine-CoV,ACTGGTGTT
bovine-CoV,ACTGGTGTT
bovine-CoV,ACTTATTAT
bovine-CoV,ACTTGTAATA
bovine-CoV,AGGTTAATG
bovine-CoV,AGTAAAGTT
bovine-CoV,AGTAAATGA
bovine-CoV,AGTCTGTTT
bovine-CoV,AGTGGTTATT
bovine-CoV,ATAACTATAG
bovine-CoV,ATGATGTTG
bovine-CoV,ATGCTCTTG
bovine-CoV,ATGCTGTTG
bovine-CoV,ATGGCTTTT
bovine-CoV,CAGCAGCAG
bovine-CoV,CATGATGTT
bovine-CoV,CATGTAAAT
bovine-CoV,CCTGCAGGT
bovine-CoV,CTAATGGTA
bovine-CoV,CTGATTTTA
bovine-CoV,CTGTTAATT
bovine-CoV,CTTAGAGAT
bovine-CoV,CTTTGACTT
bovine-CoV,CTTTTAATT
bovine-CoV,GACACTGGTGTT
bovine-CoV,GACCTACAA
bovine-CoV,GCTCTTAAT
bovine-CoV,GGTAATGGT
bovine-CoV,GGTAGTGGTTA
bovine-CoV,GGTGTTACC
bovine-CoV,GGTGTTGTT
bovine-CoV,GGTTTGTAT
bovine-CoV,GTAATATGG
bovine-CoV,GTGGTACTA
bovine-CoV,GTTTCTGTT
bovine-CoV,TAAATTGGG
bovine-CoV,TAACTATAGA
bovine-CoV,TAACTATAG
bovine-CoV,TAATATTGA
bovine-CoV,TAATGGTAATC
bovine-CoV,TAATGGTATT
bovine-CoV,TAATGGTAT
bovine-CoV,TAATGGTAT
bovine-CoV,TACCATTTG
bovine-CoV,TAGTTGGCA
bovine-CoV,TATTAATGG
bovine-CoV,TATTATAAT
bovine-CoV,TATTTAAAT
bovine-CoV,TATTTTTGCTAA
bovine-CoV,TGGCATAGG
bovine-CoV,TGGTTATTAC
bovine-CoV,TGGTTTAAA
bovine-CoV,TGTAATATT
bovine-CoV,TGTTAATTAT
bovine-CoV,TGTTACTAA
bovine-CoV,TGTTTATTTA
bovine-CoV,TTAAAGATGG
bovine-CoV,TTAATGAATG
bovine-CoV,TTACTAATGGT
bovine-CoV,TTACTATTGA
bovine-CoV,TTAGAGATT
bovine-CoV,TTAGTGCAG
bovine-CoV,TTATTATGT
bovine-CoV,TTCTGCTTT
bovine-CoV,TTGAGGCTT
bovine-CoV,TTGCTGGTG
bovine-CoV,TTGGTGCTAT
bovine-CoV,TTGTTAATG
bovine-CoV,TTGTTTTAA
bovine-CoV,TTTACTAAT
bovine-CoV,TTTACTATT
bovine-CoV,TTTGTATTT
bovine-CoV,TTTTACAGA
bovine-CoV,TTTTGTTGAGG
bovine-CoV,AGTAAATGA
bovine-CoV,CATGATGTT
bovine-CoV,CCATTAAAT
bovine-CoV,CCTGCAGGT
bovine-CoV,CTGGTATAG
bovine-CoV,GTAGGTAGTGG
bovine-CoV,TAATATTGA
bovine-CoV,TAATTATTT
bovine-CoV,TAGTTGGCA
bovine-CoV,TATTATAAT
bovine-CoV,TGCTGCTAA
bovine-CoV,TGTAATATT
bovine-CoV,AAAACCAAA
bovine-CoV,AAGATGGTGT
bovine-CoV,AATGCTGAA
bovine-CoV,AATGCTGAT
bovine-CoV,AATGGTTTA
bovine-CoV,ACTATAGGTA
bovine-CoV,ACTGGTGTT
bovine-CoV,ACTGGTGTT
bovine-CoV,ACTTATTAT
bovine-CoV,AGGTTAATG
bovine-CoV,AGTAAAGTT
bovine-CoV,AGTAAATGA
bovine-CoV,AGTGGTTATT
bovine-CoV,ATAACTATAG
bovine-CoV,ATAGGAGATTT
bovine-CoV,ATGATGTTG
bovine-CoV,ATGCTCTTG
bovine-CoV,ATGCTGTTG
bovine-CoV,ATTTGTAAT
bovine-CoV,CAGCAGCAG
bovine-CoV,CATGATGTT
bovine-CoV,CCTGCAGGT
bovine-CoV,CTAATGGTA
bovine-CoV,CTGATTTTA
bovine-CoV,CTGTTAATT
bovine-CoV,CTTTGACTT
bovine-CoV,CTTTTAATT
bovine-CoV,GACACTGGTGTT
bovine-CoV,GACCTACAA
bovine-CoV,GCTCTTAAT
bovine-CoV,GGTAATGGT
bovine-CoV,GGTAGTGGTTA
bovine-CoV,GGTATTTTT
bovine-CoV,GGTGTTGTT
bovine-CoV,GTAATATGG
bovine-CoV,GTTTCTGTT
bovine-CoV,TAAATTGGG
bovine-CoV,TAACTATAGA
bovine-CoV,TAACTATAG
bovine-CoV,TAATGGTAATC
bovine-CoV,TAATGGTATT
bovine-CoV,TAATGGTAT
bovine-CoV,TAATGGTAT
bovine-CoV,TAGTTGGCA
bovine-CoV,TATTAATGG
bovine-CoV,TATTATAAT
bovine-CoV,TATTTAAAT
bovine-CoV,TATTTTTGCTAA
bovine-CoV,TCTGATGTC
bovine-CoV,TGCTGCTAA
bovine-CoV,TGGCATAGG
bovine-CoV,TGGTTATTAC
bovine-CoV,TGGTTTAAA
bovine-CoV,TGGTTTGTAT
bovine-CoV,TGTTAATTAT
bovine-CoV,TGTTACTAA
bovine-CoV,TTAAAGATGG
bovine-CoV,TTAATGAATG
bovine-CoV,TTACTAATGGT
bovine-CoV,TTACTATTGA
bovine-CoV,TTAGTGCAG
bovine-CoV,TTATTATGT
bovine-CoV,TTATTTGTA
bovine-CoV,TTCTGCTTT
bovine-CoV,TTGCTGGTG
bovine-CoV,TTGGGTAAT
bovine-CoV,TTGGTGCTAT
bovine-CoV,TTGTAATAA
bovine-CoV,TTGTTAATG
bovine-CoV,TTGTTTTAA
bovine-CoV,TTTACTAAT
bovine-CoV,TTTACTATT
bovine-CoV,TTTGTATTT
bovine-CoV,AAAATCAAA
bovine-CoV,AATAATACT
bovine-CoV,AATGCTGAA
bovine-CoV,AATGCTGAT
bovine-CoV,AATGGTTTA
bovine-CoV,ACTATAGGTA
bovine-CoV,ACTGGTGTT
bovine-CoV,ACTGGTGTT
bovine-CoV,ACTTATTAT
bovine-CoV,ACTTGTAATA
bovine-CoV,ACTTTAGCT
bovine-CoV,AGGTCTTGC
bovine-CoV,AGGTTAATG
bovine-CoV,AGTAAATGA
bovine-CoV,AGTCAAAAT
bovine-CoV,AGTGGTTATT
bovine-CoV,ATAACTATAG
bovine-CoV,ATAGGAGATTT
bovine-CoV,ATGATGTTG
bovine-CoV,ATGCTGTTG
bovine-CoV,ATGGTATTA
bovine-CoV,ATGGTGTTA
bovine-CoV,ATGGTTTAAA
bovine-CoV,ATTTTATTT
bovine-CoV,ATTTTGATA
bovine-CoV,CAATCTGTT
bovine-CoV,CACTGTTCAG
bovine-CoV,CAGCAGCAG
bovine-CoV,CCTGCAGGT
bovine-CoV,CGATTGTAATA
bovine-CoV,CTAATGGTA
bovine-CoV,CTATGGTTT
bovine-CoV,CTGATTTTA
bovine-CoV,CTTTGACTT
bovine-CoV,CTTTTAATT
bovine-CoV,CTTTTAATT
bovine-CoV,CTTTTAATT
bovine-CoV,GACACTGGTGTT
bovine-CoV,GACCTACAA
bovine-CoV,GACTTATTA
bovine-CoV,GATTTTACTA
bovine-CoV,GCTCTTAAT
bovine-CoV,GGTAGTGGTTA
bovine-CoV,GGTAGTGGTT
bovine-CoV,GGTATTTTTG
bovine-CoV,GGTGTTGTT
bovine-CoV,GTAGGTAGTGGTT
bovine-CoV,GTTATAATG
bovine-CoV,TAATGGTAATC
bovine-CoV,TAATGGTATT
bovine-CoV,TAATGTATA
bovine-CoV,TACTATTGA
bovine-CoV,TACTTTTGT
bovine-CoV,TATTAATGGG
bovine-CoV,TATTATAAT
bovine-CoV,TATTTAAAT
bovine-CoV,TGCTGCTAA
bovine-CoV,TGGCATTGG
bovine-CoV,TGGTTATTA
bovine-CoV,TGGTTTGTAT
bovine-CoV,TGTTAATTAT
bovine-CoV,TGTTACTAA
bovine-CoV,TGTTTGTGT
bovine-CoV,TTAATGAATG
bovine-CoV,TTAATTATA
bovine-CoV,TTACTAATGGT
bovine-CoV,TTAGTGCAG
bovine-CoV,TTGCTGGTG
bovine-CoV,TTGGTGCTAT
bovine-CoV,TTGTAATAG
bovine-CoV,TTGTTAATG
bovine-CoV,TTGTTCTACT
bovine-CoV,TTGTTTCCT
bovine-CoV,TTGTTTTAA
bovine-CoV,TTTACTAAT
bovine-CoV,TTTGTATTTT
bovine-CoV,TTTTACAGA
bovine-CoV,TTTTACTAT
bovine-CoV,CCTGCAGGT
bovine-CoV,CTGGTATAG
bovine-CoV,TATTATAAT
bovine-CoV,AAAACCAAA
bovine-CoV,AAGATGGTGT
bovine-CoV,AATGCTGAA
bovine-CoV,AATGCTGAT
bovine-CoV,AATGGTTTA
bovine-CoV,ACTATAGGTA
bovine-CoV,ACTGGTGTT
bovine-CoV,ACTGGTGTT
bovine-CoV,ACTTATTAT
bovine-CoV,ACTTGTAATA
bovine-CoV,AGGTTAATG
bovine-CoV,AGTAAAGTT
bovine-CoV,AGTAAATGA
bovine-CoV,AGTGGTTATT
bovine-CoV,ATAACTATAG
bovine-CoV,ATGATGTTG
bovine-CoV,ATGCTCTTG
bovine-CoV,ATGCTGTTG
bovine-CoV,CAGCAGCAG
bovine-CoV,CATGATGTT
bovine-CoV,CATGTAAAT
bovine-CoV,CATTTTTGG
bovine-CoV,CCTGCAGGT
bovine-CoV,CTAATGGTA
bovine-CoV,CTGATTTTA
bovine-CoV,CTGTTAATT
bovine-CoV,CTTTGACTT
bovine-CoV,CTTTTAATT
bovine-CoV,GACACTGGTGTT
bovine-CoV,GACCTACAA
bovine-CoV,GCTCTTAAT
bovine-CoV,GGTAATGGT
bovine-CoV,GGTAGTGGTTA
bovine-CoV,GGTGTTACC
bovine-CoV,GGTGTTGTT
bovine-CoV,GGTTTGTAT
bovine-CoV,GTAATATGG
bovine-CoV,GTTTCTGTT
bovine-CoV,TAACTATAGA
bovine-CoV,TAACTATAG
bovine-CoV,TAATGGTAATC
bovine-CoV,TAATGGTATT
bovine-CoV,TAATGGTAT
bovine-CoV,TAATGGTAT
bovine-CoV,TAGTTGGCA
bovine-CoV,TATTAATGG
bovine-CoV,TATTATAAT
bovine-CoV,TATTTAAAT
bovine-CoV,TATTTTTGCTAA
bovine-CoV,TGGCATAGG
bovine-CoV,TGGTTATTA
bovine-CoV,TGGTTTAAA
bovine-CoV,TGTAATATT
bovine-CoV,TGTTAATTAT
bovine-CoV,TGTTACTAA
bovine-CoV,TGTTTATTTA
bovine-CoV,TTAAAGATGG
bovine-CoV,TTAATGAATG
bovine-CoV,TTACTAATGGT
bovine-CoV,TTACTATTGA
bovine-CoV,TTAGTGCAG
bovine-CoV,TTATTATGT
bovine-CoV,TTCTGCTTT
bovine-CoV,TTGAGGCTT
bovine-CoV,TTGCTGGTG
bovine-CoV,TTGGTGCTAT
bovine-CoV,TTGTTAATG
bovine-CoV,TTGTTTTAA
bovine-CoV,TTTACTAAT
bovine-CoV,TTTACTATT
bovine-CoV,TTTGTATTT
bovine-CoV,TTTTACAGA
bovine-CoV,TTTTGTTGAGG
bovine-CoV,AAAACCAAA
bovine-CoV,AATGCTGAA
bovine-CoV,AATGCTGAT
bovine-CoV,AATGGTTTA
bovine-CoV,ACTATAGGTA
bovine-CoV,ACTGGTGTT
bovine-CoV,ACTTATTAT
bovine-CoV,ACTTGTAATA
bovine-CoV,AGATTTGGT
bovine-CoV,AGGTTAATG
bovine-CoV,AGTAAAGTT
bovine-CoV,AGTAAATGA
bovine-CoV,AGTGGTTATT
bovine-CoV,ATAACTATAG
bovine-CoV,ATAGGAGATTT
bovine-CoV,ATGATGTTG
bovine-CoV,ATGCTCTTG
bovine-CoV,ATGCTGTTG
bovine-CoV,ATGGTTTAAA
bovine-CoV,CAAAGTTAT
bovine-CoV,CAGCAGCAG
bovine-CoV,CATGATGTT
bovine-CoV,CCTGCAGGT
bovine-CoV,CGATTGCAATA
bovine-CoV,CTAATGGTA
bovine-CoV,CTGATTTTA
bovine-CoV,CTGGTATAG
bovine-CoV,CTGTTAATT
bovine-CoV,CTTTGACTT
bovine-CoV,CTTTTAATT
bovine-CoV,GCTCTTAAT
bovine-CoV,GGTAGTGGTTA
bovine-CoV,GGTAGTGGTT
bovine-CoV,GGTGTTGTT
bovine-CoV,GGTTTGTAT
bovine-CoV,GTAATATGG
bovine-CoV,GTAATTTTA
bovine-CoV,GTAGGTAGTGGTT
bovine-CoV,GTTTCTGTT
bovine-CoV,TAACTATAGA
bovine-CoV,TAACTATAG
bovine-CoV,TAATGGTAATC
bovine-CoV,TAATGGTATT
bovine-CoV,TAATGGTAT
bovine-CoV,TAATGGTAT
bovine-CoV,TAGGTACTT
bovine-CoV,TAGTTGGCA
bovine-CoV,TATTAATGG
bovine-CoV,TATTATAAT
bovine-CoV,TATTTAAAT
bovine-CoV,TATTTTTGC
bovine-CoV,TGCTGCTAA
bovine-CoV,TGGTTATTAC
bovine-CoV,TGTTAATTAT
bovine-CoV,TGTTACTAA
bovine-CoV,TTAATGAATG
bovine-CoV,TTACTAATGGT
bovine-CoV,TTACTATTGA
bovine-CoV,TTAGTGCAG
bovine-CoV,TTATTATGT
bovine-CoV,TTCTGCTTT
bovine-CoV,TTGAGGCTT
bovine-CoV,TTGCTGGTG
bovine-CoV,TTGGTGCTAT
bovine-CoV,TTGTTAATG
bovine-CoV,TTGTTTGTG
bovine-CoV,TTGTTTTAA
bovine-CoV,TTTACTAAT
bovine-CoV,TTTACTATT
bovine-CoV,TTTGTATTT
bovine-CoV,TTTTACAGA
bovine-CoV,TTTTGTTGAGG
bovine-CoV,AAAATCAAA
bovine-CoV,AAGATGGTGT
bovine-CoV,AATGCTGAA
bovine-CoV,AATGCTGAT
bovine-CoV,AATGGTTTA
bovine-CoV,ACTATAGGTA
bovine-CoV,ACTGGTGTT
bovine-CoV,ACTGGTGTT
bovine-CoV,ACTTATTAT
bovine-CoV,ACTTGTAATA
bovine-CoV,AGATTTGGT
bovine-CoV,AGGTTAATG
bovine-CoV,AGTAAAGTT
bovine-CoV,AGTGGTTAC
bovine-CoV,AGTGGTTATT
bovine-CoV,ATAACTATAG
bovine-CoV,ATAGGAGATTT
bovine-CoV,ATCATATCAT
bovine-CoV,ATGATGTTG
bovine-CoV,ATGCTGTTG
bovine-CoV,CAGCAGCAG
bovine-CoV,CATGATGTT
bovine-CoV,CGATTGCAATA
bovine-CoV,CTAATGGTA
bovine-CoV,CTGTTAATT
bovine-CoV,CTTTTAATT
bovine-CoV,CTTTTAATT
bovine-CoV,CTTTTAATT
bovine-CoV,GACACTGGTGTT
bovine-CoV,GACCTACAA
bovine-CoV,GACTTATTA
bovine-CoV,GCTCTTAAT
bovine-CoV,GGTAGTGGTTA
bovine-CoV,GGTAGTGGTT
bovine-CoV,GGTGTTGTT
bovine-CoV,GGTTACACT
bovine-CoV,GGTTTGTAT
bovine-CoV,GTAATATGG
bovine-CoV,GTAGGTAGTGGTT
bovine-CoV,GTTTCTGTT
bovine-CoV,TAATGGTAATC
bovine-CoV,TAATGGTATT
bovine-CoV,TAATGGTAT
bovine-CoV,TAATGGTAT
bovine-CoV,TAATTTTAAT
bovine-CoV,TAGTTGGCA
bovine-CoV,TATTAATGG
bovine-CoV,TATTATAAT
bovine-CoV,TATTTAAAT
bovine-CoV,TATTTTTGCTAA
bovine-CoV,TGCTGCTAA
bovine-CoV,TGGCATAGG
bovine-CoV,TGGTTATTAC
bovine-CoV,TGGTTTAAA
bovine-CoV,TGTGTAGGTA
bovine-CoV,TGTTAATTA
bovine-CoV,TGTTACTAA
bovine-CoV,TTAAAGATGG
bovine-CoV,TTAATGAATG
bovine-CoV,TTACTAATGGT
bovine-CoV,TTACTATTGA
bovine-CoV,TTAGTGCAG
bovine-CoV,TTATGTAAA
bovine-CoV,TTATTATGT
bovine-CoV,TTCTGCTTT
bovine-CoV,TTGAGGCTT
bovine-CoV,TTGCTGGTG
bovine-CoV,TTGGGTAAT
bovine-CoV,TTGGTGCTAT
bovine-CoV,TTGTTTATG
bovine-CoV,TTGTTTTAA
bovine-CoV,TTTACTAAT
bovine-CoV,TTTACTATT
bovine-CoV,TTTGTATTTT
bovine-CoV,TTTTACAGA
bovine-CoV,TTTTGTTGAGG
bovine-CoV,AAAATCAAA
bovine-CoV,AAGGTTAAT
bovine-CoV,AATAATACT
bovine-CoV,AATGCTGAA
bovine-CoV,AATGCTGAT
bovine-CoV,AATGGTTTA
bovine-CoV,ACTATAGGTA
bovine-CoV,ACTGGTGTT
bovine-CoV,ACTGGTGTT
bovine-CoV,ACTTGTAATAGT
bovine-CoV,ACTTTAGCT
bovine-CoV,AGGTTAATG
bovine-CoV,AGTAAATGA
bovine-CoV,AGTTTAATG
bovine-CoV,ATAACTATAG
bovine-CoV,ATAGGAGATTT
bovine-CoV,ATGATGTTG
bovine-CoV,ATGCTGTTG
bovine-CoV,ATGGTATTA
bovine-CoV,ATGGTGTTA
bovine-CoV,ATGGTTTAAA
bovine-CoV,ATTTTATTT
bovine-CoV,ATTTTGATA
bovine-CoV,ATTTTTGCTAA
bovine-CoV,CACTGTTCAG
bovine-CoV,CAGCAGCAG
bovine-CoV,CCTGCAGGT
bovine-CoV,CGATTGTAATA
bovine-CoV,CTAATGGTA
bovine-CoV,CTATGGTTT
bovine-CoV,CTGCTATAA
bovine-CoV,CTTTTAATT
bovine-CoV,CTTTTAATT
bovine-CoV,CTTTTAATT
bovine-CoV,GACACTGGTGTT
bovine-CoV,GACTTATTA
bovine-CoV,GATTTTACTA
bovine-CoV,GCTCTTAAT
bovine-CoV,GGTAGTGGTTACT
bovine-CoV,GGTAGTGGTT
bovine-CoV,GGTATTTTTG
bovine-CoV,GTAGGTAGTGGTT
bovine-CoV,GTTATAATG
bovine-CoV,GTTTAATGTA
bovine-CoV,GTTTCTGTT
bovine-CoV,TAATGGTAATC
bovine-CoV,TAATGGTATT
bovine-CoV,TAATGTATA
bovine-CoV,TACTTTTGT
bovine-CoV,TAGTTGGCA
bovine-CoV,TATAATGCTG
bovine-CoV,TATTAATGGG
bovine-CoV,TATTATAAT
bovine-CoV,TATTTAAAT
bovine-CoV,TGCTATAAGTT
bovine-CoV,TGCTGCTAA
bovine-CoV,TGGTTTGTAT
bovine-CoV,TGTTAATTAT
bovine-CoV,TGTTACTAA
bovine-CoV,TTAATGAATG
bovine-CoV,TTAATTATA
bovine-CoV,TTACTAATGGT
bovine-CoV,TTACTATTGA
bovine-CoV,TTAGTGCAG
bovine-CoV,TTGCTGGTG
bovine-CoV,TTGGTGCTAT
bovine-CoV,TTGTAATAG
bovine-CoV,TTGTAATAG
bovine-CoV,TTGTTAATG
bovine-CoV,TTGTTCTACT
bovine-CoV,TTGTTTTAA
bovine-CoV,TTTACTAAT
bovine-CoV,TTTACTATT
bovine-CoV,TTTGTATGA
bovine-CoV,TTTGTATTT
bovine-CoV,TTTTACAGA
bovine-CoV,TTTTACTAT
bovine-CoV,TTTTGTTGAGG
bovine-CoV,AAAACCAAA
bovine-CoV,AAGATGGTGT
bovine-CoV,AATAATACT
bovine-CoV,AATGCTGAA
bovine-CoV,AATGCTGAT
bovine-CoV,AATGGTTTA
bovine-CoV,ACAACCACA
bovine-CoV,ACTGGTGTT
bovine-CoV,ACTGGTGTT
bovine-CoV,ACTTATTAT
bovine-CoV,ACTTGTAATA
bovine-CoV,AGGTTAATG
bovine-CoV,AGTAAATGA
bovine-CoV,AGTGGTTATT
bovine-CoV,AGTTTAGAA
bovine-CoV,ATGATGTTG
bovine-CoV,ATGCTGTTG
bovine-CoV,ATGGTGTTA
bovine-CoV,ATGGTTTAAA
bovine-CoV,CATGTAAATT
bovine-CoV,CATTATTAT
bovine-CoV,CGGTTACACT
bovine-CoV,CTAATGGTA
bovine-CoV,CTATGGTTT
bovine-CoV,CTGATTTTA
bovine-CoV,CTGGTGTTG
bovine-CoV,GACACTGGTGTT
bovine-CoV,GACCTACAA
bovine-CoV,GACTTATTA
bovine-CoV,GCTCTTAATA
bovine-CoV,GCTCTTAAT
bovine-CoV,GCTCTTAAT
bovine-CoV,GGAGGCAAT
bovine-CoV,GGTAGTGGTTA
bovine-CoV,GGTAGTGGT
bovine-CoV,GGTATTTTTG
bovine-CoV,GGTGTTGTT
bovine-CoV,GTACTTGCC
bovine-CoV,GTTTCTGTT
bovine-CoV,TAAATTACA
bovine-CoV,TAACTATAGA
bovine-CoV,TAATGGTAT
bovine-CoV,TAATTATTT
bovine-CoV,TACAAAAAG
bovine-CoV,TAGGTACTT
bovine-CoV,TATTAATGG
bovine-CoV,TATTATAAT
bovine-CoV,TATTTAAAT
bovine-CoV,TATTTTTGCTAA
bovine-CoV,TGATTGTAA
bovine-CoV,TGCTGCTAA
bovine-CoV,TGGTAGTGGT
bovine-CoV,TGTTAATGCA
bovine-CoV,TGTTAATTAT
bovine-CoV,TGTTACTAA
bovine-CoV,TGTTTTAAG
bovine-CoV,TTAAAGATGG
bovine-CoV,TTAATAGTG
bovine-CoV,TTACTAATGGT
bovine-CoV,TTACTACCC
bovine-CoV,TTACTATAGGT
bovine-CoV,TTACTATTC
bovine-CoV,TTAGTGCAG
bovine-CoV,TTATTAATG
bovine-CoV,TTATTATGT
bovine-CoV,TTCAATGTA
bovine-CoV,TTCCATTTT
bovine-CoV,TTCCTGTTTA
bovine-CoV,TTGAGGCTT
bovine-CoV,TTGATGCTG
bovine-CoV,TTGGATTTT
bovine-CoV,TTGTAATAA
bovine-CoV,TTGTTTTAA
bovine-CoV,TTTAACTAT
bovine-CoV,TTTACTAAT
bovine-CoV,TTTACTATT
bovine-CoV,TTTTAAGCC
bovine-CoV,TTTTGTTGAGG
bovine-CoV,TTTTTGATA
bovine-CoV,AAAACCAAA
bovine-CoV,AAGATGGTGT
bovine-CoV,AATGCTGAT
bovine-CoV,AATGGTTTA
bovine-CoV,ACTATAGGTA
bovine-CoV,ACTGGTGTT
bovine-CoV,ACTGGTGTT
bovine-CoV,ACTTATTAT
bovine-CoV,ACTTGTAATA
bovine-CoV,AGGTTAATG
bovine-CoV,AGTAAAGTT
bovine-CoV,AGTAAATGA
bovine-CoV,AGTGGTTATT
bovine-CoV,ATAACTATAG
bovine-CoV,ATAGGAGATTT
bovine-CoV,ATGATGTTG
bovine-CoV,ATGCTCTTG
bovine-CoV,ATGCTGTTG
bovine-CoV,CAGCAGCAG
bovine-CoV,CATGATGTT
bovine-CoV,CCTGCAGGT
bovine-CoV,CGATTGCAATA
bovine-CoV,CTAATGGTA
bovine-CoV,CTGATTTTA
bovine-CoV,CTGCTTTTG
bovine-CoV,CTGTTAATT
bovine-CoV,CTTTGACTT
bovine-CoV,CTTTTAATT
bovine-CoV,CTTTTAATT
bovine-CoV,CTTTTAATT
bovine-CoV,GACACTGGTGTT
bovine-CoV,GACCTACAA
bovine-CoV,GCTCTTAAT
bovine-CoV,GGTAATGGT
bovine-CoV,GGTAGTGGTTA
bovine-CoV,GGTGTTACC
bovine-CoV,GGTGTTGTT
bovine-CoV,GTAATATGG
bovine-CoV,GTTTCTGTT
bovine-CoV,TAAATTGGG
bovine-CoV,TAATGGTAATC
bovine-CoV,TAATGGTATT
bovine-CoV,TAATGGTAT
bovine-CoV,TAATGGTAT
bovine-CoV,TAGTTGGCA
bovine-CoV,TATTAATGG
bovine-CoV,TATTATAAT
bovine-CoV,TATTTAAAT
bovine-CoV,TATTTTTGCTAA
bovine-CoV,TCTGATGTC
bovine-CoV,TGCTGCTAA
bovine-CoV,TGGCATAGG
bovine-CoV,TGGTTATTAC
bovine-CoV,TGGTTTAAA
bovine-CoV,TGGTTTGTAT
bovine-CoV,TGTTAATTAT
bovine-CoV,TGTTACTAA
bovine-CoV,TTAAAGATGG
bovine-CoV,TTAATGAATG
bovine-CoV,TTAATTATA
bovine-CoV,TTACTAATGGT
bovine-CoV,TTACTATTGA
bovine-CoV,TTAGTGCAG
bovine-CoV,TTATTATGT
bovine-CoV,TTCTGCTTT
bovine-CoV,TTGAGGCTT
bovine-CoV,TTGCTGGTG
bovine-CoV,TTGGGTAAT
bovine-CoV,TTGGTGCTAT
bovine-CoV,TTGTTAATG
bovine-CoV,TTGTTTTAA
bovine-CoV,TTTACTAAT
bovine-CoV,TTTACTATT
bovine-CoV,TTTGTATTT
bovine-CoV,TTTTGTTGAGG
bovine-CoV,AAAAATCAAACA
bovine-CoV,AAAATCAAA
bovine-CoV,AAAATCAAA
bovine-CoV,AAGATGGTGT
bovine-CoV,AATGCTGAA
bovine-CoV,AATGCTGAT
bovine-CoV,AATGGTTTA
bovine-CoV,ACAGGTGTT
bovine-CoV,ACTATAGGTA
bovine-CoV,ACTGGTGTT
bovine-CoV,ACTTATTAT
bovine-CoV,ACTTGTAATA
bovine-CoV,AGATTTGGT
bovine-CoV,AGGTTAATG
bovine-CoV,AGTAAAGTT
bovine-CoV,AGTAAATGA
bovine-CoV,AGTGGTTAC
bovine-CoV,AGTGGTTATT
bovine-CoV,ATAACTATAG
bovine-CoV,ATAGGAGATTT
bovine-CoV,ATGATGTTG
bovine-CoV,ATGCTCTTG
bovine-CoV,ATGCTGTTG
bovine-CoV,CAGCAGCAG
bovine-CoV,CATGATGTT
bovine-CoV,CCTGCAGGT
bovine-CoV,CTAATGGTA
bovine-CoV,CTGATTTTA
bovine-CoV,CTGTTAATT
bovine-CoV,CTTTGACTT
bovine-CoV,CTTTTAATT
bovine-CoV,CTTTTAATT
bovine-CoV,CTTTTAATT
bovine-CoV,GACCTACAA
bovine-CoV,GACTTATTA
bovine-CoV,GCTCTTAAT
bovine-CoV,GGTAGTGGTTA
bovine-CoV,GGTAGTGGTT
bovine-CoV,GGTGTTGTT
bovine-CoV,GGTTACACT
bovine-CoV,GGTTTTACA
bovine-CoV,GTAATATGG
bovine-CoV,GTAGGTAGTGGTT
bovine-CoV,GTTTCTGTT
bovine-CoV,TAATGGTAATC
bovine-CoV,TAATGGTATT
bovine-CoV,TAATGGTAT
bovine-CoV,TAATGGTAT
bovine-CoV,TAATTTTAAT
bovine-CoV,TAGTTGGCA
bovine-CoV,TATTAATGG
bovine-CoV,TATTATAAT
bovine-CoV,TATTTAAAT
bovine-CoV,TATTTTTGCTAA
bovine-CoV,TGCTGCTAA
bovine-CoV,TGGCATAGG
bovine-CoV,TGGTTTAAA
bovine-CoV,TGGTTTGTAT
bovine-CoV,TGTTAATTAT
bovine-CoV,TGTTACTAA
bovine-CoV,TTAAAGATGG
bovine-CoV,TTAATGAATG
bovine-CoV,TTAATTATA
bovine-CoV,TTACTAATGGT
bovine-CoV,TTACTATTGA
bovine-CoV,TTAGTGCAG
bovine-CoV,TTATTATGT
bovine-CoV,TTCTGCTTT
bovine-CoV,TTGAGGCTT
bovine-CoV,TTGCTGGTG
bovine-CoV,TTGGGTAAT
bovine-CoV,TTGGTGCTAT
bovine-CoV,TTGTAATAA
bovine-CoV,TTGTTAATG
bovine-CoV,TTGTTTTAA
bovine-CoV,TTTACTAAT
bovine-CoV,TTTACTATT
bovine-CoV,TTTGTATTT
bovine-CoV,TTTTACAGA
bovine-CoV,TTTTGTTGAGG
bovine-CoV,AAAATCAAA
bovine-CoV,AAATTTCTGT
bovine-CoV,AAGATGGTGT
bovine-CoV,AATAATACT
bovine-CoV,AATGCTGAT
bovine-CoV,AATGGTTTA
bovine-CoV,ACTATAGGTA
bovine-CoV,ACTGGTGTT
bovine-CoV,ACTGGTGTT
bovine-CoV,ACTTATTAT
bovine-CoV,ACTTGTAATA
bovine-CoV,AGATTTGGT
bovine-CoV,AGGTGGTTT
bovine-CoV,AGGTGTTACC
bovine-CoV,AGGTTAATG
bovine-CoV,AGTAAAGTT
bovine-CoV,AGTAAATGA
bovine-CoV,AGTCTGTTT
bovine-CoV,AGTGGTTAC
bovine-CoV,ATAACTATAG
bovine-CoV,ATAGGAGATTT
bovine-CoV,ATGATGTTG
bovine-CoV,ATGCTGTTG
bovine-CoV,CAGCAGCAG
bovine-CoV,CGATTGTAATA
bovine-CoV,CTAATGGTA
bovine-CoV,CTGATTTTA
bovine-CoV,CTGTTAATT
bovine-CoV,CTTTGACTT
bovine-CoV,CTTTTAATT
bovine-CoV,GACACTGGTGTT
bovine-CoV,GACCTACAA
bovine-CoV,GACTTATTA
bovine-CoV,GCTCTTAAT
bovine-CoV,GGTAGTGGTTA
bovine-CoV,GGTAGTGGTT
bovine-CoV,GGTATTTTTG
bovine-CoV,GGTGTTGTT
bovine-CoV,GGTTACACT
bovine-CoV,GTAATATGG
bovine-CoV,GTAGGTAGTGGTT
bovine-CoV,GTTTCTGTT
bovine-CoV,TAATATTGA
bovine-CoV,TAATGGTAATC
bovine-CoV,TAATGGTAT
bovine-CoV,TAATGGTAT
bovine-CoV,TAATGGTAT
bovine-CoV,TAGTTGGCA
bovine-CoV,TATGGCACTG
bovine-CoV,TATTAATGG
bovine-CoV,TATTATAAT
bovine-CoV,TATTTAAAT
bovine-CoV,TATTTTTGCTAA
bovine-CoV,TCATGATGTT
bovine-CoV,TGCTGCACAA
bovine-CoV,TGGTATAGG
bovine-CoV,TGGTTATTAC
bovine-CoV,TGGTTTAAA
bovine-CoV,TGGTTTGTAT
bovine-CoV,TGGTTTTAC
bovine-CoV,TGTAATATT
bovine-CoV,TGTTAATTAT
bovine-CoV,TGTTACTAA
bovine-CoV,TTAAAGATGG
bovine-CoV,TTAATGAATG
bovine-CoV,TTACTAATGGT
bovine-CoV,TTACTATTGA
bovine-CoV,TTATGTAAA
bovine-CoV,TTATTATGT
bovine-CoV,TTCAAGAAGG
bovine-CoV,TTCTGCTTT
bovine-CoV,TTGAGGCTT
bovine-CoV,TTGCTGGTG
bovine-CoV,TTGGTGCTAT
bovine-CoV,TTGTAATAA
bovine-CoV,TTGTTTATG
bovine-CoV,TTGTTTTAA
bovine-CoV,TTTACTAAT
bovine-CoV,TTTACTATT
bovine-CoV,TTTGTATTTT
bovine-CoV,TTTTACAGA
bovine-CoV,TTTTGTTGAGG
bovine-CoV,AAAATCAAA
bovine-CoV,AAAGCTACA
bovine-CoV,AAGGTTAAT
bovine-CoV,AATAATACT
bovine-CoV,AATGCTGAA
bovine-CoV,AATGCTGAT
bovine-CoV,AATGGTTTA
bovine-CoV,ACTATAGGTA
bovine-CoV,ACTGGTGTT
bovine-CoV,ACTGGTGTT
bovine-CoV,ACTTGTAATA
bovine-CoV,ACTTTAGCT
bovine-CoV,AGGTTAATG
bovine-CoV,AGTAAATGA
bovine-CoV,ATAACTATAG
bovine-CoV,ATAGGAGATTT
bovine-CoV,ATGATGTTG
bovine-CoV,ATGCTGTTG
bovine-CoV,ATGGTATTA
bovine-CoV,ATGGTGTTA
bovine-CoV,ATGGTTTAAA
bovine-CoV,ATTTTATTT
bovine-CoV,ATTTTGATA
bovine-CoV,ATTTTTGCTAA
bovine-CoV,CACTGTTCAG
bovine-CoV,CAGCAGCAG
bovine-CoV,CCTGCAGGT
bovine-CoV,CGATTGTAATA
bovine-CoV,CTAATGGTA
bovine-CoV,CTATGGTTT
bovine-CoV,CTTTTAATT
bovine-CoV,CTTTTAATT
bovine-CoV,CTTTTAATT
bovine-CoV,GACACTGGTGTT
bovine-CoV,GACTTATTA
bovine-CoV,GATTTTACTA
bovine-CoV,GCTCTTAAT
bovine-CoV,GGTAGTGGTTACT
bovine-CoV,GGTAGTGGTT
bovine-CoV,GGTATTTTTG
bovine-CoV,GTAGGTAGTGGTT
bovine-CoV,GTTATAATG
bovine-CoV,GTTTCTGTT
bovine-CoV,TAATGGTAATC
bovine-CoV,TAATGGTATT
bovine-CoV,TAATGTATA
bovine-CoV,TACTTTTGT
bovine-CoV,TAGTTGGCA
bovine-CoV,TATTAATGGG
bovine-CoV,TATTATAAT
bovine-CoV,TATTTAAAT
bovine-CoV,TGCTGCTAA
bovine-CoV,TGGTTTGTAT
bovine-CoV,TGTTAATTAT
bovine-CoV,TGTTACTAA
bovine-CoV,TTAATGAATG
bovine-CoV,TTAATTATA
bovine-CoV,TTACTAATGGT
bovine-CoV,TTACTATTGA
bovine-CoV,TTAGTGCAG
bovine-CoV,TTGCTGGTG
bovine-CoV,TTGGTGCTAT
bovine-CoV,TTGTAATAG
bovine-CoV,TTGTTAATG
bovine-CoV,TTGTTCTACT
bovine-CoV,TTGTTTTAA
bovine-CoV,TTTACTAAT
bovine-CoV,TTTACTATT
bovine-CoV,TTTGTATTT
bovine-CoV,TTTTACAGA
bovine-CoV,TTTTACTAT
bovine-CoV,TTTTGTTGAGG
bovine-CoV,ACTGGTGTT
bovine-CoV,ACTGGTGTT
bovine-CoV,GACACTGGTGTT
bovine-CoV,GGTGTTGTT
bovine-CoV,TAATGTATA
bovine-CoV,TGTTACTAA
bovine-CoV,TTACTAATGGT
bovine-CoV,CCTGCAGGT
bovine-CoV,TGGCATAGG
bovine-CoV,ACTGGTGTT
bovine-CoV,ACTGGTGTT
bovine-CoV,ACTTGTAATA
bovine-CoV,ATAACTATAG
bovine-CoV,ATAGGAGATTT
bovine-CoV,ATGATGTTG
bovine-CoV,CACTGTTCA
bovine-CoV,CCTGCAGGT
bovine-CoV,GACACTGGTGTT
bovine-CoV,GATTGTAATA
bovine-CoV,GGTGTTGTT
bovine-CoV,GTTTCTGTT
bovine-CoV,TAACTATAGA
bovine-CoV,TAACTATAG
bovine-CoV,TAATATTGA
bovine-CoV,TGCTGCTAA
bovine-CoV,TGTTACTAA
bovine-CoV,TTACTAATGGT
bovine-CoV,TTGTAATAGTG
bovine-CoV,TTTTACAGA
bovine-CoV,TTACTAATGGT
bovine-CoV,AAAAATCAAACA
bovine-CoV,AAAATCAAA
bovine-CoV,AAAATCAAA
bovine-CoV,AATAATACT
bovine-CoV,AATAGTGGTA
bovine-CoV,AATGCTGAA
bovine-CoV,AATGCTGAT
bovine-CoV,AATGGTTTA
bovine-CoV,ACTATAGGTA
bovine-CoV,ACTGGTGTT
bovine-CoV,ACTGGTGTT
bovine-CoV,ACTTATTAT
bovine-CoV,ACTTGTAATA
bovine-CoV,AGGTTAATG
bovine-CoV,AGTAAATGA
bovine-CoV,AGTCAAAAT
bovine-CoV,AGTGGTTATT
bovine-CoV,ATAACTATAG
bovine-CoV,ATAGGAGATTT
bovine-CoV,ATGATGTTG
bovine-CoV,ATGCTGTTG
bovine-CoV,ATGGTGTTA
bovine-CoV,ATGGTTTAAA
bovine-CoV,ATTTTATTT
bovine-CoV,ATTTTGATA
bovine-CoV,CACTGTTCAG
bovine-CoV,CAGCAGCAG
bovine-CoV,CCATTAAAT
bovine-CoV,CCTGCAGGT
bovine-CoV,CGATTGTAATA
bovine-CoV,CTAATGGTA
bovine-CoV,CTACCAATT
bovine-CoV,CTATGGTTT
bovine-CoV,CTGATTTTA
bovine-CoV,CTTTTAATT
bovine-CoV,GACACTGGTGTT
bovine-CoV,GACCTACAA
bovine-CoV,GACTTATTA
bovine-CoV,GATTTTACTA
bovine-CoV,GCTCTTAAT
bovine-CoV,GGTAGTGGTTA
bovine-CoV,GGTAGTGGTT
bovine-CoV,GGTATTTTTG
bovine-CoV,GGTGTTGTT
bovine-CoV,GTAGGTAGTGGTT
bovine-CoV,GTTATAATG
bovine-CoV,GTTTCTGTT
bovine-CoV,TAACTATAGA
bovine-CoV,TAACTATAG
bovine-CoV,TAATGGTAATC
bovine-CoV,TAATGGTAT
bovine-CoV,TAATGTATA
bovine-CoV,TACCAATTTTGA
bovine-CoV,TACTATTGA
bovine-CoV,TACTTTTGT
bovine-CoV,TATTAATGGG
bovine-CoV,TATTATAAT
bovine-CoV,TATTTAAAT
bovine-CoV,TATTTTTGCTAA
bovine-CoV,TCTCCATTAA
bovine-CoV,TGCTGCTAA
bovine-CoV,TGGTTATTAC
bovine-CoV,TGGTTTGTAT
bovine-CoV,TGTTACTAA
bovine-CoV,TTAATGAATG
bovine-CoV,TTACTAATGGT
bovine-CoV,TTAGTGCAG
bovine-CoV,TTATTTTTA
bovine-CoV,TTGCTGGTG
bovine-CoV,TTGGTGCTAT
bovine-CoV,TTGTAATAG
bovine-CoV,TTGTTAATG
bovine-CoV,TTGTTCTACT
bovine-CoV,TTGTTTCCT
bovine-CoV,TTTTACAGA
bovine-CoV,TTTTACTAT
bovine-CoV,AAAATCAAA
bovine-CoV,AATAATACT
bovine-CoV,AATGCTGAA
bovine-CoV,AATGCTGAT
bovine-CoV,AATGGTTTA
bovine-CoV,ACTATAGGTA
bovine-CoV,ACTGGTGTT
bovine-CoV,ACTGGTGTT
bovine-CoV,ACTTATTAT
bovine-CoV,ACTTGTAATA
bovine-CoV,ACTTTAGCT
bovine-CoV,AGGTTAATG
bovine-CoV,AGTAAATGA
bovine-CoV,AGTCAAAAT
bovine-CoV,AGTGGTTATT
bovine-CoV,ATAACTATAG
bovine-CoV,ATAGGAGATTT
bovine-CoV,ATGATGTTG
bovine-CoV,ATGCTGTTG
bovine-CoV,ATGGTATTA
bovine-CoV,ATGGTGTTA
bovine-CoV,ATGGTTTAAA
bovine-CoV,ATTTTATTT
bovine-CoV,ATTTTGATA
bovine-CoV,CACTGTTCAG
bovine-CoV,CAGCAGCAG
bovine-CoV,CCTGCAGGT
bovine-CoV,CGATTGTAATA
bovine-CoV,CTAATGGTA
bovine-CoV,CTATGGTTT
bovine-CoV,CTTTGACTT
bovine-CoV,CTTTTAATT
bovine-CoV,CTTTTAATT
bovine-CoV,CTTTTAATT
bovine-CoV,GACACTGGTGTT
bovine-CoV,GACTTATTA
bovine-CoV,GATTTTACTA
bovine-CoV,GCTCTTAAT
bovine-CoV,GGTAGTGGTTA
bovine-CoV,GGTAGTGGTT
bovine-CoV,GGTATTTTTG
bovine-CoV,GGTGTTGTT
bovine-CoV,GTAGGTAGTGGTT
bovine-CoV,GTTATAATG
bovine-CoV,TAATGGTAATC
bovine-CoV,TAATGGTATT
bovine-CoV,TAATGTATA
bovine-CoV,TACTATTGA
bovine-CoV,TACTTTTGT
bovine-CoV,TAGTTGGCA
bovine-CoV,TATTAATGGG
bovine-CoV,TATTATAAT
bovine-CoV,TATTTAAAT
bovine-CoV,TATTTTTGCTAA
bovine-CoV,TGCTGCTAA
bovine-CoV,TGGCATTGG
bovine-CoV,TGGTTATTA
bovine-CoV,TGGTTTGTAT
bovine-CoV,TGTTAATTAT
bovine-CoV,TGTTACTAA
bovine-CoV,TGTTTGTGT
bovine-CoV,TTAATGAATG
bovine-CoV,TTAATTATA
bovine-CoV,TTACTAATGGT
bovine-CoV,TTAGTGCAG
bovine-CoV,TTGCTGGTG
bovine-CoV,TTGGTGCTAT
bovine-CoV,TTGTAATAG
bovine-CoV,TTGTTAATG
bovine-CoV,TTGTTCTACT
bovine-CoV,TTGTTTCCT
bovine-CoV,TTGTTTTAA
bovine-CoV,TTTACTAAT
bovine-CoV,TTTGTATTT
bovine-CoV,TTTTACAGA
bovine-CoV,TTTTACTAT
bovine-CoV,CCTGCAGGT
bovine-CoV,TGGCATAGG
bovine-CoV,AATAGTGGTA
bovine-CoV,CATGATGTT
bovine-CoV,CCTGCAGGT
bovine-CoV,TAGTTGGCA
bovine-CoV,CCTGCAGGT
bovine-CoV,TGGCATAGG
bovine-CoV,AAAATCAAA
bovine-CoV,AAGATGGTGT
bovine-CoV,AATGCTGAA
bovine-CoV,AATGCTGAT
bovine-CoV,ACTATAGGTA
bovine-CoV,ACTGGTGTT
bovine-CoV,ACTGGTGTT
bovine-CoV,ACTTATTAT
bovine-CoV,ACTTGTAATA
bovine-CoV,AGATTTGGT
bovine-CoV,AGGTTAATG
bovine-CoV,AGTAAAGTT
bovine-CoV,AGTAAATGA
bovine-CoV,AGTGGTTATT
bovine-CoV,ATAACTATAG
bovine-CoV,ATAGGAGATTT
bovine-CoV,ATGATGTTG
bovine-CoV,ATGCTCTTG
bovine-CoV,ATGCTGTTG
bovine-CoV,CAGCAGCAG
bovine-CoV,CATGATGTT
bovine-CoV,CCTGCAGGT
bovine-CoV,CGATTGCAATA
bovine-CoV,CTAATGGTA
bovine-CoV,CTGATTTTA
bovine-CoV,CTGTTAATT
bovine-CoV,CTTTTAATT
bovine-CoV,GACACTGGTGTT
bovine-CoV,GACCTACAA
bovine-CoV,GACTTATTA
bovine-CoV,GCTCTTAAT
bovine-CoV,GGTAATGGT
bovine-CoV,GGTAGTGGTTA
bovine-CoV,GGTGTTGTT
bovine-CoV,GTAATATGG
bovine-CoV,GTGGTTGTT
bovine-CoV,GTTTCTGTT
bovine-CoV,GTTTTTAAT
bovine-CoV,TAATGGTAATC
bovine-CoV,TAATGGTATT
bovine-CoV,TAATGGTAT
bovine-CoV,TAATGGTAT
bovine-CoV,TAATTTGGG
bovine-CoV,TAGTTGGCA
bovine-CoV,TATGGTTTT
bovine-CoV,TATTAATGG
bovine-CoV,TATTATAAT
bovine-CoV,TATTTAAAT
bovine-CoV,TATTTTTGCTAA
bovine-CoV,TGCTGCTAA
bovine-CoV,TGGCATAGG
bovine-CoV,TGGTTATTAC
bovine-CoV,TGGTTTAAA
bovine-CoV,TGGTTTGTAT
bovine-CoV,TGTTAATTAT
bovine-CoV,TGTTACTAA
bovine-CoV,TTAAAGATGG
bovine-CoV,TTAATGAATG
bovine-CoV,TTAATTATA
bovine-CoV,TTACTAATGG
bovine-CoV,TTACTATTGA
bovine-CoV,TTAGTGCAG
bovine-CoV,TTATTATGT
bovine-CoV,TTCTGCTTT
bovine-CoV,TTGAGGCTT
bovine-CoV,TTGCTGGTG
bovine-CoV,TTGGGTAAT
bovine-CoV,TTGGGTAAT
bovine-CoV,TTGGTGCTAT
bovine-CoV,TTGTTAATG
bovine-CoV,TTGTTTTAA
bovine-CoV,TTTACTATT
bovine-CoV,TTTGGGTAAT
bovine-CoV,TTTGTATTT
bovine-CoV,TTTTACAGA
bovine-CoV,AAAACCAAA
bovine-CoV,AATGCTGAA
bovine-CoV,AATGCTGAT
bovine-CoV,AATGGTAATC
bovine-CoV,AATGGTTTA
bovine-CoV,ACTATAGGTA
bovine-CoV,ACTGGTGTT
bovine-CoV,ACTGGTGTT
bovine-CoV,ACTTATTAT
bovine-CoV,ACTTGTAATA
bovine-CoV,AGGTTAATG
bovine-CoV,AGTAAAGTT
bovine-CoV,AGTAAATGA
bovine-CoV,AGTGGTTATT
bovine-CoV,ATAACTATAG
bovine-CoV,ATAGGAGATTT
bovine-CoV,ATGATGTTG
bovine-CoV,ATGCTCTTG
bovine-CoV,ATGCTGTTG
bovine-CoV,ATTTTGATAG
bovine-CoV,CAGCAGCAG
bovine-CoV,CATGATGTT
bovine-CoV,CCAATGGTA
bovine-CoV,CGATTGTAATA
bovine-CoV,CTGATTTTA
bovine-CoV,CTGCTTTTG
bovine-CoV,CTGGTATAG
bovine-CoV,CTGTTAATT
bovine-CoV,CTTTGACTT
bovine-CoV,CTTTTAATT
bovine-CoV,GACACTGGTGTT
bovine-CoV,GACCTACAA
bovine-CoV,GCTCTTAAT
bovine-CoV,GGTAGTGGTTA
bovine-CoV,GGTAGTGGTT
bovine-CoV,GGTGTTACC
bovine-CoV,GGTGTTGTT
bovine-CoV,GTAATATGG
bovine-CoV,GTAGGTAGTGGTT
bovine-CoV,GTTTCTGTT
bovine-CoV,TAACTATAGA
bovine-CoV,TAACTATAG
bovine-CoV,TAATATTGA
bovine-CoV,TAATGGTATT
bovine-CoV,TAATGGTAT
bovine-CoV,TAATGGTAT
bovine-CoV,TACTAATTTTGA
bovine-CoV,TAGGTACTT
bovine-CoV,TAGTTGGCA
bovine-CoV,TATTAATGG
bovine-CoV,TATTATAAT
bovine-CoV,TATTTAAAT
bovine-CoV,TATTTTTGC
bovine-CoV,TGCTGCTAA
bovine-CoV,TGGTTATTAC
bovine-CoV,TGGTTTAAA
bovine-CoV,TGGTTTGTAT
bovine-CoV,TGTAATATT
bovine-CoV,TGTGGTGGT
bovine-CoV,TGTTACTAA
bovine-CoV,TGTTTATTTA
bovine-CoV,TTAATGAATG
bovine-CoV,TTACTAATGGT
bovine-CoV,TTACTATTGA
bovine-CoV,TTAGTGCAG
bovine-CoV,TTATTATGT
bovine-CoV,TTCTGCTTT
bovine-CoV,TTGAGGCTT
bovine-CoV,TTGCTGGTG
bovine-CoV,TTGGTGCTAT
bovine-CoV,TTGTAATAA
bovine-CoV,TTGTTAATG
bovine-CoV,TTGTTTGTG
bovine-CoV,TTGTTTTAA
bovine-CoV,TTTACTAAT
bovine-CoV,TTTACTATT
bovine-CoV,TTTCTGTTT
bovine-CoV,TTTGTATTT
bovine-CoV,TTTTGTTGAGG
bovine-CoV,ACTGGTGTT
bovine-CoV,ACTGGTGTT
bovine-CoV,GACACTGGTGTT
bovine-CoV,GGTGTTGTT
bovine-CoV,TAATGTATA
bovine-CoV,TGTTACTAA
bovine-CoV,TTACTAATGGT
bovine-CoV,TGGTATAGG
bovine-CoV,CCTGCAGGT
bovine-CoV,TGGCATAGG
bovine-CoV,CTGGTATAG
bovine-CoV,TGGTATAGG
bovine-CoV,CCTGCAGGT
bovine-CoV,TGGCATAGG
bovine-CoV,AAAATCAAA
bovine-CoV,AAGATGGTGT
bovine-CoV,AATAATACT
bovine-CoV,AATGCTGAA
bovine-CoV,AATGCTGAT
bovine-CoV,AATGGTTTA
bovine-CoV,ACTATAGGTA
bovine-CoV,ACTGGTGTT
bovine-CoV,ACTGGTGTT
bovine-CoV,ACTTATTAT
bovine-CoV,ACTTGTAATA
bovine-CoV,AGATTTGGT
bovine-CoV,AGGAGATTT
bovine-CoV,AGGTTAATG
bovine-CoV,AGTAAAGTT
bovine-CoV,AGTAAATGA
bovine-CoV,AGTGGTTAC
bovine-CoV,AGTGGTTATT
bovine-CoV,ATAACTATAG
bovine-CoV,ATGATGTTG
bovine-CoV,ATGCTGTTG
bovine-CoV,CAGCAGCAG
bovine-CoV,CATGATGTT
bovine-CoV,CGATTGCAATA
bovine-CoV,CTAATGGTA
bovine-CoV,CTGTTAATT
bovine-CoV,CTTTGACTT
bovine-CoV,CTTTTAATT
bovine-CoV,GACACTGGTGTT
bovine-CoV,GACCTACAA
bovine-CoV,GACTTATTA
bovine-CoV,GCTCTTAAT
bovine-CoV,GGTAGTGGTTA
bovine-CoV,GGTAGTGGT
bovine-CoV,GGTGTTGTT
bovine-CoV,GGTTACACT
bovine-CoV,GGTTTGTAT
bovine-CoV,GTAATATGG
bovine-CoV,GTAGGTAGTGGT
bovine-CoV,GTTTCTGTT
bovine-CoV,TAACTATAGA
bovine-CoV,TAACTATAG
bovine-CoV,TAATGGTAATC
bovine-CoV,TAATGGTATT
bovine-CoV,TAATGGTAT
bovine-CoV,TAATGGTAT
bovine-CoV,TAGTTGGCA
bovine-CoV,TATAGTGTG
bovine-CoV,TATTAATGG
bovine-CoV,TATTATAAT
bovine-CoV,TATTTAAAT
bovine-CoV,TATTTTTGCTAA
bovine-CoV,TGGTTATTAC
bovine-CoV,TGTTAATTAT
bovine-CoV,TGTTACTAA
bovine-CoV,TGTTTCCTG
bovine-CoV,TTAAAGATGG
bovine-CoV,TTAATGAATG
bovine-CoV,TTACTAATGGT
bovine-CoV,TTACTATTGA
bovine-CoV,TTAGTGCAG
bovine-CoV,TTATGTAAA
bovine-CoV,TTATTATGT
bovine-CoV,TTCTGCTTT
bovine-CoV,TTGAGGCTT
bovine-CoV,TTGCTGGTG
bovine-CoV,TTGGGTAAT
bovine-CoV,TTGGTGCTAT
bovine-CoV,TTGTTTATG
bovine-CoV,TTGTTTTAA
bovine-CoV,TTTACTAAT
bovine-CoV,TTTACTATT
bovine-CoV,TTTGTATTT
bovine-CoV,TTTTACAGA
bovine-CoV,TTTTGTTGAGG
bovine-CoV,AAAATCAAA
bovine-CoV,AATAATACT
bovine-CoV,AATGCTGAA
bovine-CoV,AATGCTGAT
bovine-CoV,AATGGTTTA
bovine-CoV,ACTATAGGTA
bovine-CoV,ACTGGTGTT
bovine-CoV,ACTGGTGTT
bovine-CoV,ACTTATTAT
bovine-CoV,ACTTGTAATA
bovine-CoV,ACTTTAGCT
bovine-CoV,AGGTTAATG
bovine-CoV,AGTAAATGA
bovine-CoV,AGTCAAAAT
bovine-CoV,AGTGGTTATT
bovine-CoV,ATAACTATAG
bovine-CoV,ATAGGAGATTT
bovine-CoV,ATGATGTTG
bovine-CoV,ATGCTGTTG
bovine-CoV,ATGGTATTA
bovine-CoV,ATGGTGTTA
bovine-CoV,ATGGTTTAAA
bovine-CoV,ATTTTATTT
bovine-CoV,ATTTTGATA
bovine-CoV,CACTGTTCAG
bovine-CoV,CAGCAGCAG
bovine-CoV,CCTGCAGGT
bovine-CoV,CGATTGTAATA
bovine-CoV,CTAATGGTA
bovine-CoV,CTACTAATT
bovine-CoV,CTATGGTTT
bovine-CoV,CTTTGACTT
bovine-CoV,CTTTTAATT
bovine-CoV,CTTTTAATT
bovine-CoV,CTTTTAATT
bovine-CoV,GACACTGGTGTT
bovine-CoV,GACTTATTA
bovine-CoV,GATTTTACTA
bovine-CoV,GCTCTTAAT
bovine-CoV,GGTAGTGGTTA
bovine-CoV,GGTAGTGGTT
bovine-CoV,GGTATTTTTG
bovine-CoV,GGTGTTGTT
bovine-CoV,GTAGGTAGTGGTT
bovine-CoV,GTTATAATG
bovine-CoV,TAATGGTAATC
bovine-CoV,TAATGGTATT
bovine-CoV,TAATGTATA
bovine-CoV,TACTAATTAT
bovine-CoV,TACTATTGA
bovine-CoV,TACTTTTGT
bovine-CoV,TAGTTGGCA
bovine-CoV,TATTAATGGG
bovine-CoV,TATTATAAT
bovine-CoV,TATTTAAAT
bovine-CoV,TATTTTTGCTAA
bovine-CoV,TGCTGCTAA
bovine-CoV,TGGCATTGG
bovine-CoV,TGGTTATTA
bovine-CoV,TGGTTTGTAT
bovine-CoV,TGTTAATTAT
bovine-CoV,TGTTACTAA
bovine-CoV,TGTTTGTGT
bovine-CoV,TTAATGAATG
bovine-CoV,TTAATTATA
bovine-CoV,TTACTAATGGT
bovine-CoV,TTAGTGCAG
bovine-CoV,TTGCTGGTG
bovine-CoV,TTGGTGCTAT
bovine-CoV,TTGTAATAG
bovine-CoV,TTGTTAATG
bovine-CoV,TTGTTCTACT
bovine-CoV,TTGTTTCCT
bovine-CoV,TTGTTTTAA
bovine-CoV,TTTACTAAT
bovine-CoV,TTTGTATTTT
bovine-CoV,TTTTACAGA
bovine-CoV,TTTTACTAT
bovine-CoV,AAAATCAAA
bovine-CoV,AAGATGGTGT
bovine-CoV,AATGCTGAA
bovine-CoV,AATGCTGAT
bovine-CoV,AATGGTTTA
bovine-CoV,ACTATAGGTA
bovine-CoV,ACTGGTGTT
bovine-CoV,ACTGGTGTT
bovine-CoV,ACTTATTAT
bovine-CoV,ACTTGTAATA
bovine-CoV,AGATTTGGT
bovine-CoV,AGGTTAATG
bovine-CoV,AGTAAAGTT
bovine-CoV,AGTAAATGA
bovine-CoV,AGTGGTTATT
bovine-CoV,ATAACTATAG
bovine-CoV,ATAGGAGATTT
bovine-CoV,ATGATGTTG
bovine-CoV,ATGCTCTTG
bovine-CoV,ATGCTGTTG
bovine-CoV,CAGCAGCAG
bovine-CoV,CATGATGTT
bovine-CoV,CCTGCAGGT
bovine-CoV,CGATTGCAATA
bovine-CoV,CTAATGGTA
bovine-CoV,CTGATTTTA
bovine-CoV,CTGGTATAG
bovine-CoV,CTGTTAATT
bovine-CoV,CTTTTAATT
bovine-CoV,GACACTGGTGTT
bovine-CoV,GACCTACAA
bovine-CoV,GACTTATTA
bovine-CoV,GCTCTTAAT
bovine-CoV,GGTAGTGGTTA
bovine-CoV,GGTAGTGGTT
bovine-CoV,GGTGTTGTT
bovine-CoV,GTAATATGG
bovine-CoV,GTAGGTAGTGGTT
bovine-CoV,GTTTCTGTT
bovine-CoV,TAACTATAGA
bovine-CoV,TAACTATAG
bovine-CoV,TAATGGTAATC
bovine-CoV,TAATGGTATT
bovine-CoV,TAATGGTAT
bovine-CoV,TAATGGTAT
bovine-CoV,TAGTTGGCA
bovine-CoV,TATTAATGG
bovine-CoV,TATTATAAT
bovine-CoV,TATTTAAAT
bovine-CoV,TATTTTTGCTAA
bovine-CoV,TGCTGCTAA
bovine-CoV,TGGTTATTAC
bovine-CoV,TGGTTTAAA
bovine-CoV,TGGTTTGTAT
bovine-CoV,TGTTAATTAT
bovine-CoV,TGTTACTAA
bovine-CoV,TTAAAGATGG
bovine-CoV,TTAATGAATG
bovine-CoV,TTACTAATGGT
bovine-CoV,TTACTATTGA
bovine-CoV,TTAGTGCAG
bovine-CoV,TTATTATGT
bovine-CoV,TTCTGCTTT
bovine-CoV,TTGAGGCTT
bovine-CoV,TTGCTGGTG
bovine-CoV,TTGGGTAAT
bovine-CoV,TTGGTGCTAT
bovine-CoV,TTGTTTTAA
bovine-CoV,TTTACTAAT
bovine-CoV,TTTACTATT
bovine-CoV,TTTGTATTTT
bovine-CoV,TTTTACAGA
bovine-CoV,AAAAATCAAACA
bovine-CoV,AAAATCAAA
bovine-CoV,AAAATCAAA
bovine-CoV,AAGATGGTGTTA
bovine-CoV,AAGATGGTGT
bovine-CoV,AATGCTGAA
bovine-CoV,AATGCTGAT
bovine-CoV,AATGGTTTA
bovine-CoV,ACTATAGGTA
bovine-CoV,ACTTATTAT
bovine-CoV,ACTTGTAATA
bovine-CoV,AGGTTAATG
bovine-CoV,AGTAAATGA
bovine-CoV,AGTGGTTAC
bovine-CoV,AGTGGTTATT
bovine-CoV,ATAACTATAG
bovine-CoV,ATGATGTTG
bovine-CoV,ATGCTGTTG
bovine-CoV,CAGCAGCAG
bovine-CoV,CATGATGTT
bovine-CoV,CGATTGCAATA
bovine-CoV,CTAATGGTA
bovine-CoV,CTGATTTTA
bovine-CoV,CTGTTAATT
bovine-CoV,CTTTGACTT
bovine-CoV,CTTTTAATT
bovine-CoV,GACACTGGTGTT
bovine-CoV,GACCTACAA
bovine-CoV,GACTTATTA
bovine-CoV,GCTCTTAAT
bovine-CoV,GGTAGTGGTTA
bovine-CoV,GGTAGTGGTT
bovine-CoV,GGTGTTGTT
bovine-CoV,GGTTACACT
bovine-CoV,GGTTTGTAT
bovine-CoV,GTAATATGG
bovine-CoV,GTAGGTAGTGGTT
bovine-CoV,GTGTTAATT
bovine-CoV,GTTTCTGTT
bovine-CoV,TAATGGTAATC
bovine-CoV,TAATGGTATT
bovine-CoV,TAATGGTAT
bovine-CoV,TAATGGTAT
bovine-CoV,TAGTTGGCA
bovine-CoV,TATAGTGTG
bovine-CoV,TATGTAAAT
bovine-CoV,TATTAATGG
bovine-CoV,TATTATAAT
bovine-CoV,TATTTAAAT
bovine-CoV,TATTTTTGCTAA
bovine-CoV,TGCTGCTAA
bovine-CoV,TGGCATAGG
bovine-CoV,TGGTTATTAC
bovine-CoV,TGGTTTAAA
bovine-CoV,TGTTAATTAT
bovine-CoV,TGTTACTAA
bovine-CoV,TGTTTCCTG
bovine-CoV,TTAAAGATGGTGT
bovine-CoV,TTAATGAATG
bovine-CoV,TTAATTATA
bovine-CoV,TTACTAATGGT
bovine-CoV,TTAGTGCAG
bovine-CoV,TTATTATGT
bovine-CoV,TTCTGCTTT
bovine-CoV,TTGAGGCTT
bovine-CoV,TTGATTATA
bovine-CoV,TTGCTGGTG
bovine-CoV,TTGGGTAAT
bovine-CoV,TTGGTGCTAT
bovine-CoV,TTGTTTATG
bovine-CoV,TTGTTTTAA
bovine-CoV,TTTACTAAT
bovine-CoV,TTTGTATTTT
bovine-CoV,TTTTACAGA
bovine-CoV,TTTTGTTGAGG
bovine-CoV,AAAAATCAAACA
bovine-CoV,AAAATCAAA
bovine-CoV,AAAATCAAA
bovine-CoV,AAGATGGTGTTA
bovine-CoV,AAGATGGTGT
bovine-CoV,AATGCTGAA
bovine-CoV,AATGCTGAT
bovine-CoV,AATGGTTTA
bovine-CoV,ACTGGTGTT
bovine-CoV,ACTGGTGTT
bovine-CoV,ACTTATTAT
bovine-CoV,ACTTGTAATA
bovine-CoV,AGGTTAATG
bovine-CoV,AGTAAAGTT
bovine-CoV,AGTAAATGA
bovine-CoV,AGTGGTTAC
bovine-CoV,AGTGGTTATT
bovine-CoV,ATGATGTTG
bovine-CoV,ATGCTGTTG
bovine-CoV,CAGCAGCAG
bovine-CoV,CATGATGTT
bovine-CoV,CTAATGGTA
bovine-CoV,CTGATTTTA
bovine-CoV,CTGTTAATT
bovine-CoV,CTTTGACTT
bovine-CoV,CTTTTAATT
bovine-CoV,CTTTTAATT
bovine-CoV,CTTTTAATT
bovine-CoV,GACACTGGTGTT
bovine-CoV,GACCTACAA
bovine-CoV,GACTTATTA
bovine-CoV,GCTCTTAAT
bovine-CoV,GGTAGTGGTTA
bovine-CoV,GGTAGTGGT
bovine-CoV,GGTGTTGTT
bovine-CoV,GGTTACACT
bovine-CoV,GGTTTGTAT
bovine-CoV,GTAGGTAGTGGT
bovine-CoV,GTGTTAATT
bovine-CoV,GTTTCTGTT
bovine-CoV,TAATGGTAATC
bovine-CoV,TAATGGTATT
bovine-CoV,TAATGGTAT
bovine-CoV,TAATGGTAT
bovine-CoV,TAATTATAG
bovine-CoV,TAGATTTGGT
bovine-CoV,TAGTTGGCA
bovine-CoV,TATTAATGG
bovine-CoV,TATTATAAT
bovine-CoV,TATTTAAAT
bovine-CoV,TATTTTTGCTAA
bovine-CoV,TGATTGTTT
bovine-CoV,TGCTGCTAA
bovine-CoV,TGGCATAGG
bovine-CoV,TGGTTATTAC
bovine-CoV,TGGTTTAAA
bovine-CoV,TGTTAATTAT
bovine-CoV,TGTTACTAA
bovine-CoV,TTAAAGATGGTGT
bovine-CoV,TTAATGAATG
bovine-CoV,TTAATTATA
bovine-CoV,TTACTAATGGT
bovine-CoV,TTACTATTGA
bovine-CoV,TTAGTGCAG
bovine-CoV,TTATGTAAA
bovine-CoV,TTATTATGT
bovine-CoV,TTGAGGCTT
bovine-CoV,TTGCTGGTG
bovine-CoV,TTGGGTAAT
bovine-CoV,TTGGTGCTAT
bovine-CoV,TTGTAATAA
bovine-CoV,TTGTTTATG
bovine-CoV,TTGTTTTAA
bovine-CoV,TTTACTAAT
bovine-CoV,TTTACTATT
bovine-CoV,TTTGTATTT
bovine-CoV,TTTTACAGA
bovine-CoV,TTTTGTTGAGG
bovine-CoV,CCTGCAGGT
bovine-CoV,TGGCATAGG
bovine-CoV,CATGATGTT
bovine-CoV,CCTGCAGGT
bovine-CoV,CTGGTATAG
bovine-CoV,GTAGGTAGTGGTT
bovine-CoV,TAGTTGGCA
bovine-CoV,TATTATAAT
bovine-CoV,AAAATCAAA
bovine-CoV,AAGATGGTGT
bovine-CoV,AATAATACT
bovine-CoV,AATGCTGAA
bovine-CoV,AATGCTGAT
bovine-CoV,AATGGTTTA
bovine-CoV,ACTATAGGTA
bovine-CoV,ACTGGTGTT
bovine-CoV,ACTGGTGTT
bovine-CoV,ACTTATTAT
bovine-CoV,ACTTGTAATA
bovine-CoV,AGATTTGGT
bovine-CoV,AGGTTAATG
bovine-CoV,AGTAAAGTT
bovine-CoV,AGTAAATGA
bovine-CoV,AGTGGTTAC
bovine-CoV,AGTGGTTATT
bovine-CoV,ATAACTATAG
bovine-CoV,ATAGGAGATTT
bovine-CoV,ATGATGTTG
bovine-CoV,ATGCTGTTG
bovine-CoV,CAGCAGCAG
bovine-CoV,CATGATGTT
bovine-CoV,CGATTGCAATA
bovine-CoV,CTAATGGTA
bovine-CoV,CTGTTAATT
bovine-CoV,CTTTTAATT
bovine-CoV,CTTTTAATT
bovine-CoV,CTTTTAATT
bovine-CoV,GACACTGGTGTT
bovine-CoV,GACCTACAAT
bovine-CoV,GACTTATTA
bovine-CoV,GCTCTTAAT
bovine-CoV,GGTAGTGGTTA
bovine-CoV,GGTAGTGGTT
bovine-CoV,GGTGTTGTT
bovine-CoV,GGTTACACT
bovine-CoV,GGTTTGTAT
bovine-CoV,GTAATATGG
bovine-CoV,GTAGGTAGTGGTT
bovine-CoV,GTTTCTGTT
bovine-CoV,TAATGGTAATC
bovine-CoV,TAATGGTATT
bovine-CoV,TAATGGTAT
bovine-CoV,TAATGGTAT
bovine-CoV,TAGTTGGCA
bovine-CoV,TATTAATGG
bovine-CoV,TATTATAAT
bovine-CoV,TATTTAAAT
bovine-CoV,TATTTTTGCTAA
bovine-CoV,TGCTGCTAA
bovine-CoV,TGGCATAGG
bovine-CoV,TGGTTATTAC
bovine-CoV,TGGTTTAAA
bovine-CoV,TGTTAATTAT
bovine-CoV,TGTTACTAA
bovine-CoV,TTAAAGATGG
bovine-CoV,TTAATGAATG
bovine-CoV,TTAATTATA
bovine-CoV,TTACTAATGGT
bovine-CoV,TTACTATTGA
bovine-CoV,TTAGTGCAG
bovine-CoV,TTATGTAAA
bovine-CoV,TTATTATGT
bovine-CoV,TTCTGCTTT
bovine-CoV,TTGAGGCTT
bovine-CoV,TTGCTGGTG
bovine-CoV,TTGGGTAAT
bovine-CoV,TTGGTGCTAT
bovine-CoV,TTGTTTTAA
bovine-CoV,TTTACTAAT
bovine-CoV,TTTACTATT
bovine-CoV,TTTGTATTT
bovine-CoV,TTTTACAGA
bovine-CoV,TTTTGTTGAGG
bovine-CoV,CCTGCAGGT
bovine-CoV,TGGCATAGG
bovine-CoV,AAGATGGTGT
bovine-CoV,AATAGTGGTA
bovine-CoV,AATGCTGAT
bovine-CoV,ACTGGTGTT
bovine-CoV,ACTGGTGTT
bovine-CoV,ACTTATTAT
bovine-CoV,ACTTGTAATA
bovine-CoV,ATAACTATAG
bovine-CoV,ATAGGAGATTT
bovine-CoV,ATGATGTTG
bovine-CoV,ATGGTGTTA
bovine-CoV,ATTTTGATA
bovine-CoV,CACTGTTCAG
bovine-CoV,CCTGCAGGT
bovine-CoV,CTAATGGTA
bovine-CoV,CTATGGTTT
bovine-CoV,GACACTGGTGTT
bovine-CoV,GGTATTTTTG
bovine-CoV,GGTGTTGTT
bovine-CoV,GTAGGTAGTGGTT
bovine-CoV,TAACTATAGA
bovine-CoV,TAACTATAG
bovine-CoV,TAATGTATA
bovine-CoV,TAGTTGGCA
bovine-CoV,TATTATAAT
bovine-CoV,TATTTTTGCTAA
bovine-CoV,TGCTGCTAA
bovine-CoV,TGTTACTAA
bovine-CoV,TTACTAATGGT
bovine-CoV,TTTTACAGA
bovine-CoV,CCTGCAGGT
bovine-CoV,TGGCATAGG
bovine-CoV,AAAATCAAA
bovine-CoV,AAGATGGTGT
bovine-CoV,AATAATACT
bovine-CoV,AATGCTGAA
bovine-CoV,AATGCTGAT
bovine-CoV,AATGGTTTA
bovine-CoV,ACTGGTGTT
bovine-CoV,ACTGGTGTT
bovine-CoV,ACTTATTAT
bovine-CoV,ACTTGTAATA
bovine-CoV,ACTTGTCACT
bovine-CoV,AGATTTGGT
bovine-CoV,AGGTTAATG
bovine-CoV,AGTAAAGTT
bovine-CoV,AGTGGTTAC
bovine-CoV,AGTGGTTATT
bovine-CoV,ATAACTATAG
bovine-CoV,ATAGAGGTA
bovine-CoV,ATAGGAGATTT
bovine-CoV,ATGATGTTG
bovine-CoV,ATGCTGTTG
bovine-CoV,ATTCAGGAA
bovine-CoV,ATTTTGGGT
bovine-CoV,CAGCAGCAG
bovine-CoV,CATGATGTT
bovine-CoV,CGATTGCAATA
bovine-CoV,CTAATGGTA
bovine-CoV,CTGTTAATT
bovine-CoV,CTTTTAATT
bovine-CoV,GACACTGGTGTT
bovine-CoV,GACCTACAA
bovine-CoV,GACTTATTA
bovine-CoV,GCTCTTAAT
bovine-CoV,GGTAGTGGTTA
bovine-CoV,GGTAGTGGT
bovine-CoV,GGTGTTGTT
bovine-CoV,GGTTACACT
bovine-CoV,GTAATATGG
bovine-CoV,GTAGGTAGTGGT
bovine-CoV,GTTTCTGTT
bovine-CoV,TAACTATAGA
bovine-CoV,TAACTATAG
bovine-CoV,TAATGGTAATC
bovine-CoV,TAATGGTATT
bovine-CoV,TAATGGTAT
bovine-CoV,TAATGGTAT
bovine-CoV,TAGTTGGCA
bovine-CoV,TATAGTGTG
bovine-CoV,TATTAATGG
bovine-CoV,TATTATAAT
bovine-CoV,TATTTAAAT
bovine-CoV,TATTTTTGCTAA
bovine-CoV,TGGTTATTAC
bovine-CoV,TGGTTTAAA
bovine-CoV,TGTGGTTTA
bovine-CoV,TGTTAATTAT
bovine-CoV,TGTTACTAA
bovine-CoV,TGTTTCCTG
bovine-CoV,TTAAAGATGG
bovine-CoV,TTAATGAATG
bovine-CoV,TTACTAATGGT
bovine-CoV,TTAGTGCAG
bovine-CoV,TTATGTAAA
bovine-CoV,TTATTATGT
bovine-CoV,TTCTGCTTT
bovine-CoV,TTGAGGCTT
bovine-CoV,TTGCTGGTG
bovine-CoV,TTGGGTAAT
bovine-CoV,TTGGTGCTAT
bovine-CoV,TTGTTTATG
bovine-CoV,TTGTTTTAA
bovine-CoV,TTTACTATT
bovine-CoV,TTTGTATTTT
bovine-CoV,TTTTACAGA
bovine-CoV,TTTTGGGTT
bovine-CoV,TTTTGTTGAGG
bovine-CoV,AAAATCAAA
bovine-CoV,AAGATGGTGT
bovine-CoV,AATGCTGAA
bovine-CoV,AATGCTGAT
bovine-CoV,AATGGTTTA
bovine-CoV,ACTAATGGT
bovine-CoV,ACTATAGGTA
bovine-CoV,ACTGGTGTT
bovine-CoV,ACTTATTAT
bovine-CoV,ACTTGTAATA
bovine-CoV,AGATTTGGT
bovine-CoV,AGGTTAATG
bovine-CoV,AGTAAAGTT
bovine-CoV,AGTAAATGA
bovine-CoV,AGTGGTTAC
bovine-CoV,ATAACTATAG
bovine-CoV,ATAGGAGATTT
bovine-CoV,ATGATGTTG
bovine-CoV,ATGCTGTTG
bovine-CoV,ATTTTGGGT
bovine-CoV,CAGCAGCAG
bovine-CoV,CATGATGTT
bovine-CoV,CGATTGCAATA
bovine-CoV,CTAATGGTA
bovine-CoV,CTGATTTCA
bovine-CoV,CTGGTATAG
bovine-CoV,CTGTTAATT
bovine-CoV,CTTTTAATT
bovine-CoV,GACACTGGTG
bovine-CoV,GACCTACAA
bovine-CoV,GACTTATTA
bovine-CoV,GCTCTTAAT
bovine-CoV,GGTAGTGGTT
bovine-CoV,GGTAGTGGTT
bovine-CoV,GGTGTTGTT
bovine-CoV,GGTTACACT
bovine-CoV,GGTTTGTAT
bovine-CoV,GTAATATGG
bovine-CoV,GTAGGTAGTGGTT
bovine-CoV,GTTTCTGTT
bovine-CoV,TAATGGTAATC
bovine-CoV,TAATGGTATT
bovine-CoV,TAATGGTAT
bovine-CoV,TAATGGTAT
bovine-CoV,TATAGTGTG
bovine-CoV,TATTAATGG
bovine-CoV,TATTATAAT
bovine-CoV,TATTTAAAT
bovine-CoV,TATTTTTGCTAA
bovine-CoV,TGCTGCTAA
bovine-CoV,TGGTTTAAA
bovine-CoV,TGGTTTTAC
bovine-CoV,TGTTAATTAT
bovine-CoV,TGTTACTAA
bovine-CoV,TGTTTCCTG
bovine-CoV,TTAAAGATGG
bovine-CoV,TTAATGAATG
bovine-CoV,TTACTATTGA
bovine-CoV,TTAGTGCAG
bovine-CoV,TTATGTAAA
bovine-CoV,TTATTATGT
bovine-CoV,TTCTGCTTT
bovine-CoV,TTGAGGCTT
bovine-CoV,TTGCTGGTG
bovine-CoV,TTGGGTAAT
bovine-CoV,TTGGTGCTAT
bovine-CoV,TTGTTTATG
bovine-CoV,TTGTTTTAA
bovine-CoV,TTTACTATT
bovine-CoV,TTTGTATTTT
bovine-CoV,TTTTACAGA
bovine-CoV,TTTTGGGTT
bovine-CoV,TTTTGTTGAGG
bovine-CoV,AAAATCAAA
bovine-CoV,AAGATGGTGT
bovine-CoV,AATAATACT
bovine-CoV,AATGCTGAA
bovine-CoV,AATGCTGAT
bovine-CoV,AATGGTTTA
bovine-CoV,ACTATAGGTA
bovine-CoV,ACTGGTGTT
bovine-CoV,ACTGGTGTT
bovine-CoV,ACTTATTAT
bovine-CoV,ACTTGTAATA
bovine-CoV,AGGTTAATG
bovine-CoV,AGTAAATGA
bovine-CoV,AGTGGTTATT
bovine-CoV,AGTTTCTGT
bovine-CoV,ATAACTATAG
bovine-CoV,ATAGGAGATTT
bovine-CoV,ATATGAAAT
bovine-CoV,ATATGAGTA
bovine-CoV,ATGATGTTG
bovine-CoV,ATGCTCTTG
bovine-CoV,ATGCTGTTG
bovine-CoV,ATGGTTTAAA
bovine-CoV,ATTAATGGG
bovine-CoV,ATTTTATTT
bovine-CoV,ATTTTTGCTAA
bovine-CoV,CAGCAGCAG
bovine-CoV,CATGATGTT
bovine-CoV,CATTCTTGG
bovine-CoV,CCTGCAGGT
bovine-CoV,CTAAAGTTA
bovine-CoV,CTATGGTTT
bovine-CoV,CTGATTTTA
bovine-CoV,CTGGTATAG
bovine-CoV,CTGTTAATT
bovine-CoV,CTTTTAATT
bovine-CoV,GACACTGGTGTT
bovine-CoV,GACCTACAAT
bovine-CoV,GACTTATTA
bovine-CoV,GCTCTTAAT
bovine-CoV,GGTAGTGGTTA
bovine-CoV,GTAATATGG
bovine-CoV,GTGTTGTCA
bovine-CoV,TAACTATAGA
bovine-CoV,TAACTATAG
bovine-CoV,TAATATTGA
bovine-CoV,TAATGGTAATC
bovine-CoV,TATAGGAGA
bovine-CoV,TATTATAAT
bovine-CoV,TATTTAAAT
bovine-CoV,TGGTATAGG
bovine-CoV,TGGTTATTAC
bovine-CoV,TGTAATATT
bovine-CoV,TGTTAATTAT
bovine-CoV,TTAAAGATGG
bovine-CoV,TTAATGAATG
bovine-CoV,TTACTAATGG
bovine-CoV,TTACTATTGA
bovine-CoV,TTAGTGCAG
bovine-CoV,TTATTATGT
bovine-CoV,TTCTGCTTT
bovine-CoV,TTGAGGCTT
bovine-CoV,TTGCTGGTG
bovine-CoV,TTGGTGCTAT
bovine-CoV,TTGTTAATG
bovine-CoV,TTGTTTTAA
bovine-CoV,TTTACTAAT
bovine-CoV,TTTACTATT
bovine-CoV,TTTATATGA
bovine-CoV,TTTCTGTTT
bovine-CoV,TTTGTATTT
bovine-CoV,TTTTACAGA
bovine-CoV,TTTTGTTGAGG
bovine-CoV,AAAATCAAA
bovine-CoV,AATAATACT
bovine-CoV,AATGCTGAA
bovine-CoV,AATGCTGAT
bovine-CoV,AATGGTTTA
bovine-CoV,ACTATAGGTA
bovine-CoV,ACTGGTGTT
bovine-CoV,ACTGGTGTT
bovine-CoV,ACTTATTAT
bovine-CoV,ACTTGTAATA
bovine-CoV,AGATTTGGT
bovine-CoV,AGGTTAATG
bovine-CoV,AGTAAAGTT
bovine-CoV,AGTAAATGA
bovine-CoV,AGTGGTTAC
bovine-CoV,AGTGGTTATT
bovine-CoV,ATAACTATAG
bovine-CoV,ATAGGAGATTT
bovine-CoV,ATGATGTTG
bovine-CoV,ATGCTGTTG
bovine-CoV,CAGCAGCAG
bovine-CoV,CATGATGTT
bovine-CoV,CTAATGGTA
bovine-CoV,CTGTAGGTG
bovine-CoV,CTTTTAATT
bovine-CoV,CTTTTAATT
bovine-CoV,CTTTTAATT
bovine-CoV,GACACTGGTGTT
bovine-CoV,GACCTACAA
bovine-CoV,GACTTATTA
bovine-CoV,GCTCTTAAT
bovine-CoV,GGTAGTGGTTA
bovine-CoV,GGTAGTGGTT
bovine-CoV,GGTATTTTTG
bovine-CoV,GGTGTTGTT
bovine-CoV,GGTTACACT
bovine-CoV,GTAATATGG
bovine-CoV,GTAGGTAGTGGTT
bovine-CoV,GTTTCTGTT
bovine-CoV,TAATATTGA
bovine-CoV,TAATGGTAATC
bovine-CoV,TAATGGTATT
bovine-CoV,TAATGGTAT
bovine-CoV,TAATGGTAT
bovine-CoV,TAATTTTAAT
bovine-CoV,TAGTTGGCA
bovine-CoV,TATTAATGG
bovine-CoV,TATTATAAT
bovine-CoV,TATTTAAAT
bovine-CoV,TATTTTTGCTAA
bovine-CoV,TGGAATAGG
bovine-CoV,TGGTTATTAC
bovine-CoV,TGGTTTGTAT
bovine-CoV,TGTAATATT
bovine-CoV,TGTTAATTAT
bovine-CoV,TGTTACTAA
bovine-CoV,TTAATGAATG
bovine-CoV,TTAATTATA
bovine-CoV,TTACTAATGGT
bovine-CoV,TTACTATTGA
bovine-CoV,TTAGTGCAG
bovine-CoV,TTATGTAAA
bovine-CoV,TTATTATGT
bovine-CoV,TTGAGGCTT
bovine-CoV,TTGCTGGTG
bovine-CoV,TTGTTTATG
bovine-CoV,TTGTTTTAA
bovine-CoV,TTTACTATT
bovine-CoV,TTTGTATTT
bovine-CoV,TTTGTGTGT
bovine-CoV,TTTTACAGA
bovine-CoV,TTTTGTTGAGG
bovine-CoV,AAAATCAAA
bovine-CoV,AAGATGGTGT
bovine-CoV,AATGCTGAA
bovine-CoV,AATGCTGAT
bovine-CoV,AATGGTTTA
bovine-CoV,ACTATAGGTA
bovine-CoV,ACTGGTGTT
bovine-CoV,ACTGGTGTT
bovine-CoV,ACTTATTAT
bovine-CoV,ACTTGTAATA
bovine-CoV,AGATTTGGT
bovine-CoV,AGCACAAGCT
bovine-CoV,AGGTTAATG
bovine-CoV,AGTAAAGTT
bovine-CoV,AGTAAATGA
bovine-CoV,AGTGGTTAC
bovine-CoV,AGTGGTTATT
bovine-CoV,ATAACTATAG
bovine-CoV,ATAGGAGATTT
bovine-CoV,ATGATGTTG
bovine-CoV,ATGCTGTTG
bovine-CoV,CAGCAGCAG
bovine-CoV,CATGATGTT
bovine-CoV,CTAATGGTA
bovine-CoV,CTGTTAATT
bovine-CoV,CTTTGACTT
bovine-CoV,CTTTTAATT
bovine-CoV,CTTTTAATT
bovine-CoV,CTTTTAATT
bovine-CoV,GACACTGGTGTT
bovine-CoV,GACCTACAA
bovine-CoV,GACTTATTA
bovine-CoV,GCTCTTAAT
bovine-CoV,GGTAGTGGTTA
bovine-CoV,GGTAGTGGT
bovine-CoV,GGTGTTGTT
bovine-CoV,GGTTACACT
bovine-CoV,GGTTTGTAT
bovine-CoV,GTAATATGG
bovine-CoV,GTAGGTAGTGGT
bovine-CoV,GTTTCTGTT
bovine-CoV,TAATGGTAATC
bovine-CoV,TAATGGTATT
bovine-CoV,TAATGGTAT
bovine-CoV,TAATGGTAT
bovine-CoV,TAGGTACTT
bovine-CoV,TAGTTGGCA
bovine-CoV,TATTAATGG
bovine-CoV,TATTATAAT
bovine-CoV,TATTTAAAT
bovine-CoV,TATTTTTGCTAA
bovine-CoV,TGCTGCTAA
bovine-CoV,TGGCATAGGT
bovine-CoV,TGGTTATTAC
bovine-CoV,TGGTTTAAA
bovine-CoV,TGTTAATTAT
bovine-CoV,TGTTACTAA
bovine-CoV,TTAAAGATGG
bovine-CoV,TTAATGAATG
bovine-CoV,TTAATTATA
bovine-CoV,TTACTAATGGT
bovine-CoV,TTACTATTGA
bovine-CoV,TTAGTGCAG
bovine-CoV,TTATGTAAA
bovine-CoV,TTATTATGT
bovine-CoV,TTCTGCTTT
bovine-CoV,TTGAGGCTT
bovine-CoV,TTGCTGGTG
bovine-CoV,TTGGGTAAT
bovine-CoV,TTGGTGCTAT
bovine-CoV,TTGTAATAA
bovine-CoV,TTGTTTATG
bovine-CoV,TTGTTTTAA
bovine-CoV,TTTACTAAT
bovine-CoV,TTTACTATT
bovine-CoV,TTTGTATTT
bovine-CoV,TTTTACAGA
bovine-CoV,TTTTGTTGAGG
bovine-CoV,CCTGCAGGT
bovine-CoV,TGGCATAGG
bovine-CoV,AAAACCAAA
bovine-CoV,AAGATGGTGT
bovine-CoV,AATAATACT
bovine-CoV,AATGCTGAA
bovine-CoV,AATGCTGAT
bovine-CoV,AATGGTATT
bovine-CoV,AATGGTTTA
bovine-CoV,ACTATAGGTA
bovine-CoV,ACTGGTGTT
bovine-CoV,ACTGGTGTT
bovine-CoV,ACTTGTAATA
bovine-CoV,AGATTTGGT
bovine-CoV,AGGTTAATG
bovine-CoV,AGTAAATGA
bovine-CoV,AGTGGTTATT
bovine-CoV,ATAACTATAG
bovine-CoV,ATAGGAGATTT
bovine-CoV,ATGATGTTG
bovine-CoV,ATGCTCTTG
bovine-CoV,ATGCTGTTG
bovine-CoV,CAGCAGCAG
bovine-CoV,CCAATGGTA
bovine-CoV,CCTGCAGGT
bovine-CoV,CGATTGTAATA
bovine-CoV,CTGATTTTA
bovine-CoV,CTGGTATAG
bovine-CoV,CTTTGACTT
bovine-CoV,CTTTTAATT
bovine-CoV,GACACTGGTGTT
bovine-CoV,GACCTACAA
bovine-CoV,GCTCTTAAT
bovine-CoV,GGTATTTTTG
bovine-CoV,GGTGTTGTT
bovine-CoV,GTAATATGG
bovine-CoV,GTAGGTAGTGGTT
bovine-CoV,GTTTCTGTT
bovine-CoV,TAACTATAGA
bovine-CoV,TAACTATAG
bovine-CoV,TAATATTGA
bovine-CoV,TAATGGTAATC
bovine-CoV,TAATGGTAT
bovine-CoV,TAGTTGGCA
bovine-CoV,TATTAATGG
bovine-CoV,TATTATAAT
bovine-CoV,TATTTAAAT
bovine-CoV,TATTTTTGCTAA
bovine-CoV,TGGTTATTAC
bovine-CoV,TGGTTTAAA
bovine-CoV,TGGTTTGTAT
bovine-CoV,TGTAATATT
bovine-CoV,TGTTAATTAT
bovine-CoV,TGTTACTAA
bovine-CoV,TGTTTATTTA
bovine-CoV,TTAAAGATGG
bovine-CoV,TTAATGAATG
bovine-CoV,TTACTATTGA
bovine-CoV,TTAGTGCAG
bovine-CoV,TTATTATGT
bovine-CoV,TTCTGCTTT
bovine-CoV,TTGAGGCTT
bovine-CoV,TTGCTGGTG
bovine-CoV,TTGGGTAAT
bovine-CoV,TTGGTGCTAT
bovine-CoV,TTGTAATAA
bovine-CoV,TTGTTAATG
bovine-CoV,TTGTTTGTG
bovine-CoV,TTGTTTTAA
bovine-CoV,TTTACTATT
bovine-CoV,TTTGTATTT
bovine-CoV,TTTTACAGA
bovine-CoV,TTTTGTTGAGG
bovine-CoV,AAAATCAAA
bovine-CoV,AAGGTTAAT
bovine-CoV,AATAATACT
bovine-CoV,AATGCTGAA
bovine-CoV,AATGCTGAT
bovine-CoV,AATGGTTTA
bovine-CoV,ACTATAGGTA
bovine-CoV,ACTGGTGTT
bovine-CoV,ACTGGTGTT
bovine-CoV,ACTTGTAATA
bovine-CoV,ACTTTAGCT
bovine-CoV,AGGTTAATG
bovine-CoV,AGTAAATGA
bovine-CoV,AGTGGTTATT
bovine-CoV,AGTTTAATG
bovine-CoV,ATAACTATAG
bovine-CoV,ATAGGAGATTT
bovine-CoV,ATGATGTTG
bovine-CoV,ATGCTGTTG
bovine-CoV,ATGGTATTA
bovine-CoV,ATGGTGTTA
bovine-CoV,ATGGTTTAAA
bovine-CoV,ATTTTATTT
bovine-CoV,ATTTTGATA
bovine-CoV,ATTTTTGCTAA
bovine-CoV,CACTGTTCAG
bovine-CoV,CAGCAGCAG
bovine-CoV,CCTGCAGGT
bovine-CoV,CGATTGTAATA
bovine-CoV,CTAATGGTA
bovine-CoV,CTATGGTTT
bovine-CoV,CTTTTAATT
bovine-CoV,CTTTTAATT
bovine-CoV,CTTTTAATT
bovine-CoV,GACACTGGTGTT
bovine-CoV,GACTTATTA
bovine-CoV,GATTTTACTA
bovine-CoV,GCTCTTAAT
bovine-CoV,GGTAGTGGTTA
bovine-CoV,GGTAGTGGTT
bovine-CoV,GGTATTTTTG
bovine-CoV,GTAGGTAGTGGTT
bovine-CoV,GTTATAATG
bovine-CoV,GTTTAATGTA
bovine-CoV,GTTTCTGTT
bovine-CoV,TAATGGTAATC
bovine-CoV,TAATGGTATT
bovine-CoV,TAATGTATA
bovine-CoV,TACTTTTGT
bovine-CoV,TAGTTGGCA
bovine-CoV,TATTAATGGG
bovine-CoV,TATTATAAT
bovine-CoV,TATTTAAAT
bovine-CoV,TGCTGCTAA
bovine-CoV,TGGTTATTA
bovine-CoV,TGGTTTGTAT
bovine-CoV,TGTTAATTAT
bovine-CoV,TGTTACTAA
bovine-CoV,TTAATGAATG
bovine-CoV,TTAATTATA
bovine-CoV,TTACTAATGGT
bovine-CoV,TTACTATTGA
bovine-CoV,TTAGTGCAG
bovine-CoV,TTGCTGGTG
bovine-CoV,TTGGTGCTAT
bovine-CoV,TTGTAATAG
bovine-CoV,TTGTTAATG
bovine-CoV,TTGTTCTACT
bovine-CoV,TTGTTTTAA
bovine-CoV,TTTACTAAT
bovine-CoV,TTTACTATT
bovine-CoV,TTTGTATGA
bovine-CoV,TTTGTATTT
bovine-CoV,TTTTACAGA
bovine-CoV,TTTTACTAT
bovine-CoV,TTTTGTTGAGG
bovine-CoV,CCTGCAGGT
bovine-CoV,TGGCATAGG
bovine-CoV,AAAATCAAA
bovine-CoV,AAGATGGTGT
bovine-CoV,AATGCTGAA
bovine-CoV,AATGCTGAT
bovine-CoV,AATGGTTTA
bovine-CoV,ACTAATGGT
bovine-CoV,ACTATAGGTA
bovine-CoV,ACTGGTGTT
bovine-CoV,ACTGGTGTT
bovine-CoV,ACTTATTAT
bovine-CoV,ACTTGTAATA
bovine-CoV,AGATTTGGT
bovine-CoV,AGGTTAATG
bovine-CoV,AGTAAAGTT
bovine-CoV,AGTAAATGA
bovine-CoV,AGTGGTTAC
bovine-CoV,AGTGGTTATT
bovine-CoV,ATAACTATAG
bovine-CoV,ATAGGAGATTT
bovine-CoV,ATGATGTTG
bovine-CoV,ATGCTGTTG
bovine-CoV,CAGCAGCAG
bovine-CoV,CCTGCAGGT
bovine-CoV,CGATTGCAATA
bovine-CoV,CTAATGGTA
bovine-CoV,CTGTTAATT
bovine-CoV,CTTTGACTT
bovine-CoV,CTTTTAATT
bovine-CoV,CTTTTAATT
bovine-CoV,CTTTTAATT
bovine-CoV,GACACTGGTGTT
bovine-CoV,GACCTACAA
bovine-CoV,GACTTATTA
bovine-CoV,GCTCTTAAT
bovine-CoV,GGTAGTGGTTA
bovine-CoV,GGTAGTGGT
bovine-CoV,GGTGTTGTT
bovine-CoV,GGTTACACT
bovine-CoV,GGTTTGTAT
bovine-CoV,GTAATATGG
bovine-CoV,GTAGGTAGTGGT
bovine-CoV,GTTTCTGTT
bovine-CoV,TAATGGTAATC
bovine-CoV,TAATGGTATT
bovine-CoV,TAGTTGGCA
bovine-CoV,TATAGTGTG
bovine-CoV,TATTAATGG
bovine-CoV,TATTATAAT
bovine-CoV,TATTTAAAT
bovine-CoV,TATTTTTGCTAA
bovine-CoV,TCATGATGTT
bovine-CoV,TGCTGCTAA
bovine-CoV,TGGCATAGG
bovine-CoV,TGGTTATTAC
bovine-CoV,TGGTTTAAA
bovine-CoV,TGTTAATTAT
bovine-CoV,TGTTTCCTG
bovine-CoV,TTAAAGATGG
bovine-CoV,TTAATGAATG
bovine-CoV,TTAATTATA
bovine-CoV,TTACTATTGA
bovine-CoV,TTAGTGCAG
bovine-CoV,TTATGTAAA
bovine-CoV,TTATTATGT
bovine-CoV,TTCTGCTTT
bovine-CoV,TTGAGGCTT
bovine-CoV,TTGCTGGTG
bovine-CoV,TTGGGTAAT
bovine-CoV,TTGGTGCTAT
bovine-CoV,TTGTTTATG
bovine-CoV,TTGTTTTAA
bovine-CoV,TTTACTAAT
bovine-CoV,TTTACTATT
bovine-CoV,TTTGTATTT
bovine-CoV,TTTTACAGA
bovine-CoV,TTTTGTTGAGG
bovine-CoV,CCTGCAGGT
bovine-CoV,TGGCATAGG
bovine-CoV,AAAACCAAA
bovine-CoV,AAGATGGTGT
bovine-CoV,AATGCTGAA
bovine-CoV,AATGCTGAT
bovine-CoV,AATGGTTTA
bovine-CoV,ACTATAGGTA
bovine-CoV,ACTGGTGTT
bovine-CoV,ACTGGTGTT
bovine-CoV,ACTTGTAATA
bovine-CoV,AGGTTAATG
bovine-CoV,AGTAAATGA
bovine-CoV,AGTGGTTATT
bovine-CoV,ATAACTATAG
bovine-CoV,ATGATGTTG
bovine-CoV,ATGCTCTTG
bovine-CoV,ATGCTGTTG
bovine-CoV,CAGCAGCAG
bovine-CoV,CATGATGTT
bovine-CoV,CCTGCAGGT
bovine-CoV,CTAATGGTA
bovine-CoV,CTGATTTTA
bovine-CoV,CTGGTATAG
bovine-CoV,CTGTTAATT
bovine-CoV,CTTTGACTT
bovine-CoV,CTTTTAATT
bovine-CoV,GACACTGGTGTT
bovine-CoV,GACCTACAA
bovine-CoV,GATTGCAATA
bovine-CoV,GCTCTTAAT
bovine-CoV,GGTAGTGGTTA
bovine-CoV,GGTAGTGGTT
bovine-CoV,GGTGTTGTT
bovine-CoV,GTAATATGG
bovine-CoV,GTAGGTAGTGGTT
bovine-CoV,GTTTCTGTT
bovine-CoV,TAACTATAGA
bovine-CoV,TAACTATAG
bovine-CoV,TAATGGTAATC
bovine-CoV,TAATGGTATT
bovine-CoV,TAATGGTAT
bovine-CoV,TAATGGTAT
bovine-CoV,TAGTTGGCA
bovine-CoV,TATTAATGG
bovine-CoV,TATTATAAT
bovine-CoV,TATTTAAAT
bovine-CoV,TATTTTTGCTAA
bovine-CoV,TGGTTATTAC
bovine-CoV,TGGTTTAAA
bovine-CoV,TGGTTTGTAT
bovine-CoV,TGTTAATTAT
bovine-CoV,TGTTACTAA
bovine-CoV,TTAAAGATGG
bovine-CoV,TTAATGAATG
bovine-CoV,TTACTAATGGT
bovine-CoV,TTACTATTGA
bovine-CoV,TTAGTGCAG
bovine-CoV,TTCTGCTTT
bovine-CoV,TTGAGGCTT
bovine-CoV,TTGCTGGTG
bovine-CoV,TTGGTGCTAT
bovine-CoV,TTGTTAATG
bovine-CoV,TTGTTTTAA
bovine-CoV,TTTAAACCA
bovine-CoV,TTTACTAAT
bovine-CoV,TTTACTATT
bovine-CoV,TTTGTATTT
bovine-CoV,TTTTACAGA
bovine-CoV,TTTTGTTGAGG
bovine-CoV,AAAACCAAA
bovine-CoV,AAGATGGTGT
bovine-CoV,AATAATACT
bovine-CoV,AATGCTGAT
bovine-CoV,ACTATAGGTA
bovine-CoV,ACTGGTGTT
bovine-CoV,ACTGGTGTT
bovine-CoV,ACTTATTAT
bovine-CoV,ACTTGTAATA
bovine-CoV,AGGTTAATG
bovine-CoV,AGTAAAGTT
bovine-CoV,AGTAAATGA
bovine-CoV,ATAACTATAG
bovine-CoV,ATAGGAGATTT
bovine-CoV,ATGATGTTG
bovine-CoV,ATGCTCTTG
bovine-CoV,ATGCTGTTG
bovine-CoV,CAATACCCAA
bovine-CoV,CAGCAGCAG
bovine-CoV,CATGATGTT
bovine-CoV,CCTGCAGGT
bovine-CoV,CGATTGTAATA
bovine-CoV,CTAATGGTA
bovine-CoV,CTGATTTTA
bovine-CoV,CTGCTTTTG
bovine-CoV,CTGTTAATT
bovine-CoV,CTTTGACTT
bovine-CoV,GACACTGGTGTT
bovine-CoV,GACCTACAA
bovine-CoV,GACTTATTA
bovine-CoV,GCTCTTAAT
bovine-CoV,GCTCTTAAT
bovine-CoV,GCTCTTAAT
bovine-CoV,GGTAGTGGTTA
bovine-CoV,GGTAGTGGT
bovine-CoV,GGTGTTGTT
bovine-CoV,GTAATATGG
bovine-CoV,GTAGGTAGTGGT
bovine-CoV,GTTTCTGTT
bovine-CoV,TAACTATAGA
bovine-CoV,TAACTATAG
bovine-CoV,TAATATTGA
bovine-CoV,TAATGGTAATC
bovine-CoV,TAATGGTATT
bovine-CoV,TAATGGTAT
bovine-CoV,TAATGGTAT
bovine-CoV,TAGTTGGCA
bovine-CoV,TATTAATGG
bovine-CoV,TATTATAAT
bovine-CoV,TATTTAAAT
bovine-CoV,TATTTTTGCTAA
bovine-CoV,TGCTGCTAA
bovine-CoV,TGGCATAGG
bovine-CoV,TGGTTATTAC
bovine-CoV,TGGTTTAAA
bovine-CoV,TGGTTTGTAT
bovine-CoV,TGTAATATT
bovine-CoV,TGTTAATTAT
bovine-CoV,TGTTACTAA
bovine-CoV,TTAAAGATGG
bovine-CoV,TTAATGAATG
bovine-CoV,TTACTATTGA
bovine-CoV,TTATGTAAA
bovine-CoV,TTATTATGT
bovine-CoV,TTCTGCTTT
bovine-CoV,TTGAGGCTT
bovine-CoV,TTGGGTAAT
bovine-CoV,TTGGTGCTAT
bovine-CoV,TTGTAATAA
bovine-CoV,TTGTTTATG
bovine-CoV,TTGTTTCCT
bovine-CoV,TTGTTTGTG
bovine-CoV,TTGTTTTAA
bovine-CoV,TTTACTAAT
bovine-CoV,TTTACTATT
bovine-CoV,TTTGTATTTT
bovine-CoV,TTTTGTTGAGG
bovine-CoV,AAAATCAAA
bovine-CoV,AAGATGGTGT
bovine-CoV,AATGCTGAA
bovine-CoV,AATGCTGAT
bovine-CoV,AATGGTTTA
bovine-CoV,ACTATAGGTA
bovine-CoV,ACTGGTGTT
bovine-CoV,ACTGGTGTT
bovine-CoV,ACTTATTAT
bovine-CoV,ACTTGTAATA
bovine-CoV,AGATTTGGT
bovine-CoV,AGGTTAATG
bovine-CoV,AGTAAAGTT
bovine-CoV,AGTAAATGA
bovine-CoV,AGTGGTTAC
bovine-CoV,AGTGGTTATT
bovine-CoV,ATAACTATAG
bovine-CoV,ATAGGAGATTT
bovine-CoV,ATGATGTTG
bovine-CoV,ATGCTCTTG
bovine-CoV,ATGCTGTTG
bovine-CoV,CAGCAGCAG
bovine-CoV,CATGATGTT
bovine-CoV,CCTGCAGGT
bovine-CoV,CGATTGCAATA
bovine-CoV,CTAATGGTA
bovine-CoV,CTGATTTTA
bovine-CoV,CTGTTAATT
bovine-CoV,CTTTTAATT
bovine-CoV,CTTTTAATT
bovine-CoV,CTTTTAATT
bovine-CoV,GACACTGGTGTT
bovine-CoV,GACCTACAA
bovine-CoV,GACTTATTA
bovine-CoV,GCTCTTAAT
bovine-CoV,GGTAATGGT
bovine-CoV,GGTAGTGGTTA
bovine-CoV,GGTGTTGTT
bovine-CoV,GGTTACACT
bovine-CoV,GTAATATGG
bovine-CoV,TAATGGTAATC
bovine-CoV,TAATGGTATT
bovine-CoV,TAATGGTAT
bovine-CoV,TAATGGTAT
bovine-CoV,TAATGGTTT
bovine-CoV,TAGTTGGCA
bovine-CoV,TATTAATGG
bovine-CoV,TATTATAAT
bovine-CoV,TATTTAAAT
bovine-CoV,TATTTTTGCTAA
bovine-CoV,TGCTGCTAA
bovine-CoV,TGGCATAGG
bovine-CoV,TGGTTATTAC
bovine-CoV,TGGTTTAAA
bovine-CoV,TGGTTTGTAT
bovine-CoV,TGTTAATTAT
bovine-CoV,TGTTACTAA
bovine-CoV,TTAAAGATGG
bovine-CoV,TTAATGAATG
bovine-CoV,TTAATTATA
bovine-CoV,TTACTAATGGT
bovine-CoV,TTACTATTGA
bovine-CoV,TTAGTGCAG
bovine-CoV,TTATTATGT
bovine-CoV,TTCTATTTAA
bovine-CoV,TTCTGCTTT
bovine-CoV,TTGAGGCTT
bovine-CoV,TTGCTGGTG
bovine-CoV,TTGGGTAAT
bovine-CoV,TTGGTGCTAT
bovine-CoV,TTGTTAATG
bovine-CoV,TTGTTTTAA
bovine-CoV,TTTACTAAT
bovine-CoV,TTTACTATT
bovine-CoV,TTTGTATTT
bovine-CoV,TTTTACAGA
bovine-CoV,GACACTGGTGTT
bovine-CoV,TTACTAATGGT
bovine-CoV,CCTGCAGGT
bovine-CoV,TGGCATAGG
bovine-CoV,AAAAATCAAACA
bovine-CoV,AAAATCAAA
bovine-CoV,AAAATCAAA
bovine-CoV,AAGATGGTGT
bovine-CoV,AATGCTGAA
bovine-CoV,AATGCTGAT
bovine-CoV,AATGGTATT
bovine-CoV,AATGGTTTA
bovine-CoV,ACAGGTGTT
bovine-CoV,ACTATAGGTA
bovine-CoV,ACTGGTGTT
bovine-CoV,ACTTATTAT
bovine-CoV,ACTTGTAATA
bovine-CoV,AGATTTGGT
bovine-CoV,AGGTTAATG
bovine-CoV,AGTAAAGTT
bovine-CoV,AGTAAATGA
bovine-CoV,AGTGGTTAC
bovine-CoV,AGTGGTTATT
bovine-CoV,ATAACTATAG
bovine-CoV,ATAGGAGATTT
bovine-CoV,ATGATGTTG
bovine-CoV,ATGCTCTTG
bovine-CoV,ATGCTGTTG
bovine-CoV,CAGCAGCAG
bovine-CoV,CATGATGTT
bovine-CoV,CCAATGGTA
bovine-CoV,CCTGCAGGT
bovine-CoV,CTGATTTTA
bovine-CoV,CTGTTAATT
bovine-CoV,CTTTTAATT
bovine-CoV,CTTTTAATT
bovine-CoV,CTTTTAATT
bovine-CoV,GACCTACAA
bovine-CoV,GACTTATTA
bovine-CoV,GCTCTTAAT
bovine-CoV,GGTAGTGGTTA
bovine-CoV,GGTAGTGGTT
bovine-CoV,GGTGTTGTT
bovine-CoV,GGTTACACT
bovine-CoV,GGTTTTACA
bovine-CoV,GTAATATGG
bovine-CoV,GTAGGTAGTGGTT
bovine-CoV,GTTTCTGTT
bovine-CoV,TAATGGTAATC
bovine-CoV,TAATGGTAT
bovine-CoV,TAATTTTAAT
bovine-CoV,TAGTTGGCA
bovine-CoV,TATTAATGG
bovine-CoV,TATTATAAT
bovine-CoV,TATTTAAAT
bovine-CoV,TATTTTTGCTAA
bovine-CoV,TGCTGCTAA
bovine-CoV,TGGCATAGG
bovine-CoV,TGGTTATTAC
bovine-CoV,TGGTTTAAA
bovine-CoV,TGGTTTGTAT
bovine-CoV,TGTTAATTAT
bovine-CoV,TGTTACTAA
bovine-CoV,TTAAAGATGG
bovine-CoV,TTAATGAATG
bovine-CoV,TTAATTATA
bovine-CoV,TTACTATTGA
bovine-CoV,TTAGTGCAG
bovine-CoV,TTATTATGT
bovine-CoV,TTCTGCTTT
bovine-CoV,TTGAGGCTT
bovine-CoV,TTGCTGGTG
bovine-CoV,TTGGGTAAT
bovine-CoV,TTGGTGCTAT
bovine-CoV,TTGTAATAA
bovine-CoV,TTGTTAATG
bovine-CoV,TTGTTTTAA
bovine-CoV,TTTACTATT
bovine-CoV,TTTGTATTT
bovine-CoV,TTTTACAGA
bovine-CoV,TTTTGTTGAGG
bovine-CoV,AAAATCAAA
bovine-CoV,AAGATGGTGT
bovine-CoV,AATAATACT
bovine-CoV,AATAGTGGTA
bovine-CoV,AATGCTGAA
bovine-CoV,AATGCTGAT
bovine-CoV,AATGGTTTA
bovine-CoV,ACTATAGGTA
bovine-CoV,ACTGGTGTT
bovine-CoV,ACTGGTGTT
bovine-CoV,ACTTATTAT
bovine-CoV,ACTTGTAATA
bovine-CoV,AGGTTAATG
bovine-CoV,AGTAAATGA
bovine-CoV,AGTGGTTATT
bovine-CoV,ATAACTATAG
bovine-CoV,ATAGGAGATTT
bovine-CoV,ATGATGTTG
bovine-CoV,ATGCTGTTG
bovine-CoV,ATGGCTTTT
bovine-CoV,ATGGTGTTA
bovine-CoV,ATGGTTTAAA
bovine-CoV,ATTTTATTT
bovine-CoV,CACTGTTCAG
bovine-CoV,CAGCAGCAG
bovine-CoV,CCTGCAGGT
bovine-CoV,CGATTGTAATA
bovine-CoV,CTAATGGTA
bovine-CoV,CTACCAATT
bovine-CoV,CTATGGTTT
bovine-CoV,CTGTTAATT
bovine-CoV,CTTTTAATT
bovine-CoV,CTTTTAATT
bovine-CoV,CTTTTAATT
bovine-CoV,GACACTGGTGTT
bovine-CoV,GACCTACAA
bovine-CoV,GACTTATTA
bovine-CoV,GCTCTTAAT
bovine-CoV,GGTACTACTT
bovine-CoV,GGTAGTGGTTA
bovine-CoV,GGTAGTGGTT
bovine-CoV,GGTATTTTTG
bovine-CoV,GGTGTTGTT
bovine-CoV,GTAGGTAGTGGTT
bovine-CoV,GTTTCTGTT
bovine-CoV,TAAAGATGG
bovine-CoV,TAATGGTAATC
bovine-CoV,TAATGGTAT
bovine-CoV,TAATGTATA
bovine-CoV,TACTACTTT
bovine-CoV,TAGTTGGCA
bovine-CoV,TATTAATGGG
bovine-CoV,TATTATAAT
bovine-CoV,TATTATGTC
bovine-CoV,TATTTTTGCTAA
bovine-CoV,TCTCCATTAA
bovine-CoV,TGCTGCTAA
bovine-CoV,TGGTTTGTAT
bovine-CoV,TGTTAATTA
bovine-CoV,TGTTACTAA
bovine-CoV,TTAATGAATG
bovine-CoV,TTACTAATGGT
bovine-CoV,TTACTATTGA
bovine-CoV,TTAGTGCAG
bovine-CoV,TTCTGCTTT
bovine-CoV,TTGCTGGTG
bovine-CoV,TTGGTGCTAT
bovine-CoV,TTGTAATAG
bovine-CoV,TTGTTAATG
bovine-CoV,TTTACTAAT
bovine-CoV,TTTACTATT
bovine-CoV,TTTATTTAAAT
bovine-CoV,TTTGTATTTT
bovine-CoV,AAAATCAAA
bovine-CoV,AAGATGGTGT
bovine-CoV,AATAATACT
bovine-CoV,AATGCTGAA
bovine-CoV,AATGCTGAT
bovine-CoV,AATGGTTTA
bovine-CoV,ACTATAGGTA
bovine-CoV,ACTGGTGTT
bovine-CoV,ACTGGTGTT
bovine-CoV,ACTTATTAT
bovine-CoV,ACTTGTAATA
bovine-CoV,AGGTTAATG
bovine-CoV,AGTAAATGA
bovine-CoV,AGTGGTTATT
bovine-CoV,ATAACTATAG
bovine-CoV,ATAGGAGATTT
bovine-CoV,ATGATGTTG
bovine-CoV,ATGCTCTTG
bovine-CoV,ATGCTGTTG
bovine-CoV,ATGGCTTTT
bovine-CoV,ATGGTTTAAA
bovine-CoV,ATTAATGGG
bovine-CoV,ATTTTATTT
bovine-CoV,ATTTTGATAG
bovine-CoV,CAGCAGCAG
bovine-CoV,CATGATGTT
bovine-CoV,CCTGCAGGT
bovine-CoV,CTAATGGTA
bovine-CoV,CTATGGTTT
bovine-CoV,CTGATTTTA
bovine-CoV,CTGCTATAA
bovine-CoV,CTGGTATAG
bovine-CoV,CTGTTAATT
bovine-CoV,CTTTTAATT
bovine-CoV,GACACTGGTGTT
bovine-CoV,GACCTACAA
bovine-CoV,GACTTATTA
bovine-CoV,GCTCTTAAT
bovine-CoV,GGTAGTGGTTA
bovine-CoV,GGTAGTGGTT
bovine-CoV,GGTATTTTTG
bovine-CoV,GGTGTTGTT
bovine-CoV,GTAATATGG
bovine-CoV,GTAGGTAGTGGTT
bovine-CoV,GTTTCTGTT
bovine-CoV,TAACTATAGA
bovine-CoV,TAACTATAG
bovine-CoV,TAATGGTAATC
bovine-CoV,TACTAATTTTGA
bovine-CoV,TATTATAAT
bovine-CoV,TATTTAAAT
bovine-CoV,TATTTTTGCTAA
bovine-CoV,TCATATTAT
bovine-CoV,TGATTATGC
bovine-CoV,TGCTATAAGTT
bovine-CoV,TGCTGCTAA
bovine-CoV,TGGTATAGG
bovine-CoV,TGGTTTGTAT
bovine-CoV,TGTTAATTAT
bovine-CoV,TGTTACTAA
bovine-CoV,TTAAAGATGG
bovine-CoV,TTAATGAATG
bovine-CoV,TTACTAATGGT
bovine-CoV,TTACTACCCT
bovine-CoV,TTACTATTGA
bovine-CoV,TTAGTGCAG
bovine-CoV,TTATTATGT
bovine-CoV,TTCTGCTTT
bovine-CoV,TTGAGGCTT
bovine-CoV,TTGCTGGTG
bovine-CoV,TTGGTGCTAT
bovine-CoV,TTGTTAATG
bovine-CoV,TTGTTTTAA
bovine-CoV,TTTACTAAT
bovine-CoV,TTTACTATT
bovine-CoV,TTTCTGTTT
bovine-CoV,TTTGTATTTC
bovine-CoV,TTTTACAGA
bovine-CoV,AAAACCAAA
bovine-CoV,AAGATGGTGT
bovine-CoV,AATGCTGAA
bovine-CoV,AATGCTGAT
bovine-CoV,AATGGTTTA
bovine-CoV,ACTATAGGTA
bovine-CoV,ACTGGTGTT
bovine-CoV,ACTGGTGTT
bovine-CoV,ACTTATTAT
bovine-CoV,ACTTGTAATA
bovine-CoV,AGATTTGGT
bovine-CoV,AGGTTAATG
bovine-CoV,AGTAAAGTT
bovine-CoV,AGTAAATGA
bovine-CoV,AGTGGTTATT
bovine-CoV,ATAACTATAG
bovine-CoV,ATAGGAGATTT
bovine-CoV,ATGATGTTG
bovine-CoV,ATGCTGTTG
bovine-CoV,CAGCAGCAG
bovine-CoV,CATGATGTT
bovine-CoV,CCTGCAGGT
bovine-CoV,CGATTGCAATA
bovine-CoV,CTAATGGTA
bovine-CoV,CTGATTTTA
bovine-CoV,CTGGTATAG
bovine-CoV,CTGTTAATT
bovine-CoV,CTTTTAATT
bovine-CoV,GACACTGGTGTT
bovine-CoV,GACCTACAA
bovine-CoV,GCTCTTAAT
bovine-CoV,GGTAGTGGTTA
bovine-CoV,GGTAGTGGTT
bovine-CoV,GGTGTTGTT
bovine-CoV,GGTTTGTAT
bovine-CoV,GTAATATGG
bovine-CoV,GTAGGTAGTGGTT
bovine-CoV,GTTTCTGTT
bovine-CoV,TAACTATAGA
bovine-CoV,TAACTATAG
bovine-CoV,TAATGGTAATC
bovine-CoV,TAATGGTATT
bovine-CoV,TAATGGTAT
bovine-CoV,TAATGGTAT
bovine-CoV,TAGGTACTT
bovine-CoV,TAGTTGGCA
bovine-CoV,TATTAATGG
bovine-CoV,TATTATAAT
bovine-CoV,TATTTAAAT
bovine-CoV,TATTTTTGCTAA
bovine-CoV,TGCTGCTAA
bovine-CoV,TGGTTATTAC
bovine-CoV,TGGTTTAAA
bovine-CoV,TGTTAATTAT
bovine-CoV,TGTTACTAA
bovine-CoV,TTAAAGATGG
bovine-CoV,TTAATGAATG
bovine-CoV,TTACTAATGGT
bovine-CoV,TTACTATTGA
bovine-CoV,TTAGTGCAG
bovine-CoV,TTATTATGT
bovine-CoV,TTCTGCTTT
bovine-CoV,TTGAGGCTT
bovine-CoV,TTGCTGGTG
bovine-CoV,TTGGGTAAT
bovine-CoV,TTGGTGCTAT
bovine-CoV,TTGTTAATG
bovine-CoV,TTGTTTTAA
bovine-CoV,TTTACTAAT
bovine-CoV,TTTACTATT
bovine-CoV,TTTGTATTTC
bovine-CoV,TTTTACAGA
bovine-CoV,TTTTGTTGAGG
bovine-CoV,AAAATCAAA
bovine-CoV,AAGATGGTGTTA
bovine-CoV,AAGATGGTGT
bovine-CoV,AATGCTGAA
bovine-CoV,AATGCTGAT
bovine-CoV,AATGGTTTA
bovine-CoV,ACTATAGGTA
bovine-CoV,ACTGGTGTT
bovine-CoV,ACTGGTGTT
bovine-CoV,ACTTATTAT
bovine-CoV,ACTTGTAATA
bovine-CoV,AGATTTGGT
bovine-CoV,AGGTTAATG
bovine-CoV,AGTAAAGTT
bovine-CoV,AGTAAATGA
bovine-CoV,AGTGGTTATT
bovine-CoV,ATAACTATAG
bovine-CoV,ATAGGAGATTT
bovine-CoV,ATGATGTTG
bovine-CoV,ATGCTGTTG
bovine-CoV,CAGCAGCAG
bovine-CoV,CATGATGTT
bovine-CoV,CTAATGGTA
bovine-CoV,CTGGTATAG
bovine-CoV,CTGTTAATT
bovine-CoV,CTTTGACTT
bovine-CoV,CTTTTAATT
bovine-CoV,GACACTGGTGTT
bovine-CoV,GACCTACAAT
bovine-CoV,GACTTATTA
bovine-CoV,GCTCTTAAT
bovine-CoV,GGTAGTGGTT
bovine-CoV,GGTGTTGTT
bovine-CoV,GGTTACACT
bovine-CoV,GGTTTGTAT
bovine-CoV,GTAATATGG
bovine-CoV,GTGTTAATT
bovine-CoV,GTTTCTGTT
bovine-CoV,TAACTATAGA
bovine-CoV,TAACTATAG
bovine-CoV,TAATGGTAATC
bovine-CoV,TAATGGTATT
bovine-CoV,TAATGGTAT
bovine-CoV,TAATGGTAT
bovine-CoV,TAGTTGGCA
bovine-CoV,TATAGTGTG
bovine-CoV,TATTAATGG
bovine-CoV,TATTATAAT
bovine-CoV,TATTTAAAT
bovine-CoV,TATTTTTGCTAA
bovine-CoV,TGATTGTTT
bovine-CoV,TGCTGCTAA
bovine-CoV,TGGTTATTAC
bovine-CoV,TGGTTTAAA
bovine-CoV,TGTTAATTAT
bovine-CoV,TGTTACTAA
bovine-CoV,TGTTTCCTG
bovine-CoV,TTAAAGATGGTGT
bovine-CoV,TTAATGAATG
bovine-CoV,TTACTAATGGT
bovine-CoV,TTACTATTGA
bovine-CoV,TTAGTGCAG
bovine-CoV,TTATGTAAA
bovine-CoV,TTATTATGT
bovine-CoV,TTGAGGCTT
bovine-CoV,TTGCTGGTG
bovine-CoV,TTGGGTAAT
bovine-CoV,TTGGTGCTAT
bovine-CoV,TTGTAATAA
bovine-CoV,TTGTTTATG
bovine-CoV,TTGTTTTAA
bovine-CoV,TTTACTAAT
bovine-CoV,TTTACTATT
bovine-CoV,TTTGTATTT
bovine-CoV,TTTTACAGA
bovine-CoV,TTTTGTTGAGG
bovine-CoV,AAGTGTACTA
bovine-CoV,AATAGTGGTA
bovine-CoV,AATGCTGAT
bovine-CoV,ACTATAGGTA
bovine-CoV,ACTGGTGTT
bovine-CoV,ACTTATTAT
bovine-CoV,ACTTGTAATA
bovine-CoV,AGATCGTGT
bovine-CoV,AGTAAATGA
bovine-CoV,ATAACTATAG
bovine-CoV,ATGGTATTATT
bovine-CoV,CTATGGTTT
bovine-CoV,GACAATATT
bovine-CoV,GGTATTTTTG
bovine-CoV,GGTGTTGTT
bovine-CoV,GTAATATGG
bovine-CoV,TAACTATAGA
bovine-CoV,TAACTATAG
bovine-CoV,TAATAATATT
bovine-CoV,TAATGCTGT
bovine-CoV,TACTATTGA
bovine-CoV,TAGTTGGCA
bovine-CoV,TATGAGTGA
bovine-CoV,TATTATAAT
bovine-CoV,TATTTTTGCTAA
bovine-CoV,TGATTTTAT
bovine-CoV,TGCTGCTAA
bovine-CoV,TGGTACTTT
bovine-CoV,TGTTACTAA
bovine-CoV,TTCTGTTAGCA
bovine-CoV,AAAATCAAA
bovine-CoV,AATAATACT
bovine-CoV,AATAGTGGTA
bovine-CoV,AATGCTGAA
bovine-CoV,AATGCTGAT
bovine-CoV,AATGGTTTA
bovine-CoV,ACTATAGGTA
bovine-CoV,ACTGGTGTT
bovine-CoV,ACTGGTGTT
bovine-CoV,ACTTATTAT
bovine-CoV,ACTTGTAATA
bovine-CoV,AGGTTAATG
bovine-CoV,AGTAAATGA
bovine-CoV,AGTGGTTATT
bovine-CoV,ATAACTATAG
bovine-CoV,ATAGGAGATTT
bovine-CoV,ATGATGTTG
bovine-CoV,ATGCTGTTG
bovine-CoV,ATGGTATTA
bovine-CoV,ATGGTGTTA
bovine-CoV,ATGGTTTAAA
bovine-CoV,ATTTTATTT
bovine-CoV,CACTGTTCAG
bovine-CoV,CAGCAGCAG
bovine-CoV,CCTGCAGGT
bovine-CoV,CGATTGTAATA
bovine-CoV,CTAATGGTA
bovine-CoV,CTATGGTTT
bovine-CoV,CTGATTTTA
bovine-CoV,CTTTTAATT
bovine-CoV,GACACTGGTGTT
bovine-CoV,GACCTACAA
bovine-CoV,GACTTATTA
bovine-CoV,GCTCTTAAT
bovine-CoV,GGTAGTGGTT
bovine-CoV,GGTATTTTTG
bovine-CoV,GGTGTTGTT
bovine-CoV,GTAGGTGGT
bovine-CoV,GTGGTGGTT
bovine-CoV,GTTTCTGTT
bovine-CoV,TAACTATAGA
bovine-CoV,TAACTATAG
bovine-CoV,TAATGGTATT
bovine-CoV,TAATGTATA
bovine-CoV,TACCAATTTTGA
bovine-CoV,TAGTTGGCA
bovine-CoV,TATTAATGGG
bovine-CoV,TATTATAAT
bovine-CoV,TATTTAAAT
bovine-CoV,TATTTTTGCTAA
bovine-CoV,TGCTGCTAA
bovine-CoV,TGGTTATTAC
bovine-CoV,TGGTTTGTAT
bovine-CoV,TGTTACTAA
bovine-CoV,TTAATGAATG
bovine-CoV,TTACTAATGGT
bovine-CoV,TTACTATTGA
bovine-CoV,TTAGTGCAG
bovine-CoV,TTGCTGGTG
bovine-CoV,TTGGTGCTAT
bovine-CoV,TTGTAATAG
bovine-CoV,TTGTTAATG
bovine-CoV,TTTACTATT
bovine-CoV,TTTAGGTAC
bovine-CoV,TTTGTATTTT
bovine-CoV,TTTTACAGA
bovine-CoV,TTTTGTTGAGG
bovine-CoV,CCTGCAGGT
bovine-CoV,CTGGTATAG
bovine-CoV,TAGTTGGCA
bovine-CoV,CCTGCAGGT
bovine-CoV,CTGGTATAG
bovine-CoV,TGGTATAGG
bovine-CoV,CCTGCAGGT
bovine-CoV,TGGCATAGG
bovine-CoV,AAAAATCAAACA
bovine-CoV,AAAATCAAA
bovine-CoV,AAAATCAAA
bovine-CoV,AATAATACT
bovine-CoV,AATAGTGGTA
bovine-CoV,AATGCTGAA
bovine-CoV,AATGCTGAT
bovine-CoV,AATGGTTTA
bovine-CoV,ACTATAGGTA
bovine-CoV,ACTGGTGTT
bovine-CoV,ACTGGTGTT
bovine-CoV,ACTTATTAT
bovine-CoV,ACTTGTAATA
bovine-CoV,AGGTTAATG
bovine-CoV,AGTAAATGA
bovine-CoV,AGTGGTTATT
bovine-CoV,ATAACTATAG
bovine-CoV,ATAGGAGATTT
bovine-CoV,ATGATGTTG
bovine-CoV,ATGCTGTTG
bovine-CoV,ATGGTGTTA
bovine-CoV,ATGGTTTAAA
bovine-CoV,ATTTTATTT
bovine-CoV,CACTGTTCAG
bovine-CoV,CAGCAGCAG
bovine-CoV,CCTGCAGGT
bovine-CoV,CGATTGTAATA
bovine-CoV,CTAATGGTA
bovine-CoV,CTACCAATT
bovine-CoV,CTATGGTTT
bovine-CoV,CTGATTTTA
bovine-CoV,CTTTTAATT
bovine-CoV,GACACTGGTGTT
bovine-CoV,GACCTACAA
bovine-CoV,GACTTATTA
bovine-CoV,GCTCTTAAT
bovine-CoV,GGTAGTGGTTA
bovine-CoV,GGTAGTGGTT
bovine-CoV,GGTATTTTTG
bovine-CoV,GGTGTTGTT
bovine-CoV,GTAGGTAGTGGTT
bovine-CoV,GTTATAATG
bovine-CoV,GTTTCTGTT
bovine-CoV,TAACTATAGA
bovine-CoV,TAACTATAG
bovine-CoV,TAATGGTAT
bovine-CoV,TAATGTATA
bovine-CoV,TATTAATGGG
bovine-CoV,TATTATAAT
bovine-CoV,TATTTAAAT
bovine-CoV,TATTTTTGCTAA
bovine-CoV,TCAGGAAGG
bovine-CoV,TGCTGCTAA
bovine-CoV,TGGTTATTAC
bovine-CoV,TGGTTTGTAT
bovine-CoV,TGTTACTAA
bovine-CoV,TTAATGAATG
bovine-CoV,TTACTAATGGT
bovine-CoV,TTACTATTGA
bovine-CoV,TTAGTGCAG
bovine-CoV,TTCTGCTTT
bovine-CoV,TTGCTGGTG
bovine-CoV,TTGGTGCTAT
bovine-CoV,TTGTAATAG
bovine-CoV,TTGTTAATG
bovine-CoV,TTTACTAAT
bovine-CoV,TTTACTATT
bovine-CoV,TTTGTATTTT
bovine-CoV,TTTTACAGA
bovine-CoV,TTTTGTTGAGG
bovine-CoV,AAAATCAAA
bovine-CoV,AATAATACT
bovine-CoV,AATAGTGGTA
bovine-CoV,AATGCTGAA
bovine-CoV,AATGGTTTA
bovine-CoV,ACTATAGGTA
bovine-CoV,ACTGGTGTT
bovine-CoV,ACTGGTGTT
bovine-CoV,ACTTATTAT
bovine-CoV,ACTTGTAATA
bovine-CoV,ACTTTAGCT
bovine-CoV,AGGTTAATG
bovine-CoV,AGTAAATGA
bovine-CoV,AGTGGTTATT
bovine-CoV,ATAACTATAG
bovine-CoV,ATAGGAGATTT
bovine-CoV,ATGATGTTG
bovine-CoV,ATGCTGTTG
bovine-CoV,ATGGTATTA
bovine-CoV,ATGGTGTTA
bovine-CoV,ATGGTTTAAA
bovine-CoV,ATTTTGATA
bovine-CoV,CACTGTTCAG
bovine-CoV,CAGCAGCAG
bovine-CoV,CCTGCAGGT
bovine-CoV,CGATTGTAATA
bovine-CoV,CTAATGGTA
bovine-CoV,CTATGGTTT
bovine-CoV,CTGATTTTA
bovine-CoV,CTTTGACTT
bovine-CoV,CTTTTAATT
bovine-CoV,GACACTGGTGTT
bovine-CoV,GACCTACAA
bovine-CoV,GACTTATTA
bovine-CoV,GATTTTACTA
bovine-CoV,GCTCTTAAT
bovine-CoV,GGTAGTGGTTA
bovine-CoV,GGTAGTGGTT
bovine-CoV,GGTATTTTTG
bovine-CoV,GGTGTTGTT
bovine-CoV,GTAGGTAGTGGTT
bovine-CoV,GTTATAATG
bovine-CoV,GTTTCTGTT
bovine-CoV,TAACTATAGA
bovine-CoV,TAACTATAG
bovine-CoV,TAATGGTAATC
bovine-CoV,TAATGGTATT
bovine-CoV,TAATGTATA
bovine-CoV,TACTATTGA
bovine-CoV,TACTTTTGT
bovine-CoV,TAGTTGGCA
bovine-CoV,TATTAATGGG
bovine-CoV,TATTATAAT
bovine-CoV,TATTTAAAT
bovine-CoV,TATTTTTGCTAA
bovine-CoV,TGCTGCTAA
bovine-CoV,TGGTTATTAC
bovine-CoV,TGGTTTGTAT
bovine-CoV,TGTTAATTAT
bovine-CoV,TGTTACTAA
bovine-CoV,TTAATGAATG
bovine-CoV,TTACTAATGGT
bovine-CoV,TTAGTGCAG
bovine-CoV,TTGCTGGTG
bovine-CoV,TTGGTGCTAT
bovine-CoV,TTGTAATAG
bovine-CoV,TTGTTAATG
bovine-CoV,TTGTTCTACT
bovine-CoV,TTGTTTCCT
bovine-CoV,TTTACTAAT
bovine-CoV,TTTGTATTTT
bovine-CoV,TTTTACAGA
bovine-CoV,TTTTACTAT
bovine-CoV,AAAACCAAA
bovine-CoV,AAGATGGTGT
bovine-CoV,AATGCTGAA
bovine-CoV,AATGCTGAT
bovine-CoV,AATGGTTTA
bovine-CoV,ACTATAGGTA
bovine-CoV,ACTGGTGTT
bovine-CoV,ACTGGTGTT
bovine-CoV,ACTTATTAT
bovine-CoV,ACTTGTAATA
bovine-CoV,AGATTTGGT
bovine-CoV,AGGTTAATG
bovine-CoV,AGTAAAGTT
bovine-CoV,AGTAAATGA
bovine-CoV,AGTGGTTATT
bovine-CoV,ATAACTATAG
bovine-CoV,ATAGGAGATTT
bovine-CoV,ATGATGTTG
bovine-CoV,ATGCTCTTG
bovine-CoV,ATGCTGTTG
bovine-CoV,CAGCAGCAG
bovine-CoV,CATGATGTT
bovine-CoV,CCTGCAGGT
bovine-CoV,CTAATGGTA
bovine-CoV,CTGATTTTA
bovine-CoV,CTGGTATAG
bovine-CoV,CTGTTAATT
bovine-CoV,CTTTGACTT
bovine-CoV,CTTTTAATT
bovine-CoV,GACACTGGTGTT
bovine-CoV,GACCTACAA
bovine-CoV,GCTCTTAAT
bovine-CoV,GGTAGTGGTTA
bovine-CoV,GGTAGTGGTT
bovine-CoV,GGTGTTACC
bovine-CoV,GGTGTTGTT
bovine-CoV,GGTTTGTAT
bovine-CoV,GTAATATGG
bovine-CoV,GTAGGTAGTGGTT
bovine-CoV,GTTTCTGTT
bovine-CoV,TAACTATAGA
bovine-CoV,TAACTATAG
bovine-CoV,TAATATTGA
bovine-CoV,TAATGGTAATC
bovine-CoV,TAATGGTATT
bovine-CoV,TAATGGTAT
bovine-CoV,TAATGGTAT
bovine-CoV,TAGGTACTT
bovine-CoV,TAGTTGGCA
bovine-CoV,TATTAATGG
bovine-CoV,TATTATAAT
bovine-CoV,TATTTAAAT
bovine-CoV,TATTTTTGCTAA
bovine-CoV,TGGTTATTAC
bovine-CoV,TGGTTTAAA
bovine-CoV,TGTAATATT
bovine-CoV,TGTTAATTAT
bovine-CoV,TGTTACTAA
bovine-CoV,TGTTTATTTA
bovine-CoV,TTAAAGATGG
bovine-CoV,TTAATGAATG
bovine-CoV,TTACTAATGGT
bovine-CoV,TTACTATTGA
bovine-CoV,TTAGTGCAG
bovine-CoV,TTATTATGT
bovine-CoV,TTCTGCTTT
bovine-CoV,TTGAGGCTT
bovine-CoV,TTGCTGGTG
bovine-CoV,TTGGGTAAT
bovine-CoV,TTGGTGCTAT
bovine-CoV,TTGTTAATG
bovine-CoV,TTGTTTTAA
bovine-CoV,TTTACTAAT
bovine-CoV,TTTACTATT
bovine-CoV,TTTGTATTT
bovine-CoV,TTTTACAGA
bovine-CoV,TTTTGTTGAGG
bovine-CoV,CCTGCAGGT
bovine-CoV,TGGTATAGG
bovine-CoV,AAAATCAAA
bovine-CoV,AACCTGTAGGTG
bovine-CoV,AATAATACT
bovine-CoV,AATAGTGGTA
bovine-CoV,AATGCTGAA
bovine-CoV,AATGCTGAT
bovine-CoV,AATGGTTTA
bovine-CoV,ACTATAGGTA
bovine-CoV,ACTGGTGTT
bovine-CoV,ACTTATTAT
bovine-CoV,AGATTTGGT
bovine-CoV,AGGTTAATG
bovine-CoV,AGTAAATGA
bovine-CoV,AGTGGTTATT
bovine-CoV,ATAACTATAG
bovine-CoV,ATAGGAGATTT
bovine-CoV,ATGATGTTG
bovine-CoV,ATGCTGTTG
bovine-CoV,ATGGCTTTT
bovine-CoV,ATGGTTTAAA
bovine-CoV,ATTTTATTT
bovine-CoV,CAGCAGCAG
bovine-CoV,CATGATGTT
bovine-CoV,CGATTGTAATA
bovine-CoV,CTATGGTTT
bovine-CoV,CTTTTAATT
bovine-CoV,GACCTACAA
bovine-CoV,GACTTATTA
bovine-CoV,GATTTGTCA
bovine-CoV,GCTCTTAAT
bovine-CoV,GGTAATGGT
bovine-CoV,GGTAGTGGTTA
bovine-CoV,GGTATTTTTG
bovine-CoV,GGTGTTGTT
bovine-CoV,GTAATATGG
bovine-CoV,GTTTCTGTT
bovine-CoV,TAAATCAGA
bovine-CoV,TAACTATAGA
bovine-CoV,TAACTATAG
bovine-CoV,TAATGGTAATC
bovine-CoV,TAATGGTAT
bovine-CoV,TAGTTGGCA
bovine-CoV,TATTAATGGG
bovine-CoV,TATTATAAT
bovine-CoV,TATTTAAAT
bovine-CoV,TATTTTTGCTAA
bovine-CoV,TCAAGAAGG
bovine-CoV,TCAGTAAAT
bovine-CoV,TGCTGCTAA
bovine-CoV,TGGTTTGTAT
bovine-CoV,TGTTACTAA
bovine-CoV,TTAACTATA
bovine-CoV,TTAATGAATG
bovine-CoV,TTACTACCCT
bovine-CoV,TTACTATTGA
bovine-CoV,TTACTTGTA
bovine-CoV,TTAGTGCAG
bovine-CoV,TTATTATGT
bovine-CoV,TTGCTGGTG
bovine-CoV,TTGTAATAA
bovine-CoV,TTGTTAATG
bovine-CoV,TTGTTTTAA
bovine-CoV,TTTACTATT
bovine-CoV,TTTCCAGCA
bovine-CoV,TTTTACAGA
bovine-CoV,TTTTGTTGAGG
bovine-CoV,AAAACCAAA
bovine-CoV,AAGATGGTGT
bovine-CoV,AATGCTGAA
bovine-CoV,AATGCTGAT
bovine-CoV,AATGGTTTA
bovine-CoV,ACTATAGGTA
bovine-CoV,ACTGGTGTT
bovine-CoV,ACTGGTGTT
bovine-CoV,ACTTATTAT
bovine-CoV,ACTTGTAATA
bovine-CoV,AGATTTGGT
bovine-CoV,AGGTTAATG
bovine-CoV,AGTAAAGTT
bovine-CoV,AGTAAATGA
bovine-CoV,AGTGGTTATT
bovine-CoV,ATAACTATAG
bovine-CoV,ATAGGAGATTT
bovine-CoV,ATGATGTTG
bovine-CoV,ATGCTCTTG
bovine-CoV,ATGCTGTTG
bovine-CoV,CAGCAGCAG
bovine-CoV,CATGATGTT
bovine-CoV,CCTGCAGGT
bovine-CoV,CTAATGGTA
bovine-CoV,CTGATTTTA
bovine-CoV,CTGGTATAG
bovine-CoV,CTGTTAATT
bovine-CoV,CTTTGACTT
bovine-CoV,CTTTTAATT
bovine-CoV,GACACTGGTGTT
bovine-CoV,GACCTACAA
bovine-CoV,GCTCTTAAT
bovine-CoV,GGTAGTGGTTA
bovine-CoV,GGTAGTGGTT
bovine-CoV,GGTATTTTTG
bovine-CoV,GGTGTTGTT
bovine-CoV,GGTTTGTAT
bovine-CoV,GTAATATGG
bovine-CoV,GTAGGTAGTGGTT
bovine-CoV,GTTTCTGTT
bovine-CoV,TAACTATAGA
bovine-CoV,TAACTATAG
bovine-CoV,TAATGGTAATC
bovine-CoV,TAATGGTATT
bovine-CoV,TAATGGTAT
bovine-CoV,TAATGGTAT
bovine-CoV,TAGGTACTT
bovine-CoV,TAGTTGGCA
bovine-CoV,TATTAATGG
bovine-CoV,TATTATAAT
bovine-CoV,TATTTAAAT
bovine-CoV,TATTTTTGCTAA
bovine-CoV,TGCTGCTAA
bovine-CoV,TGGTTATTAC
bovine-CoV,TGGTTTAAA
bovine-CoV,TGTAATATT
bovine-CoV,TGTTAATTAT
bovine-CoV,TGTTACTAA
bovine-CoV,TGTTTATTTA
bovine-CoV,TTAAAGATGG
bovine-CoV,TTAATGAATG
bovine-CoV,TTACTAATGGT
bovine-CoV,TTACTATTGA
bovine-CoV,TTAGTGCAG
bovine-CoV,TTATTATGT
bovine-CoV,TTCTGCTTT
bovine-CoV,TTGAGGCTT
bovine-CoV,TTGCTGGTG
bovine-CoV,TTGGGTAAT
bovine-CoV,TTGGTGCTAT
bovine-CoV,TTGTTAATG
bovine-CoV,TTGTTTTAA
bovine-CoV,TTTACTAAT
bovine-CoV,TTTACTATT
bovine-CoV,TTTGTATTT
bovine-CoV,TTTTACAGA
bovine-CoV,TTTTGTTGAGG
bovine-CoV,AAAACCAAA
bovine-CoV,AAGATGGTGT
bovine-CoV,AATGCTGAA
bovine-CoV,AATGCTGAT
bovine-CoV,AATGGTTTA
bovine-CoV,ACTATAGGTA
bovine-CoV,ACTGGTGTT
bovine-CoV,ACTGGTGTT
bovine-CoV,ACTTATTAT
bovine-CoV,ACTTGTAATA
bovine-CoV,AGATTTGGT
bovine-CoV,AGGGTCTTT
bovine-CoV,AGGTTAATG
bovine-CoV,AGTAAAGTT
bovine-CoV,AGTAAATGA
bovine-CoV,AGTGGTTATT
bovine-CoV,ATAACTATAG
bovine-CoV,ATAGGAGATTT
bovine-CoV,ATGATGTTG
bovine-CoV,ATGCTCTTG
bovine-CoV,ATGCTGTTG
bovine-CoV,CAGCAGCAG
bovine-CoV,CATGATGTT
bovine-CoV,CCTGCAGGT
bovine-CoV,CTAATGGTA
bovine-CoV,CTGATTTTA
bovine-CoV,CTGTTAATT
bovine-CoV,CTTTGACTT
bovine-CoV,CTTTTAATT
bovine-CoV,GACACTGGTGTT
bovine-CoV,GACCTACAA
bovine-CoV,GCATTGCTA
bovine-CoV,GCTCTTAAT
bovine-CoV,GGTAGTGGTTA
bovine-CoV,GGTAGTGGTT
bovine-CoV,GGTATTTTTG
bovine-CoV,GGTGTTACC
bovine-CoV,GGTGTTGTT
bovine-CoV,GGTTTGTAT
bovine-CoV,GTAATATGG
bovine-CoV,GTAGGTAGTGGTT
bovine-CoV,GTTTCTGTT
bovine-CoV,GTTTGTGCA
bovine-CoV,TAACTATAGA
bovine-CoV,TAACTATAG
bovine-CoV,TAATGGTAATC
bovine-CoV,TAATGGTATT
bovine-CoV,TAATGGTAT
bovine-CoV,TAATGGTAT
bovine-CoV,TAGGTACTT
bovine-CoV,TAGTTGGCA
bovine-CoV,TATTAATGG
bovine-CoV,TATTATAAT
bovine-CoV,TATTTAAAT
bovine-CoV,TATTTTTGCTAA
bovine-CoV,TGCTGCTAA
bovine-CoV,TGGTTATTAC
bovine-CoV,TGGTTTAAA
bovine-CoV,TGTAATATT
bovine-CoV,TGTTAATTA
bovine-CoV,TGTTACTAA
bovine-CoV,TGTTTATTTA
bovine-CoV,TTAAAGATGG
bovine-CoV,TTAATGAATG
bovine-CoV,TTACTAATGGT
bovine-CoV,TTACTATTGA
bovine-CoV,TTAGTGCAG
bovine-CoV,TTATTATGT
bovine-CoV,TTCTGCTTT
bovine-CoV,TTGAGGCTT
bovine-CoV,TTGGGTAAT
bovine-CoV,TTGGTGCTAT
bovine-CoV,TTGTTAATG
bovine-CoV,TTGTTTTAA
bovine-CoV,TTTACTAAT
bovine-CoV,TTTACTATT
bovine-CoV,TTTGTATTT
bovine-CoV,TTTTACAGA
bovine-CoV,TTTTGTTGAGG
bovine-CoV,AAAATCAAA
bovine-CoV,AAGATGGTGT
bovine-CoV,AATAATACT
bovine-CoV,AATGCTGAA
bovine-CoV,AATGCTGAT
bovine-CoV,AATGGTTTA
bovine-CoV,ACTATAGGTA
bovine-CoV,ACTGGTGTT
bovine-CoV,ACTGGTGTT
bovine-CoV,ACTTATTAT
bovine-CoV,ACTTGTAATA
bovine-CoV,AGATTTGGT
bovine-CoV,AGGTTAATG
bovine-CoV,AGTAAAGTT
bovine-CoV,AGTAAATGA
bovine-CoV,AGTGGTTAC
bovine-CoV,AGTGGTTATT
bovine-CoV,ATAACTATAG
bovine-CoV,ATAGGAGATTT
bovine-CoV,ATGATGTTG
bovine-CoV,ATGCTGTTG
bovine-CoV,ATTATACTA
bovine-CoV,CAGCAGCAG
bovine-CoV,CATGATGTT
bovine-CoV,CGATTGCAATA
bovine-CoV,CTGGTTATA
bovine-CoV,CTGTTAATT
bovine-CoV,CTTTGACTT
bovine-CoV,CTTTTAATT
bovine-CoV,CTTTTAATT
bovine-CoV,CTTTTAATT
bovine-CoV,GACACTGGTGTT
bovine-CoV,GACCTACAAT
bovine-CoV,GACTTATTA
bovine-CoV,GCTCTTAAT
bovine-CoV,GGTAGTGGTTA
bovine-CoV,GGTAGTGGT
bovine-CoV,GGTGTTGTT
bovine-CoV,GGTTACACT
bovine-CoV,GGTTTGTAT
bovine-CoV,GTAATATGG
bovine-CoV,GTAGGTAGTGGT
bovine-CoV,GTTTCTGTT
bovine-CoV,TAATGGTAATC
bovine-CoV,TAATGGTAT
bovine-CoV,TAATGGTAT
bovine-CoV,TAGTTGGCA
bovine-CoV,TATTAATGGTATT
bovine-CoV,TATTAATGG
bovine-CoV,TATTATAAT
bovine-CoV,TATTTAAAT
bovine-CoV,TATTTTTGCTAA
bovine-CoV,TGCTGCTAA
bovine-CoV,TGGCATAGG
bovine-CoV,TGGTTATTAC
bovine-CoV,TGGTTTAAA
bovine-CoV,TGTTAATTAT
bovine-CoV,TGTTACTAA
bovine-CoV,TTAAAGATGG
bovine-CoV,TTAATGAATG
bovine-CoV,TTAATTATA
bovine-CoV,TTACTATTGA
bovine-CoV,TTAGTGCAG
bovine-CoV,TTATGTAAA
bovine-CoV,TTATTAATGG
bovine-CoV,TTATTATGT
bovine-CoV,TTCTGCTTT
bovine-CoV,TTGAGGCTT
bovine-CoV,TTGCTGGTG
bovine-CoV,TTGGGTAAT
bovine-CoV,TTGGTGCTAT
bovine-CoV,TTGTTTATG
bovine-CoV,TTGTTTTAA
bovine-CoV,TTTACTATT
bovine-CoV,TTTGTATTT
bovine-CoV,TTTTACAGA
bovine-CoV,TTTTGTTGAGG
bovine-CoV,AAAATCAAA
bovine-CoV,AATAATACT
bovine-CoV,AATAGTGGTA
bovine-CoV,AATGCTGAA
bovine-CoV,AATGCTGAT
bovine-CoV,AATGGTTTA
bovine-CoV,ACTATAGGTA
bovine-CoV,ACTGGTGTT
bovine-CoV,ACTGGTGTT
bovine-CoV,ACTTATTAT
bovine-CoV,ACTTGTAATA
bovine-CoV,AGGTTAATG
bovine-CoV,AGTAAATGA
bovine-CoV,AGTGGTTATT
bovine-CoV,ATAACTATAG
bovine-CoV,ATAGGAGATTT
bovine-CoV,ATGATGTTG
bovine-CoV,ATGCTGTTG
bovine-CoV,ATGGTGTTA
bovine-CoV,ATGGTTTAAA
bovine-CoV,ATTTTATTT
bovine-CoV,CACTGTTCAG
bovine-CoV,CAGCAGCAG
bovine-CoV,CCTGCAGGT
bovine-CoV,CTAATGGTA
bovine-CoV,CTACCAATT
bovine-CoV,CTATGGTTT
bovine-CoV,CTGATTTTA
bovine-CoV,CTTTTAATT
bovine-CoV,CTTTTAATT
bovine-CoV,GACACTGGTGTT
bovine-CoV,GACCTACAA
bovine-CoV,GACTTATTA
bovine-CoV,GATTTTACTA
bovine-CoV,GCTCTTAAT
bovine-CoV,GCTTTTAATT
bovine-CoV,GGTAGTGGTTA
bovine-CoV,GGTAGTGGTT
bovine-CoV,GGTATTTTTG
bovine-CoV,GGTGTTGTT
bovine-CoV,GTAGGTAGTGGTT
bovine-CoV,GTTATAATG
bovine-CoV,GTTTCTGTT
bovine-CoV,TAACTATAGA
bovine-CoV,TAACTATAG
bovine-CoV,TAATGGTAATC
bovine-CoV,TAATGGTAT
bovine-CoV,TAATGTATA
bovine-CoV,TACTTTTGT
bovine-CoV,TAGTTGGCA
bovine-CoV,TATTAATGGG
bovine-CoV,TATTATAAT
bovine-CoV,TATTTAAAT
bovine-CoV,TATTTTTGCTAA
bovine-CoV,TCCTTCTACT
bovine-CoV,TGCTGCTAA
bovine-CoV,TGGTTATTAC
bovine-CoV,TGGTTTGTAT
bovine-CoV,TGTTACTAA
bovine-CoV,TTAATGAATG
bovine-CoV,TTACTAATGGT
bovine-CoV,TTACTATTGA
bovine-CoV,TTAGTGCAG
bovine-CoV,TTGCTGGTG
bovine-CoV,TTGGTGCTAT
bovine-CoV,TTGTTAATG
bovine-CoV,TTGTTCTACT
bovine-CoV,TTGTTTCCT
bovine-CoV,TTTACTAAT
bovine-CoV,TTTACTATT
bovine-CoV,TTTGTATTT
bovine-CoV,TTTTACAGA
bovine-CoV,TTTTACTAT
bovine-CoV,AAAAATCAAACA
bovine-CoV,AAAATCAAA
bovine-CoV,AAAATCAAA
bovine-CoV,AAGATGGTGT
bovine-CoV,AATGCTGAA
bovine-CoV,AATGCTGAT
bovine-CoV,AATGGTTTA
bovine-CoV,ACTATAGGTA
bovine-CoV,ACTGGTGTT
bovine-CoV,ACTTATTAT
bovine-CoV,ACTTGTAATA
bovine-CoV,AGATTTGGT
bovine-CoV,AGGTTAATG
bovine-CoV,AGTAAAGTT
bovine-CoV,AGTAAATGA
bovine-CoV,AGTGGTTAC
bovine-CoV,AGTGGTTATT
bovine-CoV,ATAACTATAG
bovine-CoV,ATAGGAGATTT
bovine-CoV,ATGATGTTG
bovine-CoV,ATGCTGTTG
bovine-CoV,ATTTTGGGT
bovine-CoV,CAGCAGCAG
bovine-CoV,CATGATGTT
bovine-CoV,CTAATGGTA
bovine-CoV,CTATTGATT
bovine-CoV,CTGATTTTA
bovine-CoV,CTGTTAATT
bovine-CoV,CTTTTAATT
bovine-CoV,CTTTTAATT
bovine-CoV,CTTTTAATT
bovine-CoV,GACACTGGTG
bovine-CoV,GACCTACAA
bovine-CoV,GACTTATTA
bovine-CoV,GCTCTTAAT
bovine-CoV,GGTAGTGGTTA
bovine-CoV,GGTAGTGGTT
bovine-CoV,GGTGTTGTT
bovine-CoV,GGTTACACT
bovine-CoV,GGTTTGTAT
bovine-CoV,GTAATATGG
bovine-CoV,GTAGGTAGTGGTT
bovine-CoV,GTTTCTGTT
bovine-CoV,TAATATTGA
bovine-CoV,TAATGGTAATC
bovine-CoV,TAATGGTATT
bovine-CoV,TAATGGTAT
bovine-CoV,TAATGGTAT
bovine-CoV,TAGTTGGCA
bovine-CoV,TATAGTGTG
bovine-CoV,TATTAATGG
bovine-CoV,TATTATAAT
bovine-CoV,TATTTAAAT
bovine-CoV,TATTTTTGCTAA
bovine-CoV,TGCTGCTAA
bovine-CoV,TGGCATAGG
bovine-CoV,TGGTTATTAC
bovine-CoV,TGGTTTAAA
bovine-CoV,TGTAATATT
bovine-CoV,TGTTAATTAT
bovine-CoV,TGTTACTAA
bovine-CoV,TGTTTCCTG
bovine-CoV,TTAAAGATGG
bovine-CoV,TTAATGAATG
bovine-CoV,TTAATTATA
bovine-CoV,TTACTAATGGT
bovine-CoV,TTACTATTGA
bovine-CoV,TTAGTGCAG
bovine-CoV,TTATGTAAA
bovine-CoV,TTATTATGT
bovine-CoV,TTCTGCTTT
bovine-CoV,TTGAGGCTT
bovine-CoV,TTGCTGGTG
bovine-CoV,TTGGGTAAT
bovine-CoV,TTGGTGCTAT
bovine-CoV,TTGTTTATG
bovine-CoV,TTGTTTTAA
bovine-CoV,TTTACTAAT
bovine-CoV,TTTACTATT
bovine-CoV,TTTGTATTTT
bovine-CoV,TTTTACAGA
bovine-CoV,TTTTGGGTT
bovine-CoV,TTTTGTTGAGG
bovine-CoV,CCTGCAGGT
bovine-CoV,CTGGTATAG
bovine-CoV,TGGTATAGG
bovine-CoV,AAAATCAAA
bovine-CoV,AATAATACT
bovine-CoV,AATGCTGAA
bovine-CoV,AATGCTGAT
bovine-CoV,AATGGTTTA
bovine-CoV,ACTATAGGTA
bovine-CoV,ACTGGTGTT
bovine-CoV,ACTGGTGTT
bovine-CoV,ACTTATTAT
bovine-CoV,ACTTGTAATA
bovine-CoV,AGGTTAATG
bovine-CoV,AGTAAATGA
bovine-CoV,AGTGGTTATT
bovine-CoV,ATAACTATAG
bovine-CoV,ATAGGAGATTT
bovine-CoV,ATGATGTTG
bovine-CoV,ATGCTCTTG
bovine-CoV,ATGCTGTTG
bovine-CoV,ATGGTTTAAA
bovine-CoV,ATTTTATTT
bovine-CoV,CAGCAGCAG
bovine-CoV,CATGATGTT
bovine-CoV,CCTGCAGGT
bovine-CoV,CTAATGGTA
bovine-CoV,CTACCAATT
bovine-CoV,CTATGGTTT
bovine-CoV,CTGATTTTA
bovine-CoV,CTTTTAATT
bovine-CoV,CTTTTAATT
bovine-CoV,CTTTTAATT
bovine-CoV,GACACTGGTGTT
bovine-CoV,GACCTACAA
bovine-CoV,GACTTATTA
bovine-CoV,GATTTGTCA
bovine-CoV,GCTCTTAAT
bovine-CoV,GGTAATGGT
bovine-CoV,GGTACTTAT
bovine-CoV,GGTAGTGGTTA
bovine-CoV,GGTATTTTTG
bovine-CoV,GGTGTTGTT
bovine-CoV,GTAATATGG
bovine-CoV,GTTTCTGTT
bovine-CoV,TAATGGTAATC
bovine-CoV,TAATGGTAT
bovine-CoV,TAGTTGGCA
bovine-CoV,TATTAATGGG
bovine-CoV,TATTATAAT
bovine-CoV,TATTTAAAT
bovine-CoV,TATTTTTGCTAA
bovine-CoV,TGCTGCTAA
bovine-CoV,TGGCATAGG
bovine-CoV,TGGTTTGTAT
bovine-CoV,TGTTACTAA
bovine-CoV,TTAATGAATG
bovine-CoV,TTACTAATGGT
bovine-CoV,TTACTACCCT
bovine-CoV,TTACTATTGA
bovine-CoV,TTACTTGTA
bovine-CoV,TTAGTGCAG
bovine-CoV,TTATGAGTA
bovine-CoV,TTATTATGT
bovine-CoV,TTCTGCTTT
bovine-CoV,TTGCTGGTG
bovine-CoV,TTGGTGCTAT
bovine-CoV,TTGTTAATG
bovine-CoV,TTGTTTTAA
bovine-CoV,TTTACTAAT
bovine-CoV,TTTACTATT
bovine-CoV,TTTTACAGA
bovine-CoV,AAAATCAAA
bovine-CoV,AAGATGGTGT
bovine-CoV,AATGCTGAA
bovine-CoV,AATGCTGAT
bovine-CoV,AATGGTTTA
bovine-CoV,ACTATAGGTA
bovine-CoV,ACTGGTGTT
bovine-CoV,ACTTATTAT
bovine-CoV,ACTTGTAATA
bovine-CoV,AGATTTGGT
bovine-CoV,AGGTTAATG
bovine-CoV,AGTAAAGTT
bovine-CoV,AGTAAATGA
bovine-CoV,AGTGGTTAC
bovine-CoV,AGTGGTTATT
bovine-CoV,ATAACTATAG
bovine-CoV,ATAGGAGATTT
bovine-CoV,ATGATGTTG
bovine-CoV,ATGCTGTTG
bovine-CoV,ATTTTGGGT
bovine-CoV,CAGCAGCAG
bovine-CoV,CATGATGTT
bovine-CoV,CTAATGGTA
bovine-CoV,CTGTTAATT
bovine-CoV,CTTTGACTT
bovine-CoV,CTTTTAATT
bovine-CoV,CTTTTAATT
bovine-CoV,CTTTTAATT
bovine-CoV,GACACTGGT
bovine-CoV,GACCTACAA
bovine-CoV,GACTTATTA
bovine-CoV,GCTCTTAAT
bovine-CoV,GGTAGTGGTTA
bovine-CoV,GGTAGTGGTT
bovine-CoV,GGTTACACT
bovine-CoV,GGTTTGTAT
bovine-CoV,GTAATATGG
bovine-CoV,GTAGGTAGTGGTT
bovine-CoV,GTTTCTGTT
bovine-CoV,TAATGGTAATC
bovine-CoV,TAATGGTATT
bovine-CoV,TAATGGTAT
bovine-CoV,TAATGGTAT
bovine-CoV,TAGTTGGCA
bovine-CoV,TATTAATGG
bovine-CoV,TATTATAAT
bovine-CoV,TATTTAAAT
bovine-CoV,TATTTTTGCTAA
bovine-CoV,TGCTGCTAA
bovine-CoV,TGGCATAGG
bovine-CoV,TGGTTATTAC
bovine-CoV,TGGTTTAAA
bovine-CoV,TGTTAATTAT
bovine-CoV,TGTTACTAA
bovine-CoV,TTAAAGATGG
bovine-CoV,TTAATGAATG
bovine-CoV,TTAATTATA
bovine-CoV,TTACTAATGGT
bovine-CoV,TTACTATTGA
bovine-CoV,TTAGTGCAG
bovine-CoV,TTATGTAAA
bovine-CoV,TTATTATGT
bovine-CoV,TTCTGCTTT
bovine-CoV,TTGAGGCTT
bovine-CoV,TTGCTGGTG
bovine-CoV,TTGGGTAAT
bovine-CoV,TTGGTGCTAT
bovine-CoV,TTGTAATAA
bovine-CoV,TTGTTTATG
bovine-CoV,TTGTTTTAA
bovine-CoV,TTTACTAAT
bovine-CoV,TTTACTATT
bovine-CoV,TTTGTATTTT
bovine-CoV,TTTTACAGA
bovine-CoV,TTTTGGGTT
bovine-CoV,TTTTGTTGAGG
bovine-CoV,AAAATCAAA
bovine-CoV,AACCTGTAGGTG
bovine-CoV,AATAGTGGTA
bovine-CoV,AATGCTGAA
bovine-CoV,AATGCTGAT
bovine-CoV,AATGGTTTA
bovine-CoV,ACTATAGGTA
bovine-CoV,ACTGGTGTT
bovine-CoV,ACTTATTAT
bovine-CoV,ACTTGTAATA
bovine-CoV,AGATTTGGT
bovine-CoV,AGGTTAATG
bovine-CoV,AGTAAATGA
bovine-CoV,AGTGGTTATT
bovine-CoV,AGTTTCTGT
bovine-CoV,ATAACTATAG
bovine-CoV,ATAGGAGATTT
bovine-CoV,ATGATGTTG
bovine-CoV,ATGCTGTTG
bovine-CoV,ATGGTTTAAA
bovine-CoV,ATTCAAATA
bovine-CoV,ATTTTATTT
bovine-CoV,CAGCAGCAG
bovine-CoV,CATGATGTT
bovine-CoV,CGATTGTAATA
bovine-CoV,CTACCAATT
bovine-CoV,CTATGGTTT
bovine-CoV,CTGATTTTA
bovine-CoV,CTGTTAATT
bovine-CoV,CTGTTGATT
bovine-CoV,CTTGATGCT
bovine-CoV,CTTTTAATT
bovine-CoV,GACCTACAA
bovine-CoV,GACTTATTA
bovine-CoV,GATTTGTCA
bovine-CoV,GCTCTTAAT
bovine-CoV,GGTAGTGGTTA
bovine-CoV,GGTAGTGGTT
bovine-CoV,GGTATTTTTG
bovine-CoV,GGTGTTGTT
bovine-CoV,GTAATATGG
bovine-CoV,GTAGGTAGTGGTT
bovine-CoV,GTTTCTGTT
bovine-CoV,TAACTATAGA
bovine-CoV,TAACTATAG
bovine-CoV,TAATGGTAATC
bovine-CoV,TAATGGTAT
bovine-CoV,TAGTTGGCA
bovine-CoV,TATTAATGGG
bovine-CoV,TATTAATGG
bovine-CoV,TATTATAAT
bovine-CoV,TATTTAAAT
bovine-CoV,TGATTTTAT
bovine-CoV,TGGATGTTC
bovine-CoV,TGGTTTGTAT
bovine-CoV,TGTTAATTA
bovine-CoV,TGTTACTAA
bovine-CoV,TTAATGAATG
bovine-CoV,TTACTACCCT
bovine-CoV,TTACTATTGA
bovine-CoV,TTAGTGCAG
bovine-CoV,TTATTAATGG
bovine-CoV,TTATTATGT
bovine-CoV,TTCTGCTTT
bovine-CoV,TTCTGTTAGCA
bovine-CoV,TTGATGCTA
bovine-CoV,TTGCTGGTG
bovine-CoV,TTGTAATAA
bovine-CoV,TTGTTAATG
bovine-CoV,TTGTTTTAA
bovine-CoV,TTTACTATT
bovine-CoV,TTTGTATTT
bovine-CoV,TTTTACAGA
bovine-CoV,TTTTGTTGAGG
bovine-CoV,AATAGTGGTA
bovine-CoV,CCTGCAGGT
bovine-CoV,TAGTTGGCA
bovine-CoV,TATTATAAT
bovine-CoV,CCTGCAGGT
bovine-CoV,TGGCATAGG
bovine-CoV,TCCTTGTACTTG
bovine-CoV,AAAACCAAA
bovine-CoV,AAGATGGTGT
bovine-CoV,AATGCTGAA
bovine-CoV,AATGCTGAT
bovine-CoV,AATGGTTTA
bovine-CoV,ACTATAGGTA
bovine-CoV,ACTGGTGTT
bovine-CoV,ACTTATTAT
bovine-CoV,ACTTGTAATA
bovine-CoV,AGGTTAATG
bovine-CoV,AGTAAAGTT
bovine-CoV,AGTAAATGA
bovine-CoV,ATAACTATAG
bovine-CoV,ATGATGTTG
bovine-CoV,ATGCTCTTG
bovine-CoV,ATGCTGTTG
bovine-CoV,CAGCAGCAG
bovine-CoV,CATGATGTT
bovine-CoV,CATGTAAAT
bovine-CoV,CCTGCAGGT
bovine-CoV,CTAATGGTA
bovine-CoV,CTGATTTTA
bovine-CoV,CTGTTAATT
bovine-CoV,CTTTGACTT
bovine-CoV,CTTTTAATT
bovine-CoV,GACCTACAA
bovine-CoV,GCTCTTAAT
bovine-CoV,GGTAATGGT
bovine-CoV,GGTAGTGGTTA
bovine-CoV,GGTGTTACC
bovine-CoV,GGTGTTGTT
bovine-CoV,GGTTTGTAT
bovine-CoV,GTAATATGG
bovine-CoV,GTTTCTGTT
bovine-CoV,TAAATTGGG
bovine-CoV,TAACTATAGA
bovine-CoV,TAACTATAG
bovine-CoV,TAATATTGA
bovine-CoV,TAATGGTAATC
bovine-CoV,TAATGGTATT
bovine-CoV,TAATGGTAT
bovine-CoV,TAATGGTAT
bovine-CoV,TAGTTGGCA
bovine-CoV,TATTAATGG
bovine-CoV,TATTATAAT
bovine-CoV,TATTTAAAT
bovine-CoV,TATTTTTGCTAA
bovine-CoV,TGGCATAGG
bovine-CoV,TGGTTATTAC
bovine-CoV,TGGTTTAAA
bovine-CoV,TGTAATATT
bovine-CoV,TGTTAATTA
bovine-CoV,TGTTACTAA
bovine-CoV,TGTTTATTTA
bovine-CoV,TTAAAGATGG
bovine-CoV,TTAATGAATG
bovine-CoV,TTACTAATGGT
bovine-CoV,TTACTATTGA
bovine-CoV,TTAGTGCAG
bovine-CoV,TTATTATGT
bovine-CoV,TTCTGCTTT
bovine-CoV,TTGAGGCTT
bovine-CoV,TTGCTGGTG
bovine-CoV,TTGGGTAAT
bovine-CoV,TTGGTGCTAT
bovine-CoV,TTGTTAATG
bovine-CoV,TTGTTTTAA
bovine-CoV,TTTACTAAT
bovine-CoV,TTTACTATT
bovine-CoV,TTTGTATTT
bovine-CoV,TTTTACAGA
bovine-CoV,TTTTGTTGAGG
bovine-CoV,AAAATCAAA
bovine-CoV,AATAATACT
bovine-CoV,AATGCTGAA
bovine-CoV,AATGCTGAT
bovine-CoV,AATGGTTTA
bovine-CoV,ACTATAGGTA
bovine-CoV,ACTGGTGTT
bovine-CoV,ACTGGTGTT
bovine-CoV,ACTTATTAT
bovine-CoV,ACTTGTAATA
bovine-CoV,ACTTTAGCT
bovine-CoV,AGGTTAATG
bovine-CoV,AGTAAATGA
bovine-CoV,AGTCAAAAT
bovine-CoV,AGTGGTTATT
bovine-CoV,ATAACTATAG
bovine-CoV,ATAGGAGATTT
bovine-CoV,ATGATGTTG
bovine-CoV,ATGCTGTTG
bovine-CoV,ATGGTATTA
bovine-CoV,ATGGTGTTA
bovine-CoV,ATGGTTTAAA
bovine-CoV,ATTTTATTT
bovine-CoV,ATTTTGATA
bovine-CoV,CACTGTTCAG
bovine-CoV,CAGCAGCAG
bovine-CoV,CCTGCAGGT
bovine-CoV,CGATTGTAATA
bovine-CoV,CTAATGGTA
bovine-CoV,CTACTAATT
bovine-CoV,CTATGGTTT
bovine-CoV,CTTTGACTT
bovine-CoV,CTTTTAATT
bovine-CoV,CTTTTAATT
bovine-CoV,CTTTTAATT
bovine-CoV,GACACTGGTGTT
bovine-CoV,GACTTATTA
bovine-CoV,GATTTTACTA
bovine-CoV,GCTCTTAAT
bovine-CoV,GGTAGTGGTTA
bovine-CoV,GGTAGTGGTT
bovine-CoV,GGTATTTTTG
bovine-CoV,GGTGTTGTT
bovine-CoV,GTAGGTAGTGGTT
bovine-CoV,GTTATAATG
bovine-CoV,TAATGGTAATC
bovine-CoV,TAATGGTATT
bovine-CoV,TAATGTATA
bovine-CoV,TACTAATTAT
bovine-CoV,TACTATTGA
bovine-CoV,TACTTTTGT
bovine-CoV,TATTAATGGG
bovine-CoV,TATTATAAT
bovine-CoV,TATTTAAAT
bovine-CoV,TATTTTTGCTAA
bovine-CoV,TGCTGCTAA
bovine-CoV,TGGTTATTA
bovine-CoV,TGGTTTGTAT
bovine-CoV,TGTTAATTAT
bovine-CoV,TGTTACTAA
bovine-CoV,TGTTTGTGT
bovine-CoV,TTAATGAATG
bovine-CoV,TTAATTATA
bovine-CoV,TTACTAATGGT
bovine-CoV,TTAGTGCAG
bovine-CoV,TTGCTGGTG
bovine-CoV,TTGGTGCTAT
bovine-CoV,TTGTAATAG
bovine-CoV,TTGTTAATG
bovine-CoV,TTGTTCTACT
bovine-CoV,TTGTTTCCT
bovine-CoV,TTGTTTTAA
bovine-CoV,TTTACTAAT
bovine-CoV,TTTGTATTTT
bovine-CoV,TTTTACAGA
bovine-CoV,TTTTACTAT
bovine-CoV,ACTATAGGTA
bovine-CoV,ACTGGTGTT
bovine-CoV,ACTGGTGTT
bovine-CoV,ACTTATTAT
bovine-CoV,ACTTGTAATA
bovine-CoV,ATAACTATAG
bovine-CoV,ATAGGAGATTT
bovine-CoV,ATGATGTTG
bovine-CoV,ATGGTGTTA
bovine-CoV,ATGTGACTG
bovine-CoV,ATTTTGATA
bovine-CoV,CCTGCAGGT
bovine-CoV,CTAATGGTA
bovine-CoV,CTATGGTTT
bovine-CoV,CTGTTGATT
bovine-CoV,CTTTGACTT
bovine-CoV,GACACTGGTGTT
bovine-CoV,GATTTTACTA
bovine-CoV,GGTATTTTTG
bovine-CoV,GGTGTTGTT
bovine-CoV,GTAGGTAGTGGT
bovine-CoV,GTTTCTGTT
bovine-CoV,TAATGTATA
bovine-CoV,TACTATTGA
bovine-CoV,TACTTTTGT
bovine-CoV,TAGTTGGCA
bovine-CoV,TATTATAAT
bovine-CoV,TATTTTTGCTAA
bovine-CoV,TGCTGCTAA
bovine-CoV,TGTTACTAA
bovine-CoV,TTACTAATGGT
bovine-CoV,TTGTTCTACT
bovine-CoV,TTTACTAAT
bovine-CoV,TTTAGGCAC
bovine-CoV,TTTTACAGA
bovine-CoV,CCTGCAGGT
bovine-CoV,TAGTTGGCA
bovine-CoV,TATTATAAT
bovine-CoV,TGGCATAGG
bovine-CoV,AAAATCAAA
bovine-CoV,AATAATACT
bovine-CoV,AATGCTGAA
bovine-CoV,AATGCTGAT
bovine-CoV,AATGGTTTA
bovine-CoV,ACTATAGGTA
bovine-CoV,ACTGGTGTT
bovine-CoV,ACTGGTGTT
bovine-CoV,ACTTGTAATA
bovine-CoV,ACTTTAGCT
bovine-CoV,AGGTCTTGC
bovine-CoV,AGGTTAATG
bovine-CoV,AGTAAATGA
bovine-CoV,AGTCAAAAT
bovine-CoV,AGTGGTTATT
bovine-CoV,ATAACTATAG
bovine-CoV,ATGATGTTG
bovine-CoV,ATGCTGTTG
bovine-CoV,ATGGTATTA
bovine-CoV,ATGGTGTTA
bovine-CoV,ATGGTTTAAA
bovine-CoV,ATTTTATTT
bovine-CoV,ATTTTGATA
bovine-CoV,CACTGTTCAG
bovine-CoV,CCTGCAGGT
bovine-CoV,CGATTGTAATA
bovine-CoV,CTAATGGTA
bovine-CoV,CTATGGTTT
bovine-CoV,CTTTTAATT
bovine-CoV,GACACTGGTGTT
bovine-CoV,GACTTATTA
bovine-CoV,GATTTTACTA
bovine-CoV,GCTCTTAAT
bovine-CoV,GGTAGTGGTTA
bovine-CoV,GGTAGTGGTT
bovine-CoV,GGTATTTTTG
bovine-CoV,GGTGTTGTT
bovine-CoV,GTAGGTAGTGGTT
bovine-CoV,GTTTCTGTT
bovine-CoV,TAACTATAGA
bovine-CoV,TAACTATAG
bovine-CoV,TAATGGTAATC
bovine-CoV,TAATGGTATT
bovine-CoV,TACTATTGA
bovine-CoV,TACTTTTGT
bovine-CoV,TAGTTGGCA
bovine-CoV,TATGGTTTA
bovine-CoV,TATTAATGGG
bovine-CoV,TATTTAAAT
bovine-CoV,TATTTTTGCTAA
bovine-CoV,TGCTGCTAA
bovine-CoV,TGGTTATTA
bovine-CoV,TGTTAATTAT
bovine-CoV,TGTTACTAA
bovine-CoV,TTAATGAATG
bovine-CoV,TTACTAATGGT
bovine-CoV,TTAGTGCAG
bovine-CoV,TTGCTGGTG
bovine-CoV,TTGGTGCTAT
bovine-CoV,TTGTAATAG
bovine-CoV,TTGTTAATG
bovine-CoV,TTGTTCTACT
bovine-CoV,TTGTTTCCT
bovine-CoV,TTGTTTTAA
bovine-CoV,TTTACTAAT
bovine-CoV,TTTGTATGA
bovine-CoV,TTTTACAGA
bovine-CoV,TTTTACTAT
bovine-CoV,AAAATCAAA
bovine-CoV,AAGATGGTGT
bovine-CoV,AATGCTGAT
bovine-CoV,AATGGTTTA
bovine-CoV,ACTATAGGTA
bovine-CoV,ACTGGTGTT
bovine-CoV,ACTGGTGTT
bovine-CoV,ACTTATTAT
bovine-CoV,ACTTGTAATA
bovine-CoV,AGGTTAATG
bovine-CoV,AGTAAATGA
bovine-CoV,AGTGGTTATT
bovine-CoV,ATAACTATAG
bovine-CoV,ATAGGAGATTT
bovine-CoV,ATGATGTTG
bovine-CoV,ATGCTCTTG
bovine-CoV,ATGCTGTTG
bovine-CoV,ATGGCTTTT
bovine-CoV,ATGGTTTAAA
bovine-CoV,ATTTTATTT
bovine-CoV,ATTTTGATAG
bovine-CoV,CAGCAGCAG
bovine-CoV,CATGATGTT
bovine-CoV,CCTGCAGGT
bovine-CoV,CTAATGGTA
bovine-CoV,CTATGGTTT
bovine-CoV,CTGATTTTA
bovine-CoV,CTGGTATAG
bovine-CoV,CTGTTAATT
bovine-CoV,CTTTTAATT
bovine-CoV,GACACTGGTGTT
bovine-CoV,GACCTACAA
bovine-CoV,GACTTATTA
bovine-CoV,GGTAGTGGTTA
bovine-CoV,GGTAGTGGT
bovine-CoV,GGTATTTTTG
bovine-CoV,GGTGTTGTT
bovine-CoV,GTAATATGG
bovine-CoV,GTAGGTAGTGGT
bovine-CoV,GTTTCTGTT
bovine-CoV,TAACTATAGA
bovine-CoV,TAACTATAG
bovine-CoV,TAATAATATT
bovine-CoV,TAATGGTAATC
bovine-CoV,TAATGGTAT
bovine-CoV,TACTAATTTTGA
bovine-CoV,TAGGCACTT
bovine-CoV,TATTAATGGG
bovine-CoV,TATTATAAT
bovine-CoV,TATTTAAAT
bovine-CoV,TATTTTTGCTAA
bovine-CoV,TCATATTAT
bovine-CoV,TGATTATGC
bovine-CoV,TGCTGCTAA
bovine-CoV,TGGTATAGG
bovine-CoV,TGGTTTGTAT
bovine-CoV,TGTTAATTAT
bovine-CoV,TGTTACTAA
bovine-CoV,TTAAAGATGG
bovine-CoV,TTAATGAATG
bovine-CoV,TTACTAATGGT
bovine-CoV,TTACTACCCT
bovine-CoV,TTACTATTGA
bovine-CoV,TTAGTGCAG
bovine-CoV,TTATTATGT
bovine-CoV,TTCTGCTTT
bovine-CoV,TTGAGGCTT
bovine-CoV,TTGCTGGTG
bovine-CoV,TTGGTGCTAT
bovine-CoV,TTGTTAATG
bovine-CoV,TTGTTTTAA
bovine-CoV,TTTACTAAT
bovine-CoV,TTTACTATT
bovine-CoV,TTTAGGCAC
bovine-CoV,TTTCTGTTT
bovine-CoV,TTTGTATTTC
bovine-CoV,TTTTACAGA
bovine-CoV,TTTTGTTGAGG
bovine-CoV,AAAATCAAA
bovine-CoV,AATGCTGAA
bovine-CoV,AATGCTGAT
bovine-CoV,AATGGTTTA
bovine-CoV,ACTGGTGTT
bovine-CoV,ACTGGTGTT
bovine-CoV,ACTTATTAT
bovine-CoV,ACTTGTAATA
bovine-CoV,AGATTTGGT
bovine-CoV,AGGTTAATG
bovine-CoV,AGTAAAGTT
bovine-CoV,AGTAAATGA
bovine-CoV,AGTGGTTAC
bovine-CoV,AGTGGTTATT
bovine-CoV,ATAGGAGATTT
bovine-CoV,ATGATGTTG
bovine-CoV,ATGCTCTTG
bovine-CoV,ATGCTGTTG
bovine-CoV,CAGCAGCAG
bovine-CoV,CATGATGTT
bovine-CoV,CCTGCAGGT
bovine-CoV,CGATTGCAATA
bovine-CoV,CTAATGGTA
bovine-CoV,CTGATTTTA
bovine-CoV,CTGTTAATT
bovine-CoV,CTTTTAATT
bovine-CoV,CTTTTAATT
bovine-CoV,CTTTTAATT
bovine-CoV,GACACTGGTGTT
bovine-CoV,GACCTACAA
bovine-CoV,GACTTATTA
bovine-CoV,GCTCTTAAT
bovine-CoV,GGTAATGGT
bovine-CoV,GGTAGTGGTTA
bovine-CoV,GGTGTTGTT
bovine-CoV,GGTTACACT
bovine-CoV,GTAATATGG
bovine-CoV,GTACTTTTT
bovine-CoV,TAATGGTAATC
bovine-CoV,TAATGGTATT
bovine-CoV,TAATGGTAT
bovine-CoV,TAATGGTAT
bovine-CoV,TAATGGTTT
bovine-CoV,TAATTATAG
bovine-CoV,TACTTTTTT
bovine-CoV,TAGTTGGCA
bovine-CoV,TATTAATGG
bovine-CoV,TATTATAAT
bovine-CoV,TATTTAAAT
bovine-CoV,TATTTTTGCTAA
bovine-CoV,TGCTGCTAA
bovine-CoV,TGGCATAGG
bovine-CoV,TGGTTATTAC
bovine-CoV,TGGTTTAAA
bovine-CoV,TGGTTTGTAT
bovine-CoV,TGTTAATTAT
bovine-CoV,TGTTACTAA
bovine-CoV,TTAATTATA
bovine-CoV,TTACTAATGGT
bovine-CoV,TTACTATTGA
bovine-CoV,TTAGTGCAG
bovine-CoV,TTATTATGT
bovine-CoV,TTCTATTTAA
bovine-CoV,TTCTGCTTT
bovine-CoV,TTGAGGCTT
bovine-CoV,TTGCTGGTG
bovine-CoV,TTGGGTAAT
bovine-CoV,TTGGTGCTATA
bovine-CoV,TTGTTAATG
bovine-CoV,TTGTTTTAA
bovine-CoV,TTTAAATAC
bovine-CoV,TTTACTAAT
bovine-CoV,TTTACTATT
bovine-CoV,TTTGTATTT
bovine-CoV,TTTTACAGA
bovine-CoV,CTGGTATAG
bovine-CoV,AAAACCAAA
bovine-CoV,AATAATACT
bovine-CoV,AATGCTGAA
bovine-CoV,AATGCTGAT
bovine-CoV,AATGGTATT
bovine-CoV,AATGGTTTA
bovine-CoV,ACTATAGGTA
bovine-CoV,ACTGGTGTT
bovine-CoV,ACTGGTGTT
bovine-CoV,ACTTATTAT
bovine-CoV,ACTTGTAATA
bovine-CoV,AGATTTGGT
bovine-CoV,AGGTTAATG
bovine-CoV,AGTAAAGTT
bovine-CoV,AGTAAATGA
bovine-CoV,AGTGGTTATT
bovine-CoV,ATAACTATAG
bovine-CoV,ATAGGAGATTT
bovine-CoV,ATGATGTTG
bovine-CoV,ATGCTCTTG
bovine-CoV,ATGCTGTTG
bovine-CoV,ATGGTTTAA
bovine-CoV,CAGCAGCAG
bovine-CoV,CATGATGTT
bovine-CoV,CCAATGGTA
bovine-CoV,CCTGCAGGT
bovine-CoV,CGATTGTAATA
bovine-CoV,CTGATTTTA
bovine-CoV,CTGGTATAG
bovine-CoV,CTGTTGATT
bovine-CoV,CTTTGACTT
bovine-CoV,CTTTTAATT
bovine-CoV,GACACTGGTGTT
bovine-CoV,GACCTACAA
bovine-CoV,GCTCTTAAT
bovine-CoV,GGTAGTGGTTA
bovine-CoV,GGTAGTGGTT
bovine-CoV,GGTATTTTTG
bovine-CoV,GGTGTTGTT
bovine-CoV,GTAATATGG
bovine-CoV,GTAGGTAGTGGTT
bovine-CoV,GTTTAATGT
bovine-CoV,GTTTCTGTT
bovine-CoV,TAACTATAGA
bovine-CoV,TAACTATAG
bovine-CoV,TAATATTGA
bovine-CoV,TAATGGTAATC
bovine-CoV,TAATGGTAT
bovine-CoV,TAGGTACTT
bovine-CoV,TAGTTGGCA
bovine-CoV,TATTAATGG
bovine-CoV,TATTATAAT
bovine-CoV,TATTTAAAT
bovine-CoV,TATTTTTGCTAA
bovine-CoV,TGGTTATTAC
bovine-CoV,TGGTTTAAA
bovine-CoV,TGGTTTGTAT
bovine-CoV,TGTAATATT
bovine-CoV,TGTTAATTAT
bovine-CoV,TGTTACTAA
bovine-CoV,TGTTTATTTA
bovine-CoV,TTAAAGATGG
bovine-CoV,TTAATGAATG
bovine-CoV,TTACTATTGA
bovine-CoV,TTAGTGCAG
bovine-CoV,TTATTATGT
bovine-CoV,TTCTGCTTT
bovine-CoV,TTGAGGCTT
bovine-CoV,TTGCTGGTG
bovine-CoV,TTGGGTAAT
bovine-CoV,TTGGTGCTAT
bovine-CoV,TTGTAATAA
bovine-CoV,TTGTTAATG
bovine-CoV,TTGTTTGTG
bovine-CoV,TTGTTTTAA
bovine-CoV,TTTACTATT
bovine-CoV,TTTGTATTT
bovine-CoV,TTTTACAGA
bovine-CoV,TTTTGTTGAGG
bovine-CoV,AAAATCAAA
bovine-CoV,AATGCTGAA
bovine-CoV,AATGGTTTA
bovine-CoV,ACTATAGGTA
bovine-CoV,ACTGGTGTT
bovine-CoV,ACTGGTGTT
bovine-CoV,ACTTGTAATA
bovine-CoV,ACTTTAGCT
bovine-CoV,AGGTAGTGGTT
bovine-CoV,AGTCAAAAT
bovine-CoV,AGTGGTTATT
bovine-CoV,ATAACTATAG
bovine-CoV,ATAGGAGATTT
bovine-CoV,ATGATGTTG
bovine-CoV,ATGCTGTTG
bovine-CoV,ATGGTATTA
bovine-CoV,ATGGTGTTA
bovine-CoV,ATGGTTTAAA
bovine-CoV,ATTTTATTT
bovine-CoV,ATTTTGATA
bovine-CoV,CACATATGA
bovine-CoV,CACTGTTCAG
bovine-CoV,CCTGCAGGT
bovine-CoV,CTAATGGTA
bovine-CoV,CTTTGACTT
bovine-CoV,CTTTTAATT
bovine-CoV,CTTTTAATT
bovine-CoV,CTTTTAATT
bovine-CoV,GACACTGGTGTT
bovine-CoV,GATTTTACTA
bovine-CoV,GCTCTTAAT
bovine-CoV,GGTAGTGGTTA
bovine-CoV,GGTAGTGGTT
bovine-CoV,GGTGTTGTT
bovine-CoV,GTTATAATG
bovine-CoV,GTTTCTGTT
bovine-CoV,NNNNNNNNNNNNNNNNNNNNNNNNNNNNNNNNNNNNNNNNNNNNNNNNNNNNNNNNNNNNNNNNNNNNNNNNNNNNNNNNNNNNNNNNNNNNNNNNNNNNNNNNNNNNNNNNNNNNNNNNNNNNNNNNNNNNNNNNNNNNNNNNNNNNNNNNNNNNNNNNNNNNNNNNNNNN
bovine-CoV,NNNNNNNNNNNNNNNNNNNNNNNNNNNNNNNNNNNNNNNNNNNNNNNNNNNNNNNNNNNNNNNNNNNNNNNNNNNNNNNNNNNNNNNNNNNNNNNNNNNNNNNNNNNNNNNNNNNNNNNNNNNNNNNNNNNNNNNNNNNNNNNNNNNNNNNNNNNNNNNNNNNNNNNNNNN
bovine-CoV,NNNNNNNNNNNNNNNNNNNNNNNNNNNNNNNNNNNNNNNNNNNNNNNNNNNNNNNNNNNNNNNNNNNNNNNNNNNNNNNNNNNNNNNNNNNNNNNNNNNNNNNNNNNNNNNNNNNNNNNNNNNNNNNNNNNNNNNNNNNNNNNNNNNNNNNNNNNNNNNNNNNNNNNNNN
bovine-CoV,NNNNNNNNNNNNNNNNNNNNNNNNNNNNNNNNNNNNNNNNNNNNNNNNNNNNNNNNNNNNNNNNNNNNNNNNNNNNNNNNNNNNNNNNNNNNNNNNNNNNNNNNNNNNNNNNNNNNNNNNNNNNNNNNNNNNNNNNNNNNNNNNNNNNNNNNNNNNNNNNNNNNNNNNN
bovine-CoV,NNNNNNNNNNNNNNNNNNNNNNNNNNNNNNNNNNNNNNNNNNNNNNNNNNNNNNNNNNNNNNNNNNNNNNNNNNNNNNNNNNNNNNNNNNNNNNNNNNNNNNNNNNNNNNNNNNNNNNNNNNNNNNNNNNNNNNNNNNNNNNNNNNNNNNNNNNNNNNNNNNNNNNNN
bovine-CoV,NNNNNNNNNNNNNNNNNNNNNNNNNNNNNNNNNNNNNNNNNNNNNNNNNNNNNNNNNNNNNNNNNNNNNNNNNNNNNNNNNNNNNNNNNNNNNNNNNNNNNNNNNNNNNNNNNNNNNNNNNNNNNNNNNNNNNNNNNNNNNNNNNNNNNNNNNNNNNNNNNNNNNNN
bovine-CoV,NNNNNNNNNNNNNNNNNNNNNNNNNNNNNNNNNNNNNNNNNNNNNNNNNNNNNNNNNNNNNNNNNNNNNNNNNNNNNNNNNNNNNNNNNNNNNNNNNNNNNNNNNNNNNNNNNNNNNNNNNNNNNNNNNNNNNNNNNNNNNNNNNNNNNNNNNNNNNNNNNNNNNN
bovine-CoV,NNNNNNNNNNNNNNNNNNNNNNNNNNNNNNNNNNNNNNNNNNNNNNNNNNNNNNNNNNNNNNNNNNNNNNNNNNNNNNNNNNNNNNNNNNNNNNNNNNNNNNNNNNNNNNNNNNNNNNNNNNNNNNNNNNNNNNNNNNNNNNNNNNNNNNNNNNNNNNNNNNNNN
bovine-CoV,NNNNNNNNNNNNNNNNNNNNNNNNNNNNNNNNNNNNNNNNNNNNNNNNNNNNNNNNNNNNNNNNNNNNNNNNNNNNNNNNNNNNNNNNNNNNNNNNNNNNNNNNNNNNNNNNNNNNNNNNNNNNNNNNNNNNNNNNNNNNNNNNNNNNNNNNNNNNNNNNNNNN
bovine-CoV,NNNNNNNNNNNNNNNNNNNNNNNNNNNNNNNNNNNNNNNNNNNNNNNNNNNNNNNNNNNNNNNNNNNNNNNNNNNNNNNNNNNNNNNNNNNNNNNNNNNNNNNNNNNNNNNNNNNNNNNNNNNNNNNNNNNNNNNNNNNNNNNNNNNNNNNNNNNNNNNNNNN
bovine-CoV,NNNNNNNNNNNNNNNNNNNNNNNNNNNNNNNNNNNNNNNNNNNNNNNNNNNNNNNNNNNNNNNNNNNNNNNNNNNNNNNNNNNNNNNNNNNNNNNNNNNNNNNNNNNNNNNNNNNNNNNNNNNNNNNNNNNNNNNNNNNNNNNNNNNNNNNNNNNNNNNNNN
bovine-CoV,NNNNNNNNNNNNNNNNNNNNNNNNNNNNNNNNNNNNNNNNNNNNNNNNNNNNNNNNNNNNNNNNNNNNNNNNNNNNNNNNNNNNNNNNNNNNNNNNNNNNNNNNNNNNNNNNNNNNNNNNNNNNNNNNNNNNNNNNNNNNNNNNNNNNNNNNNNNNNNNNN
bovine-CoV,NNNNNNNNNNNNNNNNNNNNNNNNNNNNNNNNNNNNNNNNNNNNNNNNNNNNNNNNNNNNNNNNNNNNNNNNNNNNNNNNNNNNNNNNNNNNNNNNNNNNNNNNNNNNNNNNNNNNNNNNNNNNNNNNNNNNNNNNNNNNNNNNNNNNNNNNNNNNNNNN
bovine-CoV,NNNNNNNNNNNNNNNNNNNNNNNNNNNNNNNNNNNNNNNNNNNNNNNNNNNNNNNNNNNNNNNNNNNNNNNNNNNNNNNNNNNNNNNNNNNNNNNNNNNNNNNNNNNNNNNNNNNNNNNNNNNNNNNNNNNNNNNNNNNNNNNNNNNNNNNNNNNNNNN
bovine-CoV,NNNNNNNNNNNNNNNNNNNNNNNNNNNNNNNNNNNNNNNNNNNNNNNNNNNNNNNNNNNNNNNNNNNNNNNNNNNNNNNNNNNNNNNNNNNNNNNNNNNNNNNNNNNNNNNNNNNNNNNNNNNNNNNNNNNNNNNNNNNNNNNNNNNNNNNNNNNNNN
bovine-CoV,NNNNNNNNNNNNNNNNNNNNNNNNNNNNNNNNNNNNNNNNNNNNNNNNNNNNNNNNNNNNNNNNNNNNNNNNNNNNNNNNNNNNNNNNNNNNNNNNNNNNNNNNNNNNNNNNNNNNNNNNNNNNNNNNNNNNNNNNNNNNNNNNNNNNNNNNNNNNN
bovine-CoV,NNNNNNNNNNNNNNNNNNNNNNNNNNNNNNNNNNNNNNNNNNNNNNNNNNNNNNNNNNNNNNNNNNNNNNNNNNNNNNNNNNNNNNNNNNNNNNNNNNNNNNNNNNNNNNNNNNNNNNNNNNNNNNNNNNNNNNNNNNNNNNNNNNNNNNNNNNNN
bovine-CoV,NNNNNNNNNNNNNNNNNNNNNNNNNNNNNNNNNNNNNNNNNNNNNNNNNNNNNNNNNNNNNNNNNNNNNNNNNNNNNNNNNNNNNNNNNNNNNNNNNNNNNNNNNNNNNNNNNNNNNNNNNNNNNNNNNNNNNNNNNNNNNNNNNNNNNNNNNNN
bovine-CoV,NNNNNNNNNNNNNNNNNNNNNNNNNNNNNNNNNNNNNNNNNNNNNNNNNNNNNNNNNNNNNNNNNNNNNNNNNNNNNNNNNNNNNNNNNNNNNNNNNNNNNNNNNNNNNNNNNNNNNNNNNNNNNNNNNNNNNNNNNNNNNNNNNNNNNNNNNN
bovine-CoV,NNNNNNNNNNNNNNNNNNNNNNNNNNNNNNNNNNNNNNNNNNNNNNNNNNNNNNNNNNNNNNNNNNNNNNNNNNNNNNNNNNNNNNNNNNNNNNNNNNNNNNNNNNNNNNNNNNNNNNNNNNNNNNNNNNNNNNNNNNNNNNNNNNNNNNNNN
bovine-CoV,NNNNNNNNNNNNNNNNNNNNNNNNNNNNNNNNNNNNNNNNNNNNNNNNNNNNNNNNNNNNNNNNNNNNNNNNNNNNNNNNNNNNNNNNNNNNNNNNNNNNNNNNNNNNNNNNNNNNNNNNNNNNNNNNNNNNNNNNNNNNNNNNNNNNNNNN
bovine-CoV,NNNNNNNNNNNNNNNNNNNNNNNNNNNNNNNNNNNNNNNNNNNNNNNNNNNNNNNNNNNNNNNNNNNNNNNNNNNNNNNNNNNNNNNNNNNNNNNNNNNNNNNNNNNNNNNNNNNNNNNNNNNNNNNNNNNNNNNNNNNNNNNNNNNNNNN
bovine-CoV,NNNNNNNNNNNNNNNNNNNNNNNNNNNNNNNNNNNNNNNNNNNNNNNNNNNNNNNNNNNNNNNNNNNNNNNNNNNNNNNNNNNNNNNNNNNNNNNNNNNNNNNNNNNNNNNNNNNNNNNNNNNNNNNNNNNNNNNNNNNNNNNNNNNNNN
bovine-CoV,NNNNNNNNNNNNNNNNNNNNNNNNNNNNNNNNNNNNNNNNNNNNNNNNNNNNNNNNNNNNNNNNNNNNNNNNNNNNNNNNNNNNNNNNNNNNNNNNNNNNNNNNNNNNNNNNNNNNNNNNNNNNNNNNNNNNNNNNNNNNNNNNNNNNN
bovine-CoV,NNNNNNNNNNNNNNNNNNNNNNNNNNNNNNNNNNNNNNNNNNNNNNNNNNNNNNNNNNNNNNNNNNNNNNNNNNNNNNNNNNNNNNNNNNNNNNNNNNNNNNNNNNNNNNNNNNNNNNNNNNNNNNNNNNNNNNNNNNNNNNNNNNNN
bovine-CoV,NNNNNNNNNNNNNNNNNNNNNNNNNNNNNNNNNNNNNNNNNNNNNNNNNNNNNNNNNNNNNNNNNNNNNNNNNNNNNNNNNNNNNNNNNNNNNNNNNNNNNNNNNNNNNNNNNNNNNNNNNNNNNNNNNNNNNNNNNNNNNNNNNNN
bovine-CoV,NNNNNNNNNNNNNNNNNNNNNNNNNNNNNNNNNNNNNNNNNNNNNNNNNNNNNNNNNNNNNNNNNNNNNNNNNNNNNNNNNNNNNNNNNNNNNNNNNNNNNNNNNNNNNNNNNNNNNNNNNNNNNNNNNNNNNNNNNNNNNNNNNN
bovine-CoV,NNNNNNNNNNNNNNNNNNNNNNNNNNNNNNNNNNNNNNNNNNNNNNNNNNNNNNNNNNNNNNNNNNNNNNNNNNNNNNNNNNNNNNNNNNNNNNNNNNNNNNNNNNNNNNNNNNNNNNNNNNNNNNNNNNNNNNNNNNNNNNNNN
bovine-CoV,NNNNNNNNNNNNNNNNNNNNNNNNNNNNNNNNNNNNNNNNNNNNNNNNNNNNNNNNNNNNNNNNNNNNNNNNNNNNNNNNNNNNNNNNNNNNNNNNNNNNNNNNNNNNNNNNNNNNNNNNNNNNNNNNNNNNNNNNNNNNNNNN
bovine-CoV,NNNNNNNNNNNNNNNNNNNNNNNNNNNNNNNNNNNNNNNNNNNNNNNNNNNNNNNNNNNNNNNNNNNNNNNNNNNNNNNNNNNNNNNNNNNNNNNNNNNNNNNNNNNNNNNNNNNNNNNNNNNNNNNNNNNNNNNNNNNNNNN
bovine-CoV,NNNNNNNNNNNNNNNNNNNNNNNNNNNNNNNNNNNNNNNNNNNNNNNNNNNNNNNNNNNNNNNNNNNNNNNNNNNNNNNNNNNNNNNNNNNNNNNNNNNNNNNNNNNNNNNNNNNNNNNNNNNNNNNNNNNNNNNNNNNNNN
bovine-CoV,NNNNNNNNNNNNNNNNNNNNNNNNNNNNNNNNNNNNNNNNNNNNNNNNNNNNNNNNNNNNNNNNNNNNNNNNNNNNNNNNNNNNNNNNNNNNNNNNNNNNNNNNNNNNNNNNNNNNNNNNNNNNNNNNNNNNNNNNNNNNN
bovine-CoV,NNNNNNNNNNNNNNNNNNNNNNNNNNNNNNNNNNNNNNNNNNNNNNNNNNNNNNNNNNNNNNNNNNNNNNNNNNNNNNNNNNNNNNNNNNNNNNNNNNNNNNNNNNNNNNNNNNNNNNNNNNNNNNNNNNNNNNNNNNNN
bovine-CoV,NNNNNNNNNNNNNNNNNNNNNNNNNNNNNNNNNNNNNNNNNNNNNNNNNNNNNNNNNNNNNNNNNNNNNNNNNNNNNNNNNNNNNNNNNNNNNNNNNNNNNNNNNNNNNNNNNNNNNNNNNNNNNNNNNNNNNNNNNNN
bovine-CoV,NNNNNNNNNNNNNNNNNNNNNNNNNNNNNNNNNNNNNNNNNNNNNNNNNNNNNNNNNNNNNNNNNNNNNNNNNNNNNNNNNNNNNNNNNNNNNNNNNNNNNNNNNNNNNNNNNNNNNNNNNNNNNNNNNNNNNNNNNN
bovine-CoV,NNNNNNNNNNNNNNNNNNNNNNNNNNNNNNNNNNNNNNNNNNNNNNNNNNNNNNNNNNNNNNNNNNNNNNNNNNNNNNNNNNNNNNNNNNNNNNNNNNNNNNNNNNNNNNNNNNNNNNNNNNNNNNNNNNNNNNNNN
bovine-CoV,NNNNNNNNNNNNNNNNNNNNNNNNNNNNNNNNNNNNNNNNNNNNNNNNNNNNNNNNNNNNNNNNNNNNNNNNNNNNNNNNNNNNNNNNNNNNNNNNNNNNNNNNNNNNNNNNNNNNNNNNNNNNNNNNNNNNNNNN
bovine-CoV,NNNNNNNNNNNNNNNNNNNNNNNNNNNNNNNNNNNNNNNNNNNNNNNNNNNNNNNNNNNNNNNNNNNNNNNNNNNNNNNNNNNNNNNNNNNNNNNNNNNNNNNNNNNNNNNNNNNNNNNNNNNNNNNNNNNNNNN
bovine-CoV,NNNNNNNNNNNNNNNNNNNNNNNNNNNNNNNNNNNNNNNNNNNNNNNNNNNNNNNNNNNNNNNNNNNNNNNNNNNNNNNNNNNNNNNNNNNNNNNNNNNNNNNNNNNNNNNNNNNNNNNNNNNNNNNNNNNNNN
bovine-CoV,NNNNNNNNNNNNNNNNNNNNNNNNNNNNNNNNNNNNNNNNNNNNNNNNNNNNNNNNNNNNNNNNNNNNNNNNNNNNNNNNNNNNNNNNNNNNNNNNNNNNNNNNNNNNNNNNNNNNNNNNNNNNNNNNNNNNN
bovine-CoV,NNNNNNNNNNNNNNNNNNNNNNNNNNNNNNNNNNNNNNNNNNNNNNNNNNNNNNNNNNNNNNNNNNNNNNNNNNNNNNNNNNNNNNNNNNNNNNNNNNNNNNNNNNNNNNNNNNNNNNNNNNNNNNNNNNNN
bovine-CoV,NNNNNNNNNNNNNNNNNNNNNNNNNNNNNNNNNNNNNNNNNNNNNNNNNNNNNNNNNNNNNNNNNNNNNNNNNNNNNNNNNNNNNNNNNNNNNNNNNNNNNNNNNNNNNNNNNNNNNNNNNNNNNNNNNNN
bovine-CoV,NNNNNNNNNNNNNNNNNNNNNNNNNNNNNNNNNNNNNNNNNNNNNNNNNNNNNNNNNNNNNNNNNNNNNNNNNNNNNNNNNNNNNNNNNNNNNNNNNNNNNNNNNNNNNNNNNNNNNNNNNNNNNNNNNN
bovine-CoV,NNNNNNNNNNNNNNNNNNNNNNNNNNNNNNNNNNNNNNNNNNNNNNNNNNNNNNNNNNNNNNNNNNNNNNNNNNNNNNNNNNNNNNNNNNNNNNNNNNNNNNNNNNNNNNNNNNNNNNNNNNNNNNNNN
bovine-CoV,NNNNNNNNNNNNNNNNNNNNNNNNNNNNNNNNNNNNNNNNNNNNNNNNNNNNNNNNNNNNNNNNNNNNNNNNNNNNNNNNNNNNNNNNNNNNNNNNNNNNNNNNNNNNNNNNNNNNNNNNNNNNNNNN
bovine-CoV,NNNNNNNNNNNNNNNNNNNNNNNNNNNNNNNNNNNNNNNNNNNNNNNNNNNNNNNNNNNNNNNNNNNNNNNNNNNNNNNNNNNNNNNNNNNNNNNNNNNNNNNNNNNNNNNNNNNNNNNNNNNNNNN
bovine-CoV,NNNNNNNNNNNNNNNNNNNNNNNNNNNNNNNNNNNNNNNNNNNNNNNNNNNNNNNNNNNNNNNNNNNNNNNNNNNNNNNNNNNNNNNNNNNNNNNNNNNNNNNNNNNNNNNNNNNNNNNNNNNNNN
bovine-CoV,NNNNNNNNNNNNNNNNNNNNNNNNNNNNNNNNNNNNNNNNNNNNNNNNNNNNNNNNNNNNNNNNNNNNNNNNNNNNNNNNNNNNNNNNNNNNNNNNNNNNNNNNNNNNNNNNNNNNNNNNNNNNN
bovine-CoV,NNNNNNNNNNNNNNNNNNNNNNNNNNNNNNNNNNNNNNNNNNNNNNNNNNNNNNNNNNNNNNNNNNNNNNNNNNNNNNNNNNNNNNNNNNNNNNNNNNNNNNNNNNNNNNNNNNNNNNNNNNNN
bovine-CoV,NNNNNNNNNNNNNNNNNNNNNNNNNNNNNNNNNNNNNNNNNNNNNNNNNNNNNNNNNNNNNNNNNNNNNNNNNNNNNNNNNNNNNNNNNNNNNNNNNNNNNNNNNNNNNNNNNNNNNNNNNNN
bovine-CoV,NNNNNNNNNNNNNNNNNNNNNNNNNNNNNNNNNNNNNNNNNNNNNNNNNNNNNNNNNNNNNNNNNNNNNNNNNNNNNNNNNNNNNNNNNNNNNNNNNNNNNNNNNNNNNNNNNNNNNNNNNN
bovine-CoV,NNNNNNNNNNNNNNNNNNNNNNNNNNNNNNNNNNNNNNNNNNNNNNNNNNNNNNNNNNNNNNNNNNNNNNNNNNNNNNNNNNNNNNNNNNNNNNNNNNNNNNNNNNNNNNNNNNNNNNNNN
bovine-CoV,NNNNNNNNNNNNNNNNNNNNNNNNNNNNNNNNNNNNNNNNNNNNNNNNNNNNNNNNNNNNNNNNNNNNNNNNNNNNNNNNNNNNNNNNNNNNNNNNNNNNNNNNNNNNNNNNNNNNNNNN
bovine-CoV,NNNNNNNNNNNNNNNNNNNNNNNNNNNNNNNNNNNNNNNNNNNNNNNNNNNNNNNNNNNNNNNNNNNNNNNNNNNNNNNNNNNNNNNNNNNNNNNNNNNNNNNNNNNNNNNNNNNNNNN
bovine-CoV,NNNNNNNNNNNNNNNNNNNNNNNNNNNNNNNNNNNNNNNNNNNNNNNNNNNNNNNNNNNNNNNNNNNNNNNNNNNNNNNNNNNNNNNNNNNNNNNNNNNNNNNNNNNNNNNNNNNNNN
bovine-CoV,NNNNNNNNNNNNNNNNNNNNNNNNNNNNNNNNNNNNNNNNNNNNNNNNNNNNNNNNNNNNNNNNNNNNNNNNNNNNNNNNNNNNNNNNNNNNNNNNNNNNNNNNNNNNNNNNNNNNN
bovine-CoV,NNNNNNNNNNNNNNNNNNNNNNNNNNNNNNNNNNNNNNNNNNNNNNNNNNNNNNNNNNNNNNNNNNNNNNNNNNNNNNNNNNNNNNNNNNNNNNNNNNNNNNNNNNNNNNNNNNNN
bovine-CoV,NNNNNNNNNNNNNNNNNNNNNNNNNNNNNNNNNNNNNNNNNNNNNNNNNNNNNNNNNNNNNNNNNNNNNNNNNNNNNNNNNNNNNNNNNNNNNNNNNNNNNNNNNNNNNNNNNNN
bovine-CoV,NNNNNNNNNNNNNNNNNNNNNNNNNNNNNNNNNNNNNNNNNNNNNNNNNNNNNNNNNNNNNNNNNNNNNNNNNNNNNNNNNNNNNNNNNNNNNNNNNNNNNNNNNNNNNNNNNN
bovine-CoV,NNNNNNNNNNNNNNNNNNNNNNNNNNNNNNNNNNNNNNNNNNNNNNNNNNNNNNNNNNNNNNNNNNNNNNNNNNNNNNNNNNNNNNNNNNNNNNNNNNNNNNNNNNNNNNNNN
bovine-CoV,NNNNNNNNNNNNNNNNNNNNNNNNNNNNNNNNNNNNNNNNNNNNNNNNNNNNNNNNNNNNNNNNNNNNNNNNNNNNNNNNNNNNNNNNNNNNNNNNNNNNNNNNNNNNNNNN
bovine-CoV,NNNNNNNNNNNNNNNNNNNNNNNNNNNNNNNNNNNNNNNNNNNNNNNNNNNNNNNNNNNNNNNNNNNNNNNNNNNNNNNNNNNNNNNNNNNNNNNNNNNNNNNNNNNNNNN
bovine-CoV,NNNNNNNNNNNNNNNNNNNNNNNNNNNNNNNNNNNNNNNNNNNNNNNNNNNNNNNNNNNNNNNNNNNNNNNNNNNNNNNNNNNNNNNNNNNNNNNNNNNNNNNNNNNNNN
bovine-CoV,NNNNNNNNNNNNNNNNNNNNNNNNNNNNNNNNNNNNNNNNNNNNNNNNNNNNNNNNNNNNNNNNNNNNNNNNNNNNNNNNNNNNNNNNNNNNNNNNNNNNNNNNNNNNN
bovine-CoV,NNNNNNNNNNNNNNNNNNNNNNNNNNNNNNNNNNNNNNNNNNNNNNNNNNNNNNNNNNNNNNNNNNNNNNNNNNNNNNNNNNNNNNNNNNNNNNNNNNNNNNNNNNNN
bovine-CoV,NNNNNNNNNNNNNNNNNNNNNNNNNNNNNNNNNNNNNNNNNNNNNNNNNNNNNNNNNNNNNNNNNNNNNNNNNNNNNNNNNNNNNNNNNNNNNNNNNNNNNNNNNNN
bovine-CoV,NNNNNNNNNNNNNNNNNNNNNNNNNNNNNNNNNNNNNNNNNNNNNNNNNNNNNNNNNNNNNNNNNNNNNNNNNNNNNNNNNNNNNNNNNNNNNNNNNNNNNNNNNN
bovine-CoV,NNNNNNNNNNNNNNNNNNNNNNNNNNNNNNNNNNNNNNNNNNNNNNNNNNNNNNNNNNNNNNNNNNNNNNNNNNNNNNNNNNNNNNNNNNNNNNNNNNNNNNNNN
bovine-CoV,NNNNNNNNNNNNNNNNNNNNNNNNNNNNNNNNNNNNNNNNNNNNNNNNNNNNNNNNNNNNNNNNNNNNNNNNNNNNNNNNNNNNNNNNNNNNNNNNNNNNNNNN
bovine-CoV,NNNNNNNNNNNNNNNNNNNNNNNNNNNNNNNNNNNNNNNNNNNNNNNNNNNNNNNNNNNNNNNNNNNNNNNNNNNNNNNNNNNNNNNNNNNNNNNNNNNNNNN
bovine-CoV,NNNNNNNNNNNNNNNNNNNNNNNNNNNNNNNNNNNNNNNNNNNNNNNNNNNNNNNNNNNNNNNNNNNNNNNNNNNNNNNNNNNNNNNNNNNNNNNNNNNNNN
bovine-CoV,NNNNNNNNNNNNNNNNNNNNNNNNNNNNNNNNNNNNNNNNNNNNNNNNNNNNNNNNNNNNNNNNNNNNNNNNNNNNNNNNNNNNNNNNNNNNNNNNNNNNN
bovine-CoV,NNNNNNNNNNNNNNNNNNNNNNNNNNNNNNNNNNNNNNNNNNNNNNNNNNNNNNNNNNNNNNNNNNNNNNNNNNNNNNNNNNNNNNNNNNNNNNNNNNNN
bovine-CoV,NNNNNNNNNNNNNNNNNNNNNNNNNNNNNNNNNNNNNNNNNNNNNNNNNNNNNNNNNNNNNNNNNNNNNNNNNNNNNNNNNNNNNNNNNNNNNNNNNNN
bovine-CoV,NNNNNNNNNNNNNNNNNNNNNNNNNNNNNNNNNNNNNNNNNNNNNNNNNNNNNNNNNNNNNNNNNNNNNNNNNNNNNNNNNNNNNNNNNNNNNNNNNN
bovine-CoV,NNNNNNNNNNNNNNNNNNNNNNNNNNNNNNNNNNNNNNNNNNNNNNNNNNNNNNNNNNNNNNNNNNNNNNNNNNNNNNNNNNNNNNNNNNNNNNNNN
bovine-CoV,NNNNNNNNNNNNNNNNNNNNNNNNNNNNNNNNNNNNNNNNNNNNNNNNNNNNNNNNNNNNNNNNNNNNNNNNNNNNNNNNNNNNNNNNNNNNNNNN
bovine-CoV,NNNNNNNNNNNNNNNNNNNNNNNNNNNNNNNNNNNNNNNNNNNNNNNNNNNNNNNNNNNNNNNNNNNNNNNNNNNNNNNNNNNNNNNNNNNNNNN
bovine-CoV,NNNNNNNNNNNNNNNNNNNNNNNNNNNNNNNNNNNNNNNNNNNNNNNNNNNNNNNNNNNNNNNNNNNNNNNNNNNNNNNNNNNNNNNNNNNNNN
bovine-CoV,NNNNNNNNNNNNNNNNNNNNNNNNNNNNNNNNNNNNNNNNNNNNNNNNNNNNNNNNNNNNNNNNNNNNNNNNNNNNNNNNNNNNNNNNNNNNN
bovine-CoV,NNNNNNNNNNNNNNNNNNNNNNNNNNNNNNNNNNNNNNNNNNNNNNNNNNNNNNNNNNNNNNNNNNNNNNNNNNNNNNNNNNNNNNNNNNNN
bovine-CoV,NNNNNNNNNNNNNNNNNNNNNNNNNNNNNNNNNNNNNNNNNNNNNNNNNNNNNNNNNNNNNNNNNNNNNNNNNNNNNNNNNNNNNNNNNNN
bovine-CoV,NNNNNNNNNNNNNNNNNNNNNNNNNNNNNNNNNNNNNNNNNNNNNNNNNNNNNNNNNNNNNNNNNNNNNNNNNNNNNNNNNNNNNNNNNN
bovine-CoV,NNNNNNNNNNNNNNNNNNNNNNNNNNNNNNNNNNNNNNNNNNNNNNNNNNNNNNNNNNNNNNNNNNNNNNNNNNNNNNNNNNNNNNNNN
bovine-CoV,NNNNNNNNNNNNNNNNNNNNNNNNNNNNNNNNNNNNNNNNNNNNNNNNNNNNNNNNNNNNNNNNNNNNNNNNNNNNNNNNNNNNNNNN
bovine-CoV,NNNNNNNNNNNNNNNNNNNNNNNNNNNNNNNNNNNNNNNNNNNNNNNNNNNNNNNNNNNNNNNNNNNNNNNNNNNNNNNNNNNNNNN
bovine-CoV,NNNNNNNNNNNNNNNNNNNNNNNNNNNNNNNNNNNNNNNNNNNNNNNNNNNNNNNNNNNNNNNNNNNNNNNNNNNNNNNNNNNNNN
bovine-CoV,NNNNNNNNNNNNNNNNNNNNNNNNNNNNNNNNNNNNNNNNNNNNNNNNNNNNNNNNNNNNNNNNNNNNNNNNNNNNNNNNNNNNN
bovine-CoV,NNNNNNNNNNNNNNNNNNNNNNNNNNNNNNNNNNNNNNNNNNNNNNNNNNNNNNNNNNNNNNNNNNNNNNNNNNNNNNNNNNNN
bovine-CoV,NNNNNNNNNNNNNNNNNNNNNNNNNNNNNNNNNNNNNNNNNNNNNNNNNNNNNNNNNNNNNNNNNNNNNNNNNNNNNNNNNNN
bovine-CoV,NNNNNNNNNNNNNNNNNNNNNNNNNNNNNNNNNNNNNNNNNNNNNNNNNNNNNNNNNNNNNNNNNNNNNNNNNNNNNNNNNN
bovine-CoV,NNNNNNNNNNNNNNNNNNNNNNNNNNNNNNNNNNNNNNNNNNNNNNNNNNNNNNNNNNNNNNNNNNNNNNNNNNNNNNNNN
bovine-CoV,NNNNNNNNNNNNNNNNNNNNNNNNNNNNNNNNNNNNNNNNNNNNNNNNNNNNNNNNNNNNNNNNNNNNNNNNNNNNNNNN
bovine-CoV,NNNNNNNNNNNNNNNNNNNNNNNNNNNNNNNNNNNNNNNNNNNNNNNNNNNNNNNNNNNNNNNNNNNNNNNNNNNNNNN
bovine-CoV,NNNNNNNNNNNNNNNNNNNNNNNNNNNNNNNNNNNNNNNNNNNNNNNNNNNNNNNNNNNNNNNNNNNNNNNNNNNNNN
bovine-CoV,NNNNNNNNNNNNNNNNNNNNNNNNNNNNNNNNNNNNNNNNNNNNNNNNNNNNNNNNNNNNNNNNNNNNNNNNNNNNN
bovine-CoV,NNNNNNNNNNNNNNNNNNNNNNNNNNNNNNNNNNNNNNNNNNNNNNNNNNNNNNNNNNNNNNNNNNNNNNNNNNNN
bovine-CoV,NNNNNNNNNNNNNNNNNNNNNNNNNNNNNNNNNNNNNNNNNNNNNNNNNNNNNNNNNNNNNNNNNNNNNNNNNNN
bovine-CoV,NNNNNNNNNNNNNNNNNNNNNNNNNNNNNNNNNNNNNNNNNNNNNNNNNNNNNNNNNNNNNNNNNNNNNNNNNN
bovine-CoV,NNNNNNNNNNNNNNNNNNNNNNNNNNNNNNNNNNNNNNNNNNNNNNNNNNNNNNNNNNNNNNNNNNNNNNNNN
bovine-CoV,NNNNNNNNNNNNNNNNNNNNNNNNNNNNNNNNNNNNNNNNNNNNNNNNNNNNNNNNNNNNNNNNNNNNNNNN
bovine-CoV,NNNNNNNNNNNNNNNNNNNNNNNNNNNNNNNNNNNNNNNNNNNNNNNNNNNNNNNNNNNNNNNNNNNNNNN
bovine-CoV,NNNNNNNNNNNNNNNNNNNNNNNNNNNNNNNNNNNNNNNNNNNNNNNNNNNNNNNNNNNNNNNNNNNNNN
bovine-CoV,NNNNNNNNNNNNNNNNNNNNNNNNNNNNNNNNNNNNNNNNNNNNNNNNNNNNNNNNNNNNNNNNNNNNN
bovine-CoV,NNNNNNNNNNNNNNNNNNNNNNNNNNNNNNNNNNNNNNNNNNNNNNNNNNNNNNNNNNNNNNNNNNNN
bovine-CoV,NNNNNNNNNNNNNNNNNNNNNNNNNNNNNNNNNNNNNNNNNNNNNNNNNNNNNNNNNNNNNNNNNNN
bovine-CoV,NNNNNNNNNNNNNNNNNNNNNNNNNNNNNNNNNNNNNNNNNNNNNNNNNNNNNNNNNNNNNNNNNN
bovine-CoV,NNNNNNNNNNNNNNNNNNNNNNNNNNNNNNNNNNNNNNNNNNNNNNNNNNNNNNNNNNNNNNNNN
bovine-CoV,NNNNNNNNNNNNNNNNNNNNNNNNNNNNNNNNNNNNNNNNNNNNNNNNNNNNNNNNNNNNNNNN
bovine-CoV,NNNNNNNNNNNNNNNNNNNNNNNNNNNNNNNNNNNNNNNNNNNNNNNNNNNNNNNNNNNNNNN
bovine-CoV,NNNNNNNNNNNNNNNNNNNNNNNNNNNNNNNNNNNNNNNNNNNNNNNNNNNNNNNNNNNNNN
bovine-CoV,NNNNNNNNNNNNNNNNNNNNNNNNNNNNNNNNNNNNNNNNNNNNNNNNNNNNNNNNNNNNN
bovine-CoV,NNNNNNNNNNNNNNNNNNNNNNNNNNNNNNNNNNNNNNNNNNNNNNNNNNNNNNNNNNNN
bovine-CoV,NNNNNNNNNNNNNNNNNNNNNNNNNNNNNNNNNNNNNNNNNNNNNNNNNNNNNNNNNNN
bovine-CoV,NNNNNNNNNNNNNNNNNNNNNNNNNNNNNNNNNNNNNNNNNNNNNNNNNNNNNNNNNN
bovine-CoV,NNNNNNNNNNNNNNNNNNNNNNNNNNNNNNNNNNNNNNNNNNNNNNNNNNNNNNNNN
bovine-CoV,NNNNNNNNNNNNNNNNNNNNNNNNNNNNNNNNNNNNNNNNNNNNNNNNNNNNNNNN
bovine-CoV,NNNNNNNNNNNNNNNNNNNNNNNNNNNNNNNNNNNNNNNNNNNNNNNNNNNNNNN
bovine-CoV,NNNNNNNNNNNNNNNNNNNNNNNNNNNNNNNNNNNNNNNNNNNNNNNNNNNNNN
bovine-CoV,NNNNNNNNNNNNNNNNNNNNNNNNNNNNNNNNNNNNNNNNNNNNNNNNNNNNN
bovine-CoV,NNNNNNNNNNNNNNNNNNNNNNNNNNNNNNNNNNNNNNNNNNNNNNNNNNNN
bovine-CoV,NNNNNNNNNNNNNNNNNNNNNNNNNNNNNNNNNNNNNNNNNNNNNNNNNNN
bovine-CoV,NNNNNNNNNNNNNNNNNNNNNNNNNNNNNNNNNNNNNNNNNNNNNNNNNN
bovine-CoV,NNNNNNNNNNNNNNNNNNNNNNNNNNNNNNNNNNNNNNNNNNNNNNNNN
bovine-CoV,NNNNNNNNNNNNNNNNNNNNNNNNNNNNNNNNNNNNNNNNNNNNNNNN
bovine-CoV,NNNNNNNNNNNNNNNNNNNNNNNNNNNNNNNNNNNNNNNNNNNNNNN
bovine-CoV,NNNNNNNNNNNNNNNNNNNNNNNNNNNNNNNNNNNNNNNNNNNNNN
bovine-CoV,NNNNNNNNNNNNNNNNNNNNNNNNNNNNNNNNNNNNNNNNNNNNN
bovine-CoV,NNNNNNNNNNNNNNNNNNNNNNNNNNNNNNNNNNNNNNNNNNNN
bovine-CoV,NNNNNNNNNNNNNNNNNNNNNNNNNNNNNNNNNNNNNNNNNNN
bovine-CoV,NNNNNNNNNNNNNNNNNNNNNNNNNNNNNNNNNNNNNNNNNN
bovine-CoV,NNNNNNNNNNNNNNNNNNNNNNNNNNNNNNNNNNNNNNNNN
bovine-CoV,NNNNNNNNNNNNNNNNNNNNNNNNNNNNNNNNNNNNNNNN
bovine-CoV,NNNNNNNNNNNNNNNNNNNNNNNNNNNNNNNNNNNNNNN
bovine-CoV,NNNNNNNNNNNNNNNNNNNNNNNNNNNNNNNNNNNNNN
bovine-CoV,NNNNNNNNNNNNNNNNNNNNNNNNNNNNNNNNNNNNN
bovine-CoV,NNNNNNNNNNNNNNNNNNNNNNNNNNNNNNNNNNNN
bovine-CoV,NNNNNNNNNNNNNNNNNNNNNNNNNNNNNNNNNNN
bovine-CoV,NNNNNNNNNNNNNNNNNNNNNNNNNNNNNNNNNN
bovine-CoV,NNNNNNNNNNNNNNNNNNNNNNNNNNNNNNNNN
bovine-CoV,NNNNNNNNNNNNNNNNNNNNNNNNNNNNNNNN
bovine-CoV,NNNNNNNNNNNNNNNNNNNNNNNNNNNNNNN
bovine-CoV,NNNNNNNNNNNNNNNNNNNNNNNNNNNNNN
bovine-CoV,NNNNNNNNNNNNNNNNNNNNNNNNNNNNN
bovine-CoV,NNNNNNNNNNNNNNNNNNNNNNNNNNNN
bovine-CoV,NNNNNNNNNNNNNNNNNNNNNNNNNNN
bovine-CoV,NNNNNNNNNNNNNNNNNNNNNNNNNN
bovine-CoV,NNNNNNNNNNNNNNNNNNNNNNNNN
bovine-CoV,NNNNNNNNNNNNNNNNNNNNNNNN
bovine-CoV,NNNNNNNNNNNNNNNNNNNNNNN
bovine-CoV,NNNNNNNNNNNNNNNNNNNNNN
bovine-CoV,NNNNNNNNNNNNNNNNNNNNN
bovine-CoV,NNNNNNNNNNNNNNNNNNNN
bovine-CoV,NNNNNNNNNNNNNNNNNNN
bovine-CoV,NNNNNNNNNNNNNNNNNN
bovine-CoV,NNNNNNNNNNNNNNNNN
bovine-CoV,NNNNNNNNNNNNNNNN
bovine-CoV,NNNNNNNNNNNNNNN
bovine-CoV,NNNNNNNNNNNNNN
bovine-CoV,NNNNNNNNNNNNN
bovine-CoV,NNNNNNNNNNNN
bovine-CoV,NNNNNNNNNNN
bovine-CoV,NNNNNNNNNN
bovine-CoV,NNNNNNNNN
bovine-CoV,TAATGGTAAT
bovine-CoV,TAATGGTATT
bovine-CoV,TAATGTATA
bovine-CoV,TACTTTTGT
bovine-CoV,TATTAATGGG
bovine-CoV,TATTTAAAT
bovine-CoV,TATTTTTGCTAA
bovine-CoV,TGCTGCTAA
bovine-CoV,TGGTTATTA
bovine-CoV,TGTTAATTAT
bovine-CoV,TGTTACTAA
bovine-CoV,TTAATGAATG
bovine-CoV,TTAATTATA
bovine-CoV,TTACTAATGGT
bovine-CoV,TTACTATTGA
bovine-CoV,TTAGTGCAG
bovine-CoV,TTGCTGGTG
bovine-CoV,TTGTTAATG
bovine-CoV,TTGTTCTACT
bovine-CoV,TTGTTTCCT
bovine-CoV,TTGTTTTAA
bovine-CoV,TTTACTATT
bovine-CoV,TTTGTATTTT
bovine-CoV,TTTTACAGA
bovine-CoV,TTTTACTAT
bovine-CoV,AAAATCAAA
bovine-CoV,AAGATGGTGT
bovine-CoV,AATGCTGAA
bovine-CoV,AATGCTGAT
bovine-CoV,AATGGTTTA
bovine-CoV,ACTATAGGTA
bovine-CoV,ACTGGTGTT
bovine-CoV,ACTGGTGTT
bovine-CoV,ACTTATTAT
bovine-CoV,ACTTGTAATA
bovine-CoV,AGATTTGGT
bovine-CoV,AGGTTAATG
bovine-CoV,AGTAAAGTT
bovine-CoV,AGTAAATGA
bovine-CoV,AGTGGTTAC
bovine-CoV,AGTGGTTATT
bovine-CoV,ATAACTATAG
bovine-CoV,ATAGGAGATTT
bovine-CoV,ATGATGTTG
bovine-CoV,ATGCTGTTG
bovine-CoV,ATTTTATTT
bovine-CoV,CAGCAGCAG
bovine-CoV,CATGATGTT
bovine-CoV,CGATTGCAATA
bovine-CoV,CTAATGGTA
bovine-CoV,CTGTTAATT
bovine-CoV,CTTTGACTT
bovine-CoV,CTTTTAATT
bovine-CoV,CTTTTAATT
bovine-CoV,CTTTTAATT
bovine-CoV,GACACTGGTGTT
bovine-CoV,GACCTACAAT
bovine-CoV,GACTTATTA
bovine-CoV,GCTCTTAAT
bovine-CoV,GGTAGTGGTTA
bovine-CoV,GGTAGTGGT
bovine-CoV,GGTGTTGTT
bovine-CoV,GGTTACACT
bovine-CoV,GGTTTGTAT
bovine-CoV,GTAATATGG
bovine-CoV,GTAGGTAGTGGT
bovine-CoV,GTTTCTGTT
bovine-CoV,TAATGGTAATC
bovine-CoV,TAATGGTATT
bovine-CoV,TAATGGTAT
bovine-CoV,TAATGGTAT
bovine-CoV,TACCATTTT
bovine-CoV,TAGTTGGCA
bovine-CoV,TATTAATGG
bovine-CoV,TATTATAAT
bovine-CoV,TATTTAAAT
bovine-CoV,TATTTTTGCTAA
bovine-CoV,TGATTATAT
bovine-CoV,TGCTGCTAA
bovine-CoV,TGGCATAGG
bovine-CoV,TGGTTATTAC
bovine-CoV,TGGTTTAAA
bovine-CoV,TGTTAATTAT
bovine-CoV,TGTTACTAA
bovine-CoV,TTAAAGATGG
bovine-CoV,TTAATGAATG
bovine-CoV,TTAATTATA
bovine-CoV,TTACTAATGGT
bovine-CoV,TTACTATTGA
bovine-CoV,TTAGTGCAG
bovine-CoV,TTATGTAAA
bovine-CoV,TTATTATGT
bovine-CoV,TTCTGCTTT
bovine-CoV,TTGAGGCTT
bovine-CoV,TTGCTGGTG
bovine-CoV,TTGGGTAAT
bovine-CoV,TTGGTGCTAT
bovine-CoV,TTGTTTATG
bovine-CoV,TTGTTTTAA
bovine-CoV,TTTACTAAT
bovine-CoV,TTTACTATT
bovine-CoV,TTTGTATTT
bovine-CoV,TTTTACAGA
bovine-CoV,TTTTGTTGAGG
bovine-CoV,AGTAAATGA
bovine-CoV,CATGATGTT
bovine-CoV,CCATTAAAT
bovine-CoV,CCTGCAGGT
bovine-CoV,CTGGTATAG
bovine-CoV,GTAGGTAGTGG
bovine-CoV,TAATATTGA
bovine-CoV,TAATGCTGT
bovine-CoV,TAATTATTT
bovine-CoV,TAGTTGGCA
bovine-CoV,TATTATAAT
bovine-CoV,TGCTGCTAA
bovine-CoV,TGTAATATT
bovine-CoV,AAAATCAAA
bovine-CoV,AATAATACT
bovine-CoV,AATAGTGGTA
bovine-CoV,AATGCTGAA
bovine-CoV,AATGGTTTA
bovine-CoV,ACCACATACT
bovine-CoV,ACTATAGGTA
bovine-CoV,ACTGGTGTT
bovine-CoV,ACTGGTGTT
bovine-CoV,ACTTATTAT
bovine-CoV,ACTTGTAATA
bovine-CoV,AGATCGTGT
bovine-CoV,AGGTTAATG
bovine-CoV,AGTAAATGA
bovine-CoV,AGTGGTTATT
bovine-CoV,ATAACTATAG
bovine-CoV,ATAGGAGATTT
bovine-CoV,ATGATGTTG
bovine-CoV,ATGCTGTTG
bovine-CoV,ATGGTGTTA
bovine-CoV,ATGGTTTAAA
bovine-CoV,ATTTTATTT
bovine-CoV,CACTGTTCAG
bovine-CoV,CAGCAGCAG
bovine-CoV,CCTGCAGGT
bovine-CoV,CGATTGTAATA
bovine-CoV,CTAATGGTA
bovine-CoV,CTACCAATT
bovine-CoV,CTATGGTTT
bovine-CoV,CTGATTTTA
bovine-CoV,CTGTTAATT
bovine-CoV,CTTTTAATT
bovine-CoV,GACACTGGTGTT
bovine-CoV,GACCTACAA
bovine-CoV,GACTTATTA
bovine-CoV,GCTCTTAAT
bovine-CoV,GCTGCGACCT
bovine-CoV,GGTAGTGGTTA
bovine-CoV,GGTAGTGGTT
bovine-CoV,GGTATTTTTG
bovine-CoV,GGTGTTGTT
bovine-CoV,GTAGGTAGTGGTT
bovine-CoV,GTTATAATG
bovine-CoV,GTTTCTGTT
bovine-CoV,TAACTATAGA
bovine-CoV,TAACTATAG
bovine-CoV,TAATGGTAATC
bovine-CoV,TAATGGTAT
bovine-CoV,TAATGTATA
bovine-CoV,TAGTTGGCA
bovine-CoV,TATTAATGGG
bovine-CoV,TATTATAAT
bovine-CoV,TATTTAAAT
bovine-CoV,TATTTTTGCTAA
bovine-CoV,TCTCCATTAA
bovine-CoV,TGCTGCTAA
bovine-CoV,TGGTTTGTAT
bovine-CoV,TGTTAATTA
bovine-CoV,TGTTACTAA
bovine-CoV,TTAATGAATG
bovine-CoV,TTACTAATGGT
bovine-CoV,TTACTATTGA
bovine-CoV,TTAGTGCAG
bovine-CoV,TTCTGCTTT
bovine-CoV,TTGCTGGTG
bovine-CoV,TTGGTGCTAT
bovine-CoV,TTGTAATAG
bovine-CoV,TTGTTAATG
bovine-CoV,TTTACTAAT
bovine-CoV,TTTACTATT
bovine-CoV,TTTGTATTTT
bovine-CoV,TTTTACAGA
bovine-CoV,AAAATCAAA
bovine-CoV,AATAATACT
bovine-CoV,AATAGTGGTA
bovine-CoV,AATGCTGAA
bovine-CoV,AATGCTGAT
bovine-CoV,AATGGTTTA
bovine-CoV,ACTATAGGTA
bovine-CoV,ACTGGTGTT
bovine-CoV,ACTGGTGTT
bovine-CoV,ACTTATTAT
bovine-CoV,ACTTGTAATA
bovine-CoV,AGGTTAATG
bovine-CoV,AGTAAATGA
bovine-CoV,AGTGGTTATT
bovine-CoV,ATAACTATAG
bovine-CoV,ATAGGAGATTT
bovine-CoV,ATGATGTTG
bovine-CoV,ATGCTGTTG
bovine-CoV,ATGGTGTTA
bovine-CoV,ATGGTTTAAA
bovine-CoV,ATTTTATTT
bovine-CoV,ATTTTGATA
bovine-CoV,CACTGTTCAG
bovine-CoV,CAGCAGCAG
bovine-CoV,CCTGCAGGT
bovine-CoV,CGATTGTAATA
bovine-CoV,CTAATGGTA
bovine-CoV,CTATGGTTT
bovine-CoV,CTGATTTTA
bovine-CoV,CTTTTAATT
bovine-CoV,GACACTGGTGTT
bovine-CoV,GACCTACAA
bovine-CoV,GACTTATTA
bovine-CoV,GATTTTACTA
bovine-CoV,GCTCTTAAT
bovine-CoV,GGTAGTGGTTA
bovine-CoV,GGTAGTGGTT
bovine-CoV,GGTATTTTTG
bovine-CoV,GGTGTTGTT
bovine-CoV,GTAGGTAGTGGTT
bovine-CoV,GTTATAATG
bovine-CoV,GTTTCTGTT
bovine-CoV,TAACTATAGA
bovine-CoV,TAACTATAG
bovine-CoV,TAATGGTAATC
bovine-CoV,TAATGGTAT
bovine-CoV,TAATGTATA
bovine-CoV,TACTAATTTTGA
bovine-CoV,TACTATTGA
bovine-CoV,TACTTTTGT
bovine-CoV,TAGTTGGCA
bovine-CoV,TATTAATGGG
bovine-CoV,TATTATAAT
bovine-CoV,TATTTAAAT
bovine-CoV,TATTTTTGCTAA
bovine-CoV,TGCTGCTAA
bovine-CoV,TGGTTATTAC
bovine-CoV,TGGTTTGTAT
bovine-CoV,TGTTAATTAT
bovine-CoV,TGTTACTAA
bovine-CoV,TTAATGAATG
bovine-CoV,TTACTAATGGT
bovine-CoV,TTAGTGCAG
bovine-CoV,TTGCTGGTG
bovine-CoV,TTGGTGCTAT
bovine-CoV,TTGTAATAG
bovine-CoV,TTGTTAATG
bovine-CoV,TTGTTCTACT
bovine-CoV,TTGTTTCCT
bovine-CoV,TTTACTAAT
bovine-CoV,TTTGTATTT
bovine-CoV,TTTTACAGA
bovine-CoV,TTTTACTAT
bovine-CoV,AAAAATCAAACA
bovine-CoV,AAGATGGTGT
bovine-CoV,AATGCTGAA
bovine-CoV,AATGCTGAT
bovine-CoV,AATGGTTTA
bovine-CoV,ACTAGTTGT
bovine-CoV,ACTATAGGTA
bovine-CoV,ACTGGTGTT
bovine-CoV,ACTTATTAT
bovine-CoV,ACTTGTAATA
bovine-CoV,AGGTTAATG
bovine-CoV,AGTAAAGTT
bovine-CoV,AGTAAATGA
bovine-CoV,AGTGGTTATT
bovine-CoV,ATAACTATAG
bovine-CoV,ATAATGGTAT
bovine-CoV,ATGATGTTG
bovine-CoV,ATGCTCTTG
bovine-CoV,ATGCTGTTG
bovine-CoV,CAGCAGCAG
bovine-CoV,CATCCACTT
bovine-CoV,CATGATGTT
bovine-CoV,CATGTAAAT
bovine-CoV,CTAATGGTA
bovine-CoV,CTGATTTTA
bovine-CoV,CTGTTAATT
bovine-CoV,CTTTGACTT
bovine-CoV,CTTTTAATT
bovine-CoV,GACACTGGT
bovine-CoV,GACCTACAA
bovine-CoV,GCTCTTAAT
bovine-CoV,GGTAGTGGTTA
bovine-CoV,GGTAGTGGT
bovine-CoV,GGTGTTACC
bovine-CoV,GGTGTTGTT
bovine-CoV,GGTTTGTAT
bovine-CoV,GTAATATGG
bovine-CoV,GTACTTGCC
bovine-CoV,GTTTCTGTT
bovine-CoV,TAACTATAGA
bovine-CoV,TAACTATAG
bovine-CoV,TAATGGTAATC
bovine-CoV,TAATGGTATT
bovine-CoV,TAATGGTAT
bovine-CoV,TAATGGTAT
bovine-CoV,TAATGGTAT
bovine-CoV,TAATGGTAT
bovine-CoV,TAGGTACTT
bovine-CoV,TATTAATGG
bovine-CoV,TATTATAAT
bovine-CoV,TATTGATGCTG
bovine-CoV,TATTTAAAT
bovine-CoV,TATTTTTGC
bovine-CoV,TCAAGCTGTT
bovine-CoV,TGCTGCTAA
bovine-CoV,TGGTAGTGGT
bovine-CoV,TGGTTATTAC
bovine-CoV,TGGTTTAAA
bovine-CoV,TGTTAATTAT
bovine-CoV,TGTTACTAA
bovine-CoV,TTAAAGATGG
bovine-CoV,TTAATAGTG
bovine-CoV,TTAATGAATG
bovine-CoV,TTACTAATGGT
bovine-CoV,TTACTATTGA
bovine-CoV,TTAGTGCAG
bovine-CoV,TTATTATGT
bovine-CoV,TTCAATGTA
bovine-CoV,TTCTGCTTT
bovine-CoV,TTGAGGCTT
bovine-CoV,TTGCTGGTG
bovine-CoV,TTGGGTAAT
bovine-CoV,TTGGTGCTAT
bovine-CoV,TTGTTAATG
bovine-CoV,TTGTTTTAA
bovine-CoV,TTTACTAAT
bovine-CoV,TTTACTATT
bovine-CoV,TTTGTATTT
bovine-CoV,TTTTGTTGAGG
bovine-CoV,CCTGCAGGT
bovine-CoV,AAAACCAAA
bovine-CoV,AATAATACT
bovine-CoV,AATGCTGAT
bovine-CoV,AATGGTTTA
bovine-CoV,ACTAATTATTTA
bovine-CoV,ACTATAGGTA
bovine-CoV,ACTGGTGTT
bovine-CoV,ACTGGTGTT
bovine-CoV,ACTTATTAT
bovine-CoV,ACTTGTAATA
bovine-CoV,AGATTTGGT
bovine-CoV,AGGTTAATG
bovine-CoV,AGTAAAGTT
bovine-CoV,AGTAAATGA
bovine-CoV,ATAACTATAG
bovine-CoV,ATAGGAGATTT
bovine-CoV,ATGATGTTG
bovine-CoV,ATGCTCTTG
bovine-CoV,ATGCTGTTG
bovine-CoV,CAATACCCAA
bovine-CoV,CAGCAGCAG
bovine-CoV,CCTGCAGGT
bovine-CoV,CGATTGTAATA
bovine-CoV,CTAATGGTA
bovine-CoV,CTGATTTTA
bovine-CoV,CTGTTAATT
bovine-CoV,CTTTGACTT
bovine-CoV,CTTTTAATT
bovine-CoV,CTTTTAATT
bovine-CoV,CTTTTAATT
bovine-CoV,GACACTGGTGTT
bovine-CoV,GACCTACAA
bovine-CoV,GACTTATTA
bovine-CoV,GCTCTTAAT
bovine-CoV,GGTAGTGGTTA
bovine-CoV,GGTAGTGGTT
bovine-CoV,GGTGTTGTT
bovine-CoV,GTAATATGG
bovine-CoV,GTAGGTAGTGGTT
bovine-CoV,GTTACTATT
bovine-CoV,GTTATAATG
bovine-CoV,GTTTCTGTT
bovine-CoV,TAATATTGA
bovine-CoV,TAATGGTAATC
bovine-CoV,TAATGGTATT
bovine-CoV,TAATGGTAT
bovine-CoV,TAATGGTAT
bovine-CoV,TAGTTGGCA
bovine-CoV,TATTAATGG
bovine-CoV,TATTATAAT
bovine-CoV,TATTTAAAT
bovine-CoV,TATTTTTGCTAA
bovine-CoV,TGGTTATTAC
bovine-CoV,TGGTTTAAA
bovine-CoV,TGGTTTGTAT
bovine-CoV,TGTAATATT
bovine-CoV,TGTTAATTAT
bovine-CoV,TGTTACTAA
bovine-CoV,TTAATGAATG
bovine-CoV,TTAATTATA
bovine-CoV,TTACTAATGGT
bovine-CoV,TTACTATTGA
bovine-CoV,TTATGTAAA
bovine-CoV,TTATTATGT
bovine-CoV,TTCTGCTTT
bovine-CoV,TTGAGGCTT
bovine-CoV,TTGGTGCTAT
bovine-CoV,TTGTAATAA
bovine-CoV,TTGTTTATG
bovine-CoV,TTGTTTCCT
bovine-CoV,TTGTTTGTG
bovine-CoV,TTGTTTTAA
bovine-CoV,TTTACTAAT
bovine-CoV,TTTGTATTTT
bovine-CoV,TTTTACAGA
bovine-CoV,TTTTGTTGAGG
bovine-CoV,AAGATGGTGT
bovine-CoV,AATGCTGAT
bovine-CoV,ACTATAGGTA
bovine-CoV,ACTGGTGTT
bovine-CoV,ACTGGTGTT
bovine-CoV,ACTTATTAT
bovine-CoV,ACTTGTAATA
bovine-CoV,AGTAAATGA
bovine-CoV,ATAACTATAG
bovine-CoV,ATATGGCAT
bovine-CoV,ATGATGTTG
bovine-CoV,CATGATGTT
bovine-CoV,CCATTAAAT
bovine-CoV,CCTGCAGGT
bovine-CoV,CTAATGGTA
bovine-CoV,CTGGTATAG
bovine-CoV,GACACTGGTGTT
bovine-CoV,GGTAGTACT
bovine-CoV,GGTATTTTTG
bovine-CoV,GGTGTTGTT
bovine-CoV,GTAATATGG
bovine-CoV,GTAGGTAGTGG
bovine-CoV,GTATTTTTGCTAA
bovine-CoV,GTATTTTTG
bovine-CoV,GTTTCTGTT
bovine-CoV,TAGTTGGCA
bovine-CoV,TATGGCATTG
bovine-CoV,TATTATAAT
bovine-CoV,TGCTGCTAA
bovine-CoV,TGTGTATTTA
bovine-CoV,TGTTACTAA
bovine-CoV,TTAAAGATGG
bovine-CoV,TTACTAATGGT
bovine-CoV,TTACTATTGA
bovine-CoV,TTATTATGT
bovine-CoV,TTGGGTAAT
bovine-CoV,TTGTTTGTG
bovine-CoV,TTTACTAAT
bovine-CoV,TTTTACAGA
bovine-CoV,AAAACCAAA
bovine-CoV,AATAATACT
bovine-CoV,AATGCTGAA
bovine-CoV,AATGCTGAT
bovine-CoV,AATGGTTTA
bovine-CoV,ACTATAGGTA
bovine-CoV,ACTGGTGTT
bovine-CoV,ACTGGTGTT
bovine-CoV,ACTTATTAT
bovine-CoV,ACTTGTAATA
bovine-CoV,AGGTTAATG
bovine-CoV,AGTAAATGA
bovine-CoV,AGTGGTTATT
bovine-CoV,AGTTTCTGT
bovine-CoV,ATAACTATAG
bovine-CoV,ATATGAGTA
bovine-CoV,ATGATGTTG
bovine-CoV,ATGCTCTTG
bovine-CoV,ATGCTGTTG
bovine-CoV,ATGGTTTAAA
bovine-CoV,ATTAATGGG
bovine-CoV,ATTTTATTT
bovine-CoV,ATTTTTGCTAA
bovine-CoV,CAGCAGCAG
bovine-CoV,CATGATGTT
bovine-CoV,CATTCTTGG
bovine-CoV,CCTGCAGGT
bovine-CoV,CTAAAGTTA
bovine-CoV,CTATGGTTT
bovine-CoV,CTGATTTTA
bovine-CoV,CTGGTATAG
bovine-CoV,CTGTTAATT
bovine-CoV,GACACTGGTGTT
bovine-CoV,GACCTACAA
bovine-CoV,GACTTATTA
bovine-CoV,GCTCTTAAT
bovine-CoV,GGTAGTGGTTA
bovine-CoV,GTAATATGG
bovine-CoV,GTGTTGTCA
bovine-CoV,TAAAAATAC
bovine-CoV,TAACTATAGA
bovine-CoV,TAACTATAG
bovine-CoV,TAATATTGA
bovine-CoV,TAATGGTAATC
bovine-CoV,TAGGAGATTT
bovine-CoV,TATTATAAT
bovine-CoV,TATTTAAAT
bovine-CoV,TATTTTATC
bovine-CoV,TGCTGTTGTA
bovine-CoV,TGGTATAGG
bovine-CoV,TGGTTATTAC
bovine-CoV,TGGTTTGTAT
bovine-CoV,TGTAATATT
bovine-CoV,TGTTAATTAT
bovine-CoV,TTAATGAATG
bovine-CoV,TTACTAATGG
bovine-CoV,TTACTATTGA
bovine-CoV,TTAGTGCAG
bovine-CoV,TTATTATGT
bovine-CoV,TTCTGCTTT
bovine-CoV,TTGAGGCTT
bovine-CoV,TTGCTGGTG
bovine-CoV,TTGGTGCTAT
bovine-CoV,TTGTTAATG
bovine-CoV,TTGTTTTAA
bovine-CoV,TTTACTAAT
bovine-CoV,TTTACTATT
bovine-CoV,TTTCTGTTT
bovine-CoV,TTTGTATTT
bovine-CoV,TTTTACAGA
bovine-CoV,TTTTGTTGAGG
bovine-CoV,AAAATCAAA
bovine-CoV,AATGCAACT
bovine-CoV,AATGCTGAA
bovine-CoV,AATGCTGAT
bovine-CoV,AATGGTTTA
bovine-CoV,ACTATAGGTA
bovine-CoV,ACTGGTGTT
bovine-CoV,ACTGGTGTT
bovine-CoV,ACTTATTAT
bovine-CoV,ACTTGTAATA
bovine-CoV,AGGTTAATG
bovine-CoV,AGTAAATGA
bovine-CoV,AGTCAAAAT
bovine-CoV,AGTGGTTATT
bovine-CoV,ATAACTATAG
bovine-CoV,ATAATGGTAT
bovine-CoV,ATGATGTTG
bovine-CoV,ATGCACTTG
bovine-CoV,ATGCTGTTG
bovine-CoV,ATGGTGTTA
bovine-CoV,ATGGTTTAAA
bovine-CoV,ATTTTAATA
bovine-CoV,ATTTTATTT
bovine-CoV,ATTTTGATA
bovine-CoV,CACTGTTCAG
bovine-CoV,CAGCAGCAG
bovine-CoV,CCTGCAGGT
bovine-CoV,CGATTGTAATA
bovine-CoV,CTATGGTTT
bovine-CoV,CTTTTAATT
bovine-CoV,CTTTTAATT
bovine-CoV,CTTTTAATT
bovine-CoV,GACACTGGTGTT
bovine-CoV,GCTCTTAAT
bovine-CoV,GGTAGTGGTTA
bovine-CoV,GGTAGTGGTT
bovine-CoV,GGTATTTTTG
bovine-CoV,GGTGTTGTT
bovine-CoV,GTAGGTAGTGGTT
bovine-CoV,GTTAATGCAA
bovine-CoV,GTTATAATG
bovine-CoV,GTTTCTGTT
bovine-CoV,TAAACAATA
bovine-CoV,TAATGGTAATC
bovine-CoV,TACTTTTGT
bovine-CoV,TAGTTGGCA
bovine-CoV,TATGGCATTG
bovine-CoV,TATTAATGGG
bovine-CoV,TATTATAAT
bovine-CoV,TATTTAAAT
bovine-CoV,TATTTTTGCTAA
bovine-CoV,TGCTAAGGT
bovine-CoV,TGCTGCTAA
bovine-CoV,TGGTTATTAC
bovine-CoV,TGGTTTGTAT
bovine-CoV,TGTTAATTAT
bovine-CoV,TGTTACTAA
bovine-CoV,TTAATGAATG
bovine-CoV,TTAATTATA
bovine-CoV,TTACTATTGA
bovine-CoV,TTAGTGCAG
bovine-CoV,TTGGTGCTAT
bovine-CoV,TTGTAATAG
bovine-CoV,TTGTTAATG
bovine-CoV,TTGTTCTACT
bovine-CoV,TTGTTTCCT
bovine-CoV,TTGTTTTAA
bovine-CoV,TTTACTATT
bovine-CoV,TTTCTGTTT
bovine-CoV,TTTGTATTT
bovine-CoV,TTTTAATAAT
bovine-CoV,TTTTACAGA
bovine-CoV,TTTTACTAT
bovine-CoV,AAAACCAAA
bovine-CoV,AATAATACT
bovine-CoV,AATGCTGAA
bovine-CoV,AATGCTGAT
bovine-CoV,AATGGTTTA
bovine-CoV,ACTATAGGTA
bovine-CoV,ACTGGTGTT
bovine-CoV,ACTGGTGTT
bovine-CoV,ACTTATTAT
bovine-CoV,ACTTGTAATA
bovine-CoV,AGGTTAATG
bovine-CoV,AGTAAATGA
bovine-CoV,AGTGGTTATT
bovine-CoV,AGTTTCTGT
bovine-CoV,ATAACTATAG
bovine-CoV,ATAGGAGATTT
bovine-CoV,ATATGAGTA
bovine-CoV,ATGATGTTG
bovine-CoV,ATGCTCTTG
bovine-CoV,ATGCTGTTG
bovine-CoV,ATGGTTTAAA
bovine-CoV,ATTAATGGG
bovine-CoV,ATTTTATTT
bovine-CoV,ATTTTTGCTAA
bovine-CoV,CAGCAGCAG
bovine-CoV,CATGATGTT
bovine-CoV,CATTCTTGG
bovine-CoV,CCTGCAGGT
bovine-CoV,CTAAAGTTA
bovine-CoV,CTATGGTTT
bovine-CoV,CTGATTTTA
bovine-CoV,CTGGTATAG
bovine-CoV,CTGTTAATT
bovine-CoV,GACACTGGTGTT
bovine-CoV,GACCTACAA
bovine-CoV,GACTTATTA
bovine-CoV,GCTCTTAAT
bovine-CoV,GGTAGTGGTTA
bovine-CoV,GTAATATGG
bovine-CoV,GTGTTGTCA
bovine-CoV,TAACTATAGA
bovine-CoV,TAACTATAG
bovine-CoV,TAATATTGA
bovine-CoV,TAATGGTAATC
bovine-CoV,TATAGGAGA
bovine-CoV,TATTATAAT
bovine-CoV,TATTTAAAT
bovine-CoV,TGATTGTTT
bovine-CoV,TGGTATAGG
bovine-CoV,TGGTTATTAC
bovine-CoV,TGGTTTGTAT
bovine-CoV,TGTAATATT
bovine-CoV,TGTTAATTAT
bovine-CoV,TTAATGAATG
bovine-CoV,TTACTAATGG
bovine-CoV,TTACTATTGA
bovine-CoV,TTAGTGCAG
bovine-CoV,TTATTATGT
bovine-CoV,TTGAGGCTT
bovine-CoV,TTGCTGGTG
bovine-CoV,TTGGTGCTAT
bovine-CoV,TTGTTAATG
bovine-CoV,TTGTTTTAA
bovine-CoV,TTTACTAAT
bovine-CoV,TTTACTATT
bovine-CoV,TTTCTGTTT
bovine-CoV,TTTGTATTT
bovine-CoV,TTTTACAGA
bovine-CoV,TTTTGTTGAGG
bovine-CoV,AAAATCAAA
bovine-CoV,AACCTGTAGGTG
bovine-CoV,AATAATACT
bovine-CoV,AATAGTGGTA
bovine-CoV,AATGCTGAA
bovine-CoV,AATGCTGAT
bovine-CoV,AATGGTTTA
bovine-CoV,ACTATAGGTA
bovine-CoV,ACTGGTGTT
bovine-CoV,ACTTATTAT
bovine-CoV,AGATTTGGT
bovine-CoV,AGGTTAATG
bovine-CoV,AGTAAATGA
bovine-CoV,AGTGGTTATT
bovine-CoV,ATAACTATAG
bovine-CoV,ATAGGAGATTT
bovine-CoV,ATGATGTTG
bovine-CoV,ATGCTCTTGA
bovine-CoV,ATGCTGTTG
bovine-CoV,ATGGCTTTT
bovine-CoV,ATGGTTTAAA
bovine-CoV,ATTTTATTT
bovine-CoV,CAGCAGCAG
bovine-CoV,CATGATGTT
bovine-CoV,CGATTGTAATA
bovine-CoV,CTACCAATT
bovine-CoV,CTATGGTTT
bovine-CoV,CTTTTAATT
bovine-CoV,GACCTACAA
bovine-CoV,GACTTATTA
bovine-CoV,GATTTGTCA
bovine-CoV,GCTCTTAAT
bovine-CoV,GGTAATGGT
bovine-CoV,GGTAGTGGTTA
bovine-CoV,GGTATTTTTG
bovine-CoV,GGTGTTGTT
bovine-CoV,GTAATATGG
bovine-CoV,GTTTCTGTT
bovine-CoV,TAAATCAGA
bovine-CoV,TAACTATAGA
bovine-CoV,TAACTATAG
bovine-CoV,TAATGGTAATC
bovine-CoV,TAATGGTAT
bovine-CoV,TAGTTGGCA
bovine-CoV,TATTAATGGG
bovine-CoV,TATTAATGG
bovine-CoV,TATTATAAT
bovine-CoV,TATTTAAAT
bovine-CoV,TATTTTTGCTAA
bovine-CoV,TCAGTAAAT
bovine-CoV,TGATTTTAT
bovine-CoV,TGCTGCTAA
bovine-CoV,TGGTTTGTAT
bovine-CoV,TGTTACTAA
bovine-CoV,TTAACTATA
bovine-CoV,TTAATGAATG
bovine-CoV,TTACTACCCT
bovine-CoV,TTACTATTGA
bovine-CoV,TTACTTGTA
bovine-CoV,TTAGTGCAG
bovine-CoV,TTATTAATGG
bovine-CoV,TTATTATGT
bovine-CoV,TTCTGCTTT
bovine-CoV,TTGATGCTA
bovine-CoV,TTGCTGGTG
bovine-CoV,TTGTAATAA
bovine-CoV,TTGTTAATG
bovine-CoV,TTGTTTTAA
bovine-CoV,TTTACTATT
bovine-CoV,TTTCCAGCA
bovine-CoV,TTTTACAGA
bovine-CoV,AAAATCAAA
bovine-CoV,AAGATGGTGT
bovine-CoV,AATGCTGAA
bovine-CoV,AATGCTGAT
bovine-CoV,AATGGTTTA
bovine-CoV,ACTATAGGTA
bovine-CoV,ACTGGTGTT
bovine-CoV,ACTGGTGTT
bovine-CoV,ACTTATTAT
bovine-CoV,ACTTGTAATA
bovine-CoV,AGATTTGGT
bovine-CoV,AGGTTAATG
bovine-CoV,AGTAAAGTT
bovine-CoV,AGTAAATGA
bovine-CoV,AGTGGTTAC
bovine-CoV,AGTGGTTATT
bovine-CoV,ATAACTATAG
bovine-CoV,ATAGGAGATTT
bovine-CoV,ATGATGTTG
bovine-CoV,ATGCTGTTG
bovine-CoV,CAGCAGCAG
bovine-CoV,CATGATGTT
bovine-CoV,CGATTGCAATA
bovine-CoV,CTAATGGTA
bovine-CoV,CTGGTATAG
bovine-CoV,CTGTTAATT
bovine-CoV,CTTTGACTT
bovine-CoV,CTTTTAATT
bovine-CoV,GACACTGGTGTT
bovine-CoV,GACCTACAA
bovine-CoV,GACTTATTA
bovine-CoV,GCTCTTAAT
bovine-CoV,GGTAGTGGTTA
bovine-CoV,GGTAGTGGTT
bovine-CoV,GGTGTTGTT
bovine-CoV,GGTTACACT
bovine-CoV,GGTTTGTAT
bovine-CoV,GTAATATGG
bovine-CoV,GTAGGTAGTGGTT
bovine-CoV,GTTTCTGTT
bovine-CoV,TAACTATAGA
bovine-CoV,TAACTATAG
bovine-CoV,TAATGGTAATC
bovine-CoV,TAATGGTATT
bovine-CoV,TAATGGTAT
bovine-CoV,TAATGGTAT
bovine-CoV,TAGTTGGCA
bovine-CoV,TATAGTGTG
bovine-CoV,TATTAATGG
bovine-CoV,TATTATAAT
bovine-CoV,TATTTAAAT
bovine-CoV,TATTTTTGCTAA
bovine-CoV,TCTACCTGC
bovine-CoV,TGCTGCTAA
bovine-CoV,TGGTTATTAC
bovine-CoV,TGGTTTAAA
bovine-CoV,TGTTAATTAT
bovine-CoV,TGTTACTAA
bovine-CoV,TGTTTCCTG
bovine-CoV,TTAAAGATGG
bovine-CoV,TTAATGAATG
bovine-CoV,TTACTAATGGT
bovine-CoV,TTAGTGCAG
bovine-CoV,TTATGTAAA
bovine-CoV,TTATTATGT
bovine-CoV,TTCTGCTTT
bovine-CoV,TTGAGGCTT
bovine-CoV,TTGCTGGTG
bovine-CoV,TTGGGTAAT
bovine-CoV,TTGGTGCTAT
bovine-CoV,TTGTTTATG
bovine-CoV,TTGTTTGTG
bovine-CoV,TTGTTTTAA
bovine-CoV,TTTACTAAT
bovine-CoV,TTTACTATT
bovine-CoV,TTTGTATTT
bovine-CoV,TTTTACAGA
bovine-CoV,TTTTGTTGAGG
bovine-CoV,CCTGCAGGT
bovine-CoV,TGGCATAGG
bovine-CoV,TTACTAATGGT
bovine-CoV,AAAAATCAAACA
bovine-CoV,AAAATCAAA
bovine-CoV,AAAATCAAA
bovine-CoV,AAGATGGTGTTA
bovine-CoV,AAGATGGTGT
bovine-CoV,AATGCTGAA
bovine-CoV,AATGGTTTA
bovine-CoV,ACTATAGGTA
bovine-CoV,ACTGGTGTT
bovine-CoV,ACTGGTGTT
bovine-CoV,ACTTATTAT
bovine-CoV,ACTTGTAATA
bovine-CoV,AGATTTGGT
bovine-CoV,AGGAGATTT
bovine-CoV,AGGTTAATG
bovine-CoV,AGTAAAGTT
bovine-CoV,AGTAAATGA
bovine-CoV,AGTGGTTAC
bovine-CoV,AGTGGTTATT
bovine-CoV,ATAACTATAG
bovine-CoV,ATGATGTTG
bovine-CoV,ATGCTGGTTAT
bovine-CoV,ATGCTGTTG
bovine-CoV,CAGCAGCAG
bovine-CoV,CTAATGGTA
bovine-CoV,CTGATTTTA
bovine-CoV,CTGTTAATT
bovine-CoV,CTTTGACTT
bovine-CoV,CTTTTAATT
bovine-CoV,GACACTGGTGTT
bovine-CoV,GACCTACAA
bovine-CoV,GACTTATTA
bovine-CoV,GCTCTTAAT
bovine-CoV,GGTAGTGGTTA
bovine-CoV,GGTAGTGGT
bovine-CoV,GGTGTTGTT
bovine-CoV,GGTTACACT
bovine-CoV,GGTTTGTAT
bovine-CoV,GTAATATGG
bovine-CoV,GTAGGTAGTGGT
bovine-CoV,GTGTTAATT
bovine-CoV,GTTTCTGTT
bovine-CoV,TAACTATAGA
bovine-CoV,TAACTATAG
bovine-CoV,TAATGGTAATC
bovine-CoV,TAATGGTATT
bovine-CoV,TATAGTGTG
bovine-CoV,TATTAATGG
bovine-CoV,TATTATAAT
bovine-CoV,TATTTAAAT
bovine-CoV,TATTTTTGCTAA
bovine-CoV,TCATGATGTT
bovine-CoV,TGATTGTTT
bovine-CoV,TGGTTATTAC
bovine-CoV,TGGTTATTT
bovine-CoV,TGTTAATTAT
bovine-CoV,TGTTACTAA
bovine-CoV,TGTTTCCTG
bovine-CoV,TTAAAGATGGTGT
bovine-CoV,TTAATGAATG
bovine-CoV,TTACTAATGGT
bovine-CoV,TTACTATTGA
bovine-CoV,TTAGTGCAG
bovine-CoV,TTATGTAAA
bovine-CoV,TTATTATGT
bovine-CoV,TTGAGGCTT
bovine-CoV,TTGCTGGTG
bovine-CoV,TTGGGTAAT
bovine-CoV,TTGGTGCTAT
bovine-CoV,TTGTAATAA
bovine-CoV,TTGTTTATG
bovine-CoV,TTGTTTTAA
bovine-CoV,TTTACTAAT
bovine-CoV,TTTACTATT
bovine-CoV,TTTGTATTT
bovine-CoV,TTTTGTTGAGG
bovine-CoV,AAAATCAAA
bovine-CoV,AATGCTGAA
bovine-CoV,AATGGTTTA
bovine-CoV,ACTATAGGTA
bovine-CoV,ACTGGTGTT
bovine-CoV,ACTGGTGTT
bovine-CoV,ACTTATTAT
bovine-CoV,ACTTGTAATA
bovine-CoV,AGATTTGGT
bovine-CoV,AGGTTAATG
bovine-CoV,AGTAAAGTT
bovine-CoV,AGTAAATGA
bovine-CoV,AGTGGTTAC
bovine-CoV,AGTGGTTATT
bovine-CoV,ATAACTATAG
bovine-CoV,ATAGGAGATTT
bovine-CoV,ATGATGTTG
bovine-CoV,ATGCTCTTG
bovine-CoV,ATGCTGTTG
bovine-CoV,CAGCAGCAG
bovine-CoV,CATGATGTT
bovine-CoV,CCTGCAGGT
bovine-CoV,CGATTGCAATA
bovine-CoV,CTAATGGTA
bovine-CoV,CTGATTTTA
bovine-CoV,CTGTTAATT
bovine-CoV,CTTTGACTT
bovine-CoV,CTTTTAATT
bovine-CoV,CTTTTAATT
bovine-CoV,CTTTTAATT
bovine-CoV,GACCTACAAT
bovine-CoV,GACTTATTA
bovine-CoV,GCTCTTAAT
bovine-CoV,GCTTAGAAC
bovine-CoV,GGTAGTGGTTA
bovine-CoV,GGTAGTGGTT
bovine-CoV,GGTGTTGTT
bovine-CoV,GGTTACACT
bovine-CoV,GTAATATGG
bovine-CoV,GTAGGTAGTGGTT
bovine-CoV,GTTTCTGTT
bovine-CoV,TAATGGTAATC
bovine-CoV,TAATGGTATT
bovine-CoV,TAATGGTAT
bovine-CoV,TAATGGTAT
bovine-CoV,TAATTTGGG
bovine-CoV,TAATTTTAAT
bovine-CoV,TACTGGTGTT
bovine-CoV,TAGTTGGCA
bovine-CoV,TATTAATGG
bovine-CoV,TATTATAAT
bovine-CoV,TATTTAAAT
bovine-CoV,TATTTTTGCTAA
bovine-CoV,TGCTGCTAA
bovine-CoV,TGGCATAGG
bovine-CoV,TGGTTATTAC
bovine-CoV,TGGTTTAAA
bovine-CoV,TGGTTTGTAT
bovine-CoV,TGTTAATTAT
bovine-CoV,TGTTACTAA
bovine-CoV,TTAATGAATG
bovine-CoV,TTAATTATA
bovine-CoV,TTACTAATGGT
bovine-CoV,TTACTATTGA
bovine-CoV,TTAGTGCAG
bovine-CoV,TTATTATGT
bovine-CoV,TTCTGCTTT
bovine-CoV,TTGAGGCTT
bovine-CoV,TTGATACTAC
bovine-CoV,TTGCTGGTG
bovine-CoV,TTGGGTAAT
bovine-CoV,TTGGTGCTAT
bovine-CoV,TTGTTAATG
bovine-CoV,TTGTTTTAA
bovine-CoV,TTTACTAAT
bovine-CoV,TTTACTATT
bovine-CoV,TTTGTATTT
bovine-CoV,TTTTACAGA
bovine-CoV,TTTTGTTGAGG
bovine-CoV,CCTGCAGGT
bovine-CoV,TGGCATAGG
bovine-CoV,AAAATCAAA
bovine-CoV,AAGATGGTGT
bovine-CoV,AATGCTGAA
bovine-CoV,AATGGTTTA
bovine-CoV,ACTATAGGTA
bovine-CoV,ACTGGTGTT
bovine-CoV,ACTGGTGTT
bovine-CoV,ACTTATTAT
bovine-CoV,ACTTGTAATA
bovine-CoV,AGATTTGGT
bovine-CoV,AGGTTAATG
bovine-CoV,AGTAAAGTT
bovine-CoV,AGTAAATGA
bovine-CoV,AGTGGTTAC
bovine-CoV,AGTGGTTATT
bovine-CoV,ATAACTATAG
bovine-CoV,ATAGGAGATTT
bovine-CoV,ATGATGTTG
bovine-CoV,ATGCTCTTG
bovine-CoV,ATGCTGTTG
bovine-CoV,CAGCAGCAG
bovine-CoV,CATGATGTT
bovine-CoV,CCTGCAGGT
bovine-CoV,CGATTGCAATA
bovine-CoV,CTAATGGTA
bovine-CoV,CTGATTTTA
bovine-CoV,CTGTTAATT
bovine-CoV,CTTTTAATT
bovine-CoV,CTTTTAATT
bovine-CoV,CTTTTAATT
bovine-CoV,GACACTGGTGTT
bovine-CoV,GACCTACAA
bovine-CoV,GACTTATTA
bovine-CoV,GCTCTTAAT
bovine-CoV,GGTAGTGGTTA
bovine-CoV,GGTAGTGGTT
bovine-CoV,GGTGTTGTT
bovine-CoV,GGTTACACT
bovine-CoV,GTAATATGG
bovine-CoV,GTAGGTAGTGGTT
bovine-CoV,GTTTCTGTT
bovine-CoV,TAATGGTAATC
bovine-CoV,TAATGGTATT
bovine-CoV,TAATGGTAT
bovine-CoV,TAATGGTAT
bovine-CoV,TAGTTGGCA
bovine-CoV,TATTAATGG
bovine-CoV,TATTATAAT
bovine-CoV,TATTTAAAT
bovine-CoV,TATTTTTGCTAA
bovine-CoV,TGCTGCTAA
bovine-CoV,TGGCATAGG
bovine-CoV,TGGTTATTAC
bovine-CoV,TGGTTTAAA
bovine-CoV,TGGTTTGTAT
bovine-CoV,TGTTAATTA
bovine-CoV,TGTTACTAA
bovine-CoV,TTAAAGATGG
bovine-CoV,TTAATGAATG
bovine-CoV,TTACTAATGGT
bovine-CoV,TTACTATTGA
bovine-CoV,TTATTATGT
bovine-CoV,TTCTGCTTT
bovine-CoV,TTGAGGCTT
bovine-CoV,TTGCTGGTG
bovine-CoV,TTGGGTAAT
bovine-CoV,TTGGTGCTAT
bovine-CoV,TTGTTAATG
bovine-CoV,TTGTTTTAA
bovine-CoV,TTTACTAAT
bovine-CoV,TTTACTATT
bovine-CoV,TTTGTATTT
bovine-CoV,TTTTACAGA
bovine-CoV,TTTTGTTGAGG
bovine-CoV,TATCGGTTTA
bovine-CoV,AAAACCAAA
bovine-CoV,AAGATGGTGT
bovine-CoV,AATAATACT
bovine-CoV,AATGCTGAA
bovine-CoV,AATGCTGAT
bovine-CoV,AATGGTTTA
bovine-CoV,ACTATAGGTA
bovine-CoV,ACTGGTGTT
bovine-CoV,ACTGGTGTT
bovine-CoV,ACTTATTAT
bovine-CoV,ACTTGTAATA
bovine-CoV,AGGTTAATG
bovine-CoV,AGTAAATGA
bovine-CoV,AGTGGTTATT
bovine-CoV,ATAACTATAG
bovine-CoV,ATATGAGTA
bovine-CoV,ATGATGTTG
bovine-CoV,ATGCTGTTG
bovine-CoV,ATGGTTTAAA
bovine-CoV,ATTAATGGG
bovine-CoV,ATTTTATTT
bovine-CoV,ATTTTTGCTAA
bovine-CoV,CAGCAGCAG
bovine-CoV,CATGATGTT
bovine-CoV,CATTCTTGG
bovine-CoV,CCTGCAGGT
bovine-CoV,CTATGGTTT
bovine-CoV,CTGATTTTA
bovine-CoV,CTGGTATAG
bovine-CoV,CTGTTAATT
bovine-CoV,CTTAATGAT
bovine-CoV,GACACTGGTGTT
bovine-CoV,GACCTACAA
bovine-CoV,GACTTATTA
bovine-CoV,GCTCTTAAT
bovine-CoV,GGTAGTGGTTA
bovine-CoV,GTAATATGG
bovine-CoV,GTGTTGTCA
bovine-CoV,TAACTATAGA
bovine-CoV,TAACTATAG
bovine-CoV,TAATATTGA
bovine-CoV,TAATGGTAATC
bovine-CoV,TAGGAGATTT
bovine-CoV,TATTATAAT
bovine-CoV,TATTTAAAT
bovine-CoV,TGCTGTTGTA
bovine-CoV,TGGTATAGG
bovine-CoV,TGGTTATTAC
bovine-CoV,TGGTTTGTAT
bovine-CoV,TGTTAATTAT
bovine-CoV,TTAAAGATGG
bovine-CoV,TTAATGAATG
bovine-CoV,TTACTATTGA
bovine-CoV,TTAGTGCAG
bovine-CoV,TTATTATGT
bovine-CoV,TTCTGCTTT
bovine-CoV,TTGAGGCTT
bovine-CoV,TTGCTGGTG
bovine-CoV,TTGGTGCTAT
bovine-CoV,TTGTTAATG
bovine-CoV,TTGTTTTAA
bovine-CoV,TTTACTATT
bovine-CoV,TTTCTGTTT
bovine-CoV,TTTGTATTT
bovine-CoV,TTTTACAGA
bovine-CoV,TTTTGTTGAGG
bovine-CoV,CCTGCAGGT
bovine-CoV,CTGGTATAG
bovine-CoV,TTACTAATGGT
bovine-CoV,AAAACCAAA
bovine-CoV,AAGATGGTGT
bovine-CoV,AATGCTGAA
bovine-CoV,AATGCTGAT
bovine-CoV,AATGGTTTA
bovine-CoV,ACTATAGGTA
bovine-CoV,ACTGGTGTT
bovine-CoV,ACTGGTGTT
bovine-CoV,ACTTATTAT
bovine-CoV,ACTTGTAATA
bovine-CoV,AGATTTGGT
bovine-CoV,AGGTTAATG
bovine-CoV,AGTAAAGTT
bovine-CoV,AGTAAATGA
bovine-CoV,AGTGGTTATT
bovine-CoV,ATAACTATAG
bovine-CoV,ATAGGAGATTT
bovine-CoV,ATGATGTTG
bovine-CoV,ATGCTGTTG
bovine-CoV,CAGCAGCAG
bovine-CoV,CATGATGTT
bovine-CoV,CCTGCAGGT
bovine-CoV,CGATTGCAATA
bovine-CoV,CTAATGGTA
bovine-CoV,CTGATTTTA
bovine-CoV,CTGGTATAG
bovine-CoV,CTGTTAATT
bovine-CoV,CTTTTAATT
bovine-CoV,GACACTGGTGTT
bovine-CoV,GACCTACAA
bovine-CoV,GCTCTTAAT
bovine-CoV,GGTAGTGGTTA
bovine-CoV,GGTAGTGGTT
bovine-CoV,GGTGTTGTT
bovine-CoV,GGTTTGTAT
bovine-CoV,GTAATATGG
bovine-CoV,GTAGGTAGTGGTT
bovine-CoV,GTTTCTGTT
bovine-CoV,TAACTATAGA
bovine-CoV,TAACTATAG
bovine-CoV,TAATGGTAATC
bovine-CoV,TAATGGTATT
bovine-CoV,TAATGGTAT
bovine-CoV,TAATGGTAT
bovine-CoV,TACTATTGA
bovine-CoV,TAGGTACTT
bovine-CoV,TAGTTGGCA
bovine-CoV,TATTAATGG
bovine-CoV,TATTATAAT
bovine-CoV,TATTTAAAT
bovine-CoV,TATTTTTGCTAA
bovine-CoV,TGCTGCTAA
bovine-CoV,TGGTTATTAC
bovine-CoV,TGGTTTAAA
bovine-CoV,TGTTAATTAT
bovine-CoV,TGTTACTAA
bovine-CoV,TTAAAGATGG
bovine-CoV,TTAATGAATG
bovine-CoV,TTACTAATGGT
bovine-CoV,TTAGTGCAG
bovine-CoV,TTATTATGT
bovine-CoV,TTCTAAACA
bovine-CoV,TTCTGCTTT
bovine-CoV,TTGAGGCTT
bovine-CoV,TTGCTGGTG
bovine-CoV,TTGGGTAAT
bovine-CoV,TTGGTGCTAT
bovine-CoV,TTGTTAATG
bovine-CoV,TTGTTTTAA
bovine-CoV,TTTACTAAT
bovine-CoV,TTTGTATTTC
bovine-CoV,TTTTACAGA
bovine-CoV,TTTTGTTGAGG
bovine-CoV,AAAATCAAA
bovine-CoV,AATAATACT
bovine-CoV,AATGCTGAA
bovine-CoV,AATGCTGAT
bovine-CoV,AATGGTTTA
bovine-CoV,ACTATAGGTA
bovine-CoV,ACTGGTGTT
bovine-CoV,ACTGGTGTT
bovine-CoV,ACTTATTAT
bovine-CoV,ACTTGTAATA
bovine-CoV,ACTTTAGCT
bovine-CoV,AGGTTAATG
bovine-CoV,AGTAAATGA
bovine-CoV,AGTCAAAAT
bovine-CoV,AGTGGTTATT
bovine-CoV,ATAACTATAG
bovine-CoV,ATAGGAGATTT
bovine-CoV,ATGATGTTG
bovine-CoV,ATGCTGTTG
bovine-CoV,ATGGTATTA
bovine-CoV,ATGGTGTTA
bovine-CoV,ATGGTTTAAA
bovine-CoV,ATTTTATTT
bovine-CoV,ATTTTGATA
bovine-CoV,CACTGTTCAG
bovine-CoV,CAGCAGCAG
bovine-CoV,CCTGCAGGT
bovine-CoV,CGATTGTAATA
bovine-CoV,CTAATGGTA
bovine-CoV,CTACTAATT
bovine-CoV,CTATGGTTT
bovine-CoV,CTTTGACTT
bovine-CoV,CTTTTAATT
bovine-CoV,CTTTTAATT
bovine-CoV,CTTTTAATT
bovine-CoV,GACACTGGTGTT
bovine-CoV,GACTTATTA
bovine-CoV,GATTTTACTA
bovine-CoV,GCTCTTAAT
bovine-CoV,GGTAGTGGTTA
bovine-CoV,GGTAGTGGTT
bovine-CoV,GGTATTTTTG
bovine-CoV,GGTGTTGTT
bovine-CoV,GTAGGTAGTGGTT
bovine-CoV,GTTATAATG
bovine-CoV,TAATGGTAATC
bovine-CoV,TAATGGTATT
bovine-CoV,TAATGTATA
bovine-CoV,TACTAATTAT
bovine-CoV,TACTATTGA
bovine-CoV,TACTTTTGT
bovine-CoV,TAGTTGGCA
bovine-CoV,TATTAATGGG
bovine-CoV,TATTATAAT
bovine-CoV,TATTTAAAT
bovine-CoV,TATTTTTGCTAA
bovine-CoV,TGCTGCTAA
bovine-CoV,TGGCATTGG
bovine-CoV,TGGTTATTA
bovine-CoV,TGGTTTGTAT
bovine-CoV,TGTTAATTAT
bovine-CoV,TGTTACTAA
bovine-CoV,TGTTTGTGT
bovine-CoV,TTAATGAATG
bovine-CoV,TTAATTATA
bovine-CoV,TTACTAATGGT
bovine-CoV,TTAGTGCAG
bovine-CoV,TTGCTGGTG
bovine-CoV,TTGGTGCTAT
bovine-CoV,TTGTAATAG
bovine-CoV,TTGTTAATG
bovine-CoV,TTGTTCTACT
bovine-CoV,TTGTTTCCT
bovine-CoV,TTGTTTTAA
bovine-CoV,TTTACTAAT
bovine-CoV,TTTGTATTTT
bovine-CoV,TTTTACAGA
bovine-CoV,TTTTACTAT
bovine-CoV,AAAATCAAA
bovine-CoV,AAGATGGTGT
bovine-CoV,AATGCTGAA
bovine-CoV,AATGCTGAT
bovine-CoV,AATGGTTTA
bovine-CoV,ACTATAGGTA
bovine-CoV,ACTGGTGTT
bovine-CoV,ACTGGTGTT
bovine-CoV,ACTTATTAT
bovine-CoV,ACTTGTAATA
bovine-CoV,AGATTTGGT
bovine-CoV,AGGAGATTT
bovine-CoV,AGGTTAATG
bovine-CoV,AGTAAAGTT
bovine-CoV,AGTAAATGA
bovine-CoV,AGTGGTTAC
bovine-CoV,AGTGGTTATT
bovine-CoV,ATAACTATAG
bovine-CoV,ATGATGTTG
bovine-CoV,ATGCTGTTG
bovine-CoV,CAGCAGCAG
bovine-CoV,CATGATGTT
bovine-CoV,CGATTGCAATA
bovine-CoV,CTAATGGTA
bovine-CoV,CTGTTAATT
bovine-CoV,CTTTGACTT
bovine-CoV,GACACTGGTGTT
bovine-CoV,GACCTACAA
bovine-CoV,GACTTATTA
bovine-CoV,GCTCTTAAT
bovine-CoV,GGTAGTGGTTA
bovine-CoV,GGTAGTGGTT
bovine-CoV,GGTGTTGTT
bovine-CoV,GGTTACACT
bovine-CoV,GGTTTGTAT
bovine-CoV,GTAATATGG
bovine-CoV,GTAGGTAGTGGTT
bovine-CoV,GTTTCTGTT
bovine-CoV,TAATGGTAATC
bovine-CoV,TAATGGTATT
bovine-CoV,TAGTTGGCA
bovine-CoV,TATTAATGG
bovine-CoV,TATTATAAT
bovine-CoV,TATTTAAAT
bovine-CoV,TATTTTTGCTAA
bovine-CoV,TGCTGCTAA
bovine-CoV,TGGCATAGG
bovine-CoV,TGGTTATTAC
bovine-CoV,TGGTTTAAA
bovine-CoV,TGTTAATTAT
bovine-CoV,TGTTACTAA
bovine-CoV,TTAAAGATGG
bovine-CoV,TTAATGAATG
bovine-CoV,TTAATTATA
bovine-CoV,TTACTAATGGT
bovine-CoV,TTACTATTGA
bovine-CoV,TTAGTGCAG
bovine-CoV,TTATGTAAA
bovine-CoV,TTATTATGT
bovine-CoV,TTCTGCTTT
bovine-CoV,TTGAGGCTT
bovine-CoV,TTGCTGGTG
bovine-CoV,TTGGGTAAT
bovine-CoV,TTGGTGCTAT
bovine-CoV,TTGTTTATG
bovine-CoV,TTGTTTTAA
bovine-CoV,TTTACTAAT
bovine-CoV,TTTACTATT
bovine-CoV,TTTGTATTT
bovine-CoV,TTTTACAGA
bovine-CoV,TTTTGTTGAGG
bovine-CoV,TATGGCATTG
bovine-CoV,TTACTAATGGT
bovine-CoV,AATAGTGGTA
bovine-CoV,CCTGCAGGT
bovine-CoV,TATTATAAT
bovine-CoV,TGTTTGTGT
bovine-CoV,CCTGCAGGT
bovine-CoV,CTGGTATAG
bovine-CoV,TGGTATAGG
bovine-CoV,AAAATCAAA
bovine-CoV,AATAATACT
bovine-CoV,AATGCTGAA
bovine-CoV,AATGCTGAT
bovine-CoV,AATGGTTTA
bovine-CoV,ACTATAGGTA
bovine-CoV,ACTGGTGTT
bovine-CoV,ACTGGTGTT
bovine-CoV,ACTTGTAATA
bovine-CoV,ACTTTAGCT
bovine-CoV,AGGTTAATG
bovine-CoV,AGTAAATGA
bovine-CoV,AGTCAAAAT
bovine-CoV,ATAACTATAG
bovine-CoV,ATAGGAGATTT
bovine-CoV,ATGATGTTG
bovine-CoV,ATGCTGTTG
bovine-CoV,ATGGTATTA
bovine-CoV,ATGGTGTTA
bovine-CoV,ATGGTTTAAA
bovine-CoV,ATTTTACTAA
bovine-CoV,ATTTTACTA
bovine-CoV,ATTTTATTT
bovine-CoV,ATTTTGATA
bovine-CoV,CACTGTTCAG
bovine-CoV,CAGCAGCAG
bovine-CoV,CCTGCAGGT
bovine-CoV,CGATTGTAATA
bovine-CoV,CTAATGGTA
bovine-CoV,CTATGGTTT
bovine-CoV,CTGATTTTA
bovine-CoV,CTTTTAATT
bovine-CoV,CTTTTAATT
bovine-CoV,CTTTTAATT
bovine-CoV,GACACTGGTGTT
bovine-CoV,GACCTACAA
bovine-CoV,GACTTATTA
bovine-CoV,GATTTTACTA
bovine-CoV,GCTCTTAAT
bovine-CoV,GGTAGTGGTTACT
bovine-CoV,GGTAGTGGTT
bovine-CoV,GGTATTTTTG
bovine-CoV,GTAGGTAGTGGTT
bovine-CoV,GTTATAATG
bovine-CoV,GTTTCTGTT
bovine-CoV,TAATGGTAATC
bovine-CoV,TAATGGTATT
bovine-CoV,TAATGTATA
bovine-CoV,TACTATTGA
bovine-CoV,TACTTTTGT
bovine-CoV,TAGTTGGCA
bovine-CoV,TATTAATGGG
bovine-CoV,TATTTAAAT
bovine-CoV,TATTTTTGCTAA
bovine-CoV,TGCTGCTAA
bovine-CoV,TGGTTTGTAT
bovine-CoV,TGTTACTAA
bovine-CoV,TTAATGAATG
bovine-CoV,TTACTAATGGT
bovine-CoV,TTAGTGCAG
bovine-CoV,TTGCTGGTG
bovine-CoV,TTGGTGCTAT
bovine-CoV,TTGTAATAG
bovine-CoV,TTGTTAATG
bovine-CoV,TTGTTCTACT
bovine-CoV,TTGTTTTAA
bovine-CoV,TTTACTAAT
bovine-CoV,TTTGTATGA
bovine-CoV,TTTGTATTT
bovine-CoV,TTTTACAGA
bovine-CoV,TTTTACTAT
bovine-CoV,AAAACCAAA
bovine-CoV,AATAATACT
bovine-CoV,AATGCGACT
bovine-CoV,AATGCTGAA
bovine-CoV,AATGCTGAT
bovine-CoV,AATGGTTTA
bovine-CoV,ACTATAGGTA
bovine-CoV,ACTGGTGTT
bovine-CoV,ACTTATTAT
bovine-CoV,ACTTGTAATA
bovine-CoV,AGGTTAATG
bovine-CoV,AGTAAATGA
bovine-CoV,AGTGGTTATT
bovine-CoV,AGTTTCTGT
bovine-CoV,ATAACTATAG
bovine-CoV,ATATGAGTA
bovine-CoV,ATGATGTTG
bovine-CoV,ATGCTCTTG
bovine-CoV,ATGCTGTTG
bovine-CoV,ATGGTTTAAA
bovine-CoV,ATTAATGGG
bovine-CoV,ATTTTATTT
bovine-CoV,ATTTTTGCTAA
bovine-CoV,CAGCAGCAG
bovine-CoV,CATGATGTT
bovine-CoV,CCTGCAGGT
bovine-CoV,CTAAAGTTA
bovine-CoV,CTATGGTTT
bovine-CoV,CTGATTTTA
bovine-CoV,CTGGTATAG
bovine-CoV,CTGTTAATT
bovine-CoV,GACACTGGT
bovine-CoV,GACCTACAA
bovine-CoV,GACTTATTA
bovine-CoV,GCATTTTTG
bovine-CoV,GCTCTTAAT
bovine-CoV,GGTAGTGGTTA
bovine-CoV,GTAATATGG
bovine-CoV,TAACTATAGA
bovine-CoV,TAACTATAG
bovine-CoV,TAATATTGA
bovine-CoV,TAATGGTAATC
bovine-CoV,TAGGAGATTT
bovine-CoV,TATTATAAT
bovine-CoV,TATTTAAAT
bovine-CoV,TCCTTCTATT
bovine-CoV,TGCTGTTGTA
bovine-CoV,TGGTATAGG
bovine-CoV,TGGTTATTAC
bovine-CoV,TGGTTTGTAT
bovine-CoV,TGTAATATT
bovine-CoV,TGTTAATTAT
bovine-CoV,TTAATGAATG
bovine-CoV,TTACTAATGG
bovine-CoV,TTACTATTGA
bovine-CoV,TTAGTGCAG
bovine-CoV,TTATTATGT
bovine-CoV,TTCTGCTTT
bovine-CoV,TTGAGGCTT
bovine-CoV,TTGCTGGTG
bovine-CoV,TTGGTGCTAT
bovine-CoV,TTGTTAATG
bovine-CoV,TTGTTTGTG
bovine-CoV,TTGTTTTAA
bovine-CoV,TTTACTAAT
bovine-CoV,TTTACTATT
bovine-CoV,TTTCTGTTT
bovine-CoV,TTTGTATTT
bovine-CoV,TTTGTCACT
bovine-CoV,TTTTACAGA
bovine-CoV,TTTTGTTGAGG
bovine-CoV,AAAACCAAA
bovine-CoV,AATGCTGAT
bovine-CoV,AATGGTTTA
bovine-CoV,ACTATAGGTA
bovine-CoV,ACTGGTGTT
bovine-CoV,ACTTATTAT
bovine-CoV,ACTTGTAATA
bovine-CoV,AGATTTGGT
bovine-CoV,AGGTTAATG
bovine-CoV,AGTAAAGTT
bovine-CoV,AGTAAATGA
bovine-CoV,AGTGGTTATT
bovine-CoV,ATAACTATAG
bovine-CoV,ATAGGAGATTT
bovine-CoV,ATGATGTTG
bovine-CoV,ATGCTCTTG
bovine-CoV,ATGCTGTTG
bovine-CoV,CACATACGAT
bovine-CoV,CAGCAGCAG
bovine-CoV,CATGATGTT
bovine-CoV,CCTGCAGGT
bovine-CoV,CTAATGGTA
bovine-CoV,CTGATTTTA
bovine-CoV,CTGCTTTTG
bovine-CoV,CTTTGACTT
bovine-CoV,CTTTTAATT
bovine-CoV,GACCTACAA
bovine-CoV,GATTTGTCA
bovine-CoV,GCTCTTAAT
bovine-CoV,GGGTAATAAA
bovine-CoV,GGTAGTGGTTA
bovine-CoV,GGTAGTGGTT
bovine-CoV,GGTGTTGTT
bovine-CoV,GTAATATGG
bovine-CoV,GTAGGTAGTGGTT
bovine-CoV,GTTTCTGTT
bovine-CoV,TAACTATAGA
bovine-CoV,TAACTATAG
bovine-CoV,TAATATTGA
bovine-CoV,TAATGGTAATC
bovine-CoV,TAATGGTATT
bovine-CoV,TAATGGTAT
bovine-CoV,TAATGGTAT
bovine-CoV,TAGTTGGCA
bovine-CoV,TATTAATGG
bovine-CoV,TATTATAAT
bovine-CoV,TATTTAAAT
bovine-CoV,TATTTTTGCTAA
bovine-CoV,TGCTGCTAA
bovine-CoV,TGGCATAGG
bovine-CoV,TGGTTTAAA
bovine-CoV,TGGTTTGTAT
bovine-CoV,TGTAATATT
bovine-CoV,TGTTACTAA
bovine-CoV,TTAAAGATGG
bovine-CoV,TTAACTATA
bovine-CoV,TTAATGAATG
bovine-CoV,TTACTAATGGT
bovine-CoV,TTACTACCCT
bovine-CoV,TTACTATTGA
bovine-CoV,TTAGTGCAG
bovine-CoV,TTATTATGT
bovine-CoV,TTCTGCTTT
bovine-CoV,TTGAGGCTT
bovine-CoV,TTGCTGGTG
bovine-CoV,TTGGTGCTAT
bovine-CoV,TTGTTAATG
bovine-CoV,TTGTTTTAA
bovine-CoV,TTTACTAAT
bovine-CoV,TTTACTATT
bovine-CoV,TTTGTATTT
bovine-CoV,TTTTACAGA
bovine-CoV,TTTTGTTGAGG
bovine-CoV,AAAATCAAA
bovine-CoV,AAGATGGTGT
bovine-CoV,AATGCTGAA
bovine-CoV,AATGCTGAT
bovine-CoV,AATGGTTTA
bovine-CoV,ACAGGTGTT
bovine-CoV,ACTATAGGTA
bovine-CoV,ACTTATTAT
bovine-CoV,ACTTGTAATA
bovine-CoV,AGATTTGGT
bovine-CoV,AGGTTAATG
bovine-CoV,AGTAAAGTT
bovine-CoV,AGTAAATGA
bovine-CoV,AGTGGTTAC
bovine-CoV,AGTGGTTATT
bovine-CoV,ATAACTATAG
bovine-CoV,ATAGGAGATTT
bovine-CoV,ATGATGTTG
bovine-CoV,ATGCTCTTG
bovine-CoV,ATGCTGTTG
bovine-CoV,CAGCAGCAG
bovine-CoV,CATGATGTT
bovine-CoV,CCTGCAGGT
bovine-CoV,CTAATGGTA
bovine-CoV,CTGATTTTA
bovine-CoV,CTGTTAATT
bovine-CoV,CTTTTAATT
bovine-CoV,CTTTTAATT
bovine-CoV,CTTTTAATT
bovine-CoV,GACCTACAA
bovine-CoV,GCTCTTAAT
bovine-CoV,GGTAGTGGTTA
bovine-CoV,GGTAGTGGTT
bovine-CoV,GGTTACACT
bovine-CoV,GTAATATGG
bovine-CoV,GTAGGTAGTGGTT
bovine-CoV,GTGGTTACT
bovine-CoV,GTTTCTGTT
bovine-CoV,TAATGGTAATC
bovine-CoV,TAATGGTATT
bovine-CoV,TAATGGTAT
bovine-CoV,TAATGGTAT
bovine-CoV,TAATTTTAAT
bovine-CoV,TAGTTGGCA
bovine-CoV,TATTAATGG
bovine-CoV,TATTATAAT
bovine-CoV,TATTTAAAT
bovine-CoV,TATTTTTGCTAA
bovine-CoV,TGCTGCTAA
bovine-CoV,TGGCATAGG
bovine-CoV,TGGTTATTAC
bovine-CoV,TGGTTTAAA
bovine-CoV,TGGTTTGTAT
bovine-CoV,TGTTAATTAT
bovine-CoV,TTAAAGATGG
bovine-CoV,TTAATGAATG
bovine-CoV,TTAATTATA
bovine-CoV,TTACTAATGGT
bovine-CoV,TTACTATTGA
bovine-CoV,TTAGTGCAG
bovine-CoV,TTATTATGT
bovine-CoV,TTCTGCTTT
bovine-CoV,TTGAGGCTT
bovine-CoV,TTGCTGGTG
bovine-CoV,TTGGGTAAT
bovine-CoV,TTGGTGCTAT
bovine-CoV,TTGTAATAA
bovine-CoV,TTGTTAATG
bovine-CoV,TTGTTTTAA
bovine-CoV,TTTACTAAT
bovine-CoV,TTTACTATT
bovine-CoV,TTTGTATTTC
bovine-CoV,TTTTACAGA
bovine-CoV,AAAACCAAA
bovine-CoV,AAGATGGTGT
bovine-CoV,AATAATACT
bovine-CoV,AATGCTGAA
bovine-CoV,AATGCTGAT
bovine-CoV,AATGGTTTA
bovine-CoV,ACAACCACA
bovine-CoV,ACTATAGGTA
bovine-CoV,ACTGGTGTT
bovine-CoV,ACTGGTGTT
bovine-CoV,ACTTATTAT
bovine-CoV,ACTTGTAATA
bovine-CoV,AGCACAAGC
bovine-CoV,AGGTTAATG
bovine-CoV,AGTAAATGA
bovine-CoV,AGTGGTTATT
bovine-CoV,ATAACTATAG
bovine-CoV,ATAGGAGATTT
bovine-CoV,ATGATGTTG
bovine-CoV,ATGCTGTTG
bovine-CoV,ATGGTGTTA
bovine-CoV,ATGGTTTAAA
bovine-CoV,CATGTAAATT
bovine-CoV,CATTATTAT
bovine-CoV,CCTGCAGGT
bovine-CoV,CGGCTTTTG
bovine-CoV,CTAATGGTA
bovine-CoV,CTATGGTTT
bovine-CoV,CTGATTTTA
bovine-CoV,GACACTGGTGTT
bovine-CoV,GACCTACAA
bovine-CoV,GACTTATTA
bovine-CoV,GCTCTTAATA
bovine-CoV,GCTCTTAAT
bovine-CoV,GCTCTTAAT
bovine-CoV,GGAGGCAAT
bovine-CoV,GGTAGTGGTTA
bovine-CoV,GGTAGTGGT
bovine-CoV,GGTATTTTTG
bovine-CoV,GGTGTTGTT
bovine-CoV,GGTTACACT
bovine-CoV,GTAATATGG
bovine-CoV,GTACTTGCC
bovine-CoV,GTTTCTGTT
bovine-CoV,TAAATTACA
bovine-CoV,TAACTATAGA
bovine-CoV,TAACTATAG
bovine-CoV,TAATGGTAATC
bovine-CoV,TAATGGTAT
bovine-CoV,TAATTATTT
bovine-CoV,TACAAAAAG
bovine-CoV,TAGGTACTT
bovine-CoV,TAGTGGTTAC
bovine-CoV,TAGTGGTTA
bovine-CoV,TATGGCATT
bovine-CoV,TATTAATGG
bovine-CoV,TATTATAAT
bovine-CoV,TATTGATGCTG
bovine-CoV,TATTTAAAT
bovine-CoV,TATTTTTGCTAA
bovine-CoV,TGATTGTAA
bovine-CoV,TGGTAGTGGT
bovine-CoV,TGGTTTGTAT
bovine-CoV,TGTTAATGCA
bovine-CoV,TGTTAATTAT
bovine-CoV,TGTTACTAA
bovine-CoV,TGTTTTAAG
bovine-CoV,TTAAAGATGG
bovine-CoV,TTAATAGTG
bovine-CoV,TTACTAATGGT
bovine-CoV,TTACTACCC
bovine-CoV,TTACTATTGA
bovine-CoV,TTAGTGCAG
bovine-CoV,TTATTAATG
bovine-CoV,TTATTATGT
bovine-CoV,TTCAATGTA
bovine-CoV,TTCCATTTT
bovine-CoV,TTCCTGTTTA
bovine-CoV,TTGAGGCTT
bovine-CoV,TTGTAATAA
bovine-CoV,TTGTTTTAA
bovine-CoV,TTTAACTAT
bovine-CoV,TTTACTAAT
bovine-CoV,TTTACTATT
bovine-CoV,TTTGTATTT
bovine-CoV,TTTTAAGCC
bovine-CoV,TTTTACAGA
bovine-CoV,TTTTGTTGAGG
bovine-CoV,TTTTTGATA
bovine-CoV,AAAATCAAA
bovine-CoV,AAGGTTAAT
bovine-CoV,AATAATACT
bovine-CoV,AATGCTGAA
bovine-CoV,AATGCTGAT
bovine-CoV,AATGGTTTA
bovine-CoV,ACTATAGGTA
bovine-CoV,ACTGGTGTT
bovine-CoV,ACTGGTGTT
bovine-CoV,ACTTGTAATA
bovine-CoV,ACTTTAGCT
bovine-CoV,AGGTTAATG
bovine-CoV,AGTAAATGA
bovine-CoV,AGTTTAATG
bovine-CoV,ATAACTATAG
bovine-CoV,ATAGGAGATTT
bovine-CoV,ATGATGTTG
bovine-CoV,ATGCTGTTG
bovine-CoV,ATGGTATTA
bovine-CoV,ATGGTGTTA
bovine-CoV,ATGGTTTAAA
bovine-CoV,ATTTTATTT
bovine-CoV,ATTTTGATA
bovine-CoV,ATTTTTGCTAA
bovine-CoV,CACTGTTCAG
bovine-CoV,CAGCAGCAG
bovine-CoV,CCTGCAGGT
bovine-CoV,CGATTGTAATA
bovine-CoV,CTAATGGTA
bovine-CoV,CTATGGTTT
bovine-CoV,CTTTTAATT
bovine-CoV,CTTTTAATT
bovine-CoV,CTTTTAATT
bovine-CoV,GACACTGGTGTT
bovine-CoV,GACTTATTA
bovine-CoV,GATTTTACTA
bovine-CoV,GCTCTTAAT
bovine-CoV,GGTAGTGGTTACT
bovine-CoV,GGTAGTGGTT
bovine-CoV,GGTATTTTTG
bovine-CoV,GTAGGTAGTGGTT
bovine-CoV,GTTATAATG
bovine-CoV,GTTTAATGTA
bovine-CoV,GTTTCTGTT
bovine-CoV,TAATGGTAATC
bovine-CoV,TAATGGTATT
bovine-CoV,TAATGTATA
bovine-CoV,TACTTTTGT
bovine-CoV,TAGTTGGCA
bovine-CoV,TATTAATGGG
bovine-CoV,TATTATAAT
bovine-CoV,TATTTAAAT
bovine-CoV,TGCTGCTAA
bovine-CoV,TGGTTTGTAT
bovine-CoV,TGTTAATTAT
bovine-CoV,TGTTACTAA
bovine-CoV,TTAATGAATG
bovine-CoV,TTAATTATA
bovine-CoV,TTACTAATGGT
bovine-CoV,TTACTATTGA
bovine-CoV,TTAGTGCAG
bovine-CoV,TTGCTGGTG
bovine-CoV,TTGGTGCTAT
bovine-CoV,TTGTAATAG
bovine-CoV,TTGTTAATG
bovine-CoV,TTGTTCTACT
bovine-CoV,TTGTTTTAA
bovine-CoV,TTTACTAAT
bovine-CoV,TTTACTATT
bovine-CoV,TTTGTATGA
bovine-CoV,TTTGTATTT
bovine-CoV,TTTTACAGA
bovine-CoV,TTTTACTAT
bovine-CoV,TTTTGTTGAGG
bovine-CoV,GACACTGGTGTT
bovine-CoV,TTACTAATGGT
bovine-CoV,AAAATCAAA
bovine-CoV,AAGATGGTGT
bovine-CoV,AATGCTGAA
bovine-CoV,AATGCTGAT
bovine-CoV,AATGGTTTA
bovine-CoV,ACTATAGGTA
bovine-CoV,ACTGGTGTT
bovine-CoV,ACTGGTGTT
bovine-CoV,ACTTATTAT
bovine-CoV,ACTTGTAATA
bovine-CoV,AGATTTGGT
bovine-CoV,AGGTTAATG
bovine-CoV,AGTAAAGTT
bovine-CoV,AGTAAATGA
bovine-CoV,AGTGGTTAC
bovine-CoV,AGTGGTTATT
bovine-CoV,ATAACTATAG
bovine-CoV,ATAGGAGATTT
bovine-CoV,ATGATGTTG
bovine-CoV,ATGCTGTTG
bovine-CoV,ATTTTGGGT
bovine-CoV,CAGCAGCAG
bovine-CoV,CATGATGTT
bovine-CoV,CGATTGCAATA
bovine-CoV,CTAATGGTA
bovine-CoV,CTGTTAATT
bovine-CoV,CTTTGACTT
bovine-CoV,CTTTTAATT
bovine-CoV,CTTTTAATT
bovine-CoV,CTTTTAATT
bovine-CoV,GACACTGGTGTT
bovine-CoV,GACCTACAA
bovine-CoV,GACTTATTA
bovine-CoV,GCTCTTAAT
bovine-CoV,GGTAGTGGTTA
bovine-CoV,GGTAGTGGTT
bovine-CoV,GGTGTTGTT
bovine-CoV,GGTTACACT
bovine-CoV,GGTTTGTAT
bovine-CoV,GTAATATGG
bovine-CoV,GTAGGTAGTGGTT
bovine-CoV,GTTTCTGTT
bovine-CoV,TAATGGTAATC
bovine-CoV,TAATGGTATT
bovine-CoV,TAATGGTAT
bovine-CoV,TAATGGTAT
bovine-CoV,TAGTTGGCA
bovine-CoV,TATTAATGG
bovine-CoV,TATTATAAT
bovine-CoV,TATTTAAAT
bovine-CoV,TATTTTTGCTAA
bovine-CoV,TCTATTAGC
bovine-CoV,TGCTGCTAA
bovine-CoV,TGGCATAGG
bovine-CoV,TGGTTATTAC
bovine-CoV,TGGTTTAAA
bovine-CoV,TGTTAATTAT
bovine-CoV,TGTTACTAA
bovine-CoV,TTAAAGATGG
bovine-CoV,TTAATGAATG
bovine-CoV,TTAATTATA
bovine-CoV,TTACTAATGGT
bovine-CoV,TTAGTGCAG
bovine-CoV,TTATGTAAA
bovine-CoV,TTATTATGT
bovine-CoV,TTCTGCTTT
bovine-CoV,TTGAGGCTT
bovine-CoV,TTGCTGGTG
bovine-CoV,TTGGGTAAT
bovine-CoV,TTGGTGCTAT
bovine-CoV,TTGTTTATG
bovine-CoV,TTGTTTGTG
bovine-CoV,TTGTTTTAA
bovine-CoV,TTTACTAAT
bovine-CoV,TTTACTATT
bovine-CoV,TTTGTATTTT
bovine-CoV,TTTTACAGA
bovine-CoV,TTTTGGGTT
bovine-CoV,TTTTGTTGAGG
bovine-CoV,AATAGTGGTA
bovine-CoV,CCTGCAGGT
bovine-CoV,GTAGGTAGTGGTT
bovine-CoV,TAGTTGGCA
bovine-CoV,TATTATAAT
bovine-CoV,AAAATCAAA
bovine-CoV,AATAATACT
bovine-CoV,AATGCTGAA
bovine-CoV,AATGCTGAT
bovine-CoV,AATGGTTTA
bovine-CoV,ACTATAGGTA
bovine-CoV,ACTGGTGTT
bovine-CoV,ACTGGTGTT
bovine-CoV,ACTTATTAT
bovine-CoV,ACTTGTAATA
bovine-CoV,AGGTTAATG
bovine-CoV,AGTAAATGA
bovine-CoV,AGTGGTTATT
bovine-CoV,AGTTTCTGT
bovine-CoV,ATAACTATAG
bovine-CoV,ATAGGAGATTT
bovine-CoV,ATATGAGTA
bovine-CoV,ATGATGTTG
bovine-CoV,ATGCTCTTG
bovine-CoV,ATGCTGTTG
bovine-CoV,ATGGTTTAAA
bovine-CoV,ATTAATGGG
bovine-CoV,ATTTTATTT
bovine-CoV,ATTTTTGCTAA
bovine-CoV,CAGCAGCAG
bovine-CoV,CATGATGTT
bovine-CoV,CATTCTTGG
bovine-CoV,CCTGCAGGT
bovine-CoV,CTAAAGTTA
bovine-CoV,CTATGGTTT
bovine-CoV,CTGATTTTA
bovine-CoV,CTGGTATAG
bovine-CoV,CTGTTAATT
bovine-CoV,CTTTTAATT
bovine-CoV,GACACTGGTGTT
bovine-CoV,GACCTACAA
bovine-CoV,GACTTATTA
bovine-CoV,GCTCTTAAT
bovine-CoV,GGTAGTGGTTA
bovine-CoV,GTAATATGG
bovine-CoV,GTGTTGTCA
bovine-CoV,TAACTATAGA
bovine-CoV,TAACTATAG
bovine-CoV,TAATATTGA
bovine-CoV,TAATGGTAATC
bovine-CoV,TATAGGAGA
bovine-CoV,TATTATAAT
bovine-CoV,TATTTAAAT
bovine-CoV,TGGTATAGG
bovine-CoV,TGGTTATTAC
bovine-CoV,TGGTTTGTAT
bovine-CoV,TGTAATATT
bovine-CoV,TGTTAATTAT
bovine-CoV,TTAATGAATG
bovine-CoV,TTACTAATGG
bovine-CoV,TTACTATTGA
bovine-CoV,TTAGTGCAG
bovine-CoV,TTATTATGT
bovine-CoV,TTCTGCTTT
bovine-CoV,TTGAGGCTT
bovine-CoV,TTGCTGGTG
bovine-CoV,TTGGTGCTAT
bovine-CoV,TTGTTAATG
bovine-CoV,TTGTTTTAA
bovine-CoV,TTTACTAAT
bovine-CoV,TTTACTATT
bovine-CoV,TTTCTGTTT
bovine-CoV,TTTGTATTT
bovine-CoV,TTTTACAGA
bovine-CoV,TTTTGTTGAGG
bovine-CoV,AATGCTGAT
bovine-CoV,ACTGGTGTT
bovine-CoV,ACTGGTGTT
bovine-CoV,ACTTATTAT
bovine-CoV,ACTTGTAATA
bovine-CoV,ATAACTATAG
bovine-CoV,ATAGGAGATTT
bovine-CoV,ATGATGTTG
bovine-CoV,CATGATGTT
bovine-CoV,CCTGCAGGT
bovine-CoV,CTAATGGTA
bovine-CoV,CTATGGTTT
bovine-CoV,GACACTGGTGTT
bovine-CoV,GGTATTTTTG
bovine-CoV,GGTGTTGTT
bovine-CoV,GTTTCTGTT
bovine-CoV,TAAAAGTGATT
bovine-CoV,TAACTATAGA
bovine-CoV,TAACTATAG
bovine-CoV,TAATATTGA
bovine-CoV,TAGTTGGCA
bovine-CoV,TATTATAAT
bovine-CoV,TATTTTTGCTAA
bovine-CoV,TCCTTCTATT
bovine-CoV,TGCTGCTAA
bovine-CoV,TGGCATAGG
bovine-CoV,TGTAATATT
bovine-CoV,TGTTACTAA
bovine-CoV,TTACTAATGGT
bovine-CoV,TTATTATGT
bovine-CoV,TTTTACAGA
bovine-CoV,AAAATCAAA
bovine-CoV,AATAATACT
bovine-CoV,AATGCTGAA
bovine-CoV,AATGCTGAT
bovine-CoV,AATGGTTTA
bovine-CoV,ACTATAGGTA
bovine-CoV,ACTGGTGTT
bovine-CoV,ACTGGTGTT
bovine-CoV,ACTTATTAT
bovine-CoV,ACTTGTAATA
bovine-CoV,AGATTTGGT
bovine-CoV,AGGTTAATG
bovine-CoV,AGTAAATGA
bovine-CoV,AGTGGTTATT
bovine-CoV,ATAACTATAG
bovine-CoV,ATAATGGTAT
bovine-CoV,ATAGGAGATTT
bovine-CoV,ATGATGTTG
bovine-CoV,ATGCTCTTG
bovine-CoV,ATGCTGTTG
bovine-CoV,ATGGTTTAAA
bovine-CoV,ATTTTATTT
bovine-CoV,ATTTTGATAG
bovine-CoV,CAGCAGCAG
bovine-CoV,CATGATGTT
bovine-CoV,CCTGCAGGT
bovine-CoV,CTAATGGTA
bovine-CoV,CTATGGTTT
bovine-CoV,CTGATTTTA
bovine-CoV,CTGCTATAA
bovine-CoV,CTGTTAATT
bovine-CoV,CTTTTAATT
bovine-CoV,GACACTGGTGTT
bovine-CoV,GACCTACAA
bovine-CoV,GACTTATTA
bovine-CoV,GCATTTTTG
bovine-CoV,GCTCTTAAT
bovine-CoV,GGTAGTGGTTA
bovine-CoV,GGTAGTGGTT
bovine-CoV,GGTGTTGTT
bovine-CoV,GTAATATGG
bovine-CoV,GTAGGTAGTGGTT
bovine-CoV,GTTTCTGTT
bovine-CoV,TAACTATAGA
bovine-CoV,TAACTATAG
bovine-CoV,TAATATTGA
bovine-CoV,TAATGGTAATC
bovine-CoV,TAATGGTAT
bovine-CoV,TAATGGTAT
bovine-CoV,TACTAATTTTGA
bovine-CoV,TATTAATGGG
bovine-CoV,TATTATAAT
bovine-CoV,TATTTAAAT
bovine-CoV,TATTTTTGCTAA
bovine-CoV,TGCTATAAGTT
bovine-CoV,TGCTGCTAA
bovine-CoV,TGGTATAGG
bovine-CoV,TGGTTTGTA
bovine-CoV,TGTAATATT
bovine-CoV,TGTTAATTAT
bovine-CoV,TGTTACTAA
bovine-CoV,TTAATGAATG
bovine-CoV,TTACTAATGGT
bovine-CoV,TTACTACCCT
bovine-CoV,TTACTATTGA
bovine-CoV,TTAGTGCAG
bovine-CoV,TTATTATGT
bovine-CoV,TTCTGCTTT
bovine-CoV,TTGAGGCTT
bovine-CoV,TTGATACTAC
bovine-CoV,TTGCTGGTG
bovine-CoV,TTGGTGCTAT
bovine-CoV,TTGTTAATG
bovine-CoV,TTGTTTTAA
bovine-CoV,TTTACTAAT
bovine-CoV,TTTACTATT
bovine-CoV,TTTGTATTT
bovine-CoV,TTTTACAGA
bovine-CoV,AAAAATCAAACA
bovine-CoV,AAAATCAAA
bovine-CoV,AAAATCAAA
bovine-CoV,AATAATACT
bovine-CoV,AATAGTGGTA
bovine-CoV,AATGCTGAA
bovine-CoV,AATGCTGAT
bovine-CoV,AATGGTTTA
bovine-CoV,ACTATAGGTA
bovine-CoV,ACTGGTGTT
bovine-CoV,ACTGGTGTT
bovine-CoV,ACTTATTAT
bovine-CoV,ACTTGTAATA
bovine-CoV,AGGTTAATG
bovine-CoV,AGTAAATGA
bovine-CoV,AGTGGTTATT
bovine-CoV,ATAACTATAG
bovine-CoV,ATAGGAGATTT
bovine-CoV,ATGATGTTG
bovine-CoV,ATGCTGTTG
bovine-CoV,ATGGTGTTA
bovine-CoV,ATGGTTTAAA
bovine-CoV,ATTTTATTT
bovine-CoV,CACTGTTCAG
bovine-CoV,CAGCAGCAG
bovine-CoV,CGATTGTAATA
bovine-CoV,CTAATGGTA
bovine-CoV,CTACCAATT
bovine-CoV,CTATGGTTT
bovine-CoV,CTGATTTTA
bovine-CoV,CTTTTAATT
bovine-CoV,GACACTGGTGTT
bovine-CoV,GACCTACAA
bovine-CoV,GACTTATTA
bovine-CoV,GCTCTTAAT
bovine-CoV,GGTAGTGGTTA
bovine-CoV,GGTAGTGGTT
bovine-CoV,GGTATTTTTG
bovine-CoV,GGTGTTGTT
bovine-CoV,GTAGGTAGTGGTT
bovine-CoV,GTTTCTGTT
bovine-CoV,TAACTATAGA
bovine-CoV,TAACTATAG
bovine-CoV,TAATGGTAT
bovine-CoV,TAATGTATA
bovine-CoV,TACCAATTTTGA
bovine-CoV,TAGTTGGCA
bovine-CoV,TATTAATGGG
bovine-CoV,TATTATAAT
bovine-CoV,TATTATGTC
bovine-CoV,TATTTAAAT
bovine-CoV,TATTTTTGCTAA
bovine-CoV,TCAGGAAGG
bovine-CoV,TGCTGCTAA
bovine-CoV,TGGTTATTAC
bovine-CoV,TGGTTTGTAT
bovine-CoV,TGTTACTAA
bovine-CoV,TTAATGAATG
bovine-CoV,TTACTAATGGT
bovine-CoV,TTACTATTGA
bovine-CoV,TTAGTGCAG
bovine-CoV,TTCTGCTTT
bovine-CoV,TTGCTGGTG
bovine-CoV,TTGGTGCTAT
bovine-CoV,TTGTAATAG
bovine-CoV,TTGTTAATG
bovine-CoV,TTTACTATT
bovine-CoV,TTTGTATTTT
bovine-CoV,TTTTACAGA
bovine-CoV,TTTTGTTGAGG
bovine-CoV,AAAATCAAA
bovine-CoV,AAGATGGTGT
bovine-CoV,AATGGTTTA
bovine-CoV,ACTATAGGTA
bovine-CoV,ACTGGTGTT
bovine-CoV,ACTGGTGTT
bovine-CoV,ACTTATTAT
bovine-CoV,ACTTGTAATA
bovine-CoV,AGATTTGGT
bovine-CoV,AGTAAAGTT
bovine-CoV,AGTGGTTAC
bovine-CoV,AGTGGTTATT
bovine-CoV,ATAACTATAG
bovine-CoV,ATAGGAGATTT
bovine-CoV,ATGCTCTTG
bovine-CoV,ATGCTGTTG
bovine-CoV,CAATCTGTT
bovine-CoV,CAGCAGCAG
bovine-CoV,CCTGCAGGT
bovine-CoV,CGATTGCAATA
bovine-CoV,CGCTCTTAAT
bovine-CoV,CTAATGGTA
bovine-CoV,CTGATTTTA
bovine-CoV,CTGTTAATT
bovine-CoV,CTTTTAATT
bovine-CoV,CTTTTAATT
bovine-CoV,CTTTTAATT
bovine-CoV,GACACTGGTGTT
bovine-CoV,GACCTACAA
bovine-CoV,GACTTATTA
bovine-CoV,GCTTTTAAT
bovine-CoV,GGTAGTGGTTA
bovine-CoV,GGTAGTGGTT
bovine-CoV,GGTGTTGTT
bovine-CoV,GGTTACACT
bovine-CoV,GTAATATGG
bovine-CoV,GTAGGTAGTGGTT
bovine-CoV,GTTTCTGTT
bovine-CoV,TAATGGTAATC
bovine-CoV,TAATGGTATT
bovine-CoV,TAATGGTAT
bovine-CoV,TAATGGTAT
bovine-CoV,TAGTTGGCA
bovine-CoV,TATTAATGG
bovine-CoV,TATTATAAT
bovine-CoV,TATTTTTGCTAA
bovine-CoV,TGGCATAGG
bovine-CoV,TGGTTATTAC
bovine-CoV,TGGTTTAAA
bovine-CoV,TGGTTTGTAT
bovine-CoV,TGTTAATTAT
bovine-CoV,TGTTACTAA
bovine-CoV,TTAAAGATGG
bovine-CoV,TTAATGAATG
bovine-CoV,TTAATTATA
bovine-CoV,TTACTAATGGT
bovine-CoV,TTACTATTGA
bovine-CoV,TTAGTGCAG
bovine-CoV,TTATTATGT
bovine-CoV,TTGACACTAC
bovine-CoV,TTGAGGCTT
bovine-CoV,TTGCTGGTG
bovine-CoV,TTGGGTAAT
bovine-CoV,TTGGTGCTAT
bovine-CoV,TTGTTAATG
bovine-CoV,TTGTTTCCT
bovine-CoV,TTGTTTTAA
bovine-CoV,TTTACTAAT
bovine-CoV,TTTACTATT
bovine-CoV,TTTGTATTT
bovine-CoV,TTTTACAGA
bovine-CoV,TTTTGTTGAGG
bovine-CoV,AAAACCAAA
bovine-CoV,AAGATGGTGT
bovine-CoV,AATAATACT
bovine-CoV,AATGCTGAA
bovine-CoV,AATGCTGAT
bovine-CoV,AATGGTATT
bovine-CoV,AATGGTTTA
bovine-CoV,ACTATAGGTA
bovine-CoV,ACTGGTGTT
bovine-CoV,ACTGGTGTT
bovine-CoV,ACTTATTAT
bovine-CoV,ACTTGTAATA
bovine-CoV,AGATTTGGT
bovine-CoV,AGGTTAATG
bovine-CoV,AGTAAAGTT
bovine-CoV,AGTAAATGA
bovine-CoV,AGTGGTTATT
bovine-CoV,ATAACTATAG
bovine-CoV,ATAGGAGATTT
bovine-CoV,ATGATGTTG
bovine-CoV,ATGCTCTTG
bovine-CoV,ATGCTGTTG
bovine-CoV,CAGCAGCAG
bovine-CoV,CATGATGTT
bovine-CoV,CCAATGGTA
bovine-CoV,CCTGCAGGT
bovine-CoV,CGATTGTAATA
bovine-CoV,CTGATTTTA
bovine-CoV,CTGGTATAG
bovine-CoV,CTTTGACTT
bovine-CoV,CTTTTAATT
bovine-CoV,GACACTGGTGTT
bovine-CoV,GACCTACAA
bovine-CoV,GCTCTTAAT
bovine-CoV,GGTAGTGGTTA
bovine-CoV,GGTAGTGGTT
bovine-CoV,GGTATTTTTG
bovine-CoV,GGTGTTGTT
bovine-CoV,GTAATATGG
bovine-CoV,GTAGGTAGTGGTT
bovine-CoV,GTTTCTGTT
bovine-CoV,TAACTATAGA
bovine-CoV,TAACTATAG
bovine-CoV,TAATATTGA
bovine-CoV,TAATGGTAATC
bovine-CoV,TAATGGTAT
bovine-CoV,TAGGTACTT
bovine-CoV,TAGTTGGCA
bovine-CoV,TATTAATGG
bovine-CoV,TATTATAAT
bovine-CoV,TATTTAAAT
bovine-CoV,TATTTTTGCTAA
bovine-CoV,TGGTTATTAC
bovine-CoV,TGGTTTAAA
bovine-CoV,TGGTTTGTAT
bovine-CoV,TGTAATATT
bovine-CoV,TGTTAATTAT
bovine-CoV,TGTTACTAA
bovine-CoV,TGTTTATTTA
bovine-CoV,TTAAAGATGG
bovine-CoV,TTAATGAATG
bovine-CoV,TTACTATTGA
bovine-CoV,TTAGTGCAG
bovine-CoV,TTATTATGT
bovine-CoV,TTCTGCTTT
bovine-CoV,TTGAGGCTT
bovine-CoV,TTGCTGGTG
bovine-CoV,TTGGGTAAT
bovine-CoV,TTGGTGCTAT
bovine-CoV,TTGTAATAA
bovine-CoV,TTGTTAATG
bovine-CoV,TTGTTTGTG
bovine-CoV,TTGTTTTAA
bovine-CoV,TTTACTATT
bovine-CoV,TTTGTATTT
bovine-CoV,TTTTACAGA
bovine-CoV,TTTTGTTGAGG
bovine-CoV,CCTGCAGGT
bovine-CoV,TAGTTGGCA
bovine-CoV,CCTGCAGGT
bovine-CoV,TGGCATAGG
bovine-CoV,AAAAATCAAACA
bovine-CoV,AAAATCAAA
bovine-CoV,AAAATCAAA
bovine-CoV,AAATTTTTGT
bovine-CoV,AATAGTGGTA
bovine-CoV,AATGCTGAA
bovine-CoV,AATGCTGAT
bovine-CoV,AATGGTTTA
bovine-CoV,ACTATAGGTA
bovine-CoV,ACTGGTGTT
bovine-CoV,ACTGGTGTT
bovine-CoV,ACTTATTAT
bovine-CoV,ACTTGTAATA
bovine-CoV,AGGTTAATG
bovine-CoV,AGTAAATGA
bovine-CoV,AGTGGTTATT
bovine-CoV,ATAACTATAG
bovine-CoV,ATAGGAGATTT
bovine-CoV,ATGATGTTG
bovine-CoV,ATGCTGTTG
bovine-CoV,ATGGTGTTA
bovine-CoV,ATGGTTTAAA
bovine-CoV,ATTTTATTT
bovine-CoV,CACTGTTCAG
bovine-CoV,CAGCAGCAG
bovine-CoV,CCTGCAGGT
bovine-CoV,CGATTGTAATA
bovine-CoV,CTAATGGTA
bovine-CoV,CTACCAATT
bovine-CoV,CTATGGTTT
bovine-CoV,CTGATTTTA
bovine-CoV,CTGCTATAG
bovine-CoV,CTGTTAATT
bovine-CoV,CTTTTAATT
bovine-CoV,GACACTGGTGTT
bovine-CoV,GACTTATTA
bovine-CoV,GCTCTTAAT
bovine-CoV,GGTAGTGGTTA
bovine-CoV,GGTAGTGGTT
bovine-CoV,GGTATTTTTG
bovine-CoV,GGTGTTGTT
bovine-CoV,GTAGGTAGTGGTT
bovine-CoV,GTTATAATG
bovine-CoV,GTTTCTGTT
bovine-CoV,TAACTATAGA
bovine-CoV,TAACTATAG
bovine-CoV,TAATGGTAATC
bovine-CoV,TAATGGTAT
bovine-CoV,TAATGTATA
bovine-CoV,TACTATTGA
bovine-CoV,TATTAATGGG
bovine-CoV,TATTATAAT
bovine-CoV,TATTTAAAT
bovine-CoV,TATTTTTGCTAA
bovine-CoV,TGCTGCTAA
bovine-CoV,TGGTATAGG
bovine-CoV,TGGTTATTAC
bovine-CoV,TGGTTTGTAT
bovine-CoV,TGTTAATTA
bovine-CoV,TGTTACTAA
bovine-CoV,TTAATGAATG
bovine-CoV,TTACTAATGGT
bovine-CoV,TTAGTGCAG
bovine-CoV,TTCTGCTTT
bovine-CoV,TTGCTGGTG
bovine-CoV,TTGGTGCTAT
bovine-CoV,TTGTAATAG
bovine-CoV,TTGTTAATG
bovine-CoV,TTGTTTTAA
bovine-CoV,TTTACTAAT
bovine-CoV,TTTGTATTT
bovine-CoV,TTTTACAGA
bovine-CoV,AAAATCAAA
bovine-CoV,AAAATCAAA
bovine-CoV,AAAATCAAA
bovine-CoV,AAGATGGTGT
bovine-CoV,AATGCTGAA
bovine-CoV,AATGCTGAT
bovine-CoV,AATGGTTTA
bovine-CoV,ACTATAGGTA
bovine-CoV,ACTGGTGTT
bovine-CoV,ACTGGTGTT
bovine-CoV,ACTTATTAT
bovine-CoV,ACTTGTAATA
bovine-CoV,AGATTTGGT
bovine-CoV,AGGTTAATG
bovine-CoV,AGTAAAGTT
bovine-CoV,AGTAAATGA
bovine-CoV,AGTGGTTAC
bovine-CoV,AGTGGTTATT
bovine-CoV,ATAACTATAG
bovine-CoV,ATAGGAGATTT
bovine-CoV,ATGATGTTG
bovine-CoV,ATGCTGTTG
bovine-CoV,CAGCAGCAG
bovine-CoV,CTAATGGTA
bovine-CoV,CTGTTAATT
bovine-CoV,CTTTGACTT
bovine-CoV,CTTTTAATT
bovine-CoV,GACACTGGTGTT
bovine-CoV,GACCTACAA
bovine-CoV,GACTTATTA
bovine-CoV,GGTAGTGGTTA
bovine-CoV,GGTAGTGGTT
bovine-CoV,GGTGTTGTT
bovine-CoV,GGTTACACT
bovine-CoV,GTAGGTAGTGGTT
bovine-CoV,GTTTCTGTT
bovine-CoV,TAATGGTAATC
bovine-CoV,TAATGGTATT
bovine-CoV,TAATGGTAT
bovine-CoV,TAATGGTAT
bovine-CoV,TAGTTGGCA
bovine-CoV,TATAGTGTG
bovine-CoV,TATTAATGG
bovine-CoV,TATTATAAT
bovine-CoV,TATTTAAAT
bovine-CoV,TATTTTTGCTAA
bovine-CoV,TGCTGCTAA
bovine-CoV,TGGCATAGG
bovine-CoV,TGGTTATTAC
bovine-CoV,TGGTTTGTAT
bovine-CoV,TGTTAATTAT
bovine-CoV,TGTTACTAA
bovine-CoV,TGTTTCCTG
bovine-CoV,TTAAAGATGG
bovine-CoV,TTAATGAATG
bovine-CoV,TTAATTATA
bovine-CoV,TTACTAATGGT
bovine-CoV,TTACTATTGA
bovine-CoV,TTAGTGCAG
bovine-CoV,TTATGTAAA
bovine-CoV,TTATTATGT
bovine-CoV,TTCTGCTTT
bovine-CoV,TTGAGGCTT
bovine-CoV,TTGCTGGTG
bovine-CoV,TTGGGTAAT
bovine-CoV,TTGGTGCTAT
bovine-CoV,TTGTTTATG
bovine-CoV,TTGTTTTAA
bovine-CoV,TTTACTAAT
bovine-CoV,TTTACTATT
bovine-CoV,TTTGTATTT
bovine-CoV,TTTTACAGA
bovine-CoV,TTTTGTTGAGG
bovine-CoV,AAAATCAAA
bovine-CoV,AAGATGGTGTTA
bovine-CoV,AAGATGGTGT
bovine-CoV,AATAATACTT
bovine-CoV,AATGCTGAA
bovine-CoV,AATGGTTTA
bovine-CoV,ACTATAGGTA
bovine-CoV,ACTGGTGTT
bovine-CoV,ACTGGTGTT
bovine-CoV,ACTTATTAT
bovine-CoV,ACTTGTAATA
bovine-CoV,AGATTTGGT
bovine-CoV,AGGTTAATG
bovine-CoV,AGTAAAGTT
bovine-CoV,AGTAAATGA
bovine-CoV,AGTGGTTAC
bovine-CoV,AGTGGTTATT
bovine-CoV,ATAACTATAG
bovine-CoV,ATAGGAGATTT
bovine-CoV,ATGATGTTG
bovine-CoV,ATGCTGTTG
bovine-CoV,CAGCAGCAG
bovine-CoV,CATGATGTT
bovine-CoV,CGATTGCAATA
bovine-CoV,CTAATGGTA
bovine-CoV,CTAATTATTT
bovine-CoV,CTTTGACTT
bovine-CoV,CTTTTAATT
bovine-CoV,CTTTTAATT
bovine-CoV,CTTTTAATT
bovine-CoV,GACACTGGTGTT
bovine-CoV,GACCTACAA
bovine-CoV,GACTTATTA
bovine-CoV,GCTCTTAAT
bovine-CoV,GGTAGTGGTTA
bovine-CoV,GGTAGTGGT
bovine-CoV,GGTGTTGTT
bovine-CoV,GGTTACACT
bovine-CoV,GGTTTGTAT
bovine-CoV,GTAATATGG
bovine-CoV,GTAGGTAGTGGT
bovine-CoV,GTGTTAATT
bovine-CoV,GTTTCTGTT
bovine-CoV,TAAATTGGG
bovine-CoV,TAATGGTAATC
bovine-CoV,TAATGGTATT
bovine-CoV,TAATGGTAT
bovine-CoV,TAATGGTAT
bovine-CoV,TACTTTTTT
bovine-CoV,TAGTTGGCA
bovine-CoV,TATTAATGG
bovine-CoV,TATTATAAT
bovine-CoV,TATTTAAAT
bovine-CoV,TATTTTTGCTAA
bovine-CoV,TGATTGTTT
bovine-CoV,TGCTGCTAA
bovine-CoV,TGGCATAGG
bovine-CoV,TGGGTAATAAA
bovine-CoV,TGGTTATTA
bovine-CoV,TGGTTTAAA
bovine-CoV,TGTTACTAA
bovine-CoV,TTAAAGATGGTGT
bovine-CoV,TTAATGAATG
bovine-CoV,TTACTAATGGT
bovine-CoV,TTACTATTGA
bovine-CoV,TTAGTGCAG
bovine-CoV,TTATGTAAA
bovine-CoV,TTATTATGT
bovine-CoV,TTGAGGCTT
bovine-CoV,TTGCTGGTG
bovine-CoV,TTGGGTAAT
bovine-CoV,TTGGTGCTAT
bovine-CoV,TTGTTTATG
bovine-CoV,TTGTTTTAA
bovine-CoV,TTTACTAAT
bovine-CoV,TTTACTATT
bovine-CoV,TTTGTATTT
bovine-CoV,TTTTACAGA
bovine-CoV,TTTTGTTGAGG
bovine-CoV,TTACTAATGGT
bovine-CoV,AAAATCAAA
bovine-CoV,AAGATGGTGT
bovine-CoV,AATGCTGAA
bovine-CoV,AATGCTGAT
bovine-CoV,AATGGTTTA
bovine-CoV,ACAGGTGTT
bovine-CoV,ACTATAGGTA
bovine-CoV,ACTGGTGTT
bovine-CoV,ACTTATTAT
bovine-CoV,ACTTGTAATA
bovine-CoV,AGATTTGGT
bovine-CoV,AGGTTAATG
bovine-CoV,AGTAAAGTT
bovine-CoV,AGTGGTTAC
bovine-CoV,AGTGGTTATT
bovine-CoV,ATAACTATAG
bovine-CoV,ATAGGAGATTT
bovine-CoV,ATGATGTTAAT
bovine-CoV,ATGATGTTG
bovine-CoV,ATGCTCTTG
bovine-CoV,ATGCTGTTG
bovine-CoV,CAGCAGCAG
bovine-CoV,CATGATGTT
bovine-CoV,CCTGCAGGT
bovine-CoV,CGATTGCAATA
bovine-CoV,CTAATGGTA
bovine-CoV,CTGATTTTA
bovine-CoV,CTGTTAATT
bovine-CoV,CTTTGACTT
bovine-CoV,CTTTTAATT
bovine-CoV,CTTTTAATT
bovine-CoV,CTTTTAATT
bovine-CoV,GACCTACAA
bovine-CoV,GACTTATTA
bovine-CoV,GCTCTTAAT
bovine-CoV,GGTAGTGGTTA
bovine-CoV,GGTAGTGGTT
bovine-CoV,GGTGTTGTT
bovine-CoV,GGTTACACT
bovine-CoV,GTAATATGG
bovine-CoV,GTAGGTAGTGGTT
bovine-CoV,GTTTCTGTT
bovine-CoV,TAATGCTGA
bovine-CoV,TAATGGTAATC
bovine-CoV,TAATGGTATT
bovine-CoV,TAATGGTAT
bovine-CoV,TAATGGTAT
bovine-CoV,TAGTTGGCA
bovine-CoV,TATTAATGG
bovine-CoV,TATTATAAT
bovine-CoV,TATTTAAAT
bovine-CoV,TATTTTTGCTAA
bovine-CoV,TGCTGCTAA
bovine-CoV,TGGCATAGG
bovine-CoV,TGGTTATTAC
bovine-CoV,TGGTTTAAA
bovine-CoV,TGGTTTGTAT
bovine-CoV,TGTTAATGC
bovine-CoV,TGTTAATTAT
bovine-CoV,TGTTACTAA
bovine-CoV,TTAAAGATGG
bovine-CoV,TTAATGAATG
bovine-CoV,TTAATGCTG
bovine-CoV,TTAATTATA
bovine-CoV,TTACTAATGGT
bovine-CoV,TTACTATTGA
bovine-CoV,TTAGTGCAG
bovine-CoV,TTATTATGT
bovine-CoV,TTCTGCTTT
bovine-CoV,TTGAGGCTT
bovine-CoV,TTGCTGGTG
bovine-CoV,TTGGGTAAT
bovine-CoV,TTGGTGCTAT
bovine-CoV,TTGTTAATG
bovine-CoV,TTGTTTGTG
bovine-CoV,TTGTTTTAA
bovine-CoV,TTTACTAAT
bovine-CoV,TTTACTATT
bovine-CoV,TTTGTATTT
bovine-CoV,TTTTACAGA
bovine-CoV,TTTTGTTGAGG
bovine-CoV,AAAATCAAA
bovine-CoV,AATAATACT
bovine-CoV,AATGCTGAA
bovine-CoV,AATGCTGAT
bovine-CoV,AATGGTTTA
bovine-CoV,ACTATAGGTA
bovine-CoV,ACTGGTGTT
bovine-CoV,ACTGGTGTT
bovine-CoV,ACTTATTAT
bovine-CoV,ACTTGTAATA
bovine-CoV,ACTTTAGCT
bovine-CoV,AGGTTAATG
bovine-CoV,AGTAAATGA
bovine-CoV,AGTCAAAAT
bovine-CoV,AGTGGTTATT
bovine-CoV,ATAACTATAG
bovine-CoV,ATAGGAGATTT
bovine-CoV,ATGATGTTG
bovine-CoV,ATGCTGCTAA
bovine-CoV,ATGCTGTTG
bovine-CoV,ATGGTATTA
bovine-CoV,ATGGTGTTA
bovine-CoV,ATGGTTTAAA
bovine-CoV,ATTTTATTT
bovine-CoV,ATTTTGATA
bovine-CoV,CACTGTTCAG
bovine-CoV,CAGCAGCAG
bovine-CoV,CCTGCAGGT
bovine-CoV,CGATTGTAATA
bovine-CoV,CTAATGGTA
bovine-CoV,CTATGGTTT
bovine-CoV,CTTTGACTT
bovine-CoV,CTTTTAATT
bovine-CoV,CTTTTAATT
bovine-CoV,CTTTTAATT
bovine-CoV,GACACTGGTGTT
bovine-CoV,GACTTATTA
bovine-CoV,GATTTTACTA
bovine-CoV,GCTCTTAAT
bovine-CoV,GGTAGTGGTTA
bovine-CoV,GGTAGTGGTT
bovine-CoV,GGTATTTTTG
bovine-CoV,GGTGTTGTT
bovine-CoV,GTAGGTAGTGGTT
bovine-CoV,GTTATAATG
bovine-CoV,GTTTCTGTT
bovine-CoV,TAATGGTAATC
bovine-CoV,TAATGGTATT
bovine-CoV,TAATGTATA
bovine-CoV,TACTATTGA
bovine-CoV,TACTTTTGT
bovine-CoV,TAGTTGGCA
bovine-CoV,TATTAATGGG
bovine-CoV,TATTATAAT
bovine-CoV,TATTTAAAT
bovine-CoV,TATTTTTGCTAA
bovine-CoV,TCCTTCTATT
bovine-CoV,TGGTTATTA
bovine-CoV,TGGTTTGTAT
bovine-CoV,TGTTAATTAT
bovine-CoV,TGTTACTAA
bovine-CoV,TTAATGAATG
bovine-CoV,TTAATTATA
bovine-CoV,TTACTAATGGT
bovine-CoV,TTAGTGCAG
bovine-CoV,TTGCTGGTG
bovine-CoV,TTGGTGCTAT
bovine-CoV,TTGTAATAG
bovine-CoV,TTGTTAATG
bovine-CoV,TTGTTCTACT
bovine-CoV,TTGTTTCCT
bovine-CoV,TTGTTTTAA
bovine-CoV,TTTACTAAT
bovine-CoV,TTTGTATGA
bovine-CoV,TTTGTATTTT
bovine-CoV,TTTTACAGA
bovine-CoV,TTTTACTAT
bovine-CoV,AAAATCAAA
bovine-CoV,AATGCTGAA
bovine-CoV,AATGCTGAT
bovine-CoV,AATGGTTTA
bovine-CoV,ACTATAGGTA
bovine-CoV,ACTGGTGTT
bovine-CoV,ACTGGTGTT
bovine-CoV,ACTTATTAT
bovine-CoV,ACTTGTAATA
bovine-CoV,AGATTTGGT
bovine-CoV,AGGTTAATG
bovine-CoV,AGTAAAGTT
bovine-CoV,AGTAAATGA
bovine-CoV,AGTGGTTATT
bovine-CoV,ATAACTATAG
bovine-CoV,ATAGGAGATTT
bovine-CoV,ATGATGTTG
bovine-CoV,ATGCTCTTG
bovine-CoV,ATGCTGTTG
bovine-CoV,ATGGCTTTT
bovine-CoV,ATGGTTTAAA
bovine-CoV,ATTTTGATAG
bovine-CoV,CAGCAGCAG
bovine-CoV,CATGATGTT
bovine-CoV,CCTGCAGGT
bovine-CoV,CTAATGGTA
bovine-CoV,CTATGGTTT
bovine-CoV,CTATTGATT
bovine-CoV,CTGACTTTA
bovine-CoV,CTGGTATAG
bovine-CoV,CTGTTAATT
bovine-CoV,CTTTTAATT
bovine-CoV,GACACTGGTGTT
bovine-CoV,GACCTACAA
bovine-CoV,GACTTATTA
bovine-CoV,GATTGCAATA
bovine-CoV,GCTCTTAAT
bovine-CoV,GGTACTTAT
bovine-CoV,GGTAGTGGTTA
bovine-CoV,GGTGTTGTT
bovine-CoV,GTAATATGG
bovine-CoV,GTTTCTGTT
bovine-CoV,TAACTATAGA
bovine-CoV,TAACTATAG
bovine-CoV,TAATAATATT
bovine-CoV,TAATGGTAATC
bovine-CoV,TAATGGTATT
bovine-CoV,TAATGGTAT
bovine-CoV,TAATGGTAT
bovine-CoV,TACTAATTTTGA
bovine-CoV,TATTAATGG
bovine-CoV,TATTATAAT
bovine-CoV,TATTTAAAT
bovine-CoV,TATTTTTGCTAA
bovine-CoV,TGCTCTCACA
bovine-CoV,TGCTGCTAA
bovine-CoV,TGGTATAGG
bovine-CoV,TGGTTTGTAT
bovine-CoV,TGTTAATTAT
bovine-CoV,TGTTACTAA
bovine-CoV,TTAATGAATG
bovine-CoV,TTACTAATGGT
bovine-CoV,TTACTACCCT
bovine-CoV,TTACTATTGA
bovine-CoV,TTAGTGCAG
bovine-CoV,TTATGAGTA
bovine-CoV,TTATTATGT
bovine-CoV,TTCTGCTTT
bovine-CoV,TTGAGGCTT
bovine-CoV,TTGCTGGTG
bovine-CoV,TTGGTGCTAT
bovine-CoV,TTGTTAATG
bovine-CoV,TTGTTTTAA
bovine-CoV,TTTACTAAT
bovine-CoV,TTTACTATT
bovine-CoV,TTTCTGTTT
bovine-CoV,TTTGTATTTC
bovine-CoV,TTTTACAGA
bovine-CoV,ACACTGGTGTT
bovine-CoV,ACTGGTGTT
bovine-CoV,ACTGGTGTT
bovine-CoV,GGTGTTGTT
bovine-CoV,TAATGTATA
bovine-CoV,TGTTACTAA
bovine-CoV,TTACTAATGGT
bovine-CoV,CCTGCAGGT
bovine-CoV,GCACTTGCC
bovine-CoV,TGCTGCTAA
bovine-CoV,TTAATAGTG
bovine-CoV,CCTGCAGGT
bovine-CoV,TGGCATAGG
bovine-CoV,AAAACCAAA
bovine-CoV,AAGATGGTGT
bovine-CoV,AATGCTGAT
bovine-CoV,AATGGTTTA
bovine-CoV,ACTATAGGTA
bovine-CoV,ACTGGTGTT
bovine-CoV,ACTGGTGTT
bovine-CoV,ACTTATTAT
bovine-CoV,ACTTGTAATA
bovine-CoV,AGGTTAATG
bovine-CoV,AGTAAAGTT
bovine-CoV,AGTAAATGA
bovine-CoV,ATAACTATAG
bovine-CoV,ATGATGTTG
bovine-CoV,ATGCTCTTG
bovine-CoV,ATGCTGTTG
bovine-CoV,CAGCAGCAG
bovine-CoV,CATGATGTT
bovine-CoV,CCTGCAGGT
bovine-CoV,CTAATGGTA
bovine-CoV,CTATTGATT
bovine-CoV,CTGATTTTA
bovine-CoV,CTGTTAATT
bovine-CoV,CTTTGACTT
bovine-CoV,CTTTTAATT
bovine-CoV,GACACTGGTGTT
bovine-CoV,GACCTACAA
bovine-CoV,GCTCTTAAT
bovine-CoV,GGTAATGGT
bovine-CoV,GGTAGTGGTTA
bovine-CoV,GGTGTTACC
bovine-CoV,GGTGTTGTT
bovine-CoV,GTAATATGG
bovine-CoV,GTTTCTGTT
bovine-CoV,TAACTATAGA
bovine-CoV,TAACTATAG
bovine-CoV,TAATATTGA
bovine-CoV,TAATGGTAATC
bovine-CoV,TAATGGTATT
bovine-CoV,TAATGGTAT
bovine-CoV,TAATGGTAT
bovine-CoV,TAGTTGGCA
bovine-CoV,TATTAATGG
bovine-CoV,TATTATAAT
bovine-CoV,TATTTAAAT
bovine-CoV,TATTTTTGCTAA
bovine-CoV,TGGCATAGG
bovine-CoV,TGGTTTAAA
bovine-CoV,TGTAATATT
bovine-CoV,TGTTAATTAT
bovine-CoV,TGTTACTAA
bovine-CoV,TGTTTATTTA
bovine-CoV,TTAAAGATGG
bovine-CoV,TTAATGAATG
bovine-CoV,TTACTAATGGT
bovine-CoV,TTACTATTGA
bovine-CoV,TTAGTGCAG
bovine-CoV,TTATGTAAA
bovine-CoV,TTATTATGT
bovine-CoV,TTCTGCTTT
bovine-CoV,TTGAGGCTT
bovine-CoV,TTGGGTAAT
bovine-CoV,TTGGTGCTAT
bovine-CoV,TTGTTTATG
bovine-CoV,TTGTTTTAA
bovine-CoV,TTTACTAAT
bovine-CoV,TTTACTATT
bovine-CoV,TTTTACAGA
bovine-CoV,TTTTGTTGAGG
bovine-CoV,AAAATCAAA
bovine-CoV,AACCTGTAGGTG
bovine-CoV,AATAATACT
bovine-CoV,AATAGTGGTA
bovine-CoV,AATGCTGAA
bovine-CoV,AATGCTGAT
bovine-CoV,AATGGTTTA
bovine-CoV,ACTATAGGTA
bovine-CoV,ACTGGTGTT
bovine-CoV,ACTTATTAT
bovine-CoV,AGATTTGGT
bovine-CoV,AGGTTAATG
bovine-CoV,AGTAAATGA
bovine-CoV,AGTGGTTATT
bovine-CoV,ATAACTATAG
bovine-CoV,ATAGGAGATTT
bovine-CoV,ATGATGTTG
bovine-CoV,ATGCTCTTGA
bovine-CoV,ATGCTGTTG
bovine-CoV,ATGGCTTTT
bovine-CoV,ATGGTTTAAA
bovine-CoV,ATTTTATTT
bovine-CoV,CAGCAGCAG
bovine-CoV,CATGATGTT
bovine-CoV,CGATTGTAATA
bovine-CoV,CTACCAATT
bovine-CoV,CTATGGTTT
bovine-CoV,CTTTTAATT
bovine-CoV,GACCTACAA
bovine-CoV,GACTTATTA
bovine-CoV,GATTTGTCA
bovine-CoV,GCTCTTAAT
bovine-CoV,GGTAATGGT
bovine-CoV,GGTAGTGGTTA
bovine-CoV,GGTATTTTTG
bovine-CoV,GGTGTTGTT
bovine-CoV,GTAATATGG
bovine-CoV,GTTTCTGTT
bovine-CoV,TAAATCAGA
bovine-CoV,TAACTATAGA
bovine-CoV,TAACTATAG
bovine-CoV,TAATGGTAATC
bovine-CoV,TAATGGTAT
bovine-CoV,TAGTTGGCA
bovine-CoV,TATTAATGGG
bovine-CoV,TATTAATGG
bovine-CoV,TATTATAAT
bovine-CoV,TATTTAAAT
bovine-CoV,TATTTTTGCTAA
bovine-CoV,TCAGTAAAT
bovine-CoV,TGATTTTAT
bovine-CoV,TGGTTTGTAT
bovine-CoV,TGTTACTAA
bovine-CoV,TTAACTATA
bovine-CoV,TTAATGAATG
bovine-CoV,TTACTACCCT
bovine-CoV,TTACTATTGA
bovine-CoV,TTACTTGTA
bovine-CoV,TTAGTGCAG
bovine-CoV,TTATTAATGG
bovine-CoV,TTATTATGT
bovine-CoV,TTCTGCTTT
bovine-CoV,TTGATGCTA
bovine-CoV,TTGCTGGTG
bovine-CoV,TTGTAATAA
bovine-CoV,TTGTTAATG
bovine-CoV,TTGTTTTAA
bovine-CoV,TTTACTATT
bovine-CoV,TTTCCAGCA
bovine-CoV,TTTTACAGA
bovine-CoV,AAAATCAAA
bovine-CoV,AAGGTTAAT
bovine-CoV,AATAATACT
bovine-CoV,AATGCTGAA
bovine-CoV,AATGCTGAT
bovine-CoV,AATGGTTTA
bovine-CoV,ACTATAGGTA
bovine-CoV,ACTGGTGTT
bovine-CoV,ACTGGTGTT
bovine-CoV,ACTTGTAATA
bovine-CoV,ACTTTAGCT
bovine-CoV,AGGTTAATG
bovine-CoV,AGTAAATGA
bovine-CoV,AGTTTAATG
bovine-CoV,ATAACTATAG
bovine-CoV,ATAGGAGATTT
bovine-CoV,ATGATGTTG
bovine-CoV,ATGCTGTTG
bovine-CoV,ATGGTATTA
bovine-CoV,ATGGTGTTA
bovine-CoV,ATGGTTTAAA
bovine-CoV,ATTTTATTT
bovine-CoV,ATTTTGATA
bovine-CoV,ATTTTTGCTAA
bovine-CoV,CACTGTTCAG
bovine-CoV,CAGCAGCAG
bovine-CoV,CCTGCAGGT
bovine-CoV,CGATTGTAATA
bovine-CoV,CTAATGGTA
bovine-CoV,CTATGGTTT
bovine-CoV,CTTTTAATT
bovine-CoV,CTTTTAATT
bovine-CoV,CTTTTAATT
bovine-CoV,GACACTGGTGTT
bovine-CoV,GACTTATTA
bovine-CoV,GATTTTACTA
bovine-CoV,GCTCTTAAT
bovine-CoV,GGTAGTGGTTACT
bovine-CoV,GGTAGTGGTT
bovine-CoV,GGTATTTTTG
bovine-CoV,GTAGGTAGTGGTT
bovine-CoV,GTTATAATG
bovine-CoV,GTTTAATGTA
bovine-CoV,GTTTCTGTT
bovine-CoV,TAATGGTAATC
bovine-CoV,TAATGGTATT
bovine-CoV,TAATGTATA
bovine-CoV,TACTTTTGT
bovine-CoV,TAGTTGGCA
bovine-CoV,TATTAATGGG
bovine-CoV,TATTATAAT
bovine-CoV,TATTTAAAT
bovine-CoV,TGCTGCTAA
bovine-CoV,TGGTTTGTAT
bovine-CoV,TGTTAATTAT
bovine-CoV,TGTTACTAA
bovine-CoV,TTAATGAATG
bovine-CoV,TTAATTATA
bovine-CoV,TTACTAATGGT
bovine-CoV,TTACTATTGA
bovine-CoV,TTAGTGCAG
bovine-CoV,TTGCTGGTG
bovine-CoV,TTGGTGCTAT
bovine-CoV,TTGTAATAG
bovine-CoV,TTGTTAATG
bovine-CoV,TTGTTCTACT
bovine-CoV,TTGTTTTAA
bovine-CoV,TTTACTAAT
bovine-CoV,TTTACTATT
bovine-CoV,TTTGTATGA
bovine-CoV,TTTGTATTT
bovine-CoV,TTTTACAGA
bovine-CoV,TTTTACTAT
bovine-CoV,TTTTGTTGAGG
bovine-CoV,AAAACCAAA
bovine-CoV,AAGATGGTGT
bovine-CoV,AATGCTGAA
bovine-CoV,AATGCTGAT
bovine-CoV,AATGGTTTA
bovine-CoV,ACTATAGGTA
bovine-CoV,ACTGGTGTT
bovine-CoV,ACTGGTGTT
bovine-CoV,ACTTATTAT
bovine-CoV,ACTTGTAATA
bovine-CoV,AGATTTGGT
bovine-CoV,AGGTTAATG
bovine-CoV,AGTAAAGTT
bovine-CoV,AGTAAATGA
bovine-CoV,AGTGGTTATT
bovine-CoV,ATAAATGTT
bovine-CoV,ATAACTATAG
bovine-CoV,ATAGGAGATTT
bovine-CoV,ATGATGTTG
bovine-CoV,ATGCTCTTG
bovine-CoV,ATGCTGTTG
bovine-CoV,CAATACCCAA
bovine-CoV,CAGCAGCAG
bovine-CoV,CATGATGTT
bovine-CoV,CCTGCAGGT
bovine-CoV,CGATTGCAATA
bovine-CoV,CTAATGGTA
bovine-CoV,CTGATTTTA
bovine-CoV,CTGGTATAG
bovine-CoV,CTGTTAATT
bovine-CoV,CTTTGACTT
bovine-CoV,CTTTTAATT
bovine-CoV,GACACTGGTGTT
bovine-CoV,GACCTACAA
bovine-CoV,GCTCTTAAT
bovine-CoV,GGTAGTGGTTA
bovine-CoV,GGTAGTGGTT
bovine-CoV,GGTGTTGTT
bovine-CoV,GGTTTGTAT
bovine-CoV,GTAATATGG
bovine-CoV,GTAGGTAGTGGTT
bovine-CoV,GTTTCTGTT
bovine-CoV,TAACTATAGA
bovine-CoV,TAACTATAG
bovine-CoV,TAATGGTAATC
bovine-CoV,TAATGGTATT
bovine-CoV,TAATGGTAT
bovine-CoV,TAATGGTAT
bovine-CoV,TAGGTACTT
bovine-CoV,TAGTTGGCA
bovine-CoV,TATTAATGG
bovine-CoV,TATTATAAT
bovine-CoV,TATTTAAAT
bovine-CoV,TATTTTTGCTAA
bovine-CoV,TGCTGCTAA
bovine-CoV,TGGTTATTAC
bovine-CoV,TGGTTTAAA
bovine-CoV,TGTTAATTAT
bovine-CoV,TGTTACTAA
bovine-CoV,TGTTTTAAA
bovine-CoV,TTAAAGATGG
bovine-CoV,TTAATGAATG
bovine-CoV,TTACTAATGGT
bovine-CoV,TTACTATTGA
bovine-CoV,TTAGTGCAG
bovine-CoV,TTATTATGT
bovine-CoV,TTCTGCTTT
bovine-CoV,TTGAGGCTT
bovine-CoV,TTGCTGGTG
bovine-CoV,TTGGGTAAT
bovine-CoV,TTGTTAATG
bovine-CoV,TTGTTTTAA
bovine-CoV,TTTACTAAT
bovine-CoV,TTTACTATT
bovine-CoV,TTTCTGTTT
bovine-CoV,TTTGTATTT
bovine-CoV,TTTTACAGA
bovine-CoV,TTTTGTTGAGG
bovine-CoV,AAAATCAAA
bovine-CoV,AAGATGGTGT
bovine-CoV,AATAATACT
bovine-CoV,AATGCTGAA
bovine-CoV,AATGCTGAT
bovine-CoV,AATGGTTTA
bovine-CoV,ACTATAGGTA
bovine-CoV,ACTGGTGTT
bovine-CoV,ACTGGTGTT
bovine-CoV,ACTTATTAT
bovine-CoV,ACTTGTAATA
bovine-CoV,AGGTTAATG
bovine-CoV,AGTAAATGA
bovine-CoV,AGTGGTTATT
bovine-CoV,ATAACTATAG
bovine-CoV,ATACTTGGA
bovine-CoV,ATAGGAGATTT
bovine-CoV,ATATGAGTA
bovine-CoV,ATGATGTTG
bovine-CoV,ATGCTCTTG
bovine-CoV,ATGCTGTTG
bovine-CoV,ATGGCTTTT
bovine-CoV,ATGGTTTAAA
bovine-CoV,ATTAATGGG
bovine-CoV,ATTTTATTT
bovine-CoV,ATTTTGATAG
bovine-CoV,CAGCAGCAG
bovine-CoV,CATGATGTT
bovine-CoV,CCTGCAGGT
bovine-CoV,CTAATGGTA
bovine-CoV,CTATGGTTT
bovine-CoV,CTGATTTTA
bovine-CoV,CTGGTATAG
bovine-CoV,CTGTTAATT
bovine-CoV,GACACTGGTGTT
bovine-CoV,GACCTACAA
bovine-CoV,GACTTATTA
bovine-CoV,GCTCTTAAT
bovine-CoV,GGTAGTGGTTA
bovine-CoV,GGTAGTGGTT
bovine-CoV,GGTATTTTTG
bovine-CoV,GGTGTTGTT
bovine-CoV,GTAATATGG
bovine-CoV,GTAGGTAGTGGTT
bovine-CoV,GTTTCTGTT
bovine-CoV,TAACTATAGA
bovine-CoV,TAACTATAG
bovine-CoV,TAATAGGTT
bovine-CoV,TAATATTGA
bovine-CoV,TAATGGTAATC
bovine-CoV,TACTAATTTTGA
bovine-CoV,TATTATAAT
bovine-CoV,TATTTAAAT
bovine-CoV,TATTTTTGCTAA
bovine-CoV,TGCTGCTAA
bovine-CoV,TGGTATAGG
bovine-CoV,TGGTTTGTAT
bovine-CoV,TGTAATATT
bovine-CoV,TGTTAATTAT
bovine-CoV,TGTTACTAA
bovine-CoV,TTAAAGATGG
bovine-CoV,TTAATGAATG
bovine-CoV,TTACTAATGGT
bovine-CoV,TTACTACCCT
bovine-CoV,TTACTATTGA
bovine-CoV,TTAGTGCAG
bovine-CoV,TTATTATGT
bovine-CoV,TTCTGCTTT
bovine-CoV,TTGAGGCTT
bovine-CoV,TTGCTGGTG
bovine-CoV,TTGGTGCTAT
bovine-CoV,TTGTTAATG
bovine-CoV,TTGTTTTAA
bovine-CoV,TTTACTAAT
bovine-CoV,TTTACTATT
bovine-CoV,TTTCTGTTT
bovine-CoV,TTTGTATTTC
bovine-CoV,TTTTACAGA
bovine-CoV,TTTTGTTGAGG
bovine-CoV,AAAATCAAA
bovine-CoV,AATAATACT
bovine-CoV,AATGCTGAA
bovine-CoV,AATGCTGAT
bovine-CoV,AATGGTTTA
bovine-CoV,ACTATAGGTA
bovine-CoV,ACTGGTGTT
bovine-CoV,ACTGGTGTT
bovine-CoV,ACTTATTAT
bovine-CoV,ACTTGTAATA
bovine-CoV,ACTTTAGCT
bovine-CoV,AGGTCTTGC
bovine-CoV,AGGTTAATG
bovine-CoV,AGTAAATGA
bovine-CoV,AGTCAAAAT
bovine-CoV,AGTGGTTATT
bovine-CoV,ATAACTATAG
bovine-CoV,ATAGGAGATTT
bovine-CoV,ATGATGTTG
bovine-CoV,ATGCTGTTG
bovine-CoV,ATGGTATTA
bovine-CoV,ATGGTGTTA
bovine-CoV,ATGGTTTAAA
bovine-CoV,ATTTTATTT
bovine-CoV,ATTTTGATA
bovine-CoV,CAGCAGCAG
bovine-CoV,CCTAATCTT
bovine-CoV,CCTGCAGGT
bovine-CoV,CGATTGTAATA
bovine-CoV,CTAATGGTA
bovine-CoV,CTATGGTTT
bovine-CoV,CTGATTTTA
bovine-CoV,CTTTGACTT
bovine-CoV,CTTTTAATT
bovine-CoV,CTTTTAATT
bovine-CoV,CTTTTAATT
bovine-CoV,GACACTGGTGTT
bovine-CoV,GACCTACAA
bovine-CoV,GACTTATTA
bovine-CoV,GATTTTACTA
bovine-CoV,GCTCTTAAT
bovine-CoV,GGTAGTGGTTA
bovine-CoV,GGTAGTGGTT
bovine-CoV,GGTATTTTTG
bovine-CoV,GGTGTTGTT
bovine-CoV,GTAGGTAGTGGTT
bovine-CoV,GTTATAATG
bovine-CoV,TAATGGTAATC
bovine-CoV,TAATGGTATT
bovine-CoV,TACTATTGA
bovine-CoV,TATTAATGGG
bovine-CoV,TATTATAAT
bovine-CoV,TATTTAAAT
bovine-CoV,TATTTTTGCTAA
bovine-CoV,TATTTTTGT
bovine-CoV,TGCTGCTAA
bovine-CoV,TGGCATTGG
bovine-CoV,TGGTAATCA
bovine-CoV,TGGTTATTA
bovine-CoV,TGGTTTGTAT
bovine-CoV,TGTGTATTTA
bovine-CoV,TGTTAATTAT
bovine-CoV,TGTTACTAA
bovine-CoV,TGTTTGTGT
bovine-CoV,TTAATGAATG
bovine-CoV,TTAATTATA
bovine-CoV,TTACTAATGGT
bovine-CoV,TTAGTGCAG
bovine-CoV,TTGCTGGTG
bovine-CoV,TTGGTGCTAT
bovine-CoV,TTGTAATAG
bovine-CoV,TTGTTAATG
bovine-CoV,TTGTTTCCT
bovine-CoV,TTGTTTTAA
bovine-CoV,TTTACTAAT
bovine-CoV,TTTGTATTT
bovine-CoV,TTTTACAGA
bovine-CoV,TTTTACTAT
bovine-CoV,AAAATCAAA
bovine-CoV,AATGCTGAA
bovine-CoV,AATGCTGAT
bovine-CoV,AATGGTTTA
bovine-CoV,ACTATAGGTA
bovine-CoV,ACTGGTGTT
bovine-CoV,ACTGGTGTT
bovine-CoV,ACTTATTAT
bovine-CoV,ACTTGTAATA
bovine-CoV,AGATTTGGT
bovine-CoV,AGGTTAATG
bovine-CoV,AGTAAAGTT
bovine-CoV,AGTAAATGA
bovine-CoV,AGTGGTTATT
bovine-CoV,ATAACTATAG
bovine-CoV,ATAGGAGATTT
bovine-CoV,ATGATGTTG
bovine-CoV,ATGCTCTTG
bovine-CoV,ATGCTGTTG
bovine-CoV,ATGGCTTTT
bovine-CoV,ATGGTTTAAA
bovine-CoV,ATTTTGATAG
bovine-CoV,CAGCAGCAG
bovine-CoV,CATGATGTT
bovine-CoV,CCTGCAGGT
bovine-CoV,CTAATGGTA
bovine-CoV,CTATGGTTT
bovine-CoV,CTATTGATT
bovine-CoV,CTGACTTTA
bovine-CoV,CTGGTATAG
bovine-CoV,CTGTTAATT
bovine-CoV,CTTTTAATT
bovine-CoV,GACACTGGTGTT
bovine-CoV,GACCTACAA
bovine-CoV,GACTTATTA
bovine-CoV,GATTGCAATA
bovine-CoV,GCTCTTAAT
bovine-CoV,GGTACTTAT
bovine-CoV,GGTAGTGGTTA
bovine-CoV,GGTAGTGGTT
bovine-CoV,GGTGTTGTT
bovine-CoV,GTAATATGG
bovine-CoV,GTAGGTAGTGGTT
bovine-CoV,GTTTCTGTT
bovine-CoV,TAACTATAGA
bovine-CoV,TAACTATAG
bovine-CoV,TAATAATATT
bovine-CoV,TAATGGTAATC
bovine-CoV,TAATGGTATT
bovine-CoV,TAATGGTAT
bovine-CoV,TAATGGTAT
bovine-CoV,TACTAATTTTGA
bovine-CoV,TATTAATGG
bovine-CoV,TATTATAAT
bovine-CoV,TATTTAAAT
bovine-CoV,TATTTTTGCTAA
bovine-CoV,TGCTGCTAA
bovine-CoV,TGGTATAGG
bovine-CoV,TGTTAATTAT
bovine-CoV,TGTTACTAA
bovine-CoV,TTAATGAATG
bovine-CoV,TTACTAATGGT
bovine-CoV,TTACTACCCT
bovine-CoV,TTACTATTGA
bovine-CoV,TTAGTGCAG
bovine-CoV,TTATGAGTA
bovine-CoV,TTATTATGT
bovine-CoV,TTCTGCTTT
bovine-CoV,TTGAGGCTT
bovine-CoV,TTGCTGGTG
bovine-CoV,TTGGTGCTAT
bovine-CoV,TTGTTAATG
bovine-CoV,TTGTTTTAA
bovine-CoV,TTTACTAAT
bovine-CoV,TTTACTATT
bovine-CoV,TTTCTGTTT
bovine-CoV,TTTTACAGA
bovine-CoV,AAAATCAAA
bovine-CoV,AAGATGGTGT
bovine-CoV,AATGCTGAA
bovine-CoV,AATGCTGAT
bovine-CoV,AATGGTTTA
bovine-CoV,ACTATAGGTA
bovine-CoV,ACTGGTGTT
bovine-CoV,ACTGGTGTT
bovine-CoV,ACTTATTAT
bovine-CoV,ACTTGTAATA
bovine-CoV,AGATTTGGT
bovine-CoV,AGGTTAATG
bovine-CoV,AGTAAAGTT
bovine-CoV,AGTAAATGA
bovine-CoV,AGTGGTTAC
bovine-CoV,AGTGGTTATT
bovine-CoV,ATAACTATAG
bovine-CoV,ATAGGAGATTT
bovine-CoV,ATGATGTTG
bovine-CoV,ATGCTGTTG
bovine-CoV,ATGGTATTT
bovine-CoV,ATTTTGGGT
bovine-CoV,CAGCAGCAG
bovine-CoV,CATGATGTT
bovine-CoV,CGATTGCAATA
bovine-CoV,CTAATGGTA
bovine-CoV,CTGTTAATT
bovine-CoV,CTTTTAATT
bovine-CoV,CTTTTAATT
bovine-CoV,CTTTTAATT
bovine-CoV,GACACTGGTGTT
bovine-CoV,GACCTACAA
bovine-CoV,GACTTATTA
bovine-CoV,GCTCTTAAT
bovine-CoV,GGTAGTGGTTA
bovine-CoV,GGTAGTGGTT
bovine-CoV,GGTGTTGTT
bovine-CoV,GGTTACACT
bovine-CoV,GGTTTGTAT
bovine-CoV,GTAATATGG
bovine-CoV,GTAGGTAGTGGTT
bovine-CoV,GTTTCTGTT
bovine-CoV,TAATGGTAATC
bovine-CoV,TAATGGTATT
bovine-CoV,TAATGGTAT
bovine-CoV,TAATGGTAT
bovine-CoV,TAGTTGGCA
bovine-CoV,TATAGTGTG
bovine-CoV,TATTAATGG
bovine-CoV,TATTATAAT
bovine-CoV,TATTTAAAT
bovine-CoV,TATTTTTGCTAA
bovine-CoV,TGCTGCTAA
bovine-CoV,TGGCATAGG
bovine-CoV,TGGTTATTAC
bovine-CoV,TGGTTTAAA
bovine-CoV,TGTTAATTAT
bovine-CoV,TGTTACTAA
bovine-CoV,TGTTTCCTG
bovine-CoV,TTAAAGATGG
bovine-CoV,TTAATGAATG
bovine-CoV,TTAATTATA
bovine-CoV,TTACTAATGGT
bovine-CoV,TTACTATTGA
bovine-CoV,TTAGTGCAG
bovine-CoV,TTATGTAAA
bovine-CoV,TTATTATGT
bovine-CoV,TTCTGCTTT
bovine-CoV,TTGAGGCTT
bovine-CoV,TTGCTGGTG
bovine-CoV,TTGGGTAAT
bovine-CoV,TTGGTGCTAT
bovine-CoV,TTGTTTATG
bovine-CoV,TTGTTTTAA
bovine-CoV,TTTACTAAT
bovine-CoV,TTTACTATT
bovine-CoV,TTTGTATTTT
bovine-CoV,TTTTACAGA
bovine-CoV,TTTTGGGTT
bovine-CoV,TTTTGTTGAGG
bovine-CoV,CATGATGTT
bovine-CoV,CCTGCAGGT
bovine-CoV,TAGTTGGCA
bovine-CoV,TATTATAAT
bovine-CoV,TGGCATAGG
bovine-CoV,CCTGCAGGT
bovine-CoV,TGGCATAGG
bovine-CoV,AAAATCAAA
bovine-CoV,AAGATGGTGT
bovine-CoV,AATGCTGAA
bovine-CoV,AATGCTGAT
bovine-CoV,AATGGTTTA
bovine-CoV,ACTATAGGTA
bovine-CoV,ACTGGTGTT
bovine-CoV,ACTGGTGTT
bovine-CoV,ACTTATTAT
bovine-CoV,ACTTGTAATA
bovine-CoV,AGATTTGGT
bovine-CoV,AGGTTAATG
bovine-CoV,AGTAAAGTT
bovine-CoV,AGTAAATGA
bovine-CoV,AGTGGTTATT
bovine-CoV,ATAACTATAG
bovine-CoV,ATAGGAGATTT
bovine-CoV,ATGATGTTG
bovine-CoV,ATGCTCTTG
bovine-CoV,ATGCTGTTG
bovine-CoV,CAGCAGCAG
bovine-CoV,CATGATGTT
bovine-CoV,CCTGCAGGT
bovine-CoV,CGATTGCAATA
bovine-CoV,CTAATGGTA
bovine-CoV,CTGATTTTA
bovine-CoV,CTGTTAATT
bovine-CoV,CTTTTAATT
bovine-CoV,GACACTGGTGTT
bovine-CoV,GACCTACAA
bovine-CoV,GACTTATTA
bovine-CoV,GCTCTTAAT
bovine-CoV,GGTAATGGT
bovine-CoV,GGTAATGGT
bovine-CoV,GGTGTTGTT
bovine-CoV,GTAATATGG
bovine-CoV,GTAGGTAATGGT
bovine-CoV,GTTTCTGTT
bovine-CoV,TAACTATAGA
bovine-CoV,TAACTATAG
bovine-CoV,TAATGGTAATC
bovine-CoV,TAATGGTATT
bovine-CoV,TAATGGTAT
bovine-CoV,TAATGGTAT
bovine-CoV,TAATGGTTA
bovine-CoV,TAGTTGGCA
bovine-CoV,TATTAATGG
bovine-CoV,TATTATAAT
bovine-CoV,TATTTAAAT
bovine-CoV,TATTTTTGCTAA
bovine-CoV,TGCTGCTAA
bovine-CoV,TGGCATAGG
bovine-CoV,TGGTTATTAC
bovine-CoV,TGGTTTAAA
bovine-CoV,TGGTTTGTAT
bovine-CoV,TGTTAATTAT
bovine-CoV,TGTTACTAA
bovine-CoV,TTAAAGATGG
bovine-CoV,TTAATGAATG
bovine-CoV,TTACTAATGGT
bovine-CoV,TTAGTGCAG
bovine-CoV,TTATTATGT
bovine-CoV,TTCTGCTTT
bovine-CoV,TTGAGGCTT
bovine-CoV,TTGCTGGTG
bovine-CoV,TTGGGTAAT
bovine-CoV,TTGGTGCTAT
bovine-CoV,TTGTTAATG
bovine-CoV,TTGTTTTAA
bovine-CoV,TTTACTAAT
bovine-CoV,TTTGTATTT
bovine-CoV,TTTTACAGA
bovine-CoV,AAAATCAAA
bovine-CoV,AATAATACT
bovine-CoV,AATGCTGAA
bovine-CoV,AATGCTGAT
bovine-CoV,AATGGTTTA
bovine-CoV,ACTATAGGTA
bovine-CoV,ACTGGTGTT
bovine-CoV,ACTGGTGTT
bovine-CoV,ACTTATTAT
bovine-CoV,ACTTGTAATA
bovine-CoV,AGGTTAATG
bovine-CoV,AGTAAATGA
bovine-CoV,AGTCAAAAT
bovine-CoV,AGTGGTTATT
bovine-CoV,ATAACTATAG
bovine-CoV,ATGATGTTG
bovine-CoV,ATGCTGTTG
bovine-CoV,ATGGTGTTA
bovine-CoV,ATGGTTTAAA
bovine-CoV,ATTTTATTT
bovine-CoV,ATTTTGATA
bovine-CoV,CACTGTTCAG
bovine-CoV,CAGCAGCAG
bovine-CoV,CCTGCAGGT
bovine-CoV,CGATTGTAATA
bovine-CoV,CTAATGGTA
bovine-CoV,CTATGGTTT
bovine-CoV,CTTTTAATT
bovine-CoV,CTTTTAATT
bovine-CoV,CTTTTAATT
bovine-CoV,GACACTGGTGTT
bovine-CoV,GACTTATTA
bovine-CoV,GATTTTACTA
bovine-CoV,GCTCTTAAT
bovine-CoV,GGTAGTGGTT
bovine-CoV,GGTATTTTTG
bovine-CoV,GGTGTTGTT
bovine-CoV,GTTATAATG
bovine-CoV,GTTTCTGTT
bovine-CoV,TAATGGTAATC
bovine-CoV,TAATGGTAT
bovine-CoV,TAATGTATA
bovine-CoV,TACAGGATG
bovine-CoV,TACTTTTGT
bovine-CoV,TAGGCACTT
bovine-CoV,TATTAATGGG
bovine-CoV,TATTATAAT
bovine-CoV,TATTTAAAT
bovine-CoV,TATTTTTGCTAA
bovine-CoV,TGCTGCTAA
bovine-CoV,TGGTATAGG
bovine-CoV,TGGTTATTA
bovine-CoV,TGGTTTGTAT
bovine-CoV,TGTTAATTAT
bovine-CoV,TGTTACTAA
bovine-CoV,TTAATGAATG
bovine-CoV,TTAATTATA
bovine-CoV,TTACTAATGGT
bovine-CoV,TTACTATTGA
bovine-CoV,TTAGTGCAG
bovine-CoV,TTATGATGT
bovine-CoV,TTGCTGGTG
bovine-CoV,TTGTAATAG
bovine-CoV,TTGTTAATG
bovine-CoV,TTGTTCTACT
bovine-CoV,TTGTTTCCT
bovine-CoV,TTGTTTTAA
bovine-CoV,TTTAATAAT
bovine-CoV,TTTACTAAT
bovine-CoV,TTTACTATT
bovine-CoV,TTTAGGCAC
bovine-CoV,TTTGTATTT
bovine-CoV,TTTTACAGA
bovine-CoV,TTTTACTAT
bovine-CoV,AATAGTGGTA
bovine-CoV,CATGATGTT
bovine-CoV,CCTGCAGGT
bovine-CoV,GTAGGTAGTGGTT
bovine-CoV,TAGTTGGCA
bovine-CoV,TATTATAAT
bovine-CoV,AAAATCAAA
bovine-CoV,AATAATACT
bovine-CoV,AATGCTGAA
bovine-CoV,AATGCTGAT
bovine-CoV,AATGGTTTA
bovine-CoV,ACTATAGGTA
bovine-CoV,ACTGGTGTT
bovine-CoV,ACTGGTGTT
bovine-CoV,ACTTATTAT
bovine-CoV,AGGTTAATG
bovine-CoV,AGTAAATGA
bovine-CoV,AGTGGTTATT
bovine-CoV,ATAACTATAG
bovine-CoV,ATAGGAGATTT
bovine-CoV,ATGATGTTG
bovine-CoV,ATGCTCTTG
bovine-CoV,ATGCTGTTG
bovine-CoV,ATGGTTTAAA
bovine-CoV,ATTTTATTT
bovine-CoV,CAGCAGCAG
bovine-CoV,CATGATGTT
bovine-CoV,CCTGCAGGT
bovine-CoV,CTAATGGTA
bovine-CoV,CTACCAATT
bovine-CoV,CTATGGTTT
bovine-CoV,CTGATTTTA
bovine-CoV,CTTTTAATT
bovine-CoV,CTTTTAATT
bovine-CoV,CTTTTAATT
bovine-CoV,GACACTGGTGTT
bovine-CoV,GACCTACAA
bovine-CoV,GACTTATTA
bovine-CoV,GCTCTTAAT
bovine-CoV,GGTAATGGT
bovine-CoV,GGTACTTAT
bovine-CoV,GGTAGTGGTTA
bovine-CoV,GGTATTTTTG
bovine-CoV,GGTGTTGTT
bovine-CoV,GTAATATGG
bovine-CoV,GTTTCTGTT
bovine-CoV,TAATATTGA
bovine-CoV,TAATGGTAATC
bovine-CoV,TAATGGTAT
bovine-CoV,TAGTTGGCA
bovine-CoV,TATTAATGGG
bovine-CoV,TATTATAAT
bovine-CoV,TATTTAAAT
bovine-CoV,TATTTTTGCTAA
bovine-CoV,TGCTGCTAA
bovine-CoV,TGGCATAGG
bovine-CoV,TGGTTTGTAT
bovine-CoV,TGTAATATT
bovine-CoV,TGTTACTAA
bovine-CoV,TTAATGAATG
bovine-CoV,TTACTAATGGT
bovine-CoV,TTACTACCCT
bovine-CoV,TTACTATTGA
bovine-CoV,TTACTTGTA
bovine-CoV,TTAGTGCAG
bovine-CoV,TTATGAGTA
bovine-CoV,TTATTATGT
bovine-CoV,TTCTGCTTT
bovine-CoV,TTGAGGCTT
bovine-CoV,TTGCTGGTG
bovine-CoV,TTGGTGCTAT
bovine-CoV,TTGTTAATG
bovine-CoV,TTGTTTTAA
bovine-CoV,TTTACTAAT
bovine-CoV,TTTACTATT
bovine-CoV,TTTTACAGA
bovine-CoV,AAAACCAAA
bovine-CoV,AAGATGGTGT
bovine-CoV,AATGCTGAA
bovine-CoV,AATGCTGAT
bovine-CoV,AATGGTTTA
bovine-CoV,ACTATAGGTA
bovine-CoV,ACTGGTGTT
bovine-CoV,ACTGGTGTT
bovine-CoV,ACTTATTAT
bovine-CoV,ACTTGTAATA
bovine-CoV,AGATTTGGT
bovine-CoV,AGGTTAATG
bovine-CoV,AGTAAAGTT
bovine-CoV,AGTAAATGA
bovine-CoV,AGTGGTTATT
bovine-CoV,ATAACTATAG
bovine-CoV,ATAGGAGATTT
bovine-CoV,ATGATGTTG
bovine-CoV,ATGCTCTTG
bovine-CoV,ATGCTGTTG
bovine-CoV,CAGCAGCAG
bovine-CoV,CATGATGTT
bovine-CoV,CCTGCAGGT
bovine-CoV,CTAATGGTA
bovine-CoV,CTGATTTTA
bovine-CoV,CTGGTATAG
bovine-CoV,CTTTGACTT
bovine-CoV,CTTTTAATT
bovine-CoV,GACACTGGTGTT
bovine-CoV,GACCTACAA
bovine-CoV,GCTCTTAAT
bovine-CoV,GGTAGTGGTTA
bovine-CoV,GGTAGTGGTT
bovine-CoV,GGTGTTGTT
bovine-CoV,GGTTTGTAT
bovine-CoV,GTAATATGG
bovine-CoV,GTAGGTAGTGGTT
bovine-CoV,GTTTCTGTT
bovine-CoV,TAACTATAGA
bovine-CoV,TAACTATAG
bovine-CoV,TAATGGTAATC
bovine-CoV,TAATGGTATT
bovine-CoV,TAATGGTAT
bovine-CoV,TAATGGTAT
bovine-CoV,TAGGTACTT
bovine-CoV,TAGTTGGCA
bovine-CoV,TATTAATGG
bovine-CoV,TATTATAAT
bovine-CoV,TATTTAAAT
bovine-CoV,TATTTTTGCTAA
bovine-CoV,TGCTGCTAA
bovine-CoV,TGGTTATTAC
bovine-CoV,TGGTTTAAA
bovine-CoV,TGTAATATT
bovine-CoV,TGTTAATTA
bovine-CoV,TGTTACTAA
bovine-CoV,TGTTTATTTA
bovine-CoV,TTAAAGATGG
bovine-CoV,TTAATGAATG
bovine-CoV,TTACTAATGGT
bovine-CoV,TTACTATTGA
bovine-CoV,TTAGTGCAG
bovine-CoV,TTATTATGT
bovine-CoV,TTCTGCTTT
bovine-CoV,TTGAGGCTT
bovine-CoV,TTGCTGGTG
bovine-CoV,TTGGGTAAT
bovine-CoV,TTGGTGCTAT
bovine-CoV,TTGTTAATG
bovine-CoV,TTTACTAAT
bovine-CoV,TTTACTATT
bovine-CoV,TTTCTGTTA
bovine-CoV,TTTGTATTT
bovine-CoV,TTTTACAGA
bovine-CoV,TTTTGTTGAGG
bovine-CoV,AAAATCAAA
bovine-CoV,AATAATACT
bovine-CoV,AATAGTGGTA
bovine-CoV,AATGCTGAA
bovine-CoV,AATGCTGAT
bovine-CoV,AATGGTTTA
bovine-CoV,ACTATAGGTA
bovine-CoV,ACTGGTGTT
bovine-CoV,ACTGGTGTT
bovine-CoV,ACTTATTAT
bovine-CoV,ACTTGTAATA
bovine-CoV,AGGTTAATG
bovine-CoV,AGTAAATGA
bovine-CoV,AGTGGTTATT
bovine-CoV,ATAACTATAG
bovine-CoV,ATAGGAGATTT
bovine-CoV,ATGATGTTG
bovine-CoV,ATGCTGTTG
bovine-CoV,ATGGTGTTA
bovine-CoV,ATGGTTTAAA
bovine-CoV,ATTTTATTT
bovine-CoV,CACTGTTCAG
bovine-CoV,CAGCAGCAG
bovine-CoV,CCTGCAGGT
bovine-CoV,CGATTGTAA
bovine-CoV,CTAATGGTA
bovine-CoV,CTACCAATT
bovine-CoV,CTATGGTTT
bovine-CoV,CTGATTTTA
bovine-CoV,CTTTTAATT
bovine-CoV,GACACTGGTGTT
bovine-CoV,GACCTACAA
bovine-CoV,GACTTATTA
bovine-CoV,GATTTTACTA
bovine-CoV,GCTCTTAAT
bovine-CoV,GGTAGTGGTTA
bovine-CoV,GGTAGTGGTT
bovine-CoV,GGTATTTTTG
bovine-CoV,GGTGTTGTT
bovine-CoV,GTAGGTAGTGGTT
bovine-CoV,GTTATAATG
bovine-CoV,GTTTCTGTT
bovine-CoV,TAACTATAGA
bovine-CoV,TAACTATAG
bovine-CoV,TAATGGTAATC
bovine-CoV,TAATGGTAT
bovine-CoV,TAATGTATA
bovine-CoV,TACTTTTGT
bovine-CoV,TAGTTGGCA
bovine-CoV,TATTAATGGG
bovine-CoV,TATTATAAT
bovine-CoV,TATTTAAAT
bovine-CoV,TATTTTTGCTAA
bovine-CoV,TGCTGCTAA
bovine-CoV,TGGTTATTAC
bovine-CoV,TGGTTTGTAT
bovine-CoV,TGTTAATTAT
bovine-CoV,TGTTACTAA
bovine-CoV,TTAATGAATG
bovine-CoV,TTACTAATGGT
bovine-CoV,TTACTATTGA
bovine-CoV,TTAGTGCAG
bovine-CoV,TTGCTGGTG
bovine-CoV,TTGGTGCTAT
bovine-CoV,TTGTTAATG
bovine-CoV,TTGTTCTACT
bovine-CoV,TTGTTTCCT
bovine-CoV,TTTACTAAT
bovine-CoV,TTTACTATT
bovine-CoV,TTTGTATTT
bovine-CoV,TTTTACAGA
bovine-CoV,TTTTACTAT
bovine-CoV,AAAATCAAA
bovine-CoV,AAGATGGTGT
bovine-CoV,AATGCTGAT
bovine-CoV,AATGGTTTA
bovine-CoV,ACTAAGTTT
bovine-CoV,ACTATAGGTA
bovine-CoV,ACTGGTGTT
bovine-CoV,ACTGGTGTT
bovine-CoV,ACTTATTAT
bovine-CoV,ACTTGTAATA
bovine-CoV,AGATTTGGT
bovine-CoV,AGGTTAATG
bovine-CoV,AGTAAAGTT
bovine-CoV,AGTAAATGA
bovine-CoV,AGTGGTTAC
bovine-CoV,AGTGGTTATT
bovine-CoV,ATAACTATAG
bovine-CoV,ATAGGAGATTT
bovine-CoV,ATGATGTTG
bovine-CoV,ATGCTGTTG
bovine-CoV,ATTTTGGGT
bovine-CoV,CAGCAGCAG
bovine-CoV,CGATTGCAATA
bovine-CoV,CTAATGGTA
bovine-CoV,CTGTTAATT
bovine-CoV,CTTTTAATT
bovine-CoV,CTTTTAATT
bovine-CoV,CTTTTAATT
bovine-CoV,GACACTGGTGTT
bovine-CoV,GACCTACAA
bovine-CoV,GACTTATTA
bovine-CoV,GCTCTTAAT
bovine-CoV,GGTAGTGGTTA
bovine-CoV,GGTAGTGGT
bovine-CoV,GGTGTTGTT
bovine-CoV,GGTTACACT
bovine-CoV,GGTTTGTAT
bovine-CoV,GTAATATGG
bovine-CoV,GTAGGTAGTGGT
bovine-CoV,GTTTCTGTT
bovine-CoV,TAATGGTAATC
bovine-CoV,TAATGGTATT
bovine-CoV,TAATGGTAT
bovine-CoV,TAATGGTAT
bovine-CoV,TAGTTGGCA
bovine-CoV,TATGGCATTG
bovine-CoV,TATTAATGG
bovine-CoV,TATTATAAT
bovine-CoV,TATTTAAAT
bovine-CoV,TATTTTTGCTAA
bovine-CoV,TCATGATGTT
bovine-CoV,TGCTGCTAA
bovine-CoV,TGGCATAGG
bovine-CoV,TGGTTATTAC
bovine-CoV,TGGTTTAAA
bovine-CoV,TGTTAATTAT
bovine-CoV,TGTTACTAA
bovine-CoV,TTAAAGATGG
bovine-CoV,TTAATGAATG
bovine-CoV,TTAATTATA
bovine-CoV,TTACTAATGGT
bovine-CoV,TTACTATTGA
bovine-CoV,TTAGTGCAG
bovine-CoV,TTATGTAAA
bovine-CoV,TTATTATGT
bovine-CoV,TTCTGCTTT
bovine-CoV,TTGAGGCTT
bovine-CoV,TTGCTGGTG
bovine-CoV,TTGGGTAAT
bovine-CoV,TTGGTGCTAT
bovine-CoV,TTGTTTATG
bovine-CoV,TTGTTTTAA
bovine-CoV,TTTACTAAT
bovine-CoV,TTTACTATT
bovine-CoV,TTTGTATTTT
bovine-CoV,TTTTACAGA
bovine-CoV,TTTTGGGTT
bovine-CoV,TTTTGTTGAGG
bovine-CoV,AAAATCAAA
bovine-CoV,AAGATGGTGT
bovine-CoV,AATGCTGAA
bovine-CoV,AATGCTGAT
bovine-CoV,AATGGTTTA
bovine-CoV,ACTATAGGTA
bovine-CoV,ACTGGTGTT
bovine-CoV,ACTGGTGTT
bovine-CoV,ACTTATTAT
bovine-CoV,ACTTGTAATA
bovine-CoV,AGATTTGGT
bovine-CoV,AGGTTAATG
bovine-CoV,AGTAAAGTT
bovine-CoV,AGTAAATGA
bovine-CoV,AGTGGTTAC
bovine-CoV,AGTGGTTATT
bovine-CoV,ATAACTATAG
bovine-CoV,ATAGGAGATTT
bovine-CoV,ATGATGTTG
bovine-CoV,ATGCTGTTG
bovine-CoV,CAGCAGCAG
bovine-CoV,CATGATGTT
bovine-CoV,CGATTGCAATA
bovine-CoV,CTAATGGTA
bovine-CoV,CTGTTAATT
bovine-CoV,CTTTGACTT
bovine-CoV,CTTTTAATT
bovine-CoV,CTTTTAATT
bovine-CoV,CTTTTAATT
bovine-CoV,GACACTGGTGTT
bovine-CoV,GACCTACAA
bovine-CoV,GACTTATTA
bovine-CoV,GCTCTTAAT
bovine-CoV,GGTAGTGGTTA
bovine-CoV,GGTAGTGGT
bovine-CoV,GGTGTTGTT
bovine-CoV,GGTTACACT
bovine-CoV,GGTTTGTAT
bovine-CoV,GTAATATGG
bovine-CoV,GTAGGTAGTGGT
bovine-CoV,GTTTCTGTT
bovine-CoV,TAATGGTAATC
bovine-CoV,TAATGGTATT
bovine-CoV,TAATGGTAT
bovine-CoV,TAATGGTAT
bovine-CoV,TAGTTGGCA
bovine-CoV,TATTAATGG
bovine-CoV,TATTATAAT
bovine-CoV,TATTTAAAT
bovine-CoV,TATTTTTGCTAA
bovine-CoV,TGCTGCTAA
bovine-CoV,TGGCATAGG
bovine-CoV,TGGTTATTAC
bovine-CoV,TGGTTTAAA
bovine-CoV,TGTTAATTAT
bovine-CoV,TGTTACTAA
bovine-CoV,TTAAAGATGG
bovine-CoV,TTAATGAATG
bovine-CoV,TTAATTATA
bovine-CoV,TTACTAATGGT
bovine-CoV,TTACTATTGA
bovine-CoV,TTAGTGCAG
bovine-CoV,TTATGTAAA
bovine-CoV,TTATTATGT
bovine-CoV,TTCTGCTTT
bovine-CoV,TTGAGGCTT
bovine-CoV,TTGCTGGTG
bovine-CoV,TTGGGTAAT
bovine-CoV,TTGGTGCTAT
bovine-CoV,TTGTTTATG
bovine-CoV,TTGTTTTAA
bovine-CoV,TTTACTATT
bovine-CoV,TTTGTATTT
bovine-CoV,TTTTACAGA
bovine-CoV,TTTTGTTGAGG
bovine-CoV,AAAATCAAA
bovine-CoV,AATAATACT
bovine-CoV,AATGCTGAA
bovine-CoV,AATGCTGAT
bovine-CoV,AATGGTTTA
bovine-CoV,ACTATAGGTA
bovine-CoV,ACTGGTGTT
bovine-CoV,ACTGGTGTT
bovine-CoV,ACTTATTAT
bovine-CoV,ACTTGTAATA
bovine-CoV,AGGTTAATG
bovine-CoV,AGTAAATGA
bovine-CoV,AGTGGTTATT
bovine-CoV,ATAACTATAG
bovine-CoV,ATAGGAGATTT
bovine-CoV,ATGATGTTG
bovine-CoV,ATGCTCTTG
bovine-CoV,ATGCTGTTG
bovine-CoV,ATGGTTTAAA
bovine-CoV,ATTAATGGG
bovine-CoV,ATTTTATTT
bovine-CoV,ATTTTGATAG
bovine-CoV,CAGCAGCAG
bovine-CoV,CATGATGTT
bovine-CoV,CCTGCAGGT
bovine-CoV,CTAATGGTA
bovine-CoV,CTATGGTTT
bovine-CoV,CTGATTTTA
bovine-CoV,CTGGTATAG
bovine-CoV,CTGTTAATT
bovine-CoV,GACACTGGTGTT
bovine-CoV,GACCTACAA
bovine-CoV,GACTTATTA
bovine-CoV,GCTCTTAAT
bovine-CoV,GGTAGTGGTTA
bovine-CoV,GGTAGTGGTT
bovine-CoV,GGTATTTTTG
bovine-CoV,GGTGTTGTT
bovine-CoV,GTAATATGG
bovine-CoV,GTAGGTAGTGGTT
bovine-CoV,GTTTCTGTT
bovine-CoV,TAACTATAGA
bovine-CoV,TAACTATAG
bovine-CoV,TAATGGTAATC
bovine-CoV,TACTAATTTTGA
bovine-CoV,TATTATAAT
bovine-CoV,TATTTAAAT
bovine-CoV,TATTTTTGCTAA
bovine-CoV,TGCTGCTAA
bovine-CoV,TGGTATAGG
bovine-CoV,TGGTTTGTAT
bovine-CoV,TGTTAATTAT
bovine-CoV,TGTTACTAA
bovine-CoV,TTAATGAATG
bovine-CoV,TTACTAATGGT
bovine-CoV,TTACTACCCT
bovine-CoV,TTACTATTGA
bovine-CoV,TTAGTGCAG
bovine-CoV,TTATTATGT
bovine-CoV,TTCTGCTTT
bovine-CoV,TTGAGGCTT
bovine-CoV,TTGCTGGTG
bovine-CoV,TTGGTGCTAT
bovine-CoV,TTGTTAATG
bovine-CoV,TTGTTTTAA
bovine-CoV,TTTACTAAT
bovine-CoV,TTTACTATT
bovine-CoV,TTTCTGTTT
bovine-CoV,TTTGTATTTC
bovine-CoV,TTTTACAGA
bovine-CoV,TTTTGTTGAGG
bovine-CoV,CCTGCAGGT
bovine-CoV,TGGCATAGG
bovine-CoV,AAAATCAAA
bovine-CoV,AAGATGGTGTTA
bovine-CoV,AAGATGGTGT
bovine-CoV,AATAATACT
bovine-CoV,AATGCTGAA
bovine-CoV,AATGGTTTA
bovine-CoV,ACTATAGGTA
bovine-CoV,ACTGGTGTT
bovine-CoV,ACTGGTGTT
bovine-CoV,ACTTATTAT
bovine-CoV,ACTTGTAATA
bovine-CoV,AGATTTGGT
bovine-CoV,AGGTTAATG
bovine-CoV,AGTAAAGTT
bovine-CoV,AGTAAATGA
bovine-CoV,AGTGGTTAC
bovine-CoV,AGTGGTTATT
bovine-CoV,ATAACTATAG
bovine-CoV,ATAGGAGATTT
bovine-CoV,ATGATGTTG
bovine-CoV,ATGCTGTTG
bovine-CoV,CAGCAGCAG
bovine-CoV,CATGATGTT
bovine-CoV,CGATTGCAATA
bovine-CoV,CTAATGGTA
bovine-CoV,CTAATTATTT
bovine-CoV,CTTTGACTT
bovine-CoV,CTTTTAATT
bovine-CoV,CTTTTAATT
bovine-CoV,CTTTTAATT
bovine-CoV,GACACTGGTGTT
bovine-CoV,GACCTACAA
bovine-CoV,GACTTATTA
bovine-CoV,GCTTTTAAT
bovine-CoV,GGTAGTGGTTA
bovine-CoV,GGTAGTGGT
bovine-CoV,GGTGTTGTT
bovine-CoV,GGTTACACT
bovine-CoV,GGTTTGTAT
bovine-CoV,GTAATATGG
bovine-CoV,GTAGGTAGTGGT
bovine-CoV,GTGTTAATT
bovine-CoV,GTTTCTGTT
bovine-CoV,TAAATTGGG
bovine-CoV,TAATGGTAATC
bovine-CoV,TAATGGTATT
bovine-CoV,TAATGGTAT
bovine-CoV,TAATGGTAT
bovine-CoV,TAGTTGGCA
bovine-CoV,TATTAATGG
bovine-CoV,TATTATAAT
bovine-CoV,TATTTAAAT
bovine-CoV,TATTTTTGCTAA
bovine-CoV,TGATTGTTT
bovine-CoV,TGCTGCTAA
bovine-CoV,TGGCATAGG
bovine-CoV,TGGTTATTAC
bovine-CoV,TGGTTTAAA
bovine-CoV,TGTTACTAA
bovine-CoV,TTAAAGATGGTGT
bovine-CoV,TTAATGAATG
bovine-CoV,TTACTAATGGT
bovine-CoV,TTACTATTGA
bovine-CoV,TTAGTGCAG
bovine-CoV,TTATGTAAA
bovine-CoV,TTATTATGT
bovine-CoV,TTGAGGCTT
bovine-CoV,TTGCTGGTG
bovine-CoV,TTGGGTAAT
bovine-CoV,TTGGTGCTAT
bovine-CoV,TTGTTTATG
bovine-CoV,TTGTTTTAA
bovine-CoV,TTTACTAAT
bovine-CoV,TTTACTATT
bovine-CoV,TTTGTATTT
bovine-CoV,TTTTAATAA
bovine-CoV,TTTTACAGA
bovine-CoV,TTTTGTTGAGG
bovine-CoV,AAAACCAAA
bovine-CoV,AATGCTGAA
bovine-CoV,AATGCTGAT
bovine-CoV,AATGGTTTA
bovine-CoV,ACTATAGGTA
bovine-CoV,ACTGGTGTT
bovine-CoV,ACTGGTGTT
bovine-CoV,ACTTATTAT
bovine-CoV,ACTTGTAATA
bovine-CoV,AGATTTGGT
bovine-CoV,AGGTTAATG
bovine-CoV,AGTAAAGTT
bovine-CoV,AGTAAATGA
bovine-CoV,AGTGGTTATT
bovine-CoV,ATAACTATAG
bovine-CoV,ATAGGAGATTT
bovine-CoV,ATGATGTTG
bovine-CoV,ATGCTGTTG
bovine-CoV,ATGGTTTAAA
bovine-CoV,CAAAGTTAT
bovine-CoV,CAGCAGCAG
bovine-CoV,CATGATGTT
bovine-CoV,CCTGCAGGT
bovine-CoV,CGATTGCAATA
bovine-CoV,CTAATGGTA
bovine-CoV,CTGATTTTA
bovine-CoV,CTGGTATAG
bovine-CoV,CTGTTAATT
bovine-CoV,CTTTGACTT
bovine-CoV,CTTTTAATT
bovine-CoV,GACACTGGTGTT
bovine-CoV,GACCTACAA
bovine-CoV,GCTCTTAAT
bovine-CoV,GGTAGTGGTTA
bovine-CoV,GGTAGTGGTT
bovine-CoV,GGTGTTGTT
bovine-CoV,GTAATATGG
bovine-CoV,GTAATTTTA
bovine-CoV,GTAGGTAGTGGTT
bovine-CoV,GTTTCTGTT
bovine-CoV,TAACTATAGA
bovine-CoV,TAACTATAG
bovine-CoV,TAATGGTAATC
bovine-CoV,TAATGGTATT
bovine-CoV,TAATGGTAT
bovine-CoV,TAATGGTAT
bovine-CoV,TAGGTACTT
bovine-CoV,TAGTTGGCA
bovine-CoV,TATTAATGG
bovine-CoV,TATTATAAT
bovine-CoV,TATTTAAAT
bovine-CoV,TATTTTTGC
bovine-CoV,TGCTGCTAA
bovine-CoV,TGGTTATTAC
bovine-CoV,TGTTAATTAT
bovine-CoV,TGTTACTAA
bovine-CoV,TTAATGAATG
bovine-CoV,TTACTAATGGT
bovine-CoV,TTACTATTGA
bovine-CoV,TTAGTGCAG
bovine-CoV,TTATTATGT
bovine-CoV,TTCTGCTTT
bovine-CoV,TTGAGGCTT
bovine-CoV,TTGCTGGTG
bovine-CoV,TTGGTGCTAT
bovine-CoV,TTGTTAATG
bovine-CoV,TTGTTTGTG
bovine-CoV,TTGTTTTAA
bovine-CoV,TTTACTAAT
bovine-CoV,TTTACTATT
bovine-CoV,TTTTACAGA
bovine-CoV,TTTTGTTGAGG
bovine-CoV,AAAATCAAA
bovine-CoV,AAGATGGTGT
bovine-CoV,AATGCTGAA
bovine-CoV,AATGCTGAT
bovine-CoV,AATGGTTTA
bovine-CoV,ACTATAGGTA
bovine-CoV,ACTGGTGTT
bovine-CoV,ACTGGTGTT
bovine-CoV,ACTTATTAT
bovine-CoV,ACTTGTAATA
bovine-CoV,AGATTTGGT
bovine-CoV,AGGTTAATG
bovine-CoV,AGTAAAGTT
bovine-CoV,AGTAAATGA
bovine-CoV,AGTGGTTAC
bovine-CoV,AGTGGTTATT
bovine-CoV,ATAACTATAG
bovine-CoV,ATAGGAGATTT
bovine-CoV,ATGATGTTG
bovine-CoV,ATGCTGTTG
bovine-CoV,ATTTTGGGT
bovine-CoV,CAGCAGCAG
bovine-CoV,CATGATGTT
bovine-CoV,CTAAAGTTAC
bovine-CoV,CTAATGGTA
bovine-CoV,CTGTTAATT
bovine-CoV,CTTTGACTT
bovine-CoV,CTTTTAATT
bovine-CoV,GACACTGGTGTT
bovine-CoV,GACCTACAA
bovine-CoV,GACTTATTA
bovine-CoV,GCTCTTAAT
bovine-CoV,GCTTAGTGA
bovine-CoV,GGTAGTGGTTA
bovine-CoV,GGTTACACT
bovine-CoV,GGTTTGTAT
bovine-CoV,GTAATATGG
bovine-CoV,GTTTCTGTT
bovine-CoV,TAACTATAGA
bovine-CoV,TAACTATAG
bovine-CoV,TAATGGTAATC
bovine-CoV,TAATGGTATT
bovine-CoV,TAATGGTAT
bovine-CoV,TAATGGTAT
bovine-CoV,TAGTTGGCA
bovine-CoV,TATTAATGG
bovine-CoV,TATTATAAT
bovine-CoV,TATTTAAAT
bovine-CoV,TATTTTTGCTAA
bovine-CoV,TGGCATAGG
bovine-CoV,TGGTTATTAC
bovine-CoV,TGGTTTAAA
bovine-CoV,TGTTAATTAT
bovine-CoV,TGTTACTAA
bovine-CoV,TTAAAGATGG
bovine-CoV,TTAATGAATG
bovine-CoV,TTACTAATGGT
bovine-CoV,TTACTATTGA
bovine-CoV,TTAGTGCAG
bovine-CoV,TTATGTAAA
bovine-CoV,TTATTATGT
bovine-CoV,TTCTGCTTT
bovine-CoV,TTGAGGCTT
bovine-CoV,TTGCTGGTG
bovine-CoV,TTGGGTAAT
bovine-CoV,TTGGTGCTAT
bovine-CoV,TTGTAATAA
bovine-CoV,TTGTTTATG
bovine-CoV,TTGTTTTAA
bovine-CoV,TTTACTAAT
bovine-CoV,TTTACTATT
bovine-CoV,TTTGTATTTT
bovine-CoV,TTTTGGGTT
bovine-CoV,TTTTGTTGAGG
bovine-CoV,AAAACCAAA
bovine-CoV,AAGATGGTGT
bovine-CoV,AATAATACT
bovine-CoV,AATGCTGAA
bovine-CoV,AATGCTGAT
bovine-CoV,AATGGTTTA
bovine-CoV,ACTATAGGTA
bovine-CoV,ACTGGTGTT
bovine-CoV,ACTGGTGTT
bovine-CoV,ACTTATTAT
bovine-CoV,ACTTGTAATA
bovine-CoV,AGGTTAATG
bovine-CoV,AGTAAATGA
bovine-CoV,AGTGGTTATT
bovine-CoV,AGTTTCTGT
bovine-CoV,ATAACTATAG
bovine-CoV,ATATGAGTA
bovine-CoV,ATGATGTTG
bovine-CoV,ATGCTCTTG
bovine-CoV,ATGCTGTTG
bovine-CoV,ATGGTTTAAA
bovine-CoV,ATTAATGGG
bovine-CoV,ATTTTATTT
bovine-CoV,ATTTTTGCTAA
bovine-CoV,CAGCAGCAG
bovine-CoV,CATGATGTT
bovine-CoV,CATTCTTGG
bovine-CoV,CCTGCAGGT
bovine-CoV,CTAAAGTTA
bovine-CoV,CTATGGTTT
bovine-CoV,CTGATTTTA
bovine-CoV,CTGGTATAG
bovine-CoV,CTGTTAATT
bovine-CoV,GACACTGGTGTT
bovine-CoV,GACCTACAA
bovine-CoV,GACTTATTA
bovine-CoV,GCTCTTAAT
bovine-CoV,GGTAGTGGTTA
bovine-CoV,GTAATATGG
bovine-CoV,GTGTTGTCA
bovine-CoV,TAACTATAGA
bovine-CoV,TAACTATAG
bovine-CoV,TAATATTGA
bovine-CoV,TAATGGTAATC
bovine-CoV,TAATTTTAAT
bovine-CoV,TAGGAGATTT
bovine-CoV,TATTATAAT
bovine-CoV,TATTTAAAT
bovine-CoV,TGCTGTTGTA
bovine-CoV,TGGTATAGG
bovine-CoV,TGGTTATTAC
bovine-CoV,TGGTTTGTAT
bovine-CoV,TGTAATATT
bovine-CoV,TGTTAATTAT
bovine-CoV,TTAAAGATGG
bovine-CoV,TTAATGAATG
bovine-CoV,TTACTATTGA
bovine-CoV,TTAGTGCAG
bovine-CoV,TTATTATGT
bovine-CoV,TTGAGGCTT
bovine-CoV,TTGCTGGTG
bovine-CoV,TTGGTGCTAT
bovine-CoV,TTGTTAATG
bovine-CoV,TTGTTTTAA
bovine-CoV,TTTACTATT
bovine-CoV,TTTCTGTTT
bovine-CoV,TTTGTATTT
bovine-CoV,TTTTACAGA
bovine-CoV,TTTTGTTGAGG
bovine-CoV,AAAACCAAA
bovine-CoV,AATGCTGAA
bovine-CoV,AATGCTGAT
bovine-CoV,AATGGTTTA
bovine-CoV,ACTATAGGTA
bovine-CoV,ACTGGTGTT
bovine-CoV,ACTGGTGTT
bovine-CoV,ACTTATTAT
bovine-CoV,ACTTGTAATA
bovine-CoV,AGATTTGGT
bovine-CoV,AGGTTAATG
bovine-CoV,AGTAAAGTT
bovine-CoV,AGTAAATGA
bovine-CoV,AGTGGTTATT
bovine-CoV,ATAACTATAG
bovine-CoV,ATAGGAGATTT
bovine-CoV,ATGATGTTG
bovine-CoV,ATGCTCTTG
bovine-CoV,ATGCTGTTG
bovine-CoV,ATGGTTTAAA
bovine-CoV,CAAAGTTAT
bovine-CoV,CAGCAGCAG
bovine-CoV,CATGATGTT
bovine-CoV,CCTGCAGGT
bovine-CoV,CGATTGCAATA
bovine-CoV,CTAATGGTA
bovine-CoV,CTGATTTTA
bovine-CoV,CTGGTATAG
bovine-CoV,CTGTTAATT
bovine-CoV,CTTTGACTT
bovine-CoV,CTTTTAATT
bovine-CoV,GACACTGGTGTT
bovine-CoV,GCTCTTAAT
bovine-CoV,GGTAGTGGTTA
bovine-CoV,GGTAGTGGTT
bovine-CoV,GGTGTTGTT
bovine-CoV,GGTTTGTAT
bovine-CoV,GTAATATGG
bovine-CoV,GTAATTTTA
bovine-CoV,GTAGGTAGTGGTT
bovine-CoV,GTTTCTGTT
bovine-CoV,TAACTATAGA
bovine-CoV,TAACTATAG
bovine-CoV,TAATGGTAATC
bovine-CoV,TAATGGTATT
bovine-CoV,TAATGGTAT
bovine-CoV,TAATGGTAT
bovine-CoV,TAGGTACTT
bovine-CoV,TAGTTGGCA
bovine-CoV,TATTAATGG
bovine-CoV,TATTATAAT
bovine-CoV,TATTTAAAT
bovine-CoV,TATTTTTGC
bovine-CoV,TGCTGCTAA
bovine-CoV,TGGTTATTAC
bovine-CoV,TGTTAATTAT
bovine-CoV,TGTTACTAA
bovine-CoV,TTAATGAATG
bovine-CoV,TTACTAATGGT
bovine-CoV,TTACTATTGA
bovine-CoV,TTAGTGCAG
bovine-CoV,TTATTATGT
bovine-CoV,TTCTGCTTT
bovine-CoV,TTGAGGCTT
bovine-CoV,TTGCTGGTG
bovine-CoV,TTGGTGCTAT
bovine-CoV,TTGTTAATG
bovine-CoV,TTGTTTGTG
bovine-CoV,TTGTTTTAA
bovine-CoV,TTTACTAAT
bovine-CoV,TTTACTATT
bovine-CoV,TTTGTATTT
bovine-CoV,TTTTACAGA
bovine-CoV,TTTTGTTGAGG
bovine-CoV,CCTGCAGGT
bovine-CoV,CTGGTATAG
bovine-CoV,AAAATCAAA
bovine-CoV,AATAATACT
bovine-CoV,AATGCTGAA
bovine-CoV,AATGCTGAT
bovine-CoV,AATGGTTTA
bovine-CoV,ACTATAGGTA
bovine-CoV,ACTGGTGTT
bovine-CoV,ACTGGTGTT
bovine-CoV,ACTTATTAT
bovine-CoV,ACTTGTAATA
bovine-CoV,ACTTTAGCT
bovine-CoV,AGGTTAATG
bovine-CoV,AGTCAAAAT
bovine-CoV,AGTGGTTATT
bovine-CoV,ATAACTATAG
bovine-CoV,ATAGGAGATTT
bovine-CoV,ATGATGTTG
bovine-CoV,ATGCTGTTG
bovine-CoV,ATGGTATTA
bovine-CoV,ATGGTGTTA
bovine-CoV,ATGGTTTAAA
bovine-CoV,ATTTTATTT
bovine-CoV,ATTTTGATA
bovine-CoV,CACTGTTCAG
bovine-CoV,CAGCAGCAG
bovine-CoV,CCTGCAGGT
bovine-CoV,CGATTGTAATA
bovine-CoV,CTAATGGTA
bovine-CoV,CTATGGTTT
bovine-CoV,CTTTTAATT
bovine-CoV,GACACTGGTGTT
bovine-CoV,GACTTATTA
bovine-CoV,GATTTTACTA
bovine-CoV,GCTCTTAAT
bovine-CoV,GGTAGTGGTTA
bovine-CoV,GGTAGTGGTT
bovine-CoV,GGTATTTTTG
bovine-CoV,GTAGGTAGTGGTT
bovine-CoV,GTTATAATG
bovine-CoV,GTTTCTGTT
bovine-CoV,TAATGGTAATC
bovine-CoV,TAATGGTATT
bovine-CoV,TAATGTATA
bovine-CoV,TACTATTGA
bovine-CoV,TACTTTTGT
bovine-CoV,TATTAATGGG
bovine-CoV,TATTATAAT
bovine-CoV,TATTTAAAT
bovine-CoV,TATTTTTGCTAA
bovine-CoV,TGCTGCTAA
bovine-CoV,TGGTTATTA
bovine-CoV,TGGTTTGTAT
bovine-CoV,TGTTAATTAT
bovine-CoV,TGTTACTAA
bovine-CoV,TTAATGAATG
bovine-CoV,TTAATTATA
bovine-CoV,TTACTAATGGT
bovine-CoV,TTAGTGCAG
bovine-CoV,TTCCTGCTAT
bovine-CoV,TTGCTGGTG
bovine-CoV,TTGGTGCTAT
bovine-CoV,TTGTAATAG
bovine-CoV,TTGTTAATG
bovine-CoV,TTGTTCTACT
bovine-CoV,TTGTTTTAA
bovine-CoV,TTTACTAAT
bovine-CoV,TTTGTATGA
bovine-CoV,TTTGTATTT
bovine-CoV,TTTTACAGA
bovine-CoV,TTTTACTAT
bovine-CoV,AATAGTGGTA
bovine-CoV,CCTGCAGGT
bovine-CoV,TAGTTGGCA
bovine-CoV,TATTATAAT
bovine-CoV,AAAATCAAA
bovine-CoV,AAGATGGTGT
bovine-CoV,AATGCTGAA
bovine-CoV,AATGCTGAT
bovine-CoV,AATGGTTTA
bovine-CoV,ACTATAGGTA
bovine-CoV,ACTGGTGTT
bovine-CoV,ACTGGTGTT
bovine-CoV,ACTTATTAT
bovine-CoV,ACTTGTAATA
bovine-CoV,AGATTTGGT
bovine-CoV,AGGTTAATG
bovine-CoV,AGTAAAGTT
bovine-CoV,AGTAAATGA
bovine-CoV,AGTGGTTAC
bovine-CoV,AGTGGTTATT
bovine-CoV,ATAACTATAG
bovine-CoV,ATAGGAGATTT
bovine-CoV,ATGATGTTG
bovine-CoV,ATGCTGTTG
bovine-CoV,CAGCAGCAG
bovine-CoV,CGATTGCAATA
bovine-CoV,CTAATGGTA
bovine-CoV,CTGTTAATT
bovine-CoV,CTTTTAATT
bovine-CoV,GACACTGGTGTT
bovine-CoV,GACCTACAA
bovine-CoV,GACTTATTA
bovine-CoV,GCTCTTAAT
bovine-CoV,GGTAGTGGTTA
bovine-CoV,GGTGTTGTT
bovine-CoV,GGTTACACT
bovine-CoV,GGTTTGTAT
bovine-CoV,GTAATATGG
bovine-CoV,GTTTCTGTT
bovine-CoV,TAACTATAGA
bovine-CoV,TAACTATAG
bovine-CoV,TAATGGTAATC
bovine-CoV,TAATGGTATT
bovine-CoV,TAATGGTAT
bovine-CoV,TAATGGTAT
bovine-CoV,TAGTTGGCA
bovine-CoV,TATTAATGG
bovine-CoV,TATTATAAT
bovine-CoV,TATTTAAAT
bovine-CoV,TATTTTTGCTAA
bovine-CoV,TCATGATGTT
bovine-CoV,TGCTGCTAA
bovine-CoV,TGGCATAGG
bovine-CoV,TGGTTATTAC
bovine-CoV,TGGTTTAAA
bovine-CoV,TGTTAATTAT
bovine-CoV,TGTTACTAA
bovine-CoV,TTAAAGATGG
bovine-CoV,TTAATGAATG
bovine-CoV,TTACTAATGGT
bovine-CoV,TTACTATTGA
bovine-CoV,TTAGTGCAG
bovine-CoV,TTATGTAAA
bovine-CoV,TTATTATGT
bovine-CoV,TTCTGCTTT
bovine-CoV,TTGAGGCTT
bovine-CoV,TTGCTGGTG
bovine-CoV,TTGGGTAAT
bovine-CoV,TTGGTGCTAT
bovine-CoV,TTGTTTATG
bovine-CoV,TTGTTTTAA
bovine-CoV,TTTACTAAT
bovine-CoV,TTTACTATT
bovine-CoV,TTTGTATTTT
bovine-CoV,TTTTACAGA
bovine-CoV,TTTTGTTGAGG
bovine-CoV,AAAATCAAA
bovine-CoV,AATAATACT
bovine-CoV,AATGCTGAA
bovine-CoV,AATGCTGAT
bovine-CoV,AATGGTTTA
bovine-CoV,ACTATAGGTA
bovine-CoV,ACTGGTGTT
bovine-CoV,ACTGGTGTT
bovine-CoV,ACTTATTAT
bovine-CoV,ACTTGTAATA
bovine-CoV,AGGTTAATG
bovine-CoV,AGTAAATGA
bovine-CoV,AGTGGTTATT
bovine-CoV,AGTTTCTGT
bovine-CoV,ATAACTATAG
bovine-CoV,ATAGGAGATTT
bovine-CoV,ATATGAGTA
bovine-CoV,ATGATGTTG
bovine-CoV,ATGCTCTTG
bovine-CoV,ATGCTGTTG
bovine-CoV,ATGGTTTAAA
bovine-CoV,ATTAATGGG
bovine-CoV,ATTTTATTT
bovine-CoV,ATTTTTGCTAA
bovine-CoV,CAGCAGCAG
bovine-CoV,CATGATGTT
bovine-CoV,CATTCTTGG
bovine-CoV,CCTGCAGGT
bovine-CoV,CTAAAGTTA
bovine-CoV,CTATGGTTT
bovine-CoV,CTGATTTTA
bovine-CoV,CTGGTATAG
bovine-CoV,CTGTTAATT
bovine-CoV,CTTTTAATT
bovine-CoV,GACACTGGTGTT
bovine-CoV,GACCTACAAT
bovine-CoV,GACTTATTA
bovine-CoV,GCTCTTAAT
bovine-CoV,GGTAGTGGTTA
bovine-CoV,GTAATATGG
bovine-CoV,GTGTTGTCA
bovine-CoV,TAACTATAGA
bovine-CoV,TAACTATAG
bovine-CoV,TAATATTGA
bovine-CoV,TAATGGTAATC
bovine-CoV,TAATTATGA
bovine-CoV,TACTAATTAT
bovine-CoV,TATAGGAGA
bovine-CoV,TATTATAAT
bovine-CoV,TATTTAAAT
bovine-CoV,TGGTATAGG
bovine-CoV,TGGTTATTAC
bovine-CoV,TGGTTTGTAT
bovine-CoV,TGTAATATT
bovine-CoV,TGTTAATTAT
bovine-CoV,TTAATGAATG
bovine-CoV,TTACTAATGG
bovine-CoV,TTACTATTGA
bovine-CoV,TTAGTGCAG
bovine-CoV,TTATTATGT
bovine-CoV,TTCTGCTTT
bovine-CoV,TTGAGGCTT
bovine-CoV,TTGCTGGTG
bovine-CoV,TTGGTGCTAT
bovine-CoV,TTGTTAATG
bovine-CoV,TTGTTTTAA
bovine-CoV,TTTACTAAT
bovine-CoV,TTTACTATT
bovine-CoV,TTTCTGTTT
bovine-CoV,TTTGTATTT
bovine-CoV,TTTTACAGA
bovine-CoV,TTTTGTTGAGG
bovine-CoV,AAAATCAAA
bovine-CoV,AATAATACT
bovine-CoV,AATGCTGAA
bovine-CoV,AATGCTGAT
bovine-CoV,AATGGTTTA
bovine-CoV,ACTATAGGTA
bovine-CoV,ACTGGTGTT
bovine-CoV,ACTGGTGTT
bovine-CoV,ACTTATTAT
bovine-CoV,ACTTGTAATA
bovine-CoV,ACTTTAGCT
bovine-CoV,AGGTTAATG
bovine-CoV,AGTAAATGA
bovine-CoV,AGTCAAAAT
bovine-CoV,AGTGGTTATT
bovine-CoV,ATAACTATAG
bovine-CoV,ATAGGAGATTT
bovine-CoV,ATGATGTTG
bovine-CoV,ATGCTGTTG
bovine-CoV,ATGGTATTA
bovine-CoV,ATGGTGTTA
bovine-CoV,ATGGTTTAAA
bovine-CoV,ATTTTATTT
bovine-CoV,ATTTTGATA
bovine-CoV,CACTGTTCAG
bovine-CoV,CAGCAGCAG
bovine-CoV,CCTGCAGGT
bovine-CoV,CGATTGTAATA
bovine-CoV,CTAATGGTA
bovine-CoV,CTACTAATT
bovine-CoV,CTATGGTTT
bovine-CoV,CTTTGACTT
bovine-CoV,CTTTTAATT
bovine-CoV,CTTTTAATT
bovine-CoV,CTTTTAATT
bovine-CoV,GACACTGGTGTT
bovine-CoV,GACTTATTA
bovine-CoV,GATTTTACTA
bovine-CoV,GCTCTTAAT
bovine-CoV,GGTAGTGGTTA
bovine-CoV,GGTAGTGGTT
bovine-CoV,GGTATTTTTG
bovine-CoV,GGTGTTGTT
bovine-CoV,GTAGGTAGTGGTT
bovine-CoV,GTTATAATG
bovine-CoV,TAATGGTAATC
bovine-CoV,TAATGGTATT
bovine-CoV,TAATGTATA
bovine-CoV,TACTAATTAT
bovine-CoV,TACTATTGA
bovine-CoV,TACTTTTGT
bovine-CoV,TAGTTGGCA
bovine-CoV,TATTAATGGG
bovine-CoV,TATTATAAT
bovine-CoV,TATTTAAAT
bovine-CoV,TATTTTTGCTAA
bovine-CoV,TGCTGCTAA
bovine-CoV,TGGCATTGG
bovine-CoV,TGGTTATTAC
bovine-CoV,TGGTTTGTAT
bovine-CoV,TGTTAATTAT
bovine-CoV,TGTTACTAA
bovine-CoV,TGTTTGTGT
bovine-CoV,TTAATGAATG
bovine-CoV,TTAATTATA
bovine-CoV,TTACTAATGGT
bovine-CoV,TTAGTGCAG
bovine-CoV,TTGCTGGTG
bovine-CoV,TTGGTGCTAT
bovine-CoV,TTGTAATAG
bovine-CoV,TTGTTAATG
bovine-CoV,TTGTTCTACT
bovine-CoV,TTGTTTCCT
bovine-CoV,TTGTTTTAA
bovine-CoV,TTTACTAAT
bovine-CoV,TTTGTATTTT
bovine-CoV,TTTTACAGA
bovine-CoV,TTTTACTAT
bovine-CoV,AATGCTGAA
bovine-CoV,AGTGGTTATT
bovine-CoV,GCTCTTAAT
bovine-CoV,TTAGTGCAG
bovine-CoV,AAAATCAAA
bovine-CoV,AAGATGGTGTTA
bovine-CoV,AAGATGGTGT
bovine-CoV,AATAATACT
bovine-CoV,AATGCTGAA
bovine-CoV,AATGGTTTA
bovine-CoV,ACTATAGGTA
bovine-CoV,ACTGGTGTT
bovine-CoV,ACTGGTGTT
bovine-CoV,ACTTATTAT
bovine-CoV,ACTTGTAATA
bovine-CoV,AGATTTGGT
bovine-CoV,AGGTTAATG
bovine-CoV,AGTAAAGTT
bovine-CoV,AGTAAATGA
bovine-CoV,AGTGGTTAC
bovine-CoV,AGTGGTTATT
bovine-CoV,ATAACTATAG
bovine-CoV,ATAGGAGATTT
bovine-CoV,ATGATGTTG
bovine-CoV,ATGCTGTTG
bovine-CoV,CAGCAGCAG
bovine-CoV,CATGATGTT
bovine-CoV,CGATTGCAATA
bovine-CoV,CTAATGGTA
bovine-CoV,CTAATTATTT
bovine-CoV,CTTTGACTT
bovine-CoV,CTTTTAATT
bovine-CoV,CTTTTAATT
bovine-CoV,CTTTTAATT
bovine-CoV,GACACTGGTGTT
bovine-CoV,GACCTACAA
bovine-CoV,GACTTATTA
bovine-CoV,GCTCTTAAT
bovine-CoV,GGTAGTGGTTA
bovine-CoV,GGTAGTGGT
bovine-CoV,GGTGTTGTT
bovine-CoV,GGTTACACT
bovine-CoV,GGTTTGTAT
bovine-CoV,GTAATATGG
bovine-CoV,GTAGGTAGTGGT
bovine-CoV,GTGTTAATT
bovine-CoV,GTTTCTGTT
bovine-CoV,TAAATTGGG
bovine-CoV,TAATGGTAATC
bovine-CoV,TAATGGTATT
bovine-CoV,TAATGGTAT
bovine-CoV,TAATGGTAT
bovine-CoV,TAGTTGGCA
bovine-CoV,TATTAATGG
bovine-CoV,TATTATAAT
bovine-CoV,TATTTAAAT
bovine-CoV,TATTTTTGCTAA
bovine-CoV,TGATTGTTT
bovine-CoV,TGCTGCTAA
bovine-CoV,TGGCATAGG
bovine-CoV,TGGTTATTAC
bovine-CoV,TGGTTTAAA
bovine-CoV,TGTTACTAA
bovine-CoV,TTAAAGATGGTGT
bovine-CoV,TTAATGAATG
bovine-CoV,TTACTAATGGT
bovine-CoV,TTACTATTGA
bovine-CoV,TTAGTGCAG
bovine-CoV,TTATGTAAA
bovine-CoV,TTATTATGT
bovine-CoV,TTGAGGCTT
bovine-CoV,TTGCTGGTG
bovine-CoV,TTGGGTAAT
bovine-CoV,TTGGTGCTAT
bovine-CoV,TTGTTTATG
bovine-CoV,TTGTTTTAA
bovine-CoV,TTTACTAAT
bovine-CoV,TTTACTATT
bovine-CoV,TTTGTATTT
bovine-CoV,TTTTACAGA
bovine-CoV,TTTTGTTGAGG
bovine-CoV,AAAATCAAA
bovine-CoV,AACCTGTAGGTG
bovine-CoV,AATAATACT
bovine-CoV,AATAGTGGTA
bovine-CoV,AATGCTGAA
bovine-CoV,AATGCTGAT
bovine-CoV,AATGGTTTA
bovine-CoV,ACTATAGGTA
bovine-CoV,ACTGGTGTT
bovine-CoV,ACTTATTAT
bovine-CoV,ACTTGTTCTA
bovine-CoV,AGATTTGGT
bovine-CoV,AGGTTAATG
bovine-CoV,AGTAAATGA
bovine-CoV,AGTGGTTATT
bovine-CoV,ATAACTATAG
bovine-CoV,ATAGGAGATTT
bovine-CoV,ATGATGTTG
bovine-CoV,ATGCTCTTGA
bovine-CoV,ATGCTGTTG
bovine-CoV,ATGGCTTTT
bovine-CoV,ATGGTTTAAA
bovine-CoV,ATTTTATTT
bovine-CoV,CTACCAATT
bovine-CoV,CTATGGTTT
bovine-CoV,CTTGTAATAA
bovine-CoV,CTTTTAATT
bovine-CoV,GACCTACAA
bovine-CoV,GACTTATTA
bovine-CoV,GATTTGTCA
bovine-CoV,GCTCTTAAT
bovine-CoV,GGTAATGGT
bovine-CoV,GGTAGTGGTTA
bovine-CoV,GGTATTTTTG
bovine-CoV,GGTGTTGTT
bovine-CoV,GTAATATGG
bovine-CoV,GTTTCTGTT
bovine-CoV,TAAATCAGA
bovine-CoV,TAACTATAGA
bovine-CoV,TAACTATAG
bovine-CoV,TAATGGTAATC
bovine-CoV,TAATGGTAT
bovine-CoV,TAGTTGGCA
bovine-CoV,TATTAATGGG
bovine-CoV,TATTAATGG
bovine-CoV,TATTATAAT
bovine-CoV,TATTTAAAT
bovine-CoV,TATTTTTGCTAA
bovine-CoV,TCAGTAAAT
bovine-CoV,TCATGATGTT
bovine-CoV,TGATTTTAT
bovine-CoV,TGCTGCTAA
bovine-CoV,TGGTTTGTAT
bovine-CoV,TGTTACTAA
bovine-CoV,TTAACTATA
bovine-CoV,TTAATGAATG
bovine-CoV,TTAATGTTTAT
bovine-CoV,TTACTACCCT
bovine-CoV,TTACTATTGA
bovine-CoV,TTACTTGTA
bovine-CoV,TTAGTGCAG
bovine-CoV,TTATTAATGG
bovine-CoV,TTATTATGT
bovine-CoV,TTCTGCTTT
bovine-CoV,TTGATGCTA
bovine-CoV,TTGCTGGTG
bovine-CoV,TTGTTAATG
bovine-CoV,TTGTTTTAA
bovine-CoV,TTTACTATT
bovine-CoV,TTTCCAGCA
bovine-CoV,TTTTACAGA
bovine-CoV,AAAACCAAA
bovine-CoV,AAGATGGTGT
bovine-CoV,AATGCTGAA
bovine-CoV,AATGCTGAT
bovine-CoV,AATGGTTTA
bovine-CoV,ACTATAGGTA
bovine-CoV,ACTGGTGTT
bovine-CoV,ACTGGTGTT
bovine-CoV,ACTTATTAT
bovine-CoV,ACTTGTAATA
bovine-CoV,AGATTTGGT
bovine-CoV,AGGTTAATG
bovine-CoV,AGTAAAGTT
bovine-CoV,AGTAAATGA
bovine-CoV,AGTGGTTATT
bovine-CoV,ATAAATGTT
bovine-CoV,ATAACTATAG
bovine-CoV,ATAGGAGATTT
bovine-CoV,ATGATGTTG
bovine-CoV,ATGCTCTTG
bovine-CoV,ATGCTGTTG
bovine-CoV,CAGCAGCAG
bovine-CoV,CATGATGTT
bovine-CoV,CCTGCAGGT
bovine-CoV,CGATTGCAATA
bovine-CoV,CTAATGGTA
bovine-CoV,CTGATTTTA
bovine-CoV,CTGGTATAG
bovine-CoV,CTGTTAATT
bovine-CoV,CTTTGACTT
bovine-CoV,CTTTTAATT
bovine-CoV,GACACTGGTGTT
bovine-CoV,GACCTACAA
bovine-CoV,GCTCTTAAT
bovine-CoV,GGTAGTGGTTA
bovine-CoV,GGTAGTGGTT
bovine-CoV,GGTGTTGTT
bovine-CoV,GGTTTGTAT
bovine-CoV,GTAATATGG
bovine-CoV,GTAGGTAGTGGTT
bovine-CoV,GTTTCTGTT
bovine-CoV,TAAATTGGG
bovine-CoV,TAACTATAGA
bovine-CoV,TAACTATAG
bovine-CoV,TAATGGTAATC
bovine-CoV,TAATGGTATT
bovine-CoV,TAATGGTAT
bovine-CoV,TAATGGTAT
bovine-CoV,TAGGTACTT
bovine-CoV,TAGTTGGCA
bovine-CoV,TATTAATGG
bovine-CoV,TATTATAAT
bovine-CoV,TATTTAAAT
bovine-CoV,TATTTTTGCTAA
bovine-CoV,TGCTGCTAA
bovine-CoV,TGGTTATTAC
bovine-CoV,TGGTTTAAA
bovine-CoV,TGTTAATTAT
bovine-CoV,TGTTACTAA
bovine-CoV,TGTTTTAAA
bovine-CoV,TTAAAGATGG
bovine-CoV,TTAATGAATG
bovine-CoV,TTACTAATGGT
bovine-CoV,TTACTATTGA
bovine-CoV,TTAGTGCAG
bovine-CoV,TTATTATGT
bovine-CoV,TTCTGCTTT
bovine-CoV,TTGAGGCTT
bovine-CoV,TTGCTGGTG
bovine-CoV,TTGGGTAAT
bovine-CoV,TTGTTAATG
bovine-CoV,TTGTTTTAA
bovine-CoV,TTTACTAAT
bovine-CoV,TTTACTATT
bovine-CoV,TTTCTGTTT
bovine-CoV,TTTGTATTT
bovine-CoV,TTTTACAGA
bovine-CoV,TTTTGTTGAGG
bovine-CoV,AAGATGGTGT
bovine-CoV,GACACTGGTGTT
bovine-CoV,AAAACCAAA
bovine-CoV,AAGATGGTGT
bovine-CoV,AATGCTGAA
bovine-CoV,AATGCTGAT
bovine-CoV,AATGGTTTA
bovine-CoV,ACTATAGGTA
bovine-CoV,ACTGGTGTT
bovine-CoV,ACTGGTGTT
bovine-CoV,ACTTATTAT
bovine-CoV,ACTTGTAATA
bovine-CoV,AGATTTGGT
bovine-CoV,AGGTTAATG
bovine-CoV,AGTAAAGTT
bovine-CoV,AGTAAATGA
bovine-CoV,AGTGGTTATT
bovine-CoV,ATAACTATAG
bovine-CoV,ATAGGAGATTT
bovine-CoV,ATGATGTTG
bovine-CoV,ATGCTCTTG
bovine-CoV,ATGCTGTTG
bovine-CoV,CAGCAGCAG
bovine-CoV,CATGATGTT
bovine-CoV,CCTGCAGGT
bovine-CoV,CTAATGGTA
bovine-CoV,CTGATTTTA
bovine-CoV,CTGGTATAG
bovine-CoV,CTGTTAATT
bovine-CoV,CTTTGACTT
bovine-CoV,CTTTTAATT
bovine-CoV,GACACTGGTGTT
bovine-CoV,GACCTACAA
bovine-CoV,GCTCTTAAT
bovine-CoV,GGTAGTGGTTA
bovine-CoV,GGTAGTGGTT
bovine-CoV,GGTATTTTTG
bovine-CoV,GGTGTTACC
bovine-CoV,GGTGTTGTT
bovine-CoV,GGTTTGTAT
bovine-CoV,GTAATATGG
bovine-CoV,GTAGGTAGTGGTT
bovine-CoV,GTTTCTGTT
bovine-CoV,TAACTATAGA
bovine-CoV,TAACTATAG
bovine-CoV,TAATGGTAATC
bovine-CoV,TAATGGTATT
bovine-CoV,TAATGGTAT
bovine-CoV,TAATGGTAT
bovine-CoV,TAGGTACTT
bovine-CoV,TAGTTGGCA
bovine-CoV,TATTAATGG
bovine-CoV,TATTATAAT
bovine-CoV,TATTTAAAT
bovine-CoV,TATTTTTGCTAA
bovine-CoV,TGCTGCTAA
bovine-CoV,TGGTTATTAC
bovine-CoV,TGGTTTAAA
bovine-CoV,TGTAATATT
bovine-CoV,TGTTAATTA
bovine-CoV,TGTTACTAA
bovine-CoV,TGTTTATTTA
bovine-CoV,TTAAAGATGG
bovine-CoV,TTAATGAATG
bovine-CoV,TTACTAATGGT
bovine-CoV,TTACTATTGA
bovine-CoV,TTAGTGCAG
bovine-CoV,TTATTATGT
bovine-CoV,TTCTGCTTT
bovine-CoV,TTGAGGCTT
bovine-CoV,TTGCTGGTG
bovine-CoV,TTGGGTAAT
bovine-CoV,TTGGTGCTAT
bovine-CoV,TTGTTAATG
bovine-CoV,TTGTTTTAA
bovine-CoV,TTTACTAAT
bovine-CoV,TTTACTATT
bovine-CoV,TTTGTATTT
bovine-CoV,TTTTACAGA
bovine-CoV,TTTTGTTGAGG
bovine-CoV,AAAATCAAA
bovine-CoV,AAGATGGTGT
bovine-CoV,AATGGTTTA
bovine-CoV,ACTATAGGTA
bovine-CoV,ACTGGTGTT
bovine-CoV,ACTGGTGTT
bovine-CoV,ACTTATTAT
bovine-CoV,ACTTGTAATA
bovine-CoV,AGATTTGGT
bovine-CoV,AGTAAAGTT
bovine-CoV,AGTGGTTAC
bovine-CoV,AGTGGTTATT
bovine-CoV,ATAACTATAG
bovine-CoV,ATAGGAGATTT
bovine-CoV,ATGCTCTTG
bovine-CoV,ATGCTGTTG
bovine-CoV,CAATCTGTT
bovine-CoV,CAGCAGCAG
bovine-CoV,CCTGCAGGT
bovine-CoV,CGATTGCAATA
bovine-CoV,CGCTCTTAAT
bovine-CoV,CTAATGGTA
bovine-CoV,CTGATTTTA
bovine-CoV,CTGTTAATT
bovine-CoV,CTTTTAATT
bovine-CoV,CTTTTAATT
bovine-CoV,CTTTTAATT
bovine-CoV,GACACTGGTGTT
bovine-CoV,GACCTACAA
bovine-CoV,GACTTATTA
bovine-CoV,GCTTTTAAT
bovine-CoV,GGTAGTGGTTA
bovine-CoV,GGTAGTGGTT
bovine-CoV,GGTGTTGTT
bovine-CoV,GGTTACACT
bovine-CoV,GTAATATGG
bovine-CoV,GTAGGTAGTGGTT
bovine-CoV,GTTTCTGTT
bovine-CoV,TAATGGTAATC
bovine-CoV,TAATGGTATT
bovine-CoV,TAATGGTAT
bovine-CoV,TAATGGTAT
bovine-CoV,TAGTTGGCA
bovine-CoV,TATTAATGG
bovine-CoV,TATTATAAT
bovine-CoV,TATTTTTGCTAA
bovine-CoV,TGGCATAGG
bovine-CoV,TGGTTATTAC
bovine-CoV,TGGTTTAAA
bovine-CoV,TGGTTTGTAT
bovine-CoV,TGTTAATTAT
bovine-CoV,TGTTACTAA
bovine-CoV,TTAAAGATGG
bovine-CoV,TTAATGAATG
bovine-CoV,TTAATTATA
bovine-CoV,TTACTAATGGT
bovine-CoV,TTACTATTGA
bovine-CoV,TTAGTGCAG
bovine-CoV,TTATTATGT
bovine-CoV,TTGACACTAC
bovine-CoV,TTGAGGCTT
bovine-CoV,TTGCTGGTG
bovine-CoV,TTGGGTAAT
bovine-CoV,TTGGTGCTAT
bovine-CoV,TTGTTAATG
bovine-CoV,TTGTTTCCT
bovine-CoV,TTGTTTTAA
bovine-CoV,TTTACTAAT
bovine-CoV,TTTACTATT
bovine-CoV,TTTGTATTT
bovine-CoV,TTTTACAGA
bovine-CoV,TTTTGTTGAGG
bovine-CoV,AAAATCAAA
bovine-CoV,AATGCTGAA
bovine-CoV,AATGCTGAT
bovine-CoV,AATGGTTTA
bovine-CoV,ACTATAGGTA
bovine-CoV,ACTGGTGTT
bovine-CoV,ACTGGTGTT
bovine-CoV,ACTTATTAT
bovine-CoV,ACTTGTAATA
bovine-CoV,AGGTTAATG
bovine-CoV,AGTAAATGA
bovine-CoV,AGTGGTTATT
bovine-CoV,AGTTTCTGT
bovine-CoV,ATAACTATAG
bovine-CoV,ATAGGAGATTT
bovine-CoV,ATATGAGTA
bovine-CoV,ATGATGTTG
bovine-CoV,ATGCTCTTG
bovine-CoV,ATGCTGTTG
bovine-CoV,ATGGTTTAAA
bovine-CoV,ATTAATGGG
bovine-CoV,ATTTTATTT
bovine-CoV,ATTTTTGCTAA
bovine-CoV,CAGCAGCAG
bovine-CoV,CATGATGTT
bovine-CoV,CATTCTTGG
bovine-CoV,CCTGCAGGT
bovine-CoV,CTAAAGTTA
bovine-CoV,CTATGGTTT
bovine-CoV,CTGATTTTA
bovine-CoV,CTGGTATAG
bovine-CoV,CTGTTAATT
bovine-CoV,CTTTTAATT
bovine-CoV,GACACTGGTGTT
bovine-CoV,GACCTACAA
bovine-CoV,GACTTATTA
bovine-CoV,GCTCTTAAT
bovine-CoV,GGTAGTGGTTA
bovine-CoV,GTAATATGG
bovine-CoV,GTGTTGTCA
bovine-CoV,GTTTTTGATA
bovine-CoV,TAACTATAGA
bovine-CoV,TAACTATAG
bovine-CoV,TAATATTGA
bovine-CoV,TAATGGTAATC
bovine-CoV,TATAGGAGA
bovine-CoV,TATTATAAT
bovine-CoV,TATTTAAAT
bovine-CoV,TGGTATAGG
bovine-CoV,TGGTTATTAC
bovine-CoV,TGGTTTGTAT
bovine-CoV,TGTAATATT
bovine-CoV,TGTTAATTAT
bovine-CoV,TTAATGAATG
bovine-CoV,TTACTAATGG
bovine-CoV,TTACTATTGA
bovine-CoV,TTAGTGCAG
bovine-CoV,TTATTATGT
bovine-CoV,TTCTGCTTT
bovine-CoV,TTGAGGCTT
bovine-CoV,TTGCTGGTG
bovine-CoV,TTGGTGCTAT
bovine-CoV,TTGTTAATG
bovine-CoV,TTGTTTGTG
bovine-CoV,TTGTTTTAA
bovine-CoV,TTTACTAAT
bovine-CoV,TTTACTATT
bovine-CoV,TTTCTGTTT
bovine-CoV,TTTGTATTT
bovine-CoV,TTTTACAGA
bovine-CoV,TTTTGTTGAGG
bovine-CoV,AAAACCAAA
bovine-CoV,AAGATGGTGT
bovine-CoV,AATAATACT
bovine-CoV,AATGCTGAA
bovine-CoV,AATGCTGAT
bovine-CoV,AATGGTTTA
bovine-CoV,ACTATAGGTA
bovine-CoV,ACTTATTAT
bovine-CoV,ACTTGTAATA
bovine-CoV,AGGTTAATG
bovine-CoV,AGTAAATGA
bovine-CoV,AGTGGTTATT
bovine-CoV,AGTTTCTGT
bovine-CoV,ATAACTATAG
bovine-CoV,ATATGAGTA
bovine-CoV,ATGATGTTG
bovine-CoV,ATGCTCTTG
bovine-CoV,ATGCTGTTG
bovine-CoV,ATGGTTTAAA
bovine-CoV,ATTAATGGG
bovine-CoV,ATTTTATTT
bovine-CoV,ATTTTTGCTAA
bovine-CoV,CACTGGTGTT
bovine-CoV,CACTGGTGTT
bovine-CoV,CAGCAGCAG
bovine-CoV,CATGATGTT
bovine-CoV,CATTCTTGG
bovine-CoV,CCTGCAGGT
bovine-CoV,CTAAAGTTA
bovine-CoV,CTATGGTTT
bovine-CoV,CTGATTTTA
bovine-CoV,CTGGTATAG
bovine-CoV,CTGTTAATT
bovine-CoV,GACACTGGTGTT
bovine-CoV,GACCTACAA
bovine-CoV,GACTTATTA
bovine-CoV,GCTCTTAAT
bovine-CoV,GGTAGTGGTTA
bovine-CoV,GTAATATGG
bovine-CoV,GTGTTGTCA
bovine-CoV,TAACTATAGA
bovine-CoV,TAACTATAG
bovine-CoV,TAATATTGA
bovine-CoV,TAATGGTAATC
bovine-CoV,TAGGAGATTT
bovine-CoV,TATTATAAT
bovine-CoV,TATTTAAAT
bovine-CoV,TGCTGTTGTA
bovine-CoV,TGGTATAGG
bovine-CoV,TGGTTATTAC
bovine-CoV,TGGTTTGTAT
bovine-CoV,TGTAATATT
bovine-CoV,TGTTAATTAT
bovine-CoV,TTAAAGATGG
bovine-CoV,TTAATGAATG
bovine-CoV,TTACTATTGA
bovine-CoV,TTAGTGCAG
bovine-CoV,TTATTATGT
bovine-CoV,TTCTGCTTT
bovine-CoV,TTGAGGCTT
bovine-CoV,TTGCTGGTG
bovine-CoV,TTGGTGCTAT
bovine-CoV,TTGTTAATG
bovine-CoV,TTGTTTTAA
bovine-CoV,TTTACTATT
bovine-CoV,TTTCTGTTT
bovine-CoV,TTTGTATTT
bovine-CoV,TTTTACAGA
bovine-CoV,TTTTGTTGAGG
bovine-CoV,AAAATCAAA
bovine-CoV,AACCTGTAGGTG
bovine-CoV,AATAATACT
bovine-CoV,AATAGTGGTA
bovine-CoV,AATGCTGAA
bovine-CoV,AATGCTGAT
bovine-CoV,AATGGTTTA
bovine-CoV,ACTATAGGTA
bovine-CoV,ACTGGTGTT
bovine-CoV,ACTTATTAT
bovine-CoV,AGATTTGGT
bovine-CoV,AGGTTAATG
bovine-CoV,AGTAAATGA
bovine-CoV,AGTGGTTATT
bovine-CoV,ATAACTATAG
bovine-CoV,ATAGGAGATTT
bovine-CoV,ATGATGTTG
bovine-CoV,ATGCTCTTGA
bovine-CoV,ATGCTGTTG
bovine-CoV,ATGGCTTTT
bovine-CoV,ATGGTTTAAA
bovine-CoV,ATTTTATTT
bovine-CoV,CAGCAGCAG
bovine-CoV,CATGATGTT
bovine-CoV,CGATTGTAATA
bovine-CoV,CTACCAATT
bovine-CoV,CTATGGTTT
bovine-CoV,CTTTTAATT
bovine-CoV,GACCTACAA
bovine-CoV,GACTTATTA
bovine-CoV,GATTTGTCA
bovine-CoV,GCTCTTAAT
bovine-CoV,GGTAATGGT
bovine-CoV,GGTAGTGGTTA
bovine-CoV,GGTATTTTTG
bovine-CoV,GGTGTTGTT
bovine-CoV,GTAATATGG
bovine-CoV,GTTTCTGTT
bovine-CoV,TAAATCAGA
bovine-CoV,TAACTATAGA
bovine-CoV,TAACTATAG
bovine-CoV,TAATGGTAATC
bovine-CoV,TAATGGTAT
bovine-CoV,TAGTTGGCA
bovine-CoV,TATTAATGGG
bovine-CoV,TATTAATGG
bovine-CoV,TATTATAAT
bovine-CoV,TATTTAAAT
bovine-CoV,TATTTTTGCTAA
bovine-CoV,TCAGTAAAT
bovine-CoV,TGATTTTAT
bovine-CoV,TGCTGCTAA
bovine-CoV,TGGTTTGTAT
bovine-CoV,TGTTACTAA
bovine-CoV,TTAACTATA
bovine-CoV,TTAATGAATG
bovine-CoV,TTACTACCCT
bovine-CoV,TTACTATTGA
bovine-CoV,TTACTTGTA
bovine-CoV,TTAGTGCAG
bovine-CoV,TTATTAATGG
bovine-CoV,TTATTATGT
bovine-CoV,TTCTGCTTT
bovine-CoV,TTGATGCTA
bovine-CoV,TTGCTGGTG
bovine-CoV,TTGTAATAA
bovine-CoV,TTGTTAATG
bovine-CoV,TTGTTTTAA
bovine-CoV,TTTACTATT
bovine-CoV,TTTCCAGCA
bovine-CoV,TTTTACAGA
bovine-CoV,CCTGCAGGT
bovine-CoV,CTGGTATAG
bovine-CoV,TGGTATAGG
bovine-CoV,CCTGCAGGT
bovine-CoV,GTGTTTTTA
bovine-CoV,TGGCATAGG
bovine-CoV,AAAATCAAA
bovine-CoV,AATAATACT
bovine-CoV,AATGCTGAA
bovine-CoV,AATGCTGAT
bovine-CoV,AATGGTTTA
bovine-CoV,ACTATAGGTA
bovine-CoV,ACTGGTGTT
bovine-CoV,ACTGGTGTT
bovine-CoV,ACTTATTAT
bovine-CoV,ACTTGTAATA
bovine-CoV,ACTTTAGCT
bovine-CoV,AGGTTAATG
bovine-CoV,AGTAAATGA
bovine-CoV,AGTCAAAAT
bovine-CoV,ATAACTATAG
bovine-CoV,ATAGGAGATTT
bovine-CoV,ATGATGTTG
bovine-CoV,ATGCTGTTG
bovine-CoV,ATGGTATTA
bovine-CoV,ATGGTGTTA
bovine-CoV,ATGGTTTAAA
bovine-CoV,ATTTTATTT
bovine-CoV,ATTTTGATA
bovine-CoV,CACTGTTCAG
bovine-CoV,CAGCAGCAG
bovine-CoV,CCTGCAGGT
bovine-CoV,CGATTGTAATA
bovine-CoV,CTAATGGTA
bovine-CoV,CTATGGTTT
bovine-CoV,CTGATTTTA
bovine-CoV,CTTTGACTT
bovine-CoV,CTTTTAATT
bovine-CoV,CTTTTAATT
bovine-CoV,CTTTTAATT
bovine-CoV,GACACTGGTGTT
bovine-CoV,GACCTACAA
bovine-CoV,GACTTATTA
bovine-CoV,GATTTTACTA
bovine-CoV,GCTCTTAAT
bovine-CoV,GGTAGTGGTTACT
bovine-CoV,GGTAGTGGTT
bovine-CoV,GGTATTTTTG
bovine-CoV,GGTGTTGTT
bovine-CoV,GTAGGTAGTGGTT
bovine-CoV,GTTATAATG
bovine-CoV,TAATGGTAATC
bovine-CoV,TAATGGTATT
bovine-CoV,TAATGTATA
bovine-CoV,TACTATTGA
bovine-CoV,TACTTTTGT
bovine-CoV,TAGTTGGCA
bovine-CoV,TATTAATGGG
bovine-CoV,TATTATAAT
bovine-CoV,TATTTAAAT
bovine-CoV,TATTTTTGCTAA
bovine-CoV,TGCTGCTAA
bovine-CoV,TGGCATTGG
bovine-CoV,TGGTTTGTAT
bovine-CoV,TGTTAATTAT
bovine-CoV,TGTTACTAA
bovine-CoV,TGTTTGTGT
bovine-CoV,TTAATGAATG
bovine-CoV,TTAATTATA
bovine-CoV,TTACTAATGGT
bovine-CoV,TTAGTGCAG
bovine-CoV,TTGCTGGTG
bovine-CoV,TTGGTGCTAT
bovine-CoV,TTGTAATAG
bovine-CoV,TTGTTAATG
bovine-CoV,TTGTTCTACT
bovine-CoV,TTGTTTCCT
bovine-CoV,TTGTTTTAA
bovine-CoV,TTTACTAAT
bovine-CoV,TTTGTATTT
bovine-CoV,TTTTACAGA
bovine-CoV,TTTTACTAT
bovine-CoV,AAAATCAAA
bovine-CoV,AACCTGTAGGTG
bovine-CoV,AATAATACT
bovine-CoV,AATAGTGGTA
bovine-CoV,AATGCTGAA
bovine-CoV,AATGCTGAT
bovine-CoV,AATGGTTTA
bovine-CoV,ACTATAGGTA
bovine-CoV,ACTGGTGTT
bovine-CoV,ACTTATTAT
bovine-CoV,AGATTTGGT
bovine-CoV,AGGTTAATG
bovine-CoV,AGTAAAGTT
bovine-CoV,AGTAAATGA
bovine-CoV,AGTGGTTATT
bovine-CoV,ATAACTATAG
bovine-CoV,ATAGGAGATTT
bovine-CoV,ATGATGTTG
bovine-CoV,ATGCTCTTGA
bovine-CoV,ATGCTGTTG
bovine-CoV,ATGGCTTTT
bovine-CoV,ATGGTTTAAA
bovine-CoV,ATTTTATTT
bovine-CoV,CAGCAGCAG
bovine-CoV,CATGATGTT
bovine-CoV,CTACCAATT
bovine-CoV,CTATGGTTT
bovine-CoV,CTTTTAATT
bovine-CoV,GACCTACAA
bovine-CoV,GACTTATTA
bovine-CoV,GATTTGTCA
bovine-CoV,GCTCTTAAT
bovine-CoV,GGTAATGGT
bovine-CoV,GGTAGTGGTTA
bovine-CoV,GGTATTTTTG
bovine-CoV,GGTGTTGTT
bovine-CoV,GTAATATGG
bovine-CoV,GTTTCTGTT
bovine-CoV,TAAATCAGA
bovine-CoV,TAACTATAGA
bovine-CoV,TAACTATAG
bovine-CoV,TAATGGTAATC
bovine-CoV,TAATGGTAT
bovine-CoV,TAGTTGGCA
bovine-CoV,TATTAATGGG
bovine-CoV,TATTAATGG
bovine-CoV,TATTATAAT
bovine-CoV,TATTTAAAT
bovine-CoV,TATTTTTGCTAA
bovine-CoV,TCAGTAAAT
bovine-CoV,TGATTTTAT
bovine-CoV,TGCTGCTAA
bovine-CoV,TGGTTTGTAT
bovine-CoV,TGTTACTAA
bovine-CoV,TTAACTATA
bovine-CoV,TTAATGAATG
bovine-CoV,TTACTACCCT
bovine-CoV,TTACTATTGA
bovine-CoV,TTACTTGTA
bovine-CoV,TTAGTGCAG
bovine-CoV,TTATTAATGG
bovine-CoV,TTATTATGT
bovine-CoV,TTCTGCTTT
bovine-CoV,TTGCTGGTG
bovine-CoV,TTGTTAATG
bovine-CoV,TTGTTTTAA
bovine-CoV,TTTACTATT
bovine-CoV,TTTCCAGCA
bovine-CoV,TTTTACAGA
bovine-CoV,AAAAATCAAACA
bovine-CoV,AAAATCAAA
bovine-CoV,AAAATCAAA
bovine-CoV,AATAATACT
bovine-CoV,AATGCTGAA
bovine-CoV,AATGCTGAT
bovine-CoV,AATGGTTTA
bovine-CoV,ACTATAGGTA
bovine-CoV,ACTGGTGTT
bovine-CoV,ACTGGTGTT
bovine-CoV,ACTTATTAT
bovine-CoV,ACTTGTAATA
bovine-CoV,AGGTTAATG
bovine-CoV,AGTAAATGA
bovine-CoV,AGTGGTTATT
bovine-CoV,ATAACTATAG
bovine-CoV,ATAGGAGATTT
bovine-CoV,ATGATGTTG
bovine-CoV,ATGCTGTTG
bovine-CoV,ATGGTGTTA
bovine-CoV,ATGGTTTAAA
bovine-CoV,ATTTTATTT
bovine-CoV,CACTGTTCAG
bovine-CoV,CAGCAGCAG
bovine-CoV,CCTGCAGGT
bovine-CoV,CGATTGTAATA
bovine-CoV,CTAATGGTA
bovine-CoV,CTACCAATT
bovine-CoV,CTATGGTTT
bovine-CoV,CTGATTTTA
bovine-CoV,CTTTTAATT
bovine-CoV,CTTTTAATT
bovine-CoV,CTTTTAATT
bovine-CoV,GACACTGGTGTT
bovine-CoV,GACCTACAA
bovine-CoV,GACTTATTA
bovine-CoV,GATTTTACTA
bovine-CoV,GCTCTTAAT
bovine-CoV,GGTAGTGGTTA
bovine-CoV,GGTAGTGGTT
bovine-CoV,GGTATTTTTG
bovine-CoV,GGTGTTGTT
bovine-CoV,GTAGGTAGTGGTT
bovine-CoV,GTTTCTGTT
bovine-CoV,TAATGGTAT
bovine-CoV,TAATGTATA
bovine-CoV,TACCAATTTTGA
bovine-CoV,TAGTTGGCA
bovine-CoV,TATTAATGGG
bovine-CoV,TATTATAAT
bovine-CoV,TATTTAAAT
bovine-CoV,TATTTTTGCTAA
bovine-CoV,TCTTGTTTA
bovine-CoV,TGGTTATTAC
bovine-CoV,TGGTTTGTAT
bovine-CoV,TGTTACTAA
bovine-CoV,TTAATGAATG
bovine-CoV,TTACTAATGGT
bovine-CoV,TTACTATTGA
bovine-CoV,TTAGTGCAG
bovine-CoV,TTCTGCTTT
bovine-CoV,TTGCTGGTG
bovine-CoV,TTGGTGCTAT
bovine-CoV,TTGTAATAG
bovine-CoV,TTGTTAATG
bovine-CoV,TTTACTATT
bovine-CoV,TTTGTATTTT
bovine-CoV,TTTTACAGA
bovine-CoV,TTTTACTAT
bovine-CoV,TTTTGTTGAGG
bovine-CoV,AAAAATCAAACA
bovine-CoV,AAGATGGTGT
bovine-CoV,AATAATACT
bovine-CoV,AATGCTGAA
bovine-CoV,AATGCTGAT
bovine-CoV,AATGGTTTA
bovine-CoV,ACTATAGGTA
bovine-CoV,ACTGGTGTT
bovine-CoV,ACTGGTGTT
bovine-CoV,ACTTATTAT
bovine-CoV,ACTTGTAATA
bovine-CoV,AGCACAAGC
bovine-CoV,AGGAGATTT
bovine-CoV,AGGTTAATG
bovine-CoV,AGTAAATGA
bovine-CoV,AGTGGTTATT
bovine-CoV,ATAACTATAG
bovine-CoV,ATGATGTTG
bovine-CoV,ATGCTGTTG
bovine-CoV,ATTTTATTT
bovine-CoV,CATGATGTT
bovine-CoV,CATTATTAT
bovine-CoV,CTAATGGTA
bovine-CoV,CTTTGACTT
bovine-CoV,CTTTTAATT
bovine-CoV,CTTTTACTG
bovine-CoV,GACACTGGTGTT
bovine-CoV,GACCTACAA
bovine-CoV,GACTTATTA
bovine-CoV,GCTCTTAAT
bovine-CoV,GGTAGTGGTTA
bovine-CoV,GGTAGTGGT
bovine-CoV,GGTGTTGTT
bovine-CoV,GGTTACACT
bovine-CoV,GTAATATGG
bovine-CoV,GTAGGTAGTGGT
bovine-CoV,GTGATTGTT
bovine-CoV,GTTTCTGTT
bovine-CoV,TAAATTACA
bovine-CoV,TAACTATAGA
bovine-CoV,TAACTATAG
bovine-CoV,TAATGGTAATC
bovine-CoV,TAATTATTT
bovine-CoV,TAGTGGTTAC
bovine-CoV,TAGTGGTTA
bovine-CoV,TAGTTGGCA
bovine-CoV,TATAGTGTG
bovine-CoV,TATTATAAT
bovine-CoV,TATTTAAAT
bovine-CoV,TATTTTTGCTAA
bovine-CoV,TGGCATAGG
bovine-CoV,TGGTTATTAC
bovine-CoV,TGGTTTGTAT
bovine-CoV,TGTTAATGCA
bovine-CoV,TGTTAATTAT
bovine-CoV,TGTTACTAA
bovine-CoV,TGTTTCCTG
bovine-CoV,TGTTTTAAG
bovine-CoV,TTAAAGATGG
bovine-CoV,TTACTAATGGT
bovine-CoV,TTACTATTGA
bovine-CoV,TTAGTGCAG
bovine-CoV,TTATGTAAA
bovine-CoV,TTATTATGT
bovine-CoV,TTCCATTTT
bovine-CoV,TTGAGGCTT
bovine-CoV,TTGCTGGTG
bovine-CoV,TTGGGTAAT
bovine-CoV,TTGTTTATG
bovine-CoV,TTGTTTTAA
bovine-CoV,TTTACTAAT
bovine-CoV,TTTACTATT
bovine-CoV,TTTGTATTT
bovine-CoV,TTTTAAGCC
bovine-CoV,TTTTACAGA
bovine-CoV,TTTTGTTGAGG
bovine-CoV,TTTTTGATA
bovine-CoV,AATAATACT
bovine-CoV,AATGCTGAA
bovine-CoV,AATGCTGAT
bovine-CoV,AATGGTTTA
bovine-CoV,ACTATAGGTA
bovine-CoV,ACTGGTGTT
bovine-CoV,ACTGGTGTT
bovine-CoV,ACTTATTAT
bovine-CoV,ACTTGTAATA
bovine-CoV,ACTTTAGCT
bovine-CoV,AGGTTAATG
bovine-CoV,AGTAAATGA
bovine-CoV,AGTGGTTATT
bovine-CoV,ATAACTATAG
bovine-CoV,ATAGGAGATTT
bovine-CoV,ATGATGTTG
bovine-CoV,ATGCTCTTG
bovine-CoV,ATGCTGTTG
bovine-CoV,ATGGTATTA
bovine-CoV,ATGGTGTTA
bovine-CoV,ATGGTTTAAA
bovine-CoV,ATTTTATTT
bovine-CoV,ATTTTGATA
bovine-CoV,CACTGTTCAG
bovine-CoV,CAGCAGCAG
bovine-CoV,CCTGCAGGT
bovine-CoV,CGATTGTAATA
bovine-CoV,CTAATGGTA
bovine-CoV,CTACCAATT
bovine-CoV,CTATGGTTT
bovine-CoV,CTTTGACTT
bovine-CoV,CTTTTAATT
bovine-CoV,CTTTTAATT
bovine-CoV,CTTTTAATT
bovine-CoV,GACACTGGTGTT
bovine-CoV,GACTTATTA
bovine-CoV,GATTTTACTA
bovine-CoV,GCTCTTAAT
bovine-CoV,GGTAGTGGTTA
bovine-CoV,GGTAGTGGTT
bovine-CoV,GGTATTTTTG
bovine-CoV,GGTGTTGTT
bovine-CoV,GTAGGTAGTGGTT
bovine-CoV,GTTATAATG
bovine-CoV,TAATGGTAATC
bovine-CoV,TAATGGTATT
bovine-CoV,TAATGTATA
bovine-CoV,TACTAATTAT
bovine-CoV,TACTATTGA
bovine-CoV,TACTTTTGT
bovine-CoV,TAGTTGGCA
bovine-CoV,TATTAATGGG
bovine-CoV,TATTATAAT
bovine-CoV,TATTTAAAT
bovine-CoV,TATTTTTGCTAA
bovine-CoV,TGCTGCTAA
bovine-CoV,TGGCATTGG
bovine-CoV,TGGTTATTAC
bovine-CoV,TGGTTTGTAT
bovine-CoV,TGTTAATTAT
bovine-CoV,TGTTACTAA
bovine-CoV,TGTTTGTGT
bovine-CoV,TTAATGAATG
bovine-CoV,TTAATTATA
bovine-CoV,TTACTAATGGT
bovine-CoV,TTAGTGCAG
bovine-CoV,TTGCTGGTG
bovine-CoV,TTGGTGCTAT
bovine-CoV,TTGTAATAG
bovine-CoV,TTGTTAATG
bovine-CoV,TTGTTCTACT
bovine-CoV,TTGTTTCCT
bovine-CoV,TTGTTTTAA
bovine-CoV,TTTACTAAT
bovine-CoV,TTTGTATTTT
bovine-CoV,TTTTACAGA
bovine-CoV,TTTTACTAT
bovine-CoV,AAAATCAAA
bovine-CoV,AAGATGGTGT
bovine-CoV,AATAATACTT
bovine-CoV,AATAGTGGTA
bovine-CoV,AATGCTGAA
bovine-CoV,AATGCTGAT
bovine-CoV,AATGGTTTA
bovine-CoV,ACTATAGGTA
bovine-CoV,ACTGGTGTT
bovine-CoV,ACTGGTGTT
bovine-CoV,ACTTATTAT
bovine-CoV,ACTTGTAATA
bovine-CoV,AGGTTAATG
bovine-CoV,AGTAAATGA
bovine-CoV,AGTGGTTATT
bovine-CoV,ATAACTATAG
bovine-CoV,ATAGGAGATTT
bovine-CoV,ATATGAGTA
bovine-CoV,ATGATGTTG
bovine-CoV,ATGCTCTTG
bovine-CoV,ATGCTGTTG
bovine-CoV,ATGGCTTTT
bovine-CoV,ATGGTTTAAA
bovine-CoV,ATTAATGGG
bovine-CoV,ATTTTATTT
bovine-CoV,ATTTTGATAGT
bovine-CoV,CAGCAGCAG
bovine-CoV,CATGATGTT
bovine-CoV,CCTGCAGGT
bovine-CoV,CTAAAGTTA
bovine-CoV,CTAATGGTA
bovine-CoV,CTATGGTTT
bovine-CoV,CTGATTTTA
bovine-CoV,CTGTTAATT
bovine-CoV,CTTTTAATT
bovine-CoV,GACACTGGTGTT
bovine-CoV,GACCTACAA
bovine-CoV,GACTTATTA
bovine-CoV,GCTCTTAAT
bovine-CoV,GGTAATGGT
bovine-CoV,GGTAGTGGTTA
bovine-CoV,GGTATTTTTG
bovine-CoV,GGTGTTGTT
bovine-CoV,GTAATATGG
bovine-CoV,GTTTCTGTT
bovine-CoV,TAACTATAGA
bovine-CoV,TAACTATAG
bovine-CoV,TAATATTGA
bovine-CoV,TAATGGTAATC
bovine-CoV,TACTAATTTTGA
bovine-CoV,TAGTTGGCA
bovine-CoV,TATTATAAT
bovine-CoV,TATTTAAAT
bovine-CoV,TATTTTTGCTAA
bovine-CoV,TGCTGCTAA
bovine-CoV,TGGTTATTAC
bovine-CoV,TGGTTTGTAT
bovine-CoV,TGTAATATT
bovine-CoV,TGTTAATTAT
bovine-CoV,TGTTACTAA
bovine-CoV,TTAAAGATGG
bovine-CoV,TTAATGAATG
bovine-CoV,TTACTAATGGT
bovine-CoV,TTACTATTGA
bovine-CoV,TTAGTGCAG
bovine-CoV,TTATTATGT
bovine-CoV,TTCTGCTTT
bovine-CoV,TTGAGGCTT
bovine-CoV,TTGCTGGTG
bovine-CoV,TTGGTGCTAT
bovine-CoV,TTGTTAATG
bovine-CoV,TTGTTTTAA
bovine-CoV,TTTACTAAT
bovine-CoV,TTTACTATT
bovine-CoV,TTTCTGTTT
bovine-CoV,TTTGTATTTC
bovine-CoV,TTTTACAGA
bovine-CoV,TTTTGTTGAGG
bovine-CoV,AAAATCAAA
bovine-CoV,AATAATACT
bovine-CoV,AATGCTGAA
bovine-CoV,AATGCTGAT
bovine-CoV,AATGGTTTA
bovine-CoV,ACTATAGGTA
bovine-CoV,ACTGGTGTT
bovine-CoV,ACTGGTGTT
bovine-CoV,ACTTATTAT
bovine-CoV,ACTTGTAATA
bovine-CoV,ACTTTAGCT
bovine-CoV,AGGTTAATG
bovine-CoV,AGTAAATGA
bovine-CoV,AGTCAAAAT
bovine-CoV,AGTGGTTATT
bovine-CoV,ATAACTATAG
bovine-CoV,ATAGGAGATTT
bovine-CoV,ATGATGTTG
bovine-CoV,ATGCTGTTG
bovine-CoV,ATGGTATTA
bovine-CoV,ATGGTGTTA
bovine-CoV,ATGGTTTAAA
bovine-CoV,ATTTTATTT
bovine-CoV,ATTTTGATA
bovine-CoV,CACTGTTCAG
bovine-CoV,CAGCAGCAG
bovine-CoV,CCTGCAGGT
bovine-CoV,CGATTGTAATA
bovine-CoV,CTAATGGTA
bovine-CoV,CTATGGTTT
bovine-CoV,CTATTGATT
bovine-CoV,CTTTTAATT
bovine-CoV,CTTTTAATT
bovine-CoV,CTTTTAATT
bovine-CoV,GACACTGGTGTT
bovine-CoV,GACTTATTA
bovine-CoV,GATTTTACTA
bovine-CoV,GCTCTTAAT
bovine-CoV,GGTAGTGGTTA
bovine-CoV,GGTAGTGGTT
bovine-CoV,GGTATTTTTG
bovine-CoV,GGTGTTGTT
bovine-CoV,GTAGGTAGTGGTT
bovine-CoV,GTTATAATG
bovine-CoV,GTTTCTGTT
bovine-CoV,TAATGGTAATC
bovine-CoV,TAATGGTATT
bovine-CoV,TACTATTGA
bovine-CoV,TACTTTTGT
bovine-CoV,TAGTTGGCA
bovine-CoV,TATTAATGGG
bovine-CoV,TATTATAAT
bovine-CoV,TATTTAAAT
bovine-CoV,TATTTTTGCTAA
bovine-CoV,TGCTGCTAA
bovine-CoV,TGGTTATTA
bovine-CoV,TGGTTTGTAT
bovine-CoV,TGTGTATTTA
bovine-CoV,TGTTAATTAT
bovine-CoV,TGTTACTAA
bovine-CoV,TTAATGAATG
bovine-CoV,TTAATTATA
bovine-CoV,TTACTAATGGT
bovine-CoV,TTAGTGCAG
bovine-CoV,TTGCTGGTG
bovine-CoV,TTGGTGCTAT
bovine-CoV,TTGTAATAG
bovine-CoV,TTGTTAATG
bovine-CoV,TTGTTTCCT
bovine-CoV,TTGTTTTAA
bovine-CoV,TTTACTAAT
bovine-CoV,TTTGTATGA
bovine-CoV,TTTGTATTT
bovine-CoV,TTTTACAGA
bovine-CoV,TTTTACTAT
bovine-CoV,AAAACCAAA
bovine-CoV,AAGATGGTGT
bovine-CoV,AATGCTGAA
bovine-CoV,AATGCTGAT
bovine-CoV,AATGGTTTA
bovine-CoV,ACACTTTGG
bovine-CoV,ACTATAGGTA
bovine-CoV,ACTTATTAT
bovine-CoV,ACTTGTAATA
bovine-CoV,AGATTTGGT
bovine-CoV,AGGTTAATG
bovine-CoV,AGTAAAGTT
bovine-CoV,AGTAAATGA
bovine-CoV,AGTGGTTATT
bovine-CoV,ATAACTATAG
bovine-CoV,ATAGGAGATTT
bovine-CoV,ATGATGTTG
bovine-CoV,ATGCTGTTG
bovine-CoV,ATTTTGGGT
bovine-CoV,ATTTTTGCTAA
bovine-CoV,CAGCAGCAG
bovine-CoV,CATGATGTT
bovine-CoV,CCTGCAGGT
bovine-CoV,CGATTGCAATA
bovine-CoV,CTAATGGTA
bovine-CoV,CTGATTTTA
bovine-CoV,CTGGTATAG
bovine-CoV,CTGTTAATT
bovine-CoV,CTTTTAATT
bovine-CoV,GACACTGGTGTT
bovine-CoV,GACCTACAA
bovine-CoV,GCTCTTAAT
bovine-CoV,GGTAGTGGTTA
bovine-CoV,GGTAGTGGTT
bovine-CoV,GGTGTTGTT
bovine-CoV,GGTTTGTAT
bovine-CoV,GTAATATGG
bovine-CoV,GTAGGTAGTGGTT
bovine-CoV,TAACTATAGA
bovine-CoV,TAACTATAG
bovine-CoV,TAATGGTAATC
bovine-CoV,TAATGGTATT
bovine-CoV,TAATGGTAT
bovine-CoV,TAATGGTAT
bovine-CoV,TAGGTACTT
bovine-CoV,TAGTTGGCA
bovine-CoV,TATTAATGG
bovine-CoV,TATTATAAT
bovine-CoV,TATTTAAAT
bovine-CoV,TCTGATGTC
bovine-CoV,TGCTGCTAA
bovine-CoV,TGGTTATTAC
bovine-CoV,TGGTTTAAA
bovine-CoV,TGTTAATTAT
bovine-CoV,TGTTACTAA
bovine-CoV,TTAAAGATGG
bovine-CoV,TTAATGAATG
bovine-CoV,TTACTAATGGT
bovine-CoV,TTACTATTGA
bovine-CoV,TTAGTGCAG
bovine-CoV,TTATTATGT
bovine-CoV,TTCTGCTTT
bovine-CoV,TTGAGGCTT
bovine-CoV,TTGATACTAC
bovine-CoV,TTGCTGGTG
bovine-CoV,TTGGGTAAT
bovine-CoV,TTGGTGCTAT
bovine-CoV,TTGTTAATG
bovine-CoV,TTGTTTCCT
bovine-CoV,TTGTTTTAA
bovine-CoV,TTTACTAAT
bovine-CoV,TTTACTATT
bovine-CoV,TTTGGGTTA
bovine-CoV,TTTGTATTT
bovine-CoV,TTTTACAGA
bovine-CoV,TTTTGGGTT
bovine-CoV,TTTTGTTGAGG
bovine-CoV,CCTGCAGGT
bovine-CoV,TAGTTGGCA
bovine-CoV,TATTATAAT
bovine-CoV,TGGCATAGG
bovine-CoV,AACCTGTAGGTG
bovine-CoV,AATAGTGGTA
bovine-CoV,AATGCTGAT
bovine-CoV,ACTATAGGTA
bovine-CoV,ACTGGTGTT
bovine-CoV,ACTTATTAT
bovine-CoV,ACTTGTTCTA
bovine-CoV,AGTAAATGA
bovine-CoV,ATAACTATAG
bovine-CoV,ATGATGTTG
bovine-CoV,CATGATGTT
bovine-CoV,CTATGGTTT
bovine-CoV,GGTATTTTTG
bovine-CoV,GGTGTTGTT
bovine-CoV,GTAATATGG
bovine-CoV,GTTTCTGTT
bovine-CoV,TAACTATAGA
bovine-CoV,TAACTATAG
bovine-CoV,TAGTTGGCA
bovine-CoV,TATTATAAT
bovine-CoV,TATTTTTGCTAA
bovine-CoV,TGATTTTAT
bovine-CoV,TGCTGCTAA
bovine-CoV,TGTTACTAA
bovine-CoV,TTACTATTGA
bovine-CoV,TTACTTGTA
bovine-CoV,TTATTATGT
bovine-CoV,TTTTACAGA
bovine-CoV,CCTGCAGGT
bovine-CoV,TGGCATAGG
bovine-CoV,AAAATCAAA
bovine-CoV,AAGATGGTGT
bovine-CoV,AATGCTGAA
bovine-CoV,AATGGTTTA
bovine-CoV,ACTATAGGTA
bovine-CoV,ACTGGTGTT
bovine-CoV,ACTGGTGTT
bovine-CoV,ACTTATTAT
bovine-CoV,ACTTGTAATA
bovine-CoV,AGATTTGGT
bovine-CoV,AGGTTAATG
bovine-CoV,AGTAAAGTT
bovine-CoV,AGTGGTTAC
bovine-CoV,AGTGGTTATT
bovine-CoV,ATAACTATAG
bovine-CoV,ATAGGAGATTT
bovine-CoV,ATGCTCTTG
bovine-CoV,ATGCTGTTG
bovine-CoV,CAGCAGCAG
bovine-CoV,CATGATGTT
bovine-CoV,CCTGCAGGT
bovine-CoV,CGATTGCAATA
bovine-CoV,CTAATGGTA
bovine-CoV,CTGATTTTA
bovine-CoV,CTGTTAATT
bovine-CoV,CTTTTAATT
bovine-CoV,CTTTTAATT
bovine-CoV,CTTTTAATT
bovine-CoV,GACACTGGTGTT
bovine-CoV,GACCTACAA
bovine-CoV,GACTTATTA
bovine-CoV,GCTCTTAAT
bovine-CoV,GGTAGTGGTTA
bovine-CoV,GGTAGTGGTT
bovine-CoV,GGTGTTGTT
bovine-CoV,GGTTACACT
bovine-CoV,GTAATATGG
bovine-CoV,GTAGGTAGTGGTT
bovine-CoV,GTTTCTGTT
bovine-CoV,TAATGGTAATC
bovine-CoV,TAATGGTATT
bovine-CoV,TAATGGTAT
bovine-CoV,TAATGGTAT
bovine-CoV,TAGTTGGCA
bovine-CoV,TATTAATGG
bovine-CoV,TATTATAAT
bovine-CoV,TATTTAAAT
bovine-CoV,TATTTTTGCTAA
bovine-CoV,TGCTATACT
bovine-CoV,TGCTGCTAA
bovine-CoV,TGGCATAGG
bovine-CoV,TGGTTATTAC
bovine-CoV,TGGTTTAAA
bovine-CoV,TGGTTTGTAT
bovine-CoV,TGTTAATTA
bovine-CoV,TGTTACTAA
bovine-CoV,TTAAAGATGG
bovine-CoV,TTAATGAATG
bovine-CoV,TTACTAATGGT
bovine-CoV,TTACTATTGA
bovine-CoV,TTAGTGCAG
bovine-CoV,TTATTATGT
bovine-CoV,TTCTGCTTT
bovine-CoV,TTGAGGCTT
bovine-CoV,TTGCTATAC
bovine-CoV,TTGCTGGTG
bovine-CoV,TTGGGTAAT
bovine-CoV,TTGGTGCTAT
bovine-CoV,TTGTTAATG
bovine-CoV,TTGTTTTAA
bovine-CoV,TTTACTAAT
bovine-CoV,TTTACTATT
bovine-CoV,TTTGTATTT
bovine-CoV,TTTTACAGA
bovine-CoV,TTTTGTTGAGG
bovine-CoV,AAAAATCAAACA
bovine-CoV,AAAATCAAA
bovine-CoV,AAAATCAAA
bovine-CoV,AATAATACT
bovine-CoV,AATAGTGGTA
bovine-CoV,AATGCTGAA
bovine-CoV,AATGCTGAT
bovine-CoV,AATGGTTTA
bovine-CoV,ACTATAGGTA
bovine-CoV,ACTGGTGTT
bovine-CoV,ACTGGTGTT
bovine-CoV,ACTTATTAT
bovine-CoV,ACTTGTAATA
bovine-CoV,AGGTTAATG
bovine-CoV,AGTAAATGA
bovine-CoV,AGTGGTTATT
bovine-CoV,ATAACTATAG
bovine-CoV,ATAGGAGATTT
bovine-CoV,ATGATGTTG
bovine-CoV,ATGCTGTTG
bovine-CoV,ATGGTGTTA
bovine-CoV,ATGGTTTAAA
bovine-CoV,ATTTTATTT
bovine-CoV,CACTGTTCAG
bovine-CoV,CAGCAGCAG
bovine-CoV,CCTGCAGGT
bovine-CoV,CGATTGTAATA
bovine-CoV,CTAATGGTA
bovine-CoV,CTACCAATT
bovine-CoV,CTATGGTTT
bovine-CoV,CTGATTTTA
bovine-CoV,CTTTTAATT
bovine-CoV,GACACTGGTGTT
bovine-CoV,GACCTACAA
bovine-CoV,GACTTATTA
bovine-CoV,GCTCTTAAT
bovine-CoV,GGTAGTGGTTA
bovine-CoV,GGTATTTTTG
bovine-CoV,GGTGTTGTT
bovine-CoV,GTTATAATG
bovine-CoV,GTTTCTGTT
bovine-CoV,TAACTATAGA
bovine-CoV,TAACTATAG
bovine-CoV,TAATGGTAATC
bovine-CoV,TAATGGTATT
bovine-CoV,TAATGGTAT
bovine-CoV,TAATGGTAT
bovine-CoV,TAATGTATA
bovine-CoV,TACCAATTT
bovine-CoV,TAGTTGGCA
bovine-CoV,TATTAATGG
bovine-CoV,TATTATAAT
bovine-CoV,TATTTAAAT
bovine-CoV,TATTTTTGCTAA
bovine-CoV,TGCTGCTAA
bovine-CoV,TGGTTATTAC
bovine-CoV,TGGTTTGTAT
bovine-CoV,TGTTACTAA
bovine-CoV,TTAATGAATG
bovine-CoV,TTACTAATGGT
bovine-CoV,TTACTATTGA
bovine-CoV,TTAGTGCAG
bovine-CoV,TTCTGCTTT
bovine-CoV,TTGCTGGTG
bovine-CoV,TTGGTGCTAT
bovine-CoV,TTGTAATAG
bovine-CoV,TTGTTAATG
bovine-CoV,TTTACTATT
bovine-CoV,TTTGTATTT
bovine-CoV,TTTTACAGA
bovine-CoV,TTTTGTTGAGG
bovine-CoV,AAAATCAAA
bovine-CoV,AATAATACT
bovine-CoV,AATGCTGAA
bovine-CoV,AATGCTGAT
bovine-CoV,AATGGTTTA
bovine-CoV,ACTATAGGTA
bovine-CoV,ACTGGTGTT
bovine-CoV,ACTGGTGTT
bovine-CoV,ACTTATTAT
bovine-CoV,ACTTGTAATA
bovine-CoV,ACTTTAGCT
bovine-CoV,AGGTTAATG
bovine-CoV,AGTAAATGA
bovine-CoV,AGTCAAAAT
bovine-CoV,AGTGGTTATT
bovine-CoV,ATAACTATAG
bovine-CoV,ATAGGAGATTT
bovine-CoV,ATGATGTTG
bovine-CoV,ATGCTGTTG
bovine-CoV,ATGGTATTA
bovine-CoV,ATGGTGTTA
bovine-CoV,ATGGTTTAAA
bovine-CoV,ATTTTATTT
bovine-CoV,ATTTTGATA
bovine-CoV,CACTGTTCAG
bovine-CoV,CAGCAGCAG
bovine-CoV,CCTGCAGGT
bovine-CoV,CGATTGTAATA
bovine-CoV,CTAATGGTA
bovine-CoV,CTACTAATT
bovine-CoV,CTATGGTTT
bovine-CoV,CTTTGACTT
bovine-CoV,CTTTTAATT
bovine-CoV,CTTTTAATT
bovine-CoV,CTTTTAATT
bovine-CoV,GACACTGGTGTT
bovine-CoV,GACTTATTA
bovine-CoV,GATTTTACTA
bovine-CoV,GCTCTTAAT
bovine-CoV,GGTAGTGGTTA
bovine-CoV,GGTAGTGGTT
bovine-CoV,GGTATTTTTG
bovine-CoV,GGTGTTGTT
bovine-CoV,GTAGGTAGTGGTT
bovine-CoV,GTTATAATG
bovine-CoV,TAATGGTAATC
bovine-CoV,TAATGGTATT
bovine-CoV,TAATGTATA
bovine-CoV,TACTAATTAT
bovine-CoV,TACTATTGA
bovine-CoV,TACTTTTGT
bovine-CoV,TAGTTGGCA
bovine-CoV,TATTAATGGG
bovine-CoV,TATTATAAT
bovine-CoV,TATTTAAAT
bovine-CoV,TATTTTTGCTAA
bovine-CoV,TGCTGCTAA
bovine-CoV,TGGCATTGG
bovine-CoV,TGGTTATTA
bovine-CoV,TGGTTTGTAT
bovine-CoV,TGTTAATTAT
bovine-CoV,TGTTACTAA
bovine-CoV,TGTTTGTGT
bovine-CoV,TTAATGAATG
bovine-CoV,TTAATTATA
bovine-CoV,TTACTAATGGT
bovine-CoV,TTAGTGCAG
bovine-CoV,TTGCTGGTG
bovine-CoV,TTGGTGCTAT
bovine-CoV,TTGTAATAG
bovine-CoV,TTGTTAATG
bovine-CoV,TTGTTCTACT
bovine-CoV,TTGTTTCCT
bovine-CoV,TTGTTTTAA
bovine-CoV,TTTACTAAT
bovine-CoV,TTTGTATTTT
bovine-CoV,TTTTACAGA
bovine-CoV,TTTTACTAT
bovine-CoV,AAAATCAAA
bovine-CoV,AAGATGGTGT
bovine-CoV,AATGCTGAA
bovine-CoV,AATGGTTTA
bovine-CoV,ACTATAGGTA
bovine-CoV,ACTGGTGTT
bovine-CoV,ACTGGTGTT
bovine-CoV,ACTTATTAT
bovine-CoV,ACTTGTAATA
bovine-CoV,AGATTTGGT
bovine-CoV,AGGTTAATG
bovine-CoV,AGTAAAGTT
bovine-CoV,AGTAAATGA
bovine-CoV,AGTGGTTAC
bovine-CoV,AGTGGTTATT
bovine-CoV,ATAACTATAG
bovine-CoV,ATAGGAGATTT
bovine-CoV,ATGATGTTG
bovine-CoV,ATGCTCTTG
bovine-CoV,ATGCTGTTG
bovine-CoV,CAGCAGCAG
bovine-CoV,CATGATGTT
bovine-CoV,CCTGCAGGT
bovine-CoV,CGATTGCAATA
bovine-CoV,CTAATGGTA
bovine-CoV,CTGATTTTA
bovine-CoV,CTTTTAATT
bovine-CoV,CTTTTAATT
bovine-CoV,CTTTTAATT
bovine-CoV,GACACTGGTGTT
bovine-CoV,GACCTACAA
bovine-CoV,GACTTATTA
bovine-CoV,GCTCTTAAT
bovine-CoV,GGTAGTGGTTA
bovine-CoV,GGTAGTGGTT
bovine-CoV,GGTGTTGTT
bovine-CoV,GGTTACACT
bovine-CoV,GTAATATGG
bovine-CoV,GTAGGTAGTGGTT
bovine-CoV,GTTTCTGTT
bovine-CoV,TAATGGTAATC
bovine-CoV,TAATGGTATT
bovine-CoV,TAATGGTAT
bovine-CoV,TAATGGTAT
bovine-CoV,TAGTTGGCA
bovine-CoV,TATTAATGG
bovine-CoV,TATTATAAT
bovine-CoV,TATTTAAAT
bovine-CoV,TATTTTTGCTAA
bovine-CoV,TGCTGCTAA
bovine-CoV,TGGCATAGG
bovine-CoV,TGGTTATTAC
bovine-CoV,TGGTTTAAA
bovine-CoV,TGGTTTGTAT
bovine-CoV,TGTAAAATGG
bovine-CoV,TGTTACTAA
bovine-CoV,TTAAAGATGG
bovine-CoV,TTAATGAATG
bovine-CoV,TTACTAATGGT
bovine-CoV,TTACTATTGA
bovine-CoV,TTAGTGCAG
bovine-CoV,TTATTATGT
bovine-CoV,TTCTGCTTT
bovine-CoV,TTGAGGCTT
bovine-CoV,TTGCTGGTG
bovine-CoV,TTGGGTAAT
bovine-CoV,TTGGTGCTAT
bovine-CoV,TTGTTAATG
bovine-CoV,TTGTTTTAA
bovine-CoV,TTTACTAAT
bovine-CoV,TTTACTATT
bovine-CoV,TTTGTATTT
bovine-CoV,TTTTACAGA
bovine-CoV,TTTTCTAAA
bovine-CoV,TTTTGTTGAGG
bovine-CoV,AAAATCAAA
bovine-CoV,AAGATGGTGT
bovine-CoV,AATAATACT
bovine-CoV,AATGCTGAA
bovine-CoV,AATGCTGAT
bovine-CoV,AATGGTTTA
bovine-CoV,ACTATAGGTA
bovine-CoV,ACTGGTGTT
bovine-CoV,ACTGGTGTT
bovine-CoV,ACTTATTAT
bovine-CoV,ACTTGTAATA
bovine-CoV,AGATTTGGT
bovine-CoV,AGGTTAATG
bovine-CoV,AGTAAAGTT
bovine-CoV,AGTAAATGA
bovine-CoV,AGTGGTTAC
bovine-CoV,AGTGGTTATT
bovine-CoV,ATAACTATAG
bovine-CoV,ATAGGAGATTT
bovine-CoV,ATGATGTTG
bovine-CoV,ATGCTGTTG
bovine-CoV,CAGCAGCAG
bovine-CoV,CATGATGTT
bovine-CoV,CGATTGCAATA
bovine-CoV,CTAATGGTA
bovine-CoV,CTGTTAATT
bovine-CoV,CTTTGACTT
bovine-CoV,CTTTTAATT
bovine-CoV,CTTTTAATT
bovine-CoV,CTTTTAATT
bovine-CoV,GACACTGGTGTT
bovine-CoV,GACCTACAA
bovine-CoV,GACTTATTA
bovine-CoV,GCTCTTAAT
bovine-CoV,GGTAGTGGTTA
bovine-CoV,GGTAGTGGT
bovine-CoV,GGTGTTGTT
bovine-CoV,GGTTACACT
bovine-CoV,GGTTTGTAT
bovine-CoV,GTAATATGG
bovine-CoV,GTAGGTAGTGGT
bovine-CoV,GTTTCTGTT
bovine-CoV,TAATGGTAATC
bovine-CoV,TAATGGTATT
bovine-CoV,TAATGGTAT
bovine-CoV,TAATGGTAT
bovine-CoV,TATTAATGG
bovine-CoV,TATTATAAT
bovine-CoV,TATTTAAAT
bovine-CoV,TATTTTTGCTAA
bovine-CoV,TGCTGCTAA
bovine-CoV,TGGTTATTAC
bovine-CoV,TGGTTTAAA
bovine-CoV,TGTTAATTAT
bovine-CoV,TGTTACTAA
bovine-CoV,TTAAAGATGG
bovine-CoV,TTAATGAATG
bovine-CoV,TTAATTATA
bovine-CoV,TTACTAATGGT
bovine-CoV,TTACTATTGA
bovine-CoV,TTAGTGCAG
bovine-CoV,TTATGTAAA
bovine-CoV,TTATTATGT
bovine-CoV,TTCTGCTTT
bovine-CoV,TTGCTGGTG
bovine-CoV,TTGGGTAAT
bovine-CoV,TTGGTGCTAT
bovine-CoV,TTGTTTATG
bovine-CoV,TTGTTTTAA
bovine-CoV,TTTACTAAT
bovine-CoV,TTTACTATT
bovine-CoV,TTTGTATTT
bovine-CoV,TTTTACAGA
bovine-CoV,CCTGCAGGT
bovine-CoV,CTGGTATAG
bovine-CoV,TAGTTGGCA
bovine-CoV,TATTATAAT
bovine-CoV,CCTGCAGGT
bovine-CoV,TGGCATAGG
bovine-CoV,AAAACCAAA
bovine-CoV,AAGATGGTGT
bovine-CoV,AATGCTGAA
bovine-CoV,AATGCTGAT
bovine-CoV,AATGGTTTA
bovine-CoV,ACTATAGGTA
bovine-CoV,ACTGGTGTT
bovine-CoV,ACTGGTGTT
bovine-CoV,ACTTATTAT
bovine-CoV,ACTTGTAATA
bovine-CoV,AGATTTGGT
bovine-CoV,AGGTTAATG
bovine-CoV,AGTAAAGTT
bovine-CoV,AGTAAATGA
bovine-CoV,AGTGGTTATT
bovine-CoV,ATAACTATAG
bovine-CoV,ATAGGAGATTT
bovine-CoV,ATGATGTTG
bovine-CoV,ATGCTGTTG
bovine-CoV,ATTTTGGGT
bovine-CoV,ATTTTTGCTAA
bovine-CoV,CAGCAGCAG
bovine-CoV,CATGATGTT
bovine-CoV,CCTGCAGGT
bovine-CoV,CGATTGCAATA
bovine-CoV,CTAATGGTA
bovine-CoV,CTGATTTTA
bovine-CoV,CTGGTATAG
bovine-CoV,CTGTTAATT
bovine-CoV,CTTTTAATT
bovine-CoV,GACACTGGTGTT
bovine-CoV,GACCTACAA
bovine-CoV,GCTCTTAAT
bovine-CoV,GGTAGTGGTTA
bovine-CoV,GGTAGTGGTT
bovine-CoV,GGTGTTGTT
bovine-CoV,GGTTTGTAT
bovine-CoV,GTAATATGG
bovine-CoV,GTAGGTAGTGGTT
bovine-CoV,TAACTATAGA
bovine-CoV,TAACTATAG
bovine-CoV,TAATGGTAATC
bovine-CoV,TAATGGTATT
bovine-CoV,TAATGGTAT
bovine-CoV,TAATGGTAT
bovine-CoV,TAGGTACTT
bovine-CoV,TAGTTGGCA
bovine-CoV,TATTAATGG
bovine-CoV,TATTATAAT
bovine-CoV,TATTTAAAT
bovine-CoV,TCTGATGTC
bovine-CoV,TGCTGCTAA
bovine-CoV,TGGTTATTAC
bovine-CoV,TGGTTTAAA
bovine-CoV,TGTTAATTAT
bovine-CoV,TGTTACTAA
bovine-CoV,TTAAAGATGG
bovine-CoV,TTAATGAATG
bovine-CoV,TTACTAATGGT
bovine-CoV,TTACTATTGA
bovine-CoV,TTAGTGCAG
bovine-CoV,TTATTATGT
bovine-CoV,TTCTGCTTT
bovine-CoV,TTGAGGCTT
bovine-CoV,TTGCTGGTG
bovine-CoV,TTGGGTAAT
bovine-CoV,TTGGTGCTAT
bovine-CoV,TTGTCAATG
bovine-CoV,TTGTTTTAA
bovine-CoV,TTTACTAAT
bovine-CoV,TTTACTATT
bovine-CoV,TTTGGGTTA
bovine-CoV,TTTGTATTT
bovine-CoV,TTTTACAGA
bovine-CoV,TTTTGGGTT
bovine-CoV,TTTTGTTGAGG
bovine-CoV,CCTGCAGGT
bovine-CoV,AAAATCAAA
bovine-CoV,AAGATGGTGTTA
bovine-CoV,AATAATACT
bovine-CoV,AATAGTGGTA
bovine-CoV,AATGCAACT
bovine-CoV,AATGCTGAA
bovine-CoV,AATGCTGAT
bovine-CoV,AATGGTTTA
bovine-CoV,ACTACTTTT
bovine-CoV,ACTATAGGTA
bovine-CoV,ACTGGTGTT
bovine-CoV,ACTGGTGTT
bovine-CoV,ACTTATTAT
bovine-CoV,ACTTGTAATA
bovine-CoV,AGGTTAATG
bovine-CoV,AGTAAATGA
bovine-CoV,AGTGGTTATT
bovine-CoV,ATAACTATAG
bovine-CoV,ATAGGAGATTT
bovine-CoV,ATGATGTTG
bovine-CoV,ATGCTGTTG
bovine-CoV,ATGGTTTAAA
bovine-CoV,ATTTTATTT
bovine-CoV,ATTTTGATA
bovine-CoV,CAATACCCAA
bovine-CoV,CACTGTTCAG
bovine-CoV,CAGCAGCAG
bovine-CoV,CCTGCAGGT
bovine-CoV,CGATTGTAATA
bovine-CoV,CTAATGGTA
bovine-CoV,CTACCAATT
bovine-CoV,CTATGGTTT
bovine-CoV,CTGATTTTA
bovine-CoV,CTGTTAATT
bovine-CoV,CTTGCCAAC
bovine-CoV,CTTTGACTT
bovine-CoV,GACACTGGTGTT
bovine-CoV,GACCTACAA
bovine-CoV,GATTGTAATA
bovine-CoV,GATTGTAATA
bovine-CoV,GCTCTTAAT
bovine-CoV,GCTGGTTAT
bovine-CoV,GGTAGTGGTTA
bovine-CoV,GGTAGTGGTT
bovine-CoV,GGTATTTTTG
bovine-CoV,GGTGTTGTT
bovine-CoV,GTAATATGG
bovine-CoV,GTAGGTAGTGGTT
bovine-CoV,GTGTTAATT
bovine-CoV,GTTAATGCAA
bovine-CoV,GTTATAATG
bovine-CoV,GTTTCTGTT
bovine-CoV,GTTTTAAAG
bovine-CoV,TAACTATAGA
bovine-CoV,TAACTATAG
bovine-CoV,TAATATTGA
bovine-CoV,TAATGGTAATC
bovine-CoV,TAATGGTAT
bovine-CoV,TAATTTGGG
bovine-CoV,TACTATTGA
bovine-CoV,TACTTTTTT
bovine-CoV,TAGTGTTGT
bovine-CoV,TATTAATGGG
bovine-CoV,TATTATAAT
bovine-CoV,TATTTAAAT
bovine-CoV,TATTTTTGCTAA
bovine-CoV,TGCTAAGGT
bovine-CoV,TGCTGCTAA
bovine-CoV,TGGTTATTA
bovine-CoV,TGGTTTGTAT
bovine-CoV,TGTAATATT
bovine-CoV,TGTTAATTAT
bovine-CoV,TGTTACTAA
bovine-CoV,TTACTAATGGT
bovine-CoV,TTAGTGCAG
bovine-CoV,TTATTAATG
bovine-CoV,TTCTGCTTT
bovine-CoV,TTGAGGCTT
bovine-CoV,TTGCTGGTG
bovine-CoV,TTGGGTAAT
bovine-CoV,TTGGTGCTAT
bovine-CoV,TTGTAATAA
bovine-CoV,TTGTAATAGTG
bovine-CoV,TTGTTAATG
bovine-CoV,TTGTTTTAA
bovine-CoV,TTTCCAGCA
bovine-CoV,TTTGTATTT
bovine-CoV,TTTTACAGA
bovine-CoV,TTTTGTTGAGG
bovine-CoV,AAAACCAAA
bovine-CoV,AAATTTTTGT
bovine-CoV,AAGATGGTGT
bovine-CoV,AATGCTGAA
bovine-CoV,AATGCTGAT
bovine-CoV,AATGGTTTA
bovine-CoV,ACTATAGGTA
bovine-CoV,ACTGGTGTT
bovine-CoV,ACTGGTGTT
bovine-CoV,ACTTATTAT
bovine-CoV,ACTTGTAATA
bovine-CoV,AGGTTAATG
bovine-CoV,AGTAAAGTT
bovine-CoV,AGTAAATGA
bovine-CoV,AGTGGTTATT
bovine-CoV,ATAACTATAG
bovine-CoV,ATGATGTTG
bovine-CoV,ATGCTCTTG
bovine-CoV,ATGCTGTTG
bovine-CoV,CAGCAGCAG
bovine-CoV,CATGATGTT
bovine-CoV,CCTGCAGGT
bovine-CoV,CTAATGGTA
bovine-CoV,CTGATTTTA
bovine-CoV,CTGCTTTTG
bovine-CoV,CTGTTAATT
bovine-CoV,CTTTGACTT
bovine-CoV,CTTTTAATT
bovine-CoV,GACACTGGTGTT
bovine-CoV,GACCTACAA
bovine-CoV,GCTCTTAAT
bovine-CoV,GGTAATGGT
bovine-CoV,GGTAGTGGTTA
bovine-CoV,GGTGTTGTT
bovine-CoV,GTAATATGG
bovine-CoV,GTTTCTGTT
bovine-CoV,TAAATTGGG
bovine-CoV,TAACTATAGA
bovine-CoV,TAACTATAG
bovine-CoV,TAATATTGA
bovine-CoV,TAATGGTAATC
bovine-CoV,TAATGGTATT
bovine-CoV,TAATGGTAT
bovine-CoV,TAATGGTAT
bovine-CoV,TAGTTGGCA
bovine-CoV,TATTAATGG
bovine-CoV,TATTATAAT
bovine-CoV,TATTTAAAT
bovine-CoV,TATTTTTGCTAA
bovine-CoV,TGCTGCTAA
bovine-CoV,TGGCATAGG
bovine-CoV,TGGTTATTAC
bovine-CoV,TGGTTTAAA
bovine-CoV,TGGTTTGTAT
bovine-CoV,TGTAATATT
bovine-CoV,TGTTAATTAT
bovine-CoV,TGTTACTAA
bovine-CoV,TTAAAGATGG
bovine-CoV,TTAATGAATG
bovine-CoV,TTACTAATGGT
bovine-CoV,TTACTATTGA
bovine-CoV,TTAGTGCAG
bovine-CoV,TTATTATGT
bovine-CoV,TTCTGCTTT
bovine-CoV,TTGAGGCTT
bovine-CoV,TTGCTGGTG
bovine-CoV,TTGGGTAAT
bovine-CoV,TTGGTGCTAT
bovine-CoV,TTGTTAATG
bovine-CoV,TTGTTTTAA
bovine-CoV,TTTACTAAT
bovine-CoV,TTTACTATT
bovine-CoV,TTTGTATTT
bovine-CoV,TTTTACAGA
bovine-CoV,TTTTGTTGAGG
bovine-CoV,CCTGCAGGT
bovine-CoV,CTGGTATAG
bovine-CoV,TGGTATAGG
bovine-CoV,AAAACCAAA
bovine-CoV,AATAATACT
bovine-CoV,AATGCTGAT
bovine-CoV,AATGGTTTA
bovine-CoV,ACTATAGGTA
bovine-CoV,ACTGGTGTT
bovine-CoV,ACTGGTGTT
bovine-CoV,ACTTATTAT
bovine-CoV,ACTTGTAATA
bovine-CoV,AGATTTGGT
bovine-CoV,AGGTTAATG
bovine-CoV,AGTAAAGTT
bovine-CoV,AGTAAATGA
bovine-CoV,AGTGGTTATT
bovine-CoV,ATAACTATAG
bovine-CoV,ATAGGAGATTT
bovine-CoV,ATGATGTTG
bovine-CoV,ATGCTCTTG
bovine-CoV,ATGCTGTTG
bovine-CoV,CAGCAGCAG
bovine-CoV,CATGATGTT
bovine-CoV,CCTGCAGGT
bovine-CoV,CGATTGTAATA
bovine-CoV,CTAATGGTA
bovine-CoV,CTGATTTTA
bovine-CoV,CTGCTTTTG
bovine-CoV,CTGGTATAG
bovine-CoV,CTGTTAATT
bovine-CoV,CTTTGACTT
bovine-CoV,CTTTTAATT
bovine-CoV,GACACTGGTGTT
bovine-CoV,GACCTACAA
bovine-CoV,GCTCTTAAT
bovine-CoV,GGTAGTGGTTA
bovine-CoV,GGTAGTGGTT
bovine-CoV,GGTGTTGTT
bovine-CoV,GTAATATGG
bovine-CoV,GTAGGTAGTGGTT
bovine-CoV,GTTTCTGTT
bovine-CoV,TAACTATAGA
bovine-CoV,TAACTATAG
bovine-CoV,TAATATTGA
bovine-CoV,TAATGGTAATC
bovine-CoV,TAATGGTATT
bovine-CoV,TAATGGTAT
bovine-CoV,TAATGGTAT
bovine-CoV,TAGGTACTT
bovine-CoV,TAGTTGGCA
bovine-CoV,TATTAATGG
bovine-CoV,TATTATAAT
bovine-CoV,TATTTAAAT
bovine-CoV,TATTTTTGC
bovine-CoV,TGCTGCTAA
bovine-CoV,TGGTTATTAC
bovine-CoV,TGGTTTAAA
bovine-CoV,TGGTTTGTAT
bovine-CoV,TGTAATATT
bovine-CoV,TGTTAATTAT
bovine-CoV,TGTTACTAA
bovine-CoV,TTAATGAATG
bovine-CoV,TTACTAATGGT
bovine-CoV,TTACTATTGA
bovine-CoV,TTAGTGCAG
bovine-CoV,TTATTATGT
bovine-CoV,TTCTGCTTT
bovine-CoV,TTGAGGCTT
bovine-CoV,TTGCTGGTG
bovine-CoV,TTGGGTAAT
bovine-CoV,TTGGTGCTAT
bovine-CoV,TTGTAATAA
bovine-CoV,TTGTTAATG
bovine-CoV,TTGTTTGTG
bovine-CoV,TTGTTTTAA
bovine-CoV,TTTACTAAT
bovine-CoV,TTTACTATT
bovine-CoV,TTTGTATTTT
bovine-CoV,TTTTACAGA
bovine-CoV,TTTTGTTGAGG
bovine-CoV,AAGATGGTGT
bovine-CoV,GACACTGGTGTT
bovine-CoV,AAAACCAAA
bovine-CoV,AAGATGGTGT
bovine-CoV,AATGCTGAA
bovine-CoV,AATGCTGAT
bovine-CoV,AATGGTTTA
bovine-CoV,ACTATAGGTA
bovine-CoV,ACTGGTGTT
bovine-CoV,ACTGGTGTT
bovine-CoV,ACTTATTAT
bovine-CoV,ACTTGTAATA
bovine-CoV,AGGTTAATG
bovine-CoV,AGTAAAGTT
bovine-CoV,AGTAAATGA
bovine-CoV,AGTGGTTATT
bovine-CoV,ATAACTATAG
bovine-CoV,ATAGGAGATTT
bovine-CoV,ATGATGTTG
bovine-CoV,ATGCTCTTG
bovine-CoV,ATGCTGTTG
bovine-CoV,CAGCAGCAG
bovine-CoV,CATGATGTT
bovine-CoV,CCTGCAGGT
bovine-CoV,CGATTGCAATA
bovine-CoV,CTAATGGTA
bovine-CoV,CTGATTTTA
bovine-CoV,CTTTGACTT
bovine-CoV,CTTTTAATT
bovine-CoV,GACACTGGTGTT
bovine-CoV,GACCTACAA
bovine-CoV,GCTCTTAAT
bovine-CoV,GGTAGTGGTTA
bovine-CoV,GGTAGTGGTT
bovine-CoV,GGTGTTACC
bovine-CoV,GGTGTTGTT
bovine-CoV,GGTTTGTAT
bovine-CoV,GTAATATGG
bovine-CoV,GTAGGTAGTGGTT
bovine-CoV,GTTTCTGTT
bovine-CoV,TAACTATAGA
bovine-CoV,TAACTATAG
bovine-CoV,TAATGGTAATC
bovine-CoV,TAATGGTATT
bovine-CoV,TAATGGTAT
bovine-CoV,TAATGGTAT
bovine-CoV,TAGTTGGCA
bovine-CoV,TATTAATGG
bovine-CoV,TATTATAAT
bovine-CoV,TATTTAAAT
bovine-CoV,TATTTTTGCTAA
bovine-CoV,TGCTGCTAA
bovine-CoV,TGGTTATTAC
bovine-CoV,TGGTTTAAA
bovine-CoV,TGTTAATTAT
bovine-CoV,TGTTACTAA
bovine-CoV,TGTTTATTTA
bovine-CoV,TTAAAGATGG
bovine-CoV,TTAATGAATG
bovine-CoV,TTACTAATGGT
bovine-CoV,TTACTATTGA
bovine-CoV,TTAGTGCAG
bovine-CoV,TTATTATGT
bovine-CoV,TTCTGCTTT
bovine-CoV,TTGAGGCTT
bovine-CoV,TTGCTGGTG
bovine-CoV,TTGGGTAAT
bovine-CoV,TTGGTGCTAT
bovine-CoV,TTGTTAATG
bovine-CoV,TTGTTTTAA
bovine-CoV,TTTACTAAT
bovine-CoV,TTTACTATT
bovine-CoV,TTTGTATTT
bovine-CoV,TTTTGTTGAGG
bovine-CoV,AAAATCAAA
bovine-CoV,AAGATGGTGT
bovine-CoV,AATAATACT
bovine-CoV,AATGCTGAA
bovine-CoV,AATGCTGAT
bovine-CoV,AATGGTTTA
bovine-CoV,ACTATAGGTA
bovine-CoV,ACTGGTGTT
bovine-CoV,ACTGGTGTT
bovine-CoV,ACTTATTAT
bovine-CoV,ACTTGTAATA
bovine-CoV,AGATTTGGT
bovine-CoV,AGGTTAATG
bovine-CoV,AGTAAAGTT
bovine-CoV,AGTAAATGA
bovine-CoV,AGTGGTTAC
bovine-CoV,AGTGGTTATT
bovine-CoV,ATAACTATAG
bovine-CoV,ATAGGAGATTT
bovine-CoV,ATGATGTTG
bovine-CoV,ATGCTGTTG
bovine-CoV,CAGCAGCAG
bovine-CoV,CATGATGTT
bovine-CoV,CGATTGCAATA
bovine-CoV,CTGTTAATT
bovine-CoV,CTTTGACTT
bovine-CoV,CTTTTAATT
bovine-CoV,CTTTTAATT
bovine-CoV,CTTTTAATT
bovine-CoV,GACACTGGTGTT
bovine-CoV,GACCTACAAT
bovine-CoV,GACTTATTA
bovine-CoV,GCTCTTAAT
bovine-CoV,GGTAGTGGTTA
bovine-CoV,GGTAGTGGT
bovine-CoV,GGTGTTGTT
bovine-CoV,GGTTACACT
bovine-CoV,GGTTTGTAT
bovine-CoV,GTAATATGG
bovine-CoV,GTAGGTAGTGGT
bovine-CoV,GTTTCTGTT
bovine-CoV,TAATGGTAATC
bovine-CoV,TAATGGTAT
bovine-CoV,TAATGGTAT
bovine-CoV,TAGTTGGCA
bovine-CoV,TATTAATGGTATT
bovine-CoV,TATTAATGG
bovine-CoV,TATTATAAT
bovine-CoV,TATTTAAAT
bovine-CoV,TATTTTTGCTAA
bovine-CoV,TGCTGCTAA
bovine-CoV,TGGCATAGG
bovine-CoV,TGGTTATTAC
bovine-CoV,TGGTTTAAA
bovine-CoV,TGTTAATTAT
bovine-CoV,TGTTACTAA
bovine-CoV,TTAAAGATGG
bovine-CoV,TTAATGAATG
bovine-CoV,TTAATTATA
bovine-CoV,TTACTATTGA
bovine-CoV,TTAGTGCAG
bovine-CoV,TTATGTAAA
bovine-CoV,TTATTAATGG
bovine-CoV,TTATTATGT
bovine-CoV,TTCTGCTTT
bovine-CoV,TTGAGGCTT
bovine-CoV,TTGCTGGTG
bovine-CoV,TTGGGTAAT
bovine-CoV,TTGTAATTTTAAT
bovine-CoV,TTGTTTATG
bovine-CoV,TTGTTTTAA
bovine-CoV,TTTACTATT
bovine-CoV,TTTGTATTT
bovine-CoV,TTTTACAGA
bovine-CoV,TTTTGTTGAGG
bovine-CoV,AAAATCAAA
bovine-CoV,AATAATACT
bovine-CoV,AATGCTGAA
bovine-CoV,AATGCTGAT
bovine-CoV,AATGGTAATC
bovine-CoV,AATGGTTTA
bovine-CoV,ACTATAGGTA
bovine-CoV,ACTGGTGTT
bovine-CoV,ACTGGTGTT
bovine-CoV,ACTTATTAT
bovine-CoV,ACTTGTAATA
bovine-CoV,AGATTTGGT
bovine-CoV,AGGAGATTT
bovine-CoV,AGGTTAATG
bovine-CoV,AGTAAAGTT
bovine-CoV,AGTAAATGA
bovine-CoV,AGTGGTTATT
bovine-CoV,ATAACTATAG
bovine-CoV,ATGATGTTG
bovine-CoV,ATGCTGTTG
bovine-CoV,ATGGTTTAAA
bovine-CoV,ATTTTGATAG
bovine-CoV,CAGCAGCAG
bovine-CoV,CATGATGTT
bovine-CoV,CCAATGGTA
bovine-CoV,CTGATTTTA
bovine-CoV,CTGCTTTTG
bovine-CoV,CTGGTATAG
bovine-CoV,CTGTTAATT
bovine-CoV,CTTTGACTT
bovine-CoV,CTTTTAATT
bovine-CoV,CTTTTAATT
bovine-CoV,CTTTTAATT
bovine-CoV,GACACTGGTGTT
bovine-CoV,GCTCTTAAT
bovine-CoV,GGTAGTGGTTA
bovine-CoV,GGTAGTGGTT
bovine-CoV,GGTGTTGTT
bovine-CoV,GTAATATGG
bovine-CoV,GTAGGTAGTGGTT
bovine-CoV,GTTTCTGTT
bovine-CoV,TAATATTGA
bovine-CoV,TAATGGTAT
bovine-CoV,TACTAATTTTGA
bovine-CoV,TAGGTACTT
bovine-CoV,TATTAATGGG
bovine-CoV,TATTATAAT
bovine-CoV,TATTTAAAT
bovine-CoV,TATTTTTGCTAA
bovine-CoV,TGCTGCTAA
bovine-CoV,TGGTATAGGT
bovine-CoV,TGGTTATTAC
bovine-CoV,TGGTTTGTAT
bovine-CoV,TGTAATATT
bovine-CoV,TGTGGTGGT
bovine-CoV,TGTTAATTAT
bovine-CoV,TGTTACTAA
bovine-CoV,TTAATGAATG
bovine-CoV,TTAATTATA
bovine-CoV,TTACTAATGGT
bovine-CoV,TTACTATTGA
bovine-CoV,TTAGAGATT
bovine-CoV,TTAGTGCAG
bovine-CoV,TTATTATGT
bovine-CoV,TTCTGCTTT
bovine-CoV,TTGAGGCTT
bovine-CoV,TTGCTGGTG
bovine-CoV,TTGTAATAA
bovine-CoV,TTGTTAATG
bovine-CoV,TTGTTTGTG
bovine-CoV,TTGTTTTAA
bovine-CoV,TTTACTAAT
bovine-CoV,TTTACTATT
bovine-CoV,TTTCTGTTT
bovine-CoV,TTTGTATTT
bovine-CoV,TTTTACAGA
bovine-CoV,TTTTGTTGAGG
bovine-CoV,AAAATCAAA
bovine-CoV,AATAATACT
bovine-CoV,AATGCTGAA
bovine-CoV,AATGCTGAT
bovine-CoV,AATGGTTTA
bovine-CoV,ACTATAGGTA
bovine-CoV,ACTGGTGTT
bovine-CoV,ACTGGTGTT
bovine-CoV,ACTTATTAT
bovine-CoV,AGGTTAATG
bovine-CoV,AGTAAATGA
bovine-CoV,AGTGGTTATT
bovine-CoV,AGTTTCTGT
bovine-CoV,ATAACTATAG
bovine-CoV,ATAGGAGATTT
bovine-CoV,ATATGAGTA
bovine-CoV,ATGATGTTG
bovine-CoV,ATGCTCTTG
bovine-CoV,ATGCTGTTG
bovine-CoV,ATGGTTTAAA
bovine-CoV,ATTAATGGG
bovine-CoV,ATTTTATTT
bovine-CoV,ATTTTTGCTAA
bovine-CoV,CAGCAGCAG
bovine-CoV,CATGATGTT
bovine-CoV,CATTCTTGG
bovine-CoV,CCTGCAGGT
bovine-CoV,CTAAAGTTA
bovine-CoV,CTATGGTTT
bovine-CoV,CTGATTTTA
bovine-CoV,CTGGTATAG
bovine-CoV,CTGTTAATT
bovine-CoV,CTTTTAATT
bovine-CoV,GACACTGGTGTT
bovine-CoV,GACCTACAA
bovine-CoV,GACTTATTA
bovine-CoV,GATTTGTAAT
bovine-CoV,GCTCTTAAT
bovine-CoV,GGTAGTGGTTA
bovine-CoV,GTAATATGG
bovine-CoV,GTGTTGTCA
bovine-CoV,TAACTATAGA
bovine-CoV,TAACTATAG
bovine-CoV,TAATATTGA
bovine-CoV,TAATGGTAATC
bovine-CoV,TATAGGAGA
bovine-CoV,TATTATAAT
bovine-CoV,TATTTAAAT
bovine-CoV,TGGTATAGG
bovine-CoV,TGGTGTCAC
bovine-CoV,TGGTTATTAC
bovine-CoV,TGGTTTGTAT
bovine-CoV,TGTAATATT
bovine-CoV,TGTTAATTAT
bovine-CoV,TTAATGAATG
bovine-CoV,TTACTAATGG
bovine-CoV,TTACTATTGA
bovine-CoV,TTAGTGCAG
bovine-CoV,TTATTATGT
bovine-CoV,TTCTGCTTT
bovine-CoV,TTGAGGCTT
bovine-CoV,TTGCTGGTG
bovine-CoV,TTGGTGCTAT
bovine-CoV,TTGTTAATG
bovine-CoV,TTGTTTTAA
bovine-CoV,TTTACTAAT
bovine-CoV,TTTACTATT
bovine-CoV,TTTCTGTTT
bovine-CoV,TTTGTATTT
bovine-CoV,TTTTACAGA
bovine-CoV,TTTTGTTGAGG
bovine-CoV,AAAATCAAA
bovine-CoV,AAGATGGTGT
bovine-CoV,AATAATACT
bovine-CoV,AATGCTGAA
bovine-CoV,AATGCTGAT
bovine-CoV,AATGGTTTA
bovine-CoV,ACCTTTTCT
bovine-CoV,ACTATAGGTA
bovine-CoV,ACTGGTGTT
bovine-CoV,ACTGGTGTT
bovine-CoV,ACTTATTAT
bovine-CoV,ACTTGTAATA
bovine-CoV,AGGTTAATG
bovine-CoV,AGTAAAGTT
bovine-CoV,AGTAAATGA
bovine-CoV,AGTGGTTAC
bovine-CoV,AGTGGTTATT
bovine-CoV,ATAACTATAG
bovine-CoV,ATGATGTTG
bovine-CoV,ATGCTGTTG
bovine-CoV,ATTTTATTT
bovine-CoV,CAGCAGCAG
bovine-CoV,CATGATGTT
bovine-CoV,CGATTGCAATA
bovine-CoV,CTAATGGTA
bovine-CoV,CTGTTAATT
bovine-CoV,CTGTTGATT
bovine-CoV,CTTTGACTT
bovine-CoV,CTTTTAATT
bovine-CoV,GACACTGGTGTT
bovine-CoV,GACCTACAA
bovine-CoV,GACTTATTA
bovine-CoV,GCTCTTAAT
bovine-CoV,GGTAGTGGTTA
bovine-CoV,GGTAGTGGTT
bovine-CoV,GGTGTTGTT
bovine-CoV,GGTTACACT
bovine-CoV,GGTTTGTAT
bovine-CoV,GTAATATGG
bovine-CoV,GTAGGTAGTGGTT
bovine-CoV,GTTTCTGTT
bovine-CoV,TAATGGTAATC
bovine-CoV,TAATGGTATT
bovine-CoV,TAATGGTAT
bovine-CoV,TAATGGTAT
bovine-CoV,TAGTTGGCA
bovine-CoV,TATAGTGTG
bovine-CoV,TATTAATGG
bovine-CoV,TATTATAAT
bovine-CoV,TATTTAAAT
bovine-CoV,TATTTTTGCTAA
bovine-CoV,TGCTGCTAA
bovine-CoV,TGGCATAGG
bovine-CoV,TGGTTATTAC
bovine-CoV,TGGTTTAAA
bovine-CoV,TGTTAATTAT
bovine-CoV,TGTTACTAA
bovine-CoV,TGTTTCCTG
bovine-CoV,TTAAAGATGG
bovine-CoV,TTAATGAATG
bovine-CoV,TTAATTATA
bovine-CoV,TTACTAATGGT
bovine-CoV,TTACTATTGA
bovine-CoV,TTAGTGCAG
bovine-CoV,TTATGTAAA
bovine-CoV,TTATTATGT
bovine-CoV,TTCTGCTTT
bovine-CoV,TTGAGGCTT
bovine-CoV,TTGCTGGTG
bovine-CoV,TTGGGTAAT
bovine-CoV,TTGGTGCTAT
bovine-CoV,TTGTTTATG
bovine-CoV,TTGTTTGTG
bovine-CoV,TTGTTTTAA
bovine-CoV,TTTACTAAT
bovine-CoV,TTTACTATT
bovine-CoV,TTTGTATTTT
bovine-CoV,TTTTACAGA
bovine-CoV,TTTTGTTGAGG
bovine-CoV,AGTAAATGA
bovine-CoV,CATGATGTT
bovine-CoV,CCTGCAGGT
bovine-CoV,CTGGTATAG
bovine-CoV,GTAGGTAGTGG
bovine-CoV,TAATTATTT
bovine-CoV,TAGTTGGCA
bovine-CoV,TATTATAAT
bovine-CoV,AAGATGGTGT
bovine-CoV,AATGCTGAT
bovine-CoV,ACTGGTGTT
bovine-CoV,ACTTATTAT
bovine-CoV,ACTTGTAATA
bovine-CoV,ATAACTATAG
bovine-CoV,CATGATGTT
bovine-CoV,CCTGCAGGT
bovine-CoV,CTAATGGTA
bovine-CoV,GGTGTTGTT
bovine-CoV,GTAGGTAATGGT
bovine-CoV,GTTTCTGTT
bovine-CoV,TAACTATAGA
bovine-CoV,TAACTATAG
bovine-CoV,TAATGGTTA
bovine-CoV,TAGTTGGCA
bovine-CoV,TATTATAAT
bovine-CoV,TATTTTTGCTAA
bovine-CoV,TGCTGCTAA
bovine-CoV,TGGCATAGG
bovine-CoV,TGTTACTAA
bovine-CoV,TTACTAATGGT
bovine-CoV,TTATTATGT
bovine-CoV,TTGGGTAAT
bovine-CoV,TTTACTAAT
bovine-CoV,TTTTACAGA
bovine-CoV,AAAATCAAA
bovine-CoV,AAGATGGTGT
bovine-CoV,AATGCTGAA
bovine-CoV,AATGCTGAT
bovine-CoV,AATGGTTTA
bovine-CoV,ACTATAGGTA
bovine-CoV,ACTTATTAT
bovine-CoV,ACTTGTAATA
bovine-CoV,AGATTTGGT
bovine-CoV,AGGTTAATG
bovine-CoV,AGTAAAGTT
bovine-CoV,AGTAAATGA
bovine-CoV,AGTGGTTAC
bovine-CoV,AGTGGTTATT
bovine-CoV,ATAACTATAG
bovine-CoV,ATAGGAGATTT
bovine-CoV,ATGATGTTG
bovine-CoV,ATGCTCTTG
bovine-CoV,ATGCTGTTG
bovine-CoV,CACTGGTGTT
bovine-CoV,CACTGGTGTT
bovine-CoV,CAGCAGCAG
bovine-CoV,CATGATGTT
bovine-CoV,CCTGCAGGT
bovine-CoV,CGATTGCAATA
bovine-CoV,CTAATGGTA
bovine-CoV,CTGATTTTA
bovine-CoV,CTGTTAATT
bovine-CoV,CTTTGACTT
bovine-CoV,CTTTTAATT
bovine-CoV,CTTTTAATT
bovine-CoV,CTTTTAATT
bovine-CoV,GACACTGGTGTT
bovine-CoV,GACCTACAA
bovine-CoV,GCTCTTAAT
bovine-CoV,GGTAGTGGTTA
bovine-CoV,GGTAGTGGTT
bovine-CoV,GGTGTTGTT
bovine-CoV,GGTTACACT
bovine-CoV,GTAATATGG
bovine-CoV,GTAGGTAGTGGTT
bovine-CoV,GTTTCTGTT
bovine-CoV,TAATGGTAATC
bovine-CoV,TAATGGTATT
bovine-CoV,TAATGGTAT
bovine-CoV,TAATGGTAT
bovine-CoV,TAATTTGGG
bovine-CoV,TAATTTTAAT
bovine-CoV,TAGTTGGCA
bovine-CoV,TATTAATGG
bovine-CoV,TATTATAAT
bovine-CoV,TATTTAAAT
bovine-CoV,TATTTTTGCTAA
bovine-CoV,TGCTGCTAA
bovine-CoV,TGGCATAGG
bovine-CoV,TGGTTATTAC
bovine-CoV,TGGTTTAAA
bovine-CoV,TGGTTTGTAT
bovine-CoV,TGTTAATTAT
bovine-CoV,TGTTACTAA
bovine-CoV,TTAAAGATGG
bovine-CoV,TTAATGAATG
bovine-CoV,TTAATTATA
bovine-CoV,TTACTAATGGT
bovine-CoV,TTAGTGCAG
bovine-CoV,TTATTATGT
bovine-CoV,TTCTGCTTT
bovine-CoV,TTGAGGCTT
bovine-CoV,TTGCTGGTG
bovine-CoV,TTGGGTAAT
bovine-CoV,TTGGTGCTAT
bovine-CoV,TTGTTAATG
bovine-CoV,TTGTTTTAA
bovine-CoV,TTTACTAAT
bovine-CoV,TTTACTATT
bovine-CoV,TTTGTATTTC
bovine-CoV,TTTTACAGA
bovine-CoV,AAAACCAAA
bovine-CoV,AAGATGGTGT
bovine-CoV,AATGCTGAA
bovine-CoV,AATGCTGAT
bovine-CoV,AATGGTTTA
bovine-CoV,ACTATAGGTA
bovine-CoV,ACTGGTGTT
bovine-CoV,ACTGGTGTT
bovine-CoV,ACTTGTAATA
bovine-CoV,AGGTTAATG
bovine-CoV,AGTAAAGTT
bovine-CoV,AGTAAATGA
bovine-CoV,AGTGGTTATT
bovine-CoV,ATAACTATAG
bovine-CoV,ATGATGTTG
bovine-CoV,ATGCTCTTG
bovine-CoV,ATGCTGTTG
bovine-CoV,CAGCAGCAG
bovine-CoV,CATGATGTT
bovine-CoV,CATGTAAAT
bovine-CoV,CCTGCAGGT
bovine-CoV,CGATTGCAATA
bovine-CoV,CTAATGGTA
bovine-CoV,CTGATTTTA
bovine-CoV,CTGTTAATT
bovine-CoV,CTTTGACTT
bovine-CoV,CTTTTAATT
bovine-CoV,GACACTGGTGTT
bovine-CoV,GACCTACAA
bovine-CoV,GCTCTTAAT
bovine-CoV,GGTAATGGT
bovine-CoV,GGTAGTGGTTA
bovine-CoV,GGTGTTACC
bovine-CoV,GGTGTTGTT
bovine-CoV,GGTTTGTAT
bovine-CoV,GTAATATGG
bovine-CoV,GTTTCTGTT
bovine-CoV,TAAATTGGG
bovine-CoV,TAACTATAGA
bovine-CoV,TAACTATAG
bovine-CoV,TAATGGTAATC
bovine-CoV,TAATGGTATT
bovine-CoV,TAATGGTAT
bovine-CoV,TAATGGTAT
bovine-CoV,TAGTTGGCA
bovine-CoV,TATTAATGG
bovine-CoV,TATTTAAAT
bovine-CoV,TATTTTTGCTAA
bovine-CoV,TGGCATAGG
bovine-CoV,TGGTTATTAC
bovine-CoV,TGGTTTAAA
bovine-CoV,TGTTAATTAT
bovine-CoV,TGTTACTAA
bovine-CoV,TTAAAGATGG
bovine-CoV,TTAATGAATG
bovine-CoV,TTACTAATGGT
bovine-CoV,TTACTATTGA
bovine-CoV,TTAGTGCAG
bovine-CoV,TTCTGCTTT
bovine-CoV,TTGAGGCTT
bovine-CoV,TTGCTGGTG
bovine-CoV,TTGGTGCTAT
bovine-CoV,TTGTTAATG
bovine-CoV,TTGTTTTAA
bovine-CoV,TTTACTAAT
bovine-CoV,TTTACTATT
bovine-CoV,TTTGTATTT
bovine-CoV,TTTTACAGA
bovine-CoV,TTTTGTTGAGG
bovine-CoV,AAAATCAAA
bovine-CoV,AATAATACT
bovine-CoV,AATGCTGAA
bovine-CoV,AATGCTGAT
bovine-CoV,AATGGTTTA
bovine-CoV,ACTATAGGTA
bovine-CoV,ACTGGTGTT
bovine-CoV,ACTGGTGTT
bovine-CoV,ACTGGTTAT
bovine-CoV,ACTTATTAT
bovine-CoV,ACTTGTAATA
bovine-CoV,AGGTTAATG
bovine-CoV,AGTAAATGA
bovine-CoV,AGTGGTTATT
bovine-CoV,AGTTTCTGT
bovine-CoV,ATAACTATAG
bovine-CoV,ATAGGAGATTT
bovine-CoV,ATATGAGTA
bovine-CoV,ATGATGTTG
bovine-CoV,ATGCTGTTG
bovine-CoV,ATGGTTTAAA
bovine-CoV,ATTAATGGG
bovine-CoV,ATTTTATTT
bovine-CoV,ATTTTTGCTAA
bovine-CoV,CAGCAGCAG
bovine-CoV,CATGATGTT
bovine-CoV,CATTCTTGG
bovine-CoV,CCTGCAGGT
bovine-CoV,CTAAAGTTA
bovine-CoV,CTATGGTTT
bovine-CoV,CTGATTTTA
bovine-CoV,CTGTTAATT
bovine-CoV,CTTTTAATT
bovine-CoV,GACACTGGTGTT
bovine-CoV,GACCTACAA
bovine-CoV,GACTTATTA
bovine-CoV,GCTCTTAAT
bovine-CoV,GGTAGTGGTTA
bovine-CoV,GTAATATGG
bovine-CoV,GTGTTGTCA
bovine-CoV,TAACTATAGA
bovine-CoV,TAACTATAG
bovine-CoV,TAATATTGA
bovine-CoV,TAATGGTAATC
bovine-CoV,TATAGGAGA
bovine-CoV,TATTATAAT
bovine-CoV,TATTTAAAT
bovine-CoV,TGGATGTTC
bovine-CoV,TGGTATAGG
bovine-CoV,TGGTTATTAC
bovine-CoV,TGGTTTGTAT
bovine-CoV,TGTAATATT
bovine-CoV,TGTTAATTAT
bovine-CoV,TTAATGAATG
bovine-CoV,TTACTAATGG
bovine-CoV,TTACTATTGA
bovine-CoV,TTAGTGCAG
bovine-CoV,TTATGGTAT
bovine-CoV,TTATTATGT
bovine-CoV,TTCTGCTTT
bovine-CoV,TTGAGGCTT
bovine-CoV,TTGCTGGTG
bovine-CoV,TTGGTGCTAT
bovine-CoV,TTGTTAATG
bovine-CoV,TTGTTTTAA
bovine-CoV,TTTACTAAT
bovine-CoV,TTTACTATT
bovine-CoV,TTTCTGTTT
bovine-CoV,TTTGTATTT
bovine-CoV,TTTTACAGA
bovine-CoV,TTTTGTTGAGG
bovine-CoV,AATAATACT
bovine-CoV,AATGCTGAA
bovine-CoV,AATGCTGAT
bovine-CoV,AATGGTTTA
bovine-CoV,ACTATAGGTA
bovine-CoV,ACTGGTGTT
bovine-CoV,ACTGGTGTT
bovine-CoV,ACTTATTAT
bovine-CoV,ACTTGTAATA
bovine-CoV,AGGTTAATG
bovine-CoV,AGTAAATGA
bovine-CoV,AGTGGTTATT
bovine-CoV,AGTTTAATG
bovine-CoV,ATAACTATAG
bovine-CoV,ATAATGTTG
bovine-CoV,ATAGGAGATTT
bovine-CoV,ATAGTGGTA
bovine-CoV,ATGATGTTG
bovine-CoV,ATGCTGTTG
bovine-CoV,ATGGTGTTA
bovine-CoV,ATGGTTTAAA
bovine-CoV,ATTTTATTT
bovine-CoV,CACTGTTCAG
bovine-CoV,CAGCAGCAG
bovine-CoV,CGATTGTAATA
bovine-CoV,CTAATGGTA
bovine-CoV,CTACCAATT
bovine-CoV,CTATGGTTT
bovine-CoV,CTGATTTTA
bovine-CoV,CTTTTAATT
bovine-CoV,CTTTTAATT
bovine-CoV,CTTTTAATT
bovine-CoV,GACACTGGTGTT
bovine-CoV,GACCTACAA
bovine-CoV,GACTTATTA
bovine-CoV,GATTTTACTA
bovine-CoV,GCTCTTAAT
bovine-CoV,GGTAGTGGTTA
bovine-CoV,GGTAGTGGTT
bovine-CoV,GGTATTTTTG
bovine-CoV,GGTGTTGTT
bovine-CoV,GTAGGTAGTGGTT
bovine-CoV,GTTTAATGTA
bovine-CoV,GTTTCTGTT
bovine-CoV,TAATGGTAATC
bovine-CoV,TAATGGTAT
bovine-CoV,TAATGTATA
bovine-CoV,TACTATTGA
bovine-CoV,TACTTTTGT
bovine-CoV,TAGTTGGCA
bovine-CoV,TATGGCACTG
bovine-CoV,TATTAATGGG
bovine-CoV,TATTATAAT
bovine-CoV,TATTTAAAT
bovine-CoV,TATTTTTGCTAA
bovine-CoV,TGCTGCTAA
bovine-CoV,TGCTGGTGT
bovine-CoV,TGGTTATTAC
bovine-CoV,TGGTTTGTAT
bovine-CoV,TGTTAATTAT
bovine-CoV,TGTTACTAA
bovine-CoV,TTAATGAATG
bovine-CoV,TTAATTATA
bovine-CoV,TTACTAATGGT
bovine-CoV,TTAGTGCAG
bovine-CoV,TTGCTGGTG
bovine-CoV,TTGGTGCTAT
bovine-CoV,TTGTAATAG
bovine-CoV,TTGTTAATG
bovine-CoV,TTGTTCTACT
bovine-CoV,TTGTTTCCT
bovine-CoV,TTGTTTTAA
bovine-CoV,TTTACTAAT
bovine-CoV,TTTGTATTT
bovine-CoV,TTTTACAGA
bovine-CoV,TTTTACTAT
bovine-CoV,ACTGGTGTT
bovine-CoV,ACTGGTGTT
bovine-CoV,GACACTGGTGTT
bovine-CoV,GGTGTTGTT
bovine-CoV,TAATGTATA
bovine-CoV,TGTTACTAA
bovine-CoV,TTACTAATGGT
bovine-CoV,AAAATCAAA
bovine-CoV,AACCTGTAGG
bovine-CoV,AAGATGGTGT
bovine-CoV,AATAATACT
bovine-CoV,AATGCTGAA
bovine-CoV,AATGCTGAT
bovine-CoV,AATGGTTTA
bovine-CoV,ACAAATAGA
bovine-CoV,ACCTTTTCT
bovine-CoV,ACTATAGGTA
bovine-CoV,ACTGGTGTT
bovine-CoV,ACTGGTGTT
bovine-CoV,ACTTATTAT
bovine-CoV,ACTTGTAATA
bovine-CoV,AGGTTAATG
bovine-CoV,AGTAAAGTT
bovine-CoV,AGTAAATGA
bovine-CoV,AGTGGTTAC
bovine-CoV,AGTGGTTATT
bovine-CoV,ATAACTATAG
bovine-CoV,ATGATGTTG
bovine-CoV,ATGCTGTTG
bovine-CoV,ATTTTATTT
bovine-CoV,CAGCAGCAG
bovine-CoV,CATGATGTT
bovine-CoV,CGATTGCAATA
bovine-CoV,CTAATGGTA
bovine-CoV,CTGTTAATT
bovine-CoV,CTGTTGATT
bovine-CoV,CTTTGACTT
bovine-CoV,CTTTTAATT
bovine-CoV,GACACTGGTGTT
bovine-CoV,GACCTACAA
bovine-CoV,GACTTATTA
bovine-CoV,GCTCTTAAT
bovine-CoV,GGTAGTGGTTA
bovine-CoV,GGTAGTGGTT
bovine-CoV,GGTGTTGTT
bovine-CoV,GGTTACACT
bovine-CoV,GGTTTGTAT
bovine-CoV,GTAATATGG
bovine-CoV,GTAGGTAGTGGTT
bovine-CoV,GTTTCTGTT
bovine-CoV,TAATGGTAATC
bovine-CoV,TAATGGTATT
bovine-CoV,TAATGGTAT
bovine-CoV,TAATGGTAT
bovine-CoV,TATAGTGTG
bovine-CoV,TATTAATGG
bovine-CoV,TATTATAAT
bovine-CoV,TATTTAAAT
bovine-CoV,TATTTTTGCTAA
bovine-CoV,TGCTGCTAA
bovine-CoV,TGGTTATTAC
bovine-CoV,TGGTTTAAA
bovine-CoV,TGTTAATTAT
bovine-CoV,TGTTACTAA
bovine-CoV,TGTTTCCTG
bovine-CoV,TTAAAGATGG
bovine-CoV,TTAATGAATG
bovine-CoV,TTAATTATA
bovine-CoV,TTACTAATGGT
bovine-CoV,TTACTATTGA
bovine-CoV,TTAGTGCAG
bovine-CoV,TTATGTAAA
bovine-CoV,TTATTATGT
bovine-CoV,TTCTGCTTT
bovine-CoV,TTGAGGCTT
bovine-CoV,TTGCTGGTG
bovine-CoV,TTGGGTAAT
bovine-CoV,TTGGTATAG
bovine-CoV,TTGGTGCTAT
bovine-CoV,TTGTTTATG
bovine-CoV,TTGTTTGTG
bovine-CoV,TTGTTTTAA
bovine-CoV,TTTACTAAT
bovine-CoV,TTTACTATT
bovine-CoV,TTTGTATTTT
bovine-CoV,TTTTACAGA
bovine-CoV,TTTTGTTGAGG
bovine-CoV,AATGCTGAT
bovine-CoV,ACTGGTGTT
bovine-CoV,ACTGGTGTT
bovine-CoV,ACTTATTAT
bovine-CoV,ACTTGTAATA
bovine-CoV,ATAACTATAG
bovine-CoV,ATAGGAGATTT
bovine-CoV,ATGATGTTG
bovine-CoV,CATGATGTT
bovine-CoV,CCTGCAGGT
bovine-CoV,CTAATGGTA
bovine-CoV,CTATGGTTT
bovine-CoV,GACACTGGTGTT
bovine-CoV,GGTATTTTTG
bovine-CoV,GGTGTTGTT
bovine-CoV,GTAGGTAGTGGTT
bovine-CoV,GTTTCTGTT
bovine-CoV,TAAAAGTGA
bovine-CoV,TAACTATAGA
bovine-CoV,TAACTATAG
bovine-CoV,TAATATTGA
bovine-CoV,TAGTTGGCA
bovine-CoV,TATTATAAT
bovine-CoV,TATTTTTGCTAA
bovine-CoV,TGCTGCTAA
bovine-CoV,TGGCATAGG
bovine-CoV,TGTAATATT
bovine-CoV,TGTTACTAA
bovine-CoV,TTACTAATGGT
bovine-CoV,TTACTTGTA
bovine-CoV,TTATTATGT
bovine-CoV,TTTTACAGA
bovine-CoV,TTGGCATAGG
bovine-CoV,AAAATCAAA
bovine-CoV,AAGATGGTGT
bovine-CoV,AATAATACT
bovine-CoV,AATAGTGGTA
bovine-CoV,AATGCTGAA
bovine-CoV,AATGCTGAT
bovine-CoV,AATGGTTTA
bovine-CoV,ACTATAGGTA
bovine-CoV,ACTGGTGTT
bovine-CoV,ACTGGTGTT
bovine-CoV,ACTTATTAT
bovine-CoV,ACTTGTAATA
bovine-CoV,AGGTTAATG
bovine-CoV,AGTAAATGA
bovine-CoV,AGTGGTTATT
bovine-CoV,ATAACTATAG
bovine-CoV,ATAGGAGATTT
bovine-CoV,ATGATGTTG
bovine-CoV,ATGCTGTTG
bovine-CoV,ATGGTGTTA
bovine-CoV,ATGGTTTAAA
bovine-CoV,ATTTTATTT
bovine-CoV,ATTTTGATA
bovine-CoV,CACCTTTTC
bovine-CoV,CACTGTTCAG
bovine-CoV,CAGCAGCAG
bovine-CoV,CCTGCAGGT
bovine-CoV,CGATTGTAATA
bovine-CoV,CTAATGGTA
bovine-CoV,CTACCAATT
bovine-CoV,CTATGGTTT
bovine-CoV,CTGATTTTA
bovine-CoV,CTTTTAATT
bovine-CoV,GACACTGGTGTT
bovine-CoV,GACCTACAA
bovine-CoV,GACTTATTA
bovine-CoV,GATTTTACTA
bovine-CoV,GCTCTTAAT
bovine-CoV,GGTAGTGGTTA
bovine-CoV,GGTAGTGGTT
bovine-CoV,GGTATTTTTG
bovine-CoV,GGTGTTGTT
bovine-CoV,GTAGGTAGTGGTT
bovine-CoV,GTTTCTGTT
bovine-CoV,TAAAGATGG
bovine-CoV,TAACTATAGA
bovine-CoV,TAACTATAG
bovine-CoV,TAATGGTAATC
bovine-CoV,TAATGGTAT
bovine-CoV,TAATGTATA
bovine-CoV,TACTTTTGT
bovine-CoV,TAGTTGGCA
bovine-CoV,TATTAATGGG
bovine-CoV,TATTATAAT
bovine-CoV,TATTTAAAT
bovine-CoV,TATTTTTGCTAA
bovine-CoV,TGCTGCTAA
bovine-CoV,TGGTTTGTAT
bovine-CoV,TGTTAATTA
bovine-CoV,TGTTACTAA
bovine-CoV,TTAATGAATG
bovine-CoV,TTACTAATGGT
bovine-CoV,TTACTATTGA
bovine-CoV,TTAGTGCAG
bovine-CoV,TTGCTGGTG
bovine-CoV,TTGGTGCTAT
bovine-CoV,TTGTAATAG
bovine-CoV,TTGTTAATG
bovine-CoV,TTGTTCTACT
bovine-CoV,TTGTTTCCT
bovine-CoV,TTTACTAAT
bovine-CoV,TTTACTATT
bovine-CoV,TTTGTATTT
bovine-CoV,TTTTACAGA
bovine-CoV,TTTTACTAT
bovine-CoV,AAAATCAAA
bovine-CoV,AAGATGGTGT
bovine-CoV,AATGCTGAA
bovine-CoV,AATGCTGAT
bovine-CoV,AATGGTTTA
bovine-CoV,ACTATAGGTA
bovine-CoV,ACTGGTGTT
bovine-CoV,ACTGGTGTT
bovine-CoV,ACTTATTAT
bovine-CoV,ACTTGTAATA
bovine-CoV,AGATTTGGT
bovine-CoV,AGGTTAATG
bovine-CoV,AGTAAAGTT
bovine-CoV,AGTAAATGA
bovine-CoV,AGTGGTTAC
bovine-CoV,AGTGGTTATT
bovine-CoV,ATAACTATAG
bovine-CoV,ATAGGAGATTT
bovine-CoV,ATGATGTTG
bovine-CoV,ATGCTGTTG
bovine-CoV,ATTTTGGGT
bovine-CoV,CAGCAGCAG
bovine-CoV,CATGATGTT
bovine-CoV,CGATTGCAATA
bovine-CoV,CTAATGGTA
bovine-CoV,CTGTTAATT
bovine-CoV,CTTTTAATT
bovine-CoV,CTTTTAATT
bovine-CoV,CTTTTAATT
bovine-CoV,GACACTGGTGTT
bovine-CoV,GACCTACAA
bovine-CoV,GACTTATTA
bovine-CoV,GCTCTTAAT
bovine-CoV,GGTAGTGGTTA
bovine-CoV,GGTAGTGGTT
bovine-CoV,GGTGTTGTT
bovine-CoV,GGTTACACT
bovine-CoV,GGTTTGTAT
bovine-CoV,GTAATATGG
bovine-CoV,GTAGGTAGTGGTT
bovine-CoV,GTTTCTGTT
bovine-CoV,TAATGGTAATC
bovine-CoV,TAATGGTATT
bovine-CoV,TAATGGTAT
bovine-CoV,TAATGGTAT
bovine-CoV,TAGTTGGCA
bovine-CoV,TATAGTGTG
bovine-CoV,TATTAATGG
bovine-CoV,TATTATAAT
bovine-CoV,TATTTAAAT
bovine-CoV,TATTTTTGCTAA
bovine-CoV,TGCTGCTAA
bovine-CoV,TGGCATAGG
bovine-CoV,TGGTTATTAC
bovine-CoV,TGGTTTAAA
bovine-CoV,TGTTAATTAT
bovine-CoV,TGTTACTAA
bovine-CoV,TGTTTCCTG
bovine-CoV,TTAAAGATGG
bovine-CoV,TTAATGAATG
bovine-CoV,TTAATTATA
bovine-CoV,TTACTAATGGT
bovine-CoV,TTACTATTGA
bovine-CoV,TTAGTGCAG
bovine-CoV,TTATGTAAA
bovine-CoV,TTCTGCTTT
bovine-CoV,TTGAGGCTT
bovine-CoV,TTGCTGGTG
bovine-CoV,TTGGGTAAT
bovine-CoV,TTGGTGCTAT
bovine-CoV,TTGTTTATG
bovine-CoV,TTGTTTTAA
bovine-CoV,TTTACTAAT
bovine-CoV,TTTACTATT
bovine-CoV,TTTGTATTTT
bovine-CoV,TTTTACAGA
bovine-CoV,TTTTGGGTT
bovine-CoV,TTTTGTTGAGG
bovine-CoV,AAAACCAAA
bovine-CoV,AATAATACT
bovine-CoV,AATGCTGAT
bovine-CoV,AATGGTTTA
bovine-CoV,ACTATAGGTA
bovine-CoV,ACTGGTGTT
bovine-CoV,ACTGGTGTT
bovine-CoV,ACTTATTAT
bovine-CoV,ACTTGTAATA
bovine-CoV,AGATTTGGT
bovine-CoV,AGGTTAATG
bovine-CoV,AGTAAAGTT
bovine-CoV,AGTAAATGA
bovine-CoV,ATAACTATAG
bovine-CoV,ATAGGAGATTT
bovine-CoV,ATGATGTTG
bovine-CoV,ATGCTCTTG
bovine-CoV,ATGCTGTTG
bovine-CoV,CAATACCCAA
bovine-CoV,CAGCAGCAG
bovine-CoV,CCTGCAGGT
bovine-CoV,CCTTCTACT
bovine-CoV,CGATTGTAATA
bovine-CoV,CTAATGGTA
bovine-CoV,CTGATTTTA
bovine-CoV,CTGTTGATT
bovine-CoV,CTTTGACTT
bovine-CoV,CTTTTAATT
bovine-CoV,CTTTTAATT
bovine-CoV,CTTTTAATT
bovine-CoV,GACACTGGTGTT
bovine-CoV,GACCTACAA
bovine-CoV,GACTTATTA
bovine-CoV,GGTAGTGGTTA
bovine-CoV,GGTAGTGGTT
bovine-CoV,GGTATTTTTG
bovine-CoV,GGTGTTGTT
bovine-CoV,GTAGGTAGTGGTT
bovine-CoV,GTTATAATG
bovine-CoV,GTTTCTGTT
bovine-CoV,TAATATTGA
bovine-CoV,TAATGGTAATC
bovine-CoV,TAATGGTATT
bovine-CoV,TAATGGTAT
bovine-CoV,TAATGGTAT
bovine-CoV,TAGTTGGCA
bovine-CoV,TATTAATGG
bovine-CoV,TATTATAAT
bovine-CoV,TATTTAAAT
bovine-CoV,TATTTTTGCTAA
bovine-CoV,TCATGATGTT
bovine-CoV,TCTACTAGC
bovine-CoV,TGGTTATTAC
bovine-CoV,TGGTTTAAA
bovine-CoV,TGGTTTGTAT
bovine-CoV,TGTAATATT
bovine-CoV,TGTTAATTAT
bovine-CoV,TGTTACTAA
bovine-CoV,TTAAATCAG
bovine-CoV,TTAATGAATG
bovine-CoV,TTAATTATA
bovine-CoV,TTACTAATGGT
bovine-CoV,TTACTATTGA
bovine-CoV,TTATGTAAA
bovine-CoV,TTATTATGT
bovine-CoV,TTCTGCTTT
bovine-CoV,TTGAGGCTT
bovine-CoV,TTGGTGCTAT
bovine-CoV,TTGTAATAA
bovine-CoV,TTGTTTATG
bovine-CoV,TTGTTTCCT
bovine-CoV,TTGTTTGTG
bovine-CoV,TTGTTTTAA
bovine-CoV,TTTACTAAT
bovine-CoV,TTTACTATT
bovine-CoV,TTTGTATTTT
bovine-CoV,TTTTACAGA
bovine-CoV,TTTTGTTGAGG
bovine-CoV,AAAACCAAA
bovine-CoV,AAGATGGTGT
bovine-CoV,AATGCTGAA
bovine-CoV,AATGCTGAT
bovine-CoV,AATGGTTTA
bovine-CoV,ACACTTTGG
bovine-CoV,ACTATAGGTA
bovine-CoV,ACTGGCGTT
bovine-CoV,ACTTATTAT
bovine-CoV,ACTTGTAATA
bovine-CoV,AGATTTGGT
bovine-CoV,AGGTTAATG
bovine-CoV,AGTAAAGTT
bovine-CoV,AGTAAATGA
bovine-CoV,AGTGGTTATT
bovine-CoV,ATAACTATAG
bovine-CoV,ATAGGAGATTT
bovine-CoV,ATGATGTTG
bovine-CoV,ATGCTGTTG
bovine-CoV,ATTTTGGGT
bovine-CoV,ATTTTTGCTAA
bovine-CoV,CAGCAGCAG
bovine-CoV,CATGATGTT
bovine-CoV,CCTGCAGGT
bovine-CoV,CGATTGCAATA
bovine-CoV,CTAATGGTA
bovine-CoV,CTGATTTTA
bovine-CoV,CTGGTATAG
bovine-CoV,CTGTTAATT
bovine-CoV,CTTTTAATT
bovine-CoV,GACCTACAA
bovine-CoV,GCTCTTAAT
bovine-CoV,GGTAGTGGTTA
bovine-CoV,GGTAGTGGTT
bovine-CoV,GGTGTTGTT
bovine-CoV,GGTTTGTAT
bovine-CoV,GTAATATGG
bovine-CoV,GTAGGTAGTGGTT
bovine-CoV,TAACTATAGA
bovine-CoV,TAACTATAG
bovine-CoV,TAATGGTAATC
bovine-CoV,TAATGGTATT
bovine-CoV,TAATGGTAT
bovine-CoV,TAATGGTAT
bovine-CoV,TAGGTACTT
bovine-CoV,TAGTTGGCA
bovine-CoV,TATTAATGG
bovine-CoV,TATTATAAT
bovine-CoV,TATTTAAAT
bovine-CoV,TCTGATGTC
bovine-CoV,TGCTGCTAA
bovine-CoV,TGGTTATTAC
bovine-CoV,TGGTTTAAA
bovine-CoV,TGTTAATTAT
bovine-CoV,TGTTACTAA
bovine-CoV,TTAAAGATGG
bovine-CoV,TTAATGAATG
bovine-CoV,TTACTAATGGT
bovine-CoV,TTACTATTGA
bovine-CoV,TTAGTGCAG
bovine-CoV,TTATTATGT
bovine-CoV,TTCTGCTTT
bovine-CoV,TTGAGGCTT
bovine-CoV,TTGATACTAC
bovine-CoV,TTGCTGGTG
bovine-CoV,TTGGGTAAT
bovine-CoV,TTGGTGCTAT
bovine-CoV,TTGTTAATG
bovine-CoV,TTGTTTCCT
bovine-CoV,TTGTTTTAA
bovine-CoV,TTTACTAAT
bovine-CoV,TTTACTATT
bovine-CoV,TTTGGGTTA
bovine-CoV,TTTGTATTT
bovine-CoV,TTTTACAGA
bovine-CoV,TTTTGGGTT
bovine-CoV,TTTTGTTGAGG
bovine-CoV,AAAATCAAA
bovine-CoV,AAGATGGTGT
bovine-CoV,AATGCTGAA
bovine-CoV,AATGCTGAT
bovine-CoV,AATGGTTTA
bovine-CoV,ACTATAGGTA
bovine-CoV,ACTGGTGTT
bovine-CoV,ACTGGTGTT
bovine-CoV,ACTTATTAT
bovine-CoV,ACTTGTAATA
bovine-CoV,AGATTTGGT
bovine-CoV,AGGTTAATG
bovine-CoV,AGTAAAGTT
bovine-CoV,AGTAAATGA
bovine-CoV,AGTGGTTAC
bovine-CoV,AGTGGTTATT
bovine-CoV,ATAACTATAG
bovine-CoV,ATAGGAGATTT
bovine-CoV,ATGATGTTG
bovine-CoV,ATGCTGTTG
bovine-CoV,CAGCAGCAG
bovine-CoV,CATGATGTT
bovine-CoV,CTAATGGTA
bovine-CoV,CTACCAATT
bovine-CoV,CTGTTAATT
bovine-CoV,CTTTGACTT
bovine-CoV,CTTTTAATT
bovine-CoV,GACACTGGTGTT
bovine-CoV,GACCTACAA
bovine-CoV,GACTTATTA
bovine-CoV,GCTCTTAAT
bovine-CoV,GGTAGTGGTTA
bovine-CoV,GGTAGTGGTT
bovine-CoV,GGTGTTGTT
bovine-CoV,GGTTACACT
bovine-CoV,GGTTTGTAT
bovine-CoV,GTAATATGG
bovine-CoV,GTAGGTAGTGGTT
bovine-CoV,GTTTCTGTT
bovine-CoV,TAACTATAGA
bovine-CoV,TAACTATAG
bovine-CoV,TAATGGTAATC
bovine-CoV,TAATGGTATT
bovine-CoV,TAATGGTAT
bovine-CoV,TAATGGTAT
bovine-CoV,TAGTTGGCA
bovine-CoV,TATTAATGG
bovine-CoV,TATTATAAT
bovine-CoV,TATTTAAAT
bovine-CoV,TATTTTTGCTAA
bovine-CoV,TGCTGCTAA
bovine-CoV,TGGCATAGG
bovine-CoV,TGGTTATTAC
bovine-CoV,TGTTAATTAT
bovine-CoV,TGTTACTAA
bovine-CoV,TTAAAGATGG
bovine-CoV,TTAATGAATG
bovine-CoV,TTACTAATGGT
bovine-CoV,TTAGTGCAG
bovine-CoV,TTATGTAAA
bovine-CoV,TTATTATGT
bovine-CoV,TTCTGCTTT
bovine-CoV,TTGAGGCTT
bovine-CoV,TTGCTGGTG
bovine-CoV,TTGGTGCTAT
bovine-CoV,TTGTAATAA
bovine-CoV,TTGTTTATG
bovine-CoV,TTGTTTGTG
bovine-CoV,TTGTTTTAA
bovine-CoV,TTTACTAAT
bovine-CoV,TTTACTATT
bovine-CoV,TTTGTATTT
bovine-CoV,TTTTACAGA
bovine-CoV,TTTTGTTGAGG
bovine-CoV,CATGATGTT
bovine-CoV,CCTGCAGGT
bovine-CoV,TAGTTGGCA
bovine-CoV,TATTATAAT
bovine-CoV,AAAACCAAA
bovine-CoV,AAATTTTTGT
bovine-CoV,AATGCTGAA
bovine-CoV,AATGCTGAT
bovine-CoV,AATGGTTTA
bovine-CoV,ACTATAGGTA
bovine-CoV,ACTGGTGTT
bovine-CoV,ACTGGTGTT
bovine-CoV,ACTTATTAT
bovine-CoV,ACTTGTAATA
bovine-CoV,AGATTTGGT
bovine-CoV,AGGTTAATG
bovine-CoV,AGTAAAGTT
bovine-CoV,AGTAAATGA
bovine-CoV,AGTGGTTATT
bovine-CoV,ATAACTATAG
bovine-CoV,ATAGGAGATTT
bovine-CoV,ATGATGTTG
bovine-CoV,ATGCTGTTG
bovine-CoV,CAGCAGCAG
bovine-CoV,CCTGCAGGT
bovine-CoV,CGATTGTAATA
bovine-CoV,CTAATGGTA
bovine-CoV,CTGATTTTA
bovine-CoV,CTGCTTTTG
bovine-CoV,CTGGTATAG
bovine-CoV,CTGTTAATT
bovine-CoV,CTTTGACTT
bovine-CoV,CTTTTAATT
bovine-CoV,CTTTTAATT
bovine-CoV,CTTTTAATT
bovine-CoV,GACACTGGTGTT
bovine-CoV,GACCTACAA
bovine-CoV,GACTTATTA
bovine-CoV,GCTCTTAAT
bovine-CoV,GGTAATGGT
bovine-CoV,GGTAGTGGTTA
bovine-CoV,GGTGTTGTT
bovine-CoV,GTAATATGG
bovine-CoV,GTTTCTGTT
bovine-CoV,TAATATTGA
bovine-CoV,TAATGGTAATC
bovine-CoV,TAATGGTATT
bovine-CoV,TAATGGTAT
bovine-CoV,TAATGGTAT
bovine-CoV,TAGGTACTT
bovine-CoV,TATTAATGG
bovine-CoV,TATTATAAT
bovine-CoV,TATTTAAAT
bovine-CoV,TATTTTTGC
bovine-CoV,TCAAGAAGG
bovine-CoV,TGGGTAATAAA
bovine-CoV,TGGTATAGGT
bovine-CoV,TGGTTATTAC
bovine-CoV,TGGTTTAAA
bovine-CoV,TGGTTTGTAT
bovine-CoV,TGTAATATT
bovine-CoV,TGTTAATTAT
bovine-CoV,TGTTACTAA
bovine-CoV,TTAATGAATG
bovine-CoV,TTAATTATA
bovine-CoV,TTACTAATGGT
bovine-CoV,TTACTATTGA
bovine-CoV,TTAGTGCAG
bovine-CoV,TTATTATGT
bovine-CoV,TTCTGCTTT
bovine-CoV,TTGAGGCTT
bovine-CoV,TTGCTGGTG
bovine-CoV,TTGGGTAAT
bovine-CoV,TTGGTGCTAT
bovine-CoV,TTGTAATAA
bovine-CoV,TTGTTAATG
bovine-CoV,TTGTTTCCT
bovine-CoV,TTGTTTGTG
bovine-CoV,TTGTTTTAA
bovine-CoV,TTTACTAAT
bovine-CoV,TTTACTATT
bovine-CoV,TTTGTATTT
bovine-CoV,TTTTACAGA
bovine-CoV,TTTTGTTGAGG
bovine-CoV,AATAGTGGTA
bovine-CoV,CATGATGTT
bovine-CoV,CCTGCAGGT
bovine-CoV,TAGTTGGCA
bovine-CoV,AAAATCAAA
bovine-CoV,AAGATGGTGT
bovine-CoV,AATGCTGAA
bovine-CoV,AATGCTGAT
bovine-CoV,AATGGTTTA
bovine-CoV,ACTATAGGTA
bovine-CoV,ACTGGTGTT
bovine-CoV,ACTGGTGTT
bovine-CoV,ACTTATTAT
bovine-CoV,ACTTGTAATA
bovine-CoV,AGATTTGGT
bovine-CoV,AGGTTAATG
bovine-CoV,AGTAAAGTT
bovine-CoV,AGTAAATGA
bovine-CoV,AGTGGTTAC
bovine-CoV,AGTGGTTATT
bovine-CoV,ATAACTATAG
bovine-CoV,ATAGGAGATTT
bovine-CoV,ATGATGTTG
bovine-CoV,ATGCTGTTG
bovine-CoV,CAGCAGCAG
bovine-CoV,CATGATGTT
bovine-CoV,CGATTGCAATA
bovine-CoV,CTAATGGTA
bovine-CoV,CTGTTAATT
bovine-CoV,CTTTGACTT
bovine-CoV,CTTTTAATT
bovine-CoV,CTTTTAATT
bovine-CoV,CTTTTAATT
bovine-CoV,GACACTGGTGTT
bovine-CoV,GACCTACAAT
bovine-CoV,GACTTATTA
bovine-CoV,GCTCTTAAT
bovine-CoV,GGTAGTGGTTA
bovine-CoV,GGTATTGGT
bovine-CoV,GGTGTTGTT
bovine-CoV,GGTTACACT
bovine-CoV,GGTTTGTAT
bovine-CoV,GTAATATGG
bovine-CoV,GTTTCTGTT
bovine-CoV,TAATGGTAATC
bovine-CoV,TAATGGTATT
bovine-CoV,TAATGGTAT
bovine-CoV,TAATGGTAT
bovine-CoV,TAGTTGGCA
bovine-CoV,TATTAATGG
bovine-CoV,TATTATAAT
bovine-CoV,TATTTAAAT
bovine-CoV,TATTTTTGCTAA
bovine-CoV,TGATTATAT
bovine-CoV,TGCTGCTAA
bovine-CoV,TGGTTATTAC
bovine-CoV,TGGTTTAAA
bovine-CoV,TGTTAATTAT
bovine-CoV,TGTTACTAA
bovine-CoV,TTAAAGATGG
bovine-CoV,TTAATGAATG
bovine-CoV,TTAATTATA
bovine-CoV,TTACTAATGGT
bovine-CoV,TTACTATTGA
bovine-CoV,TTAGTGCAG
bovine-CoV,TTATGTAAA
bovine-CoV,TTATTATGT
bovine-CoV,TTCTGCTTT
bovine-CoV,TTGAGGCTT
bovine-CoV,TTGCTGGTG
bovine-CoV,TTGGGTAAT
bovine-CoV,TTGGTGCTAT
bovine-CoV,TTGTTTATG
bovine-CoV,TTGTTTTAA
bovine-CoV,TTTACTAAT
bovine-CoV,TTTACTATT
bovine-CoV,TTTGTATTT
bovine-CoV,TTTTACAGA
bovine-CoV,TTTTGTTGAGG
bovine-CoV,CCTGCAGGT
bovine-CoV,CTGGTATAG
bovine-CoV,TAGTTGGCA
bovine-CoV,AAAACCAAA
bovine-CoV,AAGATGGTGT
bovine-CoV,AATAATACT
bovine-CoV,AATGCTGAA
bovine-CoV,AATGCTGAT
bovine-CoV,AATGGTTTA
bovine-CoV,ACAACCACA
bovine-CoV,ACTATAGGTA
bovine-CoV,ACTGGTGTT
bovine-CoV,ACTGGTGTT
bovine-CoV,ACTTATTAT
bovine-CoV,ACTTGTAATA
bovine-CoV,AGCACAAGC
bovine-CoV,AGGTTAATG
bovine-CoV,AGTAAATGA
bovine-CoV,AGTACCCAA
bovine-CoV,AGTGGTTATT
bovine-CoV,AGTTGTTTT
bovine-CoV,ATAACTATAG
bovine-CoV,ATGATGTTG
bovine-CoV,ATGCTGTTG
bovine-CoV,ATGGTGTTA
bovine-CoV,CATGTAAATT
bovine-CoV,CATTATTAT
bovine-CoV,CGGCTTTTG
bovine-CoV,CTAATGGTA
bovine-CoV,CTGATTTTA
bovine-CoV,GACACTGGTGTT
bovine-CoV,GACCTACAA
bovine-CoV,GACTTATTA
bovine-CoV,GATTGTAATA
bovine-CoV,GCTCTTAATA
bovine-CoV,GCTCTTAAT
bovine-CoV,GCTCTTAAT
bovine-CoV,GGAGGCAAT
bovine-CoV,GGTAGTGGTTA
bovine-CoV,GGTATTTTTG
bovine-CoV,GGTGTTGTT
bovine-CoV,GGTTACACT
bovine-CoV,GTAATATGG
bovine-CoV,GTACTTGCC
bovine-CoV,GTTTCTGTT
bovine-CoV,TAAATTACA
bovine-CoV,TAACTATAGA
bovine-CoV,TAACTATAG
bovine-CoV,TAATATTGA
bovine-CoV,TAATGGTAATC
bovine-CoV,TAATGGTAT
bovine-CoV,TAATTATTT
bovine-CoV,TACAAAAAG
bovine-CoV,TAGGTACTT
bovine-CoV,TAGTGGTTAC
bovine-CoV,TAGTGGTTA
bovine-CoV,TATTAATGG
bovine-CoV,TATTATAAT
bovine-CoV,TATTGATGCTG
bovine-CoV,TATTTAAAT
bovine-CoV,TATTTTTGCTAA
bovine-CoV,TGATTGTAA
bovine-CoV,TGCTGCTAA
bovine-CoV,TGGTAGTGG
bovine-CoV,TGGTTATTAC
bovine-CoV,TGGTTTAAA
bovine-CoV,TGGTTTGTAT
bovine-CoV,TGTAATATT
bovine-CoV,TGTTAATGCA
bovine-CoV,TGTTAATTA
bovine-CoV,TGTTACTAA
bovine-CoV,TGTTTTAAG
bovine-CoV,TTAAAGATGG
bovine-CoV,TTAATAGTG
bovine-CoV,TTACTAATGGT
bovine-CoV,TTACTATTGA
bovine-CoV,TTAGTGCAG
bovine-CoV,TTATTAATG
bovine-CoV,TTATTATGT
bovine-CoV,TTCAATGTA
bovine-CoV,TTCCATTTT
bovine-CoV,TTCCTGTTTA
bovine-CoV,TTGAGGCTT
bovine-CoV,TTGGGTAAT
bovine-CoV,TTGTAATAA
bovine-CoV,TTGTTTTAA
bovine-CoV,TTTAACTAT
bovine-CoV,TTTACTAAT
bovine-CoV,TTTACTATT
bovine-CoV,TTTGTATTT
bovine-CoV,TTTTAAGCC
bovine-CoV,TTTTGTTGAGG
bovine-CoV,TTTTTGATA
bovine-CoV,AAAACCAAA
bovine-CoV,AATAATACT
bovine-CoV,AATGCTGAA
bovine-CoV,AATGCTGAT
bovine-CoV,AATGGTTTA
bovine-CoV,ACTATAGGTA
bovine-CoV,ACTGGTGTT
bovine-CoV,ACTGGTGTT
bovine-CoV,ACTTATTAT
bovine-CoV,ACTTGTAATA
bovine-CoV,AGGTTAATG
bovine-CoV,AGTAAATGA
bovine-CoV,AGTGGTTATT
bovine-CoV,AGTTTCTGT
bovine-CoV,ATAACTATAG
bovine-CoV,ATATGAGTA
bovine-CoV,ATGATGTTG
bovine-CoV,ATGCTCTTG
bovine-CoV,ATGCTGTTG
bovine-CoV,ATGGTTTAAA
bovine-CoV,ATTAATGGG
bovine-CoV,ATTTTATTT
bovine-CoV,ATTTTTGCTAA
bovine-CoV,CAGCAGCAG
bovine-CoV,CATGATGTT
bovine-CoV,CATTCTTGG
bovine-CoV,CCTGCAGGT
bovine-CoV,CTAAAGTTA
bovine-CoV,CTATGGTTT
bovine-CoV,CTGATTTTA
bovine-CoV,CTGGTATAG
bovine-CoV,CTGTTAATT
bovine-CoV,GACACTGGTGTT
bovine-CoV,GACCTACAA
bovine-CoV,GACTTATTA
bovine-CoV,GCTCTTAAT
bovine-CoV,GGTAGTGGTTA
bovine-CoV,GTAATATGG
bovine-CoV,GTGTTGTCA
bovine-CoV,TAACTATAGA
bovine-CoV,TAACTATAG
bovine-CoV,TAATATTGA
bovine-CoV,TAATGGTAATC
bovine-CoV,TAGGAGATTT
bovine-CoV,TATTATAAT
bovine-CoV,TATTTAAAT
bovine-CoV,TGCTGTTGTA
bovine-CoV,TGGTATAGG
bovine-CoV,TGGTTATTAC
bovine-CoV,TGGTTTGTAT
bovine-CoV,TGTAATATT
bovine-CoV,TGTTAATTAT
bovine-CoV,TTAATGAATG
bovine-CoV,TTACTAATGG
bovine-CoV,TTACTATTGA
bovine-CoV,TTAGTGCAG
bovine-CoV,TTATTATGT
bovine-CoV,TTCTGCTTT
bovine-CoV,TTGAGGCTT
bovine-CoV,TTGCTGGTG
bovine-CoV,TTGGTGCTAT
bovine-CoV,TTGTTAATG
bovine-CoV,TTGTTTTAA
bovine-CoV,TTTACTAAT
bovine-CoV,TTTACTATT
bovine-CoV,TTTCTGTTT
bovine-CoV,TTTGTATTT
bovine-CoV,TTTTGTTGAGG
bovine-CoV,AAAATCAAA
bovine-CoV,AATAATACT
bovine-CoV,AATGCTGAA
bovine-CoV,AATGCTGAT
bovine-CoV,AATGGTTTA
bovine-CoV,ACTATAGGTA
bovine-CoV,ACTGGTGTT
bovine-CoV,ACTTATTAT
bovine-CoV,ACTTTAGCT
bovine-CoV,AGGTTAATG
bovine-CoV,AGTAAATGA
bovine-CoV,AGTCAAAAT
bovine-CoV,ATAACTATAG
bovine-CoV,ATAGGAGATTT
bovine-CoV,ATGATGTTG
bovine-CoV,ATGCTGTTG
bovine-CoV,ATGGTATTA
bovine-CoV,ATGGTGTTA
bovine-CoV,ATGGTTTAAA
bovine-CoV,ATTTTATTT
bovine-CoV,ATTTTGATA
bovine-CoV,CACTGTTCAG
bovine-CoV,CAGCAGCAG
bovine-CoV,CCTGCAGGT
bovine-CoV,CGATTGTAATA
bovine-CoV,CTAATGGTA
bovine-CoV,CTATGGTTT
bovine-CoV,CTGATTTTA
bovine-CoV,CTTTGACTT
bovine-CoV,CTTTTAATT
bovine-CoV,CTTTTAATT
bovine-CoV,CTTTTAATT
bovine-CoV,GACACTGGTGT
bovine-CoV,GACCTACAA
bovine-CoV,GACTTATTA
bovine-CoV,GATTTTACTA
bovine-CoV,GCTCTTAAT
bovine-CoV,GGTAGTGGTTACT
bovine-CoV,GGTAGTGGTT
bovine-CoV,GGTATTTTTG
bovine-CoV,GGTGTTGTT
bovine-CoV,GTAGGTAGTGGTT
bovine-CoV,GTTATAATG
bovine-CoV,GTTTCTGTT
bovine-CoV,TAATGGTAATC
bovine-CoV,TAATGGTATT
bovine-CoV,TAATGTATA
bovine-CoV,TACTATTGA
bovine-CoV,TACTTTTGT
bovine-CoV,TAGTTGGCA
bovine-CoV,TATTAATGGG
bovine-CoV,TATTATAAT
bovine-CoV,TATTTAAAT
bovine-CoV,TATTTTTGCTAA
bovine-CoV,TGCTGCTAA
bovine-CoV,TGGTTTGTAT
bovine-CoV,TGTTAATTAT
bovine-CoV,TGTTACTAA
bovine-CoV,TTAATGAATG
bovine-CoV,TTAATTATA
bovine-CoV,TTACTAATGGT
bovine-CoV,TTAGTGCAG
bovine-CoV,TTGCTGGTG
bovine-CoV,TTGGTGCTAT
bovine-CoV,TTGTTAATG
bovine-CoV,TTGTTCTACT
bovine-CoV,TTGTTTCCT
bovine-CoV,TTGTTTTAA
bovine-CoV,TTTACTAAT
bovine-CoV,TTTGTATGA
bovine-CoV,TTTGTATTT
bovine-CoV,TTTTACAGA
bovine-CoV,TTTTACTAT
bovine-CoV,AAAACCAAA
bovine-CoV,AAGATGGTGT
bovine-CoV,AATGCTGAA
bovine-CoV,AATGCTGAT
bovine-CoV,AATGGTTTA
bovine-CoV,ACTATAGGTA
bovine-CoV,ACTGGTGTT
bovine-CoV,ACTGGTGTT
bovine-CoV,ACTTATTAT
bovine-CoV,ACTTGTAATA
bovine-CoV,AGATTTGGT
bovine-CoV,AGGTTAATG
bovine-CoV,AGTAAAGTT
bovine-CoV,AGTAAATGA
bovine-CoV,AGTGGTTATT
bovine-CoV,ATAACTATAG
bovine-CoV,ATAGGAGATTT
bovine-CoV,ATGATGTTG
bovine-CoV,ATGCTCTTG
bovine-CoV,ATGCTGTTG
bovine-CoV,CAGCAGCAG
bovine-CoV,CATGATGTT
bovine-CoV,CCTGCAGGT
bovine-CoV,CTAATGGTA
bovine-CoV,CTGATTTTA
bovine-CoV,CTGGTATAG
bovine-CoV,CTTTGACTT
bovine-CoV,CTTTTAATT
bovine-CoV,GACACTGGTGTT
bovine-CoV,GACCTACAA
bovine-CoV,GCTCTTAAT
bovine-CoV,GGTAGTGGTTA
bovine-CoV,GGTAGTGGTT
bovine-CoV,GGTGTTGTT
bovine-CoV,GGTTTGTAT
bovine-CoV,GTAATATGG
bovine-CoV,GTAGGTAGTGGTT
bovine-CoV,GTTTCTGTT
bovine-CoV,TAACTATAGA
bovine-CoV,TAACTATAG
bovine-CoV,TAATATTGA
bovine-CoV,TAATGGTAATC
bovine-CoV,TAATGGTATT
bovine-CoV,TAATGGTAT
bovine-CoV,TAATGGTAT
bovine-CoV,TAGGTACTT
bovine-CoV,TAGTTGGCA
bovine-CoV,TATTAATGG
bovine-CoV,TATTATAAT
bovine-CoV,TATTTAAAT
bovine-CoV,TATTTTTGCTAA
bovine-CoV,TGCTGTTAA
bovine-CoV,TGGTTATTAC
bovine-CoV,TGGTTTAAA
bovine-CoV,TGTAATATT
bovine-CoV,TGTTAATTAT
bovine-CoV,TGTTACTAA
bovine-CoV,TGTTTATTTA
bovine-CoV,TTAAAGATGG
bovine-CoV,TTAATGAATG
bovine-CoV,TTACTAATGGT
bovine-CoV,TTACTATTGA
bovine-CoV,TTAGTGCAG
bovine-CoV,TTATTATGT
bovine-CoV,TTCTGCTTT
bovine-CoV,TTGAGGCTT
bovine-CoV,TTGCTGGTG
bovine-CoV,TTGGGTAAT
bovine-CoV,TTGGTGCTAT
bovine-CoV,TTGTTAATG
bovine-CoV,TTGTTTTAA
bovine-CoV,TTTACTAAT
bovine-CoV,TTTACTATT
bovine-CoV,TTTGTATTT
bovine-CoV,TTTTACAGA
bovine-CoV,TTTTGTTGAGG
bovine-CoV,AAAATCAAA
bovine-CoV,AAGATGGTGT
bovine-CoV,AATGCTGAT
bovine-CoV,AATGGTTTA
bovine-CoV,ACTATAGGTA
bovine-CoV,ACTGGTGTT
bovine-CoV,ACTGGTGTT
bovine-CoV,ACTTATTAT
bovine-CoV,ACTTGTAATA
bovine-CoV,AGATTTGGT
bovine-CoV,AGGTTAATG
bovine-CoV,AGTAAAGTT
bovine-CoV,AGTAAATGA
bovine-CoV,AGTGGTTAC
bovine-CoV,AGTGGTTATT
bovine-CoV,ATAACTATAG
bovine-CoV,ATAGGAGATTT
bovine-CoV,ATGATGTTG
bovine-CoV,ATGCTGTTG
bovine-CoV,CAGCAGCAG
bovine-CoV,CATGATGTT
bovine-CoV,CGATTGCAATA
bovine-CoV,CTAATGGTA
bovine-CoV,CTACCAATT
bovine-CoV,CTGATTTTA
bovine-CoV,CTGTTAATT
bovine-CoV,CTTTTAATT
bovine-CoV,GACACTGGTGTT
bovine-CoV,GACCTACAA
bovine-CoV,GACTTATTA
bovine-CoV,GCTCTTAAT
bovine-CoV,GGTAGTGGTTA
bovine-CoV,GGTAGTGGTT
bovine-CoV,GGTGTTGTT
bovine-CoV,GGTTACACT
bovine-CoV,GGTTTGTAT
bovine-CoV,GTAATATGG
bovine-CoV,GTAGGTAGTGGTT
bovine-CoV,GTTTCTGTT
bovine-CoV,TAACTATAGA
bovine-CoV,TAACTATAG
bovine-CoV,TAATGGTAATC
bovine-CoV,TAATGGTATT
bovine-CoV,TAATGGTAT
bovine-CoV,TAATGGTAT
bovine-CoV,TAGTTGGCA
bovine-CoV,TATTAATGG
bovine-CoV,TATTATAAT
bovine-CoV,TATTTAAAT
bovine-CoV,TATTTTTGCTAA
bovine-CoV,TGGCATAGG
bovine-CoV,TGGTTATTAC
bovine-CoV,TGTTAATTAT
bovine-CoV,TGTTACTAA
bovine-CoV,TTAAAGATGG
bovine-CoV,TTAATGAATG
bovine-CoV,TTACTAATGGT
bovine-CoV,TTACTATTGA
bovine-CoV,TTAGTGCAG
bovine-CoV,TTATGTAAA
bovine-CoV,TTATTATGT
bovine-CoV,TTCTGCTTT
bovine-CoV,TTGAGGCTT
bovine-CoV,TTGCTGGTG
bovine-CoV,TTGGTGCTAT
bovine-CoV,TTGTTTATG
bovine-CoV,TTGTTTTAA
bovine-CoV,TTTACTAAT
bovine-CoV,TTTACTATT
bovine-CoV,TTTGTATTT
bovine-CoV,TTTTACAGA
bovine-CoV,TTTTGTTGAGG
bovine-CoV,AAAACCAAA
bovine-CoV,AATAATACT
bovine-CoV,AATGCTGAA
bovine-CoV,AATGCTGAT
bovine-CoV,AATGGTTTA
bovine-CoV,ACATCAATTT
bovine-CoV,ACTATAGGTA
bovine-CoV,ACTGGTGTT
bovine-CoV,ACTGGTGTT
bovine-CoV,ACTTATTAT
bovine-CoV,ACTTGTAATA
bovine-CoV,AGGTTAATG
bovine-CoV,AGTAAATGA
bovine-CoV,AGTGGTTATT
bovine-CoV,AGTTTCTGT
bovine-CoV,ATAACTATAG
bovine-CoV,ATAGGAGATTT
bovine-CoV,ATATGAGTA
bovine-CoV,ATGATGTTG
bovine-CoV,ATGCTCTTG
bovine-CoV,ATGCTGTTG
bovine-CoV,ATGGTTTAAA
bovine-CoV,ATTAATGGG
bovine-CoV,ATTTTATTT
bovine-CoV,ATTTTTGCTAA
bovine-CoV,CAGCAGCAG
bovine-CoV,CATGATGTT
bovine-CoV,CATTCTTGG
bovine-CoV,CCTGCAGGT
bovine-CoV,CTAAAGTTA
bovine-CoV,CTATGGTTT
bovine-CoV,CTGATTTTA
bovine-CoV,CTGGTATAG
bovine-CoV,CTGTTAATT
bovine-CoV,GACACTGGTGTT
bovine-CoV,GACCTACAA
bovine-CoV,GACTTATTA
bovine-CoV,GCTCTTAAT
bovine-CoV,GGTAGTGGTTA
bovine-CoV,GTAATATGG
bovine-CoV,GTGTTGTCA
bovine-CoV,TAACTATAGA
bovine-CoV,TAACTATAG
bovine-CoV,TAATATTGA
bovine-CoV,TAATGGTAATC
bovine-CoV,TATAGGAGA
bovine-CoV,TATTATAAT
bovine-CoV,TATTTAAAT
bovine-CoV,TGGTATAGG
bovine-CoV,TGGTTATTAC
bovine-CoV,TGGTTTGTAT
bovine-CoV,TGTAATATT
bovine-CoV,TGTTAATTAT
bovine-CoV,TTAATGAATG
bovine-CoV,TTACTAATGG
bovine-CoV,TTACTATTGA
bovine-CoV,TTAGTGCAG
bovine-CoV,TTATTATGT
bovine-CoV,TTCTGCTTT
bovine-CoV,TTGAGGCTT
bovine-CoV,TTGCTGGTG
bovine-CoV,TTGGTGCTAT
bovine-CoV,TTGTTAATG
bovine-CoV,TTGTTTTAA
bovine-CoV,TTTACTAAT
bovine-CoV,TTTACTATT
bovine-CoV,TTTCTGTTT
bovine-CoV,TTTGTATTT
bovine-CoV,TTTTACAGA
bovine-CoV,TTTTGTTGAGG
bovine-CoV,CCTGCAGGT
bovine-CoV,CTGGTATAG
bovine-CoV,CCTGCAGGT
bovine-CoV,TGGTATAGG
bovine-CoV,TTGGTATAG
bovine-CoV,CCTGCAGGT
bovine-CoV,TGGTATAGG
bovine-CoV,AAAACCAAA
bovine-CoV,AAGATGGTGT
bovine-CoV,AATGCTGAA
bovine-CoV,AATGCTGAT
bovine-CoV,AATGGTTTA
bovine-CoV,ACTATAGGTA
bovine-CoV,ACTGGTGTT
bovine-CoV,ACTGGTGTT
bovine-CoV,ACTTATTAT
bovine-CoV,ACTTGTAATA
bovine-CoV,AGATTTGGT
bovine-CoV,AGGTTAATG
bovine-CoV,AGTAAAGTT
bovine-CoV,AGTAAATGA
bovine-CoV,AGTGGTTATT
bovine-CoV,ATAACTATAG
bovine-CoV,ATAGGAGATTT
bovine-CoV,ATGATGTTG
bovine-CoV,ATGCTCTTG
bovine-CoV,ATGCTGTTG
bovine-CoV,CAGCAGCAG
bovine-CoV,CATGATGTT
bovine-CoV,CCTGCAGGT
bovine-CoV,CTAATGGTA
bovine-CoV,CTGATTTTA
bovine-CoV,CTGGTATAG
bovine-CoV,CTTTGACTT
bovine-CoV,CTTTTAATT
bovine-CoV,GACACTGGTGTT
bovine-CoV,GACCTACAA
bovine-CoV,GCTCTTAAT
bovine-CoV,GGTAGTGGTTA
bovine-CoV,GGTAGTGGTT
bovine-CoV,GGTGTTGTT
bovine-CoV,GGTTTGTAT
bovine-CoV,GTAATATGG
bovine-CoV,GTAGGTAGTGGTT
bovine-CoV,GTTTCTGTT
bovine-CoV,TAACTATAGA
bovine-CoV,TAACTATAG
bovine-CoV,TAATGGTAATC
bovine-CoV,TAATGGTATT
bovine-CoV,TAATGGTAT
bovine-CoV,TAATGGTAT
bovine-CoV,TAGGTACTT
bovine-CoV,TAGTTGGCA
bovine-CoV,TATGGCATTG
bovine-CoV,TATTAATGG
bovine-CoV,TATTATAAT
bovine-CoV,TATTTAAAT
bovine-CoV,TATTTTTGCTAA
bovine-CoV,TCCTTCTACT
bovine-CoV,TCTACTAGC
bovine-CoV,TGCTGCTAA
bovine-CoV,TGGTTATTAC
bovine-CoV,TGGTTTAAA
bovine-CoV,TGTAATATT
bovine-CoV,TGTTAATTA
bovine-CoV,TGTTACTAA
bovine-CoV,TGTTTATTTA
bovine-CoV,TTAAAGATGG
bovine-CoV,TTAATGAATG
bovine-CoV,TTACTAATGGT
bovine-CoV,TTACTATTGA
bovine-CoV,TTAGTGCAG
bovine-CoV,TTATTATGT
bovine-CoV,TTCTGCTTT
bovine-CoV,TTGAGGCTT
bovine-CoV,TTGCTGGTG
bovine-CoV,TTGGGTAAT
bovine-CoV,TTGGTGCTAT
bovine-CoV,TTGTTAATG
bovine-CoV,TTTACTAAT
bovine-CoV,TTTACTATT
bovine-CoV,TTTGTATTT
bovine-CoV,TTTTACAGA
bovine-CoV,TTTTGTTGAGG
bovine-CoV,AAAATCAAA
bovine-CoV,AAGATGGTGT
bovine-CoV,AATGCTGAA
bovine-CoV,AATGCTGAT
bovine-CoV,AATGGTTTA
bovine-CoV,ACTAATGGT
bovine-CoV,ACTATAGGTA
bovine-CoV,ACTGGTGTT
bovine-CoV,ACTTATTAT
bovine-CoV,ACTTGTAATA
bovine-CoV,AGATTTGGT
bovine-CoV,AGGTTAATG
bovine-CoV,AGTAAAGTT
bovine-CoV,AGTAAATGA
bovine-CoV,AGTGGTTAC
bovine-CoV,ATAACTATAG
bovine-CoV,ATAGGAGATTT
bovine-CoV,ATGATGTTG
bovine-CoV,ATGCTGTTG
bovine-CoV,ATTTTGGGT
bovine-CoV,CAGCAGCAG
bovine-CoV,CATGATGTT
bovine-CoV,CGATTGCAATA
bovine-CoV,CTAATGGTA
bovine-CoV,CTGATTTCA
bovine-CoV,CTGGTATAG
bovine-CoV,CTGTTAATT
bovine-CoV,CTTTTAATT
bovine-CoV,GACACTGGTG
bovine-CoV,GACCTACAA
bovine-CoV,GACTTATTA
bovine-CoV,GCTCTTAAT
bovine-CoV,GGTAGTGGTT
bovine-CoV,GGTAGTGGTT
bovine-CoV,GGTGTTGTT
bovine-CoV,GGTTACACT
bovine-CoV,GGTTTGTAT
bovine-CoV,GTAATATGG
bovine-CoV,GTAGGTAGTGGTT
bovine-CoV,GTTTCTGTT
bovine-CoV,TAATGGTAATC
bovine-CoV,TAATGGTATT
bovine-CoV,TAATGGTAT
bovine-CoV,TAATGGTAT
bovine-CoV,TAATTTTAAT
bovine-CoV,TATAGTGTG
bovine-CoV,TATTAATGG
bovine-CoV,TATTATAAT
bovine-CoV,TATTTAAAT
bovine-CoV,TATTTTTGCTAA
bovine-CoV,TGCTGCTAA
bovine-CoV,TGGTTTAAA
bovine-CoV,TGGTTTTAC
bovine-CoV,TGTTAATTAT
bovine-CoV,TGTTACTAA
bovine-CoV,TGTTTCCTG
bovine-CoV,TTAAAGATGG
bovine-CoV,TTAATGAATG
bovine-CoV,TTACTATTGA
bovine-CoV,TTAGTGCAG
bovine-CoV,TTATGTAAA
bovine-CoV,TTATTATGT
bovine-CoV,TTCTGCTTT
bovine-CoV,TTGAGGCTT
bovine-CoV,TTGCTGGTG
bovine-CoV,TTGGGTAAT
bovine-CoV,TTGGTGCTAT
bovine-CoV,TTGTTTATG
bovine-CoV,TTGTTTTAA
bovine-CoV,TTTACTATT
bovine-CoV,TTTGTATTTT
bovine-CoV,TTTTACAGA
bovine-CoV,TTTTGGGTT
bovine-CoV,TTTTGTTGAGG
bovine-CoV,AATAGTGGTA
bovine-CoV,CCTGCAGGT
bovine-CoV,GTAGGTAGTGGTT
bovine-CoV,TAGTTGGCA
bovine-CoV,TATTATAAT
bovine-CoV,AAAATCAAA
bovine-CoV,AATAATACT
bovine-CoV,AATGCTGAA
bovine-CoV,AATGCTGAT
bovine-CoV,AATGGTTTA
bovine-CoV,ACTATAGGTA
bovine-CoV,ACTGGTGTT
bovine-CoV,ACTGGTGTT
bovine-CoV,ACTTATTAT
bovine-CoV,ACTTGTAATA
bovine-CoV,AGGTTAATG
bovine-CoV,AGTAAATGA
bovine-CoV,AGTGGTTATT
bovine-CoV,AGTTTCTGT
bovine-CoV,ATAACTATAG
bovine-CoV,ATAGGAGATTT
bovine-CoV,ATATGAGTA
bovine-CoV,ATGATGTTG
bovine-CoV,ATGCTCTTG
bovine-CoV,ATGCTGTTG
bovine-CoV,ATGGTTTAAA
bovine-CoV,ATTAATGGG
bovine-CoV,ATTTTATTT
bovine-CoV,ATTTTTGCTAA
bovine-CoV,CAGCAGCAG
bovine-CoV,CATGATGTT
bovine-CoV,CATTCTTGG
bovine-CoV,CCTGCAGGT
bovine-CoV,CTAAAGTTA
bovine-CoV,CTATGGTTT
bovine-CoV,CTGATTTTA
bovine-CoV,CTGGTATAG
bovine-CoV,CTGTTAATT
bovine-CoV,CTTTTAATT
bovine-CoV,GACACTGGTGTT
bovine-CoV,GACCTACAA
bovine-CoV,GACTTATTA
bovine-CoV,GCTCTTAAT
bovine-CoV,GGTAGTGGTTA
bovine-CoV,GTAATATGG
bovine-CoV,GTGTTGTCA
bovine-CoV,TAACTATAGA
bovine-CoV,TAACTATAG
bovine-CoV,TAATATTGA
bovine-CoV,TAATGGTAATC
bovine-CoV,TATAGGAGA
bovine-CoV,TATTATAAT
bovine-CoV,TATTTAAAT
bovine-CoV,TGGTATAGG
bovine-CoV,TGGTTATTAC
bovine-CoV,TGGTTTGTAT
bovine-CoV,TGTAATATT
bovine-CoV,TGTTAATTAT
bovine-CoV,TTAATGAATG
bovine-CoV,TTACTAATGG
bovine-CoV,TTACTATTGA
bovine-CoV,TTAGTGCAG
bovine-CoV,TTATTATGT
bovine-CoV,TTCTGCTTT
bovine-CoV,TTGAGGCTT
bovine-CoV,TTGCTGGTG
bovine-CoV,TTGGTGCTAT
bovine-CoV,TTGTTAATG
bovine-CoV,TTGTTTTAA
bovine-CoV,TTTACTAAT
bovine-CoV,TTTACTATT
bovine-CoV,TTTCTGTTT
bovine-CoV,TTTGTATTT
bovine-CoV,TTTTACAGA
bovine-CoV,TTTTGTTGAGG
bovine-CoV,TTAATAGTG
bovine-CoV,AAAACCAAA
bovine-CoV,AAGATGGTGT
bovine-CoV,AATGCTGAA
bovine-CoV,AATGCTGAT
bovine-CoV,AATGGTTTA
bovine-CoV,ACTATAGGTA
bovine-CoV,ACTGGTGTT
bovine-CoV,ACTGGTGTT
bovine-CoV,ACTTATTAT
bovine-CoV,ACTTGTAATA
bovine-CoV,AGGTTAATG
bovine-CoV,AGTAAAGTT
bovine-CoV,AGTAAATGA
bovine-CoV,AGTGGTTATT
bovine-CoV,ATAACTATAG
bovine-CoV,ATGATGTTG
bovine-CoV,ATGCTCTTG
bovine-CoV,ATGCTGTTG
bovine-CoV,CAGCAGCAG
bovine-CoV,CATGATGTT
bovine-CoV,CATGTAAAT
bovine-CoV,CCTGCAGGT
bovine-CoV,CTAATGGTA
bovine-CoV,CTGATTTTA
bovine-CoV,CTGTTAATT
bovine-CoV,CTTTGACTT
bovine-CoV,CTTTTAATT
bovine-CoV,GACACTGGTGTT
bovine-CoV,GACCTACAA
bovine-CoV,GCTCTTAAT
bovine-CoV,GGTAATGGT
bovine-CoV,GGTAGTGGTTA
bovine-CoV,GGTGTTACC
bovine-CoV,GGTGTTGTT
bovine-CoV,GGTTTGTAT
bovine-CoV,GTAATATGG
bovine-CoV,GTTTCTGTT
bovine-CoV,TAAATTGGG
bovine-CoV,TAACTATAGA
bovine-CoV,TAACTATAG
bovine-CoV,TAATATTGA
bovine-CoV,TAATGGTAATC
bovine-CoV,TAATGGTATT
bovine-CoV,TAATGGTAT
bovine-CoV,TAATGGTAT
bovine-CoV,TAGTTGGCA
bovine-CoV,TATTAATGG
bovine-CoV,TATTATAAT
bovine-CoV,TATTTAAAT
bovine-CoV,TATTTTTGCTAA
bovine-CoV,TGGCATAGG
bovine-CoV,TGGTTATTAC
bovine-CoV,TGGTTTAAA
bovine-CoV,TGTAATATT
bovine-CoV,TGTTAATTA
bovine-CoV,TGTTACTAA
bovine-CoV,TGTTTATTTA
bovine-CoV,TTAAAGATGG
bovine-CoV,TTAATGAATG
bovine-CoV,TTACTAATGGT
bovine-CoV,TTACTATTGA
bovine-CoV,TTAGTGCAG
bovine-CoV,TTATTATGT
bovine-CoV,TTCTGCTTT
bovine-CoV,TTGAGGCTT
bovine-CoV,TTGCTGGTG
bovine-CoV,TTGGGTAAT
bovine-CoV,TTGGTGCTAT
bovine-CoV,TTGTTAATG
bovine-CoV,TTGTTTTAA
bovine-CoV,TTTACTAAT
bovine-CoV,TTTACTATT
bovine-CoV,TTTGTATTT
bovine-CoV,TTTTACAGA
bovine-CoV,TTTTGTTGAGG
bovine-CoV,AATGCAACT
bovine-CoV,TAGTTGGCA
bovine-CoV,AAAATCAAA
bovine-CoV,AATAATACT
bovine-CoV,AATGCTGAA
bovine-CoV,AATGCTGAT
bovine-CoV,AATGGTTTA
bovine-CoV,ACTATAGGTA
bovine-CoV,ACTGGTGTT
bovine-CoV,ACTGGTGTT
bovine-CoV,ACTTATTAT
bovine-CoV,ACTTGTAATA
bovine-CoV,ACTTTAGCT
bovine-CoV,AGGTCTTGC
bovine-CoV,AGGTTAATG
bovine-CoV,AGTAAATGA
bovine-CoV,AGTCAAAAT
bovine-CoV,AGTGGTTATT
bovine-CoV,ATAACTATAG
bovine-CoV,ATAGGAGATTT
bovine-CoV,ATGATGTTG
bovine-CoV,ATGCTGTTG
bovine-CoV,ATGGTGTTA
bovine-CoV,ATGGTTTAAA
bovine-CoV,ATTTTATTT
bovine-CoV,ATTTTGATA
bovine-CoV,CAGCAGCAG
bovine-CoV,CCTAATCTT
bovine-CoV,CCTGCAGGT
bovine-CoV,CGATTGTAATA
bovine-CoV,CTAATGGTA
bovine-CoV,CTATGGTTT
bovine-CoV,CTTTGACTT
bovine-CoV,CTTTTAATT
bovine-CoV,CTTTTAATT
bovine-CoV,CTTTTAATT
bovine-CoV,GACACTGGTGTT
bovine-CoV,GACTTATTA
bovine-CoV,GATTTTACTA
bovine-CoV,GCTCTTAAT
bovine-CoV,GGTAGTGGTTA
bovine-CoV,GGTAGTGGTT
bovine-CoV,GGTATTTTTG
bovine-CoV,GGTGTTGTT
bovine-CoV,GTAGGTAGTGGTT
bovine-CoV,GTAGTGGTT
bovine-CoV,GTAGTGGTT
bovine-CoV,GTAGTGGTT
bovine-CoV,GTTATAATG
bovine-CoV,TAATGGTAATC
bovine-CoV,TAATGGTATT
bovine-CoV,TACTATTGA
bovine-CoV,TACTTTTGT
bovine-CoV,TATTAATGGG
bovine-CoV,TATTATAAT
bovine-CoV,TATTTTTGCTAA
bovine-CoV,TGCTGCTAA
bovine-CoV,TGGCATTGG
bovine-CoV,TGGTAATCA
bovine-CoV,TGGTTATTA
bovine-CoV,TGGTTTGTAT
bovine-CoV,TGTTAATTAT
bovine-CoV,TGTTACTAA
bovine-CoV,TGTTTGTGT
bovine-CoV,TTAATGAATG
bovine-CoV,TTAATTATA
bovine-CoV,TTACTAATGGT
bovine-CoV,TTAGTGCAG
bovine-CoV,TTGCTGGTG
bovine-CoV,TTGGTGCTAT
bovine-CoV,TTGTAATAG
bovine-CoV,TTGTTAATG
bovine-CoV,TTGTTCTACT
bovine-CoV,TTGTTTCCT
bovine-CoV,TTGTTTTAA
bovine-CoV,TTTACTAAT
bovine-CoV,TTTATTTAAAT
bovine-CoV,TTTGTATTT
bovine-CoV,TTTTACAGA
bovine-CoV,TTTTACTAT
bovine-CoV,CCTGCAGGT
bovine-CoV,TGGCATAGG
bovine-CoV,AAAATCAAA
bovine-CoV,AATGCTGAA
bovine-CoV,AATGCTGAT
bovine-CoV,AATGGTTTA
bovine-CoV,ACTATAGGTA
bovine-CoV,ACTGGTGTT
bovine-CoV,ACTGGTGTT
bovine-CoV,ACTTATTAT
bovine-CoV,ACTTGTAATA
bovine-CoV,AGATTTGGT
bovine-CoV,AGGTTAATG
bovine-CoV,AGTAAAGTT
bovine-CoV,AGTAAATGA
bovine-CoV,AGTGGTTATT
bovine-CoV,ATAACTATAG
bovine-CoV,ATAGGAGATTT
bovine-CoV,ATGATGTTG
bovine-CoV,ATGCTCTTG
bovine-CoV,ATGCTGTTG
bovine-CoV,ATGGCTTTT
bovine-CoV,ATGGTTTAAA
bovine-CoV,ATTTTGATAG
bovine-CoV,CAGCAGCAG
bovine-CoV,CATGATGTT
bovine-CoV,CCTGCAGGT
bovine-CoV,CTAATGGTA
bovine-CoV,CTATGGTTT
bovine-CoV,CTATTGATT
bovine-CoV,CTGACTTTA
bovine-CoV,CTGGTATAG
bovine-CoV,CTGTTAATT
bovine-CoV,CTTTTAATT
bovine-CoV,GACACTGGTGTT
bovine-CoV,GACCTACAA
bovine-CoV,GACTTATTA
bovine-CoV,GATTGCAATA
bovine-CoV,GCTCTTAAT
bovine-CoV,GGTAATGGT
bovine-CoV,GGTACTTAT
bovine-CoV,GGTAGTGGTTA
bovine-CoV,GGTGTTGTT
bovine-CoV,GTAATATGG
bovine-CoV,GTTTCTGTT
bovine-CoV,TAACTATAGA
bovine-CoV,TAACTATAG
bovine-CoV,TAATAATATT
bovine-CoV,TAATGGTAATC
bovine-CoV,TAATGGTATT
bovine-CoV,TAATGGTAT
bovine-CoV,TAATGGTAT
bovine-CoV,TACTAATTTTGA
bovine-CoV,TATTAATGG
bovine-CoV,TATTATAAT
bovine-CoV,TATTTAAAT
bovine-CoV,TATTTTTGCTAA
bovine-CoV,TGCTGCTAA
bovine-CoV,TGGTATAGG
bovine-CoV,TGGTTTGTAT
bovine-CoV,TGTTAATTAT
bovine-CoV,TGTTACTAA
bovine-CoV,TTAATGAATG
bovine-CoV,TTACTAATGGT
bovine-CoV,TTACTACCCT
bovine-CoV,TTACTATTGA
bovine-CoV,TTAGTGCAG
bovine-CoV,TTATGAGTA
bovine-CoV,TTATTATGT
bovine-CoV,TTCTGCTTT
bovine-CoV,TTGAGGCTT
bovine-CoV,TTGCTGGTG
bovine-CoV,TTGGTGCTAT
bovine-CoV,TTGTTAATG
bovine-CoV,TTGTTTTAA
bovine-CoV,TTTACTAAT
bovine-CoV,TTTACTATT
bovine-CoV,TTTCTGTTT
bovine-CoV,TTTGTATTT
bovine-CoV,TTTTACAGA
bovine-CoV,AAAATCAAA
bovine-CoV,AAGATGGTGT
bovine-CoV,AATGCTGAA
bovine-CoV,AATGGTTTA
bovine-CoV,ACTATAGGTA
bovine-CoV,ACTGGTGTT
bovine-CoV,ACTGGTGTT
bovine-CoV,ACTTATTAT
bovine-CoV,ACTTGTAATA
bovine-CoV,AGATTTGGT
bovine-CoV,AGGTTAATG
bovine-CoV,AGTAAAGTT
bovine-CoV,AGTGGTTAC
bovine-CoV,AGTGGTTATT
bovine-CoV,ATAACTATAG
bovine-CoV,ATAGGAGATTT
bovine-CoV,ATGCTCTTG
bovine-CoV,ATGCTGTTG
bovine-CoV,CAGCAGCAG
bovine-CoV,CATGATGTT
bovine-CoV,CCTGCAGGT
bovine-CoV,CGATTGCAATA
bovine-CoV,CTAATGGTA
bovine-CoV,CTGATTTTA
bovine-CoV,CTGTTAATT
bovine-CoV,CTTTTAATT
bovine-CoV,CTTTTAATT
bovine-CoV,CTTTTAATT
bovine-CoV,GACACTGGTGTT
bovine-CoV,GACCTACAA
bovine-CoV,GACTTATTA
bovine-CoV,GCTCTTAAT
bovine-CoV,GGTAGTGGTTA
bovine-CoV,GGTAGTGGTT
bovine-CoV,GGTGTTGTT
bovine-CoV,GGTTACACT
bovine-CoV,GTAATATGG
bovine-CoV,GTAGGTAGTGGTT
bovine-CoV,GTTTCTGTT
bovine-CoV,TAATGGTAATC
bovine-CoV,TAATGGTATT
bovine-CoV,TAATGGTAT
bovine-CoV,TAATGGTAT
bovine-CoV,TAGTTGGCA
bovine-CoV,TATTAATGG
bovine-CoV,TATTATAAT
bovine-CoV,TATTTAAAT
bovine-CoV,TATTTTTGCTAA
bovine-CoV,TGCTGCTAA
bovine-CoV,TGGCATAGG
bovine-CoV,TGGTTATTAC
bovine-CoV,TGGTTTAAA
bovine-CoV,TGGTTTGTAT
bovine-CoV,TGTTAATTA
bovine-CoV,TGTTACTAA
bovine-CoV,TTAAAGATGG
bovine-CoV,TTAATGAATG
bovine-CoV,TTACTAATGGT
bovine-CoV,TTACTATTGA
bovine-CoV,TTAGTGCAG
bovine-CoV,TTATTATGT
bovine-CoV,TTCTGCTTT
bovine-CoV,TTGAGGCTT
bovine-CoV,TTGCTGGTG
bovine-CoV,TTGGGTAAT
bovine-CoV,TTGGTGCTAT
bovine-CoV,TTGTTAATG
bovine-CoV,TTGTTTTAA
bovine-CoV,TTTACTAAT
bovine-CoV,TTTACTATT
bovine-CoV,TTTGTATTT
bovine-CoV,TTTTACAGA
bovine-CoV,TTTTGTTGAGG
bovine-CoV,CCTGCAGGT
bovine-CoV,CTGGTATAG
bovine-CoV,AAAATCAAA
bovine-CoV,AAGATGGTGT
bovine-CoV,AATGCTGAA
bovine-CoV,AATGCTGAT
bovine-CoV,AATGGTTTA
bovine-CoV,ACTATAGGTA
bovine-CoV,ACTGGTGTT
bovine-CoV,ACTGGTGTT
bovine-CoV,ACTTATTAT
bovine-CoV,ACTTGTAATA
bovine-CoV,AGATTTGGT
bovine-CoV,AGGTTAATG
bovine-CoV,AGTAAAGTT
bovine-CoV,AGTAAATGA
bovine-CoV,AGTGGTTAC
bovine-CoV,ATAACTATAG
bovine-CoV,ATAGGAGATTT
bovine-CoV,ATGATGTTG
bovine-CoV,ATGCTGTTG
bovine-CoV,ATTTTGGGT
bovine-CoV,CAGCAGCAG
bovine-CoV,CATGATGTT
bovine-CoV,CGATTGCAATA
bovine-CoV,CTAATGGTA
bovine-CoV,CTGGTATAG
bovine-CoV,CTGTTAATT
bovine-CoV,CTTTTAATT
bovine-CoV,CTTTTAATT
bovine-CoV,CTTTTAATT
bovine-CoV,GACACTGGTGTT
bovine-CoV,GACCTACAA
bovine-CoV,GACTTATTA
bovine-CoV,GCTCTTAAT
bovine-CoV,GGTAGTGGT
bovine-CoV,GGTAGTGGT
bovine-CoV,GGTGTTGTT
bovine-CoV,GGTTACACT
bovine-CoV,GGTTTGTAT
bovine-CoV,GTAATATGG
bovine-CoV,GTAGGTAGTGGTT
bovine-CoV,GTTTCTGTT
bovine-CoV,TAATGGTAATC
bovine-CoV,TAATGGTATT
bovine-CoV,TAATGGTAT
bovine-CoV,TAATGGTAT
bovine-CoV,TAGTTGGCA
bovine-CoV,TATAGTGTG
bovine-CoV,TATTAATGG
bovine-CoV,TATTATAAT
bovine-CoV,TATTTAAAT
bovine-CoV,TATTTTTGCTAA
bovine-CoV,TGCTGCTAA
bovine-CoV,TGGTTTAAA
bovine-CoV,TGTGGTTTA
bovine-CoV,TGTTAATTAT
bovine-CoV,TGTTACTAA
bovine-CoV,TGTTTCCTG
bovine-CoV,TTAAAGATGG
bovine-CoV,TTAATGAATG
bovine-CoV,TTAATTATA
bovine-CoV,TTACTAATGGT
bovine-CoV,TTACTATTGA
bovine-CoV,TTAGTGCAG
bovine-CoV,TTATGTAAA
bovine-CoV,TTCTGCTTT
bovine-CoV,TTGAGGCTT
bovine-CoV,TTGCTGGTG
bovine-CoV,TTGGGTAAT
bovine-CoV,TTGGTGCTAT
bovine-CoV,TTGTTTATG
bovine-CoV,TTGTTTTAA
bovine-CoV,TTTACTAAT
bovine-CoV,TTTACTATT
bovine-CoV,TTTGTATTTT
bovine-CoV,TTTTACAGA
bovine-CoV,TTTTGGGTT
bovine-CoV,TTTTGTTGAGG
bovine-CoV,AAAATCAAA
bovine-CoV,AAGATGGTGT
bovine-CoV,AATAATACT
bovine-CoV,AATGCTGAA
bovine-CoV,AATGCTGAT
bovine-CoV,AATGGTTTA
bovine-CoV,ACTATAGGTA
bovine-CoV,ACTGGTGTT
bovine-CoV,ACTGGTGTT
bovine-CoV,ACTTATTAT
bovine-CoV,ACTTGTAATA
bovine-CoV,AGATTTGGT
bovine-CoV,AGGTTAATG
bovine-CoV,AGTAAAGTT
bovine-CoV,AGTAAATGA
bovine-CoV,AGTGGTTAC
bovine-CoV,AGTGGTTATT
bovine-CoV,ATAACTATAG
bovine-CoV,ATAGGAGATTT
bovine-CoV,ATGATGTTG
bovine-CoV,ATGCTGTTG
bovine-CoV,CAGCAGCAG
bovine-CoV,CATGATGTT
bovine-CoV,CTAATGGTA
bovine-CoV,CTGGTATAG
bovine-CoV,CTGTTAATT
bovine-CoV,CTTTTAATT
bovine-CoV,CTTTTAATT
bovine-CoV,CTTTTAATT
bovine-CoV,GACACTGGTGTT
bovine-CoV,GACCTACAA
bovine-CoV,GACTTATTA
bovine-CoV,GCTCTTAAT
bovine-CoV,GGTAGTGGTTA
bovine-CoV,GGTAGTGGTT
bovine-CoV,GGTGTTGTT
bovine-CoV,GGTTACACT
bovine-CoV,GGTTTGTAT
bovine-CoV,GTAATATGG
bovine-CoV,GTAGGTAGTGGTT
bovine-CoV,GTTTCTGTT
bovine-CoV,TAATGGTAATC
bovine-CoV,TAATGGTATT
bovine-CoV,TAATGGTAT
bovine-CoV,TAATGGTAT
bovine-CoV,TAGTTGGCA
bovine-CoV,TATTAATGG
bovine-CoV,TATTATAAT
bovine-CoV,TATTTAAAT
bovine-CoV,TATTTTTGCTAA
bovine-CoV,TGCTGCTAA
bovine-CoV,TGGGTAATAAA
bovine-CoV,TGGTTATTAC
bovine-CoV,TGGTTTAAA
bovine-CoV,TGTTAATTAT
bovine-CoV,TGTTACTAA
bovine-CoV,TTAAAGATGG
bovine-CoV,TTAATGAATG
bovine-CoV,TTAATTATA
bovine-CoV,TTACTAATGGT
bovine-CoV,TTACTATTGA
bovine-CoV,TTAGTGCAG
bovine-CoV,TTATGTAAA
bovine-CoV,TTATTATGT
bovine-CoV,TTCTGCTTT
bovine-CoV,TTGAGGCTT
bovine-CoV,TTGCTGGTG
bovine-CoV,TTGGGTAAT
bovine-CoV,TTGGTGCTAT
bovine-CoV,TTGTAATAA
bovine-CoV,TTGTTTTAA
bovine-CoV,TTTACTAAT
bovine-CoV,TTTACTATT
bovine-CoV,TTTCATGCTA
bovine-CoV,TTTGTATTT
bovine-CoV,TTTTACAGA
bovine-CoV,TTTTGTTGAGG
bovine-CoV,AAAACCAAA
bovine-CoV,AATAATACT
bovine-CoV,AATGCTGAT
bovine-CoV,AATGGTTTA
bovine-CoV,ACTAAGCTT
bovine-CoV,ACTATAGGTA
bovine-CoV,ACTGGTGTT
bovine-CoV,ACTGGTGTT
bovine-CoV,ACTTATTAT
bovine-CoV,ACTTGTAATA
bovine-CoV,AGATTTGGT
bovine-CoV,AGCTTCTGT
bovine-CoV,AGGTTAATG
bovine-CoV,AGTAAAGTT
bovine-CoV,AGTAAATGA
bovine-CoV,ATAACTATAG
bovine-CoV,ATAGGAGATTT
bovine-CoV,ATGATGTTG
bovine-CoV,ATGCTCTTG
bovine-CoV,ATGCTGTTG
bovine-CoV,CAATACCCAA
bovine-CoV,CAGCAGCAG
bovine-CoV,CCTGCAGGT
bovine-CoV,CGATTGTAATA
bovine-CoV,CTAATGGTA
bovine-CoV,CTGATTTTA
bovine-CoV,CTGTTAATT
bovine-CoV,CTTTGACTT
bovine-CoV,CTTTTAATT
bovine-CoV,CTTTTAATT
bovine-CoV,CTTTTAATT
bovine-CoV,GACACTGGTGTT
bovine-CoV,GACCTACAA
bovine-CoV,GACTTATTA
bovine-CoV,GCTCTTAAT
bovine-CoV,GGTAGTGGTTA
bovine-CoV,GGTGTTGTT
bovine-CoV,GTAATATGG
bovine-CoV,GTTACTATT
bovine-CoV,TAATATTGA
bovine-CoV,TAATGGTAATC
bovine-CoV,TAATGGTATT
bovine-CoV,TAATGGTAT
bovine-CoV,TAATGGTAT
bovine-CoV,TAGTTGGCA
bovine-CoV,TATTAATGG
bovine-CoV,TATTATAAT
bovine-CoV,TATTTAAAT
bovine-CoV,TATTTTTGCTAA
bovine-CoV,TCATGATGTT
bovine-CoV,TCGATGTTAC
bovine-CoV,TGGTTATTAC
bovine-CoV,TGGTTTAAA
bovine-CoV,TGGTTTGTAT
bovine-CoV,TGTAATATT
bovine-CoV,TGTTAATTAT
bovine-CoV,TGTTACTAA
bovine-CoV,TTAATGAATG
bovine-CoV,TTAATTATA
bovine-CoV,TTACTAATGGT
bovine-CoV,TTACTATTGA
bovine-CoV,TTATGTAAA
bovine-CoV,TTATTATGT
bovine-CoV,TTCTGCTTT
bovine-CoV,TTGAGGCTT
bovine-CoV,TTGGTGCTAT
bovine-CoV,TTGTAATAA
bovine-CoV,TTGTTTATG
bovine-CoV,TTGTTTCCT
bovine-CoV,TTGTTTGTG
bovine-CoV,TTGTTTTAA
bovine-CoV,TTTACTAAT
bovine-CoV,TTTGTATTTT
bovine-CoV,TTTTACAGA
bovine-CoV,TTTTGTTGAGG
bovine-CoV,AAAATCAAA
bovine-CoV,AAGATGGTGT
bovine-CoV,AATGCTGAA
bovine-CoV,AATGCTGAT
bovine-CoV,AATGGTTTA
bovine-CoV,ACTATAGGTA
bovine-CoV,ACTGGTGTT
bovine-CoV,ACTGGTGTT
bovine-CoV,ACTTATTAT
bovine-CoV,ACTTGTAATA
bovine-CoV,AGATTTGGT
bovine-CoV,AGGTTAATG
bovine-CoV,AGTAAAGTT
bovine-CoV,AGTAAATGA
bovine-CoV,AGTGGTTAC
bovine-CoV,AGTGGTTATT
bovine-CoV,ATAACTATAG
bovine-CoV,ATAGGAGATTT
bovine-CoV,ATGATGTTG
bovine-CoV,ATGCTGTTG
bovine-CoV,ATGGTATTT
bovine-CoV,ATTTTGGGT
bovine-CoV,CAGCAGCAG
bovine-CoV,CATGATGTT
bovine-CoV,CGATTGCAATA
bovine-CoV,CTAATGGTA
bovine-CoV,CTGTTAATT
bovine-CoV,CTTTTAATT
bovine-CoV,CTTTTAATT
bovine-CoV,CTTTTAATT
bovine-CoV,GACACTGGTGTT
bovine-CoV,GACCTACAA
bovine-CoV,GACTTATTA
bovine-CoV,GCTCTTAAT
bovine-CoV,GGTAGTGGTTA
bovine-CoV,GGTAGTGGTT
bovine-CoV,GGTGTTGTT
bovine-CoV,GGTTACACT
bovine-CoV,GGTTTGTAT
bovine-CoV,GTAATATGG
bovine-CoV,GTAGGTAGTGGTT
bovine-CoV,GTTTCTGTT
bovine-CoV,TAATGGTAATC
bovine-CoV,TAATGGTATT
bovine-CoV,TAATGGTAT
bovine-CoV,TAATGGTAT
bovine-CoV,TAGTTGGCA
bovine-CoV,TATAGTGTG
bovine-CoV,TATTAATGG
bovine-CoV,TATTATAAT
bovine-CoV,TATTTAAAT
bovine-CoV,TATTTTTGCTAA
bovine-CoV,TGCTGCTAA
bovine-CoV,TGGCATAGG
bovine-CoV,TGGTTATTAC
bovine-CoV,TGGTTTAAA
bovine-CoV,TGTTAATTAT
bovine-CoV,TGTTACTAA
bovine-CoV,TGTTTCCTG
bovine-CoV,TTAAAGATGG
bovine-CoV,TTAATGAATG
bovine-CoV,TTAATTATA
bovine-CoV,TTACTAATGGT
bovine-CoV,TTACTATTGA
bovine-CoV,TTAGTGCAG
bovine-CoV,TTATGTAAA
bovine-CoV,TTATTATGT
bovine-CoV,TTCTGCTTT
bovine-CoV,TTGAGGCTT
bovine-CoV,TTGCTGGTG
bovine-CoV,TTGGGTAAT
bovine-CoV,TTGGTGCTAT
bovine-CoV,TTGTTTATG
bovine-CoV,TTGTTTTAA
bovine-CoV,TTTACTAAT
bovine-CoV,TTTACTATT
bovine-CoV,TTTGTATTTT
bovine-CoV,TTTTACAGA
bovine-CoV,TTTTGGGTT
bovine-CoV,TTTTGTTGAGG
bovine-CoV,AAAATCAAA
bovine-CoV,AAGATGGTGT
bovine-CoV,AATAATACT
bovine-CoV,AATGCTGAA
bovine-CoV,AATGCTGAT
bovine-CoV,AATGGTTTA
bovine-CoV,ACTATAGGTA
bovine-CoV,ACTGGTGTT
bovine-CoV,ACTGGTGTT
bovine-CoV,ACTTATTAT
bovine-CoV,ACTTGTAATA
bovine-CoV,AGATTTGGT
bovine-CoV,AGGTTAATG
bovine-CoV,AGTAAAGTT
bovine-CoV,AGTAAATGA
bovine-CoV,AGTGGTTAC
bovine-CoV,AGTGGTTATT
bovine-CoV,ATAACTATAG
bovine-CoV,ATAGGAGATTT
bovine-CoV,ATGATGTTG
bovine-CoV,ATGCTGTTG
bovine-CoV,CATGATGTT
bovine-CoV,CGATTGCAATA
bovine-CoV,CTAATGGTA
bovine-CoV,CTGTTAATT
bovine-CoV,CTTTGACTT
bovine-CoV,CTTTTAATT
bovine-CoV,CTTTTAATT
bovine-CoV,CTTTTAATT
bovine-CoV,GACACTGGTGTT
bovine-CoV,GACCTACAA
bovine-CoV,GACTTATTA
bovine-CoV,GCTCTTAAT
bovine-CoV,GCTGGTGTA
bovine-CoV,GGTAGTGGTTA
bovine-CoV,GGTAGTGGT
bovine-CoV,GGTGTTGTT
bovine-CoV,GGTTACACT
bovine-CoV,GGTTTGTAT
bovine-CoV,GTAATATGG
bovine-CoV,GTAGGTAGTGGT
bovine-CoV,GTTTCTGTT
bovine-CoV,TAATGGTAATC
bovine-CoV,TAATGGTATT
bovine-CoV,TAATGGTAT
bovine-CoV,TAATGGTAT
bovine-CoV,TAGTTGGCA
bovine-CoV,TATAGTGTG
bovine-CoV,TATGGCATTG
bovine-CoV,TATTAATGG
bovine-CoV,TATTATAAT
bovine-CoV,TATTTAAAT
bovine-CoV,TATTTTTGCTAA
bovine-CoV,TGCTGCTAA
bovine-CoV,TGGCATAGG
bovine-CoV,TGGTTATTAC
bovine-CoV,TGGTTTAAA
bovine-CoV,TGTTAATTAT
bovine-CoV,TGTTACTAA
bovine-CoV,TGTTTCCTG
bovine-CoV,TTAAAGATGG
bovine-CoV,TTAATGAATG
bovine-CoV,TTAATTATA
bovine-CoV,TTACTAATGGT
bovine-CoV,TTACTATTGA
bovine-CoV,TTAGTGCAG
bovine-CoV,TTATGTAAA
bovine-CoV,TTATTATGT
bovine-CoV,TTCTGCTTT
bovine-CoV,TTGAGGCTT
bovine-CoV,TTGCTGGTG
bovine-CoV,TTGGGTAAT
bovine-CoV,TTGGTGCTAT
bovine-CoV,TTGTTTATG
bovine-CoV,TTGTTTTAA
bovine-CoV,TTTACTAAT
bovine-CoV,TTTACTATT
bovine-CoV,TTTGTATTT
bovine-CoV,TTTTACAGA
bovine-CoV,TTTTGTTGAGG
bovine-CoV,AATAGTGGTA
bovine-CoV,CATGATGTT
bovine-CoV,CCTGCAGGT
bovine-CoV,GTAGGTAGTGGT
bovine-CoV,TAGTTGGCA
bovine-CoV,TATTATAAT
bovine-CoV,AAGATGGTGT
bovine-CoV,GACACTGGTGTT
bovine-CoV,TTATTATGT
bovine-CoV,TTTCTGTTT
bovine-CoV,AAAATCAAA
bovine-CoV,AAGATGGTGT
bovine-CoV,AATGCTGAA
bovine-CoV,AATGCTGAT
bovine-CoV,AATGGTTTA
bovine-CoV,ACTAAGTTT
bovine-CoV,ACTATAGGTA
bovine-CoV,ACTGGTGTT
bovine-CoV,ACTTATTAT
bovine-CoV,ACTTGTAATA
bovine-CoV,AGATTTGGT
bovine-CoV,AGGTTAATG
bovine-CoV,AGTAAAGTT
bovine-CoV,AGTAAATGA
bovine-CoV,AGTGGTTAC
bovine-CoV,AGTGGTTATT
bovine-CoV,ATAACTATAG
bovine-CoV,ATAGGAGATTT
bovine-CoV,ATGATGTTG
bovine-CoV,ATGCTGTTG
bovine-CoV,CAGCAGCAG
bovine-CoV,CTAATGGTA
bovine-CoV,CTGTTAATT
bovine-CoV,CTTTTAATT
bovine-CoV,GACACTGGTG
bovine-CoV,GACCTACAA
bovine-CoV,GACTTATTA
bovine-CoV,GCTCTTAAT
bovine-CoV,GGTAGTGGTTA
bovine-CoV,GGTAGTGGT
bovine-CoV,GGTGTTGTT
bovine-CoV,GGTTACACT
bovine-CoV,GGTTTGTAT
bovine-CoV,GTAATATGG
bovine-CoV,GTAGGTAGTGGT
bovine-CoV,GTTTCTGTT
bovine-CoV,TAATATTGA
bovine-CoV,TAATGGTAATC
bovine-CoV,TAATGGTAT
bovine-CoV,TAGTTGGCA
bovine-CoV,TATTATAAT
bovine-CoV,TATTTAAAT
bovine-CoV,TATTTTTGCTAA
bovine-CoV,TCATGATGTT
bovine-CoV,TGGCATAGG
bovine-CoV,TGGTTATTAC
bovine-CoV,TGGTTTAAA
bovine-CoV,TGTAATATT
bovine-CoV,TGTTAATTAT
bovine-CoV,TGTTACTAA
bovine-CoV,TTAAAGATGG
bovine-CoV,TTAATGAATG
bovine-CoV,TTACTAATGGT
bovine-CoV,TTACTATTGA
bovine-CoV,TTAGTGCAG
bovine-CoV,TTATGTAAA
bovine-CoV,TTATTATGT
bovine-CoV,TTCTGCTTT
bovine-CoV,TTGAGGCTT
bovine-CoV,TTGCTGGTG
bovine-CoV,TTGGGTAAT
bovine-CoV,TTGTTTATG
bovine-CoV,TTGTTTTAA
bovine-CoV,TTTACTAAT
bovine-CoV,TTTACTATT
bovine-CoV,TTTATGGTATT
bovine-CoV,TTTGTATTTT
bovine-CoV,TTTTGTTGAGG
bovine-CoV,AAAACCAAA
bovine-CoV,AAGATGGTGT
bovine-CoV,AATAATACT
bovine-CoV,AATGCTGAA
bovine-CoV,AATGCTGAT
bovine-CoV,AATGGTTTA
bovine-CoV,ACTGGTGTT
bovine-CoV,ACTGGTGTT
bovine-CoV,ACTTATTAT
bovine-CoV,ACTTGTAATA
bovine-CoV,AGGTTAATG
bovine-CoV,AGTAAATGA
bovine-CoV,AGTGGTTATT
bovine-CoV,AGTTTCTGT
bovine-CoV,ATAACTATAG
bovine-CoV,ATAGGAGATTT
bovine-CoV,ATATGAGTA
bovine-CoV,ATGATGTTG
bovine-CoV,ATGCTCTTG
bovine-CoV,ATGCTGTTG
bovine-CoV,ATGGTTTAAA
bovine-CoV,ATTAATGGG
bovine-CoV,ATTTTATTT
bovine-CoV,ATTTTTGCTAA
bovine-CoV,CAGCAGCAG
bovine-CoV,CATGATGTT
bovine-CoV,CATTCTTGG
bovine-CoV,CCTGCAGGT
bovine-CoV,CTAAAGTTA
bovine-CoV,CTATGGTTT
bovine-CoV,CTGATTTTA
bovine-CoV,CTGGTATAG
bovine-CoV,CTGTTAATT
bovine-CoV,CTTTTAATT
bovine-CoV,GACACTGGTGTT
bovine-CoV,GACCTACAA
bovine-CoV,GACTTATTA
bovine-CoV,GCTCTTAAT
bovine-CoV,GGTAGTGGTTA
bovine-CoV,GTAATATGG
bovine-CoV,GTGTTGTCA
bovine-CoV,TAACTATAGA
bovine-CoV,TAACTATAG
bovine-CoV,TAATATTGA
bovine-CoV,TAATGGTAATC
bovine-CoV,TATAGGAGA
bovine-CoV,TATTATAAT
bovine-CoV,TATTTAAAT
bovine-CoV,TGGTATAGG
bovine-CoV,TGGTTATTAC
bovine-CoV,TGGTTTGTAT
bovine-CoV,TGTAATATT
bovine-CoV,TGTTAATTAT
bovine-CoV,TTAAAGATGG
bovine-CoV,TTAATGAATG
bovine-CoV,TTACTATTGA
bovine-CoV,TTAGTGCAG
bovine-CoV,TTATTATGT
bovine-CoV,TTCTGCTTT
bovine-CoV,TTGAGGCTT
bovine-CoV,TTGCTGGTG
bovine-CoV,TTGGTGCTAT
bovine-CoV,TTGTTAATG
bovine-CoV,TTGTTTTAA
bovine-CoV,TTTACTATT
bovine-CoV,TTTCTGTTT
bovine-CoV,TTTGTATTT
bovine-CoV,TTTTACAGA
bovine-CoV,TTTTGTTGAGG
bovine-CoV,CCTGCAGGT
bovine-CoV,TGGCATAGG
bovine-CoV,TTACTAATGGT
bovine-CoV,AAAATCAAA
bovine-CoV,AAGATGGTGT
bovine-CoV,AATGCTGAA
bovine-CoV,AATGCTGAT
bovine-CoV,AATGGTTTA
bovine-CoV,ACTATAGGTA
bovine-CoV,ACTGGTGTT
bovine-CoV,ACTGGTGTT
bovine-CoV,ACTTATTAT
bovine-CoV,ACTTGTAATA
bovine-CoV,AGATTTGGT
bovine-CoV,AGGTTAATG
bovine-CoV,AGTAAAGTT
bovine-CoV,AGTAAATGA
bovine-CoV,AGTGGTTAC
bovine-CoV,AGTGGTTATT
bovine-CoV,ATAACTATAG
bovine-CoV,ATAGGAGATTT
bovine-CoV,ATGATGTTG
bovine-CoV,ATGCTGTTG
bovine-CoV,ATTTTGGGT
bovine-CoV,CAGCAGCAG
bovine-CoV,CATGATGTT
bovine-CoV,CTAAAGTTAC
bovine-CoV,CTAATGGTA
bovine-CoV,CTGTTAATT
bovine-CoV,CTTTGACTT
bovine-CoV,CTTTTAATT
bovine-CoV,GACACTGGTGTT
bovine-CoV,GACCTACAA
bovine-CoV,GACTTATTA
bovine-CoV,GCTCTTAAT
bovine-CoV,GCTTAGTGA
bovine-CoV,GGTAGTGGTTA
bovine-CoV,GGTTACACT
bovine-CoV,GGTTTGTAT
bovine-CoV,GTAATATGG
bovine-CoV,GTTTCTGTT
bovine-CoV,TAACTATAGA
bovine-CoV,TAACTATAG
bovine-CoV,TAATGGTAATC
bovine-CoV,TAATGGTATT
bovine-CoV,TAATGGTAT
bovine-CoV,TAATGGTAT
bovine-CoV,TAGTTGGCA
bovine-CoV,TATTAATGG
bovine-CoV,TATTATAAT
bovine-CoV,TATTTAAAT
bovine-CoV,TATTTTTGCTAA
bovine-CoV,TGGCATAGG
bovine-CoV,TGGTTATTAC
bovine-CoV,TGGTTTAAA
bovine-CoV,TGTTAATTAT
bovine-CoV,TGTTACTAA
bovine-CoV,TTAAAGATGG
bovine-CoV,TTAATGAATG
bovine-CoV,TTACTAATGGT
bovine-CoV,TTACTATTGA
bovine-CoV,TTAGTGCAG
bovine-CoV,TTATGTAAA
bovine-CoV,TTATTATGT
bovine-CoV,TTCTGCTTT
bovine-CoV,TTGAGGCTT
bovine-CoV,TTGCTGGTG
bovine-CoV,TTGGGTAAT
bovine-CoV,TTGGTGCTAT
bovine-CoV,TTGTAATAA
bovine-CoV,TTGTTTATG
bovine-CoV,TTGTTTTAA
bovine-CoV,TTTACTAAT
bovine-CoV,TTTACTATT
bovine-CoV,TTTGTATTTT
bovine-CoV,TTTTGGGTT
bovine-CoV,TTTTGTTGAGG
bovine-CoV,CCTGCAGGT
bovine-CoV,TGGCATAGG
bovine-CoV,CATGATGTT
bovine-CoV,CCTGCAGGT
bovine-CoV,TAGTTGGCA
bovine-CoV,TATTATAAT
bovine-CoV,TGGCATAGG
bovine-CoV,AAAATCAAA
bovine-CoV,AATAATACT
bovine-CoV,AATGCTGAA
bovine-CoV,AATGCTGAT
bovine-CoV,AATGGTTTA
bovine-CoV,ACTATAGGTA
bovine-CoV,ACTGGTGTT
bovine-CoV,ACTGGTGTT
bovine-CoV,ACTTATTAT
bovine-CoV,ACTTTAGCT
bovine-CoV,AGGTTAATG
bovine-CoV,AGTAAATGA
bovine-CoV,AGTCAAAAT
bovine-CoV,ATAACTATAG
bovine-CoV,ATAGGAGATTT
bovine-CoV,ATGATGTTG
bovine-CoV,ATGCTGTTG
bovine-CoV,ATGGTATTA
bovine-CoV,ATGGTGTTA
bovine-CoV,ATGGTTTAAA
bovine-CoV,ATTTTACTAA
bovine-CoV,ATTTTACTA
bovine-CoV,ATTTTATTT
bovine-CoV,ATTTTGATA
bovine-CoV,CACTGTTCAG
bovine-CoV,CAGCAGCAG
bovine-CoV,CCTGCAGGT
bovine-CoV,CGATTGTAATA
bovine-CoV,CTAATGGTA
bovine-CoV,CTATGGTTT
bovine-CoV,CTGATTTTA
bovine-CoV,CTTTTAATT
bovine-CoV,CTTTTAATT
bovine-CoV,CTTTTAATT
bovine-CoV,GACACTGGTGTT
bovine-CoV,GACCTACAA
bovine-CoV,GACTTATTA
bovine-CoV,GATTTTACTA
bovine-CoV,GCTCTTAAT
bovine-CoV,GGTAGTGGTTACT
bovine-CoV,GGTAGTGGTT
bovine-CoV,GGTATTTTTG
bovine-CoV,GTAGGTAGTGGTT
bovine-CoV,GTTATAATG
bovine-CoV,TAATGGTAATC
bovine-CoV,TAATGGTATT
bovine-CoV,TAATGTATA
bovine-CoV,TACTATTGA
bovine-CoV,TACTTTTGT
bovine-CoV,TATTAATGGG
bovine-CoV,TATTATAAT
bovine-CoV,TATTTAAAT
bovine-CoV,TATTTTTGCTAA
bovine-CoV,TGCTGCTAA
bovine-CoV,TGGCATTGG
bovine-CoV,TGGTTTGTAT
bovine-CoV,TGTTACTAA
bovine-CoV,TGTTTGTGT
bovine-CoV,TTAATGAATG
bovine-CoV,TTACTAATGGT
bovine-CoV,TTACTTGTAATA
bovine-CoV,TTAGTGCAG
bovine-CoV,TTGCTGGTG
bovine-CoV,TTGGTGCTAT
bovine-CoV,TTGTAATAG
bovine-CoV,TTGTTAATG
bovine-CoV,TTGTTCTACT
bovine-CoV,TTGTTTTAA
bovine-CoV,TTTACTAAT
bovine-CoV,TTTGTATTTC
bovine-CoV,TTTTACAGA
bovine-CoV,TTTTACTAT
bovine-CoV,AAAATCAAA
bovine-CoV,AAGATGGTGT
bovine-CoV,AATGCTGAA
bovine-CoV,AATGCTGAT
bovine-CoV,AATGGTTTA
bovine-CoV,ACTATAGGTA
bovine-CoV,ACTGGTGTT
bovine-CoV,ACTGGTGTT
bovine-CoV,ACTTATTAT
bovine-CoV,ACTTGTAATA
bovine-CoV,AGATTTGGT
bovine-CoV,AGGTTAATG
bovine-CoV,AGTAAAGTT
bovine-CoV,AGTAAATGA
bovine-CoV,AGTGGTTATT
bovine-CoV,ATAACTATAG
bovine-CoV,ATAGGAGATTT
bovine-CoV,ATGATGTTG
bovine-CoV,ATGCTCTTG
bovine-CoV,ATGCTGTTG
bovine-CoV,CAGCAGCAG
bovine-CoV,CATGATGTT
bovine-CoV,CCTGCAGGT
bovine-CoV,CGATTGCAATA
bovine-CoV,CTAATGGTA
bovine-CoV,CTGATTTTA
bovine-CoV,CTGCTTTTG
bovine-CoV,CTGTTAATT
bovine-CoV,CTTTTAATT
bovine-CoV,CTTTTAATT
bovine-CoV,CTTTTAATT
bovine-CoV,GACACTGGTGTT
bovine-CoV,GACCTACAA
bovine-CoV,GACTTATTA
bovine-CoV,GCTCTTAAT
bovine-CoV,GGTAATGGT
bovine-CoV,GGTAGTGGTTA
bovine-CoV,GGTGTTGTT
bovine-CoV,GTAATATGG
bovine-CoV,GTTTCTGTT
bovine-CoV,TAATGGTAATC
bovine-CoV,TAATGGTATT
bovine-CoV,TAATGGTAT
bovine-CoV,TAATGGTAT
bovine-CoV,TAGTTGGCA
bovine-CoV,TATTAATGG
bovine-CoV,TATTATAAT
bovine-CoV,TATTTAAAT
bovine-CoV,TATTTTTGCTAA
bovine-CoV,TCCTGCTAT
bovine-CoV,TGCTGCTAA
bovine-CoV,TGGCATAGG
bovine-CoV,TGGTTATTAC
bovine-CoV,TGGTTTAAA
bovine-CoV,TGGTTTGTA
bovine-CoV,TGTTAATTAT
bovine-CoV,TGTTACTAA
bovine-CoV,TTAAAGATGG
bovine-CoV,TTAATGAATG
bovine-CoV,TTAATTATA
bovine-CoV,TTACTAATGGT
bovine-CoV,TTACTATTGA
bovine-CoV,TTAGTGCAG
bovine-CoV,TTATTATGT
bovine-CoV,TTCTGCTTT
bovine-CoV,TTGCTGGTG
bovine-CoV,TTGGGTAAT
bovine-CoV,TTGGTGCTAT
bovine-CoV,TTGTTAATG
bovine-CoV,TTGTTTTAA
bovine-CoV,TTTACTAAT
bovine-CoV,TTTACTATT
bovine-CoV,TTTGTATTT
bovine-CoV,TTTTACAGA
bovine-CoV,CCTGCAGGT
bovine-CoV,TAGTTGGCA
bovine-CoV,AAAACCAAA
bovine-CoV,AAGATGGTGT
bovine-CoV,AATGCTGAA
bovine-CoV,AATGCTGAT
bovine-CoV,AATGGTTTA
bovine-CoV,ACTATAGGTA
bovine-CoV,ACTGGTGTT
bovine-CoV,ACTGGTGTT
bovine-CoV,ACTTATTAT
bovine-CoV,ACTTGTAATA
bovine-CoV,AGGTTAATG
bovine-CoV,AGTAAAGTT
bovine-CoV,AGTAAATGA
bovine-CoV,AGTGGTTATT
bovine-CoV,ATAACTATAG
bovine-CoV,ATGATGTTG
bovine-CoV,ATGCTCTTG
bovine-CoV,ATGCTGTTG
bovine-CoV,CAGCAGCAG
bovine-CoV,CATGATGTT
bovine-CoV,CATGTAAAT
bovine-CoV,CCTGCAGGT
bovine-CoV,CTAATGGTA
bovine-CoV,CTGATTTTA
bovine-CoV,CTGTTAATT
bovine-CoV,CTTTGACTT
bovine-CoV,CTTTTAATT
bovine-CoV,GACACTGGTGTT
bovine-CoV,GACCTACAA
bovine-CoV,GCTCTTAAT
bovine-CoV,GGTAATGGT
bovine-CoV,GGTAGTGGTTA
bovine-CoV,GGTGTTGTT
bovine-CoV,GGTTTGTAT
bovine-CoV,GTAATATGG
bovine-CoV,GTTTCTGTT
bovine-CoV,TAAATTGGG
bovine-CoV,TAACTATAGA
bovine-CoV,TAACTATAG
bovine-CoV,TAATATTGA
bovine-CoV,TAATGGTAATC
bovine-CoV,TAATGGTATT
bovine-CoV,TAATGGTAT
bovine-CoV,TAATGGTAT
bovine-CoV,TAGTTGGCA
bovine-CoV,TATTAATGG
bovine-CoV,TATTATAAT
bovine-CoV,TATTTAAAT
bovine-CoV,TATTTTTGCTAA
bovine-CoV,TGGCATAGG
bovine-CoV,TGGTTATTAC
bovine-CoV,TGGTTTAAA
bovine-CoV,TGTAATATT
bovine-CoV,TGTTAATTAT
bovine-CoV,TGTTACTAA
bovine-CoV,TGTTTATTTA
bovine-CoV,TTAAAGATGG
bovine-CoV,TTAATGAATG
bovine-CoV,TTACTAATGGT
bovine-CoV,TTACTATTGA
bovine-CoV,TTAGTGCAG
bovine-CoV,TTATTATGTT
bovine-CoV,TTGAGGCTT
bovine-CoV,TTGCTGGTG
bovine-CoV,TTGGGTAAT
bovine-CoV,TTGGTGCTAT
bovine-CoV,TTGTTAATG
bovine-CoV,TTGTTTTAA
bovine-CoV,TTTACTAAT
bovine-CoV,TTTACTATT
bovine-CoV,TTTGTATTT
bovine-CoV,TTTTACAGA
bovine-CoV,TTTTGTTGAGG
bovine-CoV,AAAATCAAA
bovine-CoV,AAGATGGTGT
bovine-CoV,AATAATACT
bovine-CoV,AATGCTGAA
bovine-CoV,AATGCTGAT
bovine-CoV,AATGGTTTA
bovine-CoV,ACTATAGGTA
bovine-CoV,ACTGGTGTT
bovine-CoV,ACTGGTGTT
bovine-CoV,ACTTATTAT
bovine-CoV,ACTTGTAATA
bovine-CoV,AGATTTGGT
bovine-CoV,AGGTTAATG
bovine-CoV,AGTAAAGTT
bovine-CoV,AGTAAATGA
bovine-CoV,AGTGGTTAC
bovine-CoV,AGTGGTTATT
bovine-CoV,ATAACTATAG
bovine-CoV,ATAGGAGATTT
bovine-CoV,ATGATGTTG
bovine-CoV,ATGCTGTTG
bovine-CoV,CATGATGTT
bovine-CoV,CGATTGCAATA
bovine-CoV,CTAATGGTA
bovine-CoV,CTGTTAATT
bovine-CoV,CTTTGACTT
bovine-CoV,CTTTTAATT
bovine-CoV,CTTTTAATT
bovine-CoV,CTTTTAATT
bovine-CoV,GACACTGGTGTT
bovine-CoV,GACCTACAA
bovine-CoV,GACTTATTA
bovine-CoV,GCTCTTAAT
bovine-CoV,GCTGGTGTA
bovine-CoV,GGTAGTGGTTA
bovine-CoV,GGTAGTGGT
bovine-CoV,GGTGTTGTT
bovine-CoV,GGTTACACT
bovine-CoV,GGTTTGTAT
bovine-CoV,GTAATATGG
bovine-CoV,GTAGGTAGTGGT
bovine-CoV,GTTTCTGTT
bovine-CoV,TAATGGTAATC
bovine-CoV,TAATGGTATT
bovine-CoV,TAATGGTAT
bovine-CoV,TAATGGTAT
bovine-CoV,TAGTTGGCA
bovine-CoV,TATAGTGTG
bovine-CoV,TATGGCATTG
bovine-CoV,TATTAATGG
bovine-CoV,TATTATAAT
bovine-CoV,TATTTAAAT
bovine-CoV,TATTTTTGCTAA
bovine-CoV,TGCTGCTAA
bovine-CoV,TGGCATAGG
bovine-CoV,TGGTTATTAC
bovine-CoV,TGGTTTAAA
bovine-CoV,TGTTAATTAT
bovine-CoV,TGTTACTAA
bovine-CoV,TGTTTCCTG
bovine-CoV,TTAAAGATGG
bovine-CoV,TTAATGAATG
bovine-CoV,TTAATTATA
bovine-CoV,TTACTAATGGT
bovine-CoV,TTACTATTGA
bovine-CoV,TTAGTGCAG
bovine-CoV,TTATGTAAA
bovine-CoV,TTATTATGT
bovine-CoV,TTCTGCTTT
bovine-CoV,TTGAGGCTT
bovine-CoV,TTGCTGGTG
bovine-CoV,TTGGGTAAT
bovine-CoV,TTGGTGCTAT
bovine-CoV,TTGTTTATG
bovine-CoV,TTGTTTTAA
bovine-CoV,TTTACTAAT
bovine-CoV,TTTACTATT
bovine-CoV,TTTGTATTT
bovine-CoV,TTTTACAGA
bovine-CoV,TTTTGTTGAGG
bovine-CoV,AAAATCAAA
bovine-CoV,AATAATACT
bovine-CoV,AATGCTGAA
bovine-CoV,AATGCTGAT
bovine-CoV,AATGGTTTA
bovine-CoV,ACTATAGGTA
bovine-CoV,ACTGGTGTT
bovine-CoV,ACTGGTGTT
bovine-CoV,ACTTATTAT
bovine-CoV,ACTTGTAATA
bovine-CoV,ACTTTAGCT
bovine-CoV,AGGTTAATG
bovine-CoV,AGTAAATGA
bovine-CoV,AGTGGTTATT
bovine-CoV,ATAACTATAG
bovine-CoV,ATAGGAGATTT
bovine-CoV,ATGATGTTG
bovine-CoV,ATGCTGTTG
bovine-CoV,ATGGTATTA
bovine-CoV,ATGGTGTTA
bovine-CoV,ATTTTATTT
bovine-CoV,ATTTTGATA
bovine-CoV,CACTGTTCAG
bovine-CoV,CAGCAGCAG
bovine-CoV,CCTGCAGGT
bovine-CoV,CGATTGTAATA
bovine-CoV,CTAATGGTA
bovine-CoV,CTACTAATT
bovine-CoV,CTTTGACTT
bovine-CoV,CTTTTAATT
bovine-CoV,CTTTTAATT
bovine-CoV,CTTTTAATT
bovine-CoV,GACACTGGTGTT
bovine-CoV,GACTTATTA
bovine-CoV,GATTTTACTA
bovine-CoV,GCTCTTAAT
bovine-CoV,GGTAGTGGTTA
bovine-CoV,GGTAGTGGTT
bovine-CoV,GGTATTTTTG
bovine-CoV,GGTGTTGTT
bovine-CoV,GTAGGTAGTGGTT
bovine-CoV,GTTATAATG
bovine-CoV,TAATGGTAATC
bovine-CoV,TAATGGTATT
bovine-CoV,TAATGTATA
bovine-CoV,TACTAATTAT
bovine-CoV,TACTATTGA
bovine-CoV,TACTTTTGT
bovine-CoV,TAGTTGGCA
bovine-CoV,TATTAATGGG
bovine-CoV,TATTATAAT
bovine-CoV,TATTTAAAT
bovine-CoV,TATTTTTGCTAA
bovine-CoV,TGCTAATGC
bovine-CoV,TGCTGCTAA
bovine-CoV,TGGCATTGG
bovine-CoV,TGGTTATTA
bovine-CoV,TGGTTTGTAT
bovine-CoV,TGTTAATTAT
bovine-CoV,TGTTACTAA
bovine-CoV,TGTTTGTGT
bovine-CoV,TTAATGAATG
bovine-CoV,TTAATTATA
bovine-CoV,TTACTAATGGT
bovine-CoV,TTAGTGCAG
bovine-CoV,TTGCTGGTG
bovine-CoV,TTGGTGCTAT
bovine-CoV,TTGTAATAG
bovine-CoV,TTGTTAATG
bovine-CoV,TTGTTCTACT
bovine-CoV,TTGTTTTAA
bovine-CoV,TTTACTAAT
bovine-CoV,TTTGTATTTT
bovine-CoV,TTTTACAGA
bovine-CoV,TTTTACTAT
bovine-CoV,CCTGCAGGT
bovine-CoV,TGGCATAGG
bovine-CoV,AAAATCAAA
bovine-CoV,AAGATGGTGT
bovine-CoV,AATGCTGAA
bovine-CoV,AATGCTGAT
bovine-CoV,AATGGTTTA
bovine-CoV,ACTATAGGTA
bovine-CoV,ACTGGTGTT
bovine-CoV,ACTGGTGTT
bovine-CoV,ACTTATTAT
bovine-CoV,ACTTGTAATA
bovine-CoV,AGATTTGGT
bovine-CoV,AGGTTAATG
bovine-CoV,AGTAAAGTT
bovine-CoV,AGTAAATGA
bovine-CoV,AGTGGTTAC
bovine-CoV,AGTGGTTATT
bovine-CoV,ATAACTATAG
bovine-CoV,ATAGGAGATTT
bovine-CoV,ATGATGTTG
bovine-CoV,ATGCTGTTG
bovine-CoV,ATTTTGGGT
bovine-CoV,CAGCAGCAG
bovine-CoV,CATGATGTT
bovine-CoV,CGATTGCAATA
bovine-CoV,CTAATGGTA
bovine-CoV,CTGTTAATT
bovine-CoV,CTTTTAATT
bovine-CoV,CTTTTAATT
bovine-CoV,CTTTTAATT
bovine-CoV,GACACTGGTGTT
bovine-CoV,GACCTACAAT
bovine-CoV,GACTTACTT
bovine-CoV,GACTTATTA
bovine-CoV,GCTCTTAAT
bovine-CoV,GGTAGTGGTTA
bovine-CoV,GGTAGTGGTT
bovine-CoV,GGTGTTGTT
bovine-CoV,GGTTACACT
bovine-CoV,GGTTTGTAT
bovine-CoV,GTAATATGG
bovine-CoV,GTAGGTAGTGGTT
bovine-CoV,GTTTCTGTT
bovine-CoV,TAATGGTAATC
bovine-CoV,TAATGGTATT
bovine-CoV,TAATGGTAT
bovine-CoV,TAATGGTAT
bovine-CoV,TAGTTGGCA
bovine-CoV,TATAGTGTG
bovine-CoV,TATTAATGG
bovine-CoV,TATTATAAT
bovine-CoV,TATTTAAAT
bovine-CoV,TATTTTTGCTAA
bovine-CoV,TGCTGCTAA
bovine-CoV,TGGCATAGG
bovine-CoV,TGGTTATTAC
bovine-CoV,TGGTTTAAA
bovine-CoV,TGTTAATTAT
bovine-CoV,TGTTACTAA
bovine-CoV,TGTTTCCTG
bovine-CoV,TTAAAGATGG
bovine-CoV,TTAATGAATG
bovine-CoV,TTAATTATA
bovine-CoV,TTACTAATGGT
bovine-CoV,TTACTATTGA
bovine-CoV,TTAGTGCAG
bovine-CoV,TTATGTAAA
bovine-CoV,TTCTGCTTT
bovine-CoV,TTGAGGCTT
bovine-CoV,TTGCTGGTG
bovine-CoV,TTGGGTAAT
bovine-CoV,TTGGTGCTAT
bovine-CoV,TTGTTTATG
bovine-CoV,TTGTTTTAA
bovine-CoV,TTTACTAAT
bovine-CoV,TTTACTATT
bovine-CoV,TTTGTATTTT
bovine-CoV,TTTTACAGA
bovine-CoV,TTTTGGGTT
bovine-CoV,TTTTGTTGAGG
bovine-CoV,AAAACCAAA
bovine-CoV,AAGATGGTGT
bovine-CoV,AATGCTGAA
bovine-CoV,AATGCTGAT
bovine-CoV,AATGGTTTA
bovine-CoV,ACTATAGGTA
bovine-CoV,ACTGGTGTT
bovine-CoV,ACTGGTGTT
bovine-CoV,ACTTATTAT
bovine-CoV,ACTTGTAATA
bovine-CoV,AGATTTGGT
bovine-CoV,AGGTTAATG
bovine-CoV,AGTAAAGTT
bovine-CoV,AGTAAATGA
bovine-CoV,AGTGGTTATT
bovine-CoV,ATAACTATAG
bovine-CoV,ATAGGAGATTT
bovine-CoV,ATGATGTTG
bovine-CoV,ATGCTCTTG
bovine-CoV,ATGCTGTTG
bovine-CoV,CACTGTTCAG
bovine-CoV,CAGCAGCAG
bovine-CoV,CATGATGTT
bovine-CoV,CCTGCAGGT
bovine-CoV,CTAATGGTA
bovine-CoV,CTGATTTTA
bovine-CoV,CTGGTATAG
bovine-CoV,CTTTGACTT
bovine-CoV,CTTTTAATT
bovine-CoV,GACACTGGTGTT
bovine-CoV,GACCTACAA
bovine-CoV,GCTCTTAAT
bovine-CoV,GGTAGTGGTTA
bovine-CoV,GGTAGTGGTT
bovine-CoV,GGTGTTGTT
bovine-CoV,GGTTTGTAT
bovine-CoV,GTAATATGG
bovine-CoV,GTAGGTAGTGGTT
bovine-CoV,GTTTCTGTT
bovine-CoV,TAACTATAGA
bovine-CoV,TAACTATAG
bovine-CoV,TAATGGTAATC
bovine-CoV,TAATGGTATT
bovine-CoV,TAATGGTAT
bovine-CoV,TAATGGTAT
bovine-CoV,TAGGTACTT
bovine-CoV,TAGTTGGCA
bovine-CoV,TATTAATGG
bovine-CoV,TATTATAAT
bovine-CoV,TATTTAAAT
bovine-CoV,TATTTTTGCTAA
bovine-CoV,TGCTGCTAA
bovine-CoV,TGGTTATTAC
bovine-CoV,TGGTTTAAA
bovine-CoV,TGTAATATT
bovine-CoV,TGTTAATTA
bovine-CoV,TGTTACTAA
bovine-CoV,TGTTTATTTA
bovine-CoV,TTAAAGATGG
bovine-CoV,TTAATGAATG
bovine-CoV,TTACTAATGGT
bovine-CoV,TTACTATTGA
bovine-CoV,TTAGTGCAG
bovine-CoV,TTATTATGT
bovine-CoV,TTCTGCTTT
bovine-CoV,TTGAGGCTT
bovine-CoV,TTGCTGGTG
bovine-CoV,TTGGGTAAT
bovine-CoV,TTGGTGCTAT
bovine-CoV,TTGTTAATG
bovine-CoV,TTGTTTTAA
bovine-CoV,TTTACTAAT
bovine-CoV,TTTACTATT
bovine-CoV,TTTGTATTT
bovine-CoV,TTTTACAGA
bovine-CoV,TTTTGTTGAGG
bovine-CoV,AAAATCAAA
bovine-CoV,AAGATGGTGT
bovine-CoV,AATGCTGAA
bovine-CoV,AATGCTGAT
bovine-CoV,AATGGTTTA
bovine-CoV,ACTATAGGTA
bovine-CoV,ACTGGTGTT
bovine-CoV,ACTGGTGTT
bovine-CoV,ACTTATTAT
bovine-CoV,ACTTGTAATA
bovine-CoV,AGATTTGGT
bovine-CoV,AGGTTAATG
bovine-CoV,AGTAAAGTT
bovine-CoV,AGTAAATGA
bovine-CoV,AGTGGTTAC
bovine-CoV,AGTGGTTATT
bovine-CoV,ATAACTATAG
bovine-CoV,ATAGGAGATTT
bovine-CoV,ATGATGTTG
bovine-CoV,ATGCTGTTG
bovine-CoV,ATTTTGGGT
bovine-CoV,CAGCAGCAG
bovine-CoV,CATGATGTT
bovine-CoV,CGATTGCAATA
bovine-CoV,CTAATGGTA
bovine-CoV,CTGGTATAG
bovine-CoV,CTGTTAATT
bovine-CoV,CTTTTAATT
bovine-CoV,CTTTTAATT
bovine-CoV,CTTTTAATT
bovine-CoV,GACACTGGTGTT
bovine-CoV,GACCTACAA
bovine-CoV,GACTTATTA
bovine-CoV,GCTCTTAAT
bovine-CoV,GGTAGTGGTTA
bovine-CoV,GGTAGTGGTT
bovine-CoV,GGTGTTGTT
bovine-CoV,GGTTACACT
bovine-CoV,GGTTTGTAT
bovine-CoV,GTAATATGG
bovine-CoV,GTAGGTAGTGGTT
bovine-CoV,GTTTCTGTT
bovine-CoV,TAATGGTAATC
bovine-CoV,TAATGGTATT
bovine-CoV,TAATGGTAT
bovine-CoV,TAATGGTAT
bovine-CoV,TAGTTGGCA
bovine-CoV,TATAGTGTG
bovine-CoV,TATTAATGG
bovine-CoV,TATTATAAT
bovine-CoV,TATTTAAAT
bovine-CoV,TATTTTTGCTAA
bovine-CoV,TGCTGCTAA
bovine-CoV,TGGTTATTAC
bovine-CoV,TGGTTTAAA
bovine-CoV,TGTTAATTAT
bovine-CoV,TGTTACTAA
bovine-CoV,TGTTTCCTG
bovine-CoV,TTAAAGATGG
bovine-CoV,TTAATGAATG
bovine-CoV,TTAATTATA
bovine-CoV,TTACTAATGGT
bovine-CoV,TTACTATTGA
bovine-CoV,TTAGTGCAG
bovine-CoV,TTATGTAAA
bovine-CoV,TTCTGCTTT
bovine-CoV,TTGAGGCTT
bovine-CoV,TTGCTGGTG
bovine-CoV,TTGGGTAAT
bovine-CoV,TTGGTGCTAT
bovine-CoV,TTGTTTATG
bovine-CoV,TTGTTTTAA
bovine-CoV,TTTACTAAT
bovine-CoV,TTTACTATT
bovine-CoV,TTTGTATTTT
bovine-CoV,TTTTACAGA
bovine-CoV,TTTTGGGTT
bovine-CoV,TTTTGTTGAGG
bovine-CoV,CCTGCAGGT
bovine-CoV,TGGCATAGG
bovine-CoV,AAAACATCA
bovine-CoV,AAAATCAAA
bovine-CoV,AAGATGGTGT
bovine-CoV,AATGCTGAA
bovine-CoV,AATGCTGAT
bovine-CoV,AATGGTTTA
bovine-CoV,ACTATAGGTA
bovine-CoV,ACTGGTGTT
bovine-CoV,ACTGGTGTT
bovine-CoV,ACTTATTAT
bovine-CoV,ACTTGTAATA
bovine-CoV,AGAGCTACA
bovine-CoV,AGATTTGGT
bovine-CoV,AGGTTAATG
bovine-CoV,AGTAAAGTT
bovine-CoV,AGTGGTTAC
bovine-CoV,AGTGGTTATT
bovine-CoV,ATAACTATAG
bovine-CoV,ATAGGAGATTT
bovine-CoV,ATGATGTTG
bovine-CoV,ATGCTGTTG
bovine-CoV,ATTGATACT
bovine-CoV,CAGCAGCAG
bovine-CoV,CGATTGCAATA
bovine-CoV,CTAATGGTA
bovine-CoV,CTACCAATT
bovine-CoV,CTGATTTTA
bovine-CoV,CTGTTAATT
bovine-CoV,CTGTTATAG
bovine-CoV,CTTTTAATT
bovine-CoV,CTTTTAATT
bovine-CoV,CTTTTAATT
bovine-CoV,GACACTGGTGTT
bovine-CoV,GACTTATTA
bovine-CoV,GCTCTTAAT
bovine-CoV,GGTAGTGGTTA
bovine-CoV,GGTAGTGGTT
bovine-CoV,GGTATTTTTG
bovine-CoV,GGTGTTGTT
bovine-CoV,GGTTACACT
bovine-CoV,GGTTTGTAT
bovine-CoV,GTAATATGG
bovine-CoV,GTAGGTAGTGGTT
bovine-CoV,GTTAATGAAT
bovine-CoV,GTTTCTGTT
bovine-CoV,TAATGGTAATC
bovine-CoV,TAATGGTATT
bovine-CoV,TAATGGTAT
bovine-CoV,TAATGGTAT
bovine-CoV,TAGTTGGCA
bovine-CoV,TATTAATGG
bovine-CoV,TATTATAAT
bovine-CoV,TATTTAAAT
bovine-CoV,TATTTTTGCTAA
bovine-CoV,TCATGATGTT
bovine-CoV,TGCTGCTAA
bovine-CoV,TGGCATAGG
bovine-CoV,TGTTAATTAT
bovine-CoV,TGTTACTAA
bovine-CoV,TTAAAGATGG
bovine-CoV,TTAATGAATG
bovine-CoV,TTAATGAAT
bovine-CoV,TTAATTATA
bovine-CoV,TTACTAATGGT
bovine-CoV,TTACTACCCT
bovine-CoV,TTACTATTGA
bovine-CoV,TTAGTGCAG
bovine-CoV,TTATGTAAA
bovine-CoV,TTATTATGT
bovine-CoV,TTCTGCTTT
bovine-CoV,TTGAGGCTT
bovine-CoV,TTGCTGGTG
bovine-CoV,TTGGTGCTAT
bovine-CoV,TTGGTGCTA
bovine-CoV,TTGTTTATG
bovine-CoV,TTGTTTTAA
bovine-CoV,TTTACTAAT
bovine-CoV,TTTACTATT
bovine-CoV,TTTGGTGCTA
bovine-CoV,TTTGTATTTT
bovine-CoV,TTTTACAGA
bovine-CoV,TTTTGTTGAGG
bovine-CoV,AAAATCAAA
bovine-CoV,AATAATACT
bovine-CoV,AATGCGACT
bovine-CoV,AATGCTGAA
bovine-CoV,AATGCTGAT
bovine-CoV,AATGGTTTA
bovine-CoV,ACTATAGGTA
bovine-CoV,ACTGGTGTT
bovine-CoV,ACTGGTGTT
bovine-CoV,ACTTATTAT
bovine-CoV,ACTTGTAATA
bovine-CoV,AGGTTAATG
bovine-CoV,AGTAAATGA
bovine-CoV,AGTGGTTATT
bovine-CoV,ATAACTATAG
bovine-CoV,ATAGGAGATTT
bovine-CoV,ATGATGTTG
bovine-CoV,ATGCTGTTG
bovine-CoV,ATGGTGTTA
bovine-CoV,ATGGTTTAAA
bovine-CoV,ATTTTATTT
bovine-CoV,CACTGTTCAG
bovine-CoV,CAGCAGCAG
bovine-CoV,CCTGCAGGT
bovine-CoV,CGATTGTAATA
bovine-CoV,CTAATGGTA
bovine-CoV,CTACCAATT
bovine-CoV,CTATGGTTT
bovine-CoV,CTGATTTTA
bovine-CoV,CTTTTAATT
bovine-CoV,CTTTTAATT
bovine-CoV,CTTTTAATT
bovine-CoV,GACACTGGTGTT
bovine-CoV,GACCTACAA
bovine-CoV,GACTTATTA
bovine-CoV,GATTTTACTA
bovine-CoV,GCTCTTAAT
bovine-CoV,GGTAGTGGTTA
bovine-CoV,GGTAGTGGTT
bovine-CoV,GGTATTTTTG
bovine-CoV,GGTGTTGTT
bovine-CoV,GTAGGTAGTGGTT
bovine-CoV,GTTATAATG
bovine-CoV,GTTTCTGTT
bovine-CoV,TAATGGTAATC
bovine-CoV,TAATGGTAT
bovine-CoV,TAATGTATA
bovine-CoV,TACTATTGA
bovine-CoV,TACTTTTGT
bovine-CoV,TATTAATGGG
bovine-CoV,TATTATAAT
bovine-CoV,TATTTAAAT
bovine-CoV,TATTTTTGCTAA
bovine-CoV,TGCTGCTAA
bovine-CoV,TGGTTATTAC
bovine-CoV,TGGTTTGTAT
bovine-CoV,TGTTAATTAT
bovine-CoV,TGTTACTAA
bovine-CoV,TTAATGAATG
bovine-CoV,TTAATTATA
bovine-CoV,TTACTAATGGT
bovine-CoV,TTAGTGCAG
bovine-CoV,TTGCTGGTG
bovine-CoV,TTGGTGCTAT
bovine-CoV,TTGTAATAG
bovine-CoV,TTGTTAATG
bovine-CoV,TTGTTCTACT
bovine-CoV,TTGTTTCCT
bovine-CoV,TTGTTTTAA
bovine-CoV,TTTACTAAT
bovine-CoV,TTTGTATTT
bovine-CoV,TTTTACAGA
bovine-CoV,TTTTACTAT
bovine-CoV,AAAATCAAA
bovine-CoV,AACCTGTAGGTG
bovine-CoV,AATAATACT
bovine-CoV,AATAGTGGTA
bovine-CoV,AATGCTGAA
bovine-CoV,AATGCTGAT
bovine-CoV,AATGGTTTA
bovine-CoV,ACTATAGGTA
bovine-CoV,ACTGGTGTT
bovine-CoV,ACTTATTAT
bovine-CoV,ACTTGTTCTA
bovine-CoV,AGATTTGGT
bovine-CoV,AGGTTAATG
bovine-CoV,AGTAAATGA
bovine-CoV,AGTGGTTATT
bovine-CoV,ATAACTATAG
bovine-CoV,ATAGGAGATTT
bovine-CoV,ATGATGTTG
bovine-CoV,ATGCTCTTGA
bovine-CoV,ATGCTGTTG
bovine-CoV,ATGGCTTTT
bovine-CoV,ATGGTTTAAA
bovine-CoV,ATTGTAATA
bovine-CoV,ATTTTATTT
bovine-CoV,CAGCAGCAG
bovine-CoV,CATGATGTT
bovine-CoV,CTACCAATT
bovine-CoV,CTATGGTTT
bovine-CoV,CTTTTAATT
bovine-CoV,GACCTACAA
bovine-CoV,GATTTGTCA
bovine-CoV,GGTAGTGGTTA
bovine-CoV,GGTATTTTTG
bovine-CoV,GGTGTTGTT
bovine-CoV,GTAATATGG
bovine-CoV,GTTTCTGTT
bovine-CoV,TAAATCAGA
bovine-CoV,TAACTATAGA
bovine-CoV,TAACTATAG
bovine-CoV,TAATGGTAATC
bovine-CoV,TAATGGTAT
bovine-CoV,TAGTTGGCA
bovine-CoV,TATTAATGGG
bovine-CoV,TATTAATGG
bovine-CoV,TATTATAAT
bovine-CoV,TATTTAAAT
bovine-CoV,TATTTTTGCTAA
bovine-CoV,TCAGTAAAT
bovine-CoV,TGATTTTAT
bovine-CoV,TGCTGCTAA
bovine-CoV,TGGTTTGTAT
bovine-CoV,TGTTACTAA
bovine-CoV,TTAACTATA
bovine-CoV,TTAATGAATG
bovine-CoV,TTACTACCCT
bovine-CoV,TTACTATTGA
bovine-CoV,TTACTTGTA
bovine-CoV,TTAGTGCAG
bovine-CoV,TTATTAATGG
bovine-CoV,TTATTATGT
bovine-CoV,TTCTGCTTT
bovine-CoV,TTGATGCTA
bovine-CoV,TTGCTGGTG
bovine-CoV,TTGTAATAA
bovine-CoV,TTGTTAATG
bovine-CoV,TTGTTTTAA
bovine-CoV,TTTACTATT
bovine-CoV,TTTCCAGCA
bovine-CoV,TTTTACAGA
bovine-CoV,AACCTGTAGGTG
bovine-CoV,AATAGTGGTA
bovine-CoV,AATGCTGAT
bovine-CoV,ACTATAGGTA
bovine-CoV,ACTGGTGTT
bovine-CoV,ACTTATTAT
bovine-CoV,AGTAAATGA
bovine-CoV,ATAACTATAG
bovine-CoV,ATAGGAGATTT
bovine-CoV,ATGATGTTG
bovine-CoV,CATGATGTT
bovine-CoV,CGATTGTAATA
bovine-CoV,CTATGGTTT
bovine-CoV,GGTATTTTTG
bovine-CoV,GGTGTTGTT
bovine-CoV,GTAATATGG
bovine-CoV,GTTTCTGTT
bovine-CoV,TAACTATAGA
bovine-CoV,TAACTATAG
bovine-CoV,TAGTTGGCA
bovine-CoV,TATTATAAT
bovine-CoV,TATTTTTGCTAA
bovine-CoV,TGATTTTAT
bovine-CoV,TGCTGCTAA
bovine-CoV,TGTTACTAA
bovine-CoV,TTACTATTGA
bovine-CoV,TTACTTGTA
bovine-CoV,TTATTATGT
bovine-CoV,TTGTAATAA
bovine-CoV,TTTTACAGA
bovine-CoV,AAAATCAAA
bovine-CoV,AATGCTGAA
bovine-CoV,AATGCTGAT
bovine-CoV,AATGGTTTA
bovine-CoV,ACTATAGGTA
bovine-CoV,ACTGGTGTT
bovine-CoV,ACTGGTGTT
bovine-CoV,ACTTATTAT
bovine-CoV,ACTTGTAATA
bovine-CoV,AGGTTAATG
bovine-CoV,AGTAAATGA
bovine-CoV,AGTGGTTATT
bovine-CoV,AGTTTCTGT
bovine-CoV,ATAACTATAG
bovine-CoV,ATAGGAGATTT
bovine-CoV,ATATGAGTA
bovine-CoV,ATGATGTTG
bovine-CoV,ATGCTCTTG
bovine-CoV,ATGCTGTTG
bovine-CoV,ATGGTTTAAA
bovine-CoV,ATTAATGGG
bovine-CoV,ATTTTATTT
bovine-CoV,ATTTTTGCTAA
bovine-CoV,CAGCAGCAG
bovine-CoV,CATGATGTT
bovine-CoV,CATTCTTGG
bovine-CoV,CCTGCAGGT
bovine-CoV,CTAAAGTTA
bovine-CoV,CTATGGTTT
bovine-CoV,CTGATTTTA
bovine-CoV,CTGGTATAG
bovine-CoV,CTGTTAATT
bovine-CoV,CTTTTAATT
bovine-CoV,GACACTGGTGTT
bovine-CoV,GACCTACAA
bovine-CoV,GACTTATTA
bovine-CoV,GCTCTTAAT
bovine-CoV,GGTAGTGGTTA
bovine-CoV,GTAATATGG
bovine-CoV,GTGTTGTCA
bovine-CoV,GTTTTTGATA
bovine-CoV,TAACTATAGA
bovine-CoV,TAACTATAG
bovine-CoV,TAATATTGA
bovine-CoV,TAATGGTAATC
bovine-CoV,TATAGGAGA
bovine-CoV,TATTATAAT
bovine-CoV,TATTTAAAT
bovine-CoV,TGGTATAGG
bovine-CoV,TGGTTATTAC
bovine-CoV,TGGTTTGTAT
bovine-CoV,TGTAATATT
bovine-CoV,TGTTAATTAT
bovine-CoV,TTAATGAATG
bovine-CoV,TTACTAATGG
bovine-CoV,TTACTATTGA
bovine-CoV,TTAGTGCAG
bovine-CoV,TTATTATGT
bovine-CoV,TTCTGCTTT
bovine-CoV,TTGAGGCTT
bovine-CoV,TTGCTGGTG
bovine-CoV,TTGGTGCTAT
bovine-CoV,TTGTTAATG
bovine-CoV,TTGTTTGTG
bovine-CoV,TTGTTTTAA
bovine-CoV,TTTACTAAT
bovine-CoV,TTTACTATT
bovine-CoV,TTTCTGTTT
bovine-CoV,TTTGTATTT
bovine-CoV,TTTTACAGA
bovine-CoV,TTTTGTTGAGG
bovine-CoV,AAAATCAAA
bovine-CoV,AAGATGGTGT
bovine-CoV,AATGCTGAA
bovine-CoV,AATGCTGAT
bovine-CoV,AATGGTTTA
bovine-CoV,ACTATAGGTA
bovine-CoV,ACTGGTGTT
bovine-CoV,ACTTATTAT
bovine-CoV,ACTTGTAATA
bovine-CoV,AGATTTGGT
bovine-CoV,AGGTTAATG
bovine-CoV,AGTAAAGTT
bovine-CoV,AGTAAATGA
bovine-CoV,AGTGGTTAC
bovine-CoV,AGTGGTTATT
bovine-CoV,ATAACTATAG
bovine-CoV,ATAGGAGATTT
bovine-CoV,ATGATGTTG
bovine-CoV,ATGCTGTTG
bovine-CoV,ATTTTGGGT
bovine-CoV,CAGCAGCAG
bovine-CoV,CATGATGTT
bovine-CoV,CTAATGGTA
bovine-CoV,CTGTTAATT
bovine-CoV,CTTTGACTT
bovine-CoV,CTTTTAATT
bovine-CoV,CTTTTAATT
bovine-CoV,CTTTTAATT
bovine-CoV,GACACTGGTGT
bovine-CoV,GACTTATTA
bovine-CoV,GCTCTTAAT
bovine-CoV,GGTAGTGGTTA
bovine-CoV,GGTAGTGGTT
bovine-CoV,GGTTACACT
bovine-CoV,GGTTTGTAT
bovine-CoV,GTAATATGG
bovine-CoV,GTAGGTAGTGGTT
bovine-CoV,GTTTCTGTT
bovine-CoV,TAATGGTAATC
bovine-CoV,TAATGGTATT
bovine-CoV,TAATGGTAT
bovine-CoV,TAATGGTAT
bovine-CoV,TAGTTGGCA
bovine-CoV,TATTAATGG
bovine-CoV,TATTATAAT
bovine-CoV,TATTTAAAT
bovine-CoV,TATTTTTGCTAA
bovine-CoV,TGCTGCTAA
bovine-CoV,TGGCATAGG
bovine-CoV,TGGTTATTAC
bovine-CoV,TGGTTTAAA
bovine-CoV,TGTTAATTAT
bovine-CoV,TGTTACTAA
bovine-CoV,TTAAAGATGG
bovine-CoV,TTAATGAATG
bovine-CoV,TTAATTATA
bovine-CoV,TTACTAATGGT
bovine-CoV,TTACTATTGA
bovine-CoV,TTAGTGCAG
bovine-CoV,TTATGTAAA
bovine-CoV,TTATTATGT
bovine-CoV,TTCTGCTTT
bovine-CoV,TTGAGGCTT
bovine-CoV,TTGCTGGTG
bovine-CoV,TTGGGTAAT
bovine-CoV,TTGGTGCTAT
bovine-CoV,TTGTAATAA
bovine-CoV,TTGTTTATG
bovine-CoV,TTGTTTTAA
bovine-CoV,TTTACTAAT
bovine-CoV,TTTACTATT
bovine-CoV,TTTGTATTTT
bovine-CoV,TTTTACAGA
bovine-CoV,TTTTGGGTT
bovine-CoV,TTTTGTTGAGG
bovine-CoV,CCTGCAGGT
bovine-CoV,TGGCATAGG
bovine-CoV,AAAATCAAA
bovine-CoV,AAGATGGTGT
bovine-CoV,AATGCTGAA
bovine-CoV,AATGCTGAT
bovine-CoV,AATGGTTTA
bovine-CoV,ACTATAGGTA
bovine-CoV,ACTGGACAC
bovine-CoV,ACTGGTGTT
bovine-CoV,ACTTATTAT
bovine-CoV,ACTTGTAATA
bovine-CoV,AGATTTGGT
bovine-CoV,AGGTTAATG
bovine-CoV,AGTAAAGTT
bovine-CoV,AGTAAATGA
bovine-CoV,AGTGGTTAC
bovine-CoV,ATAACTATAG
bovine-CoV,ATAGGAGATTT
bovine-CoV,ATGATGTTG
bovine-CoV,ATGCTGTTG
bovine-CoV,ATGGTATTT
bovine-CoV,ATTTTGGGT
bovine-CoV,CAGCAGCAG
bovine-CoV,CATGATGTT
bovine-CoV,CGATTGCAATA
bovine-CoV,CTAATGGTA
bovine-CoV,CTGGTATAG
bovine-CoV,CTGTTAATT
bovine-CoV,CTTTTAATT
bovine-CoV,CTTTTAATT
bovine-CoV,CTTTTAATT
bovine-CoV,GACACTGGT
bovine-CoV,GACCTACAA
bovine-CoV,GACTTATTA
bovine-CoV,GCTCTTAAT
bovine-CoV,GGTAGTGGTT
bovine-CoV,GGTAGTGGTT
bovine-CoV,GGTGTTGTT
bovine-CoV,GGTTACACT
bovine-CoV,GGTTTGTAT
bovine-CoV,GTAATATGG
bovine-CoV,GTAGGTAGTGGTT
bovine-CoV,GTTTCTGTT
bovine-CoV,GTTTTTACT
bovine-CoV,TAATGGTAATC
bovine-CoV,TAATGGTATT
bovine-CoV,TAATGGTAT
bovine-CoV,TAATGGTAT
bovine-CoV,TAGTTGGCA
bovine-CoV,TATAGTGTG
bovine-CoV,TATTAATGG
bovine-CoV,TATTATAAT
bovine-CoV,TATTTAAAT
bovine-CoV,TATTTTTGCTAA
bovine-CoV,TGCTGCTAA
bovine-CoV,TGGTTTAAA
bovine-CoV,TGTTAATTAT
bovine-CoV,TGTTACTAA
bovine-CoV,TGTTTCCTG
bovine-CoV,TTAAAGATGG
bovine-CoV,TTAATGAATG
bovine-CoV,TTAATTATA
bovine-CoV,TTACTAATGGT
bovine-CoV,TTACTATTGA
bovine-CoV,TTAGTGCAG
bovine-CoV,TTATGTAAA
bovine-CoV,TTATTATGT
bovine-CoV,TTCTGCTTT
bovine-CoV,TTGAGGCTT
bovine-CoV,TTGCTGGTG
bovine-CoV,TTGGGTAAT
bovine-CoV,TTGGTGCTAT
bovine-CoV,TTGTTTATG
bovine-CoV,TTGTTTTAA
bovine-CoV,TTTACTAAT
bovine-CoV,TTTACTATT
bovine-CoV,TTTGTATTTT
bovine-CoV,TTTTACAGA
bovine-CoV,TTTTGGGTT
bovine-CoV,TTTTGTTGAGG
bovine-CoV,CATGATGTT
bovine-CoV,CCTGCAGGT
bovine-CoV,TATTATAAT
bovine-CoV,AAAATCAAA
bovine-CoV,AAGATGGTGT
bovine-CoV,AATGCTGAA
bovine-CoV,AATGCTGAT
bovine-CoV,AATGGTTTA
bovine-CoV,ACTATAGGTA
bovine-CoV,ACTGGTGTT
bovine-CoV,ACTGGTGTT
bovine-CoV,ACTTATTAT
bovine-CoV,ACTTGTAATA
bovine-CoV,AGATTTGGT
bovine-CoV,AGGTTAATG
bovine-CoV,AGTAAAGTT
bovine-CoV,AGTAAATGA
bovine-CoV,AGTGGTTAC
bovine-CoV,AGTGGTTATT
bovine-CoV,ATAACTATAG
bovine-CoV,ATAGGAGATTT
bovine-CoV,ATGATGTTG
bovine-CoV,ATGCTGTTG
bovine-CoV,ATTTTATTT
bovine-CoV,CAGCAGCAG
bovine-CoV,CATGATGTT
bovine-CoV,CGATTGCAATA
bovine-CoV,CTAATGGTA
bovine-CoV,CTGTTAATT
bovine-CoV,CTTTGACTT
bovine-CoV,CTTTTAATT
bovine-CoV,CTTTTAATT
bovine-CoV,CTTTTAATT
bovine-CoV,GACACTGGTGTT
bovine-CoV,GACCTACAAT
bovine-CoV,GACTTATTA
bovine-CoV,GCTCTTAAT
bovine-CoV,GGTAGTGGTTA
bovine-CoV,GGTAGTGGT
bovine-CoV,GGTGTTGTT
bovine-CoV,GGTTACACT
bovine-CoV,GGTTTGTAT
bovine-CoV,GTAATATGG
bovine-CoV,GTAGGTAGTGGT
bovine-CoV,GTTTCTGTT
bovine-CoV,TAATGGTAATC
bovine-CoV,TAATGGTATT
bovine-CoV,TAATGGTAT
bovine-CoV,TAATGGTAT
bovine-CoV,TACCATTTT
bovine-CoV,TAGTTGGCA
bovine-CoV,TATTAATGG
bovine-CoV,TATTATAAT
bovine-CoV,TATTTAAAT
bovine-CoV,TATTTTTGCTAA
bovine-CoV,TGATTATAT
bovine-CoV,TGCTGCTAA
bovine-CoV,TGGTTATTAC
bovine-CoV,TGGTTTAAA
bovine-CoV,TGTTAATTAT
bovine-CoV,TGTTACTAA
bovine-CoV,TTAAAGATGG
bovine-CoV,TTAATGAATG
bovine-CoV,TTAATTATA
bovine-CoV,TTACTAATGGT
bovine-CoV,TTACTATTGA
bovine-CoV,TTAGTGCAG
bovine-CoV,TTATGTAAA
bovine-CoV,TTATTATGT
bovine-CoV,TTCTGCTTT
bovine-CoV,TTGAGGCTT
bovine-CoV,TTGCTGGTG
bovine-CoV,TTGGGTAAT
bovine-CoV,TTGGTGCTAT
bovine-CoV,TTGTTTATG
bovine-CoV,TTGTTTTAA
bovine-CoV,TTTACTAAT
bovine-CoV,TTTACTATT
bovine-CoV,TTTGTATTT
bovine-CoV,TTTTACAGA
bovine-CoV,TTTTGTTGAGG
bovine-CoV,AAAATCAAA
bovine-CoV,AATAATACT
bovine-CoV,AATGCTGAA
bovine-CoV,AATGCTGAT
bovine-CoV,AATGGTTTA
bovine-CoV,ACTATAGGTA
bovine-CoV,ACTTATTAT
bovine-CoV,ACTTGTAATA
bovine-CoV,ACTTTAGCT
bovine-CoV,AGGTTAATG
bovine-CoV,AGTAAATGA
bovine-CoV,AGTCAAAAT
bovine-CoV,ATAACTATAG
bovine-CoV,ATAGGAGATTT
bovine-CoV,ATGATGTTG
bovine-CoV,ATGCTGTTG
bovine-CoV,ATGGTATTA
bovine-CoV,ATGGTGTTA
bovine-CoV,ATGGTTTAAA
bovine-CoV,ATTTTATTT
bovine-CoV,ATTTTGATA
bovine-CoV,CACTGGTGTT
bovine-CoV,CACTGGTGTT
bovine-CoV,CACTGTTCAG
bovine-CoV,CAGCAGCAG
bovine-CoV,CCTGCAGGT
bovine-CoV,CGATTGTAATA
bovine-CoV,CTAATGGTA
bovine-CoV,CTATGGTTT
bovine-CoV,CTGATTTTA
bovine-CoV,CTTTTAATT
bovine-CoV,CTTTTAATT
bovine-CoV,CTTTTAATT
bovine-CoV,GACACTGGTGTT
bovine-CoV,GACTTATTA
bovine-CoV,GATTTTACTA
bovine-CoV,GCTCTTAAT
bovine-CoV,GGTAGTGGTTACT
bovine-CoV,GGTAGTGGTT
bovine-CoV,GGTATTTTTG
bovine-CoV,GGTGTTGTT
bovine-CoV,GTAGGTAGTGGTT
bovine-CoV,GTTATAATG
bovine-CoV,GTTTCTGTT
bovine-CoV,TAATGGTAATC
bovine-CoV,TAATGGTATT
bovine-CoV,TAATGTATA
bovine-CoV,TACTATTGA
bovine-CoV,TACTTTTGT
bovine-CoV,TAGTTGGCA
bovine-CoV,TATTAATGGG
bovine-CoV,TATTATAAT
bovine-CoV,TATTTAAAT
bovine-CoV,TATTTTTGCTAA
bovine-CoV,TGCTGCTAA
bovine-CoV,TGGTTTGTAT
bovine-CoV,TGTTAATTAT
bovine-CoV,TGTTACTAA
bovine-CoV,TTAATGAATG
bovine-CoV,TTAATTATA
bovine-CoV,TTACTAATGGT
bovine-CoV,TTAGTGCAG
bovine-CoV,TTGCTGGTG
bovine-CoV,TTGGTGCTAT
bovine-CoV,TTGTAATAG
bovine-CoV,TTGTTAATG
bovine-CoV,TTGTTCTACT
bovine-CoV,TTGTTTTAA
bovine-CoV,TTTACTAAT
bovine-CoV,TTTGTATGA
bovine-CoV,TTTGTATTTC
bovine-CoV,TTTTACAGA
bovine-CoV,TTTTACTAT
bovine-CoV,AAAAATCAAACA
bovine-CoV,AAAATCAAA
bovine-CoV,AAAATCAAA
bovine-CoV,AATAATACT
bovine-CoV,AATAGTGGTA
bovine-CoV,AATGCTGAA
bovine-CoV,AATGCTGAT
bovine-CoV,AATGGTTTA
bovine-CoV,AATTTTTGT
bovine-CoV,ACACTGGTGTT
bovine-CoV,ACTATAGGTA
bovine-CoV,ACTGGTGTT
bovine-CoV,ACTGGTGTT
bovine-CoV,ACTTATTAT
bovine-CoV,ACTTGTAATA
bovine-CoV,AGGTTAATG
bovine-CoV,AGTGGTTATT
bovine-CoV,ATAACTATAG
bovine-CoV,ATAGGAGATTT
bovine-CoV,ATGCTGTTG
bovine-CoV,ATGGTGTTA
bovine-CoV,ATGGTTTAAA
bovine-CoV,ATTTTATTT
bovine-CoV,CACTGTTCAG
bovine-CoV,CAGCAGCAG
bovine-CoV,CCTGCAGGT
bovine-CoV,CGATTGTAATA
bovine-CoV,CTAATGGTA
bovine-CoV,CTACCAATT
bovine-CoV,CTATGGTTT
bovine-CoV,CTGATTTTA
bovine-CoV,CTTTTAATT
bovine-CoV,GACCTACAA
bovine-CoV,GACTTATTA
bovine-CoV,GCTCTTAAT
bovine-CoV,GGTAGTGGTTA
bovine-CoV,GGTAGTGGTT
bovine-CoV,GGTATTTTTG
bovine-CoV,GGTGTTGTT
bovine-CoV,GTAGGTAGTGGTT
bovine-CoV,GTTATAATG
bovine-CoV,GTTTCTGTT
bovine-CoV,TAACTATAGA
bovine-CoV,TAACTATAG
bovine-CoV,TAATGGTAT
bovine-CoV,TAATGTATA
bovine-CoV,TACCAATTTTGA
bovine-CoV,TATTAATGGG
bovine-CoV,TATTATAAT
bovine-CoV,TATTTAAAT
bovine-CoV,TATTTTTGCTAA
bovine-CoV,TCAGGAAGG
bovine-CoV,TGCTGCTAA
bovine-CoV,TGGTTATTAC
bovine-CoV,TGGTTTGTAT
bovine-CoV,TGTTACTAA
bovine-CoV,TTACTAATGGT
bovine-CoV,TTACTATTGA
bovine-CoV,TTAGTGCAG
bovine-CoV,TTCTGCTTT
bovine-CoV,TTGCTGGTG
bovine-CoV,TTGGTGCTAT
bovine-CoV,TTGTAATAG
bovine-CoV,TTGTTAATG
bovine-CoV,TTTACTATT
bovine-CoV,TTTGTATTTT
bovine-CoV,TTTTACAGA
bovine-CoV,AAAACCAAA
bovine-CoV,AATAATACT
bovine-CoV,AATGCTGAT
bovine-CoV,AATGGTTTA
bovine-CoV,ACTATAGGTA
bovine-CoV,ACTGGTGTT
bovine-CoV,ACTGGTGTT
bovine-CoV,ACTTATTAT
bovine-CoV,ACTTGTAATA
bovine-CoV,AGATTTGGT
bovine-CoV,AGGTTAATG
bovine-CoV,AGTAAAGTT
bovine-CoV,AGTAAATGA
bovine-CoV,AGTTTACTA
bovine-CoV,ATAACTATAG
bovine-CoV,ATAGGAGATTT
bovine-CoV,ATGATGTTG
bovine-CoV,ATGCTCTTG
bovine-CoV,ATGCTGTTG
bovine-CoV,CAATACCCAA
bovine-CoV,CAGCAGCAG
bovine-CoV,CCTGCAGGT
bovine-CoV,CGATTGTAATA
bovine-CoV,CTAATGGTA
bovine-CoV,CTGATTTTA
bovine-CoV,CTGTTAATT
bovine-CoV,CTGTTGATT
bovine-CoV,CTTTGACTT
bovine-CoV,CTTTTAATT
bovine-CoV,CTTTTAATT
bovine-CoV,CTTTTAATT
bovine-CoV,GACACTGGTGTT
bovine-CoV,GACCTACAA
bovine-CoV,GACTTATTA
bovine-CoV,GCTCTTAAT
bovine-CoV,GGTAGTGGTTA
bovine-CoV,GGTAGTGGTT
bovine-CoV,GGTATTTTTG
bovine-CoV,GGTGTTGTT
bovine-CoV,GTAATATGG
bovine-CoV,GTAGGTAGTGGTT
bovine-CoV,GTTATAATG
bovine-CoV,GTTTCTGTT
bovine-CoV,TAATATTGA
bovine-CoV,TAATGGTAATC
bovine-CoV,TAATGGTATT
bovine-CoV,TAATGGTAT
bovine-CoV,TAATGGTAT
bovine-CoV,TAGTTGGCA
bovine-CoV,TATTAATGG
bovine-CoV,TATTATAAT
bovine-CoV,TATTTTTGCTAA
bovine-CoV,TCATGATGTT
bovine-CoV,TCTATTTAAAT
bovine-CoV,TGATTGTTT
bovine-CoV,TGGATGTTC
bovine-CoV,TGGTTATTAC
bovine-CoV,TGGTTTAAA
bovine-CoV,TGGTTTGTAT
bovine-CoV,TGTAATATT
bovine-CoV,TGTTAATTAT
bovine-CoV,TGTTACTAA
bovine-CoV,TTAATGAATG
bovine-CoV,TTAATTATA
bovine-CoV,TTACTAATGGT
bovine-CoV,TTACTATTGA
bovine-CoV,TTATGTAAA
bovine-CoV,TTATTATGT
bovine-CoV,TTGAGGCTT
bovine-CoV,TTGGTGCTAT
bovine-CoV,TTGTAATAA
bovine-CoV,TTGTTTATG
bovine-CoV,TTGTTTGTG
bovine-CoV,TTGTTTTAA
bovine-CoV,TTTACTAAT
bovine-CoV,TTTACTATT
bovine-CoV,TTTGTATTTT
bovine-CoV,TTTTACAGA
bovine-CoV,TTTTGTTGAGG
bovine-CoV,AAAATCAAA
bovine-CoV,AAGATGGTGT
bovine-CoV,AATAATACT
bovine-CoV,AATGCTGAA
bovine-CoV,AATGGTTTA
bovine-CoV,ACTATAGGTA
bovine-CoV,ACTGGTGTT
bovine-CoV,ACTGGTGTT
bovine-CoV,ACTTATTAT
bovine-CoV,ACTTGTAATA
bovine-CoV,AGGTTAATG
bovine-CoV,AGTAAATGA
bovine-CoV,AGTGGTTATT
bovine-CoV,ATAACTATAG
bovine-CoV,ATAGGAGATTT
bovine-CoV,ATGATGTTG
bovine-CoV,ATGCTCTTG
bovine-CoV,ATGCTGTTG
bovine-CoV,ATGGCTTTT
bovine-CoV,ATGGTTTAAA
bovine-CoV,ATTAATGGG
bovine-CoV,ATTTTATTT
bovine-CoV,ATTTTGATAG
bovine-CoV,CAGCAGCAG
bovine-CoV,CATGATGTT
bovine-CoV,CCTGCAGGT
bovine-CoV,CTAATGGTA
bovine-CoV,CTATGGTTT
bovine-CoV,CTGATTTTA
bovine-CoV,CTGGTATAG
bovine-CoV,CTGTTAATT
bovine-CoV,CTTTTAATT
bovine-CoV,GACACTGGTGTT
bovine-CoV,GACCTACAA
bovine-CoV,GACTTATTA
bovine-CoV,GCTCTTAAT
bovine-CoV,GGTAGTGGTTA
bovine-CoV,GGTAGTGGTT
bovine-CoV,GGTATTTTTG
bovine-CoV,GGTGTTGTT
bovine-CoV,GTAATATGG
bovine-CoV,GTAGGTAGTGGTT
bovine-CoV,GTTTCTGTT
bovine-CoV,TAACTATAGA
bovine-CoV,TAACTATAG
bovine-CoV,TAATGGTAATC
bovine-CoV,TACTAATTTTGA
bovine-CoV,TATTATAAT
bovine-CoV,TATTTAAAT
bovine-CoV,TATTTTTGCTAA
bovine-CoV,TGCTGCTAA
bovine-CoV,TGGTATAGG
bovine-CoV,TGGTTTGTAT
bovine-CoV,TGTTAATTAT
bovine-CoV,TGTTACTAA
bovine-CoV,TTAAAGATGG
bovine-CoV,TTAATGAATG
bovine-CoV,TTACTAATGGT
bovine-CoV,TTACTACCCT
bovine-CoV,TTACTATTGA
bovine-CoV,TTAGTGCAG
bovine-CoV,TTATTATGT
bovine-CoV,TTCTGCTTT
bovine-CoV,TTGAGGCTT
bovine-CoV,TTGCTGGTG
bovine-CoV,TTGGTGCTAT
bovine-CoV,TTGTTAATG
bovine-CoV,TTGTTTTAA
bovine-CoV,TTTACTAAT
bovine-CoV,TTTACTATT
bovine-CoV,TTTCTGTTT
bovine-CoV,TTTGTATTTC
bovine-CoV,TTTTACAGA
bovine-CoV,TTTTGTTGAGG
bovine-CoV,AAAATCAAA
bovine-CoV,AAGATGGTGT
bovine-CoV,AATGCTGAA
bovine-CoV,AATGCTGAT
bovine-CoV,AATGGTTTA
bovine-CoV,ACAGGTGTT
bovine-CoV,ACTATAGGTA
bovine-CoV,ACTTATTAT
bovine-CoV,ACTTGTAATA
bovine-CoV,AGATTTGGT
bovine-CoV,AGGTTAATG
bovine-CoV,AGTAAAGTT
bovine-CoV,AGTAAATGA
bovine-CoV,AGTGGTTAC
bovine-CoV,AGTGGTTATT
bovine-CoV,ATAACTATAG
bovine-CoV,ATAGGAGATTT
bovine-CoV,ATGATGTTG
bovine-CoV,ATGCTCTTG
bovine-CoV,ATGCTGTTG
bovine-CoV,CAGCAGCAG
bovine-CoV,CATGATGTT
bovine-CoV,CCTGCAGGT
bovine-CoV,CTAATGGTA
bovine-CoV,CTGATTTTA
bovine-CoV,CTGTTAATT
bovine-CoV,CTTTTAATT
bovine-CoV,CTTTTAATT
bovine-CoV,CTTTTAATT
bovine-CoV,GACCTACAA
bovine-CoV,GCTCTTAAT
bovine-CoV,GGTAGTGGTTA
bovine-CoV,GGTAGTGGTT
bovine-CoV,GGTTACACT
bovine-CoV,GTAATATGG
bovine-CoV,GTAGGTAGTGGTT
bovine-CoV,GTGGTTACT
bovine-CoV,GTTTCTGTT
bovine-CoV,TAATGGTAATC
bovine-CoV,TAATGGTATT
bovine-CoV,TAATGGTAT
bovine-CoV,TAATGGTAT
bovine-CoV,TAATTTTAAT
bovine-CoV,TAGTTGGCA
bovine-CoV,TATTAATGG
bovine-CoV,TATTATAAT
bovine-CoV,TATTTAAAT
bovine-CoV,TATTTTTGCTAA
bovine-CoV,TGCTGCTAA
bovine-CoV,TGGCATAGG
bovine-CoV,TGGGTAATAAA
bovine-CoV,TGGTTATTAC
bovine-CoV,TGGTTTAAA
bovine-CoV,TGGTTTGTAT
bovine-CoV,TGTTAATTAT
bovine-CoV,TTAAAGATGG
bovine-CoV,TTAATGAATG
bovine-CoV,TTAATTATA
bovine-CoV,TTACTAATGGT
bovine-CoV,TTACTATTGA
bovine-CoV,TTAGTGCAG
bovine-CoV,TTATTATGT
bovine-CoV,TTCTGCTTT
bovine-CoV,TTGAGGCTT
bovine-CoV,TTGCTGGTG
bovine-CoV,TTGGGTAAT
bovine-CoV,TTGGTGCTAT
bovine-CoV,TTGTAATAA
bovine-CoV,TTGTTAATG
bovine-CoV,TTGTTTTAA
bovine-CoV,TTTACTAAT
bovine-CoV,TTTACTATT
bovine-CoV,TTTGTATTTC
bovine-CoV,TTTTACAGA
bovine-CoV,AAAATCAAA
bovine-CoV,AAGATGGTGTTA
bovine-CoV,AAGATGGTGT
bovine-CoV,AATGCTGAA
bovine-CoV,AATGCTGAT
bovine-CoV,AATGGTTTA
bovine-CoV,ACTATAGGTA
bovine-CoV,ACTGGTGTT
bovine-CoV,ACTGGTGTT
bovine-CoV,ACTTATTAT
bovine-CoV,ACTTGTAATA
bovine-CoV,AGATTTGGT
bovine-CoV,AGGTTAATG
bovine-CoV,AGTAAAGTT
bovine-CoV,AGTAAATGA
bovine-CoV,AGTGGTTAC
bovine-CoV,AGTGGTTATT
bovine-CoV,ATAACTATAG
bovine-CoV,ATGATGTTG
bovine-CoV,ATGCTGTTG
bovine-CoV,CAGCAGCAG
bovine-CoV,CTGTTAATT
bovine-CoV,CTTTGACTT
bovine-CoV,CTTTTAATT
bovine-CoV,CTTTTAATT
bovine-CoV,CTTTTAATT
bovine-CoV,GACACTGGTGTT
bovine-CoV,GACCTACAA
bovine-CoV,GACTTATTA
bovine-CoV,GCTCTTAAT
bovine-CoV,GGTAGTGGTTA
bovine-CoV,GGTAGTGGTT
bovine-CoV,GGTGTTGTT
bovine-CoV,GGTTACACT
bovine-CoV,GGTTTGTAT
bovine-CoV,GTAATATGG
bovine-CoV,GTAGGTAGTGGTT
bovine-CoV,GTGTTAATT
bovine-CoV,GTTTCTGTT
bovine-CoV,TAATATTGA
bovine-CoV,TAATGGTAATC
bovine-CoV,TAATGGTAT
bovine-CoV,TAATGGTAT
bovine-CoV,TAATTTTAAT
bovine-CoV,TAGTTGGCA
bovine-CoV,TATTAATGGTATT
bovine-CoV,TATTAATGG
bovine-CoV,TATTATAAT
bovine-CoV,TATTTAAAT
bovine-CoV,TATTTTTGCTAA
bovine-CoV,TCATGATGTT
bovine-CoV,TGATTGTTT
bovine-CoV,TGGCATAGG
bovine-CoV,TGGTTTAAA
bovine-CoV,TGTAATATT
bovine-CoV,TGTTAATTAT
bovine-CoV,TGTTACTAA
bovine-CoV,TTAAAGATGGTGT
bovine-CoV,TTAATGAATG
bovine-CoV,TTAATTATA
bovine-CoV,TTACTACCCT
bovine-CoV,TTACTATTGA
bovine-CoV,TTAGTGCAG
bovine-CoV,TTATGTAAA
bovine-CoV,TTATTAATGG
bovine-CoV,TTATTATGT
bovine-CoV,TTGAGGCTT
bovine-CoV,TTGCTGGTG
bovine-CoV,TTGGGTAAT
bovine-CoV,TTGGTGCTAT
bovine-CoV,TTGTTTATG
bovine-CoV,TTGTTTTAA
bovine-CoV,TTTACTATT
bovine-CoV,TTTGTATTT
bovine-CoV,TTTTGTTGAGG
bovine-CoV,AAAATCAAA
bovine-CoV,AATAATACT
bovine-CoV,AATAGTGGTA
bovine-CoV,AATGCTGAA
bovine-CoV,AATGCTGAT
bovine-CoV,AATGGTTTA
bovine-CoV,ACTATAGGTA
bovine-CoV,ACTGGTGTT
bovine-CoV,ACTGGTGTT
bovine-CoV,ACTTATTAT
bovine-CoV,ACTTGTAATA
bovine-CoV,AGATCGTGT
bovine-CoV,AGGTTAATG
bovine-CoV,AGTAAATGA
bovine-CoV,AGTGGTTATT
bovine-CoV,ATAACTATAG
bovine-CoV,ATAGGAGATTT
bovine-CoV,ATGATGTTG
bovine-CoV,ATGCTGTTG
bovine-CoV,ATGGTGTTA
bovine-CoV,ATGGTTTAAA
bovine-CoV,ATTTTATTT
bovine-CoV,CACTGTTCAG
bovine-CoV,CAGCAGCAG
bovine-CoV,CCTGCAGGT
bovine-CoV,CGATTGTAATA
bovine-CoV,CTAATGGTA
bovine-CoV,CTACCAATT
bovine-CoV,CTATGGTTT
bovine-CoV,CTGATTTTA
bovine-CoV,CTGTTAATT
bovine-CoV,CTTTTAATT
bovine-CoV,GACACTGGTGTT
bovine-CoV,GACCTACAA
bovine-CoV,GACTTATTA
bovine-CoV,GCTCTTAAT
bovine-CoV,GCTGCGACCT
bovine-CoV,GGTAGTGGTTA
bovine-CoV,GGTAGTGGTT
bovine-CoV,GGTATTTTTG
bovine-CoV,GGTGTTGTT
bovine-CoV,GTAGGTAGTGGTT
bovine-CoV,GTTTCTGTT
bovine-CoV,TAACTATAGA
bovine-CoV,TAACTATAG
bovine-CoV,TAATGGTAATC
bovine-CoV,TAATGGTAT
bovine-CoV,TAATGTATA
bovine-CoV,TAGTTGGCA
bovine-CoV,TATTAATGGG
bovine-CoV,TATTATAAT
bovine-CoV,TATTTAAAT
bovine-CoV,TATTTTTGCTAA
bovine-CoV,TCTCCATTAA
bovine-CoV,TGCTGCTAA
bovine-CoV,TGGTTTGTAT
bovine-CoV,TGTTAATTA
bovine-CoV,TGTTACTAA
bovine-CoV,TTAATGAATG
bovine-CoV,TTACTAATGGT
bovine-CoV,TTACTATTGA
bovine-CoV,TTCTGCTTT
bovine-CoV,TTGCTGGTG
bovine-CoV,TTGGTGCTAT
bovine-CoV,TTGTAATAG
bovine-CoV,TTGTTAATG
bovine-CoV,TTTACTAAT
bovine-CoV,TTTACTATT
bovine-CoV,TTTGTATTTT
bovine-CoV,TTTTACAGA
bovine-CoV,AAAATCAAA
bovine-CoV,AAGATGGTGT
bovine-CoV,AATGCTGAA
bovine-CoV,AATGCTGAT
bovine-CoV,AATGGTTTA
bovine-CoV,ACTATAGGTA
bovine-CoV,ACTGGTGTT
bovine-CoV,ACTGGTGTT
bovine-CoV,ACTTATTAT
bovine-CoV,ACTTGTAATA
bovine-CoV,AGATTTGGT
bovine-CoV,AGGTTAATG
bovine-CoV,AGTAAAGTT
bovine-CoV,AGTAAATGA
bovine-CoV,AGTGGTTAC
bovine-CoV,AGTGGTTATT
bovine-CoV,ATAACTATAG
bovine-CoV,ATAGGAGATTT
bovine-CoV,ATGATGTTG
bovine-CoV,ATGCTGTTG
bovine-CoV,CAGCAGCAG
bovine-CoV,CATGATGTT
bovine-CoV,CGATTGCAATA
bovine-CoV,CTAATGGTA
bovine-CoV,CTACCAATT
bovine-CoV,CTGTTAATT
bovine-CoV,CTTTTAATT
bovine-CoV,CTTTTAATT
bovine-CoV,CTTTTAATT
bovine-CoV,GACACTGGTGTT
bovine-CoV,GACCTACAA
bovine-CoV,GACTTATTA
bovine-CoV,GCTCTTAAT
bovine-CoV,GGTAGTGGTTA
bovine-CoV,GGTAGTGGTT
bovine-CoV,GGTGTTGTT
bovine-CoV,GGTTACACT
bovine-CoV,GGTTTGTAT
bovine-CoV,GTAATATGG
bovine-CoV,GTAGGTAGTGGTT
bovine-CoV,GTTTCTGTT
bovine-CoV,TAATGGTAATC
bovine-CoV,TAATGGTATT
bovine-CoV,TAATGGTAT
bovine-CoV,TAATGGTAT
bovine-CoV,TAATTTTAAT
bovine-CoV,TAGTTGGCA
bovine-CoV,TATAGTGTG
bovine-CoV,TATTAATGG
bovine-CoV,TATTATAAT
bovine-CoV,TATTTAAAT
bovine-CoV,TATTTTTGCTAA
bovine-CoV,TGCTGCTAA
bovine-CoV,TGGCATAGG
bovine-CoV,TGGTTATTAC
bovine-CoV,TGTTAATTAT
bovine-CoV,TGTTACTAA
bovine-CoV,TGTTTCCTG
bovine-CoV,TTAAAGATGG
bovine-CoV,TTAATGAATG
bovine-CoV,TTAATTATA
bovine-CoV,TTACTAATGGT
bovine-CoV,TTACTATTGA
bovine-CoV,TTAGTGCAG
bovine-CoV,TTATTATGT
bovine-CoV,TTCTGCTTT
bovine-CoV,TTGAGGCTT
bovine-CoV,TTGCTGGTG
bovine-CoV,TTGGTGCTAT
bovine-CoV,TTGTTAATG
bovine-CoV,TTGTTTTAA
bovine-CoV,TTTACTAAT
bovine-CoV,TTTACTATT
bovine-CoV,TTTGTATTTT
bovine-CoV,TTTTACAGA
bovine-CoV,TTTTGTTGAGG
bovine-CoV,AATAGTGGTA
bovine-CoV,TAACTATAGA
bovine-CoV,TCATGATGTT
bovine-CoV,AAAATCAAA
bovine-CoV,AAGATGGTGT
bovine-CoV,AATAATACT
bovine-CoV,AATGCTGAA
bovine-CoV,AATGCTGAT
bovine-CoV,AATGGTTTA
bovine-CoV,ACTATAGGTA
bovine-CoV,ACTGGTGTT
bovine-CoV,ACTGGTGTT
bovine-CoV,ACTTATTAT
bovine-CoV,ACTTGTAATA
bovine-CoV,AGGTTAATG
bovine-CoV,AGTAAATGA
bovine-CoV,AGTGGTTATT
bovine-CoV,ATAACTATAG
bovine-CoV,ATAGGAGATTT
bovine-CoV,ATGATGTTG
bovine-CoV,ATGCTCTTG
bovine-CoV,ATGCTGTTG
bovine-CoV,ATGGCTTTT
bovine-CoV,ATGGTTTAAA
bovine-CoV,ATTTTATTT
bovine-CoV,ATTTTGATAG
bovine-CoV,CATGATGTT
bovine-CoV,CCTGCAGGT
bovine-CoV,CTAATGGTA
bovine-CoV,CTATGGTTT
bovine-CoV,CTGATTTTA
bovine-CoV,CTGGTATAG
bovine-CoV,CTGTTAATT
bovine-CoV,CTTTTAATT
bovine-CoV,GACACTGGTGTT
bovine-CoV,GACTTATTA
bovine-CoV,GAGACTACT
bovine-CoV,GCTCTTAAT
bovine-CoV,GGTAGTGGTTA
bovine-CoV,GGTAGTGGTT
bovine-CoV,GGTATTTTTG
bovine-CoV,GGTGTTGTT
bovine-CoV,GTAATATGG
bovine-CoV,GTAGGTAGTGGTT
bovine-CoV,TAACTATAGA
bovine-CoV,TAACTATAG
bovine-CoV,TAATGGTAATC
bovine-CoV,TAATGGTAT
bovine-CoV,TACTAATTTTGA
bovine-CoV,TATTAATGGG
bovine-CoV,TATTATAAT
bovine-CoV,TATTTAAAT
bovine-CoV,TATTTTTGCTAA
bovine-CoV,TGATTATGC
bovine-CoV,TGCTGCTAA
bovine-CoV,TGGTATAGG
bovine-CoV,TGGTTTGTAT
bovine-CoV,TGTGTCAAA
bovine-CoV,TGTTAATTAT
bovine-CoV,TGTTACTAA
bovine-CoV,TTAAAGATGG
bovine-CoV,TTAATGAATG
bovine-CoV,TTACTAATGGT
bovine-CoV,TTACTACCCT
bovine-CoV,TTACTATTGA
bovine-CoV,TTATAAAAAT
bovine-CoV,TTATTATGT
bovine-CoV,TTCTGCTTT
bovine-CoV,TTGAGGCTT
bovine-CoV,TTGCTGGTG
bovine-CoV,TTGGTGCTAT
bovine-CoV,TTGTTAATG
bovine-CoV,TTTACTAAT
bovine-CoV,TTTACTATT
bovine-CoV,TTTCTGTTT
bovine-CoV,TTTGTATTTC
bovine-CoV,AATAGTGGTA
bovine-CoV,AATGCTGAT
bovine-CoV,AATTGTAAT
bovine-CoV,ACTGGTGTT
bovine-CoV,ACTTATTAT
bovine-CoV,ACTTGTAATA
bovine-CoV,ATAACTATAG
bovine-CoV,ATAGGAGATTT
bovine-CoV,CATGATGTT
bovine-CoV,CCTGCAGGT
bovine-CoV,CTATGGTTT
bovine-CoV,GGTATTTTTG
bovine-CoV,GGTGTTGTT
bovine-CoV,GTAGGTAGTGGTT
bovine-CoV,GTTTCTGTT
bovine-CoV,TAAAAGTGAT
bovine-CoV,TAACTATAGA
bovine-CoV,TAACTATAG
bovine-CoV,TAGTTGGCA
bovine-CoV,TATTATAAT
bovine-CoV,TATTTTTGCTAA
bovine-CoV,TGCTGCTAA
bovine-CoV,TGTTACTAA
bovine-CoV,TTAATGATA
bovine-CoV,TTACTTGTA
bovine-CoV,TTATTATGT
bovine-CoV,TTTTACAGA
bovine-CoV,AATTGGGAA
bovine-CoV,ACTGGTGTT
bovine-CoV,GGTGTTGTT
bovine-CoV,GTTTCTGTT
bovine-CoV,TAATATTGA
bovine-CoV,TTACTTGTA
bovine-CoV,AAAATCAAA
bovine-CoV,AACCTGTAGGTG
bovine-CoV,AATAATACT
bovine-CoV,AATAGTGGTA
bovine-CoV,AATGCTGAA
bovine-CoV,AATGCTGAT
bovine-CoV,AATGGTTTA
bovine-CoV,ACTATAGGTA
bovine-CoV,ACTGGTGTT
bovine-CoV,ACTTATTAT
bovine-CoV,ACTTGTTCTA
bovine-CoV,AGATTTGGT
bovine-CoV,AGGTTAATG
bovine-CoV,AGTAAAGTT
bovine-CoV,AGTAAATGA
bovine-CoV,AGTGGTTATT
bovine-CoV,ATAACTATAG
bovine-CoV,ATAGGAGATTT
bovine-CoV,ATGATGTTG
bovine-CoV,ATGCTCTTGA
bovine-CoV,ATGCTGTTG
bovine-CoV,ATGGCTTTT
bovine-CoV,ATGGTTTAAA
bovine-CoV,ATTTTATTT
bovine-CoV,CAGCAGCAG
bovine-CoV,CATGATGTT
bovine-CoV,CTACCAATT
bovine-CoV,CTATGGTTT
bovine-CoV,CTTTTAATT
bovine-CoV,GACCTACAA
bovine-CoV,GACTTATTA
bovine-CoV,GATTTGTCA
bovine-CoV,GCTCTTAAT
bovine-CoV,GGTAATGGT
bovine-CoV,GGTAGTGGTTA
bovine-CoV,GGTATTTTTG
bovine-CoV,GGTGTTGTT
bovine-CoV,GTAATATGG
bovine-CoV,GTTTCTGTT
bovine-CoV,TAAATCAGA
bovine-CoV,TAACTATAGA
bovine-CoV,TAACTATAG
bovine-CoV,TAATGGTAATC
bovine-CoV,TAATGGTAT
bovine-CoV,TAGTTGGCA
bovine-CoV,TATTAATGGG
bovine-CoV,TATTAATGG
bovine-CoV,TATTATAAT
bovine-CoV,TATTTAAAT
bovine-CoV,TATTTTTGCTAA
bovine-CoV,TCAGTAAAT
bovine-CoV,TGATTTTAT
bovine-CoV,TGCTGCTAA
bovine-CoV,TGGTTTGTAT
bovine-CoV,TGTTACTAA
bovine-CoV,TTAACTATA
bovine-CoV,TTAATGAATG
bovine-CoV,TTACTACCCT
bovine-CoV,TTACTATTGA
bovine-CoV,TTACTTGTA
bovine-CoV,TTAGTGCAG
bovine-CoV,TTATTAATGG
bovine-CoV,TTATTATGT
bovine-CoV,TTCTGCTTT
bovine-CoV,TTGCTGGTG
bovine-CoV,TTGTTAATG
bovine-CoV,TTGTTTTAA
bovine-CoV,TTTACTATT
bovine-CoV,TTTCCAGCA
bovine-CoV,TTTTACAGA
bovine-CoV,AAAACCAAA
bovine-CoV,AAGATGGTGT
bovine-CoV,AATGCTGAA
bovine-CoV,AATGCTGAT
bovine-CoV,AATGGTTTA
bovine-CoV,ACTATAGGTA
bovine-CoV,ACTGGTGTT
bovine-CoV,ACTGGTGTT
bovine-CoV,ACTTGTAATA
bovine-CoV,AGGTTAATG
bovine-CoV,AGTAAAGTT
bovine-CoV,AGTAAATGA
bovine-CoV,AGTGGTTATT
bovine-CoV,ATAACTATAG
bovine-CoV,ATGATGTTG
bovine-CoV,ATGCTCTTG
bovine-CoV,ATGCTGTTG
bovine-CoV,CAGCAGCAG
bovine-CoV,CATGATGTT
bovine-CoV,CATGTAAAT
bovine-CoV,CCTGCAGGT
bovine-CoV,CGATTGCAATA
bovine-CoV,CTAATGGTA
bovine-CoV,CTGATTTTA
bovine-CoV,CTGTTAATT
bovine-CoV,CTTTGACTT
bovine-CoV,CTTTTAATT
bovine-CoV,GACACTGGTGTT
bovine-CoV,GACCTACAA
bovine-CoV,GCTCTTAAT
bovine-CoV,GGTAATGGT
bovine-CoV,GGTAGTGGTTA
bovine-CoV,GGTGTTACC
bovine-CoV,GGTGTTGTT
bovine-CoV,GGTTTGTAT
bovine-CoV,GTAATATGG
bovine-CoV,GTTTCTGTT
bovine-CoV,TAAATTGGG
bovine-CoV,TAACTATAGA
bovine-CoV,TAACTATAG
bovine-CoV,TAATGGTAATC
bovine-CoV,TAATGGTATT
bovine-CoV,TAATGGTAT
bovine-CoV,TAATGGTAT
bovine-CoV,TAGTTGGCA
bovine-CoV,TATTAATGG
bovine-CoV,TATTTAAAT
bovine-CoV,TATTTTTGCTAA
bovine-CoV,TGGCATAGG
bovine-CoV,TGGTTATTAC
bovine-CoV,TGGTTTAAA
bovine-CoV,TGTTAATTAT
bovine-CoV,TGTTACTAA
bovine-CoV,TTAAAGATGG
bovine-CoV,TTAATGAATG
bovine-CoV,TTACTAATGGT
bovine-CoV,TTACTATTGA
bovine-CoV,TTAGTGCAG
bovine-CoV,TTCTGCTTT
bovine-CoV,TTGAGGCTT
bovine-CoV,TTGCTGGTG
bovine-CoV,TTGGTGCTAT
bovine-CoV,TTGTTAATG
bovine-CoV,TTGTTTTAA
bovine-CoV,TTTACTAAT
bovine-CoV,TTTACTATT
bovine-CoV,TTTGTATTT
bovine-CoV,TTTTACAGA
bovine-CoV,TTTTGTTGAGG
bovine-CoV,GGTGTTGTT
bovine-CoV,TGTTACTAA
bovine-CoV,TTACTAATGGT
bovine-CoV,TTATTATGT
bovine-CoV,CCTGCAGGT
bovine-CoV,CCTGCAGGT
bovine-CoV,TGGCATAGG
bovine-CoV,AATGCAACT
bovine-CoV,TAGTTGGCA
bovine-CoV,AAAACCAAA
bovine-CoV,AAGATGGTGT
bovine-CoV,AATAATACT
bovine-CoV,AATGCTGAT
bovine-CoV,AATGGTTTA
bovine-CoV,ACTATAGGTA
bovine-CoV,ACTGGTGTT
bovine-CoV,ACTGGTGTT
bovine-CoV,ACTTATTAT
bovine-CoV,ACTTGTAATA
bovine-CoV,AGGTTAATG
bovine-CoV,AGTAAATGA
bovine-CoV,AGTGGTTATT
bovine-CoV,AGTTTCTGT
bovine-CoV,ATAACTATAG
bovine-CoV,ATATGAGTA
bovine-CoV,ATATTAAAT
bovine-CoV,ATGATGTTG
bovine-CoV,ATGCTCTTG
bovine-CoV,ATGCTGTTG
bovine-CoV,ATGGCTTTT
bovine-CoV,ATGGTTTAAA
bovine-CoV,ATTAATGGG
bovine-CoV,ATTTTATTT
bovine-CoV,ATTTTTGCTAA
bovine-CoV,CAGCAGCAG
bovine-CoV,CATGATGTT
bovine-CoV,CATTCTTGG
bovine-CoV,CCTGCAGGT
bovine-CoV,CTAAAGTTA
bovine-CoV,CTATGGTTT
bovine-CoV,CTGATTTTA
bovine-CoV,CTGGTATAG
bovine-CoV,CTGTTAATT
bovine-CoV,GACACTGGTGTT
bovine-CoV,GACCTACAA
bovine-CoV,GACTTATTA
bovine-CoV,GCTCTTAAT
bovine-CoV,GGTAGTGGTTA
bovine-CoV,GTAATATGG
bovine-CoV,GTGTTGTCA
bovine-CoV,TAACTATAGA
bovine-CoV,TAACTATAG
bovine-CoV,TAATATTGA
bovine-CoV,TAATGGTAATC
bovine-CoV,TAGGAGATTT
bovine-CoV,TATTATAAT
bovine-CoV,TATTTAAAT
bovine-CoV,TGCTGTTGTA
bovine-CoV,TGGTATAGG
bovine-CoV,TGGTTATTAC
bovine-CoV,TGGTTTGTAT
bovine-CoV,TGTAATATT
bovine-CoV,TGTTAATTAT
bovine-CoV,TTAAAGATGG
bovine-CoV,TTAATGAATG
bovine-CoV,TTACTATTGA
bovine-CoV,TTAGTGCAG
bovine-CoV,TTATTATGT
bovine-CoV,TTCTGCTTT
bovine-CoV,TTGAGGCTT
bovine-CoV,TTGCTGGTG
bovine-CoV,TTGGTGCTAT
bovine-CoV,TTGTTAATG
bovine-CoV,TTGTTTTAA
bovine-CoV,TTTAATAAT
bovine-CoV,TTTACTATT
bovine-CoV,TTTCTGTTT
bovine-CoV,TTTGTATTT
bovine-CoV,TTTTACAGA
bovine-CoV,TTTTGTTGAGG
bovine-CoV,AAAATCAAA
bovine-CoV,AATAATACT
bovine-CoV,AATGCTGAA
bovine-CoV,AATGCTGAT
bovine-CoV,AATGGTTTA
bovine-CoV,ACTATAGGTA
bovine-CoV,ACTGGTGTT
bovine-CoV,ACTGGTGTT
bovine-CoV,ACTTATTAT
bovine-CoV,ACTTGTAATA
bovine-CoV,AGGTTAATG
bovine-CoV,AGTAAATGA
bovine-CoV,AGTGGTTATT
bovine-CoV,AGTTTCTGT
bovine-CoV,ATAACTATAG
bovine-CoV,ATAGGAGATTT
bovine-CoV,ATATGAGTA
bovine-CoV,ATGATGTTG
bovine-CoV,ATGCTCTTG
bovine-CoV,ATGCTGTTG
bovine-CoV,ATGGTTTAAA
bovine-CoV,ATTAATGGG
bovine-CoV,ATTTTATTT
bovine-CoV,ATTTTTGCTAA
bovine-CoV,CAGCAGCAG
bovine-CoV,CATGATGTT
bovine-CoV,CATTCTTGG
bovine-CoV,CCTGCAGGT
bovine-CoV,CTAAAGTTA
bovine-CoV,CTATGGTTT
bovine-CoV,CTGATTTTA
bovine-CoV,CTGGTATAG
bovine-CoV,CTGTTAATT
bovine-CoV,CTTTTAATT
bovine-CoV,GACACTGGTGTT
bovine-CoV,GACCTACAA
bovine-CoV,GACTTATTA
bovine-CoV,GCTCTTAAT
bovine-CoV,GGTAGTGGTTA
bovine-CoV,GTAATATGG
bovine-CoV,GTGTTGTCA
bovine-CoV,TAACTATAGA
bovine-CoV,TAACTATAG
bovine-CoV,TAATATTGA
bovine-CoV,TAATGGTAATC
bovine-CoV,TATAGGAGA
bovine-CoV,TATTATAAT
bovine-CoV,TATTTAAAT
bovine-CoV,TGGTATAGG
bovine-CoV,TGGTTATTAC
bovine-CoV,TGGTTTGTAT
bovine-CoV,TGTAATATT
bovine-CoV,TGTTAATTAT
bovine-CoV,TTAATGAATG
bovine-CoV,TTACTAATGG
bovine-CoV,TTACTATTGA
bovine-CoV,TTAGTGCAG
bovine-CoV,TTATTATGT
bovine-CoV,TTCTGCTTT
bovine-CoV,TTGAGGCTT
bovine-CoV,TTGCTGGTG
bovine-CoV,TTGGTGCTAT
bovine-CoV,TTGTTAATG
bovine-CoV,TTGTTTGTG
bovine-CoV,TTGTTTTAA
bovine-CoV,TTTACTAAT
bovine-CoV,TTTACTATT
bovine-CoV,TTTCTGTTT
bovine-CoV,TTTGTATTT
bovine-CoV,TTTTACAGA
bovine-CoV,TTTTGTTGAGG
bovine-CoV,AAAATCAAA
bovine-CoV,AAGATGGTGT
bovine-CoV,AATGCTGAA
bovine-CoV,AATGCTGAT
bovine-CoV,AATGGTTTA
bovine-CoV,ACTATAGGTA
bovine-CoV,ACTGGTGTT
bovine-CoV,ACTGGTGTT
bovine-CoV,ACTTATTAT
bovine-CoV,ACTTGTAATA
bovine-CoV,AGATTTGGT
bovine-CoV,AGGTTAATG
bovine-CoV,AGTAAAGTT
bovine-CoV,AGTAAATGA
bovine-CoV,AGTGGTTAC
bovine-CoV,AGTGGTTATT
bovine-CoV,ATAACTATAG
bovine-CoV,ATAGGAGATTT
bovine-CoV,ATGATGTTG
bovine-CoV,ATGCTGTTG
bovine-CoV,CAGCAGCAG
bovine-CoV,CATGATGTT
bovine-CoV,CGATTGCAATA
bovine-CoV,CTAATGGTA
bovine-CoV,CTGTTAATT
bovine-CoV,CTTTGACTT
bovine-CoV,CTTTTAATT
bovine-CoV,GACACTGGTGTT
bovine-CoV,GACCTACAA
bovine-CoV,GACTTATTA
bovine-CoV,GCTCTTAAT
bovine-CoV,GGTAGTGGTTA
bovine-CoV,GGTGTTGTT
bovine-CoV,GGTTACACT
bovine-CoV,GGTTTGTAT
bovine-CoV,GTAATATGG
bovine-CoV,GTTTCTGTT
bovine-CoV,TAACTATAGA
bovine-CoV,TAACTATAG
bovine-CoV,TAATGGTAATC
bovine-CoV,TAATGGTATT
bovine-CoV,TAATGGTAT
bovine-CoV,TAATGGTAT
bovine-CoV,TAGTTGGCA
bovine-CoV,TATTAATGG
bovine-CoV,TATTATAAT
bovine-CoV,TATTTAAAT
bovine-CoV,TATTTTTGCTAA
bovine-CoV,TGCTGCTAA
bovine-CoV,TGGCATAGG
bovine-CoV,TGGTTATTAC
bovine-CoV,TGGTTTAAA
bovine-CoV,TGTTAATTAT
bovine-CoV,TGTTACTAA
bovine-CoV,TTAAAGATGG
bovine-CoV,TTAATGAATG
bovine-CoV,TTACTAATGGT
bovine-CoV,TTACTATTGA
bovine-CoV,TTAGTGCAG
bovine-CoV,TTATGTAAA
bovine-CoV,TTATTATGT
bovine-CoV,TTCTGCTTT
bovine-CoV,TTGAGGCTT
bovine-CoV,TTGCTGGTG
bovine-CoV,TTGGGTAAT
bovine-CoV,TTGGTGCTAT
bovine-CoV,TTGTTTATG
bovine-CoV,TTGTTTTAA
bovine-CoV,TTTACTATT
bovine-CoV,TTTGTATTT
bovine-CoV,TTTTACAGA
bovine-CoV,TTTTGTTGAGG
bovine-CoV,AAAATCAAA
bovine-CoV,AATAATACT
bovine-CoV,AATAGTGGTA
bovine-CoV,AATGCTGAA
bovine-CoV,AATGCTGAT
bovine-CoV,AATGGTTTA
bovine-CoV,ACTATAGGTA
bovine-CoV,ACTGGTGTT
bovine-CoV,ACTGGTGTT
bovine-CoV,ACTTATTAT
bovine-CoV,ACTTGTAATA
bovine-CoV,ACTTTAGCT
bovine-CoV,AGGTTAATG
bovine-CoV,AGTAAATGA
bovine-CoV,AGTGGTTATT
bovine-CoV,ATAACTATAG
bovine-CoV,ATAGGAGATTT
bovine-CoV,ATGATGTTG
bovine-CoV,ATGCTGTTG
bovine-CoV,ATGGTATTA
bovine-CoV,ATGGTGTTA
bovine-CoV,ATGGTTTAAA
bovine-CoV,ATTTTGATA
bovine-CoV,CACTGTTCAG
bovine-CoV,CAGCAGCAG
bovine-CoV,CCTGCAGGT
bovine-CoV,CGATTGTAATA
bovine-CoV,CTAATGGTA
bovine-CoV,CTATGGTTT
bovine-CoV,CTTTGACTT
bovine-CoV,CTTTTAATT
bovine-CoV,GACTTATTA
bovine-CoV,GATTTACAA
bovine-CoV,GATTTTACTA
bovine-CoV,GCTCTTAAT
bovine-CoV,GGTAGTGGTTA
bovine-CoV,GGTAGTGGTT
bovine-CoV,GGTATTTTTG
bovine-CoV,GGTGTTGTT
bovine-CoV,GTAGGTAGTGGTT
bovine-CoV,GTTATAATG
bovine-CoV,GTTTCTGTT
bovine-CoV,TAACTATAGA
bovine-CoV,TAACTATAG
bovine-CoV,TAATGGTAATC
bovine-CoV,TAATGGTATT
bovine-CoV,TAATGTATA
bovine-CoV,TACTATTGA
bovine-CoV,TACTGGTGTT
bovine-CoV,TACTTTTGT
bovine-CoV,TAGTTGGCA
bovine-CoV,TATTAATGGG
bovine-CoV,TATTATAAT
bovine-CoV,TATTTAAAT
bovine-CoV,TATTTTTGCTAA
bovine-CoV,TGCTGCTAA
bovine-CoV,TGGTTATTAC
bovine-CoV,TGGTTTGTAT
bovine-CoV,TGTTAATTAT
bovine-CoV,TGTTACTAA
bovine-CoV,TTAATGAATG
bovine-CoV,TTACTAATGGT
bovine-CoV,TTAGTGCAG
bovine-CoV,TTGCTGGTG
bovine-CoV,TTGGTGCTAT
bovine-CoV,TTGTAATAG
bovine-CoV,TTGTTAATG
bovine-CoV,TTGTTCTACT
bovine-CoV,TTGTTTCCT
bovine-CoV,TTTACAAGA
bovine-CoV,TTTACTAAT
bovine-CoV,TTTGTATTTT
bovine-CoV,TTTTACAGA
bovine-CoV,TTTTACTAT
bovine-CoV,AAAATCAAA
bovine-CoV,AAGATGGTGT
bovine-CoV,AATAATACT
bovine-CoV,AATGGTTTA
bovine-CoV,ACTATAGGTA
bovine-CoV,ACTGGTGTT
bovine-CoV,ACTGGTGTT
bovine-CoV,ACTTATTAT
bovine-CoV,ACTTGTAATA
bovine-CoV,AGATTTGGT
bovine-CoV,AGGTTAATG
bovine-CoV,AGTAAAGTT
bovine-CoV,AGTGGTTAC
bovine-CoV,AGTGGTTATT
bovine-CoV,ATAACTATAG
bovine-CoV,ATAGGAGATTT
bovine-CoV,ATGCTCTTG
bovine-CoV,ATGCTGTTG
bovine-CoV,CAATCTGTT
bovine-CoV,CAGCAGCAG
bovine-CoV,CCTGCAGGT
bovine-CoV,CGATTGCAATA
bovine-CoV,CGCTCTTAAT
bovine-CoV,CTAATGGTA
bovine-CoV,CTGATTTTA
bovine-CoV,CTGTTAATT
bovine-CoV,CTTTTAATT
bovine-CoV,CTTTTAATT
bovine-CoV,CTTTTAATT
bovine-CoV,GACACTGGTGTT
bovine-CoV,GACCTACAA
bovine-CoV,GACTTATTA
bovine-CoV,GGTAGTGGTTA
bovine-CoV,GGTAGTGGTT
bovine-CoV,GGTGTTGTT
bovine-CoV,GGTTACACT
bovine-CoV,GTAATATGG
bovine-CoV,GTAGGTAGTGGTT
bovine-CoV,GTTTCTGTT
bovine-CoV,TAATGGTAATC
bovine-CoV,TAATGGTATT
bovine-CoV,TAATGGTAT
bovine-CoV,TAATGGTAT
bovine-CoV,TAGTTGGCA
bovine-CoV,TATTAATGG
bovine-CoV,TATTATAAT
bovine-CoV,TATTTTTGCTAA
bovine-CoV,TGCTGCTAA
bovine-CoV,TGGCATAGG
bovine-CoV,TGGTTATTAC
bovine-CoV,TGGTTTAAA
bovine-CoV,TGGTTTGTAT
bovine-CoV,TGTTAATTAT
bovine-CoV,TGTTACTAA
bovine-CoV,TTAAAGATGG
bovine-CoV,TTAATGAATG
bovine-CoV,TTAATTATA
bovine-CoV,TTACTAATGGT
bovine-CoV,TTACTATTGA
bovine-CoV,TTAGTGCAG
bovine-CoV,TTATTATGT
bovine-CoV,TTCTGCTTT
bovine-CoV,TTGACACTAC
bovine-CoV,TTGAGGCTT
bovine-CoV,TTGCTGGTG
bovine-CoV,TTGGGTAAT
bovine-CoV,TTGGTGCTAT
bovine-CoV,TTGTTAATG
bovine-CoV,TTGTTTCCT
bovine-CoV,TTGTTTGTG
bovine-CoV,TTTACTAAT
bovine-CoV,TTTACTATT
bovine-CoV,TTTGTATTT
bovine-CoV,TTTTACAGA
bovine-CoV,TTTTGTTGAGG
bovine-CoV,CCTGCAGGT
bovine-CoV,CTGGTATAG
bovine-CoV,AAAATCAAA
bovine-CoV,AATAATACT
bovine-CoV,AATAGTGGTA
bovine-CoV,AATGCTGAA
bovine-CoV,AATGCTGAT
bovine-CoV,AATGGTTTA
bovine-CoV,ACTATAGGTA
bovine-CoV,ACTGGTGTT
bovine-CoV,ACTGGTGTT
bovine-CoV,ACTTATTAT
bovine-CoV,ACTTGTAATA
bovine-CoV,AGGTTAATG
bovine-CoV,AGTAAATGA
bovine-CoV,AGTGGTTATT
bovine-CoV,AGTGGTTTT
bovine-CoV,ATAACTATAG
bovine-CoV,ATAGGAGATTT
bovine-CoV,ATGATGTTG
bovine-CoV,ATGCTGTTG
bovine-CoV,ATGGTGTTA
bovine-CoV,ATGGTTTAAA
bovine-CoV,ATTTTATTT
bovine-CoV,ATTTTGATA
bovine-CoV,CACTGTTCAG
bovine-CoV,CAGCAGCAG
bovine-CoV,CGATTGTAA
bovine-CoV,CTAATGGTA
bovine-CoV,CTACCAATT
bovine-CoV,CTATGGTTT
bovine-CoV,CTTTTAATT
bovine-CoV,GACACTGGTGTT
bovine-CoV,GACCTACAA
bovine-CoV,GACTTATTA
bovine-CoV,GATTTTACTA
bovine-CoV,GCTCTTAAT
bovine-CoV,GGTAGTGGTTA
bovine-CoV,GGTAGTGGTT
bovine-CoV,GGTATTTTTG
bovine-CoV,GGTGTTGTT
bovine-CoV,GTAGGTAGTGGTT
bovine-CoV,GTTTCTGTT
bovine-CoV,TAACTATAGA
bovine-CoV,TAACTATAG
bovine-CoV,TAAGAGTGGTT
bovine-CoV,TAATGGTAATC
bovine-CoV,TAATGGTAT
bovine-CoV,TAATGTATA
bovine-CoV,TACTATTGA
bovine-CoV,TACTTTTGT
bovine-CoV,TAGTTGGCA
bovine-CoV,TATTAATGGG
bovine-CoV,TATTATAAT
bovine-CoV,TATTTAAAT
bovine-CoV,TATTTTTGCTAA
bovine-CoV,TGCTAAGGT
bovine-CoV,TGCTGCTAA
bovine-CoV,TGGTTATTAC
bovine-CoV,TGGTTTGTAT
bovine-CoV,TGTGTAGGTA
bovine-CoV,TGTTAATTA
bovine-CoV,TGTTACTAA
bovine-CoV,TTAATGAATG
bovine-CoV,TTACTAATGGT
bovine-CoV,TTAGTGCAG
bovine-CoV,TTGCTGGTG
bovine-CoV,TTGGTGCTAT
bovine-CoV,TTGTTAATG
bovine-CoV,TTGTTCAAACA
bovine-CoV,TTGTTCTACT
bovine-CoV,TTGTTTCCT
bovine-CoV,TTTACTAAT
bovine-CoV,TTTGTATTT
bovine-CoV,TTTTACAGA
bovine-CoV,TTTTACTAT
bovine-CoV,CCTGCAGGT
bovine-CoV,TAGTTGGCA
bovine-CoV,ACTGGTGTT
bovine-CoV,ACTGGTGTT
bovine-CoV,GACACTGGTGTT
bovine-CoV,GGTGTTGTT
bovine-CoV,TAATGTATA
bovine-CoV,TGTTACTAA
bovine-CoV,TTACTAATGGT
bovine-CoV,TTTAGGTAC
bovine-CoV,AAAATCAAA
bovine-CoV,AACCTGTAGGTG
bovine-CoV,AATAATACT
bovine-CoV,AATGCTGAA
bovine-CoV,AATGCTGAT
bovine-CoV,AATGGTTTA
bovine-CoV,ACTATAGGTA
bovine-CoV,ACTGGTGTT
bovine-CoV,ACTGGTGTT
bovine-CoV,ACTTATTAT
bovine-CoV,ACTTGTAATA
bovine-CoV,AGGTTAATG
bovine-CoV,AGTAAATGA
bovine-CoV,AGTGGTTATT
bovine-CoV,ATAACTATAG
bovine-CoV,ATAGGAGATTT
bovine-CoV,ATGATGTTG
bovine-CoV,ATGCTCTTG
bovine-CoV,ATGCTGTTG
bovine-CoV,ATGGCTTTT
bovine-CoV,ATGGTTTAAA
bovine-CoV,ATTAATGGG
bovine-CoV,ATTTTATTT
bovine-CoV,ATTTTGATAG
bovine-CoV,CAGCAGCAG
bovine-CoV,CATGATGTT
bovine-CoV,CTAATGGTA
bovine-CoV,CTATGGTTT
bovine-CoV,CTGGTATAG
bovine-CoV,CTGTTAATT
bovine-CoV,CTTTTAATT
bovine-CoV,GACACTGGTGTT
bovine-CoV,GACCTACAA
bovine-CoV,GACTTATTA
bovine-CoV,GCTCTTAAT
bovine-CoV,GGTAGTGGTTA
bovine-CoV,GGTAGTGGTT
bovine-CoV,GGTATTTTTG
bovine-CoV,GGTGTTGTT
bovine-CoV,GTAATATGG
bovine-CoV,GTAGGTAGTGGTT
bovine-CoV,GTTTCTGTT
bovine-CoV,TAACTATAGA
bovine-CoV,TAACTATAG
bovine-CoV,TAATGGTAATC
bovine-CoV,TACTAATTTTGA
bovine-CoV,TATTATAAT
bovine-CoV,TATTTAAAT
bovine-CoV,TATTTTTGCTAA
bovine-CoV,TGCTGCTAA
bovine-CoV,TGGTATAGG
bovine-CoV,TGGTTTGTAT
bovine-CoV,TGTTAATTAT
bovine-CoV,TGTTACTAA
bovine-CoV,TTAATGAATG
bovine-CoV,TTACTAATGGT
bovine-CoV,TTACTACCCT
bovine-CoV,TTACTATTGA
bovine-CoV,TTAGTGCAG
bovine-CoV,TTATTATGT
bovine-CoV,TTCTGCTTT
bovine-CoV,TTGAGGCTT
bovine-CoV,TTGCTGGTG
bovine-CoV,TTGGTGCTAT
bovine-CoV,TTGTAATAA
bovine-CoV,TTGTTAATG
bovine-CoV,TTGTTTTAA
bovine-CoV,TTTACTAAT
bovine-CoV,TTTACTATT
bovine-CoV,TTTCTGTTT
bovine-CoV,TTTGTATTTC
bovine-CoV,TTTTACAGA
bovine-CoV,TTTTGTTGAGG
bovine-CoV,TTACTAATGGT
bovine-CoV,AAAATCAAA
bovine-CoV,AAGATGGTGT
bovine-CoV,AATGCTGAA
bovine-CoV,AATGCTGAT
bovine-CoV,AATGGTTTA
bovine-CoV,ACCTTTTAT
bovine-CoV,ACTATAGGTA
bovine-CoV,ACTGGTGTT
bovine-CoV,ACTGGTGTT
bovine-CoV,ACTTATTAT
bovine-CoV,ACTTGTAATA
bovine-CoV,AGATTTGGT
bovine-CoV,AGGTTAATG
bovine-CoV,AGTAAAGTT
bovine-CoV,AGTAAATGA
bovine-CoV,AGTGGTTAC
bovine-CoV,AGTGGTTATT
bovine-CoV,ATAACTATAG
bovine-CoV,ATAGGAGATTT
bovine-CoV,ATGATGTTG
bovine-CoV,ATGCTCTTG
bovine-CoV,ATGCTGTTG
bovine-CoV,CAGCAGCAG
bovine-CoV,CATGATGTT
bovine-CoV,CCTGCAGGT
bovine-CoV,CGATTGCAATA
bovine-CoV,CTAATGGTA
bovine-CoV,CTGATTTTA
bovine-CoV,CTGTTAATT
bovine-CoV,CTTTTAATT
bovine-CoV,CTTTTAATT
bovine-CoV,CTTTTAATT
bovine-CoV,GACACTGGTGTT
bovine-CoV,GACCTACAA
bovine-CoV,GACTTATTA
bovine-CoV,GCTCTTAAT
bovine-CoV,GGTAATGGT
bovine-CoV,GGTAGTGGTTA
bovine-CoV,GGTGTTGTT
bovine-CoV,GGTTACACT
bovine-CoV,GTAATATGG
bovine-CoV,TAATGGTAATC
bovine-CoV,TAATGGTATT
bovine-CoV,TAATGGTAT
bovine-CoV,TAATGGTAT
bovine-CoV,TAATGGTTT
bovine-CoV,TAGTTGGCA
bovine-CoV,TATTAATGG
bovine-CoV,TATTATAAT
bovine-CoV,TATTTAAAT
bovine-CoV,TATTTTTGCTAA
bovine-CoV,TGCTGCTAA
bovine-CoV,TGGCATAGG
bovine-CoV,TGGTTATTAC
bovine-CoV,TGGTTTAAA
bovine-CoV,TGGTTTGTAT
bovine-CoV,TGTTAATTAT
bovine-CoV,TGTTACTAA
bovine-CoV,TTAAAGATGG
bovine-CoV,TTAATGAATG
bovine-CoV,TTAATTATA
bovine-CoV,TTACTAATGGT
bovine-CoV,TTACTATTGA
bovine-CoV,TTAGTGCAG
bovine-CoV,TTATTATGT
bovine-CoV,TTCTATTTAA
bovine-CoV,TTCTGCTTT
bovine-CoV,TTGAGGCTT
bovine-CoV,TTGCTGGTG
bovine-CoV,TTGGGTAAT
bovine-CoV,TTGGTGCTAT
bovine-CoV,TTGTTAATG
bovine-CoV,TTTACTAAT
bovine-CoV,TTTACTATT
bovine-CoV,TTTGTATTT
bovine-CoV,TTTTACAGA
bovine-CoV,AAAATCAAA
bovine-CoV,AATAATACT
bovine-CoV,AATGCTGAA
bovine-CoV,AATGCTGAT
bovine-CoV,AATGGTTTA
bovine-CoV,ACTATAGGTA
bovine-CoV,ACTGGTGTT
bovine-CoV,ACTGGTGTT
bovine-CoV,ACTTATTAT
bovine-CoV,ACTTGTAATA
bovine-CoV,ACTTTAGCT
bovine-CoV,AGGTTAATG
bovine-CoV,AGTAAATGA
bovine-CoV,AGTCAAAAT
bovine-CoV,AGTGGTTATT
bovine-CoV,ATAACTATAG
bovine-CoV,ATAGGAGATTT
bovine-CoV,ATGATGTTG
bovine-CoV,ATGCTGTTG
bovine-CoV,ATGGTATTA
bovine-CoV,ATGGTGTTA
bovine-CoV,ATGGTTTAAA
bovine-CoV,ATTTTATTT
bovine-CoV,ATTTTGATA
bovine-CoV,CACTGTTCAG
bovine-CoV,CAGCAGCAG
bovine-CoV,CCTGCAGGT
bovine-CoV,CGATTGTAATA
bovine-CoV,CTAATGGTA
bovine-CoV,CTACTAATT
bovine-CoV,CTATGGTTT
bovine-CoV,CTTTGACTT
bovine-CoV,CTTTTAATT
bovine-CoV,CTTTTAATT
bovine-CoV,CTTTTAATT
bovine-CoV,GACACTGGTGTT
bovine-CoV,GACTTATTA
bovine-CoV,GATTTTACTA
bovine-CoV,GCTCTTAAT
bovine-CoV,GGTAGTGGTTA
bovine-CoV,GGTAGTGGTT
bovine-CoV,GGTATTTTTG
bovine-CoV,GGTGTTGTT
bovine-CoV,GTAGGTAGTGGTT
bovine-CoV,GTTATAATG
bovine-CoV,TAATAGTTT
bovine-CoV,TAATGGTAATC
bovine-CoV,TAATGGTATT
bovine-CoV,TAATGTATA
bovine-CoV,TACTAATTAT
bovine-CoV,TACTATTGA
bovine-CoV,TACTTTTGT
bovine-CoV,TATTAATGGG
bovine-CoV,TATTATAAT
bovine-CoV,TATTTAAAT
bovine-CoV,TATTTTTGCTAA
bovine-CoV,TGCTGCTAA
bovine-CoV,TGGCATTGG
bovine-CoV,TGGTTATTAC
bovine-CoV,TGGTTTGTAT
bovine-CoV,TGTTAATTAT
bovine-CoV,TGTTACTAA
bovine-CoV,TGTTTGTGT
bovine-CoV,TTAATGAATG
bovine-CoV,TTAATTATA
bovine-CoV,TTACTAATGGT
bovine-CoV,TTAGTGCAG
bovine-CoV,TTGCTGGTG
bovine-CoV,TTGGTGCTAT
bovine-CoV,TTGTAATAG
bovine-CoV,TTGTTAATG
bovine-CoV,TTGTTCTACT
bovine-CoV,TTGTTTCCT
bovine-CoV,TTGTTTTAA
bovine-CoV,TTTACTAAT
bovine-CoV,TTTGTATTTT
bovine-CoV,TTTTACAGA
bovine-CoV,TTTTACTAT
bovine-CoV,AAAATCAAA
bovine-CoV,AAGATGGTGT
bovine-CoV,AATGCTGAA
bovine-CoV,AATGCTGAT
bovine-CoV,AATGGTTTA
bovine-CoV,ACAGGTGTT
bovine-CoV,ACTATAGGTA
bovine-CoV,ACTTATTAT
bovine-CoV,ACTTGTAATA
bovine-CoV,AGATTTGGT
bovine-CoV,AGGTTAATG
bovine-CoV,AGTAAAGTT
bovine-CoV,AGTAAATGA
bovine-CoV,AGTGGTTAC
bovine-CoV,AGTGGTTATT
bovine-CoV,ATAACTATAG
bovine-CoV,ATAGGAGATTT
bovine-CoV,ATGATGTTG
bovine-CoV,ATGCTCTTG
bovine-CoV,ATGCTGTTG
bovine-CoV,CAGCAGCAG
bovine-CoV,CATGATGTT
bovine-CoV,CCTGCAGGT
bovine-CoV,CTAATGGTA
bovine-CoV,CTGATTTTA
bovine-CoV,CTGTTAATT
bovine-CoV,CTTTTAATT
bovine-CoV,CTTTTAATT
bovine-CoV,CTTTTAATT
bovine-CoV,GACCTACAA
bovine-CoV,GCTCTTAAT
bovine-CoV,GGTAGTGGTTA
bovine-CoV,GGTAGTGGTT
bovine-CoV,GGTTACACT
bovine-CoV,GTAATATGG
bovine-CoV,GTAGGTAGTGGTT
bovine-CoV,GTGGTTACT
bovine-CoV,GTTTCTGTT
bovine-CoV,TAATGGTAATC
bovine-CoV,TAATGGTATT
bovine-CoV,TAATGGTAT
bovine-CoV,TAATGGTAT
bovine-CoV,TAATTTTAAT
bovine-CoV,TAGTTGGCA
bovine-CoV,TATTAATGG
bovine-CoV,TATTATAAT
bovine-CoV,TATTTAAAT
bovine-CoV,TATTTTTGCTAA
bovine-CoV,TGCTGCTAA
bovine-CoV,TGGCATAGG
bovine-CoV,TGGTTATTAC
bovine-CoV,TGGTTTAAA
bovine-CoV,TGGTTTGTAT
bovine-CoV,TGTTAATTAT
bovine-CoV,TTAAAGATGG
bovine-CoV,TTAATGAATG
bovine-CoV,TTAATTATA
bovine-CoV,TTACTAATGGT
bovine-CoV,TTACTATTGA
bovine-CoV,TTAGTGCAG
bovine-CoV,TTATTATGT
bovine-CoV,TTCTGCTTT
bovine-CoV,TTGAGGCTT
bovine-CoV,TTGCTGGTG
bovine-CoV,TTGGGTAAT
bovine-CoV,TTGGTGCTAT
bovine-CoV,TTGTAATAA
bovine-CoV,TTGTTAATG
bovine-CoV,TTGTTTTAA
bovine-CoV,TTTACTAAT
bovine-CoV,TTTACTATT
bovine-CoV,TTTGTATTTC
bovine-CoV,TTTTACAGA
bovine-CoV,AAAACCAAA
bovine-CoV,AAGATGGTGT
bovine-CoV,AATAATACT
bovine-CoV,AATGCTGAA
bovine-CoV,AATGCTGAT
bovine-CoV,AATGGTTTA
bovine-CoV,ACTATAGGTA
bovine-CoV,ACTGGTGTT
bovine-CoV,ACTGGTGTT
bovine-CoV,ACTTATTAT
bovine-CoV,ACTTGTAATA
bovine-CoV,AGGTTAATG
bovine-CoV,AGTAAATGA
bovine-CoV,AGTGGTTATT
bovine-CoV,AGTTTCTGT
bovine-CoV,ATAACTATAG
bovine-CoV,ATATGAGTA
bovine-CoV,ATGATGTTG
bovine-CoV,ATGCTGTTG
bovine-CoV,ATGGTTTAAA
bovine-CoV,ATTAATGGG
bovine-CoV,ATTATACTA
bovine-CoV,ATTTTATTT
bovine-CoV,ATTTTTGCTAA
bovine-CoV,CAGCAGCAG
bovine-CoV,CATGATGTT
bovine-CoV,CATTCTTGG
bovine-CoV,CCTGCAGGT
bovine-CoV,CTAAAGTTA
bovine-CoV,CTATGGTTT
bovine-CoV,CTGATTTTA
bovine-CoV,CTGGTATAG
bovine-CoV,CTGTTAATT
bovine-CoV,GACACTGGTGTT
bovine-CoV,GACCTACAA
bovine-CoV,GACTTATTA
bovine-CoV,GCTCTTAAT
bovine-CoV,GGTAGTGGTTA
bovine-CoV,GTAATATGG
bovine-CoV,GTGTTGTCA
bovine-CoV,TAACTATAGA
bovine-CoV,TAACTATAG
bovine-CoV,TAATATTGA
bovine-CoV,TAATGGTAATC
bovine-CoV,TAGGAGATTT
bovine-CoV,TATTATAAT
bovine-CoV,TATTTAAAT
bovine-CoV,TGCTGTTGTA
bovine-CoV,TGGTATAGG
bovine-CoV,TGGTTATTAC
bovine-CoV,TGGTTTGTAT
bovine-CoV,TGTAATATT
bovine-CoV,TGTTAATTAT
bovine-CoV,TTAAAGATGG
bovine-CoV,TTAATGAATG
bovine-CoV,TTACTATTGA
bovine-CoV,TTAGTGCAG
bovine-CoV,TTATTATGT
bovine-CoV,TTCTGCTTT
bovine-CoV,TTGAGGCTT
bovine-CoV,TTGCTGGTG
bovine-CoV,TTGGTGCTAT
bovine-CoV,TTGTTAATG
bovine-CoV,TTGTTTTAA
bovine-CoV,TTTACTATT
bovine-CoV,TTTCTGTTT
bovine-CoV,TTTGTATTT
bovine-CoV,TTTTACAGA
bovine-CoV,TTTTGTTGAGG
bovine-CoV,AATAGTGGTA
bovine-CoV,AAAACCAAA
bovine-CoV,AATGCTGAA
bovine-CoV,AATGCTGAT
bovine-CoV,AATGGTTTA
bovine-CoV,ACTATAGGTA
bovine-CoV,ACTGGTGTT
bovine-CoV,ACTGGTGTT
bovine-CoV,ACTTATTAT
bovine-CoV,ACTTGTAATA
bovine-CoV,AGGTTAATG
bovine-CoV,AGTAAAGTT
bovine-CoV,AGTAAATGA
bovine-CoV,ATAACTATAG
bovine-CoV,ATGATGTTG
bovine-CoV,ATGCTCTTG
bovine-CoV,ATGCTGTTG
bovine-CoV,CAGCAGCAG
bovine-CoV,CCTGCAGGT
bovine-CoV,CGATTGTAATA
bovine-CoV,CTAATGGTA
bovine-CoV,CTGATTTTA
bovine-CoV,CTGCTTTTG
bovine-CoV,CTGGTATAG
bovine-CoV,CTGTTAATT
bovine-CoV,CTTTGACTT
bovine-CoV,CTTTTAATT
bovine-CoV,GACACTGGTGTT
bovine-CoV,GACCTACAA
bovine-CoV,GACTTATTA
bovine-CoV,GCTCTTAAT
bovine-CoV,GGTAGTGGTTA
bovine-CoV,GGTAGTGGTT
bovine-CoV,GGTGTTGTT
bovine-CoV,GTAATATGG
bovine-CoV,GTAGGTAGTGGTT
bovine-CoV,GTTTCTGTT
bovine-CoV,TAACTATAGA
bovine-CoV,TAACTATAG
bovine-CoV,TAATATTGA
bovine-CoV,TAATGGTAATC
bovine-CoV,TAATGGTATT
bovine-CoV,TAATGGTAT
bovine-CoV,TAATGGTAT
bovine-CoV,TAGGTACTT
bovine-CoV,TAGTTGGCA
bovine-CoV,TATTAATGG
bovine-CoV,TATTATAAT
bovine-CoV,TATTTAAAT
bovine-CoV,TATTTTTGC
bovine-CoV,TGGTTATTAC
bovine-CoV,TGGTTTAAA
bovine-CoV,TGGTTTGTAT
bovine-CoV,TGTAATATT
bovine-CoV,TGTTAATTAT
bovine-CoV,TGTTACTAA
bovine-CoV,TTAATGAATG
bovine-CoV,TTACTAATGGT
bovine-CoV,TTACTATTGA
bovine-CoV,TTATTATGT
bovine-CoV,TTGAGGCTT
bovine-CoV,TTGCTGGTG
bovine-CoV,TTGGGTAAT
bovine-CoV,TTGGTGCTAT
bovine-CoV,TTGTAATAA
bovine-CoV,TTGTTTATG
bovine-CoV,TTGTTTCCT
bovine-CoV,TTGTTTGTG
bovine-CoV,TTGTTTTAA
bovine-CoV,TTTACTAAT
bovine-CoV,TTTACTATT
bovine-CoV,TTTGTATTTT
bovine-CoV,TTTTACAGA
bovine-CoV,TTTTGTTGAGG
bovine-CoV,AAAATCAAA
bovine-CoV,AAGATGGTGT
bovine-CoV,AATAATACT
bovine-CoV,AATGCTGAT
bovine-CoV,AATGGTTTA
bovine-CoV,ACTATAGGTA
bovine-CoV,ACTGGTGTT
bovine-CoV,ACTGGTGTT
bovine-CoV,ACTTATTAT
bovine-CoV,ACTTGTAATA
bovine-CoV,AGATTTGGT
bovine-CoV,AGGTTAATG
bovine-CoV,AGTAAAGTT
bovine-CoV,AGTAAATGA
bovine-CoV,AGTCTGTTT
bovine-CoV,ATAACTATAG
bovine-CoV,ATAGGAGATTT
bovine-CoV,ATGATGTTG
bovine-CoV,ATGCTCTTG
bovine-CoV,CAATACCCAA
bovine-CoV,CAGCAGCAG
bovine-CoV,CGATTGTAATA
bovine-CoV,CTAATGGTA
bovine-CoV,CTGATTTTA
bovine-CoV,CTGCTTTTG
bovine-CoV,CTGTTAATT
bovine-CoV,CTTTGACTT
bovine-CoV,CTTTTAATT
bovine-CoV,CTTTTAATT
bovine-CoV,CTTTTAATT
bovine-CoV,GACACTGGTGTT
bovine-CoV,GACCTACAA
bovine-CoV,GACTTATTA
bovine-CoV,GCTCTTAAT
bovine-CoV,GGTAGTGGTTA
bovine-CoV,GGTAGTGGTT
bovine-CoV,GGTATTTTTG
bovine-CoV,GGTGTTGTT
bovine-CoV,GTAATATGG
bovine-CoV,GTAGGTAGTGGTT
bovine-CoV,GTTATAATG
bovine-CoV,GTTTCTGTT
bovine-CoV,TAAATACTAC
bovine-CoV,TAATATTGA
bovine-CoV,TAATGGTAATC
bovine-CoV,TAATGGTAT
bovine-CoV,TAGTTGGCA
bovine-CoV,TATGGCATTG
bovine-CoV,TATTAATGGG
bovine-CoV,TATTATAAT
bovine-CoV,TATTTAAAT
bovine-CoV,TATTTTTGCTAA
bovine-CoV,TCAAGAAGG
bovine-CoV,TCATGATGTT
bovine-CoV,TGGTTATTAC
bovine-CoV,TGGTTTAAA
bovine-CoV,TGGTTTGTAT
bovine-CoV,TGTAATATT
bovine-CoV,TGTTAATTAT
bovine-CoV,TGTTACTAA
bovine-CoV,TTAAAGATGG
bovine-CoV,TTAATGAATG
bovine-CoV,TTAATTATA
bovine-CoV,TTACTAATGGT
bovine-CoV,TTACTATTGA
bovine-CoV,TTAGTGCAG
bovine-CoV,TTATGTAAA
bovine-CoV,TTATTATGT
bovine-CoV,TTCTGCTTT
bovine-CoV,TTGAGGCTT
bovine-CoV,TTGCTGGTG
bovine-CoV,TTGGGTAAT
bovine-CoV,TTGGTGCTAT
bovine-CoV,TTGTAATAA
bovine-CoV,TTGTTTATG
bovine-CoV,TTGTTTGTG
bovine-CoV,TTGTTTTAA
bovine-CoV,TTTAAAGCT
bovine-CoV,TTTACTAAT
bovine-CoV,TTTACTATT
bovine-CoV,TTTGTATTT
bovine-CoV,TTTTACAGA
bovine-CoV,TTTTGTTGAGG
bovine-CoV,AAAACATCA
bovine-CoV,AAAATCAAA
bovine-CoV,AAGATGGTGT
bovine-CoV,AATGCTGAA
bovine-CoV,AATGCTGAT
bovine-CoV,AATGGTTTA
bovine-CoV,ACTATAGGTA
bovine-CoV,ACTGGTGTT
bovine-CoV,ACTGGTGTT
bovine-CoV,ACTTATTAT
bovine-CoV,ACTTGTAATA
bovine-CoV,AGAGCTACA
bovine-CoV,AGATTTGGT
bovine-CoV,AGGTTAATG
bovine-CoV,AGTAAAGTT
bovine-CoV,AGTGGTTAC
bovine-CoV,AGTGGTTATT
bovine-CoV,ATAACTATAG
bovine-CoV,ATAGGAGATTT
bovine-CoV,ATGATGTTG
bovine-CoV,ATGCTGTTG
bovine-CoV,ATTGATACT
bovine-CoV,CAGCAGCAG
bovine-CoV,CGATTGCAATA
bovine-CoV,CTAATGGTA
bovine-CoV,CTACCAATT
bovine-CoV,CTGATTTTA
bovine-CoV,CTGTTAATT
bovine-CoV,CTGTTATAG
bovine-CoV,CTTTTAATT
bovine-CoV,CTTTTAATT
bovine-CoV,CTTTTAATT
bovine-CoV,GACACTGGTGTT
bovine-CoV,GACTTATTA
bovine-CoV,GCTCTTAAT
bovine-CoV,GGTAGTGGTTA
bovine-CoV,GGTAGTGGTT
bovine-CoV,GGTATTTTTG
bovine-CoV,GGTGTTGTT
bovine-CoV,GGTTACACT
bovine-CoV,GGTTTGTAT
bovine-CoV,GTAATATGG
bovine-CoV,GTAGGTAGTGGTT
bovine-CoV,GTTAATGAAT
bovine-CoV,GTTTCTGTT
bovine-CoV,TAATGGTAATC
bovine-CoV,TAATGGTATT
bovine-CoV,TAATGGTAT
bovine-CoV,TAATGGTAT
bovine-CoV,TAGTTGGCA
bovine-CoV,TATTAATGG
bovine-CoV,TATTATAAT
bovine-CoV,TATTTAAAT
bovine-CoV,TATTTTTGCTAA
bovine-CoV,TCATGATGTT
bovine-CoV,TGCTGCTAA
bovine-CoV,TGGCATAGG
bovine-CoV,TGTTAATTAT
bovine-CoV,TGTTACTAA
bovine-CoV,TTAAAGATGG
bovine-CoV,TTAATGAATG
bovine-CoV,TTAATGAAT
bovine-CoV,TTAATTATA
bovine-CoV,TTACTAATGGT
bovine-CoV,TTACTACCCT
bovine-CoV,TTACTATTGA
bovine-CoV,TTAGTGCAG
bovine-CoV,TTATGTAAA
bovine-CoV,TTATTATGT
bovine-CoV,TTCTGCTTT
bovine-CoV,TTGAGGCTT
bovine-CoV,TTGCTGGTG
bovine-CoV,TTGGTGCTAT
bovine-CoV,TTGGTGCTA
bovine-CoV,TTGTTTATG
bovine-CoV,TTGTTTTAA
bovine-CoV,TTTACTAAT
bovine-CoV,TTTACTATT
bovine-CoV,TTTGGTGCTA
bovine-CoV,TTTGTATTTT
bovine-CoV,TTTTACAGA
bovine-CoV,TTTTGTTGAGG
bovine-CoV,AAAATCAAA
bovine-CoV,AAGATGGTGT
bovine-CoV,AATAATACT
bovine-CoV,AATGCTGAA
bovine-CoV,AATGCTGAT
bovine-CoV,AATGGTTTA
bovine-CoV,ACTATAGGTA
bovine-CoV,ACTGGTGTT
bovine-CoV,ACTGGTGTT
bovine-CoV,ACTTATTAT
bovine-CoV,ACTTGTAATA
bovine-CoV,AGATTTGGT
bovine-CoV,AGGTTAATG
bovine-CoV,AGTAAAGTT
bovine-CoV,AGTAAATGA
bovine-CoV,AGTGGTTAC
bovine-CoV,AGTGGTTATT
bovine-CoV,ATAACTATAG
bovine-CoV,ATAGGAGATTT
bovine-CoV,ATGATGTTG
bovine-CoV,ATGCTGTTG
bovine-CoV,CATGATGTT
bovine-CoV,CGATTGCAATA
bovine-CoV,CTAATGGTA
bovine-CoV,CTGTTAATT
bovine-CoV,CTTTGACTT
bovine-CoV,CTTTTAATT
bovine-CoV,CTTTTAATT
bovine-CoV,CTTTTAATT
bovine-CoV,GACACTGGTGTT
bovine-CoV,GACCTACAA
bovine-CoV,GACTTATTA
bovine-CoV,GCTCTTAAT
bovine-CoV,GCTGGTGTA
bovine-CoV,GGTAGTGGTTA
bovine-CoV,GGTAGTGGT
bovine-CoV,GGTGTTGTT
bovine-CoV,GGTTACACT
bovine-CoV,GGTTTGTAT
bovine-CoV,GTAATATGG
bovine-CoV,GTAGGTAGTGGT
bovine-CoV,GTTTCTGTT
bovine-CoV,TAATGGTAATC
bovine-CoV,TAATGGTATT
bovine-CoV,TAATGGTAT
bovine-CoV,TAATGGTAT
bovine-CoV,TAGTTGGCA
bovine-CoV,TATAGTGTG
bovine-CoV,TATGGCATTG
bovine-CoV,TATTAATGG
bovine-CoV,TATTATAAT
bovine-CoV,TATTTAAAT
bovine-CoV,TATTTTTGCTAA
bovine-CoV,TGCTGCTAA
bovine-CoV,TGGCATAGG
bovine-CoV,TGGTTATTAC
bovine-CoV,TGGTTTAAA
bovine-CoV,TGTTAATTAT
bovine-CoV,TGTTACTAA
bovine-CoV,TGTTTCCTG
bovine-CoV,TTAAAGATGG
bovine-CoV,TTAATGAATG
bovine-CoV,TTAATTATA
bovine-CoV,TTACTAATGGT
bovine-CoV,TTACTATTGA
bovine-CoV,TTAGTGCAG
bovine-CoV,TTATGTAAA
bovine-CoV,TTATTATGT
bovine-CoV,TTCTGCTTT
bovine-CoV,TTGAGGCTT
bovine-CoV,TTGCTGGTG
bovine-CoV,TTGGGTAAT
bovine-CoV,TTGGTGCTAT
bovine-CoV,TTGTTTATG
bovine-CoV,TTGTTTTAA
bovine-CoV,TTTACTAAT
bovine-CoV,TTTACTATT
bovine-CoV,TTTGTATTT
bovine-CoV,TTTTACAGA
bovine-CoV,TTTTGTTGAGG
bovine-CoV,AAAATCAAA
bovine-CoV,AAGATGGTGT
bovine-CoV,AATGGTTTA
bovine-CoV,ACTATAGGTA
bovine-CoV,ACTGGTGTT
bovine-CoV,ACTGGTGTT
bovine-CoV,ACTTATTAT
bovine-CoV,ACTTGTAATA
bovine-CoV,AGATTTGGT
bovine-CoV,AGTAAAGTT
bovine-CoV,AGTGGTTAC
bovine-CoV,AGTGGTTATT
bovine-CoV,ATAACTATAG
bovine-CoV,ATAGGAGATTT
bovine-CoV,ATGCTCTTG
bovine-CoV,ATGCTGTTG
bovine-CoV,ATGGTGTTA
bovine-CoV,CAATCTGTT
bovine-CoV,CAGCAGCAG
bovine-CoV,CCTGCAGGT
bovine-CoV,CGATTGCAATA
bovine-CoV,CGCTCTTAAT
bovine-CoV,CTAATGGTA
bovine-CoV,CTGATTTTA
bovine-CoV,CTGTTAATT
bovine-CoV,CTTTTAATT
bovine-CoV,CTTTTAATT
bovine-CoV,CTTTTAATT
bovine-CoV,GACACTGGTGTT
bovine-CoV,GACCTACAA
bovine-CoV,GACTTATTA
bovine-CoV,GCTTTTAAT
bovine-CoV,GGTAGTGGTTA
bovine-CoV,GGTAGTGGTT
bovine-CoV,GGTGTTGTT
bovine-CoV,GGTTACACT
bovine-CoV,GTAATATGG
bovine-CoV,GTAGGTAGTGGTT
bovine-CoV,GTTTCTGTT
bovine-CoV,TAATGGTAATC
bovine-CoV,TAATGGTATT
bovine-CoV,TAATGGTAT
bovine-CoV,TAATGGTAT
bovine-CoV,TAGTTGGCA
bovine-CoV,TATTAATGG
bovine-CoV,TATTATAAT
bovine-CoV,TATTTTTGCTAA
bovine-CoV,TCTATTAGC
bovine-CoV,TGGCATAGG
bovine-CoV,TGGTGTTAC
bovine-CoV,TGGTTATTAC
bovine-CoV,TGGTTTAAA
bovine-CoV,TGGTTTGTAT
bovine-CoV,TGTTAATTAT
bovine-CoV,TGTTACTAA
bovine-CoV,TTAAAGATGG
bovine-CoV,TTAATGAATG
bovine-CoV,TTAATTATA
bovine-CoV,TTACTAATGGT
bovine-CoV,TTACTATTGA
bovine-CoV,TTAGTGCAG
bovine-CoV,TTATTATGT
bovine-CoV,TTCTGCTTT
bovine-CoV,TTGACACTAC
bovine-CoV,TTGAGGCTT
bovine-CoV,TTGCTGGTG
bovine-CoV,TTGGGTAAT
bovine-CoV,TTGGTGCTAT
bovine-CoV,TTGTTAATG
bovine-CoV,TTGTTTCCT
bovine-CoV,TTGTTTTAA
bovine-CoV,TTTACTAAT
bovine-CoV,TTTACTATT
bovine-CoV,TTTGTATTT
bovine-CoV,TTTTACAGA
bovine-CoV,TTTTGTTGAGG
bovine-CoV,AAAATCAAA
bovine-CoV,AAGATGGTGT
bovine-CoV,AATGCTGAA
bovine-CoV,AATGCTGAT
bovine-CoV,AATGGTTTA
bovine-CoV,ACTAATGGT
bovine-CoV,ACTATAGGTA
bovine-CoV,ACTGGTGTT
bovine-CoV,ACTTATTAT
bovine-CoV,ACTTGTAATA
bovine-CoV,AGATTTGGT
bovine-CoV,AGGTTAATG
bovine-CoV,AGTAAAGTT
bovine-CoV,AGTAAATGA
bovine-CoV,AGTGGTTAC
bovine-CoV,ATAACTATAG
bovine-CoV,ATAGGAGATTT
bovine-CoV,ATGATGTTG
bovine-CoV,ATGCTGTTG
bovine-CoV,ATTTTGGGT
bovine-CoV,CAGCAGCAG
bovine-CoV,CATGATGTT
bovine-CoV,CGATTGCAATA
bovine-CoV,CTAATGGTA
bovine-CoV,CTGATTTCA
bovine-CoV,CTGTTAATT
bovine-CoV,CTTTTAATT
bovine-CoV,GACACTGGTG
bovine-CoV,GACCTACAA
bovine-CoV,GACTTATTA
bovine-CoV,GCTCTTAAT
bovine-CoV,GGTAGTGGTT
bovine-CoV,GGTAGTGGTT
bovine-CoV,GGTGTTGTT
bovine-CoV,GGTTACACT
bovine-CoV,GGTTTGTAT
bovine-CoV,GTAATATGG
bovine-CoV,GTAGGTAGTGGTT
bovine-CoV,GTTTCTGTT
bovine-CoV,TAATGGTAATC
bovine-CoV,TAATGGTATT
bovine-CoV,TAATGGTAT
bovine-CoV,TAATGGTAT
bovine-CoV,TATAGTGTG
bovine-CoV,TATTAATGG
bovine-CoV,TATTATAAT
bovine-CoV,TATTTAAAT
bovine-CoV,TATTTTTGCTAA
bovine-CoV,TGCTGCTAA
bovine-CoV,TGGTTTAAA
bovine-CoV,TGGTTTTAC
bovine-CoV,TGTTAATTAT
bovine-CoV,TGTTACTAA
bovine-CoV,TGTTTCCTG
bovine-CoV,TTAAAGATGG
bovine-CoV,TTAATGAATG
bovine-CoV,TTACTATTGA
bovine-CoV,TTAGTGCAG
bovine-CoV,TTATGTAAA
bovine-CoV,TTATTATGT
bovine-CoV,TTCTGCTTT
bovine-CoV,TTGAGGCTT
bovine-CoV,TTGCTGGTG
bovine-CoV,TTGGGTAAT
bovine-CoV,TTGGTGCTAT
bovine-CoV,TTGTTTATG
bovine-CoV,TTGTTTTAA
bovine-CoV,TTTACTATT
bovine-CoV,TTTGTATTTT
bovine-CoV,TTTTACAGA
bovine-CoV,TTTTGGGTT
bovine-CoV,TTTTGTTGAGG
bovine-CoV,AAAACCAAA
bovine-CoV,AATGCTGAT
bovine-CoV,AATGGTTTA
bovine-CoV,ACTATAGGTA
bovine-CoV,ACTTATTAT
bovine-CoV,ACTTGTAATA
bovine-CoV,AGGAAGGTT
bovine-CoV,AGGTTAATG
bovine-CoV,AGTAAAGTT
bovine-CoV,AGTAAATGA
bovine-CoV,AGTGGTTATT
bovine-CoV,ATAACTATAG
bovine-CoV,ATGATGTTG
bovine-CoV,ATGCTCTTG
bovine-CoV,ATGCTGTTG
bovine-CoV,ATTTTATTT
bovine-CoV,CACTGGTGTT
bovine-CoV,CACTGGTGTT
bovine-CoV,CAGCAGCAG
bovine-CoV,CCTGCAGGT
bovine-CoV,CTAATGGTA
bovine-CoV,CTGATTTTA
bovine-CoV,CTTTGACTT
bovine-CoV,CTTTTAATT
bovine-CoV,CTTTTAATT
bovine-CoV,CTTTTAATT
bovine-CoV,GACACTGGTGTT
bovine-CoV,GACCTACAA
bovine-CoV,GCTCTTAAT
bovine-CoV,GCTTTTAAT
bovine-CoV,GGTAGTGGTTA
bovine-CoV,GGTAGTGGTT
bovine-CoV,GGTGTTGTT
bovine-CoV,GGTTTGTAT
bovine-CoV,GTAATATGG
bovine-CoV,GTAGGTAGTGGTT
bovine-CoV,GTTTCTGTT
bovine-CoV,TAATATTGA
bovine-CoV,TAATGGTAATC
bovine-CoV,TAATGGTATT
bovine-CoV,TAATGGTAT
bovine-CoV,TAATGGTAT
bovine-CoV,TAGGTACTT
bovine-CoV,TAGTTGGCA
bovine-CoV,TATTAATGG
bovine-CoV,TATTATAAT
bovine-CoV,TATTTAAAT
bovine-CoV,TATTTTTGCTAA
bovine-CoV,TCATGATGTT
bovine-CoV,TGGTTATTAC
bovine-CoV,TGGTTTAAA
bovine-CoV,TGTAATATT
bovine-CoV,TGTTAATTAT
bovine-CoV,TGTTACTAA
bovine-CoV,TTAATGAATG
bovine-CoV,TTAATTATA
bovine-CoV,TTACTAATGGT
bovine-CoV,TTACTATTGA
bovine-CoV,TTAGTGCAG
bovine-CoV,TTATTATGT
bovine-CoV,TTCTGCTTT
bovine-CoV,TTGCTGGTG
bovine-CoV,TTGGTGCTAT
bovine-CoV,TTGTTAATG
bovine-CoV,TTGTTTGTG
bovine-CoV,TTGTTTTAA
bovine-CoV,TTTAAATAC
bovine-CoV,TTTAATGAA
bovine-CoV,TTTACTAAT
bovine-CoV,TTTACTATT
bovine-CoV,TTTGTATTT
bovine-CoV,TTTTACAGA
bovine-CoV,TTTTGTTGA
bovine-CoV,AATGCTGAT
bovine-CoV,ACTGGTGTT
bovine-CoV,ACTTGTAATA
bovine-CoV,ATAACTATAG
bovine-CoV,CATGATGTT
bovine-CoV,CCTGCAGGT
bovine-CoV,CTAATGGTA
bovine-CoV,CTATGGTTT
bovine-CoV,CTGGTATAG
bovine-CoV,GGTATTTTTG
bovine-CoV,GGTGTTGTT
bovine-CoV,GTAGGTAGTGGTT
bovine-CoV,GTTTCTGTT
bovine-CoV,TAACTATAGA
bovine-CoV,TAACTATAG
bovine-CoV,TAATAATATT
bovine-CoV,TATTTTTGCTAA
bovine-CoV,TGCTGCTAA
bovine-CoV,TGGTATAGG
bovine-CoV,TGTTACTAA
bovine-CoV,TTACTAATGGT
bovine-CoV,TTATTATGT
bovine-CoV,TTTACTAAT
bovine-CoV,TTTTACAGA
bovine-CoV,AAAATCAAA
bovine-CoV,AATAATACT
bovine-CoV,AATAGTGGTA
bovine-CoV,AATGCTGAA
bovine-CoV,AATGCTGAT
bovine-CoV,AATGGTTTAA
bovine-CoV,AATGGTTTA
bovine-CoV,AATGGTTTA
bovine-CoV,ACTATAGGTA
bovine-CoV,ACTGGTGTT
bovine-CoV,ACTGGTGTT
bovine-CoV,ACTTATTAT
bovine-CoV,ACTTGTAATA
bovine-CoV,AGATTTGGT
bovine-CoV,AGGAGATTT
bovine-CoV,AGGTTAATG
bovine-CoV,AGTAAATGA
bovine-CoV,AGTGGTTATT
bovine-CoV,ATAACTATAG
bovine-CoV,ATGATGTTG
bovine-CoV,ATGCTCTTG
bovine-CoV,ATGCTGTTG
bovine-CoV,ATGGTGTTA
bovine-CoV,ATGGTTTAAA
bovine-CoV,ATGGTTTAA
bovine-CoV,ATTTTATTT
bovine-CoV,CAGCAGCAG
bovine-CoV,CCTGCAGGT
bovine-CoV,CGATTGTAATA
bovine-CoV,CTAATGGTA
bovine-CoV,CTACCAATT
bovine-CoV,CTATGGTTT
bovine-CoV,CTGATTTTA
bovine-CoV,CTTTTAATT
bovine-CoV,GACACTGGTGTT
bovine-CoV,GACCTACAA
bovine-CoV,GACTTATTA
bovine-CoV,GATTTGTCA
bovine-CoV,GCTCTTAAT
bovine-CoV,GGTAATGGT
bovine-CoV,GGTAGTGGTTA
bovine-CoV,GGTATTTTTG
bovine-CoV,GGTGTTGTT
bovine-CoV,GTTTAATGT
bovine-CoV,GTTTCTGTT
bovine-CoV,TAACTATAGA
bovine-CoV,TAACTATAG
bovine-CoV,TAATGGTAATC
bovine-CoV,TAATGGTAT
bovine-CoV,TAGTTGGCA
bovine-CoV,TATTATAAT
bovine-CoV,TATTTAAAT
bovine-CoV,TATTTTTGCTAA
bovine-CoV,TGCTGCTAA
bovine-CoV,TGGTTTGTAT
bovine-CoV,TGTTACTAA
bovine-CoV,TTAACTATA
bovine-CoV,TTAATGAATG
bovine-CoV,TTACTAATGGT
bovine-CoV,TTACTATTGA
bovine-CoV,TTAGTGCAG
bovine-CoV,TTATTATGT
bovine-CoV,TTCTGCTTT
bovine-CoV,TTGCTGGTG
bovine-CoV,TTGGTGCTAT
bovine-CoV,TTGTAATAG
bovine-CoV,TTGTTAATG
bovine-CoV,TTGTTTCCT
bovine-CoV,TTTACTAAT
bovine-CoV,TTTACTATT
bovine-CoV,TTTGTATTT
bovine-CoV,TTTTACAGA
bovine-CoV,TTACTAATGGT
bovine-CoV,AAAATCAAA
bovine-CoV,AAGATGGTGTTA
bovine-CoV,AATAATACT
bovine-CoV,AATAGTGGTA
bovine-CoV,AATGCTGAA
bovine-CoV,AATGCTGAT
bovine-CoV,AATGGTTTA
bovine-CoV,ACTATAGGTA
bovine-CoV,ACTGGTGTT
bovine-CoV,ACTGGTGTT
bovine-CoV,ACTTATTAT
bovine-CoV,ACTTGTAATA
bovine-CoV,AGGTTAATG
bovine-CoV,AGTAAATGA
bovine-CoV,AGTGGTTATT
bovine-CoV,ATAACTATAG
bovine-CoV,ATAGGAGATTT
bovine-CoV,ATGATGTTG
bovine-CoV,ATGCTGTTG
bovine-CoV,ATGGTGTTAA
bovine-CoV,ATGGTGTTA
bovine-CoV,ATGGTTTAAA
bovine-CoV,ATTTTGATA
bovine-CoV,CACTGTTCAG
bovine-CoV,CAGCAGCAG
bovine-CoV,CCTGCAGGT
bovine-CoV,CGATTGTAA
bovine-CoV,CTAATGGTA
bovine-CoV,CTACCAATT
bovine-CoV,CTATGGTTT
bovine-CoV,CTGATTTTA
bovine-CoV,CTTGGTGTT
bovine-CoV,CTTTTAATT
bovine-CoV,GACACTGGTGTT
bovine-CoV,GACCTACAA
bovine-CoV,GACTTATTA
bovine-CoV,GATTTTACTA
bovine-CoV,GCTCTTAAT
bovine-CoV,GGTAGTGGTTA
bovine-CoV,GGTAGTGGTT
bovine-CoV,GGTATTTTTG
bovine-CoV,GGTGTTGTT
bovine-CoV,GTAGGTAGTGGTT
bovine-CoV,GTTATAATG
bovine-CoV,GTTTCTGTT
bovine-CoV,TAACTATAGA
bovine-CoV,TAACTATAG
bovine-CoV,TAAGAGTGGTT
bovine-CoV,TAATGGTAATC
bovine-CoV,TAATGGTAT
bovine-CoV,TAATGTATA
bovine-CoV,TACTATTGA
bovine-CoV,TACTTTTGT
bovine-CoV,TATTAATGGG
bovine-CoV,TATTATAAT
bovine-CoV,TATTTAAAT
bovine-CoV,TATTTTTGCTAA
bovine-CoV,TGCTGCTAA
bovine-CoV,TGGTGTTATT
bovine-CoV,TGGTTATTAC
bovine-CoV,TGGTTTGTAT
bovine-CoV,TGTTAATTA
bovine-CoV,TGTTACTAA
bovine-CoV,TTAATGAATG
bovine-CoV,TTACTAATGGT
bovine-CoV,TTAGTGCAG
bovine-CoV,TTATTCAGG
bovine-CoV,TTGCTGGTG
bovine-CoV,TTGGTGTTA
bovine-CoV,TTGTTAATG
bovine-CoV,TTGTTCAAACA
bovine-CoV,TTGTTCTACT
bovine-CoV,TTGTTTCCT
bovine-CoV,TTTACTAAT
bovine-CoV,TTTGTATTT
bovine-CoV,TTTTACAGA
bovine-CoV,TTTTACTAT
bovine-CoV,CCTGCAGGT
bovine-CoV,AAAATCAAA
bovine-CoV,AAGATGGTGT
bovine-CoV,AATGCTGAA
bovine-CoV,AATGCTGAT
bovine-CoV,AATGGTTTA
bovine-CoV,ACTATAGGTA
bovine-CoV,ACTGGTGTT
bovine-CoV,ACTGGTGTT
bovine-CoV,ACTTATTAT
bovine-CoV,ACTTGTAATA
bovine-CoV,AGATTTGGT
bovine-CoV,AGGAGATTT
bovine-CoV,AGGTTAATG
bovine-CoV,AGTAAAGTT
bovine-CoV,AGTAAATGA
bovine-CoV,AGTGGTTAC
bovine-CoV,AGTGGTTATT
bovine-CoV,ATAACTATAG
bovine-CoV,ATGATGTTG
bovine-CoV,ATGCTGTTG
bovine-CoV,CAGCAGCAG
bovine-CoV,CATGATGTT
bovine-CoV,CGATTGCAATA
bovine-CoV,CTAATGGTA
bovine-CoV,CTGTTAATT
bovine-CoV,CTTTGACTT
bovine-CoV,CTTTTAATT
bovine-CoV,CTTTTAATT
bovine-CoV,CTTTTAATT
bovine-CoV,GACACTGGTGTT
bovine-CoV,GACCTACAA
bovine-CoV,GACTTATTA
bovine-CoV,GCTCTTAAT
bovine-CoV,GGTAGTGGTTA
bovine-CoV,GGTAGTGGTT
bovine-CoV,GGTGTTGTT
bovine-CoV,GGTTACACT
bovine-CoV,GGTTTGTAT
bovine-CoV,GTAATATGG
bovine-CoV,GTAGGTAGTGGTT
bovine-CoV,GTTTCTGTT
bovine-CoV,TAATAATATT
bovine-CoV,TAATGGTAATC
bovine-CoV,TAATGGTATT
bovine-CoV,TAATGGTAT
bovine-CoV,TAATGGTAT
bovine-CoV,TAGTTGGCA
bovine-CoV,TATTAATGG
bovine-CoV,TATTATAAT
bovine-CoV,TATTTAAAT
bovine-CoV,TATTTTTGCTAA
bovine-CoV,TGCTGCTAA
bovine-CoV,TGGCATAGG
bovine-CoV,TGGTTATTAC
bovine-CoV,TGGTTTAAA
bovine-CoV,TGTTAATTAT
bovine-CoV,TGTTACTAA
bovine-CoV,TTAAAGATGG
bovine-CoV,TTAATGAATG
bovine-CoV,TTAATTATA
bovine-CoV,TTACTAATGGT
bovine-CoV,TTACTATTGA
bovine-CoV,TTAGTGCAG
bovine-CoV,TTATGTAAA
bovine-CoV,TTATTATGT
bovine-CoV,TTCTGCTTT
bovine-CoV,TTGAGGCTT
bovine-CoV,TTGCTGGTG
bovine-CoV,TTGGGTAAT
bovine-CoV,TTGTTTATG
bovine-CoV,TTGTTTTAA
bovine-CoV,TTTACTAAT
bovine-CoV,TTTACTATT
bovine-CoV,TTTGTATTT
bovine-CoV,TTTTACAGA
bovine-CoV,TTTTGTTGAGG
bovine-CoV,AAAACCAAA
bovine-CoV,AAGATGGTGT
bovine-CoV,AATGCTGAA
bovine-CoV,AATGCTGAT
bovine-CoV,AATGGTTTA
bovine-CoV,ACTATAGGTA
bovine-CoV,ACTGGTGTT
bovine-CoV,ACTGGTGTT
bovine-CoV,ACTTATTAT
bovine-CoV,ACTTGTAATA
bovine-CoV,AGATTTGGT
bovine-CoV,AGGTTAATG
bovine-CoV,AGTAAAGTT
bovine-CoV,AGTAAATGA
bovine-CoV,AGTGGTTATT
bovine-CoV,ATAAATGTT
bovine-CoV,ATAACTATAG
bovine-CoV,ATAGGAGATTT
bovine-CoV,ATGATGTTG
bovine-CoV,ATGCTCTTG
bovine-CoV,ATGCTGTTG
bovine-CoV,CATGATGTT
bovine-CoV,CCTGCAGGT
bovine-CoV,CGATTGCAATA
bovine-CoV,CTAATGGTA
bovine-CoV,CTGATTTTA
bovine-CoV,CTGGTATAG
bovine-CoV,CTGTTAATT
bovine-CoV,CTTTGACTT
bovine-CoV,CTTTTAATT
bovine-CoV,GACACTGGTGTT
bovine-CoV,GACCTACAA
bovine-CoV,GCTCTTAAT
bovine-CoV,GGTAGTGGTTA
bovine-CoV,GGTAGTGGTT
bovine-CoV,GGTGTTGTT
bovine-CoV,GGTTTGTAT
bovine-CoV,GTAATATGG
bovine-CoV,GTAGGTAGTGGTT
bovine-CoV,GTTTCTGTT
bovine-CoV,TAAATTGGG
bovine-CoV,TAACTATAGA
bovine-CoV,TAACTATAG
bovine-CoV,TAATGGTAATC
bovine-CoV,TAATGGTATT
bovine-CoV,TAATGGTAT
bovine-CoV,TAATGGTAT
bovine-CoV,TAGGTACTT
bovine-CoV,TAGTTGGCA
bovine-CoV,TATTAATGG
bovine-CoV,TATTATAAT
bovine-CoV,TATTTAAAT
bovine-CoV,TATTTTTGCTAA
bovine-CoV,TGCTGCTAA
bovine-CoV,TGGTTATTAC
bovine-CoV,TGGTTTAAA
bovine-CoV,TGTTAATTAT
bovine-CoV,TGTTACTAA
bovine-CoV,TGTTTTAAA
bovine-CoV,TTAAAGATGG
bovine-CoV,TTAATGAATG
bovine-CoV,TTACTAATGGT
bovine-CoV,TTACTATTGA
bovine-CoV,TTAGTGCAG
bovine-CoV,TTATTATGT
bovine-CoV,TTCTGCTTT
bovine-CoV,TTGAGGCTT
bovine-CoV,TTGCTGGTG
bovine-CoV,TTGGGTAAT
bovine-CoV,TTGTTAATG
bovine-CoV,TTGTTTTAA
bovine-CoV,TTTACTAAT
bovine-CoV,TTTACTATT
bovine-CoV,TTTCTGTTT
bovine-CoV,TTTGTATTT
bovine-CoV,TTTTACAGA
bovine-CoV,TTTTGTTGAGG
bovine-CoV,AAAATCAAA
bovine-CoV,AATAATACT
bovine-CoV,AATGCTGAA
bovine-CoV,AATGCTGAT
bovine-CoV,AATGGTAATC
bovine-CoV,AATGGTTTA
bovine-CoV,ACTATAGGTA
bovine-CoV,ACTGGTGTT
bovine-CoV,ACTGGTGTT
bovine-CoV,ACTTATTAT
bovine-CoV,ACTTGTAATA
bovine-CoV,AGATTTGGT
bovine-CoV,AGGAGATTT
bovine-CoV,AGGTTAATG
bovine-CoV,AGTAAAGTT
bovine-CoV,AGTAAATGA
bovine-CoV,AGTGGTTATT
bovine-CoV,ATAACTATAG
bovine-CoV,ATGATGTTG
bovine-CoV,ATGCTGTTG
bovine-CoV,ATGGTTTAAA
bovine-CoV,ATTTTGATAG
bovine-CoV,CAGCAGCAG
bovine-CoV,CCAATGGTA
bovine-CoV,CTGATTTTA
bovine-CoV,CTGCTTTTG
bovine-CoV,CTGGTATAG
bovine-CoV,CTGTTAATT
bovine-CoV,CTTTGACTT
bovine-CoV,CTTTTAATT
bovine-CoV,CTTTTAATT
bovine-CoV,CTTTTAATT
bovine-CoV,GACACTGGTGTT
bovine-CoV,GCTCTTAAT
bovine-CoV,GGTAGTGGTTA
bovine-CoV,GGTAGTGGTT
bovine-CoV,GGTGTTGTT
bovine-CoV,GTAATATGG
bovine-CoV,GTAGGTAGTGGTT
bovine-CoV,GTTTCTGTT
bovine-CoV,TAATATTGA
bovine-CoV,TAATGGTAT
bovine-CoV,TACTAATTTTGA
bovine-CoV,TAGGTACTT
bovine-CoV,TATTAATGGG
bovine-CoV,TATTATAAT
bovine-CoV,TATTTAAAT
bovine-CoV,TATTTTTGCTAA
bovine-CoV,TGCTGCTAA
bovine-CoV,TGGTATAGGT
bovine-CoV,TGGTTATTAC
bovine-CoV,TGGTTTGTAT
bovine-CoV,TGTAATATT
bovine-CoV,TGTGGTGGT
bovine-CoV,TGTTAATTAT
bovine-CoV,TGTTACTAA
bovine-CoV,TTAATGAATG
bovine-CoV,TTAATTATA
bovine-CoV,TTACTAATGGT
bovine-CoV,TTACTATTGA
bovine-CoV,TTAGAGATT
bovine-CoV,TTAGTGCAG
bovine-CoV,TTATTATGT
bovine-CoV,TTCTGCTTT
bovine-CoV,TTGAGGCTT
bovine-CoV,TTGCTGGTG
bovine-CoV,TTGGTGCTAT
bovine-CoV,TTGTAATAA
bovine-CoV,TTGTTAATG
bovine-CoV,TTGTTTGTG
bovine-CoV,TTGTTTTAA
bovine-CoV,TTTACTAAT
bovine-CoV,TTTACTATT
bovine-CoV,TTTCTGTTT
bovine-CoV,TTTGTATTT
bovine-CoV,TTTTACAGA
bovine-CoV,TTTTGTTGAGG
bovine-CoV,AAAATCAAA
bovine-CoV,AAGATGGTGTTA
bovine-CoV,AAGATGGTGT
bovine-CoV,AATGCTGAA
bovine-CoV,AATGCTGAT
bovine-CoV,AATGGTTTA
bovine-CoV,ACTATAGGTA
bovine-CoV,ACTGGTGTT
bovine-CoV,ACTGGTGTT
bovine-CoV,ACTTATTAT
bovine-CoV,ACTTGTAATA
bovine-CoV,AGGTTAATG
bovine-CoV,AGTAAATGA
bovine-CoV,AGTGGTTAC
bovine-CoV,AGTGGTTATT
bovine-CoV,ATAACTATAG
bovine-CoV,ATGATGTTG
bovine-CoV,ATGCTGTTG
bovine-CoV,CAGCAGCAG
bovine-CoV,CATGATGTT
bovine-CoV,CGATTGCAATA
bovine-CoV,CTAATGGTA
bovine-CoV,CTGTTAATT
bovine-CoV,CTTTGACTT
bovine-CoV,GACACTGGTGTT
bovine-CoV,GACCTACAA
bovine-CoV,GACTTATTA
bovine-CoV,GCTCTTAAT
bovine-CoV,GGTAGTGGTTA
bovine-CoV,GGTAGTGGTT
bovine-CoV,GGTGTTGTT
bovine-CoV,GGTTACACT
bovine-CoV,GGTTTGTAT
bovine-CoV,GTAATATGG
bovine-CoV,GTAGGTAGTGGTT
bovine-CoV,GTGTTAATT
bovine-CoV,GTTTCTGTT
bovine-CoV,TAATGGTAATC
bovine-CoV,TAATGGTATT
bovine-CoV,TAATGGTAT
bovine-CoV,TAATGGTAT
bovine-CoV,TAGTTGGCA
bovine-CoV,TATAGTGTG
bovine-CoV,TATGGCATTG
bovine-CoV,TATTAATGG
bovine-CoV,TATTATAAT
bovine-CoV,TATTTAAAT
bovine-CoV,TATTTTTGCTAA
bovine-CoV,TGCTGCTAA
bovine-CoV,TGGCATAGG
bovine-CoV,TGGTTATTAC
bovine-CoV,TGGTTTAAA
bovine-CoV,TGTTAATTAT
bovine-CoV,TGTTACTAA
bovine-CoV,TGTTTCCTG
bovine-CoV,TTAAAGATGGTGT
bovine-CoV,TTAATGAATG
bovine-CoV,TTAATTATA
bovine-CoV,TTACTAATGGT
bovine-CoV,TTACTATTGA
bovine-CoV,TTAGTGCAG
bovine-CoV,TTATGTAAA
bovine-CoV,TTATTATGT
bovine-CoV,TTCTGCTTT
bovine-CoV,TTGAGGCTT
bovine-CoV,TTGCTGGTG
bovine-CoV,TTGGGTAAT
bovine-CoV,TTGGTGCTAT
bovine-CoV,TTGTTTATG
bovine-CoV,TTGTTTTAA
bovine-CoV,TTTACTAAT
bovine-CoV,TTTACTATT
bovine-CoV,TTTGTATTTT
bovine-CoV,TTTTACAGA
bovine-CoV,TTTTGTTGAGG
bovine-CoV,AAAATCAAA
bovine-CoV,AAGATGGTGT
bovine-CoV,AATGCTGAA
bovine-CoV,AATGCTGAT
bovine-CoV,AATGGTTTA
bovine-CoV,ACTATAGGTA
bovine-CoV,ACTGGTGTT
bovine-CoV,ACTGGTGTT
bovine-CoV,ACTTATTAT
bovine-CoV,ACTTGTAATA
bovine-CoV,AGATTTGGT
bovine-CoV,AGGTTAATG
bovine-CoV,AGTAAAGTT
bovine-CoV,AGTAAATGA
bovine-CoV,AGTGGTTAC
bovine-CoV,AGTGGTTATT
bovine-CoV,ATAACTATAG
bovine-CoV,ATAGGAGATTT
bovine-CoV,ATGATGTTG
bovine-CoV,ATGCTGTTG
bovine-CoV,CAGCAGCAG
bovine-CoV,CATGATGTT
bovine-CoV,CGATTGCAATA
bovine-CoV,CTAATGGTA
bovine-CoV,CTGTTAATT
bovine-CoV,CTTTGACTT
bovine-CoV,CTTTTAATT
bovine-CoV,CTTTTAATT
bovine-CoV,CTTTTAATT
bovine-CoV,GACACTGGTGTT
bovine-CoV,GACCTACAA
bovine-CoV,GACTTATTA
bovine-CoV,GCTCTTAAT
bovine-CoV,GGTAGTGGTTA
bovine-CoV,GGTGTTGTT
bovine-CoV,GGTTACACT
bovine-CoV,GGTTTGTAT
bovine-CoV,GTAATATGG
bovine-CoV,GTAGGTAGTGG
bovine-CoV,GTTTCTGTT
bovine-CoV,TAATGGTAATC
bovine-CoV,TAATGGTATT
bovine-CoV,TAATGGTAT
bovine-CoV,TAATGGTAT
bovine-CoV,TAGTTGGCA
bovine-CoV,TATTAATGG
bovine-CoV,TATTATAAT
bovine-CoV,TATTTAAAT
bovine-CoV,TATTTTTGCTAA
bovine-CoV,TGCTGCTAA
bovine-CoV,TGGCATAGG
bovine-CoV,TGGTTATTAC
bovine-CoV,TGGTTTAAA
bovine-CoV,TGTTAATTAT
bovine-CoV,TGTTACTAA
bovine-CoV,TTAAAGATGG
bovine-CoV,TTAATGAATG
bovine-CoV,TTAATTATA
bovine-CoV,TTACTAATGGT
bovine-CoV,TTACTATTGA
bovine-CoV,TTAGTGCAG
bovine-CoV,TTATGTAAA
bovine-CoV,TTATTATGT
bovine-CoV,TTCTGCTTT
bovine-CoV,TTGAGGCTT
bovine-CoV,TTGCTGGTG
bovine-CoV,TTGGGTAAT
bovine-CoV,TTGGTGCTAT
bovine-CoV,TTGTTTATG
bovine-CoV,TTGTTTTAA
bovine-CoV,TTTACTATT
bovine-CoV,TTTGTATTT
bovine-CoV,TTTTACAGA
bovine-CoV,TTTTGTTGAGG
bovine-CoV,ACTGGTGTT
bovine-CoV,ACTGGTGTT
bovine-CoV,GACACTGGTGTT
bovine-CoV,GGTGTTGTT
bovine-CoV,TAATGTATA
bovine-CoV,TGTTACTAA
bovine-CoV,TTACTAATGGT
bovine-CoV,ACTGGTGTT
bovine-CoV,ACTTGTAATA
bovine-CoV,ATAACTATAG
bovine-CoV,ATGATGTTG
bovine-CoV,ATGCTGGTTA
bovine-CoV,CATGATGTT
bovine-CoV,CTATGGTTT
bovine-CoV,CTGGTATAG
bovine-CoV,GGTATTTTTG
bovine-CoV,GGTGTTGTT
bovine-CoV,GTTTCTGTT
bovine-CoV,TAACTATAGA
bovine-CoV,TAACTATAG
bovine-CoV,TAGTTGGCA
bovine-CoV,TATTATAAT
bovine-CoV,TATTTTTGCTAA
bovine-CoV,TGATTTTAT
bovine-CoV,TGCTGCTAA
bovine-CoV,TGTTACTAA
bovine-CoV,TTACTTGTA
bovine-CoV,TTATTATGT
bovine-CoV,TTTTACAGA
bovine-CoV,TTACTAATGGT
bovine-CoV,AAAATCAAA
bovine-CoV,AAGATGGTGT
bovine-CoV,AATAATACT
bovine-CoV,AATGCTGAA
bovine-CoV,AATGCTGAT
bovine-CoV,AATGGTTTA
bovine-CoV,ACTATAGGTA
bovine-CoV,ACTGGTGTT
bovine-CoV,ACTTATTAT
bovine-CoV,ACTTGTAATA
bovine-CoV,AGGTTAATG
bovine-CoV,AGTAAATGA
bovine-CoV,AGTGGTTATT
bovine-CoV,ATAACTATAG
bovine-CoV,ATAATGGTAT
bovine-CoV,ATAGGAGATTT
bovine-CoV,ATGATGTTG
bovine-CoV,ATGCTGTTG
bovine-CoV,ATGGTGTTA
bovine-CoV,ATGGTTTAAA
bovine-CoV,ATTTTATTT
bovine-CoV,CACTGTTCAG
bovine-CoV,CAGCAGCAG
bovine-CoV,CCTGCAGGT
bovine-CoV,CGATTGTAATA
bovine-CoV,CTAATGGTA
bovine-CoV,CTACCAATT
bovine-CoV,CTGATTTTA
bovine-CoV,CTTTTAATT
bovine-CoV,GACACTGGT
bovine-CoV,GACCTACAA
bovine-CoV,GACTTATTA
bovine-CoV,GCTCTTAAT
bovine-CoV,GGTAGTGGTTA
bovine-CoV,GGTAGTGGTT
bovine-CoV,GGTATTTTTG
bovine-CoV,GTAGGTAGTGGTT
bovine-CoV,GTTTCTGTT
bovine-CoV,TAAAGATGG
bovine-CoV,TAACTATAGA
bovine-CoV,TAACTATAG
bovine-CoV,TAATGGTAATC
bovine-CoV,TAATGGTAT
bovine-CoV,TAATGGTAT
bovine-CoV,TAATGTATA
bovine-CoV,TAGTTGGCA
bovine-CoV,TATGGCTTT
bovine-CoV,TATTATAAT
bovine-CoV,TATTTAAAT
bovine-CoV,TATTTTTGCTAA
bovine-CoV,TGCTGCTAA
bovine-CoV,TGGTTTGTAT
bovine-CoV,TGTTACTAA
bovine-CoV,TTAATGAATG
bovine-CoV,TTACTAATGGT
bovine-CoV,TTACTATTGA
bovine-CoV,TTAGTGCAG
bovine-CoV,TTCTGCTTT
bovine-CoV,TTGGTGCTAT
bovine-CoV,TTGTAATAG
bovine-CoV,TTGTTAATG
bovine-CoV,TTGTTTTAA
bovine-CoV,TTTACTAAT
bovine-CoV,TTTACTATT
bovine-CoV,TTTGTATTTT
bovine-CoV,TTTTACAGA
bovine-CoV,AAAACCAAA
bovine-CoV,AAGATGGTGT
bovine-CoV,AATAATACTT
bovine-CoV,AATGCTGAA
bovine-CoV,AATGCTGAT
bovine-CoV,AATGGTTTA
bovine-CoV,ACAACCACA
bovine-CoV,ACCACTTTT
bovine-CoV,ACTATAGGTA
bovine-CoV,ACTGGTGTT
bovine-CoV,ACTGGTGTT
bovine-CoV,ACTTATTAT
bovine-CoV,ACTTGTAATA
bovine-CoV,AGCACAAGC
bovine-CoV,AGGTTAATG
bovine-CoV,AGTAAATGA
bovine-CoV,AGTGGTTATT
bovine-CoV,ATAACTATAG
bovine-CoV,ATGATGTTG
bovine-CoV,ATGCTGTTG
bovine-CoV,ATGGTGTTA
bovine-CoV,ATGGTTTAAA
bovine-CoV,CATGTAAATTA
bovine-CoV,CATTATTAT
bovine-CoV,CTAATGGTA
bovine-CoV,CTATGGTTT
bovine-CoV,CTGATTTTA
bovine-CoV,GACACTGGTGTT
bovine-CoV,GACCTACAA
bovine-CoV,GACTTATTA
bovine-CoV,GCTCTTAATA
bovine-CoV,GCTCTTAAT
bovine-CoV,GCTCTTAAT
bovine-CoV,GGAGGCAAT
bovine-CoV,GGTAGTGGTTA
bovine-CoV,GGTAGTGGT
bovine-CoV,GGTATTTTTG
bovine-CoV,GGTGTTGTT
bovine-CoV,GGTTACACT
bovine-CoV,GTAATATGG
bovine-CoV,GTACTTGCC
bovine-CoV,GTTTCTGTT
bovine-CoV,TAAATTACA
bovine-CoV,TAACTATAGA
bovine-CoV,TAACTATAG
bovine-CoV,TAATGGTAATC
bovine-CoV,TAATGGTAT
bovine-CoV,TAATTATTT
bovine-CoV,TACAAAAAG
bovine-CoV,TAGGTACTT
bovine-CoV,TAGTGGTTAC
bovine-CoV,TAGTGGTTA
bovine-CoV,TATTAATGG
bovine-CoV,TATTATAAT
bovine-CoV,TATTGATGCTG
bovine-CoV,TATTTAAAT
bovine-CoV,TGCTGCTAA
bovine-CoV,TGGTAGTGGT
bovine-CoV,TGGTCTGTG
bovine-CoV,TGGTTATTAC
bovine-CoV,TGGTTTGTAT
bovine-CoV,TGTTAATGCA
bovine-CoV,TGTTAATTAT
bovine-CoV,TGTTACTAA
bovine-CoV,TGTTTTAAG
bovine-CoV,TTAAAGATGG
bovine-CoV,TTAATAGTG
bovine-CoV,TTACTAATGGT
bovine-CoV,TTACTATTGA
bovine-CoV,TTAGTGCAG
bovine-CoV,TTATTAATG
bovine-CoV,TTATTATGT
bovine-CoV,TTCAATGTA
bovine-CoV,TTCCTGTTTA
bovine-CoV,TTGAGGCTT
bovine-CoV,TTGGGTAAT
bovine-CoV,TTGTTTTAA
bovine-CoV,TTTAACTAT
bovine-CoV,TTTACTAAT
bovine-CoV,TTTACTATT
bovine-CoV,TTTGTATTT
bovine-CoV,TTTTAAGCC
bovine-CoV,TTTTGTTGAGG
bovine-CoV,TTTTTGATA
bovine-CoV,CACTGTTCAG
bovine-CoV,AAAACCAAA
bovine-CoV,AAGATGGTGT
bovine-CoV,AATGCTGAA
bovine-CoV,AATGCTGAT
bovine-CoV,AATGGTTTA
bovine-CoV,ACTATAGGTA
bovine-CoV,ACTGGTGTT
bovine-CoV,ACTGGTGTT
bovine-CoV,ACTTGTAATA
bovine-CoV,AGGTTAATG
bovine-CoV,AGTAAATGA
bovine-CoV,AGTGGTTATT
bovine-CoV,ATAACTATAG
bovine-CoV,ATGATGTTG
bovine-CoV,ATGCTCTTG
bovine-CoV,ATGCTGTTG
bovine-CoV,CAGCAGCAG
bovine-CoV,CATGATGTT
bovine-CoV,CCTGCAGGT
bovine-CoV,CTAATGGTA
bovine-CoV,CTGATTTTA
bovine-CoV,CTGGTATAG
bovine-CoV,CTGTTAATT
bovine-CoV,CTTTGACTT
bovine-CoV,CTTTTAATT
bovine-CoV,GACACTGGTGTT
bovine-CoV,GACCTACAA
bovine-CoV,GATTGCAATA
bovine-CoV,GCTCTTAAT
bovine-CoV,GGTAGTGGTTA
bovine-CoV,GGTAGTGGTT
bovine-CoV,GGTGTTGTT
bovine-CoV,GTAATATGG
bovine-CoV,GTAGGTAGTGGTT
bovine-CoV,GTTTCTGTT
bovine-CoV,TAACTATAGA
bovine-CoV,TAACTATAG
bovine-CoV,TAATGGTAATC
bovine-CoV,TAATGGTATT
bovine-CoV,TAATGGTAT
bovine-CoV,TAATGGTAT
bovine-CoV,TAGTTGGCA
bovine-CoV,TATTAATGG
bovine-CoV,TATTATAAT
bovine-CoV,TATTTAAAT
bovine-CoV,TATTTTTGCTAA
bovine-CoV,TGGTTATTAC
bovine-CoV,TGGTTTAAA
bovine-CoV,TGGTTTGTAT
bovine-CoV,TGTTAATTAT
bovine-CoV,TGTTACTAA
bovine-CoV,TTAAAGATGG
bovine-CoV,TTAATGAATG
bovine-CoV,TTACTAATGGT
bovine-CoV,TTACTATTGA
bovine-CoV,TTAGTGCAG
bovine-CoV,TTCTGCTTT
bovine-CoV,TTGAGGCTT
bovine-CoV,TTGCTGGTG
bovine-CoV,TTGGTGCTAT
bovine-CoV,TTGTTAATG
bovine-CoV,TTGTTTTAA
bovine-CoV,TTTAAACCA
bovine-CoV,TTTACTAAT
bovine-CoV,TTTACTATT
bovine-CoV,TTTGTATTT
bovine-CoV,TTTTACAGA
bovine-CoV,TTTTGTTGAGG
bovine-CoV,AAAAATCAAACA
bovine-CoV,AAAATCAAA
bovine-CoV,AAAATCAAA
bovine-CoV,AAGATGGTGTTA
bovine-CoV,AAGATGGTGT
bovine-CoV,AATGCTGAA
bovine-CoV,AATGCTGAT
bovine-CoV,AATGGTTTA
bovine-CoV,ACTATAGGTA
bovine-CoV,ACTGGTGTT
bovine-CoV,ACTGGTGTT
bovine-CoV,ACTTATTAT
bovine-CoV,ACTTGTAATA
bovine-CoV,AGATTTGGT
bovine-CoV,AGGTTAATG
bovine-CoV,AGTAAAGTT
bovine-CoV,AGTAAATGA
bovine-CoV,AGTGGTTATT
bovine-CoV,ATAACTATAG
bovine-CoV,ATAGGAGATTT
bovine-CoV,ATGATGTTG
bovine-CoV,ATGCTGTTG
bovine-CoV,CAGCAGCAG
bovine-CoV,CATGATGTT
bovine-CoV,CTAATGGTA
bovine-CoV,CTGATTTTA
bovine-CoV,CTGTTAATT
bovine-CoV,CTTTGACTT
bovine-CoV,CTTTTAATT
bovine-CoV,GACACTGGTGTT
bovine-CoV,GACCTACAAT
bovine-CoV,GACTTATTA
bovine-CoV,GCTCTTAAT
bovine-CoV,GGTAGTGGT
bovine-CoV,GGTGTTGTT
bovine-CoV,GGTTACACT
bovine-CoV,GGTTTGTAT
bovine-CoV,GTAATATGG
bovine-CoV,GTGTTAATT
bovine-CoV,GTTTCTGTT
bovine-CoV,TAACTATAGA
bovine-CoV,TAACTATAG
bovine-CoV,TAATGGTAATC
bovine-CoV,TAATGGTATT
bovine-CoV,TAATGGTAT
bovine-CoV,TAATGGTAT
bovine-CoV,TAGTTGGCA
bovine-CoV,TATAGTGTG
bovine-CoV,TATTAATGG
bovine-CoV,TATTATAAT
bovine-CoV,TATTTAAAT
bovine-CoV,TATTTTTGCTAA
bovine-CoV,TGATTGTTT
bovine-CoV,TGGCATAGG
bovine-CoV,TGGTTATTAC
bovine-CoV,TGTTAATTAT
bovine-CoV,TGTTACTAA
bovine-CoV,TGTTTCCTG
bovine-CoV,TTAAAGATGGTGT
bovine-CoV,TTAATGAATG
bovine-CoV,TTACTAATGGT
bovine-CoV,TTACTATTGA
bovine-CoV,TTAGTGCAG
bovine-CoV,TTATGTAAA
bovine-CoV,TTATTATGT
bovine-CoV,TTGAGGCTT
bovine-CoV,TTGCTGGTG
bovine-CoV,TTGGGTAAT
bovine-CoV,TTGGTGCTAT
bovine-CoV,TTGTAATAA
bovine-CoV,TTGTTTATG
bovine-CoV,TTGTTTTAA
bovine-CoV,TTTACTAAT
bovine-CoV,TTTACTATT
bovine-CoV,TTTGTATTTT
bovine-CoV,TTTTGTTGAGG
bovine-CoV,CCTGCAGGT
bovine-CoV,CATGATGTT
bovine-CoV,TAGTTGGCA
bovine-CoV,TATTATAAT
bovine-CoV,TGGCATAGG
bovine-CoV,AAGATGGTGT
bovine-CoV,GACACTGGTGTT
bovine-CoV,CCTGCAGGT
bovine-CoV,CTGGTATAG
bovine-CoV,AAAATCAAA
bovine-CoV,AATAATACT
bovine-CoV,AATGCTGAA
bovine-CoV,AATGCTGAT
bovine-CoV,AATGGTTTA
bovine-CoV,ACTATAGGTA
bovine-CoV,ACTGGTGTT
bovine-CoV,ACTGGTGTT
bovine-CoV,ACTTATTAT
bovine-CoV,ACTTGTAATA
bovine-CoV,ACTTTAGCT
bovine-CoV,AGGTTAATG
bovine-CoV,AGTAAATGA
bovine-CoV,AGTCAAAAT
bovine-CoV,AGTGGTTATT
bovine-CoV,ATAACTATAG
bovine-CoV,ATAGGAGATTT
bovine-CoV,ATGATGTTG
bovine-CoV,ATGCTGTTG
bovine-CoV,ATGGTATTA
bovine-CoV,ATGGTGTTA
bovine-CoV,ATGGTTTAAA
bovine-CoV,ATTTTATTT
bovine-CoV,ATTTTGATA
bovine-CoV,CACTGTTCAG
bovine-CoV,CAGCAGCAG
bovine-CoV,CCTGCAGGT
bovine-CoV,CGATTGTAATA
bovine-CoV,CTAATGGTA
bovine-CoV,CTACTAATT
bovine-CoV,CTATGGTTT
bovine-CoV,CTTTGACTT
bovine-CoV,CTTTTAATT
bovine-CoV,CTTTTAATT
bovine-CoV,CTTTTAATT
bovine-CoV,GACACTGGTGTT
bovine-CoV,GACTTATTA
bovine-CoV,GATTTTACTA
bovine-CoV,GCTCTTAAT
bovine-CoV,GGTAGTGGTTA
bovine-CoV,GGTAGTGGTT
bovine-CoV,GGTATTTTTG
bovine-CoV,GGTGTTGTT
bovine-CoV,GTAGGTAGTGGTT
bovine-CoV,GTTATAATG
bovine-CoV,TAATGGTAATC
bovine-CoV,TAATGGTATT
bovine-CoV,TAATGTATA
bovine-CoV,TACTAATTAT
bovine-CoV,TACTATTGA
bovine-CoV,TACTTTTGT
bovine-CoV,TAGTTGGCA
bovine-CoV,TATTAATGGG
bovine-CoV,TATTATAAT
bovine-CoV,TATTTAAAT
bovine-CoV,TATTTTTGCTAA
bovine-CoV,TGCTGCTAA
bovine-CoV,TGGCATTGG
bovine-CoV,TGGTTATTA
bovine-CoV,TGGTTTGTAT
bovine-CoV,TGTTAATTAT
bovine-CoV,TGTTACTAA
bovine-CoV,TGTTTGTGT
bovine-CoV,TTAATGAATG
bovine-CoV,TTAATTATA
bovine-CoV,TTACTAATGGT
bovine-CoV,TTAGTGCAG
bovine-CoV,TTGCTGGTG
bovine-CoV,TTGGTGCTAT
bovine-CoV,TTGTAATAG
bovine-CoV,TTGTTAATG
bovine-CoV,TTGTTCTACT
bovine-CoV,TTGTTTCCT
bovine-CoV,TTGTTTTAA
bovine-CoV,TTTACTAAT
bovine-CoV,TTTGTATTTT
bovine-CoV,TTTTACAGA
bovine-CoV,TTTTACTAT
bovine-CoV,AAAAATCAAACA
bovine-CoV,AAAATCAAA
bovine-CoV,AAAATCAAA
bovine-CoV,AATAATACT
bovine-CoV,AATAGTGGTA
bovine-CoV,AATGCTGAA
bovine-CoV,AATGCTGAT
bovine-CoV,AATGGTTTA
bovine-CoV,ACTATAGGTA
bovine-CoV,ACTGGTGTT
bovine-CoV,ACTGGTGTT
bovine-CoV,ACTTATTAT
bovine-CoV,ACTTGTAATA
bovine-CoV,AGGTTAATG
bovine-CoV,AGTGGTTATT
bovine-CoV,ATAACTATAG
bovine-CoV,ATAGGAGATTT
bovine-CoV,ATGATGTTG
bovine-CoV,ATGCTGTTG
bovine-CoV,ATGGTGTTA
bovine-CoV,ATGGTTTAAA
bovine-CoV,ATTTTATTT
bovine-CoV,CACTGTTCAG
bovine-CoV,CAGCAGCAG
bovine-CoV,CCTGCAGGT
bovine-CoV,CGATTGTAATA
bovine-CoV,CTAATGGTA
bovine-CoV,CTACCAATT
bovine-CoV,CTATGGTTT
bovine-CoV,CTGATTTTA
bovine-CoV,CTTTTAATT
bovine-CoV,GACACTGGTGTT
bovine-CoV,GACCTACAA
bovine-CoV,GACTTATTA
bovine-CoV,GCTCTTAAT
bovine-CoV,GGTAGTGGTTA
bovine-CoV,GGTAGTGGTT
bovine-CoV,GGTATTTTTG
bovine-CoV,GGTGTTGTT
bovine-CoV,GTAGGTAGTGGTT
bovine-CoV,TAACTATAGA
bovine-CoV,TAACTATAG
bovine-CoV,TAATGGTAT
bovine-CoV,TAATGTATA
bovine-CoV,TACCAATTTTGA
bovine-CoV,TATTAATGGG
bovine-CoV,TATTATAAT
bovine-CoV,TATTTAAAT
bovine-CoV,TATTTTTGCTAA
bovine-CoV,TCAGGAAGG
bovine-CoV,TGCTGCTAA
bovine-CoV,TGGTATAGG
bovine-CoV,TGGTTATTACC
bovine-CoV,TGGTTTGTAT
bovine-CoV,TGTTACTAA
bovine-CoV,TTAATGAATG
bovine-CoV,TTACTAATGGT
bovine-CoV,TTACTATTGA
bovine-CoV,TTAGTGCAG
bovine-CoV,TTCTGCTTT
bovine-CoV,TTGCTGGTG
bovine-CoV,TTGGTGCTAT
bovine-CoV,TTGTAATAG
bovine-CoV,TTGTTAATG
bovine-CoV,TTTACTATT
bovine-CoV,TTTGTATTTT
bovine-CoV,TTTTACAGA
bovine-CoV,TTTTGTTGAGG
bovine-CoV,AAAATCAAA
bovine-CoV,AATAATACT
bovine-CoV,AATAGTGGTA
bovine-CoV,AATGCTGAA
bovine-CoV,AATGCTGAT
bovine-CoV,AATGGTTTA
bovine-CoV,ACTATAGGTA
bovine-CoV,ACTGGTGTT
bovine-CoV,ACTGGTGTT
bovine-CoV,ACTTATTAT
bovine-CoV,ACTTGTAATA
bovine-CoV,AGGTTAATG
bovine-CoV,AGTAAATGA
bovine-CoV,AGTCAAAAT
bovine-CoV,AGTGGTTATT
bovine-CoV,ATAACTATAG
bovine-CoV,ATAGGAGATTT
bovine-CoV,ATGATGTTG
bovine-CoV,ATGCTGTTG
bovine-CoV,ATGGTGTTA
bovine-CoV,ATGGTTTAAA
bovine-CoV,ATTTTATTT
bovine-CoV,ATTTTGATA
bovine-CoV,CACTGTTCAG
bovine-CoV,CAGCAGCAG
bovine-CoV,CCTGCAGGT
bovine-CoV,CGATTGTAATA
bovine-CoV,CTAATGGTA
bovine-CoV,CTACCAATT
bovine-CoV,CTATGGTTT
bovine-CoV,CTTTTAATT
bovine-CoV,GACACTGGTGTT
bovine-CoV,GACCTACAA
bovine-CoV,GACTTATTA
bovine-CoV,GATTTTACTA
bovine-CoV,GCTCTTAAT
bovine-CoV,GGTAGTGGTTA
bovine-CoV,GGTAGTGGTT
bovine-CoV,GGTATTTTTG
bovine-CoV,GGTGTTGTT
bovine-CoV,GTAGGTAGTGGTT
bovine-CoV,GTTATAATG
bovine-CoV,GTTTCTGTT
bovine-CoV,TAACTATAGA
bovine-CoV,TAACTATAG
bovine-CoV,TAATGGTAATC
bovine-CoV,TAATGGTAT
bovine-CoV,TAATGTATA
bovine-CoV,TACTATTGA
bovine-CoV,TACTTTTGT
bovine-CoV,TATTAATGGG
bovine-CoV,TATTATAAT
bovine-CoV,TATTTAAAT
bovine-CoV,TATTTTTGCTAA
bovine-CoV,TGCTGCTAA
bovine-CoV,TGGTTATTAC
bovine-CoV,TGGTTTGTAT
bovine-CoV,TGTTAATTAT
bovine-CoV,TGTTACTAA
bovine-CoV,TTAATGAATG
bovine-CoV,TTACTAATGGT
bovine-CoV,TTAGTGCAG
bovine-CoV,TTGCTGGTG
bovine-CoV,TTGGTGCTAT
bovine-CoV,TTGTAATAG
bovine-CoV,TTGTTAATG
bovine-CoV,TTGTTCTACT
bovine-CoV,TTGTTTCCT
bovine-CoV,TTTACTAAT
bovine-CoV,TTTGTATTT
bovine-CoV,TTTTACAGA
bovine-CoV,TTTTACTAT
bovine-CoV,AAAATCAAA
bovine-CoV,AAGATGGTGT
bovine-CoV,AATAATACT
bovine-CoV,AATGCTGAA
bovine-CoV,AATGCTGAT
bovine-CoV,AATGGTTTA
bovine-CoV,ACTATAGGTA
bovine-CoV,ACTGGTGTT
bovine-CoV,ACTGGTGTT
bovine-CoV,ACTTATTAT
bovine-CoV,ACTTGTAATA
bovine-CoV,AGGTTAATG
bovine-CoV,AGTAAATGA
bovine-CoV,AGTGGTTATT
bovine-CoV,AGTTTCTGT
bovine-CoV,ATAACTATAG
bovine-CoV,ATATGAGTA
bovine-CoV,ATGATGTTG
bovine-CoV,ATGCTCTTG
bovine-CoV,ATGCTGTTG
bovine-CoV,ATGGTTTAAA
bovine-CoV,ATTAATGGG
bovine-CoV,ATTTTATTT
bovine-CoV,ATTTTTGCTAA
bovine-CoV,CAGCAGCAG
bovine-CoV,CATGATGTT
bovine-CoV,CATTCTTGG
bovine-CoV,CCTGCAGGT
bovine-CoV,CTAAAGTTA
bovine-CoV,CTATGGTTT
bovine-CoV,CTGATTTTA
bovine-CoV,CTGGTATAG
bovine-CoV,CTGTTAATT
bovine-CoV,GACACTGGTGTT
bovine-CoV,GACCTACAA
bovine-CoV,GACTTATTA
bovine-CoV,GCTCTTAAT
bovine-CoV,GGTAGTGGTTA
bovine-CoV,GTAATATGG
bovine-CoV,GTGTTGTCA
bovine-CoV,TAACTATAGA
bovine-CoV,TAACTATAG
bovine-CoV,TAATATTGA
bovine-CoV,TAATGGTAATC
bovine-CoV,TAGGAGATTT
bovine-CoV,TATTATAAT
bovine-CoV,TATTTAAAT
bovine-CoV,TGCTGTTGTA
bovine-CoV,TGGTATAGG
bovine-CoV,TGGTTATTAC
bovine-CoV,TGGTTTGTAT
bovine-CoV,TGTAATATT
bovine-CoV,TGTTAATTAT
bovine-CoV,TTAAAGATGG
bovine-CoV,TTAATGAATG
bovine-CoV,TTACTATTGA
bovine-CoV,TTAGTGCAG
bovine-CoV,TTATTATGT
bovine-CoV,TTCTGCTTT
bovine-CoV,TTGAGGCTT
bovine-CoV,TTGCTGGTG
bovine-CoV,TTGGTGCTAT
bovine-CoV,TTGTTAATG
bovine-CoV,TTGTTTTAA
bovine-CoV,TTTACTATT
bovine-CoV,TTTCTGTTT
bovine-CoV,TTTGTATTT
bovine-CoV,TTTTACAGA
bovine-CoV,TTTTGTTGAGG
bovine-CoV,AAAAATCAAACA
bovine-CoV,AAAATCAAA
bovine-CoV,AAAATCAAA
bovine-CoV,AAGATGGTGT
bovine-CoV,AATGCTGAA
bovine-CoV,AATGCTGAT
bovine-CoV,AATGGTTTA
bovine-CoV,ACAGGTGTT
bovine-CoV,ACTATAGGTA
bovine-CoV,ACTGGTGTT
bovine-CoV,ACTTATTAT
bovine-CoV,ACTTGTAATA
bovine-CoV,AGATTTGGT
bovine-CoV,AGGTTAATG
bovine-CoV,AGTAAAGTT
bovine-CoV,AGTAAATGA
bovine-CoV,AGTGGTTAC
bovine-CoV,AGTGGTTATT
bovine-CoV,ATAACTATAG
bovine-CoV,ATAATGCTG
bovine-CoV,ATAGGAGATTT
bovine-CoV,ATGATGTTG
bovine-CoV,ATGCTCTTG
bovine-CoV,ATGCTGTTG
bovine-CoV,CAGCAGCAG
bovine-CoV,CATGATGTT
bovine-CoV,CCTGCAGGT
bovine-CoV,CTAATGGTA
bovine-CoV,CTGATTTTA
bovine-CoV,CTGTTAATT
bovine-CoV,CTTTTAATT
bovine-CoV,CTTTTAATT
bovine-CoV,CTTTTAATT
bovine-CoV,GACCTACAA
bovine-CoV,GACTTATTA
bovine-CoV,GCTCTTAAT
bovine-CoV,GGTAGTGGTTA
bovine-CoV,GGTAGTGGTT
bovine-CoV,GGTGTTGTT
bovine-CoV,GGTTACACT
bovine-CoV,GTAATATGG
bovine-CoV,GTAGGTAGTGGTT
bovine-CoV,GTTTCTGTT
bovine-CoV,TAATGGTAATC
bovine-CoV,TAATGGTATT
bovine-CoV,TAATGGTAT
bovine-CoV,TAATGGTAT
bovine-CoV,TAATTTTAAT
bovine-CoV,TAGTTGGCA
bovine-CoV,TATTAATGG
bovine-CoV,TATTATAAT
bovine-CoV,TATTTAAAT
bovine-CoV,TATTTTTGCTAA
bovine-CoV,TGATTATAT
bovine-CoV,TGCTGCTAA
bovine-CoV,TGGCATAGG
bovine-CoV,TGGTTATTAC
bovine-CoV,TGGTTTAAA
bovine-CoV,TGGTTTGTAT
bovine-CoV,TGTTAATTAT
bovine-CoV,TGTTACTAA
bovine-CoV,TTAAAGATGG
bovine-CoV,TTAATGAATG
bovine-CoV,TTAATTATA
bovine-CoV,TTACTAATGGT
bovine-CoV,TTACTATTGA
bovine-CoV,TTAGTGCAG
bovine-CoV,TTATTATGT
bovine-CoV,TTCTGCTTT
bovine-CoV,TTGAGGCTT
bovine-CoV,TTGCTGGTG
bovine-CoV,TTGGGTAAT
bovine-CoV,TTGGTGCTAT
bovine-CoV,TTGTAATAA
bovine-CoV,TTGTTAATG
bovine-CoV,TTGTTTTAA
bovine-CoV,TTTACTAAT
bovine-CoV,TTTACTATT
bovine-CoV,TTTGTATTT
bovine-CoV,TTTTACAGA
bovine-CoV,TTTTGTTGAGG
bovine-CoV,AAAACCAAA
bovine-CoV,AATAATACT
bovine-CoV,AATGCTGAA
bovine-CoV,AATGCTGAT
bovine-CoV,AATGGTTTA
bovine-CoV,ACTATAGGTA
bovine-CoV,ACTGGTGTT
bovine-CoV,ACTGGTGTT
bovine-CoV,ACTTATTAT
bovine-CoV,ACTTGTAATA
bovine-CoV,AGATTTGGT
bovine-CoV,AGGTTAATG
bovine-CoV,AGTAAAGTT
bovine-CoV,AGTAAATGA
bovine-CoV,AGTGGTTATT
bovine-CoV,ATAACTATAG
bovine-CoV,ATAGGAGATTT
bovine-CoV,ATGATGTTG
bovine-CoV,ATGCTCTTG
bovine-CoV,ATGCTGTTG
bovine-CoV,CAGCAGCAG
bovine-CoV,CCTGCAGGT
bovine-CoV,CGATTGTAATA
bovine-CoV,CTAATGGTA
bovine-CoV,CTGATTTTA
bovine-CoV,CTGTTAATT
bovine-CoV,CTGTTGATT
bovine-CoV,CTTTGACTT
bovine-CoV,CTTTTAATT
bovine-CoV,CTTTTAATT
bovine-CoV,CTTTTAATT
bovine-CoV,GACACTGGTGTT
bovine-CoV,GACCTACAA
bovine-CoV,GACTTATTA
bovine-CoV,GCTCTTAAT
bovine-CoV,GGTAGTGGTTA
bovine-CoV,GGTAGTGGTT
bovine-CoV,GGTATTTTTG
bovine-CoV,GGTGTTGTT
bovine-CoV,GTAATATGG
bovine-CoV,GTAGGTAGTGGTT
bovine-CoV,GTTATAATG
bovine-CoV,GTTTCTGTT
bovine-CoV,TAATATTGA
bovine-CoV,TAATGGTAATC
bovine-CoV,TAATGGTATT
bovine-CoV,TAATGGTAT
bovine-CoV,TAATGGTAT
bovine-CoV,TAATTTGGG
bovine-CoV,TAGTTGGCA
bovine-CoV,TATTAATGG
bovine-CoV,TATTATAAT
bovine-CoV,TATTTAAAT
bovine-CoV,TATTTTTGCTAA
bovine-CoV,TCATGATGTT
bovine-CoV,TGGTTATTAC
bovine-CoV,TGGTTTAAA
bovine-CoV,TGGTTTGTAT
bovine-CoV,TGTAATATT
bovine-CoV,TGTTAATTAT
bovine-CoV,TGTTACTAA
bovine-CoV,TTAATGAATG
bovine-CoV,TTAATTATA
bovine-CoV,TTACTAATGGT
bovine-CoV,TTACTATTGA
bovine-CoV,TTATTATGT
bovine-CoV,TTCTGCTTT
bovine-CoV,TTGAGGCTT
bovine-CoV,TTGCTGGTG
bovine-CoV,TTGGTGCTAT
bovine-CoV,TTGTAATAA
bovine-CoV,TTGTTAATG
bovine-CoV,TTGTTTCCT
bovine-CoV,TTGTTTGTG
bovine-CoV,TTGTTTTAA
bovine-CoV,TTTACTAAT
bovine-CoV,TTTGTATTT
bovine-CoV,TTTTACAGA
bovine-CoV,AAAATCAAA
bovine-CoV,AAGATGGTGT
bovine-CoV,AATGCTGAA
bovine-CoV,AATGCTGAT
bovine-CoV,AATGGTTTA
bovine-CoV,ACTATAGGTA
bovine-CoV,ACTGGTGTT
bovine-CoV,ACTGGTGTT
bovine-CoV,ACTTATTAT
bovine-CoV,ACTTGTAATA
bovine-CoV,AGATTTGGT
bovine-CoV,AGGTTAATG
bovine-CoV,AGTAAAGTT
bovine-CoV,AGTAAATGA
bovine-CoV,AGTGGTTAC
bovine-CoV,AGTGGTTATT
bovine-CoV,ATAACTATAG
bovine-CoV,ATAGAGGTA
bovine-CoV,ATAGGAGATTT
bovine-CoV,ATGATGTTG
bovine-CoV,ATGCTGTTG
bovine-CoV,ATTTTGGGT
bovine-CoV,CAGCAGCAG
bovine-CoV,CATGATGTT
bovine-CoV,CGATTGCAATA
bovine-CoV,CTAATGGTA
bovine-CoV,CTGTTAATT
bovine-CoV,CTTTTAATT
bovine-CoV,CTTTTAATT
bovine-CoV,CTTTTAATT
bovine-CoV,GACACTGGTGTT
bovine-CoV,GACCTACAA
bovine-CoV,GACTTATTA
bovine-CoV,GCTCTTAAT
bovine-CoV,GGTAGTGGTTA
bovine-CoV,GGTAGTGGT
bovine-CoV,GGTGTTGTT
bovine-CoV,GGTTACACT
bovine-CoV,GGTTTGTAT
bovine-CoV,GTAATATGG
bovine-CoV,GTAGGTAGTGGT
bovine-CoV,GTTTCTGTT
bovine-CoV,TAATGGTAATC
bovine-CoV,TAATGGTATT
bovine-CoV,TAATGGTAT
bovine-CoV,TAATGGTAT
bovine-CoV,TAGTTGGCA
bovine-CoV,TATAGTGTG
bovine-CoV,TATTAATGG
bovine-CoV,TATTATAAT
bovine-CoV,TATTTAAAT
bovine-CoV,TATTTTTGCTAA
bovine-CoV,TCTATTAGC
bovine-CoV,TGCTGCTAA
bovine-CoV,TGGTTATTAC
bovine-CoV,TGGTTTAAA
bovine-CoV,TGTTAATTAT
bovine-CoV,TGTTACTAA
bovine-CoV,TGTTTCCTG
bovine-CoV,TTAAAGATGG
bovine-CoV,TTAATTATA
bovine-CoV,TTACTAATGGT
bovine-CoV,TTACTATTGA
bovine-CoV,TTAGTGCAG
bovine-CoV,TTATGTAAA
bovine-CoV,TTATTATGT
bovine-CoV,TTCTGCTTT
bovine-CoV,TTGAGGCTT
bovine-CoV,TTGCTGGTG
bovine-CoV,TTGGGTAAT
bovine-CoV,TTGGTGCTAT
bovine-CoV,TTGTTTATG
bovine-CoV,TTGTTTTAA
bovine-CoV,TTTACTAAT
bovine-CoV,TTTACTATT
bovine-CoV,TTTGTATTTT
bovine-CoV,TTTTACAGA
bovine-CoV,TTTTGGGTT
bovine-CoV,TTTTGTTGAGG
bovine-CoV,AAAATCAAA
bovine-CoV,AATAATACT
bovine-CoV,AATGCTGAT
bovine-CoV,AATGGTTTA
bovine-CoV,ACTATAGGTA
bovine-CoV,ACTGGTGTT
bovine-CoV,ACTGGTGTT
bovine-CoV,ACTTATTAT
bovine-CoV,ACTTGTAATA
bovine-CoV,AGATTTGGT
bovine-CoV,AGGTTAATG
bovine-CoV,AGTAAAGTT
bovine-CoV,AGTAAATGA
bovine-CoV,AGTGGTTATT
bovine-CoV,ATAACTATAG
bovine-CoV,ATAGGAGATTT
bovine-CoV,ATGATGTTG
bovine-CoV,ATGCTCTTG
bovine-CoV,ATGCTGTTG
bovine-CoV,ATGGTTTAAA
bovine-CoV,ATTTTATTT
bovine-CoV,CAATCTGTT
bovine-CoV,CAGCAGCAG
bovine-CoV,CATGATGTT
bovine-CoV,CCTGCAGGT
bovine-CoV,CTAATGGTA
bovine-CoV,CTATGGTTT
bovine-CoV,CTGATTTTA
bovine-CoV,CTGGTATAG
bovine-CoV,CTGTTAATT
bovine-CoV,CTTTTAATT
bovine-CoV,GACACTGGTGTT
bovine-CoV,GACCTACAA
bovine-CoV,GACTTATTA
bovine-CoV,GCTCTTAAT
bovine-CoV,GGTAGTGGTTA
bovine-CoV,GGTAGTGGTT
bovine-CoV,GGTATTTTTG
bovine-CoV,GGTGTTGTT
bovine-CoV,GTAATATGG
bovine-CoV,GTAGGTAGTGGTT
bovine-CoV,GTTTCTGTT
bovine-CoV,TAACTATAGA
bovine-CoV,TAACTATAG
bovine-CoV,TAATGCTTA
bovine-CoV,TAATGGTAATC
bovine-CoV,TAATGGTAT
bovine-CoV,TACTAATTT
bovine-CoV,TATTAATGGG
bovine-CoV,TATTATAAT
bovine-CoV,TATTTAAAT
bovine-CoV,TATTTTTGCTAA
bovine-CoV,TGCTGTTAAT
bovine-CoV,TGGTATAGG
bovine-CoV,TGGTTTGTAT
bovine-CoV,TGTTAATGT
bovine-CoV,TGTTAATTAT
bovine-CoV,TGTTACTAA
bovine-CoV,TTAAAGATGG
bovine-CoV,TTAATGAATG
bovine-CoV,TTAATGTTT
bovine-CoV,TTACTAATGGT
bovine-CoV,TTACTACCCT
bovine-CoV,TTACTATTGA
bovine-CoV,TTAGTGCAG
bovine-CoV,TTATTATGT
bovine-CoV,TTCTGCTTT
bovine-CoV,TTGAGGCTT
bovine-CoV,TTGCTGGTG
bovine-CoV,TTGGTGCTAT
bovine-CoV,TTGTAATAA
bovine-CoV,TTGTTAATG
bovine-CoV,TTGTTTTAA
bovine-CoV,TTTACTAAT
bovine-CoV,TTTACTATT
bovine-CoV,TTTGTATTTT
bovine-CoV,TTTTACAGA
bovine-CoV,TTTTGTTGAGG
bovine-CoV,AAAATCAAA
bovine-CoV,AATGCTGAA
bovine-CoV,AATGCTGAT
bovine-CoV,AATGGTTTA
bovine-CoV,ACTATAGGTA
bovine-CoV,ACTGGTGTT
bovine-CoV,ACTGGTGTT
bovine-CoV,ACTTATTAT
bovine-CoV,ACTTGTAATA
bovine-CoV,ACTTTAGCT
bovine-CoV,AGGTTAATG
bovine-CoV,AGGTTTGGT
bovine-CoV,AGTAAATGA
bovine-CoV,ATAACTATAG
bovine-CoV,ATGATGTTG
bovine-CoV,ATGCTGTTG
bovine-CoV,ATGGTATTA
bovine-CoV,ATGGTGTTA
bovine-CoV,ATGGTTTAAA
bovine-CoV,ATTTTATTT
bovine-CoV,ATTTTGATA
bovine-CoV,CACTGTTCAG
bovine-CoV,CAGCAGCAG
bovine-CoV,CCTGCAGGT
bovine-CoV,CTAATGGTA
bovine-CoV,CTATGGTTT
bovine-CoV,CTGATTTTA
bovine-CoV,CTTTTAATT
bovine-CoV,GACACTGGTGTT
bovine-CoV,GACCTACAA
bovine-CoV,GACTTATTA
bovine-CoV,GATTTTACTA
bovine-CoV,GCTCTTAAT
bovine-CoV,GGTAATGGT
bovine-CoV,GGTAGTGGTTACT
bovine-CoV,GGTATTTTTG
bovine-CoV,GGTGTTGTT
bovine-CoV,GGTTGTGTAG
bovine-CoV,GTTTCTGTT
bovine-CoV,TAACTATAGA
bovine-CoV,TAACTATAG
bovine-CoV,TAATGGTATT
bovine-CoV,TACTATTGA
bovine-CoV,TACTTTTGT
bovine-CoV,TAGTTGGCA
bovine-CoV,TATTAATGGG
bovine-CoV,TATTATAAT
bovine-CoV,TATTATGTT
bovine-CoV,TATTTAAAT
bovine-CoV,TATTTTTGCTAA
bovine-CoV,TGCTGCTAA
bovine-CoV,TGGCATAGG
bovine-CoV,TGGTTTGTAT
bovine-CoV,TGTTAATTAT
bovine-CoV,TGTTACTAA
bovine-CoV,TTAATGAATG
bovine-CoV,TTAGTGCAG
bovine-CoV,TTGACACTAC
bovine-CoV,TTGCTGGTG
bovine-CoV,TTGGGTTAC
bovine-CoV,TTGGTGCTAT
bovine-CoV,TTGTAATAG
bovine-CoV,TTGTTAATG
bovine-CoV,TTGTTCTACT
bovine-CoV,TTGTTTCCT
bovine-CoV,TTGTTTTAA
bovine-CoV,TTTAACAAT
bovine-CoV,TTTACTAAT
bovine-CoV,TTTGTATTTC
bovine-CoV,TTTTACAGA
bovine-CoV,TTTTACTAT
bovine-CoV,TTACTAATGGT
bovine-CoV,AAAACCAAA
bovine-CoV,AAGATGGTGT
bovine-CoV,AATGCTGAA
bovine-CoV,AATGCTGAT
bovine-CoV,AATGGTTTA
bovine-CoV,ACTATAGGTA
bovine-CoV,ACTGGTGTT
bovine-CoV,ACTGGTGTT
bovine-CoV,ACTTATTAT
bovine-CoV,ACTTGTAATA
bovine-CoV,AGATTTGGT
bovine-CoV,AGGTTAATG
bovine-CoV,AGTAAAGTT
bovine-CoV,AGTAAATGA
bovine-CoV,AGTGGTTATT
bovine-CoV,ATAACTATAG
bovine-CoV,ATAGGAGATTT
bovine-CoV,ATGATGTTG
bovine-CoV,ATGCTCTTG
bovine-CoV,ATGCTGTTG
bovine-CoV,CAGCAGCAG
bovine-CoV,CATGATGTT
bovine-CoV,CCTGCAGGT
bovine-CoV,CTAATGGTA
bovine-CoV,CTGATTTTA
bovine-CoV,CTGGTATAG
bovine-CoV,CTTTGACTT
bovine-CoV,CTTTTAATT
bovine-CoV,GACACTGGTGTT
bovine-CoV,GACCTACAA
bovine-CoV,GCTCTTAAT
bovine-CoV,GGTAGTGGTTA
bovine-CoV,GGTAGTGGTT
bovine-CoV,GGTGTTGTT
bovine-CoV,GGTTTGTAT
bovine-CoV,GTAATATGG
bovine-CoV,GTAGGTAGTGGTT
bovine-CoV,GTTTCTGTT
bovine-CoV,TAACTATAGA
bovine-CoV,TAACTATAG
bovine-CoV,TAATGGTAATC
bovine-CoV,TAATGGTATT
bovine-CoV,TAATGGTAT
bovine-CoV,TAATGGTAT
bovine-CoV,TAGGTACTT
bovine-CoV,TAGTTGGCA
bovine-CoV,TATTAATGG
bovine-CoV,TATTATAAT
bovine-CoV,TATTTAAAT
bovine-CoV,TATTTTTGCTAA
bovine-CoV,TGCTGCTAA
bovine-CoV,TGGTTATTAC
bovine-CoV,TGGTTTAAA
bovine-CoV,TGTAATATT
bovine-CoV,TGTTAATTA
bovine-CoV,TGTTACTAA
bovine-CoV,TGTTTATTTA
bovine-CoV,TTAAAGATGG
bovine-CoV,TTAATGAATG
bovine-CoV,TTACTAATGGT
bovine-CoV,TTACTATTGA
bovine-CoV,TTAGTGCAG
bovine-CoV,TTCTGCTTT
bovine-CoV,TTGAGGCTT
bovine-CoV,TTGGGTAAT
bovine-CoV,TTGGTGCTAT
bovine-CoV,TTGTTAATG
bovine-CoV,TTGTTTTAA
bovine-CoV,TTTACTAAT
bovine-CoV,TTTACTATT
bovine-CoV,TTTGTATTT
bovine-CoV,TTTTACAGA
bovine-CoV,TTTTGTTGAGG
bovine-CoV,AAAACCAAA
bovine-CoV,AATGCTGAT
bovine-CoV,AATGGTTTA
bovine-CoV,ACTATAGGTA
bovine-CoV,ACTGGTGTT
bovine-CoV,ACTGGTGTT
bovine-CoV,ACTTATTAT
bovine-CoV,ACTTGTAATA
bovine-CoV,AGATTTGGT
bovine-CoV,AGGTTAATG
bovine-CoV,AGTAAAGTT
bovine-CoV,AGTAAATGA
bovine-CoV,ATAACTATAG
bovine-CoV,ATAGGAGATTT
bovine-CoV,ATGATGTTG
bovine-CoV,ATGCTCTTG
bovine-CoV,ATGCTGTTG
bovine-CoV,ATTTTATTT
bovine-CoV,CAATACCCAA
bovine-CoV,CAGCAGCAG
bovine-CoV,CATGATGTT
bovine-CoV,CCTGCAGGT
bovine-CoV,CGATTGTAA
bovine-CoV,CTAATGGTA
bovine-CoV,CTGATTTTA
bovine-CoV,CTGCTTTTG
bovine-CoV,CTGTTAATT
bovine-CoV,CTTTGACTT
bovine-CoV,CTTTTAATT
bovine-CoV,CTTTTAATT
bovine-CoV,CTTTTAATT
bovine-CoV,GACACTGGTGTT
bovine-CoV,GACCTACAA
bovine-CoV,GACTTATTA
bovine-CoV,GCTCTTAAT
bovine-CoV,GGTAATGGT
bovine-CoV,GGTAGTGGTTA
bovine-CoV,GGTGTTGTT
bovine-CoV,GTAATATGG
bovine-CoV,GTTTCTGTT
bovine-CoV,TAATGGTAATC
bovine-CoV,TAATGGTATT
bovine-CoV,TAATGGTAT
bovine-CoV,TAATGGTAT
bovine-CoV,TACCATTTT
bovine-CoV,TAGGTACTT
bovine-CoV,TAGTTGGCA
bovine-CoV,TATTAATGG
bovine-CoV,TATTATAAT
bovine-CoV,TATTTAAAT
bovine-CoV,TATTTTTGC
bovine-CoV,TGGTTATTAC
bovine-CoV,TGGTTTAAA
bovine-CoV,TGGTTTGTAT
bovine-CoV,TGTTAATTAT
bovine-CoV,TGTTACTAA
bovine-CoV,TTAATGAATG
bovine-CoV,TTAATTATA
bovine-CoV,TTACTAATGGT
bovine-CoV,TTACTATTGA
bovine-CoV,TTATGTAAA
bovine-CoV,TTATTATGT
bovine-CoV,TTCTGCTTT
bovine-CoV,TTGAGGCTT
bovine-CoV,TTGGTGCTAT
bovine-CoV,TTGTAATAA
bovine-CoV,TTGTTTATG
bovine-CoV,TTGTTTCCT
bovine-CoV,TTGTTTGTG
bovine-CoV,TTGTTTTAA
bovine-CoV,TTTACTAAT
bovine-CoV,TTTACTATT
bovine-CoV,TTTGTATTTT
bovine-CoV,TTTGTTGAGG
bovine-CoV,TTTTACAGA
bovine-CoV,CCTGCAGGT
bovine-CoV,CATGATGTT
bovine-CoV,CCTGCAGGT
bovine-CoV,CTGGTATAG
bovine-CoV,TAACTATAGA
bovine-CoV,TGGTATAGG
bovine-CoV,AAAAATCAAACA
bovine-CoV,AAAATCAAA
bovine-CoV,AAAATCAAA
bovine-CoV,AATAATACT
bovine-CoV,AATAGTGGTA
bovine-CoV,AATGCTGAA
bovine-CoV,AATGCTGAT
bovine-CoV,AATGGTTTA
bovine-CoV,AATTTTTGT
bovine-CoV,ACACTGGTGTT
bovine-CoV,ACTATAGGTA
bovine-CoV,ACTGGTGTT
bovine-CoV,ACTGGTGTT
bovine-CoV,ACTTATTAT
bovine-CoV,ACTTGTAATA
bovine-CoV,AGGTTAATG
bovine-CoV,AGTGGTTATT
bovine-CoV,ATAACTATAG
bovine-CoV,ATAGGAGATTT
bovine-CoV,ATGCTGTTG
bovine-CoV,ATGGTGTTA
bovine-CoV,ATGGTTTAAA
bovine-CoV,ATTTTATTT
bovine-CoV,CACTGTTCAG
bovine-CoV,CAGCAGCAG
bovine-CoV,CCTGCAGGT
bovine-CoV,CGATTGTAATA
bovine-CoV,CTAATGGTA
bovine-CoV,CTACCAATT
bovine-CoV,CTATGGTTT
bovine-CoV,CTGATTTTA
bovine-CoV,CTTTTAATT
bovine-CoV,GACCTACAA
bovine-CoV,GACTTATTA
bovine-CoV,GCTCTTAAT
bovine-CoV,GGTAGTGGTTA
bovine-CoV,GGTAGTGGTT
bovine-CoV,GGTATTTTTG
bovine-CoV,GGTGTTGTT
bovine-CoV,GTAGGTAGTGGTT
bovine-CoV,GTTATAATG
bovine-CoV,GTTTCTGTT
bovine-CoV,TAACTATAGA
bovine-CoV,TAACTATAG
bovine-CoV,TAATGGTAT
bovine-CoV,TAATGTATA
bovine-CoV,TACCAATTTTGA
bovine-CoV,TATTAATGGG
bovine-CoV,TATTATAAT
bovine-CoV,TATTTAAAT
bovine-CoV,TATTTTTGCTAA
bovine-CoV,TCAGGAAGG
bovine-CoV,TGCTGCTAA
bovine-CoV,TGGTTATTAC
bovine-CoV,TGGTTTGTAT
bovine-CoV,TGTTACTAA
bovine-CoV,TTACTAATGGT
bovine-CoV,TTACTATTGA
bovine-CoV,TTAGTGCAG
bovine-CoV,TTCTGCTTT
bovine-CoV,TTGCTGGTG
bovine-CoV,TTGGTGCTAT
bovine-CoV,TTGTAATAG
bovine-CoV,TTGTTAATG
bovine-CoV,TTTACTATT
bovine-CoV,TTTGTATTTT
bovine-CoV,TTTTACAGA
bovine-CoV,TTTTGTTGAGG
bovine-CoV,AAGATGGTGT
bovine-CoV,AATGCTGAT
bovine-CoV,ACTATAGGTA
bovine-CoV,ACTGGTGTT
bovine-CoV,ACTTATTAT
bovine-CoV,ACTTGTAATA
bovine-CoV,AGTAAATGA
bovine-CoV,ATAACTATAG
bovine-CoV,CATGATGTT
bovine-CoV,CCATTAAAT
bovine-CoV,CCTGCAGGT
bovine-CoV,CTAATGGTA
bovine-CoV,CTATGGTTT
bovine-CoV,CTTTGACTT
bovine-CoV,GGTAGTACT
bovine-CoV,GGTATTTTTG
bovine-CoV,GGTGTTGTT
bovine-CoV,GTAATATGG
bovine-CoV,GTAATTTTA
bovine-CoV,GTTTCTGTT
bovine-CoV,TAACTATAGA
bovine-CoV,TAACTATAG
bovine-CoV,TAATATTGA
bovine-CoV,TAGTTGGCA
bovine-CoV,TATTATAAT
bovine-CoV,TATTTTTGCTAA
bovine-CoV,TGTAATATT
bovine-CoV,TGTTACTAA
bovine-CoV,TTAAAGATGG
bovine-CoV,TTACTATTGA
bovine-CoV,TTATTATGT
bovine-CoV,TTGTTTGTG
bovine-CoV,TTTACTAAT
bovine-CoV,TTTTACAGA
bovine-CoV,AAAATCAAA
bovine-CoV,AATAATACT
bovine-CoV,AATAGTGGTA
bovine-CoV,AATGCTGAA
bovine-CoV,AATGCTGAT
bovine-CoV,AATGGTTTAA
bovine-CoV,AATGGTTTA
bovine-CoV,AATGGTTTA
bovine-CoV,ACTATAGGTA
bovine-CoV,ACTGGTGTT
bovine-CoV,ACTGGTGTT
bovine-CoV,ACTTATTAT
bovine-CoV,ACTTGTAATA
bovine-CoV,AGATTTGGT
bovine-CoV,AGGAGATTT
bovine-CoV,AGGTTAATG
bovine-CoV,AGTAAATGA
bovine-CoV,AGTGGTTATT
bovine-CoV,ATAACTATAG
bovine-CoV,ATGATGTTG
bovine-CoV,ATGCTCTTG
bovine-CoV,ATGCTGTTG
bovine-CoV,ATGGTGTTA
bovine-CoV,ATGGTTTAAA
bovine-CoV,ATGGTTTAA
bovine-CoV,ATTTTATTT
bovine-CoV,CAGCAGCAG
bovine-CoV,CCTGCAGGT
bovine-CoV,CGATTGTAATA
bovine-CoV,CTAATGGTA
bovine-CoV,CTACCAATT
bovine-CoV,CTATGGTTT
bovine-CoV,CTGATTTTA
bovine-CoV,CTTTTAATT
bovine-CoV,GACACTGGTGTT
bovine-CoV,GACCTACAA
bovine-CoV,GACTTATTA
bovine-CoV,GATTTGTCA
bovine-CoV,GCTCTTAAT
bovine-CoV,GGTAATGGT
bovine-CoV,GGTAGTGGTTA
bovine-CoV,GGTATTTTTG
bovine-CoV,GGTGTTGTT
bovine-CoV,GTTTAATGT
bovine-CoV,GTTTCTGTT
bovine-CoV,TAACTATAGA
bovine-CoV,TAACTATAG
bovine-CoV,TAATGGTAATC
bovine-CoV,TAATGGTAT
bovine-CoV,TAGTTGGCA
bovine-CoV,TATTATAAT
bovine-CoV,TATTTAAAT
bovine-CoV,TATTTTTGCTAA
bovine-CoV,TGCTGCTAA
bovine-CoV,TGGTTTGTAT
bovine-CoV,TGTTACTAA
bovine-CoV,TTAACTATA
bovine-CoV,TTAATGAATG
bovine-CoV,TTACTAATGGT
bovine-CoV,TTACTATTGA
bovine-CoV,TTAGTGCAG
bovine-CoV,TTATTATGT
bovine-CoV,TTCTGCTTT
bovine-CoV,TTGCTGGTG
bovine-CoV,TTGGTGCTAT
bovine-CoV,TTGTAATAG
bovine-CoV,TTGTTAATG
bovine-CoV,TTGTTTCCT
bovine-CoV,TTGTTTTAA
bovine-CoV,TTTACTAAT
bovine-CoV,TTTACTATT
bovine-CoV,TTTGTATTT
bovine-CoV,TTTTACAGA
bovine-CoV,AAAACCAAA
bovine-CoV,AATGCTGAA
bovine-CoV,AATGCTGAT
bovine-CoV,AATGGTTTA
bovine-CoV,ACTATAGAT
bovine-CoV,ACTATAGGTA
bovine-CoV,ACTGGTGTT
bovine-CoV,ACTGGTGTT
bovine-CoV,ACTTATTAT
bovine-CoV,ACTTGTAATA
bovine-CoV,AGATTTGGT
bovine-CoV,AGGTTAATG
bovine-CoV,AGTAAAGTT
bovine-CoV,AGTAAATGA
bovine-CoV,AGTGGTTATT
bovine-CoV,ATAACTATAG
bovine-CoV,ATAGGAGATTT
bovine-CoV,ATGATGTTG
bovine-CoV,ATGCTGTTG
bovine-CoV,CAGCAGCAG
bovine-CoV,CATGATGTT
bovine-CoV,CTAATGGTA
bovine-CoV,CTGCTTTTG
bovine-CoV,CTGGTATAG
bovine-CoV,CTGTTAATT
bovine-CoV,CTTTGACTT
bovine-CoV,CTTTTAATT
bovine-CoV,GACACTGGTGTT
bovine-CoV,GACCTACAA
bovine-CoV,GCTCTTAAT
bovine-CoV,GGTAGTGGTTA
bovine-CoV,GGTAGTGGTT
bovine-CoV,GGTGTTATTT
bovine-CoV,GGTTTGTAT
bovine-CoV,GTAATATGG
bovine-CoV,GTAGGTAGTGGTT
bovine-CoV,GTTTCTGTT
bovine-CoV,TAACTATAGA
bovine-CoV,TAACTATAG
bovine-CoV,TAATATTGA
bovine-CoV,TAATGGTAATC
bovine-CoV,TAATGGTATT
bovine-CoV,TAATGGTAT
bovine-CoV,TAATGGTAT
bovine-CoV,TAGGTACTT
bovine-CoV,TAGTTGGCA
bovine-CoV,TATTAATGG
bovine-CoV,TATTATAAT
bovine-CoV,TATTTTTGCTAA
bovine-CoV,TGCTGCTAA
bovine-CoV,TGGTTATTAC
bovine-CoV,TGGTTTAAA
bovine-CoV,TGTAATATT
bovine-CoV,TGTTAATTAT
bovine-CoV,TGTTACTAA
bovine-CoV,TTAAAGATGG
bovine-CoV,TTAATGAATG
bovine-CoV,TTACTAATGGT
bovine-CoV,TTACTATAG
bovine-CoV,TTAGTGCAG
bovine-CoV,TTATTATGT
bovine-CoV,TTCTGCTTT
bovine-CoV,TTGCTGGTG
bovine-CoV,TTGGGTAAT
bovine-CoV,TTGGTGCTAT
bovine-CoV,TTGTTAATG
bovine-CoV,TTGTTTTAA
bovine-CoV,TTTACTAAT
bovine-CoV,TTTACTATT
bovine-CoV,TTTGTATTT
bovine-CoV,TTTTACAGA
bovine-CoV,TTTTGTTGA
bovine-CoV,ACTGGTGTT
bovine-CoV,ACTGGTGTT
bovine-CoV,GACACTGGTGTT
bovine-CoV,GGTGTTGTT
bovine-CoV,TAATGTATA
bovine-CoV,TGTTACTAA
bovine-CoV,TTACTAATGGT
bovine-CoV,CCTGCAGGT
bovine-CoV,TGGCATAGG
bovine-CoV,AACCTGTAGGTG
bovine-CoV,AATAATACT
bovine-CoV,AATGCTGAT
bovine-CoV,AATGGTTTA
bovine-CoV,ACTATAGGTA
bovine-CoV,ACTGGTGTT
bovine-CoV,ACTGGTGTT
bovine-CoV,ACTTATTAT
bovine-CoV,ACTTGTAATA
bovine-CoV,AGATTTGGT
bovine-CoV,AGGAAGCGA
bovine-CoV,AGGTTAATG
bovine-CoV,AGTAAATGA
bovine-CoV,ATAACTATAG
bovine-CoV,ATAGGAGATTT
bovine-CoV,ATGATGTTG
bovine-CoV,ATGCTCTTGA
bovine-CoV,ATGCTGTTG
bovine-CoV,ATGGTGTTA
bovine-CoV,ATGGTTTAAA
bovine-CoV,ATTTTATTT
bovine-CoV,ATTTTGATA
bovine-CoV,CACTGTTCAG
bovine-CoV,CATTTTTGG
bovine-CoV,CGATTGTAATA
bovine-CoV,CTAATGGTA
bovine-CoV,CTATGGTTT
bovine-CoV,CTTTTAATT
bovine-CoV,GACACTGGTGTT
bovine-CoV,GACTTATTA
bovine-CoV,GCTCTTAAT
bovine-CoV,GGTAATGGT
bovine-CoV,GGTAGTGGTTACT
bovine-CoV,GGTATTTTTG
bovine-CoV,GGTGTTGTT
bovine-CoV,GTTTCTGTT
bovine-CoV,TAACTATAGA
bovine-CoV,TAACTATAG
bovine-CoV,TAATGGTAATC
bovine-CoV,TACTATTGA
bovine-CoV,TAGTTGGCA
bovine-CoV,TATTAATGGG
bovine-CoV,TATTATAAT
bovine-CoV,TATTTTTGCTAA
bovine-CoV,TGCTGCTAA
bovine-CoV,TGGTTTGTAT
bovine-CoV,TGTTAATTAT
bovine-CoV,TGTTACTAA
bovine-CoV,TTAATGAATG
bovine-CoV,TTACTAATGGT
bovine-CoV,TTAGTGCAG
bovine-CoV,TTGATGCTA
bovine-CoV,TTGCTGGTG
bovine-CoV,TTGTAATAA
bovine-CoV,TTGTTAATG
bovine-CoV,TTGTTTTAA
bovine-CoV,TTTACTAAT
bovine-CoV,TTTATTTAAAT
bovine-CoV,TTTCCAGCA
bovine-CoV,TTTTACAGA
bovine-CoV,TTTTGTTGAGG
bovine-CoV,TAGTTGGCA
bovine-CoV,TATTATAAT
bovine-CoV,TGGCATAGG
bovine-CoV,AAAACCAAA
bovine-CoV,AATAATACT
bovine-CoV,AATGCTGAA
bovine-CoV,AATGCTGAT
bovine-CoV,AATGGTTTA
bovine-CoV,ACTATAGGTA
bovine-CoV,ACTGGTGTT
bovine-CoV,ACTGGTGTT
bovine-CoV,ACTTATTAT
bovine-CoV,ACTTGTAATA
bovine-CoV,AGGTTAATG
bovine-CoV,AGTAAATGA
bovine-CoV,AGTGGTTATT
bovine-CoV,AGTTTCTGT
bovine-CoV,ATAACTATAG
bovine-CoV,ATATGAGTA
bovine-CoV,ATGATGTTG
bovine-CoV,ATGCTCTTG
bovine-CoV,ATGCTGTTG
bovine-CoV,ATGGTTTAAA
bovine-CoV,ATTAATGGG
bovine-CoV,ATTTTATTT
bovine-CoV,ATTTTTGCTAA
bovine-CoV,CAGCAGCAG
bovine-CoV,CATGATGTT
bovine-CoV,CATTCTTGG
bovine-CoV,CCTGCAGGT
bovine-CoV,CTAAAGTTA
bovine-CoV,CTATGGTTT
bovine-CoV,CTGATTTTA
bovine-CoV,CTGGTATAG
bovine-CoV,CTGTTAATT
bovine-CoV,GACACTGGTGTT
bovine-CoV,GACCTACAA
bovine-CoV,GACTTATTA
bovine-CoV,GCCTGATGT
bovine-CoV,GCTCTTAAT
bovine-CoV,GGTAGTGGTTA
bovine-CoV,GTAATATGG
bovine-CoV,GTGTTGTCA
bovine-CoV,TAACTATAGA
bovine-CoV,TAACTATAG
bovine-CoV,TAATATTGA
bovine-CoV,TAATGGTAATC
bovine-CoV,TAGGAGATTT
bovine-CoV,TATTATAAT
bovine-CoV,TATTTAAAT
bovine-CoV,TCTATTAGC
bovine-CoV,TGCTGTTGTA
bovine-CoV,TGGTATAGG
bovine-CoV,TGGTTATTAC
bovine-CoV,TGGTTTGTAT
bovine-CoV,TGTAATATT
bovine-CoV,TGTTAATTAT
bovine-CoV,TTAATGAATG
bovine-CoV,TTACTAATGG
bovine-CoV,TTACTATTGA
bovine-CoV,TTAGTGCAG
bovine-CoV,TTATTATGT
bovine-CoV,TTCTGCTTT
bovine-CoV,TTGAGGCTT
bovine-CoV,TTGCTGGTG
bovine-CoV,TTGGTGCTAT
bovine-CoV,TTGTTAATG
bovine-CoV,TTGTTTTAA
bovine-CoV,TTTACTAAT
bovine-CoV,TTTACTATT
bovine-CoV,TTTCTGTTT
bovine-CoV,TTTGTATTT
bovine-CoV,TTTTACAGA
bovine-CoV,TTTTGTTGAGG
bovine-CoV,AAAATCAAA
bovine-CoV,AAGATGGTGT
bovine-CoV,AATGCTGAA
bovine-CoV,AATGCTGAT
bovine-CoV,AATGGTTTA
bovine-CoV,ACTATAGGTA
bovine-CoV,ACTGGTGTT
bovine-CoV,ACTGGTGTT
bovine-CoV,ACTTATTAT
bovine-CoV,ACTTGTAATA
bovine-CoV,AGATTTGGT
bovine-CoV,AGGTTAATG
bovine-CoV,AGTAAAGTT
bovine-CoV,AGTAAATGA
bovine-CoV,AGTGGTTATT
bovine-CoV,ATAACTATAG
bovine-CoV,ATAGGAGATTT
bovine-CoV,ATGATGTTG
bovine-CoV,ATGCTCTTG
bovine-CoV,ATGCTGTTG
bovine-CoV,CAGCAGCAG
bovine-CoV,CATGATGTT
bovine-CoV,CCTGCAGGT
bovine-CoV,CTAATGGTA
bovine-CoV,CTATTGATT
bovine-CoV,CTGACTTTA
bovine-CoV,CTGGTATAG
bovine-CoV,CTGTTAATT
bovine-CoV,CTTTTAATT
bovine-CoV,GACACTGGTGTT
bovine-CoV,GACCTACAA
bovine-CoV,GACTTATTA
bovine-CoV,GATTGCAATA
bovine-CoV,GCAGGTGTA
bovine-CoV,GCTCTTAAT
bovine-CoV,GGTAATGGT
bovine-CoV,GGTAGTGGTTA
bovine-CoV,GGTGTAATG
bovine-CoV,GGTGTTGTT
bovine-CoV,GTAATATGG
bovine-CoV,GTTTCTGTT
bovine-CoV,TAACTATAGA
bovine-CoV,TAACTATAG
bovine-CoV,TAATAATATT
bovine-CoV,TAATGGTAATC
bovine-CoV,TAATGGTATT
bovine-CoV,TAATGGTAT
bovine-CoV,TAATGGTAT
bovine-CoV,TATTAATGG
bovine-CoV,TATTATAAT
bovine-CoV,TATTTAAAT
bovine-CoV,TATTTTTGCTAA
bovine-CoV,TGCAGGTGT
bovine-CoV,TGCTGCTAA
bovine-CoV,TGGTATAGG
bovine-CoV,TGGTTTAAA
bovine-CoV,TGTTAATTAT
bovine-CoV,TGTTACTAA
bovine-CoV,TTAAAGATGG
bovine-CoV,TTAATGAATG
bovine-CoV,TTACTAATGGT
bovine-CoV,TTACTACCCT
bovine-CoV,TTACTATTGA
bovine-CoV,TTAGTGCAG
bovine-CoV,TTATTATGT
bovine-CoV,TTCTGCTTT
bovine-CoV,TTGAGGCTT
bovine-CoV,TTGGGTAAT
bovine-CoV,TTGGTGCTAT
bovine-CoV,TTGTTAATG
bovine-CoV,TTGTTTTAA
bovine-CoV,TTTACTAAT
bovine-CoV,TTTACTATT
bovine-CoV,TTTTACAGA
bovine-CoV,AATAGTGGTA
bovine-CoV,CATGATGTT
bovine-CoV,CCTGCAGGT
bovine-CoV,TAGTTGGCA
bovine-CoV,TAGTTGGCA
bovine-CoV,CCTGCAGGT
bovine-CoV,CTGGTATAG
bovine-CoV,AAAACCAAA
bovine-CoV,AAGATGGTGT
bovine-CoV,AATGCTGAA
bovine-CoV,AATGCTGAT
bovine-CoV,AATGGTTTA
bovine-CoV,ACTATAGGTA
bovine-CoV,ACTGGTGTT
bovine-CoV,ACTGGTGTT
bovine-CoV,ACTTATTAT
bovine-CoV,ACTTGTAATA
bovine-CoV,AGATTTGGT
bovine-CoV,AGGTTAATG
bovine-CoV,AGTAAAGTT
bovine-CoV,AGTAAATGA
bovine-CoV,AGTGGTTATT
bovine-CoV,ATAACTATAG
bovine-CoV,ATAGGAGATTT
bovine-CoV,ATGATGTTG
bovine-CoV,ATGCTGTTG
bovine-CoV,ATTTTGGGT
bovine-CoV,ATTTTTGCTAA
bovine-CoV,CAGCAGCAG
bovine-CoV,CATGATGTT
bovine-CoV,CGATTGCAATA
bovine-CoV,CTAATGGTA
bovine-CoV,CTGATTTTA
bovine-CoV,CTGGTATAG
bovine-CoV,CTGTTAATT
bovine-CoV,CTTTTAATT
bovine-CoV,GACACTGGTGTT
bovine-CoV,GACCTACAA
bovine-CoV,GCTCTTAAT
bovine-CoV,GCTTTTAAT
bovine-CoV,GGTAGTGGTTA
bovine-CoV,GGTAGTGGTT
bovine-CoV,GGTGTTGTT
bovine-CoV,GGTTTGTAT
bovine-CoV,GTAATATGG
bovine-CoV,GTAGGTAGTGGTT
bovine-CoV,TAACTATAGA
bovine-CoV,TAACTATAG
bovine-CoV,TAATGGTAATC
bovine-CoV,TAATGGTATT
bovine-CoV,TAATGGTAT
bovine-CoV,TAATGGTAT
bovine-CoV,TAGGTACTT
bovine-CoV,TAGTTGGCA
bovine-CoV,TATTAATGG
bovine-CoV,TATTATAAT
bovine-CoV,TATTTAAAT
bovine-CoV,TCTGATGTC
bovine-CoV,TGCTGCTAA
bovine-CoV,TGGTTATTAC
bovine-CoV,TGGTTTAAA
bovine-CoV,TGTTAATTAT
bovine-CoV,TGTTACTAA
bovine-CoV,TTAAAGATGG
bovine-CoV,TTAATGAATG
bovine-CoV,TTACTAATGGT
bovine-CoV,TTACTATTGA
bovine-CoV,TTAGTGCAG
bovine-CoV,TTATTATGT
bovine-CoV,TTCTGCTTT
bovine-CoV,TTGCTGGTG
bovine-CoV,TTGGGTAAT
bovine-CoV,TTGGTGCTAT
bovine-CoV,TTGTTAATG
bovine-CoV,TTGTTTTAA
bovine-CoV,TTTACTAAT
bovine-CoV,TTTACTATT
bovine-CoV,TTTGGGTTA
bovine-CoV,TTTGTATTT
bovine-CoV,TTTTACAGA
bovine-CoV,TTTTGGGTT
bovine-CoV,TTTTGTTGAGG
bovine-CoV,ACTAATTATTT
bovine-CoV,CCTGCAGGT
bovine-CoV,TGGTATAGG
bovine-CoV,AAAATCAAA
bovine-CoV,AATAATACT
bovine-CoV,AATGCTGAA
bovine-CoV,AATGCTGAT
bovine-CoV,AATGGTTTA
bovine-CoV,ACTATAGGTA
bovine-CoV,ACTGGTGTT
bovine-CoV,ACTGGTGTT
bovine-CoV,ACTGGTTAT
bovine-CoV,ACTTATTAT
bovine-CoV,ACTTGTAATA
bovine-CoV,AGGTTAATG
bovine-CoV,AGTAAATGA
bovine-CoV,AGTGGTTATT
bovine-CoV,AGTTTCTGT
bovine-CoV,ATAACTATAG
bovine-CoV,ATAGGAGATTT
bovine-CoV,ATATGAGTA
bovine-CoV,ATGATGTTG
bovine-CoV,ATGCTCTTG
bovine-CoV,ATGCTGTTG
bovine-CoV,ATGGTTTAAA
bovine-CoV,ATTAATGGG
bovine-CoV,ATTTTATTT
bovine-CoV,ATTTTTGCTAA
bovine-CoV,CAGCAGCAG
bovine-CoV,CATGATGTT
bovine-CoV,CATTCTTGG
bovine-CoV,CCTGCAGGT
bovine-CoV,CTAAAGTTA
bovine-CoV,CTATGGTTT
bovine-CoV,CTGATTTTA
bovine-CoV,CTGTTAATT
bovine-CoV,CTTTTAATT
bovine-CoV,GACACTGGTGTT
bovine-CoV,GACCTACAA
bovine-CoV,GACTTATTA
bovine-CoV,GCTCTTAAT
bovine-CoV,GGTAGTGGTTA
bovine-CoV,GTAATATGG
bovine-CoV,GTGTTGTCA
bovine-CoV,TAACTATAGA
bovine-CoV,TAACTATAG
bovine-CoV,TAATATTGA
bovine-CoV,TAATGGTAATC
bovine-CoV,TATAGGAGA
bovine-CoV,TATTATAAT
bovine-CoV,TATTTAAAT
bovine-CoV,TGGTATAGG
bovine-CoV,TGGTTATTAC
bovine-CoV,TGGTTTGTAT
bovine-CoV,TGTAATATT
bovine-CoV,TGTTAATTAT
bovine-CoV,TTAATGAATG
bovine-CoV,TTACTAATGG
bovine-CoV,TTACTATTGA
bovine-CoV,TTAGTGCAG
bovine-CoV,TTATGGTAT
bovine-CoV,TTATTATGT
bovine-CoV,TTCTGCTTT
bovine-CoV,TTGAGGCTT
bovine-CoV,TTGCTGGTG
bovine-CoV,TTGGTGCTAT
bovine-CoV,TTGTTAATG
bovine-CoV,TTGTTTTAA
bovine-CoV,TTTACTAAT
bovine-CoV,TTTACTATT
bovine-CoV,TTTCTGTTT
bovine-CoV,TTTGTATTT
bovine-CoV,TTTTACAGA
bovine-CoV,TTTTGTTGAGG
bovine-CoV,CCTGCAGGT
bovine-CoV,TGGCATAGG
bovine-CoV,AAAAATCAAACA
bovine-CoV,AAAATCAAA
bovine-CoV,AAAATCAAA
bovine-CoV,AAGATGGTGT
bovine-CoV,AATGCTGAA
bovine-CoV,AATGCTGAT
bovine-CoV,AATGGTTTA
bovine-CoV,ACAGGTGTT
bovine-CoV,ACTATAGGTA
bovine-CoV,ACTGGTGTT
bovine-CoV,ACTTATTAT
bovine-CoV,ACTTGTAATA
bovine-CoV,AGATTTGGT
bovine-CoV,AGGTTAATG
bovine-CoV,AGTAAAGTT
bovine-CoV,AGTAAATGA
bovine-CoV,AGTGGTTAC
bovine-CoV,AGTGGTTATT
bovine-CoV,ATAACTATAG
bovine-CoV,ATAGGAGATTT
bovine-CoV,ATGATGTTG
bovine-CoV,ATGCTCTTG
bovine-CoV,ATGCTGTTG
bovine-CoV,CAGCAGCAG
bovine-CoV,CATGATGTT
bovine-CoV,CCTGCAGGT
bovine-CoV,CGATTGTAATA
bovine-CoV,CTAATGGTA
bovine-CoV,CTGATTTTA
bovine-CoV,CTGTTAATT
bovine-CoV,CTTTGACTT
bovine-CoV,CTTTTAATT
bovine-CoV,CTTTTAATT
bovine-CoV,CTTTTAATT
bovine-CoV,GACCTACAA
bovine-CoV,GACTTATTA
bovine-CoV,GCTCTTAAT
bovine-CoV,GGTAGTGGTTA
bovine-CoV,GGTAGTGGTT
bovine-CoV,GGTGTTGTT
bovine-CoV,GGTTACACT
bovine-CoV,GTAATATGG
bovine-CoV,GTAGGTAGTGGTT
bovine-CoV,GTTTCTGTT
bovine-CoV,TAATATTGA
bovine-CoV,TAATGGTAATC
bovine-CoV,TAATGGTATT
bovine-CoV,TAATGGTAT
bovine-CoV,TAATGGTAT
bovine-CoV,TAATTTTAAT
bovine-CoV,TAGTTGGCA
bovine-CoV,TATTAATGG
bovine-CoV,TATTATAAT
bovine-CoV,TATTTAAAT
bovine-CoV,TATTTTTGCTAA
bovine-CoV,TGCTGCTAA
bovine-CoV,TGGCATAGG
bovine-CoV,TGGTTATTAC
bovine-CoV,TGGTTTAAA
bovine-CoV,TGGTTTGTAT
bovine-CoV,TGTAATATT
bovine-CoV,TGTTAATTAT
bovine-CoV,TGTTACTAA
bovine-CoV,TTAAAGATGG
bovine-CoV,TTAATGAATG
bovine-CoV,TTAATTATA
bovine-CoV,TTACTAATGGT
bovine-CoV,TTACTATTGA
bovine-CoV,TTAGTGCAG
bovine-CoV,TTATTATGT
bovine-CoV,TTCTGCTTT
bovine-CoV,TTGAGGCTT
bovine-CoV,TTGCTGGTG
bovine-CoV,TTGGGTAAT
bovine-CoV,TTGGTGCTAT
bovine-CoV,TTGTAATAA
bovine-CoV,TTGTTAATG
bovine-CoV,TTGTTTTAA
bovine-CoV,TTTACTAAT
bovine-CoV,TTTACTATT
bovine-CoV,TTTGTATTT
bovine-CoV,TTTTACAGA
bovine-CoV,TTTTGTTGAGG
bovine-CoV,AAAATCAAA
bovine-CoV,AATAATACT
bovine-CoV,AATGCTGAA
bovine-CoV,AATGCTGAT
bovine-CoV,AATGGTTTA
bovine-CoV,ACTATAGGTA
bovine-CoV,ACTGGTGTT
bovine-CoV,ACTGGTGTT
bovine-CoV,ACTTATTAT
bovine-CoV,ACTTGTAATA
bovine-CoV,ACTTTAGCT
bovine-CoV,AGGTTAATG
bovine-CoV,AGTAAATGA
bovine-CoV,AGTCAAAAT
bovine-CoV,AGTGGTTATT
bovine-CoV,ATAACTATAG
bovine-CoV,ATAGGAGATTT
bovine-CoV,ATGATGTTG
bovine-CoV,ATGCTGTTG
bovine-CoV,ATGGTATTA
bovine-CoV,ATGGTGTTA
bovine-CoV,ATGGTTTAAA
bovine-CoV,ATTTTATTT
bovine-CoV,ATTTTGATA
bovine-CoV,CACTGTTCAG
bovine-CoV,CAGCAGCAG
bovine-CoV,CCTGCAGGT
bovine-CoV,CGATTGTAATA
bovine-CoV,CTAATGGTA
bovine-CoV,CTACTAATT
bovine-CoV,CTATGGTTT
bovine-CoV,CTTTGACTT
bovine-CoV,CTTTTAATT
bovine-CoV,CTTTTAATT
bovine-CoV,CTTTTAATT
bovine-CoV,GACACTGGTGTT
bovine-CoV,GACTTATTA
bovine-CoV,GATTTTACTA
bovine-CoV,GCTCTTAAT
bovine-CoV,GGTAGTGGTTA
bovine-CoV,GGTAGTGGTT
bovine-CoV,GGTATTTTTG
bovine-CoV,GGTGTTGTT
bovine-CoV,GTAGGTAGTGGTT
bovine-CoV,GTTATAATG
bovine-CoV,TAATGGTAATC
bovine-CoV,TAATGGTATT
bovine-CoV,TAATGTATA
bovine-CoV,TACTAATTAT
bovine-CoV,TACTATTGA
bovine-CoV,TACTTTTGT
bovine-CoV,TAGTTGGCA
bovine-CoV,TATTAATGGG
bovine-CoV,TATTATAAT
bovine-CoV,TATTTAAAT
bovine-CoV,TATTTTTGCTAA
bovine-CoV,TGCTGCTAA
bovine-CoV,TGGCATTGG
bovine-CoV,TGGTTATTAC
bovine-CoV,TGGTTTGTAT
bovine-CoV,TGTTAATTAT
bovine-CoV,TGTTACTAA
bovine-CoV,TGTTTGTGT
bovine-CoV,TTAATGAATG
bovine-CoV,TTAATTATA
bovine-CoV,TTACTAATGGT
bovine-CoV,TTAGTGCAG
bovine-CoV,TTGCTGGTG
bovine-CoV,TTGGTGCTAT
bovine-CoV,TTGTAATAG
bovine-CoV,TTGTTAATG
bovine-CoV,TTGTTCTACT
bovine-CoV,TTGTTTCCT
bovine-CoV,TTGTTTTAA
bovine-CoV,TTTACTAAT
bovine-CoV,TTTGTATTTT
bovine-CoV,TTTTACAGA
bovine-CoV,TTTTACTAT
bovine-CoV,AAAATCAAA
bovine-CoV,AATAATACTT
bovine-CoV,AATGCTGAA
bovine-CoV,AATGCTGAT
bovine-CoV,AATGGTTTA
bovine-CoV,ACTATAGGTA
bovine-CoV,ACTGGTGTT
bovine-CoV,ACTGGTGTT
bovine-CoV,ACTTATTAT
bovine-CoV,ACTTGTAATA
bovine-CoV,ACTTTAGCT
bovine-CoV,AGGTTAATG
bovine-CoV,AGTAAATGA
bovine-CoV,AGTCAAAAT
bovine-CoV,ATAACTATAG
bovine-CoV,ATAGGAGATTT
bovine-CoV,ATGATGTTG
bovine-CoV,ATGCTGTTG
bovine-CoV,ATGGTATTA
bovine-CoV,ATGGTGTTA
bovine-CoV,ATGGTTTAAA
bovine-CoV,ATTTTATTT
bovine-CoV,ATTTTGATA
bovine-CoV,CACTGTTCAG
bovine-CoV,CAGCAGCAG
bovine-CoV,CGATTGTAATA
bovine-CoV,CTAATGGTA
bovine-CoV,CTATGGTTT
bovine-CoV,CTGATTTTA
bovine-CoV,CTGGAGGTG
bovine-CoV,CTTTGACTT
bovine-CoV,CTTTTAATT
bovine-CoV,CTTTTAATT
bovine-CoV,CTTTTAATT
bovine-CoV,GACACTGGTGTT
bovine-CoV,GACCTACAA
bovine-CoV,GACTTATTA
bovine-CoV,GATTTTACTA
bovine-CoV,GCTCTTAAT
bovine-CoV,GGTAGTGGTTACT
bovine-CoV,GGTAGTGGTT
bovine-CoV,GGTATTTTTG
bovine-CoV,GGTGTTGTT
bovine-CoV,GTAGGTAGTGGTT
bovine-CoV,GTTATAATG
bovine-CoV,TAATGGTAATC
bovine-CoV,TAATGGTATT
bovine-CoV,TAATGTATA
bovine-CoV,TACTATTGA
bovine-CoV,TACTTTTGT
bovine-CoV,TAGTTGGCA
bovine-CoV,TATTAATGGG
bovine-CoV,TATTATAAT
bovine-CoV,TATTTAAAT
bovine-CoV,TATTTTTGCTAA
bovine-CoV,TGCTGCTAA
bovine-CoV,TGGCATTGG
bovine-CoV,TGGTTTGTAT
bovine-CoV,TGTTAATTAT
bovine-CoV,TGTTACTAA
bovine-CoV,TGTTTGTGT
bovine-CoV,TTAATGAATG
bovine-CoV,TTAATTATA
bovine-CoV,TTACTAATGGT
bovine-CoV,TTAGTGCAG
bovine-CoV,TTGCTGGTG
bovine-CoV,TTGGTGCTAT
bovine-CoV,TTGTAATAG
bovine-CoV,TTGTTAATG
bovine-CoV,TTGTTCTACT
bovine-CoV,TTGTTTCCT
bovine-CoV,TTGTTTTAA
bovine-CoV,TTTACTAAT
bovine-CoV,TTTGTATTT
bovine-CoV,TTTTACAGA
bovine-CoV,TTTTACTAT
bovine-CoV,AAAATCAAA
bovine-CoV,AATGCTGAA
bovine-CoV,AATGCTGAT
bovine-CoV,AATGGTTTA
bovine-CoV,ACTATAGGTA
bovine-CoV,ACTGGTGTT
bovine-CoV,ACTGGTGTT
bovine-CoV,ACTTATTAT
bovine-CoV,ACTTGTAATA
bovine-CoV,AGGTTAATG
bovine-CoV,AGTAAATGA
bovine-CoV,AGTGGTTATT
bovine-CoV,AGTTTCTGT
bovine-CoV,ATAACTATAG
bovine-CoV,ATAGGAGATTT
bovine-CoV,ATATGAGTA
bovine-CoV,ATGATGTTG
bovine-CoV,ATGCTCTTG
bovine-CoV,ATGCTGTTG
bovine-CoV,ATGGTTTAAA
bovine-CoV,ATTAATGGG
bovine-CoV,ATTTTATTT
bovine-CoV,ATTTTTGCTAA
bovine-CoV,CAGCAGCAG
bovine-CoV,CATGATGTT
bovine-CoV,CATTCTTGG
bovine-CoV,CCTGCAGGT
bovine-CoV,CTAAAGTTA
bovine-CoV,CTATGGTTT
bovine-CoV,CTGATTTTA
bovine-CoV,CTGGTATAG
bovine-CoV,CTGTTAATT
bovine-CoV,CTTTTAATT
bovine-CoV,GACACTGGTGTT
bovine-CoV,GACCTACAA
bovine-CoV,GACTTATTA
bovine-CoV,GCTCTTAAT
bovine-CoV,GGTAGTGGTTA
bovine-CoV,GTAATATGG
bovine-CoV,GTGTTGTCA
bovine-CoV,GTTTTTGATA
bovine-CoV,TAACTATAGA
bovine-CoV,TAACTATAG
bovine-CoV,TAATATTGA
bovine-CoV,TAATGGTAATC
bovine-CoV,TATAGGAGA
bovine-CoV,TATTATAAT
bovine-CoV,TATTTAAAT
bovine-CoV,TGGTATAGG
bovine-CoV,TGGTTATTAC
bovine-CoV,TGGTTTGTAT
bovine-CoV,TGTAATATT
bovine-CoV,TGTTAATTAT
bovine-CoV,TTAATGAATG
bovine-CoV,TTACTAATGG
bovine-CoV,TTACTATTGA
bovine-CoV,TTAGTGCAG
bovine-CoV,TTATTATGT
bovine-CoV,TTCTGCTTT
bovine-CoV,TTGAGGCTT
bovine-CoV,TTGCTGGTG
bovine-CoV,TTGGTGCTAT
bovine-CoV,TTGTTAATG
bovine-CoV,TTGTTTGTG
bovine-CoV,TTGTTTTAA
bovine-CoV,TTTACTAAT
bovine-CoV,TTTACTATT
bovine-CoV,TTTCTGTTT
bovine-CoV,TTTGTATTT
bovine-CoV,TTTTACAGA
bovine-CoV,TTTTGTTGAGG
bovine-CoV,AAAACCAAA
bovine-CoV,AATAATACT
bovine-CoV,AATGCTGAA
bovine-CoV,AATGCTGAT
bovine-CoV,AATGGTTTA
bovine-CoV,ACTATAGGTA
bovine-CoV,ACTGGTGTT
bovine-CoV,ACTGGTGTT
bovine-CoV,ACTTATTAT
bovine-CoV,ACTTGTAATA
bovine-CoV,AGGTTAATG
bovine-CoV,AGTAAATGA
bovine-CoV,AGTGGTTATT
bovine-CoV,AGTTTCTGT
bovine-CoV,ATAACTATAG
bovine-CoV,ATATGAGTA
bovine-CoV,ATGATGTTG
bovine-CoV,ATGCTCTTG
bovine-CoV,ATGCTGTTG
bovine-CoV,ATGGTTTAAA
bovine-CoV,ATTAATGGG
bovine-CoV,ATTTTATTT
bovine-CoV,ATTTTTGCTAA
bovine-CoV,CAGCAGCAG
bovine-CoV,CATGATGTT
bovine-CoV,CATTCTTGG
bovine-CoV,CCTGCAGGT
bovine-CoV,CTAAAGTTA
bovine-CoV,CTATGGTTT
bovine-CoV,CTGATTTTA
bovine-CoV,CTGGTATAG
bovine-CoV,CTGTTAATT
bovine-CoV,GACACTGGTGTT
bovine-CoV,GACCTACAA
bovine-CoV,GACTTATTA
bovine-CoV,GCTCTTAAT
bovine-CoV,GGTAGTGGTTA
bovine-CoV,GTAATATGG
bovine-CoV,GTGTTGTCA
bovine-CoV,TAACTATAGA
bovine-CoV,TAACTATAG
bovine-CoV,TAATATTGA
bovine-CoV,TAATGGTAATC
bovine-CoV,TAGGAGATTT
bovine-CoV,TATTATAAT
bovine-CoV,TATTTAAAT
bovine-CoV,TGCTGTTGTA
bovine-CoV,TGGTATAGG
bovine-CoV,TGGTTATTAC
bovine-CoV,TGGTTTGTAT
bovine-CoV,TGTAATATT
bovine-CoV,TGTTAATTAT
bovine-CoV,TTAATGAATG
bovine-CoV,TTACTAATGG
bovine-CoV,TTACTATTGA
bovine-CoV,TTAGTGCAG
bovine-CoV,TTATTATGT
bovine-CoV,TTCTGCTTT
bovine-CoV,TTGAGGCTT
bovine-CoV,TTGCTGGTG
bovine-CoV,TTGGTGCTAT
bovine-CoV,TTGTTAATG
bovine-CoV,TTGTTTTAA
bovine-CoV,TTTACTAAT
bovine-CoV,TTTACTATT
bovine-CoV,TTTCTGTTT
bovine-CoV,TTTGTATTT
bovine-CoV,TTTTACAGA
bovine-CoV,TTTTGTTGAGG
bovine-CoV,AAAATCAAA
bovine-CoV,AAGATGGTGT
bovine-CoV,AATAATACT
bovine-CoV,AATGCTGAT
bovine-CoV,AATGGTTTA
bovine-CoV,ACTATAGGTA
bovine-CoV,ACTGGTGTT
bovine-CoV,ACTTATTAT
bovine-CoV,ACTTGTAATA
bovine-CoV,AGATTTGGT
bovine-CoV,AGGTTAATG
bovine-CoV,AGTAAAGTT
bovine-CoV,AGTAAATGA
bovine-CoV,AGTGGTTAC
bovine-CoV,AGTGGTTATT
bovine-CoV,ATAACTATAG
bovine-CoV,ATAGGAGATTT
bovine-CoV,ATGATGTTG
bovine-CoV,ATGCTGTTG
bovine-CoV,ATTGGTGTT
bovine-CoV,ATTTTGGGT
bovine-CoV,CAGCAGCAG
bovine-CoV,CATGATGTT
bovine-CoV,CGATTGCAATA
bovine-CoV,CTAATGGTA
bovine-CoV,CTGTTAATT
bovine-CoV,CTTTTAATT
bovine-CoV,CTTTTAATT
bovine-CoV,CTTTTAATT
bovine-CoV,GACATTGGT
bovine-CoV,GACCTACAAT
bovine-CoV,GACTTATTA
bovine-CoV,GCTCTTAAT
bovine-CoV,GGTAGTGGTTA
bovine-CoV,GGTAGTGGTT
bovine-CoV,GGTGTTGTT
bovine-CoV,GGTTACACT
bovine-CoV,GGTTTGTAT
bovine-CoV,GTAATATGG
bovine-CoV,GTAATTTTA
bovine-CoV,GTAGGTAGTGGTT
bovine-CoV,GTTTCTGTT
bovine-CoV,TAATGGTAATC
bovine-CoV,TAATGGTATT
bovine-CoV,TAATGGTAT
bovine-CoV,TAATGGTAT
bovine-CoV,TAGTTGGCA
bovine-CoV,TATAGTGTG
bovine-CoV,TATTAATGG
bovine-CoV,TATTATAAT
bovine-CoV,TATTTAAAT
bovine-CoV,TATTTTTGCTAA
bovine-CoV,TCCTTCTATT
bovine-CoV,TGCTGCTAA
bovine-CoV,TGGTTATTAC
bovine-CoV,TGGTTTAAA
bovine-CoV,TGTTAATTAT
bovine-CoV,TGTTACTAA
bovine-CoV,TGTTTCCTG
bovine-CoV,TTAAAGATGG
bovine-CoV,TTAATGAATG
bovine-CoV,TTAATTATA
bovine-CoV,TTACTAATGGT
bovine-CoV,TTACTATTGA
bovine-CoV,TTAGTGCAG
bovine-CoV,TTATGTAAA
bovine-CoV,TTATTATGT
bovine-CoV,TTCTGCTTT
bovine-CoV,TTGAGGCTT
bovine-CoV,TTGCTGGTG
bovine-CoV,TTGGGTAAT
bovine-CoV,TTGGTGCTAT
bovine-CoV,TTGTTTATG
bovine-CoV,TTGTTTTAA
bovine-CoV,TTTACTAAT
bovine-CoV,TTTACTATT
bovine-CoV,TTTGTATTTT
bovine-CoV,TTTTACAGA
bovine-CoV,TTTTGGGTT
bovine-CoV,TTTTGTTGAGG
bovine-CoV,AAAATCAAA
bovine-CoV,AAGATGGTGT
bovine-CoV,AATAATACT
bovine-CoV,AATGCTGAA
bovine-CoV,AATGCTGAT
bovine-CoV,AATGGTTTA
bovine-CoV,ACTATAGGTA
bovine-CoV,ACTGGTGTT
bovine-CoV,ACTGGTGTT
bovine-CoV,ACTTATTAT
bovine-CoV,ACTTGTAATA
bovine-CoV,AGATTTGGT
bovine-CoV,AGGTTAATG
bovine-CoV,AGTAAATGA
bovine-CoV,AGTGGTTATT
bovine-CoV,ATAACTATAG
bovine-CoV,ATAGGAGATTT
bovine-CoV,ATGATGTTG
bovine-CoV,ATGCTCTTG
bovine-CoV,ATGCTGTTG
bovine-CoV,ATGGTTTAAA
bovine-CoV,CAGCAGCAG
bovine-CoV,CATGATGTT
bovine-CoV,CCTGCAGGT
bovine-CoV,CGATTGTAATA
bovine-CoV,CTAATGGTA
bovine-CoV,CTACCAATT
bovine-CoV,CTATGGTTT
bovine-CoV,CTGATTTTA
bovine-CoV,CTGGTATAG
bovine-CoV,CTGTTAATT
bovine-CoV,CTTTTAATT
bovine-CoV,GACACTGGTGTT
bovine-CoV,GACCTACAA
bovine-CoV,GACTTATTA
bovine-CoV,GCATTTTTG
bovine-CoV,GCTCTTAAT
bovine-CoV,GGTAGTGGTTA
bovine-CoV,GGTAGTGGTT
bovine-CoV,GGTGTTGTT
bovine-CoV,GTAATATGG
bovine-CoV,GTAGGTAGTGGTT
bovine-CoV,GTGGTTGTT
bovine-CoV,GTTTCTGTT
bovine-CoV,TAACTATAGA
bovine-CoV,TAACTATAG
bovine-CoV,TAATATTGA
bovine-CoV,TAATGGTAATC
bovine-CoV,TAATGGTAT
bovine-CoV,TATTAATGGG
bovine-CoV,TATTATAAT
bovine-CoV,TATTTAAAT
bovine-CoV,TATTTTTGCTAA
bovine-CoV,TGGTATAGG
bovine-CoV,TGGTTTGTAT
bovine-CoV,TGTAATATT
bovine-CoV,TGTTAATTAT
bovine-CoV,TGTTACTAA
bovine-CoV,TTAAAGATGG
bovine-CoV,TTAATGAATG
bovine-CoV,TTACTAATGGT
bovine-CoV,TTACTACCCT
bovine-CoV,TTACTATTGA
bovine-CoV,TTAGTGCAG
bovine-CoV,TTATTATGT
bovine-CoV,TTCTGCTTT
bovine-CoV,TTGAGGCTT
bovine-CoV,TTGCTGGTG
bovine-CoV,TTGTAATAA
bovine-CoV,TTGTTAATG
bovine-CoV,TTGTTTTAA
bovine-CoV,TTTACTAAT
bovine-CoV,TTTACTATT
bovine-CoV,TTTGTATTT
bovine-CoV,TTTTACAGA
bovine-CoV,AATTGGGAA
bovine-CoV,ACTGGTGTT
bovine-CoV,GGTGTTGTT
bovine-CoV,GTTTCTGTT
bovine-CoV,TAATATTGA
bovine-CoV,TGCTGCTAA
bovine-CoV,TTACTTGTA
bovine-CoV,CCTGCAGGT
bovine-CoV,TGGCATAGG
bovine-CoV,AATGCTGAT
bovine-CoV,ACTGGTGTT
bovine-CoV,ACTGGTGTT
bovine-CoV,ACTTATTAT
bovine-CoV,ATAGGAGATTT
bovine-CoV,ATGATGTTG
bovine-CoV,ATTTTGATA
bovine-CoV,CATGATGTT
bovine-CoV,CCTGCAGGT
bovine-CoV,CTGGTATAG
bovine-CoV,GACACTGGTGTT
bovine-CoV,GGTGTTGTT
bovine-CoV,GTAGGTAGTGGTT
bovine-CoV,GTTTCTGTT
bovine-CoV,TAAAAGTGATT
bovine-CoV,TAACTATAG
bovine-CoV,TAATATTGA
bovine-CoV,TATTATAAT
bovine-CoV,TATTTTTGCTAA
bovine-CoV,TCTACTGGT
bovine-CoV,TGCTGCTAA
bovine-CoV,TGGTATAGG
bovine-CoV,TGTAATATT
bovine-CoV,TGTTACTAA
bovine-CoV,TTACTAATGGT
bovine-CoV,TTATTATGT
bovine-CoV,TTTCTGTTT
bovine-CoV,TTTTACAGA
bovine-CoV,AAAATCAAA
bovine-CoV,AAGATGGTGT
bovine-CoV,AATAATACT
bovine-CoV,AATGCTGAA
bovine-CoV,AATGCTGAT
bovine-CoV,AATGGTTTA
bovine-CoV,ACTATAGGTA
bovine-CoV,ACTGGTGTT
bovine-CoV,ACTGGTGTT
bovine-CoV,ACTTATTAT
bovine-CoV,ACTTGTAATA
bovine-CoV,AGATTTGGT
bovine-CoV,AGGTTAATG
bovine-CoV,AGTAAAGTT
bovine-CoV,AGTAAATGA
bovine-CoV,AGTGGTTAC
bovine-CoV,AGTGGTTATT
bovine-CoV,ATAACTATAG
bovine-CoV,ATAGGAGATTT
bovine-CoV,ATGATGTTG
bovine-CoV,ATGCTGTTG
bovine-CoV,ATTGCAATA
bovine-CoV,CAGCAGCAG
bovine-CoV,CATGATGTT
bovine-CoV,CTAATGGTA
bovine-CoV,CTGTTAATT
bovine-CoV,CTTTGACTT
bovine-CoV,CTTTTAATT
bovine-CoV,CTTTTAATT
bovine-CoV,CTTTTAATT
bovine-CoV,GACACTGGTGTT
bovine-CoV,GACCTACAA
bovine-CoV,GACTTATTA
bovine-CoV,GGTAGTGGTTA
bovine-CoV,GGTAGTGGT
bovine-CoV,GGTGTTGTT
bovine-CoV,GGTTACACT
bovine-CoV,GTAATATGG
bovine-CoV,GTAGGTAGTGGT
bovine-CoV,GTTTCTGTT
bovine-CoV,TAATGGTAATC
bovine-CoV,TAATGGTATT
bovine-CoV,TAATGGTAT
bovine-CoV,TAATGGTAT
bovine-CoV,TAGTTGGCA
bovine-CoV,TATTAATGG
bovine-CoV,TATTATAAT
bovine-CoV,TATTTTTGCTAA
bovine-CoV,TGCTGCTAA
bovine-CoV,TGGCATAGG
bovine-CoV,TGGTTATTAC
bovine-CoV,TGGTTTAAA
bovine-CoV,TGGTTTGTAT
bovine-CoV,TGTTAATTAT
bovine-CoV,TGTTACTAA
bovine-CoV,TTAAAGATGG
bovine-CoV,TTAATGAATG
bovine-CoV,TTAATTATA
bovine-CoV,TTACTAATGGT
bovine-CoV,TTACTATTGA
bovine-CoV,TTAGTGCAG
bovine-CoV,TTATGTAAA
bovine-CoV,TTATTATGT
bovine-CoV,TTCTGCTTT
bovine-CoV,TTGAGGCTT
bovine-CoV,TTGCTGGTG
bovine-CoV,TTGGGTAAT
bovine-CoV,TTGGTGCTAT
bovine-CoV,TTGTTTATG
bovine-CoV,TTGTTTTAA
bovine-CoV,TTTACTAAT
bovine-CoV,TTTACTATT
bovine-CoV,TTTGTATTT
bovine-CoV,TTTTACAGA
bovine-CoV,TTTTGTTGAGG
bovine-CoV,AAAAATCAAACA
bovine-CoV,AAAATCAAA
bovine-CoV,AAAATCAAA
bovine-CoV,AATAATACT
bovine-CoV,AATAGTGGTA
bovine-CoV,AATGCTGAA
bovine-CoV,AATGCTGAT
bovine-CoV,AATGGTTTA
bovine-CoV,AATTTTTGT
bovine-CoV,ACACTGGTGTT
bovine-CoV,ACTATAGGTA
bovine-CoV,ACTGGTGTT
bovine-CoV,ACTGGTGTT
bovine-CoV,ACTTATTAT
bovine-CoV,ACTTGTAATA
bovine-CoV,AGGTTAATG
bovine-CoV,AGTGGTTATT
bovine-CoV,ATAACTATAG
bovine-CoV,ATAGGAGATTT
bovine-CoV,ATGCTGTTG
bovine-CoV,ATGGTGTTA
bovine-CoV,ATGGTTTAAA
bovine-CoV,ATTTTATTT
bovine-CoV,CACTGTTCAG
bovine-CoV,CAGCAGCAG
bovine-CoV,CCTGCAGGT
bovine-CoV,CGATTGTAATA
bovine-CoV,CTAATGGTA
bovine-CoV,CTACCAATT
bovine-CoV,CTATGGTTT
bovine-CoV,CTGATTTTA
bovine-CoV,CTTTTAATT
bovine-CoV,GACCTACAA
bovine-CoV,GACTTATTA
bovine-CoV,GCTCTTAAT
bovine-CoV,GGTAGTGGTTA
bovine-CoV,GGTAGTGGTT
bovine-CoV,GGTATTTTTG
bovine-CoV,GGTGTTGTT
bovine-CoV,GTAGGTAGTGGTT
bovine-CoV,GTTATAATG
bovine-CoV,GTTTCTGTT
bovine-CoV,TAACTATAGA
bovine-CoV,TAACTATAG
bovine-CoV,TAATGGTAT
bovine-CoV,TAATGTATA
bovine-CoV,TACCAATTTTGA
bovine-CoV,TATTAATGGG
bovine-CoV,TATTATAAT
bovine-CoV,TATTTAAAT
bovine-CoV,TATTTTTGCTAA
bovine-CoV,TCAGGAAGG
bovine-CoV,TGCTGCTAA
bovine-CoV,TGGTTATTACC
bovine-CoV,TGGTTTGTAT
bovine-CoV,TGTTACTAA
bovine-CoV,TTAATGAATG
bovine-CoV,TTACTAATGGT
bovine-CoV,TTACTATTGA
bovine-CoV,TTAGTGCAG
bovine-CoV,TTCTGCTTT
bovine-CoV,TTGCTGGTG
bovine-CoV,TTGGTGCTAT
bovine-CoV,TTGTAATAG
bovine-CoV,TTGTTAATG
bovine-CoV,TTTACTATT
bovine-CoV,TTTGTATTTT
bovine-CoV,TTTTACAGA
bovine-CoV,TTTTGTTGAGG
bovine-CoV,AAAAATCAAACA
bovine-CoV,AAAATCAAA
bovine-CoV,AAAATCAAA
bovine-CoV,AAGATGGTGTTA
bovine-CoV,AAGATGGTGT
bovine-CoV,AATGCTGAA
bovine-CoV,AATGCTGAT
bovine-CoV,AATGGTTTA
bovine-CoV,ACTATAGGTA
bovine-CoV,ACTGGTGTT
bovine-CoV,ACTGGTGTT
bovine-CoV,ACTTATTAT
bovine-CoV,ACTTGTAATA
bovine-CoV,AGATTTGGT
bovine-CoV,AGGTTAATG
bovine-CoV,AGTAAAGTT
bovine-CoV,AGTAAATGA
bovine-CoV,AGTGGTTATT
bovine-CoV,ATAACTATAG
bovine-CoV,ATAGGAGATTT
bovine-CoV,ATGATGTTG
bovine-CoV,ATGCTGTTG
bovine-CoV,CAGCAGCAG
bovine-CoV,CATGATGTT
bovine-CoV,CTAATGGTA
bovine-CoV,CTGATTTTA
bovine-CoV,CTGGTATAG
bovine-CoV,CTGTTAATT
bovine-CoV,CTTTGACTT
bovine-CoV,CTTTTAATT
bovine-CoV,GACACTGGTGTT
bovine-CoV,GACCTACAA
bovine-CoV,GACTTATTA
bovine-CoV,GCTCTTAAT
bovine-CoV,GGTGTTGTT
bovine-CoV,GGTTTGTAT
bovine-CoV,GTAATATGG
bovine-CoV,GTGTTAATT
bovine-CoV,GTTTCTGTT
bovine-CoV,TAACTATAGA
bovine-CoV,TAACTATAG
bovine-CoV,TAATGGTAATC
bovine-CoV,TAATGGTATT
bovine-CoV,TAATGGTAT
bovine-CoV,TAATGGTAT
bovine-CoV,TAGTTGGCA
bovine-CoV,TATTAATGG
bovine-CoV,TATTATAAT
bovine-CoV,TATTTAAAT
bovine-CoV,TATTTTTGCTAA
bovine-CoV,TGATTGTTT
bovine-CoV,TGCTGCTAA
bovine-CoV,TGGTTATTAC
bovine-CoV,TGTTAATTAT
bovine-CoV,TGTTACTAA
bovine-CoV,TTAAAGATGGTGT
bovine-CoV,TTAATGAATG
bovine-CoV,TTACTAATGGT
bovine-CoV,TTACTATTGA
bovine-CoV,TTAGTGCAG
bovine-CoV,TTATGTAAA
bovine-CoV,TTATTATGT
bovine-CoV,TTGAGGCTT
bovine-CoV,TTGCTGGTG
bovine-CoV,TTGGTGCTAT
bovine-CoV,TTGTAATAA
bovine-CoV,TTGTTTATG
bovine-CoV,TTGTTTTAA
bovine-CoV,TTTACTAAT
bovine-CoV,TTTACTATT
bovine-CoV,TTTGTATTT
bovine-CoV,TTTTACAGA
bovine-CoV,TTTTGTTGAGG
bovine-CoV,AAAACCAAA
bovine-CoV,AAGATGGTGT
bovine-CoV,AATGCTGAA
bovine-CoV,AATGCTGAT
bovine-CoV,AATGGTATT
bovine-CoV,AATGGTTTA
bovine-CoV,ACTATAGGTA
bovine-CoV,ACTGGTGTT
bovine-CoV,ACTGGTGTT
bovine-CoV,ACTTATTAT
bovine-CoV,ACTTGTAATA
bovine-CoV,AGGTTAATG
bovine-CoV,AGTAAAGTT
bovine-CoV,AGTAAATGA
bovine-CoV,AGTGGTTATT
bovine-CoV,ATAACTATAG
bovine-CoV,ATGATGTTG
bovine-CoV,ATGCTCTTG
bovine-CoV,ATGCTGTTG
bovine-CoV,CAGCAGCAG
bovine-CoV,CATGATGTT
bovine-CoV,CATGTAAAT
bovine-CoV,CCAATGGTA
bovine-CoV,CCTGCAGGTA
bovine-CoV,CTGATTTTA
bovine-CoV,CTGTTAATT
bovine-CoV,CTTTGACTT
bovine-CoV,CTTTTAATT
bovine-CoV,GACACTGGTGTT
bovine-CoV,GACCTACAA
bovine-CoV,GCTCTTAAT
bovine-CoV,GGTAGTGGTTA
bovine-CoV,GGTATTTTT
bovine-CoV,GGTGTTACC
bovine-CoV,GGTGTTGTT
bovine-CoV,GGTTTGTAT
bovine-CoV,GTAATATGG
bovine-CoV,GTTTCTGTT
bovine-CoV,TAAATTGGG
bovine-CoV,TAACTATAGA
bovine-CoV,TAACTATAG
bovine-CoV,TAATATTGA
bovine-CoV,TAATGGTAATC
bovine-CoV,TAATGGTAT
bovine-CoV,TAGTTGGCA
bovine-CoV,TATTAATGG
bovine-CoV,TATTATAAT
bovine-CoV,TATTTAAAT
bovine-CoV,TATTTTTGCTAA
bovine-CoV,TCAATGGTT
bovine-CoV,TGGCATAGG
bovine-CoV,TGGGTAATAAA
bovine-CoV,TGGTTATTAC
bovine-CoV,TGGTTTAAA
bovine-CoV,TGTAATATT
bovine-CoV,TGTTAATTAT
bovine-CoV,TGTTACTAA
bovine-CoV,TGTTTATTTA
bovine-CoV,TTAAAGATGG
bovine-CoV,TTAATGAATG
bovine-CoV,TTACTATTGA
bovine-CoV,TTAGTGCAG
bovine-CoV,TTATTATGT
bovine-CoV,TTCTGCTTT
bovine-CoV,TTGAGGCTT
bovine-CoV,TTGCTGGTG
bovine-CoV,TTGGGTAAT
bovine-CoV,TTGGTGCTAT
bovine-CoV,TTGTTAATG
bovine-CoV,TTGTTTTAA
bovine-CoV,TTTACTATT
bovine-CoV,TTTGTATTT
bovine-CoV,TTTTACAGA
bovine-CoV,TTTTGTTGAGG
bovine-CoV,AAAATCAAA
bovine-CoV,AAGATGGTGT
bovine-CoV,AATAATACT
bovine-CoV,AATGCTGAA
bovine-CoV,AATGCTGAT
bovine-CoV,AATGGTTTA
bovine-CoV,ACTATAGGTA
bovine-CoV,ACTGGTGTT
bovine-CoV,ACTGGTGTT
bovine-CoV,ACTTATTAT
bovine-CoV,ACTTGTAATA
bovine-CoV,AGATTTGGT
bovine-CoV,AGGTTAATG
bovine-CoV,AGTAAAGTT
bovine-CoV,AGTAAATGA
bovine-CoV,AGTGGTTAC
bovine-CoV,AGTGGTTATT
bovine-CoV,ATAACTATAG
bovine-CoV,ATAGGAGATTT
bovine-CoV,ATATGAGTA
bovine-CoV,ATGATGTTG
bovine-CoV,ATGCTGTTG
bovine-CoV,ATTATTTGTA
bovine-CoV,ATTTTGGGT
bovine-CoV,CAGCAGCAG
bovine-CoV,CATGATGTT
bovine-CoV,CTAATGGTA
bovine-CoV,CTGTTAATT
bovine-CoV,CTTTTAATT
bovine-CoV,CTTTTAATT
bovine-CoV,CTTTTAATT
bovine-CoV,GACACTGGTGTT
bovine-CoV,GACCTACAAT
bovine-CoV,GACTTATTA
bovine-CoV,GATACAGGT
bovine-CoV,GCTCTTAAT
bovine-CoV,GGTAGTGGTTA
bovine-CoV,GGTAGTGGTT
bovine-CoV,GGTGTTGTT
bovine-CoV,GGTTACACT
bovine-CoV,GGTTTGTAT
bovine-CoV,GTAATATGG
bovine-CoV,GTACTTTTT
bovine-CoV,GTAGGTAGTGGTT
bovine-CoV,GTTTCTGTT
bovine-CoV,TAATGGTAATC
bovine-CoV,TAATGGTATT
bovine-CoV,TAATGGTAT
bovine-CoV,TAATGGTAT
bovine-CoV,TACTTTTTT
bovine-CoV,TAGTTGGCA
bovine-CoV,TATAGTGTG
bovine-CoV,TATTAATGG
bovine-CoV,TATTATAAT
bovine-CoV,TATTTAAAT
bovine-CoV,TATTTTTGCTAA
bovine-CoV,TGCTGCTAA
bovine-CoV,TGGCATAGG
bovine-CoV,TGGTTATTAC
bovine-CoV,TGGTTTAAA
bovine-CoV,TGTTAATTAT
bovine-CoV,TGTTACTAA
bovine-CoV,TGTTGCCTC
bovine-CoV,TGTTTCCTG
bovine-CoV,TTAAAGATGG
bovine-CoV,TTAATGAATG
bovine-CoV,TTAATTATA
bovine-CoV,TTACTAATGGT
bovine-CoV,TTACTATTGA
bovine-CoV,TTAGTGCAG
bovine-CoV,TTATGTAAA
bovine-CoV,TTATTATGT
bovine-CoV,TTCTGCTTT
bovine-CoV,TTGAGGCTT
bovine-CoV,TTGCTGGTG
bovine-CoV,TTGGGTAAT
bovine-CoV,TTGGTGCTAT
bovine-CoV,TTGTAATAA
bovine-CoV,TTGTTTTAA
bovine-CoV,TTTAAATAC
bovine-CoV,TTTACTAAT
bovine-CoV,TTTACTATT
bovine-CoV,TTTGTATTTT
bovine-CoV,TTTTACAGA
bovine-CoV,TTTTGGGTT
bovine-CoV,TTTTGTTGAGG
bovine-CoV,CCTGCAGGT
bovine-CoV,AAAATCAAA
bovine-CoV,AAGGTTAAT
bovine-CoV,AATAATACT
bovine-CoV,AATGCTGAA
bovine-CoV,AATGCTGAT
bovine-CoV,AATGGTTTA
bovine-CoV,ACTATAGGTA
bovine-CoV,ACTGGTGTT
bovine-CoV,ACTGGTGTT
bovine-CoV,ACTTGTAATA
bovine-CoV,ACTTTAGCT
bovine-CoV,AGGTTAATG
bovine-CoV,AGTAAATGA
bovine-CoV,AGTTTAATG
bovine-CoV,ATAACTATAG
bovine-CoV,ATAGGAGATTT
bovine-CoV,ATGATGTTG
bovine-CoV,ATGCTGTTG
bovine-CoV,ATGGTATTA
bovine-CoV,ATGGTGTTA
bovine-CoV,ATGGTTTAAA
bovine-CoV,ATTTTATTT
bovine-CoV,ATTTTGATA
bovine-CoV,ATTTTTGCTAA
bovine-CoV,CACTGTTCAG
bovine-CoV,CAGCAGCAG
bovine-CoV,CCTGCAGGT
bovine-CoV,CGATTGTAATA
bovine-CoV,CTAATGGTA
bovine-CoV,CTATGGTTT
bovine-CoV,CTTTTAATT
bovine-CoV,CTTTTAATT
bovine-CoV,CTTTTAATT
bovine-CoV,GACACTGGTGTT
bovine-CoV,GACTTATTA
bovine-CoV,GATCTACAA
bovine-CoV,GATTTTACTA
bovine-CoV,GCTCTTAAT
bovine-CoV,GGTAGTGGTTACT
bovine-CoV,GGTAGTGGTT
bovine-CoV,GGTATTTTTG
bovine-CoV,GTAGGTAGTGGTT
bovine-CoV,GTTATAATG
bovine-CoV,GTTTAATGTA
bovine-CoV,GTTTCTGTT
bovine-CoV,TAATGGTAATC
bovine-CoV,TAATGGTATT
bovine-CoV,TAATGTATA
bovine-CoV,TACTTTTGT
bovine-CoV,TAGTTGGCA
bovine-CoV,TATTAATGGG
bovine-CoV,TATTATAAT
bovine-CoV,TATTTAAAT
bovine-CoV,TGCTGCTAA
bovine-CoV,TGGTTTGTAT
bovine-CoV,TGTTAATTAT
bovine-CoV,TGTTACTAA
bovine-CoV,TTAATGAATG
bovine-CoV,TTAATTATA
bovine-CoV,TTACTAATGGT
bovine-CoV,TTACTATTGA
bovine-CoV,TTAGTGCAG
bovine-CoV,TTGCTGGTG
bovine-CoV,TTGGTGCTAT
bovine-CoV,TTGTAATAG
bovine-CoV,TTGTTAATG
bovine-CoV,TTGTTCTACT
bovine-CoV,TTGTTTTAA
bovine-CoV,TTTACTAAT
bovine-CoV,TTTACTATT
bovine-CoV,TTTGTATGA
bovine-CoV,TTTGTATTT
bovine-CoV,TTTTACAGA
bovine-CoV,TTTTACTAT
bovine-CoV,TTTTGTTGAGG
bovine-CoV,AAAATCAAA
bovine-CoV,AAGATGGTGT
bovine-CoV,AATGCTGAA
bovine-CoV,AATGCTGAT
bovine-CoV,AATGGTTTA
bovine-CoV,ACAGGTGTT
bovine-CoV,ACTATAGGTA
bovine-CoV,ACTTATTAT
bovine-CoV,ACTTGTAATA
bovine-CoV,AGATTTGGT
bovine-CoV,AGGTTAATG
bovine-CoV,AGTAAAGTT
bovine-CoV,AGTAAATGA
bovine-CoV,AGTGGTTAC
bovine-CoV,AGTGGTTATT
bovine-CoV,ATAACTATAG
bovine-CoV,ATAGGAGATTT
bovine-CoV,ATGATGTTG
bovine-CoV,ATGCTCTTG
bovine-CoV,ATGCTGTTG
bovine-CoV,CAGCAGCAG
bovine-CoV,CATGATGTT
bovine-CoV,CCTGCAGGT
bovine-CoV,CTAATGGTA
bovine-CoV,CTGATTTTA
bovine-CoV,CTGTTAATT
bovine-CoV,CTTTTAATT
bovine-CoV,CTTTTAATT
bovine-CoV,CTTTTAATT
bovine-CoV,GACCTACAA
bovine-CoV,GCTCTTAAT
bovine-CoV,GGTAGTGGTTA
bovine-CoV,GGTAGTGGTT
bovine-CoV,GGTTACACT
bovine-CoV,GTAATATGG
bovine-CoV,GTAGGTAGTGGTT
bovine-CoV,GTGGTTACT
bovine-CoV,GTTTCTGTT
bovine-CoV,TAATGGTAATC
bovine-CoV,TAATGGTATT
bovine-CoV,TAATGGTAT
bovine-CoV,TAATGGTAT
bovine-CoV,TAATTTTAAT
bovine-CoV,TAGTTGGCA
bovine-CoV,TATTAATGG
bovine-CoV,TATTATAAT
bovine-CoV,TATTTAAAT
bovine-CoV,TATTTTTGCTAA
bovine-CoV,TGCTGCTAA
bovine-CoV,TGGCATAGG
bovine-CoV,TGGTTATTAC
bovine-CoV,TGGTTTAAA
bovine-CoV,TGGTTTGTAT
bovine-CoV,TGTTAATTAT
bovine-CoV,TTAAAGATGG
bovine-CoV,TTAATGAATG
bovine-CoV,TTAATTATA
bovine-CoV,TTACTAATGGT
bovine-CoV,TTACTATTGA
bovine-CoV,TTAGTGCAG
bovine-CoV,TTATTATGT
bovine-CoV,TTCTGCTTT
bovine-CoV,TTGAGGCTT
bovine-CoV,TTGCTGGTG
bovine-CoV,TTGGGTAAT
bovine-CoV,TTGGTGCTAT
bovine-CoV,TTGTAATAA
bovine-CoV,TTGTTAATG
bovine-CoV,TTGTTTTAA
bovine-CoV,TTTACTAAT
bovine-CoV,TTTACTATT
bovine-CoV,TTTGTATTTC
bovine-CoV,TTTTACAGA
bovine-CoV,CCTGCAGGT
bovine-CoV,TGGTATAGG
bovine-CoV,TTGGTATAG
bovine-CoV,AAAAATCAAACA
bovine-CoV,AAAATCAAA
bovine-CoV,AAAATCAAA
bovine-CoV,AAGATGGTGT
bovine-CoV,AATAATACT
bovine-CoV,AATAGTGGTA
bovine-CoV,AATGCTGAA
bovine-CoV,AATGCTGAT
bovine-CoV,AATGGTTTA
bovine-CoV,ACTATAGGTA
bovine-CoV,ACTGGTGTT
bovine-CoV,ACTGGTGTT
bovine-CoV,ACTTATTAT
bovine-CoV,ACTTGTAATA
bovine-CoV,AGGTTAATG
bovine-CoV,AGTAAATGA
bovine-CoV,AGTGGTTATT
bovine-CoV,ATAACTATAG
bovine-CoV,ATAGGAGATTT
bovine-CoV,ATGATGTTG
bovine-CoV,ATGCTGTTG
bovine-CoV,ATGGTGTTA
bovine-CoV,ATGGTTTAAA
bovine-CoV,ATTTTATTT
bovine-CoV,CACTGTTCAG
bovine-CoV,CAGCAGCAG
bovine-CoV,CCATTAAAT
bovine-CoV,CCTGCAGGT
bovine-CoV,CGATTGTAATA
bovine-CoV,CTAATGGTA
bovine-CoV,CTACCAATT
bovine-CoV,CTATGGTTT
bovine-CoV,CTGATTTTA
bovine-CoV,CTTTTAATT
bovine-CoV,GACACTGGTGTT
bovine-CoV,GACCTACAA
bovine-CoV,GACTTATTA
bovine-CoV,GCTCTTAAT
bovine-CoV,GGTAGTGGTTA
bovine-CoV,GGTAGTGGTT
bovine-CoV,GGTATTTTTG
bovine-CoV,GGTGTTGTT
bovine-CoV,GTAGGTAGTGGTT
bovine-CoV,GTTATAATG
bovine-CoV,GTTTCTGTT
bovine-CoV,TAAAGATGG
bovine-CoV,TAACTATAGA
bovine-CoV,TAACTATAG
bovine-CoV,TAATGGTAATC
bovine-CoV,TAATGGTAT
bovine-CoV,TAATGTATA
bovine-CoV,TACCAATTT
bovine-CoV,TAGTTGGCA
bovine-CoV,TATTAATGGG
bovine-CoV,TATTATAAT
bovine-CoV,TATTTAAAT
bovine-CoV,TATTTTTGCTAA
bovine-CoV,TCTCCATTAA
bovine-CoV,TGCTGCTAA
bovine-CoV,TGGTTTGTAT
bovine-CoV,TGTTACTAA
bovine-CoV,TTAATGAATG
bovine-CoV,TTACTAATGGT
bovine-CoV,TTACTATTGA
bovine-CoV,TTAGTGCAG
bovine-CoV,TTCTGCTTT
bovine-CoV,TTGCTGGTG
bovine-CoV,TTGGTGCTAT
bovine-CoV,TTGTAATAG
bovine-CoV,TTGTTAATG
bovine-CoV,TTTACTATT
bovine-CoV,TTTGTATTTT
bovine-CoV,TTTTACAGA
bovine-CoV,TTTTGTTGAGG
bovine-CoV,ACTGGTGTT
bovine-CoV,ACTGGTGTT
bovine-CoV,GACACTGGTGTT
bovine-CoV,GGTGTTGTT
bovine-CoV,TAATGTATA
bovine-CoV,TATTATGTC
bovine-CoV,TGTTACTAA
bovine-CoV,TTACTAATGGT
bovine-CoV,AAAATCAAA
bovine-CoV,AATAATACTT
bovine-CoV,AATGCTGAA
bovine-CoV,AATGCTGAT
bovine-CoV,AATGGTTTA
bovine-CoV,ACTATAGGTA
bovine-CoV,ACTGGTGTT
bovine-CoV,ACTGGTGTT
bovine-CoV,ACTTATTAT
bovine-CoV,ACTTGTAATA
bovine-CoV,AGGTTAATG
bovine-CoV,AGTAAATGA
bovine-CoV,AGTGGTTATT
bovine-CoV,AGTTTCTGT
bovine-CoV,ATAACTATAG
bovine-CoV,ATAGGAGATTT
bovine-CoV,ATATGAGTA
bovine-CoV,ATGATGTTG
bovine-CoV,ATGCTCTTG
bovine-CoV,ATGCTGTTG
bovine-CoV,ATGGTTTAAA
bovine-CoV,ATTAATGGG
bovine-CoV,ATTTTATTT
bovine-CoV,ATTTTTGCTAA
bovine-CoV,CAGCAGCAG
bovine-CoV,CATGATGTT
bovine-CoV,CATTCTTGG
bovine-CoV,CCTGCAGGT
bovine-CoV,CTAAAGTTA
bovine-CoV,CTATGGTTT
bovine-CoV,CTGATTTTA
bovine-CoV,CTGGTATAG
bovine-CoV,CTGTTAATT
bovine-CoV,CTTTTAATT
bovine-CoV,GACACTGGTGTT
bovine-CoV,GACCTACAA
bovine-CoV,GACTTATTA
bovine-CoV,GCTCTTAAT
bovine-CoV,GGTAGTGGTTA
bovine-CoV,GTAATATGG
bovine-CoV,GTGTTGTCA
bovine-CoV,TAACTATAGA
bovine-CoV,TAACTATAG
bovine-CoV,TAATATTGA
bovine-CoV,TAATGGTAATC
bovine-CoV,TATAGGAGA
bovine-CoV,TATTATAAT
bovine-CoV,TATTTAAAT
bovine-CoV,TGGTATAGG
bovine-CoV,TGGTTATTAC
bovine-CoV,TGGTTTGTAT
bovine-CoV,TGTAATATT
bovine-CoV,TGTTAATTAT
bovine-CoV,TTAATGAATG
bovine-CoV,TTACTAATGG
bovine-CoV,TTACTATTGA
bovine-CoV,TTAGTGCAG
bovine-CoV,TTATTATGT
bovine-CoV,TTCTGCTTT
bovine-CoV,TTGAGGCTT
bovine-CoV,TTGCTGGTG
bovine-CoV,TTGGTGCTAT
bovine-CoV,TTGTTAATG
bovine-CoV,TTGTTTTAA
bovine-CoV,TTTACTAAT
bovine-CoV,TTTACTATT
bovine-CoV,TTTCTGTTT
bovine-CoV,TTTGTATTT
bovine-CoV,TTTTACAGA
bovine-CoV,TTTTGTTGAGG
bovine-CoV,AAAATCAAA
bovine-CoV,AAGATGGTGT
bovine-CoV,AATAATACT
bovine-CoV,AATGCTGAA
bovine-CoV,AATGCTGAT
bovine-CoV,AATGGTTTA
bovine-CoV,ACTATAGGTA
bovine-CoV,ACTGGTGTT
bovine-CoV,ACTGGTGTT
bovine-CoV,ACTTATTAT
bovine-CoV,ACTTGTAATA
bovine-CoV,AGATTTGGT
bovine-CoV,AGGTTAATG
bovine-CoV,AGTAAAGTT
bovine-CoV,AGTAAATGA
bovine-CoV,AGTGGTTAC
bovine-CoV,AGTGGTTATT
bovine-CoV,ATAACTATAG
bovine-CoV,ATAGGAGATTT
bovine-CoV,ATATGAGTA
bovine-CoV,ATGATGTTG
bovine-CoV,ATGCTGTTG
bovine-CoV,CAGCAGCAG
bovine-CoV,CATGATGTT
bovine-CoV,CGATTGCAATA
bovine-CoV,CTGTTAATT
bovine-CoV,CTTTTAATT
bovine-CoV,CTTTTAATT
bovine-CoV,CTTTTAATT
bovine-CoV,GACACTGGTGTT
bovine-CoV,GACCTACAAT
bovine-CoV,GACTTATTA
bovine-CoV,GCTCTTAAT
bovine-CoV,GGTAGTGGTTA
bovine-CoV,GGTAGTGGTT
bovine-CoV,GGTGTTGTT
bovine-CoV,GGTTACACT
bovine-CoV,GGTTTGTAT
bovine-CoV,GTAATATGG
bovine-CoV,GTAGGTAGTGGTT
bovine-CoV,GTTTCTGTT
bovine-CoV,TAATGGTAATC
bovine-CoV,TAATGGTAT
bovine-CoV,TAATGGTAT
bovine-CoV,TAATTTGGG
bovine-CoV,TAGTTGGCA
bovine-CoV,TATTAATGGTATT
bovine-CoV,TATTAATGG
bovine-CoV,TATTATAAT
bovine-CoV,TATTTAAAT
bovine-CoV,TATTTTTGC
bovine-CoV,TCCTTCTATT
bovine-CoV,TGATTTTAT
bovine-CoV,TGCTGCTAA
bovine-CoV,TGGCATAGG
bovine-CoV,TGGTTATTAC
bovine-CoV,TGGTTTAAA
bovine-CoV,TGTTAATTAT
bovine-CoV,TGTTACTAA
bovine-CoV,TTAAAGATGG
bovine-CoV,TTAATGAATG
bovine-CoV,TTAATTATA
bovine-CoV,TTACTATTGA
bovine-CoV,TTAGTGCAG
bovine-CoV,TTATGTAAA
bovine-CoV,TTATTAATGG
bovine-CoV,TTATTATGT
bovine-CoV,TTCTGCTTT
bovine-CoV,TTGAGGCTT
bovine-CoV,TTGCTGGTG
bovine-CoV,TTGGGTAAT
bovine-CoV,TTGGGTAAT
bovine-CoV,TTGGTGCTAT
bovine-CoV,TTGTTTTAA
bovine-CoV,TTTACTATT
bovine-CoV,TTTGGGTAATAAA
bovine-CoV,TTTGTATTT
bovine-CoV,TTTTACAGA
bovine-CoV,TTTTGTTGAGG
bovine-CoV,AAAATCAAA
bovine-CoV,AAGATGGTGT
bovine-CoV,AATAACACT
bovine-CoV,AATGCTGAT
bovine-CoV,AATGGTTTA
bovine-CoV,ACTATAGGTA
bovine-CoV,ACTGGTGTT
bovine-CoV,ACTGGTGTT
bovine-CoV,ACTTATTAT
bovine-CoV,ACTTGTAATA
bovine-CoV,AGATTTGGT
bovine-CoV,AGGTTAATG
bovine-CoV,AGTAAAGTT
bovine-CoV,AGTAAATGA
bovine-CoV,AGTGGTTAC
bovine-CoV,AGTGGTTATT
bovine-CoV,ATAACTATAG
bovine-CoV,ATAGGAGATTT
bovine-CoV,ATGATGTTG
bovine-CoV,ATGCTGTTG
bovine-CoV,ATTTTGGGT
bovine-CoV,CAGCAGCAG
bovine-CoV,CATGATGTT
bovine-CoV,CTAAAGTTAC
bovine-CoV,CTAATGGTA
bovine-CoV,CTGTTAATT
bovine-CoV,CTTTGACTT
bovine-CoV,CTTTTAATT
bovine-CoV,CTTTTAATT
bovine-CoV,CTTTTAATT
bovine-CoV,GACACTGGTGTT
bovine-CoV,GACCTACAAT
bovine-CoV,GACTTATTA
bovine-CoV,GCTCTTAAT
bovine-CoV,GGTAGTGGTTA
bovine-CoV,GGTAGTGGTT
bovine-CoV,GGTGTTGTT
bovine-CoV,GGTTACACT
bovine-CoV,GGTTTGTAT
bovine-CoV,GTAATATGG
bovine-CoV,GTAGGTAGTGGTT
bovine-CoV,GTTTCTGTT
bovine-CoV,TAATGCTTA
bovine-CoV,TAATGGTAATC
bovine-CoV,TAATGGTATT
bovine-CoV,TAATGGTAT
bovine-CoV,TAATGGTAT
bovine-CoV,TAGTTGGCA
bovine-CoV,TATTAATGG
bovine-CoV,TATTATAAT
bovine-CoV,TATTTAAAT
bovine-CoV,TATTTTTGCTAA
bovine-CoV,TGCTGCTAA
bovine-CoV,TGGCATAGG
bovine-CoV,TGGTTATTAC
bovine-CoV,TGGTTTAAA
bovine-CoV,TGTTAATTAT
bovine-CoV,TGTTACTAA
bovine-CoV,TTAAAGATGG
bovine-CoV,TTAATGAATG
bovine-CoV,TTAATTATA
bovine-CoV,TTACTAATGGT
bovine-CoV,TTACTATTGA
bovine-CoV,TTAGTGCAG
bovine-CoV,TTATGTAAA
bovine-CoV,TTATTATGT
bovine-CoV,TTCTGCTTT
bovine-CoV,TTGAGGCTT
bovine-CoV,TTGCTGGTG
bovine-CoV,TTGGGTAAT
bovine-CoV,TTGGTGCTAT
bovine-CoV,TTGTAATAA
bovine-CoV,TTGTTTATG
bovine-CoV,TTGTTTTAA
bovine-CoV,TTTACTAAT
bovine-CoV,TTTACTATT
bovine-CoV,TTTGTATTTT
bovine-CoV,TTTTACAGA
bovine-CoV,TTTTGGGTT
bovine-CoV,TTTTGTTGAGG
bovine-CoV,TAGTTGGCA
bovine-CoV,AAAATCAAA
bovine-CoV,AATAATACT
bovine-CoV,AATGCTGAA
bovine-CoV,AATGCTGAT
bovine-CoV,AATGGTTTA
bovine-CoV,ACTATAGGTA
bovine-CoV,ACTGGTGTT
bovine-CoV,ACTGGTGTT
bovine-CoV,ACTTATTAT
bovine-CoV,ACTTGTAATA
bovine-CoV,AGATTTGGT
bovine-CoV,AGGTTAATG
bovine-CoV,AGTAAATGA
bovine-CoV,AGTTTAATG
bovine-CoV,ATAACTATAG
bovine-CoV,ATAGGAGATTT
bovine-CoV,ATGATGTTG
bovine-CoV,ATGCTGTTG
bovine-CoV,ATGGTGTTA
bovine-CoV,ATGGTTTAAA
bovine-CoV,ATTTTATTT
bovine-CoV,CACTGTTCAG
bovine-CoV,CAGCAGCAG
bovine-CoV,CATTTTTGG
bovine-CoV,CGATTGTAATA
bovine-CoV,CTAATGGTA
bovine-CoV,CTATGGTTT
bovine-CoV,CTCAGTAAAT
bovine-CoV,CTTTTAATT
bovine-CoV,CTTTTAATT
bovine-CoV,CTTTTAATT
bovine-CoV,GACACTGGTGTT
bovine-CoV,GACTTATTA
bovine-CoV,GATTTTACTA
bovine-CoV,GCTCTTAAT
bovine-CoV,GGTAGTGGTTACT
bovine-CoV,GGTATTTTTG
bovine-CoV,GGTGTTGTT
bovine-CoV,GTTTAATGT
bovine-CoV,GTTTCTGTT
bovine-CoV,TAATGGTAT
bovine-CoV,TACTATTGA
bovine-CoV,TACTTTTGT
bovine-CoV,TAGTTGGCA
bovine-CoV,TATTAATGGG
bovine-CoV,TATTATAAT
bovine-CoV,TATTTTTGCTAA
bovine-CoV,TGGTTTGTAT
bovine-CoV,TGTTAATTAT
bovine-CoV,TGTTACTAA
bovine-CoV,TTAATGAATG
bovine-CoV,TTAATTATA
bovine-CoV,TTACTAATGGT
bovine-CoV,TTAGTGCAG
bovine-CoV,TTGATGCTA
bovine-CoV,TTGCTGGTG
bovine-CoV,TTGTAATAG
bovine-CoV,TTGTTAATG
bovine-CoV,TTGTTCTACT
bovine-CoV,TTGTTTTAA
bovine-CoV,TTTACTAAT
bovine-CoV,TTTATTTAAAT
bovine-CoV,TTTGTATTT
bovine-CoV,TTTTACAGA
bovine-CoV,TTTTACTAT
bovine-CoV,TTTTGTTGAGG
bovine-CoV,CATGATGTT
bovine-CoV,CCTGCAGGT
bovine-CoV,CTGGTATAG
bovine-CoV,GTAGGTAGTGGTT
bovine-CoV,TAGTTGGCA
bovine-CoV,TATTATAAT
bovine-CoV,AATAGTGGTA
bovine-CoV,CATGATGTT
bovine-CoV,TGGTATAGG
bovine-CoV,AAAATCAAA
bovine-CoV,AAGATGGTGT
bovine-CoV,AATAATACT
bovine-CoV,AATGCTGAA
bovine-CoV,AATGCTGAT
bovine-CoV,AATGGTTTA
bovine-CoV,ACTATAGGTA
bovine-CoV,ACTGGTGTT
bovine-CoV,ACTGGTGTT
bovine-CoV,ACTTATTAT
bovine-CoV,AGGTTAATG
bovine-CoV,AGTAAAGTT
bovine-CoV,AGTAAATGA
bovine-CoV,AGTGGTTATT
bovine-CoV,ATAACTATAG
bovine-CoV,ATAGGAGATTT
bovine-CoV,ATGATGTTG
bovine-CoV,ATGCTGTTG
bovine-CoV,CAGCAGCAG
bovine-CoV,CATGATGTT
bovine-CoV,CCTGCAGGT
bovine-CoV,CTAATGGTA
bovine-CoV,CTGATTTTA
bovine-CoV,CTGTTAATT
bovine-CoV,CTTTGACTT
bovine-CoV,CTTTTAATT
bovine-CoV,GACACTGGTGTT
bovine-CoV,GACCTACAA
bovine-CoV,GACTTATTA
bovine-CoV,GCTCTTAAT
bovine-CoV,GGTAGTGGTTA
bovine-CoV,GGTAGTGGT
bovine-CoV,GGTGTTGTT
bovine-CoV,GTAATATGG
bovine-CoV,GTAGGTAGTGGT
bovine-CoV,GTTTCTGTT
bovine-CoV,TAACTATAGA
bovine-CoV,TAACTATAG
bovine-CoV,TAATATTGA
bovine-CoV,TAATGGTAATC
bovine-CoV,TAATGGTAT
bovine-CoV,TAGTTGGCA
bovine-CoV,TATTAATGGG
bovine-CoV,TATTATAAT
bovine-CoV,TATTTAAAT
bovine-CoV,TATTTTTGCTAA
bovine-CoV,TCAAGAAGG
bovine-CoV,TGGCATAGG
bovine-CoV,TGGTTATTAC
bovine-CoV,TGGTTTAAA
bovine-CoV,TGGTTTGTAT
bovine-CoV,TGTAATATT
bovine-CoV,TGTTAATTAT
bovine-CoV,TGTTACTAA
bovine-CoV,TGTTTATTTA
bovine-CoV,TTAAAGATGG
bovine-CoV,TTAATGAATG
bovine-CoV,TTACTAATGGT
bovine-CoV,TTACTATTGA
bovine-CoV,TTAGTGCAG
bovine-CoV,TTATTATGT
bovine-CoV,TTCTGCTTT
bovine-CoV,TTGAGGCTT
bovine-CoV,TTGCTGGTG
bovine-CoV,TTGGGTAAT
bovine-CoV,TTGGTGCTAT
bovine-CoV,TTGTTAATG
bovine-CoV,TTGTTTGTG
bovine-CoV,TTGTTTTAA
bovine-CoV,TTTACTAAT
bovine-CoV,TTTACTATT
bovine-CoV,TTTGTATTT
bovine-CoV,TTTTGTTGAGG
bovine-CoV,AAAATCAAA
bovine-CoV,AAGATGGTGT
bovine-CoV,AATGCTGAA
bovine-CoV,AATGCTGAT
bovine-CoV,AATGGTTTA
bovine-CoV,ACTATAGGTA
bovine-CoV,ACTGGTGTT
bovine-CoV,ACTGGTGTT
bovine-CoV,ACTTATTAT
bovine-CoV,ACTTGTAATA
bovine-CoV,AGATTTGGT
bovine-CoV,AGGTTAATG
bovine-CoV,AGTAAAGTT
bovine-CoV,AGTAAATGA
bovine-CoV,AGTGGTTATT
bovine-CoV,ATAACTATAG
bovine-CoV,ATAGGAGATTT
bovine-CoV,ATGATGTTG
bovine-CoV,ATGCTCTTG
bovine-CoV,ATGCTGTTG
bovine-CoV,ATGGTTTAAA
bovine-CoV,ATTTTGATAG
bovine-CoV,CAGCAGCAG
bovine-CoV,CATGATGTT
bovine-CoV,CCTGCAGGT
bovine-CoV,CGATTGCAATA
bovine-CoV,CTAATGGTA
bovine-CoV,CTATGGTTT
bovine-CoV,CTGACTTTA
bovine-CoV,CTGGTATAG
bovine-CoV,CTGTTAATT
bovine-CoV,CTTTTAATT
bovine-CoV,GACACTGGTGTT
bovine-CoV,GACCTACAA
bovine-CoV,GACTTATTA
bovine-CoV,GCAGGTGTA
bovine-CoV,GCTCTTAAT
bovine-CoV,GGTACTTAT
bovine-CoV,GGTAGTGGTTA
bovine-CoV,GGTAGTGGTT
bovine-CoV,GGTGTTGTT
bovine-CoV,GTAATATGG
bovine-CoV,GTAGGTAGTGGTT
bovine-CoV,TAACTATAGA
bovine-CoV,TAACTATAG
bovine-CoV,TAATGGTAATC
bovine-CoV,TAATGGTATT
bovine-CoV,TAATGGTAT
bovine-CoV,TAATGGTAT
bovine-CoV,TACTAATTTTGA
bovine-CoV,TATTAATGG
bovine-CoV,TATTATAAT
bovine-CoV,TATTTAAAT
bovine-CoV,TATTTTTGCTAA
bovine-CoV,TGCAGGTGT
bovine-CoV,TGCTGCTAA
bovine-CoV,TGGTATAGG
bovine-CoV,TGGTTTGTAT
bovine-CoV,TGTTAATTAT
bovine-CoV,TGTTACTAA
bovine-CoV,TTAAAGATGG
bovine-CoV,TTAATGAATG
bovine-CoV,TTACTAATGGT
bovine-CoV,TTACTACCCT
bovine-CoV,TTACTATTGA
bovine-CoV,TTAGTGCAG
bovine-CoV,TTATGAGTA
bovine-CoV,TTATTATGT
bovine-CoV,TTCTGCTTT
bovine-CoV,TTGAGGCTT
bovine-CoV,TTGGTGCTAT
bovine-CoV,TTGTTAATG
bovine-CoV,TTGTTTTAA
bovine-CoV,TTTACTAAT
bovine-CoV,TTTACTATT
bovine-CoV,TTTCTGTTT
bovine-CoV,TTTGTATTT
bovine-CoV,TTTTACAGA
bovine-CoV,AAAACCAAA
bovine-CoV,AAGATGGTGT
bovine-CoV,AATAATACT
bovine-CoV,AATGCTGAT
bovine-CoV,AATGGTTTA
bovine-CoV,ACCTTTTCAA
bovine-CoV,ACTATAGGTA
bovine-CoV,ACTGGTGTT
bovine-CoV,ACTGGTGTT
bovine-CoV,ACTTATTAT
bovine-CoV,ACTTGTAATA
bovine-CoV,AGTAAATGA
bovine-CoV,AGTGGTTATT
bovine-CoV,AGTTTCTGT
bovine-CoV,ATAACTATAG
bovine-CoV,ATATGAGTA
bovine-CoV,ATATTAAAT
bovine-CoV,ATGATGTTG
bovine-CoV,ATGCTCTTG
bovine-CoV,ATGCTGTTG
bovine-CoV,ATGGCTTTT
bovine-CoV,ATGGTTTAAA
bovine-CoV,ATTAATGGG
bovine-CoV,ATTTTATTT
bovine-CoV,CAGCAGCAG
bovine-CoV,CATGATGTT
bovine-CoV,CATTCTTGG
bovine-CoV,CCTGCAGGT
bovine-CoV,CTAAAGTTA
bovine-CoV,CTATGGTTT
bovine-CoV,CTGATTTTA
bovine-CoV,CTGGTATAG
bovine-CoV,CTGTTAATT
bovine-CoV,GACACTGGTGTT
bovine-CoV,GACCTACAA
bovine-CoV,GACTTATTA
bovine-CoV,GCTCTTAAT
bovine-CoV,GTAATATGG
bovine-CoV,GTGTTGTCA
bovine-CoV,TAACTATAGA
bovine-CoV,TAACTATAG
bovine-CoV,TAATATTGA
bovine-CoV,TAATGGTAAT
bovine-CoV,TAGGAGATTT
bovine-CoV,TATTATAAT
bovine-CoV,TATTTAAAT
bovine-CoV,TGCTGTTGTA
bovine-CoV,TGGTATAGG
bovine-CoV,TGGTTATTAC
bovine-CoV,TGGTTTGTAT
bovine-CoV,TGTAATATT
bovine-CoV,TGTTAATTAT
bovine-CoV,TTAAAGATGG
bovine-CoV,TTAATGAATG
bovine-CoV,TTACTATTGA
bovine-CoV,TTAGTGCAG
bovine-CoV,TTATTATGT
bovine-CoV,TTCTGCTTT
bovine-CoV,TTGAGGCTT
bovine-CoV,TTGCTGGTG
bovine-CoV,TTGGTGCTAT
bovine-CoV,TTGTTAATG
bovine-CoV,TTGTTTTAA
bovine-CoV,TTTAATAAT
bovine-CoV,TTTACTATT
bovine-CoV,TTTCTGTTT
bovine-CoV,TTTGTATTT
bovine-CoV,TTTTACAGA
bovine-CoV,TTTTGTTGA
bovine-CoV,AAAATCAAA
bovine-CoV,AAGATGGTGT
bovine-CoV,AATGCTGAA
bovine-CoV,AATGCTGAT
bovine-CoV,AATGGTTTA
bovine-CoV,ACTATAGGTA
bovine-CoV,ACTGGTGTT
bovine-CoV,ACTGGTGTT
bovine-CoV,ACTTATTAT
bovine-CoV,ACTTGTAATA
bovine-CoV,AGATTTGGT
bovine-CoV,AGGTTAATG
bovine-CoV,AGTAAAGTT
bovine-CoV,AGTAAATGA
bovine-CoV,AGTGGTTAC
bovine-CoV,AGTGGTTATT
bovine-CoV,ATAACTATAG
bovine-CoV,ATAGGAGATTT
bovine-CoV,ATGATGTTG
bovine-CoV,ATGCTGTTG
bovine-CoV,ATGTGTTAA
bovine-CoV,ATTTTGGGT
bovine-CoV,CAGCAGCAG
bovine-CoV,CATGATGTT
bovine-CoV,CGATTGCAATA
bovine-CoV,CTAATGGTA
bovine-CoV,CTGTTAATT
bovine-CoV,CTTTTAATT
bovine-CoV,CTTTTAATT
bovine-CoV,CTTTTAATT
bovine-CoV,GACACTGGTGTT
bovine-CoV,GACCTACAA
bovine-CoV,GACTTATTA
bovine-CoV,GCTCTTAAT
bovine-CoV,GGTAATTTGG
bovine-CoV,GGTAGTGGTTA
bovine-CoV,GGTAGTGGTT
bovine-CoV,GGTGTTGTT
bovine-CoV,GGTTACACT
bovine-CoV,GTAGGTAGTGGTT
bovine-CoV,GTTTCTGTT
bovine-CoV,TAATGGTAATC
bovine-CoV,TAATGGTATT
bovine-CoV,TAATGGTAT
bovine-CoV,TAATGGTAT
bovine-CoV,TAGTTGGCA
bovine-CoV,TATAGTGTG
bovine-CoV,TATTAATGG
bovine-CoV,TATTATAAT
bovine-CoV,TATTTAAAT
bovine-CoV,TATTTTTGCTAA
bovine-CoV,TCCTTCTATT
bovine-CoV,TGCTGCTAA
bovine-CoV,TGGCATAGG
bovine-CoV,TGGTTATTAC
bovine-CoV,TGGTTTAAA
bovine-CoV,TGGTTTGTAT
bovine-CoV,TGTTAATTAT
bovine-CoV,TGTTACTAA
bovine-CoV,TGTTTCCTG
bovine-CoV,TTAAAGATGG
bovine-CoV,TTAATGAATG
bovine-CoV,TTAATTATA
bovine-CoV,TTACTAATGGT
bovine-CoV,TTACTATTGA
bovine-CoV,TTAGTGCAG
bovine-CoV,TTATGTAAA
bovine-CoV,TTATTATGT
bovine-CoV,TTCTGCTTT
bovine-CoV,TTGAGGCTT
bovine-CoV,TTGCTGGTG
bovine-CoV,TTGGGTAAT
bovine-CoV,TTGGTGCTAT
bovine-CoV,TTGTTTATG
bovine-CoV,TTGTTTTAA
bovine-CoV,TTTACTAAT
bovine-CoV,TTTACTATT
bovine-CoV,TTTGTATTTT
bovine-CoV,TTTTACAGA
bovine-CoV,TTTTGGGTT
bovine-CoV,TTTTGTTGAGG
bovine-CoV,AAAATCAAA
bovine-CoV,AAGATGGTGT
bovine-CoV,AATGCTGAA
bovine-CoV,AATGCTGAT
bovine-CoV,ACTATAGGTA
bovine-CoV,ACTGGTGTT
bovine-CoV,ACTGGTGTT
bovine-CoV,ACTTATTAT
bovine-CoV,ACTTGTAATA
bovine-CoV,AGATTTGGT
bovine-CoV,AGGTTAATG
bovine-CoV,AGTAAAGTT
bovine-CoV,AGTAAATGA
bovine-CoV,AGTGGTTATT
bovine-CoV,ATAACTATAG
bovine-CoV,ATAGGAGATTT
bovine-CoV,ATGATGTTG
bovine-CoV,ATGCTCTTG
bovine-CoV,ATGCTGTTG
bovine-CoV,ATTTTATTT
bovine-CoV,CAGCAGCAG
bovine-CoV,CATGATGTT
bovine-CoV,CCTGCAGGT
bovine-CoV,CGATTGCAATA
bovine-CoV,CTAATGGTA
bovine-CoV,CTGATTTTA
bovine-CoV,CTGTTAATT
bovine-CoV,CTTTTAATT
bovine-CoV,CTTTTAATT
bovine-CoV,CTTTTAATT
bovine-CoV,GACACTGGTGTT
bovine-CoV,GACCTACAA
bovine-CoV,GACTTATTA
bovine-CoV,GCTCTTAAT
bovine-CoV,GCTTTTAAT
bovine-CoV,GGTAATGGT
bovine-CoV,GGTAGTGGTTA
bovine-CoV,GGTGTTGTT
bovine-CoV,GTTTCTGTT
bovine-CoV,TAATGGTAATC
bovine-CoV,TAATGGTATT
bovine-CoV,TAATGGTAT
bovine-CoV,TAATGGTAT
bovine-CoV,TACCATTTT
bovine-CoV,TAGTTGGCA
bovine-CoV,TATTAATGG
bovine-CoV,TATTATAAT
bovine-CoV,TATTTAAAT
bovine-CoV,TATTTTTGCTAA
bovine-CoV,TGCTGCTAA
bovine-CoV,TGGCATAGG
bovine-CoV,TGGTTATTAC
bovine-CoV,TGGTTTAAA
bovine-CoV,TGGTTTGTAT
bovine-CoV,TGTTAATTAT
bovine-CoV,TGTTACTAA
bovine-CoV,TTAAAGATGG
bovine-CoV,TTAATGAATG
bovine-CoV,TTAATTATA
bovine-CoV,TTACTAATGG
bovine-CoV,TTAGTGCAG
bovine-CoV,TTATTATGT
bovine-CoV,TTCTGCTTT
bovine-CoV,TTGAGGCTT
bovine-CoV,TTGCTGGTG
bovine-CoV,TTGGGTAAT
bovine-CoV,TTGGTGCTAT
bovine-CoV,TTGTTAATG
bovine-CoV,TTGTTTTAA
bovine-CoV,TTTACTAAT
bovine-CoV,TTTGTATTT
bovine-CoV,TTTTACAGA
bovine-CoV,CCTGCAGGT
bovine-CoV,TGGCATAGG
bovine-CoV,AAAATCAAA
bovine-CoV,AAGATGGTGT
bovine-CoV,AATAATACT
bovine-CoV,AATAGTGGTA
bovine-CoV,AATGCTGAA
bovine-CoV,AATGCTGAT
bovine-CoV,AATGGTTTA
bovine-CoV,ACTATAGGTA
bovine-CoV,ACTGGTGTT
bovine-CoV,ACTGGTGTT
bovine-CoV,ACTTATTAT
bovine-CoV,ACTTGTAATA
bovine-CoV,AGGTTAATG
bovine-CoV,AGTAAATGA
bovine-CoV,AGTGGTTATT
bovine-CoV,ATAACTATAG
bovine-CoV,ATAGGAGATTT
bovine-CoV,ATGATGTTG
bovine-CoV,ATGCTGTTG
bovine-CoV,ATGGCTTTT
bovine-CoV,ATGGTGTTA
bovine-CoV,ATGGTTTAAA
bovine-CoV,ATTTTATTT
bovine-CoV,CACTGTTCAG
bovine-CoV,CAGCAGCAG
bovine-CoV,CCTGCAGGT
bovine-CoV,CTAATGGTA
bovine-CoV,CTACCAATT
bovine-CoV,CTATGGTTT
bovine-CoV,CTGTTAATT
bovine-CoV,CTTTTAATT
bovine-CoV,CTTTTAATT
bovine-CoV,CTTTTAATT
bovine-CoV,GACACTGGTGTT
bovine-CoV,GACCTACAA
bovine-CoV,GACTTATTA
bovine-CoV,GCTCTTAAT
bovine-CoV,GGTACTACTT
bovine-CoV,GGTAGTGGTTA
bovine-CoV,GGTAGTGGTT
bovine-CoV,GGTATTTTTG
bovine-CoV,GGTGTTGTT
bovine-CoV,GTAGGTAGTGGTT
bovine-CoV,GTTTCTGTT
bovine-CoV,TAAAGATGG
bovine-CoV,TAATGGTAATC
bovine-CoV,TAATGGTAT
bovine-CoV,TAATGTATA
bovine-CoV,TACTACTTT
bovine-CoV,TAGTTGGCA
bovine-CoV,TATTAATGGG
bovine-CoV,TATTATAAT
bovine-CoV,TATTATGTC
bovine-CoV,TATTTTTGCTAA
bovine-CoV,TCTCCATTAA
bovine-CoV,TGCTGCTAA
bovine-CoV,TGGTTTGTAT
bovine-CoV,TGTTAATTA
bovine-CoV,TGTTACTAA
bovine-CoV,TTAATGAATG
bovine-CoV,TTACTAATGGT
bovine-CoV,TTACTATTGA
bovine-CoV,TTAGTGCAG
bovine-CoV,TTCTGCTTT
bovine-CoV,TTGCTGGTG
bovine-CoV,TTGGTGCTAT
bovine-CoV,TTGTTAATG
bovine-CoV,TTTACTAAT
bovine-CoV,TTTACTATT
bovine-CoV,TTTATTTAAAT
bovine-CoV,TTTGTATTTT
bovine-CoV,AAAATCAAA
bovine-CoV,AATAATACT
bovine-CoV,AATGCTGAA
bovine-CoV,AATGCTGAT
bovine-CoV,AATGGTTTA
bovine-CoV,ACTATAGGTA
bovine-CoV,ACTGGTGTT
bovine-CoV,ACTGGTGTT
bovine-CoV,ACTTATTAT
bovine-CoV,ACTTGTAATA
bovine-CoV,ACTTTAGCT
bovine-CoV,AGGTTAATG
bovine-CoV,AGTAAATGA
bovine-CoV,AGTCAAAAT
bovine-CoV,AGTGGTTATT
bovine-CoV,ATAACTATAG
bovine-CoV,ATAGGAGATTT
bovine-CoV,ATGATGTTG
bovine-CoV,ATGCTGTTG
bovine-CoV,ATGGTATTA
bovine-CoV,ATGGTGTTA
bovine-CoV,ATGGTTTAAA
bovine-CoV,ATTTTATTT
bovine-CoV,ATTTTGATA
bovine-CoV,CACATATGA
bovine-CoV,CACTGTTCAG
bovine-CoV,CAGCAGCAG
bovine-CoV,CCTGCAGGT
bovine-CoV,CGATTGTAATA
bovine-CoV,CTATGGTTT
bovine-CoV,CTGTTAATT
bovine-CoV,CTTTGACTT
bovine-CoV,CTTTTAATT
bovine-CoV,CTTTTAATT
bovine-CoV,CTTTTAATT
bovine-CoV,GACACTGGTGTT
bovine-CoV,GACTTATTA
bovine-CoV,GCTCTTAAT
bovine-CoV,GCTGGTTAT
bovine-CoV,GGTAGTGGTTA
bovine-CoV,GGTAGTGGTT
bovine-CoV,GGTATTTTTG
bovine-CoV,GGTGTTGTT
bovine-CoV,GTAGGTAGTGGTT
bovine-CoV,GTTATAATG
bovine-CoV,GTTTACTAT
bovine-CoV,GTTTCTGTT
bovine-CoV,TAATGGTAATC
bovine-CoV,TAATGGTATT
bovine-CoV,TAATGTATA
bovine-CoV,TACTAATGGTA
bovine-CoV,TACTAATGGT
bovine-CoV,TACTATTGA
bovine-CoV,TACTTTTGT
bovine-CoV,TAGTTGGCA
bovine-CoV,TATTAATGGG
bovine-CoV,TATTATAAT
bovine-CoV,TATTTAAAT
bovine-CoV,TATTTTTGCTAA
bovine-CoV,TCATTTACT
bovine-CoV,TGCTGCTAA
bovine-CoV,TGGTTATTA
bovine-CoV,TGGTTTGTAT
bovine-CoV,TGTTAATTAT
bovine-CoV,TGTTACTAA
bovine-CoV,TTAATGAATG
bovine-CoV,TTAATTATA
bovine-CoV,TTACTAATGGT
bovine-CoV,TTAGTGCAG
bovine-CoV,TTATTAATG
bovine-CoV,TTGCTGGTG
bovine-CoV,TTGGTGCTAT
bovine-CoV,TTGTAATAG
bovine-CoV,TTGTTAATG
bovine-CoV,TTGTTCTACT
bovine-CoV,TTGTTTCCT
bovine-CoV,TTGTTTTAA
bovine-CoV,TTTACTATT
bovine-CoV,TTTGTATTTT
bovine-CoV,TTTTACAGA
bovine-CoV,AAAATCAAA
bovine-CoV,AAGATGGTGT
bovine-CoV,AATGCTGAA
bovine-CoV,AATGCTGAT
bovine-CoV,AATGGTTTA
bovine-CoV,ACAGGTGTT
bovine-CoV,ACTATAGGTA
bovine-CoV,ACTTATTAT
bovine-CoV,ACTTGTAATA
bovine-CoV,AGATTTGGT
bovine-CoV,AGGTTAATG
bovine-CoV,AGTAAAGTT
bovine-CoV,AGTAAATGA
bovine-CoV,AGTGGTTAC
bovine-CoV,AGTGGTTATT
bovine-CoV,ATAACTATAG
bovine-CoV,ATAGGAGATTT
bovine-CoV,ATGATGTTG
bovine-CoV,ATGCTCTTG
bovine-CoV,ATGCTGTTG
bovine-CoV,CAGCAGCAG
bovine-CoV,CATGATGTT
bovine-CoV,CCTGCAGGT
bovine-CoV,CTAATGGTA
bovine-CoV,CTGATTTTA
bovine-CoV,CTGTTAATT
bovine-CoV,CTTTTAATT
bovine-CoV,CTTTTAATT
bovine-CoV,CTTTTAATT
bovine-CoV,GACCTACAA
bovine-CoV,GCTCTTAAT
bovine-CoV,GGTAGTGGTTA
bovine-CoV,GGTAGTGGTT
bovine-CoV,GGTTACACT
bovine-CoV,GTAATATGG
bovine-CoV,GTAGGTAGTGGTT
bovine-CoV,GTGGTTACT
bovine-CoV,GTTTCTGTT
bovine-CoV,TAATGGTAATC
bovine-CoV,TAATGGTATT
bovine-CoV,TAATGGTAT
bovine-CoV,TAATGGTAT
bovine-CoV,TAATTTTAAT
bovine-CoV,TAGTTGGCA
bovine-CoV,TATTAATGG
bovine-CoV,TATTATAAT
bovine-CoV,TATTTAAAT
bovine-CoV,TATTTTTGCTAA
bovine-CoV,TGCTGCTAA
bovine-CoV,TGGCATAGG
bovine-CoV,TGGTTATTAC
bovine-CoV,TGGTTTAAA
bovine-CoV,TGGTTTGTAT
bovine-CoV,TGTTAATTAT
bovine-CoV,TTAAAGATGG
bovine-CoV,TTAATGAATG
bovine-CoV,TTAATTATA
bovine-CoV,TTACTAATGGT
bovine-CoV,TTACTATTGA
bovine-CoV,TTAGTGCAG
bovine-CoV,TTATTATGT
bovine-CoV,TTCTGCTTT
bovine-CoV,TTGAGGCTT
bovine-CoV,TTGCTGGTG
bovine-CoV,TTGGGTAAT
bovine-CoV,TTGGTGCTAT
bovine-CoV,TTGTAATAA
bovine-CoV,TTGTTAATG
bovine-CoV,TTGTTTTAA
bovine-CoV,TTTACTAAT
bovine-CoV,TTTACTATT
bovine-CoV,TTTGCTATT
bovine-CoV,TTTGTATTTC
bovine-CoV,TTTTACAGA
bovine-CoV,AAAATCAAA
bovine-CoV,AATAATACT
bovine-CoV,AATGCTGAA
bovine-CoV,AATGCTGAT
bovine-CoV,AATGGTTTA
bovine-CoV,ACTATAGGTA
bovine-CoV,ACTGGTGTT
bovine-CoV,ACTGGTGTT
bovine-CoV,ACTTATTAT
bovine-CoV,ACTTGTAATA
bovine-CoV,AGGTTAATG
bovine-CoV,AGTAAATGA
bovine-CoV,AGTCAAAAT
bovine-CoV,AGTGGTTATT
bovine-CoV,ATAACTATAG
bovine-CoV,ATGATGTTG
bovine-CoV,ATGCTGTTG
bovine-CoV,ATGGTGTTA
bovine-CoV,ATGGTTTAAA
bovine-CoV,ATTTTATTT
bovine-CoV,ATTTTGATA
bovine-CoV,CACTGTTCAG
bovine-CoV,CAGCAGCAG
bovine-CoV,CCTGCAGGT
bovine-CoV,CGATTGTAATA
bovine-CoV,CTAATGGTA
bovine-CoV,CTATGGTTT
bovine-CoV,CTTTTAATT
bovine-CoV,CTTTTAATT
bovine-CoV,CTTTTAATT
bovine-CoV,GACACTGGTGTT
bovine-CoV,GACTTATTA
bovine-CoV,GATTTTACTA
bovine-CoV,GCTCTTAAT
bovine-CoV,GGTAGTGGTT
bovine-CoV,GGTATTTTTG
bovine-CoV,GGTGTTGTT
bovine-CoV,GTTATAATG
bovine-CoV,GTTTCTGTT
bovine-CoV,TAATGGTAATC
bovine-CoV,TAATGGTAT
bovine-CoV,TAATGTATA
bovine-CoV,TACAGGATG
bovine-CoV,TACTTTTGT
bovine-CoV,TAGGCACTT
bovine-CoV,TATTAATGGG
bovine-CoV,TATTATAAT
bovine-CoV,TATTTAAAT
bovine-CoV,TATTTTTGCTAA
bovine-CoV,TGCTGCTAA
bovine-CoV,TGGTATAGG
bovine-CoV,TGGTTATTA
bovine-CoV,TGGTTTGTAT
bovine-CoV,TGTTAATTAT
bovine-CoV,TGTTACTAA
bovine-CoV,TTAATGAATG
bovine-CoV,TTAATTATA
bovine-CoV,TTACTAATGGT
bovine-CoV,TTACTATTGA
bovine-CoV,TTAGTGCAG
bovine-CoV,TTATGATGT
bovine-CoV,TTGCTGGTG
bovine-CoV,TTGTAATAG
bovine-CoV,TTGTTAATG
bovine-CoV,TTGTTCTACT
bovine-CoV,TTGTTTCCT
bovine-CoV,TTGTTTTAA
bovine-CoV,TTTAATAAT
bovine-CoV,TTTACTAAT
bovine-CoV,TTTACTATT
bovine-CoV,TTTAGGCAC
bovine-CoV,TTTGTATTT
bovine-CoV,TTTTACAGA
bovine-CoV,TTTTACTAT
bovine-CoV,AAAATCAAA
bovine-CoV,AAGATGGTGT
bovine-CoV,AATAATACT
bovine-CoV,AATGCTGAA
bovine-CoV,AATGCTTAT
bovine-CoV,AATGGTTTA
bovine-CoV,ACTATAGGTA
bovine-CoV,ACTGGTGTT
bovine-CoV,ACTGGTGTT
bovine-CoV,ACTTATTAT
bovine-CoV,ACTTGTAATA
bovine-CoV,AGGTTAATG
bovine-CoV,AGTAAATGA
bovine-CoV,AGTGGTTAC
bovine-CoV,AGTGGTTATT
bovine-CoV,ATAACTATAG
bovine-CoV,ATGATGTTG
bovine-CoV,ATGCTGTTG
bovine-CoV,CAGCAGCAG
bovine-CoV,CATGATGTT
bovine-CoV,CGATTGCAATA
bovine-CoV,CTAATGGTA
bovine-CoV,CTGTTAATT
bovine-CoV,CTTTGACTT
bovine-CoV,CTTTTAATT
bovine-CoV,GACACTGGTGTT
bovine-CoV,GACCTACAA
bovine-CoV,GACTTATTA
bovine-CoV,GCTCTTAAT
bovine-CoV,GGTAGTGGTTA
bovine-CoV,GGTAGTGGTT
bovine-CoV,GGTGTTGTT
bovine-CoV,GGTTACACT
bovine-CoV,GGTTTGTAT
bovine-CoV,GTAATATGG
bovine-CoV,GTAGGTAGTGGTT
bovine-CoV,GTTTCTGTT
bovine-CoV,TAATGGTAATC
bovine-CoV,TAATGGTATT
bovine-CoV,TAGTTGGCA
bovine-CoV,TATTAATGG
bovine-CoV,TATTATAAT
bovine-CoV,TATTTAAAT
bovine-CoV,TATTTTTGCTAA
bovine-CoV,TGCTGCTAA
bovine-CoV,TGGCATAGG
bovine-CoV,TGGTTATTAC
bovine-CoV,TGGTTTAAA
bovine-CoV,TGTTAATTAT
bovine-CoV,TGTTACTAA
bovine-CoV,TTAAAGATGG
bovine-CoV,TTAATGAATG
bovine-CoV,TTAATTATA
bovine-CoV,TTACTAATGGT
bovine-CoV,TTACTATTGA
bovine-CoV,TTAGTGCAG
bovine-CoV,TTATGTAAA
bovine-CoV,TTATTATGT
bovine-CoV,TTCTGCTTT
bovine-CoV,TTGAGGCTT
bovine-CoV,TTGCTGGTG
bovine-CoV,TTGGGTAAT
bovine-CoV,TTGTTTATG
bovine-CoV,TTGTTTTAA
bovine-CoV,TTTACTAAT
bovine-CoV,TTTACTATT
bovine-CoV,TTTGTATTT
bovine-CoV,TTTTACAGA
bovine-CoV,TTTTGTTGAGG
bovine-CoV,ACTGGTGTT
bovine-CoV,ACTGGTGTT
bovine-CoV,GACACTGGTGTT
bovine-CoV,GGTGTTGTT
bovine-CoV,TAATGTATA
bovine-CoV,TGTTACTAA
bovine-CoV,TTACTAATGGT
bovine-CoV,AAAATCAAA
bovine-CoV,AAGATGGTGT
bovine-CoV,AATGCTGAA
bovine-CoV,AATGGTTTA
bovine-CoV,ACTATAGGTA
bovine-CoV,ACTGGTGTT
bovine-CoV,ACTGGTGTT
bovine-CoV,ACTTATTAT
bovine-CoV,ACTTGTAATA
bovine-CoV,AGATTTGGT
bovine-CoV,AGGTTAATG
bovine-CoV,AGTAAAGTT
bovine-CoV,AGTAAATGA
bovine-CoV,AGTGGTTAC
bovine-CoV,AGTGGTTATT
bovine-CoV,ATAACTATAG
bovine-CoV,ATAGGAGATTT
bovine-CoV,ATGCTCTTG
bovine-CoV,ATGCTGTTG
bovine-CoV,CAGCAGCAG
bovine-CoV,CATGATGTT
bovine-CoV,CCTGCAGGT
bovine-CoV,CGATTGCAATA
bovine-CoV,CTAAAGTTAC
bovine-CoV,CTAATGGTA
bovine-CoV,CTGATTTTA
bovine-CoV,CTGCTATAA
bovine-CoV,CTGTTAATT
bovine-CoV,CTTTTAATT
bovine-CoV,CTTTTAATT
bovine-CoV,CTTTTAATT
bovine-CoV,GACACTGGTGTT
bovine-CoV,GACCTACAA
bovine-CoV,GACTTATTA
bovine-CoV,GCTCTTAAT
bovine-CoV,GGTAGTGGTTA
bovine-CoV,GGTAGTGGTT
bovine-CoV,GGTAGTGGTT
bovine-CoV,GGTGTTGTT
bovine-CoV,GGTTACACT
bovine-CoV,GTAATATGG
bovine-CoV,GTTTCTGTT
bovine-CoV,TAATGGTAATC
bovine-CoV,TAATGGTATT
bovine-CoV,TAATGGTAT
bovine-CoV,TAATGGTAT
bovine-CoV,TAATTTTAAT
bovine-CoV,TAGTTGGCA
bovine-CoV,TATTAATGG
bovine-CoV,TATTATAAT
bovine-CoV,TATTTAAAT
bovine-CoV,TATTTTTGCTAA
bovine-CoV,TGCTATAAGTT
bovine-CoV,TGCTGCTAA
bovine-CoV,TGGCATAGG
bovine-CoV,TGGTTATTAC
bovine-CoV,TGGTTTAAA
bovine-CoV,TGGTTTGTAT
bovine-CoV,TGTTAATTAT
bovine-CoV,TGTTACTAA
bovine-CoV,TGTTTGTGT
bovine-CoV,TTAAAGATGG
bovine-CoV,TTAATGAATG
bovine-CoV,TTAATTATA
bovine-CoV,TTACTAATGGT
bovine-CoV,TTACTATTGA
bovine-CoV,TTAGTGCAG
bovine-CoV,TTATTATGT
bovine-CoV,TTCTGCTTT
bovine-CoV,TTGAGGCTT
bovine-CoV,TTGCTGGTG
bovine-CoV,TTGGGTAAT
bovine-CoV,TTGGTGCTAT
bovine-CoV,TTGTTAATG
bovine-CoV,TTGTTTTAA
bovine-CoV,TTTACTAAT
bovine-CoV,TTTACTATT
bovine-CoV,TTTGTATTT
bovine-CoV,TTTTACAGA
bovine-CoV,TTTTGTTGAGG
bovine-CoV,AAAACCAAA
bovine-CoV,AAGATGGTGT
bovine-CoV,AATGCTGAT
bovine-CoV,AATGGTTTA
bovine-CoV,ACTATAGGTA
bovine-CoV,ACTGGTGTT
bovine-CoV,ACTGGTGTT
bovine-CoV,ACTTATTAT
bovine-CoV,ACTTGTAATA
bovine-CoV,AGATTTGGT
bovine-CoV,AGGTTAATG
bovine-CoV,AGTAAAGTT
bovine-CoV,AGTAAATGA
bovine-CoV,AGTGGTTATT
bovine-CoV,ATAACTATAG
bovine-CoV,ATAGGAGATTT
bovine-CoV,ATGATGTTG
bovine-CoV,ATGCTGTTG
bovine-CoV,CAGCAGCAG
bovine-CoV,CATGATGTT
bovine-CoV,CCTGCAGGT
bovine-CoV,CTAATGGTA
bovine-CoV,CTGATTTTA
bovine-CoV,CTGGTATAG
bovine-CoV,CTGTTAATT
bovine-CoV,CTTTGACTT
bovine-CoV,CTTTTAACT
bovine-CoV,GACACTGGTGTT
bovine-CoV,GCTCTTAAT
bovine-CoV,GGTAGTGGTTA
bovine-CoV,GGTAGTGGTT
bovine-CoV,GGTATTTTTG
bovine-CoV,GGTGTTGTT
bovine-CoV,GTAATATGG
bovine-CoV,GTAGGTAGTGGTT
bovine-CoV,GTTGTCAAT
bovine-CoV,GTTTCTGTT
bovine-CoV,TAACTATAGA
bovine-CoV,TAACTATAG
bovine-CoV,TAATGGTAATC
bovine-CoV,TAATGGTATT
bovine-CoV,TAATGGTAT
bovine-CoV,TAATGGTAT
bovine-CoV,TAATTTGGGT
bovine-CoV,TAGTTGGCA
bovine-CoV,TATTAATGG
bovine-CoV,TATTATAAT
bovine-CoV,TATTTAAAT
bovine-CoV,TATTTTTGCTAA
bovine-CoV,TGCTGCTAA
bovine-CoV,TGGTTATTAC
bovine-CoV,TGGTTTAAA
bovine-CoV,TGGTTTGTAT
bovine-CoV,TGTTAATTAT
bovine-CoV,TGTTACTAA
bovine-CoV,TTAATGAATG
bovine-CoV,TTACTAATGGT
bovine-CoV,TTACTATTGA
bovine-CoV,TTAGTGCAG
bovine-CoV,TTATTATGT
bovine-CoV,TTCTGCTTT
bovine-CoV,TTGAGGCTT
bovine-CoV,TTGCTGGTG
bovine-CoV,TTGGGTAAT
bovine-CoV,TTGGGTAAT
bovine-CoV,TTGGTGCTAT
bovine-CoV,TTGTAATAA
bovine-CoV,TTGTTAATG
bovine-CoV,TTGTTTGTG
bovine-CoV,TTGTTTTAA
bovine-CoV,TTTACTAAT
bovine-CoV,TTTACTATT
bovine-CoV,TTTGGGTAAT
bovine-CoV,TTTGTATTTT
bovine-CoV,TTTTACAGA
bovine-CoV,TTTTGTTGAGG
bovine-CoV,AAAACCAAA
bovine-CoV,AAGATGGTGT
bovine-CoV,AATGCTGAA
bovine-CoV,AATGCTGAT
bovine-CoV,AATGGTTTA
bovine-CoV,ACTATAGGTA
bovine-CoV,ACTGGTGTT
bovine-CoV,ACTGGTGTT
bovine-CoV,ACTTATTAT
bovine-CoV,ACTTGTAATA
bovine-CoV,AGATTTGGT
bovine-CoV,AGGTTAATG
bovine-CoV,AGTAAAGTT
bovine-CoV,AGTAAATGA
bovine-CoV,AGTGGTTATT
bovine-CoV,ATAACTATAG
bovine-CoV,ATAGGAGATTT
bovine-CoV,ATGATGTTG
bovine-CoV,ATGCTCTTG
bovine-CoV,ATGCTGTTG
bovine-CoV,CAGCAGCAG
bovine-CoV,CATGATGTT
bovine-CoV,CCTGCAGGT
bovine-CoV,CTAATGGTA
bovine-CoV,CTGATTTTA
bovine-CoV,CTGGTATAG
bovine-CoV,CTTTGACTT
bovine-CoV,CTTTTAATT
bovine-CoV,GACACTGGTGTT
bovine-CoV,GACCTACAA
bovine-CoV,GCTCTTAAT
bovine-CoV,GGTAGTGGTTA
bovine-CoV,GGTAGTGGTT
bovine-CoV,GGTGTTGTT
bovine-CoV,GGTTTGTAT
bovine-CoV,GTAATATGG
bovine-CoV,GTAGGTAGTGGTT
bovine-CoV,GTTTCTGTT
bovine-CoV,TAACTATAGA
bovine-CoV,TAACTATAG
bovine-CoV,TAATATTGA
bovine-CoV,TAATGGTAATC
bovine-CoV,TAATGGTATT
bovine-CoV,TAATGGTAT
bovine-CoV,TAATGGTAT
bovine-CoV,TAGGTACTT
bovine-CoV,TAGTTGGCA
bovine-CoV,TATTAATGG
bovine-CoV,TATTATAAT
bovine-CoV,TATTTAAAT
bovine-CoV,TATTTTTGCTAA
bovine-CoV,TGCTGCTAA
bovine-CoV,TGGTTTAAA
bovine-CoV,TGTAATATT
bovine-CoV,TGTTAATTAT
bovine-CoV,TGTTACTAA
bovine-CoV,TGTTTATTTA
bovine-CoV,TTAAAGATGG
bovine-CoV,TTAATGAATG
bovine-CoV,TTACTAATGGT
bovine-CoV,TTACTACCCT
bovine-CoV,TTACTATTGA
bovine-CoV,TTAGTGCAG
bovine-CoV,TTATTATGT
bovine-CoV,TTCTGCTTT
bovine-CoV,TTGAGGCTT
bovine-CoV,TTGCTGGTG
bovine-CoV,TTGGGTAAT
bovine-CoV,TTGGTGCTAT
bovine-CoV,TTGTTAATG
bovine-CoV,TTGTTTCCT
bovine-CoV,TTGTTTTAA
bovine-CoV,TTTACTAAT
bovine-CoV,TTTACTATT
bovine-CoV,TTTGTATTT
bovine-CoV,TTTTACAGA
bovine-CoV,TTTTGTTGAGG
bovine-CoV,AAAATCAAA
bovine-CoV,AAGATGGTGTTA
bovine-CoV,AAGATGGTGT
bovine-CoV,AATAATACT
bovine-CoV,AATGCTGAA
bovine-CoV,AATGGTTTA
bovine-CoV,ACTATAGGTA
bovine-CoV,ACTGGTGTT
bovine-CoV,ACTGGTGTT
bovine-CoV,ACTTATTAT
bovine-CoV,ACTTGTAATA
bovine-CoV,AGATTTGGT
bovine-CoV,AGGTTAATG
bovine-CoV,AGTAAAGTT
bovine-CoV,AGTAAATGA
bovine-CoV,AGTGGTTAC
bovine-CoV,AGTGGTTATT
bovine-CoV,ATAACTATAG
bovine-CoV,ATAGGAGATTT
bovine-CoV,ATGATGTTG
bovine-CoV,ATGCTGTTG
bovine-CoV,CAGCAGCAG
bovine-CoV,CATGATGTT
bovine-CoV,CGATTGCAATA
bovine-CoV,CTAATGGTA
bovine-CoV,CTAATTATTT
bovine-CoV,CTTTGACTT
bovine-CoV,CTTTTAATT
bovine-CoV,CTTTTAATT
bovine-CoV,CTTTTAATT
bovine-CoV,GACACTGGTGTT
bovine-CoV,GACCTACAA
bovine-CoV,GACTTATTA
bovine-CoV,GCTCTTAAT
bovine-CoV,GGTAGTGGTTA
bovine-CoV,GGTAGTGGT
bovine-CoV,GGTGTTGTT
bovine-CoV,GGTTACACT
bovine-CoV,GGTTTGTAT
bovine-CoV,GTAATATGG
bovine-CoV,GTAGGTAGTGGT
bovine-CoV,GTGTTAATT
bovine-CoV,GTTTCTGTT
bovine-CoV,TAAATTGGG
bovine-CoV,TAATGGTAATC
bovine-CoV,TAATGGTATT
bovine-CoV,TAATGGTAT
bovine-CoV,TAATGGTAT
bovine-CoV,TAGTTGGCA
bovine-CoV,TATTAATGG
bovine-CoV,TATTATAAT
bovine-CoV,TATTTAAAT
bovine-CoV,TATTTTTGCTAA
bovine-CoV,TGATTGTTT
bovine-CoV,TGCTGCTAA
bovine-CoV,TGGCATAGG
bovine-CoV,TGGGTAATAAA
bovine-CoV,TGGTTATTA
bovine-CoV,TGGTTTAAA
bovine-CoV,TGTTACTAA
bovine-CoV,TTAAAGATGGTGT
bovine-CoV,TTAATGAATG
bovine-CoV,TTACTAATGGT
bovine-CoV,TTACTATTGA
bovine-CoV,TTAGTGCAG
bovine-CoV,TTATGTAAA
bovine-CoV,TTATTATGT
bovine-CoV,TTGAGGCTT
bovine-CoV,TTGCTGGTG
bovine-CoV,TTGGGTAAT
bovine-CoV,TTGGTGCTAT
bovine-CoV,TTGTTTATG
bovine-CoV,TTGTTTTAA
bovine-CoV,TTTACTAAT
bovine-CoV,TTTACTATT
bovine-CoV,TTTGTATTT
bovine-CoV,TTTTACAGA
bovine-CoV,TTTTGTTGAGG
bovine-CoV,AAAATCAAA
bovine-CoV,AATAATACT
bovine-CoV,AATGCTGAA
bovine-CoV,AATGCTGAT
bovine-CoV,AATGGTTTA
bovine-CoV,ACTATAGGTA
bovine-CoV,ACTGGTGTT
bovine-CoV,ACTGGTGTT
bovine-CoV,ACTTATTAT
bovine-CoV,ACTTGTAATA
bovine-CoV,ACTTTAGCT
bovine-CoV,AGGTTAATG
bovine-CoV,AGTAAATGA
bovine-CoV,AGTCAAAAT
bovine-CoV,ATAACTATAG
bovine-CoV,ATAGGAGATTT
bovine-CoV,ATGATGTTG
bovine-CoV,ATGCTGTTG
bovine-CoV,ATGGTATTA
bovine-CoV,ATGGTGTTA
bovine-CoV,ATGGTTTAAA
bovine-CoV,ATTTTATTT
bovine-CoV,ATTTTGATA
bovine-CoV,CACTGTTCAG
bovine-CoV,CAGCAGCAG
bovine-CoV,CCTGCAGGT
bovine-CoV,CGATTGTAATA
bovine-CoV,CTAATGGTA
bovine-CoV,CTATGGTTT
bovine-CoV,CTGATTTTA
bovine-CoV,CTTTGACTT
bovine-CoV,CTTTTAATT
bovine-CoV,CTTTTAATT
bovine-CoV,CTTTTAATT
bovine-CoV,GACACTGGTGTT
bovine-CoV,GACCTACAA
bovine-CoV,GACTTATTA
bovine-CoV,GATTTTACTA
bovine-CoV,GCTCTTAAT
bovine-CoV,GGTAGTGGTTACT
bovine-CoV,GGTAGTGGTT
bovine-CoV,GGTATTTTTG
bovine-CoV,GGTGTTGTT
bovine-CoV,GTAGGTAGTGGTT
bovine-CoV,GTTATAATG
bovine-CoV,TAATGGTAATC
bovine-CoV,TAATGGTATT
bovine-CoV,TAATGTATA
bovine-CoV,TACTATTGA
bovine-CoV,TACTTTTGT
bovine-CoV,TAGTTGGCA
bovine-CoV,TATTAATGGG
bovine-CoV,TATTATAAT
bovine-CoV,TATTTAAAT
bovine-CoV,TATTTTTGCTAA
bovine-CoV,TGCTGCTAA
bovine-CoV,TGGCATTGG
bovine-CoV,TGGTTTGTAT
bovine-CoV,TGTTAATTAT
bovine-CoV,TGTTACTAA
bovine-CoV,TGTTTGTGT
bovine-CoV,TTAATGAATG
bovine-CoV,TTAATTATA
bovine-CoV,TTACTAATGGT
bovine-CoV,TTAGTGCAG
bovine-CoV,TTGCTGGTG
bovine-CoV,TTGGTGCTAT
bovine-CoV,TTGTAATAG
bovine-CoV,TTGTTAATG
bovine-CoV,TTGTTCTACT
bovine-CoV,TTGTTTTAA
bovine-CoV,TTTACTAAT
bovine-CoV,TTTGTATTT
bovine-CoV,TTTTACAGA
bovine-CoV,TTTTACTAT
bovine-CoV,AAAATCAAA
bovine-CoV,AAGATGGTGT
bovine-CoV,AATGCTGAA
bovine-CoV,AATGCTGAT
bovine-CoV,AATGGTTTA
bovine-CoV,ACTATAGGTA
bovine-CoV,ACTGGTGTT
bovine-CoV,ACTTATTAT
bovine-CoV,ACTTGTAATA
bovine-CoV,AGATTTGGT
bovine-CoV,AGGTTAATG
bovine-CoV,AGTAAAGTT
bovine-CoV,AGTGGTTAC
bovine-CoV,AGTGGTTATT
bovine-CoV,ATAACTATAG
bovine-CoV,ATAGGAGATTT
bovine-CoV,ATGATGTTG
bovine-CoV,ATGCTGTTG
bovine-CoV,CAGCAGCAG
bovine-CoV,CTAATGGTA
bovine-CoV,CTGTTAATT
bovine-CoV,CTTTTAATT
bovine-CoV,GACACTGGTG
bovine-CoV,GACCTACAA
bovine-CoV,GACTTATTA
bovine-CoV,GCTCTTAAT
bovine-CoV,GGTAGTGGTTA
bovine-CoV,GGTAGTGGT
bovine-CoV,GGTGTTGTT
bovine-CoV,GGTTACACT
bovine-CoV,GGTTTGTAT
bovine-CoV,GTAATATGG
bovine-CoV,GTAGGTAGTGGT
bovine-CoV,GTTAATGAAT
bovine-CoV,GTTTCTGTT
bovine-CoV,TAATATTGA
bovine-CoV,TAATGGTAATC
bovine-CoV,TAATGGTATT
bovine-CoV,TAATGGTAT
bovine-CoV,TAATGGTAT
bovine-CoV,TACTTTTTT
bovine-CoV,TAGTTGGCA
bovine-CoV,TATTAATGG
bovine-CoV,TATTATAAT
bovine-CoV,TATTTAAAT
bovine-CoV,TATTTTTGCTAA
bovine-CoV,TCATGATGTT
bovine-CoV,TGGCATAGG
bovine-CoV,TGGTTATTAC
bovine-CoV,TGGTTTAAA
bovine-CoV,TGTAATATT
bovine-CoV,TGTTAATTAT
bovine-CoV,TGTTACTAA
bovine-CoV,TTAAAGATGG
bovine-CoV,TTAATGAATG
bovine-CoV,TTAATGAAT
bovine-CoV,TTACTAATGGT
bovine-CoV,TTACTATTGA
bovine-CoV,TTAGTGCAG
bovine-CoV,TTATGTAAA
bovine-CoV,TTATTATGT
bovine-CoV,TTCTGCTTT
bovine-CoV,TTGAGGCTT
bovine-CoV,TTGCTGGTG
bovine-CoV,TTGGGTAAT
bovine-CoV,TTGTTTATG
bovine-CoV,TTGTTTTAA
bovine-CoV,TTTACTAAT
bovine-CoV,TTTACTATT
bovine-CoV,TTTGTATTTT
bovine-CoV,TTTTGTTGAGG
bovine-CoV,TTTTTATCA
bovine-CoV,AAAACCAAA
bovine-CoV,AAGATGGTGT
bovine-CoV,AATGCTGAA
bovine-CoV,AATGCTGAT
bovine-CoV,AATGGTTTA
bovine-CoV,ACTATAGGTA
bovine-CoV,ACTGGTGTT
bovine-CoV,ACTGGTGTT
bovine-CoV,ACTTATTAT
bovine-CoV,ACTTGTAATA
bovine-CoV,AGATTTGGT
bovine-CoV,AGGTTAATG
bovine-CoV,AGTAAAGTT
bovine-CoV,AGTAAATGA
bovine-CoV,AGTGGTTATT
bovine-CoV,ATAACTATAG
bovine-CoV,ATAGGAGATTT
bovine-CoV,ATGATGTTG
bovine-CoV,ATGCTGTTG
bovine-CoV,ATTTTTGCTAA
bovine-CoV,CAGCAGCAG
bovine-CoV,CATGATGTT
bovine-CoV,CATGTAAAT
bovine-CoV,CCTGCAGGT
bovine-CoV,CGATTGCAATA
bovine-CoV,CTAATGGTA
bovine-CoV,CTGATTTTA
bovine-CoV,CTGTTAATT
bovine-CoV,CTTTGACTT
bovine-CoV,CTTTTAATT
bovine-CoV,GACACTGGTGTT
bovine-CoV,GACCTACAA
bovine-CoV,GCTCTTAAT
bovine-CoV,GGTAGTGGTTA
bovine-CoV,GGTAGTGGTT
bovine-CoV,GGTGTTGTT
bovine-CoV,GGTTTGTAT
bovine-CoV,GTAATATGG
bovine-CoV,GTAGGTAGTGGTT
bovine-CoV,GTTTCTGTT
bovine-CoV,TAACTATAGA
bovine-CoV,TAACTATAG
bovine-CoV,TAATGGTAATC
bovine-CoV,TAATGGTATT
bovine-CoV,TAATGGTAT
bovine-CoV,TAATGGTAT
bovine-CoV,TAGGTACTT
bovine-CoV,TAGTTGGCA
bovine-CoV,TATTAATGG
bovine-CoV,TATTATAAT
bovine-CoV,TATTTAAAT
bovine-CoV,TCTGATGTC
bovine-CoV,TGCTGCTAA
bovine-CoV,TGGTTATTAC
bovine-CoV,TGGTTTAAA
bovine-CoV,TGTTAATTAT
bovine-CoV,TGTTACTAA
bovine-CoV,TTAAAGATGG
bovine-CoV,TTAATGAATG
bovine-CoV,TTACTAATGGT
bovine-CoV,TTACTATTGA
bovine-CoV,TTAGTGCAG
bovine-CoV,TTATTATGT
bovine-CoV,TTCTGCTTT
bovine-CoV,TTGAGGCTT
bovine-CoV,TTGCTGGTG
bovine-CoV,TTGGGTAAT
bovine-CoV,TTGGTGCTAT
bovine-CoV,TTGTTAATG
bovine-CoV,TTGTTTTAA
bovine-CoV,TTTACTAAT
bovine-CoV,TTTACTATT
bovine-CoV,TTTGGGTTA
bovine-CoV,TTTGTATTTT
bovine-CoV,TTTTACAGA
bovine-CoV,TTTTGGGTT
bovine-CoV,TTTTGTTGAGG
bovine-CoV,TTTTTGGGT
bovine-CoV,AAAATCAAA
bovine-CoV,AAGATGGTGT
bovine-CoV,AATGCTGAA
bovine-CoV,AATGCTGAT
bovine-CoV,AATGGTTTA
bovine-CoV,ACTATAGGTA
bovine-CoV,ACTGGTGTT
bovine-CoV,ACTGGTGTT
bovine-CoV,ACTTATTAT
bovine-CoV,ACTTGTAATA
bovine-CoV,AGATTTGGT
bovine-CoV,AGGAGATTT
bovine-CoV,AGGTTAATG
bovine-CoV,AGTAAAGTT
bovine-CoV,AGTAAATGA
bovine-CoV,AGTGGTTAC
bovine-CoV,AGTGGTTATT
bovine-CoV,ATAACTATAG
bovine-CoV,ATGATGTTG
bovine-CoV,ATGCTGTTG
bovine-CoV,CAGCAGCAG
bovine-CoV,CATGATGTT
bovine-CoV,CGATTGCAATA
bovine-CoV,CTAATGGTA
bovine-CoV,CTGGTATAG
bovine-CoV,CTGTTAATT
bovine-CoV,CTTTGACTT
bovine-CoV,CTTTTAATT
bovine-CoV,GACACTGGTGTT
bovine-CoV,GACCTACAAT
bovine-CoV,GACTTATTA
bovine-CoV,GCTCTTAAT
bovine-CoV,GGTAGTGGTTA
bovine-CoV,GGTAGTGGT
bovine-CoV,GGTGTTGTT
bovine-CoV,GGTTACACT
bovine-CoV,GGTTTGTAT
bovine-CoV,GTAATATGG
bovine-CoV,GTAGGTAGTGGT
bovine-CoV,GTTTCTGTT
bovine-CoV,TAACTATAGA
bovine-CoV,TAACTATAG
bovine-CoV,TAATGGTAATC
bovine-CoV,TAATGGTATT
bovine-CoV,TAATGGTAT
bovine-CoV,TAATGGTAT
bovine-CoV,TAGTTGGCA
bovine-CoV,TATAGTGTG
bovine-CoV,TATTAATGG
bovine-CoV,TATTATAAT
bovine-CoV,TATTTAAAT
bovine-CoV,TATTTTTGCTAA
bovine-CoV,TGGTTATTAC
bovine-CoV,TGTTAATTAT
bovine-CoV,TGTTACTAA
bovine-CoV,TGTTTCCTG
bovine-CoV,TTAAAGATGG
bovine-CoV,TTAATGAATG
bovine-CoV,TTACTAATGGT
bovine-CoV,TTACTATTGA
bovine-CoV,TTAGTGCAG
bovine-CoV,TTATGTAAA
bovine-CoV,TTATTATGT
bovine-CoV,TTCTGCTTT
bovine-CoV,TTGAGGCTT
bovine-CoV,TTGCTGGTG
bovine-CoV,TTGGGTAAT
bovine-CoV,TTGGTGCTAT
bovine-CoV,TTGTTTATG
bovine-CoV,TTGTTTTAA
bovine-CoV,TTTACTAAT
bovine-CoV,TTTACTATT
bovine-CoV,TTTGTATTTT
bovine-CoV,TTTTACAGA
bovine-CoV,TTTTGTTGAGG
bovine-CoV,AAAATCAAA
bovine-CoV,AATAATACT
bovine-CoV,AATGCTGAA
bovine-CoV,AATGCTGAT
bovine-CoV,AATGGTTTA
bovine-CoV,ACTATAGGTA
bovine-CoV,ACTGGTGTT
bovine-CoV,ACTGGTGTT
bovine-CoV,ACTTATTAT
bovine-CoV,ACTTGTAATA
bovine-CoV,ACTTTAGCT
bovine-CoV,AGGTTAATG
bovine-CoV,AGTAAATGA
bovine-CoV,AGTCAAAAT
bovine-CoV,AGTGGTTATT
bovine-CoV,ATAACTATAG
bovine-CoV,ATAGGAGATTT
bovine-CoV,ATGATGTTG
bovine-CoV,ATGCTGTTG
bovine-CoV,ATGGTATTA
bovine-CoV,ATGGTGTTA
bovine-CoV,ATGGTTTAAA
bovine-CoV,ATTTTATTT
bovine-CoV,ATTTTGATA
bovine-CoV,CACTGTTCAG
bovine-CoV,CAGCAGCAG
bovine-CoV,CCTGCAGGT
bovine-CoV,CGATTGTAATA
bovine-CoV,CTAATGGTA
bovine-CoV,CTATGGTTT
bovine-CoV,CTTTTAATT
bovine-CoV,CTTTTAATT
bovine-CoV,CTTTTAATT
bovine-CoV,GACACTGGTGTT
bovine-CoV,GACTTATTA
bovine-CoV,GATTTTACTA
bovine-CoV,GCTCTTAAT
bovine-CoV,GGTAGTGGTTA
bovine-CoV,GGTAGTGGTT
bovine-CoV,GGTATTTTTG
bovine-CoV,GGTGTTGTT
bovine-CoV,GTAGGTAGTGGTT
bovine-CoV,GTTATAATG
bovine-CoV,GTTTCTGTT
bovine-CoV,TAATGGTAATC
bovine-CoV,TAATGGTATT
bovine-CoV,TACTATTGA
bovine-CoV,TACTTTTGT
bovine-CoV,TAGTTGGCA
bovine-CoV,TATTAATGGG
bovine-CoV,TATTATAAT
bovine-CoV,TATTTAAAT
bovine-CoV,TATTTTTGCTAA
bovine-CoV,TGCTGCTAA
bovine-CoV,TGGTTATTA
bovine-CoV,TGGTTTGTAT
bovine-CoV,TGTGTATTTA
bovine-CoV,TGTTAATTAT
bovine-CoV,TGTTACTAA
bovine-CoV,TTAATGAATG
bovine-CoV,TTAATTATA
bovine-CoV,TTACTAATGGT
bovine-CoV,TTAGTGCAG
bovine-CoV,TTGCTGGTG
bovine-CoV,TTGGTGCTAT
bovine-CoV,TTGTAATAG
bovine-CoV,TTGTTAATG
bovine-CoV,TTGTTCTACT
bovine-CoV,TTGTTTCCT
bovine-CoV,TTGTTTTAA
bovine-CoV,TTTACTAAT
bovine-CoV,TTTGTATGA
bovine-CoV,TTTGTATTT
bovine-CoV,TTTTACAGA
bovine-CoV,TTTTACTAT
bovine-CoV,AAAATCAAA
bovine-CoV,AATAATACT
bovine-CoV,AATGCTGAA
bovine-CoV,AATGCTGAT
bovine-CoV,AATGGTTTA
bovine-CoV,ACTATAGGTA
bovine-CoV,ACTGGTGTT
bovine-CoV,ACTGGTGTT
bovine-CoV,ACTTATTAT
bovine-CoV,ACTTGTAATA
bovine-CoV,ACTTTAGCT
bovine-CoV,AGGTTAATG
bovine-CoV,AGTAAATGA
bovine-CoV,AGTCAAAAT
bovine-CoV,AGTGGTTATT
bovine-CoV,ATAACTATAG
bovine-CoV,ATAGGAGATTT
bovine-CoV,ATGATGTTG
bovine-CoV,ATGCTGTTG
bovine-CoV,ATGGTATTA
bovine-CoV,ATGGTGTTA
bovine-CoV,ATGGTTTAAA
bovine-CoV,ATTTTATTT
bovine-CoV,ATTTTGATA
bovine-CoV,CACTGTTCAG
bovine-CoV,CAGCAGCAG
bovine-CoV,CCTGCAGGT
bovine-CoV,CGATTGTAATA
bovine-CoV,CTAATGGTA
bovine-CoV,CTATGGTTT
bovine-CoV,CTTTGACTT
bovine-CoV,CTTTTAATT
bovine-CoV,CTTTTAATT
bovine-CoV,CTTTTAATT
bovine-CoV,GACACTGGTGTT
bovine-CoV,GACTTATTA
bovine-CoV,GATTTTACTA
bovine-CoV,GCTCTTAAT
bovine-CoV,GGTAGTGGTTA
bovine-CoV,GGTAGTGGTT
bovine-CoV,GGTATTTTTG
bovine-CoV,GGTGTTGTT
bovine-CoV,GTAGGTAGTGGTT
bovine-CoV,GTTATAATG
bovine-CoV,GTTTCTGTT
bovine-CoV,TAATGGTAATC
bovine-CoV,TAATGGTATT
bovine-CoV,TAATGTATA
bovine-CoV,TACTATTGA
bovine-CoV,TACTTTTGT
bovine-CoV,TAGTTGGCA
bovine-CoV,TATTAATGGG
bovine-CoV,TATTATAAT
bovine-CoV,TATTTAAAT
bovine-CoV,TATTTTTGCTAA
bovine-CoV,TGCTGCTAA
bovine-CoV,TGGTTATTA
bovine-CoV,TGGTTTGTAT
bovine-CoV,TGTTAATTAT
bovine-CoV,TGTTACTAA
bovine-CoV,TTAATGAATG
bovine-CoV,TTAATTATA
bovine-CoV,TTACAAGAA
bovine-CoV,TTACTAATGGT
bovine-CoV,TTAGTGCAG
bovine-CoV,TTGCTGGTG
bovine-CoV,TTGGTGCTAT
bovine-CoV,TTGTAATAG
bovine-CoV,TTGTTAATG
bovine-CoV,TTGTTCTACT
bovine-CoV,TTGTTTCCT
bovine-CoV,TTGTTTTAA
bovine-CoV,TTTACTAAT
bovine-CoV,TTTGTATGA
bovine-CoV,TTTGTATTTT
bovine-CoV,TTTTACAGA
bovine-CoV,TTTTACTAT
bovine-CoV,CCTGCAGGT
bovine-CoV,TGGCATAGG
bovine-CoV,CCTGCAGGT
bovine-CoV,TGGCATAGG
bovine-CoV,CATGATGTT
bovine-CoV,CCTGCAGGT
bovine-CoV,CTGGTATAG
bovine-CoV,GTAGGTAGTGGTT
bovine-CoV,TAGTTGGCA
bovine-CoV,TATTATAAT
bovine-CoV,CCTGCAGGT
bovine-CoV,CTGGTATAG
bovine-CoV,TGGTATAGG
bovine-CoV,AAAATCAAA
bovine-CoV,AAGATGGTGT
bovine-CoV,AATAATACT
bovine-CoV,AATGCTGAT
bovine-CoV,AATGGTTTA
bovine-CoV,ACTATAGGTA
bovine-CoV,ACTGGTGTT
bovine-CoV,ACTGGTGTT
bovine-CoV,ACTTATTAT
bovine-CoV,ACTTGTAATA
bovine-CoV,AGATTTGGT
bovine-CoV,AGGTTAATG
bovine-CoV,AGTAAAGTT
bovine-CoV,AGTAAATGA
bovine-CoV,AGTGGTTAC
bovine-CoV,AGTGGTTATT
bovine-CoV,ATAACTATAG
bovine-CoV,ATAGGAGATTT
bovine-CoV,ATGATGTTG
bovine-CoV,ATGCTGTTG
bovine-CoV,ATTTTGGGT
bovine-CoV,CAGCAGCAG
bovine-CoV,CATGATGTT
bovine-CoV,CGATTGCAATA
bovine-CoV,CTAATGGTA
bovine-CoV,CTGATTTTA
bovine-CoV,CTGTTAATT
bovine-CoV,CTTTTAATT
bovine-CoV,CTTTTAATT
bovine-CoV,CTTTTAATT
bovine-CoV,GACACTGGTGTT
bovine-CoV,GACCTACAAT
bovine-CoV,GACTTATTA
bovine-CoV,GCTCTTAAT
bovine-CoV,GGTAGTGGTTA
bovine-CoV,GGTAGTGGTT
bovine-CoV,GGTGTTGTT
bovine-CoV,GGTTACACT
bovine-CoV,GGTTTGTAT
bovine-CoV,GTAATATGG
bovine-CoV,GTACTTTTT
bovine-CoV,GTAGGTAGTGGTT
bovine-CoV,GTTTCTGTT
bovine-CoV,TAATGGTAATC
bovine-CoV,TAATGGTATT
bovine-CoV,TAATGGTAT
bovine-CoV,TAATGGTAT
bovine-CoV,TACTTTTTT
bovine-CoV,TAGTTGGCA
bovine-CoV,TATAGTGTG
bovine-CoV,TATTAATGG
bovine-CoV,TATTATAAT
bovine-CoV,TATTTAAAT
bovine-CoV,TATTTTTGCTAA
bovine-CoV,TCTTGTTTA
bovine-CoV,TGCTGCTAA
bovine-CoV,TGGCATAGG
bovine-CoV,TGGTTATTAC
bovine-CoV,TGGTTTAAA
bovine-CoV,TGTTAATTAT
bovine-CoV,TGTTACTAA
bovine-CoV,TTAAAGATGG
bovine-CoV,TTAATGAATG
bovine-CoV,TTAATTATA
bovine-CoV,TTACTAATGGT
bovine-CoV,TTACTATTGA
bovine-CoV,TTAGTGCAG
bovine-CoV,TTATGTAAA
bovine-CoV,TTATTATGT
bovine-CoV,TTCTGCTTT
bovine-CoV,TTGAGGCTT
bovine-CoV,TTGCTGGTG
bovine-CoV,TTGGGTAAT
bovine-CoV,TTGGTGCTAT
bovine-CoV,TTGTTTATG
bovine-CoV,TTGTTTTAA
bovine-CoV,TTTAAATAC
bovine-CoV,TTTACTAAT
bovine-CoV,TTTACTATT
bovine-CoV,TTTGTATTTT
bovine-CoV,TTTTACAGA
bovine-CoV,TTTTGGGTT
bovine-CoV,TTTTGTTGAGG
bovine-CoV,AAAATCAAA
bovine-CoV,AATGCTGAA
bovine-CoV,AATGCTGAT
bovine-CoV,AATGGTTTA
bovine-CoV,ACTATAGGTA
bovine-CoV,ACTGGTGTT
bovine-CoV,ACTGGTGTT
bovine-CoV,ACTTATTAT
bovine-CoV,ACTTGTAATA
bovine-CoV,AGGTTAATG
bovine-CoV,AGTAAATGA
bovine-CoV,AGTGGTTATT
bovine-CoV,ATAACTATAG
bovine-CoV,ATAGGAGATTT
bovine-CoV,ATGATGTTG
bovine-CoV,ATGCTCTTG
bovine-CoV,ATGCTGTTG
bovine-CoV,ATGGCTTTT
bovine-CoV,ATGGTTTAAA
bovine-CoV,ATTAATGGG
bovine-CoV,ATTTTATTT
bovine-CoV,ATTTTGATAG
bovine-CoV,CAGCAGCAG
bovine-CoV,CATGATGTT
bovine-CoV,CCTGCAGGT
bovine-CoV,CTAATGGTA
bovine-CoV,CTATGGTTT
bovine-CoV,CTGATTTTA
bovine-CoV,CTGGTATAG
bovine-CoV,CTGTTAATT
bovine-CoV,CTTTTAATT
bovine-CoV,GACACTGGTGTT
bovine-CoV,GACCTACAA
bovine-CoV,GACTTATTA
bovine-CoV,GCTCTTAAT
bovine-CoV,GGTAGTGGTTA
bovine-CoV,GGTAGTGGTT
bovine-CoV,GGTATTTTTG
bovine-CoV,GGTGTTGTT
bovine-CoV,GTAAAATGG
bovine-CoV,GTAGGTAGTGGTT
bovine-CoV,GTTTCTGTT
bovine-CoV,TAACTATAGA
bovine-CoV,TAACTATAG
bovine-CoV,TAATAATATT
bovine-CoV,TAATGGTAATC
bovine-CoV,TACTAATTTTGA
bovine-CoV,TATTATAAT
bovine-CoV,TATTTAAAT
bovine-CoV,TATTTTTGCTAA
bovine-CoV,TGCTGCTAA
bovine-CoV,TGGTATAGG
bovine-CoV,TGGTTTGTAT
bovine-CoV,TGTTAATTAT
bovine-CoV,TGTTACTAA
bovine-CoV,TTAATGAATG
bovine-CoV,TTACTAATGGT
bovine-CoV,TTACTACCCT
bovine-CoV,TTACTATTGA
bovine-CoV,TTAGTGCAG
bovine-CoV,TTATTATGT
bovine-CoV,TTCTGCTTT
bovine-CoV,TTGAGGCTT
bovine-CoV,TTGCTGGTG
bovine-CoV,TTGGTGCTAT
bovine-CoV,TTGTTAATG
bovine-CoV,TTGTTTTAA
bovine-CoV,TTTACTAAT
bovine-CoV,TTTACTATT
bovine-CoV,TTTCTGTTT
bovine-CoV,TTTGTATTTC
bovine-CoV,TTTTACAGA
bovine-CoV,TTTTGTTGAGG
bovine-CoV,AAAATCAAA
bovine-CoV,AAGATGGTGT
bovine-CoV,AATGCTGAA
bovine-CoV,AATGGTTTA
bovine-CoV,ACTATAGGTA
bovine-CoV,ACTGGTGTT
bovine-CoV,ACTGGTGTT
bovine-CoV,ACTTATTAT
bovine-CoV,AGATTTGGT
bovine-CoV,AGGTTAATG
bovine-CoV,AGTAAAGTT
bovine-CoV,AGTAAATGA
bovine-CoV,AGTGGTTAC
bovine-CoV,AGTGGTTATT
bovine-CoV,ATAACTATAG
bovine-CoV,ATAGGAGATTT
bovine-CoV,ATGATGTTG
bovine-CoV,ATGCTCTTG
bovine-CoV,ATGCTGTTG
bovine-CoV,CAGCAGCAG
bovine-CoV,CCTGCAGGT
bovine-CoV,CGATTGCAATA
bovine-CoV,CTAATGGTA
bovine-CoV,CTGATTTTA
bovine-CoV,CTGTTAATT
bovine-CoV,CTTTTAATT
bovine-CoV,CTTTTAATT
bovine-CoV,CTTTTAATT
bovine-CoV,GACACTGGTGTT
bovine-CoV,GACCTACAA
bovine-CoV,GACTTATTA
bovine-CoV,GATTTGTAAT
bovine-CoV,GCTCTTAAT
bovine-CoV,GGTAGTGGTTA
bovine-CoV,GGTAGTGGTT
bovine-CoV,GGTGTTGTT
bovine-CoV,GGTTACACT
bovine-CoV,GTAATATGG
bovine-CoV,GTAGGTAGTGGTT
bovine-CoV,GTTTCTGTT
bovine-CoV,TAATGGTAATC
bovine-CoV,TAATGGTATT
bovine-CoV,TAATGGTAT
bovine-CoV,TAATGGTAT
bovine-CoV,TAGTTGGCA
bovine-CoV,TATTAATGG
bovine-CoV,TATTATAAT
bovine-CoV,TATTTAAAT
bovine-CoV,TATTTTTGCTAA
bovine-CoV,TGCTGCTAA
bovine-CoV,TGGCATAGG
bovine-CoV,TGGTTATTAC
bovine-CoV,TGGTTTAAA
bovine-CoV,TGGTTTGTAT
bovine-CoV,TGTTAATTAT
bovine-CoV,TGTTACTAA
bovine-CoV,TTAAAGATGG
bovine-CoV,TTAATTATA
bovine-CoV,TTACTAATGGT
bovine-CoV,TTACTATTGA
bovine-CoV,TTAGTGCAG
bovine-CoV,TTATTATGT
bovine-CoV,TTCTGCTTT
bovine-CoV,TTGAGGCTT
bovine-CoV,TTGCTGGTG
bovine-CoV,TTGGGTAAT
bovine-CoV,TTGGTGCTAT
bovine-CoV,TTGTTAATG
bovine-CoV,TTGTTTTAA
bovine-CoV,TTTACTAAT
bovine-CoV,TTTACTATT
bovine-CoV,TTTGTATTT
bovine-CoV,TTTTACAGA
bovine-CoV,TTTTGTTGAGG
bovine-CoV,AAAATCAAA
bovine-CoV,AATAATACT
bovine-CoV,AATGCTGAA
bovine-CoV,AATGCTGAT
bovine-CoV,AATGGTTTA
bovine-CoV,ACTGGTGTT
bovine-CoV,ACTGGTGTT
bovine-CoV,ACTTATTAT
bovine-CoV,ACTTGTAATA
bovine-CoV,AGATTTGGT
bovine-CoV,AGGTTAATG
bovine-CoV,AGTAAAGTT
bovine-CoV,AGTAAATGA
bovine-CoV,AGTGGTTAC
bovine-CoV,AGTGGTTATT
bovine-CoV,ATAACTATAG
bovine-CoV,ATAGGAGATTT
bovine-CoV,ATGATGTTG
bovine-CoV,ATGCTGTTG
bovine-CoV,CAGCAGCAG
bovine-CoV,CATGATGTT
bovine-CoV,CTAATGGTA
bovine-CoV,CTTTTAATT
bovine-CoV,CTTTTAATT
bovine-CoV,CTTTTAATT
bovine-CoV,GACACTGGTGTT
bovine-CoV,GACCTACAA
bovine-CoV,GACTTATTA
bovine-CoV,GAGTTTATT
bovine-CoV,GCTCTTAAT
bovine-CoV,GGTAGTGGTTA
bovine-CoV,GGTAGTGGTT
bovine-CoV,GGTATTTTTG
bovine-CoV,GGTGTTGTT
bovine-CoV,GGTTACACT
bovine-CoV,GTAATATGG
bovine-CoV,GTAGGTAGTGGTT
bovine-CoV,GTTTCTGTT
bovine-CoV,TAATATTGA
bovine-CoV,TAATGGTAATC
bovine-CoV,TAATGGTATT
bovine-CoV,TAATGGTAT
bovine-CoV,TAATGGTAT
bovine-CoV,TAATTTTAAT
bovine-CoV,TAGTTGGCA
bovine-CoV,TATTAATGG
bovine-CoV,TATTATAAT
bovine-CoV,TATTTAAAT
bovine-CoV,TATTTTTGCTAA
bovine-CoV,TGGCATAGG
bovine-CoV,TGGTTATTAC
bovine-CoV,TGGTTTGTAT
bovine-CoV,TGTAATATT
bovine-CoV,TGTTAATTAT
bovine-CoV,TGTTACTAA
bovine-CoV,TTAATGAATG
bovine-CoV,TTAATTATA
bovine-CoV,TTACTAATGGT
bovine-CoV,TTACTATTGA
bovine-CoV,TTAGTGCAG
bovine-CoV,TTATGTAAA
bovine-CoV,TTATTATGT
bovine-CoV,TTGAGGCTT
bovine-CoV,TTGCTGGTG
bovine-CoV,TTGTTTATG
bovine-CoV,TTGTTTTAA
bovine-CoV,TTTACTATT
bovine-CoV,TTTGACAGCTAT
bovine-CoV,TTTGTATTT
bovine-CoV,TTTGTGTGT
bovine-CoV,TTTTACAGA
bovine-CoV,TTTTGTTGAGG
bovine-CoV,AAAATCAAA
bovine-CoV,AATAATACT
bovine-CoV,AATGCTGAA
bovine-CoV,AATGCTGAT
bovine-CoV,AATGGTTTA
bovine-CoV,ACTATAGGTA
bovine-CoV,ACTGGTGTT
bovine-CoV,ACTGGTGTT
bovine-CoV,ACTGGTTAT
bovine-CoV,ACTTATTAT
bovine-CoV,ACTTGTAATA
bovine-CoV,AGGTTAATG
bovine-CoV,AGTAAATGA
bovine-CoV,AGTGGTTATT
bovine-CoV,AGTTTCTGT
bovine-CoV,ATAACTATAG
bovine-CoV,ATAGGAGATTT
bovine-CoV,ATATGAGTA
bovine-CoV,ATGATGTTG
bovine-CoV,ATGCTCTTG
bovine-CoV,ATGCTGTTG
bovine-CoV,ATGGTTTAAA
bovine-CoV,ATTAATGGG
bovine-CoV,ATTTTATTT
bovine-CoV,ATTTTTGCTAA
bovine-CoV,CAGCAGCAG
bovine-CoV,CATGATGTT
bovine-CoV,CATTCTTGG
bovine-CoV,CCTGCAGGT
bovine-CoV,CTAAAGTTA
bovine-CoV,CTATGGTTT
bovine-CoV,CTGATTTTA
bovine-CoV,CTGTTAATT
bovine-CoV,CTTTTAATT
bovine-CoV,GACACTGGTGTT
bovine-CoV,GACCTACAA
bovine-CoV,GACTTATTA
bovine-CoV,GCTCTTAAT
bovine-CoV,GGTAGTGGTTA
bovine-CoV,GTAATATGG
bovine-CoV,GTGTTGTCA
bovine-CoV,TAACTATAGA
bovine-CoV,TAACTATAG
bovine-CoV,TAATATTGA
bovine-CoV,TAATGGTAATC
bovine-CoV,TATAGGAGA
bovine-CoV,TATTATAAT
bovine-CoV,TATTTAAAT
bovine-CoV,TGGTATAGG
bovine-CoV,TGGTTATTAC
bovine-CoV,TGGTTTGTAT
bovine-CoV,TGTAATATT
bovine-CoV,TGTTAATTAT
bovine-CoV,TTAATGAATG
bovine-CoV,TTACTAATGG
bovine-CoV,TTACTATTGA
bovine-CoV,TTAGTGCAG
bovine-CoV,TTATGGTAT
bovine-CoV,TTATTATGT
bovine-CoV,TTCTGCTTT
bovine-CoV,TTGAGGCTT
bovine-CoV,TTGCTGGTG
bovine-CoV,TTGGTGCTAT
bovine-CoV,TTGTTAATG
bovine-CoV,TTGTTTTAA
bovine-CoV,TTTACTAAT
bovine-CoV,TTTACTATT
bovine-CoV,TTTCTGTTT
bovine-CoV,TTTGTATTT
bovine-CoV,TTTTGTTGAGG
bovine-CoV,CCTGCAGGT
bovine-CoV,CTGGTATAG
bovine-CoV,TGGTATAGG
bovine-CoV,AAAATCAAA
bovine-CoV,AAGATGGTGT
bovine-CoV,AATAATACT
bovine-CoV,AATGCTGAA
bovine-CoV,AATGCTGAT
bovine-CoV,AATGGTTTA
bovine-CoV,ACTATAGGTA
bovine-CoV,ACTGGTGTT
bovine-CoV,ACTGGTGTT
bovine-CoV,ACTTATTAT
bovine-CoV,ACTTGTAATA
bovine-CoV,AGGTTAATG
bovine-CoV,AGTAAATGA
bovine-CoV,AGTGGTTATT
bovine-CoV,ATAACTATAG
bovine-CoV,ATAGGAGATTT
bovine-CoV,ATGATGTTG
bovine-CoV,ATGCTCTTG
bovine-CoV,ATGCTGTTG
bovine-CoV,ATGGCTTTT
bovine-CoV,ATGGTTTAAA
bovine-CoV,ATTTTATTT
bovine-CoV,ATTTTGATAG
bovine-CoV,CAGCAGCAG
bovine-CoV,CAGTTGTAT
bovine-CoV,CATGATGTT
bovine-CoV,CCTGCAGGT
bovine-CoV,CTAATGGTA
bovine-CoV,CTATGGTTT
bovine-CoV,CTGATTTTA
bovine-CoV,CTGGTATAG
bovine-CoV,CTGTTAATT
bovine-CoV,CTTTTAATT
bovine-CoV,GACACTGGTGTT
bovine-CoV,GACCTACAA
bovine-CoV,GACTTATTA
bovine-CoV,GATTGCAATA
bovine-CoV,GCTCTTAAT
bovine-CoV,GGTAGTGGTTA
bovine-CoV,GGTAGTGGT
bovine-CoV,GGTATTTTTG
bovine-CoV,GGTGTTGTT
bovine-CoV,GTAATATGG
bovine-CoV,GTAGGTAGTGGT
bovine-CoV,GTTTCTGTT
bovine-CoV,TAACTATAGG
bovine-CoV,TAACTATAG
bovine-CoV,TAATGGTAATC
bovine-CoV,TAATGGTAT
bovine-CoV,TACTAATTTTGA
bovine-CoV,TATTAATGGG
bovine-CoV,TATTATAAT
bovine-CoV,TATTTAAAT
bovine-CoV,TATTTTTGCTAA
bovine-CoV,TGATTATGC
bovine-CoV,TGCTGCTAA
bovine-CoV,TGGTATAGG
bovine-CoV,TGGTTTGTAT
bovine-CoV,TGTTAATTAT
bovine-CoV,TGTTACTAA
bovine-CoV,TTAAAGATGG
bovine-CoV,TTAATGAATG
bovine-CoV,TTACTAATGGT
bovine-CoV,TTACTACCCT
bovine-CoV,TTACTATTGA
bovine-CoV,TTAGTGCAG
bovine-CoV,TTATTATGT
bovine-CoV,TTCTGCTTT
bovine-CoV,TTGAGGCTT
bovine-CoV,TTGCTGGTG
bovine-CoV,TTGGTGCTAT
bovine-CoV,TTGTTAATG
bovine-CoV,TTGTTTTAA
bovine-CoV,TTTACTAAT
bovine-CoV,TTTACTATT
bovine-CoV,TTTCTGTTT
bovine-CoV,TTTGTATTTC
bovine-CoV,TTTTGTTGAGG
bovine-CoV,CCTGCAGGT
bovine-CoV,TAGTTGGCA
bovine-CoV,AAAATCAAA
bovine-CoV,AAGATGGTGT
bovine-CoV,AATAATACT
bovine-CoV,AATAGGAGATTT
bovine-CoV,AATGCTGAA
bovine-CoV,AATGCTGAT
bovine-CoV,AATGGTTTA
bovine-CoV,ACTATAGGTA
bovine-CoV,ACTGGTGTT
bovine-CoV,ACTGGTGTT
bovine-CoV,ACTTATTAT
bovine-CoV,ACTTGTAATA
bovine-CoV,AGGTTAATG
bovine-CoV,AGTAAATGA
bovine-CoV,ATAACTATAG
bovine-CoV,ATGATGTTG
bovine-CoV,ATGCTCTTG
bovine-CoV,ATGCTGTTG
bovine-CoV,ATGGTTTAAA
bovine-CoV,ATTTTATTT
bovine-CoV,ATTTTGATAG
bovine-CoV,CAGCAGCAG
bovine-CoV,CATGATGTT
bovine-CoV,CCTGCAGGT
bovine-CoV,CGATTGCAATA
bovine-CoV,CTAATGGTA
bovine-CoV,CTATGGTTT
bovine-CoV,CTGACTTTA
bovine-CoV,CTGGTATAG
bovine-CoV,CTGTTAATT
bovine-CoV,CTTTTAATT
bovine-CoV,GACACTGGTGTT
bovine-CoV,GACCTACAA
bovine-CoV,GACTTATTA
bovine-CoV,GCTCTTAAT
bovine-CoV,GGTACTTAT
bovine-CoV,GGTAGTGGTTA
bovine-CoV,GGTAGTGGTT
bovine-CoV,GGTATTTTTG
bovine-CoV,GGTGTTGTT
bovine-CoV,GTAATATGG
bovine-CoV,GTAGGTAGTGGTT
bovine-CoV,GTTTCTGTT
bovine-CoV,TAACTATAGA
bovine-CoV,TAACTATAG
bovine-CoV,TAATGGTAATC
bovine-CoV,TAATGGTAT
bovine-CoV,TACTAATTTTGA
bovine-CoV,TATTAATGGG
bovine-CoV,TATTATAAT
bovine-CoV,TATTTAAAT
bovine-CoV,TATTTTTGCTAA
bovine-CoV,TGCTGCTAA
bovine-CoV,TGGTATAGG
bovine-CoV,TGGTATTTT
bovine-CoV,TGGTTTGTAT
bovine-CoV,TGTTAATTAT
bovine-CoV,TGTTACTAA
bovine-CoV,TTAAAGATGG
bovine-CoV,TTAATGAATG
bovine-CoV,TTACTAATGGT
bovine-CoV,TTACTACCCT
bovine-CoV,TTACTATTGA
bovine-CoV,TTAGTGCAG
bovine-CoV,TTATGAGTA
bovine-CoV,TTATTATGT
bovine-CoV,TTCTGCTTT
bovine-CoV,TTGAGGCTT
bovine-CoV,TTGCTGGTG
bovine-CoV,TTGGTGCTAT
bovine-CoV,TTGTTAATG
bovine-CoV,TTGTTTTAA
bovine-CoV,TTTACTAAT
bovine-CoV,TTTACTATT
bovine-CoV,TTTCTGTTT
bovine-CoV,TTTGTATTTC
bovine-CoV,TTTTGTTGAGG
bovine-CoV,AATGCTGAA
bovine-CoV,AGTGGTTATT
bovine-CoV,CAGCAGCAG
bovine-CoV,GCTCTTAAT
bovine-CoV,TATTAATGGG
bovine-CoV,TTAGTGCAG
bovine-CoV,TTGCTGGTG
bovine-CoV,TTGGTGCTAT
bovine-CoV,TTGTTAATG
bovine-CoV,CATGATGTT
bovine-CoV,CCTGCAGGT
bovine-CoV,CTGGTATAG
bovine-CoV,GTAGGTAGTGGTT
bovine-CoV,TAGTTGGCA
bovine-CoV,TATTATAAT
bovine-CoV,TTTAAAGCT
bovine-CoV,CCTGCAGGT
bovine-CoV,TGGTATAGG
bovine-CoV,AAAACCAAA
bovine-CoV,AAGATGGTGT
bovine-CoV,AATGCTGAA
bovine-CoV,AATGCTGAT
bovine-CoV,AATGGTTTA
bovine-CoV,ACTATAGGTA
bovine-CoV,ACTGGTGTT
bovine-CoV,ACTGGTGTT
bovine-CoV,ACTTATTAT
bovine-CoV,ACTTGTAATA
bovine-CoV,AGATTTGGT
bovine-CoV,AGGTTAATG
bovine-CoV,AGTAAAGTT
bovine-CoV,AGTAAATGA
bovine-CoV,AGTGGTTATT
bovine-CoV,ATAACTATAG
bovine-CoV,ATAGGAGATTT
bovine-CoV,ATGATGTTG
bovine-CoV,ATGCTCTTG
bovine-CoV,ATGCTGTTG
bovine-CoV,CAGCAGCAG
bovine-CoV,CATGATGTT
bovine-CoV,CCTGCAGGT
bovine-CoV,CGATTGTAATA
bovine-CoV,CTAATGGTA
bovine-CoV,CTGATTTTA
bovine-CoV,CTGGTATAG
bovine-CoV,CTGTTAATT
bovine-CoV,CTTTGACTT
bovine-CoV,CTTTTAATT
bovine-CoV,GACACTGGTGTT
bovine-CoV,GACCTACAA
bovine-CoV,GCTCTTAAT
bovine-CoV,GGTAGTGGTTA
bovine-CoV,GGTAGTGGTT
bovine-CoV,GGTGTTACC
bovine-CoV,GGTGTTGTT
bovine-CoV,GGTTTGTAT
bovine-CoV,GTAATATGG
bovine-CoV,GTAGGTAGTGGTT
bovine-CoV,GTTTCTGTT
bovine-CoV,TAACTATAGA
bovine-CoV,TAACTATAG
bovine-CoV,TAATGGTAATC
bovine-CoV,TAATGGTATT
bovine-CoV,TAATGGTAT
bovine-CoV,TAATGGTAT
bovine-CoV,TAGGTACTT
bovine-CoV,TAGTTGGCA
bovine-CoV,TATTAATGG
bovine-CoV,TATTATAAT
bovine-CoV,TATTTAAAT
bovine-CoV,TATTTTTGCTAA
bovine-CoV,TGCTGCTAA
bovine-CoV,TGGTTATTAC
bovine-CoV,TGGTTTAAA
bovine-CoV,TGTAATATT
bovine-CoV,TGTTAATTAT
bovine-CoV,TGTTACTAA
bovine-CoV,TGTTTATTTA
bovine-CoV,TTAAAGATGG
bovine-CoV,TTAATGAATG
bovine-CoV,TTACTAATGGT
bovine-CoV,TTACTATTGA
bovine-CoV,TTAGTGCAG
bovine-CoV,TTATTATGT
bovine-CoV,TTCTGCTTT
bovine-CoV,TTGAGGCTT
bovine-CoV,TTGCTGGTG
bovine-CoV,TTGGGTAAT
bovine-CoV,TTGGTGCTAT
bovine-CoV,TTGTAATAA
bovine-CoV,TTGTTAATG
bovine-CoV,TTGTTTTAA
bovine-CoV,TTTACTAAT
bovine-CoV,TTTACTATT
bovine-CoV,TTTGTATTT
bovine-CoV,TTTTACAGA
bovine-CoV,TTTTGTTGAGG
bovine-CoV,AAAACCAAA
bovine-CoV,AAGATGGTGT
bovine-CoV,AATGCTGAA
bovine-CoV,AATGCTGAT
bovine-CoV,AATGGTTTA
bovine-CoV,ACTATAGGTA
bovine-CoV,ACTTATTAT
bovine-CoV,ACTTGTAATA
bovine-CoV,AGATTTGGT
bovine-CoV,AGGTTAATG
bovine-CoV,AGTAAAGTT
bovine-CoV,AGTAAATGA
bovine-CoV,AGTGGTTATT
bovine-CoV,ATAACTATAG
bovine-CoV,ATAGGAGATTT
bovine-CoV,ATGATGTTG
bovine-CoV,ATGCTGTTG
bovine-CoV,ATTTTGGGT
bovine-CoV,ATTTTTGCTAA
bovine-CoV,CAGCAGCAG
bovine-CoV,CATGATGTT
bovine-CoV,CCTGCAGGT
bovine-CoV,CGATTGCAATA
bovine-CoV,CTAATGGTA
bovine-CoV,CTGATTTTA
bovine-CoV,CTGGTATAG
bovine-CoV,CTGTTAATT
bovine-CoV,CTTTTAATT
bovine-CoV,GACACTGGTGTT
bovine-CoV,GACCTACAA
bovine-CoV,GCTCTTAAT
bovine-CoV,GGTAGTGGTTA
bovine-CoV,GGTAGTGGTT
bovine-CoV,GGTGTTGTT
bovine-CoV,GGTTTGTAT
bovine-CoV,GTAATATGG
bovine-CoV,GTAGGTAGTGGTT
bovine-CoV,TAACTATAGA
bovine-CoV,TAACTATAG
bovine-CoV,TAATGGTAATC
bovine-CoV,TAATGGTATT
bovine-CoV,TAATGGTAT
bovine-CoV,TAATGGTAT
bovine-CoV,TAGGTACTT
bovine-CoV,TAGTTGGCA
bovine-CoV,TATTAATGG
bovine-CoV,TATTATAAT
bovine-CoV,TATTTAAAT
bovine-CoV,TCTGATGTC
bovine-CoV,TGCTGCTAA
bovine-CoV,TGGTTATTAC
bovine-CoV,TGGTTTAAA
bovine-CoV,TGTTAATTAT
bovine-CoV,TGTTACTAA
bovine-CoV,TTAAAGATGG
bovine-CoV,TTAATGAATG
bovine-CoV,TTACTAATGGT
bovine-CoV,TTACTATTGA
bovine-CoV,TTAGTGCAG
bovine-CoV,TTATTATGT
bovine-CoV,TTCTGCTTT
bovine-CoV,TTGAGGCTT
bovine-CoV,TTGATACTAC
bovine-CoV,TTGCTGGTG
bovine-CoV,TTGGGTAAT
bovine-CoV,TTGGTGCTAT
bovine-CoV,TTGTTAATG
bovine-CoV,TTGTTTCCT
bovine-CoV,TTGTTTTAA
bovine-CoV,TTTACTAAT
bovine-CoV,TTTACTATT
bovine-CoV,TTTGGGTTA
bovine-CoV,TTTGTATTT
bovine-CoV,TTTTACAGA
bovine-CoV,TTTTGGGTT
bovine-CoV,AAAAATCAAACA
bovine-CoV,AAAATCAAA
bovine-CoV,AAAATCAAA
bovine-CoV,AAGATGGTGT
bovine-CoV,AATGCTGAA
bovine-CoV,AATGCTGAT
bovine-CoV,AATGGTTTA
bovine-CoV,ACTATAGGTA
bovine-CoV,ACTGGTGTT
bovine-CoV,ACTTATTAT
bovine-CoV,ACTTGTAATA
bovine-CoV,AGATTTGGT
bovine-CoV,AGGTTAATG
bovine-CoV,AGTAAAGTT
bovine-CoV,AGTAAATGA
bovine-CoV,AGTGGTTAC
bovine-CoV,AGTGGTTATT
bovine-CoV,ATAACTATAG
bovine-CoV,ATAGGAGATTT
bovine-CoV,ATGATGTTG
bovine-CoV,ATGCTGTTG
bovine-CoV,ATTTTGGGT
bovine-CoV,CAGCAGCAG
bovine-CoV,CATGATGTT
bovine-CoV,CTAATGGTA
bovine-CoV,CTATTGATT
bovine-CoV,CTGATTTTA
bovine-CoV,CTGTTAATT
bovine-CoV,CTTTTAATT
bovine-CoV,CTTTTAATT
bovine-CoV,CTTTTAATT
bovine-CoV,GACACTGGTG
bovine-CoV,GACCTACAA
bovine-CoV,GACTTATTA
bovine-CoV,GCTCTTAAT
bovine-CoV,GGTAGTGGTTA
bovine-CoV,GGTAGTGGTT
bovine-CoV,GGTGTTGTT
bovine-CoV,GGTTACACT
bovine-CoV,GGTTTGTAT
bovine-CoV,GTAATATGG
bovine-CoV,GTAGGTAGTGGTT
bovine-CoV,GTTTCTGTT
bovine-CoV,TAATATTGA
bovine-CoV,TAATGGTAATC
bovine-CoV,TAATGGTATT
bovine-CoV,TAATGGTAT
bovine-CoV,TAATGGTAT
bovine-CoV,TAGTTGGCA
bovine-CoV,TATAGTGTG
bovine-CoV,TATTAATGG
bovine-CoV,TATTATAAT
bovine-CoV,TATTTAAAT
bovine-CoV,TATTTTTGCTAA
bovine-CoV,TGCTGCTAA
bovine-CoV,TGGTTATTAC
bovine-CoV,TGGTTTAAA
bovine-CoV,TGTAATATT
bovine-CoV,TGTTAATTAT
bovine-CoV,TGTTACTAA
bovine-CoV,TGTTTCCTG
bovine-CoV,TTAAAGATGG
bovine-CoV,TTAATGAATG
bovine-CoV,TTAATTATA
bovine-CoV,TTACTAATGGT
bovine-CoV,TTACTATTGA
bovine-CoV,TTAGTGCAG
bovine-CoV,TTATGTAAA
bovine-CoV,TTATTATGT
bovine-CoV,TTCTGCTTT
bovine-CoV,TTGAGGCTT
bovine-CoV,TTGCTGGTG
bovine-CoV,TTGGGTAAT
bovine-CoV,TTGGTGCTAT
bovine-CoV,TTGTTTATG
bovine-CoV,TTGTTTTAA
bovine-CoV,TTTACTAAT
bovine-CoV,TTTACTATT
bovine-CoV,TTTGTATTTT
bovine-CoV,TTTTACAGA
bovine-CoV,TTTTGGGTT
bovine-CoV,TTTTGTTGAGG
bovine-CoV,AAAATCAAA
bovine-CoV,AATAATACT
bovine-CoV,AATGCTGAA
bovine-CoV,AATGCTGAT
bovine-CoV,AATGGTAATC
bovine-CoV,AATGGTTTA
bovine-CoV,ACTATAGGTA
bovine-CoV,ACTGGTGTT
bovine-CoV,ACTGGTGTT
bovine-CoV,ACTTGTAATA
bovine-CoV,ACTTTAGCT
bovine-CoV,AGGTTAATG
bovine-CoV,AGTAAATGA
bovine-CoV,AGTCAAAAT
bovine-CoV,AGTGGTTATT
bovine-CoV,ATAACTATAG
bovine-CoV,ATAGGAGATTT
bovine-CoV,ATGATGTTG
bovine-CoV,ATGCTGTTG
bovine-CoV,ATGGTATTA
bovine-CoV,ATGGTGTTA
bovine-CoV,ATGGTTTAAA
bovine-CoV,ATTTTATTT
bovine-CoV,ATTTTGATA
bovine-CoV,CACTGTTCAG
bovine-CoV,CAGCAGCAG
bovine-CoV,CCTGCAGGT
bovine-CoV,CGATTGTAATA
bovine-CoV,CTATGGTTT
bovine-CoV,CTTTGACTT
bovine-CoV,CTTTTAATT
bovine-CoV,CTTTTAATT
bovine-CoV,CTTTTAATT
bovine-CoV,GACACTGGTGTT
bovine-CoV,GATTTTACTA
bovine-CoV,GCTCTTAAT
bovine-CoV,GGTAGTGGTTA
bovine-CoV,GGTAGTGGTT
bovine-CoV,GGTATTTTTG
bovine-CoV,GGTGTTGTT
bovine-CoV,GTAGGTAGTGGTT
bovine-CoV,GTTATAATG
bovine-CoV,GTTTCTGTT
bovine-CoV,TAATGGTATT
bovine-CoV,TAATGTATA
bovine-CoV,TACTATTGA
bovine-CoV,TACTGGACA
bovine-CoV,TACTTTTGT
bovine-CoV,TATTAATGGG
bovine-CoV,TATTATAAT
bovine-CoV,TATTTAAAT
bovine-CoV,TATTTTTGCTAA
bovine-CoV,TGCTGCTAA
bovine-CoV,TGGTTATTA
bovine-CoV,TGGTTTGTAT
bovine-CoV,TGTTAATTAT
bovine-CoV,TGTTACTAA
bovine-CoV,TTAATGAATG
bovine-CoV,TTAATTATA
bovine-CoV,TTACTAATGGT
bovine-CoV,TTAGTGCAG
bovine-CoV,TTGCTGGTG
bovine-CoV,TTGGTGCTAT
bovine-CoV,TTGTAATAG
bovine-CoV,TTGTTAATG
bovine-CoV,TTGTTCTACT
bovine-CoV,TTGTTTCCT
bovine-CoV,TTGTTTTAA
bovine-CoV,TTTACTAAT
bovine-CoV,TTTGTATGA
bovine-CoV,TTTGTATTTT
bovine-CoV,TTTTACAGA
bovine-CoV,TTTTACTAT
bovine-CoV,CCTGCAGGT
bovine-CoV,TGGCATAGG
bovine-CoV,AAAATCAAA
bovine-CoV,AATAATACT
bovine-CoV,AATGCTGAA
bovine-CoV,AATGCTGAT
bovine-CoV,AATGGTTTA
bovine-CoV,ACTATAGGTA
bovine-CoV,ACTGGTGTT
bovine-CoV,ACTGGTGTT
bovine-CoV,ACTTATTAT
bovine-CoV,ACTTGTAATA
bovine-CoV,ACTTTAGCT
bovine-CoV,AGGTTAATG
bovine-CoV,AGTAAATGA
bovine-CoV,AGTCAAAAT
bovine-CoV,ATAACTATAG
bovine-CoV,ATAGGAGATTT
bovine-CoV,ATGATGTTG
bovine-CoV,ATGCTGTTG
bovine-CoV,ATGGTATTA
bovine-CoV,ATGGTGTTA
bovine-CoV,ATGGTTTAAA
bovine-CoV,ATTTTACTAA
bovine-CoV,ATTTTACTA
bovine-CoV,ATTTTATTT
bovine-CoV,ATTTTGATA
bovine-CoV,ATTTTTGCTAA
bovine-CoV,CACTGTTCAG
bovine-CoV,CAGAACCTT
bovine-CoV,CAGCAGCAG
bovine-CoV,CCTGCAGGT
bovine-CoV,CGATTGTAATA
bovine-CoV,CTAATGGTA
bovine-CoV,CTATGGTTT
bovine-CoV,CTGATTTTA
bovine-CoV,CTTTTAATT
bovine-CoV,CTTTTAATT
bovine-CoV,CTTTTAATT
bovine-CoV,GACACTGGTGTT
bovine-CoV,GACCTACAA
bovine-CoV,GACTTATTA
bovine-CoV,GATTTTACTA
bovine-CoV,GCTCTTAAT
bovine-CoV,GGTAGTGGTTACT
bovine-CoV,GGTAGTGGTT
bovine-CoV,GGTATTTTTG
bovine-CoV,GTAGGTAGTGGTT
bovine-CoV,GTTATAATG
bovine-CoV,GTTTCTGTT
bovine-CoV,TAATGGTAATC
bovine-CoV,TAATGGTATT
bovine-CoV,TAATGTATA
bovine-CoV,TACTATTGA
bovine-CoV,TACTTTTGT
bovine-CoV,TAGTTGGCA
bovine-CoV,TATTAATGGG
bovine-CoV,TATTATAAT
bovine-CoV,TATTTAAAT
bovine-CoV,TGCTGCTAA
bovine-CoV,TGGTTTGTAT
bovine-CoV,TGTTACTAA
bovine-CoV,TTAATGAATG
bovine-CoV,TTACTAATGGT
bovine-CoV,TTAGTGCAG
bovine-CoV,TTGCTGGTG
bovine-CoV,TTGTAATAG
bovine-CoV,TTGTTAATG
bovine-CoV,TTGTTCTACT
bovine-CoV,TTGTTTTAA
bovine-CoV,TTTACTAAT
bovine-CoV,TTTGTATTTC
bovine-CoV,TTTTACAGA
bovine-CoV,TTTTACTAT
bovine-CoV,TTTTGTTGAGG
bovine-CoV,CCTGCAGGT
bovine-CoV,TGGCATAGG
bovine-CoV,AAAATCAAA
bovine-CoV,AAGATGGTGT
bovine-CoV,AATAATACT
bovine-CoV,AATGCTGAA
bovine-CoV,AATGCTGAT
bovine-CoV,AATGGTTTA
bovine-CoV,ACTATAGGTA
bovine-CoV,ACTGGTGTTT
bovine-CoV,ACTGGTGTT
bovine-CoV,ACTTATTAT
bovine-CoV,ACTTGTAATA
bovine-CoV,AGACACTGGTGTT
bovine-CoV,AGATTTGGT
bovine-CoV,AGGTTAATG
bovine-CoV,AGTAAAGTT
bovine-CoV,AGTAAATGA
bovine-CoV,AGTGGTTAC
bovine-CoV,AGTGGTTATT
bovine-CoV,ATAACTATAG
bovine-CoV,ATAGGAGATTT
bovine-CoV,ATCATATCAT
bovine-CoV,ATGCTGTTG
bovine-CoV,CAATACCCAA
bovine-CoV,CAGCAGCAG
bovine-CoV,CATGATGTT
bovine-CoV,CGATTGCAATA
bovine-CoV,CTAATGGTA
bovine-CoV,CTGATTTTA
bovine-CoV,CTGTTAATT
bovine-CoV,CTTTTAATT
bovine-CoV,CTTTTAATT
bovine-CoV,CTTTTAATT
bovine-CoV,GACCTACAAT
bovine-CoV,GACTTATTA
bovine-CoV,GCTCTTAAT
bovine-CoV,GGTAGTGGTTA
bovine-CoV,GGTAGTGGTT
bovine-CoV,GGTGTTGTT
bovine-CoV,GGTTACACT
bovine-CoV,GTAATATGG
bovine-CoV,GTAGGTAGTGGTT
bovine-CoV,GTTTCTGTT
bovine-CoV,TAATGGTAATC
bovine-CoV,TAATGGTATT
bovine-CoV,TAATGGTAT
bovine-CoV,TAATGGTAT
bovine-CoV,TAATTTTAAT
bovine-CoV,TAGTTGGCA
bovine-CoV,TATTAATGG
bovine-CoV,TATTATAAT
bovine-CoV,TATTTAAAT
bovine-CoV,TATTTTTGCTAA
bovine-CoV,TGCTGCTAA
bovine-CoV,TGGGTAATAAA
bovine-CoV,TGGTTATTAC
bovine-CoV,TGGTTTAAA
bovine-CoV,TGTTAATTAT
bovine-CoV,TGTTACTAA
bovine-CoV,TTAAAGATGG
bovine-CoV,TTAATGAATG
bovine-CoV,TTAATTATA
bovine-CoV,TTACTAATGGT
bovine-CoV,TTACTATTGA
bovine-CoV,TTAGTGCAG
bovine-CoV,TTATGTAAA
bovine-CoV,TTATTATGT
bovine-CoV,TTCTGCTTT
bovine-CoV,TTGAGGCTT
bovine-CoV,TTGCTGGTG
bovine-CoV,TTGGGTAAT
bovine-CoV,TTGGTGCTAT
bovine-CoV,TTGTTTTAA
bovine-CoV,TTTACTAAT
bovine-CoV,TTTACTATT
bovine-CoV,TTTGTATTT
bovine-CoV,TTTTACAGA
bovine-CoV,TTTTGTTGAGG
bovine-CoV,TAGTTGGCA
bovine-CoV,ACTGGTGTT
bovine-CoV,ACTGGTGTT
bovine-CoV,GACACTGGTGTT
bovine-CoV,GGTGTTGTT
bovine-CoV,TAATGTATA
bovine-CoV,TGTTACTAA
bovine-CoV,TTACTAATGGT
bovine-CoV,TGGCATAGG
bovine-CoV,AAAACCAAA
bovine-CoV,AAGATGGTGT
bovine-CoV,AATAATACT
bovine-CoV,AATGCTGAA
bovine-CoV,AATGCTGAT
bovine-CoV,AATGGTTTA
bovine-CoV,ACAACCACA
bovine-CoV,ACTATAGGTA
bovine-CoV,ACTGGTGTT
bovine-CoV,ACTGGTGTT
bovine-CoV,ACTTATTAT
bovine-CoV,ACTTGTAATA
bovine-CoV,AGCACAAGC
bovine-CoV,AGGTTAATG
bovine-CoV,AGTAAATGA
bovine-CoV,AGTGGTTATT
bovine-CoV,ATAACTATAG
bovine-CoV,ATGATGTTG
bovine-CoV,ATGCTGTTG
bovine-CoV,ATGGTGTTA
bovine-CoV,ATGGTTTAAA
bovine-CoV,CATGTAAATT
bovine-CoV,CATTATTAT
bovine-CoV,CTAATGGTA
bovine-CoV,CTATGGTTT
bovine-CoV,CTGATTTTA
bovine-CoV,GACACTGGTGTT
bovine-CoV,GACCTACAA
bovine-CoV,GACTTATTA
bovine-CoV,GCTCTTAATA
bovine-CoV,GCTCTTAAT
bovine-CoV,GCTCTTAAT
bovine-CoV,GGAGGCAAT
bovine-CoV,GGTAGTGGTTA
bovine-CoV,GGTAGTGGT
bovine-CoV,GGTATTTTTG
bovine-CoV,GGTGTTGTT
bovine-CoV,GGTTACACT
bovine-CoV,GTAATATGG
bovine-CoV,GTACTTGCC
bovine-CoV,GTTTCTGTT
bovine-CoV,TAAATTACA
bovine-CoV,TAACTATAGA
bovine-CoV,TAACTATAG
bovine-CoV,TAATGGTAATC
bovine-CoV,TAATGGTAT
bovine-CoV,TAATTATTT
bovine-CoV,TACAAAAAG
bovine-CoV,TAGGTACTT
bovine-CoV,TAGTGGTTAC
bovine-CoV,TAGTGGTTA
bovine-CoV,TATTAATGG
bovine-CoV,TATTATAAT
bovine-CoV,TATTGATGCTG
bovine-CoV,TATTTAAAT
bovine-CoV,TGATTGTAA
bovine-CoV,TGCTGCTAA
bovine-CoV,TGGTAGTGGT
bovine-CoV,TGGTTATTAC
bovine-CoV,TGGTTTGTAT
bovine-CoV,TGTTAATGCA
bovine-CoV,TGTTAATTAT
bovine-CoV,TGTTACTAA
bovine-CoV,TGTTTTAAG
bovine-CoV,TTAAAGATGG
bovine-CoV,TTAATAGTG
bovine-CoV,TTACTAATGGT
bovine-CoV,TTACTATTGA
bovine-CoV,TTAGTGCAG
bovine-CoV,TTATTAATG
bovine-CoV,TTATTATGT
bovine-CoV,TTCAATGTA
bovine-CoV,TTCCATTTT
bovine-CoV,TTCCTGTTTA
bovine-CoV,TTGAGGCTT
bovine-CoV,TTGTTTTAA
bovine-CoV,TTTAACTAT
bovine-CoV,TTTACTAAT
bovine-CoV,TTTACTATT
bovine-CoV,TTTGTATTT
bovine-CoV,TTTTAAGCC
bovine-CoV,TTTTGTTGAGG
bovine-CoV,TTTTTGATA
bovine-CoV,AAAATCAAA
bovine-CoV,AAGATGGTGT
bovine-CoV,AATGCTGAA
bovine-CoV,AATGCTGAT
bovine-CoV,AATGGTTTA
bovine-CoV,ACAGGTGTT
bovine-CoV,ACTATAGGTA
bovine-CoV,ACTTATTAT
bovine-CoV,ACTTGTAATA
bovine-CoV,AGATTTGGT
bovine-CoV,AGGTTAATG
bovine-CoV,AGTAAAGTT
bovine-CoV,AGTAAATGA
bovine-CoV,AGTGGTTAC
bovine-CoV,AGTGGTTATT
bovine-CoV,ATAACTATAG
bovine-CoV,ATAGGAGATTT
bovine-CoV,ATGATGTTG
bovine-CoV,ATGCTCTTG
bovine-CoV,ATGCTGTTG
bovine-CoV,CAGCAGCAG
bovine-CoV,CATGATGTT
bovine-CoV,CCTGCAGGT
bovine-CoV,CTAATGGTA
bovine-CoV,CTGATTTTA
bovine-CoV,CTGTTAATT
bovine-CoV,CTTTTAATT
bovine-CoV,CTTTTAATT
bovine-CoV,CTTTTAATT
bovine-CoV,GACCTACAA
bovine-CoV,GCTCTTAAT
bovine-CoV,GGTAGTGGTTA
bovine-CoV,GGTAGTGGTT
bovine-CoV,GGTTACACT
bovine-CoV,GTAATATGG
bovine-CoV,GTAGGTAGTGGTT
bovine-CoV,GTGGTTACT
bovine-CoV,GTTTCTGTT
bovine-CoV,TAATGGTAATC
bovine-CoV,TAATGGTATT
bovine-CoV,TAATGGTAT
bovine-CoV,TAATGGTAT
bovine-CoV,TAATTTTAAT
bovine-CoV,TAGTTGGCA
bovine-CoV,TATTAATGG
bovine-CoV,TATTATAAT
bovine-CoV,TATTTAAAT
bovine-CoV,TATTTTTGCTAA
bovine-CoV,TGCTGCTAA
bovine-CoV,TGGCATAGG
bovine-CoV,TGGTTATTAC
bovine-CoV,TGGTTTAAA
bovine-CoV,TGGTTTGTAT
bovine-CoV,TGTTAATTAT
bovine-CoV,TTAAAGATGG
bovine-CoV,TTAATGAATG
bovine-CoV,TTAATTATA
bovine-CoV,TTACTAATGGT
bovine-CoV,TTACTATTGA
bovine-CoV,TTAGTGCAG
bovine-CoV,TTATTATGT
bovine-CoV,TTCTGCTTT
bovine-CoV,TTGAGGCTT
bovine-CoV,TTGCTGGTG
bovine-CoV,TTGGGTAAT
bovine-CoV,TTGGTGCTAT
bovine-CoV,TTGTAATAA
bovine-CoV,TTGTTAATG
bovine-CoV,TTGTTTTAA
bovine-CoV,TTTACTAAT
bovine-CoV,TTTACTATT
bovine-CoV,TTTGTATTTC
bovine-CoV,TTTTACAGA
bovine-CoV,AAAATCAAA
bovine-CoV,AACCTGTAGGTG
bovine-CoV,AATAATACT
bovine-CoV,AATAGTGGTA
bovine-CoV,AATGCTGAA
bovine-CoV,AATGCTGAT
bovine-CoV,AATGGTTTA
bovine-CoV,ACTATAGGTA
bovine-CoV,ACTGGTGTT
bovine-CoV,ACTTATTAT
bovine-CoV,AGATTTGGT
bovine-CoV,AGTAAATGA
bovine-CoV,AGTGGTTATT
bovine-CoV,ATAACTATAG
bovine-CoV,ATAGGAGATTT
bovine-CoV,ATGATGTTG
bovine-CoV,ATGCTGTTG
bovine-CoV,ATGGCTTTT
bovine-CoV,ATGGTTTAAA
bovine-CoV,ATTTTATTT
bovine-CoV,CAGCAGCAG
bovine-CoV,CATGATGTT
bovine-CoV,CGATTGTAATA
bovine-CoV,CTACCAATT
bovine-CoV,CTATGGTTT
bovine-CoV,CTTTTAATT
bovine-CoV,GACCTACAA
bovine-CoV,GATTTGTCA
bovine-CoV,GGTAGTGGTTA
bovine-CoV,GGTATTTTTG
bovine-CoV,GGTGTTGTT
bovine-CoV,GTAATATGG
bovine-CoV,GTTTCTGTT
bovine-CoV,NNNNNNNNNNNNNNNNNNNNNNNNNNNNNNNNNNNNNNNNNNNNNNNNNNNNNNNNNNNNNNNNNNNNNNNNNNNNNNNNNNNNNNNNNNNNNNNNNNNNNNNNNNNNNNNNNNNNNNNNNNNNNNNNNNNNNNNNNNNNNNNNNNNNNNNNNNNNNNNNNNNNNNNNNNNNNNNNNNNNNNNNNNNNNNNNNNNNNNNNNNNNNNNNNNNNNNNNNNNNNNNNNNNNNNNNNNNNNNNNNNNNNNNNNNNNNNNNNNNNNNNNNNNNNNNNNNNNNNNNNNNNNNNNNNNN
bovine-CoV,NNNNNNNNNNNNNNNNNNNNNNNNNNNNNNNNNNNNNNNNNNNNNNNNNNNNNNNNNNNNNNNNNNNNNNNNNNNNNNNNNNNNNNNNNNNNNNNNNNNNNNNNNNNNNNNNNNNNNNNNNNNNNNNNNNNNNNNNNNNNNNNNNNNNNNNNNNNNNNNNNNNNNNNNNNNNNNNNNNNNNNNNNNNNNNNNNNNNNNNNNNNNNNNNNNNNNNNNNNNNNNNNNNNNNNNNNNNNNNNNNNNNNNNNNNNNNNNNNNNNNNNNNNNNNNNNNNNNNNNNNNNNNNNNNNN
bovine-CoV,NNNNNNNNNNNNNNNNNNNNNNNNNNNNNNNNNNNNNNNNNNNNNNNNNNNNNNNNNNNNNNNNNNNNNNNNNNNNNNNNNNNNNNNNNNNNNNNNNNNNNNNNNNNNNNNNNNNNNNNNNNNNNNNNNNNNNNNNNNNNNNNNNNNNNNNNNNNNNNNNNNNNNNNNNNNNNNNNNNNNNNNNNNNNNNNNNNNNNNNNNNNNNNNNNNNNNNNNNNNNNNNNNNNNNNNNNNNNNNNNNNNNNNNNNNNNNNNNNNNNNNNNNNNNNNNNNNNNNNNNNNNNNNNNNN
bovine-CoV,NNNNNNNNNNNNNNNNNNNNNNNNNNNNNNNNNNNNNNNNNNNNNNNNNNNNNNNNNNNNNNNNNNNNNNNNNNNNNNNNNNNNNNNNNNNNNNNNNNNNNNNNNNNNNNNNNNNNNNNNNNNNNNNNNNNNNNNNNNNNNNNNNNNNNNNNNNNNNNNNNNNNNNNNNNNNNNNNNNNNNNNNNNNNNNNNNNNNNNNNNNNNNNNNNNNNNNNNNNNNNNNNNNNNNNNNNNNNNNNNNNNNNNNNNNNNNNNNNNNNNNNNNNNNNNNNNNNNNNNNNNNNNNNNN
bovine-CoV,NNNNNNNNNNNNNNNNNNNNNNNNNNNNNNNNNNNNNNNNNNNNNNNNNNNNNNNNNNNNNNNNNNNNNNNNNNNNNNNNNNNNNNNNNNNNNNNNNNNNNNNNNNNNNNNNNNNNNNNNNNNNNNNNNNNNNNNNNNNNNNNNNNNNNNNNNNNNNNNNNNNNNNNNNNNNNNNNNNNNNNNNNNNNNNNNNNNNNNNNNNNNNNNNNNNNNNNNNNNNNNNNNNNNNNNNNNNNNNNNNNNNNNNNNNNNNNNNNNNNNNNNNNNNNNNNNNNNNNNNNNNNNNNN
bovine-CoV,NNNNNNNNNNNNNNNNNNNNNNNNNNNNNNNNNNNNNNNNNNNNNNNNNNNNNNNNNNNNNNNNNNNNNNNNNNNNNNNNNNNNNNNNNNNNNNNNNNNNNNNNNNNNNNNNNNNNNNNNNNNNNNNNNNNNNNNNNNNNNNNNNNNNNNNNNNNNNNNNNNNNNNNNNNNNNNNNNNNNNNNNNNNNNNNNNNNNNNNNNNNNNNNNNNNNNNNNNNNNNNNNNNNNNNNNNNNNNNNNNNNNNNNNNNNNNNNNNNNNNNNNNNNNNNNNNNNNNNNNNNNNNNN
bovine-CoV,NNNNNNNNNNNNNNNNNNNNNNNNNNNNNNNNNNNNNNNNNNNNNNNNNNNNNNNNNNNNNNNNNNNNNNNNNNNNNNNNNNNNNNNNNNNNNNNNNNNNNNNNNNNNNNNNNNNNNNNNNNNNNNNNNNNNNNNNNNNNNNNNNNNNNNNNNNNNNNNNNNNNNNNNNNNNNNNNNNNNNNNNNNNNNNNNNNNNNNNNNNNNNNNNNNNNNNNNNNNNNNNNNNNNNNNNNNNNNNNNNNNNNNNNNNNNNNNNNNNNNNNNNNNNNNNNNNNNNNNNNNNNNN
bovine-CoV,NNNNNNNNNNNNNNNNNNNNNNNNNNNNNNNNNNNNNNNNNNNNNNNNNNNNNNNNNNNNNNNNNNNNNNNNNNNNNNNNNNNNNNNNNNNNNNNNNNNNNNNNNNNNNNNNNNNNNNNNNNNNNNNNNNNNNNNNNNNNNNNNNNNNNNNNNNNNNNNNNNNNNNNNNNNNNNNNNNNNNNNNNNNNNNNNNNNNNNNNNNNNNNNNNNNNNNNNNNNNNNNNNNNNNNNNNNNNNNNNNNNNNNNNNNNNNNNNNNNNNNNNNNNNNNNNNNNNNNNNNNNNN
bovine-CoV,NNNNNNNNNNNNNNNNNNNNNNNNNNNNNNNNNNNNNNNNNNNNNNNNNNNNNNNNNNNNNNNNNNNNNNNNNNNNNNNNNNNNNNNNNNNNNNNNNNNNNNNNNNNNNNNNNNNNNNNNNNNNNNNNNNNNNNNNNNNNNNNNNNNNNNNNNNNNNNNNNNNNNNNNNNNNNNNNNNNNNNNNNNNNNNNNNNNNNNNNNNNNNNNNNNNNNNNNNNNNNNNNNNNNNNNNNNNNNNNNNNNNNNNNNNNNNNNNNNNNNNNNNNNNNNNNNNNNNNNNNNNN
bovine-CoV,NNNNNNNNNNNNNNNNNNNNNNNNNNNNNNNNNNNNNNNNNNNNNNNNNNNNNNNNNNNNNNNNNNNNNNNNNNNNNNNNNNNNNNNNNNNNNNNNNNNNNNNNNNNNNNNNNNNNNNNNNNNNNNNNNNNNNNNNNNNNNNNNNNNNNNNNNNNNNNNNNNNNNNNNNNNNNNNNNNNNNNNNNNNNNNNNNNNNNNNNNNNNNNNNNNNNNNNNNNNNNNNNNNNNNNNNNNNNNNNNNNNNNNNNNNNNNNNNNNNNNNNNNNNNNNNNNNNNNNNNNNN
bovine-CoV,NNNNNNNNNNNNNNNNNNNNNNNNNNNNNNNNNNNNNNNNNNNNNNNNNNNNNNNNNNNNNNNNNNNNNNNNNNNNNNNNNNNNNNNNNNNNNNNNNNNNNNNNNNNNNNNNNNNNNNNNNNNNNNNNNNNNNNNNNNNNNNNNNNNNNNNNNNNNNNNNNNNNNNNNNNNNNNNNNNNNNNNNNNNNNNNNNNNNNNNNNNNNNNNNNNNNNNNNNNNNNNNNNNNNNNNNNNNNNNNNNNNNNNNNNNNNNNNNNNNNNNNNNNNNNNNNNNNNNNNNNN
bovine-CoV,NNNNNNNNNNNNNNNNNNNNNNNNNNNNNNNNNNNNNNNNNNNNNNNNNNNNNNNNNNNNNNNNNNNNNNNNNNNNNNNNNNNNNNNNNNNNNNNNNNNNNNNNNNNNNNNNNNNNNNNNNNNNNNNNNNNNNNNNNNNNNNNNNNNNNNNNNNNNNNNNNNNNNNNNNNNNNNNNNNNNNNNNNNNNNNNNNNNNNNNNNNNNNNNNNNNNNNNNNNNNNNNNNNNNNNNNNNNNNNNNNNNNNNNNNNNNNNNNNNNNNNNNNNNNNNNNNNNNNNNNN
bovine-CoV,NNNNNNNNNNNNNNNNNNNNNNNNNNNNNNNNNNNNNNNNNNNNNNNNNNNNNNNNNNNNNNNNNNNNNNNNNNNNNNNNNNNNNNNNNNNNNNNNNNNNNNNNNNNNNNNNNNNNNNNNNNNNNNNNNNNNNNNNNNNNNNNNNNNNNNNNNNNNNNNNNNNNNNNNNNNNNNNNNNNNNNNNNNNNNNNNNNNNNNNNNNNNNNNNNNNNNNNNNNNNNNNNNNNNNNNNNNNNNNNNNNNNNNNNNNNNNNNNNNNNNNNNNNNNNNNNNNNNNNNN
bovine-CoV,NNNNNNNNNNNNNNNNNNNNNNNNNNNNNNNNNNNNNNNNNNNNNNNNNNNNNNNNNNNNNNNNNNNNNNNNNNNNNNNNNNNNNNNNNNNNNNNNNNNNNNNNNNNNNNNNNNNNNNNNNNNNNNNNNNNNNNNNNNNNNNNNNNNNNNNNNNNNNNNNNNNNNNNNNNNNNNNNNNNNNNNNNNNNNNNNNNNNNNNNNNNNNNNNNNNNNNNNNNNNNNNNNNNNNNNNNNNNNNNNNNNNNNNNNNNNNNNNNNNNNNNNNNNNNNNNNNNNNNN
bovine-CoV,NNNNNNNNNNNNNNNNNNNNNNNNNNNNNNNNNNNNNNNNNNNNNNNNNNNNNNNNNNNNNNNNNNNNNNNNNNNNNNNNNNNNNNNNNNNNNNNNNNNNNNNNNNNNNNNNNNNNNNNNNNNNNNNNNNNNNNNNNNNNNNNNNNNNNNNNNNNNNNNNNNNNNNNNNNNNNNNNNNNNNNNNNNNNNNNNNNNNNNNNNNNNNNNNNNNNNNNNNNNNNNNNNNNNNNNNNNNNNNNNNNNNNNNNNNNNNNNNNNNNNNNNNNNNNNNNNNNNNN
bovine-CoV,NNNNNNNNNNNNNNNNNNNNNNNNNNNNNNNNNNNNNNNNNNNNNNNNNNNNNNNNNNNNNNNNNNNNNNNNNNNNNNNNNNNNNNNNNNNNNNNNNNNNNNNNNNNNNNNNNNNNNNNNNNNNNNNNNNNNNNNNNNNNNNNNNNNNNNNNNNNNNNNNNNNNNNNNNNNNNNNNNNNNNNNNNNNNNNNNNNNNNNNNNNNNNNNNNNNNNNNNNNNNNNNNNNNNNNNNNNNNNNNNNNNNNNNNNNNNNNNNNNNNNNNNNNNNNNNNNNNNN
bovine-CoV,NNNNNNNNNNNNNNNNNNNNNNNNNNNNNNNNNNNNNNNNNNNNNNNNNNNNNNNNNNNNNNNNNNNNNNNNNNNNNNNNNNNNNNNNNNNNNNNNNNNNNNNNNNNNNNNNNNNNNNNNNNNNNNNNNNNNNNNNNNNNNNNNNNNNNNNNNNNNNNNNNNNNNNNNNNNNNNNNNNNNNNNNNNNNNNNNNNNNNNNNNNNNNNNNNNNNNNNNNNNNNNNNNNNNNNNNNNNNNNNNNNNNNNNNNNNNNNNNNNNNNNNNNNNNNNNNNNNN
bovine-CoV,NNNNNNNNNNNNNNNNNNNNNNNNNNNNNNNNNNNNNNNNNNNNNNNNNNNNNNNNNNNNNNNNNNNNNNNNNNNNNNNNNNNNNNNNNNNNNNNNNNNNNNNNNNNNNNNNNNNNNNNNNNNNNNNNNNNNNNNNNNNNNNNNNNNNNNNNNNNNNNNNNNNNNNNNNNNNNNNNNNNNNNNNNNNNNNNNNNNNNNNNNNNNNNNNNNNNNNNNNNNNNNNNNNNNNNNNNNNNNNNNNNNNNNNNNNNNNNNNNNNNNNNNNNNNNNNNNNN
bovine-CoV,NNNNNNNNNNNNNNNNNNNNNNNNNNNNNNNNNNNNNNNNNNNNNNNNNNNNNNNNNNNNNNNNNNNNNNNNNNNNNNNNNNNNNNNNNNNNNNNNNNNNNNNNNNNNNNNNNNNNNNNNNNNNNNNNNNNNNNNNNNNNNNNNNNNNNNNNNNNNNNNNNNNNNNNNNNNNNNNNNNNNNNNNNNNNNNNNNNNNNNNNNNNNNNNNNNNNNNNNNNNNNNNNNNNNNNNNNNNNNNNNNNNNNNNNNNNNNNNNNNNNNNNNNNNNNNNNNN
bovine-CoV,NNNNNNNNNNNNNNNNNNNNNNNNNNNNNNNNNNNNNNNNNNNNNNNNNNNNNNNNNNNNNNNNNNNNNNNNNNNNNNNNNNNNNNNNNNNNNNNNNNNNNNNNNNNNNNNNNNNNNNNNNNNNNNNNNNNNNNNNNNNNNNNNNNNNNNNNNNNNNNNNNNNNNNNNNNNNNNNNNNNNNNNNNNNNNNNNNNNNNNNNNNNNNNNNNNNNNNNNNNNNNNNNNNNNNNNNNNNNNNNNNNNNNNNNNNNNNNNNNNNNNNNNNNNNNNNNN
bovine-CoV,NNNNNNNNNNNNNNNNNNNNNNNNNNNNNNNNNNNNNNNNNNNNNNNNNNNNNNNNNNNNNNNNNNNNNNNNNNNNNNNNNNNNNNNNNNNNNNNNNNNNNNNNNNNNNNNNNNNNNNNNNNNNNNNNNNNNNNNNNNNNNNNNNNNNNNNNNNNNNNNNNNNNNNNNNNNNNNNNNNNNNNNNNNNNNNNNNNNNNNNNNNNNNNNNNNNNNNNNNNNNNNNNNNNNNNNNNNNNNNNNNNNNNNNNNNNNNNNNNNNNNNNNNNNNNNNN
bovine-CoV,NNNNNNNNNNNNNNNNNNNNNNNNNNNNNNNNNNNNNNNNNNNNNNNNNNNNNNNNNNNNNNNNNNNNNNNNNNNNNNNNNNNNNNNNNNNNNNNNNNNNNNNNNNNNNNNNNNNNNNNNNNNNNNNNNNNNNNNNNNNNNNNNNNNNNNNNNNNNNNNNNNNNNNNNNNNNNNNNNNNNNNNNNNNNNNNNNNNNNNNNNNNNNNNNNNNNNNNNNNNNNNNNNNNNNNNNNNNNNNNNNNNNNNNNNNNNNNNNNNNNNNNNNNNNNNN
bovine-CoV,NNNNNNNNNNNNNNNNNNNNNNNNNNNNNNNNNNNNNNNNNNNNNNNNNNNNNNNNNNNNNNNNNNNNNNNNNNNNNNNNNNNNNNNNNNNNNNNNNNNNNNNNNNNNNNNNNNNNNNNNNNNNNNNNNNNNNNNNNNNNNNNNNNNNNNNNNNNNNNNNNNNNNNNNNNNNNNNNNNNNNNNNNNNNNNNNNNNNNNNNNNNNNNNNNNNNNNNNNNNNNNNNNNNNNNNNNNNNNNNNNNNNNNNNNNNNNNNNNNNNNNNNNNNNNN
bovine-CoV,NNNNNNNNNNNNNNNNNNNNNNNNNNNNNNNNNNNNNNNNNNNNNNNNNNNNNNNNNNNNNNNNNNNNNNNNNNNNNNNNNNNNNNNNNNNNNNNNNNNNNNNNNNNNNNNNNNNNNNNNNNNNNNNNNNNNNNNNNNNNNNNNNNNNNNNNNNNNNNNNNNNNNNNNNNNNNNNNNNNNNNNNNNNNNNNNNNNNNNNNNNNNNNNNNNNNNNNNNNNNNNNNNNNNNNNNNNNNNNNNNNNNNNNNNNNNNNNNNNNNNNNNNNNNN
bovine-CoV,NNNNNNNNNNNNNNNNNNNNNNNNNNNNNNNNNNNNNNNNNNNNNNNNNNNNNNNNNNNNNNNNNNNNNNNNNNNNNNNNNNNNNNNNNNNNNNNNNNNNNNNNNNNNNNNNNNNNNNNNNNNNNNNNNNNNNNNNNNNNNNNNNNNNNNNNNNNNNNNNNNNNNNNNNNNNNNNNNNNNNNNNNNNNNNNNNNNNNNNNNNNNNNNNNNNNNNNNNNNNNNNNNNNNNNNNNNNNNNNNNNNNNNNNNNNNNNNNNNNNNNNNNNNN
bovine-CoV,NNNNNNNNNNNNNNNNNNNNNNNNNNNNNNNNNNNNNNNNNNNNNNNNNNNNNNNNNNNNNNNNNNNNNNNNNNNNNNNNNNNNNNNNNNNNNNNNNNNNNNNNNNNNNNNNNNNNNNNNNNNNNNNNNNNNNNNNNNNNNNNNNNNNNNNNNNNNNNNNNNNNNNNNNNNNNNNNNNNNNNNNNNNNNNNNNNNNNNNNNNNNNNNNNNNNNNNNNNNNNNNNNNNNNNNNNNNNNNNNNNNNNNNNNNNNNNNNNNNNNNNNNNN
bovine-CoV,NNNNNNNNNNNNNNNNNNNNNNNNNNNNNNNNNNNNNNNNNNNNNNNNNNNNNNNNNNNNNNNNNNNNNNNNNNNNNNNNNNNNNNNNNNNNNNNNNNNNNNNNNNNNNNNNNNNNNNNNNNNNNNNNNNNNNNNNNNNNNNNNNNNNNNNNNNNNNNNNNNNNNNNNNNNNNNNNNNNNNNNNNNNNNNNNNNNNNNNNNNNNNNNNNNNNNNNNNNNNNNNNNNNNNNNNNNNNNNNNNNNNNNNNNNNNNNNNNNNNNNNNNN
bovine-CoV,NNNNNNNNNNNNNNNNNNNNNNNNNNNNNNNNNNNNNNNNNNNNNNNNNNNNNNNNNNNNNNNNNNNNNNNNNNNNNNNNNNNNNNNNNNNNNNNNNNNNNNNNNNNNNNNNNNNNNNNNNNNNNNNNNNNNNNNNNNNNNNNNNNNNNNNNNNNNNNNNNNNNNNNNNNNNNNNNNNNNNNNNNNNNNNNNNNNNNNNNNNNNNNNNNNNNNNNNNNNNNNNNNNNNNNNNNNNNNNNNNNNNNNNNNNNNNNNNNNNNNNNNN
bovine-CoV,NNNNNNNNNNNNNNNNNNNNNNNNNNNNNNNNNNNNNNNNNNNNNNNNNNNNNNNNNNNNNNNNNNNNNNNNNNNNNNNNNNNNNNNNNNNNNNNNNNNNNNNNNNNNNNNNNNNNNNNNNNNNNNNNNNNNNNNNNNNNNNNNNNNNNNNNNNNNNNNNNNNNNNNNNNNNNNNNNNNNNNNNNNNNNNNNNNNNNNNNNNNNNNNNNNNNNNNNNNNNNNNNNNNNNNNNNNNNNNNNNNNNNNNNNNNNNNNNNNNNNNNN
bovine-CoV,NNNNNNNNNNNNNNNNNNNNNNNNNNNNNNNNNNNNNNNNNNNNNNNNNNNNNNNNNNNNNNNNNNNNNNNNNNNNNNNNNNNNNNNNNNNNNNNNNNNNNNNNNNNNNNNNNNNNNNNNNNNNNNNNNNNNNNNNNNNNNNNNNNNNNNNNNNNNNNNNNNNNNNNNNNNNNNNNNNNNNNNNNNNNNNNNNNNNNNNNNNNNNNNNNNNNNNNNNNNNNNNNNNNNNNNNNNNNNNNNNNNNNNNNNNNNNNNNNNNNNNN
bovine-CoV,NNNNNNNNNNNNNNNNNNNNNNNNNNNNNNNNNNNNNNNNNNNNNNNNNNNNNNNNNNNNNNNNNNNNNNNNNNNNNNNNNNNNNNNNNNNNNNNNNNNNNNNNNNNNNNNNNNNNNNNNNNNNNNNNNNNNNNNNNNNNNNNNNNNNNNNNNNNNNNNNNNNNNNNNNNNNNNNNNNNNNNNNNNNNNNNNNNNNNNNNNNNNNNNNNNNNNNNNNNNNNNNNNNNNNNNNNNNNNNNNNNNNNNNNNNNNNNNNNNNNNN
bovine-CoV,NNNNNNNNNNNNNNNNNNNNNNNNNNNNNNNNNNNNNNNNNNNNNNNNNNNNNNNNNNNNNNNNNNNNNNNNNNNNNNNNNNNNNNNNNNNNNNNNNNNNNNNNNNNNNNNNNNNNNNNNNNNNNNNNNNNNNNNNNNNNNNNNNNNNNNNNNNNNNNNNNNNNNNNNNNNNNNNNNNNNNNNNNNNNNNNNNNNNNNNNNNNNNNNNNNNNNNNNNNNNNNNNNNNNNNNNNNNNNNNNNNNNNNNNNNNNNNNNNNNNN
bovine-CoV,NNNNNNNNNNNNNNNNNNNNNNNNNNNNNNNNNNNNNNNNNNNNNNNNNNNNNNNNNNNNNNNNNNNNNNNNNNNNNNNNNNNNNNNNNNNNNNNNNNNNNNNNNNNNNNNNNNNNNNNNNNNNNNNNNNNNNNNNNNNNNNNNNNNNNNNNNNNNNNNNNNNNNNNNNNNNNNNNNNNNNNNNNNNNNNNNNNNNNNNNNNNNNNNNNNNNNNNNNNNNNNNNNNNNNNNNNNNNNNNNNNNNNNNNNNNNNNNNNNNN
bovine-CoV,NNNNNNNNNNNNNNNNNNNNNNNNNNNNNNNNNNNNNNNNNNNNNNNNNNNNNNNNNNNNNNNNNNNNNNNNNNNNNNNNNNNNNNNNNNNNNNNNNNNNNNNNNNNNNNNNNNNNNNNNNNNNNNNNNNNNNNNNNNNNNNNNNNNNNNNNNNNNNNNNNNNNNNNNNNNNNNNNNNNNNNNNNNNNNNNNNNNNNNNNNNNNNNNNNNNNNNNNNNNNNNNNNNNNNNNNNNNNNNNNNNNNNNNNNNNNNNNNNNN
bovine-CoV,NNNNNNNNNNNNNNNNNNNNNNNNNNNNNNNNNNNNNNNNNNNNNNNNNNNNNNNNNNNNNNNNNNNNNNNNNNNNNNNNNNNNNNNNNNNNNNNNNNNNNNNNNNNNNNNNNNNNNNNNNNNNNNNNNNNNNNNNNNNNNNNNNNNNNNNNNNNNNNNNNNNNNNNNNNNNNNNNNNNNNNNNNNNNNNNNNNNNNNNNNNNNNNNNNNNNNNNNNNNNNNNNNNNNNNNNNNNNNNNNNNNNNNNNNNNNNNNNNN
bovine-CoV,NNNNNNNNNNNNNNNNNNNNNNNNNNNNNNNNNNNNNNNNNNNNNNNNNNNNNNNNNNNNNNNNNNNNNNNNNNNNNNNNNNNNNNNNNNNNNNNNNNNNNNNNNNNNNNNNNNNNNNNNNNNNNNNNNNNNNNNNNNNNNNNNNNNNNNNNNNNNNNNNNNNNNNNNNNNNNNNNNNNNNNNNNNNNNNNNNNNNNNNNNNNNNNNNNNNNNNNNNNNNNNNNNNNNNNNNNNNNNNNNNNNNNNNNNNNNNNNNN
bovine-CoV,NNNNNNNNNNNNNNNNNNNNNNNNNNNNNNNNNNNNNNNNNNNNNNNNNNNNNNNNNNNNNNNNNNNNNNNNNNNNNNNNNNNNNNNNNNNNNNNNNNNNNNNNNNNNNNNNNNNNNNNNNNNNNNNNNNNNNNNNNNNNNNNNNNNNNNNNNNNNNNNNNNNNNNNNNNNNNNNNNNNNNNNNNNNNNNNNNNNNNNNNNNNNNNNNNNNNNNNNNNNNNNNNNNNNNNNNNNNNNNNNNNNNNNNNNNNNNNNN
bovine-CoV,NNNNNNNNNNNNNNNNNNNNNNNNNNNNNNNNNNNNNNNNNNNNNNNNNNNNNNNNNNNNNNNNNNNNNNNNNNNNNNNNNNNNNNNNNNNNNNNNNNNNNNNNNNNNNNNNNNNNNNNNNNNNNNNNNNNNNNNNNNNNNNNNNNNNNNNNNNNNNNNNNNNNNNNNNNNNNNNNNNNNNNNNNNNNNNNNNNNNNNNNNNNNNNNNNNNNNNNNNNNNNNNNNNNNNNNNNNNNNNNNNNNNNNNNNNNNNNN
bovine-CoV,NNNNNNNNNNNNNNNNNNNNNNNNNNNNNNNNNNNNNNNNNNNNNNNNNNNNNNNNNNNNNNNNNNNNNNNNNNNNNNNNNNNNNNNNNNNNNNNNNNNNNNNNNNNNNNNNNNNNNNNNNNNNNNNNNNNNNNNNNNNNNNNNNNNNNNNNNNNNNNNNNNNNNNNNNNNNNNNNNNNNNNNNNNNNNNNNNNNNNNNNNNNNNNNNNNNNNNNNNNNNNNNNNNNNNNNNNNNNNNNNNNNNNNNNNNNNNN
bovine-CoV,NNNNNNNNNNNNNNNNNNNNNNNNNNNNNNNNNNNNNNNNNNNNNNNNNNNNNNNNNNNNNNNNNNNNNNNNNNNNNNNNNNNNNNNNNNNNNNNNNNNNNNNNNNNNNNNNNNNNNNNNNNNNNNNNNNNNNNNNNNNNNNNNNNNNNNNNNNNNNNNNNNNNNNNNNNNNNNNNNNNNNNNNNNNNNNNNNNNNNNNNNNNNNNNNNNNNNNNNNNNNNNNNNNNNNNNNNNNNNNNNNNNNNNNNNNNNN
bovine-CoV,NNNNNNNNNNNNNNNNNNNNNNNNNNNNNNNNNNNNNNNNNNNNNNNNNNNNNNNNNNNNNNNNNNNNNNNNNNNNNNNNNNNNNNNNNNNNNNNNNNNNNNNNNNNNNNNNNNNNNNNNNNNNNNNNNNNNNNNNNNNNNNNNNNNNNNNNNNNNNNNNNNNNNNNNNNNNNNNNNNNNNNNNNNNNNNNNNNNNNNNNNNNNNNNNNNNNNNNNNNNNNNNNNNNNNNNNNNNNNNNNNNNNNNNNNNNN
bovine-CoV,NNNNNNNNNNNNNNNNNNNNNNNNNNNNNNNNNNNNNNNNNNNNNNNNNNNNNNNNNNNNNNNNNNNNNNNNNNNNNNNNNNNNNNNNNNNNNNNNNNNNNNNNNNNNNNNNNNNNNNNNNNNNNNNNNNNNNNNNNNNNNNNNNNNNNNNNNNNNNNNNNNNNNNNNNNNNNNNNNNNNNNNNNNNNNNNNNNNNNNNNNNNNNNNNNNNNNNNNNNNNNNNNNNNNNNNNNNNNNNNNNNNNNNNNNNN
bovine-CoV,NNNNNNNNNNNNNNNNNNNNNNNNNNNNNNNNNNNNNNNNNNNNNNNNNNNNNNNNNNNNNNNNNNNNNNNNNNNNNNNNNNNNNNNNNNNNNNNNNNNNNNNNNNNNNNNNNNNNNNNNNNNNNNNNNNNNNNNNNNNNNNNNNNNNNNNNNNNNNNNNNNNNNNNNNNNNNNNNNNNNNNNNNNNNNNNNNNNNNNNNNNNNNNNNNNNNNNNNNNNNNNNNNNNNNNNNNNNNNNNNNNNNNNNNNN
bovine-CoV,NNNNNNNNNNNNNNNNNNNNNNNNNNNNNNNNNNNNNNNNNNNNNNNNNNNNNNNNNNNNNNNNNNNNNNNNNNNNNNNNNNNNNNNNNNNNNNNNNNNNNNNNNNNNNNNNNNNNNNNNNNNNNNNNNNNNNNNNNNNNNNNNNNNNNNNNNNNNNNNNNNNNNNNNNNNNNNNNNNNNNNNNNNNNNNNNNNNNNNNNNNNNNNNNNNNNNNNNNNNNNNNNNNNNNNNNNNNNNNNNNNNNNNNNN
bovine-CoV,NNNNNNNNNNNNNNNNNNNNNNNNNNNNNNNNNNNNNNNNNNNNNNNNNNNNNNNNNNNNNNNNNNNNNNNNNNNNNNNNNNNNNNNNNNNNNNNNNNNNNNNNNNNNNNNNNNNNNNNNNNNNNNNNNNNNNNNNNNNNNNNNNNNNNNNNNNNNNNNNNNNNNNNNNNNNNNNNNNNNNNNNNNNNNNNNNNNNNNNNNNNNNNNNNNNNNNNNNNNNNNNNNNNNNNNNNNNNNNNNNNNNNNNN
bovine-CoV,NNNNNNNNNNNNNNNNNNNNNNNNNNNNNNNNNNNNNNNNNNNNNNNNNNNNNNNNNNNNNNNNNNNNNNNNNNNNNNNNNNNNNNNNNNNNNNNNNNNNNNNNNNNNNNNNNNNNNNNNNNNNNNNNNNNNNNNNNNNNNNNNNNNNNNNNNNNNNNNNNNNNNNNNNNNNNNNNNNNNNNNNNNNNNNNNNNNNNNNNNNNNNNNNNNNNNNNNNNNNNNNNNNNNNNNNNNNNNNNNNNNNNNN
bovine-CoV,NNNNNNNNNNNNNNNNNNNNNNNNNNNNNNNNNNNNNNNNNNNNNNNNNNNNNNNNNNNNNNNNNNNNNNNNNNNNNNNNNNNNNNNNNNNNNNNNNNNNNNNNNNNNNNNNNNNNNNNNNNNNNNNNNNNNNNNNNNNNNNNNNNNNNNNNNNNNNNNNNNNNNNNNNNNNNNNNNNNNNNNNNNNNNNNNNNNNNNNNNNNNNNNNNNNNNNNNNNNNNNNNNNNNNNNNNNNNNNNNNNNNNN
bovine-CoV,NNNNNNNNNNNNNNNNNNNNNNNNNNNNNNNNNNNNNNNNNNNNNNNNNNNNNNNNNNNNNNNNNNNNNNNNNNNNNNNNNNNNNNNNNNNNNNNNNNNNNNNNNNNNNNNNNNNNNNNNNNNNNNNNNNNNNNNNNNNNNNNNNNNNNNNNNNNNNNNNNNNNNNNNNNNNNNNNNNNNNNNNNNNNNNNNNNNNNNNNNNNNNNNNNNNNNNNNNNNNNNNNNNNNNNNNNNNNNNNNNNNNN
bovine-CoV,NNNNNNNNNNNNNNNNNNNNNNNNNNNNNNNNNNNNNNNNNNNNNNNNNNNNNNNNNNNNNNNNNNNNNNNNNNNNNNNNNNNNNNNNNNNNNNNNNNNNNNNNNNNNNNNNNNNNNNNNNNNNNNNNNNNNNNNNNNNNNNNNNNNNNNNNNNNNNNNNNNNNNNNNNNNNNNNNNNNNNNNNNNNNNNNNNNNNNNNNNNNNNNNNNNNNNNNNNNNNNNNNNNNNNNNNNNNNNNNNNNNN
bovine-CoV,NNNNNNNNNNNNNNNNNNNNNNNNNNNNNNNNNNNNNNNNNNNNNNNNNNNNNNNNNNNNNNNNNNNNNNNNNNNNNNNNNNNNNNNNNNNNNNNNNNNNNNNNNNNNNNNNNNNNNNNNNNNNNNNNNNNNNNNNNNNNNNNNNNNNNNNNNNNNNNNNNNNNNNNNNNNNNNNNNNNNNNNNNNNNNNNNNNNNNNNNNNNNNNNNNNNNNNNNNNNNNNNNNNNNNNNNNNNNNNNNNNN
bovine-CoV,NNNNNNNNNNNNNNNNNNNNNNNNNNNNNNNNNNNNNNNNNNNNNNNNNNNNNNNNNNNNNNNNNNNNNNNNNNNNNNNNNNNNNNNNNNNNNNNNNNNNNNNNNNNNNNNNNNNNNNNNNNNNNNNNNNNNNNNNNNNNNNNNNNNNNNNNNNNNNNNNNNNNNNNNNNNNNNNNNNNNNNNNNNNNNNNNNNNNNNNNNNNNNNNNNNNNNNNNNNNNNNNNNNNNNNNNNNNNNNNNNN
bovine-CoV,NNNNNNNNNNNNNNNNNNNNNNNNNNNNNNNNNNNNNNNNNNNNNNNNNNNNNNNNNNNNNNNNNNNNNNNNNNNNNNNNNNNNNNNNNNNNNNNNNNNNNNNNNNNNNNNNNNNNNNNNNNNNNNNNNNNNNNNNNNNNNNNNNNNNNNNNNNNNNNNNNNNNNNNNNNNNNNNNNNNNNNNNNNNNNNNNNNNNNNNNNNNNNNNNNNNNNNNNNNNNNNNNNNNNNNNNNNNNNNNNN
bovine-CoV,NNNNNNNNNNNNNNNNNNNNNNNNNNNNNNNNNNNNNNNNNNNNNNNNNNNNNNNNNNNNNNNNNNNNNNNNNNNNNNNNNNNNNNNNNNNNNNNNNNNNNNNNNNNNNNNNNNNNNNNNNNNNNNNNNNNNNNNNNNNNNNNNNNNNNNNNNNNNNNNNNNNNNNNNNNNNNNNNNNNNNNNNNNNNNNNNNNNNNNNNNNNNNNNNNNNNNNNNNNNNNNNNNNNNNNNNNNNNNNNN
bovine-CoV,NNNNNNNNNNNNNNNNNNNNNNNNNNNNNNNNNNNNNNNNNNNNNNNNNNNNNNNNNNNNNNNNNNNNNNNNNNNNNNNNNNNNNNNNNNNNNNNNNNNNNNNNNNNNNNNNNNNNNNNNNNNNNNNNNNNNNNNNNNNNNNNNNNNNNNNNNNNNNNNNNNNNNNNNNNNNNNNNNNNNNNNNNNNNNNNNNNNNNNNNNNNNNNNNNNNNNNNNNNNNNNNNNNNNNNNNNNNNNNN
bovine-CoV,NNNNNNNNNNNNNNNNNNNNNNNNNNNNNNNNNNNNNNNNNNNNNNNNNNNNNNNNNNNNNNNNNNNNNNNNNNNNNNNNNNNNNNNNNNNNNNNNNNNNNNNNNNNNNNNNNNNNNNNNNNNNNNNNNNNNNNNNNNNNNNNNNNNNNNNNNNNNNNNNNNNNNNNNNNNNNNNNNNNNNNNNNNNNNNNNNNNNNNNNNNNNNNNNNNNNNNNNNNNNNNNNNNNNNNNNNNNNNN
bovine-CoV,NNNNNNNNNNNNNNNNNNNNNNNNNNNNNNNNNNNNNNNNNNNNNNNNNNNNNNNNNNNNNNNNNNNNNNNNNNNNNNNNNNNNNNNNNNNNNNNNNNNNNNNNNNNNNNNNNNNNNNNNNNNNNNNNNNNNNNNNNNNNNNNNNNNNNNNNNNNNNNNNNNNNNNNNNNNNNNNNNNNNNNNNNNNNNNNNNNNNNNNNNNNNNNNNNNNNNNNNNNNNNNNNNNNNNNNNNNNNN
bovine-CoV,NNNNNNNNNNNNNNNNNNNNNNNNNNNNNNNNNNNNNNNNNNNNNNNNNNNNNNNNNNNNNNNNNNNNNNNNNNNNNNNNNNNNNNNNNNNNNNNNNNNNNNNNNNNNNNNNNNNNNNNNNNNNNNNNNNNNNNNNNNNNNNNNNNNNNNNNNNNNNNNNNNNNNNNNNNNNNNNNNNNNNNNNNNNNNNNNNNNNNNNNNNNNNNNNNNNNNNNNNNNNNNNNNNNNNNNNNNNN
bovine-CoV,NNNNNNNNNNNNNNNNNNNNNNNNNNNNNNNNNNNNNNNNNNNNNNNNNNNNNNNNNNNNNNNNNNNNNNNNNNNNNNNNNNNNNNNNNNNNNNNNNNNNNNNNNNNNNNNNNNNNNNNNNNNNNNNNNNNNNNNNNNNNNNNNNNNNNNNNNNNNNNNNNNNNNNNNNNNNNNNNNNNNNNNNNNNNNNNNNNNNNNNNNNNNNNNNNNNNNNNNNNNNNNNNNNNNNNNNNNN
bovine-CoV,NNNNNNNNNNNNNNNNNNNNNNNNNNNNNNNNNNNNNNNNNNNNNNNNNNNNNNNNNNNNNNNNNNNNNNNNNNNNNNNNNNNNNNNNNNNNNNNNNNNNNNNNNNNNNNNNNNNNNNNNNNNNNNNNNNNNNNNNNNNNNNNNNNNNNNNNNNNNNNNNNNNNNNNNNNNNNNNNNNNNNNNNNNNNNNNNNNNNNNNNNNNNNNNNNNNNNNNNNNNNNNNNNNNNNNNNNN
bovine-CoV,NNNNNNNNNNNNNNNNNNNNNNNNNNNNNNNNNNNNNNNNNNNNNNNNNNNNNNNNNNNNNNNNNNNNNNNNNNNNNNNNNNNNNNNNNNNNNNNNNNNNNNNNNNNNNNNNNNNNNNNNNNNNNNNNNNNNNNNNNNNNNNNNNNNNNNNNNNNNNNNNNNNNNNNNNNNNNNNNNNNNNNNNNNNNNNNNNNNNNNNNNNNNNNNNNNNNNNNNNNNNNNNNNNNNNNNNN
bovine-CoV,NNNNNNNNNNNNNNNNNNNNNNNNNNNNNNNNNNNNNNNNNNNNNNNNNNNNNNNNNNNNNNNNNNNNNNNNNNNNNNNNNNNNNNNNNNNNNNNNNNNNNNNNNNNNNNNNNNNNNNNNNNNNNNNNNNNNNNNNNNNNNNNNNNNNNNNNNNNNNNNNNNNNNNNNNNNNNNNNNNNNNNNNNNNNNNNNNNNNNNNNNNNNNNNNNNNNNNNNNNNNNNNNNNNNNNNN
bovine-CoV,NNNNNNNNNNNNNNNNNNNNNNNNNNNNNNNNNNNNNNNNNNNNNNNNNNNNNNNNNNNNNNNNNNNNNNNNNNNNNNNNNNNNNNNNNNNNNNNNNNNNNNNNNNNNNNNNNNNNNNNNNNNNNNNNNNNNNNNNNNNNNNNNNNNNNNNNNNNNNNNNNNNNNNNNNNNNNNNNNNNNNNNNNNNNNNNNNNNNNNNNNNNNNNNNNNNNNNNNNNNNNNNNNNNNNNN
bovine-CoV,NNNNNNNNNNNNNNNNNNNNNNNNNNNNNNNNNNNNNNNNNNNNNNNNNNNNNNNNNNNNNNNNNNNNNNNNNNNNNNNNNNNNNNNNNNNNNNNNNNNNNNNNNNNNNNNNNNNNNNNNNNNNNNNNNNNNNNNNNNNNNNNNNNNNNNNNNNNNNNNNNNNNNNNNNNNNNNNNNNNNNNNNNNNNNNNNNNNNNNNNNNNNNNNNNNNNNNNNNNNNNNNNNNNNNN
bovine-CoV,NNNNNNNNNNNNNNNNNNNNNNNNNNNNNNNNNNNNNNNNNNNNNNNNNNNNNNNNNNNNNNNNNNNNNNNNNNNNNNNNNNNNNNNNNNNNNNNNNNNNNNNNNNNNNNNNNNNNNNNNNNNNNNNNNNNNNNNNNNNNNNNNNNNNNNNNNNNNNNNNNNNNNNNNNNNNNNNNNNNNNNNNNNNNNNNNNNNNNNNNNNNNNNNNNNNNNNNNNNNNNNNNNNNNN
bovine-CoV,NNNNNNNNNNNNNNNNNNNNNNNNNNNNNNNNNNNNNNNNNNNNNNNNNNNNNNNNNNNNNNNNNNNNNNNNNNNNNNNNNNNNNNNNNNNNNNNNNNNNNNNNNNNNNNNNNNNNNNNNNNNNNNNNNNNNNNNNNNNNNNNNNNNNNNNNNNNNNNNNNNNNNNNNNNNNNNNNNNNNNNNNNNNNNNNNNNNNNNNNNNNNNNNNNNNNNNNNNNNNNNNNNNNN
bovine-CoV,NNNNNNNNNNNNNNNNNNNNNNNNNNNNNNNNNNNNNNNNNNNNNNNNNNNNNNNNNNNNNNNNNNNNNNNNNNNNNNNNNNNNNNNNNNNNNNNNNNNNNNNNNNNNNNNNNNNNNNNNNNNNNNNNNNNNNNNNNNNNNNNNNNNNNNNNNNNNNNNNNNNNNNNNNNNNNNNNNNNNNNNNNNNNNNNNNNNNNNNNNNNNNNNNNNNNNNNNNNNNNNNNNNN
bovine-CoV,NNNNNNNNNNNNNNNNNNNNNNNNNNNNNNNNNNNNNNNNNNNNNNNNNNNNNNNNNNNNNNNNNNNNNNNNNNNNNNNNNNNNNNNNNNNNNNNNNNNNNNNNNNNNNNNNNNNNNNNNNNNNNNNNNNNNNNNNNNNNNNNNNNNNNNNNNNNNNNNNNNNNNNNNNNNNNNNNNNNNNNNNNNNNNNNNNNNNNNNNNNNNNNNNNNNNNNNNNNNNNNNNNN
bovine-CoV,NNNNNNNNNNNNNNNNNNNNNNNNNNNNNNNNNNNNNNNNNNNNNNNNNNNNNNNNNNNNNNNNNNNNNNNNNNNNNNNNNNNNNNNNNNNNNNNNNNNNNNNNNNNNNNNNNNNNNNNNNNNNNNNNNNNNNNNNNNNNNNNNNNNNNNNNNNNNNNNNNNNNNNNNNNNNNNNNNNNNNNNNNNNNNNNNNNNNNNNNNNNNNNNNNNNNNNNNNNNNNNNNN
bovine-CoV,NNNNNNNNNNNNNNNNNNNNNNNNNNNNNNNNNNNNNNNNNNNNNNNNNNNNNNNNNNNNNNNNNNNNNNNNNNNNNNNNNNNNNNNNNNNNNNNNNNNNNNNNNNNNNNNNNNNNNNNNNNNNNNNNNNNNNNNNNNNNNNNNNNNNNNNNNNNNNNNNNNNNNNNNNNNNNNNNNNNNNNNNNNNNNNNNNNNNNNNNNNNNNNNNNNNNNNNNNNNNNNNN
bovine-CoV,NNNNNNNNNNNNNNNNNNNNNNNNNNNNNNNNNNNNNNNNNNNNNNNNNNNNNNNNNNNNNNNNNNNNNNNNNNNNNNNNNNNNNNNNNNNNNNNNNNNNNNNNNNNNNNNNNNNNNNNNNNNNNNNNNNNNNNNNNNNNNNNNNNNNNNNNNNNNNNNNNNNNNNNNNNNNNNNNNNNNNNNNNNNNNNNNNNNNNNNNNNNNNNNNNNNNNNNNNNNNNNN
bovine-CoV,NNNNNNNNNNNNNNNNNNNNNNNNNNNNNNNNNNNNNNNNNNNNNNNNNNNNNNNNNNNNNNNNNNNNNNNNNNNNNNNNNNNNNNNNNNNNNNNNNNNNNNNNNNNNNNNNNNNNNNNNNNNNNNNNNNNNNNNNNNNNNNNNNNNNNNNNNNNNNNNNNNNNNNNNNNNNNNNNNNNNNNNNNNNNNNNNNNNNNNNNNNNNNNNNNNNNNNNNNNNNNN
bovine-CoV,NNNNNNNNNNNNNNNNNNNNNNNNNNNNNNNNNNNNNNNNNNNNNNNNNNNNNNNNNNNNNNNNNNNNNNNNNNNNNNNNNNNNNNNNNNNNNNNNNNNNNNNNNNNNNNNNNNNNNNNNNNNNNNNNNNNNNNNNNNNNNNNNNNNNNNNNNNNNNNNNNNNNNNNNNNNNNNNNNNNNNNNNNNNNNNNNNNNNNNNNNNNNNNNNNNNNNNNNNNNNN
bovine-CoV,NNNNNNNNNNNNNNNNNNNNNNNNNNNNNNNNNNNNNNNNNNNNNNNNNNNNNNNNNNNNNNNNNNNNNNNNNNNNNNNNNNNNNNNNNNNNNNNNNNNNNNNNNNNNNNNNNNNNNNNNNNNNNNNNNNNNNNNNNNNNNNNNNNNNNNNNNNNNNNNNNNNNNNNNNNNNNNNNNNNNNNNNNNNNNNNNNNNNNNNNNNNNNNNNNNNNNNNNNNNN
bovine-CoV,NNNNNNNNNNNNNNNNNNNNNNNNNNNNNNNNNNNNNNNNNNNNNNNNNNNNNNNNNNNNNNNNNNNNNNNNNNNNNNNNNNNNNNNNNNNNNNNNNNNNNNNNNNNNNNNNNNNNNNNNNNNNNNNNNNNNNNNNNNNNNNNNNNNNNNNNNNNNNNNNNNNNNNNNNNNNNNNNNNNNNNNNNNNNNNNNNNNNNNNNNNNNNNNNNNNNNNNNNNN
bovine-CoV,NNNNNNNNNNNNNNNNNNNNNNNNNNNNNNNNNNNNNNNNNNNNNNNNNNNNNNNNNNNNNNNNNNNNNNNNNNNNNNNNNNNNNNNNNNNNNNNNNNNNNNNNNNNNNNNNNNNNNNNNNNNNNNNNNNNNNNNNNNNNNNNNNNNNNNNNNNNNNNNNNNNNNNNNNNNNNNNNNNNNNNNNNNNNNNNNNNNNNNNNNNNNNNNNNNNNNNNNNN
bovine-CoV,NNNNNNNNNNNNNNNNNNNNNNNNNNNNNNNNNNNNNNNNNNNNNNNNNNNNNNNNNNNNNNNNNNNNNNNNNNNNNNNNNNNNNNNNNNNNNNNNNNNNNNNNNNNNNNNNNNNNNNNNNNNNNNNNNNNNNNNNNNNNNNNNNNNNNNNNNNNNNNNNNNNNNNNNNNNNNNNNNNNNNNNNNNNNNNNNNNNNNNNNNNNNNNNNNNNNNNNNN
bovine-CoV,NNNNNNNNNNNNNNNNNNNNNNNNNNNNNNNNNNNNNNNNNNNNNNNNNNNNNNNNNNNNNNNNNNNNNNNNNNNNNNNNNNNNNNNNNNNNNNNNNNNNNNNNNNNNNNNNNNNNNNNNNNNNNNNNNNNNNNNNNNNNNNNNNNNNNNNNNNNNNNNNNNNNNNNNNNNNNNNNNNNNNNNNNNNNNNNNNNNNNNNNNNNNNNNNNNNNNNNN
bovine-CoV,NNNNNNNNNNNNNNNNNNNNNNNNNNNNNNNNNNNNNNNNNNNNNNNNNNNNNNNNNNNNNNNNNNNNNNNNNNNNNNNNNNNNNNNNNNNNNNNNNNNNNNNNNNNNNNNNNNNNNNNNNNNNNNNNNNNNNNNNNNNNNNNNNNNNNNNNNNNNNNNNNNNNNNNNNNNNNNNNNNNNNNNNNNNNNNNNNNNNNNNNNNNNNNNNNNNNNNN
bovine-CoV,NNNNNNNNNNNNNNNNNNNNNNNNNNNNNNNNNNNNNNNNNNNNNNNNNNNNNNNNNNNNNNNNNNNNNNNNNNNNNNNNNNNNNNNNNNNNNNNNNNNNNNNNNNNNNNNNNNNNNNNNNNNNNNNNNNNNNNNNNNNNNNNNNNNNNNNNNNNNNNNNNNNNNNNNNNNNNNNNNNNNNNNNNNNNNNNNNNNNNNNNNNNNNNNNNNNNNN
bovine-CoV,NNNNNNNNNNNNNNNNNNNNNNNNNNNNNNNNNNNNNNNNNNNNNNNNNNNNNNNNNNNNNNNNNNNNNNNNNNNNNNNNNNNNNNNNNNNNNNNNNNNNNNNNNNNNNNNNNNNNNNNNNNNNNNNNNNNNNNNNNNNNNNNNNNNNNNNNNNNNNNNNNNNNNNNNNNNNNNNNNNNNNNNNNNNNNNNNNNNNNNNNNNNNNNNNNNNNN
bovine-CoV,NNNNNNNNNNNNNNNNNNNNNNNNNNNNNNNNNNNNNNNNNNNNNNNNNNNNNNNNNNNNNNNNNNNNNNNNNNNNNNNNNNNNNNNNNNNNNNNNNNNNNNNNNNNNNNNNNNNNNNNNNNNNNNNNNNNNNNNNNNNNNNNNNNNNNNNNNNNNNNNNNNNNNNNNNNNNNNNNNNNNNNNNNNNNNNNNNNNNNNNNNNNNNNNNNNNN
bovine-CoV,NNNNNNNNNNNNNNNNNNNNNNNNNNNNNNNNNNNNNNNNNNNNNNNNNNNNNNNNNNNNNNNNNNNNNNNNNNNNNNNNNNNNNNNNNNNNNNNNNNNNNNNNNNNNNNNNNNNNNNNNNNNNNNNNNNNNNNNNNNNNNNNNNNNNNNNNNNNNNNNNNNNNNNNNNNNNNNNNNNNNNNNNNNNNNNNNNNNNNNNNNNNNNNNNNNN
bovine-CoV,NNNNNNNNNNNNNNNNNNNNNNNNNNNNNNNNNNNNNNNNNNNNNNNNNNNNNNNNNNNNNNNNNNNNNNNNNNNNNNNNNNNNNNNNNNNNNNNNNNNNNNNNNNNNNNNNNNNNNNNNNNNNNNNNNNNNNNNNNNNNNNNNNNNNNNNNNNNNNNNNNNNNNNNNNNNNNNNNNNNNNNNNNNNNNNNNNNNNNNNNNNNNNNNNNN
bovine-CoV,NNNNNNNNNNNNNNNNNNNNNNNNNNNNNNNNNNNNNNNNNNNNNNNNNNNNNNNNNNNNNNNNNNNNNNNNNNNNNNNNNNNNNNNNNNNNNNNNNNNNNNNNNNNNNNNNNNNNNNNNNNNNNNNNNNNNNNNNNNNNNNNNNNNNNNNNNNNNNNNNNNNNNNNNNNNNNNNNNNNNNNNNNNNNNNNNNNNNNNNNNNNNNNNNN
bovine-CoV,NNNNNNNNNNNNNNNNNNNNNNNNNNNNNNNNNNNNNNNNNNNNNNNNNNNNNNNNNNNNNNNNNNNNNNNNNNNNNNNNNNNNNNNNNNNNNNNNNNNNNNNNNNNNNNNNNNNNNNNNNNNNNNNNNNNNNNNNNNNNNNNNNNNNNNNNNNNNNNNNNNNNNNNNNNNNNNNNNNNNNNNNNNNNNNNNNNNNNNNNNNNNNNNN
bovine-CoV,NNNNNNNNNNNNNNNNNNNNNNNNNNNNNNNNNNNNNNNNNNNNNNNNNNNNNNNNNNNNNNNNNNNNNNNNNNNNNNNNNNNNNNNNNNNNNNNNNNNNNNNNNNNNNNNNNNNNNNNNNNNNNNNNNNNNNNNNNNNNNNNNNNNNNNNNNNNNNNNNNNNNNNNNNNNNNNNNNNNNNNNNNNNNNNNNNNNNNNNNNNNNNNN
bovine-CoV,NNNNNNNNNNNNNNNNNNNNNNNNNNNNNNNNNNNNNNNNNNNNNNNNNNNNNNNNNNNNNNNNNNNNNNNNNNNNNNNNNNNNNNNNNNNNNNNNNNNNNNNNNNNNNNNNNNNNNNNNNNNNNNNNNNNNNNNNNNNNNNNNNNNNNNNNNNNNNNNNNNNNNNNNNNNNNNNNNNNNNNNNNNNNNNNNNNNNNNNNNNNNNN
bovine-CoV,NNNNNNNNNNNNNNNNNNNNNNNNNNNNNNNNNNNNNNNNNNNNNNNNNNNNNNNNNNNNNNNNNNNNNNNNNNNNNNNNNNNNNNNNNNNNNNNNNNNNNNNNNNNNNNNNNNNNNNNNNNNNNNNNNNNNNNNNNNNNNNNNNNNNNNNNNNNNNNNNNNNNNNNNNNNNNNNNNNNNNNNNNNNNNNNNNNNNNNNNNNNNN
bovine-CoV,NNNNNNNNNNNNNNNNNNNNNNNNNNNNNNNNNNNNNNNNNNNNNNNNNNNNNNNNNNNNNNNNNNNNNNNNNNNNNNNNNNNNNNNNNNNNNNNNNNNNNNNNNNNNNNNNNNNNNNNNNNNNNNNNNNNNNNNNNNNNNNNNNNNNNNNNNNNNNNNNNNNNNNNNNNNNNNNNNNNNNNNNNNNNNNNNNNNNNNNNNNNN
bovine-CoV,NNNNNNNNNNNNNNNNNNNNNNNNNNNNNNNNNNNNNNNNNNNNNNNNNNNNNNNNNNNNNNNNNNNNNNNNNNNNNNNNNNNNNNNNNNNNNNNNNNNNNNNNNNNNNNNNNNNNNNNNNNNNNNNNNNNNNNNNNNNNNNNNNNNNNNNNNNNNNNNNNNNNNNNNNNNNNNNNNNNNNNNNNNNNNNNNNNNNNNNNNNN
bovine-CoV,NNNNNNNNNNNNNNNNNNNNNNNNNNNNNNNNNNNNNNNNNNNNNNNNNNNNNNNNNNNNNNNNNNNNNNNNNNNNNNNNNNNNNNNNNNNNNNNNNNNNNNNNNNNNNNNNNNNNNNNNNNNNNNNNNNNNNNNNNNNNNNNNNNNNNNNNNNNNNNNNNNNNNNNNNNNNNNNNNNNNNNNNNNNNNNNNNNNNNNNNNN
bovine-CoV,NNNNNNNNNNNNNNNNNNNNNNNNNNNNNNNNNNNNNNNNNNNNNNNNNNNNNNNNNNNNNNNNNNNNNNNNNNNNNNNNNNNNNNNNNNNNNNNNNNNNNNNNNNNNNNNNNNNNNNNNNNNNNNNNNNNNNNNNNNNNNNNNNNNNNNNNNNNNNNNNNNNNNNNNNNNNNNNNNNNNNNNNNNNNNNNNNNNNNNNNN
bovine-CoV,NNNNNNNNNNNNNNNNNNNNNNNNNNNNNNNNNNNNNNNNNNNNNNNNNNNNNNNNNNNNNNNNNNNNNNNNNNNNNNNNNNNNNNNNNNNNNNNNNNNNNNNNNNNNNNNNNNNNNNNNNNNNNNNNNNNNNNNNNNNNNNNNNNNNNNNNNNNNNNNNNNNNNNNNNNNNNNNNNNNNNNNNNNNNNNNNNNNNNNNN
bovine-CoV,NNNNNNNNNNNNNNNNNNNNNNNNNNNNNNNNNNNNNNNNNNNNNNNNNNNNNNNNNNNNNNNNNNNNNNNNNNNNNNNNNNNNNNNNNNNNNNNNNNNNNNNNNNNNNNNNNNNNNNNNNNNNNNNNNNNNNNNNNNNNNNNNNNNNNNNNNNNNNNNNNNNNNNNNNNNNNNNNNNNNNNNNNNNNNNNNNNNNNNN
bovine-CoV,NNNNNNNNNNNNNNNNNNNNNNNNNNNNNNNNNNNNNNNNNNNNNNNNNNNNNNNNNNNNNNNNNNNNNNNNNNNNNNNNNNNNNNNNNNNNNNNNNNNNNNNNNNNNNNNNNNNNNNNNNNNNNNNNNNNNNNNNNNNNNNNNNNNNNNNNNNNNNNNNNNNNNNNNNNNNNNNNNNNNNNNNNNNNNNNNNNNNNN
bovine-CoV,NNNNNNNNNNNNNNNNNNNNNNNNNNNNNNNNNNNNNNNNNNNNNNNNNNNNNNNNNNNNNNNNNNNNNNNNNNNNNNNNNNNNNNNNNNNNNNNNNNNNNNNNNNNNNNNNNNNNNNNNNNNNNNNNNNNNNNNNNNNNNNNNNNNNNNNNNNNNNNNNNNNNNNNNNNNNNNNNNNNNNNNNNNNNNNNNNNNNN
bovine-CoV,NNNNNNNNNNNNNNNNNNNNNNNNNNNNNNNNNNNNNNNNNNNNNNNNNNNNNNNNNNNNNNNNNNNNNNNNNNNNNNNNNNNNNNNNNNNNNNNNNNNNNNNNNNNNNNNNNNNNNNNNNNNNNNNNNNNNNNNNNNNNNNNNNNNNNNNNNNNNNNNNNNNNNNNNNNNNNNNNNNNNNNNNNNNNNNNNNNNN
bovine-CoV,NNNNNNNNNNNNNNNNNNNNNNNNNNNNNNNNNNNNNNNNNNNNNNNNNNNNNNNNNNNNNNNNNNNNNNNNNNNNNNNNNNNNNNNNNNNNNNNNNNNNNNNNNNNNNNNNNNNNNNNNNNNNNNNNNNNNNNNNNNNNNNNNNNNNNNNNNNNNNNNNNNNNNNNNNNNNNNNNNNNNNNNNNNNNNNNNNNN
bovine-CoV,NNNNNNNNNNNNNNNNNNNNNNNNNNNNNNNNNNNNNNNNNNNNNNNNNNNNNNNNNNNNNNNNNNNNNNNNNNNNNNNNNNNNNNNNNNNNNNNNNNNNNNNNNNNNNNNNNNNNNNNNNNNNNNNNNNNNNNNNNNNNNNNNNNNNNNNNNNNNNNNNNNNNNNNNNNNNNNNNNNNNNNNNNNNNNNNNNN
bovine-CoV,NNNNNNNNNNNNNNNNNNNNNNNNNNNNNNNNNNNNNNNNNNNNNNNNNNNNNNNNNNNNNNNNNNNNNNNNNNNNNNNNNNNNNNNNNNNNNNNNNNNNNNNNNNNNNNNNNNNNNNNNNNNNNNNNNNNNNNNNNNNNNNNNNNNNNNNNNNNNNNNNNNNNNNNNNNNNNNNNNNNNNNNNNNNNNNNNN
bovine-CoV,NNNNNNNNNNNNNNNNNNNNNNNNNNNNNNNNNNNNNNNNNNNNNNNNNNNNNNNNNNNNNNNNNNNNNNNNNNNNNNNNNNNNNNNNNNNNNNNNNNNNNNNNNNNNNNNNNNNNNNNNNNNNNNNNNNNNNNNNNNNNNNNNNNNNNNNNNNNNNNNNNNNNNNNNNNNNNNNNNNNNNNNNNNNNNNNN
bovine-CoV,NNNNNNNNNNNNNNNNNNNNNNNNNNNNNNNNNNNNNNNNNNNNNNNNNNNNNNNNNNNNNNNNNNNNNNNNNNNNNNNNNNNNNNNNNNNNNNNNNNNNNNNNNNNNNNNNNNNNNNNNNNNNNNNNNNNNNNNNNNNNNNNNNNNNNNNNNNNNNNNNNNNNNNNNNNNNNNNNNNNNNNNNNNNNNNN
bovine-CoV,NNNNNNNNNNNNNNNNNNNNNNNNNNNNNNNNNNNNNNNNNNNNNNNNNNNNNNNNNNNNNNNNNNNNNNNNNNNNNNNNNNNNNNNNNNNNNNNNNNNNNNNNNNNNNNNNNNNNNNNNNNNNNNNNNNNNNNNNNNNNNNNNNNNNNNNNNNNNNNNNNNNNNNNNNNNNNNNNNNNNNNNNNNNNNN
bovine-CoV,NNNNNNNNNNNNNNNNNNNNNNNNNNNNNNNNNNNNNNNNNNNNNNNNNNNNNNNNNNNNNNNNNNNNNNNNNNNNNNNNNNNNNNNNNNNNNNNNNNNNNNNNNNNNNNNNNNNNNNNNNNNNNNNNNNNNNNNNNNNNNNNNNNNNNNNNNNNNNNNNNNNNNNNNNNNNNNNNNNNNNNNNNNNNN
bovine-CoV,NNNNNNNNNNNNNNNNNNNNNNNNNNNNNNNNNNNNNNNNNNNNNNNNNNNNNNNNNNNNNNNNNNNNNNNNNNNNNNNNNNNNNNNNNNNNNNNNNNNNNNNNNNNNNNNNNNNNNNNNNNNNNNNNNNNNNNNNNNNNNNNNNNNNNNNNNNNNNNNNNNNNNNNNNNNNNNNNNNNNNNNNNNNN
bovine-CoV,NNNNNNNNNNNNNNNNNNNNNNNNNNNNNNNNNNNNNNNNNNNNNNNNNNNNNNNNNNNNNNNNNNNNNNNNNNNNNNNNNNNNNNNNNNNNNNNNNNNNNNNNNNNNNNNNNNNNNNNNNNNNNNNNNNNNNNNNNNNNNNNNNNNNNNNNNNNNNNNNNNNNNNNNNNNNNNNNNNNNNNNNNNN
bovine-CoV,NNNNNNNNNNNNNNNNNNNNNNNNNNNNNNNNNNNNNNNNNNNNNNNNNNNNNNNNNNNNNNNNNNNNNNNNNNNNNNNNNNNNNNNNNNNNNNNNNNNNNNNNNNNNNNNNNNNNNNNNNNNNNNNNNNNNNNNNNNNNNNNNNNNNNNNNNNNNNNNNNNNNNNNNNNNNNNNNNNNNNNNNNN
bovine-CoV,NNNNNNNNNNNNNNNNNNNNNNNNNNNNNNNNNNNNNNNNNNNNNNNNNNNNNNNNNNNNNNNNNNNNNNNNNNNNNNNNNNNNNNNNNNNNNNNNNNNNNNNNNNNNNNNNNNNNNNNNNNNNNNNNNNNNNNNNNNNNNNNNNNNNNNNNNNNNNNNNNNNNNNNNNNNNNNNNNNNNNNNNN
bovine-CoV,NNNNNNNNNNNNNNNNNNNNNNNNNNNNNNNNNNNNNNNNNNNNNNNNNNNNNNNNNNNNNNNNNNNNNNNNNNNNNNNNNNNNNNNNNNNNNNNNNNNNNNNNNNNNNNNNNNNNNNNNNNNNNNNNNNNNNNNNNNNNNNNNNNNNNNNNNNNNNNNNNNNNNNNNNNNNNNNNNNNNNNNN
bovine-CoV,NNNNNNNNNNNNNNNNNNNNNNNNNNNNNNNNNNNNNNNNNNNNNNNNNNNNNNNNNNNNNNNNNNNNNNNNNNNNNNNNNNNNNNNNNNNNNNNNNNNNNNNNNNNNNNNNNNNNNNNNNNNNNNNNNNNNNNNNNNNNNNNNNNNNNNNNNNNNNNNNNNNNNNNNNNNNNNNNNNNNNNN
bovine-CoV,NNNNNNNNNNNNNNNNNNNNNNNNNNNNNNNNNNNNNNNNNNNNNNNNNNNNNNNNNNNNNNNNNNNNNNNNNNNNNNNNNNNNNNNNNNNNNNNNNNNNNNNNNNNNNNNNNNNNNNNNNNNNNNNNNNNNNNNNNNNNNNNNNNNNNNNNNNNNNNNNNNNNNNNNNNNNNNNNNNNNNN
bovine-CoV,NNNNNNNNNNNNNNNNNNNNNNNNNNNNNNNNNNNNNNNNNNNNNNNNNNNNNNNNNNNNNNNNNNNNNNNNNNNNNNNNNNNNNNNNNNNNNNNNNNNNNNNNNNNNNNNNNNNNNNNNNNNNNNNNNNNNNNNNNNNNNNNNNNNNNNNNNNNNNNNNNNNNNNNNNNNNNNNNNNNNN
bovine-CoV,NNNNNNNNNNNNNNNNNNNNNNNNNNNNNNNNNNNNNNNNNNNNNNNNNNNNNNNNNNNNNNNNNNNNNNNNNNNNNNNNNNNNNNNNNNNNNNNNNNNNNNNNNNNNNNNNNNNNNNNNNNNNNNNNNNNNNNNNNNNNNNNNNNNNNNNNNNNNNNNNNNNNNNNNNNNNNNNNNNNN
bovine-CoV,NNNNNNNNNNNNNNNNNNNNNNNNNNNNNNNNNNNNNNNNNNNNNNNNNNNNNNNNNNNNNNNNNNNNNNNNNNNNNNNNNNNNNNNNNNNNNNNNNNNNNNNNNNNNNNNNNNNNNNNNNNNNNNNNNNNNNNNNNNNNNNNNNNNNNNNNNNNNNNNNNNNNNNNNNNNNNNNNNNN
bovine-CoV,NNNNNNNNNNNNNNNNNNNNNNNNNNNNNNNNNNNNNNNNNNNNNNNNNNNNNNNNNNNNNNNNNNNNNNNNNNNNNNNNNNNNNNNNNNNNNNNNNNNNNNNNNNNNNNNNNNNNNNNNNNNNNNNNNNNNNNNNNNNNNNNNNNNNNNNNNNNNNNNNNNNNNNNNNNNNNNNNNN
bovine-CoV,NNNNNNNNNNNNNNNNNNNNNNNNNNNNNNNNNNNNNNNNNNNNNNNNNNNNNNNNNNNNNNNNNNNNNNNNNNNNNNNNNNNNNNNNNNNNNNNNNNNNNNNNNNNNNNNNNNNNNNNNNNNNNNNNNNNNNNNNNNNNNNNNNNNNNNNNNNNNNNNNNNNNNNNNNNNNNNNNN
bovine-CoV,NNNNNNNNNNNNNNNNNNNNNNNNNNNNNNNNNNNNNNNNNNNNNNNNNNNNNNNNNNNNNNNNNNNNNNNNNNNNNNNNNNNNNNNNNNNNNNNNNNNNNNNNNNNNNNNNNNNNNNNNNNNNNNNNNNNNNNNNNNNNNNNNNNNNNNNNNNNNNNNNNNNNNNNNNNNNNNNN
bovine-CoV,NNNNNNNNNNNNNNNNNNNNNNNNNNNNNNNNNNNNNNNNNNNNNNNNNNNNNNNNNNNNNNNNNNNNNNNNNNNNNNNNNNNNNNNNNNNNNNNNNNNNNNNNNNNNNNNNNNNNNNNNNNNNNNNNNNNNNNNNNNNNNNNNNNNNNNNNNNNNNNNNNNNNNNNNNNNNNNN
bovine-CoV,NNNNNNNNNNNNNNNNNNNNNNNNNNNNNNNNNNNNNNNNNNNNNNNNNNNNNNNNNNNNNNNNNNNNNNNNNNNNNNNNNNNNNNNNNNNNNNNNNNNNNNNNNNNNNNNNNNNNNNNNNNNNNNNNNNNNNNNNNNNNNNNNNNNNNNNNNNNNNNNNNNNNNNNNNNNNNN
bovine-CoV,NNNNNNNNNNNNNNNNNNNNNNNNNNNNNNNNNNNNNNNNNNNNNNNNNNNNNNNNNNNNNNNNNNNNNNNNNNNNNNNNNNNNNNNNNNNNNNNNNNNNNNNNNNNNNNNNNNNNNNNNNNNNNNNNNNNNNNNNNNNNNNNNNNNNNNNNNNNNNNNNNNNNNNNNNNNNN
bovine-CoV,NNNNNNNNNNNNNNNNNNNNNNNNNNNNNNNNNNNNNNNNNNNNNNNNNNNNNNNNNNNNNNNNNNNNNNNNNNNNNNNNNNNNNNNNNNNNNNNNNNNNNNNNNNNNNNNNNNNNNNNNNNNNNNNNNNNNNNNNNNNNNNNNNNNNNNNNNNNNNNNNNNNNNNNNNNNN
bovine-CoV,NNNNNNNNNNNNNNNNNNNNNNNNNNNNNNNNNNNNNNNNNNNNNNNNNNNNNNNNNNNNNNNNNNNNNNNNNNNNNNNNNNNNNNNNNNNNNNNNNNNNNNNNNNNNNNNNNNNNNNNNNNNNNNNNNNNNNNNNNNNNNNNNNNNNNNNNNNNNNNNNNNNNNNNNNNN
bovine-CoV,NNNNNNNNNNNNNNNNNNNNNNNNNNNNNNNNNNNNNNNNNNNNNNNNNNNNNNNNNNNNNNNNNNNNNNNNNNNNNNNNNNNNNNNNNNNNNNNNNNNNNNNNNNNNNNNNNNNNNNNNNNNNNNNNNNNNNNNNNNNNNNNNNNNNNNNNNNNNNNNNNNNNNNNNNN
bovine-CoV,NNNNNNNNNNNNNNNNNNNNNNNNNNNNNNNNNNNNNNNNNNNNNNNNNNNNNNNNNNNNNNNNNNNNNNNNNNNNNNNNNNNNNNNNNNNNNNNNNNNNNNNNNNNNNNNNNNNNNNNNNNNNNNNNNNNNNNNNNNNNNNNNNNNNNNNNNNNNNNNNNNNNNNNNN
bovine-CoV,NNNNNNNNNNNNNNNNNNNNNNNNNNNNNNNNNNNNNNNNNNNNNNNNNNNNNNNNNNNNNNNNNNNNNNNNNNNNNNNNNNNNNNNNNNNNNNNNNNNNNNNNNNNNNNNNNNNNNNNNNNNNNNNNNNNNNNNNNNNNNNNNNNNNNNNNNNNNNNNNNNNNNNNN
bovine-CoV,NNNNNNNNNNNNNNNNNNNNNNNNNNNNNNNNNNNNNNNNNNNNNNNNNNNNNNNNNNNNNNNNNNNNNNNNNNNNNNNNNNNNNNNNNNNNNNNNNNNNNNNNNNNNNNNNNNNNNNNNNNNNNNNNNNNNNNNNNNNNNNNNNNNNNNNNNNNNNNNNNNNNNNN
bovine-CoV,NNNNNNNNNNNNNNNNNNNNNNNNNNNNNNNNNNNNNNNNNNNNNNNNNNNNNNNNNNNNNNNNNNNNNNNNNNNNNNNNNNNNNNNNNNNNNNNNNNNNNNNNNNNNNNNNNNNNNNNNNNNNNNNNNNNNNNNNNNNNNNNNNNNNNNNNNNNNNNNNNNNNNN
bovine-CoV,NNNNNNNNNNNNNNNNNNNNNNNNNNNNNNNNNNNNNNNNNNNNNNNNNNNNNNNNNNNNNNNNNNNNNNNNNNNNNNNNNNNNNNNNNNNNNNNNNNNNNNNNNNNNNNNNNNNNNNNNNNNNNNNNNNNNNNNNNNNNNNNNNNNNNNNNNNNNNNNNNNNNN
bovine-CoV,NNNNNNNNNNNNNNNNNNNNNNNNNNNNNNNNNNNNNNNNNNNNNNNNNNNNNNNNNNNNNNNNNNNNNNNNNNNNNNNNNNNNNNNNNNNNNNNNNNNNNNNNNNNNNNNNNNNNNNNNNNNNNNNNNNNNNNNNNNNNNNNNNNNNNNNNNNNNNNNNNNNN
bovine-CoV,NNNNNNNNNNNNNNNNNNNNNNNNNNNNNNNNNNNNNNNNNNNNNNNNNNNNNNNNNNNNNNNNNNNNNNNNNNNNNNNNNNNNNNNNNNNNNNNNNNNNNNNNNNNNNNNNNNNNNNNNNNNNNNNNNNNNNNNNNNNNNNNNNNNNNNNNNNNNNNNNNNN
bovine-CoV,NNNNNNNNNNNNNNNNNNNNNNNNNNNNNNNNNNNNNNNNNNNNNNNNNNNNNNNNNNNNNNNNNNNNNNNNNNNNNNNNNNNNNNNNNNNNNNNNNNNNNNNNNNNNNNNNNNNNNNNNNNNNNNNNNNNNNNNNNNNNNNNNNNNNNNNNNNNNNNNNNN
bovine-CoV,NNNNNNNNNNNNNNNNNNNNNNNNNNNNNNNNNNNNNNNNNNNNNNNNNNNNNNNNNNNNNNNNNNNNNNNNNNNNNNNNNNNNNNNNNNNNNNNNNNNNNNNNNNNNNNNNNNNNNNNNNNNNNNNNNNNNNNNNNNNNNNNNNNNNNNNNNNNNNNNNN
bovine-CoV,NNNNNNNNNNNNNNNNNNNNNNNNNNNNNNNNNNNNNNNNNNNNNNNNNNNNNNNNNNNNNNNNNNNNNNNNNNNNNNNNNNNNNNNNNNNNNNNNNNNNNNNNNNNNNNNNNNNNNNNNNNNNNNNNNNNNNNNNNNNNNNNNNNNNNNNNNNNNNNNN
bovine-CoV,NNNNNNNNNNNNNNNNNNNNNNNNNNNNNNNNNNNNNNNNNNNNNNNNNNNNNNNNNNNNNNNNNNNNNNNNNNNNNNNNNNNNNNNNNNNNNNNNNNNNNNNNNNNNNNNNNNNNNNNNNNNNNNNNNNNNNNNNNNNNNNNNNNNNNNNNNNNNNNN
bovine-CoV,NNNNNNNNNNNNNNNNNNNNNNNNNNNNNNNNNNNNNNNNNNNNNNNNNNNNNNNNNNNNNNNNNNNNNNNNNNNNNNNNNNNNNNNNNNNNNNNNNNNNNNNNNNNNNNNNNNNNNNNNNNNNNNNNNNNNNNNNNNNNNNNNNNNNNNNNNNNNNN
bovine-CoV,NNNNNNNNNNNNNNNNNNNNNNNNNNNNNNNNNNNNNNNNNNNNNNNNNNNNNNNNNNNNNNNNNNNNNNNNNNNNNNNNNNNNNNNNNNNNNNNNNNNNNNNNNNNNNNNNNNNNNNNNNNNNNNNNNNNNNNNNNNNNNNNNNNNNNNNNNNNNN
bovine-CoV,NNNNNNNNNNNNNNNNNNNNNNNNNNNNNNNNNNNNNNNNNNNNNNNNNNNNNNNNNNNNNNNNNNNNNNNNNNNNNNNNNNNNNNNNNNNNNNNNNNNNNNNNNNNNNNNNNNNNNNNNNNNNNNNNNNNNNNNNNNNNNNNNNNNNNNNNNNNN
bovine-CoV,NNNNNNNNNNNNNNNNNNNNNNNNNNNNNNNNNNNNNNNNNNNNNNNNNNNNNNNNNNNNNNNNNNNNNNNNNNNNNNNNNNNNNNNNNNNNNNNNNNNNNNNNNNNNNNNNNNNNNNNNNNNNNNNNNNNNNNNNNNNNNNNNNNNNNNNNNNN
bovine-CoV,NNNNNNNNNNNNNNNNNNNNNNNNNNNNNNNNNNNNNNNNNNNNNNNNNNNNNNNNNNNNNNNNNNNNNNNNNNNNNNNNNNNNNNNNNNNNNNNNNNNNNNNNNNNNNNNNNNNNNNNNNNNNNNNNNNNNNNNNNNNNNNNNNNNNNNNNNN
bovine-CoV,NNNNNNNNNNNNNNNNNNNNNNNNNNNNNNNNNNNNNNNNNNNNNNNNNNNNNNNNNNNNNNNNNNNNNNNNNNNNNNNNNNNNNNNNNNNNNNNNNNNNNNNNNNNNNNNNNNNNNNNNNNNNNNNNNNNNNNNNNNNNNNNNNNNNNNNNN
bovine-CoV,NNNNNNNNNNNNNNNNNNNNNNNNNNNNNNNNNNNNNNNNNNNNNNNNNNNNNNNNNNNNNNNNNNNNNNNNNNNNNNNNNNNNNNNNNNNNNNNNNNNNNNNNNNNNNNNNNNNNNNNNNNNNNNNNNNNNNNNNNNNNNNNNNNNNNNNN
bovine-CoV,NNNNNNNNNNNNNNNNNNNNNNNNNNNNNNNNNNNNNNNNNNNNNNNNNNNNNNNNNNNNNNNNNNNNNNNNNNNNNNNNNNNNNNNNNNNNNNNNNNNNNNNNNNNNNNNNNNNNNNNNNNNNNNNNNNNNNNNNNNNNNNNNNNNNNNN
bovine-CoV,NNNNNNNNNNNNNNNNNNNNNNNNNNNNNNNNNNNNNNNNNNNNNNNNNNNNNNNNNNNNNNNNNNNNNNNNNNNNNNNNNNNNNNNNNNNNNNNNNNNNNNNNNNNNNNNNNNNNNNNNNNNNNNNNNNNNNNNNNNNNNNNNNNNNNN
bovine-CoV,NNNNNNNNNNNNNNNNNNNNNNNNNNNNNNNNNNNNNNNNNNNNNNNNNNNNNNNNNNNNNNNNNNNNNNNNNNNNNNNNNNNNNNNNNNNNNNNNNNNNNNNNNNNNNNNNNNNNNNNNNNNNNNNNNNNNNNNNNNNNNNNNNNNNN
bovine-CoV,NNNNNNNNNNNNNNNNNNNNNNNNNNNNNNNNNNNNNNNNNNNNNNNNNNNNNNNNNNNNNNNNNNNNNNNNNNNNNNNNNNNNNNNNNNNNNNNNNNNNNNNNNNNNNNNNNNNNNNNNNNNNNNNNNNNNNNNNNNNNNNNNNNNN
bovine-CoV,NNNNNNNNNNNNNNNNNNNNNNNNNNNNNNNNNNNNNNNNNNNNNNNNNNNNNNNNNNNNNNNNNNNNNNNNNNNNNNNNNNNNNNNNNNNNNNNNNNNNNNNNNNNNNNNNNNNNNNNNNNNNNNNNNNNNNNNNNNNNNNNNNNN
bovine-CoV,NNNNNNNNNNNNNNNNNNNNNNNNNNNNNNNNNNNNNNNNNNNNNNNNNNNNNNNNNNNNNNNNNNNNNNNNNNNNNNNNNNNNNNNNNNNNNNNNNNNNNNNNNNNNNNNNNNNNNNNNNNNNNNNNNNNNNNNNNNNNNNNNNN
bovine-CoV,NNNNNNNNNNNNNNNNNNNNNNNNNNNNNNNNNNNNNNNNNNNNNNNNNNNNNNNNNNNNNNNNNNNNNNNNNNNNNNNNNNNNNNNNNNNNNNNNNNNNNNNNNNNNNNNNNNNNNNNNNNNNNNNNNNNNNNNNNNNNNNNNN
bovine-CoV,NNNNNNNNNNNNNNNNNNNNNNNNNNNNNNNNNNNNNNNNNNNNNNNNNNNNNNNNNNNNNNNNNNNNNNNNNNNNNNNNNNNNNNNNNNNNNNNNNNNNNNNNNNNNNNNNNNNNNNNNNNNNNNNNNNNNNNNNNNNNNNNN
bovine-CoV,NNNNNNNNNNNNNNNNNNNNNNNNNNNNNNNNNNNNNNNNNNNNNNNNNNNNNNNNNNNNNNNNNNNNNNNNNNNNNNNNNNNNNNNNNNNNNNNNNNNNNNNNNNNNNNNNNNNNNNNNNNNNNNNNNNNNNNNNNNNNNNN
bovine-CoV,NNNNNNNNNNNNNNNNNNNNNNNNNNNNNNNNNNNNNNNNNNNNNNNNNNNNNNNNNNNNNNNNNNNNNNNNNNNNNNNNNNNNNNNNNNNNNNNNNNNNNNNNNNNNNNNNNNNNNNNNNNNNNNNNNNNNNNNNNNNNNN
bovine-CoV,NNNNNNNNNNNNNNNNNNNNNNNNNNNNNNNNNNNNNNNNNNNNNNNNNNNNNNNNNNNNNNNNNNNNNNNNNNNNNNNNNNNNNNNNNNNNNNNNNNNNNNNNNNNNNNNNNNNNNNNNNNNNNNNNNNNNNNNNNNNNN
bovine-CoV,NNNNNNNNNNNNNNNNNNNNNNNNNNNNNNNNNNNNNNNNNNNNNNNNNNNNNNNNNNNNNNNNNNNNNNNNNNNNNNNNNNNNNNNNNNNNNNNNNNNNNNNNNNNNNNNNNNNNNNNNNNNNNNNNNNNNNNNNNNNN
bovine-CoV,NNNNNNNNNNNNNNNNNNNNNNNNNNNNNNNNNNNNNNNNNNNNNNNNNNNNNNNNNNNNNNNNNNNNNNNNNNNNNNNNNNNNNNNNNNNNNNNNNNNNNNNNNNNNNNNNNNNNNNNNNNNNNNNNNNNNNNNNNNN
bovine-CoV,NNNNNNNNNNNNNNNNNNNNNNNNNNNNNNNNNNNNNNNNNNNNNNNNNNNNNNNNNNNNNNNNNNNNNNNNNNNNNNNNNNNNNNNNNNNNNNNNNNNNNNNNNNNNNNNNNNNNNNNNNNNNNNNNNNNNNNNNNN
bovine-CoV,NNNNNNNNNNNNNNNNNNNNNNNNNNNNNNNNNNNNNNNNNNNNNNNNNNNNNNNNNNNNNNNNNNNNNNNNNNNNNNNNNNNNNNNNNNNNNNNNNNNNNNNNNNNNNNNNNNNNNNNNNNNNNNNNNNNNNNNNN
bovine-CoV,NNNNNNNNNNNNNNNNNNNNNNNNNNNNNNNNNNNNNNNNNNNNNNNNNNNNNNNNNNNNNNNNNNNNNNNNNNNNNNNNNNNNNNNNNNNNNNNNNNNNNNNNNNNNNNNNNNNNNNNNNNNNNNNNNNNNNNNN
bovine-CoV,NNNNNNNNNNNNNNNNNNNNNNNNNNNNNNNNNNNNNNNNNNNNNNNNNNNNNNNNNNNNNNNNNNNNNNNNNNNNNNNNNNNNNNNNNNNNNNNNNNNNNNNNNNNNNNNNNNNNNNNNNNNNNNNNNNNNNNN
bovine-CoV,NNNNNNNNNNNNNNNNNNNNNNNNNNNNNNNNNNNNNNNNNNNNNNNNNNNNNNNNNNNNNNNNNNNNNNNNNNNNNNNNNNNNNNNNNNNNNNNNNNNNNNNNNNNNNNNNNNNNNNNNNNNNNNNNNNNNNN
bovine-CoV,NNNNNNNNNNNNNNNNNNNNNNNNNNNNNNNNNNNNNNNNNNNNNNNNNNNNNNNNNNNNNNNNNNNNNNNNNNNNNNNNNNNNNNNNNNNNNNNNNNNNNNNNNNNNNNNNNNNNNNNNNNNNNNNNNNNNN
bovine-CoV,NNNNNNNNNNNNNNNNNNNNNNNNNNNNNNNNNNNNNNNNNNNNNNNNNNNNNNNNNNNNNNNNNNNNNNNNNNNNNNNNNNNNNNNNNNNNNNNNNNNNNNNNNNNNNNNNNNNNNNNNNNNNNNNNNNNN
bovine-CoV,NNNNNNNNNNNNNNNNNNNNNNNNNNNNNNNNNNNNNNNNNNNNNNNNNNNNNNNNNNNNNNNNNNNNNNNNNNNNNNNNNNNNNNNNNNNNNNNNNNNNNNNNNNNNNNNNNNNNNNNNNNNNNNNNNNN
bovine-CoV,NNNNNNNNNNNNNNNNNNNNNNNNNNNNNNNNNNNNNNNNNNNNNNNNNNNNNNNNNNNNNNNNNNNNNNNNNNNNNNNNNNNNNNNNNNNNNNNNNNNNNNNNNNNNNNNNNNNNNNNNNNNNNNNNNN
bovine-CoV,NNNNNNNNNNNNNNNNNNNNNNNNNNNNNNNNNNNNNNNNNNNNNNNNNNNNNNNNNNNNNNNNNNNNNNNNNNNNNNNNNNNNNNNNNNNNNNNNNNNNNNNNNNNNNNNNNNNNNNNNNNNNNNNNN
bovine-CoV,NNNNNNNNNNNNNNNNNNNNNNNNNNNNNNNNNNNNNNNNNNNNNNNNNNNNNNNNNNNNNNNNNNNNNNNNNNNNNNNNNNNNNNNNNNNNNNNNNNNNNNNNNNNNNNNNNNNNNNNNNNNNNNNN
bovine-CoV,NNNNNNNNNNNNNNNNNNNNNNNNNNNNNNNNNNNNNNNNNNNNNNNNNNNNNNNNNNNNNNNNNNNNNNNNNNNNNNNNNNNNNNNNNNNNNNNNNNNNNNNNNNNNNNNNNNNNNNNNNNNNNNN
bovine-CoV,NNNNNNNNNNNNNNNNNNNNNNNNNNNNNNNNNNNNNNNNNNNNNNNNNNNNNNNNNNNNNNNNNNNNNNNNNNNNNNNNNNNNNNNNNNNNNNNNNNNNNNNNNNNNNNNNNNNNNNNNNNNNNN
bovine-CoV,NNNNNNNNNNNNNNNNNNNNNNNNNNNNNNNNNNNNNNNNNNNNNNNNNNNNNNNNNNNNNNNNNNNNNNNNNNNNNNNNNNNNNNNNNNNNNNNNNNNNNNNNNNNNNNNNNNNNNNNNNNNNN
bovine-CoV,NNNNNNNNNNNNNNNNNNNNNNNNNNNNNNNNNNNNNNNNNNNNNNNNNNNNNNNNNNNNNNNNNNNNNNNNNNNNNNNNNNNNNNNNNNNNNNNNNNNNNNNNNNNNNNNNNNNNNNNNNNNN
bovine-CoV,NNNNNNNNNNNNNNNNNNNNNNNNNNNNNNNNNNNNNNNNNNNNNNNNNNNNNNNNNNNNNNNNNNNNNNNNNNNNNNNNNNNNNNNNNNNNNNNNNNNNNNNNNNNNNNNNNNNNNNNNNNN
bovine-CoV,NNNNNNNNNNNNNNNNNNNNNNNNNNNNNNNNNNNNNNNNNNNNNNNNNNNNNNNNNNNNNNNNNNNNNNNNNNNNNNNNNNNNNNNNNNNNNNNNNNNNNNNNNNNNNNNNNNNNNNNNNN
bovine-CoV,NNNNNNNNNNNNNNNNNNNNNNNNNNNNNNNNNNNNNNNNNNNNNNNNNNNNNNNNNNNNNNNNNNNNNNNNNNNNNNNNNNNNNNNNNNNNNNNNNNNNNNNNNNNNNNNNNNNNNNNNN
bovine-CoV,NNNNNNNNNNNNNNNNNNNNNNNNNNNNNNNNNNNNNNNNNNNNNNNNNNNNNNNNNNNNNNNNNNNNNNNNNNNNNNNNNNNNNNNNNNNNNNNNNNNNNNNNNNNNNNNNNNNNNNNN
bovine-CoV,NNNNNNNNNNNNNNNNNNNNNNNNNNNNNNNNNNNNNNNNNNNNNNNNNNNNNNNNNNNNNNNNNNNNNNNNNNNNNNNNNNNNNNNNNNNNNNNNNNNNNNNNNNNNNNNNNNNNNNN
bovine-CoV,NNNNNNNNNNNNNNNNNNNNNNNNNNNNNNNNNNNNNNNNNNNNNNNNNNNNNNNNNNNNNNNNNNNNNNNNNNNNNNNNNNNNNNNNNNNNNNNNNNNNNNNNNNNNNNNNNNNNNN
bovine-CoV,NNNNNNNNNNNNNNNNNNNNNNNNNNNNNNNNNNNNNNNNNNNNNNNNNNNNNNNNNNNNNNNNNNNNNNNNNNNNNNNNNNNNNNNNNNNNNNNNNNNNNNNNNNNNNNNNNNNNN
bovine-CoV,NNNNNNNNNNNNNNNNNNNNNNNNNNNNNNNNNNNNNNNNNNNNNNNNNNNNNNNNNNNNNNNNNNNNNNNNNNNNNNNNNNNNNNNNNNNNNNNNNNNNNNNNNNNNNNNNNNNN
bovine-CoV,NNNNNNNNNNNNNNNNNNNNNNNNNNNNNNNNNNNNNNNNNNNNNNNNNNNNNNNNNNNNNNNNNNNNNNNNNNNNNNNNNNNNNNNNNNNNNNNNNNNNNNNNNNNNNNNNNNN
bovine-CoV,NNNNNNNNNNNNNNNNNNNNNNNNNNNNNNNNNNNNNNNNNNNNNNNNNNNNNNNNNNNNNNNNNNNNNNNNNNNNNNNNNNNNNNNNNNNNNNNNNNNNNNNNNNNNNNNNNN
bovine-CoV,NNNNNNNNNNNNNNNNNNNNNNNNNNNNNNNNNNNNNNNNNNNNNNNNNNNNNNNNNNNNNNNNNNNNNNNNNNNNNNNNNNNNNNNNNNNNNNNNNNNNNNNNNNNNNNNNN
bovine-CoV,NNNNNNNNNNNNNNNNNNNNNNNNNNNNNNNNNNNNNNNNNNNNNNNNNNNNNNNNNNNNNNNNNNNNNNNNNNNNNNNNNNNNNNNNNNNNNNNNNNNNNNNNNNNNNNNN
bovine-CoV,NNNNNNNNNNNNNNNNNNNNNNNNNNNNNNNNNNNNNNNNNNNNNNNNNNNNNNNNNNNNNNNNNNNNNNNNNNNNNNNNNNNNNNNNNNNNNNNNNNNNNNNNNNNNNNN
bovine-CoV,NNNNNNNNNNNNNNNNNNNNNNNNNNNNNNNNNNNNNNNNNNNNNNNNNNNNNNNNNNNNNNNNNNNNNNNNNNNNNNNNNNNNNNNNNNNNNNNNNNNNNNNNNNNNNN
bovine-CoV,NNNNNNNNNNNNNNNNNNNNNNNNNNNNNNNNNNNNNNNNNNNNNNNNNNNNNNNNNNNNNNNNNNNNNNNNNNNNNNNNNNNNNNNNNNNNNNNNNNNNNNNNNNNNN
bovine-CoV,NNNNNNNNNNNNNNNNNNNNNNNNNNNNNNNNNNNNNNNNNNNNNNNNNNNNNNNNNNNNNNNNNNNNNNNNNNNNNNNNNNNNNNNNNNNNNNNNNNNNNNNNNNNN
bovine-CoV,NNNNNNNNNNNNNNNNNNNNNNNNNNNNNNNNNNNNNNNNNNNNNNNNNNNNNNNNNNNNNNNNNNNNNNNNNNNNNNNNNNNNNNNNNNNNNNNNNNNNNNNNNNN
bovine-CoV,NNNNNNNNNNNNNNNNNNNNNNNNNNNNNNNNNNNNNNNNNNNNNNNNNNNNNNNNNNNNNNNNNNNNNNNNNNNNNNNNNNNNNNNNNNNNNNNNNNNNNNNNNN
bovine-CoV,NNNNNNNNNNNNNNNNNNNNNNNNNNNNNNNNNNNNNNNNNNNNNNNNNNNNNNNNNNNNNNNNNNNNNNNNNNNNNNNNNNNNNNNNNNNNNNNNNNNNNNNNN
bovine-CoV,NNNNNNNNNNNNNNNNNNNNNNNNNNNNNNNNNNNNNNNNNNNNNNNNNNNNNNNNNNNNNNNNNNNNNNNNNNNNNNNNNNNNNNNNNNNNNNNNNNNNNNNN
bovine-CoV,NNNNNNNNNNNNNNNNNNNNNNNNNNNNNNNNNNNNNNNNNNNNNNNNNNNNNNNNNNNNNNNNNNNNNNNNNNNNNNNNNNNNNNNNNNNNNNNNNNNNNNN
bovine-CoV,NNNNNNNNNNNNNNNNNNNNNNNNNNNNNNNNNNNNNNNNNNNNNNNNNNNNNNNNNNNNNNNNNNNNNNNNNNNNNNNNNNNNNNNNNNNNNNNNNNNNNN
bovine-CoV,NNNNNNNNNNNNNNNNNNNNNNNNNNNNNNNNNNNNNNNNNNNNNNNNNNNNNNNNNNNNNNNNNNNNNNNNNNNNNNNNNNNNNNNNNNNNNNNNNNNNN
bovine-CoV,NNNNNNNNNNNNNNNNNNNNNNNNNNNNNNNNNNNNNNNNNNNNNNNNNNNNNNNNNNNNNNNNNNNNNNNNNNNNNNNNNNNNNNNNNNNNNNNNNNNN
bovine-CoV,NNNNNNNNNNNNNNNNNNNNNNNNNNNNNNNNNNNNNNNNNNNNNNNNNNNNNNNNNNNNNNNNNNNNNNNNNNNNNNNNNNNNNNNNNNNNNNNNNNN
bovine-CoV,NNNNNNNNNNNNNNNNNNNNNNNNNNNNNNNNNNNNNNNNNNNNNNNNNNNNNNNNNNNNNNNNNNNNNNNNNNNNNNNNNNNNNNNNNNNNNNNNNN
bovine-CoV,NNNNNNNNNNNNNNNNNNNNNNNNNNNNNNNNNNNNNNNNNNNNNNNNNNNNNNNNNNNNNNNNNNNNNNNNNNNNNNNNNNNNNNNNNNNNNNNNN
bovine-CoV,NNNNNNNNNNNNNNNNNNNNNNNNNNNNNNNNNNNNNNNNNNNNNNNNNNNNNNNNNNNNNNNNNNNNNNNNNNNNNNNNNNNNNNNNNNNNNNNN
bovine-CoV,NNNNNNNNNNNNNNNNNNNNNNNNNNNNNNNNNNNNNNNNNNNNNNNNNNNNNNNNNNNNNNNNNNNNNNNNNNNNNNNNNNNNNNNNNNNNNNN
bovine-CoV,NNNNNNNNNNNNNNNNNNNNNNNNNNNNNNNNNNNNNNNNNNNNNNNNNNNNNNNNNNNNNNNNNNNNNNNNNNNNNNNNNNNNNNNNNNNNNN
bovine-CoV,NNNNNNNNNNNNNNNNNNNNNNNNNNNNNNNNNNNNNNNNNNNNNNNNNNNNNNNNNNNNNNNNNNNNNNNNNNNNNNNNNNNNNNNNNNNNN
bovine-CoV,NNNNNNNNNNNNNNNNNNNNNNNNNNNNNNNNNNNNNNNNNNNNNNNNNNNNNNNNNNNNNNNNNNNNNNNNNNNNNNNNNNNNNNNNNNNN
bovine-CoV,NNNNNNNNNNNNNNNNNNNNNNNNNNNNNNNNNNNNNNNNNNNNNNNNNNNNNNNNNNNNNNNNNNNNNNNNNNNNNNNNNNNNNNNNNNN
bovine-CoV,NNNNNNNNNNNNNNNNNNNNNNNNNNNNNNNNNNNNNNNNNNNNNNNNNNNNNNNNNNNNNNNNNNNNNNNNNNNNNNNNNNNNNNNNNN
bovine-CoV,NNNNNNNNNNNNNNNNNNNNNNNNNNNNNNNNNNNNNNNNNNNNNNNNNNNNNNNNNNNNNNNNNNNNNNNNNNNNNNNNNNNNNNNNN
bovine-CoV,NNNNNNNNNNNNNNNNNNNNNNNNNNNNNNNNNNNNNNNNNNNNNNNNNNNNNNNNNNNNNNNNNNNNNNNNNNNNNNNNNNNNNNNN
bovine-CoV,NNNNNNNNNNNNNNNNNNNNNNNNNNNNNNNNNNNNNNNNNNNNNNNNNNNNNNNNNNNNNNNNNNNNNNNNNNNNNNNNNNNNNNN
bovine-CoV,NNNNNNNNNNNNNNNNNNNNNNNNNNNNNNNNNNNNNNNNNNNNNNNNNNNNNNNNNNNNNNNNNNNNNNNNNNNNNNNNNNNNNN
bovine-CoV,NNNNNNNNNNNNNNNNNNNNNNNNNNNNNNNNNNNNNNNNNNNNNNNNNNNNNNNNNNNNNNNNNNNNNNNNNNNNNNNNNNNNN
bovine-CoV,NNNNNNNNNNNNNNNNNNNNNNNNNNNNNNNNNNNNNNNNNNNNNNNNNNNNNNNNNNNNNNNNNNNNNNNNNNNNNNNNNNNN
bovine-CoV,NNNNNNNNNNNNNNNNNNNNNNNNNNNNNNNNNNNNNNNNNNNNNNNNNNNNNNNNNNNNNNNNNNNNNNNNNNNNNNNNNNN
bovine-CoV,NNNNNNNNNNNNNNNNNNNNNNNNNNNNNNNNNNNNNNNNNNNNNNNNNNNNNNNNNNNNNNNNNNNNNNNNNNNNNNNNNN
bovine-CoV,NNNNNNNNNNNNNNNNNNNNNNNNNNNNNNNNNNNNNNNNNNNNNNNNNNNNNNNNNNNNNNNNNNNNNNNNNNNNNNNNN
bovine-CoV,NNNNNNNNNNNNNNNNNNNNNNNNNNNNNNNNNNNNNNNNNNNNNNNNNNNNNNNNNNNNNNNNNNNNNNNNNNNNNNNN
bovine-CoV,NNNNNNNNNNNNNNNNNNNNNNNNNNNNNNNNNNNNNNNNNNNNNNNNNNNNNNNNNNNNNNNNNNNNNNNNNNNNNNN
bovine-CoV,NNNNNNNNNNNNNNNNNNNNNNNNNNNNNNNNNNNNNNNNNNNNNNNNNNNNNNNNNNNNNNNNNNNNNNNNNNNNNN
bovine-CoV,NNNNNNNNNNNNNNNNNNNNNNNNNNNNNNNNNNNNNNNNNNNNNNNNNNNNNNNNNNNNNNNNNNNNNNNNNNNNN
bovine-CoV,NNNNNNNNNNNNNNNNNNNNNNNNNNNNNNNNNNNNNNNNNNNNNNNNNNNNNNNNNNNNNNNNNNNNNNNNNNNN
bovine-CoV,NNNNNNNNNNNNNNNNNNNNNNNNNNNNNNNNNNNNNNNNNNNNNNNNNNNNNNNNNNNNNNNNNNNNNNNNNNN
bovine-CoV,NNNNNNNNNNNNNNNNNNNNNNNNNNNNNNNNNNNNNNNNNNNNNNNNNNNNNNNNNNNNNNNNNNNNNNNNNN
bovine-CoV,NNNNNNNNNNNNNNNNNNNNNNNNNNNNNNNNNNNNNNNNNNNNNNNNNNNNNNNNNNNNNNNNNNNNNNNNN
bovine-CoV,NNNNNNNNNNNNNNNNNNNNNNNNNNNNNNNNNNNNNNNNNNNNNNNNNNNNNNNNNNNNNNNNNNNNNNNN
bovine-CoV,NNNNNNNNNNNNNNNNNNNNNNNNNNNNNNNNNNNNNNNNNNNNNNNNNNNNNNNNNNNNNNNNNNNNNNN
bovine-CoV,NNNNNNNNNNNNNNNNNNNNNNNNNNNNNNNNNNNNNNNNNNNNNNNNNNNNNNNNNNNNNNNNNNNNNN
bovine-CoV,NNNNNNNNNNNNNNNNNNNNNNNNNNNNNNNNNNNNNNNNNNNNNNNNNNNNNNNNNNNNNNNNNNNNN
bovine-CoV,NNNNNNNNNNNNNNNNNNNNNNNNNNNNNNNNNNNNNNNNNNNNNNNNNNNNNNNNNNNNNNNNNNNN
bovine-CoV,NNNNNNNNNNNNNNNNNNNNNNNNNNNNNNNNNNNNNNNNNNNNNNNNNNNNNNNNNNNNNNNNNNN
bovine-CoV,NNNNNNNNNNNNNNNNNNNNNNNNNNNNNNNNNNNNNNNNNNNNNNNNNNNNNNNNNNNNNNNNNN
bovine-CoV,NNNNNNNNNNNNNNNNNNNNNNNNNNNNNNNNNNNNNNNNNNNNNNNNNNNNNNNNNNNNNNNNN
bovine-CoV,NNNNNNNNNNNNNNNNNNNNNNNNNNNNNNNNNNNNNNNNNNNNNNNNNNNNNNNNNNNNNNNN
bovine-CoV,NNNNNNNNNNNNNNNNNNNNNNNNNNNNNNNNNNNNNNNNNNNNNNNNNNNNNNNNNNNNNNN
bovine-CoV,NNNNNNNNNNNNNNNNNNNNNNNNNNNNNNNNNNNNNNNNNNNNNNNNNNNNNNNNNNNNNN
bovine-CoV,NNNNNNNNNNNNNNNNNNNNNNNNNNNNNNNNNNNNNNNNNNNNNNNNNNNNNNNNNNNNN
bovine-CoV,NNNNNNNNNNNNNNNNNNNNNNNNNNNNNNNNNNNNNNNNNNNNNNNNNNNNNNNNNNNN
bovine-CoV,NNNNNNNNNNNNNNNNNNNNNNNNNNNNNNNNNNNNNNNNNNNNNNNNNNNNNNNNNNN
bovine-CoV,NNNNNNNNNNNNNNNNNNNNNNNNNNNNNNNNNNNNNNNNNNNNNNNNNNNNNNNNNN
bovine-CoV,NNNNNNNNNNNNNNNNNNNNNNNNNNNNNNNNNNNNNNNNNNNNNNNNNNNNNNNNN
bovine-CoV,NNNNNNNNNNNNNNNNNNNNNNNNNNNNNNNNNNNNNNNNNNNNNNNNNNNNNNNN
bovine-CoV,NNNNNNNNNNNNNNNNNNNNNNNNNNNNNNNNNNNNNNNNNNNNNNNNNNNNNNN
bovine-CoV,NNNNNNNNNNNNNNNNNNNNNNNNNNNNNNNNNNNNNNNNNNNNNNNNNNNNNN
bovine-CoV,NNNNNNNNNNNNNNNNNNNNNNNNNNNNNNNNNNNNNNNNNNNNNNNNNNNNN
bovine-CoV,NNNNNNNNNNNNNNNNNNNNNNNNNNNNNNNNNNNNNNNNNNNNNNNNNNNN
bovine-CoV,NNNNNNNNNNNNNNNNNNNNNNNNNNNNNNNNNNNNNNNNNNNNNNNNNNN
bovine-CoV,NNNNNNNNNNNNNNNNNNNNNNNNNNNNNNNNNNNNNNNNNNNNNNNNNN
bovine-CoV,NNNNNNNNNNNNNNNNNNNNNNNNNNNNNNNNNNNNNNNNNNNNNNNNN
bovine-CoV,NNNNNNNNNNNNNNNNNNNNNNNNNNNNNNNNNNNNNNNNNNNNNNNN
bovine-CoV,NNNNNNNNNNNNNNNNNNNNNNNNNNNNNNNNNNNNNNNNNNNNNNN
bovine-CoV,NNNNNNNNNNNNNNNNNNNNNNNNNNNNNNNNNNNNNNNNNNNNNN
bovine-CoV,NNNNNNNNNNNNNNNNNNNNNNNNNNNNNNNNNNNNNNNNNNNNN
bovine-CoV,NNNNNNNNNNNNNNNNNNNNNNNNNNNNNNNNNNNNNNNNNNNN
bovine-CoV,NNNNNNNNNNNNNNNNNNNNNNNNNNNNNNNNNNNNNNNNNNN
bovine-CoV,NNNNNNNNNNNNNNNNNNNNNNNNNNNNNNNNNNNNNNNNNN
bovine-CoV,NNNNNNNNNNNNNNNNNNNNNNNNNNNNNNNNNNNNNNNNN
bovine-CoV,NNNNNNNNNNNNNNNNNNNNNNNNNNNNNNNNNNNNNNNN
bovine-CoV,NNNNNNNNNNNNNNNNNNNNNNNNNNNNNNNNNNNNNNN
bovine-CoV,NNNNNNNNNNNNNNNNNNNNNNNNNNNNNNNNNNNNNN
bovine-CoV,NNNNNNNNNNNNNNNNNNNNNNNNNNNNNNNNNNNNN
bovine-CoV,NNNNNNNNNNNNNNNNNNNNNNNNNNNNNNNNNNNN
bovine-CoV,NNNNNNNNNNNNNNNNNNNNNNNNNNNNNNNNNNN
bovine-CoV,NNNNNNNNNNNNNNNNNNNNNNNNNNNNNNNNNN
bovine-CoV,NNNNNNNNNNNNNNNNNNNNNNNNNNNNNNNNN
bovine-CoV,NNNNNNNNNNNNNNNNNNNNNNNNNNNNNNNN
bovine-CoV,NNNNNNNNNNNNNNNNNNNNNNNNNNNNNNN
bovine-CoV,NNNNNNNNNNNNNNNNNNNNNNNNNNNNNN
bovine-CoV,NNNNNNNNNNNNNNNNNNNNNNNNNNNNN
bovine-CoV,NNNNNNNNNNNNNNNNNNNNNNNNNNNN
bovine-CoV,NNNNNNNNNNNNNNNNNNNNNNNNNNN
bovine-CoV,NNNNNNNNNNNNNNNNNNNNNNNNNN
bovine-CoV,NNNNNNNNNNNNNNNNNNNNNNNNN
bovine-CoV,NNNNNNNNNNNNNNNNNNNNNNNN
bovine-CoV,NNNNNNNNNNNNNNNNNNNNNNN
bovine-CoV,NNNNNNNNNNNNNNNNNNNNNN
bovine-CoV,NNNNNNNNNNNNNNNNNNNNN
bovine-CoV,NNNNNNNNNNNNNNNNNNNN
bovine-CoV,NNNNNNNNNNNNNNNNNNN
bovine-CoV,NNNNNNNNNNNNNNNNNN
bovine-CoV,NNNNNNNNNNNNNNNNN
bovine-CoV,NNNNNNNNNNNNNNNN
bovine-CoV,NNNNNNNNNNNNNNN
bovine-CoV,NNNNNNNNNNNNNN
bovine-CoV,NNNNNNNNNNNNN
bovine-CoV,NNNNNNNNNNNN
bovine-CoV,NNNNNNNNNNN
bovine-CoV,NNNNNNNNNN
bovine-CoV,NNNNNNNNN
bovine-CoV,TAAATCAGA
bovine-CoV,TAACTATAGA
bovine-CoV,TAACTATAG
bovine-CoV,TAATGGTAT
bovine-CoV,TAGTTGGCA
bovine-CoV,TATTAATGG
bovine-CoV,TATTATAAT
bovine-CoV,TATTTAAAT
bovine-CoV,TATTTTTGCTAA
bovine-CoV,TCAGTAAAT
bovine-CoV,TGATTTTAT
bovine-CoV,TGCTGCTAA
bovine-CoV,TGTTACTAA
bovine-CoV,TTAACTATA
bovine-CoV,TTACTACCCT
bovine-CoV,TTACTATTGA
bovine-CoV,TTACTTGTA
bovine-CoV,TTATTATGT
bovine-CoV,TTCTGCTTT
bovine-CoV,TTGATGCTA
bovine-CoV,TTGCTGGTG
bovine-CoV,TTGTAATAA
bovine-CoV,TTGTTAATG
bovine-CoV,TTGTTTTAA
bovine-CoV,TTTACTATT
bovine-CoV,TTTCCAGCA
bovine-CoV,TTTTACAGA
bovine-CoV,TTACTAATGGT
bovine-CoV,AAAATCAAA
bovine-CoV,AAGATGGTGT
bovine-CoV,AATAATACT
bovine-CoV,AATGCTGAA
bovine-CoV,AATGCTGAT
bovine-CoV,AATGGTTTA
bovine-CoV,ACTATAGGTA
bovine-CoV,ACTGGTGTT
bovine-CoV,ACTGGTGTT
bovine-CoV,ACTTATTAT
bovine-CoV,ACTTGTAATA
bovine-CoV,AGATTTGGT
bovine-CoV,AGGTTAATG
bovine-CoV,AGTAAATGA
bovine-CoV,AGTGGTTATT
bovine-CoV,ATAACTATAG
bovine-CoV,ATAGGAGATTT
bovine-CoV,ATGATGTTG
bovine-CoV,ATGCTCTTG
bovine-CoV,ATGCTGTTG
bovine-CoV,ATGGTTTAAA
bovine-CoV,ATTTTATTT
bovine-CoV,CAGCAGCAG
bovine-CoV,CATGATGTT
bovine-CoV,CCTGCAGGT
bovine-CoV,CTAATGGTA
bovine-CoV,CTACCAATT
bovine-CoV,CTATGGTTT
bovine-CoV,CTGATTTTA
bovine-CoV,CTGGTATAG
bovine-CoV,CTGTTAATT
bovine-CoV,CTTTTAATT
bovine-CoV,GACACTGGTGTT
bovine-CoV,GACCTACAA
bovine-CoV,GACTTATTA
bovine-CoV,GCTCTTAAT
bovine-CoV,GGTAGTGGTTA
bovine-CoV,GGTAGTGGTT
bovine-CoV,GGTATTTTTG
bovine-CoV,GGTGTTGTT
bovine-CoV,GTAATATGG
bovine-CoV,GTAGGTAGTGGTT
bovine-CoV,GTGGTTGTT
bovine-CoV,TAACTATAGA
bovine-CoV,TAACTATAG
bovine-CoV,TAATATTGA
bovine-CoV,TAATGGTAATC
bovine-CoV,TAATGGTAT
bovine-CoV,TAGTTGGCA
bovine-CoV,TATTAATGGG
bovine-CoV,TATTATAAT
bovine-CoV,TATTTAAAT
bovine-CoV,TATTTTTGCTAA
bovine-CoV,TCCTTCTATT
bovine-CoV,TGCTGCTAA
bovine-CoV,TGGTTTGTAT
bovine-CoV,TGTAATATT
bovine-CoV,TGTTAATTAT
bovine-CoV,TGTTACTAA
bovine-CoV,TTAAAGATGG
bovine-CoV,TTAATGAATG
bovine-CoV,TTACTAATGGT
bovine-CoV,TTACTACCCT
bovine-CoV,TTACTATTGA
bovine-CoV,TTATTATGT
bovine-CoV,TTCTGCTTT
bovine-CoV,TTGAGGCTT
bovine-CoV,TTGCTGGTG
bovine-CoV,TTGGTGCTAT
bovine-CoV,TTGTTAATG
bovine-CoV,TTGTTTTAA
bovine-CoV,TTTACTAAT
bovine-CoV,TTTACTATT
bovine-CoV,TTTGTATTT
bovine-CoV,TTTTACAGA
bovine-CoV,AAAACCAAA
bovine-CoV,AAGATGGTGT
bovine-CoV,AATAATACT
bovine-CoV,AATGCTGAA
bovine-CoV,AATGCTGAT
bovine-CoV,AATGGTTTA
bovine-CoV,ACTATAGGTA
bovine-CoV,ACTGGTGTT
bovine-CoV,ACTGGTGTT
bovine-CoV,ACTTATTAT
bovine-CoV,ACTTGTAATA
bovine-CoV,AGGTTAATG
bovine-CoV,AGTAAATGA
bovine-CoV,AGTGGTTATT
bovine-CoV,AGTTTCTGT
bovine-CoV,ATAACTATAG
bovine-CoV,ATATGAGTA
bovine-CoV,ATGATGTTG
bovine-CoV,ATGCTCTTG
bovine-CoV,ATGCTGTTG
bovine-CoV,ATGGTTTAAA
bovine-CoV,ATTAATGGG
bovine-CoV,ATTTTATTT
bovine-CoV,ATTTTTGCTAA
bovine-CoV,CAGCAGCAG
bovine-CoV,CATGATGTT
bovine-CoV,CATTCTTGG
bovine-CoV,CCTGCAGGT
bovine-CoV,CTAAAGTTA
bovine-CoV,CTATGGTTT
bovine-CoV,CTGATTTTA
bovine-CoV,CTGGTATAG
bovine-CoV,CTGTTAATT
bovine-CoV,GACACTGGTGTT
bovine-CoV,GACCTACAA
bovine-CoV,GACTTATTA
bovine-CoV,GCTCTTAAT
bovine-CoV,GGTAGTGGTTA
bovine-CoV,GTAATATGG
bovine-CoV,GTGTTGTCA
bovine-CoV,TAACTATAGA
bovine-CoV,TAACTATAG
bovine-CoV,TAATATTGA
bovine-CoV,TAATGGTAATC
bovine-CoV,TAGGAGATTT
bovine-CoV,TATTATAAT
bovine-CoV,TATTTAAAT
bovine-CoV,TCCTTCTATT
bovine-CoV,TGCTGTTGTA
bovine-CoV,TGGTATAGG
bovine-CoV,TGGTTATTAC
bovine-CoV,TGGTTTGTAT
bovine-CoV,TGTAATATT
bovine-CoV,TGTTAATTAT
bovine-CoV,TTAAAGATGG
bovine-CoV,TTAATGAATG
bovine-CoV,TTACTATTGA
bovine-CoV,TTAGTGCAG
bovine-CoV,TTATTATGT
bovine-CoV,TTCTGCTTT
bovine-CoV,TTGAGGCTT
bovine-CoV,TTGCTGGTG
bovine-CoV,TTGGTGCTAT
bovine-CoV,TTGTTAATG
bovine-CoV,TTGTTTTAA
bovine-CoV,TTTACTATT
bovine-CoV,TTTCTGTTT
bovine-CoV,TTTGTATTT
bovine-CoV,TTTTACAGA
bovine-CoV,TTTTGTTGAGG
bovine-CoV,AAAATCAAA
bovine-CoV,AATAATACT
bovine-CoV,AATGCTGAA
bovine-CoV,AATGCTGAT
bovine-CoV,AATGGTTTA
bovine-CoV,ACTATAGGTA
bovine-CoV,ACTGGTGTT
bovine-CoV,ACTGGTGTT
bovine-CoV,ACTTATTAT
bovine-CoV,ACTTGTAATA
bovine-CoV,AGGTTAATG
bovine-CoV,AGTAAATGA
bovine-CoV,AGTCAAAAT
bovine-CoV,AGTGGTTATT
bovine-CoV,ATAACTATAG
bovine-CoV,ATGATGTTG
bovine-CoV,ATGCTGTTG
bovine-CoV,ATGGTGTTA
bovine-CoV,ATGGTTTAAA
bovine-CoV,ATTTTATTT
bovine-CoV,ATTTTGATA
bovine-CoV,CACTGTTCAG
bovine-CoV,CAGCAGCAG
bovine-CoV,CCTGCAGGT
bovine-CoV,CGATTGTAATA
bovine-CoV,CGTGTAAAT
bovine-CoV,CTAATGGTA
bovine-CoV,CTATGGTTT
bovine-CoV,CTTTTAATT
bovine-CoV,CTTTTAATT
bovine-CoV,CTTTTAATT
bovine-CoV,GACACTGGTGTT
bovine-CoV,GACTTATTA
bovine-CoV,GATTTTACTA
bovine-CoV,GCTCTTAAT
bovine-CoV,GGTAGTGGTT
bovine-CoV,GGTATTTTTG
bovine-CoV,GGTGTTGTT
bovine-CoV,GTTATAATG
bovine-CoV,GTTTCTGTT
bovine-CoV,TAATGGTAATC
bovine-CoV,TAATGGTAT
bovine-CoV,TAATGTATA
bovine-CoV,TACAGGATG
bovine-CoV,TACTTTTGT
bovine-CoV,TATTAATGGG
bovine-CoV,TATTATAAT
bovine-CoV,TATTTAAAT
bovine-CoV,TATTTTTGCTAA
bovine-CoV,TGCTGCTAA
bovine-CoV,TGGTATAGA
bovine-CoV,TGGTTATTA
bovine-CoV,TGGTTTGTAT
bovine-CoV,TGTTAATTAT
bovine-CoV,TGTTACTAA
bovine-CoV,TTAATGAATG
bovine-CoV,TTAATTATA
bovine-CoV,TTACTAATGGT
bovine-CoV,TTACTATTGA
bovine-CoV,TTAGTGCAG
bovine-CoV,TTATGATGT
bovine-CoV,TTGCTGGTG
bovine-CoV,TTGTAATAG
bovine-CoV,TTGTTAATG
bovine-CoV,TTGTTCTACT
bovine-CoV,TTGTTTCCT
bovine-CoV,TTGTTTTAA
bovine-CoV,TTTAATAAT
bovine-CoV,TTTACTAAT
bovine-CoV,TTTACTATT
bovine-CoV,TTTAGGCAC
bovine-CoV,TTTGTATTT
bovine-CoV,TTTTACAGA
bovine-CoV,TTTTACTAT
bovine-CoV,AAAATCAAA
bovine-CoV,AAGATGGTGT
bovine-CoV,AATGCTGAA
bovine-CoV,AATGCTGAT
bovine-CoV,AATGGTTTA
bovine-CoV,ACTATAGGTA
bovine-CoV,ACTGGTGTT
bovine-CoV,ACTGGTGTT
bovine-CoV,ACTTATTAT
bovine-CoV,ACTTGTAATA
bovine-CoV,AGATTTGGT
bovine-CoV,AGGTTAATG
bovine-CoV,AGTAAAGTT
bovine-CoV,AGTAAATGA
bovine-CoV,AGTGGTTAC
bovine-CoV,AGTGGTTATT
bovine-CoV,ATAACTATAG
bovine-CoV,ATAGGAGATTT
bovine-CoV,ATGATGTTG
bovine-CoV,ATGCTCTTG
bovine-CoV,ATGCTGTTG
bovine-CoV,CAGCAGCAG
bovine-CoV,CATGATGTT
bovine-CoV,CCTGCAGGT
bovine-CoV,CGATTGCAATA
bovine-CoV,CTAATGGTA
bovine-CoV,CTATTAGCAC
bovine-CoV,CTGATTTTA
bovine-CoV,CTGTTAATT
bovine-CoV,CTTTTAATT
bovine-CoV,CTTTTAATT
bovine-CoV,CTTTTAATT
bovine-CoV,GACACTGGTGTT
bovine-CoV,GACCTACAA
bovine-CoV,GACTTATTA
bovine-CoV,GCTCTTAAT
bovine-CoV,GGTAGTGGTTA
bovine-CoV,GGTAGTGGTT
bovine-CoV,GGTGTTGTT
bovine-CoV,GGTTACACT
bovine-CoV,GTAATATGG
bovine-CoV,GTAGGTAGTGGTT
bovine-CoV,GTTTCTGTT
bovine-CoV,TAATGGTAATC
bovine-CoV,TAATGGTATT
bovine-CoV,TAATGGTAT
bovine-CoV,TAATGGTAT
bovine-CoV,TAGTTGGCA
bovine-CoV,TATTAATGG
bovine-CoV,TATTATAAT
bovine-CoV,TATTTAAAT
bovine-CoV,TATTTTTGCTAA
bovine-CoV,TGCTGCTAA
bovine-CoV,TGGCATAGG
bovine-CoV,TGGTTATTAC
bovine-CoV,TGGTTTAAA
bovine-CoV,TGGTTTGTAT
bovine-CoV,TGTTAATTAT
bovine-CoV,TGTTACTAA
bovine-CoV,TTAAAGATGG
bovine-CoV,TTAATGAATG
bovine-CoV,TTAATTATA
bovine-CoV,TTACTAATGGT
bovine-CoV,TTACTATTGA
bovine-CoV,TTAGTGCAG
bovine-CoV,TTATTATGT
bovine-CoV,TTCTGCTTT
bovine-CoV,TTGAGGCTT
bovine-CoV,TTGCTGGTG
bovine-CoV,TTGGGTAAT
bovine-CoV,TTGGTGCTAT
bovine-CoV,TTGTTAATG
bovine-CoV,TTGTTTTAA
bovine-CoV,TTTACTAAT
bovine-CoV,TTTACTATT
bovine-CoV,TTTGTATTT
bovine-CoV,TTTTACAGA
bovine-CoV,CATGATGTT
bovine-CoV,CCTGCAGGT
bovine-CoV,CTGGTATAG
bovine-CoV,GTAGGTAGTGGTT
bovine-CoV,TATTATAAT
bovine-CoV,TGGTATAGG
bovine-CoV,AAAATCAAA
bovine-CoV,AAGATGGTGT
bovine-CoV,AATGCTGAA
bovine-CoV,AATGGTTTA
bovine-CoV,ACTATAGGTA
bovine-CoV,ACTGGTGTT
bovine-CoV,ACTGGTGTT
bovine-CoV,ACTTATTAT
bovine-CoV,ACTTGTAATA
bovine-CoV,AGATTTGGT
bovine-CoV,AGGTTAATG
bovine-CoV,AGTAAAGTT
bovine-CoV,AGTAAATGA
bovine-CoV,AGTGGTTAC
bovine-CoV,AGTGGTTATT
bovine-CoV,ATAACTATAG
bovine-CoV,ATAGGAGATTT
bovine-CoV,ATGATGTTG
bovine-CoV,ATGCTCTTG
bovine-CoV,ATGCTGTTG
bovine-CoV,CAGCAGCAG
bovine-CoV,CATGATGTT
bovine-CoV,CCTGCAGGT
bovine-CoV,CGATTGCAATA
bovine-CoV,CTAATGGTA
bovine-CoV,CTGATTTTA
bovine-CoV,CTGTTAATT
bovine-CoV,CTTTTAATT
bovine-CoV,CTTTTAATT
bovine-CoV,CTTTTAATT
bovine-CoV,GACACTGGTGTT
bovine-CoV,GACCTACAA
bovine-CoV,GACTTATTA
bovine-CoV,GCTCTTAAT
bovine-CoV,GGTAGTGGTTA
bovine-CoV,GGTAGTGGTT
bovine-CoV,GGTGTTGTT
bovine-CoV,GGTTACACT
bovine-CoV,GTAATATGG
bovine-CoV,GTAGGTAGTGGTT
bovine-CoV,GTTTCTGTT
bovine-CoV,TAATGGTAATC
bovine-CoV,TAATGGTATT
bovine-CoV,TAATGGTAT
bovine-CoV,TAATGGTAT
bovine-CoV,TAGTTGGCA
bovine-CoV,TATTAATGG
bovine-CoV,TATTATAAT
bovine-CoV,TATTTAAAT
bovine-CoV,TATTTTTGCTAA
bovine-CoV,TGCTGCTAA
bovine-CoV,TGGCATAGG
bovine-CoV,TGGTTATTAC
bovine-CoV,TGGTTTAAA
bovine-CoV,TGGTTTGTAT
bovine-CoV,TGTTAATTA
bovine-CoV,TGTTACTAA
bovine-CoV,TTAAAGATGG
bovine-CoV,TTAATGAATG
bovine-CoV,TTACTAATGGT
bovine-CoV,TTACTATTGA
bovine-CoV,TTATTATGT
bovine-CoV,TTCTGCTTT
bovine-CoV,TTGAGGCTT
bovine-CoV,TTGCTGGTG
bovine-CoV,TTGGGTAAT
bovine-CoV,TTGGTGCTAT
bovine-CoV,TTGTTAATG
bovine-CoV,TTGTTTTAA
bovine-CoV,TTTACTAAT
bovine-CoV,TTTACTATT
bovine-CoV,TTTGTATTT
bovine-CoV,TTTTACAGA
bovine-CoV,TTTTGTTGAGG
bovine-CoV,AAAATCAAA
bovine-CoV,AATAATACT
bovine-CoV,AATGCTGAT
bovine-CoV,AATGGTTTA
bovine-CoV,ACTATAGGTA
bovine-CoV,ACTGGTGTT
bovine-CoV,ACTGGTGTT
bovine-CoV,ACTTATTAT
bovine-CoV,ACTTGTAATA
bovine-CoV,AGATTTGGT
bovine-CoV,AGGTTAATG
bovine-CoV,AGTAAAGTT
bovine-CoV,AGTAAATGA
bovine-CoV,AGTGGTTATT
bovine-CoV,ATAACTATAG
bovine-CoV,ATAGGAGATTT
bovine-CoV,ATGATGTTG
bovine-CoV,ATGCTCTTG
bovine-CoV,ATGCTGTTG
bovine-CoV,ATGGTTTAAA
bovine-CoV,ATTTTATTT
bovine-CoV,CAATCTGTT
bovine-CoV,CAGCAGCAG
bovine-CoV,CATGATGTT
bovine-CoV,CCTGCAGGT
bovine-CoV,CTAATGGTA
bovine-CoV,CTATGGTTT
bovine-CoV,CTGATTTTA
bovine-CoV,CTGGTATAG
bovine-CoV,CTGTTAATT
bovine-CoV,CTTTTAATT
bovine-CoV,GACACTGGTGTT
bovine-CoV,GACCTACAA
bovine-CoV,GACTTATTA
bovine-CoV,GCTCTTAAT
bovine-CoV,GGTAGTGGTTA
bovine-CoV,GGTAGTGGTT
bovine-CoV,GGTATTTTTG
bovine-CoV,GGTGTTGTT
bovine-CoV,GTAATATGG
bovine-CoV,GTAGGTAGTGGTT
bovine-CoV,GTTTCTGTT
bovine-CoV,TAACTATAGA
bovine-CoV,TAACTATAG
bovine-CoV,TAATGCTTA
bovine-CoV,TAATGGTAATC
bovine-CoV,TAATGGTAT
bovine-CoV,TACTAATTT
bovine-CoV,TATTAATGGG
bovine-CoV,TATTATAAT
bovine-CoV,TATTTAAAT
bovine-CoV,TATTTTTGCTAA
bovine-CoV,TGCTGCTAA
bovine-CoV,TGGTATAGG
bovine-CoV,TGGTTTGTAT
bovine-CoV,TGTTAATTAT
bovine-CoV,TGTTACTAA
bovine-CoV,TTAAAGATGG
bovine-CoV,TTAATGAATG
bovine-CoV,TTACTAATGGT
bovine-CoV,TTACTACCCT
bovine-CoV,TTACTATTGA
bovine-CoV,TTAGTGCAG
bovine-CoV,TTATTATGT
bovine-CoV,TTCTGCTTT
bovine-CoV,TTGAGGCTT
bovine-CoV,TTGCTGGTG
bovine-CoV,TTGGTGCTAT
bovine-CoV,TTGTAATAA
bovine-CoV,TTGTTAATG
bovine-CoV,TTGTTTTAA
bovine-CoV,TTTACTAAT
bovine-CoV,TTTACTATT
bovine-CoV,TTTGTATTTT
bovine-CoV,TTTTACAGA
bovine-CoV,TTTTGTTGAGG
bovine-CoV,AAAATCAAA
bovine-CoV,AATAATACT
bovine-CoV,AATGCTGAA
bovine-CoV,AATGCTGAT
bovine-CoV,AATGGTTTA
bovine-CoV,ACTATAGGTA
bovine-CoV,ACTGGTGTT
bovine-CoV,ACTGGTGTT
bovine-CoV,ACTTATTAT
bovine-CoV,ACTTGTAATA
bovine-CoV,ACTTTAGCT
bovine-CoV,AGGTTAATG
bovine-CoV,AGTAAATGA
bovine-CoV,AGTCAAAAT
bovine-CoV,AGTTTAATG
bovine-CoV,ATAACTATAG
bovine-CoV,ATAGGAGATTT
bovine-CoV,ATGATGTTG
bovine-CoV,ATGCTGTTG
bovine-CoV,ATGGTATTA
bovine-CoV,ATGGTGTTA
bovine-CoV,ATTTTATTT
bovine-CoV,ATTTTGATA
bovine-CoV,ATTTTTGCTAA
bovine-CoV,CACTGTTCAG
bovine-CoV,CAGCAGCAG
bovine-CoV,CCTGCAGGT
bovine-CoV,CGATTGTAATA
bovine-CoV,CTAATGGTA
bovine-CoV,CTATGGTTT
bovine-CoV,CTGATTTTA
bovine-CoV,CTTTGACTT
bovine-CoV,CTTTTAATT
bovine-CoV,CTTTTAATT
bovine-CoV,CTTTTAATT
bovine-CoV,GACACTGGTGTT
bovine-CoV,GACCTACAAT
bovine-CoV,GACTTATTA
bovine-CoV,GATTTTACTA
bovine-CoV,GCTCTTAAT
bovine-CoV,GGTAGTGGTTACT
bovine-CoV,GGTAGTGGTT
bovine-CoV,GGTATTTTTG
bovine-CoV,GGTGTTGTT
bovine-CoV,GTAGGTAGTGGTT
bovine-CoV,GTTATAATG
bovine-CoV,GTTTAATGTA
bovine-CoV,GTTTCTGTT
bovine-CoV,TAATGGTAATC
bovine-CoV,TAATGGTATT
bovine-CoV,TAATGTATA
bovine-CoV,TACTATTGA
bovine-CoV,TACTTTTGT
bovine-CoV,TAGTTGGCA
bovine-CoV,TATGGTTTG
bovine-CoV,TATTAATGGG
bovine-CoV,TATTATAAT
bovine-CoV,TATTTAAAT
bovine-CoV,TGCTGCTAA
bovine-CoV,TGGTTTGTAT
bovine-CoV,TGTTAATTAT
bovine-CoV,TGTTACTAA
bovine-CoV,TTAATGAATG
bovine-CoV,TTAATTATA
bovine-CoV,TTACTAATGGT
bovine-CoV,TTAGTGCAG
bovine-CoV,TTGCTGGTG
bovine-CoV,TTGGTGCTAT
bovine-CoV,TTGTAATAG
bovine-CoV,TTGTTAATG
bovine-CoV,TTGTTCTACT
bovine-CoV,TTGTTTCCT
bovine-CoV,TTGTTTTAA
bovine-CoV,TTTACTAAT
bovine-CoV,TTTGTATGA
bovine-CoV,TTTGTATTT
bovine-CoV,TTTTACAGA
bovine-CoV,TTTTACTAT
bovine-CoV,TTTTGTTGAGG
bovine-CoV,AAAATCAAA
bovine-CoV,AATAATACT
bovine-CoV,AATGCTGAA
bovine-CoV,AATGCTGAT
bovine-CoV,AATGGTTTA
bovine-CoV,ACTATAGGTA
bovine-CoV,ACTGGTGTT
bovine-CoV,ACTGGTGTT
bovine-CoV,ACTTATTAT
bovine-CoV,ACTTGTAATA
bovine-CoV,ACTTTAGCT
bovine-CoV,AGGTTAATG
bovine-CoV,AGTAAATGA
bovine-CoV,AGTCAAAAT
bovine-CoV,AGTGGTTATT
bovine-CoV,ATAACTATAG
bovine-CoV,ATAGGAGATTT
bovine-CoV,ATGATGTTG
bovine-CoV,ATGCTGTTG
bovine-CoV,ATGGTATTA
bovine-CoV,ATGGTGTTA
bovine-CoV,ATGGTTTAAA
bovine-CoV,ATTTTATTT
bovine-CoV,ATTTTGATA
bovine-CoV,CACTGTTCAG
bovine-CoV,CAGCAGCAG
bovine-CoV,CCTGCAGGT
bovine-CoV,CGATTGTAATA
bovine-CoV,CTAATGGTA
bovine-CoV,CTACTAATT
bovine-CoV,CTATGGTTT
bovine-CoV,CTTTGACTT
bovine-CoV,CTTTTAATT
bovine-CoV,CTTTTAATT
bovine-CoV,CTTTTAATT
bovine-CoV,GACACTGGTGTT
bovine-CoV,GACTTATTA
bovine-CoV,GATTTTACTA
bovine-CoV,GCTCTTAAT
bovine-CoV,GGTAGTGGTTA
bovine-CoV,GGTAGTGGTT
bovine-CoV,GGTATTTTTG
bovine-CoV,GGTGTTGTT
bovine-CoV,GTAGGTAGTGGTT
bovine-CoV,GTTATAATG
bovine-CoV,TAATGGTAATC
bovine-CoV,TAATGGTATT
bovine-CoV,TAATGTATA
bovine-CoV,TACTAATTAT
bovine-CoV,TACTATTGA
bovine-CoV,TACTTTTGT
bovine-CoV,TAGTTGGCA
bovine-CoV,TATTAATGGG
bovine-CoV,TATTATAAT
bovine-CoV,TATTTAAAT
bovine-CoV,TATTTTTGCTAA
bovine-CoV,TGCTGCTAA
bovine-CoV,TGGCATTGG
bovine-CoV,TGGTTATTA
bovine-CoV,TGGTTTGTAT
bovine-CoV,TGTTAATTAT
bovine-CoV,TGTTACTAA
bovine-CoV,TGTTTGTGT
bovine-CoV,TTAATGAATG
bovine-CoV,TTAATTATA
bovine-CoV,TTACTAATGGT
bovine-CoV,TTAGTGCAG
bovine-CoV,TTGCTGGTG
bovine-CoV,TTGGTGCTAT
bovine-CoV,TTGTAATAG
bovine-CoV,TTGTTAATG
bovine-CoV,TTGTTCTACT
bovine-CoV,TTGTTTCCT
bovine-CoV,TTGTTTTAA
bovine-CoV,TTTACTAAT
bovine-CoV,TTTGTATTTT
bovine-CoV,TTTTACAGA
bovine-CoV,TTTTACTAT
bovine-CoV,AATGCAACT
bovine-CoV,ACTAATTATTT
bovine-CoV,ACTGGTGTT
bovine-CoV,ACTGGTGTT
bovine-CoV,ACTTATTAT
bovine-CoV,ACTTGTAATA
bovine-CoV,ATAACTATAG
bovine-CoV,ATAGGAGATTT
bovine-CoV,ATGATGTTG
bovine-CoV,ATGGTGTTA
bovine-CoV,ATTTTGATA
bovine-CoV,CACTGTTCAG
bovine-CoV,CCTGCAGGT
bovine-CoV,CTAATGGTA
bovine-CoV,CTATGGTTT
bovine-CoV,CTTGCCAAC
bovine-CoV,GACACTGGTGTT
bovine-CoV,GGTATTTTTG
bovine-CoV,GGTGTTGTT
bovine-CoV,GTAGGTAGTGGT
bovine-CoV,GTTTCTGTT
bovine-CoV,GTTTTAAAG
bovine-CoV,TAACTATAGA
bovine-CoV,TAACTATAG
bovine-CoV,TAATGTATA
bovine-CoV,TATTATAAT
bovine-CoV,TATTTTTGCTAA
bovine-CoV,TGCTGCTAA
bovine-CoV,TGGTATAGG
bovine-CoV,TGTTACTAA
bovine-CoV,TTACTAATGGT
bovine-CoV,TTTTACAGA
bovine-CoV,AAAATCAAA
bovine-CoV,AAGATGGTGT
bovine-CoV,AATGCTGAA
bovine-CoV,AATGCTGAT
bovine-CoV,AATGGTTTA
bovine-CoV,ACAGGTGTT
bovine-CoV,ACTATAGGTA
bovine-CoV,ACTGGTGTT
bovine-CoV,ACTTATTAT
bovine-CoV,ACTTGTAATA
bovine-CoV,AGGTTAATG
bovine-CoV,AGTAAAGTT
bovine-CoV,AGTAAATGA
bovine-CoV,AGTGGTTAC
bovine-CoV,AGTGGTTATT
bovine-CoV,ATAACTATAG
bovine-CoV,ATGATGTTG
bovine-CoV,ATGCTCTTG
bovine-CoV,ATGCTGTTG
bovine-CoV,CAGCAGCAG
bovine-CoV,CATGATGTT
bovine-CoV,CCTGCAGGT
bovine-CoV,CTACGGTTT
bovine-CoV,CTGATTTTA
bovine-CoV,CTTTGACTT
bovine-CoV,CTTTTAATT
bovine-CoV,GACCTACAA
bovine-CoV,GACTTATTA
bovine-CoV,GCTCTTAAT
bovine-CoV,GGTAGTGGTT
bovine-CoV,GGTGTTGTT
bovine-CoV,GGTTACACT
bovine-CoV,GTAATATGG
bovine-CoV,GTAGGTAGTGGTT
bovine-CoV,GTTTCTGTT
bovine-CoV,TAACTATAGA
bovine-CoV,TAACTATAG
bovine-CoV,TAATATTGA
bovine-CoV,TAATGGTATT
bovine-CoV,TAATTTTAAT
bovine-CoV,TAGTTGGCA
bovine-CoV,TATTAATGG
bovine-CoV,TATTATAAT
bovine-CoV,TATTTAAAT
bovine-CoV,TATTTTTGCTAA
bovine-CoV,TGCTATTAA
bovine-CoV,TGCTGCTAA
bovine-CoV,TGGCATAGG
bovine-CoV,TGGTTATTAC
bovine-CoV,TGGTTTAAA
bovine-CoV,TGGTTTGTAT
bovine-CoV,TGTAATATT
bovine-CoV,TGTTACTAA
bovine-CoV,TTAAAGATGG
bovine-CoV,TTAATGAATG
bovine-CoV,TTAGTGCAG
bovine-CoV,TTATTATGT
bovine-CoV,TTCTGCTTT
bovine-CoV,TTGAGGCTT
bovine-CoV,TTGCTGGTG
bovine-CoV,TTGGGTAAT
bovine-CoV,TTGGTGCTAT
bovine-CoV,TTGTTAATG
bovine-CoV,TTGTTTTAA
bovine-CoV,TTTACTAAT
bovine-CoV,TTTACTATT
bovine-CoV,TTTGTATTT
bovine-CoV,TTTTACAGA
bovine-CoV,AAAATCAAA
bovine-CoV,AATAATACT
bovine-CoV,AATGCTGAA
bovine-CoV,AATGCTGAT
bovine-CoV,AATGGTTTA
bovine-CoV,ACTATAGGTA
bovine-CoV,ACTGGTGTT
bovine-CoV,ACTGGTGTT
bovine-CoV,ACTTATTAT
bovine-CoV,ACTTGTAATA
bovine-CoV,AGGTTAATG
bovine-CoV,AGTAAATGA
bovine-CoV,AGTGGTTATT
bovine-CoV,AGTTTCTGT
bovine-CoV,ATAACTATAG
bovine-CoV,ATAGGAGATTT
bovine-CoV,ATATGAGTA
bovine-CoV,ATGATGTTG
bovine-CoV,ATGCTCTTG
bovine-CoV,ATGCTGTTG
bovine-CoV,ATGGTTTAAA
bovine-CoV,ATTAATGGG
bovine-CoV,ATTTTATTT
bovine-CoV,ATTTTTGCTAA
bovine-CoV,CAGCAGCAG
bovine-CoV,CATGATGTT
bovine-CoV,CATTCTTGG
bovine-CoV,CCTGCAGGT
bovine-CoV,CTAAAGTTA
bovine-CoV,CTATGGTTT
bovine-CoV,CTGATTTTA
bovine-CoV,CTGGTATAG
bovine-CoV,CTGTTAATT
bovine-CoV,CTTTTAATT
bovine-CoV,GACACTGGTGTT
bovine-CoV,GACCTACAA
bovine-CoV,GACTTATTA
bovine-CoV,GCTCTTAAT
bovine-CoV,GGTAGTGGTTA
bovine-CoV,GTAATATGG
bovine-CoV,GTGTTGTCA
bovine-CoV,TAAATCAGA
bovine-CoV,TAACTATAGA
bovine-CoV,TAACTATAG
bovine-CoV,TAATATTGA
bovine-CoV,TAATGGTAATC
bovine-CoV,TATAGGAGA
bovine-CoV,TATTATAAT
bovine-CoV,TATTTAAAT
bovine-CoV,TCAGTAAAT
bovine-CoV,TGGTATAGG
bovine-CoV,TGGTTATTAC
bovine-CoV,TGGTTTGTAT
bovine-CoV,TGTAATATT
bovine-CoV,TGTTAATTAT
bovine-CoV,TTAATGAATG
bovine-CoV,TTACTAATGG
bovine-CoV,TTACTATTGA
bovine-CoV,TTAGTGCAG
bovine-CoV,TTATTATGT
bovine-CoV,TTCTGCTTT
bovine-CoV,TTGAGGCTT
bovine-CoV,TTGCTGGTG
bovine-CoV,TTGGTGCTAT
bovine-CoV,TTGTTAATG
bovine-CoV,TTGTTTGTG
bovine-CoV,TTGTTTTAA
bovine-CoV,TTTACTAAT
bovine-CoV,TTTACTATT
bovine-CoV,TTTCTGTTT
bovine-CoV,TTTGTATTT
bovine-CoV,TTTTACAGA
bovine-CoV,TTTTGTTGAGG
bovine-CoV,AAAATCAAA
bovine-CoV,AACCTGTAGGTG
bovine-CoV,AATAATACT
bovine-CoV,AATAGTGGTA
bovine-CoV,AATGCTGAA
bovine-CoV,AATGCTGAT
bovine-CoV,AATGGTTTA
bovine-CoV,ACTATAGGTA
bovine-CoV,ACTGGTGTT
bovine-CoV,ACTTATTAT
bovine-CoV,AGATTTGGT
bovine-CoV,AGGTTAATG
bovine-CoV,AGTAAATGA
bovine-CoV,AGTGGTTATT
bovine-CoV,ATAACTATAG
bovine-CoV,ATAGGAGATTT
bovine-CoV,ATGATGTTG
bovine-CoV,ATGCTCTTGA
bovine-CoV,ATGCTGTTG
bovine-CoV,ATGGCTTTT
bovine-CoV,ATGGTTTAAA
bovine-CoV,ATTTTATTT
bovine-CoV,CAGCAGCAG
bovine-CoV,CATGATGTT
bovine-CoV,CGATTGTAATA
bovine-CoV,CTACCAATT
bovine-CoV,CTATGGTTT
bovine-CoV,CTTTTAATT
bovine-CoV,GACCTACAA
bovine-CoV,GACTTATTA
bovine-CoV,GATTTGTCA
bovine-CoV,GCTCTTAAT
bovine-CoV,GGTAATGGT
bovine-CoV,GGTAGTGGTTA
bovine-CoV,GGTATTTTTG
bovine-CoV,GGTGTTGTT
bovine-CoV,GTAATATGG
bovine-CoV,GTTTCTGTT
bovine-CoV,TAAATCAGA
bovine-CoV,TAACTATAGA
bovine-CoV,TAACTATAG
bovine-CoV,TAATGGTAATC
bovine-CoV,TAATGGTAT
bovine-CoV,TAGTTGGCA
bovine-CoV,TATTAATGGG
bovine-CoV,TATTAATGG
bovine-CoV,TATTATAAT
bovine-CoV,TATTTAAAT
bovine-CoV,TATTTTTGCTAA
bovine-CoV,TCAGTAAAT
bovine-CoV,TGATTTTAT
bovine-CoV,TGCTGCTAA
bovine-CoV,TGGTTTGTAT
bovine-CoV,TGTTACTAA
bovine-CoV,TTAACTATA
bovine-CoV,TTAATGAATG
bovine-CoV,TTACTACCCT
bovine-CoV,TTACTATTGA
bovine-CoV,TTACTTGTA
bovine-CoV,TTAGTGCAG
bovine-CoV,TTATTAATGG
bovine-CoV,TTATTATGT
bovine-CoV,TTCTGCTTT
bovine-CoV,TTGATGCTA
bovine-CoV,TTGCTGGTG
bovine-CoV,TTGTAATAA
bovine-CoV,TTGTTAATG
bovine-CoV,TTGTTTTAA
bovine-CoV,TTTACTATT
bovine-CoV,TTTCCAGCA
bovine-CoV,TTTTACAGA
bovine-CoV,TTTTGTTGAGG
bovine-CoV,AAAATCAAA
bovine-CoV,AAGATGGTGT
bovine-CoV,AATAATACT
bovine-CoV,AATGCTGAA
bovine-CoV,AATGCTGAT
bovine-CoV,AATGGTTTA
bovine-CoV,ACTATAGGTA
bovine-CoV,ACTGGACAC
bovine-CoV,ACTGGTGTT
bovine-CoV,ACTGGTGTT
bovine-CoV,ACTTATTATA
bovine-CoV,ACTTGTAATA
bovine-CoV,AGATTTGGT
bovine-CoV,AGGTTAATG
bovine-CoV,AGTAAAGTT
bovine-CoV,AGTAAATGA
bovine-CoV,AGTGGTTAC
bovine-CoV,AGTGGTTATT
bovine-CoV,ATAACTATAG
bovine-CoV,ATGATGTTG
bovine-CoV,ATGCTGTTG
bovine-CoV,ATTTTGGGT
bovine-CoV,CAGCAGCAG
bovine-CoV,CATGATGTT
bovine-CoV,CGATTGCAATA
bovine-CoV,CTAATGGTA
bovine-CoV,CTGTTAATT
bovine-CoV,CTTTTAATT
bovine-CoV,GACACTGGTGTT
bovine-CoV,GACCTACAA
bovine-CoV,GACTTATTA
bovine-CoV,GCTCTTAAT
bovine-CoV,GGTAGTGGTTA
bovine-CoV,GGTAGTGGT
bovine-CoV,GGTGTTGTT
bovine-CoV,GGTTACACT
bovine-CoV,GGTTTGTAT
bovine-CoV,GTAATATGG
bovine-CoV,GTAGGTAGTGGT
bovine-CoV,GTTTCTGTT
bovine-CoV,TAACTATAGA
bovine-CoV,TAACTATAG
bovine-CoV,TAATGGTAATC
bovine-CoV,TAATGGTATT
bovine-CoV,TAATGGTAT
bovine-CoV,TAATGGTAT
bovine-CoV,TAATTTTAAT
bovine-CoV,TACTCTTTT
bovine-CoV,TAGTTGGCA
bovine-CoV,TATTAATGG
bovine-CoV,TATTATAAT
bovine-CoV,TATTTAAAT
bovine-CoV,TATTTTTGCTAA
bovine-CoV,TGGCATAGG
bovine-CoV,TGGTTATTAC
bovine-CoV,TGGTTTAAA
bovine-CoV,TGTTAATTAT
bovine-CoV,TGTTACTAA
bovine-CoV,TTAAAGATGG
bovine-CoV,TTAATGAATG
bovine-CoV,TTACTAATGGT
bovine-CoV,TTACTATTGA
bovine-CoV,TTAGTGCAG
bovine-CoV,TTATGTAAA
bovine-CoV,TTCTGCTTT
bovine-CoV,TTGAGGCTT
bovine-CoV,TTGCTGGTG
bovine-CoV,TTGGGTAAT
bovine-CoV,TTGGTGCTAT
bovine-CoV,TTGTTTATG
bovine-CoV,TTGTTTTAA
bovine-CoV,TTTACTAAT
bovine-CoV,TTTACTATT
bovine-CoV,TTTGTATTTT
bovine-CoV,TTTTACAGA
bovine-CoV,TTTTGGGTT
bovine-CoV,TTTTGTTGAGG
bovine-CoV,AAAATCAAA
bovine-CoV,AAGATGGTGT
bovine-CoV,AATGCTGAA
bovine-CoV,AATGCTGAT
bovine-CoV,AATGGTTTA
bovine-CoV,ACTATAGGTA
bovine-CoV,ACTGGTGTT
bovine-CoV,ACTGGTGTT
bovine-CoV,ACTTATTAT
bovine-CoV,ACTTGTAATA
bovine-CoV,AGGTTAATG
bovine-CoV,AGTAAAGTT
bovine-CoV,AGTAAATGA
bovine-CoV,AGTGGTTAC
bovine-CoV,AGTGGTTAC
bovine-CoV,ATAACTATAG
bovine-CoV,ATGATGTTG
bovine-CoV,ATGCTCTTG
bovine-CoV,ATGCTGTTG
bovine-CoV,ATGGTGTTA
bovine-CoV,CAGCAGCAG
bovine-CoV,CCTGCAGGT
bovine-CoV,CTAATGGTA
bovine-CoV,CTGATTTTA
bovine-CoV,CTGTTAATT
bovine-CoV,CTTTGACTT
bovine-CoV,CTTTTAATT
bovine-CoV,GACACTGGTGTT
bovine-CoV,GACCTACAA
bovine-CoV,GCTCTTAAT
bovine-CoV,GGTAATGGT
bovine-CoV,GGTAGTGGTTACT
bovine-CoV,GGTGTTGTT
bovine-CoV,GGTTACACT
bovine-CoV,GTAATATGG
bovine-CoV,GTTTCTGTT
bovine-CoV,TAAATTGGG
bovine-CoV,TAACTATAGA
bovine-CoV,TAACTATAG
bovine-CoV,TAATATTGA
bovine-CoV,TAATGGTATT
bovine-CoV,TAATGGTAT
bovine-CoV,TAATGGTAT
bovine-CoV,TAGTTGGCA
bovine-CoV,TATTAATGG
bovine-CoV,TATTATAAT
bovine-CoV,TATTTAAAT
bovine-CoV,TATTTTTGCTAA
bovine-CoV,TGCTGCTAA
bovine-CoV,TGGCATAGG
bovine-CoV,TGGTTTAAA
bovine-CoV,TGGTTTGTAT
bovine-CoV,TGTAATATT
bovine-CoV,TGTTAATTAT
bovine-CoV,TGTTACTAA
bovine-CoV,TGTTTTAAG
bovine-CoV,TTAAAGATGG
bovine-CoV,TTAATGAATG
bovine-CoV,TTACTATTGA
bovine-CoV,TTAGTGCAG
bovine-CoV,TTATTATGT
bovine-CoV,TTCTGCTTT
bovine-CoV,TTGCTGGTG
bovine-CoV,TTGGGTAAT
bovine-CoV,TTGGTGCTAT
bovine-CoV,TTGTTAATG
bovine-CoV,TTGTTTTAA
bovine-CoV,TTTACTAAT
bovine-CoV,TTTACTATT
bovine-CoV,TTTGTATTT
bovine-CoV,TTTTACAGA
bovine-CoV,TTTTGTTGA
bovine-CoV,CCTGCAGGT
bovine-CoV,TGGCATAGG
bovine-CoV,TAGTTGGCA
bovine-CoV,AAAATCAAA
bovine-CoV,AAGATGGTGTTA
bovine-CoV,AAGATGGTGT
bovine-CoV,AATAATACT
bovine-CoV,AATGCTGAA
bovine-CoV,AATGGTTTA
bovine-CoV,ACTATAGGTA
bovine-CoV,ACTGGTGTT
bovine-CoV,ACTGGTGTT
bovine-CoV,ACTTATTAT
bovine-CoV,ACTTGTAATA
bovine-CoV,AGATTTGGT
bovine-CoV,AGGTTAATG
bovine-CoV,AGTAAAGTT
bovine-CoV,AGTAAATGA
bovine-CoV,AGTGGTTAC
bovine-CoV,AGTGGTTATT
bovine-CoV,ATAACTATAG
bovine-CoV,ATAGGAGATTT
bovine-CoV,ATGATGTTG
bovine-CoV,ATGCTGTTG
bovine-CoV,CAGCAGCAG
bovine-CoV,CATGATGTT
bovine-CoV,CGATTGCAATA
bovine-CoV,CTAATGGTA
bovine-CoV,CTAATTATTT
bovine-CoV,CTTTGACTT
bovine-CoV,CTTTTAATT
bovine-CoV,CTTTTAATT
bovine-CoV,CTTTTAATT
bovine-CoV,GACACTGGTGTT
bovine-CoV,GACCTACAA
bovine-CoV,GACTTATTA
bovine-CoV,GCTCTTAAT
bovine-CoV,GGTAGTGGTTA
bovine-CoV,GGTAGTGGT
bovine-CoV,GGTGTTGTT
bovine-CoV,GGTTACACT
bovine-CoV,GGTTTGTAT
bovine-CoV,GTAGGTAGTGGT
bovine-CoV,GTGTTAATT
bovine-CoV,GTTTCTGTT
bovine-CoV,TAAATTGGG
bovine-CoV,TAATGGTAATC
bovine-CoV,TAATGGTATT
bovine-CoV,TAATGGTAT
bovine-CoV,TAATGGTAT
bovine-CoV,TAGTTGGCA
bovine-CoV,TATTAATGG
bovine-CoV,TATTATAAT
bovine-CoV,TATTTAAAT
bovine-CoV,TATTTTTGCTAA
bovine-CoV,TGATTGTTT
bovine-CoV,TGCTGCTAA
bovine-CoV,TGGCATAGG
bovine-CoV,TGGTTATTAC
bovine-CoV,TGGTTTAAA
bovine-CoV,TGTTACTAA
bovine-CoV,TTAAAGATGGTGT
bovine-CoV,TTAATGAATG
bovine-CoV,TTACTAATGGT
bovine-CoV,TTACTATTGA
bovine-CoV,TTAGTGCAG
bovine-CoV,TTATGTAAA
bovine-CoV,TTATTATGT
bovine-CoV,TTGAGGCTT
bovine-CoV,TTGCTGGTG
bovine-CoV,TTGGGTAAT
bovine-CoV,TTGGTGCTAT
bovine-CoV,TTGTTTATG
bovine-CoV,TTGTTTTAA
bovine-CoV,TTTACTAAT
bovine-CoV,TTTACTATT
bovine-CoV,TTTGTATTT
bovine-CoV,TTTTACAGA
bovine-CoV,TTTTGTTGAGG
bovine-CoV,AAAATCAAA
bovine-CoV,AAGATGGTGT
bovine-CoV,AATGCTGAA
bovine-CoV,AATGCTGAT
bovine-CoV,AATGGTTTA
bovine-CoV,ACTATAGGTA
bovine-CoV,ACTGGTGTT
bovine-CoV,ACTGGTGTT
bovine-CoV,ACTTATTAT
bovine-CoV,ACTTGTAATA
bovine-CoV,AGATTTGGT
bovine-CoV,AGGTTAATG
bovine-CoV,AGTAAAGTT
bovine-CoV,AGTAAATGA
bovine-CoV,AGTGGTTAC
bovine-CoV,AGTGGTTATT
bovine-CoV,ATAACTATAG
bovine-CoV,ATAGAGGTA
bovine-CoV,ATAGGAGATTT
bovine-CoV,ATGATGTTG
bovine-CoV,ATGCTGTTG
bovine-CoV,CAGCAGCAG
bovine-CoV,CATGATGTT
bovine-CoV,CGATTGCAATA
bovine-CoV,CTAATGGTA
bovine-CoV,CTGGTATAG
bovine-CoV,CTGTTAATT
bovine-CoV,CTTTGACTT
bovine-CoV,CTTTTAATT
bovine-CoV,GACACTGGTGTT
bovine-CoV,GACCTACAA
bovine-CoV,GACTTATTA
bovine-CoV,GCTCTTAAT
bovine-CoV,GGTAGTGGTTA
bovine-CoV,GGTAGTGGTT
bovine-CoV,GGTGTTGTT
bovine-CoV,GGTTACACT
bovine-CoV,GGTTTGTAT
bovine-CoV,GTAATATGG
bovine-CoV,GTAGGTAGTGGTT
bovine-CoV,GTTTCTGTT
bovine-CoV,TAACTATAGA
bovine-CoV,TAACTATAG
bovine-CoV,TAATGGTAATC
bovine-CoV,TAATGGTATT
bovine-CoV,TAATGGTAT
bovine-CoV,TAATGGTAT
bovine-CoV,TATAGTGTG
bovine-CoV,TATTAATGG
bovine-CoV,TATTATAAT
bovine-CoV,TATTTAAAT
bovine-CoV,TATTTTTGCTAA
bovine-CoV,TCTACCTGC
bovine-CoV,TGCTGCTAA
bovine-CoV,TGGTTATTAC
bovine-CoV,TGGTTTAAA
bovine-CoV,TGTGGTTTA
bovine-CoV,TGTTAATTAT
bovine-CoV,TGTTACTAA
bovine-CoV,TGTTTCCTG
bovine-CoV,TTAAAGATGG
bovine-CoV,TTAATGAATG
bovine-CoV,TTACTAATGGT
bovine-CoV,TTAGTGCAG
bovine-CoV,TTATGTAAA
bovine-CoV,TTATTATGT
bovine-CoV,TTCTGCTTT
bovine-CoV,TTGAGGCTT
bovine-CoV,TTGCTGGTG
bovine-CoV,TTGGGTAAT
bovine-CoV,TTGGTGCTAT
bovine-CoV,TTGTTTATG
bovine-CoV,TTGTTTGTG
bovine-CoV,TTGTTTTAA
bovine-CoV,TTTAATTGGC
bovine-CoV,TTTACTAAT
bovine-CoV,TTTACTATT
bovine-CoV,TTTGTATTT
bovine-CoV,TTTTACAGA
bovine-CoV,TTTTGTTGAGG
bovine-CoV,CATGATGTT
bovine-CoV,CCTGCAGGT
bovine-CoV,CTGGTATAG
bovine-CoV,TAGTTGGCA
bovine-CoV,TATTATAAT
bovine-CoV,ACTGGTGTT
bovine-CoV,ACTGGTGTT
bovine-CoV,GACACTGGTGTT
bovine-CoV,GGTGTTGTT
bovine-CoV,TAATGTATA
bovine-CoV,TGTTACTAA
bovine-CoV,TTACTAATGGT
bovine-CoV,CCTGCAGGT
bovine-CoV,TGGCATAGG
bovine-CoV,AAAATCAAA
bovine-CoV,AATAATACT
bovine-CoV,AATGCTGAA
bovine-CoV,AATGCTGAT
bovine-CoV,AATGGTTTA
bovine-CoV,ACTGGTGTT
bovine-CoV,ACTGGTGTT
bovine-CoV,ACTTATTAT
bovine-CoV,ACTTGTAATA
bovine-CoV,AGATTTGGT
bovine-CoV,AGGTTAATG
bovine-CoV,AGTAAAGTT
bovine-CoV,AGTAAATGA
bovine-CoV,AGTGGTTAC
bovine-CoV,AGTGGTTATT
bovine-CoV,ATAACTATAG
bovine-CoV,ATAGGAGATTT
bovine-CoV,ATGATGTTG
bovine-CoV,ATGCTGTTG
bovine-CoV,CAGCAGCAG
bovine-CoV,CATGATGTT
bovine-CoV,CTAATGGTA
bovine-CoV,CTTTTAATT
bovine-CoV,CTTTTAATT
bovine-CoV,CTTTTAATT
bovine-CoV,GACACTGGTGTT
bovine-CoV,GACCTACAA
bovine-CoV,GACTTATTA
bovine-CoV,GAGTTTATT
bovine-CoV,GCTCTTAAT
bovine-CoV,GGTAGTGGTTA
bovine-CoV,GGTAGTGGTT
bovine-CoV,GGTATTTTTG
bovine-CoV,GGTGTTGTT
bovine-CoV,GGTTACACT
bovine-CoV,GTAATATGG
bovine-CoV,GTAGGTAGTGGTT
bovine-CoV,GTTTCTGTT
bovine-CoV,TAATATTGA
bovine-CoV,TAATGGTAATC
bovine-CoV,TAATGGTATT
bovine-CoV,TAATGGTAT
bovine-CoV,TAATGGTAT
bovine-CoV,TAATTTTAAT
bovine-CoV,TAGTTGGCA
bovine-CoV,TATTAATGG
bovine-CoV,TATTATAAT
bovine-CoV,TATTTAAAT
bovine-CoV,TATTTTTGCTAA
bovine-CoV,TGGCATAGG
bovine-CoV,TGGTTATTAC
bovine-CoV,TGGTTTGTAT
bovine-CoV,TGTAATATT
bovine-CoV,TGTTAATTAT
bovine-CoV,TGTTACTAA
bovine-CoV,TTAATGAATG
bovine-CoV,TTAATTATA
bovine-CoV,TTACTAATGGT
bovine-CoV,TTACTATTGA
bovine-CoV,TTAGTGCAG
bovine-CoV,TTATGTAAA
bovine-CoV,TTATTATGT
bovine-CoV,TTGAGGCTT
bovine-CoV,TTGCTGGTG
bovine-CoV,TTGTTTATG
bovine-CoV,TTGTTTTAA
bovine-CoV,TTTACTATT
bovine-CoV,TTTGACAGCTAT
bovine-CoV,TTTGTATTT
bovine-CoV,TTTGTGTGT
bovine-CoV,TTTTACAGA
bovine-CoV,TTTTGTTGAGG
bovine-CoV,AATAGTGGTA
bovine-CoV,AATGCTGAT
bovine-CoV,ACTTATTAT
bovine-CoV,ACTTGTAATA
bovine-CoV,AGTAAATGA
bovine-CoV,ATAGGAGATTT
bovine-CoV,ATGATGTTG
bovine-CoV,ATGGTGTTA
bovine-CoV,ATTTTGATA
bovine-CoV,CACTGGTGTT
bovine-CoV,CACTGGTGTT
bovine-CoV,CACTGTTCAG
bovine-CoV,CCTGCAGGT
bovine-CoV,CGATTGTAATA
bovine-CoV,CTAATGGTA
bovine-CoV,CTATGGTTT
bovine-CoV,CTGTTGATT
bovine-CoV,GACACTGGTGTT
bovine-CoV,GGTATTTTTG
bovine-CoV,GGTGTTGTT
bovine-CoV,GTAGGTAGTGGTT
bovine-CoV,GTTTCTGTT
bovine-CoV,TAATGTATA
bovine-CoV,TACTTTTGT
bovine-CoV,TAGTTGGCA
bovine-CoV,TATTATAAT
bovine-CoV,TATTTTTGCTAA
bovine-CoV,TCCTTCTATT
bovine-CoV,TGCTGCTAA
bovine-CoV,TGTTACTAA
bovine-CoV,TTACTAATGGT
bovine-CoV,TTACTATTGA
bovine-CoV,TTGTAATAA
bovine-CoV,TTGTTCTACT
bovine-CoV,TTTACTAAT
bovine-CoV,TTTTACAGA
bovine-CoV,AAAATCAAA
bovine-CoV,AATAATACT
bovine-CoV,AATGCTGAA
bovine-CoV,AATGCTGAT
bovine-CoV,AATGGTTTA
bovine-CoV,ACTATAGGTA
bovine-CoV,ACTGGTGTT
bovine-CoV,ACTGGTGTT
bovine-CoV,ACTTATTAT
bovine-CoV,ACTTGTAATA
bovine-CoV,ACTTTAGCT
bovine-CoV,AGGTTAATG
bovine-CoV,AGTAAAGTT
bovine-CoV,AGTAAATGA
bovine-CoV,AGTCAAAAT
bovine-CoV,AGTGGTTATT
bovine-CoV,ATAACTATAG
bovine-CoV,ATAGGAGATTT
bovine-CoV,ATGATGTTG
bovine-CoV,ATGCTGTTG
bovine-CoV,ATGGTATTA
bovine-CoV,ATGGTGTTA
bovine-CoV,ATGGTTTAAA
bovine-CoV,ATTTTATTT
bovine-CoV,ATTTTGATA
bovine-CoV,CACTGTTCAG
bovine-CoV,CAGCAGCAG
bovine-CoV,CCTGCAGGT
bovine-CoV,CGATTGTAATA
bovine-CoV,CTAATGGTA
bovine-CoV,CTATGGTTT
bovine-CoV,CTTTGACTT
bovine-CoV,CTTTTAATT
bovine-CoV,CTTTTAATT
bovine-CoV,CTTTTAATT
bovine-CoV,GACACTGGTGTT
bovine-CoV,GATTTTACTA
bovine-CoV,GGTAGTGGTTA
bovine-CoV,GGTAGTGGTT
bovine-CoV,GGTATTTTTG
bovine-CoV,GGTGTTGTT
bovine-CoV,GTAGGTAGTGGTT
bovine-CoV,GTTATAATG
bovine-CoV,TAATGGTAATC
bovine-CoV,TAATGGTATT
bovine-CoV,TAATGTATA
bovine-CoV,TACTATTGA
bovine-CoV,TACTTTTGT
bovine-CoV,TAGTTGGCA
bovine-CoV,TATTAATGGG
bovine-CoV,TATTATAAT
bovine-CoV,TATTTAAAT
bovine-CoV,TATTTTTGCTAA
bovine-CoV,TGCTGCTAA
bovine-CoV,TGGCATTGG
bovine-CoV,TGGTTATTA
bovine-CoV,TGGTTTGTAT
bovine-CoV,TGTTAATTAT
bovine-CoV,TGTTACTAA
bovine-CoV,TGTTTGTGT
bovine-CoV,TTAATGAATG
bovine-CoV,TTAATTATA
bovine-CoV,TTACTAATGGT
bovine-CoV,TTAGTGCAG
bovine-CoV,TTGCTGGTG
bovine-CoV,TTGGTGCTAT
bovine-CoV,TTGTAATAG
bovine-CoV,TTGTTAATG
bovine-CoV,TTGTTCTACT
bovine-CoV,TTGTTTCCT
bovine-CoV,TTGTTTTAA
bovine-CoV,TTTACTAAT
bovine-CoV,TTTGTATTT
bovine-CoV,TTTTACAGA
bovine-CoV,TTTTACTAT
bovine-CoV,AAAACCAAA
bovine-CoV,AAGATGGTGT
bovine-CoV,AATGCTGAA
bovine-CoV,AATGCTGAT
bovine-CoV,AATGGTATT
bovine-CoV,AATGGTTTA
bovine-CoV,ACTATAGGTA
bovine-CoV,ACTGGTGTT
bovine-CoV,ACTGGTGTT
bovine-CoV,ACTTATTAT
bovine-CoV,ACTTGTAATA
bovine-CoV,AGGTTAATG
bovine-CoV,AGTAAAGTT
bovine-CoV,AGTAAATGA
bovine-CoV,AGTGGTTATT
bovine-CoV,ATAACTATAG
bovine-CoV,ATGATGTTG
bovine-CoV,ATGCTCTTG
bovine-CoV,ATGCTGTTG
bovine-CoV,CAGCAGCAG
bovine-CoV,CATGATGTT
bovine-CoV,CATGTAAAT
bovine-CoV,CCAATGGTA
bovine-CoV,CCTGCAGGT
bovine-CoV,CTGATTTTA
bovine-CoV,CTGTTAATT
bovine-CoV,CTTTGACTT
bovine-CoV,CTTTTAATT
bovine-CoV,GACACTGGTGTT
bovine-CoV,GACCTACAA
bovine-CoV,GCTCTTAAT
bovine-CoV,GGTAATGGT
bovine-CoV,GGTGTTACC
bovine-CoV,GGTGTTGTT
bovine-CoV,GGTTTGTAT
bovine-CoV,GTAATATGG
bovine-CoV,GTTTCTGTT
bovine-CoV,TAAAGCTCC
bovine-CoV,TAAATTGGG
bovine-CoV,TAACTATAGA
bovine-CoV,TAACTATAG
bovine-CoV,TAATATTGA
bovine-CoV,TAATGGTAA
bovine-CoV,TAATGGTAT
bovine-CoV,TAATTTTAAT
bovine-CoV,TAGTTGGCA
bovine-CoV,TATTAATGG
bovine-CoV,TATTATAAT
bovine-CoV,TATTTAAAT
bovine-CoV,TATTTTTGCTAA
bovine-CoV,TGGCATAGG
bovine-CoV,TGGTTATTAC
bovine-CoV,TGGTTTAAA
bovine-CoV,TGTAATATT
bovine-CoV,TGTTAATTAT
bovine-CoV,TGTTACTAA
bovine-CoV,TGTTTATTTA
bovine-CoV,TTAAAGATGG
bovine-CoV,TTAATGAATG
bovine-CoV,TTACTATTGA
bovine-CoV,TTAGTGCAG
bovine-CoV,TTATTATGT
bovine-CoV,TTCTGCTTT
bovine-CoV,TTGAGGCTT
bovine-CoV,TTGCTGGTG
bovine-CoV,TTGGGTAAT
bovine-CoV,TTGGTGCTAT
bovine-CoV,TTGTTAATG
bovine-CoV,TTGTTTTAA
bovine-CoV,TTTACTATT
bovine-CoV,TTTGTATTT
bovine-CoV,TTTTACAGA
bovine-CoV,AAAATCAAA
bovine-CoV,AACCTGTAGGTG
bovine-CoV,AATAATACT
bovine-CoV,AATAGTGGTA
bovine-CoV,AATGCTGAA
bovine-CoV,AATGCTGAT
bovine-CoV,AATGGTTTA
bovine-CoV,ACTATAGGTA
bovine-CoV,ACTGGTGTT
bovine-CoV,ACTTATTAT
bovine-CoV,AGATTTGGT
bovine-CoV,AGGTTAATG
bovine-CoV,AGTAAATGA
bovine-CoV,AGTGGTTATT
bovine-CoV,ATAACTATAG
bovine-CoV,ATAGGAGATTT
bovine-CoV,ATGATGTTG
bovine-CoV,ATGCTCTTGA
bovine-CoV,ATGCTGTTG
bovine-CoV,ATGGCTTTT
bovine-CoV,ATGGTTTAAA
bovine-CoV,ATTTTATTT
bovine-CoV,CAGCAGCAG
bovine-CoV,CATGATGTT
bovine-CoV,CGATTGTAATA
bovine-CoV,CTACCAATT
bovine-CoV,CTATGGTTT
bovine-CoV,CTTTTAATT
bovine-CoV,GACCTACAA
bovine-CoV,GACTTATTA
bovine-CoV,GATTTGTCA
bovine-CoV,GCTCTTAAT
bovine-CoV,GGTAATGGT
bovine-CoV,GGTAGTGGTTA
bovine-CoV,GGTATTTTTG
bovine-CoV,GGTGTTGTT
bovine-CoV,GTAATATGG
bovine-CoV,GTTTCTGTT
bovine-CoV,TAAATCAGA
bovine-CoV,TAACTATAGA
bovine-CoV,TAACTATAG
bovine-CoV,TAATGGTAATC
bovine-CoV,TAATGGTAT
bovine-CoV,TAGTTGGCA
bovine-CoV,TATTAATGGG
bovine-CoV,TATTATAAT
bovine-CoV,TATTTAAAT
bovine-CoV,TATTTTTGCTAA
bovine-CoV,TCAGTAAAT
bovine-CoV,TGCTGCTAA
bovine-CoV,TGGTTTGTAT
bovine-CoV,TGTTACTAA
bovine-CoV,TTAACTATA
bovine-CoV,TTAATGAATG
bovine-CoV,TTACTACCCT
bovine-CoV,TTACTATTGA
bovine-CoV,TTACTTGTA
bovine-CoV,TTAGTGCAG
bovine-CoV,TTATTATGT
bovine-CoV,TTCTGCTTT
bovine-CoV,TTGATGCTA
bovine-CoV,TTGCTGGTG
bovine-CoV,TTGTAATAA
bovine-CoV,TTGTTAATG
bovine-CoV,TTGTTTTAA
bovine-CoV,TTTACTATT
bovine-CoV,TTTCCAGCA
bovine-CoV,TTTTACAGA
bovine-CoV,TTTTGTTGAGG
bovine-CoV,CCTGCAGGT
bovine-CoV,AAAATCAAA
bovine-CoV,AATAATACT
bovine-CoV,AATGCTGAA
bovine-CoV,AATGCTGAT
bovine-CoV,AATGGTTTA
bovine-CoV,ACTATAGGTA
bovine-CoV,ACTGGTGTT
bovine-CoV,ACTGGTGTT
bovine-CoV,ACTTATTAT
bovine-CoV,ACTTGTAATA
bovine-CoV,ACTTTAGCT
bovine-CoV,AGGTTAATG
bovine-CoV,AGTAAATGA
bovine-CoV,AGTCAAAAT
bovine-CoV,AGTGGTTATT
bovine-CoV,ATAACTATAG
bovine-CoV,ATAGGAGATTT
bovine-CoV,ATGATGTTG
bovine-CoV,ATGCTGTTG
bovine-CoV,ATGGTATTA
bovine-CoV,ATGGTGTTA
bovine-CoV,ATGGTTTAAA
bovine-CoV,ATTTTATTT
bovine-CoV,ATTTTGATA
bovine-CoV,CACTGTTCAG
bovine-CoV,CAGCAGCAG
bovine-CoV,CCTGCAGGT
bovine-CoV,CGATTGTAATA
bovine-CoV,CTAATGGTA
bovine-CoV,CTACTAATT
bovine-CoV,CTATGGTTT
bovine-CoV,CTTTGACTT
bovine-CoV,CTTTTAATT
bovine-CoV,CTTTTAATT
bovine-CoV,CTTTTAATT
bovine-CoV,GACACTGGTGTT
bovine-CoV,GACTTATTA
bovine-CoV,GATTTTACTA
bovine-CoV,GCTCTTAAT
bovine-CoV,GGTAGTGGTTA
bovine-CoV,GGTAGTGGTT
bovine-CoV,GGTATTTTTG
bovine-CoV,GGTGTTGTT
bovine-CoV,GTAGGTAGTGGTT
bovine-CoV,GTTATAATG
bovine-CoV,TAATGGTAATC
bovine-CoV,TAATGGTATT
bovine-CoV,TAATGTATA
bovine-CoV,TACTAATTAT
bovine-CoV,TACTATTGA
bovine-CoV,TACTTTTGT
bovine-CoV,TAGTTGGCA
bovine-CoV,TATTAATGGG
bovine-CoV,TATTATAAT
bovine-CoV,TATTTAAAT
bovine-CoV,TATTTTTGCTAA
bovine-CoV,TGCTGCTAA
bovine-CoV,TGGCATTGG
bovine-CoV,TGGTTATTA
bovine-CoV,TGGTTTGTAT
bovine-CoV,TGTTAATTAT
bovine-CoV,TGTTACTAA
bovine-CoV,TGTTTGTGT
bovine-CoV,TTAATGAATG
bovine-CoV,TTAATTATA
bovine-CoV,TTACTAATGGT
bovine-CoV,TTAGTGCAG
bovine-CoV,TTGCTGGTG
bovine-CoV,TTGGTGCTAT
bovine-CoV,TTGTAATAG
bovine-CoV,TTGTTAATG
bovine-CoV,TTGTTCTACT
bovine-CoV,TTGTTTCCT
bovine-CoV,TTGTTTTAA
bovine-CoV,TTTACTAAT
bovine-CoV,TTTGTATTTT
bovine-CoV,TTTTACAGA
bovine-CoV,TTTTACTAT
bovine-CoV,AAAATCAAA
bovine-CoV,AAGATGGTGT
bovine-CoV,AATGCTGAA
bovine-CoV,AATGCTGAT
bovine-CoV,AATGGTTTA
bovine-CoV,ACAGCTGCAA
bovine-CoV,ACTATAGGTA
bovine-CoV,ACTGGTGTT
bovine-CoV,ACTGGTGTT
bovine-CoV,ACTTATTAT
bovine-CoV,ACTTGTAATA
bovine-CoV,AGGAAGGTT
bovine-CoV,AGGTTAATG
bovine-CoV,AGTAAATGA
bovine-CoV,AGTGGTTATT
bovine-CoV,ATAACTATAG
bovine-CoV,ATAGGAGATTT
bovine-CoV,ATGATGTTG
bovine-CoV,ATGCTGTTG
bovine-CoV,ATGGCTTTT
bovine-CoV,ATGGTTTAAA
bovine-CoV,ATTTTATTT
bovine-CoV,ATTTTGATAG
bovine-CoV,CAGCAGCAG
bovine-CoV,CATGATGTT
bovine-CoV,CCTGCAGGT
bovine-CoV,CTAATGGTA
bovine-CoV,CTATGGTTT
bovine-CoV,CTGATTTTA
bovine-CoV,CTGGTATAG
bovine-CoV,CTGTTAATT
bovine-CoV,CTTTTAATT
bovine-CoV,GACACTGGTGTT
bovine-CoV,GACCTACAA
bovine-CoV,GACTTATTA
bovine-CoV,GGAGGCAAT
bovine-CoV,GGTAGTGGTTA
bovine-CoV,GGTAGTGGT
bovine-CoV,GGTATTTTTG
bovine-CoV,GGTGTTGTT
bovine-CoV,GTAATATGG
bovine-CoV,GTAGGTAGTGGT
bovine-CoV,GTTTCTGTT
bovine-CoV,TAACTATAGA
bovine-CoV,TAACTATAG
bovine-CoV,TAATAATATT
bovine-CoV,TAATATTGA
bovine-CoV,TAATGGTAATC
bovine-CoV,TACTAATTTTGA
bovine-CoV,TATTAATGGG
bovine-CoV,TATTATAAT
bovine-CoV,TATTTAAAT
bovine-CoV,TATTTTTGCTAA
bovine-CoV,TGCTGCTAA
bovine-CoV,TGGTATAGG
bovine-CoV,TGGTTTGTAT
bovine-CoV,TGTAATATT
bovine-CoV,TGTTAATTAT
bovine-CoV,TGTTACTAA
bovine-CoV,TTAAAGATGG
bovine-CoV,TTAATGAATG
bovine-CoV,TTACTAATGGT
bovine-CoV,TTACTACCCT
bovine-CoV,TTACTATTGA
bovine-CoV,TTAGTGCAG
bovine-CoV,TTATTATGT
bovine-CoV,TTCTGCTTT
bovine-CoV,TTGAGGCTT
bovine-CoV,TTGCTGGTG
bovine-CoV,TTGTTAATG
bovine-CoV,TTGTTTTAA
bovine-CoV,TTTACTAAT
bovine-CoV,TTTACTATT
bovine-CoV,TTTCTGTTT
bovine-CoV,TTTGTATTTC
bovine-CoV,TTTTACAGA
bovine-CoV,TTTTGTTGAGG
bovine-CoV,AAAACCAAA
bovine-CoV,AAGATGGTGT
bovine-CoV,AATAATACT
bovine-CoV,AATGCTGAA
bovine-CoV,AATGCTGAT
bovine-CoV,AATGGTTTA
bovine-CoV,ACAACCACA
bovine-CoV,ACTGGTGTT
bovine-CoV,ACTGGTGTT
bovine-CoV,ACTTATTAT
bovine-CoV,ACTTGTAATA
bovine-CoV,AGGTTAATG
bovine-CoV,AGTAAATGA
bovine-CoV,AGTGGTTATT
bovine-CoV,AGTTTAGAA
bovine-CoV,ATGATGTTG
bovine-CoV,ATGCTGTTG
bovine-CoV,ATGGTGTTA
bovine-CoV,ATGGTTTAAA
bovine-CoV,CATGTAAATT
bovine-CoV,CATTATTAT
bovine-CoV,CGGTTACACT
bovine-CoV,CTAATGGTA
bovine-CoV,CTATGGTTT
bovine-CoV,CTGATTTTA
bovine-CoV,CTGGTGTTG
bovine-CoV,GACACTGGTGTT
bovine-CoV,GACCTACAA
bovine-CoV,GACTTATTA
bovine-CoV,GCTCTTAATA
bovine-CoV,GCTCTTAAT
bovine-CoV,GCTCTTAAT
bovine-CoV,GGAGGCAAT
bovine-CoV,GGTAGTGGTTA
bovine-CoV,GGTAGTGGT
bovine-CoV,GGTATTTTTG
bovine-CoV,GGTGTTGTT
bovine-CoV,GTACTTGCC
bovine-CoV,GTTTCTGTT
bovine-CoV,TAAATTACA
bovine-CoV,TAACTATAGA
bovine-CoV,TAATGGTAT
bovine-CoV,TAATTATTT
bovine-CoV,TACAAAAAG
bovine-CoV,TAGGTACTT
bovine-CoV,TATTAATGG
bovine-CoV,TATTATAAT
bovine-CoV,TATTTAAAT
bovine-CoV,TATTTTTGCTAA
bovine-CoV,TGATTGTAA
bovine-CoV,TGCTGCTAA
bovine-CoV,TGGTAGTGGT
bovine-CoV,TGTTAATGCA
bovine-CoV,TGTTAATTAT
bovine-CoV,TGTTACTAA
bovine-CoV,TTAAAGATGG
bovine-CoV,TTAATAGTG
bovine-CoV,TTACTAATGGT
bovine-CoV,TTACTACCC
bovine-CoV,TTACTATAGGT
bovine-CoV,TTACTATTC
bovine-CoV,TTAGTGCAG
bovine-CoV,TTATTAATG
bovine-CoV,TTATTATGT
bovine-CoV,TTCAATGTA
bovine-CoV,TTCCATTTT
bovine-CoV,TTCCTGTTTA
bovine-CoV,TTGAGGCTT
bovine-CoV,TTGATGCTG
bovine-CoV,TTGGATTTT
bovine-CoV,TTGTAATAA
bovine-CoV,TTGTGTTAA
bovine-CoV,TTTAACTAT
bovine-CoV,TTTACTAAT
bovine-CoV,TTTACTATT
bovine-CoV,TTTTAAGCC
bovine-CoV,TTTTGTTGAGG
bovine-CoV,TTTTTGATA
bovine-CoV,AATGCTGAA
bovine-CoV,AGTGGTTATT
bovine-CoV,CAGCAGCAG
bovine-CoV,GCTCTTAAT
bovine-CoV,TATTAATGGG
bovine-CoV,TTAGTGCAG
bovine-CoV,TTGCTGGTG
bovine-CoV,TTGGTGCTAT
bovine-CoV,TTGTTAATG
bovine-CoV,AAAATCAAA
bovine-CoV,AAGATGGTGT
bovine-CoV,AATGCTGAA
bovine-CoV,AATGGTTTA
bovine-CoV,ACTATAGGTA
bovine-CoV,ACTGGTGTT
bovine-CoV,ACTGGTGTT
bovine-CoV,ACTTATTAT
bovine-CoV,ACTTGTAATA
bovine-CoV,AGATTTGGT
bovine-CoV,AGGTTAATG
bovine-CoV,AGTAAAGTT
bovine-CoV,AGTAAATGA
bovine-CoV,AGTGGTTAC
bovine-CoV,AGTGGTTATT
bovine-CoV,ATAACTATAG
bovine-CoV,ATAGGAGATTT
bovine-CoV,ATGATGTTG
bovine-CoV,ATGCTCTTG
bovine-CoV,ATGCTGTTG
bovine-CoV,CAGCAGCAG
bovine-CoV,CATGATGTT
bovine-CoV,CCTGCAGGT
bovine-CoV,CGATTGCAATA
bovine-CoV,CTAATGGTA
bovine-CoV,CTGATTTTA
bovine-CoV,CTGTTAATT
bovine-CoV,CTTTTAATT
bovine-CoV,CTTTTAATT
bovine-CoV,CTTTTAATT
bovine-CoV,GACACTGGTGTT
bovine-CoV,GACCTACAA
bovine-CoV,GACTTATTA
bovine-CoV,GCTCTTAAT
bovine-CoV,GGTAGTGGTTA
bovine-CoV,GGTAGTGGTT
bovine-CoV,GGTGTTGTT
bovine-CoV,GGTTACACT
bovine-CoV,GTAATATGG
bovine-CoV,GTAGGTAGTGGTT
bovine-CoV,GTTTCTGTT
bovine-CoV,TAATGGTAATC
bovine-CoV,TAATGGTATT
bovine-CoV,TAATGGTAT
bovine-CoV,TAATGGTAT
bovine-CoV,TAGTTGGCA
bovine-CoV,TATTAATGG
bovine-CoV,TATTATAAT
bovine-CoV,TATTTAAAT
bovine-CoV,TATTTTTGCTAA
bovine-CoV,TGCTGCTAA
bovine-CoV,TGGCATAGG
bovine-CoV,TGGTTATTAC
bovine-CoV,TGGTTTAAA
bovine-CoV,TGGTTTGTAT
bovine-CoV,TGTTAATTAT
bovine-CoV,TGTTACTAA
bovine-CoV,TTAAAGATGG
bovine-CoV,TTAATGAATG
bovine-CoV,TTAATTATA
bovine-CoV,TTACTAATGGT
bovine-CoV,TTACTATTGA
bovine-CoV,TTAGTGCAG
bovine-CoV,TTATTATGT
bovine-CoV,TTCTGCTTT
bovine-CoV,TTGAGGCTT
bovine-CoV,TTGCTGGTG
bovine-CoV,TTGGGTAAT
bovine-CoV,TTGGTGCTAT
bovine-CoV,TTGTTAATG
bovine-CoV,TTGTTTTAA
bovine-CoV,TTTACTAAT
bovine-CoV,TTTACTATT
bovine-CoV,TTTGTATTT
bovine-CoV,TTTTACAGA
bovine-CoV,TTTTGTTGAGG
bovine-CoV,AAAATCAAA
bovine-CoV,AAGATGGTGT
bovine-CoV,AATGCTGAA
bovine-CoV,AATGCTGAT
bovine-CoV,AATGGTTTA
bovine-CoV,ACTATAGGTA
bovine-CoV,ACTGGTGTT
bovine-CoV,ACTGGTGTT
bovine-CoV,ACTTATTAT
bovine-CoV,ACTTGTAATA
bovine-CoV,AGATTTGGT
bovine-CoV,AGGTTAATG
bovine-CoV,AGTAAAGTT
bovine-CoV,AGTAAATGA
bovine-CoV,AGTGGTTAC
bovine-CoV,AGTGGTTATT
bovine-CoV,ATAACTATAG
bovine-CoV,ATAGGAGATTT
bovine-CoV,ATGATGTTG
bovine-CoV,ATGCTCTTG
bovine-CoV,ATGCTGTTG
bovine-CoV,CAGCAGCAG
bovine-CoV,CATGATGTT
bovine-CoV,CTAATGGTA
bovine-CoV,CTACCAATT
bovine-CoV,CTGTTAATT
bovine-CoV,CTTTTAATT
bovine-CoV,CTTTTAATT
bovine-CoV,CTTTTAATT
bovine-CoV,GACACTGGTGTT
bovine-CoV,GACCTACAA
bovine-CoV,GACTTATTA
bovine-CoV,GCTCTTAAT
bovine-CoV,GGTAGTGGTTA
bovine-CoV,GGTAGTGGTT
bovine-CoV,GGTGTTGTT
bovine-CoV,GGTTACACT
bovine-CoV,GGTTTGTAT
bovine-CoV,GTAATATGG
bovine-CoV,GTAGGTAGTGGTT
bovine-CoV,GTTTCTGTT
bovine-CoV,TAATGGTAATC
bovine-CoV,TAATGGTATT
bovine-CoV,TAATGGTAT
bovine-CoV,TAATGGTAT
bovine-CoV,TAATTTTAAT
bovine-CoV,TAGTTGGCA
bovine-CoV,TATAGTGTG
bovine-CoV,TATGGCATTG
bovine-CoV,TATTAATGG
bovine-CoV,TATTATAAT
bovine-CoV,TATTTAAAT
bovine-CoV,TATTTTTGCTAA
bovine-CoV,TGCTGCTAA
bovine-CoV,TGGCATAGG
bovine-CoV,TGTTAATTAT
bovine-CoV,TGTTACTAA
bovine-CoV,TGTTTCCTG
bovine-CoV,TTAAAGATGG
bovine-CoV,TTAATGAATG
bovine-CoV,TTAATTATA
bovine-CoV,TTACTAATGGT
bovine-CoV,TTACTACCCT
bovine-CoV,TTACTATTGA
bovine-CoV,TTAGTGCAG
bovine-CoV,TTATTATGT
bovine-CoV,TTCTGCTTT
bovine-CoV,TTGAGGCTT
bovine-CoV,TTGCTGGTG
bovine-CoV,TTGGTGCTAT
bovine-CoV,TTGTTAATG
bovine-CoV,TTGTTTTAA
bovine-CoV,TTTACTAAT
bovine-CoV,TTTACTATT
bovine-CoV,TTTGTATTTT
bovine-CoV,TTTTACAGA
bovine-CoV,TTTTGTTGAGG
bovine-CoV,AAAATCAAA
bovine-CoV,AAGGTTAAT
bovine-CoV,AATAATACT
bovine-CoV,AATGCTGAA
bovine-CoV,AATGCTGAT
bovine-CoV,AATGGTTTA
bovine-CoV,ACTATAGGTA
bovine-CoV,ACTGGTGTT
bovine-CoV,ACTGGTGTT
bovine-CoV,ACTTATTAT
bovine-CoV,ACTTGTAATA
bovine-CoV,ACTTTAGCT
bovine-CoV,AGGAGATTT
bovine-CoV,AGGTTAATG
bovine-CoV,AGTAAATGA
bovine-CoV,AGTCAAAAT
bovine-CoV,AGTGGTTATT
bovine-CoV,ATAACTATAG
bovine-CoV,ATGATGTTG
bovine-CoV,ATGCTGTTG
bovine-CoV,ATGGTATTA
bovine-CoV,ATGGTGTTA
bovine-CoV,ATGGTTTAAA
bovine-CoV,ATTTTATTT
bovine-CoV,ATTTTGATA
bovine-CoV,CACTGTTCAG
bovine-CoV,CAGCAGCAG
bovine-CoV,CCTGCAGGT
bovine-CoV,CGATTGTAATA
bovine-CoV,CTAATGGTA
bovine-CoV,CTATGGTTT
bovine-CoV,CTTTTAATT
bovine-CoV,GACACTGGTGTT
bovine-CoV,GACTTATTA
bovine-CoV,GATTTTACTA
bovine-CoV,GCTCTTAAT
bovine-CoV,GGTAGTGGTTA
bovine-CoV,GGTAGTGGT
bovine-CoV,GGTATTTTTG
bovine-CoV,GGTGTTGTT
bovine-CoV,GTAGGTAGTGGT
bovine-CoV,GTTATAATG
bovine-CoV,GTTTCTGTT
bovine-CoV,TAACTATAGA
bovine-CoV,TAACTATAG
bovine-CoV,TAATGGTAATC
bovine-CoV,TAATGGTATT
bovine-CoV,TAATGTATA
bovine-CoV,TACTATTGA
bovine-CoV,TACTTTTGT
bovine-CoV,TAGTTGGCA
bovine-CoV,TATTAATGGG
bovine-CoV,TATTATAAT
bovine-CoV,TATTTAAAT
bovine-CoV,TATTTTTGCTAA
bovine-CoV,TGCTGCTAA
bovine-CoV,TGGTTATTA
bovine-CoV,TGGTTTGTAT
bovine-CoV,TGTTAATTAT
bovine-CoV,TGTTACTAA
bovine-CoV,TTAATGAATG
bovine-CoV,TTACTAATGGT
bovine-CoV,TTAGTGCAG
bovine-CoV,TTGCTGGTG
bovine-CoV,TTGGTGCTAT
bovine-CoV,TTGTAATAG
bovine-CoV,TTGTTAATG
bovine-CoV,TTGTTCTACT
bovine-CoV,TTGTTTCCT
bovine-CoV,TTGTTTTAA
bovine-CoV,TTTACTAAT
bovine-CoV,TTTGTATGA
bovine-CoV,TTTGTATTT
bovine-CoV,TTTTACAGA
bovine-CoV,TTTTACTAT
bovine-CoV,CCTGCAGGT
bovine-CoV,CTGGTATAG
bovine-CoV,TGGTATAGG
bovine-CoV,AAAATCAAA
bovine-CoV,AAGGTTAAT
bovine-CoV,AATAATACT
bovine-CoV,AATGCTGAA
bovine-CoV,AATGCTGAT
bovine-CoV,AATGGTTTA
bovine-CoV,ACTATAGGTA
bovine-CoV,ACTGGTGTT
bovine-CoV,ACTGGTGTT
bovine-CoV,ACTTGTAATA
bovine-CoV,ACTTTAGCT
bovine-CoV,AGGTTAATG
bovine-CoV,AGTAAATGA
bovine-CoV,AGTGGTTATT
bovine-CoV,AGTTTAATG
bovine-CoV,ATAACTATAG
bovine-CoV,ATAGGAGATTT
bovine-CoV,ATGATGTTG
bovine-CoV,ATGCTGTTG
bovine-CoV,ATGGTATTA
bovine-CoV,ATGGTGTTA
bovine-CoV,ATGGTTTAAA
bovine-CoV,ATTTTATTT
bovine-CoV,ATTTTGATA
bovine-CoV,ATTTTTGCTAA
bovine-CoV,CACTGTTCAG
bovine-CoV,CAGCAGCAG
bovine-CoV,CCTGCAGGT
bovine-CoV,CGATTGTAATA
bovine-CoV,CTAATGGTA
bovine-CoV,CTATGGTTT
bovine-CoV,CTTTTAATT
bovine-CoV,CTTTTAATT
bovine-CoV,CTTTTAATT
bovine-CoV,GACACTGGTGTT
bovine-CoV,GACTTATTA
bovine-CoV,GATTTTACTA
bovine-CoV,GCTCTTAAT
bovine-CoV,GGTAGTGGTTA
bovine-CoV,GGTAGTGGTT
bovine-CoV,GGTATTTTTG
bovine-CoV,GTAGGTAGTGGTT
bovine-CoV,GTTATAATG
bovine-CoV,GTTTAATGTA
bovine-CoV,GTTTCTGTT
bovine-CoV,TAATGGTAATC
bovine-CoV,TAATGGTATT
bovine-CoV,TAATGTATA
bovine-CoV,TACTTTTGT
bovine-CoV,TAGTTGGCA
bovine-CoV,TATTAATGGG
bovine-CoV,TATTATAAT
bovine-CoV,TATTTAAAT
bovine-CoV,TGCTGCTAA
bovine-CoV,TGGTTATTA
bovine-CoV,TGGTTTGTAT
bovine-CoV,TGTTAATTAT
bovine-CoV,TGTTACTAA
bovine-CoV,TTAATGAATG
bovine-CoV,TTAATTATA
bovine-CoV,TTACTAATGGT
bovine-CoV,TTACTATTGA
bovine-CoV,TTAGTGCAG
bovine-CoV,TTGCTGGTG
bovine-CoV,TTGGTGCTAT
bovine-CoV,TTGTAATAG
bovine-CoV,TTGTTAATG
bovine-CoV,TTGTTCTACT
bovine-CoV,TTGTTTTAA
bovine-CoV,TTTACTAAT
bovine-CoV,TTTACTATT
bovine-CoV,TTTGTATGA
bovine-CoV,TTTGTATTT
bovine-CoV,TTTTACAGA
bovine-CoV,TTTTACTAT
bovine-CoV,TTTTGTTGAGG
bovine-CoV,AACCTGTAGGTG
bovine-CoV,AATAATACT
bovine-CoV,AATAGTGGTA
bovine-CoV,AATGCTGAA
bovine-CoV,AATGCTGAT
bovine-CoV,AATGGTTTA
bovine-CoV,ACTATAGGTA
bovine-CoV,ACTTATTAT
bovine-CoV,AGATTTGGT
bovine-CoV,AGTAAATGA
bovine-CoV,AGTGGTTATT
bovine-CoV,ATAACTATAG
bovine-CoV,ATAGGAGATTT
bovine-CoV,ATGATGTTG
bovine-CoV,ATGCTGTTG
bovine-CoV,ATGGCTTTT
bovine-CoV,ATGGTTTAAA
bovine-CoV,CATGATGTT
bovine-CoV,CTATGGTTT
bovine-CoV,CTTTTAATT
bovine-CoV,GACCTACAA
bovine-CoV,GACTTATTA
bovine-CoV,GATTGTAATA
bovine-CoV,GATTTGTCA
bovine-CoV,GCTNNNNNNNNNNNNNNNNNNNNNNNNNNNNNNNNNNNNNNNNNNNNNNNNNNNNNNNNNNNNNNNNNNNNNNNNNNNNNNNNNNNNNNNNNNNNNNNNNNNNNNNNNNNNNNNNNNNNNNNNNNNNNNNNNNNNNNNNNNNNNNNNNNN
bovine-CoV,GGTAGTGGTTA
bovine-CoV,GGTATTTTTG
bovine-CoV,GGTGTTGTT
bovine-CoV,GTAATATGG
bovine-CoV,GTTTCTGTT
bovine-CoV,NNNNNNNNNNNNNNNNNNNNNNNNNNNNNNNNNNNNNNNNNNNNNNNNNNNNNNNNNNNNNNNNNNNNNNNNNNNNNNNNNNNNNNNNNNNNNNNNNNNNNNNNNNNNNNNNNNNNNNNNNNNNNNNNNNNNNNNNNNNNNNNNNNNNNNNNNNNNNNNNNNNNNNNNNNNNNNNNNNNNNNNNNNNNNNNNNNNNNNNNNNNNNNNNNNNNNNNNNNNNNNNNNNNNNNNNNNNNNNNNNNNNNNNNNNNNNNNNNNNNNNNNNNNNNNNNNNNNNNNNNNNNNNNNNNNNNNNNNNNNNNNNN
bovine-CoV,NNNNNNNNNNNNNNNNNNNNNNNNNNNNNNNNNNNNNNNNNNNNNNNNNNNNNNNNNNNNNNNNNNNNNNNNNNNNNNNNNNNNNNNNNNNNNNNNNNNNNNNNNNNNNNNNNNNNNNNNNNNNNNNNNNNNNNNNNNNNNNNNNNNNNNNNNNNNNNNNNNNNNNNNNNNNNNNNNNNNNNNNNNNNNNNNNNNNNNNNNNNNNNNNNNNNNNNNNNNNNNNNNNNNNNNNNNNNNNNNNNNNNNNNNNNNNNNNNNNNNNNNNNNNNNNNNNNNNNNNNNNNNNNNNNNNNNNNNNNNNNNN
bovine-CoV,NNNNNNNNNNNNNNNNNNNNNNNNNNNNNNNNNNNNNNNNNNNNNNNNNNNNNNNNNNNNNNNNNNNNNNNNNNNNNNNNNNNNNNNNNNNNNNNNNNNNNNNNNNNNNNNNNNNNNNNNNNNNNNNNNNNNNNNNNNNNNNNNNNNNNNNNNNNNNNNNNNNNNNNNNNNNNNNNNNNNNNNNNNNNNNNNNNNNNNNNNNNNNNNNNNNNNNNNNNNNNNNNNNNNNNNNNNNNNNNNNNNNNNNNNNNNNNNNNNNNNNNNNNNNNNNNNNNNNNNNNNNNNNNNNNNNNNNNNNNNNNN
bovine-CoV,NNNNNNNNNNNNNNNNNNNNNNNNNNNNNNNNNNNNNNNNNNNNNNNNNNNNNNNNNNNNNNNNNNNNNNNNNNNNNNNNNNNNNNNNNNNNNNNNNNNNNNNNNNNNNNNNNNNNNNNNNNNNNNNNNNNNNNNNNNNNNNNNNNNNNNNNNNNNNNNNNNNNNNNNNNNNNNNNNNNNNNNNNNNNNNNNNNNNNNNNNNNNNNNNNNNNNNNNNNNNNNNNNNNNNNNNNNNNNNNNNNNNNNNNNNNNNNNNNNNNNNNNNNNNNNNNNNNNNNNNNNNNNNNNNNNNNNNNNNNNNN
bovine-CoV,NNNNNNNNNNNNNNNNNNNNNNNNNNNNNNNNNNNNNNNNNNNNNNNNNNNNNNNNNNNNNNNNNNNNNNNNNNNNNNNNNNNNNNNNNNNNNNNNNNNNNNNNNNNNNNNNNNNNNNNNNNNNNNNNNNNNNNNNNNNNNNNNNNNNNNNNNNNNNNNNNNNNNNNNNNNNNNNNNNNNNNNNNNNNNNNNNNNNNNNNNNNNNNNNNNNNNNNNNNNNNNNNNNNNNNNNNNNNNNNNNNNNNNNNNNNNNNNNNNNNNNNNNNNNNNNNNNNNNNNNNNNNNNNNNNNNNNNNNNNNN
bovine-CoV,NNNNNNNNNNNNNNNNNNNNNNNNNNNNNNNNNNNNNNNNNNNNNNNNNNNNNNNNNNNNNNNNNNNNNNNNNNNNNNNNNNNNNNNNNNNNNNNNNNNNNNNNNNNNNNNNNNNNNNNNNNNNNNNNNNNNNNNNNNNNNNNNNNNNNNNNNNNNNNNNNNNNNNNNNNNNNNNNNNNNNNNNNNNNNNNNNNNNNNNNNNNNNNNNNNNNNNNNNNNNNNNNNNNNNNNNNNNNNNNNNNNNNNNNNNNNNNNNNNNNNNNNNNNNNNNNNNNNNNNNNNNNNNNNNNNNNNNNNNNN
bovine-CoV,NNNNNNNNNNNNNNNNNNNNNNNNNNNNNNNNNNNNNNNNNNNNNNNNNNNNNNNNNNNNNNNNNNNNNNNNNNNNNNNNNNNNNNNNNNNNNNNNNNNNNNNNNNNNNNNNNNNNNNNNNNNNNNNNNNNNNNNNNNNNNNNNNNNNNNNNNNNNNNNNNNNNNNNNNNNNNNNNNNNNNNNNNNNNNNNNNNNNNNNNNNNNNNNNNNNNNNNNNNNNNNNNNNNNNNNNNNNNNNNNNNNNNNNNNNNNNNNNNNNNNNNNNNNNNNNNNNNNNNNNNNNNNNNNNNNNNNNNNNN
bovine-CoV,NNNNNNNNNNNNNNNNNNNNNNNNNNNNNNNNNNNNNNNNNNNNNNNNNNNNNNNNNNNNNNNNNNNNNNNNNNNNNNNNNNNNNNNNNNNNNNNNNNNNNNNNNNNNNNNNNNNNNNNNNNNNNNNNNNNNNNNNNNNNNNNNNNNNNNNNNNNNNNNNNNNNNNNNNNNNNNNNNNNNNNNNNNNNNNNNNNNNNNNNNNNNNNNNNNNNNNNNNNNNNNNNNNNNNNNNNNNNNNNNNNNNNNNNNNNNNNNNNNNNNNNNNNNNNNNNNNNNNNNNNNNNNNNNNNNNNNNNNN
bovine-CoV,NNNNNNNNNNNNNNNNNNNNNNNNNNNNNNNNNNNNNNNNNNNNNNNNNNNNNNNNNNNNNNNNNNNNNNNNNNNNNNNNNNNNNNNNNNNNNNNNNNNNNNNNNNNNNNNNNNNNNNNNNNNNNNNNNNNNNNNNNNNNNNNNNNNNNNNNNNNNNNNNNNNNNNNNNNNNNNNNNNNNNNNNNNNNNNNNNNNNNNNNNNNNNNNNNNNNNNNNNNNNNNNNNNNNNNNNNNNNNNNNNNNNNNNNNNNNNNNNNNNNNNNNNNNNNNNNNNNNNNNNNNNNNNNNNNNNNNNNN
bovine-CoV,NNNNNNNNNNNNNNNNNNNNNNNNNNNNNNNNNNNNNNNNNNNNNNNNNNNNNNNNNNNNNNNNNNNNNNNNNNNNNNNNNNNNNNNNNNNNNNNNNNNNNNNNNNNNNNNNNNNNNNNNNNNNNNNNNNNNNNNNNNNNNNNNNNNNNNNNNNNNNNNNNNNNNNNNNNNNNNNNNNNNNNNNNNNNNNNNNNNNNNNNNNNNNNNNNNNNNNNNNNNNNNNNNNNNNNNNNNNNNNNNNNNNNNNNNNNNNNNNNNNNNNNNNNNNNNNNNNNNNNNNNNNNNNNNNNNNNNNN
bovine-CoV,NNNNNNNNNNNNNNNNNNNNNNNNNNNNNNNNNNNNNNNNNNNNNNNNNNNNNNNNNNNNNNNNNNNNNNNNNNNNNNNNNNNNNNNNNNNNNNNNNNNNNNNNNNNNNNNNNNNNNNNNNNNNNNNNNNNNNNNNNNNNNNNNNNNNNNNNNNNNNNNNNNNNNNNNNNNNNNNNNNNNNNNNNNNNNNNNNNNNNNNNNNNNNNNNNNNNNNNNNNNNNNNNNNNNNNNNNNNNNNNNNNNNNNNNNNNNNNNNNNNNNNNNNNNNNNNNNNNNNNNNNNNNNNNNNNNNNNN
bovine-CoV,NNNNNNNNNNNNNNNNNNNNNNNNNNNNNNNNNNNNNNNNNNNNNNNNNNNNNNNNNNNNNNNNNNNNNNNNNNNNNNNNNNNNNNNNNNNNNNNNNNNNNNNNNNNNNNNNNNNNNNNNNNNNNNNNNNNNNNNNNNNNNNNNNNNNNNNNNNNNNNNNNNNNNNNNNNNNNNNNNNNNNNNNNNNNNNNNNNNNNNNNNNNNNNNNNNNNNNNNNNNNNNNNNNNNNNNNNNNNNNNNNNNNNNNNNNNNNNNNNNNNNNNNNNNNNNNNNNNNNNNNNNNNNNNNNNNNNN
bovine-CoV,NNNNNNNNNNNNNNNNNNNNNNNNNNNNNNNNNNNNNNNNNNNNNNNNNNNNNNNNNNNNNNNNNNNNNNNNNNNNNNNNNNNNNNNNNNNNNNNNNNNNNNNNNNNNNNNNNNNNNNNNNNNNNNNNNNNNNNNNNNNNNNNNNNNNNNNNNNNNNNNNNNNNNNNNNNNNNNNNNNNNNNNNNNNNNNNNNNNNNNNNNNNNNNNNNNNNNNNNNNNNNNNNNNNNNNNNNNNNNNNNNNNNNNNNNNNNNNNNNNNNNNNNNNNNNNNNNNNNNNNNNNNNNNNNNNNNN
bovine-CoV,NNNNNNNNNNNNNNNNNNNNNNNNNNNNNNNNNNNNNNNNNNNNNNNNNNNNNNNNNNNNNNNNNNNNNNNNNNNNNNNNNNNNNNNNNNNNNNNNNNNNNNNNNNNNNNNNNNNNNNNNNNNNNNNNNNNNNNNNNNNNNNNNNNNNNNNNNNNNNNNNNNNNNNNNNNNNNNNNNNNNNNNNNNNNNNNNNNNNNNNNNNNNNNNNNNNNNNNNNNNNNNNNNNNNNNNNNNNNNNNNNNNNNNNNNNNNNNNNNNNNNNNNNNNNNNNNNNNNNNNNNNNNNNNNNNNN
bovine-CoV,NNNNNNNNNNNNNNNNNNNNNNNNNNNNNNNNNNNNNNNNNNNNNNNNNNNNNNNNNNNNNNNNNNNNNNNNNNNNNNNNNNNNNNNNNNNNNNNNNNNNNNNNNNNNNNNNNNNNNNNNNNNNNNNNNNNNNNNNNNNNNNNNNNNNNNNNNNNNNNNNNNNNNNNNNNNNNNNNNNNNNNNNNNNNNNNNNNNNNNNNNNNNNNNNNNNNNNNNNNNNNNNNNNNNNNNNNNNNNNNNNNNNNNNNNNNNNNNNNNNNNNNNNNNNNNNNNNNNNNNNNNNNNNNNNNN
bovine-CoV,NNNNNNNNNNNNNNNNNNNNNNNNNNNNNNNNNNNNNNNNNNNNNNNNNNNNNNNNNNNNNNNNNNNNNNNNNNNNNNNNNNNNNNNNNNNNNNNNNNNNNNNNNNNNNNNNNNNNNNNNNNNNNNNNNNNNNNNNNNNNNNNNNNNNNNNNNNNNNNNNNNNNNNNNNNNNNNNNNNNNNNNNNNNNNNNNNNNNNNNNNNNNNNNNNNNNNNNNNNNNNNNNNNNNNNNNNNNNNNNNNNNNNNNNNNNNNNNNNNNNNNNNNNNNNNNNNNNNNNNNNNNNNNNNNN
bovine-CoV,NNNNNNNNNNNNNNNNNNNNNNNNNNNNNNNNNNNNNNNNNNNNNNNNNNNNNNNNNNNNNNNNNNNNNNNNNNNNNNNNNNNNNNNNNNNNNNNNNNNNNNNNNNNNNNNNNNNNNNNNNNNNNNNNNNNNNNNNNNNNNNNNNNNNNNNNNNNNNNNNNNNNNNNNNNNNNNNNNNNNNNNNNNNNNNNNNNNNNNNNNNNNNNNNNNNNNNNNNNNNNNNNNNNNNNNNNNNNNNNNNNNNNNNNNNNNNNNNNNNNNNNNNNNNNNNNNNNNNNNNNNNNNNNNN
bovine-CoV,NNNNNNNNNNNNNNNNNNNNNNNNNNNNNNNNNNNNNNNNNNNNNNNNNNNNNNNNNNNNNNNNNNNNNNNNNNNNNNNNNNNNNNNNNNNNNNNNNNNNNNNNNNNNNNNNNNNNNNNNNNNNNNNNNNNNNNNNNNNNNNNNNNNNNNNNNNNNNNNNNNNNNNNNNNNNNNNNNNNNNNNNNNNNNNNNNNNNNNNNNNNNNNNNNNNNNNNNNNNNNNNNNNNNNNNNNNNNNNNNNNNNNNNNNNNNNNNNNNNNNNNNNNNNNNNNNNNNNNNNNNNNNNNN
bovine-CoV,NNNNNNNNNNNNNNNNNNNNNNNNNNNNNNNNNNNNNNNNNNNNNNNNNNNNNNNNNNNNNNNNNNNNNNNNNNNNNNNNNNNNNNNNNNNNNNNNNNNNNNNNNNNNNNNNNNNNNNNNNNNNNNNNNNNNNNNNNNNNNNNNNNNNNNNNNNNNNNNNNNNNNNNNNNNNNNNNNNNNNNNNNNNNNNNNNNNNNNNNNNNNNNNNNNNNNNNNNNNNNNNNNNNNNNNNNNNNNNNNNNNNNNNNNNNNNNNNNNNNNNNNNNNNNNNNNNNNNNNNNNNNNNN
bovine-CoV,NNNNNNNNNNNNNNNNNNNNNNNNNNNNNNNNNNNNNNNNNNNNNNNNNNNNNNNNNNNNNNNNNNNNNNNNNNNNNNNNNNNNNNNNNNNNNNNNNNNNNNNNNNNNNNNNNNNNNNNNNNNNNNNNNNNNNNNNNNNNNNNNNNNNNNNNNNNNNNNNNNNNNNNNNNNNNNNNNNNNNNNNNNNNNNNNNNNNNNNNNNNNNNNNNNNNNNNNNNNNNNNNNNNNNNNNNNNNNNNNNNNNNNNNNNNNNNNNNNNNNNNNNNNNNNNNNNNNNNNNNNNNNN
bovine-CoV,NNNNNNNNNNNNNNNNNNNNNNNNNNNNNNNNNNNNNNNNNNNNNNNNNNNNNNNNNNNNNNNNNNNNNNNNNNNNNNNNNNNNNNNNNNNNNNNNNNNNNNNNNNNNNNNNNNNNNNNNNNNNNNNNNNNNNNNNNNNNNNNNNNNNNNNNNNNNNNNNNNNNNNNNNNNNNNNNNNNNNNNNNNNNNNNNNNNNNNNNNNNNNNNNNNNNNNNNNNNNNNNNNNNNNNNNNNNNNNNNNNNNNNNNNNNNNNNNNNNNNNNNNNNNNNNNNNNNNNNNNNNNN
bovine-CoV,NNNNNNNNNNNNNNNNNNNNNNNNNNNNNNNNNNNNNNNNNNNNNNNNNNNNNNNNNNNNNNNNNNNNNNNNNNNNNNNNNNNNNNNNNNNNNNNNNNNNNNNNNNNNNNNNNNNNNNNNNNNNNNNNNNNNNNNNNNNNNNNNNNNNNNNNNNNNNNNNNNNNNNNNNNNNNNNNNNNNNNNNNNNNNNNNNNNNNNNNNNNNNNNNNNNNNNNNNNNNNNNNNNNNNNNNNNNNNNNNNNNNNNNNNNNNNNNNNNNNNNNNNNNNNNNNNNNNNNNNNNNN
bovine-CoV,NNNNNNNNNNNNNNNNNNNNNNNNNNNNNNNNNNNNNNNNNNNNNNNNNNNNNNNNNNNNNNNNNNNNNNNNNNNNNNNNNNNNNNNNNNNNNNNNNNNNNNNNNNNNNNNNNNNNNNNNNNNNNNNNNNNNNNNNNNNNNNNNNNNNNNNNNNNNNNNNNNNNNNNNNNNNNNNNNNNNNNNNNNNNNNNNNNNNNNNNNNNNNNNNNNNNNNNNNNNNNNNNNNNNNNNNNNNNNNNNNNNNNNNNNNNNNNNNNNNNNNNNNNNNNNNNNNNNNNNNNNN
bovine-CoV,NNNNNNNNNNNNNNNNNNNNNNNNNNNNNNNNNNNNNNNNNNNNNNNNNNNNNNNNNNNNNNNNNNNNNNNNNNNNNNNNNNNNNNNNNNNNNNNNNNNNNNNNNNNNNNNNNNNNNNNNNNNNNNNNNNNNNNNNNNNNNNNNNNNNNNNNNNNNNNNNNNNNNNNNNNNNNNNNNNNNNNNNNNNNNNNNNNNNNNNNNNNNNNNNNNNNNNNNNNNNNNNNNNNNNNNNNNNNNNNNNNNNNNNNNNNNNNNNNNNNNNNNNNNNNNNNNNNNNNNNNN
bovine-CoV,NNNNNNNNNNNNNNNNNNNNNNNNNNNNNNNNNNNNNNNNNNNNNNNNNNNNNNNNNNNNNNNNNNNNNNNNNNNNNNNNNNNNNNNNNNNNNNNNNNNNNNNNNNNNNNNNNNNNNNNNNNNNNNNNNNNNNNNNNNNNNNNNNNNNNNNNNNNNNNNNNNNNNNNNNNNNNNNNNNNNNNNNNNNNNNNNNNNNNNNNNNNNNNNNNNNNNNNNNNNNNNNNNNNNNNNNNNNNNNNNNNNNNNNNNNNNNNNNNNNNNNNNNNNNNNNNNNNNNNNNN
bovine-CoV,NNNNNNNNNNNNNNNNNNNNNNNNNNNNNNNNNNNNNNNNNNNNNNNNNNNNNNNNNNNNNNNNNNNNNNNNNNNNNNNNNNNNNNNNNNNNNNNNNNNNNNNNNNNNNNNNNNNNNNNNNNNNNNNNNNNNNNNNNNNNNNNNNNNNNNNNNNNNNNNNNNNNNNNNNNNNNNNNNNNNNNNNNNNNNNNNNNNNNNNNNNNNNNNNNNNNNNNNNNNNNNNNNNNNNNNNNNNNNNNNNNNNNNNNNNNNNNNNNNNNNNNNNNNNNNNNNNNNNNNN
bovine-CoV,NNNNNNNNNNNNNNNNNNNNNNNNNNNNNNNNNNNNNNNNNNNNNNNNNNNNNNNNNNNNNNNNNNNNNNNNNNNNNNNNNNNNNNNNNNNNNNNNNNNNNNNNNNNNNNNNNNNNNNNNNNNNNNNNNNNNNNNNNNNNNNNNNNNNNNNNNNNNNNNNNNNNNNNNNNNNNNNNNNNNNNNNNNNNNNNNNNNNNNNNNNNNNNNNNNNNNNNNNNNNNNNNNNNNNNNNNNNNNNNNNNNNNNNNNNNNNNNNNNNNNNNNNNNNNNNNNNNNNNN
bovine-CoV,NNNNNNNNNNNNNNNNNNNNNNNNNNNNNNNNNNNNNNNNNNNNNNNNNNNNNNNNNNNNNNNNNNNNNNNNNNNNNNNNNNNNNNNNNNNNNNNNNNNNNNNNNNNNNNNNNNNNNNNNNNNNNNNNNNNNNNNNNNNNNNNNNNNNNNNNNNNNNNNNNNNNNNNNNNNNNNNNNNNNNNNNNNNNNNNNNNNNNNNNNNNNNNNNNNNNNNNNNNNNNNNNNNNNNNNNNNNNNNNNNNNNNNNNNNNNNNNNNNNNNNNNNNNNNNNNNNNNNN
bovine-CoV,NNNNNNNNNNNNNNNNNNNNNNNNNNNNNNNNNNNNNNNNNNNNNNNNNNNNNNNNNNNNNNNNNNNNNNNNNNNNNNNNNNNNNNNNNNNNNNNNNNNNNNNNNNNNNNNNNNNNNNNNNNNNNNNNNNNNNNNNNNNNNNNNNNNNNNNNNNNNNNNNNNNNNNNNNNNNNNNNNNNNNNNNNNNNNNNNNNNNNNNNNNNNNNNNNNNNNNNNNNNNNNNNNNNNNNNNNNNNNNNNNNNNNNNNNNNNNNNNNNNNNNNNNNNNNNNNNNNNN
bovine-CoV,NNNNNNNNNNNNNNNNNNNNNNNNNNNNNNNNNNNNNNNNNNNNNNNNNNNNNNNNNNNNNNNNNNNNNNNNNNNNNNNNNNNNNNNNNNNNNNNNNNNNNNNNNNNNNNNNNNNNNNNNNNNNNNNNNNNNNNNNNNNNNNNNNNNNNNNNNNNNNNNNNNNNNNNNNNNNNNNNNNNNNNNNNNNNNNNNNNNNNNNNNNNNNNNNNNNNNNNNNNNNNNNNNNNNNNNNNNNNNNNNNNNNNNNNNNNNNNNNNNNNNNNNNNNNNNNNNNNN
bovine-CoV,NNNNNNNNNNNNNNNNNNNNNNNNNNNNNNNNNNNNNNNNNNNNNNNNNNNNNNNNNNNNNNNNNNNNNNNNNNNNNNNNNNNNNNNNNNNNNNNNNNNNNNNNNNNNNNNNNNNNNNNNNNNNNNNNNNNNNNNNNNNNNNNNNNNNNNNNNNNNNNNNNNNNNNNNNNNNNNNNNNNNNNNNNNNNNNNNNNNNNNNNNNNNNNNNNNNNNNNNNNNNNNNNNNNNNNNNNNNNNNNNNNNNNNNNNNNNNNNNNNNNNNNNNNNNNNNNNNN
bovine-CoV,NNNNNNNNNNNNNNNNNNNNNNNNNNNNNNNNNNNNNNNNNNNNNNNNNNNNNNNNNNNNNNNNNNNNNNNNNNNNNNNNNNNNNNNNNNNNNNNNNNNNNNNNNNNNNNNNNNNNNNNNNNNNNNNNNNNNNNNNNNNNNNNNNNNNNNNNNNNNNNNNNNNNNNNNNNNNNNNNNNNNNNNNNNNNNNNNNNNNNNNNNNNNNNNNNNNNNNNNNNNNNNNNNNNNNNNNNNNNNNNNNNNNNNNNNNNNNNNNNNNNNNNNNNNNNNNNNN
bovine-CoV,NNNNNNNNNNNNNNNNNNNNNNNNNNNNNNNNNNNNNNNNNNNNNNNNNNNNNNNNNNNNNNNNNNNNNNNNNNNNNNNNNNNNNNNNNNNNNNNNNNNNNNNNNNNNNNNNNNNNNNNNNNNNNNNNNNNNNNNNNNNNNNNNNNNNNNNNNNNNNNNNNNNNNNNNNNNNNNNNNNNNNNNNNNNNNNNNNNNNNNNNNNNNNNNNNNNNNNNNNNNNNNNNNNNNNNNNNNNNNNNNNNNNNNNNNNNNNNNNNNNNNNNNNNNNNNNNN
bovine-CoV,NNNNNNNNNNNNNNNNNNNNNNNNNNNNNNNNNNNNNNNNNNNNNNNNNNNNNNNNNNNNNNNNNNNNNNNNNNNNNNNNNNNNNNNNNNNNNNNNNNNNNNNNNNNNNNNNNNNNNNNNNNNNNNNNNNNNNNNNNNNNNNNNNNNNNNNNNNNNNNNNNNNNNNNNNNNNNNNNNNNNNNNNNNNNNNNNNNNNNNNNNNNNNNNNNNNNNNNNNNNNNNNNNNNNNNNNNNNNNNNNNNNNNNNNNNNNNNNNNNNNNNNNNNNNNNNN
bovine-CoV,NNNNNNNNNNNNNNNNNNNNNNNNNNNNNNNNNNNNNNNNNNNNNNNNNNNNNNNNNNNNNNNNNNNNNNNNNNNNNNNNNNNNNNNNNNNNNNNNNNNNNNNNNNNNNNNNNNNNNNNNNNNNNNNNNNNNNNNNNNNNNNNNNNNNNNNNNNNNNNNNNNNNNNNNNNNNNNNNNNNNNNNNNNNNNNNNNNNNNNNNNNNNNNNNNNNNNNNNNNNNNNNNNNNNNNNNNNNNNNNNNNNNNNNNNNNNNNNNNNNNNNNNNNNNNNN
bovine-CoV,NNNNNNNNNNNNNNNNNNNNNNNNNNNNNNNNNNNNNNNNNNNNNNNNNNNNNNNNNNNNNNNNNNNNNNNNNNNNNNNNNNNNNNNNNNNNNNNNNNNNNNNNNNNNNNNNNNNNNNNNNNNNNNNNNNNNNNNNNNNNNNNNNNNNNNNNNNNNNNNNNNNNNNNNNNNNNNNNNNNNNNNNNNNNNNNNNNNNNNNNNNNNNNNNNNNNNNNNNNNNNNNNNNNNNNNNNNNNNNNNNNNNNNNNNNNNNNNNNNNNNNNNNNNNNN
bovine-CoV,NNNNNNNNNNNNNNNNNNNNNNNNNNNNNNNNNNNNNNNNNNNNNNNNNNNNNNNNNNNNNNNNNNNNNNNNNNNNNNNNNNNNNNNNNNNNNNNNNNNNNNNNNNNNNNNNNNNNNNNNNNNNNNNNNNNNNNNNNNNNNNNNNNNNNNNNNNNNNNNNNNNNNNNNNNNNNNNNNNNNNNNNNNNNNNNNNNNNNNNNNNNNNNNNNNNNNNNNNNNNNNNNNNNNNNNNNNNNNNNNNNNNNNNNNNNNNNNNNNNNNNNNNNNNN
bovine-CoV,NNNNNNNNNNNNNNNNNNNNNNNNNNNNNNNNNNNNNNNNNNNNNNNNNNNNNNNNNNNNNNNNNNNNNNNNNNNNNNNNNNNNNNNNNNNNNNNNNNNNNNNNNNNNNNNNNNNNNNNNNNNNNNNNNNNNNNNNNNNNNNNNNNNNNNNNNNNNNNNNNNNNNNNNNNNNNNNNNNNNNNNNNNNNNNNNNNNNNNNNNNNNNNNNNNNNNNNNNNNNNNNNNNNNNNNNNNNNNNNNNNNNNNNNNNNNNNNNNNNNNNNNNNNN
bovine-CoV,NNNNNNNNNNNNNNNNNNNNNNNNNNNNNNNNNNNNNNNNNNNNNNNNNNNNNNNNNNNNNNNNNNNNNNNNNNNNNNNNNNNNNNNNNNNNNNNNNNNNNNNNNNNNNNNNNNNNNNNNNNNNNNNNNNNNNNNNNNNNNNNNNNNNNNNNNNNNNNNNNNNNNNNNNNNNNNNNNNNNNNNNNNNNNNNNNNNNNNNNNNNNNNNNNNNNNNNNNNNNNNNNNNNNNNNNNNNNNNNNNNNNNNNNNNNNNNNNNNNNNNNNNNN
bovine-CoV,NNNNNNNNNNNNNNNNNNNNNNNNNNNNNNNNNNNNNNNNNNNNNNNNNNNNNNNNNNNNNNNNNNNNNNNNNNNNNNNNNNNNNNNNNNNNNNNNNNNNNNNNNNNNNNNNNNNNNNNNNNNNNNNNNNNNNNNNNNNNNNNNNNNNNNNNNNNNNNNNNNNNNNNNNNNNNNNNNNNNNNNNNNNNNNNNNNNNNNNNNNNNNNNNNNNNNNNNNNNNNNNNNNNNNNNNNNNNNNNNNNNNNNNNNNNNNNNNNNNNNNNNNN
bovine-CoV,NNNNNNNNNNNNNNNNNNNNNNNNNNNNNNNNNNNNNNNNNNNNNNNNNNNNNNNNNNNNNNNNNNNNNNNNNNNNNNNNNNNNNNNNNNNNNNNNNNNNNNNNNNNNNNNNNNNNNNNNNNNNNNNNNNNNNNNNNNNNNNNNNNNNNNNNNNNNNNNNNNNNNNNNNNNNNNNNNNNNNNNNNNNNNNNNNNNNNNNNNNNNNNNNNNNNNNNNNNNNNNNNNNNNNNNNNNNNNNNNNNNNNNNNNNNNNNNNNNNNNNNNN
bovine-CoV,NNNNNNNNNNNNNNNNNNNNNNNNNNNNNNNNNNNNNNNNNNNNNNNNNNNNNNNNNNNNNNNNNNNNNNNNNNNNNNNNNNNNNNNNNNNNNNNNNNNNNNNNNNNNNNNNNNNNNNNNNNNNNNNNNNNNNNNNNNNNNNNNNNNNNNNNNNNNNNNNNNNNNNNNNNNNNNNNNNNNNNNNNNNNNNNNNNNNNNNNNNNNNNNNNNNNNNNNNNNNNNNNNNNNNNNNNNNNNNNNNNNNNNNNNNNNNNNNNNNNNNNN
bovine-CoV,NNNNNNNNNNNNNNNNNNNNNNNNNNNNNNNNNNNNNNNNNNNNNNNNNNNNNNNNNNNNNNNNNNNNNNNNNNNNNNNNNNNNNNNNNNNNNNNNNNNNNNNNNNNNNNNNNNNNNNNNNNNNNNNNNNNNNNNNNNNNNNNNNNNNNNNNNNNNNNNNNNNNNNNNNNNNNNNNNNNNNNNNNNNNNNNNNNNNNNNNNNNNNNNNNNNNNNNNNNNNNNNNNNNNNNNNNNNNNNNNNNNNNNNNNNNNNNNNNNNNNNN
bovine-CoV,NNNNNNNNNNNNNNNNNNNNNNNNNNNNNNNNNNNNNNNNNNNNNNNNNNNNNNNNNNNNNNNNNNNNNNNNNNNNNNNNNNNNNNNNNNNNNNNNNNNNNNNNNNNNNNNNNNNNNNNNNNNNNNNNNNNNNNNNNNNNNNNNNNNNNNNNNNNNNNNNNNNNNNNNNNNNNNNNNNNNNNNNNNNNNNNNNNNNNNNNNNNNNNNNNNNNNNNNNNNNNNNNNNNNNNNNNNNNNNNNNNNNNNNNNNNNNNNNNNNNNN
bovine-CoV,NNNNNNNNNNNNNNNNNNNNNNNNNNNNNNNNNNNNNNNNNNNNNNNNNNNNNNNNNNNNNNNNNNNNNNNNNNNNNNNNNNNNNNNNNNNNNNNNNNNNNNNNNNNNNNNNNNNNNNNNNNNNNNNNNNNNNNNNNNNNNNNNNNNNNNNNNNNNNNNNNNNNNNNNNNNNNNNNNNNNNNNNNNNNNNNNNNNNNNNNNNNNNNNNNNNNNNNNNNNNNNNNNNNNNNNNNNNNNNNNNNNNNNNNNNNNNNNNNNNNN
bovine-CoV,NNNNNNNNNNNNNNNNNNNNNNNNNNNNNNNNNNNNNNNNNNNNNNNNNNNNNNNNNNNNNNNNNNNNNNNNNNNNNNNNNNNNNNNNNNNNNNNNNNNNNNNNNNNNNNNNNNNNNNNNNNNNNNNNNNNNNNNNNNNNNNNNNNNNNNNNNNNNNNNNNNNNNNNNNNNNNNNNNNNNNNNNNNNNNNNNNNNNNNNNNNNNNNNNNNNNNNNNNNNNNNNNNNNNNNNNNNNNNNNNNNNNNNNNNNNNNNNNNNNN
bovine-CoV,NNNNNNNNNNNNNNNNNNNNNNNNNNNNNNNNNNNNNNNNNNNNNNNNNNNNNNNNNNNNNNNNNNNNNNNNNNNNNNNNNNNNNNNNNNNNNNNNNNNNNNNNNNNNNNNNNNNNNNNNNNNNNNNNNNNNNNNNNNNNNNNNNNNNNNNNNNNNNNNNNNNNNNNNNNNNNNNNNNNNNNNNNNNNNNNNNNNNNNNNNNNNNNNNNNNNNNNNNNNNNNNNNNNNNNNNNNNNNNNNNNNNNNNNNNNNNNNNNNN
bovine-CoV,NNNNNNNNNNNNNNNNNNNNNNNNNNNNNNNNNNNNNNNNNNNNNNNNNNNNNNNNNNNNNNNNNNNNNNNNNNNNNNNNNNNNNNNNNNNNNNNNNNNNNNNNNNNNNNNNNNNNNNNNNNNNNNNNNNNNNNNNNNNNNNNNNNNNNNNNNNNNNNNNNNNNNNNNNNNNNNNNNNNNNNNNNNNNNNNNNNNNNNNNNNNNNNNNNNNNNNNNNNNNNNNNNNNNNNNNNNNNNNNNNNNNNNNNNNNNNNNNNN
bovine-CoV,NNNNNNNNNNNNNNNNNNNNNNNNNNNNNNNNNNNNNNNNNNNNNNNNNNNNNNNNNNNNNNNNNNNNNNNNNNNNNNNNNNNNNNNNNNNNNNNNNNNNNNNNNNNNNNNNNNNNNNNNNNNNNNNNNNNNNNNNNNNNNNNNNNNNNNNNNNNNNNNNNNNNNNNNNNNNNNNNNNNNNNNNNNNNNNNNNNNNNNNNNNNNNNNNNNNNNNNNNNNNNNNNNNNNNNNNNNNNNNNNNNNNNNNNNNNNNNNNN
bovine-CoV,NNNNNNNNNNNNNNNNNNNNNNNNNNNNNNNNNNNNNNNNNNNNNNNNNNNNNNNNNNNNNNNNNNNNNNNNNNNNNNNNNNNNNNNNNNNNNNNNNNNNNNNNNNNNNNNNNNNNNNNNNNNNNNNNNNNNNNNNNNNNNNNNNNNNNNNNNNNNNNNNNNNNNNNNNNNNNNNNNNNNNNNNNNNNNNNNNNNNNNNNNNNNNNNNNNNNNNNNNNNNNNNNNNNNNNNNNNNNNNNNNNNNNNNNNNNNNNNN
bovine-CoV,NNNNNNNNNNNNNNNNNNNNNNNNNNNNNNNNNNNNNNNNNNNNNNNNNNNNNNNNNNNNNNNNNNNNNNNNNNNNNNNNNNNNNNNNNNNNNNNNNNNNNNNNNNNNNNNNNNNNNNNNNNNNNNNNNNNNNNNNNNNNNNNNNNNNNNNNNNNNNNNNNNNNNNNNNNNNNNNNNNNNNNNNNNNNNNNNNNNNNNNNNNNNNNNNNNNNNNNNNNNNNNNNNNNNNNNNNNNNNNNNNNNNNNNNNNNNNNN
bovine-CoV,NNNNNNNNNNNNNNNNNNNNNNNNNNNNNNNNNNNNNNNNNNNNNNNNNNNNNNNNNNNNNNNNNNNNNNNNNNNNNNNNNNNNNNNNNNNNNNNNNNNNNNNNNNNNNNNNNNNNNNNNNNNNNNNNNNNNNNNNNNNNNNNNNNNNNNNNNNNNNNNNNNNNNNNNNNNNNNNNNNNNNNNNNNNNNNNNNNNNNNNNNNNNNNNNNNNNNNNNNNNNNNNNNNNNNNNNNNNNNNNNNNNNNNNNNNNNNN
bovine-CoV,NNNNNNNNNNNNNNNNNNNNNNNNNNNNNNNNNNNNNNNNNNNNNNNNNNNNNNNNNNNNNNNNNNNNNNNNNNNNNNNNNNNNNNNNNNNNNNNNNNNNNNNNNNNNNNNNNNNNNNNNNNNNNNNNNNNNNNNNNNNNNNNNNNNNNNNNNNNNNNNNNNNNNNNNNNNNNNNNNNNNNNNNNNNNNNNNNNNNNNNNNNNNNNNNNNNNNNNNNNNNNNNNNNNNNNNNNNNNNNNNNNNNNNNNNNNNN
bovine-CoV,NNNNNNNNNNNNNNNNNNNNNNNNNNNNNNNNNNNNNNNNNNNNNNNNNNNNNNNNNNNNNNNNNNNNNNNNNNNNNNNNNNNNNNNNNNNNNNNNNNNNNNNNNNNNNNNNNNNNNNNNNNNNNNNNNNNNNNNNNNNNNNNNNNNNNNNNNNNNNNNNNNNNNNNNNNNNNNNNNNNNNNNNNNNNNNNNNNNNNNNNNNNNNNNNNNNNNNNNNNNNNNNNNNNNNNNNNNNNNNNNNNNNNNNNNNNN
bovine-CoV,NNNNNNNNNNNNNNNNNNNNNNNNNNNNNNNNNNNNNNNNNNNNNNNNNNNNNNNNNNNNNNNNNNNNNNNNNNNNNNNNNNNNNNNNNNNNNNNNNNNNNNNNNNNNNNNNNNNNNNNNNNNNNNNNNNNNNNNNNNNNNNNNNNNNNNNNNNNNNNNNNNNNNNNNNNNNNNNNNNNNNNNNNNNNNNNNNNNNNNNNNNNNNNNNNNNNNNNNNNNNNNNNNNNNNNNNNNNNNNNNNNNNNNNNNNN
bovine-CoV,NNNNNNNNNNNNNNNNNNNNNNNNNNNNNNNNNNNNNNNNNNNNNNNNNNNNNNNNNNNNNNNNNNNNNNNNNNNNNNNNNNNNNNNNNNNNNNNNNNNNNNNNNNNNNNNNNNNNNNNNNNNNNNNNNNNNNNNNNNNNNNNNNNNNNNNNNNNNNNNNNNNNNNNNNNNNNNNNNNNNNNNNNNNNNNNNNNNNNNNNNNNNNNNNNNNNNNNNNNNNNNNNNNNNNNNNNNNNNNNNNNNNNNNNNN
bovine-CoV,NNNNNNNNNNNNNNNNNNNNNNNNNNNNNNNNNNNNNNNNNNNNNNNNNNNNNNNNNNNNNNNNNNNNNNNNNNNNNNNNNNNNNNNNNNNNNNNNNNNNNNNNNNNNNNNNNNNNNNNNNNNNNNNNNNNNNNNNNNNNNNNNNNNNNNNNNNNNNNNNNNNNNNNNNNNNNNNNNNNNNNNNNNNNNNNNNNNNNNNNNNNNNNNNNNNNNNNNNNNNNNNNNNNNNNNNNNNNNNNNNNNNNNNNN
bovine-CoV,NNNNNNNNNNNNNNNNNNNNNNNNNNNNNNNNNNNNNNNNNNNNNNNNNNNNNNNNNNNNNNNNNNNNNNNNNNNNNNNNNNNNNNNNNNNNNNNNNNNNNNNNNNNNNNNNNNNNNNNNNNNNNNNNNNNNNNNNNNNNNNNNNNNNNNNNNNNNNNNNNNNNNNNNNNNNNNNNNNNNNNNNNNNNNNNNNNNNNNNNNNNNNNNNNNNNNNNNNNNNNNNNNNNNNNNNNNNNNNNNNNNNNNNN
bovine-CoV,NNNNNNNNNNNNNNNNNNNNNNNNNNNNNNNNNNNNNNNNNNNNNNNNNNNNNNNNNNNNNNNNNNNNNNNNNNNNNNNNNNNNNNNNNNNNNNNNNNNNNNNNNNNNNNNNNNNNNNNNNNNNNNNNNNNNNNNNNNNNNNNNNNNNNNNNNNNNNNNNNNNNNNNNNNNNNNNNNNNNNNNNNNNNNNNNNNNNNNNNNNNNNNNNNNNNNNNNNNNNNNNNNNNNNNNNNNNNNNNNNNNNNNN
bovine-CoV,NNNNNNNNNNNNNNNNNNNNNNNNNNNNNNNNNNNNNNNNNNNNNNNNNNNNNNNNNNNNNNNNNNNNNNNNNNNNNNNNNNNNNNNNNNNNNNNNNNNNNNNNNNNNNNNNNNNNNNNNNNNNNNNNNNNNNNNNNNNNNNNNNNNNNNNNNNNNNNNNNNNNNNNNNNNNNNNNNNNNNNNNNNNNNNNNNNNNNNNNNNNNNNNNNNNNNNNNNNNNNNNNNNNNNNNNNNNNNNNNNNNNNN
bovine-CoV,NNNNNNNNNNNNNNNNNNNNNNNNNNNNNNNNNNNNNNNNNNNNNNNNNNNNNNNNNNNNNNNNNNNNNNNNNNNNNNNNNNNNNNNNNNNNNNNNNNNNNNNNNNNNNNNNNNNNNNNNNNNNNNNNNNNNNNNNNNNNNNNNNNNNNNNNNNNNNNNNNNNNNNNNNNNNNNNNNNNNNNNNNNNNNNNNNNNNNNNNNNNNNNNNNNNNNNNNNNNNNNNNNNNNNNNNNNNNNNNNNNNNN
bovine-CoV,NNNNNNNNNNNNNNNNNNNNNNNNNNNNNNNNNNNNNNNNNNNNNNNNNNNNNNNNNNNNNNNNNNNNNNNNNNNNNNNNNNNNNNNNNNNNNNNNNNNNNNNNNNNNNNNNNNNNNNNNNNNNNNNNNNNNNNNNNNNNNNNNNNNNNNNNNNNNNNNNNNNNNNNNNNNNNNNNNNNNNNNNNNNNNNNNNNNNNNNNNNNNNNNNNNNNNNNNNNNNNNNNNNNNNNNNNNNNNNNNNNNN
bovine-CoV,NNNNNNNNNNNNNNNNNNNNNNNNNNNNNNNNNNNNNNNNNNNNNNNNNNNNNNNNNNNNNNNNNNNNNNNNNNNNNNNNNNNNNNNNNNNNNNNNNNNNNNNNNNNNNNNNNNNNNNNNNNNNNNNNNNNNNNNNNNNNNNNNNNNNNNNNNNNNNNNNNNNNNNNNNNNNNNNNNNNNNNNNNNNNNNNNNNNNNNNNNNNNNNNNNNNNNNNNNNNNNNNNNNNNNNNNNNNNNNNNNNN
bovine-CoV,NNNNNNNNNNNNNNNNNNNNNNNNNNNNNNNNNNNNNNNNNNNNNNNNNNNNNNNNNNNNNNNNNNNNNNNNNNNNNNNNNNNNNNNNNNNNNNNNNNNNNNNNNNNNNNNNNNNNNNNNNNNNNNNNNNNNNNNNNNNNNNNNNNNNNNNNNNNNNNNNNNNNNNNNNNNNNNNNNNNNNNNNNNNNNNNNNNNNNNNNNNNNNNNNNNNNNNNNNNNNNNNNNNNNNNNNNNNNNNNNNN
bovine-CoV,NNNNNNNNNNNNNNNNNNNNNNNNNNNNNNNNNNNNNNNNNNNNNNNNNNNNNNNNNNNNNNNNNNNNNNNNNNNNNNNNNNNNNNNNNNNNNNNNNNNNNNNNNNNNNNNNNNNNNNNNNNNNNNNNNNNNNNNNNNNNNNNNNNNNNNNNNNNNNNNNNNNNNNNNNNNNNNNNNNNNNNNNNNNNNNNNNNNNNNNNNNNNNNNNNNNNNNNNNNNNNNNNNNNNNNNNNNNNNNNNN
bovine-CoV,NNNNNNNNNNNNNNNNNNNNNNNNNNNNNNNNNNNNNNNNNNNNNNNNNNNNNNNNNNNNNNNNNNNNNNNNNNNNNNNNNNNNNNNNNNNNNNNNNNNNNNNNNNNNNNNNNNNNNNNNNNNNNNNNNNNNNNNNNNNNNNNNNNNNNNNNNNNNNNNNNNNNNNNNNNNNNNNNNNNNNNNNNNNNNNNNNNNNNNNNNNNNNNNNNNNNNNNNNNNNNNNNNNNNNNNNNNNNNNNN
bovine-CoV,NNNNNNNNNNNNNNNNNNNNNNNNNNNNNNNNNNNNNNNNNNNNNNNNNNNNNNNNNNNNNNNNNNNNNNNNNNNNNNNNNNNNNNNNNNNNNNNNNNNNNNNNNNNNNNNNNNNNNNNNNNNNNNNNNNNNNNNNNNNNNNNNNNNNNNNNNNNNNNNNNNNNNNNNNNNNNNNNNNNNNNNNNNNNNNNNNNNNNNNNNNNNNNNNNNNNNNNNNNNNNNNNNNNNNNNNNNNNNNN
bovine-CoV,NNNNNNNNNNNNNNNNNNNNNNNNNNNNNNNNNNNNNNNNNNNNNNNNNNNNNNNNNNNNNNNNNNNNNNNNNNNNNNNNNNNNNNNNNNNNNNNNNNNNNNNNNNNNNNNNNNNNNNNNNNNNNNNNNNNNNNNNNNNNNNNNNNNNNNNNNNNNNNNNNNNNNNNNNNNNNNNNNNNNNNNNNNNNNNNNNNNNNNNNNNNNNNNNNNNNNNNNNNNNNNNNNNNNNNNNNNNNNN
bovine-CoV,NNNNNNNNNNNNNNNNNNNNNNNNNNNNNNNNNNNNNNNNNNNNNNNNNNNNNNNNNNNNNNNNNNNNNNNNNNNNNNNNNNNNNNNNNNNNNNNNNNNNNNNNNNNNNNNNNNNNNNNNNNNNNNNNNNNNNNNNNNNNNNNNNNNNNNNNNNNNNNNNNNNNNNNNNNNNNNNNNNNNNNNNNNNNNNNNNNNNNNNNNNNNNNNNNNNNNNNNNNNNNNNNNNNNNNNNNNNNN
bovine-CoV,NNNNNNNNNNNNNNNNNNNNNNNNNNNNNNNNNNNNNNNNNNNNNNNNNNNNNNNNNNNNNNNNNNNNNNNNNNNNNNNNNNNNNNNNNNNNNNNNNNNNNNNNNNNNNNNNNNNNNNNNNNNNNNNNNNNNNNNNNNNNNNNNNNNNNNNNNNNNNNNNNNNNNNNNNNNNNNNNNNNNNNNNNNNNNNNNNNNNNNNNNNNNNNNNNNNNNNNNNNNNNNNNNNNNNNNNNNNN
bovine-CoV,NNNNNNNNNNNNNNNNNNNNNNNNNNNNNNNNNNNNNNNNNNNNNNNNNNNNNNNNNNNNNNNNNNNNNNNNNNNNNNNNNNNNNNNNNNNNNNNNNNNNNNNNNNNNNNNNNNNNNNNNNNNNNNNNNNNNNNNNNNNNNNNNNNNNNNNNNNNNNNNNNNNNNNNNNNNNNNNNNNNNNNNNNNNNNNNNNNNNNNNNNNNNNNNNNNNNNNNNNNNNNNNNNNNNNNNNNNN
bovine-CoV,NNNNNNNNNNNNNNNNNNNNNNNNNNNNNNNNNNNNNNNNNNNNNNNNNNNNNNNNNNNNNNNNNNNNNNNNNNNNNNNNNNNNNNNNNNNNNNNNNNNNNNNNNNNNNNNNNNNNNNNNNNNNNNNNNNNNNNNNNNNNNNNNNNNNNNNNNNNNNNNNNNNNNNNNNNNNNNNNNNNNNNNNNNNNNNNNNNNNNNNNNNNNNNNNNNNNNNNNNNNNNNNNNNNNNNNNNN
bovine-CoV,NNNNNNNNNNNNNNNNNNNNNNNNNNNNNNNNNNNNNNNNNNNNNNNNNNNNNNNNNNNNNNNNNNNNNNNNNNNNNNNNNNNNNNNNNNNNNNNNNNNNNNNNNNNNNNNNNNNNNNNNNNNNNNNNNNNNNNNNNNNNNNNNNNNNNNNNNNNNNNNNNNNNNNNNNNNNNNNNNNNNNNNNNNNNNNNNNNNNNNNNNNNNNNNNNNNNNNNNNNNNNNNNNNNNNNNNN
bovine-CoV,NNNNNNNNNNNNNNNNNNNNNNNNNNNNNNNNNNNNNNNNNNNNNNNNNNNNNNNNNNNNNNNNNNNNNNNNNNNNNNNNNNNNNNNNNNNNNNNNNNNNNNNNNNNNNNNNNNNNNNNNNNNNNNNNNNNNNNNNNNNNNNNNNNNNNNNNNNNNNNNNNNNNNNNNNNNNNNNNNNNNNNNNNNNNNNNNNNNNNNNNNNNNNNNNNNNNNNNNNNNNNNNNNNNNNNNN
bovine-CoV,NNNNNNNNNNNNNNNNNNNNNNNNNNNNNNNNNNNNNNNNNNNNNNNNNNNNNNNNNNNNNNNNNNNNNNNNNNNNNNNNNNNNNNNNNNNNNNNNNNNNNNNNNNNNNNNNNNNNNNNNNNNNNNNNNNNNNNNNNNNNNNNNNNNNNNNNNNNNNNNNNNNNNNNNNNNNNNNNNNNNNNNNNNNNNNNNNNNNNNNNNNNNNNNNNNNNNNNNNNNNNNNNNNNNNNN
bovine-CoV,NNNNNNNNNNNNNNNNNNNNNNNNNNNNNNNNNNNNNNNNNNNNNNNNNNNNNNNNNNNNNNNNNNNNNNNNNNNNNNNNNNNNNNNNNNNNNNNNNNNNNNNNNNNNNNNNNNNNNNNNNNNNNNNNNNNNNNNNNNNNNNNNNNNNNNNNNNNNNNNNNNNNNNNNNNNNNNNNNNNNNNNNNNNNNNNNNNNNNNNNNNNNNNNNNNNNNNNNNNNNNNNNNNNNNN
bovine-CoV,NNNNNNNNNNNNNNNNNNNNNNNNNNNNNNNNNNNNNNNNNNNNNNNNNNNNNNNNNNNNNNNNNNNNNNNNNNNNNNNNNNNNNNNNNNNNNNNNNNNNNNNNNNNNNNNNNNNNNNNNNNNNNNNNNNNNNNNNNNNNNNNNNNNNNNNNNNNNNNNNNNNNNNNNNNNNNNNNNNNNNNNNNNNNNNNNNNNNNNNNNNNNNNNNNNNNNNNNNNNNNNNNNNNNN
bovine-CoV,NNNNNNNNNNNNNNNNNNNNNNNNNNNNNNNNNNNNNNNNNNNNNNNNNNNNNNNNNNNNNNNNNNNNNNNNNNNNNNNNNNNNNNNNNNNNNNNNNNNNNNNNNNNNNNNNNNNNNNNNNNNNNNNNNNNNNNNNNNNNNNNNNNNNNNNNNNNNNNNNNNNNNNNNNNNNNNNNNNNNNNNNNNNNNNNNNNNNNNNNNNNNNNNNNNNNNNNNNNNNNNNNNNNN
bovine-CoV,NNNNNNNNNNNNNNNNNNNNNNNNNNNNNNNNNNNNNNNNNNNNNNNNNNNNNNNNNNNNNNNNNNNNNNNNNNNNNNNNNNNNNNNNNNNNNNNNNNNNNNNNNNNNNNNNNNNNNNNNNNNNNNNNNNNNNNNNNNNNNNNNNNNNNNNNNNNNNNNNNNNNNNNNNNNNNNNNNNNNNNNNNNNNNNNNNNNNNNNNNNNNNNNNNNNNNNNNNNNNNNNNNNN
bovine-CoV,NNNNNNNNNNNNNNNNNNNNNNNNNNNNNNNNNNNNNNNNNNNNNNNNNNNNNNNNNNNNNNNNNNNNNNNNNNNNNNNNNNNNNNNNNNNNNNNNNNNNNNNNNNNNNNNNNNNNNNNNNNNNNNNNNNNNNNNNNNNNNNNNNNNNNNNNNNNNNNNNNNNNNNNNNNNNNNNNNNNNNNNNNNNNNNNNNNNNNNNNNNNNNNNNNNNNNNNNNNNNNNNNNN
bovine-CoV,NNNNNNNNNNNNNNNNNNNNNNNNNNNNNNNNNNNNNNNNNNNNNNNNNNNNNNNNNNNNNNNNNNNNNNNNNNNNNNNNNNNNNNNNNNNNNNNNNNNNNNNNNNNNNNNNNNNNNNNNNNNNNNNNNNNNNNNNNNNNNNNNNNNNNNNNNNNNNNNNNNNNNNNNNNNNNNNNNNNNNNNNNNNNNNNNNNNNNNNNNNNNNNNNNNNNNNNNNNNNNNNNN
bovine-CoV,NNNNNNNNNNNNNNNNNNNNNNNNNNNNNNNNNNNNNNNNNNNNNNNNNNNNNNNNNNNNNNNNNNNNNNNNNNNNNNNNNNNNNNNNNNNNNNNNNNNNNNNNNNNNNNNNNNNNNNNNNNNNNNNNNNNNNNNNNNNNNNNNNNNNNNNNNNNNNNNNNNNNNNNNNNNNNNNNNNNNNNNNNNNNNNNNNNNNNNNNNNNNNNNNNNNNNNNNNNNNNNNN
bovine-CoV,NNNNNNNNNNNNNNNNNNNNNNNNNNNNNNNNNNNNNNNNNNNNNNNNNNNNNNNNNNNNNNNNNNNNNNNNNNNNNNNNNNNNNNNNNNNNNNNNNNNNNNNNNNNNNNNNNNNNNNNNNNNNNNNNNNNNNNNNNNNNNNNNNNNNNNNNNNNNNNNNNNNNNNNNNNNNNNNNNNNNNNNNNNNNNNNNNNNNNNNNNNNNNNNNNNNNNNNNNNNNNNN
bovine-CoV,NNNNNNNNNNNNNNNNNNNNNNNNNNNNNNNNNNNNNNNNNNNNNNNNNNNNNNNNNNNNNNNNNNNNNNNNNNNNNNNNNNNNNNNNNNNNNNNNNNNNNNNNNNNNNNNNNNNNNNNNNNNNNNNNNNNNNNNNNNNNNNNNNNNNNNNNNNNNNNNNNNNNNNNNNNNNNNNNNNNNNNNNNNNNNNNNNNNNNNNNNNNNNNNNNNNNNNNNNNNNNN
bovine-CoV,NNNNNNNNNNNNNNNNNNNNNNNNNNNNNNNNNNNNNNNNNNNNNNNNNNNNNNNNNNNNNNNNNNNNNNNNNNNNNNNNNNNNNNNNNNNNNNNNNNNNNNNNNNNNNNNNNNNNNNNNNNNNNNNNNNNNNNNNNNNNNNNNNNNNNNNNNNNNNNNNNNNNNNNNNNNNNNNNNNNNNNNNNNNNNNNNNNNNNNNNNNNNNNNNNNNNNNNNNNNNN
bovine-CoV,NNNNNNNNNNNNNNNNNNNNNNNNNNNNNNNNNNNNNNNNNNNNNNNNNNNNNNNNNNNNNNNNNNNNNNNNNNNNNNNNNNNNNNNNNNNNNNNNNNNNNNNNNNNNNNNNNNNNNNNNNNNNNNNNNNNNNNNNNNNNNNNNNNNNNNNNNNNNNNNNNNNNNNNNNNNNNNNNNNNNNNNNNNNNNNNNNNNNNNNNNNNNNNNNNNNNNNNNNNNN
bovine-CoV,NNNNNNNNNNNNNNNNNNNNNNNNNNNNNNNNNNNNNNNNNNNNNNNNNNNNNNNNNNNNNNNNNNNNNNNNNNNNNNNNNNNNNNNNNNNNNNNNNNNNNNNNNNNNNNNNNNNNNNNNNNNNNNNNNNNNNNNNNNNNNNNNNNNNNNNNNNNNNNNNNNNNNNNNNNNNNNNNNNNNNNNNNNNNNNNNNNNNNNNNNNNNNNNNNNNNNNNNNNN
bovine-CoV,NNNNNNNNNNNNNNNNNNNNNNNNNNNNNNNNNNNNNNNNNNNNNNNNNNNNNNNNNNNNNNNNNNNNNNNNNNNNNNNNNNNNNNNNNNNNNNNNNNNNNNNNNNNNNNNNNNNNNNNNNNNNNNNNNNNNNNNNNNNNNNNNNNNNNNNNNNNNNNNNNNNNNNNNNNNNNNNNNNNNNNNNNNNNNNNNNNNNNNNNNNNNNNNNNNNNNNNNNN
bovine-CoV,NNNNNNNNNNNNNNNNNNNNNNNNNNNNNNNNNNNNNNNNNNNNNNNNNNNNNNNNNNNNNNNNNNNNNNNNNNNNNNNNNNNNNNNNNNNNNNNNNNNNNNNNNNNNNNNNNNNNNNNNNNNNNNNNNNNNNNNNNNNNNNNNNNNNNNNNNNNNNNNNNNNNNNNNNNNNNNNNNNNNNNNNNNNNNNNNNNNNNNNNNNNNNNNNNNNNNNNNN
bovine-CoV,NNNNNNNNNNNNNNNNNNNNNNNNNNNNNNNNNNNNNNNNNNNNNNNNNNNNNNNNNNNNNNNNNNNNNNNNNNNNNNNNNNNNNNNNNNNNNNNNNNNNNNNNNNNNNNNNNNNNNNNNNNNNNNNNNNNNNNNNNNNNNNNNNNNNNNNNNNNNNNNNNNNNNNNNNNNNNNNNNNNNNNNNNNNNNNNNNNNNNNNNNNNNNNNNNNNNNNNN
bovine-CoV,NNNNNNNNNNNNNNNNNNNNNNNNNNNNNNNNNNNNNNNNNNNNNNNNNNNNNNNNNNNNNNNNNNNNNNNNNNNNNNNNNNNNNNNNNNNNNNNNNNNNNNNNNNNNNNNNNNNNNNNNNNNNNNNNNNNNNNNNNNNNNNNNNNNNNNNNNNNNNNNNNNNNNNNNNNNNNNNNNNNNNNNNNNNNNNNNNNNNNNNNNNNNNNNNNNNNNNN
bovine-CoV,NNNNNNNNNNNNNNNNNNNNNNNNNNNNNNNNNNNNNNNNNNNNNNNNNNNNNNNNNNNNNNNNNNNNNNNNNNNNNNNNNNNNNNNNNNNNNNNNNNNNNNNNNNNNNNNNNNNNNNNNNNNNNNNNNNNNNNNNNNNNNNNNNNNNNNNNNNNNNNNNNNNNNNNNNNNNNNNNNNNNNNNNNNNNNNNNNNNNNNNNNNNNNNNNNNNNNN
bovine-CoV,NNNNNNNNNNNNNNNNNNNNNNNNNNNNNNNNNNNNNNNNNNNNNNNNNNNNNNNNNNNNNNNNNNNNNNNNNNNNNNNNNNNNNNNNNNNNNNNNNNNNNNNNNNNNNNNNNNNNNNNNNNNNNNNNNNNNNNNNNNNNNNNNNNNNNNNNNNNNNNNNNNNNNNNNNNNNNNNNNNNNNNNNNNNNNNNNNNNNNNNNNNNNNNNNNNNNN
bovine-CoV,NNNNNNNNNNNNNNNNNNNNNNNNNNNNNNNNNNNNNNNNNNNNNNNNNNNNNNNNNNNNNNNNNNNNNNNNNNNNNNNNNNNNNNNNNNNNNNNNNNNNNNNNNNNNNNNNNNNNNNNNNNNNNNNNNNNNNNNNNNNNNNNNNNNNNNNNNNNNNNNNNNNNNNNNNNNNNNNNNNNNNNNNNNNNNNNNNNNNNNNNNNNNNNNNNNNN
bovine-CoV,NNNNNNNNNNNNNNNNNNNNNNNNNNNNNNNNNNNNNNNNNNNNNNNNNNNNNNNNNNNNNNNNNNNNNNNNNNNNNNNNNNNNNNNNNNNNNNNNNNNNNNNNNNNNNNNNNNNNNNNNNNNNNNNNNNNNNNNNNNNNNNNNNNNNNNNNNNNNNNNNNNNNNNNNNNNNNNNNNNNNNNNNNNNNNNNNNNNNNNNNNNNNNNNNNNN
bovine-CoV,NNNNNNNNNNNNNNNNNNNNNNNNNNNNNNNNNNNNNNNNNNNNNNNNNNNNNNNNNNNNNNNNNNNNNNNNNNNNNNNNNNNNNNNNNNNNNNNNNNNNNNNNNNNNNNNNNNNNNNNNNNNNNNNNNNNNNNNNNNNNNNNNNNNNNNNNNNNNNNNNNNNNNNNNNNNNNNNNNNNNNNNNNNNNNNNNNNNNNNNNNNNNNNNNNN
bovine-CoV,NNNNNNNNNNNNNNNNNNNNNNNNNNNNNNNNNNNNNNNNNNNNNNNNNNNNNNNNNNNNNNNNNNNNNNNNNNNNNNNNNNNNNNNNNNNNNNNNNNNNNNNNNNNNNNNNNNNNNNNNNNNNNNNNNNNNNNNNNNNNNNNNNNNNNNNNNNNNNNNNNNNNNNNNNNNNNNNNNNNNNNNNNNNNNNNNNNNNNNNNNNNNNNNNN
bovine-CoV,NNNNNNNNNNNNNNNNNNNNNNNNNNNNNNNNNNNNNNNNNNNNNNNNNNNNNNNNNNNNNNNNNNNNNNNNNNNNNNNNNNNNNNNNNNNNNNNNNNNNNNNNNNNNNNNNNNNNNNNNNNNNNNNNNNNNNNNNNNNNNNNNNNNNNNNNNNNNNNNNNNNNNNNNNNNNNNNNNNNNNNNNNNNNNNNNNNNNNNNNNNNNNNNN
bovine-CoV,NNNNNNNNNNNNNNNNNNNNNNNNNNNNNNNNNNNNNNNNNNNNNNNNNNNNNNNNNNNNNNNNNNNNNNNNNNNNNNNNNNNNNNNNNNNNNNNNNNNNNNNNNNNNNNNNNNNNNNNNNNNNNNNNNNNNNNNNNNNNNNNNNNNNNNNNNNNNNNNNNNNNNNNNNNNNNNNNNNNNNNNNNNNNNNNNNNNNNNNNNNNNNNN
bovine-CoV,NNNNNNNNNNNNNNNNNNNNNNNNNNNNNNNNNNNNNNNNNNNNNNNNNNNNNNNNNNNNNNNNNNNNNNNNNNNNNNNNNNNNNNNNNNNNNNNNNNNNNNNNNNNNNNNNNNNNNNNNNNNNNNNNNNNNNNNNNNNNNNNNNNNNNNNNNNNNNNNNNNNNNNNNNNNNNNNNNNNNNNNNNNNNNNNNNNNNNNNNNNNNNN
bovine-CoV,NNNNNNNNNNNNNNNNNNNNNNNNNNNNNNNNNNNNNNNNNNNNNNNNNNNNNNNNNNNNNNNNNNNNNNNNNNNNNNNNNNNNNNNNNNNNNNNNNNNNNNNNNNNNNNNNNNNNNNNNNNNNNNNNNNNNNNNNNNNNNNNNNNNNNNNNNNNNNNNNNNNNNNNNNNNNNNNNNNNNNNNNNNNNNNNNNNNNNNNNNNNNN
bovine-CoV,NNNNNNNNNNNNNNNNNNNNNNNNNNNNNNNNNNNNNNNNNNNNNNNNNNNNNNNNNNNNNNNNNNNNNNNNNNNNNNNNNNNNNNNNNNNNNNNNNNNNNNNNNNNNNNNNNNNNNNNNNNNNNNNNNNNNNNNNNNNNNNNNNNNNNNNNNNNNNNNNNNNNNNNNNNNNNNNNNNNNNNNNNNNNNNNNNNNNNNNNNNNN
bovine-CoV,NNNNNNNNNNNNNNNNNNNNNNNNNNNNNNNNNNNNNNNNNNNNNNNNNNNNNNNNNNNNNNNNNNNNNNNNNNNNNNNNNNNNNNNNNNNNNNNNNNNNNNNNNNNNNNNNNNNNNNNNNNNNNNNNNNNNNNNNNNNNNNNNNNNNNNNNNNNNNNNNNNNNNNNNNNNNNNNNNNNNNNNNNNNNNNNNNNNNNNNNNNN
bovine-CoV,NNNNNNNNNNNNNNNNNNNNNNNNNNNNNNNNNNNNNNNNNNNNNNNNNNNNNNNNNNNNNNNNNNNNNNNNNNNNNNNNNNNNNNNNNNNNNNNNNNNNNNNNNNNNNNNNNNNNNNNNNNNNNNNNNNNNNNNNNNNNNNNNNNNNNNNNNNNNNNNNNNNNNNNNNNNNNNNNNNNNNNNNNNNNNNNNNNNNNNNNNN
bovine-CoV,NNNNNNNNNNNNNNNNNNNNNNNNNNNNNNNNNNNNNNNNNNNNNNNNNNNNNNNNNNNNNNNNNNNNNNNNNNNNNNNNNNNNNNNNNNNNNNNNNNNNNNNNNNNNNNNNNNNNNNNNNNNNNNNNNNNNNNNNNNNNNNNNNNNNNNNNNNNNNNNNNNNNNNNNNNNNNNNNNNNNNNNNNNNNNNNNNNNNNNNNN
bovine-CoV,NNNNNNNNNNNNNNNNNNNNNNNNNNNNNNNNNNNNNNNNNNNNNNNNNNNNNNNNNNNNNNNNNNNNNNNNNNNNNNNNNNNNNNNNNNNNNNNNNNNNNNNNNNNNNNNNNNNNNNNNNNNNNNNNNNNNNNNNNNNNNNNNNNNNNNNNNNNNNNNNNNNNNNNNNNNNNNNNNNNNNNNNNNNNNNNNNNNNNNNN
bovine-CoV,NNNNNNNNNNNNNNNNNNNNNNNNNNNNNNNNNNNNNNNNNNNNNNNNNNNNNNNNNNNNNNNNNNNNNNNNNNNNNNNNNNNNNNNNNNNNNNNNNNNNNNNNNNNNNNNNNNNNNNNNNNNNNNNNNNNNNNNNNNNNNNNNNNNNNNNNNNNNNNNNNNNNNNNNNNNNNNNNNNNNNNNNNNNNNNNNNNNNNNN
bovine-CoV,NNNNNNNNNNNNNNNNNNNNNNNNNNNNNNNNNNNNNNNNNNNNNNNNNNNNNNNNNNNNNNNNNNNNNNNNNNNNNNNNNNNNNNNNNNNNNNNNNNNNNNNNNNNNNNNNNNNNNNNNNNNNNNNNNNNNNNNNNNNNNNNNNNNNNNNNNNNNNNNNNNNNNNNNNNNNNNNNNNNNNNNNNNNNNNNNNNNNNN
bovine-CoV,NNNNNNNNNNNNNNNNNNNNNNNNNNNNNNNNNNNNNNNNNNNNNNNNNNNNNNNNNNNNNNNNNNNNNNNNNNNNNNNNNNNNNNNNNNNNNNNNNNNNNNNNNNNNNNNNNNNNNNNNNNNNNNNNNNNNNNNNNNNNNNNNNNNNNNNNNNNNNNNNNNNNNNNNNNNNNNNNNNNNNNNNNNNNNNNNNNNNN
bovine-CoV,NNNNNNNNNNNNNNNNNNNNNNNNNNNNNNNNNNNNNNNNNNNNNNNNNNNNNNNNNNNNNNNNNNNNNNNNNNNNNNNNNNNNNNNNNNNNNNNNNNNNNNNNNNNNNNNNNNNNNNNNNNNNNNNNNNNNNNNNNNNNNNNNNNNNNNNNNNNNNNNNNNNNNNNNNNNNNNNNNNNNNNNNNNNNNNNNNNNN
bovine-CoV,NNNNNNNNNNNNNNNNNNNNNNNNNNNNNNNNNNNNNNNNNNNNNNNNNNNNNNNNNNNNNNNNNNNNNNNNNNNNNNNNNNNNNNNNNNNNNNNNNNNNNNNNNNNNNNNNNNNNNNNNNNNNNNNNNNNNNNNNNNNNNNNNNNNNNNNNNNNNNNNNNNNNNNNNNNNNNNNNNNNNNNNNNNNNNNNNNNN
bovine-CoV,NNNNNNNNNNNNNNNNNNNNNNNNNNNNNNNNNNNNNNNNNNNNNNNNNNNNNNNNNNNNNNNNNNNNNNNNNNNNNNNNNNNNNNNNNNNNNNNNNNNNNNNNNNNNNNNNNNNNNNNNNNNNNNNNNNNNNNNNNNNNNNNNNNNNNNNNNNNNNNNNNNNNNNNNNNNNNNNNNNNNNNNNNNNNNNNNNN
bovine-CoV,NNNNNNNNNNNNNNNNNNNNNNNNNNNNNNNNNNNNNNNNNNNNNNNNNNNNNNNNNNNNNNNNNNNNNNNNNNNNNNNNNNNNNNNNNNNNNNNNNNNNNNNNNNNNNNNNNNNNNNNNNNNNNNNNNNNNNNNNNNNNNNNNNNNNNNNNNNNNNNNNNNNNNNNNNNNNNNNNNNNNNNNNNNNNNNNNN
bovine-CoV,NNNNNNNNNNNNNNNNNNNNNNNNNNNNNNNNNNNNNNNNNNNNNNNNNNNNNNNNNNNNNNNNNNNNNNNNNNNNNNNNNNNNNNNNNNNNNNNNNNNNNNNNNNNNNNNNNNNNNNNNNNNNNNNNNNNNNNNNNNNNNNNNNNNNNNNNNNNNNNNNNNNNNNNNNNNNNNNNNNNNNNNNNNNNNNNN
bovine-CoV,NNNNNNNNNNNNNNNNNNNNNNNNNNNNNNNNNNNNNNNNNNNNNNNNNNNNNNNNNNNNNNNNNNNNNNNNNNNNNNNNNNNNNNNNNNNNNNNNNNNNNNNNNNNNNNNNNNNNNNNNNNNNNNNNNNNNNNNNNNNNNNNNNNNNNNNNNNNNNNNNNNNNNNNNNNNNNNNNNNNNNNNNNNNNNNN
bovine-CoV,NNNNNNNNNNNNNNNNNNNNNNNNNNNNNNNNNNNNNNNNNNNNNNNNNNNNNNNNNNNNNNNNNNNNNNNNNNNNNNNNNNNNNNNNNNNNNNNNNNNNNNNNNNNNNNNNNNNNNNNNNNNNNNNNNNNNNNNNNNNNNNNNNNNNNNNNNNNNNNNNNNNNNNNNNNNNNNNNNNNNNNNNNNNNNN
bovine-CoV,NNNNNNNNNNNNNNNNNNNNNNNNNNNNNNNNNNNNNNNNNNNNNNNNNNNNNNNNNNNNNNNNNNNNNNNNNNNNNNNNNNNNNNNNNNNNNNNNNNNNNNNNNNNNNNNNNNNNNNNNNNNNNNNNNNNNNNNNNNNNNNNNNNNNNNNNNNNNNNNNNNNNNNNNNNNNNNNNNNNNNNNNNNNNN
bovine-CoV,NNNNNNNNNNNNNNNNNNNNNNNNNNNNNNNNNNNNNNNNNNNNNNNNNNNNNNNNNNNNNNNNNNNNNNNNNNNNNNNNNNNNNNNNNNNNNNNNNNNNNNNNNNNNNNNNNNNNNNNNNNNNNNNNNNNNNNNNNNNNNNNNNNNNNNNNNNNNNNNNNNNNNNNNNNNNNNNNNNNNNNNNNNNN
bovine-CoV,NNNNNNNNNNNNNNNNNNNNNNNNNNNNNNNNNNNNNNNNNNNNNNNNNNNNNNNNNNNNNNNNNNNNNNNNNNNNNNNNNNNNNNNNNNNNNNNNNNNNNNNNNNNNNNNNNNNNNNNNNNNNNNNNNNNNNNNNNNNNNNNNNNNNNNNNNNNNNNNNNNNNNNNNNNNNNNNNNNNNNNNNNNN
bovine-CoV,NNNNNNNNNNNNNNNNNNNNNNNNNNNNNNNNNNNNNNNNNNNNNNNNNNNNNNNNNNNNNNNNNNNNNNNNNNNNNNNNNNNNNNNNNNNNNNNNNNNNNNNNNNNNNNNNNNNNNNNNNNNNNNNNNNNNNNNNNNNNNNNNNNNNNNNNNNNNNNNNNNNNNNNNNNNNNNNNNNNNNNNNNN
bovine-CoV,NNNNNNNNNNNNNNNNNNNNNNNNNNNNNNNNNNNNNNNNNNNNNNNNNNNNNNNNNNNNNNNNNNNNNNNNNNNNNNNNNNNNNNNNNNNNNNNNNNNNNNNNNNNNNNNNNNNNNNNNNNNNNNNNNNNNNNNNNNNNNNNNNNNNNNNNNNNNNNNNNNNNNNNNNNNNNNNNNNNNNNNNN
bovine-CoV,NNNNNNNNNNNNNNNNNNNNNNNNNNNNNNNNNNNNNNNNNNNNNNNNNNNNNNNNNNNNNNNNNNNNNNNNNNNNNNNNNNNNNNNNNNNNNNNNNNNNNNNNNNNNNNNNNNNNNNNNNNNNNNNNNNNNNNNNNNNNNNNNNNNNNNNNNNNNNNNNNNNNNNNNNNNNNNNNNNNNNNNN
bovine-CoV,NNNNNNNNNNNNNNNNNNNNNNNNNNNNNNNNNNNNNNNNNNNNNNNNNNNNNNNNNNNNNNNNNNNNNNNNNNNNNNNNNNNNNNNNNNNNNNNNNNNNNNNNNNNNNNNNNNNNNNNNNNNNNNNNNNNNNNNNNNNNNNNNNNNNNNNNNNNNNNNNNNNNNNNNNNNNNNNNNNNNNNN
bovine-CoV,NNNNNNNNNNNNNNNNNNNNNNNNNNNNNNNNNNNNNNNNNNNNNNNNNNNNNNNNNNNNNNNNNNNNNNNNNNNNNNNNNNNNNNNNNNNNNNNNNNNNNNNNNNNNNNNNNNNNNNNNNNNNNNNNNNNNNNNNNNNNNNNNNNNNNNNNNNNNNNNNNNNNNNNNNNNNNNNNNNNNNN
bovine-CoV,NNNNNNNNNNNNNNNNNNNNNNNNNNNNNNNNNNNNNNNNNNNNNNNNNNNNNNNNNNNNNNNNNNNNNNNNNNNNNNNNNNNNNNNNNNNNNNNNNNNNNNNNNNNNNNNNNNNNNNNNNNNNNNNNNNNNNNNNNNNNNNNNNNNNNNNNNNNNNNNNNNNNNNNNNNNNNNNNNNNNN
bovine-CoV,NNNNNNNNNNNNNNNNNNNNNNNNNNNNNNNNNNNNNNNNNNNNNNNNNNNNNNNNNNNNNNNNNNNNNNNNNNNNNNNNNNNNNNNNNNNNNNNNNNNNNNNNNNNNNNNNNNNNNNNNNNNNNNNNNNNNNNNNNNNNNNNNNNNNNNNNNNNNNNNNNNNNNNNNNNNNNNNNNNNN
bovine-CoV,NNNNNNNNNNNNNNNNNNNNNNNNNNNNNNNNNNNNNNNNNNNNNNNNNNNNNNNNNNNNNNNNNNNNNNNNNNNNNNNNNNNNNNNNNNNNNNNNNNNNNNNNNNNNNNNNNNNNNNNNNNNNNNNNNNNNNNNNNNNNNNNNNNNNNNNNNNNNNNNNNNNNNNNNNNNNNNNNNNN
bovine-CoV,NNNNNNNNNNNNNNNNNNNNNNNNNNNNNNNNNNNNNNNNNNNNNNNNNNNNNNNNNNNNNNNNNNNNNNNNNNNNNNNNNNNNNNNNNNNNNNNNNNNNNNNNNNNNNNNNNNNNNNNNNNNNNNNNNNNNNNNNNNNNNNNNNNNNNNNNNNNNNNNNNNNNNNNNNNNNNNNNNN
bovine-CoV,NNNNNNNNNNNNNNNNNNNNNNNNNNNNNNNNNNNNNNNNNNNNNNNNNNNNNNNNNNNNNNNNNNNNNNNNNNNNNNNNNNNNNNNNNNNNNNNNNNNNNNNNNNNNNNNNNNNNNNNNNNNNNNNNNNNNNNNNNNNNNNNNNNNNNNNNNNNNNNNNNNNNNNNNNNNNNNNNN
bovine-CoV,NNNNNNNNNNNNNNNNNNNNNNNNNNNNNNNNNNNNNNNNNNNNNNNNNNNNNNNNNNNNNNNNNNNNNNNNNNNNNNNNNNNNNNNNNNNNNNNNNNNNNNNNNNNNNNNNNNNNNNNNNNNNNNNNNNNNNNNNNNNNNNNNNNNNNNNNNNNNNNNNNNNNNNNNNNNNNNNN
bovine-CoV,NNNNNNNNNNNNNNNNNNNNNNNNNNNNNNNNNNNNNNNNNNNNNNNNNNNNNNNNNNNNNNNNNNNNNNNNNNNNNNNNNNNNNNNNNNNNNNNNNNNNNNNNNNNNNNNNNNNNNNNNNNNNNNNNNNNNNNNNNNNNNNNNNNNNNNNNNNNNNNNNNNNNNNNNNNNNNNN
bovine-CoV,NNNNNNNNNNNNNNNNNNNNNNNNNNNNNNNNNNNNNNNNNNNNNNNNNNNNNNNNNNNNNNNNNNNNNNNNNNNNNNNNNNNNNNNNNNNNNNNNNNNNNNNNNNNNNNNNNNNNNNNNNNNNNNNNNNNNNNNNNNNNNNNNNNNNNNNNNNNNNNNNNNNNNNNNNNNNNN
bovine-CoV,NNNNNNNNNNNNNNNNNNNNNNNNNNNNNNNNNNNNNNNNNNNNNNNNNNNNNNNNNNNNNNNNNNNNNNNNNNNNNNNNNNNNNNNNNNNNNNNNNNNNNNNNNNNNNNNNNNNNNNNNNNNNNNNNNNNNNNNNNNNNNNNNNNNNNNNNNNNNNNNNNNNNNNNNNNNNN
bovine-CoV,NNNNNNNNNNNNNNNNNNNNNNNNNNNNNNNNNNNNNNNNNNNNNNNNNNNNNNNNNNNNNNNNNNNNNNNNNNNNNNNNNNNNNNNNNNNNNNNNNNNNNNNNNNNNNNNNNNNNNNNNNNNNNNNNNNNNNNNNNNNNNNNNNNNNNNNNNNNNNNNNNNNNNNNNNNNN
bovine-CoV,NNNNNNNNNNNNNNNNNNNNNNNNNNNNNNNNNNNNNNNNNNNNNNNNNNNNNNNNNNNNNNNNNNNNNNNNNNNNNNNNNNNNNNNNNNNNNNNNNNNNNNNNNNNNNNNNNNNNNNNNNNNNNNNNNNNNNNNNNNNNNNNNNNNNNNNNNNNNNNNNNNNNNNNNNNN
bovine-CoV,NNNNNNNNNNNNNNNNNNNNNNNNNNNNNNNNNNNNNNNNNNNNNNNNNNNNNNNNNNNNNNNNNNNNNNNNNNNNNNNNNNNNNNNNNNNNNNNNNNNNNNNNNNNNNNNNNNNNNNNNNNNNNNNNNNNNNNNNNNNNNNNNNNNNNNNNNNNNNNNNNNNNNNNNNN
bovine-CoV,NNNNNNNNNNNNNNNNNNNNNNNNNNNNNNNNNNNNNNNNNNNNNNNNNNNNNNNNNNNNNNNNNNNNNNNNNNNNNNNNNNNNNNNNNNNNNNNNNNNNNNNNNNNNNNNNNNNNNNNNNNNNNNNNNNNNNNNNNNNNNNNNNNNNNNNNNNNNNNNNNNNNNNNNN
bovine-CoV,NNNNNNNNNNNNNNNNNNNNNNNNNNNNNNNNNNNNNNNNNNNNNNNNNNNNNNNNNNNNNNNNNNNNNNNNNNNNNNNNNNNNNNNNNNNNNNNNNNNNNNNNNNNNNNNNNNNNNNNNNNNNNNNNNNNNNNNNNNNNNNNNNNNNNNNNNNNNNNNNNNNNNNNN
bovine-CoV,NNNNNNNNNNNNNNNNNNNNNNNNNNNNNNNNNNNNNNNNNNNNNNNNNNNNNNNNNNNNNNNNNNNNNNNNNNNNNNNNNNNNNNNNNNNNNNNNNNNNNNNNNNNNNNNNNNNNNNNNNNNNNNNNNNNNNNNNNNNNNNNNNNNNNNNNNNNNNNNNNNNNNNN
bovine-CoV,NNNNNNNNNNNNNNNNNNNNNNNNNNNNNNNNNNNNNNNNNNNNNNNNNNNNNNNNNNNNNNNNNNNNNNNNNNNNNNNNNNNNNNNNNNNNNNNNNNNNNNNNNNNNNNNNNNNNNNNNNNNNNNNNNNNNNNNNNNNNNNNNNNNNNNNNNNNNNNNNNNNNNN
bovine-CoV,NNNNNNNNNNNNNNNNNNNNNNNNNNNNNNNNNNNNNNNNNNNNNNNNNNNNNNNNNNNNNNNNNNNNNNNNNNNNNNNNNNNNNNNNNNNNNNNNNNNNNNNNNNNNNNNNNNNNNNNNNNNNNNNNNNNNNNNNNNNNNNNNNNNNNNNNNNNNNNNNNNNNN
bovine-CoV,NNNNNNNNNNNNNNNNNNNNNNNNNNNNNNNNNNNNNNNNNNNNNNNNNNNNNNNNNNNNNNNNNNNNNNNNNNNNNNNNNNNNNNNNNNNNNNNNNNNNNNNNNNNNNNNNNNNNNNNNNNNNNNNNNNNNNNNNNNNNNNNNNNNNNNNNNNNNNNNNNNNN
bovine-CoV,NNNNNNNNNNNNNNNNNNNNNNNNNNNNNNNNNNNNNNNNNNNNNNNNNNNNNNNNNNNNNNNNNNNNNNNNNNNNNNNNNNNNNNNNNNNNNNNNNNNNNNNNNNNNNNNNNNNNNNNNNNNNNNNNNNNNNNNNNNNNNNNNNNNNNNNNNNNNNNNNNNN
bovine-CoV,NNNNNNNNNNNNNNNNNNNNNNNNNNNNNNNNNNNNNNNNNNNNNNNNNNNNNNNNNNNNNNNNNNNNNNNNNNNNNNNNNNNNNNNNNNNNNNNNNNNNNNNNNNNNNNNNNNNNNNNNNNNNNNNNNNNNNNNNNNNNNNNNNNNNNNNNNNNNNNNNNN
bovine-CoV,NNNNNNNNNNNNNNNNNNNNNNNNNNNNNNNNNNNNNNNNNNNNNNNNNNNNNNNNNNNNNNNNNNNNNNNNNNNNNNNNNNNNNNNNNNNNNNNNNNNNNNNNNNNNNNNNNNNNNNNNNNNNNNNNNNNNNNNNNNNNNNNNNNNNNNNNNNNNNNNNN
bovine-CoV,NNNNNNNNNNNNNNNNNNNNNNNNNNNNNNNNNNNNNNNNNNNNNNNNNNNNNNNNNNNNNNNNNNNNNNNNNNNNNNNNNNNNNNNNNNNNNNNNNNNNNNNNNNNNNNNNNNNNNNNNNNNNNNNNNNNNNNNNNNNNNNNNNNNNNNNNNNNNNNNN
bovine-CoV,NNNNNNNNNNNNNNNNNNNNNNNNNNNNNNNNNNNNNNNNNNNNNNNNNNNNNNNNNNNNNNNNNNNNNNNNNNNNNNNNNNNNNNNNNNNNNNNNNNNNNNNNNNNNNNNNNNNNNNNNNNNNNNNNNNNNNNNNNNNNNNNNNNNNNNNNNNNNNNN
bovine-CoV,NNNNNNNNNNNNNNNNNNNNNNNNNNNNNNNNNNNNNNNNNNNNNNNNNNNNNNNNNNNNNNNNNNNNNNNNNNNNNNNNNNNNNNNNNNNNNNNNNNNNNNNNNNNNNNNNNNNNNNNNNNNNNNNNNNNNNNNNNNNNNNNNNNNNNNNNNNNNNN
bovine-CoV,NNNNNNNNNNNNNNNNNNNNNNNNNNNNNNNNNNNNNNNNNNNNNNNNNNNNNNNNNNNNNNNNNNNNNNNNNNNNNNNNNNNNNNNNNNNNNNNNNNNNNNNNNNNNNNNNNNNNNNNNNNNNNNNNNNNNNNNNNNNNNNNNNNNNNNNNNNNNN
bovine-CoV,NNNNNNNNNNNNNNNNNNNNNNNNNNNNNNNNNNNNNNNNNNNNNNNNNNNNNNNNNNNNNNNNNNNNNNNNNNNNNNNNNNNNNNNNNNNNNNNNNNNNNNNNNNNNNNNNNNNNNNNNNNNNNNNNNNNNNNNNNNNNNNNNNNNNNNNNNNNN
bovine-CoV,NNNNNNNNNNNNNNNNNNNNNNNNNNNNNNNNNNNNNNNNNNNNNNNNNNNNNNNNNNNNNNNNNNNNNNNNNNNNNNNNNNNNNNNNNNNNNNNNNNNNNNNNNNNNNNNNNNNNNNNNNNNNNNNNNNNNNNNNNNNNNNNNNNNNNNNNNNN
bovine-CoV,NNNNNNNNNNNNNNNNNNNNNNNNNNNNNNNNNNNNNNNNNNNNNNNNNNNNNNNNNNNNNNNNNNNNNNNNNNNNNNNNNNNNNNNNNNNNNNNNNNNNNNNNNNNNNNNNNNNNNNNNNNNNNNNNNNNNNNNNNNNNNNNNNNNNNNNNNN
bovine-CoV,NNNNNNNNNNNNNNNNNNNNNNNNNNNNNNNNNNNNNNNNNNNNNNNNNNNNNNNNNNNNNNNNNNNNNNNNNNNNNNNNNNNNNNNNNNNNNNNNNNNNNNNNNNNNNNNNNNNNNNNNNNNNNNNNNNNNNNNNNNNNNNNNNNNNNNNNN
bovine-CoV,NNNNNNNNNNNNNNNNNNNNNNNNNNNNNNNNNNNNNNNNNNNNNNNNNNNNNNNNNNNNNNNNNNNNNNNNNNNNNNNNNNNNNNNNNNNNNNNNNNNNNNNNNNNNNNNNNNNNNNNNNNNNNNNNNNNNNNNNNNNNNNNNNNNNNNNN
bovine-CoV,NNNNNNNNNNNNNNNNNNNNNNNNNNNNNNNNNNNNNNNNNNNNNNNNNNNNNNNNNNNNNNNNNNNNNNNNNNNNNNNNNNNNNNNNNNNNNNNNNNNNNNNNNNNNNNNNNNNNNNNNNNNNNNNNNNNNNNNNNNNNNNNNNNNNNNN
bovine-CoV,NNNNNNNNNNNNNNNNNNNNNNNNNNNNNNNNNNNNNNNNNNNNNNNNNNNNNNNNNNNNNNNNNNNNNNNNNNNNNNNNNNNNNNNNNNNNNNNNNNNNNNNNNNNNNNNNNNNNNNNNNNNNNNNNNNNNNNNNNNNNNNNNNNNNNN
bovine-CoV,NNNNNNNNNNNNNNNNNNNNNNNNNNNNNNNNNNNNNNNNNNNNNNNNNNNNNNNNNNNNNNNNNNNNNNNNNNNNNNNNNNNNNNNNNNNNNNNNNNNNNNNNNNNNNNNNNNNNNNNNNNNNNNNNNNNNNNNNNNNNNNNNNNNNN
bovine-CoV,NNNNNNNNNNNNNNNNNNNNNNNNNNNNNNNNNNNNNNNNNNNNNNNNNNNNNNNNNNNNNNNNNNNNNNNNNNNNNNNNNNNNNNNNNNNNNNNNNNNNNNNNNNNNNNNNNNNNNNNNNNNNNNNNNNNNNNNNNNNNNNNNNNNN
bovine-CoV,NNNNNNNNNNNNNNNNNNNNNNNNNNNNNNNNNNNNNNNNNNNNNNNNNNNNNNNNNNNNNNNNNNNNNNNNNNNNNNNNNNNNNNNNNNNNNNNNNNNNNNNNNNNNNNNNNNNNNNNNNNNNNNNNNNNNNNNNNNNNNNNNNNN
bovine-CoV,NNNNNNNNNNNNNNNNNNNNNNNNNNNNNNNNNNNNNNNNNNNNNNNNNNNNNNNNNNNNNNNNNNNNNNNNNNNNNNNNNNNNNNNNNNNNNNNNNNNNNNNNNNNNNNNNNNNNNNNNNNNNNNNNNNNNNNNNNNNNNNNNNNN
bovine-CoV,NNNNNNNNNNNNNNNNNNNNNNNNNNNNNNNNNNNNNNNNNNNNNNNNNNNNNNNNNNNNNNNNNNNNNNNNNNNNNNNNNNNNNNNNNNNNNNNNNNNNNNNNNNNNNNNNNNNNNNNNNNNNNNNNNNNNNNNNNNNNNNNNNNN
bovine-CoV,NNNNNNNNNNNNNNNNNNNNNNNNNNNNNNNNNNNNNNNNNNNNNNNNNNNNNNNNNNNNNNNNNNNNNNNNNNNNNNNNNNNNNNNNNNNNNNNNNNNNNNNNNNNNNNNNNNNNNNNNNNNNNNNNNNNNNNNNNNNNNNNNNNN
bovine-CoV,NNNNNNNNNNNNNNNNNNNNNNNNNNNNNNNNNNNNNNNNNNNNNNNNNNNNNNNNNNNNNNNNNNNNNNNNNNNNNNNNNNNNNNNNNNNNNNNNNNNNNNNNNNNNNNNNNNNNNNNNNNNNNNNNNNNNNNNNNNNNNNNNNNN
bovine-CoV,NNNNNNNNNNNNNNNNNNNNNNNNNNNNNNNNNNNNNNNNNNNNNNNNNNNNNNNNNNNNNNNNNNNNNNNNNNNNNNNNNNNNNNNNNNNNNNNNNNNNNNNNNNNNNNNNNNNNNNNNNNNNNNNNNNNNNNNNNNNNNNNNNNN
bovine-CoV,NNNNNNNNNNNNNNNNNNNNNNNNNNNNNNNNNNNNNNNNNNNNNNNNNNNNNNNNNNNNNNNNNNNNNNNNNNNNNNNNNNNNNNNNNNNNNNNNNNNNNNNNNNNNNNNNNNNNNNNNNNNNNNNNNNNNNNNNNNNNNNNNNNN
bovine-CoV,NNNNNNNNNNNNNNNNNNNNNNNNNNNNNNNNNNNNNNNNNNNNNNNNNNNNNNNNNNNNNNNNNNNNNNNNNNNNNNNNNNNNNNNNNNNNNNNNNNNNNNNNNNNNNNNNNNNNNNNNNNNNNNNNNNNNNNNNNNNNNNNNNNN
bovine-CoV,NNNNNNNNNNNNNNNNNNNNNNNNNNNNNNNNNNNNNNNNNNNNNNNNNNNNNNNNNNNNNNNNNNNNNNNNNNNNNNNNNNNNNNNNNNNNNNNNNNNNNNNNNNNNNNNNNNNNNNNNNNNNNNNNNNNNNNNNNNNNNNNNNNN
bovine-CoV,NNNNNNNNNNNNNNNNNNNNNNNNNNNNNNNNNNNNNNNNNNNNNNNNNNNNNNNNNNNNNNNNNNNNNNNNNNNNNNNNNNNNNNNNNNNNNNNNNNNNNNNNNNNNNNNNNNNNNNNNNNNNNNNNNNNNNNNNNNNNNNNNNNN
bovine-CoV,NNNNNNNNNNNNNNNNNNNNNNNNNNNNNNNNNNNNNNNNNNNNNNNNNNNNNNNNNNNNNNNNNNNNNNNNNNNNNNNNNNNNNNNNNNNNNNNNNNNNNNNNNNNNNNNNNNNNNNNNNNNNNNNNNNNNNNNNNNNNNNNNNNN
bovine-CoV,NNNNNNNNNNNNNNNNNNNNNNNNNNNNNNNNNNNNNNNNNNNNNNNNNNNNNNNNNNNNNNNNNNNNNNNNNNNNNNNNNNNNNNNNNNNNNNNNNNNNNNNNNNNNNNNNNNNNNNNNNNNNNNNNNNNNNNNNNNNNNNNNNNN
bovine-CoV,NNNNNNNNNNNNNNNNNNNNNNNNNNNNNNNNNNNNNNNNNNNNNNNNNNNNNNNNNNNNNNNNNNNNNNNNNNNNNNNNNNNNNNNNNNNNNNNNNNNNNNNNNNNNNNNNNNNNNNNNNNNNNNNNNNNNNNNNNNNNNNNNNNN
bovine-CoV,NNNNNNNNNNNNNNNNNNNNNNNNNNNNNNNNNNNNNNNNNNNNNNNNNNNNNNNNNNNNNNNNNNNNNNNNNNNNNNNNNNNNNNNNNNNNNNNNNNNNNNNNNNNNNNNNNNNNNNNNNNNNNNNNNNNNNNNNNNNNNNNNNNN
bovine-CoV,NNNNNNNNNNNNNNNNNNNNNNNNNNNNNNNNNNNNNNNNNNNNNNNNNNNNNNNNNNNNNNNNNNNNNNNNNNNNNNNNNNNNNNNNNNNNNNNNNNNNNNNNNNNNNNNNNNNNNNNNNNNNNNNNNNNNNNNNNNNNNNNNNNN
bovine-CoV,NNNNNNNNNNNNNNNNNNNNNNNNNNNNNNNNNNNNNNNNNNNNNNNNNNNNNNNNNNNNNNNNNNNNNNNNNNNNNNNNNNNNNNNNNNNNNNNNNNNNNNNNNNNNNNNNNNNNNNNNNNNNNNNNNNNNNNNNNNNNNNNNNNN
bovine-CoV,NNNNNNNNNNNNNNNNNNNNNNNNNNNNNNNNNNNNNNNNNNNNNNNNNNNNNNNNNNNNNNNNNNNNNNNNNNNNNNNNNNNNNNNNNNNNNNNNNNNNNNNNNNNNNNNNNNNNNNNNNNNNNNNNNNNNNNNNNNNNNNNNNNN
bovine-CoV,NNNNNNNNNNNNNNNNNNNNNNNNNNNNNNNNNNNNNNNNNNNNNNNNNNNNNNNNNNNNNNNNNNNNNNNNNNNNNNNNNNNNNNNNNNNNNNNNNNNNNNNNNNNNNNNNNNNNNNNNNNNNNNNNNNNNNNNNNNNNNNNNNNN
bovine-CoV,NNNNNNNNNNNNNNNNNNNNNNNNNNNNNNNNNNNNNNNNNNNNNNNNNNNNNNNNNNNNNNNNNNNNNNNNNNNNNNNNNNNNNNNNNNNNNNNNNNNNNNNNNNNNNNNNNNNNNNNNNNNNNNNNNNNNNNNNNNNNNNNNNNN
bovine-CoV,NNNNNNNNNNNNNNNNNNNNNNNNNNNNNNNNNNNNNNNNNNNNNNNNNNNNNNNNNNNNNNNNNNNNNNNNNNNNNNNNNNNNNNNNNNNNNNNNNNNNNNNNNNNNNNNNNNNNNNNNNNNNNNNNNNNNNNNNNNNNNNNNNNN
bovine-CoV,NNNNNNNNNNNNNNNNNNNNNNNNNNNNNNNNNNNNNNNNNNNNNNNNNNNNNNNNNNNNNNNNNNNNNNNNNNNNNNNNNNNNNNNNNNNNNNNNNNNNNNNNNNNNNNNNNNNNNNNNNNNNNNNNNNNNNNNNNNNNNNNNNNN
bovine-CoV,NNNNNNNNNNNNNNNNNNNNNNNNNNNNNNNNNNNNNNNNNNNNNNNNNNNNNNNNNNNNNNNNNNNNNNNNNNNNNNNNNNNNNNNNNNNNNNNNNNNNNNNNNNNNNNNNNNNNNNNNNNNNNNNNNNNNNNNNNNNNNNNNNNN
bovine-CoV,NNNNNNNNNNNNNNNNNNNNNNNNNNNNNNNNNNNNNNNNNNNNNNNNNNNNNNNNNNNNNNNNNNNNNNNNNNNNNNNNNNNNNNNNNNNNNNNNNNNNNNNNNNNNNNNNNNNNNNNNNNNNNNNNNNNNNNNNNNNNNNNNNNN
bovine-CoV,NNNNNNNNNNNNNNNNNNNNNNNNNNNNNNNNNNNNNNNNNNNNNNNNNNNNNNNNNNNNNNNNNNNNNNNNNNNNNNNNNNNNNNNNNNNNNNNNNNNNNNNNNNNNNNNNNNNNNNNNNNNNNNNNNNNNNNNNNNNNNNNNNNN
bovine-CoV,NNNNNNNNNNNNNNNNNNNNNNNNNNNNNNNNNNNNNNNNNNNNNNNNNNNNNNNNNNNNNNNNNNNNNNNNNNNNNNNNNNNNNNNNNNNNNNNNNNNNNNNNNNNNNNNNNNNNNNNNNNNNNNNNNNNNNNNNNNNNNNNNNNN
bovine-CoV,NNNNNNNNNNNNNNNNNNNNNNNNNNNNNNNNNNNNNNNNNNNNNNNNNNNNNNNNNNNNNNNNNNNNNNNNNNNNNNNNNNNNNNNNNNNNNNNNNNNNNNNNNNNNNNNNNNNNNNNNNNNNNNNNNNNNNNNNNNNNNNNNNNN
bovine-CoV,NNNNNNNNNNNNNNNNNNNNNNNNNNNNNNNNNNNNNNNNNNNNNNNNNNNNNNNNNNNNNNNNNNNNNNNNNNNNNNNNNNNNNNNNNNNNNNNNNNNNNNNNNNNNNNNNNNNNNNNNNNNNNNNNNNNNNNNNNNNNNNNNNNN
bovine-CoV,NNNNNNNNNNNNNNNNNNNNNNNNNNNNNNNNNNNNNNNNNNNNNNNNNNNNNNNNNNNNNNNNNNNNNNNNNNNNNNNNNNNNNNNNNNNNNNNNNNNNNNNNNNNNNNNNNNNNNNNNNNNNNNNNNNNNNNNNNNNNNNNNNNN
bovine-CoV,NNNNNNNNNNNNNNNNNNNNNNNNNNNNNNNNNNNNNNNNNNNNNNNNNNNNNNNNNNNNNNNNNNNNNNNNNNNNNNNNNNNNNNNNNNNNNNNNNNNNNNNNNNNNNNNNNNNNNNNNNNNNNNNNNNNNNNNNNNNNNNNNNNN
bovine-CoV,NNNNNNNNNNNNNNNNNNNNNNNNNNNNNNNNNNNNNNNNNNNNNNNNNNNNNNNNNNNNNNNNNNNNNNNNNNNNNNNNNNNNNNNNNNNNNNNNNNNNNNNNNNNNNNNNNNNNNNNNNNNNNNNNNNNNNNNNNNNNNNNNNNN
bovine-CoV,NNNNNNNNNNNNNNNNNNNNNNNNNNNNNNNNNNNNNNNNNNNNNNNNNNNNNNNNNNNNNNNNNNNNNNNNNNNNNNNNNNNNNNNNNNNNNNNNNNNNNNNNNNNNNNNNNNNNNNNNNNNNNNNNNNNNNNNNNNNNNNNNNNN
bovine-CoV,NNNNNNNNNNNNNNNNNNNNNNNNNNNNNNNNNNNNNNNNNNNNNNNNNNNNNNNNNNNNNNNNNNNNNNNNNNNNNNNNNNNNNNNNNNNNNNNNNNNNNNNNNNNNNNNNNNNNNNNNNNNNNNNNNNNNNNNNNNNNNNNNNNN
bovine-CoV,NNNNNNNNNNNNNNNNNNNNNNNNNNNNNNNNNNNNNNNNNNNNNNNNNNNNNNNNNNNNNNNNNNNNNNNNNNNNNNNNNNNNNNNNNNNNNNNNNNNNNNNNNNNNNNNNNNNNNNNNNNNNNNNNNNNNNNNNNNNNNNNNNNN
bovine-CoV,NNNNNNNNNNNNNNNNNNNNNNNNNNNNNNNNNNNNNNNNNNNNNNNNNNNNNNNNNNNNNNNNNNNNNNNNNNNNNNNNNNNNNNNNNNNNNNNNNNNNNNNNNNNNNNNNNNNNNNNNNNNNNNNNNNNNNNNNNNNNNNNNNNN
bovine-CoV,NNNNNNNNNNNNNNNNNNNNNNNNNNNNNNNNNNNNNNNNNNNNNNNNNNNNNNNNNNNNNNNNNNNNNNNNNNNNNNNNNNNNNNNNNNNNNNNNNNNNNNNNNNNNNNNNNNNNNNNNNNNNNNNNNNNNNNNNNNNNNNNNNNN
bovine-CoV,NNNNNNNNNNNNNNNNNNNNNNNNNNNNNNNNNNNNNNNNNNNNNNNNNNNNNNNNNNNNNNNNNNNNNNNNNNNNNNNNNNNNNNNNNNNNNNNNNNNNNNNNNNNNNNNNNNNNNNNNNNNNNNNNNNNNNNNNNNNNNNNNNNN
bovine-CoV,NNNNNNNNNNNNNNNNNNNNNNNNNNNNNNNNNNNNNNNNNNNNNNNNNNNNNNNNNNNNNNNNNNNNNNNNNNNNNNNNNNNNNNNNNNNNNNNNNNNNNNNNNNNNNNNNNNNNNNNNNNNNNNNNNNNNNNNNNNNNNNNNNNN
bovine-CoV,NNNNNNNNNNNNNNNNNNNNNNNNNNNNNNNNNNNNNNNNNNNNNNNNNNNNNNNNNNNNNNNNNNNNNNNNNNNNNNNNNNNNNNNNNNNNNNNNNNNNNNNNNNNNNNNNNNNNNNNNNNNNNNNNNNNNNNNNNNNNNNNNNNN
bovine-CoV,NNNNNNNNNNNNNNNNNNNNNNNNNNNNNNNNNNNNNNNNNNNNNNNNNNNNNNNNNNNNNNNNNNNNNNNNNNNNNNNNNNNNNNNNNNNNNNNNNNNNNNNNNNNNNNNNNNNNNNNNNNNNNNNNNNNNNNNNNNNNNNNNNNN
bovine-CoV,NNNNNNNNNNNNNNNNNNNNNNNNNNNNNNNNNNNNNNNNNNNNNNNNNNNNNNNNNNNNNNNNNNNNNNNNNNNNNNNNNNNNNNNNNNNNNNNNNNNNNNNNNNNNNNNNNNNNNNNNNNNNNNNNNNNNNNNNNNNNNNNNNNN
bovine-CoV,NNNNNNNNNNNNNNNNNNNNNNNNNNNNNNNNNNNNNNNNNNNNNNNNNNNNNNNNNNNNNNNNNNNNNNNNNNNNNNNNNNNNNNNNNNNNNNNNNNNNNNNNNNNNNNNNNNNNNNNNNNNNNNNNNNNNNNNNNNNNNNNNNNN
bovine-CoV,NNNNNNNNNNNNNNNNNNNNNNNNNNNNNNNNNNNNNNNNNNNNNNNNNNNNNNNNNNNNNNNNNNNNNNNNNNNNNNNNNNNNNNNNNNNNNNNNNNNNNNNNNNNNNNNNNNNNNNNNNNNNNNNNNNNNNNNNNNNNNNNNNNN
bovine-CoV,NNNNNNNNNNNNNNNNNNNNNNNNNNNNNNNNNNNNNNNNNNNNNNNNNNNNNNNNNNNNNNNNNNNNNNNNNNNNNNNNNNNNNNNNNNNNNNNNNNNNNNNNNNNNNNNNNNNNNNNNNNNNNNNNNNNNNNNNNNNNNNNNNNN
bovine-CoV,NNNNNNNNNNNNNNNNNNNNNNNNNNNNNNNNNNNNNNNNNNNNNNNNNNNNNNNNNNNNNNNNNNNNNNNNNNNNNNNNNNNNNNNNNNNNNNNNNNNNNNNNNNNNNNNNNNNNNNNNNNNNNNNNNNNNNNNNNNNNNNNNNNN
bovine-CoV,NNNNNNNNNNNNNNNNNNNNNNNNNNNNNNNNNNNNNNNNNNNNNNNNNNNNNNNNNNNNNNNNNNNNNNNNNNNNNNNNNNNNNNNNNNNNNNNNNNNNNNNNNNNNNNNNNNNNNNNNNNNNNNNNNNNNNNNNNNNNNNNNNNN
bovine-CoV,NNNNNNNNNNNNNNNNNNNNNNNNNNNNNNNNNNNNNNNNNNNNNNNNNNNNNNNNNNNNNNNNNNNNNNNNNNNNNNNNNNNNNNNNNNNNNNNNNNNNNNNNNNNNNNNNNNNNNNNNNNNNNNNNNNNNNNNNNNNNNNNNNNN
bovine-CoV,NNNNNNNNNNNNNNNNNNNNNNNNNNNNNNNNNNNNNNNNNNNNNNNNNNNNNNNNNNNNNNNNNNNNNNNNNNNNNNNNNNNNNNNNNNNNNNNNNNNNNNNNNNNNNNNNNNNNNNNNNNNNNNNNNNNNNNNNNNNNNNNNNNN
bovine-CoV,NNNNNNNNNNNNNNNNNNNNNNNNNNNNNNNNNNNNNNNNNNNNNNNNNNNNNNNNNNNNNNNNNNNNNNNNNNNNNNNNNNNNNNNNNNNNNNNNNNNNNNNNNNNNNNNNNNNNNNNNNNNNNNNNNNNNNNNNNNNNNNNNNNN
bovine-CoV,NNNNNNNNNNNNNNNNNNNNNNNNNNNNNNNNNNNNNNNNNNNNNNNNNNNNNNNNNNNNNNNNNNNNNNNNNNNNNNNNNNNNNNNNNNNNNNNNNNNNNNNNNNNNNNNNNNNNNNNNNNNNNNNNNNNNNNNNNNNNNNNNNNN
bovine-CoV,NNNNNNNNNNNNNNNNNNNNNNNNNNNNNNNNNNNNNNNNNNNNNNNNNNNNNNNNNNNNNNNNNNNNNNNNNNNNNNNNNNNNNNNNNNNNNNNNNNNNNNNNNNNNNNNNNNNNNNNNNNNNNNNNNNNNNNNNNNNNNNNNNNN
bovine-CoV,NNNNNNNNNNNNNNNNNNNNNNNNNNNNNNNNNNNNNNNNNNNNNNNNNNNNNNNNNNNNNNNNNNNNNNNNNNNNNNNNNNNNNNNNNNNNNNNNNNNNNNNNNNNNNNNNNNNNNNNNNNNNNNNNNNNNNNNNNNNNNNNNNNN
bovine-CoV,NNNNNNNNNNNNNNNNNNNNNNNNNNNNNNNNNNNNNNNNNNNNNNNNNNNNNNNNNNNNNNNNNNNNNNNNNNNNNNNNNNNNNNNNNNNNNNNNNNNNNNNNNNNNNNNNNNNNNNNNNNNNNNNNNNNNNNNNNNNNNNNNNNN
bovine-CoV,NNNNNNNNNNNNNNNNNNNNNNNNNNNNNNNNNNNNNNNNNNNNNNNNNNNNNNNNNNNNNNNNNNNNNNNNNNNNNNNNNNNNNNNNNNNNNNNNNNNNNNNNNNNNNNNNNNNNNNNNNNNNNNNNNNNNNNNNNNNNNNNNNNN
bovine-CoV,NNNNNNNNNNNNNNNNNNNNNNNNNNNNNNNNNNNNNNNNNNNNNNNNNNNNNNNNNNNNNNNNNNNNNNNNNNNNNNNNNNNNNNNNNNNNNNNNNNNNNNNNNNNNNNNNNNNNNNNNNNNNNNNNNNNNNNNNNNNNNNNNNNN
bovine-CoV,NNNNNNNNNNNNNNNNNNNNNNNNNNNNNNNNNNNNNNNNNNNNNNNNNNNNNNNNNNNNNNNNNNNNNNNNNNNNNNNNNNNNNNNNNNNNNNNNNNNNNNNNNNNNNNNNNNNNNNNNNNNNNNNNNNNNNNNNNNNNNNNNNNN
bovine-CoV,NNNNNNNNNNNNNNNNNNNNNNNNNNNNNNNNNNNNNNNNNNNNNNNNNNNNNNNNNNNNNNNNNNNNNNNNNNNNNNNNNNNNNNNNNNNNNNNNNNNNNNNNNNNNNNNNNNNNNNNNNNNNNNNNNNNNNNNNNNNNNNNNNNN
bovine-CoV,NNNNNNNNNNNNNNNNNNNNNNNNNNNNNNNNNNNNNNNNNNNNNNNNNNNNNNNNNNNNNNNNNNNNNNNNNNNNNNNNNNNNNNNNNNNNNNNNNNNNNNNNNNNNNNNNNNNNNNNNNNNNNNNNNNNNNNNNNNNNNNNNNNN
bovine-CoV,NNNNNNNNNNNNNNNNNNNNNNNNNNNNNNNNNNNNNNNNNNNNNNNNNNNNNNNNNNNNNNNNNNNNNNNNNNNNNNNNNNNNNNNNNNNNNNNNNNNNNNNNNNNNNNNNNNNNNNNNNNNNNNNNNNNNNNNNNNNNNNNNNNN
bovine-CoV,NNNNNNNNNNNNNNNNNNNNNNNNNNNNNNNNNNNNNNNNNNNNNNNNNNNNNNNNNNNNNNNNNNNNNNNNNNNNNNNNNNNNNNNNNNNNNNNNNNNNNNNNNNNNNNNNNNNNNNNNNNNNNNNNNNNNNNNNNNNNNNNNNNN
bovine-CoV,NNNNNNNNNNNNNNNNNNNNNNNNNNNNNNNNNNNNNNNNNNNNNNNNNNNNNNNNNNNNNNNNNNNNNNNNNNNNNNNNNNNNNNNNNNNNNNNNNNNNNNNNNNNNNNNNNNNNNNNNNNNNNNNNNNNNNNNNNNNNNNNNNNN
bovine-CoV,NNNNNNNNNNNNNNNNNNNNNNNNNNNNNNNNNNNNNNNNNNNNNNNNNNNNNNNNNNNNNNNNNNNNNNNNNNNNNNNNNNNNNNNNNNNNNNNNNNNNNNNNNNNNNNNNNNNNNNNNNNNNNNNNNNNNNNNNNNNNNNNNNNN
bovine-CoV,NNNNNNNNNNNNNNNNNNNNNNNNNNNNNNNNNNNNNNNNNNNNNNNNNNNNNNNNNNNNNNNNNNNNNNNNNNNNNNNNNNNNNNNNNNNNNNNNNNNNNNNNNNNNNNNNNNNNNNNNNNNNNNNNNNNNNNNNNNNNNNNNNNN
bovine-CoV,NNNNNNNNNNNNNNNNNNNNNNNNNNNNNNNNNNNNNNNNNNNNNNNNNNNNNNNNNNNNNNNNNNNNNNNNNNNNNNNNNNNNNNNNNNNNNNNNNNNNNNNNNNNNNNNNNNNNNNNNNNNNNNNNNNNNNNNNNNNNNNNNNNN
bovine-CoV,NNNNNNNNNNNNNNNNNNNNNNNNNNNNNNNNNNNNNNNNNNNNNNNNNNNNNNNNNNNNNNNNNNNNNNNNNNNNNNNNNNNNNNNNNNNNNNNNNNNNNNNNNNNNNNNNNNNNNNNNNNNNNNNNNNNNNNNNNNNNNNNNNNN
bovine-CoV,NNNNNNNNNNNNNNNNNNNNNNNNNNNNNNNNNNNNNNNNNNNNNNNNNNNNNNNNNNNNNNNNNNNNNNNNNNNNNNNNNNNNNNNNNNNNNNNNNNNNNNNNNNNNNNNNNNNNNNNNNNNNNNNNNNNNNNNNNNNNNNNNNNN
bovine-CoV,NNNNNNNNNNNNNNNNNNNNNNNNNNNNNNNNNNNNNNNNNNNNNNNNNNNNNNNNNNNNNNNNNNNNNNNNNNNNNNNNNNNNNNNNNNNNNNNNNNNNNNNNNNNNNNNNNNNNNNNNNNNNNNNNNNNNNNNNNNNNNNNNNNN
bovine-CoV,NNNNNNNNNNNNNNNNNNNNNNNNNNNNNNNNNNNNNNNNNNNNNNNNNNNNNNNNNNNNNNNNNNNNNNNNNNNNNNNNNNNNNNNNNNNNNNNNNNNNNNNNNNNNNNNNNNNNNNNNNNNNNNNNNNNNNNNNNNNNNNNNNNN
bovine-CoV,NNNNNNNNNNNNNNNNNNNNNNNNNNNNNNNNNNNNNNNNNNNNNNNNNNNNNNNNNNNNNNNNNNNNNNNNNNNNNNNNNNNNNNNNNNNNNNNNNNNNNNNNNNNNNNNNNNNNNNNNNNNNNNNNNNNNNNNNNNNNNNNNNNN
bovine-CoV,NNNNNNNNNNNNNNNNNNNNNNNNNNNNNNNNNNNNNNNNNNNNNNNNNNNNNNNNNNNNNNNNNNNNNNNNNNNNNNNNNNNNNNNNNNNNNNNNNNNNNNNNNNNNNNNNNNNNNNNNNNNNNNNNNNNNNNNNNNNNNNNNNNN
bovine-CoV,NNNNNNNNNNNNNNNNNNNNNNNNNNNNNNNNNNNNNNNNNNNNNNNNNNNNNNNNNNNNNNNNNNNNNNNNNNNNNNNNNNNNNNNNNNNNNNNNNNNNNNNNNNNNNNNNNNNNNNNNNNNNNNNNNNNNNNNNNNNNNNNNNNN
bovine-CoV,NNNNNNNNNNNNNNNNNNNNNNNNNNNNNNNNNNNNNNNNNNNNNNNNNNNNNNNNNNNNNNNNNNNNNNNNNNNNNNNNNNNNNNNNNNNNNNNNNNNNNNNNNNNNNNNNNNNNNNNNNNNNNNNNNNNNNNNNNNNNNNNNNNN
bovine-CoV,NNNNNNNNNNNNNNNNNNNNNNNNNNNNNNNNNNNNNNNNNNNNNNNNNNNNNNNNNNNNNNNNNNNNNNNNNNNNNNNNNNNNNNNNNNNNNNNNNNNNNNNNNNNNNNNNNNNNNNNNNNNNNNNNNNNNNNNNNNNNNNNNNNN
bovine-CoV,NNNNNNNNNNNNNNNNNNNNNNNNNNNNNNNNNNNNNNNNNNNNNNNNNNNNNNNNNNNNNNNNNNNNNNNNNNNNNNNNNNNNNNNNNNNNNNNNNNNNNNNNNNNNNNNNNNNNNNNNNNNNNNNNNNNNNNNNNNNNNNNNNNN
bovine-CoV,NNNNNNNNNNNNNNNNNNNNNNNNNNNNNNNNNNNNNNNNNNNNNNNNNNNNNNNNNNNNNNNNNNNNNNNNNNNNNNNNNNNNNNNNNNNNNNNNNNNNNNNNNNNNNNNNNNNNNNNNNNNNNNNNNNNNNNNNNNNNNNNNNNN
bovine-CoV,NNNNNNNNNNNNNNNNNNNNNNNNNNNNNNNNNNNNNNNNNNNNNNNNNNNNNNNNNNNNNNNNNNNNNNNNNNNNNNNNNNNNNNNNNNNNNNNNNNNNNNNNNNNNNNNNNNNNNNNNNNNNNNNNNNNNNNNNNNNNNNNNNNN
bovine-CoV,NNNNNNNNNNNNNNNNNNNNNNNNNNNNNNNNNNNNNNNNNNNNNNNNNNNNNNNNNNNNNNNNNNNNNNNNNNNNNNNNNNNNNNNNNNNNNNNNNNNNNNNNNNNNNNNNNNNNNNNNNNNNNNNNNNNNNNNNNNNNNNNNNNN
bovine-CoV,NNNNNNNNNNNNNNNNNNNNNNNNNNNNNNNNNNNNNNNNNNNNNNNNNNNNNNNNNNNNNNNNNNNNNNNNNNNNNNNNNNNNNNNNNNNNNNNNNNNNNNNNNNNNNNNNNNNNNNNNNNNNNNNNNNNNNNNNNNNNNNNNNNN
bovine-CoV,NNNNNNNNNNNNNNNNNNNNNNNNNNNNNNNNNNNNNNNNNNNNNNNNNNNNNNNNNNNNNNNNNNNNNNNNNNNNNNNNNNNNNNNNNNNNNNNNNNNNNNNNNNNNNNNNNNNNNNNNNNNNNNNNNNNNNNNNNNNNNNNNNNN
bovine-CoV,NNNNNNNNNNNNNNNNNNNNNNNNNNNNNNNNNNNNNNNNNNNNNNNNNNNNNNNNNNNNNNNNNNNNNNNNNNNNNNNNNNNNNNNNNNNNNNNNNNNNNNNNNNNNNNNNNNNNNNNNNNNNNNNNNNNNNNNNNNNNNNNNNNN
bovine-CoV,NNNNNNNNNNNNNNNNNNNNNNNNNNNNNNNNNNNNNNNNNNNNNNNNNNNNNNNNNNNNNNNNNNNNNNNNNNNNNNNNNNNNNNNNNNNNNNNNNNNNNNNNNNNNNNNNNNNNNNNNNNNNNNNNNNNNNNNNNNNNNNNNNNN
bovine-CoV,NNNNNNNNNNNNNNNNNNNNNNNNNNNNNNNNNNNNNNNNNNNNNNNNNNNNNNNNNNNNNNNNNNNNNNNNNNNNNNNNNNNNNNNNNNNNNNNNNNNNNNNNNNNNNNNNNNNNNNNNNNNNNNNNNNNNNNNNNNNNNNNNNNN
bovine-CoV,NNNNNNNNNNNNNNNNNNNNNNNNNNNNNNNNNNNNNNNNNNNNNNNNNNNNNNNNNNNNNNNNNNNNNNNNNNNNNNNNNNNNNNNNNNNNNNNNNNNNNNNNNNNNNNNNNNNNNNNNNNNNNNNNNNNNNNNNNNNNNNNNNNN
bovine-CoV,NNNNNNNNNNNNNNNNNNNNNNNNNNNNNNNNNNNNNNNNNNNNNNNNNNNNNNNNNNNNNNNNNNNNNNNNNNNNNNNNNNNNNNNNNNNNNNNNNNNNNNNNNNNNNNNNNNNNNNNNNNNNNNNNNNNNNNNNNNNNNNNNNNN
bovine-CoV,NNNNNNNNNNNNNNNNNNNNNNNNNNNNNNNNNNNNNNNNNNNNNNNNNNNNNNNNNNNNNNNNNNNNNNNNNNNNNNNNNNNNNNNNNNNNNNNNNNNNNNNNNNNNNNNNNNNNNNNNNNNNNNNNNNNNNNNNNNNNNNNNNNN
bovine-CoV,NNNNNNNNNNNNNNNNNNNNNNNNNNNNNNNNNNNNNNNNNNNNNNNNNNNNNNNNNNNNNNNNNNNNNNNNNNNNNNNNNNNNNNNNNNNNNNNNNNNNNNNNNNNNNNNNNNNNNNNNNNNNNNNNNNNNNNNNNNNNNNNNNNN
bovine-CoV,NNNNNNNNNNNNNNNNNNNNNNNNNNNNNNNNNNNNNNNNNNNNNNNNNNNNNNNNNNNNNNNNNNNNNNNNNNNNNNNNNNNNNNNNNNNNNNNNNNNNNNNNNNNNNNNNNNNNNNNNNNNNNNNNNNNNNNNNNNNNNNNNNNN
bovine-CoV,NNNNNNNNNNNNNNNNNNNNNNNNNNNNNNNNNNNNNNNNNNNNNNNNNNNNNNNNNNNNNNNNNNNNNNNNNNNNNNNNNNNNNNNNNNNNNNNNNNNNNNNNNNNNNNNNNNNNNNNNNNNNNNNNNNNNNNNNNNNNNNNNNNN
bovine-CoV,NNNNNNNNNNNNNNNNNNNNNNNNNNNNNNNNNNNNNNNNNNNNNNNNNNNNNNNNNNNNNNNNNNNNNNNNNNNNNNNNNNNNNNNNNNNNNNNNNNNNNNNNNNNNNNNNNNNNNNNNNNNNNNNNNNNNNNNNNNNNNNNNNNN
bovine-CoV,NNNNNNNNNNNNNNNNNNNNNNNNNNNNNNNNNNNNNNNNNNNNNNNNNNNNNNNNNNNNNNNNNNNNNNNNNNNNNNNNNNNNNNNNNNNNNNNNNNNNNNNNNNNNNNNNNNNNNNNNNNNNNNNNNNNNNNNNNNNNNNNNNNN
bovine-CoV,NNNNNNNNNNNNNNNNNNNNNNNNNNNNNNNNNNNNNNNNNNNNNNNNNNNNNNNNNNNNNNNNNNNNNNNNNNNNNNNNNNNNNNNNNNNNNNNNNNNNNNNNNNNNNNNNNNNNNNNNNNNNNNNNNNNNNNNNNNNNNNNNNNN
bovine-CoV,NNNNNNNNNNNNNNNNNNNNNNNNNNNNNNNNNNNNNNNNNNNNNNNNNNNNNNNNNNNNNNNNNNNNNNNNNNNNNNNNNNNNNNNNNNNNNNNNNNNNNNNNNNNNNNNNNNNNNNNNNNNNNNNNNNNNNNNNNNNNNNNNNNN
bovine-CoV,NNNNNNNNNNNNNNNNNNNNNNNNNNNNNNNNNNNNNNNNNNNNNNNNNNNNNNNNNNNNNNNNNNNNNNNNNNNNNNNNNNNNNNNNNNNNNNNNNNNNNNNNNNNNNNNNNNNNNNNNNNNNNNNNNNNNNNNNNNNNNNNNNNN
bovine-CoV,NNNNNNNNNNNNNNNNNNNNNNNNNNNNNNNNNNNNNNNNNNNNNNNNNNNNNNNNNNNNNNNNNNNNNNNNNNNNNNNNNNNNNNNNNNNNNNNNNNNNNNNNNNNNNNNNNNNNNNNNNNNNNNNNNNNNNNNNNNNNNNNNNNN
bovine-CoV,NNNNNNNNNNNNNNNNNNNNNNNNNNNNNNNNNNNNNNNNNNNNNNNNNNNNNNNNNNNNNNNNNNNNNNNNNNNNNNNNNNNNNNNNNNNNNNNNNNNNNNNNNNNNNNNNNNNNNNNNNNNNNNNNNNNNNNNNNNNNNNNNNNN
bovine-CoV,NNNNNNNNNNNNNNNNNNNNNNNNNNNNNNNNNNNNNNNNNNNNNNNNNNNNNNNNNNNNNNNNNNNNNNNNNNNNNNNNNNNNNNNNNNNNNNNNNNNNNNNNNNNNNNNNNNNNNNNNNNNNNNNNNNNNNNNNNNNNNNNNNNN
bovine-CoV,NNNNNNNNNNNNNNNNNNNNNNNNNNNNNNNNNNNNNNNNNNNNNNNNNNNNNNNNNNNNNNNNNNNNNNNNNNNNNNNNNNNNNNNNNNNNNNNNNNNNNNNNNNNNNNNNNNNNNNNNNNNNNNNNNNNNNNNNNNNNNNNNNNN
bovine-CoV,NNNNNNNNNNNNNNNNNNNNNNNNNNNNNNNNNNNNNNNNNNNNNNNNNNNNNNNNNNNNNNNNNNNNNNNNNNNNNNNNNNNNNNNNNNNNNNNNNNNNNNNNNNNNNNNNNNNNNNNNNNNNNNNNNNNNNNNNNNNNNNNNNNN
bovine-CoV,NNNNNNNNNNNNNNNNNNNNNNNNNNNNNNNNNNNNNNNNNNNNNNNNNNNNNNNNNNNNNNNNNNNNNNNNNNNNNNNNNNNNNNNNNNNNNNNNNNNNNNNNNNNNNNNNNNNNNNNNNNNNNNNNNNNNNNNNNNNNNNNNNNN
bovine-CoV,NNNNNNNNNNNNNNNNNNNNNNNNNNNNNNNNNNNNNNNNNNNNNNNNNNNNNNNNNNNNNNNNNNNNNNNNNNNNNNNNNNNNNNNNNNNNNNNNNNNNNNNNNNNNNNNNNNNNNNNNNNNNNNNNNNNNNNNNNNNNNNNNNNN
bovine-CoV,NNNNNNNNNNNNNNNNNNNNNNNNNNNNNNNNNNNNNNNNNNNNNNNNNNNNNNNNNNNNNNNNNNNNNNNNNNNNNNNNNNNNNNNNNNNNNNNNNNNNNNNNNNNNNNNNNNNNNNNNNNNNNNNNNNNNNNNNNNNNNNNNNNN
bovine-CoV,NNNNNNNNNNNNNNNNNNNNNNNNNNNNNNNNNNNNNNNNNNNNNNNNNNNNNNNNNNNNNNNNNNNNNNNNNNNNNNNNNNNNNNNNNNNNNNNNNNNNNNNNNNNNNNNNNNNNNNNNNNNNNNNNNNNNNNNNNNNNNNNNNNN
bovine-CoV,NNNNNNNNNNNNNNNNNNNNNNNNNNNNNNNNNNNNNNNNNNNNNNNNNNNNNNNNNNNNNNNNNNNNNNNNNNNNNNNNNNNNNNNNNNNNNNNNNNNNNNNNNNNNNNNNNNNNNNNNNNNNNNNNNNNNNNNNNNNNNNNNNNN
bovine-CoV,NNNNNNNNNNNNNNNNNNNNNNNNNNNNNNNNNNNNNNNNNNNNNNNNNNNNNNNNNNNNNNNNNNNNNNNNNNNNNNNNNNNNNNNNNNNNNNNNNNNNNNNNNNNNNNNNNNNNNNNNNNNNNNNNNNNNNNNNNNNNNNNNNNN
bovine-CoV,NNNNNNNNNNNNNNNNNNNNNNNNNNNNNNNNNNNNNNNNNNNNNNNNNNNNNNNNNNNNNNNNNNNNNNNNNNNNNNNNNNNNNNNNNNNNNNNNNNNNNNNNNNNNNNNNNNNNNNNNNNNNNNNNNNNNNNNNNNNNNNNNNNN
bovine-CoV,NNNNNNNNNNNNNNNNNNNNNNNNNNNNNNNNNNNNNNNNNNNNNNNNNNNNNNNNNNNNNNNNNNNNNNNNNNNNNNNNNNNNNNNNNNNNNNNNNNNNNNNNNNNNNNNNNNNNNNNNNNNNNNNNNNNNNNNNNNNNNNNNNNN
bovine-CoV,NNNNNNNNNNNNNNNNNNNNNNNNNNNNNNNNNNNNNNNNNNNNNNNNNNNNNNNNNNNNNNNNNNNNNNNNNNNNNNNNNNNNNNNNNNNNNNNNNNNNNNNNNNNNNNNNNNNNNNNNNNNNNNNNNNNNNNNNNNNNNNNNNNN
bovine-CoV,NNNNNNNNNNNNNNNNNNNNNNNNNNNNNNNNNNNNNNNNNNNNNNNNNNNNNNNNNNNNNNNNNNNNNNNNNNNNNNNNNNNNNNNNNNNNNNNNNNNNNNNNNNNNNNNNNNNNNNNNNNNNNNNNNNNNNNNNNNNNNNNNNNN
bovine-CoV,NNNNNNNNNNNNNNNNNNNNNNNNNNNNNNNNNNNNNNNNNNNNNNNNNNNNNNNNNNNNNNNNNNNNNNNNNNNNNNNNNNNNNNNNNNNNNNNNNNNNNNNNNNNNNNNNNNNNNNNNNNNNNNNNNNNNNNNNNNNNNNNNNNN
bovine-CoV,NNNNNNNNNNNNNNNNNNNNNNNNNNNNNNNNNNNNNNNNNNNNNNNNNNNNNNNNNNNNNNNNNNNNNNNNNNNNNNNNNNNNNNNNNNNNNNNNNNNNNNNNNNNNNNNNNNNNNNNNNNNNNNNNNNNNNNNNNNNNNNNNNNN
bovine-CoV,NNNNNNNNNNNNNNNNNNNNNNNNNNNNNNNNNNNNNNNNNNNNNNNNNNNNNNNNNNNNNNNNNNNNNNNNNNNNNNNNNNNNNNNNNNNNNNNNNNNNNNNNNNNNNNNNNNNNNNNNNNNNNNNNNNNNNNNNNNNNNNNNNNN
bovine-CoV,NNNNNNNNNNNNNNNNNNNNNNNNNNNNNNNNNNNNNNNNNNNNNNNNNNNNNNNNNNNNNNNNNNNNNNNNNNNNNNNNNNNNNNNNNNNNNNNNNNNNNNNNNNNNNNNNNNNNNNNNNNNNNNNNNNNNNNNNNNNNNNNNNNN
bovine-CoV,NNNNNNNNNNNNNNNNNNNNNNNNNNNNNNNNNNNNNNNNNNNNNNNNNNNNNNNNNNNNNNNNNNNNNNNNNNNNNNNNNNNNNNNNNNNNNNNNNNNNNNNNNNNNNNNNNNNNNNNNNNNNNNNNNNNNNNNNNNNNNNNNNNN
bovine-CoV,NNNNNNNNNNNNNNNNNNNNNNNNNNNNNNNNNNNNNNNNNNNNNNNNNNNNNNNNNNNNNNNNNNNNNNNNNNNNNNNNNNNNNNNNNNNNNNNNNNNNNNNNNNNNNNNNNNNNNNNNNNNNNNNNNNNNNNNNNNNNNNNNNNN
bovine-CoV,NNNNNNNNNNNNNNNNNNNNNNNNNNNNNNNNNNNNNNNNNNNNNNNNNNNNNNNNNNNNNNNNNNNNNNNNNNNNNNNNNNNNNNNNNNNNNNNNNNNNNNNNNNNNNNNNNNNNNNNNNNNNNNNNNNNNNNNNNNNNNNNNNNN
bovine-CoV,NNNNNNNNNNNNNNNNNNNNNNNNNNNNNNNNNNNNNNNNNNNNNNNNNNNNNNNNNNNNNNNNNNNNNNNNNNNNNNNNNNNNNNNNNNNNNNNNNNNNNNNNNNNNNNNNNNNNNNNNNNNNNNNNNNNNNNNNNNNNNNNNNNN
bovine-CoV,NNNNNNNNNNNNNNNNNNNNNNNNNNNNNNNNNNNNNNNNNNNNNNNNNNNNNNNNNNNNNNNNNNNNNNNNNNNNNNNNNNNNNNNNNNNNNNNNNNNNNNNNNNNNNNNNNNNNNNNNNNNNNNNNNNNNNNNNNNNNNNNNNNN
bovine-CoV,NNNNNNNNNNNNNNNNNNNNNNNNNNNNNNNNNNNNNNNNNNNNNNNNNNNNNNNNNNNNNNNNNNNNNNNNNNNNNNNNNNNNNNNNNNNNNNNNNNNNNNNNNNNNNNNNNNNNNNNNNNNNNNNNNNNNNNNNNNNNNNNNNNN
bovine-CoV,NNNNNNNNNNNNNNNNNNNNNNNNNNNNNNNNNNNNNNNNNNNNNNNNNNNNNNNNNNNNNNNNNNNNNNNNNNNNNNNNNNNNNNNNNNNNNNNNNNNNNNNNNNNNNNNNNNNNNNNNNNNNNNNNNNNNNNNNNNNNNNNNNNN
bovine-CoV,NNNNNNNNNNNNNNNNNNNNNNNNNNNNNNNNNNNNNNNNNNNNNNNNNNNNNNNNNNNNNNNNNNNNNNNNNNNNNNNNNNNNNNNNNNNNNNNNNNNNNNNNNNNNNNNNNNNNNNNNNNNNNNNNNNNNNNNNNNNNNNNNNNN
bovine-CoV,NNNNNNNNNNNNNNNNNNNNNNNNNNNNNNNNNNNNNNNNNNNNNNNNNNNNNNNNNNNNNNNNNNNNNNNNNNNNNNNNNNNNNNNNNNNNNNNNNNNNNNNNNNNNNNNNNNNNNNNNNNNNNNNNNNNNNNNNNNNNNNNNNNN
bovine-CoV,NNNNNNNNNNNNNNNNNNNNNNNNNNNNNNNNNNNNNNNNNNNNNNNNNNNNNNNNNNNNNNNNNNNNNNNNNNNNNNNNNNNNNNNNNNNNNNNNNNNNNNNNNNNNNNNNNNNNNNNNNNNNNNNNNNNNNNNNNNNNNNNNNNN
bovine-CoV,NNNNNNNNNNNNNNNNNNNNNNNNNNNNNNNNNNNNNNNNNNNNNNNNNNNNNNNNNNNNNNNNNNNNNNNNNNNNNNNNNNNNNNNNNNNNNNNNNNNNNNNNNNNNNNNNNNNNNNNNNNNNNNNNNNNNNNNNNNNNNNNNNNN
bovine-CoV,NNNNNNNNNNNNNNNNNNNNNNNNNNNNNNNNNNNNNNNNNNNNNNNNNNNNNNNNNNNNNNNNNNNNNNNNNNNNNNNNNNNNNNNNNNNNNNNNNNNNNNNNNNNNNNNNNNNNNNNNNNNNNNNNNNNNNNNNNNNNNNNNNNN
bovine-CoV,NNNNNNNNNNNNNNNNNNNNNNNNNNNNNNNNNNNNNNNNNNNNNNNNNNNNNNNNNNNNNNNNNNNNNNNNNNNNNNNNNNNNNNNNNNNNNNNNNNNNNNNNNNNNNNNNNNNNNNNNNNNNNNNNNNNNNNNNNNNNNNNNNNN
bovine-CoV,NNNNNNNNNNNNNNNNNNNNNNNNNNNNNNNNNNNNNNNNNNNNNNNNNNNNNNNNNNNNNNNNNNNNNNNNNNNNNNNNNNNNNNNNNNNNNNNNNNNNNNNNNNNNNNNNNNNNNNNNNNNNNNNNNNNNNNNNNNNNNNNNNNN
bovine-CoV,NNNNNNNNNNNNNNNNNNNNNNNNNNNNNNNNNNNNNNNNNNNNNNNNNNNNNNNNNNNNNNNNNNNNNNNNNNNNNNNNNNNNNNNNNNNNNNNNNNNNNNNNNNNNNNNNNNNNNNNNNNNNNNNNNNNNNNNNNNNNNNNNNNN
bovine-CoV,NNNNNNNNNNNNNNNNNNNNNNNNNNNNNNNNNNNNNNNNNNNNNNNNNNNNNNNNNNNNNNNNNNNNNNNNNNNNNNNNNNNNNNNNNNNNNNNNNNNNNNNNNNNNNNNNNNNNNNNNNNNNNNNNNNNNNNNNNNNNNNNNNNN
bovine-CoV,NNNNNNNNNNNNNNNNNNNNNNNNNNNNNNNNNNNNNNNNNNNNNNNNNNNNNNNNNNNNNNNNNNNNNNNNNNNNNNNNNNNNNNNNNNNNNNNNNNNNNNNNNNNNNNNNNNNNNNNNNNNNNNNNNNNNNNNNNNNNNNNNNNN
bovine-CoV,NNNNNNNNNNNNNNNNNNNNNNNNNNNNNNNNNNNNNNNNNNNNNNNNNNNNNNNNNNNNNNNNNNNNNNNNNNNNNNNNNNNNNNNNNNNNNNNNNNNNNNNNNNNNNNNNNNNNNNNNNNNNNNNNNNNNNNNNNNNNNNNNNNN
bovine-CoV,NNNNNNNNNNNNNNNNNNNNNNNNNNNNNNNNNNNNNNNNNNNNNNNNNNNNNNNNNNNNNNNNNNNNNNNNNNNNNNNNNNNNNNNNNNNNNNNNNNNNNNNNNNNNNNNNNNNNNNNNNNNNNNNNNNNNNNNNNNNNNNNNNNN
bovine-CoV,NNNNNNNNNNNNNNNNNNNNNNNNNNNNNNNNNNNNNNNNNNNNNNNNNNNNNNNNNNNNNNNNNNNNNNNNNNNNNNNNNNNNNNNNNNNNNNNNNNNNNNNNNNNNNNNNNNNNNNNNNNNNNNNNNNNNNNNNNNNNNNNNNNN
bovine-CoV,NNNNNNNNNNNNNNNNNNNNNNNNNNNNNNNNNNNNNNNNNNNNNNNNNNNNNNNNNNNNNNNNNNNNNNNNNNNNNNNNNNNNNNNNNNNNNNNNNNNNNNNNNNNNNNNNNNNNNNNNNNNNNNNNNNNNNNNNNNNNNNNNNNN
bovine-CoV,NNNNNNNNNNNNNNNNNNNNNNNNNNNNNNNNNNNNNNNNNNNNNNNNNNNNNNNNNNNNNNNNNNNNNNNNNNNNNNNNNNNNNNNNNNNNNNNNNNNNNNNNNNNNNNNNNNNNNNNNNNNNNNNNNNNNNNNNNNNNNNNNNNN
bovine-CoV,NNNNNNNNNNNNNNNNNNNNNNNNNNNNNNNNNNNNNNNNNNNNNNNNNNNNNNNNNNNNNNNNNNNNNNNNNNNNNNNNNNNNNNNNNNNNNNNNNNNNNNNNNNNNNNNNNNNNNNNNNNNNNNNNNNNNNNNNNNNNNNNNNNN
bovine-CoV,NNNNNNNNNNNNNNNNNNNNNNNNNNNNNNNNNNNNNNNNNNNNNNNNNNNNNNNNNNNNNNNNNNNNNNNNNNNNNNNNNNNNNNNNNNNNNNNNNNNNNNNNNNNNNNNNNNNNNNNNNNNNNNNNNNNNNNNNNNNNNNNNNNN
bovine-CoV,NNNNNNNNNNNNNNNNNNNNNNNNNNNNNNNNNNNNNNNNNNNNNNNNNNNNNNNNNNNNNNNNNNNNNNNNNNNNNNNNNNNNNNNNNNNNNNNNNNNNNNNNNNNNNNNNNNNNNNNNNNNNNNNNNNNNNNNNNNNNNNNNNNN
bovine-CoV,NNNNNNNNNNNNNNNNNNNNNNNNNNNNNNNNNNNNNNNNNNNNNNNNNNNNNNNNNNNNNNNNNNNNNNNNNNNNNNNNNNNNNNNNNNNNNNNNNNNNNNNNNNNNNNNNNNNNNNNNNNNNNNNNNNNNNNNNNNNNNNNNNNN
bovine-CoV,NNNNNNNNNNNNNNNNNNNNNNNNNNNNNNNNNNNNNNNNNNNNNNNNNNNNNNNNNNNNNNNNNNNNNNNNNNNNNNNNNNNNNNNNNNNNNNNNNNNNNNNNNNNNNNNNNNNNNNNNNNNNNNNNNNNNNNNNNNNNNNNNNNN
bovine-CoV,NNNNNNNNNNNNNNNNNNNNNNNNNNNNNNNNNNNNNNNNNNNNNNNNNNNNNNNNNNNNNNNNNNNNNNNNNNNNNNNNNNNNNNNNNNNNNNNNNNNNNNNNNNNNNNNNNNNNNNNNNNNNNNNNNNNNNNNNNNNNNNNNNNN
bovine-CoV,NNNNNNNNNNNNNNNNNNNNNNNNNNNNNNNNNNNNNNNNNNNNNNNNNNNNNNNNNNNNNNNNNNNNNNNNNNNNNNNNNNNNNNNNNNNNNNNNNNNNNNNNNNNNNNNNNNNNNNNNNNNNNNNNNNNNNNNNNNNNNNNNNNN
bovine-CoV,NNNNNNNNNNNNNNNNNNNNNNNNNNNNNNNNNNNNNNNNNNNNNNNNNNNNNNNNNNNNNNNNNNNNNNNNNNNNNNNNNNNNNNNNNNNNNNNNNNNNNNNNNNNNNNNNNNNNNNNNNNNNNNNNNNNNNNNNNNNNNNNNNNN
bovine-CoV,NNNNNNNNNNNNNNNNNNNNNNNNNNNNNNNNNNNNNNNNNNNNNNNNNNNNNNNNNNNNNNNNNNNNNNNNNNNNNNNNNNNNNNNNNNNNNNNNNNNNNNNNNNNNNNNNNNNNNNNNNNNNNNNNNNNNNNNNNNNNNNNNNNN
bovine-CoV,NNNNNNNNNNNNNNNNNNNNNNNNNNNNNNNNNNNNNNNNNNNNNNNNNNNNNNNNNNNNNNNNNNNNNNNNNNNNNNNNNNNNNNNNNNNNNNNNNNNNNNNNNNNNNNNNNNNNNNNNNNNNNNNNNNNNNNNNNNNNNNNNNNN
bovine-CoV,NNNNNNNNNNNNNNNNNNNNNNNNNNNNNNNNNNNNNNNNNNNNNNNNNNNNNNNNNNNNNNNNNNNNNNNNNNNNNNNNNNNNNNNNNNNNNNNNNNNNNNNNNNNNNNNNNNNNNNNNNNNNNNNNNNNNNNNNNNNNNNNNNNN
bovine-CoV,NNNNNNNNNNNNNNNNNNNNNNNNNNNNNNNNNNNNNNNNNNNNNNNNNNNNNNNNNNNNNNNNNNNNNNNNNNNNNNNNNNNNNNNNNNNNNNNNNNNNNNNNNNNNNNNNNNNNNNNNNNNNNNNNNNNNNNNNNNNNNNNNNNN
bovine-CoV,NNNNNNNNNNNNNNNNNNNNNNNNNNNNNNNNNNNNNNNNNNNNNNNNNNNNNNNNNNNNNNNNNNNNNNNNNNNNNNNNNNNNNNNNNNNNNNNNNNNNNNNNNNNNNNNNNNNNNNNNNNNNNNNNNNNNNNNNNNNNNNNNNNN
bovine-CoV,NNNNNNNNNNNNNNNNNNNNNNNNNNNNNNNNNNNNNNNNNNNNNNNNNNNNNNNNNNNNNNNNNNNNNNNNNNNNNNNNNNNNNNNNNNNNNNNNNNNNNNNNNNNNNNNNNNNNNNNNNNNNNNNNNNNNNNNNNNNNNNNNNNN
bovine-CoV,NNNNNNNNNNNNNNNNNNNNNNNNNNNNNNNNNNNNNNNNNNNNNNNNNNNNNNNNNNNNNNNNNNNNNNNNNNNNNNNNNNNNNNNNNNNNNNNNNNNNNNNNNNNNNNNNNNNNNNNNNNNNNNNNNNNNNNNNNNNNNNNNNNN
bovine-CoV,NNNNNNNNNNNNNNNNNNNNNNNNNNNNNNNNNNNNNNNNNNNNNNNNNNNNNNNNNNNNNNNNNNNNNNNNNNNNNNNNNNNNNNNNNNNNNNNNNNNNNNNNNNNNNNNNNNNNNNNNNNNNNNNNNNNNNNNNNNNNNNNNNNN
bovine-CoV,NNNNNNNNNNNNNNNNNNNNNNNNNNNNNNNNNNNNNNNNNNNNNNNNNNNNNNNNNNNNNNNNNNNNNNNNNNNNNNNNNNNNNNNNNNNNNNNNNNNNNNNNNNNNNNNNNNNNNNNNNNNNNNNNNNNNNNNNNNNNNNNNNNN
bovine-CoV,NNNNNNNNNNNNNNNNNNNNNNNNNNNNNNNNNNNNNNNNNNNNNNNNNNNNNNNNNNNNNNNNNNNNNNNNNNNNNNNNNNNNNNNNNNNNNNNNNNNNNNNNNNNNNNNNNNNNNNNNNNNNNNNNNNNNNNNNNNNNNNNNNNN
bovine-CoV,NNNNNNNNNNNNNNNNNNNNNNNNNNNNNNNNNNNNNNNNNNNNNNNNNNNNNNNNNNNNNNNNNNNNNNNNNNNNNNNNNNNNNNNNNNNNNNNNNNNNNNNNNNNNNNNNNNNNNNNNNNNNNNNNNNNNNNNNNNNNNNNNNNN
bovine-CoV,NNNNNNNNNNNNNNNNNNNNNNNNNNNNNNNNNNNNNNNNNNNNNNNNNNNNNNNNNNNNNNNNNNNNNNNNNNNNNNNNNNNNNNNNNNNNNNNNNNNNNNNNNNNNNNNNNNNNNNNNNNNNNNNNNNNNNNNNNNNNNNNNNNN
bovine-CoV,NNNNNNNNNNNNNNNNNNNNNNNNNNNNNNNNNNNNNNNNNNNNNNNNNNNNNNNNNNNNNNNNNNNNNNNNNNNNNNNNNNNNNNNNNNNNNNNNNNNNNNNNNNNNNNNNNNNNNNNNNNNNNNNNNNNNNNNNNNNNNNNNNNN
bovine-CoV,NNNNNNNNNNNNNNNNNNNNNNNNNNNNNNNNNNNNNNNNNNNNNNNNNNNNNNNNNNNNNNNNNNNNNNNNNNNNNNNNNNNNNNNNNNNNNNNNNNNNNNNNNNNNNNNNNNNNNNNNNNNNNNNNNNNNNNNNNNNNNNNNNNN
bovine-CoV,NNNNNNNNNNNNNNNNNNNNNNNNNNNNNNNNNNNNNNNNNNNNNNNNNNNNNNNNNNNNNNNNNNNNNNNNNNNNNNNNNNNNNNNNNNNNNNNNNNNNNNNNNNNNNNNNNNNNNNNNNNNNNNNNNNNNNNNNNNNNNNNNNNN
bovine-CoV,NNNNNNNNNNNNNNNNNNNNNNNNNNNNNNNNNNNNNNNNNNNNNNNNNNNNNNNNNNNNNNNNNNNNNNNNNNNNNNNNNNNNNNNNNNNNNNNNNNNNNNNNNNNNNNNNNNNNNNNNNNNNNNNNNNNNNNNNNNNNNNNNNNN
bovine-CoV,NNNNNNNNNNNNNNNNNNNNNNNNNNNNNNNNNNNNNNNNNNNNNNNNNNNNNNNNNNNNNNNNNNNNNNNNNNNNNNNNNNNNNNNNNNNNNNNNNNNNNNNNNNNNNNNNNNNNNNNNNNNNNNNNNNNNNNNNNNNNNNNNNNN
bovine-CoV,NNNNNNNNNNNNNNNNNNNNNNNNNNNNNNNNNNNNNNNNNNNNNNNNNNNNNNNNNNNNNNNNNNNNNNNNNNNNNNNNNNNNNNNNNNNNNNNNNNNNNNNNNNNNNNNNNNNNNNNNNNNNNNNNNNNNNNNNNNNNNNNNNNN
bovine-CoV,NNNNNNNNNNNNNNNNNNNNNNNNNNNNNNNNNNNNNNNNNNNNNNNNNNNNNNNNNNNNNNNNNNNNNNNNNNNNNNNNNNNNNNNNNNNNNNNNNNNNNNNNNNNNNNNNNNNNNNNNNNNNNNNNNNNNNNNNNNNNNNNNNNN
bovine-CoV,NNNNNNNNNNNNNNNNNNNNNNNNNNNNNNNNNNNNNNNNNNNNNNNNNNNNNNNNNNNNNNNNNNNNNNNNNNNNNNNNNNNNNNNNNNNNNNNNNNNNNNNNNNNNNNNNNNNNNNNNNNNNNNNNNNNNNNNNNNNNNNNNNN
bovine-CoV,NNNNNNNNNNNNNNNNNNNNNNNNNNNNNNNNNNNNNNNNNNNNNNNNNNNNNNNNNNNNNNNNNNNNNNNNNNNNNNNNNNNNNNNNNNNNNNNNNNNNNNNNNNNNNNNNNNNNNNNNNNNNNNNNNNNNNNNNNNNNNNNNNN
bovine-CoV,NNNNNNNNNNNNNNNNNNNNNNNNNNNNNNNNNNNNNNNNNNNNNNNNNNNNNNNNNNNNNNNNNNNNNNNNNNNNNNNNNNNNNNNNNNNNNNNNNNNNNNNNNNNNNNNNNNNNNNNNNNNNNNNNNNNNNNNNNNNNNNNNNN
bovine-CoV,NNNNNNNNNNNNNNNNNNNNNNNNNNNNNNNNNNNNNNNNNNNNNNNNNNNNNNNNNNNNNNNNNNNNNNNNNNNNNNNNNNNNNNNNNNNNNNNNNNNNNNNNNNNNNNNNNNNNNNNNNNNNNNNNNNNNNNNNNNNNNNNNNN
bovine-CoV,NNNNNNNNNNNNNNNNNNNNNNNNNNNNNNNNNNNNNNNNNNNNNNNNNNNNNNNNNNNNNNNNNNNNNNNNNNNNNNNNNNNNNNNNNNNNNNNNNNNNNNNNNNNNNNNNNNNNNNNNNNNNNNNNNNNNNNNNNNNNNNNNN
bovine-CoV,NNNNNNNNNNNNNNNNNNNNNNNNNNNNNNNNNNNNNNNNNNNNNNNNNNNNNNNNNNNNNNNNNNNNNNNNNNNNNNNNNNNNNNNNNNNNNNNNNNNNNNNNNNNNNNNNNNNNNNNNNNNNNNNNNNNNNNNNNNNNNNNNN
bovine-CoV,NNNNNNNNNNNNNNNNNNNNNNNNNNNNNNNNNNNNNNNNNNNNNNNNNNNNNNNNNNNNNNNNNNNNNNNNNNNNNNNNNNNNNNNNNNNNNNNNNNNNNNNNNNNNNNNNNNNNNNNNNNNNNNNNNNNNNNNNNNNNNNNNN
bovine-CoV,NNNNNNNNNNNNNNNNNNNNNNNNNNNNNNNNNNNNNNNNNNNNNNNNNNNNNNNNNNNNNNNNNNNNNNNNNNNNNNNNNNNNNNNNNNNNNNNNNNNNNNNNNNNNNNNNNNNNNNNNNNNNNNNNNNNNNNNNNNNNNNNNN
bovine-CoV,NNNNNNNNNNNNNNNNNNNNNNNNNNNNNNNNNNNNNNNNNNNNNNNNNNNNNNNNNNNNNNNNNNNNNNNNNNNNNNNNNNNNNNNNNNNNNNNNNNNNNNNNNNNNNNNNNNNNNNNNNNNNNNNNNNNNNNNNNNNNNNNN
bovine-CoV,NNNNNNNNNNNNNNNNNNNNNNNNNNNNNNNNNNNNNNNNNNNNNNNNNNNNNNNNNNNNNNNNNNNNNNNNNNNNNNNNNNNNNNNNNNNNNNNNNNNNNNNNNNNNNNNNNNNNNNNNNNNNNNNNNNNNNNNNNNNNNNNN
bovine-CoV,NNNNNNNNNNNNNNNNNNNNNNNNNNNNNNNNNNNNNNNNNNNNNNNNNNNNNNNNNNNNNNNNNNNNNNNNNNNNNNNNNNNNNNNNNNNNNNNNNNNNNNNNNNNNNNNNNNNNNNNNNNNNNNNNNNNNNNNNNNNNNNNN
bovine-CoV,NNNNNNNNNNNNNNNNNNNNNNNNNNNNNNNNNNNNNNNNNNNNNNNNNNNNNNNNNNNNNNNNNNNNNNNNNNNNNNNNNNNNNNNNNNNNNNNNNNNNNNNNNNNNNNNNNNNNNNNNNNNNNNNNNNNNNNNNNNNNNNNN
bovine-CoV,NNNNNNNNNNNNNNNNNNNNNNNNNNNNNNNNNNNNNNNNNNNNNNNNNNNNNNNNNNNNNNNNNNNNNNNNNNNNNNNNNNNNNNNNNNNNNNNNNNNNNNNNNNNNNNNNNNNNNNNNNNNNNNNNNNNNNNNNNNNNNNN
bovine-CoV,NNNNNNNNNNNNNNNNNNNNNNNNNNNNNNNNNNNNNNNNNNNNNNNNNNNNNNNNNNNNNNNNNNNNNNNNNNNNNNNNNNNNNNNNNNNNNNNNNNNNNNNNNNNNNNNNNNNNNNNNNNNNNNNNNNNNNNNNNNNNNNN
bovine-CoV,NNNNNNNNNNNNNNNNNNNNNNNNNNNNNNNNNNNNNNNNNNNNNNNNNNNNNNNNNNNNNNNNNNNNNNNNNNNNNNNNNNNNNNNNNNNNNNNNNNNNNNNNNNNNNNNNNNNNNNNNNNNNNNNNNNNNNNNNNNNNNNN
bovine-CoV,NNNNNNNNNNNNNNNNNNNNNNNNNNNNNNNNNNNNNNNNNNNNNNNNNNNNNNNNNNNNNNNNNNNNNNNNNNNNNNNNNNNNNNNNNNNNNNNNNNNNNNNNNNNNNNNNNNNNNNNNNNNNNNNNNNNNNNNNNNNNNNN
bovine-CoV,NNNNNNNNNNNNNNNNNNNNNNNNNNNNNNNNNNNNNNNNNNNNNNNNNNNNNNNNNNNNNNNNNNNNNNNNNNNNNNNNNNNNNNNNNNNNNNNNNNNNNNNNNNNNNNNNNNNNNNNNNNNNNNNNNNNNNNNNNNNNNN
bovine-CoV,NNNNNNNNNNNNNNNNNNNNNNNNNNNNNNNNNNNNNNNNNNNNNNNNNNNNNNNNNNNNNNNNNNNNNNNNNNNNNNNNNNNNNNNNNNNNNNNNNNNNNNNNNNNNNNNNNNNNNNNNNNNNNNNNNNNNNNNNNNNNNN
bovine-CoV,NNNNNNNNNNNNNNNNNNNNNNNNNNNNNNNNNNNNNNNNNNNNNNNNNNNNNNNNNNNNNNNNNNNNNNNNNNNNNNNNNNNNNNNNNNNNNNNNNNNNNNNNNNNNNNNNNNNNNNNNNNNNNNNNNNNNNNNNNNNNNN
bovine-CoV,NNNNNNNNNNNNNNNNNNNNNNNNNNNNNNNNNNNNNNNNNNNNNNNNNNNNNNNNNNNNNNNNNNNNNNNNNNNNNNNNNNNNNNNNNNNNNNNNNNNNNNNNNNNNNNNNNNNNNNNNNNNNNNNNNNNNNNNNNNNNNN
bovine-CoV,NNNNNNNNNNNNNNNNNNNNNNNNNNNNNNNNNNNNNNNNNNNNNNNNNNNNNNNNNNNNNNNNNNNNNNNNNNNNNNNNNNNNNNNNNNNNNNNNNNNNNNNNNNNNNNNNNNNNNNNNNNNNNNNNNNNNNNNNNNNNN
bovine-CoV,NNNNNNNNNNNNNNNNNNNNNNNNNNNNNNNNNNNNNNNNNNNNNNNNNNNNNNNNNNNNNNNNNNNNNNNNNNNNNNNNNNNNNNNNNNNNNNNNNNNNNNNNNNNNNNNNNNNNNNNNNNNNNNNNNNNNNNNNNNNNN
bovine-CoV,NNNNNNNNNNNNNNNNNNNNNNNNNNNNNNNNNNNNNNNNNNNNNNNNNNNNNNNNNNNNNNNNNNNNNNNNNNNNNNNNNNNNNNNNNNNNNNNNNNNNNNNNNNNNNNNNNNNNNNNNNNNNNNNNNNNNNNNNNNNNN
bovine-CoV,NNNNNNNNNNNNNNNNNNNNNNNNNNNNNNNNNNNNNNNNNNNNNNNNNNNNNNNNNNNNNNNNNNNNNNNNNNNNNNNNNNNNNNNNNNNNNNNNNNNNNNNNNNNNNNNNNNNNNNNNNNNNNNNNNNNNNNNNNNNNN
bovine-CoV,NNNNNNNNNNNNNNNNNNNNNNNNNNNNNNNNNNNNNNNNNNNNNNNNNNNNNNNNNNNNNNNNNNNNNNNNNNNNNNNNNNNNNNNNNNNNNNNNNNNNNNNNNNNNNNNNNNNNNNNNNNNNNNNNNNNNNNNNNNNN
bovine-CoV,NNNNNNNNNNNNNNNNNNNNNNNNNNNNNNNNNNNNNNNNNNNNNNNNNNNNNNNNNNNNNNNNNNNNNNNNNNNNNNNNNNNNNNNNNNNNNNNNNNNNNNNNNNNNNNNNNNNNNNNNNNNNNNNNNNNNNNNNNNNN
bovine-CoV,NNNNNNNNNNNNNNNNNNNNNNNNNNNNNNNNNNNNNNNNNNNNNNNNNNNNNNNNNNNNNNNNNNNNNNNNNNNNNNNNNNNNNNNNNNNNNNNNNNNNNNNNNNNNNNNNNNNNNNNNNNNNNNNNNNNNNNNNNNNN
bovine-CoV,NNNNNNNNNNNNNNNNNNNNNNNNNNNNNNNNNNNNNNNNNNNNNNNNNNNNNNNNNNNNNNNNNNNNNNNNNNNNNNNNNNNNNNNNNNNNNNNNNNNNNNNNNNNNNNNNNNNNNNNNNNNNNNNNNNNNNNNNNNNN
bovine-CoV,NNNNNNNNNNNNNNNNNNNNNNNNNNNNNNNNNNNNNNNNNNNNNNNNNNNNNNNNNNNNNNNNNNNNNNNNNNNNNNNNNNNNNNNNNNNNNNNNNNNNNNNNNNNNNNNNNNNNNNNNNNNNNNNNNNNNNNNNNNN
bovine-CoV,NNNNNNNNNNNNNNNNNNNNNNNNNNNNNNNNNNNNNNNNNNNNNNNNNNNNNNNNNNNNNNNNNNNNNNNNNNNNNNNNNNNNNNNNNNNNNNNNNNNNNNNNNNNNNNNNNNNNNNNNNNNNNNNNNNNNNNNNNNN
bovine-CoV,NNNNNNNNNNNNNNNNNNNNNNNNNNNNNNNNNNNNNNNNNNNNNNNNNNNNNNNNNNNNNNNNNNNNNNNNNNNNNNNNNNNNNNNNNNNNNNNNNNNNNNNNNNNNNNNNNNNNNNNNNNNNNNNNNNNNNNNNNNN
bovine-CoV,NNNNNNNNNNNNNNNNNNNNNNNNNNNNNNNNNNNNNNNNNNNNNNNNNNNNNNNNNNNNNNNNNNNNNNNNNNNNNNNNNNNNNNNNNNNNNNNNNNNNNNNNNNNNNNNNNNNNNNNNNNNNNNNNNNNNNNNNNNN
bovine-CoV,NNNNNNNNNNNNNNNNNNNNNNNNNNNNNNNNNNNNNNNNNNNNNNNNNNNNNNNNNNNNNNNNNNNNNNNNNNNNNNNNNNNNNNNNNNNNNNNNNNNNNNNNNNNNNNNNNNNNNNNNNNNNNNNNNNNNNNNNNN
bovine-CoV,NNNNNNNNNNNNNNNNNNNNNNNNNNNNNNNNNNNNNNNNNNNNNNNNNNNNNNNNNNNNNNNNNNNNNNNNNNNNNNNNNNNNNNNNNNNNNNNNNNNNNNNNNNNNNNNNNNNNNNNNNNNNNNNNNNNNNNNNNN
bovine-CoV,NNNNNNNNNNNNNNNNNNNNNNNNNNNNNNNNNNNNNNNNNNNNNNNNNNNNNNNNNNNNNNNNNNNNNNNNNNNNNNNNNNNNNNNNNNNNNNNNNNNNNNNNNNNNNNNNNNNNNNNNNNNNNNNNNNNNNNNNNN
bovine-CoV,NNNNNNNNNNNNNNNNNNNNNNNNNNNNNNNNNNNNNNNNNNNNNNNNNNNNNNNNNNNNNNNNNNNNNNNNNNNNNNNNNNNNNNNNNNNNNNNNNNNNNNNNNNNNNNNNNNNNNNNNNNNNNNNNNNNNNNNNNN
bovine-CoV,NNNNNNNNNNNNNNNNNNNNNNNNNNNNNNNNNNNNNNNNNNNNNNNNNNNNNNNNNNNNNNNNNNNNNNNNNNNNNNNNNNNNNNNNNNNNNNNNNNNNNNNNNNNNNNNNNNNNNNNNNNNNNNNNNNNNNNNNN
bovine-CoV,NNNNNNNNNNNNNNNNNNNNNNNNNNNNNNNNNNNNNNNNNNNNNNNNNNNNNNNNNNNNNNNNNNNNNNNNNNNNNNNNNNNNNNNNNNNNNNNNNNNNNNNNNNNNNNNNNNNNNNNNNNNNNNNNNNNNNNNNN
bovine-CoV,NNNNNNNNNNNNNNNNNNNNNNNNNNNNNNNNNNNNNNNNNNNNNNNNNNNNNNNNNNNNNNNNNNNNNNNNNNNNNNNNNNNNNNNNNNNNNNNNNNNNNNNNNNNNNNNNNNNNNNNNNNNNNNNNNNNNNNNNN
bovine-CoV,NNNNNNNNNNNNNNNNNNNNNNNNNNNNNNNNNNNNNNNNNNNNNNNNNNNNNNNNNNNNNNNNNNNNNNNNNNNNNNNNNNNNNNNNNNNNNNNNNNNNNNNNNNNNNNNNNNNNNNNNNNNNNNNNNNNNNNNNN
bovine-CoV,NNNNNNNNNNNNNNNNNNNNNNNNNNNNNNNNNNNNNNNNNNNNNNNNNNNNNNNNNNNNNNNNNNNNNNNNNNNNNNNNNNNNNNNNNNNNNNNNNNNNNNNNNNNNNNNNNNNNNNNNNNNNNNNNNNNNNNNN
bovine-CoV,NNNNNNNNNNNNNNNNNNNNNNNNNNNNNNNNNNNNNNNNNNNNNNNNNNNNNNNNNNNNNNNNNNNNNNNNNNNNNNNNNNNNNNNNNNNNNNNNNNNNNNNNNNNNNNNNNNNNNNNNNNNNNNNNNNNNNNNN
bovine-CoV,NNNNNNNNNNNNNNNNNNNNNNNNNNNNNNNNNNNNNNNNNNNNNNNNNNNNNNNNNNNNNNNNNNNNNNNNNNNNNNNNNNNNNNNNNNNNNNNNNNNNNNNNNNNNNNNNNNNNNNNNNNNNNNNNNNNNNNNN
bovine-CoV,NNNNNNNNNNNNNNNNNNNNNNNNNNNNNNNNNNNNNNNNNNNNNNNNNNNNNNNNNNNNNNNNNNNNNNNNNNNNNNNNNNNNNNNNNNNNNNNNNNNNNNNNNNNNNNNNNNNNNNNNNNNNNNNNNNNNNNNN
bovine-CoV,NNNNNNNNNNNNNNNNNNNNNNNNNNNNNNNNNNNNNNNNNNNNNNNNNNNNNNNNNNNNNNNNNNNNNNNNNNNNNNNNNNNNNNNNNNNNNNNNNNNNNNNNNNNNNNNNNNNNNNNNNNNNNNNNNNNNNNN
bovine-CoV,NNNNNNNNNNNNNNNNNNNNNNNNNNNNNNNNNNNNNNNNNNNNNNNNNNNNNNNNNNNNNNNNNNNNNNNNNNNNNNNNNNNNNNNNNNNNNNNNNNNNNNNNNNNNNNNNNNNNNNNNNNNNNNNNNNNNNNN
bovine-CoV,NNNNNNNNNNNNNNNNNNNNNNNNNNNNNNNNNNNNNNNNNNNNNNNNNNNNNNNNNNNNNNNNNNNNNNNNNNNNNNNNNNNNNNNNNNNNNNNNNNNNNNNNNNNNNNNNNNNNNNNNNNNNNNNNNNNNNNN
bovine-CoV,NNNNNNNNNNNNNNNNNNNNNNNNNNNNNNNNNNNNNNNNNNNNNNNNNNNNNNNNNNNNNNNNNNNNNNNNNNNNNNNNNNNNNNNNNNNNNNNNNNNNNNNNNNNNNNNNNNNNNNNNNNNNNNNNNNNNNNN
bovine-CoV,NNNNNNNNNNNNNNNNNNNNNNNNNNNNNNNNNNNNNNNNNNNNNNNNNNNNNNNNNNNNNNNNNNNNNNNNNNNNNNNNNNNNNNNNNNNNNNNNNNNNNNNNNNNNNNNNNNNNNNNNNNNNNNNNNNNNNN
bovine-CoV,NNNNNNNNNNNNNNNNNNNNNNNNNNNNNNNNNNNNNNNNNNNNNNNNNNNNNNNNNNNNNNNNNNNNNNNNNNNNNNNNNNNNNNNNNNNNNNNNNNNNNNNNNNNNNNNNNNNNNNNNNNNNNNNNNNNNNN
bovine-CoV,NNNNNNNNNNNNNNNNNNNNNNNNNNNNNNNNNNNNNNNNNNNNNNNNNNNNNNNNNNNNNNNNNNNNNNNNNNNNNNNNNNNNNNNNNNNNNNNNNNNNNNNNNNNNNNNNNNNNNNNNNNNNNNNNNNNNNN
bovine-CoV,NNNNNNNNNNNNNNNNNNNNNNNNNNNNNNNNNNNNNNNNNNNNNNNNNNNNNNNNNNNNNNNNNNNNNNNNNNNNNNNNNNNNNNNNNNNNNNNNNNNNNNNNNNNNNNNNNNNNNNNNNNNNNNNNNNNNNN
bovine-CoV,NNNNNNNNNNNNNNNNNNNNNNNNNNNNNNNNNNNNNNNNNNNNNNNNNNNNNNNNNNNNNNNNNNNNNNNNNNNNNNNNNNNNNNNNNNNNNNNNNNNNNNNNNNNNNNNNNNNNNNNNNNNNNNNNNNNNN
bovine-CoV,NNNNNNNNNNNNNNNNNNNNNNNNNNNNNNNNNNNNNNNNNNNNNNNNNNNNNNNNNNNNNNNNNNNNNNNNNNNNNNNNNNNNNNNNNNNNNNNNNNNNNNNNNNNNNNNNNNNNNNNNNNNNNNNNNNNNN
bovine-CoV,NNNNNNNNNNNNNNNNNNNNNNNNNNNNNNNNNNNNNNNNNNNNNNNNNNNNNNNNNNNNNNNNNNNNNNNNNNNNNNNNNNNNNNNNNNNNNNNNNNNNNNNNNNNNNNNNNNNNNNNNNNNNNNNNNNNNN
bovine-CoV,NNNNNNNNNNNNNNNNNNNNNNNNNNNNNNNNNNNNNNNNNNNNNNNNNNNNNNNNNNNNNNNNNNNNNNNNNNNNNNNNNNNNNNNNNNNNNNNNNNNNNNNNNNNNNNNNNNNNNNNNNNNNNNNNNNNNN
bovine-CoV,NNNNNNNNNNNNNNNNNNNNNNNNNNNNNNNNNNNNNNNNNNNNNNNNNNNNNNNNNNNNNNNNNNNNNNNNNNNNNNNNNNNNNNNNNNNNNNNNNNNNNNNNNNNNNNNNNNNNNNNNNNNNNNNNNNNN
bovine-CoV,NNNNNNNNNNNNNNNNNNNNNNNNNNNNNNNNNNNNNNNNNNNNNNNNNNNNNNNNNNNNNNNNNNNNNNNNNNNNNNNNNNNNNNNNNNNNNNNNNNNNNNNNNNNNNNNNNNNNNNNNNNNNNNNNNNNN
bovine-CoV,NNNNNNNNNNNNNNNNNNNNNNNNNNNNNNNNNNNNNNNNNNNNNNNNNNNNNNNNNNNNNNNNNNNNNNNNNNNNNNNNNNNNNNNNNNNNNNNNNNNNNNNNNNNNNNNNNNNNNNNNNNNNNNNNNNNN
bovine-CoV,NNNNNNNNNNNNNNNNNNNNNNNNNNNNNNNNNNNNNNNNNNNNNNNNNNNNNNNNNNNNNNNNNNNNNNNNNNNNNNNNNNNNNNNNNNNNNNNNNNNNNNNNNNNNNNNNNNNNNNNNNNNNNNNNNNNN
bovine-CoV,NNNNNNNNNNNNNNNNNNNNNNNNNNNNNNNNNNNNNNNNNNNNNNNNNNNNNNNNNNNNNNNNNNNNNNNNNNNNNNNNNNNNNNNNNNNNNNNNNNNNNNNNNNNNNNNNNNNNNNNNNNNNNNNNNNN
bovine-CoV,NNNNNNNNNNNNNNNNNNNNNNNNNNNNNNNNNNNNNNNNNNNNNNNNNNNNNNNNNNNNNNNNNNNNNNNNNNNNNNNNNNNNNNNNNNNNNNNNNNNNNNNNNNNNNNNNNNNNNNNNNNNNNNNNNNN
bovine-CoV,NNNNNNNNNNNNNNNNNNNNNNNNNNNNNNNNNNNNNNNNNNNNNNNNNNNNNNNNNNNNNNNNNNNNNNNNNNNNNNNNNNNNNNNNNNNNNNNNNNNNNNNNNNNNNNNNNNNNNNNNNNNNNNNNNNN
bovine-CoV,NNNNNNNNNNNNNNNNNNNNNNNNNNNNNNNNNNNNNNNNNNNNNNNNNNNNNNNNNNNNNNNNNNNNNNNNNNNNNNNNNNNNNNNNNNNNNNNNNNNNNNNNNNNNNNNNNNNNNNNNNNNNNNNNNNN
bovine-CoV,NNNNNNNNNNNNNNNNNNNNNNNNNNNNNNNNNNNNNNNNNNNNNNNNNNNNNNNNNNNNNNNNNNNNNNNNNNNNNNNNNNNNNNNNNNNNNNNNNNNNNNNNNNNNNNNNNNNNNNNNNNNNNNNNNN
bovine-CoV,NNNNNNNNNNNNNNNNNNNNNNNNNNNNNNNNNNNNNNNNNNNNNNNNNNNNNNNNNNNNNNNNNNNNNNNNNNNNNNNNNNNNNNNNNNNNNNNNNNNNNNNNNNNNNNNNNNNNNNNNNNNNNNNNNN
bovine-CoV,NNNNNNNNNNNNNNNNNNNNNNNNNNNNNNNNNNNNNNNNNNNNNNNNNNNNNNNNNNNNNNNNNNNNNNNNNNNNNNNNNNNNNNNNNNNNNNNNNNNNNNNNNNNNNNNNNNNNNNNNNNNNNNNNNN
bovine-CoV,NNNNNNNNNNNNNNNNNNNNNNNNNNNNNNNNNNNNNNNNNNNNNNNNNNNNNNNNNNNNNNNNNNNNNNNNNNNNNNNNNNNNNNNNNNNNNNNNNNNNNNNNNNNNNNNNNNNNNNNNNNNNNNNNNN
bovine-CoV,NNNNNNNNNNNNNNNNNNNNNNNNNNNNNNNNNNNNNNNNNNNNNNNNNNNNNNNNNNNNNNNNNNNNNNNNNNNNNNNNNNNNNNNNNNNNNNNNNNNNNNNNNNNNNNNNNNNNNNNNNNNNNNNNN
bovine-CoV,NNNNNNNNNNNNNNNNNNNNNNNNNNNNNNNNNNNNNNNNNNNNNNNNNNNNNNNNNNNNNNNNNNNNNNNNNNNNNNNNNNNNNNNNNNNNNNNNNNNNNNNNNNNNNNNNNNNNNNNNNNNNNNNNN
bovine-CoV,NNNNNNNNNNNNNNNNNNNNNNNNNNNNNNNNNNNNNNNNNNNNNNNNNNNNNNNNNNNNNNNNNNNNNNNNNNNNNNNNNNNNNNNNNNNNNNNNNNNNNNNNNNNNNNNNNNNNNNNNNNNNNNNNN
bovine-CoV,NNNNNNNNNNNNNNNNNNNNNNNNNNNNNNNNNNNNNNNNNNNNNNNNNNNNNNNNNNNNNNNNNNNNNNNNNNNNNNNNNNNNNNNNNNNNNNNNNNNNNNNNNNNNNNNNNNNNNNNNNNNNNNNNN
bovine-CoV,NNNNNNNNNNNNNNNNNNNNNNNNNNNNNNNNNNNNNNNNNNNNNNNNNNNNNNNNNNNNNNNNNNNNNNNNNNNNNNNNNNNNNNNNNNNNNNNNNNNNNNNNNNNNNNNNNNNNNNNNNNNNNNNN
bovine-CoV,NNNNNNNNNNNNNNNNNNNNNNNNNNNNNNNNNNNNNNNNNNNNNNNNNNNNNNNNNNNNNNNNNNNNNNNNNNNNNNNNNNNNNNNNNNNNNNNNNNNNNNNNNNNNNNNNNNNNNNNNNNNNNNNN
bovine-CoV,NNNNNNNNNNNNNNNNNNNNNNNNNNNNNNNNNNNNNNNNNNNNNNNNNNNNNNNNNNNNNNNNNNNNNNNNNNNNNNNNNNNNNNNNNNNNNNNNNNNNNNNNNNNNNNNNNNNNNNNNNNNNNNNN
bovine-CoV,NNNNNNNNNNNNNNNNNNNNNNNNNNNNNNNNNNNNNNNNNNNNNNNNNNNNNNNNNNNNNNNNNNNNNNNNNNNNNNNNNNNNNNNNNNNNNNNNNNNNNNNNNNNNNNNNNNNNNNNNNNNNNNNN
bovine-CoV,NNNNNNNNNNNNNNNNNNNNNNNNNNNNNNNNNNNNNNNNNNNNNNNNNNNNNNNNNNNNNNNNNNNNNNNNNNNNNNNNNNNNNNNNNNNNNNNNNNNNNNNNNNNNNNNNNNNNNNNNNNNNNNN
bovine-CoV,NNNNNNNNNNNNNNNNNNNNNNNNNNNNNNNNNNNNNNNNNNNNNNNNNNNNNNNNNNNNNNNNNNNNNNNNNNNNNNNNNNNNNNNNNNNNNNNNNNNNNNNNNNNNNNNNNNNNNNNNNNNNNNN
bovine-CoV,NNNNNNNNNNNNNNNNNNNNNNNNNNNNNNNNNNNNNNNNNNNNNNNNNNNNNNNNNNNNNNNNNNNNNNNNNNNNNNNNNNNNNNNNNNNNNNNNNNNNNNNNNNNNNNNNNNNNNNNNNNNNNNN
bovine-CoV,NNNNNNNNNNNNNNNNNNNNNNNNNNNNNNNNNNNNNNNNNNNNNNNNNNNNNNNNNNNNNNNNNNNNNNNNNNNNNNNNNNNNNNNNNNNNNNNNNNNNNNNNNNNNNNNNNNNNNNNNNNNNNNN
bovine-CoV,NNNNNNNNNNNNNNNNNNNNNNNNNNNNNNNNNNNNNNNNNNNNNNNNNNNNNNNNNNNNNNNNNNNNNNNNNNNNNNNNNNNNNNNNNNNNNNNNNNNNNNNNNNNNNNNNNNNNNNNNNNNNNN
bovine-CoV,NNNNNNNNNNNNNNNNNNNNNNNNNNNNNNNNNNNNNNNNNNNNNNNNNNNNNNNNNNNNNNNNNNNNNNNNNNNNNNNNNNNNNNNNNNNNNNNNNNNNNNNNNNNNNNNNNNNNNNNNNNNNNN
bovine-CoV,NNNNNNNNNNNNNNNNNNNNNNNNNNNNNNNNNNNNNNNNNNNNNNNNNNNNNNNNNNNNNNNNNNNNNNNNNNNNNNNNNNNNNNNNNNNNNNNNNNNNNNNNNNNNNNNNNNNNNNNNNNNNNN
bovine-CoV,NNNNNNNNNNNNNNNNNNNNNNNNNNNNNNNNNNNNNNNNNNNNNNNNNNNNNNNNNNNNNNNNNNNNNNNNNNNNNNNNNNNNNNNNNNNNNNNNNNNNNNNNNNNNNNNNNNNNNNNNNNNNNN
bovine-CoV,NNNNNNNNNNNNNNNNNNNNNNNNNNNNNNNNNNNNNNNNNNNNNNNNNNNNNNNNNNNNNNNNNNNNNNNNNNNNNNNNNNNNNNNNNNNNNNNNNNNNNNNNNNNNNNNNNNNNNNNNNNNNN
bovine-CoV,NNNNNNNNNNNNNNNNNNNNNNNNNNNNNNNNNNNNNNNNNNNNNNNNNNNNNNNNNNNNNNNNNNNNNNNNNNNNNNNNNNNNNNNNNNNNNNNNNNNNNNNNNNNNNNNNNNNNNNNNNNNNN
bovine-CoV,NNNNNNNNNNNNNNNNNNNNNNNNNNNNNNNNNNNNNNNNNNNNNNNNNNNNNNNNNNNNNNNNNNNNNNNNNNNNNNNNNNNNNNNNNNNNNNNNNNNNNNNNNNNNNNNNNNNNNNNNNNNNN
bovine-CoV,NNNNNNNNNNNNNNNNNNNNNNNNNNNNNNNNNNNNNNNNNNNNNNNNNNNNNNNNNNNNNNNNNNNNNNNNNNNNNNNNNNNNNNNNNNNNNNNNNNNNNNNNNNNNNNNNNNNNNNNNNNNNN
bovine-CoV,NNNNNNNNNNNNNNNNNNNNNNNNNNNNNNNNNNNNNNNNNNNNNNNNNNNNNNNNNNNNNNNNNNNNNNNNNNNNNNNNNNNNNNNNNNNNNNNNNNNNNNNNNNNNNNNNNNNNNNNNNNNN
bovine-CoV,NNNNNNNNNNNNNNNNNNNNNNNNNNNNNNNNNNNNNNNNNNNNNNNNNNNNNNNNNNNNNNNNNNNNNNNNNNNNNNNNNNNNNNNNNNNNNNNNNNNNNNNNNNNNNNNNNNNNNNNNNNNN
bovine-CoV,NNNNNNNNNNNNNNNNNNNNNNNNNNNNNNNNNNNNNNNNNNNNNNNNNNNNNNNNNNNNNNNNNNNNNNNNNNNNNNNNNNNNNNNNNNNNNNNNNNNNNNNNNNNNNNNNNNNNNNNNNNNN
bovine-CoV,NNNNNNNNNNNNNNNNNNNNNNNNNNNNNNNNNNNNNNNNNNNNNNNNNNNNNNNNNNNNNNNNNNNNNNNNNNNNNNNNNNNNNNNNNNNNNNNNNNNNNNNNNNNNNNNNNNNNNNNNNNNN
bovine-CoV,NNNNNNNNNNNNNNNNNNNNNNNNNNNNNNNNNNNNNNNNNNNNNNNNNNNNNNNNNNNNNNNNNNNNNNNNNNNNNNNNNNNNNNNNNNNNNNNNNNNNNNNNNNNNNNNNNNNNNNNNNNN
bovine-CoV,NNNNNNNNNNNNNNNNNNNNNNNNNNNNNNNNNNNNNNNNNNNNNNNNNNNNNNNNNNNNNNNNNNNNNNNNNNNNNNNNNNNNNNNNNNNNNNNNNNNNNNNNNNNNNNNNNNNNNNNNNNN
bovine-CoV,NNNNNNNNNNNNNNNNNNNNNNNNNNNNNNNNNNNNNNNNNNNNNNNNNNNNNNNNNNNNNNNNNNNNNNNNNNNNNNNNNNNNNNNNNNNNNNNNNNNNNNNNNNNNNNNNNNNNNNNNNNN
bovine-CoV,NNNNNNNNNNNNNNNNNNNNNNNNNNNNNNNNNNNNNNNNNNNNNNNNNNNNNNNNNNNNNNNNNNNNNNNNNNNNNNNNNNNNNNNNNNNNNNNNNNNNNNNNNNNNNNNNNNNNNNNNNNN
bovine-CoV,NNNNNNNNNNNNNNNNNNNNNNNNNNNNNNNNNNNNNNNNNNNNNNNNNNNNNNNNNNNNNNNNNNNNNNNNNNNNNNNNNNNNNNNNNNNNNNNNNNNNNNNNNNNNNNNNNNNNNNNNNN
bovine-CoV,NNNNNNNNNNNNNNNNNNNNNNNNNNNNNNNNNNNNNNNNNNNNNNNNNNNNNNNNNNNNNNNNNNNNNNNNNNNNNNNNNNNNNNNNNNNNNNNNNNNNNNNNNNNNNNNNNNNNNNNNNN
bovine-CoV,NNNNNNNNNNNNNNNNNNNNNNNNNNNNNNNNNNNNNNNNNNNNNNNNNNNNNNNNNNNNNNNNNNNNNNNNNNNNNNNNNNNNNNNNNNNNNNNNNNNNNNNNNNNNNNNNNNNNNNNNNN
bovine-CoV,NNNNNNNNNNNNNNNNNNNNNNNNNNNNNNNNNNNNNNNNNNNNNNNNNNNNNNNNNNNNNNNNNNNNNNNNNNNNNNNNNNNNNNNNNNNNNNNNNNNNNNNNNNNNNNNNNNNNNNNNNN
bovine-CoV,NNNNNNNNNNNNNNNNNNNNNNNNNNNNNNNNNNNNNNNNNNNNNNNNNNNNNNNNNNNNNNNNNNNNNNNNNNNNNNNNNNNNNNNNNNNNNNNNNNNNNNNNNNNNNNNNNNNNNNNNN
bovine-CoV,NNNNNNNNNNNNNNNNNNNNNNNNNNNNNNNNNNNNNNNNNNNNNNNNNNNNNNNNNNNNNNNNNNNNNNNNNNNNNNNNNNNNNNNNNNNNNNNNNNNNNNNNNNNNNNNNNNNNNNNNN
bovine-CoV,NNNNNNNNNNNNNNNNNNNNNNNNNNNNNNNNNNNNNNNNNNNNNNNNNNNNNNNNNNNNNNNNNNNNNNNNNNNNNNNNNNNNNNNNNNNNNNNNNNNNNNNNNNNNNNNNNNNNNNNNN
bovine-CoV,NNNNNNNNNNNNNNNNNNNNNNNNNNNNNNNNNNNNNNNNNNNNNNNNNNNNNNNNNNNNNNNNNNNNNNNNNNNNNNNNNNNNNNNNNNNNNNNNNNNNNNNNNNNNNNNNNNNNNNNNN
bovine-CoV,NNNNNNNNNNNNNNNNNNNNNNNNNNNNNNNNNNNNNNNNNNNNNNNNNNNNNNNNNNNNNNNNNNNNNNNNNNNNNNNNNNNNNNNNNNNNNNNNNNNNNNNNNNNNNNNNNNNNNNNN
bovine-CoV,NNNNNNNNNNNNNNNNNNNNNNNNNNNNNNNNNNNNNNNNNNNNNNNNNNNNNNNNNNNNNNNNNNNNNNNNNNNNNNNNNNNNNNNNNNNNNNNNNNNNNNNNNNNNNNNNNNNNNNNN
bovine-CoV,NNNNNNNNNNNNNNNNNNNNNNNNNNNNNNNNNNNNNNNNNNNNNNNNNNNNNNNNNNNNNNNNNNNNNNNNNNNNNNNNNNNNNNNNNNNNNNNNNNNNNNNNNNNNNNNNNNNNNNNN
bovine-CoV,NNNNNNNNNNNNNNNNNNNNNNNNNNNNNNNNNNNNNNNNNNNNNNNNNNNNNNNNNNNNNNNNNNNNNNNNNNNNNNNNNNNNNNNNNNNNNNNNNNNNNNNNNNNNNNNNNNNNNNNN
bovine-CoV,NNNNNNNNNNNNNNNNNNNNNNNNNNNNNNNNNNNNNNNNNNNNNNNNNNNNNNNNNNNNNNNNNNNNNNNNNNNNNNNNNNNNNNNNNNNNNNNNNNNNNNNNNNNNNNNNNNNNNNN
bovine-CoV,NNNNNNNNNNNNNNNNNNNNNNNNNNNNNNNNNNNNNNNNNNNNNNNNNNNNNNNNNNNNNNNNNNNNNNNNNNNNNNNNNNNNNNNNNNNNNNNNNNNNNNNNNNNNNNNNNNNNNNN
bovine-CoV,NNNNNNNNNNNNNNNNNNNNNNNNNNNNNNNNNNNNNNNNNNNNNNNNNNNNNNNNNNNNNNNNNNNNNNNNNNNNNNNNNNNNNNNNNNNNNNNNNNNNNNNNNNNNNNNNNNNNNNN
bovine-CoV,NNNNNNNNNNNNNNNNNNNNNNNNNNNNNNNNNNNNNNNNNNNNNNNNNNNNNNNNNNNNNNNNNNNNNNNNNNNNNNNNNNNNNNNNNNNNNNNNNNNNNNNNNNNNNNNNNNNNNNN
bovine-CoV,NNNNNNNNNNNNNNNNNNNNNNNNNNNNNNNNNNNNNNNNNNNNNNNNNNNNNNNNNNNNNNNNNNNNNNNNNNNNNNNNNNNNNNNNNNNNNNNNNNNNNNNNNNNNNNNNNNNNNN
bovine-CoV,NNNNNNNNNNNNNNNNNNNNNNNNNNNNNNNNNNNNNNNNNNNNNNNNNNNNNNNNNNNNNNNNNNNNNNNNNNNNNNNNNNNNNNNNNNNNNNNNNNNNNNNNNNNNNNNNNNNNNN
bovine-CoV,NNNNNNNNNNNNNNNNNNNNNNNNNNNNNNNNNNNNNNNNNNNNNNNNNNNNNNNNNNNNNNNNNNNNNNNNNNNNNNNNNNNNNNNNNNNNNNNNNNNNNNNNNNNNNNNNNNNNNN
bovine-CoV,NNNNNNNNNNNNNNNNNNNNNNNNNNNNNNNNNNNNNNNNNNNNNNNNNNNNNNNNNNNNNNNNNNNNNNNNNNNNNNNNNNNNNNNNNNNNNNNNNNNNNNNNNNNNNNNNNNNNNN
bovine-CoV,NNNNNNNNNNNNNNNNNNNNNNNNNNNNNNNNNNNNNNNNNNNNNNNNNNNNNNNNNNNNNNNNNNNNNNNNNNNNNNNNNNNNNNNNNNNNNNNNNNNNNNNNNNNNNNNNNNNNN
bovine-CoV,NNNNNNNNNNNNNNNNNNNNNNNNNNNNNNNNNNNNNNNNNNNNNNNNNNNNNNNNNNNNNNNNNNNNNNNNNNNNNNNNNNNNNNNNNNNNNNNNNNNNNNNNNNNNNNNNNNNNN
bovine-CoV,NNNNNNNNNNNNNNNNNNNNNNNNNNNNNNNNNNNNNNNNNNNNNNNNNNNNNNNNNNNNNNNNNNNNNNNNNNNNNNNNNNNNNNNNNNNNNNNNNNNNNNNNNNNNNNNNNNNNN
bovine-CoV,NNNNNNNNNNNNNNNNNNNNNNNNNNNNNNNNNNNNNNNNNNNNNNNNNNNNNNNNNNNNNNNNNNNNNNNNNNNNNNNNNNNNNNNNNNNNNNNNNNNNNNNNNNNNNNNNNNNNN
bovine-CoV,NNNNNNNNNNNNNNNNNNNNNNNNNNNNNNNNNNNNNNNNNNNNNNNNNNNNNNNNNNNNNNNNNNNNNNNNNNNNNNNNNNNNNNNNNNNNNNNNNNNNNNNNNNNNNNNNNNNN
bovine-CoV,NNNNNNNNNNNNNNNNNNNNNNNNNNNNNNNNNNNNNNNNNNNNNNNNNNNNNNNNNNNNNNNNNNNNNNNNNNNNNNNNNNNNNNNNNNNNNNNNNNNNNNNNNNNNNNNNNNNN
bovine-CoV,NNNNNNNNNNNNNNNNNNNNNNNNNNNNNNNNNNNNNNNNNNNNNNNNNNNNNNNNNNNNNNNNNNNNNNNNNNNNNNNNNNNNNNNNNNNNNNNNNNNNNNNNNNNNNNNNNNNN
bovine-CoV,NNNNNNNNNNNNNNNNNNNNNNNNNNNNNNNNNNNNNNNNNNNNNNNNNNNNNNNNNNNNNNNNNNNNNNNNNNNNNNNNNNNNNNNNNNNNNNNNNNNNNNNNNNNNNNNNNNNN
bovine-CoV,NNNNNNNNNNNNNNNNNNNNNNNNNNNNNNNNNNNNNNNNNNNNNNNNNNNNNNNNNNNNNNNNNNNNNNNNNNNNNNNNNNNNNNNNNNNNNNNNNNNNNNNNNNNNNNNNNNN
bovine-CoV,NNNNNNNNNNNNNNNNNNNNNNNNNNNNNNNNNNNNNNNNNNNNNNNNNNNNNNNNNNNNNNNNNNNNNNNNNNNNNNNNNNNNNNNNNNNNNNNNNNNNNNNNNNNNNNNNNNN
bovine-CoV,NNNNNNNNNNNNNNNNNNNNNNNNNNNNNNNNNNNNNNNNNNNNNNNNNNNNNNNNNNNNNNNNNNNNNNNNNNNNNNNNNNNNNNNNNNNNNNNNNNNNNNNNNNNNNNNNNNN
bovine-CoV,NNNNNNNNNNNNNNNNNNNNNNNNNNNNNNNNNNNNNNNNNNNNNNNNNNNNNNNNNNNNNNNNNNNNNNNNNNNNNNNNNNNNNNNNNNNNNNNNNNNNNNNNNNNNNNNNNNN
bovine-CoV,NNNNNNNNNNNNNNNNNNNNNNNNNNNNNNNNNNNNNNNNNNNNNNNNNNNNNNNNNNNNNNNNNNNNNNNNNNNNNNNNNNNNNNNNNNNNNNNNNNNNNNNNNNNNNNNNNN
bovine-CoV,NNNNNNNNNNNNNNNNNNNNNNNNNNNNNNNNNNNNNNNNNNNNNNNNNNNNNNNNNNNNNNNNNNNNNNNNNNNNNNNNNNNNNNNNNNNNNNNNNNNNNNNNNNNNNNNNNN
bovine-CoV,NNNNNNNNNNNNNNNNNNNNNNNNNNNNNNNNNNNNNNNNNNNNNNNNNNNNNNNNNNNNNNNNNNNNNNNNNNNNNNNNNNNNNNNNNNNNNNNNNNNNNNNNNNNNNNNNNN
bovine-CoV,NNNNNNNNNNNNNNNNNNNNNNNNNNNNNNNNNNNNNNNNNNNNNNNNNNNNNNNNNNNNNNNNNNNNNNNNNNNNNNNNNNNNNNNNNNNNNNNNNNNNNNNNNNNNNNNNNN
bovine-CoV,NNNNNNNNNNNNNNNNNNNNNNNNNNNNNNNNNNNNNNNNNNNNNNNNNNNNNNNNNNNNNNNNNNNNNNNNNNNNNNNNNNNNNNNNNNNNNNNNNNNNNNNNNNNNNNNNN
bovine-CoV,NNNNNNNNNNNNNNNNNNNNNNNNNNNNNNNNNNNNNNNNNNNNNNNNNNNNNNNNNNNNNNNNNNNNNNNNNNNNNNNNNNNNNNNNNNNNNNNNNNNNNNNNNNNNNNNNN
bovine-CoV,NNNNNNNNNNNNNNNNNNNNNNNNNNNNNNNNNNNNNNNNNNNNNNNNNNNNNNNNNNNNNNNNNNNNNNNNNNNNNNNNNNNNNNNNNNNNNNNNNNNNNNNNNNNNNNNNN
bovine-CoV,NNNNNNNNNNNNNNNNNNNNNNNNNNNNNNNNNNNNNNNNNNNNNNNNNNNNNNNNNNNNNNNNNNNNNNNNNNNNNNNNNNNNNNNNNNNNNNNNNNNNNNNNNNNNNNNNN
bovine-CoV,NNNNNNNNNNNNNNNNNNNNNNNNNNNNNNNNNNNNNNNNNNNNNNNNNNNNNNNNNNNNNNNNNNNNNNNNNNNNNNNNNNNNNNNNNNNNNNNNNNNNNNNNNNNNNNNN
bovine-CoV,NNNNNNNNNNNNNNNNNNNNNNNNNNNNNNNNNNNNNNNNNNNNNNNNNNNNNNNNNNNNNNNNNNNNNNNNNNNNNNNNNNNNNNNNNNNNNNNNNNNNNNNNNNNNNNNN
bovine-CoV,NNNNNNNNNNNNNNNNNNNNNNNNNNNNNNNNNNNNNNNNNNNNNNNNNNNNNNNNNNNNNNNNNNNNNNNNNNNNNNNNNNNNNNNNNNNNNNNNNNNNNNNNNNNNNNNN
bovine-CoV,NNNNNNNNNNNNNNNNNNNNNNNNNNNNNNNNNNNNNNNNNNNNNNNNNNNNNNNNNNNNNNNNNNNNNNNNNNNNNNNNNNNNNNNNNNNNNNNNNNNNNNNNNNNNNNNN
bovine-CoV,NNNNNNNNNNNNNNNNNNNNNNNNNNNNNNNNNNNNNNNNNNNNNNNNNNNNNNNNNNNNNNNNNNNNNNNNNNNNNNNNNNNNNNNNNNNNNNNNNNNNNNNNNNNNNNN
bovine-CoV,NNNNNNNNNNNNNNNNNNNNNNNNNNNNNNNNNNNNNNNNNNNNNNNNNNNNNNNNNNNNNNNNNNNNNNNNNNNNNNNNNNNNNNNNNNNNNNNNNNNNNNNNNNNNNNN
bovine-CoV,NNNNNNNNNNNNNNNNNNNNNNNNNNNNNNNNNNNNNNNNNNNNNNNNNNNNNNNNNNNNNNNNNNNNNNNNNNNNNNNNNNNNNNNNNNNNNNNNNNNNNNNNNNNNNNN
bovine-CoV,NNNNNNNNNNNNNNNNNNNNNNNNNNNNNNNNNNNNNNNNNNNNNNNNNNNNNNNNNNNNNNNNNNNNNNNNNNNNNNNNNNNNNNNNNNNNNNNNNNNNNNNNNNNNNNN
bovine-CoV,NNNNNNNNNNNNNNNNNNNNNNNNNNNNNNNNNNNNNNNNNNNNNNNNNNNNNNNNNNNNNNNNNNNNNNNNNNNNNNNNNNNNNNNNNNNNNNNNNNNNNNNNNNNNNN
bovine-CoV,NNNNNNNNNNNNNNNNNNNNNNNNNNNNNNNNNNNNNNNNNNNNNNNNNNNNNNNNNNNNNNNNNNNNNNNNNNNNNNNNNNNNNNNNNNNNNNNNNNNNNNNNNNNNNN
bovine-CoV,NNNNNNNNNNNNNNNNNNNNNNNNNNNNNNNNNNNNNNNNNNNNNNNNNNNNNNNNNNNNNNNNNNNNNNNNNNNNNNNNNNNNNNNNNNNNNNNNNNNNNNNNNNNNNN
bovine-CoV,NNNNNNNNNNNNNNNNNNNNNNNNNNNNNNNNNNNNNNNNNNNNNNNNNNNNNNNNNNNNNNNNNNNNNNNNNNNNNNNNNNNNNNNNNNNNNNNNNNNNNNNNNNNNNN
bovine-CoV,NNNNNNNNNNNNNNNNNNNNNNNNNNNNNNNNNNNNNNNNNNNNNNNNNNNNNNNNNNNNNNNNNNNNNNNNNNNNNNNNNNNNNNNNNNNNNNNNNNNNNNNNNNNNN
bovine-CoV,NNNNNNNNNNNNNNNNNNNNNNNNNNNNNNNNNNNNNNNNNNNNNNNNNNNNNNNNNNNNNNNNNNNNNNNNNNNNNNNNNNNNNNNNNNNNNNNNNNNNNNNNNNNNN
bovine-CoV,NNNNNNNNNNNNNNNNNNNNNNNNNNNNNNNNNNNNNNNNNNNNNNNNNNNNNNNNNNNNNNNNNNNNNNNNNNNNNNNNNNNNNNNNNNNNNNNNNNNNNNNNNNNNN
bovine-CoV,NNNNNNNNNNNNNNNNNNNNNNNNNNNNNNNNNNNNNNNNNNNNNNNNNNNNNNNNNNNNNNNNNNNNNNNNNNNNNNNNNNNNNNNNNNNNNNNNNNNNNNNNNNNNN
bovine-CoV,NNNNNNNNNNNNNNNNNNNNNNNNNNNNNNNNNNNNNNNNNNNNNNNNNNNNNNNNNNNNNNNNNNNNNNNNNNNNNNNNNNNNNNNNNNNNNNNNNNNNNNNNNNNN
bovine-CoV,NNNNNNNNNNNNNNNNNNNNNNNNNNNNNNNNNNNNNNNNNNNNNNNNNNNNNNNNNNNNNNNNNNNNNNNNNNNNNNNNNNNNNNNNNNNNNNNNNNNNNNNNNNNN
bovine-CoV,NNNNNNNNNNNNNNNNNNNNNNNNNNNNNNNNNNNNNNNNNNNNNNNNNNNNNNNNNNNNNNNNNNNNNNNNNNNNNNNNNNNNNNNNNNNNNNNNNNNNNNNNNNNN
bovine-CoV,NNNNNNNNNNNNNNNNNNNNNNNNNNNNNNNNNNNNNNNNNNNNNNNNNNNNNNNNNNNNNNNNNNNNNNNNNNNNNNNNNNNNNNNNNNNNNNNNNNNNNNNNNNNN
bovine-CoV,NNNNNNNNNNNNNNNNNNNNNNNNNNNNNNNNNNNNNNNNNNNNNNNNNNNNNNNNNNNNNNNNNNNNNNNNNNNNNNNNNNNNNNNNNNNNNNNNNNNNNNNNNNN
bovine-CoV,NNNNNNNNNNNNNNNNNNNNNNNNNNNNNNNNNNNNNNNNNNNNNNNNNNNNNNNNNNNNNNNNNNNNNNNNNNNNNNNNNNNNNNNNNNNNNNNNNNNNNNNNNNN
bovine-CoV,NNNNNNNNNNNNNNNNNNNNNNNNNNNNNNNNNNNNNNNNNNNNNNNNNNNNNNNNNNNNNNNNNNNNNNNNNNNNNNNNNNNNNNNNNNNNNNNNNNNNNNNNNNN
bovine-CoV,NNNNNNNNNNNNNNNNNNNNNNNNNNNNNNNNNNNNNNNNNNNNNNNNNNNNNNNNNNNNNNNNNNNNNNNNNNNNNNNNNNNNNNNNNNNNNNNNNNNNNNNNNNN
bovine-CoV,NNNNNNNNNNNNNNNNNNNNNNNNNNNNNNNNNNNNNNNNNNNNNNNNNNNNNNNNNNNNNNNNNNNNNNNNNNNNNNNNNNNNNNNNNNNNNNNNNNNNNNNNNN
bovine-CoV,NNNNNNNNNNNNNNNNNNNNNNNNNNNNNNNNNNNNNNNNNNNNNNNNNNNNNNNNNNNNNNNNNNNNNNNNNNNNNNNNNNNNNNNNNNNNNNNNNNNNNNNNNN
bovine-CoV,NNNNNNNNNNNNNNNNNNNNNNNNNNNNNNNNNNNNNNNNNNNNNNNNNNNNNNNNNNNNNNNNNNNNNNNNNNNNNNNNNNNNNNNNNNNNNNNNNNNNNNNNNN
bovine-CoV,NNNNNNNNNNNNNNNNNNNNNNNNNNNNNNNNNNNNNNNNNNNNNNNNNNNNNNNNNNNNNNNNNNNNNNNNNNNNNNNNNNNNNNNNNNNNNNNNNNNNNNNNNN
bovine-CoV,NNNNNNNNNNNNNNNNNNNNNNNNNNNNNNNNNNNNNNNNNNNNNNNNNNNNNNNNNNNNNNNNNNNNNNNNNNNNNNNNNNNNNNNNNNNNNNNNNNNNNNNNN
bovine-CoV,NNNNNNNNNNNNNNNNNNNNNNNNNNNNNNNNNNNNNNNNNNNNNNNNNNNNNNNNNNNNNNNNNNNNNNNNNNNNNNNNNNNNNNNNNNNNNNNNNNNNNNNNN
bovine-CoV,NNNNNNNNNNNNNNNNNNNNNNNNNNNNNNNNNNNNNNNNNNNNNNNNNNNNNNNNNNNNNNNNNNNNNNNNNNNNNNNNNNNNNNNNNNNNNNNNNNNNNNNNN
bovine-CoV,NNNNNNNNNNNNNNNNNNNNNNNNNNNNNNNNNNNNNNNNNNNNNNNNNNNNNNNNNNNNNNNNNNNNNNNNNNNNNNNNNNNNNNNNNNNNNNNNNNNNNNNNN
bovine-CoV,NNNNNNNNNNNNNNNNNNNNNNNNNNNNNNNNNNNNNNNNNNNNNNNNNNNNNNNNNNNNNNNNNNNNNNNNNNNNNNNNNNNNNNNNNNNNNNNNNNNNNNNN
bovine-CoV,NNNNNNNNNNNNNNNNNNNNNNNNNNNNNNNNNNNNNNNNNNNNNNNNNNNNNNNNNNNNNNNNNNNNNNNNNNNNNNNNNNNNNNNNNNNNNNNNNNNNNNNN
bovine-CoV,NNNNNNNNNNNNNNNNNNNNNNNNNNNNNNNNNNNNNNNNNNNNNNNNNNNNNNNNNNNNNNNNNNNNNNNNNNNNNNNNNNNNNNNNNNNNNNNNNNNNNNNN
bovine-CoV,NNNNNNNNNNNNNNNNNNNNNNNNNNNNNNNNNNNNNNNNNNNNNNNNNNNNNNNNNNNNNNNNNNNNNNNNNNNNNNNNNNNNNNNNNNNNNNNNNNNNNNNN
bovine-CoV,NNNNNNNNNNNNNNNNNNNNNNNNNNNNNNNNNNNNNNNNNNNNNNNNNNNNNNNNNNNNNNNNNNNNNNNNNNNNNNNNNNNNNNNNNNNNNNNNNNNNNNN
bovine-CoV,NNNNNNNNNNNNNNNNNNNNNNNNNNNNNNNNNNNNNNNNNNNNNNNNNNNNNNNNNNNNNNNNNNNNNNNNNNNNNNNNNNNNNNNNNNNNNNNNNNNNNNN
bovine-CoV,NNNNNNNNNNNNNNNNNNNNNNNNNNNNNNNNNNNNNNNNNNNNNNNNNNNNNNNNNNNNNNNNNNNNNNNNNNNNNNNNNNNNNNNNNNNNNNNNNNNNNNN
bovine-CoV,NNNNNNNNNNNNNNNNNNNNNNNNNNNNNNNNNNNNNNNNNNNNNNNNNNNNNNNNNNNNNNNNNNNNNNNNNNNNNNNNNNNNNNNNNNNNNNNNNNNNNNN
bovine-CoV,NNNNNNNNNNNNNNNNNNNNNNNNNNNNNNNNNNNNNNNNNNNNNNNNNNNNNNNNNNNNNNNNNNNNNNNNNNNNNNNNNNNNNNNNNNNNNNNNNNNNNN
bovine-CoV,NNNNNNNNNNNNNNNNNNNNNNNNNNNNNNNNNNNNNNNNNNNNNNNNNNNNNNNNNNNNNNNNNNNNNNNNNNNNNNNNNNNNNNNNNNNNNNNNNNNNNN
bovine-CoV,NNNNNNNNNNNNNNNNNNNNNNNNNNNNNNNNNNNNNNNNNNNNNNNNNNNNNNNNNNNNNNNNNNNNNNNNNNNNNNNNNNNNNNNNNNNNNNNNNNNNNN
bovine-CoV,NNNNNNNNNNNNNNNNNNNNNNNNNNNNNNNNNNNNNNNNNNNNNNNNNNNNNNNNNNNNNNNNNNNNNNNNNNNNNNNNNNNNNNNNNNNNNNNNNNNNNN
bovine-CoV,NNNNNNNNNNNNNNNNNNNNNNNNNNNNNNNNNNNNNNNNNNNNNNNNNNNNNNNNNNNNNNNNNNNNNNNNNNNNNNNNNNNNNNNNNNNNNNNNNNNNN
bovine-CoV,NNNNNNNNNNNNNNNNNNNNNNNNNNNNNNNNNNNNNNNNNNNNNNNNNNNNNNNNNNNNNNNNNNNNNNNNNNNNNNNNNNNNNNNNNNNNNNNNNNNNN
bovine-CoV,NNNNNNNNNNNNNNNNNNNNNNNNNNNNNNNNNNNNNNNNNNNNNNNNNNNNNNNNNNNNNNNNNNNNNNNNNNNNNNNNNNNNNNNNNNNNNNNNNNNNN
bovine-CoV,NNNNNNNNNNNNNNNNNNNNNNNNNNNNNNNNNNNNNNNNNNNNNNNNNNNNNNNNNNNNNNNNNNNNNNNNNNNNNNNNNNNNNNNNNNNNNNNNNNNNN
bovine-CoV,NNNNNNNNNNNNNNNNNNNNNNNNNNNNNNNNNNNNNNNNNNNNNNNNNNNNNNNNNNNNNNNNNNNNNNNNNNNNNNNNNNNNNNNNNNNNNNNNNNNN
bovine-CoV,NNNNNNNNNNNNNNNNNNNNNNNNNNNNNNNNNNNNNNNNNNNNNNNNNNNNNNNNNNNNNNNNNNNNNNNNNNNNNNNNNNNNNNNNNNNNNNNNNNNN
bovine-CoV,NNNNNNNNNNNNNNNNNNNNNNNNNNNNNNNNNNNNNNNNNNNNNNNNNNNNNNNNNNNNNNNNNNNNNNNNNNNNNNNNNNNNNNNNNNNNNNNNNNNN
bovine-CoV,NNNNNNNNNNNNNNNNNNNNNNNNNNNNNNNNNNNNNNNNNNNNNNNNNNNNNNNNNNNNNNNNNNNNNNNNNNNNNNNNNNNNNNNNNNNNNNNNNNNN
bovine-CoV,NNNNNNNNNNNNNNNNNNNNNNNNNNNNNNNNNNNNNNNNNNNNNNNNNNNNNNNNNNNNNNNNNNNNNNNNNNNNNNNNNNNNNNNNNNNNNNNNNNN
bovine-CoV,NNNNNNNNNNNNNNNNNNNNNNNNNNNNNNNNNNNNNNNNNNNNNNNNNNNNNNNNNNNNNNNNNNNNNNNNNNNNNNNNNNNNNNNNNNNNNNNNNNN
bovine-CoV,NNNNNNNNNNNNNNNNNNNNNNNNNNNNNNNNNNNNNNNNNNNNNNNNNNNNNNNNNNNNNNNNNNNNNNNNNNNNNNNNNNNNNNNNNNNNNNNNNNN
bovine-CoV,NNNNNNNNNNNNNNNNNNNNNNNNNNNNNNNNNNNNNNNNNNNNNNNNNNNNNNNNNNNNNNNNNNNNNNNNNNNNNNNNNNNNNNNNNNNNNNNNNNN
bovine-CoV,NNNNNNNNNNNNNNNNNNNNNNNNNNNNNNNNNNNNNNNNNNNNNNNNNNNNNNNNNNNNNNNNNNNNNNNNNNNNNNNNNNNNNNNNNNNNNNNNNN
bovine-CoV,NNNNNNNNNNNNNNNNNNNNNNNNNNNNNNNNNNNNNNNNNNNNNNNNNNNNNNNNNNNNNNNNNNNNNNNNNNNNNNNNNNNNNNNNNNNNNNNNNN
bovine-CoV,NNNNNNNNNNNNNNNNNNNNNNNNNNNNNNNNNNNNNNNNNNNNNNNNNNNNNNNNNNNNNNNNNNNNNNNNNNNNNNNNNNNNNNNNNNNNNNNNNN
bovine-CoV,NNNNNNNNNNNNNNNNNNNNNNNNNNNNNNNNNNNNNNNNNNNNNNNNNNNNNNNNNNNNNNNNNNNNNNNNNNNNNNNNNNNNNNNNNNNNNNNNNN
bovine-CoV,NNNNNNNNNNNNNNNNNNNNNNNNNNNNNNNNNNNNNNNNNNNNNNNNNNNNNNNNNNNNNNNNNNNNNNNNNNNNNNNNNNNNNNNNNNNNNNNNN
bovine-CoV,NNNNNNNNNNNNNNNNNNNNNNNNNNNNNNNNNNNNNNNNNNNNNNNNNNNNNNNNNNNNNNNNNNNNNNNNNNNNNNNNNNNNNNNNNNNNNNNNN
bovine-CoV,NNNNNNNNNNNNNNNNNNNNNNNNNNNNNNNNNNNNNNNNNNNNNNNNNNNNNNNNNNNNNNNNNNNNNNNNNNNNNNNNNNNNNNNNNNNNNNNNN
bovine-CoV,NNNNNNNNNNNNNNNNNNNNNNNNNNNNNNNNNNNNNNNNNNNNNNNNNNNNNNNNNNNNNNNNNNNNNNNNNNNNNNNNNNNNNNNNNNNNNNNNN
bovine-CoV,NNNNNNNNNNNNNNNNNNNNNNNNNNNNNNNNNNNNNNNNNNNNNNNNNNNNNNNNNNNNNNNNNNNNNNNNNNNNNNNNNNNNNNNNNNNNNNNN
bovine-CoV,NNNNNNNNNNNNNNNNNNNNNNNNNNNNNNNNNNNNNNNNNNNNNNNNNNNNNNNNNNNNNNNNNNNNNNNNNNNNNNNNNNNNNNNNNNNNNNNN
bovine-CoV,NNNNNNNNNNNNNNNNNNNNNNNNNNNNNNNNNNNNNNNNNNNNNNNNNNNNNNNNNNNNNNNNNNNNNNNNNNNNNNNNNNNNNNNNNNNNNNNN
bovine-CoV,NNNNNNNNNNNNNNNNNNNNNNNNNNNNNNNNNNNNNNNNNNNNNNNNNNNNNNNNNNNNNNNNNNNNNNNNNNNNNNNNNNNNNNNNNNNNNNNN
bovine-CoV,NNNNNNNNNNNNNNNNNNNNNNNNNNNNNNNNNNNNNNNNNNNNNNNNNNNNNNNNNNNNNNNNNNNNNNNNNNNNNNNNNNNNNNNNNNNNNNN
bovine-CoV,NNNNNNNNNNNNNNNNNNNNNNNNNNNNNNNNNNNNNNNNNNNNNNNNNNNNNNNNNNNNNNNNNNNNNNNNNNNNNNNNNNNNNNNNNNNNNNN
bovine-CoV,NNNNNNNNNNNNNNNNNNNNNNNNNNNNNNNNNNNNNNNNNNNNNNNNNNNNNNNNNNNNNNNNNNNNNNNNNNNNNNNNNNNNNNNNNNNNNNN
bovine-CoV,NNNNNNNNNNNNNNNNNNNNNNNNNNNNNNNNNNNNNNNNNNNNNNNNNNNNNNNNNNNNNNNNNNNNNNNNNNNNNNNNNNNNNNNNNNNNNNN
bovine-CoV,NNNNNNNNNNNNNNNNNNNNNNNNNNNNNNNNNNNNNNNNNNNNNNNNNNNNNNNNNNNNNNNNNNNNNNNNNNNNNNNNNNNNNNNNNNNNNN
bovine-CoV,NNNNNNNNNNNNNNNNNNNNNNNNNNNNNNNNNNNNNNNNNNNNNNNNNNNNNNNNNNNNNNNNNNNNNNNNNNNNNNNNNNNNNNNNNNNNNN
bovine-CoV,NNNNNNNNNNNNNNNNNNNNNNNNNNNNNNNNNNNNNNNNNNNNNNNNNNNNNNNNNNNNNNNNNNNNNNNNNNNNNNNNNNNNNNNNNNNNNN
bovine-CoV,NNNNNNNNNNNNNNNNNNNNNNNNNNNNNNNNNNNNNNNNNNNNNNNNNNNNNNNNNNNNNNNNNNNNNNNNNNNNNNNNNNNNNNNNNNNNNN
bovine-CoV,NNNNNNNNNNNNNNNNNNNNNNNNNNNNNNNNNNNNNNNNNNNNNNNNNNNNNNNNNNNNNNNNNNNNNNNNNNNNNNNNNNNNNNNNNNNNN
bovine-CoV,NNNNNNNNNNNNNNNNNNNNNNNNNNNNNNNNNNNNNNNNNNNNNNNNNNNNNNNNNNNNNNNNNNNNNNNNNNNNNNNNNNNNNNNNNNNNN
bovine-CoV,NNNNNNNNNNNNNNNNNNNNNNNNNNNNNNNNNNNNNNNNNNNNNNNNNNNNNNNNNNNNNNNNNNNNNNNNNNNNNNNNNNNNNNNNNNNNN
bovine-CoV,NNNNNNNNNNNNNNNNNNNNNNNNNNNNNNNNNNNNNNNNNNNNNNNNNNNNNNNNNNNNNNNNNNNNNNNNNNNNNNNNNNNNNNNNNNNNN
bovine-CoV,NNNNNNNNNNNNNNNNNNNNNNNNNNNNNNNNNNNNNNNNNNNNNNNNNNNNNNNNNNNNNNNNNNNNNNNNNNNNNNNNNNNNNNNNNNNN
bovine-CoV,NNNNNNNNNNNNNNNNNNNNNNNNNNNNNNNNNNNNNNNNNNNNNNNNNNNNNNNNNNNNNNNNNNNNNNNNNNNNNNNNNNNNNNNNNNNN
bovine-CoV,NNNNNNNNNNNNNNNNNNNNNNNNNNNNNNNNNNNNNNNNNNNNNNNNNNNNNNNNNNNNNNNNNNNNNNNNNNNNNNNNNNNNNNNNNNNN
bovine-CoV,NNNNNNNNNNNNNNNNNNNNNNNNNNNNNNNNNNNNNNNNNNNNNNNNNNNNNNNNNNNNNNNNNNNNNNNNNNNNNNNNNNNNNNNNNNNN
bovine-CoV,NNNNNNNNNNNNNNNNNNNNNNNNNNNNNNNNNNNNNNNNNNNNNNNNNNNNNNNNNNNNNNNNNNNNNNNNNNNNNNNNNNNNNNNNNNN
bovine-CoV,NNNNNNNNNNNNNNNNNNNNNNNNNNNNNNNNNNNNNNNNNNNNNNNNNNNNNNNNNNNNNNNNNNNNNNNNNNNNNNNNNNNNNNNNNNN
bovine-CoV,NNNNNNNNNNNNNNNNNNNNNNNNNNNNNNNNNNNNNNNNNNNNNNNNNNNNNNNNNNNNNNNNNNNNNNNNNNNNNNNNNNNNNNNNNNN
bovine-CoV,NNNNNNNNNNNNNNNNNNNNNNNNNNNNNNNNNNNNNNNNNNNNNNNNNNNNNNNNNNNNNNNNNNNNNNNNNNNNNNNNNNNNNNNNNNN
bovine-CoV,NNNNNNNNNNNNNNNNNNNNNNNNNNNNNNNNNNNNNNNNNNNNNNNNNNNNNNNNNNNNNNNNNNNNNNNNNNNNNNNNNNNNNNNNNN
bovine-CoV,NNNNNNNNNNNNNNNNNNNNNNNNNNNNNNNNNNNNNNNNNNNNNNNNNNNNNNNNNNNNNNNNNNNNNNNNNNNNNNNNNNNNNNNNNN
bovine-CoV,NNNNNNNNNNNNNNNNNNNNNNNNNNNNNNNNNNNNNNNNNNNNNNNNNNNNNNNNNNNNNNNNNNNNNNNNNNNNNNNNNNNNNNNNNN
bovine-CoV,NNNNNNNNNNNNNNNNNNNNNNNNNNNNNNNNNNNNNNNNNNNNNNNNNNNNNNNNNNNNNNNNNNNNNNNNNNNNNNNNNNNNNNNNNN
bovine-CoV,NNNNNNNNNNNNNNNNNNNNNNNNNNNNNNNNNNNNNNNNNNNNNNNNNNNNNNNNNNNNNNNNNNNNNNNNNNNNNNNNNNNNNNNNN
bovine-CoV,NNNNNNNNNNNNNNNNNNNNNNNNNNNNNNNNNNNNNNNNNNNNNNNNNNNNNNNNNNNNNNNNNNNNNNNNNNNNNNNNNNNNNNNNN
bovine-CoV,NNNNNNNNNNNNNNNNNNNNNNNNNNNNNNNNNNNNNNNNNNNNNNNNNNNNNNNNNNNNNNNNNNNNNNNNNNNNNNNNNNNNNNNNN
bovine-CoV,NNNNNNNNNNNNNNNNNNNNNNNNNNNNNNNNNNNNNNNNNNNNNNNNNNNNNNNNNNNNNNNNNNNNNNNNNNNNNNNNNNNNNNNNN
bovine-CoV,NNNNNNNNNNNNNNNNNNNNNNNNNNNNNNNNNNNNNNNNNNNNNNNNNNNNNNNNNNNNNNNNNNNNNNNNNNNNNNNNNNNNNNNN
bovine-CoV,NNNNNNNNNNNNNNNNNNNNNNNNNNNNNNNNNNNNNNNNNNNNNNNNNNNNNNNNNNNNNNNNNNNNNNNNNNNNNNNNNNNNNNNN
bovine-CoV,NNNNNNNNNNNNNNNNNNNNNNNNNNNNNNNNNNNNNNNNNNNNNNNNNNNNNNNNNNNNNNNNNNNNNNNNNNNNNNNNNNNNNNNN
bovine-CoV,NNNNNNNNNNNNNNNNNNNNNNNNNNNNNNNNNNNNNNNNNNNNNNNNNNNNNNNNNNNNNNNNNNNNNNNNNNNNNNNNNNNNNNNN
bovine-CoV,NNNNNNNNNNNNNNNNNNNNNNNNNNNNNNNNNNNNNNNNNNNNNNNNNNNNNNNNNNNNNNNNNNNNNNNNNNNNNNNNNNNNNNN
bovine-CoV,NNNNNNNNNNNNNNNNNNNNNNNNNNNNNNNNNNNNNNNNNNNNNNNNNNNNNNNNNNNNNNNNNNNNNNNNNNNNNNNNNNNNNNN
bovine-CoV,NNNNNNNNNNNNNNNNNNNNNNNNNNNNNNNNNNNNNNNNNNNNNNNNNNNNNNNNNNNNNNNNNNNNNNNNNNNNNNNNNNNNNNN
bovine-CoV,NNNNNNNNNNNNNNNNNNNNNNNNNNNNNNNNNNNNNNNNNNNNNNNNNNNNNNNNNNNNNNNNNNNNNNNNNNNNNNNNNNNNNNN
bovine-CoV,NNNNNNNNNNNNNNNNNNNNNNNNNNNNNNNNNNNNNNNNNNNNNNNNNNNNNNNNNNNNNNNNNNNNNNNNNNNNNNNNNNNNNN
bovine-CoV,NNNNNNNNNNNNNNNNNNNNNNNNNNNNNNNNNNNNNNNNNNNNNNNNNNNNNNNNNNNNNNNNNNNNNNNNNNNNNNNNNNNNNN
bovine-CoV,NNNNNNNNNNNNNNNNNNNNNNNNNNNNNNNNNNNNNNNNNNNNNNNNNNNNNNNNNNNNNNNNNNNNNNNNNNNNNNNNNNNNNN
bovine-CoV,NNNNNNNNNNNNNNNNNNNNNNNNNNNNNNNNNNNNNNNNNNNNNNNNNNNNNNNNNNNNNNNNNNNNNNNNNNNNNNNNNNNNNN
bovine-CoV,NNNNNNNNNNNNNNNNNNNNNNNNNNNNNNNNNNNNNNNNNNNNNNNNNNNNNNNNNNNNNNNNNNNNNNNNNNNNNNNNNNNNN
bovine-CoV,NNNNNNNNNNNNNNNNNNNNNNNNNNNNNNNNNNNNNNNNNNNNNNNNNNNNNNNNNNNNNNNNNNNNNNNNNNNNNNNNNNNNN
bovine-CoV,NNNNNNNNNNNNNNNNNNNNNNNNNNNNNNNNNNNNNNNNNNNNNNNNNNNNNNNNNNNNNNNNNNNNNNNNNNNNNNNNNNNNN
bovine-CoV,NNNNNNNNNNNNNNNNNNNNNNNNNNNNNNNNNNNNNNNNNNNNNNNNNNNNNNNNNNNNNNNNNNNNNNNNNNNNNNNNNNNNN
bovine-CoV,NNNNNNNNNNNNNNNNNNNNNNNNNNNNNNNNNNNNNNNNNNNNNNNNNNNNNNNNNNNNNNNNNNNNNNNNNNNNNNNNNNNN
bovine-CoV,NNNNNNNNNNNNNNNNNNNNNNNNNNNNNNNNNNNNNNNNNNNNNNNNNNNNNNNNNNNNNNNNNNNNNNNNNNNNNNNNNNNN
bovine-CoV,NNNNNNNNNNNNNNNNNNNNNNNNNNNNNNNNNNNNNNNNNNNNNNNNNNNNNNNNNNNNNNNNNNNNNNNNNNNNNNNNNNNN
bovine-CoV,NNNNNNNNNNNNNNNNNNNNNNNNNNNNNNNNNNNNNNNNNNNNNNNNNNNNNNNNNNNNNNNNNNNNNNNNNNNNNNNNNNNN
bovine-CoV,NNNNNNNNNNNNNNNNNNNNNNNNNNNNNNNNNNNNNNNNNNNNNNNNNNNNNNNNNNNNNNNNNNNNNNNNNNNNNNNNNNN
bovine-CoV,NNNNNNNNNNNNNNNNNNNNNNNNNNNNNNNNNNNNNNNNNNNNNNNNNNNNNNNNNNNNNNNNNNNNNNNNNNNNNNNNNNN
bovine-CoV,NNNNNNNNNNNNNNNNNNNNNNNNNNNNNNNNNNNNNNNNNNNNNNNNNNNNNNNNNNNNNNNNNNNNNNNNNNNNNNNNNNN
bovine-CoV,NNNNNNNNNNNNNNNNNNNNNNNNNNNNNNNNNNNNNNNNNNNNNNNNNNNNNNNNNNNNNNNNNNNNNNNNNNNNNNNNNNN
bovine-CoV,NNNNNNNNNNNNNNNNNNNNNNNNNNNNNNNNNNNNNNNNNNNNNNNNNNNNNNNNNNNNNNNNNNNNNNNNNNNNNNNNNN
bovine-CoV,NNNNNNNNNNNNNNNNNNNNNNNNNNNNNNNNNNNNNNNNNNNNNNNNNNNNNNNNNNNNNNNNNNNNNNNNNNNNNNNNNN
bovine-CoV,NNNNNNNNNNNNNNNNNNNNNNNNNNNNNNNNNNNNNNNNNNNNNNNNNNNNNNNNNNNNNNNNNNNNNNNNNNNNNNNNNN
bovine-CoV,NNNNNNNNNNNNNNNNNNNNNNNNNNNNNNNNNNNNNNNNNNNNNNNNNNNNNNNNNNNNNNNNNNNNNNNNNNNNNNNNNN
bovine-CoV,NNNNNNNNNNNNNNNNNNNNNNNNNNNNNNNNNNNNNNNNNNNNNNNNNNNNNNNNNNNNNNNNNNNNNNNNNNNNNNNNN
bovine-CoV,NNNNNNNNNNNNNNNNNNNNNNNNNNNNNNNNNNNNNNNNNNNNNNNNNNNNNNNNNNNNNNNNNNNNNNNNNNNNNNNNN
bovine-CoV,NNNNNNNNNNNNNNNNNNNNNNNNNNNNNNNNNNNNNNNNNNNNNNNNNNNNNNNNNNNNNNNNNNNNNNNNNNNNNNNNN
bovine-CoV,NNNNNNNNNNNNNNNNNNNNNNNNNNNNNNNNNNNNNNNNNNNNNNNNNNNNNNNNNNNNNNNNNNNNNNNNNNNNNNNNN
bovine-CoV,NNNNNNNNNNNNNNNNNNNNNNNNNNNNNNNNNNNNNNNNNNNNNNNNNNNNNNNNNNNNNNNNNNNNNNNNNNNNNNNN
bovine-CoV,NNNNNNNNNNNNNNNNNNNNNNNNNNNNNNNNNNNNNNNNNNNNNNNNNNNNNNNNNNNNNNNNNNNNNNNNNNNNNNNN
bovine-CoV,NNNNNNNNNNNNNNNNNNNNNNNNNNNNNNNNNNNNNNNNNNNNNNNNNNNNNNNNNNNNNNNNNNNNNNNNNNNNNNNN
bovine-CoV,NNNNNNNNNNNNNNNNNNNNNNNNNNNNNNNNNNNNNNNNNNNNNNNNNNNNNNNNNNNNNNNNNNNNNNNNNNNNNNNN
bovine-CoV,NNNNNNNNNNNNNNNNNNNNNNNNNNNNNNNNNNNNNNNNNNNNNNNNNNNNNNNNNNNNNNNNNNNNNNNNNNNNNNN
bovine-CoV,NNNNNNNNNNNNNNNNNNNNNNNNNNNNNNNNNNNNNNNNNNNNNNNNNNNNNNNNNNNNNNNNNNNNNNNNNNNNNNN
bovine-CoV,NNNNNNNNNNNNNNNNNNNNNNNNNNNNNNNNNNNNNNNNNNNNNNNNNNNNNNNNNNNNNNNNNNNNNNNNNNNNNNN
bovine-CoV,NNNNNNNNNNNNNNNNNNNNNNNNNNNNNNNNNNNNNNNNNNNNNNNNNNNNNNNNNNNNNNNNNNNNNNNNNNNNNNN
bovine-CoV,NNNNNNNNNNNNNNNNNNNNNNNNNNNNNNNNNNNNNNNNNNNNNNNNNNNNNNNNNNNNNNNNNNNNNNNNNNNNNN
bovine-CoV,NNNNNNNNNNNNNNNNNNNNNNNNNNNNNNNNNNNNNNNNNNNNNNNNNNNNNNNNNNNNNNNNNNNNNNNNNNNNNN
bovine-CoV,NNNNNNNNNNNNNNNNNNNNNNNNNNNNNNNNNNNNNNNNNNNNNNNNNNNNNNNNNNNNNNNNNNNNNNNNNNNNNN
bovine-CoV,NNNNNNNNNNNNNNNNNNNNNNNNNNNNNNNNNNNNNNNNNNNNNNNNNNNNNNNNNNNNNNNNNNNNNNNNNNNNNN
bovine-CoV,NNNNNNNNNNNNNNNNNNNNNNNNNNNNNNNNNNNNNNNNNNNNNNNNNNNNNNNNNNNNNNNNNNNNNNNNNNNNN
bovine-CoV,NNNNNNNNNNNNNNNNNNNNNNNNNNNNNNNNNNNNNNNNNNNNNNNNNNNNNNNNNNNNNNNNNNNNNNNNNNNNN
bovine-CoV,NNNNNNNNNNNNNNNNNNNNNNNNNNNNNNNNNNNNNNNNNNNNNNNNNNNNNNNNNNNNNNNNNNNNNNNNNNNNN
bovine-CoV,NNNNNNNNNNNNNNNNNNNNNNNNNNNNNNNNNNNNNNNNNNNNNNNNNNNNNNNNNNNNNNNNNNNNNNNNNNNNN
bovine-CoV,NNNNNNNNNNNNNNNNNNNNNNNNNNNNNNNNNNNNNNNNNNNNNNNNNNNNNNNNNNNNNNNNNNNNNNNNNNNN
bovine-CoV,NNNNNNNNNNNNNNNNNNNNNNNNNNNNNNNNNNNNNNNNNNNNNNNNNNNNNNNNNNNNNNNNNNNNNNNNNNNN
bovine-CoV,NNNNNNNNNNNNNNNNNNNNNNNNNNNNNNNNNNNNNNNNNNNNNNNNNNNNNNNNNNNNNNNNNNNNNNNNNNNN
bovine-CoV,NNNNNNNNNNNNNNNNNNNNNNNNNNNNNNNNNNNNNNNNNNNNNNNNNNNNNNNNNNNNNNNNNNNNNNNNNNNN
bovine-CoV,NNNNNNNNNNNNNNNNNNNNNNNNNNNNNNNNNNNNNNNNNNNNNNNNNNNNNNNNNNNNNNNNNNNNNNNNNNN
bovine-CoV,NNNNNNNNNNNNNNNNNNNNNNNNNNNNNNNNNNNNNNNNNNNNNNNNNNNNNNNNNNNNNNNNNNNNNNNNNNN
bovine-CoV,NNNNNNNNNNNNNNNNNNNNNNNNNNNNNNNNNNNNNNNNNNNNNNNNNNNNNNNNNNNNNNNNNNNNNNNNNNN
bovine-CoV,NNNNNNNNNNNNNNNNNNNNNNNNNNNNNNNNNNNNNNNNNNNNNNNNNNNNNNNNNNNNNNNNNNNNNNNNNNN
bovine-CoV,NNNNNNNNNNNNNNNNNNNNNNNNNNNNNNNNNNNNNNNNNNNNNNNNNNNNNNNNNNNNNNNNNNNNNNNNNN
bovine-CoV,NNNNNNNNNNNNNNNNNNNNNNNNNNNNNNNNNNNNNNNNNNNNNNNNNNNNNNNNNNNNNNNNNNNNNNNNNN
bovine-CoV,NNNNNNNNNNNNNNNNNNNNNNNNNNNNNNNNNNNNNNNNNNNNNNNNNNNNNNNNNNNNNNNNNNNNNNNNNN
bovine-CoV,NNNNNNNNNNNNNNNNNNNNNNNNNNNNNNNNNNNNNNNNNNNNNNNNNNNNNNNNNNNNNNNNNNNNNNNNNN
bovine-CoV,NNNNNNNNNNNNNNNNNNNNNNNNNNNNNNNNNNNNNNNNNNNNNNNNNNNNNNNNNNNNNNNNNNNNNNNNN
bovine-CoV,NNNNNNNNNNNNNNNNNNNNNNNNNNNNNNNNNNNNNNNNNNNNNNNNNNNNNNNNNNNNNNNNNNNNNNNNN
bovine-CoV,NNNNNNNNNNNNNNNNNNNNNNNNNNNNNNNNNNNNNNNNNNNNNNNNNNNNNNNNNNNNNNNNNNNNNNNNN
bovine-CoV,NNNNNNNNNNNNNNNNNNNNNNNNNNNNNNNNNNNNNNNNNNNNNNNNNNNNNNNNNNNNNNNNNNNNNNNNN
bovine-CoV,NNNNNNNNNNNNNNNNNNNNNNNNNNNNNNNNNNNNNNNNNNNNNNNNNNNNNNNNNNNNNNNNNNNNNNNN
bovine-CoV,NNNNNNNNNNNNNNNNNNNNNNNNNNNNNNNNNNNNNNNNNNNNNNNNNNNNNNNNNNNNNNNNNNNNNNNN
bovine-CoV,NNNNNNNNNNNNNNNNNNNNNNNNNNNNNNNNNNNNNNNNNNNNNNNNNNNNNNNNNNNNNNNNNNNNNNNN
bovine-CoV,NNNNNNNNNNNNNNNNNNNNNNNNNNNNNNNNNNNNNNNNNNNNNNNNNNNNNNNNNNNNNNNNNNNNNNNN
bovine-CoV,NNNNNNNNNNNNNNNNNNNNNNNNNNNNNNNNNNNNNNNNNNNNNNNNNNNNNNNNNNNNNNNNNNNNNNN
bovine-CoV,NNNNNNNNNNNNNNNNNNNNNNNNNNNNNNNNNNNNNNNNNNNNNNNNNNNNNNNNNNNNNNNNNNNNNNN
bovine-CoV,NNNNNNNNNNNNNNNNNNNNNNNNNNNNNNNNNNNNNNNNNNNNNNNNNNNNNNNNNNNNNNNNNNNNNNN
bovine-CoV,NNNNNNNNNNNNNNNNNNNNNNNNNNNNNNNNNNNNNNNNNNNNNNNNNNNNNNNNNNNNNNNNNNNNNNN
bovine-CoV,NNNNNNNNNNNNNNNNNNNNNNNNNNNNNNNNNNNNNNNNNNNNNNNNNNNNNNNNNNNNNNNNNNNNNN
bovine-CoV,NNNNNNNNNNNNNNNNNNNNNNNNNNNNNNNNNNNNNNNNNNNNNNNNNNNNNNNNNNNNNNNNNNNNNN
bovine-CoV,NNNNNNNNNNNNNNNNNNNNNNNNNNNNNNNNNNNNNNNNNNNNNNNNNNNNNNNNNNNNNNNNNNNNNN
bovine-CoV,NNNNNNNNNNNNNNNNNNNNNNNNNNNNNNNNNNNNNNNNNNNNNNNNNNNNNNNNNNNNNNNNNNNNNN
bovine-CoV,NNNNNNNNNNNNNNNNNNNNNNNNNNNNNNNNNNNNNNNNNNNNNNNNNNNNNNNNNNNNNNNNNNNNN
bovine-CoV,NNNNNNNNNNNNNNNNNNNNNNNNNNNNNNNNNNNNNNNNNNNNNNNNNNNNNNNNNNNNNNNNNNNNN
bovine-CoV,NNNNNNNNNNNNNNNNNNNNNNNNNNNNNNNNNNNNNNNNNNNNNNNNNNNNNNNNNNNNNNNNNNNNN
bovine-CoV,NNNNNNNNNNNNNNNNNNNNNNNNNNNNNNNNNNNNNNNNNNNNNNNNNNNNNNNNNNNNNNNNNNNNN
bovine-CoV,NNNNNNNNNNNNNNNNNNNNNNNNNNNNNNNNNNNNNNNNNNNNNNNNNNNNNNNNNNNNNNNNNNNN
bovine-CoV,NNNNNNNNNNNNNNNNNNNNNNNNNNNNNNNNNNNNNNNNNNNNNNNNNNNNNNNNNNNNNNNNNNNN
bovine-CoV,NNNNNNNNNNNNNNNNNNNNNNNNNNNNNNNNNNNNNNNNNNNNNNNNNNNNNNNNNNNNNNNNNNNN
bovine-CoV,NNNNNNNNNNNNNNNNNNNNNNNNNNNNNNNNNNNNNNNNNNNNNNNNNNNNNNNNNNNNNNNNNNNN
bovine-CoV,NNNNNNNNNNNNNNNNNNNNNNNNNNNNNNNNNNNNNNNNNNNNNNNNNNNNNNNNNNNNNNNNNNN
bovine-CoV,NNNNNNNNNNNNNNNNNNNNNNNNNNNNNNNNNNNNNNNNNNNNNNNNNNNNNNNNNNNNNNNNNNN
bovine-CoV,NNNNNNNNNNNNNNNNNNNNNNNNNNNNNNNNNNNNNNNNNNNNNNNNNNNNNNNNNNNNNNNNNNN
bovine-CoV,NNNNNNNNNNNNNNNNNNNNNNNNNNNNNNNNNNNNNNNNNNNNNNNNNNNNNNNNNNNNNNNNNNN
bovine-CoV,NNNNNNNNNNNNNNNNNNNNNNNNNNNNNNNNNNNNNNNNNNNNNNNNNNNNNNNNNNNNNNNNNN
bovine-CoV,NNNNNNNNNNNNNNNNNNNNNNNNNNNNNNNNNNNNNNNNNNNNNNNNNNNNNNNNNNNNNNNNNN
bovine-CoV,NNNNNNNNNNNNNNNNNNNNNNNNNNNNNNNNNNNNNNNNNNNNNNNNNNNNNNNNNNNNNNNNNN
bovine-CoV,NNNNNNNNNNNNNNNNNNNNNNNNNNNNNNNNNNNNNNNNNNNNNNNNNNNNNNNNNNNNNNNNNN
bovine-CoV,NNNNNNNNNNNNNNNNNNNNNNNNNNNNNNNNNNNNNNNNNNNNNNNNNNNNNNNNNNNNNNNNN
bovine-CoV,NNNNNNNNNNNNNNNNNNNNNNNNNNNNNNNNNNNNNNNNNNNNNNNNNNNNNNNNNNNNNNNNN
bovine-CoV,NNNNNNNNNNNNNNNNNNNNNNNNNNNNNNNNNNNNNNNNNNNNNNNNNNNNNNNNNNNNNNNNN
bovine-CoV,NNNNNNNNNNNNNNNNNNNNNNNNNNNNNNNNNNNNNNNNNNNNNNNNNNNNNNNNNNNNNNNNN
bovine-CoV,NNNNNNNNNNNNNNNNNNNNNNNNNNNNNNNNNNNNNNNNNNNNNNNNNNNNNNNNNNNNNNNN
bovine-CoV,NNNNNNNNNNNNNNNNNNNNNNNNNNNNNNNNNNNNNNNNNNNNNNNNNNNNNNNNNNNNNNNN
bovine-CoV,NNNNNNNNNNNNNNNNNNNNNNNNNNNNNNNNNNNNNNNNNNNNNNNNNNNNNNNNNNNNNNNN
bovine-CoV,NNNNNNNNNNNNNNNNNNNNNNNNNNNNNNNNNNNNNNNNNNNNNNNNNNNNNNNNNNNNNNNN
bovine-CoV,NNNNNNNNNNNNNNNNNNNNNNNNNNNNNNNNNNNNNNNNNNNNNNNNNNNNNNNNNNNNNNN
bovine-CoV,NNNNNNNNNNNNNNNNNNNNNNNNNNNNNNNNNNNNNNNNNNNNNNNNNNNNNNNNNNNNNNN
bovine-CoV,NNNNNNNNNNNNNNNNNNNNNNNNNNNNNNNNNNNNNNNNNNNNNNNNNNNNNNNNNNNNNNN
bovine-CoV,NNNNNNNNNNNNNNNNNNNNNNNNNNNNNNNNNNNNNNNNNNNNNNNNNNNNNNNNNNNNNNN
bovine-CoV,NNNNNNNNNNNNNNNNNNNNNNNNNNNNNNNNNNNNNNNNNNNNNNNNNNNNNNNNNNNNNN
bovine-CoV,NNNNNNNNNNNNNNNNNNNNNNNNNNNNNNNNNNNNNNNNNNNNNNNNNNNNNNNNNNNNNN
bovine-CoV,NNNNNNNNNNNNNNNNNNNNNNNNNNNNNNNNNNNNNNNNNNNNNNNNNNNNNNNNNNNNNN
bovine-CoV,NNNNNNNNNNNNNNNNNNNNNNNNNNNNNNNNNNNNNNNNNNNNNNNNNNNNNNNNNNNNNN
bovine-CoV,NNNNNNNNNNNNNNNNNNNNNNNNNNNNNNNNNNNNNNNNNNNNNNNNNNNNNNNNNNNNN
bovine-CoV,NNNNNNNNNNNNNNNNNNNNNNNNNNNNNNNNNNNNNNNNNNNNNNNNNNNNNNNNNNNNN
bovine-CoV,NNNNNNNNNNNNNNNNNNNNNNNNNNNNNNNNNNNNNNNNNNNNNNNNNNNNNNNNNNNNN
bovine-CoV,NNNNNNNNNNNNNNNNNNNNNNNNNNNNNNNNNNNNNNNNNNNNNNNNNNNNNNNNNNNNN
bovine-CoV,NNNNNNNNNNNNNNNNNNNNNNNNNNNNNNNNNNNNNNNNNNNNNNNNNNNNNNNNNNNN
bovine-CoV,NNNNNNNNNNNNNNNNNNNNNNNNNNNNNNNNNNNNNNNNNNNNNNNNNNNNNNNNNNNN
bovine-CoV,NNNNNNNNNNNNNNNNNNNNNNNNNNNNNNNNNNNNNNNNNNNNNNNNNNNNNNNNNNNN
bovine-CoV,NNNNNNNNNNNNNNNNNNNNNNNNNNNNNNNNNNNNNNNNNNNNNNNNNNNNNNNNNNNN
bovine-CoV,NNNNNNNNNNNNNNNNNNNNNNNNNNNNNNNNNNNNNNNNNNNNNNNNNNNNNNNNNNN
bovine-CoV,NNNNNNNNNNNNNNNNNNNNNNNNNNNNNNNNNNNNNNNNNNNNNNNNNNNNNNNNNNN
bovine-CoV,NNNNNNNNNNNNNNNNNNNNNNNNNNNNNNNNNNNNNNNNNNNNNNNNNNNNNNNNNNN
bovine-CoV,NNNNNNNNNNNNNNNNNNNNNNNNNNNNNNNNNNNNNNNNNNNNNNNNNNNNNNNNNNN
bovine-CoV,NNNNNNNNNNNNNNNNNNNNNNNNNNNNNNNNNNNNNNNNNNNNNNNNNNNNNNNNNN
bovine-CoV,NNNNNNNNNNNNNNNNNNNNNNNNNNNNNNNNNNNNNNNNNNNNNNNNNNNNNNNNNN
bovine-CoV,NNNNNNNNNNNNNNNNNNNNNNNNNNNNNNNNNNNNNNNNNNNNNNNNNNNNNNNNNN
bovine-CoV,NNNNNNNNNNNNNNNNNNNNNNNNNNNNNNNNNNNNNNNNNNNNNNNNNNNNNNNNNN
bovine-CoV,NNNNNNNNNNNNNNNNNNNNNNNNNNNNNNNNNNNNNNNNNNNNNNNNNNNNNNNNN
bovine-CoV,NNNNNNNNNNNNNNNNNNNNNNNNNNNNNNNNNNNNNNNNNNNNNNNNNNNNNNNNN
bovine-CoV,NNNNNNNNNNNNNNNNNNNNNNNNNNNNNNNNNNNNNNNNNNNNNNNNNNNNNNNNN
bovine-CoV,NNNNNNNNNNNNNNNNNNNNNNNNNNNNNNNNNNNNNNNNNNNNNNNNNNNNNNNNN
bovine-CoV,NNNNNNNNNNNNNNNNNNNNNNNNNNNNNNNNNNNNNNNNNNNNNNNNNNNNNNNN
bovine-CoV,NNNNNNNNNNNNNNNNNNNNNNNNNNNNNNNNNNNNNNNNNNNNNNNNNNNNNNNN
bovine-CoV,NNNNNNNNNNNNNNNNNNNNNNNNNNNNNNNNNNNNNNNNNNNNNNNNNNNNNNNN
bovine-CoV,NNNNNNNNNNNNNNNNNNNNNNNNNNNNNNNNNNNNNNNNNNNNNNNNNNNNNNNN
bovine-CoV,NNNNNNNNNNNNNNNNNNNNNNNNNNNNNNNNNNNNNNNNNNNNNNNNNNNNNNN
bovine-CoV,NNNNNNNNNNNNNNNNNNNNNNNNNNNNNNNNNNNNNNNNNNNNNNNNNNNNNNN
bovine-CoV,NNNNNNNNNNNNNNNNNNNNNNNNNNNNNNNNNNNNNNNNNNNNNNNNNNNNNNN
bovine-CoV,NNNNNNNNNNNNNNNNNNNNNNNNNNNNNNNNNNNNNNNNNNNNNNNNNNNNNNN
bovine-CoV,NNNNNNNNNNNNNNNNNNNNNNNNNNNNNNNNNNNNNNNNNNNNNNNNNNNNNN
bovine-CoV,NNNNNNNNNNNNNNNNNNNNNNNNNNNNNNNNNNNNNNNNNNNNNNNNNNNNNN
bovine-CoV,NNNNNNNNNNNNNNNNNNNNNNNNNNNNNNNNNNNNNNNNNNNNNNNNNNNNNN
bovine-CoV,NNNNNNNNNNNNNNNNNNNNNNNNNNNNNNNNNNNNNNNNNNNNNNNNNNNNNN
bovine-CoV,NNNNNNNNNNNNNNNNNNNNNNNNNNNNNNNNNNNNNNNNNNNNNNNNNNNNN
bovine-CoV,NNNNNNNNNNNNNNNNNNNNNNNNNNNNNNNNNNNNNNNNNNNNNNNNNNNNN
bovine-CoV,NNNNNNNNNNNNNNNNNNNNNNNNNNNNNNNNNNNNNNNNNNNNNNNNNNNNN
bovine-CoV,NNNNNNNNNNNNNNNNNNNNNNNNNNNNNNNNNNNNNNNNNNNNNNNNNNNNN
bovine-CoV,NNNNNNNNNNNNNNNNNNNNNNNNNNNNNNNNNNNNNNNNNNNNNNNNNNNN
bovine-CoV,NNNNNNNNNNNNNNNNNNNNNNNNNNNNNNNNNNNNNNNNNNNNNNNNNNNN
bovine-CoV,NNNNNNNNNNNNNNNNNNNNNNNNNNNNNNNNNNNNNNNNNNNNNNNNNNNN
bovine-CoV,NNNNNNNNNNNNNNNNNNNNNNNNNNNNNNNNNNNNNNNNNNNNNNNNNNNN
bovine-CoV,NNNNNNNNNNNNNNNNNNNNNNNNNNNNNNNNNNNNNNNNNNNNNNNNNNN
bovine-CoV,NNNNNNNNNNNNNNNNNNNNNNNNNNNNNNNNNNNNNNNNNNNNNNNNNNN
bovine-CoV,NNNNNNNNNNNNNNNNNNNNNNNNNNNNNNNNNNNNNNNNNNNNNNNNNNN
bovine-CoV,NNNNNNNNNNNNNNNNNNNNNNNNNNNNNNNNNNNNNNNNNNNNNNNNNNN
bovine-CoV,NNNNNNNNNNNNNNNNNNNNNNNNNNNNNNNNNNNNNNNNNNNNNNNNNN
bovine-CoV,NNNNNNNNNNNNNNNNNNNNNNNNNNNNNNNNNNNNNNNNNNNNNNNNNN
bovine-CoV,NNNNNNNNNNNNNNNNNNNNNNNNNNNNNNNNNNNNNNNNNNNNNNNNNN
bovine-CoV,NNNNNNNNNNNNNNNNNNNNNNNNNNNNNNNNNNNNNNNNNNNNNNNNNN
bovine-CoV,NNNNNNNNNNNNNNNNNNNNNNNNNNNNNNNNNNNNNNNNNNNNNNNNN
bovine-CoV,NNNNNNNNNNNNNNNNNNNNNNNNNNNNNNNNNNNNNNNNNNNNNNNNN
bovine-CoV,NNNNNNNNNNNNNNNNNNNNNNNNNNNNNNNNNNNNNNNNNNNNNNNNN
bovine-CoV,NNNNNNNNNNNNNNNNNNNNNNNNNNNNNNNNNNNNNNNNNNNNNNNNN
bovine-CoV,NNNNNNNNNNNNNNNNNNNNNNNNNNNNNNNNNNNNNNNNNNNNNNNN
bovine-CoV,NNNNNNNNNNNNNNNNNNNNNNNNNNNNNNNNNNNNNNNNNNNNNNNN
bovine-CoV,NNNNNNNNNNNNNNNNNNNNNNNNNNNNNNNNNNNNNNNNNNNNNNNN
bovine-CoV,NNNNNNNNNNNNNNNNNNNNNNNNNNNNNNNNNNNNNNNNNNNNNNNN
bovine-CoV,NNNNNNNNNNNNNNNNNNNNNNNNNNNNNNNNNNNNNNNNNNNNNNN
bovine-CoV,NNNNNNNNNNNNNNNNNNNNNNNNNNNNNNNNNNNNNNNNNNNNNNN
bovine-CoV,NNNNNNNNNNNNNNNNNNNNNNNNNNNNNNNNNNNNNNNNNNNNNNN
bovine-CoV,NNNNNNNNNNNNNNNNNNNNNNNNNNNNNNNNNNNNNNNNNNNNNNN
bovine-CoV,NNNNNNNNNNNNNNNNNNNNNNNNNNNNNNNNNNNNNNNNNNNNNN
bovine-CoV,NNNNNNNNNNNNNNNNNNNNNNNNNNNNNNNNNNNNNNNNNNNNNN
bovine-CoV,NNNNNNNNNNNNNNNNNNNNNNNNNNNNNNNNNNNNNNNNNNNNNN
bovine-CoV,NNNNNNNNNNNNNNNNNNNNNNNNNNNNNNNNNNNNNNNNNNNNNN
bovine-CoV,NNNNNNNNNNNNNNNNNNNNNNNNNNNNNNNNNNNNNNNNNNNNN
bovine-CoV,NNNNNNNNNNNNNNNNNNNNNNNNNNNNNNNNNNNNNNNNNNNNN
bovine-CoV,NNNNNNNNNNNNNNNNNNNNNNNNNNNNNNNNNNNNNNNNNNNNN
bovine-CoV,NNNNNNNNNNNNNNNNNNNNNNNNNNNNNNNNNNNNNNNNNNNNN
bovine-CoV,NNNNNNNNNNNNNNNNNNNNNNNNNNNNNNNNNNNNNNNNNNNN
bovine-CoV,NNNNNNNNNNNNNNNNNNNNNNNNNNNNNNNNNNNNNNNNNNNN
bovine-CoV,NNNNNNNNNNNNNNNNNNNNNNNNNNNNNNNNNNNNNNNNNNNN
bovine-CoV,NNNNNNNNNNNNNNNNNNNNNNNNNNNNNNNNNNNNNNNNNNNN
bovine-CoV,NNNNNNNNNNNNNNNNNNNNNNNNNNNNNNNNNNNNNNNNNNN
bovine-CoV,NNNNNNNNNNNNNNNNNNNNNNNNNNNNNNNNNNNNNNNNNNN
bovine-CoV,NNNNNNNNNNNNNNNNNNNNNNNNNNNNNNNNNNNNNNNNNNN
bovine-CoV,NNNNNNNNNNNNNNNNNNNNNNNNNNNNNNNNNNNNNNNNNNN
bovine-CoV,NNNNNNNNNNNNNNNNNNNNNNNNNNNNNNNNNNNNNNNNNN
bovine-CoV,NNNNNNNNNNNNNNNNNNNNNNNNNNNNNNNNNNNNNNNNNN
bovine-CoV,NNNNNNNNNNNNNNNNNNNNNNNNNNNNNNNNNNNNNNNNNN
bovine-CoV,NNNNNNNNNNNNNNNNNNNNNNNNNNNNNNNNNNNNNNNNNN
bovine-CoV,NNNNNNNNNNNNNNNNNNNNNNNNNNNNNNNNNNNNNNNNN
bovine-CoV,NNNNNNNNNNNNNNNNNNNNNNNNNNNNNNNNNNNNNNNNN
bovine-CoV,NNNNNNNNNNNNNNNNNNNNNNNNNNNNNNNNNNNNNNNNN
bovine-CoV,NNNNNNNNNNNNNNNNNNNNNNNNNNNNNNNNNNNNNNNNN
bovine-CoV,NNNNNNNNNNNNNNNNNNNNNNNNNNNNNNNNNNNNNNNN
bovine-CoV,NNNNNNNNNNNNNNNNNNNNNNNNNNNNNNNNNNNNNNNN
bovine-CoV,NNNNNNNNNNNNNNNNNNNNNNNNNNNNNNNNNNNNNNNN
bovine-CoV,NNNNNNNNNNNNNNNNNNNNNNNNNNNNNNNNNNNNNNNN
bovine-CoV,NNNNNNNNNNNNNNNNNNNNNNNNNNNNNNNNNNNNNNN
bovine-CoV,NNNNNNNNNNNNNNNNNNNNNNNNNNNNNNNNNNNNNNN
bovine-CoV,NNNNNNNNNNNNNNNNNNNNNNNNNNNNNNNNNNNNNNN
bovine-CoV,NNNNNNNNNNNNNNNNNNNNNNNNNNNNNNNNNNNNNNN
bovine-CoV,NNNNNNNNNNNNNNNNNNNNNNNNNNNNNNNNNNNNNN
bovine-CoV,NNNNNNNNNNNNNNNNNNNNNNNNNNNNNNNNNNNNNN
bovine-CoV,NNNNNNNNNNNNNNNNNNNNNNNNNNNNNNNNNNNNNN
bovine-CoV,NNNNNNNNNNNNNNNNNNNNNNNNNNNNNNNNNNNNNN
bovine-CoV,NNNNNNNNNNNNNNNNNNNNNNNNNNNNNNNNNNNNN
bovine-CoV,NNNNNNNNNNNNNNNNNNNNNNNNNNNNNNNNNNNNN
bovine-CoV,NNNNNNNNNNNNNNNNNNNNNNNNNNNNNNNNNNNNN
bovine-CoV,NNNNNNNNNNNNNNNNNNNNNNNNNNNNNNNNNNNNN
bovine-CoV,NNNNNNNNNNNNNNNNNNNNNNNNNNNNNNNNNNNN
bovine-CoV,NNNNNNNNNNNNNNNNNNNNNNNNNNNNNNNNNNNN
bovine-CoV,NNNNNNNNNNNNNNNNNNNNNNNNNNNNNNNNNNNN
bovine-CoV,NNNNNNNNNNNNNNNNNNNNNNNNNNNNNNNNNNNN
bovine-CoV,NNNNNNNNNNNNNNNNNNNNNNNNNNNNNNNNNNN
bovine-CoV,NNNNNNNNNNNNNNNNNNNNNNNNNNNNNNNNNNN
bovine-CoV,NNNNNNNNNNNNNNNNNNNNNNNNNNNNNNNNNNN
bovine-CoV,NNNNNNNNNNNNNNNNNNNNNNNNNNNNNNNNNNN
bovine-CoV,NNNNNNNNNNNNNNNNNNNNNNNNNNNNNNNNNN
bovine-CoV,NNNNNNNNNNNNNNNNNNNNNNNNNNNNNNNNNN
bovine-CoV,NNNNNNNNNNNNNNNNNNNNNNNNNNNNNNNNNN
bovine-CoV,NNNNNNNNNNNNNNNNNNNNNNNNNNNNNNNNNN
bovine-CoV,NNNNNNNNNNNNNNNNNNNNNNNNNNNNNNNNN
bovine-CoV,NNNNNNNNNNNNNNNNNNNNNNNNNNNNNNNNN
bovine-CoV,NNNNNNNNNNNNNNNNNNNNNNNNNNNNNNNNN
bovine-CoV,NNNNNNNNNNNNNNNNNNNNNNNNNNNNNNNNN
bovine-CoV,NNNNNNNNNNNNNNNNNNNNNNNNNNNNNNNN
bovine-CoV,NNNNNNNNNNNNNNNNNNNNNNNNNNNNNNNN
bovine-CoV,NNNNNNNNNNNNNNNNNNNNNNNNNNNNNNNN
bovine-CoV,NNNNNNNNNNNNNNNNNNNNNNNNNNNNNNNN
bovine-CoV,NNNNNNNNNNNNNNNNNNNNNNNNNNNNNNN
bovine-CoV,NNNNNNNNNNNNNNNNNNNNNNNNNNNNNNN
bovine-CoV,NNNNNNNNNNNNNNNNNNNNNNNNNNNNNNN
bovine-CoV,NNNNNNNNNNNNNNNNNNNNNNNNNNNNNNN
bovine-CoV,NNNNNNNNNNNNNNNNNNNNNNNNNNNNNN
bovine-CoV,NNNNNNNNNNNNNNNNNNNNNNNNNNNNNN
bovine-CoV,NNNNNNNNNNNNNNNNNNNNNNNNNNNNNN
bovine-CoV,NNNNNNNNNNNNNNNNNNNNNNNNNNNNNN
bovine-CoV,NNNNNNNNNNNNNNNNNNNNNNNNNNNNN
bovine-CoV,NNNNNNNNNNNNNNNNNNNNNNNNNNNNN
bovine-CoV,NNNNNNNNNNNNNNNNNNNNNNNNNNNNN
bovine-CoV,NNNNNNNNNNNNNNNNNNNNNNNNNNNNN
bovine-CoV,NNNNNNNNNNNNNNNNNNNNNNNNNNNN
bovine-CoV,NNNNNNNNNNNNNNNNNNNNNNNNNNNN
bovine-CoV,NNNNNNNNNNNNNNNNNNNNNNNNNNNN
bovine-CoV,NNNNNNNNNNNNNNNNNNNNNNNNNNNN
bovine-CoV,NNNNNNNNNNNNNNNNNNNNNNNNNNN
bovine-CoV,NNNNNNNNNNNNNNNNNNNNNNNNNNN
bovine-CoV,NNNNNNNNNNNNNNNNNNNNNNNNNNN
bovine-CoV,NNNNNNNNNNNNNNNNNNNNNNNNNNN
bovine-CoV,NNNNNNNNNNNNNNNNNNNNNNNNNN
bovine-CoV,NNNNNNNNNNNNNNNNNNNNNNNNNN
bovine-CoV,NNNNNNNNNNNNNNNNNNNNNNNNNN
bovine-CoV,NNNNNNNNNNNNNNNNNNNNNNNNNN
bovine-CoV,NNNNNNNNNNNNNNNNNNNNNNNNN
bovine-CoV,NNNNNNNNNNNNNNNNNNNNNNNNN
bovine-CoV,NNNNNNNNNNNNNNNNNNNNNNNNN
bovine-CoV,NNNNNNNNNNNNNNNNNNNNNNNNN
bovine-CoV,NNNNNNNNNNNNNNNNNNNNNNNN
bovine-CoV,NNNNNNNNNNNNNNNNNNNNNNNN
bovine-CoV,NNNNNNNNNNNNNNNNNNNNNNNN
bovine-CoV,NNNNNNNNNNNNNNNNNNNNNNNN
bovine-CoV,NNNNNNNNNNNNNNNNNNNNNNN
bovine-CoV,NNNNNNNNNNNNNNNNNNNNNNN
bovine-CoV,NNNNNNNNNNNNNNNNNNNNNNN
bovine-CoV,NNNNNNNNNNNNNNNNNNNNNNN
bovine-CoV,NNNNNNNNNNNNNNNNNNNNNN
bovine-CoV,NNNNNNNNNNNNNNNNNNNNNN
bovine-CoV,NNNNNNNNNNNNNNNNNNNNNN
bovine-CoV,NNNNNNNNNNNNNNNNNNNNNN
bovine-CoV,NNNNNNNNNNNNNNNNNNNNN
bovine-CoV,NNNNNNNNNNNNNNNNNNNNN
bovine-CoV,NNNNNNNNNNNNNNNNNNNNN
bovine-CoV,NNNNNNNNNNNNNNNNNNNNN
bovine-CoV,NNNNNNNNNNNNNNNNNNNN
bovine-CoV,NNNNNNNNNNNNNNNNNNNN
bovine-CoV,NNNNNNNNNNNNNNNNNNNN
bovine-CoV,NNNNNNNNNNNNNNNNNNNN
bovine-CoV,NNNNNNNNNNNNNNNNNNN
bovine-CoV,NNNNNNNNNNNNNNNNNNN
bovine-CoV,NNNNNNNNNNNNNNNNNNN
bovine-CoV,NNNNNNNNNNNNNNNNNNN
bovine-CoV,NNNNNNNNNNNNNNNNNN
bovine-CoV,NNNNNNNNNNNNNNNNNN
bovine-CoV,NNNNNNNNNNNNNNNNNN
bovine-CoV,NNNNNNNNNNNNNNNNNN
bovine-CoV,NNNNNNNNNNNNNNNNN
bovine-CoV,NNNNNNNNNNNNNNNNN
bovine-CoV,NNNNNNNNNNNNNNNNN
bovine-CoV,NNNNNNNNNNNNNNNNN
bovine-CoV,NNNNNNNNNNNNNNNN
bovine-CoV,NNNNNNNNNNNNNNNN
bovine-CoV,NNNNNNNNNNNNNNNN
bovine-CoV,NNNNNNNNNNNNNNNN
bovine-CoV,NNNNNNNNNNNNNNN
bovine-CoV,NNNNNNNNNNNNNNN
bovine-CoV,NNNNNNNNNNNNNNN
bovine-CoV,NNNNNNNNNNNNNNN
bovine-CoV,NNNNNNNNNNNNNN
bovine-CoV,NNNNNNNNNNNNNN
bovine-CoV,NNNNNNNNNNNNNN
bovine-CoV,NNNNNNNNNNNNNN
bovine-CoV,NNNNNNNNNNNNN
bovine-CoV,NNNNNNNNNNNNN
bovine-CoV,NNNNNNNNNNNNN
bovine-CoV,NNNNNNNNNNNNN
bovine-CoV,NNNNNNNNNNNN
bovine-CoV,NNNNNNNNNNNN
bovine-CoV,NNNNNNNNNNNN
bovine-CoV,NNNNNNNNNNNN
bovine-CoV,NNNNNNNNNNN
bovine-CoV,NNNNNNNNNNN
bovine-CoV,NNNNNNNNNNN
bovine-CoV,NNNNNNNNNNN
bovine-CoV,NNNNNNNNNN
bovine-CoV,NNNNNNNNNN
bovine-CoV,NNNNNNNNNN
bovine-CoV,NNNNNNNNNN
bovine-CoV,NNNNNNNNN
bovine-CoV,NNNNNNNNN
bovine-CoV,NNNNNNNNN
bovine-CoV,NNNNNNNNN
bovine-CoV,TAACTATAGA
bovine-CoV,TAACTATAG
bovine-CoV,TAGTTGGCA
bovine-CoV,TATTATAAT
bovine-CoV,TATTTTTGCTAA
bovine-CoV,TGATTGTAA
bovine-CoV,TGCTGCTAA
bovine-CoV,TGTTACTAA
bovine-CoV,TTAACTATA
bovine-CoV,TTACTACCCT
bovine-CoV,TTACTATTGA
bovine-CoV,TTACTTGTA
bovine-CoV,TTATTATGT
bovine-CoV,TTGCTGGTG
bovine-CoV,TTGTAATAA
bovine-CoV,TTGTTAATG
bovine-CoV,TTTACTATT
bovine-CoV,TTTCCAGCA
bovine-CoV,TTTTGTTGAGG
bovine-CoV,CCTGCAGGT
bovine-CoV,TGGTATAGG
bovine-CoV,AAAATCAAA
bovine-CoV,AATAATACT
bovine-CoV,AATGCTGAA
bovine-CoV,AATGCTGAT
bovine-CoV,AATGGTTTA
bovine-CoV,ACTATAGGTA
bovine-CoV,ACTGGTGTT
bovine-CoV,ACTGGTGTT
bovine-CoV,ACTTATTAT
bovine-CoV,ACTTGTAATA
bovine-CoV,AGGTTAATG
bovine-CoV,AGTAAATGA
bovine-CoV,AGTGGTTATT
bovine-CoV,AGTTTCTGT
bovine-CoV,ATAACTATAG
bovine-CoV,ATAATAGTAC
bovine-CoV,ATAGGAGATTT
bovine-CoV,ATATGAGTA
bovine-CoV,ATGATGTTG
bovine-CoV,ATGCTCTTG
bovine-CoV,ATGCTGTTG
bovine-CoV,ATGGTTTAAA
bovine-CoV,ATTAATGGG
bovine-CoV,ATTTTATTT
bovine-CoV,ATTTTTGCTAA
bovine-CoV,CAGCAGCAG
bovine-CoV,CATGATGTT
bovine-CoV,CATTCTTGG
bovine-CoV,CCTGCAGGT
bovine-CoV,CTAAAGTTA
bovine-CoV,CTATGGTTT
bovine-CoV,CTGATTTTA
bovine-CoV,CTGGTATAG
bovine-CoV,CTGTTAATT
bovine-CoV,CTTTTAATT
bovine-CoV,GACACTGGTGTT
bovine-CoV,GACCTACAA
bovine-CoV,GACTTATTA
bovine-CoV,GCTTTTAAT
bovine-CoV,GGTAGTGGTTA
bovine-CoV,GTAATATGG
bovine-CoV,GTGTTGTCA
bovine-CoV,TAACTATAGA
bovine-CoV,TAACTATAG
bovine-CoV,TAATATTGA
bovine-CoV,TAATGGTAATC
bovine-CoV,TATAGGAGA
bovine-CoV,TATTATAAT
bovine-CoV,TATTTAAAT
bovine-CoV,TGATAAGTC
bovine-CoV,TGGTATAGG
bovine-CoV,TGGTTATTAC
bovine-CoV,TGGTTTGTAT
bovine-CoV,TGTAATATT
bovine-CoV,TGTTAATTAT
bovine-CoV,TTAATGAATG
bovine-CoV,TTACTAATGG
bovine-CoV,TTACTATTGA
bovine-CoV,TTAGTGCAG
bovine-CoV,TTATTATGT
bovine-CoV,TTCTGCTTT
bovine-CoV,TTGAGGCTT
bovine-CoV,TTGCTGGTG
bovine-CoV,TTGGTGCTAT
bovine-CoV,TTGTTAATG
bovine-CoV,TTGTTTTAA
bovine-CoV,TTTACTAAT
bovine-CoV,TTTACTATT
bovine-CoV,TTTCTGTTT
bovine-CoV,TTTGTATTT
bovine-CoV,TTTTAATGC
bovine-CoV,TTTTACAGA
bovine-CoV,TTTTGTTGAGG
bovine-CoV,AAAATCAAA
bovine-CoV,AAGATGGTGT
bovine-CoV,AATAATACT
bovine-CoV,AATGCTGAA
bovine-CoV,AATGCTGAT
bovine-CoV,AATGGTTTA
bovine-CoV,ACTATAGGTA
bovine-CoV,ACTGGTGTT
bovine-CoV,ACTGGTGTT
bovine-CoV,ACTTATTAT
bovine-CoV,ACTTGTAATA
bovine-CoV,AGGTTAATG
bovine-CoV,AGTGGTTATT
bovine-CoV,ATAACTATAG
bovine-CoV,ATAGGAGATTT
bovine-CoV,ATGATGTTG
bovine-CoV,ATGCTCTTG
bovine-CoV,ATGCTGTTG
bovine-CoV,ATGGCTTTT
bovine-CoV,ATGGTTTAAA
bovine-CoV,ATTAATGGG
bovine-CoV,ATTTTATTT
bovine-CoV,ATTTTGATAG
bovine-CoV,CAGCAGCAG
bovine-CoV,CATGATGTT
bovine-CoV,CCTGCAGGT
bovine-CoV,CTAATGGTA
bovine-CoV,CTATGGTTT
bovine-CoV,CTGATTTTA
bovine-CoV,CTGGTATAG
bovine-CoV,CTGTTAATT
bovine-CoV,CTTTTAATT
bovine-CoV,GACACTGGTGTT
bovine-CoV,GACCTACAA
bovine-CoV,GACTTATTA
bovine-CoV,GCTCTTAAT
bovine-CoV,GGTAGTGGTTA
bovine-CoV,GGTAGTGGT
bovine-CoV,GGTATTTTTG
bovine-CoV,GGTGTTGTT
bovine-CoV,GTAATATGG
bovine-CoV,GTACTTTTT
bovine-CoV,GTAGGTAGTGGT
bovine-CoV,GTTTCTGTT
bovine-CoV,TAACTATAGA
bovine-CoV,TAACTATAG
bovine-CoV,TAATGGTAATC
bovine-CoV,TACTAATTTTGA
bovine-CoV,TACTTTTTT
bovine-CoV,TATTATAAT
bovine-CoV,TATTTAAAT
bovine-CoV,TATTTTTGCTAA
bovine-CoV,TGCTGCTAA
bovine-CoV,TGGTATAGG
bovine-CoV,TGGTTTGTAT
bovine-CoV,TGTTAATTAT
bovine-CoV,TGTTACTAA
bovine-CoV,TTAAAGATGG
bovine-CoV,TTACTAATGGT
bovine-CoV,TTACTACCCT
bovine-CoV,TTACTATTGA
bovine-CoV,TTAGTGCAG
bovine-CoV,TTATTATGT
bovine-CoV,TTCTGCTTT
bovine-CoV,TTGAGGCTT
bovine-CoV,TTGCTGGTG
bovine-CoV,TTGGTGCTAT
bovine-CoV,TTGTTAATG
bovine-CoV,TTGTTTTAA
bovine-CoV,TTTAAATAC
bovine-CoV,TTTACTAAT
bovine-CoV,TTTACTATT
bovine-CoV,TTTCTGTTT
bovine-CoV,TTTGTATTTC
bovine-CoV,TTTTACAGA
bovine-CoV,CCTGCAGGT
bovine-CoV,CTGGTATAG
bovine-CoV,CCTGCAGGT
bovine-CoV,TGGCATAGG
bovine-CoV,AAAACCAAA
bovine-CoV,AAGATGGTGT
bovine-CoV,AATGCTGAT
bovine-CoV,AATGGTTTA
bovine-CoV,ACTATAGGTA
bovine-CoV,ACTGGTGTT
bovine-CoV,ACTGGTGTT
bovine-CoV,ACTTATTAT
bovine-CoV,ACTTGTAATA
bovine-CoV,AGGTTAATG
bovine-CoV,AGTAAAGTT
bovine-CoV,AGTAAATGA
bovine-CoV,ATAACTATAG
bovine-CoV,ATGATGTTG
bovine-CoV,ATGCTCTTG
bovine-CoV,ATGCTGTTG
bovine-CoV,CAGCAGCAG
bovine-CoV,CATGATGTT
bovine-CoV,CCTGCAGGT
bovine-CoV,CTAATGGTA
bovine-CoV,CTGATTTTA
bovine-CoV,CTGTTAATT
bovine-CoV,CTTTGACTT
bovine-CoV,CTTTTAATT
bovine-CoV,GACACTGGTGTT
bovine-CoV,GACCTACAA
bovine-CoV,GCTCTTAAT
bovine-CoV,GGTAATGGT
bovine-CoV,GGTAGTGGTTA
bovine-CoV,GGTGTTACC
bovine-CoV,GGTGTTGTT
bovine-CoV,GTAATATGG
bovine-CoV,GTTTCTGTT
bovine-CoV,TAACTATAGA
bovine-CoV,TAACTATAG
bovine-CoV,TAATATTGA
bovine-CoV,TAATGGTAATC
bovine-CoV,TAATGGTATT
bovine-CoV,TAATGGTAT
bovine-CoV,TAATGGTAT
bovine-CoV,TAGTTGGCA
bovine-CoV,TATTAATGG
bovine-CoV,TATTATAAT
bovine-CoV,TATTTAAAT
bovine-CoV,TATTTTTGCTAA
bovine-CoV,TGGCATAGG
bovine-CoV,TGGTTTAAA
bovine-CoV,TGTAATATT
bovine-CoV,TGTTAATTAT
bovine-CoV,TGTTACTAA
bovine-CoV,TGTTTATTTA
bovine-CoV,TTAAAGATGG
bovine-CoV,TTAATGAATG
bovine-CoV,TTACTAATGGT
bovine-CoV,TTACTATTGA
bovine-CoV,TTAGTGCAG
bovine-CoV,TTATGTAAA
bovine-CoV,TTATTATGT
bovine-CoV,TTCTGCTTT
bovine-CoV,TTGAGGCTT
bovine-CoV,TTGGGTAAT
bovine-CoV,TTGGTGCTAT
bovine-CoV,TTGTTTATG
bovine-CoV,TTGTTTTAA
bovine-CoV,TTTACTAAT
bovine-CoV,TTTACTATT
bovine-CoV,TTTTACAGA
bovine-CoV,TTTTGTTGAGG
bovine-CoV,AAAATCAAA
bovine-CoV,AAGATGGTGT
bovine-CoV,AATGCTGAA
bovine-CoV,AATGCTGAT
bovine-CoV,AATGGTTTA
bovine-CoV,ACTATAGGTA
bovine-CoV,ACTGGTGTT
bovine-CoV,ACTGGTGTT
bovine-CoV,ACTTATTAT
bovine-CoV,ACTTGTAATA
bovine-CoV,AGATTTGGT
bovine-CoV,AGGTTAATG
bovine-CoV,AGTAAAGTT
bovine-CoV,AGTAAATGA
bovine-CoV,AGTACCCAA
bovine-CoV,AGTGGTTATT
bovine-CoV,ATAACTATAG
bovine-CoV,ATAGGAGATTT
bovine-CoV,ATGATGTTG
bovine-CoV,ATGCTGTTG
bovine-CoV,CAGCAGCAG
bovine-CoV,CGATTGCAATA
bovine-CoV,CTAATGGTA
bovine-CoV,CTACCAATT
bovine-CoV,CTGATTTTA
bovine-CoV,CTGTTAATT
bovine-CoV,CTTTTAATT
bovine-CoV,GACACTGGTGTT
bovine-CoV,GACCTACAA
bovine-CoV,GACTTATTA
bovine-CoV,GCTCTTAAT
bovine-CoV,GGTAGTGGTTA
bovine-CoV,GGTAGTGGTT
bovine-CoV,GGTGTTGTT
bovine-CoV,GGTTTGTAT
bovine-CoV,GTAATATGG
bovine-CoV,GTAGGTAGTGGTT
bovine-CoV,GTTTCTGTT
bovine-CoV,TAAAGATGG
bovine-CoV,TAACTATAGA
bovine-CoV,TAACTATAG
bovine-CoV,TAATGGTAATC
bovine-CoV,TAATGGTATT
bovine-CoV,TAATGGTAT
bovine-CoV,TAATGGTAT
bovine-CoV,TAGTTGGCA
bovine-CoV,TATTAATGG
bovine-CoV,TATTATAAT
bovine-CoV,TATTTAAAT
bovine-CoV,TATTTTTGCTAA
bovine-CoV,TGGCATAGG
bovine-CoV,TGGTTATTAC
bovine-CoV,TGTTAATTA
bovine-CoV,TGTTACTAA
bovine-CoV,TTAATGAATG
bovine-CoV,TTACTAATGGT
bovine-CoV,TTACTATTGA
bovine-CoV,TTAGTGCAG
bovine-CoV,TTATGTAAA
bovine-CoV,TTATTATGT
bovine-CoV,TTCTGCTTT
bovine-CoV,TTGAGGCTT
bovine-CoV,TTGCTGGTG
bovine-CoV,TTGGTGCTAT
bovine-CoV,TTGTTTATG
bovine-CoV,TTGTTTTAA
bovine-CoV,TTTACTAAT
bovine-CoV,TTTACTATT
bovine-CoV,TTTGTATTT
bovine-CoV,TTTTACAGA
bovine-CoV,TTTTGTTGAGG
bovine-CoV,AAAACCAAA
bovine-CoV,AAGATGGTGT
bovine-CoV,AATGCTGAA
bovine-CoV,AATGCTGAT
bovine-CoV,AATGGTTTA
bovine-CoV,ACTATAGGTA
bovine-CoV,ACTGGTGTT
bovine-CoV,ACTGGTGTT
bovine-CoV,ACTTATTAT
bovine-CoV,ACTTGTAATA
bovine-CoV,AGATTTGGT
bovine-CoV,AGGTTAATG
bovine-CoV,AGTAAAGTT
bovine-CoV,AGTAAATGA
bovine-CoV,AGTGGTTATT
bovine-CoV,ATAACTATAG
bovine-CoV,ATAGGAGATTT
bovine-CoV,ATGATGTTG
bovine-CoV,ATGCTGTTG
bovine-CoV,ATTATACTA
bovine-CoV,ATTTTGGGT
bovine-CoV,ATTTTTGCTAA
bovine-CoV,CAGCAGCAG
bovine-CoV,CATGATGTT
bovine-CoV,CCTGCAGGT
bovine-CoV,CGATTGCAATA
bovine-CoV,CTAATGGTA
bovine-CoV,CTGATTTTA
bovine-CoV,CTGGTATAGGT
bovine-CoV,CTGTTAATT
bovine-CoV,CTTTGACTT
bovine-CoV,CTTTTAATT
bovine-CoV,GACACTGGTGTT
bovine-CoV,GACCTACAA
bovine-CoV,GCTCTTAAT
bovine-CoV,GGTAGTGGTTA
bovine-CoV,GGTAGTGGTT
bovine-CoV,GGTGTTGTT
bovine-CoV,GGTTTGTAT
bovine-CoV,GTAATATGG
bovine-CoV,GTAGGTAGTGGTT
bovine-CoV,TAACTATAGA
bovine-CoV,TAACTATAG
bovine-CoV,TAATGGTAATC
bovine-CoV,TAATGGTATT
bovine-CoV,TAATGGTAT
bovine-CoV,TAATGGTAT
bovine-CoV,TAGGTACTT
bovine-CoV,TAGTTGGCA
bovine-CoV,TATTAATGG
bovine-CoV,TATTATAAT
bovine-CoV,TATTTAAAT
bovine-CoV,TCTGATGTC
bovine-CoV,TGCTGCTAA
bovine-CoV,TGGTTATTAC
bovine-CoV,TGGTTTAAA
bovine-CoV,TGTTAATTAT
bovine-CoV,TGTTACTAA
bovine-CoV,TTAAAGATGG
bovine-CoV,TTAATGAATG
bovine-CoV,TTACTAATGGT
bovine-CoV,TTACTATTGA
bovine-CoV,TTAGTGCAG
bovine-CoV,TTATTATGT
bovine-CoV,TTCTGCTTT
bovine-CoV,TTGAGGCTT
bovine-CoV,TTGCTGGTG
bovine-CoV,TTGGGTAAT
bovine-CoV,TTGGTGCTAT
bovine-CoV,TTGTTAATG
bovine-CoV,TTGTTTCCT
bovine-CoV,TTGTTTTAA
bovine-CoV,TTTACTAAT
bovine-CoV,TTTACTATT
bovine-CoV,TTTGGGTTA
bovine-CoV,TTTGTATTT
bovine-CoV,TTTTACAGA
bovine-CoV,TTTTGGGTT
bovine-CoV,TTTTGTTGAGG
bovine-CoV,AGTAAATGA
bovine-CoV,CATGATGTT
bovine-CoV,CATGTAAAT
bovine-CoV,CCTGCAGGT
bovine-CoV,GTAGGTAGTGGTT
bovine-CoV,TAGTTGGCA
bovine-CoV,TATTATAAT
bovine-CoV,CCTGCAGGT
bovine-CoV,AATAGTGGTA
bovine-CoV,CCTGCAGGT
bovine-CoV,TAGTTGGCA
bovine-CoV,TATTATAAT
bovine-CoV,AAAACCAAA
bovine-CoV,AAGATGGTGT
bovine-CoV,AATAATACT
bovine-CoV,AATGCTGAT
bovine-CoV,AATGGTTTA
bovine-CoV,ACTATAGGTA
bovine-CoV,ACTGGTGTT
bovine-CoV,ACTGGTGTT
bovine-CoV,ACTTATTAT
bovine-CoV,ACTTGTAATA
bovine-CoV,AGATTTGGT
bovine-CoV,AGGTTAATG
bovine-CoV,AGTAAAGTT
bovine-CoV,AGTAAATGA
bovine-CoV,AGTGGTTATT
bovine-CoV,ATAACTATAG
bovine-CoV,ATAGGAGATTT
bovine-CoV,ATGATGTTG
bovine-CoV,ATGCTGTTG
bovine-CoV,CAGCAGCAG
bovine-CoV,CATGATGTT
bovine-CoV,CCTGCAGGT
bovine-CoV,CGATTGTAATA
bovine-CoV,CTAATGGTA
bovine-CoV,CTGATTTTA
bovine-CoV,CTGGTATAG
bovine-CoV,CTGTTAATT
bovine-CoV,CTTTGACTT
bovine-CoV,CTTTTAATT
bovine-CoV,GACACTGGTGTT
bovine-CoV,GACCTACAA
bovine-CoV,GCTCTTAAT
bovine-CoV,GGTAGTGGTTA
bovine-CoV,GGTAGTGGTT
bovine-CoV,GGTGTTGTT
bovine-CoV,GTAATATGG
bovine-CoV,GTAGGTAGTGGTT
bovine-CoV,GTTTCTGTT
bovine-CoV,TAACTATAGA
bovine-CoV,TAACTATAG
bovine-CoV,TAATATTGA
bovine-CoV,TAATGGTAATC
bovine-CoV,TAATGGTATT
bovine-CoV,TAATGGTAT
bovine-CoV,TAATGGTAT
bovine-CoV,TAGTTGGCA
bovine-CoV,TATTAATGG
bovine-CoV,TATTATAAT
bovine-CoV,TATTTAAAT
bovine-CoV,TATTTTTGCTAA
bovine-CoV,TGCATTGCT
bovine-CoV,TGCTGCTAA
bovine-CoV,TGGTTATTAC
bovine-CoV,TGGTTTAAA
bovine-CoV,TGGTTTGTAT
bovine-CoV,TGTAATATT
bovine-CoV,TGTTAATTA
bovine-CoV,TGTTACTAA
bovine-CoV,TGTTTATTTA
bovine-CoV,TTAATGAATG
bovine-CoV,TTACTAATGGT
bovine-CoV,TTACTATTGA
bovine-CoV,TTAGTGCAG
bovine-CoV,TTATTATGT
bovine-CoV,TTCTGCTTT
bovine-CoV,TTGAGGCTT
bovine-CoV,TTGCTGGTG
bovine-CoV,TTGGGTAAT
bovine-CoV,TTGGTGCTAT
bovine-CoV,TTGTAATAA
bovine-CoV,TTGTTAATG
bovine-CoV,TTGTTTGTG
bovine-CoV,TTGTTTTAA
bovine-CoV,TTTACTAAT
bovine-CoV,TTTACTATT
bovine-CoV,TTTGTATTTT
bovine-CoV,TTTTACAGA
bovine-CoV,TTTTGTTGAGG
bovine-CoV,AAAACCAAA
bovine-CoV,AAGATGGTGT
bovine-CoV,AATAATACT
bovine-CoV,AATGCTGAA
bovine-CoV,AATGCTGAT
bovine-CoV,AATGGTTTA
bovine-CoV,ACTGGTGTT
bovine-CoV,ACTGGTGTT
bovine-CoV,ACTTATTAT
bovine-CoV,ACTTGTAATA
bovine-CoV,AGGTTAATG
bovine-CoV,AGTAAATGA
bovine-CoV,AGTGGTTATT
bovine-CoV,AGTTTCTGT
bovine-CoV,ATAACTATAG
bovine-CoV,ATAGGAGATTT
bovine-CoV,ATATGAGTA
bovine-CoV,ATGATGTTG
bovine-CoV,ATGCTCTTG
bovine-CoV,ATGCTGTTG
bovine-CoV,ATGGTTTAAA
bovine-CoV,ATTAATGGG
bovine-CoV,ATTTTATTT
bovine-CoV,ATTTTTGCTAA
bovine-CoV,CAGCAGCAG
bovine-CoV,CATGATGTT
bovine-CoV,CATTCTTGG
bovine-CoV,CCTGCAGGT
bovine-CoV,CTAAAGTTA
bovine-CoV,CTATGGTTT
bovine-CoV,CTGATTTTA
bovine-CoV,CTGGTATAG
bovine-CoV,CTGTTAATT
bovine-CoV,GACACTGGTGTT
bovine-CoV,GACCTACAA
bovine-CoV,GACTTATTA
bovine-CoV,GCTCTTAAT
bovine-CoV,GGTAGTGGTTA
bovine-CoV,GTAATATGG
bovine-CoV,GTGTTGTCA
bovine-CoV,TAACTATAGA
bovine-CoV,TAACTATAG
bovine-CoV,TAATATTGA
bovine-CoV,TAATGGTAATC
bovine-CoV,TATAGGAGA
bovine-CoV,TATTATAAT
bovine-CoV,TATTTAAAT
bovine-CoV,TGGTATAGG
bovine-CoV,TGGTTATTAC
bovine-CoV,TGGTTTGTAT
bovine-CoV,TGTAATATT
bovine-CoV,TGTTAATTAT
bovine-CoV,TTAAAGATGG
bovine-CoV,TTAATGAATG
bovine-CoV,TTACTATTGA
bovine-CoV,TTAGTGCAG
bovine-CoV,TTATTATGT
bovine-CoV,TTCTGCTTT
bovine-CoV,TTGAGGCTT
bovine-CoV,TTGCTGGTG
bovine-CoV,TTGGTGCTAT
bovine-CoV,TTGTTAATG
bovine-CoV,TTGTTTTAA
bovine-CoV,TTTACTATT
bovine-CoV,TTTCTGTTT
bovine-CoV,TTTGTATTT
bovine-CoV,TTTTACAGA
bovine-CoV,TTTTGTTGAGG
bovine-CoV,CCTGCAGGT
bovine-CoV,CTGGTATAG
bovine-CoV,AAAACCAAA
bovine-CoV,AATAATACT
bovine-CoV,AATGCTGAA
bovine-CoV,AATGCTGAT
bovine-CoV,AATGGTTTA
bovine-CoV,ACTATAGGTA
bovine-CoV,ACTGGTGTT
bovine-CoV,ACTGGTGTT
bovine-CoV,ACTTATTAT
bovine-CoV,ACTTGTAATA
bovine-CoV,AGGTTAATG
bovine-CoV,AGTAAATGA
bovine-CoV,AGTGGTTATT
bovine-CoV,AGTTTCTGT
bovine-CoV,ATAACTATAG
bovine-CoV,ATAGGAGATTT
bovine-CoV,ATATGAGTA
bovine-CoV,ATCTTGGTT
bovine-CoV,ATGATGTTG
bovine-CoV,ATGCTCTTG
bovine-CoV,ATGCTGTTG
bovine-CoV,ATGGTTTAAA
bovine-CoV,ATTAATGGG
bovine-CoV,ATTTTATTT
bovine-CoV,ATTTTTGCTAA
bovine-CoV,CAGCAGCAG
bovine-CoV,CATGATGTT
bovine-CoV,CATTCTTGG
bovine-CoV,CCTGCAGGT
bovine-CoV,CTAAAGTTA
bovine-CoV,CTATGGTTT
bovine-CoV,CTGATTTTA
bovine-CoV,CTGTTAATT
bovine-CoV,GACACTGGTGTT
bovine-CoV,GACCTACAA
bovine-CoV,GACTTATTA
bovine-CoV,GCTCTTAAT
bovine-CoV,GGTAGTGGTTA
bovine-CoV,GTAATATGG
bovine-CoV,GTGTTGTCA
bovine-CoV,TAACTATAGA
bovine-CoV,TAACTATAG
bovine-CoV,TAATATTGA
bovine-CoV,TAATGGTAATC
bovine-CoV,TATAGGAGA
bovine-CoV,TATTATAAT
bovine-CoV,TATTTAAAT
bovine-CoV,TGGGTAATC
bovine-CoV,TGGTATAGG
bovine-CoV,TGGTTATTAC
bovine-CoV,TGGTTATTT
bovine-CoV,TGGTTTGTAT
bovine-CoV,TGTAATATT
bovine-CoV,TGTTAATTAT
bovine-CoV,TTAATGAATG
bovine-CoV,TTACTAATGG
bovine-CoV,TTACTATTGA
bovine-CoV,TTAGTGCAG
bovine-CoV,TTATTATGT
bovine-CoV,TTCTGCTTT
bovine-CoV,TTGAGGCTT
bovine-CoV,TTGCTGGTG
bovine-CoV,TTGGTATAG
bovine-CoV,TTGGTGCTAT
bovine-CoV,TTGTTAATG
bovine-CoV,TTGTTTTAA
bovine-CoV,TTTACTAAT
bovine-CoV,TTTACTATT
bovine-CoV,TTTCTGTTT
bovine-CoV,TTTGTATTT
bovine-CoV,TTTTACAGA
bovine-CoV,TTTTGTTGAGG
bovine-CoV,AAAATCAAA
bovine-CoV,AATAATACT
bovine-CoV,AATGCTGAA
bovine-CoV,AATGGTTTA
bovine-CoV,AATTAAAACA
bovine-CoV,ACTATAGGTA
bovine-CoV,ACTGGTGTT
bovine-CoV,ACTGGTGTT
bovine-CoV,ACTTATTAT
bovine-CoV,ACTTGTAATA
bovine-CoV,AGGTTAATG
bovine-CoV,AGTAAATGA
bovine-CoV,AGTGGTTATT
bovine-CoV,ATAACTATAG
bovine-CoV,ATAGGAGATTT
bovine-CoV,ATGATGTTG
bovine-CoV,ATGCTGTTG
bovine-CoV,ATGGTGTTA
bovine-CoV,ATGGTTTAAA
bovine-CoV,ATTTTATTT
bovine-CoV,ATTTTGATA
bovine-CoV,CACTGTTCAG
bovine-CoV,CAGCAGCAG
bovine-CoV,CCTGCAGGT
bovine-CoV,CGATTGTAATA
bovine-CoV,CTAATGGTA
bovine-CoV,CTACCAATT
bovine-CoV,CTATGGTTT
bovine-CoV,CTGATTTTA
bovine-CoV,CTGTTAATT
bovine-CoV,GACACTGGTGTT
bovine-CoV,GACCTACAA
bovine-CoV,GACTTATTA
bovine-CoV,GATTGTAATA
bovine-CoV,GATTGTAATA
bovine-CoV,GCTCTTAAT
bovine-CoV,GGTAGTGGTTA
bovine-CoV,GGTAGTGGTT
bovine-CoV,GGTATTTTTG
bovine-CoV,GGTGGTTGTT
bovine-CoV,GGTGTTGTT
bovine-CoV,GTAATATGG
bovine-CoV,GTAGGTAGTGGTT
bovine-CoV,GTTATAATG
bovine-CoV,GTTTCTGTT
bovine-CoV,TAACTATAGA
bovine-CoV,TAACTATAG
bovine-CoV,TAATATTGA
bovine-CoV,TAATGGTAATC
bovine-CoV,TAATGGTAT
bovine-CoV,TACTATTGA
bovine-CoV,TACTTGCCA
bovine-CoV,TATTAATGGG
bovine-CoV,TATTATAAT
bovine-CoV,TATTTAAAT
bovine-CoV,TATTTTTGCTAA
bovine-CoV,TGCTAAGGT
bovine-CoV,TGCTGCTAA
bovine-CoV,TGGTTATTA
bovine-CoV,TGTAATATT
bovine-CoV,TGTTAATTAT
bovine-CoV,TGTTACTAA
bovine-CoV,TTAATGAATG
bovine-CoV,TTACTAATGGT
bovine-CoV,TTAGTGCAG
bovine-CoV,TTCTGCTTT
bovine-CoV,TTGAGGCTT
bovine-CoV,TTGCTGGTG
bovine-CoV,TTGGTGCTAT
bovine-CoV,TTGTAATAA
bovine-CoV,TTGTAATAGTG
bovine-CoV,TTGTTAATG
bovine-CoV,TTGTTTTAA
bovine-CoV,TTTACTTTTTT
bovine-CoV,TTTGTATTT
bovine-CoV,TTTTACAGA
bovine-CoV,TTTTGTTGAGG
bovine-CoV,TTTTTGTGGT
bovine-CoV,AATGCTGAT
bovine-CoV,ACTGGTGTT
bovine-CoV,ACTGGTGTT
bovine-CoV,ACTTATTAT
bovine-CoV,ACTTGTAATA
bovine-CoV,ATAACTATAG
bovine-CoV,ATAGGAGATTT
bovine-CoV,ATGATGTTG
bovine-CoV,CCTGCAGGT
bovine-CoV,CTAATGGTA
bovine-CoV,CTATGGTTT
bovine-CoV,GACACTGGTGTT
bovine-CoV,GGTATTTTTG
bovine-CoV,GGTGTTGTT
bovine-CoV,GTTTCTGTT
bovine-CoV,TAAAAGTGATT
bovine-CoV,TAAATTGGA
bovine-CoV,TAACTATAGA
bovine-CoV,TAACTATAG
bovine-CoV,TAATATTGA
bovine-CoV,TAGTTGGCA
bovine-CoV,TATTATAAT
bovine-CoV,TATTTTTGCTAA
bovine-CoV,TGCTGCTAA
bovine-CoV,TGGCATAGG
bovine-CoV,TGTAATATT
bovine-CoV,TGTTACTAA
bovine-CoV,TTACTAATGGT
bovine-CoV,TTATTATGTT
bovine-CoV,TTTTACAGA
bovine-CoV,CCTGCAGGT
bovine-CoV,TGGCATAGG
bovine-CoV,AAAACCAAA
bovine-CoV,AAGATGGTGT
bovine-CoV,AATAATACT
bovine-CoV,AATGCTGAA
bovine-CoV,AATGCTGAT
bovine-CoV,AATGGTTTA
bovine-CoV,ACTATAGGTA
bovine-CoV,ACTGGTGTT
bovine-CoV,ACTGGTGTT
bovine-CoV,ACTTATTAT
bovine-CoV,ACTTGTAATA
bovine-CoV,AGGTTAATG
bovine-CoV,AGTAAATGA
bovine-CoV,AGTGGTTATT
bovine-CoV,AGTTTCTGT
bovine-CoV,ATAACTATAG
bovine-CoV,ATATGAGTA
bovine-CoV,ATGATGTTG
bovine-CoV,ATGCTGTTG
bovine-CoV,ATGGTTTAAA
bovine-CoV,ATTAATGGG
bovine-CoV,ATTTTATTT
bovine-CoV,ATTTTTGCTAA
bovine-CoV,CAGCAGCAG
bovine-CoV,CATGATGTT
bovine-CoV,CATTCTTGG
bovine-CoV,CCTGCAGGT
bovine-CoV,CTAAAGTTA
bovine-CoV,CTATGGTTT
bovine-CoV,CTGATTTTA
bovine-CoV,CTGGTATAG
bovine-CoV,CTGTTAATT
bovine-CoV,GACACTGGTGTT
bovine-CoV,GACCTACAA
bovine-CoV,GACTTATTA
bovine-CoV,GCTCTTAAT
bovine-CoV,GGTAGTGGTTA
bovine-CoV,GTAATATGG
bovine-CoV,GTGTTGTCA
bovine-CoV,TAACTATAGA
bovine-CoV,TAACTATAG
bovine-CoV,TAATATTGA
bovine-CoV,TAATGGTAATC
bovine-CoV,TAATTTTAAT
bovine-CoV,TAGGAGATTT
bovine-CoV,TATTATAAT
bovine-CoV,TATTTAAAT
bovine-CoV,TGCTGTTGTA
bovine-CoV,TGGTATAGG
bovine-CoV,TGGTTATTAC
bovine-CoV,TGGTTTGTAT
bovine-CoV,TGTAATATT
bovine-CoV,TGTTAATTAT
bovine-CoV,TTAAAGATGG
bovine-CoV,TTAATGAATG
bovine-CoV,TTACTATTGA
bovine-CoV,TTAGTGCAG
bovine-CoV,TTATTATGT
bovine-CoV,TTCTGCTTT
bovine-CoV,TTGAGGCTT
bovine-CoV,TTGCTGGTG
bovine-CoV,TTGGTGCTAT
bovine-CoV,TTGTTAATG
bovine-CoV,TTGTTTTAA
bovine-CoV,TTTACTATT
bovine-CoV,TTTCTGTTT
bovine-CoV,TTTGTATTT
bovine-CoV,TTTTACAGA
bovine-CoV,TTTTGTTGAGG
bovine-CoV,CATGATGTT
bovine-CoV,TAGTTGGCA
bovine-CoV,TATTATAAT
bovine-CoV,TGGCATAGG
bovine-CoV,AAAATCAAA
bovine-CoV,AATAATACT
bovine-CoV,AATGCTGAA
bovine-CoV,AATGCTGAT
bovine-CoV,AATGGTTTA
bovine-CoV,ACTGGTGTT
bovine-CoV,ACTGGTGTT
bovine-CoV,ACTTATTAT
bovine-CoV,ACTTGTAATA
bovine-CoV,AGATTTGGT
bovine-CoV,AGGTTAATG
bovine-CoV,AGTAAAGTT
bovine-CoV,AGTAAATGA
bovine-CoV,AGTGGTTAC
bovine-CoV,AGTGGTTATT
bovine-CoV,ATAACTATAG
bovine-CoV,ATAGGAGATTT
bovine-CoV,ATGATGTTG
bovine-CoV,ATGCTGTTG
bovine-CoV,CAGCAGCAG
bovine-CoV,CATGATGTT
bovine-CoV,CTAATGGTA
bovine-CoV,CTTTTAATT
bovine-CoV,CTTTTAATT
bovine-CoV,CTTTTAATT
bovine-CoV,GACACTGGTGTT
bovine-CoV,GACCTACAA
bovine-CoV,GACTTATTA
bovine-CoV,GAGTTTATT
bovine-CoV,GCTCTTAAT
bovine-CoV,GGTAGTGGTTA
bovine-CoV,GGTAGTGGTT
bovine-CoV,GGTATTTTTG
bovine-CoV,GGTGTTGTT
bovine-CoV,GGTTACACT
bovine-CoV,GTAATATGG
bovine-CoV,GTAGGTAGTGGTT
bovine-CoV,GTTTCTGTT
bovine-CoV,TAATATTGA
bovine-CoV,TAATGGTAATC
bovine-CoV,TAATGGTATT
bovine-CoV,TAATGGTAT
bovine-CoV,TAATGGTAT
bovine-CoV,TAATTTTAAT
bovine-CoV,TAGTTGGCA
bovine-CoV,TATTAATGG
bovine-CoV,TATTATAAT
bovine-CoV,TATTTAAAT
bovine-CoV,TATTTTTGCTAA
bovine-CoV,TGGCATAGG
bovine-CoV,TGGTTATTAC
bovine-CoV,TGGTTTGTAT
bovine-CoV,TGTAATATT
bovine-CoV,TGTTAATTAT
bovine-CoV,TGTTACTAA
bovine-CoV,TTAATGAATG
bovine-CoV,TTAATTATA
bovine-CoV,TTACTAATGGT
bovine-CoV,TTACTATTGA
bovine-CoV,TTAGTGCAG
bovine-CoV,TTATGTAAA
bovine-CoV,TTATTATGT
bovine-CoV,TTGAGGCTT
bovine-CoV,TTGCTGGTG
bovine-CoV,TTGTTTATG
bovine-CoV,TTGTTTTAA
bovine-CoV,TTTACTATT
bovine-CoV,TTTGACAGCTAT
bovine-CoV,TTTGTATTT
bovine-CoV,TTTGTGTGT
bovine-CoV,TTTTACAGA
bovine-CoV,TTTTGTTGAGG
bovine-CoV,GACACTGGTGTT
bovine-CoV,TTACTAATGGT
bovine-CoV,CCTGCAGGT
bovine-CoV,TGGCATAGGT
bovine-CoV,AAAATCAAA
bovine-CoV,AACCTGTAGGTG
bovine-CoV,AATAATACT
bovine-CoV,AATAGTGGTA
bovine-CoV,AATGCTGAA
bovine-CoV,AATGCTGAT
bovine-CoV,AATGGTTTA
bovine-CoV,ACTATAGGTA
bovine-CoV,ACTGGTGTT
bovine-CoV,ACTTATTAT
bovine-CoV,AGATTTGGT
bovine-CoV,AGGTTAATG
bovine-CoV,AGTAAATGA
bovine-CoV,AGTGGTTATT
bovine-CoV,ATAACTATAG
bovine-CoV,ATAGGAGATTT
bovine-CoV,ATGATGTTG
bovine-CoV,ATGCTGTTG
bovine-CoV,ATGGCTTTT
bovine-CoV,ATGGTTTAAA
bovine-CoV,ATTTTATTT
bovine-CoV,CAGCAGCAG
bovine-CoV,CATGATGTT
bovine-CoV,CGATTGTAATA
bovine-CoV,CTACCAATT
bovine-CoV,CTATGGTTT
bovine-CoV,CTTTTAATT
bovine-CoV,GACCTACAA
bovine-CoV,GACTTATTA
bovine-CoV,GATTTGTCA
bovine-CoV,GCTCTTAAT
bovine-CoV,GGTAGTGGTTA
bovine-CoV,GGTATTTTTG
bovine-CoV,GGTGTTGTT
bovine-CoV,GTAATATGG
bovine-CoV,GTTTCTGTT
bovine-CoV,TAAATCAGA
bovine-CoV,TAACTATAGA
bovine-CoV,TAACTATAG
bovine-CoV,TAATATTGA
bovine-CoV,TAATGGTAT
bovine-CoV,TAGTTGGCA
bovine-CoV,TATTAATGGG
bovine-CoV,TATTAATGG
bovine-CoV,TATTATAAT
bovine-CoV,TATTTAAAT
bovine-CoV,TATTTTTGCTAA
bovine-CoV,TCAGTAAAT
bovine-CoV,TGATTTTAT
bovine-CoV,TGCTGCTAA
bovine-CoV,TGGTTTGTAT
bovine-CoV,TGTAATATT
bovine-CoV,TGTTACTAA
bovine-CoV,TTAACTATA
bovine-CoV,TTAATGAATG
bovine-CoV,TTACTACCCT
bovine-CoV,TTACTATTGA
bovine-CoV,TTACTTGTA
bovine-CoV,TTAGTGCAG
bovine-CoV,TTATTAATGG
bovine-CoV,TTATTATGT
bovine-CoV,TTCTGCTTT
bovine-CoV,TTGAGGCTT
bovine-CoV,TTGATGCTA
bovine-CoV,TTGCTGGTG
bovine-CoV,TTGTAATAA
bovine-CoV,TTGTTAATG
bovine-CoV,TTGTTTTAA
bovine-CoV,TTTACTATT
bovine-CoV,TTTCCAGCA
bovine-CoV,TTTTACAGA
bovine-CoV,TTTTGTTGAGG
bovine-CoV,AAAATCAAA
bovine-CoV,AAGATGGTGT
bovine-CoV,AATGCTGAA
bovine-CoV,AATGCTGAT
bovine-CoV,AATGGTTTA
bovine-CoV,ACAGGTGTT
bovine-CoV,ACTATAGGTA
bovine-CoV,ACTGGTGTT
bovine-CoV,ACTTATTAT
bovine-CoV,ACTTGTAATA
bovine-CoV,AGGTTAATG
bovine-CoV,AGTAAAGTT
bovine-CoV,AGTAAATGA
bovine-CoV,AGTGGTTAC
bovine-CoV,AGTGGTTATT
bovine-CoV,ATAACTATAG
bovine-CoV,ATGATGTTG
bovine-CoV,ATGCTCTTG
bovine-CoV,ATGCTGTTG
bovine-CoV,CAGCAGCAG
bovine-CoV,CATGATGTT
bovine-CoV,CCTGCAGGT
bovine-CoV,CTAATGGTA
bovine-CoV,CTACGGTTT
bovine-CoV,CTGATTTTA
bovine-CoV,CTTTGACTT
bovine-CoV,CTTTTAATT
bovine-CoV,GACCTACAA
bovine-CoV,GACTTATTA
bovine-CoV,GCTCTTAAT
bovine-CoV,GGTAGTGGTTA
bovine-CoV,GGTAGTGGTT
bovine-CoV,GGTGTTGTT
bovine-CoV,GGTTACACT
bovine-CoV,GTAATATGG
bovine-CoV,GTAGGTAGTGGTT
bovine-CoV,GTTTCTGTT
bovine-CoV,TAACTATAG
bovine-CoV,TAACTATAG
bovine-CoV,TAATATTGA
bovine-CoV,TAATGGTAATC
bovine-CoV,TAATGGTATT
bovine-CoV,TAATTTTAAT
bovine-CoV,TAGTTGGCA
bovine-CoV,TATTAATGG
bovine-CoV,TATTATAAT
bovine-CoV,TATTTAAAT
bovine-CoV,TATTTTTGCTAA
bovine-CoV,TGCTATTAA
bovine-CoV,TGCTGCTAA
bovine-CoV,TGGCATAGG
bovine-CoV,TGGTTATTAC
bovine-CoV,TGGTTTAAA
bovine-CoV,TGGTTTGTAT
bovine-CoV,TGTAATATT
bovine-CoV,TGTTACTAA
bovine-CoV,TTAAAGATGG
bovine-CoV,TTAATGAATG
bovine-CoV,TTACTAATGGT
bovine-CoV,TTAGTGCAG
bovine-CoV,TTATTATGT
bovine-CoV,TTCTGCTTT
bovine-CoV,TTGAGGCTT
bovine-CoV,TTGCTGGTG
bovine-CoV,TTGGGTAAT
bovine-CoV,TTGGTGCTAT
bovine-CoV,TTGTTAATG
bovine-CoV,TTGTTTTAA
bovine-CoV,TTTACTAAT
bovine-CoV,TTTACTATT
bovine-CoV,TTTGTATTT
bovine-CoV,TTTTACAGA
bovine-CoV,AAAACCAAA
bovine-CoV,AAGATGGTGT
bovine-CoV,AATAATACT
bovine-CoV,AATGCTGAT
bovine-CoV,AATGGTTTA
bovine-CoV,ACTATAGGTA
bovine-CoV,ACTGGTGTT
bovine-CoV,ACTGGTGTT
bovine-CoV,ACTTATTAT
bovine-CoV,ACTTGTAATA
bovine-CoV,AGGTTAATG
bovine-CoV,AGTAAATGA
bovine-CoV,AGTGGTTATT
bovine-CoV,AGTTTCTGT
bovine-CoV,ATAACTATAG
bovine-CoV,ATATGAGTA
bovine-CoV,ATATTAAAT
bovine-CoV,ATGATGTTG
bovine-CoV,ATGCTGTTG
bovine-CoV,ATGGCTTTT
bovine-CoV,ATGGTTTAAA
bovine-CoV,ATTAATGGG
bovine-CoV,ATTTTATTT
bovine-CoV,ATTTTTGCTAA
bovine-CoV,CAGCAGCAG
bovine-CoV,CATGATGTT
bovine-CoV,CATTCTTGG
bovine-CoV,CCTGCAGGT
bovine-CoV,CTAAAGTTA
bovine-CoV,CTATGGTTT
bovine-CoV,CTGATTTTA
bovine-CoV,CTGGTATAG
bovine-CoV,CTGTTAATT
bovine-CoV,GACACTGGTGTT
bovine-CoV,GACCTACAA
bovine-CoV,GACTTATTA
bovine-CoV,GCTCTTAAT
bovine-CoV,GGTAGTGGTTA
bovine-CoV,GTAATATGG
bovine-CoV,GTGTTGTCA
bovine-CoV,TAACTATAGA
bovine-CoV,TAACTATAG
bovine-CoV,TAATATTGA
bovine-CoV,TAATGGTAATC
bovine-CoV,TAGGAGATTT
bovine-CoV,TATTATAAT
bovine-CoV,TATTTAAAT
bovine-CoV,TGCTGTTGTA
bovine-CoV,TGGTATAGG
bovine-CoV,TGGTTATTAC
bovine-CoV,TGGTTTGTAT
bovine-CoV,TGTAATATT
bovine-CoV,TGTTAATTAT
bovine-CoV,TTAAAGATGG
bovine-CoV,TTAATGAATG
bovine-CoV,TTACTATTGA
bovine-CoV,TTAGTGCAG
bovine-CoV,TTATTATGT
bovine-CoV,TTCTGCTTT
bovine-CoV,TTGAGGCTT
bovine-CoV,TTGCTGGTG
bovine-CoV,TTGGTGCTAT
bovine-CoV,TTGTTAATG
bovine-CoV,TTGTTTTAA
bovine-CoV,TTTAATAAT
bovine-CoV,TTTACTATT
bovine-CoV,TTTCTGTTT
bovine-CoV,TTTGTATTT
bovine-CoV,TTTTACAGA
bovine-CoV,TTTTGTTGAGG
bovine-CoV,AAAATCAAA
bovine-CoV,AAGATGGTGT
bovine-CoV,AATAATACT
bovine-CoV,AATGCTGAA
bovine-CoV,AATGCTGAT
bovine-CoV,AATGGTTTA
bovine-CoV,ACTATAGGTA
bovine-CoV,ACTGGTGTT
bovine-CoV,ACTGGTGTT
bovine-CoV,ACTTATTAT
bovine-CoV,ACTTGTAATA
bovine-CoV,AGGTTAATG
bovine-CoV,AGTAAATGA
bovine-CoV,AGTGGTTATT
bovine-CoV,ATAACTATAG
bovine-CoV,ATAGGAGATTT
bovine-CoV,ATGATGTTG
bovine-CoV,ATGCTCTTG
bovine-CoV,ATGCTGTTG
bovine-CoV,ATGGCTTTT
bovine-CoV,ATGGTTTAAA
bovine-CoV,ATTTTATTT
bovine-CoV,ATTTTGATAGC
bovine-CoV,CAGCAGCAG
bovine-CoV,CATGATGTT
bovine-CoV,CCTGCAGGT
bovine-CoV,CTAATGGTA
bovine-CoV,CTATGGTTT
bovine-CoV,CTGATTTTA
bovine-CoV,CTGGTATAG
bovine-CoV,CTGTTAATT
bovine-CoV,CTTTTAATT
bovine-CoV,GACACTGGTGTT
bovine-CoV,GACCTACAA
bovine-CoV,GACTTATTA
bovine-CoV,GCTCTTAAT
bovine-CoV,GGTAGTGGTTA
bovine-CoV,GGTAGTGGTT
bovine-CoV,GGTATTTTTG
bovine-CoV,GGTGTTGTT
bovine-CoV,GTAGGTAGTGGTT
bovine-CoV,GTTTCTGTT
bovine-CoV,TAACTATAGA
bovine-CoV,TAACTATAG
bovine-CoV,TAATGGTAATC
bovine-CoV,TAATGGTAT
bovine-CoV,TACTAATTTTGA
bovine-CoV,TATTAATGGG
bovine-CoV,TATTATAAT
bovine-CoV,TATTTAAAT
bovine-CoV,TATTTTTGCTAA
bovine-CoV,TGCTGCTAA
bovine-CoV,TGGTATAGG
bovine-CoV,TGGTTTGTAT
bovine-CoV,TGTTAATTAT
bovine-CoV,TGTTACTAA
bovine-CoV,TTAAAGATGG
bovine-CoV,TTAATGAATG
bovine-CoV,TTACTAATGGT
bovine-CoV,TTACTACCCT
bovine-CoV,TTACTATTGA
bovine-CoV,TTAGTGCAG
bovine-CoV,TTATTATGT
bovine-CoV,TTCTGCTTT
bovine-CoV,TTGAGGCTT
bovine-CoV,TTGCTGGTG
bovine-CoV,TTGGTGCTAT
bovine-CoV,TTGTTAATG
bovine-CoV,TTGTTTTAA
bovine-CoV,TTTACTAAT
bovine-CoV,TTTACTATT
bovine-CoV,TTTGTATTTC
bovine-CoV,TTTTACAGA
bovine-CoV,TTTTGTTGAGG
bovine-CoV,AAAATCAAA
bovine-CoV,AAGATGGTGT
bovine-CoV,AATAATACT
bovine-CoV,AATGCTGAA
bovine-CoV,AATGCTGAT
bovine-CoV,AATGGTTTA
bovine-CoV,ACTATAGGTA
bovine-CoV,ACTGGTGTT
bovine-CoV,ACTGGTGTT
bovine-CoV,ACTTATTAT
bovine-CoV,ACTTGTAATA
bovine-CoV,AGATTTGGT
bovine-CoV,AGGTTAATG
bovine-CoV,AGTAAAGTT
bovine-CoV,AGTAAATGA
bovine-CoV,AGTGGTTAC
bovine-CoV,AGTGGTTATT
bovine-CoV,ATAACTATAG
bovine-CoV,ATAGGAGATTT
bovine-CoV,ATGATGTTG
bovine-CoV,ATGCTGTTG
bovine-CoV,CAGCAGCAG
bovine-CoV,CATGATGTT
bovine-CoV,CGATTGCAATA
bovine-CoV,CTAATGGTA
bovine-CoV,CTGTTAATT
bovine-CoV,CTTTTAATT
bovine-CoV,CTTTTAATT
bovine-CoV,CTTTTAATT
bovine-CoV,GACACTGGTGTT
bovine-CoV,GACCTACAA
bovine-CoV,GACTTATTA
bovine-CoV,GCTCTTAAT
bovine-CoV,GGTAGTGGTTA
bovine-CoV,GGTAGTGGTT
bovine-CoV,GGTGTTGTT
bovine-CoV,GGTTACACT
bovine-CoV,GGTTTGTAT
bovine-CoV,GTAATATGG
bovine-CoV,GTAGGTAGTGGTT
bovine-CoV,TAATGGTAATC
bovine-CoV,TAATGGTAT
bovine-CoV,TAGTTGGCA
bovine-CoV,TATTAATGGG
bovine-CoV,TATTATAAT
bovine-CoV,TATTTAAAT
bovine-CoV,TATTTTTGCTAA
bovine-CoV,TGCTGCTAA
bovine-CoV,TGGCATAGG
bovine-CoV,TGGTTATTAC
bovine-CoV,TGGTTTAAA
bovine-CoV,TGTTAATTAT
bovine-CoV,TGTTACTAA
bovine-CoV,TTAAAGATGG
bovine-CoV,TTAATGAATG
bovine-CoV,TTAATTATA
bovine-CoV,TTACTAATGGT
bovine-CoV,TTACTATTGA
bovine-CoV,TTAGTGCAG
bovine-CoV,TTATGTAAA
bovine-CoV,TTATTATGT
bovine-CoV,TTCTGCTTT
bovine-CoV,TTGAGGCTT
bovine-CoV,TTGCTGGTG
bovine-CoV,TTGGGTAAT
bovine-CoV,TTGGTGCTAT
bovine-CoV,TTGTTTATG
bovine-CoV,TTGTTTTAA
bovine-CoV,TTTACTAAT
bovine-CoV,TTTACTATT
bovine-CoV,TTTGTATTT
bovine-CoV,TTTTACAGA
bovine-CoV,TTTTGTTGAGG
bovine-CoV,AAAATCAAA
bovine-CoV,AAGATGGTGT
bovine-CoV,AATGCTGAA
bovine-CoV,AATGCTGAT
bovine-CoV,AATGGTTTA
bovine-CoV,ACTATAGGTA
bovine-CoV,ACTGGTGTT
bovine-CoV,ACTGGTGTT
bovine-CoV,ACTTATTAT
bovine-CoV,ACTTGTAATA
bovine-CoV,AGATTTGGT
bovine-CoV,AGGTTAATG
bovine-CoV,AGTAAATGA
bovine-CoV,AGTGGTTAC
bovine-CoV,AGTGGTTATT
bovine-CoV,ATAACTATAG
bovine-CoV,ATAGGAGATTT
bovine-CoV,ATGATGTTG
bovine-CoV,ATGCTCTTG
bovine-CoV,ATGCTGTTG
bovine-CoV,CAGCAGCAG
bovine-CoV,CATGATGTT
bovine-CoV,CCTGCAGGT
bovine-CoV,CGATTGCAATA
bovine-CoV,CTAATGGTA
bovine-CoV,CTGATTTTA
bovine-CoV,CTGGTATAG
bovine-CoV,CTGTTAATT
bovine-CoV,CTTTTAATT
bovine-CoV,CTTTTAATT
bovine-CoV,CTTTTAATT
bovine-CoV,GACACTGGTGTT
bovine-CoV,GACCTACAA
bovine-CoV,GCTCTTAAT
bovine-CoV,GGTAGTGGTTA
bovine-CoV,GGTAGTGGTT
bovine-CoV,GGTGTTGTT
bovine-CoV,GGTTACACT
bovine-CoV,GGTTTGTAT
bovine-CoV,GTAATATGG
bovine-CoV,GTAGGTAGTGGTT
bovine-CoV,GTTTCTGTT
bovine-CoV,TAATGGTAATC
bovine-CoV,TAATGGTATT
bovine-CoV,TAATGGTAT
bovine-CoV,TAATGGTAT
bovine-CoV,TAGTTGGCA
bovine-CoV,TATAGTGTG
bovine-CoV,TATTAATGG
bovine-CoV,TATTATAAT
bovine-CoV,TATTTAAAT
bovine-CoV,TATTTTTGCTAA
bovine-CoV,TGCTGCTAA
bovine-CoV,TGGTTATTAC
bovine-CoV,TGGTTTAAA
bovine-CoV,TGTTAATTAT
bovine-CoV,TGTTACTAA
bovine-CoV,TGTTTCCTG
bovine-CoV,TTAAAGATGG
bovine-CoV,TTAATGAATG
bovine-CoV,TTAATTATA
bovine-CoV,TTACTAATGGT
bovine-CoV,TTACTATTGA
bovine-CoV,TTAGTGCAG
bovine-CoV,TTATTATGT
bovine-CoV,TTCTGCTTT
bovine-CoV,TTGAGGCTT
bovine-CoV,TTGCTGGTG
bovine-CoV,TTGGGTAAT
bovine-CoV,TTGGTGCTAT
bovine-CoV,TTGTTAATG
bovine-CoV,TTGTTTTAA
bovine-CoV,TTTACTAAT
bovine-CoV,TTTACTATT
bovine-CoV,TTTGTATTT
bovine-CoV,TTTTACAGA
bovine-CoV,TTTTGTTGAGG
bovine-CoV,AAAAATACC
bovine-CoV,AATAATACT
bovine-CoV,AATGCTGAT
bovine-CoV,AATGCTGAT
bovine-CoV,AATGCTGAT
bovine-CoV,AATGGTTAT
bovine-CoV,ACCACCTTTT
bovine-CoV,ACTGGTGTT
bovine-CoV,ACTGGTGTT
bovine-CoV,ACTTGTAATA
bovine-CoV,AGTAAATGA
bovine-CoV,AGTGGTTATT
bovine-CoV,ATAAATGCC
bovine-CoV,ATGATGTTG
bovine-CoV,ATGGTGTTA
bovine-CoV,ATTATTTAACA
bovine-CoV,ATTTAACAA
bovine-CoV,CCTGCAGGT
bovine-CoV,CTAATTATTT
bovine-CoV,CTGATTTTAA
bovine-CoV,CTGTAGATT
bovine-CoV,CTGTTAATT
bovine-CoV,CTTCCTGATT
bovine-CoV,CTTTATGGT
bovine-CoV,CTTTTAATT
bovine-CoV,GACTTATTA
bovine-CoV,GATGCTCTT
bovine-CoV,GCAGGTGTT
bovine-CoV,GCTATTCAG
bovine-CoV,GCTGTTAAT
bovine-CoV,GGTAGTGGTTA
bovine-CoV,GGTAGTGGT
bovine-CoV,GGTAGTGGT
bovine-CoV,GGTAGTGGT
bovine-CoV,GGTAGTGGT
bovine-CoV,GGTGTTGTT
bovine-CoV,GTAATATGG
bovine-CoV,GTGTTGTTA
bovine-CoV,GTTGTTAAT
bovine-CoV,GTTGTTAAT
bovine-CoV,GTTTCTGTT
bovine-CoV,TAAATTACA
bovine-CoV,TAATGCTGA
bovine-CoV,TACTGGTGTT
bovine-CoV,TAGTGGTTAC
bovine-CoV,TAGTGGTTA
bovine-CoV,TATGGCTTT
bovine-CoV,TATTTAAAT
bovine-CoV,TATTTTTGC
bovine-CoV,TCAATGGTT
bovine-CoV,TGATGATTA
bovine-CoV,TGATTGTAATA
bovine-CoV,TGCTCTTAAT
bovine-CoV,TGCTTATGT
bovine-CoV,TGGTAGTGGT
bovine-CoV,TGGTTATTA
bovine-CoV,TGGTTTAAA
bovine-CoV,TGGTTTGTAT
bovine-CoV,TGTTAATAGTGGT
bovine-CoV,TGTTAATGT
bovine-CoV,TGTTAATTAT
bovine-CoV,TGTTACTAA
bovine-CoV,TGTTGTTAATGC
bovine-CoV,TTAATAGTG
bovine-CoV,TTAATAGTG
bovine-CoV,TTAATGTTT
bovine-CoV,TTAATTATA
bovine-CoV,TTACACTTT
bovine-CoV,TTACTATAGG
bovine-CoV,TTACTATGT
bovine-CoV,TTAGTGCAG
bovine-CoV,TTATGGTTT
bovine-CoV,TTCAATGTA
bovine-CoV,TTCCATTTT
bovine-CoV,TTGACACTAC
bovine-CoV,TTGCTGGTG
bovine-CoV,TTGGGTAAT
bovine-CoV,TTGTAATAA
bovine-CoV,TTGTTAATG
bovine-CoV,TTGTTAATG
bovine-CoV,TTTGTATTT
bovine-CoV,TTTTACAGAT
bovine-CoV,TTTTATTCA
bovine-CoV,TTTTGTTGAGG
bovine-CoV,TTTTTGATA
bovine-CoV,AAAATCAAA
bovine-CoV,AAGATGGTGTTA
bovine-CoV,AAGATGGTGT
bovine-CoV,AATAATACT
bovine-CoV,AATGCTGAA
bovine-CoV,AATGGTTTA
bovine-CoV,ACTATAGGTA
bovine-CoV,ACTGGTGTT
bovine-CoV,ACTGGTGTT
bovine-CoV,ACTTATTAT
bovine-CoV,ACTTGTAATA
bovine-CoV,AGATTTGGT
bovine-CoV,AGGTTAATG
bovine-CoV,AGTAAAGTT
bovine-CoV,AGTAAATGA
bovine-CoV,AGTGGTTAC
bovine-CoV,AGTGGTTATT
bovine-CoV,ATAACTATAG
bovine-CoV,ATAGGAGATTT
bovine-CoV,ATGATGTTG
bovine-CoV,ATGCTGTTG
bovine-CoV,CAGCAGCAG
bovine-CoV,CATGATGTT
bovine-CoV,CGATTGCAATA
bovine-CoV,CTAATGGTA
bovine-CoV,CTAATTATTT
bovine-CoV,CTTTGACTT
bovine-CoV,CTTTTAATT
bovine-CoV,CTTTTAATT
bovine-CoV,CTTTTAATT
bovine-CoV,GACACTGGTGTT
bovine-CoV,GACCTACAA
bovine-CoV,GACTTATTA
bovine-CoV,GCTCTTAAT
bovine-CoV,GGTAGTGGTTA
bovine-CoV,GGTAGTGGT
bovine-CoV,GGTGTTGTT
bovine-CoV,GGTTACACT
bovine-CoV,GGTTTGTAT
bovine-CoV,GTAATATGG
bovine-CoV,GTAGGTAGTGGT
bovine-CoV,GTGTTAATT
bovine-CoV,GTTTCTGTT
bovine-CoV,TAAATTGGG
bovine-CoV,TAATGGTAATC
bovine-CoV,TAATGGTATT
bovine-CoV,TAATGGTAT
bovine-CoV,TAATGGTAT
bovine-CoV,TAGTTGGCA
bovine-CoV,TATTAATGG
bovine-CoV,TATTATAAT
bovine-CoV,TATTTAAAT
bovine-CoV,TATTTTTGCTAA
bovine-CoV,TGATTGTTT
bovine-CoV,TGCTGCTAA
bovine-CoV,TGGCATAGG
bovine-CoV,TGGGTAATAAA
bovine-CoV,TGGTTATTA
bovine-CoV,TGGTTTAAA
bovine-CoV,TGTTACTAA
bovine-CoV,TTAAAGATGGTGT
bovine-CoV,TTAATGAATG
bovine-CoV,TTACTAATGGT
bovine-CoV,TTACTATTGA
bovine-CoV,TTAGTGCAG
bovine-CoV,TTATGTAAA
bovine-CoV,TTATTATGT
bovine-CoV,TTGAGGCTT
bovine-CoV,TTGCTGGTG
bovine-CoV,TTGGGTAAT
bovine-CoV,TTGGTGCTAT
bovine-CoV,TTGTTTATG
bovine-CoV,TTGTTTTAA
bovine-CoV,TTTACTAAT
bovine-CoV,TTTACTATT
bovine-CoV,TTTGTATTT
bovine-CoV,TTTTACAGA
bovine-CoV,TTTTGTTGAGG
bovine-CoV,CCTGCAGGT
bovine-CoV,CTGGTATAG
bovine-CoV,AAAATCAAA
bovine-CoV,AAGGTTAAT
bovine-CoV,AATAATACT
bovine-CoV,AATGCTGAA
bovine-CoV,AATGCTGAT
bovine-CoV,AATGGTTTA
bovine-CoV,ACTATAGGTA
bovine-CoV,ACTGGTGTT
bovine-CoV,ACTGGTGTT
bovine-CoV,ACTTGTAATA
bovine-CoV,AGGTTAATG
bovine-CoV,AGTAAATGA
bovine-CoV,ATAACTATAG
bovine-CoV,ATAGGAGATTT
bovine-CoV,ATGATGTTG
bovine-CoV,ATGCTGTTG
bovine-CoV,ATGGTATTA
bovine-CoV,ATGGTGTTA
bovine-CoV,ATGGTTTAAA
bovine-CoV,ATTTTATTT
bovine-CoV,ATTTTGATA
bovine-CoV,ATTTTTGCTAA
bovine-CoV,CACTGTTCAG
bovine-CoV,CAGCAGCAG
bovine-CoV,CCTGCAGGT
bovine-CoV,CGATTGTAATA
bovine-CoV,CTAATGGTA
bovine-CoV,CTATGGTTT
bovine-CoV,CTTTTAATT
bovine-CoV,CTTTTAATT
bovine-CoV,CTTTTAATT
bovine-CoV,GACACTGGTGTT
bovine-CoV,GACTTATTA
bovine-CoV,GATTTTACTA
bovine-CoV,GCTCTTAAT
bovine-CoV,GGTAGTGGTTACT
bovine-CoV,GGTAGTGGTT
bovine-CoV,GGTATTTTTG
bovine-CoV,GTAGGTAGTGGTT
bovine-CoV,GTTATAATG
bovine-CoV,GTTTAATGTA
bovine-CoV,GTTTCTGTT
bovine-CoV,TAATGAATG
bovine-CoV,TAATGGTAATC
bovine-CoV,TAATGGTATT
bovine-CoV,TAATGTATA
bovine-CoV,TACTTTTGT
bovine-CoV,TAGTTGGCA
bovine-CoV,TATTAATGGG
bovine-CoV,TATTATAAT
bovine-CoV,TATTTAAAT
bovine-CoV,TGCTGCTAA
bovine-CoV,TGGTTTGTAT
bovine-CoV,TGTTAATTAT
bovine-CoV,TGTTACTAA
bovine-CoV,TTAATTATA
bovine-CoV,TTACTAATGGT
bovine-CoV,TTACTATTGA
bovine-CoV,TTAGTGCAG
bovine-CoV,TTGCTGGTG
bovine-CoV,TTGGTGCTAT
bovine-CoV,TTGTAATAG
bovine-CoV,TTGTTAATG
bovine-CoV,TTGTTCTACT
bovine-CoV,TTGTTTTAA
bovine-CoV,TTTACTAAT
bovine-CoV,TTTACTATT
bovine-CoV,TTTGTATGA
bovine-CoV,TTTGTATTTC
bovine-CoV,TTTTACAGA
bovine-CoV,TTTTACTAT
bovine-CoV,TTTTGTTGAGG
bovine-CoV,AAAATCAAA
bovine-CoV,AAGATGGTGT
bovine-CoV,AATAATACT
bovine-CoV,AATGCTGAA
bovine-CoV,AATGCTGAT
bovine-CoV,AATGGTTTA
bovine-CoV,ACTATAGGTA
bovine-CoV,ACTGGTGTT
bovine-CoV,ACTGGTGTT
bovine-CoV,ACTTATTAT
bovine-CoV,ACTTGTAATA
bovine-CoV,AGATTTGGT
bovine-CoV,AGGTTAATG
bovine-CoV,AGTAAAGTT
bovine-CoV,AGTAAATGA
bovine-CoV,AGTGGTTAC
bovine-CoV,AGTGGTTATT
bovine-CoV,ATAACTATAG
bovine-CoV,ATAGGAGATTT
bovine-CoV,ATGATGTTG
bovine-CoV,ATGCTGTTG
bovine-CoV,CAGCAGCAG
bovine-CoV,CATGATGTT
bovine-CoV,CGATTGCAATA
bovine-CoV,CTAATGGTA
bovine-CoV,CTGTTAATT
bovine-CoV,CTTTGACTT
bovine-CoV,CTTTTAATT
bovine-CoV,CTTTTAATT
bovine-CoV,CTTTTAATT
bovine-CoV,GACACTGGTGTT
bovine-CoV,GACCTACAA
bovine-CoV,GACTTATTA
bovine-CoV,GCTCTTAAT
bovine-CoV,GGTAGTGGTTA
bovine-CoV,GGTAGTGGT
bovine-CoV,GGTGTTGTT
bovine-CoV,GGTTACACT
bovine-CoV,GGTTTGTAT
bovine-CoV,GTAATATGG
bovine-CoV,GTAGGTAGTGGT
bovine-CoV,GTTTCTGTT
bovine-CoV,TAATGGTAATC
bovine-CoV,TAATGGTATT
bovine-CoV,TAATGGTAT
bovine-CoV,TAATGGTAT
bovine-CoV,TAGTTGGCA
bovine-CoV,TATTAATGG
bovine-CoV,TATTATAAT
bovine-CoV,TATTTAAAT
bovine-CoV,TATTTTTGCTAA
bovine-CoV,TGCTGCTAA
bovine-CoV,TGGCATAGG
bovine-CoV,TGGTTATTAC
bovine-CoV,TGGTTTAAA
bovine-CoV,TGTTAATTAT
bovine-CoV,TGTTACTAA
bovine-CoV,TTAAAGATGG
bovine-CoV,TTAATGAATG
bovine-CoV,TTAATTATA
bovine-CoV,TTACTAATGGT
bovine-CoV,TTACTATTGA
bovine-CoV,TTAGTGCAG
bovine-CoV,TTATGTAAA
bovine-CoV,TTATTATGT
bovine-CoV,TTCTGCTTT
bovine-CoV,TTGAGGCTT
bovine-CoV,TTGCTGGTG
bovine-CoV,TTGGGTAAT
bovine-CoV,TTGGTGCTAT
bovine-CoV,TTGTTTATG
bovine-CoV,TTGTTTTAA
bovine-CoV,TTTACTAAT
bovine-CoV,TTTACTATT
bovine-CoV,TTTATGAGT
bovine-CoV,TTTGTATTT
bovine-CoV,TTTTACAGA
bovine-CoV,TTTTGTTGAGG
bovine-CoV,AAAATCAAA
bovine-CoV,AATGCTGAA
bovine-CoV,AATGCTGAT
bovine-CoV,AATGGTTTA
bovine-CoV,ACTATAGGTA
bovine-CoV,ACTGGTGTT
bovine-CoV,ACTGGTGTT
bovine-CoV,ACTTATTAT
bovine-CoV,ACTTGTAATA
bovine-CoV,AGGTTAATG
bovine-CoV,AGTAAATGA
bovine-CoV,AGTGGTTATT
bovine-CoV,ATAACTATAG
bovine-CoV,ATACTTGGA
bovine-CoV,ATAGGAGATTT
bovine-CoV,ATGATGTTG
bovine-CoV,ATGCTCTTG
bovine-CoV,ATGCTGTTG
bovine-CoV,ATGGCTTTT
bovine-CoV,ATGGTTTAAA
bovine-CoV,ATTAATGGG
bovine-CoV,ATTTTATTT
bovine-CoV,ATTTTGATAG
bovine-CoV,CAGCAGCAG
bovine-CoV,CATGATGTT
bovine-CoV,CCTGCAGGT
bovine-CoV,CTAATGGTA
bovine-CoV,CTATGGTTT
bovine-CoV,CTGATTTTA
bovine-CoV,CTGGTATAG
bovine-CoV,CTGTTAATT
bovine-CoV,CTTTTAATT
bovine-CoV,GACACTGGTGTT
bovine-CoV,GACCTACAA
bovine-CoV,GACTTATTA
bovine-CoV,GCTCTTAAT
bovine-CoV,GGTAGTGGTTA
bovine-CoV,GGTAGTGGTT
bovine-CoV,GGTATTTTTG
bovine-CoV,GGTGTTGTT
bovine-CoV,GTAATATGG
bovine-CoV,GTAGGTAGTGGTT
bovine-CoV,GTTTCTGTT
bovine-CoV,TAACTATAGA
bovine-CoV,TAACTATAG
bovine-CoV,TAATAATATT
bovine-CoV,TAATGGTAATC
bovine-CoV,TACTAATTTTGA
bovine-CoV,TATTATAAT
bovine-CoV,TATTTAAAT
bovine-CoV,TATTTTTGCTAA
bovine-CoV,TGCTGCTAA
bovine-CoV,TGGTATAGG
bovine-CoV,TGGTTTGTAT
bovine-CoV,TGTTAATTAT
bovine-CoV,TGTTACTAA
bovine-CoV,TTAATGAATG
bovine-CoV,TTACTAATGGT
bovine-CoV,TTACTACCCT
bovine-CoV,TTACTATTGA
bovine-CoV,TTAGTGCAG
bovine-CoV,TTATTATGT
bovine-CoV,TTCTGCTTT
bovine-CoV,TTGAGGCTT
bovine-CoV,TTGCTGGTG
bovine-CoV,TTGGTGCTAT
bovine-CoV,TTGTTAATG
bovine-CoV,TTGTTTTAA
bovine-CoV,TTTACTAAT
bovine-CoV,TTTACTATT
bovine-CoV,TTTCTGTTT
bovine-CoV,TTTGTATTTC
bovine-CoV,TTTTACAGA
bovine-CoV,TTTTGTTGAGG
bovine-CoV,AAAATCAAA
bovine-CoV,AAGATGGTGT
bovine-CoV,AATGCTGAA
bovine-CoV,AATGCTGAT
bovine-CoV,AATGGTTTA
bovine-CoV,ACTATAGGTA
bovine-CoV,ACTGGTGTT
bovine-CoV,ACTGGTGTT
bovine-CoV,ACTTATTAT
bovine-CoV,ACTTGTAATA
bovine-CoV,AGATTTGGT
bovine-CoV,AGTAAAGTT
bovine-CoV,AGTAAATGA
bovine-CoV,AGTGGTTATT
bovine-CoV,ATAACTATAG
bovine-CoV,ATAGGAGATTT
bovine-CoV,ATGATGTTG
bovine-CoV,ATGCTCTTG
bovine-CoV,ATGCTGTTG
bovine-CoV,CAGCAGCAG
bovine-CoV,CATGATGTT
bovine-CoV,CCTGCAGGT
bovine-CoV,CGATTGCAATA
bovine-CoV,CTAATGGTA
bovine-CoV,CTGATTTTA
bovine-CoV,CTGGTATAG
bovine-CoV,CTGTTAATT
bovine-CoV,CTTTTAATT
bovine-CoV,GACACTGGTGTT
bovine-CoV,GACCTACAA
bovine-CoV,GACTTATTA
bovine-CoV,GCAGGTGTA
bovine-CoV,GCTCTTAAT
bovine-CoV,GGTACTTAT
bovine-CoV,GGTAGTGGTTA
bovine-CoV,GGTAGTGGTT
bovine-CoV,GGTGTTGTT
bovine-CoV,GTAATATGG
bovine-CoV,GTAGGTAGTGGTT
bovine-CoV,GTTTCTGTT
bovine-CoV,TAACTATAGA
bovine-CoV,TAACTATAG
bovine-CoV,TAATGGTAATC
bovine-CoV,TAATGGTATT
bovine-CoV,TAATGGTAT
bovine-CoV,TAATGGTAT
bovine-CoV,TATTAATGG
bovine-CoV,TATTATAAT
bovine-CoV,TATTTAAAT
bovine-CoV,TATTTTTGCTAA
bovine-CoV,TCTCCATTAA
bovine-CoV,TGCAGGTGT
bovine-CoV,TGCTGCTAA
bovine-CoV,TGGTATAGG
bovine-CoV,TGGTTTAAA
bovine-CoV,TGGTTTGTAT
bovine-CoV,TGTTAATTAT
bovine-CoV,TGTTACTAA
bovine-CoV,TTAAAGATGG
bovine-CoV,TTAATGAATG
bovine-CoV,TTACTAATGGT
bovine-CoV,TTACTACCCT
bovine-CoV,TTACTATTGA
bovine-CoV,TTAGTGCAG
bovine-CoV,TTATGAGTA
bovine-CoV,TTATTATGT
bovine-CoV,TTCTGCTTT
bovine-CoV,TTGAGGCTT
bovine-CoV,TTGGGTAAT
bovine-CoV,TTGGTGCTAT
bovine-CoV,TTGTTAATG
bovine-CoV,TTGTTTGTG
bovine-CoV,TTGTTTTAA
bovine-CoV,TTTACTAAT
bovine-CoV,TTTACTATT
bovine-CoV,TTTGTATTT
bovine-CoV,TTTTACAGA
bovine-CoV,AAAATCAAA
bovine-CoV,AACCTGTAGGTG
bovine-CoV,AATAGTGGTA
bovine-CoV,AATGCTCTT
bovine-CoV,AATGCTGAA
bovine-CoV,AATGCTGAT
bovine-CoV,AATGGTTTA
bovine-CoV,ACTATAGGTA
bovine-CoV,ACTGGTGTT
bovine-CoV,ACTTATTAT
bovine-CoV,ACTTGTTCTA
bovine-CoV,AGATTTGGT
bovine-CoV,AGGTTAATG
bovine-CoV,AGTAAAGTT
bovine-CoV,AGTAAATGA
bovine-CoV,AGTGGTTATT
bovine-CoV,ATAACTATAG
bovine-CoV,ATAGGAGATTT
bovine-CoV,ATGATGTTG
bovine-CoV,ATGCTCTTGA
bovine-CoV,ATGCTGTTG
bovine-CoV,ATGGCTTTT
bovine-CoV,ATGGTTTAAA
bovine-CoV,ATTTTATTT
bovine-CoV,CAGCAGCAG
bovine-CoV,CATGATGTT
bovine-CoV,CTACCAATT
bovine-CoV,CTATGGTTT
bovine-CoV,CTTTTAATT
bovine-CoV,GACCTACAA
bovine-CoV,GACTTATTA
bovine-CoV,GATTTGTCA
bovine-CoV,GCTCTTAAT
bovine-CoV,GGTAATGGT
bovine-CoV,GGTAGTGGTTA
bovine-CoV,GGTATTTTTG
bovine-CoV,GGTGTTGTT
bovine-CoV,GTAATATGG
bovine-CoV,GTTTCTGTT
bovine-CoV,TAAATCAGA
bovine-CoV,TAACTATAGA
bovine-CoV,TAACTATAG
bovine-CoV,TAATGGTAATC
bovine-CoV,TAATGGTAT
bovine-CoV,TAGTTGGCA
bovine-CoV,TATTAATGGG
bovine-CoV,TATTAATGG
bovine-CoV,TATTATAAT
bovine-CoV,TATTTAAAT
bovine-CoV,TATTTTTGCTAA
bovine-CoV,TCAGTAAAT
bovine-CoV,TGATTTTAT
bovine-CoV,TGCTGCTAA
bovine-CoV,TGGTTTGTAT
bovine-CoV,TGTTACTAA
bovine-CoV,TTAACTATA
bovine-CoV,TTAATGAATG
bovine-CoV,TTACTACCCT
bovine-CoV,TTACTATTGA
bovine-CoV,TTACTTGTA
bovine-CoV,TTAGTGCAG
bovine-CoV,TTATTAATGG
bovine-CoV,TTATTATGT
bovine-CoV,TTCTGCTTT
bovine-CoV,TTGCTGGTG
bovine-CoV,TTGTTAATG
bovine-CoV,TTGTTTTAA
bovine-CoV,TTTACTATT
bovine-CoV,TTTCCAGCA
bovine-CoV,TTTTACAGA
bovine-CoV,AAAACCAAA
bovine-CoV,AAAATGGTGT
bovine-CoV,AATGCTGAT
bovine-CoV,AATGGTTTA
bovine-CoV,ACTATAGGTA
bovine-CoV,ACTGGTGTT
bovine-CoV,ACTGGTGTT
bovine-CoV,ACTTATTAT
bovine-CoV,AGATTTGGT
bovine-CoV,AGGTTAATG
bovine-CoV,AGTAAAGTT
bovine-CoV,AGTAAATGA
bovine-CoV,ATAACTATAG
bovine-CoV,ATAGGAGATTT
bovine-CoV,ATGCTCTTG
bovine-CoV,ATGCTGTTG
bovine-CoV,ATGGTTTAAA
bovine-CoV,CAATACCCAA
bovine-CoV,CAGCAGCAG
bovine-CoV,CATCCAGGA
bovine-CoV,CGATTGTAATA
bovine-CoV,CTAATGGTA
bovine-CoV,CTGATTTTA
bovine-CoV,CTGCTTTTG
bovine-CoV,CTGGTATAG
bovine-CoV,CTGTTAATT
bovine-CoV,CTTCAGGTT
bovine-CoV,CTTTGACTT
bovine-CoV,CTTTTAATT
bovine-CoV,GACACTGGTGTT
bovine-CoV,GACCTACAA
bovine-CoV,GACTTATTA
bovine-CoV,GATTTTACTA
bovine-CoV,GCTCTTAAT
bovine-CoV,GGTAGTGGTTA
bovine-CoV,GGTAGTGGTT
bovine-CoV,GTAATATGG
bovine-CoV,GTAGGTAGTGGTT
bovine-CoV,GTTTCTGTT
bovine-CoV,TAATGGTAATC
bovine-CoV,TAATGGTATT
bovine-CoV,TAATGGTAT
bovine-CoV,TAATGGTAT
bovine-CoV,TAATTTTGA
bovine-CoV,TAGGTACTT
bovine-CoV,TAGTTGGCA
bovine-CoV,TATTAATGG
bovine-CoV,TATTATAAT
bovine-CoV,TATTTAAAT
bovine-CoV,TATTTTTGCTAA
bovine-CoV,TGCTGCTAA
bovine-CoV,TGGTTATTAC
bovine-CoV,TGGTTTGTAT
bovine-CoV,TGTAATATT
bovine-CoV,TGTGGTGGT
bovine-CoV,TGTTACTAA
bovine-CoV,TTAATGAATG
bovine-CoV,TTAATTATA
bovine-CoV,TTACTAATGGT
bovine-CoV,TTACTATTGA
bovine-CoV,TTATGTAAA
bovine-CoV,TTATTATGT
bovine-CoV,TTCTGCTTT
bovine-CoV,TTGAGGCTT
bovine-CoV,TTGTTTATG
bovine-CoV,TTGTTTCCT
bovine-CoV,TTGTTTGTG
bovine-CoV,TTGTTTTAA
bovine-CoV,TTTACTAAT
bovine-CoV,TTTACTATT
bovine-CoV,TTTGTATTTT
bovine-CoV,TTTTACAGA
bovine-CoV,TTTTACTAT
bovine-CoV,TTTTGTTGAGG
bovine-CoV,AAAATCAAA
bovine-CoV,AAGATGGTGT
bovine-CoV,AATGCTGAA
bovine-CoV,AATGCTGAT
bovine-CoV,AATGGTTTA
bovine-CoV,ACTATAGGTA
bovine-CoV,ACTGGTGTT
bovine-CoV,ACTGGTGTT
bovine-CoV,ACTTATTAT
bovine-CoV,ACTTGTAATA
bovine-CoV,AGATTTGGT
bovine-CoV,AGGTTAATG
bovine-CoV,AGTAAAGTT
bovine-CoV,AGTAAATGA
bovine-CoV,AGTGGTTAC
bovine-CoV,AGTGGTTATT
bovine-CoV,ATAACTATAG
bovine-CoV,ATAGGAGATTT
bovine-CoV,ATGATGTTG
bovine-CoV,ATGCTGTTG
bovine-CoV,ATTTTGGGT
bovine-CoV,CAGCAGCAG
bovine-CoV,CATGATGTT
bovine-CoV,CGATTGCAATA
bovine-CoV,CTAATGGTA
bovine-CoV,CTGTTAATT
bovine-CoV,CTTTTAATT
bovine-CoV,CTTTTAATT
bovine-CoV,CTTTTAATT
bovine-CoV,GACACTGGTGTT
bovine-CoV,GACCTACAA
bovine-CoV,GACTTATTA
bovine-CoV,GCTCTTAAT
bovine-CoV,GGTAGTGGTTA
bovine-CoV,GGTAGTGGTT
bovine-CoV,GGTGTTGTT
bovine-CoV,GGTTACACT
bovine-CoV,GGTTTGTAT
bovine-CoV,GTAATATGG
bovine-CoV,GTAGGTAGTGGTT
bovine-CoV,GTTTCTGTT
bovine-CoV,TAAATCAGA
bovine-CoV,TAATGGTAATC
bovine-CoV,TAATGGTATT
bovine-CoV,TAATGGTAT
bovine-CoV,TAATGGTAT
bovine-CoV,TAGTTGGCA
bovine-CoV,TATAGTGTG
bovine-CoV,TATTAATGG
bovine-CoV,TATTTTTGCTAA
bovine-CoV,TCAGTAAAT
bovine-CoV,TGCTGCTAA
bovine-CoV,TGGCATAGG
bovine-CoV,TGGTTATTAC
bovine-CoV,TGGTTTAAA
bovine-CoV,TGTTAATTAT
bovine-CoV,TGTTACTAA
bovine-CoV,TGTTTCCTG
bovine-CoV,TTAAAGATGG
bovine-CoV,TTAATGAATG
bovine-CoV,TTAATTATA
bovine-CoV,TTACTAATGGT
bovine-CoV,TTACTATTGA
bovine-CoV,TTAGTGCAG
bovine-CoV,TTATGTAAA
bovine-CoV,TTATTATGT
bovine-CoV,TTCTGCTTT
bovine-CoV,TTGAGGCTT
bovine-CoV,TTGCTGGTG
bovine-CoV,TTGGGTAAT
bovine-CoV,TTGGTGCTAT
bovine-CoV,TTGTTTATG
bovine-CoV,TTGTTTTAA
bovine-CoV,TTTACTAAT
bovine-CoV,TTTACTATT
bovine-CoV,TTTGTATTTT
bovine-CoV,TTTTACAGA
bovine-CoV,TTTTGGGTT
bovine-CoV,TTTTGTTGAGG
bovine-CoV,AAAATCAAA
bovine-CoV,AAGATGGTGT
bovine-CoV,AATGCTGAA
bovine-CoV,AATGCTGAT
bovine-CoV,ACTATAGGTA
bovine-CoV,ACTGGTGTT
bovine-CoV,ACTTATTAT
bovine-CoV,ACTTGTAATA
bovine-CoV,AGATTTGGT
bovine-CoV,AGGTTAATG
bovine-CoV,AGTAAAGTT
bovine-CoV,AGTAAATGA
bovine-CoV,AGTGGTTATT
bovine-CoV,ATAACTATAG
bovine-CoV,ATAGGAGATTT
bovine-CoV,ATGATGTTG
bovine-CoV,ATGCTCTTG
bovine-CoV,ATGCTGTTG
bovine-CoV,CAGCAGCAG
bovine-CoV,CATGATGTT
bovine-CoV,CCTGCAGGT
bovine-CoV,CTAATGGTA
bovine-CoV,CTGATTTTA
bovine-CoV,CTGTTAATT
bovine-CoV,CTTTTAATT
bovine-CoV,GACACTGGTGT
bovine-CoV,GACCTACAA
bovine-CoV,GACTTATTA
bovine-CoV,GGTAATGGT
bovine-CoV,GGTAGTGGTTA
bovine-CoV,GTAATATGG
bovine-CoV,GTTTCTGTT
bovine-CoV,TAACTATAGA
bovine-CoV,TAACTATAG
bovine-CoV,TAATGGTAATC
bovine-CoV,TAATGGTATT
bovine-CoV,TAATGGTAT
bovine-CoV,TAATGGTAT
bovine-CoV,TAGTTGGCA
bovine-CoV,TATTAATGG
bovine-CoV,TATTATAAT
bovine-CoV,TATTTAAAT
bovine-CoV,TATTTTTGCTAA
bovine-CoV,TGCTGCTAA
bovine-CoV,TGGCATAGG
bovine-CoV,TGGTTATTAC
bovine-CoV,TGGTTTAAA
bovine-CoV,TGGTTTGTA
bovine-CoV,TGTTAATTAT
bovine-CoV,TTAAAGATGG
bovine-CoV,TTAATGAATG
bovine-CoV,TTACTATTGA
bovine-CoV,TTAGTGCAG
bovine-CoV,TTATTATGT
bovine-CoV,TTCTGCTTT
bovine-CoV,TTGAGGCTT
bovine-CoV,TTGCTGGTG
bovine-CoV,TTGGGTAAT
bovine-CoV,TTGGTGCTAT
bovine-CoV,TTGTAATAA
bovine-CoV,TTGTTAATG
bovine-CoV,TTGTTTTAA
bovine-CoV,TTTACTAAT
bovine-CoV,TTTACTATT
bovine-CoV,TTTGTATTT
bovine-CoV,TTTTACAGA
bovine-CoV,AAAATCAAA
bovine-CoV,AAGATGGTGT
bovine-CoV,AATAATACT
bovine-CoV,AATGCTGAA
bovine-CoV,AATGCTGAT
bovine-CoV,AATGGTTTA
bovine-CoV,ACTATAGGTA
bovine-CoV,ACTGGTGTT
bovine-CoV,ACTGGTGTT
bovine-CoV,ACTTATTAT
bovine-CoV,ACTTGTAATA
bovine-CoV,AGGTTAATG
bovine-CoV,AGTAAATGA
bovine-CoV,AGTGGTTATT
bovine-CoV,ATAACTATAG
bovine-CoV,ATAGGAGATTT
bovine-CoV,ATATGAGTA
bovine-CoV,ATGATGTTG
bovine-CoV,ATGCTCTTG
bovine-CoV,ATGCTGTTG
bovine-CoV,ATGGCTTTT
bovine-CoV,ATGGTTTAAA
bovine-CoV,ATTAATGGG
bovine-CoV,ATTTTATTT
bovine-CoV,ATTTTGATAG
bovine-CoV,CAATTGCAG
bovine-CoV,CAGCAGCAG
bovine-CoV,CATGATGTT
bovine-CoV,CCTGCAGGT
bovine-CoV,CGATTGTAATA
bovine-CoV,CTAATGGTA
bovine-CoV,CTATGGTTT
bovine-CoV,CTGATTTTA
bovine-CoV,CTGGTATAG
bovine-CoV,CTGTTAATT
bovine-CoV,GACACTGGTGTT
bovine-CoV,GACCTACAA
bovine-CoV,GACTTATTA
bovine-CoV,GCTCTTAAT
bovine-CoV,GGTAGTGGTT
bovine-CoV,GGTATTTTTG
bovine-CoV,GGTGTTGTT
bovine-CoV,GTAATATGG
bovine-CoV,GTAGTGGTTA
bovine-CoV,GTAGTGGTT
bovine-CoV,GTTTCTGTT
bovine-CoV,TAACTATAGA
bovine-CoV,TAACTATAG
bovine-CoV,TAATAGGTT
bovine-CoV,TAATATTGA
bovine-CoV,TAATGGTAATC
bovine-CoV,TACTAATTTTGA
bovine-CoV,TATTATAAT
bovine-CoV,TATTTAAAT
bovine-CoV,TATTTTTGCTAA
bovine-CoV,TGCTGCTAA
bovine-CoV,TGGTATAGG
bovine-CoV,TGGTTTGTAT
bovine-CoV,TGTAATATT
bovine-CoV,TGTTAATTAT
bovine-CoV,TGTTACTAA
bovine-CoV,TTAATGAATG
bovine-CoV,TTACTAATGGT
bovine-CoV,TTACTACCCT
bovine-CoV,TTACTATTGA
bovine-CoV,TTAGTGCAG
bovine-CoV,TTATTATGT
bovine-CoV,TTCTGCTTT
bovine-CoV,TTGAGGCTT
bovine-CoV,TTGCTGGTG
bovine-CoV,TTGGTGCTAT
bovine-CoV,TTGTAATAA
bovine-CoV,TTGTTAATG
bovine-CoV,TTGTTTTAA
bovine-CoV,TTTACTAAT
bovine-CoV,TTTACTATT
bovine-CoV,TTTCCAGCA
bovine-CoV,TTTCTGTTT
bovine-CoV,TTTGTATTTC
bovine-CoV,TTTTACAGA
bovine-CoV,TTTTGTTGAGG
bovine-CoV,AAAATCAAA
bovine-CoV,AACCTGTAGGTG
bovine-CoV,AATAATACT
bovine-CoV,AATAGTGGTA
bovine-CoV,AATGCTGAA
bovine-CoV,AATGCTGAT
bovine-CoV,AATGGTTTA
bovine-CoV,ACTATAGGTA
bovine-CoV,ACTGGTGTT
bovine-CoV,ACTTATTAT
bovine-CoV,ACTTGTTCTA
bovine-CoV,AGATTTGGT
bovine-CoV,AGGTTAATG
bovine-CoV,AGTAAATGA
bovine-CoV,AGTGGTTATT
bovine-CoV,ATAACTATAG
bovine-CoV,ATAGGAGATTT
bovine-CoV,ATGATGTTG
bovine-CoV,ATGCTCTTGA
bovine-CoV,ATGCTGTTG
bovine-CoV,ATGGCTTTT
bovine-CoV,ATGGTTTAAA
bovine-CoV,ATTTTATTT
bovine-CoV,CATGATGTT
bovine-CoV,CGATTGTAATA
bovine-CoV,CTACCAATT
bovine-CoV,CTATGGTTT
bovine-CoV,CTTTTAATT
bovine-CoV,GACCTACAA
bovine-CoV,GACTTATTA
bovine-CoV,GATTTGTCA
bovine-CoV,GCTCTTAAT
bovine-CoV,GGTAATGGT
bovine-CoV,GGTAGTGGTTA
bovine-CoV,GGTATTTTTG
bovine-CoV,GGTGTTGTT
bovine-CoV,GTAATATGG
bovine-CoV,GTTTCTGTT
bovine-CoV,TAAATCAGA
bovine-CoV,TAACTATAGA
bovine-CoV,TAACTATAG
bovine-CoV,TAATGGTAATC
bovine-CoV,TAATGGTAT
bovine-CoV,TAGTTGGCA
bovine-CoV,TATTAATGGG
bovine-CoV,TATTAATGG
bovine-CoV,TATTATAAT
bovine-CoV,TATTTAAAT
bovine-CoV,TATTTTTGCTAA
bovine-CoV,TCAGTAAAT
bovine-CoV,TGATTTTAT
bovine-CoV,TGCTGCTAA
bovine-CoV,TGGTTTGTAT
bovine-CoV,TGTTACTAA
bovine-CoV,TTAACTATA
bovine-CoV,TTAATGAATG
bovine-CoV,TTAATGTTTAT
bovine-CoV,TTACTACCCT
bovine-CoV,TTACTATTGA
bovine-CoV,TTACTTGTA
bovine-CoV,TTAGTGCAG
bovine-CoV,TTATTAATGG
bovine-CoV,TTATTATGT
bovine-CoV,TTCTGCTTT
bovine-CoV,TTGATGCTA
bovine-CoV,TTGCTGGTG
bovine-CoV,TTGTAATAA
bovine-CoV,TTGTTAATG
bovine-CoV,TTGTTTTAA
bovine-CoV,TTTACTATT
bovine-CoV,TTTCCAGCA
bovine-CoV,TTTTACAGA
bovine-CoV,AAAATCAAA
bovine-CoV,AATAATACT
bovine-CoV,AATGCTGAA
bovine-CoV,AATGCTGAT
bovine-CoV,AATGGTTTA
bovine-CoV,ACTATAGGTA
bovine-CoV,ACTGGTGTT
bovine-CoV,ACTGGTGTT
bovine-CoV,ACTTATTAT
bovine-CoV,ACTTGTAATA
bovine-CoV,ACTTTAGCT
bovine-CoV,AGGTCTTGC
bovine-CoV,AGGTTAATG
bovine-CoV,AGTAAATGA
bovine-CoV,AGTCAAAAT
bovine-CoV,AGTGGTTATT
bovine-CoV,ATAACTATAG
bovine-CoV,ATAGGAGATTT
bovine-CoV,ATGATGTTG
bovine-CoV,ATGCTGTTG
bovine-CoV,ATGGTGTTA
bovine-CoV,ATGGTTTAAA
bovine-CoV,ATTTTATTT
bovine-CoV,ATTTTGATA
bovine-CoV,CAGCAGCAG
bovine-CoV,CCTAATCTT
bovine-CoV,CCTGCAGGT
bovine-CoV,CGATTGTAATA
bovine-CoV,CTAATGGTA
bovine-CoV,CTATGGTTT
bovine-CoV,CTTTGACTT
bovine-CoV,CTTTTAATT
bovine-CoV,CTTTTAATT
bovine-CoV,CTTTTAATT
bovine-CoV,GACACTGGTGTT
bovine-CoV,GACTTATTA
bovine-CoV,GATTTTACTA
bovine-CoV,GCTCTTAAT
bovine-CoV,GGTAGTGGTTA
bovine-CoV,GGTAGTGGTT
bovine-CoV,GGTATTTTTG
bovine-CoV,GGTGTTGTT
bovine-CoV,GTAGGTAGTGGTT
bovine-CoV,GTAGTGGTT
bovine-CoV,GTAGTGGTT
bovine-CoV,GTAGTGGTT
bovine-CoV,GTTATAATG
bovine-CoV,TAATGGTAATC
bovine-CoV,TAATGGTATT
bovine-CoV,TACTATTGA
bovine-CoV,TACTTTTGT
bovine-CoV,TATTAATGGG
bovine-CoV,TATTATAAT
bovine-CoV,TATTTTTGCTAA
bovine-CoV,TGCTGCTAA
bovine-CoV,TGGCATTGG
bovine-CoV,TGGTAATCA
bovine-CoV,TGGTTATTA
bovine-CoV,TGGTTTGTAT
bovine-CoV,TGTTAATTAT
bovine-CoV,TGTTACTAA
bovine-CoV,TGTTTGTGT
bovine-CoV,TTAATGAATG
bovine-CoV,TTAATTATA
bovine-CoV,TTACTAATGGT
bovine-CoV,TTAGTGCAG
bovine-CoV,TTGCTGGTG
bovine-CoV,TTGGTGCTAT
bovine-CoV,TTGTAATAG
bovine-CoV,TTGTTAATG
bovine-CoV,TTGTTCTACT
bovine-CoV,TTGTTTCCT
bovine-CoV,TTGTTTTAA
bovine-CoV,TTTACTAAT
bovine-CoV,TTTATTTAAAT
bovine-CoV,TTTGTATTT
bovine-CoV,TTTTACAGA
bovine-CoV,TTTTACTAT
bovine-CoV,AATAGTGGTA
bovine-CoV,AGTAAATGA
bovine-CoV,CATGATGTT
bovine-CoV,CATGTAAAT
bovine-CoV,CCTGCAGGT
bovine-CoV,GTAGGTAGTGGTT
bovine-CoV,TAACTATAGA
bovine-CoV,TAATTATTT
bovine-CoV,TATTATAAT
bovine-CoV,TGGTATAGG
bovine-CoV,AAAATCAAA
bovine-CoV,AAGATGGTGTTA
bovine-CoV,AAGATGGTGT
bovine-CoV,AATGCTGAA
bovine-CoV,AATGCTGAT
bovine-CoV,AATGGTTTA
bovine-CoV,ACTATAGGTA
bovine-CoV,ACTGGTGTT
bovine-CoV,ACTGGTGTT
bovine-CoV,ACTTATTAT
bovine-CoV,ACTTGTAATA
bovine-CoV,AGATTTGGT
bovine-CoV,AGGTTAATG
bovine-CoV,AGTAAAGTT
bovine-CoV,AGTAAATGA
bovine-CoV,AGTGGTTAC
bovine-CoV,AGTGGTTATT
bovine-CoV,ATAACTATAG
bovine-CoV,ATGATGTTG
bovine-CoV,ATGCTGTTG
bovine-CoV,CAGCAGCAG
bovine-CoV,CTGTTAATT
bovine-CoV,CTTTGACTT
bovine-CoV,CTTTTAATT
bovine-CoV,CTTTTAATT
bovine-CoV,CTTTTAATT
bovine-CoV,GACACTGGTGTT
bovine-CoV,GACCTACAA
bovine-CoV,GACTTATTA
bovine-CoV,GCTCTTAAT
bovine-CoV,GGTAGTGGTTA
bovine-CoV,GGTAGTGGTT
bovine-CoV,GGTGTTGTT
bovine-CoV,GGTTACACT
bovine-CoV,GGTTTGTAT
bovine-CoV,GTAATATGG
bovine-CoV,GTAGGTAGTGGTT
bovine-CoV,GTGTTAATT
bovine-CoV,GTTTCTGTT
bovine-CoV,TAAAGCTAC
bovine-CoV,TAATATTGA
bovine-CoV,TAATGGTAATC
bovine-CoV,TAATGGTAT
bovine-CoV,TAATGGTAT
bovine-CoV,TAATTTTAAT
bovine-CoV,TAGTTGGCA
bovine-CoV,TATTAATGGTATT
bovine-CoV,TATTAATGG
bovine-CoV,TATTATAAT
bovine-CoV,TATTTAAAT
bovine-CoV,TATTTTTGCTAA
bovine-CoV,TCATGATGTT
bovine-CoV,TGATTGTTT
bovine-CoV,TGGCATAGG
bovine-CoV,TGGTTTAAA
bovine-CoV,TGTAATATT
bovine-CoV,TGTTAATTAT
bovine-CoV,TGTTACTAA
bovine-CoV,TTAAAGATGGTGT
bovine-CoV,TTAATGAATG
bovine-CoV,TTAATTATA
bovine-CoV,TTACTACCCT
bovine-CoV,TTACTATTGA
bovine-CoV,TTAGTGCAG
bovine-CoV,TTATGTAAA
bovine-CoV,TTATTAATGG
bovine-CoV,TTATTATGT
bovine-CoV,TTGAGGCTT
bovine-CoV,TTGCTGGTG
bovine-CoV,TTGGGTAAT
bovine-CoV,TTGGTGCTAT
bovine-CoV,TTGTTTATG
bovine-CoV,TTGTTTTAA
bovine-CoV,TTTACTATT
bovine-CoV,TTTGTATTT
bovine-CoV,TTTTGTTGAGG
bovine-CoV,AAAATCAAA
bovine-CoV,AATAATACT
bovine-CoV,AATGCTGAA
bovine-CoV,AATGCTGAT
bovine-CoV,AATGGTTTA
bovine-CoV,ACTATAGGTA
bovine-CoV,ACTGGTGTT
bovine-CoV,ACTGGTGTT
bovine-CoV,ACTTATTAT
bovine-CoV,ACTTGTAATA
bovine-CoV,ACTTTAGCT
bovine-CoV,AGGTTAATG
bovine-CoV,AGTAAATGA
bovine-CoV,AGTCAAAAT
bovine-CoV,AGTGGTTATT
bovine-CoV,ATAACTATAG
bovine-CoV,ATAGGAGATTT
bovine-CoV,ATGATGTTG
bovine-CoV,ATGCTGTTG
bovine-CoV,ATGGTATTA
bovine-CoV,ATGGTGTTA
bovine-CoV,ATGGTTTAAA
bovine-CoV,ATTTTATTT
bovine-CoV,ATTTTGATA
bovine-CoV,CACTGTTCAG
bovine-CoV,CAGCAGCAG
bovine-CoV,CCTGCAGGT
bovine-CoV,CGATTGTAATA
bovine-CoV,CTAATGGTA
bovine-CoV,CTACTAATT
bovine-CoV,CTATGGTTT
bovine-CoV,CTTTGACTT
bovine-CoV,CTTTTAATT
bovine-CoV,CTTTTAATT
bovine-CoV,CTTTTAATT
bovine-CoV,GACACTGGTGTT
bovine-CoV,GACTTATTA
bovine-CoV,GATTTTACTA
bovine-CoV,GCTCTTAAT
bovine-CoV,GGTAGTGGTTA
bovine-CoV,GGTAGTGGTT
bovine-CoV,GGTATTTTTG
bovine-CoV,GGTGTTGTT
bovine-CoV,GTAGGTAGTGGTT
bovine-CoV,GTTATAATG
bovine-CoV,TAATGGTAATC
bovine-CoV,TAATGGTATT
bovine-CoV,TAATGTATA
bovine-CoV,TACTAATTAT
bovine-CoV,TACTATTGA
bovine-CoV,TACTTTTGT
bovine-CoV,TAGTTGGCA
bovine-CoV,TATTAATGGG
bovine-CoV,TATTATAAT
bovine-CoV,TATTTAAAT
bovine-CoV,TATTTTTGCTAA
bovine-CoV,TGCTGCTAA
bovine-CoV,TGGCATTGG
bovine-CoV,TGGTTATTA
bovine-CoV,TGGTTTGTAT
bovine-CoV,TGTTAATTAT
bovine-CoV,TGTTACTAA
bovine-CoV,TGTTTGTGT
bovine-CoV,TTAATGAATG
bovine-CoV,TTAATTATA
bovine-CoV,TTACTAATGGT
bovine-CoV,TTAGTGCAG
bovine-CoV,TTGCTGGTG
bovine-CoV,TTGGTGCTAT
bovine-CoV,TTGTAATAG
bovine-CoV,TTGTTAATG
bovine-CoV,TTGTTCTACT
bovine-CoV,TTGTTTCCT
bovine-CoV,TTGTTTTAA
bovine-CoV,TTTACTAAT
bovine-CoV,TTTGTATTTT
bovine-CoV,TTTTACAGA
bovine-CoV,TTTTACTAT
bovine-CoV,AAGATGGTGT
bovine-CoV,AATGCTGAA
bovine-CoV,AATGCTGAT
bovine-CoV,AATGGTTTA
bovine-CoV,ACTATAGGTA
bovine-CoV,ACTGGTGTT
bovine-CoV,ACTGGTGTT
bovine-CoV,ACTTATTAT
bovine-CoV,ACTTGTAATA
bovine-CoV,AGATTTGGT
bovine-CoV,AGGTTAATG
bovine-CoV,AGTAAAGTT
bovine-CoV,AGTAAATGA
bovine-CoV,AGTGGTTAC
bovine-CoV,AGTGGTTATT
bovine-CoV,ATAACTATAG
bovine-CoV,ATAGGAGATTT
bovine-CoV,ATGATGTTG
bovine-CoV,ATGCTCTTG
bovine-CoV,ATGCTGTTG
bovine-CoV,CAGCAGCAG
bovine-CoV,CATGATGTT
bovine-CoV,CCTGCAGGT
bovine-CoV,CGATTGCAATA
bovine-CoV,CTAATGGTA
bovine-CoV,CTGATTTTA
bovine-CoV,CTGTTAATT
bovine-CoV,CTTTTAATT
bovine-CoV,CTTTTAATT
bovine-CoV,CTTTTAATT
bovine-CoV,GACACTGGTGTT
bovine-CoV,GACCTACAA
bovine-CoV,GACTTATTA
bovine-CoV,GCTCTTAAT
bovine-CoV,GGTAGTGGTTA
bovine-CoV,GGTAGTGGTT
bovine-CoV,GGTGTTGTT
bovine-CoV,GGTTACACT
bovine-CoV,GTAGGTAGTGGTT
bovine-CoV,GTTTCTGTT
bovine-CoV,GTTTTACTA
bovine-CoV,TAATGGTAATC
bovine-CoV,TAATGGTATT
bovine-CoV,TAATGGTAT
bovine-CoV,TAATGGTAT
bovine-CoV,TAGTTGGCA
bovine-CoV,TATTAATGG
bovine-CoV,TATTATAAT
bovine-CoV,TATTTAAAT
bovine-CoV,TATTTTTGCTAA
bovine-CoV,TGCTGCTAA
bovine-CoV,TGGCATAGG
bovine-CoV,TGGTTATTAC
bovine-CoV,TGGTTTAAA
bovine-CoV,TGGTTTGTAT
bovine-CoV,TGTTAATTAT
bovine-CoV,TGTTACTAA
bovine-CoV,TTAAAGATGG
bovine-CoV,TTAATGAATG
bovine-CoV,TTAATTATA
bovine-CoV,TTACTAATGGT
bovine-CoV,TTACTATTGA
bovine-CoV,TTAGTGCAG
bovine-CoV,TTATTATGT
bovine-CoV,TTCTGCTTT
bovine-CoV,TTGAGGCTT
bovine-CoV,TTGATACTAC
bovine-CoV,TTGCTGGTG
bovine-CoV,TTGGGTAAT
bovine-CoV,TTGGTGCTAT
bovine-CoV,TTGTTAATG
bovine-CoV,TTGTTTTAA
bovine-CoV,TTTAATTTC
bovine-CoV,TTTACTATT
bovine-CoV,TTTGTATTT
bovine-CoV,TTTTACAGA
bovine-CoV,TTTTACTAAT
bovine-CoV,AAAATCAAA
bovine-CoV,AAGATGGTGT
bovine-CoV,AATGCTGAA
bovine-CoV,AATGCTGAT
bovine-CoV,AATGGTTTA
bovine-CoV,ACTATAGGTA
bovine-CoV,ACTGGTGTT
bovine-CoV,ACTGGTGTT
bovine-CoV,ACTTATTAT
bovine-CoV,ACTTGTAATA
bovine-CoV,AGGTTAATG
bovine-CoV,AGTAAATGA
bovine-CoV,AGTGGTTAC
bovine-CoV,AGTGGTTATT
bovine-CoV,ATAACTATAG
bovine-CoV,ATGATGTTG
bovine-CoV,ATGCTCTTG
bovine-CoV,ATGCTGTTG
bovine-CoV,ATTTTGGGT
bovine-CoV,CAGCAGCAG
bovine-CoV,CATGATGTT
bovine-CoV,CATGTAAAT
bovine-CoV,CCTGCAGGT
bovine-CoV,CGATTGCAATA
bovine-CoV,CTAATGGTA
bovine-CoV,CTGATTTTA
bovine-CoV,CTGTTAATT
bovine-CoV,CTTTTAATT
bovine-CoV,GACACTGGTGTT
bovine-CoV,GACCTACAA
bovine-CoV,GCTCTTAAT
bovine-CoV,GGTAATGGT
bovine-CoV,GGTAGTGGTTA
bovine-CoV,GGTGTTGTT
bovine-CoV,GGTTACACT
bovine-CoV,GGTTTGTAT
bovine-CoV,GTAATATGG
bovine-CoV,GTTTCTGTT
bovine-CoV,TAAATTGGG
bovine-CoV,TAACTATAGA
bovine-CoV,TAACTATAG
bovine-CoV,TAATGGTAATC
bovine-CoV,TAATGGTATT
bovine-CoV,TAATGGTAT
bovine-CoV,TAATGGTAT
bovine-CoV,TAGTTGGCA
bovine-CoV,TATAGTGTG
bovine-CoV,TATTAATGG
bovine-CoV,TATTATAAT
bovine-CoV,TATTTAAAT
bovine-CoV,TATTTTTGCTAA
bovine-CoV,TGGCATAGG
bovine-CoV,TGGTTATTAC
bovine-CoV,TGGTTTAAA
bovine-CoV,TGTTAATTAT
bovine-CoV,TGTTACTAA
bovine-CoV,TGTTTCCTG
bovine-CoV,TTAAAGATGG
bovine-CoV,TTAATGAATG
bovine-CoV,TTACTAATGGT
bovine-CoV,TTACTATTGA
bovine-CoV,TTAGTGCAG
bovine-CoV,TTATTATGT
bovine-CoV,TTCTGCTTT
bovine-CoV,TTGAGGCTT
bovine-CoV,TTGCTGGTG
bovine-CoV,TTGGGTAAT
bovine-CoV,TTGGTGCTAT
bovine-CoV,TTGTTAATG
bovine-CoV,TTGTTTTAA
bovine-CoV,TTTACTAAT
bovine-CoV,TTTACTATT
bovine-CoV,TTTGGGTTA
bovine-CoV,TTTGTATTT
bovine-CoV,TTTTACAGA
bovine-CoV,TTTTGGGTT
bovine-CoV,TTTTGTTGAGG
bovine-CoV,CCTGCAGGT
bovine-CoV,AAAATCAAA
bovine-CoV,AATAATACT
bovine-CoV,AATGCTGAA
bovine-CoV,AATGCTGAT
bovine-CoV,AATGGTTTA
bovine-CoV,ACTATAGGTA
bovine-CoV,ACTGGTGTT
bovine-CoV,ACTGGTGTT
bovine-CoV,ACTTATTAT
bovine-CoV,ACTTGTAATA
bovine-CoV,AGATTTGGT
bovine-CoV,AGGTTAATG
bovine-CoV,AGTAAAGTT
bovine-CoV,AGTAAATGA
bovine-CoV,AGTGGTTATT
bovine-CoV,ATAACTATAG
bovine-CoV,ATAGGAGATTT
bovine-CoV,ATGATGTTG
bovine-CoV,ATGCTCTTG
bovine-CoV,ATGCTGTTG
bovine-CoV,ATGGTTTAAA
bovine-CoV,ATTTTATTT
bovine-CoV,CAATCTGTT
bovine-CoV,CAGCAGCAG
bovine-CoV,CATGATGTT
bovine-CoV,CCTGCAGGT
bovine-CoV,CTAATGGTA
bovine-CoV,CTATGGTTT
bovine-CoV,CTGATTTTA
bovine-CoV,CTGGTATAG
bovine-CoV,CTGTTAATT
bovine-CoV,CTTTTAATT
bovine-CoV,GACACTGGTGTT
bovine-CoV,GACCTACAA
bovine-CoV,GACTTATTA
bovine-CoV,GCTCTTAAT
bovine-CoV,GGTAGTGGTTA
bovine-CoV,GGTAGTGGTT
bovine-CoV,GGTATTTTTG
bovine-CoV,GGTGTTGTT
bovine-CoV,GTAATATGG
bovine-CoV,GTAGGTAGTGGTT
bovine-CoV,GTGGTTGTT
bovine-CoV,GTTTCTGTT
bovine-CoV,TAACTATAGA
bovine-CoV,TAACTATAG
bovine-CoV,TAATGGTAATC
bovine-CoV,TAATGGTAT
bovine-CoV,TACTAATTT
bovine-CoV,TATTAATGGG
bovine-CoV,TATTATAAT
bovine-CoV,TATTTAAAT
bovine-CoV,TATTTTTGCTAA
bovine-CoV,TCATATTAT
bovine-CoV,TGCTGCTAA
bovine-CoV,TGGTATAGG
bovine-CoV,TGGTTTGTAT
bovine-CoV,TGTTAATTAT
bovine-CoV,TGTTACTAA
bovine-CoV,TTAAAGATGG
bovine-CoV,TTAATGAATG
bovine-CoV,TTACTAATGGT
bovine-CoV,TTACTACCCT
bovine-CoV,TTACTATTGA
bovine-CoV,TTAGTGCAG
bovine-CoV,TTATTATGT
bovine-CoV,TTCTGCTTT
bovine-CoV,TTGAGGCTT
bovine-CoV,TTGCTGGTG
bovine-CoV,TTGGTGCTAT
bovine-CoV,TTGTAATAA
bovine-CoV,TTGTTAATG
bovine-CoV,TTGTTTTAA
bovine-CoV,TTTACTAAT
bovine-CoV,TTTACTATT
bovine-CoV,TTTGTATTTT
bovine-CoV,TTTTACAGA
bovine-CoV,TTTTGTTGAGG
bovine-CoV,AAAATCAAA
bovine-CoV,AAGATGGTGT
bovine-CoV,AATGCTGAA
bovine-CoV,AATGCTGAT
bovine-CoV,AATGGTTTA
bovine-CoV,ACTATAGGTA
bovine-CoV,ACTGGTGTT
bovine-CoV,ACTGGTGTT
bovine-CoV,ACTTATTAT
bovine-CoV,ACTTGTAATA
bovine-CoV,AGATTTGGT
bovine-CoV,AGGTTAATG
bovine-CoV,AGTAAAGTT
bovine-CoV,AGTAAATGA
bovine-CoV,AGTGGTTAC
bovine-CoV,AGTGGTTATT
bovine-CoV,ATAACTATAG
bovine-CoV,ATAGGAGATTT
bovine-CoV,ATGATGTTG
bovine-CoV,ATGCTGTTG
bovine-CoV,ATTTTGGGT
bovine-CoV,CAGCAGCAG
bovine-CoV,CATGATGTT
bovine-CoV,CGATTGCAATA
bovine-CoV,CTAATGGTA
bovine-CoV,CTGGTATAG
bovine-CoV,CTGTTAATT
bovine-CoV,CTTTTAATT
bovine-CoV,CTTTTAATT
bovine-CoV,CTTTTAATT
bovine-CoV,GACACTGGTGTT
bovine-CoV,GACCTACAA
bovine-CoV,GACTTATTA
bovine-CoV,GCTCTTAAT
bovine-CoV,GGTAGTGGTTA
bovine-CoV,GGTAGTGGTT
bovine-CoV,GGTGTTGTT
bovine-CoV,GGTTACACT
bovine-CoV,GGTTTGTAT
bovine-CoV,GTAATATGG
bovine-CoV,GTAGGTAGTGGTT
bovine-CoV,GTTTCTGTT
bovine-CoV,TAATGGTAATC
bovine-CoV,TAATGGTATT
bovine-CoV,TAATGGTAT
bovine-CoV,TAATGGTAT
bovine-CoV,TAGTTGGCA
bovine-CoV,TATAGTGTG
bovine-CoV,TATTAATGG
bovine-CoV,TATTATAAT
bovine-CoV,TATTTAAAT
bovine-CoV,TATTTTTGCTAA
bovine-CoV,TCTATTAGC
bovine-CoV,TGCTGCTAA
bovine-CoV,TGGTTATTAC
bovine-CoV,TGGTTTAAA
bovine-CoV,TGTTAATTAT
bovine-CoV,TGTTACTAA
bovine-CoV,TGTTTCCTG
bovine-CoV,TTAAAGATGG
bovine-CoV,TTAATGAATG
bovine-CoV,TTAATTATA
bovine-CoV,TTACTAATGGT
bovine-CoV,TTACTATTGA
bovine-CoV,TTAGTGCAG
bovine-CoV,TTATGTAAA
bovine-CoV,TTCTGCTTT
bovine-CoV,TTGAGGCTT
bovine-CoV,TTGCTGGTG
bovine-CoV,TTGGGTAAT
bovine-CoV,TTGGTGCTAT
bovine-CoV,TTGTTTATG
bovine-CoV,TTGTTTTAA
bovine-CoV,TTTACTAAT
bovine-CoV,TTTACTATT
bovine-CoV,TTTGTATTTT
bovine-CoV,TTTTACAGA
bovine-CoV,TTTTGGGTT
bovine-CoV,TTTTGTTGAGG
bovine-CoV,AAAATCAAA
bovine-CoV,AACCTGTAGGTG
bovine-CoV,AATAATACT
bovine-CoV,AATAGTGGTA
bovine-CoV,AATGCTGAA
bovine-CoV,AATGCTGAT
bovine-CoV,AATGGTTTA
bovine-CoV,ACTATAGGTA
bovine-CoV,ACTGGTGTT
bovine-CoV,ACTTGTAATA
bovine-CoV,AGATTTGGT
bovine-CoV,AGGTTAATG
bovine-CoV,AGTAAATGA
bovine-CoV,AGTGGTTATT
bovine-CoV,ATAACTATAG
bovine-CoV,ATAGGAGATTT
bovine-CoV,ATGATGTTG
bovine-CoV,ATGCTCTTGA
bovine-CoV,ATGCTGTTG
bovine-CoV,ATGGCTTTT
bovine-CoV,ATGGTTTAAA
bovine-CoV,ATTTTATTT
bovine-CoV,CAGCAGCAG
bovine-CoV,CATGATGTT
bovine-CoV,CGATTGTAATA
bovine-CoV,CTACCAATT
bovine-CoV,CTATGGTTT
bovine-CoV,CTTTTAATT
bovine-CoV,GACCTACAA
bovine-CoV,GATTTGTCA
bovine-CoV,GCTCTTAAT
bovine-CoV,GGTAATGGT
bovine-CoV,GGTAGTGGTTA
bovine-CoV,GGTATTTTTG
bovine-CoV,GGTGTTGTT
bovine-CoV,GTAATATGG
bovine-CoV,GTTTCTGTT
bovine-CoV,TAAATCAGA
bovine-CoV,TAACTATAGA
bovine-CoV,TAACTATAG
bovine-CoV,TAATGGTAATC
bovine-CoV,TAATGGTAT
bovine-CoV,TAGTTGGCA
bovine-CoV,TATTAATGGG
bovine-CoV,TATTAATGG
bovine-CoV,TATTATAAT
bovine-CoV,TATTTAAAT
bovine-CoV,TATTTTTGCTAA
bovine-CoV,TCAGTAAAT
bovine-CoV,TGATTTTAT
bovine-CoV,TGCTGCTAA
bovine-CoV,TGCTGCTAA
bovine-CoV,TGCTGCTAA
bovine-CoV,TGGTTTGTAT
bovine-CoV,TGTTACTAA
bovine-CoV,TTAATGAATG
bovine-CoV,TTACTACCCT
bovine-CoV,TTACTATTGA
bovine-CoV,TTACTTGTA
bovine-CoV,TTAGTGCAG
bovine-CoV,TTATTAATGG
bovine-CoV,TTATTATGT
bovine-CoV,TTCTGCTTT
bovine-CoV,TTGATGCTA
bovine-CoV,TTGCTGGTG
bovine-CoV,TTGTAATAA
bovine-CoV,TTGTTAATG
bovine-CoV,TTGTTTTAA
bovine-CoV,TTTACTATT
bovine-CoV,TTTCCAGCA
bovine-CoV,TTTTACAGA
bovine-CoV,ACTGGTGTT
bovine-CoV,ACTGGTGTT
bovine-CoV,GACACTGGTGTT
bovine-CoV,GGTGTTGTT
bovine-CoV,TAATGTATA
bovine-CoV,TGTTACTAA
bovine-CoV,TTACTAATGGT
bovine-CoV,AAAATCAAA
bovine-CoV,AATAGTGGTA
bovine-CoV,AATGCAACT
bovine-CoV,AATGCTGAA
bovine-CoV,AATGCTGAT
bovine-CoV,AATGGTTTA
bovine-CoV,ACTATAGGTA
bovine-CoV,ACTGGTGTT
bovine-CoV,ACTGGTGTT
bovine-CoV,ACTTGTAATA
bovine-CoV,AGGTTAATG
bovine-CoV,AGTAAATGA
bovine-CoV,AGTCAAAAT
bovine-CoV,AGTGGTTATT
bovine-CoV,ATAACTATAG
bovine-CoV,ATAGGAGATTT
bovine-CoV,ATGATGTTG
bovine-CoV,ATGCACTTG
bovine-CoV,ATGCTGTTG
bovine-CoV,ATGGTGTTA
bovine-CoV,ATGGTTTAAA
bovine-CoV,ATTTTATTT
bovine-CoV,ATTTTGATA
bovine-CoV,CACTGTTCAG
bovine-CoV,CAGCAGCAG
bovine-CoV,CCTGCAGGT
bovine-CoV,CGATTGTAATA
bovine-CoV,CTAATGGTA
bovine-CoV,CTATGGTTT
bovine-CoV,CTTTGACTT
bovine-CoV,CTTTTAATT
bovine-CoV,CTTTTAATT
bovine-CoV,CTTTTAATT
bovine-CoV,GACACTGGTGTT
bovine-CoV,GATTTTACTA
bovine-CoV,GCTCTTAAT
bovine-CoV,GGTAGTGGTTA
bovine-CoV,GGTAGTGGTT
bovine-CoV,GGTATTTTTG
bovine-CoV,GGTGTTGTT
bovine-CoV,GTAATTTTA
bovine-CoV,GTAGGTAGTGGTT
bovine-CoV,GTTAATGCAA
bovine-CoV,GTTATAATG
bovine-CoV,GTTTCTGTT
bovine-CoV,TAATGGTAATC
bovine-CoV,TAATGGTAT
bovine-CoV,TACATATGA
bovine-CoV,TACTATTGA
bovine-CoV,TACTTTTGT
bovine-CoV,TATTAATGGG
bovine-CoV,TATTATAAT
bovine-CoV,TATTTTTGCTAA
bovine-CoV,TGGTTATTA
bovine-CoV,TGGTTTGTAT
bovine-CoV,TGTTAATTAT
bovine-CoV,TGTTACTAA
bovine-CoV,TTAATGAATG
bovine-CoV,TTAATTATA
bovine-CoV,TTACTAATGGT
bovine-CoV,TTAGTGCAG
bovine-CoV,TTATTGCTAA
bovine-CoV,TTGCTAAGGT
bovine-CoV,TTGCTGGTG
bovine-CoV,TTGGTGCTAT
bovine-CoV,TTGTAATAG
bovine-CoV,TTGTTAATG
bovine-CoV,TTGTTCTACT
bovine-CoV,TTGTTTCCT
bovine-CoV,TTTACTAAT
bovine-CoV,TTTATTTAAAT
bovine-CoV,TTTGTATTT
bovine-CoV,TTTTACAGA
bovine-CoV,TTTTACTAT
bovine-CoV,AAAACCAAA
bovine-CoV,AAGATGGTGT
bovine-CoV,AATAATACT
bovine-CoV,AATGCTGAA
bovine-CoV,AATGCTGAT
bovine-CoV,AATGGTTTA
bovine-CoV,ACAACCACA
bovine-CoV,ACTATAGGTA
bovine-CoV,ACTGGTGTT
bovine-CoV,ACTGGTGTT
bovine-CoV,ACTTATTAT
bovine-CoV,ACTTGTAATA
bovine-CoV,AGCACAAGC
bovine-CoV,AGGTTAATG
bovine-CoV,AGTAAATGA
bovine-CoV,AGTGGTTATT
bovine-CoV,ATAACTATAG
bovine-CoV,ATAGGAGATTT
bovine-CoV,ATGATGTTG
bovine-CoV,ATGCTGTTG
bovine-CoV,ATGGTGTTA
bovine-CoV,ATGGTTTAAA
bovine-CoV,CATGTAAATT
bovine-CoV,CATTATTAT
bovine-CoV,CCTGCAGGT
bovine-CoV,CGGCTTTTG
bovine-CoV,CTAATGGTA
bovine-CoV,CTATGGTTT
bovine-CoV,CTGATTTTA
bovine-CoV,GACACTGGTGTT
bovine-CoV,GACCTACAA
bovine-CoV,GACTTATTA
bovine-CoV,GCTCTTAATA
bovine-CoV,GGAGGCAAT
bovine-CoV,GGTAGTGGTTA
bovine-CoV,GGTAGTGGT
bovine-CoV,GGTATTTTTG
bovine-CoV,GGTGTTGTT
bovine-CoV,GGTTACACT
bovine-CoV,GTAATATGG
bovine-CoV,GTACTTGCC
bovine-CoV,GTTTCTGTT
bovine-CoV,TAAATTACA
bovine-CoV,TAACTATAGA
bovine-CoV,TAACTATAG
bovine-CoV,TAATGGTAATC
bovine-CoV,TAATGGTAT
bovine-CoV,TAATTATTT
bovine-CoV,TACAAAAAG
bovine-CoV,TAGGTACTT
bovine-CoV,TAGTGGTTAC
bovine-CoV,TAGTGGTTA
bovine-CoV,TATTAATGG
bovine-CoV,TATTATAAT
bovine-CoV,TATTGATGCTG
bovine-CoV,TATTTAAAT
bovine-CoV,TATTTTTGCTAA
bovine-CoV,TGATTGTAA
bovine-CoV,TGGTAGTGGT
bovine-CoV,TGGTTTGTAT
bovine-CoV,TGTTAATGCA
bovine-CoV,TGTTAATTAT
bovine-CoV,TGTTACTAA
bovine-CoV,TGTTTTAAG
bovine-CoV,TTAAAGATGG
bovine-CoV,TTAATAGTG
bovine-CoV,TTACTAATGGT
bovine-CoV,TTACTACCC
bovine-CoV,TTACTATTGA
bovine-CoV,TTAGTGCAG
bovine-CoV,TTATTAATG
bovine-CoV,TTATTATGT
bovine-CoV,TTCAATGTA
bovine-CoV,TTCCATTTT
bovine-CoV,TTCCTGTTTA
bovine-CoV,TTGAGGCTT
bovine-CoV,TTGTAATAA
bovine-CoV,TTGTTTTAA
bovine-CoV,TTTAACTAT
bovine-CoV,TTTACTAAT
bovine-CoV,TTTACTATT
bovine-CoV,TTTGTATTT
bovine-CoV,TTTTAAGCC
bovine-CoV,TTTTACAGA
bovine-CoV,TTTTGTTGAGG
bovine-CoV,TTTTTGATA
bovine-CoV,CCTGCAGGT
bovine-CoV,TGGCATAGG
bovine-CoV,CATGATGTT
bovine-CoV,CCTGCAGGT
bovine-CoV,TAGTTGGCA
bovine-CoV,TATTATAAT
bovine-CoV,TGGCATAGG
bovine-CoV,AATAGTGGTA
bovine-CoV,CCTGCAGGT
bovine-CoV,TAGTTGGCA
bovine-CoV,TATTATAAT
bovine-CoV,TCATGATGTT
bovine-CoV,AAAATCAAA
bovine-CoV,AAGATGGTGT
bovine-CoV,AATAATACT
bovine-CoV,AATGCTGAA
bovine-CoV,AATGCTGAT
bovine-CoV,AATGGTTTA
bovine-CoV,ACTATAGGTA
bovine-CoV,ACTGGTGTT
bovine-CoV,ACTGGTGTT
bovine-CoV,ACTTATTAT
bovine-CoV,ACTTGTAATA
bovine-CoV,AGGTTAATG
bovine-CoV,AGTAAATGA
bovine-CoV,AGTGGTTATT
bovine-CoV,ATAACTATAG
bovine-CoV,ATAGGAGATTT
bovine-CoV,ATGATGTTG
bovine-CoV,ATGCTCTTG
bovine-CoV,ATGCTGTTG
bovine-CoV,ATGGCTTTT
bovine-CoV,ATGGTTTAAA
bovine-CoV,ATTTTATTT
bovine-CoV,ATTTTGATAG
bovine-CoV,CAGCAGCAG
bovine-CoV,CATGATGTT
bovine-CoV,CCTGCAGGT
bovine-CoV,CTAATGGTA
bovine-CoV,CTATGGTTT
bovine-CoV,CTGATTTTA
bovine-CoV,CTGGTATAG
bovine-CoV,CTGTTAATT
bovine-CoV,CTTTTAATT
bovine-CoV,GACACTGGTGTT
bovine-CoV,GACCTACAA
bovine-CoV,GACTTATTA
bovine-CoV,GCTCTTAAT
bovine-CoV,GGTAGTGGTTA
bovine-CoV,GGTGTTGTT
bovine-CoV,GTAATATGG
bovine-CoV,GTTTCTGTT
bovine-CoV,TAACTATAGA
bovine-CoV,TAACTATAG
bovine-CoV,TAATATTGA
bovine-CoV,TAATGGTAATC
bovine-CoV,TAATGGTAT
bovine-CoV,TACTAATTTTGA
bovine-CoV,TATTAATGGG
bovine-CoV,TATTATAAT
bovine-CoV,TATTTAAAT
bovine-CoV,TATTTTTGCTAA
bovine-CoV,TGGTATAGG
bovine-CoV,TGGTTTGTAT
bovine-CoV,TGTAATATT
bovine-CoV,TGTTAATTAT
bovine-CoV,TGTTACTAA
bovine-CoV,TTAAAGATGG
bovine-CoV,TTAATGAATG
bovine-CoV,TTACTAATGGT
bovine-CoV,TTACTACCCT
bovine-CoV,TTACTATTGA
bovine-CoV,TTAGTGCAG
bovine-CoV,TTATTATGT
bovine-CoV,TTCTGCTTT
bovine-CoV,TTGAGGCTT
bovine-CoV,TTGATGCTAC
bovine-CoV,TTGCTGGTG
bovine-CoV,TTGGTGCTAT
bovine-CoV,TTGTTAATG
bovine-CoV,TTGTTTTAA
bovine-CoV,TTTACTAAT
bovine-CoV,TTTACTATT
bovine-CoV,TTTCTGTTT
bovine-CoV,TTTGTATTTC
bovine-CoV,TTTTACAGA
bovine-CoV,TTTTGTTGAGG
bovine-CoV,CCTGCAGGT
bovine-CoV,TGGCATAGGC
bovine-CoV,CCTGCAGGT
bovine-CoV,CTGGTATAG
bovine-CoV,AAAATCAAA
bovine-CoV,AAGATGGTGT
bovine-CoV,AATAATACT
bovine-CoV,AATGCTGAA
bovine-CoV,AATGCTGAT
bovine-CoV,AATGGTTTA
bovine-CoV,ACTATAGGTA
bovine-CoV,ACTGGTGTT
bovine-CoV,ACTGGTGTT
bovine-CoV,ACTTATTAT
bovine-CoV,ACTTGTAATA
bovine-CoV,AGATTTGGT
bovine-CoV,AGGTTAATG
bovine-CoV,AGTAAAGTT
bovine-CoV,AGTAAATGA
bovine-CoV,AGTGGTTAC
bovine-CoV,AGTGGTTATT
bovine-CoV,ATAACTATAG
bovine-CoV,ATAGGAGATTT
bovine-CoV,ATGATGTTG
bovine-CoV,ATGCTGTTG
bovine-CoV,CAGCAGCAG
bovine-CoV,CGATTGCAATA
bovine-CoV,CTAATGGTA
bovine-CoV,CTGTTAATT
bovine-CoV,CTTTTAATT
bovine-CoV,CTTTTAATT
bovine-CoV,CTTTTAATT
bovine-CoV,GACACTGGTGTT
bovine-CoV,GACCTACAA
bovine-CoV,GACTTATTA
bovine-CoV,GCTCTTAAT
bovine-CoV,GGTAGTGGTTA
bovine-CoV,GGTAGTGGTT
bovine-CoV,GGTGTTGTT
bovine-CoV,GGTTACACT
bovine-CoV,GGTTTGTAT
bovine-CoV,GTAATATGG
bovine-CoV,GTAGGTAGTGGTT
bovine-CoV,GTTTCTGTT
bovine-CoV,TAATGGTAATC
bovine-CoV,TAATGGTATT
bovine-CoV,TAATGGTAT
bovine-CoV,TAATGGTAT
bovine-CoV,TAATTTTGA
bovine-CoV,TAGGTACTT
bovine-CoV,TAGTTGGCA
bovine-CoV,TATTAATGG
bovine-CoV,TATTATAAT
bovine-CoV,TATTTAAAT
bovine-CoV,TATTTTTGCTAA
bovine-CoV,TGCTGCTAA
bovine-CoV,TGGCATAGGT
bovine-CoV,TGGTTATTAC
bovine-CoV,TGGTTTAAA
bovine-CoV,TGTTACTAA
bovine-CoV,TTAAAGATGG
bovine-CoV,TTAATGAATG
bovine-CoV,TTACTAATGGT
bovine-CoV,TTACTATTGA
bovine-CoV,TTAGTGCAG
bovine-CoV,TTATGTAAA
bovine-CoV,TTATTATGT
bovine-CoV,TTCTGCTTT
bovine-CoV,TTGCTGGTG
bovine-CoV,TTGGGTAAT
bovine-CoV,TTGGTGCTAT
bovine-CoV,TTGTTTATG
bovine-CoV,TTGTTTTAA
bovine-CoV,TTTACTAAT
bovine-CoV,TTTACTATT
bovine-CoV,TTTGTATTTT
bovine-CoV,TTTTACAGA
bovine-CoV,TTTTACAGA
bovine-CoV,TTTTACAGA
bovine-CoV,TTTTGTTGAGG
bovine-CoV,AAAATCAAA
bovine-CoV,AAGATGGTGT
bovine-CoV,AATGCTGAA
bovine-CoV,AATGGTTTA
bovine-CoV,ACTATAGGTA
bovine-CoV,ACTGGTGTT
bovine-CoV,ACTGGTGTT
bovine-CoV,ACTTATTAT
bovine-CoV,ACTTGTAATA
bovine-CoV,AGATTTGGT
bovine-CoV,AGGTTAATG
bovine-CoV,AGTAAAGTT
bovine-CoV,AGTAAATGA
bovine-CoV,AGTGGTTAC
bovine-CoV,AGTGGTTATT
bovine-CoV,ATAACTATAG
bovine-CoV,ATAGGAGATTT
bovine-CoV,ATGATGTTG
bovine-CoV,ATGCTCTTG
bovine-CoV,ATGCTGTTG
bovine-CoV,CAGCAGCAG
bovine-CoV,CATGATGTT
bovine-CoV,CCTGCAGGT
bovine-CoV,CGATTGCAATA
bovine-CoV,CTAATGGTA
bovine-CoV,CTGATTTTA
bovine-CoV,CTGTTAATT
bovine-CoV,CTTTTAATT
bovine-CoV,CTTTTAATT
bovine-CoV,CTTTTAATT
bovine-CoV,GACACTGGTGTT
bovine-CoV,GACCTACAA
bovine-CoV,GACTTATTA
bovine-CoV,GCTCTTAAT
bovine-CoV,GGTAGTGGTTA
bovine-CoV,GGTAGTGGTT
bovine-CoV,GGTGTTGTT
bovine-CoV,GGTTACACT
bovine-CoV,GTAGGTAGTGGTT
bovine-CoV,GTTTCTGTT
bovine-CoV,TAATGGTAATC
bovine-CoV,TAATGGTATT
bovine-CoV,TAATGGTAT
bovine-CoV,TAATGGTAT
bovine-CoV,TAGTTGGCA
bovine-CoV,TATTAATGG
bovine-CoV,TATTATAAT
bovine-CoV,TATTTAAAT
bovine-CoV,TATTTTTGCTAA
bovine-CoV,TGCTGCTAA
bovine-CoV,TGGCATAGG
bovine-CoV,TGGTTATTAC
bovine-CoV,TGGTTTAAA
bovine-CoV,TGGTTTGTAT
bovine-CoV,TGTTAATTA
bovine-CoV,TGTTACTAA
bovine-CoV,TTAAAGATGG
bovine-CoV,TTAATGAATG
bovine-CoV,TTACTAATGGT
bovine-CoV,TTACTATTGA
bovine-CoV,TTAGTGCAG
bovine-CoV,TTATTATGT
bovine-CoV,TTCTGCTTT
bovine-CoV,TTGAGGCTT
bovine-CoV,TTGCTGGTG
bovine-CoV,TTGGGTAAT
bovine-CoV,TTGGTGCTAT
bovine-CoV,TTGTTAATG
bovine-CoV,TTGTTTTAA
bovine-CoV,TTTACTAAT
bovine-CoV,TTTACTATT
bovine-CoV,TTTGTATTT
bovine-CoV,TTTTACAGA
bovine-CoV,TTTTGTTGAGG
bovine-CoV,AAGATGGTGT
bovine-CoV,AATGCTGAT
bovine-CoV,ACTGGTGTT
bovine-CoV,ACTTATTAT
bovine-CoV,ACTTGTAATA
bovine-CoV,ATAACTATAG
bovine-CoV,ATATGGCAT
bovine-CoV,CATGATGTT
bovine-CoV,CCATTAAAT
bovine-CoV,CCTGCAGGT
bovine-CoV,CTAATGGTA
bovine-CoV,CTGGTATAG
bovine-CoV,GGTAGTACT
bovine-CoV,GGTATTTTTG
bovine-CoV,GGTGTTGTT
bovine-CoV,GTAGGTAGTGG
bovine-CoV,GTATTTTTGCTAA
bovine-CoV,GTATTTTTG
bovine-CoV,GTTTCTGTT
bovine-CoV,TAGTTGGCA
bovine-CoV,TATGGCATTG
bovine-CoV,TATTATAAT
bovine-CoV,TGCTGCTAA
bovine-CoV,TGTGTATTTA
bovine-CoV,TGTTACTAA
bovine-CoV,TTACTAATGGT
bovine-CoV,TTATTATGT
bovine-CoV,TTGGGTAAT
bovine-CoV,TTTTACAGA
bovine-CoV,AAAATCAAA
bovine-CoV,AAGATGGTGT
bovine-CoV,AATAATACT
bovine-CoV,AATGCTGAA
bovine-CoV,AATGCTGAT
bovine-CoV,AATGGTTTA
bovine-CoV,ACTATAGGTA
bovine-CoV,ACTGGTGTT
bovine-CoV,ACTGGTGTT
bovine-CoV,ACTTATTAT
bovine-CoV,ACTTGTAATA
bovine-CoV,AGATTTGGT
bovine-CoV,AGGTTAATG
bovine-CoV,AGTAAAGTT
bovine-CoV,AGTAAATGA
bovine-CoV,AGTGGTTAC
bovine-CoV,AGTGGTTATT
bovine-CoV,ATAACTATAG
bovine-CoV,ATAGGAGATTT
bovine-CoV,ATGATGTTG
bovine-CoV,ATGCTGTTG
bovine-CoV,CAGCAGCAG
bovine-CoV,CATGATGTT
bovine-CoV,CGATTGCAATA
bovine-CoV,CTAATGGTA
bovine-CoV,CTGGTATAG
bovine-CoV,CTGTTAATT
bovine-CoV,CTTTGACTT
bovine-CoV,CTTTTAATT
bovine-CoV,CTTTTAATT
bovine-CoV,CTTTTAATT
bovine-CoV,GACACTGGTGTT
bovine-CoV,GACCTACAA
bovine-CoV,GACTTATTA
bovine-CoV,GCTCTTAAT
bovine-CoV,GGTAGTGGTTA
bovine-CoV,GGTAGTGGT
bovine-CoV,GGTGTTGTT
bovine-CoV,GGTTACACT
bovine-CoV,GGTTTGTAT
bovine-CoV,GTAATATGG
bovine-CoV,GTAGGTAGTGGT
bovine-CoV,GTTTCTGTT
bovine-CoV,TAATGGTAATC
bovine-CoV,TAATGGTATT
bovine-CoV,TAATGGTAT
bovine-CoV,TAATGGTAT
bovine-CoV,TAGTTGGCA
bovine-CoV,TATAGTGTG
bovine-CoV,TATTAATGG
bovine-CoV,TATTATAAT
bovine-CoV,TATTTAAAT
bovine-CoV,TATTTTTGCTAA
bovine-CoV,TGCTGCTAA
bovine-CoV,TGGTTATTAC
bovine-CoV,TGTTAATTAT
bovine-CoV,TGTTACTAA
bovine-CoV,TGTTTCCTG
bovine-CoV,TTAAAGATGG
bovine-CoV,TTAATGAATG
bovine-CoV,TTAATTATA
bovine-CoV,TTACTAATGGT
bovine-CoV,TTACTATTGA
bovine-CoV,TTAGTGCAG
bovine-CoV,TTATGTAAA
bovine-CoV,TTATTATGT
bovine-CoV,TTCTGCTTT
bovine-CoV,TTGAGGCTT
bovine-CoV,TTGCTGGTG
bovine-CoV,TTGGGTAAT
bovine-CoV,TTGGTGCTAT
bovine-CoV,TTGTTTATG
bovine-CoV,TTGTTTTAA
bovine-CoV,TTTACTAAT
bovine-CoV,TTTACTATT
bovine-CoV,TTTGTATTT
bovine-CoV,TTTTACAGA
bovine-CoV,TTTTGTTGAGG
bovine-CoV,AAAATCAAA
bovine-CoV,AAGATGGTGT
bovine-CoV,AATGCTGAA
bovine-CoV,AATGCTGAT
bovine-CoV,AATGGTTTA
bovine-CoV,ACTATAGGTA
bovine-CoV,ACTGGTGTT
bovine-CoV,ACTGGTGTT
bovine-CoV,ACTTATTAT
bovine-CoV,ACTTGTAATA
bovine-CoV,AGATTTGGT
bovine-CoV,AGGTTAATG
bovine-CoV,AGTAAAGTT
bovine-CoV,AGTAAATGA
bovine-CoV,AGTGGTTAC
bovine-CoV,AGTGGTTATT
bovine-CoV,ATAACTATAG
bovine-CoV,ATAGGAGATTT
bovine-CoV,ATGATGTTG
bovine-CoV,ATGCTGTTG
bovine-CoV,CAGCAGCAG
bovine-CoV,CATGATGTT
bovine-CoV,CGATTGCAATA
bovine-CoV,CTAATGGTA
bovine-CoV,CTGTTAATT
bovine-CoV,CTTTGACTT
bovine-CoV,CTTTTAATT
bovine-CoV,GACACTGGTGTT
bovine-CoV,GACCTACAA
bovine-CoV,GACTTATTA
bovine-CoV,GCTCTTAAT
bovine-CoV,GGTAGTGGTTA
bovine-CoV,GGTGTTGTT
bovine-CoV,GGTTACACT
bovine-CoV,GGTTTGTAT
bovine-CoV,GTAATATGG
bovine-CoV,GTATTTTTG
bovine-CoV,GTTTCTGTT
bovine-CoV,TAACTATAGA
bovine-CoV,TAACTATAG
bovine-CoV,TAATGGTAATC
bovine-CoV,TAATGGTATT
bovine-CoV,TAATGGTAT
bovine-CoV,TAATGGTAT
bovine-CoV,TAGTTGGCA
bovine-CoV,TATTAATGG
bovine-CoV,TATTATAAT
bovine-CoV,TATTTAAAT
bovine-CoV,TATTTTTGCTAA
bovine-CoV,TGCTGCTAA
bovine-CoV,TGGCATAGG
bovine-CoV,TGGTTATTAC
bovine-CoV,TGGTTTAAA
bovine-CoV,TGTTAATTAT
bovine-CoV,TGTTACTAA
bovine-CoV,TTAAAGATGG
bovine-CoV,TTAATGAATG
bovine-CoV,TTACTAATGGT
bovine-CoV,TTACTATTGA
bovine-CoV,TTAGTGCAG
bovine-CoV,TTATGTAAA
bovine-CoV,TTATTATGT
bovine-CoV,TTCTGCTTT
bovine-CoV,TTGAGGCTT
bovine-CoV,TTGCTGGTG
bovine-CoV,TTGGGTAAT
bovine-CoV,TTGGTGCTAT
bovine-CoV,TTGTTTATG
bovine-CoV,TTGTTTTAA
bovine-CoV,TTTACTATT
bovine-CoV,TTTGTATTT
bovine-CoV,TTTTACAGA
bovine-CoV,TTTTGTTGAGG
bovine-CoV,AAAATCAAA
bovine-CoV,AAGATGGTGT
bovine-CoV,AATGGTTTA
bovine-CoV,ACTATAGGTA
bovine-CoV,ACTGGTGTT
bovine-CoV,ACTGGTGTT
bovine-CoV,ACTTATTAT
bovine-CoV,ACTTGTAATA
bovine-CoV,AGATTTGGT
bovine-CoV,AGTGGTTAC
bovine-CoV,AGTGGTTATT
bovine-CoV,ATAACTATAG
bovine-CoV,ATAGGAGATTT
bovine-CoV,ATGCTCTTG
bovine-CoV,ATGCTGTTG
bovine-CoV,CAATCTGTT
bovine-CoV,CAGCAGCAG
bovine-CoV,CCTGCAGGT
bovine-CoV,CGATTGCAATA
bovine-CoV,CGCTCTTAAT
bovine-CoV,CTAATGGTA
bovine-CoV,CTGATTTTA
bovine-CoV,CTGTTAATT
bovine-CoV,CTTTTAATT
bovine-CoV,CTTTTAATT
bovine-CoV,CTTTTAATT
bovine-CoV,GACACTGGTGTT
bovine-CoV,GACCTACAA
bovine-CoV,GACTTATTA
bovine-CoV,GCTTTTAAT
bovine-CoV,GGTAGTGGTTA
bovine-CoV,GGTAGTGGTT
bovine-CoV,GGTGTTGTT
bovine-CoV,GGTTACACT
bovine-CoV,GTAATATGG
bovine-CoV,GTAGGTAGTGGTT
bovine-CoV,GTTTCTGTT
bovine-CoV,TAATGGTAATC
bovine-CoV,TAATGGTATT
bovine-CoV,TAATGGTAT
bovine-CoV,TAATGGTAT
bovine-CoV,TAGTTGGCA
bovine-CoV,TATTAATGG
bovine-CoV,TATTATAAT
bovine-CoV,TATTTTTGCT
bovine-CoV,TGGCATAGG
bovine-CoV,TGGTTATTAC
bovine-CoV,TGGTTTAAA
bovine-CoV,TGGTTTGTAT
bovine-CoV,TGTTAATTAT
bovine-CoV,TGTTACTAA
bovine-CoV,TTAAAGATGG
bovine-CoV,TTAATGAATG
bovine-CoV,TTAATTATA
bovine-CoV,TTACTAATGGT
bovine-CoV,TTACTATTGA
bovine-CoV,TTAGTGCAG
bovine-CoV,TTATTATGT
bovine-CoV,TTCTGCTTT
bovine-CoV,TTGACACTAC
bovine-CoV,TTGAGGCTT
bovine-CoV,TTGCTGGTG
bovine-CoV,TTGGGTAAT
bovine-CoV,TTGGTGCTAT
bovine-CoV,TTGTTAATG
bovine-CoV,TTGTTTCCT
bovine-CoV,TTGTTTTAA
bovine-CoV,TTTACTAAT
bovine-CoV,TTTACTATT
bovine-CoV,TTTGTATTT
bovine-CoV,TTTTACAGA
bovine-CoV,TTTTGTTGAGG
bovine-CoV,AAGATGGTGT
bovine-CoV,AATAATACT
bovine-CoV,AATGCTGAA
bovine-CoV,AATGCTGAT
bovine-CoV,AATGGTTTA
bovine-CoV,ACTATAGGTA
bovine-CoV,ACTGGTGTT
bovine-CoV,ACTGGTGTT
bovine-CoV,ACTTATTAT
bovine-CoV,ACTTGTAATA
bovine-CoV,AGGTTAATG
bovine-CoV,AGTAAAGTT
bovine-CoV,AGTAAATGA
bovine-CoV,AGTGGTTAC
bovine-CoV,AGTGGTTATT
bovine-CoV,ATAACTATAG
bovine-CoV,ATGATGTTG
bovine-CoV,ATGCTGTTG
bovine-CoV,ATTTTATTT
bovine-CoV,CAGCAGCAG
bovine-CoV,CATAATTCT
bovine-CoV,CATGATGTT
bovine-CoV,CGATTGCAATA
bovine-CoV,CTAATGGTA
bovine-CoV,CTGTTAATT
bovine-CoV,CTTTGACTT
bovine-CoV,CTTTTAATT
bovine-CoV,GACACTGGTGTT
bovine-CoV,GACCTACAA
bovine-CoV,GACTTATTA
bovine-CoV,GCTCTTAAT
bovine-CoV,GGTAGTGGTTA
bovine-CoV,GGTAGTGGTT
bovine-CoV,GGTGTTGTT
bovine-CoV,GGTTACACT
bovine-CoV,GGTTTGTAT
bovine-CoV,GTAATATGG
bovine-CoV,GTAGGTAGTGGTT
bovine-CoV,GTTTCTGTT
bovine-CoV,TAATGGTAATC
bovine-CoV,TAATGGTATT
bovine-CoV,TAATGGTAT
bovine-CoV,TAATGGTAT
bovine-CoV,TACCATTTT
bovine-CoV,TAGTTGGCA
bovine-CoV,TATAGTGTG
bovine-CoV,TATTAATGG
bovine-CoV,TATTATAAT
bovine-CoV,TATTTAAAT
bovine-CoV,TATTTTTGCTAA
bovine-CoV,TGCTGCTAA
bovine-CoV,TGGCATAGG
bovine-CoV,TGGGTAATAAA
bovine-CoV,TGGTTATTAC
bovine-CoV,TGGTTTAAA
bovine-CoV,TGTTAATTAT
bovine-CoV,TGTTACTAA
bovine-CoV,TGTTTCCTG
bovine-CoV,TTAAAGATGG
bovine-CoV,TTAATGAATG
bovine-CoV,TTAATTATA
bovine-CoV,TTACTAATGGT
bovine-CoV,TTACTATTGA
bovine-CoV,TTAGTGCAG
bovine-CoV,TTATGTAAA
bovine-CoV,TTATTATGT
bovine-CoV,TTCTGCTTT
bovine-CoV,TTGAGGCTT
bovine-CoV,TTGCTGGTG
bovine-CoV,TTGGGTAAT
bovine-CoV,TTGGTGCTAT
bovine-CoV,TTGTTTATG
bovine-CoV,TTGTTTGTG
bovine-CoV,TTGTTTTAA
bovine-CoV,TTTACTAAT
bovine-CoV,TTTACTATT
bovine-CoV,TTTGTATTTT
bovine-CoV,TTTTACAGA
bovine-CoV,TTTTGTTGAGG
bovine-CoV,AAAATCAAA
bovine-CoV,AAGATGGTGT
bovine-CoV,AATGCTGAT
bovine-CoV,AATGGTTTA
bovine-CoV,ACTATAGGTA
bovine-CoV,ACTGGTGTT
bovine-CoV,ACTGGTGTT
bovine-CoV,ACTTATTAT
bovine-CoV,ACTTGTAATA
bovine-CoV,AGATTTGGT
bovine-CoV,AGGTTAATG
bovine-CoV,AGTAAAGTT
bovine-CoV,AGTAAATGA
bovine-CoV,AGTGGTTAC
bovine-CoV,AGTGGTTATT
bovine-CoV,ATAACTATAG
bovine-CoV,ATAGGAGATTT
bovine-CoV,ATGATGTTG
bovine-CoV,ATGCTGTTG
bovine-CoV,CAGCAGCAG
bovine-CoV,CGATTGCAATA
bovine-CoV,CTAATGGTA
bovine-CoV,CTGTTAATT
bovine-CoV,CTTTTAATT
bovine-CoV,GACACTGGTGTT
bovine-CoV,GACCTACAA
bovine-CoV,GACTTATTA
bovine-CoV,GCTCTTAAT
bovine-CoV,GGTAGTGGTTA
bovine-CoV,GGTAGTGGTT
bovine-CoV,GGTGTTGTT
bovine-CoV,GGTTACACT
bovine-CoV,GGTTTGTAT
bovine-CoV,GTAATATGG
bovine-CoV,GTAGGTAGTGGTT
bovine-CoV,GTTTCTGTT
bovine-CoV,TAACTATAGA
bovine-CoV,TAACTATAG
bovine-CoV,TAATGGTAATC
bovine-CoV,TAATGGTATT
bovine-CoV,TAATGGTAT
bovine-CoV,TAATGGTAT
bovine-CoV,TAGTTGGCA
bovine-CoV,TATTAATGG
bovine-CoV,TATTATAAT
bovine-CoV,TATTTAAAT
bovine-CoV,TATTTTTGCTAA
bovine-CoV,TCATGATGTT
bovine-CoV,TGGCATAGG
bovine-CoV,TGGTTATTAC
bovine-CoV,TGGTTTAAA
bovine-CoV,TGTTAATTAT
bovine-CoV,TGTTACTAA
bovine-CoV,TTAAAGATGG
bovine-CoV,TTAATGAATG
bovine-CoV,TTACTAATGGT
bovine-CoV,TTACTATTGA
bovine-CoV,TTAGTGCAG
bovine-CoV,TTATGTAAA
bovine-CoV,TTATTATGT
bovine-CoV,TTCTGCTTT
bovine-CoV,TTGAGGCTT
bovine-CoV,TTGCTGGTG
bovine-CoV,TTGGGTAAT
bovine-CoV,TTGGTGCTAT
bovine-CoV,TTGTTTATG
bovine-CoV,TTGTTTTAA
bovine-CoV,TTTACTAAT
bovine-CoV,TTTACTATT
bovine-CoV,TTTGTATTTT
bovine-CoV,TTTTACAGA
bovine-CoV,TTTTGTTGAGG
bovine-CoV,AAAACCAAA
bovine-CoV,AAGATGGTGT
bovine-CoV,AATGCTGAA
bovine-CoV,AATGCTGAT
bovine-CoV,AATGGTATT
bovine-CoV,AATGGTTTA
bovine-CoV,ACTATAGGTA
bovine-CoV,ACTGGTGTT
bovine-CoV,ACTGGTGTT
bovine-CoV,ACTTATTAT
bovine-CoV,ACTTGTAATA
bovine-CoV,AGGTTAATG
bovine-CoV,AGTAAAGTT
bovine-CoV,AGTAAATGA
bovine-CoV,AGTGGTTATT
bovine-CoV,ATAACTATAG
bovine-CoV,ATGATGTTG
bovine-CoV,ATGCTCTTG
bovine-CoV,ATGCTGTTG
bovine-CoV,CAGCAGCAG
bovine-CoV,CATGATGTT
bovine-CoV,CATGTAAAT
bovine-CoV,CCAATGGTA
bovine-CoV,CTGATTTTA
bovine-CoV,CTGTTAATT
bovine-CoV,CTTTGACTT
bovine-CoV,CTTTTAATT
bovine-CoV,GACACTGGTGTT
bovine-CoV,GACCTACAA
bovine-CoV,GCTCTTAAT
bovine-CoV,GGTAATGGT
bovine-CoV,GGTATTTTTG
bovine-CoV,GGTGTTACC
bovine-CoV,GGTGTTGTT
bovine-CoV,GGTTTGTAT
bovine-CoV,GTAATATGG
bovine-CoV,GTTTCTGTT
bovine-CoV,TAAAGTAAA
bovine-CoV,TAAATTGGG
bovine-CoV,TAACTATAGA
bovine-CoV,TAACTATAG
bovine-CoV,TAATATTGA
bovine-CoV,TAATGGTAT
bovine-CoV,TAGTTGGCA
bovine-CoV,TATTAATGG
bovine-CoV,TATTATAAT
bovine-CoV,TATTTAAAT
bovine-CoV,TATTTTTGCTAA
bovine-CoV,TGCTGCTAA
bovine-CoV,TGGCATAGG
bovine-CoV,TGGTTATTAC
bovine-CoV,TGGTTTAAA
bovine-CoV,TGTAATATT
bovine-CoV,TGTTAATTAT
bovine-CoV,TGTTACTAA
bovine-CoV,TGTTTATTTA
bovine-CoV,TTAAAGATGG
bovine-CoV,TTAATGAATG
bovine-CoV,TTACTATTGA
bovine-CoV,TTAGTGCAG
bovine-CoV,TTATTATGT
bovine-CoV,TTCTGCTTT
bovine-CoV,TTGAGGCTT
bovine-CoV,TTGCTGGTG
bovine-CoV,TTGGGTAAT
bovine-CoV,TTGGTGCTAT
bovine-CoV,TTGTTTTAA
bovine-CoV,TTTACTATT
bovine-CoV,TTTCTGTTT
bovine-CoV,TTTGTATTT
bovine-CoV,TTTGTTGAGG
bovine-CoV,TTTTACAGA
bovine-CoV,CCTGCAGGT
bovine-CoV,TAGTTGGCA
bovine-CoV,TATTATAAT
bovine-CoV,TGGCATAGG
bovine-CoV,AAAACCAAA
bovine-CoV,AAGATGGTGT
bovine-CoV,AATGCTGAA
bovine-CoV,AATGCTGAT
bovine-CoV,AATGGTTTA
bovine-CoV,ACTATAGGTA
bovine-CoV,ACTGGTGTT
bovine-CoV,ACTGGTGTT
bovine-CoV,ACTTATTAT
bovine-CoV,ACTTGTAATA
bovine-CoV,AGGTTAATG
bovine-CoV,AGTAAAGTT
bovine-CoV,AGTAAATGA
bovine-CoV,AGTGGTTATT
bovine-CoV,ATAACTATAG
bovine-CoV,ATGATGTTG
bovine-CoV,ATGCTCTTG
bovine-CoV,ATGCTGTTG
bovine-CoV,CAGCAGCAG
bovine-CoV,CATGATGTT
bovine-CoV,CATGTAAAT
bovine-CoV,CCTGCAGGT
bovine-CoV,CTAATGGTA
bovine-CoV,CTGATTTTA
bovine-CoV,CTGTTAATT
bovine-CoV,CTTTGACTT
bovine-CoV,CTTTTAATT
bovine-CoV,GACACTGGTGTT
bovine-CoV,GACCTACAA
bovine-CoV,GCTCTTAAT
bovine-CoV,GGTAATGGT
bovine-CoV,GGTAGTGGTTA
bovine-CoV,GGTGTTACC
bovine-CoV,GGTGTTGTT
bovine-CoV,GGTTTGTAT
bovine-CoV,GTAATATGG
bovine-CoV,GTTTCTGTT
bovine-CoV,TAAATTGGG
bovine-CoV,TAACTATAGA
bovine-CoV,TAACTATAG
bovine-CoV,TAATATTGA
bovine-CoV,TAATGGTAATC
bovine-CoV,TAATGGTATT
bovine-CoV,TAATGGTAT
bovine-CoV,TAATGGTAT
bovine-CoV,TAGTTGGCA
bovine-CoV,TATTAATGG
bovine-CoV,TATTATAAT
bovine-CoV,TATTTAAAT
bovine-CoV,TATTTTTGCTAA
bovine-CoV,TGGCATAGG
bovine-CoV,TGGTTATTAC
bovine-CoV,TGGTTTAAA
bovine-CoV,TGTAATATT
bovine-CoV,TGTTAATTAT
bovine-CoV,TGTTACTAA
bovine-CoV,TGTTTATTTA
bovine-CoV,TTAAAGATGG
bovine-CoV,TTAATGAATG
bovine-CoV,TTACTAATGGT
bovine-CoV,TTACTATTGA
bovine-CoV,TTAGTGCAG
bovine-CoV,TTATTATGT
bovine-CoV,TTCTGCTTT
bovine-CoV,TTGAGGCTT
bovine-CoV,TTGCTGGTG
bovine-CoV,TTGGGTAAT
bovine-CoV,TTGGTGCTAT
bovine-CoV,TTGTTAATG
bovine-CoV,TTGTTTTAA
bovine-CoV,TTTACTAAT
bovine-CoV,TTTACTATT
bovine-CoV,TTTGTATTT
bovine-CoV,TTTTACAGA
bovine-CoV,TTTTGTTGAGG
bovine-CoV,AAAATCAAA
bovine-CoV,AAGATGGTGT
bovine-CoV,AATAATACT
bovine-CoV,AATGCTGAA
bovine-CoV,AATGCTGAT
bovine-CoV,ACTATAGGTA
bovine-CoV,ACTGGTGTT
bovine-CoV,ACTGGTGTT
bovine-CoV,ACTTATTAT
bovine-CoV,ACTTGTAATA
bovine-CoV,AGATTTGGT
bovine-CoV,AGGAGATTT
bovine-CoV,AGGTTAATG
bovine-CoV,AGTAAATGA
bovine-CoV,AGTGGTTATT
bovine-CoV,ATAACTATAG
bovine-CoV,ATCTTTATGGT
bovine-CoV,ATGATGTTG
bovine-CoV,ATGCTGTTG
bovine-CoV,ATGGTATTA
bovine-CoV,ATGGTGTTA
bovine-CoV,ATGGTTTAAA
bovine-CoV,ATTTTATTT
bovine-CoV,CAGCAGCAG
bovine-CoV,CCTGCAGGT
bovine-CoV,CGATTGTAATA
bovine-CoV,CTAATGGTA
bovine-CoV,CTACCAATT
bovine-CoV,CTGTTAACT
bovine-CoV,CTTTGACTT
bovine-CoV,CTTTTAATT
bovine-CoV,GACACTGGTGTT
bovine-CoV,GACCTACAA
bovine-CoV,GACTTATTA
bovine-CoV,GATTGTAATAG
bovine-CoV,GATTGTAATA
bovine-CoV,GCTCTTAAT
bovine-CoV,GGTACTTAT
bovine-CoV,GGTAGTGGTTA
bovine-CoV,GGTATTTTTG
bovine-CoV,GGTGTTGTT
bovine-CoV,GTACTTTTT
bovine-CoV,GTTTCTGTT
bovine-CoV,TAAAGATGG
bovine-CoV,TAACTATAGA
bovine-CoV,TAACTATAG
bovine-CoV,TAATGGTAATC
bovine-CoV,TAATGGTATT
bovine-CoV,TACTTTTTT
bovine-CoV,TAGTTGGCA
bovine-CoV,TATTAATGGG
bovine-CoV,TATTATAAT
bovine-CoV,TATTTAAAT
bovine-CoV,TATTTTTGCTAA
bovine-CoV,TGCTGCTAA
bovine-CoV,TGGTTTGTAT
bovine-CoV,TGTTACTAA
bovine-CoV,TTAACTATA
bovine-CoV,TTAATGAATG
bovine-CoV,TTACCGACG
bovine-CoV,TTACTAATGGT
bovine-CoV,TTACTATTGA
bovine-CoV,TTAGTGCAG
bovine-CoV,TTATGAGTA
bovine-CoV,TTCTGCTTT
bovine-CoV,TTGCTGGTG
bovine-CoV,TTGGTGCTAT
bovine-CoV,TTGTAATAGTG
bovine-CoV,TTGTAATAG
bovine-CoV,TTGTTAATG
bovine-CoV,TTGTTTCCT
bovine-CoV,TTGTTTTAA
bovine-CoV,TTTAAATAC
bovine-CoV,TTTACTAAT
bovine-CoV,TTTACTATT
bovine-CoV,TTTGTATTTT
bovine-CoV,TTTTACAGA
bovine-CoV,AAAATCAAA
bovine-CoV,AATAATACT
bovine-CoV,AATGCTGAA
bovine-CoV,AATGCTGAT
bovine-CoV,AATGGTTTA
bovine-CoV,ACTATAGGTA
bovine-CoV,ACTGGTGTT
bovine-CoV,ACTGGTGTT
bovine-CoV,ACTTATTAT
bovine-CoV,ACTTGTAATA
bovine-CoV,AGGTTAATG
bovine-CoV,AGTAAATGA
bovine-CoV,AGTGGTTATT
bovine-CoV,ATAACTATAG
bovine-CoV,ATAGGAGATTT
bovine-CoV,ATGATGTTG
bovine-CoV,ATGCTCTTG
bovine-CoV,ATGCTGTTG
bovine-CoV,ATGGCTTTT
bovine-CoV,ATGGTTTAAA
bovine-CoV,ATTAATGGG
bovine-CoV,ATTTTATTT
bovine-CoV,ATTTTGATAG
bovine-CoV,CAGCAGCAG
bovine-CoV,CATGATGTT
bovine-CoV,CCTGCAGGT
bovine-CoV,CTAATGGTA
bovine-CoV,CTATGGTTT
bovine-CoV,CTGATTTTA
bovine-CoV,CTGGTATAG
bovine-CoV,CTGTTAATT
bovine-CoV,CTTTTAATT
bovine-CoV,GACACTGGTGTT
bovine-CoV,GACCTACAA
bovine-CoV,GACTTATTA
bovine-CoV,GCTCTTAAT
bovine-CoV,GGTAGTGGTTA
bovine-CoV,GGTAGTGGTT
bovine-CoV,GGTATTTTTG
bovine-CoV,GGTGTTGTT
bovine-CoV,GTAATATGG
bovine-CoV,GTAGGTAGTGGTT
bovine-CoV,GTTTCTGTT
bovine-CoV,TAACTATAGA
bovine-CoV,TAACTATAG
bovine-CoV,TAATGGTAATC
bovine-CoV,TACTAATTTTGA
bovine-CoV,TATTATAAT
bovine-CoV,TATTTAAAT
bovine-CoV,TATTTTTGCTAA
bovine-CoV,TCATATTAT
bovine-CoV,TGCTGCTAA
bovine-CoV,TGGTATAGG
bovine-CoV,TGGTTTGTAT
bovine-CoV,TGTTAATTAT
bovine-CoV,TGTTACTAA
bovine-CoV,TTAATGAATG
bovine-CoV,TTACTAATGGT
bovine-CoV,TTACTACCCT
bovine-CoV,TTACTATTGA
bovine-CoV,TTAGTGCAG
bovine-CoV,TTATTATGT
bovine-CoV,TTCTGCTTT
bovine-CoV,TTGAGGCTT
bovine-CoV,TTGCTGGTG
bovine-CoV,TTGGTGCTAT
bovine-CoV,TTGTTAATG
bovine-CoV,TTGTTTTAA
bovine-CoV,TTTACTAAT
bovine-CoV,TTTACTATT
bovine-CoV,TTTCTGTTT
bovine-CoV,TTTGTATTTC
bovine-CoV,TTTTACAGA
bovine-CoV,TTTTGTTGAGG
bovine-CoV,AAAATCAAA
bovine-CoV,AAGATGGTGT
bovine-CoV,AATGCTGAA
bovine-CoV,AATGCTGAT
bovine-CoV,AATGGTTTA
bovine-CoV,ACTATAGGTA
bovine-CoV,ACTGGTGTT
bovine-CoV,ACTGGTGTT
bovine-CoV,ACTTATTAT
bovine-CoV,ACTTGTAATA
bovine-CoV,AGATTTGGT
bovine-CoV,AGGTTAATG
bovine-CoV,AGTAAAGTT
bovine-CoV,AGTAAATGA
bovine-CoV,AGTGGTTAC
bovine-CoV,AGTGGTTATT
bovine-CoV,ATAACTATAG
bovine-CoV,ATAGGAGATTT
bovine-CoV,ATGATGTTG
bovine-CoV,ATGCTGTTG
bovine-CoV,ATGTGTTAA
bovine-CoV,ATTTTGGGT
bovine-CoV,CAGCAGCAG
bovine-CoV,CATGATGTT
bovine-CoV,CGATTGCAATA
bovine-CoV,CTAATGGTA
bovine-CoV,CTGTTAATT
bovine-CoV,CTTTTAATT
bovine-CoV,CTTTTAATT
bovine-CoV,CTTTTAATT
bovine-CoV,GACACTGGTGTT
bovine-CoV,GACCTACAA
bovine-CoV,GACTTATTA
bovine-CoV,GCTCTTAAT
bovine-CoV,GGTAATTTGG
bovine-CoV,GGTAGTGGTTA
bovine-CoV,GGTAGTGGTT
bovine-CoV,GGTGTTGTT
bovine-CoV,GGTTACACT
bovine-CoV,GTAGGTAGTGGTT
bovine-CoV,GTTTCTGTT
bovine-CoV,TAATGGTAATC
bovine-CoV,TAATGGTATT
bovine-CoV,TAATGGTAT
bovine-CoV,TAATGGTAT
bovine-CoV,TAGTTGGCA
bovine-CoV,TATAGTGTG
bovine-CoV,TATTAATGG
bovine-CoV,TATTATAAT
bovine-CoV,TATTTAAAT
bovine-CoV,TATTTTTGCTAA
bovine-CoV,TCCTTCTATT
bovine-CoV,TGCTGCTAA
bovine-CoV,TGGCATAGG
bovine-CoV,TGGTTATTAC
bovine-CoV,TGGTTTAAA
bovine-CoV,TGGTTTGTAT
bovine-CoV,TGTTAATTAT
bovine-CoV,TGTTACTAA
bovine-CoV,TGTTTCCTG
bovine-CoV,TTAAAGATGG
bovine-CoV,TTAATGAATG
bovine-CoV,TTAATTATA
bovine-CoV,TTACTAATGGT
bovine-CoV,TTACTATTGA
bovine-CoV,TTAGTGCAG
bovine-CoV,TTATGTAAA
bovine-CoV,TTATTATGT
bovine-CoV,TTCTGCTTT
bovine-CoV,TTGAGGCTT
bovine-CoV,TTGCTGGTG
bovine-CoV,TTGGGTAAT
bovine-CoV,TTGGTGCTAT
bovine-CoV,TTGTTTATG
bovine-CoV,TTGTTTTAA
bovine-CoV,TTTACTAAT
bovine-CoV,TTTACTATT
bovine-CoV,TTTGTATTTT
bovine-CoV,TTTTACAGA
bovine-CoV,TTTTGGGTT
bovine-CoV,TTTTGTTGAGG
bovine-CoV,CCTGCAGGTA
bovine-CoV,CTGGTATAG
bovine-CoV,TGGTATAGG
bovine-CoV,TTGTTTATGCAC
bovine-CoV,ACTGGTGTT
bovine-CoV,GGTGTTGTT
bovine-CoV,GTTTCTGTT
bovine-CoV,TAATATTGA
bovine-CoV,TGCTGCTAA
bovine-CoV,TTACTTGTA
bovine-CoV,AAAATCAAA
bovine-CoV,AAGATGGTGT
bovine-CoV,AATAATACT
bovine-CoV,AATGCTGAA
bovine-CoV,AATGCTGAT
bovine-CoV,AATGGTTTA
bovine-CoV,ACTATAGGTA
bovine-CoV,ACTGGTGTT
bovine-CoV,ACTGGTGTT
bovine-CoV,ACTTATTAT
bovine-CoV,ACTTGTAATA
bovine-CoV,AGATTTGGT
bovine-CoV,AGGTTAATG
bovine-CoV,AGTAAAGTT
bovine-CoV,AGTAAATGA
bovine-CoV,AGTGGTTAC
bovine-CoV,AGTGGTTATT
bovine-CoV,ATAACTATAG
bovine-CoV,ATAGGAGATTT
bovine-CoV,ATGATGTTG
bovine-CoV,ATGCTGTTG
bovine-CoV,CAGCAGCAG
bovine-CoV,CATGATGTT
bovine-CoV,CGATTGCAATA
bovine-CoV,CTAATGGTA
bovine-CoV,CTGGTATAG
bovine-CoV,CTGTTAATT
bovine-CoV,CTTTGACTT
bovine-CoV,CTTTTAATT
bovine-CoV,CTTTTAATT
bovine-CoV,CTTTTAATT
bovine-CoV,GACACTGGTGTT
bovine-CoV,GACCTACAA
bovine-CoV,GACTTATTA
bovine-CoV,GCTCTTAAT
bovine-CoV,GGTAGTGGTTA
bovine-CoV,GGTAGTGGT
bovine-CoV,GGTGTTGTT
bovine-CoV,GGTTACACT
bovine-CoV,GGTTTGTAT
bovine-CoV,GTAATATGG
bovine-CoV,GTAGGTAGTGGT
bovine-CoV,GTTTCTGTT
bovine-CoV,TAATGGTAATC
bovine-CoV,TAATGGTATT
bovine-CoV,TAATGGTAT
bovine-CoV,TAATGGTAT
bovine-CoV,TAGTTGGCA
bovine-CoV,TATAGTGTG
bovine-CoV,TATTAATGG
bovine-CoV,TATTATAAT
bovine-CoV,TATTTAAAT
bovine-CoV,TATTTTTGCTAA
bovine-CoV,TGCTGCTAA
bovine-CoV,TGGTTATTAC
bovine-CoV,TGTTAATTAT
bovine-CoV,TGTTACTAA
bovine-CoV,TGTTTCCTG
bovine-CoV,TTAAAGATGG
bovine-CoV,TTAATGAATG
bovine-CoV,TTAATTATA
bovine-CoV,TTACTAATGGT
bovine-CoV,TTACTATTGA
bovine-CoV,TTAGTGCAG
bovine-CoV,TTATGTAAA
bovine-CoV,TTATTATGT
bovine-CoV,TTCTGCTTT
bovine-CoV,TTGAGGCTT
bovine-CoV,TTGCTGGTG
bovine-CoV,TTGGGTAAT
bovine-CoV,TTGGTGCTAT
bovine-CoV,TTGTTTATG
bovine-CoV,TTGTTTTAA
bovine-CoV,TTTACTAAT
bovine-CoV,TTTACTATT
bovine-CoV,TTTGTATTT
bovine-CoV,TTTTACAGA
bovine-CoV,TTTTGTTGAGG
bovine-CoV,AAAACCAAA
bovine-CoV,AAGATGGTGT
bovine-CoV,AATAATACT
bovine-CoV,AATGCTGAA
bovine-CoV,AATGCTGAT
bovine-CoV,AATGGTTTA
bovine-CoV,ACTATAGGTA
bovine-CoV,ACTGGTGTT
bovine-CoV,ACTGGTGTT
bovine-CoV,ACTTATTAT
bovine-CoV,ACTTGTAATA
bovine-CoV,AGGTTAATG
bovine-CoV,AGTAAATGA
bovine-CoV,AGTGGTTATT
bovine-CoV,AGTTTCTGT
bovine-CoV,ATAACTATAG
bovine-CoV,ATATGAGTA
bovine-CoV,ATGATGTTG
bovine-CoV,ATGCTGTTG
bovine-CoV,ATGGTTTAAA
bovine-CoV,ATTAATGGG
bovine-CoV,ATTTTATTT
bovine-CoV,ATTTTTGCTAA
bovine-CoV,CAGCAGCAG
bovine-CoV,CATGATGTT
bovine-CoV,CATTCTTGG
bovine-CoV,CCTGCAGGT
bovine-CoV,CTAAAGTTA
bovine-CoV,CTATGGTTT
bovine-CoV,CTGATTTTA
bovine-CoV,CTGGTATAG
bovine-CoV,CTGTTAATT
bovine-CoV,GACACTGGTGTT
bovine-CoV,GACCTACAA
bovine-CoV,GACTTATTA
bovine-CoV,GCTCTTAAT
bovine-CoV,GGTAGTGGTTA
bovine-CoV,GTAATATGG
bovine-CoV,GTGTTGTCA
bovine-CoV,TAACTATAGA
bovine-CoV,TAACTATAG
bovine-CoV,TAATATTGA
bovine-CoV,TAATGGTAATC
bovine-CoV,TAGGAGATTT
bovine-CoV,TATTATAAT
bovine-CoV,TATTTAAAT
bovine-CoV,TGCTGTTGTA
bovine-CoV,TGGTATAGG
bovine-CoV,TGGTTATTAC
bovine-CoV,TGGTTTGTAT
bovine-CoV,TGTAATATT
bovine-CoV,TGTTAATTAT
bovine-CoV,TTAAAGATGG
bovine-CoV,TTAATGAATG
bovine-CoV,TTACTATTGA
bovine-CoV,TTAGTGCAG
bovine-CoV,TTATTATGT
bovine-CoV,TTCTGCTTT
bovine-CoV,TTGAGGCTT
bovine-CoV,TTGCTGGTG
bovine-CoV,TTGGTGCTAT
bovine-CoV,TTGTTAATG
bovine-CoV,TTGTTTTAA
bovine-CoV,TTTACTATT
bovine-CoV,TTTCTGTTT
bovine-CoV,TTTGTATTT
bovine-CoV,TTTTACAGA
bovine-CoV,TTTTGTTGAGG
bovine-CoV,AAAATCAAA
bovine-CoV,AACCTGTAGG
bovine-CoV,AAGATGGTGT
bovine-CoV,AATAATACT
bovine-CoV,AATGCTGAA
bovine-CoV,AATGCTGAT
bovine-CoV,AATGGTTTA
bovine-CoV,ACAAATAGA
bovine-CoV,ACCTTTTCT
bovine-CoV,ACTATAGGTA
bovine-CoV,ACTGGTGTT
bovine-CoV,ACTGGTGTT
bovine-CoV,ACTTATTAT
bovine-CoV,ACTTGTAATA
bovine-CoV,AGGTTAATG
bovine-CoV,AGTAAAGTT
bovine-CoV,AGTAAATGA
bovine-CoV,AGTGGTTAC
bovine-CoV,AGTGGTTATT
bovine-CoV,ATAACTATAG
bovine-CoV,ATGATGTTG
bovine-CoV,ATGCTGTTG
bovine-CoV,ATTTTATTT
bovine-CoV,CAGCAGCAG
bovine-CoV,CATGATGTT
bovine-CoV,CGATTGCAATA
bovine-CoV,CTAATGGTA
bovine-CoV,CTGTTAATT
bovine-CoV,CTGTTGATT
bovine-CoV,CTTTGACTT
bovine-CoV,CTTTTAATT
bovine-CoV,GACACTGGTGTT
bovine-CoV,GACCTACAA
bovine-CoV,GACTTATTA
bovine-CoV,GCTCTTAAT
bovine-CoV,GGTAGTGGTTA
bovine-CoV,GGTAGTGGTT
bovine-CoV,GGTGTTGTT
bovine-CoV,GGTTACACT
bovine-CoV,GGTTTGTAT
bovine-CoV,GTAATATGG
bovine-CoV,GTAGGTAGTGGTT
bovine-CoV,GTTTCTGTT
bovine-CoV,TAATGGTAATC
bovine-CoV,TAATGGTATT
bovine-CoV,TAATGGTAT
bovine-CoV,TAATGGTAT
bovine-CoV,TAGTTGGCA
bovine-CoV,TATAGTGTG
bovine-CoV,TATTAATGG
bovine-CoV,TATTATAAT
bovine-CoV,TATTTAAAT
bovine-CoV,TATTTTTGCTAA
bovine-CoV,TGCTGCTAA
bovine-CoV,TGGCATAGG
bovine-CoV,TGGTTATTAC
bovine-CoV,TGGTTTAAA
bovine-CoV,TGTTAATTAT
bovine-CoV,TGTTACTAA
bovine-CoV,TGTTTCCTG
bovine-CoV,TTAAAGATGG
bovine-CoV,TTAATGAATG
bovine-CoV,TTAATTATA
bovine-CoV,TTACTAATGGT
bovine-CoV,TTACTATTGA
bovine-CoV,TTAGTGCAG
bovine-CoV,TTATGTAAA
bovine-CoV,TTATTATGT
bovine-CoV,TTCTGCTTT
bovine-CoV,TTGAGGCTT
bovine-CoV,TTGCTGGTG
bovine-CoV,TTGGGTAAT
bovine-CoV,TTGGTGCTAT
bovine-CoV,TTGTTTATG
bovine-CoV,TTGTTTGTG
bovine-CoV,TTGTTTTAA
bovine-CoV,TTTACTAAT
bovine-CoV,TTTACTATT
bovine-CoV,TTTGTATTTT
bovine-CoV,TTTTACAGA
bovine-CoV,TTTTGTTGAGG
bovine-CoV,CTGGTATAG
bovine-CoV,AAAACCAAA
bovine-CoV,AAGATGGTGT
bovine-CoV,AATGCTGAA
bovine-CoV,AATGCTGAT
bovine-CoV,AATGGTATT
bovine-CoV,AATGGTTTA
bovine-CoV,ACTATAGGTA
bovine-CoV,ACTGGTGTT
bovine-CoV,ACTGGTGTT
bovine-CoV,ACTTATTAT
bovine-CoV,ACTTGTAATA
bovine-CoV,AGATTTGGT
bovine-CoV,AGGTTAATG
bovine-CoV,AGTAAAGTT
bovine-CoV,AGTAAATGA
bovine-CoV,AGTGGTTATT
bovine-CoV,ATAACTATAG
bovine-CoV,ATAGGAGATTT
bovine-CoV,ATGATGTTG
bovine-CoV,ATGCTCTTG
bovine-CoV,ATGCTGTTG
bovine-CoV,CAATACCCAA
bovine-CoV,CAGCAGCAG
bovine-CoV,CATGATGTT
bovine-CoV,CCAATGGTA
bovine-CoV,CCTGCAGGT
bovine-CoV,CTGATTTTA
bovine-CoV,CTGGTATAG
bovine-CoV,CTGTTAATT
bovine-CoV,CTTTGACTT
bovine-CoV,CTTTTAATT
bovine-CoV,GACACTGGTGTT
bovine-CoV,GACCTACAA
bovine-CoV,GCTCTTAAT
bovine-CoV,GGTAGTGGTTA
bovine-CoV,GGTAGTGGTT
bovine-CoV,GGTATTTTTG
bovine-CoV,GGTGTTACC
bovine-CoV,GGTGTTGTT
bovine-CoV,GGTTTGTAT
bovine-CoV,GTAATATGG
bovine-CoV,GTAGGTAGTGGTT
bovine-CoV,GTTTCTGTT
bovine-CoV,TAAAGTAAA
bovine-CoV,TAACTATAGA
bovine-CoV,TAACTATAG
bovine-CoV,TAATATTGA
bovine-CoV,TAATGGTAA
bovine-CoV,TAATGGTAT
bovine-CoV,TAGGTACTT
bovine-CoV,TAGTTGGCA
bovine-CoV,TATTAATGG
bovine-CoV,TATTATAAT
bovine-CoV,TATTTAAAT
bovine-CoV,TATTTTTGCTAA
bovine-CoV,TGGTTATTAC
bovine-CoV,TGGTTTAAA
bovine-CoV,TGTAATATT
bovine-CoV,TGTTAATTAT
bovine-CoV,TGTTACTAA
bovine-CoV,TGTTTATTTA
bovine-CoV,TTAAAGATGG
bovine-CoV,TTAATGAATG
bovine-CoV,TTACTATTGA
bovine-CoV,TTAGTGCAG
bovine-CoV,TTATTATGT
bovine-CoV,TTCTGCTTT
bovine-CoV,TTGAGGCTT
bovine-CoV,TTGCTGGTG
bovine-CoV,TTGGGTAAT
bovine-CoV,TTGGTGCTAT
bovine-CoV,TTGTTTTAA
bovine-CoV,TTTACTATT
bovine-CoV,TTTGTATTT
bovine-CoV,TTTTACAGA
bovine-CoV,TTTTGTTGAGG
bovine-CoV,AAAACCAAA
bovine-CoV,AAGATGGTGT
bovine-CoV,AATGCTGAA
bovine-CoV,AATGCTGAT
bovine-CoV,AATGGTTTA
bovine-CoV,ACTATAGGTA
bovine-CoV,ACTGGTGTT
bovine-CoV,ACTGGTGTT
bovine-CoV,ACTTATTAT
bovine-CoV,ACTTGTAATA
bovine-CoV,AGGTTAATG
bovine-CoV,AGTAAAGTT
bovine-CoV,AGTAAATGA
bovine-CoV,AGTGGTTATT
bovine-CoV,ATAACTATAG
bovine-CoV,ATGATGTTG
bovine-CoV,ATGCTCTTG
bovine-CoV,ATGCTGTTG
bovine-CoV,CAGCAGCAG
bovine-CoV,CATGATGTT
bovine-CoV,CATGTAAAT
bovine-CoV,CCTGCAGGT
bovine-CoV,CTAATGGTA
bovine-CoV,CTGATTTTA
bovine-CoV,CTGTTAATT
bovine-CoV,CTTTGACTT
bovine-CoV,CTTTTAATT
bovine-CoV,GACACTGGTGTT
bovine-CoV,GACCTACAA
bovine-CoV,GCTCTTAAT
bovine-CoV,GGTAATGGT
bovine-CoV,GGTAGTGGTTA
bovine-CoV,GGTGTTGTT
bovine-CoV,GGTTTGTAT
bovine-CoV,GTAATATGG
bovine-CoV,GTTTCTGTT
bovine-CoV,TAAATTGGG
bovine-CoV,TAACTATAGA
bovine-CoV,TAACTATAG
bovine-CoV,TAATATTGA
bovine-CoV,TAATGGTAATC
bovine-CoV,TAATGGTATT
bovine-CoV,TAATGGTAT
bovine-CoV,TAATGGTAT
bovine-CoV,TAGTTGGCA
bovine-CoV,TATTAATGG
bovine-CoV,TATTATAAT
bovine-CoV,TATTTAAAT
bovine-CoV,TATTTTTGCTAA
bovine-CoV,TGGCATAGG
bovine-CoV,TGGTTATTAC
bovine-CoV,TGGTTTAAA
bovine-CoV,TGTAATATT
bovine-CoV,TGTTAATTAT
bovine-CoV,TGTTACTAA
bovine-CoV,TGTTTATTTA
bovine-CoV,TTAAAGATGG
bovine-CoV,TTAATGAATG
bovine-CoV,TTACTAATGGT
bovine-CoV,TTACTATTGA
bovine-CoV,TTAGTGCAG
bovine-CoV,TTATTATGT
bovine-CoV,TTCTGCTTT
bovine-CoV,TTGAGGCTT
bovine-CoV,TTGCTGGTG
bovine-CoV,TTGGGTAAT
bovine-CoV,TTGGTGCTAT
bovine-CoV,TTGTTAATG
bovine-CoV,TTGTTTTAA
bovine-CoV,TTTACTAAT
bovine-CoV,TTTACTATT
bovine-CoV,TTTGTATTT
bovine-CoV,TTTTACAGA
bovine-CoV,TTTTGTTGAGG
bovine-CoV,AAAAATCAAACA
bovine-CoV,AAATTTCTGT
bovine-CoV,AAGATGGTGT
bovine-CoV,AATAATACT
bovine-CoV,AATGCTGAA
bovine-CoV,AATGCTGAT
bovine-CoV,AATGGTTTA
bovine-CoV,ACTATAGGTA
bovine-CoV,ACTGGTGTT
bovine-CoV,ACTGGTGTT
bovine-CoV,ACTTATTAT
bovine-CoV,ACTTGTAATA
bovine-CoV,AGATTTGGT
bovine-CoV,AGGTTAATG
bovine-CoV,AGTAAAATT
bovine-CoV,AGTAAATGA
bovine-CoV,AGTTTCTGT
bovine-CoV,ATAACTATAG
bovine-CoV,ATAGGAGATTT
bovine-CoV,ATGATGTTG
bovine-CoV,ATGCTGTTG
bovine-CoV,ATTAATGGGC
bovine-CoV,ATTTTATTT
bovine-CoV,CAATACCCAA
bovine-CoV,CAGCAGCAG
bovine-CoV,CATGATGTT
bovine-CoV,CCTGCAGGT
bovine-CoV,CTAATGGTA
bovine-CoV,CTGATTTTA
bovine-CoV,CTTGTTTTA
bovine-CoV,CTTTGACTT
bovine-CoV,CTTTTAATT
bovine-CoV,CTTTTAATT
bovine-CoV,CTTTTAATT
bovine-CoV,GACACTGGTGTT
bovine-CoV,GACCTACAA
bovine-CoV,GACTTATTA
bovine-CoV,GCTTTTAAT
bovine-CoV,GGTGTTGTT
bovine-CoV,GTAGGTAGTGGT
bovine-CoV,GTTGTTGTGATGA
bovine-CoV,GTTTCTGTT
bovine-CoV,TAAATTACA
bovine-CoV,TAATATTGA
bovine-CoV,TAATGGTAA
bovine-CoV,TAATGGTAT
bovine-CoV,TACCATTTT
bovine-CoV,TAGTTGGCA
bovine-CoV,TATTATAAT
bovine-CoV,TATTTTTGCTAA
bovine-CoV,TGCTGCTAA
bovine-CoV,TGCTGGTGT
bovine-CoV,TGGCATAGG
bovine-CoV,TGGTTTAAA
bovine-CoV,TGGTTTGTAT
bovine-CoV,TGTAATATT
bovine-CoV,TGTTAATGCA
bovine-CoV,TGTTAATTAT
bovine-CoV,TGTTACTAA
bovine-CoV,TGTTTATTTA
bovine-CoV,TTAATGATA
bovine-CoV,TTAATTATA
bovine-CoV,TTACTAATGGT
bovine-CoV,TTACTATTGA
bovine-CoV,TTAGTGCAG
bovine-CoV,TTATTATGT
bovine-CoV,TTGCTGGTG
bovine-CoV,TTGGGTAAT
bovine-CoV,TTGTTAATG
bovine-CoV,TTGTTTTAA
bovine-CoV,TTGTTTTAA
bovine-CoV,TTGTTTTAA
bovine-CoV,TTTACTAAT
bovine-CoV,TTTACTATT
bovine-CoV,TTTATTTAAAT
bovine-CoV,TTTGTATTTT
bovine-CoV,TTTTAATAA
bovine-CoV,TTTTACAGA
bovine-CoV,TTTTGTTGAGG
bovine-CoV,CATGATGTT
bovine-CoV,TAGTTGGCA
bovine-CoV,TATTATAAT
bovine-CoV,AAAATCAAA
bovine-CoV,AAGATGGTGT
bovine-CoV,AATAATACT
bovine-CoV,AATGCTGAA
bovine-CoV,AATGCTGAT
bovine-CoV,AATGGTTTA
bovine-CoV,ACTATAGGTA
bovine-CoV,ACTGGTGTT
bovine-CoV,ACTGGTGTT
bovine-CoV,ACTTATTAT
bovine-CoV,ACTTGTAATA
bovine-CoV,AGGTTAATG
bovine-CoV,AGTAAATGA
bovine-CoV,AGTGGTTATT
bovine-CoV,ATAACTATAG
bovine-CoV,ATAGGAGATTT
bovine-CoV,ATGATGTTG
bovine-CoV,ATGCTCTTG
bovine-CoV,ATGCTGTTG
bovine-CoV,ATGGTTTAAA
bovine-CoV,ATTTTATTT
bovine-CoV,ATTTTGATAG
bovine-CoV,CAGCAGCAG
bovine-CoV,CATGATGTT
bovine-CoV,CCTGCAGGT
bovine-CoV,CTAATGGTA
bovine-CoV,CTATGGTTT
bovine-CoV,CTGATTTTA
bovine-CoV,CTGGTATAG
bovine-CoV,CTGTTAATT
bovine-CoV,CTTTTAATT
bovine-CoV,GACACTGGTGTT
bovine-CoV,GACCTACAA
bovine-CoV,GACTTATTA
bovine-CoV,GCTCTTAAT
bovine-CoV,GGTAGTGGTTA
bovine-CoV,GGTATTTTTG
bovine-CoV,GGTGTTGTT
bovine-CoV,GTAATATGG
bovine-CoV,GTTTCTGTT
bovine-CoV,TAACTATAGA
bovine-CoV,TAACTATAG
bovine-CoV,TAATATTGA
bovine-CoV,TAATGGTAATC
bovine-CoV,TAATGGTAT
bovine-CoV,TACTAATTTTGA
bovine-CoV,TATTAATGGG
bovine-CoV,TATTATAAT
bovine-CoV,TATTTAAAT
bovine-CoV,TATTTTTGCTAA
bovine-CoV,TGCTGCTAA
bovine-CoV,TGGTATAGG
bovine-CoV,TGGTTTGTAT
bovine-CoV,TGTAATATT
bovine-CoV,TGTTAATTAT
bovine-CoV,TGTTACTAA
bovine-CoV,TTAAAGATGG
bovine-CoV,TTAATGAATG
bovine-CoV,TTACTAATGGT
bovine-CoV,TTACTACCCT
bovine-CoV,TTACTATTGA
bovine-CoV,TTAGTGCAG
bovine-CoV,TTATTATGT
bovine-CoV,TTCTGCTTT
bovine-CoV,TTGAGGCTT
bovine-CoV,TTGCTGGTG
bovine-CoV,TTGGTGCTAT
bovine-CoV,TTGTTAATG
bovine-CoV,TTGTTTTAA
bovine-CoV,TTTACTAAT
bovine-CoV,TTTACTATT
bovine-CoV,TTTCTGTTT
bovine-CoV,TTTGTATTTC
bovine-CoV,TTTTACAGA
bovine-CoV,TTTTGTTGAGG
bovine-CoV,AAAATCAAA
bovine-CoV,AACCTGTAGGTG
bovine-CoV,AATAGTGGTA
bovine-CoV,AATGCTCTT
bovine-CoV,AATGCTGAA
bovine-CoV,AATGCTGAT
bovine-CoV,AATGGTTTA
bovine-CoV,ACTATAGGTA
bovine-CoV,ACTGGTGTT
bovine-CoV,ACTTATTAT
bovine-CoV,ACTTGTTCTA
bovine-CoV,AGATTTGGT
bovine-CoV,AGGTTAATG
bovine-CoV,AGTAAAGTT
bovine-CoV,AGTAAATGA
bovine-CoV,AGTGGTTATT
bovine-CoV,ATAACTATAG
bovine-CoV,ATAGGAGATTT
bovine-CoV,ATGATGTTG
bovine-CoV,ATGCTCTTGA
bovine-CoV,ATGCTGTTG
bovine-CoV,ATGGCTTTT
bovine-CoV,ATGGTTTAAA
bovine-CoV,ATTTTATTT
bovine-CoV,CAGCAGCAG
bovine-CoV,CATGATGTT
bovine-CoV,CTACCAATT
bovine-CoV,CTATGGTTT
bovine-CoV,CTTTTAATT
bovine-CoV,GACCTACAA
bovine-CoV,GACTTATTA
bovine-CoV,GATTTGTCA
bovine-CoV,GCTCTTAAT
bovine-CoV,GGTAATGGT
bovine-CoV,GGTAGTGGTTA
bovine-CoV,GGTATTTTTG
bovine-CoV,GGTGTTGTT
bovine-CoV,GTAATATGG
bovine-CoV,GTTTCTGTT
bovine-CoV,TAAATCAGA
bovine-CoV,TAACTATAGA
bovine-CoV,TAACTATAG
bovine-CoV,TAATGGTAATC
bovine-CoV,TAATGGTAT
bovine-CoV,TAGTTGGCA
bovine-CoV,TATTAATGGG
bovine-CoV,TATTAATGG
bovine-CoV,TATTATAAT
bovine-CoV,TATTTAAAT
bovine-CoV,TATTTTTGCTAA
bovine-CoV,TCAGTAAAT
bovine-CoV,TGATTTTAT
bovine-CoV,TGCTGCTAA
bovine-CoV,TGGTTTGTAT
bovine-CoV,TGTTACTAA
bovine-CoV,TTAACTATA
bovine-CoV,TTAATGAATG
bovine-CoV,TTACTACCCT
bovine-CoV,TTACTATTGA
bovine-CoV,TTACTTGTA
bovine-CoV,TTAGTGCAG
bovine-CoV,TTATTAATGG
bovine-CoV,TTATTATGT
bovine-CoV,TTCTGCTTT
bovine-CoV,TTGCTGGTG
bovine-CoV,TTGTTAATG
bovine-CoV,TTGTTTTAA
bovine-CoV,TTTACTATT
bovine-CoV,TTTCCAGCA
bovine-CoV,TTTTACAGA
bovine-CoV,AAAATCAAA
bovine-CoV,AACAATATT
bovine-CoV,AATGCTGAA
bovine-CoV,AATGCTGAT
bovine-CoV,AATGGTTTA
bovine-CoV,ACTATAGGTA
bovine-CoV,ACTGGTGTT
bovine-CoV,ACTGGTGTT
bovine-CoV,ACTTATTAT
bovine-CoV,ACTTGTAATA
bovine-CoV,AGGTTAATG
bovine-CoV,AGTAAATGA
bovine-CoV,AGTCAAAAT
bovine-CoV,AGTGGTTATT
bovine-CoV,ATAACTATAG
bovine-CoV,ATAGGAGATTT
bovine-CoV,ATGATGTTG
bovine-CoV,ATGCTGTTG
bovine-CoV,ATGGTGTTA
bovine-CoV,ATGGTTTAAA
bovine-CoV,ATTTTATTT
bovine-CoV,ATTTTGATA
bovine-CoV,CACTGTTCAG
bovine-CoV,CAGCAGCAG
bovine-CoV,CCTGCAGGT
bovine-CoV,CGATTGTAATA
bovine-CoV,CTAATGGTA
bovine-CoV,CTATGGTTT
bovine-CoV,CTGATTTTA
bovine-CoV,CTTTTAATT
bovine-CoV,CTTTTGTAA
bovine-CoV,GACACTGGTGTT
bovine-CoV,GACCTACAA
bovine-CoV,GACTTATTA
bovine-CoV,GCTCTTAAT
bovine-CoV,GGTAGTGGTTA
bovine-CoV,GGTAGTGGTT
bovine-CoV,GGTATTTTTG
bovine-CoV,GGTGTTGTT
bovine-CoV,GTAATATGG
bovine-CoV,GTAGGTAGTGGTT
bovine-CoV,GTTATAATG
bovine-CoV,GTTTCTGTT
bovine-CoV,TAACTATAGA
bovine-CoV,TAACTATAG
bovine-CoV,TAATGGTAATC
bovine-CoV,TAATGGTAT
bovine-CoV,TAATGTATA
bovine-CoV,TACTATTGA
bovine-CoV,TATTAATGGG
bovine-CoV,TATTATAAT
bovine-CoV,TATTTAAAT
bovine-CoV,TATTTTTGCTAA
bovine-CoV,TGGTGTTAAT
bovine-CoV,TGGTTATTA
bovine-CoV,TGGTTTGTAT
bovine-CoV,TGTTAATTAT
bovine-CoV,TGTTACTAA
bovine-CoV,TTAATGAATG
bovine-CoV,TTACTAATGGT
bovine-CoV,TTAGTGCAG
bovine-CoV,TTCTGCTTT
bovine-CoV,TTGCTGGTG
bovine-CoV,TTGGTGCTAT
bovine-CoV,TTGGTGTTA
bovine-CoV,TTGTAATAG
bovine-CoV,TTGTTAATG
bovine-CoV,TTGTTTCCT
bovine-CoV,TTGTTTTAA
bovine-CoV,TTTACTAAT
bovine-CoV,TTTGTATTT
bovine-CoV,TTTTACAGA
bovine-CoV,AAAATCAAA
bovine-CoV,AAGATGGTGTTA
bovine-CoV,AAGATGGTGT
bovine-CoV,AATGCTGAA
bovine-CoV,AATGCTGAT
bovine-CoV,AATGGTTTA
bovine-CoV,ACTATAGGTA
bovine-CoV,ACTGGTGTT
bovine-CoV,ACTGGTGTT
bovine-CoV,ACTTATTAT
bovine-CoV,ACTTGTAATA
bovine-CoV,AGGTTAATG
bovine-CoV,AGTAAATGA
bovine-CoV,AGTGGTTAC
bovine-CoV,AGTGGTTATT
bovine-CoV,ATAACTATAG
bovine-CoV,ATGATGTTG
bovine-CoV,ATGCTGTTG
bovine-CoV,CAGCAGCAG
bovine-CoV,CATGATGTT
bovine-CoV,CGATTGCAATA
bovine-CoV,CTAATGGTA
bovine-CoV,CTGTTAATT
bovine-CoV,CTTTGACTT
bovine-CoV,CTTTTAATT
bovine-CoV,GACACTGGTGTT
bovine-CoV,GACCTACAA
bovine-CoV,GACTTATTA
bovine-CoV,GCTCTTAAT
bovine-CoV,GGTAGTGGTTA
bovine-CoV,GGTAGTGGTT
bovine-CoV,GGTGTTGTT
bovine-CoV,GGTTACACT
bovine-CoV,GGTTTGTAT
bovine-CoV,GTAATATGG
bovine-CoV,GTAGGTAGTGGTT
bovine-CoV,GTGTTAATT
bovine-CoV,GTTTCTGTT
bovine-CoV,TAATGGTAATC
bovine-CoV,TAATGGTATT
bovine-CoV,TAATGGTAT
bovine-CoV,TAATGGTAT
bovine-CoV,TAGTTGGCA
bovine-CoV,TATAGTGTG
bovine-CoV,TATGGCATTG
bovine-CoV,TATTAATGG
bovine-CoV,TATTATAAT
bovine-CoV,TATTTAAAT
bovine-CoV,TATTTTTGCTAA
bovine-CoV,TGCTGCTAA
bovine-CoV,TGGCATAGG
bovine-CoV,TGGTTATTAC
bovine-CoV,TGGTTTAAA
bovine-CoV,TGTTAATTAT
bovine-CoV,TGTTACTAA
bovine-CoV,TGTTTCCTG
bovine-CoV,TTAAAGATGGTGT
bovine-CoV,TTAATGAATG
bovine-CoV,TTAATTATA
bovine-CoV,TTACTAATGGT
bovine-CoV,TTACTATTGA
bovine-CoV,TTAGTGCAG
bovine-CoV,TTATGTAAA
bovine-CoV,TTATTATGT
bovine-CoV,TTCTGCTTT
bovine-CoV,TTGAGGCTT
bovine-CoV,TTGCTGGTG
bovine-CoV,TTGGGTAAT
bovine-CoV,TTGGTGCTAT
bovine-CoV,TTGTTTATG
bovine-CoV,TTGTTTTAA
bovine-CoV,TTTACTAAT
bovine-CoV,TTTACTATT
bovine-CoV,TTTGTATTTT
bovine-CoV,TTTTACAGA
bovine-CoV,TTTTGTTGAGG
