covidType,repeats
IBV,ACTTCTAGTTT
IBV,TTAGTAATAAA
IBV,ACTGTTGGT
IBV,CAGTGCACTG
IBV,CATAGCTATG
IBV,GCCTACTCT
IBV,GTATCTAAA
IBV,GTGTGCACTA
IBV,TATAATTTA
IBV,TCTTGCTTA
IBV,TTAATACTA
IBV,TTATTATAATT
IBV,TTGTCACACA
IBV,ACTTCTAGTTT
IBV,TTAGTAATAAA
IBV,CATAGCTATG
IBV,GTGTGCACTA
IBV,GTTAATACTA
IBV,TTATTAATAA
IBV,AAACCATTA
IBV,AAACCATTA
IBV,ACTGGCATGCT
IBV,TTATTATAATT
IBV,AAACTATTA
IBV,AATTATAATT
IBV,AATTATAAT
IBV,ATTAATAAT
IBV,ATTATAATT
IBV,CACCTTTACA
IBV,CCAGTATAA
IBV,GTAAAGGTG
IBV,GTGTTAACAC
IBV,TAATTCACCA
IBV,TACTAAAGA
IBV,TTAATAATA
IBV,TTAATTTGA
IBV,TTAGTTAAA
IBV,TTATAATAAT
IBV,TTATTATAATT
IBV,TTCTTTAAC
IBV,AAAGTAGTGTTAACACTACTTT
IBV,AAAACTTAAGTTTT
IBV,AAATAATTT
IBV,ACATTATTT
IBV,AGCAGTGAA
IBV,TAAAATTAT
IBV,TGAAAAGAA
IBV,TGATTTAAATCA
IBV,TGTTGATTA
IBV,TTATAATAATT
IBV,TTTAATAAA
IBV,AAATTACACCTACTAC
IBV,ACACAAACC
IBV,ATTAATATTAAT
IBV,CTTCTAATT
IBV,GAACCTGTAGC
IBV,GTGTCTATG
IBV,TAGCTAGTA
IBV,TAGTAATAA
IBV,TAGTAGGTGTAA
IBV,TATTAGTAA
IBV,TATTTATAA
IBV,TCTATTAATAGA
IBV,TGGATACAG
IBV,TTATGCAAA
IBV,TTTATAATA
IBV,AACAAAACT
IBV,AATTTCACT
IBV,ACTTAATAT
IBV,AGAAGATTT
IBV,ATTATAATT
IBV,ATTGAAAGT
IBV,CAATATGTT
IBV,CATAGCTATG
IBV,CATTTTGTG
IBV,GCAATTTTT
IBV,GCCCTAGGGC
IBV,GCCTACTCT
IBV,GCTATGGCT
IBV,GCTGGTTTA
IBV,GGTTTTATT
IBV,GTAAAGGTG
IBV,GTATCTAAA
IBV,GTGTGCACTA
IBV,GTGTTAACAA
IBV,GTTAATACTA
IBV,TAACTTAACA
IBV,TAATAGTGG
IBV,TAATATTACT
IBV,TAATATTACT
IBV,TATTACTAA
IBV,TCTTGCTTA
IBV,TGGAGTGTAG
IBV,TGTACTCAT
IBV,TGTTTCAACA
IBV,TTATTATAATT
IBV,TTATTTACA
IBV,TTGTAAATA
IBV,TTGTCACACA
IBV,TTTGATTATAA
IBV,TTTGTTGTA
IBV,TTTTGTGGTA
IBV,AATACTAGTATT
IBV,TTATTATAATT
IBV,ACTCAACACAA
IBV,TTATTATAATT
IBV,ACACTGTAA
IBV,AACAGATTCT
IBV,AACCATCTG
IBV,AATAAAAAT
IBV,AATCTGTTT
IBV,ACTTCTAGTTT
IBV,ACTTTTTAT
IBV,AGATGTAAG
IBV,AGCCATAGA
IBV,ATAAAAATAC
IBV,ATTACTAAT
IBV,ATTACTAAT
IBV,CAACTCACG
IBV,CACTTAATA
IBV,CAGGTATGA
IBV,CATACTGCT
IBV,GAAGATCTTC
IBV,GAATCTGTTG
IBV,GTATCTAAA
IBV,GTGTATAAAC
IBV,TAACAACAT
IBV,TAATAATGGC
IBV,TATAATTATA
IBV,TATGGCAAG
IBV,TCATTACTA
IBV,TCATTATCT
IBV,TCTGTTGTAA
IBV,TGAAACAACT
IBV,TGCTAGAGA
IBV,TTAGTAATAAA
IBV,TTAGTAATA
IBV,TTCACTTCTA
IBV,TTGCATGTC
IBV,TTGCTTTAT
IBV,TTTCTGAGT
IBV,TTTGTGGTA
IBV,CATAGCTATG
IBV,GTGTGCACTA
IBV,AATGAAAAAT
IBV,ACCAGACAC
IBV,CATAGCTATG
IBV,GCCTACTCT
IBV,GTATCTAAA
IBV,GTGTGCACTA
IBV,GTTAATACTA
IBV,GTTAATACT
IBV,TATAATTTA
IBV,TGCGTTAATA
IBV,TTATCTAAA
IBV,TTATTATAATT
IBV,TTTCATTTCT
IBV,GTGTTAACAC
IBV,TTAGTTAAA
IBV,AACATCTGTA
IBV,CTTATTAATAAG
IBV,GTGGTTATTA
IBV,TAAAGTTATG
IBV,TCTAAATTTAGA
IBV,TTAATACCAC
IBV,AACAAAACT
IBV,AATAATTAT
IBV,ACAAAACTACT
IBV,ACCAGAAACTA
IBV,ACCATTTTG
IBV,ACTCATCATC
IBV,ACTTAATAT
IBV,AGAATCAATT
IBV,AGTTTTAATT
IBV,ATAATAATA
IBV,ATTTTGTGGTA
IBV,ATTTTGTGG
IBV,CAAGCGCTTG
IBV,CAATATGTT
IBV,CATAGCTATG
IBV,CATTTTGTG
IBV,CTAGCATTA
IBV,CTAGCTTGT
IBV,GGTTTTATT
IBV,GTAATAATTA
IBV,GTAATAATT
IBV,GTATACAAA
IBV,GTATCTAAA
IBV,GTGTATAAA
IBV,GTGTGCACTA
IBV,TAACAGGCA
IBV,TAACAGTTA
IBV,TAATAAGAA
IBV,TAATAAGGC
IBV,TAATATTACT
IBV,TATAATTTA
IBV,TATTACTAA
IBV,TATTATAAT
IBV,TCAACACAA
IBV,TGAGTTGCAA
IBV,TTAAATCTTT
IBV,TTAATTATT
IBV,TTATAATCAA
IBV,TTATAATCA
IBV,TTATTATAATT
IBV,TTATTTACA
IBV,TTGTATACAA
IBV,TTTGTGGTA
IBV,AAATAATTT
IBV,ACATTATTT
IBV,ATTAATAAA
IBV,CCTCCTTTA
IBV,TAAAATTAT
IBV,TGAAAAGAA
IBV,TGATTTAAATCA
IBV,TGTTGATTA
IBV,TTATAATAATT
IBV,GTAGTGTTAACACTAC
IBV,GTTAACACTA
IBV,AAGGCCATT
IBV,ACAAGGTCA
IBV,ACTCAACACAA
IBV,AGAAGATTT
IBV,AGGTGGTGT
IBV,CAATATGTT
IBV,CCACTACCA
IBV,CTAGCATTA
IBV,CTGTTGTAA
IBV,CTTAGCAGA
IBV,CTTCAAGGT
IBV,GGTACTGTA
IBV,GTAAAGGTG
IBV,GTAGTAATG
IBV,GTGTATAAA
IBV,TAATAAGAA
IBV,TACTAATAG
IBV,TCTTCACAA
IBV,TCTTCTATA
IBV,TGGTGTTAA
IBV,TGTAACTGA
IBV,TTAATTTGA
IBV,TTATTATAATT
IBV,TTATTTACA
IBV,TTCAGTTAC
IBV,TTGAACCTG
IBV,TTGTAAATA
IBV,TTGTTTGCA
IBV,TTTGAATGT
IBV,TTTTATATT
IBV,ACTGGCATGCT
IBV,TGCCAGTAT
IBV,CATAGCTATG
IBV,GCCCTAGGGC
IBV,GTGTGCACTA
IBV,GTTAATACTA
IBV,TAACTTAACA
IBV,TTATTATAATT
IBV,TTGTCACACA
IBV,ACTGGCATGCT
IBV,ATTCACTTT
IBV,TATTATAAT
IBV,TCAACACAA
IBV,TGCCAGTAT
IBV,TTATAAACA
IBV,TTATTATAATT
IBV,ACTTTAAAGT
IBV,CCATCTGAAAAATTACCAGTG
IBV,AAACCATTA
IBV,AACAAAACT
IBV,ACTGTTGGT
IBV,ACTTAATAT
IBV,ACTTAATAT
IBV,AGTTTTAAGT
IBV,ATAATAATA
IBV,CAATATGTT
IBV,CATTTTGTG
IBV,CCATCCTAG
IBV,CTGTTGTAA
IBV,GATAAGGTCC
IBV,GCCTACTCT
IBV,GCTGGTTTA
IBV,GGAATGATAC
IBV,GGTGGTGTTA
IBV,GGTTTTATT
IBV,GTAAAGGTG
IBV,GTGTGCACTA
IBV,GTGTTAATA
IBV,TAATATTACT
IBV,TAATATTACT
IBV,TATAATTTA
IBV,TATTACTAA
IBV,TCTTGCTTA
IBV,TGATCTTGT
IBV,TGGCTAGCCA
IBV,TGTACTCAT
IBV,TGTTTCAACA
IBV,TTAATACTAC
IBV,TTATTAACA
IBV,TTATTTACA
IBV,TTGTAAATA
IBV,TTGTCACACA
IBV,TTTCAACAA
IBV,TTTTGTGGTA
IBV,GCCCTAGGGC
IBV,GTGTGCACTA
IBV,GTTAATACTA
IBV,TTATTATAATT
IBV,TTGTCACACA
IBV,AAAAGTTTGT
IBV,AAAATTATA
IBV,AAACCAAAG
IBV,AAACCATTA
IBV,AAACTAGCA
IBV,AACATCTGTA
IBV,ACTACAAACT
IBV,ATATCTAAA
IBV,CATTTAGAT
IBV,CCAAAGCTTTGG
IBV,GAGACTACA
IBV,GCAACTTGT
IBV,GTTATTATAA
IBV,TTATAATAA
IBV,CATAGCTATG
IBV,GTGTGCACTA
IBV,GTTAATACTA
IBV,TGCGTTAATA
IBV,TTATTATAATT
IBV,AAACCATTA
IBV,ATACTCTAGG
IBV,CATAGCTATG
IBV,GCCTACTCT
IBV,GTATCTAAA
IBV,GTGTGCACTA
IBV,GTTAATACTA
IBV,GTTAATACT
IBV,TAACTTAACA
IBV,TCTTGCTTA
IBV,TTATCTAAA
IBV,TTATTATAATT
IBV,AGTAGTGTTAACACTACT
IBV,TTATTATAATT
IBV,ACACTGTAA
IBV,ACACTGTAA
IBV,ACCAGAAACTA
IBV,TAGTATTAATACTA
IBV,TATTATAAT
IBV,TCAACACAA
IBV,TGCCAGTAT
IBV,TTATAATAA
IBV,TTATTATAATT
IBV,AAATAGTGT
IBV,ACTGGTTCTCA
IBV,TATAACTGG
IBV,TATTATAAT
IBV,TCAACACAA
IBV,TGCCAGTAT
IBV,TTATAAACA
IBV,TTATTAATAGT
IBV,TTATTATAATT
IBV,CATAGCTATG
IBV,GCCCTAGGGC
IBV,GTTAATACTA
IBV,TAACTTAACA
IBV,TTATTATAATT
IBV,TTGTCACACA
IBV,TTATTATAATT
IBV,TTTGGCCAATA
IBV,ACTTCTAGTTT
IBV,TTAGTAATAAA
IBV,AAATAGTGT
IBV,ACTGGCATG
IBV,ACTGGTTCTCA
IBV,AGTTATAACT
IBV,TATAACTGGC
IBV,TATTATAAT
IBV,TCAACACAA
IBV,TGCCAGTAT
IBV,TTATAAACA
IBV,TTATAATAAT
IBV,TTATTAATAGT
IBV,TTATTATAATT
IBV,TTCATATGAA
IBV,TATAATTTA
IBV,AAAGTAGTGTTAACACTACTTT
IBV,ACACTGTAA
IBV,GTGTTAACAC
IBV,ACACATTGT
IBV,CATAGCTATG
IBV,GTGTGCACTA
IBV,GTTAATACTA
IBV,TGCGTTAATA
IBV,TTATTATAATT
IBV,ACTGGTTCTCA
IBV,TTATTATAATT
IBV,AAAGGTGTCTAT
IBV,TTATTATAATT
IBV,AAAAACCAA
IBV,ACAACAACA
IBV,ACTCAACACA
IBV,AGTGAGTTTA
IBV,ATAGTGTTT
IBV,ATGGTTTGC
IBV,ATTACTAATAT
IBV,ATTACTAAT
IBV,CAAAGTTTT
IBV,CACCTGATG
IBV,CACTTAATA
IBV,CTAATATAA
IBV,CTAATTCTC
IBV,CTAGCATTA
IBV,CTTACTCAT
IBV,GAAGATCTTC
IBV,GAATCTGTTG
IBV,GGTTTTATT
IBV,GTATAAAAA
IBV,GTGTTAACAC
IBV,TAACAAAACCT
IBV,TAACAAAAC
IBV,TAACACATTG
IBV,TACTTTTAAA
IBV,TATATTATA
IBV,TATGGCAAG
IBV,TCAGGTATG
IBV,TCGTGTAAT
IBV,TCTGTTGTAA
IBV,TGCTAGAGA
IBV,TGTAGTTAA
IBV,TTACTAAGA
IBV,TTATTAAAGG
IBV,TTGTATAAAA
IBV,TTTAATACT
IBV,TTTCTGAGTGG
IBV,TTTGTAACA
IBV,TTTGTGGTA
IBV,ACTTCTAGTTT
IBV,TTAGTAATAAA
IBV,AAAGTAGTGTTAACACTACTTT
IBV,ACTTCTAGTTT
IBV,GTTGTTATAATT
IBV,AAATCTGGT
IBV,AACAGATTC
IBV,AACTTGTTGT
IBV,AATAGTGTCAACAC
IBV,ACAAAATCC
IBV,ACATTACTAAAA
IBV,AGAACATGT
IBV,AGAAGTACTTCT
IBV,AGAGGATAT
IBV,AGTAAAAAC
IBV,AGTTCACCA
IBV,ATAATTATA
IBV,ATGAAAAAT
IBV,ATGTACTCAT
IBV,CATAGTTTG
IBV,CTGGTAACT
IBV,CTTACGTAAG
IBV,GAAGATCTTC
IBV,GACATAGTT
IBV,GCAAAGGTG
IBV,GCAATTTTT
IBV,GCCAGAGAA
IBV,GCTACACAA
IBV,TAACAACATC
IBV,TAATGCATTA
IBV,TACTTCTAA
IBV,TATAATTATA
IBV,TATTATAAC
IBV,TATTATAAT
IBV,TCTTACCAC
IBV,TGGCTAGCCA
IBV,TGTTGTTAT
IBV,TGTTTGATA
IBV,TTAGTAATA
IBV,TTCTTACCA
IBV,TTGTAAACA
IBV,TTGTTGTTA
IBV,TTTAGCAGATGC
IBV,TTTAGTAAT
IBV,TTTCTGAGT
IBV,TTTTATAAAA
IBV,TTTTGTGGTA
IBV,AAACCATTA
IBV,AATTTTGTA
IBV,AATTTTGTA
IBV,ACAAAATTTTG
IBV,ATTGTTTAT
IBV,GTATACAAA
IBV,GTCTAAAAC
IBV,TATTATAAT
IBV,TCAACACAA
IBV,TGTAATTCT
IBV,TTATAATAA
IBV,TTATTATAATT
IBV,AACTTGTTGT
IBV,ACTGGTTCTCA
IBV,ACTTAATATAAGT
IBV,AGCACCAGCT
IBV,ATTAAAATCAC
IBV,GGATCTTATC
IBV,TAGTGATTTT
IBV,TAGTGTTAACACTA
IBV,TCAGTACTGA
IBV,TCCTTAAGGA
IBV,TCTCTGGAGT
IBV,TGCATATGCA
IBV,TTATTATAATT
IBV,TTGTATAAAA
IBV,TTTTCAAATG
IBV,CATAGCTATG
IBV,GCCCTAGGGC
IBV,GTGTGCACTA
IBV,GTTAATACTA
IBV,TTATTATAATT
IBV,TTGTCACACA
IBV,GTGTGCACTA
IBV,GTTAATACTA
IBV,GTTTCATTAC
IBV,TTATTATAATT
IBV,TTGTCACACA
IBV,TAGACCATT
IBV,AACCTTGAC
IBV,AGTAAGAAT
IBV,AGTGATATT
IBV,ATACCACCT
IBV,ATTCAGTTA
IBV,GGTCTCATT
IBV,TATAATAAT
IBV,TCAATTAAT
IBV,ATCTGTTGG
IBV,GAAGATCTTC
IBV,AAAGTATTAA
IBV,TACTTTCTA
IBV,GTTATTATAATT
IBV,TAGTGTTAACACTA
IBV,ACTTCTAGTTT
IBV,CATAGCTATG
IBV,GCCCTAGGGC
IBV,GTGTGCACTA
IBV,GTTAATACTA
IBV,TGTACTACTAC
IBV,TTATTATAATT
IBV,TTGTCACACA
IBV,ACTGTAATTT
IBV,ACTGTAATTT
IBV,AGTGCGCACT
IBV,CATAGCTATG
IBV,GTGTTAACAC
IBV,TTAGTTAAAG
IBV,AAACTATTA
IBV,AATTATAAT
IBV,ATTAATAAT
IBV,ATTATAATT
IBV,GTAAAGGTG
IBV,TAATTCACCAA
IBV,TACTAAAGA
IBV,TATGTACTCAT
IBV,TGTTTGATA
IBV,TTAATAATA
IBV,TTAATTTGA
IBV,TTAGTTAAA
IBV,TTATTATAATT
IBV,AGCATCTAGCT
IBV,ATAATAATAG
IBV,ATTATAATA
IBV,ATTATAATA
IBV,ATTTTAAAAT
IBV,CATGTACATG
IBV,CCATCCTAAA
IBV,GCACTGTGTT
IBV,GGTTTTATTA
IBV,GTGTTAACAC
IBV,GTTATTATAATTA
IBV,TATGCAAGAA
IBV,TATTATAAT
IBV,TGATAGTTTT
IBV,TTAACACTA
IBV,TTAACACTA
IBV,TTACAGATGA
IBV,TTAGTAATAAA
IBV,TTATATTACG
IBV,CATAGCTATG
IBV,GCCCTAGGGC
IBV,GTATCTAAA
IBV,GTATCTAAA
IBV,GTGTGCACTA
IBV,GTTAATACTA
IBV,TTATTATAATT
IBV,TTGTCACACA
IBV,ACAAAACTAC
IBV,ACTGTAATTT
IBV,CATAGCTATG
IBV,CGTATCTAAA
IBV,TTAATATTAA
IBV,TTATTATAATT
IBV,GCCCTAGGGC
IBV,GCCTATAGGC
IBV,GTGTGCACTA
IBV,GTTAATACTA
IBV,TTATTATAATT
IBV,TTGTCACACA
IBV,AAACCATTA
IBV,AACAAAACT
IBV,ACTGTTGGT
IBV,ACTTAATAT
IBV,ACTTAATAT
IBV,ATAATAATA
IBV,CAATATGTT
IBV,CATTTTGTG
IBV,CTAGCATTA
IBV,CTGTTGTAA
IBV,GCCTACTCT
IBV,GCTGGTTTA
IBV,GTAAAGGTG
IBV,GTATCTAAA
IBV,GTGTTAATA
IBV,TAACAGGCA
IBV,TAATATTACT
IBV,TAATATTACT
IBV,TATAATTTA
IBV,TATTACTAA
IBV,TCTTACCAC
IBV,TCTTGCTTA
IBV,TGGAGTGTA
IBV,TGTACTCAT
IBV,TTATTAACA
IBV,TTATTTACA
IBV,TTGTAAATA
IBV,ACCAAAGTG
IBV,GCATAAGCA
IBV,TTAGTTAAA
IBV,TATGCAAGA
IBV,TATAATTTA
IBV,ACACTGTAA
IBV,AAAATTACACCTACTAC
IBV,ATTAATATTAAT
IBV,CAAAATTGT
IBV,CTTCTAATT
IBV,GCAACATGTTGC
IBV,GTGTCTATG
IBV,TAGCTAGTA
IBV,TAGTAGGTG
IBV,TATGCAAAACA
IBV,TATTAGTAA
IBV,TATTTATAA
IBV,TCTATTAATAGA
IBV,TTATGCAAA
IBV,TTATTAGTA
IBV,TTTATAATA
IBV,AATCTGTTT
IBV,AATTTTGTA
IBV,ACTTCTAGTTT
IBV,AGATGTAAG
IBV,GTATCTAAA
IBV,TAAAATACA
IBV,TAATAAAAC
IBV,TCTAAAATA
IBV,TGGTCTAAAAT
IBV,TTAGTAATAAA
IBV,TTATAATAA
IBV,TTATACTCA
IBV,TTATTTAAA
IBV,TTCACTTCT
IBV,ACTTTAAAGT
IBV,AAACTTACCA
IBV,AATCTACCAG
IBV,AATTGCCACAA
IBV,ACCCAGTCA
IBV,ACTGGCATGCT
IBV,AGGTTTTAT
IBV,AGTTATAACT
IBV,ATCAAAATCA
IBV,ATCTGTTGG
IBV,ATTCACTTT
IBV,CAATTTCACT
IBV,CACTTAATA
IBV,CACTTTCAGT
IBV,CCAGTTATAA
IBV,CCATTAGGT
IBV,CCTGCAGTA
IBV,CTGTTGGTA
IBV,CTTACTCAT
IBV,GCAATTTTT
IBV,GCAATTTTT
IBV,GCCTGCAGT
IBV,GGCAATTTT
IBV,GTAAAGGTG
IBV,GTATACAAA
IBV,TAACAGTTA
IBV,TAAGTTTTG
IBV,TAATAAGAA
IBV,TATAACTGGC
IBV,TATTATAAT
IBV,TCAACACAA
IBV,TCTGGAGTG
IBV,TGCATACTG
IBV,TGCCAGTAT
IBV,TGTCAAGTA
IBV,TGTTGGTAA
IBV,TTACTAAGA
IBV,TTATAAACA
IBV,TTATAATAAT
IBV,TTATTATAATT
IBV,TTCTGAGTAG
IBV,TTGTATAAAA
IBV,TTTGCTTGT
IBV,TTTTGTATG
IBV,ACTTCTAGTTT
IBV,TTAGTAATAAA
IBV,AAACCATTA
IBV,AACAAAACT
IBV,AAGATCTTT
IBV,AATCTTTTC
IBV,ACCATTTTG
IBV,ACTTAATAT
IBV,ACTTAATAT
IBV,AGAGTGATG
IBV,AGTTTTAAT
IBV,ATGAAAGAA
IBV,ATTTTGTGGTA
IBV,CAAAACTAC
IBV,CATTTTGTG
IBV,CCATAGATG
IBV,CTAGCATTA
IBV,CTGCTAAAT
IBV,GAATATAAT
IBV,GCCTACTCT
IBV,GGTTTTATT
IBV,GTAAAGGTG
IBV,GTGTATAAG
IBV,TAATAAGGC
IBV,TAATAATTA
IBV,TATAATCAA
IBV,TATAATTTA
IBV,TGAATATAA
IBV,TGTACTCAT
IBV,TTAATTATT
IBV,TTACTAAGA
IBV,TTATTATAATT
IBV,TTGTAAATA
IBV,TTTTATTTACA
IBV,AATTATAATT
IBV,AATTATAAT
IBV,ATTATAATT
IBV,CACCTTTACA
IBV,GTGTTAACAC
IBV,TAATTCACCAA
IBV,TTATAATAAT
IBV,TTATTATAATT
IBV,GTATTTAAATAC
IBV,TTATTATAATT
IBV,AAAGCCATA
IBV,AACCATCTG
IBV,ACTTTTTAT
IBV,AGCCATAGA
IBV,ATTAAATTC
IBV,ATTACTAAT
IBV,ATTACTAAT
IBV,CAAACTGCT
IBV,CAAGAGGTT
IBV,CAAGGTCCT
IBV,CACCACTTT
IBV,CACTTAATA
IBV,CAGGTATGA
IBV,CATACTGCT
IBV,CATTTACAT
IBV,CATTTTGTGGTA
IBV,CCTAATATTAGG
IBV,CTAGCATTA
IBV,GTATAAAAA
IBV,GTATCTAAA
IBV,TAACAACAT
IBV,TAACTATAGTTA
IBV,TATGATTCC
IBV,TATTATAAT
IBV,TCATTACTA
IBV,TCATTATCT
IBV,TGCTAGAGA
IBV,TGGTATGAC
IBV,TGTTGTTAT
IBV,TTAGTAATAAA
IBV,TTAGTAATA
IBV,TTCTTACCA
IBV,TTGCATGTC
IBV,TTGCTTTAT
IBV,TTTAATAAA
IBV,TTTCTGAGTGG
IBV,TTTGTATAAAA
IBV,TTTGTGGTA
IBV,AATTCTTAC
IBV,ACACATTGT
IBV,ACAGATTGC
IBV,AGTAAGTAT
IBV,CAAAATTTTG
IBV,CGTCTAGACG
IBV,GCCTATAGGC
IBV,TACAAACTGC
IBV,TCAAAATTT
IBV,TGATACTATTG
IBV,TGTTGTTAT
IBV,TTTGTGGTT
IBV,TTTTACTAAT
IBV,ACTAATATTAGT
IBV,ATGAGAAAT
IBV,ATTATTAAT
IBV,TAAAATTAT
IBV,TGCTGCTTT
IBV,TTATTATAATT
IBV,TTTACTACT
IBV,TTTGTTTGA
IBV,AAACTATTA
IBV,AACAGATTC
IBV,AAGGCCATT
IBV,AATTTAACA
IBV,ACACTAATA
IBV,AGAACATGT
IBV,ATTTTGTGGTA
IBV,CAAAATGTTCA
IBV,CAATATGTT
IBV,CGTTTACTACT
IBV,CTAGCATTA
IBV,GAGAAAGTA
IBV,GGTGGTGTT
IBV,GGTTCTCAA
IBV,GTAGTGTTAACACTAC
IBV,GTATTGTTC
IBV,TAACAGTTT
IBV,TAATAAGGC
IBV,TACTAACAT
IBV,TAGCCATGA
IBV,TATTATAAT
IBV,TCATTACTA
IBV,TCTGAGTAG
IBV,TTAATTTGA
IBV,TTGTTTGCA
IBV,TTTAATATA
IBV,TTTGTGGTA
IBV,TTTTGAGTG
IBV,ACACATTGT
IBV,ACCATTTTG
IBV,ACCTAATAG
IBV,AGTTATGAG
IBV,ATAGTGTTT
IBV,ATAGTGTTT
IBV,CAAGGTCTT
IBV,CACAAACAG
IBV,CACTTAATA
IBV,CCAAAATTTTTAT
IBV,CCTGCAGTA
IBV,CTAGCATTA
IBV,GACATCTTC
IBV,GCAACACAA
IBV,GCAATTTTT
IBV,GCCTGCAGT
IBV,GGTCTTATT
IBV,GGTCTTATT
IBV,GTAAAGGTG
IBV,GTATACAAA
IBV,GTCTATTAG
IBV,GTGATGACA
IBV,GTTATTATA
IBV,TAACATTAA
IBV,TAACATTAA
IBV,TAATACAGGTGGT
IBV,TACAAACTG
IBV,TAGTAATGA
IBV,TATTATAAT
IBV,TGGATCTTA
IBV,TTATTTACA
IBV,TTTAAAAGT
IBV,ACTTCTAGTTT
IBV,GTGTGCACTA
IBV,GTGTTAACAC
IBV,TAACTTAACA
IBV,TATAATTATA
IBV,TGTGTTAACA
IBV,TTAGTAATAAA
IBV,TTGTCACACA
IBV,CATAGCTATG
IBV,GCCCTAGGGC
IBV,GTGTGCACTA
IBV,GTTAATACTA
IBV,TATTATAATT
IBV,AAACTTACCA
IBV,AAATAGTGT
IBV,AAGGTCCTT
IBV,AATCTACCAG
IBV,ACACTATTT
IBV,ACCCAGTCA
IBV,ACTGGTTCTCA
IBV,AGGTTTTAT
IBV,AGTTATAACT
IBV,ATAGGTACT
IBV,ATCAAAATCA
IBV,ATCTGTTGG
IBV,CACTTAATA
IBV,CATCAAAATCA
IBV,CCAGTTATAA
IBV,CTAGCATTA
IBV,CTGGCTTTA
IBV,CTTCATCTG
IBV,GCAATTTTT
IBV,GTAAAGGTG
IBV,GTACTACTA
IBV,TAACAGTTA
IBV,TAAGTTTTG
IBV,TATAACTGGC
IBV,TATTATAAT
IBV,TCAACACAA
IBV,TCCTTAAGGA
IBV,TGCCAGTAT
IBV,TGGTACTATT
IBV,TGTAAATAA
IBV,TGTATTGTT
IBV,TGTTGGTAA
IBV,TTATAAACA
IBV,TTATAATAAT
IBV,TTATTAATAGT
IBV,TTATTATAATT
IBV,TTATTTACA
IBV,TTCATATGAA
IBV,TTCTGAGTAG
IBV,TTGCCACAA
IBV,TTGGTACTATT
IBV,TTGTATAAAA
IBV,TTTGTTGTA
IBV,TTTTATTAA
IBV,ACTGTTGGT
IBV,GCCTACTCT
IBV,GTATCTAAA
IBV,TATAATTTA
IBV,TATATTATA
IBV,TCTTGCTTA
IBV,TTAATACTA
IBV,TTATCTAAA
IBV,TTATTATAATT
IBV,ACCACTCTG
IBV,ACTCAACACA
IBV,AGTGAGTTTA
IBV,GTGTTAACAC
IBV,TAACACATTG
IBV,AAACTTACCA
IBV,AATCTACCAG
IBV,AATTGCCACAA
IBV,ACCCAGTCA
IBV,ACTGGCATGCT
IBV,AGGTTTTAT
IBV,AGTTATAACT
IBV,ATCAAAATCA
IBV,ATCTGTTGG
IBV,ATTCACTTT
IBV,CAATTTCACT
IBV,CACTTAATA
IBV,CACTTTCAGT
IBV,CCAGTTATAA
IBV,CCATTAGGT
IBV,CCTGCAGTA
IBV,CTGTTGGTA
IBV,CTTACTCAT
IBV,GCAATTTTT
IBV,GCAATTTTT
IBV,GCCTGCAGT
IBV,GGCAATTTT
IBV,GTAAAGGTG
IBV,GTATACAAA
IBV,TAACAGTTA
IBV,TAAGTTTTG
IBV,TATAACTGGC
IBV,TATTATAAT
IBV,TCAACACAA
IBV,TCTGGAGTG
IBV,TGCATACTG
IBV,TGCCAGTAT
IBV,TGTCAAGTA
IBV,TGTTGGTAA
IBV,TTACTAAGA
IBV,TTATAAACA
IBV,TTATAATAAT
IBV,TTATTATAATT
IBV,TTCTGAGTAG
IBV,TTGTATAAAA
IBV,TTTGCTTGT
IBV,TTATTATAATT
IBV,AAACCAGTA
IBV,TACTGGTTT
IBV,TACTGGTTT
IBV,ACTGGCATGCT
IBV,ACTGGTTCTCA
IBV,TTATTAATAGT
IBV,TTATTATAATT
IBV,CATAGCTATG
IBV,GCCCTAGGGC
IBV,GTGTGCACTA
IBV,GTTAATACTA
IBV,TGCGTTAATA
IBV,TTATTATAATT
IBV,ATAAATTTAT
IBV,GGCAGCTGCC
IBV,TATAGCTATA
IBV,TGCTATAGCA
IBV,ACTGTAATTT
IBV,ATAGTATTA
IBV,CAGTGCACTG
IBV,CATAGCTATG
IBV,CCATAGATG
IBV,CGTATCTAAA
IBV,GAGGTGCTT
IBV,GCCTACTCT
IBV,GTGTGCACTA
IBV,GTTAATACTA
IBV,GTTAATACT
IBV,TAATAATTA
IBV,TATAATTTA
IBV,TTATTATAATT
IBV,ACTGTAATTT
IBV,ATAGTATTA
IBV,CAGTGCACTG
IBV,CATAGCTATG
IBV,CCATAGATG
IBV,CGTATCTAAA
IBV,GAGGTGCTT
IBV,GCCTACTCT
IBV,GTGTGCACTA
IBV,GTTAATACTA
IBV,GTTAATACT
IBV,TAATAATTA
IBV,TATAATTTA
IBV,TTATTATAATT
IBV,ACCGCGCCGC
IBV,AGCTGCAGCT
IBV,ATAAATTTAT
IBV,GGCAGCTGCC
IBV,TATAGCTATA
IBV,TGCTATAGCA
IBV,CTCAACCTCTT
IBV,AAAGTAGTG
IBV,ACTGTTGGT
IBV,CAGTGCACTG
IBV,CATAGCTATG
IBV,GCCTACTCT
IBV,GTATCTAAA
IBV,GTGTGCACTA
IBV,GTTAATACTA
IBV,GTTAATACT
IBV,TAATAAAAC
IBV,TATAATTTA
IBV,TTATTATAATT
IBV,ACTCAACACAA
IBV,TTATTATAATT
IBV,ACTTCTAGTTT
IBV,TTAGTAATAAA
IBV,GTAATTTTA
IBV,TAATTTTAT
IBV,TCAACACAA
IBV,TGCCAGTAT
IBV,TTATTATAATT
IBV,TTTGCACTA
IBV,AAATTATAATA
IBV,ATAATATTAT
IBV,GTGTGCACTA
IBV,GTTAATACTA
IBV,TTATAATTTA
IBV,TTATTATAATT
IBV,ACTGGCATGCT
IBV,AAATTATAATA
IBV,AATAATTAT
IBV,AATTACATG
IBV,AATTTTGTAGT
IBV,ACCCTGCAT
IBV,ATAATATTAT
IBV,CAAAATTTTG
IBV,CTACTAATT
IBV,GTGTGCACTA
IBV,TAATAATTA
IBV,TAATATTAT
IBV,TATAATCAA
IBV,TATTATAAT
IBV,TCAACACAA
IBV,TTATAATTTA
IBV,TTATTATAATT
IBV,ACTGGCATGCT
IBV,ATTCACTTT
IBV,TATTATAAT
IBV,TCAACACAA
IBV,TGCCAGTAT
IBV,TTATAAACA
IBV,TTATTATAATT
IBV,TTATTATAATT
IBV,AAACCATTA
IBV,AAAGTGCTT
IBV,AACAAAACT
IBV,AAGATCTTT
IBV,AATCTTTTC
IBV,ACCATTTTG
IBV,ACTTAATAT
IBV,ACTTAATAT
IBV,AGAGTGATG
IBV,AGTTTTAAT
IBV,ATGAAAGAA
IBV,ATTTTGTGGTA
IBV,CATTTTGTG
IBV,CCATAGATG
IBV,CTAGCATTA
IBV,GAATATAAT
IBV,GCCTACTCT
IBV,GGTTTTATT
IBV,GTAAAGGTG
IBV,GTGTATAAG
IBV,GTTAATACT
IBV,TAATAATTA
IBV,TATAATCAA
IBV,TATAATTTA
IBV,TGAATATAA
IBV,TGTACTCAT
IBV,TTAATTATT
IBV,TTACTAAGA
IBV,TTGTAAATA
IBV,TTTTATTTACA
IBV,TTTTTGAGT
IBV,CAGTGCACTG
IBV,CATAGCTATG
IBV,GTTAATACTA
IBV,TAACTTAACA
IBV,TTATTATAATT
IBV,TTGTCACACA
IBV,AACATCTGT
IBV,ACTTAATAT
IBV,AGAAGATTT
IBV,AGAGAGAAGA
IBV,AGGGCCATAT
IBV,AGGTGGTGTT
IBV,AGGTTTTATA
IBV,AGTAAGAAT
IBV,AGTGCTTCT
IBV,CAATATGTT
IBV,CAGGTTTTAT
IBV,CATCCTAATATTAGGATG
IBV,CATGTACATG
IBV,CTCGTGCTT
IBV,CTTTATTAA
IBV,GAATATAAT
IBV,GCTAGCATTA
IBV,GGTCAACTT
IBV,GTAAAGGTG
IBV,GTAGTGGACC
IBV,GTGCTTCTG
IBV,GTGGTTATTA
IBV,GTTTGCACTA
IBV,TAATAAGAA
IBV,TAATAATGGC
IBV,TAATACCAC
IBV,TATAAACAC
IBV,TATTATAAT
IBV,TCTTGTCAA
IBV,TGAATATAA
IBV,TGGCTAGCCA
IBV,TGGTTTTACA
IBV,TGTCACAGA
IBV,TGTTTATAG
IBV,TTAATTTGA
IBV,TTAATTTTT
IBV,TTATTTACA
IBV,TTGGCATGTACAT
IBV,TTGTATAAAA
IBV,TTGTTTGCA
IBV,AAACCATTA
IBV,AACAAAACT
IBV,ACTGTTGGT
IBV,ACTTAATAT
IBV,ATAATAATA
IBV,ATGGCACCT
IBV,CAATATGTT
IBV,CATTTTGTG
IBV,CTAGCATTA
IBV,CTGTTGTAA
IBV,CTTCAAGGT
IBV,GCCTACTCT
IBV,GGTGGTGTTAATA
IBV,GGTTTTATT
IBV,GTATCTAAA
IBV,GTGTTAATA
IBV,GTTAATACT
IBV,TAACAGGCA
IBV,TAATATTACT
IBV,TAATATTACT
IBV,TATAATTTA
IBV,TATTACTAA
IBV,TGGAGTGTA
IBV,TGTACTCAT
IBV,TTATCTAAA
IBV,TTATTAACA
IBV,TTATTTACA
IBV,TTGTAAATA
IBV,AATAATTAT
IBV,ACTCAACACAA
IBV,ACTTAATAT
IBV,AGAGAGTCT
IBV,AGCTGCAGCT
IBV,AGGTGGTGT
IBV,ATAATAATA
IBV,ATATTAAGT
IBV,ATTTTATAA
IBV,CAAAATTTTG
IBV,CAATATGTT
IBV,CATAGCTATG
IBV,CATTTTGTG
IBV,CTAATGAGAC
IBV,CTAGCATTA
IBV,GAAGTCGTC
IBV,GGAATGATAC
IBV,GTAGTAATG
IBV,GTATCTAAA
IBV,GTGTGCACTA
IBV,TAAAATTAT
IBV,TAACAGGCA
IBV,TAATGAGACT
IBV,TACTAATAG
IBV,TCTTACCAC
IBV,TCTTCAAGGT
IBV,TGGCTAGCCA
IBV,TTAACATCT
IBV,TTAATTTGA
IBV,TTATAATAAT
IBV,TTATTATAATT
IBV,TTATTTACA
IBV,TTGAACCTG
IBV,TTTTATATT
IBV,TTTTGTGGTA
IBV,CGTTTACTACT
IBV,GTAGTGTTAACACTAC
IBV,AAAGTATTAA
IBV,AGTTTAAACT
IBV,ATAAGTAATA
IBV,AACATTACT
IBV,AAGTGAACCA
IBV,ACAAGGTCA
IBV,ACTTAATAT
IBV,AGAAGATTT
IBV,ATAAACCAT
IBV,ATAATAATA
IBV,ATACCATTTG
IBV,ATATTAAGT
IBV,ATCTGTTTA
IBV,CAATATGTT
IBV,CTAGCATTA
IBV,CTGTTGTAA
IBV,GGAATGATAC
IBV,GGCCTTATT
IBV,GTAGTAATG
IBV,GTATAACAC
IBV,GTGTATAAAC
IBV,TAATAAGAA
IBV,TAATAATAC
IBV,TAATATCTCT
IBV,TATAATTATA
IBV,TATTACTAA
IBV,TCTTCTATA
IBV,TGGCTAGCCA
IBV,TGGTGTTAAC
IBV,TTAAACAGA
IBV,TTAACATCT
IBV,TTAATTTGA
IBV,TTACAATTT
IBV,TTACTACTA
IBV,TTAGTAATAA
IBV,TTATTTACA
IBV,TTGAACCTG
IBV,TTGTAAATA
IBV,TTGTTTGCA
IBV,TTTACTACT
IBV,TTTGAATGT
IBV,TTTTATATT
IBV,TTTTGTGGTA
IBV,ACACTGTAA
IBV,AAACCATTA
IBV,AAGATCTTT
IBV,AATCTTTTC
IBV,ACCATTTTG
IBV,ACTGTAATTT
IBV,ACTTAATAT
IBV,ACTTAATAT
IBV,AGCTGCAGCT
IBV,AGTGTTGAAA
IBV,AGTTTTAAT
IBV,ATAATAATA
IBV,ATAGTATTA
IBV,ATGAAAGAA
IBV,ATTTTGTGGTA
IBV,CAGTGCACTG
IBV,CATAGCTATG
IBV,CATTTTGTG
IBV,CCATAGATG
IBV,CGTATCTAAA
IBV,CTAGCATTA
IBV,GAATATAAT
IBV,GAGGTGCTT
IBV,GCCTACTCT
IBV,GGTTTTATT
IBV,GTAAAGGTG
IBV,GTGTATAAG
IBV,GTGTGCACTA
IBV,GTTAATACTA
IBV,GTTAATACT
IBV,TAATAAGGC
IBV,TAATAATTA
IBV,TATAATCAA
IBV,TATAATTTA
IBV,TCTGTTGTAA
IBV,TGAATATAA
IBV,TGTACTCAT
IBV,TGTTTCAACA
IBV,TTAATTATT
IBV,TTACTAAGA
IBV,TTATTATAATT
IBV,TTGTAAATA
IBV,TTTTATTTACA
IBV,ACTTCTAGTTT
IBV,TAGTGCTACTTT
IBV,TTAGTAATAAA
IBV,AATTATAATT
IBV,AATTATAAT
IBV,ATTATAATT
IBV,CACCTTTACA
IBV,GTGTTAACAC
IBV,TAATTCACCAA
IBV,TTATAATAAT
IBV,TTATTATAATT
IBV,ACTTTAAAGT
IBV,ACTCAACACAA
IBV,GTACTTAAGTAC
IBV,TTATTATAATT
IBV,AACTGCTGATTA
IBV,ACTGGTTCTCA
IBV,GTGGTTTTGTT
IBV,GTGTTAACAC
IBV,AAAGTATTAA
IBV,TACTTTCTA
IBV,AAAGCGCTTT
IBV,AAGGCCATT
IBV,ACAAATTTGT
IBV,ACAATATGTT
IBV,ACCAAAGCA
IBV,ACTCTTTTG
IBV,AGCAACATGTTGCT
IBV,AGTAAGAAT
IBV,ATAAGCAAT
IBV,ATGAAAAAT
IBV,ATGTGCTCA
IBV,ATTACTAAT
IBV,ATTTCTGCT
IBV,CAAAAAGAA
IBV,CAAAGCTTTG
IBV,CTAGCATTA
IBV,GCAATTTTT
IBV,TAATGTTTCT
IBV,TACCAAAGC
IBV,TCATTACTA
IBV,TCATTATCTACAA
IBV,TGCTAGAGA
IBV,TGCTTTTAA
IBV,TTACTCATT
IBV,TTACTTCTTG
IBV,TTATAATAAT
IBV,TTATTATAAT
IBV,TTGTATAAAA
IBV,TTGTTAACAA
IBV,TTTAATATA
IBV,TTTGTGGTA
IBV,TTTTGAGTG
IBV,TTTTGTGGTA
IBV,TTTTTATTA
IBV,ACTGTTGGT
IBV,GCCTACTCT
IBV,GTATCTAAA
IBV,GTGAAAGTAGT
IBV,TATAATTTA
IBV,TCTTGCTTA
IBV,TTATCTAAA
IBV,TTATTATAATT
IBV,CATAGCTATG
IBV,GCCCTAGGGC
IBV,GTGTGCACTA
IBV,GTTAATACTA
IBV,TAACTTAACA
IBV,TTATTATAATT
IBV,TTGTCACACA
IBV,AAACCAGTA
IBV,TACTGGTTT
IBV,TACTGGTTT
IBV,TATGCACTT
IBV,TATGCACTT
IBV,AAATTATAATA
IBV,AATAATTAT
IBV,AATTATAAT
IBV,AATTATAAT
IBV,ACAAAACTACT
IBV,ACCAGAAACTA
IBV,AGTGCGCACT
IBV,AGTTATAACT
IBV,ATAATATTAT
IBV,ATTATAATT
IBV,ATTATGAAA
IBV,CTACTAATT
IBV,GTATCTAAA
IBV,TAATAATTA
IBV,TAATATTAT
IBV,TAATTATAATTA
IBV,TCAACACAA
IBV,TTATAATAA
IBV,TTATAATTTA
IBV,TTATTATAATT
IBV,ACTGGCATGCT
IBV,TGCCAGTAT
IBV,AAAGTAGTGTTAACACTACTTT
IBV,AAACCATTA
IBV,AACAAAACT
IBV,ACCACTAAT
IBV,ACTGTTGGT
IBV,ACTTAATAT
IBV,ACTTAATAT
IBV,ATAATAATA
IBV,ATGGCACCT
IBV,CAATACCAC
IBV,CAATATGTT
IBV,CATTTTGTG
IBV,CTAGCATTA
IBV,CTAGCTTGT
IBV,CTTCAAGGT
IBV,GCCTACTCT
IBV,GGTGGTGTTAATA
IBV,GGTTTTATT
IBV,GTAAAGGTG
IBV,GTATCTAAA
IBV,GTTAATACT
IBV,TAACAGGCA
IBV,TAATATTACT
IBV,TAATATTACT
IBV,TACCACTAA
IBV,TATAATTTA
IBV,TATTACTAA
IBV,TGTACTCAT
IBV,TTATTATAATT
IBV,TTTTGTGGTAT
IBV,ACTTCTAGTTT
IBV,ACAAGGTCA
IBV,ACTCAACACAA
IBV,TGACCTTGT
IBV,TTATTATAATT
IBV,CATAGCTATG
IBV,CGTATCTAAA
IBV,GTGTGCACTA
IBV,TTAGTACTAA
IBV,TTATTATAATT
IBV,AAACTTACCA
IBV,AATCTACCAG
IBV,AATTGCCACAA
IBV,ACCCAGTCA
IBV,ACTGGCATGCT
IBV,AGGTTTTAT
IBV,AGTTATAACT
IBV,ATCAAAATCA
IBV,ATCTGTTGG
IBV,ATTCACTTT
IBV,CAATTTCACT
IBV,CACTTAATA
IBV,CACTTTCAGT
IBV,CCAGTTATAA
IBV,CCATTAGGT
IBV,CCTGCAGTA
IBV,CTGTTGGTA
IBV,CTTACTCAT
IBV,GCAATTTTT
IBV,GCAATTTTT
IBV,GCCTGCAGT
IBV,GGCAATTTT
IBV,GTAAAGGTG
IBV,GTATACAAA
IBV,TAACAGTTA
IBV,TAAGTTTTG
IBV,TATAACTGGC
IBV,TATTATAAT
IBV,TCAACACAA
IBV,TCTGGAGTG
IBV,TGCATACTG
IBV,TGCCAGTAT
IBV,TGTCAAGTA
IBV,TGTTGGTAA
IBV,TTACTAAGA
IBV,TTATAATAAT
IBV,TTATTATAATT
IBV,TTCTGAGTAG
IBV,TTGTATAAAA
IBV,TTTGCTTGT
IBV,ACTGGCATGCT
IBV,ATTCACTTT
IBV,TATTATAAT
IBV,TCAACACAA
IBV,TGCCAGTAT
IBV,TTATAAACA
IBV,TTATAATAAT
IBV,TTATAATAAT
IBV,TTATTATAATT
IBV,CATAGCTATG
IBV,GCCCTAGGGC
IBV,GTGTGCACTA
IBV,GTTAATACTA
IBV,TAACTTAACA
IBV,TTATTATAATT
IBV,ACTGTAATTT
IBV,CATAGCTATG
IBV,GAGTGCACTC
IBV,GTGTGCACTA
IBV,CATAGCTATG
IBV,GCCCTAGGGC
IBV,GTGTGCACTA
IBV,GTTAATACTA
IBV,TTATTATAATT
IBV,TTGTCACACA
IBV,ACTGGCATGCT
IBV,TTATTATAATT
IBV,AAACTTACCA
IBV,AATCTACCAG
IBV,AATTGCCACAA
IBV,ACCCAGTCA
IBV,ACTGGCATGCT
IBV,AGGTTTTAT
IBV,AGTTATAACT
IBV,ATCAAAATCA
IBV,ATCTGTTGG
IBV,ATTCACTTT
IBV,CAATTTCACT
IBV,CACTTAATA
IBV,CACTTTCAGT
IBV,CCAGTTATAA
IBV,CCATTAGGT
IBV,CCTGCAGTA
IBV,CTGTTGGTA
IBV,CTTACTCAT
IBV,GCAATTTTT
IBV,GCAATTTTT
IBV,GCCTGCAGT
IBV,GGCAATTTT
IBV,GTAAAGGTG
IBV,GTATACAAA
IBV,TAACAGTTA
IBV,TAAGTTTTG
IBV,TATAACTGGC
IBV,TATTATAAT
IBV,TCAACACAA
IBV,TCTGGAGTG
IBV,TGCATACTG
IBV,TGCCAGTAT
IBV,TGTCAAGTA
IBV,TGTTGGTAA
IBV,TTACTAAGA
IBV,TTATAAACA
IBV,TTATAATAAT
IBV,TTATTATAATT
IBV,TTCTGAGTAG
IBV,TTGTATAAAA
IBV,TTTGCTTGT
IBV,TTTTGTATG
IBV,GCGGGCAGC
IBV,GGCAGCTGCC
IBV,AAACCATTA
IBV,AACAAAACT
IBV,ACTGTTGGT
IBV,ACTTAATAT
IBV,ACTTAATAT
IBV,ATAATAATA
IBV,CAATATGTT
IBV,CTAGCATTA
IBV,CTGTTGTAA
IBV,GCTGGTTTA
IBV,GGTTTTATT
IBV,GTAAAGGTG
IBV,GTGTTAATA
IBV,TAACAGGCA
IBV,TAATATTACT
IBV,TAATATTACT
IBV,TATAATTTA
IBV,TATTACTAA
IBV,TCTTGCTTA
IBV,TGGAGTGTA
IBV,TGTACTCAT
IBV,TTAATACTA
IBV,TTATTAACA
IBV,TTATTTACA
IBV,TTGTAAATA
IBV,TTGTTTGCA
IBV,TTTGCACTA
IBV,AAATTATAATA
IBV,AATAATTAT
IBV,AATTACATG
IBV,AATTTTGTAGT
IBV,ACCCTGCAT
IBV,ATAATATTAT
IBV,CAAAATTGT
IBV,CAAAATTTTG
IBV,CTACTAATT
IBV,GTGTGCACTA
IBV,TAATAATTA
IBV,TAATATTAT
IBV,TATAATCAA
IBV,TATTATAAT
IBV,TCAACACAA
IBV,TTATAATTTA
IBV,TTATTATAATT
IBV,AAAGGTGTCTAT
IBV,TTATTATAATT
IBV,AATTATAATT
IBV,AATTATAAT
IBV,ATTATAATT
IBV,CACCTTTACA
IBV,GTGTTAACAC
IBV,TAATTCACCAA
IBV,TTATAATAAT
IBV,TTATTATAATT
IBV,AAATTATAATA
IBV,AGTCACATT
IBV,ATAATATTAT
IBV,ATTATGAAA
IBV,CAAGAGGCT
IBV,CGTATCTAA
IBV,GCCTACTCT
IBV,GTTAATACTA
IBV,TAATATTAT
IBV,TAATGAGACT
IBV,TATTATAAT
IBV,TTATAATCAA
IBV,TTATAATTTA
IBV,TTATTATAATT
IBV,CGCGCCGCTG
IBV,CTGCTGCTAT
IBV,GGCAGCTGCC
IBV,TATAGCTATA
IBV,TGCGCGCTG
IBV,TGCGCGCTG
IBV,TGCTATAGCA
IBV,ACCGCTTTTA
IBV,ACTTCTAGTTT
IBV,GAGTTAACTC
IBV,GATTTAAATC
IBV,TTCACTTCTA
IBV,AAAACCATA
IBV,AACCATCTG
IBV,AAGGCCATT
IBV,AATCTGTTT
IBV,AATTTTGTA
IBV,ACAAAACTACT
IBV,ACATTGTTT
IBV,ACCACCAAA
IBV,ACTTCTAGTTT
IBV,AGCCATAGA
IBV,ATAAACCAT
IBV,CAATATGTTT
IBV,CAATTTCAC
IBV,CTAGCATTA
IBV,GGAATGATAC
IBV,GGTTTTATT
IBV,GTATAACAC
IBV,GTGTATAAAC
IBV,GTTTGCTTG
IBV,TAACAAAACT
IBV,TAATAAGAA
IBV,TAATAATGGC
IBV,TACTAATAAA
IBV,TATAATTATA
IBV,TATGGCAAG
IBV,TATTACTAA
IBV,TCAAGGTTT
IBV,TGGTCTAAAA
IBV,TGGTGTTAA
IBV,TTAGTAATAAA
IBV,TTATAATAAT
IBV,TTATAATAA
IBV,TTATACTCA
IBV,TTATTAACA
IBV,TTATTTAAA
IBV,TTATTTACA
IBV,TTCACTTCT
IBV,TTGTATAAAA
IBV,TTGTTTGCA
IBV,TTTACATTAA
IBV,TTTGTGGTA
IBV,TTTTGTGGTA
IBV,AAACCATTA
IBV,AACAAAACT
IBV,AAGATCTTT
IBV,AATAATGCC
IBV,AATCTTTTC
IBV,ACAAAACTAC
IBV,ACACTACTTT
IBV,ACCATTTTG
IBV,ACTGTAATTT
IBV,ACTTAATAT
IBV,AGAGTGATG
IBV,AGCTGCAGCT
IBV,ATAATAATA
IBV,ATGAAAGAA
IBV,ATTTTGTGGTA
IBV,CATAGCTATG
IBV,CATTATCAA
IBV,CATTTTGTG
IBV,CCATAGATG
IBV,CGTATCTAAA
IBV,CTAGCATTA
IBV,GCCTACTCT
IBV,GGTTTTATT
IBV,GTAAAGGTG
IBV,GTGTGCACTA
IBV,GTTAATACTA
IBV,GTTAATACT
IBV,TAATAAGAA
IBV,TAATAAGGC
IBV,TAATAATTA
IBV,TATAATTTA
IBV,TCTGTTGTAA
IBV,TGGAGTGTA
IBV,TGTACTCAT
IBV,TGTTTCAACA
IBV,TTACTAAGA
IBV,TTATTAAGG
IBV,TTATTATAATT
IBV,TTGTAAATA
IBV,TTTAGCAGA
IBV,TTTTATAAAA
IBV,TTTTATTTACA
IBV,GAAAAGTTC
IBV,AGGAGGTGCT
IBV,AGTGCGCACT
IBV,CAAGAGTGCACTCTTG
IBV,CAGAATTCTG
IBV,CATAGCTATG
IBV,ACTGTTGGT
IBV,GCCTACTCT
IBV,GTATCTAAA
IBV,TATAATTTA
IBV,TCTTGCTTA
IBV,TTATCTAAA
IBV,TTATTATAATT
IBV,TTAGTTAAA
IBV,GGTCTCATT
IBV,AATAATTAT
IBV,ACAAACTGCT
IBV,ACTCAACACAA
IBV,ACTTAATAT
IBV,AGAGAGTCT
IBV,AGCTGCAGCT
IBV,AGGTGGTGT
IBV,ATAATAATA
IBV,ATATTAAGT
IBV,ATTTTATAA
IBV,CAAAATTTTG
IBV,CAATATGTT
IBV,CATAGCTATG
IBV,CATTTTGTG
IBV,CTAATGAGAC
IBV,CTAGCATTA
IBV,GAAGTCGTC
IBV,GGAATGATAC
IBV,GTAGTAATG
IBV,GTATCTAAA
IBV,GTGTGCACTA
IBV,TAAAATTAT
IBV,TAACAGGCA
IBV,TAATGAGACT
IBV,TACTAATAG
IBV,TCTTACCAC
IBV,TCTTCAAGGT
IBV,TGGCTAGCCA
IBV,TTAACATCT
IBV,TTAATTTGA
IBV,TTATAATAAT
IBV,TTATTATAATT
IBV,TTATTTACA
IBV,TTGAACCTG
IBV,TTTTATATT
IBV,TTTTGTGGTA
IBV,AACAGATTCT
IBV,AACCATCTG
IBV,AATAAAAAT
IBV,AATCTGTTT
IBV,ACCATCTGCT
IBV,ACTTCTAGTTT
IBV,ACTTTTTAT
IBV,AGATGTAAG
IBV,AGCCATAGA
IBV,ATAAAAATAC
IBV,ATTACTAAT
IBV,ATTACTAAT
IBV,CAACTCACG
IBV,CACTTAATA
IBV,CAGGTATGA
IBV,CATACTGCT
IBV,CTGTTGTGA
IBV,GAAGATCTTC
IBV,GAATCTGTTG
IBV,GTATCTAAA
IBV,GTGTATAAAC
IBV,TAACAACAT
IBV,TAATAATGGC
IBV,TATAATTATA
IBV,TATGGCAAG
IBV,TCATTACTA
IBV,TCATTATCT
IBV,TGAAACAACT
IBV,TGCTAGAGA
IBV,TTAATCCCTG
IBV,TTAGTAATAAA
IBV,TTAGTAATA
IBV,TTCACTTCTA
IBV,TTGCATGTC
IBV,TTGCTTTAT
IBV,TTGTGTTGC
IBV,TTTCTGAGT
IBV,TTTGTGGTA
IBV,AAATAATTT
IBV,AAGCATGCTT
IBV,AAGGTCAATCA
IBV,AAGTAGTGA
IBV,ACATTATTT
IBV,ACTTATAAAA
IBV,AGAAGATTT
IBV,AGCAGTGAA
IBV,ATAGTAAAT
IBV,CAAATGATTAA
IBV,CAACATCTT
IBV,CATTATAATG
IBV,CCTTCAGGT
IBV,CGTAGTTAG
IBV,GATTCTTCTG
IBV,GTGATTTAA
IBV,GTGTTTCAA
IBV,GTTTTATTA
IBV,TAAAATTAT
IBV,TAAAATTAT
IBV,TAAATAATTTC
IBV,TAAGCCTAT
IBV,TAATAAAACA
IBV,TAATAAGAA
IBV,TAATACAGG
IBV,TAGCAGCTGCTA
IBV,TATCAACAG
IBV,TATTATAAA
IBV,TATTCAGTATG
IBV,TCAGTATGTT
IBV,TCTGGTTTA
IBV,TGAAAAGAA
IBV,TGAAACTTT
IBV,TGATTTAAATCA
IBV,TGGCATGTA
IBV,TGTTGATTA
IBV,TGTTTATTAA
IBV,TTAAATAATT
IBV,TTAAATTTAA
IBV,TTACTACACCTG
IBV,TTATAATAATT
IBV,TTGCAATTT
IBV,TTGTGCACAA
IBV,TTTAATAAA
IBV,TTTAATAAA
IBV,TTTAATACT
IBV,GAGAAAGTA
IBV,GTAGTGTTAACACTAC
IBV,GTTAACACTA
IBV,TTATTATAATT
IBV,TTATTATAATT
IBV,ACACTGTAA
IBV,AAAGTAGTGTTAACACTACTTT
IBV,AAACCATTA
IBV,ACTGTTGGT
IBV,ACTTAATAT
IBV,ACTTAATAT
IBV,ATAATAATA
IBV,CAAAATTGT
IBV,CATTTTGTG
IBV,CTAGCATTA
IBV,CTGTTGTAA
IBV,GCCTACTCT
IBV,GCTGGTTTA
IBV,GGTTTTATT
IBV,GTAAAGGTG
IBV,GTGTTAATA
IBV,TAACAGGCA
IBV,TAATAAAAC
IBV,TAATAATTA
IBV,TAATATTACT
IBV,TAATATTACT
IBV,TATAATTTA
IBV,TATTACTAA
IBV,TCTTGCTTA
IBV,TGGAGTGTA
IBV,TGTACTCAT
IBV,TTAATACTA
IBV,TTATTAACA
IBV,TTATTTACA
IBV,TTGTAAATA
IBV,GTGTTAACAC
IBV,TTAGTTAAA
IBV,ACTTCTAGTTT
IBV,TTAGTAATAAA
IBV,AACAAAACT
IBV,AATAATGCC
IBV,AATAATTAT
IBV,ACAAAACTACT
IBV,ACCATTTTG
IBV,ACTCATCATC
IBV,ACTTAATAT
IBV,AGAAGATTT
IBV,AGTTTTAATT
IBV,ATAATAATA
IBV,ATTTTGTGGTA
IBV,ATTTTGTGG
IBV,CAAGCGCTTG
IBV,CAAGGTTAAT
IBV,CAATATGTT
IBV,CATAGCTATG
IBV,CATTTTGTG
IBV,CTAGCATTA
IBV,CTAGCTTGT
IBV,CTTATTAAC
IBV,GGTTTTATT
IBV,GTAATAATTA
IBV,GTAATAATT
IBV,GTATACAAA
IBV,GTATCTAAA
IBV,GTGTATAAACA
IBV,GTGTGCACTA
IBV,GTTAATAAG
IBV,TAACAGGCA
IBV,TAACAGTTA
IBV,TAATAAGAA
IBV,TAATAAGGC
IBV,TAATATTACT
IBV,TACTAATAA
IBV,TATAATTTA
IBV,TATTACTAA
IBV,TATTATAAT
IBV,TCAACACAA
IBV,TCTTATTAA
IBV,TGAGTTGCAA
IBV,TGGCGTTAA
IBV,TTAAATCTTT
IBV,TTAATAAGG
IBV,TTAATTATT
IBV,TTATAATCAA
IBV,TTATAATCA
IBV,TTATTATAATT
IBV,TTATTTACA
IBV,TTGTATACAA
IBV,TTTGTGGTA
IBV,AAACCATTA
IBV,ACTGTAACTT
IBV,GTGTGCACTA
IBV,GTTAATACTA
IBV,TTATTATAATT
IBV,TTGTCACACA
IBV,AATACTAGTATT
IBV,CTGTTTCATTA
IBV,TAATACAGGTGGT
IBV,AAACTTACCA
IBV,AATCTACCAG
IBV,AATTGCCACAA
IBV,ACCCAGTCA
IBV,ACTGGCATGCT
IBV,AGGTTTTAT
IBV,AGTTATAACT
IBV,ATCAAAATCA
IBV,ATCTGTTGG
IBV,ATTCACTTT
IBV,CAATTTCACT
IBV,CACTTAATA
IBV,CACTTTCAGT
IBV,CCAGTTATAA
IBV,CCATTAGGT
IBV,CCTGCAGTA
IBV,CTGTTGGTA
IBV,CTTACTCAT
IBV,GCAATTTTT
IBV,GCAATTTTT
IBV,GCCTGCAGT
IBV,GGCAATTTT
IBV,GTAAAGGTG
IBV,GTATACAAA
IBV,TAACAGTTA
IBV,TAAGTTTTG
IBV,TATAACTGGC
IBV,TATTATAAT
IBV,TCAACACAA
IBV,TCTGGAGTG
IBV,TGCATACTG
IBV,TGCCAGTAT
IBV,TGTTGGTAA
IBV,TTACTAAGA
IBV,TTATAAACA
IBV,TTATAATAAT
IBV,TTATTATAATT
IBV,TTCTGAGTAG
IBV,TTGTATAAAA
IBV,TTTGCTTGT
IBV,GCCTACTCT
IBV,GTATCTAAA
IBV,TAATAAAAC
IBV,TATAATTTA
IBV,TCTTGCTTA
IBV,TTAATACTA
IBV,TTATTATAATT
IBV,ACTGATTCT
IBV,AGATGCATCT
IBV,ATTTAGACC
IBV,CATAGGTGC
IBV,GCCTACTCT
IBV,GTTAATACTA
IBV,TAAAATTAT
IBV,TAATTTAACA
IBV,TAGTTAATT
IBV,TGCCAGTAT
IBV,TGGCATGCCA
IBV,TGGTCTAAA
IBV,TTATCTAAA
IBV,TTATTATAATT
IBV,AATGTTACT
IBV,CTGTTTCTA
IBV,AAACCGGCCGGTTT
IBV,AAATTGCTG
IBV,ACTGGCATGCT
IBV,ACTGGTTCTCA
IBV,AGGTTTTAT
IBV,ATCTGTTGG
IBV,CACTTAATA
IBV,CCTGCAGTA
IBV,CTAGCATTA
IBV,CTGTTGGTA
IBV,GCAATTTTT
IBV,GCAATTTTT
IBV,GCCTGCAGT
IBV,GTATACAAA
IBV,GTCTATTAG
IBV,TAACAGTTA
IBV,TAAGTTTTG
IBV,TATAAAAAT
IBV,TATGAAAAATG
IBV,TATTATAAT
IBV,TATTTACAA
IBV,TCAACACAA
IBV,TGCCAGTAT
IBV,TTACTAAGA
IBV,TTATAAACA
IBV,TTATTATAATT
IBV,TTTCTGAGTAG
IBV,TTTGCTTGT
IBV,TTTGTTGTA
IBV,ACTTCTAGTTT
IBV,ATACTCTAGG
IBV,GTGTGCACTA
IBV,GTTAATACTA
IBV,TAACTTAACA
IBV,TTATTATAATT
IBV,TTGTCACACA
IBV,ACTGTTGGT
IBV,GCCTACTCT
IBV,GTATCTAAA
IBV,TATAATTTA
IBV,TCTTGCTTA
IBV,TTATCTAAA
IBV,TTATTATAATT
IBV,AAACCATTA
IBV,CATAGCTATG
IBV,CGTATCTAAA
IBV,GTGTGCACTA
IBV,GTTAATACTA
IBV,GTTCTGCAGAAC
IBV,TTATTATAATT
IBV,AATTATAATT
IBV,AATTATAAT
IBV,ATTAATAAT
IBV,ATTATAATT
IBV,CACCTTTACA
IBV,GTGTTAACAC
IBV,TAATTCACCAA
IBV,TACTAAAGA
IBV,TGCCAGTAT
IBV,TTAATAATA
IBV,TTAGTTAAA
IBV,TTATAATAAT
IBV,TTATTATAATT
IBV,TTCTTTAAC
IBV,TTATTATAATT
IBV,AAACAAGGT
IBV,GCATAAACA
IBV,TAATTATACAA
IBV,ACACATTGT
IBV,CAAGGTCTT
IBV,CACAAACAG
IBV,CCAAAATTTTTAT
IBV,GACATCTTC
IBV,GCAACACAA
IBV,GCAATTTTT
IBV,GCCTGCAGT
IBV,GTAAAGGTG
IBV,GTATACAAA
IBV,GTTATTATA
IBV,TAACATTAA
IBV,TAATACAGGTGGT
IBV,TACAAACTG
IBV,TATTATAAT
IBV,TGGATCTTA
IBV,TTTAAAAGT
IBV,AAATAGCTATTT
IBV,ACTTCTAGTTT
IBV,AAACCATTA
IBV,AAACCATTA
IBV,AACAAAACT
IBV,ACTGTTGGT
IBV,ACTTAATAT
IBV,ACTTAATAT
IBV,ATAATAATA
IBV,CAATATGTT
IBV,CCATAGATG
IBV,CTAGCATTA
IBV,CTAGCTTGT
IBV,CTGTTGTAA
IBV,GCTGGTTTA
IBV,GGTGGTGTTAATA
IBV,GGTTTTATT
IBV,GTAAAGGTG
IBV,GTGTTAATA
IBV,TAACAGGCA
IBV,TAATATTACT
IBV,TAATATTACT
IBV,TATTACTAA
IBV,TCTTGCTTA
IBV,TGGAGTGTA
IBV,TGTACTCAT
IBV,TTAATACTA
IBV,TTATCTAAA
IBV,TTATTAACA
IBV,TTATTTACA
IBV,TTGTAAATA
IBV,CATAGCTATG
IBV,GTTAATACTA
IBV,TCCAATTGGA
IBV,TGTTAATGGT
IBV,TTATTATAATT
IBV,AATAATTATA
IBV,AATACTAGTATT
IBV,AGGTGGTTGT
IBV,CTGTTTCATTA
IBV,GTTATTATAA
IBV,TAATACAGGTGGT
IBV,TAGTTAATGT
IBV,CATAGCTATG
IBV,GTGTGCACTA
IBV,GTTAATACTA
IBV,TAACTTAACA
IBV,TTATTATAATT
IBV,AAATAATTT
IBV,ATCAACACA
IBV,ATTAATAAA
IBV,TAAAATTAT
IBV,TGAAAAGAA
IBV,TGATTTAAATCA
IBV,TGTTGATTA
IBV,TTATTATAATT
IBV,AATTATAATT
IBV,AATTATAAT
IBV,ATTATAATT
IBV,CACCTTTACA
IBV,GTGTTAACAC
IBV,TAATTCACCAA
IBV,TTATAATAAT
IBV,TTATTATAATT
IBV,ACTTTAAAGT
IBV,TATGCAAGA
IBV,CAGTGCACTG
IBV,CATAGCTATG
IBV,GTGTGCACTA
IBV,GTTAATACTA
IBV,TGCGTTAATA
IBV,TTATTATAATT
IBV,TTATTATAATT
IBV,TTATTATAATT
IBV,ACTGTAATTT
IBV,ACTGTTGGT
IBV,CATAGCTATG
IBV,GCCTACTCT
IBV,GTATCTAAA
IBV,GTGTGCACTA
IBV,GTTAATACTA
IBV,GTTAATACT
IBV,TATAATTTA
IBV,TTATCTAAA
IBV,TTATTATAATT
IBV,ACACTGTAA
IBV,AATACTAGTATT
IBV,TAATACAGGTGGT
IBV,TTAGTTAAA
IBV,AAATTATAGTA
IBV,CACTATTGG
IBV,GCCTACTCT
IBV,GTATCTAAA
IBV,TAATAGTTA
IBV,TTATAGTAA
IBV,TTTGCACTA
IBV,AATACTAGTATT
IBV,CTGTTTCATTA
IBV,TAATACAGGTGGT
IBV,AATTATAATT
IBV,AATTATAATT
IBV,ACTAATATTAGT
IBV,ATAATTATAATT
IBV,ATTATAATTATAAT
IBV,TGGCATGCT
IBV,ATACTACTA
IBV,ATCAGTCAC
IBV,ATGAGAAAT
IBV,CAATTTAAT
IBV,TAAAATTAT
IBV,TAGTAATTA
IBV,TTATTATAATT
IBV,TTTGTTTGA
IBV,AAAATTACA
IBV,AAAGTATTAA
IBV,AATAATGGT
IBV,AATGTCTTG
IBV,AATTTAACT
IBV,ACATTTACA
IBV,AGATGGTTT
IBV,AGGTATGGC
IBV,ATATTGTTG
IBV,ATTATAAAT
IBV,ATTATACTTCT
IBV,ATTTTGTAA
IBV,CACTACATATTGT
IBV,CATTGCTTG
IBV,CTACATCTC
IBV,CTATAAATA
IBV,CTTGTGCAT
IBV,CTTTTGCAA
IBV,GAGTGCTAT
IBV,GCATAAACA
IBV,GGTTTAATG
IBV,GTAGTATAGTA
IBV,GTATAGTAA
IBV,TAAGTTACA
IBV,TAATATTTA
IBV,TATAAATACAA
IBV,TCATTAATG
IBV,TCTTGTCTA
IBV,TGATTTTAC
IBV,TGGAATGGT
IBV,TGTATTATA
IBV,TTAAGTGAATG
IBV,TTAATACTTT
IBV,TTACTAATA
IBV,TTATTAGTA
IBV,TTTATTAAA
IBV,TTTTGCATT
IBV,ACTTCTAGTTT
IBV,TTAGTAATAAA
IBV,ACTTCTAGTTT
IBV,TTAGTAATAAA
IBV,AACACCACC
IBV,ACCACCTTG
IBV,GTGTTAACAC
IBV,GTTTATAAAC
IBV,AAACCATTA
IBV,AATAATAAT
IBV,ACTGTTGGT
IBV,ACTTAATAT
IBV,ACTTAATAT
IBV,ATAATAATA
IBV,ATGGCACCT
IBV,CAATATGTT
IBV,CATTTTGTG
IBV,CTAGCATTA
IBV,CTGTTGTAA
IBV,CTTCAAGGT
IBV,GCCTACTCT
IBV,GGTGGTGTTAATA
IBV,GGTTTTATT
IBV,GTAAAGGTG
IBV,GTATCTAAA
IBV,GTGTTAATA
IBV,GTTAATACT
IBV,TAACAGGCA
IBV,TAATAAAAC
IBV,TAATATTACT
IBV,TAATATTACT
IBV,TATAATTTA
IBV,TATTACTAA
IBV,TGGAGTGTA
IBV,TGTACTCAT
IBV,TTATTAACA
IBV,TTATTTACA
IBV,TTGTAAATA
IBV,ACTGGCATGCT
IBV,TTATTATAATT
IBV,CCATAGATG
IBV,GCCTACTCT
IBV,GTTAATACT
IBV,TATAATTTA
IBV,TGGTCTAAA
IBV,TTATTATAATT
IBV,AAATTATAATA
IBV,AATAATTAT
IBV,AATTTTGTAGT
IBV,ATAATATTAT
IBV,CAAAATTTTG
IBV,CTACTAATT
IBV,GTGTGCACTA
IBV,TAATAATTA
IBV,TAATATTAT
IBV,TATAATCAA
IBV,TATTATAAT
IBV,TCAACACAA
IBV,TTATAATTTA
IBV,TTATTATAATT
IBV,CCATTAATGG
IBV,AATTTTGTA
IBV,ACAAAATTA
IBV,ACTAACAGC
IBV,AGTTATAACT
IBV,ATAATAATAG
IBV,ATAATAATTA
IBV,ATTATGAAA
IBV,CCTTTAACA
IBV,CTTTAGACCA
IBV,TATTATTAT
IBV,TCAACACAA
IBV,TGGTCTAAA
IBV,TTATAATAAT
IBV,TTATAATAAT
IBV,ACTGTTGGT
IBV,GCCTACTCT
IBV,GTATCTAAA
IBV,TATAATTTA
IBV,TCTTGCTTA
IBV,TTATCTAAA
IBV,TTATTATAATT
IBV,CATAGCTATG
IBV,GTGTGCACTA
IBV,GTTAATACTA
IBV,TGCGTTAATA
IBV,TTATTATAATT
IBV,TTGTCACACA
IBV,GGATGCATCC
IBV,GTTTATAAAC
IBV,TAAGCATAG
IBV,CATAGCTATG
IBV,CGTATCTAAA
IBV,GCCTACTCT
IBV,GTCTTACCA
IBV,GTGTGCACTA
IBV,GTTAATACTA
IBV,GTTAATACT
IBV,TATAATTTA
IBV,TCTTGCTTA
IBV,TTATCTAAA
IBV,TTATTATAATT
IBV,TTCTGCAGAA
IBV,ATTAATAAT
IBV,CAGAGTGTT
IBV,GCCTACTCT
IBV,TAAAATTAT
IBV,TAATAAAAC
IBV,TATTATAAT
IBV,TTAATTCAC
IBV,TTATTATAATT
IBV,CAACATGTTG
IBV,TATTATAATT
IBV,TTATAATAAT
IBV,TTATTAATGG
IBV,AAGCTTGTA
IBV,AAAGTAATG
IBV,AATCTGTTT
IBV,ACACTGTAA
IBV,ACTTCTAGTTT
IBV,AGTAAGAAT
IBV,TGGTATGAC
IBV,TGTTGTTAT
IBV,TTAGTAATA
IBV,CATAGCTATG
IBV,GCCCTAGGGC
IBV,GTGTGCACTA
IBV,GTTAATACTA
IBV,TTATTATAATT
IBV,TTGTCACACA
IBV,ACCGCGCCGC
IBV,AGCTGCAGCT
IBV,ATAAATTTAT
IBV,GGCAGCTGCC
IBV,TATAGCTATA
IBV,TGCTATAGCA
IBV,AAAGTAGTGTTAACACTACTTT
IBV,ACTGTTGGT
IBV,GCCTACTCT
IBV,GTATCTAAA
IBV,GTGTGCACT
IBV,GTGTTAACA
IBV,TATAATTTA
IBV,TCTTGCTTA
IBV,TTATTATAATT
IBV,AAACCATTA
IBV,AATTTCACT
IBV,AATTTGTCA
IBV,ACCATTTTG
IBV,ACTGTTGGT
IBV,ACTTAATAT
IBV,ATCTGTTGG
IBV,CAAGTGATT
IBV,CACAAACAG
IBV,CACTTAATA
IBV,CTAGCATTA
IBV,GACAATATG
IBV,GCAACACAA
IBV,GCAATTTTT
IBV,GCAATTTTT
IBV,GCCTACTCT
IBV,GTAAAGGTG
IBV,GTATCTAAA
IBV,GTGTGCACT
IBV,TAACAGTTA
IBV,TAATAGTGG
IBV,TAATAGTGG
IBV,TACTTCTAA
IBV,TAGTATTAA
IBV,TCAATACAA
IBV,TCTTACCAC
IBV,TCTTGCTTA
IBV,TGTACTCAT
IBV,TTACTAAGA
IBV,TTATAATGG
IBV,TTATCTAAA
IBV,TTTCTGAGT
IBV,TTTGCTTGT
IBV,TTTGTTGTA
IBV,GTGTTAACAC
IBV,AATCTGTTT
IBV,ACTGTTGGT
IBV,ACTTCTAGTTT
IBV,AGATGTAAG
IBV,GAATTCACT
IBV,GCGTTAACT
IBV,GTATCTAAA
IBV,TATAATTTA
IBV,TTAGTAATAAA
IBV,TTATTTAAA
IBV,AACACCACC
IBV,AATTATAATT
IBV,AATTATAAT
IBV,ACCACCTTG
IBV,ATGAGAAAT
IBV,ATTATAATT
IBV,CAGTATTATA
IBV,CCAGTATAA
IBV,GTGTTAATA
IBV,GTTTATAAAC
IBV,TAATAGTTT
IBV,TAATTCACCA
IBV,TGGTTTGTAT
IBV,TTATAATAAT
IBV,TTATTATAATT
IBV,ACAGATGAG
IBV,ACTCAGATT
IBV,ACTTAATAT
IBV,AGAACATGT
IBV,AGAAGATTT
IBV,ATAAATGTC
IBV,ATAATAATA
IBV,ATATTAAGT
IBV,CAATATGTT
IBV,CTAGCATTA
IBV,CTGTTGTAA
IBV,CTTAGCAGA
IBV,CTTCAAGGT
IBV,GGCCTTATT
IBV,GTAAAGGTG
IBV,GTAGTAATG
IBV,TAATAAGAA
IBV,TATTAAGTT
IBV,TCTTCTATA
IBV,TTAACAGGC
IBV,TTAATTTGA
IBV,TTACAACAG
IBV,TTACTACTA
IBV,TTGTAAATA
IBV,TTTACTACT
IBV,TTTTATATT
IBV,AAAGTAGTGTTAACACTACTTT
IBV,AATTATAAT
IBV,ATTATAATT
IBV,TAATTATAATTA
IBV,TTATTATAATT
IBV,TTATTATAATT
IBV,AAACTTACCA
IBV,AATCTACCAG
IBV,AATTGCCACAA
IBV,ACTGGCATGCT
IBV,AGGTTTTAT
IBV,AGTTATAACT
IBV,ATCAAAATCA
IBV,ATCTGTTGG
IBV,ATTCACTTT
IBV,CAATTTCACT
IBV,CACAAACAT
IBV,CACTTAATA
IBV,CACTTTCAGT
IBV,CCACAAACAT
IBV,CCAGTTATAA
IBV,CTAGCATTA
IBV,CTGTTGGTA
IBV,CTTACTCAT
IBV,GACAATATG
IBV,GCAATTTTT
IBV,GCAATTTTT
IBV,GGCAATTTT
IBV,GTAAAGGTG
IBV,GTATACAAA
IBV,TAACAGTTA
IBV,TAAGTTTTG
IBV,TATAACTGGC
IBV,TATTATAAT
IBV,TCAACACAA
IBV,TGCCAGTAT
IBV,TGTTGGTAA
IBV,TTACTAAGA
IBV,TTATAATAAT
IBV,TTATTATAATT
IBV,TTGTATAAAA
IBV,TTTCTGAGTAG
IBV,TTTGCTTGT
IBV,TTTTGTATG
IBV,ACTGGCATGCT
IBV,TTATTATAATT
IBV,CATAGCTATG
IBV,GTGTGCACTA
IBV,GTTAATACTA
IBV,TAACTTAACA
IBV,TTATTATAATT
IBV,TTGTCACACA
IBV,AAACTGATT
IBV,AAATTATAAT
IBV,ACAGATGTTT
IBV,ACCAAAGTA
IBV,ACTCAACACA
IBV,AGTTATAACT
IBV,ATGCCTACT
IBV,TAGTGCTGC
IBV,TTATAATAAT
IBV,TTATTATAATT
IBV,TTTACACTT
IBV,TTTTACTAA
IBV,ACTCAACACAA
IBV,TTATTATAATT
IBV,ACTGTAATTT
IBV,CATAGCTATG
IBV,GTTAATACTA
IBV,TGTTAATGGT
IBV,TTATTATAATT
IBV,AAATAATTT
IBV,ACATTATTT
IBV,ATTAATAAA
IBV,CCTCCTTTA
IBV,TAAAATTAT
IBV,TGAAAAGAA
IBV,TGATTTAAATCA
IBV,TGTTGATTA
IBV,TTATAATAATT
IBV,CATAGCTATG
IBV,GTGTGCACTA
IBV,ACTGTTGGT
IBV,CATAGCTATG
IBV,GCCCTAGGGC
IBV,GCCTACTCT
IBV,GTATCTAAA
IBV,GTGTGCACTA
IBV,GTTAATACTA
IBV,GTTAATACT
IBV,TCTTGCTTA
IBV,TTATCTAAA
IBV,TTATTATAATT
IBV,AAACCATTA
IBV,ACTGTTGGT
IBV,ACTTAATAT
IBV,ACTTAATAT
IBV,AGTTTTAAGT
IBV,ATAATAATA
IBV,CAATATGTT
IBV,CAGTGCACTG
IBV,CATAGCTATG
IBV,CATTTTGTG
IBV,CTAGCATTA
IBV,CTGTTGTAA
IBV,CTTCAAGGT
IBV,GATAAGGTCC
IBV,GCCTACTCT
IBV,GGAATGATAC
IBV,GGTGGTGTTAATA
IBV,GGTTTTATT
IBV,GTAAAGGTG
IBV,GTATCTAAA
IBV,GTGTGCACTA
IBV,GTGTTAATA
IBV,GTTAATACTA
IBV,GTTAATACT
IBV,TAACAGGCA
IBV,TAATAAAAC
IBV,TAATATTACT
IBV,TAATATTACT
IBV,TATAATTTA
IBV,TATTACTAA
IBV,TGGAGTGTA
IBV,TGGCTAGCCA
IBV,TGTACTCAT
IBV,TGTTTCAACA
IBV,TTATTAACA
IBV,TTATTTACA
IBV,TTGTAAATA
IBV,TTTTGTGGTA
IBV,AATGAAAAAT
IBV,ACTGTAACTT
IBV,GTGTGCACTA
IBV,GTTAATACTA
IBV,TTATTATAATT
IBV,TTGTCACACA
IBV,GTGTGCACTA
IBV,GTTAATACTA
IBV,GTTTCATTAC
IBV,TTATTATAATT
IBV,TTGTCACACA
IBV,AAACCATTA
IBV,ACACTAATAA
IBV,ACTTAATAT
IBV,ACTTAATAT
IBV,ATAATAATA
IBV,ATTCGTATT
IBV,CAATATGTT
IBV,CATAGCTATG
IBV,CATTTTGTG
IBV,CTAGCATTA
IBV,CTGTTGTAA
IBV,GCCCTAGGGC
IBV,GCCTACTCT
IBV,GCTGGTTTA
IBV,GGAATGATAC
IBV,GGTGGTGTTA
IBV,GGTTTTATT
IBV,GTAAAGGTG
IBV,GTATCTAAA
IBV,GTCATTAAG
IBV,GTGTGCACTA
IBV,GTGTTAATA
IBV,GTTAATACTA
IBV,TAATAAAAC
IBV,TAATATCTCT
IBV,TAATATTACT
IBV,TAATATTACT
IBV,TAATTCTAG
IBV,TATTACTAA
IBV,TCTTGCTTA
IBV,TGGAGTGTA
IBV,TGGCTAGCCA
IBV,TGTACTCAT
IBV,TGTTTCAACA
IBV,TTATTAACA
IBV,TTATTTACA
IBV,TTGTAAATA
IBV,TTGTCACACA
IBV,TTTTGTGGTA
IBV,TATGCAAGA
IBV,AACATCTGTA
IBV,AGTAAGAAT
IBV,CCGTTAACA
IBV,GATGTTGTT
IBV,GTGGTTATTA
IBV,GTTTACTAC
IBV,TAAAGTTATG
IBV,TCTAAATTTAGA
IBV,TGTTGTTAT
IBV,TTAATAAAG
IBV,TTATTAATAA
IBV,TTATTAATA
IBV,ACAAACTGCT
IBV,ACTCAACACAA
IBV,CATAGCTATG
IBV,TAATGAGACT
IBV,TTATAATAAT
IBV,TTATTATAATT
IBV,GTTTATAAAC
IBV,TATGCAAGA
IBV,ACTGTTGGT
IBV,CATAGCTATG
IBV,CCATAGATG
IBV,GCCTACTCT
IBV,GTATCTAAA
IBV,GTGTGCACTA
IBV,GTTAATACTA
IBV,TATAATTTA
IBV,TCACTAATG
IBV,TGGTTCTCA
IBV,TTATTATAATT
IBV,TTGTATACAA
IBV,TTGTCACACA
IBV,ACACATTGC
IBV,ATGTTATTA
IBV,CATTGCTTT
IBV,GCTTTAAAA
IBV,GTGATGTTA
IBV,GTTATTATA
IBV,TAAAAATTT
IBV,TAACAGTTT
IBV,TACAGGTGC
IBV,TCTAAATTTAGA
IBV,TTATAATAA
IBV,ACAAAACTACT
IBV,ACAAACTGCT
IBV,ACTCAACACAA
IBV,ATTATAATAA
IBV,ATTATTATAATAAT
IBV,ATTATTATAAT
IBV,CATAGCTATG
IBV,CGGCTTCCAT
IBV,GTGTGCACTA
IBV,TAATGAGACT
IBV,TTATAATAAT
IBV,TTATAATAAT
IBV,TTATTATAATT
IBV,TTGTCACACA
IBV,ATTATAATAAC
IBV,GTCACTATTT
IBV,GTCTTACCAC
IBV,GTTAATACTA
IBV,TTATTATAATT
IBV,TTTGATTATAA
IBV,TTTTGCAAAA
IBV,AATAATTATA
IBV,AATACTAGTATT
IBV,AGGTGGTTGT
IBV,CTGTTTCATTA
IBV,GTTATTATAA
IBV,TAATACAGGTGGT
IBV,TAGTTAATGT
IBV,CATAGCTATG
IBV,GCCCTAGGGC
IBV,GTGTGCACTA
IBV,GTTAATACTA
IBV,TTATTATAATT
IBV,TTATTATAATT
IBV,ACACTGTAA
IBV,ACACTGTAA
IBV,AACTTGTTGT
IBV,ACCAGAAACTA
IBV,ACTGGTTCTCA
IBV,AGTTATAACT
IBV,ATCATTCCAC
IBV,CAATTTCACT
IBV,CCAGATGGTT
IBV,CCAGTTATAA
IBV,CTAATAGAC
IBV,GTCTATTAG
IBV,TAGTATTAATACTA
IBV,TATAACTGGC
IBV,TCCTTAAGGA
IBV,TGGATCTTATC
IBV,TGTAAATAA
IBV,TTATTATAATT
IBV,TTATTTACA
IBV,TTCTATAGAA
IBV,TTGTATAAAA
IBV,AACAAAACT
IBV,AAGGTTTAT
IBV,AATAATTAT
IBV,AATTTAACA
IBV,ACAAAACTACT
IBV,ACCATTTTG
IBV,ACTCATCATC
IBV,ACTTAATAT
IBV,AGTTATAACT
IBV,ATAATAATA
IBV,ATAATATTAT
IBV,ATTACATCA
IBV,ATTATGAAA
IBV,ATTCACTTT
IBV,ATTTTGTGGTA
IBV,ATTTTGTGG
IBV,CAATATGTT
IBV,CAATTTCAC
IBV,CATTTTGTG
IBV,CTAGCATTA
IBV,CTATACCATT
IBV,CTTCAAGGT
IBV,GGTACTGTG
IBV,GGTTTTATT
IBV,GTATACAAA
IBV,GTATCTAAA
IBV,GTGTATAAA
IBV,GTGTGCACTA
IBV,TAACAGTTA
IBV,TAATAAGGC
IBV,TAATAATTA
IBV,TAATATTACT
IBV,TAATATTAT
IBV,TACTAATAA
IBV,TACTGATGT
IBV,TATAATCAA
IBV,TATTACTAA
IBV,TATTATAAT
IBV,TCAACACAA
IBV,TGTTAACAAC
IBV,TTAAATCTTT
IBV,TTAATTATT
IBV,TTATAATCAA
IBV,TTATAATCA
IBV,TTATTATAATT
IBV,TTATTTACA
IBV,TTGTATACAA
IBV,TTGTTAACAA
IBV,TTTGTGGTA
IBV,CATAGCTATG
IBV,GCCCTAGGGC
IBV,GTGTGCACTA
IBV,GTTAATACTA
IBV,TAACTTAACA
IBV,TTATTATAATT
IBV,AAACCATTA
IBV,AACAAAACT
IBV,ACTGTTGGT
IBV,ACTTAATAT
IBV,ACTTAATAT
IBV,ATAATAATA
IBV,ATGGCACCT
IBV,CAATATGTT
IBV,CATTTTGTG
IBV,CTGTTGTAA
IBV,CTTCAAGGT
IBV,GCCTACTCT
IBV,GGTGGTGTTAATA
IBV,GGTTTTATT
IBV,GTAAAGGTG
IBV,GTATCTAAA
IBV,GTGTTAATA
IBV,GTTAATACT
IBV,TAACAGGCA
IBV,TAATATTACT
IBV,TAATATTACT
IBV,TATAATTTA
IBV,TATTACTAA
IBV,TGGAGTGTA
IBV,TGTACTCAT
IBV,TTATCTAAA
IBV,TTATTAACA
IBV,TTATTTACA
IBV,TTGTAAATA
IBV,ACTGTAATTT
IBV,ACTGTTGGT
IBV,CATAGCTATG
IBV,GCCTACTCT
IBV,GTATCTAAA
IBV,GTGTGCACTA
IBV,GTTAATACTA
IBV,GTTAATACT
IBV,TATAATTTA
IBV,TTATCTAAA
IBV,TTATTATAATT
IBV,AAACCATTA
IBV,AACAAAACT
IBV,AAGGCCATT
IBV,AATATAATA
IBV,ACAAGACGTAA
IBV,ACCATTTTG
IBV,ACTGTTGGT
IBV,AGAAGATTT
IBV,CAAGCCAGA
IBV,CAATATGTT
IBV,CATTTTGTG
IBV,CTAGCATTA
IBV,CTGTTGTAA
IBV,GAATATAAT
IBV,GCTGGTTTA
IBV,GGTGGTGTTA
IBV,GGTTTTATT
IBV,GTAAAGGTG
IBV,GTATCTAAA
IBV,GTGTTAATA
IBV,TAACACCACC
IBV,TAACAGGCA
IBV,TAATAAGAA
IBV,TAATATTACT
IBV,TAATATTACT
IBV,TATTACTAA
IBV,TCTTGCTTA
IBV,TGAATATAA
IBV,TGGAGTGTA
IBV,TGTACTCAT
IBV,TTAATACTA
IBV,TTATTAACA
IBV,TTATTATAATT
IBV,TTATTTACA
IBV,TTGTAAATA
IBV,ACACATTGT
IBV,ACCATTTTG
IBV,AGTTATGAG
IBV,ATAGTGTTT
IBV,ATAGTGTTT
IBV,CAAGGTCTT
IBV,CACAAACAG
IBV,CACTTAATA
IBV,CCAAAATTTTTAT
IBV,CCTGCAGTA
IBV,CTAGCATTA
IBV,GACATCTTC
IBV,GCAACACAA
IBV,GCAATTTTT
IBV,GCCTGCAGT
IBV,GGTCTTATT
IBV,GGTCTTATT
IBV,GTAAAGGTG
IBV,GTATACAAA
IBV,GTCTATTAG
IBV,GTGATGACA
IBV,TAACATTAA
IBV,TAACATTAA
IBV,TAATACAGGTGGT
IBV,TACAAACTG
IBV,TAGTAATGA
IBV,TATTATAAT
IBV,TGGATCTTA
IBV,TTATTTACA
IBV,AAACCATTA
IBV,AACACCACC
IBV,ACCACCTTG
IBV,GTGTTAACAC
IBV,GTTTATAAAC
IBV,ACACTGTAA
IBV,GCCCTAGGGC
IBV,GTGTGCACTA
IBV,GTTAATACTA
IBV,TTATTATAATT
IBV,TTGTCACACA
IBV,ACTTCTAGTTT
IBV,TTAGTAATAAA
IBV,ACAAGGTCA
IBV,ACTCAACACAA
IBV,TGACCTTGT
IBV,TTATTATAATT
IBV,GTTTATAAAC
IBV,ACTCAACACAA
IBV,TTATTAATAGT
IBV,TTATTATAATT
IBV,ACACATTGT
IBV,AAATTATAAT
IBV,ACAGATGTTT
IBV,ACTCAACACA
IBV,AGTTATAACT
IBV,TTATAATAAT
IBV,TTATTATAATT
IBV,CATAGCTATG
IBV,GCCCTAGGGC
IBV,GTGTGCACTA
IBV,TAACTTAACA
IBV,TTATTATAATT
IBV,TTGTCACACA
IBV,CCATAGATG
IBV,GTATCTAAA
IBV,TATAATTTA
IBV,TATTATAAT
IBV,TGCAGTAGT
IBV,TGGTTCTCA
IBV,TTATTATAATT
IBV,AAACTATTA
IBV,AATTATAAT
IBV,ATTAATAAT
IBV,ATTATAATT
IBV,GTAAAGGTG
IBV,TAATTCACCAA
IBV,TACTAAAGA
IBV,TTAATAATA
IBV,TTAATTTGA
IBV,TTAGTTAAA
IBV,TTATTATAATT
IBV,CACTTCTAA
IBV,TAACTTCTC
IBV,TTTATAAGT
IBV,ACCACTCTG
IBV,GCCTACTCT
IBV,GTATCTAAA
IBV,TATAATTTA
IBV,TCTTGCTTA
IBV,TTAATACTA
IBV,TTATCTAAA
IBV,TTATTATAATT
IBV,ATAATTATA
IBV,ATACTACTA
IBV,ATCAGTCAC
IBV,ATGAGAAAT
IBV,CAATTTAAT
IBV,TAAAATTAT
IBV,TAGTAATTA
IBV,TTATTATAATT
IBV,TTGGTAGTA
IBV,TTTGTTTGA
IBV,ACTGTTGGT
IBV,CATAGCTATG
IBV,GCCTACTCT
IBV,GGTTCTCAAC
IBV,GTGTGCACTA
IBV,TATAATTTA
IBV,TATTATTAT
IBV,TTAATACTA
IBV,TTGTCACACA
IBV,TTTGATTAT
IBV,AACAGATTCT
IBV,AACCATCTG
IBV,AATAAAAAT
IBV,AATCTGTTT
IBV,ACCATTTTG
IBV,ACTTCTAGTTT
IBV,ACTTTTTAT
IBV,AGATGTAAG
IBV,AGCCATAGA
IBV,ATTACTAAT
IBV,ATTACTAAT
IBV,CAACTCACG
IBV,CACTTAATA
IBV,CAGGTATGA
IBV,CATACTGCT
IBV,CATTTTGTG
IBV,GAAGATCTTC
IBV,GAATCTGTTG
IBV,GTATCTAAA
IBV,GTGTATAAAC
IBV,TAACAACAT
IBV,TAATAATGGC
IBV,TATAATTATA
IBV,TATGGCAAG
IBV,TCATTACTA
IBV,TCATTATCT
IBV,TCTGTTGTAA
IBV,TGAAACAACT
IBV,TGCTAGAGA
IBV,TTAATCCCTG
IBV,TTAGTAATAAA
IBV,TTAGTAATA
IBV,TTCACTTCTA
IBV,TTGCATGTC
IBV,TTTCTGAGT
IBV,TTTGTGGTA
IBV,AAACCATTA
IBV,AACAAAACT
IBV,ACTGTTGGT
IBV,ACTTAATAT
IBV,ACTTAATAT
IBV,ATAATAATA
IBV,CAATATGTT
IBV,CATAGCTATG
IBV,CATTTTGTG
IBV,CTAGCATTA
IBV,CTGTTGTAA
IBV,CTTCAAGGT
IBV,GCCTATAGGC
IBV,GGAATGATAC
IBV,GGTGGTGTTAATA
IBV,GGTTTTATT
IBV,GTAAAGGTG
IBV,GTGTGCACTA
IBV,GTGTTAATA
IBV,GTTAATACTA
IBV,GTTAATACT
IBV,TAACAGGCA
IBV,TAACTTAACA
IBV,TAATATTACT
IBV,TAATATTACT
IBV,TATTACTAA
IBV,TGGAGTGTA
IBV,TGGCTAGCCA
IBV,TGTACTCAT
IBV,TGTTTCAACA
IBV,TTATCTAAA
IBV,TTATTAACA
IBV,TTATTTACA
IBV,TTGTAAATA
IBV,TTGTCACACA
IBV,TTTTGTGGTA
IBV,ATAGTGTTT
IBV,CACTTAATA
IBV,CCTGCAGTA
IBV,CTAGCATTA
IBV,GCCTGCAGT
IBV,GTCTATTAG
IBV,TTATTTACA
IBV,AATTATAATT
IBV,AATTATAAT
IBV,ATTATAATT
IBV,CACCTTTACA
IBV,GTGTTAACAC
IBV,TAATTCACCAA
IBV,TTATAATAAT
IBV,TTATTATAATT
IBV,ACTAAATAC
IBV,AGGATAAAA
IBV,AGTTATAACT
IBV,ATAAAATTA
IBV,ATAATAATTA
IBV,CCTTTAACA
IBV,GTATTAATAC
IBV,TAAAATTAT
IBV,TATTATAATT
IBV,TCAACACAA
IBV,TGGCATGCCA
IBV,TGGTCTAAA
IBV,TTATAATAAT
IBV,GGTCTCATT
IBV,TAGACCATT
IBV,AAATAATTT
IBV,ACATTATTT
IBV,AGCAGTGAA
IBV,TAAAATTAT
IBV,TATCAACAG
IBV,TGAAAAGAA
IBV,TGATTTAAATCA
IBV,TGTTGATTA
IBV,TTATAATAATT
IBV,TTTAATAAA
IBV,ACCAAAGTGC
IBV,GCCCTAGGGC
IBV,GTGTGCACTA
IBV,GTTAATACTA
IBV,TTATAATAAT
IBV,TTATTATAATT
IBV,TTGTCACACA
IBV,AAACTGATT
IBV,AAATTATAAT
IBV,ACAGATGTTT
IBV,ACCAAAGTA
IBV,ACTCAACACA
IBV,AGTTATAACT
IBV,ATGCCTACT
IBV,TAGTGCTGC
IBV,TTATAATAAT
IBV,TTATTATAATT
IBV,TTTACACTT
IBV,TTTTACTAA
IBV,AACTTTTGT
IBV,AAGTAAGCC
IBV,AAGTAAGCC
IBV,AATACCATT
IBV,AATCAAAAT
IBV,AATTTGAGT
IBV,ACAATACTC
IBV,ACACTGTAA
IBV,ACTCATTAAT
IBV,ACTCATTAA
IBV,ACTTACTCAT
IBV,ACTTATAAGT
IBV,ATAATATTAT
IBV,ATTTTGCGGT
IBV,CAAAAGTTG
IBV,CAATCTTGT
IBV,CAGGGATGGTG
IBV,CCAGACACT
IBV,CTCAGGTTT
IBV,CTTGTCAAT
IBV,GGTGAAAGTT
IBV,TAAAATTGCT
IBV,TAAATAATT
IBV,TAATGCTGA
IBV,TAATGTTTCTG
IBV,TACTCATCT
IBV,TATAATATT
IBV,TATGTACTCAT
IBV,TATTTAAAA
IBV,TCAATAAAA
IBV,TCAGAAACA
IBV,TCTAGCCTA
IBV,TGCTAATAC
IBV,TGTACTACTA
IBV,TGTATAAAA
IBV,TTACATTTT
IBV,TTGAGTATTG
IBV,TTGAGTATT
IBV,TTGTAAATAGT
IBV,TTTAAATGT
IBV,TTTAGGTTTA
IBV,TTTCTGATG
IBV,TTTTTAGGT
IBV,TTATTATAATT
IBV,ACCAAAGTGC
IBV,GCCCTAGGGC
IBV,GTGTGCACTA
IBV,GTTAATACTA
IBV,TAACTTAACA
IBV,TTATTATAATT
IBV,TTGTCACACA
IBV,ACTGTTGGT
IBV,GCCTACTCT
IBV,GTATCTAAA
IBV,TAATAAAAC
IBV,TATAATTTA
IBV,TCTTACTTA
IBV,TTAATACTA
IBV,TTATTATAATT
IBV,ATCTGTTGG
IBV,GAAGATCTTC
IBV,ACTTAATAT
IBV,ACTTAATAT
IBV,ATAATAATA
IBV,ATTATATTC
IBV,CAATATGTT
IBV,CATTTTGTG
IBV,CTAGCATTA
IBV,CTGTTGTAA
IBV,GAATATAAT
IBV,GCCTACTCT
IBV,GCTGGTTTA
IBV,GGTTTTATT
IBV,GTAAAGGTG
IBV,GTATCTAAA
IBV,TAACAGGCA
IBV,TAATATCTCTA
IBV,TAATATTACT
IBV,TAATATTACT
IBV,TATAATCAA
IBV,TATAATTTA
IBV,TATTACTAA
IBV,TCTTACCAC
IBV,TCTTGCTTA
IBV,TGAATATAA
IBV,TGGAGTGTA
IBV,TGTACTCAT
IBV,TTATCTAAA
IBV,TTATTAACA
IBV,TTATTATAATT
IBV,TTATTTACA
IBV,TTGTAAATA
IBV,AAACCATTA
IBV,AATTACAGTGCG
IBV,TTTACTTCT
IBV,CAACATGTTG
IBV,TATTATAATT
IBV,TTATAATAAT
IBV,TTATTAATGG
IBV,ACACTGTAA
IBV,AATACTAGTATT
IBV,CTGTTTCATTA
IBV,TAATACAGGTGGT
IBV,CATAGCTATG
IBV,GCCCTAGGGC
IBV,GTGTGCACTA
IBV,GTTAATACTA
IBV,TAACTTAACA
IBV,TTATTATAATT
IBV,TTGTCACACA
IBV,ACTGTTGGT
IBV,CATAGCTATG
IBV,CCCTGCAGGG
IBV,GCAAATTTGC
IBV,GCCTACTCT
IBV,GTATCTAAA
IBV,GTGTGCACTA
IBV,TAATAAAAC
IBV,TATAATTTA
IBV,TCTTGCTTA
IBV,TTAATACTA
IBV,TTATTATAATT
IBV,TTGTCACACA
IBV,ACAGATGTTT
IBV,ACCTTGTTTA
IBV,TATAATTTA
IBV,ACACATTGT
IBV,ACCATTTTG
IBV,AGTTATGAG
IBV,ATAGTGTTT
IBV,ATAGTGTTT
IBV,CAAGGTCTT
IBV,CACAAACAG
IBV,CACTTAATA
IBV,CCAAAATTTTTAT
IBV,CCTGCAGTA
IBV,CTAGCATTA
IBV,CTTTTTGTA
IBV,GACATCTTC
IBV,GCAACACAA
IBV,GCAATTTTT
IBV,GCCTGCAGT
IBV,GGTCTTATT
IBV,GGTCTTATT
IBV,GTAAAGGTG
IBV,GTATACAAA
IBV,GTCTATTAG
IBV,GTGATGACA
IBV,TAACATTAA
IBV,TAACATTAA
IBV,TAATACAGGTGGT
IBV,TACAAACTG
IBV,TAGTAATGA
IBV,TATTATAAT
IBV,TGGATCTTA
IBV,TTATTTACA
IBV,TTTAAAAGT
IBV,AAATTATAAT
IBV,ACAGATGTTT
IBV,ACTCAACACA
IBV,AGTTATAACT
IBV,TTATAATAAT
IBV,TTATTATAATT
IBV,AAACTACTA
IBV,AAATAATTT
IBV,AAGCATGCTT
IBV,AAGGTCAATCA
IBV,AAGTAGTGA
IBV,ACATTATTT
IBV,ACTTATAAAA
IBV,AGAAGATTT
IBV,AGCAGTGAA
IBV,ATAGAAACT
IBV,ATAGTAAAT
IBV,ATTTAAATCA
IBV,CAAATGATTAA
IBV,CAACATCTT
IBV,CAGTATGTT
IBV,CAGTTACCAC
IBV,CATTATAATG
IBV,CGTAGTTAG
IBV,CTTTGTAAA
IBV,GATTCTTCTG
IBV,GTGATTTAA
IBV,GTGTTTCAA
IBV,TAAAATTAT
IBV,TAAAATTAT
IBV,TAAATAATTTC
IBV,TAAATAGTA
IBV,TAAATTTAA
IBV,TAAGCCTAT
IBV,TAATAAGAA
IBV,TAATACAGG
IBV,TAGCATATT
IBV,TATCAACAG
IBV,TATTATAAA
IBV,TATTCAGTATG
IBV,TCTGGTTTA
IBV,TGAAAAGAA
IBV,TGAAACTTT
IBV,TGCTTGTTT
IBV,TGGCATGTA
IBV,TGTTGATTA
IBV,TGTTTATTAA
IBV,TTAAAAATAGA
IBV,TTAAATTTAA
IBV,TTAATCATTTG
IBV,TTACTACAC
IBV,TTATAATAATT
IBV,TTGCAATTT
IBV,TTGTAAATAGT
IBV,TTGTGCACAA
IBV,TTTAATAAA
IBV,TTTAATAAA
IBV,TTTAATACT
IBV,TTTGTAAATA
IBV,ACAAGGTCA
IBV,ACTCAACACAA
IBV,TGACCTTGT
IBV,TTATTATAATT
IBV,AACACCACC
IBV,AATTATAATT
IBV,AATTATAATT
IBV,AATTCACCA
IBV,ACCACCTTG
IBV,ATAATTATAATT
IBV,ATTATAATTATAAT
IBV,ATTATAATT
IBV,CCAGTATAA
IBV,TATAATAAT
IBV,CATAGCTATG
IBV,CGTATCTAAA
IBV,GTGTGCACTA
IBV,GTTAATACTA
IBV,GTTCTGCAGAAC
IBV,TTATTATAATT
IBV,ACTGGCATGCT
IBV,TGCCAGTAT
IBV,ACTGTTGGT
IBV,GCCTACTCT
IBV,GTATCTAAA
IBV,TATAATTTA
IBV,TCTTGCTTA
IBV,TTATCTAAA
IBV,TTATTATAATT
IBV,CATAGCTATG
IBV,GCCCTAGGGC
IBV,GTGTGCACTA
IBV,TAACTTAACA
IBV,TTATTATAATT
IBV,TTGTCACACA
IBV,CACCATTTAG
IBV,CTAAATTTAG
IBV,GCCAGGGCTTTT
IBV,GTGTTAACAC
IBV,GTTATTATAA
IBV,CCTAAATTTAGG
IBV,ACTGGCATGCT
IBV,TTATTATAATT
IBV,AAACCATTA
IBV,AACAAAACT
IBV,AAGCAATCT
IBV,AATCAAAGT
IBV,ACTGTTGGT
IBV,ACTTAATAT
IBV,ACTTAATAT
IBV,ATAATAATA
IBV,CAATATGTT
IBV,CATTTTGTG
IBV,CTAGCATTA
IBV,CTAGCTTGT
IBV,CTGTTGTAA
IBV,GCCTACTCT
IBV,GCTGGTTTA
IBV,GGTTTTATT
IBV,GTAAAGGTG
IBV,GTATCTAAA
IBV,GTGTTAATA
IBV,TAATATTACT
IBV,TAATATTACT
IBV,TATAATTTA
IBV,TATTACTAA
IBV,TCTTGCTTA
IBV,TGGAGTGTA
IBV,TGTACTCAT
IBV,TTAATACTA
IBV,TTATTAACA
IBV,TTATTTACA
IBV,TTGTAAATA
IBV,CATAGCTATG
IBV,GCCCTAGGGC
IBV,GTGTGCACTA
IBV,GTTAATACTA
IBV,TTATTATAATT
IBV,TTGTCACACA
IBV,ACTGGCATGCT
IBV,ATAAATTTAT
IBV,GGCAGCTGCC
IBV,TATAGCTATA
IBV,TGCTATAGCA
IBV,AAAGTAGTGTTAACACTACTTT
IBV,ACACATTGT
IBV,AAAAATAAT
IBV,AAGATCTTT
IBV,AAGTGAATT
IBV,AATGGCACC
IBV,AATTTCTACA
IBV,ACAACATCTT
IBV,ACATCTTCG
IBV,ACCAGTCAT
IBV,AGATGCATCT
IBV,AGTAAGAAT
IBV,ATGAAAAAT
IBV,ATGTACTCAT
IBV,ATTACCACA
IBV,ATTACTAAGA
IBV,ATTTTTCATT
IBV,CACTTAATA
IBV,CATTACTAA
IBV,CCAATTCTG
IBV,CCATCTGCT
IBV,CTAAATTTAG
IBV,CTACCAAAG
IBV,CTGCAGCTG
IBV,GCTATGGCAAG
IBV,GGCCTTATT
IBV,GTAAAGGTG
IBV,GTGTTAATA
IBV,GTTTCATTAC
IBV,TAAATACTC
IBV,TACAAACTGCT
IBV,TATTATAAT
IBV,TATTTAAAA
IBV,TCATCTGTA
IBV,TCTTTTGAGTG
IBV,TTAGGTATG
IBV,TTAGTAATA
IBV,TTATAATAAT
IBV,TTATTATAATT
IBV,TTTACTACT
IBV,TTTCATTTCT
IBV,TTTTGTGGTA
IBV,AAACTTACCA
IBV,AATCTACCAG
IBV,AATTGCCACAA
IBV,ACCCAGTCA
IBV,ACTGGCATGCT
IBV,AGGTTTTAT
IBV,AGTTATAACT
IBV,ATCAAAATCA
IBV,ATCTGTTGG
IBV,ATTCACTTT
IBV,CAATTTCACT
IBV,CACTTAATA
IBV,CACTTTCAGT
IBV,CCAGTTATAA
IBV,CCATTAGGT
IBV,CTGTTGGTA
IBV,CTTACTCAT
IBV,GAAGATCTTC
IBV,GCAATTTTT
IBV,GCAATTTTT
IBV,GGCAATTTT
IBV,GTAAAGGTG
IBV,GTATACAAA
IBV,TAACAGTTA
IBV,TAAGTTTTG
IBV,TATAACTGGC
IBV,TATTATAAT
IBV,TCAACACAA
IBV,TGCATACTG
IBV,TGCCAGTAT
IBV,TGTTGGTAA
IBV,TTACTAAGA
IBV,TTATAAACA
IBV,TTATAATAAT
IBV,TTATTATAATT
IBV,TTCTGAGTAG
IBV,TTGTATAAAA
IBV,TTTGCTTGT
IBV,ACTGGCATGCT
IBV,TTATTATAATT
IBV,CATAGCTATG
IBV,GCCCTAGGGC
IBV,GTGTGCACTA
IBV,GTTAATACTA
IBV,TTATTATAATT
IBV,TTGTCACACA
IBV,ACTGTAATTT
IBV,CATAGCTATG
IBV,TATAATTTA
IBV,AAACTATTA
IBV,AATTATAAT
IBV,ATTAATAAT
IBV,ATTATAATT
IBV,GTAAAGGTG
IBV,TAATTCACCAA
IBV,TACTAAAGA
IBV,TTAATAATA
IBV,TTAGTTAAA
IBV,TTATTATAATT
IBV,TTCTTTAAC
IBV,AAAGTAGTGTTAACACTACTTT
IBV,ACTGTTGGT
IBV,GCCTACTCT
IBV,GTAAAGGTG
IBV,GTATCTAAA
IBV,TATAATTTA
IBV,TCTTGCTTA
IBV,TGTACTCAT
IBV,TTAATACTA
IBV,AAGATCTTT
IBV,AAGCCATTA
IBV,AATGGTGTA
IBV,ACTTAATAT
IBV,AGAATTTTA
IBV,AGTAAGAAT
IBV,AGTAAGAAT
IBV,CACAAACAG
IBV,CACTTAATA
IBV,CTAGCATTA
IBV,GACAATATATTGTC
IBV,GATGTTATT
IBV,GCAATTTTT
IBV,GGTCTTATT
IBV,GTAAAGGTG
IBV,GTATCTAAA
IBV,TATTAAAAT
IBV,TCCACTAGC
IBV,TCTTGTCAA
IBV,TGCAGTAAT
IBV,TGGAGTGTA
IBV,TGGTCAAAA
IBV,TTAAGGAAA
IBV,TTAATTTGA
IBV,TTATTGAAG
IBV,TTATTGAAG
IBV,TTATTTACA
IBV,TTCTTACCA
IBV,TTTATTAAG
IBV,TTTTTTCTT
IBV,ACTGGCATGCT
IBV,ATTCACTTT
IBV,TATTATAAT
IBV,TCAACACAA
IBV,TGCCAGTAT
IBV,TTATAAACA
IBV,TTATTATAATT
IBV,AAACTGGTT
IBV,AAAGTGGAT
IBV,AATAATTATA
IBV,AATACTAGTATT
IBV,ACACATTGT
IBV,ACATTGTAG
IBV,ACTGCTGGT
IBV,ATTATACTCAA
IBV,CCTTGGCCTA
IBV,CGTCTAGACG
IBV,GAAAAAAGA
IBV,GTTATAAAA
IBV,GTTATTATAA
IBV,TAAAGTTAT
IBV,TAATAATTA
IBV,TAGTTAATGT
IBV,TTACTAACA
IBV,TTATAAAAGT
IBV,TTATAATAA
IBV,TTGTTTGCA
IBV,TTTTACATT
IBV,AAACTATTA
IBV,AAGATCTTT
IBV,AATTATAAT
IBV,AATTTCACC
IBV,ACAAAAGTG
IBV,ACTTAATAT
IBV,AGAACATGT
IBV,AGCCTATGG
IBV,AGTTAAAGA
IBV,ATAATAATA
IBV,ATGAAAAAC
IBV,ATTAACATA
IBV,ATTAATAAT
IBV,ATTATAATT
IBV,CAATATGTT
IBV,CACTTAATA
IBV,CTAGCATTA
IBV,GAATATAAT
IBV,GCATAATGA
IBV,GGTTTTATT
IBV,GTAAAGGTG
IBV,GTGTTAACA
IBV,TAATTCACCAA
IBV,TACTAAAGA
IBV,TCTGAGTAG
IBV,TGAATATAA
IBV,TGAATTACA
IBV,TGGTTTAGT
IBV,TGTTAATGA
IBV,TTAATAATA
IBV,TTAATTTGA
IBV,TTAGTTAAA
IBV,TTATTATAATT
IBV,TTGGCATAT
IBV,TTGTTTGCA
IBV,TTTAGCAGA
IBV,TTTTATTTACA
IBV,CGTTTACTACT
IBV,GTAGTGTTAACACTAC
IBV,AACATCTGT
IBV,AGGGCCATAT
IBV,AGTAAGAAT
IBV,CATGTACATG
IBV,CCATTAACA
IBV,GTAGTGGACC
IBV,GTGCTTCTG
IBV,GTGGTTATTA
IBV,TATTATAAT
IBV,TCTAAATTTAGA
IBV,TGTTTATAG
IBV,AATAATTATA
IBV,AATACTAGTATT
IBV,AGGTGGTTGT
IBV,CTGTTTCATTA
IBV,GTTATTATAA
IBV,TAATACAGGTGGT
IBV,TAGTTAATGT
IBV,ACAAAACTAC
IBV,CATAGCTATG
IBV,CCATAGATG
IBV,CGTATCTAAA
IBV,GCCTACTCT
IBV,GTGTGCACTA
IBV,GTTAATACTA
IBV,GTTAATACT
IBV,TAATAATTA
IBV,TATAATTTA
IBV,TGGTCTAAA
IBV,TTATTATAATT
IBV,TTGGGGGAA
IBV,AAAGTAGTGTTAACACTACTTT
IBV,AAAGTATTAA
IBV,ACCTGCAGGT
IBV,TACTTTCTA
IBV,ACCAAAGTGC
IBV,CATAGCTATG
IBV,GCCCTAGGGC
IBV,GTGTGCACTA
IBV,GTTAATACTA
IBV,TAACTTAACA
IBV,TTATTATAATT
IBV,TTGTCACACA
IBV,AACAAAACC
IBV,AACCTCTTTTA
IBV,AAGGCCATT
IBV,AAGTGCTTTTA
IBV,AATTTCACT
IBV,ACCTAAAGG
IBV,ACTTAGAAG
IBV,AGAGTGGCT
IBV,AGTAAGAAT
IBV,ATGTCAATA
IBV,ATTCAGTTA
IBV,ATTTCTGCT
IBV,CAAAAAGAA
IBV,CACAGAACC
IBV,CACCCACAA
IBV,CACCTAAAG
IBV,CCCTATTATTA
IBV,CTAGCATTA
IBV,CTTGTGCAG
IBV,GAATATGGC
IBV,GAGTGGCTA
IBV,GCAACTTGT
IBV,GCAATTTTT
IBV,TAGTCTCTG
IBV,TATAATAAT
IBV,TATAATAAT
IBV,TATGGCAAG
IBV,TCAACAAAA
IBV,TCAAGGTCT
IBV,TCATTCCAC
IBV,TCTCTGTGA
IBV,TGCTAGAGA
IBV,TGCTTTTAA
IBV,TGTATAAAA
IBV,TTAACAGGT
IBV,TTACTCATT
IBV,TTTAATATA
IBV,TTTGTGGTA
IBV,AAACCATTA
IBV,ACTGTTGGT
IBV,CATAGCTATG
IBV,GTGTGCACTA
IBV,GTTAATACTA
IBV,GTTAATACT
IBV,TAACTTAACA
IBV,TCTTGCTTA
IBV,TTATCTAAA
IBV,TTATTAATG
IBV,TTATTATAATT
IBV,AAATTATAATA
IBV,AATAATTAT
IBV,AATTACATG
IBV,AATTTTGTAGT
IBV,ACCCTGCAT
IBV,ATAATATTAT
IBV,CAAAATTGT
IBV,CAAAATTTTG
IBV,CTACTAATT
IBV,GTGTGCACTA
IBV,TAATAATTA
IBV,TAATATTAT
IBV,TATAATCAA
IBV,TATTATAAT
IBV,TCAACACAA
IBV,TCTTTAGTGA
IBV,TTATAATTTA
IBV,TTATTATAATT
IBV,ACAAGGTCA
IBV,ACTCAACACAA
IBV,ACTTAATAT
IBV,AGGTGCCAT
IBV,AGGTGGTGT
IBV,ATAATAATA
IBV,ATATTAAGT
IBV,ATGGCACCT
IBV,CAATATGTT
IBV,CTAGCATTA
IBV,CTGTTGTAA
IBV,CTTAGCAGA
IBV,CTTCAAGGT
IBV,GAATATAAT
IBV,GGCCTTATT
IBV,GTAAAGGTG
IBV,GTAGTAATG
IBV,TACTAATAG
IBV,TCTTCTATA
IBV,TTACAACAG
IBV,TTACTACTA
IBV,TTATTATAATT
IBV,TTATTTACA
IBV,TTGAACCTG
IBV,TTGTAAATA
IBV,TTGTTTGCA
IBV,TTTACTACT
IBV,TTTGAATGT
IBV,TTTTATATT
IBV,ACAAAACTAC
IBV,ACTGTAATTT
IBV,CATAGCTATG
IBV,CGTATCTAAA
IBV,GTTAATACTA
IBV,TTATTATAATT
IBV,AAACCATTA
IBV,AATCAAAGT
IBV,ACTTAATAT
IBV,AGTTTTAAGT
IBV,ATAATAATA
IBV,ATATTAAGT
IBV,ATGCCTACT
IBV,CAATATGTT
IBV,CATAGCTATG
IBV,CATTTTGTG
IBV,CATTTTGTG
IBV,CGGCTTCCAT
IBV,CTAGCATTA
IBV,CTGTTGTAA
IBV,GCCTACTCT
IBV,GCTGGTTTA
IBV,GGTGGTGTTA
IBV,GGTTTTATT
IBV,GTAAAGGTG
IBV,GTAGTAATG
IBV,GTATCTAAA
IBV,GTATTGTTC
IBV,GTGTGCACTA
IBV,GTGTTAATA
IBV,TAACAGGCA
IBV,TAATAAAAC
IBV,TAATATTACT
IBV,TACTAATAG
IBV,TATAATTTA
IBV,TATTACTAA
IBV,TCTTGCTTA
IBV,TGGAGTGTA
IBV,TGGCTAGCCA
IBV,TGTTTCAACA
IBV,TTAATACTA
IBV,TTATTAACA
IBV,TTATTTACA
IBV,TTGAACCTG
IBV,TTGTAAATA
IBV,TTGTCACACA
IBV,TTTTATATT
IBV,TTTTGTGGTA
IBV,ACTTCTAGTTT
IBV,TAAAATTAT
IBV,TGGTCTAAA
IBV,TTACAATTT
IBV,TTAGTAATA
IBV,TTATAATAA
IBV,TTATACTCA
IBV,TTATTTAAA
IBV,TTCACTTCT
IBV,AAATAGTGT
IBV,TTCATATGAA
IBV,TAGACCATT
IBV,ACTGGCATGCT
IBV,ACTGGTTCTCA
IBV,TTATTAATAGT
IBV,TTATTATAATT
IBV,AATACTAGTATT
IBV,CTGTTTCATTA
IBV,TAATACAGGTGGT
IBV,CACTTCTAA
IBV,AAACCATTA
IBV,AAACCATTA
IBV,AACAAAACT
IBV,ACTGTTGGT
IBV,ACTTAATAT
IBV,ACTTAATAT
IBV,ATAATAATA
IBV,CAATATGTT
IBV,CCATAGATG
IBV,CTAGCATTA
IBV,CTAGCTTGT
IBV,CTGTTGTAA
IBV,GCTGGTTTA
IBV,GGTGGTGTTAATA
IBV,GGTTTTATT
IBV,GTAAAGGTG
IBV,GTGTTAATA
IBV,TAACAGGCA
IBV,TAATATTACT
IBV,TAATATTACT
IBV,TATTACTAA
IBV,TCTTGCTTA
IBV,TGGAGTGTA
IBV,TGTACTCAT
IBV,TTAATACTA
IBV,TTATCTAAA
IBV,TTATTAACA
IBV,TTATTTACA
IBV,TTGTAAATA
IBV,AAACCATTA
IBV,AACAATTTT
IBV,ACATTGTTT
IBV,ACTTAATAT
IBV,ACTTAATAT
IBV,ATAATAATA
IBV,CAATATGTT
IBV,CGACAACTC
IBV,CTAGCATTA
IBV,CTGGCTTGT
IBV,CTGTTGTAA
IBV,CTTGTCCTT
IBV,GCCTACTCT
IBV,GCTGGTTTA
IBV,GGTTTTATT
IBV,GTAAAGGTG
IBV,GTGTTAATA
IBV,TAAGGACAA
IBV,TAATATTACT
IBV,TAATATTACT
IBV,TATAGTAAC
IBV,TATTACTAA
IBV,TATTGGTTA
IBV,TCTTACCAC
IBV,TCTTGCTTA
IBV,TGGAGTGTA
IBV,TGTACTCAT
IBV,TGTTTGTTA
IBV,TTAGGTGCA
IBV,TTATAATAA
IBV,TTATCTAAA
IBV,TTATTAACA
IBV,TTATTTACA
IBV,TTGTAAATA
IBV,TTTACTAGT
IBV,ACTCAACACAA
IBV,TTATTATAATT
IBV,AAACTATTA
IBV,AACAGATTC
IBV,AAGGCCATT
IBV,AATTTAACA
IBV,ATGGTTTGC
IBV,CAAAATGTTCA
IBV,CAAGGTCTT
IBV,CAATATGTT
IBV,CGTTTACTACT
IBV,CTAGCATTA
IBV,GAGAAAGTA
IBV,GCAATTTTT
IBV,GGTGGTGTT
IBV,GGTTCTCAA
IBV,GTAGTGTTAACACTAC
IBV,GTATAAAAA
IBV,GTTGCTGGT
IBV,TAACAGTTT
IBV,TACTAACAT
IBV,TAGCCATGA
IBV,TATTATAAT
IBV,TCATTACTA
IBV,TCTGCTGTA
IBV,TGCTAGAGA
IBV,TTAATTTGA
IBV,TTTAATATA
IBV,TTTCTGAGT
IBV,TTTGTGGTA
IBV,TTTGTTGTA
IBV,ACTGGCATGCT
IBV,ATTCACTTT
IBV,TATTATAAT
IBV,TCAACACAA
IBV,TGCCAGTAT
IBV,TTATAAACA
IBV,TTATTATAATT
IBV,ACACTGTAA
IBV,ACCAGAAACTA
IBV,ACTGGTTCTCA
IBV,AGTGATTTT
IBV,TAGTATTAATACTA
IBV,TATTATAAT
IBV,TCAACACAA
IBV,TGCCAGTAT
IBV,TTATAAACA
IBV,TTATAATAA
IBV,TTATTATAATT
IBV,TTGGGTGAT
IBV,AAACCATTA
IBV,ACTTAATAT
IBV,ACTTAATAT
IBV,ATAATAATA
IBV,ATAATCAAA
IBV,CAATATGTT
IBV,CATTTTGTG
IBV,CTAGCATTA
IBV,CTGGCTTGT
IBV,CTGTTGTAA
IBV,GCACTATTG
IBV,GCCTACTCT
IBV,GCTGGTTTA
IBV,GGTTTTATT
IBV,GTAAAGGTG
IBV,GTATCTAAA
IBV,TAACAGGCA
IBV,TAATATTACT
IBV,TAATATTACT
IBV,TATAATTTA
IBV,TATTACTAA
IBV,TCTTACCAC
IBV,TCTTGCTTA
IBV,TGGAGTGTA
IBV,TGTACTCAT
IBV,TTATCTAAA
IBV,TTATTAACA
IBV,TTATTTACA
IBV,TTGTAAATA
IBV,AAAGTATTAA
IBV,AGTACTAAT
IBV,GTTCTGCAGAAC
IBV,TTATTATAATT
IBV,TGCAGACGC
IBV,ACACTGTAA
IBV,GTGTTAACAC
IBV,GTTTATAAAC
IBV,TTATTATAATT
IBV,AAAAGAAGA
IBV,AAACCATTA
IBV,AACAAAACT
IBV,AATCTTTTC
IBV,ACCATTTTG
IBV,ACTTAATAT
IBV,ACTTAATAT
IBV,AGAGTGATG
IBV,AGTTTTAAT
IBV,ATAATAATA
IBV,ATGAAAAAT
IBV,ATGAAAAAT
IBV,ATGAAAGAA
IBV,ATTTTGTGGTA
IBV,CATTTTGTG
IBV,CCATAGATG
IBV,CTAGCATTA
IBV,GAATATAAT
IBV,GCCTACTCT
IBV,GGTTTTATT
IBV,GTAAAGGTG
IBV,GTGTATAAG
IBV,GTTAATACT
IBV,TAATAAGGC
IBV,TAATAATTA
IBV,TATAATCAA
IBV,TATAATTTA
IBV,TCAATACAA
IBV,TGAATATAA
IBV,TGGTCTAAA
IBV,TGTACTCAT
IBV,TTAATTATT
IBV,TTACTAAGA
IBV,TTATTATAATT
IBV,TTGTAAATA
IBV,TTTAGCAGA
IBV,TTTTATTTACA
IBV,TTATTATAATT
IBV,AATAATTATA
IBV,AATACTAGTATT
IBV,AGGTGGTTGT
IBV,CTGTTTCATTA
IBV,GTTATTATAA
IBV,TAATACAGGTGGT
IBV,TAGTTAATGT
IBV,AATTTTGTAG
IBV,AGTTATAACT
IBV,ATGTTTATAA
IBV,GTGTGCACTA
IBV,TTATAATAAT
IBV,TTATTATAATT
IBV,CATAGCTATG
IBV,GTGTGCACTA
IBV,AAAGTAGTGTTAACACTACTTT
IBV,AAACAGCCA
IBV,AAATTATAATA
IBV,AAGGCCATT
IBV,AATAATTAT
IBV,AATATAATAA
IBV,AATTACATG
IBV,AATTTTGTAGT
IBV,ACCATTTTG
IBV,ACCCTGCAT
IBV,ACTCATCATC
IBV,AGAAGATTT
IBV,AGGTGGTGTT
IBV,ATAATATTAT
IBV,CAAAATTTTG
IBV,CAATATGTT
IBV,CTACTAATT
IBV,CTAGCATTA
IBV,CTATACCATT
IBV,CTTCAAGGT
IBV,GAATATAAT
IBV,GCACTATTG
IBV,GGTACTGTG
IBV,GGTTTTATT
IBV,GTATACAAA
IBV,GTGTATAAA
IBV,GTGTGCACTA
IBV,GTGTTAATA
IBV,TAACAGGCA
IBV,TAACAGTTA
IBV,TAATAAGAA
IBV,TAATAATTA
IBV,TAATATTACT
IBV,TAATATTAT
IBV,TAATTCTAG
IBV,TATAATCAA
IBV,TATTATAAT
IBV,TCAACACAA
IBV,TCTTACCAC
IBV,TGAATATAA
IBV,TTACTGAAAA
IBV,TTATAATTTA
IBV,TTATTAACA
IBV,TTATTATAATT
IBV,TTATTTACA
IBV,TTGTATACAA
IBV,TTTCAGTAA
IBV,CATAGCTATG
IBV,GCCCTAGGGC
IBV,GTGTGCACTA
IBV,GTTAATACTA
IBV,TAACTTAACA
IBV,TTATTATAATT
IBV,ACTGTTGGT
IBV,GCCTACTCT
IBV,GTAAAGGTG
IBV,GTATCTAAA
IBV,TATAATTTA
IBV,TCTTGCTTA
IBV,TGTACTCAT
IBV,TTATTATAATT
IBV,AGTAGTGTTAACACTACT
IBV,ATGTATGGGTC
IBV,CATAGCTATG
IBV,GCCCTAGGGC
IBV,GTGTGCACTA
IBV,TAACTTAACA
IBV,TTATTATAATT
IBV,TTGTCACACA
IBV,AATTTTTAT
IBV,ACATAGTTA
IBV,ACATTGTTT
IBV,ACTGCTGGT
IBV,ACTTCTAGTTT
IBV,ACTTTTTAT
IBV,ATAATTATA
IBV,ATAGTGTTT
IBV,ATTACTAAT
IBV,ATTGTATAA
IBV,CAATATGTT
IBV,GCTTATTGA
IBV,GTAGGGTTT
IBV,GTATCTAAA
IBV,GTTAATAGT
IBV,TAAGTAATG
IBV,TAGTTTCTG
IBV,TGAATATAA
IBV,TTAGTAATAAAGC
IBV,TTATTTAAA
IBV,TTGACTAAT
IBV,TTGCATGTCAG
IBV,TTTCTGAGT
IBV,TTTTATAAT
IBV,TTTTATTTACA
IBV,TTTTTATAA
IBV,ACACTGTAA
IBV,AGCTGCAGCT
IBV,CGCGCCGCTG
IBV,GGCAGCTGCC
IBV,TATAGCTATA
IBV,TGCGCGCTG
IBV,TGCGCGCTG
IBV,TGCTATAGCA
IBV,TTATTATAATT
IBV,ACTGTTGGT
IBV,GCCTACTCT
IBV,GTATCTAAA
IBV,GTGTGCACT
IBV,TCTTGCTTA
IBV,TTATCTAAA
IBV,TTATTATAATT
IBV,CATAGCTATG
IBV,GCCCTAGGGC
IBV,GTGTGCACTA
IBV,GTTAATACTA
IBV,TTATTATAATT
IBV,TTGTCACACA
IBV,ACAAAACTAC
IBV,ACTGTAATTT
IBV,CATAGCTATG
IBV,CGTATCTAAA
IBV,GTTAATACTA
IBV,TTATTATAATT
IBV,ACTGGCATGCT
IBV,ATTCACTTT
IBV,TATTATAAT
IBV,TCAACACAA
IBV,TGCCAGTAT
IBV,TTATAAACA
IBV,TTATTATAATT
IBV,AACTTTTCT
IBV,ACAGTACCA
IBV,ATAAAATTA
IBV,ATAAAATTA
IBV,ATACTACTA
IBV,ATTTTATAA
IBV,TAAAATTAT
IBV,TAATTTACCACCAGA
IBV,TTAATACTACT
IBV,TTAGTAATAAA
IBV,TTGCTTTAT
IBV,TATAATTTA
IBV,AAACCATTA
IBV,ATACTCTAGG
IBV,CATAGCTATG
IBV,GCCTACTCT
IBV,GTATCTAAA
IBV,GTGTGCACTA
IBV,TAACTTAACA
IBV,TCTTGCTTA
IBV,TTAATACTA
IBV,TTATCTAAA
IBV,TTATTATAATT
IBV,ACTCAACACAA
IBV,TTATTATAATT
IBV,AATTATAATT
IBV,AATTATAAT
IBV,ATTATAATT
IBV,CACCTTTACA
IBV,GTGTTAACAC
IBV,TAATTCACCAA
IBV,TTATAATAAT
IBV,TTATTATAATT
IBV,GTGTTAACAC
IBV,AAATAATTT
IBV,ACATTATTT
IBV,AGCAGTGAA
IBV,TAAAATTAT
IBV,TATCAACAG
IBV,TGAAAAGAA
IBV,TGATTTAAATCA
IBV,TGTTGATTA
IBV,TTATAATAATT
IBV,TTTAATAAA
IBV,AACAGATTCT
IBV,AACCATCTG
IBV,AATAAAAAT
IBV,AATCTGTTT
IBV,ACTTCTAGTTT
IBV,ACTTTTTAT
IBV,AGATGTAAG
IBV,AGCCATAGA
IBV,ATAAAAATAC
IBV,ATTACTAAT
IBV,ATTACTAAT
IBV,CAACTCACG
IBV,CACTTAATA
IBV,CAGGTATGA
IBV,CATACTGCT
IBV,GAAGATCTTC
IBV,GAATCTGTTG
IBV,GTATCTAAA
IBV,GTGTATAAAC
IBV,TAACAACAT
IBV,TAATAATGGC
IBV,TATAATTATA
IBV,TATGGCAAG
IBV,TCATTACTA
IBV,TCATTATCT
IBV,TCTGTTGTAA
IBV,TGAAACAACT
IBV,TGCTAGAGA
IBV,TTAATCCCTG
IBV,TTAGTAATAAA
IBV,TTAGTAATA
IBV,TTCACTTCTA
IBV,TTGCATGTC
IBV,TTGCTTTAT
IBV,TTTCTGAGT
IBV,TTTGTGGTA
IBV,TTATTATAATT
IBV,NNNNNNNNN
IBV,ACACTGTAA
IBV,AGCAGATGCT
IBV,AGTTATAACT
IBV,ATTGATAGTG
IBV,CAGCAATTTT
IBV,CTTACTCATA
IBV,GTGTCGACAC
IBV,GTTGTGTGGC
IBV,TATTATAATT
IBV,TGGTACTATT
IBV,TTGTATAAAA
IBV,TTTTGTGGTA
IBV,ACAAACTGCT
IBV,ACTCAACACAA
IBV,CATAGCTATG
IBV,TAATGAGACT
IBV,TTATAATAAT
IBV,TTATTATAATT
IBV,AAAGTAGTGTTAACACTACTTT
IBV,AATTGCCACAA
IBV,ACCCAGTCA
IBV,ACNNNNNNNNNNNNNNNNNNNNNNNNNNNNNNNNNNNNNNNNNNNNNNNNNNNNNNNNNNNNNNNNNNNNNNNNNNNNNNNNNNNNNNNNNNNNNNNNNNNNNGT
IBV,AGGTTTTAT
IBV,ATCTGTTGG
IBV,ATNNNNNNNNNNN
IBV,ATTCACTTT
IBV,CACTTAATA
IBV,CCATTAGGT
IBV,CCTGCAGTA
IBV,CTTACTCAT
IBV,GCAATTTTT
IBV,GCAATTTTT
IBV,GCCTGCAGT
IBV,GGCAATTTT
IBV,GTAAAGGTG
IBV,GTATACAAA
IBV,NNNNNNNNNNNNNNNNNNNNNNNNNNNNNNNNNNNNNNNGT
IBV,NNNNNNNNNNNNNNNNNNNNNNNNNNNNNNNNNNNNNNNNNNNNNNNNNNNNNNNNNNNNNNNNNNNNNNNNNNNNNNNNNNNNNNNNNNNNNNNNNNNNNNNNNNNNNNNNNNNNNNNNNNNNNNNNNNNNNNNNNNNNNNNNNNNNNNNNNNNNNNNNNNNNNNNNNNNNNNNNNNNNNNNNNNNN
IBV,NNNNNNNNNNNNNNNNNNNNNNNNNNNNNNNNNNNNNNNNNNNNNNNNNNNNNNNNNNNNNNNNNNNNNNNNNNNNNNNNNNNNNNNNNNNNNNNNNNNNNNNNNNNNNNNNNNNNNNNNNNNNNNNNNNNNNNNNNNNNNNNNNNNNNNNNNNNNNNNNNNNNNNNNNNNNNNNNNNNNNNNNNNN
IBV,NNNNNNNNNNNNNNNNNNNNNNNNNNNNNNNNNNNNNNNNNNNNNNNNNNNNNNNNNNNNNNNNNNNNNNNNNNNNNNNNNNNNNNNNNNNNNNNNNNNNNNNNNNNNNNNNNNNNNNNNNNNNNNNNNNNNNNNNNNNNNNNNNNNNNNNNNNNNNNNNNNNNNNNNNNNNNNNNNNNNNNNNNNN
IBV,NNNNNNNNNNNNNNNNNNNNNNNNNNNNNNNNNNNNNNNNNNNNNNNNNNNNNNNNNNNNNNNNNNNNNNNNNNNNNNNNNNNNNNNNNNNNNNNNNNNNNNNNNNNNNNNNNNNNNNNNNNNNNNNNNNNNNNNNNNNNNNNNNNNNNNNNNNNNNNNNNNNNNNNNNNNNNNNNNNNNNNNNNN
IBV,NNNNNNNNNNNNNNNNNNNNNNNNNNNNNNNNNNNNNNNNNNNNNNNNNNNNNNNNNNNNNNNNNNNNNNNNNNNNNNNNNNNNNNNNNNNNNNNNNNNNNNNNNNNNNNNNNNNNNNNNNNNNNNNNNNNNNNNNNNNNNNNNNNNNNNNNNNNNNNNNNNNNNNNNNNNNNNNNNNNNNNNNNN
IBV,NNNNNNNNNNNNNNNNNNNNNNNNNNNNNNNNNNNNNNNNNNNNNNNNNNNNNNNNNNNNNNNNNNNNNNNNNNNNNNNNNNNNNNNNNNNNNNNNNNNNNNNNNNNNNNNNNNNNNNNNNNNNNNNNNNNNNNNNNNNNNNNNNNNNNNNNNNNNNNNNNNNNNNNNNNNNNNNNNNNNNNNNN
IBV,NNNNNNNNNNNNNNNNNNNNNNNNNNNNNNNNNNNNNNNNNNNNNNNNNNNNNNNNNNNNNNNNNNNNNNNNNNNNNNNNNNNNNNNNNNNNNNNNNNNNNNNNNNNNNNNNNNNNNNNNNNNNNNNNNNNNNNNNNNNNNNNNNNNNNNNNNNNNNNNNNNNNNNNNNNNNNNNNNNNNNNNNN
IBV,NNNNNNNNNNNNNNNNNNNNNNNNNNNNNNNNNNNNNNNNNNNNNNNNNNNNNNNNNNNNNNNNNNNNNNNNNNNNNNNNNNNNNNNNNNNNNNNNNNNNNNNNNNNNNNNNNNNNNNNNNNNNNNNNNNNNNNNNNNNNNNNNNNNNNNNNNNNNNNNNNNNNNNNNNNNNNNNNNNNNNNNN
IBV,NNNNNNNNNNNNNNNNNNNNNNNNNNNNNNNNNNNNNNNNNNNNNNNNNNNNNNNNNNNNNNNNNNNNNNNNNNNNNNNNNNNNNNNNNNNNNNNNNNNNNNNNNNNNNNNNNNNNNNNNNNNNNNNNNNNNNNNNNNNNNNNNNNNNNNNNNNNNNNNNNNNNNNNNNNNNNNNNNNNNNNNN
IBV,NNNNNNNNNNNNNNNNNNNNNNNNNNNNNNNNNNNNNNNNNNNNNNNNNNNNNNNNNNNNNNNNNNNNNNNNNNNNNNNNNNNNNNNNNNNNNNNNNNNNNNNNNNNNNNNNNNNNNNNNNNNNNNNNNNNNNNNNNNNNNNNNNNNNNNNNNNNNNNNNNNNNNNNNNNNNNNNNNNNNNNN
IBV,NNNNNNNNNNNNNNNNNNNNNNNNNNNNNNNNNNNNNNNNNNNNNNNNNNNNNNNNNNNNNNNNNNNNNNNNNNNNNNNNNNNNNNNNNNNNNNNNNNNNNNNNNNNNNNNNNNNNNNNNNNNNNNNNNNNNNNNNNNNNNNNNNNNNNNNNNNNNNNNNNNNNNNNNNNNNNNNNNNNNNNN
IBV,NNNNNNNNNNNNNNNNNNNNNNNNNNNNNNNNNNNNNNNNNNNNNNNNNNNNNNNNNNNNNNNNNNNNNNNNNNNNNNNNNNNNNNNNNNNNNNNNNNNNNNNNNNNNNNNNNNNNNNNNNNNNNNNNNNNNNNNNNNNNNNNNNNNNNNNNNNNNNNNNNNNNNNNNNNNNNNNNNNNNNN
IBV,NNNNNNNNNNNNNNNNNNNNNNNNNNNNNNNNNNNNNNNNNNNNNNNNNNNNNNNNNNNNNNNNNNNNNNNNNNNNNNNNNNNNNNNNNNNNNNNNNNNNNNNNNNNNNNNNNNNNNNNNNNNNNNNNNNNNNNNNNNNNNNNNNNNNNNNNNNNNNNNNNNNNNNNNNNNNNNNNNNNNNN
IBV,NNNNNNNNNNNNNNNNNNNNNNNNNNNNNNNNNNNNNNNNNNNNNNNNNNNNNNNNNNNNNNNNNNNNNNNNNNNNNNNNNNNNNNNNNNNNNNNNNNNNNNNNNNNNNNNNNNNNNNNNNNNNNNNNNNNNNNNNNNNNNNNNNNNNNNNNNNNNNNNNNNNNNNNNNNNNNNNNNNNNN
IBV,NNNNNNNNNNNNNNNNNNNNNNNNNNNNNNNNNNNNNNNNNNNNNNNNNNNNNNNNNNNNNNNNNNNNNNNNNNNNNNNNNNNNNNNNNNNNNNNNNNNNNNNNNNNNNNNNNNNNNNNNNNNNNNNNNNNNNNNNNNNNNNNNNNNNNNNNNNNNNNNNNNNNNNNNNNNNNNNNNNNNN
IBV,NNNNNNNNNNNNNNNNNNNNNNNNNNNNNNNNNNNNNNNNNNNNNNNNNNNNNNNNNNNNNNNNNNNNNNNNNNNNNNNNNNNNNNNNNNNNNNNNNNNNNNNNNNNNNNNNNNNNNNNNNNNNNNNNNNNNNNNNNNNNNNNNNNNNNNNNNNNNNNNNNNNNNNNNNNNNNNNNNNNN
IBV,NNNNNNNNNNNNNNNNNNNNNNNNNNNNNNNNNNNNNNNNNNNNNNNNNNNNNNNNNNNNNNNNNNNNNNNNNNNNNNNNNNNNNNNNNNNNNNNNNNNNNNNNNNNNNNNNNNNNNNNNNNNNNNNNNNNNNNNNNNNNNNNNNNNNNNNNNNNNNNNNNNNNNNNNNNNNNNNNNNNN
IBV,NNNNNNNNNNNNNNNNNNNNNNNNNNNNNNNNNNNNNNNNNNNNNNNNNNNNNNNNNNNNNNNNNNNNNNNNNNNNNNNNNNNNNNNNNNNNNNNNNNNNNNNNNNNNNNNNNNNNNNNNNNNNNNNNNNNNNNNNNNNNNNNNNNNNNNNNNNNNNNNNNNNNNNNNNNNNNNNNNNN
IBV,NNNNNNNNNNNNNNNNNNNNNNNNNNNNNNNNNNNNNNNNNNNNNNNNNNNNNNNNNNNNNNNNNNNNNNNNNNNNNNNNNNNNNNNNNNNNNNNNNNNNNNNNNNNNNNNNNNNNNNNNNNNNNNNNNNNNNNNNNNNNNNNNNNNNNNNNNNNNNNNNNNNNNNNNNNNNNNNNNNN
IBV,NNNNNNNNNNNNNNNNNNNNNNNNNNNNNNNNNNNNNNNNNNNNNNNNNNNNNNNNNNNNNNNNNNNNNNNNNNNNNNNNNNNNNNNNNNNNNNNNNNNNNNNNNNNNNNNNNNNNNNNNNNNNNNNNNNNNNNNNNNNNNNNNNNNNNNNNNNNNNNNNNNNNNNNNNNNNNNNNNN
IBV,NNNNNNNNNNNNNNNNNNNNNNNNNNNNNNNNNNNNNNNNNNNNNNNNNNNNNNNNNNNNNNNNNNNNNNNNNNNNNNNNNNNNNNNNNNNNNNNNNNNNNNNNNNNNNNNNNNNNNNNNNNNNNNNNNNNNNNNNNNNNNNNNNNNNNNNNNNNNNNNNNNNNNNNNNNNNNNNNNN
IBV,NNNNNNNNNNNNNNNNNNNNNNNNNNNNNNNNNNNNNNNNNNNNNNNNNNNNNNNNNNNNNNNNNNNNNNNNNNNNNNNNNNNNNNNNNNNNNNNNNNNNNNNNNNNNNNNNNNNNNNNNNNNNNNNNNNNNNNNNNNNNNNNNNNNNNNNNNNNNNNNNNNNNNNNNNNNNNNNNN
IBV,NNNNNNNNNNNNNNNNNNNNNNNNNNNNNNNNNNNNNNNNNNNNNNNNNNNNNNNNNNNNNNNNNNNNNNNNNNNNNNNNNNNNNNNNNNNNNNNNNNNNNNNNNNNNNNNNNNNNNNNNNNNNNNNNNNNNNNNNNNNNNNNNNNNNNNNNNNNNNNNNNNNNNNNNNNNNNNNNN
IBV,NNNNNNNNNNNNNNNNNNNNNNNNNNNNNNNNNNNNNNNNNNNNNNNNNNNNNNNNNNNNNNNNNNNNNNNNNNNNNNNNNNNNNNNNNNNNNNNNNNNNNNNNNNNNNNNNNNNNNNNNNNNNNNNNNNNNNNNNNNNNNNNNNNNNNNNNNNNNNNNNNNNNNNNNNNNNNNNN
IBV,NNNNNNNNNNNNNNNNNNNNNNNNNNNNNNNNNNNNNNNNNNNNNNNNNNNNNNNNNNNNNNNNNNNNNNNNNNNNNNNNNNNNNNNNNNNNNNNNNNNNNNNNNNNNNNNNNNNNNNNNNNNNNNNNNNNNNNNNNNNNNNNNNNNNNNNNNNNNNNNNNNNNNNNNNNNNNNNN
IBV,NNNNNNNNNNNNNNNNNNNNNNNNNNNNNNNNNNNNNNNNNNNNNNNNNNNNNNNNNNNNNNNNNNNNNNNNNNNNNNNNNNNNNNNNNNNNNNNNNNNNNNNNNNNNNNNNNNNNNNNNNNNNNNNNNNNNNNNNNNNNNNNNNNNNNNNNNNNNNNNNNNNNNNNNNNNNNNN
IBV,NNNNNNNNNNNNNNNNNNNNNNNNNNNNNNNNNNNNNNNNNNNNNNNNNNNNNNNNNNNNNNNNNNNNNNNNNNNNNNNNNNNNNNNNNNNNNNNNNNNNNNNNNNNNNNNNNNNNNNNNNNNNNNNNNNNNNNNNNNNNNNNNNNNNNNNNNNNNNNNNNNNNNNNNNNNNNNN
IBV,NNNNNNNNNNNNNNNNNNNNNNNNNNNNNNNNNNNNNNNNNNNNNNNNNNNNNNNNNNNNNNNNNNNNNNNNNNNNNNNNNNNNNNNNNNNNNNNNNNNNNNNNNNNNNNNNNNNNNNNNNNNNNNNNNNNNNNNNNNNNNNNNNNNNNNNNNNNNNNNNNNNNNNNNNNNNNN
IBV,NNNNNNNNNNNNNNNNNNNNNNNNNNNNNNNNNNNNNNNNNNNNNNNNNNNNNNNNNNNNNNNNNNNNNNNNNNNNNNNNNNNNNNNNNNNNNNNNNNNNNNNNNNNNNNNNNNNNNNNNNNNNNNNNNNNNNNNNNNNNNNNNNNNNNNNNNNNNNNNNNNNNNNNNNNNNNN
IBV,NNNNNNNNNNNNNNNNNNNNNNNNNNNNNNNNNNNNNNNNNNNNNNNNNNNNNNNNNNNNNNNNNNNNNNNNNNNNNNNNNNNNNNNNNNNNNNNNNNNNNNNNNNNNNNNNNNNNNNNNNNNNNNNNNNNNNNNNNNNNNNNNNNNNNNNNNNNNNNNNNNNNNNNNNNNNN
IBV,NNNNNNNNNNNNNNNNNNNNNNNNNNNNNNNNNNNNNNNNNNNNNNNNNNNNNNNNNNNNNNNNNNNNNNNNNNNNNNNNNNNNNNNNNNNNNNNNNNNNNNNNNNNNNNNNNNNNNNNNNNNNNNNNNNNNNNNNNNNNNNNNNNNNNNNNNNNNNNNNNNNNNNNNNNNNN
IBV,NNNNNNNNNNNNNNNNNNNNNNNNNNNNNNNNNNNNNNNNNNNNNNNNNNNNNNNNNNNNNNNNNNNNNNNNNNNNNNNNNNNNNNNNNNNNNNNNNNNNNNNNNNNNNNNNNNNNNNNNNNNNNNNNNNNNNNNNNNNNNNNNNNNNNNNNNNNNNNNNNNNNNNNNNNNN
IBV,NNNNNNNNNNNNNNNNNNNNNNNNNNNNNNNNNNNNNNNNNNNNNNNNNNNNNNNNNNNNNNNNNNNNNNNNNNNNNNNNNNNNNNNNNNNNNNNNNNNNNNNNNNNNNNNNNNNNNNNNNNNNNNNNNNNNNNNNNNNNNNNNNNNNNNNNNNNNNNNNNNNNNNNNNNNN
IBV,NNNNNNNNNNNNNNNNNNNNNNNNNNNNNNNNNNNNNNNNNNNNNNNNNNNNNNNNNNNNNNNNNNNNNNNNNNNNNNNNNNNNNNNNNNNNNNNNNNNNNNNNNNNNNNNNNNNNNNNNNNNNNNNNNNNNNNNNNNNNNNNNNNNNNNNNNNNNNNNNNNNNNNNNNNN
IBV,NNNNNNNNNNNNNNNNNNNNNNNNNNNNNNNNNNNNNNNNNNNNNNNNNNNNNNNNNNNNNNNNNNNNNNNNNNNNNNNNNNNNNNNNNNNNNNNNNNNNNNNNNNNNNNNNNNNNNNNNNNNNNNNNNNNNNNNNNNNNNNNNNNNNNNNNNNNNNNNNNNNNNNNNNNN
IBV,NNNNNNNNNNNNNNNNNNNNNNNNNNNNNNNNNNNNNNNNNNNNNNNNNNNNNNNNNNNNNNNNNNNNNNNNNNNNNNNNNNNNNNNNNNNNNNNNNNNNNNNNNNNNNNNNNNNNNNNNNNNNNNNNNNNNNNNNNNNNNNNNNNNNNNNNNNNNNNNNNNNNNNNNNN
IBV,NNNNNNNNNNNNNNNNNNNNNNNNNNNNNNNNNNNNNNNNNNNNNNNNNNNNNNNNNNNNNNNNNNNNNNNNNNNNNNNNNNNNNNNNNNNNNNNNNNNNNNNNNNNNNNNNNNNNNNNNNNNNNNNNNNNNNNNNNNNNNNNNNNNNNNNNNNNNNNNNNNNNNNNNNN
IBV,NNNNNNNNNNNNNNNNNNNNNNNNNNNNNNNNNNNNNNNNNNNNNNNNNNNNNNNNNNNNNNNNNNNNNNNNNNNNNNNNNNNNNNNNNNNNNNNNNNNNNNNNNNNNNNNNNNNNNNNNNNNNNNNNNNNNNNNNNNNNNNNNNNNNNNNNNNNNNNNNNNNNNNNNN
IBV,NNNNNNNNNNNNNNNNNNNNNNNNNNNNNNNNNNNNNNNNNNNNNNNNNNNNNNNNNNNNNNNNNNNNNNNNNNNNNNNNNNNNNNNNNNNNNNNNNNNNNNNNNNNNNNNNNNNNNNNNNNNNNNNNNNNNNNNNNNNNNNNNNNNNNNNNNNNNNNNNNNNNNNNNN
IBV,NNNNNNNNNNNNNNNNNNNNNNNNNNNNNNNNNNNNNNNNNNNNNNNNNNNNNNNNNNNNNNNNNNNNNNNNNNNNNNNNNNNNNNNNNNNNNNNNNNNNNNNNNNNNNNNNNNNNNNNNNNNNNNNNNNNNNNNNNNNNNNNNNNNNNNNNNNNNNNNNNNNNNNNN
IBV,NNNNNNNNNNNNNNNNNNNNNNNNNNNNNNNNNNNNNNNNNNNNNNNNNNNNNNNNNNNNNNNNNNNNNNNNNNNNNNNNNNNNNNNNNNNNNNNNNNNNNNNNNNNNNNNNNNNNNNNNNNNNNNNNNNNNNNNNNNNNNNNNNNNNNNNNNNNNNNNNNNNNNNNN
IBV,NNNNNNNNNNNNNNNNNNNNNNNNNNNNNNNNNNNNNNNNNNNNNNNNNNNNNNNNNNNNNNNNNNNNNNNNNNNNNNNNNNNNNNNNNNNNNNNNNNNNNNNNNNNNNNNNNNNNNNNNNNNNNNNNNNNNNNNNNNNNNNNNNNNNNNNNNNNNNNNNNNNNNNN
IBV,NNNNNNNNNNNNNNNNNNNNNNNNNNNNNNNNNNNNNNNNNNNNNNNNNNNNNNNNNNNNNNNNNNNNNNNNNNNNNNNNNNNNNNNNNNNNNNNNNNNNNNNNNNNNNNNNNNNNNNNNNNNNNNNNNNNNNNNNNNNNNNNNNNNNNNNNNNNNNNNNNNNNNNN
IBV,NNNNNNNNNNNNNNNNNNNNNNNNNNNNNNNNNNNNNNNNNNNNNNNNNNNNNNNNNNNNNNNNNNNNNNNNNNNNNNNNNNNNNNNNNNNNNNNNNNNNNNNNNNNNNNNNNNNNNNNNNNNNNNNNNNNNNNNNNNNNNNNNNNNNNNNNNNNNNNNNNNNNNN
IBV,NNNNNNNNNNNNNNNNNNNNNNNNNNNNNNNNNNNNNNNNNNNNNNNNNNNNNNNNNNNNNNNNNNNNNNNNNNNNNNNNNNNNNNNNNNNNNNNNNNNNNNNNNNNNNNNNNNNNNNNNNNNNNNNNNNNNNNNNNNNNNNNNNNNNNNNNNNNNNNNNNNNNNN
IBV,NNNNNNNNNNNNNNNNNNNNNNNNNNNNNNNNNNNNNNNNNNNNNNNNNNNNNNNNNNNNNNNNNNNNNNNNNNNNNNNNNNNNNNNNNNNNNNNNNNNNNNNNNNNNNNNNNNNNNNNNNNNNNNNNNNNNNNNNNNNNNNNNNNNNNNNNNNNNNNNNNNNNN
IBV,NNNNNNNNNNNNNNNNNNNNNNNNNNNNNNNNNNNNNNNNNNNNNNNNNNNNNNNNNNNNNNNNNNNNNNNNNNNNNNNNNNNNNNNNNNNNNNNNNNNNNNNNNNNNNNNNNNNNNNNNNNNNNNNNNNNNNNNNNNNNNNNNNNNNNNNNNNNNNNNNNNNNN
IBV,NNNNNNNNNNNNNNNNNNNNNNNNNNNNNNNNNNNNNNNNNNNNNNNNNNNNNNNNNNNNNNNNNNNNNNNNNNNNNNNNNNNNNNNNNNNNNNNNNNNNNNNNNNNNNNNNNNNNNNNNNNNNNNNNNNNNNNNNNNNNNNNNNNNNNNNNNNNNNNNNNNNN
IBV,NNNNNNNNNNNNNNNNNNNNNNNNNNNNNNNNNNNNNNNNNNNNNNNNNNNNNNNNNNNNNNNNNNNNNNNNNNNNNNNNNNNNNNNNNNNNNNNNNNNNNNNNNNNNNNNNNNNNNNNNNNNNNNNNNNNNNNNNNNNNNNNNNNNNNNNNNNNNNNNNNNNN
IBV,NNNNNNNNNNNNNNNNNNNNNNNNNNNNNNNNNNNNNNNNNNNNNNNNNNNNNNNNNNNNNNNNNNNNNNNNNNNNNNNNNNNNNNNNNNNNNNNNNNNNNNNNNNNNNNNNNNNNNNNNNNNNNNNNNNNNNNNNNNNNNNNNNNNNNNNNNNNNNNNNNNN
IBV,NNNNNNNNNNNNNNNNNNNNNNNNNNNNNNNNNNNNNNNNNNNNNNNNNNNNNNNNNNNNNNNNNNNNNNNNNNNNNNNNNNNNNNNNNNNNNNNNNNNNNNNNNNNNNNNNNNNNNNNNNNNNNNNNNNNNNNNNNNNNNNNNNNNNNNNNNNNNNNNNNNN
IBV,NNNNNNNNNNNNNNNNNNNNNNNNNNNNNNNNNNNNNNNNNNNNNNNNNNNNNNNNNNNNNNNNNNNNNNNNNNNNNNNNNNNNNNNNNNNNNNNNNNNNNNNNNNNNNNNNNNNNNNNNNNNNNNNNNNNNNNNNNNNNNNNNNNNNNNNNNNNNNNNNNN
IBV,NNNNNNNNNNNNNNNNNNNNNNNNNNNNNNNNNNNNNNNNNNNNNNNNNNNNNNNNNNNNNNNNNNNNNNNNNNNNNNNNNNNNNNNNNNNNNNNNNNNNNNNNNNNNNNNNNNNNNNNNNNNNNNNNNNNNNNNNNNNNNNNNNNNNNNNNNNNNNNNNNN
IBV,NNNNNNNNNNNNNNNNNNNNNNNNNNNNNNNNNNNNNNNNNNNNNNNNNNNNNNNNNNNNNNNNNNNNNNNNNNNNNNNNNNNNNNNNNNNNNNNNNNNNNNNNNNNNNNNNNNNNNNNNNNNNNNNNNNNNNNNNNNNNNNNNNNNNNNNNNNNNNNNNN
IBV,NNNNNNNNNNNNNNNNNNNNNNNNNNNNNNNNNNNNNNNNNNNNNNNNNNNNNNNNNNNNNNNNNNNNNNNNNNNNNNNNNNNNNNNNNNNNNNNNNNNNNNNNNNNNNNNNNNNNNNNNNNNNNNNNNNNNNNNNNNNNNNNNNNNNNNNNNNNNNNNNN
IBV,NNNNNNNNNNNNNNNNNNNNNNNNNNNNNNNNNNNNNNNNNNNNNNNNNNNNNNNNNNNNNNNNNNNNNNNNNNNNNNNNNNNNNNNNNNNNNNNNNNNNNNNNNNNNNNNNNNNNNNNNNNNNNNNNNNNNNNNNNNNNNNNNNNNNNNNNNNNNNNNN
IBV,NNNNNNNNNNNNNNNNNNNNNNNNNNNNNNNNNNNNNNNNNNNNNNNNNNNNNNNNNNNNNNNNNNNNNNNNNNNNNNNNNNNNNNNNNNNNNNNNNNNNNNNNNNNNNNNNNNNNNNNNNNNNNNNNNNNNNNNNNNNNNNNNNNNNNNNNNNNNNNNN
IBV,NNNNNNNNNNNNNNNNNNNNNNNNNNNNNNNNNNNNNNNNNNNNNNNNNNNNNNNNNNNNNNNNNNNNNNNNNNNNNNNNNNNNNNNNNNNNNNNNNNNNNNNNNNNNNNNNNNNNNNNNNNNNNNNNNNNNNNNNNNNNNNNNNNNNNNNNNNNNNNN
IBV,NNNNNNNNNNNNNNNNNNNNNNNNNNNNNNNNNNNNNNNNNNNNNNNNNNNNNNNNNNNNNNNNNNNNNNNNNNNNNNNNNNNNNNNNNNNNNNNNNNNNNNNNNNNNNNNNNNNNNNNNNNNNNNNNNNNNNNNNNNNNNNNNNNNNNNNNNNNNNNN
IBV,NNNNNNNNNNNNNNNNNNNNNNNNNNNNNNNNNNNNNNNNNNNNNNNNNNNNNNNNNNNNNNNNNNNNNNNNNNNNNNNNNNNNNNNNNNNNNNNNNNNNNNNNNNNNNNNNNNNNNNNNNNNNNNNNNNNNNNNNNNNNNNNNNNNNNNNNNNNNNN
IBV,NNNNNNNNNNNNNNNNNNNNNNNNNNNNNNNNNNNNNNNNNNNNNNNNNNNNNNNNNNNNNNNNNNNNNNNNNNNNNNNNNNNNNNNNNNNNNNNNNNNNNNNNNNNNNNNNNNNNNNNNNNNNNNNNNNNNNNNNNNNNNNNNNNNNNNNNNNNNNN
IBV,NNNNNNNNNNNNNNNNNNNNNNNNNNNNNNNNNNNNNNNNNNNNNNNNNNNNNNNNNNNNNNNNNNNNNNNNNNNNNNNNNNNNNNNNNNNNNNNNNNNNNNNNNNNNNNNNNNNNNNNNNNNNNNNNNNNNNNNNNNNNNNNNNNNNNNNNNNNNN
IBV,NNNNNNNNNNNNNNNNNNNNNNNNNNNNNNNNNNNNNNNNNNNNNNNNNNNNNNNNNNNNNNNNNNNNNNNNNNNNNNNNNNNNNNNNNNNNNNNNNNNNNNNNNNNNNNNNNNNNNNNNNNNNNNNNNNNNNNNNNNNNNNNNNNNNNNNNNNNNN
IBV,NNNNNNNNNNNNNNNNNNNNNNNNNNNNNNNNNNNNNNNNNNNNNNNNNNNNNNNNNNNNNNNNNNNNNNNNNNNNNNNNNNNNNNNNNNNNNNNNNNNNNNNNNNNNNNNNNNNNNNNNNNNNNNNNNNNNNNNNNNNNNNNNNNNNNNNNNNNN
IBV,NNNNNNNNNNNNNNNNNNNNNNNNNNNNNNNNNNNNNNNNNNNNNNNNNNNNNNNNNNNNNNNNNNNNNNNNNNNNNNNNNNNNNNNNNNNNNNNNNNNNNNNNNNNNNNNNNNNNNNNNNNNNNNNNNNNNNNNNNNNNNNNNNNNNNNNNNNNN
IBV,NNNNNNNNNNNNNNNNNNNNNNNNNNNNNNNNNNNNNNNNNNNNNNNNNNNNNNNNNNNNNNNNNNNNNNNNNNNNNNNNNNNNNNNNNNNNNNNNNNNNNNNNNNNNNNNNNNNNNNNNNNNNNNNNNNNNNNNNNNNNNNNNNNNNNNNNNNN
IBV,NNNNNNNNNNNNNNNNNNNNNNNNNNNNNNNNNNNNNNNNNNNNNNNNNNNNNNNNNNNNNNNNNNNNNNNNNNNNNNNNNNNNNNNNNNNNNNNNNNNNNNNNNNNNNNNNNNNNNNNNNNNNNNNNNNNNNNNNNNNNNNNNNNNNNNNNNNN
IBV,NNNNNNNNNNNNNNNNNNNNNNNNNNNNNNNNNNNNNNNNNNNNNNNNNNNNNNNNNNNNNNNNNNNNNNNNNNNNNNNNNNNNNNNNNNNNNNNNNNNNNNNNNNNNNNNNNNNNNNNNNNNNNNNNNNNNNNNNNNNNNNNNNNNNNNNNNN
IBV,NNNNNNNNNNNNNNNNNNNNNNNNNNNNNNNNNNNNNNNNNNNNNNNNNNNNNNNNNNNNNNNNNNNNNNNNNNNNNNNNNNNNNNNNNNNNNNNNNNNNNNNNNNNNNNNNNNNNNNNNNNNNNNNNNNNNNNNNNNNNNNNNNNNNNNNNNN
IBV,NNNNNNNNNNNNNNNNNNNNNNNNNNNNNNNNNNNNNNNNNNNNNNNNNNNNNNNNNNNNNNNNNNNNNNNNNNNNNNNNNNNNNNNNNNNNNNNNNNNNNNNNNNNNNNNNNNNNNNNNNNNNNNNNNNNNNNNNNNNNNNNNNNNNNNNNN
IBV,NNNNNNNNNNNNNNNNNNNNNNNNNNNNNNNNNNNNNNNNNNNNNNNNNNNNNNNNNNNNNNNNNNNNNNNNNNNNNNNNNNNNNNNNNNNNNNNNNNNNNNNNNNNNNNNNNNNNNNNNNNNNNNNNNNNNNNNNNNNNNNNNNNNNNNNNN
IBV,NNNNNNNNNNNNNNNNNNNNNNNNNNNNNNNNNNNNNNNNNNNNNNNNNNNNNNNNNNNNNNNNNNNNNNNNNNNNNNNNNNNNNNNNNNNNNNNNNNNNNNNNNNNNNNNNNNNNNNNNNNNNNNNNNNNNNNNNNNNNNNNNNNNNNNNN
IBV,NNNNNNNNNNNNNNNNNNNNNNNNNNNNNNNNNNNNNNNNNNNNNNNNNNNNNNNNNNNNNNNNNNNNNNNNNNNNNNNNNNNNNNNNNNNNNNNNNNNNNNNNNNNNNNNNNNNNNNNNNNNNNNNNNNNNNNNNNNNNNNNNNNNNNNNN
IBV,NNNNNNNNNNNNNNNNNNNNNNNNNNNNNNNNNNNNNNNNNNNNNNNNNNNNNNNNNNNNNNNNNNNNNNNNNNNNNNNNNNNNNNNNNNNNNNNNNNNNNNNNNNNNNNNNNNNNNNNNNNNNNNNNNNNNNNNNNNNNNNNNNNNNNNN
IBV,NNNNNNNNNNNNNNNNNNNNNNNNNNNNNNNNNNNNNNNNNNNNNNNNNNNNNNNNNNNNNNNNNNNNNNNNNNNNNNNNNNNNNNNNNNNNNNNNNNNNNNNNNNNNNNNNNNNNNNNNNNNNNNNNNNNNNNNNNNNNNNNNNNNNNNN
IBV,NNNNNNNNNNNNNNNNNNNNNNNNNNNNNNNNNNNNNNNNNNNNNNNNNNNNNNNNNNNNNNNNNNNNNNNNNNNNNNNNNNNNNNNNNNNNNNNNNNNNNNNNNNNNNNNNNNNNNNNNNNNNNNNNNNNNNNNNNNNNNNNNNNNNNN
IBV,NNNNNNNNNNNNNNNNNNNNNNNNNNNNNNNNNNNNNNNNNNNNNNNNNNNNNNNNNNNNNNNNNNNNNNNNNNNNNNNNNNNNNNNNNNNNNNNNNNNNNNNNNNNNNNNNNNNNNNNNNNNNNNNNNNNNNNNNNNNNNNNNNNNNNN
IBV,NNNNNNNNNNNNNNNNNNNNNNNNNNNNNNNNNNNNNNNNNNNNNNNNNNNNNNNNNNNNNNNNNNNNNNNNNNNNNNNNNNNNNNNNNNNNNNNNNNNNNNNNNNNNNNNNNNNNNNNNNNNNNNNNNNNNNNNNNNNNNNNNNNNNN
IBV,NNNNNNNNNNNNNNNNNNNNNNNNNNNNNNNNNNNNNNNNNNNNNNNNNNNNNNNNNNNNNNNNNNNNNNNNNNNNNNNNNNNNNNNNNNNNNNNNNNNNNNNNNNNNNNNNNNNNNNNNNNNNNNNNNNNNNNNNNNNNNNNNNNNNN
IBV,NNNNNNNNNNNNNNNNNNNNNNNNNNNNNNNNNNNNNNNNNNNNNNNNNNNNNNNNNNNNNNNNNNNNNNNNNNNNNNNNNNNNNNNNNNNNNNNNNNNNNNNNNNNNNNNNNNNNNNNNNNNNNNNNNNNNNNNNNNNNNNNNNNNN
IBV,NNNNNNNNNNNNNNNNNNNNNNNNNNNNNNNNNNNNNNNNNNNNNNNNNNNNNNNNNNNNNNNNNNNNNNNNNNNNNNNNNNNNNNNNNNNNNNNNNNNNNNNNNNNNNNNNNNNNNNNNNNNNNNNNNNNNNNNNNNNNNNNNNNNN
IBV,NNNNNNNNNNNNNNNNNNNNNNNNNNNNNNNNNNNNNNNNNNNNNNNNNNNNNNNNNNNNNNNNNNNNNNNNNNNNNNNNNNNNNNNNNNNNNNNNNNNNNNNNNNNNNNNNNNNNNNNNNNNNNNNNNNNNNNNNNNNNNNNNNNN
IBV,NNNNNNNNNNNNNNNNNNNNNNNNNNNNNNNNNNNNNNNNNNNNNNNNNNNNNNNNNNNNNNNNNNNNNNNNNNNNNNNNNNNNNNNNNNNNNNNNNNNNNNNNNNNNNNNNNNNNNNNNNNNNNNNNNNNNNNNNNNNNNNNNNNN
IBV,NNNNNNNNNNNNNNNNNNNNNNNNNNNNNNNNNNNNNNNNNNNNNNNNNNNNNNNNNNNNNNNNNNNNNNNNNNNNNNNNNNNNNNNNNNNNNNNNNNNNNNNNNNNNNNNNNNNNNNNNNNNNNNNNNNNNNNNNNNNNNNNNNN
IBV,NNNNNNNNNNNNNNNNNNNNNNNNNNNNNNNNNNNNNNNNNNNNNNNNNNNNNNNNNNNNNNNNNNNNNNNNNNNNNNNNNNNNNNNNNNNNNNNNNNNNNNNNNNNNNNNNNNNNNNNNNNNNNNNNNNNNNNNNNNNNNNNNNN
IBV,NNNNNNNNNNNNNNNNNNNNNNNNNNNNNNNNNNNNNNNNNNNNNNNNNNNNNNNNNNNNNNNNNNNNNNNNNNNNNNNNNNNNNNNNNNNNNNNNNNNNNNNNNNNNNNNNNNNNNNNNNNNNNNNNNNNNNNNNNNNNNNNNN
IBV,NNNNNNNNNNNNNNNNNNNNNNNNNNNNNNNNNNNNNNNNNNNNNNNNNNNNNNNNNNNNNNNNNNNNNNNNNNNNNNNNNNNNNNNNNNNNNNNNNNNNNNNNNNNNNNNNNNNNNNNNNNNNNNNNNNNNNNNNNNNNNNNNN
IBV,NNNNNNNNNNNNNNNNNNNNNNNNNNNNNNNNNNNNNNNNNNNNNNNNNNNNNNNNNNNNNNNNNNNNNNNNNNNNNNNNNNNNNNNNNNNNNNNNNNNNNNNNNNNNNNNNNNNNNNNNNNNNNNNNNNNNNNNNNNNNNNNN
IBV,NNNNNNNNNNNNNNNNNNNNNNNNNNNNNNNNNNNNNNNNNNNNNNNNNNNNNNNNNNNNNNNNNNNNNNNNNNNNNNNNNNNNNNNNNNNNNNNNNNNNNNNNNNNNNNNNNNNNNNNNNNNNNNNNNNNNNNNNNNNNNNNN
IBV,NNNNNNNNNNNNNNNNNNNNNNNNNNNNNNNNNNNNNNNNNNNNNNNNNNNNNNNNNNNNNNNNNNNNNNNNNNNNNNNNNNNNNNNNNNNNNNNNNNNNNNNNNNNNNNNNNNNNNNNNNNNNNNNNNNNNNNNNNNNNNNN
IBV,NNNNNNNNNNNNNNNNNNNNNNNNNNNNNNNNNNNNNNNNNNNNNNNNNNNNNNNNNNNNNNNNNNNNNNNNNNNNNNNNNNNNNNNNNNNNNNNNNNNNNNNNNNNNNNNNNNNNNNNNNNNNNNNNNNNNNNNNNNNNNNN
IBV,NNNNNNNNNNNNNNNNNNNNNNNNNNNNNNNNNNNNNNNNNNNNNNNNNNNNNNNNNNNNNNNNNNNNNNNNNNNNNNNNNNNNNNNNNNNNNNNNNNNNNNNNNNNNNNNNNNNNNNNNNNNNNNNNNNNNNNNNNNNNNN
IBV,NNNNNNNNNNNNNNNNNNNNNNNNNNNNNNNNNNNNNNNNNNNNNNNNNNNNNNNNNNNNNNNNNNNNNNNNNNNNNNNNNNNNNNNNNNNNNNNNNNNNNNNNNNNNNNNNNNNNNNNNNNNNNNNNNNNNNNNNNNNNNN
IBV,NNNNNNNNNNNNNNNNNNNNNNNNNNNNNNNNNNNNNNNNNNNNNNNNNNNNNNNNNNNNNNNNNNNNNNNNNNNNNNNNNNNNNNNNNNNNNNNNNNNNNNNNNNNNNNNNNNNNNNNNNNNNNNNNNNNNNNNNNNNNN
IBV,NNNNNNNNNNNNNNNNNNNNNNNNNNNNNNNNNNNNNNNNNNNNNNNNNNNNNNNNNNNNNNNNNNNNNNNNNNNNNNNNNNNNNNNNNNNNNNNNNNNNNNNNNNNNNNNNNNNNNNNNNNNNNNNNNNNNNNNNNNNNN
IBV,NNNNNNNNNNNNNNNNNNNNNNNNNNNNNNNNNNNNNNNNNNNNNNNNNNNNNNNNNNNNNNNNNNNNNNNNNNNNNNNNNNNNNNNNNNNNNNNNNNNNNNNNNNNNNNNNNNNNNNNNNNNNNNNNNNNNNNNNNNNN
IBV,NNNNNNNNNNNNNNNNNNNNNNNNNNNNNNNNNNNNNNNNNNNNNNNNNNNNNNNNNNNNNNNNNNNNNNNNNNNNNNNNNNNNNNNNNNNNNNNNNNNNNNNNNNNNNNNNNNNNNNNNNNNNNNNNNNNNNNNNNNNN
IBV,NNNNNNNNNNNNNNNNNNNNNNNNNNNNNNNNNNNNNNNNNNNNNNNNNNNNNNNNNNNNNNNNNNNNNNNNNNNNNNNNNNNNNNNNNNNNNNNNNNNNNNNNNNNNNNNNNNNNNNNNNNNNNNNNNNNNNNNNNNN
IBV,NNNNNNNNNNNNNNNNNNNNNNNNNNNNNNNNNNNNNNNNNNNNNNNNNNNNNNNNNNNNNNNNNNNNNNNNNNNNNNNNNNNNNNNNNNNNNNNNNNNNNNNNNNNNNNNNNNNNNNNNNNNNNNNNNNNNNNNNNNN
IBV,NNNNNNNNNNNNNNNNNNNNNNNNNNNNNNNNNNNNNNNNNNNNNNNNNNNNNNNNNNNNNNNNNNNNNNNNNNNNNNNNNNNNNNNNNNNNNNNNNNNNNNNNNNNNNNNNNNNNNNNNNNNNNNNNNNNNNNNNNN
IBV,NNNNNNNNNNNNNNNNNNNNNNNNNNNNNNNNNNNNNNNNNNNNNNNNNNNNNNNNNNNNNNNNNNNNNNNNNNNNNNNNNNNNNNNNNNNNNNNNNNNNNNNNNNNNNNNNNNNNNNNNNNNNNNNNNNNNNNNNNN
IBV,NNNNNNNNNNNNNNNNNNNNNNNNNNNNNNNNNNNNNNNNNNNNNNNNNNNNNNNNNNNNNNNNNNNNNNNNNNNNNNNNNNNNNNNNNNNNNNNNNNNNNNNNNNNNNNNNNNNNNNNNNNNNNNNNNNNNNNNNN
IBV,NNNNNNNNNNNNNNNNNNNNNNNNNNNNNNNNNNNNNNNNNNNNNNNNNNNNNNNNNNNNNNNNNNNNNNNNNNNNNNNNNNNNNNNNNNNNNNNNNNNNNNNNNNNNNNNNNNNNNNNNNNNNNNNNNNNNNNNNN
IBV,NNNNNNNNNNNNNNNNNNNNNNNNNNNNNNNNNNNNNNNNNNNNNNNNNNNNNNNNNNNNNNNNNNNNNNNNNNNNNNNNNNNNNNNNNNNNNNNNNNNNNNNNNNNNNNNNNNNNNNNNNNNNNNNNNNNNNNNN
IBV,NNNNNNNNNNNNNNNNNNNNNNNNNNNNNNNNNNNNNNNNNNNNNNNNNNNNNNNNNNNNNNNNNNNNNNNNNNNNNNNNNNNNNNNNNNNNNNNNNNNNNNNNNNNNNNNNNNNNNNNNNNNNNNNNNNNNNNNN
IBV,NNNNNNNNNNNNNNNNNNNNNNNNNNNNNNNNNNNNNNNNNNNNNNNNNNNNNNNNNNNNNNNNNNNNNNNNNNNNNNNNNNNNNNNNNNNNNNNNNNNNNNNNNNNNNNNNNNNNNNNNNNNNNNNNNNNNNNN
IBV,NNNNNNNNNNNNNNNNNNNNNNNNNNNNNNNNNNNNNNNNNNNNNNNNNNNNNNNNNNNNNNNNNNNNNNNNNNNNNNNNNNNNNNNNNNNNNNNNNNNNNNNNNNNNNNNNNNNNNNNNNNNNNNNNNNNNNNN
IBV,NNNNNNNNNNNNNNNNNNNNNNNNNNNNNNNNNNNNNNNNNNNNNNNNNNNNNNNNNNNNNNNNNNNNNNNNNNNNNNNNNNNNNNNNNNNNNNNNNNNNNNNNNNNNNNNNNNNNNNNNNNNNNNNNNNNNNN
IBV,NNNNNNNNNNNNNNNNNNNNNNNNNNNNNNNNNNNNNNNNNNNNNNNNNNNNNNNNNNNNNNNNNNNNNNNNNNNNNNNNNNNNNNNNNNNNNNNNNNNNNNNNNNNNNNNNNNNNNNNNNNNNNNNNNNNNNN
IBV,NNNNNNNNNNNNNNNNNNNNNNNNNNNNNNNNNNNNNNNNNNNNNNNNNNNNNNNNNNNNNNNNNNNNNNNNNNNNNNNNNNNNNNNNNNNNNNNNNNNNNNNNNNNNNNNNNNNNNNNNNNNNNNNNNNNNN
IBV,NNNNNNNNNNNNNNNNNNNNNNNNNNNNNNNNNNNNNNNNNNNNNNNNNNNNNNNNNNNNNNNNNNNNNNNNNNNNNNNNNNNNNNNNNNNNNNNNNNNNNNNNNNNNNNNNNNNNNNNNNNNNNNNNNNNNN
IBV,NNNNNNNNNNNNNNNNNNNNNNNNNNNNNNNNNNNNNNNNNNNNNNNNNNNNNNNNNNNNNNNNNNNNNNNNNNNNNNNNNNNNNNNNNNNNNNNNNNNNNNNNNNNNNNNNNNNNNNNNNNNNNNNNNNNN
IBV,NNNNNNNNNNNNNNNNNNNNNNNNNNNNNNNNNNNNNNNNNNNNNNNNNNNNNNNNNNNNNNNNNNNNNNNNNNNNNNNNNNNNNNNNNNNNNNNNNNNNNNNNNNNNNNNNNNNNNNNNNNNNNNNNNNNN
IBV,NNNNNNNNNNNNNNNNNNNNNNNNNNNNNNNNNNNNNNNNNNNNNNNNNNNNNNNNNNNNNNNNNNNNNNNNNNNNNNNNNNNNNNNNNNNNNNNNNNNNNNNNNNNNNNNNNNNNNNNNNNNNNNNNNNN
IBV,NNNNNNNNNNNNNNNNNNNNNNNNNNNNNNNNNNNNNNNNNNNNNNNNNNNNNNNNNNNNNNNNNNNNNNNNNNNNNNNNNNNNNNNNNNNNNNNNNNNNNNNNNNNNNNNNNNNNNNNNNNNNNNNNNNN
IBV,NNNNNNNNNNNNNNNNNNNNNNNNNNNNNNNNNNNNNNNNNNNNNNNNNNNNNNNNNNNNNNNNNNNNNNNNNNNNNNNNNNNNNNNNNNNNNNNNNNNNNNNNNNNNNNNNNNNNNNNNNNNNNNNNNN
IBV,NNNNNNNNNNNNNNNNNNNNNNNNNNNNNNNNNNNNNNNNNNNNNNNNNNNNNNNNNNNNNNNNNNNNNNNNNNNNNNNNNNNNNNNNNNNNNNNNNNNNNNNNNNNNNNNNNNNNNNNNNNNNNNNNNN
IBV,NNNNNNNNNNNNNNNNNNNNNNNNNNNNNNNNNNNNNNNNNNNNNNNNNNNNNNNNNNNNNNNNNNNNNNNNNNNNNNNNNNNNNNNNNNNNNNNNNNNNNNNNNNNNNNNNNNNNNNNNNNNNNNNNN
IBV,NNNNNNNNNNNNNNNNNNNNNNNNNNNNNNNNNNNNNNNNNNNNNNNNNNNNNNNNNNNNNNNNNNNNNNNNNNNNNNNNNNNNNNNNNNNNNNNNNNNNNNNNNNNNNNNNNNNNNNNNNNNNNNNNN
IBV,NNNNNNNNNNNNNNNNNNNNNNNNNNNNNNNNNNNNNNNNNNNNNNNNNNNNNNNNNNNNNNNNNNNNNNNNNNNNNNNNNNNNNNNNNNNNNNNNNNNNNNNNNNNNNNNNNNNNNNNNNNNNNNNN
IBV,NNNNNNNNNNNNNNNNNNNNNNNNNNNNNNNNNNNNNNNNNNNNNNNNNNNNNNNNNNNNNNNNNNNNNNNNNNNNNNNNNNNNNNNNNNNNNNNNNNNNNNNNNNNNNNNNNNNNNNNNNNNNNNNN
IBV,NNNNNNNNNNNNNNNNNNNNNNNNNNNNNNNNNNNNNNNNNNNNNNNNNNNNNNNNNNNNNNNNNNNNNNNNNNNNNNNNNNNNNNNNNNNNNNNNNNNNNNNNNNNNNNNNNNNNNNNNNNNNNNN
IBV,NNNNNNNNNNNNNNNNNNNNNNNNNNNNNNNNNNNNNNNNNNNNNNNNNNNNNNNNNNNNNNNNNNNNNNNNNNNNNNNNNNNNNNNNNNNNNNNNNNNNNNNNNNNNNNNNNNNNNNNNNNNNNNN
IBV,NNNNNNNNNNNNNNNNNNNNNNNNNNNNNNNNNNNNNNNNNNNNNNNNNNNNNNNNNNNNNNNNNNNNNNNNNNNNNNNNNNNNNNNNNNNNNNNNNNNNNNNNNNNNNNNNNNNNNNNNNNNNNN
IBV,NNNNNNNNNNNNNNNNNNNNNNNNNNNNNNNNNNNNNNNNNNNNNNNNNNNNNNNNNNNNNNNNNNNNNNNNNNNNNNNNNNNNNNNNNNNNNNNNNNNNNNNNNNNNNNNNNNNNNNNNNNNNNN
IBV,NNNNNNNNNNNNNNNNNNNNNNNNNNNNNNNNNNNNNNNNNNNNNNNNNNNNNNNNNNNNNNNNNNNNNNNNNNNNNNNNNNNNNNNNNNNNNNNNNNNNNNNNNNNNNNNNNNNNNNNNNNNNN
IBV,NNNNNNNNNNNNNNNNNNNNNNNNNNNNNNNNNNNNNNNNNNNNNNNNNNNNNNNNNNNNNNNNNNNNNNNNNNNNNNNNNNNNNNNNNNNNNNNNNNNNNNNNNNNNNNNNNNNNNNNNNNNNN
IBV,NNNNNNNNNNNNNNNNNNNNNNNNNNNNNNNNNNNNNNNNNNNNNNNNNNNNNNNNNNNNNNNNNNNNNNNNNNNNNNNNNNNNNNNNNNNNNNNNNNNNNNNNNNNNNNNNNNNNNNNNNNNN
IBV,NNNNNNNNNNNNNNNNNNNNNNNNNNNNNNNNNNNNNNNNNNNNNNNNNNNNNNNNNNNNNNNNNNNNNNNNNNNNNNNNNNNNNNNNNNNNNNNNNNNNNNNNNNNNNNNNNNNNNNNNNNNN
IBV,NNNNNNNNNNNNNNNNNNNNNNNNNNNNNNNNNNNNNNNNNNNNNNNNNNNNNNNNNNNNNNNNNNNNNNNNNNNNNNNNNNNNNNNNNNNNNNNNNNNNNNNNNNNNNNNNNNNNNNNNNNN
IBV,NNNNNNNNNNNNNNNNNNNNNNNNNNNNNNNNNNNNNNNNNNNNNNNNNNNNNNNNNNNNNNNNNNNNNNNNNNNNNNNNNNNNNNNNNNNNNNNNNNNNNNNNNNNNNNNNNNNNNNNNNNN
IBV,NNNNNNNNNNNNNNNNNNNNNNNNNNNNNNNNNNNNNNNNNNNNNNNNNNNNNNNNNNNNNNNNNNNNNNNNNNNNNNNNNNNNNNNNNNNNNNNNNNNNNNNNNNNNNNNNNNNNNNNNNN
IBV,NNNNNNNNNNNNNNNNNNNNNNNNNNNNNNNNNNNNNNNNNNNNNNNNNNNNNNNNNNNNNNNNNNNNNNNNNNNNNNNNNNNNNNNNNNNNNNNNNNNNNNNNNNNNNNNNNNNNNNNNNN
IBV,NNNNNNNNNNNNNNNNNNNNNNNNNNNNNNNNNNNNNNNNNNNNNNNNNNNNNNNNNNNNNNNNNNNNNNNNNNNNNNNNNNNNNNNNNNNNNNNNNNNNNNNNNNNNNNNNNNNNNNNNN
IBV,NNNNNNNNNNNNNNNNNNNNNNNNNNNNNNNNNNNNNNNNNNNNNNNNNNNNNNNNNNNNNNNNNNNNNNNNNNNNNNNNNNNNNNNNNNNNNNNNNNNNNNNNNNNNNNNNNNNNNNNNN
IBV,NNNNNNNNNNNNNNNNNNNNNNNNNNNNNNNNNNNNNNNNNNNNNNNNNNNNNNNNNNNNNNNNNNNNNNNNNNNNNNNNNNNNNNNNNNNNNNNNNNNNNNNNNNNNNNNNNNNNNNNN
IBV,NNNNNNNNNNNNNNNNNNNNNNNNNNNNNNNNNNNNNNNNNNNNNNNNNNNNNNNNNNNNNNNNNNNNNNNNNNNNNNNNNNNNNNNNNNNNNNNNNNNNNNNNNNNNNNNNNNNNNNNN
IBV,NNNNNNNNNNNNNNNNNNNNNNNNNNNNNNNNNNNNNNNNNNNNNNNNNNNNNNNNNNNNNNNNNNNNNNNNNNNNNNNNNNNNNNNNNNNNNNNNNNNNNNNNNNNNNNNNNNNNNNN
IBV,NNNNNNNNNNNNNNNNNNNNNNNNNNNNNNNNNNNNNNNNNNNNNNNNNNNNNNNNNNNNNNNNNNNNNNNNNNNNNNNNNNNNNNNNNNNNNNNNNNNNNNNNNNNNNNNNNNNNNNN
IBV,NNNNNNNNNNNNNNNNNNNNNNNNNNNNNNNNNNNNNNNNNNNNNNNNNNNNNNNNNNNNNNNNNNNNNNNNNNNNNNNNNNNNNNNNNNNNNNNNNNNNNNNNNNNNNNNNNNNNNN
IBV,NNNNNNNNNNNNNNNNNNNNNNNNNNNNNNNNNNNNNNNNNNNNNNNNNNNNNNNNNNNNNNNNNNNNNNNNNNNNNNNNNNNNNNNNNNNNNNNNNNNNNNNNNNNNNNNNNNNNNN
IBV,NNNNNNNNNNNNNNNNNNNNNNNNNNNNNNNNNNNNNNNNNNNNNNNNNNNNNNNNNNNNNNNNNNNNNNNNNNNNNNNNNNNNNNNNNNNNNNNNNNNNNNNNNNNNNNNNNNNNN
IBV,NNNNNNNNNNNNNNNNNNNNNNNNNNNNNNNNNNNNNNNNNNNNNNNNNNNNNNNNNNNNNNNNNNNNNNNNNNNNNNNNNNNNNNNNNNNNNNNNNNNNNNNNNNNNNNNNNNNNN
IBV,NNNNNNNNNNNNNNNNNNNNNNNNNNNNNNNNNNNNNNNNNNNNNNNNNNNNNNNNNNNNNNNNNNNNNNNNNNNNNNNNNNNNNNNNNNNNNNNNNNNNNNNNNNNNNNNNNNNN
IBV,NNNNNNNNNNNNNNNNNNNNNNNNNNNNNNNNNNNNNNNNNNNNNNNNNNNNNNNNNNNNNNNNNNNNNNNNNNNNNNNNNNNNNNNNNNNNNNNNNNNNNNNNNNNNNNNNNNNN
IBV,NNNNNNNNNNNNNNNNNNNNNNNNNNNNNNNNNNNNNNNNNNNNNNNNNNNNNNNNNNNNNNNNNNNNNNNNNNNNNNNNNNNNNNNNNNNNNNNNNNNNNNNNNNNNNNNNNNN
IBV,NNNNNNNNNNNNNNNNNNNNNNNNNNNNNNNNNNNNNNNNNNNNNNNNNNNNNNNNNNNNNNNNNNNNNNNNNNNNNNNNNNNNNNNNNNNNNNNNNNNNNNNNNNNNNNNNNNN
IBV,NNNNNNNNNNNNNNNNNNNNNNNNNNNNNNNNNNNNNNNNNNNNNNNNNNNNNNNNNNNNNNNNNNNNNNNNNNNNNNNNNNNNNNNNNNNNNNNNNNNNNNNNNNNNNNNNNN
IBV,NNNNNNNNNNNNNNNNNNNNNNNNNNNNNNNNNNNNNNNNNNNNNNNNNNNNNNNNNNNNNNNNNNNNNNNNNNNNNNNNNNNNNNNNNNNNNNNNNNNNNNNNNNNNNNNNNN
IBV,NNNNNNNNNNNNNNNNNNNNNNNNNNNNNNNNNNNNNNNNNNNNNNNNNNNNNNNNNNNNNNNNNNNNNNNNNNNNNNNNNNNNNNNNNNNNNNNNNNNNNNNNNNNNNNNNN
IBV,NNNNNNNNNNNNNNNNNNNNNNNNNNNNNNNNNNNNNNNNNNNNNNNNNNNNNNNNNNNNNNNNNNNNNNNNNNNNNNNNNNNNNNNNNNNNNNNNNNNNNNNNNNNNNNNNN
IBV,NNNNNNNNNNNNNNNNNNNNNNNNNNNNNNNNNNNNNNNNNNNNNNNNNNNNNNNNNNNNNNNNNNNNNNNNNNNNNNNNNNNNNNNNNNNNNNNNNNNNNNNNNNNNNNNN
IBV,NNNNNNNNNNNNNNNNNNNNNNNNNNNNNNNNNNNNNNNNNNNNNNNNNNNNNNNNNNNNNNNNNNNNNNNNNNNNNNNNNNNNNNNNNNNNNNNNNNNNNNNNNNNNNNNN
IBV,NNNNNNNNNNNNNNNNNNNNNNNNNNNNNNNNNNNNNNNNNNNNNNNNNNNNNNNNNNNNNNNNNNNNNNNNNNNNNNNNNNNNNNNNNNNNNNNNNNNNNNNNNNNNNNN
IBV,NNNNNNNNNNNNNNNNNNNNNNNNNNNNNNNNNNNNNNNNNNNNNNNNNNNNNNNNNNNNNNNNNNNNNNNNNNNNNNNNNNNNNNNNNNNNNNNNNNNNNNNNNNNNNNN
IBV,NNNNNNNNNNNNNNNNNNNNNNNNNNNNNNNNNNNNNNNNNNNNNNNNNNNNNNNNNNNNNNNNNNNNNNNNNNNNNNNNNNNNNNNNNNNNNNNNNNNNNNNNNNNNNN
IBV,NNNNNNNNNNNNNNNNNNNNNNNNNNNNNNNNNNNNNNNNNNNNNNNNNNNNNNNNNNNNNNNNNNNNNNNNNNNNNNNNNNNNNNNNNNNNNNNNNNNNNNNNNNNNNN
IBV,NNNNNNNNNNNNNNNNNNNNNNNNNNNNNNNNNNNNNNNNNNNNNNNNNNNNNNNNNNNNNNNNNNNNNNNNNNNNNNNNNNNNNNNNNNNNNNNNNNNNNNNNNNNNN
IBV,NNNNNNNNNNNNNNNNNNNNNNNNNNNNNNNNNNNNNNNNNNNNNNNNNNNNNNNNNNNNNNNNNNNNNNNNNNNNNNNNNNNNNNNNNNNNNNNNNNNNNNNNNNNNN
IBV,NNNNNNNNNNNNNNNNNNNNNNNNNNNNNNNNNNNNNNNNNNNNNNNNNNNNNNNNNNNNNNNNNNNNNNNNNNNNNNNNNNNNNNNNNNNNNNNNNNNNNNNNNNNN
IBV,NNNNNNNNNNNNNNNNNNNNNNNNNNNNNNNNNNNNNNNNNNNNNNNNNNNNNNNNNNNNNNNNNNNNNNNNNNNNNNNNNNNNNNNNNNNNNNNNNNNNNNNNNNNN
IBV,NNNNNNNNNNNNNNNNNNNNNNNNNNNNNNNNNNNNNNNNNNNNNNNNNNNNNNNNNNNNNNNNNNNNNNNNNNNNNNNNNNNNNNNNNNNNNNNNNNNNNNNNNNN
IBV,NNNNNNNNNNNNNNNNNNNNNNNNNNNNNNNNNNNNNNNNNNNNNNNNNNNNNNNNNNNNNNNNNNNNNNNNNNNNNNNNNNNNNNNNNNNNNNNNNNNNNNNNNNN
IBV,NNNNNNNNNNNNNNNNNNNNNNNNNNNNNNNNNNNNNNNNNNNNNNNNNNNNNNNNNNNNNNNNNNNNNNNNNNNNNNNNNNNNNNNNNNNNNNNNNNNNNNNNNN
IBV,NNNNNNNNNNNNNNNNNNNNNNNNNNNNNNNNNNNNNNNNNNNNNNNNNNNNNNNNNNNNNNNNNNNNNNNNNNNNNNNNNNNNNNNNNNNNNNNNNNNNNNNNNN
IBV,NNNNNNNNNNNNNNNNNNNNNNNNNNNNNNNNNNNNNNNNNNNNNNNNNNNNNNNNNNNNNNNNNNNNNNNNNNNNNNNNNNNNNNNNNNNNNNNNNNNNNNNNN
IBV,NNNNNNNNNNNNNNNNNNNNNNNNNNNNNNNNNNNNNNNNNNNNNNNNNNNNNNNNNNNNNNNNNNNNNNNNNNNNNNNNNNNNNNNNNNNNNNNNNNNNNNNNN
IBV,NNNNNNNNNNNNNNNNNNNNNNNNNNNNNNNNNNNNNNNNNNNNNNNNNNNNNNNNNNNNNNNNNNNNNNNNNNNNNNNNNNNNNNNNNNNNNNNNNNNNNNNN
IBV,NNNNNNNNNNNNNNNNNNNNNNNNNNNNNNNNNNNNNNNNNNNNNNNNNNNNNNNNNNNNNNNNNNNNNNNNNNNNNNNNNNNNNNNNNNNNNNNNNNNNNNNN
IBV,NNNNNNNNNNNNNNNNNNNNNNNNNNNNNNNNNNNNNNNNNNNNNNNNNNNNNNNNNNNNNNNNNNNNNNNNNNNNNNNNNNNNNNNNNNNNNNNNNNNNNNN
IBV,NNNNNNNNNNNNNNNNNNNNNNNNNNNNNNNNNNNNNNNNNNNNNNNNNNNNNNNNNNNNNNNNNNNNNNNNNNNNNNNNNNNNNNNNNNNNNNNNNNNNNNN
IBV,NNNNNNNNNNNNNNNNNNNNNNNNNNNNNNNNNNNNNNNNNNNNNNNNNNNNNNNNNNNNNNNNNNNNNNNNNNNNNNNNNNNNNNNNNNNNNNNNNNNNNN
IBV,NNNNNNNNNNNNNNNNNNNNNNNNNNNNNNNNNNNNNNNNNNNNNNNNNNNNNNNNNNNNNNNNNNNNNNNNNNNNNNNNNNNNNNNNNNNNNNNNNNNNNN
IBV,NNNNNNNNNNNNNNNNNNNNNNNNNNNNNNNNNNNNNNNNNNNNNNNNNNNNNNNNNNNNNNNNNNNNNNNNNNNNNNNNNNNNNNNNNNNNNNNNNNNNN
IBV,NNNNNNNNNNNNNNNNNNNNNNNNNNNNNNNNNNNNNNNNNNNNNNNNNNNNNNNNNNNNNNNNNNNNNNNNNNNNNNNNNNNNNNNNNNNNNNNNNNNNN
IBV,NNNNNNNNNNNNNNNNNNNNNNNNNNNNNNNNNNNNNNNNNNNNNNNNNNNNNNNNNNNNNNNNNNNNNNNNNNNNNNNNNNNNNNNNNNNNNNNNNNNNN
IBV,NNNNNNNNNNNNNNNNNNNNNNNNNNNNNNNNNNNNNNNNNNNNNNNNNNNNNNNNNNNNNNNNNNNNNNNNNNNNNNNNNNNNNNNNNNNNNNNNNNNNN
IBV,NNNNNNNNNNNNNNNNNNNNNNNNNNNNNNNNNNNNNNNNNNNNNNNNNNNNNNNNNNNNNNNNNNNNNNNNNNNNNNNNNNNNNNNNNNNNNNNNNNNNN
IBV,NNNNNNNNNNNNNNNNNNNNNNNNNNNNNNNNNNNNNNNNNNNNNNNNNNNNNNNNNNNNNNNNNNNNNNNNNNNNNNNNNNNNNNNNNNNNNNNNNNNNN
IBV,NNNNNNNNNNNNNNNNNNNNNNNNNNNNNNNNNNNNNNNNNNNNNNNNNNNNNNNNNNNNNNNNNNNNNNNNNNNNNNNNNNNNNNNNNNNNNNNNNNNNN
IBV,NNNNNNNNNNNNNNNNNNNNNNNNNNNNNNNNNNNNNNNNNNNNNNNNNNNNNNNNNNNNNNNNNNNNNNNNNNNNNNNNNNNNNNNNNNNNNNNNNNNNN
IBV,NNNNNNNNNNNNNNNNNNNNNNNNNNNNNNNNNNNNNNNNNNNNNNNNNNNNNNNNNNNNNNNNNNNNNNNNNNNNNNNNNNNNNNNNNNNNNNNNNNNNN
IBV,NNNNNNNNNNNNNNNNNNNNNNNNNNNNNNNNNNNNNNNNNNNNNNNNNNNNNNNNNNNNNNNNNNNNNNNNNNNNNNNNNNNNNNNNNNNNNNNNNNNNN
IBV,NNNNNNNNNNNNNNNNNNNNNNNNNNNNNNNNNNNNNNNNNNNNNNNNNNNNNNNNNNNNNNNNNNNNNNNNNNNNNNNNNNNNNNNNNNNNNNNNNNNNN
IBV,NNNNNNNNNNNNNNNNNNNNNNNNNNNNNNNNNNNNNNNNNNNNNNNNNNNNNNNNNNNNNNNNNNNNNNNNNNNNNNNNNNNNNNNNNNNNNNNNNNNNN
IBV,NNNNNNNNNNNNNNNNNNNNNNNNNNNNNNNNNNNNNNNNNNNNNNNNNNNNNNNNNNNNNNNNNNNNNNNNNNNNNNNNNNNNNNNNNNNNNNNNNNNNN
IBV,NNNNNNNNNNNNNNNNNNNNNNNNNNNNNNNNNNNNNNNNNNNNNNNNNNNNNNNNNNNNNNNNNNNNNNNNNNNNNNNNNNNNNNNNNNNNNNNNNNNNN
IBV,NNNNNNNNNNNNNNNNNNNNNNNNNNNNNNNNNNNNNNNNNNNNNNNNNNNNNNNNNNNNNNNNNNNNNNNNNNNNNNNNNNNNNNNNNNNNNNNNNNNNN
IBV,NNNNNNNNNNNNNNNNNNNNNNNNNNNNNNNNNNNNNNNNNNNNNNNNNNNNNNNNNNNNNNNNNNNNNNNNNNNNNNNNNNNNNNNNNNNNNNNNNNNNN
IBV,NNNNNNNNNNNNNNNNNNNNNNNNNNNNNNNNNNNNNNNNNNNNNNNNNNNNNNNNNNNNNNNNNNNNNNNNNNNNNNNNNNNNNNNNNNNNNNNNNNNNN
IBV,NNNNNNNNNNNNNNNNNNNNNNNNNNNNNNNNNNNNNNNNNNNNNNNNNNNNNNNNNNNNNNNNNNNNNNNNNNNNNNNNNNNNNNNNNNNNNNNNNNNNN
IBV,NNNNNNNNNNNNNNNNNNNNNNNNNNNNNNNNNNNNNNNNNNNNNNNNNNNNNNNNNNNNNNNNNNNNNNNNNNNNNNNNNNNNNNNNNNNNNNNNNNNNN
IBV,NNNNNNNNNNNNNNNNNNNNNNNNNNNNNNNNNNNNNNNNNNNNNNNNNNNNNNNNNNNNNNNNNNNNNNNNNNNNNNNNNNNNNNNNNNNNNNNNNNNNN
IBV,NNNNNNNNNNNNNNNNNNNNNNNNNNNNNNNNNNNNNNNNNNNNNNNNNNNNNNNNNNNNNNNNNNNNNNNNNNNNNNNNNNNNNNNNNNNNNNNNNNNNN
IBV,NNNNNNNNNNNNNNNNNNNNNNNNNNNNNNNNNNNNNNNNNNNNNNNNNNNNNNNNNNNNNNNNNNNNNNNNNNNNNNNNNNNNNNNNNNNNNNNNNNNNN
IBV,NNNNNNNNNNNNNNNNNNNNNNNNNNNNNNNNNNNNNNNNNNNNNNNNNNNNNNNNNNNNNNNNNNNNNNNNNNNNNNNNNNNNNNNNNNNNNNNNNNNNN
IBV,NNNNNNNNNNNNNNNNNNNNNNNNNNNNNNNNNNNNNNNNNNNNNNNNNNNNNNNNNNNNNNNNNNNNNNNNNNNNNNNNNNNNNNNNNNNNNNNNNNNNN
IBV,NNNNNNNNNNNNNNNNNNNNNNNNNNNNNNNNNNNNNNNNNNNNNNNNNNNNNNNNNNNNNNNNNNNNNNNNNNNNNNNNNNNNNNNNNNNNNNNNNNNNN
IBV,NNNNNNNNNNNNNNNNNNNNNNNNNNNNNNNNNNNNNNNNNNNNNNNNNNNNNNNNNNNNNNNNNNNNNNNNNNNNNNNNNNNNNNNNNNNNNNNNNNNNN
IBV,NNNNNNNNNNNNNNNNNNNNNNNNNNNNNNNNNNNNNNNNNNNNNNNNNNNNNNNNNNNNNNNNNNNNNNNNNNNNNNNNNNNNNNNNNNNNNNNNNNNNN
IBV,NNNNNNNNNNNNNNNNNNNNNNNNNNNNNNNNNNNNNNNNNNNNNNNNNNNNNNNNNNNNNNNNNNNNNNNNNNNNNNNNNNNNNNNNNNNNNNNNNNNNN
IBV,NNNNNNNNNNNNNNNNNNNNNNNNNNNNNNNNNNNNNNNNNNNNNNNNNNNNNNNNNNNNNNNNNNNNNNNNNNNNNNNNNNNNNNNNNNNNNNNNNNNNN
IBV,NNNNNNNNNNNNNNNNNNNNNNNNNNNNNNNNNNNNNNNNNNNNNNNNNNNNNNNNNNNNNNNNNNNNNNNNNNNNNNNNNNNNNNNNNNNNNNNNNNNNN
IBV,NNNNNNNNNNNNNNNNNNNNNNNNNNNNNNNNNNNNNNNNNNNNNNNNNNNNNNNNNNNNNNNNNNNNNNNNNNNNNNNNNNNNNNNNNNNNNNNNNNNNN
IBV,NNNNNNNNNNNNNNNNNNNNNNNNNNNNNNNNNNNNNNNNNNNNNNNNNNNNNNNNNNNNNNNNNNNNNNNNNNNNNNNNNNNNNNNNNNNNNNNNNNNNN
IBV,NNNNNNNNNNNNNNNNNNNNNNNNNNNNNNNNNNNNNNNNNNNNNNNNNNNNNNNNNNNNNNNNNNNNNNNNNNNNNNNNNNNNNNNNNNNNNNNNNNNNN
IBV,NNNNNNNNNNNNNNNNNNNNNNNNNNNNNNNNNNNNNNNNNNNNNNNNNNNNNNNNNNNNNNNNNNNNNNNNNNNNNNNNNNNNNNNNNNNNNNNNNNNNN
IBV,NNNNNNNNNNNNNNNNNNNNNNNNNNNNNNNNNNNNNNNNNNNNNNNNNNNNNNNNNNNNNNNNNNNNNNNNNNNNNNNNNNNNNNNNNNNNNNNNNNNNN
IBV,NNNNNNNNNNNNNNNNNNNNNNNNNNNNNNNNNNNNNNNNNNNNNNNNNNNNNNNNNNNNNNNNNNNNNNNNNNNNNNNNNNNNNNNNNNNNNNNNNNNNN
IBV,NNNNNNNNNNNNNNNNNNNNNNNNNNNNNNNNNNNNNNNNNNNNNNNNNNNNNNNNNNNNNNNNNNNNNNNNNNNNNNNNNNNNNNNNNNNNNNNNNNNNN
IBV,NNNNNNNNNNNNNNNNNNNNNNNNNNNNNNNNNNNNNNNNNNNNNNNNNNNNNNNNNNNNNNNNNNNNNNNNNNNNNNNNNNNNNNNNNNNNNNNNNNNNN
IBV,NNNNNNNNNNNNNNNNNNNNNNNNNNNNNNNNNNNNNNNNNNNNNNNNNNNNNNNNNNNNNNNNNNNNNNNNNNNNNNNNNNNNNNNNNNNNNNNNNNNNN
IBV,NNNNNNNNNNNNNNNNNNNNNNNNNNNNNNNNNNNNNNNNNNNNNNNNNNNNNNNNNNNNNNNNNNNNNNNNNNNNNNNNNNNNNNNNNNNNNNNNNNNNN
IBV,NNNNNNNNNNNNNNNNNNNNNNNNNNNNNNNNNNNNNNNNNNNNNNNNNNNNNNNNNNNNNNNNNNNNNNNNNNNNNNNNNNNNNNNNNNNNNNNNNNNNN
IBV,NNNNNNNNNNNNNNNNNNNNNNNNNNNNNNNNNNNNNNNNNNNNNNNNNNNNNNNNNNNNNNNNNNNNNNNNNNNNNNNNNNNNNNNNNNNNNNNNNNNNN
IBV,NNNNNNNNNNNNNNNNNNNNNNNNNNNNNNNNNNNNNNNNNNNNNNNNNNNNNNNNNNNNNNNNNNNNNNNNNNNNNNNNNNNNNNNNNNNNNNNNNNNNN
IBV,NNNNNNNNNNNNNNNNNNNNNNNNNNNNNNNNNNNNNNNNNNNNNNNNNNNNNNNNNNNNNNNNNNNNNNNNNNNNNNNNNNNNNNNNNNNNNNNNNNNNN
IBV,NNNNNNNNNNNNNNNNNNNNNNNNNNNNNNNNNNNNNNNNNNNNNNNNNNNNNNNNNNNNNNNNNNNNNNNNNNNNNNNNNNNNNNNNNNNNNNNNNNNNN
IBV,NNNNNNNNNNNNNNNNNNNNNNNNNNNNNNNNNNNNNNNNNNNNNNNNNNNNNNNNNNNNNNNNNNNNNNNNNNNNNNNNNNNNNNNNNNNNNNNNNNNNN
IBV,NNNNNNNNNNNNNNNNNNNNNNNNNNNNNNNNNNNNNNNNNNNNNNNNNNNNNNNNNNNNNNNNNNNNNNNNNNNNNNNNNNNNNNNNNNNNNNNNNNNNN
IBV,NNNNNNNNNNNNNNNNNNNNNNNNNNNNNNNNNNNNNNNNNNNNNNNNNNNNNNNNNNNNNNNNNNNNNNNNNNNNNNNNNNNNNNNNNNNNNNNNNNNNN
IBV,NNNNNNNNNNNNNNNNNNNNNNNNNNNNNNNNNNNNNNNNNNNNNNNNNNNNNNNNNNNNNNNNNNNNNNNNNNNNNNNNNNNNNNNNNNNNNNNNNNNNN
IBV,NNNNNNNNNNNNNNNNNNNNNNNNNNNNNNNNNNNNNNNNNNNNNNNNNNNNNNNNNNNNNNNNNNNNNNNNNNNNNNNNNNNNNNNNNNNNNNNNNNNNN
IBV,NNNNNNNNNNNNNNNNNNNNNNNNNNNNNNNNNNNNNNNNNNNNNNNNNNNNNNNNNNNNNNNNNNNNNNNNNNNNNNNNNNNNNNNNNNNNNNNNNNNNN
IBV,NNNNNNNNNNNNNNNNNNNNNNNNNNNNNNNNNNNNNNNNNNNNNNNNNNNNNNNNNNNNNNNNNNNNNNNNNNNNNNNNNNNNNNNNNNNNNNNNNNNNN
IBV,NNNNNNNNNNNNNNNNNNNNNNNNNNNNNNNNNNNNNNNNNNNNNNNNNNNNNNNNNNNNNNNNNNNNNNNNNNNNNNNNNNNNNNNNNNNNNNNNNNNNN
IBV,NNNNNNNNNNNNNNNNNNNNNNNNNNNNNNNNNNNNNNNNNNNNNNNNNNNNNNNNNNNNNNNNNNNNNNNNNNNNNNNNNNNNNNNNNNNNNNNNNNNNN
IBV,NNNNNNNNNNNNNNNNNNNNNNNNNNNNNNNNNNNNNNNNNNNNNNNNNNNNNNNNNNNNNNNNNNNNNNNNNNNNNNNNNNNNNNNNNNNNNNNNNNNNN
IBV,NNNNNNNNNNNNNNNNNNNNNNNNNNNNNNNNNNNNNNNNNNNNNNNNNNNNNNNNNNNNNNNNNNNNNNNNNNNNNNNNNNNNNNNNNNNNNNNNNNNNN
IBV,NNNNNNNNNNNNNNNNNNNNNNNNNNNNNNNNNNNNNNNNNNNNNNNNNNNNNNNNNNNNNNNNNNNNNNNNNNNNNNNNNNNNNNNNNNNNNNNNNNNNN
IBV,NNNNNNNNNNNNNNNNNNNNNNNNNNNNNNNNNNNNNNNNNNNNNNNNNNNNNNNNNNNNNNNNNNNNNNNNNNNNNNNNNNNNNNNNNNNNNNNNNNNNN
IBV,NNNNNNNNNNNNNNNNNNNNNNNNNNNNNNNNNNNNNNNNNNNNNNNNNNNNNNNNNNNNNNNNNNNNNNNNNNNNNNNNNNNNNNNNNNNNNNNNNNNNN
IBV,NNNNNNNNNNNNNNNNNNNNNNNNNNNNNNNNNNNNNNNNNNNNNNNNNNNNNNNNNNNNNNNNNNNNNNNNNNNNNNNNNNNNNNNNNNNNNNNNNNNNN
IBV,NNNNNNNNNNNNNNNNNNNNNNNNNNNNNNNNNNNNNNNNNNNNNNNNNNNNNNNNNNNNNNNNNNNNNNNNNNNNNNNNNNNNNNNNNNNNNNNNNNNNN
IBV,NNNNNNNNNNNNNNNNNNNNNNNNNNNNNNNNNNNNNNNNNNNNNNNNNNNNNNNNNNNNNNNNNNNNNNNNNNNNNNNNNNNNNNNNNNNNNNNNNNNNN
IBV,NNNNNNNNNNNNNNNNNNNNNNNNNNNNNNNNNNNNNNNNNNNNNNNNNNNNNNNNNNNNNNNNNNNNNNNNNNNNNNNNNNNNNNNNNNNNNNNNNNNNN
IBV,NNNNNNNNNNNNNNNNNNNNNNNNNNNNNNNNNNNNNNNNNNNNNNNNNNNNNNNNNNNNNNNNNNNNNNNNNNNNNNNNNNNNNNNNNNNNNNNNNNNNN
IBV,NNNNNNNNNNNNNNNNNNNNNNNNNNNNNNNNNNNNNNNNNNNNNNNNNNNNNNNNNNNNNNNNNNNNNNNNNNNNNNNNNNNNNNNNNNNNNNNNNNNNN
IBV,NNNNNNNNNNNNNNNNNNNNNNNNNNNNNNNNNNNNNNNNNNNNNNNNNNNNNNNNNNNNNNNNNNNNNNNNNNNNNNNNNNNNNNNNNNNNNNNNNNNNN
IBV,NNNNNNNNNNNNNNNNNNNNNNNNNNNNNNNNNNNNNNNNNNNNNNNNNNNNNNNNNNNNNNNNNNNNNNNNNNNNNNNNNNNNNNNNNNNNNNNNNNNNN
IBV,NNNNNNNNNNNNNNNNNNNNNNNNNNNNNNNNNNNNNNNNNNNNNNNNNNNNNNNNNNNNNNNNNNNNNNNNNNNNNNNNNNNNNNNNNNNNNNNNNNNNN
IBV,NNNNNNNNNNNNNNNNNNNNNNNNNNNNNNNNNNNNNNNNNNNNNNNNNNNNNNNNNNNNNNNNNNNNNNNNNNNNNNNNNNNNNNNNNNNNNNNNNNNNN
IBV,NNNNNNNNNNNNNNNNNNNNNNNNNNNNNNNNNNNNNNNNNNNNNNNNNNNNNNNNNNNNNNNNNNNNNNNNNNNNNNNNNNNNNNNNNNNNNNNNNNNNN
IBV,NNNNNNNNNNNNNNNNNNNNNNNNNNNNNNNNNNNNNNNNNNNNNNNNNNNNNNNNNNNNNNNNNNNNNNNNNNNNNNNNNNNNNNNNNNNNNNNNNNNNN
IBV,NNNNNNNNNNNNNNNNNNNNNNNNNNNNNNNNNNNNNNNNNNNNNNNNNNNNNNNNNNNNNNNNNNNNNNNNNNNNNNNNNNNNNNNNNNNNNNNNNNNNN
IBV,NNNNNNNNNNNNNNNNNNNNNNNNNNNNNNNNNNNNNNNNNNNNNNNNNNNNNNNNNNNNNNNNNNNNNNNNNNNNNNNNNNNNNNNNNNNNNNNNNNNNN
IBV,NNNNNNNNNNNNNNNNNNNNNNNNNNNNNNNNNNNNNNNNNNNNNNNNNNNNNNNNNNNNNNNNNNNNNNNNNNNNNNNNNNNNNNNNNNNNNNNNNNNNN
IBV,NNNNNNNNNNNNNNNNNNNNNNNNNNNNNNNNNNNNNNNNNNNNNNNNNNNNNNNNNNNNNNNNNNNNNNNNNNNNNNNNNNNNNNNNNNNNNNNNNNNNN
IBV,NNNNNNNNNNNNNNNNNNNNNNNNNNNNNNNNNNNNNNNNNNNNNNNNNNNNNNNNNNNNNNNNNNNNNNNNNNNNNNNNNNNNNNNNNNNNNNNNNNNNN
IBV,NNNNNNNNNNNNNNNNNNNNNNNNNNNNNNNNNNNNNNNNNNNNNNNNNNNNNNNNNNNNNNNNNNNNNNNNNNNNNNNNNNNNNNNNNNNNNNNNNNNNN
IBV,NNNNNNNNNNNNNNNNNNNNNNNNNNNNNNNNNNNNNNNNNNNNNNNNNNNNNNNNNNNNNNNNNNNNNNNNNNNNNNNNNNNNNNNNNNNNNNNNNNNNN
IBV,NNNNNNNNNNNNNNNNNNNNNNNNNNNNNNNNNNNNNNNNNNNNNNNNNNNNNNNNNNNNNNNNNNNNNNNNNNNNNNNNNNNNNNNNNNNNNNNNNNNNN
IBV,NNNNNNNNNNNNNNNNNNNNNNNNNNNNNNNNNNNNNNNNNNNNNNNNNNNNNNNNNNNNNNNNNNNNNNNNNNNNNNNNNNNNNNNNNNNNNNNNNNNNN
IBV,NNNNNNNNNNNNNNNNNNNNNNNNNNNNNNNNNNNNNNNNNNNNNNNNNNNNNNNNNNNNNNNNNNNNNNNNNNNNNNNNNNNNNNNNNNNNNNNNNNNNN
IBV,NNNNNNNNNNNNNNNNNNNNNNNNNNNNNNNNNNNNNNNNNNNNNNNNNNNNNNNNNNNNNNNNNNNNNNNNNNNNNNNNNNNNNNNNNNNNNNNNNNNNN
IBV,NNNNNNNNNNNNNNNNNNNNNNNNNNNNNNNNNNNNNNNNNNNNNNNNNNNNNNNNNNNNNNNNNNNNNNNNNNNNNNNNNNNNNNNNNNNNNNNNNNNNN
IBV,NNNNNNNNNNNNNNNNNNNNNNNNNNNNNNNNNNNNNNNNNNNNNNNNNNNNNNNNNNNNNNNNNNNNNNNNNNNNNNNNNNNNNNNNNNNNNNNNNNNNN
IBV,NNNNNNNNNNNNNNNNNNNNNNNNNNNNNNNNNNNNNNNNNNNNNNNNNNNNNNNNNNNNNNNNNNNNNNNNNNNNNNNNNNNNNNNNNNNNNNNNNNNNN
IBV,NNNNNNNNNNNNNNNNNNNNNNNNNNNNNNNNNNNNNNNNNNNNNNNNNNNNNNNNNNNNNNNNNNNNNNNNNNNNNNNNNNNNNNNNNNNNNNNNNNNNN
IBV,NNNNNNNNNNNNNNNNNNNNNNNNNNNNNNNNNNNNNNNNNNNNNNNNNNNNNNNNNNNNNNNNNNNNNNNNNNNNNNNNNNNNNNNNNNNNNNNNNNNNN
IBV,NNNNNNNNNNNNNNNNNNNNNNNNNNNNNNNNNNNNNNNNNNNNNNNNNNNNNNNNNNNNNNNNNNNNNNNNNNNNNNNNNNNNNNNNNNNNNNNNNNNNN
IBV,NNNNNNNNNNNNNNNNNNNNNNNNNNNNNNNNNNNNNNNNNNNNNNNNNNNNNNNNNNNNNNNNNNNNNNNNNNNNNNNNNNNNNNNNNNNNNNNNNNNNN
IBV,NNNNNNNNNNNNNNNNNNNNNNNNNNNNNNNNNNNNNNNNNNNNNNNNNNNNNNNNNNNNNNNNNNNNNNNNNNNNNNNNNNNNNNNNNNNNNNNNNNNNN
IBV,NNNNNNNNNNNNNNNNNNNNNNNNNNNNNNNNNNNNNNNNNNNNNNNNNNNNNNNNNNNNNNNNNNNNNNNNNNNNNNNNNNNNNNNNNNNNNNNNNNNN
IBV,NNNNNNNNNNNNNNNNNNNNNNNNNNNNNNNNNNNNNNNNNNNNNNNNNNNNNNNNNNNNNNNNNNNNNNNNNNNNNNNNNNNNNNNNNNNNNNNNNNNN
IBV,NNNNNNNNNNNNNNNNNNNNNNNNNNNNNNNNNNNNNNNNNNNNNNNNNNNNNNNNNNNNNNNNNNNNNNNNNNNNNNNNNNNNNNNNNNNNNNNNNNNN
IBV,NNNNNNNNNNNNNNNNNNNNNNNNNNNNNNNNNNNNNNNNNNNNNNNNNNNNNNNNNNNNNNNNNNNNNNNNNNNNNNNNNNNNNNNNNNNNNNNNNNNN
IBV,NNNNNNNNNNNNNNNNNNNNNNNNNNNNNNNNNNNNNNNNNNNNNNNNNNNNNNNNNNNNNNNNNNNNNNNNNNNNNNNNNNNNNNNNNNNNNNNNNNNN
IBV,NNNNNNNNNNNNNNNNNNNNNNNNNNNNNNNNNNNNNNNNNNNNNNNNNNNNNNNNNNNNNNNNNNNNNNNNNNNNNNNNNNNNNNNNNNNNNNNNNNNN
IBV,NNNNNNNNNNNNNNNNNNNNNNNNNNNNNNNNNNNNNNNNNNNNNNNNNNNNNNNNNNNNNNNNNNNNNNNNNNNNNNNNNNNNNNNNNNNNNNNNNNN
IBV,NNNNNNNNNNNNNNNNNNNNNNNNNNNNNNNNNNNNNNNNNNNNNNNNNNNNNNNNNNNNNNNNNNNNNNNNNNNNNNNNNNNNNNNNNNNNNNNNNNN
IBV,NNNNNNNNNNNNNNNNNNNNNNNNNNNNNNNNNNNNNNNNNNNNNNNNNNNNNNNNNNNNNNNNNNNNNNNNNNNNNNNNNNNNNNNNNNNNNNNNNNN
IBV,NNNNNNNNNNNNNNNNNNNNNNNNNNNNNNNNNNNNNNNNNNNNNNNNNNNNNNNNNNNNNNNNNNNNNNNNNNNNNNNNNNNNNNNNNNNNNNNNNNN
IBV,NNNNNNNNNNNNNNNNNNNNNNNNNNNNNNNNNNNNNNNNNNNNNNNNNNNNNNNNNNNNNNNNNNNNNNNNNNNNNNNNNNNNNNNNNNNNNNNNNNN
IBV,NNNNNNNNNNNNNNNNNNNNNNNNNNNNNNNNNNNNNNNNNNNNNNNNNNNNNNNNNNNNNNNNNNNNNNNNNNNNNNNNNNNNNNNNNNNNNNNNNNN
IBV,NNNNNNNNNNNNNNNNNNNNNNNNNNNNNNNNNNNNNNNNNNNNNNNNNNNNNNNNNNNNNNNNNNNNNNNNNNNNNNNNNNNNNNNNNNNNNNNNNN
IBV,NNNNNNNNNNNNNNNNNNNNNNNNNNNNNNNNNNNNNNNNNNNNNNNNNNNNNNNNNNNNNNNNNNNNNNNNNNNNNNNNNNNNNNNNNNNNNNNNNN
IBV,NNNNNNNNNNNNNNNNNNNNNNNNNNNNNNNNNNNNNNNNNNNNNNNNNNNNNNNNNNNNNNNNNNNNNNNNNNNNNNNNNNNNNNNNNNNNNNNNNN
IBV,NNNNNNNNNNNNNNNNNNNNNNNNNNNNNNNNNNNNNNNNNNNNNNNNNNNNNNNNNNNNNNNNNNNNNNNNNNNNNNNNNNNNNNNNNNNNNNNNNN
IBV,NNNNNNNNNNNNNNNNNNNNNNNNNNNNNNNNNNNNNNNNNNNNNNNNNNNNNNNNNNNNNNNNNNNNNNNNNNNNNNNNNNNNNNNNNNNNNNNNNN
IBV,NNNNNNNNNNNNNNNNNNNNNNNNNNNNNNNNNNNNNNNNNNNNNNNNNNNNNNNNNNNNNNNNNNNNNNNNNNNNNNNNNNNNNNNNNNNNNNNNNN
IBV,NNNNNNNNNNNNNNNNNNNNNNNNNNNNNNNNNNNNNNNNNNNNNNNNNNNNNNNNNNNNNNNNNNNNNNNNNNNNNNNNNNNNNNNNNNNNNNNNN
IBV,NNNNNNNNNNNNNNNNNNNNNNNNNNNNNNNNNNNNNNNNNNNNNNNNNNNNNNNNNNNNNNNNNNNNNNNNNNNNNNNNNNNNNNNNNNNNNNNNN
IBV,NNNNNNNNNNNNNNNNNNNNNNNNNNNNNNNNNNNNNNNNNNNNNNNNNNNNNNNNNNNNNNNNNNNNNNNNNNNNNNNNNNNNNNNNNNNNNNNNN
IBV,NNNNNNNNNNNNNNNNNNNNNNNNNNNNNNNNNNNNNNNNNNNNNNNNNNNNNNNNNNNNNNNNNNNNNNNNNNNNNNNNNNNNNNNNNNNNNNNNN
IBV,NNNNNNNNNNNNNNNNNNNNNNNNNNNNNNNNNNNNNNNNNNNNNNNNNNNNNNNNNNNNNNNNNNNNNNNNNNNNNNNNNNNNNNNNNNNNNNNNN
IBV,NNNNNNNNNNNNNNNNNNNNNNNNNNNNNNNNNNNNNNNNNNNNNNNNNNNNNNNNNNNNNNNNNNNNNNNNNNNNNNNNNNNNNNNNNNNNNNNNN
IBV,NNNNNNNNNNNNNNNNNNNNNNNNNNNNNNNNNNNNNNNNNNNNNNNNNNNNNNNNNNNNNNNNNNNNNNNNNNNNNNNNNNNNNNNNNNNNNNNN
IBV,NNNNNNNNNNNNNNNNNNNNNNNNNNNNNNNNNNNNNNNNNNNNNNNNNNNNNNNNNNNNNNNNNNNNNNNNNNNNNNNNNNNNNNNNNNNNNNNN
IBV,NNNNNNNNNNNNNNNNNNNNNNNNNNNNNNNNNNNNNNNNNNNNNNNNNNNNNNNNNNNNNNNNNNNNNNNNNNNNNNNNNNNNNNNNNNNNNNNN
IBV,NNNNNNNNNNNNNNNNNNNNNNNNNNNNNNNNNNNNNNNNNNNNNNNNNNNNNNNNNNNNNNNNNNNNNNNNNNNNNNNNNNNNNNNNNNNNNNNN
IBV,NNNNNNNNNNNNNNNNNNNNNNNNNNNNNNNNNNNNNNNNNNNNNNNNNNNNNNNNNNNNNNNNNNNNNNNNNNNNNNNNNNNNNNNNNNNNNNNN
IBV,NNNNNNNNNNNNNNNNNNNNNNNNNNNNNNNNNNNNNNNNNNNNNNNNNNNNNNNNNNNNNNNNNNNNNNNNNNNNNNNNNNNNNNNNNNNNNNNN
IBV,NNNNNNNNNNNNNNNNNNNNNNNNNNNNNNNNNNNNNNNNNNNNNNNNNNNNNNNNNNNNNNNNNNNNNNNNNNNNNNNNNNNNNNNNNNNNNNN
IBV,NNNNNNNNNNNNNNNNNNNNNNNNNNNNNNNNNNNNNNNNNNNNNNNNNNNNNNNNNNNNNNNNNNNNNNNNNNNNNNNNNNNNNNNNNNNNNNN
IBV,NNNNNNNNNNNNNNNNNNNNNNNNNNNNNNNNNNNNNNNNNNNNNNNNNNNNNNNNNNNNNNNNNNNNNNNNNNNNNNNNNNNNNNNNNNNNNNN
IBV,NNNNNNNNNNNNNNNNNNNNNNNNNNNNNNNNNNNNNNNNNNNNNNNNNNNNNNNNNNNNNNNNNNNNNNNNNNNNNNNNNNNNNNNNNNNNNNN
IBV,NNNNNNNNNNNNNNNNNNNNNNNNNNNNNNNNNNNNNNNNNNNNNNNNNNNNNNNNNNNNNNNNNNNNNNNNNNNNNNNNNNNNNNNNNNNNNNN
IBV,NNNNNNNNNNNNNNNNNNNNNNNNNNNNNNNNNNNNNNNNNNNNNNNNNNNNNNNNNNNNNNNNNNNNNNNNNNNNNNNNNNNNNNNNNNNNNNN
IBV,NNNNNNNNNNNNNNNNNNNNNNNNNNNNNNNNNNNNNNNNNNNNNNNNNNNNNNNNNNNNNNNNNNNNNNNNNNNNNNNNNNNNNNNNNNNNNN
IBV,NNNNNNNNNNNNNNNNNNNNNNNNNNNNNNNNNNNNNNNNNNNNNNNNNNNNNNNNNNNNNNNNNNNNNNNNNNNNNNNNNNNNNNNNNNNNNN
IBV,NNNNNNNNNNNNNNNNNNNNNNNNNNNNNNNNNNNNNNNNNNNNNNNNNNNNNNNNNNNNNNNNNNNNNNNNNNNNNNNNNNNNNNNNNNNNNN
IBV,NNNNNNNNNNNNNNNNNNNNNNNNNNNNNNNNNNNNNNNNNNNNNNNNNNNNNNNNNNNNNNNNNNNNNNNNNNNNNNNNNNNNNNNNNNNNNN
IBV,NNNNNNNNNNNNNNNNNNNNNNNNNNNNNNNNNNNNNNNNNNNNNNNNNNNNNNNNNNNNNNNNNNNNNNNNNNNNNNNNNNNNNNNNNNNNNN
IBV,NNNNNNNNNNNNNNNNNNNNNNNNNNNNNNNNNNNNNNNNNNNNNNNNNNNNNNNNNNNNNNNNNNNNNNNNNNNNNNNNNNNNNNNNNNNNNN
IBV,NNNNNNNNNNNNNNNNNNNNNNNNNNNNNNNNNNNNNNNNNNNNNNNNNNNNNNNNNNNNNNNNNNNNNNNNNNNNNNNNNNNNNNNNNNNNN
IBV,NNNNNNNNNNNNNNNNNNNNNNNNNNNNNNNNNNNNNNNNNNNNNNNNNNNNNNNNNNNNNNNNNNNNNNNNNNNNNNNNNNNNNNNNNNNNN
IBV,NNNNNNNNNNNNNNNNNNNNNNNNNNNNNNNNNNNNNNNNNNNNNNNNNNNNNNNNNNNNNNNNNNNNNNNNNNNNNNNNNNNNNNNNNNNNN
IBV,NNNNNNNNNNNNNNNNNNNNNNNNNNNNNNNNNNNNNNNNNNNNNNNNNNNNNNNNNNNNNNNNNNNNNNNNNNNNNNNNNNNNNNNNNNNNN
IBV,NNNNNNNNNNNNNNNNNNNNNNNNNNNNNNNNNNNNNNNNNNNNNNNNNNNNNNNNNNNNNNNNNNNNNNNNNNNNNNNNNNNNNNNNNNNNN
IBV,NNNNNNNNNNNNNNNNNNNNNNNNNNNNNNNNNNNNNNNNNNNNNNNNNNNNNNNNNNNNNNNNNNNNNNNNNNNNNNNNNNNNNNNNNNNNN
IBV,NNNNNNNNNNNNNNNNNNNNNNNNNNNNNNNNNNNNNNNNNNNNNNNNNNNNNNNNNNNNNNNNNNNNNNNNNNNNNNNNNNNNNNNNNNNN
IBV,NNNNNNNNNNNNNNNNNNNNNNNNNNNNNNNNNNNNNNNNNNNNNNNNNNNNNNNNNNNNNNNNNNNNNNNNNNNNNNNNNNNNNNNNNNNN
IBV,NNNNNNNNNNNNNNNNNNNNNNNNNNNNNNNNNNNNNNNNNNNNNNNNNNNNNNNNNNNNNNNNNNNNNNNNNNNNNNNNNNNNNNNNNNNN
IBV,NNNNNNNNNNNNNNNNNNNNNNNNNNNNNNNNNNNNNNNNNNNNNNNNNNNNNNNNNNNNNNNNNNNNNNNNNNNNNNNNNNNNNNNNNNNN
IBV,NNNNNNNNNNNNNNNNNNNNNNNNNNNNNNNNNNNNNNNNNNNNNNNNNNNNNNNNNNNNNNNNNNNNNNNNNNNNNNNNNNNNNNNNNNNN
IBV,NNNNNNNNNNNNNNNNNNNNNNNNNNNNNNNNNNNNNNNNNNNNNNNNNNNNNNNNNNNNNNNNNNNNNNNNNNNNNNNNNNNNNNNNNNNN
IBV,NNNNNNNNNNNNNNNNNNNNNNNNNNNNNNNNNNNNNNNNNNNNNNNNNNNNNNNNNNNNNNNNNNNNNNNNNNNNNNNNNNNNNNNNNNN
IBV,NNNNNNNNNNNNNNNNNNNNNNNNNNNNNNNNNNNNNNNNNNNNNNNNNNNNNNNNNNNNNNNNNNNNNNNNNNNNNNNNNNNNNNNNNNN
IBV,NNNNNNNNNNNNNNNNNNNNNNNNNNNNNNNNNNNNNNNNNNNNNNNNNNNNNNNNNNNNNNNNNNNNNNNNNNNNNNNNNNNNNNNNNNN
IBV,NNNNNNNNNNNNNNNNNNNNNNNNNNNNNNNNNNNNNNNNNNNNNNNNNNNNNNNNNNNNNNNNNNNNNNNNNNNNNNNNNNNNNNNNNNN
IBV,NNNNNNNNNNNNNNNNNNNNNNNNNNNNNNNNNNNNNNNNNNNNNNNNNNNNNNNNNNNNNNNNNNNNNNNNNNNNNNNNNNNNNNNNNNN
IBV,NNNNNNNNNNNNNNNNNNNNNNNNNNNNNNNNNNNNNNNNNNNNNNNNNNNNNNNNNNNNNNNNNNNNNNNNNNNNNNNNNNNNNNNNNNN
IBV,NNNNNNNNNNNNNNNNNNNNNNNNNNNNNNNNNNNNNNNNNNNNNNNNNNNNNNNNNNNNNNNNNNNNNNNNNNNNNNNNNNNNNNNNNN
IBV,NNNNNNNNNNNNNNNNNNNNNNNNNNNNNNNNNNNNNNNNNNNNNNNNNNNNNNNNNNNNNNNNNNNNNNNNNNNNNNNNNNNNNNNNNN
IBV,NNNNNNNNNNNNNNNNNNNNNNNNNNNNNNNNNNNNNNNNNNNNNNNNNNNNNNNNNNNNNNNNNNNNNNNNNNNNNNNNNNNNNNNNNN
IBV,NNNNNNNNNNNNNNNNNNNNNNNNNNNNNNNNNNNNNNNNNNNNNNNNNNNNNNNNNNNNNNNNNNNNNNNNNNNNNNNNNNNNNNNNNN
IBV,NNNNNNNNNNNNNNNNNNNNNNNNNNNNNNNNNNNNNNNNNNNNNNNNNNNNNNNNNNNNNNNNNNNNNNNNNNNNNNNNNNNNNNNNNN
IBV,NNNNNNNNNNNNNNNNNNNNNNNNNNNNNNNNNNNNNNNNNNNNNNNNNNNNNNNNNNNNNNNNNNNNNNNNNNNNNNNNNNNNNNNNNN
IBV,NNNNNNNNNNNNNNNNNNNNNNNNNNNNNNNNNNNNNNNNNNNNNNNNNNNNNNNNNNNNNNNNNNNNNNNNNNNNNNNNNNNNNNNNN
IBV,NNNNNNNNNNNNNNNNNNNNNNNNNNNNNNNNNNNNNNNNNNNNNNNNNNNNNNNNNNNNNNNNNNNNNNNNNNNNNNNNNNNNNNNNN
IBV,NNNNNNNNNNNNNNNNNNNNNNNNNNNNNNNNNNNNNNNNNNNNNNNNNNNNNNNNNNNNNNNNNNNNNNNNNNNNNNNNNNNNNNNNN
IBV,NNNNNNNNNNNNNNNNNNNNNNNNNNNNNNNNNNNNNNNNNNNNNNNNNNNNNNNNNNNNNNNNNNNNNNNNNNNNNNNNNNNNNNNNN
IBV,NNNNNNNNNNNNNNNNNNNNNNNNNNNNNNNNNNNNNNNNNNNNNNNNNNNNNNNNNNNNNNNNNNNNNNNNNNNNNNNNNNNNNNNNN
IBV,NNNNNNNNNNNNNNNNNNNNNNNNNNNNNNNNNNNNNNNNNNNNNNNNNNNNNNNNNNNNNNNNNNNNNNNNNNNNNNNNNNNNNNNNN
IBV,NNNNNNNNNNNNNNNNNNNNNNNNNNNNNNNNNNNNNNNNNNNNNNNNNNNNNNNNNNNNNNNNNNNNNNNNNNNNNNNNNNNNNNNN
IBV,NNNNNNNNNNNNNNNNNNNNNNNNNNNNNNNNNNNNNNNNNNNNNNNNNNNNNNNNNNNNNNNNNNNNNNNNNNNNNNNNNNNNNNNN
IBV,NNNNNNNNNNNNNNNNNNNNNNNNNNNNNNNNNNNNNNNNNNNNNNNNNNNNNNNNNNNNNNNNNNNNNNNNNNNNNNNNNNNNNNNN
IBV,NNNNNNNNNNNNNNNNNNNNNNNNNNNNNNNNNNNNNNNNNNNNNNNNNNNNNNNNNNNNNNNNNNNNNNNNNNNNNNNNNNNNNNNN
IBV,NNNNNNNNNNNNNNNNNNNNNNNNNNNNNNNNNNNNNNNNNNNNNNNNNNNNNNNNNNNNNNNNNNNNNNNNNNNNNNNNNNNNNNNN
IBV,NNNNNNNNNNNNNNNNNNNNNNNNNNNNNNNNNNNNNNNNNNNNNNNNNNNNNNNNNNNNNNNNNNNNNNNNNNNNNNNNNNNNNNNN
IBV,NNNNNNNNNNNNNNNNNNNNNNNNNNNNNNNNNNNNNNNNNNNNNNNNNNNNNNNNNNNNNNNNNNNNNNNNNNNNNNNNNNNNNNN
IBV,NNNNNNNNNNNNNNNNNNNNNNNNNNNNNNNNNNNNNNNNNNNNNNNNNNNNNNNNNNNNNNNNNNNNNNNNNNNNNNNNNNNNNNN
IBV,NNNNNNNNNNNNNNNNNNNNNNNNNNNNNNNNNNNNNNNNNNNNNNNNNNNNNNNNNNNNNNNNNNNNNNNNNNNNNNNNNNNNNNN
IBV,NNNNNNNNNNNNNNNNNNNNNNNNNNNNNNNNNNNNNNNNNNNNNNNNNNNNNNNNNNNNNNNNNNNNNNNNNNNNNNNNNNNNNNN
IBV,NNNNNNNNNNNNNNNNNNNNNNNNNNNNNNNNNNNNNNNNNNNNNNNNNNNNNNNNNNNNNNNNNNNNNNNNNNNNNNNNNNNNNNN
IBV,NNNNNNNNNNNNNNNNNNNNNNNNNNNNNNNNNNNNNNNNNNNNNNNNNNNNNNNNNNNNNNNNNNNNNNNNNNNNNNNNNNNNNNN
IBV,NNNNNNNNNNNNNNNNNNNNNNNNNNNNNNNNNNNNNNNNNNNNNNNNNNNNNNNNNNNNNNNNNNNNNNNNNNNNNNNNNNNNNN
IBV,NNNNNNNNNNNNNNNNNNNNNNNNNNNNNNNNNNNNNNNNNNNNNNNNNNNNNNNNNNNNNNNNNNNNNNNNNNNNNNNNNNNNNN
IBV,NNNNNNNNNNNNNNNNNNNNNNNNNNNNNNNNNNNNNNNNNNNNNNNNNNNNNNNNNNNNNNNNNNNNNNNNNNNNNNNNNNNNNN
IBV,NNNNNNNNNNNNNNNNNNNNNNNNNNNNNNNNNNNNNNNNNNNNNNNNNNNNNNNNNNNNNNNNNNNNNNNNNNNNNNNNNNNNNN
IBV,NNNNNNNNNNNNNNNNNNNNNNNNNNNNNNNNNNNNNNNNNNNNNNNNNNNNNNNNNNNNNNNNNNNNNNNNNNNNNNNNNNNNNN
IBV,NNNNNNNNNNNNNNNNNNNNNNNNNNNNNNNNNNNNNNNNNNNNNNNNNNNNNNNNNNNNNNNNNNNNNNNNNNNNNNNNNNNNNN
IBV,NNNNNNNNNNNNNNNNNNNNNNNNNNNNNNNNNNNNNNNNNNNNNNNNNNNNNNNNNNNNNNNNNNNNNNNNNNNNNNNNNNNNN
IBV,NNNNNNNNNNNNNNNNNNNNNNNNNNNNNNNNNNNNNNNNNNNNNNNNNNNNNNNNNNNNNNNNNNNNNNNNNNNNNNNNNNNNN
IBV,NNNNNNNNNNNNNNNNNNNNNNNNNNNNNNNNNNNNNNNNNNNNNNNNNNNNNNNNNNNNNNNNNNNNNNNNNNNNNNNNNNNNN
IBV,NNNNNNNNNNNNNNNNNNNNNNNNNNNNNNNNNNNNNNNNNNNNNNNNNNNNNNNNNNNNNNNNNNNNNNNNNNNNNNNNNNNNN
IBV,NNNNNNNNNNNNNNNNNNNNNNNNNNNNNNNNNNNNNNNNNNNNNNNNNNNNNNNNNNNNNNNNNNNNNNNNNNNNNNNNNNNNN
IBV,NNNNNNNNNNNNNNNNNNNNNNNNNNNNNNNNNNNNNNNNNNNNNNNNNNNNNNNNNNNNNNNNNNNNNNNNNNNNNNNNNNNNN
IBV,NNNNNNNNNNNNNNNNNNNNNNNNNNNNNNNNNNNNNNNNNNNNNNNNNNNNNNNNNNNNNNNNNNNNNNNNNNNNNNNNNNNN
IBV,NNNNNNNNNNNNNNNNNNNNNNNNNNNNNNNNNNNNNNNNNNNNNNNNNNNNNNNNNNNNNNNNNNNNNNNNNNNNNNNNNNNN
IBV,NNNNNNNNNNNNNNNNNNNNNNNNNNNNNNNNNNNNNNNNNNNNNNNNNNNNNNNNNNNNNNNNNNNNNNNNNNNNNNNNNNNN
IBV,NNNNNNNNNNNNNNNNNNNNNNNNNNNNNNNNNNNNNNNNNNNNNNNNNNNNNNNNNNNNNNNNNNNNNNNNNNNNNNNNNNNN
IBV,NNNNNNNNNNNNNNNNNNNNNNNNNNNNNNNNNNNNNNNNNNNNNNNNNNNNNNNNNNNNNNNNNNNNNNNNNNNNNNNNNNNN
IBV,NNNNNNNNNNNNNNNNNNNNNNNNNNNNNNNNNNNNNNNNNNNNNNNNNNNNNNNNNNNNNNNNNNNNNNNNNNNNNNNNNNNN
IBV,NNNNNNNNNNNNNNNNNNNNNNNNNNNNNNNNNNNNNNNNNNNNNNNNNNNNNNNNNNNNNNNNNNNNNNNNNNNNNNNNNNN
IBV,NNNNNNNNNNNNNNNNNNNNNNNNNNNNNNNNNNNNNNNNNNNNNNNNNNNNNNNNNNNNNNNNNNNNNNNNNNNNNNNNNNN
IBV,NNNNNNNNNNNNNNNNNNNNNNNNNNNNNNNNNNNNNNNNNNNNNNNNNNNNNNNNNNNNNNNNNNNNNNNNNNNNNNNNNNN
IBV,NNNNNNNNNNNNNNNNNNNNNNNNNNNNNNNNNNNNNNNNNNNNNNNNNNNNNNNNNNNNNNNNNNNNNNNNNNNNNNNNNNN
IBV,NNNNNNNNNNNNNNNNNNNNNNNNNNNNNNNNNNNNNNNNNNNNNNNNNNNNNNNNNNNNNNNNNNNNNNNNNNNNNNNNNNN
IBV,NNNNNNNNNNNNNNNNNNNNNNNNNNNNNNNNNNNNNNNNNNNNNNNNNNNNNNNNNNNNNNNNNNNNNNNNNNNNNNNNNNN
IBV,NNNNNNNNNNNNNNNNNNNNNNNNNNNNNNNNNNNNNNNNNNNNNNNNNNNNNNNNNNNNNNNNNNNNNNNNNNNNNNNNNN
IBV,NNNNNNNNNNNNNNNNNNNNNNNNNNNNNNNNNNNNNNNNNNNNNNNNNNNNNNNNNNNNNNNNNNNNNNNNNNNNNNNNNN
IBV,NNNNNNNNNNNNNNNNNNNNNNNNNNNNNNNNNNNNNNNNNNNNNNNNNNNNNNNNNNNNNNNNNNNNNNNNNNNNNNNNNN
IBV,NNNNNNNNNNNNNNNNNNNNNNNNNNNNNNNNNNNNNNNNNNNNNNNNNNNNNNNNNNNNNNNNNNNNNNNNNNNNNNNNNN
IBV,NNNNNNNNNNNNNNNNNNNNNNNNNNNNNNNNNNNNNNNNNNNNNNNNNNNNNNNNNNNNNNNNNNNNNNNNNNNNNNNNNN
IBV,NNNNNNNNNNNNNNNNNNNNNNNNNNNNNNNNNNNNNNNNNNNNNNNNNNNNNNNNNNNNNNNNNNNNNNNNNNNNNNNNNN
IBV,NNNNNNNNNNNNNNNNNNNNNNNNNNNNNNNNNNNNNNNNNNNNNNNNNNNNNNNNNNNNNNNNNNNNNNNNNNNNNNNNN
IBV,NNNNNNNNNNNNNNNNNNNNNNNNNNNNNNNNNNNNNNNNNNNNNNNNNNNNNNNNNNNNNNNNNNNNNNNNNNNNNNNNN
IBV,NNNNNNNNNNNNNNNNNNNNNNNNNNNNNNNNNNNNNNNNNNNNNNNNNNNNNNNNNNNNNNNNNNNNNNNNNNNNNNNNN
IBV,NNNNNNNNNNNNNNNNNNNNNNNNNNNNNNNNNNNNNNNNNNNNNNNNNNNNNNNNNNNNNNNNNNNNNNNNNNNNNNNNN
IBV,NNNNNNNNNNNNNNNNNNNNNNNNNNNNNNNNNNNNNNNNNNNNNNNNNNNNNNNNNNNNNNNNNNNNNNNNNNNNNNNNN
IBV,NNNNNNNNNNNNNNNNNNNNNNNNNNNNNNNNNNNNNNNNNNNNNNNNNNNNNNNNNNNNNNNNNNNNNNNNNNNNNNNNN
IBV,NNNNNNNNNNNNNNNNNNNNNNNNNNNNNNNNNNNNNNNNNNNNNNNNNNNNNNNNNNNNNNNNNNNNNNNNNNNNNNNN
IBV,NNNNNNNNNNNNNNNNNNNNNNNNNNNNNNNNNNNNNNNNNNNNNNNNNNNNNNNNNNNNNNNNNNNNNNNNNNNNNNNN
IBV,NNNNNNNNNNNNNNNNNNNNNNNNNNNNNNNNNNNNNNNNNNNNNNNNNNNNNNNNNNNNNNNNNNNNNNNNNNNNNNNN
IBV,NNNNNNNNNNNNNNNNNNNNNNNNNNNNNNNNNNNNNNNNNNNNNNNNNNNNNNNNNNNNNNNNNNNNNNNNNNNNNNNN
IBV,NNNNNNNNNNNNNNNNNNNNNNNNNNNNNNNNNNNNNNNNNNNNNNNNNNNNNNNNNNNNNNNNNNNNNNNNNNNNNNNN
IBV,NNNNNNNNNNNNNNNNNNNNNNNNNNNNNNNNNNNNNNNNNNNNNNNNNNNNNNNNNNNNNNNNNNNNNNNNNNNNNNNN
IBV,NNNNNNNNNNNNNNNNNNNNNNNNNNNNNNNNNNNNNNNNNNNNNNNNNNNNNNNNNNNNNNNNNNNNNNNNNNNNNNN
IBV,NNNNNNNNNNNNNNNNNNNNNNNNNNNNNNNNNNNNNNNNNNNNNNNNNNNNNNNNNNNNNNNNNNNNNNNNNNNNNNN
IBV,NNNNNNNNNNNNNNNNNNNNNNNNNNNNNNNNNNNNNNNNNNNNNNNNNNNNNNNNNNNNNNNNNNNNNNNNNNNNNNN
IBV,NNNNNNNNNNNNNNNNNNNNNNNNNNNNNNNNNNNNNNNNNNNNNNNNNNNNNNNNNNNNNNNNNNNNNNNNNNNNNNN
IBV,NNNNNNNNNNNNNNNNNNNNNNNNNNNNNNNNNNNNNNNNNNNNNNNNNNNNNNNNNNNNNNNNNNNNNNNNNNNNNNN
IBV,NNNNNNNNNNNNNNNNNNNNNNNNNNNNNNNNNNNNNNNNNNNNNNNNNNNNNNNNNNNNNNNNNNNNNNNNNNNNNNN
IBV,NNNNNNNNNNNNNNNNNNNNNNNNNNNNNNNNNNNNNNNNNNNNNNNNNNNNNNNNNNNNNNNNNNNNNNNNNNNNNN
IBV,NNNNNNNNNNNNNNNNNNNNNNNNNNNNNNNNNNNNNNNNNNNNNNNNNNNNNNNNNNNNNNNNNNNNNNNNNNNNNN
IBV,NNNNNNNNNNNNNNNNNNNNNNNNNNNNNNNNNNNNNNNNNNNNNNNNNNNNNNNNNNNNNNNNNNNNNNNNNNNNNN
IBV,NNNNNNNNNNNNNNNNNNNNNNNNNNNNNNNNNNNNNNNNNNNNNNNNNNNNNNNNNNNNNNNNNNNNNNNNNNNNNN
IBV,NNNNNNNNNNNNNNNNNNNNNNNNNNNNNNNNNNNNNNNNNNNNNNNNNNNNNNNNNNNNNNNNNNNNNNNNNNNNNN
IBV,NNNNNNNNNNNNNNNNNNNNNNNNNNNNNNNNNNNNNNNNNNNNNNNNNNNNNNNNNNNNNNNNNNNNNNNNNNNNNN
IBV,NNNNNNNNNNNNNNNNNNNNNNNNNNNNNNNNNNNNNNNNNNNNNNNNNNNNNNNNNNNNNNNNNNNNNNNNNNNNN
IBV,NNNNNNNNNNNNNNNNNNNNNNNNNNNNNNNNNNNNNNNNNNNNNNNNNNNNNNNNNNNNNNNNNNNNNNNNNNNNN
IBV,NNNNNNNNNNNNNNNNNNNNNNNNNNNNNNNNNNNNNNNNNNNNNNNNNNNNNNNNNNNNNNNNNNNNNNNNNNNNN
IBV,NNNNNNNNNNNNNNNNNNNNNNNNNNNNNNNNNNNNNNNNNNNNNNNNNNNNNNNNNNNNNNNNNNNNNNNNNNNNN
IBV,NNNNNNNNNNNNNNNNNNNNNNNNNNNNNNNNNNNNNNNNNNNNNNNNNNNNNNNNNNNNNNNNNNNNNNNNNNNNN
IBV,NNNNNNNNNNNNNNNNNNNNNNNNNNNNNNNNNNNNNNNNNNNNNNNNNNNNNNNNNNNNNNNNNNNNNNNNNNNNN
IBV,NNNNNNNNNNNNNNNNNNNNNNNNNNNNNNNNNNNNNNNNNNNNNNNNNNNNNNNNNNNNNNNNNNNNNNNNNNNN
IBV,NNNNNNNNNNNNNNNNNNNNNNNNNNNNNNNNNNNNNNNNNNNNNNNNNNNNNNNNNNNNNNNNNNNNNNNNNNNN
IBV,NNNNNNNNNNNNNNNNNNNNNNNNNNNNNNNNNNNNNNNNNNNNNNNNNNNNNNNNNNNNNNNNNNNNNNNNNNNN
IBV,NNNNNNNNNNNNNNNNNNNNNNNNNNNNNNNNNNNNNNNNNNNNNNNNNNNNNNNNNNNNNNNNNNNNNNNNNNNN
IBV,NNNNNNNNNNNNNNNNNNNNNNNNNNNNNNNNNNNNNNNNNNNNNNNNNNNNNNNNNNNNNNNNNNNNNNNNNNNN
IBV,NNNNNNNNNNNNNNNNNNNNNNNNNNNNNNNNNNNNNNNNNNNNNNNNNNNNNNNNNNNNNNNNNNNNNNNNNNNN
IBV,NNNNNNNNNNNNNNNNNNNNNNNNNNNNNNNNNNNNNNNNNNNNNNNNNNNNNNNNNNNNNNNNNNNNNNNNNNN
IBV,NNNNNNNNNNNNNNNNNNNNNNNNNNNNNNNNNNNNNNNNNNNNNNNNNNNNNNNNNNNNNNNNNNNNNNNNNNN
IBV,NNNNNNNNNNNNNNNNNNNNNNNNNNNNNNNNNNNNNNNNNNNNNNNNNNNNNNNNNNNNNNNNNNNNNNNNNNN
IBV,NNNNNNNNNNNNNNNNNNNNNNNNNNNNNNNNNNNNNNNNNNNNNNNNNNNNNNNNNNNNNNNNNNNNNNNNNNN
IBV,NNNNNNNNNNNNNNNNNNNNNNNNNNNNNNNNNNNNNNNNNNNNNNNNNNNNNNNNNNNNNNNNNNNNNNNNNNN
IBV,NNNNNNNNNNNNNNNNNNNNNNNNNNNNNNNNNNNNNNNNNNNNNNNNNNNNNNNNNNNNNNNNNNNNNNNNNNN
IBV,NNNNNNNNNNNNNNNNNNNNNNNNNNNNNNNNNNNNNNNNNNNNNNNNNNNNNNNNNNNNNNNNNNNNNNNNNN
IBV,NNNNNNNNNNNNNNNNNNNNNNNNNNNNNNNNNNNNNNNNNNNNNNNNNNNNNNNNNNNNNNNNNNNNNNNNNN
IBV,NNNNNNNNNNNNNNNNNNNNNNNNNNNNNNNNNNNNNNNNNNNNNNNNNNNNNNNNNNNNNNNNNNNNNNNNNN
IBV,NNNNNNNNNNNNNNNNNNNNNNNNNNNNNNNNNNNNNNNNNNNNNNNNNNNNNNNNNNNNNNNNNNNNNNNNNN
IBV,NNNNNNNNNNNNNNNNNNNNNNNNNNNNNNNNNNNNNNNNNNNNNNNNNNNNNNNNNNNNNNNNNNNNNNNNNN
IBV,NNNNNNNNNNNNNNNNNNNNNNNNNNNNNNNNNNNNNNNNNNNNNNNNNNNNNNNNNNNNNNNNNNNNNNNNNN
IBV,NNNNNNNNNNNNNNNNNNNNNNNNNNNNNNNNNNNNNNNNNNNNNNNNNNNNNNNNNNNNNNNNNNNNNNNNN
IBV,NNNNNNNNNNNNNNNNNNNNNNNNNNNNNNNNNNNNNNNNNNNNNNNNNNNNNNNNNNNNNNNNNNNNNNNNN
IBV,NNNNNNNNNNNNNNNNNNNNNNNNNNNNNNNNNNNNNNNNNNNNNNNNNNNNNNNNNNNNNNNNNNNNNNNNN
IBV,NNNNNNNNNNNNNNNNNNNNNNNNNNNNNNNNNNNNNNNNNNNNNNNNNNNNNNNNNNNNNNNNNNNNNNNNN
IBV,NNNNNNNNNNNNNNNNNNNNNNNNNNNNNNNNNNNNNNNNNNNNNNNNNNNNNNNNNNNNNNNNNNNNNNNNN
IBV,NNNNNNNNNNNNNNNNNNNNNNNNNNNNNNNNNNNNNNNNNNNNNNNNNNNNNNNNNNNNNNNNNNNNNNNNN
IBV,NNNNNNNNNNNNNNNNNNNNNNNNNNNNNNNNNNNNNNNNNNNNNNNNNNNNNNNNNNNNNNNNNNNNNNNN
IBV,NNNNNNNNNNNNNNNNNNNNNNNNNNNNNNNNNNNNNNNNNNNNNNNNNNNNNNNNNNNNNNNNNNNNNNNN
IBV,NNNNNNNNNNNNNNNNNNNNNNNNNNNNNNNNNNNNNNNNNNNNNNNNNNNNNNNNNNNNNNNNNNNNNNNN
IBV,NNNNNNNNNNNNNNNNNNNNNNNNNNNNNNNNNNNNNNNNNNNNNNNNNNNNNNNNNNNNNNNNNNNNNNNN
IBV,NNNNNNNNNNNNNNNNNNNNNNNNNNNNNNNNNNNNNNNNNNNNNNNNNNNNNNNNNNNNNNNNNNNNNNNN
IBV,NNNNNNNNNNNNNNNNNNNNNNNNNNNNNNNNNNNNNNNNNNNNNNNNNNNNNNNNNNNNNNNNNNNNNNNN
IBV,NNNNNNNNNNNNNNNNNNNNNNNNNNNNNNNNNNNNNNNNNNNNNNNNNNNNNNNNNNNNNNNNNNNNNNN
IBV,NNNNNNNNNNNNNNNNNNNNNNNNNNNNNNNNNNNNNNNNNNNNNNNNNNNNNNNNNNNNNNNNNNNNNNN
IBV,NNNNNNNNNNNNNNNNNNNNNNNNNNNNNNNNNNNNNNNNNNNNNNNNNNNNNNNNNNNNNNNNNNNNNNN
IBV,NNNNNNNNNNNNNNNNNNNNNNNNNNNNNNNNNNNNNNNNNNNNNNNNNNNNNNNNNNNNNNNNNNNNNNN
IBV,NNNNNNNNNNNNNNNNNNNNNNNNNNNNNNNNNNNNNNNNNNNNNNNNNNNNNNNNNNNNNNNNNNNNNNN
IBV,NNNNNNNNNNNNNNNNNNNNNNNNNNNNNNNNNNNNNNNNNNNNNNNNNNNNNNNNNNNNNNNNNNNNNNN
IBV,NNNNNNNNNNNNNNNNNNNNNNNNNNNNNNNNNNNNNNNNNNNNNNNNNNNNNNNNNNNNNNNNNNNNNN
IBV,NNNNNNNNNNNNNNNNNNNNNNNNNNNNNNNNNNNNNNNNNNNNNNNNNNNNNNNNNNNNNNNNNNNNNN
IBV,NNNNNNNNNNNNNNNNNNNNNNNNNNNNNNNNNNNNNNNNNNNNNNNNNNNNNNNNNNNNNNNNNNNNNN
IBV,NNNNNNNNNNNNNNNNNNNNNNNNNNNNNNNNNNNNNNNNNNNNNNNNNNNNNNNNNNNNNNNNNNNNNN
IBV,NNNNNNNNNNNNNNNNNNNNNNNNNNNNNNNNNNNNNNNNNNNNNNNNNNNNNNNNNNNNNNNNNNNNNN
IBV,NNNNNNNNNNNNNNNNNNNNNNNNNNNNNNNNNNNNNNNNNNNNNNNNNNNNNNNNNNNNNNNNNNNNNN
IBV,NNNNNNNNNNNNNNNNNNNNNNNNNNNNNNNNNNNNNNNNNNNNNNNNNNNNNNNNNNNNNNNNNNNNN
IBV,NNNNNNNNNNNNNNNNNNNNNNNNNNNNNNNNNNNNNNNNNNNNNNNNNNNNNNNNNNNNNNNNNNNNN
IBV,NNNNNNNNNNNNNNNNNNNNNNNNNNNNNNNNNNNNNNNNNNNNNNNNNNNNNNNNNNNNNNNNNNNNN
IBV,NNNNNNNNNNNNNNNNNNNNNNNNNNNNNNNNNNNNNNNNNNNNNNNNNNNNNNNNNNNNNNNNNNNNN
IBV,NNNNNNNNNNNNNNNNNNNNNNNNNNNNNNNNNNNNNNNNNNNNNNNNNNNNNNNNNNNNNNNNNNNNN
IBV,NNNNNNNNNNNNNNNNNNNNNNNNNNNNNNNNNNNNNNNNNNNNNNNNNNNNNNNNNNNNNNNNNNNNN
IBV,NNNNNNNNNNNNNNNNNNNNNNNNNNNNNNNNNNNNNNNNNNNNNNNNNNNNNNNNNNNNNNNNNNNN
IBV,NNNNNNNNNNNNNNNNNNNNNNNNNNNNNNNNNNNNNNNNNNNNNNNNNNNNNNNNNNNNNNNNNNNN
IBV,NNNNNNNNNNNNNNNNNNNNNNNNNNNNNNNNNNNNNNNNNNNNNNNNNNNNNNNNNNNNNNNNNNNN
IBV,NNNNNNNNNNNNNNNNNNNNNNNNNNNNNNNNNNNNNNNNNNNNNNNNNNNNNNNNNNNNNNNNNNNN
IBV,NNNNNNNNNNNNNNNNNNNNNNNNNNNNNNNNNNNNNNNNNNNNNNNNNNNNNNNNNNNNNNNNNNNN
IBV,NNNNNNNNNNNNNNNNNNNNNNNNNNNNNNNNNNNNNNNNNNNNNNNNNNNNNNNNNNNNNNNNNNNN
IBV,NNNNNNNNNNNNNNNNNNNNNNNNNNNNNNNNNNNNNNNNNNNNNNNNNNNNNNNNNNNNNNNNNNN
IBV,NNNNNNNNNNNNNNNNNNNNNNNNNNNNNNNNNNNNNNNNNNNNNNNNNNNNNNNNNNNNNNNNNNN
IBV,NNNNNNNNNNNNNNNNNNNNNNNNNNNNNNNNNNNNNNNNNNNNNNNNNNNNNNNNNNNNNNNNNNN
IBV,NNNNNNNNNNNNNNNNNNNNNNNNNNNNNNNNNNNNNNNNNNNNNNNNNNNNNNNNNNNNNNNNNNN
IBV,NNNNNNNNNNNNNNNNNNNNNNNNNNNNNNNNNNNNNNNNNNNNNNNNNNNNNNNNNNNNNNNNNNN
IBV,NNNNNNNNNNNNNNNNNNNNNNNNNNNNNNNNNNNNNNNNNNNNNNNNNNNNNNNNNNNNNNNNNNN
IBV,NNNNNNNNNNNNNNNNNNNNNNNNNNNNNNNNNNNNNNNNNNNNNNNNNNNNNNNNNNNNNNNNNN
IBV,NNNNNNNNNNNNNNNNNNNNNNNNNNNNNNNNNNNNNNNNNNNNNNNNNNNNNNNNNNNNNNNNNN
IBV,NNNNNNNNNNNNNNNNNNNNNNNNNNNNNNNNNNNNNNNNNNNNNNNNNNNNNNNNNNNNNNNNNN
IBV,NNNNNNNNNNNNNNNNNNNNNNNNNNNNNNNNNNNNNNNNNNNNNNNNNNNNNNNNNNNNNNNNNN
IBV,NNNNNNNNNNNNNNNNNNNNNNNNNNNNNNNNNNNNNNNNNNNNNNNNNNNNNNNNNNNNNNNNNN
IBV,NNNNNNNNNNNNNNNNNNNNNNNNNNNNNNNNNNNNNNNNNNNNNNNNNNNNNNNNNNNNNNNNNN
IBV,NNNNNNNNNNNNNNNNNNNNNNNNNNNNNNNNNNNNNNNNNNNNNNNNNNNNNNNNNNNNNNNNN
IBV,NNNNNNNNNNNNNNNNNNNNNNNNNNNNNNNNNNNNNNNNNNNNNNNNNNNNNNNNNNNNNNNNN
IBV,NNNNNNNNNNNNNNNNNNNNNNNNNNNNNNNNNNNNNNNNNNNNNNNNNNNNNNNNNNNNNNNNN
IBV,NNNNNNNNNNNNNNNNNNNNNNNNNNNNNNNNNNNNNNNNNNNNNNNNNNNNNNNNNNNNNNNNN
IBV,NNNNNNNNNNNNNNNNNNNNNNNNNNNNNNNNNNNNNNNNNNNNNNNNNNNNNNNNNNNNNNNNN
IBV,NNNNNNNNNNNNNNNNNNNNNNNNNNNNNNNNNNNNNNNNNNNNNNNNNNNNNNNNNNNNNNNNN
IBV,NNNNNNNNNNNNNNNNNNNNNNNNNNNNNNNNNNNNNNNNNNNNNNNNNNNNNNNNNNNNNNNN
IBV,NNNNNNNNNNNNNNNNNNNNNNNNNNNNNNNNNNNNNNNNNNNNNNNNNNNNNNNNNNNNNNNN
IBV,NNNNNNNNNNNNNNNNNNNNNNNNNNNNNNNNNNNNNNNNNNNNNNNNNNNNNNNNNNNNNNNN
IBV,NNNNNNNNNNNNNNNNNNNNNNNNNNNNNNNNNNNNNNNNNNNNNNNNNNNNNNNNNNNNNNNN
IBV,NNNNNNNNNNNNNNNNNNNNNNNNNNNNNNNNNNNNNNNNNNNNNNNNNNNNNNNNNNNNNNNN
IBV,NNNNNNNNNNNNNNNNNNNNNNNNNNNNNNNNNNNNNNNNNNNNNNNNNNNNNNNNNNNNNNNN
IBV,NNNNNNNNNNNNNNNNNNNNNNNNNNNNNNNNNNNNNNNNNNNNNNNNNNNNNNNNNNNNNNN
IBV,NNNNNNNNNNNNNNNNNNNNNNNNNNNNNNNNNNNNNNNNNNNNNNNNNNNNNNNNNNNNNNN
IBV,NNNNNNNNNNNNNNNNNNNNNNNNNNNNNNNNNNNNNNNNNNNNNNNNNNNNNNNNNNNNNNN
IBV,NNNNNNNNNNNNNNNNNNNNNNNNNNNNNNNNNNNNNNNNNNNNNNNNNNNNNNNNNNNNNNN
IBV,NNNNNNNNNNNNNNNNNNNNNNNNNNNNNNNNNNNNNNNNNNNNNNNNNNNNNNNNNNNNNNN
IBV,NNNNNNNNNNNNNNNNNNNNNNNNNNNNNNNNNNNNNNNNNNNNNNNNNNNNNNNNNNNNNNN
IBV,NNNNNNNNNNNNNNNNNNNNNNNNNNNNNNNNNNNNNNNNNNNNNNNNNNNNNNNNNNNNNN
IBV,NNNNNNNNNNNNNNNNNNNNNNNNNNNNNNNNNNNNNNNNNNNNNNNNNNNNNNNNNNNNNN
IBV,NNNNNNNNNNNNNNNNNNNNNNNNNNNNNNNNNNNNNNNNNNNNNNNNNNNNNNNNNNNNNN
IBV,NNNNNNNNNNNNNNNNNNNNNNNNNNNNNNNNNNNNNNNNNNNNNNNNNNNNNNNNNNNNNN
IBV,NNNNNNNNNNNNNNNNNNNNNNNNNNNNNNNNNNNNNNNNNNNNNNNNNNNNNNNNNNNNNN
IBV,NNNNNNNNNNNNNNNNNNNNNNNNNNNNNNNNNNNNNNNNNNNNNNNNNNNNNNNNNNNNNN
IBV,NNNNNNNNNNNNNNNNNNNNNNNNNNNNNNNNNNNNNNNNNNNNNNNNNNNNNNNNNNNNN
IBV,NNNNNNNNNNNNNNNNNNNNNNNNNNNNNNNNNNNNNNNNNNNNNNNNNNNNNNNNNNNNN
IBV,NNNNNNNNNNNNNNNNNNNNNNNNNNNNNNNNNNNNNNNNNNNNNNNNNNNNNNNNNNNNN
IBV,NNNNNNNNNNNNNNNNNNNNNNNNNNNNNNNNNNNNNNNNNNNNNNNNNNNNNNNNNNNNN
IBV,NNNNNNNNNNNNNNNNNNNNNNNNNNNNNNNNNNNNNNNNNNNNNNNNNNNNNNNNNNNNN
IBV,NNNNNNNNNNNNNNNNNNNNNNNNNNNNNNNNNNNNNNNNNNNNNNNNNNNNNNNNNNNNN
IBV,NNNNNNNNNNNNNNNNNNNNNNNNNNNNNNNNNNNNNNNNNNNNNNNNNNNNNNNNNNNN
IBV,NNNNNNNNNNNNNNNNNNNNNNNNNNNNNNNNNNNNNNNNNNNNNNNNNNNNNNNNNNNN
IBV,NNNNNNNNNNNNNNNNNNNNNNNNNNNNNNNNNNNNNNNNNNNNNNNNNNNNNNNNNNNN
IBV,NNNNNNNNNNNNNNNNNNNNNNNNNNNNNNNNNNNNNNNNNNNNNNNNNNNNNNNNNNNN
IBV,NNNNNNNNNNNNNNNNNNNNNNNNNNNNNNNNNNNNNNNNNNNNNNNNNNNNNNNNNNNN
IBV,NNNNNNNNNNNNNNNNNNNNNNNNNNNNNNNNNNNNNNNNNNNNNNNNNNNNNNNNNNNN
IBV,NNNNNNNNNNNNNNNNNNNNNNNNNNNNNNNNNNNNNNNNNNNNNNNNNNNNNNNNNNN
IBV,NNNNNNNNNNNNNNNNNNNNNNNNNNNNNNNNNNNNNNNNNNNNNNNNNNNNNNNNNNN
IBV,NNNNNNNNNNNNNNNNNNNNNNNNNNNNNNNNNNNNNNNNNNNNNNNNNNNNNNNNNNN
IBV,NNNNNNNNNNNNNNNNNNNNNNNNNNNNNNNNNNNNNNNNNNNNNNNNNNNNNNNNNNN
IBV,NNNNNNNNNNNNNNNNNNNNNNNNNNNNNNNNNNNNNNNNNNNNNNNNNNNNNNNNNNN
IBV,NNNNNNNNNNNNNNNNNNNNNNNNNNNNNNNNNNNNNNNNNNNNNNNNNNNNNNNNNNN
IBV,NNNNNNNNNNNNNNNNNNNNNNNNNNNNNNNNNNNNNNNNNNNNNNNNNNNNNNNNNN
IBV,NNNNNNNNNNNNNNNNNNNNNNNNNNNNNNNNNNNNNNNNNNNNNNNNNNNNNNNNNN
IBV,NNNNNNNNNNNNNNNNNNNNNNNNNNNNNNNNNNNNNNNNNNNNNNNNNNNNNNNNNN
IBV,NNNNNNNNNNNNNNNNNNNNNNNNNNNNNNNNNNNNNNNNNNNNNNNNNNNNNNNNNN
IBV,NNNNNNNNNNNNNNNNNNNNNNNNNNNNNNNNNNNNNNNNNNNNNNNNNNNNNNNNNN
IBV,NNNNNNNNNNNNNNNNNNNNNNNNNNNNNNNNNNNNNNNNNNNNNNNNNNNNNNNNNN
IBV,NNNNNNNNNNNNNNNNNNNNNNNNNNNNNNNNNNNNNNNNNNNNNNNNNNNNNNNNN
IBV,NNNNNNNNNNNNNNNNNNNNNNNNNNNNNNNNNNNNNNNNNNNNNNNNNNNNNNNNN
IBV,NNNNNNNNNNNNNNNNNNNNNNNNNNNNNNNNNNNNNNNNNNNNNNNNNNNNNNNNN
IBV,NNNNNNNNNNNNNNNNNNNNNNNNNNNNNNNNNNNNNNNNNNNNNNNNNNNNNNNNN
IBV,NNNNNNNNNNNNNNNNNNNNNNNNNNNNNNNNNNNNNNNNNNNNNNNNNNNNNNNNN
IBV,NNNNNNNNNNNNNNNNNNNNNNNNNNNNNNNNNNNNNNNNNNNNNNNNNNNNNNNNN
IBV,NNNNNNNNNNNNNNNNNNNNNNNNNNNNNNNNNNNNNNNNNNNNNNNNNNNNNNNN
IBV,NNNNNNNNNNNNNNNNNNNNNNNNNNNNNNNNNNNNNNNNNNNNNNNNNNNNNNNN
IBV,NNNNNNNNNNNNNNNNNNNNNNNNNNNNNNNNNNNNNNNNNNNNNNNNNNNNNNNN
IBV,NNNNNNNNNNNNNNNNNNNNNNNNNNNNNNNNNNNNNNNNNNNNNNNNNNNNNNNN
IBV,NNNNNNNNNNNNNNNNNNNNNNNNNNNNNNNNNNNNNNNNNNNNNNNNNNNNNNNN
IBV,NNNNNNNNNNNNNNNNNNNNNNNNNNNNNNNNNNNNNNNNNNNNNNNNNNNNNNNN
IBV,NNNNNNNNNNNNNNNNNNNNNNNNNNNNNNNNNNNNNNNNNNNNNNNNNNNNNNN
IBV,NNNNNNNNNNNNNNNNNNNNNNNNNNNNNNNNNNNNNNNNNNNNNNNNNNNNNNN
IBV,NNNNNNNNNNNNNNNNNNNNNNNNNNNNNNNNNNNNNNNNNNNNNNNNNNNNNNN
IBV,NNNNNNNNNNNNNNNNNNNNNNNNNNNNNNNNNNNNNNNNNNNNNNNNNNNNNNN
IBV,NNNNNNNNNNNNNNNNNNNNNNNNNNNNNNNNNNNNNNNNNNNNNNNNNNNNNNN
IBV,NNNNNNNNNNNNNNNNNNNNNNNNNNNNNNNNNNNNNNNNNNNNNNNNNNNNNNN
IBV,NNNNNNNNNNNNNNNNNNNNNNNNNNNNNNNNNNNNNNNNNNNNNNNNNNNNNN
IBV,NNNNNNNNNNNNNNNNNNNNNNNNNNNNNNNNNNNNNNNNNNNNNNNNNNNNNN
IBV,NNNNNNNNNNNNNNNNNNNNNNNNNNNNNNNNNNNNNNNNNNNNNNNNNNNNNN
IBV,NNNNNNNNNNNNNNNNNNNNNNNNNNNNNNNNNNNNNNNNNNNNNNNNNNNNNN
IBV,NNNNNNNNNNNNNNNNNNNNNNNNNNNNNNNNNNNNNNNNNNNNNNNNNNNNNN
IBV,NNNNNNNNNNNNNNNNNNNNNNNNNNNNNNNNNNNNNNNNNNNNNNNNNNNNNN
IBV,NNNNNNNNNNNNNNNNNNNNNNNNNNNNNNNNNNNNNNNNNNNNNNNNNNNNN
IBV,NNNNNNNNNNNNNNNNNNNNNNNNNNNNNNNNNNNNNNNNNNNNNNNNNNNNN
IBV,NNNNNNNNNNNNNNNNNNNNNNNNNNNNNNNNNNNNNNNNNNNNNNNNNNNNN
IBV,NNNNNNNNNNNNNNNNNNNNNNNNNNNNNNNNNNNNNNNNNNNNNNNNNNNNN
IBV,NNNNNNNNNNNNNNNNNNNNNNNNNNNNNNNNNNNNNNNNNNNNNNNNNNNNN
IBV,NNNNNNNNNNNNNNNNNNNNNNNNNNNNNNNNNNNNNNNNNNNNNNNNNNNNN
IBV,NNNNNNNNNNNNNNNNNNNNNNNNNNNNNNNNNNNNNNNNNNNNNNNNNNNN
IBV,NNNNNNNNNNNNNNNNNNNNNNNNNNNNNNNNNNNNNNNNNNNNNNNNNNNN
IBV,NNNNNNNNNNNNNNNNNNNNNNNNNNNNNNNNNNNNNNNNNNNNNNNNNNNN
IBV,NNNNNNNNNNNNNNNNNNNNNNNNNNNNNNNNNNNNNNNNNNNNNNNNNNNN
IBV,NNNNNNNNNNNNNNNNNNNNNNNNNNNNNNNNNNNNNNNNNNNNNNNNNNNN
IBV,NNNNNNNNNNNNNNNNNNNNNNNNNNNNNNNNNNNNNNNNNNNNNNNNNNNN
IBV,NNNNNNNNNNNNNNNNNNNNNNNNNNNNNNNNNNNNNNNNNNNNNNNNNNN
IBV,NNNNNNNNNNNNNNNNNNNNNNNNNNNNNNNNNNNNNNNNNNNNNNNNNNN
IBV,NNNNNNNNNNNNNNNNNNNNNNNNNNNNNNNNNNNNNNNNNNNNNNNNNNN
IBV,NNNNNNNNNNNNNNNNNNNNNNNNNNNNNNNNNNNNNNNNNNNNNNNNNNN
IBV,NNNNNNNNNNNNNNNNNNNNNNNNNNNNNNNNNNNNNNNNNNNNNNNNNNN
IBV,NNNNNNNNNNNNNNNNNNNNNNNNNNNNNNNNNNNNNNNNNNNNNNNNNNN
IBV,NNNNNNNNNNNNNNNNNNNNNNNNNNNNNNNNNNNNNNNNNNNNNNNNNN
IBV,NNNNNNNNNNNNNNNNNNNNNNNNNNNNNNNNNNNNNNNNNNNNNNNNNN
IBV,NNNNNNNNNNNNNNNNNNNNNNNNNNNNNNNNNNNNNNNNNNNNNNNNNN
IBV,NNNNNNNNNNNNNNNNNNNNNNNNNNNNNNNNNNNNNNNNNNNNNNNNNN
IBV,NNNNNNNNNNNNNNNNNNNNNNNNNNNNNNNNNNNNNNNNNNNNNNNNNN
IBV,NNNNNNNNNNNNNNNNNNNNNNNNNNNNNNNNNNNNNNNNNNNNNNNNNN
IBV,NNNNNNNNNNNNNNNNNNNNNNNNNNNNNNNNNNNNNNNNNNNNNNNNN
IBV,NNNNNNNNNNNNNNNNNNNNNNNNNNNNNNNNNNNNNNNNNNNNNNNNN
IBV,NNNNNNNNNNNNNNNNNNNNNNNNNNNNNNNNNNNNNNNNNNNNNNNNN
IBV,NNNNNNNNNNNNNNNNNNNNNNNNNNNNNNNNNNNNNNNNNNNNNNNNN
IBV,NNNNNNNNNNNNNNNNNNNNNNNNNNNNNNNNNNNNNNNNNNNNNNNNN
IBV,NNNNNNNNNNNNNNNNNNNNNNNNNNNNNNNNNNNNNNNNNNNNNNNNN
IBV,NNNNNNNNNNNNNNNNNNNNNNNNNNNNNNNNNNNNNNNNNNNNNNNN
IBV,NNNNNNNNNNNNNNNNNNNNNNNNNNNNNNNNNNNNNNNNNNNNNNNN
IBV,NNNNNNNNNNNNNNNNNNNNNNNNNNNNNNNNNNNNNNNNNNNNNNNN
IBV,NNNNNNNNNNNNNNNNNNNNNNNNNNNNNNNNNNNNNNNNNNNNNNNN
IBV,NNNNNNNNNNNNNNNNNNNNNNNNNNNNNNNNNNNNNNNNNNNNNNNN
IBV,NNNNNNNNNNNNNNNNNNNNNNNNNNNNNNNNNNNNNNNNNNNNNNNN
IBV,NNNNNNNNNNNNNNNNNNNNNNNNNNNNNNNNNNNNNNNNNNNNNNN
IBV,NNNNNNNNNNNNNNNNNNNNNNNNNNNNNNNNNNNNNNNNNNNNNNN
IBV,NNNNNNNNNNNNNNNNNNNNNNNNNNNNNNNNNNNNNNNNNNNNNNN
IBV,NNNNNNNNNNNNNNNNNNNNNNNNNNNNNNNNNNNNNNNNNNNNNNN
IBV,NNNNNNNNNNNNNNNNNNNNNNNNNNNNNNNNNNNNNNNNNNNNNNN
IBV,NNNNNNNNNNNNNNNNNNNNNNNNNNNNNNNNNNNNNNNNNNNNNNN
IBV,NNNNNNNNNNNNNNNNNNNNNNNNNNNNNNNNNNNNNNNNNNNNNN
IBV,NNNNNNNNNNNNNNNNNNNNNNNNNNNNNNNNNNNNNNNNNNNNNN
IBV,NNNNNNNNNNNNNNNNNNNNNNNNNNNNNNNNNNNNNNNNNNNNNN
IBV,NNNNNNNNNNNNNNNNNNNNNNNNNNNNNNNNNNNNNNNNNNNNNN
IBV,NNNNNNNNNNNNNNNNNNNNNNNNNNNNNNNNNNNNNNNNNNNNNN
IBV,NNNNNNNNNNNNNNNNNNNNNNNNNNNNNNNNNNNNNNNNNNNNNN
IBV,NNNNNNNNNNNNNNNNNNNNNNNNNNNNNNNNNNNNNNNNNNNNN
IBV,NNNNNNNNNNNNNNNNNNNNNNNNNNNNNNNNNNNNNNNNNNNNN
IBV,NNNNNNNNNNNNNNNNNNNNNNNNNNNNNNNNNNNNNNNNNNNNN
IBV,NNNNNNNNNNNNNNNNNNNNNNNNNNNNNNNNNNNNNNNNNNNNN
IBV,NNNNNNNNNNNNNNNNNNNNNNNNNNNNNNNNNNNNNNNNNNNNN
IBV,NNNNNNNNNNNNNNNNNNNNNNNNNNNNNNNNNNNNNNNNNNNNN
IBV,NNNNNNNNNNNNNNNNNNNNNNNNNNNNNNNNNNNNNNNNNNNN
IBV,NNNNNNNNNNNNNNNNNNNNNNNNNNNNNNNNNNNNNNNNNNNN
IBV,NNNNNNNNNNNNNNNNNNNNNNNNNNNNNNNNNNNNNNNNNNNN
IBV,NNNNNNNNNNNNNNNNNNNNNNNNNNNNNNNNNNNNNNNNNNNN
IBV,NNNNNNNNNNNNNNNNNNNNNNNNNNNNNNNNNNNNNNNNNNNN
IBV,NNNNNNNNNNNNNNNNNNNNNNNNNNNNNNNNNNNNNNNNNNNN
IBV,NNNNNNNNNNNNNNNNNNNNNNNNNNNNNNNNNNNNNNNNNNN
IBV,NNNNNNNNNNNNNNNNNNNNNNNNNNNNNNNNNNNNNNNNNNN
IBV,NNNNNNNNNNNNNNNNNNNNNNNNNNNNNNNNNNNNNNNNNNN
IBV,NNNNNNNNNNNNNNNNNNNNNNNNNNNNNNNNNNNNNNNNNNN
IBV,NNNNNNNNNNNNNNNNNNNNNNNNNNNNNNNNNNNNNNNNNNN
IBV,NNNNNNNNNNNNNNNNNNNNNNNNNNNNNNNNNNNNNNNNNNN
IBV,NNNNNNNNNNNNNNNNNNNNNNNNNNNNNNNNNNNNNNNNNN
IBV,NNNNNNNNNNNNNNNNNNNNNNNNNNNNNNNNNNNNNNNNNN
IBV,NNNNNNNNNNNNNNNNNNNNNNNNNNNNNNNNNNNNNNNNNN
IBV,NNNNNNNNNNNNNNNNNNNNNNNNNNNNNNNNNNNNNNNNNN
IBV,NNNNNNNNNNNNNNNNNNNNNNNNNNNNNNNNNNNNNNNNNN
IBV,NNNNNNNNNNNNNNNNNNNNNNNNNNNNNNNNNNNNNNNNNN
IBV,NNNNNNNNNNNNNNNNNNNNNNNNNNNNNNNNNNNNNNNNN
IBV,NNNNNNNNNNNNNNNNNNNNNNNNNNNNNNNNNNNNNNNNN
IBV,NNNNNNNNNNNNNNNNNNNNNNNNNNNNNNNNNNNNNNNNN
IBV,NNNNNNNNNNNNNNNNNNNNNNNNNNNNNNNNNNNNNNNNN
IBV,NNNNNNNNNNNNNNNNNNNNNNNNNNNNNNNNNNNNNNNNN
IBV,NNNNNNNNNNNNNNNNNNNNNNNNNNNNNNNNNNNNNNNNN
IBV,NNNNNNNNNNNNNNNNNNNNNNNNNNNNNNNNNNNNNNNN
IBV,NNNNNNNNNNNNNNNNNNNNNNNNNNNNNNNNNNNNNNNN
IBV,NNNNNNNNNNNNNNNNNNNNNNNNNNNNNNNNNNNNNNNN
IBV,NNNNNNNNNNNNNNNNNNNNNNNNNNNNNNNNNNNNNNNN
IBV,NNNNNNNNNNNNNNNNNNNNNNNNNNNNNNNNNNNNNNNN
IBV,NNNNNNNNNNNNNNNNNNNNNNNNNNNNNNNNNNNNNNNN
IBV,NNNNNNNNNNNNNNNNNNNNNNNNNNNNNNNNNNNNNNN
IBV,NNNNNNNNNNNNNNNNNNNNNNNNNNNNNNNNNNNNNNN
IBV,NNNNNNNNNNNNNNNNNNNNNNNNNNNNNNNNNNNNNNN
IBV,NNNNNNNNNNNNNNNNNNNNNNNNNNNNNNNNNNNNNNN
IBV,NNNNNNNNNNNNNNNNNNNNNNNNNNNNNNNNNNNNNNN
IBV,NNNNNNNNNNNNNNNNNNNNNNNNNNNNNNNNNNNNNNN
IBV,NNNNNNNNNNNNNNNNNNNNNNNNNNNNNNNNNNNNNNN
IBV,NNNNNNNNNNNNNNNNNNNNNNNNNNNNNNNNNNNNNNN
IBV,NNNNNNNNNNNNNNNNNNNNNNNNNNNNNNNNNNNNNNN
IBV,NNNNNNNNNNNNNNNNNNNNNNNNNNNNNNNNNNNNNNN
IBV,NNNNNNNNNNNNNNNNNNNNNNNNNNNNNNNNNNNNNNN
IBV,NNNNNNNNNNNNNNNNNNNNNNNNNNNNNNNNNNNNNNN
IBV,NNNNNNNNNNNNNNNNNNNNNNNNNNNNNNNNNNNNNNN
IBV,NNNNNNNNNNNNNNNNNNNNNNNNNNNNNNNNNNNNNNN
IBV,NNNNNNNNNNNNNNNNNNNNNNNNNNNNNNNNNNNNNNN
IBV,NNNNNNNNNNNNNNNNNNNNNNNNNNNNNNNNNNNNNNN
IBV,NNNNNNNNNNNNNNNNNNNNNNNNNNNNNNNNNNNNNNN
IBV,NNNNNNNNNNNNNNNNNNNNNNNNNNNNNNNNNNNNNNN
IBV,NNNNNNNNNNNNNNNNNNNNNNNNNNNNNNNNNNNNNNN
IBV,NNNNNNNNNNNNNNNNNNNNNNNNNNNNNNNNNNNNNNN
IBV,NNNNNNNNNNNNNNNNNNNNNNNNNNNNNNNNNNNNNNN
IBV,NNNNNNNNNNNNNNNNNNNNNNNNNNNNNNNNNNNNNNN
IBV,NNNNNNNNNNNNNNNNNNNNNNNNNNNNNNNNNNNNNNN
IBV,NNNNNNNNNNNNNNNNNNNNNNNNNNNNNNNNNNNNNNN
IBV,NNNNNNNNNNNNNNNNNNNNNNNNNNNNNNNNNNNNNNN
IBV,NNNNNNNNNNNNNNNNNNNNNNNNNNNNNNNNNNNNNNN
IBV,NNNNNNNNNNNNNNNNNNNNNNNNNNNNNNNNNNNNNNN
IBV,NNNNNNNNNNNNNNNNNNNNNNNNNNNNNNNNNNNNNNN
IBV,NNNNNNNNNNNNNNNNNNNNNNNNNNNNNNNNNNNNNNN
IBV,NNNNNNNNNNNNNNNNNNNNNNNNNNNNNNNNNNNNNNN
IBV,NNNNNNNNNNNNNNNNNNNNNNNNNNNNNNNNNNNNNNN
IBV,NNNNNNNNNNNNNNNNNNNNNNNNNNNNNNNNNNNNNNN
IBV,NNNNNNNNNNNNNNNNNNNNNNNNNNNNNNNNNNNNNNN
IBV,NNNNNNNNNNNNNNNNNNNNNNNNNNNNNNNNNNNNNNN
IBV,NNNNNNNNNNNNNNNNNNNNNNNNNNNNNNNNNNNNNNN
IBV,NNNNNNNNNNNNNNNNNNNNNNNNNNNNNNNNNNNNNNN
IBV,NNNNNNNNNNNNNNNNNNNNNNNNNNNNNNNNNNNNNNN
IBV,NNNNNNNNNNNNNNNNNNNNNNNNNNNNNNNNNNNNNNN
IBV,NNNNNNNNNNNNNNNNNNNNNNNNNNNNNNNNNNNNNNN
IBV,NNNNNNNNNNNNNNNNNNNNNNNNNNNNNNNNNNNNNNN
IBV,NNNNNNNNNNNNNNNNNNNNNNNNNNNNNNNNNNNNNNN
IBV,NNNNNNNNNNNNNNNNNNNNNNNNNNNNNNNNNNNNNNN
IBV,NNNNNNNNNNNNNNNNNNNNNNNNNNNNNNNNNNNNNNN
IBV,NNNNNNNNNNNNNNNNNNNNNNNNNNNNNNNNNNNNNNN
IBV,NNNNNNNNNNNNNNNNNNNNNNNNNNNNNNNNNNNNNNN
IBV,NNNNNNNNNNNNNNNNNNNNNNNNNNNNNNNNNNNNNNN
IBV,NNNNNNNNNNNNNNNNNNNNNNNNNNNNNNNNNNNNNNN
IBV,NNNNNNNNNNNNNNNNNNNNNNNNNNNNNNNNNNNNNNN
IBV,NNNNNNNNNNNNNNNNNNNNNNNNNNNNNNNNNNNNNNN
IBV,NNNNNNNNNNNNNNNNNNNNNNNNNNNNNNNNNNNNNNN
IBV,NNNNNNNNNNNNNNNNNNNNNNNNNNNNNNNNNNNNNNN
IBV,NNNNNNNNNNNNNNNNNNNNNNNNNNNNNNNNNNNNNNN
IBV,NNNNNNNNNNNNNNNNNNNNNNNNNNNNNNNNNNNNNNN
IBV,NNNNNNNNNNNNNNNNNNNNNNNNNNNNNNNNNNNNNNN
IBV,NNNNNNNNNNNNNNNNNNNNNNNNNNNNNNNNNNNNNNN
IBV,NNNNNNNNNNNNNNNNNNNNNNNNNNNNNNNNNNNNNNN
IBV,NNNNNNNNNNNNNNNNNNNNNNNNNNNNNNNNNNNNNNN
IBV,NNNNNNNNNNNNNNNNNNNNNNNNNNNNNNNNNNNNNNN
IBV,NNNNNNNNNNNNNNNNNNNNNNNNNNNNNNNNNNNNNNN
IBV,NNNNNNNNNNNNNNNNNNNNNNNNNNNNNNNNNNNNNNN
IBV,NNNNNNNNNNNNNNNNNNNNNNNNNNNNNNNNNNNNNNN
IBV,NNNNNNNNNNNNNNNNNNNNNNNNNNNNNNNNNNNNNNN
IBV,NNNNNNNNNNNNNNNNNNNNNNNNNNNNNNNNNNNNNNN
IBV,NNNNNNNNNNNNNNNNNNNNNNNNNNNNNNNNNNNNNNN
IBV,NNNNNNNNNNNNNNNNNNNNNNNNNNNNNNNNNNNNNNN
IBV,NNNNNNNNNNNNNNNNNNNNNNNNNNNNNNNNNNNNNNN
IBV,NNNNNNNNNNNNNNNNNNNNNNNNNNNNNNNNNNNNNNN
IBV,NNNNNNNNNNNNNNNNNNNNNNNNNNNNNNNNNNNNNNN
IBV,NNNNNNNNNNNNNNNNNNNNNNNNNNNNNNNNNNNNNNN
IBV,NNNNNNNNNNNNNNNNNNNNNNNNNNNNNNNNNNNNNNN
IBV,NNNNNNNNNNNNNNNNNNNNNNNNNNNNNNNNNNNNNNN
IBV,NNNNNNNNNNNNNNNNNNNNNNNNNNNNNNNNNNNNNNN
IBV,NNNNNNNNNNNNNNNNNNNNNNNNNNNNNNNNNNNNNNN
IBV,NNNNNNNNNNNNNNNNNNNNNNNNNNNNNNNNNNNNNNN
IBV,NNNNNNNNNNNNNNNNNNNNNNNNNNNNNNNNNNNNNNN
IBV,NNNNNNNNNNNNNNNNNNNNNNNNNNNNNNNNNNNNNNN
IBV,NNNNNNNNNNNNNNNNNNNNNNNNNNNNNNNNNNNNNNN
IBV,NNNNNNNNNNNNNNNNNNNNNNNNNNNNNNNNNNNNNNN
IBV,NNNNNNNNNNNNNNNNNNNNNNNNNNNNNNNNNNNNNNN
IBV,NNNNNNNNNNNNNNNNNNNNNNNNNNNNNNNNNNNNNNN
IBV,NNNNNNNNNNNNNNNNNNNNNNNNNNNNNNNNNNNNNNN
IBV,NNNNNNNNNNNNNNNNNNNNNNNNNNNNNNNNNNNNNNN
IBV,NNNNNNNNNNNNNNNNNNNNNNNNNNNNNNNNNNNNNNN
IBV,NNNNNNNNNNNNNNNNNNNNNNNNNNNNNNNNNNNNNNN
IBV,NNNNNNNNNNNNNNNNNNNNNNNNNNNNNNNNNNNNNNN
IBV,NNNNNNNNNNNNNNNNNNNNNNNNNNNNNNNNNNNNNNN
IBV,NNNNNNNNNNNNNNNNNNNNNNNNNNNNNNNNNNNNNNN
IBV,NNNNNNNNNNNNNNNNNNNNNNNNNNNNNNNNNNNNNNN
IBV,NNNNNNNNNNNNNNNNNNNNNNNNNNNNNNNNNNNNNNN
IBV,NNNNNNNNNNNNNNNNNNNNNNNNNNNNNNNNNNNNNNN
IBV,NNNNNNNNNNNNNNNNNNNNNNNNNNNNNNNNNNNNNNN
IBV,NNNNNNNNNNNNNNNNNNNNNNNNNNNNNNNNNNNNNNN
IBV,NNNNNNNNNNNNNNNNNNNNNNNNNNNNNNNNNNNNNNN
IBV,NNNNNNNNNNNNNNNNNNNNNNNNNNNNNNNNNNNNNNN
IBV,NNNNNNNNNNNNNNNNNNNNNNNNNNNNNNNNNNNNNNN
IBV,NNNNNNNNNNNNNNNNNNNNNNNNNNNNNNNNNNNNNNN
IBV,NNNNNNNNNNNNNNNNNNNNNNNNNNNNNNNNNNNNNNN
IBV,NNNNNNNNNNNNNNNNNNNNNNNNNNNNNNNNNNNNNNN
IBV,NNNNNNNNNNNNNNNNNNNNNNNNNNNNNNNNNNNNNNN
IBV,NNNNNNNNNNNNNNNNNNNNNNNNNNNNNNNNNNNNNNN
IBV,NNNNNNNNNNNNNNNNNNNNNNNNNNNNNNNNNNNNNNN
IBV,NNNNNNNNNNNNNNNNNNNNNNNNNNNNNNNNNNNNNNN
IBV,NNNNNNNNNNNNNNNNNNNNNNNNNNNNNNNNNNNNNNN
IBV,NNNNNNNNNNNNNNNNNNNNNNNNNNNNNNNNNNNNNNN
IBV,NNNNNNNNNNNNNNNNNNNNNNNNNNNNNNNNNNNNNNN
IBV,NNNNNNNNNNNNNNNNNNNNNNNNNNNNNNNNNNNNNNN
IBV,NNNNNNNNNNNNNNNNNNNNNNNNNNNNNNNNNNNNNNN
IBV,NNNNNNNNNNNNNNNNNNNNNNNNNNNNNNNNNNNNNNN
IBV,NNNNNNNNNNNNNNNNNNNNNNNNNNNNNNNNNNNNNNN
IBV,NNNNNNNNNNNNNNNNNNNNNNNNNNNNNNNNNNNNNNN
IBV,NNNNNNNNNNNNNNNNNNNNNNNNNNNNNNNNNNNNNNN
IBV,NNNNNNNNNNNNNNNNNNNNNNNNNNNNNNNNNNNNNNN
IBV,NNNNNNNNNNNNNNNNNNNNNNNNNNNNNNNNNNNNNNN
IBV,NNNNNNNNNNNNNNNNNNNNNNNNNNNNNNNNNNNNNNN
IBV,NNNNNNNNNNNNNNNNNNNNNNNNNNNNNNNNNNNNNNN
IBV,NNNNNNNNNNNNNNNNNNNNNNNNNNNNNNNNNNNNNNN
IBV,NNNNNNNNNNNNNNNNNNNNNNNNNNNNNNNNNNNNNNN
IBV,NNNNNNNNNNNNNNNNNNNNNNNNNNNNNNNNNNNNNNN
IBV,NNNNNNNNNNNNNNNNNNNNNNNNNNNNNNNNNNNNNNN
IBV,NNNNNNNNNNNNNNNNNNNNNNNNNNNNNNNNNNNNNNN
IBV,NNNNNNNNNNNNNNNNNNNNNNNNNNNNNNNNNNNNNNN
IBV,NNNNNNNNNNNNNNNNNNNNNNNNNNNNNNNNNNNNNNN
IBV,NNNNNNNNNNNNNNNNNNNNNNNNNNNNNNNNNNNNNNN
IBV,NNNNNNNNNNNNNNNNNNNNNNNNNNNNNNNNNNNNNNN
IBV,NNNNNNNNNNNNNNNNNNNNNNNNNNNNNNNNNNNNNNN
IBV,NNNNNNNNNNNNNNNNNNNNNNNNNNNNNNNNNNNNNNN
IBV,NNNNNNNNNNNNNNNNNNNNNNNNNNNNNNNNNNNNNNN
IBV,NNNNNNNNNNNNNNNNNNNNNNNNNNNNNNNNNNNNNNN
IBV,NNNNNNNNNNNNNNNNNNNNNNNNNNNNNNNNNNNNNNN
IBV,NNNNNNNNNNNNNNNNNNNNNNNNNNNNNNNNNNNNNNN
IBV,NNNNNNNNNNNNNNNNNNNNNNNNNNNNNNNNNNNNNNN
IBV,NNNNNNNNNNNNNNNNNNNNNNNNNNNNNNNNNNNNNNN
IBV,NNNNNNNNNNNNNNNNNNNNNNNNNNNNNNNNNNNNNNN
IBV,NNNNNNNNNNNNNNNNNNNNNNNNNNNNNNNNNNNNNNN
IBV,NNNNNNNNNNNNNNNNNNNNNNNNNNNNNNNNNNNNNNN
IBV,NNNNNNNNNNNNNNNNNNNNNNNNNNNNNNNNNNNNNNN
IBV,NNNNNNNNNNNNNNNNNNNNNNNNNNNNNNNNNNNNNNN
IBV,NNNNNNNNNNNNNNNNNNNNNNNNNNNNNNNNNNNNNNN
IBV,NNNNNNNNNNNNNNNNNNNNNNNNNNNNNNNNNNNNNNN
IBV,NNNNNNNNNNNNNNNNNNNNNNNNNNNNNNNNNNNNNNN
IBV,NNNNNNNNNNNNNNNNNNNNNNNNNNNNNNNNNNNNNNN
IBV,NNNNNNNNNNNNNNNNNNNNNNNNNNNNNNNNNNNNNNN
IBV,NNNNNNNNNNNNNNNNNNNNNNNNNNNNNNNNNNNNNNN
IBV,NNNNNNNNNNNNNNNNNNNNNNNNNNNNNNNNNNNNNNN
IBV,NNNNNNNNNNNNNNNNNNNNNNNNNNNNNNNNNNNNNNN
IBV,NNNNNNNNNNNNNNNNNNNNNNNNNNNNNNNNNNNNNNN
IBV,NNNNNNNNNNNNNNNNNNNNNNNNNNNNNNNNNNNNNNN
IBV,NNNNNNNNNNNNNNNNNNNNNNNNNNNNNNNNNNNNNNN
IBV,NNNNNNNNNNNNNNNNNNNNNNNNNNNNNNNNNNNNNNN
IBV,NNNNNNNNNNNNNNNNNNNNNNNNNNNNNNNNNNNNNNN
IBV,NNNNNNNNNNNNNNNNNNNNNNNNNNNNNNNNNNNNNNN
IBV,NNNNNNNNNNNNNNNNNNNNNNNNNNNNNNNNNNNNNNN
IBV,NNNNNNNNNNNNNNNNNNNNNNNNNNNNNNNNNNNNNNN
IBV,NNNNNNNNNNNNNNNNNNNNNNNNNNNNNNNNNNNNNNN
IBV,NNNNNNNNNNNNNNNNNNNNNNNNNNNNNNNNNNNNNNN
IBV,NNNNNNNNNNNNNNNNNNNNNNNNNNNNNNNNNNNNNNN
IBV,NNNNNNNNNNNNNNNNNNNNNNNNNNNNNNNNNNNNNNN
IBV,NNNNNNNNNNNNNNNNNNNNNNNNNNNNNNNNNNNNNNN
IBV,NNNNNNNNNNNNNNNNNNNNNNNNNNNNNNNNNNNNNNN
IBV,NNNNNNNNNNNNNNNNNNNNNNNNNNNNNNNNNNNNNNN
IBV,NNNNNNNNNNNNNNNNNNNNNNNNNNNNNNNNNNNNNNN
IBV,NNNNNNNNNNNNNNNNNNNNNNNNNNNNNNNNNNNNNNN
IBV,NNNNNNNNNNNNNNNNNNNNNNNNNNNNNNNNNNNNNNN
IBV,NNNNNNNNNNNNNNNNNNNNNNNNNNNNNNNNNNNNNNN
IBV,NNNNNNNNNNNNNNNNNNNNNNNNNNNNNNNNNNNNNNN
IBV,NNNNNNNNNNNNNNNNNNNNNNNNNNNNNNNNNNNNNNN
IBV,NNNNNNNNNNNNNNNNNNNNNNNNNNNNNNNNNNNNNNN
IBV,NNNNNNNNNNNNNNNNNNNNNNNNNNNNNNNNNNNNNNN
IBV,NNNNNNNNNNNNNNNNNNNNNNNNNNNNNNNNNNNNNNN
IBV,NNNNNNNNNNNNNNNNNNNNNNNNNNNNNNNNNNNNNNN
IBV,NNNNNNNNNNNNNNNNNNNNNNNNNNNNNNNNNNNNNNN
IBV,NNNNNNNNNNNNNNNNNNNNNNNNNNNNNNNNNNNNNNN
IBV,NNNNNNNNNNNNNNNNNNNNNNNNNNNNNNNNNNNNNNN
IBV,NNNNNNNNNNNNNNNNNNNNNNNNNNNNNNNNNNNNNNN
IBV,NNNNNNNNNNNNNNNNNNNNNNNNNNNNNNNNNNNNNNN
IBV,NNNNNNNNNNNNNNNNNNNNNNNNNNNNNNNNNNNNNNN
IBV,NNNNNNNNNNNNNNNNNNNNNNNNNNNNNNNNNNNNNNN
IBV,NNNNNNNNNNNNNNNNNNNNNNNNNNNNNNNNNNNNNNN
IBV,NNNNNNNNNNNNNNNNNNNNNNNNNNNNNNNNNNNNNNN
IBV,NNNNNNNNNNNNNNNNNNNNNNNNNNNNNNNNNNNNNNN
IBV,NNNNNNNNNNNNNNNNNNNNNNNNNNNNNNNNNNNNNNN
IBV,NNNNNNNNNNNNNNNNNNNNNNNNNNNNNNNNNNNNNNN
IBV,NNNNNNNNNNNNNNNNNNNNNNNNNNNNNNNNNNNNNNN
IBV,NNNNNNNNNNNNNNNNNNNNNNNNNNNNNNNNNNNNNNN
IBV,NNNNNNNNNNNNNNNNNNNNNNNNNNNNNNNNNNNNNNN
IBV,NNNNNNNNNNNNNNNNNNNNNNNNNNNNNNNNNNNNNNN
IBV,NNNNNNNNNNNNNNNNNNNNNNNNNNNNNNNNNNNNNNN
IBV,NNNNNNNNNNNNNNNNNNNNNNNNNNNNNNNNNNNNNNN
IBV,NNNNNNNNNNNNNNNNNNNNNNNNNNNNNNNNNNNNNNN
IBV,NNNNNNNNNNNNNNNNNNNNNNNNNNNNNNNNNNNNNNN
IBV,NNNNNNNNNNNNNNNNNNNNNNNNNNNNNNNNNNNNNNN
IBV,NNNNNNNNNNNNNNNNNNNNNNNNNNNNNNNNNNNNNNN
IBV,NNNNNNNNNNNNNNNNNNNNNNNNNNNNNNNNNNNNNNN
IBV,NNNNNNNNNNNNNNNNNNNNNNNNNNNNNNNNNNNNNNN
IBV,NNNNNNNNNNNNNNNNNNNNNNNNNNNNNNNNNNNNNNN
IBV,NNNNNNNNNNNNNNNNNNNNNNNNNNNNNNNNNNNNNNN
IBV,NNNNNNNNNNNNNNNNNNNNNNNNNNNNNNNNNNNNNNN
IBV,NNNNNNNNNNNNNNNNNNNNNNNNNNNNNNNNNNNNNNN
IBV,NNNNNNNNNNNNNNNNNNNNNNNNNNNNNNNNNNNNNNN
IBV,NNNNNNNNNNNNNNNNNNNNNNNNNNNNNNNNNNNNNNN
IBV,NNNNNNNNNNNNNNNNNNNNNNNNNNNNNNNNNNNNNNN
IBV,NNNNNNNNNNNNNNNNNNNNNNNNNNNNNNNNNNNNNNN
IBV,NNNNNNNNNNNNNNNNNNNNNNNNNNNNNNNNNNNNNNN
IBV,NNNNNNNNNNNNNNNNNNNNNNNNNNNNNNNNNNNNNNN
IBV,NNNNNNNNNNNNNNNNNNNNNNNNNNNNNNNNNNNNNNN
IBV,NNNNNNNNNNNNNNNNNNNNNNNNNNNNNNNNNNNNNNN
IBV,NNNNNNNNNNNNNNNNNNNNNNNNNNNNNNNNNNNNNNN
IBV,NNNNNNNNNNNNNNNNNNNNNNNNNNNNNNNNNNNNNNN
IBV,NNNNNNNNNNNNNNNNNNNNNNNNNNNNNNNNNNNNNNN
IBV,NNNNNNNNNNNNNNNNNNNNNNNNNNNNNNNNNNNNNNN
IBV,NNNNNNNNNNNNNNNNNNNNNNNNNNNNNNNNNNNNNNN
IBV,NNNNNNNNNNNNNNNNNNNNNNNNNNNNNNNNNNNNNNN
IBV,NNNNNNNNNNNNNNNNNNNNNNNNNNNNNNNNNNNNNNN
IBV,NNNNNNNNNNNNNNNNNNNNNNNNNNNNNNNNNNNNNNN
IBV,NNNNNNNNNNNNNNNNNNNNNNNNNNNNNNNNNNNNNNN
IBV,NNNNNNNNNNNNNNNNNNNNNNNNNNNNNNNNNNNNNNN
IBV,NNNNNNNNNNNNNNNNNNNNNNNNNNNNNNNNNNNNNNN
IBV,NNNNNNNNNNNNNNNNNNNNNNNNNNNNNNNNNNNNNNN
IBV,NNNNNNNNNNNNNNNNNNNNNNNNNNNNNNNNNNNNNNN
IBV,NNNNNNNNNNNNNNNNNNNNNNNNNNNNNNNNNNNNNNN
IBV,NNNNNNNNNNNNNNNNNNNNNNNNNNNNNNNNNNNNNNN
IBV,NNNNNNNNNNNNNNNNNNNNNNNNNNNNNNNNNNNNNNN
IBV,NNNNNNNNNNNNNNNNNNNNNNNNNNNNNNNNNNNNNNN
IBV,NNNNNNNNNNNNNNNNNNNNNNNNNNNNNNNNNNNNNNN
IBV,NNNNNNNNNNNNNNNNNNNNNNNNNNNNNNNNNNNNNNN
IBV,NNNNNNNNNNNNNNNNNNNNNNNNNNNNNNNNNNNNNNN
IBV,NNNNNNNNNNNNNNNNNNNNNNNNNNNNNNNNNNNNNNN
IBV,NNNNNNNNNNNNNNNNNNNNNNNNNNNNNNNNNNNNNNN
IBV,NNNNNNNNNNNNNNNNNNNNNNNNNNNNNNNNNNNNNNN
IBV,NNNNNNNNNNNNNNNNNNNNNNNNNNNNNNNNNNNNNNN
IBV,NNNNNNNNNNNNNNNNNNNNNNNNNNNNNNNNNNNNNNN
IBV,NNNNNNNNNNNNNNNNNNNNNNNNNNNNNNNNNNNNNNN
IBV,NNNNNNNNNNNNNNNNNNNNNNNNNNNNNNNNNNNNNNN
IBV,NNNNNNNNNNNNNNNNNNNNNNNNNNNNNNNNNNNNNNN
IBV,NNNNNNNNNNNNNNNNNNNNNNNNNNNNNNNNNNNNNNN
IBV,NNNNNNNNNNNNNNNNNNNNNNNNNNNNNNNNNNNNNNN
IBV,NNNNNNNNNNNNNNNNNNNNNNNNNNNNNNNNNNNNNNN
IBV,NNNNNNNNNNNNNNNNNNNNNNNNNNNNNNNNNNNNNNN
IBV,NNNNNNNNNNNNNNNNNNNNNNNNNNNNNNNNNNNNNNN
IBV,NNNNNNNNNNNNNNNNNNNNNNNNNNNNNNNNNNNNNNN
IBV,NNNNNNNNNNNNNNNNNNNNNNNNNNNNNNNNNNNNNNN
IBV,NNNNNNNNNNNNNNNNNNNNNNNNNNNNNNNNNNNNNNN
IBV,NNNNNNNNNNNNNNNNNNNNNNNNNNNNNNNNNNNNNNN
IBV,NNNNNNNNNNNNNNNNNNNNNNNNNNNNNNNNNNNNNNN
IBV,NNNNNNNNNNNNNNNNNNNNNNNNNNNNNNNNNNNNNNN
IBV,NNNNNNNNNNNNNNNNNNNNNNNNNNNNNNNNNNNNNNN
IBV,NNNNNNNNNNNNNNNNNNNNNNNNNNNNNNNNNNNNNNN
IBV,NNNNNNNNNNNNNNNNNNNNNNNNNNNNNNNNNNNNNNN
IBV,NNNNNNNNNNNNNNNNNNNNNNNNNNNNNNNNNNNNNNN
IBV,NNNNNNNNNNNNNNNNNNNNNNNNNNNNNNNNNNNNNNN
IBV,NNNNNNNNNNNNNNNNNNNNNNNNNNNNNNNNNNNNNNN
IBV,NNNNNNNNNNNNNNNNNNNNNNNNNNNNNNNNNNNNNNN
IBV,NNNNNNNNNNNNNNNNNNNNNNNNNNNNNNNNNNNNNNN
IBV,NNNNNNNNNNNNNNNNNNNNNNNNNNNNNNNNNNNNNNN
IBV,NNNNNNNNNNNNNNNNNNNNNNNNNNNNNNNNNNNNNNN
IBV,NNNNNNNNNNNNNNNNNNNNNNNNNNNNNNNNNNNNNNN
IBV,NNNNNNNNNNNNNNNNNNNNNNNNNNNNNNNNNNNNNNN
IBV,NNNNNNNNNNNNNNNNNNNNNNNNNNNNNNNNNNNNNNN
IBV,NNNNNNNNNNNNNNNNNNNNNNNNNNNNNNNNNNNNNNN
IBV,NNNNNNNNNNNNNNNNNNNNNNNNNNNNNNNNNNNNNNN
IBV,NNNNNNNNNNNNNNNNNNNNNNNNNNNNNNNNNNNNNNN
IBV,NNNNNNNNNNNNNNNNNNNNNNNNNNNNNNNNNNNNNNN
IBV,NNNNNNNNNNNNNNNNNNNNNNNNNNNNNNNNNNNNNNN
IBV,NNNNNNNNNNNNNNNNNNNNNNNNNNNNNNNNNNNNNNN
IBV,NNNNNNNNNNNNNNNNNNNNNNNNNNNNNNNNNNNNNNN
IBV,NNNNNNNNNNNNNNNNNNNNNNNNNNNNNNNNNNNNNNN
IBV,NNNNNNNNNNNNNNNNNNNNNNNNNNNNNNNNNNNNNNN
IBV,NNNNNNNNNNNNNNNNNNNNNNNNNNNNNNNNNNNNNNN
IBV,NNNNNNNNNNNNNNNNNNNNNNNNNNNNNNNNNNNNNNN
IBV,NNNNNNNNNNNNNNNNNNNNNNNNNNNNNNNNNNNNNNN
IBV,NNNNNNNNNNNNNNNNNNNNNNNNNNNNNNNNNNNNNNN
IBV,NNNNNNNNNNNNNNNNNNNNNNNNNNNNNNNNNNNNNNN
IBV,NNNNNNNNNNNNNNNNNNNNNNNNNNNNNNNNNNNNNNN
IBV,NNNNNNNNNNNNNNNNNNNNNNNNNNNNNNNNNNNNNNN
IBV,NNNNNNNNNNNNNNNNNNNNNNNNNNNNNNNNNNNNNNN
IBV,NNNNNNNNNNNNNNNNNNNNNNNNNNNNNNNNNNNNNNN
IBV,NNNNNNNNNNNNNNNNNNNNNNNNNNNNNNNNNNNNNNN
IBV,NNNNNNNNNNNNNNNNNNNNNNNNNNNNNNNNNNNNNNN
IBV,NNNNNNNNNNNNNNNNNNNNNNNNNNNNNNNNNNNNNNN
IBV,NNNNNNNNNNNNNNNNNNNNNNNNNNNNNNNNNNNNNNN
IBV,NNNNNNNNNNNNNNNNNNNNNNNNNNNNNNNNNNNNNNN
IBV,NNNNNNNNNNNNNNNNNNNNNNNNNNNNNNNNNNNNNNN
IBV,NNNNNNNNNNNNNNNNNNNNNNNNNNNNNNNNNNNNNNN
IBV,NNNNNNNNNNNNNNNNNNNNNNNNNNNNNNNNNNNNNNN
IBV,NNNNNNNNNNNNNNNNNNNNNNNNNNNNNNNNNNNNNNN
IBV,NNNNNNNNNNNNNNNNNNNNNNNNNNNNNNNNNNNNNNN
IBV,NNNNNNNNNNNNNNNNNNNNNNNNNNNNNNNNNNNNNNN
IBV,NNNNNNNNNNNNNNNNNNNNNNNNNNNNNNNNNNNNNNN
IBV,NNNNNNNNNNNNNNNNNNNNNNNNNNNNNNNNNNNNNNN
IBV,NNNNNNNNNNNNNNNNNNNNNNNNNNNNNNNNNNNNNNN
IBV,NNNNNNNNNNNNNNNNNNNNNNNNNNNNNNNNNNNNNNN
IBV,NNNNNNNNNNNNNNNNNNNNNNNNNNNNNNNNNNNNNNN
IBV,NNNNNNNNNNNNNNNNNNNNNNNNNNNNNNNNNNNNNNN
IBV,NNNNNNNNNNNNNNNNNNNNNNNNNNNNNNNNNNNNNNN
IBV,NNNNNNNNNNNNNNNNNNNNNNNNNNNNNNNNNNNNNNN
IBV,NNNNNNNNNNNNNNNNNNNNNNNNNNNNNNNNNNNNNNN
IBV,NNNNNNNNNNNNNNNNNNNNNNNNNNNNNNNNNNNNNNN
IBV,NNNNNNNNNNNNNNNNNNNNNNNNNNNNNNNNNNNNNNN
IBV,NNNNNNNNNNNNNNNNNNNNNNNNNNNNNNNNNNNNNNN
IBV,NNNNNNNNNNNNNNNNNNNNNNNNNNNNNNNNNNNNNNN
IBV,NNNNNNNNNNNNNNNNNNNNNNNNNNNNNNNNNNNNNNN
IBV,NNNNNNNNNNNNNNNNNNNNNNNNNNNNNNNNNNNNNNN
IBV,NNNNNNNNNNNNNNNNNNNNNNNNNNNNNNNNNNNNNNN
IBV,NNNNNNNNNNNNNNNNNNNNNNNNNNNNNNNNNNNNNNN
IBV,NNNNNNNNNNNNNNNNNNNNNNNNNNNNNNNNNNNNNNN
IBV,NNNNNNNNNNNNNNNNNNNNNNNNNNNNNNNNNNNNNNN
IBV,NNNNNNNNNNNNNNNNNNNNNNNNNNNNNNNNNNNNNNN
IBV,NNNNNNNNNNNNNNNNNNNNNNNNNNNNNNNNNNNNNNN
IBV,NNNNNNNNNNNNNNNNNNNNNNNNNNNNNNNNNNNNNNN
IBV,NNNNNNNNNNNNNNNNNNNNNNNNNNNNNNNNNNNNNNN
IBV,NNNNNNNNNNNNNNNNNNNNNNNNNNNNNNNNNNNNNNN
IBV,NNNNNNNNNNNNNNNNNNNNNNNNNNNNNNNNNNNNNNN
IBV,NNNNNNNNNNNNNNNNNNNNNNNNNNNNNNNNNNNNNNN
IBV,NNNNNNNNNNNNNNNNNNNNNNNNNNNNNNNNNNNNNNN
IBV,NNNNNNNNNNNNNNNNNNNNNNNNNNNNNNNNNNNNNNN
IBV,NNNNNNNNNNNNNNNNNNNNNNNNNNNNNNNNNNNNNNN
IBV,NNNNNNNNNNNNNNNNNNNNNNNNNNNNNNNNNNNNNNN
IBV,NNNNNNNNNNNNNNNNNNNNNNNNNNNNNNNNNNNNNNN
IBV,NNNNNNNNNNNNNNNNNNNNNNNNNNNNNNNNNNNNNNN
IBV,NNNNNNNNNNNNNNNNNNNNNNNNNNNNNNNNNNNNNNN
IBV,NNNNNNNNNNNNNNNNNNNNNNNNNNNNNNNNNNNNNNN
IBV,NNNNNNNNNNNNNNNNNNNNNNNNNNNNNNNNNNNNNNN
IBV,NNNNNNNNNNNNNNNNNNNNNNNNNNNNNNNNNNNNNNN
IBV,NNNNNNNNNNNNNNNNNNNNNNNNNNNNNNNNNNNNNNN
IBV,NNNNNNNNNNNNNNNNNNNNNNNNNNNNNNNNNNNNNNN
IBV,NNNNNNNNNNNNNNNNNNNNNNNNNNNNNNNNNNNNNNN
IBV,NNNNNNNNNNNNNNNNNNNNNNNNNNNNNNNNNNNNNNN
IBV,NNNNNNNNNNNNNNNNNNNNNNNNNNNNNNNNNNNNNNN
IBV,NNNNNNNNNNNNNNNNNNNNNNNNNNNNNNNNNNNNNNN
IBV,NNNNNNNNNNNNNNNNNNNNNNNNNNNNNNNNNNNNNNN
IBV,NNNNNNNNNNNNNNNNNNNNNNNNNNNNNNNNNNNNNNN
IBV,NNNNNNNNNNNNNNNNNNNNNNNNNNNNNNNNNNNNNNN
IBV,NNNNNNNNNNNNNNNNNNNNNNNNNNNNNNNNNNNNNNN
IBV,NNNNNNNNNNNNNNNNNNNNNNNNNNNNNNNNNNNNNNN
IBV,NNNNNNNNNNNNNNNNNNNNNNNNNNNNNNNNNNNNNNN
IBV,NNNNNNNNNNNNNNNNNNNNNNNNNNNNNNNNNNNNNNN
IBV,NNNNNNNNNNNNNNNNNNNNNNNNNNNNNNNNNNNNNNN
IBV,NNNNNNNNNNNNNNNNNNNNNNNNNNNNNNNNNNNNNNN
IBV,NNNNNNNNNNNNNNNNNNNNNNNNNNNNNNNNNNNNNNN
IBV,NNNNNNNNNNNNNNNNNNNNNNNNNNNNNNNNNNNNNNN
IBV,NNNNNNNNNNNNNNNNNNNNNNNNNNNNNNNNNNNNNNN
IBV,NNNNNNNNNNNNNNNNNNNNNNNNNNNNNNNNNNNNNNN
IBV,NNNNNNNNNNNNNNNNNNNNNNNNNNNNNNNNNNNNNNN
IBV,NNNNNNNNNNNNNNNNNNNNNNNNNNNNNNNNNNNNNNN
IBV,NNNNNNNNNNNNNNNNNNNNNNNNNNNNNNNNNNNNNNN
IBV,NNNNNNNNNNNNNNNNNNNNNNNNNNNNNNNNNNNNNNN
IBV,NNNNNNNNNNNNNNNNNNNNNNNNNNNNNNNNNNNNNNN
IBV,NNNNNNNNNNNNNNNNNNNNNNNNNNNNNNNNNNNNNNN
IBV,NNNNNNNNNNNNNNNNNNNNNNNNNNNNNNNNNNNNNNN
IBV,NNNNNNNNNNNNNNNNNNNNNNNNNNNNNNNNNNNNNNN
IBV,NNNNNNNNNNNNNNNNNNNNNNNNNNNNNNNNNNNNNNN
IBV,NNNNNNNNNNNNNNNNNNNNNNNNNNNNNNNNNNNNNNN
IBV,NNNNNNNNNNNNNNNNNNNNNNNNNNNNNNNNNNNNNNN
IBV,NNNNNNNNNNNNNNNNNNNNNNNNNNNNNNNNNNNNNNN
IBV,NNNNNNNNNNNNNNNNNNNNNNNNNNNNNNNNNNNNNNN
IBV,NNNNNNNNNNNNNNNNNNNNNNNNNNNNNNNNNNNNNNN
IBV,NNNNNNNNNNNNNNNNNNNNNNNNNNNNNNNNNNNNNNN
IBV,NNNNNNNNNNNNNNNNNNNNNNNNNNNNNNNNNNNNNNN
IBV,NNNNNNNNNNNNNNNNNNNNNNNNNNNNNNNNNNNNNNN
IBV,NNNNNNNNNNNNNNNNNNNNNNNNNNNNNNNNNNNNNNN
IBV,NNNNNNNNNNNNNNNNNNNNNNNNNNNNNNNNNNNNNNN
IBV,NNNNNNNNNNNNNNNNNNNNNNNNNNNNNNNNNNNNNNN
IBV,NNNNNNNNNNNNNNNNNNNNNNNNNNNNNNNNNNNNNNN
IBV,NNNNNNNNNNNNNNNNNNNNNNNNNNNNNNNNNNNNNNN
IBV,NNNNNNNNNNNNNNNNNNNNNNNNNNNNNNNNNNNNNNN
IBV,NNNNNNNNNNNNNNNNNNNNNNNNNNNNNNNNNNNNNNN
IBV,NNNNNNNNNNNNNNNNNNNNNNNNNNNNNNNNNNNNNNN
IBV,NNNNNNNNNNNNNNNNNNNNNNNNNNNNNNNNNNNNNNN
IBV,NNNNNNNNNNNNNNNNNNNNNNNNNNNNNNNNNNNNNNN
IBV,NNNNNNNNNNNNNNNNNNNNNNNNNNNNNNNNNNNNNNN
IBV,NNNNNNNNNNNNNNNNNNNNNNNNNNNNNNNNNNNNNNN
IBV,NNNNNNNNNNNNNNNNNNNNNNNNNNNNNNNNNNNNNNN
IBV,NNNNNNNNNNNNNNNNNNNNNNNNNNNNNNNNNNNNNNN
IBV,NNNNNNNNNNNNNNNNNNNNNNNNNNNNNNNNNNNNNNN
IBV,NNNNNNNNNNNNNNNNNNNNNNNNNNNNNNNNNNNNNNN
IBV,NNNNNNNNNNNNNNNNNNNNNNNNNNNNNNNNNNNNNNN
IBV,NNNNNNNNNNNNNNNNNNNNNNNNNNNNNNNNNNNNNNN
IBV,NNNNNNNNNNNNNNNNNNNNNNNNNNNNNNNNNNNNNNN
IBV,NNNNNNNNNNNNNNNNNNNNNNNNNNNNNNNNNNNNNNN
IBV,NNNNNNNNNNNNNNNNNNNNNNNNNNNNNNNNNNNNNNN
IBV,NNNNNNNNNNNNNNNNNNNNNNNNNNNNNNNNNNNNNNN
IBV,NNNNNNNNNNNNNNNNNNNNNNNNNNNNNNNNNNNNNNN
IBV,NNNNNNNNNNNNNNNNNNNNNNNNNNNNNNNNNNNNNNN
IBV,NNNNNNNNNNNNNNNNNNNNNNNNNNNNNNNNNNNNNNN
IBV,NNNNNNNNNNNNNNNNNNNNNNNNNNNNNNNNNNNNNNN
IBV,NNNNNNNNNNNNNNNNNNNNNNNNNNNNNNNNNNNNNNN
IBV,NNNNNNNNNNNNNNNNNNNNNNNNNNNNNNNNNNNNNNN
IBV,NNNNNNNNNNNNNNNNNNNNNNNNNNNNNNNNNNNNNNN
IBV,NNNNNNNNNNNNNNNNNNNNNNNNNNNNNNNNNNNNNNN
IBV,NNNNNNNNNNNNNNNNNNNNNNNNNNNNNNNNNNNNNNN
IBV,NNNNNNNNNNNNNNNNNNNNNNNNNNNNNNNNNNNNNNN
IBV,NNNNNNNNNNNNNNNNNNNNNNNNNNNNNNNNNNNNNNN
IBV,NNNNNNNNNNNNNNNNNNNNNNNNNNNNNNNNNNNNNNN
IBV,NNNNNNNNNNNNNNNNNNNNNNNNNNNNNNNNNNNNNNN
IBV,NNNNNNNNNNNNNNNNNNNNNNNNNNNNNNNNNNNNNNN
IBV,NNNNNNNNNNNNNNNNNNNNNNNNNNNNNNNNNNNNNNN
IBV,NNNNNNNNNNNNNNNNNNNNNNNNNNNNNNNNNNNNNNN
IBV,NNNNNNNNNNNNNNNNNNNNNNNNNNNNNNNNNNNNNNN
IBV,NNNNNNNNNNNNNNNNNNNNNNNNNNNNNNNNNNNNNNN
IBV,NNNNNNNNNNNNNNNNNNNNNNNNNNNNNNNNNNNNNNN
IBV,NNNNNNNNNNNNNNNNNNNNNNNNNNNNNNNNNNNNNNN
IBV,NNNNNNNNNNNNNNNNNNNNNNNNNNNNNNNNNNNNNNN
IBV,NNNNNNNNNNNNNNNNNNNNNNNNNNNNNNNNNNNNNNN
IBV,NNNNNNNNNNNNNNNNNNNNNNNNNNNNNNNNNNNNNNN
IBV,NNNNNNNNNNNNNNNNNNNNNNNNNNNNNNNNNNNNNNN
IBV,NNNNNNNNNNNNNNNNNNNNNNNNNNNNNNNNNNNNNNN
IBV,NNNNNNNNNNNNNNNNNNNNNNNNNNNNNNNNNNNNNNN
IBV,NNNNNNNNNNNNNNNNNNNNNNNNNNNNNNNNNNNNNNN
IBV,NNNNNNNNNNNNNNNNNNNNNNNNNNNNNNNNNNNNNNN
IBV,NNNNNNNNNNNNNNNNNNNNNNNNNNNNNNNNNNNNNNN
IBV,NNNNNNNNNNNNNNNNNNNNNNNNNNNNNNNNNNNNNNN
IBV,NNNNNNNNNNNNNNNNNNNNNNNNNNNNNNNNNNNNNNN
IBV,NNNNNNNNNNNNNNNNNNNNNNNNNNNNNNNNNNNNNNN
IBV,NNNNNNNNNNNNNNNNNNNNNNNNNNNNNNNNNNNNNNN
IBV,NNNNNNNNNNNNNNNNNNNNNNNNNNNNNNNNNNNNNNN
IBV,NNNNNNNNNNNNNNNNNNNNNNNNNNNNNNNNNNNNNNN
IBV,NNNNNNNNNNNNNNNNNNNNNNNNNNNNNNNNNNNNNNN
IBV,NNNNNNNNNNNNNNNNNNNNNNNNNNNNNNNNNNNNNNN
IBV,NNNNNNNNNNNNNNNNNNNNNNNNNNNNNNNNNNNNNNN
IBV,NNNNNNNNNNNNNNNNNNNNNNNNNNNNNNNNNNNNNNN
IBV,NNNNNNNNNNNNNNNNNNNNNNNNNNNNNNNNNNNNNNN
IBV,NNNNNNNNNNNNNNNNNNNNNNNNNNNNNNNNNNNNNNN
IBV,NNNNNNNNNNNNNNNNNNNNNNNNNNNNNNNNNNNNNNN
IBV,NNNNNNNNNNNNNNNNNNNNNNNNNNNNNNNNNNNNNNN
IBV,NNNNNNNNNNNNNNNNNNNNNNNNNNNNNNNNNNNNNNN
IBV,NNNNNNNNNNNNNNNNNNNNNNNNNNNNNNNNNNNNNNN
IBV,NNNNNNNNNNNNNNNNNNNNNNNNNNNNNNNNNNNNNNN
IBV,NNNNNNNNNNNNNNNNNNNNNNNNNNNNNNNNNNNNNNN
IBV,NNNNNNNNNNNNNNNNNNNNNNNNNNNNNNNNNNNNNNN
IBV,NNNNNNNNNNNNNNNNNNNNNNNNNNNNNNNNNNNNNNN
IBV,NNNNNNNNNNNNNNNNNNNNNNNNNNNNNNNNNNNNNNN
IBV,NNNNNNNNNNNNNNNNNNNNNNNNNNNNNNNNNNNNNNN
IBV,NNNNNNNNNNNNNNNNNNNNNNNNNNNNNNNNNNNNNNN
IBV,NNNNNNNNNNNNNNNNNNNNNNNNNNNNNNNNNNNNNN
IBV,NNNNNNNNNNNNNNNNNNNNNNNNNNNNNNNNNNNNNN
IBV,NNNNNNNNNNNNNNNNNNNNNNNNNNNNNNNNNNNNNN
IBV,NNNNNNNNNNNNNNNNNNNNNNNNNNNNNNNNNNNNNN
IBV,NNNNNNNNNNNNNNNNNNNNNNNNNNNNNNNNNNNNNN
IBV,NNNNNNNNNNNNNNNNNNNNNNNNNNNNNNNNNNNNNN
IBV,NNNNNNNNNNNNNNNNNNNNNNNNNNNNNNNNNNNNNN
IBV,NNNNNNNNNNNNNNNNNNNNNNNNNNNNNNNNNNNNNN
IBV,NNNNNNNNNNNNNNNNNNNNNNNNNNNNNNNNNNNNNN
IBV,NNNNNNNNNNNNNNNNNNNNNNNNNNNNNNNNNNNNNN
IBV,NNNNNNNNNNNNNNNNNNNNNNNNNNNNNNNNNNNNNN
IBV,NNNNNNNNNNNNNNNNNNNNNNNNNNNNNNNNNNNNNN
IBV,NNNNNNNNNNNNNNNNNNNNNNNNNNNNNNNNNNNNNN
IBV,NNNNNNNNNNNNNNNNNNNNNNNNNNNNNNNNNNNNNN
IBV,NNNNNNNNNNNNNNNNNNNNNNNNNNNNNNNNNNNNNN
IBV,NNNNNNNNNNNNNNNNNNNNNNNNNNNNNNNNNNNNNN
IBV,NNNNNNNNNNNNNNNNNNNNNNNNNNNNNNNNNNNNNN
IBV,NNNNNNNNNNNNNNNNNNNNNNNNNNNNNNNNNNNNNN
IBV,NNNNNNNNNNNNNNNNNNNNNNNNNNNNNNNNNNNNNN
IBV,NNNNNNNNNNNNNNNNNNNNNNNNNNNNNNNNNNNNNN
IBV,NNNNNNNNNNNNNNNNNNNNNNNNNNNNNNNNNNNNN
IBV,NNNNNNNNNNNNNNNNNNNNNNNNNNNNNNNNNNNNN
IBV,NNNNNNNNNNNNNNNNNNNNNNNNNNNNNNNNNNNNN
IBV,NNNNNNNNNNNNNNNNNNNNNNNNNNNNNNNNNNNNN
IBV,NNNNNNNNNNNNNNNNNNNNNNNNNNNNNNNNNNNNN
IBV,NNNNNNNNNNNNNNNNNNNNNNNNNNNNNNNNNNNNN
IBV,NNNNNNNNNNNNNNNNNNNNNNNNNNNNNNNNNNNNN
IBV,NNNNNNNNNNNNNNNNNNNNNNNNNNNNNNNNNNNNN
IBV,NNNNNNNNNNNNNNNNNNNNNNNNNNNNNNNNNNNNN
IBV,NNNNNNNNNNNNNNNNNNNNNNNNNNNNNNNNNNNNN
IBV,NNNNNNNNNNNNNNNNNNNNNNNNNNNNNNNNNNNNN
IBV,NNNNNNNNNNNNNNNNNNNNNNNNNNNNNNNNNNNNN
IBV,NNNNNNNNNNNNNNNNNNNNNNNNNNNNNNNNNNNNN
IBV,NNNNNNNNNNNNNNNNNNNNNNNNNNNNNNNNNNNNN
IBV,NNNNNNNNNNNNNNNNNNNNNNNNNNNNNNNNNNNNN
IBV,NNNNNNNNNNNNNNNNNNNNNNNNNNNNNNNNNNNNN
IBV,NNNNNNNNNNNNNNNNNNNNNNNNNNNNNNNNNNNNN
IBV,NNNNNNNNNNNNNNNNNNNNNNNNNNNNNNNNNNNNN
IBV,NNNNNNNNNNNNNNNNNNNNNNNNNNNNNNNNNNNNN
IBV,NNNNNNNNNNNNNNNNNNNNNNNNNNNNNNNNNNNNN
IBV,NNNNNNNNNNNNNNNNNNNNNNNNNNNNNNNNNNNN
IBV,NNNNNNNNNNNNNNNNNNNNNNNNNNNNNNNNNNNN
IBV,NNNNNNNNNNNNNNNNNNNNNNNNNNNNNNNNNNNN
IBV,NNNNNNNNNNNNNNNNNNNNNNNNNNNNNNNNNNNN
IBV,NNNNNNNNNNNNNNNNNNNNNNNNNNNNNNNNNNNN
IBV,NNNNNNNNNNNNNNNNNNNNNNNNNNNNNNNNNNNN
IBV,NNNNNNNNNNNNNNNNNNNNNNNNNNNNNNNNNNNN
IBV,NNNNNNNNNNNNNNNNNNNNNNNNNNNNNNNNNNNN
IBV,NNNNNNNNNNNNNNNNNNNNNNNNNNNNNNNNNNNN
IBV,NNNNNNNNNNNNNNNNNNNNNNNNNNNNNNNNNNNN
IBV,NNNNNNNNNNNNNNNNNNNNNNNNNNNNNNNNNNNN
IBV,NNNNNNNNNNNNNNNNNNNNNNNNNNNNNNNNNNNN
IBV,NNNNNNNNNNNNNNNNNNNNNNNNNNNNNNNNNNNN
IBV,NNNNNNNNNNNNNNNNNNNNNNNNNNNNNNNNNNNN
IBV,NNNNNNNNNNNNNNNNNNNNNNNNNNNNNNNNNNNN
IBV,NNNNNNNNNNNNNNNNNNNNNNNNNNNNNNNNNNNN
IBV,NNNNNNNNNNNNNNNNNNNNNNNNNNNNNNNNNNNN
IBV,NNNNNNNNNNNNNNNNNNNNNNNNNNNNNNNNNNNN
IBV,NNNNNNNNNNNNNNNNNNNNNNNNNNNNNNNNNNNN
IBV,NNNNNNNNNNNNNNNNNNNNNNNNNNNNNNNNNNNN
IBV,NNNNNNNNNNNNNNNNNNNNNNNNNNNNNNNNNNN
IBV,NNNNNNNNNNNNNNNNNNNNNNNNNNNNNNNNNNN
IBV,NNNNNNNNNNNNNNNNNNNNNNNNNNNNNNNNNNN
IBV,NNNNNNNNNNNNNNNNNNNNNNNNNNNNNNNNNNN
IBV,NNNNNNNNNNNNNNNNNNNNNNNNNNNNNNNNNNN
IBV,NNNNNNNNNNNNNNNNNNNNNNNNNNNNNNNNNNN
IBV,NNNNNNNNNNNNNNNNNNNNNNNNNNNNNNNNNNN
IBV,NNNNNNNNNNNNNNNNNNNNNNNNNNNNNNNNNNN
IBV,NNNNNNNNNNNNNNNNNNNNNNNNNNNNNNNNNNN
IBV,NNNNNNNNNNNNNNNNNNNNNNNNNNNNNNNNNNN
IBV,NNNNNNNNNNNNNNNNNNNNNNNNNNNNNNNNNNN
IBV,NNNNNNNNNNNNNNNNNNNNNNNNNNNNNNNNNNN
IBV,NNNNNNNNNNNNNNNNNNNNNNNNNNNNNNNNNNN
IBV,NNNNNNNNNNNNNNNNNNNNNNNNNNNNNNNNNNN
IBV,NNNNNNNNNNNNNNNNNNNNNNNNNNNNNNNNNNN
IBV,NNNNNNNNNNNNNNNNNNNNNNNNNNNNNNNNNNN
IBV,NNNNNNNNNNNNNNNNNNNNNNNNNNNNNNNNNNN
IBV,NNNNNNNNNNNNNNNNNNNNNNNNNNNNNNNNNNN
IBV,NNNNNNNNNNNNNNNNNNNNNNNNNNNNNNNNNNN
IBV,NNNNNNNNNNNNNNNNNNNNNNNNNNNNNNNNNNN
IBV,NNNNNNNNNNNNNNNNNNNNNNNNNNNNNNNNNN
IBV,NNNNNNNNNNNNNNNNNNNNNNNNNNNNNNNNNN
IBV,NNNNNNNNNNNNNNNNNNNNNNNNNNNNNNNNNN
IBV,NNNNNNNNNNNNNNNNNNNNNNNNNNNNNNNNNN
IBV,NNNNNNNNNNNNNNNNNNNNNNNNNNNNNNNNNN
IBV,NNNNNNNNNNNNNNNNNNNNNNNNNNNNNNNNNN
IBV,NNNNNNNNNNNNNNNNNNNNNNNNNNNNNNNNNN
IBV,NNNNNNNNNNNNNNNNNNNNNNNNNNNNNNNNNN
IBV,NNNNNNNNNNNNNNNNNNNNNNNNNNNNNNNNNN
IBV,NNNNNNNNNNNNNNNNNNNNNNNNNNNNNNNNNN
IBV,NNNNNNNNNNNNNNNNNNNNNNNNNNNNNNNNNN
IBV,NNNNNNNNNNNNNNNNNNNNNNNNNNNNNNNNNN
IBV,NNNNNNNNNNNNNNNNNNNNNNNNNNNNNNNNNN
IBV,NNNNNNNNNNNNNNNNNNNNNNNNNNNNNNNNNN
IBV,NNNNNNNNNNNNNNNNNNNNNNNNNNNNNNNNNN
IBV,NNNNNNNNNNNNNNNNNNNNNNNNNNNNNNNNNN
IBV,NNNNNNNNNNNNNNNNNNNNNNNNNNNNNNNNNN
IBV,NNNNNNNNNNNNNNNNNNNNNNNNNNNNNNNNNN
IBV,NNNNNNNNNNNNNNNNNNNNNNNNNNNNNNNNNN
IBV,NNNNNNNNNNNNNNNNNNNNNNNNNNNNNNNNNN
IBV,NNNNNNNNNNNNNNNNNNNNNNNNNNNNNNNNN
IBV,NNNNNNNNNNNNNNNNNNNNNNNNNNNNNNNNN
IBV,NNNNNNNNNNNNNNNNNNNNNNNNNNNNNNNNN
IBV,NNNNNNNNNNNNNNNNNNNNNNNNNNNNNNNNN
IBV,NNNNNNNNNNNNNNNNNNNNNNNNNNNNNNNNN
IBV,NNNNNNNNNNNNNNNNNNNNNNNNNNNNNNNNN
IBV,NNNNNNNNNNNNNNNNNNNNNNNNNNNNNNNNN
IBV,NNNNNNNNNNNNNNNNNNNNNNNNNNNNNNNNN
IBV,NNNNNNNNNNNNNNNNNNNNNNNNNNNNNNNNN
IBV,NNNNNNNNNNNNNNNNNNNNNNNNNNNNNNNNN
IBV,NNNNNNNNNNNNNNNNNNNNNNNNNNNNNNNNN
IBV,NNNNNNNNNNNNNNNNNNNNNNNNNNNNNNNNN
IBV,NNNNNNNNNNNNNNNNNNNNNNNNNNNNNNNNN
IBV,NNNNNNNNNNNNNNNNNNNNNNNNNNNNNNNNN
IBV,NNNNNNNNNNNNNNNNNNNNNNNNNNNNNNNNN
IBV,NNNNNNNNNNNNNNNNNNNNNNNNNNNNNNNNN
IBV,NNNNNNNNNNNNNNNNNNNNNNNNNNNNNNNNN
IBV,NNNNNNNNNNNNNNNNNNNNNNNNNNNNNNNNN
IBV,NNNNNNNNNNNNNNNNNNNNNNNNNNNNNNNNN
IBV,NNNNNNNNNNNNNNNNNNNNNNNNNNNNNNNNN
IBV,NNNNNNNNNNNNNNNNNNNNNNNNNNNNNNNN
IBV,NNNNNNNNNNNNNNNNNNNNNNNNNNNNNNNN
IBV,NNNNNNNNNNNNNNNNNNNNNNNNNNNNNNNN
IBV,NNNNNNNNNNNNNNNNNNNNNNNNNNNNNNNN
IBV,NNNNNNNNNNNNNNNNNNNNNNNNNNNNNNNN
IBV,NNNNNNNNNNNNNNNNNNNNNNNNNNNNNNNN
IBV,NNNNNNNNNNNNNNNNNNNNNNNNNNNNNNNN
IBV,NNNNNNNNNNNNNNNNNNNNNNNNNNNNNNNN
IBV,NNNNNNNNNNNNNNNNNNNNNNNNNNNNNNNN
IBV,NNNNNNNNNNNNNNNNNNNNNNNNNNNNNNNN
IBV,NNNNNNNNNNNNNNNNNNNNNNNNNNNNNNNN
IBV,NNNNNNNNNNNNNNNNNNNNNNNNNNNNNNNN
IBV,NNNNNNNNNNNNNNNNNNNNNNNNNNNNNNNN
IBV,NNNNNNNNNNNNNNNNNNNNNNNNNNNNNNNN
IBV,NNNNNNNNNNNNNNNNNNNNNNNNNNNNNNNN
IBV,NNNNNNNNNNNNNNNNNNNNNNNNNNNNNNNN
IBV,NNNNNNNNNNNNNNNNNNNNNNNNNNNNNNNN
IBV,NNNNNNNNNNNNNNNNNNNNNNNNNNNNNNNN
IBV,NNNNNNNNNNNNNNNNNNNNNNNNNNNNNNNN
IBV,NNNNNNNNNNNNNNNNNNNNNNNNNNNNNNNN
IBV,NNNNNNNNNNNNNNNNNNNNNNNNNNNNNNN
IBV,NNNNNNNNNNNNNNNNNNNNNNNNNNNNNNN
IBV,NNNNNNNNNNNNNNNNNNNNNNNNNNNNNNN
IBV,NNNNNNNNNNNNNNNNNNNNNNNNNNNNNNN
IBV,NNNNNNNNNNNNNNNNNNNNNNNNNNNNNNN
IBV,NNNNNNNNNNNNNNNNNNNNNNNNNNNNNNN
IBV,NNNNNNNNNNNNNNNNNNNNNNNNNNNNNNN
IBV,NNNNNNNNNNNNNNNNNNNNNNNNNNNNNNN
IBV,NNNNNNNNNNNNNNNNNNNNNNNNNNNNNNN
IBV,NNNNNNNNNNNNNNNNNNNNNNNNNNNNNNN
IBV,NNNNNNNNNNNNNNNNNNNNNNNNNNNNNNN
IBV,NNNNNNNNNNNNNNNNNNNNNNNNNNNNNNN
IBV,NNNNNNNNNNNNNNNNNNNNNNNNNNNNNNN
IBV,NNNNNNNNNNNNNNNNNNNNNNNNNNNNNNN
IBV,NNNNNNNNNNNNNNNNNNNNNNNNNNNNNNN
IBV,NNNNNNNNNNNNNNNNNNNNNNNNNNNNNNN
IBV,NNNNNNNNNNNNNNNNNNNNNNNNNNNNNNN
IBV,NNNNNNNNNNNNNNNNNNNNNNNNNNNNNNN
IBV,NNNNNNNNNNNNNNNNNNNNNNNNNNNNNNN
IBV,NNNNNNNNNNNNNNNNNNNNNNNNNNNNNNN
IBV,NNNNNNNNNNNNNNNNNNNNNNNNNNNNNN
IBV,NNNNNNNNNNNNNNNNNNNNNNNNNNNNNN
IBV,NNNNNNNNNNNNNNNNNNNNNNNNNNNNNN
IBV,NNNNNNNNNNNNNNNNNNNNNNNNNNNNNN
IBV,NNNNNNNNNNNNNNNNNNNNNNNNNNNNNN
IBV,NNNNNNNNNNNNNNNNNNNNNNNNNNNNNN
IBV,NNNNNNNNNNNNNNNNNNNNNNNNNNNNNN
IBV,NNNNNNNNNNNNNNNNNNNNNNNNNNNNNN
IBV,NNNNNNNNNNNNNNNNNNNNNNNNNNNNNN
IBV,NNNNNNNNNNNNNNNNNNNNNNNNNNNNNN
IBV,NNNNNNNNNNNNNNNNNNNNNNNNNNNNNN
IBV,NNNNNNNNNNNNNNNNNNNNNNNNNNNNNN
IBV,NNNNNNNNNNNNNNNNNNNNNNNNNNNNNN
IBV,NNNNNNNNNNNNNNNNNNNNNNNNNNNNNN
IBV,NNNNNNNNNNNNNNNNNNNNNNNNNNNNNN
IBV,NNNNNNNNNNNNNNNNNNNNNNNNNNNNNN
IBV,NNNNNNNNNNNNNNNNNNNNNNNNNNNNNN
IBV,NNNNNNNNNNNNNNNNNNNNNNNNNNNNNN
IBV,NNNNNNNNNNNNNNNNNNNNNNNNNNNNNN
IBV,NNNNNNNNNNNNNNNNNNNNNNNNNNNNNN
IBV,NNNNNNNNNNNNNNNNNNNNNNNNNNNNN
IBV,NNNNNNNNNNNNNNNNNNNNNNNNNNNNN
IBV,NNNNNNNNNNNNNNNNNNNNNNNNNNNNN
IBV,NNNNNNNNNNNNNNNNNNNNNNNNNNNNN
IBV,NNNNNNNNNNNNNNNNNNNNNNNNNNNNN
IBV,NNNNNNNNNNNNNNNNNNNNNNNNNNNNN
IBV,NNNNNNNNNNNNNNNNNNNNNNNNNNNNN
IBV,NNNNNNNNNNNNNNNNNNNNNNNNNNNNN
IBV,NNNNNNNNNNNNNNNNNNNNNNNNNNNNN
IBV,NNNNNNNNNNNNNNNNNNNNNNNNNNNNN
IBV,NNNNNNNNNNNNNNNNNNNNNNNNNNNNN
IBV,NNNNNNNNNNNNNNNNNNNNNNNNNNNNN
IBV,NNNNNNNNNNNNNNNNNNNNNNNNNNNNN
IBV,NNNNNNNNNNNNNNNNNNNNNNNNNNNNN
IBV,NNNNNNNNNNNNNNNNNNNNNNNNNNNNN
IBV,NNNNNNNNNNNNNNNNNNNNNNNNNNNNN
IBV,NNNNNNNNNNNNNNNNNNNNNNNNNNNNN
IBV,NNNNNNNNNNNNNNNNNNNNNNNNNNNNN
IBV,NNNNNNNNNNNNNNNNNNNNNNNNNNNNN
IBV,NNNNNNNNNNNNNNNNNNNNNNNNNNNNN
IBV,NNNNNNNNNNNNNNNNNNNNNNNNNNNN
IBV,NNNNNNNNNNNNNNNNNNNNNNNNNNNN
IBV,NNNNNNNNNNNNNNNNNNNNNNNNNNNN
IBV,NNNNNNNNNNNNNNNNNNNNNNNNNNNN
IBV,NNNNNNNNNNNNNNNNNNNNNNNNNNNN
IBV,NNNNNNNNNNNNNNNNNNNNNNNNNNNN
IBV,NNNNNNNNNNNNNNNNNNNNNNNNNNNN
IBV,NNNNNNNNNNNNNNNNNNNNNNNNNNNN
IBV,NNNNNNNNNNNNNNNNNNNNNNNNNNNN
IBV,NNNNNNNNNNNNNNNNNNNNNNNNNNNN
IBV,NNNNNNNNNNNNNNNNNNNNNNNNNNNN
IBV,NNNNNNNNNNNNNNNNNNNNNNNNNNNN
IBV,NNNNNNNNNNNNNNNNNNNNNNNNNNNN
IBV,NNNNNNNNNNNNNNNNNNNNNNNNNNNN
IBV,NNNNNNNNNNNNNNNNNNNNNNNNNNNN
IBV,NNNNNNNNNNNNNNNNNNNNNNNNNNNN
IBV,NNNNNNNNNNNNNNNNNNNNNNNNNNNN
IBV,NNNNNNNNNNNNNNNNNNNNNNNNNNNN
IBV,NNNNNNNNNNNNNNNNNNNNNNNNNNNN
IBV,NNNNNNNNNNNNNNNNNNNNNNNNNNNN
IBV,NNNNNNNNNNNNNNNNNNNNNNNNNNN
IBV,NNNNNNNNNNNNNNNNNNNNNNNNNNN
IBV,NNNNNNNNNNNNNNNNNNNNNNNNNNN
IBV,NNNNNNNNNNNNNNNNNNNNNNNNNNN
IBV,NNNNNNNNNNNNNNNNNNNNNNNNNNN
IBV,NNNNNNNNNNNNNNNNNNNNNNNNNNN
IBV,NNNNNNNNNNNNNNNNNNNNNNNNNNN
IBV,NNNNNNNNNNNNNNNNNNNNNNNNNNN
IBV,NNNNNNNNNNNNNNNNNNNNNNNNNNN
IBV,NNNNNNNNNNNNNNNNNNNNNNNNNNN
IBV,NNNNNNNNNNNNNNNNNNNNNNNNNNN
IBV,NNNNNNNNNNNNNNNNNNNNNNNNNNN
IBV,NNNNNNNNNNNNNNNNNNNNNNNNNNN
IBV,NNNNNNNNNNNNNNNNNNNNNNNNNNN
IBV,NNNNNNNNNNNNNNNNNNNNNNNNNNN
IBV,NNNNNNNNNNNNNNNNNNNNNNNNNNN
IBV,NNNNNNNNNNNNNNNNNNNNNNNNNNN
IBV,NNNNNNNNNNNNNNNNNNNNNNNNNNN
IBV,NNNNNNNNNNNNNNNNNNNNNNNNNNN
IBV,NNNNNNNNNNNNNNNNNNNNNNNNNNN
IBV,NNNNNNNNNNNNNNNNNNNNNNNNNN
IBV,NNNNNNNNNNNNNNNNNNNNNNNNNN
IBV,NNNNNNNNNNNNNNNNNNNNNNNNNN
IBV,NNNNNNNNNNNNNNNNNNNNNNNNNN
IBV,NNNNNNNNNNNNNNNNNNNNNNNNNN
IBV,NNNNNNNNNNNNNNNNNNNNNNNNNN
IBV,NNNNNNNNNNNNNNNNNNNNNNNNNN
IBV,NNNNNNNNNNNNNNNNNNNNNNNNNN
IBV,NNNNNNNNNNNNNNNNNNNNNNNNNN
IBV,NNNNNNNNNNNNNNNNNNNNNNNNNN
IBV,NNNNNNNNNNNNNNNNNNNNNNNNNN
IBV,NNNNNNNNNNNNNNNNNNNNNNNNNN
IBV,NNNNNNNNNNNNNNNNNNNNNNNNNN
IBV,NNNNNNNNNNNNNNNNNNNNNNNNNN
IBV,NNNNNNNNNNNNNNNNNNNNNNNNNN
IBV,NNNNNNNNNNNNNNNNNNNNNNNNNN
IBV,NNNNNNNNNNNNNNNNNNNNNNNNNN
IBV,NNNNNNNNNNNNNNNNNNNNNNNNNN
IBV,NNNNNNNNNNNNNNNNNNNNNNNNNN
IBV,NNNNNNNNNNNNNNNNNNNNNNNNNN
IBV,NNNNNNNNNNNNNNNNNNNNNNNNN
IBV,NNNNNNNNNNNNNNNNNNNNNNNNN
IBV,NNNNNNNNNNNNNNNNNNNNNNNNN
IBV,NNNNNNNNNNNNNNNNNNNNNNNNN
IBV,NNNNNNNNNNNNNNNNNNNNNNNNN
IBV,NNNNNNNNNNNNNNNNNNNNNNNNN
IBV,NNNNNNNNNNNNNNNNNNNNNNNNN
IBV,NNNNNNNNNNNNNNNNNNNNNNNNN
IBV,NNNNNNNNNNNNNNNNNNNNNNNNN
IBV,NNNNNNNNNNNNNNNNNNNNNNNNN
IBV,NNNNNNNNNNNNNNNNNNNNNNNNN
IBV,NNNNNNNNNNNNNNNNNNNNNNNNN
IBV,NNNNNNNNNNNNNNNNNNNNNNNNN
IBV,NNNNNNNNNNNNNNNNNNNNNNNNN
IBV,NNNNNNNNNNNNNNNNNNNNNNNNN
IBV,NNNNNNNNNNNNNNNNNNNNNNNNN
IBV,NNNNNNNNNNNNNNNNNNNNNNNNN
IBV,NNNNNNNNNNNNNNNNNNNNNNNNN
IBV,NNNNNNNNNNNNNNNNNNNNNNNNN
IBV,NNNNNNNNNNNNNNNNNNNNNNNNN
IBV,NNNNNNNNNNNNNNNNNNNNNNNN
IBV,NNNNNNNNNNNNNNNNNNNNNNNN
IBV,NNNNNNNNNNNNNNNNNNNNNNNN
IBV,NNNNNNNNNNNNNNNNNNNNNNNN
IBV,NNNNNNNNNNNNNNNNNNNNNNNN
IBV,NNNNNNNNNNNNNNNNNNNNNNNN
IBV,NNNNNNNNNNNNNNNNNNNNNNNN
IBV,NNNNNNNNNNNNNNNNNNNNNNNN
IBV,NNNNNNNNNNNNNNNNNNNNNNNN
IBV,NNNNNNNNNNNNNNNNNNNNNNNN
IBV,NNNNNNNNNNNNNNNNNNNNNNNN
IBV,NNNNNNNNNNNNNNNNNNNNNNNN
IBV,NNNNNNNNNNNNNNNNNNNNNNNN
IBV,NNNNNNNNNNNNNNNNNNNNNNNN
IBV,NNNNNNNNNNNNNNNNNNNNNNNN
IBV,NNNNNNNNNNNNNNNNNNNNNNNN
IBV,NNNNNNNNNNNNNNNNNNNNNNNN
IBV,NNNNNNNNNNNNNNNNNNNNNNNN
IBV,NNNNNNNNNNNNNNNNNNNNNNNN
IBV,NNNNNNNNNNNNNNNNNNNNNNNN
IBV,NNNNNNNNNNNNNNNNNNNNNNN
IBV,NNNNNNNNNNNNNNNNNNNNNNN
IBV,NNNNNNNNNNNNNNNNNNNNNNN
IBV,NNNNNNNNNNNNNNNNNNNNNNN
IBV,NNNNNNNNNNNNNNNNNNNNNNN
IBV,NNNNNNNNNNNNNNNNNNNNNNN
IBV,NNNNNNNNNNNNNNNNNNNNNNN
IBV,NNNNNNNNNNNNNNNNNNNNNNN
IBV,NNNNNNNNNNNNNNNNNNNNNNN
IBV,NNNNNNNNNNNNNNNNNNNNNNN
IBV,NNNNNNNNNNNNNNNNNNNNNNN
IBV,NNNNNNNNNNNNNNNNNNNNNNN
IBV,NNNNNNNNNNNNNNNNNNNNNNN
IBV,NNNNNNNNNNNNNNNNNNNNNNN
IBV,NNNNNNNNNNNNNNNNNNNNNNN
IBV,NNNNNNNNNNNNNNNNNNNNNNN
IBV,NNNNNNNNNNNNNNNNNNNNNNN
IBV,NNNNNNNNNNNNNNNNNNNNNNN
IBV,NNNNNNNNNNNNNNNNNNNNNNN
IBV,NNNNNNNNNNNNNNNNNNNNNNN
IBV,NNNNNNNNNNNNNNNNNNNNNN
IBV,NNNNNNNNNNNNNNNNNNNNNN
IBV,NNNNNNNNNNNNNNNNNNNNNN
IBV,NNNNNNNNNNNNNNNNNNNNNN
IBV,NNNNNNNNNNNNNNNNNNNNNN
IBV,NNNNNNNNNNNNNNNNNNNNNN
IBV,NNNNNNNNNNNNNNNNNNNNNN
IBV,NNNNNNNNNNNNNNNNNNNNNN
IBV,NNNNNNNNNNNNNNNNNNNNNN
IBV,NNNNNNNNNNNNNNNNNNNNNN
IBV,NNNNNNNNNNNNNNNNNNNNNN
IBV,NNNNNNNNNNNNNNNNNNNNNN
IBV,NNNNNNNNNNNNNNNNNNNNNN
IBV,NNNNNNNNNNNNNNNNNNNNNN
IBV,NNNNNNNNNNNNNNNNNNNNNN
IBV,NNNNNNNNNNNNNNNNNNNNNN
IBV,NNNNNNNNNNNNNNNNNNNNNN
IBV,NNNNNNNNNNNNNNNNNNNNNN
IBV,NNNNNNNNNNNNNNNNNNNNNN
IBV,NNNNNNNNNNNNNNNNNNNNNN
IBV,NNNNNNNNNNNNNNNNNNNNN
IBV,NNNNNNNNNNNNNNNNNNNNN
IBV,NNNNNNNNNNNNNNNNNNNNN
IBV,NNNNNNNNNNNNNNNNNNNNN
IBV,NNNNNNNNNNNNNNNNNNNNN
IBV,NNNNNNNNNNNNNNNNNNNNN
IBV,NNNNNNNNNNNNNNNNNNNNN
IBV,NNNNNNNNNNNNNNNNNNNNN
IBV,NNNNNNNNNNNNNNNNNNNNN
IBV,NNNNNNNNNNNNNNNNNNNNN
IBV,NNNNNNNNNNNNNNNNNNNNN
IBV,NNNNNNNNNNNNNNNNNNNNN
IBV,NNNNNNNNNNNNNNNNNNNNN
IBV,NNNNNNNNNNNNNNNNNNNNN
IBV,NNNNNNNNNNNNNNNNNNNNN
IBV,NNNNNNNNNNNNNNNNNNNNN
IBV,NNNNNNNNNNNNNNNNNNNNN
IBV,NNNNNNNNNNNNNNNNNNNNN
IBV,NNNNNNNNNNNNNNNNNNNNN
IBV,NNNNNNNNNNNNNNNNNNNNN
IBV,NNNNNNNNNNNNNNNNNNNN
IBV,NNNNNNNNNNNNNNNNNNNN
IBV,NNNNNNNNNNNNNNNNNNNN
IBV,NNNNNNNNNNNNNNNNNNNN
IBV,NNNNNNNNNNNNNNNNNNNN
IBV,NNNNNNNNNNNNNNNNNNNN
IBV,NNNNNNNNNNNNNNNNNNNN
IBV,NNNNNNNNNNNNNNNNNNNN
IBV,NNNNNNNNNNNNNNNNNNNN
IBV,NNNNNNNNNNNNNNNNNNNN
IBV,NNNNNNNNNNNNNNNNNNNN
IBV,NNNNNNNNNNNNNNNNNNNN
IBV,NNNNNNNNNNNNNNNNNNNN
IBV,NNNNNNNNNNNNNNNNNNNN
IBV,NNNNNNNNNNNNNNNNNNNN
IBV,NNNNNNNNNNNNNNNNNNNN
IBV,NNNNNNNNNNNNNNNNNNNN
IBV,NNNNNNNNNNNNNNNNNNNN
IBV,NNNNNNNNNNNNNNNNNNNN
IBV,NNNNNNNNNNNNNNNNNNNN
IBV,NNNNNNNNNNNNNNNNNNN
IBV,NNNNNNNNNNNNNNNNNNN
IBV,NNNNNNNNNNNNNNNNNNN
IBV,NNNNNNNNNNNNNNNNNNN
IBV,NNNNNNNNNNNNNNNNNNN
IBV,NNNNNNNNNNNNNNNNNNN
IBV,NNNNNNNNNNNNNNNNNNN
IBV,NNNNNNNNNNNNNNNNNNN
IBV,NNNNNNNNNNNNNNNNNNN
IBV,NNNNNNNNNNNNNNNNNNN
IBV,NNNNNNNNNNNNNNNNNNN
IBV,NNNNNNNNNNNNNNNNNNN
IBV,NNNNNNNNNNNNNNNNNNN
IBV,NNNNNNNNNNNNNNNNNNN
IBV,NNNNNNNNNNNNNNNNNNN
IBV,NNNNNNNNNNNNNNNNNNN
IBV,NNNNNNNNNNNNNNNNNNN
IBV,NNNNNNNNNNNNNNNNNNN
IBV,NNNNNNNNNNNNNNNNNNN
IBV,NNNNNNNNNNNNNNNNNNN
IBV,NNNNNNNNNNNNNNNNNN
IBV,NNNNNNNNNNNNNNNNNN
IBV,NNNNNNNNNNNNNNNNNN
IBV,NNNNNNNNNNNNNNNNNN
IBV,NNNNNNNNNNNNNNNNNN
IBV,NNNNNNNNNNNNNNNNNN
IBV,NNNNNNNNNNNNNNNNNN
IBV,NNNNNNNNNNNNNNNNNN
IBV,NNNNNNNNNNNNNNNNNN
IBV,NNNNNNNNNNNNNNNNNN
IBV,NNNNNNNNNNNNNNNNNN
IBV,NNNNNNNNNNNNNNNNNN
IBV,NNNNNNNNNNNNNNNNNN
IBV,NNNNNNNNNNNNNNNNNN
IBV,NNNNNNNNNNNNNNNNNN
IBV,NNNNNNNNNNNNNNNNNN
IBV,NNNNNNNNNNNNNNNNNN
IBV,NNNNNNNNNNNNNNNNNN
IBV,NNNNNNNNNNNNNNNNNN
IBV,NNNNNNNNNNNNNNNNNN
IBV,NNNNNNNNNNNNNNNNN
IBV,NNNNNNNNNNNNNNNNN
IBV,NNNNNNNNNNNNNNNNN
IBV,NNNNNNNNNNNNNNNNN
IBV,NNNNNNNNNNNNNNNNN
IBV,NNNNNNNNNNNNNNNNN
IBV,NNNNNNNNNNNNNNNNN
IBV,NNNNNNNNNNNNNNNNN
IBV,NNNNNNNNNNNNNNNNN
IBV,NNNNNNNNNNNNNNNNN
IBV,NNNNNNNNNNNNNNNNN
IBV,NNNNNNNNNNNNNNNNN
IBV,NNNNNNNNNNNNNNNNN
IBV,NNNNNNNNNNNNNNNNN
IBV,NNNNNNNNNNNNNNNNN
IBV,NNNNNNNNNNNNNNNNN
IBV,NNNNNNNNNNNNNNNNN
IBV,NNNNNNNNNNNNNNNNN
IBV,NNNNNNNNNNNNNNNNN
IBV,NNNNNNNNNNNNNNNNN
IBV,NNNNNNNNNNNNNNNN
IBV,NNNNNNNNNNNNNNNN
IBV,NNNNNNNNNNNNNNNN
IBV,NNNNNNNNNNNNNNNN
IBV,NNNNNNNNNNNNNNNN
IBV,NNNNNNNNNNNNNNNN
IBV,NNNNNNNNNNNNNNNN
IBV,NNNNNNNNNNNNNNNN
IBV,NNNNNNNNNNNNNNNN
IBV,NNNNNNNNNNNNNNNN
IBV,NNNNNNNNNNNNNNNN
IBV,NNNNNNNNNNNNNNNN
IBV,NNNNNNNNNNNNNNNN
IBV,NNNNNNNNNNNNNNNN
IBV,NNNNNNNNNNNNNNNN
IBV,NNNNNNNNNNNNNNNN
IBV,NNNNNNNNNNNNNNNN
IBV,NNNNNNNNNNNNNNNN
IBV,NNNNNNNNNNNNNNNN
IBV,NNNNNNNNNNNNNNNN
IBV,NNNNNNNNNNNNNNN
IBV,NNNNNNNNNNNNNNN
IBV,NNNNNNNNNNNNNNN
IBV,NNNNNNNNNNNNNNN
IBV,NNNNNNNNNNNNNNN
IBV,NNNNNNNNNNNNNNN
IBV,NNNNNNNNNNNNNNN
IBV,NNNNNNNNNNNNNNN
IBV,NNNNNNNNNNNNNNN
IBV,NNNNNNNNNNNNNNN
IBV,NNNNNNNNNNNNNNN
IBV,NNNNNNNNNNNNNNN
IBV,NNNNNNNNNNNNNNN
IBV,NNNNNNNNNNNNNNN
IBV,NNNNNNNNNNNNNNN
IBV,NNNNNNNNNNNNNNN
IBV,NNNNNNNNNNNNNNN
IBV,NNNNNNNNNNNNNNN
IBV,NNNNNNNNNNNNNNN
IBV,NNNNNNNNNNNNNNN
IBV,NNNNNNNNNNNNNN
IBV,NNNNNNNNNNNNNN
IBV,NNNNNNNNNNNNNN
IBV,NNNNNNNNNNNNNN
IBV,NNNNNNNNNNNNNN
IBV,NNNNNNNNNNNNNN
IBV,NNNNNNNNNNNNNN
IBV,NNNNNNNNNNNNNN
IBV,NNNNNNNNNNNNNN
IBV,NNNNNNNNNNNNNN
IBV,NNNNNNNNNNNNNN
IBV,NNNNNNNNNNNNNN
IBV,NNNNNNNNNNNNNN
IBV,NNNNNNNNNNNNNN
IBV,NNNNNNNNNNNNNN
IBV,NNNNNNNNNNNNNN
IBV,NNNNNNNNNNNNNN
IBV,NNNNNNNNNNNNNN
IBV,NNNNNNNNNNNNNN
IBV,NNNNNNNNNNNNNN
IBV,NNNNNNNNNNNNN
IBV,NNNNNNNNNNNNN
IBV,NNNNNNNNNNNNN
IBV,NNNNNNNNNNNNN
IBV,NNNNNNNNNNNNN
IBV,NNNNNNNNNNNNN
IBV,NNNNNNNNNNNNN
IBV,NNNNNNNNNNNNN
IBV,NNNNNNNNNNNNN
IBV,NNNNNNNNNNNNN
IBV,NNNNNNNNNNNNN
IBV,NNNNNNNNNNNNN
IBV,NNNNNNNNNNNNN
IBV,NNNNNNNNNNNNN
IBV,NNNNNNNNNNNNN
IBV,NNNNNNNNNNNNN
IBV,NNNNNNNNNNNNN
IBV,NNNNNNNNNNNNN
IBV,NNNNNNNNNNNNN
IBV,NNNNNNNNNNNNN
IBV,NNNNNNNNNNNN
IBV,NNNNNNNNNNNN
IBV,NNNNNNNNNNNN
IBV,NNNNNNNNNNNN
IBV,NNNNNNNNNNNN
IBV,NNNNNNNNNNNN
IBV,NNNNNNNNNNNN
IBV,NNNNNNNNNNNN
IBV,NNNNNNNNNNNN
IBV,NNNNNNNNNNNN
IBV,NNNNNNNNNNNN
IBV,NNNNNNNNNNNN
IBV,NNNNNNNNNNNN
IBV,NNNNNNNNNNNN
IBV,NNNNNNNNNNNN
IBV,NNNNNNNNNNNN
IBV,NNNNNNNNNNNN
IBV,NNNNNNNNNNNN
IBV,NNNNNNNNNNNN
IBV,NNNNNNNNNNNN
IBV,NNNNNNNNNNNTT
IBV,NNNNNNNNNNN
IBV,NNNNNNNNNNN
IBV,NNNNNNNNNNN
IBV,NNNNNNNNNNN
IBV,NNNNNNNNNNN
IBV,NNNNNNNNNNN
IBV,NNNNNNNNNNN
IBV,NNNNNNNNNNN
IBV,NNNNNNNNNNN
IBV,NNNNNNNNNNN
IBV,NNNNNNNNNNN
IBV,NNNNNNNNNNN
IBV,NNNNNNNNNNN
IBV,NNNNNNNNNNN
IBV,NNNNNNNNNNN
IBV,NNNNNNNNNNN
IBV,NNNNNNNNNNN
IBV,NNNNNNNNNNN
IBV,NNNNNNNNNNN
IBV,NNNNNNNNNNN
IBV,NNNNNNNNNNN
IBV,NNNNNNNNNNN
IBV,NNNNNNNNNNN
IBV,NNNNNNNNNNN
IBV,NNNNNNNNNNN
IBV,NNNNNNNNNNN
IBV,NNNNNNNNNNN
IBV,NNNNNNNNNNN
IBV,NNNNNNNNNNN
IBV,NNNNNNNNNNN
IBV,NNNNNNNNNNN
IBV,NNNNNNNNNNN
IBV,NNNNNNNNNNN
IBV,NNNNNNNNNNN
IBV,NNNNNNNNNNN
IBV,NNNNNNNNNNN
IBV,NNNNNNNNNNN
IBV,NNNNNNNNNNN
IBV,NNNNNNNNNNN
IBV,NNNNNNNNNNN
IBV,NNNNNNNNNNN
IBV,NNNNNNNNNNN
IBV,NNNNNNNNNNN
IBV,NNNNNNNNNNN
IBV,NNNNNNNNNNN
IBV,NNNNNNNNNNN
IBV,NNNNNNNNNNN
IBV,NNNNNNNNNNN
IBV,NNNNNNNNNNN
IBV,NNNNNNNNNNN
IBV,NNNNNNNNNNN
IBV,NNNNNNNNNNN
IBV,NNNNNNNNNNN
IBV,NNNNNNNNNNN
IBV,NNNNNNNNNNN
IBV,NNNNNNNNNNN
IBV,NNNNNNNNNNN
IBV,NNNNNNNNNNN
IBV,NNNNNNNNNNN
IBV,NNNNNNNNNNN
IBV,NNNNNNNNNNN
IBV,NNNNNNNNNNN
IBV,NNNNNNNNNNN
IBV,NNNNNNNNNNN
IBV,NNNNNNNNNNN
IBV,NNNNNNNNNNN
IBV,NNNNNNNNNNN
IBV,NNNNNNNNNNN
IBV,NNNNNNNNNNN
IBV,NNNNNNNNNNN
IBV,NNNNNNNNNNN
IBV,NNNNNNNNNNN
IBV,NNNNNNNNNNN
IBV,NNNNNNNNNNN
IBV,NNNNNNNNNNN
IBV,NNNNNNNNNNN
IBV,NNNNNNNNNNN
IBV,NNNNNNNNNNN
IBV,NNNNNNNNNNN
IBV,NNNNNNNNNNN
IBV,NNNNNNNNNNN
IBV,NNNNNNNNNNN
IBV,NNNNNNNNNNN
IBV,NNNNNNNNNNN
IBV,NNNNNNNNNNN
IBV,NNNNNNNNNNN
IBV,NNNNNNNNNNN
IBV,NNNNNNNNNNN
IBV,NNNNNNNNNNN
IBV,NNNNNNNNNNN
IBV,NNNNNNNNNNN
IBV,NNNNNNNNNNN
IBV,NNNNNNNNNNN
IBV,NNNNNNNNNNN
IBV,NNNNNNNNNNN
IBV,NNNNNNNNNNN
IBV,NNNNNNNNNNN
IBV,NNNNNNNNNNN
IBV,NNNNNNNNNNN
IBV,NNNNNNNNNNN
IBV,NNNNNNNNNNN
IBV,NNNNNNNNNNN
IBV,NNNNNNNNNNN
IBV,NNNNNNNNNNN
IBV,NNNNNNNNNNN
IBV,NNNNNNNNNNN
IBV,NNNNNNNNNNN
IBV,NNNNNNNNNNN
IBV,NNNNNNNNNNN
IBV,NNNNNNNNNNN
IBV,NNNNNNNNNNN
IBV,NNNNNNNNNNN
IBV,NNNNNNNNNNN
IBV,NNNNNNNNNNN
IBV,NNNNNNNNNNN
IBV,NNNNNNNNNNN
IBV,NNNNNNNNNNN
IBV,NNNNNNNNNNN
IBV,NNNNNNNNNNN
IBV,NNNNNNNNNNN
IBV,NNNNNNNNNNN
IBV,NNNNNNNNNNN
IBV,NNNNNNNNNNN
IBV,NNNNNNNNNNN
IBV,NNNNNNNNNNN
IBV,NNNNNNNNNNN
IBV,NNNNNNNNNNN
IBV,NNNNNNNNNNN
IBV,NNNNNNNNNNN
IBV,NNNNNNNNNNN
IBV,NNNNNNNNNNN
IBV,NNNNNNNNNNN
IBV,NNNNNNNNNNN
IBV,NNNNNNNNNNN
IBV,NNNNNNNNNNN
IBV,NNNNNNNNNNN
IBV,NNNNNNNNNNN
IBV,NNNNNNNNNNN
IBV,NNNNNNNNNNN
IBV,NNNNNNNNNNN
IBV,NNNNNNNNNNN
IBV,NNNNNNNNNNN
IBV,NNNNNNNNNNN
IBV,NNNNNNNNNNN
IBV,NNNNNNNNNNN
IBV,NNNNNNNNNNN
IBV,NNNNNNNNNNN
IBV,NNNNNNNNNNN
IBV,NNNNNNNNNNN
IBV,NNNNNNNNNNN
IBV,NNNNNNNNNNN
IBV,NNNNNNNNNNN
IBV,NNNNNNNNNNN
IBV,NNNNNNNNNNN
IBV,NNNNNNNNNNN
IBV,NNNNNNNNNNN
IBV,NNNNNNNNNNN
IBV,NNNNNNNNNNN
IBV,NNNNNNNNNNN
IBV,NNNNNNNNNNN
IBV,NNNNNNNNNNN
IBV,NNNNNNNNNNN
IBV,NNNNNNNNNNN
IBV,NNNNNNNNNNN
IBV,NNNNNNNNNNN
IBV,NNNNNNNNNNN
IBV,NNNNNNNNNNN
IBV,NNNNNNNNNNN
IBV,NNNNNNNNNNN
IBV,NNNNNNNNNNN
IBV,NNNNNNNNNNN
IBV,NNNNNNNNNNN
IBV,NNNNNNNNNNN
IBV,NNNNNNNNNNN
IBV,NNNNNNNNNNN
IBV,NNNNNNNNNNN
IBV,NNNNNNNNNNN
IBV,NNNNNNNNNNN
IBV,NNNNNNNNNNN
IBV,NNNNNNNNNNN
IBV,NNNNNNNNNNN
IBV,NNNNNNNNNNN
IBV,NNNNNNNNNNN
IBV,NNNNNNNNNNN
IBV,NNNNNNNNNNN
IBV,NNNNNNNNNNN
IBV,NNNNNNNNNNN
IBV,NNNNNNNNNNN
IBV,NNNNNNNNNNN
IBV,NNNNNNNNNNN
IBV,NNNNNNNNNNN
IBV,NNNNNNNNNNN
IBV,NNNNNNNNNNN
IBV,NNNNNNNNNNN
IBV,NNNNNNNNNNN
IBV,NNNNNNNNNNN
IBV,NNNNNNNNNNN
IBV,NNNNNNNNNNN
IBV,NNNNNNNNNNN
IBV,NNNNNNNNNNN
IBV,NNNNNNNNNNN
IBV,NNNNNNNNNNN
IBV,NNNNNNNNNNN
IBV,NNNNNNNNNNN
IBV,NNNNNNNNNNN
IBV,NNNNNNNNNNN
IBV,NNNNNNNNNNN
IBV,NNNNNNNNNNN
IBV,NNNNNNNNNNN
IBV,NNNNNNNNNNN
IBV,NNNNNNNNNNN
IBV,NNNNNNNNNNN
IBV,NNNNNNNNNNN
IBV,NNNNNNNNNNN
IBV,NNNNNNNNNNN
IBV,NNNNNNNNNNN
IBV,NNNNNNNNNNN
IBV,NNNNNNNNNNN
IBV,NNNNNNNNNNN
IBV,NNNNNNNNNNN
IBV,NNNNNNNNNNN
IBV,NNNNNNNNNNN
IBV,NNNNNNNNNNN
IBV,NNNNNNNNNNN
IBV,NNNNNNNNNNN
IBV,NNNNNNNNNNN
IBV,NNNNNNNNNNN
IBV,NNNNNNNNNNN
IBV,NNNNNNNNNNN
IBV,NNNNNNNNNNN
IBV,NNNNNNNNNNN
IBV,NNNNNNNNNNN
IBV,NNNNNNNNNNN
IBV,NNNNNNNNNNN
IBV,NNNNNNNNNNN
IBV,NNNNNNNNNNN
IBV,NNNNNNNNNNN
IBV,NNNNNNNNNNN
IBV,NNNNNNNNNNN
IBV,NNNNNNNNNNN
IBV,NNNNNNNNNNN
IBV,NNNNNNNNNNN
IBV,NNNNNNNNNNN
IBV,NNNNNNNNNNN
IBV,NNNNNNNNNNN
IBV,NNNNNNNNNNN
IBV,NNNNNNNNNNN
IBV,NNNNNNNNNNN
IBV,NNNNNNNNNNN
IBV,NNNNNNNNNNN
IBV,NNNNNNNNNNN
IBV,NNNNNNNNNNN
IBV,NNNNNNNNNNN
IBV,NNNNNNNNNNN
IBV,NNNNNNNNNNN
IBV,NNNNNNNNNNN
IBV,NNNNNNNNNNN
IBV,NNNNNNNNNNN
IBV,NNNNNNNNNNN
IBV,NNNNNNNNNNN
IBV,NNNNNNNNNNN
IBV,NNNNNNNNNNN
IBV,NNNNNNNNNNN
IBV,NNNNNNNNNNN
IBV,NNNNNNNNNNN
IBV,NNNNNNNNNNN
IBV,NNNNNNNNNNN
IBV,NNNNNNNNNNN
IBV,NNNNNNNNNNN
IBV,NNNNNNNNNNN
IBV,NNNNNNNNNNN
IBV,NNNNNNNNNNN
IBV,NNNNNNNNNNN
IBV,NNNNNNNNNNN
IBV,NNNNNNNNNNN
IBV,NNNNNNNNNNN
IBV,NNNNNNNNNNN
IBV,NNNNNNNNNNN
IBV,NNNNNNNNNNN
IBV,NNNNNNNNNNN
IBV,NNNNNNNNNNN
IBV,NNNNNNNNNNN
IBV,NNNNNNNNNNN
IBV,NNNNNNNNNNN
IBV,NNNNNNNNNNN
IBV,NNNNNNNNNNN
IBV,NNNNNNNNNNN
IBV,NNNNNNNNNNN
IBV,NNNNNNNNNNN
IBV,NNNNNNNNNNN
IBV,NNNNNNNNNNN
IBV,NNNNNNNNNNN
IBV,NNNNNNNNNNN
IBV,NNNNNNNNNNN
IBV,NNNNNNNNNNN
IBV,NNNNNNNNNNN
IBV,NNNNNNNNNNN
IBV,NNNNNNNNNNN
IBV,NNNNNNNNNNN
IBV,NNNNNNNNNNN
IBV,NNNNNNNNNNN
IBV,NNNNNNNNNNN
IBV,NNNNNNNNNNN
IBV,NNNNNNNNNNN
IBV,NNNNNNNNNNN
IBV,NNNNNNNNNNN
IBV,NNNNNNNNNNN
IBV,NNNNNNNNNNN
IBV,NNNNNNNNNNN
IBV,NNNNNNNNNNN
IBV,NNNNNNNNNNN
IBV,NNNNNNNNNNN
IBV,NNNNNNNNNNN
IBV,NNNNNNNNNNN
IBV,NNNNNNNNNNN
IBV,NNNNNNNNNNN
IBV,NNNNNNNNNNN
IBV,NNNNNNNNNNN
IBV,NNNNNNNNNNN
IBV,NNNNNNNNNNN
IBV,NNNNNNNNNNN
IBV,NNNNNNNNNNN
IBV,NNNNNNNNNNN
IBV,NNNNNNNNNNN
IBV,NNNNNNNNNNN
IBV,NNNNNNNNNNN
IBV,NNNNNNNNNNN
IBV,NNNNNNNNNNN
IBV,NNNNNNNNNNN
IBV,NNNNNNNNNNN
IBV,NNNNNNNNNNN
IBV,NNNNNNNNNNN
IBV,NNNNNNNNNNN
IBV,NNNNNNNNNNN
IBV,NNNNNNNNNNN
IBV,NNNNNNNNNNN
IBV,NNNNNNNNNNN
IBV,NNNNNNNNNNN
IBV,NNNNNNNNNNN
IBV,NNNNNNNNNNN
IBV,NNNNNNNNNNN
IBV,NNNNNNNNNNN
IBV,NNNNNNNNNNN
IBV,NNNNNNNNNNN
IBV,NNNNNNNNNNN
IBV,NNNNNNNNNNN
IBV,NNNNNNNNNN
IBV,NNNNNNNNNN
IBV,NNNNNNNNNN
IBV,NNNNNNNNNN
IBV,NNNNNNNNNN
IBV,NNNNNNNNNN
IBV,NNNNNNNNNN
IBV,NNNNNNNNNN
IBV,NNNNNNNNNN
IBV,NNNNNNNNNN
IBV,NNNNNNNNNN
IBV,NNNNNNNNNN
IBV,NNNNNNNNNN
IBV,NNNNNNNNNN
IBV,NNNNNNNNNN
IBV,NNNNNNNNNN
IBV,NNNNNNNNNN
IBV,NNNNNNNNNN
IBV,NNNNNNNNNN
IBV,NNNNNNNNNN
IBV,NNNNNNNNNN
IBV,NNNNNNNNNN
IBV,NNNNNNNNNN
IBV,NNNNNNNNNN
IBV,NNNNNNNNNN
IBV,NNNNNNNNNN
IBV,NNNNNNNNNN
IBV,NNNNNNNNNN
IBV,NNNNNNNNNN
IBV,NNNNNNNNNN
IBV,NNNNNNNNN
IBV,NNNNNNNNN
IBV,NNNNNNNNN
IBV,NNNNNNNNN
IBV,NNNNNNNNN
IBV,NNNNNNNNN
IBV,NNNNNNNNN
IBV,NNNNNNNNN
IBV,NNNNNNNNN
IBV,NNNNNNNNN
IBV,NNNNNNNNN
IBV,NNNNNNNNN
IBV,NNNNNNNNN
IBV,NNNNNNNNN
IBV,NNNNNNNNN
IBV,NNNNNNNNN
IBV,NNNNNNNNN
IBV,NNNNNNNNN
IBV,NNNNNNNNN
IBV,NNNNNNNNN
IBV,NNNNNNNNN
IBV,NNNNNNNNN
IBV,NNNNNNNNN
IBV,NNNNNNNNN
IBV,NNNNNNNNN
IBV,NNNNNNNNN
IBV,NNNNNNNNN
IBV,NNNNNNNNN
IBV,NNNNNNNNN
IBV,NNNNNNNNN
IBV,TAACAGTTA
IBV,TAAGTTTTG
IBV,TACNNNNNNNN
IBV,TATNNNNNNNNNNNNNNNNNNNNNNNNNNNNNNNNNNNNNNN
IBV,TCAACACAA
IBV,TCTGGAGTG
IBV,TTACTAAGA
IBV,TTTGCTTGT
IBV,ACTCAACACAA
IBV,ACTTAATAT
IBV,ACTTAATAT
IBV,ATAATAATA
IBV,CAATATGTT
IBV,CACAAACTGCT
IBV,CGTTATAAG
IBV,CTGTTGTAA
IBV,CTTCAAGGT
IBV,GTAAAGGTG
IBV,GTGTATAAA
IBV,TAAAACTAC
IBV,TAATATTACT
IBV,TAATATTACT
IBV,TATTACTAA
IBV,TCTTCACAA
IBV,TCTTCTATA
IBV,TGACCTTGT
IBV,TGGAGTGTA
IBV,TGTACTCAT
IBV,TTATTAACA
IBV,TTATTATAATT
IBV,TTATTTACA
IBV,TTGTAAATA
IBV,TTGTTTGCA
IBV,TTTACTACT
IBV,TTATTATAATT
IBV,AACAAAACT
IBV,AATAATGCC
IBV,AATAATTAT
IBV,ACAAAACTACT
IBV,ACCAGAAACTA
IBV,ACCATTTTG
IBV,ACTCATCATC
IBV,ACTTAATAT
IBV,AGAATCAATT
IBV,AGTTTTAATT
IBV,ATAATAATA
IBV,ATACTAATAA
IBV,ATTTTGTGGTA
IBV,ATTTTGTGG
IBV,CAAGCGCTTG
IBV,CATAGCTATG
IBV,CATTTTGTG
IBV,CTAGCATTA
IBV,CTAGCTTGT
IBV,GCACTATTG
IBV,GGTTTTATT
IBV,GTAATAATTA
IBV,GTAATAATT
IBV,GTATACAAA
IBV,GTATCTAAA
IBV,GTGTATAAA
IBV,GTGTGCACTA
IBV,TAACAGGCA
IBV,TAACAGTTA
IBV,TAATAAGAA
IBV,TAATAAGGC
IBV,TAATATTACT
IBV,TATAATTTA
IBV,TATTACTAA
IBV,TATTATAAT
IBV,TCAACACAA
IBV,TGAGTTGCAA
IBV,TTAAATCTTT
IBV,TTAATTATT
IBV,TTATAATCAA
IBV,TTATAATCA
IBV,TTATTATAATT
IBV,TTATTTACA
IBV,TTGTATACAA
IBV,TTTGTGGTA
IBV,AAAGTATTAA
IBV,ATAAGCTTAT
IBV,TACTTTCTA
IBV,CATAGCTATG
IBV,GTGTGCACTA
IBV,GTTAATACTA
IBV,TAACTTAACA
IBV,TTATTATAATT
IBV,AAACTTACCA
IBV,AATCTACCAG
IBV,AATTGCCACAA
IBV,ACCCAGTCA
IBV,ACTGGCATGCT
IBV,AGGTTTTAT
IBV,AGTTATAACT
IBV,ATCAAAATCA
IBV,ATCTGTTGG
IBV,ATTCACTTT
IBV,CAATTTCACT
IBV,CACAAACAG
IBV,CACTTAATA
IBV,CACTTTCAGT
IBV,CCAGTTATAA
IBV,CCATTAGGT
IBV,CCTGCAGTA
IBV,CTGTTGGTA
IBV,CTTACTCAT
IBV,GCAATTTTT
IBV,GCAATTTTT
IBV,GCCTGCAGT
IBV,GGCAATTTT
IBV,GTAAAGGTG
IBV,GTATACAAA
IBV,TAACAGTTA
IBV,TAAGTTTTG
IBV,TATAACTGGC
IBV,TATTATAAT
IBV,TCAACACAA
IBV,TCTGGAGTG
IBV,TGCATACTG
IBV,TGCCAGTAT
IBV,TGTTGGTAA
IBV,TTACTAAGA
IBV,TTATAAACA
IBV,TTATAATAAT
IBV,TTATTATAATT
IBV,TTCTGAGTAG
IBV,TTGTATAAAA
IBV,TTTGCTTGT
IBV,CATAGCTATG
IBV,GCCCTAGGGC
IBV,GTGTGCACTA
IBV,GTTAATACTA
IBV,TTATTATAATT
IBV,AAGGCCATT
IBV,AATACTATT
IBV,ACATAATTT
IBV,AGAAGATTT
IBV,AGTCACATT
IBV,ATTATGAAA
IBV,CAAGAGGCT
IBV,CATTTTGTG
IBV,CGTATCTAA
IBV,CTAGCATTA
IBV,CTTCAAGGT
IBV,GCCTACTCT
IBV,GGTTTTATT
IBV,GTATACAAA
IBV,GTGTATAAACACT
IBV,GTGTTAATA
IBV,TAACAGGCA
IBV,TAACAGTTA
IBV,TAATAAGAA
IBV,TATTACTAA
IBV,TATTATAAT
IBV,TCTTACCAC
IBV,TTATCTAAA
IBV,TTATTAACA
IBV,TTATTTACA
IBV,TTTGTGGTA
IBV,TATGCAAGA
IBV,ACACTGTAA
IBV,ACCAGAAACTA
IBV,ACTGGTTCTCA
IBV,AGTGATTTT
IBV,ATTTTAATG
IBV,TAGTATTAATACTA
IBV,TATTATAAT
IBV,TCAACACAA
IBV,TGCCAGTAT
IBV,TTATAAACA
IBV,TTATAATAA
IBV,TTATTATAATT
IBV,ACTCAACACAA
IBV,TTATTATAATT
IBV,CATAGCTATG
IBV,GTGTGCACTA
IBV,GTTAATACTA
IBV,TAACTTAACA
IBV,TTATTATAATT
IBV,TTGTCACACA
IBV,GAAAGTAGCA
IBV,ACCAAAGTGC
IBV,GCCCTAGGGC
IBV,GTGTGCACTA
IBV,GTTAATACTA
IBV,TAACTTAACA
IBV,TTATTATAATT
IBV,TTGTCACACA
IBV,ACTCAACACAA
IBV,TTATTATAATT
IBV,ACTTCTAGTTT
IBV,TTAGTAATAAA
IBV,ACTATTGATG
IBV,CATAGCTATG
IBV,GCCCTAGGGC
IBV,GCCTATAGGC
IBV,GTGTGCACTA
IBV,GTTAATACTA
IBV,TAACTTAACA
IBV,TTATTATAATT
IBV,CATAGCTATG
IBV,GTGTGCACTA
IBV,AAACTTACCA
IBV,AATCTACCAG
IBV,AATTGCCACAA
IBV,ACCCAGTCA
IBV,ACTGGCATGCT
IBV,AGGTTTTAT
IBV,AGTTATAACT
IBV,ATCAAAATCA
IBV,ATCTGTTGG
IBV,ATTCACTTT
IBV,CAATTTCACT
IBV,CACTTAATA
IBV,CACTTTCAGT
IBV,CCAGTTATAA
IBV,CCATTAGGT
IBV,CCTGCAGTA
IBV,CTGTTGGTA
IBV,CTTACTCAT
IBV,GCAATTTTT
IBV,GCAATTTTT
IBV,GCCTGCAGT
IBV,GGCAATTTT
IBV,GTAAAGGTG
IBV,GTATACAAA
IBV,TAACAGTTA
IBV,TAAGTTTTG
IBV,TATAACTGGC
IBV,TATTATAAT
IBV,TCAACACAA
IBV,TCTGGAGTG
IBV,TGCATACTG
IBV,TGCCAGTAT
IBV,TGTCAAGTA
IBV,TGTTGGTAA
IBV,TTACTAAGA
IBV,TTATAAACA
IBV,TTATAATAAT
IBV,TTATTATAATT
IBV,TTCTGAGTAG
IBV,TTGTATAAAA
IBV,TTTGCTTGT
IBV,TTTTGTATG
IBV,ACTGTTGGT
IBV,GCCTACTCT
IBV,GTAAAGGTG
IBV,GTATCTAAA
IBV,TATAATTTA
IBV,TATATTATA
IBV,TCTTGCTTA
IBV,TGTACTCAT
IBV,TTAATACTA
IBV,TTATCTAAA
IBV,TTATTATAATT
IBV,AAATAGTGT
IBV,AACTGCTGATTA
IBV,ACTGGTTCTCA
IBV,GTGGTTTTGTT
IBV,TTATTATAATT
IBV,AAATTATAATA
IBV,AACTTTTCT
IBV,AATAATTAT
IBV,AATTACATG
IBV,AATTTTGTAGT
IBV,ACCCTGCAT
IBV,ATAATATTAT
IBV,CAAAATTTTG
IBV,CTACTAATT
IBV,GTGTGCACTA
IBV,TAATAATTA
IBV,TAATATTAT
IBV,TATAATCAA
IBV,TATTATAAT
IBV,TCAACACAA
IBV,TTAGTTAAAG
IBV,TTATAATTTA
IBV,TTATTATAATT
IBV,AATAATTATT
IBV,ATAATAATT
IBV,ATGTATCTAA
IBV,CACCTGCAGGTG
IBV,GCATTGTTA
IBV,GTAATATTAT
IBV,GTTTTATAA
IBV,TAATAAAAC
IBV,TAATAATTA
IBV,TGCATATGCA
IBV,TTATAATAAT
IBV,TTCCGTTTA
IBV,TTTAGTGAT
IBV,AATTATAATT
IBV,ACTAATATTAGT
IBV,GTTTATAAAC
IBV,TATAATTATA
IBV,AAACCATTA
IBV,AACAAAACT
IBV,ACTGTTGGT
IBV,ACTTAATAT
IBV,ACTTAATAT
IBV,AGTTTTAAGT
IBV,ATAATAATA
IBV,CAATATGTT
IBV,CATTTTGTG
IBV,CCATCCTAG
IBV,CCCCTAGGGG
IBV,CTGTTGTAA
IBV,GATAAGGTCC
IBV,GCCTACTCT
IBV,GCTGGTTTA
IBV,GGAATGATAC
IBV,GGTGGTGTTA
IBV,GGTTTTATT
IBV,GTAAAGGTG
IBV,GTGTGCACTA
IBV,GTGTTAATA
IBV,TAATATTACT
IBV,TAATATTACT
IBV,TATAATTTA
IBV,TATTACTAA
IBV,TCTTGCTTA
IBV,TGGAGTGTA
IBV,TGGCTAGCCA
IBV,TGTACTCAT
IBV,TGTTTCAACA
IBV,TTAATACTA
IBV,TTATTAACA
IBV,TTATTTACA
IBV,TTGTAAATA
IBV,TTGTCACACA
IBV,TTTAGCAGA
IBV,TTTCAACAA
IBV,TTTTGTGGTA
IBV,AAACTATTA
IBV,AACAGATTC
IBV,AAGGCCATT
IBV,AATTTAACA
IBV,ATGGTTTGC
IBV,CAAAATGTTCA
IBV,CAAGGTCTT
IBV,CAATATGTT
IBV,CGTTTACTACT
IBV,CTAGCATTA
IBV,GAGAAAGTA
IBV,GCAATTTTT
IBV,GGTGGTGTT
IBV,GGTTCTCAA
IBV,GTAGTGTTAACACTAC
IBV,GTATAAAAA
IBV,GTTGCTGGT
IBV,TAACAGTTT
IBV,TACTAACAT
IBV,TAGCCATGA
IBV,TATTATAAT
IBV,TCATTACTA
IBV,TCTGCTGTA
IBV,TGCTAGAGA
IBV,TTAATTTGA
IBV,TTTAATATA
IBV,TTTCTGAGT
IBV,TTTGTGGTA
IBV,TTTGTTGTA
IBV,ACTGTTGGT
IBV,GCCTACTCT
IBV,GTATCTAAA
IBV,GTTAATACT
IBV,GTTCTGCAGAAC
IBV,TACCACTAA
IBV,TATAATTTA
IBV,TTATTATAATT
IBV,ACACTGTAA
IBV,CCTAATGTA
IBV,CTGTAAGCA
IBV,GTAATATTAC
IBV,GTAATATTA
IBV,TTACGTACGTAA
IBV,TTAGTACTAA
IBV,AAACCATTA
IBV,ACTGTTGGT
IBV,ACTTAATAT
IBV,ACTTAATAT
IBV,ATAATAATA
IBV,ATAATCAAA
IBV,CAATATGTT
IBV,CATTTTGTG
IBV,CTAGCATTA
IBV,CTGGCTTGT
IBV,CTGTTGTAA
IBV,GCCTACTCT
IBV,GCTGGTTTA
IBV,GGTTTTATT
IBV,GTAAAGGTG
IBV,GTATCTAAA
IBV,TAACAGGCA
IBV,TAATATTACT
IBV,TAATATTACT
IBV,TATAATTTA
IBV,TATTACTAA
IBV,TCTTACCAC
IBV,TCTTGCTTA
IBV,TGGAGTGTA
IBV,TGTACTCAT
IBV,TTATCTAAA
IBV,TTATTAACA
IBV,TTATTTACA
IBV,TTGTAAATA
IBV,ACTGGCATGCT
IBV,ACTGGTTCTCA
IBV,AGTTATAACT
IBV,TATAACTGGC
IBV,TTATAATAAT
IBV,TTATTAATAGT
IBV,TTATTATAATT
IBV,TTCATATGAA
IBV,AAATTATAAT
IBV,ACAGATGTTT
IBV,ACTCAACACA
IBV,AGTTATAACT
IBV,TGCATATGCA
IBV,TTATAATAAT
IBV,TTATTATAATT
IBV,AAACTGGTT
IBV,AAGTAATTAT
IBV,AATATAATA
IBV,ACACATTGT
IBV,ACCATTTTG
IBV,AGCAGATGCT
IBV,AGGTGGTTGT
IBV,AGGTTTTAT
IBV,AGTTATGAG
IBV,ATAATAATG
IBV,ATCTGTTGG
IBV,CACAAACAG
IBV,CACTTAATA
IBV,CAGTAAGAAT
IBV,CATCCTAATATTAGGATG
IBV,CCAAAATTTTTAT
IBV,CTAGCATTA
IBV,CTCGTGCTT
IBV,GAATATGGC
IBV,GCAACACAA
IBV,GCAATTTTT
IBV,GTAAAGGTG
IBV,GTATACAAA
IBV,GTATGTCAT
IBV,GTGATGACA
IBV,GTTATTATAA
IBV,GTTTCATTA
IBV,TAATACAGGTGGT
IBV,TAATATCTCT
IBV,TACAAACTG
IBV,TACTGCAGTA
IBV,TAGTAATGA
IBV,TAGTTAATGT
IBV,TATATTTAAA
IBV,TCTTGTCAA
IBV,TGAATATAAT
IBV,TGGATCTTA
IBV,TGGCAACTC
IBV,TGGCTAGCCA
IBV,TTATCAAAA
IBV,TTGTATAAAA
IBV,TTGTTAACAA
IBV,TTTTGTGGTA
IBV,TTTTTATAA
IBV,AACACCACC
IBV,ACCACCTTG
IBV,GTGTTAACAC
IBV,GTTTATAAAC
IBV,ACTGTAATTT
IBV,ACTGTTGGT
IBV,CATAGCTATG
IBV,GCCTACTCT
IBV,GCCTATAGGC
IBV,GTACTATTA
IBV,GTATCTAAA
IBV,GTGTGCACTA
IBV,GTTAATACTA
IBV,GTTAATACT
IBV,TATAATTTA
IBV,TTATCTAAA
IBV,TTATTATAATT
IBV,GTGTTAACAC
IBV,ACTGGCATGCT
IBV,TTATTATAATT
IBV,ACTGGCATGCT
IBV,TTATTATAATT
IBV,ACACATTGT
IBV,ACTGTAATTT
IBV,ACTGTTGGT
IBV,CATAGCTATG
IBV,GCCTACTCT
IBV,GTATCTAAA
IBV,GTGTGCACTA
IBV,GTTAATACTA
IBV,GTTAATACT
IBV,GTTCTGCAGAAC
IBV,TATAATTTA
IBV,TGCGTTAATA
IBV,TTATCTAAA
IBV,TTATTATAATT
IBV,CATAGCTATG
IBV,GCCCTAGGGC
IBV,GTGTGCACTA
IBV,GTTAATACTA
IBV,TTATTATAATT
IBV,TTGTCACACA
IBV,ACTGTTGGT
IBV,CATAGCTATG
IBV,CCCTGCAGGG
IBV,GCCTACTCT
IBV,GTATCTAAA
IBV,GTGTGCACTA
IBV,TAATAAAAC
IBV,TATAATTTA
IBV,TTAATACTA
IBV,TTATTATAATT
IBV,TTGTCACACA
IBV,AATACTAGTATT
IBV,CTGTTTCATTA
IBV,TAATACAGGTGGT
IBV,AACCTCTTTTA
IBV,CATCTTGTGCAG
IBV,TTATGAAAAGTG
IBV,GGTCTCATT
IBV,TAGACCATT
IBV,ACTCAACACAA
IBV,TTATTATAATT
IBV,AAATTATAGTA
IBV,GTTCTGCAGAAC
IBV,AGATTTAAATCT
IBV,CTGAGTCAGTT
IBV,ACTGTTGGT
IBV,GCCTACTCT
IBV,GTATCTAAA
IBV,TATAATTTA
IBV,TCTTGCTTA
IBV,TTATCTAAA
IBV,TTATTATAATT
IBV,ACTGGCATGCT
IBV,TTATTATAATT
IBV,ACAGTATGT
IBV,ACGTTCTTTT
IBV,AGATGGTTA
IBV,AGGAGCTCCT
IBV,ATAAATTTAT
IBV,ATAGCTTTA
IBV,ATCAGTTGG
IBV,ATTATAAAA
IBV,ATTGTTGGA
IBV,ATTTAAAGC
IBV,CAACAATGC
IBV,CAAGATGTA
IBV,CATTATTAAT
IBV,CATTGACTAT
IBV,CCAGATGGT
IBV,CGTAGTTAG
IBV,CTGTTACTG
IBV,CTTCAATAAA
IBV,CTTCCACTT
IBV,CTTTGAATA
IBV,GCACCAAAG
IBV,GGTTCATTA
IBV,TATAGTAGG
IBV,TATGAAAATG
IBV,TATTATTAT
IBV,TCACACACTG
IBV,TGTAAATAG
IBV,TGTACCCTT
IBV,TTAATTTGA
IBV,TTACATTTT
IBV,TTAGTGATG
IBV,TTCTATTAAC
IBV,TTCTTATTA
IBV,TTGTACACC
IBV,TTGTCACACA
IBV,TTTAGTAAC
IBV,TTTATTGAAG
IBV,TTTGATTTC
IBV,TTTGATTTGT
IBV,TTTTGTAAAT
IBV,AAAGTATTAA
IBV,AGTACTAAT
IBV,TACTTTCTA
IBV,TAGACCATT
IBV,CATAGCTATG
IBV,CGTATCTAAA
IBV,GTGTGCACTA
IBV,GTTAATACTA
IBV,GTTCTGCAGAAC
IBV,TTATTATAATT
IBV,AAATTATAATA
IBV,AATAATTAT
IBV,AATTACATG
IBV,AATTTTGTAGT
IBV,ACCCTGCAT
IBV,ATAATATTAT
IBV,CAAAATTTTG
IBV,CTACTAATT
IBV,GTGTGCACTA
IBV,TAATAATTA
IBV,TAATATTAT
IBV,TATAATCAA
IBV,TATTATAAT
IBV,TCAACACAA
IBV,TTATAATTTA
IBV,TTATTATAATT
IBV,TAGACCATT
IBV,TGGCATGCT
IBV,AACATCTGT
IBV,GCTTTAAAA
IBV,AAAAATTTTT
IBV,AAAAGTGGTG
IBV,AAACTATTA
IBV,AACAGATTC
IBV,AAGATATCTT
IBV,AAGGCCATT
IBV,AATAATGGT
IBV,AATACGGTC
IBV,AATTTAACA
IBV,ACAATTTGT
IBV,ACGGTCCTGT
IBV,ATAACTTACA
IBV,ATGGTTTGC
IBV,ATGTTAGTAA
IBV,CAAGGTCTT
IBV,CAATGCATTG
IBV,CATTTTGTGG
IBV,CTAGCATTA
IBV,CTTTTAAAAG
IBV,GAAACTGTT
IBV,GAGAAAGTA
IBV,GCAATTTTT
IBV,GGTGGTGTT
IBV,GGTTCTCAA
IBV,GTAGTGTTAACACTAC
IBV,GTATTACGGC
IBV,GTTAACACTA
IBV,GTTGCTGGT
IBV,GTTTACTACT
IBV,TAACAGTTT
IBV,TACTAACAT
IBV,TAGCCATGA
IBV,TATTATAAT
IBV,TCATTACTA
IBV,TCTGCTGTA
IBV,TCTTCAATA
IBV,TGCTAGAGA
IBV,TGTTTGATA
IBV,TTTAATATA
IBV,TTTCTGAGT
IBV,TTTGTGGTA
IBV,TTTGTTGTA
IBV,AATTATAATT
IBV,AATTATAATT
IBV,ATAATTATAATT
IBV,ATTATAATTATAAT
IBV,AAAGTAGTGTTAACACTACTTT
IBV,AGCAGATGCT
IBV,ATCTGTTGG
IBV,CACTTAATA
IBV,CTAGCATTA
IBV,TAATATCTCT
IBV,TACTGCAGTA
IBV,TCTTGTCAA
IBV,TGAATATAAT
IBV,TGGCAACTC
IBV,TTAATAAAGC
IBV,TTATCAAAA
IBV,TTGTATAAAA
IBV,TTGTTAACAA
IBV,TTTGTGGTA
IBV,AATGAAAAAT
IBV,ACTGTAATTT
IBV,CAGTGCACTG
IBV,GTGTGCACTA
IBV,GTTAATACTA
IBV,TGCGTTAATA
IBV,TTATTATAATT
IBV,TTTCATTTCT
IBV,AACATCTGTA
IBV,GTATTAATAC
IBV,TTCTATAGAA
IBV,AAATTGCTG
IBV,ACTGGCATGCT
IBV,ACTGGTTCTCA
IBV,AGGTTTTAT
IBV,ATCTGTTGG
IBV,CACTTAATA
IBV,CCTGCAGTA
IBV,CTAGCATTA
IBV,CTGTTGGTA
IBV,GCAATTTTT
IBV,GCAATTTTT
IBV,GCCTGCAGT
IBV,GTATACAAA
IBV,GTCTATTAG
IBV,TAACAGTTA
IBV,TAAGTTTTG
IBV,TATAAAAAT
IBV,TATGAAAAATG
IBV,TATTATAAT
IBV,TCAACACAA
IBV,TGCCAGTAT
IBV,TTACTAAGA
IBV,TTATAAACA
IBV,TTATTATAATT
IBV,TTTCTGAGTAG
IBV,TTTGCTTGT
IBV,TTTGTTGTA
IBV,ACTTCTAGTTT
IBV,TTAGTAATAAA
IBV,AACTGATTCTCAA
IBV,AAGTAAAAG
IBV,ACTGCTGGTTA
IBV,ACTGCTGGT
IBV,ATGCAGTAG
IBV,CACTTACAT
IBV,CAGGTGCTG
IBV,TAGTTAATG
IBV,TTCTCAAGA
IBV,ACATTGTTT
IBV,ACCTAGTAG
IBV,ACTCAACACAA
IBV,ACTTAATGT
IBV,AGCTATGGC
IBV,AGGTGGTGT
IBV,ATATTAAGT
IBV,ATTATGAGA
IBV,ATTTTGTGGTA
IBV,CAATATGTT
IBV,CCTAATATTAGG
IBV,CTAGCATTA
IBV,GTAGTAATG
IBV,GTATCTAAA
IBV,TAAAATTAT
IBV,TAAAGCCTTGGC
IBV,TAATATTAG
IBV,TACTAATAG
IBV,TCTGTATTG
IBV,TCTTACCAC
IBV,TTAACATCT
IBV,TTAATTTGA
IBV,TTATTATAATT
IBV,TTGAACCTG
IBV,TTGTTTGCA
IBV,TTTTATATT
IBV,TTTTGTTAACAC
IBV,ATCTGTTGG
IBV,GAAGATCTTC
IBV,ACACATTGT
IBV,AAACCAGCTGGTTT
IBV,AACTAGTAT
IBV,AACTTGTTGT
IBV,AATCTACCAG
IBV,AATTATAAT
IBV,ACCATTTTG
IBV,AGTAATAGA
IBV,AGTGCTAAT
IBV,AGTTATAACT
IBV,ATAAAGTTA
IBV,ATCAAACGTC
IBV,ATCTGTTGG
IBV,CACTGTAAT
IBV,CACTTAATA
IBV,CATTTTGTG
IBV,CCAGTTATAA
IBV,CGCAAACAG
IBV,CTAGCATTA
IBV,CTAGTATTAA
IBV,CTTATTCAT
IBV,GCAATTTTTT
IBV,GCACCAGCT
IBV,GCCATAGAA
IBV,GCTGGTGCA
IBV,GGCCTTATT
IBV,GTATACAAA
IBV,TAAATAATT
IBV,TACTATAGTA
IBV,TAGTATTAATACTA
IBV,TATAAGTTT
IBV,TCAACACAA
IBV,TGGTTACATT
IBV,TTAGTAATA
IBV,TTATAATAAT
IBV,TTTCTGAGT
IBV,TTTGCTTGT
IBV,TTTTATTAA
IBV,TTTTGTGGTA
IBV,CTGTAAGCA
IBV,GTAATATTAC
IBV,GTAATATTA
IBV,TACATATGTA
IBV,TTAGTACTAA
IBV,TTATTATAATT
IBV,TGCCAGTAT
IBV,TTATTATAATT
IBV,ACTTCTAGTTT
IBV,TTAGTAATAAA
IBV,AAACCATTA
IBV,ACTGTTGGT
IBV,CATAGCTATG
IBV,GTGTGCACTA
IBV,GTGTGCACT
IBV,GTTAATACTA
IBV,GTTAATACT
IBV,TAACTTAACA
IBV,TCTTGCTTA
IBV,TTATCTAAA
IBV,TTATTATAATT
IBV,GTGTGCACT
IBV,AACTAATTT
IBV,ACATCTTCG
IBV,ATGAAAAAT
IBV,GCAGGTGGTGC
IBV,GTAAAGGTG
IBV,TAGTATTAATACTA
IBV,TATTATAAT
IBV,TCAACACAA
IBV,TGAGTTAACTCA
IBV,TGGTGAGTT
IBV,TGGTGGTGT
IBV,TGTAAACAC
IBV,TTAACTCAC
IBV,TTATTATAATT
IBV,TTGAAAAAG
IBV,TATAATTTA
IBV,AAACCATTAATGGTTT
IBV,TTATTATAATT
IBV,GCCTACTCT
IBV,GTATCTAAA
IBV,TATAATTTA
IBV,TCTTGCTTA
IBV,TGACCATTT
IBV,TTACTAATA
IBV,TTATTATAATT
IBV,TTTGCACTA
IBV,TTTTCGTTT
IBV,ACTGTTGGT
IBV,CATAGCTATG
IBV,CCATAGATG
IBV,GCCTACTCT
IBV,GTATCTAAA
IBV,GTGTGCACTA
IBV,GTTAATACTA
IBV,TATAATTTA
IBV,TCACTAATG
IBV,TGGTTCTCA
IBV,TTATTATAATT
IBV,TTGTATACAA
IBV,TTGTCACACA
IBV,ACTGTTGGT
IBV,ACTTAATAT
IBV,ACTTAATAT
IBV,ATAATAATA
IBV,CAATATGTT
IBV,CATTTTGTG
IBV,CTAGCATTA
IBV,CTGTTGTAA
IBV,GCCTACTCT
IBV,GCTGGTTTA
IBV,GGTTTTATT
IBV,GTAAAGGTG
IBV,GTGTTAATA
IBV,TAACAGGCA
IBV,TAATATTACT
IBV,TAATATTACT
IBV,TATAATTTA
IBV,TATTACTAA
IBV,TCTTACCAC
IBV,TCTTGCTTA
IBV,TGTACTCAT
IBV,TTAATACTA
IBV,TTATTAACA
IBV,TTATTTACA
IBV,TTGTAAATA
IBV,TTTGATTAT
IBV,CATAGCTATG
IBV,GCCCTAGGGC
IBV,GTGTGCACTA
IBV,GTTAATACTA
IBV,TAACTTAACA
IBV,TTATTATAATT
IBV,TTGTCACACA
IBV,ATAAACCAT
IBV,AAACCATTA
IBV,ACTGTTGGT
IBV,ACTTAATAT
IBV,ACTTAATAT
IBV,ATAATAATA
IBV,ATAATCAAA
IBV,CAATATGTT
IBV,CATTTTGTG
IBV,CTAGCATTA
IBV,CTGGCTTGT
IBV,CTGTTGTAA
IBV,GCCTACTCT
IBV,GCTGGTTTA
IBV,GGTTTTATT
IBV,GTAAAGGTG
IBV,GTATCTAAA
IBV,TAACAGGCA
IBV,TAATATTACT
IBV,TAATATTACT
IBV,TATAATTTA
IBV,TATTACTAA
IBV,TCTTACCAC
IBV,TCTTGCTTA
IBV,TGGAGTGTA
IBV,TGTACTCAT
IBV,TTATCTAAA
IBV,TTATTAACA
IBV,TTATTTACA
IBV,TTGTAAATA
IBV,AGCTGCAGCT
IBV,CGCGCCGCTG
IBV,GGCAGCTGCC
IBV,TATAGCTATA
IBV,TGCGCGCTG
IBV,TGCGCGCTG
IBV,TGCGCGCTG
IBV,TGCTATAGCA
IBV,AACTGCTGATTA
IBV,GTGGTTTTGTT
IBV,AATAATTATA
IBV,AATACTAGTATT
IBV,AGGTGGTTGT
IBV,CTGTTTCATTA
IBV,GTTATTATAA
IBV,TAATACAGGTGGT
IBV,TAGTTAATGT
IBV,AAAGTATTAA
IBV,TACTTTCTA
IBV,CATAGCTATG
IBV,GCCCTAGGGC
IBV,GTGTGCACTA
IBV,TAACTTAACA
IBV,TTATTATAATT
IBV,TTGTCACACA
IBV,GTATTTAAATAC
IBV,TTATTATAATT
IBV,ACACTGTAA
IBV,ACCAGAAACTA
IBV,ACTGGTTCTCA
IBV,AGGTTTTAT
IBV,AGTGATTTT
IBV,ATAGTGTTT
IBV,ATCTACCAG
IBV,ATCTGTTGG
IBV,ATTAAAATC
IBV,ATTGCAGTA
IBV,ATTTTAATG
IBV,CACTTAATA
IBV,CTAGCATTA
IBV,GCAATTTTT
IBV,GTCTATTAG
IBV,TAACAGTTA
IBV,TAGTATTAATACTA
IBV,TATTATAAT
IBV,TCAACACAA
IBV,TGCCAGTAT
IBV,TGGATCTTATC
IBV,TGTAAATAA
IBV,TGTATTGTT
IBV,TGTTGGTAA
IBV,TTATAAACA
IBV,TTATAATAA
IBV,TTATTATAATT
IBV,TTATTTACA
IBV,TTTCTGAGT
IBV,ACTTCTAGTTT
IBV,TAGTGCTACTTT
IBV,TTAGTAATAAA
IBV,ACTTCTAGTTT
IBV,TTAGTAATAAA
IBV,AAAAATTTTT
IBV,AACCTGTTGT
IBV,AAGAGAATT
IBV,AATTATAATT
IBV,ACAATATAT
IBV,ACCCAAAGGT
IBV,ACTGCTGGT
IBV,ACTTAATAT
IBV,ACTTAATAT
IBV,AGTGCTTCT
IBV,AGTTAATGT
IBV,ATACAGGTG
IBV,ATTACTAAGA
IBV,ATTATAATTATAAT
IBV,ATTTTGTGT
IBV,CAAAATTTTG
IBV,CAATTTCAC
IBV,CATTAACTT
IBV,CTAAATTTAG
IBV,CTAGCATTA
IBV,CTCATGCTT
IBV,CTGTTGTAA
IBV,CTTACTCAT
IBV,CTTTGGTTT
IBV,GCCATTATT
IBV,GCTTTAAAA
IBV,GGAATGATAC
IBV,GTGCATTTT
IBV,GTTATTATAA
IBV,TAACATTAAC
IBV,TAATAACCA
IBV,TAATAAGGC
IBV,TAATAATAG
IBV,TAATTCTAG
IBV,TACACAAAA
IBV,TCTTCTATA
IBV,TGCCAGTAT
IBV,TGGCTAGCCA
IBV,TGTACTCAT
IBV,TGTTTCAACA
IBV,TTACTCATT
IBV,TTATTTACA
IBV,TTGTAAATA
IBV,TTGTTTGCA
IBV,TTTGCACTA
IBV,ACTTCTAGTTT
IBV,TTAGTAATAAA
IBV,CATAGCTATG
IBV,GTGTGCACTA
IBV,ACTTCTAGTTT
IBV,TTAGTAATAAA
IBV,CATAGCTATG
IBV,GCCCTAGGGC
IBV,GTGTGCACTA
IBV,GTTAATACTA
IBV,TTATTATAATT
IBV,TTGTCACACA
IBV,TGGTAATAGTAA
IBV,AATTATAATT
IBV,AATTATAAT
IBV,ATTATAATT
IBV,CACCTTTACA
IBV,GTGTTAACAC
IBV,TAATTCACCAA
IBV,TTATAATAAT
IBV,TTATTATAATT
IBV,ACTGGCATGCT
IBV,AAAGTAGTGTTAACACTACTTT
IBV,TACATATGTA
IBV,TTAGTACTAA
IBV,ACTTCTAGTTT
IBV,TTAGTAATAAA
IBV,ACTGGCATGCT
IBV,AAAGTATTAA
IBV,TACTTTCTA
IBV,ACTGTTGGT
IBV,GCCTACTCT
IBV,GTATCTAAA
IBV,GTTAATACT
IBV,TATAATTTA
IBV,TTATCTAAA
IBV,TTATTATAATT
IBV,TATAATTTA
IBV,AAATAATTT
IBV,ACATTATTT
IBV,ATTAATAAA
IBV,TAAAATTAT
IBV,TGAAAAGAA
IBV,TGATTTAAATCA
IBV,TGTTGATTA
IBV,TTATAATAATT
IBV,AACCAGCTGGTT
IBV,AAGATCTTT
IBV,GACAATATATTGTC
IBV,TCTTTAAAGA
IBV,TGTTGGTAA
IBV,ACTTCTAGTTT
IBV,TTAGTAATAAA
IBV,ACAAAACTAC
IBV,ACTGTAATTT
IBV,CATAGCTATG
IBV,TATAATTTA
IBV,ACTGTTGGT
IBV,GCCTACTCT
IBV,GTATCTAAA
IBV,TATAATTTA
IBV,TCTTGCTTA
IBV,TTATCTAAA
IBV,TTATTATAATT
IBV,AATAATTATA
IBV,AATACTAGTATT
IBV,AGGTGGTTGT
IBV,CTGTTTCATTA
IBV,GTTATTATAA
IBV,TAATACAGGTGGT
IBV,TAGTTAATGT
IBV,AAACCATTA
IBV,AATTTGTTTGA
IBV,ACTTAATAT
IBV,ACTTAATAT
IBV,AGTTTTAAGT
IBV,ATAATAATA
IBV,CAATATGTT
IBV,CATAGCTATG
IBV,CATTTTGTG
IBV,CTAGCATTA
IBV,CTGTTGTAA
IBV,GCACTATTG
IBV,GCCCTAGGGC
IBV,GCTGGTTTA
IBV,GGAATGATAC
IBV,GGTTTTATT
IBV,GTAAAGGTG
IBV,GTGTGCACTA
IBV,GTGTTAATA
IBV,TAATAAAAC
IBV,TAATATTACT
IBV,TAATATTACT
IBV,TATAATTTA
IBV,TATTACTAA
IBV,TGGAGTGTA
IBV,TGGCTAGCCA
IBV,TGTACTCAT
IBV,TGTTTCAACA
IBV,TTAACAGGCA
IBV,TTAATACTA
IBV,TTATTAACA
IBV,TTATTATAATT
IBV,TTATTTACA
IBV,TTGTAAATA
IBV,TTGTCACACA
IBV,TTTTGTGGTA
IBV,ACTGGCATGCT
IBV,ATAGCAGCAG
IBV,CGCGCCGCTG
IBV,CTGCTGCTAT
IBV,GGCAGCTGCC
IBV,TATAGCTATA
IBV,TGCGCGCTG
IBV,TGCGCGCTG
IBV,TGCTATAGCA
IBV,ACTTCTAGTTT
IBV,TTAGTAATAAA
IBV,ACACTGTAA
IBV,ACTGTAATTT
IBV,ACTGTTGGT
IBV,CATAGCTATG
IBV,GCCTACTCT
IBV,GTATCTAAA
IBV,GTGTGCACTA
IBV,GTTAATACTA
IBV,GTTAATACT
IBV,TATAATTTA
IBV,TTATCTAAA
IBV,TTATTATAATT
IBV,CATAGCTATG
IBV,GTGTGCACTA
IBV,GTTAATACTA
IBV,TAACTTAACA
IBV,TTATTATAATT
IBV,AATAATTATA
IBV,AATACTAGTATT
IBV,AGGTGGTTGT
IBV,CTGTTTCATTA
IBV,GTTATTATAA
IBV,TAATACAGGTGGT
IBV,TAGTTAATGT
IBV,AAAGTAGTGTTAACACTACTTT
IBV,TATGCAAGA
IBV,AAACCATTA
IBV,AAATTATAA
IBV,AACAAAACT
IBV,ATAATAATA
IBV,CAATATGTT
IBV,CATTTTGTG
IBV,CTAGCATTA
IBV,CTGTTGTAA
IBV,GCCTACTCT
IBV,GGTTTTATT
IBV,GTAAAGGTG
IBV,GTATCTAAA
IBV,GTGTTAATA
IBV,TAACAGGCA
IBV,TAATAATTA
IBV,TAATATTACT
IBV,TAATATTACT
IBV,TATTACTAA
IBV,TCTTACCAC
IBV,TGGAGTGTA
IBV,TGTACTCAT
IBV,TTATTAACA
IBV,TTATTTACA
IBV,TTGAATGTG
IBV,TTGTAAATA
IBV,CATAGCTATG
IBV,GTGTGCACTA
IBV,GTTAATACTA
IBV,TAACTTAACA
IBV,TTATTATAATT
IBV,AAGAATTAC
IBV,AAGGCCATT
IBV,AATTTTGTA
IBV,ACATTGTTT
IBV,ACCACCAAA
IBV,ACTTCTAGTTT
IBV,AGAAGATTT
IBV,AGTGCTTCT
IBV,ATTTTGTGGTA
IBV,CAACTTGTT
IBV,CAATATGTT
IBV,CAATTTCAC
IBV,CTAGCATTA
IBV,GGTACTGTG
IBV,GGTTTTATT
IBV,GTATAACAC
IBV,GTATACAAA
IBV,GTGTATAAA
IBV,TAACAAAAC
IBV,TAACAGTTA
IBV,TAATAAGAA
IBV,TAATAATAG
IBV,TATTACTAA
IBV,TCTGAGTAG
IBV,TGGTGTTAA
IBV,TGTAAGTAA
IBV,TGTAATTCT
IBV,TTATAATAA
IBV,TTATACTCA
IBV,TTATTAACA
IBV,TTATTTAAA
IBV,TTATTTACA
IBV,TTCACTTCT
IBV,TTGTTTGCA
IBV,TTTGTGGTA
IBV,AAAATTACACCTACTAC
IBV,GCAACATGTTGC
IBV,GTGTCTATG
IBV,TAACTAGTTA
IBV,TAGCTAGTA
IBV,TAGTAGGTG
IBV,TATGCAAAACA
IBV,TATGTAGAA
IBV,TATTAGTAA
IBV,TATTTATAA
IBV,TTAAATTTAA
IBV,TTAATATTAA
IBV,TTATGCAAA
IBV,TTATTAGTA
IBV,TTTATAATA
IBV,TTTGTATTAA
IBV,TTTTAATTC
IBV,TTGTTAACAA
IBV,AATGAAAAAT
IBV,GTGTGCACTA
IBV,GTTAATACTA
IBV,TAACTTAACA
IBV,TTATTATAATT
IBV,TTGTCACACA
IBV,TTGTTAATGGT
IBV,TTTCATTTCT
IBV,ACACTGTAA
IBV,TGTGGCCAT
IBV,CATTGCAATG
IBV,TCACTAGTGA
IBV,AAACTGCTG
IBV,AAATTATAATA
IBV,AATAATTAT
IBV,AATTACATG
IBV,AATTTTGTAGT
IBV,ACCCTGCAT
IBV,ATAATATTAT
IBV,CAAAATTTTG
IBV,CATAGCTATG
IBV,CTACTAATT
IBV,GTATCTAAA
IBV,GTGTGCACTA
IBV,TAATAATTA
IBV,TAATATTAT
IBV,TATAATCAA
IBV,TATTATAAT
IBV,TCAACACAA
IBV,TTATAATTTA
IBV,TTATTATAATT
IBV,AACACCACC
IBV,ACCACCTTG
IBV,GTGTTAACAC
IBV,GTTTATAAAC
IBV,ACACTGTAA
IBV,CATAGCTATG
IBV,GCCCTAGGGC
IBV,GTGTGCACTA
IBV,GTTAATACTA
IBV,TAACTTAACA
IBV,TTATTATAATT
IBV,TTGTCACACA
IBV,ACACATTGT
IBV,CATTTAGGT
IBV,AAACTGGTT
IBV,AAAGTGGAT
IBV,AATAATTATA
IBV,AATACTAGTATT
IBV,ACACATTGT
IBV,ACATTGTAG
IBV,ACTGCTGGT
IBV,ATTATACTCAA
IBV,CCTTGGCCTA
IBV,GTTATAAAA
IBV,GTTATTATAA
IBV,TAAAGTTAT
IBV,TAATAATTA
IBV,TAGTTAATGT
IBV,TATAATAAT
IBV,TTACTAACA
IBV,TTATAAAAGT
IBV,TTATAATAA
IBV,TTGTTTGCA
IBV,ATGTTAGTAA
IBV,CAATGCATTG
IBV,CGTTTACTACT
IBV,GTAGTGTTAACACTAC
IBV,GTTAACACTA
IBV,TATGGCAACT
IBV,ACAAACTGCT
IBV,ACTCAACACAA
IBV,CACATATGTG
IBV,TAATGAGACT
IBV,TTATAATAAT
IBV,TTATTATAATT
IBV,AATAATTATA
IBV,AATACTAGTATT
IBV,AGGTGGTTGT
IBV,CTGTTTCATTA
IBV,GTTATTATAA
IBV,TAATACAGGTGGT
IBV,TAGTTAATGT
IBV,ACTTCTAGTTT
IBV,TTAGTAATAAA
IBV,ACTGTTGGT
IBV,CATCTTGTG
IBV,GCCTACTCT
IBV,GTATCTAAA
IBV,TAATAATTA
IBV,TATAATTTA
IBV,TTAATACTA
IBV,TTATTATAATT
IBV,CACTATAAT
IBV,AACCAGCTGGTT
IBV,CAATATGTT
IBV,AATAATTATA
IBV,AATACTAGTATT
IBV,AGGTGGTTGT
IBV,CTGTTTCATTA
IBV,GTTATTATAA
IBV,TAATACAGGTGGT
IBV,TAGTTAATGT
IBV,ACAGATGTT
IBV,ATACTCTAGG
IBV,CATAGCTATG
IBV,GTGTGCACTA
IBV,TAACTTAACA
IBV,TTATTATAATT
IBV,AAACTGGTT
IBV,ACACATTGT
IBV,ACCATTTTG
IBV,ACTGCTGGT
IBV,AGGTTTTAT
IBV,ATCTGTTGG
IBV,CACAAACAG
IBV,CACATCGTT
IBV,CACTTAATA
IBV,CCAAAATTTTTAT
IBV,CTAGCATTA
IBV,GCAACACAA
IBV,GCAATTTTT
IBV,GGTCTTATT
IBV,GTAAAGGTG
IBV,GTATACAAA
IBV,GTGATGACA
IBV,GTTTCATTA
IBV,TAATACAGGTGGT
IBV,TAGTAATGA
IBV,TGGATCTTA
IBV,TTATTTACA
IBV,TTTCATTAACA
IBV,TTTCTGAGTAG
IBV,TTTGCTTGT
IBV,TTTTTATAA
IBV,CAACATGTTG
IBV,GTGTTAACAC
IBV,TTAGTTAAA
IBV,AAAGTAGTGTTAACACTACTTT
IBV,AAAGTATTAA
IBV,TACTTTCTA
IBV,AACACCACC
IBV,ACCACCTTG
IBV,GTGTTAACAC
IBV,GTTTATAAAC
IBV,GTGTTAACAC
IBV,AAAGTAGTGTTAACACTACTTT
IBV,AAACTGGTT
IBV,AATATAATA
IBV,ACACATTGT
IBV,ACCAATTGGT
IBV,ACTTCTTATA
IBV,AGAAAGTGAT
IBV,AGAAGATTT
IBV,AGCAGATGCT
IBV,AGCTGCAGCT
IBV,AGTAAGAAT
IBV,AGTTATAAT
IBV,AGTTCTTTA
IBV,ATGAAAAAC
IBV,ATGTACTCA
IBV,ATTAACCCA
IBV,CAAAAGGAA
IBV,CAATATGTT
IBV,CAGTAAGAAT
IBV,CCAAAATTTTTAT
IBV,CCCTTAATAA
IBV,CGTGTTTGTA
IBV,CTAGCATTA
IBV,CTTTAGGTA
IBV,GCAATTTTT
IBV,GCTAATCCT
IBV,GTAAAGGTG
IBV,GTGAAATTA
IBV,GTGATGACA
IBV,GTTATTATAA
IBV,GTTTCATTA
IBV,TAATAATGG
IBV,TACAAACTG
IBV,TACTGCAGTA
IBV,TAGCTGCAG
IBV,TAGTAATGA
IBV,TATATTTAAA
IBV,TATGTACTCAT
IBV,TCAAGTTGC
IBV,TCTTGTCAA
IBV,TGAATATAAT
IBV,TGTCACAGA
IBV,TTGTTTGCA
IBV,TTTCATTAACA
IBV,TTTCTGAGTAG
IBV,TTTGTGGTA
IBV,TTTTTCATT
IBV,TTATTATAATT
IBV,ACACTGTAAC
IBV,TTCTATAGAA
IBV,AATAATTAT
IBV,AATTATAAT
IBV,AGTTATAACT
IBV,ATAATATTAT
IBV,ATTATAATT
IBV,ATTATGAAA
IBV,GTGTGCACTA
IBV,TAATAATTA
IBV,TAATATTAT
IBV,TAATTATAATTA
IBV,TATTATAAT
IBV,TCAACACAA
IBV,TTATAATCAA
IBV,TTATTATAATT
IBV,AATAATTATA
IBV,AATACTAGTATT
IBV,ACACATTGT
IBV,AGGTGGTTGT
IBV,ATTGCTTAC
IBV,GACATCTTC
IBV,GTTATTATAA
IBV,GTTTCTAGT
IBV,TAATACAGGTGGT
IBV,TACAAACTG
IBV,TAGTTAATGT
IBV,TATTATAAT
IBV,ACTAATATTAGT
IBV,ATACTACTA
IBV,ATGAGAAAT
IBV,GGCATTTAC
IBV,TAAAATTAT
IBV,TTATTATAATT
IBV,ACACTGTAA
IBV,ACTTTAAAGT
IBV,AAAGAACTG
IBV,AAAGTAGTGT
IBV,AACTAGTTGGC
IBV,AATACTAGTATT
IBV,AATATAATA
IBV,ACACATTGT
IBV,ACCATTTTG
IBV,ACTCGTTAAT
IBV,ACTTACACA
IBV,AGAAAGTGAT
IBV,AGAAGATTT
IBV,AGCAGATGCT
IBV,AGTAAGAAT
IBV,AGTTATAAT
IBV,ATGAAAAAC
IBV,ATGTACTCA
IBV,CAAAAGGAA
IBV,CAAAATTTTTAT
IBV,CAATATGTT
IBV,CACTTCTTATA
IBV,CAGTAAGAAT
IBV,CAGTTCTTTA
IBV,CCCTTAATAA
IBV,CCTAATATTAGG
IBV,CGTGTTTGTA
IBV,CTAGCATTA
IBV,CTTTAGGTA
IBV,GCAATTTTT
IBV,GGTGGTTGT
IBV,GTAAAGGTG
IBV,GTTATTATAA
IBV,GTTTCATTA
IBV,TAATAATGG
IBV,TAATACAGGTGGT
IBV,TACTGCAGTA
IBV,TAGCTGCAG
IBV,TAGTAATGA
IBV,TATATTTAAA
IBV,TATGTACTCAT
IBV,TCAAGTTGC
IBV,TCTTGTCAA
IBV,TGAATATAAT
IBV,TGTCACAGA
IBV,TTATCAAAA
IBV,TTGTTTGCA
IBV,TTTCATTAACA
IBV,TTTCTGAGTAG
IBV,TTTGTGGTA
IBV,TTTTTCATT
IBV,CATAGCTATG
IBV,GTGTGCACTA
IBV,GTTAATACTA
IBV,TAACTTAACA
IBV,TTATTATAATT
IBV,GGTCTCATT
IBV,ATACTCTAGG
IBV,CATAGCTATG
IBV,GTGTGCACTA
IBV,TAACTTAACA
IBV,TTATTATAATT
IBV,CAATATGTT
IBV,AAACCATTA
IBV,ACTGTTGGT
IBV,ACTTAATAT
IBV,ACTTAATAT
IBV,AGTTTTAAGT
IBV,ATAATAATA
IBV,ATGGCACCT
IBV,CAATATGTT
IBV,CAGTGCACTG
IBV,CATAGCTATG
IBV,CATGGCACC
IBV,CATTTTGTG
IBV,CTAGCATTA
IBV,CTGTTGTAA
IBV,GATAAGATCC
IBV,GCCTACTCT
IBV,GCTGGTTTA
IBV,GGAATGATAC
IBV,GGTGGTGTTA
IBV,GTAAAGGTG
IBV,GTATCTAAA
IBV,GTGTGCACTA
IBV,GTGTTAATA
IBV,TAACAGGCA
IBV,TAATATTACT
IBV,TAATATTACT
IBV,TATAATTTA
IBV,TATTACTAA
IBV,TCTTGCTTA
IBV,TGGAGTGTA
IBV,TGGCTAGCCA
IBV,TGTAATAAG
IBV,TGTACTCAT
IBV,TGTTTCAACA
IBV,TTAATACTA
IBV,TTATTAACA
IBV,TTATTTACA
IBV,TTGTAAATA
IBV,TTGTCACACA
IBV,TTTTGTGGTA
IBV,AAAAGAAGA
IBV,AAACCATTA
IBV,AACAAAACT
IBV,ACTTAATAT
IBV,ACTTAATAT
IBV,ATAATAATA
IBV,ATGAAAGAA
IBV,ATGGCACCT
IBV,CATTTTGTG
IBV,CTAGCATTA
IBV,CTGTTGTAA
IBV,CTTCAAGGT
IBV,GCCTACTCT
IBV,GGTTTTATT
IBV,GTAAAGGTG
IBV,GTTAATACT
IBV,TAACAGGCA
IBV,TATAATTTA
IBV,TCTTGCTTA
IBV,TGGAGTGTA
IBV,TGTACTCAT
IBV,TTACTAAGA
IBV,TTATCTAAA
IBV,TTATTATAATT
IBV,TTGTAAATA
IBV,TTTTATTTACA
IBV,AAAAATCAA
IBV,AAAACCATA
IBV,AACATTACT
IBV,AACTCTTGT
IBV,AAGGCCATT
IBV,ACATTGTTT
IBV,ACCACCAAA
IBV,AGAAGATTT
IBV,ATAAACCAT
IBV,CAAGCCAGA
IBV,CAATATGTT
IBV,CAATTTCAC
IBV,CTAGCATTA
IBV,CTGTTGTAA
IBV,GAATATAAT
IBV,GTAGTAATG
IBV,GTATAACAC
IBV,TAAAATTAT
IBV,TAACAAAAC
IBV,TAATAAGAA
IBV,TACTACTAA
IBV,TATAATAAC
IBV,TATTACTAA
IBV,TGAATATAA
IBV,TGGAGTGTA
IBV,TGGTCTAAA
IBV,TGGTGTTAA
IBV,TGTAACTAA
IBV,TTACAATTT
IBV,TTACTACTA
IBV,TTAGTAATA
IBV,TTATAATAA
IBV,TTATACTCA
IBV,TTATTAACA
IBV,TTATTTAAA
IBV,TTATTTACA
IBV,TTCACTTCT
IBV,TTCTTACCA
IBV,TTGAACCTG
IBV,TTGTAAATA
IBV,TTGTTTGCA
IBV,TTTTATATT
IBV,TTATTATAATT
IBV,CATAGCTATG
IBV,GCCCTAGGGC
IBV,GTGTGCACTA
IBV,TAACTTAACA
IBV,TTATTATAATT
IBV,TTGTCACACA
IBV,CTGCACCAC
IBV,ACTGTTGGT
IBV,CATAGCTATG
IBV,CCATAGATG
IBV,GCCTACTCT
IBV,GTATCTAAA
IBV,GTGTGCACTA
IBV,GTTAATACTA
IBV,TATAATTTA
IBV,TCACTAATG
IBV,TGGTTCTCA
IBV,TTATTATAATT
IBV,TTGTATACAA
IBV,TTGTCACACA
IBV,ACACATTGT
IBV,ACCATTTTG
IBV,AGTTATGAG
IBV,ATAGTGTTT
IBV,ATAGTGTTT
IBV,CAAGGTCTT
IBV,CACAAACAG
IBV,CACTTAATA
IBV,CCAAAATTTTTAT
IBV,CCTGCAGTA
IBV,CTAGCATTA
IBV,CTTTTTGTA
IBV,GACATCTTC
IBV,GCAACACAA
IBV,GCAATTTTT
IBV,GCCTGCAGT
IBV,GGTCTTATT
IBV,GGTCTTATT
IBV,GTAAAGGTG
IBV,GTATACAAA
IBV,GTCTATTAG
IBV,GTGATGACA
IBV,TAACATTAA
IBV,TAACATTAA
IBV,TAATACAGGTGGT
IBV,TACAAACTG
IBV,TAGTAATGA
IBV,TATTATAAT
IBV,TGGATCTTA
IBV,TTATTTACA
IBV,TTTAAAAGT
IBV,ACACTGTAA
IBV,ACCAGAAACTA
IBV,ACTGGTTCTCA
IBV,AGGTTTTAT
IBV,AGTGATTTT
IBV,ATAGTGTTT
IBV,ATCTACCAG
IBV,ATCTGTTGG
IBV,ATTAAAATC
IBV,ATTTTAATG
IBV,CACTTAATA
IBV,CTAGCATTA
IBV,GCAATTTTT
IBV,GTCTATTAG
IBV,TAACAGTTA
IBV,TAGTATTAATACTA
IBV,TATTATAAT
IBV,TCAACACAA
IBV,TGCCAGTAT
IBV,TGGATCTTATC
IBV,TGTAAATAA
IBV,TGTATTGTT
IBV,TGTTGGTAA
IBV,TTATAAACA
IBV,TTATAATAA
IBV,TTATTATAATT
IBV,TTATTTACA
IBV,TTTCTGAGT
IBV,ACACATTGT
IBV,AAGCATGCTT
IBV,AAGCCTACT
IBV,AAGTAGTGA
IBV,ACATTATTT
IBV,ACTTATAAAA
IBV,AGAAGATTT
IBV,ATAGTAAAT
IBV,ATTTAAATCA
IBV,CAAATGATTAA
IBV,CAACATCTT
IBV,CAGTTACCAC
IBV,CATTATAATG
IBV,CTATAAATA
IBV,GATTCTTCTG
IBV,GTGAAACTT
IBV,GTGATTTAA
IBV,GTGTTTCAA
IBV,GTTTTATTA
IBV,TAAAATTAT
IBV,TAAAATTAT
IBV,TAAATAATTTC
IBV,TAAATAGTA
IBV,TAAATTTAA
IBV,TAAGCCTAT
IBV,TAATAAAACA
IBV,TAATAAGAA
IBV,TAATACAGG
IBV,TATTCAGTATG
IBV,TATTCAGTA
IBV,TCAGTATGTT
IBV,TGAAAAGAA
IBV,TGAAACTTT
IBV,TGCATATGCA
IBV,TGGCATGTA
IBV,TGTTGATTA
IBV,TGTTTATTAA
IBV,TTAAATTTAA
IBV,TTAATCATTTG
IBV,TTACTACAC
IBV,TTAGATAATT
IBV,TTATAATAATT
IBV,TTCTGGTCT
IBV,TTGCAATTT
IBV,TTGTAAATAGT
IBV,TTGTGCACAA
IBV,TTTAATAAA
IBV,TTTAATAAA
IBV,TTTAATACT
IBV,TTTAGCATATT
IBV,TTTGTAAATA
IBV,ACACTGTAA
IBV,ACCACTCTG
IBV,ACTTCTAGTTT
IBV,AGAAATAAA
IBV,GTGTTAACAC
IBV,GTGTTAACA
IBV,GTTAACACCA
IBV,GTTATAAAA
IBV,TATAATACA
IBV,TATAATTATA
IBV,TGTATAAAC
IBV,TGTTGTTAT
IBV,TTAACACCAC
IBV,TTAGTAATA
IBV,TTGTTATAA
IBV,GTGTTAACAC
IBV,CGCGCCGCTG
IBV,CTGCTGCTAT
IBV,GGCAGCTGCC
IBV,TATAGCTATA
IBV,TGCGCGCTG
IBV,TGCGCGCTG
IBV,TGCTATAGCA
IBV,AAACCATTA
IBV,ACTGTTGGT
IBV,CATAGCTATG
IBV,GCCTACTCT
IBV,GTATCTAAA
IBV,GTGTGCACTA
IBV,GTTAATACTA
IBV,GTTAATACT
IBV,GTTCTGCAGAAC
IBV,TATAATTTA
IBV,TGCGTTAATA
IBV,TTATCTAAA
IBV,TTATTATAATT
IBV,AATAATTATT
IBV,ATAATAATT
IBV,ATGTATCTAAT
IBV,CTTTAGACCA
IBV,GCATTGTTA
IBV,GGAAATCTTT
IBV,GTAATATTAT
IBV,GTTTTATAA
IBV,TAATAAAAC
IBV,TAATAATTA
IBV,TGCATATGCA
IBV,TTATTATTA
IBV,TTTAGTGAT
IBV,ACTCAACACAA
IBV,TTATTAATAGT
IBV,TTATTATAATT
IBV,TTATTATAATT
IBV,AAACCATTA
IBV,ACTGTTGGT
IBV,ACTTAATAT
IBV,ACTTAATAT
IBV,AGAAGATTT
IBV,ATAATAATA
IBV,CAATATGTT
IBV,CATTTTGTG
IBV,CTAGCATTA
IBV,CTGGCTTGT
IBV,CTGTTGTAA
IBV,GCTGGTTTA
IBV,GGTTTTATT
IBV,GTAAAGGTG
IBV,GTATCTAAA
IBV,GTGTTAATA
IBV,TAACAGGCA
IBV,TAATAAGAA
IBV,TAATATTACT
IBV,TAATATTACT
IBV,TATAATTTA
IBV,TATTACTAA
IBV,TCTTACCAC
IBV,TCTTGCTTA
IBV,TGGAGTGTA
IBV,TGTACTCAT
IBV,TTAATACTA
IBV,TTATCTAAA
IBV,TTATTAACA
IBV,TTATTTACA
IBV,TTGTAAATA
IBV,AACTTTTGT
IBV,AAGTAAGCC
IBV,AATAAAAAT
IBV,AATAAAACT
IBV,AATACCATT
IBV,AATTTGAGT
IBV,ACAATACTC
IBV,ACACTGTAA
IBV,ACAGTTTTATT
IBV,ATAAAAATA
IBV,ATAATATTAT
IBV,ATTTTTCTG
IBV,CAAACGTTC
IBV,CATAATATTA
IBV,CCTACTACAT
IBV,CGTTCTTTTT
IBV,CTATTAATAG
IBV,CTTGTCAATAT
IBV,CTTTGTTGT
IBV,GAAAATTAA
IBV,GTGGTATAA
IBV,TAAAATTGCT
IBV,TAAATAATT
IBV,TACAAAAGTTG
IBV,TACTCATCT
IBV,TACTTACAA
IBV,TATAATATT
IBV,TATGTACTCAT
IBV,TATTAATAG
IBV,TATTGACAA
IBV,TATTGAGTATTG
IBV,TCAGAAACA
IBV,TCCAGTAATT
IBV,TCCTACTACA
IBV,TGACAGTTTTA
IBV,TGATATATG
IBV,TGTGATGACAGT
IBV,TTACATTTT
IBV,TTAGGTTTA
IBV,TTATTAATAA
IBV,TTCCAGTAAT
IBV,TTGGAGAAT
IBV,TTGTAAATAGTA
IBV,TTTCTGATG
IBV,TTTGGTGCA
IBV,TTTTAGGTTT
IBV,TTTTGTGGT
IBV,ACTGGCATGCT
IBV,TTATTATAATT
IBV,ACACTGTAA
IBV,GTGTGCACTA
IBV,TTGTCACACA
IBV,AATTATAAT
IBV,ACACTGTAAT
IBV,ACTTCTGGTTT
IBV,ATTATAATT
IBV,GTGTTAATAC
IBV,TAATTATAATTA
IBV,TCATTAATGA
IBV,TGTGTTAATA
IBV,TTATAATAAT
IBV,TTATTATAATT
IBV,TACAGCTGTA
IBV,AAACCATTA
IBV,ACTGTTGGT
IBV,ATACTCTAGG
IBV,CATAGCTATG
IBV,GTGTGCACTA
IBV,GTTAATACTA
IBV,GTTAATACT
IBV,TAACTTAACA
IBV,TCTTGCTTA
IBV,TGTTATAGT
IBV,TTATCTAAA
IBV,TTATTATAATT
IBV,ACTCAACACAA
IBV,TTATTATAATT
IBV,ACTAATATTAGT
IBV,AGTTATAACT
IBV,ATAAAATTA
IBV,ATAATTATA
IBV,ATACTACTA
IBV,ATGAGAAAT
IBV,ATTAATAAT
IBV,CTTATAATA
IBV,GTATTTAAA
IBV,TAAAATTAT
IBV,TAATACTACT
IBV,TATAATTATA
IBV,TCACTAGTGA
IBV,TTACTAGTAA
IBV,TTATAATAAT
IBV,TTATTATAATT
IBV,TTTGTTTGA
IBV,TTATTATAATT
IBV,AAACTTACCA
IBV,AAATAGTGT
IBV,AAGGTCCTT
IBV,AATCTACCAG
IBV,AATTGCCACAA
IBV,ACACTATTT
IBV,ACCCAGTCA
IBV,ACTGGCATGCT
IBV,AGGTTTTAT
IBV,AGTTATAACT
IBV,ATCAAAATCA
IBV,ATCTGTTGG
IBV,CAAAYTTTG
IBV,CACTTAATA
IBV,CACTTTCAGT
IBV,CCATTAGGT
IBV,CCTGCAGTA
IBV,CTGTTGGTA
IBV,GCAATTTTT
IBV,GCAATTTTT
IBV,GCCTGCAGT
IBV,GGCAATTTT
IBV,GTAAAGGTG
IBV,GTATACAAA
IBV,TAACAGTTA
IBV,TAAGTTTTG
IBV,TATAACTGGC
IBV,TATTATAAT
IBV,TCAACACAA
IBV,TCTGGAGTG
IBV,TGCCAGTAT
IBV,TGTTGGTAA
IBV,TTACTAAGA
IBV,TTATAAACA
IBV,TTATAATAAT
IBV,TTATTATAATT
IBV,TTCATATGAA
IBV,TTCTGAGTAG
IBV,TTGTATAAAA
IBV,TTTGCTTGT
IBV,TTATTATAATT
IBV,TATTCAGTATG
IBV,TCAGTATGTT
IBV,CATCTTCAGTA
IBV,AATTATAATT
IBV,AATTATAAT
IBV,ATTATAATT
IBV,CACCTTTACA
IBV,GTGTTAACAC
IBV,TAATTCACCAA
IBV,TTATAATAAT
IBV,TTATTATAATT
IBV,TTTAGCTAAA
IBV,AAAAGAAGA
IBV,AAACCATTA
IBV,AAGAATTGA
IBV,AAGATCTTT
IBV,AATAATAAT
IBV,AATCAAAGT
IBV,AATCTTTTC
IBV,AATGGTACT
IBV,ACCATTTTG
IBV,AGAGTGATG
IBV,ATAATAATA
IBV,ATAATAATA
IBV,ATGAAAGAA
IBV,ATTACTAAT
IBV,ATTTTGTGGTA
IBV,CATTTTGTG
IBV,CCATAGATG
IBV,CTAGCATTA
IBV,GCCTACTCT
IBV,GGTTTTATT
IBV,GTAAAGGTG
IBV,GTGTATAAG
IBV,GTTAATACT
IBV,TAATAAGGC
IBV,TAATAATTA
IBV,TAATGGTAC
IBV,TATAATTTA
IBV,TCATTACTA
IBV,TGTACTCAT
IBV,TTACTAAGA
IBV,TTACTAATA
IBV,TTATCTAAA
IBV,TTATTATAATT
IBV,TTGTAAATA
IBV,TTTAGCAGA
IBV,TTTTATTTACA
IBV,AAATAATTT
IBV,ACATTATTT
IBV,TAAAATTAT
IBV,TGAAAAGAA
IBV,TGATTTAAATCA
IBV,TGTTGATTA
IBV,TTATAATAATT
IBV,TTTAATAAA
IBV,TGGCATGCT
IBV,GGTCTCATT
IBV,AGTGCATGCACT
IBV,GTGTGCACTA
IBV,GTTAATACTA
IBV,GTTTCATTAC
IBV,TTATTATAATT
IBV,TTGTCACACA
IBV,AACAAAACT
IBV,AAGGTTTAT
IBV,AATAATTAT
IBV,AATTTAACA
IBV,ACAAAACTACT
IBV,ACCATTTTG
IBV,ACTCATCATC
IBV,ACTTAATAT
IBV,AGTTATAACT
IBV,ATAATAATA
IBV,ATAATATTAT
IBV,ATTACATCA
IBV,ATTATGAAA
IBV,ATTCACTTT
IBV,ATTTTGTGGTA
IBV,ATTTTGTGG
IBV,CAATATGTT
IBV,CAATTTCAC
IBV,CATTTTGTG
IBV,CTAGCATTA
IBV,CTATACCATT
IBV,CTTCAAGGT
IBV,GGTACTGTG
IBV,GGTTTTATT
IBV,GTATACAAA
IBV,GTATCTAAA
IBV,GTGTATAAA
IBV,GTGTGCACTA
IBV,TAACAGTTA
IBV,TAATAAGGC
IBV,TAATAATTA
IBV,TAATATTACT
IBV,TAATATTAT
IBV,TACTAATAA
IBV,TACTGATGT
IBV,TATAATCAA
IBV,TATTACTAA
IBV,TATTATAAT
IBV,TCAACACAA
IBV,TGTTAACAAC
IBV,TTAAATCTTT
IBV,TTAATTATT
IBV,TTATAATCAA
IBV,TTATAATCA
IBV,TTATTATAATT
IBV,TTATTTACA
IBV,TTGTATACAA
IBV,TTGTTAACAA
IBV,TTTGTGGTA
IBV,GTGTTAACAC
IBV,TTAGTTAAA
IBV,TTATTATAATT
IBV,ACTAATATTAGT
IBV,AAACTATTA
IBV,AATTATAAT
IBV,ATTAATAAT
IBV,ATTATAATT
IBV,GTAAAGGTG
IBV,TAATTCACCAA
IBV,TACTAAAGA
IBV,TATGTACTC
IBV,TTAATAATA
IBV,TTAGTTAAA
IBV,TTATTATAATT
IBV,AATTATAATT
IBV,AATTATAATT
IBV,ACTAATATTAGT
IBV,ATAATTATAATT
IBV,ATTATAATTATAAT
IBV,ACTATACAA
IBV,ACTGGCATGCT
IBV,ATTCACTTT
IBV,TATTATAAT
IBV,TCAACACAA
IBV,TGCCAGTAT
IBV,TTATAAACA
IBV,TTATTATAATT
IBV,AAACCATTA
IBV,ACCATTTTG
IBV,ACTGTTGGT
IBV,ACTTAATAT
IBV,ACTTAATAT
IBV,ATAATAATA
IBV,CAATATGTT
IBV,CATTTTGTG
IBV,CTAGCATTA
IBV,CTGTTGTAA
IBV,GCCTACTCT
IBV,GCTGGTTTA
IBV,GGTTTTATT
IBV,GTAAAGGTG
IBV,GTATCTAAA
IBV,GTGTTAATA
IBV,TAATATTACT
IBV,TAATATTACT
IBV,TATAATTTA
IBV,TATTACTAA
IBV,TCTTGCTTA
IBV,TGGAGTGTA
IBV,TGTACTCAT
IBV,TTAATACTA
IBV,TTATTAACA
IBV,TTATTTACA
IBV,TTGTAAATA
IBV,GTGTTAACAC
IBV,TTAGTTAAA
IBV,TCGCCCGGTACCGGGCGA
IBV,CATAGCTATG
IBV,CGTATCTAAA
IBV,GTGTGCACTA
IBV,GTTAATACTA
IBV,TTATTATAATT
IBV,TTATTATAATT
IBV,AATTGCCACAA
IBV,ACCCAGTCA
IBV,ACTGGCATGCT
IBV,AGGTTTTAT
IBV,ATCTGTTGG
IBV,ATTCACTTT
IBV,CACTTAATA
IBV,CCATTAGGT
IBV,CTAGCATTA
IBV,CTGTTGGTA
IBV,CTTACTCAT
IBV,GACAATATG
IBV,GCAATTTTT
IBV,GCAATTTTT
IBV,GTAAAGGTG
IBV,GTATACAAA
IBV,TAACAGTTA
IBV,TAAGTTTTG
IBV,TATTATAAT
IBV,TCAACACAA
IBV,TGCATACTG
IBV,TGCCAGTAT
IBV,TGTCAAGTA
IBV,TGTTGGTAA
IBV,TTACTAAGA
IBV,TTATAAACA
IBV,TTATTATAATT
IBV,TTTCTGAGTAG
IBV,TTTGCTTGT
IBV,TTTTGTATG
IBV,AATTGCAGTG
IBV,CTAAATTTAG
IBV,ACACATTGT
IBV,ACCATTTTG
IBV,AGTTATGAG
IBV,ATAGTGTTT
IBV,ATAGTGTTT
IBV,CAAGGTCTT
IBV,CACAAACAG
IBV,CACTTAATA
IBV,CCAAAATTTTTAT
IBV,CCTGCAGTA
IBV,CTAGCATTA
IBV,CTTTTTGTA
IBV,GACATCTTC
IBV,GCAACACAA
IBV,GCAATTTTT
IBV,GCCTGCAGT
IBV,GGTCTTATT
IBV,GGTCTTATT
IBV,GTAAAGGTG
IBV,GTATACAAA
IBV,GTCTATTAG
IBV,GTGATGACA
IBV,TAACATTAA
IBV,TAACATTAA
IBV,TAATACAGGTGGT
IBV,TACAAACTG
IBV,TAGTAATGA
IBV,TATTATAAT
IBV,TGGATCTTA
IBV,TTATTTACA
IBV,TTTAAAAGT
IBV,GTGTTAACAC
IBV,GTTTATAAAC
IBV,TTAACACCAC
IBV,ACAAAACTACT
IBV,ACTCAACACAA
IBV,GTATCTAAA
IBV,GTATCTAAA
IBV,TTATTATAATT
IBV,CATAGCTATG
IBV,GTGTGCACTA
IBV,GTTAATACTA
IBV,TAACTTAACA
IBV,TTATTATAATT
IBV,TTGTCACACA
IBV,ACTAATATTAGT
IBV,TTATAATAA
IBV,TTATTATAA
IBV,CATAGCTATG
IBV,GCCCTAGGGC
IBV,GTGTGCACTA
IBV,GTTAATACTA
IBV,TTATTATAATT
IBV,TTGTCACACA
IBV,AACAACAAC
IBV,AACAATTGTT
IBV,AATATAATA
IBV,ACCAGAAACT
IBV,ACTGGTTCTCA
IBV,AGAAGATTT
IBV,AGCTGCAGCT
IBV,AGGTTTTATA
IBV,AGTAAGTACC
IBV,ATGGCCTTA
IBV,CAAAAGGAA
IBV,CAACAACAA
IBV,CAATATGTT
IBV,CACTTAATA
IBV,CAGGTTTTATA
IBV,CATCCTAATATTAGGATG
IBV,CATTAAATG
IBV,CTAAATTTAG
IBV,CTAGCATTA
IBV,GAAGTCAAAG
IBV,GAATATGGC
IBV,GATGTTATT
IBV,GTAAAGGTG
IBV,GTAGTTAAT
IBV,GTGGTTTTGTT
IBV,GTGTATTAT
IBV,GTTATTATAA
IBV,TAATACCAC
IBV,TAGAAACTTA
IBV,TATATTTAAA
IBV,TATTATAAT
IBV,TCAGTTACA
IBV,TCGAGGTCA
IBV,TCTGAGTGG
IBV,TCTTACCAC
IBV,TCTTGTCAA
IBV,TGAATATAAT
IBV,TGATAATAAT
IBV,TGTCACAGA
IBV,TTACATTAA
IBV,TTAGCAGATG
IBV,TTATCAAAA
IBV,TTGTATAAA
IBV,TTGTTTGCA
IBV,TTTCTGAGT
IBV,TTTTTCATT
IBV,TTATTATAATT
IBV,GATTTAAATC
IBV,TTATTATAATT
IBV,ACTTCTAGTTT
IBV,ACTTTAAAGT
IBV,GATTTAAATC
IBV,TATAATTATA
IBV,TTCACTTCTA
IBV,AACAACAAC
IBV,AACAATTGTT
IBV,AATATAATA
IBV,ACCAGAAACT
IBV,ACTGGTTCTCA
IBV,AGAAGATTT
IBV,AGCTGCAGCT
IBV,AGGTTTTATA
IBV,AGTAAGTACC
IBV,ATGGCCTTA
IBV,CAAAAGGAA
IBV,CAACAACAA
IBV,CAATATGTT
IBV,CACTTAATA
IBV,CAGGTTTTATA
IBV,CATCCTAATATTAGGATG
IBV,CATTAAATG
IBV,CTAAATTTAG
IBV,CTAGCATTA
IBV,GAAGTCAAAG
IBV,GAATATGGC
IBV,GATGTTATT
IBV,GTAAAGGTG
IBV,GTAGTTAAT
IBV,GTGGTTTTGTT
IBV,GTGTATTAT
IBV,GTGTTAACAC
IBV,GTTATTATAA
IBV,TATATTTAAA
IBV,TATTATAAT
IBV,TCAGTTACA
IBV,TCGAGGTCA
IBV,TCTGAGTGG
IBV,TCTTACCAC
IBV,TCTTGTCAA
IBV,TGAATATAAT
IBV,TGATAATAAT
IBV,TGTCACAGAC
IBV,TTACATTAA
IBV,TTAGCAGATG
IBV,TTATCAAAA
IBV,TTGTATAAA
IBV,TTGTTTGCA
IBV,TTTCTGAGT
IBV,TTTTTCATT
IBV,GTAGTGTTAACACTAC
IBV,GTTAACACTA
IBV,TTAGTAATAAA
IBV,GCCTACTCT
IBV,GTATCTAAA
IBV,TAATAATTA
IBV,TATAATTTA
IBV,TCTTGCTTA
IBV,TTATCTAAA
IBV,TTATTATAATT
IBV,ACTCAACACAA
IBV,TTATTATAATT
IBV,TGATTTAAATCA
IBV,TTATAATAATT
IBV,ACTGTAATTT
IBV,ACTGTTGGT
IBV,CATAGCTATG
IBV,CCATAGATG
IBV,GCCTACTCT
IBV,GTATCTAAA
IBV,GTGTGCACTA
IBV,GTTAATACTA
IBV,GTTAATACT
IBV,TATAATTTA
IBV,TTATCTAAA
IBV,TTATTATAATT
IBV,TAGACCATT
IBV,ACACTGTAA
IBV,ACCGCTTTT
IBV,TAGACCATT
IBV,GTGTTAACAC
IBV,AAAGGTGTCTAT
IBV,ATTATGAAA
IBV,CAAGAGGCT
IBV,CGTATCTAA
IBV,CTGCTTACA
IBV,GCCTACTCT
IBV,TATTATAAT
IBV,TTATTATAATT
IBV,ATTATAATTATAAT
IBV,AAATAGTGT
IBV,TTCATATGAA
IBV,AATAATTATA
IBV,AATACTAGTATT
IBV,AGGTGGTTGT
IBV,CTGTTTCATTA
IBV,GTTATTATAA
IBV,TAATACAGGTGGT
IBV,TAGTTAATGT
IBV,AACTACAAA
IBV,ACACATTGT
IBV,AGTAAGAAT
IBV,ATTATAATT
IBV,CACCACCTA
IBV,GATTCTTAC
IBV,GTAGTTAAT
IBV,TAATTATAATTA
IBV,TAGTGTCAA
IBV,GTGTTAACAC
IBV,TTAGTTAAA
IBV,ACTGTAATTT
IBV,ACTGTTGGT
IBV,CATAGCTATG
IBV,GCCTACTCT
IBV,GTATCTAAA
IBV,GTGTGCACTA
IBV,GTTAATACTA
IBV,GTTAATACT
IBV,TATAATTTA
IBV,TTATCTAAA
IBV,TTATTATAATT
IBV,ATAAACCAAC
IBV,GCACTATGTA
IBV,GTTAATACTA
IBV,TATTATAATT
IBV,ACACTGTAA
IBV,ACTCAACACAA
IBV,TTATTATAATT
IBV,AAACTATTA
IBV,AACAGATTC
IBV,AAGGCCATT
IBV,AATTTAACA
IBV,ATGGTTTGC
IBV,CAAAATGTTCA
IBV,CAAGGTCTT
IBV,CAATATGTT
IBV,CGTTTACTACT
IBV,CTAGCATTA
IBV,GAGAAAGTA
IBV,GCAATTTTT
IBV,GGTTCTCAA
IBV,GTAGTGTTAACACTAC
IBV,GTATAAAAA
IBV,GTTGCTGGT
IBV,TAACAGTTT
IBV,TACTAACAT
IBV,TAGACCGGC
IBV,TCATTACTA
IBV,TCTGCTGTA
IBV,TCTTCAATA
IBV,TGCTAGAGA
IBV,TTAATTTGA
IBV,TTAGAAAAT
IBV,TTTAATATA
IBV,TTTCTGAGT
IBV,TTTGTGGTA
IBV,TTTGTTGTA
IBV,ACTGTTGGT
IBV,AGGTTTTAT
IBV,GCCTACTCT
IBV,GTATCTAAA
IBV,TATAATTTA
IBV,TCTTGCTTA
IBV,TTAATACTA
IBV,TTATTATAATT
IBV,AGCTGCAGCT
IBV,CGCGCCGCTG
IBV,GGCAGCTGCC
IBV,TATAGCTATA
IBV,TGCGCGCTG
IBV,TGCGCGCTG
IBV,TGCTATAGCA
IBV,ACTCAACACAA
IBV,TAGTGTTAACACTA
IBV,TTATTATAATT
IBV,ACTGTTGGT
IBV,CAACACAATTAT
IBV,GCCTACTCT
IBV,GTATCTAAA
IBV,TAATAATTA
IBV,TAGTAATAA
IBV,TATAATTTA
IBV,TCTTGCTTA
IBV,TTATTATAATT
IBV,ATAATTTTA
IBV,TAAAATTAT
IBV,TGGTAATAGTAA
IBV,AATAATTATA
IBV,AATACTAGTATT
IBV,AGGTGGTTGT
IBV,CTGTTTCATTA
IBV,GTTATTATAA
IBV,TAATACAGGTGGT
IBV,TAGTTAATGT
IBV,ACACTGTAA
IBV,ACTGGCATGCT
IBV,ACATTATTT
IBV,CTCCTTTAG
IBV,TAAAATTAT
IBV,TGAAAAGAA
IBV,TGATTTAAATCA
IBV,TGTTGATTA
IBV,TTATAATAATT
IBV,TTTAATAAA
IBV,CAATATGTT
IBV,AATAATTATA
IBV,AATACTAGTATT
IBV,AGGTGGTTGT
IBV,CTGTTTCATTA
IBV,GTTATTATAA
IBV,TAATACAGGTGGT
IBV,TAGTTAATGT
IBV,ACTAATATTAGT
IBV,TTATTATAATT
IBV,AACAGATTCT
IBV,AACCATCTG
IBV,AATAAAAAT
IBV,AATCTGTTT
IBV,ACTTCTAGTTT
IBV,ACTTTTTAT
IBV,AGATGTAAG
IBV,AGCCATAGA
IBV,ATAAAAATAC
IBV,ATTACTAAT
IBV,ATTACTAAT
IBV,CAACTCACG
IBV,CACTTAATA
IBV,CAGGTATGA
IBV,CATACTGCT
IBV,GAAGATCTTC
IBV,GAATCTGTTG
IBV,GTATCTAAA
IBV,GTGTATAAAC
IBV,TAACAACAT
IBV,TAATAATGGC
IBV,TATAATTATA
IBV,TATGGCAAG
IBV,TCATTACTA
IBV,TCATTATCT
IBV,TCTGTTGTAA
IBV,TGAAACAACT
IBV,TGCTAGAGA
IBV,TTAATCCCTG
IBV,TTAGTAATAAA
IBV,TTAGTAATA
IBV,TTCACTTCTA
IBV,TTGCATGTC
IBV,TTGCTTTAT
IBV,TTTCTGAGT
IBV,TTTGTGGTA
IBV,GCATAAGCA
IBV,GTGTTAACAC
IBV,TTAGTTAAA
IBV,TTATTATAATT
IBV,CAGCAGCGG
IBV,CCGCTGCTG
IBV,AAAGTATTAA
IBV,TACTTTCTA
IBV,AAACCATTA
IBV,ATACTCTAGG
IBV,CATAGCTATG
IBV,GCCTACTCT
IBV,GTATCTAAA
IBV,GTGTGCACTA
IBV,GTTAATACTA
IBV,GTTAATACT
IBV,TAACTTAACA
IBV,TCTTGCTTA
IBV,TTATCTAAA
IBV,TTATTATAATT
IBV,ACTTCTAGTTT
IBV,TTAGTAATAAA
IBV,ACTTCTAGTTT
IBV,TTAGTAATAAA
IBV,AAAACTTAAGTTTT
IBV,AAAGTATTAA
IBV,TACTTTCTA
IBV,TTATTATAATT
IBV,ACTTCTAGTTT
IBV,TTAGTAATAAA
IBV,AAACCATTA
IBV,TGCCAGTAT
IBV,TTATTATAATT
IBV,CATAGCTATG
IBV,GCCTATAGGC
IBV,GTGTGCACTA
IBV,GTTAATACTA
IBV,TTATTATAATT
IBV,TTTGTTTGAT
IBV,ATTATGAAA
IBV,ATTGCTGGTTTA
IBV,CAAGAGGCT
IBV,CGTATCTAA
IBV,CTACTAATT
IBV,GCCTACTCT
IBV,TATAATCAA
IBV,TATTATAAT
IBV,TGCAGTAGT
IBV,TTATTATAATT
IBV,ACTCAACACAA
IBV,TTATTATAATT
IBV,CATAGCTATG
IBV,CCATAGATG
IBV,GCCTACTCT
IBV,GTATCTAAA
IBV,GTGTGCACTA
IBV,GTTAATACTA
IBV,TAATAATTA
IBV,TATAATTTA
IBV,TCACTAATG
IBV,TGGTTCTCA
IBV,TTATTATAATT
IBV,TTGTATACAA
IBV,TTGTCACACA
IBV,AAAAATACC
IBV,AAGAACTGG
IBV,AAGAGCCAT
IBV,ACAAACTGC
IBV,ACCAGTTATAA
IBV,AGAGCCATGGCTCT
IBV,AGCTGTTAGTG
IBV,AGTAAAAAC
IBV,AGTGTACAG
IBV,ATGGCCTTA
IBV,CACGCAAAA
IBV,CTACCAAAG
IBV,CTAGCATTA
IBV,GGTTACATT
IBV,GTAAAGGTG
IBV,TAATAAGAA
IBV,TACTACCAA
IBV,TGAATCTGT
IBV,TGTATAAAA
IBV,TTAACTCAC
IBV,TTAAGGAAA
IBV,TTATTATAATT
IBV,TTTACTACT
IBV,TTTTATATG
IBV,CAGTGCACTG
IBV,CATAGCTATG
IBV,GTGTGCACTA
IBV,GTTAATACTA
IBV,TAACTTAACA
IBV,TTATTATAATT
IBV,GAGAAAGTA
IBV,GTAGTGTTAACACTAC
IBV,GTTAACACTA
IBV,ACTCAACACA
IBV,AGTGAGTTTA
IBV,GTGTTAACAC
IBV,TAACACATTG
IBV,AGCTGCAGCT
IBV,CGCGCCGCTG
IBV,GGCAGCTGCC
IBV,TATAGCTATA
IBV,TGCGCGCTG
IBV,TGCGCGCTG
IBV,TGCTATAGCA
IBV,ACAAAACTACT
IBV,ACTTCTAGTTT
IBV,GTTCTGCAGAAC
IBV,TTAGTAATAAA
IBV,TTATTATAATT
IBV,AAATAATTT
IBV,ACATTATTT
IBV,ATTAATAAA
IBV,TAAAATTAT
IBV,TGAAAAGAA
IBV,TGATTTAAATCA
IBV,TGTTGATTA
IBV,ACCGCTTTTA
IBV,ACTTCTAGTTT
IBV,GATTTAAATC
IBV,TATAATTATA
IBV,TTCACTTCTA
IBV,TATGCAAGA
IBV,TACTGGTTT
IBV,TACTGGTTT
IBV,AAACCATTA
IBV,AACAAAACT
IBV,ACTAATATTA
IBV,ATAATAATA
IBV,CAATATGTT
IBV,CATAGCTATG
IBV,CTAGCATTA
IBV,CTAGCTTGT
IBV,CTGTTGTAA
IBV,CTTCAAGGT
IBV,GCCTACTCT
IBV,GGAATGATAC
IBV,GGTGGTGTTAATA
IBV,GGTTTTATT
IBV,GTAAAGGTG
IBV,GTATCTAAA
IBV,GTGTGCACTA
IBV,GTGTTAATA
IBV,GTTAATACTA
IBV,GTTAATACT
IBV,TAACAGGCA
IBV,TACTAATATTAGTA
IBV,TATAATTTA
IBV,TGCGTTAATA
IBV,TGGAGTGTA
IBV,TGGCTAGCCA
IBV,TGTACTCAT
IBV,TGTTTCAACA
IBV,TTATCTAAA
IBV,TTATTAACA
IBV,TTATTTACA
IBV,TTGTAAATA
IBV,TTGTCACACA
IBV,TTTTGTGGTA
IBV,ACACTGTAA
IBV,ACACTGTAA
IBV,AAACCATTA
IBV,ATACTCTAGG
IBV,CATAGCTATG
IBV,GCCTACTCT
IBV,GTATCTAAA
IBV,GTGTGCACTA
IBV,GTTAATACTA
IBV,GTTAATACT
IBV,TAACTTAACA
IBV,TCTTGCTTA
IBV,TTATCTAAA
IBV,TTATTATAATT
IBV,AAAGTATTAA
IBV,ATAAGCTTAT
IBV,TACTTTCTA
IBV,AAACATTAA
IBV,AATAGGCCA
IBV,AATCTTTTC
IBV,AATGCACCA
IBV,ACACTGTAA
IBV,ACACTGTAA
IBV,ACATTGTTT
IBV,ACTCAGATT
IBV,ACTTAATAT
IBV,AGAGTGATG
IBV,AGTTCTTCA
IBV,ATAATAATA
IBV,ATGAAAAAC
IBV,ATTATAGTT
IBV,CAATATGTT
IBV,CACTTAATA
IBV,CTAAAACTG
IBV,CTAGCATTA
IBV,GATCAATTT
IBV,GCATTAGCT
IBV,GGTTTTATT
IBV,GTAACTAAC
IBV,GTATAAAAA
IBV,GTGATGACA
IBV,TAATACCAC
IBV,TACCACAGAAT
IBV,TAGTAAATA
IBV,TATGTACTCAT
IBV,TCTTACCAC
IBV,TGAAACATT
IBV,TGGTTTAAC
IBV,TTACAGTGT
IBV,TTACAGTGT
IBV,TTGTTTCAA
IBV,AACCAGCTGGTT
IBV,CAATATGTT
IBV,ACTTCTAGTTT
IBV,TTAGTAATAAA
IBV,ACACTGTAA
IBV,ACACTGTAA
IBV,AGTTATAACT
IBV,ATTATAATAA
IBV,TATAATAAT
IBV,TATAATAAT
IBV,TATTATAATA
IBV,TTACAGTGT
IBV,TTACAGTGT
IBV,TTATAATAAT
IBV,AACACCACC
IBV,ACCACCTTG
IBV,GTGTTAACAC
IBV,GTTTATAAAC
IBV,AGATGGTTT
IBV,CTGTAAGCA
IBV,GTAATATTAC
IBV,GTAATATTA
IBV,TACATATGTA
IBV,TTAGTACTAA
IBV,CCGCTGCTGCTG
IBV,GCTGCTGCT
IBV,GCTGCTGCT
IBV,ACTTCTAGTTT
IBV,TTAGTAATAAA
IBV,TTATTATAATT
IBV,ACAACGGCCGTTGT
IBV,ACACATTGT
IBV,ACACATTGC
IBV,TTTTACTTC
IBV,AACACCACC
IBV,AATTATAATT
IBV,AATTATAAT
IBV,ACCACCTTG
IBV,ACTGGCTGG
IBV,ATTATAATT
IBV,CAGACCATC
IBV,CCAGTATAA
IBV,GTGTTAACAC
IBV,GTTTATAAAC
IBV,TTACAAAAA
IBV,TTATAATAAT
IBV,TTATTATAATT
IBV,GTGTTAACAC
IBV,TTAGTTAAA
IBV,AATAATTATT
IBV,ATGTATCTAA
IBV,CACCTGCAGGTG
IBV,GTAATATTAT
IBV,TGCATATGCA
IBV,TTATAATAAT
IBV,CATAGCTATG
IBV,GCCCTAGGGC
IBV,GTGTGCACTA
IBV,TAACTTAACA
IBV,TTATTATAATT
IBV,TTGTCACACA
IBV,GTGTTAACAC
IBV,TTAGTTAAA
IBV,AATAATTATA
IBV,AATACTAGTATT
IBV,AGGTGGTTGT
IBV,CTGTTTCATTA
IBV,GTTATTATAA
IBV,TAATACAGGTGGT
IBV,TAGTTAATGT
IBV,AAAGAAAAATT
IBV,GTGTTAACAC
IBV,TTAGTTAAA
IBV,AAATAATTT
IBV,ACATTATTT
IBV,AGCAGTGAA
IBV,TAAAATTAT
IBV,TGAAAAGAA
IBV,TGATTTAAATCA
IBV,TGTTGATTA
IBV,TTATAATAATT
IBV,GCCTACTCT
IBV,GTATCTAAA
IBV,TATAATTTA
IBV,TCTTGCTTA
IBV,TTAATACTA
IBV,TTATCTAAA
IBV,TTATTATAATT
IBV,CATAGCTATG
IBV,GTGTGCACTA
IBV,AACAAAACT
IBV,AAGATGTAA
IBV,AATAATGCC
IBV,ACAAAACTACT
IBV,ACAAGATGTAA
IBV,ACATTGTTT
IBV,ACCAGAAACTA
IBV,ACTTAATAT
IBV,AGAATCAATTT
IBV,AGTTTTAATT
IBV,ATAATAATA
IBV,ATTACATCA
IBV,ATTTTGTGGTA
IBV,ATTTTGTGG
IBV,CAATATGTT
IBV,CATAGCTATG
IBV,CTAGCATTA
IBV,CTAGCTTGT
IBV,CTTAGCAGA
IBV,GGTTTTATT
IBV,GTAATAATTA
IBV,GTAATAATT
IBV,GTATACAAA
IBV,GTGTGCACTA
IBV,TAACAGTTA
IBV,TAATAAGAA
IBV,TAATAAGGC
IBV,TAATATTACT
IBV,TACTGATGT
IBV,TATAATTTA
IBV,TATTACTAA
IBV,TATTATAAT
IBV,TCAACACAA
IBV,TGAGTTGCAA
IBV,TGGCGTTAA
IBV,TTAAATCTTT
IBV,TTAATTATTA
IBV,TTATAATCAA
IBV,TTATAATCA
IBV,TTATTATAATT
IBV,TTATTTACA
IBV,TTGTATACAA
IBV,TTTGTGGTA
IBV,ACTGTTGGT
IBV,ATGTTAAGT
IBV,CATAGCTATG
IBV,GCCCTAGGGC
IBV,GCCTACTCT
IBV,GTAAAGGTG
IBV,GTATCTAAA
IBV,GTGTGCACTA
IBV,GTTAATACTA
IBV,GTTAATACT
IBV,TAACTTAACA
IBV,TCTTGCTTA
IBV,TTATCTAAA
IBV,TTATTATAATT
IBV,ACTGTTGGT
IBV,CATAGCTATG
IBV,CCCTGCAGGG
IBV,GCCTACTCT
IBV,GTATCTAAA
IBV,GTGTGCACTA
IBV,TAATAAAAC
IBV,TATAATTTA
IBV,TTAATACTA
IBV,TTATTATAATT
IBV,TTGTCACACA
IBV,ACTGTTGGT
IBV,CATAGCTATG
IBV,GCCTACTCT
IBV,GTATCTAAA
IBV,GTGTGCACTA
IBV,GTTAATACTA
IBV,GTTAATACT
IBV,GTTCTGCAGAAC
IBV,TATAATTTA
IBV,TGCGTTAATA
IBV,TTATCTAAA
IBV,TTATTATAATT
IBV,AAACCATTA
IBV,ACAAGATGTAA
IBV,ACCATTTTG
IBV,ACTGTTGGT
IBV,ACTTAATAT
IBV,ACTTAATAT
IBV,AGCTGCAGCT
IBV,AGTTTTAATT
IBV,ATAATAATA
IBV,ATGAAAAAC
IBV,ATGAAAGAA
IBV,ATTTTGTGGTA
IBV,CAGTGCACTG
IBV,CATAGCTATG
IBV,CATTTTGTG
IBV,CGTATCTAAA
IBV,CTACCAAAG
IBV,CTAGCATTA
IBV,GAAGATCTTC
IBV,GCCCTAGGGC
IBV,GCCTACTCT
IBV,GGTTTTATT
IBV,GTAAAGGTG
IBV,GTGTGCACTA
IBV,GTTAATACTA
IBV,TATAAGTTT
IBV,TCTTACCAC
IBV,TGTACTCAT
IBV,TGTTTCAACA
IBV,TTAATTATT
IBV,TTAATTCTT
IBV,TTACTAAGA
IBV,TTATTATAA
IBV,TTGTAAATAG
IBV,TTGTCACACA
IBV,ACATTGTTT
IBV,ACCTAGTAG
IBV,ACTCAACACAA
IBV,ACTTAATGT
IBV,AGCTATGGC
IBV,AGGTGGTGT
IBV,ATATTAAGT
IBV,ATTTTGTGGTA
IBV,CAATATGTT
IBV,CCTAATATTAGG
IBV,CTAGCATTA
IBV,GTAGTAATG
IBV,GTATCTAAA
IBV,TAAAATTAT
IBV,TAAAGCCTTGGC
IBV,TAATATTAG
IBV,TACTAATAG
IBV,TCTGTATTG
IBV,TCTTACCAC
IBV,TTAACATCT
IBV,TTAATTTGA
IBV,TTATTATAATT
IBV,TTGAACCTG
IBV,TTGTTTGCA
IBV,TTTTATATT
IBV,TTTTGTTAACAC
IBV,AAATAATTT
IBV,ACATTATTT
IBV,TAAAATTAT
IBV,TGAAAAGAA
IBV,TGATTTAAATCA
IBV,TGTTGATTA
IBV,TTATAATAATT
IBV,TTTAATAAA
IBV,GGTCTCATT
IBV,TAGACCATT
IBV,AAAACTACT
IBV,AAGAATTAC
IBV,AAGGCCATT
IBV,AATTTTGTA
IBV,ACATTGTTT
IBV,ACCACCAAA
IBV,ACTTCTAGTTT
IBV,AGAAGATTT
IBV,AGTGCTTCT
IBV,ATTTTGTGGTA
IBV,CAACTTGTT
IBV,CAATATGTT
IBV,CAATTTCAC
IBV,CTAGCATTA
IBV,GGTTTTATT
IBV,GTATAACAC
IBV,GTATACAAA
IBV,GTGTATAAA
IBV,TAACAAAAC
IBV,TAACAGTTA
IBV,TAATAAGAA
IBV,TACTGTATA
IBV,TATAGTAAATA
IBV,TATTACTAA
IBV,TCTGAGTAG
IBV,TGGTGTTAA
IBV,TGTAACTAA
IBV,TGTAATTCT
IBV,TTATACTCA
IBV,TTATTAACA
IBV,TTATTTAAA
IBV,TTATTTACA
IBV,TTCACTTCT
IBV,TTGTTTGCA
IBV,TTTGTGGTA
IBV,ACTTTAAAGT
IBV,ATTACTAAT
IBV,ATTACTAAT
IBV,CTCTATGATA
IBV,GAAGATCTTC
IBV,GAATCTGTTG
IBV,GATTTAAATC
IBV,GTGTATAAAC
IBV,TATAATTATA
IBV,TCTGTTGTAA
IBV,TTAATCCCTG
IBV,TTAGTAATA
IBV,TTAGTAATA
IBV,TTCACTTCTA
IBV,ACTGTTGGT
IBV,GCCTACTCT
IBV,TATAATTTA
IBV,TCTTGCTTA
IBV,TTAATACTA
IBV,TTATTATAATT
IBV,TTTGATTAT
IBV,AACAGATTCT
IBV,AACCATCTG
IBV,AATAAAAAT
IBV,AATCTGTTT
IBV,ACTTCTAGTTT
IBV,ACTTTTTAT
IBV,AGATGTAAG
IBV,AGCCATAGA
IBV,ATAAAAATAC
IBV,ATTACTAAT
IBV,ATTACTAAT
IBV,CAACTCACG
IBV,CACTTAATA
IBV,CAGGTATGA
IBV,CATACTGCT
IBV,GAAGATCTTC
IBV,GAATCTGTTG
IBV,GTATCTAAA
IBV,GTGTATAAAC
IBV,TAACAACAT
IBV,TAATAATGGC
IBV,TATAATTATA
IBV,TATGGCAAG
IBV,TCATTACTA
IBV,TCATTATCT
IBV,TCTGTTGTAA
IBV,TGAAACAACT
IBV,TGCTAGAGA
IBV,TTAATCCCTG
IBV,TTAGTAATAAA
IBV,TTAGTAATA
IBV,TTCACTTCTA
IBV,TTGCATGTC
IBV,TTGCTTTAT
IBV,TTTCTGAGT
IBV,TTTGTGGTA
IBV,ACTTCTAGTTT
IBV,TTAGTAATAAA
IBV,ACACATTGT
IBV,ACCATTTTG
IBV,AGTTATGAG
IBV,ATAGTGTTT
IBV,ATAGTGTTT
IBV,CAAGGTCTT
IBV,CACAAACAG
IBV,CACTTAATA
IBV,CCAAAATTTTTAT
IBV,CCTGCAGTA
IBV,CTAGCATTA
IBV,CTGTTTCATTA
IBV,CTTTTTGTA
IBV,GACATCTTC
IBV,GCAACACAA
IBV,GCAATTTTT
IBV,GCCTGCAGT
IBV,GGTCTTATT
IBV,GGTCTTATT
IBV,GTAAAGGTG
IBV,GTATACAAA
IBV,GTCTATTAG
IBV,GTGATGACA
IBV,TAACATTAA
IBV,TAACATTAA
IBV,TAATACAGGTGGT
IBV,TACAAACTG
IBV,TAGTAATGA
IBV,TATTATAAT
IBV,TGGATCTTA
IBV,TTATTTACA
IBV,TTTAAAAGT
IBV,TTTCTGAGTAG
IBV,GTGTTAACAC
IBV,ACTTCTAGTTT
IBV,TTATTATAATT
IBV,AATTATAATT
IBV,AATTATAATT
IBV,AATTATAAT
IBV,ATAATTATAATT
IBV,ATTATAATTATAAT
IBV,ATTATAATT
IBV,ATTATAATT
IBV,GTGTTAACAC
IBV,GTTTATAAAC
IBV,TGGTTTGTAT
IBV,TTATAATAAT
IBV,TTATTATAATT
IBV,TTATTATAATT
IBV,AAACCATTA
IBV,AAATTATAGT
IBV,ACTGTTGGT
IBV,CATAGCTATG
IBV,GTGTGCACTA
IBV,GTGTTAACAC
IBV,GTGTTAACA
IBV,TAACTTAACA
IBV,TCTTGCTTA
IBV,TTAATACTA
IBV,TTATCTAAA
IBV,ACCATTAAC
IBV,ACTCAACACAA
IBV,TTATTATAATT
IBV,AAAGCGCTTT
IBV,ATCAGTCAC
IBV,ATGAGAAAT
IBV,GTATTATTA
IBV,TAAAATTATG
IBV,TAAAATTAT
IBV,TAATACTACT
IBV,TAGTAATTA
IBV,TCACTAGTGA
IBV,TGGTCTAAA
IBV,TTACTAGTAA
IBV,TTATAATAA
IBV,TTATTATAATT
IBV,ACTGTAATTT
IBV,CATAGCTATG
IBV,ACAAGGTCA
IBV,CATCTTCAGTA
IBV,CAGTGCACTG
IBV,GTGTGCACTA
IBV,GTTAATACTA
IBV,TAACTTAACA
IBV,TTATTATAATT
IBV,AAAACTGCT
IBV,AAACTGCTG
IBV,AAATTATAATA
IBV,AAGGCCATT
IBV,AATAATTAT
IBV,AATATAATAA
IBV,AATTACATG
IBV,AATTTTGTAGT
IBV,ACCATTTTG
IBV,ACCCTGCAT
IBV,ACTCATCATC
IBV,AGAAGATTT
IBV,AGGTGGTGTT
IBV,ATAATATTAT
IBV,CAAAATTTTG
IBV,CAATATGTT
IBV,CAATTTCAC
IBV,CATAGCTATG
IBV,CTACTAATT
IBV,CTAGCATTA
IBV,CTATACCATT
IBV,CTTCAAGGT
IBV,GAATATAAT
IBV,GGTACTGTG
IBV,GGTTTTATT
IBV,GTATACAAA
IBV,GTATCTAAA
IBV,GTGTATAAA
IBV,GTGTGCACTA
IBV,GTGTTAATA
IBV,TAACAAAACT
IBV,TAACAGGCA
IBV,TAACAGTTA
IBV,TAAGTTACA
IBV,TAATAAGAA
IBV,TAATAATTA
IBV,TAATATTACT
IBV,TAATATTAT
IBV,TAATTCTAG
IBV,TATAATCAA
IBV,TATTATAAT
IBV,TCAACACAA
IBV,TCATCATCT
IBV,TCTTACCAC
IBV,TGAATATAA
IBV,TTACTGAAAA
IBV,TTATAATTTA
IBV,TTATTAACA
IBV,TTATTATAATT
IBV,TTATTTACA
IBV,TTGTATACAA
IBV,TTTCAGTAA
IBV,GTGTTAACAC
IBV,ACACTGTAA
IBV,TTCTATAGAA
IBV,ACTAACATAA
IBV,ATGTTAGTAA
IBV,CAATGCATTG
IBV,CGTTTACTACT
IBV,GTAGTGTTAACACTAC
IBV,GTTAACACTA
IBV,ACCAGAAAC
IBV,GCCTACTCT
IBV,TAAAATTAT
IBV,TCAACACAA
IBV,TGCCAGTAT
IBV,TGGTCTAAA
IBV,TTATTATAATT
IBV,ACACTGTAA
IBV,CATAGCTATG
IBV,GCCTATAGGC
IBV,GTGTGCACTA
IBV,GTTAATACTA
IBV,TAACTTAACA
IBV,TTATTATAATT
IBV,AAGACATGTCTT
IBV,AAGCTAGAA
IBV,AGAGAAGAT
IBV,ATAATTATAA
IBV,ATAGTGTTT
IBV,ATATCATAA
IBV,ATATCTATG
IBV,ATTACTAAGA
IBV,ATTATAATTA
IBV,ATTTAATATT
IBV,ATTTAATAT
IBV,ATTTTGTGG
IBV,CAAAAAGAA
IBV,CATCCTAATATTAGGATG
IBV,CATTTAGAC
IBV,CTAGCATTA
IBV,CTATACCATT
IBV,CTGTTGTAA
IBV,CTTCTCTTG
IBV,GAAGATCTTC
IBV,GACATAGTT
IBV,GCAAATGGT
IBV,GGTTTTATTA
IBV,GTAACTCAT
IBV,GTATACAAA
IBV,TAATAAGAA
IBV,TAATATAAG
IBV,TAATTATAATTA
IBV,TATAATTAG
IBV,TATGGGCCCATA
IBV,TCAATATCA
IBV,TCATAGTTT
IBV,TCTACAGTTA
IBV,TGGTGGCAA
IBV,TGTACTCAT
IBV,TTAATTCTA
IBV,TTATAATTATAA
IBV,TTGTAAATAG
IBV,TTGTATACAA
IBV,TTGTTTGCA
IBV,TTTTGTGGTA
IBV,AATAATTATA
IBV,AATACTAGTATT
IBV,CCTTGGCCTA
IBV,GTTATTATAA
IBV,TAGTTAATGT
IBV,ACTCAACACA
IBV,AGTTATAACT
IBV,TTATTATAATT
IBV,AACAAAACT
IBV,AAGGTTTAT
IBV,AATAATGCC
IBV,AATTTAACA
IBV,ACAAAACTACT
IBV,ACCATTTTG
IBV,ACTTAATAT
IBV,AGAATTTAA
IBV,ATAATAATA
IBV,ATTACATCA
IBV,ATTATATTC
IBV,ATTATGAAA
IBV,ATTCACTTT
IBV,CAATATGTT
IBV,CAATTTCAC
IBV,CCACTACCA
IBV,CTAGCATTA
IBV,CTTCAAGGT
IBV,GGTACTGTG
IBV,GGTTTTATT
IBV,GTATACAAA
IBV,GTATCTAAA
IBV,GTGTATAAA
IBV,TAACAGTTA
IBV,TAATAAGAA
IBV,TAATAAGGC
IBV,TAATATTAT
IBV,TACTAATAA
IBV,TACTGATGT
IBV,TATTACTAA
IBV,TATTATAAT
IBV,TCAACACAA
IBV,TTAATTATT
IBV,TTATTATAATT
IBV,TTATTTACA
IBV,TTGTTTGCA
IBV,ACTCAACACAA
IBV,TTATTATAATT
IBV,GCCTACTCT
IBV,GTATCTAAA
IBV,TATAATTTA
IBV,TCTTGCTTA
IBV,TTAATACTA
IBV,TTATCTAAA
IBV,TTATTATAATT
IBV,CACTATAAT
IBV,CATCTTCAGTA
IBV,AAAGTATTAA
IBV,TACTTTCTA
IBV,TTATTATAATT
IBV,GTGTTAACAC
IBV,TTAGTTAAA
IBV,AAACCATTA
IBV,ACTGTTGGT
IBV,ACTTAATAT
IBV,ACTTAATAT
IBV,ATAATAATA
IBV,CAATATGTT
IBV,CATTTTGTG
IBV,CTAGCATTA
IBV,CTGGCTTGT
IBV,CTGTTGTAA
IBV,GCTGGTTTA
IBV,GGTTTTATT
IBV,GTATCTAAA
IBV,GTGTTAATA
IBV,TAACAGGCA
IBV,TAATATTACT
IBV,TAATATTACT
IBV,TATAATTTA
IBV,TATTACTAA
IBV,TCTTACCAC
IBV,TCTTGCTTA
IBV,TGGAGTGTA
IBV,TGTACTCAT
IBV,TTAATACTA
IBV,TTATTAACA
IBV,TTATTTACA
IBV,TTGTAAATA
IBV,TTATTATAATT
IBV,GTGTTAACAC
IBV,TTAGTTAAA
IBV,AAAGGTGTCTAT
IBV,TTATTATAATT
IBV,CATAGCTATG
IBV,GTTAATACTA
IBV,TCCAATTGGA
IBV,TGTTAATGGT
IBV,TTATTATAATT
IBV,GTGTTAACAC
IBV,TTAGTTAAA
IBV,AAACCATTA
IBV,AACCATCTG
IBV,AACTATATC
IBV,AAGGCCATT
IBV,AATCTGTTT
IBV,ACATTGTTT
IBV,ACCACCAAA
IBV,AGAAGATTT
IBV,ATAAACCAT
IBV,CAATATGTTT
IBV,CAATTTCAC
IBV,CACAACAAC
IBV,CACAACAAC
IBV,CATTTTGTGG
IBV,CTAGCATTA
IBV,GGAATGATAC
IBV,GGTTTTATT
IBV,GTATAACAC
IBV,GTGTATAAAC
IBV,TAACAAAAC
IBV,TAACAGTTA
IBV,TAATAAGAA
IBV,TAATAATGGC
IBV,TACTAATAAA
IBV,TACTAATAAA
IBV,TATAATTATA
IBV,TATGGCAAG
IBV,TCAAGGTTT
IBV,TGGTCTAAAA
IBV,TGGTGTTAA
IBV,TGTAACTAA
IBV,TTATAATAAT
IBV,TTATAATAA
IBV,TTATACTCA
IBV,TTATTAACA
IBV,TTATTTAAA
IBV,TTATTTACA
IBV,TTCACTTCT
IBV,TTCTTACCA
IBV,TTGTATAAAA
IBV,TTGTTTGCA
IBV,TTTACATTA
IBV,TTTGTGGTA
IBV,TTTTGTGGTA
IBV,AAACTGATT
IBV,ATGCCTACT
IBV,TCAGTTTCA
IBV,TTATTATAATT
IBV,TTTTACTAA
IBV,CATAGCTATG
IBV,GCCCTAGGGC
IBV,GTGTGCACTA
IBV,GTTAATACTA
IBV,TTATTATAATT
IBV,TTGTCACACA
IBV,AAATAATTT
IBV,ACATTATTT
IBV,ACTACTATC
IBV,AGCAGTGAA
IBV,TAAAATTAT
IBV,TGATTTAAATCA
IBV,TGTTGATTA
IBV,TTATAATAATT
IBV,TTTAATAAA
IBV,AAAATTACACCTACTAC
IBV,ATTAATATTAAT
IBV,CTTCTAATT
IBV,GCAACATGTTGC
IBV,GTGTCTATG
IBV,TAGCTAGTA
IBV,TAGTAGGTG
IBV,TATGCAAAA
IBV,TATTAGTAA
IBV,TATTTATAA
IBV,TCTATTAATAGA
IBV,TTATTAGTA
IBV,TTTATAATA
IBV,TTATTAATAGT
IBV,ATTCACTTT
IBV,TATTATAAT
IBV,TCAACACAA
IBV,TGGCATGCT
IBV,TTATAAACA
IBV,TTATTATAATT
IBV,ACTCAACACAA
IBV,TTATTATAATT
IBV,ACACATTGT
IBV,CAAGGTCTT
IBV,CACAAACAG
IBV,CCAAAATTTTTAT
IBV,CTTTTTGTA
IBV,GACATCTTC
IBV,GCAACACAA
IBV,GCAATTTTT
IBV,GCCTGCAGT
IBV,GTAAAGGTG
IBV,GTATACAAA
IBV,TAACATTAA
IBV,TAATACAGGTGGT
IBV,TACAAACTG
IBV,TATTATAAT
IBV,TGGATCTTA
IBV,CATAGCTATG
IBV,GTGTGCACTA
IBV,GTTAATACTA
IBV,TAACTTAACA
IBV,TTATTATAATT
IBV,TTGTCACACA
IBV,AAATTGCTG
IBV,ACTGGCATGCT
IBV,ACTGGTTCTCA
IBV,AGGTTTTAT
IBV,ATCTGTTGG
IBV,CACTTAATA
IBV,CCTGCAGTA
IBV,CTAGCATTA
IBV,GCAATTTTT
IBV,GCAATTTTT
IBV,GCCTGCAGT
IBV,GTATACAAA
IBV,GTCTATTAG
IBV,TAACAGTTA
IBV,TAAGTTTTG
IBV,TATAAAAAT
IBV,TATTATAAT
IBV,TATTTACAA
IBV,TCAACACAA
IBV,TGCCAGTAT
IBV,TGTATTGTT
IBV,TTACTAAGA
IBV,TTATTAATAGT
IBV,TTATTATAATT
IBV,TTGGTACTATT
IBV,TTTCTGAGTAG
IBV,TTTGCTTGT
IBV,TTTGTTGTA
IBV,TTTTATTAA
IBV,TCTAAATTTAGA
IBV,AAACCATTA
IBV,ACTGTTGGT
IBV,ACTTAATAT
IBV,ACTTAATAT
IBV,ATAATAATA
IBV,CAATATGTT
IBV,CATTTTGTG
IBV,CTAGCATTA
IBV,CTGTTGTAA
IBV,GCCTACTCT
IBV,GCTGGTTTA
IBV,GGTTTTATT
IBV,GTAAAGGTG
IBV,GTATCTAAA
IBV,GTGTTAATA
IBV,TAATATTACT
IBV,TAATATTACT
IBV,TATTACTAA
IBV,TCTTGCTTA
IBV,TGGAGTGTA
IBV,TGTACTCAT
IBV,TTAATACTA
IBV,TTATTAACA
IBV,TTATTTACA
IBV,TTGTAAATA
IBV,CATAGCTATG
IBV,GCCCTAGGGC
IBV,GTGTGCACTA
IBV,GTTAATACTA
IBV,TAACTTAACA
IBV,TTATTATAATT
IBV,TTGTCACACA
IBV,AACAGATTCT
IBV,AACCATCTG
IBV,AATAAAAAT
IBV,AATCTGTTT
IBV,ACTTCTAGTTT
IBV,ACTTTTTAT
IBV,AGATGTAAG
IBV,AGCCATAGA
IBV,ATAAAAATAC
IBV,ATTACTAAT
IBV,ATTACTAAT
IBV,CAACTCACG
IBV,CACTTAATA
IBV,CAGGTATGA
IBV,CATACTGCT
IBV,GAAGATCTTC
IBV,GAATCTGTTG
IBV,GTATCTAAA
IBV,GTGTATAAAC
IBV,TAACAACAT
IBV,TAATAATGGC
IBV,TATAATTATA
IBV,TATGGCAAG
IBV,TCATTACTA
IBV,TCATTATCT
IBV,TCTGTTGTAA
IBV,TGAAACAACT
IBV,TGCTAGAGA
IBV,TTAATCCCTG
IBV,TTAGTAATAAA
IBV,TTAGTAATA
IBV,TTCACTTCTA
IBV,TTGCATGTC
IBV,TTGCTTTAT
IBV,TTTCTGAGT
IBV,TTTGTGGTA
IBV,AAACTATTA
IBV,AATTATAAT
IBV,ATTAATAAT
IBV,ATTATAATT
IBV,GTAAAGGTG
IBV,GTTATAAAA
IBV,TAATTCACCAA
IBV,TACTAAAGA
IBV,TATGTACTC
IBV,TTAATAATA
IBV,TTAGTTAAA
IBV,TTATTATAATT
IBV,GGTCTCATT
IBV,TATGCAAGA
IBV,AAAAATACC
IBV,AACACTATT
IBV,AACTAATTT
IBV,ACATCTTCG
IBV,ATGAAAAAT
IBV,CAAGGTCTT
IBV,CACGCAAAA
IBV,CACTTAATA
IBV,CAGTATGTT
IBV,CAGTTGCTG
IBV,CTAAAACAG
IBV,CTACCAAAG
IBV,CTAGCATTA
IBV,CTATTATTA
IBV,GAGTATAAG
IBV,GCAGGTGGTGC
IBV,GGTTTTATT
IBV,GTAAAGGTG
IBV,GTATACAAA
IBV,GTTTTGAGTAT
IBV,TACTAACAT
IBV,TAGTATTAATACTA
IBV,TATTATAAT
IBV,TCAACACAA
IBV,TGAATCTGTTG
IBV,TGGTGAGTT
IBV,TGGTGGTGT
IBV,TGTAAACAC
IBV,TGTATAAAA
IBV,TTAACTCAC
IBV,TTATTATAATT
IBV,TTGAAAAAG
IBV,TTTACTACT
IBV,TAATACTACT
IBV,ACTGTTGGT
IBV,ACTTCTAGTTT
IBV,GCCTACTCT
IBV,GTATCTAAA
IBV,TATAATTTA
IBV,TCTTGCTTA
IBV,TGTTGTTAT
IBV,ACTTCTAGTTT
IBV,TTAGTAATAAA
IBV,ACTTCTAGTTT
IBV,TTAGTAATAAA
IBV,AATAATTATA
IBV,AATACTAGTATT
IBV,AGGTGGTTGT
IBV,CTGTTTCATTA
IBV,GTTATTATAA
IBV,TAATACAGGTGGT
IBV,TAGTTAATGT
IBV,AATTATAATT
IBV,ACTAATATTAGT
IBV,ATTATAATTATAAT
IBV,GTATTAATAC
IBV,GTTTATAAAC
IBV,ACTGGCATGCT
IBV,TTATTATAATT
IBV,CATCTTCAGTA
IBV,ACAAAACTAC
IBV,ACTGTAATTT
IBV,CATAGCTATG
IBV,CGTATCTAAA
IBV,GTTAATACTA
IBV,TTATTATAATT
IBV,CATAGCTATG
IBV,GCCCTAGGGC
IBV,GTGTGCACTA
IBV,GTTAATACTA
IBV,TAACTTAACA
IBV,TTATTATAATT
IBV,TTGTCACACA
IBV,TTATTATAATT
IBV,AAATCACTT
IBV,ACACTGTAA
IBV,ACCAGAAACTA
IBV,ACTGGTTCTCA
IBV,AGTGATTTT
IBV,ATTTTAATG
IBV,TAGTATTAATACTA
IBV,TATTATAAT
IBV,TCAACACAA
IBV,TGCCAGTAT
IBV,TTATAAACA
IBV,TTATAATAA
IBV,TTATTATAATT
IBV,ACACTGTAA
IBV,ACACTGTAA
IBV,ACTCAACACA
IBV,AGTTATAACT
IBV,ATTATAATAA
IBV,TATAATAAT
IBV,TATAATAAT
IBV,TATTATAATA
IBV,TTACAGTGT
IBV,TTACAGTGT
IBV,TTATAATAAT
IBV,CGCGCCGCTG
IBV,CTGCTGCTAT
IBV,GGCAGCTGCC
IBV,TATAGCTATA
IBV,TGCGCGCTG
IBV,TGCGCGCTG
IBV,TGCTATAGCA
IBV,AAACTGCTG
IBV,AAACTGCTG
IBV,ACTCAACACA
IBV,AGTTATAACT
IBV,ATAACTGGTG
IBV,CTAAATTTAG
IBV,TAGTGTTAACACTA
IBV,TTATTATAATT
IBV,TTTATTTAAA
IBV,AAGGCCATT
IBV,AATGATACC
IBV,ACAAGGTCA
IBV,ACTCAACACAA
IBV,CAATATGTT
IBV,CTAGCATTA
IBV,CTGTTGTAA
IBV,CTTAGCAGA
IBV,CTTCAAGGT
IBV,GGCCTTATT
IBV,GGTACTGTA
IBV,GTAAAGGTG
IBV,GTAGTAATG
IBV,GTGTATAAA
IBV,TACTAATAG
IBV,TCTTCACAA
IBV,TCTTCTATA
IBV,TGTAACTGA
IBV,TTAATTTGA
IBV,TTACTACTA
IBV,TTATTATAATT
IBV,TTATTTACA
IBV,TTGAACCTG
IBV,TTGTAAATA
IBV,TTGTTTGCA
IBV,TTTACTACT
IBV,TTTGAATGT
IBV,TTTTATATT
IBV,GTGTTAACAC
IBV,TTAGTTAAA
IBV,AAGCATGCTT
IBV,ATTTAAATCA
IBV,CACATTGTTT
IBV,TATTTAAATA
IBV,TGATTTAAATCA
IBV,TTATAATAATT
IBV,TAATACTACT
IBV,CCAAAGCTTTGG
IBV,AAACCATTA
IBV,AAGTGCTTC
IBV,ACATTGTTT
IBV,ACTTAATAT
IBV,ACTTAATAT
IBV,ATAATAATA
IBV,CAACTTGTT
IBV,CAATATGTT
IBV,CAATTTCAC
IBV,CACTATGTA
IBV,CCTTTAACA
IBV,CTAGCATTA
IBV,CTCTGGAGT
IBV,CTGTTGTAA
IBV,GTAAAGGTG
IBV,TAAAGGTGC
IBV,TAATAAGAA
IBV,TAATATTACT
IBV,TAATATTACT
IBV,TCTTACCAC
IBV,TGGTCTAAA
IBV,TGTACTCAT
IBV,TTATTTAAA
IBV,TTGTAAATA
IBV,TTGTTTGCA
IBV,TTTCTCTTG
IBV,ACTGTTGGT
IBV,CATAGCTATG
IBV,GCCCTAGGGC
IBV,GTGTGCACTA
IBV,TAATAAAAC
IBV,TATAATCAA
IBV,TATAATTTA
IBV,TATTATAAT
IBV,TCTTGCTTA
IBV,TTATTATAATT
IBV,TTGTCACACA
IBV,AATTATAATT
IBV,AATTATAATT
IBV,ACTAATATTAGT
IBV,ATAATTATAATT
IBV,ATTATAATTATAAT
IBV,ACCAGAAAC
IBV,GCCTACTCT
IBV,TAAAATTAT
IBV,TCAACACAA
IBV,TGCCAGTAT
IBV,TGGTCTAAA
IBV,TTATTATAATT
IBV,AATAATTATA
IBV,AATACTAGTATT
IBV,AGGTGGTTGT
IBV,CTGTTTCATTA
IBV,GTTATTATAA
IBV,TAATACAGGTGGT
IBV,TAGTTAATGT
IBV,TTATTATAATT
IBV,AATTATAATT
IBV,AATTATAAT
IBV,ATTATAATT
IBV,CACCTTTACA
IBV,GTGTTAACAC
IBV,TAATTCACCAA
IBV,TTATAATAAT
IBV,TTATTATAATT
IBV,ACTGTTGGT
IBV,GTATCTAAA
IBV,TATAATTTA
IBV,TCTTGCTTA
IBV,TTAATACTA
IBV,TTATCTAAA
IBV,TTATTATAATT
IBV,AAACTACTA
IBV,AAATAATTT
IBV,AAGGTCAAT
IBV,AAGTAGTGA
IBV,ACATTATTT
IBV,AGAAGATTT
IBV,AGCAGTGAA
IBV,ATAGTAAAT
IBV,CAAATGATTAA
IBV,CAACATCTT
IBV,CAGTATGTT
IBV,CCTGTATTA
IBV,CCTTCAGGT
IBV,CGTAGTTAG
IBV,GTGATTTAA
IBV,GTGTTTCAA
IBV,TAAAATTAT
IBV,TAAAATTAT
IBV,TAAATAATTTC
IBV,TAAATTTAA
IBV,TAAGCCTAT
IBV,TAATAAGAA
IBV,TAATACAGG
IBV,TAGCATATT
IBV,TATTATAAA
IBV,TATTCAGTATG
IBV,TCTGGTTTA
IBV,TGAAAAGAA
IBV,TGAAACTTT
IBV,TGCTTGTTT
IBV,TGGCATGTA
IBV,TGTTGATTA
IBV,TTAATCATTTG
IBV,TTACTACAC
IBV,TTATAATAATT
IBV,TTGCAATTT
IBV,TTTAATAAA
IBV,TTTAATAAA
IBV,TTTAATACT
IBV,AAATTATAATA
IBV,AATTTTGTAGT
IBV,ATAATATTAT
IBV,CAAAATTTTG
IBV,GTGTGCACTA
IBV,TTATAATAAT
IBV,TTATAATTTA
IBV,TTATTATAATT
IBV,AAAGTATTAA
IBV,ATAAGCTTAT
IBV,TACTTTCTA
IBV,AACACCACC
IBV,ACCACCTTG
IBV,GTTTATAAAC
IBV,ACTCAACACAA
IBV,TTATTATAATT
IBV,ACTCAACACAA
IBV,TTATTATAATT
IBV,AAATAGTGT
IBV,TTATTAATAGT
IBV,CATGTACATG
IBV,TATGCAAGA
IBV,ACTAATATTAGT
IBV,TATGCAAGA
IBV,TAATACTACT
IBV,CGTTTACTACT
IBV,GTAGTGTTAACACTAC
IBV,GTTTATAAAC
IBV,TATAAACCT
IBV,ACTGGCATGCT
IBV,AAACCATTA
IBV,ACTGATTCT
IBV,GCCTACTCT
IBV,TGGTCTAAA
IBV,TTATCTAAA
IBV,TTATTATAATT
IBV,TTGGCTTAT
IBV,AAACTTACCA
IBV,AAGTTTTGA
IBV,AATCTACCAG
IBV,AATTGCCACAA
IBV,ACCCAGTCA
IBV,ACTGGCATGCT
IBV,ACTTTCAGT
IBV,AGGTTTTAT
IBV,AGTTATAACT
IBV,ATCAAAATC
IBV,ATCTGTTGG
IBV,ATTAATAAT
IBV,ATTCACTTT
IBV,CAATTTCACT
IBV,CACTTAATA
IBV,CCAGTTATAA
IBV,CCATTAGGT
IBV,CCTGCAGTA
IBV,CTGTTGGTA
IBV,CTTACTCAT
IBV,GCAATTTTT
IBV,GCAATTTTT
IBV,GCCAGTTAT
IBV,GCCTGCAGT
IBV,GGAATGATAC
IBV,GGCAATTTT
IBV,GTATACAAA
IBV,GTGTTGTTAA
IBV,TAACAGTTA
IBV,TAAGTTTTG
IBV,TATAACTGGC
IBV,TATTATAAT
IBV,TATTTCTAG
IBV,TCAACACAA
IBV,TGAAAGTTTT
IBV,TGCATACTG
IBV,TGCCAGTAT
IBV,TGTTGGTAA
IBV,TTAACAACA
IBV,TTACTAAGA
IBV,TTATAAACA
IBV,TTATAATAAT
IBV,TTATTATAATT
IBV,TTCTGAGTAG
IBV,TTGTATAAAA
IBV,TTTGCTTGT
IBV,AATTATAATT
IBV,GTGTTAACAC
IBV,AAACCATTA
IBV,AACAAAACT
IBV,ACTGTTGGT
IBV,ACTTAATAT
IBV,ACTTAATAT
IBV,ATAATAATA
IBV,CAATATGTT
IBV,CATTTTGTG
IBV,CTAGCATTA
IBV,CTGTTGTAA
IBV,GACCATATT
IBV,GCCTACTCT
IBV,GCTGGTTTA
IBV,GGTTTTATT
IBV,GTAAAGGTG
IBV,GTATCTAAA
IBV,GTGTTAATA
IBV,TAACAGGCA
IBV,TAATATTACT
IBV,TAATATTACT
IBV,TATAATTTA
IBV,TATTACTAA
IBV,TCTTACCAC
IBV,TCTTGCTTA
IBV,TGGAGTGTA
IBV,TGTACTCAT
IBV,TTAATACTA
IBV,TTATTAACA
IBV,TTATTTACA
IBV,TTGATTCTG
IBV,TTGTAAATA
IBV,ACTGTTGGT
IBV,GCCTACTCT
IBV,GTATCTAAA
IBV,TATAATTTA
IBV,TCTTGCTTA
IBV,TTATCTAAA
IBV,TTATTATAATT
IBV,ACCACTCTG
IBV,AAACCATTA
IBV,AAACTTACCA
IBV,AATCTACCAG
IBV,AATTGCCACAA
IBV,ACCCAGTCA
IBV,ACTGGCATGCT
IBV,AGGTTTTAT
IBV,AGTTATAACT
IBV,ATCAAAATCA
IBV,ATCTGTTGG
IBV,ATTCACTTT
IBV,CAATTTCACT
IBV,CACTTAATA
IBV,CACTTTCAGT
IBV,CCAGTTATAA
IBV,CCATTAGGT
IBV,CCTGCAGTA
IBV,CTGTTGGTA
IBV,CTTACTCAT
IBV,GCAATTTTT
IBV,GCAATTTTT
IBV,GCCTGCAGT
IBV,GGCAATTTT
IBV,GTAAAGGTG
IBV,GTATACAAA
IBV,TAACAGTTA
IBV,TAAGTTTTG
IBV,TATAACTGGC
IBV,TATTATAAT
IBV,TCAACACAA
IBV,TCTGGAGTG
IBV,TGCATACTG
IBV,TGCCAGTAT
IBV,TGTCAAGTA
IBV,TGTTGGTAA
IBV,TTACTAAGA
IBV,TTATAATAAT
IBV,TTATTATAATT
IBV,TTCTGAGTAG
IBV,TTGTATAAAA
IBV,TTTGCTTGT
IBV,ATAGTGTTT
IBV,CACTTAATA
IBV,CCTGCAGTA
IBV,CTAGCATTA
IBV,GCCTGCAGT
IBV,GTCTATTAG
IBV,TTATTTACA
IBV,CATAGCTATG
IBV,GTGTGCACTA
IBV,TAACTTAACA
IBV,TATTATAATT
IBV,TTATTATAATT
IBV,ATACTCTAGG
IBV,CATAGCTATG
IBV,GTGTGCACTA
IBV,GTTAATACTA
IBV,TAACTTAACA
IBV,TTATTATAATT
IBV,CATAGCTATG
IBV,GCCCTAGGGC
IBV,GTGTGCACTA
IBV,GTTAATACTA
IBV,TTATTATAATT
IBV,ACAAAACTACT
IBV,ACTTCTAGTTT
IBV,TTAGTAATAAA
IBV,AACTGCTGATTA
IBV,ACATCTTCG
IBV,ATGTGTCTA
IBV,CAGTTACAT
IBV,TAAAAATTT
IBV,TTACAGTGA
IBV,TTAGTAAAA
IBV,TTAGTAAAA
IBV,TTTAATGTA
IBV,AAACTAGTTT
IBV,CTTAGTGTGT
IBV,TACATATGTA
IBV,TACTATAGTA
IBV,TAGGTGGTGT
IBV,TCTAATAATT
IBV,TTAGTACTAA
IBV,TTTTATAATAAT
IBV,AACATCTGTA
IBV,AGTAAGAAT
IBV,GATGTTGTT
IBV,GTGGTTATTA
IBV,GTTTACTAC
IBV,TAAAGTTATG
IBV,TCTAAATTTAGA
IBV,TGTTGTTAT
IBV,TTAATAAAG
IBV,TTATTAATAA
IBV,TTATTAATA
IBV,GTAAACACCT
IBV,TAATACTACT
IBV,TATAATTATA
IBV,TTACTAGTAA
IBV,TTATAATAAT
IBV,TTATTATAATT
IBV,CCTAAATTTAGG
IBV,ATTAATAAT
IBV,TAATTCACCAA
IBV,TACTAAAGA
IBV,TTAATAATA
IBV,TTAGTTAAA
IBV,TTATTATAATT
IBV,TTCTTTAAC
IBV,GTGTTAACAC
IBV,TTAGTTAAA
IBV,ACTTCTAGTTT
IBV,TTAGTAATAAA
IBV,AAGCTTTAT
IBV,AATAGTTTC
IBV,AATTATAATT
IBV,GTGTTAACAC
IBV,ACACATTGT
IBV,GTGTTAACAC
IBV,TTAGTTAAA
IBV,ATAGTGTTT
IBV,CACTTAATA
IBV,CCTGCAGTA
IBV,CTAGCATTA
IBV,GCCTGCAGT
IBV,GTCTATTAG
IBV,TTATTTACA
IBV,AAACCATTA
IBV,AACAAAACT
IBV,ACTGTTGGT
IBV,ACTTAATAT
IBV,ACTTAATAT
IBV,ATAATAATA
IBV,ATGGCACCT
IBV,CAATATGTT
IBV,CTAGCATTA
IBV,CTGTTGTAA
IBV,CTTCAAGGT
IBV,GCCTACTCT
IBV,GGTTTTATT
IBV,GTAAAGGTG
IBV,GTATCTAAA
IBV,GTGTTAATA
IBV,GTGTTAATA
IBV,GTTAATACT
IBV,TAACAGGCA
IBV,TAATATTACT
IBV,TAATATTACT
IBV,TATAATTTA
IBV,TATTACTAA
IBV,TGGAGTGTA
IBV,TGTACTCAT
IBV,TTATCTAAA
IBV,TTATTAACA
IBV,TTATTTACA
IBV,TTGTAAATA
IBV,TATAATTTA
IBV,ACTTCTAGTTT
IBV,GATTTAAATC
IBV,TATAATTATA
IBV,TTCACTTCTA
IBV,CTATAACTT
IBV,CCTAAATTTAGG
IBV,GTGGTTTTGTT
IBV,CGTATCTAAA
IBV,GTGTGCACTA
IBV,GTTAATACTA
IBV,GTTCTGCAGAAC
IBV,TTATAATAAT
IBV,TTATTATAATT
IBV,ACTCAACACA
IBV,AGTGAGTTTA
IBV,GTGTTAACAC
IBV,TAACACATTG
IBV,CATTTGCAG
IBV,AAATAATTT
IBV,AAGCATGCTT
IBV,AAGCCTACT
IBV,AAGTAGTGA
IBV,ACATTATTT
IBV,ACTATGTAG
IBV,ACTTATAAAA
IBV,AGAAGATTT
IBV,AGGTCAATCA
IBV,AGTATAATA
IBV,ATTAATAAA
IBV,ATTTAAATCA
IBV,CAAATGATTAA
IBV,CAACATCTT
IBV,CAGTTACCAC
IBV,CATTATAATG
IBV,CGTAGTTAG
IBV,CTATAAATA
IBV,CTTTGTAAA
IBV,GATTCTTCTG
IBV,GTAAGCCTA
IBV,GTGATTTAA
IBV,GTGTTTCAA
IBV,GTTTTATTA
IBV,TAAAATTAT
IBV,TAAAATTAT
IBV,TAAATAATTTC
IBV,TAAATTTAA
IBV,TAAGCCTAT
IBV,TAATAAAACA
IBV,TAATAAGAA
IBV,TAATACAGG
IBV,TAGCATATT
IBV,TATTCAGTATG
IBV,TATTCAGTA
IBV,TCAGTATGTT
IBV,TCTGGTTTA
IBV,TGAAAAGAA
IBV,TGAAACTTT
IBV,TGCTTGTTT
IBV,TGGCATGTA
IBV,TGTTGATTA
IBV,TGTTTATTAA
IBV,TTAAATTTAA
IBV,TTAATCATTTG
IBV,TTACTACAC
IBV,TTAGATAATT
IBV,TTATAATAATT
IBV,TTGCAATTT
IBV,TTGTAAATAG
IBV,TTGTGCACAA
IBV,TTTAATAAA
IBV,TTTAATACT
IBV,ACTCAACACAA
IBV,TTATTATAATT
IBV,AAAGTAGTGTTAACACTACTTT
IBV,ACACATTGT
IBV,ACCATTTTG
IBV,ACCTAATAG
IBV,AGTTATGAG
IBV,ATAGTGTTT
IBV,ATAGTGTTT
IBV,CAAGGTCTT
IBV,CACAAACAG
IBV,CACTTAATA
IBV,CCAAAATTTTTAT
IBV,CCTGCAGTA
IBV,CTAGCATTA
IBV,GACATCTTC
IBV,GCAACACAA
IBV,GCAATTTTT
IBV,GCCTGCAGT
IBV,GGTCTTATT
IBV,GGTCTTATT
IBV,GTAAAGGTG
IBV,GTATACAAA
IBV,GTCTATTAG
IBV,GTGATGACA
IBV,TAACATTAA
IBV,TAACATTAA
IBV,TAATACAGGTGGT
IBV,TACAAACTG
IBV,TAGTAATGA
IBV,TATTATAAT
IBV,TGGATCTTA
IBV,TTATTTACA
IBV,TTTAAAAGT
IBV,ACCTGACGGT
IBV,ACTCAACACA
IBV,AGTGAGTTTA
IBV,CAAAGCTTTG
IBV,TAACACATTG
IBV,GTGTTAACAC
IBV,AAACTTACCA
IBV,AATCTACCAG
IBV,AATTGCCACAA
IBV,ACCCAGTCA
IBV,ACTGGCATGCT
IBV,AGGTTTTAT
IBV,AGTTATAACT
IBV,ATCAAAATCA
IBV,ATCTGTTGG
IBV,ATTCACTTT
IBV,CAATTTCACT
IBV,CACTTAATA
IBV,CACTTTCAGT
IBV,CCAGTTATAA
IBV,CCATTAGGT
IBV,CCTGCAGTA
IBV,CTGTTGGTA
IBV,CTTACTCAT
IBV,GCAATTTTT
IBV,GCAATTTTT
IBV,GCCTGCAGT
IBV,GGCAATTTT
IBV,GTAAAGGTG
IBV,GTATACAAA
IBV,TAACAGTTA
IBV,TAAGTTTTG
IBV,TACCCAAGT
IBV,TATAACTGGC
IBV,TATTATAAT
IBV,TCAACACAA
IBV,TCTGGAGTG
IBV,TGCATACTG
IBV,TGCCAGTAT
IBV,TGTCAAGTA
IBV,TGTTGGTAA
IBV,TTACTAAGA
IBV,TTATAATAAT
IBV,TTATTATAATT
IBV,TTCTGAGTAG
IBV,TTGTATAAAA
IBV,TTTGCTTGT
IBV,ACCAAAGTG
IBV,GCATAAGCA
IBV,TTAGTTAAA
IBV,ATTGCTTAC
IBV,CACAAGATG
IBV,CAGGTCTAA
IBV,GTTATTATAATT
IBV,GTTTAGATC
IBV,TAATAACCA
IBV,TATATTATA
IBV,TGACACTAGTGTCA
IBV,AAAGGTGTCTAT
IBV,ACTATTAATAGT
IBV,ATGTAATTC
IBV,ATTATGAAA
IBV,CAAGAGGCT
IBV,CGTATCTAA
IBV,CTACTAATT
IBV,GCCTACTCT
IBV,TACTAATTT
IBV,TATTATAAT
IBV,TTATTATAATT
IBV,AAACCATTA
IBV,CATAATTTT
IBV,TAGTGTTAACACTA
IBV,TATAATAAT
IBV,TATTATTAT
IBV,TCAACACAA
IBV,TCACATTAG
IBV,TGGTCTAAA
IBV,TTAACTCTC
IBV,TTTAGTTAA
IBV,ACTGTAATT
IBV,ACTGTTGGT
IBV,ATTATAATT
IBV,CATAGCTATG
IBV,GCCTACTCT
IBV,GCCTATAGGC
IBV,GTGTGCACTA
IBV,TATAATTTA
IBV,TCTTGCTTA
IBV,TTAATACTA
IBV,TTATTATAATT
IBV,TTGTCACACA
IBV,TTTGATTATA
IBV,ACTGTAATTT
IBV,CATAGCTATG
IBV,GTGTGCACTA
IBV,GTTAATACTA
IBV,TTATTATAATT
IBV,AGTTATAACT
IBV,AGTTATAACT
IBV,ATAAAATTA
IBV,ATAATAATT
IBV,ATACTACTA
IBV,ATTAGTAAT
IBV,GGCATTTAC
IBV,GGTTACATT
IBV,GTATTTAAA
IBV,TAAAATTAT
IBV,TAGTTATAACTA
IBV,TATTATAAT
IBV,TCAACACAA
IBV,TTAATACTACT
IBV,TTATTAATAGT
IBV,TTATTATAATT
IBV,AAAGAACTG
IBV,AATATAATA
IBV,ACACATTGT
IBV,ACAGAAAGTGA
IBV,ACTTCTTATA
IBV,AGAAGATTT
IBV,AGCAGATGCT
IBV,AGCTGCAGCT
IBV,AGGTGGTTGT
IBV,AGTAAGAAT
IBV,AGTTATAAT
IBV,ATGAAAAAC
IBV,ATGTACTCA
IBV,ATTAACCCA
IBV,CAAAAGGAA
IBV,CAATATGTT
IBV,CAGTAAGAAT
IBV,CAGTTCTTTA
IBV,CCAAAATTTTTAT
IBV,CCCTTAATAA
IBV,CTAGCATTA
IBV,CTTTAGGTA
IBV,GCAATTTTT
IBV,GTAAAGGTG
IBV,GTGACGACA
IBV,GTTATTATAA
IBV,GTTTCATTA
IBV,TAATAATGG
IBV,TAATACAGGTG
IBV,TACAAACTG
IBV,TACTGCAGTA
IBV,TAGCTGCAG
IBV,TAGTAATGA
IBV,TATATTTAAA
IBV,TATGTACTCAT
IBV,TCTTGTCAA
IBV,TGAATATAAT
IBV,TGTCACAGA
IBV,TTAATAACTT
IBV,TTCTGTATA
IBV,TTGTTTGCA
IBV,TTTCATTAACA
IBV,TTTCTGAGTAG
IBV,TTTGTGGTA
IBV,TTTTTCATT
IBV,AAACCATTA
IBV,ACTGTTGGT
IBV,ACTTAATAT
IBV,ACTTAATAT
IBV,CAATATGTT
IBV,CATAGCTATG
IBV,CATTTTGTG
IBV,CTAGCATTA
IBV,CTGTTGTAA
IBV,GCCCTAGGGC
IBV,GCCTACTCT
IBV,GCTGGTTTA
IBV,GGAATGATAC
IBV,GGTGGTGTTA
IBV,GGTTCTGAAC
IBV,GTAAAGGTG
IBV,GTATCTAAA
IBV,GTGTGCACTA
IBV,GTGTTAATAA
IBV,GTGTTAATA
IBV,GTTAATACTA
IBV,TAACTTAACA
IBV,TAATATCTCT
IBV,TAATATTACT
IBV,TACCAAAGC
IBV,TATTACTAA
IBV,TCTTGCTTA
IBV,TGGAGTGTA
IBV,TGGCTAGCCA
IBV,TGTACTCAT
IBV,TGTTTCAACA
IBV,TTAAAACTG
IBV,TTAACAGGCA
IBV,TTATTAACA
IBV,TTATTTACA
IBV,TTGTAAATA
IBV,TTGTCACACA
IBV,TTTTGTGGTA
IBV,ATAATTATA
IBV,ATACTACTA
IBV,ATCAGTCAC
IBV,ATGAGAAAT
IBV,GTAGTACAT
IBV,TAGTAATTA
IBV,TTATTATAATT
IBV,TTGGTAGTA
IBV,TTTGTTTGA
IBV,ACTGTTGGT
IBV,GCCTACTCT
IBV,GTATCTAAA
IBV,TAATAAAAC
IBV,TATAATTTA
IBV,TCTTGCTTA
IBV,TTAATACTA
IBV,TTATTATAATT
IBV,TATAATTTA
IBV,TTATTATAATT
IBV,AATTATAATT
IBV,AATTATAAT
IBV,ATTATAATT
IBV,CGTTTACTACT
IBV,GTGTTAACAC
IBV,GTTTATAAAC
IBV,TAATTCACCA
IBV,TTATAATAAT
IBV,TTATTATAATT
IBV,CATAGCTATG
IBV,GCCCTAGGGC
IBV,GTGTGCACTA
IBV,GTTAATACTA
IBV,TAACTTAACA
IBV,TTATTATAATT
IBV,TTGTCACACA
IBV,GCCCTAGGGC
IBV,GTGTGCACTA
IBV,GTTAATACTA
IBV,TTATTATAATT
IBV,TTGTCACACA
IBV,AAACCATTA
IBV,ACTGTTGGT
IBV,ACTTAATAT
IBV,ACTTAATAT
IBV,AGTTTTAAGT
IBV,ATAATAATA
IBV,ATGGCACCT
IBV,ATTATCAAA
IBV,CAATATGTT
IBV,CAGTGCACTG
IBV,CATAGCTATG
IBV,CATGGCACC
IBV,CATTTTGTG
IBV,CTAGCATTA
IBV,CTGTTGTAA
IBV,GATAAGATCC
IBV,GCCTACTCT
IBV,GCTGGTTTA
IBV,GGAATGATAC
IBV,GGTGGTGTTA
IBV,GTAAAGGTG
IBV,GTATCTAAA
IBV,GTGTGCACTA
IBV,GTGTTAATA
IBV,TAACAGGCA
IBV,TAATATTACT
IBV,TAATATTACT
IBV,TATAATTTA
IBV,TATTACTAA
IBV,TCTTGCTTA
IBV,TGGAGTGTA
IBV,TGGCTAGCCA
IBV,TGTACTCAT
IBV,TGTTTCAACA
IBV,TTAATACTA
IBV,TTATTAACA
IBV,TTATTTACA
IBV,TTGTAAATA
IBV,TTGTCACACA
IBV,TTTTGTGGTA
IBV,AACACCACC
IBV,AATTATAATT
IBV,AATTATAAT
IBV,ACCACCTTG
IBV,ATGAGAAAT
IBV,ATTATAATT
IBV,CCAGTATAA
IBV,GTGTTAACAC
IBV,GTTTATAAAC
IBV,TAATAGTTT
IBV,TGGTTTGTAT
IBV,TTATAATAAT
IBV,TTATTATAATT
IBV,TCTAAATTTAGA
IBV,ACACTGTAA
IBV,TGCCAGTAT
IBV,AAACCATTA
IBV,AAACCATTA
IBV,AACAAAACT
IBV,ACTGTTGGT
IBV,ACTTAATAT
IBV,ACTTAATAT
IBV,ATAATAATA
IBV,CATTTTGTG
IBV,CTAGCATTA
IBV,CTAGCTTGT
IBV,CTGTTGTAA
IBV,GCTGGTTTA
IBV,GGTGGTGTTAATA
IBV,GGTTTTATT
IBV,GTAAAGGTG
IBV,GTGTTAATA
IBV,TAACAGGCA
IBV,TAATATTACT
IBV,TAATATTACT
IBV,TATTACTAA
IBV,TCTTGCTTA
IBV,TGGAGTGTA
IBV,TGTACTCAT
IBV,TTAATACTA
IBV,TTATCTAAA
IBV,TTATTAACA
IBV,TTATTTACA
IBV,TTGTAAATA
IBV,TAACAGTTT
IBV,ACACATTGT
IBV,AAACTACTG
IBV,AAGAACCAT
IBV,ACCATGTTC
IBV,ATAAAATTA
IBV,ATAATAATT
IBV,CACTGTAAC
IBV,GTGTTTGTT
IBV,TAAAATTAT
IBV,TACCACCAG
IBV,TATAATCAA
IBV,TATTATAAT
IBV,TCAACACAA
IBV,TGGTCTAAA
IBV,ACCACTCTG
IBV,AAACCATTA
IBV,ATACTCTAGG
IBV,CATAGCTATG
IBV,GCCTACTCT
IBV,GTATCTAAA
IBV,GTGTGCACTA
IBV,GTTAATACTA
IBV,GTTAATACT
IBV,TAACTTAACA
IBV,TCTTGCTTA
IBV,TTATCTAAA
IBV,TTATTATAATT
IBV,AAATTATAATA
IBV,CAGTGCACTG
IBV,CAGTGCACTG
IBV,CAGTGCACTG
IBV,GTTAATACTA
IBV,GTTAATACTA
IBV,TTATTATAATT
IBV,AAACAAAAC
IBV,AAACTGATT
IBV,AACTGATTT
IBV,ATAATAATT
IBV,ATTCTTTGT
IBV,CTGTAAAAC
IBV,GCACCAGAT
IBV,GTAAAAATTT
IBV,GTAGTGGGCC
IBV,GTATTAATAC
IBV,TAAAACAAT
IBV,TTGGCTTAT
IBV,TTTTACTTCT
IBV,CAATATGTT
IBV,ACTGTTGGT
IBV,GCCTACTCT
IBV,GTATCTAAA
IBV,TATAATTTA
IBV,TATATTATA
IBV,TCTTGCTTA
IBV,TTAATACTA
IBV,TTATCTAAA
IBV,TTATTATAATT
IBV,GAGTAACAA
IBV,GGTCTCATT
IBV,TAGACCATT
IBV,AAATTGCTG
IBV,ACTGGCATGCT
IBV,ACTGGTTCTCA
IBV,AGGTTTTAT
IBV,ATCTGTTGG
IBV,CACTTAATA
IBV,CCTGCAGTA
IBV,CTAGCATTA
IBV,CTGTTGGTA
IBV,GCAATTTTT
IBV,GCAATTTTT
IBV,GCCTGCAGT
IBV,GTATACAAA
IBV,GTCTATTAG
IBV,TAACAGTTA
IBV,TAAGTTTTG
IBV,TATAAAAAT
IBV,TATGAAAAATG
IBV,TATTATAAT
IBV,TATTTACAA
IBV,TCAACACAA
IBV,TGCCAGTAT
IBV,TTACTAAGA
IBV,TTATAAACA
IBV,TTATTATAATT
IBV,TTTCTGAGTAG
IBV,TTTGCTTGT
IBV,TTTGTTGTA
IBV,AAAGTAGTGT
IBV,AAACCATTA
IBV,AATATGGTC
IBV,ACTGTTGGT
IBV,ACTTAATAT
IBV,ACTTAATAT
IBV,ATAATAATA
IBV,ATGGCACCT
IBV,CAATATGTT
IBV,CATTTTGTG
IBV,CTAGCATTA
IBV,CTGTTGTAA
IBV,CTTCAAGGT
IBV,GCCTACTCT
IBV,GGTGGTGTTAATA
IBV,GGTTTTATT
IBV,GTAAAGGTG
IBV,GTATCTAAA
IBV,GTGTTAATA
IBV,GTTAATACT
IBV,TAACAGGCA
IBV,TAATATTACT
IBV,TAATATTACT
IBV,TATAATTTA
IBV,TATTACTAA
IBV,TGGAGTGTA
IBV,TGTACTCAT
IBV,TTATCTAAA
IBV,TTATTAACA
IBV,TTATTTACA
IBV,TTGTAAATA
IBV,TTATTATAATT
IBV,AAACCATTA
IBV,AACAAAACT
IBV,ACTGTTGGT
IBV,ACTTAATAT
IBV,ACTTAATAT
IBV,ATAATAATA
IBV,CAATATGTT
IBV,CATAGCTATG
IBV,CATTTTGTG
IBV,CTAGCATTA
IBV,CTGTTGTAA
IBV,GCCCTAGGGC
IBV,GCTGGTTTA
IBV,GGAATGATAC
IBV,GGTGGTGTTA
IBV,GGTTTTATT
IBV,GTAAAGGTG
IBV,GTGTGCACTA
IBV,GTGTTAATA
IBV,TAACAGGCA
IBV,TAACTTAACA
IBV,TAATATTACT
IBV,TAATATTACT
IBV,TATTACTAA
IBV,TCTTGCTTA
IBV,TGGAGTGTA
IBV,TGGCTAGCCA
IBV,TGTACTCAT
IBV,TGTTTCAACA
IBV,TTAATACTA
IBV,TTATTAACA
IBV,TTATTTACA
IBV,TTGTAAATA
IBV,TTGTCACACA
IBV,TTTTGTGGTA
IBV,AAATGGCAC
IBV,ACATTGTTT
IBV,ACTTAATAT
IBV,ATAATAATA
IBV,ATTAATAAT
IBV,CAATATGTT
IBV,CAATTTCAC
IBV,CAGAGTGTT
IBV,CTAGCATTA
IBV,CTGTTGTAA
IBV,CTTCAAGGT
IBV,GCCTACTCT
IBV,GGTTTTATT
IBV,GTATACAAA
IBV,GTGTATAAACACT
IBV,GTGTTAATA
IBV,TAAAATTAT
IBV,TAATAAAAC
IBV,TAGGTGGTGTTAATA
IBV,TATTATAAT
IBV,TCTTACCAC
IBV,TGTACTCAT
IBV,TGTATCTGA
IBV,TTAATTCAC
IBV,TTATTAACA
IBV,TTATTTACA
IBV,TTGTAAATA
IBV,TTTTTAATT
IBV,ACTGGCATGCT
IBV,ACTGGTTCTCA
IBV,AGTTATAACT
IBV,TATAACTGGC
IBV,TTATAATAAT
IBV,TTATTAATAGT
IBV,TTATTATAATT
IBV,TTCATATGAA
IBV,CATAGCTATG
IBV,GCCCTAGGGC
IBV,GTGTGCACTA
IBV,TTATTATAATT
IBV,TTGTCACACA
IBV,AAACCATTA
IBV,ACTGTTGGT
IBV,CTGAAATTA
IBV,TCTTGCTTA
IBV,TTAATACTA
IBV,TTATCTAAA
IBV,TTATTATAATT
IBV,ACTCAACACAA
IBV,TTATTATAATT
IBV,CAGAACTTT
IBV,TAACACATTG
IBV,ACTTCTAGTTT
IBV,TTAGTAATAAA
IBV,ACTGTTGGT
IBV,GCCTACTCT
IBV,GTATCTAAA
IBV,TATAATTTA
IBV,TCTTGCTTA
IBV,TTATCTAAA
IBV,TTATTATAATT
IBV,ACACTGTAA
IBV,CTTCTATAGAAG
IBV,GTGTTAACAC
IBV,TTAGTTAAA
IBV,ACCATTAATGGT
IBV,AAAGTGCTT
IBV,AAGGCCATT
IBV,AATGTAACT
IBV,ACCACCTAA
IBV,ACCTAGTAG
IBV,ACTCAACACAA
IBV,AGAAGACTT
IBV,ATTACTAAT
IBV,CAATATGTT
IBV,CTAGCATTA
IBV,CTTAGCAGA
IBV,GGCCTTATT
IBV,GTAAAGGTG
IBV,GTAGTAATG
IBV,GTGTATAAA
IBV,TACTAATAG
IBV,TCAGAATGC
IBV,TCATTACTA
IBV,TCTGAGTAG
IBV,TCTTACCAC
IBV,TCTTCACAA
IBV,TTAATTTGA
IBV,TTACTAATA
IBV,TTACTACTA
IBV,TTATTATAATT
IBV,TTCACAAGG
IBV,TTCAGCAAT
IBV,TTGTAAATA
IBV,TTGTTAACA
IBV,TTTACTACT
IBV,TTTGAATGT
IBV,TTTTATATT
IBV,ACCTTATAA
IBV,ATAAAATTA
IBV,ATAAAATTA
IBV,ATTATGAAA
IBV,GGCATTTAC
IBV,GTATTTAAA
IBV,TAAAATTAT
IBV,TATTATAAT
IBV,TCAACACAA
IBV,TTATTATAATT
IBV,AACCTTGAC
IBV,AGTAAGAAT
IBV,AGTGATATT
IBV,ATTCAGTTA
IBV,GGTCTCATT
IBV,TATAATAAT
IBV,TCAATTAAT
IBV,TCGTGAAAA
IBV,ACACTGTAA
IBV,TATAGAATG
IBV,AACACCACT
IBV,ACTGGCATGCT
IBV,ATTCACTTT
IBV,TATTATAAT
IBV,TCAACACAA
IBV,TGCCAGTAT
IBV,TTATAAACA
IBV,TTATTATAATT
IBV,AATTATAATAA
IBV,CGTATCTAAA
IBV,GTGTGCACTA
IBV,GTTAATACTA
IBV,TTATAATAAT
IBV,TTATAATAAT
IBV,TTATTATAATT
IBV,TTCTGCAGAA
IBV,AGTGCGCACT
IBV,CATAGCTATG
IBV,GTGACGTCAC
IBV,ACACATTGT
IBV,CGTTTACTACT
IBV,GTAGTGTTAACACTAC
IBV,AAATAGTGT
IBV,ACTGGCATGCT
IBV,AGTTATAACT
IBV,TATAACTGGC
IBV,TATTATAAT
IBV,TCAACACAA
IBV,TGCCAGTAT
IBV,TTATAAACA
IBV,TTATAATAAT
IBV,TTATTAATAGT
IBV,TTATTATAATT
IBV,TTCATATGAA
IBV,AAACTATTA
IBV,AATTATAAT
IBV,ATTAATAAT
IBV,ATTATAATT
IBV,GTAAAGGTG
IBV,GTTATAAAA
IBV,TAATTCACCAA
IBV,TACTAAAGA
IBV,TATGTACTC
IBV,TTAATAATA
IBV,TTAATTTGA
IBV,TTAGTTAAA
IBV,TTATTATAATT
IBV,ACACTGTAA
IBV,ACACTGTAA
IBV,TAGACCATT
IBV,GCCTACTCT
IBV,GCTATTGGT
IBV,GTATCTAAA
IBV,TATAATTTA
IBV,TCTTGCTTA
IBV,TTATCTAAA
IBV,TTATTATAATT
IBV,AATTATAATT
IBV,AATTATAAT
IBV,ATTATAATT
IBV,CACCTTTACA
IBV,GTGTTAACAC
IBV,TAATTCACCAA
IBV,TTATAATAAT
IBV,TTATTATAATT
IBV,ACTGTTGGT
IBV,GCCCTAGGGC
IBV,GCCTACTCT
IBV,GTATCTAAA
IBV,GTGTGCACTA
IBV,GTTAATACTA
IBV,TAACTTAACA
IBV,TAATAATTA
IBV,TCTTGCTTA
IBV,TTATCTAAA
IBV,TTATTATAATT
IBV,TTGTCACACA
IBV,AAAGTAGTGTTAACACTACTTT
IBV,AAACCAGTA
IBV,AGTGTTAAT
IBV,ATTAACACT
IBV,TACTGGTTT
IBV,TACTGGTTT
IBV,GCTGCACTG
IBV,AAACTAGTTT
IBV,AAGGTCTATTAG
IBV,AAGTATAGT
IBV,ACACTTACT
IBV,ACCCATCCT
IBV,ACTATTACT
IBV,ACTTGTTGT
IBV,AGATCTTTA
IBV,AGATGGTTT
IBV,AGCACCCAC
IBV,AGGAATGGT
IBV,AGTGTAGTA
IBV,AGTTTAACT
IBV,ATAGTGTTTC
IBV,ATTACCACA
IBV,ATTTTACAC
IBV,CACTTAATA
IBV,CCCTACTAA
IBV,CTATTAATA
IBV,CTGTAAGCA
IBV,CTTAGTGTGT
IBV,CTTTTGCAA
IBV,GATAAGGCCTTATC
IBV,GCACTATAGTGC
IBV,GTGTAGGTG
IBV,GTTTAATAC
IBV,TAATATTTA
IBV,TACATATGTA
IBV,TACTATAGTA
IBV,TAGGTGGTGT
IBV,TATACTTCT
IBV,TCATTACTA
IBV,TCTAATAATT
IBV,TGCATATGCA
IBV,TGTAGTTAAACTGGT
IBV,TTAATTTTA
IBV,TTACACACT
IBV,TTACTAATAT
IBV,TTAGTACTAA
IBV,TTCACTAATA
IBV,TTTACTTCT
IBV,TTTTATAATAAT
IBV,TTTTGCAAAA
IBV,TTTTGGTAA
IBV,GTTAAAACCA
IBV,TTAGTTAAA
IBV,TTATTATAATT
IBV,TTATTATAATT
IBV,ACTGTTGGT
IBV,ATTAAGGACGTCCTTAAT
IBV,GTATCTAAA
IBV,GTATTATTA
IBV,TAATAATTA
IBV,TTAATACTA
IBV,TTATCTAAA
IBV,TTATTATAATT
IBV,AAAAACCAA
IBV,AAACTGATT
IBV,AACTTTTCC
IBV,AGAACATGT
IBV,AGAAGATTT
IBV,AGTAAGAAT
IBV,CAATATGTT
IBV,CTAGCATTA
IBV,CTCGTGCTT
IBV,GGTCTTATT
IBV,GTAAAGGTG
IBV,GTAGTAATG
IBV,GTGGTGTCA
IBV,TAATGCTAG
IBV,TCTGAGTGG
IBV,TCTTGTCAA
IBV,TGTTGTTAT
IBV,TTAACAGGT
IBV,TTACTACTA
IBV,TTATTTACA
IBV,TTGAACCTG
IBV,TTGTTTGCA
IBV,TTTAAGAGT
IBV,TTTGTGGTA
IBV,TTTTATATT
IBV,CATAGCTATG
IBV,GCCCTAGGGC
IBV,GTGTGCACTA
IBV,GTTAATACTA
IBV,TTATTATAATT
IBV,TTGTCACACA
IBV,AGTGCGCACT
IBV,CATAGCTATG
IBV,CATAGCTATG
IBV,GCCCTAGGGC
IBV,GTGTGCACTA
IBV,GTTAATACTA
IBV,TAACTTAACA
IBV,ACTGGCATGCT
IBV,TTATTATAATT
IBV,ACTTCTAGTTT
IBV,TTAGTAATAAA
IBV,AACAATGCG
IBV,AACTAATTT
IBV,AATCTGTTT
IBV,GTATCTAAA
IBV,GTTATTATAATT
IBV,TTATAATAA
IBV,TTGCTTTAT
IBV,AAACCAGTA
IBV,TACTGGTTT
IBV,TACTGGTTT
IBV,GTGTTAACAC
IBV,TTAGTTAAA
IBV,AAACTGATT
IBV,AAATTATAATA
IBV,AACATTACT
IBV,AAGTGAACCA
IBV,AATAACTAT
IBV,ACACTAATAA
IBV,ACTTAATAT
IBV,ACTTCTAGTTT
IBV,ATAAACCAT
IBV,ATAATATTAT
IBV,ATATTAAGT
IBV,CAATATGTT
IBV,CATTTTGTG
IBV,CCATAGATG
IBV,GGAATGATAC
IBV,GGTTTTATT
IBV,GTAGTAATG
IBV,GTATAACAC
IBV,GTGTATAAAC
IBV,GTGTGCACTA
IBV,TAACAGGCA
IBV,TATAATTATA
IBV,TCAAGGTTT
IBV,TGGAGTGTA
IBV,TGGCTAGCCA
IBV,TGGTGTTAA
IBV,TGTAACTAA
IBV,TGTTTCAACA
IBV,TTATAATTTA
IBV,TTATTAACA
IBV,TTATTTAAA
IBV,TTATTTACA
IBV,TTCTGGCTT
IBV,TTGAACCTG
IBV,TTGTAAATA
IBV,TTGTCCATA
IBV,TTTTGTGGTA
IBV,ACTGTTGGT
IBV,GCCTACTCT
IBV,GTATCTAAA
IBV,TATAATTTA
IBV,TCTTGCTTA
IBV,TTATCTAAA
IBV,TTATTATAATT
IBV,AATAATTATA
IBV,AATACTAGTATT
IBV,AGGTGGTTGT
IBV,CTGTTTCATTA
IBV,GTTATTATAA
IBV,TAATACAGGTGGT
IBV,TAGTTAATGT
IBV,GTGTTAACAC
IBV,TTAGTTAAA
IBV,AAACCATTA
IBV,AATTTCACC
IBV,ACAAAATGC
IBV,ACTGTTGGT
IBV,ACTTAATAT
IBV,ACTTAATAT
IBV,AGAAGATTT
IBV,ATAATAATA
IBV,ATTAAGGACGTCCTTAAT
IBV,CAATATGTT
IBV,CATTTTGTG
IBV,CTAGCATTA
IBV,CTGGCTTGT
IBV,CTGTTGTAA
IBV,GCTGGTTTA
IBV,GGTTTTATT
IBV,GTATCTAAA
IBV,GTATTATTA
IBV,TAACAGGCA
IBV,TAATAAGAA
IBV,TAATAATTA
IBV,TAATATTACT
IBV,TAATATTACT
IBV,TATTACTAA
IBV,TATTACTGA
IBV,TCTTACCAC
IBV,TGGAGTGTA
IBV,TTAATACTA
IBV,TTATCTAAA
IBV,TTATTAACA
IBV,TTATTTACA
IBV,TTGTAAATA
IBV,ATTGCTTAC
IBV,TTTAAATAT
IBV,AAGCACGTGCTT
IBV,GTTATAAAG
IBV,AAACTTACCA
IBV,AATCTACCAG
IBV,AATTGCCACAA
IBV,ACCCAGTCA
IBV,ACTGGCATGCT
IBV,AGGTTTTAT
IBV,AGTTATAACT
IBV,ATCAAAATCA
IBV,ATCTGTTGG
IBV,ATTCACTTT
IBV,CAATTTCACT
IBV,CACTTAATA
IBV,CACTTTCAGT
IBV,CCAGTTATAA
IBV,CCATTAGGT
IBV,CCTGCAGTA
IBV,CTGTTGGTA
IBV,CTTACTCAT
IBV,GCAATTTTT
IBV,GCAATTTTT
IBV,GCCTGCAGT
IBV,GGCAATTTT
IBV,GTAAAGGTG
IBV,GTAACATCT
IBV,GTATACAAA
IBV,TAACAGTTA
IBV,TAAGTTTTG
IBV,TATAACTGGC
IBV,TATTATAAT
IBV,TCTGGAGTG
IBV,TGCATACTG
IBV,TGCCAGTAT
IBV,TGTCAAGTA
IBV,TGTTGGTAA
IBV,TTACTAAGA
IBV,TTATAAACA
IBV,TTATAATAAT
IBV,TTATTATAATT
IBV,TTCTGAGTAG
IBV,TTGTATAAAA
IBV,TTTGCTTGT
IBV,TTTTGTATG
IBV,AAATTGCTG
IBV,ACTGGCATGCT
IBV,ACTGGTTCTCA
IBV,AGGTTTTAT
IBV,ATCTGTTGG
IBV,CACTTAATA
IBV,CCTGCAGTA
IBV,CTAGCATTA
IBV,CTGTTGGTA
IBV,GCAATTTTT
IBV,GCAATTTTT
IBV,GCCTGCAGT
IBV,GTATACAAA
IBV,GTCTATTAG
IBV,TAACAGTTA
IBV,TAAGTTTTG
IBV,TATAAAAAT
IBV,TATGAAAAATG
IBV,TATTATAAT
IBV,TATTTACAA
IBV,TCAACACAA
IBV,TGCCAGTAT
IBV,TTACTAAGA
IBV,TTATAAACA
IBV,TTATTATAATT
IBV,TTTCTGAGTAG
IBV,TTTGCTTGT
IBV,TTTGTTGTA
IBV,ACACTGTAA
IBV,ACTGTTGGT
IBV,CATCTTGTG
IBV,GCCTACTCT
IBV,GTATCTAAA
IBV,TAATAATTA
IBV,TATAATTTA
IBV,TTAATACTA
IBV,TTATTATAATT
IBV,AATACTAGTATT
IBV,CTGTTTCATTA
IBV,TAATACAGGTGGT
IBV,ACTTTTATA
IBV,GTTATAAAA
IBV,AATAATTATA
IBV,AATACTAGTATT
IBV,AGGTGGTTGT
IBV,CTGTTTCATTA
IBV,GTTATTATAA
IBV,TAATACAGGTGGT
IBV,TAGTTAATGT
IBV,TTATAATAAT
IBV,TTATAATAAT
IBV,TTATTATAATT
IBV,GTGTTAACAC
IBV,GTGTTAACAC
IBV,TTAGTTAAA
IBV,AATTTTGTA
IBV,ACAAAATTA
IBV,ACTTCTAGTTT
IBV,CCATAGATG
IBV,GAGTTAACT
IBV,TGACCTTGT
IBV,TGGCCTACT
IBV,TTATAATAA
IBV,TTATTTAAA
IBV,TTCACTTCT
IBV,ACAAAACTAC
IBV,ACTGTAATTT
IBV,CATAGCTATG
IBV,CGTATCTAAA
IBV,GTTAATACTA
IBV,TTATTATAATT
IBV,AAATTATAATA
IBV,CAACACAATTAT
IBV,TTATTATAATT
IBV,ACTTCTAGTTT
IBV,CCTTTAACA
IBV,TAAAATTAT
IBV,TGGTCTAAA
IBV,TTATGTTTA
IBV,TTATTTAAA
IBV,TTCACTTCT
IBV,AAACCATTA
IBV,ACACTAATAA
IBV,ACTTAATAT
IBV,ACTTAATAT
IBV,AGTTTTAAGT
IBV,ATAATAATA
IBV,CAATATGTT
IBV,CATAGCTATG
IBV,CATTTTGTG
IBV,CTAGCATTA
IBV,CTAGCTTGT
IBV,CTGTTGTAA
IBV,GCACTATTG
IBV,GCTGGTTTA
IBV,GGAATGATAC
IBV,GGTGGTGTTA
IBV,GGTTTTATT
IBV,GTAAAGGTG
IBV,GTATCTAAA
IBV,GTGTGCACTA
IBV,GTGTTAATA
IBV,TAACAGGCA
IBV,TAATAAAAC
IBV,TAATATTACT
IBV,TAATATTACT
IBV,TATAATTTA
IBV,TATTACTAA
IBV,TCTTGCTTA
IBV,TGGAGTGTA
IBV,TGGCTAGCCA
IBV,TGTACTCAT
IBV,TGTTTCAACA
IBV,TTAATACTA
IBV,TTATTAACA
IBV,TTATTTACA
IBV,TTGTAAATA
IBV,TTGTCACACA
IBV,TTTTGTGGTA
IBV,ACTCAACACAA
IBV,TTATTATAATT
IBV,ACCAGACAC
IBV,CATAGCTATG
IBV,GCCTACTCT
IBV,GTATCTAAA
IBV,GTGTGCACTA
IBV,GTTAATACTA
IBV,GTTAATACT
IBV,TATAATTTA
IBV,TGCGTTAATA
IBV,TTATCTAAA
IBV,TTATTATAATT
IBV,ACACATTGT
IBV,ACTGTAATTT
IBV,CATAGCTATG
IBV,TATGCAAGA
IBV,GTGTTAACAC
IBV,TTAGTTAAA
IBV,TATAATTTA
IBV,CATAGCTATG
IBV,GTGTGCACTA
IBV,GTTAATACTA
IBV,TAACTTAACA
IBV,TTATTATAATT
IBV,ATTATAAAT
IBV,GTAAATTTAC
IBV,CATAGCTATG
IBV,GCCCTAGGGC
IBV,GTGTGCACTA
IBV,TAACTTAACA
IBV,TTATTATAATT
IBV,TTGTCACACA
IBV,TTTACTTCT
IBV,AAAGTAATG
IBV,ACACTGTAA
IBV,ACCACTCTG
IBV,ACTTCTAGTTT
IBV,TGTTGTTAT
IBV,TTAGTAATA
IBV,TTGCTCTAT
IBV,AACTCGAGTT
IBV,ACAGATGTTT
IBV,CACTATAAT
IBV,GTTCTGCAGAAC
IBV,TTATTATAATT
IBV,ACACTGTAA
IBV,AAACCATTA
IBV,AACAAAACT
IBV,AAGGCCATT
IBV,ACCATTTTG
IBV,ACTGTTGGT
IBV,AGAAGATTT
IBV,ATGCCTACT
IBV,ATGGCACCT
IBV,CAAGCCAGA
IBV,CAATATGTT
IBV,CTAGCATTA
IBV,CTGTTGTAA
IBV,CTTCAAGGT
IBV,GAATATAAT
IBV,GACGTCTAT
IBV,GCCTACTCT
IBV,GGTGGTGTTAATA
IBV,GGTTTTATT
IBV,GTAAAGGTG
IBV,GTATCTAAA
IBV,GTGTTAATA
IBV,GTTAATACT
IBV,TAACAGGCA
IBV,TAATAAGAA
IBV,TAATATTACT
IBV,TAATATTACT
IBV,TATAATTTA
IBV,TATTACTAA
IBV,TGAATATAA
IBV,TGTACTCAT
IBV,TTATCTAAA
IBV,TTATTAACA
IBV,TTATTTACA
IBV,TTGTAAATA
IBV,AAACTATTA
IBV,AAGATCTTT
IBV,AATTATAATT
IBV,AATTATAAT
IBV,AATTTCACC
IBV,ACAAAAGTG
IBV,ACTTAATAT
IBV,AGCCTATGG
IBV,AGCTGCAGCT
IBV,AGTTAAAGA
IBV,AGTTTTAATT
IBV,ATAATAATA
IBV,ATGAAAAAC
IBV,ATTAACATA
IBV,ATTAATAAT
IBV,ATTATAATT
IBV,CAATATGTT
IBV,CACCTTTACA
IBV,CACTTAATA
IBV,CTAGCATTA
IBV,GAATATAAT
IBV,GCATAATGA
IBV,GGTTTTATT
IBV,GTAAAGGTG
IBV,GTGTTAACAC
IBV,GTGTTAACA
IBV,GTTAACACAA
IBV,TAATTCACCAA
IBV,TACTAAAGAT
IBV,TACTAAAGA
IBV,TATGTACTC
IBV,TCTGAGTAG
IBV,TGAATATAA
IBV,TGAATTACA
IBV,TGGTTTAGT
IBV,TGTTAATGA
IBV,TGTTTCAACA
IBV,TTAATAATA
IBV,TTAATTTGA
IBV,TTAGTTAAA
IBV,TTATAATAAT
IBV,TTATTATAATT
IBV,TTGGCATAT
IBV,TTGTTTGCA
IBV,TTTAGCAGA
IBV,TTTTATTTACA
IBV,TTTTCTGAGT
IBV,TCTAAATTTAGA
IBV,ACTTCTAGTTT
IBV,TTAGTAATAAA
IBV,AAACTTACCA
IBV,AATCTACCAG
IBV,AATTGCCACAA
IBV,ACCCAGTCA
IBV,ACTGGCATGCT
IBV,AGGTTTTAT
IBV,AGTTATAACT
IBV,ATCAAAATCA
IBV,ATCTGTTGG
IBV,ATTCACTTT
IBV,CAATTTCACT
IBV,CACTTAATA
IBV,CACTTTCAGT
IBV,CCAGTTATAA
IBV,CCATTAGGT
IBV,CCTGCAGTA
IBV,CTGTTGGTA
IBV,CTTACTCAT
IBV,GCAATTTTT
IBV,GCAATTTTT
IBV,GCCTGCAGT
IBV,GGCAATTTT
IBV,GTAAAGGTG
IBV,GTATACAAA
IBV,TAACAGTTA
IBV,TAAGTTTTG
IBV,TACCCAAGT
IBV,TATAACTGGC
IBV,TATTATAAT
IBV,TCAACACAA
IBV,TCTGGAGTG
IBV,TGCATACTG
IBV,TGCCAGTAT
IBV,TGTCAAGTA
IBV,TGTTGGTAA
IBV,TTACTAAGA
IBV,TTATAATAAT
IBV,TTATTATAATT
IBV,TTCTGAGTAG
IBV,TTGTATAAAA
IBV,TTTGCTTGT
IBV,AATACTAGTATT
IBV,AATATAATA
IBV,ACACATTGT
IBV,ACAGAAAGTGAT
IBV,AGAAGATTT
IBV,AGTAAGAAT
IBV,ATGAAAAAC
IBV,CAAAAGGAA
IBV,CAATATGTT
IBV,CCAAAATTTTTAT
IBV,CCTAATATTAGG
IBV,CTAGCATTA
IBV,GCAATTTTT
IBV,GTAAAGGTG
IBV,TAATACAGGTGGT
IBV,TACAAACTG
IBV,TAGCTGCAG
IBV,TAGTAATGA
IBV,TCAAGTTGC
IBV,TCTTGTCAA
IBV,TGTCACAGA
IBV,TTCTGTATA
IBV,TTTGTGGTA
IBV,TTTTTCATT
IBV,TTATTATAATT
IBV,ACTTCTAGTTT
IBV,CATAGCTATG
IBV,GTGTGCACTA
IBV,TATAATTATA
IBV,TTAGTAATAAA
IBV,TTCACTTCTA
IBV,CATAGCTATG
IBV,GCCCTAGGGC
IBV,GTGTGCACTA
IBV,GTTAATACTA
IBV,TTATTATAATT
IBV,TTGTCACACA
IBV,TTATTATAATT
IBV,GTTATAAAG
IBV,ACCAACTATA
IBV,ACCCTGCAT
IBV,ACTGTTGGTT
IBV,ACTGTTGGT
IBV,AGTTATAACT
IBV,CAAAATTTTG
IBV,CATAATTATG
IBV,GACCATATT
IBV,GACGTCTAT
IBV,GTGTGCACTA
IBV,TACAACAAA
IBV,TATAATCAA
IBV,TCAACACAA
IBV,TGGTTCTCA
IBV,ACTCAACACAA
IBV,TTATTATAATT
IBV,CATAGCTATG
IBV,GTGTGCACTA
IBV,GTTAATACTA
IBV,TAACTTAACA
IBV,TCTAAATTTAGA
IBV,AAACTAGTTT
IBV,AACACCATC
IBV,ACTTAGTGT
IBV,ATTAGTAGG
IBV,CACCATCTATT
IBV,CATCTGTAAA
IBV,CTGTAAGCA
IBV,TACATATGTA
IBV,TACTATAGTA
IBV,TACTGGCAA
IBV,TTAGTACTAA
IBV,ACTGGCATGCT
IBV,ACTGGTTCTCA
IBV,AGTTATAACT
IBV,TATAACTGGC
IBV,TTATAATAAT
IBV,TTATTAATAGT
IBV,TTATTATAATT
IBV,TTCATATGAA
IBV,AAAATTACACCTACTAC
IBV,ATTAATATTAAT
IBV,CTTCTAATT
IBV,GCAACATGTTGC
IBV,GTGTCTATG
IBV,TAGCTAGTA
IBV,TAGTAGGTG
IBV,TATGCAAAA
IBV,TATTAGTAA
IBV,TATTTATAA
IBV,TCTATTAATAGA
IBV,TTATTAGTA
IBV,TTTATAATA
IBV,ACTGTAACTT
IBV,GTGTGCACTA
IBV,GTTAATACTA
IBV,TTATTATAATT
IBV,TTGTCACACA
IBV,AAAGTAGTGTTAACACTACTTT
IBV,AATCTGTTT
IBV,ACAAAACTACT
IBV,ACTGTTGGT
IBV,ACTTCTAGTTT
IBV,AGATGTAAG
IBV,GTATCTAAA
IBV,GTGTTAACA
IBV,TAATAATTA
IBV,TATAATCAA
IBV,TATAATTTA
IBV,TATTATAAT
IBV,TTAGTAATAAA
IBV,TTATTTAAA
IBV,AATACTGGT
IBV,ACCAGAAAC
IBV,GGTCTCATT
IBV,GTTAATACT
IBV,TATAATAAT
IBV,TCATAATGAAA
IBV,TTAACTCAC
IBV,AACAAAACT
IBV,AAGGTTTAT
IBV,AATTTAACA
IBV,ACAAAACTACT
IBV,ACCATTTTG
IBV,ACTCATCATC
IBV,ACTTAATAT
IBV,AGTTATAACT
IBV,ATAATAATA
IBV,ATAATATTAT
IBV,ATTACATCA
IBV,ATTATGAAA
IBV,ATTCACTTT
IBV,ATTTTGTGGTA
IBV,ATTTTGTGG
IBV,CAATATGTT
IBV,CAATTTCAC
IBV,CATTTTGTG
IBV,CTAGCATTA
IBV,CTATACCATT
IBV,CTTCAAGGT
IBV,GGTACTGTG
IBV,GGTTTTATT
IBV,GTATACAAA
IBV,GTATCTAAA
IBV,GTGTATAAA
IBV,GTGTGCACTA
IBV,TAACAGTTA
IBV,TAATAAGGC
IBV,TAATATTACT
IBV,TAATATTAT
IBV,TACTAATAA
IBV,TACTGATGT
IBV,TATAATCAA
IBV,TATTACTAA
IBV,TATTATAAT
IBV,TCAACACAA
IBV,TGTTAACAAC
IBV,TTAAATCTTT
IBV,TTAATTATT
IBV,TTATAATCAA
IBV,TTATAATCA
IBV,TTATTATAATT
IBV,TTGTATACAA
IBV,TTGTTAACAA
IBV,TTTCATTATG
IBV,TTTGTGGTA
IBV,TTTTATTTACA
IBV,AAACTGCTG
IBV,AAATTATAATA
IBV,AATAATTAT
IBV,AATTACATG
IBV,AATTTTGTAGT
IBV,ACCCTGCAT
IBV,ATAATATTAT
IBV,CAAAATTTTG
IBV,CATAGCTATG
IBV,CTACTAATT
IBV,GTATCTAAA
IBV,GTGTGCACTA
IBV,TAATAATTA
IBV,TAATATTAT
IBV,TATAATCAA
IBV,TATTATAAT
IBV,TCAACACAA
IBV,TTATAATTTA
IBV,TTATTATAATT
IBV,ACTGGCATGCT
IBV,AGTTATAACT
IBV,CTGGTTGACA
IBV,TATAACTGGC
IBV,TTATAATAAT
IBV,TTATTATAATT
IBV,ATACTCTAGG
IBV,CATAGCTATG
IBV,GTGTGCACTA
IBV,GTTAATACTA
IBV,TAACTTAACA
IBV,TGTTGATCAACA
IBV,TTATTATAATT
IBV,AAAGTAGTGTTAACACTACTTT
IBV,ACTGGCATGCT
IBV,AAACTTACCA
IBV,ACTGGCATGCT
IBV,AGGTTTTAT
IBV,AGTTATAACT
IBV,ATTCACTTT
IBV,CACTTTCAGT
IBV,GGCAATTTT
IBV,TATAACTGGC
IBV,TATTATAAT
IBV,TCAACACAA
IBV,TGCCAGTAT
IBV,TTATAAACA
IBV,TTATAATAAT
IBV,TTATTATAATT
IBV,ACTTTAAAGT
IBV,ATTACTAAT
IBV,ATTACTAAT
IBV,CTCTATGATA
IBV,GAAGATCTTC
IBV,GAATCTGTTG
IBV,GATTTAAATC
IBV,GTGTATAAAC
IBV,TAAAAATCAA
IBV,TATAATTATA
IBV,TCTGTTGTAA
IBV,TTAATCCCTG
IBV,TTAGTAATA
IBV,TTAGTAATA
IBV,TTCACTTCTA
IBV,AAACCATTA
IBV,AAATTATAATA
IBV,ACAAAACTACT
IBV,AGTTATAACT
IBV,ATAATATTAT
IBV,ATTATGAAA
IBV,CTACTAATT
IBV,GTGTGCACTA
IBV,TAATATTAT
IBV,TATTATAAT
IBV,TCAACACAA
IBV,TTATAATCAA
IBV,TTATAATTTA
IBV,TTATTATAATT
IBV,ACACATTGT
IBV,ACCATTTTG
IBV,ACCTAATAG
IBV,AGTTATGAG
IBV,ATAGTGTTT
IBV,ATAGTGTTT
IBV,CAAGGTCTT
IBV,CACAAACAG
IBV,CACTTAATA
IBV,CATTAATTT
IBV,CCAAAATTTTTAT
IBV,CCTGCAGTA
IBV,CTAGCATTA
IBV,CTTTTTGTA
IBV,GACATCTTC
IBV,GCAACACAA
IBV,GCAATTTTT
IBV,GCCTGCAGT
IBV,GGTCTTATT
IBV,GGTCTTATT
IBV,GTAAAGGTG
IBV,GTATACAAA
IBV,GTCTATTAG
IBV,GTGATGACA
IBV,TAACATTAA
IBV,TAACATTAA
IBV,TAACATTAA
IBV,TAATACAGGTGGT
IBV,TACAAACTG
IBV,TAGTAATGA
IBV,TATTATAAT
IBV,TGGATCTTA
IBV,TTATTTACA
IBV,AAAGTATTAA
IBV,TACTTTCTA
IBV,GGTCTCATT
IBV,TAGACCATT
IBV,AAAAAGAGT
IBV,AAACTGGTT
IBV,AAAGTGGAT
IBV,AATAATTATA
IBV,AATACTAGTATT
IBV,ACACATTGT
IBV,ACATTGTAG
IBV,ACCACCAAG
IBV,ACCTAGAGGT
IBV,ACTGCTGGT
IBV,AGGTTTTATA
IBV,AGTAGTACTACT
IBV,ATAACATCA
IBV,ATAGTGTTT
IBV,ATTAATTCT
IBV,ATTACTAAGA
IBV,ATTGATAGTG
IBV,ATTTCTGCT
IBV,CAACAAAAG
IBV,CACAAACAG
IBV,CACAACAAC
IBV,CACAACAAC
IBV,CACTTAATA
IBV,CAGTAAGAAT
IBV,CCTAATATTAGG
IBV,CCTTGGCCTA
IBV,CTAGCATTA
IBV,GAAAAAAGA
IBV,GCAATTTTT
IBV,GTAAAGGTGT
IBV,GTACTACTA
IBV,GTGATGACA
IBV,GTTATAAAA
IBV,GTTATAAAA
IBV,GTTATTATAA
IBV,TAAAGTTAT
IBV,TAATAATTA
IBV,TAATATTTCT
IBV,TAGTAATGA
IBV,TAGTTAATGT
IBV,TATACTCAA
IBV,TGAAAACAA
IBV,TGTAGTAAC
IBV,TTACTAACA
IBV,TTATAAAAGT
IBV,TTATAATAA
IBV,TTATTTACA
IBV,TTGTATAAAA
IBV,TTTCTGAGT
IBV,TTTTGTATG
IBV,AAAAGTTTGT
IBV,AAAATTATA
IBV,AAACCAAAG
IBV,AAACCATTA
IBV,AAACTAGCA
IBV,AACATCTGTA
IBV,ACTACAAACT
IBV,ATATCTAAA
IBV,CATTTAGAT
IBV,CCAAAGCTTTGG
IBV,GAGACTACA
IBV,GCAACTTGT
IBV,GTTATTATAA
IBV,TTATAATAA
IBV,AACAAAACT
IBV,AATAATTAT
IBV,ACAAAACTACT
IBV,ACCAGAAACTA
IBV,ACCATTTTG
IBV,ACTCATCATC
IBV,ACTTAATAT
IBV,AGAATCAATT
IBV,AGTTTTAATT
IBV,ATAATAATA
IBV,ATTTTGTGGTA
IBV,ATTTTGTGG
IBV,CAAGCGCTTG
IBV,CAATATGTT
IBV,CATAGCTATG
IBV,CATTTTGTG
IBV,CTAGCATTA
IBV,CTAGCTTGT
IBV,GCACTATTG
IBV,GGTTTTATT
IBV,GTAATAATTA
IBV,GTAATAATT
IBV,GTATACAAA
IBV,GTATCTAAA
IBV,GTGTATAAA
IBV,GTGTGCACTA
IBV,TAACAGGCA
IBV,TAACAGTTA
IBV,TAATAAGAA
IBV,TAATAAGGC
IBV,TAATATTACT
IBV,TATAATTTA
IBV,TATTACTAA
IBV,TATTATAAT
IBV,TCAACACAA
IBV,TGAGTTGCAA
IBV,TGTTATATT
IBV,TTAAATCTTT
IBV,TTAATTATT
IBV,TTATAATCAA
IBV,TTATAATCA
IBV,TTATTATAATT
IBV,TTATTTACA
IBV,TTGTATACAA
IBV,TTTGTGGTA
IBV,AAATAATTT
IBV,AAGCATGCTT
IBV,AAGCCTACT
IBV,AAGTAGTGA
IBV,ACATTATTT
IBV,ACTTATAAAA
IBV,AGAAGATTT
IBV,AGGTCAATCA
IBV,ATTAATAAA
IBV,ATTTAAATCA
IBV,CAAATGATTAA
IBV,CAACATCTT
IBV,CAGTTACCAC
IBV,CATTATAATG
IBV,CGTAGTTAG
IBV,CTATAAATA
IBV,CTTTGTAAA
IBV,GATTCTTCTG
IBV,GTAAGCCTA
IBV,GTGATTTAA
IBV,GTGTTTCAA
IBV,GTTTTATTA
IBV,TAAAATTAT
IBV,TAAAATTAT
IBV,TAAATAATTTC
IBV,TAAATTTAA
IBV,TAAGCCTAT
IBV,TAATAAAACA
IBV,TAATAAGAA
IBV,TAATACAGG
IBV,TAGCATATT
IBV,TATTCAGTATG
IBV,TATTCAGTA
IBV,TCAGTATGTT
IBV,TCTGGTTTA
IBV,TGAAAAGAA
IBV,TGAAACTTT
IBV,TGCATATGCA
IBV,TGCATATGC
IBV,TGCTTGTTT
IBV,TGGCATGTA
IBV,TGTTGATTA
IBV,TGTTTATTAA
IBV,TTAAATTTAA
IBV,TTAATCATTTG
IBV,TTACTACAC
IBV,TTAGATAATT
IBV,TTATAATAATT
IBV,TTGCAATTT
IBV,TTGTAAATAG
IBV,TTGTGCACAA
IBV,TTTAATAAA
IBV,TTTAATACT
IBV,CTCAACCTCTT
IBV,ACTTCTAGTTT
IBV,TTAGTAATAAA
IBV,TTATTAATAGT
IBV,AATAATTATA
IBV,AATACTAGTATT
IBV,AGGTGGTTGT
IBV,CTGTTTCATTA
IBV,GTTATTATAA
IBV,TAATACAGGTGGT
IBV,TAGTTAATGT
IBV,AACTGCTGATTA
IBV,ACTGGTTCTCA
IBV,GTGGTTTTGTT
IBV,AAACAAGGAT
IBV,AACTTTTGT
IBV,AATAAAAAT
IBV,AATAAAAAT
IBV,AATAATTTC
IBV,AATACCATT
IBV,AATTTGAGT
IBV,ACACAGCTGTGT
IBV,ACACTGTAA
IBV,ACTCATTAAT
IBV,ATTTTTCTG
IBV,CATTAATGG
IBV,CATTGCTTT
IBV,CCTACTACAT
IBV,CCTGTTCTA
IBV,CTTTGTTGT
IBV,GAAAATTAA
IBV,GAAGATAAT
IBV,GCAATTTTT
IBV,GCACTGTTGGT
IBV,GCTGTAAACA
IBV,TAAAATTGCT
IBV,TAAATAATT
IBV,TACAAAAGTTG
IBV,TACTCATCT
IBV,TATAATATTG
IBV,TATGTACTCAT
IBV,TATTGACAAT
IBV,TCAGAAACA
IBV,TCCAGTAATT
IBV,TCCTACTACA
IBV,TGAATGTAT
IBV,TGACAGTTTTA
IBV,TGTGATGACAGT
IBV,TTACATTTTT
IBV,TTAGGTTTA
IBV,TTATTAATAA
IBV,TTCCAGTAAT
IBV,TTGTAAATAGTA
IBV,TTGTCAATAT
IBV,TTTAGCAGAC
IBV,TTTCTGATG
IBV,TTTTAGGTTT
IBV,TTTTGTGGT
IBV,AACAAAACT
IBV,AAGATCTTT
IBV,AATAATGCCG
IBV,ACAAAACTACT
IBV,ACAAGATGTAA
IBV,ACCAGAAACTA
IBV,ACCATTTTG
IBV,ACTTAATAT
IBV,AGGTTTTAT
IBV,AGTTATAACT
IBV,AGTTTTAATT
IBV,ATAATAATA
IBV,ATGAAAGAA
IBV,ATTTTGTGGTA
IBV,CAAGCGCTTG
IBV,CATAGCTATG
IBV,CATCAAAAT
IBV,CATTTTGTG
IBV,CTAGCTTGT
IBV,CTGTTGTAA
IBV,GCTAGCATTA
IBV,GGCAATTTT
IBV,GGTTTTATT
IBV,GTAATAATT
IBV,GTATCTAAA
IBV,GTGTATAAA
IBV,GTGTGCACTA
IBV,TAACAGGCA
IBV,TAACAGTTA
IBV,TAATAAGGC
IBV,TAATAATTA
IBV,TATAATTTA
IBV,TATTATAAT
IBV,TCAACACAA
IBV,TCATTAATT
IBV,TCTTCTCTTGA
IBV,TGAGTTGCAA
IBV,TGTTTCAACA
IBV,TTAATTATT
IBV,TTACATCAA
IBV,TTACTAAGA
IBV,TTATAATAAT
IBV,TTATAATCAA
IBV,TTATTATAATT
IBV,TTGTAAATA
IBV,TTGTATAAAA
IBV,TTTTATTTACA
IBV,ACTAATATTAGT
IBV,ATGAGAAAT
IBV,ATTATTAAT
IBV,TAAAATTAT
IBV,TGCTGCTTT
IBV,TTACTAATA
IBV,TTATTATAATT
IBV,TTTACTACT
IBV,TTTGTTTGA
IBV,AAAACTTAAGTTTT
IBV,ACACATTGT
IBV,ACACAAACC
IBV,ACCTAGTAG
IBV,AGAACATGT
IBV,AGAAGATTT
IBV,ATTACTAAT
IBV,ATTTTGTGGTA
IBV,CTAGCATTA
IBV,GGCCTTATT
IBV,GTAAAGGTG
IBV,GTAGTAATG
IBV,GTCAAGGTA
IBV,GTGTATAAA
IBV,TACTAATAG
IBV,TATTAACAA
IBV,TCAACACAA
IBV,TCATTACTA
IBV,TCTGAGTAG
IBV,TCTTACCAC
IBV,TCTTCACAA
IBV,TGGAATGAT
IBV,TTAATTTGA
IBV,TTACTAATA
IBV,TTACTACTA
IBV,TTATTATAATT
IBV,TTGAACCTG
IBV,TTGACACAC
IBV,TTTACTACT
IBV,TTTGAATGT
IBV,TTTTATATT
IBV,TTTTGTTAA
IBV,TTTTGTTTG
IBV,AAGGAAAAGT
IBV,AAACCATTA
IBV,AACAAAACT
IBV,ACAAGCTAG
IBV,ACTTAATAT
IBV,ATAATAATA
IBV,CAATATGTT
IBV,CATTTTGTG
IBV,CTAGCATTA
IBV,CTAGCTTGT
IBV,CTGTTGTAA
IBV,CTTCAAGGT
IBV,GGAATGATA
IBV,GGTTTTATT
IBV,GTATCTAAA
IBV,GTGTTAATA
IBV,TAACAGGCA
IBV,TAATAATTA
IBV,TAATATTACT
IBV,TAATATTACT
IBV,TATAATTTA
IBV,TATTACTAA
IBV,TGGAGTGTA
IBV,TGTACTCAT
IBV,TTATCTAAA
IBV,TTATTTACA
IBV,TTGTAAATA
IBV,TATAATTTA
IBV,AACTAATTT
IBV,ACATCTTCG
IBV,ATGAAAAAT
IBV,GCAGGTGGTGC
IBV,GTAAAGGTG
IBV,TAAACGTGG
IBV,TAGTATTAATACTA
IBV,TATTATAAT
IBV,TCAACACAA
IBV,TGAGTTAACTCA
IBV,TGGTGAGTT
IBV,TGGTGGTGT
IBV,TGTAAACAC
IBV,TTAACTCAC
IBV,TTATTATAATT
IBV,TTGAAAAAG
IBV,GTGTTAACAC
IBV,AACAAAACT
IBV,AAGATCTTT
IBV,AATAATGCCG
IBV,ACAAAACTACT
IBV,ACAAGATGTAA
IBV,ACCAGAAACTA
IBV,ACCATTTTG
IBV,ACTTAATAT
IBV,AGGTTTTAT
IBV,AGTTATAACT
IBV,AGTTTTAATT
IBV,ATAATAATA
IBV,ATGAAAGAA
IBV,ATTTTGTGGTA
IBV,CAAGCGCTTG
IBV,CATAGCTATG
IBV,CATCAAAAT
IBV,CATTTTGTG
IBV,CTAGCTTGT
IBV,CTGTTGTAA
IBV,GCTAGCATTA
IBV,GGCAATTTT
IBV,GGTTTTATT
IBV,GTAATAATT
IBV,GTATCTAAA
IBV,GTGTATAAA
IBV,GTGTGCACTA
IBV,TAACAGGCA
IBV,TAACAGTTA
IBV,TAATAAGGC
IBV,TAATAATTA
IBV,TATAATTTA
IBV,TATTATAAT
IBV,TCAACACAA
IBV,TCATTAATT
IBV,TCTTCTCTTGA
IBV,TGAGTTGCAA
IBV,TGTTTCAACA
IBV,TTAATTATT
IBV,TTACATCAA
IBV,TTACTAAGA
IBV,TTATAATAAT
IBV,TTATAATCAA
IBV,TTATTATAATT
IBV,TTGTAAATA
IBV,TTGTATAAAA
IBV,TTTTATTTACA
IBV,ACAAACTGCT
IBV,ACTCAACACAA
IBV,CATAGCTATG
IBV,TAATGAGACT
IBV,TTATAATAAT
IBV,TTATTATAATT
IBV,ACTGGCATGCT
IBV,ATTCACTTT
IBV,TATTATAAT
IBV,TCAACACAA
IBV,TGCCAGTAT
IBV,TTATAAACA
IBV,TTATTATAATT
IBV,TTTAAAATG
IBV,AAATAATTT
IBV,AACATCTTT
IBV,ACATTATTT
IBV,AGATGTTAA
IBV,TAAAATTAT
IBV,TAAAATTAT
IBV,TATCAACAG
IBV,TGAAAAGAA
IBV,TGATTTAAATCA
IBV,TGTTGATTA
IBV,CATAGCTATG
IBV,GCCCTAGGGC
IBV,GTGTGCACTA
IBV,GTTAATACTA
IBV,TAACTTAACA
IBV,TTATTATAATT
IBV,AAACTATTA
IBV,AATTATAATT
IBV,AATTATAAT
IBV,ATTAATAAT
IBV,ATTATAATT
IBV,CACCTTTACA
IBV,CCAGTATAA
IBV,GTAAAGGTG
IBV,GTGGTTCAT
IBV,GTGTTAACAC
IBV,TAATTCACCA
IBV,TACTAAAGA
IBV,TATGTACTC
IBV,TTAATAATA
IBV,TTAGTTAAA
IBV,TTATAATAAT
IBV,TTATTATAATT
IBV,ACTGGCATGCT
IBV,TTATTATAATT
IBV,AAACCATTA
IBV,AACACCACC
IBV,AATTATAATT
IBV,AATTATAAT
IBV,ACCACCTTG
IBV,ATGAGAAAT
IBV,ATTATAATT
IBV,CCAGTATAA
IBV,GTGTTAACAC
IBV,GTTTATAAAC
IBV,TAATAGTTT
IBV,TCACAGCAA
IBV,TGGTTTGTAT
IBV,TTATAATAAT
IBV,TTATTATAATT
IBV,AAACCATTA
IBV,ACTGTTGGT
IBV,ACTTAATAT
IBV,AGTTTTAAGT
IBV,ATAATAATA
IBV,ATGTTAAGT
IBV,CAATATGTT
IBV,CATTTTGTG
IBV,CCATCCTAG
IBV,CTGTTGTAA
IBV,GATAAGGTCC
IBV,GCCTACTCT
IBV,GCTGGTTTA
IBV,GGAATGATAC
IBV,GGTTTTATT
IBV,GTAAAGGTG
IBV,GTATTGAACC
IBV,GTGTGCACTA
IBV,TAATACCACC
IBV,TAATATTACT
IBV,TAATATTACT
IBV,TATAATTTA
IBV,TATTACTAA
IBV,TCTTGCTTA
IBV,TGACCTTGT
IBV,TGGAGTGTA
IBV,TGGCTAGCCA
IBV,TGTACTCAT
IBV,TGTTTCAACA
IBV,TGTTTCATT
IBV,TTAATACTA
IBV,TTATTTACA
IBV,TTGTAAATA
IBV,TTGTCACACA
IBV,TTTCAACAA
IBV,TTTTGTGGTA
IBV,ACAAACTGC
IBV,AGCTGTTAGTG
IBV,AGTAAAAAC
IBV,CGACAGAAC
IBV,GGTTACATT
IBV,GTAAAGGTG
IBV,TTAACTCAC
IBV,TTATTATAATT
IBV,GTGTTAACAC
IBV,TATGCAAGA
IBV,AAAATTACA
IBV,AATTATACA
IBV,ACTGACTCT
IBV,ATAAAACTGAT
IBV,ATAATTCTA
IBV,ATACTATTA
IBV,CACTACATATTG
IBV,GCATAAACA
IBV,TACTTTCTA
IBV,TGTTACTAA
IBV,TTACTAATA
IBV,ACTGGCATGCT
IBV,AGTTATAACT
IBV,ATTCACTTT
IBV,CACTTTCAGT
IBV,GGCAATTTT
IBV,TATAACTGGC
IBV,TATTATAAT
IBV,TCAACACAA
IBV,TGCCAGTAT
IBV,TTATAAACA
IBV,TTATAATAAT
IBV,TTATTATAATT
IBV,GGTCTCATT
IBV,ATAACTTTA
IBV,CATTTAAAT
IBV,ACCATATTCG
IBV,ACTGTTAAAT
IBV,AGAGAACCAT
IBV,GTTAATACTA
IBV,TTATTATAATT
IBV,TTTATCTAAA
IBV,ACTTCTAGTTT
IBV,TTAGTAATAAA
IBV,AAACTGGTT
IBV,AAGTGATTA
IBV,AATACTAGTATT
IBV,AATATAATA
IBV,ACACATTGT
IBV,ACCATTTTG
IBV,AGAAAGTGAT
IBV,AGCAGATGCT
IBV,AGGTGGTTGT
IBV,AGGTTTTAT
IBV,AGTAAGAAT
IBV,ATAATAATG
IBV,ATCTGTTGG
IBV,CAAAATTTTTAT
IBV,CACAAACAG
IBV,CACTTAATA
IBV,CAGTAAGAAT
IBV,CCCTTAATAA
IBV,CCTAATATTAGG
IBV,CTAGCATTA
IBV,GCAACACAA
IBV,GCAATTTTT
IBV,GTAAAGGTG
IBV,GTATACAAA
IBV,GTGATGACA
IBV,GTTATTATAA
IBV,GTTTCATTA
IBV,TAACATTAA
IBV,TAACATTAA
IBV,TAATAATGG
IBV,TAATACAGGTGGT
IBV,TAATATCTCT
IBV,TACAAACTG
IBV,TACTGCAGTA
IBV,TAGTAATGA
IBV,TATATTTAAA
IBV,TCAAGTTGC
IBV,TCTTGTCAA
IBV,TGAATATAAT
IBV,TGGATCTTATC
IBV,TGGCAACTC
IBV,TTATCAAAA
IBV,TTGTATAAAA
IBV,TTGTTAACAA
IBV,TTTCATTAACA
IBV,TTTCTGAGTAG
IBV,TTTGTGGTA
IBV,AACAACAAC
IBV,AACAATTGTT
IBV,AATATAATA
IBV,ACCAGAAACT
IBV,ACTGGTTCTCA
IBV,AGAAGATTT
IBV,AGCTGCAGCT
IBV,AGGTTTTATA
IBV,AGTAAGTACC
IBV,ATGGCCTTA
IBV,CAAAAGGAA
IBV,CAACAACAA
IBV,CAATATGTT
IBV,CACTTAATA
IBV,CAGGTTTTATA
IBV,CATCCTAATATTAGGATG
IBV,CATTAAATG
IBV,CTAAATTTAG
IBV,CTAGCATTA
IBV,GAAGTCAAAG
IBV,GAATATGGC
IBV,GATGTTATT
IBV,GTAAAGGTG
IBV,GTAGTTAAT
IBV,GTGGTTTTGTT
IBV,GTGTATTAT
IBV,GTTATTATAA
IBV,TAATACCAC
IBV,TAGAAACTTA
IBV,TATATTTAAA
IBV,TATTATAAT
IBV,TCAGTTACA
IBV,TCGAGGTCA
IBV,TCTGAGTGG
IBV,TCTTACCAC
IBV,TCTTGTCAA
IBV,TGAATATAAT
IBV,TGATAATAAT
IBV,TGTCACAGA
IBV,TTACATTAA
IBV,TTAGCAGATG
IBV,TTATCAAAA
IBV,TTGTATAAA
IBV,TTGTTTGCA
IBV,TTTCTGAGT
IBV,TTTTTCATT
IBV,ACTAATATTAGT
IBV,CGTTTACTACT
IBV,GTAGTGTTAACACTAC
IBV,AAACCATTA
IBV,ACTTAATAT
IBV,ACTTAATAT
IBV,ATAATAATA
IBV,CAATATGTT
IBV,CATAGCTATG
IBV,CATTTTGTG
IBV,CTAGCATTA
IBV,CTAGCTTGT
IBV,CTGTTGTAA
IBV,GACCATATT
IBV,GCCCTAGGGC
IBV,GCCTACTCT
IBV,GGAATGATAC
IBV,GGTGGTGTTA
IBV,GGTTTTATT
IBV,GTATCTAAA
IBV,GTGTGCACTA
IBV,GTGTTAATA
IBV,GTTAATACTA
IBV,TAACTTAACA
IBV,TAATAAAAC
IBV,TAATATTACT
IBV,TAATATTACT
IBV,TAATTCTAG
IBV,TATTACTAA
IBV,TCTTGCTTA
IBV,TGGCTAGCCA
IBV,TGTACTCAT
IBV,TGTTTCAACA
IBV,TTATTAACA
IBV,TTATTTACA
IBV,TTGTAAATA
IBV,TTGTCACACA
IBV,TTTTGTGGTA
IBV,AAACTTACCA
IBV,AATCTACCAG
IBV,AATTGCCACAA
IBV,ACCCAGTCA
IBV,ACTGGCATGCT
IBV,AGGTTTTAT
IBV,AGTTATAACT
IBV,ATCAAAATCA
IBV,ATCTGTTGG
IBV,ATTCACTTT
IBV,CAATTTCACT
IBV,CACTTAATA
IBV,CACTTTCAGT
IBV,CCAGTTATAA
IBV,CCATTAGGT
IBV,CCTGCAGTA
IBV,CTGTTGGTA
IBV,CTTACTCAT
IBV,GCAATTTTT
IBV,GCAATTTTT
IBV,GCCTGCAGT
IBV,GGCAATTTT
IBV,GTAAAGGTG
IBV,GTATACAAA
IBV,TAACAGTTA
IBV,TAAGTTTTG
IBV,TATAACTGGC
IBV,TATTATAAT
IBV,TCAACACAA
IBV,TCTGGAGTG
IBV,TGCATACTG
IBV,TGCCAGTAT
IBV,TGTCAAGTA
IBV,TGTTGGTAA
IBV,TTACTAAGA
IBV,TTATAAACA
IBV,TTATAATAAT
IBV,TTATTATAATT
IBV,TTCTGAGTAG
IBV,TTGTATAAAA
IBV,TTTGCTTGT
IBV,TTTTGTATG
IBV,ACTGGCATGCT
IBV,AATAATTATA
IBV,AATACTAGTATT
IBV,AGGTGGTTGT
IBV,CTGTTTCATTA
IBV,GTTATTATAA
IBV,TAATACAGGTGGT
IBV,TAGTTAATGT
IBV,AAACCATTA
IBV,AACAAAACT
IBV,ACACTAATAA
IBV,ACTGTTGGT
IBV,ACTTAATAT
IBV,ACTTAATAT
IBV,AGTTTTAAGT
IBV,ATAATAATA
IBV,CAATATGTT
IBV,CATTTTGTG
IBV,CTGAAATTA
IBV,CTGTTGTAA
IBV,GATAAGGTCC
IBV,GCCTACTCT
IBV,GCTGGTTTA
IBV,GGAATGATAC
IBV,GGTGGTGTTAATA
IBV,GGTTTTATT
IBV,GTAAAGGTG
IBV,GTGTGCACTA
IBV,GTGTTAATA
IBV,GTTAATACTA
IBV,GTTAATACT
IBV,TAATATTACT
IBV,TAATATTACT
IBV,TATAATCAA
IBV,TATTACTAA
IBV,TATTATAAT
IBV,TGGACCTGT
IBV,TGGAGTGTA
IBV,TGGCTAGCCA
IBV,TGTACTCAT
IBV,TGTTTCAACA
IBV,TTATTAACA
IBV,TTATTTACA
IBV,TTGTAAATA
IBV,TTGTCACACA
IBV,TTTCAACAA
IBV,TTTTGTGGTA
IBV,AACATCTGT
IBV,AATTATAATT
IBV,AGTAAGAAT
IBV,ATAATTATAA
IBV,ATTATAATTATAAT
IBV,CCATAAAAA
IBV,CCGTTAACA
IBV,CCTAAATTTAGG
IBV,CTTATTAATAAG
IBV,GATGTTGTT
IBV,GTGGTTATTA
IBV,TAAAGTTATG
IBV,TGTTGTTAT
IBV,CAATATGTT
IBV,ACTGGCATGCT
IBV,ATTCACTTT
IBV,GTGATCTTG
IBV,TATTATAAT
IBV,TCAACACAA
IBV,TGCCAGTAT
IBV,TTATAAACA
IBV,TTATTATAATT
IBV,CATAGCTATG
IBV,CGTATCTAAA
IBV,GTGTGCACTA
IBV,GTTAATACTA
IBV,GTTCTGCAGAAC
IBV,TTATTATAATT
IBV,TATAATTTA
IBV,AAACCATTA
IBV,AAACTATTA
IBV,AACACCACC
IBV,AACTCATCA
IBV,AAGATCTTT
IBV,AATTATAATT
IBV,AATTATAAT
IBV,ACCACCTTG
IBV,ACTGGCTGGC
IBV,ACTTAATAT
IBV,AGAACATGT
IBV,AGCTGCAGCT
IBV,ATAAAAAAT
IBV,ATAGTGTTT
IBV,ATTATAATT
IBV,ATTTTGTGGTA
IBV,ATTTTGTGG
IBV,CAATATGTT
IBV,CCAGTATAA
IBV,CTAGCATTA
IBV,GGTTTTATT
IBV,GTAAAGGTG
IBV,GTGTTAACAC
IBV,GTGTTAACA
IBV,GTTTATAAAC
IBV,TAATAAGGC
IBV,TAATGTCTC
IBV,TACTAAAGAT
IBV,TACTATAGC
IBV,TAGTTTCAG
IBV,TATTTACAT
IBV,TCTTACCAC
IBV,TGGTGGTGTT
IBV,TGGTTTAGT
IBV,TGGTTTGTAT
IBV,TGTTTCAACA
IBV,TTAATTTGA
IBV,TTATAATAAT
IBV,TTATTATAATT
IBV,TTGTATAAAA
IBV,TTGTTTGCA
IBV,TTTAGCAGA
IBV,TTTGTGGTA
IBV,TTTTATTTACA
IBV,TTTTGACAA
IBV,TTTTGAGTA
IBV,TTTTTGAGT
IBV,ACTGTTGGT
IBV,GCCTACTCT
IBV,GTATCTAAA
IBV,TCTTGCTTA
IBV,TTAATACTA
IBV,TTATTAATG
IBV,TTATTATAATT
IBV,TTGGTTATAACCAA
IBV,AAACTATTA
IBV,AATTATAAT
IBV,ATTAATAAT
IBV,ATTATAATT
IBV,GTAAAGGTG
IBV,TAATTCACCAA
IBV,TACTAAAGA
IBV,TTAATAATA
IBV,TTAATTTGA
IBV,TTAGTTAAA
IBV,TTATTATAATT
IBV,TTCTTTAAC
IBV,ACTTCTAGTTT
IBV,TTAGTAATAAA
IBV,AAACCATTA
IBV,ACAAATGTA
IBV,ACTTAATAT
IBV,ACTTAATAT
IBV,ATAATAATA
IBV,CAATATGTT
IBV,CATTTTGTG
IBV,CTAGCATTA
IBV,CTGTTGTAA
IBV,GCCTACTCT
IBV,GCTGGTTTA
IBV,GGTTTTATT
IBV,GTAAAGGTG
IBV,GTATCTAAA
IBV,GTGTTAATA
IBV,TAATAAAAC
IBV,TAATATTACT
IBV,TAATATTACT
IBV,TATTACTAA
IBV,TGGAGTGTA
IBV,TGTACTCAT
IBV,TTATTAACA
IBV,TTATTTACA
IBV,TTGTAAATA
IBV,ACAAACTGCT
IBV,ACTCAACACAA
IBV,CACATATGTG
IBV,TAATGAGACT
IBV,TTATAATAAT
IBV,TTATTATAATT
IBV,AAAGTAATG
IBV,AACAATTTT
IBV,AATCTGTTT
IBV,ACACTGTAA
IBV,ACCACTCTG
IBV,ACTTCTAGTTT
IBV,AGCCATAGA
IBV,AGTGTTAAT
IBV,ATGATAATG
IBV,CACAACAAC
IBV,CACAACAAC
IBV,CACTTAATA
IBV,CATTATCAA
IBV,CTAGCATTA
IBV,GCAACTTGT
IBV,GCAATTTTT
IBV,GGATGAAGA
IBV,GGTTTTGTTAA
IBV,GTAATACCC
IBV,GTTTACACA
IBV,TAACAAAACCT
IBV,TAACAACAT
IBV,TAATGCTAG
IBV,TACTAATGT
IBV,TATGGCAAG
IBV,TGCTAGAGA
IBV,TGGTACTAT
IBV,TGGTATGAC
IBV,TGTTGTTAT
IBV,TTAATAAAA
IBV,TTAGTAATA
IBV,TTAGTAATA
IBV,TTTTGTTAA
IBV,AGTGACTTA
IBV,CATCTCTAG
IBV,TACTATTCAT
IBV,TTTAGAATAT
IBV,AAAAACCAA
IBV,AAACTGATT
IBV,AATATAATA
IBV,ACAGTTTTA
IBV,AGAACATGT
IBV,AGAAGATTT
IBV,AGGTGGTGT
IBV,ATTTTGTGGTA
IBV,CAATATGTT
IBV,CAGTTTTAT
IBV,CCTAATATTAGG
IBV,CTAGCATTA
IBV,CTATAGCTA
IBV,CTTACCACC
IBV,CTTAGCAGA
IBV,GAATATAAT
IBV,GTGTTAACA
IBV,TAAAATTAT
IBV,TAACTAACA
IBV,TAATAAGAA
IBV,TACTAATAG
IBV,TAGTGTTAACACTA
IBV,TATAATAAT
IBV,TCAGTTTCATTA
IBV,TCTGAGTGG
IBV,TCTTACCAC
IBV,TCTTCTATA
IBV,TCTTGTCAA
IBV,TTAATTTGA
IBV,TTATTATAATT
IBV,TTATTTACA
IBV,TTCTGTAAC
IBV,TTGAACCTG
IBV,TTTGTATACAAA
IBV,TTTGTATAC
IBV,TTTGTGGTA
IBV,TTTTATATT
IBV,ACACAAACC
IBV,ACTCAACACAA
IBV,TTATTATAATT
IBV,CACACTAGTGTG
IBV,GGCAAATTTGCC
IBV,CATAGCTATG
IBV,GTGTGCACTA
IBV,GTTAATACTA
IBV,TAACTTAACA
IBV,TTATTATAATT
IBV,AAGCTTGTA
IBV,AATTGTAAA
IBV,ACACAAACC
IBV,CTTCTAATT
IBV,GCAACATGTTGC
IBV,GTGTCTATG
IBV,TAGCTAGTA
IBV,TAGTAGGTG
IBV,TATGCAAAACA
IBV,TATTAGTAA
IBV,TATTTATAA
IBV,TCTATTAATAGA
IBV,TTATGCAAA
IBV,TTATTAGTA
IBV,TTTATAATA
IBV,ACACTGTAA
IBV,ACCAGAAACTA
IBV,ACTGGTTCTCA
IBV,AGGTTTTAT
IBV,AGTGATTTT
IBV,ATAGTGTTT
IBV,ATCTACCAG
IBV,ATCTGTTGG
IBV,ATTAAAATC
IBV,ATTTTAATG
IBV,CACTTAATA
IBV,CTAGCATTA
IBV,GCAATTTTT
IBV,GTCTATTAG
IBV,TAACAGTTA
IBV,TAGTATTAATACTA
IBV,TATTATAAT
IBV,TCAACACAA
IBV,TGCCAGTAT
IBV,TGGATCTTATC
IBV,TGTAAATAA
IBV,TGTATTGTT
IBV,TGTTGGTAA
IBV,TTATAAACA
IBV,TTATAATAA
IBV,TTATTATAATT
IBV,TTATTTACA
IBV,TTTCTGAGT
IBV,TTATTATAATT
IBV,AAACCATTA
IBV,ATTATAATAAC
IBV,GTCACTATTT
IBV,GTCTTACCAC
IBV,GTTAATACTA
IBV,TTATTATAATT
IBV,TTTGATTATAA
IBV,TTTTGCAAAA
IBV,TATAATTTA
IBV,AAACTAGTTT
IBV,AATTGTACA
IBV,ACCATCTGT
IBV,CTGTAAGCA
IBV,CTTAGTGTGT
IBV,GCACCATCT
IBV,TAATTCAGA
IBV,TACATATGTA
IBV,TACTATAGTA
IBV,TACTGGCAA
IBV,TAGGTGGTGT
IBV,TATAGTAAT
IBV,TCTAATAATT
IBV,TTAATTTTA
IBV,TTAGTACTAA
IBV,CATAGCTATG
IBV,GCCCTAGGGC
IBV,GTGTGCACTA
IBV,GTTAATACTA
IBV,TAACTTAACA
IBV,TTATTATAATT
IBV,TTGTCACACA
IBV,AAGCTTGTA
IBV,AATTGTAAA
IBV,ACACAAACC
IBV,CTTCTAATT
IBV,GCAACATGTTGC
IBV,GTGTCTATG
IBV,TAGCTAGTA
IBV,TAGTAGGTG
IBV,TATGCAAAACA
IBV,TATTAGTAA
IBV,TATTTATAA
IBV,TCTATTAATAGA
IBV,TTATGCAAA
IBV,TTATTAGTA
IBV,TTTATAATA
IBV,AAACCATTA
IBV,ATACTCTAGG
IBV,CAATCTGTT
IBV,GCCTACTCT
IBV,GTATCTAAA
IBV,GTGTGCACTA
IBV,GTTAATACTA
IBV,GTTAATACT
IBV,TAACTTAACA
IBV,TCTTGCTTA
IBV,TTATCTAAA
IBV,TTATTATAATT
IBV,AAACCATTA
IBV,AACAAAACT
IBV,ACTGTAATTT
IBV,ACTGTTGGT
IBV,ACTTAATAT
IBV,ACTTAATAT
IBV,ATAATAATA
IBV,ATGGCACCT
IBV,CAATATGTT
IBV,CATAGCTATG
IBV,CATTTTGTG
IBV,CTAGCATTA
IBV,CTGTTGTAA
IBV,GCCTACTCT
IBV,GCTGGTTTA
IBV,GGAATGATAC
IBV,GGTGGTGTTA
IBV,GGTTTTATT
IBV,GTAAAGGTG
IBV,GTATCTAAA
IBV,GTGTGCACTA
IBV,GTGTTAATA
IBV,GTTAATACTA
IBV,TAACAGGCA
IBV,TAATATTACT
IBV,TAATATTACT
IBV,TATAATTTA
IBV,TATTACTAA
IBV,TCTTGCTTA
IBV,TGCGTTAATA
IBV,TGGAGTGTA
IBV,TGGCTAGCCA
IBV,TGTACTCAT
IBV,TGTTTCAACA
IBV,TTATCTAAA
IBV,TTATTTACA
IBV,TTCTTACCAC
IBV,TTGTAAATA
IBV,TTGTCACACA
IBV,TTTTGTGGTA
IBV,ATTAATAAT
IBV,TAATTCACCAA
IBV,TACTAAAGA
IBV,TTAATAATA
IBV,TTAGTTAAA
IBV,TTATTATAATT
IBV,TTCTTTAAC
IBV,AACATCTGT
IBV,AGGGCCATAT
IBV,AGTAAGAAT
IBV,CATGTACATG
IBV,CCATTAACA
IBV,GTAGTGGACC
IBV,GTGCTTCTG
IBV,GTGGTTATTA
IBV,TATTATAAT
IBV,TCTAAATTTAGA
IBV,TGTTTATAG
IBV,GTGTTAACAC
IBV,ACTGGCATGCT
IBV,ACTGGTTCTCA
IBV,AGTTATAACT
IBV,TATAACTGGC
IBV,TTATAATAAT
IBV,TTATTAATAGT
IBV,TTATTATAATT
IBV,TTCATATGAA
IBV,ACCATTAATGGT
IBV,GTTCTGCAGAAC
IBV,TTATTATAATT
IBV,AATAATATTATT
IBV,ACAAGGTCA
IBV,ACTCAACACAA
IBV,TGACCTTGT
IBV,TTATTATAATT
IBV,AATAATTATA
IBV,AATACTAGTATT
IBV,AGGTGGTTGT
IBV,CTGTTTCATTA
IBV,GTTATTATAA
IBV,TAATACAGGTGGT
IBV,TAGTTAATGT
IBV,AAAGTATTAA
IBV,AGTACTAAT
IBV,AAACTTACCA
IBV,AATCTACCAG
IBV,AATTGCCACAA
IBV,ACCCAGTCA
IBV,ACTGGCATGCT
IBV,AGGTTTTAT
IBV,AGTTATAACT
IBV,ATCAAAATCA
IBV,ATCTGTTGG
IBV,ATTCACTTT
IBV,CAATTTCACT
IBV,CACTTAATA
IBV,CACTTTCAGT
IBV,CCAGTTATAA
IBV,CCATTAGGT
IBV,CCTGCAGTA
IBV,CTGTTGGTA
IBV,CTTACTCAT
IBV,GCAATTTTT
IBV,GCAATTTTT
IBV,GCCTGCAGT
IBV,GGCAATTTT
IBV,GTAAAGGTG
IBV,GTATACAAA
IBV,TAAGTTTTG
IBV,TATAACTGGC
IBV,TATTATAAT
IBV,TCAACACAA
IBV,TGCATACTG
IBV,TGCCAGTAT
IBV,TGTTGGTAA
IBV,TTACTAAGA
IBV,TTATAAACA
IBV,TTATAATAAT
IBV,TTATTATAATT
IBV,TTCTGAGTAG
IBV,TTGTATAAAA
IBV,TTTGCTTGT
IBV,TCTAAATTTAGA
IBV,AAAGGTGTCTAT
IBV,ATGTAATTC
IBV,ATTATGAAA
IBV,CAAGAGGCT
IBV,CGTATCTAA
IBV,GCCTACTCT
IBV,TACTAATTT
IBV,TATTATAAT
IBV,TTATTATAATT
IBV,AATAATTATA
IBV,AATACTAGTATT
IBV,AGGTGGTTGT
IBV,CTGTTTCATTA
IBV,GTTATTATAA
IBV,TAATACAGGTGGT
IBV,TAGTTAATGT
IBV,AACAGATTCT
IBV,AACCATCTG
IBV,AATAAAAAT
IBV,AATCTGTTT
IBV,ACTTCTAGTTT
IBV,ACTTTTTAT
IBV,AGATGTAAG
IBV,AGCCATAGA
IBV,ATAAAAATAC
IBV,ATTACTAAT
IBV,ATTACTAAT
IBV,CAACTCACG
IBV,CACTTAATA
IBV,CAGGTATGA
IBV,CATACTGCT
IBV,GAAGATCTTC
IBV,GAATCTGTTG
IBV,GTATCTAAA
IBV,GTGTATAAAC
IBV,TAACAACAT
IBV,TAATAATGGC
IBV,TATAATTATA
IBV,TATGGCAAG
IBV,TCATTACTA
IBV,TCATTATCT
IBV,TCTGTTGTAA
IBV,TGAAACAACT
IBV,TGCTAGAGA
IBV,TTAATCCCTG
IBV,TTAGTAATAAA
IBV,TTAGTAATA
IBV,TTCACTTCTA
IBV,TTGCATGTC
IBV,TTGCTTTAT
IBV,TTTCTGAGT
IBV,TTTGTGGTA
IBV,AAATTATAATA
IBV,TTATTATAATT
IBV,TTGTTAATGGT
IBV,AATTATAATT
IBV,GTGTTAACAC
IBV,AAATTATAATA
IBV,AATAATTAT
IBV,AATTACATG
IBV,AATTTTGTAGT
IBV,ACCCTGCAT
IBV,ATAATATTAT
IBV,CAAAATTTTG
IBV,GTGTGCACTA
IBV,TAATAATTA
IBV,TAATATTAT
IBV,TATAATCAA
IBV,TATTATAAT
IBV,TCAACACAA
IBV,TTATAATTTA
IBV,TTATTATAATT
IBV,ACTGGCATGCT
IBV,ATTCACTTT
IBV,TATTATAAT
IBV,TCAACACAA
IBV,TGCCAGTAT
IBV,TTATAAACA
IBV,TTATTATAATT
IBV,ACTTCTAGTTT
IBV,TTAGTAATAAA
IBV,ACTTCTAGTTT
IBV,ACTGTTGGT
IBV,GCCTACTCT
IBV,GTATCTAAA
IBV,TATAATTTA
IBV,TATATTATA
IBV,TCTTGCTTA
IBV,TTAATACTA
IBV,TTATCTAAA
IBV,TTATTATAATT
IBV,AACAACAAC
IBV,AACAATTGTT
IBV,AATTTTTAT
IBV,ACAACAACAA
IBV,AGAAGATTT
IBV,AGCAGATGCT
IBV,AGCTGCAGCT
IBV,ATCTTGTCAA
IBV,ATTTTTCATT
IBV,CAATATGTT
IBV,CACTTAATA
IBV,CATCTTGAA
IBV,CATTAAATG
IBV,CTAAATTTAG
IBV,CTCATCATC
IBV,CTCGTGCTT
IBV,GAATATGGC
IBV,GATAATAAT
IBV,GATGTTATT
IBV,GGTGCATTT
IBV,GTAGTTAAT
IBV,GTGGTTTTGTT
IBV,GTGTATTAT
IBV,GTTATTATAA
IBV,GTTCAGTTA
IBV,TAATACCAC
IBV,TACTAATAG
IBV,TACTTCTAA
IBV,TATATTTAA
IBV,TATGTACTCAT
IBV,TATTATAAT
IBV,TCTTACCAC
IBV,TGATAATAAT
IBV,TGGCTAGCCA
IBV,TGTCACAGA
IBV,TTAGCAGATG
IBV,TTCTGAGTGG
IBV,TTGTTTGCA
IBV,AAGAATTAC
IBV,AAGGCCATT
IBV,AATTTTGTA
IBV,ACCACCAAA
IBV,ACCAGTCAT
IBV,AGAAGATTT
IBV,AGTGCTTCT
IBV,ATTGTTTAT
IBV,ATTTTGTGGTA
IBV,CAATATGTT
IBV,CAATTTCAC
IBV,CTAGCATTA
IBV,CTTCAAGGT
IBV,GGGTGTAAG
IBV,GGTACTGTG
IBV,GTATACAAA
IBV,GTGTATAAACA
IBV,GTGTTAATA
IBV,TAACAGTTA
IBV,TAATAAGAA
IBV,TAATAATAG
IBV,TATTATAAT
IBV,TCAACACAA
IBV,TCTGAGTAG
IBV,TGTAATTCT
IBV,TTATAATAA
IBV,TTATTAACA
IBV,TTATTATAATT
IBV,TTATTTACA
IBV,TTGTTTGCA
IBV,TTTGTGGTA
IBV,AAATTATAATA
IBV,AATGACAAAT
IBV,ATAATATTAT
IBV,GTTAATACTA
IBV,TTATAATTTA
IBV,TTATTATAATT
IBV,TTGTCACACA
IBV,ACTGGCATGCT
IBV,TTATTATAATT
IBV,GTGTGCACTA
IBV,TGTTATAGGA
IBV,AAACTATTA
IBV,AATTATAAT
IBV,ATTAATAAT
IBV,ATTATAATT
IBV,GTAAAGGTG
IBV,TAATTCACCAA
IBV,TACTAAAGA
IBV,TTAATAATA
IBV,TTAGTTAAA
IBV,TTATTATAATT
IBV,TTCTTTAAC
IBV,TGGCATGCT
IBV,ACTATTAATAGT
IBV,AGAACCATATTCG
IBV,GATTTAAATC
IBV,GCAGCGCTGC
IBV,GTTAATACTA
IBV,TATTATAATT
IBV,TGGTCTAAAA
IBV,CATAGCTATG
IBV,GCCCTAGGGC
IBV,GTGTGCACTA
IBV,GTTAATACTA
IBV,TTATTATAATT
IBV,TTGTCACACA
IBV,ACTGGCATGCT
IBV,CATAGCTATG
IBV,GCCCTAGGGC
IBV,GTGTGCACTA
IBV,TAACTTAACA
IBV,TTATTATAATT
IBV,TTGTCACACA
IBV,AATGAAAAAT
IBV,GTGTGCACTA
IBV,GTTAATACTA
IBV,TGCGTTAATA
IBV,TTATTATAATT
IBV,TTTCATTTCT
IBV,AAATTATAATA
IBV,AAGGCCATT
IBV,AATAATTAT
IBV,AATATAATAA
IBV,ACCATTTTG
IBV,ACTCATCATC
IBV,AGAAGATTT
IBV,ATAATATTAT
IBV,CAAAATTGT
IBV,CAAAATTTTG
IBV,CAATATGTT
IBV,CTACTAATT
IBV,CTAGCATTA
IBV,CTAGGTGGTGT
IBV,CTATACCATT
IBV,GAATATAAT
IBV,GCAACTTGTT
IBV,GGTACTGTG
IBV,GGTTTTATT
IBV,GTATACAAA
IBV,GTGTGCACTA
IBV,GTGTTAATA
IBV,TAACAGGCA
IBV,TAACAGTTA
IBV,TAATAAGAA
IBV,TAATAATTA
IBV,TAATATTACT
IBV,TAATATTAT
IBV,TAATTCTAG
IBV,TATAATCAA
IBV,TATTATAAT
IBV,TCAACACAA
IBV,TCTTCAAGGT
IBV,TCTTTAGTG
IBV,TGAATATAA
IBV,TGAATATTCA
IBV,TTAATTTTT
IBV,TTACTGAAAA
IBV,TTATAATTTA
IBV,TTATTAACA
IBV,TTATTATAATT
IBV,TTATTTACA
IBV,TTGCTTGCA
IBV,TTGTATACAA
IBV,TTTCAGTAA
IBV,CAGTGCACTG
IBV,CTAAATTTAG
IBV,CATAGCTATG
IBV,GTGTGCACTA
IBV,GTTAATACTA
IBV,TAACTTAACA
IBV,TTATTATAATT
IBV,ACTCAACACAA
IBV,TTATTATAATT
IBV,ACTGGCATGCT
IBV,GAAATTACA
IBV,GTATCTAAA
IBV,GTTAATACT
IBV,TAATAATTA
IBV,TATAATTTA
IBV,TTATCTAAA
IBV,AAACTTACCA
IBV,AATCTACCAG
IBV,AATTGCCACAA
IBV,ACCCAGTCA
IBV,ACTGGCATGCT
IBV,AGGTTTTAT
IBV,AGTTATAACT
IBV,ATCAAAATCA
IBV,ATCTGTTGG
IBV,ATTCACTTT
IBV,CAATTTCACT
IBV,CACTTAATA
IBV,CACTTTCAGT
IBV,CCAGTTATAA
IBV,CCATTAGGT
IBV,CCTGCAGTA
IBV,CTGTTGGTA
IBV,CTTACTCAT
IBV,GCAATTTTT
IBV,GCAATTTTT
IBV,GCCTGCAGT
IBV,GGCAATTTT
IBV,GTAAAGGTG
IBV,GTATACAAA
IBV,TAACAGTTA
IBV,TAAGTTTTG
IBV,TATAACTGGC
IBV,TATTATAAT
IBV,TCAACACAA
IBV,TCTGGAGTG
IBV,TGCATACTG
IBV,TGCCAGTAT
IBV,TGTCAAGTA
IBV,TGTTGGTAA
IBV,TTATAAACA
IBV,TTATAATAAT
IBV,TTATTATAATT
IBV,TTCTGAGTAG
IBV,TTGTATAAAA
IBV,TTTGCTTGT
IBV,TTTTGTATG
IBV,ATTGCTTAC
IBV,GTTATTATAATT
IBV,AATTATAATT
IBV,ACTTCTAGTTT
IBV,CTACTAACTT
IBV,TACTTTATTAAT
IBV,TATAATTATA
IBV,TTAGTAATAAA
IBV,TTATAATAATTA
IBV,TTCACTTCTA
IBV,AAACTTACCA
IBV,AATCTACCAG
IBV,AATTGCCACAA
IBV,ACCCAGTCA
IBV,ACTGGCATGCT
IBV,AGGTTTTAT
IBV,AGTTATAACT
IBV,ATCAAAATCA
IBV,ATCTGTTGG
IBV,ATTCACTTT
IBV,CAATTTCACT
IBV,CACTTAATA
IBV,CACTTTCAGT
IBV,CCAGTTATAA
IBV,CCATTAGGT
IBV,CCTGCAGTA
IBV,CTGTTGGTA
IBV,CTTACTCAT
IBV,GCAATTTTT
IBV,GCAATTTTT
IBV,GCCTGCAGT
IBV,GGCAATTTT
IBV,GTAAAGGTG
IBV,GTATACAAA
IBV,TAACAGTTA
IBV,TAAGTTTTG
IBV,TATAACTGGC
IBV,TATTATAAT
IBV,TCAACACAA
IBV,TCTGGAGTG
IBV,TGCATACTG
IBV,TGCCAGTAT
IBV,TGTCAAGTA
IBV,TGTTGGTAA
IBV,TTACTAAGA
IBV,TTATAATAAT
IBV,TTATTATAATT
IBV,TTCTGAGTAG
IBV,TTGTATAAAA
IBV,TTTGCTTGT
IBV,AAATTATAATA
IBV,AATTACATG
IBV,AATTTTGTAGT
IBV,AGTTATAACT
IBV,ATAATATTAT
IBV,ATAATTATA
IBV,CAAAATTTTG
IBV,CTACTAATT
IBV,CTATAATTATAG
IBV,GTGTGCACTA
IBV,TAATAATTA
IBV,TAATATTAT
IBV,TATAATAAT
IBV,TATTATAAT
IBV,TCAACACAA
IBV,TTATAATAAT
IBV,TTATAATTTA
IBV,TTATTATAATT
IBV,AAAAGTGGTG
IBV,AAACCATTA
IBV,AAACCATTA
IBV,ACCAAAATTTT
IBV,ACTCAACACA
IBV,AGCAACATGTTGCT
IBV,ATGAAAAATA
IBV,CAAAAGTGGT
IBV,CAAAATTTTG
IBV,CACCTTTACA
IBV,CTTACGTAAG
IBV,GAAGATCTTC
IBV,GAATCTGTTG
IBV,GTGTTAACAC
IBV,TACAAATGTA
IBV,TCTGTTGTAA
IBV,TTATAATAAT
IBV,TTATTATAATT
IBV,TTCTGAGTAG
IBV,TTGTATAAAA
IBV,ACTGGCATGCT
IBV,TTATTATAATT
IBV,AAACTGATT
IBV,ACTCAACACA
IBV,TCAGTTTCA
IBV,TTATAATAAT
IBV,TTATTATAATT
IBV,TGCCAGTAT
IBV,AAACTTACCA
IBV,ACTGGCATGCT
IBV,AGGTTTTAT
IBV,AGTTATAACT
IBV,ATTCACTTT
IBV,CACTTTCAGT
IBV,GGCAATTTT
IBV,TATAACTGGC
IBV,TATTATAAT
IBV,TCAACACAA
IBV,TGCCAGTAT
IBV,TTATAATAAT
IBV,TTATTATAATT
IBV,ACAAGATGTAA
IBV,ACTTAATAT
IBV,ACTTAATAT
IBV,AGCTGCAGCT
IBV,AGTTTTAATT
IBV,ATTTTGTGGTA
IBV,CAGTGCACTG
IBV,CATAGCTATG
IBV,CGTATCTAAA
IBV,GAAGATCTTC
IBV,GCCCTAGGGC
IBV,GTGTGCACTA
IBV,GTTAATACTA
IBV,TGTTTCAACA
IBV,TTAATCCTTG
IBV,TTGTAAATAG
IBV,TTGTCACACA
IBV,ACTCAACACAA
IBV,TTATTATAATT
IBV,ACACATTGT
IBV,AATAATTATA
IBV,AATACTAGTATT
IBV,AGGTGGTTGT
IBV,GTTATTATAA
IBV,TAATACAGGTGGT
IBV,TAGTTAATGT
IBV,AATAATTATA
IBV,AATACTAGTATT
IBV,AGGTGGTTGT
IBV,GTTATTATAA
IBV,TAATACAGGTGGT
IBV,TAGTTAATGT
IBV,TCTGTTTCATTA
IBV,AATAATTATA
IBV,AATACTAGTATT
IBV,AGGTGGTTGT
IBV,CTGTTTCATTA
IBV,GTTATTATAA
IBV,TAATACAGGTGGT
IBV,TAGTTAATGT
IBV,AACACCACC
IBV,ACCACCTTG
IBV,GTGTTAACAC
IBV,GTTTATAAAC
IBV,ACAAACTGCT
IBV,ACTCAACACAA
IBV,TAATGAGACT
IBV,TGCGGAATCA
IBV,TTATAATAAT
IBV,TTATTATAATT
IBV,AACAGATTCT
IBV,AACCATCTG
IBV,AATAAAAAT
IBV,AATCTGTTT
IBV,ACTTCTAGTTT
IBV,ACTTTTTAT
IBV,AGATGTAAG
IBV,AGCCATAGA
IBV,ATAAAAATAC
IBV,ATTACTAAT
IBV,ATTACTAAT
IBV,CAACTCACG
IBV,CAAGGTCCT
IBV,CACTTAATA
IBV,CAGGTATGA
IBV,CATACTGCT
IBV,CATTTAAAT
IBV,GAAGATCTTC
IBV,GAATCTGTTG
IBV,GTATCTAAA
IBV,GTGTATAAAC
IBV,TAACAACAT
IBV,TAATAATGGC
IBV,TATAATTATA
IBV,TATGGCAAG
IBV,TCATTACTA
IBV,TCATTATCT
IBV,TCTGTTGTAA
IBV,TGAAACAACT
IBV,TGCTAGAGA
IBV,TTAATCCCTG
IBV,TTAGTAATAAA
IBV,TTAGTAATA
IBV,TTCACTTCTA
IBV,TTGCATGTC
IBV,TTGCTTTAT
IBV,TTTCTGAGT
IBV,TTTGTGGTA
IBV,TTAGTTAAA
IBV,AACCTCTTTTA
IBV,TATAATAAT
IBV,TATAATAAT
IBV,TTATGAAAAGTG
IBV,ATAGCACCAGCA
IBV,ACATTATTT
IBV,ACTACTATC
IBV,AGCAGTGAA
IBV,TAAAATTAT
IBV,TGAAAAGAA
IBV,TGATTTAAATCA
IBV,TGTTGATTA
IBV,TTATAATAATT
IBV,TTTAATAAA
IBV,ACCAAAGTGC
IBV,CATAGCTATG
IBV,GCCCTAGGGC
IBV,GTGTGCACTA
IBV,GTTAATACTA
IBV,TAACTTAACA
IBV,TTATTATAATT
IBV,TTGTCACACA
IBV,TTATTATAATT
IBV,AAATTATAAT
IBV,ACAGATGTTT
IBV,ACTCAACACAA
IBV,AGTTATAACT
IBV,TGCATATGCA
IBV,TTATAATAAT
IBV,TTATTATAATT
IBV,ACTGTTGGT
IBV,GCCACCAGA
IBV,GCCTACTCT
IBV,GTATCTAAA
IBV,TATAATTTA
IBV,TCTTGCTTA
IBV,TTATTATAATT
IBV,ACACATTGT
IBV,ACCATTTTG
IBV,AGTTATGAG
IBV,ATAGTGTTT
IBV,ATAGTGTTT
IBV,CAAGGTCTT
IBV,CACAAACAG
IBV,CACTTAATA
IBV,CCAAAATTTTTAT
IBV,CCTGCAGTA
IBV,CTAGCATTA
IBV,CTTTTTGTA
IBV,GACATCTTC
IBV,GCAACACAA
IBV,GCAATTTTT
IBV,GCCTGCAGT
IBV,GGTCTTATT
IBV,GGTCTTATT
IBV,GTAAAGGTG
IBV,GTATACAAA
IBV,GTCTATTAG
IBV,GTGATGACA
IBV,GTTATTATA
IBV,TAACATTAA
IBV,TAACATTAA
IBV,TAATACAGGTGGT
IBV,TACAAACTG
IBV,TAGTAATGA
IBV,TATTATAAT
IBV,TGGATCTTA
IBV,TTATTTACA
IBV,TTTAAAAGT
IBV,AACTAATTT
IBV,ACATCTTCG
IBV,ATGAAAAAT
IBV,GCAGGTGGTGC
IBV,GTAAAGGTG
IBV,TAAACGTGG
IBV,TAGTATTAATACTA
IBV,TATTATAAT
IBV,TCAACACAA
IBV,TGGTGAGTT
IBV,TGGTGGTGT
IBV,TGTAAACAC
IBV,TTAACTCAC
IBV,TTATTATAATT
IBV,TTGAAAAAG
IBV,TTTACTACT
IBV,AATAGTATT
IBV,AATTATAATT
IBV,AATTATAAT
IBV,ACACCACCT
IBV,ACCACCTTG
IBV,ACCATCTGCT
IBV,ATGAAAAAT
IBV,ATTAATAAT
IBV,ATTATAATT
IBV,CACCTTTACA
IBV,CCAGTATAA
IBV,CTGCTGGTT
IBV,GTGTTAATA
IBV,GTTTATAAAC
IBV,TGGTTTGTAT
IBV,TTAATAATA
IBV,TTAATAATA
IBV,TTATAATAAT
IBV,TTATTATAATT
IBV,ATAAATTTAT
IBV,GGCAGCTGCC
IBV,TATAGCTATA
IBV,TGCTATAGCA
IBV,TTATTATAATT
IBV,AAACCATTA
IBV,ACTGTTGGT
IBV,ACTTAATAT
IBV,ACTTAATAT
IBV,ATAATAATA
IBV,CAATATGTT
IBV,CATAGCTATG
IBV,CATTTTGTG
IBV,CTAGCATTA
IBV,CTAGCTTGT
IBV,CTGTTGTAA
IBV,GCCCTAGGGC
IBV,GCCTACTCT
IBV,GCTGGTTTA
IBV,GGAATGATAC
IBV,GGTGGTGTTAATA
IBV,GGTTTTATT
IBV,GTAAAGGTG
IBV,GTATCTAAA
IBV,GTGTGCACTA
IBV,GTGTTAATA
IBV,GTTAATACTA
IBV,GTTAATACT
IBV,TAACAGGCA
IBV,TAACTTAACA
IBV,TAATATCTCT
IBV,TAATATTACT
IBV,TAATATTACT
IBV,TATTACTAA
IBV,TCTTGCTTA
IBV,TGGAGTGTA
IBV,TGGCTAGCCA
IBV,TGTACTCAT
IBV,TGTTTCAACA
IBV,TTATTAACA
IBV,TTATTTACA
IBV,TTGTAAATA
IBV,TTTTGTGGTA
IBV,TTATTATAATT
IBV,ACTGGCATGCT
IBV,TTATTATAATT
IBV,AACCTTGAC
IBV,AGTAAGAAT
IBV,GGTCTCATT
IBV,TAGACCATT
IBV,TATAATAAT
IBV,TATTATTAT
IBV,TTAACTCAC
IBV,AAACTGATT
IBV,AAATTATAATA
IBV,AACTGTTTCA
IBV,AATCTTTTC
IBV,ACTCAACACA
IBV,AGCTGCAGCT
IBV,AGGTGGTGTT
IBV,ATAATATTAT
IBV,ATAGTGTTT
IBV,ATGAAAAAC
IBV,ATGCCTACT
IBV,CAAAATTTTG
IBV,CAATATGTT
IBV,CTAGCATTA
IBV,GTGTTAACA
IBV,TAATAAGAA
IBV,TAATATCTC
IBV,TAATATTAT
IBV,TACTAATAG
IBV,TAGTGTTAACACTA
IBV,TCTGAGTGG
IBV,TCTTCCACTA
IBV,TGGTCTAAAA
IBV,TGTGGTAAT
IBV,TTAATTTGA
IBV,TTACCACAT
IBV,TTATAATAAT
IBV,TTATAATTTA
IBV,TTATTATAATT
IBV,TTATTTACA
IBV,TTGAACCTG
IBV,TTGGTTTTT
IBV,TTGTTTGCA
IBV,TTTACACTT
IBV,TTTGTGGTA
IBV,TTTTATATT
IBV,TTTTGTGGTA
IBV,AAACCATTA
IBV,ACTGTTGGT
IBV,ACTTAATAT
IBV,ACTTAATAT
IBV,ATAATAATA
IBV,CATAGCTATG
IBV,CATTTTGTG
IBV,CGACAACTC
IBV,CTAGCATTA
IBV,CTGTTGTAA
IBV,CTTATTAACA
IBV,GCTGGTTTA
IBV,GGAATGATAC
IBV,GGTGGTGTTA
IBV,GGTTTTATT
IBV,GTAAAGGTG
IBV,GTATCTAAA
IBV,GTATTGAACC
IBV,GTGTGCACTA
IBV,TAACAAAACT
IBV,TAACAGGCA
IBV,TAATATTACT
IBV,TAATATTACT
IBV,TATAATTTA
IBV,TATTACTAA
IBV,TCTTACCAC
IBV,TCTTATTAA
IBV,TCTTGCTTA
IBV,TGGAGTGTA
IBV,TGGCTAGCCA
IBV,TGTACTCAT
IBV,TGTTTCAACA
IBV,TTATCTAAA
IBV,TTATTTACA
IBV,TTGTAAATA
IBV,TTTTGTGGTA
IBV,AAACTTACCA
IBV,AATCTACCAG
IBV,AATTGCCACAA
IBV,ACTGGCATGCT
IBV,AGGTTTTAT
IBV,AGTTATAACT
IBV,ATAGTGTTT
IBV,ATCAAAATCA
IBV,ATCTGTTGG
IBV,ATTCACTTT
IBV,ATTGATAGTG
IBV,CAATTTCACT
IBV,CACTTAATA
IBV,CACTTTCAGT
IBV,CATCAAAATCA
IBV,CCAGTTATAA
IBV,CCTGCAGTA
IBV,CTGTTGGTA
IBV,CTTACTCAT
IBV,GCAATTTTT
IBV,GCAATTTTT
IBV,GCCTGCAGT
IBV,GGCAATTTT
IBV,GTAAAGGTG
IBV,GTATACAAA
IBV,TAACAGTTA
IBV,TAAGTTTTG
IBV,TACCCAAGT
IBV,TATAACTGGC
IBV,TATTATAAT
IBV,TCAACACAA
IBV,TGCATACTG
IBV,TGCCAGTAT
IBV,TGTTGGTAA
IBV,TTACTAAGA
IBV,TTATAAACA
IBV,TTATAATAAT
IBV,TTATTATAATT
IBV,TTCTGAGTAG
IBV,TTGTATAAAA
IBV,TTTGCTTGT
IBV,TTTTGTATG
IBV,TTTTGTGGTA
IBV,AAAGTAGTGTTAACACTACTTT
IBV,AACAGATTCT
IBV,AACCATCTG
IBV,AATAAAAAT
IBV,AATCTGTTT
IBV,ACTTCTAGTTT
IBV,ACTTTTTAT
IBV,AGATGTAAG
IBV,AGCCATAGA
IBV,ATAAAAATAC
IBV,ATTACTAAT
IBV,ATTACTAAT
IBV,CAACTCACG
IBV,CACTTAATA
IBV,CAGGTATGA
IBV,CATACTGCT
IBV,GAAGATCTTC
IBV,GAATCTGTTG
IBV,GTATCTAAA
IBV,GTGTATAAAC
IBV,TAACAACAT
IBV,TAATAATGGC
IBV,TATAATTATA
IBV,TATGGCAAG
IBV,TCATTACTA
IBV,TCATTATCT
IBV,TCTGTTATT
IBV,TCTGTTGTAA
IBV,TGAAACAACT
IBV,TGCTAGAGA
IBV,TTAATCCCTG
IBV,TTAGTAATAAA
IBV,TTAGTAATA
IBV,TTCACTTCTA
IBV,TTGCATGTC
IBV,TTGCTTTAT
IBV,TTTCTGAGT
IBV,TTTGTGGTA
IBV,AAGGCCATT
IBV,ACTCAACACAA
IBV,AGAAGATTT
IBV,AGGTGGTGT
IBV,CAATATGTT
IBV,CTAGCATTA
IBV,CTGTTGTAA
IBV,CTTAGCAGA
IBV,CTTCAAGGT
IBV,GGCCTTATT
IBV,GTAGTAATG
IBV,GTGTATAAA
IBV,TAATAAGAA
IBV,TACTAATAG
IBV,TCTTCACAA
IBV,TGTAACTGA
IBV,TTAATTTGA
IBV,TTACTACTA
IBV,TTATTATAATT
IBV,TTATTTACA
IBV,TTGAACCTG
IBV,TTGTAAATA
IBV,TTGTTTGCA
IBV,TTTACTACT
IBV,TTTGAATGT
IBV,TTTTATATT
IBV,CGTTTACTACT
IBV,GTAGTGTTAACACTAC
IBV,CATAGCTATG
IBV,GTGTGCACTA
IBV,GTTAATACTA
IBV,TAACTTAACA
IBV,TTATTATAATT
IBV,CATAGCTATG
IBV,GCCCTAGGGC
IBV,GTGTGCACTA
IBV,GTTAATACTA
IBV,TAACTTAACA
IBV,TTATTATAATT
IBV,TTGTCACACA
IBV,AACACCACC
IBV,ACCACCTTG
IBV,GTGTTAACAC
IBV,GTTTATAAAC
IBV,TGTTAATGA
IBV,AAGCTTGTA
IBV,AAACCATTA
IBV,ACTGTTGGT
IBV,ATACTCTAGG
IBV,CATAGCTATG
IBV,GTGTGCACTA
IBV,TAACTTAACA
IBV,TAATAATTA
IBV,TCTTGCTTA
IBV,TTAATACTA
IBV,TTATCTAAA
IBV,TTATTATAATT
IBV,AATAATTAT
IBV,AATTTTGTAGT
IBV,ACCAGAAACCA
IBV,CAAAATTTTG
IBV,CATAGCTATG
IBV,CTACTAATT
IBV,GTATCTAAA
IBV,GTGTGCACTA
IBV,TATAATCAA
IBV,TATTATAAT
IBV,TCAACACAA
IBV,TGAGTCAGTT
IBV,TTATTATAATT
IBV,AACAATATG
IBV,AACCAGCTGGTT
IBV,CAATATGTT
IBV,CATAGCTATG
IBV,GCCCTAGGGC
IBV,GTGTGCACTA
IBV,GTTAATACTA
IBV,TTATTATAATT
IBV,TTGTCACACA
IBV,AAACCATTA
IBV,ACTGTTGGT
IBV,AGTTTTAAGT
IBV,ATAATAATA
IBV,CAATATGTT
IBV,CATAGCTATG
IBV,CATTTTGTG
IBV,CTAGCATTA
IBV,CTGTTGTAA
IBV,GCCTACTCT
IBV,GCTGGTTTA
IBV,GGAATGATAC
IBV,GGTGGTGTTA
IBV,GGTTTTATT
IBV,GTAAAGGTG
IBV,GTATCTAAA
IBV,GTGTGCACTA
IBV,GTGTTAATA
IBV,TAACAGGCA
IBV,TAATAAAAC
IBV,TAATATTACT
IBV,TAATATTACT
IBV,TAATGTAAGT
IBV,TATAATTTA
IBV,TATTACTAA
IBV,TCTTGCTTA
IBV,TGGAGTGTA
IBV,TGGCTAGCCA
IBV,TGTACTCAT
IBV,TGTTTCAACA
IBV,TTAATACTA
IBV,TTAATGTAA
IBV,TTATTAACA
IBV,TTATTTACA
IBV,TTGTAAATA
IBV,TTGTCACACA
IBV,TTTTGTGGTA
IBV,ATAACTTACA
IBV,ATGTTAGTAA
IBV,CAATGCATTG
IBV,CCGGTTTTAT
IBV,CGTTTACTACT
IBV,GTAGTGTTAACACTAC
IBV,GTTAACACTA
IBV,ACACATTGT
IBV,AAACCATTA
IBV,ACTGTTGGT
IBV,ACTTAATAT
IBV,ACTTAATAT
IBV,ATAATAATA
IBV,CATTTTGTG
IBV,CGACAACTC
IBV,CTAGCATTA
IBV,CTGTTGTAA
IBV,GCTGGTTTA
IBV,GGTTTTATT
IBV,GTAAAGGTG
IBV,GTATCTAAA
IBV,TAACAGGCA
IBV,TAATATTACT
IBV,TAATATTACT
IBV,TATAATTTA
IBV,TATTACTAA
IBV,TCTTACCAC
IBV,TCTTATTAA
IBV,TCTTGCTTA
IBV,TGGAGTGTA
IBV,TTATCTAAA
IBV,TTATTTACA
IBV,TTGTAAATA
IBV,ACTGGCATGCT
IBV,TTATTATAATT
IBV,ACTTCTAGTTT
IBV,AATAATTATA
IBV,AATACTAGTATT
IBV,AGGTGGTTGT
IBV,CTGTTTCATTA
IBV,GTTATTATAA
IBV,TAATACAGGTGGT
IBV,TAGTTAATGT
IBV,ACTGTAATTT
IBV,CAGTGCACTG
IBV,CATAGCTATG
IBV,CCATAGATG
IBV,CGTATCTAAA
IBV,GAGGTGCTT
IBV,GCCTACTCT
IBV,GTGTGCACTA
IBV,GTTAATACTA
IBV,GTTAATACT
IBV,TAATAATTA
IBV,TATAATTTA
IBV,TTATTATAATT
IBV,ACACTGTAA
IBV,AAACCATTA
IBV,AACAAAACT
IBV,ACTGTTGGT
IBV,ACTTAATAT
IBV,ACTTAATAT
IBV,ATAATAATA
IBV,ATAGTATTA
IBV,ATGGCACCT
IBV,CAATATGTT
IBV,CATTTTGTG
IBV,CTGTTGTAA
IBV,CTTCAAGGT
IBV,GCCTACTCT
IBV,GGTGGTGTTAATA
IBV,GGTTTTATT
IBV,GTAAAGGTG
IBV,GTATCTAAA
IBV,GTGTTAATA
IBV,GTTAATACTA
IBV,GTTAATACTA
IBV,TAACAGGCA
IBV,TAATATTACT
IBV,TAATATTACT
IBV,TATAATTTA
IBV,TATTACTAA
IBV,TGGAGTGTA
IBV,TGTACTCAT
IBV,TTATCTAAA
IBV,TTATTAACA
IBV,TTATTTACA
IBV,TTGTAAATA
IBV,ACTGGCATGCT
IBV,AAACTGATT
IBV,AATACTAGTATT
IBV,ACACATTGT
IBV,ACATTGTAG
IBV,ATAATAATT
IBV,ATTATACTCAA
IBV,GTGATGTTA
IBV,TAAAGTTAT
IBV,TAATAATTA
IBV,TTACTAACA
IBV,TTATAATAA
IBV,TTGTTTGCA
IBV,AAATTGCAATTT
IBV,AACTGCTGATTA
IBV,AACTGGTTCTCA
IBV,AAGTGGTAT
IBV,ACATCTTCG
IBV,ACCAAAGTG
IBV,ACCAGAAAC
IBV,AGTAAGAAT
IBV,ATGTGTCTA
IBV,GATGTTATT
IBV,GGACCCATA
IBV,TTTGCTTATAAGCAAA
IBV,CCTAATGTA
IBV,CTGTAAGCA
IBV,GTAATATTAC
IBV,GTAATATTA
IBV,TACATATGTA
IBV,TTAGTACTAA
IBV,AACAGATTCT
IBV,AACCATCTG
IBV,AATAAAAAT
IBV,ACTTCTAGTTT
IBV,ACTTTTTAT
IBV,AGATGTAAG
IBV,AGCCATAGA
IBV,ATAAAAATAC
IBV,ATTACTAAT
IBV,ATTACTAAT
IBV,CAACTCACG
IBV,CACTTAATA
IBV,CAGGTATGA
IBV,CATACTGCT
IBV,GAAGATCTTC
IBV,GAATCTGTTG
IBV,GTATCTAAA
IBV,GTGTATAAAC
IBV,TAACAACAT
IBV,TAATAATGGC
IBV,TATAATTATA
IBV,TATGGCAAG
IBV,TCATTACTA
IBV,TCATTATCT
IBV,TCTGTTGTAA
IBV,TGAAACAACT
IBV,TGCTAGAGA
IBV,TTAATCCCTG
IBV,TTAGTAATAAA
IBV,TTAGTAATA
IBV,TTCACTTCTA
IBV,TTGCATGTC
IBV,TTGCTTTAT
IBV,TTTCTGAGT
IBV,TTTGTGGTA
IBV,AAAGGTGTCTAT
IBV,ACTATTAATAGT
IBV,ATGTAATTC
IBV,ATTATGAAA
IBV,CTACTAATT
IBV,GCCTACTCT
IBV,TACTAATTT
IBV,TATTATAAT
IBV,TTATTATAATT
IBV,AGCTGCAGCT
IBV,ATAGCAGCAG
IBV,CGCGCCGCTG
IBV,GGCAGCTGCC
IBV,TATAGCTATA
IBV,TGCGCGCTG
IBV,TGCGCGCTG
IBV,TGCTATAGCA
IBV,AAACCATTA
IBV,AACAAAACT
IBV,ATAATAATA
IBV,CAATATGTT
IBV,CATTTTGTG
IBV,CTAGCATTA
IBV,CTGTTGTAA
IBV,GCCTACTCT
IBV,GGTTTTATT
IBV,GTAAAGGTG
IBV,GTATCTAAA
IBV,GTGTTAATA
IBV,TAACAGGCA
IBV,TAATAATTA
IBV,TAATATTACT
IBV,TAATATTACT
IBV,TATAATTTA
IBV,TATTACTAA
IBV,TCTTACCAC
IBV,TGGAGTGTA
IBV,TGTACTCAT
IBV,TTATTAACA
IBV,TTATTTACA
IBV,TTGAATGTG
IBV,TTGTAAATA
IBV,ACTTTAAAGT
IBV,AATTATAAT
IBV,ATTATAATT
IBV,TAATTCACCAA
IBV,TTATTATAATT
IBV,AAATTGCTG
IBV,ACTGGCATGCT
IBV,ACTGGTTCTCA
IBV,AGGTTTTAT
IBV,ATCTGTTGG
IBV,CACTTAATA
IBV,CCTGCAGTA
IBV,CTAGCATTA
IBV,GCAATTTTT
IBV,GCAATTTTT
IBV,GCCTGCAGT
IBV,GTATACAAA
IBV,GTCTATTAG
IBV,TAACAGTTA
IBV,TAAGTTTTG
IBV,TATAAAAAT
IBV,TATTATAAT
IBV,TATTTACAA
IBV,TCAACACAA
IBV,TGCCAGTAT
IBV,TGTATTGTT
IBV,TTACTAAGA
IBV,TTATTAATAGT
IBV,TTATTATAATT
IBV,TTGGTACTATT
IBV,TTTCTGAGTAG
IBV,TTTGCTTGT
IBV,TTTGTTGTA
IBV,TTTTATTAA
IBV,CATAGCTATG
IBV,GTGTGCACTA
IBV,GTTAATACTA
IBV,TAACTTAACA
IBV,TTATTATAATT
IBV,AACAAAACT
IBV,ACTGTTGGT
IBV,ACTTAATAT
IBV,ACTTAATAT
IBV,AGTGATCACT
IBV,AGTTTTAAGT
IBV,ATAATAATA
IBV,ATGAAAGAA
IBV,CAATATGTT
IBV,CAGTGCACTG
IBV,CATAGCTATG
IBV,CTAGCATTA
IBV,CTGTTGTAA
IBV,GAAGATCTTC
IBV,GCCTACTCT
IBV,GGAATGATAC
IBV,GGTTTTATT
IBV,GTAAAGGTG
IBV,GTATCTAAA
IBV,GTTAATACTA
IBV,GTTAATACT
IBV,TAACAGGCA
IBV,TATAATTTA
IBV,TCTTACCAC
IBV,TGGAGTGTA
IBV,TGGCTAGCCA
IBV,TGTTTCAACA
IBV,TTACTAAGA
IBV,TTCTCTTGA
IBV,TTGTCACACA
IBV,TTGTTTGCA
IBV,TTTGCACTA
IBV,TTTTGTGGTA
IBV,ACAAACTGCT
IBV,ACTCAACACAA
IBV,CATAGCTATG
IBV,TAATGAGACT
IBV,TTATAATAAT
IBV,TTATTATAATT
IBV,AAACAAAAC
IBV,AAACTGATT
IBV,AACTGATTT
IBV,ACTTATAAA
IBV,ATAATAATT
IBV,ATTCTTTGT
IBV,CACCAGATT
IBV,GCACCAGATGT
IBV,GCACCAGAT
IBV,ACTGTTGGT
IBV,GCCTACTCT
IBV,GTATCTAAA
IBV,TATAATTTA
IBV,TCTTGCTTA
IBV,TTATCTAAA
IBV,TTATTATAATT
IBV,ACACATTGT
IBV,ACTCAACACAA
IBV,GTGGTTTTGTG
IBV,TTATTATAATT
IBV,GGTCTCATT
IBV,TGTTGTATT
IBV,ACTTCTAGTTT
IBV,TTAGTAATAAA
IBV,ACTCAACACAA
IBV,TTATTATAATT
IBV,ATAAATTTAT
IBV,GGCAGCTGCC
IBV,TATAGCTATA
IBV,TGCTATAGCA
IBV,AACTGCTGATTA
IBV,AAGCAAGTGA
IBV,ACTGGTTCTCA
IBV,CTAAATTTAG
IBV,GTGGTTTTGTT
IBV,GTTATTATAA
IBV,TGATAATAAT
IBV,TTAGTTAAA
IBV,CATAGCTATG
IBV,GCCCTAGGGC
IBV,GTGTGCACTA
IBV,GTTAATACTA
IBV,TTATTATAATT
IBV,TTGTCACACA
IBV,AACAAAACT
IBV,AATAATGCC
IBV,ACCAGACAC
IBV,ACTTAATAT
IBV,ACTTAATAT
IBV,ATAATAATA
IBV,ATGGCACCT
IBV,CAATATGTT
IBV,CATTTTGTG
IBV,CTGTTGTAA
IBV,CTTCAAGGT
IBV,GCACTATTG
IBV,GCCTACTCT
IBV,GGTGGTGTTAATA
IBV,GGTTTTATT
IBV,GTAAAGGTG
IBV,GTATCTAAA
IBV,GTGTTAATA
IBV,GTTAATACT
IBV,TAACAGGCA
IBV,TAATAAGAA
IBV,TAATATTACT
IBV,TAATATTACT
IBV,TATAATTTA
IBV,TATTACTAA
IBV,TGGAGTGTA
IBV,TGTACTCAT
IBV,TTAATTATT
IBV,TTATCTAAA
IBV,TTATTAACA
IBV,TTATTGAAA
IBV,TTATTTACA
IBV,TTGTAAATA
IBV,TTTAATTAT
IBV,AATGAAAAAT
IBV,ACTGTAACTT
IBV,GTGTGCACTA
IBV,GTTAATACTA
IBV,TTATTATAATT
IBV,TTGTCACACA
IBV,ACTTCTAGTTT
IBV,ACTTCTAGTTT
IBV,CCATTTAAATGG
IBV,TTAGTAATAAA
IBV,AAACCATTA
IBV,ACTGTTGGT
IBV,ACTTAATAT
IBV,ACTTAATAT
IBV,ATAATAATA
IBV,CAATATGTT
IBV,CATTTTGTG
IBV,CTAGCATTA
IBV,CTGTTGTAA
IBV,GCCTACTCT
IBV,GCTGGTTTA
IBV,GGTTTTATT
IBV,GTAAAGGTG
IBV,GTGTTAATA
IBV,TAACAGGCA
IBV,TAATATTACT
IBV,TAATATTACT
IBV,TATAATTTA
IBV,TATTACTAA
IBV,TCTTACCAC
IBV,TCTTGCTTA
IBV,TGTACTCAT
IBV,TTAATACTA
IBV,TTATTAACA
IBV,TTATTTACA
IBV,TTGTAAATA
IBV,TTTGATTAT
IBV,AAACTATTA
IBV,AAGATCTTT
IBV,AATTATAATT
IBV,AATTATAAT
IBV,AATTTCACC
IBV,ACTTAATAT
IBV,AGAACATGT
IBV,AGACTGTTTA
IBV,AGAGTGATG
IBV,AGCCTATGG
IBV,AGCTGCAGCT
IBV,AGTTAAAGA
IBV,AGTTTTAATT
IBV,ATAATAATA
IBV,ATGAAAAAC
IBV,ATTAACATA
IBV,ATTAATAAT
IBV,ATTATAATT
IBV,ATTTTGTGGTA
IBV,ATTTTGTGG
IBV,CAATATGTT
IBV,CACCTTTACA
IBV,CTAGCATTA
IBV,CTTTGGTTT
IBV,GAATATAAT
IBV,GGAATGATAC
IBV,GGTTTTATT
IBV,GTAAAGGTG
IBV,GTGTTAACAC
IBV,GTGTTAACA
IBV,GTTTATAAG
IBV,TAATAAGGC
IBV,TAATTCACCAA
IBV,TACAAATGTA
IBV,TACTAAAGAT
IBV,TACTATAGC
IBV,TCTGAGTAG
IBV,TGAATATAA
IBV,TGGTTTAGT
IBV,TGTTTCAACA
IBV,TTAATAATA
IBV,TTAATTTGA
IBV,TTAATTTTT
IBV,TTAGTTAAA
IBV,TTATAATAAT
IBV,TTATTATAATT
IBV,TTCTTTAAC
IBV,TTGTATAAAA
IBV,TTGTTTGCA
IBV,TTTAGCAGA
IBV,TTTGACAAC
IBV,TTTGTGGTA
IBV,TTTTATTTACA
IBV,TTTAGGCCA
IBV,ACTTCTAGTTT
IBV,AATGCACAC
IBV,TATAATTTA
IBV,ACTTCTAGTTT
IBV,TTAGTAATAAA
IBV,ACTGGCATGCT
IBV,AGTTATAACT
IBV,ATTCACTTT
IBV,CACTTTCAGT
IBV,GGCAATTTT
IBV,TATAACTGGC
IBV,TATTATAAT
IBV,TCAACACAA
IBV,TGCCAGTAT
IBV,TTATAAACA
IBV,TTATAATAAT
IBV,TTATTATAATT
IBV,ACTCAACACAA
IBV,TTATTATAATT
IBV,ACCGCGCCGC
IBV,ATAAATTTAT
IBV,CGCCGCCGC
IBV,GCAACGCGG
IBV,GCGGGCAGC
IBV,GCTTTAAAA
IBV,GGCAGCTGCC
IBV,GGCGGCGCG
IBV,TATAGCTATA
IBV,TGCGCGCTG
IBV,TGCTATAGCA
IBV,AAAGTAGTGTTAACACTACTTT
IBV,GGTCTCATT
IBV,ACTCAACACAA
IBV,TTATTATAATT
IBV,AAATTATAGTA
IBV,CATAGCTATG
IBV,GCCTATAGGC
IBV,GTGTGCACTA
IBV,GTTAATACTA
IBV,TAACTTAACA
IBV,ACTCAACACAA
IBV,CAGTTTCATTA
IBV,TTATTATAATT
IBV,AGCTGCAGCT
IBV,CGCGCCGCTG
IBV,CTGCTGCTAT
IBV,GGCAGCTGCC
IBV,TATAGCTATA
IBV,TGCGCGCTG
IBV,TGCGCGCTG
IBV,TGCTATAGCA
IBV,ACATTAAAA
IBV,ACCTAATGG
IBV,ACTGGCATGCT
IBV,ACTGGTTCTCA
IBV,AGGTTTTAT
IBV,ATCTGTTGG
IBV,CACAAACAG
IBV,CACTTAATA
IBV,CATTAAAATCA
IBV,CTTCAAAAGAA
IBV,GCAATTTTT
IBV,GCAATTTTT
IBV,GGTACTATT
IBV,GTAAAGGTG
IBV,TAACAGTTA
IBV,TAAGTTTTG
IBV,TATTATAAT
IBV,TGCCAGTAT
IBV,TGTATAAAA
IBV,TGTATTGTT
IBV,TGTTGGTAA
IBV,TTACTAAGA
IBV,TTATAATAA
IBV,TTATTATAATT
IBV,TTGTTATAA
IBV,TTTGCTTGT
IBV,TTTGTTGTA
IBV,TTTTGAGTA
IBV,AAACCATTA
IBV,ACTGTTGGT
IBV,ACTTAATAT
IBV,ATAATAATA
IBV,ATAATCAAA
IBV,CAATATGTT
IBV,CATTTTGTG
IBV,CTAGCATTA
IBV,CTGGCTTGT
IBV,CTGTTGTAA
IBV,GCCTACTCT
IBV,GCTGGTTTA
IBV,GGTTTTATT
IBV,GTATCTAAA
IBV,TAACAGGCA
IBV,TAATATTACT
IBV,TAATATTACT
IBV,TATAATTTA
IBV,TATTACTAA
IBV,TCTTACCAC
IBV,TCTTGCTTA
IBV,TGGAGTGTA
IBV,TGTACTCAT
IBV,TTATCTAAA
IBV,TTATTAACA
IBV,TTATTTACA
IBV,TTGTAAATA
IBV,AAATTACACCTACTAC
IBV,ATTAATATTAAT
IBV,CAACATGTTG
IBV,CACTAGTACT
IBV,CTTCTAATT
IBV,GAACCTGTAGC
IBV,GTGTCTATG
IBV,TACTAGTGTT
IBV,TAGCTAGTA
IBV,TAGTAATAA
IBV,TAGTAGGTGTAA
IBV,TATTAGTAA
IBV,TATTTATAA
IBV,TCTATTAATAGA
IBV,TTAAATTTAA
IBV,TTATGCAAA
IBV,TTTATAATA
IBV,ACAGTTTTA
IBV,ACTTAATAT
IBV,ACTTAATAT
IBV,ATAATAATA
IBV,CAATATGTT
IBV,CAGTTTTAT
IBV,CATAGCTATG
IBV,CATTTTGTG
IBV,CTGTTGTAA
IBV,GATAAGGTCC
IBV,GATGTTAAT
IBV,GCCCTAGGGC
IBV,GCCTACTCT
IBV,GCTGGTTTA
IBV,GGAATGATAC
IBV,GTAAAGGTG
IBV,GTATCTAAA
IBV,GTCATTAAG
IBV,GTGTGCACTA
IBV,GTTAATACTA
IBV,TAATAAAAC
IBV,TAATATTACT
IBV,TAATATTACT
IBV,TACTGATGT
IBV,TATTACTAA
IBV,TCTTGCTTA
IBV,TGGACCTGT
IBV,TGGCTAGCCA
IBV,TGTACTCAT
IBV,TGTTTCAACA
IBV,TTATTAACA
IBV,TTATTTACA
IBV,TTGTAAATA
IBV,TTGTCACACA
IBV,TTTCAACAA
IBV,TTTTGTGGTA
IBV,AAAGTAGTGTTAACACTACTTT
IBV,AAACCATTA
IBV,AACAAAACT
IBV,AAGATCTTT
IBV,AATCTTTTC
IBV,ACCATTTTG
IBV,ACTGTTGGT
IBV,ACTTAATAT
IBV,ACTTAATAT
IBV,ATAATAATA
IBV,ATGAAAGAA
IBV,ATTTTGTGGTA
IBV,CATTTTGTG
IBV,CTAGCATTA
IBV,CTGTTGTAA
IBV,GCCTACTCT
IBV,GGTTTTATT
IBV,GTAAAGGTG
IBV,TAATAAGAA
IBV,TAATAAGGC
IBV,TAATAATTA
IBV,TATAATTTA
IBV,TCTTACCAC
IBV,TGTACTCAT
IBV,TTACTAAGA
IBV,TTATTATAATT
IBV,TTGTAAATA
IBV,TTTTATTTACA
IBV,GTTTATAAAC
IBV,TTATTATAA
IBV,ACATTGTAG
IBV,TTACTAACA
IBV,ACTGTTGGT
IBV,GCCTACTCT
IBV,GTATCTAAA
IBV,TATAATTTA
IBV,TCTTGCTTA
IBV,TTAATACTA
IBV,TTATTATAATT
IBV,AAACAATTT
IBV,AAACCATTA
IBV,AAATGGTAT
IBV,AAGATCTTT
IBV,ACTTAATAT
IBV,ATAATAATA
IBV,ATGAAAGAA
IBV,CATAGCTATG
IBV,CGTATCTAAA
IBV,CTAGCATTA
IBV,CTAGCTTGT
IBV,CTATACCATT
IBV,CTGTTGTAA
IBV,GCCTACTCT
IBV,GGTTTTATT
IBV,GTAAAGGTG
IBV,GTCTATAAT
IBV,GTGTGCACTA
IBV,GTTAATACTA
IBV,TAACAAAACT
IBV,TAACAGGCA
IBV,TCTTTAAAGA
IBV,TGGAGTGTA
IBV,TGGCTAGCCA
IBV,TGTACTCAT
IBV,TGTTTCAACA
IBV,TTACTAAGA
IBV,TTATCTAAA
IBV,TTATTATAATT
IBV,TTCTCTTGA
IBV,TTGTAAATA
IBV,TTTTATTTACA
IBV,TTTTGTGGTA
IBV,TATGCAAGA
IBV,TGCATAGTT
IBV,CATAGCTATG
IBV,GCCCTAGGGC
IBV,GTGTGCACTA
IBV,GTTAATACTA
IBV,TAACTTAACA
IBV,TTATTATAATT
IBV,ACTGGCATGCT
IBV,ACTGGTTCTCA
IBV,AGTTATAACT
IBV,TATAACTGGC
IBV,TTATAATAAT
IBV,TTATTAATAGT
IBV,TTATTATAATT
IBV,TTCATATGAA
IBV,ATAATAATA
IBV,ATAATAATA
IBV,AATTATAATT
IBV,AATTATAAT
IBV,ACTGGCTGGC
IBV,ATTATAATT
IBV,CACCTTTACA
IBV,GTGTTAACAC
IBV,TAATTCACCAA
IBV,TTATAATAAT
IBV,TTATTATAATT
IBV,AACACCACC
IBV,ACCACCTTG
IBV,GTGTTAACAC
IBV,GTTTATAAAC
IBV,TCTAAATTTAGA
IBV,CTAAATTTAG
IBV,GCACCATTAA
IBV,ACTCAACACAA
IBV,CAGTTTCATTA
IBV,TTATTATAATT
IBV,ACACTGTAA
IBV,ACAAACTGCT
IBV,ACTCAACACAA
IBV,TAATGAGACT
IBV,TGCGGAATCA
IBV,TTATAATAAT
IBV,TTATTATAATT
IBV,CATTGCAATG
IBV,AAATAAGCC
IBV,ACCATTTTG
IBV,ACTGTAATTT
IBV,ACTGTTGGT
IBV,ACTTAATAT
IBV,AGTTTTAATT
IBV,ATAATAATA
IBV,CAATATGTT
IBV,CACAAAATCAC
IBV,CATAGCTATG
IBV,CCATAGATG
IBV,CCATTAACAG
IBV,CTAGCATTA
IBV,CTATACCATT
IBV,GCATTTGCA
IBV,GCCTACTCT
IBV,GCTGGTTTA
IBV,GGAATGATAC
IBV,GGTTTTATT
IBV,GTGTATAAA
IBV,GTGTGCACTA
IBV,GTTAATACTA
IBV,TAATACCAC
IBV,TAATATTACT
IBV,TACCACAAA
IBV,TATTACTAA
IBV,TCACATTAG
IBV,TCACTAATG
IBV,TCCATACGT
IBV,TCTTATTAAG
IBV,TGGTTCTCA
IBV,TGTTAATGGT
IBV,TTACTCATT
IBV,TTATTATAATT
IBV,TTATTGAAG
IBV,TTGACAGGCT
IBV,TTGTATACAA
IBV,TTTTATTTACA
IBV,TTTTGAGTG
IBV,TTTTGCAAAA
IBV,AGACCACCA
IBV,TTTGCACTA
IBV,ACACTGTAA
IBV,ACCAGAAACTA
IBV,TAGTATTAATACTA
IBV,TATTATAAT
IBV,TCAACACAA
IBV,TGCCAGTAT
IBV,TTATAATAA
IBV,TTATTATAATT
IBV,ATCTGTTGG
IBV,TTATTATAATT
IBV,AACAGATTCT
IBV,AACCATCTG
IBV,AATAAAAAT
IBV,AATCTGTTT
IBV,ACTTCTAGTTT
IBV,ACTTTTTAT
IBV,AGATGTAAG
IBV,AGCCATAGA
IBV,ATAAAAATAC
IBV,ATTACTAAT
IBV,ATTACTAAT
IBV,CAACTCACG
IBV,CAAGGTCCT
IBV,CACTTAATA
IBV,CAGGTATGA
IBV,CATACTGCT
IBV,CATTTAAAT
IBV,GAAGATCTTC
IBV,GAATCTGTTG
IBV,GTATCTAAA
IBV,GTGTATAAAC
IBV,TAACAACAT
IBV,TAATAATGGC
IBV,TATAATTATA
IBV,TATGGCAAG
IBV,TCATTACTA
IBV,TCATTATCT
IBV,TCTGTTGTAA
IBV,TGAAACAACT
IBV,TGCTAGAGA
IBV,TTAATCCCTG
IBV,TTAGTAATAAA
IBV,TTAGTAATA
IBV,TTCACTTCTA
IBV,TTGCATGTC
IBV,TTGCTTTAT
IBV,TTTCTGAGT
IBV,TTTGTGGTA
IBV,AACAAAACT
IBV,AAGGTTTAT
IBV,AATAATTAT
IBV,AATTTAACA
IBV,ACAAAACTACT
IBV,ACCATTTTG
IBV,ACTCATCATC
IBV,ACTTAATAT
IBV,AGTTATAACT
IBV,ATAATAATA
IBV,ATAATATTAT
IBV,ATTACATCA
IBV,ATTATGAAA
IBV,ATTCACTTT
IBV,ATTTTGTGGTA
IBV,ATTTTGTGG
IBV,CAATATGTT
IBV,CAATTTCAC
IBV,CATTTTGTG
IBV,CTAGCATTA
IBV,CTATACCATT
IBV,CTTCAAGGT
IBV,GGTACTGTG
IBV,GGTTTTATT
IBV,GTATACAAA
IBV,GTATCTAAA
IBV,GTGTATAAA
IBV,GTGTGCACTA
IBV,TAACAGTTA
IBV,TAATAAGGC
IBV,TAATAATTA
IBV,TAATATTACT
IBV,TAATATTAT
IBV,TACTAATAA
IBV,TACTGATGT
IBV,TATAATCAA
IBV,TATTACTAA
IBV,TATTATAAT
IBV,TCAACACAA
IBV,TGTTAACAAC
IBV,TTAAATCTTT
IBV,TTAATTATT
IBV,TTATAATCAA
IBV,TTATAATCA
IBV,TTATTATAATT
IBV,TTATTTACA
IBV,TTGTATACAA
IBV,TTGTTAACAA
IBV,TTTGTGGTA
IBV,GTGTATACAC
IBV,AAACTTACCA
IBV,AAATAGTGT
IBV,AACTTGTTGT
IBV,AAGGTCCTT
IBV,AATCTACCAG
IBV,AATTGCCACAA
IBV,ACACTATTT
IBV,ACCCAGTCA
IBV,ACTGGCATGCT
IBV,ACTGGTTCTCA
IBV,AGGTTTTAT
IBV,AGTTATAACT
IBV,ATAGGTACT
IBV,ATCAAAATCA
IBV,ATCTGTTGG
IBV,CACTTAATA
IBV,CCAGTTATAA
IBV,CTAGCATTA
IBV,CTGTTGGTA
IBV,CTTCATCTG
IBV,GCAATTTTT
IBV,GCTGGCTTTA
IBV,GTAAAGGTG
IBV,GTATACAAA
IBV,TAACAGTTA
IBV,TAAGTTTTG
IBV,TATAACTGGC
IBV,TATTATAAT
IBV,TCAACACAA
IBV,TCCTTAAGGA
IBV,TGCCAGTAT
IBV,TGGTACTATT
IBV,TGTTGGTAA
IBV,TTATAAACA
IBV,TTATAATAAT
IBV,TTATTATAATT
IBV,TTATTTACA
IBV,TTCATATGAA
IBV,TTCTGAGTAG
IBV,TTGGTACTATT
IBV,TTGTATAAAA
IBV,TTTGCTTGT
IBV,ACTAATATTAGT
IBV,ATGAGAAAT
IBV,GTATTATTA
IBV,TAAAATTAT
IBV,TGGTCTAAA
IBV,TTATAATAA
IBV,TTATTATAATT
IBV,ACTGTTGGT
IBV,CATAGCTATG
IBV,GCCCTAGGGC
IBV,GTGTGCACTA
IBV,TAATAAAAC
IBV,TATAATCAA
IBV,TATAATTTA
IBV,TATTATAAT
IBV,TCTTGCTTA
IBV,TTAATACTA
IBV,TTATTATAATT
IBV,TTGTCACACA
IBV,TTATTATAATT
IBV,ACTGGCATGCT
IBV,ATTATTATAATT
IBV,ACTTCTAGTTT
IBV,TTAGTAATAAA
IBV,ACTCAACACAA
IBV,TTATTATAATT
IBV,ATACTAGTAT
IBV,TGCAATTGCA
IBV,ACACTGTAA
IBV,AAGGCCATT
IBV,AATGGTATA
IBV,ACCTAGTAG
IBV,ACTAACATA
IBV,ACTAACATA
IBV,AGAAGACTT
IBV,AGGTCCCGC
IBV,ATAATTATA
IBV,ATTATAATTATAAT
IBV,CAATATGTT
IBV,CACTGTAAC
IBV,CGTTTACTACT
IBV,CTAGCATTA
IBV,GAGAAAGTA
IBV,GTAAAGGTG
IBV,GTAGTGTTAACACTAC
IBV,GTGTTAACA
IBV,TACTAACAT
IBV,TAGCCATGA
IBV,TCATTACTA
IBV,TCTCTTGGC
IBV,TGTTAACACTA
IBV,TGTTTGATA
IBV,TTAATTTGA
IBV,TTGACACAC
IBV,TTGTAAATA
IBV,TTGTTAACA
IBV,TTGTTAACA
IBV,TTTTATATT
IBV,ACCAAAGTGC
IBV,GCCCTAGGGC
IBV,GTGTGCACTA
IBV,GTTAATACTA
IBV,TAACTTAACA
IBV,TTATTATAATT
IBV,TTGTCACACA
IBV,AATACTAGTATT
IBV,AAAAATTTTT
IBV,CAATGCATTG
IBV,CTTTTAAAAG
IBV,GTTTACTACT
IBV,AATAATTATT
IBV,ACAGAAGAAT
IBV,ACATTATTAA
IBV,ACTCAATTGAGT
IBV,ACTTACTCAT
IBV,ATGTATCTAA
IBV,ATTTTGCGGT
IBV,CACCTGCAGGTG
IBV,CCTACTGTAAA
IBV,CTTTAGACCA
IBV,GGAAATCTTT
IBV,GGTTTTATTA
IBV,GTAATATTAT
IBV,GTATCAAACCC
IBV,GTTACATTTT
IBV,TATTCAATATGT
IBV,TCAGGTATGA
IBV,TGCATATGCA
IBV,TGGAAACTCA
IBV,TTATAATAAT
IBV,TTCAATATGT
IBV,AAAAGTTGT
IBV,AACCTCTTTTA
IBV,AAGTGCTTTTA
IBV,ACAATATGTT
IBV,ACTCTTTTG
IBV,ACTGTTGGT
IBV,ACTTAATGT
IBV,AGAGTGGCT
IBV,AGTAAGAAT
IBV,ATGGCCTTA
IBV,ATTGTTATAA
IBV,ATTTCTGCT
IBV,CAATATGTT
IBV,CAATATGTT
IBV,CAATTAATTG
IBV,CACAGAACC
IBV,CACCTAGAG
IBV,CACCTTTACA
IBV,CATGTACATG
IBV,CATTTCTGC
IBV,CTAATATTAG
IBV,CTAGCATTA
IBV,GAATATGGCC
IBV,GCAATTAATT
IBV,GCAATTTTT
IBV,GGTCTCATT
IBV,GGTTTTATT
IBV,GTAAAGGTG
IBV,GTTAGAACA
IBV,TAATAATGG
IBV,TACTAATGT
IBV,TATAAAAGA
IBV,TATTTAAAC
IBV,TCAATTAAT
IBV,TCATTCCAC
IBV,TCTGTTGTAA
IBV,TCTTACCAC
IBV,TCTTTAACAA
IBV,TGCTAGAGA
IBV,TGTATAAAA
IBV,TTGTAAATA
IBV,TTGTAAGCAAT
IBV,TTGTTAACAA
IBV,TTTGTGGTA
IBV,ACACATTGT
IBV,AAAGTAGTGTTAACACTACTTT
IBV,TACATATGTA
IBV,TTAGTACTAA
IBV,ACTTCTAGTTT
IBV,TTAGTAATAAA
IBV,TTATTATAATT
IBV,ACCATTAACAG
IBV,ACTTAATAT
IBV,ATAATAATA
IBV,ATGAAAAAT
IBV,ATTTTGTGGTA
IBV,CAATATGTT
IBV,CCATAGATG
IBV,GACCATATT
IBV,GGTTTTATT
IBV,GTATCTAAA
IBV,GTCACAGAC
IBV,GTGTATAAA
IBV,GTGTTAATA
IBV,TAACAGGCA
IBV,TAACAGTTA
IBV,TAATAAGAA
IBV,TAATAAGGC
IBV,TATAATTTA
IBV,TATTACTAA
IBV,TCCATACGT
IBV,TGGTTCTCA
IBV,TTATTAAAG
IBV,TTATTAACA
IBV,TTATTATAATT
IBV,TTCTTGCTT
IBV,TTGTTTGCA
IBV,TTTGTGGTA
IBV,TTATTATAATT
IBV,AAACCATTA
IBV,ACACTAATAA
IBV,ACTGTTGGT
IBV,ACTTAATAT
IBV,ACTTAATAT
IBV,AGTTTTAAGT
IBV,ATAATAATA
IBV,CATAGCTATG
IBV,CATTTTGTG
IBV,CTAGCATTA
IBV,CTGTTGTAA
IBV,GCCTACTCT
IBV,GCTGGTTTA
IBV,GGAATGATAC
IBV,GGTGGTGTTA
IBV,GTAAAGGTG
IBV,GTATCTAAA
IBV,GTGTGCACTA
IBV,GTGTTAATA
IBV,TAACAGGCA
IBV,TAATATTACT
IBV,TAATATTACT
IBV,TATAATTTA
IBV,TATTACTAA
IBV,TCTTGCTTA
IBV,TGGAGTGTA
IBV,TGGCTAGCCA
IBV,TGTACTCAT
IBV,TGTTTCAACA
IBV,TTAATACTA
IBV,TTATTAACA
IBV,TTATTTACA
IBV,TTGTAAATA
IBV,TTGTCACACA
IBV,TTTTGTGGTA
IBV,AATAATTATA
IBV,AATACTAGTATT
IBV,AGGTGGTTGT
IBV,CTGTTTCATTA
IBV,GTTATTATAA
IBV,TAATACAGGTGGT
IBV,TAGTTAATGT
IBV,ACTTCTAGTTT
IBV,GCAACTTGTT
IBV,TAAACACCCT
IBV,TATAATTATA
IBV,TTAGTAATAAA
IBV,TTCACTTCTA
IBV,AATAGCACT
IBV,ACCAAAGTGC
IBV,ACTGTTGGT
IBV,ACTTAATAT
IBV,ATGTTAAGT
IBV,CAATATGTT
IBV,CATTTTGTG
IBV,CTAGCATTA
IBV,CTGTTGTAA
IBV,GACCATATT
IBV,GCCCTAGGGC
IBV,GCCTACTCT
IBV,GCTGGTTTA
IBV,GGAATGATAC
IBV,GGTGGTGTTA
IBV,GGTTTTATT
IBV,GTAAAGGTG
IBV,GTATCTAAA
IBV,GTGTGCACTA
IBV,GTGTTAATA
IBV,GTTAATACTA
IBV,TAACAGGCA
IBV,TAACTTAACA
IBV,TATTACTAA
IBV,TCTTGCTTA
IBV,TGGCTAGCCA
IBV,TGTACTCAT
IBV,TGTTTCAACA
IBV,TTATTAACA
IBV,TTATTTACA
IBV,TTGTAAATA
IBV,TTGTCACACA
IBV,TTTTGTGGTA
IBV,ACTTAATAT
IBV,ACTTAATAT
IBV,CATAGCTATG
IBV,GGAATGATAC
IBV,GGTGGTGTTA
IBV,GTGTGCACTA
IBV,GTTAATACTA
IBV,TAACTTAACA
IBV,TAATATTACT
IBV,TAATATTACT
IBV,TGGCTAGCCA
IBV,TGTTTCAACA
IBV,TTGTCACACA
IBV,TTTTGTGGTA
IBV,AAACTGGTG
IBV,AAGACCTTG
IBV,ACACATTGT
IBV,ACCATTTTG
IBV,ACTAACATA
IBV,ACTCTGCTT
IBV,AGGTTTTAT
IBV,ATACTGCAG
IBV,ATAGTGTTT
IBV,ATGTTAGTG
IBV,CACAAACAG
IBV,CACTTAATA
IBV,CAGTAAGAA
IBV,CATTTAAGT
IBV,CCATAACTT
IBV,CCTAATAGA
IBV,CTAGCATTA
IBV,CTGCACCAC
IBV,CTTACTCAT
IBV,GTAAAGGTG
IBV,GTAGTCCTA
IBV,GTATACAAA
IBV,GTCTATTAG
IBV,TAAATAATT
IBV,TACAAAGTT
IBV,TATTATAAT
IBV,TATTGATAGTG
IBV,TCAACACAA
IBV,TCTGCTTGTAT
IBV,TCTTACCAC
IBV,TGACAATTC
IBV,TGACACTAT
IBV,TGGATCTTA
IBV,TTATTATAATT
IBV,TTTCTGAGTAG
IBV,TTTGTTGTA
IBV,ACACTGTAA
IBV,TTCTATAGAA
IBV,CATAGCTATG
IBV,GCCCTAGGGC
IBV,GTGTGCACTA
IBV,GTTAATACTA
IBV,TAACTTAACA
IBV,TTATTATAATT
IBV,TTGTCACACA
IBV,CATAGCTATG
IBV,GTGTGCACTA
IBV,GTTAATACTA
IBV,TGCGTTAATA
IBV,TTATTATAATT
IBV,GTGTTAACAC
IBV,TTAGTTAAA
IBV,ACTGTTGGT
IBV,CCATAGATG
IBV,GCCTACTCT
IBV,GTATCTAAA
IBV,TATAATTTA
IBV,TTAATACTA
IBV,TTATCTAAA
IBV,TTATTATAATT
IBV,TTATTATAATT
IBV,CATAGCTATG
IBV,GTGTGCACTA
IBV,GTGTTAACAC
IBV,ACTGGCATGCT
IBV,AGTTATAACT
IBV,ATTCACTTT
IBV,CACTTTCAGT
IBV,GGCAATTTT
IBV,TATAACTGGC
IBV,TATTATAAT
IBV,TCAACACAA
IBV,TGCCAGTAT
IBV,TTATAAACA
IBV,TTATAATAAT
IBV,TTATTATAATT
IBV,CCTAATGTA
IBV,CTGTAAGCA
IBV,GTAATATTAC
IBV,GTAATATTA
IBV,TACATATGTA
IBV,TTAGTACTAA
IBV,TTATTATAATT
IBV,AAAGCGCTTT
IBV,ATCAGTCAC
IBV,ATGAAAAATT
IBV,ATGAGAAAT
IBV,GGCATTTAC
IBV,GTATTATTA
IBV,TAAAATTAT
IBV,TAATACTACT
IBV,TAGTAATTA
IBV,TTACTAGTAA
IBV,TTATAATAA
IBV,TTATTATAATT
IBV,TACAGCAAT
IBV,AACACCACC
IBV,ACCACCTTG
IBV,GTGTTAACAC
IBV,GTTTATAAAC
IBV,ACCTGCAGGT
IBV,TTAATAAGCTTATTAA
IBV,AAACTTACCA
IBV,AATCTACCAG
IBV,AATTGCCACAA
IBV,ACCCAGTCA
IBV,ACTGGCATGCT
IBV,AGGTTTTAT
IBV,AGTTATAACT
IBV,ATCAAAATCA
IBV,ATCTGTTGG
IBV,ATTCACTTT
IBV,CAATTTCACT
IBV,CACTTAATA
IBV,CACTTTCAGT
IBV,CCAGTTATAA
IBV,CCATTAGGT
IBV,CCTGCAGTA
IBV,CTGTTGGTA
IBV,CTTACTCAT
IBV,GCAATTTTT
IBV,GCAATTTTT
IBV,GCCTGCAGT
IBV,GGCAATTTT
IBV,GTAAAGGTG
IBV,GTATACAAA
IBV,TAAGTTTTG
IBV,TATAACTGGC
IBV,TATTATAAT
IBV,TCAACACAA
IBV,TGCATACTG
IBV,TGCCAGTAT
IBV,TGTTGGTAA
IBV,TTACTAAGA
IBV,TTATAAACA
IBV,TTATAATAAT
IBV,TTATTATAATT
IBV,TTCTGAGTAG
IBV,TTGTATAAAA
IBV,TTTGCTTGT
IBV,AAATAATTT
IBV,ACATTATTT
IBV,ATTAATAAA
IBV,TAAAATTAT
IBV,TAATATAAC
IBV,TGAAAAGAA
IBV,TGATTTAAATCA
IBV,TGTTGATTA
IBV,TTATAATAATT
IBV,AATTGCCACAA
IBV,ACTGGCATGCT
IBV,ACTGGTTCTCA
IBV,CATTAAAATCA
IBV,GCAATTTTT
IBV,GCAATTTTT
IBV,TTATTAATAGT
IBV,TTATTATAATT
IBV,TTGGTACTATT
IBV,TTTCTGAGTAG
IBV,AAACCATTA
IBV,AAACCATTA
IBV,AACAAAACT
IBV,ACTGTTGGT
IBV,ACTTAATAT
IBV,ACTTAATAT
IBV,ATAATAATA
IBV,CAATATGTT
IBV,CCATAGATG
IBV,CTAGCATTA
IBV,CTAGCTTGT
IBV,CTGTTGTAA
IBV,GCTGGTTTA
IBV,GGTGGTGTTAATA
IBV,GGTTTTATT
IBV,GTAAAGGTG
IBV,GTGTTAATA
IBV,TAACAGGCA
IBV,TAATATTACT
IBV,TAATATTACT
IBV,TATTACTAA
IBV,TCTTGCTTA
IBV,TGGAGTGTA
IBV,TGTACTCAT
IBV,TTAATACTA
IBV,TTATCTAAA
IBV,TTATTAACA
IBV,TTATTTACA
IBV,TTGTAAATA
IBV,AATGAAAAAT
IBV,ACTGTAACTT
IBV,GTGTGCACTA
IBV,GTTAATACTA
IBV,TTATTATAATT
IBV,TTGTCACACA
IBV,TTATTATAATT
IBV,AAACCATTA
IBV,ACTGTTGGT
IBV,CATAGCTATG
IBV,GCCCTAGGGC
IBV,GCCTACTCT
IBV,GTATCTAAA
IBV,GTGTGCACTA
IBV,GTTAATACTA
IBV,GTTAATACT
IBV,TAACTTAACA
IBV,TCTTGCTTA
IBV,TTATTATAATT
IBV,TTGTCACACA
IBV,AACACTACAC
IBV,AATTTCACT
IBV,ACAACAACA
IBV,ACAACTTGT
IBV,ACCACCTAA
IBV,ACTTAATATAAGT
IBV,AGCACCAGAT
IBV,AGCACCAGA
IBV,AGCTATAGCT
IBV,ATAAATATC
IBV,ATGGTTTGC
IBV,CAAAAAGAA
IBV,CACTTAATA
IBV,CCTGCAGTA
IBV,CCTGCAGTA
IBV,GATGAAGAT
IBV,GATTTAAATC
IBV,GCCTGCAGT
IBV,GCTATAAGTC
IBV,GTAAAGGTG
IBV,GTGTATAAG
IBV,TAATTTTAA
IBV,TAGCTCACG
IBV,TAGTGTTAACACTA
IBV,TATTATAAT
IBV,TCAGGTATGA
IBV,TCTAATATA
IBV,TGCATATGCA
IBV,TTACTAAGA
IBV,TTGTATAAAA
IBV,TTGTTAACAA
IBV,TTTCAACAA
IBV,TTTCTGAGT
IBV,TTTTATAAT
IBV,TTTTCAAATG
IBV,TTTTGTGGTA
IBV,CATAGCTATG
IBV,GTGTGCACTA
IBV,GTTAATACTA
IBV,TGCGTTAATA
IBV,TTATTATAATT
IBV,TTGTCACACA
IBV,CTGTAAGCA
IBV,GTAATATTAC
IBV,GTAATATTA
IBV,TACATATGTA
IBV,TTAGTACTAA
IBV,ATTGTTTAC
IBV,CTTTAATTAAAG
IBV,GATAACTCA
IBV,TAACACCAC
IBV,TAATTATAC
IBV,TATAATGGT
IBV,TATTATAAT
IBV,AACAAAACT
IBV,AATAATGCC
IBV,ACCAGACAC
IBV,ACTTAATAT
IBV,ACTTAATAT
IBV,ATAATAATA
IBV,ATGGCACCT
IBV,CAATATGTT
IBV,CATTTTGTG
IBV,CTGTTGTAA
IBV,CTTCAAGGT
IBV,GCCTACTCT
IBV,GGTGGTGTTAATA
IBV,GGTTTTATT
IBV,GTAAAGGTG
IBV,GTATCTAAA
IBV,GTGTTAATA
IBV,GTTAATACT
IBV,TAACAGGCA
IBV,TAATAAGAA
IBV,TAATATTACT
IBV,TAATATTACT
IBV,TATAATTTA
IBV,TATTACTAA
IBV,TGGAGTGTA
IBV,TGTACTCAT
IBV,TTATCTAAA
IBV,TTATTAACA
IBV,TTATTTACA
IBV,TTGTAAATA
IBV,ATTGCTTAC
IBV,TATAATTTA
IBV,AATTTTGTA
IBV,ACAAAATTA
IBV,ATAACAATG
IBV,TGACCTTGT
IBV,TGTTGGTTA
IBV,TTATAATAA
IBV,TTATTATAATT
IBV,TTATTTAAA
IBV,TTTTCTAAT
IBV,AAACCATTA
IBV,AACAAAACT
IBV,AATAATAAT
IBV,AATTATAATAA
IBV,ACTGTTGGT
IBV,ACTTAATAT
IBV,ACTTAATAT
IBV,ATAATAATA
IBV,ATAATAATA
IBV,CAATATGTT
IBV,CATTTTGTG
IBV,CTAGCATTA
IBV,CTGTTGTAA
IBV,GCCTACTCT
IBV,GCTGGTTTA
IBV,GGTTTTATT
IBV,GTAAAGGTG
IBV,GTATCTAAA
IBV,GTGTTAATA
IBV,TAATATTACT
IBV,TAATATTACT
IBV,TACTGATGT
IBV,TATAATTTA
IBV,TATTACTAA
IBV,TCTTACCAC
IBV,TCTTGCTTA
IBV,TGGAGTGTA
IBV,TGTACTCAT
IBV,TTATTATAATT
IBV,TTATTTACA
IBV,TTGTAAATA
IBV,CATAGCTATG
IBV,GCCCTAGGGC
IBV,GTGTGCACTA
IBV,GTTAATACTA
IBV,TTATTATAATT
IBV,TTGTCACACA
IBV,TATAATTTA
IBV,TTATTATAATT
IBV,TTATTATAATT
IBV,ACCCTGCAT
IBV,ACTGTTGGTT
IBV,AGTTATAACT
IBV,ATTATGAAA
IBV,CAAAATTTTG
IBV,CATAATTATG
IBV,GACGTCTAT
IBV,GTGTGCACTA
IBV,TACAACAAA
IBV,TATAATCAA
IBV,TATTATAAT
IBV,TCAACACAA
IBV,TGGTTCTCA
IBV,TTATTATAATT
IBV,ATAATATTAT
IBV,CCTTTAACAG
IBV,TATAATTTA
IBV,ACTTAATAT
IBV,ACTTAATAT
IBV,CATAGCTATG
IBV,GCCCTAGGGC
IBV,GGAATGATAC
IBV,GTGTGCACTA
IBV,GTGTTAATAA
IBV,GTTAATACTA
IBV,TAACTTAACA
IBV,TAATATTACT
IBV,TGGCTAGCCA
IBV,TGTTTCAACA
IBV,TTGTCACACA
IBV,TTTTGTGGTA
IBV,AAACCATTA
IBV,ATACTCTAGG
IBV,CATAGCTATG
IBV,GCCTACTCT
IBV,GTATCTAAA
IBV,GTGTGCACTA
IBV,GTTAATACTA
IBV,GTTAATACT
IBV,TAACTTAACA
IBV,TCTTGCTTA
IBV,TTATCTAAA
IBV,TTATTATAATT
IBV,ACTGGCATGCT
IBV,TTATTATAATT
IBV,GCATAAGCA
IBV,ACTGGCATGCT
IBV,AATTTTGTA
IBV,ATTGTTTAT
IBV,GTCTAAAAC
IBV,TATTATAAT
IBV,TCAACACAA
IBV,TTATAATAA
IBV,TTATTATAATT
IBV,TTTATACTC
IBV,AAATAGTGT
IBV,TTATTAATAGT
IBV,ACTGTTGGT
IBV,GCCTACTCT
IBV,GTATCTAAA
IBV,TATAATTTA
IBV,TCTTGCTTA
IBV,TTAATACTA
IBV,TTATCTAAA
IBV,TTATTATAATT
IBV,GTATTTAAATAC
IBV,TTATTATAATT
IBV,AAACCATTA
IBV,AAACCATTA
IBV,ACTTAATAT
IBV,ACTTAATAT
IBV,GGTGGTGTTAATAA
IBV,TAATATTACT
IBV,TAATATTACT
IBV,TGTATCTGAGT
IBV,TTATTAATGGT
IBV,TTATTATAATT
IBV,TTTGGCCAATA
IBV,AAACTTACCA
IBV,AATCTACCAG
IBV,AATTGCCACAA
IBV,ACTGGCATGCT
IBV,AGGTTTTAT
IBV,AGTTATAACT
IBV,ATCAAAATCA
IBV,ATCTGTTGG
IBV,ATTCACTTT
IBV,CAATTTCACT
IBV,CACTTAATA
IBV,CACTTTCAGT
IBV,CCAGTTATAA
IBV,CTAGCATTA
IBV,CTTACTCAT
IBV,GACAATATG
IBV,GCAATTTTT
IBV,GCAATTTTT
IBV,GGCAATTTT
IBV,GGTACTATT
IBV,GTAAAGGTG
IBV,GTATACAAA
IBV,TAACAGTTA
IBV,TAAGTTTTG
IBV,TATAACTGGC
IBV,TATTATAAT
IBV,TCAACACAA
IBV,TGCCAGTAT
IBV,TGTTGGTAA
IBV,TTACTAAGA
IBV,TTATAATAAT
IBV,TTATTAATAGT
IBV,TTATTATAATT
IBV,TTGGTACTATT
IBV,TTGTATAAAA
IBV,TTTCTGAGTAG
IBV,TTTGCTTGT
IBV,TTTTATTAA
IBV,ACTTCTAGTTT
IBV,ACCTCCTGA
IBV,AGACCTCCT
IBV,CATATTGCA
IBV,GCATATTGC
IBV,GCCATTATT
IBV,TCCTTTAAAGGA
IBV,TTAGTAATA
IBV,ACATTGTTT
IBV,ACCACCAAA
IBV,ACCATTTTG
IBV,ACTTAATAT
IBV,ATAAAATTA
IBV,ATAATAATA
IBV,ATTATGAAA
IBV,ATTCTTATT
IBV,CAATATGTT
IBV,CAATTTCAC
IBV,CACGTTGTT
IBV,CACTGTAAC
IBV,CCACTGTAA
IBV,CTAGCATTA
IBV,GAGTGGCTA
IBV,GATAATTAT
IBV,GTCACAGAC
IBV,GTGTTAATA
IBV,TAAAATTAT
IBV,TAACAGTTA
IBV,TAATAATAG
IBV,TAGGTGGTGTTAATA
IBV,TAGTGAATT
IBV,TATTACTAA
IBV,TCAACACAA
IBV,TCTTACCAC
IBV,TGGTCTAAA
IBV,TGGTTCTCA
IBV,TTAATTTTT
IBV,TTACTAAAA
IBV,TTATTAACA
IBV,TTATTTACA
IBV,TTGTTTGCA
IBV,TTTATAAGG
IBV,TTTGCACTA
IBV,TTTTAACAA
IBV,AACACCACC
IBV,ACCACCTTG
IBV,GTGTTAACAC
IBV,GTTTATAAAC
IBV,AACAACTTG
IBV,AAGATGTTAA
IBV,AAGGCCATT
IBV,ACAAGATGT
IBV,AGAAGATTT
IBV,ATGGCCTTA
IBV,ATTTTGTGGTA
IBV,CATCCTAATATTAGGATG
IBV,CATGTACATG
IBV,CATTTTGTG
IBV,CGTATCTAAA
IBV,CTAGCATTA
IBV,CTATAGCTA
IBV,GACAATATATTGTC
IBV,GACATAGTT
IBV,GCCTACTCT
IBV,GCTATACCATT
IBV,GGTTTTATTA
IBV,GTAAAGGTG
IBV,GTAATAATTA
IBV,GTAATAATT
IBV,GTGTGCACTA
IBV,GTTAATACT
IBV,GTTTGGTAA
IBV,TAACAGTTA
IBV,TAATAAGGC
IBV,TAATATTACT
IBV,TAATATTAG
IBV,TACTGATGT
IBV,TATAATTTA
IBV,TATTACTAA
IBV,TCTTACCAC
IBV,TCTTATAAT
IBV,TGGTCAAAGT
IBV,TGTTAACAAC
IBV,TTAAATCTTT
IBV,TTATTATAATT
IBV,TTGTTAACAA
IBV,TTTAATATT
IBV,TTTGTGGTA
IBV,TTTTATTAAC
IBV,TTTTATTAA
IBV,AAACTTACCA
IBV,AATCTACCAG
IBV,AATTGCCACAA
IBV,ACTGGCATGCT
IBV,AGGTTTTAT
IBV,AGTTATAACT
IBV,ATCAAAATCA
IBV,ATCTGTTGG
IBV,ATTCACTTT
IBV,CAATTTCACT
IBV,CACTTAATA
IBV,CACTTTCAGT
IBV,CCAGTTATAA
IBV,CCATTAGGT
IBV,CCTGCAGTA
IBV,CTGTTGGTA
IBV,CTTACTCAT
IBV,GCAATTTTT
IBV,GCAATTTTT
IBV,GCCTGCAGT
IBV,GGCAATTTT
IBV,GTAAAGGTG
IBV,GTATACAAA
IBV,TAACAGTTA
IBV,TAAGTTTTG
IBV,TATAACTGGC
IBV,TATTATAAT
IBV,TCAACACAA
IBV,TGCATACTG
IBV,TGCCAGTAT
IBV,TGTTGGTAA
IBV,TTACTAAGA
IBV,TTATAAACA
IBV,TTATAATAAT
IBV,TTATTATAATT
IBV,TTCTGAGTAG
IBV,TTGTATAAAA
IBV,TTTGCTTGT
IBV,ACTGGCATGCT
IBV,TTATTATAATT
IBV,CATAGCTATG
IBV,GTTAATACTA
IBV,TCCAATTGGA
IBV,TGTTAATGGT
IBV,TTATTATAATT
IBV,AAATATTAA
IBV,ACACATTGC
IBV,AGCAGATGC
IBV,AGGTTTTAT
IBV,ATGGCCTTA
IBV,ATGTTATTA
IBV,CAATATGTT
IBV,CACAACAAC
IBV,CACAACAAC
IBV,CACTTAATA
IBV,CATCCTAATATTAGGATG
IBV,CATTGCTTT
IBV,GAAAGTGAT
IBV,GAATATAATAATG
IBV,GGCCTTATT
IBV,GTATACAAA
IBV,GTGATGTTA
IBV,GTTATAATA
IBV,TAAAAATTT
IBV,TAATAATGG
IBV,TAATATTAG
IBV,TACAAAGTT
IBV,TACCTCCTA
IBV,TATAATAAT
IBV,TCTTGTCAA
IBV,TGCTGTTAT
IBV,TTATAATAA
IBV,TTATCAAAA
IBV,AATCAATTT
IBV,AATTTTGTA
IBV,ACAAAATTA
IBV,ACATTGTTT
IBV,ACCACCAAA
IBV,ACCATTTTG
IBV,ACCCTGCAT
IBV,ACTTAATAT
IBV,AGTGCTTCT
IBV,ATAATAATA
IBV,ATTATGAAA
IBV,CAATATGTT
IBV,CTAGCATTA
IBV,GAATATAAT
IBV,GAGTGGCTA
IBV,GATAATTAT
IBV,GCTGGTTTA
IBV,GGTTTTATT
IBV,GTATACAAA
IBV,GTATCTAAA
IBV,GTCACAGAC
IBV,GTGTTAATA
IBV,TAACAGTTA
IBV,TAATAAGAA
IBV,TATTACTAA
IBV,TCACTAATG
IBV,TCCATACGT
IBV,TCTTCTATA
IBV,TGAATATAA
IBV,TTATTAACA
IBV,TTATTGAAA
IBV,TTATTTACA
IBV,TTGTTTGCA
IBV,TTTAGACCA
IBV,TTTATCCAT
IBV,TTTGTGGTA
IBV,CATAGCTATG
IBV,GCCCTAGGGC
IBV,GTGTGCACTA
IBV,TAACTTAACA
IBV,TTGTCACACA
IBV,ACACTGTAA
IBV,GATTTAAATC
IBV,AATAATTATA
IBV,AATACTAGTATT
IBV,AGGTGGTTGT
IBV,CTGTTTCATTA
IBV,GTTATTATAA
IBV,TAATACAGGTGGT
IBV,TAGTTAATGT
IBV,ACTTCTAGAAGT
IBV,CATAGCTATG
IBV,GCCCTAGGGC
IBV,GTGTGCACTA
IBV,GTTAATACTA
IBV,TTATTATAATT
IBV,TTGTCACACA
IBV,AAACCATTA
IBV,AACAAAACT
IBV,ACTCAACACAA
IBV,ACTTAATAT
IBV,ATAATAATA
IBV,ATATTAAGT
IBV,CAATATGTT
IBV,CATAGCTATG
IBV,CATTTTGTG
IBV,CGGCTTCCAT
IBV,CTAGCATTA
IBV,CTGTTGTAA
IBV,CTTAGCAGA
IBV,GACGGCTTC
IBV,GGAATGATAC
IBV,GGTGGTGTTA
IBV,GTAAAGGTG
IBV,GTAGTAATG
IBV,GTATCTAAA
IBV,GTGTGCACTA
IBV,GTGTTAACAA
IBV,TAACAGGCA
IBV,TCTTGCTTA
IBV,TGGCTAGCCA
IBV,TTAATTTGA
IBV,TTATAATAAT
IBV,TTATTATAATT
IBV,TTATTTACA
IBV,TTGTAAATA
IBV,TTGTCACACA
IBV,TTTGAATGT
IBV,TTTTATATT
IBV,TTTTGTGGTA
IBV,ACACTGTAA
IBV,AACAAAACT
IBV,ACCAGACAC
IBV,ACTTAATAT
IBV,ACTTAATAT
IBV,ATAATAATA
IBV,ATGGCACCT
IBV,CAATATGTT
IBV,CATTTTGTG
IBV,CTGTTGTAA
IBV,CTTCAAGGT
IBV,GCCTACTCT
IBV,GGTGGTGTTAATA
IBV,GGTTTTATT
IBV,GTAAAGGTG
IBV,GTATCTAAA
IBV,GTGTTAATA
IBV,GTTAATACT
IBV,TAATATTACT
IBV,TAATATTACT
IBV,TATAATTTA
IBV,TATTACTAA
IBV,TGGAGTGTA
IBV,TGTACTCAT
IBV,TTATCTAAA
IBV,TTATTAACA
IBV,TTATTTACA
IBV,TTGTAAATA
IBV,AATTATAATT
IBV,AATTATAAT
IBV,ATTATAATT
IBV,CACCTTTACA
IBV,GTGTTAACAC
IBV,TAATTCACCAA
IBV,TTATAATAAT
IBV,TTATTATAATT
IBV,AAACTTACCA
IBV,AATTGCCACAA
IBV,ACCCAGTCA
IBV,ACTGGCATGCT
IBV,AGGTTTTAT
IBV,AGTTACCACAT
IBV,AGTTATAACT
IBV,ATCAAAATCA
IBV,ATCTGTTGG
IBV,ATTCACTTT
IBV,CAATTTCACT
IBV,CACTTAATA
IBV,CCAGTTATAA
IBV,CCATTAGGT
IBV,CCTGCAGTA
IBV,CTGTTGGTA
IBV,CTTACTCAT
IBV,GCCTGCAGT
IBV,GCTATGGCT
IBV,GGTATGGTT
IBV,GTATACAAA
IBV,TAACAGTTA
IBV,TAAGTTTTG
IBV,TATAACTGGC
IBV,TATTATAAT
IBV,TGCATACTG
IBV,TGTTGGTAA
IBV,TTACTAAGA
IBV,TTATAAACA
IBV,TTATAATAAT
IBV,TTATTATAATT
IBV,TTCTGAGTAG
IBV,TTGTATAAAA
IBV,TTGTTAACAA
IBV,TTTGCTTGT
IBV,AAACCATTA
IBV,ATACTCTAGG
IBV,CATAGCTATG
IBV,GCCTACTCT
IBV,GTATCTAAA
IBV,GTGTGCACTA
IBV,GTTAATACTA
IBV,GTTAATACT
IBV,TAACTTAACA
IBV,TCTTGCTTA
IBV,TTATCTAAA
IBV,TTATTATAATT
IBV,ACTCAACACAA
IBV,TTATTATAATT
IBV,AAATAGTGT
IBV,CATAGCTATG
IBV,GCCCTAGGGC
IBV,GTGTGCACTA
IBV,GTTAATACTA
IBV,TAACTTAACA
IBV,TTATTATAATT
IBV,TTGTCACACA
IBV,AAAACTTAAGTTTT
IBV,AATAATTATA
IBV,AATACTAGTATT
IBV,ACACATTGT
IBV,AGGTGGTTGT
IBV,ATTGCTTAC
IBV,GACATCTTC
IBV,GTTATTATAA
IBV,GTTTCTAGT
IBV,TAATACAGGTGGT
IBV,TACAAACTG
IBV,TAGTTAATGT
IBV,TATTATAAT
IBV,AAATTACAAT
IBV,ACTTCTAGTTT
IBV,ATTGTTATA
IBV,CAAGAGGCT
IBV,CGTATCTAA
IBV,GAGTTAACTC
IBV,GAGTTAACT
IBV,GCCTATAGGC
IBV,TATAATTATA
IBV,TGACCATTT
IBV,TGGCCTACT
IBV,TTAGTAATAAA
IBV,TTATTTAAA
IBV,TATGCAAGA
IBV,ACACTGTAA
IBV,ACAAACTGCT
IBV,ACATTGTTT
IBV,ACCTAGTAG
IBV,ACTCAACACAA
IBV,ACTTAATGT
IBV,AGCTATGGC
IBV,AGCTGCAGCT
IBV,AGGTGGTGT
IBV,ATATTAAGT
IBV,ATTTTGTGGTA
IBV,CAAAATTTTG
IBV,CAATATGTT
IBV,CATCATTATC
IBV,CCTAATATTAGG
IBV,CTAATGAGAC
IBV,CTAGCATTA
IBV,GTAGTAATG
IBV,GTATCTAAA
IBV,GTCACGTGAC
IBV,GTCTGTATTG
IBV,GTTTTGTTAA
IBV,TAAAATTAT
IBV,TAAAGCCTTGGC
IBV,TAATATTAG
IBV,TAATGAGACT
IBV,TACTAATAG
IBV,TCTTACCAC
IBV,TTAACATCT
IBV,TTAATTTGA
IBV,TTATAATAAT
IBV,TTATTATAATT
IBV,TTGAACCTG
IBV,TTGTTTGCA
IBV,TTTTATATT
IBV,TTTTGTTAACAC
IBV,ACTTCTAGTTT
IBV,TTAGTAATAAA
IBV,CATAGCTATG
IBV,GTGTGCACTA
IBV,GTTAATACTA
IBV,TAACTTAACA
IBV,TTATTATAATT
IBV,AAGGCCATT
IBV,AATTTTGTA
IBV,ACATTGTTT
IBV,ACCACCAAA
IBV,AGTGCTTCT
IBV,ATTGTTTAT
IBV,ATTTTGTGGTA
IBV,CAATATGTT
IBV,CAATTTCAC
IBV,CTAGCATTA
IBV,CTTCAAGGT
IBV,GGGTGTAAG
IBV,GGTACTGTG
IBV,GTATACAAA
IBV,GTCTAAAAC
IBV,GTGTATAAACA
IBV,GTGTTAATA
IBV,TAACAAAAC
IBV,TAACAGTTA
IBV,TAATAATAG
IBV,TATTATAAT
IBV,TCAACACAA
IBV,TCTGAGTAG
IBV,TTAATAAAA
IBV,TTATAATAA
IBV,TTATTAACA
IBV,TTATTATAATT
IBV,TTATTTACA
IBV,TTGTTTGCA
IBV,TTTCTCTTG
IBV,TTTGTGGTA
IBV,TTATTATAATT
IBV,AAATTATAATA
IBV,AATAATTAT
IBV,AATTACATG
IBV,AATTTTGTAGT
IBV,ACCCTGCAT
IBV,ATAATATTAT
IBV,CAAAATTGT
IBV,CAAAATTTTG
IBV,CTACTAATT
IBV,GTGTGCACTA
IBV,TAATAATTA
IBV,TAATATTAT
IBV,TATAATCAA
IBV,TATTATAAT
IBV,TCAACACAA
IBV,TTATAATTTA
IBV,TTATTATAATT
IBV,AAACTTACCA
IBV,AATCTACCAG
IBV,AATTGCCACAA
IBV,ACCCAGTCA
IBV,ACTGGCATGCT
IBV,AGGTTTTAT
IBV,AGTTATAACT
IBV,ATCAAAATCA
IBV,ATCTGTTGG
IBV,ATTCACTTT
IBV,CAATTTCACT
IBV,CACTTAATA
IBV,CACTTTCAGT
IBV,CCAGTTATAA
IBV,CCATTAGGT
IBV,CCTGCAGTA
IBV,CTGTTGGTA
IBV,CTTACTCAT
IBV,GCAATTTTT
IBV,GCAATTTTT
IBV,GCCTGCAGT
IBV,GGCAATTTT
IBV,GTAAAGGTG
IBV,GTATACAAA
IBV,TAACAGTTA
IBV,TAAGTTTTG
IBV,TATAACTGGC
IBV,TATTATAAT
IBV,TCAACACAA
IBV,TCTGGAGTG
IBV,TGCATACTG
IBV,TGCCAGTAT
IBV,TGTCAAGTA
IBV,TGTTGGTAA
IBV,TTACTAAGA
IBV,TTATAATAAT
IBV,TTATTATAATT
IBV,TTCTGAGTAG
IBV,TTGTATAAAA
IBV,TTTGCTTGT
IBV,AAACCAGTA
IBV,TACTGGTTT
IBV,TACTGGTTT
IBV,ACACATTGT
IBV,ACATTGTAG
IBV,TTACTAACA
IBV,AAAGTATTAA
IBV,ACCTGCAGGT
IBV,AGTATAATA
IBV,ATAAGCTTAT
IBV,ATACTACTA
IBV,ATTAGTTAT
IBV,CACTACATATTG
IBV,CTATAAATA
IBV,GCATAAACA
IBV,TACAATACAA
IBV,TACTTTCTA
IBV,TTAACGTTAA
IBV,AACCAGCTGGTT
IBV,CAATATGTT
IBV,CATAGCTATG
IBV,GCCCTAGGGC
IBV,GTGTGCACTA
IBV,GTTAATACTA
IBV,TAACTTAACA
IBV,TTATTATAATT
IBV,TTGTCACACA
IBV,AAACCATTA
IBV,AACAAAACT
IBV,ACTGTTGGT
IBV,ACTTAATAT
IBV,ACTTAATAT
IBV,ATAATAATA
IBV,ATGGCACCT
IBV,CAATATGTT
IBV,CATTTTGTG
IBV,CTAGCATTA
IBV,CTGTTGTAA
IBV,CTTCAAGGT
IBV,GCCTACTCT
IBV,GGTTTTATT
IBV,GTAAAGGTG
IBV,GTATCTAAA
IBV,GTGTTAATA
IBV,GTGTTAATA
IBV,GTTAATACT
IBV,TAACAGGCA
IBV,TAATATTACT
IBV,TAATATTACT
IBV,TATAATTTA
IBV,TATTACTAA
IBV,TGACCTTGT
IBV,TGGAGTGTA
IBV,TGTACTCAT
IBV,TTATCTAAA
IBV,TTATTAACA
IBV,TTATTTACA
IBV,TTGTAAATA
IBV,ACTGGCATGCT
IBV,TTATTATAATT
IBV,AATCTGTTT
IBV,ACTGTTGGT
IBV,TATAATTTA
IBV,TCTTGCTTA
IBV,TTAATACTA
IBV,TTATCTAAA
IBV,TTATTATAATT
IBV,GGTCTCATT
IBV,CATAGCTATG
IBV,GCCCTAGGGC
IBV,GTGTGCACTA
IBV,GTTAATACTA
IBV,TTATTATAATT
IBV,TTGTCACACA
IBV,TGGCATGCT
IBV,AAACCATTA
IBV,AACAAAACT
IBV,ACTGTTGGT
IBV,ACTTAATAT
IBV,ACTTAATAT
IBV,ATAATAATA
IBV,ATACTCTAGG
IBV,CAATATGTT
IBV,CAGTGCACTG
IBV,CATAGCTATG
IBV,CATTTTGTG
IBV,CTAGCATTA
IBV,CTAGCTTGT
IBV,CTGTTGTAA
IBV,GCTGGTTTA
IBV,GGAATGATAC
IBV,GGTGGTGTTAATA
IBV,GGTTTTATT
IBV,GTAAAGGTG
IBV,GTGTGCACTA
IBV,GTGTTAATA
IBV,GTTAATACTA
IBV,GTTAATACT
IBV,TAACAGGCA
IBV,TAACTTAACA
IBV,TAATATCTCT
IBV,TAATATTACT
IBV,TAATATTACT
IBV,TATTACTAA
IBV,TCTTGCTTA
IBV,TGGCTAGCCA
IBV,TGTACTCAT
IBV,TGTTTCAACA
IBV,TTATTAACA
IBV,TTATTATAATT
IBV,TTATTTACA
IBV,TTGATTTGG
IBV,TTGTAAATA
IBV,TTTGGCCAATA
IBV,TTTTGTGGTA
IBV,CATAGCTATG
IBV,CGTATCTAAA
IBV,GTGTGCACTA
IBV,GTTAATACTA
IBV,TTATTATAATT
IBV,ACACATTGT
IBV,ACACATTGT
IBV,ACCATTTTG
IBV,AGTTATGAG
IBV,ATAGTGTTT
IBV,ATAGTGTTT
IBV,CAAGGTCTT
IBV,CACAAACAG
IBV,CACTTAATA
IBV,CCAAAATTTTTAT
IBV,CCTGCAGTA
IBV,CTAGCATTA
IBV,CTTTTTGTA
IBV,GACATCTTC
IBV,GCAACACAA
IBV,GCAATTTTT
IBV,GCCTGCAGT
IBV,GGTCTTATT
IBV,GGTCTTATT
IBV,GTAAAGGTG
IBV,GTATACAAA
IBV,GTCTATTAG
IBV,GTGATGACA
IBV,TAACATTAA
IBV,TAACATTAA
IBV,TAATACAGGTGGT
IBV,TACAAACTG
IBV,TAGTAATGA
IBV,TATTATAAT
IBV,TGGATCTTA
IBV,TTATTTACA
IBV,TTTAAAAGT
IBV,AAATAGTGT
IBV,ACTGGCATGCT
IBV,AGTTATAACT
IBV,TATAACTGGC
IBV,TATTATAAT
IBV,TCAACACAA
IBV,TGCCAGTAT
IBV,TTATAAACA
IBV,TTATAATAAT
IBV,TTATTAATAGT
IBV,TTATTATAATT
IBV,TTCATATGAA
IBV,ACAAAATAA
IBV,ACAAGGTCA
IBV,TAATCAGAC
IBV,TCAACACAA
IBV,TCTTCACAA
IBV,TTATTATAATT
IBV,TTTACTACT
IBV,AAACTTACCA
IBV,AATCTACCAG
IBV,AATTGCCACAA
IBV,ACCCAGTCA
IBV,ACTGGCATGCT
IBV,AGGTTTTAT
IBV,AGTTATAACT
IBV,ATCAAAATCA
IBV,ATCTGTTGG
IBV,ATTCACTTT
IBV,CAATTTCACT
IBV,CACTTAATA
IBV,CACTTTCAGT
IBV,CCAGTTATAA
IBV,CCATTAGGT
IBV,CCTGCAGTA
IBV,CTGTTGGTA
IBV,CTTACTCAT
IBV,GCAATTTTT
IBV,GCAATTTTT
IBV,GCCTGCAGT
IBV,GGCAATTTT
IBV,GTAAAGGTG
IBV,GTATACAAA
IBV,TAAGTTTTG
IBV,TATAACTGGC
IBV,TATTATAAT
IBV,TCAACACAA
IBV,TCTGGAGTG
IBV,TGCATACTG
IBV,TGCCAGTAT
IBV,TGTCAAGTA
IBV,TGTTGGTAA
IBV,TTACTAAGA
IBV,TTATAAACA
IBV,TTATAATAAT
IBV,TTATTATAATT
IBV,TTCTGAGTAG
IBV,TTGTATAAAA
IBV,TTTGCTTGT
IBV,AAACTTACCA
IBV,AATCTACCAG
IBV,AATTGCCACAA
IBV,ACCCAGTCA
IBV,ACTGGCATGCT
IBV,AGGTTTTAT
IBV,AGTTATAACT
IBV,ATCAAAATCA
IBV,ATCTGTTGG
IBV,ATTCACTTT
IBV,CAATTTCACT
IBV,CACTTAATA
IBV,CACTTTCAGT
IBV,CCAGTTATAA
IBV,CCATTAGGT
IBV,CCTGCAGTA
IBV,CTGTTGGTA
IBV,CTTACTCAT
IBV,GCAATTTTT
IBV,GCAATTTTT
IBV,GCCTGCAGT
IBV,GGCAATTTT
IBV,GGTACTATT
IBV,GTAAAGGTG
IBV,GTATACAAA
IBV,TAACAGTTA
IBV,TAAGTTTTG
IBV,TATAACTGGC
IBV,TATTATAAT
IBV,TCAACACAA
IBV,TCTGGAGTG
IBV,TGCATACTG
IBV,TGCCAGTAT
IBV,TGTCAAGTA
IBV,TGTTGGTAA
IBV,TTACTAAGA
IBV,TTATAAACA
IBV,TTATAATAAT
IBV,TTATTATAATT
IBV,TTCTGAGTAG
IBV,TTGGTACTATT
IBV,TTGTATAAAA
IBV,TTTGCTTGT
IBV,TTTTGTATG
IBV,AAATTATAATA
IBV,AATCAAAGT
IBV,AATTACATG
IBV,AATTTTGTAGT
IBV,ACAGCACCT
IBV,ACTGGTCAA
IBV,AGAAGATTT
IBV,AGATGTAAT
IBV,ATAATATTAT
IBV,ATGGCTTGGT
IBV,CAAAATTTTG
IBV,CAAATGATTAA
IBV,CAACATCTT
IBV,CATTATAATG
IBV,CATTTCTGA
IBV,CGTAGTTAG
IBV,CTATAACAG
IBV,GATGTAATTC
IBV,GATTCTTCTG
IBV,GCATTTCTG
IBV,GTGTGCACTA
IBV,GTTTTATTA
IBV,TAACAGTTA
IBV,TAAGCCTAT
IBV,TAATAAGAA
IBV,TAATAATGG
IBV,TAATAATGG
IBV,TAATATTAT
IBV,TACAAAATTT
IBV,TATAATAAT
IBV,TATTATAAA
IBV,TATTCAGTATG
IBV,TCAGTATGTT
IBV,TCTGGTTTA
IBV,TGATTCCAC
IBV,TGCTTGTTT
IBV,TGGCATGTA
IBV,TGGTTTAAT
IBV,TTAAATTTAA
IBV,TTAACAGTT
IBV,TTAGATAATT
IBV,TTATAATAAT
IBV,TTATAATGT
IBV,TTATAATTTA
IBV,TTATTATAATT
IBV,TTCTGCAAA
IBV,TTGTGCACAA
IBV,TTTGAATGT
IBV,TTATTATAATT
IBV,ACTGGCATGCT
IBV,AGTTATAACT
IBV,TATAACTGGC
IBV,TTATAAACAA
IBV,TTATAATAAT
IBV,TTATTATAATT
IBV,ACCAGAAACTA
IBV,AGTTATAACT
IBV,AGTTATAACT
IBV,ATAAAATTA
IBV,ATAATAATT
IBV,ATTATGAAA
IBV,GGCATTTAC
IBV,GGTTACATT
IBV,GTATTTAAA
IBV,TAAAATTAT
IBV,TAGTTATAACTA
IBV,TATTATAAT
IBV,TCAACACAA
IBV,TTATTATAATT
IBV,AAACCAGTA
IBV,TACTGGTTT
IBV,TACTGGTTT
IBV,ACTGGCATGCT
IBV,AGTTATAACT
IBV,CACTTTCAGT
IBV,TATAACTGGC
IBV,TTATAATAAT
IBV,TTATTATAATT
IBV,TGCCAGTAT
IBV,AAACCATTA
IBV,AACAAAACT
IBV,AAGAATTGA
IBV,AAGATCTTT
IBV,AATCAAAGT
IBV,AATCTTTTC
IBV,ACCATTTTG
IBV,ACTTAATAT
IBV,ACTTCTAGTTT
IBV,AGAGTGATG
IBV,ATGAAAGAA
IBV,ATTACTAAT
IBV,ATTTTGTGGTA
IBV,CATTTTGTG
IBV,CTAGCATTA
IBV,GATAATAAT
IBV,GGTTTTATT
IBV,GTAAAGGTG
IBV,GTATCTAAA
IBV,GTGTATAAG
IBV,TAACAACAT
IBV,TAATAAGGC
IBV,TAATAATGG
IBV,TAATAATTA
IBV,TATAATTTA
IBV,TCATTACTA
IBV,TGTACTCAT
IBV,TTACTAATA
IBV,TTATTTAAA
IBV,TTCCATTAG
IBV,TTGTAAATA
IBV,TTTTATTTACA
IBV,AAATTATAATA
IBV,AAGGCCATT
IBV,AATAATTAT
IBV,ACCATTTTG
IBV,ACTCATCATC
IBV,ACTTCTAGTTT
IBV,AGAAGATTT
IBV,ATAAACCAT
IBV,ATAATATTAT
IBV,ATAATTATAAC
IBV,CAAAATTGT
IBV,CAATATGTT
IBV,CATTTTGTG
IBV,CTAATTCTT
IBV,CTACTAATT
IBV,CTATACCATT
IBV,CTCTGTTATT
IBV,GAATATAAT
IBV,GCAACTTGTT
IBV,GCACTATTG
IBV,GGTACTGTG
IBV,GGTTTTATT
IBV,GTATACAAA
IBV,GTGTATAAAC
IBV,GTGTGCACTA
IBV,TAACAGTTA
IBV,TAATAAGAA
IBV,TAATAATTA
IBV,TATAATCAA
IBV,TATAATTATA
IBV,TATTATAAT
IBV,TGAATATAA
IBV,TGGTGTTAA
IBV,TGTTATTAA
IBV,TTACTGAAAA
IBV,TTAGTAATAAA
IBV,TTATAATTTA
IBV,TTATTAACA
IBV,TTATTTAAA
IBV,TTATTTACA
IBV,TTGTATACAA
IBV,TTTAGCAGA
IBV,TTTCAGTAA
IBV,TTTCTGAGT
IBV,TTTGTGGTA
IBV,AATACTAGTATT
IBV,CTGTTTCATTA
IBV,TAATACAGGTGGT
IBV,ACTGTAATTT
IBV,ACTGTTGGT
IBV,CATAGCTATG
IBV,GCCTACTCT
IBV,GTATCTAAA
IBV,GTGTGCACTA
IBV,GTTAATACTA
IBV,GTTAATACT
IBV,TATAATTTA
IBV,TTATCTAAA
IBV,TTATTATAATT
IBV,ACACATTGT
IBV,AAACCATTA
IBV,AACAAAACT
IBV,AAGATCTTT
IBV,AATCTTTTC
IBV,ACCATTTTG
IBV,ACTTAATAT
IBV,ACTTAATAT
IBV,AGAGTGATG
IBV,AGTTTTAAT
IBV,ATGAAAGAA
IBV,ATTTTGTGGTA
IBV,CAAAACTAC
IBV,CATTTTGTG
IBV,CCATAGATG
IBV,CTAGCATTA
IBV,CTGCTAAAT
IBV,GAATATAAT
IBV,GCCTACTCT
IBV,GGTTTTATT
IBV,GTAAAGGTG
IBV,GTGTATAAG
IBV,TAATAAGGC
IBV,TAATAATTA
IBV,TATAATCAA
IBV,TATAATTTA
IBV,TGAATATAA
IBV,TGTACTCAT
IBV,TTAATTATT
IBV,TTACTAAGA
IBV,TTATTATAATT
IBV,TTGTAAATA
IBV,TTTTATTTACA
IBV,ACTTCTAGTTT
IBV,TTAGTAATAAA
IBV,GTGTTAACAC
IBV,AATAATTATA
IBV,AATACTAGTATT
IBV,AGGTGGTTGT
IBV,CTGTTTCATTA
IBV,GTTATTATAA
IBV,TAATACAGGTGGT
IBV,TTAATATTAA
IBV,TTATTATAATT
IBV,ACCACTCTG
IBV,ACTAACGTTAGT
IBV,ACTTCTAGTTT
IBV,TTAGTAATAAA
IBV,TAGACCATT
IBV,ACTGGCATGCT
IBV,ATTCACTTT
IBV,TATTATAAT
IBV,TCAACACAA
IBV,TGCCAGTAT
IBV,TTATAAACA
IBV,TTATTATAATT
IBV,AATAATTATA
IBV,AATACTAGTATT
IBV,AGGTGGTTGT
IBV,CTGTTTCATTA
IBV,GTTATTATAA
IBV,TAATACAGGTGGT
IBV,TAGTTAATGT
IBV,ACAAACTGCT
IBV,TAATGAGACT
IBV,TGCGGAATCA
IBV,TTATAATAAT
IBV,TTATTATAATT
IBV,CATAGCTATG
IBV,GTGTGCACTA
IBV,GTTAATACTA
IBV,TGCGTTAATA
IBV,TTATTATAATT
IBV,ACTGTTGGT
IBV,TAATAAAAC
IBV,TATAATCAA
IBV,TATAATTTA
IBV,TATTATAAT
IBV,TCTTGCTTA
IBV,TTAATACTA
IBV,TTATCTAAA
IBV,TTATTATAATT
IBV,TATAATTTA
IBV,CATAGCTATG
IBV,CGTATCTAAA
IBV,GCAAATTTGC
IBV,GTGTGCACTA
IBV,GTTAATACTA
IBV,GTTCTGCAGAAC
IBV,TTATTATAATT
IBV,AAACCATTA
IBV,AACAAAACT
IBV,ACTTAATAT
IBV,ACTTAATAT
IBV,ATAATAATA
IBV,CAATATGTT
IBV,CATTTTGTG
IBV,CTAGCATTA
IBV,CTGTTGTAA
IBV,CTTCAAGGT
IBV,GCCTACTCT
IBV,GGTGGTGTTAATA
IBV,GGTTTTATT
IBV,GTAAAGGTG
IBV,GTATCTAAA
IBV,GTGTTAATA
IBV,GTTAATACT
IBV,TAACAGGCA
IBV,TAATATTACT
IBV,TAATATTACT
IBV,TATAATTTA
IBV,TATTACTAA
IBV,TGGAGTGTA
IBV,TGTACTCAT
IBV,TTATCTAAA
IBV,TTATTAACA
IBV,TTATTTACA
IBV,TTGTAAATA
IBV,AATTATAATT
IBV,AATTATAAT
IBV,ATTATAATT
IBV,CACCTTTACA
IBV,GTGTTAACAC
IBV,TTATAATAAT
IBV,TTATTATAATT
IBV,AAATAATTT
IBV,ACATTATTT
IBV,ATTAATAAA
IBV,TAAAATTAT
IBV,TGAAAAGAA
IBV,TGATTTAAATCA
IBV,TGTTGATTA
IBV,TTATAATAATT
IBV,TTGTGTGCA
IBV,AAAGTAGTGTTAACACTACTTT
IBV,ACTGTTGGT
IBV,GTATCTAAA
IBV,GTGTGCACT
IBV,GTGTTAACA
IBV,TATAATTTA
IBV,TATGGATCCATA
IBV,TCTTGCTTA
IBV,TTATTATAATT
IBV,AAATTATAATA
IBV,AATAATTAT
IBV,AATTACATG
IBV,AATTTTGTAGT
IBV,ACCCTGCAT
IBV,ATAATATTAT
IBV,CAAAATTGT
IBV,CAAAATTTTG
IBV,CTACTAATT
IBV,GTGTGCACTA
IBV,TAATAATTA
IBV,TAATATTAT
IBV,TATAATCAA
IBV,TATTATAAT
IBV,TCAACACAA
IBV,TTATAATTTA
IBV,TTATTATAATT
IBV,CATAGCTATG
IBV,GTGTGCACTA
IBV,GTTAATACTA
IBV,TAACTTAACA
IBV,TTATTATAATT
IBV,AATAATTATA
IBV,AATACTAGTATT
IBV,AGGTGGTTGT
IBV,CTGTTTCATTA
IBV,GTTATTATAA
IBV,TAATACAGGTGGT
IBV,TAGTTAATGT
IBV,AAATAATTT
IBV,AAATTTAAA
IBV,ACATTATTT
IBV,AGCAGTGAA
IBV,TAAAATTAT
IBV,TGAAAAGAA
IBV,TGATTTAAATCA
IBV,TGTTGATTA
IBV,TTATAATAATT
IBV,TTTAATAAA
IBV,TTATTATAATT
IBV,CATAGCTATG
IBV,GCCCTAGGGC
IBV,GTGTGCACTA
IBV,TAACTTAACA
IBV,TTATTATAATT
IBV,GTGTTAACAC
IBV,CATAGCTATG
IBV,GTGTGCACTA
IBV,GTTAATACTA
IBV,TGCGTTAATA
IBV,TTATTATAATT
IBV,ACTCAACACAA
IBV,TTATTATAATT
IBV,AACCTCTTTTA
IBV,ACTGGCATGCT
IBV,ACTGGTTCTCA
IBV,AGTTATAACT
IBV,TATAACTGGC
IBV,TTATAATAAT
IBV,TTATTAATAGT
IBV,TTATTATAATT
IBV,TTCATATGAA
IBV,CATAGCTATG
IBV,GTGTGCACTA
IBV,GTTAATACTA
IBV,TAACTTAACA
IBV,TTATTATAATT
IBV,ACTCAACACAA
IBV,TTATTATAATT
IBV,ACTGTTGGT
IBV,GCCTACTCT
IBV,GTATCTAAA
IBV,TATAATTTA
IBV,TCTTGCTTA
IBV,TTATCTAAA
IBV,TTATTATAATT
IBV,AAACCATTA
IBV,AAATTATAATA
IBV,AATAATTAT
IBV,AATTTAACA
IBV,ACCAGAAAC
IBV,ATAATATTAT
IBV,ATAATTATAA
IBV,ATAATTATG
IBV,ATTATAATAA
IBV,CAAAGTAAT
IBV,CTACTAATT
IBV,GGTGAGTTA
IBV,TAACAGTTA
IBV,TAATAATTA
IBV,TAATATTAT
IBV,TGAGTCAGTT
IBV,TTATAATTTA
IBV,TTATTATAATT
IBV,TTGTATACAA
IBV,TTTGATTATA
IBV,AGTAGTGTTAACACTACT
IBV,TTATTATAATT
IBV,AATAATTATA
IBV,AATACTAGTATT
IBV,AGGTGGTTGT
IBV,CTGTTTCATTA
IBV,GTTATTATAA
IBV,TAATACAGGTGGT
IBV,TAGTTAATGT
IBV,TTATTATAATT
IBV,AAATTGCTG
IBV,ACTGGCATGCT
IBV,ACTGGTTCTCA
IBV,AGGTTTTAT
IBV,ATCTGTTGG
IBV,CACTTAATA
IBV,CCTGCAGTA
IBV,CTAGCATTA
IBV,GCAATTTTT
IBV,GCAATTTTT
IBV,GCCTGCAGT
IBV,GTATACAAA
IBV,GTCTATTAG
IBV,TAACAGTTA
IBV,TAAGTTTTG
IBV,TATAAAAAT
IBV,TATTATAAT
IBV,TATTTACAA
IBV,TCAACACAA
IBV,TGCCAGTAT
IBV,TGTATTGTT
IBV,TTACTAAGA
IBV,TTATTAATAGT
IBV,TTATTATAATT
IBV,TTGGTACTATT
IBV,TTTCTGAGTAG
IBV,TTTGCTTGT
IBV,TTTGTTGTA
IBV,TTTTATTAA
IBV,ACTGTTGGT
IBV,CATAGCTATG
IBV,GCCCTAGGGC
IBV,GTGTGCACTA
IBV,TAATAAAAC
IBV,TATAATCAA
IBV,TATAATTTA
IBV,TATTATAAT
IBV,TCTTGCTTA
IBV,TTAATACTA
IBV,TTATTATAATT
IBV,TTGTCACACA
IBV,AAATAATTT
IBV,AAATTATTTA
IBV,AAATTATTT
IBV,AAGCATGCTT
IBV,AAGCCTACT
IBV,AAGGTCAATCA
IBV,AAGTAGTGA
IBV,ACATTATTT
IBV,ACTTATAAAA
IBV,AGAAGATTT
IBV,ATAGTAAAT
IBV,ATTAATAAA
IBV,ATTTAAATCA
IBV,CAAATGATTAA
IBV,CAACATCTT
IBV,CAGTTACCAC
IBV,CATTATAATG
IBV,CGTAGTTAG
IBV,CTATAAATAT
IBV,GATAACATGG
IBV,GATTCTTCTG
IBV,GTGATTTAA
IBV,GTGTTTCAA
IBV,GTTTTATTA
IBV,TAAAATTAT
IBV,TAAAATTAT
IBV,TAAATAATTTC
IBV,TAAATTTAA
IBV,TAAGCCTAT
IBV,TAATAAAACA
IBV,TAATAAGAA
IBV,TAGCATATT
IBV,TATTCAGTATG
IBV,TATTCAGTA
IBV,TCAGTATGTT
IBV,TCTGGTTTA
IBV,TGAAAAGAA
IBV,TGAAACTTT
IBV,TGCTTGTTT
IBV,TGGCATGTA
IBV,TGTTGATTA
IBV,TGTTTATTAA
IBV,TTAAATTTAA
IBV,TTAATCATTTG
IBV,TTACTACAC
IBV,TTATAATAATT
IBV,TTGCAATTT
IBV,TTGTGCACAA
IBV,TTGTGTGCA
IBV,TTTAATAAA
IBV,TTTAATACT
IBV,ACCACCTTG
IBV,GTGTTAACAC
IBV,GTTTATAAAC
IBV,ACTTCTAGTTT
IBV,TTAGTAATAAA
IBV,TTATAATAAT
IBV,TTATAATAAT
IBV,TTATTATAATT
IBV,AAAGTATTAA
IBV,TACTTTCTA
IBV,CATAGCTATG
IBV,GCCCTAGGGC
IBV,GTGTGCACTA
IBV,GTTAATACTA
IBV,TTATTATAATT
IBV,TTGTCACACA
IBV,AAACTGATT
IBV,AACATTACT
IBV,ACTTAATAT
IBV,ACTTCTAGTTT
IBV,ATAAACCAT
IBV,ATATTAAGT
IBV,CAATATGTT
IBV,CACCTGCTG
IBV,CCATAGATG
IBV,GGTTTTATT
IBV,GTAGTAATG
IBV,GTATAACAC
IBV,GTGCATCTG
IBV,TCAAGGTTT
IBV,TGGAGTGTA
IBV,TGGTGTTAA
IBV,TGTAACTAA
IBV,TTACTACTA
IBV,TTAGTAATAAA
IBV,TTATTAACA
IBV,TTATTTACA
IBV,TTGAACCTG
IBV,TTGTAAATA
IBV,TTGTCCATA
IBV,ACTTCTAGTTT
IBV,TTAGTAATAAA
IBV,AAACAAGGT
IBV,GCATAAACA
IBV,TAATTATACAA
IBV,ACTTCTAGTTT
IBV,TTAGTAATAAA
IBV,ACTGTTGGT
IBV,GCCTACTCT
IBV,GTATCTAAA
IBV,TATAATTTA
IBV,TCTTGCTTA
IBV,TTATCTAAA
IBV,TTATTATAATT
IBV,ACCACTCTG
IBV,AAACTATTA
IBV,AACAGATTC
IBV,AAGGCCATT
IBV,AATAATGGT
IBV,AATGGTATA
IBV,AATTTAACA
IBV,ATGGCCTTA
IBV,ATGGCCTTA
IBV,CAAAATGTTCA
IBV,CAAGGTCTT
IBV,CAATATGTT
IBV,CAATTTGTA
IBV,CGTTTACTACT
IBV,CTAGCATTA
IBV,GAATTATGT
IBV,GAGAAAGTA
IBV,GCAATTTTT
IBV,GGTTCTCAA
IBV,GTATAAAAA
IBV,GTGTTAATA
IBV,GTTGCTGGT
IBV,TAACAGTTT
IBV,TAACTTCAC
IBV,TAATAATTA
IBV,TACTAACAT
IBV,TAGACCGGC
IBV,TAGCCATGA
IBV,TCATTACTA
IBV,TCTGCTGTA
IBV,TCTTCAATA
IBV,TGCTAGAGA
IBV,TTAACACTA
IBV,TTAATTTGA
IBV,TTGTTTGCA
IBV,TTTAATATA
IBV,TTTCTGAGT
IBV,TTTGTGGTA
IBV,TTTGTTGTA
IBV,ACTGTTGGT
IBV,GCCTACTCT
IBV,GTATCTAAA
IBV,TATAATTTA
IBV,TCTTGCTTA
IBV,TTATCTAAA
IBV,TTATTATAATT
IBV,ACTTCTAGTTT
IBV,TTAGTAATAAA
IBV,ACACATTGC
IBV,ATGTTATTA
IBV,CATTGCTTT
IBV,GATGTTATT
IBV,GCTTTAAAA
IBV,GTTATTATA
IBV,TAAAAATTT
IBV,TACAGGTGC
IBV,TCTAAATTTAGA
IBV,TTATAATAA
IBV,ACTCAACACAA
IBV,TTATTATAATT
IBV,AAACTTACCA
IBV,AATCTACCAG
IBV,AATTGCCACAA
IBV,ACCCAGTCA
IBV,ACTGGCATGCT
IBV,AGGTTTTAT
IBV,AGTTATAACT
IBV,ATCAAAATCA
IBV,ATCTGTTGG
IBV,ATTCACTTT
IBV,CAATTTCACT
IBV,CACTTAATA
IBV,CACTTTCAGT
IBV,CCAGTTATAA
IBV,CCATTAGGT
IBV,CCTGCAGTA
IBV,CTGTTGGTA
IBV,CTTACTCAT
IBV,GCAATTTTT
IBV,GCAATTTTT
IBV,GCCTGCAGT
IBV,GGCAATTTT
IBV,GTAAAGGTG
IBV,GTATACAAA
IBV,TAAGTTTTG
IBV,TATAACTGGC
IBV,TATAATAAT
IBV,TATTATAAT
IBV,TCAACACAA
IBV,TGCATACTG
IBV,TGTTGGTAA
IBV,TTACTAAGA
IBV,TTATAAACA
IBV,TTATAATAAT
IBV,TTATTATAATT
IBV,TTCTGAGTAG
IBV,TTGTATAAAA
IBV,TTTGCTTGT
IBV,ATAATATTAT
IBV,CATAGCTATG
IBV,GTGAATTCAC
IBV,GTGTGCACTA
IBV,TTATAATTTA
IBV,ACTTCTAGTTT
IBV,TTAGTAATAAA
IBV,TAATACAGGTGGT
IBV,TTTCATTAACA
IBV,GATTTAAATC
IBV,AAACTTACCA
IBV,AATCTACCAG
IBV,AATTGCCACAA
IBV,ACCCAGTCA
IBV,ACTGGCATGCT
IBV,AGGTTTTAT
IBV,AGTTATAACT
IBV,ATCAAAATCA
IBV,ATCTGTTGG
IBV,ATTCACTTT
IBV,CAATTTCACT
IBV,CACTTAATA
IBV,CACTTTCAGT
IBV,CCAGTTATAA
IBV,CCATTAGGT
IBV,CCTGCAGTA
IBV,CTGTTGGTA
IBV,CTTACTCAT
IBV,GCAATTTTT
IBV,GCAATTTTT
IBV,GCCTGCAGT
IBV,GGCAATTTT
IBV,GTAAAGGTG
IBV,GTATACAAA
IBV,TAACAGTTA
IBV,TAAGTTTTG
IBV,TATAACTGGC
IBV,TATTATAAT
IBV,TCAACACAA
IBV,TCTGGAGTG
IBV,TGCATACTG
IBV,TGCCAGTAT
IBV,TGTTGGTAA
IBV,TTACTAAGA
IBV,TTATAAACA
IBV,TTATAATAAT
IBV,TTATTATAATT
IBV,TTCTGAGTAG
IBV,TTGTATAAAA
IBV,TTTGCTTGT
IBV,ACACTGTAA
IBV,CAGGTGCTG
IBV,AAAGTAGTGTTAACACTACTTT
IBV,AAATAATTT
IBV,ATTAATAAA
IBV,TAAAATTAT
IBV,TAGATATTA
IBV,TGAAAAGAA
IBV,TGATTTAAATCA
IBV,TGTTGATTA
IBV,TTATAATAATT
IBV,CCATAGATG
IBV,GCCTACTCT
IBV,GTATCTAAA
IBV,GTTAATACT
IBV,TAATAATTA
IBV,TATAATTTA
IBV,TTATTATAATT
IBV,AAACCATTA
IBV,ACTGGCATGCT
IBV,AGTTATAACT
IBV,ATTCACTTT
IBV,CACTTTCAGT
IBV,GGCAATTTT
IBV,TATAACTGGC
IBV,TATTATAAT
IBV,TCAACACAA
IBV,TGCCAGTAT
IBV,TTATAAACA
IBV,TTATAATAAT
IBV,TTATTATAATT
IBV,CATAGCTATG
IBV,GCCCTAGGGC
IBV,GCCTATAGGC
IBV,GTGTGCACTA
IBV,TAACTTAACA
IBV,TTATTATAATT
IBV,ACCACTCTG
IBV,ACTAACGTTAGT
IBV,ACTCAACACAA
IBV,GATTTAAATC
IBV,AAACCATTA
IBV,ACTTAATAT
IBV,ACTTAATAT
IBV,ATAATAATA
IBV,CAAATGATT
IBV,CAATATGTT
IBV,CATAGCTATG
IBV,CATTTTGTG
IBV,CTGTTGTAA
IBV,GCCCTAGGGC
IBV,GCCTACTCT
IBV,GCTGGTTTA
IBV,GGAATGATAC
IBV,GGTGGTGTTA
IBV,GGTTTTATT
IBV,GTAAAGGTG
IBV,GTATCTAAA
IBV,GTGTGCACTA
IBV,GTGTTAATA
IBV,GTTAATACTA
IBV,TAATAAAAC
IBV,TAATATCTCT
IBV,TAATATTACT
IBV,TAATATTACT
IBV,TAATTCTAG
IBV,TATTACTAA
IBV,TCTTCAAGG
IBV,TCTTGCTTA
IBV,TGGACCTGT
IBV,TGGAGTGTA
IBV,TGGCTAGCCA
IBV,TGTACTCAT
IBV,TGTTTCAACA
IBV,TTATTAACA
IBV,TTATTTACA
IBV,TTGTAAATA
IBV,TTGTCACACA
IBV,TTTTGTGGTA
IBV,AAGGCCATT
IBV,AATTTTGTA
IBV,ACATTGTTT
IBV,ACCCTGCAT
IBV,AGTGCTTCT
IBV,ATTTTGTGGTA
IBV,CAATATGTT
IBV,CTAGCATTA
IBV,CTTCAAGGT
IBV,GGGTGTAAG
IBV,GGTACTGTG
IBV,GGTTTTATT
IBV,GTATACAAA
IBV,GTCTAAAAC
IBV,GTGTATAAACA
IBV,TAACAGTTA
IBV,TAATAAAAC
IBV,TAATAATAG
IBV,TACAACAAA
IBV,TATTACTAA
IBV,TATTATAAT
IBV,TCAACACAA
IBV,TCTGAGTAG
IBV,TTATAATAA
IBV,TTATTAACA
IBV,TTATTATAATT
IBV,TTATTTACA
IBV,TTGTTTGCA
IBV,TTTAGACCA
IBV,TTTGTGGTA
IBV,AACTGCTGATTA
IBV,ACTGGTTCTCA
IBV,GTGGTTTTGTT
IBV,CATAGCTATG
IBV,GCCCTAGGGC
IBV,GTGTGCACTA
IBV,GTTAATACTA
IBV,TAACTTAACA
IBV,TTATTATAATT
IBV,TTGTCACACA
IBV,CATAGCTATG
IBV,GCCCTAGGGC
IBV,GCCTTAAGGC
IBV,GTGTGCACTA
IBV,GTTAATACTA
IBV,TTATTATAATT
IBV,TTGTCACACA
IBV,CTTATTCATAT
IBV,TTATTATAATT
IBV,AACACCTTT
IBV,AACACCTTT
IBV,AATAAAAAT
IBV,AATAATGCC
IBV,AATATAATA
IBV,AATCAAAAT
IBV,AATGTGCTC
IBV,ACAGGTGGT
IBV,AGAAGTACTTCT
IBV,AGGTTTTAT
IBV,ATGGCGTCA
IBV,ATTGCATAC
IBV,CACTTAATA
IBV,CATTAACTAATTT
IBV,CATTTAAGT
IBV,CCACAAACT
IBV,CCATAACTT
IBV,CCTAATATTAGG
IBV,CTAGCATTA
IBV,GAATATAAT
IBV,GACCATATT
IBV,GCAACTTGT
IBV,GCATTTCTGCT
IBV,GGTGTTAACACC
IBV,GTAGTAATG
IBV,GTTTGTGGT
IBV,TAAGTTTTG
IBV,TAATAATGG
IBV,TAATACCAC
IBV,TAGAAACTC
IBV,TAGTTAATGTC
IBV,TAGTTTCTG
IBV,TCTTACCAC
IBV,TCTTGTCAA
IBV,TGAATATAATA
IBV,TGGTGTTAA
IBV,TTACCACAAAC
IBV,TTACTAAGA
IBV,TTATAATAA
IBV,TTTCTGAGT
IBV,TTTGTGGTA
IBV,TTTTTTATA
IBV,AACTTTTCC
IBV,ACTAATATTAGT
IBV,AGTTATAACT
IBV,GATAACTCA
IBV,TAAAATTAT
IBV,TAATACTACT
IBV,TAATTATAC
IBV,TATTATAAT
IBV,TCAACACAA
IBV,TGGTCTAAAA
IBV,TTACTAGTAA
IBV,TTATTATAATT
IBV,GCGGGCAGC
IBV,GGCAGCTGCC
IBV,ACAAACTGCT
IBV,ACTCAACACAA
IBV,CATTTAAATG
IBV,TAATGAGACT
IBV,TTATAATAAT
IBV,TTATTATAATT
IBV,AAAGTAGTGTTAACACTACTTT
IBV,ACTGGCATGCT
IBV,TTATTATAATT
IBV,ACTCAACACAA
IBV,TTATTATAATT
IBV,AACACCACC
IBV,ACCACCTTG
IBV,GTGTTAACAC
IBV,GTTTATAAAC
IBV,GTGTTAACAC
IBV,CATAGCTATG
IBV,GCCTATAGGC
IBV,GTGTGCACTA
IBV,GTTAATACTA
IBV,TAACTTAACA
IBV,TTATTATAATT
IBV,TGGCATGCT
IBV,ACTGGCATGCT
IBV,CATAGCTATG
IBV,GTGTGCACTA
IBV,GTTAATACTA
IBV,TAACTTAACA
IBV,CATTTAAGT
IBV,CCATAACTT
IBV,AAACTTACCA
IBV,AATCTACCAG
IBV,AATTGCCACAA
IBV,ACCCAGTCA
IBV,ACTGGCATGCT
IBV,AGGTTTTAT
IBV,AGTTATAACT
IBV,ATCAAAATCA
IBV,ATCTGTTGG
IBV,ATTCACTTT
IBV,CAATTTCACT
IBV,CACTTAATA
IBV,CACTTTCAGT
IBV,CCAGTTATAA
IBV,CCATTAGGT
IBV,CCTGCAGTA
IBV,CTGTTGGTA
IBV,CTTACTCAT
IBV,GCAATTTTT
IBV,GCAATTTTT
IBV,GCCTGCAGT
IBV,GGCAATTTT
IBV,GTAAAGGTG
IBV,GTATACAAA
IBV,TAACAGTTA
IBV,TAAGTTTTG
IBV,TATAACTGGC
IBV,TATTATAAT
IBV,TCAACACAA
IBV,TCTGGAGTG
IBV,TGCATACTG
IBV,TGCCAGTAT
IBV,TGTCAAGTA
IBV,TGTTGGTAA
IBV,TTACTAAGA
IBV,TTATAAACA
IBV,TTATAATAAT
IBV,TTATTATAATT
IBV,TTCTGAGTAG
IBV,TTGTATAAAA
IBV,TTTGCTTGT
IBV,AAACTGGTT
IBV,AATATAATA
IBV,ACACATTGT
IBV,ACCAATTGGT
IBV,ACTTCTTATA
IBV,AGAAAGTGAT
IBV,AGAAGATTT
IBV,AGCAGATGCT
IBV,AGCTGCAGCT
IBV,AGGTGGTTGT
IBV,AGTAAGAAT
IBV,AGTTATAAT
IBV,AGTTCTTTA
IBV,ATGAAAAAC
IBV,ATGTACTCA
IBV,ATTAACCCA
IBV,CAAAAGGAA
IBV,CAATATGTT
IBV,CAGTAAGAAT
IBV,CCAAAATTTTTAT
IBV,CCCTTAATAA
IBV,CTAGCATTA
IBV,CTTTAGGTA
IBV,GCAATTTTT
IBV,GTAAAGGTG
IBV,GTGATGACA
IBV,GTTATTATAA
IBV,GTTTCATTA
IBV,TAATAATGG
IBV,TAATACAGGTGGT
IBV,TACAAACTG
IBV,TACTGCAGTA
IBV,TAGCTGCAG
IBV,TAGTAATGA
IBV,TATATTTAAA
IBV,TATGTACTCAT
IBV,TCAAGTTGC
IBV,TCTTGTCAA
IBV,TGAATATAAT
IBV,TGTCACAGA
IBV,TTAATAACTT
IBV,TTGTTTGCA
IBV,TTTCATTAACA
IBV,TTTCTGAGTAG
IBV,TTTGTGGTA
IBV,TTTTTCATT
IBV,TGTTAATGGTA
IBV,ACTGTAATT
IBV,ACTGTTGGT
IBV,GCCTACTCT
IBV,TATAATTTA
IBV,TCTTGCTTA
IBV,TTAATACTA
IBV,TTATTATAATT
IBV,TTTGATTAT
IBV,CATAGCTATG
IBV,GCCTACTCT
IBV,GTGTGCACTA
IBV,GTGTGCACT
IBV,TAATAAAAC
IBV,TATAATTTA
IBV,TCTTGCTTA
IBV,TTAATACTA
IBV,TTATAATAAT
IBV,TTATTATAATT
IBV,TTGTCACACA
IBV,AAGCATGCTT
IBV,AAGTAGTGA
IBV,ACATTATTT
IBV,ACTTATAAAA
IBV,AGAAGATTT
IBV,AGCAGTGAA
IBV,ATAGTAAAT
IBV,ATTTAAATCA
IBV,CAAATGATTA
IBV,CAACATCTT
IBV,CAGTTACCAC
IBV,CATTATAATG
IBV,CCCCTTCAGGT
IBV,CGTAGTTAG
IBV,GATTAGTGC
IBV,GATTCTTCTG
IBV,GTGATTTAA
IBV,GTGTTTCAA
IBV,GTTTTATTA
IBV,TAAAATTAT
IBV,TAAAATTAT
IBV,TAAATTTAA
IBV,TAAGCCTAT
IBV,TAATAAAACA
IBV,TAATAAGAA
IBV,TAATACAGG
IBV,TATCAACAG
IBV,TATTATAAA
IBV,TATTCAGTATG
IBV,TCAGTATGTT
IBV,TCTGGTTTA
IBV,TGAAAAGAA
IBV,TGAAACTTT
IBV,TGCTTGTTT
IBV,TGGCATGTA
IBV,TGTTGATTA
IBV,TGTTTATTAA
IBV,TTAAATTTAA
IBV,TTAATCATTTG
IBV,TTACTACAC
IBV,TTAGATAATT
IBV,TTATAATAATT
IBV,TTGCAATTT
IBV,TTGTGCACAA
IBV,TTTAATAAA
IBV,TTTAATAAA
IBV,TTTAATACT
IBV,ACTCAACACAA
IBV,TAGTGTTAACACTA
IBV,TTATTATAATT
IBV,AAGCTTGTA
IBV,AATTGTAAA
IBV,ACACAAACC
IBV,CTTCTAATT
IBV,GCAACATGTTGC
IBV,GTGTCTATG
IBV,TAGCTAGTA
IBV,TAGTAGGTG
IBV,TATGCAAAACA
IBV,TATTAGTAA
IBV,TATTTATAA
IBV,TCTATTAATAGA
IBV,TTATGCAAA
IBV,TTATTAGTA
IBV,TTTATAATA
IBV,GCCAGGGCTTTT
IBV,AATCTGTTT
IBV,ACAAAACTACT
IBV,ACTGTTGGT
IBV,ACTTCTAGTTT
IBV,AGATGTAAG
IBV,GTATCTAAA
IBV,TAATAATTA
IBV,TATAATCAA
IBV,TATAATTTA
IBV,TATTATAAT
IBV,TTAGTAATAAA
IBV,TTATTTAAA
IBV,AATAATTATA
IBV,AATACTAGTATT
IBV,AGGTGGTTGT
IBV,CTGTTTCATTA
IBV,GTTATTATAA
IBV,TAATACAGGTGGT
IBV,TAGTTAATGT
IBV,ACTGGCATGCT
IBV,AGTTATAACT
IBV,TATAACTGGC
IBV,TTATAACTAA
IBV,TTATAATAAT
IBV,TTATTATAATT
IBV,GACAATATATTGTC
IBV,ACTCAACACAA
IBV,TTATTATAATT
IBV,AAACCATTA
IBV,AAGGCCATT
IBV,AAGTTGTCA
IBV,ACCACCAAA
IBV,ACTGTTGGT
IBV,ATTTTGTGGTA
IBV,CAATATGTT
IBV,CATTTTGTG
IBV,CTAGCATTA
IBV,GCCTACTCT
IBV,GGGTGTAAG
IBV,GTCTATAAT
IBV,TAACAGGCA
IBV,TAACAGTTA
IBV,TAACTTAACAT
IBV,TAATAATTA
IBV,TATAATTTA
IBV,TATTACTAA
IBV,TCTTACCAC
IBV,TGTAAGTAA
IBV,TTAACATCT
IBV,TTATTAACA
IBV,TTATTATAATT
IBV,TTATTTACA
IBV,TTTGTGGTA
IBV,AACGTCTAC
IBV,ACTGCTGGT
IBV,CACTGTAAT
IBV,GACGTAATT
IBV,GATAATTAT
IBV,GCGACTTGT
IBV,TAATTCACC
IBV,TCTGTTGCA
IBV,TGTTGTTAT
IBV,TTAGTTAAG
IBV,AATAATTATA
IBV,AATAGCTATT
IBV,ATAATTATA
IBV,ATAATTATA
IBV,ATTTTAAAAT
IBV,CATCAACTG
IBV,GCACTGTGTT
IBV,GTAATATTA
IBV,GTGTTAACAC
IBV,TAAATGTAG
IBV,TATGCAAGAA
IBV,TGCTAACAA
IBV,TGGACAGAA
IBV,TTATAATTATAA
IBV,TTATTATAATTA
IBV,TTTACTAAT
IBV,TTTGCACTA
IBV,TTCTATAGAA
IBV,AAAAATACC
IBV,AACACTATT
IBV,AACTAATTT
IBV,ACATCTTCG
IBV,ATGAAAAAT
IBV,CAAGGTCTT
IBV,CACGCAAAA
IBV,CACTTAATA
IBV,CAGTATGTT
IBV,CTAAAACAG
IBV,CTACCAAAG
IBV,CTAGCATTA
IBV,GAGTATAAG
IBV,GCAGGTGGTGC
IBV,GGTTTTATT
IBV,GTAAAGGTG
IBV,GTATACAAA
IBV,GTTTTGAGTAT
IBV,TAATAAGAA
IBV,TACTAACAT
IBV,TAGTATTAATACTA
IBV,TATTATAAT
IBV,TCAACACAA
IBV,TGAATCTGTTG
IBV,TGGTGAGTT
IBV,TGGTGGTGT
IBV,TGTAAACAC
IBV,TGTATAAAA
IBV,TTAACTCAC
IBV,TTATTATAATT
IBV,TTGAAAAAG
IBV,TTTACTACT
IBV,AGTAGTGTTAACACTACT
IBV,ACCAGACAC
IBV,CATAGCTATG
IBV,GCCTACTCT
IBV,GTATCTAAA
IBV,GTGTGCACTA
IBV,GTTAATACTA
IBV,GTTAATACT
IBV,TATAATTTA
IBV,TGCGTTAATA
IBV,TTATCTAAA
IBV,TTATTATAA
IBV,AAACCATTA
IBV,ACTGTTGGT
IBV,ACTTAATAT
IBV,ACTTAATAT
IBV,ATAATAATA
IBV,CAATATGTT
IBV,CATTTTGTG
IBV,CTAGCATTA
IBV,CTGGCTTGT
IBV,CTGTTGTAA
IBV,GACAATATG
IBV,GCCTACTCT
IBV,GCTGGTTTA
IBV,GTAAAGGTG
IBV,GTATCTAAA
IBV,TAACAGGCA
IBV,TAATATTACT
IBV,TAATATTACT
IBV,TATAATTTA
IBV,TCTTACCAC
IBV,TCTTGCTTA
IBV,TGGAGTGTA
IBV,TGTACTCAT
IBV,TTATTAACA
IBV,TTATTTACA
IBV,TTGTAAATA
IBV,TTTCGACAA
IBV,AATTGCCACAA
IBV,ACCCAGTCA
IBV,ACTGGCATGCT
IBV,ACTGGTTCTCA
IBV,AGGTTTTAT
IBV,ATCTGTTGG
IBV,CACTTAATA
IBV,CATTAAAATCA
IBV,CCATTAGGT
IBV,CTGTTGGTA
IBV,CTTACTCAT
IBV,GACAATATG
IBV,GCAATTTTT
IBV,GCAATTTTT
IBV,GGCAATTTT
IBV,GTAAAGGTG
IBV,GTATACAAA
IBV,TAACAGTTA
IBV,TAAGTTTTG
IBV,TATTATAAT
IBV,TCAACACAA
IBV,TGCATACTG
IBV,TGCCAGTAT
IBV,TGTCAAGTA
IBV,TGTTGGTAA
IBV,TTACTAAGA
IBV,TTATAAACA
IBV,TTATAATAA
IBV,TTATTATAATT
IBV,TTTGCTTGT
IBV,TTTGTTGTA
IBV,TTTTGTATG
IBV,TTACCAGTG
IBV,AATGAAAAAT
IBV,ATGAAAAAT
IBV,GTATCTAAA
IBV,GTGTGCACTA
IBV,GTTAATACTA
IBV,GTTAATACT
IBV,TAATAATTA
IBV,TATAATTTA
IBV,TGCGTTAATA
IBV,TTATCTAAA
IBV,TTATTATAATT
IBV,TTTCATTTCT
IBV,AAAGTAGTGTTAACACTACTTT
IBV,AACACCACC
IBV,GTGTTAACAC
IBV,GTTTATAAAC
IBV,ACAAAACTACT
IBV,ACTTCTAGTTT
IBV,GTTCTGCAGAAC
IBV,TTAGTAATAAA
IBV,AACTTTTCC
IBV,AAGGCCATT
IBV,ACACTGTAA
IBV,ACCTAGTAG
IBV,AGAAGACTT
IBV,CTAGCATTA
IBV,GACAATATATTGTC
IBV,GATGTTGTT
IBV,GGTTTTGTT
IBV,GTAGTAATG
IBV,GTGCTTCTA
IBV,TAAAGTTAT
IBV,TAATACCAC
IBV,TAATATCTC
IBV,TCATTACTA
IBV,TGGTTATTA
IBV,TGTTACACA
IBV,TGTTGTTAT
IBV,TGTTTGTTA
IBV,TTAAAGCTG
IBV,TTAACAAAC
IBV,TTAATTTGA
IBV,TTAATTTTT
IBV,TTGAACCTG
IBV,TTGTTAACA
IBV,TTTGAATGT
IBV,TTTGTTAAC
IBV,TTTTATATT
IBV,TTTTGTTAA
IBV,AAACTGGTT
IBV,AAAGTGGAT
IBV,AATAATTATA
IBV,AATACTAGTATT
IBV,ACACATTGT
IBV,ACATTGTAG
IBV,ACTGCTGGT
IBV,ATTATACTCAA
IBV,CCTTGGCCTA
IBV,CGTCTAGACG
IBV,GAAAAAAGA
IBV,GTTATAAAA
IBV,GTTATTATAA
IBV,TAAAGTTAT
IBV,TAATAATTA
IBV,TAGTTAATGT
IBV,TTACTAACA
IBV,TTATAAAAGT
IBV,TTATAATAA
IBV,TTGTTTGCA
IBV,TTTTACATT
IBV,AAACCATTA
IBV,AACAACCACA
IBV,ACTGTTGGT
IBV,ACTTAATAT
IBV,ACTTAATAT
IBV,ATAATAATA
IBV,CAATATGTT
IBV,CATAGCTATG
IBV,CATTTTGTG
IBV,CTAGCATTA
IBV,CTGTTGTAA
IBV,GCCCTAGGGC
IBV,GCTGGTTTA
IBV,GGAATGATAC
IBV,GGTGGTGTTA
IBV,GTAAAGGTG
IBV,GTGTGCACTA
IBV,GTGTTAATA
IBV,TAACAAAACT
IBV,TAACAGGCA
IBV,TAACTTAACA
IBV,TAATATTACT
IBV,TAATATTACT
IBV,TATTACTAA
IBV,TCTTGCTTA
IBV,TGGAGTGTA
IBV,TGGCTAGCCA
IBV,TGTACTCAT
IBV,TGTTTCAACA
IBV,TTAATACTA
IBV,TTATTAACA
IBV,TTATTTACA
IBV,TTGTAAATA
IBV,TTGTCACACA
IBV,TTTTGTGGTA
IBV,AAACCATTA
IBV,ACACTAATAA
IBV,ACTTAATAT
IBV,ACTTAATAT
IBV,AGGGGGTGCT
IBV,AGTTTTAAGT
IBV,ATAATAATA
IBV,CAATATGTT
IBV,CATAGCTATG
IBV,CATTTTGTG
IBV,CTAGCATTA
IBV,CTGTTGTAA
IBV,GCCTACTCT
IBV,GCTGGTTTA
IBV,GGAATGATAC
IBV,GGTGGTGTTA
IBV,GTAAAGGTG
IBV,GTATCTAAA
IBV,GTGTGCACTA
IBV,GTGTTAATA
IBV,GTTAATACTA
IBV,TAACAGGCA
IBV,TAATATTACT
IBV,TAATATTACT
IBV,TATAATTTA
IBV,TATTACTAA
IBV,TCTTGCTTA
IBV,TGGAGTGTA
IBV,TGGCTAGCCA
IBV,TGTACTCAT
IBV,TGTTTCAACA
IBV,TTATTAACA
IBV,TTATTTACA
IBV,TTGTAAATA
IBV,TTGTCACACA
IBV,TTTGTTTGAT
IBV,TTTTGTGGTA
IBV,CATAGCTATG
IBV,CGTATCTAAA
IBV,GTGTGCACTA
IBV,GTGTTAACAC
IBV,GTTAATACTA
IBV,TTATTATAATT
IBV,AATTTTGTA
IBV,ACAAAATTA
IBV,ACTCAACACAA
IBV,ATTATGAAA
IBV,ATTTAAATA
IBV,GTATTTAAATAC
IBV,GTATTTAAA
IBV,TGGTCTAAA
IBV,TTATAATAAT
IBV,TTATAATAAT
IBV,TTATAATAA
IBV,TTATTATAATT
IBV,ACTGGCATGCT
IBV,TTATTATAATT
IBV,ATAATTATA
IBV,ATACTACTATA
IBV,ATACTACTA
IBV,ATCAGTCAC
IBV,ATGAGAAAT
IBV,CAATTTAAT
IBV,GTAGTACAT
IBV,TAAAATTAT
IBV,TAATACTACT
IBV,TAATACTACT
IBV,TAGTAATTA
IBV,TTGGTAGTA
IBV,TTTGTTTGA
IBV,TTATTATAATT
IBV,TATAATTTA
IBV,AAACCATTA
IBV,ACTGTTGGT
IBV,ACTTAATAT
IBV,ACTTAATAT
IBV,ATAATAATA
IBV,CAATATGTT
IBV,CATTTTGTG
IBV,CTAGCATTA
IBV,CTGTTGTAA
IBV,GCTGGTTTA
IBV,GGTTTTATT
IBV,GTAAAGGTG
IBV,GTGTTAATA
IBV,TAACAGGCA
IBV,TAATATTACT
IBV,TAATATTACT
IBV,TATAATTTA
IBV,TATTACTAA
IBV,TCTTGCTTA
IBV,TGGAGTGTA
IBV,TGTACTCAT
IBV,TTAATACTA
IBV,TTATTAACA
IBV,TTATTTACA
IBV,TTGTAAATA
IBV,AAATTATAATA
IBV,AACTAATTT
IBV,AATAATTAT
IBV,AATTATAAT
IBV,ATAATATTAT
IBV,ATTATAATT
IBV,ATTGTTATA
IBV,GTGGTTATTA
IBV,GTGTGCACTA
IBV,TAATAATTA
IBV,TAATTATAATTA
IBV,TATTATAAT
IBV,TCTTTATTT
IBV,TTATAATCAA
IBV,TTATAATTTA
IBV,TTTATTTAA
IBV,TTATTATAATT
IBV,AAATTATAATA
IBV,AATAATTAT
IBV,AATTACATG
IBV,AATTTTGTAGT
IBV,ACCCTGCAT
IBV,ACTATTAATAGT
IBV,ATAATATTAT
IBV,CAAAATTTTG
IBV,CTACTAATT
IBV,GTGTGCACTA
IBV,TAATAATTA
IBV,TAATATTAT
IBV,TATAATCAA
IBV,TATTATAAT
IBV,TCAACACAA
IBV,TTATAATTTA
IBV,TTATTATAATT
IBV,AAGGCCATT
IBV,ACTCAACACAA
IBV,AGAAGATTT
IBV,AGGTGGTGT
IBV,ATTAATAAT
IBV,ATTTTTTAT
IBV,CAATATGTT
IBV,CTAGCATTA
IBV,CTGTTGTAA
IBV,CTTCAAGGT
IBV,GGCCTTATT
IBV,GTAGTAATG
IBV,GTGTATAAA
IBV,TAATAAGAA
IBV,TACTAATAG
IBV,TCTTCACAA
IBV,TGTAACTGA
IBV,TTAATTTGA
IBV,TTACTACTA
IBV,TTATTATAATT
IBV,TTATTTACA
IBV,TTGAACCTG
IBV,TTGTAAATA
IBV,TTGTTTGCA
IBV,TTTACTACT
IBV,TTTGAATGT
IBV,TTTTATATT
IBV,ACAAACTGCT
IBV,ACAAGGTCAC
IBV,ACTCAACACAA
IBV,ATAAATTTAT
IBV,CATTTAAATG
IBV,TTATTATAATT
IBV,GTGTTAACAC
IBV,TTAGTTAAA
IBV,CATAGCTATG
IBV,GTGTGCACTA
IBV,GTTAATACTA
IBV,TAACTTAACA
IBV,TTATTATAATT
IBV,ACACATTGT
IBV,ACCTAGTGG
IBV,ACTGGCATGCT
IBV,ACTGGTTCTCA
IBV,AGGTTTTAT
IBV,ATCAAAATC
IBV,ATCCTAGTA
IBV,CAAAAAGAA
IBV,CACTTAATA
IBV,CATCAAAATCA
IBV,CCTGCAGTA
IBV,CTAGCATTA
IBV,GCAATTTTT
IBV,GCCTGCAGT
IBV,GGGAGTATA
IBV,GGTTTTATT
IBV,GTATACAAA
IBV,TAACAGTTA
IBV,TAAGTTTTG
IBV,TATAAAAAT
IBV,TATGAAAAATG
IBV,TATTATAAT
IBV,TGCCAGTAT
IBV,TTACTAAGA
IBV,TTATAAACA
IBV,TTATTATAATT
IBV,TTTGCTTGT
IBV,TTTGTTGTA
IBV,AACCTTGAC
IBV,AAGTGCTTTTA
IBV,ACTCTTTTG
IBV,AGTAAGAAT
IBV,ATAAAAGTG
IBV,ATATTGTTG
IBV,ATTATCAAA
IBV,ATTTCTGCT
IBV,ATTTTTCAT
IBV,CACAGAACC
IBV,CACCTAGAG
IBV,CACTTTTTATA
IBV,CCATTTAAT
IBV,CTAGCATTA
IBV,GCAACTTGT
IBV,GGTCTCATT
IBV,GTATAAAAA
IBV,TAATGTTTC
IBV,TAGACCATT
IBV,TAGTCTCTG
IBV,TATTATTAT
IBV,TCATTCCAC
IBV,TCCTATTATTA
IBV,TGCTAGAGA
IBV,TGCTTTTAA
IBV,TGTATAAAA
IBV,TTAACAGGT
IBV,TTAACTCAC
IBV,TTAATGGGA
IBV,TTAATTTTT
IBV,TTACAGCCG
IBV,TTATTATAATT
IBV,TTGTAAATA
IBV,TTTAATATA
IBV,TTTGTGGTA
IBV,ACTATTAATAGT
IBV,GTGTTAACAC
IBV,TTAGTTAAA
IBV,ACTTCTAGTTT
IBV,TTAGTAATAAA
IBV,AAACCATTA
IBV,AACAAAACT
IBV,ACTGTTGGT
IBV,ACTTAATAT
IBV,ACTTAATAT
IBV,ATAATAATA
IBV,CAATATGTT
IBV,CATTTTGTG
IBV,CTAGCATTA
IBV,CTGTTGTAA
IBV,GCCTACTCT
IBV,GCTGGTTTA
IBV,GGTTTTATT
IBV,GTAAAGGTG
IBV,GTATCTAAA
IBV,GTGTTAATA
IBV,TAATATTACT
IBV,TAATATTACT
IBV,TATAATTTA
IBV,TATTACTAA
IBV,TCTTGCTTA
IBV,TGGAGTGTA
IBV,TGTACTCAT
IBV,TTAATACTA
IBV,TTATTAACA
IBV,TTATTTACA
IBV,TTGTAAATA
IBV,GTTAAAACCA
IBV,TTAGTTAAA
IBV,CATAGCTATG
IBV,GCCCTAGGGC
IBV,GTGTGCACTA
IBV,GTTAATACTA
IBV,TTATTATAATT
IBV,TTGTCACACA
IBV,AACAGATTCT
IBV,AACCATCTG
IBV,AATAAAAAT
IBV,AATCTGTTT
IBV,ACTTCTAGTTT
IBV,ACTTTTTAT
IBV,AGATGTAAG
IBV,AGCCATAGA
IBV,ATAAAAATAC
IBV,ATTACTAAT
IBV,ATTACTAAT
IBV,CAACTCACG
IBV,CACTTAATA
IBV,CAGGTATGA
IBV,CATACTGCT
IBV,GAAGATCTTC
IBV,GAATCTGTTG
IBV,GTATCTAAA
IBV,GTGTATAAAC
IBV,TAACAACAT
IBV,TAATAATGGC
IBV,TATAATTATA
IBV,TATGGCAAG
IBV,TCATTACTA
IBV,TCATTATCT
IBV,TCTGTTGTAA
IBV,TGAAACAACT
IBV,TGCTAGAGA
IBV,TTAATCCCTG
IBV,TTAGTAATAAA
IBV,TTAGTAATA
IBV,TTCACTTCTA
IBV,TTGCATGTC
IBV,TTGCTTTAT
IBV,TTTCTGAGT
IBV,TTTGTGGTA
IBV,AATTTTGTA
IBV,AATTTTGTA
IBV,ACTGTTGGTTTA
IBV,TTATTATAATT
IBV,AAATAATTT
IBV,ACATTATTT
IBV,ATTAATAAA
IBV,TAAAATTAT
IBV,TAGATATTA
IBV,TGAAAAGAA
IBV,TGATTTAAATCA
IBV,TGTTGATTA
IBV,TTATAATAATT
IBV,ACACTGTAA
IBV,ACACTGTAA
IBV,ACTCAACACA
IBV,AGTTATAACT
IBV,ATTATAATAA
IBV,TATAATAAT
IBV,TATAATAAT
IBV,TATTATAATA
IBV,TTACAGTGT
IBV,TTACAGTGT
IBV,TTATAATAAT
IBV,AAACTACTA
IBV,AAATAATTT
IBV,AAGCATGCTT
IBV,AAGGTCAAT
IBV,AAGTAGTGA
IBV,ACATTATTT
IBV,ACTACTATC
IBV,ACTTATAAAA
IBV,AGAAGATTT
IBV,AGCAGTGAA
IBV,ATAGTAAAT
IBV,ATTTAAATCA
IBV,CAAATGATTAA
IBV,CAACATCTT
IBV,CAGTTACCAC
IBV,CATTATAATG
IBV,CCTTCAGGT
IBV,CGTAGTTAG
IBV,GATTACTAC
IBV,GATTCTTCTG
IBV,GTAATCCTA
IBV,GTGATTTAA
IBV,GTGTTTCAA
IBV,GTTTTATTA
IBV,TAAAATTAT
IBV,TAAAATTAT
IBV,TAAATAATTTC
IBV,TAAATAGTA
IBV,TAAATTTAA
IBV,TAAGCCTAT
IBV,TAATAAAACA
IBV,TAATAAGAA
IBV,TAATACAGG
IBV,TATTATAAA
IBV,TATTCAGTATG
IBV,TCAGTATGTT
IBV,TCTGGTTTA
IBV,TGAAAAGAA
IBV,TGAAACTTT
IBV,TGCTTGTTT
IBV,TGGCATGTA
IBV,TGTTGATTA
IBV,TGTTTATTAA
IBV,TTAAATTTAA
IBV,TTAATCATTTG
IBV,TTACTACAC
IBV,TTATAATAATT
IBV,TTGCAATTT
IBV,TTGTAAATAGT
IBV,TTGTGCACAA
IBV,TTTAATAAA
IBV,TTTAATAAA
IBV,TTTAATACT
IBV,TTTGTAAATA
IBV,AACCTTGAC
IBV,AGTAAGAAT
IBV,GGTCTCATT
IBV,TAGACCATT
IBV,TATAATAAT
IBV,TATTATTAT
IBV,TTAACTCAC
IBV,AATTTTGTA
IBV,AATTTTGTA
IBV,ACTGTTGGTTTA
IBV,TTATTATAATT
IBV,AATAGCACT
IBV,ACCAAAGTGC
IBV,ACTGTTGGT
IBV,ACTTAATAT
IBV,ATGTTAAGT
IBV,CAATATGTT
IBV,CATAGCTATG
IBV,CATTTTGTG
IBV,CTAGCATTA
IBV,CTGTTGTAA
IBV,GCCCTAGGGC
IBV,GCCTACTCT
IBV,GCTGGTTTA
IBV,GGAATGATAC
IBV,GGTGGTGTTA
IBV,GGTTTTATT
IBV,GTAAAGGTG
IBV,GTATCTAAA
IBV,GTGTGCACTA
IBV,GTGTTAATA
IBV,GTTAATACTA
IBV,TAACAGGCA
IBV,TAACTTAACA
IBV,TATTACTAA
IBV,TCTTGCTTA
IBV,TGGCTAGCCA
IBV,TGTACTCAT
IBV,TGTTTCAACA
IBV,TTATTAACA
IBV,TTATTTACA
IBV,TTGTAAATA
IBV,TTGTCACACA
IBV,TTTTGTGGTA
IBV,ACTGGCATGCT
IBV,ACTGGTTCTCA
IBV,GCAATTTTT
IBV,GCAATTTTT
IBV,TTATTAATAGT
IBV,TTGGTACTATT
IBV,TTTCTGAGTAG
IBV,TATGATTCC
IBV,TAGACCATT
IBV,ACTTCTAGTTT
IBV,TTAGTAATAAA
IBV,AACAAAACT
IBV,AACCATCTG
IBV,AATAAAAAT
IBV,AATAAGGCC
IBV,AATCAAAGT
IBV,AATCTGTTT
IBV,ACAAAACTACT
IBV,ACCATTTTG
IBV,ACTGTTGGT
IBV,ACTTCTAGTTT
IBV,AGATGTAAG
IBV,AGCCATAGA
IBV,AGTACTTTT
IBV,ATTACTAAT
IBV,ATTACTAAT
IBV,CACAAACAG
IBV,CACTTAATA
IBV,CATTTTGTG
IBV,CTAGGTTTA
IBV,CTGCAGTTG
IBV,GCAATTTTT
IBV,GGTGGTGTTAGTA
IBV,GTATCTAAA
IBV,TAACAACAT
IBV,TATGGCAAG
IBV,TCATTACTA
IBV,TCATTATCT
IBV,TCTGTTTAT
IBV,TGCTAGAGA
IBV,TTACTAATA
IBV,TTAGTAATAAA
IBV,TTAGTAATA
IBV,TTTCTGAGT
IBV,TTTGTGGTA
IBV,CATAGCTATG
IBV,GTGTGCACTA
IBV,GTTAATACTA
IBV,TGCGTTAATA
IBV,TTATTATAATT
IBV,ACTTCTAGTTT
IBV,TTAGTAATAAA
IBV,ACCTAATGG
IBV,ACTGGCATGCT
IBV,ACTGGTTCTCA
IBV,AGGTTTTAT
IBV,ATCTGTTGG
IBV,ATGGACTGT
IBV,ATTTTTCAG
IBV,CACAAACAG
IBV,CACTTAATA
IBV,CATTAAAATCA
IBV,GCAATTTTT
IBV,GGTACTATT
IBV,GTAAAGGTG
IBV,GTTTTGTTT
IBV,TAACAGTTA
IBV,TAAGTTTTG
IBV,TATGAAAAA
IBV,TATTATAAT
IBV,TGCCAGTAT
IBV,TGTATTGTT
IBV,TGTTGGTAA
IBV,TGTTGTTAT
IBV,TTACTAAGA
IBV,TTATAATAA
IBV,TTATTATAATT
IBV,TTGTTATAA
IBV,TTTGCTTGT
IBV,TTTGTTGTA
IBV,GAGAAAGTA
IBV,GTAGTGTTAACACTAC
IBV,GTTAACACTA
IBV,AACTTTTCT
IBV,ATAAAATTA
IBV,ATAAAATTA
IBV,ATACTACTA
IBV,GGCATTTAC
IBV,GTATTTAAA
IBV,TAAAATTAT
IBV,TATTATAAT
IBV,TCAACACAA
IBV,TTAATACTACT
IBV,TTATTATAATT
IBV,AAATAATTT
IBV,ACATTATTT
IBV,AGCAGTGAA
IBV,TAAAATTAT
IBV,TGAAAAGAA
IBV,TGATTTAAATCA
IBV,TGTTGATTA
IBV,TTATAATAATT
IBV,TTTAATAAA
IBV,AATAATTAT
IBV,ACTCAACACAA
IBV,ATAATAATT
IBV,ATCCAGCAT
IBV,ATTTTATAA
IBV,GTGTTAACA
IBV,TAAAATTAT
IBV,TAAAGCCTT
IBV,TAGTGTTAACACTA
IBV,TTATTATAATT
IBV,ACTTCTAGTTT
IBV,TTAGTAATAAA
IBV,ACTCAACACA
IBV,AGTGAGTTTA
IBV,GTGTTAACAC
IBV,TAACACATTG
IBV,AATTTAACA
IBV,AGTAAGAAT
IBV,GGTCTCATT
IBV,TAGACCATT
IBV,TATAATAAT
IBV,TATTATTAT
IBV,TTAACTCAC
IBV,ACTGGTTCTCA
IBV,GTGGTTTTGTT
IBV,AACAGATTCT
IBV,AACCATCTG
IBV,AATAAAAAT
IBV,AATCTGTTT
IBV,ACTTCTAGTTT
IBV,ACTTTTTAT
IBV,AGATGTAAG
IBV,AGCCATAGA
IBV,ATAAAAATAC
IBV,ATTACTAAT
IBV,ATTACTAAT
IBV,CAACTCACG
IBV,CACTTAATA
IBV,CAGGTATGA
IBV,CATACTGCT
IBV,GAAGATCTTC
IBV,GAATCTGTTG
IBV,GTATCTAAA
IBV,GTGTATAAAC
IBV,TAACAACAT
IBV,TAATAATGGC
IBV,TATAATTATA
IBV,TATGGCAAG
IBV,TCATTACTA
IBV,TCATTATCT
IBV,TCTGTTGTAA
IBV,TGAAACAACT
IBV,TGCTAGAGA
IBV,TTAATCCCTG
IBV,TTAGTAATAAA
IBV,TTAGTAATA
IBV,TTCACTTCTA
IBV,TTGCATGTC
IBV,TTGCTTTAT
IBV,TTTCTGAGT
IBV,TTTGTGGTA
IBV,GTTAATACTAA
IBV,TTATTATAATT
IBV,AAAGTATTAA
IBV,TACTTTCTA
IBV,AAAGTATTAA
IBV,AGTACTAAT
IBV,CCGCTGCTGCTG
IBV,GCTGCTGCT
IBV,GCTGCTGCT
IBV,AAAAAGAAGAT
IBV,AAAATTTTTT
IBV,AAAATTTTT
IBV,AAATAATTT
IBV,ACAATATGTT
IBV,ACATTGTTT
IBV,ACCAGTACTA
IBV,ACCATTTTG
IBV,ACCTGTTAG
IBV,AGATGTTAA
IBV,AGTAAAATT
IBV,ATTTTGAAA
IBV,ATTTTGTGGTA
IBV,ATTTTGTGG
IBV,CAATATGTT
IBV,CAATTTCACT
IBV,CAGGCAATT
IBV,CAGTTACCAC
IBV,CATTTTGTG
IBV,CTAGCATTA
IBV,CTATACCATT
IBV,CTTACATTAAA
IBV,GAAAGAACAT
IBV,GAAGATCTTC
IBV,GTGATTTAAC
IBV,GTGTTTCAA
IBV,TAAAATTAT
IBV,TAAAATTAT
IBV,TAATAAACA
IBV,TAATAAGAA
IBV,TAATAAGGC
IBV,TATAATAAT
IBV,TATATTAGA
IBV,TCAAAATTT
IBV,TCTAATATA
IBV,TCTTATAAT
IBV,TGGAGTGTA
IBV,TGTTAGATT
IBV,TTAATAGAA
IBV,TTAATTTTT
IBV,TTATAATAATT
IBV,TTTAATAAA
IBV,TTTACTTACA
IBV,TTTCAAAATT
IBV,TTTGTGGTA
IBV,TTTTACTTA
IBV,TTTTGAGTG
IBV,TTTTTTGAGT
IBV,AAACCATTA
IBV,AAACCATTA
IBV,AACAAAACT
IBV,AATAATGCC
IBV,ACTTAATAT
IBV,ACTTAATAT
IBV,ATAATAATA
IBV,ATGGCACCT
IBV,CAATATGTT
IBV,CATTTTGTG
IBV,CTGTTGTAA
IBV,CTTCAAGGT
IBV,GCCTACTCT
IBV,GGTGGTGTTAATA
IBV,GGTTTTATT
IBV,GTAAAGGTG
IBV,GTATCTAAA
IBV,GTGTTAATA
IBV,TAACAGGCA
IBV,TAATAAGAA
IBV,TAATATTACT
IBV,TAATATTACT
IBV,TATAATTTA
IBV,TATTACTAA
IBV,TGGAGTGTA
IBV,TGTACTCAT
IBV,TTAATACTA
IBV,TTAATTATT
IBV,TTATCTAAA
IBV,TTATTAACA
IBV,TTATTGAAA
IBV,TTATTTACA
IBV,TTGTAAATA
IBV,TTTAATTAT
IBV,AAAGTAGTGTTAACACTACTTT
IBV,ATTGTTGGTT
IBV,CATAGCTATG
IBV,CGTATCTAAA
IBV,GTGTGCACTA
IBV,GTTAATACTA
IBV,TTATTATAATT
IBV,TTATTAATAA
IBV,CATAGCTATG
IBV,GTGTGCACTA
IBV,ACACATTGT
IBV,ACCATTTTG
IBV,AGTTATGAG
IBV,ATAGTGTTT
IBV,ATAGTGTTT
IBV,CAAGGTCTT
IBV,CACAAACAG
IBV,CACTTAATA
IBV,CCAAAATTTTTAT
IBV,CCTGCAGTA
IBV,CTAGCATTA
IBV,CTTTTTGTA
IBV,GACATCTTC
IBV,GCAACACAA
IBV,GCAATTTTT
IBV,GCCTGCAGT
IBV,GGTCTTATT
IBV,GGTCTTATT
IBV,GTAAAGGTG
IBV,GTATACAAA
IBV,GTCTATTAG
IBV,GTGATGACA
IBV,TAACATTAA
IBV,TAACATTAA
IBV,TAATACAGGTGGT
IBV,TACAAACTG
IBV,TAGTAATGA
IBV,TATTATAAT
IBV,TGGATCTTA
IBV,TTATTTACA
IBV,TTTAAAAGT
IBV,AAGTTAATG
IBV,ATTGTCTGCA
IBV,ATTTTGTGGTA
IBV,CAATATGTT
IBV,CATGTACATG
IBV,GACATAGTT
IBV,TACTCAAAT
IBV,TGTTGTAAA
IBV,TTGTAAATAG
IBV,TTGTTAACAA
IBV,AAAATAGTA
IBV,ATAAAATTA
IBV,ATAAAATTA
IBV,ATTATGAAA
IBV,GGCATTTAC
IBV,TAAAATTAT
IBV,TATTATAAT
IBV,ATACTCTAGG
IBV,CATAGCTATG
IBV,GTGTGCACTA
IBV,TAACTTAACA
IBV,TTATTATAATT
IBV,ACACTGTAA
IBV,ACTTCTAGTTT
IBV,TTATTATAATT
IBV,ACTGTAATTT
IBV,CATAGCTATG
IBV,CGTATCTAAA
IBV,GTGTGCACTA
IBV,GTTAATACTA
IBV,TTATTATAATT
IBV,CATAGCTATG
IBV,GTGTGCACTA
IBV,GTTAATACTA
IBV,TAACTTAACA
IBV,TTATTATAATT
IBV,TTGTCACACA
IBV,ACTCAACACA
IBV,TTATAATAAT
IBV,TTATTATAATT
IBV,AAACAATTTT
IBV,AAGGCCATT
IBV,ACATTGTTT
IBV,ACCATATTCG
IBV,ACCATCAGGT
IBV,ACTAATAAA
IBV,AGAACCATA
IBV,AGAAGATTT
IBV,AGAGAACCAT
IBV,AGCAGGCTG
IBV,AGTTATAACT
IBV,AGTTTCAGT
IBV,CAATATGTT
IBV,CAATTTCAC
IBV,CATTTTGTG
IBV,CTAGCATTA
IBV,GGAATGATAC
IBV,GTATACAAA
IBV,GTGTTAATA
IBV,TAAAATTAT
IBV,TAATAAGAA
IBV,TAATAATGGC
IBV,TAATATTACT
IBV,TAGGTGGTGTTAATA
IBV,TATTACTAA
IBV,TATTATAAT
IBV,TCTTCAAGGT
IBV,TCTTCTATA
IBV,TGGTCTAAAA
IBV,TGTAACTAA
IBV,TGTACTCAT
IBV,TGTTTCAACA
IBV,TTAACAAAG
IBV,TTATTAACA
IBV,TTATTTACA
IBV,TTGTATACAA
IBV,TTTAGACCA
IBV,TTTGTATGTA
IBV,TTTTGTGGTA
IBV,TTTTTAATT
IBV,TCTAAATTTAGA
IBV,TTATTATAATT
IBV,AATTATAATT
IBV,AATTATAAT
IBV,ATTATAATT
IBV,CACCTTTACA
IBV,GTAAAGGTGT
IBV,GTGTTAACAC
IBV,TAATTCACCAA
IBV,TTATAATAAT
IBV,TTATTATAATT
IBV,ACTTTAAAGT
IBV,ACTGTTGGT
IBV,GCCTACTCT
IBV,GTATCTAAA
IBV,TATAATTTA
IBV,TCTTGCTTA
IBV,TTATCTAAA
IBV,TTATTATAATT
IBV,ACTTTAAAGT
IBV,ACTCAACACAA
IBV,TTATTATAATT
IBV,AATTATAATT
IBV,ATTATAATTATAAT
IBV,GTGTTAACAC
IBV,GTTTATAAAC
IBV,TTAACACCAC
IBV,AAAGTATTAA
IBV,ATAAGCTTAT
IBV,TACTTTCTA
IBV,AAAGTAATG
IBV,ACACTGTAA
IBV,ACCACTCTG
IBV,ACTTCTAGTTT
IBV,TGTATAAAC
IBV,TGTTGTTAT
IBV,TTAGTAATA
IBV,ACTGTAATTT
IBV,ACTGTTGGT
IBV,CATAGCTATG
IBV,GCCTACTCT
IBV,GTATCTAAA
IBV,GTGTGCACTA
IBV,GTTAATACTA
IBV,GTTAATACT
IBV,TATAATTTA
IBV,TTATCTAAA
IBV,TTATTATAATT
IBV,AAACCATTA
IBV,AAAATGCAC
IBV,GTTATAAAG
IBV,TTATTATAATT
IBV,AACACCACC
IBV,ACTGTTGGT
IBV,GCCTACTCT
IBV,GTATCTAAA
IBV,GTTAATACT
IBV,GTTCTGCAGAAC
IBV,TACCACTAA
IBV,TATAATTTA
IBV,TTATTATAATT
IBV,TTATTATAATT
IBV,GAGAAAGTA
IBV,GTAGTGTTAACACTAC
IBV,GTTAACACTA
IBV,AAATTATAATA
IBV,AAGGCCATT
IBV,AATAATTAT
IBV,AATATAATAA
IBV,AATTACATG
IBV,AATTTTGTAGT
IBV,ACCATTTTG
IBV,ACCCTGCAT
IBV,ACTCATCATC
IBV,AGAAGATTT
IBV,AGGTGGTGTT
IBV,ATAATATTAT
IBV,ATATAATAA
IBV,CAAAATTTTG
IBV,CAATATGTT
IBV,CTACTAATT
IBV,CTAGCATTA
IBV,CTATACCATT
IBV,CTTCAAGGT
IBV,GAATATAAT
IBV,GCACTATTG
IBV,GGTACTGTG
IBV,GGTTTTATT
IBV,GTATACAAA
IBV,GTGTATAAA
IBV,GTGTGCACTA
IBV,GTGTTAATA
IBV,TAACAGGCA
IBV,TAACAGTTA
IBV,TAATAAGAA
IBV,TAATAATTA
IBV,TAATATTACT
IBV,TAATATTAT
IBV,TAATTCTAG
IBV,TATAATCAA
IBV,TATTATAAT
IBV,TCAACACAA
IBV,TCTTACCAC
IBV,TGAATATAA
IBV,TTACTGAAAA
IBV,TTATAATTTA
IBV,TTATTAACA
IBV,TTATTATAATT
IBV,TTATTTACA
IBV,TTGTATACAA
IBV,TTTCAGTAA
IBV,ACACATTGT
IBV,ACCATTTTG
IBV,AGTTATGAG
IBV,ATAGTGTTT
IBV,ATAGTGTTT
IBV,CAAGGTCTT
IBV,CACAAACAG
IBV,CACTTAATA
IBV,CCAAAATTTTTAT
IBV,CCTGCAGTA
IBV,CTAGCATTA
IBV,CTTTTTGTA
IBV,GACATCTTC
IBV,GCAACACAA
IBV,GCAATTTTT
IBV,GCCTGCAGT
IBV,GGTCTTATT
IBV,GGTCTTATT
IBV,GTAAAGGTG
IBV,GTATACAAA
IBV,GTCTATTAG
IBV,GTGATGACA
IBV,TAACATTAA
IBV,TAACATTAA
IBV,TAATACAGGTGGT
IBV,TACAAACTG
IBV,TAGTAATGA
IBV,TATTATAAT
IBV,TGGATCTTA
IBV,TTATTTACA
IBV,TTTAAAAGT
IBV,AAACCATTA
IBV,ACTGTTGGT
IBV,ACTTAATAT
IBV,ACTTAATAT
IBV,AGTTTTAAGT
IBV,ATAATAATA
IBV,ATGGCACCT
IBV,CAATATGTT
IBV,CAGTGCACTG
IBV,CATAGCTATG
IBV,CATGGCACC
IBV,CATTTTGTG
IBV,CTAGCATTA
IBV,CTGTTGTAA
IBV,GATAAGATCC
IBV,GCCTACTCT
IBV,GCTGGTTTA
IBV,GGAATGATAC
IBV,GGTGGTGTTA
IBV,GTAAAGGTG
IBV,GTATCTAAA
IBV,GTGTGCACTA
IBV,GTGTTAATA
IBV,TAACAGGCA
IBV,TAATATTACT
IBV,TAATATTACT
IBV,TATAATTTA
IBV,TATTACTAA
IBV,TCTTGCTTA
IBV,TGGAGTGTA
IBV,TGGCTAGCCA
IBV,TGTACTCAT
IBV,TGTTTCAACA
IBV,TTAATACTA
IBV,TTATTAACA
IBV,TTATTTACA
IBV,TTGTAAATA
IBV,TTGTCACACA
IBV,TTTTGTGGTA
IBV,AAACCATTA
IBV,AACAAAACT
IBV,ACTGTTGGT
IBV,ACTTAATAT
IBV,ACTTAATAT
IBV,ATAATAATA
IBV,ATGGCACCT
IBV,CAATATGTT
IBV,CATTTTGTG
IBV,CTAGCATTA
IBV,CTGTTGTAA
IBV,CTTCAAGGT
IBV,GCCTACTCT
IBV,GGTTTTATT
IBV,GTAAAGGTG
IBV,GTATCTAAA
IBV,GTGTTAATA
IBV,GTGTTAATA
IBV,GTTAATACT
IBV,TAACAGGCA
IBV,TAATATTACT
IBV,TAATATTACT
IBV,TATAATTTA
IBV,TATTACTAA
IBV,TGGAGTGTA
IBV,TGTACTCAT
IBV,TTATCTAAA
IBV,TTATTAACA
IBV,TTATTTACA
IBV,TTGTAAATA
IBV,ATACTCTAGG
IBV,CATAGCTATG
IBV,GTGTGCACTA
IBV,GTTAATACTA
IBV,TAACTTAACA
IBV,TTATTATAATT
IBV,ACTTCTAGTTT
IBV,TTAGTAATAAA
IBV,AATAATTATA
IBV,AATACTAGTATT
IBV,AGGTGGTTGT
IBV,CTGTTTCATTA
IBV,GTTATTATAA
IBV,TAATACAGGTGGT
IBV,TAGTTAATGT
IBV,TTATTATAATT
IBV,GTTTATAAAC
IBV,AACATGTTG
IBV,AATTATACAA
IBV,AATTATACA
IBV,AATTGTAAAG
IBV,AGAACCTGT
IBV,ATGTTGGTCAA
IBV,ATTAATATTAAT
IBV,CACCTACTAC
IBV,CTCATAATT
IBV,CTTCTAATT
IBV,GCAACATGTTGC
IBV,GTTGGTCAAA
IBV,TAGCTAGTA
IBV,TAGTAGGTG
IBV,TATTAGTAA
IBV,TATTTATAA
IBV,TGATATAGGT
IBV,TTAAATTTAA
IBV,TTATTAGTA
IBV,TTGTTAACAA
IBV,AAATAGTGT
IBV,ACTGGCATGCT
IBV,AGTTATAACT
IBV,TATAACTGGC
IBV,TATTATAAT
IBV,TCAACACAA
IBV,TGCCAGTAT
IBV,TTATAAACA
IBV,TTATAATAAT
IBV,TTATTAATAGT
IBV,TTATTATAATT
IBV,TTCATATGAA
IBV,TATGCAAGA
IBV,GGTCTCATT
IBV,TAGACCATT
IBV,AACAGATTCT
IBV,AACCATCTG
IBV,AATAAAAAT
IBV,AATCTGTTT
IBV,ACTTCTAGTTT
IBV,ACTTTTTAT
IBV,AGATGTAAG
IBV,AGCCATAGA
IBV,ATAAAAATAC
IBV,ATTACTAAT
IBV,ATTACTAAT
IBV,CAACTCACG
IBV,CACTTAATA
IBV,CAGGTATGA
IBV,CATACTGCT
IBV,GAAGATCTTC
IBV,GAATCTGTTG
IBV,GTATCTAAA
IBV,GTGTATAAAC
IBV,TAACAACAT
IBV,TAATAATGGC
IBV,TATAATTATA
IBV,TATGGCAAG
IBV,TCATTACTA
IBV,TCATTATCT
IBV,TCTGTTGTAA
IBV,TGAAACAACT
IBV,TGCTAGAGA
IBV,TTAATCCCTG
IBV,TTAGTAATAAA
IBV,TTAGTAATA
IBV,TTCACTTCTA
IBV,TTGCATGTC
IBV,TTGCTTTAT
IBV,TTTCTGAGT
IBV,TTTGTGGTA
IBV,TTATTATAATT
IBV,AAATTATAATA
IBV,AACAAAACT
IBV,AAGGTTTAT
IBV,AATAATTAT
IBV,AATTTAACA
IBV,ACAAAACTACT
IBV,ACCATTTTG
IBV,ACTCATCATC
IBV,ACTTAATAT
IBV,AGTTATAACT
IBV,ATAATAATA
IBV,ATAATATTAT
IBV,ATTATGAAA
IBV,ATTTTGTGGTA
IBV,ATTTTGTGG
IBV,CAATATGTT
IBV,CAATTTCAC
IBV,CATTTTGTG
IBV,CTACTAATT
IBV,CTAGCATTA
IBV,CTATACCATT
IBV,CTTCAAGGT
IBV,GGTACTGTG
IBV,GGTTTTATT
IBV,GTATACAAA
IBV,GTATCTAAA
IBV,GTGTATAAA
IBV,GTGTGCACTA
IBV,TAACAGTTA
IBV,TAATAAGGC
IBV,TAATAATTA
IBV,TAATATTACT
IBV,TAATATTAT
IBV,TACTAATAA
IBV,TATAATCAA
IBV,TATTACTAA
IBV,TATTATAAT
IBV,TCAACACAA
IBV,TCTTACCAC
IBV,TTAAATCTTT
IBV,TTAATTATT
IBV,TTATAATCAA
IBV,TTATAATCA
IBV,TTATAATTTA
IBV,TTATTATAATT
IBV,TTATTTACA
IBV,TTGTATACAA
IBV,TTTGTGGTA
IBV,TTTTGAGTG
IBV,AAACTGATT
IBV,AAATTATAAT
IBV,ACAGATGTTT
IBV,ACCAAAGTA
IBV,ACTCAACACA
IBV,AGTTATAACT
IBV,ATGCCTACT
IBV,TAGTGCTGC
IBV,TGCATATGCA
IBV,TTATAATAAT
IBV,TTATTATAATT
IBV,TTTACACTT
IBV,TTTTACTAA
IBV,ATTATGAAA
IBV,CAAGAGGCT
IBV,CGTATCTAA
IBV,GCCTACTCT
IBV,TATAATCAA
IBV,TATTATAAT
IBV,TTATTATAATT
IBV,GTGTTAACAC
IBV,ACTGTAATTT
IBV,ACTGTTGGT
IBV,CATAGCTATG
IBV,GCCTACTCT
IBV,GTATCTAAA
IBV,GTGTGCACTA
IBV,GTTAATACTA
IBV,GTTAATACT
IBV,TATAATTTA
IBV,TTATCTAAA
IBV,TTATTATAATT
IBV,AAACCATTA
IBV,AACAAAACT
IBV,AAGTATTGAA
IBV,ACACTAATAA
IBV,ACATTGTTT
IBV,ACTTAATAT
IBV,ACTTAATAT
IBV,ATAATAATA
IBV,CAATATGTT
IBV,CATAGCTATG
IBV,CATTTTGTG
IBV,CTAGCATTA
IBV,CTAGCTTGT
IBV,CTGTTGTAA
IBV,CTTCAAGGT
IBV,GCCTACTCT
IBV,GCCTATAGGC
IBV,GGAATGATAC
IBV,GGTGGTGTTAATA
IBV,GGTTTTATT
IBV,GTAAAGGTG
IBV,GTATCTAAA
IBV,GTGTGCACTA
IBV,GTGTTAATA
IBV,GTTAATACTA
IBV,GTTAATACT
IBV,TAACAGGCA
IBV,TAATATTACT
IBV,TAATATTACT
IBV,TATAATTTA
IBV,TATTACTAA
IBV,TGCGTTAATA
IBV,TGGAGTGTA
IBV,TGGCTAGCCA
IBV,TGTACTCAT
IBV,TGTTTCAACA
IBV,TTATCTAAA
IBV,TTATTAACA
IBV,TTATTTACA
IBV,TTGTAAATA
IBV,TTGTCACACA
IBV,TTTTGTGGTA
IBV,ACACTGTAA
IBV,AAAGTTATGA
IBV,ACTGGCATGCT
IBV,AGTTATAACT
IBV,ATTCACTTT
IBV,CAAACTTACCA
IBV,CACTTTCAGT
IBV,GGCAATTTT
IBV,TATAACTGGC
IBV,TATTATAAT
IBV,TCAACACAA
IBV,TGCCAGTAT
IBV,TGGCCAGCT
IBV,TTATAAACA
IBV,TTATAATAAT
IBV,TTATTATAATT
IBV,GTGTTAACAC
IBV,ACTCAACACAA
IBV,TTATTATAATT
IBV,ACTCTAGAGT
IBV,AATTGCCACAA
IBV,ACTGGCATGCT
IBV,ACTGGTTCTCA
IBV,CATTAAAATCA
IBV,GCAATTTTT
IBV,GCAATTTTT
IBV,TTATTAATAGT
IBV,TTATTATAATT
IBV,TTGGTACTATT
IBV,TTTCTGAGTAG
IBV,TTATTATAATT
IBV,AAAGTAGTGTTAACACTACTTT
IBV,AATTATAAT
IBV,ATTATAATT
IBV,TAATTCACCAA
IBV,TTATTATAATT
IBV,TTATTATAATT
IBV,ATACTCTAGG
IBV,CATAGCTATG
IBV,GTGTGCACTA
IBV,GTTAATACTA
IBV,TAACTTAACA
IBV,TTATTATAATT
IBV,ACTGTAACTT
IBV,GTGTGCACTA
IBV,GTTAATACTA
IBV,TTATTATAATT
IBV,TTGTCACACA
IBV,ACTGTAATTT
IBV,CATAGCTATG
IBV,GTGTGCACTA
IBV,GTTAATACTA
IBV,TTATTATAATT
IBV,ATAATATTAT
IBV,GTGTGCACTA
IBV,TTATAATTTA
IBV,AAACCATTA
IBV,AACAAAACT
IBV,AAGATCTTT
IBV,AATCTTTTC
IBV,ACCATTTTG
IBV,ACTTAATAT
IBV,ACTTAATAT
IBV,AGAGTGATG
IBV,AGTTTTAAT
IBV,ATAATAATA
IBV,ATGAAAGAA
IBV,ATTTTGTGGTA
IBV,CAACAGTGCACTGTTG
IBV,CATTTTGTG
IBV,CCATAGATG
IBV,CTAGCATTA
IBV,GAATATAAT
IBV,GCCTACTCT
IBV,GGTTTTATT
IBV,GTAAAGGTG
IBV,GTGTATAAG
IBV,GTTAATACT
IBV,TAATAAGGC
IBV,TAATAATTA
IBV,TATAATCAA
IBV,TATAATTTA
IBV,TGAATATAA
IBV,TGTACTCAT
IBV,TTAATTATT
IBV,TTACTAAGA
IBV,TTATTATAATT
IBV,TTGTAAATA
IBV,TTTAGCAGA
IBV,TTTTATTTACA
IBV,AACACGTGTT
IBV,AATGCGCATT
IBV,GTTTATAAAC
IBV,ACTGGCATGCT
IBV,ATTCACTTT
IBV,TATTATAAT
IBV,TCAACACAA
IBV,TGCCAGTAT
IBV,TTATAAACA
IBV,TTATTATAATT
IBV,ACTTCTAGTTT
IBV,TTAGTAATAAA
IBV,AAACTGGTT
IBV,AATATAATA
IBV,AATTTTTAT
IBV,ACACATTGT
IBV,ACCATTTTG
IBV,AGGTGGTTGT
IBV,AGGTTTTAT
IBV,AGTAAGAAT
IBV,ATAATAATG
IBV,ATCTGTTGG
IBV,CACAAACAG
IBV,CACTTAATA
IBV,CAGTAAGAAT
IBV,CCCTTAATAA
IBV,CTAGCATTA
IBV,GAATATAAT
IBV,GAATATGGC
IBV,GCAACACAA
IBV,GCAATTTTT
IBV,GCAGATGCT
IBV,GTAAAGGTG
IBV,GTATACAAA
IBV,GTATGTCAT
IBV,GTTATTATAA
IBV,GTTTCATTA
IBV,TAACATTAA
IBV,TAACATTAA
IBV,TAATAATGG
IBV,TAATACAGGTGGT
IBV,TAATATTTCT
IBV,TACAAACTG
IBV,TACTGCAGTA
IBV,TAGTAATGA
IBV,TAGTTAATGT
IBV,TCTTGTCAA
IBV,TGGATCTTAT
IBV,TGGCTAGCCA
IBV,TTATAATAA
IBV,TTATATTCG
IBV,TTATCAAAA
IBV,TTGTATAAAA
IBV,TTTTGTGGTA
IBV,TTTTTATAA
IBV,AAAGTGATG
IBV,AAGGCCACT
IBV,AAGTTTTGA
IBV,AATTGCCACAA
IBV,AATTTTTAT
IBV,ACCACCAAA
IBV,ACCAGAAACTA
IBV,ACCAGTTATAA
IBV,ACCATTTTG
IBV,ACGCTTGTAAA
IBV,AGAAATGGT
IBV,ATAAAATTA
IBV,ATAATAGTG
IBV,ATCTGTTGG
IBV,ATTATGAAA
IBV,ATTGTTTTG
IBV,ATTTCTGCT
IBV,CACTGTAAC
IBV,CACTTAATA
IBV,CCACTGTAA
IBV,CCATATTCG
IBV,CCATTAGGT
IBV,CTAGCATTA
IBV,GACAATATG
IBV,GATAATTAT
IBV,GGTACTGTG
IBV,GTAAAGGTG
IBV,GTATACAAA
IBV,GTGATGACA
IBV,TAAAATTAT
IBV,TAACAGTTA
IBV,TAAGTTTTG
IBV,TAATTCTAG
IBV,TACTTCTAA
IBV,TAGTGAATT
IBV,TCAACACAA
IBV,TCTTACCAC
IBV,TGGTCTAAA
IBV,TGGTTCTCA
IBV,TTTCTGAGT
IBV,TTTGCACTA
IBV,TTTGCTTGT
IBV,TTTGTTGTA
IBV,AAAATTACA
IBV,AAAGTATTAA
IBV,AAATTTATAG
IBV,AACTTAACAA
IBV,ACCTGCAGGT
IBV,AGTATAATA
IBV,CACTACATATTGT
IBV,CTGGTAACT
IBV,GCATAAACAC
IBV,GTAATAATGTA
IBV,GTCAGCTGAC
IBV,GTCGTTACT
IBV,TAAATACAA
IBV,TACAAACAC
IBV,TTATTAGTA
IBV,TTTTACTAG
IBV,AATTTTGTA
IBV,ACAAAATTA
IBV,ACCTACAAAATTA
IBV,ATTATGAAA
IBV,TATTATAAT
IBV,TCAACACAA
IBV,TGGTTCTCA
IBV,TTTAGACCA
IBV,ACTGGCATGCT
IBV,AGTTATAACT
IBV,ATTCACTTT
IBV,CACTTTCAGT
IBV,GGCAATTTT
IBV,TATAACTGGC
IBV,TATTATAAT
IBV,TCAACACAA
IBV,TGCCAGTAT
IBV,TTATAAACA
IBV,TTATAATAAT
IBV,TTATTATAATT
IBV,AACCATCTG
IBV,AATAAAAAT
IBV,AATCTGTTT
IBV,ACTTCTAGTTT
IBV,ACTTTTTAT
IBV,AGCCATAGA
IBV,AGGTCCATA
IBV,ATAGTGTTT
IBV,ATTACTAAT
IBV,ATTACTAAT
IBV,CAACTCACG
IBV,CACTTAATA
IBV,CAGGTATGA
IBV,CATACTGCT
IBV,GTATCTAAA
IBV,TAACAACAT
IBV,TAATACTGGTA
IBV,TCATTACTA
IBV,TCATTATCT
IBV,TGCTAGAGA
IBV,TTAGTAATAAA
IBV,TTAGTAATA
IBV,TTGCATGTC
IBV,TTTCTGAGT
IBV,TTTGTGGTA
IBV,AACACCACC
IBV,ACCACCTTG
IBV,GTGTTAACAC
IBV,GTTTATAAAC
IBV,ATTATGAAA
IBV,CAAGAGGCT
IBV,CGTATCTAAA
IBV,CTGCTTACA
IBV,GCCTACTCT
IBV,GTATACAAA
IBV,GTTAATACTA
IBV,TAACAGTTA
IBV,TATTATAAT
IBV,TTAATAGTTT
IBV,TTATAATCAA
IBV,TTATTATAATT
IBV,TTGTATACAA
IBV,ATCTGTTGG
IBV,ACTGGCATGCT
IBV,ACTGGTTCTCA
IBV,AGTTATAACT
IBV,AGTTATAACT
IBV,TAGTTATAACTA
IBV,TTATTAATAGT
IBV,TTATTATAATT
IBV,ACATTGTTT
IBV,ACCTAGTAG
IBV,ACTCAACACAA
IBV,ACTTAATGT
IBV,AGGTGGTGT
IBV,ATATTAAGT
IBV,ATTTTGTGGTA
IBV,CAATATGTT
IBV,CCTAATATTAGG
IBV,CTAGCATTA
IBV,GTAGTAATG
IBV,GTATTTAAATAC
IBV,GTATTTAAA
IBV,TAAAATTAT
IBV,TAAAGCCTTGGC
IBV,TAATATTAG
IBV,TACTAATAG
IBV,TCTGTATTG
IBV,TCTTACCAC
IBV,TTAACATCT
IBV,TTAATTTGA
IBV,TTATTATAATT
IBV,TTGAACCTG
IBV,TTGTTTGCA
IBV,TTTTATATT
IBV,TTTTGTTAACAC
IBV,ACATTGTTT
IBV,ACCTAGTAG
IBV,ACTCAACACAA
IBV,ACTTAATGT
IBV,AGCTATGGC
IBV,AGGTGGTGT
IBV,ATATTAAGT
IBV,ATTTTGTGGTA
IBV,CAATATGTT
IBV,CCTAATATTAGG
IBV,CTAGCATTA
IBV,GTAGTAATG
IBV,GTATCTAAA
IBV,TAAAATTAT
IBV,TAAAGCCTTGGC
IBV,TAATATTAG
IBV,TACTAATAG
IBV,TCTGTATTG
IBV,TCTTACCAC
IBV,TTAACATCT
IBV,TTAATTTGA
IBV,TTATTATAATT
IBV,TTGAACCTG
IBV,TTGTTTGCA
IBV,TTTTATATT
IBV,TTTTGTTAACAC
IBV,TTATTATAATT
IBV,ACTGTTGGT
IBV,GCCTACTCT
IBV,GTATCTAAA
IBV,TAATAATTA
IBV,TATAATTTA
IBV,TCTTGCTTA
IBV,TTATCTAAA
IBV,TTATTATAATT
IBV,ACTCAACACAA
IBV,TTATTATAATT
IBV,TTATTATAATT
IBV,TATGCAAGA
IBV,AAAAGTTTGT
IBV,AAAATTATA
IBV,AAACCAAAG
IBV,AAACCATTA
IBV,AAACTAGCA
IBV,AACATCTGTA
IBV,AACTTGTTGT
IBV,AATAAAAAT
IBV,AATATAATAC
IBV,AATATAATA
IBV,AATGTTTCTA
IBV,ACAGAAAGT
IBV,ACCACCTAA
IBV,ACTACAAACT
IBV,ATATCTAAA
IBV,ATTACTAAGA
IBV,ATTATATTC
IBV,ATTGCATAC
IBV,CAAAAAGAA
IBV,CAAACATAT
IBV,CACTTAATA
IBV,CAGCTGCAG
IBV,CATTTAGAT
IBV,CTAGCATTA
IBV,CTGCCTGTAA
IBV,GAATATAAT
IBV,GAGACTACA
IBV,GCAACTTGT
IBV,GCAATTTTT
IBV,GTTATTATAA
IBV,GTTTTAAGAAT
IBV,TAATAATGG
IBV,TAATGGCAAAG
IBV,TAGTCTCTG
IBV,TATACAAAC
IBV,TATTAATGA
IBV,TCCTTTAATAA
IBV,TCTTGTCAA
IBV,TGCATATGGCC
IBV,TGGCCACTTA
IBV,TGTCAATAT
IBV,TTATAATAA
IBV,TTGTAAATAG
IBV,TTTGTGGTA
IBV,TTTTGTGGTA
IBV,TTATTATAATT
IBV,ACTGTTGGT
IBV,CATAGCTATG
IBV,CCCTGCAGGG
IBV,GCCTACTCT
IBV,GTATCTAAA
IBV,GTGTGCACTA
IBV,TAATAAAAC
IBV,TATAATTTA
IBV,TTAATACTA
IBV,TTATTATAATT
IBV,TTGTCACACA
IBV,ACCAGAAAC
IBV,CATAGCTATG
IBV,CCCTGCAGGG
IBV,CGTATCTAA
IBV,CTACTAATT
IBV,GCCTACTCT
IBV,GTGTGCACTA
IBV,TAATAAAAC
IBV,TATAATCAA
IBV,TATAATTTA
IBV,TATTATAAT
IBV,TCTTGCTTA
IBV,TGCTGGTTTA
IBV,TTAATACTA
IBV,TTATTATAATT
IBV,TTGTCACACA
IBV,ACTGTAACTT
IBV,CATAGCTATG
IBV,CGTATCTAAA
IBV,TTAGTACTAA
IBV,TTATTATAATT
IBV,TTCTTGCTTA
IBV,AAATAGCCAT
IBV,AATTATAATT
IBV,ACTAATATTAGT
IBV,ACTGGCTGGC
IBV,GTTTATAAAC
IBV,TCTGGTTTTA
IBV,TTATAATTATAA
IBV,ACAAAACTACT
IBV,ACTTCTAGTTT
IBV,CATAGCTATG
IBV,GCCTTAAGGC
IBV,GTGTGCACTA
IBV,GTTCTGCAGAAC
IBV,TATAATTATA
IBV,TTAGTAATAAA
IBV,TTATTATAATT
IBV,AAGTGGTAT
IBV,ACACATTGT
IBV,CACTGTAAT
IBV,TACTGACAT
IBV,TCTAAATTTAGA
IBV,ACTGGCATGCT
IBV,ACTGGTTCTCA
IBV,AGTTATAACT
IBV,TATAACTGGC
IBV,TTATAATAAT
IBV,TTATTAATAGT
IBV,TTATTATAATT
IBV,TTCATATGAA
IBV,ACACTGTAA
IBV,GATTTTTAA
IBV,ACCAGAAACTA
IBV,ACTCAACACAA
IBV,TTATTATAATT
IBV,CGCGCCGCTG
IBV,CTGCTGCTAT
IBV,GGCAGCTGCC
IBV,TATAGCTATA
IBV,TGCTATAGCA
IBV,AGTGATCACT
IBV,CATAGCTATG
IBV,CGTATCTAAA
IBV,GTGTGCACTA
IBV,GTTAATACTA
IBV,TTATTATAATT
IBV,CATAGCTATG
IBV,GCCCTAGGGC
IBV,GTGTGCACTA
IBV,GTTAATACTA
IBV,TTATTATAATT
IBV,TTGTCACACA
IBV,CATAGCTATG
IBV,GTGTGCACTA
IBV,AATGAAAAAT
IBV,ACTGTAATTT
IBV,CACATATGTG
IBV,CATAGCTATG
IBV,GTGTGCACTA
IBV,GTTAATACTA
IBV,TTATTATAATT
IBV,TTTCATTTCT
IBV,AAATAATTT
IBV,AACAATTTCA
IBV,AAGCATGCTT
IBV,AAGGTCAAT
IBV,AAGTAGTGA
IBV,ACATTATTT
IBV,ACTTATAAAA
IBV,AGAAGATTT
IBV,ATAGTAAAT
IBV,CAAATGATTAA
IBV,CAACATCTT
IBV,CAGTTACCAC
IBV,CATTATAATG
IBV,CGTAGTTAG
IBV,CTATAAATA
IBV,GATTCTTCTG
IBV,GTGATTTAA
IBV,GTGTACATT
IBV,GTGTTTCAA
IBV,GTTTTATTA
IBV,TAAAATTAT
IBV,TAAAATTAT
IBV,TAAATAATTTC
IBV,TAAATTAAA
IBV,TAAATTTAA
IBV,TAAGCCTAT
IBV,TAATAAAACA
IBV,TAATAAGAA
IBV,TAATACAGG
IBV,TAATGAAAT
IBV,TAGCATATT
IBV,TATTCAGTATG
IBV,TATTCAGTA
IBV,TCAGTATGT
IBV,TCTGGTTTA
IBV,TGAAAAGAA
IBV,TGAAACTTT
IBV,TGCTTGTTT
IBV,TGGCATGTA
IBV,TGTTGATTA
IBV,TGTTTATTAA
IBV,TTAAATTTAA
IBV,TTAATCATTTG
IBV,TTACTACAC
IBV,TTAGATAATT
IBV,TTATAATAATT
IBV,TTGCAATTT
IBV,TTGTGCACAA
IBV,TTTAAATCA
IBV,TTTAATAAA
IBV,TTTAATAAA
IBV,TTTAATACT
IBV,AAACTATTA
IBV,AATTATAATT
IBV,AATTATAAT
IBV,ACGTCGTATACGACGT
IBV,ATTAATAAT
IBV,ATTATAATT
IBV,CACCTTTACA
IBV,GTAAAGGTG
IBV,GTGTTAACAC
IBV,TAATTCACCA
IBV,TACTAAAGA
IBV,TTAATAATA
IBV,TTAGTTAAA
IBV,TTATAATAAT
IBV,TTATTATAATT
IBV,TTCTTTAAC
IBV,ACTGTTGGT
IBV,CATAGCTATG
IBV,GCCTACTCT
IBV,GCCTATAGGC
IBV,GTATCTAAA
IBV,GTGTGCACTA
IBV,GTGTGCACT
IBV,GTTAATACTA
IBV,GTTAATACT
IBV,TAATAATTA
IBV,TATAATTTA
IBV,TTATTATAATT
IBV,TTATTATAATT
IBV,AAACCATTA
IBV,AACAAAACT
IBV,ACTAATATTA
IBV,ACTTAATAT
IBV,ACTTAATAT
IBV,ATAATAATA
IBV,CAATATGTT
IBV,CATAGCTATG
IBV,CATTTTGTG
IBV,CTAGCATTA
IBV,CTAGCTTGT
IBV,CTGTTGTAA
IBV,GCCTACTCT
IBV,GGAATGATAC
IBV,GGTGGTGTTAATA
IBV,GGTTTTATT
IBV,GTAAAGGTG
IBV,GTATCTAAA
IBV,GTGTGCACTA
IBV,GTGTTAATA
IBV,GTTAATACTA
IBV,GTTAATACT
IBV,TAACAGGCA
IBV,TACTAATATTAGTA
IBV,TATAATTTA
IBV,TGCGTTAATA
IBV,TGGAGTGTA
IBV,TGGCTAGCCA
IBV,TGTACTCAT
IBV,TGTTTCAACA
IBV,TTATCTAAA
IBV,TTATTAACA
IBV,TTATTTACA
IBV,TTGTAAATA
IBV,TTGTCACACA
IBV,TTTTGTGGTA
IBV,AATTATAATT
IBV,AATTATAAT
IBV,ATTATAATT
IBV,CACCTTTACA
IBV,GTGTTAACAC
IBV,TAATTCACCAA
IBV,TTATAATAAT
IBV,TTATTATAATT
IBV,AACTCATCA
IBV,AAGGCCATT
IBV,AATTAGAAC
IBV,AGAAGATTT
IBV,CAATATGTT
IBV,CTAGCATTA
IBV,CTGTTGTAA
IBV,CTTAGCAGA
IBV,CTTCAAGGT
IBV,GGCCTTATT
IBV,GGTACTGTA
IBV,GTAAAGGTG
IBV,GTAGTAATG
IBV,GTGTATAAA
IBV,TAATAAGAA
IBV,TCTTCTATA
IBV,TGTAACTGA
IBV,TTACTACTA
IBV,TTATTTACA
IBV,TTCAGTTAC
IBV,TTGAACCTG
IBV,TTGTAAATA
IBV,TTTACTACT
IBV,TTTGAATGT
IBV,TTTTATATT
IBV,AAAGTATTAA
IBV,TTATTATAATT
IBV,ACTGTTGGT
IBV,GCCTACTCT
IBV,GTATCTAAA
IBV,TATAATTTA
IBV,TCTTGCTTA
IBV,TTATCTAAA
IBV,TTATTATAATT
IBV,AAACTATTA
IBV,AATTATAATT
IBV,AATTATAAT
IBV,ATTAATAAT
IBV,ATTATAATT
IBV,ATTGCTGGTT
IBV,CACCTTTACA
IBV,CCAATATAA
IBV,GTAAAGGTG
IBV,GTGTTAACAC
IBV,TAATTCACCAA
IBV,TACTAAAGA
IBV,TTAATAATA
IBV,TTAGTTAAA
IBV,TTATAATAAT
IBV,TTATTATAATT
IBV,AGTAGTACTACT
IBV,ATAGTGTTT
IBV,ATCTACCAG
IBV,ATCTGTTGG
IBV,CACTTAATA
IBV,CCTAATATTAGG
IBV,CTAGCATTA
IBV,GTCTATTAG
IBV,TTATTTACA
IBV,TGCAGACGC
IBV,AAAATAGTGT
IBV,TTATTAATAGT
IBV,CGTAAGTAA
IBV,AGTGCGCACT
IBV,CATAGCTATG
IBV,GTGTTAACAC
IBV,TTAGTTAAA
IBV,ACTGGCATGCT
IBV,TTATTAATAGT
IBV,TTATTATAATT
IBV,AACTTTTCT
IBV,ATAAAATTA
IBV,ATAAAATTA
IBV,GGCATTTAC
IBV,GTATTTAAA
IBV,TAAAATTAT
IBV,TATTATAAT
IBV,TCAACACAA
IBV,TTATTATAATT
IBV,TTATTATAATT
IBV,AAACCATTA
IBV,AACAAAACT
IBV,AAGATCTTT
IBV,AATCTTTTC
IBV,ACCATTTTG
IBV,ACTTAATAT
IBV,ACTTAATAT
IBV,AGAGTGATG
IBV,AGTTTTAAT
IBV,ATAATAATA
IBV,ATGAAAGAA
IBV,ATTTTGTGGTA
IBV,CATTTTGTG
IBV,CCATAGATG
IBV,CTAGCATTA
IBV,GAATATAAT
IBV,GCCTACTCT
IBV,GGTTTTATT
IBV,GTAAAGGTG
IBV,GTAATAATT
IBV,GTGTATAAG
IBV,GTTAATACT
IBV,TAATAAGAA
IBV,TAATAAGGC
IBV,TATAATCAA
IBV,TATAATTTA
IBV,TGAATATAA
IBV,TGTACTCAT
IBV,TTAATTATT
IBV,TTACTAAGA
IBV,TTATTATAATT
IBV,TTGTAAATA
IBV,TTTAGCAGA
IBV,TTTTATTTACA
IBV,CATAGCTATG
IBV,GTGTGCACTA
IBV,AAACCATTA
IBV,AAACCATTA
IBV,AACAAAACT
IBV,ACTGTTGGT
IBV,ACTTAATAT
IBV,ACTTAATAT
IBV,ATAATAATA
IBV,CATTTTGTG
IBV,CTAGCATTA
IBV,CTAGCTTGT
IBV,CTGTTGTAA
IBV,GCTGGTTTA
IBV,GGTGGTGTTAATA
IBV,GGTTTTATT
IBV,GTAAAGGTG
IBV,GTGTTAATA
IBV,TAACAGGCA
IBV,TAATATTACT
IBV,TAATATTACT
IBV,TATTACTAA
IBV,TCTTGCTTA
IBV,TGGAGTGTA
IBV,TGTACTCAT
IBV,TTAATACTA
IBV,TTATCTAAA
IBV,TTATTAACA
IBV,TTATTTACA
IBV,TTGTAAATA
IBV,CAGTGCACTG
IBV,CATAGCTATG
IBV,GTTAATACTA
IBV,TAACTTAACA
IBV,TTATTATAATT
IBV,TTGTCACACA
IBV,ATAATATTAT
IBV,GTGTGCACTA
IBV,TTATAATTTA
IBV,ACAAACTGCT
IBV,ACTCAACACAA
IBV,CATAGCTATG
IBV,TAATGAGACT
IBV,TTATAATAAT
IBV,TTATTATAATT
IBV,ACTGGCATGCT
IBV,AGTTATAACT
IBV,TAATTATAATTA
IBV,TAGACGTCTA
IBV,TATAACTGGC
IBV,TTATAATAAT
IBV,ACCACTCTG
IBV,GTTCTGCAGAAC
IBV,TTATTATAATT
IBV,TTATTATAATT
IBV,ACCATTTTT
IBV,AGTGCGCACT
IBV,CAGAATTCTG
IBV,CATAGCTATG
IBV,TATAATTTA
IBV,AAAGTAGTG
IBV,ACTGTTGGT
IBV,GCCTACTCT
IBV,GTATCTAAA
IBV,TATAATTTA
IBV,TCTTGCTTA
IBV,TTATCTAAA
IBV,TTATTATAATT
IBV,AACAACAAC
IBV,AACAATTGTT
IBV,AATTTTTAT
IBV,ACAACAACAA
IBV,AGAAGATTT
IBV,AGCAGATGCT
IBV,AGCTGCAGCT
IBV,ATCTTGTCAA
IBV,ATTTTTCATT
IBV,CAATATGTT
IBV,CACTTAATA
IBV,CATCTTGAA
IBV,CATTAAATG
IBV,CTAAATTTAG
IBV,CTCATCATC
IBV,CTCGTGCTT
IBV,GAATATGGC
IBV,GATAATAAT
IBV,GATGTTATT
IBV,GGTGCATTT
IBV,GTAGTTAAT
IBV,GTGGTTTTGTT
IBV,GTGTATTAT
IBV,GTTATTATAA
IBV,GTTCAGTTA
IBV,TAATACCAC
IBV,TACTAATAG
IBV,TACTTCTAA
IBV,TATATTTAA
IBV,TATGTACTCAT
IBV,TCTTACCAC
IBV,TGATAATAAT
IBV,TGGCTAGCCA
IBV,TGTCACAGA
IBV,TTAGCAGATG
IBV,TTCTGAGTGG
IBV,TTGTTTGCA
IBV,ACTTCTAGTTT
IBV,TTAGTAATAAA
IBV,ATACTCTAGG
IBV,CATAGCTATG
IBV,GTGTGCACTA
IBV,GTTAATACTA
IBV,TAACTTAACA
IBV,TTATTATAATT
IBV,ATAATAATA
IBV,TAGACCATT
IBV,AATAATTATA
IBV,AATACTAGTATT
IBV,AGGTGGTTGT
IBV,CTGTTTCATTA
IBV,GTTATTATAA
IBV,TAATACAGGTGGT
IBV,TAGTTAATGT
IBV,AACTGCTGATTA
IBV,ACTGGTTCTCA
IBV,GTGGTTTTGTT
IBV,ACACTGTAA
IBV,TTATTATAATT
IBV,GAAAGTAGCA
IBV,TTATTATAATT
IBV,CATAGCTATG
IBV,GCCCTAGGGC
IBV,GTGTGCACTA
IBV,GTTAATACTA
IBV,TTATTATAATT
IBV,TTGTCACACA
IBV,AAACCAGTA
IBV,AGTGTTAAT
IBV,ATTAACACT
IBV,TACTGGTTT
IBV,TACTGGTTT
IBV,ACAAACTGCT
IBV,ACTCAACACAA
IBV,CACATATGTG
IBV,TAATGAGACT
IBV,TTATAATAAT
IBV,TTATTATAATT
IBV,CATAGCTATG
IBV,GCCCTAGGGC
IBV,GTGTGCACTA
IBV,GTTAATACTA
IBV,TAACTTAACA
IBV,TTATTATAATT
IBV,ACTGGCATGCT
IBV,ATTCACTTT
IBV,TATTATAAT
IBV,TCAACACAA
IBV,TGCCAGTAT
IBV,TTATAAACA
IBV,TTATTATAATT
IBV,GTATTATTA
IBV,ACTCAACACAA
IBV,TAGTGTTAACACTA
IBV,TTATTATAATT
IBV,AAATGGCAC
IBV,AAGCTAGAA
IBV,AAGTTTTGA
IBV,AATTTTATG
IBV,AATTTTGTA
IBV,ACAAAATTA
IBV,ACCCTGCAT
IBV,AGAAACTAT
IBV,AGAAGATTT
IBV,CAAAAAGAA
IBV,CAATATGTT
IBV,CTACTATTA
IBV,CTAGCATTA
IBV,CTCGCCTCTGTAA
IBV,CTTCAAGGT
IBV,GTGTATAAA
IBV,TAACAGTTA
IBV,TAATAAGAA
IBV,TAATAATAG
IBV,TAATAATAG
IBV,TAATTCTAG
IBV,TATTAACAA
IBV,TATTACTAA
IBV,TATTATAAT
IBV,TCACTAATG
IBV,TGGTTCTCA
IBV,TGTTAATAG
IBV,TGTTGGTTA
IBV,TTATAATAA
IBV,TTATTTAAA
IBV,TTATTTACA
IBV,TTCCATTAG
IBV,TTTGTGGTA
IBV,AAACAAAAC
IBV,AAACTGATT
IBV,AACTGATTT
IBV,ACTTATAAA
IBV,ATAATAATT
IBV,ATTCTTTGT
IBV,CACCAGATT
IBV,GCACCAGAT
IBV,TGGCCAATT
IBV,AATAATTATA
IBV,AATACTAGTATT
IBV,AGGTGGTTGT
IBV,CTGTTTCATTA
IBV,GTTATTATAA
IBV,TAATACAGGTGGT
IBV,TAGTTAATGT
IBV,AAACTTACCA
IBV,AATCTACCAG
IBV,AATTGCCACAA
IBV,ACCCAGTCA
IBV,ACTGGCATGCT
IBV,AGGTTTTAT
IBV,AGTTATAACT
IBV,ATCAAAATCA
IBV,ATCTGTTGG
IBV,ATTCACTTT
IBV,CAATTTCACT
IBV,CACTTAATA
IBV,CACTTTCAGT
IBV,CCAGTTATAA
IBV,CCATTAGGT
IBV,CCTGCAGTA
IBV,CTGTTGGTA
IBV,CTTACTCAT
IBV,GCAATTTTT
IBV,GCAATTTTT
IBV,GCCTGCAGT
IBV,GGCAATTTT
IBV,GTAAAGGTG
IBV,GTATACAAA
IBV,TAACAGTTA
IBV,TAAGTTTTG
IBV,TATAACTGGC
IBV,TATTATAAT
IBV,TCAACACAA
IBV,TCTGGAGTG
IBV,TGCATACTG
IBV,TGCCAGTAT
IBV,TGTCAAGTA
IBV,TGTTGGTAA
IBV,TTACTAAGA
IBV,TTATAAACA
IBV,TTATAATAAT
IBV,TTATTATAATT
IBV,TTCTGAGTAG
IBV,TTGTATAAAA
IBV,TTTGCTTGT
IBV,TTTTGTATG
IBV,AACACCACC
IBV,ACCACCTTG
IBV,GTGTTAACAC
IBV,GTTTATAAAC
IBV,AAACCATTA
IBV,AACAAAACT
IBV,ACTGTTGGT
IBV,ACTTAATAT
IBV,ACTTAATAT
IBV,ATAATAATA
IBV,ATGGCACCC
IBV,CAATATGTT
IBV,CATTTTGTG
IBV,CTAGCATTA
IBV,CTGTTGTAA
IBV,CTTCAAGGT
IBV,GCCTACTCT
IBV,GGTTTTATT
IBV,GTAAAGGTG
IBV,GTATCTAAA
IBV,GTGTTAATA
IBV,GTGTTAATA
IBV,GTTAATACT
IBV,TAACAGGCA
IBV,TAATATTACT
IBV,TAATATTACT
IBV,TATAATTTA
IBV,TATTACTAA
IBV,TGGAGTGTA
IBV,TGTACTCAT
IBV,TTATCTAAA
IBV,TTATTAACA
IBV,TTATTTACA
IBV,TTGTAAATA
IBV,CATTTTGTG
IBV,GCACAAAAT
IBV,ACAAACTGCT
IBV,ACTCAACACAA
IBV,CAAAATTTTG
IBV,CACATATGTG
IBV,TAATGAGACT
IBV,TTATAATAAT
IBV,TTATTATAATT
IBV,AATACTAGTATT
IBV,AACTTTTAT
IBV,ACACCAATT
IBV,TGGTGTTTT
IBV,GTGTTAACAC
IBV,TTAGTTAAA
IBV,TTATTATAATT
IBV,ACTGTTGGT
IBV,GCCTACTCT
IBV,GTATCTAAA
IBV,TATAATTTA
IBV,TCTTGCTTA
IBV,TTATCTAAA
IBV,TTATTATAATT
IBV,ACACTGTAA
IBV,ACACTGTAA
IBV,ACTGGTTCT
IBV,ACTGTTGGT
IBV,ATTGTTATA
IBV,GTATCTAAA
IBV,GTTAATACT
IBV,GTTCTGCAGAAC
IBV,TACCACTAA
IBV,TATAATTTA
IBV,TTATCTAAA
IBV,AAACCATTA
IBV,AACAAAACT
IBV,ACTGTTGGT
IBV,ACTTAATAT
IBV,ACTTAATAT
IBV,AGATGTTAA
IBV,ATAATAATA
IBV,ATACTCTAGG
IBV,CAATATGTT
IBV,CATAGCTATG
IBV,CATTTTGTG
IBV,CTAGCATTA
IBV,CTAGCTTGT
IBV,CTGTTGTAA
IBV,GCTGGTTTA
IBV,GGAATGATAC
IBV,GGTGGTGTTAATA
IBV,GGTTTTATT
IBV,GTAAAGGTG
IBV,GTGTGCACTA
IBV,GTGTTAATA
IBV,TAACAGGCAC
IBV,TAACTTAACA
IBV,TAATATTACT
IBV,TATTACTAA
IBV,TCTTGCTTA
IBV,TGGCTAGCCA
IBV,TGTACTCAT
IBV,TGTTTCAACA
IBV,TTATTTACA
IBV,TTGTAAATA
IBV,TTTTGTGGTA
IBV,AATCTGTTT
IBV,AATTTTGTA
IBV,ACTTCTAGTTT
IBV,AGATGTAAG
IBV,TAATAAAAC
IBV,TGTTTGCACTA
IBV,TTAGTAATAAA
IBV,TTATAATAA
IBV,TTATTTAAA
IBV,TTCACTTCT
IBV,ACAGATGTTT
IBV,ACCTTGTTTA
IBV,TATAATTTA
IBV,GCCCTAGGGC
IBV,GTGTGCACTA
IBV,GTTAATACTA
IBV,TTATTATAATT
IBV,TTGTCACACA
IBV,GAGAAAGTA
IBV,GTAGTGTTAACACTAC
IBV,ACTGTTGGT
IBV,ACTTAATAT
IBV,ACTTAATAT
IBV,ATAATAATA
IBV,CAATATGTT
IBV,CATTTTGTG
IBV,CTAGCATTA
IBV,CTGTTGTAA
IBV,GCTGGTTTA
IBV,GGTGGTGTTAATA
IBV,GGTTTTATT
IBV,GTAAAGGTG
IBV,GTATCTAAA
IBV,GTGTTAATA
IBV,TAACAGGCA
IBV,TAATATTACT
IBV,TAATATTACT
IBV,TATAATTTA
IBV,TATTACTAA
IBV,TATTCAGCA
IBV,TCTTGCTTA
IBV,TGTACTCAT
IBV,TTAATACTA
IBV,TTATTTACA
IBV,TTGTAAATA
IBV,AAACCATTA
IBV,AAACCATTA
IBV,AACAAAACT
IBV,ACTTAATAT
IBV,ACTTAATAT
IBV,ATAATAATA
IBV,CAATATGTT
IBV,CATTTTGTG
IBV,CTAGCATTA
IBV,CTAGCTTGT
IBV,CTGTTGTAA
IBV,GCTGGTTTA
IBV,GGTGGTGTTAATA
IBV,GGTTTTATT
IBV,GTAAAGGTG
IBV,GTGTTAATA
IBV,TAACAGGCA
IBV,TAATATTACT
IBV,TAATATTACT
IBV,TATATTATAGT
IBV,TATTACTAA
IBV,TCTTGCTTA
IBV,TGGAGTGTA
IBV,TGTACTCAT
IBV,TTAATACTA
IBV,TTATCTAAA
IBV,TTATTAACA
IBV,TTATTATAATT
IBV,TTATTTACA
IBV,TTGTAAATA
IBV,AAAGTATTAA
IBV,ACCTGCAGGT
IBV,CACTATAAT
IBV,ACCAAAGTG
IBV,GCATAAGCA
IBV,TTAGTTAAA
IBV,AAACCAGCTGGTTT
IBV,AAACTGGTTC
IBV,AAAGTGATG
IBV,AAAGTGATG
IBV,AAATATTAA
IBV,AAATTTTTAT
IBV,AAGAACTGG
IBV,AATATAATA
IBV,AATTTTTAT
IBV,ACATCTTCG
IBV,ACCAAAGTG
IBV,ACCTAGAGGT
IBV,AGCAGATGCT
IBV,AGCTAACTCA
IBV,AGGTTTTATA
IBV,ATAACATCA
IBV,ATGGTTTGC
IBV,ATGTGTCTAA
IBV,CAAGTGATT
IBV,CAATATGTT
IBV,CACAACAAC
IBV,CACAACAAC
IBV,CACCTGATG
IBV,CACTTAATA
IBV,CTAGCATTA
IBV,GAATATGGC
IBV,GGTCTTATT
IBV,TATATTTAA
IBV,TATTATAAT
IBV,TCTTGTCAA
IBV,TGAATATAAT
IBV,TGGCTAGCCA
IBV,TGTCACAGA
IBV,TGTCTATAG
IBV,TTAATTTGA
IBV,TTAGCAGATG
IBV,TTAGTAATA
IBV,TTATTTACA
IBV,TTTCTGAGT
IBV,TTTTGTATG
IBV,ATACTACTA
IBV,ATCAGTCAC
IBV,ATGAGAAAT
IBV,CAATTTAAT
IBV,TAAAATTAT
IBV,TAGTAATTA
IBV,TATTATTAGTG
IBV,TTATTATAATT
IBV,AAACCATTA
IBV,ACTGTTGGT
IBV,GTAAAGGTG
IBV,TCTTGCTTA
IBV,TTAATACTA
IBV,TTATCTAAA
IBV,TTATTATAATT
IBV,TTATTATAATT
IBV,ACTGGCATGCT
IBV,ACACTGTAA
IBV,ACCAGAAACTA
IBV,ACTGGTTCTCA
IBV,AGTGATTTT
IBV,ATTTTAATG
IBV,TAGTATTAATACTA
IBV,TCAACACAA
IBV,TGCCAGTAT
IBV,TTATAAACA
IBV,TTATAATAA
IBV,ACACTGTAA
IBV,AAATGGTAT
IBV,AACAACAAC
IBV,AACAATTGTT
IBV,AATTTTTAT
IBV,ACAACAACAA
IBV,ACCATTTTG
IBV,AGAAGATTT
IBV,AGCAGATGCT
IBV,AGCTGCAGCT
IBV,ATCTTGTCAA
IBV,ATTTTTCATT
IBV,CAATATGTT
IBV,CACTTAATA
IBV,CATCTTGAA
IBV,CATTAAATG
IBV,CTAAATTTAG
IBV,CTCATCATC
IBV,CTCGTGCTT
IBV,GAATATGGC
IBV,GATAATAAT
IBV,GATAATAAT
IBV,GATGTTATT
IBV,GGTGCATTT
IBV,GTAGTTAAT
IBV,GTGGTTTTGTT
IBV,GTGTATTAT
IBV,GTTATTATAA
IBV,GTTCAGTTA
IBV,TAATAATAGA
IBV,TACTTCTAA
IBV,TATATTTAA
IBV,TATGTACTCAT
IBV,TATTATAAT
IBV,TCTTACCAC
IBV,TGGCTAGCCA
IBV,TGTCACAGA
IBV,TTACTAATA
IBV,TTACTAATA
IBV,TTAGCAGATG
IBV,TTCTGAGTGG
IBV,TTGTTTGCA
IBV,CATAGCTATG
IBV,GCCCTAGGGC
IBV,GTGTGCACTA
IBV,GTTAATACTA
IBV,TAACTTAACA
IBV,TTATTATAATT
IBV,TTGTCACACA
IBV,ACTGTAATTT
IBV,CATAGCTATG
IBV,GTTAATACTA
IBV,TGTTAATGGT
IBV,TTATTATAATT
IBV,AAAAAGAAGAT
IBV,AACCAGCTGGTT
IBV,CAATATGTT
IBV,GAAGATCTTC
IBV,TATAATTTA
IBV,AAACCATTA
IBV,AATGCGCATT
IBV,CAACCTGTT
IBV,GCCTACTCT
IBV,TAAAATTAT
IBV,TAATAATTA
IBV,TGACCTTGT
IBV,TGGTCTAAA
IBV,TTATAATAA
IBV,TTATAGGTT
IBV,TTATTATAATT
IBV,ACTGTTGGT
IBV,GCCTACTCT
IBV,GTATCTAAA
IBV,TATAATTTA
IBV,TCTTGCTTA
IBV,TTATCTAAA
IBV,TTATTATAATT
IBV,TTATTATAATT
IBV,AATTATAATT
IBV,AATTATAAT
IBV,ATTATAATT
IBV,CACCTTTACA
IBV,GTGTTAACAC
IBV,TAATTCACCAA
IBV,TTATAATAAT
IBV,TTATTATAATT
IBV,AAAATTATG
IBV,AAAGGTGTCTAT
IBV,AATTTTGTA
IBV,ATTAATAAT
IBV,CAAGAGGCT
IBV,CAGAGTGTT
IBV,CCATTGTAA
IBV,GCCTACTCT
IBV,TATTATAAT
IBV,TTATAATAA
IBV,TTATTATAATT
IBV,ATGGTTTGC
IBV,CTAATTCTC
IBV,GAAGATCTTC
IBV,GAATCTGTTG
IBV,TAACAAAACCT
IBV,TCTGTTGTAA
IBV,TGCTAGAGA
IBV,GTGTTAACAC
IBV,TATGCAAGA
IBV,AAACCATTA
IBV,AACAAAACT
IBV,ACTGTTGGT
IBV,ACTTAATAT
IBV,ACTTAATAT
IBV,ATAATAATA
IBV,CAATATGTT
IBV,CATTTTGTG
IBV,CTAGCATTA
IBV,CTGTTGTAA
IBV,GCCTACTCT
IBV,GCTGGTTTA
IBV,GGTTTTATT
IBV,GTAAAGGTG
IBV,GTATCTAAA
IBV,GTGTTAATA
IBV,TAATATTACT
IBV,TAATATTACT
IBV,TATAATTTA
IBV,TATTACTAA
IBV,TCTTGCTTA
IBV,TGGAGTGTA
IBV,TGTACTCAT
IBV,TTAATACTA
IBV,TTATTAACA
IBV,TTATTTACA
IBV,TTGTAAATA
IBV,AAAGTAGTGTTAACACTACTTT
IBV,AAACTGGTT
IBV,AAGTAATTAT
IBV,AATATAATA
IBV,ACACATTGT
IBV,ACCATTTTG
IBV,AGCAGATGCT
IBV,AGGTGGTTGT
IBV,AGGTTTTAT
IBV,AGTTATGAG
IBV,ATAATAATG
IBV,ATCTGTTGG
IBV,CACAAACAG
IBV,CACTTAATA
IBV,CAGTAAGAAT
IBV,CATCCTAATATTAGGATG
IBV,CCAAAATTTTTAT
IBV,CTAGCATTA
IBV,GAATATGGC
IBV,GCAACACAA
IBV,GCAATTTTT
IBV,GTAAAGGTG
IBV,GTATACAAA
IBV,GTATGTCAT
IBV,GTGATGACA
IBV,GTTATTATAA
IBV,GTTTCATTA
IBV,TAATACAGGTGGT
IBV,TAATATCTCT
IBV,TACAAACTG
IBV,TACTGCAGTA
IBV,TAGTAATGA
IBV,TAGTTAATGT
IBV,TATATTTAAA
IBV,TCTTGTCAA
IBV,TGAATATAAT
IBV,TGGATCTTA
IBV,TGGCAACTC
IBV,TGGCTAGCCA
IBV,TTATCAAAA
IBV,TTGTATAAAA
IBV,TTGTCATCA
IBV,TTGTTAACAA
IBV,TTTCATTAACA
IBV,TTTCTGAGTAG
IBV,TTTTGTGGTA
IBV,TTTTTATAA
IBV,ACTTCTAGTTT
IBV,TTAGTAATAAA
IBV,AAACTGTTG
IBV,ACTGTTGGT
IBV,GCCTACTCT
IBV,GTATCTAAA
IBV,TCAACAGTT
IBV,TTAATACTA
IBV,TTATCTAAA
IBV,TTATTATAATT
IBV,AGTGACTTA
IBV,AAATTCTTG
IBV,ACCATATTC
IBV,GAAATGATA
IBV,TTAATACTA
IBV,TTATAATAAT
IBV,TTATAATAAT
IBV,TTATAATAA
IBV,TTATCTAAA
IBV,TTATTATAATT
IBV,AAAGTATTAA
IBV,ACCTGCAGGT
IBV,TTATTATAATT
IBV,ACTTCTAGTTT
IBV,GTGTTAACAC
IBV,TTAGTTAAA
IBV,ACAAAACTACT
IBV,ACCAGAAACTA
IBV,TTATTATAATT
IBV,TTATTATAATT
IBV,AACACCACC
IBV,ACCACCTTG
IBV,GTTTATAAAC
IBV,AATTATAATT
IBV,ATTACTAAGA
IBV,ATTATAATTATAAT
IBV,ATTATAATTA
IBV,GAAGATCTTC
IBV,GGAATGATAC
IBV,TATTAAGTAT
IBV,TCTACAGTTA
IBV,TGGCTAGCCA
IBV,TTGTAAATAG
IBV,TTGTATACAA
IBV,TTGTTTGCAT
IBV,TTTTGTGGTA
IBV,ACTGTTGGT
IBV,GCCTACTCT
IBV,GTATCTAAA
IBV,TAATAAAAC
IBV,TAATAATTA
IBV,TATAATTTA
IBV,TCTTGCTTA
IBV,TGTTTCATT
IBV,TTAATACTA
IBV,TTATTATAATT
IBV,ATAATTATA
IBV,ATACTACTA
IBV,ATCAGTCAC
IBV,GTAGTACAT
IBV,TAGTAATTA
IBV,TTATTATAATT
IBV,TTGGTAGTA
IBV,TTTGTTTGA
IBV,AACAAAACT
IBV,AATAATGCC
IBV,AATAATTAT
IBV,ACAAAACTACT
IBV,ACCAGAAACTA
IBV,ACCATTTTG
IBV,ACTCATCATC
IBV,ACTTAATAT
IBV,AGAATCAATT
IBV,AGTTTTAATT
IBV,ATAATAATA
IBV,ATACTAATAA
IBV,ATAGTATTA
IBV,ATTTTGTGGTA
IBV,ATTTTGTGG
IBV,CAAGCGCTTG
IBV,CAATATGTT
IBV,CATAGCTATG
IBV,CATTTTGTG
IBV,CTAGCATTA
IBV,CTAGCTTGT
IBV,GGTTTTATT
IBV,GTAATAATTA
IBV,GTAATAATT
IBV,GTATACAAA
IBV,GTATCTAAA
IBV,GTGTATAAA
IBV,GTGTGCACTA
IBV,TAACAGGCA
IBV,TAACAGTTA
IBV,TAATAAGAA
IBV,TAATAAGGC
IBV,TAATATTACT
IBV,TATAATTTA
IBV,TATTACTAA
IBV,TATTATAAT
IBV,TCAACACAA
IBV,TGAGTTGCAA
IBV,TTAAATCTTT
IBV,TTAATTATT
IBV,TTATAATCAA
IBV,TTATAATCA
IBV,TTATTATAATT
IBV,TTATTTACA
IBV,TTGTATACAA
IBV,TTTGTGGTA
IBV,AAAACATGTTTT
IBV,AAACATTAA
IBV,AAACTGATT
IBV,AATACTAGTATT
IBV,AATGTAGTA
IBV,ACACATTGT
IBV,ACTCAGATT
IBV,AGAAGATTT
IBV,AGAAGTACTTCT
IBV,ATGAAAAAC
IBV,ATTCTTATT
IBV,CAATATGTT
IBV,CAATCTTTT
IBV,CAATCTTTT
IBV,CACAAACAG
IBV,CACTTAATA
IBV,CCACAAATT
IBV,CTAGCATTA
IBV,GCATTCTGA
IBV,GCTATGGCT
IBV,GTGATGACA
IBV,GTTTCATTC
IBV,TAAAATTAT
IBV,TAAAGGAAG
IBV,TAACATTAA
IBV,TAATAAGAA
IBV,TAATAATGG
IBV,TAGCTGCAG
IBV,TAGTAATGA
IBV,TATTATAAT
IBV,TCCTGTCAA
IBV,TGAAAAAAG
IBV,TGAAAAGTT
IBV,TGTAGTAAC
IBV,TTATACTCA
IBV,TTGTTTGCA
IBV,TTGTTTGCA
IBV,TTTAGACCA
IBV,TTTCTGAGT
IBV,TTTTAGGTC
IBV,CAACATGTTG
IBV,TATTATAATT
IBV,TTATAATAAT
IBV,TTATTAATGG
IBV,ACTGGCATGCT
IBV,ACTGGTTCTCA
IBV,TTATTAATAGT
IBV,TTATTATAATT
IBV,AAACCATTA
IBV,ACTGTTGGT
IBV,ACTTAATAT
IBV,ACTTAATAT
IBV,ATAATAATA
IBV,CAATATGTT
IBV,CATAGCTATG
IBV,CATTTTGTG
IBV,CTAGCATTA
IBV,CTGTTGTAA
IBV,GCCCTAGGGC
IBV,GCTGGTTTA
IBV,GGAATGATAC
IBV,GGTGGTGTTA
IBV,GGTTTTATT
IBV,GTAAAGGTG
IBV,GTGTGCACTA
IBV,GTGTTAATAA
IBV,GTGTTAATA
IBV,GTTAATACTA
IBV,TAACAGGCA
IBV,TAACTTAACA
IBV,TAATATTACT
IBV,TAATATTACT
IBV,TATTACTAA
IBV,TCTTGCTTA
IBV,TGGAGTGTA
IBV,TGGCTAGCCA
IBV,TGTACTCAT
IBV,TGTTTCAACA
IBV,TTATTAACA
IBV,TTATTTACA
IBV,TTGTAAATA
IBV,TTGTCACACA
IBV,TTTTGTGGTA
IBV,CATAGCTATG
IBV,GCCCTAGGGC
IBV,GTGTGCACTA
IBV,GTTAATACTA
IBV,TTATTATAATT
IBV,TTGTCACACA
IBV,AATTGCCACAA
IBV,ACTGGCATGCT
IBV,ACTGGTTCTCA
IBV,CATTAAAATCA
IBV,GCAATTTTT
IBV,GCAATTTTT
IBV,TTATTAATAGT
IBV,TTATTATAATT
IBV,TTGGTACTATT
IBV,TTTCTGAGTAG
IBV,ACTAATATTAGT
IBV,ATGAGAAAT
IBV,ATTATTAAT
IBV,TAAAATTAT
IBV,TGCTGCTTT
IBV,TTATTATAATT
IBV,TTTACTACT
IBV,TTTGTTTGA
IBV,ACTGTAATTT
IBV,ACTGTTGGT
IBV,CATAGCTATG
IBV,GCCTACTCT
IBV,GTATCTAAA
IBV,GTGTGCACTA
IBV,GTTAATACTA
IBV,GTTAATACT
IBV,TATAATTTA
IBV,TTATCTAAA
IBV,TTATTATAATT
IBV,CAATATGTT
IBV,TTATTATAATT
IBV,AAATGCAAC
IBV,AAATGCAAG
IBV,AATAATTGT
IBV,AATGCAACT
IBV,AGTATTGAA
IBV,AGTGTAATT
IBV,ATACCATTT
IBV,ATTATCAAA
IBV,ATTTTATAAAT
IBV,CCTGTATTA
IBV,CTAGTAATT
IBV,CTAGTTGCT
IBV,GCAAGATGT
IBV,GTAAACAAT
IBV,GTTGGTAGT
IBV,TAATAGGTG
IBV,TATAGTATG
IBV,TGACAGTTTTA
IBV,TGCTTGTAA
IBV,TGTTGATTA
IBV,TTAAGTAGT
IBV,TTATCAAAA
IBV,TTCTTACCA
IBV,TTGTTCAGT
IBV,TTTAGCAAT
IBV,TTTAGCAAT
IBV,TTTTATTTA
IBV,TTTTTAGGT
IBV,ACTGTAATTT
IBV,CAGTGCACTG
IBV,CATAGCTATG
IBV,CCATAGATG
IBV,CGTATCTAAA
IBV,GAGGTGCTT
IBV,GCCTACTCT
IBV,GTGTGCACTA
IBV,GTTAATACTA
IBV,GTTAATACT
IBV,TAATAATTA
IBV,TATAATTTA
IBV,TTATTATAATT
IBV,TTATTATAATT
IBV,ACTGGCATGCT
IBV,TTATTATAATT
IBV,AAACCATTA
IBV,AACAAAACT
IBV,ACTGTTGGT
IBV,ACTTAATAT
IBV,ACTTAATAT
IBV,ATAATAATA
IBV,CAATATGTT
IBV,CATAGCTATG
IBV,CATTTTGTG
IBV,CTAGCATTA
IBV,CTGTTGTAA
IBV,GCCCTAGGGC
IBV,GCTGGTTTA
IBV,GGAATGATAC
IBV,GGTTTTATT
IBV,GTAAAGGTG
IBV,GTGTGCACTA
IBV,GTGTTAATA
IBV,TAACAGGCA
IBV,TAACTTAACA
IBV,TAATATTACT
IBV,TAATATTACT
IBV,TACTGCAGTA
IBV,TATTACTAA
IBV,TCTTGCTTA
IBV,TGGAGTGTA
IBV,TGGCTAGCCA
IBV,TGTACTCAT
IBV,TGTTTCAACA
IBV,TTAATACTA
IBV,TTATTAACA
IBV,TTATTTACA
IBV,TTGTAAATA
IBV,TTGTCACACA
IBV,TTTTGTGGTA
IBV,GTGTTAACAC
IBV,ACTGGCATGCT
IBV,ATTCACTTT
IBV,TATTATAAT
IBV,TCAACACAA
IBV,TGCCAGTAT
IBV,TTATAAACA
IBV,TTATTATAATT
IBV,GTGTTAACAC
IBV,AAATTATAAT
IBV,ACAGATGTTT
IBV,ACTCAACACA
IBV,AGTTATAACT
IBV,TTATAATAAT
IBV,TTATTATAATT
IBV,GTGAAAGTAGT
IBV,GGTCTCATT
IBV,TAGACCATT
IBV,ATTTTATAA
IBV,ACTGGCATGCT
IBV,ACACTGTAA
IBV,ACCAAAGTGC
IBV,ACTGTTGGT
IBV,GACGTCTAT
IBV,GCCCTAGGGC
IBV,GCCTACTCT
IBV,GTATCTAAA
IBV,GTGTGCACTA
IBV,GTTAATACTA
IBV,TAACTTAACA
IBV,TCCAATTGGA
IBV,TCTTGCTTA
IBV,TTATTATAATT
IBV,TTGTCACACA
IBV,AAATTACACCTACTAC
IBV,ACACAAACC
IBV,CTTCTAATT
IBV,GAACCTGTAGC
IBV,GTGTCTATG
IBV,TAGCTAGTA
IBV,TAGTAATAA
IBV,TAGTAGGTGTAA
IBV,TATTAGTAA
IBV,TATTTATAA
IBV,TCTATTAATAGA
IBV,TGGATACAG
IBV,TTAACATTA
IBV,TTATGCAAA
IBV,TTTATAATA
IBV,AAATTATAATA
IBV,ACAAAACTACT
IBV,AGTTATAACT
IBV,ATAATATTAT
IBV,ATTATGAAA
IBV,CTACTAATT
IBV,GAGTTTAAT
IBV,GTATCTAAA
IBV,GTGTGCACTA
IBV,TAATATTAT
IBV,TATTATAAT
IBV,TCAACACAA
IBV,TTATAATCAA
IBV,TTATAATTTA
IBV,TTATTATAATT
IBV,AAAGGTGTCTAT
IBV,ATTATGAAA
IBV,CAAGAGGCT
IBV,CGTATCTAA
IBV,GCCTACTCT
IBV,TATTATAAT
IBV,TTATCTAAA
IBV,TTATTATAATT
IBV,AAAGTAGTGTTAACACTACTTT
IBV,TTATTATAATT
IBV,AACAGATTCT
IBV,AACCATCTG
IBV,AATAAAAAT
IBV,AATAATGCCG
IBV,AATCAAAGT
IBV,AATCTGTTT
IBV,ACCATTTTG
IBV,ACTGTTGGT
IBV,ACTTCTAGTTT
IBV,AGATGTAAG
IBV,AGCCATAGA
IBV,ATTACTAAT
IBV,ATTACTAAT
IBV,CACTTAATA
IBV,CATACTGCT
IBV,CATAGCTATG
IBV,CATTTTGTG
IBV,GAAGATCTTC
IBV,GAATCTGTTG
IBV,GTATCTAAA
IBV,GTGTATAAAC
IBV,GTGTGCACTA
IBV,TAACAAAACT
IBV,TAACAAAAC
IBV,TAACAACAT
IBV,TAATAATGGC
IBV,TATAATTATA
IBV,TATGGCAAG
IBV,TCATTACTA
IBV,TCATTATCT
IBV,TCTGTTGTAA
IBV,TCTGTTTAT
IBV,TGCTAGAGA
IBV,TGTTATTAA
IBV,TTAATCCCTG
IBV,TTAGTAATAAA
IBV,TTAGTAATA
IBV,TTGCATGTC
IBV,TTTCTGAGT
IBV,TTTGTGGTA
IBV,CATTTAAGT
IBV,CCATAACTT
IBV,AAACCATTA
IBV,AAGATCTTT
IBV,AATCTTTTC
IBV,ACCATTTTG
IBV,ACTGTTGGT
IBV,ACTTAATAT
IBV,ACTTAATAT
IBV,AGAGTGATG
IBV,AGTTTTAAT
IBV,ATAATAATA
IBV,ATGAAAGAA
IBV,ATTTTGTGGTA
IBV,CATTTTGTG
IBV,CCATAGATG
IBV,CTAGCATTA
IBV,GAATATAAT
IBV,GCCTACTCT
IBV,GGTTTTATT
IBV,GTAAAGGTG
IBV,GTATCTAAA
IBV,GTGTATAAG
IBV,GTTAATACT
IBV,TAATAAGGC
IBV,TAATAATTA
IBV,TATAATCAA
IBV,TATAATTTA
IBV,TGAATATAA
IBV,TGTACTCAT
IBV,TTAATTATT
IBV,TTACTAAGA
IBV,TTATTATAATT
IBV,TTGTAAATA
IBV,TTTAGCAGA
IBV,TTTTATTTACA
IBV,AAACCATTA
IBV,AACAAAACT
IBV,AATGAAAAAT
IBV,ACTGTTGGT
IBV,ACTTAATAT
IBV,ACTTAATAT
IBV,ATAATAATA
IBV,ATGGCACCT
IBV,CAATATGTT
IBV,CTAGCATTA
IBV,CTGTTGTAA
IBV,CTTCAAGGT
IBV,GCCTACTCT
IBV,GGAATGATAC
IBV,GGTTTTATT
IBV,GTAAAGGTG
IBV,GTATCTAAA
IBV,GTGGTATCG
IBV,GTGTGCACTA
IBV,GTGTTAATA
IBV,GTGTTAATA
IBV,GTTAATACTA
IBV,GTTAATACT
IBV,TAACAGGCA
IBV,TAATATTACT
IBV,TAATATTACT
IBV,TATAATTTA
IBV,TATTACTAA
IBV,TGCGTTAATA
IBV,TGGAGTGTA
IBV,TGGCTAGCCA
IBV,TGTACTCAT
IBV,TGTTTCAACA
IBV,TTAATTTTT
IBV,TTATCTAAA
IBV,TTATTAACA
IBV,TTATTTACA
IBV,TTCTGCAGAA
IBV,TTGTAAATA
IBV,TTTCATTTCT
IBV,TTTTGTGGTA
IBV,CACTGCAAT
IBV,CTAAATTTAG
IBV,GCTTTAAAGC
IBV,AACCAGCTGGTT
IBV,AAGATCTTT
IBV,CAATATGTT
IBV,TCTGTTGGT
IBV,AAACCATTA
IBV,AACAAAACT
IBV,AATTTCACT
IBV,AATTTGTCA
IBV,ACCATTTTG
IBV,ACTGTTGGT
IBV,ACTTAATAT
IBV,ATAATAATA
IBV,CATTTTGTG
IBV,CCTGCAGTA
IBV,GCCTACTCT
IBV,GTAAAGGTG
IBV,GTATCTAAA
IBV,GTGTGCACT
IBV,GTGTTAATA
IBV,TAATATTACT
IBV,TAATATTACT
IBV,TATAATTTA
IBV,TATTACTAA
IBV,TCTTACCAC
IBV,TCTTGCTTA
IBV,TGACAATTC
IBV,TGTACTCAT
IBV,TGTCAAGTA
IBV,TTAATACTA
IBV,TTACTAAGA
IBV,TTATTAACA
IBV,TTATTTACA
IBV,TTTGTTGTA
IBV,ACTGTTGGT
IBV,GCCTACTCT
IBV,GTATCTAAA
IBV,GTTAATACT
IBV,GTTCTGCAGAAC
IBV,TATAATTTA
IBV,TTATCTAAA
IBV,TTATTATAATT
IBV,AAAGTAGTGTTAACACTACTTT
IBV,ACTTCTAGTTT
IBV,TTAGTAATAAA
IBV,ACTGTTGGT
IBV,GCCTACTCT
IBV,GTATCTAAA
IBV,GTTAATACT
IBV,TATAATTTA
IBV,TTATCTAAA
IBV,TTATTATAATT
IBV,AAAGTATTAA
IBV,ACCTGCAGGT
IBV,TACTTTCTA
IBV,AAAGTAGTGTTAACACTACTTT
IBV,ACACTGTAA
IBV,ACCAGAAACTA
IBV,ACTGGTTCTCA
IBV,AGTGATTTT
IBV,TAGTATTAATACTA
IBV,TATTATAAT
IBV,TCAACACAA
IBV,TGCCAGTAT
IBV,TTATAAACA
IBV,TTATAATAA
IBV,TTATTATAATT
IBV,ACTCAACACAA
IBV,TTATTATAATT
IBV,AACAGATTCT
IBV,AACCATCTG
IBV,AATAAAAAT
IBV,AATAATGCCG
IBV,AATCAAAGT
IBV,AATCTGTTT
IBV,ACCATTTTG
IBV,ACTGTTGGT
IBV,ACTTCTAGTTT
IBV,AGATGTAAG
IBV,AGCCATAGA
IBV,ATTACTAAT
IBV,ATTACTAAT
IBV,CAACTCACG
IBV,CACTTAATA
IBV,CATACTGCT
IBV,CATAGCTATG
IBV,CATTTTGTG
IBV,GAAGATCTTC
IBV,GAATCTGTTG
IBV,GTATCTAAA
IBV,GTGTATAAAC
IBV,GTGTGCACTA
IBV,TAACAACAT
IBV,TAATAATGGC
IBV,TATAATTATA
IBV,TATGGCAAG
IBV,TCATTACTA
IBV,TCATTATCT
IBV,TCTGTTGTAA
IBV,TGAAACAACT
IBV,TGCTAGAGA
IBV,TGTTATTAA
IBV,TTAATCCCTG
IBV,TTAGTAATAAA
IBV,TTAGTAATA
IBV,TTCACTTCTA
IBV,TTGCATGTC
IBV,TTTCTGAGT
IBV,TTTGTGGTA
IBV,ACACTGTAAC
IBV,TTCTATAGAA
IBV,AAGCATGCTT
IBV,AAGCCTACT
IBV,AAGGTCAATCA
IBV,ACATTATTT
IBV,ACTTATAAAA
IBV,AGAAGATTT
IBV,ATAAGCAGT
IBV,ATAGTAAAT
IBV,ATTTAAATCA
IBV,CAAATGATTAA
IBV,CAACATCTT
IBV,CAGTTACCAC
IBV,CATTATAATG
IBV,CGTAGTTAG
IBV,CTATAAATA
IBV,CTTGTTTAG
IBV,GATTCTTCTG
IBV,GTGAAACTT
IBV,GTGATTTAA
IBV,GTGTTTCAA
IBV,TAAAATTAT
IBV,TAAAATTAT
IBV,TAAATAATTTC
IBV,TAAATAGTA
IBV,TAAATTTAA
IBV,TAAGCCTAT
IBV,TAATAAAACA
IBV,TAATAAGAA
IBV,TATTCAGTATG
IBV,TCAGTATGTT
IBV,TGAAAAGAA
IBV,TGAAACTTT
IBV,TGCATATGCA
IBV,TGCTTGTTT
IBV,TGGCATGTA
IBV,TGTTGATTA
IBV,TGTTTATTAA
IBV,TTAAATTTAA
IBV,TTAACAATTTC
IBV,TTAATCATTTG
IBV,TTACTACAC
IBV,TTATAATAATT
IBV,TTCTGGTCT
IBV,TTGCAATTT
IBV,TTGTAAATAGT
IBV,TTGTGCACAA
IBV,TTTAATAAA
IBV,TTTAATAAA
IBV,TTTAATACT
IBV,TTTAGCATATT
IBV,TTTAGCATA
IBV,TTTGTAAATA
IBV,AAAGTATTAA
IBV,ACCTGCAGGT
IBV,TACTTTCTA
IBV,CATAGCTATG
IBV,GTGTGCACTA
IBV,AATTTTGTA
IBV,ACAAAATTA
IBV,ATAACAATG
IBV,TGACCTTGT
IBV,TGTTGGTTA
IBV,TTATAATAA
IBV,TTATTATAATT
IBV,TTATTTAAA
IBV,AAACCATTA
IBV,AATCAAAGT
IBV,ACTTAATAT
IBV,ACTTAATAT
IBV,ATAATAATA
IBV,CAATATGTT
IBV,CATTTTGTG
IBV,CTAGCATTA
IBV,CTGTTGTAA
IBV,GCCTACTCT
IBV,GCTGGTTTA
IBV,GGTTTTATT
IBV,GTAAAGGTG
IBV,GTATCTAAA
IBV,GTGTTAATA
IBV,TAATAAAAC
IBV,TAATATTACT
IBV,TAATATTACT
IBV,TATTACTAA
IBV,TGGAGTGTA
IBV,TGTACTCAT
IBV,TTATTAACA
IBV,TTATTATAATT
IBV,TTATTTACA
IBV,TTGTAAATA
IBV,TTTTGTGGTAT
IBV,ACCAAAGTGC
IBV,CATAGCTATG
IBV,GCCCTAGGGC
IBV,GTGTGCACTA
IBV,GTTAATACTA
IBV,TAACTTAACA
IBV,TTATTATAATT
IBV,TTGTCACACA
IBV,AACCAGCTGGTT
IBV,CAATATGTT
IBV,TTATTATAATT
IBV,AACCTGTTGT
IBV,ACTGGCATGCT
IBV,AGAATCAATTT
IBV,AGTTATAACT
IBV,AGTTTTAATT
IBV,ATAATAATA
IBV,ATGTAAGTT
IBV,ATTTTGTGG
IBV,CAATATGTT
IBV,CAATCCAAA
IBV,CAATTTCAC
IBV,CTAGCATTA
IBV,CTATACCATT
IBV,CTTACTCAT
IBV,GGTTTTATT
IBV,GTATACAAA
IBV,TAACAGTTA
IBV,TAATATTACT
IBV,TACGTGTTT
IBV,TATAACTGGC
IBV,TATTACTAA
IBV,TATTATAAT
IBV,TCAACACAA
IBV,TCTTCAAGGT
IBV,TCTTCTATA
IBV,TGCATACTG
IBV,TGCCAGTAT
IBV,TTAATGTAA
IBV,TTAATTATT
IBV,TTAATTTTT
IBV,TTACTAAGA
IBV,TTATAAACAA
IBV,TTATTATAATT
IBV,TTATTTACA
IBV,TTGTATACAA
IBV,TTTGTGGTA
IBV,TTTTGTGGTA
IBV,AAACCATTA
IBV,AAATGGTAT
IBV,AACAAAACT
IBV,ACTGTTGGT
IBV,ACTTAATAT
IBV,ACTTAATAT
IBV,ATAATAATA
IBV,ATGGCACCT
IBV,CAATATGTT
IBV,CATTTTGTG
IBV,CTAGCATTA
IBV,CTGTTGTAA
IBV,CTTCAAGGT
IBV,GCCTACTCT
IBV,GGTTTTATT
IBV,GTAAAGGTG
IBV,GTATCTAAA
IBV,GTGTTAATA
IBV,GTGTTAATA
IBV,GTTAATACT
IBV,TAACAGGCA
IBV,TAATATTACT
IBV,TAATATTACT
IBV,TATAATTTA
IBV,TATTACTAA
IBV,TGGAGTGTA
IBV,TGTACTCAT
IBV,TTATCTAAA
IBV,TTATTAACA
IBV,TTATTTACA
IBV,TTGTAAATA
IBV,ACTCAACACA
IBV,AGTGAGTTTA
IBV,GTGTTAACAC
IBV,TAACACATTG
IBV,TATATTATAGT
IBV,TTATTATAATT
IBV,AAGCTTTAT
IBV,AATTATAATT
IBV,ATTATAATTATAAT
IBV,GTGTTAACAC
IBV,ACACATTGT
IBV,ACCATTTTG
IBV,AGTTATGAG
IBV,ATAGTGTTT
IBV,ATAGTGTTT
IBV,CAAGGTCTT
IBV,CACAAACAG
IBV,CACTTAATA
IBV,CCAAAATTTTTAT
IBV,CCTGCAGTA
IBV,CTAGCATTA
IBV,GACATCTTC
IBV,GCAACACAA
IBV,GCAATTTTT
IBV,GCCTGCAGT
IBV,GGTCTTATT
IBV,GGTCTTATT
IBV,GTAAAGGTG
IBV,GTATACAAA
IBV,GTCTATTAG
IBV,GTGATGACA
IBV,GTTATTATA
IBV,TAACATTAA
IBV,TAACATTAA
IBV,TAATACAGGTGGT
IBV,TACAAACTG
IBV,TAGTAATGA
IBV,TATTATAAT
IBV,TGGATCTTA
IBV,TTATTTACA
IBV,TTTAAAAGT
IBV,ACTGTTGGT
IBV,GCCTACTCT
IBV,GTATCTAAA
IBV,TATAATTTA
IBV,TCTTGCTTA
IBV,TTATCTAAA
IBV,TTATTATAATT
IBV,ACTGGCATGCT
IBV,ATTCACTTT
IBV,ATTGCTTAC
IBV,TATTATAAT
IBV,TCAACACAA
IBV,TGCCAGTAT
IBV,TTATAAACA
IBV,TTATTATAATT
IBV,AACCATCTG
IBV,AATTCTTCT
IBV,ACTTAATAT
IBV,ACTTAATAT
IBV,ACTTCTAGTTT
IBV,ATAAAAATAC
IBV,ATAAACCAT
IBV,CAACTTGTT
IBV,CAATATGTT
IBV,CACCTGCTG
IBV,CTAGCATTA
IBV,CTGTTGTAA
IBV,GATAAAAATA
IBV,GGAATGATAC
IBV,GGTTTTATT
IBV,GTATAACAC
IBV,GTATCTAAA
IBV,GTGTATAAAC
IBV,TAATATTACT
IBV,TATAATTATA
IBV,TATTACTAA
IBV,TCAAGGTTT
IBV,TGGAGTGTA
IBV,TGGCTAGCCA
IBV,TGGTGTTAA
IBV,TGTAACTAA
IBV,TGTACTCAT
IBV,TGTATCTGA
IBV,TGTTTCAACA
IBV,TTAGTAATAAA
IBV,TTATTAACA
IBV,TTATTTACA
IBV,TTCACTTCTA
IBV,TTGCTTTAT
IBV,TTGTAAATA
IBV,TTTTGTGGTA
IBV,ATACTCTAGG
IBV,CATAGCTATG
IBV,GTGTGCACTA
IBV,TAACTTAACA
IBV,TTATTATAATT
IBV,ACTCAACACAA
IBV,TTATTATAATT
IBV,ATAATTATAA
IBV,ATTATAATTA
IBV,CATTTAAGTA
IBV,TAATTATAATTA
IBV,TATGGGCCCATA
IBV,TCTACAGTTA
IBV,TTATAATTATAA
IBV,CAATATGTT
IBV,ACAAACTGCT
IBV,ACATTGTTT
IBV,ACCTAGTAG
IBV,ACTCAACACAA
IBV,ACTTAATGT
IBV,AGCTATGGC
IBV,AGCTGCAGCT
IBV,AGGTGGTGT
IBV,ATATTAAGT
IBV,ATTTTGTGGTA
IBV,CAAAATTTTG
IBV,CAATATGTT
IBV,CATCATTATC
IBV,CCTAATATTAGG
IBV,CTAATGAGAC
IBV,CTAGCATTA
IBV,GTAGTAATG
IBV,GTATCTAAA
IBV,GTCACGTGAC
IBV,GTCTGTATTG
IBV,GTTTTGTTAA
IBV,TAAAATTAT
IBV,TAAAGCCTTGGC
IBV,TAATATTAG
IBV,TAATGAGACT
IBV,TACTAATAG
IBV,TCTTACCAC
IBV,TTAACATCT
IBV,TTAATTTGA
IBV,TTATAATAAT
IBV,TTATTATAATT
IBV,TTGAACCTG
IBV,TTGTTTGCA
IBV,TTTTATATT
IBV,TTTTGTTAACAC
IBV,ACTTCTAGAAGT
IBV,CATAGCTATG
IBV,GCCCTAGGGC
IBV,GTGTGCACTA
IBV,GTTAATACTA
IBV,TTATTATAATT
IBV,TTGTCACACA
IBV,AACAATGCG
IBV,GTGTTAACAC
IBV,AAACCATTA
IBV,ACTGTTGGT
IBV,CATAGCTATG
IBV,CGTATCTAAA
IBV,GCCTACTCT
IBV,GTGTGCACTA
IBV,TAACACTACTTT
IBV,TAACTTAACA
IBV,TCTTGCTTA
IBV,TTAATACTA
IBV,TTATCTAAA
IBV,TTATTATAATT
IBV,AAATAATTT
IBV,ACATTATTT
IBV,AGCAGTGAA
IBV,TAAAATTAT
IBV,TATCAACAG
IBV,TGAAAAGAA
IBV,TGATTTAAATCA
IBV,TGTTGATTA
IBV,TTAAAAATAGA
IBV,TTATAATAATT
IBV,TTTAATAAA
IBV,AAACCATTA
IBV,AACAAAACT
IBV,ACTGTTGGT
IBV,ACTTAATAT
IBV,ACTTAATAT
IBV,AGTTTTAAGT
IBV,ATAATAATA
IBV,CAATATGTT
IBV,CATTTTGTG
IBV,CCATCCTAG
IBV,CCCCTAGGGG
IBV,CTGTTGTAA
IBV,CTGTTTCATT
IBV,GATAAGGTCC
IBV,GCCTACTCT
IBV,GCTGGTTTA
IBV,GGAATGATAC
IBV,GGTGGTGTTA
IBV,GGTTTTATT
IBV,GTAAAGGTG
IBV,GTGTGCACTA
IBV,GTGTTAATA
IBV,TAATATTACT
IBV,TAATATTACT
IBV,TATAATTTA
IBV,TATTACTAA
IBV,TCTTGCTTA
IBV,TGGAGTGTA
IBV,TGGCTAGCCA
IBV,TGTACTCAT
IBV,TGTTTCAACA
IBV,TTAATACTA
IBV,TTATTAACA
IBV,TTATTTACA
IBV,TTGTAAATA
IBV,TTGTCACACA
IBV,TTTAGCAGA
IBV,TTTCAACAA
IBV,TTTTGTGGTA
IBV,AAATAATTT
IBV,AAATGGTAC
IBV,AAATGGTAC
IBV,AAGCATGCTT
IBV,AAGCCTACT
IBV,AAGTAGTGA
IBV,ACATTATTT
IBV,ACCATTTAG
IBV,ACTTATAAAA
IBV,AGAAGATTT
IBV,ATAGTAAAT
IBV,CAAATGATTAA
IBV,CAACATCTT
IBV,CAGTTACCAC
IBV,CATTATAATG
IBV,CGTAGTTAG
IBV,CTATAAATA
IBV,GATTCTTCTG
IBV,GTGATTTAA
IBV,GTGTACATT
IBV,GTGTTTCAA
IBV,GTTTTATTA
IBV,TAAAATTAT
IBV,TAAAATTAT
IBV,TAAATAATTTC
IBV,TAAATTTAA
IBV,TAAGCCTAT
IBV,TAATAAAACA
IBV,TAATAAGAA
IBV,TAATACAGG
IBV,TAGCATATT
IBV,TATTCAGTATG
IBV,TATTCAGTA
IBV,TCTGGTTTA
IBV,TGAAAAGAA
IBV,TGAAACTTT
IBV,TGCTTGTTT
IBV,TGGCATGTA
IBV,TGTTGATTA
IBV,TGTTTATTAA
IBV,TGTTTGATT
IBV,TTAAATTTAA
IBV,TTAATCATTTG
IBV,TTACTACAC
IBV,TTAGATAATT
IBV,TTATAATAATT
IBV,TTCTGATAA
IBV,TTGCAATTT
IBV,TTGTGCACAA
IBV,TTTAAATCA
IBV,TTTAATAAA
IBV,TTTAATAAA
IBV,AAATAGTGT
IBV,AATTGCCACAA
IBV,ACACTATTT
IBV,ACTGGCATGCT
IBV,GCAATTTTT
IBV,GCAATTTTT
IBV,TGTTGGTAA
IBV,TGTTGGTAA
IBV,TTATTAATAGT
IBV,TTGGTACTATT
IBV,ACCATTTAA
IBV,GCTTTAAAA
IBV,CATAGCTATG
IBV,GCCCTAGGGC
IBV,GTGTGCACTA
IBV,GTTAATACTA
IBV,TTATTATAATT
IBV,AAACTATTA
IBV,AACAGATTC
IBV,AAGGCCATT
IBV,AATAATGGT
IBV,AATTTAACA
IBV,ATGGCCTTA
IBV,ATGGTTTGC
IBV,CAAAATGTTCA
IBV,CAAGGTCTT
IBV,CAATATGTT
IBV,CAATTTGTA
IBV,CGTTTACTACT
IBV,CTAGCATTA
IBV,GAATTATGT
IBV,GAGAAAGTA
IBV,GATTTTACA
IBV,GGTTCTCAA
IBV,GTAGTGTTAACACTAC
IBV,GTATAAAAA
IBV,GTTGCTGGT
IBV,TAACAGTTT
IBV,TACTAACAT
IBV,TCATTACTA
IBV,TCTGCTGTA
IBV,TCTTCAATA
IBV,TGCTAGAGA
IBV,TTAATTTGA
IBV,TTTAATATA
IBV,TTTCTGAGT
IBV,TTTGTGGTA
IBV,TTTGTTGTA
IBV,AAATAATTT
IBV,ACATTATTT
IBV,ATTAATAAA
IBV,CCTCCTTTA
IBV,TAAAATTAT
IBV,TGAAAAGAA
IBV,TGATTTAAATCA
IBV,TGTTGATTA
IBV,TTATAATAATT
IBV,ACTGTTGGT
IBV,ACTTAATAT
IBV,ACTTAATAT
IBV,ATAATAATA
IBV,CAATATGTT
IBV,CATTTTGTG
IBV,CCATCCTAG
IBV,CTGTTGTAA
IBV,GCCTACTCT
IBV,GCTGGTTTA
IBV,GGTTTTATT
IBV,GTAAAGGTG
IBV,GTGTTAATA
IBV,TAATATTACT
IBV,TAATATTACT
IBV,TATAATTTA
IBV,TATTACTAA
IBV,TCTTGCTTA
IBV,TGACCTTGT
IBV,TGGACCTGT
IBV,TGGAGTGTA
IBV,TGTACTCAT
IBV,TGTTTCATT
IBV,TTAATACTA
IBV,TTATTAACA
IBV,TTATTTACA
IBV,TTGTAAATA
IBV,TTTCAACAA
IBV,AAATAATTT
IBV,AAATTTAAA
IBV,ACATTATTT
IBV,AGCAGTGAA
IBV,TAAAATTAT
IBV,TGAAAAGAA
IBV,TGATTTAAATCA
IBV,TGTTGATTA
IBV,TTATAATAATT
IBV,TTTAATAAA
IBV,GTGTTAACAC
IBV,TTAGTTAAA
IBV,CAATGCATTG
IBV,CGTTTACTACT
IBV,AACCATCTG
IBV,AATAAAAAT
IBV,AATCTGTTT
IBV,ACTTCTAGTTT
IBV,ACTTTTTAT
IBV,AGCCATAGA
IBV,AGGTCCATA
IBV,ATAGTGTTT
IBV,ATTACTAAT
IBV,ATTACTAAT
IBV,CAACTCACG
IBV,CACTTAATA
IBV,CAGGTATGA
IBV,CATACTGCT
IBV,GTATCTAAA
IBV,TAACAACAT
IBV,TAAGTTTTG
IBV,TAATACTGGTA
IBV,TCATTACTA
IBV,TCATTATCT
IBV,TGCTAGAGA
IBV,TTAGTAATAAA
IBV,TTAGTAATA
IBV,TTGCATGTC
IBV,TTGCTTTAT
IBV,TTTCTGAGT
IBV,TTTGTGGTA
IBV,AACCACCTTG
IBV,GTTTATAAAC
IBV,TTATTATAATT
IBV,ATTATAATAAC
IBV,CAAGGAATTA
IBV,CCATAGATG
IBV,GCCTACTCT
IBV,GTATCTAAA
IBV,GTGAATTCAC
IBV,GTTAATACTA
IBV,TAACAGGTC
IBV,TATATTATA
IBV,TATTATAATA
IBV,TATTATAAT
IBV,TCACTAATG
IBV,TGTTAATGGT
IBV,TTAATAATA
IBV,TTATTATAATT
IBV,TTGTATACAA
IBV,GTGTTAACAC
IBV,AAACTGCTG
IBV,AAATTATAATA
IBV,AATAATTAT
IBV,AATTACATG
IBV,AATTTTGTAGT
IBV,ACCCTGCAT
IBV,ATAATATTAT
IBV,CAAAATTTTG
IBV,CATAGCTATG
IBV,CTACTAATT
IBV,GTATCTAAA
IBV,GTGTGCACTA
IBV,TAATAATTA
IBV,TAATATTAT
IBV,TATAATCAA
IBV,TATTATAAT
IBV,TCAACACAA
IBV,TTATAATTTA
IBV,TTATTATAATT
IBV,AAACCATTA
IBV,AACAAAACT
IBV,ACTTAATAT
IBV,ACTTAATAT
IBV,ATAATAATA
IBV,ATGGCACCT
IBV,CAATATGTT
IBV,CATTTTGTG
IBV,CTGTTGTAA
IBV,CTTCAAGGT
IBV,GCACTATTG
IBV,GCCTACTCT
IBV,GGTGGTGTTAATA
IBV,GGTTTTATT
IBV,GTAAAGGTG
IBV,GTATCTAAA
IBV,GTGTTAATA
IBV,GTTAATACT
IBV,TAACAGGCA
IBV,TAATATTACT
IBV,TAATATTACT
IBV,TATAATTTA
IBV,TATTACTAA
IBV,TGGAGTGTA
IBV,TGTACTCAT
IBV,TTATCTAAA
IBV,TTATTAACA
IBV,TTATTTACA
IBV,TTGTAAATA
IBV,TGTATGGGTC
IBV,GTGTTAACAC
IBV,TTAGTTAAAG
IBV,CATAGCTATG
IBV,CCATAGATG
IBV,GCCTACTCT
IBV,GTATCTAAA
IBV,GTGTGCACTA
IBV,GTTAATACTA
IBV,GTTAATACT
IBV,TATAATTTA
IBV,TCACTAATG
IBV,TTATTATAATT
IBV,TTGTATACAA
IBV,TTGTCACACA
IBV,AGCTGCAGCT
IBV,CGCGCCGCTG
IBV,GGCAGCTGCC
IBV,TATAGCTATA
IBV,TGCGCGCTG
IBV,TGCGCGCTG
IBV,TGCTATAGCA
IBV,AAAAGTTTGT
IBV,AAAATTATA
IBV,AAACCAAAG
IBV,AAACCATTA
IBV,AAACTAGCA
IBV,AACATCTGTA
IBV,AACTTGTTGT
IBV,AATAAAAAT
IBV,AATATAATAC
IBV,AATATAATA
IBV,AATGTTTCTA
IBV,ACAGAAAGT
IBV,ACCACCTAA
IBV,ACTACAAACT
IBV,ATATCTAAA
IBV,ATTACTAAGA
IBV,ATTATATTC
IBV,ATTGCATAC
IBV,CAAAAAGAA
IBV,CAAACATAT
IBV,CACTTAATA
IBV,CAGCTGCAG
IBV,CATTTAGAT
IBV,CTAGCATTA
IBV,CTGCCTGTAA
IBV,GAATATAAT
IBV,GAGACTACA
IBV,GCAACTTGT
IBV,GCAATTTTT
IBV,GTTATTATAA
IBV,GTTTTAAGAAT
IBV,TAATAATGG
IBV,TAATGGCAAAG
IBV,TAGTCTCTG
IBV,TATACAAAC
IBV,TATTAATGA
IBV,TCCTTTAATAA
IBV,TCTTGTCAA
IBV,TGCATATGGCC
IBV,TGGCCACTTA
IBV,TGTCAATAT
IBV,TTAGCAGATG
IBV,TTATAATAA
IBV,TTGTAAATAG
IBV,TTTGTGGTA
IBV,TTTTGTGGTA
IBV,CATAGCTATG
IBV,GTGTGCACTA
IBV,GTTAATACTA
IBV,TAACTTAACA
IBV,TTATTATAATT
IBV,TTGTCACACA
IBV,GCATAAGCA
IBV,AAAGTAGTGTTAACACTACTTT
IBV,CATAGCTATG
IBV,CGTATCTAAA
IBV,GTGTGCACTA
IBV,GTTAATACTA
IBV,TTATTATAATT
IBV,ACACTGTAA
IBV,AAACCATTA
IBV,ACCATTTCG
IBV,ACTGTTGGT
IBV,ACTTAATAT
IBV,ACTTAATAT
IBV,CAATATGTT
IBV,CATAGCTATG
IBV,CTAGCATTA
IBV,CTGTTGTAA
IBV,GCCTACTCT
IBV,GGAATGATAC
IBV,GGTGGTGTTA
IBV,GGTTTTATT
IBV,GTAAAGGTG
IBV,GTATCTAAA
IBV,GTGTGCACTA
IBV,GTGTTAATA
IBV,TAACAGGCA
IBV,TAACTTAACA
IBV,TAATAAAAC
IBV,TAATATCTCT
IBV,TAATATTACT
IBV,TATAATTATA
IBV,TATTACTAA
IBV,TCTTGCTTA
IBV,TGGCTAGCCA
IBV,TGGTGTTAA
IBV,TGTAACTAA
IBV,TGTACTCAT
IBV,TGTTGTTAT
IBV,TGTTTCAACA
IBV,TTATTAACA
IBV,TTATTTAAA
IBV,TTATTTACA
IBV,TTGTAAATA
IBV,TTGTCACACA
IBV,TTTTGTGGTA
IBV,ACTGGCATGCT
IBV,ACTGGTTCTCA
IBV,TTATTAATAGT
IBV,TTATTATAATT
IBV,ACCAAAGTGC
IBV,GCCCTAGGGC
IBV,GTTAATACTA
IBV,TAACTTAACA
IBV,TTATTATAATT
IBV,TTGTCACACA
IBV,ACTCAACACAA
IBV,TTATTATAATT
IBV,AATAATTATA
IBV,AATACTAGTATT
IBV,AGGTGGTTGT
IBV,CTGTTTCATTA
IBV,GTTATTATAA
IBV,TAATACAGGTGGT
IBV,TAGTTAATGT
IBV,TGTATGGGTC
IBV,AGAACCATA
IBV,AGAGAACCAT
IBV,AGTTATAACT
IBV,TAAAATTAT
IBV,TACACTAAC
IBV,TATTATAAT
IBV,TCAACACAA
IBV,TGGTCTAAAA
IBV,TGTTGATTA
IBV,TTATAATAAT
IBV,TTATTATAATT
IBV,TTTAGACCA
IBV,AACTGCTGATTA
IBV,ACTGGTTCTCA
IBV,GTGGTTTTGTT
IBV,CATAGCTATG
IBV,GCCCTAGGGC
IBV,GTGTGCACTA
IBV,GTTAATACTA
IBV,TAACTTAACA
IBV,TTATTATAATT
IBV,TTGTCACACA
IBV,ACTTCTAGTTT
IBV,CATAGCTATG
IBV,GTGTGCACTA
IBV,TATAATTATA
IBV,TTAGTAATAAA
IBV,TTCACTTCTA
IBV,AAACCATTA
IBV,AAACCATTA
IBV,AAAATTATA
IBV,AAACCAAAG
IBV,AAACCATTA
IBV,AAACTAGCA
IBV,AGTAAGAAT
IBV,ATATCTAAA
IBV,CATTTAGAT
IBV,CCAAAGCTTTGG
IBV,TTATAATAA
IBV,ACTCAACACAA
IBV,CAGTTTCATTA
IBV,TTATTATAATT
IBV,ACTGTAATTT
IBV,CATAGCTATG
IBV,TATAATTTA
IBV,AACCAGCTGGTT
IBV,CAATATGTT
IBV,AATTGCCACAA
IBV,ACTGGCATGCT
IBV,ACTGGTTCTCA
IBV,CATTAAAATCA
IBV,GCAATTTTT
IBV,GCAATTTTT
IBV,TTATTAATAGT
IBV,TTATTATAATT
IBV,TTGGTACTATT
IBV,TTTCTGAGTAG
IBV,ACTGTTGGT
IBV,CATAGCTATG
IBV,GCCCTAGGGC
IBV,GTGTGCACTA
IBV,TAATAAAAC
IBV,TATAATCAA
IBV,TATAATTTA
IBV,TATTATAAT
IBV,TCTTGCTTA
IBV,TTAATACTA
IBV,TTATTATAATT
IBV,TTGTCACACA
IBV,CATAGCTATG
IBV,GTGTGCACTA
IBV,ACAAATTTGT
IBV,ACTCAACACA
IBV,ATTATAATAA
IBV,ATTGTTGGTT
IBV,GTTACATCAG
IBV,TATAATAAT
IBV,TATAATAAT
IBV,TGTATCTAAG
IBV,TTATAATAAT
IBV,ATTGCTTAC
IBV,TCTAAATTTAGA
IBV,AACAGATTCT
IBV,AACCATCTG
IBV,AATAAAAAT
IBV,AATCTGTTT
IBV,ACTTCTAGTTT
IBV,ACTTTTTAT
IBV,AGATGTAAG
IBV,AGCCATAGA
IBV,ATAAAAATAC
IBV,ATTACTAAT
IBV,ATTACTAAT
IBV,CAACTCACG
IBV,CACTTAATA
IBV,CAGGTATGA
IBV,CATACTGCT
IBV,GAAGATCTTC
IBV,GAATCTGTTG
IBV,GTATCTAAA
IBV,GTGTATAAAC
IBV,TAACAACAT
IBV,TAATAATGGC
IBV,TATAATTATA
IBV,TATGGCAAG
IBV,TCATTACTA
IBV,TCATTATCT
IBV,TCTGTTGTAA
IBV,TGAAACAACT
IBV,TGCTAGAGA
IBV,TTAATCCCTG
IBV,TTAGTAATAAA
IBV,TTAGTAATA
IBV,TTCACTTCTA
IBV,TTGCATGTC
IBV,TTGCTTTAT
IBV,TTTCTGAGT
IBV,TTTGTGGTA
IBV,AAATTATAATA
IBV,AATAATTAT
IBV,AATTACATG
IBV,AATTTTGTAGT
IBV,ACCCTGCAT
IBV,ATAATATTAT
IBV,CAAAATTTTG
IBV,CTACTAATT
IBV,GTGTGCACTA
IBV,TAATAATTA
IBV,TAATATTAT
IBV,TATAATCAA
IBV,TATTATAAT
IBV,TCAACACAA
IBV,TTATAATTTA
IBV,TTATTATAATT
IBV,ACTGGCATGCT
IBV,ACTGGTTCTCA
IBV,AGTTATAACT
IBV,TATAACTGGC
IBV,TTATAATAAT
IBV,TTATTAATAGT
IBV,TTATTATAATT
IBV,TTCATATGAA
IBV,AAAGTATTAA
IBV,TACTTTCTA
IBV,ACTGGCATGCT
IBV,ATTCACTTT
IBV,TATTATAAT
IBV,TCAACACAA
IBV,TGCCAGTAT
IBV,TTATAAACA
IBV,TTATTATAATT
IBV,AAACTTACCA
IBV,AAATAGTGT
IBV,AAGGTCCTT
IBV,AATCTACCAG
IBV,AATTGCCACAA
IBV,ACACTATTT
IBV,ACCCAGTCA
IBV,ACTGGCATGCT
IBV,ACTGGTTCTCA
IBV,AGGTTTTAT
IBV,AGTTATAACT
IBV,ATAGGTACT
IBV,ATCAAAATCA
IBV,ATCTGTTGG
IBV,CACTTAATA
IBV,CCAGTTATAA
IBV,CTAGCATTA
IBV,CTGTTGGTA
IBV,GAAGATCTTC
IBV,GCAATTTTT
IBV,GCAATTTTT
IBV,GTAAAGGTG
IBV,GTATACAAA
IBV,TAACAGTTA
IBV,TAAGTTTTG
IBV,TATAACTGGC
IBV,TATTATAAT
IBV,TCAACACAA
IBV,TGCCAGTAT
IBV,TGGTACTATT
IBV,TGTTGGTAA
IBV,TTACTAAGA
IBV,TTATAAACA
IBV,TTATAATAAT
IBV,TTATTAATAGT
IBV,TTATTATAATT
IBV,TTCATATGAA
IBV,TTCTGAGTAG
IBV,TTGGTACTATT
IBV,TTGTATAAAA
IBV,TTTGCTTGT
IBV,TTTGTTGTA
IBV,TTTTATTAA
IBV,TTTTGTATG
IBV,ATTGTGTAT
IBV,GTGTTAACAC
IBV,TTAGTTAAA
IBV,ACTGGCATGCT
IBV,AGGTTTTAT
IBV,ATCTGTTGG
IBV,ATTCACTTT
IBV,CACTTAATA
IBV,CCATTAGGT
IBV,CCTGCAGTA
IBV,CTGTTGGTA
IBV,CTTACTCAT
IBV,GAAAGTGATGA
IBV,GCAATTTTT
IBV,GCAATTTTT
IBV,GCCTGCAGT
IBV,GTAAAGGTG
IBV,TAACAGTTA
IBV,TAAGTTTTG
IBV,TATTATAAT
IBV,TCAACACAA
IBV,TCACTTTCAGT
IBV,TGCATACTG
IBV,TGCCAGTAT
IBV,TGGCCAGCTTT
IBV,TGTTGGTAA
IBV,TTATAAACA
IBV,TTATTATAATT
IBV,TTGTTATAA
IBV,TTTGCTTGT
IBV,AAACCATTA
IBV,AACAAAACT
IBV,ACATTGTTT
IBV,ACTGTTGGT
IBV,ACTTAATAT
IBV,ACTTAATAT
IBV,ATAATAATA
IBV,ATTTTGTGGTA
IBV,CAATATGTT
IBV,CATTTTGTG
IBV,CTAGCATTA
IBV,GCCTACTCT
IBV,GCTGGTTTA
IBV,GGTTTTATT
IBV,GTAAAGGTG
IBV,GTATCTAAA
IBV,GTGTGCACT
IBV,GTGTTAATA
IBV,TAACAGGCA
IBV,TAATATTACTGAAA
IBV,TATAATTTA
IBV,TCTTGCTTA
IBV,TGGAGTGTA
IBV,TGTACTCAT
IBV,TTAATACTA
IBV,TTATTAACA
IBV,TTATTATAATT
IBV,TTATTTACA
IBV,TTTCAGTAA
IBV,AACACCACC
IBV,ACCACCTTG
IBV,GTGTTAACAC
IBV,GTTTATAAAC
IBV,AAAGTATTAA
IBV,ACCTGCAGGT
IBV,CACTACATATTG
IBV,CATTACAAGG
IBV,CCCTTAAGGG
IBV,GTAATAATGTA
IBV,ACAAACTGCT
IBV,ACTCAACACAA
IBV,CATAGCTATG
IBV,TAATGAGACT
IBV,TTATAATAAT
IBV,TTATTATAATT
IBV,ACTGGCATGCT
IBV,TCACTTTCAGT
IBV,TTATTATAATT
IBV,TATGCAAGA
IBV,ATAACTTACA
IBV,ATGTTAGTAA
IBV,CAATGCATTG
IBV,CGTTTACTACT
IBV,GTGTTAACAC
IBV,GTTAACACTA
IBV,TAATACTACT
IBV,CCGCTGCTGCTG
IBV,GCTGCTGCT
IBV,GCTGCTGCT
IBV,AATTTTGTA
IBV,ACAAAATTA
IBV,TGACCTTGT
IBV,TGTTGGTTA
IBV,TTATAATAA
IBV,TTATTATAATT
IBV,TTATTTAAA
IBV,TTTTCTAAT
IBV,AATACTAGTATT
IBV,AGGTGGTTGT
IBV,CTACAATGTG
IBV,CTGTTTCATTA
IBV,GTTATTATAA
IBV,TAATACAGGTGGT
IBV,TAGTTAATGT
IBV,ACTGTTGGT
IBV,ATACTCTAGG
IBV,CATAGCTATG
IBV,GTTAATACTA
IBV,GTTAATACT
IBV,TAACTTAAC
IBV,TCTTGCTTA
IBV,TTATCTAAA
IBV,TTATTATAATT
IBV,TTGTCACACA
IBV,TTTTCATTT
IBV,ACCAAAGTGC
IBV,GCCCTAGGGC
IBV,GTGTGCACTA
IBV,GTTAATACTA
IBV,TAACTTAACA
IBV,TTATTATAATT
IBV,TTGTCACACA
IBV,AAGGCCATT
IBV,ACAAGGTCA
IBV,ACTCAACACAA
IBV,AGAAGATTT
IBV,CAATATGTT
IBV,CTAGCATTA
IBV,CTGTTGTAA
IBV,CTTCAAGGT
IBV,GGCCTTATT
IBV,GTAAAGGTG
IBV,GTAGTAATG
IBV,GTGTATAAA
IBV,TAATAAGAA
IBV,TACTAATAG
IBV,TCTTCACAA
IBV,TCTTCTATA
IBV,TGTAACTGA
IBV,TTAATTTGA
IBV,TTACTACTA
IBV,TTATTATAATT
IBV,TTATTTACA
IBV,TTCAGTTAC
IBV,TTGAACCTG
IBV,TTGTAAATA
IBV,TTGTTTGCA
IBV,TTTACTACT
IBV,TTTGAATGT
IBV,TTTTATATT
IBV,ACCACTCTG
IBV,AAACTTACCA
IBV,AAATAGTGT
IBV,ACTGGCATGCT
IBV,ACTGGTTCTCA
IBV,AGGTTTTAT
IBV,AGTTATAACT
IBV,TATAACTGGC
IBV,TATTATAAT
IBV,TCAACACAA
IBV,TGCCAGTAT
IBV,TTATAAACA
IBV,TTATAATAAT
IBV,TTATTAATAGT
IBV,TTATTATAATT
IBV,TTCATATGAA
IBV,TTGGTACTATT
IBV,ACTGTAATTT
IBV,CATAGCTATG
IBV,GTGTGCACTA
IBV,GTTAATACTA
IBV,TTATTATAATT
IBV,GTGTTAACAC
IBV,TTAGTTAAA
IBV,ACTACTAGTAGT
IBV,AGTTATAACT
IBV,ATCTAACTCA
IBV,TATAACTGGC
IBV,TTATAATAAT
IBV,TTATTATAATT
IBV,AAACTTACCA
IBV,AATCTACCAG
IBV,AATTGCCACAA
IBV,ACCCAGTCA
IBV,ACTGGCATGCT
IBV,AGGTTTTAT
IBV,AGTTATAACT
IBV,ATCAAAATCA
IBV,ATCTGTTGG
IBV,ATTCACTTT
IBV,CAATTTCACT
IBV,CACTTAATA
IBV,CACTTTCAGT
IBV,CCAGTTATAA
IBV,CCATTAGGT
IBV,CCTGCAGTA
IBV,CTGTTGGTA
IBV,CTTACTCAT
IBV,GCAATTTTT
IBV,GCAATTTTT
IBV,GCCTGCAGT
IBV,GGCAATTTT
IBV,GTAAAGGTG
IBV,GTATACAAA
IBV,TAACAGTTA
IBV,TAAGTTTTG
IBV,TATAACTGGC
IBV,TATTATAAT
IBV,TCAACACAA
IBV,TCTGGAGTG
IBV,TGCATACTG
IBV,TGCCAGTAT
IBV,TGTCAAGTA
IBV,TGTTGGTAA
IBV,TTACTAAGA
IBV,TTATAAACA
IBV,TTATAATAAT
IBV,TTATTATAATT
IBV,TTCTGAGTAG
IBV,TTGTATAAAA
IBV,TTTGCTTGT
IBV,TTTTGTATG
IBV,AATTTACCA
IBV,ACTGGCATGCT
IBV,TATTATAAT
IBV,TCAACACAA
IBV,TGCCAGTAT
IBV,TTATAAACA
IBV,TTATTATAATT
IBV,TTTCTAGTG
IBV,ACATTGTTATAACAATGT
IBV,ACTCAACACAA
IBV,CATAGCTATG
IBV,GTGTGCACTA
IBV,TTATAATAAT
IBV,TTATTATAATT
IBV,TTGTCACACA
IBV,AACAAAACT
IBV,ACCAGACAC
IBV,ACTTAATAT
IBV,ACTTAATAT
IBV,ATAATAATA
IBV,CAATATGTT
IBV,CATTTTGTG
IBV,CTGTTGTAA
IBV,CTTCAAGGT
IBV,GCCTACTCT
IBV,GGTGGTGTTAATA
IBV,GGTTTTATT
IBV,GTAAAGGTG
IBV,GTATCTAAA
IBV,GTGTTAATA
IBV,GTTAATACT
IBV,TAATATTACT
IBV,TAATATTACT
IBV,TATAATTTA
IBV,TATTACTAA
IBV,TGGAGTGTA
IBV,TGTACTCAT
IBV,TTATCTAAA
IBV,TTATTAACA
IBV,TTATTTACA
IBV,TTGTAAATA
IBV,AAACTTACCA
IBV,AAATAGTGT
IBV,AAGGTCCTT
IBV,AATCTACCAG
IBV,AATTGCCACAA
IBV,ACACTATTT
IBV,ACCCAGTCA
IBV,ACTGGCATGCT
IBV,ACTGGTTCTCA
IBV,AGGTTTTAT
IBV,AGTTATAACT
IBV,ATAGGTACT
IBV,ATCAAAATCA
IBV,ATCTGTTGG
IBV,CACTTAATA
IBV,CCAGTTATAA
IBV,CTAGCATTA
IBV,CTGTTGGTA
IBV,GAAGATCTTC
IBV,GCAATTTTT
IBV,GCAATTTTT
IBV,GTAAAGGTG
IBV,GTATACAAA
IBV,TAACAGTTA
IBV,TAAGTTTTG
IBV,TATAACTGGC
IBV,TATTATAAT
IBV,TCAACACAA
IBV,TGCCAGTAT
IBV,TGGTACTATT
IBV,TGTTGGTAA
IBV,TTACTAAGA
IBV,TTATAAACA
IBV,TTATAATAAT
IBV,TTATTAATAGT
IBV,TTATTATAATT
IBV,TTCATATGAA
IBV,TTCTGAGTAG
IBV,TTGGTACTATT
IBV,TTGTATAAAA
IBV,TTTGCTTGT
IBV,TTTGTTGTA
IBV,TTTTATTAA
IBV,TTTTGTATG
IBV,AAATTATAATA
IBV,AATAATTAT
IBV,AATTACATG
IBV,AATTTTGTAGT
IBV,ACCCTGCAT
IBV,ATAATATTAT
IBV,CAAAATTTTG
IBV,CATAGCTATG
IBV,CTACTAATT
IBV,GTGTGCACTA
IBV,TAATAATTA
IBV,TAATATTAT
IBV,TATAATCAA
IBV,TATTATAAT
IBV,TCAACACAA
IBV,TTATAATTTA
IBV,TTATTATAATT
IBV,TTGTCACACA
IBV,TTTAGTTAA
IBV,AAGCTTGTA
IBV,GTTATAGTT
IBV,ATCAGTCAC
IBV,ATGAGAAAT
IBV,GTATTATTA
IBV,TAAAATTAT
IBV,TAGTAATTA
IBV,TGGTCTAAA
IBV,TTATAATAA
IBV,TTATTATAATT
IBV,TTTGTTTGA
IBV,ACTGGCATGCT
IBV,ATTCACTTT
IBV,TATTATAAT
IBV,TCAACACAA
IBV,TGCCAGTAT
IBV,TTATAAACA
IBV,TTATTATAATT
IBV,ACACATTGT
IBV,GTGAAAACA
IBV,AAAACTTAAGTTTT
IBV,AAATTACACCTACTAC
IBV,ATTAATATTAAT
IBV,CTTCTAATT
IBV,GAACCTGTAGC
IBV,GTGTCTATG
IBV,TAGCTAGTA
IBV,TAGTAATAA
IBV,TAGTAGGTGTAA
IBV,TATTAGTAA
IBV,TATTTATAA
IBV,TCTATTAATAGA
IBV,TGGATACAG
IBV,TTATGCAAA
IBV,TTTATAATA
IBV,AAACTGGTT
IBV,AATAATTAT
IBV,ACACATTGT
IBV,ATGTTAGTG
IBV,CATTTAAGT
IBV,CCAAAGCTTTGG
IBV,TAAATAATT
IBV,TATTATAAT
IBV,TCAACACAA
IBV,TTATTATAATT
IBV,ACTTCTAGTTT
IBV,TTAGTAATAAA
IBV,AACAGATTCT
IBV,AACCATCTG
IBV,AATAAAAAT
IBV,AATCTGTTT
IBV,ACTTCTAGTTT
IBV,ACTTTTTAT
IBV,AGATGTAAG
IBV,AGCCATAGA
IBV,ATAAAAATAC
IBV,ATTACTAAT
IBV,ATTACTAAT
IBV,CAACTCACG
IBV,CACTTAATA
IBV,CAGGTATGA
IBV,CATACTGCT
IBV,GAAGATCTTC
IBV,GAATCTGTTG
IBV,GTATCTAAA
IBV,GTGTATAAAC
IBV,TAACAACAT
IBV,TAATAATGGC
IBV,TATAATTATA
IBV,TATGGCAAG
IBV,TCATTACTA
IBV,TCATTATCT
IBV,TCTGTTGTAA
IBV,TGAAACAACT
IBV,TGCTAGAGA
IBV,TTAATCCCTG
IBV,TTAGTAATAAA
IBV,TTAGTAATA
IBV,TTCACTTCTA
IBV,TTGCATGTC
IBV,TTGCTTTAT
IBV,TTTCTGAGT
IBV,TTTGTGGTA
IBV,ATACTCTAGG
IBV,CATAGCTATG
IBV,GTGTGCACTA
IBV,GTTAATACTA
IBV,TAACTTAACA
IBV,TTATTATAATT
IBV,AAGCTTGTA
IBV,ACTGTTGGT
IBV,GCCTACTCT
IBV,GTATCTAAA
IBV,TATAATTTA
IBV,TCTTGCTTA
IBV,TTAATACTA
IBV,TTATTATAATT
IBV,GTGTTAACAC
IBV,TTAGTTAAA
IBV,ATAGTGTTT
IBV,CACTTAATA
IBV,CCTGCAGTA
IBV,CTAGCATTA
IBV,GCCTGCAGT
IBV,GTCTATTAG
IBV,TTATTTACA
IBV,ACTGGCATGCT
IBV,TTATTATAATT
IBV,ACTGTTGGT
IBV,GCCTACTCT
IBV,TATAATTTA
IBV,TCTTGCTTA
IBV,TTAATACTA
IBV,TTATCTAAA
IBV,TTATTATAATT
IBV,CATAGCTATG
IBV,GCCCTAGGGC
IBV,GTGTGCACTA
IBV,GTTAATACTA
IBV,TAACTTAACA
IBV,TTATTATAATT
IBV,TTGTCACACA
IBV,TATAATTTA
IBV,ACTGTTGGT
IBV,CATAGCTATG
IBV,GCCTACTCT
IBV,GTATCTAAA
IBV,GTGTGCACTA
IBV,GTTAATACTA
IBV,GTTAATACT
IBV,TACCACTAA
IBV,TATAATTTA
IBV,TTATCTAAA
IBV,TTATTATAATT
IBV,TTCTGCAGAA
IBV,ACACTGTAA
IBV,ACCAGAAACTA
IBV,TAGTATTAATACTA
IBV,TATTATAAT
IBV,TCAACACAA
IBV,TGCCAGTAT
IBV,TTATAATAA
IBV,TTATTATAATT
IBV,AATAATTAT
IBV,AATTATAAT
IBV,AGTTATAACT
IBV,ATAATATTAT
IBV,ATTATAATT
IBV,ATTATGAAA
IBV,GCACTTACA
IBV,GTGTGCACTA
IBV,TAATAATTA
IBV,TAATATTAT
IBV,TAATTATAATTA
IBV,TATTATAAT
IBV,TCAACACAA
IBV,TTATAATCAA
IBV,TTATTATAATT
IBV,TTTCTGCAA
IBV,AAACTTACCA
IBV,AATCTACCAG
IBV,AATTGCCACAA
IBV,ACCCAGTCA
IBV,ACTGGCATGCT
IBV,AGGTTTTAT
IBV,AGTTATAACT
IBV,ATCAAAATCA
IBV,ATCTGTTGG
IBV,ATTCACTTT
IBV,CAATTTCACT
IBV,CACTTAATA
IBV,CACTTTCAGT
IBV,CCAGTTATAA
IBV,CCATTAGGT
IBV,CCTGCAGTA
IBV,CTGTTGGTA
IBV,CTTACTCAT
IBV,GCAATTTTT
IBV,GCAATTTTT
IBV,GCCTGCAGT
IBV,GGCAATTTT
IBV,GTAAAGGTG
IBV,GTATACAAA
IBV,TAACAGTTA
IBV,TAAGTTTTG
IBV,TATAACTGGC
IBV,TATTATAAT
IBV,TCAACACAA
IBV,TCTGGAGTG
IBV,TGCATACTG
IBV,TGCCAGTAT
IBV,TGTTGGTAA
IBV,TTACTAAGA
IBV,TTATAAACA
IBV,TTATAATAAT
IBV,TTATTATAATT
IBV,TTCTGAGTAG
IBV,TTGTATAAAA
IBV,TTTGCTTGT
IBV,CACTGTAAC
IBV,TTATAAAAG
IBV,ACTGGCATGCT
IBV,ATTCACTTT
IBV,TATTATAAT
IBV,TCAACACAA
IBV,TGCCAGTAT
IBV,TTATAAACA
IBV,TTATTATAATT
IBV,ACACTGTAA
IBV,ACCAGAAACTA
IBV,ACTGGTTCTCA
IBV,AGTGATTTT
IBV,TAGTATTAATACTA
IBV,TATTATAAT
IBV,TCAACACAA
IBV,TGCCAGTAT
IBV,TTATAAACA
IBV,TTATAATAA
IBV,TTATTATAATT
IBV,AATGAAAAAT
IBV,GTGTGCACTA
IBV,GTTAATACTA
IBV,TGCGTTAATA
IBV,TTATTATAATT
IBV,TTTCATTTCT
IBV,CATAGCTATG
IBV,GCCCTAGGGC
IBV,GTGTGCACTA
IBV,GTTAATACTA
IBV,TTATTATAATT
IBV,TTGTCACACA
IBV,ACAAGGTCA
IBV,ACTCAACACAA
IBV,TGACCTTGT
IBV,TTATTATAATT
IBV,AACAAAATA
IBV,AAATTACAAT
IBV,ACTGTAATTT
IBV,ACTTCTAGTTT
IBV,AGGAGGTGCT
IBV,TATAATTATA
IBV,TCTTTAGTGA
IBV,TTAGTAATAAA
IBV,TTATAATCAA
IBV,AACAGATTCT
IBV,AACCATCTG
IBV,AATAAAAAT
IBV,AATCTGTTT
IBV,ACTTCTAGTTT
IBV,ACTTTTTAT
IBV,AGATGTAAG
IBV,AGCCATAGA
IBV,ATAAAAATAC
IBV,ATTACTAAT
IBV,ATTACTAAT
IBV,CAACTCACG
IBV,CACTTAATA
IBV,CAGGTATGA
IBV,CATACTGCT
IBV,GAAGATCTTC
IBV,GAATCTGTTG
IBV,GATAAAAATA
IBV,GGAATGATAC
IBV,GTATCTAAA
IBV,GTGTATAAAC
IBV,TAACAACAT
IBV,TATAATTATA
IBV,TATGGCAAG
IBV,TCATTACTA
IBV,TCATTATCT
IBV,TCTGTTGTAA
IBV,TGAAAACAA
IBV,TGAAACAACT
IBV,TGCTAGAGA
IBV,TTAATCCCTG
IBV,TTAGTAATAAA
IBV,TTAGTAATA
IBV,TTCACTTCTA
IBV,TTGCATGTC
IBV,TTGCTTTAT
IBV,TTTCTGAGT
IBV,TTTGTGGTA
IBV,AATAATTATA
IBV,AATACTAGTATT
IBV,AGGTGGTTGT
IBV,CTGTTTCATTA
IBV,GTTATTATAA
IBV,TAATACAGGTGGT
IBV,TAGTTAATGT
IBV,ACAAGGTCA
IBV,ACACATTGT
IBV,ACACATTGT
IBV,AAAAATTTTT
IBV,AACCTGTTGT
IBV,AAGAGAATT
IBV,AATTATAATT
IBV,ACAATATAT
IBV,ACCATTTTG
IBV,ACCCAAAGGT
IBV,ACTGCTGGT
IBV,ACTTAATAT
IBV,ACTTAATAT
IBV,AGAAGATTT
IBV,AGTGCTTCT
IBV,AGTTAATGT
IBV,AGTTTTAATT
IBV,ATACAGGTG
IBV,ATTACTAAGA
IBV,ATTATAATTATAAT
IBV,ATTTTGTGT
IBV,CAAAATTTTG
IBV,CAATTTCAC
IBV,CATTAACTT
IBV,CTAAATTTAG
IBV,CTAGCATTA
IBV,CTGTTGTAA
IBV,CTTACTCAT
IBV,CTTTGGTTT
IBV,GCCATTATT
IBV,GCTTTAAAA
IBV,GTGCATTTT
IBV,GTTATTATAA
IBV,TAACATTAAC
IBV,TAATAACCA
IBV,TAATAAGGC
IBV,TAATAATAG
IBV,TAATTCTAG
IBV,TCTTCTATA
IBV,TGCCAGTAT
IBV,TGTACTCAT
IBV,TGTTTCAACA
IBV,TTAATTATT
IBV,TTACACAAAA
IBV,TTACTCATT
IBV,TTATTTACA
IBV,TTGTAAATA
IBV,TTGTTTGCA
IBV,TTTACACAA
IBV,TTTGCACTA
IBV,TATGCAAGA
IBV,AATCAATTT
IBV,AATTTTGTA
IBV,ACAAAATTA
IBV,ACATTGTTT
IBV,ACCATTTTG
IBV,ACCCTGCAT
IBV,ACTTAATAT
IBV,AGAAGATTT
IBV,AGTGCTTCT
IBV,ATAATAATA
IBV,ATTATGAAA
IBV,CTAGCATTA
IBV,GAATATAAT
IBV,GAGTGGCTA
IBV,GATAATTAT
IBV,GCTGGTTTA
IBV,GGTTTTATT
IBV,GTATACAAA
IBV,GTATCTAAA
IBV,GTCACAGAC
IBV,GTGTTAATA
IBV,TAACAGTTA
IBV,TAATAAGAA
IBV,TATTACTAA
IBV,TCACTAATG
IBV,TCCATACGT
IBV,TCTTCTATA
IBV,TGAATATAA
IBV,TGTTTGTTA
IBV,TTATTAACA
IBV,TTATTGAAA
IBV,TTATTTACA
IBV,TTGTTTGCA
IBV,TTTAGACCA
IBV,TTTATCCAT
IBV,TTTGTGGTA
IBV,AAACCATTA
IBV,AACAAAACT
IBV,ACACTAATAA
IBV,ACTTAATAT
IBV,ACTTAATAT
IBV,ATAATAATA
IBV,CAATATGTT
IBV,CATAGCTATG
IBV,CATTTTGTG
IBV,CTAGCATTA
IBV,CTAGCTTGT
IBV,CTGTTGTAA
IBV,CTTCAAGGT
IBV,GCCTACTCT
IBV,GGAATGATAC
IBV,GGTGGTGTTAATA
IBV,GGTTTTATT
IBV,GTAAAGGTG
IBV,GTATCTAAA
IBV,GTGTGCACTA
IBV,GTGTTAATA
IBV,GTTAATACTA
IBV,GTTAATACT
IBV,TAACAGGCA
IBV,TAATATTACT
IBV,TAATATTACT
IBV,TATAATTTA
IBV,TATTACTAA
IBV,TGCGTTAATA
IBV,TGGAGTGTA
IBV,TGGCTAGCCA
IBV,TGTACTCAT
IBV,TGTTTCAACA
IBV,TTATCTAAA
IBV,TTATTAACA
IBV,TTATTTACA
IBV,TTGTAAATA
IBV,TTGTCACACA
IBV,TTTTGTGGTA
IBV,TATGCAAGA
IBV,ACACTGTAA
IBV,TTATTATAATT
IBV,CCGCTGCTGCTG
IBV,GCTGCTGCT
IBV,GCTGCTGCT
IBV,ACAAAACTAC
IBV,ACTGTAATTT
IBV,CATAGCTATG
IBV,CGTATCTAAA
IBV,GTTAATACTA
IBV,TTATTATAATT
IBV,ATACTCTAGG
IBV,CATAGCTATG
IBV,GTGTGCACTA
IBV,GTTAATACTA
IBV,TAACTTAACA
IBV,TTATTATAATT
IBV,ATAATTATA
IBV,ATACTACTA
IBV,ATCAGTCAC
IBV,ATGAGAAAT
IBV,CAATTTAAT
IBV,GTAGTACAT
IBV,TAAAATTAT
IBV,TAGTAATTA
IBV,TTATTATAATT
IBV,TTGGTAGTA
IBV,TTTGTTTGA
IBV,AAAATTATA
IBV,AAACCAAAG
IBV,AAACCATTA
IBV,AAACTAGCA
IBV,AAATTTTTAT
IBV,AACATCTGTA
IBV,AATATAATA
IBV,AATGCACCA
IBV,ACATTGTTT
IBV,ACTCATTAA
IBV,AGAAGATTT
IBV,AGCAGATGCT
IBV,AGCTGCAGCT
IBV,AGGTTTTAT
IBV,AGTAAGAAT
IBV,AGTAAGAAT
IBV,ATATCTAAA
IBV,ATGAAAAAC
IBV,ATTATATTC
IBV,CAAAAGGAA
IBV,CAAACATAT
IBV,CAATATGTT
IBV,CACAGATGAG
IBV,CATTTAGAT
IBV,CTAGCATTA
IBV,GAATAGTGT
IBV,GCAATTTTT
IBV,GTTATTATAA
IBV,TAATAATGG
IBV,TAATGGCAAAG
IBV,TACTGCAGTA
IBV,TATGTACTCAT
IBV,TCTTGTCAA
IBV,TGAATATAAT
IBV,TGTCAATAT
IBV,TGTCACAGA
IBV,TTAATAACTT
IBV,TTACATAATTT
IBV,TTACCACAT
IBV,TTAGCAGATG
IBV,TTATAATAA
IBV,TTATCAAAA
IBV,TTGTATAAAA
IBV,AGAACCATAT
IBV,AGAACCATA
IBV,AGACCACCA
IBV,AGAGAACCAT
IBV,AGTTATAACT
IBV,CTTTAGACCA
IBV,GTATCTAAA
IBV,TAAAATTAT
IBV,TATAAAATT
IBV,TATTATAAT
IBV,TCAACACAA
IBV,TGGTCTAAA
IBV,TTATAAAAA
IBV,TTATAATAAT
IBV,TTATTATAATT
IBV,ACTTACACA
IBV,ATCTGTTGG
IBV,CACTTAATA
IBV,CTAGCATTA
IBV,GTTATCAAAA
IBV,TAATATCTCT
IBV,TACTGCAGTA
IBV,TCTTGTCAA
IBV,TGAATATAAT
IBV,TGGCAACTC
IBV,TGGCTAGCCA
IBV,TTGTATAAAA
IBV,TTGTTAACAA
IBV,TTTGTGGTA
IBV,TAATACTACT
IBV,AACTGCTGATTA
IBV,ACTGGTTCTCA
IBV,GTGGTTTTGTT
IBV,AAATTATAATA
IBV,AATAATTAT
IBV,AATTACATG
IBV,AATTTTGTAGT
IBV,ACCCTGCAT
IBV,ATAATATTAT
IBV,CAAAATTTTG
IBV,CTACTAATT
IBV,GTGTGCACTA
IBV,TAATAATTA
IBV,TAATATTAT
IBV,TATAATCAA
IBV,TATTATAAT
IBV,TCAACACAA
IBV,TTATAATTTA
IBV,TTATTATAATT
IBV,ACCTGATGG
IBV,ACACTGTAA
IBV,TAGAACTATA
IBV,AAAGTAGTGTTAACACTACTTT
IBV,AAAGTAGTGTTAACACTACTTT
IBV,AAACCACAT
IBV,AAATTACACCTACTAC
IBV,ACACAAACC
IBV,ACTTCTTCT
IBV,AGTAATTAT
IBV,AGTGCAAGA
IBV,ATAATAATG
IBV,ATAGACATG
IBV,ATAGCTTTA
IBV,ATATCTTGT
IBV,ATCAAAACC
IBV,ATTAATTTG
IBV,ATTACTAATATT
IBV,ATTCAGTAC
IBV,CCAAAGCAT
IBV,CCTAATATTAGG
IBV,CCTAGAGGT
IBV,CTAATATTA
IBV,CTACATCTC
IBV,CTTCTAATT
IBV,GAAATGCAA
IBV,GAACCTGTAGC
IBV,GTGTCTATG
IBV,TAATACTGG
IBV,TAGCTAGTA
IBV,TAGTAATAA
IBV,TAGTAGGTGTAA
IBV,TATTAGTAA
IBV,TATTTATAA
IBV,TCTATTAATAGA
IBV,TCTATTAAT
IBV,TCTTGCACT
IBV,TGGATACAG
IBV,TTAACATTA
IBV,TTAATACAAAA
IBV,TTACACAAA
IBV,TTACTTCTA
IBV,TTATAAATA
IBV,TTATGCAAA
IBV,TTGATAGTG
IBV,TTTATAATA
IBV,TTTTTATTA
IBV,AAACCATTA
IBV,AACAAAACT
IBV,ACATTGTTT
IBV,ACTGTTGGT
IBV,ACTTAATAT
IBV,ACTTAATAT
IBV,ATAATAATA
IBV,CAATATGTT
IBV,CATTTTGTG
IBV,CCTAAGGGT
IBV,CTAGCATTA
IBV,CTGTTGTAA
IBV,GCCTACTCT
IBV,GCTGGTTTA
IBV,GGTTTTATT
IBV,GTAAAGGTG
IBV,GTATCTAAA
IBV,GTGTATAAA
IBV,GTGTTAATA
IBV,TAACAGGCA
IBV,TAATATTACT
IBV,TAATATTACT
IBV,TATAATTTA
IBV,TATTACTAA
IBV,TCTTACCAC
IBV,TCTTGCTTA
IBV,TGGAGTGTA
IBV,TTAATACTA
IBV,TTATTAACA
IBV,TTATTTACA
IBV,TTGAATGTG
IBV,TTGTAAATA
IBV,TTATTATAATT
IBV,GTGTTAACAC
IBV,CATAGCTATG
IBV,GTGTGCACTA
IBV,GTTAATACTA
IBV,TAACTTAACA
IBV,TTATTATAATT
IBV,ATAATAATT
IBV,ATTAATAAT
IBV,CTGCTGGTT
IBV,CTGTTTGTA
IBV,GGTGGTTGT
IBV,GTAATTTTA
IBV,TTAATATAA
IBV,TTATAATAA
IBV,TTGTTTTAC
IBV,AATAATTAT
IBV,AATTTTGTAG
IBV,ACCCTGCAT
IBV,CAAAATTTTG
IBV,CTACTAATT
IBV,GTATCTAAA
IBV,GTGTGCACTA
IBV,TAATAATTA
IBV,TATTATAAT
IBV,TCAACACAA
IBV,TTATAATCAA
IBV,TTATTATAATT
IBV,AAACTATTA
IBV,AATTATAATT
IBV,AATTATAAT
IBV,ACGTCGTATACGACGT
IBV,ATTAATAAT
IBV,ATTATAATT
IBV,CACCTTTACA
IBV,GCATAAGCA
IBV,GTAAAGGTG
IBV,GTGTTAACAC
IBV,TAATTCACCA
IBV,TACTAAAGA
IBV,TTAATAATA
IBV,TTAGTTAAA
IBV,TTATAATAAT
IBV,TTATTATAATT
IBV,AAAGTAATG
IBV,AATCTGTTT
IBV,ACACTGTAA
IBV,ACCACTCTG
IBV,ACTTCTAGTTT
IBV,AGTAAGAAT
IBV,TGGTATGAC
IBV,TGTTGTTAT
IBV,TTAGTAATA
IBV,ATTAATAAT
IBV,CAGAGTGTT
IBV,GCCTACTCT
IBV,TAAAATTAT
IBV,TAATAAAAC
IBV,TATTATAAT
IBV,TTATTATAATT
IBV,AAACCATTA
IBV,ATACTCTAGG
IBV,CATAGCTATG
IBV,GCCTACTCT
IBV,GTATCTAAA
IBV,GTGTGCACTA
IBV,GTTAATACTA
IBV,GTTAATACT
IBV,TAACTTAACA
IBV,TCTTGCTTA
IBV,TGTTATAGT
IBV,TTATCTAAA
IBV,TTATTATAATT
IBV,GGTCTCATT
IBV,TAGACCATT
IBV,TTATTATAATT
IBV,ACTGGCATGCT
IBV,ATTCACTTT
IBV,TATTATAAT
IBV,TCAACACAA
IBV,TGCCAGTAT
IBV,TTATAAACA
IBV,TTATTATAATT
IBV,ATCTGTTGG
IBV,CCATTAGGT
IBV,CCTGCAGTA
IBV,GCCTGCAGT
IBV,TCTGGAGTG
IBV,TGTCAAGTA
IBV,TTTGCTTGT
IBV,GGTCTCATT
IBV,TAGACCATT
IBV,CGTTTACTACT
IBV,CGTTTACTA
IBV,GAGAAAGTA
IBV,GATTTTACA
IBV,TAGCCATGA
IBV,TGGTTAACA
IBV,ACACATTGT
IBV,AGTAGTGTTAACACTACT
IBV,TTATTATAATT
IBV,ACTGTAATTT
IBV,CATAGCTATG
IBV,GTTAATACTA
IBV,TGTTAATGGT
IBV,TTATTATAATT
IBV,CATAGCTATG
IBV,GCCCTAGGGC
IBV,GTGTGCACTA
IBV,GTTAATACTA
IBV,TAACTTAACA
IBV,TTATTATAATT
IBV,TTGTCACACA
IBV,CATAGCTATG
IBV,CTGCTGATGT
IBV,GTGTGCACTA
IBV,TAACTTAACA
IBV,TGTACTACTAC
IBV,TTATTATAATT
IBV,AACCAAATA
IBV,AATTATAATT
IBV,AATTATAATT
IBV,ACTAATATTAGT
IBV,ATAATTATAATT
IBV,ATTATAATTATAAT
IBV,CATAGCTATG
IBV,GTGTGCACTA
IBV,GTTAATACTA
IBV,TAACTTAACA
IBV,TTATTATAATT
IBV,AAATTATAAT
IBV,ACAGATGTTT
IBV,ACTCAACACA
IBV,AGTTATAACT
IBV,TTATAATAAT
IBV,TTATTATAATT
IBV,AAAGTAATG
IBV,AATCTGTTT
IBV,ACACTGTAA
IBV,ACCACTCTG
IBV,ACTTCTAGTTT
IBV,GCAACTTGT
IBV,TGGTACTAT
IBV,TGGTATGAC
IBV,TGTTGTTAT
IBV,TTAGTAATA
IBV,ACTACTACC
IBV,CAAAACCAG
IBV,TTATTATAATT
IBV,AAACTTACCA
IBV,AATCTACCAG
IBV,AATTGCCACAA
IBV,ACCCAGTCA
IBV,ACTGGCATGCT
IBV,AGGTTTTAT
IBV,AGTTATAACT
IBV,ATCAAAATCA
IBV,ATCTGTTGG
IBV,ATTCACTTT
IBV,CAATTTCACT
IBV,CACTTAATA
IBV,CACTTTCAGT
IBV,CCAGTTATAA
IBV,CCATTAGGT
IBV,CCTGCAGTA
IBV,CTTACTCAT
IBV,GCAATTTTT
IBV,GCAATTTTT
IBV,GCCTGCAGT
IBV,GGCAATTTT
IBV,GTAAAGGTG
IBV,GTATACAAA
IBV,TAACAGTTA
IBV,TAAGTTTTG
IBV,TATAACTGGC
IBV,TATTATAAT
IBV,TCAACACAA
IBV,TCTGGAGTG
IBV,TGCATACTG
IBV,TGCCAGTAT
IBV,TGTTGGTAA
IBV,TTACTAAGA
IBV,TTATAAACA
IBV,TTATAATAAT
IBV,TTATTATAATT
IBV,TTCTGAGTAG
IBV,TTGTATAAAA
IBV,TTTGCTTGT
IBV,AAACTGATT
IBV,AATCAGTTT
IBV,ACTCAACACAA
IBV,AGTAATATTACT
IBV,TAGTGTTAACACTA
IBV,ACTCAACACAA
IBV,TTATTATAATT
IBV,AAACTTACCA
IBV,AATCTACCAG
IBV,AATTGCCACAA
IBV,ACCCAGTCA
IBV,ACTGGCATGCT
IBV,AGGTTTTAT
IBV,AGTTATAACT
IBV,ATCAAAATCA
IBV,ATCTGTTGG
IBV,ATTCACTTT
IBV,CAATTTCACT
IBV,CACTTAATA
IBV,CACTTTCAGT
IBV,CCAGTTATAA
IBV,CCATTAGGT
IBV,CCTGCAGTA
IBV,CTGTTGGTA
IBV,CTTACTCAT
IBV,GCAATTTTT
IBV,GCAATTTTT
IBV,GCCTGCAGT
IBV,GGCAATTTT
IBV,GTAAAGGTG
IBV,GTATACAAA
IBV,TAACAGTTA
IBV,TAAGTTTTG
IBV,TATAACTGGC
IBV,TATTATAAT
IBV,TCAACACAA
IBV,TCTGGAGTG
IBV,TGCATACTG
IBV,TGCCAGTAC
IBV,TGTCAAGTA
IBV,TGTTGGTAA
IBV,TTACTAAGA
IBV,TTATAATAAT
IBV,TTATTATAATT
IBV,TTCTGAGTAG
IBV,TTGTATAAAA
IBV,TTTTGTATG
IBV,AGTGCGCACT
IBV,CATAGCTATG
IBV,ACCCTGCAT
IBV,ACTGTTGGTT
IBV,AGTTATAACT
IBV,ATTATGAAA
IBV,CAAAATTTTG
IBV,CATAATTATG
IBV,GACGTCTAT
IBV,GTGTGCACTA
IBV,TACAACAAA
IBV,TATAATCAA
IBV,TATTATAAT
IBV,TCAACACAA
IBV,TCACTAATG
IBV,TCACTAATG
IBV,TGGTTCTCA
IBV,TTATTATAATT
IBV,ATTATAATT
IBV,GGCATTTAC
IBV,GTAAGTAAT
IBV,TAATTATAATTA
IBV,TGTTGTTAT
IBV,TTGCTTGCA
IBV,ACTGGCATGCT
IBV,AGACTGGTTCTCA
IBV,TTATTAATAGT
IBV,TTATTATAATT
IBV,AAATGGCAC
IBV,AATTGATAG
IBV,AATTTCACT
IBV,ACAAGATGTT
IBV,ACCATTAACA
IBV,ACCTAGTAG
IBV,ACTGATTCT
IBV,AGAGTGATG
IBV,AGATGCATCT
IBV,ATAGTGTTT
IBV,ATGTACTCAT
IBV,ATGTTAAATT
IBV,ATTATCAAA
IBV,ATTTAGACC
IBV,CAAAAAGAA
IBV,CAAACCACTG
IBV,CAAAGTGCT
IBV,CAAGATGTT
IBV,CACAACAAC
IBV,CACAACAAC
IBV,CATAGGTGC
IBV,CCAGTAGTC
IBV,CTACCAAAG
IBV,CTACTAATA
IBV,GAAAGAATT
IBV,GAAATGTTA
IBV,GAATATAAT
IBV,GCAATTTTT
IBV,GCTAGAGAA
IBV,GGAATGATAC
IBV,GTAAAGGTG
IBV,GTGTATAAA
IBV,GTTAATACTA
IBV,TAAAATTAT
IBV,TAATTTAACA
IBV,TACTTCTAAA
IBV,TAGTTAATT
IBV,TGCCAGTAT
IBV,TGCTGGTAA
IBV,TGGCATGCCA
IBV,TGGTCTAAA
IBV,TGTTAACAA
IBV,TGTTAACAA
IBV,TGTTGTAAA
IBV,TTATCTAAA
IBV,TTGTAAATA
IBV,TTGTCTGCA
IBV,TTGTTAACAA
IBV,TTTCAACAA
IBV,TTTGTTGTA
IBV,TTTTGTGGTA
IBV,AATTGCCACAA
IBV,ACTGGCATGCT
IBV,ACTGGTTCTCA
IBV,CATTAAAATCA
IBV,GCAATTTTT
IBV,GCAATTTTT
IBV,TTATTAATAGT
IBV,TTATTATAATT
IBV,TTGGTACTATT
IBV,TTTCTGAGTAG
IBV,TTATTATAATT
IBV,ACAAACTGCT
IBV,ACTCAACACAA
IBV,CATAGCTATG
IBV,TAATGAGACT
IBV,TTATAATAAT
IBV,TTATTATAATT
IBV,TTATTATAATT
IBV,ACCAAAGTG
IBV,AGTAAGAAT
IBV,CTGTGACTAAA
IBV,GTTTTAACT
IBV,TACTAATTT
IBV,TATTATAAT
IBV,TTAATGTTT
IBV,TTATTATAA
IBV,TGACAGCACCT
IBV,AAACCATTA
IBV,ACAAGATGTAA
IBV,ACCATTTTG
IBV,ACTTAATAT
IBV,ACTTAATAT
IBV,AGCTGCAGCT
IBV,AGTTTTAATT
IBV,ATAATAATA
IBV,ATGAAAAAC
IBV,ATGAAAGAA
IBV,ATTTTGTGGTA
IBV,CAGTGCACTG
IBV,CATAGCTATG
IBV,CATTTTGTG
IBV,CGTATCTAAA
IBV,CTACCAAAG
IBV,CTAGCATTA
IBV,GAAGATCTTC
IBV,GCCTACTCT
IBV,GGTTTTATT
IBV,GTAAAGGTG
IBV,GTGTGCACTA
IBV,GTTAATACTA
IBV,TATAAGTTT
IBV,TCTTACCAC
IBV,TGTACTCAT
IBV,TGTCACACA
IBV,TGTTTCAACA
IBV,TTAATTATT
IBV,TTAATTCTT
IBV,TTACTAAGA
IBV,TTATTATAA
IBV,TTGTAAATAG
IBV,AAACCATTA
IBV,AAGGCCATT
IBV,AAGTGCTTC
IBV,ACATTGTTT
IBV,ACCATTTTG
IBV,AGAAGATTT
IBV,CAATTTCAC
IBV,CACTATGTA
IBV,CCTTTAACA
IBV,CTAGAATTA
IBV,CTAGCATTA
IBV,CTAGCTTGT
IBV,CTGGTGTGT
IBV,CTGTTGTAA
IBV,GACAATATATTGTC
IBV,GGTATGGTT
IBV,GGTGGTGTT
IBV,GGTTTTATT
IBV,GTAAAGGTG
IBV,TAAAGGTGC
IBV,TAATAAGAA
IBV,TCTTACCAC
IBV,TGGTCTAAA
IBV,TGTACTCAT
IBV,TTAATTCTA
IBV,TTAATTTTT
IBV,TTATTTACA
IBV,TTGTAAATA
IBV,TTGTTTGCA
IBV,TTTTGACAA
IBV,TTTTGTATT
IBV,CCGCTGCTGCTG
IBV,GCTGCTGCT
IBV,GCTGCTGCT
IBV,CATAGCTATG
IBV,GCCCTAGGGC
IBV,GTGTGCACTA
IBV,GTTAATACTA
IBV,TTATTATAATT
IBV,TTGTCACACA
IBV,GTGTTAACAC
IBV,GTTTATAAAC
IBV,ACACATTGC
IBV,CATCTTCAGTA
IBV,AACACCACC
IBV,ACCACCTTG
IBV,GTGTTAACAC
IBV,GTTTATAAAC
IBV,ACTGTTGGT
IBV,GCCTACTCT
IBV,GTATCTAAA
IBV,GTTAATACT
IBV,TAATAAAAC
IBV,TATAATTTA
IBV,TTATTATAATT
IBV,ACTGGCATGCT
IBV,ATTCACTTT
IBV,ATTCACTTT
IBV,TTATTATAATT
IBV,AAATTATAATA
IBV,CGCGAAAGTAGT
IBV,TTATTATAATT
IBV,TTGTTAATGGT
IBV,GGTCTCATT
IBV,AAGCATGCTT
IBV,AAGCCTACT
IBV,AAGGTCAATCA
IBV,AAGTAGTGA
IBV,ACATTATTT
IBV,ACTTATAAAA
IBV,AGAAGATTT
IBV,ATAGTAAAT
IBV,ATTAAGAGA
IBV,ATTTAAATCA
IBV,CAAATGATTAA
IBV,CAACATCTT
IBV,CAGTTACCAC
IBV,CATTATAATG
IBV,CGTAGTTAG
IBV,CTATAAATA
IBV,CTTGTTTAG
IBV,GATTCTTCTG
IBV,GTGAAACTT
IBV,GTGATTTAA
IBV,GTGTTTCAA
IBV,GTTTTATTA
IBV,TAAAATTAT
IBV,TAAAATTAT
IBV,TAAATAATTTC
IBV,TAAATAGTA
IBV,TAAATTTAA
IBV,TAAGCCTAT
IBV,TAATAAAACA
IBV,TAATAAGAA
IBV,TAATACAGG
IBV,TATTCAGTATG
IBV,TATTCAGTA
IBV,TCAGTATGTT
IBV,TGAAAAGAA
IBV,TGAAACTTT
IBV,TGCATATGCA
IBV,TGCTTGTTT
IBV,TGGCATGTA
IBV,TGTTGATTA
IBV,TGTTTATTAA
IBV,TTAAATTTAA
IBV,TTAATCATTTG
IBV,TTACTACAC
IBV,TTAGATAATT
IBV,TTATAATAATT
IBV,TTCTGGTCT
IBV,TTGCAATTT
IBV,TTGTAAATAGT
IBV,TTGTGCACAA
IBV,TTTAATAAA
IBV,TTTAATAAA
IBV,TTTAATACT
IBV,TTTAGCATATT
IBV,TTTGTAAATA
IBV,CGTTTACTACT
IBV,GTAGTGTTAACACTAC
IBV,ACTGTTGGT
IBV,GCCTACTCT
IBV,GTATCTAAA
IBV,TATAATTTA
IBV,TCTTGCTTA
IBV,TTATCTAAA
IBV,TTATTATAATT
IBV,ACACATTGT
IBV,ACCATTTTG
IBV,AGTTATGAG
IBV,ATAGTGTTT
IBV,ATAGTGTTT
IBV,CAAGGTCTT
IBV,CACAAACAG
IBV,CACTTAATA
IBV,CCAAAATTTTTAT
IBV,CCTGCAGTA
IBV,CTAGCATTA
IBV,CTTTTTGTA
IBV,GACATCTTC
IBV,GCAACACAA
IBV,GCAATTTTT
IBV,GCCTGCAGT
IBV,GGTCTTATT
IBV,GGTCTTATT
IBV,GTAAAGGTG
IBV,GTATACAAA
IBV,GTCTATTAG
IBV,GTGATGACA
IBV,TAACATTAA
IBV,TAACATTAA
IBV,TAATACAGGTGGT
IBV,TACAAACTG
IBV,TAGTAATGA
IBV,TATTATAAT
IBV,TGGATCTTA
IBV,TTATTTACA
IBV,TTTAAAAGT
IBV,AAACTGCTG
IBV,AAGATCTTT
IBV,AATAGTGTTAACACTATT
IBV,ACATCTTCG
IBV,ACCTAGTAG
IBV,AGTAAGAAT
IBV,ATCTGTTGG
IBV,CACAAACAG
IBV,CACGCAAAA
IBV,CACTTAATA
IBV,CAGTATGTT
IBV,CTACCAAAG
IBV,CTAGCATTA
IBV,GCAATTTTT
IBV,GTAAAGGTG
IBV,GTATACAAA
IBV,GTGTTAACA
IBV,GTGTTAACA
IBV,GTGTTAACA
IBV,TAATAAGAA
IBV,TATTATAAT
IBV,TCAACACAA
IBV,TGGTGAGTT
IBV,TGTATAAAA
IBV,TTTACTACT
IBV,AAACCAGTA
IBV,TACTGGTTT
IBV,TACTGGTTT
IBV,CTTGTCCTT
IBV,GCCTACTCT
IBV,TATTGGTTA
IBV,TCTTGCTTA
IBV,TTATAATAA
IBV,TTATCTAAA
IBV,TTATTATAATT
IBV,ACTTTACAG
IBV,AAACCATTA
IBV,AACAAAACT
IBV,ACTTAATAT
IBV,ACTTAATAT
IBV,AGTTTTAAGT
IBV,ATAATAATA
IBV,CAATATGTT
IBV,CATAGCTATG
IBV,CATTTTGTG
IBV,CTAGCATTA
IBV,CTAGCTTGT
IBV,CTATACCATT
IBV,GCCTACTCT
IBV,GGAATGATAC
IBV,GGTGGTGTTAATA
IBV,GGTTTTATT
IBV,GTAAAGGTG
IBV,GTATCTAAA
IBV,GTGTGCACTA
IBV,GTGTTAATA
IBV,GTTAATACTA
IBV,GTTAATACT
IBV,TAACAGGCA
IBV,TAATATTACTGAAA
IBV,TAATATTACT
IBV,TAATTCTAG
IBV,TATAATTTA
IBV,TGGAGTGTA
IBV,TGGCTAGCCA
IBV,TGTACTCAT
IBV,TTATCTAAA
IBV,TTATTAACA
IBV,TTATTTACA
IBV,TTGTCACACA
IBV,TTTCAGTAA
IBV,TTTTGTGGTA
IBV,ACTTCTAGTTT
IBV,TTAGTAATAAA
IBV,ATACTCTAGG
IBV,CATAGCTATG
IBV,GTGTGCACTA
IBV,TAACTTAACA
IBV,TTATTATAATT
IBV,AATTATAAT
IBV,ATTATAATT
IBV,TAATTCACCAA
IBV,TTATTATAATT
IBV,AAACCATTA
IBV,TTATTATAATT
IBV,ACTGTTGGT
IBV,GCCTACTCT
IBV,GTATCTAAA
IBV,TATAATTTA
IBV,TCTTGCTTA
IBV,TTATCTAAA
IBV,TTATTATAATT
IBV,ACACATTGT
IBV,ACCATTTTG
IBV,ACCCAGTCA
IBV,AGTTATGAG
IBV,CAAGGTCTT
IBV,CACAAACAG
IBV,CACTTAATA
IBV,CCAAAATTTTTAT
IBV,CCTGCAGTA
IBV,CTAGCATTA
IBV,GACATCTTC
IBV,GCAACACAA
IBV,GCAATTTTT
IBV,GCCTGCAGT
IBV,GGTCTTATT
IBV,GGTCTTATT
IBV,GTAAAGGTG
IBV,GTATACAAA
IBV,GTCTATTAG
IBV,GTGATGACA
IBV,TAACATTAA
IBV,TAACATTAA
IBV,TAATACAGGTGGT
IBV,TACAAACTG
IBV,TAGTAATGA
IBV,TATTATAAT
IBV,TGGATCTTA
IBV,TTATTTACA
IBV,TTTAAAAGT
IBV,AAACCATTA
IBV,AAGCTAGAA
IBV,ACTTAATAT
IBV,ACTTAATAT
IBV,ATAATAATA
IBV,CAATATGTT
IBV,CATAGCTATG
IBV,CATTTTGTG
IBV,CTGTTGTAA
IBV,GCCCTAGGGC
IBV,GCCTACTCT
IBV,GCTGGTTTA
IBV,GGAATGATAC
IBV,GGTGGTGTTA
IBV,GGTTTTATT
IBV,GTAAAGGTG
IBV,GTATCTAAA
IBV,GTGTGCACTA
IBV,GTGTTAATA
IBV,GTTAATACTA
IBV,TAATAAAAC
IBV,TAATATCTCT
IBV,TAATATTACT
IBV,TAATATTACT
IBV,TAATTCTAG
IBV,TATTACTAA
IBV,TCTTCAAGG
IBV,TCTTGCTTA
IBV,TGGAGTGTA
IBV,TGGCTAGCCA
IBV,TGTACTCAT
IBV,TGTTTCAACA
IBV,TTATTAACA
IBV,TTATTTACA
IBV,TTGTAAATA
IBV,TTGTCACACA
IBV,TTTTGTGGTA
IBV,GTGTTAACAC
IBV,TTAGTTAAA
IBV,AACATCTGTA
IBV,ACTGGTTCTCA
IBV,AGTTATAACT
IBV,ATAATTATAA
IBV,CTGCACCAGT
IBV,TATAATTATA
IBV,TATATTATAAT
IBV,TATTATAATT
IBV,TTATTATAATT
IBV,TTCTATAGAA
IBV,GTGTTAACAC
IBV,TTAGTTAAA
IBV,ACTGGCATGCT
IBV,TTATTATAATT
IBV,AATTGCCACAA
IBV,ACTGGCATGCT
IBV,ACTGGTTCTCA
IBV,AGGTTTTAT
IBV,ATCTGTTGG
IBV,CACAAACAG
IBV,CACTTAATA
IBV,CATTAAAATCA
IBV,CTAGCATTA
IBV,GACAATATG
IBV,GCAATTTTT
IBV,GCAATTTTT
IBV,GGTACTATT
IBV,GTAAAGGTG
IBV,GTATACAAA
IBV,TAACAGTTA
IBV,TAAGTTTTG
IBV,TATTATAAT
IBV,TGCCAGTAT
IBV,TGTATTGTT
IBV,TGTTGGTAA
IBV,TTACTAAGA
IBV,TTATAATAA
IBV,TTATTAATAGT
IBV,TTATTATAATT
IBV,TTGGTACTATT
IBV,TTTCTGAGTAG
IBV,TTTGCTTGT
IBV,TTTGTTGTA
IBV,TTTTATTAA
IBV,AATTCTACTA
IBV,TAAGTATACTTA
IBV,TACCAGGTTT
IBV,ACTGGTTCT
IBV,ACTGTTGGT
IBV,ATTGTTATA
IBV,GTATCTAAA
IBV,GTTAATACT
IBV,GTTCTGCAGAAC
IBV,TACCACTAA
IBV,TATAATTTA
IBV,TTATCTAAA
IBV,AATACTAGTATT
IBV,ACACATTGT
IBV,AGGTGGTTG
IBV,GACATCTTC
IBV,TAATACAGGTGGT
IBV,TACAAACTG
IBV,TATGCAGTA
IBV,TATTATAAT
IBV,ACTGTTGGT
IBV,GCCTACTCT
IBV,GTATCTAAA
IBV,TATAATTTA
IBV,TCTTGCTTA
IBV,TTATCTAAA
IBV,TTATTATAATT
IBV,CATAGCTATG
IBV,GTGTGCACTA
IBV,GTTAATACTA
IBV,TAACTTAACA
IBV,TTATTATAATT
IBV,TTGTCACACA
IBV,TATGCAAGA
IBV,CATAGCTATG
IBV,GTGTGCACTA
IBV,AAAGTAGTGTTAACACTACTTT
IBV,ACTGGCATGCT
IBV,TTATTATAATT
IBV,ACTCAACACAA
IBV,TTATTATAATT
IBV,ACTTTAAAGT
IBV,ACTGGCATGCT
IBV,TTATTATAATT
IBV,AGTACCAACA
IBV,ATAAATTTAT
IBV,ACTCAACACAA
IBV,ATTACTAAT
IBV,ATTACTAAT
IBV,GCAATTTTT
IBV,GCAATTTTT
IBV,TTATTATAATT
IBV,ATAGTGTTT
IBV,CACTTAATA
IBV,CCTGCAGTA
IBV,CTAGCATTA
IBV,GCCTGCAGT
IBV,GTCTATTAG
IBV,TTATTTACA
IBV,AAAGTAGTGTTAACACTACTTT
IBV,ACACTGTAA
IBV,AACACCACC
IBV,ACCACCTTG
IBV,GTGTTAACAC
IBV,GTTTATAAAC
IBV,TTAGTTAAA
IBV,TTCTTTAAC
IBV,AAGCATGCTT
IBV,AAGCCTACT
IBV,AAGTAGTGA
IBV,ACATTATTT
IBV,ACTTATAAAA
IBV,AGAAGATTT
IBV,ATAGTAAAT
IBV,ATTAAAGGA
IBV,ATTTAAATCA
IBV,CAAATGATTAA
IBV,CAACATCTT
IBV,CAGTTACCAC
IBV,CATTATAATG
IBV,CGTAGTTAG
IBV,CTATAAATA
IBV,GATTCTTCTG
IBV,GTGATTTAA
IBV,GTGTTTCAA
IBV,GTTTTATTA
IBV,TAAAATTAT
IBV,TAAAATTAT
IBV,TAAATAATTTC
IBV,TAAATAGTA
IBV,TAAATTAAA
IBV,TAAATTTAA
IBV,TAAGCCTAT
IBV,TAATAAAACA
IBV,TAATAAGAA
IBV,TAATACAGG
IBV,TATTCAGTATG
IBV,TATTCAGTA
IBV,TCAGTATGTT
IBV,TGAAAAGAA
IBV,TGAAACTTT
IBV,TGCATATGCA
IBV,TGGCATGTA
IBV,TGTTGATTA
IBV,TGTTTATTAA
IBV,TTAAATTTAA
IBV,TTAATCATTTG
IBV,TTACTACAC
IBV,TTAGATAATT
IBV,TTATAATAATT
IBV,TTATTAACC
IBV,TTCTGGTCT
IBV,TTGCAATTT
IBV,TTGTAAATAGT
IBV,TTGTGCACAA
IBV,TTTAATAAA
IBV,TTTAATAAA
IBV,TTTAATACT
IBV,TTTAGCATATT
IBV,TTTGTAAATA
IBV,AAACCATTA
IBV,AAATGGTAT
IBV,AAGGCCATT
IBV,AATATAATA
IBV,ACCATTAAT
IBV,AGAAGATTT
IBV,CTAGCATTA
IBV,CTAGCTTGT
IBV,CTGTTGTAA
IBV,CTTCAAGGT
IBV,GAATATAAT
IBV,GGTGGTGTTAATA
IBV,GTAAAGGTG
IBV,GTATCTAAA
IBV,GTGTTAATA
IBV,GTTAATACT
IBV,TAACAGGCA
IBV,TAATAAGAA
IBV,TAATATTACT
IBV,TAATATTACT
IBV,TATAATTTA
IBV,TATTACTAA
IBV,TGAATATAA
IBV,TGGAGTGTA
IBV,TGTACTCAT
IBV,TTAATTTGT
IBV,TTATCTAAA
IBV,TTGTAAATA
IBV,TTGTTTGCA
IBV,AATCTTTTC
IBV,ACCACCAAA
IBV,ACTGTTGGT
IBV,ACTTAATAT
IBV,ACTTAATAT
IBV,ATAATAATA
IBV,ATGAAAAAC
IBV,ATGAAAGAA
IBV,ATTTTGTGGTA
IBV,CATTTTGTG
IBV,CTAGCATTA
IBV,GCCTACTCT
IBV,GGTTTTATT
IBV,GTAAAGGTG
IBV,TAATAAGGC
IBV,TATAATTTA
IBV,TCTTACCAC
IBV,TGTACTCAT
IBV,TTAATTATT
IBV,TTAATTCTT
IBV,TTACTAAGA
IBV,TTATCTAAA
IBV,TTATTATAATT
IBV,TCAGATGGT
IBV,CATAGCTATG
IBV,GTGTGCACTA
IBV,ACTGTAATTT
IBV,CATAGCTATG
IBV,CGTATCTAAA
IBV,GTGTGCACTA
IBV,GTTAATACTA
IBV,TTATTATAATT
IBV,AAACCATTA
IBV,AACAAAACT
IBV,ACTGTTGGT
IBV,ACTTAATAT
IBV,ACTTAATAT
IBV,ATAATAATA
IBV,ATGGCACCT
IBV,CAATATGTT
IBV,CATTTTGTG
IBV,CTAGCATTA
IBV,CTGTTGTAA
IBV,CTTCAAGGT
IBV,GCCTACTCT
IBV,GGTGGTGTTAATA
IBV,GGTTTTATT
IBV,GTAAAGGTG
IBV,GTATCTAAA
IBV,GTGTTAATA
IBV,GTTAATACT
IBV,TAACAGGCA
IBV,TAATATTACT
IBV,TAATATTACT
IBV,TATAATTTA
IBV,TATTACTAA
IBV,TGGAGTGTA
IBV,TGTACTCAT
IBV,TTATCTAAA
IBV,TTATTAACA
IBV,TTATTTACA
IBV,TTGTAAATA
IBV,CAATATGTT
IBV,AATTGCCACAA
IBV,ACTGGCATGCT
IBV,ACTGGTTCTCA
IBV,AGGTTTTAT
IBV,ATCTGTTGG
IBV,CACTTAATA
IBV,CATTAAAATCA
IBV,CTAGCATTA
IBV,CTGTTGGTA
IBV,CTTACTCAT
IBV,GACAATATG
IBV,GCAATTTTT
IBV,GCAATTTTT
IBV,GTAAAGGTG
IBV,GTATACAAA
IBV,TAACAGTTA
IBV,TAAGTTTTG
IBV,TATTATAAT
IBV,TCAACACAA
IBV,TGCATACTG
IBV,TGCCAGTAT
IBV,TGTCAAGTA
IBV,TGTTGGTAA
IBV,TTACTAAGA
IBV,TTATAAACA
IBV,TTATAATAA
IBV,TTATTATAATT
IBV,TTTCTGAGTAG
IBV,TTTGCTTGT
IBV,TTTGTTGTA
IBV,AAATTATAAT
IBV,ACAGATGTTT
IBV,ACTCAACACA
IBV,AGTTATAACT
IBV,TTATAATAAT
IBV,TTATTATAATT
IBV,AATAATTATA
IBV,AATACTAGTATT
IBV,AGGTGGTTGT
IBV,CTGTTTCATTA
IBV,GTTATTATAA
IBV,TAATACAGGTGGT
IBV,TAGTTAATGT
IBV,ATACTATTAGTA
IBV,AATGAAAAAT
IBV,ATGAAAAAT
IBV,GTATCTAAA
IBV,GTGTGCACTA
IBV,GTTAATACTA
IBV,GTTAATACT
IBV,TAATAATTA
IBV,TATAATTTA
IBV,TGCGTTAATA
IBV,TTATCTAAA
IBV,TTATTATAATT
IBV,TTTCATTTCT
IBV,AAGATGTTA
IBV,AAGCTTGTA
IBV,AATTGTAAA
IBV,ACACAAACC
IBV,CTTCTAATT
IBV,GCAACATGTTGC
IBV,GCAAGATGT
IBV,GTGTCTATG
IBV,TAGCTAGTA
IBV,TAGTAGGTG
IBV,TATGCAAAACA
IBV,TATTAGTAA
IBV,TATTTATAA
IBV,TCTATTAATAGA
IBV,TTATGCAAA
IBV,TTATTAGTA
IBV,TTTATAATA
IBV,ATAAATTTAT
IBV,GGCAGCTGCC
IBV,TATAGCTATA
IBV,TGCTATAGCA
IBV,ACCACTCTG
IBV,AATTATAATT
IBV,GTGTTAACAC
IBV,ATAAATTTAT
IBV,GGCAGCTGCC
IBV,TATAGCTATA
IBV,TGCTATAGCA
IBV,AAATAATTT
IBV,AAGCCTACT
IBV,AAGTAGTGA
IBV,AATCACTAC
IBV,ACATTATTT
IBV,ACTTATAAAA
IBV,AGAAGATTT
IBV,ATAGTAAAT
IBV,ATTAATAAA
IBV,ATTTAAATCAC
IBV,CAACATCTT
IBV,CAGTTACCAC
IBV,CATTATAATG
IBV,CGTAGTTAG
IBV,GATTCTTCTG
IBV,GTGATTTAA
IBV,GTGTTTCAA
IBV,GTTTTATTA
IBV,TAAAATTAT
IBV,TAAAATTAT
IBV,TAAATAATTTC
IBV,TAAATTTAA
IBV,TAAGCCTAT
IBV,TAATAAAACA
IBV,TAATAAGAA
IBV,TAATACAGG
IBV,TAGCATATT
IBV,TCAGTATGTT
IBV,TCTGGTTTA
IBV,TGAAAAGAA
IBV,TGAAACTTT
IBV,TGCTTGTTT
IBV,TGGCATGTA
IBV,TGTTGATTA
IBV,TGTTTATTAA
IBV,TTAAATTTAA
IBV,TTACTACAC
IBV,TTAGATAATT
IBV,TTATAATAATT
IBV,TTGCAATTT
IBV,TTGTGCACAA
IBV,TTTAATAAA
IBV,TTTAATACT
IBV,ACTGTAATTT
IBV,ACTGTTGGT
IBV,CATAGCTATG
IBV,GCCTACTCT
IBV,GTATCTAAA
IBV,GTGTGCACTA
IBV,GTTAATACTA
IBV,GTTAATACT
IBV,TATAATTTA
IBV,TTATCTAAA
IBV,TTATTATAATT
IBV,ACTTCTAGTTT
IBV,TTAGTAATAAA
IBV,ACCAGACAC
IBV,CATAGCTATG
IBV,GCCTACTCT
IBV,GTATCTAAA
IBV,GTGTGCACTA
IBV,GTTAATACTA
IBV,GTTAATACT
IBV,TATAATTTA
IBV,TGCGTTAATA
IBV,TTATCTAAA
IBV,TTATTATAATT
IBV,AGTAAAAAC
IBV,ACTCAACACAA
IBV,TTATTATAATT
IBV,AAAGTATTAA
IBV,ACCTGCAGGT
IBV,TACTTTCTA
IBV,ACTTCTAGTTT
IBV,AACATCTGT
IBV,AGTAAGAAT
IBV,ATAAAAGTT
IBV,CACCACCTA
IBV,CCATTAACA
IBV,GTGCTTCTG
IBV,TATTATAAT
IBV,TCTAAATTTAGA
IBV,ACTGTAATTT
IBV,CATAGCTATG
IBV,TATAATTTA
IBV,TTTTTCTGAAA
IBV,AATTTTGTA
IBV,ACTTCTAGTTT
IBV,AGATGTAAG
IBV,GTTTTATTA
IBV,TGGTCTAAA
IBV,TTAGTAATAAA
IBV,TTATAATAA
IBV,TTATTTAAA
IBV,TTCACTTCT
IBV,AAAAATAAT
IBV,AAGATCTTT
IBV,AAGTGAATT
IBV,AATGGCACC
IBV,AATTTCTACA
IBV,ACAACATCTT
IBV,ACATCTTCG
IBV,ACCAGTCAT
IBV,AGATGCATCT
IBV,AGTAAGAAT
IBV,ATCTGTTGG
IBV,ATGAAAAAT
IBV,ATGTACTCAT
IBV,ATTACTAAGA
IBV,ATTTTTCATT
IBV,CACTTAATA
IBV,CATTACTAA
IBV,CCAATTCTG
IBV,CCATCTGCT
IBV,CTAAATTTAG
IBV,CTACCAAAG
IBV,CTAGCATTA
IBV,CTGCAGCTG
IBV,GCTATGGCAAG
IBV,GGCCTTATT
IBV,GTAAAGGTG
IBV,GTGTTAATA
IBV,GTTTCATTAC
IBV,TAAATACTC
IBV,TACAAACTGCT
IBV,TATTATAAT
IBV,TATTTAAAA
IBV,TCATCTGTA
IBV,TCTTTTGAGTG
IBV,TTAGGTATG
IBV,TTAGTAATA
IBV,TTATAATAAT
IBV,TTATTATAATT
IBV,TTTACTACT
IBV,TTTCATTTCT
IBV,TTTTGTGGTA
IBV,AACATCTGT
IBV,ACTTAATAT
IBV,AGAAGATTT
IBV,AGAGAGAAGA
IBV,AGGGCCATAT
IBV,AGGTGGTGTT
IBV,AGGTTTTATA
IBV,AGTAAGAAT
IBV,AGTGCTTCT
IBV,CAATATGTT
IBV,CAGGTTTTAT
IBV,CATCCTAATATTAGGATG
IBV,CATGTACATG
IBV,CCATTAACA
IBV,CTCGTGCTT
IBV,CTTTATTAA
IBV,GAATATAAT
IBV,GCTAGCATTA
IBV,GGTCAACTT
IBV,GTAAAGGTG
IBV,GTAGTGGACC
IBV,GTGCTTCTG
IBV,GTGGTTATTA
IBV,GTTTGCACTA
IBV,TAATAAGAA
IBV,TAATAATGGC
IBV,TAATACCAC
IBV,TATAAACAC
IBV,TATTATAAT
IBV,TCTTGTCAA
IBV,TGAATATAA
IBV,TGGCTAGCCA
IBV,TGGTTTTACA
IBV,TGTCACAGA
IBV,TGTTTATAG
IBV,TTAATTTGA
IBV,TTAATTTTT
IBV,TTATTTACA
IBV,TTGGCATGTACAT
IBV,TTGTATAAAA
IBV,TTGTTTGCA
IBV,AAACCATTA
IBV,ACTGTTGGT
IBV,ACTTAATAT
IBV,ACTTAATAT
IBV,ATAATAATA
IBV,CAATATGTT
IBV,CATTTTGTG
IBV,CTAGCATTA
IBV,CTGGCTTGT
IBV,CTGTTGTAA
IBV,GACAATATG
IBV,GCCTACTCT
IBV,GCTGGTTTA
IBV,GGTTTTATT
IBV,GTAAAGGTG
IBV,GTATCTAAA
IBV,GTGTTAATA
IBV,TAACAGGCA
IBV,TAATATTACT
IBV,TAATATTACT
IBV,TATAATTTA
IBV,TATTACTAA
IBV,TCTTACCAC
IBV,TCTTGCTTA
IBV,TGGAGTGTA
IBV,TGTACTCAT
IBV,TTAATACTA
IBV,TTATCTAAA
IBV,TTATTAACA
IBV,TTATTTACA
IBV,TTGTAAATA
IBV,TTTCGACAA
IBV,ACCAAAGTGC
IBV,GCCCTAGGGC
IBV,GTGTGCACTA
IBV,GTTAATACTA
IBV,TAACTTAACA
IBV,TTATTATAATT
IBV,TTGTCACACA
IBV,GTGTTAACAC
IBV,TTAGTTAAA
IBV,AACAAAACT
IBV,AACCAGCTGGTT
IBV,ACTTAATAT
IBV,ACTTAATAT
IBV,AGTCACAAT
IBV,ATAACAGAG
IBV,ATAATAATA
IBV,CAATATGTT
IBV,CATAAATGTCTT
IBV,CATTTTGTG
IBV,CCATAGCTA
IBV,CTAGCATTA
IBV,CTAGCTTGT
IBV,CTGTTGTAA
IBV,CTTCTAAAA
IBV,GAACATGTT
IBV,GTAAAGGTG
IBV,GTATCTAAA
IBV,GTGTTAATA
IBV,TAACAGGCA
IBV,TAATATTACT
IBV,TAATATTACT
IBV,TATTGGCCAATA
IBV,TCATTAATT
IBV,TCTTACCAC
IBV,TGGAGTGTA
IBV,TGTACTCAT
IBV,TGTTATAGT
IBV,TGTTTCATT
IBV,TTACTAAAA
IBV,TTATTAACA
IBV,TTATTTACA
IBV,TTGTAAATA
IBV,AACACCACC
IBV,ACCACCTTG
IBV,GTGTTAACAC
IBV,GTTTATAAAC
IBV,ACACATTGT
IBV,AAACTTACCA
IBV,AACAGGTTG
IBV,AATCTACCAG
IBV,AATTGCCACAA
IBV,ACCCAGTCA
IBV,ACTGGCATGCT
IBV,AGGTTTTAT
IBV,AGTTATAACT
IBV,ATCAAAATCA
IBV,ATCTGTTGG
IBV,ATTCACTTT
IBV,CAATTTCACT
IBV,CACTTAATA
IBV,CACTTTCAGT
IBV,CCAGTTATAA
IBV,CCATTAGGT
IBV,CCTGCAGTA
IBV,CTGTTGGTA
IBV,CTTACTCAT
IBV,GCAATTTTT
IBV,GCAATTTTT
IBV,GCCTGCAGT
IBV,GGCAATTTT
IBV,GTAAAGGTG
IBV,GTATACAAA
IBV,TAACAGTTA
IBV,TAAGTTTTG
IBV,TATAACTGGC
IBV,TATTATAAT
IBV,TCAACACAA
IBV,TCTGGAGTG
IBV,TGCATACTG
IBV,TGCCAGTAT
IBV,TGTCAAGTA
IBV,TGTTGGTAA
IBV,TTACTAAGA
IBV,TTATAATAAT
IBV,TTATTATAATT
IBV,TTCTGAGTAG
IBV,TTGTATAAAA
IBV,TTTGCTTGT
IBV,TTTTGTATG
IBV,AAACCATTA
IBV,AGTTATAACT
IBV,TCAACACAA
IBV,ACTGGTTCT
IBV,ACTGTTGGT
IBV,GTATCTAAA
IBV,GTTAATACT
IBV,GTTCTGCAGAAC
IBV,TACCACTAA
IBV,TATAATTTA
IBV,TTATCTAAA
IBV,TTATTATAATT
IBV,ACTTCTAGTTT
IBV,TTAGTAATAAA
IBV,AAACTTACCA
IBV,AATCTACCAG
IBV,AATTGCCACAA
IBV,ACCCAGTCA
IBV,ACTGGCATGCT
IBV,AGGTTTTAT
IBV,AGTTATAACT
IBV,ATCAAAATCA
IBV,ATCTGTTGG
IBV,ATTCACTTT
IBV,CAATTTCACT
IBV,CACTTAATA
IBV,CACTTTCAGT
IBV,CCAGTTATAA
IBV,CCATTAGGT
IBV,CCTGCAGTA
IBV,CTGTTGGTA
IBV,CTTACTCAT
IBV,GCAATTTTT
IBV,GCAATTTTT
IBV,GCCTGCAGT
IBV,GGCAATTTT
IBV,GTAAAGGTG
IBV,GTATACAAA
IBV,TAACAGTTA
IBV,TAAGTTTTG
IBV,TAGTATTAATACTA
IBV,TATAACTGGC
IBV,TATTATAAT
IBV,TCAACACAA
IBV,TCTGGAGTG
IBV,TGCATACTG
IBV,TGCCAGTAT
IBV,TGTCAAGTA
IBV,TGTTGGTAA
IBV,TTACTAAGA
IBV,TTATAAACA
IBV,TTATAATAAT
IBV,TTATTATAATT
IBV,TTCTGAGTAG
IBV,TTGTATAAAA
IBV,TTTGCTTGT
IBV,TTTTGTATG
IBV,AACAGATTCT
IBV,AACCATCTG
IBV,AATAAAAAT
IBV,AATCTGTTT
IBV,ACAAGAAGT
IBV,ACTTCTAGTTT
IBV,AGATGTAAG
IBV,AGCCATAGA
IBV,ATTACTAAT
IBV,ATTACTAAT
IBV,CAACTCACG
IBV,CACTTAATA
IBV,CACTTTTTAT
IBV,CAGGTATGA
IBV,CATACTGCT
IBV,GAAGATCTTC
IBV,GAATCTGTTG
IBV,GTATCTAAA
IBV,GTGTATAAAC
IBV,TAACAACAT
IBV,TAATAATGGC
IBV,TATAATTATA
IBV,TCATTACTA
IBV,TCATTATCT
IBV,TCTGTTGTAA
IBV,TCTGTTTATT
IBV,TGAAACAACT
IBV,TGCTAGAGA
IBV,TTAATCCCTG
IBV,TTAGTAATAAA
IBV,TTAGTAATA
IBV,TTATTTAAA
IBV,TTCACTTCTA
IBV,TTGCATGTC
IBV,TTGCTTTAT
IBV,TTTCTGAGT
IBV,TTTGTGGTA
IBV,TTTTGTTGA
IBV,AAACTACTG
IBV,AAATATTAA
IBV,AAGAACCAT
IBV,ACCATGTTC
IBV,ACCATTTTG
IBV,ACCTAGAGG
IBV,ATAAAATTA
IBV,ATAATAATT
IBV,ATCTACCAG
IBV,ATTTCTGCT
IBV,CAAACTGTTG
IBV,CAACAGTTTG
IBV,CAATATGTT
IBV,CACTTAATA
IBV,CATCCTAATATTAGGATG
IBV,CATTTTGTG
IBV,CATTTTGTG
IBV,CCTAATATT
IBV,GAGTGGCTA
IBV,GCAATTTTT
IBV,GGCAATTTT
IBV,GTACTTCTA
IBV,GTGTTTGTT
IBV,TAAAACCTG
IBV,TAAAATTAT
IBV,TAATAAGAA
IBV,TACCACCAG
IBV,TACTTCTAA
IBV,TATAATCAA
IBV,TATTATAAT
IBV,TCAACACAA
IBV,TCATTATCA
IBV,TGCCAGTAT
IBV,TGCTAGAGA
IBV,TGGTCTAAA
IBV,TTCTGTCAT
IBV,TTTGTGGTA
IBV,TTATTATAATT
IBV,AATTATAATT
IBV,AATTATAAT
IBV,ATTATAATT
IBV,GTGTTAACAC
IBV,GTTTATAAAC
IBV,TAATTCACCA
IBV,TGGTTTGTAT
IBV,TTATAATAAT
IBV,TTATTATAATT
IBV,ACATCAGTG
IBV,AAACTGCTG
IBV,AAGATCTTT
IBV,AATAGCACCAAAA
IBV,AATGTTTCG
IBV,ACAGTTTTA
IBV,ACATCTTCG
IBV,ACTAACATA
IBV,AGTAAGAAT
IBV,ATAGCACCA
IBV,ATGGCCTTA
IBV,CACAAACAG
IBV,CACGCAAAA
IBV,CACTTAATA
IBV,CAGTATGTT
IBV,CAGTTTTAT
IBV,CTAGCATTA
IBV,CTTACTCAT
IBV,GCAATTTTT
IBV,GCAATTTTT
IBV,GTAAAGGTG
IBV,GTGTTAACA
IBV,GTGTTAACA
IBV,TAATAAGAA
IBV,TACTAACAT
IBV,TAGTGTTAACACTA
IBV,TCAACACAA
IBV,TGACAATGT
IBV,TGGTGAGTT
IBV,TGGTGCTAT
IBV,TGTATAAAA
IBV,TTGATTTTT
IBV,TTTAAGAAA
IBV,TTTACTACT
IBV,TTTCAACAA
IBV,TTTGATGAC
IBV,AAACCATTA
IBV,AACAAAACT
IBV,ACTGTTGGT
IBV,ACTTAATAT
IBV,ACTTAATAT
IBV,ATAATAATA
IBV,CAATATGTT
IBV,CATAGCTATG
IBV,CATTTTGTG
IBV,CTAGCATTA
IBV,CTGTTGTAA
IBV,CTTCAAGGT
IBV,GCCTATAGGC
IBV,GGAATGATAC
IBV,GGTGGTGTTAATA
IBV,GGTTTTATT
IBV,GTAAAGGTG
IBV,GTGTGCACTA
IBV,GTGTTAATA
IBV,GTTAATACTA
IBV,GTTAATACT
IBV,TAACAGGCA
IBV,TAACTTAACA
IBV,TAATATTACT
IBV,TAATATTACT
IBV,TATTACTAA
IBV,TGGAGTGTA
IBV,TGGCTAGCCA
IBV,TGTACTCAT
IBV,TGTTTCAACA
IBV,TTATCTAAA
IBV,TTATTAACA
IBV,TTATTTACA
IBV,TTGTAAATA
IBV,TTGTCACACA
IBV,TTTTGTGGTA
IBV,AAATTATAGTA
IBV,GTTCTGCAGAAC
IBV,TTATTATAATT
IBV,TTATTATAATT
IBV,AAATTATAAT
IBV,ACAGATGTTT
IBV,ACTCAACACA
IBV,AGTTATAACT
IBV,TTATAATAAT
IBV,TTATTATAATT
IBV,AATAATTATA
IBV,AATACTAGTATT
IBV,AGGTGGTTGT
IBV,CTGTTTCATTA
IBV,GTTATTATAA
IBV,TAATACAGGTGGT
IBV,TAGTTAATGT
IBV,ACACTGTAA
IBV,GTGTTAACAC
IBV,TTAGTTAAA
IBV,ACTTTAAAGT
IBV,GGTCTCATT
IBV,TAGACCATT
IBV,ACTTCTAGTTT
IBV,TTAGTAATAAA
IBV,TGTGCGCACA
IBV,AAACCATTA
IBV,ACTGTTGGT
IBV,GTAAAGGTG
IBV,TCTTGCTTA
IBV,TTAATACTA
IBV,TTATCTAAA
IBV,TTATTATAATT
IBV,AAACCATTA
IBV,ACTGTTGGT
IBV,ACTTAATAT
IBV,ACTTAATAT
IBV,ATAATAATA
IBV,CAATATGTT
IBV,CATTTTGTG
IBV,CCTAAGGGT
IBV,CTAGCATTA
IBV,CTGTTGTAA
IBV,GCCTACTCT
IBV,GCTGGTTTA
IBV,GTAAAGGTG
IBV,GTATCTAAA
IBV,GTGTTAATA
IBV,TAACAGGCA
IBV,TAATATTACT
IBV,TAATATTACT
IBV,TATAATTTA
IBV,TATTACTAA
IBV,TCTTGCTTA
IBV,TGGAGTGTA
IBV,TGTACTCAT
IBV,TTAATACTA
IBV,TTATCTAAA
IBV,TTATTAACA
IBV,TTATTTACA
IBV,TTGTAAATA
IBV,CTTAAAACT
IBV,AAACTGATT
IBV,ACTCAACACA
IBV,ATGCCTACT
IBV,TCAGTTTCA
IBV,TTATAATAAT
IBV,TTATTATAATT
IBV,AAAGTAATG
IBV,ACACTGTAA
IBV,ACCACTCTG
IBV,ACTTCTAGTTT
IBV,TGTTGTTAT
IBV,TTAGTAATA
IBV,TTGCTCTAT
IBV,GTTATTATAATT
IBV,AAATGGTAT
IBV,AACAAAACT
IBV,ACTTAATAT
IBV,ACTTAATAT
IBV,ATAATAATA
IBV,ATTATGAAA
IBV,CAATATGTT
IBV,CAATTTCAC
IBV,CACTTTCAGT
IBV,CGTATCTAAA
IBV,CTGTTGTAA
IBV,CTTCAAGGT
IBV,GAATTACTGA
IBV,GCCTACTCT
IBV,GGTTTTATT
IBV,GTAAAGGTG
IBV,GTATCTAAA
IBV,GTGTACTCA
IBV,GTGTTAATA
IBV,GTTAATACTA
IBV,TAACAGGCA
IBV,TAATATTACT
IBV,TAATATTACT
IBV,TATAATTTA
IBV,TATTACTAA
IBV,TGAAACAATTT
IBV,TGAATATTCA
IBV,TGCGTTAATA
IBV,TGGAGTGTA
IBV,TGGCTAGCCA
IBV,TGTACTCAT
IBV,TGTTAATAAA
IBV,TGTTTCAACA
IBV,TTAATTTTT
IBV,TTATTAACA
IBV,TTATTATAATT
IBV,TTATTTACA
IBV,TTGTAAATA
IBV,TTGTTTGCA
IBV,TTTGCACTA
IBV,TTTTGTGGTA
IBV,GGTCTCATT
IBV,TAGACCATT
IBV,AAAGTAATG
IBV,ACACTGTAA
IBV,ACCACTCTG
IBV,ACTTCTAGTTT
IBV,GTTATAAAA
IBV,TGTTGTTAT
IBV,TTAGTAATA
IBV,TTGCTCTAT
IBV,TTGTTATAA
IBV,AAATTATAATA
IBV,AACTTTTCT
IBV,AATAATTAT
IBV,AATTACATG
IBV,AATTTTGTAGT
IBV,ACCCTGCAT
IBV,ATAATATTAT
IBV,CAAAATTTTG
IBV,CTACTAATT
IBV,GTGTGCACTA
IBV,TAATAATTA
IBV,TAATATTAT
IBV,TATAATCAA
IBV,TATTATAAT
IBV,TCAACACAA
IBV,TTAGTTAAAG
IBV,TTATAATTTA
IBV,TTATTATAATT
IBV,ACTTCTAGTTT
IBV,TTAGTAATAAA
IBV,AAACCATTA
IBV,ACTGTTGGT
IBV,ACTTAATAT
IBV,ACTTAATAT
IBV,ATAATAATA
IBV,ATTATAATT
IBV,CAATATGTT
IBV,CATTTTGTG
IBV,CTAGCATTA
IBV,CTGTTGTAA
IBV,GCCTACTCT
IBV,GCTGGTTTA
IBV,GGTTTTATT
IBV,GTAAAGGTG
IBV,GTATCTAAA
IBV,GTGTGCACT
IBV,GTGTTAATA
IBV,TAATATTACT
IBV,TAATATTACT
IBV,TATAATTTA
IBV,TATTACTAA
IBV,TCTTGCTTA
IBV,TGGAGTGTA
IBV,TGTACTCAT
IBV,TTAATACTA
IBV,TTATTAACA
IBV,TTATTTACA
IBV,TTGTAAATA
IBV,ACTTCTAGTTT
IBV,TTAGTAATAAA
IBV,ACTCAACACAA
IBV,TTATTATAATT
IBV,AACACCACC
IBV,ACCACCTTG
IBV,GTGTTAACAC
IBV,GTTTATAAAC
IBV,AAACCAGTA
IBV,AGTGTTAAT
IBV,ATTAACACT
IBV,TACTGGTTT
IBV,TACTGGTTT
IBV,CATAGCTATG
IBV,GTGTGCACTA
IBV,GTTAATACTA
IBV,TAACTTAACA
IBV,TTATTATAATT
IBV,TTTGGCCAATA
IBV,ATACTCTAGG
IBV,CATAGCTATG
IBV,GTGTGCACTA
IBV,GTTAATACTA
IBV,TAACTTAACA
IBV,TTATTATAATT
IBV,ATTAATAAT
IBV,TAATTCACCAA
IBV,TACTAAAGA
IBV,TTAATAATA
IBV,TTAGTTAAA
IBV,TTATTATAATT
IBV,TTCTTTAAC
IBV,AAATAATTT
IBV,AAGCATGCTT
IBV,AAGGTCAATCA
IBV,AAGTAGTGA
IBV,ACATTATTT
IBV,ACTTATAAAA
IBV,AGAAGATTT
IBV,AGCAGTGAA
IBV,ATAGTAAAT
IBV,CAAATGATTAA
IBV,CAACATCTT
IBV,CATTATAATG
IBV,CCTTCAGGT
IBV,CGTAGTTAG
IBV,GATTCTTCTG
IBV,GTGATTTAA
IBV,GTGTTTCAA
IBV,GTTTTATTA
IBV,TAAAATTAT
IBV,TAAAATTAT
IBV,TAAATAATTTC
IBV,TAAGCCTAT
IBV,TAATAAAACA
IBV,TAATAAGAA
IBV,TAATACAGG
IBV,TAGCAGCTGCTA
IBV,TATCAACAG
IBV,TATTATAAA
IBV,TATTCAGTATG
IBV,TCAGTATGTT
IBV,TCTGGTTTA
IBV,TGAAAAGAA
IBV,TGAAACTTT
IBV,TGATTTAAATCA
IBV,TGCTTGTTT
IBV,TGGCATGTA
IBV,TGTTGATTA
IBV,TGTTTATTAA
IBV,TTAAATAATT
IBV,TTAAATTTAA
IBV,TTACTACACCTG
IBV,TTATAATAATT
IBV,TTGCAATTT
IBV,TTGTGCACAA
IBV,TTTAATAAA
IBV,TTTAATAAA
IBV,TTTAATACT
IBV,AAATTATAATA
IBV,AATAATTAT
IBV,AATTACATG
IBV,AATTTTGTAGT
IBV,ATAATATTAT
IBV,CAAAATTTTG
IBV,CTACTAATT
IBV,GTGTGCACTA
IBV,TAATAATTA
IBV,TAATATTAT
IBV,TATAATCAA
IBV,TATTATAAT
IBV,TCAACACAA
IBV,TTATAATTTA
IBV,TTATTATAATT
IBV,GTGCTAAGA
IBV,TAAAAACAA
IBV,GTGTTAACAC
IBV,ATACTCTAGG
IBV,CATAGCTATG
IBV,GTGTGCACTA
IBV,TAACTTAACA
IBV,TTATTATAATT
IBV,ACAAGGTCA
IBV,TGACCTTGT
IBV,TTATTATAATT
IBV,AAATTATAATA
IBV,AATAATTAT
IBV,AATTACATG
IBV,AATTTTGTAGT
IBV,ACCCTGCAT
IBV,ATAATATTAT
IBV,CAAAATTTTG
IBV,CTACTAATT
IBV,GTGTGCACTA
IBV,TAATAATTA
IBV,TAATATTAT
IBV,TATAATCAA
IBV,TATTATAAT
IBV,TCAACACAA
IBV,TTATAATTTA
IBV,TTATTATAATT
IBV,TATGCAAGA
IBV,AGTAGTGTTAACACTACT
IBV,AAACCATTA
IBV,ATGGTTTCT
IBV,ACTGTAATTT
IBV,CATAGCTATG
IBV,ACAAAACTAC
IBV,ACTGTAATTT
IBV,CATAGCTATG
IBV,CGTATCTAAA
IBV,GTTAATACTA
IBV,TTATTATAATT
IBV,ACTCAACACAA
IBV,TTATTATAATT
IBV,CATAGCTATG
IBV,GCCCTAGGGC
IBV,GTGTGCACTA
IBV,GTTAATACTA
IBV,TTATTATAATT
IBV,TTGTCACACA
IBV,ACTCAACACAA
IBV,TTATTATAATT
IBV,AATAATTATA
IBV,AATACTAGTATT
IBV,AGGTGGTTGT
IBV,CTGTTTCATTA
IBV,GTTATTATAA
IBV,TAATACAGGTGGT
IBV,TAGTTAATGT
IBV,TTATTATAATT
IBV,AACAGATTCT
IBV,AACCATCTG
IBV,AATAAAAAT
IBV,AATCTGTTT
IBV,ACTTCTAGTTT
IBV,ACTTTTTAT
IBV,AGATGTAAG
IBV,AGCCATAGA
IBV,ATAAAAATAC
IBV,ATTACTAAT
IBV,ATTACTAAT
IBV,CAACTCACG
IBV,CACTTAATA
IBV,CAGGTATGA
IBV,CATACTGCT
IBV,GAAGATCTTC
IBV,GAATCTGTTG
IBV,GTATCTAAA
IBV,GTGTATAAAC
IBV,TAACAACAT
IBV,TAATAATGGC
IBV,TATAATTATA
IBV,TATGATTCC
IBV,TATGGCAAG
IBV,TCATTACTA
IBV,TCATTATCT
IBV,TCTGTTGTAA
IBV,TGAAACAACT
IBV,TGCTAGAGA
IBV,TTAATCCCTG
IBV,TTAGTAATAAA
IBV,TTAGTAATA
IBV,TTCACTTCTA
IBV,TTGCATGTC
IBV,TTGCTTTAT
IBV,TTTCTGAGT
IBV,TTTGTGGTA
IBV,AACAAAACT
IBV,AAGATCTTT
IBV,AATCTTTTC
IBV,ACCATTTTG
IBV,ACTTAATAT
IBV,ACTTAATAT
IBV,AGAGTGATG
IBV,AGTTTTAAT
IBV,ATGAAAGAA
IBV,ATTTTGTGGTA
IBV,CAATATATT
IBV,GAATATAAT
IBV,GAGGTGCTT
IBV,GCCTACTCT
IBV,GGTTTTATT
IBV,GGTTTTATT
IBV,GTAAAGGTG
IBV,GTATCTAAA
IBV,GTGTATAAG
IBV,TACTAAGAA
IBV,TATAATCAA
IBV,TATAATTTA
IBV,TGAATATAA
IBV,TGTACTCAT
IBV,TTACTAAGA
IBV,TTATTATAATT
IBV,TTCCCTAGC
IBV,TTGTAAATA
IBV,TTTTATTTACA
IBV,AAACCATTA
IBV,AAACCATTA
IBV,AACAAAACT
IBV,ACTGTTGGT
IBV,ACTTAATAT
IBV,ACTTAATAT
IBV,ATAATAATA
IBV,CAATATGTT
IBV,CCATAGATG
IBV,CTAGCATTA
IBV,CTAGCTTGT
IBV,CTGTTGTAA
IBV,GCTGGTTTA
IBV,GGTGGTGTTAATA
IBV,GGTTTTATT
IBV,GTAAAGGTG
IBV,GTGTTAATA
IBV,TAACAGGCA
IBV,TCTTGCTTA
IBV,TGGAGTGTA
IBV,TGTACTCAT
IBV,TTAATACTA
IBV,TTATCTAAA
IBV,TTATTAACA
IBV,TTATTTACA
IBV,TTGTAAATA
IBV,AAACTTACCA
IBV,AATCTACCAG
IBV,AATTGCCACAA
IBV,ACCCAGTCA
IBV,ACTGGCATGCT
IBV,AGGTTTTAT
IBV,AGTTATAACT
IBV,ATCAAAATCA
IBV,ATCTGTTGG
IBV,ATTCACTTT
IBV,CAATTTCACT
IBV,CACTTAATA
IBV,CACTTTCAGT
IBV,CCAGTTATAA
IBV,CCATTAGGT
IBV,CCTGCAGTA
IBV,CTGTTGGTA
IBV,CTTACTCAT
IBV,GCAATTTTT
IBV,GCAATTTTT
IBV,GCCTGCAGT
IBV,GGCAATTTT
IBV,GTAAAGGTG
IBV,GTATACAAA
IBV,TAACAGTTA
IBV,TAAGTTTTG
IBV,TATAACTGGC
IBV,TATTATAAT
IBV,TCAACACAA
IBV,TCTGGAGTG
IBV,TGCATACTG
IBV,TGCCAGTAT
IBV,TGTCAAGTA
IBV,TGTTGGTAA
IBV,TTACTAAGA
IBV,TTATAAACA
IBV,TTATAATAAT
IBV,TTATTATAATT
IBV,TTCTGAGTAG
IBV,TTGTATAAAA
IBV,TTTGCTTGT
IBV,TTTTGTATG
IBV,AACACCACC
IBV,AATTATAATT
IBV,AATTATAAT
IBV,ACCACCTTG
IBV,ATGAGAAAT
IBV,ATTATAATT
IBV,CAGTATTATA
IBV,CCAGTATAA
IBV,GTGTTAACAC
IBV,GTTTATAAAC
IBV,TAATAGTTT
IBV,TCACAGCAA
IBV,TGGTTTGTAT
IBV,TTATAATAAT
IBV,TTATTATAATT
IBV,CGCGCCGCTG
IBV,CTGCTGCTAT
IBV,GGGCAGCTGCCC
IBV,TATAGCTATA
IBV,TGCTATAGCA
IBV,GTTATTATAATT
IBV,ACACTGTAA
IBV,AAAGTATTAA
IBV,TACTTTCTA
IBV,AACAGATTCT
IBV,AACCATCTG
IBV,AATAAAAAT
IBV,AATCTGTTT
IBV,ACTTCTAGTTT
IBV,ACTTTTTAT
IBV,AGATGTAAG
IBV,AGCCATAGA
IBV,ATAAAAATAC
IBV,ATTACTAAT
IBV,ATTACTAAT
IBV,CAACTCACG
IBV,CACTTAATA
IBV,CAGGTATGA
IBV,CATACTGCT
IBV,GAAGATCTTC
IBV,GAATCTGTTG
IBV,GTATCTAAA
IBV,GTGTATAAAC
IBV,TAACAACAT
IBV,TAATAATGGC
IBV,TATAATTATA
IBV,TATGGCAAG
IBV,TCATTACTA
IBV,TCATTATCT
IBV,TCTGTTGTAA
IBV,TGAAACAACT
IBV,TGCTAGAGA
IBV,TTAATCCCTG
IBV,TTAGTAATAAA
IBV,TTAGTAATA
IBV,TTCACTTCTA
IBV,TTGCATGTC
IBV,TTGCTTTAT
IBV,TTTCTGAGT
IBV,TTTGTGGTA
IBV,AAATAATTT
IBV,ACATTATTT
IBV,ATTAATAAA
IBV,CCTCCTTTA
IBV,TAAAATTAT
IBV,TAGATATTA
IBV,TATTTAAAT
IBV,TGAAAAGAA
IBV,TGATTTAAATCA
IBV,TGTTGATTA
IBV,TTATAATAATT
IBV,ACTCAACACAA
IBV,TTATTATAATT
IBV,ACTGGCATGCT
IBV,AGTTATAACT
IBV,TATAACTGGC
IBV,TTATAATAAT
IBV,TTATTAATAGT
IBV,TTATTATAATT
IBV,TTCATATGAA
IBV,CAATATGTT
IBV,CACAACAAC
IBV,CACTTAATA
IBV,CTAGCATTA
IBV,GTTATAATACG
IBV,GTTATAATA
IBV,GTTTAGAAG
IBV,TAATATCTC
IBV,TATGGCAAG
IBV,TCTTGTCAA
IBV,TTAATTTGA
IBV,TTATCAAAA
IBV,TTTGCTTGT
IBV,AACCATCTG
IBV,AATTCTTCT
IBV,ACTTAATAT
IBV,ACTTCTAGTTT
IBV,ATAAACCAT
IBV,CAACTTGTT
IBV,CAATATGTT
IBV,CACCTGCTG
IBV,CTAGCATTA
IBV,CTGTTGTAA
IBV,GGTTTTATT
IBV,GTATAACAC
IBV,GTATCTAAA
IBV,TATTACTAA
IBV,TCAAGGTTT
IBV,TCTGTATTG
IBV,TGGAGTGTA
IBV,TGGTGTTAA
IBV,TGTAACTAA
IBV,TGTACTCAT
IBV,TGTATCTGA
IBV,TTAGTAATAAA
IBV,TTATTAACA
IBV,TTATTTACA
IBV,TTGCTTTAT
IBV,TTGTAAATA
IBV,AATTACAGT
IBV,ATTATTAAA
IBV,GTATTTAAA
IBV,GTGTCAACA
IBV,GTGTTGTTA
IBV,TTATTATAA
IBV,TTGTTAATG
IBV,ACCACTCTG
IBV,ACTAACGTTAGT
IBV,AAAATTTTG
IBV,AATCAGACT
IBV,ACTTAATAT
IBV,AGAAGATTT
IBV,ATATTACTAAG
IBV,ATTACATCA
IBV,ATTTTGTGGTA
IBV,ATTTTGTGG
IBV,CAATTTCAC
IBV,CTAGCATTA
IBV,CTTATTAAC
IBV,GTATACAAA
IBV,TAACAGTTA
IBV,TAATAAGAA
IBV,TAATAAGGC
IBV,TAATAATGG
IBV,TACGTGTTT
IBV,TCTTATTAA
IBV,TCTTCTATA
IBV,TGCCAGTAT
IBV,TTAATTATT
IBV,TTAATTTTT
IBV,TTATAACTA
IBV,TTATTATAA
IBV,TTATTTACA
IBV,TTCACCTGA
IBV,TTTGTGGTA
IBV,AAAATAATA
IBV,AAACAAGGAT
IBV,AAATAATAA
IBV,AATAGCATA
IBV,AATGAGTCA
IBV,AATGGCCATT
IBV,AATTTGAGT
IBV,ACACTGTAATT
IBV,ACATAGTACTATGT
IBV,ACATTTTTAT
IBV,AGGTTTAAT
IBV,AGTGTACACT
IBV,ATAGTAGTT
IBV,ATGACAGTCCT
IBV,ATTTTTCTG
IBV,CAAAATTTT
IBV,CATTGCTTTA
IBV,CCATTAATGG
IBV,CTCAATATGT
IBV,CTCCAGTAAC
IBV,CTGGTGTGT
IBV,CTTGTCAATAT
IBV,CTTTAGGTTTA
IBV,GCCATTGTT
IBV,GCTTTAAAA
IBV,GGTTCTATTC
IBV,GTGACAGTT
IBV,GTGTACATT
IBV,TAATAAGAC
IBV,TACCAGTCAA
IBV,TATGTACTCAT
IBV,TATGTGTACTA
IBV,TATTAATAAG
IBV,TATTAATAA
IBV,TATTGACAA
IBV,TCAATAGTG
IBV,TCAGGTTTA
IBV,TGAGCACAC
IBV,TGCATATGCA
IBV,TGTATATACA
IBV,TGTCACAGA
IBV,TGTTGGTAGT
IBV,TGTTTTAAG
IBV,TTAATAACA
IBV,TTAATAAGG
IBV,TTATTAATAA
IBV,TTATTAATA
IBV,TTGAGCACA
IBV,TTGTAAATA
IBV,TTGTTTGAT
IBV,TTTAAGTATT
IBV,TTTAGGTTT
IBV,TTTGGTGCA
IBV,ATAAATTTAT
IBV,GGCAGCTGCC
IBV,TATAGCTATA
IBV,TGCTATAGCA
IBV,AAACCATTA
IBV,AACAATTTT
IBV,AATTCTTCT
IBV,ACATTGTTT
IBV,ACTTAATAT
IBV,ACTTAATAT
IBV,ATAATAATA
IBV,ATTGCCAGT
IBV,CAACTTGTT
IBV,CAATATGTT
IBV,CATTTTGTG
IBV,CTAGCATTA
IBV,CTAGCTTGT
IBV,CTGTTGTAA
IBV,GCTGGTTTA
IBV,GGTTTTATT
IBV,GTAAAGGTG
IBV,GTATAAAAA
IBV,TAATAATTA
IBV,TAATATTACT
IBV,TAATATTACT
IBV,TACTATTGC
IBV,TATTACTAA
IBV,TATTGGTTA
IBV,TCTTCAAGG
IBV,TCTTGCTTA
IBV,TGTACTCAT
IBV,TGTTTGATA
IBV,TTAGGTGCA
IBV,TTATAATAA
IBV,TTATTAACA
IBV,TTATTTACA
IBV,TTGTAAATA
IBV,AAAATTATA
IBV,AAACCAAAG
IBV,AAACCATTA
IBV,AAACTAGCA
IBV,AGTAAGAAT
IBV,ATATCTAAA
IBV,CATTTAGAT
IBV,CCAAAGCTTTGG
IBV,TTATAATAA
IBV,TTATAATAAT
IBV,TTATAATAAT
IBV,TTATTATAATT
IBV,ACTCAACACAA
IBV,TTATTATAATT
IBV,ACTGTTGGT
IBV,CCATAGATG
IBV,GCCTACTCT
IBV,GTATCTAAA
IBV,TATAATTTA
IBV,TCTTGCTTA
IBV,TTAATACTA
IBV,TTATCTAAA
IBV,TTATTATAATT
IBV,ACAAACTGCT
IBV,ACTCAACACAA
IBV,CATAGCTATG
IBV,TAATGAGACT
IBV,TTATAATAAT
IBV,TTATTATAATT
IBV,AAAGTATTAA
IBV,ACCTGCAGGT
IBV,TTATTATAATT
IBV,TCTAAATTTAGA
IBV,AAACCATTA
IBV,ATACTCTAGG
IBV,CATAGCTATG
IBV,GCCTACTCT
IBV,GTATCTAAA
IBV,GTGTGCACTA
IBV,GTTAATACTA
IBV,GTTAATACT
IBV,TAACTTAACA
IBV,TCTTGCTTA
IBV,TTATCTAAA
IBV,TTATTATAATT
IBV,AAACCATTA
IBV,AACAAAACT
IBV,ACTGTTGGT
IBV,ACTTAATAT
IBV,ACTTAATAT
IBV,ATAATAATA
IBV,CAATATGTT
IBV,CATTTTGTG
IBV,CTAGCATTA
IBV,CTAGCTTGT
IBV,CTGTTGTAA
IBV,GCTGGTTTA
IBV,GGTGGTGTTAATA
IBV,GGTTTTATT
IBV,GTAAAGGTG
IBV,GTGTTAATA
IBV,TAACAGGCA
IBV,TAATATTACT
IBV,TAATATTACT
IBV,TATTACTAA
IBV,TCTTGCTTA
IBV,TGGAGTGTA
IBV,TGTACTCAT
IBV,TTAATACTA
IBV,TTATCTAAA
IBV,TTATTAACA
IBV,TTATTTACA
IBV,TTGTAAATA
IBV,ACAAGGTCA
IBV,ACTCAACACAA
IBV,GTGGTTTTGTG
IBV,TGACCTTGT
IBV,TTATTATAATT
IBV,CATAGCTATG
IBV,GCCCTAGGGC
IBV,GTGTGCACTA
IBV,GTTAATACTA
IBV,TTATTATAATT
IBV,TTGTCACACA
IBV,TTATTATAATT
IBV,ACACTGTAA
IBV,AAGGCCATT
IBV,ACAAGGTCA
IBV,ACTCAACACAA
IBV,AGAAGATTT
IBV,CAATATGTT
IBV,CTAGCATTA
IBV,CTGTTGTAA
IBV,CTTAGCAGA
IBV,CTTCAAGGT
IBV,GGCCTTATT
IBV,GTAAAGGTG
IBV,GTACTATTT
IBV,GTAGTAATG
IBV,GTGTATAAA
IBV,TAATAAGAA
IBV,TACTAATAG
IBV,TAGGTGGTGTT
IBV,TCAGAATGC
IBV,TCTTCTATA
IBV,TTAATTTGA
IBV,TTACTACTA
IBV,TTATTATAATT
IBV,TTATTTACA
IBV,TTGAACCTG
IBV,TTGTAAATA
IBV,TTGTTTGCA
IBV,TTTACTACT
IBV,TTTGAATGT
IBV,TTTTATATT
IBV,AAAGTAGTGTTAACACTACTTT
IBV,AGAAGATATGG
IBV,AGCAACATGTTGCT
IBV,ATTACTAAT
IBV,ATTACTAAT
IBV,GCATTTCTGCT
IBV,TTATTATAATT
IBV,TTTCTGAGTAG
IBV,TTATTATAATT
IBV,ACAAAACTAC
IBV,ACTGTAATTT
IBV,CATAGCTATG
IBV,CGTATCTAAA
IBV,GTTAATACTA
IBV,TTATTATAATT
IBV,AGTTATAACT
IBV,ACTCAACACA
IBV,AGTGAGTTTA
IBV,GTGTTAACAC
IBV,TAACACATTG
IBV,AAATTATAATA
IBV,AATAATTAT
IBV,AATTACATG
IBV,ACCCTGCAT
IBV,CTACTAATT
IBV,TAATAATTA
IBV,TAATATTAT
IBV,TATAATCAA
IBV,TATTATAAT
IBV,TCAACACAA
IBV,TTATTATAATT
IBV,CAATATGTT
IBV,ACTAATATTAGT
IBV,AGTTATAACT
IBV,ATAAAATTA
IBV,ATAATTATA
IBV,ATACTACTA
IBV,ATGAGAAAT
IBV,ATTAATAAT
IBV,CTTATAATA
IBV,GTATTTAAA
IBV,TAAAATTAT
IBV,TAATACTACT
IBV,TATAATTATA
IBV,TCACTAGTGA
IBV,TTACTAGTAA
IBV,TTATAATAAT
IBV,TTATTATAATT
IBV,TTTGTTTGA
IBV,CATAGCTATG
IBV,GCCTATAGGC
IBV,GTGTGCACTA
IBV,GTTAATACTA
IBV,TAACTTAACA
IBV,TTATTATAATT
IBV,TTGTCACACA
IBV,CATAGCTATG
IBV,GCCCTAGGGC
IBV,GTGTGCACTA
IBV,GTTAATACTA
IBV,TAACTTAACA
IBV,TTATTATAATT
IBV,TTGTCACACA
IBV,ATAATAATA
IBV,TAGACCATT
IBV,CATAGCTATG
IBV,GCCCTAGGGC
IBV,GTGTGCACTA
IBV,GTTAATACTA
IBV,TTATTATAATT
IBV,TTGTCACACA
IBV,AAGATCTTT
IBV,AAGCCATTA
IBV,AATGGTGTA
IBV,ACTTAATAT
IBV,AGAATTTTA
IBV,AGTAAGAAT
IBV,AGTAAGAAT
IBV,CACAAACAG
IBV,CACTTAATA
IBV,CTAGCATTA
IBV,GACAATATATTGTC
IBV,GATGTTATT
IBV,GCAATTTTT
IBV,GGTCTTATT
IBV,GTAAAGGTG
IBV,GTATCTAAA
IBV,TATTAAAAT
IBV,TCCACTAGC
IBV,TCTTGTCAA
IBV,TGCAGTAAT
IBV,TGGAGTGTA
IBV,TGGTCAAAA
IBV,TTAAGGAAA
IBV,TTAATTTGA
IBV,TTATTGAAG
IBV,TTATTGAAG
IBV,TTATTTACA
IBV,TTCTTACCA
IBV,TTTATTAAG
IBV,TTTTTTCTT
IBV,ACTGTTGGT
IBV,GCCTACTCT
IBV,TATAATTTA
IBV,TCTTGCTTA
IBV,TTAATACTA
IBV,TTATTATAATT
IBV,TTTGATTAT
IBV,GTGTTAACAC
IBV,TTAGTTAAA
IBV,AATTGGCCA
IBV,AGGTTTTAT
IBV,ATTCACTTT
IBV,CAATTCTGC
IBV,CGTTTACTACT
IBV,GAGAAAGTA
IBV,GTAAAGGTG
IBV,TAATAATTA
IBV,TAGCCATGA
IBV,TATTATAAT
IBV,TATTCACTT
IBV,GTGTTAACAC
IBV,TTAGTTAAA
IBV,AATATAATA
IBV,AATTTTTAT
IBV,ACATCTTCG
IBV,ATGGCCTTA
IBV,ATGTGTCTA
IBV,CAATATGTT
IBV,CACAACAAC
IBV,CACAACAAC
IBV,CACTTAATA
IBV,CAGTTACAT
IBV,CTAGCATTA
IBV,CTCATGCTT
IBV,GAAAGTGAT
IBV,GCAATTTTT
IBV,GCACCAGCT
IBV,GTAAAGGTG
IBV,GTATACAAA
IBV,GTTATAATACG
IBV,GTTATAATA
IBV,TAAAAATTT
IBV,TAATATCTC
IBV,TATGGCAAG
IBV,TCTTGTCAA
IBV,TGTAGTAAC
IBV,TTAATTTGA
IBV,TTACAGTGA
IBV,TTACATAAT
IBV,TTAGTAAAA
IBV,TTAGTAAAA
IBV,TTATCAAAA
IBV,TTCTTTAACAG
IBV,TTTGCTTGT
IBV,GATTTAAATC
IBV,GTTATAAAA
IBV,ACTTCTAGTTT
IBV,GTGTTAACAC
IBV,TTAGTTAAA
IBV,AACCAGCTGGTT
IBV,GGTCTCATT
IBV,TAGACCATT
IBV,TGATTTAAATCA
IBV,TTATAATAATT
IBV,ACCAGAAACTA
IBV,ACTCAACACAA
IBV,TTATTATAATT
IBV,AAAAGTTTGT
IBV,AAAATTATA
IBV,AAACCAAAG
IBV,AAACCATTA
IBV,AAACTAGCA
IBV,AACATCTGTA
IBV,ACTACAAACT
IBV,ATATCTAAA
IBV,CATTTAGAT
IBV,CCAAAGCTTTGG
IBV,GAGACTACA
IBV,GCAACTTGT
IBV,GTTATTATAA
IBV,TTATAATAA
IBV,ACTGTTGGT
IBV,GCCTACTCT
IBV,GTATCTAAA
IBV,TATAATTTA
IBV,TCTTGCTTA
IBV,TTATCTAAA
IBV,TTATTATAATT
IBV,ACATTGTTT
IBV,ACTAATAAG
IBV,ACTTAATAT
IBV,ACTTAATAT
IBV,AGGTTTATA
IBV,AGTTTTAAT
IBV,ATAATAATA
IBV,ATGAAAGAA
IBV,ATTATAATAAC
IBV,CAATATGTT
IBV,CAATTTCAC
IBV,CACAAACAG
IBV,CTAGCATTA
IBV,CTTCTTGCAT
IBV,GAAGATCTTC
IBV,GAAGTACTTC
IBV,GCCTACTCT
IBV,GGTTTTATT
IBV,GTAAAGGTG
IBV,GTCACTATTT
IBV,GTCTTACCAC
IBV,GTGTATAAG
IBV,GTTAATACTA
IBV,GTTAATACT
IBV,TAAAATTAT
IBV,TAACAGTTAG
IBV,TAATAAGAA
IBV,TAATAAGGC
IBV,TCTTACCAC
IBV,TCTTCTCTTGA
IBV,TGGTCTAAA
IBV,TGTACTCAT
IBV,TGTTTCAACA
IBV,TTAATCCTTG
IBV,TTAATTATT
IBV,TTACTAAGA
IBV,TTATCTAAA
IBV,TTATTATAATT
IBV,TTCTTTTTGA
IBV,TTGTTTGCA
IBV,TTTCAACAA
IBV,TTTGATTATAA
IBV,TTTTGCAAAA
IBV,AAAGTAGTGTTAACACTACTTT
IBV,ACTGTTGGT
IBV,GCCTACTCT
IBV,GTATCTAAA
IBV,GTTAATACT
IBV,GTTCTGCAGAAC
IBV,TACCACTAA
IBV,TATAATTTA
IBV,TGACCTTGT
IBV,TTATTATAATT
IBV,AAACTACTA
IBV,AAATAATTT
IBV,AAGGTCAAT
IBV,AAGTAGTGA
IBV,ACATTATTT
IBV,AGAAGATTT
IBV,AGCAGTGAA
IBV,ATAGTAAAT
IBV,CAAATGATTAA
IBV,CAACATCTT
IBV,CAGTATGTT
IBV,CCTTCAGGT
IBV,CGTAGTTAG
IBV,GTGATTTAA
IBV,GTGTTTCAA
IBV,TAAAATTAT
IBV,TAAAATTAT
IBV,TAAATAATTTC
IBV,TAAATTTAA
IBV,TAAGCCTAT
IBV,TAATAAGAA
IBV,TAATACAGG
IBV,TATTATAAA
IBV,TATTCAGTATG
IBV,TCTGGTTTA
IBV,TGAAAAGAA
IBV,TGAAACTTT
IBV,TGCTTGTTT
IBV,TGGCATGTA
IBV,TGTTGATTA
IBV,TTAATCATTTG
IBV,TTACTACAC
IBV,TTATAATAATT
IBV,TTGCAATTT
IBV,TTTAATAAA
IBV,TTTAATAAA
IBV,TTTAATACT
IBV,TTTAGCGTA
IBV,ATTGCTTAC
IBV,ACATTATTT
IBV,AGCAGTGAA
IBV,TAAAATTAT
IBV,TATCAACAG
IBV,TGAAAAGAA
IBV,TGATTTAAATCA
IBV,TGTTGATTA
IBV,TTATAATAATT
IBV,TTTAATAAA
IBV,AGTAGTATTAATACTACT
IBV,TGCTTGCAAGCA
IBV,AAATTATAATA
IBV,AATTACATG
IBV,ACCCTGCAT
IBV,ATAATATTAT
IBV,CAAAATTTTG
IBV,CTACTAATT
IBV,GAGTTACAAC
IBV,GTGTGCACTA
IBV,TAATATTAT
IBV,TACAACAAA
IBV,TATAATCAA
IBV,TATTATAAT
IBV,TCAACACAA
IBV,TTATAATTTA
IBV,TTATTATAATT
IBV,ACACTGTAA
IBV,ACTTAATAT
IBV,ACTTAATAT
IBV,TAATATTACT
IBV,TAATATTACT
IBV,ACATTGTTT
IBV,ACCTAGTAG
IBV,ACTCAACACAA
IBV,ACTTAATGT
IBV,AGCTATGGC
IBV,AGGTGGTGT
IBV,ATATTAAGT
IBV,ATTTTGTGGTA
IBV,CAATATGTT
IBV,CCTAATATTAGG
IBV,CTAGCATTA
IBV,GTAGTAATG
IBV,GTATCTAAA
IBV,TAAAATTAT
IBV,TAAAGCCTTGGC
IBV,TAATATTAG
IBV,TACTAATAG
IBV,TCTGTATTG
IBV,TCTTACCAC
IBV,TTAACATCT
IBV,TTAATTTGA
IBV,TTATTATAATT
IBV,TTGAACCTG
IBV,TTGTTTGCA
IBV,TTTTATATT
IBV,TTTTGTTAACAC
IBV,GGTCTCATT
IBV,TAGACCATT
IBV,AACAACAAC
IBV,AACAATTGTT
IBV,AATTTTTAT
IBV,ACAACAACAA
IBV,AGAAGATTT
IBV,AGCAGATGCT
IBV,AGCTGCAGCT
IBV,ATCTTGTCAA
IBV,ATTTTTCATT
IBV,CAATATGTT
IBV,CACTTAATA
IBV,CATCTTGAA
IBV,CATTAAATG
IBV,CTAAATTTAG
IBV,CTCATCATC
IBV,CTCGTGCTT
IBV,GAATATGGC
IBV,GATAATAAT
IBV,GATGTTATT
IBV,GGTGCATTT
IBV,GTAGTTAAT
IBV,GTGGTTTTGTT
IBV,GTGTATTAT
IBV,GTTATTATAA
IBV,GTTCAGTTA
IBV,TAATACCAC
IBV,TACTAATAG
IBV,TACTTCTAA
IBV,TATATTTAA
IBV,TATGTACTCAT
IBV,TATTATAAT
IBV,TCTTACCAC
IBV,TGATAATAAT
IBV,TGGCTAGCCA
IBV,TGTCACAGA
IBV,TTAGCAGATG
IBV,TTCTGAGTGG
IBV,TTGTTTGCA
IBV,TAGACCATT
IBV,ACTGGCATGCT
IBV,ATTCACTTT
IBV,TATTATAAT
IBV,TCAACACAA
IBV,TGCCAGTAT
IBV,TTATAAACA
IBV,TTATTATAATT
IBV,AAACCATTA
IBV,AATGGTATGGC
IBV,ACTGTTGGT
IBV,AGTTAGCGT
IBV,ATAATAATA
IBV,CAATATGTT
IBV,CATAGCTATG
IBV,CATTTTGTG
IBV,CCCTGCAGGG
IBV,CTAGCATTA
IBV,CTGTTGTAA
IBV,GCCTACTCT
IBV,GCTGGTTTA
IBV,GGAATGATAC
IBV,GGTGGTGTTA
IBV,GGTTTTATT
IBV,GTAAAGGTG
IBV,GTATCTAAA
IBV,GTGTGCACTA
IBV,GTGTTAATA
IBV,TAACAAAACT
IBV,TAACAGGCA
IBV,TAATATTACT
IBV,TAATATTACT
IBV,TACTGATGT
IBV,TATAATTTA
IBV,TATTACTAA
IBV,TCTTACCAC
IBV,TCTTGCTTA
IBV,TGGCTAGCCA
IBV,TGTACTCAT
IBV,TGTTTCAACA
IBV,TTAATACTA
IBV,TTATTAACA
IBV,TTATTATAATT
IBV,TTATTTACA
IBV,TTGGATTGT
IBV,TTGTAAATA
IBV,TTGTCACACA
IBV,TTTTGTGGTA
IBV,ACTTCTAGTTT
IBV,TTAGTAATAAA
IBV,AAACCATTA
IBV,AACAAAACT
IBV,AAGGCCATT
IBV,ACTGTTGGT
IBV,ATAATAATA
IBV,ATTAAGTAA
IBV,CAATATGTT
IBV,CATTTTGTG
IBV,CTAGCATTA
IBV,CTGTTGTAA
IBV,GCTGGTTTA
IBV,GGTTTTATT
IBV,GTAAAGGTG
IBV,GTATCTAAA
IBV,GTGTTAATA
IBV,TAACAGGCA
IBV,TAATATTACT
IBV,TAATATTACT
IBV,TATAATTTA
IBV,TATTACTAA
IBV,TCTTACTTA
IBV,TGGAGTGTA
IBV,TGTACTCAT
IBV,TTAATACTA
IBV,TTATTAACA
IBV,TTATTTACA
IBV,TTGTAAATA
IBV,GTGTTAACAC
IBV,TTAGTTAAA
IBV,AATAATTATA
IBV,AATACTAGTATT
IBV,AGGTGGTTGT
IBV,CTGTTTCATTA
IBV,GTTATTATAA
IBV,TAATACAGGTGGT
IBV,TAGTTAATGT
IBV,ACTCAACACAA
IBV,TTATTATAATT
IBV,CATAGCTATG
IBV,GCCCTAGGGC
IBV,GTGTGCACTA
IBV,GTTAATACTA
IBV,TTATTATAATT
IBV,TTGTCACACA
IBV,ACTTCTAGTTT
IBV,AAATAATTT
IBV,ACATTATTT
IBV,ACCTACTCT
IBV,TAAAATTAT
IBV,TATCAACAG
IBV,TGAAAAGAA
IBV,TGATTTAAATCA
IBV,TGTTGATTA
IBV,TTATAATAATT
IBV,TTTAATAAA
IBV,AATGAAAAAT
IBV,GTGTGCACTA
IBV,GTTAATACTA
IBV,TGCGTTAATA
IBV,TTATTATAATT
IBV,TTTCATTTCT
IBV,AATAATTAT
IBV,ACACATTGT
IBV,CATTTAAGT
IBV,CCAAAGCTTTGG
IBV,TAAATAATT
IBV,TATTATAAT
IBV,TCAACACAA
IBV,TTATTATAATT
IBV,AAACCATTA
IBV,ACTGTTGGT
IBV,ACTTAATAT
IBV,ACTTAATAT
IBV,ATAATAATA
IBV,ATGGCACCT
IBV,CAATATGTT
IBV,CATTTTGTG
IBV,CTAGCATTA
IBV,CTGTTGTAA
IBV,CTTCAAGGT
IBV,GCCTACTCT
IBV,GGTGGTGTTAATA
IBV,GGTTTTATT
IBV,GTAAAGGTG
IBV,GTATCTAAA
IBV,GTTAATACT
IBV,TAACAGGCA
IBV,TAATATTACT
IBV,TAATATTACT
IBV,TATAATTTA
IBV,TATTACTAA
IBV,TGGAGTGTA
IBV,TGTACTCAT
IBV,TTATCTAAA
IBV,TTATTAACA
IBV,TTATTTACA
IBV,TTGTAAATA
IBV,AAATAATTT
IBV,ACATTATTT
IBV,ACCTACTCT
IBV,TAAAATTAT
IBV,TGAAAAGAA
IBV,TGATTTAAATCA
IBV,TGTTGATTA
IBV,TTATAATAATT
IBV,TTTAATAAA
IBV,ACTGGCATGCT
IBV,AGTTATAACT
IBV,ATTCACTTT
IBV,TATAACTGGC
IBV,TATTATAAT
IBV,TCAACACAA
IBV,TGCCAGTAT
IBV,TGGCCAGTT
IBV,TTATAAACA
IBV,TTATAATAAT
IBV,TTATTATAATT
IBV,TTCATATGAA
IBV,ACCGCGCCGC
IBV,AGCTGCAGCT
IBV,ATAAATTTAT
IBV,GGCAGCTGCC
IBV,TATAGCTATA
IBV,TGCTATAGCA
IBV,ACTGTTGGT
IBV,GCCTACTCT
IBV,GTATCTAAA
IBV,TATAATTTA
IBV,TCTTGCTTA
IBV,TTATCTAAA
IBV,TTATTATAATT
IBV,AAGGCCATT
IBV,ACAAGGTCA
IBV,ACTCAACACAA
IBV,AGAAGATTT
IBV,AGGTGGTGT
IBV,CAATATGTT
IBV,CCACTACCA
IBV,CTAGCATTA
IBV,CTGTTGTAA
IBV,CTTAGCAGA
IBV,CTTCAAGGT
IBV,GGTACTGTA
IBV,GTAAAGGTG
IBV,GTAGTAATG
IBV,GTGTATAAA
IBV,TAATAAGAA
IBV,TACTAATAG
IBV,TCTTCACAA
IBV,TCTTCTATA
IBV,TGGTGTTAA
IBV,TGTAACTGA
IBV,TTAATTTGA
IBV,TTATTATAATT
IBV,TTATTTACA
IBV,TTCAGTTAC
IBV,TTGAACCTG
IBV,TTGTAAATA
IBV,TTTGAATGT
IBV,TTTTATATT
IBV,ACTTCTAGTTT
IBV,TTATTATAATT
IBV,AAACCATTA
IBV,AACAAAACT
IBV,ACCACTAAT
IBV,ACTGTTGGT
IBV,ACTTAATAT
IBV,ACTTAATAT
IBV,ATAATAATA
IBV,ATGGCACCT
IBV,CAATACCAC
IBV,CAATATGTT
IBV,CATTTTGTG
IBV,CTAGCATTA
IBV,CTAGCTTGT
IBV,CTTCAAGGT
IBV,GCCTACTCT
IBV,GGTGGTGTTAATA
IBV,GGTTTTATT
IBV,GTAAAGGTG
IBV,GTATCTAAA
IBV,GTTAATACT
IBV,TAACAGGCA
IBV,TAATATTACT
IBV,TAATATTACT
IBV,TACCACTAA
IBV,TATAATTTA
IBV,TATTACTAA
IBV,TGTACTCAT
IBV,TTATTATAATT
IBV,TTTTGTGGTAT
IBV,AAATTATAATA
IBV,AATAATTAT
IBV,AATTACATG
IBV,AATTTTGTAGT
IBV,ACCCTGCAT
IBV,ATAATATTAT
IBV,CAAAATTTTG
IBV,CTACTAATT
IBV,GTGTGCACTA
IBV,TAATAATTA
IBV,TAATATTAT
IBV,TATAATCAA
IBV,TATTATAAT
IBV,TCAACACAA
IBV,TTATAATTTA
IBV,TTATTATAATT
IBV,ACCATTAATGGT
IBV,GTTCTGCAGAAC
IBV,TTATTATAATT
IBV,AAACCATTA
IBV,AATCAAAGT
IBV,ACTTAATAT
IBV,ACTTAATAT
IBV,ATAATAATA
IBV,CAATATGTT
IBV,CATTTTGTG
IBV,CTAGCATTA
IBV,CTGTTGTAA
IBV,GATTCTGCCA
IBV,GCCCTAGGGC
IBV,GCCTACTCT
IBV,GCTGGTTTA
IBV,GGAATGATAC
IBV,GGTGGTGTTA
IBV,GGTTTTATT
IBV,GTAAAGGTG
IBV,GTATCTAAA
IBV,GTGTGCACTA
IBV,GTGTTAATA
IBV,GTTAATACTA
IBV,TAATAAAAC
IBV,TAATATCTCT
IBV,TAATATTACT
IBV,TAATATTACT
IBV,TATTACTAA
IBV,TGGAGTGTA
IBV,TGGCTAGCCA
IBV,TGTACTCAT
IBV,TGTTTCAACA
IBV,TTATTAACA
IBV,TTATTATAATT
IBV,TTATTTACA
IBV,TTGTAAATA
IBV,TTGTCACACA
IBV,TTTTGTGGTAT
IBV,ACTTCTAGTTT
IBV,TTAGTAATAAA
IBV,AAAGTATTAA
IBV,ACCTGCAGGT
IBV,AGTACTAAT
IBV,ATATTATTA
IBV,ACATCAGTG
IBV,AAACCATTA
IBV,ACTTAATAT
IBV,ACTTAATAT
IBV,ATAATAATA
IBV,CAATATGTT
IBV,CATAGCTATG
IBV,CATTTTGTG
IBV,CTAAATACT
IBV,CTAGCATTA
IBV,CTAGCTTGT
IBV,CTGTTGTAA
IBV,CTTCAAGGT
IBV,GAATATAAT
IBV,GCCTACTCT
IBV,GGAATGATAC
IBV,GGTGGTGTTAATA
IBV,GGTTTTATT
IBV,GTAAAGGTG
IBV,GTATCTAAA
IBV,GTGTGCACTA
IBV,GTGTTAATA
IBV,GTTAATACTA
IBV,GTTAATACT
IBV,TAACAGGCA
IBV,TAACTTAACA
IBV,TAATATCTCT
IBV,TAATATTACT
IBV,TAATATTACT
IBV,TATAATCAA
IBV,TATTACTAA
IBV,TGAATATAA
IBV,TGGAGTGTA
IBV,TGGCTAGCCA
IBV,TGTACTCAT
IBV,TGTTTCAACA
IBV,TTATCTAAA
IBV,TTATTTACA
IBV,TTGTAAATA
IBV,TTTGTTTGAT
IBV,TTTTGTGGTA
IBV,CAGTGCACTG
IBV,CGTATCTAAA
IBV,GTGTGCACTA
IBV,GTTAATACTA
IBV,TTATTATAATT
IBV,GTTATAAAG
IBV,ACCAGACAC
IBV,CATAGCTATG
IBV,GCCTACTCT
IBV,GTATCTAAA
IBV,GTGTGCACTA
IBV,GTTAATACTA
IBV,GTTAATACT
IBV,TATAATTTA
IBV,TGCGTTAATA
IBV,TTATCTAAA
IBV,TTATTATAATT
IBV,ACTTCTAGTTT
IBV,TTAGTAATAAA
IBV,ACTGTTGGT
IBV,GCCTACTCT
IBV,GTATCTAAA
IBV,TAATAAAAC
IBV,TATAATTTA
IBV,TCTTGCTTA
IBV,TTATTATAATT
IBV,AATTATAATT
IBV,AATTATAATT
IBV,ACTAATATTAGT
IBV,ATAATTATAATT
IBV,ATTATAATTATAAT
IBV,CATAGCTATG
IBV,GCCCTAGGGC
IBV,GTGTGCACTA
IBV,TAACTTAACA
IBV,TTATTATAATT
IBV,TTGTCACACA
IBV,CATAGCTATG
IBV,GCCCTAGGGC
IBV,GTGTGCACTA
IBV,GTTAATACTA
IBV,TAACTTAACA
IBV,TTATTATAATT
IBV,TTGTCACACA
IBV,AACACCACC
IBV,ACCACCTTG
IBV,GTGTTAACAC
IBV,GTTTATAAAC
IBV,AACTTTTCT
IBV,ATAAAATTA
IBV,ATAAAATTA
IBV,ATACTACTA
IBV,GGCATTTAC
IBV,GTATTTAAA
IBV,TAAAATTAT
IBV,TATTATAAT
IBV,TCAACACAA
IBV,TTAATACTACT
IBV,TTATTATAATT
IBV,ACAAAACTACT
IBV,TTATTATAATT
IBV,AACTGCTGATTA
IBV,ACTGGTTCTCA
IBV,GTGGTTTTGTT
IBV,CATAGCTATG
IBV,GTGTGCACTA
IBV,GTTAATACTA
IBV,TCCAATTGGA
IBV,TTATTATAATT
IBV,ACTGGTTCTCA
IBV,AGTACATGTACT
IBV,ATTGTTATAACAAT
IBV,TTATTATAATT
IBV,TTATTATAATT
IBV,AATTATAAT
IBV,ATTATAATT
IBV,TAATTCACCAA
IBV,TTATTATAATT
IBV,ACTGTTGGT
IBV,AGGTTTTAT
IBV,GCCTACTCT
IBV,GTATCTAAA
IBV,TATAATTTA
IBV,TCTTGCTTA
IBV,TTAATACTA
IBV,TTATTATAATT
IBV,ACTCAACACAA
IBV,TTATTATAATT
IBV,GGTCTCATT
IBV,TAGACCATT
IBV,AACAGATTCT
IBV,AACCATCTG
IBV,AATAAAAAT
IBV,AATCTGTTT
IBV,ACTTCTAGTTT
IBV,ACTTTTTAT
IBV,AGATGTAAG
IBV,AGCCATAGA
IBV,ATAAAAATAC
IBV,ATTACTAAT
IBV,ATTACTAAT
IBV,CAACTCACG
IBV,CACTTAATA
IBV,CAGGTATGA
IBV,CATACTGCT
IBV,GAAGATCTTC
IBV,GAATCTGTTG
IBV,GTATCTAAA
IBV,GTGTATAAAC
IBV,TAACAACAT
IBV,TAATAATGGC
IBV,TATAATTATA
IBV,TATGGCAAG
IBV,TCATTACTA
IBV,TCATTATCT
IBV,TCTGTTGTAA
IBV,TGAAACAACT
IBV,TGCTAGAGA
IBV,TTAATCCCTG
IBV,TTAGTAATAAA
IBV,TTAGTAATA
IBV,TTCACTTCTA
IBV,TTGCATGTC
IBV,TTGCTTTAT
IBV,TTTCTGAGT
IBV,TTTGTGGTA
IBV,ACAAACTGCT
IBV,ACTCAACACAA
IBV,CAAAATTTTG
IBV,CTAATGAGAC
IBV,TAAAGCCTTGGC
IBV,TAATGAGACT
IBV,TTATAATAAT
IBV,TTATTATAATT
IBV,CATAGCTATG
IBV,GTGTGCACTA
IBV,GTTAATACTA
IBV,TAACTTAACA
IBV,TTATTATAATT
IBV,AATTATAAT
IBV,ATTATAATT
IBV,TAATTCACCAA
IBV,TTATTATAATT
IBV,CATAGCTATG
IBV,CTGTTATAG
IBV,GCCCTAGGGC
IBV,GTATCTAAA
IBV,GTGTGCACTA
IBV,GTTAATACTA
IBV,TAACTTAACA
IBV,TAATAAAAC
IBV,TATAATCAA
IBV,TATTATAAT
IBV,TCTTGCTTA
IBV,TGTTGATTA
IBV,TGTTTGATAT
IBV,TTATTATAATT
IBV,TTGTCACACA
IBV,AATAATTATA
IBV,AATACTAGTATT
IBV,AGGTGGTTGT
IBV,CTGTTTCATTA
IBV,GTTATTATAA
IBV,TAATACAGGTGGT
IBV,TAGTTAATGT
IBV,ACTCAACACAA
IBV,TTATTATAATT
IBV,ACTGTTGGT
IBV,ACTTAATAT
IBV,AGAAGATTT
IBV,ATGTTAAGT
IBV,CAATATGTT
IBV,CATTTTGTG
IBV,CTAGCATTA
IBV,CTAGCTTGT
IBV,CTCTGGAGT
IBV,CTGTTGTAA
IBV,GACCATATT
IBV,GCAAAGCCTA
IBV,GCCCTAGGGC
IBV,GCCTACTCT
IBV,GCTGGTTTA
IBV,GGTGGTGTTA
IBV,GGTTTTATT
IBV,GTAAAGGTG
IBV,GTATCTAAA
IBV,GTGTGCACTA
IBV,GTGTTAATA
IBV,GTTAATACTA
IBV,TAACAGGCA
IBV,TAACTTAACA
IBV,TAATAAGAA
IBV,TATTACTAA
IBV,TCTTGCTTA
IBV,TGGCTAGCCA
IBV,TGTACTCAT
IBV,TGTTTCAACA
IBV,TTATTAACA
IBV,TTATTTACA
IBV,TTGTAAATA
IBV,TTGTCACACA
IBV,TTTTGTGGTA
IBV,ACACTGTAA
IBV,CATGTACATG
IBV,ATAATATTAT
IBV,GTGTGCACTA
IBV,AAACCATTA
IBV,ACTGTTGGT
IBV,ACTTAATAT
IBV,ACTTAATAT
IBV,AGTAACATTA
IBV,AGTTTTAAGT
IBV,ATAATAATA
IBV,ATGTTACTAA
IBV,CAATATGTT
IBV,CATAGCTATG
IBV,CATTTTGTG
IBV,CTAGCATTA
IBV,CTGTTGTAA
IBV,CTTCAAGGT
IBV,GATAAGGTCC
IBV,GCCTACTCT
IBV,GGAATGATAC
IBV,GGTGGTGTTAATA
IBV,GGTTTTATT
IBV,GTAAAGGTG
IBV,GTATCTAAA
IBV,GTGTGCACTA
IBV,GTGTTAATA
IBV,GTTAATACTA
IBV,GTTAATACT
IBV,TAACAGGCA
IBV,TAATAAAAC
IBV,TACTAATGT
IBV,TACTAATGT
IBV,TATAATTTA
IBV,TGGAGTGTA
IBV,TGGCTAGCCA
IBV,TGTACTCAT
IBV,TGTTTCAACA
IBV,TTATTAACA
IBV,TTATTTACA
IBV,TTGTAAATA
IBV,TTTTGTGGTA
IBV,ATTAATAAT
IBV,CAGAGTGTT
IBV,CTCCAGATG
IBV,GCCTACTCT
IBV,GTTATAATAAC
IBV,TAATAAAAC
IBV,TTAATAATA
IBV,TTATTATAA
IBV,CATAGCTATG
IBV,GCCCTAGGGC
IBV,GTGTGCACTA
IBV,GTTAATACTA
IBV,TTATTATAATT
IBV,TTGTCACACA
IBV,AAAACTTAAGTTTT
IBV,ACTGTTGGT
IBV,GTAAAGGTG
IBV,GTATCTAAA
IBV,TATAATTTA
IBV,TCTTGCTTA
IBV,TGTACTCAT
IBV,TTAATACTA
IBV,TTATTATAATT
IBV,GCCTACTCT
IBV,GCTATTGGT
IBV,GTATCTAAA
IBV,TATAATTTA
IBV,TCTTGCTTA
IBV,TTATCTAAA
IBV,TTATTATAATT
IBV,AATTATAATT
IBV,ATTATAATTATAAT
IBV,ACTTTAAAGT
IBV,ACCGCTTTTA
IBV,ACTTCTAGTTT
IBV,GAGTTAACTC
IBV,GATTTAAATC
IBV,TAATTATGTT
IBV,TTCACTTCTA
IBV,TTTTACTTC
IBV,ACTGTTGGT
IBV,GCCTACTCT
IBV,GTATCTAAA
IBV,TATAATTTA
IBV,TCTTGCTTA
IBV,TTAATACTA
IBV,TTATCTAAA
IBV,TTATTATAATT
IBV,TGTACTACTAC
IBV,TTATTATAATT
IBV,AACCAGCTGGTT
IBV,CAATATGTT
IBV,CATAGCTATG
IBV,GCCCTAGGGC
IBV,GTGTGCACTA
IBV,GTTAATACTA
IBV,TAACTTAACA
IBV,TTATTATAATT
IBV,TTGTCACACA
IBV,ACCATTTTG
IBV,ACTTAATAT
IBV,ACTTAATAT
IBV,ATAATAATA
IBV,ATACCATTA
IBV,CAATATGTT
IBV,CAATTTCAC
IBV,CATTTTGTG
IBV,CTAGCATTA
IBV,CTGTTGTAA
IBV,GCCTACTCT
IBV,GCTGGTTTA
IBV,GGTTTTATT
IBV,GTAAAGGTG
IBV,GTATCTAAA
IBV,GTGTTAATA
IBV,TAATAAAAC
IBV,TAATAAGAA
IBV,TAATAATTA
IBV,TAATATTACT
IBV,TAATATTACT
IBV,TACCATTAA
IBV,TATTACTAA
IBV,TCTTGCTTA
IBV,TGTACTCAT
IBV,TTAATGGTA
IBV,TTAATTATT
IBV,TTATTAACA
IBV,TTATTGAAA
IBV,TTATTTACA
IBV,TTGTAAATA
IBV,TTATTATAATT
IBV,AAACCATTA
IBV,ACACTAATAA
IBV,ACTGTTGGT
IBV,ACTTAATAT
IBV,ACTTAATAT
IBV,AGTTTTAAGT
IBV,ATAATAATA
IBV,CATAGCTATG
IBV,CATTTTGTG
IBV,CTAGCATTA
IBV,CTGTTGTAA
IBV,GCTGGTTTA
IBV,GGAATGATAC
IBV,GGTGGTGTTA
IBV,GGTTTTATT
IBV,GTAAAGGTG
IBV,GTGTGCACTA
IBV,GTGTTAATA
IBV,TAACAGGCA
IBV,TAATAAAAC
IBV,TAATAATTA
IBV,TAATATTACT
IBV,TAATATTACT
IBV,TATAATTTA
IBV,TATTACTAA
IBV,TCTTGCTTA
IBV,TGGAGTGTA
IBV,TGGCTAGCCA
IBV,TGTACTCAT
IBV,TGTTTCAACA
IBV,TTAATACTA
IBV,TTATTAACA
IBV,TTATTTACA
IBV,TTGTAAATA
IBV,TTGTCACACA
IBV,TTTTGTGGTA
IBV,AACTTAACAT
IBV,ACTGTTGGT
IBV,CATAGCTATG
IBV,CTGAAATTA
IBV,GCCTACTCT
IBV,GTATCTAGATAC
IBV,GTGTGCACTA
IBV,TAATAAAAC
IBV,TATAATTTA
IBV,TCTTGCTTA
IBV,TTAATACTA
IBV,TTATTATAATT
IBV,TTGTCACACA
IBV,GCGGGCAGC
IBV,GGCAGCTGCC
IBV,AAGGCCATT
IBV,CAATATGTT
IBV,CTAGCATTA
IBV,GAATATAAT
IBV,GTAAATAGT
IBV,TAATAAGAA
IBV,TAATATTACTGAAA
IBV,TGAATATAA
IBV,TGTACTCAT
IBV,TTATTAACA
IBV,TTTCAGTAA
IBV,ACTTCTAGTTT
IBV,TTAGTAATAAA
IBV,ACCACTCTG
IBV,AACCATCTG
IBV,AATTCTTCT
IBV,ACTTAATAT
IBV,ACTTAATAT
IBV,ACTTCTAGTTT
IBV,ATAAACCAT
IBV,CAACTTGTT
IBV,CAATATGTT
IBV,CACCTGCTG
IBV,CTAATTCACGT
IBV,CTAGCATTA
IBV,CTGTTGTAA
IBV,GGTTTTATT
IBV,GTATAACAC
IBV,GTATCTAAA
IBV,TATTACTAA
IBV,TCAAGGTTT
IBV,TCTGTATTG
IBV,TGAAAACAA
IBV,TGGAGTGTA
IBV,TGGTGTTAA
IBV,TGTAACTAA
IBV,TGTACTCAT
IBV,TGTATCTGA
IBV,TTAGTAATAAA
IBV,TTATTAACA
IBV,TTATTTACA
IBV,TTGCTTTAT
IBV,TTGTAAATA
IBV,GGAAGTACTTCC
IBV,ACAAACTGCT
IBV,ACTCAACACAA
IBV,CATTTAAATG
IBV,TAATGAGACT
IBV,TTATAATAAT
IBV,TTATTATAATT
IBV,GTGTTAACAC
IBV,ACACATTGT
IBV,ACCATTTTG
IBV,AGTTATGAG
IBV,ATAGTGTTT
IBV,ATAGTGTTT
IBV,CAAGGTCTT
IBV,CACAAACAG
IBV,CACTTAATA
IBV,CCAAAATTTTTAT
IBV,CCTGCAGTA
IBV,CTAGCATTA
IBV,GACATCTTC
IBV,GCAACACAA
IBV,GCAATTTTT
IBV,GCCTGCAGT
IBV,GGTCTTATT
IBV,GGTCTTATT
IBV,GTAAAGGTG
IBV,GTATACAAA
IBV,GTCTATTAG
IBV,GTGATGACA
IBV,GTTATTATA
IBV,TAACATTAA
IBV,TAACATTAA
IBV,TAATACAGGTGGT
IBV,TACAAACTG
IBV,TAGTAATGA
IBV,TATTATAAT
IBV,TGGATCTTA
IBV,TTATTTACA
IBV,TTTAAAAGT
IBV,ACTTCTAGTTT
IBV,TTAGTAATAAA
IBV,AGAATATTCT
IBV,ATTGCTTAC
IBV,CCGCTGCTGCTG
IBV,GCTGCTGCT
IBV,GCTGCTGCT
IBV,GTCAGCTGAC
IBV,TTATTATAATT
IBV,CTAAATTTAG
IBV,GTTTTAAAAC
IBV,AAAGTATTAA
IBV,ACCTGCAGGT
IBV,TTATTAATACT
IBV,CATAGCTATG
IBV,GTGTGCACTA
IBV,GTTAATACTA
IBV,TAACTTAACA
IBV,TTATTATAATT
IBV,ACTGGCATGCT
IBV,TATGAAAAATG
IBV,CACTATAAT
IBV,ACTGTAACTT
IBV,GTGTGCACTA
IBV,GTTAATACTA
IBV,TTATTATAATT
IBV,TTGTCACACA
IBV,AATAATTATA
IBV,AATACTAGTATT
IBV,AGGTGGTTGT
IBV,CTGTTTCATTA
IBV,GTTATTATAA
IBV,TAATACAGGTGGT
IBV,TAGTTAATGT
IBV,ACACATTGT
IBV,ACCATTTTG
IBV,ACCTAATAG
IBV,AGTTATGAG
IBV,ATAGTGTTT
IBV,ATAGTGTTT
IBV,CAAGGTCTT
IBV,CACAAACAG
IBV,CACTTAATA
IBV,CCAAAATTTTTAT
IBV,CCTGCAGTA
IBV,CTAGCATTA
IBV,GACATCTTC
IBV,GCAACACAA
IBV,GCAATTTTT
IBV,GCCTGCAGT
IBV,GGTCTTATT
IBV,GGTCTTATT
IBV,GTAAAGGTG
IBV,GTATACAAA
IBV,GTCTATTAG
IBV,GTGATGACA
IBV,TAACATTAA
IBV,TAACATTAA
IBV,TAATACAGGTGGT
IBV,TACAAACTG
IBV,TAGTAATGA
IBV,TATTATAAT
IBV,TGGATCTTA
IBV,TTATTTACA
IBV,TTTAAAAGT
IBV,AAACTGCTG
IBV,AAACTGCTG
IBV,ACTCAACACA
IBV,AGTTATAACT
IBV,ATAACTGGTG
IBV,CTAAATTTAG
IBV,TAGTGTTAACACTA
IBV,TTATTATAATT
IBV,TTTATTTAAA
IBV,AAACATTAA
IBV,AAAGGTGTCTAT
IBV,AACATCTGTG
IBV,AATAATGGC
IBV,ACAAACTGCT
IBV,ACAAGATGT
IBV,ACACTGTAA
IBV,ACCATTTTG
IBV,AGAAGTACTTCT
IBV,AGCAGATGCT
IBV,AGCAGGTGG
IBV,AGCTGCAGCT
IBV,AGTAACATA
IBV,ATACGTGTTT
IBV,ATCTTGTCAA
IBV,CAATATGTT
IBV,CACTTAATA
IBV,CCTAATATTAGG
IBV,CTATAATTTA
IBV,GGTGCATTT
IBV,GTGCATTTT
IBV,GTTATTATA
IBV,GTTCAGTTA
IBV,TAACATTACT
IBV,TATAGAATC
IBV,TATGTACTCAT
IBV,TCATCTTCT
IBV,TGCCAGTAT
IBV,TGGAGTGTA
IBV,TGTATTGTT
IBV,TGTCACAGA
IBV,TTACTAATA
IBV,TTAGCAGATGC
IBV,TTAGTAACAT
IBV,TTATAAACA
IBV,TTCTATAGAA
IBV,TTCTGAGTGG
IBV,ACTGGCATGCT
IBV,TGCCAGTAT
IBV,AACTATAGTT
IBV,CATAGCTATG
IBV,TATAATTTA
IBV,ACTTCTAGTTT
IBV,ACTGGCATGCT
IBV,ACTGTAATTT
IBV,ACTGTTGGT
IBV,CAGTGCACTG
IBV,CATAGCTATG
IBV,GAGGTGCTT
IBV,GCCTACTCT
IBV,GTATCTAAA
IBV,GTGTGCACTA
IBV,TAATAATTA
IBV,TATAATTTA
IBV,TCTTGCTTA
IBV,TTATTATAATT
IBV,TATGCAAGA
IBV,ACTTCTAGAAGT
IBV,CATAGCTATG
IBV,GCCCTAGGGC
IBV,GTGTGCACTA
IBV,GTTAATACTA
IBV,TTATTATAATT
IBV,TTGTCACACA
IBV,CATAGCTATG
IBV,GCCCTAGGGC
IBV,GTGTGCACTA
IBV,GTTAATACTA
IBV,TTATTATAATT
IBV,TTGTCACACA
IBV,TTATTATAATT
IBV,ACACATTGT
IBV,ACCATTTTG
IBV,ACCTAATAG
IBV,AGTTATGAG
IBV,ATAGTGTTT
IBV,ATAGTGTTT
IBV,CAAGGTCTT
IBV,CACAAACAG
IBV,CACTTAATA
IBV,CCAAAATTTTTAT
IBV,CCTGCAGTA
IBV,CTAGCATTA
IBV,GACATCTTC
IBV,GCAACACAA
IBV,GCAATTTTT
IBV,GCCTGCAGT
IBV,GGTCTTATT
IBV,GGTCTTATT
IBV,GTAAAGGTG
IBV,GTATACAAA
IBV,GTCTATTAG
IBV,GTGATGACA
IBV,GTTATTATA
IBV,TAACATTAA
IBV,TAACATTAA
IBV,TAATACAGGTGGT
IBV,TACAAACTG
IBV,TAGTAATGA
IBV,TATTATAAT
IBV,TGGATCTTA
IBV,TTATTTACA
IBV,TTTAAAAGT
IBV,ACTTCTAGTTT
IBV,ACTTCTAGTTT
IBV,TTAGTAATAAA
IBV,AAAATAAACA
IBV,GATTTAAATC
IBV,CTCAACCTCTT
IBV,AAACCATTA
IBV,AACCAGCTGGTT
IBV,AATAATTAT
IBV,AATTATAAT
IBV,ACAGTTTTA
IBV,ACTTAATAT
IBV,ACTTAATAT
IBV,ATAATAATA
IBV,ATTATAATT
IBV,ATTTCATCA
IBV,CAATATGTT
IBV,CAGTTTTAT
IBV,CATTTTGTG
IBV,CTAGCATTA
IBV,CTGTTGTAA
IBV,GCCTACTCT
IBV,GCTGGTTTA
IBV,GTAAAGGTG
IBV,GTATCTAAA
IBV,GTGTTAATA
IBV,TAACAGGCA
IBV,TAATATTACT
IBV,TAATATTACT
IBV,TAATTATAATTA
IBV,TATAATTTA
IBV,TATTACTAA
IBV,TGGAGTGTA
IBV,TGTACTCAT
IBV,TTAATACTA
IBV,TTATTAACA
IBV,TTATTTACA
IBV,TTGTAAATA
IBV,TTTTGGCCAAAA
IBV,AAACTTACCA
IBV,AATCTACCAG
IBV,AATTGCCACAA
IBV,ACCCAGTCA
IBV,ACTGGCATGCT
IBV,AGGTTTTAT
IBV,AGTTATAACT
IBV,ATCAAAATCA
IBV,ATCTGTTGG
IBV,ATTCACTTT
IBV,CAATTTCACT
IBV,CACTTAATA
IBV,CACTTTCAGT
IBV,CCAGTTATAA
IBV,CCATTAGGT
IBV,CCTGCAGTA
IBV,CTGTTGGTA
IBV,CTTACTCAT
IBV,GCAATTTTT
IBV,GCAATTTTT
IBV,GCCTGCAGT
IBV,GGCAATTTT
IBV,GTAAAGGTG
IBV,GTATACAAA
IBV,TAACAGTTA
IBV,TAAGTTTTG
IBV,TATAACTGGC
IBV,TATTATAAT
IBV,TCAACACAA
IBV,TCTGGAGTG
IBV,TGCATACTG
IBV,TGCCAGTAT
IBV,TGTCAAGTA
IBV,TGTTGGTAA
IBV,TTACTAAGA
IBV,TTATAAACA
IBV,TTATAATAAT
IBV,TTATTATAATT
IBV,TTCTGAGTAG
IBV,TTGTATAAAA
IBV,TTTGCTTGT
IBV,CATAGCTATG
IBV,GCCTATAGGC
IBV,GTGTGCACTA
IBV,GTTAATACTA
IBV,TTATTATAATT
IBV,TTTGTTTGAT
IBV,CATAGCTATG
IBV,GCCCTAGGGC
IBV,GTGTGCACTA
IBV,GTTAATACTA
IBV,TTATTATAATT
IBV,TTGTCACACA
IBV,AACAGCCACAA
IBV,ACAAGGTCA
IBV,ACTACAAAC
IBV,ACTCAACACAA
IBV,ACTTAATAT
IBV,ACTTAATAT
IBV,AGAAGATTT
IBV,ATAATAATA
IBV,CAATATGTT
IBV,CACAAACTGCT
IBV,CTAGCATTA
IBV,CTGTTGTAA
IBV,CTTCAAGGT
IBV,GTAAAGGTG
IBV,GTAACTGAC
IBV,GTGTATAAA
IBV,GTGTTAATA
IBV,TAATAAGAA
IBV,TAATATTACT
IBV,TAATATTACT
IBV,TATTACTAA
IBV,TCTTCTATA
IBV,TGACCTTGT
IBV,TGGAGTGTA
IBV,TGTACTCAT
IBV,TTATTATAATT
IBV,TTATTTACA
IBV,TTGTAAATA
IBV,TTGTTTGCA
IBV,TTTACTACT
IBV,TATTATAAT
IBV,TCAGTTTCA
IBV,TTATTATAATT
IBV,CAATATGTT
IBV,GTGTTAACAC
IBV,ATAAATTTAT
IBV,GGCAGCTGCC
IBV,TATAGCTATA
IBV,TGCTATAGCA
IBV,ACTTCTAGTTT
IBV,TTAGTAATAAA
IBV,AAACCATTA
IBV,AACAAAACT
IBV,AAGGCCATT
IBV,ACTGTTGGT
IBV,ATAATAATA
IBV,CAATATGTT
IBV,CATTTTGTG
IBV,CTAGCATTA
IBV,CTGTTGTAA
IBV,GCTGGTTTA
IBV,GGTTTTATT
IBV,GTAAAGGTG
IBV,GTATCTAAA
IBV,GTGTTAATA
IBV,GTTAATAAG
IBV,TAACAGGCA
IBV,TAATAAGGC
IBV,TAATATTACT
IBV,TAATATTACT
IBV,TATAATTTA
IBV,TATTACTAA
IBV,TCTTGCTTA
IBV,TGAATATAA
IBV,TGGAGTGTA
IBV,TGGTGGTGTTA
IBV,TGTACTCAT
IBV,TTAATAAGG
IBV,TTAATACTA
IBV,TTATTAACA
IBV,TTATTATAATT
IBV,TTATTTACA
IBV,TTGTAAATA
IBV,TTTTGAGTG
IBV,AATGAAAAAT
IBV,GTAATAATTA
IBV,GTGTGCACTA
IBV,GTGTTAATACTA
IBV,TTATTATAATT
IBV,TTGTCACACA
IBV,ACTGGCATGCT
IBV,TTATTATAATT
IBV,AATAATTATA
IBV,AATACTAGTATT
IBV,AGGTGGTTGT
IBV,CTGTTTCATTA
IBV,GTTATTATAA
IBV,TAATACAGGTGGT
IBV,TAGTTAATGT
IBV,AAGATGTTAA
IBV,AAGGCCATT
IBV,ACAAGATGT
IBV,AGAAGATTT
IBV,ATGGCCTTA
IBV,ATTTTGTGGTA
IBV,CAAGATGTT
IBV,CATCCTAATATTAGGATG
IBV,CATGTACATG
IBV,CATTTTGTG
IBV,CGTATCTAAA
IBV,CTAGCATTA
IBV,GACAATATATTGTC
IBV,GACATAGTT
IBV,GCCTACTCT
IBV,GCTATACCATT
IBV,GGTTTTATTA
IBV,GTAAAGGTG
IBV,GTGTGCACTA
IBV,GTTAATACTA
IBV,TAACAGTTA
IBV,TAATAAGGC
IBV,TAATAATTA
IBV,TAATATTACT
IBV,TAATATTAG
IBV,TACTAATAA
IBV,TATAATTTA
IBV,TATTACTAA
IBV,TCTTACCAC
IBV,TCTTATAAT
IBV,TGGTCAAAGT
IBV,TGTTAACAAC
IBV,TTAAATCTTT
IBV,TTATTATAATT
IBV,TTCCATTAG
IBV,TTGTTAACAA
IBV,TTTAATATT
IBV,TTTGTGGTA
IBV,TTTTATTAAC
IBV,TTTTATTAA
IBV,AATTATAATT
IBV,AATTATAATT
IBV,ACTAATATTAGT
IBV,ATAATTATAATT
IBV,ACTGGCATGCT
IBV,TTATTATAATT
IBV,ACTGGCATGCT
IBV,ACTGGTTCTCA
IBV,AGTTATAACT
IBV,TATAACTGGC
IBV,TTATAATAAT
IBV,TTATTAATAGT
IBV,TTATTATAATT
IBV,TTCATATGAA
IBV,GTGTTAACAC
IBV,TTAGTTAAA
IBV,CATAGCTATG
IBV,GCCCTAGGGC
IBV,GTGTGCACTA
IBV,TTATTATAATT
IBV,TTGTCACACA
IBV,AATAATTATA
IBV,AATACTAGTATT
IBV,AGGTGGTTGT
IBV,CTGTTTCATTA
IBV,GTTATTATAA
IBV,TAATACAGGTGGT
IBV,TAGTTAATGT
IBV,ACCAGACAC
IBV,CATAGCTATG
IBV,CATTTTGTG
IBV,GCACAAAAT
IBV,GCCTACTCT
IBV,GTATCTAAA
IBV,GTGTGCACTA
IBV,GTTAATACTA
IBV,GTTAATACT
IBV,TATAATTTA
IBV,TGCGTTAATA
IBV,TTATCTAAA
IBV,TTATTATAATT
IBV,ACTTCTAGTTT
IBV,TTAGTAATAAA
IBV,ACTTCTAGTTT
IBV,TTAGTAATAAA
IBV,TATTGATAGTG
IBV,AATAATTATA
IBV,AATACTAGTATT
IBV,AGGTGGTTGT
IBV,CTGTTTCATTA
IBV,GTTATTATAA
IBV,TAATACAGGTGGT
IBV,TAGTTAATGT
IBV,AATAATTATA
IBV,AATACTAGTATT
IBV,AGGTGGTTGT
IBV,CTGTTTCATTA
IBV,GTTATTATAA
IBV,TAATACAGGTGGT
IBV,TAGTTAATGT
IBV,TGATAATAAT
IBV,CATAGCTATG
IBV,GTGTGCACTA
IBV,GTTAATACTA
IBV,TGCGTTAATA
IBV,TTATTATAATT
IBV,CATAGCTATG
IBV,CCATAGATG
IBV,GTATCTAAA
IBV,GTTAATACTA
IBV,TATAATTTA
IBV,TATTATAGT
IBV,TCAGTCACA
IBV,TCCAATTGGA
IBV,TGGTTCTCA
IBV,TGTTAATGGT
IBV,ACTCAACACA
IBV,AGTGAGTTTA
IBV,GTGTTAACAC
IBV,TAACACATTG
IBV,ACTGTTGGT
IBV,CATAGCTATG
IBV,CCATAGATG
IBV,GCCTACTCT
IBV,GTATCTAAA
IBV,GTGTGCACTA
IBV,GTTAATACTA
IBV,TATAATTTA
IBV,TCACTAATG
IBV,TGGTTCTCA
IBV,TTATTATAATT
IBV,TTGTATACAA
IBV,TTGTCACACA
IBV,AACAAAATA
IBV,AATAATTATA
IBV,AATACTAGTATT
IBV,AGGTGGTTGT
IBV,CTGTTTCATTA
IBV,GTTATTATAA
IBV,TAATACAGGTGGT
IBV,TAGTTAATGT
IBV,ACACTGTAA
IBV,AACAACAAC
IBV,AACAATTGTT
IBV,AATTTTTAT
IBV,ACAACAACAA
IBV,AGAAGATTT
IBV,AGCAGATGCT
IBV,AGCTGCAGCT
IBV,ATCTTGTCAA
IBV,ATTTTTCATT
IBV,CAATATGTT
IBV,CACTTAATA
IBV,CATCTTGAA
IBV,CATTAAATG
IBV,CTAAATTTAG
IBV,CTCATCATC
IBV,CTCGTGCTT
IBV,GAATATGGC
IBV,GATAATAAT
IBV,GATGTTATT
IBV,GGTGCATTT
IBV,GTAGTTAAT
IBV,GTGGTTTTGTT
IBV,GTGTATTAT
IBV,GTTATTATAA
IBV,GTTCAGTTA
IBV,TACTAATAG
IBV,TACTTCTAA
IBV,TATATTTAA
IBV,TATGTACTCAT
IBV,TATTATAAT
IBV,TCTTACCAC
IBV,TGATAATAAT
IBV,TGGCTAGCCA
IBV,TGTCACAGA
IBV,TTAGCAGATG
IBV,TTCTGAGTGG
IBV,TTGTTTGCA
IBV,GTGTTAACAC
IBV,TTAGTTAAA
IBV,AACCAAATA
IBV,AACCAGCTGGTT
IBV,CAATATGTT
IBV,ACTGTTGGT
IBV,GCCTACTCT
IBV,GTATCTAAA
IBV,TATAATTTA
IBV,TCTTGCTTA
IBV,TTATCTAAA
IBV,TTATTATAATT
IBV,AAACTGGTT
IBV,AAGTAATTAT
IBV,AATATAATA
IBV,ACACATTGT
IBV,ACCATTTTG
IBV,AGCAGATGCT
IBV,AGGTGGTTGT
IBV,AGGTTTTAT
IBV,AGTTATGAG
IBV,ATAATAATG
IBV,ATCTGTTGG
IBV,CACAAACAG
IBV,CACTTAATA
IBV,CAGTAAGAAT
IBV,CATCCTAATATTAGGATG
IBV,CCAAAATTTTTAT
IBV,CTAGCATTA
IBV,CTCGTGCTT
IBV,GAATATGGC
IBV,GCAACACAA
IBV,GCAATTTTT
IBV,GTATACAAA
IBV,GTATGTCAT
IBV,GTGATGACA
IBV,GTTATTATAA
IBV,GTTTCATTA
IBV,TAATACAGGTGGT
IBV,TAATATCTCT
IBV,TACAAACTG
IBV,TACTGCAGTA
IBV,TAGTAATGA
IBV,TAGTTAATGT
IBV,TATATTTAAA
IBV,TCTTGTCAA
IBV,TGAATATAAT
IBV,TGGATCTTA
IBV,TGGCAACTC
IBV,TGGCTAGCCA
IBV,TTATCAAAA
IBV,TTGTATAAAA
IBV,TTGTTAACAA
IBV,TTTTGTGGTA
IBV,TTTTTATAA
IBV,AATAATTATA
IBV,AATACTAGTATT
IBV,ACACATTGT
IBV,AGGTGGTTGT
IBV,ATTGCTTAC
IBV,GACATCTTC
IBV,GTTATTATAA
IBV,GTTTCTAGT
IBV,TAATACAGGTGGT
IBV,TACAAACTG
IBV,TAGTTAATGT
IBV,TATTATAAT
IBV,CATAGCTATG
IBV,GTGTGCACTA
IBV,GTTAATACTA
IBV,TTATTATAATT
IBV,TTTGTTTGAT
IBV,TATGCAAGA
IBV,ACAAAACTAC
IBV,ACTGTAATTT
IBV,CATAGCTATG
IBV,CGTATCTAAA
IBV,GTTAATACTA
IBV,TTATTATAATT
IBV,ACACTGTAA
IBV,ACACTGTAA
IBV,ACTCAACACA
IBV,AGTTATAACT
IBV,ATTATAATAA
IBV,TATAATAAT
IBV,TATAATAAT
IBV,TATTATAATA
IBV,TTACAGTGT
IBV,TTACAGTGT
IBV,TTATAATAAT
IBV,AAAGGTGTCTAT
IBV,ATTATGAAA
IBV,CAAGAGGCT
IBV,CGTATCTAA
IBV,GCCTACTCT
IBV,TATTATAAT
IBV,TTATCTAAA
IBV,TTATTATAATT
IBV,AAACTTACCA
IBV,AATCTACCAG
IBV,AATTGCCACAA
IBV,ACCCAGTCA
IBV,ACTGGCATGCT
IBV,AGGTTTTAT
IBV,AGTTATAACT
IBV,ATCAAAATCA
IBV,ATCTGTTGG
IBV,ATTCACTTT
IBV,CAATTTCACT
IBV,CACTTAATA
IBV,CACTTTCAGT
IBV,CCAGTTATAA
IBV,CCATTAGGT
IBV,CCTGCAGTA
IBV,CTGTTGGTA
IBV,CTTACTCAT
IBV,GCAATTTTT
IBV,GCAATTTTT
IBV,GCCTGCAGT
IBV,GGCAATTTT
IBV,GTAAAGGTG
IBV,GTATACAAA
IBV,TAACAGTTA
IBV,TAAGTTTTG
IBV,TATAACTGGC
IBV,TATTATAAT
IBV,TCAACACAA
IBV,TCTGGAGTG
IBV,TGCATACTG
IBV,TGCCAGTAT
IBV,TGGCCAGTT
IBV,TGTTGGTAA
IBV,TTACTAAGA
IBV,TTATAAACA
IBV,TTATAATAAT
IBV,TTATTATAATT
IBV,TTCTGAGTAG
IBV,TTGTATAAAA
IBV,TTTGCTTGT
IBV,TTATTATAATT
IBV,ATTATAAAT
IBV,GTAAATTTAC
IBV,ACACTGTAA
IBV,GTGTTAACAC
IBV,TTAGTTAAA
IBV,ACTGGCATGCT
IBV,ACTACTTTG
IBV,ATAATTATAA
IBV,CAGGTCTAA
IBV,GTTATTATAATT
IBV,GTTTAGATC
IBV,TAATAACCA
IBV,TAATTATACT
IBV,TATAATTATA
IBV,TATATTATA
IBV,TATTATAATT
IBV,TGACACTAGTGTCA
IBV,ACTGTTGGT
IBV,CCATAGATG
IBV,GCCTACTCT
IBV,GTATCTAAA
IBV,TATAATTTA
IBV,TCACTAATG
IBV,TGGTTCTCA
IBV,TTATTATAATT
IBV,ACTTCTAGTTT
IBV,TTAGTAATAAA
IBV,ACAAAACTACT
IBV,CAGTGCACTG
IBV,CATAGCTATG
IBV,GTGTGCACTA
IBV,TTATAATAAT
IBV,TTATTATAATT
IBV,ACTGGCATGCT
IBV,ATTCACTTT
IBV,GCCAGCTTT
IBV,TATTATAAT
IBV,TCAACACAA
IBV,TGCCAGTAT
IBV,TTATAAACA
IBV,TTATTATAATT
IBV,ACACTGTAA
IBV,ACCAGCTTT
IBV,AATACTAGTATT
IBV,ACTAATATTAGT
IBV,GTGTTAACAC
IBV,TTAGTTAAA
IBV,AAACCATTA
IBV,AATAATAAT
IBV,AATTATAATAA
IBV,ACTTAATAT
IBV,ACTTAATAT
IBV,ATAATAATA
IBV,ATAATAATA
IBV,ATTGAAAGT
IBV,CAATATGTT
IBV,CATTTTGTG
IBV,CTAGCATTA
IBV,CTGTTGTAA
IBV,GCCTACTCT
IBV,GCTGGTTTA
IBV,GGTTTTATT
IBV,GTAAAGGTG
IBV,GTATCTAAA
IBV,GTGTTAATA
IBV,TAACAGGCA
IBV,TAATATTACT
IBV,TAATATTACT
IBV,TATAATTTA
IBV,TATTACTAA
IBV,TCTTGCTTA
IBV,TGGAGTGTA
IBV,TGTACTCAT
IBV,TTAATACTA
IBV,TTATCTAAA
IBV,TTATTATAATT
IBV,TTATTTACA
IBV,TTGTAAATA
IBV,AAACTATTA
IBV,AATTATAAT
IBV,ATTAATAAT
IBV,ATTATAATT
IBV,GTAAAGGTG
IBV,TAATTCACCAA
IBV,TACTAAAGA
IBV,TTAATAATA
IBV,TTAATTTGA
IBV,TTAGTTAAA
IBV,TTATTATAATT
IBV,ACACTGTAA
IBV,ACCAGAAACTA
IBV,ACTGGTTCTCA
IBV,AGGTTTTAT
IBV,AGTGATTTT
IBV,ATAGTGTTT
IBV,ATCTACCAG
IBV,ATCTGTTGG
IBV,ATTAAAATC
IBV,ATTTTAATG
IBV,CACTTAATA
IBV,CTAGCATTA
IBV,GCAATTTTT
IBV,GTCTATTAG
IBV,TAACAGTTA
IBV,TAGTATTAATACTA
IBV,TATTATAAT
IBV,TCAACACAA
IBV,TGCCAGTAT
IBV,TGGATCTTATC
IBV,TGTAAATAA
IBV,TGTATTGTT
IBV,TGTTGGTAA
IBV,TTATAAACA
IBV,TTATAATAA
IBV,TTATTATAATT
IBV,TTATTTACA
IBV,TTTCTGAGT
IBV,AAACTGGTT
IBV,AATAATTAT
IBV,ACACATTGT
IBV,ATGTTAGTG
IBV,CATTTAAGT
IBV,CCAAAGCTTTGG
IBV,CCATTAAAG
IBV,TAAATAATT
IBV,TATTATAAT
IBV,TCAACACAA
IBV,TGACACTAT
IBV,TTATTATAATT
IBV,AAATTATAATA
IBV,AAGGCCATT
IBV,AATAATTAT
IBV,AATATAATAA
IBV,AATTACATG
IBV,AATTTTGTAGT
IBV,ACCATTTTG
IBV,ACCCTGCAT
IBV,ACTCATCATC
IBV,AGAAGATTT
IBV,AGGTGGTGTT
IBV,ATAATATTAT
IBV,CAAAATTGT
IBV,CAAAATTTTG
IBV,CAATATGTT
IBV,CTACTAATT
IBV,CTAGCATTA
IBV,CTATACCATT
IBV,CTTCAAGGT
IBV,GAATATAAT
IBV,GCACTATTG
IBV,GGTACTGTG
IBV,GGTTTTATT
IBV,GTATACAAA
IBV,GTGTATAAA
IBV,GTGTGCACTA
IBV,GTGTTAATA
IBV,TAACAGGCA
IBV,TAACAGTTA
IBV,TAATAAGAA
IBV,TAATAATTA
IBV,TAATATTACT
IBV,TAATATTAT
IBV,TAATTCTAG
IBV,TATAATCAA
IBV,TATTATAAT
IBV,TCAACACAA
IBV,TGAATATAA
IBV,TTACTGAAAA
IBV,TTATAATTTA
IBV,TTATTAACA
IBV,TTATTATAATT
IBV,TTATTTACA
IBV,TTGTATACAA
IBV,TTTCAGTAA
IBV,ACTGTTGGT
IBV,CATAGCTATG
IBV,GCCTACTCT
IBV,GCCTATAGGC
IBV,GTATCTAAA
IBV,GTGTGCACTA
IBV,GTTAATACTA
IBV,GTTAATACT
IBV,TAATAATTA
IBV,TATAATTTA
IBV,TTATTATAATT
IBV,AAACCATTA
IBV,ACTGTTGGT
IBV,GTATCTAAA
IBV,TCTTGCTTA
IBV,TTAATACTA
IBV,TTATCTAAA
IBV,TTATTATAATT
IBV,AAAAATACC
IBV,AAGAACTGG
IBV,AAGAGCCAT
IBV,ACAAACTGC
IBV,ACCAGTTATAA
IBV,AGAGCCATGGCTCT
IBV,AGCTGTTAGTG
IBV,AGTAAAAAC
IBV,AGTGTACAG
IBV,ATGGCCTTA
IBV,CACGCAAAA
IBV,CTACCAAAG
IBV,CTAGCATTA
IBV,GGTTACATT
IBV,GTAAAGGTG
IBV,TAATAAGAA
IBV,TACTACCAA
IBV,TGAATCTGT
IBV,TGTATAAAA
IBV,TTAACTCAC
IBV,TTAAGGAAA
IBV,TTATTATAATT
IBV,TTTACTACT
IBV,TTTTATATG
IBV,AGTGACTTA
IBV,TAGATTTAA
IBV,AAACCATTA
IBV,AACAAAACT
IBV,AAGATCTTT
IBV,AATCTTTTC
IBV,ACCATTTTG
IBV,ACTTAATAT
IBV,ACTTAATAT
IBV,AGAGTGATG
IBV,AGTTTTAAT
IBV,ATAATAATA
IBV,ATGAAAGAA
IBV,ATTTTGTGGTA
IBV,CAAAATTCT
IBV,CATTTTGTG
IBV,CCATAGATG
IBV,CTAGCATTA
IBV,GAATATAAT
IBV,GCCTACTCT
IBV,GGTTTTATT
IBV,GTAAAGGTG
IBV,GTGTATAAG
IBV,GTTAATACT
IBV,TAATAAGGC
IBV,TAATAATTA
IBV,TATAATCAA
IBV,TATAATTTA
IBV,TCAAAATTC
IBV,TGAATATAA
IBV,TGTACTCAT
IBV,TTAATTATT
IBV,TTACTAAGA
IBV,TTATTATAATT
IBV,TTGTAAATA
IBV,TTTAGCAGA
IBV,TTTTATTTACA
IBV,GTGTGCACTA
IBV,GTTAATACTA
IBV,GTTTCATTAC
IBV,TTATTATAATT
IBV,TTGTCACACA
IBV,ATGAGAAAT
IBV,GGCATTTAC
IBV,GTATTATTA
IBV,TAAAATTATG
IBV,TAAAATTAT
IBV,TAATACTACT
IBV,TAGTAATTA
IBV,TCACTAGTGA
IBV,TGGTCTAAA
IBV,TTACTAGTAA
IBV,TTATAATAA
IBV,TTATTATAATT
IBV,TTTGTTTGA
IBV,AAACCATTA
IBV,AATGGTATGGC
IBV,ACTGTTGGT
IBV,ACTTAATAT
IBV,ACTTAATAT
IBV,ATAATAATA
IBV,ATTATTATA
IBV,CAATATGTT
IBV,CATTTTGTG
IBV,CTGTTGTAA
IBV,GCCTACTCT
IBV,GCTGGTTTA
IBV,GGTGGTGTTAATA
IBV,GGTTTTATT
IBV,GTAAAGGTG
IBV,GTGTTAATA
IBV,TAATATTACT
IBV,TAATATTACT
IBV,TATTACTAA
IBV,TGACCTTGT
IBV,TGGACCTGT
IBV,TGGAGTGTA
IBV,TGTACTCAT
IBV,TGTTTCATT
IBV,TTAATACTA
IBV,TTATTAACA
IBV,TTATTATAATT
IBV,TTATTTACA
IBV,TTGTAAATA
IBV,TTTCAACAA
IBV,CATAGCTATG
IBV,GCCTACTCT
IBV,GTATCTAAA
IBV,GTGTGCACTA
IBV,GTGTGCACT
IBV,GTTAATACTA
IBV,GTTAATACT
IBV,TATAATTTA
IBV,TGCGTTAATA
IBV,TTATCTAAA
IBV,TTATTATAATT
IBV,ACAAAACTAC
IBV,CATAGCTATG
IBV,CCATAGATG
IBV,CCTTTACAT
IBV,CGTATCTAAA
IBV,GCCTACTCT
IBV,GTGTGCACTA
IBV,GTTAATACTA
IBV,TAATAATTA
IBV,TATAATTTA
IBV,TGGTCTAAA
IBV,TTATTATAATT
IBV,TTGTCACACA
IBV,ACTGGCATGCT
IBV,ACTGGTTCTCA
IBV,TTATTAATAGT
IBV,TTATTATAATT
IBV,TTGGTACTATT
IBV,ACTTCTAGTTT
IBV,TTAGTAATAAA
IBV,ACAAAACTACT
IBV,TTATTATAATT
IBV,GTGTTAACAC
IBV,AACACTACAC
IBV,AATTTCACT
IBV,ACAACAACA
IBV,ACAACTTGT
IBV,ACTGATTCC
IBV,ACTTAATATAAGT
IBV,AGCACCAGAT
IBV,AGCACCAGA
IBV,AGCTATAGCT
IBV,ATGGTTTGC
IBV,CAAAAAGAA
IBV,CACTTAATA
IBV,CCTGCAGTA
IBV,CCTGCAGTA
IBV,GATGAAGAT
IBV,GATTTAAATC
IBV,GCCTGCAGT
IBV,GCTATAAGTC
IBV,GTAAAGGTG
IBV,GTGTATAAG
IBV,TAATAATGGC
IBV,TACACCATT
IBV,TAGTGTTAACACTA
IBV,TATTATAAT
IBV,TCAGGTATGA
IBV,TCTAATATA
IBV,TGCATATGCA
IBV,TTACTAAGA
IBV,TTGTATAAAA
IBV,TTTCAACAA
IBV,TTTCTGAGT
IBV,TTTTATAAT
IBV,TTTTCAAATG
IBV,TTTTGTGGTA
IBV,ACCAGAAAC
IBV,GCCTACTCT
IBV,TAAAATTAT
IBV,TCAACACAA
IBV,TGCCAGTAT
IBV,TGGTCTAAA
IBV,TTATTATAATT
IBV,ACTGTTGGT
IBV,GCCTACTCT
IBV,GTATCTAAA
IBV,GTTAATACT
IBV,TATAATTTA
IBV,TTATCTAAA
IBV,TTATTATAATT
IBV,AAATTATAATA
IBV,ATAATATTAT
IBV,GTGTGCACTA
IBV,GTTAATACTA
IBV,TGCTGGTTTA
IBV,TTATAATTTA
IBV,TTATTATAATT
IBV,TGCAGACGC
IBV,TAGACCATT
IBV,TTATTATAATT
IBV,ACTTCTAGTTT
IBV,TTAGTAATAAA
IBV,TTATTATAATT
IBV,AAATTATAATA
IBV,AATAATTATG
IBV,AATTACATG
IBV,AATTTTGTAGT
IBV,ACCCTGCAT
IBV,ATAATATTAT
IBV,CAAAATTGT
IBV,CAAAATTTTG
IBV,CTACTAATT
IBV,GTGTGCACTA
IBV,TAATAATTA
IBV,TAATATTAT
IBV,TATAATCAA
IBV,TATTATAAT
IBV,TCAACACAA
IBV,TTATAATTTA
IBV,TTATTATAATT
IBV,AAACTATTA
IBV,AAGATCTTT
IBV,AATTATAAT
IBV,AATTTCACC
IBV,ACAAAAGTG
IBV,ACTTAATAT
IBV,AGAACATGT
IBV,AGCCTATGG
IBV,AGTTAAAGA
IBV,ATAATAATA
IBV,ATGAAAAAC
IBV,ATTAACATA
IBV,ATTAATAAT
IBV,ATTATAATT
IBV,CAATATGTT
IBV,CACTTAATA
IBV,CTAGCATTA
IBV,GAATATAAT
IBV,GGTTTTATT
IBV,GTAAAGGTG
IBV,GTGTTAACA
IBV,TAATTCACCAA
IBV,TACTAAAGA
IBV,TCTGAGTAG
IBV,TGAATATAA
IBV,TGAATTACA
IBV,TGGTTTAGT
IBV,TGTTAATGA
IBV,TTAATAATA
IBV,TTAATTTGA
IBV,TTAGTTAAA
IBV,TTATTATAATT
IBV,TTGGCATAT
IBV,TTGTTTGCA
IBV,TTTAGCAGA
IBV,TTTTATTTACA
IBV,AAAACTACT
IBV,AAACCATTA
IBV,AAGATCTTT
IBV,AAGTGTTGA
IBV,AATCTTTTC
IBV,ACCATTTTG
IBV,ACCGCCAAA
IBV,ACTTAATAT
IBV,AGAGTGATG
IBV,ATAGTGTTT
IBV,ATGAAAGAA
IBV,ATTACTAAT
IBV,ATTTTGTGGTA
IBV,CATTTTGTG
IBV,CCATAGATG
IBV,CTAGCATTA
IBV,GACAATTCA
IBV,GATAATAAT
IBV,GCCTACTCT
IBV,GGTTTTATT
IBV,GTAAAGGTG
IBV,GTGTTAACA
IBV,TAATAAGGC
IBV,TAATAATTA
IBV,TATAATTTA
IBV,TATGCAGTA
IBV,TCAATACAA
IBV,TGCATACTG
IBV,TGTACTCAT
IBV,TTAATACTA
IBV,TTACTAAGA
IBV,TTACTAATA
IBV,TTATTATAATT
IBV,TTGTAAATA
IBV,TTTAATACT
IBV,TTTAGCAGA
IBV,TTTTATTTACA
IBV,TTTTTAGTG
IBV,TTATTATAATT
IBV,TTATTATAATT
IBV,TTATTATAATT
IBV,ATAGTATTA
IBV,GCCTACTCT
IBV,GTTAATACTATT
IBV,GTTAATACT
IBV,TATAATTTA
IBV,TTATCTAAA
IBV,TTATTATAA
IBV,TTTGATTAT
IBV,AAACTTACCA
IBV,AATCTACCAG
IBV,AATTGCCACAA
IBV,ACCCAGTCA
IBV,ACTGGCATGCT
IBV,AGGTTTTAT
IBV,AGTTATAACT
IBV,ATCAAAATCA
IBV,ATCTGTTGG
IBV,ATTCACTTT
IBV,CAATTTCACT
IBV,CACTTAATA
IBV,CACTTTCAGT
IBV,CCAGTTATAA
IBV,CCATTAGGT
IBV,CCTGCAGTA
IBV,CTGTTGGTA
IBV,CTTACTCAT
IBV,GCAATTTTT
IBV,GCAATTTTT
IBV,GCCTGCAGT
IBV,GGCAATTTT
IBV,GTAAAGGTG
IBV,GTATACAAA
IBV,TAACAGTTA
IBV,TAAGTTTTG
IBV,TATAACTGGC
IBV,TATTATAAT
IBV,TCAACACAA
IBV,TCTGGAGTG
IBV,TGCATACTG
IBV,TGCCAGTAT
IBV,TGTCAAGTA
IBV,TGTTGGTAA
IBV,TTACTAAGA
IBV,TTATAAACA
IBV,TTATAATAAT
IBV,TTATTATAATT
IBV,TTCTGAGTAG
IBV,TTGTATAAAA
IBV,TTTGCTTGT
IBV,TTTTGTATG
IBV,TAGACCATT
IBV,AATGAAAAAT
IBV,ACTGTTGGT
IBV,AGGTTTTAT
IBV,CATAGCTATG
IBV,GCCTACTCT
IBV,GTATCTAAA
IBV,GTGTGCACTA
IBV,TATAATTTA
IBV,TCTTGCTTA
IBV,TTAATACTA
IBV,TTATTATAATT
IBV,TTGTCACACA
IBV,TTTCATTTCT
IBV,AACACCACC
IBV,GTGTTAACAC
IBV,GTTTATAAAC
IBV,TTATTATAATT
IBV,AACTTACCA
IBV,AATTGCCACAA
IBV,ACTGGCATGCT
IBV,ACTGGTTCTCA
IBV,AGGTTTTAT
IBV,ATCTGTTGG
IBV,CACAAACAG
IBV,CACTTAATA
IBV,CATTAAAATCA
IBV,CTAGCATTA
IBV,GCAATTTTT
IBV,GCAATTTTT
IBV,GGTACTATT
IBV,GTAAAGGTG
IBV,GTATACAAA
IBV,TAACAGTTA
IBV,TAAGTTTTG
IBV,TATTATAAT
IBV,TGCCAGTAT
IBV,TGTTGGTAA
IBV,TTACTAAGA
IBV,TTATAATAA
IBV,TTATTAATAGT
IBV,TTATTATAATT
IBV,TTGGTACTATT
IBV,TTTCTGAGTAG
IBV,TTTGCTTGT
IBV,TTTGTTGTA
IBV,TTTTATTAA
IBV,AAACCATTA
IBV,AACAAAACT
IBV,ACTGTTGGT
IBV,ACTTAATAT
IBV,ACTTAATAT
IBV,ATAATAATA
IBV,CAATATGTT
IBV,CATTTTGTG
IBV,CTAGCATTA
IBV,CTGTTGTAA
IBV,GCCTACTCT
IBV,GCTGGTTTA
IBV,GGTTTTATT
IBV,GTAAAGGTG
IBV,GTATCTAAA
IBV,GTGTTAATA
IBV,TAATATTACT
IBV,TAATATTACT
IBV,TATAATTTA
IBV,TATTACTAA
IBV,TCTTGCTTA
IBV,TGGAGTGTA
IBV,TGTACTCAT
IBV,TTAATACTA
IBV,TTATTAACA
IBV,TTATTTACA
IBV,TTGTAAATA
IBV,TTATTATAATT
IBV,ACTCAACACAA
IBV,TTATAATAAT
IBV,TTATAATAAT
IBV,TTATTATAATT
IBV,AAATTATAATA
IBV,AATTACATG
IBV,AATTTTGTAGT
IBV,ACCCTGCAT
IBV,ATAATATTAT
IBV,ATGGCACCT
IBV,CAAAATTTTG
IBV,CATAGCTATG
IBV,GTGTGCACTA
IBV,TAATATTAT
IBV,TATAATCAA
IBV,TATTATAAT
IBV,TCAACACAA
IBV,TTATAATTTA
IBV,TTATTATAATT
IBV,AAATTATAATA
IBV,ACTTCTAGTTT
IBV,ATAATATTAT
IBV,GTGTGCACTA
IBV,TATAATTATA
IBV,TTAGTAATAAA
IBV,TTATAATTTA
IBV,ACCAAAGTGC
IBV,CATAGCTATG
IBV,GCCCTAGGGC
IBV,GTGTGCACTA
IBV,GTTAATACTA
IBV,TAACTTAACA
IBV,TTATTATAATT
IBV,TTGTCACACA
IBV,GCGGGCAGC
IBV,GGCAGCTGCC
IBV,ACTCAACACAA
IBV,TTATTATAATT
IBV,CACTATAAT
IBV,TAGACCATT
IBV,AAGCAGTGT
IBV,AATAATTAT
IBV,AATTTAACA
IBV,ACCATTTTG
IBV,ACTGTTGGT
IBV,AGAAGATTT
IBV,AGTTATAACT
IBV,AGTTTTAATT
IBV,ATTTTGTGGTA
IBV,CAAAATTTTG
IBV,CAATAGTGG
IBV,CAATATGTT
IBV,CATAGCTATG
IBV,CATTTTGTG
IBV,CTAGCATTA
IBV,CTATACCATT
IBV,CTTCAAGGT
IBV,GGAATGATAC
IBV,GGTTTTATTAA
IBV,GTATACAAA
IBV,GTATTAACA
IBV,GTGTATAAA
IBV,GTGTGCACTA
IBV,TAACAGGCA
IBV,TAACAGTTA
IBV,TAATAAGAA
IBV,TAATATTACT
IBV,TACAACAAA
IBV,TACTAATAA
IBV,TAGTGAATT
IBV,TATAATTTA
IBV,TATTAACAAC
IBV,TATTACTAA
IBV,TCAACACAA
IBV,TCTTACCAC
IBV,TGTAAGTAA
IBV,TTAAATCTTT
IBV,TTAATTTTT
IBV,TTATAATCA
IBV,TTATTATAATT
IBV,TTATTGAAG
IBV,TTCACTAAT
IBV,TTGTATACAA
IBV,TTTGTGGTA
IBV,TTTTATAAAA
IBV,TTTTATTAAC
IBV,CATAGCTATG
IBV,CCTAAATTTAGG
IBV,GCCCTAGGGC
IBV,GTGTGCACTA
IBV,TAACTTAACA
IBV,TTAGTACTAA
IBV,TTATTATAATT
IBV,TTGTCACACA
IBV,AATGAAAAAT
IBV,GTGTGCACTA
IBV,GTTAATACTA
IBV,TGCGTTAATA
IBV,TTATTATAATT
IBV,TTTCATTTCT
IBV,CATAGCTATG
IBV,GCCCTAGGGC
IBV,GTTAATACTA
IBV,TAACTTAACA
IBV,TTATTATAATT
IBV,AACAAAACT
IBV,AATAATTAT
IBV,AATTTAACA
IBV,ACAAAACTACT
IBV,ACCATTTTG
IBV,ACTCATCATC
IBV,ACTTAATAT
IBV,AGAATCAATT
IBV,AGTTATAACT
IBV,ATAATAATA
IBV,ATAATATTAT
IBV,ATTATGAAA
IBV,ATTCACTTT
IBV,ATTTTGTGG
IBV,CAATATGTT
IBV,CAATTTCAC
IBV,CATTTTGTG
IBV,CTAGCATTA
IBV,CTATACCATT
IBV,CTTCAAGGT
IBV,GGTTTTATT
IBV,GTATACAAA
IBV,GTATCTAAA
IBV,GTGTATAAA
IBV,GTGTGCACTA
IBV,TAACAGTTA
IBV,TAATAAGAA
IBV,TAATAATTA
IBV,TAATATTACT
IBV,TAATATTAT
IBV,TACTAATAA
IBV,TACTGATGT
IBV,TATTACTAA
IBV,TATTATAAT
IBV,TCAACACAA
IBV,TGGCTAGCCA
IBV,TGTATAATT
IBV,TTAAATCTTT
IBV,TTAATTATT
IBV,TTATAATCAA
IBV,TTATAATCA
IBV,TTATTATAATT
IBV,TTATTTACA
IBV,TTGTATACAA
IBV,TTTGTGGTA
IBV,TTTTGTGGTA
IBV,ACTTCTAGTTT
IBV,TTAGTAATAAA
IBV,AAAGTATTAA
IBV,TACTTTCTA
IBV,TTATTATAATT
IBV,GCCTATAGGC
IBV,GTGTGCACTA
IBV,GTTAATACTA
IBV,TTATTATAATT
IBV,TTGTCACACA
IBV,GCTGCACTG
IBV,ACACTGTAA
IBV,TGTATGGGTC
IBV,AAAGGTGTCTAT
IBV,TTATTATAATT
IBV,ACTTTAAAGT
IBV,GATTTAAATC
IBV,CAGTGCACTG
IBV,CATAGCTATG
IBV,GTGTGCACTA
IBV,TTATTATAATT
IBV,TTGTCACACA
IBV,AATAATGCC
IBV,ACTTAATAT
IBV,ACTTAATAT
IBV,ATAATAATA
IBV,ATGGCACCT
IBV,CAATATGTT
IBV,CATTTTGTG
IBV,CTGTTGTAA
IBV,CTTCAAGGT
IBV,GCCTACTCT
IBV,GGTGGTGTT
IBV,GGTTTTATT
IBV,GTATCTAAA
IBV,GTGTTAATA
IBV,TAACAGGCA
IBV,TAATAAGAA
IBV,TAATATTACT
IBV,TAATATTACT
IBV,TATAATTTA
IBV,TATTACTAA
IBV,TGGAGTGTA
IBV,TGTACTCAT
IBV,TTAATTATT
IBV,TTATCTAAA
IBV,TTATTAACA
IBV,TTATTGAAA
IBV,TTATTTACA
IBV,TTGTAAATA
IBV,TTTAATTAT
IBV,ACTCAACACAA
IBV,TTATTATAATT
IBV,TTATTATAATT
IBV,CATAGCTATG
IBV,GCCCTAGGGC
IBV,GTGTGCACTA
IBV,GTTAATACTA
IBV,TTATTATAATT
IBV,TTGTCACACA
IBV,GCCCTAGGGC
IBV,GTGTGCACTA
IBV,GTTAATACTA
IBV,TTATTATAATT
IBV,TTGTCACACA
IBV,GTGTTAACAC
IBV,ACTTCTAGTTT
IBV,CATAGCTATG
IBV,GTGTGCACTA
IBV,TTATAATAAT
IBV,TTATTATAATT
IBV,TTGTCACACA
IBV,AATAATTATA
IBV,AATACTAGTATT
IBV,ACACATTGT
IBV,ACAGGTGGT
IBV,AGGTGGTTGT
IBV,CTGTTTCATTA
IBV,GACATCTTC
IBV,GTTATTATAA
IBV,GTTATTATA
IBV,TACAAACTG
IBV,TAGTTAATGT
IBV,TATTATAAT
IBV,GCCTACTCT
IBV,GTATCTAAA
IBV,TATAATTTA
IBV,TCTTGCTTA
IBV,TTAATACTA
IBV,TTATCTAAA
IBV,TTATTATAATT
IBV,AAACCATTA
IBV,AAGATCTTT
IBV,AATCTTTTC
IBV,ACCATTTTG
IBV,ACTTAATAT
IBV,ACTTAATAT
IBV,AGAGTGATG
IBV,AGTTTTAAT
IBV,ATAATAATA
IBV,ATGAAAGAA
IBV,ATTTTGTGGTA
IBV,CATTTTGTG
IBV,CCATAGATG
IBV,CTAGCATTA
IBV,GAATATAAT
IBV,GCCTACTCT
IBV,GGTTTTATT
IBV,GTAAAGGTG
IBV,GTGTATAAG
IBV,GTTAATACT
IBV,TAATAAGGC
IBV,TAATAATTA
IBV,TATAATCAA
IBV,TATAATTTA
IBV,TGAATATAA
IBV,TGTACTCAT
IBV,TTAATTATT
IBV,TTACTAAGA
IBV,TTATTATAATT
IBV,TTGTAAATA
IBV,TTTAGCAGA
IBV,TTTTATTTACA
IBV,ACCAGACAC
IBV,CATAGCTATG
IBV,GCCTACTCT
IBV,GTATCTAAA
IBV,GTGTGCACTA
IBV,GTTAATACTA
IBV,GTTAATACT
IBV,TATAATTTA
IBV,TGCGTTAATA
IBV,TTATCTAAA
IBV,TTATTATAATT
IBV,AAATTATAATA
IBV,AATAATTAT
IBV,ACAAAACTACT
IBV,ACTGTAACTT
IBV,AGTTATAACT
IBV,ATAATATTAT
IBV,ATTATGAAA
IBV,CAGTGCACTG
IBV,GTATCTAAA
IBV,GTGTGCACTA
IBV,TAATAATTA
IBV,TAATATTAT
IBV,TATTATAAT
IBV,TCAACACAA
IBV,TTAGTAATA
IBV,TTATAATCAA
IBV,TTATAATTTA
IBV,TTATTATAATT
IBV,AAATTTAAA
IBV,AACACTATT
IBV,AAGTGCTTC
IBV,AATATAATA
IBV,AATATAATA
IBV,AATATGTAC
IBV,ACTTAATAT
IBV,AGATATCTT
IBV,AGATATCTT
IBV,AGTGCTGCC
IBV,AGTTTTGTTAA
IBV,ATAAAATTA
IBV,ATAGATATCTT
IBV,CAATATGTT
IBV,CACAACAAC
IBV,CACAACAAC
IBV,CACTTAATA
IBV,CAGTTTTGT
IBV,CTAGCATTA
IBV,CTGTTGTAA
IBV,GAGTATAAG
IBV,GTGTTAACA
IBV,TATAATAAT
IBV,TATGTACTCAT
IBV,TGTTAACAA
IBV,TGTTAACAC
IBV,TTAATTCTA
IBV,TTGTAAATA
IBV,TTGTTAACA
IBV,TTTGGCTTA
IBV,TTTTACTAA
IBV,TTTTTATTA
IBV,TTATTATAATT
IBV,TATAATTTA
IBV,AATTTTGTA
IBV,ATTGTTTAT
IBV,GTCTAAAAC
IBV,TATTATAAT
IBV,TCAACACAA
IBV,TTATAATAA
IBV,TTATTATAATT
IBV,ACTCAACACAA
IBV,TTATTATAATT
IBV,ACTTCTAGTTT
IBV,TCTAAATTTAGA
IBV,AGTGTTATG
IBV,CATAGCTATG
IBV,GCCCTAGGGC
IBV,GCCTACTCT
IBV,GTATCTAAA
IBV,GTGTGCACTA
IBV,GTTAATACTA
IBV,TATAATTTA
IBV,TCTTGCTTA
IBV,TTATCTAAA
IBV,TTATTATAATT
IBV,TTGTCACACA
IBV,AGTAAAAAC
IBV,ACACATTGT
IBV,ACCATTTTG
IBV,AGTTATGAG
IBV,ATAGTGTTT
IBV,ATAGTGTTT
IBV,CAAGGTCTT
IBV,CACAAACAG
IBV,CACTTAATA
IBV,CCAAAATTTTTAT
IBV,CCTGCAGTA
IBV,CTAGCATTA
IBV,GACATCTTC
IBV,GCAACACAA
IBV,GCAATTTTT
IBV,GCCTGCAGT
IBV,GGTCTTATT
IBV,GGTCTTATT
IBV,GTAAAGGTG
IBV,GTATACAAA
IBV,GTCTATTAG
IBV,GTGATGACA
IBV,GTTATTATA
IBV,TAACATTAA
IBV,TAACATTAA
IBV,TAATACAGGTGGT
IBV,TACAAACTG
IBV,TAGTAATGA
IBV,TATTATAAT
IBV,TGGATCTTA
IBV,TTATTTACA
IBV,TTTAAAAGT
IBV,AACTGCTGATTA
IBV,ACTGGTTCTCA
IBV,GTGGTTTTGTT
IBV,ACAAACTGCT
IBV,ACTCAACACAA
IBV,CACATATGTG
IBV,TAATGAGACT
IBV,TTATAATAAT
IBV,TTATTATAATT
IBV,AAACCATTA
IBV,ACTGTTGGT
IBV,ACTTAATAT
IBV,ACTTAATAT
IBV,ATAATAATA
IBV,CAATATGTT
IBV,CATTTTGTG
IBV,CTAGCATTA
IBV,CTGTTGTAA
IBV,GCCTACTCT
IBV,GCTGGTTTA
IBV,GGTTTTATT
IBV,GTAAAGGTG
IBV,GTATCTAAA
IBV,GTGTTAATA
IBV,TAACAGGCA
IBV,TAATATTACT
IBV,TAATATTACT
IBV,TATAATTTA
IBV,TATATTATA
IBV,TATTACTAA
IBV,TCTTGCTTA
IBV,TGGAGTGTA
IBV,TGTACTCAT
IBV,TTAATACTA
IBV,TTATCTAAA
IBV,TTATTAACA
IBV,TTATTTACA
IBV,TTGTAAATA
IBV,ACAAGGTCA
IBV,ACCTAGTAG
IBV,ACTCAACACAA
IBV,ACTTAATGT
IBV,AGAACATGT
IBV,AGCTATGGC
IBV,AGGTGGTGT
IBV,ATATTAAGT
IBV,ATTTTGTGGTA
IBV,CAATATGTT
IBV,CTAGCATTA
IBV,CTGTTGTAA
IBV,CTTAGCAGA
IBV,GATAATGAT
IBV,GGCCTTATT
IBV,GTAAAGGTG
IBV,GTAGTAATG
IBV,GTCAAGGTA
IBV,GTGTATAAA
IBV,TAATATTAG
IBV,TACTAATAG
IBV,TCTAAGGTA
IBV,TCTTCTATA
IBV,TTAATTTGA
IBV,TTACTACTA
IBV,TTATTATAATT
IBV,TTGAACCTG
IBV,TTGTAAATA
IBV,TTGTTTGCA
IBV,TTTACTACT
IBV,TTTGAATGT
IBV,TTTTATATT
IBV,TTTTGTTAA
IBV,AAAACTTAAGTTTT
IBV,AATACTAGTATT
IBV,ACACATTGT
IBV,ACTGTTGGT
IBV,AGGTGGTTG
IBV,GACATCTTC
IBV,TAATACAGGTGGT
IBV,TACAAACTG
IBV,TATGCAGTA
IBV,TATTATAAT
IBV,ACTGGCATGCT
IBV,ATTCACTTT
IBV,TATTATAAT
IBV,TCAACACAA
IBV,TGCCAGTAT
IBV,TTATAAACA
IBV,TTATTATAATT
IBV,AAACTGCTG
IBV,AAACTGCTG
IBV,AAGAACTGG
IBV,AAGATCTTT
IBV,AATGTTTCG
IBV,ACATTACTAAGA
IBV,ACCAGTTATAA
IBV,ACCTAGTAG
IBV,AGAAGTACTTCT
IBV,AGAGAAGTA
IBV,AGAGTGATG
IBV,AGCTGGTTT
IBV,AGGTGGTGTTAA
IBV,AGTAAGAAT
IBV,ATCTGTTGG
IBV,ATGGCCTTA
IBV,ATGGCCTTA
IBV,ATTTTTCAA
IBV,CAATATGTT
IBV,CACGCAAAA
IBV,CACTTAATA
IBV,CAGTTTTAT
IBV,GCAATTTTT
IBV,GCAATTTTT
IBV,GTGTTAACA
IBV,GTGTTAACA
IBV,GTGTTAACA
IBV,TAGTGTTAACACTA
IBV,TATGGCAAG
IBV,TGAATCTGTTG
IBV,TGTATAAAA
IBV,TGTGTTAAC
IBV,TTATTATAATT
IBV,TTTACTACT
IBV,TTTCAACAA
IBV,TTTGATGAC
IBV,TTTTATTTACA
IBV,AAAAAGAAGAT
IBV,AACCAGCTGGTT
IBV,GAAGATCTTC
IBV,ACTTCTAGTTT
IBV,ACTGTAATTT
IBV,ATAGTATTA
IBV,CAGTGCACTG
IBV,CATAGCTATG
IBV,CCATAGATG
IBV,CGTATCTAAA
IBV,GAGGTGCTT
IBV,GCCTACTCT
IBV,GTGTGCACTA
IBV,GTTAATACTA
IBV,GTTAATACT
IBV,TAATAATTA
IBV,TATAATTTA
IBV,TTATTATAATT
IBV,ACTTCTAGTTT
IBV,TTAGTAATAAA
IBV,ACACATTGT
IBV,AAAGTATTAA
IBV,TACTTTCTA
IBV,TATAATTTA
IBV,AACAGATTCT
IBV,AACCATCTG
IBV,AATAAAAAT
IBV,AATCTGTTT
IBV,ACTGTTGGT
IBV,ACTTCTAGTTT
IBV,AGATGTAAG
IBV,AGCCATAGA
IBV,ATCAGGTATG
IBV,ATTACTAAT
IBV,ATTACTAAT
IBV,CACTTAATA
IBV,CATACTGCT
IBV,CTCTTCATC
IBV,GAAGATCTTC
IBV,GAATCTGTTG
IBV,GTGTATAAAC
IBV,TAACAACAT
IBV,TAATAATGGC
IBV,TACTTTTAAA
IBV,TATAATTATA
IBV,TATGGCAAG
IBV,TCATTACTA
IBV,TCATTATCT
IBV,TCTGTTGTAA
IBV,TGCATACTG
IBV,TGCTAGAGA
IBV,TGGTACTATT
IBV,TTAATCCCTG
IBV,TTAGTAATAAA
IBV,TTAGTAATA
IBV,TTGCATGTC
IBV,TTGTTATAA
IBV,TTTCTGAGT
IBV,TTTGTGGTA
IBV,TGCCAGTAT
IBV,ACTTCTAGTTT
IBV,TTAGTAATAAA
IBV,AAGTGGTTCA
IBV,AATTATAATT
IBV,AATTATAAT
IBV,ATTATAATT
IBV,CACCTTTACA
IBV,GAACACTGTA
IBV,GTGTTAACAC
IBV,TAATTCACCAA
IBV,TGTGTTTGAT
IBV,TTATAATAAT
IBV,TTATTATAATT
IBV,CATAGCTATG
IBV,GTATTTAAATAC
IBV,GTGTGCACTA
IBV,GTTAATACTA
IBV,TGCGTTAATA
IBV,TTATTATAATT
IBV,ACTGGCATGCT
IBV,TTATTATAATT
IBV,CATAGCTATG
IBV,GCCCTAGGGC
IBV,GTGTGCACTA
IBV,TAACTTAACA
IBV,TTATTATAATT
IBV,TTGTCACACA
IBV,ACTGTTGGT
IBV,GCCTACTCT
IBV,GTATCTAAA
IBV,TATAATTTA
IBV,TCTTGCTTA
IBV,TTATCTAAA
IBV,TTATTATAATT
IBV,AATTATAATT
IBV,ATTATAATTATAAT
IBV,GTATTAATAC
IBV,GTTTATAAAC
IBV,AAACCATTA
IBV,AATTGCCACAA
IBV,AATTTCACT
IBV,AATTTGTCA
IBV,ACCATTTTG
IBV,ACTGTTGGT
IBV,AGGTTTTAT
IBV,ATCTGTTGG
IBV,CAAGTGATT
IBV,CACTTAATA
IBV,CTAGCATTA
IBV,GACAATATG
IBV,GCAACACAA
IBV,GCAATTTTT
IBV,GCAATTTTT
IBV,GCCTACTCT
IBV,GTAAAGGTG
IBV,GTATCTAAA
IBV,TAACAGTTA
IBV,TAAGTTTTG
IBV,TAATAGTGG
IBV,TAATAGTGG
IBV,TAGTATTAA
IBV,TATAATTTA
IBV,TCTTACCAC
IBV,TCTTGCTTA
IBV,TGACAATTC
IBV,TTAATACTA
IBV,TTACTAAGA
IBV,TTATAATGG
IBV,TTATTATAATT
IBV,TTTCTGAGT
IBV,TTTGCTTGT
IBV,TTTGTTGTA
IBV,TGGCATGCT
IBV,TATGCAAGA
IBV,AAATTATAATA
IBV,CGCGAAAGTAGT
IBV,TTATTATAATT
IBV,TTGTTAATGGT
IBV,ACTTCTAGTTT
IBV,TTAGTAATAAA
IBV,AAATAATTT
IBV,ACATTATTT
IBV,AGCAGTGAA
IBV,TAAAATTAT
IBV,TGAAAAGAA
IBV,TGATTTAAATCA
IBV,TGTTGATTA
IBV,TTATAATAATT
IBV,TTTAATAAA
IBV,ACCAGAAAC
IBV,ACTTAATAT
IBV,ACTTAATAT
IBV,AGTTTTAATT
IBV,ATAATAATA
IBV,ATTACATCA
IBV,CAATATGTT
IBV,CATTTTGTG
IBV,CCATCCTAG
IBV,CTACTAATT
IBV,CTAGCATTA
IBV,CTAGCTTGT
IBV,CTATACCATT
IBV,GCCTACTCT
IBV,GCTGGTTTA
IBV,GCTGGTTTA
IBV,GGTGGTGTTAATA
IBV,GGTTTTATT
IBV,GTAAAGGTG
IBV,GTATCTAAA
IBV,GTGTGCACTA
IBV,GTGTTAATA
IBV,TAACAAAACT
IBV,TAATAAGAA
IBV,TAATAAGGC
IBV,TAATATTACT
IBV,TAATATTACT
IBV,TACTGATGT
IBV,TATAATTTA
IBV,TATTACTAA
IBV,TCTGTTGTAA
IBV,TCTTGCTTA
IBV,TGAAACAATTT
IBV,TGGAGTGTA
IBV,TGTACTCAT
IBV,TGTTAACAAC
IBV,TGTTTCAACA
IBV,TTAATACTA
IBV,TTAATTATT
IBV,TTATTATAATT
IBV,TTATTTACA
IBV,TTGTAAATA
IBV,TTGTCACACA
IBV,TTGTTAACAA
IBV,TTTTATATT
IBV,TTTTGTGGTA
IBV,TATAATTTA
IBV,AGTGTTAACAC
IBV,AAATATTAA
IBV,AAATGTAGT
IBV,AACACTTGT
IBV,AAGGCCATT
IBV,AATTATAAT
IBV,ACAAACTGC
IBV,ACAGATGAG
IBV,ACCGCCTGA
IBV,ACTCAACACAA
IBV,ACTTTTAAA
IBV,AGAAGATTT
IBV,ATTATAATT
IBV,CAATATGTT
IBV,CATTTAAAT
IBV,CTAGCATTA
IBV,GTCAAGGTA
IBV,GTGTATAAA
IBV,GTTTACTAC
IBV,TAACTCACC
IBV,TAAGTTACA
IBV,TAGTGTTAACACTA
IBV,TCAGAATGC
IBV,TCATTACTA
IBV,TCTGAGTAG
IBV,TCTTACCAC
IBV,TCTTCACAA
IBV,TCTTCTATA
IBV,TCTTTTGTT
IBV,TGGAATGGT
IBV,TTAACAAAA
IBV,TTAACTCAC
IBV,TTAATTTGA
IBV,TTATGAAAG
IBV,TTATTAATA
IBV,TTATTATAATT
IBV,TTGAACCTG
IBV,TTTAAAAGT
IBV,TTTACTACT
IBV,TTTTATATT
IBV,ACTGGCATGCT
IBV,ACTGGCATGCT
IBV,ACTGGTTCTCA
IBV,AGTTATAACT
IBV,TATAACTGGC
IBV,TTATAATAAT
IBV,TTATTAATAGT
IBV,TTATTATAATT
IBV,TTCATATGAA
IBV,GCCCTAGGGC
IBV,GTGTGCACTA
IBV,GTTAATACTA
IBV,TTATTATAATT
IBV,TTGACGTCAA
IBV,ACACATTGT
IBV,AATAATTATA
IBV,AATACTAGTATT
IBV,ACACATTGT
IBV,ACTGCTGGT
IBV,ACTGGTTCTCA
IBV,AGGTGGTTGT
IBV,AGTAAGAAT
IBV,GACATCTTC
IBV,GCCAATTCT
IBV,GTTATTATAA
IBV,GTTATTATA
IBV,TAATACAGGTGGT
IBV,TACAAACTGC
IBV,TAGTTAATGT
IBV,TATTATAAT
IBV,ACTGGCATGCT
IBV,ACTGGTTCTCA
IBV,TTATTATAATT
IBV,CATAGCTATG
IBV,GTGTGCACTA
IBV,GTTAATACTA
IBV,TGCGTTAATA
IBV,TTATTATAATT
IBV,TTGTCACACA
IBV,AAAGTAGTGTTAACACTACTTT
IBV,AAACTGGTTCT
IBV,CATAGCTATG
IBV,GTGTGCACTA
IBV,TAACTTAACA
IBV,TTATAATAAT
IBV,TTATTATAATT
IBV,TTGTCACACA
IBV,CGTTTACTACT
IBV,GTAGTGTTAACACTAC
IBV,AAACTTACCA
IBV,AAGTTTTGA
IBV,AATCTACCAG
IBV,AATTGCCACAA
IBV,ACCCAGTCA
IBV,ACTGGCATGCT
IBV,ACTTTCAGT
IBV,AGGTTTTAT
IBV,AGTTATAACT
IBV,ATCAAAATCA
IBV,ATCTGTTGG
IBV,ATTCACTTT
IBV,CAATTTCACT
IBV,CACTTAATA
IBV,CCAGTTATAA
IBV,CCATTAGGT
IBV,CCTGCAGTA
IBV,CTGTTGGTA
IBV,CTTACTCAT
IBV,GCAATTTTT
IBV,GCAATTTTT
IBV,GCCTGCAGT
IBV,GGCAATTTT
IBV,GTATACAAA
IBV,GTGTTGTTAA
IBV,TAACAGTTA
IBV,TAAGTTTTG
IBV,TATAACTGGC
IBV,TATTATAAT
IBV,TATTTCTAG
IBV,TCAACACAA
IBV,TGAAAGTTTT
IBV,TGCATACTG
IBV,TGCCAGTAT
IBV,TGTTGGTAA
IBV,TTAACAACA
IBV,TTACTAAGA
IBV,TTATAAACA
IBV,TTATAATAAT
IBV,TTATTATAATT
IBV,TTCTGAGTAG
IBV,TTGTATAAAA
IBV,TTTGCTTGT
IBV,ACTCAACACAA
IBV,TTATTATAATT
IBV,ACCAGAAAC
IBV,ATTATGAAA
IBV,ATTGCTGGTTTA
IBV,CAAGAGGCT
IBV,CGTATCTAA
IBV,CTACTAATT
IBV,GCCTACTCT
IBV,TATAATCAA
IBV,TATTATAAT
IBV,TGCAGTAGT
IBV,TTATTATAATT
IBV,CATAGCTATG
IBV,GTGTGCACTA
IBV,ACTCAACACAA
IBV,TCAGTTTCATTA
IBV,TTATTATAATT
IBV,AATCTGTTT
IBV,AATTTTGTA
IBV,ACTTCTAGTTT
IBV,TTAGTAATAAA
IBV,TTATAATAA
IBV,TTATACTCA
IBV,TTATTTAAA
IBV,TTCACTTCT
IBV,ACTCAACACAA
IBV,CAGTTTCATTA
IBV,TTATTATAATT
IBV,ACAAGGTCA
IBV,TGACCTTGT
IBV,TTATTATAATT
IBV,AACATCTGTG
IBV,ACAGATGTTT
IBV,AGAACCATAT
IBV,AGAACCATA
IBV,AGAGAACCAT
IBV,AGTTATAACT
IBV,CTTTAGACCA
IBV,GTATCTAAA
IBV,TAAAATTAT
IBV,TATAAAATT
IBV,TATTATAAT
IBV,TCAACACAA
IBV,TGGTCTAAA
IBV,TTATAAAAA
IBV,TTATAATAAT
IBV,TTATTATAATT
IBV,TGGCATGCT
IBV,AATGAAAAAT
IBV,CAGTGCACTG
IBV,GTGTGCACTA
IBV,GTTAATACTA
IBV,TGCGTTAATA
IBV,TTATTATAATT
IBV,TTTCATTTCT
IBV,ACTCAACACAA
IBV,TTATTATAATT
IBV,CATAGCTATG
IBV,GCCCTAGGGC
IBV,GCCTACTCT
IBV,GTATCTAAA
IBV,GTGTGCACTA
IBV,GTTAATACTA
IBV,TAATAAAAC
IBV,TAATAATTA
IBV,TCTTGCTTA
IBV,TTATCTAAA
IBV,TTATTATAATT
IBV,TTGTCACACA
IBV,AAAGTAGTGTTAACACTACTTT
IBV,AAACTTACCA
IBV,ACTGGCATGCT
IBV,AGGTTTTAT
IBV,AGTTATAACT
IBV,ATTCACTTT
IBV,CACTTTCAGT
IBV,GGCAATTTT
IBV,TATAACTGGC
IBV,TATTATAAT
IBV,TCAACACAA
IBV,TGCCAGTAT
IBV,TTATAATAAT
IBV,TTATTATAATT
IBV,ACTTCTAGTTT
IBV,GTATTTAAATAC
IBV,TTAGTAATAAA
IBV,TGCCAGTAT
IBV,AATACTAGTATT
IBV,AATTATAATAA
IBV,ACTGTAATTT
IBV,ACTGTTGGT
IBV,CATAGCTATG
IBV,GCCTACTCT
IBV,GTATCTAAA
IBV,GTGTGCACTA
IBV,GTTAATACTA
IBV,GTTAATACT
IBV,TATAATTTA
IBV,TTATCTAAA
IBV,TTATTATAATT
IBV,GTATTATTA
IBV,AACCATCTG
IBV,AATTCTTCT
IBV,ACTTAATAT
IBV,ACTTAATAT
IBV,ACTTCTAGTTT
IBV,AGCAACTTGTT
IBV,ATAAACCAT
IBV,CAATATGTT
IBV,CACCTGCTG
IBV,CATTTTGTG
IBV,CTAGATGTAAG
IBV,CTAGCATTA
IBV,CTGTTGTAA
IBV,GGTTTTATT
IBV,GTATAACAC
IBV,TATTACTAA
IBV,TCAAGGTTT
IBV,TGGAGTGTA
IBV,TGGTGTTAA
IBV,TGTAACTAA
IBV,TGTACTCAT
IBV,TTAGTAATAAA
IBV,TTATTAACA
IBV,TTATTTACA
IBV,TTGTAAATA
IBV,ACACATTGT
IBV,ACCATTTTG
IBV,AGTTATGAG
IBV,ATAGTGTTT
IBV,ATAGTGTTT
IBV,CAAGGTCTT
IBV,CACAAACAG
IBV,CACTTAATA
IBV,CCAAAATTTTTAT
IBV,CCTGCAGTA
IBV,CTAGCATTA
IBV,GACATCTTC
IBV,GCAACACAA
IBV,GCAATTTTT
IBV,GCCTGCAGT
IBV,GGTCTTATT
IBV,GGTCTTATT
IBV,GTAAAGGTG
IBV,GTATACAAA
IBV,GTCTATTAG
IBV,GTGATGACA
IBV,GTTATTATA
IBV,TAACATTAA
IBV,TAACATTAA
IBV,TAATACAGGTGGT
IBV,TACAAACTG
IBV,TAGTAATGA
IBV,TATTATAAT
IBV,TGGATCTTA
IBV,TTATTTACA
IBV,TTTAAAAGT
IBV,CAATACTAGTATTG
IBV,TAATACAGGTGGT
IBV,GGATGCATCC
IBV,TAAGCATAG
IBV,TACAGCAAT
IBV,AAACCATTA
IBV,AACAAAACT
IBV,ACTTAATAT
IBV,ACTTAATAT
IBV,CATTTTGTG
IBV,CTAGCATTA
IBV,CTGTTGTAA
IBV,GCCTACTCT
IBV,GCTGGTTTA
IBV,GGTTTTATT
IBV,GTAAAGGTG
IBV,GTATCTAAA
IBV,GTGTTAATA
IBV,TAACAGGCA
IBV,TATAATTTA
IBV,TATTACTAA
IBV,TCTTACCAC
IBV,TCTTGCTTA
IBV,TGGAGTGTA
IBV,TGTACTCAT
IBV,TTAATACTA
IBV,TTATTAACA
IBV,TTATTTACA
IBV,TTGTAAATA
IBV,AAACTGGTT
IBV,AAAGTGGAT
IBV,AATAATTATA
IBV,AATACTAGTATT
IBV,ACACATTGT
IBV,ACATTGTAG
IBV,ACTGCTGGT
IBV,ATAATAATT
IBV,ATTATACTCAA
IBV,CCTTGGCCTA
IBV,GAAAAAAGA
IBV,GTTATAAAA
IBV,GTTATTATAA
IBV,TAAAGTTAT
IBV,TAATAATTA
IBV,TAGTTAATGT
IBV,TTACTAACA
IBV,TTATAAAAGT
IBV,TTATAATAA
IBV,TTGTTTGCA
IBV,AAGGCCATT
IBV,ACTCAACACAA
IBV,AGAAGATTT
IBV,AGGTGGTGT
IBV,CAATATGTT
IBV,CTAGCATTA
IBV,CTGTTGTAA
IBV,CTTAGCAGA
IBV,CTTCAAGGT
IBV,GGCCTTATT
IBV,GTAGTAATG
IBV,GTGTATAAA
IBV,TAATAAGAA
IBV,TACTAATAG
IBV,TCTTCACAA
IBV,TGTAACTGA
IBV,TTAATTTGA
IBV,TTACTACTA
IBV,TTATTATAATT
IBV,TTATTTACA
IBV,TTCAGTTAC
IBV,TTGAACCTG
IBV,TTGTAAATA
IBV,TTGTTTGCA
IBV,TTTACTACT
IBV,TTTGAATGT
IBV,TTTTATATT
IBV,AATTGCCACAA
IBV,ACTGGCATGCT
IBV,ACTGGTTCTCA
IBV,AGGTTTTAT
IBV,ATCTGTTGG
IBV,CACTTAATA
IBV,CATTAAAATCA
IBV,CTAGCATTA
IBV,CTGTTGGTA
IBV,GACAATATG
IBV,GCAATTTTT
IBV,GCAATTTTT
IBV,GGCAATTTT
IBV,GTAAAGGTG
IBV,GTATACAAA
IBV,TAACAGTTA
IBV,TAAGTTTTG
IBV,TATTATAAT
IBV,TGCCAGTAT
IBV,TGTTGGTAA
IBV,TTACTAAGA
IBV,TTATAATAA
IBV,TTATTAATAGT
IBV,TTATTATAATT
IBV,TTTCTGAGTAG
IBV,TTTGCTTGT
IBV,TTTGTTGTA
IBV,TTTTATTAA
IBV,TTTTGTATG
IBV,CGCGCCGCTG
IBV,CTGCTGCTAT
IBV,GGCAGCTGCC
IBV,TATAGCTATA
IBV,TGCGCGCTG
IBV,TGCGCGCTG
IBV,TGCTATAGCA
IBV,AAAGTAGTATTAATACTACTTT
IBV,ACTATTAATAGT
IBV,ACTCAACACA
IBV,ATAATATTAT
IBV,CAAAATTTTG
IBV,GTGTGCACTA
IBV,TATAATTATA
IBV,TTAGTTAATG
IBV,ACTCAACACA
IBV,AGTGAGTTTA
IBV,GTGTTAACAC
IBV,TAACACATTG
IBV,AACTACAAA
IBV,ACACATTGT
IBV,AGTAAGAAT
IBV,ATTATAATT
IBV,GATTCTTAC
IBV,GTAGTTAAT
IBV,TAATTATAATTA
IBV,TAGTGTCAA
IBV,TTATTATAATT
IBV,AAATAATTT
IBV,AAGCATGCTT
IBV,AAGTAGTGA
IBV,ACATTATTT
IBV,AGAAGATTT
IBV,AGATGTTAA
IBV,ATAGTAAAT
IBV,ATTTAAATCA
IBV,CAAATGATTAA
IBV,CAACATCTT
IBV,CATTATAATG
IBV,CCTCACATAG
IBV,GATTCTTCTG
IBV,GGGTGGCAA
IBV,GTGATTTAA
IBV,GTTTTATTA
IBV,TAAAATTAT
IBV,TAAAATTAT
IBV,TAAGCCTAT
IBV,TAATAAAACA
IBV,TAATAAGAA
IBV,TAATACAGG
IBV,TAGCATATT
IBV,TATAATAATT
IBV,TCAGTATGTT
IBV,TCTGGTTTA
IBV,TGAAAAGAAC
IBV,TGAAACTTT
IBV,TGCTTGTTT
IBV,TGTTGATTA
IBV,TGTTTATTAA
IBV,TGTTTGATT
IBV,TTAATCATTTG
IBV,TTAATTTTT
IBV,TTACTACAC
IBV,TTCTGATAA
IBV,TTGCAATTT
IBV,TTGTGCACAA
IBV,TTTAATAAA
IBV,TTTAATAAA
IBV,TTTAATACT
IBV,ATAAATTTAT
IBV,GGCAGCTGCC
IBV,TATAGCTATA
IBV,TGCGCGCTGT
IBV,TGCTATAGCA
IBV,GTTTATAAAC
IBV,AAACCATTA
IBV,ACTGTTGGT
IBV,ACTTAATAT
IBV,ACTTAATAT
IBV,ATAATAATA
IBV,CAATATGTT
IBV,CATTTTGTG
IBV,CTAGCATTA
IBV,CTGTTGTAA
IBV,GCCTACTCT
IBV,GCTGGTTTA
IBV,GGTTTTATT
IBV,GTAAAGGTG
IBV,GTATCTAAA
IBV,GTGTTAATA
IBV,GTTAATAAG
IBV,TAACAGGCA
IBV,TAATATTACT
IBV,TAATATTACT
IBV,TATAATTTA
IBV,TATTACTAA
IBV,TCTTACCAC
IBV,TCTTGCTTA
IBV,TGGAGTGTA
IBV,TGTACTCAT
IBV,TTAATAAGG
IBV,TTAATACTA
IBV,TTATTAACA
IBV,TTATTTACA
IBV,TTGTAAATA
IBV,CATAGCTATG
IBV,GCCCTAGGGC
IBV,GTGTGCACTA
IBV,GTTAATACTA
IBV,TTATTATAATT
IBV,TTGTCACACA
IBV,CCATAGATG
IBV,GCCTACTCT
IBV,TAATAATTA
IBV,TATAATTTA
IBV,TTAATACTA
IBV,TTATTATAATT
IBV,TTGGGGGAA
IBV,ACTTCTAGTTT
IBV,CGTATCTAAA
IBV,TACAAATTGT
IBV,TATAATTATA
IBV,TTAGTAATAAA
IBV,TTCACTTCTA
IBV,AAATTATAATA
IBV,AATAATTAT
IBV,AATTACATG
IBV,AATTTTGTAGT
IBV,ACCCTGCAT
IBV,ATAATATTAT
IBV,CAAAATTTTG
IBV,CTACTAATT
IBV,GTGTGCACTA
IBV,TAATAATTA
IBV,TAATATTAT
IBV,TATAATCAA
IBV,TATTATAAT
IBV,TCAACACAA
IBV,TTATAATTTA
IBV,TTATTATAATT
IBV,ATAGTGTTT
IBV,CACTTAATA
IBV,CCTGCAGTA
IBV,CTAGCATTA
IBV,GCCTGCAGT
IBV,GTCTATTAG
IBV,TTATTTACA
IBV,CAATGCATTG
IBV,CGTTTACTACT
IBV,AACCAGCTGGTT
IBV,CAATATGTT
IBV,AAACCATTA
IBV,CAAAATTTTG
IBV,CACCTTTACA
IBV,GTGTTAACAC
IBV,ATAAATTTAT
IBV,GGCAGCTGCC
IBV,TATAGCTATA
IBV,TGCTATAGCA
IBV,CATAGCTATG
IBV,GCCCTAGGGC
IBV,GTGTGCACTA
IBV,GTTAATACTA
IBV,TAACTTAACA
IBV,TGTACTACTAC
IBV,TTATTATAATT
IBV,TTGTCACACA
IBV,AACCTCTTTTA
IBV,ACTGTTGGT
IBV,GCCTACTCT
IBV,GTATCTAAA
IBV,GTTAATACT
IBV,GTTCTGCAGAAC
IBV,TACCACTAA
IBV,TATAATTTA
IBV,TTATCTAAA
IBV,TTATTATAATT
IBV,ACTTTAAAGT
IBV,ACTTCTAGTTT
IBV,TTAGTAATAAA
IBV,ACTGTTGGT
IBV,ATTATAGTA
IBV,GCCTACTCT
IBV,GTATCTAAA
IBV,GTTAATACT
IBV,GTTCTGCAGAAC
IBV,TACCACTAA
IBV,TATAATTTA
IBV,TTATTATAATT
IBV,ACCAAAGTGC
IBV,CATAGCTATG
IBV,GCCCTAGGGC
IBV,GTGTGCACTA
IBV,GTTAATACTA
IBV,TAACTTAACA
IBV,TTATTATAATT
IBV,TTGTCACACA
IBV,AAAGGTGTCTAT
IBV,TTATTATAATT
IBV,AACCTTGAC
IBV,AGTAAGAAT
IBV,AGTGATATT
IBV,ATACCACCT
IBV,ATTCAGTTA
IBV,GGTCTCATT
IBV,TATAATAAT
IBV,TCAATTAAT
IBV,TCGTGAAAA
IBV,AAAGTATTAA
IBV,TACTTTCTA
IBV,AACAACAAC
IBV,AACAATTGTT
IBV,AATATAATA
IBV,AGCTGCAGCT
IBV,AGGTTTTATA
IBV,AGTAAGTACC
IBV,ATGGCCTTA
IBV,ATGTGTCTAA
IBV,CAAAAGGAA
IBV,CAACAACAA
IBV,CAATATGTT
IBV,CACTTAATA
IBV,CAGGTTTTATA
IBV,CATCCTAATATTAGGATG
IBV,CATTAAATG
IBV,CTAAATTTAG
IBV,CTAGCATTA
IBV,GAAGTCAAAG
IBV,GAATATGGC
IBV,GATGTTATT
IBV,GCTGTTTTG
IBV,GTAAAGGTG
IBV,GTAGTTAAT
IBV,GTGGTTTTGTT
IBV,GTGTATTAT
IBV,GTTATTATA
IBV,TAATACCAC
IBV,TATATTTAAA
IBV,TATTATAAT
IBV,TCAGTTACA
IBV,TCGAGGTCA
IBV,TCTCTGGTG
IBV,TCTGAGTGG
IBV,TCTTACCAC
IBV,TCTTGTCAA
IBV,TGAATATAAT
IBV,TGTCACAGA
IBV,TTACATTAA
IBV,TTAGCAGATG
IBV,TTATCAAAA
IBV,TTGTATAAAA
IBV,TTGTTTGCA
IBV,TTTCTGAGT
IBV,TTTTTCATT
IBV,AACCAGCTGGTT
IBV,CAATATGTT
IBV,ACAAACTGCT
IBV,ACGTTTACTACT
IBV,ACTCAACACAA
IBV,TAATGAGACT
IBV,TGAAGCTTCA
IBV,TTATAATAAT
IBV,TTATTATAATT
IBV,AAACCATTA
IBV,AAATTATAA
IBV,ACTTAATAT
IBV,ACTTAATAT
IBV,ATAATAATA
IBV,CAATATGTT
IBV,CAATGGCCC
IBV,CATTTTGTG
IBV,CTAGCATTA
IBV,CTGTTGTAA
IBV,CTGTTTATT
IBV,GCCTACTCT
IBV,GGTGGTGTT
IBV,GGTTTTATT
IBV,GTAAAGGTG
IBV,GTGTTAATA
IBV,TAATAATGC
IBV,TAATAATTA
IBV,TAATACCAC
IBV,TGGAGTGTA
IBV,TGTACTCAT
IBV,TTATTAACA
IBV,TTATTTACA
IBV,AAACTATTA
IBV,AATTATAAT
IBV,ATTAATAAT
IBV,ATTATAATT
IBV,CAATATGTT
IBV,GTAAAGGTG
IBV,TAATTCACCAA
IBV,TACTAAAGA
IBV,TATGTACTC
IBV,TTAATAATA
IBV,TTAATTTGA
IBV,TTAGTTAAA
IBV,TTATTATAATT
IBV,ACACTGTAA
IBV,GTTTTAAAA
IBV,AAACCATTA
IBV,AGCAACATGTTGCT
IBV,CACCTTTACA
IBV,GTGTTAACAC
IBV,AAACCAGCA
IBV,AAAGTAGTGTTAACACTACTTT
IBV,AATTATAAT
IBV,AATTCTTAC
IBV,ATGGTTCAT
IBV,ATTAATAAT
IBV,GTAATAATT
IBV,TAATTATAATTA
IBV,TTAACTCAC
IBV,TTAATGGCA
IBV,TTTTGTTAA
IBV,AAAGTAATG
IBV,AATCTGTTT
IBV,ACACTGTAA
IBV,ACCACTCTG
IBV,ACTTCTAGTTT
IBV,TGTATAAAC
IBV,TGTTGTTAT
IBV,TTAGTAATA
IBV,AACACTATT
IBV,ACAGATGAG
IBV,AGAAGACTT
IBV,AGAATAGTGTTAACACTATTCT
IBV,ATGAAAAAC
IBV,CAATATGTT
IBV,CATCCTAATATTAGGATG
IBV,CTAGCATTA
IBV,CTAGCATTA
IBV,CTGTTGTAA
IBV,GTAGTAATG
IBV,GTATCTAAA
IBV,GTGTTAACA
IBV,TACTAATAG
IBV,TATCTAGTG
IBV,TCAACACAA
IBV,TCATTACTA
IBV,TCTGAGTAG
IBV,TCTTACCAC
IBV,TTAATTTGA
IBV,TTACTAATA
IBV,TTACTACTA
IBV,TTGAACCTG
IBV,TTGTAAATA
IBV,TTTGTGTTT
IBV,TTTTATATT
IBV,AAATAGTGT
IBV,ACTGGCATGCT
IBV,ACTGGTTCTCA
IBV,AGTTATAACT
IBV,TATAACTGGC
IBV,TATTATAAT
IBV,TCAACACAA
IBV,TGCCAGTAT
IBV,TGGCCAGTT
IBV,TTATAAACA
IBV,TTATAATAAT
IBV,TTATTAATAGT
IBV,TTATTATAATT
IBV,TTCATATGAA
IBV,AATCTGTTT
IBV,ACTGTTGGT
IBV,TATAATTTA
IBV,TCTTGCTTA
IBV,TTAATACTA
IBV,TTATCTAAA
IBV,TTATTATAATT
IBV,AAATAATTT
IBV,AAGCATGCTT
IBV,AAGCCTACT
IBV,AAGGTCAATCA
IBV,AAGTAGTGA
IBV,ACATTATTT
IBV,ACTTATAAAA
IBV,AGAAGATTT
IBV,ATTAAAGGA
IBV,ATTAATAAA
IBV,ATTTAAATCA
IBV,CAACATCTT
IBV,CAGTTACCAC
IBV,CATTATAATG
IBV,CCAGATGGT
IBV,CCTCCTTTA
IBV,CGTAGTTAG
IBV,CTATAAATA
IBV,GATTCTTCTG
IBV,GTGATTTAA
IBV,GTGTTTCAA
IBV,GTTTTATTA
IBV,TAAAATTAT
IBV,TAAAATTAT
IBV,TAAATAATTTC
IBV,TAAATTAAA
IBV,TAAATTTAA
IBV,TAAGCCTAT
IBV,TAATAAAACA
IBV,TAATAAGAA
IBV,TAATACAGG
IBV,TAGCATATT
IBV,TATTCAGTATG
IBV,TATTCAGTA
IBV,TCAGTATGTT
IBV,TCTGGTTTA
IBV,TGAAAAGAA
IBV,TGAAACTTT
IBV,TGCAGTTGC
IBV,TGCTTGTTT
IBV,TGGCATGTA
IBV,TGTTGATTA
IBV,TGTTTATTAA
IBV,TTAAATTTAA
IBV,TTAATCATTTG
IBV,TTACTACAC
IBV,TTAGATAATT
IBV,TTATAATAATT
IBV,TTATCAAAA
IBV,TTGCAATTT
IBV,TTGTGCACAA
IBV,TTTAATAAA
IBV,TTTAATACT
IBV,GACAGCTGTC
IBV,ACTTCTAGTTT
IBV,TTAGTAATAAA
IBV,GTGTTAACAC
IBV,AAAGTATTAA
IBV,TACTTTCTA
IBV,ACTAATATTAGT
IBV,GTATTAATAC
IBV,ATACTCTAGG
IBV,CATAGCTATG
IBV,GTGTGCACTA
IBV,GTTAATACTA
IBV,TAACTTAACA
IBV,TTATTATAATT
IBV,TTGTCACACA
IBV,ACCAGACAC
IBV,ACTTAATAT
IBV,ACTTAATAT
IBV,ATAATAATA
IBV,CAATATGTT
IBV,CATTTTGTG
IBV,CTGTTGTAA
IBV,CTTCAAGGT
IBV,GCCTACTCT
IBV,GGTGGTGTTAATA
IBV,GGTTTTATT
IBV,GTAAAGGTG
IBV,GTATCTAAA
IBV,GTGTTAATA
IBV,GTTAATACT
IBV,TAATATTACT
IBV,TAATATTACT
IBV,TATAATTTA
IBV,TATTACTAA
IBV,TGGAGTGTA
IBV,TGTACTCAT
IBV,TTATCTAAA
IBV,TTATTAACA
IBV,TTATTTACA
IBV,TTGTAAATA
IBV,AAAGCGCTTT
IBV,AACTTGTTGT
IBV,AATAAAAAT
IBV,AATCAAAAT
IBV,AATGTTTCTAA
IBV,ACAGGTGGT
IBV,AGGTTTTAT
IBV,AGTTACCACA
IBV,AGTTTCTGT
IBV,ATAGTTTCTG
IBV,ATTGCATAC
IBV,CACTTAATA
IBV,CATTAACTAA
IBV,CCACAAACT
IBV,CCATAACTT
IBV,CTAGCATTA
IBV,GAATATAAT
IBV,GAGTGGCTA
IBV,GCAACTTGT
IBV,GCATTTCTGCT
IBV,GCCATTAGGT
IBV,GTCCTTTAA
IBV,GTTTGTGGT
IBV,TAATAATGG
IBV,TAGTTAATGT
IBV,TATATTTAA
IBV,TCCTTTAATAA
IBV,TCTGTGACT
IBV,TCTTACCAC
IBV,TCTTGTCAA
IBV,TTACCACAAAC
IBV,TTACCACAAA
IBV,TTACTAAGA
IBV,TTATAATAA
IBV,TTGTAAATAG
IBV,TTTCTGAGT
IBV,TTTGTGGTA
IBV,TTTTGTGGTA
IBV,TTTTTTATA
IBV,ACTGTAATTT
IBV,CATAGCTATG
IBV,GTGTGCACTA
IBV,GTTAATACTA
IBV,TTATTATAATT
IBV,GTGTTAACAC
IBV,AAAGTAGTGTTAACACTACTTT
IBV,AAACTATTA
IBV,AACACCACC
IBV,AACTCATCA
IBV,AAGATCTTT
IBV,AATTATAATT
IBV,AATTATAAT
IBV,ACCACCTTG
IBV,ACTGGCTGGC
IBV,ACTTAATAT
IBV,AGAACATGT
IBV,AGCTGCAGCT
IBV,ATAAAAAAT
IBV,ATAGTGTTT
IBV,ATTATAATT
IBV,ATTTTGTGGTA
IBV,ATTTTGTGG
IBV,CAATATGTT
IBV,CCAGTATAA
IBV,CTAGCATTA
IBV,GAATATAAT
IBV,GGTTTTATT
IBV,GTAAAGGTG
IBV,GTGTTAACAC
IBV,GTGTTAACA
IBV,GTTTATAAAC
IBV,TAATAAGGC
IBV,TAATGTCTC
IBV,TACTAAAGAT
IBV,TACTATAGC
IBV,TAGTTTCAG
IBV,TATTTACAT
IBV,TCTGAGTAG
IBV,TCTTACCAC
IBV,TGAATATAA
IBV,TGGTGGTGTT
IBV,TGGTTTAGT
IBV,TGGTTTGTAT
IBV,TGTTTCAACA
IBV,TTAATTTGA
IBV,TTATAATAAT
IBV,TTATTATAATT
IBV,TTGTATAAAA
IBV,TTGTTTGCA
IBV,TTTAGCAGA
IBV,TTTGTGGTA
IBV,TTTTATTTACA
IBV,TTTTGACAA
IBV,ACTGGCATGCT
IBV,TTATTATAATT
IBV,AAATAGTGT
IBV,ACTGGCATG
IBV,ACTGGTTCTCA
IBV,AGTTATAACT
IBV,TATAACTGGC
IBV,TATTATAAT
IBV,TCAACACAA
IBV,TGCCAGTAT
IBV,TTATAAACA
IBV,TTATAATAAT
IBV,TTATTAATAGT
IBV,TTATTATAATT
IBV,TTCATATGAA
IBV,AACTTTTCT
IBV,ATAAAATTA
IBV,ATAAAATTA
IBV,ATACTACTA
IBV,GGCATTTAC
IBV,GTATTTAAA
IBV,TAAAATTAT
IBV,TATTATAAT
IBV,TCAACACAA
IBV,TTAATACTACT
IBV,TTATTATAATT
IBV,AAACTGGTTCTCA
IBV,AATAAAAAT
IBV,AATATAATA
IBV,AATTTTTAT
IBV,ACATCTTCG
IBV,ACCATTTTG
IBV,ACTTTTAAA
IBV,ATGTGTCTA
IBV,CAATATGTT
IBV,CACAACAAC
IBV,CACAACAAC
IBV,CACTTAATA
IBV,CAGTTACAT
IBV,CTAGCATTA
IBV,CTTTAACAG
IBV,GAAAGTGAT
IBV,GAATAGTGT
IBV,GATGTTATT
IBV,GCAATTTTT
IBV,GCACCAGCT
IBV,GTAAAGGTG
IBV,GTATACAAA
IBV,GTTATAATA
IBV,GTTTGCTTG
IBV,TAAAAATTT
IBV,TAATATCTC
IBV,TATAATACG
IBV,TATATTTAA
IBV,TATGGCAAG
IBV,TCTTGTCAA
IBV,TGACTTCTT
IBV,TTAATTTGA
IBV,TTACAGTGA
IBV,TTAGTAAAA
IBV,TTAGTAAAA
IBV,TTGATTATT
IBV,TTTGCTTGT
IBV,ACACTGTAA
IBV,AACATCTGT
IBV,AGGGCCATAT
IBV,AGTAAGAAT
IBV,CATGTACATG
IBV,CCATTAACA
IBV,GTAGTGGACC
IBV,GTGCTTCTG
IBV,GTGGTTATTA
IBV,TATTATAAT
IBV,TCTAAATTTAGA
IBV,TGTTTATAG
IBV,TTATGAAAA
IBV,AACAAAACT
IBV,ACCAGACAC
IBV,ACTTAATAT
IBV,ACTTAATAT
IBV,ATAATAATA
IBV,ATGGCACCT
IBV,CAATATGTT
IBV,CATTTTGTG
IBV,CTGTTGTAA
IBV,CTTCAAGGT
IBV,GCCTACTCT
IBV,GGTGGTGTTAATA
IBV,GGTTTTATT
IBV,GTAAAGGTG
IBV,GTATCTAAA
IBV,GTGTTAATA
IBV,GTTAATACT
IBV,TAATATTACT
IBV,TAATATTACT
IBV,TATAATTTA
IBV,TATTACTAA
IBV,TGGAGTGTA
IBV,TGTACTCAT
IBV,TTATCTAAA
IBV,TTATTAACA
IBV,TTATTTACA
IBV,TTGTAAATA
IBV,AAACAGGTTCT
IBV,GTATCTAGATAC
IBV,TTATTATAATT
IBV,ACCAGAAAC
IBV,GCCTACTCT
IBV,TAAAATTAT
IBV,TCAACACAA
IBV,TGCCAGTAT
IBV,TGGTCTAAA
IBV,TTATTATAATT
IBV,ACTCAACACAA
IBV,TTATTATAATT
IBV,ACTGTTGGT
IBV,ATACTCTAGG
IBV,CATAGCTATG
IBV,GCCTACTCT
IBV,GTATCTAAA
IBV,GTGTGCACTA
IBV,GTTAATACTA
IBV,GTTAATACT
IBV,TAACTTAACA
IBV,TCTTGCTTA
IBV,TGACCTTGT
IBV,TTATCTAAA
IBV,TTATTATAATT
IBV,AATAATTATA
IBV,AATACTAGTATT
IBV,AGGTGGTTGT
IBV,CTGTTTCATTA
IBV,GTTATTATAA
IBV,TAATACAGGTGGT
IBV,TAGTTAATGT
IBV,TGGCATGCT
IBV,ACTGTTGGT
IBV,GTACTATTA
IBV,TATAATCAA
IBV,TATAATTTA
IBV,TATTATAAT
IBV,TTATCTAAA
IBV,TTATTATAATT
IBV,AAATTATAAT
IBV,ACTTCTAGTTT
IBV,CATAGCTATG
IBV,GTGTGCACTA
IBV,TATAATTATA
IBV,TTAGTAATAAA
IBV,TTATAATTTA
IBV,TTATTATAATT
IBV,AAACCATTA
IBV,ACCACAAAA
IBV,ACTGTTGGT
IBV,ACTTAATAT
IBV,ATGTTAAGT
IBV,CAATATGTT
IBV,CATAGCTATG
IBV,CATTTTGTG
IBV,CTAGCATTA
IBV,CTGTTGTAA
IBV,GCCCTAGGGC
IBV,GCCTACTCT
IBV,GCTGGTTTA
IBV,GGAATGATAC
IBV,GGTGGTGTTA
IBV,GGTTTTATT
IBV,GTAAAGGTG
IBV,GTATCTAAA
IBV,GTGTGCACTA
IBV,GTGTTAATAA
IBV,GTGTTAATA
IBV,GTTAATACTA
IBV,TAACAGGCA
IBV,TAACTTAACA
IBV,TAATATCTCT
IBV,TATTACTAA
IBV,TCTTGCTTA
IBV,TGGAGTGTA
IBV,TGGCTAGCCA
IBV,TGTACTCAT
IBV,TGTTTCAACA
IBV,TTATTAACA
IBV,TTATTTACA
IBV,TTGTAAATA
IBV,TTTTGTGGTA
IBV,AAACCATTA
IBV,AACAAAACT
IBV,AAGGCCATT
IBV,ACTGTTGGT
IBV,ATAATAATA
IBV,CAATATGTT
IBV,CATTTTGTG
IBV,CTAGCATTA
IBV,CTGTTGTAA
IBV,GCTGGTTTA
IBV,GGTTTTATT
IBV,GTAAAGGTG
IBV,GTATCTAAA
IBV,GTGTTAATA
IBV,TAACAGGCA
IBV,TAATAAGGC
IBV,TAATATTACT
IBV,TAATATTACT
IBV,TATAATTTA
IBV,TATTACTAA
IBV,TCTTGCTTA
IBV,TGGAGTGTA
IBV,TGTACTCAT
IBV,TTAATACTA
IBV,TTATTAACA
IBV,TTATTTACA
IBV,TTGTAAATA
IBV,AATAATTATA
IBV,AATACTAGTATT
IBV,AGGTGGTTGT
IBV,CTGTTTCATTA
IBV,GTTATTATAA
IBV,TAATACAGGTGGT
IBV,TAGTTAATGT
IBV,ATACTCTAGG
IBV,CATAGCTATG
IBV,CTTGCCCTATA
IBV,GTGTGCACTA
IBV,GTTAATACTA
IBV,TAACTTAACA
IBV,TTATTATAATT
IBV,CACTGTAAC
IBV,TAACAGTTT
IBV,AATAATTATA
IBV,AATACTAGTATT
IBV,AGGTGGTTGT
IBV,CGTCTAGACG
IBV,CTGTTTCATTA
IBV,GTTATTATAA
IBV,TAATACAGGTGGT
IBV,TAGTTAATGT
IBV,AAACCATTA
IBV,AACAAAACT
IBV,ACTGTTGGT
IBV,ACTTAATAT
IBV,ACTTAATAT
IBV,ATAATAATA
IBV,CAATATGTT
IBV,CATTTTGTG
IBV,CTAGCATTA
IBV,CTGTTGTAA
IBV,GCTGGTTTA
IBV,GGTTTTATT
IBV,GTAAAGGTG
IBV,GTATCTAAA
IBV,GTGTTAATA
IBV,TAATATTACT
IBV,TAATATTACT
IBV,TATTACTAA
IBV,TCTTGCTTA
IBV,TGGAGTGTA
IBV,TGTACTCAT
IBV,TTAATACTA
IBV,TTATTAACA
IBV,TTATTTACA
IBV,TTGAATGTG
IBV,TTGTAAATA
IBV,AACAAAACT
IBV,AAGATCTTT
IBV,ACTTAATAT
IBV,ACTTAATAT
IBV,AGATATTAA
IBV,AGTTTTAAT
IBV,ATAATAATA
IBV,ATGAAAGAA
IBV,CATTTTGTG
IBV,CTAGCATTA
IBV,CTGGCTTGT
IBV,CTGTTGTAA
IBV,GCCTACTCT
IBV,GGTTTTATT
IBV,GTAAAGGTG
IBV,TAACAGGCA
IBV,TAATAAGAA
IBV,TAATAATTA
IBV,TATAATTTA
IBV,TCAATACAA
IBV,TCTTACCAC
IBV,TCTTGCTTA
IBV,TGCAAATGG
IBV,TGGAGTGTA
IBV,TGTACTCAT
IBV,TTAATTATT
IBV,TTACTAAGA
IBV,TTATTATAATT
IBV,TTATTGAAA
IBV,TTGTAAATA
IBV,TTTTATTTACA
IBV,CCAGCTTTA
IBV,ACAAAACTAC
IBV,ACTGTAATTT
IBV,CATAGCTATG
IBV,CGTATCTAAA
IBV,GTTAATACTA
IBV,TTATTATAATT
IBV,AGTATTATA
IBV,CATAGCTATG
IBV,CCATAGATG
IBV,GTATCTAAA
IBV,GTTAATACTA
IBV,TATAATTTA
IBV,TCAGTCACA
IBV,TCCAATTGGA
IBV,TGGTTCTCA
IBV,TGTTAATGGT
IBV,TTATTATAATT
IBV,TTTTATAAT
IBV,ATAAATTTAT
IBV,GGCAGCTGCC
IBV,TATAGCTATA
IBV,TGCGCGCTGT
IBV,TGCTATAGCA
IBV,ACCAGAAACTA
IBV,ACTGGCATGCT
IBV,TTATTATAATT
IBV,ACCATTTTG
IBV,ACTTAATAT
IBV,AGAATCAATTT
IBV,AGTAAGAAT
IBV,AGTGCTTCT
IBV,ATATTACTAAG
IBV,ATTACATCA
IBV,ATTATAATTATAAT
IBV,CAATATGTT
IBV,CAATTTCAC
IBV,CATTTTTTA
IBV,CTAGCATTA
IBV,CTATAAAAG
IBV,GAGTTTAAT
IBV,GTATACAAA
IBV,GTGCATTTT
IBV,TAACATTTA
IBV,TAATAAGAA
IBV,TCTTCTATA
IBV,TGCCAGTAT
IBV,TGTTAATACTA
IBV,TTAATTATT
IBV,TTACTCATT
IBV,TTATTTACA
IBV,TTTACACAA
IBV,ACAAGGTCA
IBV,ACTCAACACAA
IBV,TGACCTTGT
IBV,TTATTATAATT
IBV,ACTTCTAGTTT
IBV,TTAGTAATAAA
IBV,AAACTTACCA
IBV,AAAGTTATGA
IBV,ACTGGCATGCT
IBV,AGTTATAACT
IBV,ATTCACTTT
IBV,CACTTTCAGT
IBV,GGCAATTTT
IBV,TATAACTGGC
IBV,TATTATAAT
IBV,TCAACACAA
IBV,TGCCAGTAT
IBV,TGGCCAGCT
IBV,TTATAAACA
IBV,TTATAATAAT
IBV,TTATTATAATT
IBV,ACAGAAACT
IBV,AGTAAAAAC
IBV,AATTGCCACAA
IBV,ACTGGCATGCT
IBV,ACTGGTTCTCA
IBV,CATTAAAATCA
IBV,GCAATTTTT
IBV,GCAATTTTT
IBV,TTATTAATAGT
IBV,TTATTATAATT
IBV,TTGGTACTATT
IBV,TTTCTGAGTAG
IBV,CATAGCTATG
IBV,GCCCTAGGGC
IBV,GTGTGCACTA
IBV,GTTAATACTA
IBV,TTATTATAATT
IBV,ACTGGCATGCT
IBV,ACTGGTTCTCA
IBV,TTATTAATAGT
IBV,TTATTATAATT
IBV,AAACATTAA
IBV,AATAGGCCA
IBV,AATCTTTTC
IBV,AATGCACAA
IBV,AATGCACCA
IBV,AATGTAACTA
IBV,ACACTGTAA
IBV,ACACTGTAA
IBV,ACATTGTTT
IBV,ACCAGTTATAA
IBV,ACTCAACACA
IBV,ACTCAGATT
IBV,ACTTAATAT
IBV,AGAGTGATG
IBV,AGCTGCAGCT
IBV,AGTTATAACT
IBV,ATAATAATA
IBV,ATGAAAAAC
IBV,ATGTTTGTGG
IBV,ATTATAATAA
IBV,ATTATAGTT
IBV,CAATATGTT
IBV,CACTTAATA
IBV,CATTAACTT
IBV,CTAAAACTG
IBV,CTTAGCAGAT
IBV,GGAATGATAC
IBV,GGTTTTATT
IBV,GTAACTAAC
IBV,GTGATGACA
IBV,TAATACCAC
IBV,TACCACAGAAT
IBV,TAGTAAATA
IBV,TATAATAAT
IBV,TATTATAATA
IBV,TCTTACCAC
IBV,TGAAACATT
IBV,TGGCTAGCCA
IBV,TTACAGTGT
IBV,TTACAGTGT
IBV,TTATAATAAT
IBV,TTGTTTCAA
IBV,TAGCTAGTA
IBV,TAGTAGGTG
IBV,AAATAATTT
IBV,ACATTATTT
IBV,ACCTACTCT
IBV,ATTAATAAA
IBV,TAAAATTAT
IBV,TGAAAAGAA
IBV,TGATTTAAATCA
IBV,TGTTGATTA
IBV,ACTCAACACAA
IBV,TTATTATAATT
IBV,ACTGTAATTT
IBV,CATAGCTATG
IBV,GTGTGCACTA
IBV,TAACTTAACA
IBV,TTATTATAATT
IBV,GTGTTAATACTA
IBV,TTATTATAATT
IBV,GAAGATCTTC
IBV,GTGTTAACAC
IBV,TTAGTTAAA
IBV,AAAGTAGTGTTAACACTACTTT
IBV,ACTGTTGGT
IBV,GCCTACTCT
IBV,GTATCTAAA
IBV,TAATAAAAC
IBV,TATAATTTA
IBV,TCTTGCTTA
IBV,TTATTATAATT
IBV,AACAAGCCA
IBV,ACCATTTTG
IBV,ACTGCTGGT
IBV,ACTTAATAT
IBV,AGAATCAATTT
IBV,AGTGCTTCT
IBV,ATACAGGTG
IBV,ATATTACTAAG
IBV,ATTATAATTATAAT
IBV,ATTTTGTGGTA
IBV,ATTTTGTGG
IBV,CAAAATTTT
IBV,CAATATGTT
IBV,CAATTTCAC
IBV,CCTTATTAA
IBV,CTAGCATTA
IBV,CTTACTCAT
IBV,CTTATTAAC
IBV,GATGTTATT
IBV,GCTTTAAAA
IBV,GTGCATTTT
IBV,TAATAAGGC
IBV,TAATAATAG
IBV,TAATTCTAG
IBV,TGCCAGTAT
IBV,TTAATTATT
IBV,TTACACAAA
IBV,TTACTCATT
IBV,TTGTTTGCA
IBV,TTTACACAA
IBV,TTTGCACTA
IBV,TTTGTGGTA
IBV,TTTTAATTATT
IBV,AAAATTACACCTACTAC
IBV,ATTAATATTAAT
IBV,CAAAATTGT
IBV,CTTCTAATT
IBV,GCAACATGTTGC
IBV,GTGTCTATG
IBV,TAGCTAGTA
IBV,TAGTAGGTG
IBV,TATGCAAAACA
IBV,TATTAGTAA
IBV,TATTTATAA
IBV,TCTATTAATAGA
IBV,TTATGCAAA
IBV,TTATTAGTA
IBV,TTTATAATA
IBV,AACAAAACT
IBV,ACCAGACAC
IBV,ACTTAATAT
IBV,ACTTAATAT
IBV,ATAATAATA
IBV,ATGGCACCT
IBV,CAATATGTT
IBV,CATTTTGTG
IBV,CTGTTGTAA
IBV,CTTCAAGGT
IBV,GCCTACTCT
IBV,GGTGGTGTTAATA
IBV,GGTTTTATT
IBV,GTAAAGGTG
IBV,GTATCTAAA
IBV,GTGTTAATA
IBV,GTTAATACT
IBV,TAACAGGCA
IBV,TAATATTACT
IBV,TAATATTACT
IBV,TATAATTTA
IBV,TATTACTAA
IBV,TGGAGTGTA
IBV,TGTACTCAT
IBV,TTAATTATT
IBV,TTATCTAAA
IBV,TTATTAACA
IBV,TTATTGAAA
IBV,TTATTTACA
IBV,TTGTAAATA
IBV,TTTAATTAT
IBV,AAACCATTA
IBV,ACTGTTGGT
IBV,ACTTAATAT
IBV,ACTTAATAT
IBV,ATAATAATA
IBV,CAATATGTT
IBV,CTAGCATTA
IBV,CTGGCTTGT
IBV,CTGTTGTAA
IBV,CTTCTAAAA
IBV,GCCTACTCT
IBV,GCTGGTTTA
IBV,GGTTTTATT
IBV,GTAAAGGTG
IBV,GTATCTAAA
IBV,TAACAGGCA
IBV,TAATATTACT
IBV,TAATATTACT
IBV,TATAATTTA
IBV,TATTACTAA
IBV,TCTTACCAC
IBV,TCTTGCTTA
IBV,TGGAGTGTA
IBV,TGTACTCAT
IBV,TTATCTAAA
IBV,TTATTAACA
IBV,TTATTTACA
IBV,TTGTAAATA
IBV,AGAACCATA
IBV,AGAGAACCAT
IBV,AGTTATAACT
IBV,GTCTAAAAC
IBV,TAAAATTAT
IBV,TATAAAATT
IBV,TATTATAAT
IBV,TCAACACAA
IBV,TGGTCTAAAA
IBV,TTATAAAAA
IBV,TTATAATAAT
IBV,TTATTATAATT
IBV,TTTAGACCA
IBV,GTGTTAACAC
IBV,TTAGTTAAA
IBV,ACACTGTAA
IBV,GGTCTCATT
IBV,TAGACCATT
IBV,AAATTATAAT
IBV,ACAGATGTTT
IBV,ACTCAACACA
IBV,AGTTATAACT
IBV,TTATAATAAT
IBV,TTATTATAATT
IBV,ACTGTTGGT
IBV,GCCTACTCT
IBV,GTATCTAAA
IBV,TATAATTTA
IBV,TCTTGCTTA
IBV,TTATCTAAA
IBV,TTATTATAATT
IBV,AAAGTATTAA
IBV,ACTGGCATGCT
IBV,ATTCACTTT
IBV,TATTATAAT
IBV,TCAACACAA
IBV,TGCCAGTAT
IBV,TTATAAACA
IBV,TTATTATAATT
IBV,CATAGCTATG
IBV,GCCCTAGGGC
IBV,GTGTGCACTA
IBV,GTTAATACTA
IBV,TTATTATAATT
IBV,ACTTCTAGTTT
IBV,TTAGTAATAAA
IBV,ACTACTTTG
IBV,ATAATTATAA
IBV,CAGGTCTAA
IBV,GTGAAAGTA
IBV,GTTATTATAATT
IBV,GTTTAGATC
IBV,GTTTCAGGT
IBV,TAATAACCA
IBV,TAATTATACT
IBV,TATAATTATA
IBV,TATATTATA
IBV,TATTATAATT
IBV,TGCTGGTTA
IBV,ACTTCTAGTTT
IBV,TTAGTAATAAA
IBV,CATAGCTATG
IBV,GTGTGCACTA
IBV,ACTGTAATTT
IBV,CATAGCTATG
IBV,GTGTGCACTA
IBV,GTTAATACTA
IBV,TTATTATAATT
IBV,GTTTATAAAC
IBV,AAACCATTA
IBV,ATACTCTAGG
IBV,CATAGCTATG
IBV,GCCTACTCT
IBV,GCCTATAGGC
IBV,GTATCTAAA
IBV,GTGTGCACTA
IBV,GTTAATACTA
IBV,GTTAATACT
IBV,TAACTTAACA
IBV,TCTTGCTTA
IBV,TTATCTAAA
IBV,TTATTATAATT
IBV,AAACCATTA
IBV,AACAAAACT
IBV,AAGATCTTT
IBV,AATCTTTTC
IBV,ACCATTTTG
IBV,ACTTAATAT
IBV,ACTTAATAT
IBV,AGAGTGATG
IBV,AGTTTTAAT
IBV,ATAATAATA
IBV,ATGAAAGAA
IBV,ATTTTGTGGTA
IBV,CATTTTGTG
IBV,CCATAGATG
IBV,CTAGCATTA
IBV,GAATATAAT
IBV,GCCTACTCT
IBV,GGTTTTATT
IBV,GTAAAGGTG
IBV,GTGTATAAG
IBV,GTTAATACT
IBV,TAATAAGGC
IBV,TAATAATTA
IBV,TATAATCAA
IBV,TATAATTTA
IBV,TGAATATAA
IBV,TGTACTCAT
IBV,TTAATTATT
IBV,TTACTAAGA
IBV,TTATTATAATT
IBV,TTGTAAATA
IBV,TTTAGCAGA
IBV,TTTTATTTACA
IBV,AAACCATTA
IBV,AACAAAACT
IBV,ACTGTTGGT
IBV,ACTTAATAT
IBV,ACTTAATAT
IBV,AGCAGATGC
IBV,ATAATAATA
IBV,CAATATGTT
IBV,CATTTTGTG
IBV,CTAGCATTA
IBV,CTGTTGTAA
IBV,GCCTACTCT
IBV,GCTGGTTTA
IBV,GTAAAGGTG
IBV,GTATCTAAA
IBV,TAACAGGCA
IBV,TAATATTACT
IBV,TAATATTACT
IBV,TATTACTAA
IBV,TCTTGCTTA
IBV,TGGAGTGTA
IBV,TGTACTCAT
IBV,TTAATACTA
IBV,TTATTTACA
IBV,TTGTAAATA
IBV,GTGTTAACAC
IBV,TTAGTTAAA
IBV,ACTGGCATGCT
IBV,ACTGGTTCTCA
IBV,TTATTATAATT
IBV,AATTATAATT
IBV,GTGTTAACAC
IBV,AAACCATTA
IBV,AACAAAACT
IBV,ACTTAATAT
IBV,ACTTAATAT
IBV,ATAATAATA
IBV,CAATATGTT
IBV,CATTTTGTG
IBV,CTAGCATTA
IBV,CTGTTGTAA
IBV,GCCTACTCT
IBV,GCTGGTTTA
IBV,GGTTTTATT
IBV,GTAAAGGTG
IBV,GTATCTAAA
IBV,GTGTTAATA
IBV,TAACAGGCA
IBV,TAATATTACT
IBV,TAATATTACT
IBV,TATAATTTA
IBV,TATTACTAA
IBV,TCTTACCAC
IBV,TCTTGCTTA
IBV,TGGAGTGTA
IBV,TGTACTCAT
IBV,TTAATACTA
IBV,TTATTAACA
IBV,TTATTTACA
IBV,TTGTAAATA
IBV,AAACTTACCA
IBV,AATCTACCAG
IBV,AATTGCCACAA
IBV,ACCCAGTCA
IBV,ACTGGCATGCT
IBV,AGGTTTTAT
IBV,AGTTATAACT
IBV,ATCAAAATCA
IBV,ATCTGTTGG
IBV,ATTCACTTT
IBV,CAATTTCACT
IBV,CACTTAATA
IBV,CACTTTCAGT
IBV,CCAGTTATAA
IBV,CCATTAGGT
IBV,CCTGCAGTA
IBV,CTGTTGGTA
IBV,CTTACTCAT
IBV,GCAATTTTT
IBV,GCAATTTTT
IBV,GCCTGCAGT
IBV,GGCAATTTT
IBV,GTAAAGGTG
IBV,GTATACAAA
IBV,TAACAGTTA
IBV,TAAGTTTTG
IBV,TATAACTGGC
IBV,TATTATAAT
IBV,TCAACACAA
IBV,TCTGGAGTG
IBV,TGCATACTG
IBV,TGCCAGTAT
IBV,TGTCAAGTA
IBV,TGTTGGTAA
IBV,TTACTAAGA
IBV,TTATAATAAT
IBV,TTATTATAATT
IBV,TTCTGAGTAG
IBV,TTGTATAAAA
IBV,TTTGCTTGT
IBV,ACTTCTAGTTT
IBV,CTCAACCTCTT
IBV,GAGAAAGTA
IBV,GTAGTGTTAACACTAC
IBV,GTTAACACTA
IBV,GCCCTAGGGC
IBV,GTGTGCACTA
IBV,GTTAATACTA
IBV,TGTTTCATTT
IBV,TTATTATAATT
IBV,TTGTCACACA
IBV,TAGTGTTAACACTA
IBV,TTAGTTAAAG
IBV,ACCAGACAC
IBV,ATGGCACCC
IBV,CATAGCTATG
IBV,GCCTACTCT
IBV,GTATCTAAA
IBV,GTGTGCACTA
IBV,GTTAATACTA
IBV,GTTAATACT
IBV,TATAATTTA
IBV,TGCGTTAATA
IBV,TTATCTAAA
IBV,TTATTATAATT
IBV,TTATTATAATT
IBV,GATGGTAAG
IBV,GTGCCCTCT
IBV,TAATTATTA
IBV,TACAATGCAAT
IBV,TATGAACAT
IBV,TCTATAATAAT
IBV,TTAGTAATA
IBV,TTGTTTGTA
IBV,AAACTTACCA
IBV,AATCTACCAG
IBV,AATTGCCACAA
IBV,ACTGGCATGCT
IBV,AGGTTTTAT
IBV,AGTTATAACT
IBV,ATCAAAATCA
IBV,ATCTGTTGG
IBV,ATTCACTTT
IBV,CAATTTCACT
IBV,CACTTAATA
IBV,CACTTTCAGT
IBV,CCAGTTATAA
IBV,CTAGCATTA
IBV,CTGTTGGTA
IBV,CTTACTCAT
IBV,GACAATATG
IBV,GCAATTTTT
IBV,GCAATTTTT
IBV,GGCAATTTT
IBV,GTAAAGGTG
IBV,GTATACAAA
IBV,TAACAGTTA
IBV,TAAGTTTTG
IBV,TATAACTGGC
IBV,TATTATAAT
IBV,TCAACACAA
IBV,TGCATACTG
IBV,TGCCAGTAT
IBV,TGTTGGTAA
IBV,TTACTAAGA
IBV,TTATAAACA
IBV,TTATAATAAT
IBV,TTATTATAATT
IBV,TTGTATAAAA
IBV,TTTCTGAGTAG
IBV,TTTGCTTGT
IBV,TTTTGTATG
IBV,ACTGGCATGCT
IBV,TGCCAGTAT
IBV,AATTTTGTA
IBV,ACCAGAAACTA
IBV,CACTGTAAC
IBV,CCACTGTAA
IBV,CCATATTCG
IBV,GATAATTAT
IBV,TAACAGTTA
IBV,TAGTGAATT
IBV,TCAACACAA
IBV,TGGTCTAAA
IBV,TGGTTCTCA
IBV,TGTTTGTTA
IBV,TTTGCACTA
IBV,ACAAGGTCA
IBV,ACTCAACACAA
IBV,ACTTAATAT
IBV,ACTTAATAT
IBV,ATAATAATA
IBV,CAATATGTT
IBV,CACAAACTGCT
IBV,CGTTATAAG
IBV,CTAGCATTA
IBV,CTGTTGTAA
IBV,CTTCAAGGT
IBV,GGCTTTATT
IBV,GTAAAGGTG
IBV,GTGTATAAA
IBV,GTGTTAATA
IBV,TAATATTACT
IBV,TAATATTACT
IBV,TATTACTAA
IBV,TCTTCACAA
IBV,TCTTCTATA
IBV,TGACCTTGT
IBV,TGGAGTGTA
IBV,TGTACTCAT
IBV,TTATTAACA
IBV,TTATTATAATT
IBV,TTATTTACA
IBV,TTGTAAATA
IBV,TTGTTTGCA
IBV,TTTACTACT
IBV,AAAGTAGTGTTAACACTACTTT
IBV,CAGTGCACTG
IBV,CATAGCTATG
IBV,GTGTGCACTA
IBV,GTTAATACTA
IBV,TAACTTAACA
IBV,AAGGCCATT
IBV,AATGTAACT
IBV,ACAAGGTCA
IBV,ACCGGTCAT
IBV,ACCTAGTAG
IBV,ACTCAACACAA
IBV,AGGTGGTGT
IBV,ATTACTAAT
IBV,ATTTTGTGGTA
IBV,CAATATGTT
IBV,CTAGCATTA
IBV,CTGTTGTAA
IBV,CTTAGCAGA
IBV,GGCCTTATT
IBV,GTAAAGGTG
IBV,GTAGTAATG
IBV,GTGTATAAA
IBV,TACTAATAG
IBV,TCAGAATGC
IBV,TCATTACTA
IBV,TCTTCACAA
IBV,TGAACCTGA
IBV,TTACTAATA
IBV,TTACTACTA
IBV,TTATTATAATT
IBV,TTGAACCTG
IBV,TTGTAAATA
IBV,TTTACTACT
IBV,TTTGAATGT
IBV,TTTTATATT
IBV,ACTTCTAGTTT
IBV,TTAGTAATAAA
IBV,AACAACCACAA
IBV,AAGGCCATT
IBV,ACAAACTGC
IBV,ACCACAAAA
IBV,ACTCAACACAA
IBV,AGAAGATTT
IBV,CAATATGTT
IBV,CTAGCATTA
IBV,CTGTTGTAA
IBV,CTTAGCAGA
IBV,CTTCAAGGT
IBV,GGTTTTATT
IBV,GTAAAGGTG
IBV,GTAGTAATG
IBV,TAATAAGAA
IBV,TACTAATAG
IBV,TCTTACCAC
IBV,TCTTCACAA
IBV,TCTTCTATA
IBV,TGTAACTGA
IBV,TTAATTTGA
IBV,TTACTACTA
IBV,TTATTATAATT
IBV,TTATTTACA
IBV,TTGAACCTG
IBV,TTGTAAATA
IBV,TTGTTTGCA
IBV,TTTACTACT
IBV,TTTGAATGT
IBV,TTTTATATT
IBV,TATAATTTA
IBV,AACATCTGT
IBV,AGAACATGT
IBV,AGAAGATTT
IBV,AGAGAGAAGA
IBV,AGGTGGTGTT
IBV,AGGTTTTATA
IBV,AGTAAGAAT
IBV,CAATATGTT
IBV,CATCCTAATATTAGGATG
IBV,CTAGCATTA
IBV,CTTTATTAAA
IBV,GAATATAAT
IBV,GGTATGGCT
IBV,GTAAAGGTG
IBV,GTAGTGGACC
IBV,GTGGTTATTA
IBV,TAACAACATC
IBV,TAATAAGAA
IBV,TAATAATGGC
IBV,TAATACCAC
IBV,TAATATCTC
IBV,TACTATTAC
IBV,TAGTGAATTT
IBV,TATTATAAT
IBV,TCTGAGTGG
IBV,TCTTGTCAA
IBV,TGAATATAA
IBV,TGGCTAGCCA
IBV,TGGTTTTACA
IBV,TGTTGTTAT
IBV,TTAAAGCTG
IBV,TTAATTTGA
IBV,TTAATTTTT
IBV,TTATCAAAA
IBV,TTGTATAAAA
IBV,TTGTTTGCA
IBV,TTTAAGAGT
IBV,TTTCTGTAA
IBV,CATAGCTATG
IBV,CCATAGATG
IBV,CGTATCTAAA
IBV,GCCTACTCT
IBV,GTGTGCACTA
IBV,GTTAATACTA
IBV,GTTAATACT
IBV,TAATAATTA
IBV,TATAATTTA
IBV,TTATTATAATT
IBV,TTGGGGGAA
IBV,ATAAAATTA
IBV,ATAAAATTA
IBV,ATACTACTA
IBV,GGCATTTAC
IBV,TAAAATTAT
IBV,TATTATAAT
IBV,TGTACAACA
IBV,TGTGTTAGC
IBV,TTAATACTACT
IBV,AAACTATTA
IBV,AACAGATTC
IBV,AAGGCCATT
IBV,AATTTAACA
IBV,ACACTAATA
IBV,AGAACATGT
IBV,ATTTTGTGGTA
IBV,CAAAATGTTCA
IBV,CAATATGTT
IBV,CGTTTACTACT
IBV,CTAGCATTA
IBV,GAGAAAGTA
IBV,GGTGGTGTT
IBV,GGTTCTCAA
IBV,GTAGTGTTAACACTAC
IBV,GTATTGTTC
IBV,TAACAGTTT
IBV,TAATAAGGC
IBV,TACTAACAT
IBV,TAGCCATGA
IBV,TATTATAAT
IBV,TCATTACTA
IBV,TCTGAGTAG
IBV,TTAATTTGA
IBV,TTGTTTGCA
IBV,TTTAATATA
IBV,TTTGTGGTA
IBV,TTTTGAGTG
IBV,AAACTAGTTT
IBV,ACTATTACT
IBV,AGGTGGTGT
IBV,CTCTTAGTGTGT
IBV,CTGTAAGCA
IBV,TACATATGTA
IBV,TACTATAGTA
IBV,TACTGGCAA
IBV,TTAGTACTAA
IBV,AAATAGTGT
IBV,ATTGCTTAC
IBV,GTGTTAACAC
IBV,TTAGTTAAA
IBV,ACCTAATGG
IBV,ACTGGCATGCT
IBV,CCATTAGGT
IBV,CTTCAAAAGAA
IBV,GAAAGTGATGA
IBV,GCAATTTTT
IBV,GCAATTTTT
IBV,TCACTTTCAGT
IBV,TTATTATAATT
IBV,AATTATAAT
IBV,ATGAGAAAT
IBV,CACTGTAAT
IBV,CCAAAGCTTTGG
IBV,GCTGGTGCA
IBV,TAAATAATT
IBV,TAATTATAATTA
IBV,TAGTATTAATACTA
IBV,TCAACACAA
IBV,TTAGTAATA
IBV,AATACTAGTATT
IBV,CTGTTTCATTA
IBV,TACTGGCAA
IBV,AACTGATTCTCAA
IBV,AACTGATTC
IBV,AATAAAAAT
IBV,AATATAATAC
IBV,AATATAATA
IBV,AATATAATA
IBV,AATTTTTAT
IBV,ACTCATTAAT
IBV,ACTGCTGGT
IBV,AGATGGTGG
IBV,AGGTTTTATA
IBV,AGTAAGAAT
IBV,AGTAAGAAT
IBV,ATAACTTTA
IBV,CAATATGTT
IBV,CACAAACAG
IBV,CACTTAATA
IBV,CAGTTACAT
IBV,CATTTAAAT
IBV,CTAGCATTA
IBV,CTATACCATT
IBV,CTCATTAATGGAA
IBV,GAATATAATAATG
IBV,GTAAAGGTG
IBV,GTATACAAA
IBV,GTGTTAACAC
IBV,GTTATAATA
IBV,TAATAATGGC
IBV,TAATACGTG
IBV,TAATATCTC
IBV,TACAAACTGC
IBV,TATAATAAT
IBV,TATATTTAAA
IBV,TATGGCAAG
IBV,TCACTTTCT
IBV,TGAATATAAT
IBV,TGCTGGTTA
IBV,TTAATTTGA
IBV,TTATTATAA
IBV,TTTGCTTGT
IBV,TTTTCTGAGT
IBV,CATTGCATA
IBV,AACAGATTCT
IBV,AACCATCTG
IBV,AATCTGTTT
IBV,ACTTCTAGTTT
IBV,ACTTTTTAT
IBV,AGATGTAAG
IBV,AGCCATAGA
IBV,CAACTCACG
IBV,CAGGTATGA
IBV,CTCTATGATA
IBV,GAAGATCTTC
IBV,GAATCTGTTG
IBV,GTATCTAAA
IBV,GTGTATAAAC
IBV,TAACAACAT
IBV,TATAATTATA
IBV,TCTGTTGTAA
IBV,TGAAACAACT
IBV,TGCTAGAGA
IBV,TTAGTAATAAA
IBV,TTAGTAATA
IBV,TTCACTTCTA
IBV,TTGCATGTC
IBV,TTTCTGAGT
IBV,TTTGTGGTA
IBV,ACACTGTAA
IBV,AGTGATCACT
IBV,CATAGCTATG
IBV,GCCCTAGGGC
IBV,GTGTGCACTA
IBV,GTTAATACTA
IBV,TAACTTAACA
IBV,TTATTATAATT
IBV,TTGTCACACA
IBV,ACTTCTAGTTT
IBV,TAGTGCTACTTT
IBV,TTAGTAATAAA
IBV,AAAGTATTAA
IBV,AGTACTAAT
IBV,AAACCATTA
IBV,ATACTCTAGG
IBV,ATGCCTACT
IBV,CATAGCTATG
IBV,CGGCTTCCAT
IBV,GCCTACTCT
IBV,GTATCTAAA
IBV,GTGTGCACTA
IBV,GTTAATACTA
IBV,GTTAATACT
IBV,TCTTGCTTA
IBV,TTATCTAAA
IBV,TTATTATAATT
IBV,CATAGCTATG
IBV,GCCCTAGGGC
IBV,GTAAGCTTAC
IBV,GTGTGCACTA
IBV,GTTAATACTA
IBV,TAACTTAACA
IBV,TTATTATAATT
IBV,ACTTCTAGTTT
IBV,TTAGTAATAAA
IBV,AAAGAGAAGTT
IBV,AGAGAAGTTAAA
IBV,TAGTGTTAACACTA
IBV,TTATTATAATT
IBV,CAGTCATGGC
IBV,CTAAATTTAG
IBV,GCACCATTAA
IBV,ACTGGCATGCT
IBV,ACTGGTTCTCA
IBV,GCAATTTTT
IBV,GCAATTTTT
IBV,TATGAAAAATG
IBV,TTATTATAATT
IBV,TTTCTGAGTAG
IBV,CATAGCTATG
IBV,GCCCTAGGGC
IBV,GTGTGCACTA
IBV,GTTAATACTA
IBV,TAACTTAACA
IBV,TTATTATAATT
IBV,ACTGGCATGCT
IBV,AGTTATAACT
IBV,CACTTTCAGT
IBV,TATAACTGGC
IBV,TTATAATAAT
IBV,TTATTATAATT
IBV,AAACAAAAC
IBV,AAACTGATT
IBV,AACTGATTT
IBV,ATAATAATT
IBV,ATTCTTTGT
IBV,CTGTAAAAC
IBV,GCACCAGAT
IBV,GTAAAAATTT
IBV,GTAGTGGGCC
IBV,GTATTAATAC
IBV,TAAAACAAT
IBV,TTGGCTTAT
IBV,TTTTACTTCT
IBV,ACTGGCATGCT
IBV,AAATTATAATA
IBV,AATTACATG
IBV,AATTTTGTAGT
IBV,ACCCTGCAT
IBV,ACTGTAATTT
IBV,ATAATATTAT
IBV,CAAAATTGT
IBV,CAAAATTTTG
IBV,CTACTAATT
IBV,GTGTGCACTA
IBV,TAATAATTA
IBV,TAATATTAT
IBV,TATAATCAA
IBV,TATTATAAT
IBV,TCAACACAA
IBV,TTATAATTTA
IBV,TTATTATAATT
IBV,ACTGGCATGCT
IBV,ATTCACTTT
IBV,TATTATAAT
IBV,TCAACACAA
IBV,TGCCAGTAT
IBV,TTATAAACA
IBV,TTATTATAATT
IBV,ACCGCTTTTA
IBV,ACTTCTAGTTT
IBV,CTTTTAAAAG
IBV,GATTTAAATC
IBV,TTCACTTCTA
IBV,ATCTGTTGG
IBV,GAAGATCTTC
IBV,TAATACTACT
IBV,AAACCATTA
IBV,AACAAAACT
IBV,AAGAATTAC
IBV,AAGATCTTT
IBV,AATAATGCC
IBV,AATAATTAT
IBV,ACCATTTTG
IBV,ACTCATCATC
IBV,ACTGTAATTT
IBV,ACTTAATAT
IBV,AGAATCAATT
IBV,AGCTGCAGCT
IBV,AGGAGGTGCT
IBV,AGTTTTAATT
IBV,ATAATAATA
IBV,ATTTTGTGGTA
IBV,ATTTTGTGG
IBV,CAATATGTT
IBV,CACTAAAGA
IBV,CATAGCTATG
IBV,CTAGCATTA
IBV,GACCAGAAAC
IBV,GAGTGCACTC
IBV,GGTTTTATT
IBV,GTAATAATTA
IBV,GTAATAATT
IBV,GTATAAAAA
IBV,GTATACAAA
IBV,GTATCTAAA
IBV,TAACAGTTA
IBV,TAATAAGGC
IBV,TAATATTACT
IBV,TAATATTACT
IBV,TATAATTTA
IBV,TATTACTAA
IBV,TATTATTAT
IBV,TCAACACAA
IBV,TTAATTATT
IBV,TTAATTCTT
IBV,TTACTAAGA
IBV,TTATAATCAA
IBV,TTGTATACAA
IBV,TTGTTTGCA
IBV,TTTGCACTA
IBV,TTTGTGGTA
IBV,TTTTATTTACA
IBV,ACTGTAATTT
IBV,CATAGCTATG
IBV,ATACTCTAGG
IBV,CATAGCTATG
IBV,GTGTGCACTA
IBV,TAACTTAACA
IBV,TTATTATAATT
IBV,TTGTCACACA
IBV,TATAATTTA
IBV,AAACCATTA
IBV,AACAAAACT
IBV,ACTGTTGGT
IBV,ACTTAATAT
IBV,ACTTAATAT
IBV,ATAATAATA
IBV,CAATATGTT
IBV,CATTTTGTG
IBV,CTAGCATTA
IBV,CTGTTGTAA
IBV,GCCTACTCT
IBV,GCTGGTTTA
IBV,GGTTTTATT
IBV,GTAAAGGTG
IBV,GTATCTAAA
IBV,GTGTTAATA
IBV,TAATATTACT
IBV,TAATATTACT
IBV,TATAATTTA
IBV,TATTACTAA
IBV,TCTTGCTTA
IBV,TGGAGTGTA
IBV,TTAATACTA
IBV,TTATTTACA
IBV,TTGTAAATA
IBV,AAATTCTTG
IBV,ACCATATTC
IBV,GAAATGATA
IBV,TTAATACTA
IBV,TTATAATAAT
IBV,TTATAATAAT
IBV,TTATAATAA
IBV,TTATCTAAA
IBV,TTATTATAATT
IBV,ATAGTGTTT
IBV,CACTTAATA
IBV,CCTGCAGTA
IBV,CTAGCATTA
IBV,GCCTGCAGT
IBV,GTCTATTAG
IBV,TTATTTACA
IBV,ACATTGTTT
IBV,ACCACCAAA
IBV,ACTAATAAA
IBV,ACTTCTAGTTT
IBV,AGAAGATTT
IBV,AGGTGGCGTT
IBV,AGTGCTTCT
IBV,ATCCTAGGAT
IBV,ATTTAACAA
IBV,ATTTTGTGGTA
IBV,CAATATGTT
IBV,CCTATTAGAT
IBV,CTAATTCTT
IBV,CTAGCATTA
IBV,CTATACCATT
IBV,GGTTTTATT
IBV,GTATAACAC
IBV,GTATACAAA
IBV,GTATATATAC
IBV,TAAAATTAT
IBV,TAAAGGTCCT
IBV,TAACAAAAC
IBV,TAACAGTTA
IBV,TAATAAGAA
IBV,TATAATTATA
IBV,TATTACTAA
IBV,TGGTCTAAAA
IBV,TGGTTCTCA
IBV,TGTAAGTAA
IBV,TTAGTAATAAA
IBV,TTATAATAAT
IBV,TTATAATAA
IBV,TTATACTCA
IBV,TTATTTAAA
IBV,TTATTTACA
IBV,TTCACTTCT
IBV,TTGTATACAA
IBV,TTGTTTGCA
IBV,TTTGTGGTA
IBV,CATAGCTATG
IBV,GTGTGCACTA
IBV,GTTAATACTA
IBV,TAACTTAACA
IBV,TTATTATAATT
IBV,TTGTCACACA
IBV,ACAAAACTAC
IBV,ACTGTAATTT
IBV,CATAGCTATG
IBV,CGTATCTAAA
IBV,GTTAATACTA
IBV,TTATTATAATT
IBV,TATGCAAGA
IBV,ACTTCTAGTTT
IBV,ACTTTAAAGT
IBV,GATTTAAATC
IBV,TATAATTATA
IBV,TTCACTTCTA
IBV,CATAGCTATG
IBV,GCCCTAGGGC
IBV,GTGTGCACTA
IBV,GTTAATACTA
IBV,TAACTTAACA
IBV,TTATTATAATT
IBV,TTGTCACACA
IBV,TTATTATAATT
IBV,ACTGTTGGT
IBV,GCCTACTCT
IBV,GTATCTAAA
IBV,TATAATTTA
IBV,TCTTGCTTA
IBV,TTAATACTA
IBV,TTATTATAATT
IBV,ACTGTTGGT
IBV,GCCTACTCT
IBV,GTATCTAAA
IBV,GTTAATACT
IBV,TAATAATTA
IBV,TATAATTTA
IBV,TTATTATAATT
IBV,TTTGATTAT
IBV,TTATTATAATT
IBV,ACATTGTAG
IBV,TTACTAACA
IBV,CATAGCTATG
IBV,GCCCTAGGGC
IBV,GTGTGCACTA
IBV,GTTAATACTA
IBV,TAACTTAACA
IBV,TTATTATAATT
IBV,TTGTCACACA
IBV,TATGCAAGA
IBV,AACCTTGAC
IBV,AAGTGCTTTTA
IBV,ACTCTTTTG
IBV,AGTAAGAAT
IBV,ATAAAAGTG
IBV,ATTACTAAT
IBV,ATTATCAAA
IBV,ATTTCTGCT
IBV,ATTTTTCAT
IBV,CACCTAGAG
IBV,CACTTTTTATA
IBV,CTAGCATTA
IBV,GCAACTTGT
IBV,GGTCTCATT
IBV,GTATAAAAA
IBV,TAATGTTTC
IBV,TAGGCAATT
IBV,TATAACGGT
IBV,TATAATAAT
IBV,TATTATTAT
IBV,TCAACAAAA
IBV,TCATTCCAC
IBV,TGCTTTTAA
IBV,TGTATAAAA
IBV,TTAACAGGT
IBV,TTAACTCAC
IBV,TTAATTTTT
IBV,TTACTAATATT
IBV,TTGTAAATA
IBV,TTTAATATA
IBV,TTTGTGGTA
IBV,CAGTGCACTG
IBV,CTAAATTTAG
IBV,AAGGCCATT
IBV,AATTTTGTA
IBV,ACATTGTTT
IBV,ACCACCAAA
IBV,AGTGCTTCT
IBV,ATTGTTTAT
IBV,ATTTTGTGGTA
IBV,CAATATGTT
IBV,CAATTTCAC
IBV,CTAGCATTA
IBV,CTTCAAGGT
IBV,GGGTGTAAG
IBV,GGTACTGTG
IBV,GTATACAAA
IBV,GTCTAAAAC
IBV,GTGTATAAACA
IBV,GTGTTAATA
IBV,TAACAAAAC
IBV,TAACAGTTA
IBV,TAATAATAG
IBV,TATTATAAT
IBV,TCAACACAA
IBV,TCTGAGTAG
IBV,TTATAATAA
IBV,TTATTAACA
IBV,TTATTATAATT
IBV,TTATTTACA
IBV,TTGTTTGCA
IBV,TTTATAATG
IBV,TTTCTCTTG
IBV,TTTGTGGTA
IBV,AAACTTACCA
IBV,AATCTACCAG
IBV,AATTGCCACAA
IBV,ACCCAGTCA
IBV,ACTGGCATGCT
IBV,AGGTTTTAT
IBV,AGTTATAACT
IBV,ATCAAAATCA
IBV,ATCTGTTGG
IBV,ATTCACTTT
IBV,CAATTTCACT
IBV,CACTTAATA
IBV,CACTTTCAGT
IBV,CCAGTTATAA
IBV,CCATTAGGT
IBV,CCTGCAGTA
IBV,CTGTTGGTA
IBV,CTTACTCAT
IBV,GCAATTTTT
IBV,GCAATTTTT
IBV,GCCTGCAGT
IBV,GGCAATTTT
IBV,GTAAAGGTG
IBV,GTATACAAA
IBV,TAACAGTTA
IBV,TAAGTTTTG
IBV,TATAACTGGC
IBV,TATTATAAT
IBV,TCAACACAA
IBV,TCTGGAGTG
IBV,TGCATACTG
IBV,TGCCAGTAT
IBV,TGTCAAGTA
IBV,TGTTGGTAA
IBV,TTACTAAGA
IBV,TTATAAACA
IBV,TTATAATAAT
IBV,TTATTATAATT
IBV,TTCTGAGTAG
IBV,TTGTATAAAA
IBV,TTTGCTTGT
IBV,TTTTGTATG
IBV,AATAATTATA
IBV,AATACTAGTATT
IBV,AGGTGGTTGT
IBV,CTGTTTCATTA
IBV,GTTATTATAA
IBV,TAATACAGGTGGT
IBV,TAGTTAATGT
IBV,AAACCATTA
IBV,ACTTAATAT
IBV,ACTTAATAT
IBV,ATAATAATA
IBV,CAATATGTT
IBV,CAATTTCAC
IBV,CATTTTGTG
IBV,CTAGCATTA
IBV,CTGTTGTAA
IBV,GCCTACTCT
IBV,GCTGGTTTA
IBV,GGTTTTATT
IBV,GTAAAGGTG
IBV,GTATCTAAA
IBV,GTGTTAATA
IBV,TAATAAAAC
IBV,TAATAATTA
IBV,TAATATTACT
IBV,TAATATTACT
IBV,TATTACTAA
IBV,TCTTGCTTA
IBV,TGTACTCAT
IBV,TTATTAACA
IBV,TTATTTACA
IBV,TTGTAAATA
IBV,AAACCATTA
IBV,ACTGTTGGT
IBV,GCCTACTCT
IBV,GTATCTAAA
IBV,TAATAAAAC
IBV,TATAATTTA
IBV,TCTTGCTTA
IBV,TGACAAATT
IBV,TTAATACTA
IBV,TTATTATAATT
IBV,TTTGTCACACA
IBV,TTATTATAATT
IBV,AATTATAATT
IBV,AATTATAAT
IBV,ATTATAATT
IBV,CACCTTTACA
IBV,GTGTTAACAC
IBV,TAATTCACCAA
IBV,TTATAATAAT
IBV,TTATTATAATT
IBV,AAACTGGTT
IBV,AACTTTTCC
IBV,AAGGCCATT
IBV,ACACTGTAA
IBV,ACCTAGTAG
IBV,AGAACATGT
IBV,AGAAGACTT
IBV,AGAATTTTA
IBV,ATAGTATAA
IBV,CAATATGTT
IBV,CTAGCATTA
IBV,GATGTTGTT
IBV,GGTTTTGTT
IBV,GTAAAGGTG
IBV,TAATACCAC
IBV,TCATTACTA
IBV,TGTTGTTAT
IBV,TTAAAGCTG
IBV,TTAATTTGA
IBV,TTAATTTTT
IBV,TTGAACCTG
IBV,TTTGAATGT
IBV,TTTTATATT
IBV,TTTTGTTAA
IBV,AAATTATAATA
IBV,ACTGTTGGT
IBV,ATAATATTAT
IBV,CAGTGCACTG
IBV,CGTATCTAAA
IBV,GCCTACTCT
IBV,GTGTGCACTA
IBV,GTTAATACTA
IBV,GTTAATACT
IBV,TAATAATTA
IBV,TAATATTAT
IBV,TAGTAATAA
IBV,TTATAATTTA
IBV,TTATTATAATT
IBV,AAATGGCCATTT
IBV,ACTGGCATGCT
IBV,TTATTATAATT
IBV,AACCTCTTTTA
IBV,ACTTCTAGTTT
IBV,CATAGCTATG
IBV,GTGTGCACTA
IBV,TATAATTATA
IBV,TTAGTAATAAA
IBV,TTCACTTCTA
IBV,AACTAATTT
IBV,ACATCTTCG
IBV,ATGAAAAAT
IBV,GCAGGTGGTGC
IBV,GTAAAGGTG
IBV,TAAACGTGG
IBV,TAGTATTAATACTA
IBV,TATTATAAT
IBV,TCAACACAA
IBV,TGGTGAGTT
IBV,TGGTGGTGT
IBV,TGTAAACAC
IBV,TTAACTCAC
IBV,TTATTATAATT
IBV,TTGAAAAAG
IBV,TTTACTACT
IBV,AATTTTGTA
IBV,ATTGTTTAT
IBV,TAGTGAATT
IBV,TATTATAAT
IBV,TCAACACAA
IBV,TTATAATAA
IBV,TTATTATAATT
IBV,TTATTATAATT
IBV,TTATTATAATT
IBV,AATAATTATA
IBV,AATACTAGTATT
IBV,AGGTGGTTGT
IBV,CTGTTTCATTA
IBV,GTTATTATAA
IBV,TAATACAGGTGGT
IBV,TAGTTAATGT
IBV,TTATTATAATT
IBV,ACCAGACAC
IBV,CATAGCTATG
IBV,GCCTACTCT
IBV,GTATCTAAA
IBV,GTGTGCACTA
IBV,GTTAATACTA
IBV,GTTAATACT
IBV,TATAATTTA
IBV,TGCGTTAATA
IBV,TTATCTAAA
IBV,TTATTATAATT
IBV,CGTTTACTACT
IBV,GTAGTGTTAACACTAC
IBV,AAATAAACG
IBV,TAAATAAAC
IBV,AAACCATTA
IBV,ACTGTTGGT
IBV,ACTTAATAT
IBV,ACTTAATAT
IBV,ATAATAATA
IBV,CAATATGTT
IBV,CATTTTGTG
IBV,CTAGCATTA
IBV,CTGGCTTGT
IBV,CTGTTGTAA
IBV,GCTGGTTTA
IBV,GGTTTTATT
IBV,GTATCTAAA
IBV,GTGTTAATA
IBV,TAACAGGCA
IBV,TAATATTACT
IBV,TAATATTACT
IBV,TATAATTTA
IBV,TATTACTAA
IBV,TCTTACCAC
IBV,TCTTGCTTA
IBV,TGGAGTGTA
IBV,TGTACTCAT
IBV,TTAATACTA
IBV,TTATTAACA
IBV,TTATTTACA
IBV,TTGTAAATA
IBV,AAATAATTT
IBV,ACATTATTT
IBV,ATTAATAAA
IBV,TAAAATTAT
IBV,TAGATATTA
IBV,TGAAAAGAA
IBV,TGATTTAAATCA
IBV,TGTTGATTA
IBV,TTATAATAATT
IBV,AAACTAGTTT
IBV,ACCATCTGT
IBV,ACTTAGTGT
IBV,ATTACCAAA
IBV,CTGTAAGCA
IBV,CTTAGTGTGT
IBV,GCACCATCT
IBV,TACATATGTA
IBV,TACTATAGTA
IBV,TACTGGCAA
IBV,TCTAATAATT
IBV,TTAACACCA
IBV,TTAATTTTA
IBV,TTAGTACTAA
IBV,TTTTATAATAAT
IBV,AAACCATTA
IBV,ACACATTGT
IBV,CATAGCTATG
IBV,GCCCTAGGGC
IBV,GTGTGCACTA
IBV,GTTAATACTA
IBV,TTATTATAATT
IBV,TTGTCACACA
IBV,AACGTCTAC
IBV,ATTAAATTTAAT
IBV,TGTTGTTAT
IBV,ACACTGTAA
IBV,AAACCATTA
IBV,AACAAAACT
IBV,ACTGTTGGT
IBV,ACTTAATAT
IBV,ACTTAATAT
IBV,AGTTTTAAGT
IBV,ATAATAATA
IBV,CAATATGTT
IBV,CATAGCTATG
IBV,CATTTTGTG
IBV,CTAGCATTA
IBV,CTGTTGTAA
IBV,GCCTACTCT
IBV,GCTGGTTTA
IBV,GGAATGATAC
IBV,GGTGGTGTTA
IBV,GGTTTTATT
IBV,GTAAAGGTG
IBV,GTATCTAAA
IBV,GTATTGAACC
IBV,GTGTGCACTA
IBV,GTGTTAATA
IBV,TAACAGGCA
IBV,TAATATTACT
IBV,TAATATTACT
IBV,TATAATTTA
IBV,TATTACTAA
IBV,TCTTACCAC
IBV,TCTTGCTTA
IBV,TGGAGTGTA
IBV,TGGCTAGCCA
IBV,TGTACTCAT
IBV,TGTTTCAACA
IBV,TTAATACTA
IBV,TTATTAACA
IBV,TTATTTACA
IBV,TTGTAAATA
IBV,TTGTCACACA
IBV,TTTTGTGGTA
IBV,GTTTATAAAC
IBV,TACAGCAAT
IBV,TATAAACCT
IBV,ACTGTTGGT
IBV,GCCTACTCT
IBV,GTATCTAAA
IBV,GTTAATACT
IBV,TATAATTTA
IBV,TTATCTAAA
IBV,TTATTATAATT
IBV,ACTGGCATGCT
IBV,TTATTATAATT
IBV,ATACTCTAGG
IBV,CATAGCTATG
IBV,GTGTGCACTA
IBV,GTTAATACTA
IBV,TAACTTAACA
IBV,TTATTATAATT
IBV,AAACTATTA
IBV,AATTATAATT
IBV,AATTATAAT
IBV,ACGTCGTATACGACGT
IBV,ATTAATAAT
IBV,ATTATAATT
IBV,CACCTTTACA
IBV,GTAAAGGTG
IBV,GTGTTAACAC
IBV,TAATTCACCA
IBV,TACTAAAGA
IBV,TTAATAATA
IBV,TTAGTTAAA
IBV,TTATAATAAT
IBV,TTATTATAATT
IBV,TTCTTTAAC
IBV,ATAATAATA
IBV,GGTCTCATT
IBV,ACTTCTAGTTT
IBV,TTAGTAAAA
IBV,AATAATTATA
IBV,AATACTAGTATT
IBV,AGGTGGTTGT
IBV,CTGTTTCATTA
IBV,GTTATTATAA
IBV,TAATACAGGTGGT
IBV,TAGTTAATGT
IBV,ACTTCTAGTTT
IBV,TTAGTAATAAA
IBV,AAAATTTTT
IBV,AAATAATTT
IBV,AGATGTTAA
IBV,AGTAAAATT
IBV,ATTTTGAAA
IBV,TAAAATTAT
IBV,TAAAATTAT
IBV,TAATAAACA
IBV,TATATTAGA
IBV,TCAAAATTT
IBV,TTATAATAATT
IBV,TTTAATAAA
IBV,ACTGGCATGCT
IBV,TTATTATAATT
IBV,ACACTGTAA
IBV,AATTATAATT
IBV,AATTATAAT
IBV,ACTGGCTGGC
IBV,ATTATAATT
IBV,CACCTTTACA
IBV,GTGTTAACAC
IBV,TAATTCACCAA
IBV,TTATAATAAT
IBV,TTATTATAATT
IBV,AAATAGTGT
IBV,TTATTAATAGT
IBV,GTGTTAACAC
IBV,ACTAAATAC
IBV,AGTTATAACT
IBV,ATAAAATTA
IBV,ATAATAATTA
IBV,CCTTTAACA
IBV,GTATTAATAC
IBV,TAAAATTAT
IBV,TATTATAATT
IBV,TCAACACAA
IBV,TGCCAGTAT
IBV,TGGCATGCCA
IBV,TGGTCTAAA
IBV,TTATAATAAT
IBV,AATTATAATT
IBV,GTGTTAACAC
IBV,CATAGCTATG
IBV,GCCCTAGGGC
IBV,GTGTGCACTA
IBV,GTTAATACTA
IBV,TAACTTAACA
IBV,TTATTATAATT
IBV,TTGTCACACA
IBV,AACACCACC
IBV,ACCACCTTG
IBV,GTGTTAACAC
IBV,GTTTATAAAC
IBV,TAATACTACT
IBV,TTATTATAATT
IBV,AAACCATTA
IBV,AAGAATTGA
IBV,AATCAAAGT
IBV,ACCATTTTG
IBV,ACTTAATAT
IBV,AGAAGATTT
IBV,ATTACTAAT
IBV,CAATATGTT
IBV,CATTTTGTG
IBV,CTGGCTTGT
IBV,CTGTTGTAA
IBV,GCACTATTG
IBV,GCTGGTTTA
IBV,GTAAAGGTG
IBV,GTATCTAAA
IBV,TAATACTGG
IBV,TAATATTACT
IBV,TAATATTACT
IBV,TATAATTTA
IBV,TATTACTAA
IBV,TCATTACTA
IBV,TCTTGCTTA
IBV,TGTACTCAT
IBV,TGTTATTAA
IBV,TTACTAATA
IBV,TTATCTAAA
IBV,TTATTAACA
IBV,TTATTTACA
IBV,TTGTAAATA
IBV,TTTAGCAGA
IBV,TTTCTGAGT
IBV,AGGGCCATAT
IBV,CATGTACATG
IBV,GTAGTGGACC
IBV,GTGGTTATTA
IBV,TCTAAATTTAGA
IBV,AGAATATTCT
IBV,TTATTAATAGT
IBV,AACAGATTCT
IBV,AACCATCTG
IBV,AATAAAAAT
IBV,AATAATGCCG
IBV,AATCAAAGT
IBV,AATCTGTTT
IBV,ACCATTTTG
IBV,ACTGTTGGT
IBV,ACTTCTAGTTT
IBV,AGATGTAAG
IBV,AGCCATAGA
IBV,ATTACTAAT
IBV,ATTACTAAT
IBV,CAACTCACG
IBV,CACTTAATA
IBV,CATACTGCT
IBV,CATAGCTATG
IBV,CATTTTGTG
IBV,GAAGATCTTC
IBV,GAATCTGTTG
IBV,GTATCTAAA
IBV,GTGTATAAAC
IBV,GTGTGCACTA
IBV,TAACAACAT
IBV,TAATAATGGC
IBV,TATAATTATA
IBV,TATGGCAAG
IBV,TCATTACTA
IBV,TCATTATCT
IBV,TCTGTTGTAA
IBV,TGAAACAACT
IBV,TGCTAGAGA
IBV,TGTTATTAA
IBV,TTAATCCCTG
IBV,TTAGTAATAAA
IBV,TTAGTAATA
IBV,TTCACTTCTA
IBV,TTGCATGTC
IBV,TTTCTGAGT
IBV,TTTGTGGTA
IBV,GCCCTAGGGC
IBV,GTGTGCACTA
IBV,GTTAATACTA
IBV,TTATTATAATT
IBV,TTGTCACACA
IBV,TTATTATAATT
IBV,AAACCATTA
IBV,AACAAAACT
IBV,ACTGTTGGT
IBV,ACTTAATAT
IBV,ACTTAATAT
IBV,ATAATAATA
IBV,ATGGCACCT
IBV,CAATATGTT
IBV,CATTTTGTG
IBV,CTAGCATTA
IBV,CTGTTGTAA
IBV,CTTCAAGGT
IBV,GCCTACTCT
IBV,GGTTTTATT
IBV,GTAAAGGTG
IBV,GTATCTAAA
IBV,GTGTTAATA
IBV,GTGTTAATA
IBV,GTTAATACT
IBV,TAACAGGCA
IBV,TAATATTACT
IBV,TAATATTACT
IBV,TATAATTTA
IBV,TATTACTAA
IBV,TGGAGTGTA
IBV,TGTACTCAT
IBV,TTATCTAAA
IBV,TTATTAACA
IBV,TTATTTACA
IBV,TTGTAAATA
IBV,TAATACAGGTGGT
IBV,TTTCATTAACA
IBV,AACCTTGAC
IBV,AGTAAGAAT
IBV,GGTCTCATT
IBV,TAGACCATT
IBV,TATAATAAT
IBV,TATTATTAT
IBV,TGATAACTA
IBV,TTAACTCAC
IBV,ACTGCTCAG
IBV,ACTGGCATGCT
IBV,ATTCACTTT
IBV,TATTATAAT
IBV,TCAACACAA
IBV,TGCCAGTAT
IBV,TTATAAACA
IBV,TTATTATAATT
IBV,ACTGTTGGT
IBV,CATAGCTATG
IBV,GCCCTAGGGC
IBV,GCCTACTCT
IBV,GTATCTAAA
IBV,GTGTGCACTA
IBV,GTTAATACTA
IBV,TAATAATTA
IBV,TATAATTTA
IBV,TCTTGCTTA
IBV,TTATTATAATT
IBV,TTGTCACACA
IBV,ACTTCTAGTTT
IBV,TAGTGCTACTTT
IBV,AAACCATTA
IBV,ACTAATATTAGT
IBV,TTATAATAA
IBV,TTATTATAA
IBV,ACCTGCAGGT
IBV,TAGTGCACTA
IBV,AAATTATAATA
IBV,AATAATTAT
IBV,AATTACATG
IBV,AATTTTGTAGT
IBV,ACCCTGCAT
IBV,ATAATATTAT
IBV,CAAAATTTTG
IBV,CTACTAATT
IBV,GTGTGCACTA
IBV,TAATAATTA
IBV,TAATATTAT
IBV,TATAATCAA
IBV,TATTATAAT
IBV,TCAACACAA
IBV,TTATAATTTA
IBV,TTATTATAATT
IBV,ACTGTTGGT
IBV,GCCTACTCT
IBV,GTATCTAAA
IBV,TATAATTTA
IBV,TCTTGCTTA
IBV,TTATCTAAA
IBV,TTATTATAATT
IBV,TCTTGCTTA
IBV,TCTTGCTTA
IBV,TTATTATAATT
IBV,ACTGGCATGCT
IBV,ATTCACTTT
IBV,TATTATAAT
IBV,TCAACACAA
IBV,TGCCAGTAT
IBV,TTATAAACA
IBV,TTATTATAATT
IBV,CATAGCTATG
IBV,GCCCTAGGGC
IBV,GTGTGCACTA
IBV,TAACTTAACA
IBV,TTATTATAATT
IBV,AAATATTAA
IBV,AAATTTAAA
IBV,ACTTAATAT
IBV,CAAACATAT
IBV,CAATATGTT
IBV,CATCCTAATATTAGGATG
IBV,CCTCTGTAA
IBV,GGTTTTATT
IBV,GTGTATAAA
IBV,TAAAATTAT
IBV,TAATAAGAA
IBV,TAATATTAG
IBV,TATTAACAA
IBV,TGACCTTGT
IBV,TGCAATTTT
IBV,TGTACTCAT
IBV,TGTTGGTTA
IBV,TTAGTTAAG
IBV,TTATAATAA
IBV,TTATTTAAA
IBV,TTCTCTTGA
IBV,TTGTTTGCA
IBV,TTTGCACTA
IBV,CATAGCTATG
IBV,GCCCTAGGGC
IBV,GTGTGCACTA
IBV,GTTAATACTA
IBV,TAACTTAACA
IBV,TTATTATAATT
IBV,TTGTCACACA
IBV,ACTCAACACAA
IBV,TTATTATAATT
IBV,GTGTTAACAC
IBV,ATAAATTTAT
IBV,GGCAGCTGCC
IBV,TATAGCTATA
IBV,TGCTATAGCA
IBV,ACCAGACAC
IBV,CATAGCTATG
IBV,GCCTACTCT
IBV,GTATCTAAA
IBV,GTGTGCACTA
IBV,GTTAATACTA
IBV,GTTAATACT
IBV,TATAATTTA
IBV,TGCGTTAATA
IBV,TTATCTAAA
IBV,TTATTATAATT
IBV,CATAGCTATG
IBV,GTGTGCACTA
IBV,GTTAATACTA
IBV,TAACTTAACA
IBV,TTATTATAATT
IBV,AAAGTATTAA
IBV,ACCTGCAGGT
IBV,AGTACTAATG
IBV,CTCAACCTCTT
IBV,AAACCATTA
IBV,ACTGTTGGT
IBV,ACTTAATAT
IBV,ACTTAATAT
IBV,ATAATAATA
IBV,CAATATGTT
IBV,CTAGCATTA
IBV,CTGTTGTAA
IBV,GCTGGTTTA
IBV,GGTTTTATT
IBV,GTAAAGGTG
IBV,GTATCTAAA
IBV,GTGTTAATA
IBV,TAACAGGCA
IBV,TAATATTACT
IBV,TAATATTACT
IBV,TACTAATATTACT
IBV,TATAATTTA
IBV,TATTACTAA
IBV,TCTTACCAC
IBV,TCTTGCTTA
IBV,TGTACTCAT
IBV,TTAATACTA
IBV,TTATCTAAA
IBV,TTATTAACA
IBV,TTATTTACA
IBV,TTGTAAATA
IBV,ACACATTGT
IBV,TATGCAAGA
IBV,AAACTTACCA
IBV,AATCTACCAG
IBV,AATTGCCACAA
IBV,ACCCAGTCA
IBV,ACTGGCATGCT
IBV,AGGTTTTAT
IBV,AGTTATAACT
IBV,ATCAAAATCA
IBV,ATCTGTTGG
IBV,ATTCACTTT
IBV,CAATTTCACT
IBV,CACTTAATA
IBV,CACTTTCAGT
IBV,CCAGTTATAA
IBV,CCATTAGGT
IBV,CCTGCAGTA
IBV,CTGTTGGTA
IBV,CTTACTCAT
IBV,GCAATTTTT
IBV,GCAATTTTT
IBV,GCCTGCAGT
IBV,GGCAATTTT
IBV,GTAAAGGTG
IBV,GTATACAAA
IBV,TAACAGTTA
IBV,TAAGTTTTG
IBV,TATTATAAT
IBV,TCAACACAA
IBV,TCTGGAGTG
IBV,TGCATACTG
IBV,TGCCAGTAT
IBV,TGTCAAGTA
IBV,TGTTGGTAA
IBV,TTACTAAGA
IBV,TTATAAACA
IBV,TTATAATAAT
IBV,TTATTATAATT
IBV,TTCTGAGTAG
IBV,TTGTATAAAA
IBV,TTTGCTTGT
IBV,TTTTGTATG
IBV,CATAGCTATG
IBV,GTGTGCACTA
IBV,GTTAATACTA
IBV,TAACTTAACA
IBV,TTATTATAATT
IBV,CATAGCTATG
IBV,GTGTGCACTA
IBV,TTATAATTTA
IBV,TTATTATAATAA
IBV,TATAATTTA
IBV,AAACTGCTG
IBV,AAACTGCTG
IBV,AAGAACTGG
IBV,AAGATCTTT
IBV,AATGTTTCG
IBV,ACAAACTGC
IBV,ACATTACTAAGA
IBV,ACCAGTTATAA
IBV,ACCTAGTAG
IBV,AGAAGTACTTCT
IBV,AGAGAAGTA
IBV,AGAGTGATG
IBV,AGCTGGTTT
IBV,AGGTGGTGTTAA
IBV,AGTAAGAAT
IBV,ATCTGTTGG
IBV,ATGGCCTTA
IBV,ATGGCCTTA
IBV,ATTTTTCAA
IBV,CAATATGTT
IBV,CACGCAAAA
IBV,CACTTAATA
IBV,CAGTTTTAT
IBV,GCAATTTTT
IBV,GCAATTTTT
IBV,GTGTTAACA
IBV,GTGTTAACA
IBV,GTGTTAACA
IBV,TAGTGTTAACACTA
IBV,TATGGCAAG
IBV,TGAATCTGTTG
IBV,TGTATAAAA
IBV,TGTGTTAAC
IBV,TGTTAATGA
IBV,TTATTATAATT
IBV,TTTACTACT
IBV,TTTCAACAA
IBV,TTTGATGAC
IBV,TTTTATTTACA
IBV,TATAATTTA
IBV,CAGTGCACTG
IBV,CATAGCTATG
IBV,CGTATCTAAA
IBV,GTGTGCACTA
IBV,GTTAATACTA
IBV,TTATTATAATT
IBV,TTATTATAATT
IBV,AAAAAGAAGAT
IBV,AACAGATTCT
IBV,AACAGCCAC
IBV,AGCAGATGCT
IBV,AGTGATTTT
IBV,AGTTATAACT
IBV,ATAGTGTTT
IBV,ATATAATAATG
IBV,ATATTAAAATCAC
IBV,ATTAAAATCA
IBV,ATTAGTAGGT
IBV,ATTTTGTGG
IBV,CAATATGTT
IBV,CACTTAATA
IBV,CACTTACAT
IBV,CGTAATAATT
IBV,CTAGCATTA
IBV,CTATACCATT
IBV,GAAGATCTTC
IBV,GACATCTTC
IBV,GGTACTATT
IBV,GTCTATTAG
IBV,GTGTCGACAC
IBV,GTTGCTGGT
IBV,TAATAATGG
IBV,TAATATTACT
IBV,TACTAATGT
IBV,TAGTGTCAA
IBV,TAGTGTTTC
IBV,TAGTTAGTGT
IBV,TATAATAAT
IBV,TATTACTAA
IBV,TATTATAAT
IBV,TGACAATTC
IBV,TGCACCTGA
IBV,TTATTATAATT
IBV,TTTCTGAGT
IBV,TTTGCTTAATA
IBV,TTTGTGGTA
IBV,TTTTGTGGTA
IBV,AAACGTCTG
IBV,AACTAATTT
IBV,ACTACTTTG
IBV,ACTGCTGGT
IBV,CAGGTCTAA
IBV,CCTTGTACAAGG
IBV,GTTCATTTC
IBV,TATATTATA
IBV,TCTATCCTT
IBV,TGCTGGTTA
IBV,TTATTATAATT
IBV,TTATTATAATT
IBV,AAACTGGAC
IBV,AAATAATTT
IBV,AAATTTAAA
IBV,AAGCATGCTT
IBV,AAGCCTACT
IBV,AAGGTCAATCA
IBV,AAGTAGTGA
IBV,AATACAGAAA
IBV,ACATTATTT
IBV,ACTTATAAAA
IBV,AGAAGATTT
IBV,ATAGTAAAT
IBV,ATTTAAATCA
IBV,CAAATGATTAA
IBV,CAACATCTT
IBV,CAGTATGTT
IBV,CAGTTACCAC
IBV,CATTATAATG
IBV,CCTTTTAGC
IBV,CGTAGTTAG
IBV,GATTCTTCTG
IBV,GTGATTTAA
IBV,GTTTTAAAAC
IBV,GTTTTATTA
IBV,TAAAATTAT
IBV,TAAAATTAT
IBV,TAAATAATTTC
IBV,TAAATTAAA
IBV,TAAATTTAA
IBV,TAAGCCTAT
IBV,TAATAAAACA
IBV,TAATAAGAA
IBV,TAATACAGG
IBV,TAGCATATT
IBV,TATTCAGTATG
IBV,TATTCAGTA
IBV,TCTGGTTTA
IBV,TGAAAAGAA
IBV,TGAAACTTT
IBV,TGCTTGTTT
IBV,TGGCATGTA
IBV,TGTTGATTA
IBV,TGTTTATTAA
IBV,TTAAATTTAA
IBV,TTAATCATTTG
IBV,TTACTACAC
IBV,TTAGATAATT
IBV,TTAGCAGCTGCTAA
IBV,TTATAATAATT
IBV,TTGCAATTT
IBV,TTGTGCACAA
IBV,TTTAATAAA
IBV,TTTAATAAA
IBV,TTTAATACT
IBV,AATTATAATT
IBV,AATTATAATT
IBV,ACTAATATTAGT
IBV,ATAATTATAATT
IBV,ATTATAATTATAAT
IBV,AACAAAATA
IBV,AAAACTTAAGTTTT
IBV,AACACCACC
IBV,ATTATTAATA
IBV,GTTTATAAAC
IBV,ACTGGCATGCT
IBV,ACTGGTTCTCA
IBV,TTATTAATAGT
IBV,TTATTATAATT
IBV,ACTAATATTAGT
IBV,AACTGCTGATTA
IBV,TTAGTAAAA
IBV,TTAGTAAAA
IBV,CATAGCTATG
IBV,GTGTGCACTA
IBV,GTTAATACTA
IBV,TAACTTAACA
IBV,TTATTATAATT
IBV,ACACTGTAA
IBV,GTGTTAACAC
IBV,TTAGTTAAA
IBV,AAACCATTA
IBV,AACAAAACT
IBV,ACTGTTGGT
IBV,ACTTAATAT
IBV,ACTTAATAT
IBV,ATAATAATA
IBV,CAATATGTT
IBV,CATTTTGTG
IBV,CATTTTGTG
IBV,CTAGCATTA
IBV,CTGTTGTAA
IBV,GCCTACTCT
IBV,GCTGGTTTA
IBV,GGTTTTATT
IBV,GTAAAGGTG
IBV,GTATCTAAA
IBV,GTGTGCACT
IBV,GTGTTAATA
IBV,TAACAGGCA
IBV,TAATATTACT
IBV,TAATATTACT
IBV,TATAATTTA
IBV,TATTACTAA
IBV,TCTTACCAC
IBV,TCTTGCTTA
IBV,TGGAGTGTA
IBV,TGTACTCAT
IBV,TTAATACTA
IBV,TTATTAACA
IBV,TTATTTACA
IBV,TTGTAAATA
IBV,ACTTCTAGTTT
IBV,ACTTTAAAGT
IBV,GATTTAAATC
IBV,TATAATTATA
IBV,TTCACTTCTA
IBV,ACTTCTAGTTT
IBV,TTAGTAATAAA
IBV,AAAGTATTAA
IBV,TACTTTCTA
IBV,ACTGGCATGCT
IBV,ACTGGTTCTCA
IBV,TTATTAATAGT
IBV,TTATTATAATT
IBV,AAACCATTA
IBV,AACAAAACT
IBV,ACTGTTGGT
IBV,ACTTAATAT
IBV,ATAATAATA
IBV,ATGGCACCT
IBV,CAATATGTT
IBV,CATTTTGTG
IBV,CTAATATTACT
IBV,CTAATATTA
IBV,CTGTTGTAA
IBV,CTTCAAGGT
IBV,GCCTACTCT
IBV,GGTGGTGTTAATA
IBV,GGTTTTATT
IBV,GTAAAGGTG
IBV,GTATCTAAA
IBV,GTGTTAATA
IBV,GTTAATACT
IBV,TAACAGGCA
IBV,TATAATTTA
IBV,TATTACTAA
IBV,TGGAGTGTA
IBV,TGTACTCAT
IBV,TTATCTAAA
IBV,TTATTAACA
IBV,TTATTATAATT
IBV,TTATTTACA
IBV,TTGTAAATA
IBV,ACTTCTAGTTT
IBV,TATAATTATA
IBV,TTAAATTTAA
IBV,TTAGTAATAAA
IBV,TTCACTTCTA
IBV,TTTAAATTTA
IBV,ACTCAACACAA
IBV,TAGTGTTAACACTA
IBV,TCAAAATATTTTGA
IBV,TTATTATAATT
IBV,AAAATAGCA
IBV,AAACCAGCA
IBV,AAAGTAGTGTTAACACTACTTT
IBV,AATTATAAT
IBV,ACCATTTTG
IBV,ATTATAATT
IBV,CTAGTTTGTAT
IBV,TAATTATAATTA
IBV,TTAATGGCA
IBV,TTATTATAATT
IBV,TTTACTACT
IBV,TTTTGTTAA
IBV,AATTGCCACAA
IBV,ACTGGCATGCT
IBV,ACTGGTTCTCA
IBV,CATTAAAATCA
IBV,GCAATTTTT
IBV,GCAATTTTT
IBV,TTATTAATAGT
IBV,TTATTATAATT
IBV,TTGGTACTATT
IBV,TTTCTGAGTAG
IBV,CATAGCTATG
IBV,CCATAGATG
IBV,CGTATCTAAA
IBV,GCCTACTCT
IBV,GTGTGCACTA
IBV,GTTAATACTA
IBV,GTTAATACT
IBV,TAATAATTA
IBV,TATAATTTA
IBV,TTATTATAATT
IBV,TTGGGGGAA
IBV,AAACAATTTT
IBV,AAGGCCATT
IBV,ACATTGTTT
IBV,ACCATATTCG
IBV,ACCATCAGGT
IBV,ACTAATAAA
IBV,AGAACCATA
IBV,AGAAGATTT
IBV,AGAGAACCAT
IBV,AGCAGGCTG
IBV,AGTTATAACT
IBV,AGTTTCAGT
IBV,CAATATGTT
IBV,CAATTTCAC
IBV,CATTTTGTG
IBV,CTAGCATTA
IBV,GGAATGATAC
IBV,GTATACAAA
IBV,GTGTTAATA
IBV,TAAAATTAT
IBV,TAATAAGAA
IBV,TAATAATGGC
IBV,TAATATTACT
IBV,TAGGTGGTGTTAATA
IBV,TATTACTAA
IBV,TATTATAAT
IBV,TCTTCAAGGT
IBV,TCTTCTATA
IBV,TGGTCTAAAA
IBV,TGTAACTAA
IBV,TGTACTCAT
IBV,TGTTTCAACA
IBV,TTAACAAAG
IBV,TTATTAACA
IBV,TTATTTACA
IBV,TTGTATACAA
IBV,TTTAGACCA
IBV,TTTGTATGTA
IBV,TTTTGTGGTA
IBV,TTTTTAATT
IBV,CATAGCTATG
IBV,GCCCTAGGGC
IBV,GTGTGCACTA
IBV,GTTAATACTA
IBV,TTATTATAATT
IBV,TTGTCACACA
IBV,ACTTCTAGTTT
IBV,TTAGTAATAAA
IBV,CATAGCTATG
IBV,GTGTGCACTA
IBV,GTTAATACTA
IBV,TAACTTAACA
IBV,TTATTATAATT
IBV,AAACCATTA
IBV,AACAAAACT
IBV,ACTGTTGGT
IBV,ACTTAATAT
IBV,ACTTAATAT
IBV,ATAATAATA
IBV,CAATATGTT
IBV,CTAGCATTA
IBV,CTGTTGTAA
IBV,GCCTACTCT
IBV,GCTGGTTTA
IBV,GGTTTTATT
IBV,GTAAAGGTG
IBV,GTATCTAAA
IBV,GTGTTAATA
IBV,TAACAGGCA
IBV,TAATATTACT
IBV,TAATATTACT
IBV,TATAATTTA
IBV,TATTACTAA
IBV,TCTTACCAC
IBV,TCTTGCTTA
IBV,TGGAGTGTA
IBV,TGTACTCAT
IBV,TTAATACTA
IBV,TTATTAACA
IBV,TTATTTACA
IBV,TTGATTCTG
IBV,TTGTAAATA
IBV,ACTGTTGGT
IBV,GCCTACTCT
IBV,GTATCTAAA
IBV,GTTAATACT
IBV,TAATAAAAC
IBV,TATAATTTA
IBV,TTATTATAATT
IBV,AACCTTGAC
IBV,AGTAAGAAT
IBV,GGTCTCATT
IBV,TAGACCATT
IBV,TATAATAAT
IBV,TATTATTAT
IBV,TGATAACTA
IBV,TTAACTCAC
IBV,ACTGTTGGT
IBV,CAGTGCACTG
IBV,CATAGCTATG
IBV,GCCTACTCT
IBV,GTATCTAAA
IBV,GTGTGCACTA
IBV,TATAATTTA
IBV,TCTTGCTTA
IBV,TTAATACTA
IBV,TTATTATAATT
IBV,TTGTCACACA
IBV,AAACCATTA
IBV,ACACTAATAA
IBV,ACTTAATAT
IBV,ACTTAATAT
IBV,ATAATAATA
IBV,CAAATGATT
IBV,CAATATGTT
IBV,CATTTTGTG
IBV,CTGTTGTAA
IBV,GCCCTAGGGC
IBV,GCCTACTCT
IBV,GCTGGTTTA
IBV,GGAATGATAC
IBV,GGTGGTGTTA
IBV,GGTTTTATT
IBV,GTAAAGGTG
IBV,GTATCTAAA
IBV,GTGTGCACTA
IBV,GTGTTAATA
IBV,GTTAATACTA
IBV,TAATAAAAC
IBV,TAATATCTCT
IBV,TAATATTACT
IBV,TAATATTACT
IBV,TAATTCTAG
IBV,TATTACTAA
IBV,TCTTGCTTA
IBV,TGGACCTGT
IBV,TGGAGTGTA
IBV,TGGCTAGCCA
IBV,TGTACTCAT
IBV,TGTTTCAACA
IBV,TTATTAACA
IBV,TTATTTACA
IBV,TTGTAAATA
IBV,TTGTCACACA
IBV,TTTTGTGGTA
IBV,GTGTATACAC
IBV,ACAAGGTCA
IBV,ACTCAACACAA
IBV,TGACCTTGT
IBV,TTATTATAATT
IBV,TTATTATAATT
IBV,AACAAAACT
IBV,AAGATGTAA
IBV,AATAATGCC
IBV,ACAAAACTACT
IBV,ACAAGATGTAA
IBV,ACATTGTTT
IBV,ACCAGAAACTA
IBV,ACTTAATAT
IBV,AGAATCAATTT
IBV,AGTTTTAATT
IBV,ATAATAATA
IBV,ATTACATCA
IBV,ATTTTGTGGTA
IBV,ATTTTGTGG
IBV,CAATATGTT
IBV,CATAGCTATG
IBV,CTAGCATTA
IBV,CTAGCTTGT
IBV,CTTAGCAGA
IBV,GGTTTTATT
IBV,GTAATAATTA
IBV,GTAATAATT
IBV,GTATACAAA
IBV,GTATCTAAA
IBV,GTGTGCACTA
IBV,TAACAGTTA
IBV,TAATAAGAA
IBV,TAATAAGGC
IBV,TAATATTACT
IBV,TACTGATGT
IBV,TATAATTTA
IBV,TATTACTAA
IBV,TATTATAAT
IBV,TCAACACAA
IBV,TGAGTTGCAA
IBV,TGGCGTTAA
IBV,TTAAATCTTT
IBV,TTAATTATTA
IBV,TTATAATCAA
IBV,TTATAATCA
IBV,TTATTATAATT
IBV,TTATTTACA
IBV,TTGTATACAA
IBV,TTTGTGGTA
IBV,TTATTATAATT
IBV,GCCCTAGGGC
IBV,GTGTGCACTA
IBV,GTTAATACTA
IBV,TTATTATAATT
IBV,TTGTCACACA
IBV,ACAAAATAA
IBV,ACAAGGTCA
IBV,TAATCAGAC
IBV,TCAACACAA
IBV,TCTTCACAA
IBV,TTATTATAATT
IBV,TTTACTACT
IBV,CCGCTGCTGCTG
IBV,GCTGCTGCT
IBV,GCTGCTGCT
IBV,ACACTGTAA
IBV,AAATAATTT
IBV,AAGCATGCTT
IBV,AAGCCTACT
IBV,AAGGTCAATCA
IBV,AAGTAGTGA
IBV,ACATTATTT
IBV,AGAAGATTT
IBV,AGCAGTGAA
IBV,ATAGAAACT
IBV,ATAGTAAAT
IBV,ATTTAAATCA
IBV,CAAATGATTAA
IBV,CAACATCTT
IBV,CAGTTACCAC
IBV,CATTATAATG
IBV,CGTAGTTAG
IBV,CTATAAATA
IBV,CTTGTTTAG
IBV,CTTTGTAAA
IBV,GATTCTTCTG
IBV,GTGATTTAA
IBV,GTGTTTCAA
IBV,GTTTTATTA
IBV,TAAAATTAT
IBV,TAAAATTAT
IBV,TAAATAATTTC
IBV,TAAATAGTA
IBV,TAAATTTAA
IBV,TAAGCCTAT
IBV,TAATAAAACA
IBV,TAATAAGAA
IBV,TAATACAGG
IBV,TAGCATATT
IBV,TATCAACAG
IBV,TATTCAGTATG
IBV,TATTCAGTA
IBV,TCAGTATGTT
IBV,TCTGGTTTA
IBV,TGAAAAGAA
IBV,TGAAACTTT
IBV,TGCATATGCA
IBV,TGCTTGTTT
IBV,TGTTGATTA
IBV,TGTTTATTAA
IBV,TTAAAAATAGA
IBV,TTAAATTTAA
IBV,TTAATCATTTG
IBV,TTACTACAC
IBV,TTAGATAATT
IBV,TTATAATAATT
IBV,TTGCAATTT
IBV,TTGTAAATAGT
IBV,TTGTGCACAA
IBV,TTTAATAAA
IBV,TTTAATAAA
IBV,TTTAATACT
IBV,TTTGTAAATA
IBV,ACACATTGT
IBV,ACTCAACACA
IBV,AGTGAGTTTA
IBV,GTGTTAACAC
IBV,TAACACATTG
IBV,AACAGATTCT
IBV,AACCATCTG
IBV,AATAAAAAT
IBV,AATCTGTTT
IBV,ACTTCTAGTTT
IBV,ACTTTTTAT
IBV,AGATGTAAG
IBV,AGCCATAGA
IBV,ATAAAAATAC
IBV,ATTACTAAT
IBV,ATTACTAAT
IBV,CAACTCACG
IBV,CACTTAATA
IBV,CAGGTATGA
IBV,CATACTGCT
IBV,GAAGATCTTC
IBV,GAATCTGTTG
IBV,GTATCTAAA
IBV,GTGTATAAAC
IBV,TAACAACAT
IBV,TAATAATGGC
IBV,TATAATTATA
IBV,TATGGCAAG
IBV,TCATTACTA
IBV,TCATTATCT
IBV,TCTGTTGTAA
IBV,TGAAACAACT
IBV,TGCTAGAGA
IBV,TTAATCCCTG
IBV,TTAGTAATAAA
IBV,TTAGTAATA
IBV,TTCACTTCTA
IBV,TTGCATGTC
IBV,TTGCTTTAT
IBV,TTTCTGAGTGG
IBV,TTTGTGGTA
IBV,ATAAATTTAT
IBV,GGCAGCTGCC
IBV,TATAGCTATA
IBV,TGCTATAGCA
IBV,AAATTATAATA
IBV,AATAATTAT
IBV,AATTACATG
IBV,AATTTTGTAGT
IBV,ACCCTGCAT
IBV,ACTGTAATTT
IBV,ATAATATTAT
IBV,CAAAATTGT
IBV,CAAAATTTTG
IBV,CTACTAATT
IBV,GTGTGCACTA
IBV,TAATAATTA
IBV,TAATATTAT
IBV,TATAATCAA
IBV,TATTATAAT
IBV,TCAACACAA
IBV,TTATAATTTA
IBV,TTATTATAATT
IBV,ACACATTGT
IBV,ACTGGCATGCT
IBV,TTATAATAA
IBV,TTATTAATAGT
IBV,TTATTATAATT
IBV,TTATTATAA
IBV,AAATAATTT
IBV,ACATTATTT
IBV,AGCAGTGAA
IBV,TAAAATTAT
IBV,TGAAAAGAA
IBV,TGATTTAAATCA
IBV,TGTTGATTA
IBV,TTATAATAATT
IBV,TTTAATAAA
IBV,GAAAGTAGCA
IBV,ACTTCTAGTTT
IBV,TTAGTAATAAA
IBV,AAATAATTT
IBV,ACATTATTT
IBV,AGCAGTGAA
IBV,TAAAATTAT
IBV,TATCAACAG
IBV,TGAAAAGAA
IBV,TGATTTAAATCA
IBV,TGTTGATTA
IBV,TTATAATAATT
IBV,TTTAATAAA
IBV,CATAGCTATG
IBV,GCCCTAGGGC
IBV,GTGTGCACTA
IBV,GTTAATACTA
IBV,TAACTTAACA
IBV,TTATTATAATT
IBV,TTGTCACACA
IBV,AATAATTAT
IBV,AATTACATG
IBV,AATTTTGTA
IBV,ATAATATTAT
IBV,CAAAATTTTG
IBV,CTACTAATT
IBV,GTGTGCACTA
IBV,TAATAATTA
IBV,TAATATTAT
IBV,TATAATCAA
IBV,TCAACACAA
IBV,TTATAATTTA
IBV,AAGATCTTT
IBV,TATTAAAAT
IBV,ACTGTTGGT
IBV,GCCTACTCT
IBV,GTATCTAAA
IBV,TATAATTTA
IBV,TCTTGCTTA
IBV,TTAATACTA
IBV,TTATTATAATT
IBV,AAACTGGTTCTCA
IBV,ACATCTTCG
IBV,ATGTGTCTA
IBV,CAGTTACAT
IBV,GATGTTATT
IBV,TAAAAATTT
IBV,TTACAGTGA
IBV,TTAGTAAAA
IBV,TTAGTAAAA
IBV,TTGATTATT
IBV,TAGACCATT
IBV,AATTATAATT
IBV,ATTATAATTATAAT
IBV,ACTGGCATGCT
IBV,TTATTATAATT
IBV,AAATTATAATA
IBV,AATAATTAT
IBV,AATTACATG
IBV,AATTTTGTAGT
IBV,ACCCTGCAT
IBV,ATAATATTAT
IBV,CAAAATTTTG
IBV,CTACTAATT
IBV,GTGTGCACTA
IBV,TAATAATTA
IBV,TAATATTAT
IBV,TATAATCAA
IBV,TATTATAAT
IBV,TCAACACAA
IBV,TTATAATTTA
IBV,TTATTATAATT
IBV,AACAAAACT
IBV,ACTTAATAT
IBV,ACTTAATAT
IBV,ATAATAATA
IBV,CAATATGTT
IBV,CATTTTGTG
IBV,CTAGCATTA
IBV,CTAGCTTGT
IBV,CTGTTGTAA
IBV,GCCTACTCT
IBV,GGTGGTGTTAATA
IBV,GGTTTTATT
IBV,GTAAAGGTG
IBV,GTATCTAAA
IBV,GTGTTAATA
IBV,GTTAATACT
IBV,TAACAGGCA
IBV,TAATATTACT
IBV,TAATATTACT
IBV,TATTACTAA
IBV,TGTACTCAT
IBV,TTATCTAAA
IBV,TTATTAACA
IBV,TTATTTACA
IBV,TTGTAAATA
IBV,GGTCTCATT
IBV,TAGACCATT
IBV,GATTTAAATC
IBV,ACCGCGCCGC
IBV,ATAAATTTAT
IBV,GGCAGCTGCC
IBV,TATAGCTATA
IBV,TGCTATAGCA
IBV,ACTTAATAT
IBV,ACTTAATAT
IBV,AGCTGCAGCT
IBV,AGTTTTAATT
IBV,ATTTTGTGGTA
IBV,GAAGATCTTC
IBV,TGTTTCAACA
IBV,TTGTAAATAG
IBV,TTGTTAACAA
IBV,ACCACTCTG
IBV,ACTAATATTAGT
IBV,AAACCATTA
IBV,ACTGTTGGT
IBV,ACTTAATAT
IBV,ACTTAATAT
IBV,ATAATAATA
IBV,ATAGTATTA
IBV,ATTATGAAA
IBV,CAATATGTT
IBV,CATTTTGTG
IBV,CTAGCATTA
IBV,CTAGCTTGT
IBV,CTGTTGTAA
IBV,CTTCAAGGT
IBV,GCCTACTCT
IBV,GGTGGTGTTAATA
IBV,GGTTTTATT
IBV,GTAAAGGTG
IBV,GTATCTAAA
IBV,GTGTTAATA
IBV,GTTAATACT
IBV,TAACAGGCA
IBV,TAATAAAAC
IBV,TAATATTACT
IBV,TAATATTACT
IBV,TATAATTTA
IBV,TATTACTAA
IBV,TGGAGTGTA
IBV,TGGTGTTAA
IBV,TGTACTCAT
IBV,TTATTAACA
IBV,TTATTTACA
IBV,TTGTAAATA
IBV,CATAGCTATG
IBV,GCCCTAGGGC
IBV,GTGTGCACTA
IBV,GTTAATACTA
IBV,TAACTTAACA
IBV,TTATTATAATT
IBV,TTGTCACACA
IBV,ACTTCTAGTTT
IBV,TTAGTAATAAA
IBV,GGTCTCATT
IBV,TAGACCATT
IBV,GTTCTGCAGAAC
IBV,TTATTATAATT
IBV,ACAAACTGCT
IBV,ACTCAACACAA
IBV,CATAGCTATG
IBV,TAATGAGACT
IBV,TTATAATAAT
IBV,TTATTATAATT
IBV,AATAGCACT
IBV,ACACTGTAA
IBV,ACCAAAGTGC
IBV,ACTGTTGGT
IBV,ACTTAATAT
IBV,ATGTTAAGT
IBV,CAATATGTT
IBV,CATTTTGTG
IBV,CTAGCATTA
IBV,CTGTTGTAA
IBV,GACCATATT
IBV,GCCCTAGGGC
IBV,GCCTACTCT
IBV,GCTGGTTTA
IBV,GGAATGATAC
IBV,GGTGGTGTTA
IBV,GGTTTTATT
IBV,GTAAAGGTG
IBV,GTATCTAAA
IBV,GTGTGCACTA
IBV,GTGTTAATA
IBV,GTTAATACTA
IBV,TAACAGGCA
IBV,TAACTTAACA
IBV,TATTACTAA
IBV,TCTTGCTTA
IBV,TGGCTAGCCA
IBV,TGTACTCAT
IBV,TGTTTCAACA
IBV,TTATTAACA
IBV,TTATTTACA
IBV,TTGTAAATA
IBV,TTGTCACACA
IBV,TTTTGTGGTA
IBV,ACTGGCATGCT
IBV,TTATTATAATT
IBV,CATGTACATG
IBV,TTATTATAATT
IBV,GTGTGCACTA
IBV,TGTTATAGGA
IBV,CAATATGTT
IBV,ACACTGTAA
IBV,AAACCATTA
IBV,AACAAAACT
IBV,AATAGCACT
IBV,ACTGTTGGT
IBV,ACTTAATAT
IBV,ATAATAATA
IBV,CAATATGTT
IBV,CATTTTGTG
IBV,CTAGCATTA
IBV,CTGTTGTAA
IBV,GCCTACTCT
IBV,GCTGGTTTA
IBV,GGTTTTATT
IBV,GTAAAGGTG
IBV,GTATCTAAA
IBV,GTGTTAATA
IBV,TAACAGGCA
IBV,TATAATTTA
IBV,TATTACTAA
IBV,TCTTGCTTA
IBV,TGGAGTGTA
IBV,TGTACTCAT
IBV,TTAATACTA
IBV,TTATTAACA
IBV,TTATTTACA
IBV,TTGTAAATA
IBV,CATAGCTATG
IBV,GAGTGCACTC
IBV,GTGTGCACT
IBV,AAAAATACC
IBV,AACACTATT
IBV,AACTAATTT
IBV,ACATCTTCG
IBV,ATGAAAAAT
IBV,CAAGGTCTT
IBV,CACGCAAAA
IBV,CACTTAATA
IBV,CAGTATGTT
IBV,CTAAAACAG
IBV,CTACCAAAG
IBV,CTAGCATTA
IBV,GAGTATAAG
IBV,GCAGGTGGTGC
IBV,GGTTTTATT
IBV,GTAAAGGTG
IBV,GTATACAAA
IBV,GTTTTGAGTAT
IBV,TAAACGTGG
IBV,TAATAAGAA
IBV,TACTAACAT
IBV,TAGTATTAATACTA
IBV,TATTATAAT
IBV,TCAACACAA
IBV,TGAATCTGTTG
IBV,TGCATTTTG
IBV,TGGTGAGTT
IBV,TGGTGGTGT
IBV,TGTAAACAC
IBV,TGTATAAAA
IBV,TTAACTCAC
IBV,TTATTATAATT
IBV,TTGAAAAAG
IBV,TTTACTACT
IBV,ACTTCTAGTTT
IBV,CATAGCTATG
IBV,GCCCTAGGGC
IBV,GTGTGCACTA
IBV,GTTAATACTA
IBV,TTATTATAATT
IBV,TTGTCACACA
IBV,GTGTTAACAC
IBV,TTAGTTAAA
IBV,CATAGCTATG
IBV,GCCCTAGGGC
IBV,GCCTACTCT
IBV,GTATCTAAA
IBV,GTGTGCACTA
IBV,GTTAATACTA
IBV,TAATAAAAC
IBV,TACTAAGGG
IBV,TATAATTTA
IBV,TCTTGCTTA
IBV,TTATTATAATT
IBV,TTGTCACACA
IBV,AATTATAAT
IBV,ATAAAGTTA
IBV,CACTGTAAT
IBV,CCAAAGCTTTGG
IBV,GCTGGTGCA
IBV,TAAATAATT
IBV,TAATTATAATTA
IBV,TAGTATTAATACTA
IBV,TCAACACAA
IBV,TTAGTAATA
IBV,AATTTTGTA
IBV,ACTTCTAGTTT
IBV,TGACCTTGT
IBV,TGGTCTAAA
IBV,TTAGTAATAAA
IBV,TTATAATAA
IBV,TTATTTAAA
IBV,TTCACTTCT
IBV,GGTCTCATT
IBV,TAGACCATT
IBV,AAACTAGTTT
IBV,ACCATCTGT
IBV,ATAGTTTTA
IBV,CTTAGTGTGT
IBV,GTTACGTAAC
IBV,TGTTACTATAGTAACA
IBV,TTAGTACTAA
IBV,TTCCCTTAG
IBV,GTTCTGCAGAAC
IBV,TTATTATAATT
IBV,AAGATCTTT
IBV,GACAATATATTGTC
IBV,TCTTTAAAGA
IBV,ACTGTTGGT
IBV,CATAGCTATG
IBV,GCCTACTCT
IBV,GTATCTAAA
IBV,GTGTGCACTA
IBV,GTTAATACTA
IBV,GTTAATACT
IBV,TATAATTTA
IBV,TGCGTTAATA
IBV,TTATCTAAA
IBV,TTATTATAATT
IBV,ACCATTTAA
IBV,GATTTAAATC
IBV,ATAAATTTAT
IBV,GGCAGCTGCC
IBV,TATAGCTATA
IBV,TGCTATAGCA
IBV,ACTGGCATGCT
IBV,AGTTATAACT
IBV,ATTCACTTT
IBV,CACTTTCAGT
IBV,GGCAATTTT
IBV,TATAACTGGC
IBV,TATTATAAT
IBV,TCAACACAA
IBV,TGCCAGTAT
IBV,TTATAAACA
IBV,TTATAATAAT
IBV,TTATTATAATT
IBV,ACTGGCATGCT
IBV,TTATTATAATT
IBV,AATTATAAT
IBV,ATTATAATT
IBV,CACCTTTAC
IBV,GTAAAGGTG
IBV,TAATTCACCAA
IBV,TTATTATAATT
IBV,AAAGTAGTGTTAACACTACTTT
IBV,GTTCTGCAGAAC
IBV,TTATTATAATT
IBV,ACTGTAATTT
IBV,AGTGATCACT
IBV,CATAGCTATG
IBV,GTGTGCACTA
IBV,GTTAATACTA
IBV,TGCGTTAATA
IBV,TTATTATAATT
IBV,GTGCTAAGA
IBV,TCTAAATTTAGA
IBV,AAACCATTA
IBV,AACAAAACT
IBV,ACATTGTTT
IBV,ACTGTTGGT
IBV,ACTTAATAT
IBV,ACTTAATAT
IBV,ATAATAATA
IBV,CAATATGTT
IBV,CATTTTGTG
IBV,CTAGCATTA
IBV,CTAGCTTGT
IBV,CTGTTGTAA
IBV,GCTGGTTTA
IBV,GGTGGTGTTAATA
IBV,GGTTTTATT
IBV,GTAAAGGTG
IBV,GTGTTAATA
IBV,TAACAGGCA
IBV,TAATATTACT
IBV,TAATATTACT
IBV,TATTACTAA
IBV,TCTTGCTTA
IBV,TGTACTCAT
IBV,TTAATACTA
IBV,TTATCTAAA
IBV,TTATTAACA
IBV,TTATTATAATT
IBV,TTATTTACA
IBV,TTGTAAATA
IBV,TTTCATTTATA
IBV,AAAACTTAAGTTTT
IBV,TTATTATAATT
IBV,CAGTGCACTG
IBV,CATAGCTATG
IBV,GTGTGCACTA
IBV,GTTAATACTA
IBV,TTATTATAATT
IBV,ACTGGCATGCT
IBV,ACTGGTTCTCA
IBV,AGGTTTTAT
IBV,ATAGTGTTT
IBV,ATCTACCAG
IBV,ATCTGTTGG
IBV,ATTAAAATC
IBV,CACTTAATA
IBV,CTAGCATTA
IBV,CTGTTGGTA
IBV,CTTCATCTG
IBV,GCAATTTTT
IBV,GTAAAGGTG
IBV,GTACTACTA
IBV,GTCTATTAG
IBV,TAACAGTTA
IBV,TATTATAAT
IBV,TCAACACAA
IBV,TGCATACTG
IBV,TGCCAGTAT
IBV,TGGATCTTATC
IBV,TGTTGGTAA
IBV,TTATAATAA
IBV,TTATTATAATT
IBV,TTATTTACA
IBV,TTTCTGAGTAG
IBV,TTTTTATAA
IBV,TCACAGCAA
IBV,AAAGTATTAA
IBV,ACCTGCAGGT
IBV,ATTAATACT
IBV,ACACATTGT
IBV,ACCATTTTG
IBV,AGTTATGAG
IBV,ATAGTGTTT
IBV,ATAGTGTTT
IBV,CACAAACAG
IBV,CACTTAATA
IBV,CCAAAATTTTTAT
IBV,CCTGCAGTA
IBV,CTAGCATTA
IBV,CTTTTTGTA
IBV,GACATCTTC
IBV,GCAACACAA
IBV,GCAATTTTT
IBV,GCCTGCAGT
IBV,GGTCTTATT
IBV,GGTCTTATT
IBV,GTAAAGGTG
IBV,GTATACAAA
IBV,GTCTATTAG
IBV,GTGATGACA
IBV,GTTATTATA
IBV,TAACATTAA
IBV,TAACATTAA
IBV,TAATACAGGTGGT
IBV,TACAAACTG
IBV,TAGTAATGA
IBV,TATTATAAT
IBV,TGGATCTTA
IBV,TTATTTACA
IBV,TTTAAAAGT
IBV,AAACCATTA
IBV,ACTGTTGGT
IBV,ACTTAATAT
IBV,ACTTAATAT
IBV,AGTTTTAAGT
IBV,ATAATAATA
IBV,CAATATGTT
IBV,CATAGCTATG
IBV,CATTTTGTG
IBV,CTAGCATTA
IBV,CTGTTGTAA
IBV,GCCTACTCT
IBV,GCTGGTTTA
IBV,GGAATGATAC
IBV,GGTGGTGTTA
IBV,GGTTTTATT
IBV,GTAAAGGTG
IBV,GTATCTAAA
IBV,GTGTGCACTA
IBV,GTGTTAATA
IBV,TAACAGGCA
IBV,TAATAAAAC
IBV,TAATATTACT
IBV,TAATATTACT
IBV,TATAATTTA
IBV,TATTACTAA
IBV,TCTTGCTTA
IBV,TGCAAATGGT
IBV,TGCAGTAGT
IBV,TGGAGTGTA
IBV,TGGCTAGCCA
IBV,TGTACTCAT
IBV,TGTTTCAACA
IBV,TTAATACTA
IBV,TTATTAACA
IBV,TTGTAAATA
IBV,TTGTCACACA
IBV,TTTTGTGGTA
IBV,AATTTTACC
IBV,ATTAATAAT
IBV,CGTCTATAG
IBV,GTATTTAAA
IBV,TACAGATAA
IBV,TACATTAAT
IBV,TGTTGTTAT
IBV,TTTGCCGGCAAA
IBV,TTTGTATGC
IBV,AAACAAGGT
IBV,GCATAAACA
IBV,TAATTATACAA
IBV,GTGTTAACAC
IBV,TTAGTTAAA
IBV,AAACTATTA
IBV,AATTATAAT
IBV,ACAGATTTT
IBV,ATTATAATT
IBV,GTAAAGGTG
IBV,TAATTCACCAA
IBV,TACTAAAGA
IBV,TTAATTTGA
IBV,TTAGTAATA
IBV,TTAGTTAAA
IBV,TTATTATAATT
IBV,ACTGGCATGCT
IBV,TTATTAATAGT
IBV,TTATTATAATT
IBV,AATTATAATT
IBV,AATTATAATT
IBV,AATTATAAT
IBV,ACCACTCTG
IBV,ATAATTATAATT
IBV,ATGAGAAAT
IBV,ATTATAATTATAAT
IBV,ATTATAATT
IBV,ATTATAATT
IBV,CACCACTCT
IBV,CCAGTATAA
IBV,GTGTTAACAC
IBV,GTTTATAAAC
IBV,TAAATAATT
IBV,TAATAGTTT
IBV,TAATTCACCA
IBV,TGGTTTGTAT
IBV,TTATAATAAT
IBV,TTATTATAATT
IBV,AAACATCTG
IBV,ACAACAACA
IBV,ACCAAAGTG
IBV,ACCATTTTG
IBV,AGAAGATTT
IBV,AGCAGGTGG
IBV,AGGTGGTGC
IBV,ATTACTAAT
IBV,CAATATGTT
IBV,CAATCTTTT
IBV,CACTTAATA
IBV,CATTATCAA
IBV,CCACAAATT
IBV,CTAGCATTA
IBV,GAATAGTGT
IBV,GGTGTCTAT
IBV,TAATAAGAA
IBV,TAATACCAC
IBV,TACAAACAC
IBV,TACAGATGTTT
IBV,TATAGTAAC
IBV,TATTATAAT
IBV,TCTGAGTGG
IBV,TCTTTTCTT
IBV,TGCTTACAG
IBV,TGTCACAGA
IBV,TTAACAACA
IBV,TTACATAATTT
IBV,TTACTAATA
IBV,TTAGCAGATGC
IBV,TTAGTTAAG
IBV,TTATAATAA
IBV,TTCTGCACT
IBV,TTTCTGAGT
IBV,TTTTCTAAT
IBV,TTTTTCATT
IBV,CATAGCTATG
IBV,GTGTGCACTA
IBV,GTTAATACTA
IBV,TAACTTAACA
IBV,TTATTATAATT
IBV,AATTGCCACAA
IBV,ACTGGCATGCT
IBV,ACTGGTTCTCA
IBV,AGGTTTTAT
IBV,ATCTGTTGG
IBV,CACAAACAG
IBV,CACTTAATA
IBV,CATTAAAATCA
IBV,CTAGCATTA
IBV,GACAATATG
IBV,GCAATTTTT
IBV,GCAATTTTT
IBV,GGTACTATT
IBV,GTAAAGGTG
IBV,GTATACAAA
IBV,TAACAGTTA
IBV,TAAGTTTTG
IBV,TATTATAAT
IBV,TGCCAGTAT
IBV,TGTATTGTT
IBV,TGTTGGTAA
IBV,TTACTAAGA
IBV,TTATAATAA
IBV,TTATTAATAGT
IBV,TTATTATAATT
IBV,TTGGTACTATT
IBV,TTTCTGAGTAG
IBV,TTTGCTTGT
IBV,TTTGTTGTA
IBV,TTTTATTAA
IBV,TGTTAATGGTA
IBV,ACTGTTGGT
IBV,CATAGCTATG
IBV,GCCCTAGGGC
IBV,GTGTGCACTA
IBV,TAATAAAAC
IBV,TATAATCAA
IBV,TATAATTTA
IBV,TATTATAAT
IBV,TCTTGCTTA
IBV,TTAATACTA
IBV,TTATTATAATT
IBV,TTGTCACACA
IBV,AATAATGCC
IBV,ACACTAATA
IBV,ACAGTTTTA
IBV,ACTTAATAT
IBV,ACTTAATAT
IBV,AGAAGATTT
IBV,ATAATAATA
IBV,ATGTACTCAT
IBV,ATGTACTCA
IBV,CAATTTCAC
IBV,CAGTTTTAT
IBV,CATAGCTATG
IBV,CATTTTGTG
IBV,CTGTTGTAA
IBV,GATAAGGTCC
IBV,GATGTTAAT
IBV,GCCCTAGGGC
IBV,GCCTACTCT
IBV,GCTGGTTTA
IBV,GGTGATGTTA
IBV,GTAAAGGTG
IBV,GTATCTAAA
IBV,GTGTGCACTA
IBV,GTTAATACTA
IBV,TAATAAAAC
IBV,TAATAAGAA
IBV,TAATAATTA
IBV,TAATATTACT
IBV,TAATATTACT
IBV,TACTGATGT
IBV,TATTACTAA
IBV,TCTTGCTTA
IBV,TGGACCTGT
IBV,TGGCTAGCCA
IBV,TGTTTCAACA
IBV,TTATTAACA
IBV,TTATTTACA
IBV,TTGTAAATA
IBV,TTGTCACACA
IBV,TTTCAACAA
IBV,TTTTGTGGTA
IBV,AACACCACC
IBV,ACCACCTTG
IBV,GTGTTAACAC
IBV,GTTTATAAAC
IBV,AAATAATTT
IBV,AAGAATACA
IBV,ACATTATTT
IBV,ACTTCTAGT
IBV,TAAAATTAT
IBV,TGAAAAGAA
IBV,TGATTTAAATCA
IBV,TGTTGATTA
IBV,TTATAATAATT
IBV,TTATAATCA
IBV,TTTAATAAA
IBV,GTGTTAACAC
IBV,TTAGTTAAA
IBV,AAATTATAATA
IBV,AATAATTAT
IBV,AATTACATG
IBV,AATTTTGTAGT
IBV,ACCCTGCAT
IBV,ATAATATTAT
IBV,CAAAATTTTG
IBV,CTACTAATT
IBV,GTGTGCACTA
IBV,TAATAATTA
IBV,TAATATTAT
IBV,TATAATCAA
IBV,TATTATAAT
IBV,TCAACACAA
IBV,TTATAATTTA
IBV,TTATTATAATT
IBV,TTATTATAATT
IBV,AACCTTGAC
IBV,AGTAAGAAT
IBV,TAGACCATT
IBV,TATAATAAT
IBV,TATTATTAT
IBV,TTAAAGTAG
IBV,TTAACTCAC
IBV,CGTTTACTACT
IBV,CATAGCTATG
IBV,GCCCTAGGGC
IBV,GTGTGCACTA
IBV,TAACTTAACA
IBV,TTATTATAATT
IBV,TTGTCACACA
IBV,TTATTATAATT
IBV,TTTCACTAA
IBV,AAACCATTA
IBV,ATACTCTAGG
IBV,CATAGCTATG
IBV,GCCTACTCT
IBV,GTATCTAAA
IBV,GTGTGCACTA
IBV,GTTAATACTA
IBV,GTTAATACT
IBV,TAACTTAACA
IBV,TCTTGCTTA
IBV,TTATCTAAA
IBV,TTATTATAATT
IBV,AAACTTACCA
IBV,AATCTACCAG
IBV,AATTGCCACAA
IBV,ACTGGCATGCT
IBV,AGGTTTTAT
IBV,AGTTATAACT
IBV,ATCAAAATCA
IBV,ATCTGTTGG
IBV,ATTCACTTT
IBV,CAATTTCACT
IBV,CACAAACAT
IBV,CACTTAATA
IBV,CACTTTCAGT
IBV,CCACAAACAT
IBV,CCAGTTATAA
IBV,CTAGCATTA
IBV,CTGTTGGTA
IBV,CTTACTCAT
IBV,GACAATATG
IBV,GCAATTTTT
IBV,GCAATTTTT
IBV,GGCAATTTT
IBV,GTAAAGGTG
IBV,GTATACAAA
IBV,TAACAGTTA
IBV,TAAGTTTTG
IBV,TATAACTGGC
IBV,TATTATAAT
IBV,TCAACACAA
IBV,TGCCAGTAT
IBV,TGTTGGTAA
IBV,TTACTAAGA
IBV,TTATAATAAT
IBV,TTATTATAATT
IBV,TTGTATAAAA
IBV,TTTCTGAGTAG
IBV,TTTGCTTGT
IBV,TTTTGTATG
IBV,AAACCATTA
IBV,AATATTACT
IBV,ACTGTTGGT
IBV,ACTTAATAT
IBV,ATAATAATA
IBV,CAATATGTT
IBV,CATTTTGTG
IBV,CTAGCATTA
IBV,CTAGCTTGT
IBV,CTGTTGTAA
IBV,GCCTACTCT
IBV,GCTGGTTTA
IBV,GGTTTTATT
IBV,GTAAAGGTG
IBV,GTATCTAAA
IBV,GTGTTAATA
IBV,TAACAGGCA
IBV,TAATAAAAC
IBV,TATTACTAA
IBV,TCTTACCAC
IBV,TCTTGCTTA
IBV,TGGAGTGTA
IBV,TGTACTCAT
IBV,TTATTAACA
IBV,TTATTTACA
IBV,TTGTAAATA
IBV,CGTTTACTACT
IBV,GTAGTGTTAACACTAC
IBV,ACTGGTTCT
IBV,ACTGTTGGT
IBV,GTATCTAAA
IBV,GTTAATACT
IBV,GTTCTGCAGAAC
IBV,TATAATTTA
IBV,TTATCTAAA
IBV,TTATTATAATT
IBV,GTGTTAACAC
IBV,TTAGTTAAA
IBV,AAAGTAGTGTTAACACTACTTT
IBV,CATAGCTATG
IBV,GTGTGCACTA
IBV,GTTAATACTA
IBV,TAACTTAACA
IBV,TTATTATAATT
IBV,AAACTGCTG
IBV,AATAGTGTTAACACTATT
IBV,ACATCTTCG
IBV,AGTAAGAAT
IBV,GTAAAGGTG
IBV,GTGTTAACA
IBV,TATTATAAT
IBV,TCAACACAA
IBV,TGAGTTAACTCA
IBV,TGGTGAGTT
IBV,TTATTATAATT
IBV,CCATAGATG
IBV,GCCTACTCT
IBV,GTAAAGGTG
IBV,GTTAATACT
IBV,TAATAATTA
IBV,TATAATTTA
IBV,TTATTATAATT
IBV,CATAGCTATG
IBV,GTTAATACTA
IBV,TCCAATTGGA
IBV,TGTTAATGGT
IBV,TTATTATAATT
IBV,AATTATAATT
IBV,AATTATAATT
IBV,ACTAATATTAGT
IBV,ATAATTATAATT
IBV,ATTATAATTATAAT
IBV,ATTATAATT
IBV,GTTATAAAA
IBV,TAAATAATT
IBV,TTATCTAAA
IBV,TTATGAAAC
IBV,AAAAACCAA
IBV,AACATTACT
IBV,AACCATCTG
IBV,AATGTGTTA
IBV,ACAAAACTT
IBV,ACACATACC
IBV,ACTTCTAGTTT
IBV,ACTTTTTAT
IBV,AGCAATTTT
IBV,ATGGTTTGC
IBV,ATTACTAAT
IBV,ATTACTAAT
IBV,CACTTAATA
IBV,CAGGTATGA
IBV,CTAATTCTC
IBV,CTAATTCTT
IBV,CTAGCATTA
IBV,CTGTTGTAA
IBV,GGTTTTATT
IBV,GTATAAAAA
IBV,GTTTGCTTG
IBV,TAACAAAACCT
IBV,TAACAAAAC
IBV,TAACAAAAC
IBV,TAACAACAT
IBV,TAATAATAG
IBV,TATGGCAAG
IBV,TATTATAAT
IBV,TCTTACCAC
IBV,TGCTAGAGA
IBV,TGCTTGCAT
IBV,TTTCTGAGT
IBV,TTTGTGGTA
IBV,ACTGGCATGCT
IBV,AGGTTTTAT
IBV,ATAGTGTTT
IBV,ATCTACCAG
IBV,ATCTGTTGG
IBV,ATTCACTTT
IBV,CACTTAATA
IBV,CATCAAAATCA
IBV,CTAGCATTA
IBV,CTGTTGGTA
IBV,CTTCATCTG
IBV,GCAATTTTT
IBV,GTAAAGGTG
IBV,GTACTACTA
IBV,GTCTATTAG
IBV,TAACAGTTA
IBV,TAGTATTAATACTA
IBV,TATTATAAT
IBV,TCAACACAA
IBV,TGAGTTATA
IBV,TGCATACTG
IBV,TGCCAGTAT
IBV,TGGATCTTATC
IBV,TGGCCAGTT
IBV,TGTTGGTAA
IBV,TTATAAACA
IBV,TTATTATAATT
IBV,TTATTTACA
IBV,TTTCTGAGTAG
IBV,AAACCAGCTGGTTT
IBV,ACCAGTTATAA
IBV,AGGTTTACTAG
IBV,TAGTATTAATACTA
IBV,TGAATCTGTTG
IBV,TTTTATTAACA
IBV,ACTTCTAGTTT
IBV,TTAGTAATAAA
IBV,AATGAAAAAT
IBV,CATAGCTATG
IBV,GTGTGCACTA
IBV,GTTAATACTA
IBV,TAACTTAACA
IBV,TTATTATAATT
IBV,TTTCATTTCT
IBV,ACCGCTTTT
IBV,GTTTATAAAC
IBV,TTATTATAATT
IBV,AAACTTGTA
IBV,AGTCTAGACT
IBV,AAACCATTA
IBV,ATACTCTAGG
IBV,CATAGCTATG
IBV,GCCTACTCT
IBV,GCCTATAGGC
IBV,GTATCTAAA
IBV,GTGTGCACTA
IBV,GTTAATACTA
IBV,GTTAATACT
IBV,TAACTTAACA
IBV,TCTTGCTTA
IBV,TTATCTAAA
IBV,TTATTATAATT
IBV,AACAAAACT
IBV,AATAGCACT
IBV,AATCTTTTC
IBV,ACTGTTGGT
IBV,ACTTAATAT
IBV,ACTTAATAT
IBV,ATAATAATA
IBV,ATGAAAGAA
IBV,ATGGCCTTA
IBV,ATTTTGTGGTA
IBV,CATCTTGTG
IBV,CTAGCATTA
IBV,CTGTTGTAA
IBV,GCCTACTCT
IBV,GGTTTTATT
IBV,GTAAAGGTG
IBV,GTATCTAAA
IBV,GTGTATAAA
IBV,TAATAAGGC
IBV,TAATAATTA
IBV,TATAATTTA
IBV,TGTACTCAT
IBV,TTAATACTA
IBV,TTAATTATT
IBV,TTACTAAGA
IBV,TTATTATAATT
IBV,ATAAATTTAT
IBV,GGCAGCTGCC
IBV,TATAGCTATA
IBV,TGCTATAGCA
IBV,ACTACTACC
IBV,CAAAACCAG
IBV,ACTTCTAGTTT
IBV,TAAAATTAT
IBV,TGGTCTAAA
IBV,TTACAATTT
IBV,TTAGTAATA
IBV,TTATACTCA
IBV,TTATTTAAA
IBV,TTCACTTCT
IBV,ACTGTAATTT
IBV,ACTGTTGGT
IBV,CATAGCTATG
IBV,GCCTACTCT
IBV,GTATCTAAA
IBV,GTGTGCACTA
IBV,GTTAATACTA
IBV,GTTAATACT
IBV,TATAATTTA
IBV,TTATCTAAA
IBV,TTATTATAATT
IBV,AAACCATTA
IBV,ACTGTTGGT
IBV,ACTTAATAT
IBV,ACTTAATAT
IBV,ATAATAATA
IBV,CAATATGTT
IBV,CATTTTGTG
IBV,CTAGCATTA
IBV,CTGTTGTAA
IBV,GCCTACTCT
IBV,GCTGGTTTA
IBV,GGTTTTATT
IBV,GTAAAGGTG
IBV,GTATCTAAA
IBV,GTGTTAATA
IBV,TAACAGGCA
IBV,TAATATTACT
IBV,TAATATTACT
IBV,TATAATTTA
IBV,TATTACTAA
IBV,TGGAGTGTA
IBV,TGTACTCAT
IBV,TTATTAACA
IBV,TTATTTACA
IBV,TTGTAAATA
IBV,AACCTGTTGT
IBV,AACCTGTTG
IBV,AAGGCCATT
IBV,ACTCAACACAA
IBV,ACTGGCATGCT
IBV,AGAAGATTT
IBV,AGTTATAACT
IBV,ATACGTGTTT
IBV,CAATATGTT
IBV,CAATTTCAC
IBV,CACCTGATG
IBV,CTAGCATTA
IBV,CTATACCATT
IBV,CTTACTCAT
IBV,GAATATAAT
IBV,GGAATATAA
IBV,GGTTTTATT
IBV,GTATACAAA
IBV,GTGTTAATAA
IBV,GTGTTAATA
IBV,TAACAGTTA
IBV,TAATAAGAA
IBV,TAATATTACT
IBV,TATAACTGGC
IBV,TCTTCAAGGT
IBV,TCTTCTATA
IBV,TCTTTAGTG
IBV,TGAATATAA
IBV,TGCATACTG
IBV,TGCCAGTAT
IBV,TTAATTTTT
IBV,TTACTGAAAA
IBV,TTATAAACA
IBV,TTATTAACA
IBV,TTATTATAATT
IBV,TTATTTACA
IBV,TTGTATACAA
IBV,TTTCAGTAA
IBV,TTTTTTATA
IBV,ATAATAATT
IBV,ATTAATAAT
IBV,CTGCTGGTT
IBV,CTGTTTGTA
IBV,GGTGGTTGT
IBV,GTAATTTTA
IBV,TTAATATAA
IBV,TTATAATAA
IBV,TTGTTTTAC
IBV,AAATAATTT
IBV,ACATTATTT
IBV,ACTTCTAGT
IBV,AGCAGTGAA
IBV,TAAAATTAT
IBV,TATCAACAG
IBV,TGAAAAGAA
IBV,TGATTTAAATCA
IBV,TGTTGATTA
IBV,TTATAATAATT
IBV,TTTAATAAA
IBV,CATAGCTATG
IBV,GCCCTAGGGC
IBV,GTGTGCACTA
IBV,GTTAATACTA
IBV,TAACTTAACA
IBV,TTATTATAATT
IBV,TTGTCACACA
IBV,AAATAATTT
IBV,AAGCATGCTT
IBV,AAGGTCAATCA
IBV,AAGTAGTGA
IBV,ACATTATTT
IBV,ACTTATAAAA
IBV,AGAAGATTT
IBV,AGCAGTGAA
IBV,ATAGTAAAT
IBV,ATTTAAATCA
IBV,CAAATGATTAA
IBV,CAACATCTT
IBV,CAGTTACCAC
IBV,CATTATAATG
IBV,CCTTCAGGT
IBV,CGTAGTTAG
IBV,GATTCTTCTG
IBV,GTGATTTAA
IBV,GTGTTTCAA
IBV,GTTTTATTA
IBV,TAAAATTAT
IBV,TAAAATTAT
IBV,TAAATAATTTC
IBV,TAAATTTAA
IBV,TAAGCCTAT
IBV,TAATAAAACA
IBV,TAATAAGAA
IBV,TAATACAGG
IBV,TATCAACAG
IBV,TATTATAAA
IBV,TATTCAGTATG
IBV,TCAGTATGTT
IBV,TCTGGTTTA
IBV,TGAAAAGAA
IBV,TGAAACTTT
IBV,TGCTTGTTT
IBV,TGGCATGTA
IBV,TGTTGATTA
IBV,TGTTTATTAA
IBV,TTAAATTTAA
IBV,TTAATCATTTG
IBV,TTAGATAATT
IBV,TTATAATAATT
IBV,TTGCAATTT
IBV,TTGTGCACAA
IBV,TTTAATAAA
IBV,TTTAATAAA
IBV,TTTAATACT
IBV,ACTTCTAGTTT
IBV,TTAGTAATAAA
IBV,ACTGTTGGT
IBV,ATATATGGCA
IBV,CATAGCTATG
IBV,GTATCTAAA
IBV,GTGTGCACTA
IBV,GTTAATACTA
IBV,GTTAATACT
IBV,TATAATTTA
IBV,TCTTGCTTA
IBV,TGCGTTAATA
IBV,TTATCTAAA
IBV,TTATTATAATT
IBV,TTATTATAATT
IBV,AAAGGTGTCTAT
IBV,TTATTATAATT
IBV,AAGCTTGTA
IBV,AATTGTAAA
IBV,ACACAAACC
IBV,CTTCTAATT
IBV,GCAACATGTTGC
IBV,GTGTCTATG
IBV,TAGCTAGTA
IBV,TAGTAGGTG
IBV,TATGCAAAACA
IBV,TATTAGTAA
IBV,TATTTATAA
IBV,TCTATTAATAGA
IBV,TTATGCAAA
IBV,TTATTAGTA
IBV,TTTATAATA
IBV,ACAAGGTCA
IBV,ACTCAACACAA
IBV,TGACCTTGT
IBV,TTATTATAATT
IBV,AATAATTAT
IBV,ACTCAACACAA
IBV,ACTTAATAT
IBV,AGAGAGTCT
IBV,AGCTGCAGCT
IBV,AGGTGGTGT
IBV,ATAATAATA
IBV,ATATTAAGT
IBV,ATTTTATAA
IBV,CAAAATTTTG
IBV,CAATATGTT
IBV,CATAGCTATG
IBV,CATTTTGTG
IBV,CTAATGAGAC
IBV,CTAGCATTA
IBV,GAAGTCGTC
IBV,GGAATGATAC
IBV,GTAGTAATG
IBV,GTATCTAAA
IBV,GTGTGCACTA
IBV,TAAAATTAT
IBV,TAACAGGCA
IBV,TAATGAGACT
IBV,TACTAATAG
IBV,TCTTACCAC
IBV,TCTTCAAGGT
IBV,TGGCTAGCCA
IBV,TTAACATCT
IBV,TTAATTTGA
IBV,TTATAATAAT
IBV,TTATTATAATT
IBV,TTATTTACA
IBV,TTGAACCTG
IBV,TTTTATATT
IBV,TTTTGTGGTA
IBV,AAACCATTA
IBV,AACAAAACT
IBV,AAGCAATCT
IBV,ACTGTTGGT
IBV,ACTTAATAT
IBV,ACTTAATAT
IBV,ATAATAATA
IBV,ATTACATCA
IBV,ATTTTGTGGTA
IBV,CAATATGTT
IBV,CATTTTGTG
IBV,CTAGCATTA
IBV,CTAGCTTGT
IBV,CTGTTGTAA
IBV,GCCTACTCT
IBV,GCTGGTTTA
IBV,GGTTTTATT
IBV,GTAAAGGTG
IBV,GTATCTAAA
IBV,GTGTTAATA
IBV,TAATAAGGC
IBV,TAATATTACT
IBV,TAATATTACT
IBV,TACTGATGT
IBV,TATTACTAA
IBV,TCTTGCTTA
IBV,TGACCTTGT
IBV,TGTACTCAT
IBV,TTAATACTA
IBV,TTATTAACA
IBV,TTATTATAATT
IBV,TTATTTACA
IBV,TTGTAAATA
IBV,AACTTTTGT
IBV,AAGTAAGCC
IBV,AATAAAAAT
IBV,AATAAAACT
IBV,AATACCATT
IBV,AATTTGAGT
IBV,ACAATACTC
IBV,ACACTGTAA
IBV,ACAGTTTTATT
IBV,ATAAAAATAAT
IBV,ATAATATTAT
IBV,ATCCTGCTG
IBV,ATTTTTCTG
IBV,CAAACGTTC
IBV,CATAATATTA
IBV,CCTACTACAT
IBV,CTATTAATAG
IBV,CTTGTCAATAT
IBV,CTTTGTTGT
IBV,GAAAATTAA
IBV,GTGGTATAA
IBV,GTTCTTTTT
IBV,TAAAATTGCT
IBV,TAAATAATT
IBV,TACAAAAGTTG
IBV,TACTCATCT
IBV,TACTTACAA
IBV,TATAATATT
IBV,TATGTACTCAT
IBV,TATTAATAG
IBV,TATTGACAA
IBV,TATTGAGTATTG
IBV,TCAGAAACA
IBV,TCCAGTAATT
IBV,TCCTACTACA
IBV,TGACAGTTTTA
IBV,TGATATATG
IBV,TGTGATGACAGT
IBV,TTACATTTT
IBV,TTAGGTTTA
IBV,TTATTAATAA
IBV,TTCCAGTAAT
IBV,TTGGAGAAT
IBV,TTGTAAATAGTA
IBV,TTTCTGATG
IBV,TTTGGTGCA
IBV,TTTTAGGTTT
IBV,TTTTGTGGT
IBV,AAAGGTGTCTAT
IBV,TTATTATAATT
IBV,ACTGTTGGT
IBV,GCCTACTCT
IBV,GTATCTAAA
IBV,TATAATTTA
IBV,TCTTGCTTA
IBV,TTAATACTA
IBV,TTATTATAATT
IBV,TTTGATTAT
IBV,CATAGCTATG
IBV,GCCCTAGGGC
IBV,GTGTGCACTA
IBV,GTTAATACTA
IBV,TAACTTAACA
IBV,TTATTATAATT
IBV,TTGTCACACA
IBV,TTATTATAATT
IBV,GTGTTAACAC
IBV,TTAGTTAAAG
IBV,AAGATCTTT
IBV,AGCTGCAGCT
IBV,TAATAAGGC
IBV,TCTGTTGTAA
IBV,TGTTTCAACA
IBV,TTGTAAATA
IBV,AAATTATAATA
IBV,AATAATTAT
IBV,AATTACATG
IBV,AATTTTGTAGT
IBV,ACCCTGCAT
IBV,ATAATATTAT
IBV,CAAAATTGT
IBV,CAAAATTTTG
IBV,CTACTAATT
IBV,GTGTGCACTA
IBV,TAATAATTA
IBV,TAATATTAT
IBV,TATAATCAA
IBV,TATTATAAT
IBV,TCAACACAA
IBV,TTATAATTTA
IBV,TTATTATAATT
IBV,AGCAGATGCT
IBV,AGTGATTTT
IBV,AGTTATAACT
IBV,ATAGTGTTT
IBV,ATTGATAGTG
IBV,CAAGGTCTT
IBV,CACTTAATA
IBV,CACTTACAT
IBV,CAGCAATTTT
IBV,CCTGCAGTA
IBV,CTAGCATTA
IBV,CTTACTCAT
IBV,GACATCTTC
IBV,GATTTCTTA
IBV,GCCTGCAGT
IBV,GGTCTTATT
IBV,GTAAAGGTG
IBV,GTATACAAA
IBV,GTCTATTAG
IBV,GTGTCGACAC
IBV,GTTGTGTGGC
IBV,TAGTGTCAA
IBV,TATTATAATT
IBV,TATTATAAT
IBV,TGGTACTATT
IBV,TTACTCATT
IBV,TTATTTACA
IBV,TTGTATAAAA
IBV,TTTCTGAGT
IBV,TTTTGTGGTA
IBV,AATTGCCACAA
IBV,ACTGGCATGCT
IBV,ACTGGTTCTCA
IBV,CATTAAAATCA
IBV,GCAATTTTT
IBV,GCAATTTTT
IBV,TTATTAATAGT
IBV,TTATTATAATT
IBV,TTGGTACTATT
IBV,TTTCTGAGTAG
IBV,AATAATTATA
IBV,AATACTAGTATT
IBV,AGGTGGTTGT
IBV,CTGTTTCATTA
IBV,GTTATTATAA
IBV,TAATACAGGTGGT
IBV,TAGTTAATGT
IBV,TATGCAAGA
IBV,AACAAAACT
IBV,AACCATCTG
IBV,ACAAAACTACT
IBV,ACAGATGAG
IBV,ACTTAATAT
IBV,ACTTAATAT
IBV,ACTTCTAGTTT
IBV,ATAAACCAT
IBV,CAACTTGTT
IBV,CAATATGTT
IBV,CATAGCTATG
IBV,CATTTTGTG
IBV,CTAGCATTA
IBV,CTGTTGTAA
IBV,GGAATGATAC
IBV,GGTTTTATT
IBV,GTATCTAAA
IBV,GTGTATAAAC
IBV,GTGTGCACTA
IBV,GTGTTAATA
IBV,TAACAGGCA
IBV,TAACTTAACA
IBV,TAATATTACT
IBV,TATAATTATA
IBV,TATTACTAA
IBV,TCAAGGTTT
IBV,TGGAGTGTA
IBV,TGGCTAGCCA
IBV,TGGTGTTAA
IBV,TGTAACTAA
IBV,TGTACTCAT
IBV,TGTTTCAACA
IBV,TTACATTAA
IBV,TTAGTAATAAA
IBV,TTATTAACA
IBV,TTATTTACA
IBV,TTGTAAATA
IBV,TTGTCACACA
IBV,TTTTGTGGTA
IBV,AAACCATTA
IBV,ACTTAATAT
IBV,ACTTAATAT
IBV,ATAATAATA
IBV,CAATATGTT
IBV,CAATTTCAC
IBV,CATTTTGTG
IBV,CTAGCATTA
IBV,CTGTTGTAA
IBV,GCCTACTCT
IBV,GCTGGTTTA
IBV,GGTTTTATT
IBV,GTAAAGGTG
IBV,GTATCTAAA
IBV,GTGTTAATA
IBV,TAATAAAAC
IBV,TAATAATTA
IBV,TAATATTACT
IBV,TAATATTACT
IBV,TATTACTAA
IBV,TCTTGCTTA
IBV,TGTACTCAT
IBV,TTATTAACA
IBV,TTATTTACA
IBV,TTGTAAATA
IBV,CATAGCTATG
IBV,GCCCTAGGGC
IBV,GTGTGCACTA
IBV,GTTAATACTA
IBV,TAACTTAACA
IBV,TTATTATAATT
IBV,TTGTCACACA
IBV,AAAAGTGGTGTAG
IBV,AAGGCCATT
IBV,ACCAAAGCA
IBV,AGCAACATGTTGCT
IBV,AGTAAGAAT
IBV,ATAAAAGTG
IBV,ATAAGCAAT
IBV,ATGAAAAAT
IBV,ATGTGCTCA
IBV,ATTACTAAT
IBV,ATTTCTGCT
IBV,CAAAAAGAA
IBV,CTAGCATTA
IBV,GCAATTTTT
IBV,TACCAAAGC
IBV,TCATTACTA
IBV,TCATTATCTACAA
IBV,TGCTAGAGA
IBV,TGCTTTTAA
IBV,TTACTCATT
IBV,TTATAAAAG
IBV,TTTAATATA
IBV,TTTGTGGTA
IBV,TTTTGAGTG
IBV,TTTTTATTA
IBV,ACTGGCATGCT
IBV,ACTGGTTCTCA
IBV,AGTTATAACT
IBV,TATAACTGGC
IBV,TTATAATAAT
IBV,TTATTAATAGT
IBV,TTATTATAATT
IBV,TTCATATGAA
IBV,ACTTCTAGTTT
IBV,TTAGTAATAAA
IBV,AATTTTGTA
IBV,ACAAAATTA
IBV,ATAACAATG
IBV,TGACCTTGT
IBV,TGTTGGTTA
IBV,TTATAATAA
IBV,TTATTATAATT
IBV,TTATTTAAA
IBV,TATAATTTA
IBV,CATAGCTATG
IBV,GCCCTAGGGC
IBV,GCCTACTCT
IBV,GTATCTAAA
IBV,GTGTGCACTA
IBV,GTGTGCACT
IBV,GTTAATACTA
IBV,TAATAAAAC
IBV,TCTTGCTTA
IBV,TTATCTAAA
IBV,TTATTATAATT
IBV,TTGTCACACA
IBV,ATTATAATTATAAT
IBV,ACAAGGTCA
IBV,TGACCTTGT
IBV,TTATTATAATT
IBV,AATAATTAT
IBV,AATTATAAT
IBV,AGTTATAACT
IBV,ATAATATTAT
IBV,ATTATAATT
IBV,ATTATGAAA
IBV,GTGTGCACTA
IBV,TAATAATTA
IBV,TAATATTAT
IBV,TAATTATAATTA
IBV,TATTATAAT
IBV,TCAACACAA
IBV,TGGTTTGGT
IBV,TTATAATCAA
IBV,TTATTATAATT
IBV,ACTGGTTCTCA
IBV,GTGGTTTTGTT
IBV,ACCATTAATGGT
IBV,GTTCTGCAGAAC
IBV,TTATTATAATT
IBV,AATCTACCAG
IBV,AATTGCCACAA
IBV,AATTTACCA
IBV,ACCCAGTCA
IBV,ACTGGCATGCT
IBV,AGGTTTTAT
IBV,AGTTATAACT
IBV,ATCAAAATCA
IBV,ATCTGTTGG
IBV,ATTCACTTT
IBV,CAATTTCACT
IBV,CACTTAATA
IBV,CACTTTCAGT
IBV,CCAGTTATAA
IBV,CCATTAGGT
IBV,CCTGCAGTA
IBV,CTGTTGGTA
IBV,CTTACTCAT
IBV,GCAATTTTT
IBV,GCAATTTTT
IBV,GCCTGCAGT
IBV,GGCAATTTT
IBV,GTAAAGGTG
IBV,GTATACAAA
IBV,TAACAGTTA
IBV,TAAGTTTTG
IBV,TATAACTGGC
IBV,TATTATAAT
IBV,TCAACACAA
IBV,TCTGGAGTG
IBV,TGCATACTG
IBV,TGCCAGTAT
IBV,TGTCAAGTA
IBV,TGTTGGTAA
IBV,TTACTAAGA
IBV,TTATAAACA
IBV,TTATAATAAT
IBV,TTATTATAATT
IBV,TTCTGAGTAG
IBV,TTGTATAAAA
IBV,TTTGCTTGT
IBV,TTTTGTATG
IBV,ACTTCTAGTTT
IBV,TTAGTAATAAA
IBV,ACTGGCATGCT
IBV,ACTGGTTCTCA
IBV,GCAATTTTT
IBV,GCAATTTTT
IBV,TATGAAAAATG
IBV,TTATTATAATT
IBV,TTTCTGAGTAG
IBV,CATAGCTATG
IBV,GTGTGCACTA
IBV,ACCATTTTGTTT
IBV,ACTGGCATGCT
IBV,ACTTCTAGTTT
IBV,TTAGTAATAAA
IBV,AAACTGGTT
IBV,AAAGTGGAT
IBV,AATAATTATA
IBV,AATACTAGTATT
IBV,ACACATTGT
IBV,ACATTGTAG
IBV,ACTGCTGGT
IBV,ATTATACTCAA
IBV,CAGGTGCTT
IBV,CCTTGGCCTA
IBV,GAAAAAAGA
IBV,GTTATAAAA
IBV,GTTATTATAA
IBV,TAAAGTTAT
IBV,TAATAATTA
IBV,TAGTTAATGT
IBV,TTACTAACA
IBV,TTATAAAAGT
IBV,TTATAATAA
IBV,AAACCATTA
IBV,AACAAAACT
IBV,ACTTAATAT
IBV,ACTTAATAT
IBV,AGATGTTAA
IBV,AGTTGGCAA
IBV,ATAATAATA
IBV,CAATATGTT
IBV,CATAGCTATG
IBV,CATTTTGTG
IBV,CTAGCATTA
IBV,CTAGCTTGT
IBV,CTGTTGTAA
IBV,GCCCTAGGGC
IBV,GCCTACTCT
IBV,GCTGGTTTA
IBV,GGAATGATAC
IBV,GGTGGTGTTA
IBV,GGTTTTATT
IBV,GTAAAGGTG
IBV,GTATCTAAA
IBV,GTGTGCACTA
IBV,GTGTTAATA
IBV,GTTAATACTA
IBV,TAACAGGCA
IBV,TAACTTAACA
IBV,TAATATTACT
IBV,TAATTCTAG
IBV,TATTACTAA
IBV,TCTTGCTTA
IBV,TGGAGTGTA
IBV,TGGCTAGCCA
IBV,TGTACTCAT
IBV,TGTTTCAACA
IBV,TTATCTAAA
IBV,TTATTAACA
IBV,TTATTTACA
IBV,TTGTAAATA
IBV,TTTTGTGGTA
IBV,ACTGGCATGCT
IBV,TTATTATAATT
IBV,CATAGCTATG
IBV,GCCCTAGGGC
IBV,GCCTACTCT
IBV,GTATCTAAA
IBV,GTGTGCACTA
IBV,GTTAATACTA
IBV,GTTAATACT
IBV,TATAATTTA
IBV,TCTTGCTTA
IBV,TGCGTTAATA
IBV,TTATCTAAA
IBV,TTATTATAATT
IBV,ACTTCTAGTTT
IBV,TTAGTAATAAA
IBV,ACAGATGTTT
IBV,TTATAATTTA
IBV,AGTGATCACT
IBV,CATAGCTATG
IBV,GCCCTAGGGC
IBV,GTGTGCACTA
IBV,GTTAATACTA
IBV,TAACTTAACA
IBV,TTATTATAATT
IBV,TTGTCACACA
IBV,TTATTATAATT
IBV,ACACTGTAA
IBV,AAATGCAAC
IBV,AAATGCAAG
IBV,AATAATTGT
IBV,AATGCAACT
IBV,ACTATACAA
IBV,AGATGTTAT
IBV,AGTATTGAA
IBV,AGTGTAATT
IBV,ATACCATTT
IBV,ATTATCAAA
IBV,ATTTTATAAAT
IBV,CCTGTATTA
IBV,CTAGTAATT
IBV,CTAGTTGCT
IBV,CTTGGATTA
IBV,GCAAGATGT
IBV,GTAAACAAT
IBV,TATAGTATG
IBV,TGACAGTTTTA
IBV,TGCTTGTAA
IBV,TGTTGATTA
IBV,TTAAGTAGT
IBV,TTATCAAAA
IBV,TTCTTACCA
IBV,TTTAGCAAT
IBV,TTTTATTTA
IBV,CATAGCTATG
IBV,GTGTGCACTA
IBV,GTTAATACTA
IBV,GTTCTGCAGAAC
IBV,TGCGTTAATA
IBV,TTATTATAATT
IBV,CATAGCTATG
IBV,GCCCTAGGGC
IBV,GTGTGCACTA
IBV,GTTAATACTA
IBV,TTATTATAATT
IBV,TTGTCACACA
IBV,AGTGTTAACAC
IBV,AGTTTAAACT
IBV,ACTCAACACAA
IBV,TAGTGTTAACACTA
IBV,TTATTATAATT
IBV,AAAGTAGTGTTAACACTACTTT
IBV,TATGCAAGA
IBV,ACTGTAATTT
IBV,CATAGCTATG
IBV,CGTATCTAAA
IBV,GTTAATACTA
IBV,TTATTATAATT
IBV,AACTTTTCT
IBV,ATAAAATTA
IBV,ATAAAATTA
IBV,ATACTACTA
IBV,GGCATTTAC
IBV,GTATTTAAA
IBV,TAAAATTAT
IBV,TATTATAAT
IBV,TCAACACAA
IBV,TTAATACTACT
IBV,TTATTATAATT
IBV,ACACAAACTG
IBV,GTTTATAAAC
IBV,TTATTATAATT
IBV,CATAGCTATG
IBV,GTGTGCACTA
IBV,TAACTTAACA
IBV,TCGTCACACA
IBV,TTATTATAATT
IBV,AAGATCTTT
IBV,GACAATATATTGTC
IBV,TCTTTAAAGA
IBV,ACTGGCATGCT
IBV,ACTGGTTCTCA
IBV,AGGTTTTAT
IBV,ATCTGTTGG
IBV,CACTTAATA
IBV,CCTGCAGTA
IBV,CTAGCATTA
IBV,CTGTTGGTA
IBV,GCAATTTTT
IBV,GCAATTTTT
IBV,GCCTGCAGT
IBV,GTATACAAA
IBV,GTCTATTAG
IBV,TAACAGTTA
IBV,TAAGTTTTG
IBV,TATAAAAAT
IBV,TATTATAAT
IBV,TCAACACAA
IBV,TGCCAGTAT
IBV,TTACTAAGA
IBV,TTATAAACA
IBV,TTATTAATAGT
IBV,TTATTATAATT
IBV,TTTCTGAGTAG
IBV,TTTGCTTGT
IBV,TTTGTTGTA
IBV,TTTTATTAA
IBV,CACTTGCAG
IBV,TAAAGCCTTGGC
IBV,TTATTATAATT
IBV,AATTATAATT
IBV,ACTAATATTAGT
IBV,ATTATAATTATAAT
IBV,GTTTATAAAC
IBV,ACTTCTAGTTT
IBV,TTAGTAATAAA
IBV,ACTGGCATGCT
IBV,AGTTATAACT
IBV,CACTTTCAGT
IBV,TATAACTGGC
IBV,TTATAATAAT
IBV,TTATTATAATT
IBV,ACTGGCATGCT
IBV,ACTGGTTCTCA
IBV,TTATTAATAGT
IBV,TTATTATAATT
IBV,ACACTGTAA
IBV,AAACCATTA
IBV,ATACTCTAGG
IBV,CATAGCTATG
IBV,GTGTGCACTA
IBV,GTTAATACTA
IBV,TAACTTAACA
IBV,TTATTATAATT
IBV,AAACTTACCA
IBV,AATCTACCAG
IBV,AATTGCCACAA
IBV,ACCCAGTCA
IBV,ACTGGCATGCT
IBV,AGGTTTTAT
IBV,AGTTATAACT
IBV,ATCAAAATCA
IBV,ATCTGTTGG
IBV,ATTCACTTT
IBV,CAATTTCACT
IBV,CACTTAATA
IBV,CCAGTTATAA
IBV,CCATTAGGT
IBV,CCTGCAGTA
IBV,CTTACTCAT
IBV,GCAATTTTT
IBV,GCAATTTTT
IBV,GCCTGCAGT
IBV,GGCAATTTT
IBV,GTATACAAA
IBV,TAACAGTTA
IBV,TAAGTTTTG
IBV,TATAACTGGC
IBV,TATTATAAT
IBV,TCAACACAA
IBV,TGCATACTG
IBV,TGCCAGTAT
IBV,TGTCAAGTA
IBV,TGTTGGTAA
IBV,TTACTAAGA
IBV,TTATAAACA
IBV,TTATAATAAT
IBV,TTATTATAATT
IBV,TTCTGAGTAG
IBV,TTGTATAAAA
IBV,TTGTTAACAA
IBV,TTTGCTTGT
IBV,AAACCATTA
IBV,AACAAAACT
IBV,AAGATCTTT
IBV,AATAATGCC
IBV,AATCTTTTC
IBV,ACAAAACTAC
IBV,ACCATTTTG
IBV,ACTGTAATTT
IBV,ACTTAATAT
IBV,ACTTAATAT
IBV,AGAGTGATG
IBV,AGCTGCAGCT
IBV,AGTTTTAAT
IBV,ATAATAATA
IBV,ATGAAAGAA
IBV,CATAGCTATG
IBV,CATTACTAA
IBV,CATTTTGTG
IBV,CCATAGCTA
IBV,CCATCCTAGT
IBV,CGTATCTAAA
IBV,CTAGCATTA
IBV,GAATATAAT
IBV,GATAATAAT
IBV,GCCTACTCT
IBV,GTAAAGGTG
IBV,GTGTATAAG
IBV,GTGTGCACTA
IBV,GTTAATACTA
IBV,GTTAATACT
IBV,TAATAAGGC
IBV,TAATAATTA
IBV,TATAATCAA
IBV,TATAATTTA
IBV,TCTGTTGTAA
IBV,TGAATATAA
IBV,TGTACTCAT
IBV,TGTTTCAACA
IBV,TTAATTATT
IBV,TTACTAAGA
IBV,TTATTATAATT
IBV,TTGTAAATA
IBV,TTTAGCAGA
IBV,TTTTATTTACA
IBV,TTTTGTGGTAT
IBV,ACTTCTAGTTT
IBV,ACTTTAAAGT
IBV,GATTTAAATC
IBV,TATAATTATA
IBV,TTCACTTCTA
IBV,CATAGCTATG
IBV,GCCCTAGGGC
IBV,GTTAATACTA
IBV,TAACTTAACA
IBV,TTATTATAATT
IBV,TTGTCACACA
IBV,TAGTGTTAACACTA
IBV,TCAGTTTCATTA
IBV,TTATTATAATT
IBV,TTTGTATACAAA
IBV,ACTTCTAGTTT
IBV,CTTTTAAAAG
IBV,GATTTAAATC
IBV,TATAATTATA
IBV,TTCACTTCTA
IBV,AAAATTATA
IBV,AAACCAAAG
IBV,AAACCATTA
IBV,AAACTAGCA
IBV,AGTAAGAAT
IBV,ATATCTAAA
IBV,CATTTAGAT
IBV,CCAAAGCTTTGG
IBV,TTATAATAA
IBV,GTTATTATAATT
IBV,TTAGTAATAAA
IBV,AAACCATTA
IBV,AATAATATTATT
IBV,ACTCAACACAA
IBV,TTATTATAATT
IBV,AAACTAGTTT
IBV,AAGGTCTATTAG
IBV,AAGTATAGT
IBV,ACACTTACT
IBV,ACCCATCCT
IBV,ACTATTACT
IBV,ACTTGTTGT
IBV,AGATGGTTT
IBV,AGCACCCAC
IBV,AGGAATGGT
IBV,AGTGTAGTA
IBV,AGTTTAACT
IBV,ATAGTGTTTC
IBV,ATTACCACA
IBV,ATTTTACAC
IBV,CACTTAATA
IBV,CCCTACTAA
IBV,CTATTAATA
IBV,CTGTAAGCA
IBV,CTTAGTGTGT
IBV,CTTTTGCAA
IBV,GATAAGGCCTTATC
IBV,GCACTATAGTGC
IBV,GTGTAGGTG
IBV,GTTTAATAC
IBV,TAATATTTA
IBV,TACATATGTA
IBV,TACTATAGTA
IBV,TACTGGCAA
IBV,TAGGTGGTGT
IBV,TATACTTCT
IBV,TCATTACTA
IBV,TCTAATAATT
IBV,TGCATATGCA
IBV,TGTAGTTAAACTGGT
IBV,TTAATTTTA
IBV,TTACACACT
IBV,TTACTAATAT
IBV,TTAGTACTAA
IBV,TTCACTAATA
IBV,TTTACTTCT
IBV,TTTTATAATAAT
IBV,TTTTGCAAAA
IBV,TTTTGGTAA
IBV,CATAGCTATG
IBV,GCCCTAGGGC
IBV,GTGTGCACTA
IBV,GTTAATACTA
IBV,TTATTATAATT
IBV,TTATTATAATT
IBV,AAACCATTA
IBV,AACAAAACT
IBV,AAGATCTTT
IBV,AATCTTTTC
IBV,ACCATTTTG
IBV,ACTTAATAT
IBV,AGAGTGATG
IBV,AGTTTTAAT
IBV,ATAATAATA
IBV,ATGAAAGAA
IBV,ATTTTGTGGTA
IBV,CATTTTGTG
IBV,CCATAGATG
IBV,CTAGCATTA
IBV,CTGTTGTAA
IBV,GAATATAAT
IBV,GCCTACTCT
IBV,GGTTTTATT
IBV,GTGTATAAG
IBV,GTTAATACT
IBV,TAAAGGTGT
IBV,TAATAAGGC
IBV,TAATAATTA
IBV,TATAATCAA
IBV,TATAATTTA
IBV,TGAATATAA
IBV,TGTACTCAT
IBV,TTAATTATT
IBV,TTACTAAGA
IBV,TTATTATAATT
IBV,TTGTAAATA
IBV,TTTAGCAGA
IBV,TTTTATTTACA
IBV,TTATTATAATT
IBV,GGTCTCATT
IBV,TTATTATAATT
IBV,AAACCATTA
IBV,AAAGTATTAA
IBV,ACCTGCAGGT
IBV,ATTAATACT
IBV,GTATTATTA
IBV,AATTATAAT
IBV,ATTATAATT
IBV,TAATTCACCAA
IBV,TTATTATAATT
IBV,ACAAGGTCA
IBV,ACCAAAGTG
IBV,GCATAAGCA
IBV,TTAGTTAAA
IBV,CATAGCTATG
IBV,GCCCTAGGGC
IBV,GCCTACTCT
IBV,GTATCTAAA
IBV,GTGTGCACTA
IBV,GTTAATACTA
IBV,TAATAAAAC
IBV,TCTTGCTTA
IBV,TGGTCTAAA
IBV,TTATCTAAA
IBV,TTATTATAATT
IBV,TTGTCACACA
IBV,GTGTTAACAC
IBV,TTAGTTAAA
IBV,ACTCAACACAA
IBV,GTGGTTTTGTG
IBV,TTATTATAATT
IBV,AAAAATACC
IBV,AACACTATT
IBV,AACTAATTT
IBV,ACATCTTCG
IBV,ATGAAAAAT
IBV,CAAGGTCTT
IBV,CACGCAAAA
IBV,CACTTAATA
IBV,CAGTATGTT
IBV,CTAAAACAG
IBV,CTACCAAAG
IBV,CTAGCATTA
IBV,GAGTATAAG
IBV,GCAGGTGGTGC
IBV,GGTTTTATT
IBV,GTAAAGGTG
IBV,GTATACAAA
IBV,GTTTTGAGTAT
IBV,TAAACGTGG
IBV,TAATAAGAA
IBV,TACTAACAT
IBV,TAGTATTAATACTA
IBV,TATTATAAT
IBV,TCAACACAA
IBV,TGAATCTGTTG
IBV,TGCATTTTG
IBV,TGGTGAGTT
IBV,TGGTGGTGT
IBV,TGTAAACAC
IBV,TGTATAAAA
IBV,TTAACTCAC
IBV,TTATTATAATT
IBV,TTGAAAAAG
IBV,TTTACTACT
IBV,AATTATATAATT
IBV,TTATTATAATT
IBV,ACTGGCATGCT
IBV,AGTTATAACT
IBV,ATGCCAGTAT
IBV,ATTCACTTT
IBV,TAATAGTTT
IBV,TATAACTGGC
IBV,TATTATAAT
IBV,TCAACACAA
IBV,TTATAAACA
IBV,TTATAATAAT
IBV,TTATTATAATT
IBV,TTATTATAATT
IBV,ACTTCTAGTTT
IBV,TTAGTAATAAA
IBV,AACAGATTCT
IBV,AACCATCTG
IBV,AATAAAAAT
IBV,AATCTGTTT
IBV,ACTTCTAGTTT
IBV,ACTTTTTAT
IBV,AGATGTAAG
IBV,AGCCATAGA
IBV,ATAAAAATAC
IBV,ATTACTAAT
IBV,ATTACTAAT
IBV,CAACTCACG
IBV,CACTTAATA
IBV,CAGGTATGA
IBV,CATACTGCT
IBV,GAAGATCTTC
IBV,GAATCTGTTG
IBV,GTATCTAAA
IBV,GTGTATAAAC
IBV,TAACAACAT
IBV,TAATAATGGC
IBV,TATAATTATA
IBV,TATGGCAAG
IBV,TCATTACTA
IBV,TCATTATCT
IBV,TCTGTTGTAA
IBV,TGAAACAACT
IBV,TGCTAGAGA
IBV,TTAATCCCTG
IBV,TTAGTAATAAA
IBV,TTAGTAATA
IBV,TTCACTTCTA
IBV,TTGCATGTC
IBV,TTGCTTTAT
IBV,TTTCTGAGT
IBV,TTTGTGGTA
IBV,AAAAGTGGT
IBV,AAAGCGCTTT
IBV,AAAGTAGTGTTAACACTACTTT
IBV,AACAAAACC
IBV,ACAAATTTGT
IBV,ACAATATGTT
IBV,ACCTAAAGG
IBV,ACTCTTTTG
IBV,AGACATGTCT
IBV,AGAGTGGCT
IBV,AGTAAGAAT
IBV,ATAAAAGTG
IBV,ATGAAAAAT
IBV,ATGCAATGG
IBV,ATGTCAATA
IBV,ATGTGCTCA
IBV,ATTACTAAT
IBV,ATTGTTGGTT
IBV,ATTTCTGCT
IBV,CAAAAAGAA
IBV,CACCTAAAG
IBV,CTAGCATTA
IBV,GAGTGGCTA
IBV,GAGTTAACTC
IBV,GCAACTTGT
IBV,GCAATTTTT
IBV,TAATGTTTC
IBV,TACCAAAGC
IBV,TATAATAAT
IBV,TCATTACTA
IBV,TCATTATCTACAA
IBV,TCTTTAACAA
IBV,TGCTAGAGA
IBV,TGCTTTTAA
IBV,TTAACTCAC
IBV,TTACTCATT
IBV,TTACTTCTTG
IBV,TTATGAAAG
IBV,TTGTATAAAA
IBV,TTGTTAACAA
IBV,TTTAATATA
IBV,TTTGTGGTA
IBV,TTTTGTGGTA
IBV,AATTACAGTGCG
IBV,TTTACTTCT
IBV,AAAAATACC
IBV,AAACCAGCTGGTTT
IBV,AACACTATT
IBV,AACTAATTT
IBV,AAGGTTTAT
IBV,AATTTCTACA
IBV,ACATCTTCG
IBV,ACATTGTTT
IBV,ACTAACATAA
IBV,ACTTAATAT
IBV,ATAATAATA
IBV,ATGAAAAAT
IBV,CAGGTTTTAT
IBV,CAGTATGTT
IBV,CTAGCATTA
IBV,CTTACTCAT
IBV,GGAATGATAC
IBV,GGTTTTATT
IBV,GTAAAGGTG
IBV,GTGTACTAC
IBV,GTGTTAATAA
IBV,TAAACACTAT
IBV,TAAACGTGG
IBV,TAATATTACT
IBV,TAGTATTAATACTA
IBV,TATTACTAA
IBV,TATTATAAT
IBV,TCAACACAA
IBV,TGGCTAGCCA
IBV,TGGTGAGTT
IBV,TGGTGGTGT
IBV,TGTAAACAC
IBV,TTAACTCAC
IBV,TTAATTTTT
IBV,TTATAATAAT
IBV,TTATTAACA
IBV,TTATTTACA
IBV,TTGAAAAAG
IBV,TTGTATAAAA
IBV,TTTTATATT
IBV,TTTTATATT
IBV,TTTTGAGTG
IBV,TTTTGTGGTA
IBV,GCATAAGCA
IBV,ACACATTGT
IBV,GACATCTTC
IBV,GTTTCTAGT
IBV,TATTATAAT
IBV,TCAACACAA
IBV,TGCCAGTAT
IBV,TTATTATAATT
IBV,CATAGCTATG
IBV,GTGTGCACTA
IBV,GTTAATACTA
IBV,GTTCTGCAGAAC
IBV,TGCGTTAATA
IBV,TTATTATAATT
IBV,TATAACTGGCG
IBV,TTATTATAATT
IBV,AAACCAGCTGGTTT
IBV,AACTAGTAT
IBV,AACTTGTTGT
IBV,AATCTACCAG
IBV,AATTATAAT
IBV,ACCATTTTG
IBV,AGTAATAGA
IBV,AGTGCTAAT
IBV,AGTTATAACT
IBV,ATAAAGTTA
IBV,ATCAAACGTC
IBV,ATCTGTTGG
IBV,CACTGTAAT
IBV,CACTTAATA
IBV,CATTTTGTG
IBV,CCAGTTATAA
IBV,CTAGCATTA
IBV,CTAGTATTAA
IBV,CTTATTCAT
IBV,GCAATTTTTT
IBV,GCACCAGCT
IBV,GCCATAGAA
IBV,GCTGGTGCA
IBV,GGCCTTATT
IBV,GTATACAAA
IBV,TAAATAATT
IBV,TACTATAGTA
IBV,TAGTATTAATACTA
IBV,TATAAGTTT
IBV,TCAACACAA
IBV,TGGTTACATT
IBV,TTAGTAATA
IBV,TTATAATAAT
IBV,TTTCTGAGT
IBV,TTTGCTTGT
IBV,TTTTATTAA
IBV,TTTTGTGGTA
IBV,AAACCATTA
IBV,AACAAAACT
IBV,ACTGTAATT
IBV,ACTGTTGGT
IBV,ACTTAATAT
IBV,ACTTAATAT
IBV,ATAATAATA
IBV,CAATATGTT
IBV,CATTTTGTG
IBV,CTAGCATTA
IBV,CTGTTGTAA
IBV,GCCTACTCT
IBV,GCTGGTTTA
IBV,GGTTTTATT
IBV,GTAAAGGTG
IBV,GTGTTAATA
IBV,TAACAGGCA
IBV,TAATATTACT
IBV,TAATATTACT
IBV,TATAATTTA
IBV,TATTACTAA
IBV,TCTTACCAC
IBV,TCTTGCTTA
IBV,TGGAGTGTA
IBV,TGTACTCAT
IBV,TTAATACTA
IBV,TTATTAACA
IBV,TTATTTACA
IBV,TTGTAAATA
IBV,TTTGATTAT
IBV,TTTTGAGTG
IBV,AATTATAATT
IBV,AATTATAAT
IBV,ATTATAATT
IBV,CACCTTTACA
IBV,GTGTTAACAC
IBV,TAATTCACCAA
IBV,TTATAATAAT
IBV,TTATTATAATT
IBV,CATAGCTATG
IBV,GTGTGCACTA
IBV,GTTAATACTA
IBV,TGCGTTAATA
IBV,TTATTATAATT
IBV,TTATTATAATT
IBV,AAATTATAATA
IBV,ACTGTTGGT
IBV,ATAATATTAT
IBV,CAGTGCACTG
IBV,CGTATCTAAA
IBV,GCCTACTCT
IBV,GTGTGCACTA
IBV,GTTAATACTA
IBV,GTTAATACT
IBV,TAATAATTA
IBV,TAATATTAT
IBV,TAGTAATAA
IBV,TTATAATTTA
IBV,TTATTATAATT
IBV,AAATAATTT
IBV,AAGCATGCTT
IBV,AAGCCTACT
IBV,AAGTAGTGA
IBV,ACATTATTT
IBV,ACTTATAAAA
IBV,AGAAGATTT
IBV,AGGTCAATCA
IBV,ATTAATAAA
IBV,ATTTAAATCA
IBV,CAAATGATTAA
IBV,CAACATCTT
IBV,CAGTTACCAC
IBV,CATTATAATG
IBV,CGTAGTTAG
IBV,CTATAAATA
IBV,CTTTGTAAA
IBV,GATTCTTCTG
IBV,GTAAGCCTA
IBV,GTGATTTAA
IBV,GTGTTTCAA
IBV,GTTTTATTA
IBV,TAAAATTAT
IBV,TAAAATTAT
IBV,TAAATAATTTC
IBV,TAAATTTAA
IBV,TAAGCCTAT
IBV,TAATAAAACA
IBV,TAATAAGAA
IBV,TAGCATATT
IBV,TATTCAGTATG
IBV,TATTCAGTA
IBV,TCAGTATGTT
IBV,TCTGGTTTA
IBV,TGAAAAGAA
IBV,TGAAACTTT
IBV,TGCATATGCA
IBV,TGCATATGCA
IBV,TGCATATGCA
IBV,TGCTTGTTT
IBV,TGGCATGTA
IBV,TGTTGATTA
IBV,TGTTTATTAA
IBV,TTAAATTTAA
IBV,TTAATCATTTG
IBV,TTACTACAC
IBV,TTAGATAATT
IBV,TTATAATAATT
IBV,TTGCAATTT
IBV,TTGTAAATAG
IBV,TTGTGCACAA
IBV,TTGTGTGCA
IBV,TTTAATAAA
IBV,TTTAATACT
IBV,ACAAAACTAC
IBV,ACTGTAATTT
IBV,CGTATCTAAA
IBV,GTTAATACTA
IBV,TTATTATAATT
IBV,ACCATTAACAG
IBV,ACTTAATAT
IBV,ATAATAATA
IBV,ATGAAAAAT
IBV,ATTTTGTGGTA
IBV,CAATATGTT
IBV,CCATAGATG
IBV,GGTTTTATT
IBV,GTATCTAAA
IBV,GTCACAGAC
IBV,GTGTTAATA
IBV,TAACAGGCA
IBV,TAACAGTTA
IBV,TAATAAGAA
IBV,TAATAAGGC
IBV,TATAATTTA
IBV,TATTACTAA
IBV,TCACTAATG
IBV,TCCATACGT
IBV,TGGTTCTCA
IBV,TTAATTCTT
IBV,TTATTAAAG
IBV,TTATTAACA
IBV,TTATTATAATT
IBV,TTCTTGCTT
IBV,TTGTTTGCA
IBV,TTTGTGGTA
IBV,ACTGTTGGT
IBV,GCCTACTCT
IBV,GTATCTAAA
IBV,TAATAAAAC
IBV,TAATAATTA
IBV,TATAATTTA
IBV,TCTTGCTTA
IBV,TGTTTCATT
IBV,TTAATACTA
IBV,TTATTATAATT
IBV,AAACTTACCA
IBV,AATCTACCAG
IBV,AATTGCCACAA
IBV,ACCCAGTCA
IBV,ACTGGCATGCT
IBV,AGGTTTTAT
IBV,AGTTATAACT
IBV,ATCAAAATCA
IBV,ATCTGTTGG
IBV,ATTCACTTT
IBV,CAATTTCACT
IBV,CACTTAATA
IBV,CACTTTCAGT
IBV,CCAGTTATAA
IBV,CCATTAGGT
IBV,CCTGCAGTA
IBV,CTGTTGGTA
IBV,CTTACTCAT
IBV,GATGGCTTT
IBV,GCAATTTTT
IBV,GCAATTTTT
IBV,GGCAATTTT
IBV,GTAAAGGTG
IBV,GTATACAAA
IBV,TAACAGTTA
IBV,TAAGTTTTG
IBV,TATAACTGGC
IBV,TATTATAAT
IBV,TCAACACAA
IBV,TCTGGAGTG
IBV,TGCATACTG
IBV,TGCCAGTAT
IBV,TGTCAAGTA
IBV,TGTTGGTAA
IBV,TTACTAAGA
IBV,TTATAAACA
IBV,TTATAATAAT
IBV,TTATTATAATT
IBV,TTCTGAGTAG
IBV,TTGTATAAAA
IBV,TTTGCTTGT
IBV,TTTTGTATG
IBV,AAGGCCATT
IBV,AATTTTGTA
IBV,ACATTGTTT
IBV,ACCACCAAA
IBV,AGTGCTTCT
IBV,ATTGTTTAT
IBV,ATTTTGTGGTA
IBV,CAATATGTT
IBV,CAATTTCAC
IBV,CTAGCATTA
IBV,CTTCAAGGT
IBV,GGGTGTAAG
IBV,GGTACTGTG
IBV,GTATACAAA
IBV,GTCTAAAAC
IBV,GTGTATAAACA
IBV,GTGTTAATA
IBV,TAACAAAAC
IBV,TAACAGTTA
IBV,TAATAATAG
IBV,TATTATAAT
IBV,TCAACACAA
IBV,TCTGAGTAG
IBV,TTAATAAAA
IBV,TTATAATAA
IBV,TTATTAACA
IBV,TTATTATAATT
IBV,TTATTTACA
IBV,TTGTTTGCA
IBV,TTTCTCTTG
IBV,TTTGTGGTA
IBV,GTGTTAACAC
IBV,ACAAACTGCT
IBV,ACTCAACACAA
IBV,CAAAATTTTG
IBV,TAATGAGACT
IBV,TTATAATAAT
IBV,TTATTATAATT
IBV,AAACTATTA
IBV,AACTCATCA
IBV,AATTATAATT
IBV,AATTATAAT
IBV,AATTTCACC
IBV,ACAAATGTA
IBV,ACTTAATAT
IBV,AGAACATGT
IBV,AGCCTATGG
IBV,AGGTGGTGT
IBV,ATAATAATA
IBV,ATCTGCAGAT
IBV,ATGTACTCA
IBV,ATTAACATA
IBV,ATTAATAAT
IBV,ATTATAATT
IBV,CACCTTTACA
IBV,CATTTTGTGG
IBV,CCATCCTAGA
IBV,CTAGCATTA
IBV,CTGTTGTAA
IBV,GCATAAGCA
IBV,GGAATGATAC
IBV,GGTTTTATT
IBV,GTAAAGGTG
IBV,GTGTTAACAC
IBV,GTTTATAAG
IBV,TAATATTACT
IBV,TAATTCACCAA
IBV,TAGTTTCAG
IBV,TGGCTAGCCA
IBV,TGGTTTAGT
IBV,TGTAACTAA
IBV,TGTTTGATA
IBV,TTAATTTGA
IBV,TTAATTTTT
IBV,TTAGTTAAAG
IBV,TTATAATAAT
IBV,TTATTAACA
IBV,TTATTATAATT
IBV,TTATTTACA
IBV,TTGTAAATA
IBV,TTGTATAAAA
IBV,TTGTTTGCA
IBV,TTTGTGGTA
IBV,TTTTGTGGTA
IBV,TTATAATAAT
IBV,TTATAATAAT
IBV,TTATTATAATT
IBV,AATCTACCAG
IBV,ACACACTCA
IBV,ACCCAGTCA
IBV,ACTGGCATGCT
IBV,AGGTTTTAT
IBV,AGTTATAACT
IBV,ATCAAAATCA
IBV,ATCTGTTGG
IBV,ATGGACTGT
IBV,CAATTTCACT
IBV,CACTTAATA
IBV,CCAGTTATAA
IBV,CCATTAGGT
IBV,CCTGCAGTA
IBV,CTGTTGGTA
IBV,GCAATTTTT
IBV,GCAATTTTT
IBV,GGCAATTTT
IBV,GTATACAAA
IBV,GTCGTGTAA
IBV,GTGTTGTTAA
IBV,GTGTTGTTA
IBV,TAACAGTTA
IBV,TAAGTTTTG
IBV,TATAACTGGC
IBV,TATGAGAGA
IBV,TATTATAAT
IBV,TCAACACAA
IBV,TGCATACTG
IBV,TGCCAGTAT
IBV,TGTTGGTAA
IBV,TTATAAACA
IBV,TTATAATAAT
IBV,TTATTATAATT
IBV,TTCTGAGTAG
IBV,TTGTATAAAA
IBV,TTTGCTTGT
IBV,ACTCAACACAA
IBV,TTATTATAATT
IBV,ATAAGCCAT
IBV,ACTCAACACAA
IBV,GTGGTTTTGTG
IBV,TTATTATAATT
IBV,AAACCATTA
IBV,ACACTAATAA
IBV,ACTTAATAT
IBV,ACTTAATAT
IBV,ATAATAATA
IBV,ATTCGTATT
IBV,CAATATGTT
IBV,CATAGCTATG
IBV,CATTTTGTG
IBV,CTAGCATTA
IBV,CTGTTGTAA
IBV,GCCCTAGGGC
IBV,GCCTACTCT
IBV,GCTGGTTTA
IBV,GGAATGATAC
IBV,GGTGGTGTTA
IBV,GGTTTTATT
IBV,GTAAAGGTG
IBV,GTATCTAAA
IBV,GTCATTAAG
IBV,GTGTGCACTA
IBV,GTGTTAATA
IBV,GTTAATACTA
IBV,TAATAAAAC
IBV,TAATATCTCT
IBV,TAATATTACT
IBV,TAATATTACT
IBV,TAATTCTAG
IBV,TATTACTAA
IBV,TCTTGCTTA
IBV,TGGAGTGTA
IBV,TGGCTAGCCA
IBV,TGTACTCAT
IBV,TGTTTCAACA
IBV,TTATTAACA
IBV,TTATTTACA
IBV,TTGTAAATA
IBV,TTGTCACACA
IBV,TTTTGTGGTA
IBV,AGCTGCAGCT
IBV,CGCGCCGCTG
IBV,GGCAGCTGCC
IBV,TATAGCTATA
IBV,TATGCAAGA
IBV,CATAGCTATG
IBV,GTGTGCACTA
IBV,GTTAATACTA
IBV,TAACTTAACA
IBV,TTATTATAATT
IBV,ACTTCTAGTTT
IBV,AAATTATAATA
IBV,AAGGCCATT
IBV,AATAATTAT
IBV,AATATAATAA
IBV,AATTACATG
IBV,AATTTTGTAGT
IBV,ACCATTTTG
IBV,ACCCTGCAT
IBV,ACTCATCATC
IBV,AGAAGATTT
IBV,AGGTGGTGTT
IBV,AGTTTTAATT
IBV,ATAATATTAT
IBV,CAAAATTGT
IBV,CAAAATTTTG
IBV,CAATATGTT
IBV,CATTTTGTG
IBV,CTACTAATT
IBV,CTATACCATT
IBV,CTCTGTTATT
IBV,CTTCAAGGT
IBV,GAATATAAT
IBV,GGTACTGTG
IBV,GTATACAAA
IBV,GTGTATAAA
IBV,GTGTGCACTA
IBV,GTGTTAATA
IBV,TAAACACCCT
IBV,TAACAGTTA
IBV,TAATAAGAA
IBV,TAATAATTA
IBV,TAATATTACT
IBV,TAATATTAT
IBV,TAATTCTAG
IBV,TATAATCAA
IBV,TATTATAAT
IBV,TCAACACAA
IBV,TCTTACCAC
IBV,TGAATATAA
IBV,TGTTATTAA
IBV,TTACTGAAAA
IBV,TTATAATTTA
IBV,TTATTAACA
IBV,TTATTATAATT
IBV,TTATTTACA
IBV,TTGTATACAA
IBV,TTTAGCAGA
IBV,TTTCAGTAA
IBV,TTTGTGGTA
IBV,AAACCATTA
IBV,AACAAAACT
IBV,ACTTAATAT
IBV,ACTTAATAT
IBV,ATAATAATA
IBV,ATTAAGTAA
IBV,CAATATGTT
IBV,CAATTTCAC
IBV,CATTTTGTG
IBV,CTAGCATTA
IBV,CTGTTGTAA
IBV,GGTTTTATT
IBV,GTAAAGGTG
IBV,GTATCTAAA
IBV,GTGTTAATA
IBV,GTTTATAAG
IBV,TAACAGGCA
IBV,TAATAATTA
IBV,TATAATTTA
IBV,TATTACTAA
IBV,TCTTACCAC
IBV,TGGAGTGTA
IBV,TGTACTCAT
IBV,TTAATACTA
IBV,TTATTAACA
IBV,TTATTTACA
IBV,TTGTAAATA
IBV,ACTGGCATGCT
IBV,ACTGGTTCTCA
IBV,TTATTATAATT
IBV,AAACTTACCA
IBV,AATCTACCAG
IBV,AATTGCCACAA
IBV,ACCCAGTCA
IBV,ACTGGCATGCT
IBV,AGGTTTTAT
IBV,AGTTATAACT
IBV,ATCAAAATCA
IBV,ATCTGTTGG
IBV,ATTCACTTT
IBV,CAATTTCACT
IBV,CACTTAATA
IBV,CACTTTCAGT
IBV,CCAGTTATAA
IBV,CCATTAGGT
IBV,CCTGCAGTA
IBV,CTGTTGGTA
IBV,CTTACTCAT
IBV,GCAATTTTT
IBV,GCAATTTTT
IBV,GCCTGCAGT
IBV,GGCAATTTT
IBV,GTAAAGGTG
IBV,GTATACAAA
IBV,TAACAGTTA
IBV,TAAGTTTTG
IBV,TATAACTGGC
IBV,TATTATAAT
IBV,TCAACACAA
IBV,TCTGGAGTG
IBV,TGCATACTG
IBV,TGCCAGTAT
IBV,TGTCAAGTA
IBV,TGTTGGTAA
IBV,TTACTAAGA
IBV,TTATAAACA
IBV,TTATAATAAT
IBV,TTATTATAATT
IBV,TTCTGAGTAG
IBV,TTGTATAAAA
IBV,TTTGCTTGT
IBV,TTTTGTATG
IBV,ACCGCGCCGCTG
IBV,AGCTGCAGCT
IBV,ATAAATTTAT
IBV,GGCAGCTGCC
IBV,TATAGCTATA
IBV,TGCTATAGCA
IBV,ACTTCTAGTTT
IBV,AACATCTGT
IBV,ACTTTTAAA
IBV,GTTATTATAATT
IBV,TTTAAAAGT
IBV,AACACCACC
IBV,ACCACCTTG
IBV,GTGTTAACAC
IBV,GTTTATAAAC
IBV,AAACCATTA
IBV,AAGGCCATT
IBV,ACTGTTGGT
IBV,ATAAAACTG
IBV,ATAATAATA
IBV,ATGGTATGGC
IBV,ATTATTATA
IBV,CAATATGTT
IBV,CATAGCTATG
IBV,CATTTTGTG
IBV,CTAGCATTA
IBV,CTGTTGTAA
IBV,GCCTACTCT
IBV,GCTGGTTTA
IBV,GGAATGATAC
IBV,GGTGGTGTTA
IBV,GGTTTTATT
IBV,GTAAAGGTG
IBV,GTATCTAAA
IBV,GTATTGAACC
IBV,GTGTGCACTA
IBV,GTGTGCACT
IBV,GTGTTAATA
IBV,TAACAGGCA
IBV,TAATAAAAC
IBV,TAATATTACT
IBV,TAATATTACT
IBV,TATAATTTA
IBV,TATATTATA
IBV,TATTACTAA
IBV,TATTATAGT
IBV,TCTTGCTTA
IBV,TGGAGTGTA
IBV,TGGCTAGCCA
IBV,TGTACTCAT
IBV,TGTTTCAACA
IBV,TTAATACTA
IBV,TTATCTAAA
IBV,TTATTAACA
IBV,TTATTTACA
IBV,TTCTTACCAC
IBV,TTGTAAATA
IBV,TTTTGTGGTA
IBV,AATTTTGTA
IBV,ACTTCTAGTTT
IBV,AGATGTAAG
IBV,ATAGCTAAA
IBV,TGGTCTAAA
IBV,TTAGTAATAAA
IBV,TTATAATAA
IBV,TTATTTAAA
IBV,TTCACTTCT
IBV,AAGATCTTT
IBV,GACAATATATTGTC
IBV,TATTAAAAT
IBV,ATTTGTTTGAT
IBV,CATAGCTATG
IBV,CGTATCTAAA
IBV,GTGTGCACTA
IBV,GTTAATACTA
IBV,TTATTATAATT
IBV,TCTAAATTTAGA
IBV,AATTATAATT
IBV,ATTATAATTATAAT
IBV,GTATTAATAC
IBV,GTTTATAAAC
IBV,AATAATAATAG
IBV,AATAATTATA
IBV,AATTATAATT
IBV,ACACACTTA
IBV,ACTCAAGAA
IBV,ATAATTATA
IBV,ATAATTATA
IBV,ATTATAATA
IBV,ATTATAATA
IBV,ATTATAATTATAAT
IBV,ATTATAATT
IBV,ATTTTAAAAT
IBV,CAAACATCA
IBV,CATGTACATG
IBV,CCACCACTT
IBV,CTTGTGAAG
IBV,GATTAATCA
IBV,GCACTGTGTT
IBV,GTGTTAACAC
IBV,GTTATATTA
IBV,GTTATTATAATTA
IBV,GTTGGCGCT
IBV,GTTTTATTA
IBV,TAAAATTAA
IBV,TAAATGTAG
IBV,TACCAAAGC
IBV,TAGTGCAGA
IBV,TATGCAAGAA
IBV,TATTATAAT
IBV,TCATTAACT
IBV,TCCTAAATG
IBV,TCTGCTAAA
IBV,TGATAGTTTT
IBV,TGATTAATCA
IBV,TGGGTAGTA
IBV,TGGTACAGT
IBV,TGGTTTTTA
IBV,TGTGGGATTG
IBV,TGTTTATAA
IBV,TTAACACTA
IBV,TTAACACTA
IBV,TTACAGATGA
IBV,TTATATTACG
IBV,TTCTTGCAT
IBV,TTGGTTTTTAA
IBV,TTTACTAAT
IBV,AACCTTGAC
IBV,AGTAAGAAT
IBV,CAAAGATGT
IBV,TAGACCATT
IBV,TATTATTAT
IBV,TGATAACTA
IBV,TTAACTCAC
IBV,AAAAAGAAGAT
IBV,AACCAGCTGGTT
IBV,CAATATGTT
IBV,GAAGATCTTC
IBV,AATCAATTT
IBV,AATTTTGTA
IBV,ACAAAATTA
IBV,ACATTGTTT
IBV,ACCATTTTG
IBV,ACCCTGCAT
IBV,ACTTAATAT
IBV,AGTGCTTCT
IBV,ATAATAATA
IBV,ATTATGAAA
IBV,CAATATGTT
IBV,CTAGCATTA
IBV,GAATATAAT
IBV,GAGTGGCTA
IBV,GATAATTAT
IBV,GCTGGTTTA
IBV,GGTTTTATT
IBV,GTATACAAA
IBV,GTATCTAAA
IBV,GTCACAGAC
IBV,GTGTTAATA
IBV,TAACAGTTA
IBV,TAATAAGAA
IBV,TATTACTAA
IBV,TCACTAATG
IBV,TCCATACGT
IBV,TCTTCTATA
IBV,TGAATATAA
IBV,TTATTAACA
IBV,TTATTGAAA
IBV,TTATTTACA
IBV,TTGTTTGCA
IBV,TTTAGACCA
IBV,TTTATCCAT
IBV,TTTGTGGTA
IBV,AAACCATTA
IBV,AACAAAACT
IBV,ACTGTTGGT
IBV,ACTTAATAT
IBV,ACTTAATAT
IBV,AGCAGATGC
IBV,ATAATAATA
IBV,ATGGCACCT
IBV,CAATATGTT
IBV,CATAGCTATG
IBV,CATTTTGTG
IBV,CTAGCATTA
IBV,CTGTTGTAA
IBV,CTTCAAGGT
IBV,GCCTACTCT
IBV,GGAATGATAC
IBV,GGTGGTGTTAATA
IBV,GGTTTTATT
IBV,GTAAAGGTG
IBV,GTATCTAAA
IBV,GTGTGCACTA
IBV,GTGTTAATA
IBV,GTTAATACTA
IBV,GTTAATACT
IBV,TAACAGGCA
IBV,TAATATTACT
IBV,TAATATTACT
IBV,TAGCCTGTAA
IBV,TATAATTTA
IBV,TATTACTAA
IBV,TGCGTTAATA
IBV,TGGAGTGTA
IBV,TGGCTAGCCA
IBV,TGTACTCAT
IBV,TGTTTCAACA
IBV,TTAGCAGATG
IBV,TTATCTAAA
IBV,TTATTAACA
IBV,TTATTTACA
IBV,TTGTAAATA
IBV,TTTTGTGGTA
IBV,ACACATTGT
IBV,AATGAAAAAT
IBV,GTGTGCACTA
IBV,GTTAATACTA
IBV,TGCGTTAATA
IBV,TTATTATAATT
IBV,TTTCATTTCT
IBV,AAATTATAATA
IBV,AATAATTAT
IBV,ACAAAACTACT
IBV,ACTGTAACTT
IBV,AGTTATAACT
IBV,ATAATATTAT
IBV,ATTATGAAA
IBV,CTACTAATTT
IBV,GTATCTAAA
IBV,GTGTGCACTA
IBV,TAATAATTA
IBV,TAATATTAT
IBV,TATTATAAT
IBV,TCAACACAA
IBV,TTATAATCAA
IBV,TTATAATTTA
IBV,TTATTATAATT
IBV,AACACCACC
IBV,GTGTTAACAC
IBV,GTTTATAAAC
IBV,ACTGTTGGT
IBV,GCCTACTCT
IBV,GTATCTAAA
IBV,TATAATTTA
IBV,TCTTGCTTA
IBV,TTATCTAAA
IBV,TTATTATAATT
IBV,ACTGGCATGCT
IBV,ACTGGTTCTCA
IBV,AGTTATAACT
IBV,TATAACTGGC
IBV,TTATAATAAT
IBV,TTATTAATAGT
IBV,TTATTATAATT
IBV,TTCATATGAA
IBV,ACATTGTTT
IBV,ACCTAGTAG
IBV,ACTCAACACAA
IBV,ACTTAATGT
IBV,AGCTATGGC
IBV,AGGTGGTGT
IBV,ATATTAAGT
IBV,ATTTTGTGGTA
IBV,CAATATGTT
IBV,CCTAATATTAGG
IBV,CTAGCATTA
IBV,GTAGTAATG
IBV,GTATCTAAA
IBV,GTTCAGTTA
IBV,TAAAATTAT
IBV,TAAAGCCTTGGC
IBV,TAATATTAG
IBV,TACTAATAG
IBV,TCTGTATTG
IBV,TCTTACCAC
IBV,TTAACATCT
IBV,TTAATTTGA
IBV,TTATTATAATT
IBV,TTGAACCTG
IBV,TTGTTTGCA
IBV,TTTTATATT
IBV,TTTTGTTAACAC
IBV,AAAGTATTAA
IBV,TACTTTCTA
IBV,AAGCAGTAT
IBV,AAGCATGCTT
IBV,AAGCCTACT
IBV,AAGTAGTGA
IBV,ACATTATTT
IBV,ACTTATAAAA
IBV,AGAAGATTT
IBV,ATAAGCAGT
IBV,ATAGTAAAT
IBV,ATTTAAATCA
IBV,CAAATGATTAA
IBV,CAACATCTT
IBV,CAGTATGTT
IBV,CAGTTACCAC
IBV,CATTATAATG
IBV,CGTAGTTAG
IBV,CTATAAATA
IBV,CTTGTTTAG
IBV,GATTCTTCTG
IBV,GTGATTTAA
IBV,GTGTTTCAA
IBV,GTTTTATTA
IBV,TAAAATTAT
IBV,TAAAATTAT
IBV,TAAATAATTTC
IBV,TAAATAGTA
IBV,TAAATTTAA
IBV,TAAGCCTAT
IBV,TAATAAGAA
IBV,TAATACAGG
IBV,TATTCAGTATG
IBV,TATTCAGTA
IBV,TCAGTATGTT
IBV,TGAAAAGAA
IBV,TGAAACTTT
IBV,TGCATATGCA
IBV,TGCTTGTTT
IBV,TGGCATGTA
IBV,TGTTGATTA
IBV,TGTTTATTAA
IBV,TTAAATTTAA
IBV,TTAATCATTTG
IBV,TTACTACAC
IBV,TTAGATAATT
IBV,TTATAATAATT
IBV,TTCTGGTCT
IBV,TTGCAATTT
IBV,TTGTAAATAGT
IBV,TTGTGCACAA
IBV,TTTAATACT
IBV,TTTAGCATATT
IBV,TTTAGCATA
IBV,TTTGTAAATA
IBV,TTATTATAATT
IBV,ACTTCTAGTTT
IBV,AAACAATAA
IBV,AACCAGCTGGTT
IBV,AACTGGTTCTCAA
IBV,AAGATCTTT
IBV,AATATAATA
IBV,AATTTTTAT
IBV,ACCAAAGTG
IBV,ACCTAAAGG
IBV,ACTTAATAT
IBV,AGAAGTACTTCT
IBV,AGGTGGTAA
IBV,AGTAAGAAT
IBV,AGTAAGAAT
IBV,ATAAATATTTAT
IBV,ATGAAAAAT
IBV,ATGGCCTTA
IBV,ATGGTTTGC
IBV,CAAAGTGGT
IBV,CAATATGTT
IBV,CACAAACAG
IBV,CACTTAATA
IBV,CTAGCATTA
IBV,CTCATGCTT
IBV,GCAATTTTT
IBV,GGTCTTATT
IBV,GTAAAGGTG
IBV,GTTTGCTTG
IBV,TACTTCTAA
IBV,TCTGCTTAT
IBV,TCTGTTGGT
IBV,TCTTGTCAA
IBV,TGGTCAAAA
IBV,TGTAGTAAC
IBV,TTAATTTGA
IBV,TTATAATCT
IBV,TTATTAACA
IBV,TTATTATAATAA
IBV,TTCTTACCA
IBV,TTGTCAAAA
IBV,TTTAGCAGA
IBV,TTTGTTGTA
IBV,TTTTATAAT
IBV,TTTTATTAA
IBV,TTTTTATAA
IBV,ACTGGCATGCT
IBV,AAAACTACT
IBV,AAATTATAATA
IBV,ACTCAACACAA
IBV,ATTATGAAA
IBV,CTACTAATT
IBV,GTGTTAACA
IBV,TAATAATTA
IBV,TAATATTAT
IBV,TAGTGTTAACACTA
IBV,TTATTATAATT
IBV,TGGCATGCT
IBV,AACAGATTCT
IBV,AACCATCTG
IBV,AATAAAAAT
IBV,AATCTGTTT
IBV,ACTTCTAGTTT
IBV,ACTTTTTAT
IBV,AGATGTAAG
IBV,AGCCATAGA
IBV,ATAAAAATAC
IBV,ATTACTAAT
IBV,ATTACTAAT
IBV,CAACTCACG
IBV,CACTTAATA
IBV,CAGGTATGA
IBV,CATACTGCT
IBV,GAAGATCTTC
IBV,GAATCTGTTG
IBV,GTATCTAAA
IBV,GTGTATAAAC
IBV,TAACAACAT
IBV,TAATAATGGC
IBV,TATAATTATA
IBV,TATGGCAAG
IBV,TCATTACTA
IBV,TCATTATCT
IBV,TCTGTTGTAA
IBV,TGAAACAACT
IBV,TGCTAGAGA
IBV,TTAATCCCTG
IBV,TTAGTAATAAA
IBV,TTAGTAATA
IBV,TTCACTTCTA
IBV,TTGCATGTC
IBV,TTGCTTTAT
IBV,TTTCTGAGT
IBV,TTTGTGGTA
IBV,AAACTATTA
IBV,AATTATAATT
IBV,AATTATAAT
IBV,AATTTCACC
IBV,ACAAATGTA
IBV,ACTTAATAT
IBV,AGAACATGT
IBV,AGCCTATGG
IBV,AGGTGGTGT
IBV,ATAATAATA
IBV,ATCTGCAGAT
IBV,ATGTACTCA
IBV,ATTAACATA
IBV,ATTAATAAT
IBV,ATTATAATT
IBV,CACCTTTACA
IBV,CATTTTGTGG
IBV,CCATCCTAGA
IBV,CTAGCATTA
IBV,CTGTTGTAA
IBV,GCATAAGCA
IBV,GCTGGTTTA
IBV,GGAATGATAC
IBV,GGTTTTATT
IBV,GTAAAGGTG
IBV,GTGTTAACAC
IBV,GTTTATAAG
IBV,TAATATTACT
IBV,TAATTCACCAA
IBV,TACTAAAGA
IBV,TAGTTTCAG
IBV,TGGCTAGCCA
IBV,TGGTTTAGT
IBV,TGTAACTAA
IBV,TGTTTGATA
IBV,TTAATTTGA
IBV,TTAATTTTT
IBV,TTAGTTAAA
IBV,TTATAATAAT
IBV,TTATTAACA
IBV,TTATTATAATT
IBV,TTATTTACA
IBV,TTGTAAATA
IBV,TTGTATAAAA
IBV,TTGTTTGCA
IBV,TTTGTGGTA
IBV,TTTTGTGGTA
IBV,ACTTCTAGTTT
IBV,TTAGTAATAAA
IBV,AATTACATG
IBV,AATTTTGTA
IBV,ACAAAATTA
IBV,ACCCTGCAT
IBV,CTCGCCTCTGTAA
IBV,TGGTTCTCA
IBV,TTATAATAA
IBV,TTATTATAATT
IBV,TTTAGACCA
IBV,ATAGTGTTT
IBV,CACTTAATA
IBV,CCTGCAGTA
IBV,CTAGCATTA
IBV,GCCTGCAGT
IBV,GTCTATTAG
IBV,TTATTTACA
IBV,ACAAGGTCA
IBV,ACTCAACACAA
IBV,TGACCTTGT
IBV,TTATTATAATT
IBV,CATAGCTATG
IBV,GCCCTAGGGC
IBV,GTGTGCACTA
IBV,GTTAATACTA
IBV,TAACTTAACA
IBV,TTATTATAATT
IBV,TTGTCACACA
IBV,AAACTATTA
IBV,AACATCTGT
IBV,ACATTGTTT
IBV,ACTTAATAT
IBV,AGAAGATTT
IBV,AGGGCTTTT
IBV,AGTAAGAAT
IBV,CAATATGTT
IBV,CTAGCATTA
IBV,GATGTTATT
IBV,GGTCTTATT
IBV,GTAAAGGTG
IBV,TAATAAGGC
IBV,TCCACTAGC
IBV,TCTGAGTGG
IBV,TCTTGTCAA
IBV,TGTCACAGA
IBV,TTAATTTGA
IBV,TTAATTTTT
IBV,TTATTTACA
IBV,TTGTTTGCA
IBV,TTTAAGAGT
IBV,AACACCACC
IBV,ACCACCTTG
IBV,GTGTTAACAC
IBV,GTTTATAAAC
IBV,AATTATAATT
IBV,ATTATAATTATAAT
IBV,GTATTAATAC
IBV,GTTTATAAAC
IBV,ACATTGTAG
IBV,TTACTAACA
IBV,ACAAACTGCT
IBV,ACTCAACACAA
IBV,TAATGAGACT
IBV,TGCGGAATCA
IBV,TTATAATAAT
IBV,TTATTATAATT
IBV,AAACTACTA
IBV,AAATAATTT
IBV,AAGGTCAAT
IBV,AAGTAGTGA
IBV,ACATTATTT
IBV,AGAAGATTT
IBV,AGCAGTGAA
IBV,ATAGTAAAT
IBV,CAAATGATTAA
IBV,CAACATCTT
IBV,CAGTATGTT
IBV,CCTTCAGGT
IBV,CGTAGTTAG
IBV,GTGATTTAA
IBV,GTGTTTCAA
IBV,TAAAATTAT
IBV,TAAAATTAT
IBV,TAAATAATTTC
IBV,TAAATTTAA
IBV,TAAGCCTAT
IBV,TAATAAGAA
IBV,TAATACAGG
IBV,TAGCATATT
IBV,TATTATAAA
IBV,TATTCAGTATG
IBV,TCTGGTTTA
IBV,TGAAAAGAA
IBV,TGAAACTTT
IBV,TGCTTGTTT
IBV,TGGCATGTA
IBV,TGTTGATTA
IBV,TTAATCATTTG
IBV,TTACTACAC
IBV,TTATAATAATT
IBV,TTGCAATTT
IBV,TTTAATAAA
IBV,TTTAATAAA
IBV,TTTAATACT
IBV,ATACTCTAGG
IBV,CATAGCTATG
IBV,GTGTGCACTA
IBV,TAACTTAACA
IBV,TTATTATAATT
IBV,AAATTATAATA
IBV,AATAATTAT
IBV,AATTACATG
IBV,AATTTTGTAGT
IBV,ACCCTGCAT
IBV,ATAATATTAT
IBV,CAAAATTTTG
IBV,CTACTAATT
IBV,GTGTGCACTA
IBV,TAATAATTA
IBV,TAATATTAT
IBV,TATAATCAA
IBV,TATTATAAT
IBV,TCAACACAA
IBV,TTATAATTTA
IBV,TTATTATAATT
IBV,AATAATTATA
IBV,AATACTAGTATT
IBV,AGGTGGTTGT
IBV,CTGTTTCATTA
IBV,GTTATTATAA
IBV,TAATACAGGTGGT
IBV,TAGTTAATGT
IBV,AAACTGGAC
IBV,AAATAATTT
IBV,AAATTTAAA
IBV,AAGCATGCTT
IBV,AAGCCTACT
IBV,AAGGTCAATCA
IBV,AAGTAGTGA
IBV,AATACAGAAA
IBV,ACATTATTT
IBV,ACTTATAAAA
IBV,AGAAGATTT
IBV,ATAGTAAAT
IBV,ATTTAAATCA
IBV,CAAATGATTAA
IBV,CAACATCTT
IBV,CAGTATGTT
IBV,CAGTTACCAC
IBV,CATTATAATG
IBV,CGTAGTTAG
IBV,GATTCTTCTG
IBV,GTGATTTAA
IBV,GTTTTAAAAC
IBV,GTTTTATTA
IBV,TAAAATTAT
IBV,TAAAATTAT
IBV,TAAATAATTTC
IBV,TAAATTAAA
IBV,TAAATTTAA
IBV,TAAGCCTAT
IBV,TAATAAAACA
IBV,TAATAAGAA
IBV,TAATACAGG
IBV,TAGCATATT
IBV,TATTCAGTATG
IBV,TATTCAGTA
IBV,TCTGGTTTA
IBV,TGAAAAGAA
IBV,TGAAACTTT
IBV,TGCTTGTTT
IBV,TGGCATGTA
IBV,TGTTGATTA
IBV,TGTTTATTAA
IBV,TTAAATTTAA
IBV,TTAATCATTTG
IBV,TTACTACAC
IBV,TTAGATAATT
IBV,TTAGCAGCTGCTAA
IBV,TTATAATAATT
IBV,TTGCAATTT
IBV,TTGTGCACAA
IBV,TTTAATAAA
IBV,TTTAATAAA
IBV,TTTAATACT
IBV,CAATATGTT
IBV,AACTGCTGATTA
IBV,ACTGGTTCTCA
IBV,GTGGTTTTGTT
IBV,CATTTAAGT
IBV,AAACCATTA
IBV,AACAAAACT
IBV,ACTGTTGGT
IBV,ACTTAATAT
IBV,ACTTAATAT
IBV,ATAATAATA
IBV,CAATATGTT
IBV,CATTTTGTG
IBV,CTAGCATTA
IBV,CTGTTGTAA
IBV,GAATATAAT
IBV,GACAACTCA
IBV,GCCTACTCT
IBV,GCTGGTTTA
IBV,GGTTTTATT
IBV,GTAAAGGTG
IBV,GTATCTAAA
IBV,GTGTTAATA
IBV,TAACAGGCA
IBV,TAATATTACT
IBV,TAATATTACT
IBV,TATAATCAA
IBV,TATAATTTA
IBV,TATTACTAA
IBV,TCTTACCAC
IBV,TCTTGCTTA
IBV,TGAATATAA
IBV,TGGAGTGTA
IBV,TGTACTCAT
IBV,TTAATACTA
IBV,TTATTAACA
IBV,TTATTTACA
IBV,TTGTAAATA
IBV,TTTGATTAT
IBV,AAATAGTGT
IBV,TTCATATGAA
IBV,AAACCATTA
IBV,ACTTAATAT
IBV,ACTTAATAT
IBV,AGTTTTAAGT
IBV,ATAATAATA
IBV,ATACCATTTG
IBV,CAATATGTT
IBV,CATAGCTATG
IBV,CATTTTGTG
IBV,CTAGCATTA
IBV,CTGTTGTAA
IBV,GCACTATTG
IBV,GCCCTAGGGC
IBV,GGAATGATAC
IBV,GGTGGTGTTA
IBV,GGTTTTATT
IBV,GTAAAGGTG
IBV,GTGTGCACTA
IBV,GTGTTAATA
IBV,TAATAAAAC
IBV,TAATATTACT
IBV,TAATATTACT
IBV,TATAATTTA
IBV,TATTACTAA
IBV,TCTTGCTTA
IBV,TGGAGTGTA
IBV,TGGCTAGCCA
IBV,TGTACTCAT
IBV,TGTTTCAACA
IBV,TTAACAGGCA
IBV,TTAATACTA
IBV,TTATTAACA
IBV,TTATTTACA
IBV,TTGTAAATA
IBV,TTGTCACACA
IBV,TTTTGTGGTA
IBV,AAAAGTGGTGTAG
IBV,AAAGCGCTTT
IBV,AAGGCCATT
IBV,ACAATATGTT
IBV,ACCAAAGCA
IBV,ACTCTTTTG
IBV,AGCAACATGTTGCT
IBV,AGTAAGAAT
IBV,ATAAAAGTG
IBV,ATAAGCAAT
IBV,ATGAAAAAT
IBV,ATGTGCTCA
IBV,ATTACTAAT
IBV,ATTTCTGCT
IBV,CAAAAAGAA
IBV,CAAAGCTTTG
IBV,CACATCGTT
IBV,CTAGCATTA
IBV,GCAATTTTT
IBV,TAATGTTTCT
IBV,TACCAAAGC
IBV,TCATTACTA
IBV,TCATTATCTACAA
IBV,TGCTAGAGAA
IBV,TGCTTTTAA
IBV,TTACTCATT
IBV,TTATAAAAG
IBV,TTATAATAAT
IBV,TTATTATAAT
IBV,TTGTATAAAA
IBV,TTGTTAACAA
IBV,TTTAATATA
IBV,TTTGTGGTA
IBV,TTTTGAGTG
IBV,TTTTGTGGTA
IBV,TTTTTATTA
IBV,ACTGTTGGT
IBV,GCCTACTCT
IBV,TATAATTTA
IBV,TCTTGCTTA
IBV,TTAATACTA
IBV,TTATTATAATT
IBV,TTTGATTAT
IBV,AAAGTTATGA
IBV,ACTGGCATGCT
IBV,AGTTATAACT
IBV,ATTCACTTT
IBV,CACTTTCAGT
IBV,GGCAATTTT
IBV,TATAACTGGC
IBV,TATTATAAT
IBV,TCAACACAA
IBV,TGCCAGTAT
IBV,TGGCCAGCT
IBV,TTATAAACA
IBV,TTATAATAAT
IBV,TTATTATAATT
IBV,AAACTATTA
IBV,AATTATAAT
IBV,ATTAATAAT
IBV,ATTATAATT
IBV,GTAAAGGTG
IBV,TAATTCACCAA
IBV,TACTAAAGA
IBV,TTAATAATA
IBV,TTAATTTGA
IBV,TTAGTTAAA
IBV,TTATTATAATT
IBV,CATAGCTATG
IBV,CGTATCTAAA
IBV,GTGTGCACTA
IBV,GTTAATACTA
IBV,TTATTATAATT
IBV,TTCTGCAGAA
IBV,CATAGCTATG
IBV,GCCCTAGGGC
IBV,GTGTGCACTA
IBV,GTTAATACTA
IBV,TTATTATAATT
IBV,ACAAACTGCT
IBV,ACTCAACACAA
IBV,CATAGCTATG
IBV,TAATGAGACT
IBV,TTATAATAAT
IBV,TTATTATAATT
IBV,ACAAACTGCT
IBV,ACTCAACACAA
IBV,TAATGAGACT
IBV,TGCGGAATCA
IBV,TTATAATAAT
IBV,TTATTATAATT
IBV,CATAGCTATG
IBV,GCCCTAGGGC
IBV,GTGTGCACTA
IBV,GTTAATACTA
IBV,TAACTTAACA
IBV,TTATTATAATT
IBV,ACACATTGT
IBV,CAAGGTCTT
IBV,CACAAACAG
IBV,CCAAAATTTTTAT
IBV,GACATCTTC
IBV,GCAACACAA
IBV,GCAATTTTT
IBV,GCCTGCAGT
IBV,GTAAAGGTG
IBV,GTATACAAA
IBV,GTTATTATA
IBV,TAACATTAA
IBV,TAATACAGGTGGT
IBV,TACAAACTG
IBV,TATTATAAT
IBV,TGGATCTTA
IBV,TTTAAAAGT
IBV,ACACTGTAA
IBV,CTTTTAAAT
IBV,GTGTTAACAC
IBV,TTAGTTAAA
IBV,GCCTACTCT
IBV,GTATCTAAA
IBV,TAATAAAAC
IBV,TATAATTTA
IBV,TCTTGCTTA
IBV,TTAATACTA
IBV,TTATTATAATT
IBV,AAATTATAATA
IBV,AATAATTAT
IBV,ACAAAACTACT
IBV,ACTGTAACTT
IBV,AGTTATAACT
IBV,ATAATATTAT
IBV,ATTATGAAA
IBV,GTATCTAAA
IBV,GTGTGCACTA
IBV,TAATAATTA
IBV,TAATATTAT
IBV,TATTATAAT
IBV,TCAACACAA
IBV,TTAGTAATA
IBV,TTATAATCAA
IBV,TTATAATTTA
IBV,TTATTATAATT
IBV,AACACCACC
IBV,GTGTTAACAC
IBV,GTTTATAAAC
IBV,ACTCAACACAA
IBV,TTATTATAATT
IBV,AAGATCTTT
IBV,AAGTTTTGA
IBV,AATTATAATT
IBV,AATTATAATT
IBV,ACTTAATAT
IBV,AGAACATGT
IBV,AGAGTGATG
IBV,AGTTAAAGA
IBV,ATAAAAAAT
IBV,ATAGTGTTT
IBV,ATTATAATTATAAT
IBV,ATTATAATT
IBV,ATTTTGTGGTA
IBV,ATTTTGTGG
IBV,CAATATGTT
IBV,CGGTTTTAT
IBV,CTAGCATTA
IBV,GGTTTTATT
IBV,GTAAAGGTG
IBV,TAAATAATT
IBV,TAATAAGGC
IBV,TAATAAGGC
IBV,TAATACCAC
IBV,TACTAATATTA
IBV,TACTATAGC
IBV,TATAAAACC
IBV,TATTTACAT
IBV,TCTCTGGTG
IBV,TCTTACCAC
IBV,TGAATTGCA
IBV,TGGTGGTGT
IBV,TTAATTTGA
IBV,TTGTTTGCA
IBV,TTTAGCAGA
IBV,TTTGTGGTA
IBV,TTTTATTTACA
IBV,AAATTATAATA
IBV,ACAAAACTACT
IBV,AGTTATAACT
IBV,ATAATATTAT
IBV,GTGTGCACTA
IBV,TAGTGTTAACACTA
IBV,TTATAATCAA
IBV,TTATAATTTA
IBV,TTATTATAATT
IBV,AATTTCACT
IBV,ACACTGTAA
IBV,ACCAGAAACTA
IBV,ACTGGTTCTCA
IBV,AGGTTTTAT
IBV,AGTGATTTT
IBV,ATAGTGTTT
IBV,ATCTACCAG
IBV,ATCTGTTGG
IBV,ATTAAAATC
IBV,ATTTTAATG
IBV,CACTTAATA
IBV,CTAGCATTA
IBV,GCAATTTTT
IBV,GTCTATTAG
IBV,TAACAGTTA
IBV,TAGTATTAATACTA
IBV,TATTATAAT
IBV,TCAACACAA
IBV,TGCCAGTAT
IBV,TGTAAATAA
IBV,TGTATTGTT
IBV,TGTTGGTAA
IBV,TTACATAATTT
IBV,TTATAAACA
IBV,TTATAATAA
IBV,TTATTATAATT
IBV,TTATTTACA
IBV,TTTCTGAGT
IBV,AAATAATTT
IBV,AAGCATGCTT
IBV,ACATTATTT
IBV,AGATGTTAA
IBV,ATTTAAATCA
IBV,TAAAATTAT
IBV,TATAATAATT
IBV,TGAAAAGAAC
IBV,TGATTTAAATCA
IBV,TGTTGATTA
IBV,TTTAATAAA
IBV,CATAGCTATG
IBV,GTGTGCACTA
IBV,GTTAATACTA
IBV,TAACTTAACA
IBV,TTATTATAATT
IBV,AATCTACCAG
IBV,AGGTTTTAT
IBV,AGTTATAACT
IBV,ATCTGTTGG
IBV,ATTCACTTT
IBV,CACTTTCAGT
IBV,CCAGTTATAA
IBV,GCCTGCAGT
IBV,GTAAAGGTG
IBV,GTATACAAA
IBV,TCAACACAA
IBV,TTACTAAGA
IBV,TTATAATAAT
IBV,TTCTGAGTAG
IBV,TTTGCTTGT
IBV,CATAGCTATG
IBV,GCCCTAGGGC
IBV,GTGTGCACTA
IBV,GTTAATACTA
IBV,TAACTTAACA
IBV,TTATTATAATT
IBV,TTATTATAATT
IBV,ACTGTAATTT
IBV,CATAGCTATG
IBV,CATAGCTATG
IBV,GCCCTAGGGC
IBV,GTGTGCACTA
IBV,TAACTTAACA
IBV,TTATTATAATT
IBV,TTGTCACACA
IBV,ACACATTGT
IBV,ACCATTTTG
IBV,AGTTATGAG
IBV,ATAGTGTTT
IBV,ATAGTGTTT
IBV,CAAGGTCTT
IBV,CACAAACAG
IBV,CACTTAATA
IBV,CCAAAATTTTTAT
IBV,CCTGCAGTA
IBV,CTAGCATTA
IBV,GACATCTTC
IBV,GCAACACAA
IBV,GCAATTTTT
IBV,GCCTGCAGT
IBV,GGTCTTATT
IBV,GGTCTTATT
IBV,GTAAAGGTG
IBV,GTATACAAA
IBV,GTCTATTAG
IBV,GTGATGACA
IBV,GTTATTATA
IBV,TAACATTAA
IBV,TAACATTAA
IBV,TAATACAGGTGGT
IBV,TACAAACTG
IBV,TAGTAATGA
IBV,TATTATAAT
IBV,TGGATCTTA
IBV,TTATTTACA
IBV,TTTAAAAGT
IBV,ACTGGTTCT
IBV,ACTGTTGGT
IBV,ATTGTTATA
IBV,GTATCTAAA
IBV,GTTAATACT
IBV,GTTCTGCAGAAC
IBV,TACCACTAA
IBV,TATAATTTA
IBV,TTATCTAAA
IBV,AAAATTACACCTACTAC
IBV,ATTAATATTAAT
IBV,CTTCTAATT
IBV,GCAACATGTTGC
IBV,GTTGCATAG
IBV,TAACTAGTTA
IBV,TAGCTAGTA
IBV,TAGTAGGTG
IBV,TATTAATAAC
IBV,TATTAGTAA
IBV,TGATATAGGT
IBV,TTAAATTTAA
IBV,TTATACTGAC
IBV,TTATGCAAA
IBV,TTATTAGTA
IBV,TTTATAATA
IBV,CCATAGATG
IBV,GCCTACTCT
IBV,GTAAAGGTG
IBV,GTTAATACT
IBV,TAATAATTA
IBV,TATAATTTA
IBV,TTATTATAATT
IBV,ACTTCTAGTTT
IBV,CATAGCTATG
IBV,GCCCTAGGGC
IBV,GTGTGCACTA
IBV,GTTAATACTA
IBV,TAACTTAACA
IBV,TTATTATAATT
IBV,TTGTCACACA
IBV,CGTTTACTACT
IBV,GTAGTGTTAACACTAC
IBV,ACTCAACACAA
IBV,TTATTATAATT
IBV,AACACCACC
IBV,ACCACCTTG
IBV,GTGTTAACAC
IBV,GTTTATAAAC
IBV,AACACCACC
IBV,ACCACCTTG
IBV,GTGTTAACAC
IBV,GTTTATAAAC
IBV,AACACCACC
IBV,GTGTTAACAC
IBV,GTTTATAAAC
IBV,AATTACATG
IBV,AATTTTGTA
IBV,ACCCTGCAT
IBV,CTGTTTGTG
IBV,TACACATTG
IBV,TCAACACAA
IBV,TCTACTACTAAAA
IBV,TTATAATAA
IBV,TTATTATAATT
IBV,TTTAGACCA
IBV,ACCAGACAC
IBV,CATAGCTATG
IBV,GCCTACTCT
IBV,GTATCTAAA
IBV,GTGTGCACTA
IBV,GTTAATACTA
IBV,GTTAATACT
IBV,TATAATTTA
IBV,TGCGTTAATA
IBV,TTATCTAAA
IBV,TTATTATAATT
IBV,AACTGCTGATTA
IBV,ACTGGTTCTCA
IBV,GTGGTTTTGTT
IBV,TTATTAATAGT
IBV,ACACTGTAA
IBV,CATAGCTATG
IBV,GTGTGCACTA
IBV,ACAAACTGCT
IBV,ACTCAACACAA
IBV,CATAGCTATG
IBV,TAATGAGACT
IBV,TTATAATAAT
IBV,TTATTATAATT
IBV,CACCACTTT
IBV,CATCTTCAGTA
IBV,AATAATTATA
IBV,AATACTAGTATT
IBV,AGGTGGTTGT
IBV,CTGTTTCATTA
IBV,GTTATTATAA
IBV,TAATACAGGTGGT
IBV,TAGTTAATGT
IBV,ACTGTTGGT
IBV,GCCTACTCT
IBV,GTATCTAAA
IBV,TATAATTTA
IBV,TCTTGCTTA
IBV,TTAATACTA
IBV,TTATTATAATT
IBV,AAGTGGTAT
IBV,ACACATTGT
IBV,AGGGCAACTTGTT
IBV,ATAGTGTTT
IBV,ATTACTAAT
IBV,ATTACTAAT
IBV,ATTATTATAATAAT
IBV,ATTGCATAC
IBV,CAAAAAGAA
IBV,CAAGGTCTT
IBV,CAATAGACT
IBV,CACTGTAAT
IBV,CTCATCTGT
IBV,GTAAAGGTG
IBV,TAATACCAC
IBV,TAATACTGG
IBV,TAATACTGG
IBV,TACTGACAT
IBV,TATAATAAT
IBV,TATAATAAT
IBV,TATAATAAT
IBV,TATAATAAT
IBV,TATAATAAT
IBV,TATGGCAAG
IBV,TATTATAAT
IBV,TCATCTGTA
IBV,TCATTACTA
IBV,TGAATATAATAATG
IBV,TGGTTCTCA
IBV,TTACTAATA
IBV,TTTACACTT
IBV,TTTGAATGT
IBV,AAACCATTA
IBV,AACAAAACT
IBV,ACTTAATAT
IBV,ACTTAATAT
IBV,ATAATAATA
IBV,CAATATGTT
IBV,CATTTTGTG
IBV,CTAGCATTA
IBV,CTAGCTTGT
IBV,CTGTTGTAA
IBV,CTTCAAGGT
IBV,GGTGGTGTTAATA
IBV,GGTTTTATT
IBV,GTAAAGGTG
IBV,GTATCTAAA
IBV,GTGTTAATA
IBV,GTTAATACT
IBV,TAACAGGCA
IBV,TAATATTACT
IBV,TAATATTACT
IBV,TATAATTTA
IBV,TATTACTAA
IBV,TGGAGTGTA
IBV,TTATCTAAA
IBV,TTATTAACA
IBV,TTATTTACA
IBV,TTGTAAATA
IBV,ACAAAACTACT
IBV,ACTTCTAGTTT
IBV,CATAGCTATG
IBV,CGTATCTAAA
IBV,GTGTGCACTA
IBV,TATAATTATA
IBV,TTAGTAATAAA
IBV,CATAGCTATG
IBV,CGTATCTAAA
IBV,GTTAATACTA
IBV,TTATTATAATT
IBV,TTGTCACACA
IBV,GCCCTAGGGC
IBV,GTGTGCACTA
IBV,GTTAATACTA
IBV,TTATTATAATT
IBV,TTGTCACACA
IBV,AAATGCAAC
IBV,AACTGATCA
IBV,AATAAAACTG
IBV,ACAGTTTTA
IBV,ACATCATTA
IBV,ACCTCCTGA
IBV,AGACCTCCT
IBV,AGTAATAGC
IBV,AGTGCTTCA
IBV,AGTTGGTAA
IBV,ATAATGCTG
IBV,ATACCATTT
IBV,CACACAAGG
IBV,CACTTAATA
IBV,CAGTTTTATT
IBV,CATATTGCA
IBV,CCATTTCCA
IBV,GCATATTGC
IBV,GCCATTATT
IBV,GTAGGAAAA
IBV,TAAAACTGT
IBV,TAACACATT
IBV,TAATAAGAA
IBV,TAATAATGG
IBV,TAATATTTA
IBV,TACAAATGT
IBV,TCCTTGACA
IBV,TTAATGCGT
IBV,TTAGTAATA
IBV,TTATAAATA
IBV,TTCTTACCA
IBV,TTTTGTTTA
IBV,AAACCATTA
IBV,AACAAAACT
IBV,AATGAAAAAT
IBV,ACTGTTGGT
IBV,ACTTAATAT
IBV,ACTTAATAT
IBV,AGTTTTAAGT
IBV,ATAATAATA
IBV,CAATATGTT
IBV,CATAGCTATG
IBV,CATTTTGTG
IBV,CTAGCATTA
IBV,CTGTTGTAA
IBV,GCCTACTCT
IBV,GCTGGTTTA
IBV,GGAATGATAC
IBV,GGTGGTGTTA
IBV,GGTTTTATT
IBV,GTAAAGGTG
IBV,GTATCTAAA
IBV,GTGTGCACTA
IBV,GTGTTAATA
IBV,TAACAGGCA
IBV,TAATATTACT
IBV,TAATATTACT
IBV,TATAATTTA
IBV,TATTACTAA
IBV,TCTTACCAC
IBV,TCTTGCTTA
IBV,TGGAGTGTA
IBV,TGGCTAGCCA
IBV,TGTACTCAT
IBV,TGTTTCAACA
IBV,TTAATACTA
IBV,TTAATTTTT
IBV,TTATTAACA
IBV,TTATTTACA
IBV,TTGTAAATA
IBV,TTGTCACACA
IBV,TTTCATTTCT
IBV,TTTTGTATT
IBV,TTTTGTGGTA
IBV,ACACTGTAA
IBV,CTGTTTCATTA
IBV,TAATACAGGTGGT
IBV,TTATTATAATT
IBV,AAACTTACCA
IBV,AATCTACCAG
IBV,AATTGCCACAA
IBV,ACCCAGTCA
IBV,ACTGGCATGCT
IBV,AGGTTTTAT
IBV,AGTTATAACT
IBV,ATCAAAATCA
IBV,ATCTGTTGG
IBV,ATTCACTTT
IBV,CAATTTCACT
IBV,CACTTAATA
IBV,CACTTTCAGT
IBV,CCAGTTATAA
IBV,CCATTAGGT
IBV,CCTGCAGTA
IBV,CTGTTGGTA
IBV,CTTACTCAT
IBV,GCAATTTTT
IBV,GCAATTTTT
IBV,GCCTGCAGT
IBV,GGCAATTTT
IBV,GTAAAGGTG
IBV,GTATACAAA
IBV,TAACAGTTA
IBV,TAAGTTTTG
IBV,TATAACTGGC
IBV,TATTATAAT
IBV,TCAACACAA
IBV,TCTGGAGTG
IBV,TGCATACTG
IBV,TGCCAGTAT
IBV,TGTCAAGTA
IBV,TGTTGGTAA
IBV,TTACTAAGA
IBV,TTATAAACA
IBV,TTATAATAAT
IBV,TTATTATAATT
IBV,TTCTGAGTAG
IBV,TTGTATAAAA
IBV,TTTGCTTGT
IBV,TTTTGTATG
IBV,GTGTTAACAC
IBV,AACACTACAC
IBV,AATTTCACT
IBV,ACAACAACA
IBV,ACAACTTGT
IBV,ACCACCTAA
IBV,ACTTAATATAAGT
IBV,AGCACCAGAT
IBV,AGCACCAGA
IBV,AGCTATAGCT
IBV,ATGGTTTGC
IBV,CAAAAAGAA
IBV,CACTTAATA
IBV,CCTGCAGTA
IBV,CCTGCAGTA
IBV,GATGAAGAT
IBV,GATTTAAATC
IBV,GCCTGCAGT
IBV,GCTATAAGTC
IBV,GTAAAGGTG
IBV,GTGTATAAG
IBV,TAATTTTAA
IBV,TAGCTCACG
IBV,TAGTGTTAACACTA
IBV,TATTATAAT
IBV,TCAGGTATGA
IBV,TCTAATATA
IBV,TCTARTAGA
IBV,TGCATATGCA
IBV,TTACTAAGA
IBV,TTGTATAAAA
IBV,TTGTTAACAA
IBV,TTTCAACAA
IBV,TTTCTGAGT
IBV,TTTTATAAT
IBV,TTTTCAAATG
IBV,TTTTGTGGTA
IBV,ACAAGGTCA
IBV,ACTCAACACAA
IBV,TACTAATAG
IBV,TCAGAATGC
IBV,TCTTCACAA
IBV,TTACTACTA
IBV,TTATTATAATT
IBV,TTTACTACT
IBV,AAACTGATT
IBV,AAATTATAAT
IBV,ACAGATGTTT
IBV,ACCAAAGTG
IBV,ACTCAACACA
IBV,ATGCCTACT
IBV,CAACACCACC
IBV,CACCACTAT
IBV,TAGACGTCTA
IBV,TCAGTTTCA
IBV,TTATAATAAT
IBV,TTATTATAATT
IBV,TTTACACTT
IBV,TTTTACTAA
IBV,ACTTCTAGTTT
IBV,TTAGTAATAAA
IBV,AAACCATTA
IBV,ACTTAATAT
IBV,ACTTAATAT
IBV,ATAATAATA
IBV,CAATATGTT
IBV,CAATTTCAC
IBV,CATTTTGTG
IBV,CTAGCATTA
IBV,CTGTTGTAA
IBV,GCCTACTCT
IBV,GCTGGTTTA
IBV,GGTTTTATT
IBV,GTAAAGGTG
IBV,GTATCTAAA
IBV,GTGTTAATA
IBV,TAATAAAAC
IBV,TAATAATTA
IBV,TAATATTACT
IBV,TAATATTACT
IBV,TATTACTAA
IBV,TCTTGCTTA
IBV,TGTACTCAT
IBV,TTATTAACA
IBV,TTATTTACA
IBV,TTGTAAATA
IBV,ACTGGCATGCT
IBV,TGCCAGTAT
IBV,AAACTAGTTT
IBV,AATTTAACT
IBV,AATTTAACT
IBV,ACCATCTGT
IBV,ACCCATCCT
IBV,ACTATAAAA
IBV,ACTATTACT
IBV,ACTTGTTGT
IBV,AGATGGTTT
IBV,AGGAATGGT
IBV,AGTGTAGTA
IBV,ATAGTGTTTC
IBV,ATGCACCAT
IBV,ATTACCACA
IBV,ATTATACTTCT
IBV,ATTATCAAA
IBV,ATTTTACAC
IBV,CACTTAATA
IBV,CTATTAATA
IBV,CTTAGTGTGT
IBV,CTTTTGCAA
IBV,GCACCATCT
IBV,GTGTAGGTG
IBV,GTGTTTGTAA
IBV,GTTTAATAC
IBV,TAACACTAC
IBV,TAATATTTA
IBV,TACATATGTA
IBV,TACTATAGTA
IBV,TAGGTGGTGT
IBV,TATAGTAAT
IBV,TCATTACTA
IBV,TCTAATAATT
IBV,TGAAATGCAAG
IBV,TGCATATGCA
IBV,TGTAGTTAAA
IBV,TTAATTTTA
IBV,TTACACACT
IBV,TTACTAATAT
IBV,TTAGTACTAA
IBV,TTTACTTCT
IBV,TTTTGCAAAA
IBV,TTTTGGTAA
IBV,AAAATTACACCTACTAC
IBV,ATTAATATTAAT
IBV,CTTCTAATT
IBV,GCAACATGTTGC
IBV,GTGTCTATG
IBV,TAGCTAGTA
IBV,TAGTAGGTG
IBV,TATGCAAAA
IBV,TATTAGTAA
IBV,TATTTATAA
IBV,TCTATTAATAGA
IBV,TTATTAGTA
IBV,TTTATAATA
IBV,AAAAATACC
IBV,AACACTATT
IBV,AACTAATTT
IBV,ACATCTTCG
IBV,ATGAAAAAT
IBV,CAAGGTCTT
IBV,CACGCAAAA
IBV,CACTTAATA
IBV,CAGTATGTT
IBV,CTAAAACAG
IBV,CTACCAAAG
IBV,CTAGCATTA
IBV,GAGTATAAG
IBV,GCAGGTGGTGC
IBV,GGTTTTATT
IBV,GTAAAGGTG
IBV,GTATACAAA
IBV,GTTTTGAGTAT
IBV,TAAACGTGG
IBV,TAATAAGAA
IBV,TACTAACAT
IBV,TAGTATTAATACTA
IBV,TATTATAAT
IBV,TCAACACAA
IBV,TGAATCTGTTG
IBV,TGGTGAGTT
IBV,TGGTGGTGT
IBV,TGTAAACAC
IBV,TGTATAAAA
IBV,TTAACTCAC
IBV,TTATTATAATT
IBV,TTGAAAAAG
IBV,TTTACTACT
IBV,AATTATAATT
IBV,AATTATAATT
IBV,ATAATTATAATT
IBV,ATTATAATTATAAT
IBV,AATACTAGTATT
IBV,ACCACTTTGA
IBV,ACCACTTTGA
IBV,ATAAACTTAT
IBV,ATTATACTCAA
IBV,GTTATTATAA
IBV,TAGTTAATGT
IBV,TCACTAGTGA
IBV,AAACCATTA
IBV,AACAAAACT
IBV,ACTATATCAC
IBV,ACTGTAATTT
IBV,ACTGTTGGT
IBV,ACTTAATAT
IBV,AGAAGATTT
IBV,ATAATAATA
IBV,CAATATGTT
IBV,CATAGCTATG
IBV,CATTTTGTG
IBV,CTAGCATTA
IBV,CTAGCTTGT
IBV,CTGTTGTAA
IBV,GAATATAAT
IBV,GCCTACTCT
IBV,GGAATGATAC
IBV,GTAAAGGTG
IBV,GTATCTAAA
IBV,GTGCACTAT
IBV,GTGTGCACTA
IBV,GTTAATACTA
IBV,GTTAATACT
IBV,GTTTTAATT
IBV,GTTTTGTTAA
IBV,TAACAGGCA
IBV,TAATAAGAA
IBV,TAATATTACT
IBV,TAATATTACT
IBV,TATAATCAA
IBV,TATAATTTA
IBV,TATTACTAA
IBV,TCTTCAAGGT
IBV,TGAATATAA
IBV,TGGCTAGCCA
IBV,TGTACTCAT
IBV,TTAATTATT
IBV,TTATCTAAA
IBV,TTATTAACA
IBV,TTGTAAATA
IBV,TTTTGTGGTA
IBV,TTATTATAATT
IBV,AACACCACC
IBV,ACCACCTTG
IBV,GTGTTAACAC
IBV,GTTTATAAAC
IBV,ACCACTCTG
IBV,AAACCATTA
IBV,ACTGTTGGT
IBV,ACTTAATAT
IBV,ACTTAATAT
IBV,ATAATAATA
IBV,ATGGTTTCT
IBV,CAATATGTT
IBV,CATAGCTATG
IBV,CATTTTGTG
IBV,CTAGCATTA
IBV,CTGTTGTAA
IBV,GCCCTAGGGC
IBV,GCTGGTTTA
IBV,GGAATGATAC
IBV,GGTGGTGTTA
IBV,GGTTTTATT
IBV,GTAAAGGTG
IBV,GTGTGCACTA
IBV,GTGTTAATAA
IBV,GTGTTAATA
IBV,GTTAATACTA
IBV,TAACAGGCA
IBV,TAACTTAACA
IBV,TAATATCTCT
IBV,TAATATTACT
IBV,TAATATTACT
IBV,TATTACTAA
IBV,TATTATAATT
IBV,TCTTGCTTA
IBV,TGGAGTGTA
IBV,TGGCTAGCCA
IBV,TGTACTCAT
IBV,TGTTTCAACA
IBV,TTAAAACTG
IBV,TTATTAACA
IBV,TTATTTACA
IBV,TTGTAAATA
IBV,TTGTCACACA
IBV,TTTTGTGGTA
IBV,CATAGCTATG
IBV,GTGTGCACTA
IBV,GTTAATACTA
IBV,TAACTTAACA
IBV,TTATTATAATT
IBV,ACTTCTAGTTT
IBV,TAGTTATAACTA
IBV,TTAGTAATAAA
IBV,CATAGCTATG
IBV,GCCCTAGGGC
IBV,GTGTGCACTA
IBV,GTTAATACTA
IBV,TAACTTAACA
IBV,TTATTATAATT
IBV,TTGTCACACA
IBV,GTGTGCACTA
IBV,GTTAATACTA
IBV,GTTTCATTAC
IBV,TTATTATAATT
IBV,TTGTCACACA
IBV,CACTATAAT
IBV,ACTGTTGGT
IBV,ACTTAATAT
IBV,ACTTAATAT
IBV,ATAATAATA
IBV,CAATATGTT
IBV,CATTTTGTG
IBV,CCATCCTAG
IBV,CTGTTGTAA
IBV,GCCTACTCT
IBV,GCTGGTTTA
IBV,GGTTTTATT
IBV,GTAAAGGTG
IBV,GTGTTAATA
IBV,TAATATTACT
IBV,TAATATTACT
IBV,TATAATTTA
IBV,TATTACTAA
IBV,TCTTGCTTA
IBV,TGACCTTGT
IBV,TGGACCTGT
IBV,TGGAGTGTA
IBV,TGTACTCAT
IBV,TGTTTCATT
IBV,TTAATACTA
IBV,TTATTAACA
IBV,TTATTTACA
IBV,TTGTAAATA
IBV,TTTCAACAA
IBV,ACCAGACAC
IBV,CATAGCTATG
IBV,GCCTACTCT
IBV,GTATCTAAA
IBV,GTGTGCACTA
IBV,GTTAATACTA
IBV,GTTAATACT
IBV,TATAATTTA
IBV,TGCGTTAATA
IBV,TTATCTAAA
IBV,TTATTATAATT
IBV,ACCAGACAC
IBV,GCCTACTCT
IBV,GTATCTAAA
IBV,GTTAATACT
IBV,TATAATTTA
IBV,TTATCTAAA
IBV,TTATTATAATT
IBV,TTATTATAATT
IBV,AACAACTTC
IBV,AATAATGCC
IBV,ACCATTAACAG
IBV,ACTACCACA
IBV,ACTTAATAT
IBV,AGGAAGTTG
IBV,AGTTTTAATT
IBV,AGTTTTAATT
IBV,ATAATAATA
IBV,ATTTTGTGGTA
IBV,CAATATGTT
IBV,CATTAACAG
IBV,CCATAGATG
IBV,CTAGCATTA
IBV,CTTATTAAG
IBV,GCTTATTAA
IBV,GGTTTTATT
IBV,GTATCTAAA
IBV,GTCACAGAC
IBV,GTGTATAAA
IBV,GTGTTAATA
IBV,TAACAGGCA
IBV,TAACAGTTA
IBV,TAATAAGAA
IBV,TATAATTTA
IBV,TATTACTAA
IBV,TATTATAGT
IBV,TCACTAATG
IBV,TCCATACGT
IBV,TCTTACCAC
IBV,TGGTTCTCA
IBV,TGTAAGTAA
IBV,TTAATTCTT
IBV,TTATTAAAG
IBV,TTATTAACA
IBV,TTCTTGCTT
IBV,TTGTTTGCA
IBV,TTTGTGGTA
IBV,TGAAAAGAATAA
IBV,AAACCATTA
IBV,AATCAAAGT
IBV,ACTTAATAT
IBV,ACTTAATAT
IBV,ATAATAATA
IBV,CAATATGTT
IBV,CATTTTGTG
IBV,CTAGAAATGA
IBV,CTAGCATTA
IBV,CTGTTGTAA
IBV,GCCCTAGGGC
IBV,GCCTACTCT
IBV,GCTGGTTTA
IBV,GGAATGATAC
IBV,GGTGGTGTTA
IBV,GGTTTTATT
IBV,GTAAAGGTG
IBV,GTATCTAAA
IBV,GTGTGCACTA
IBV,GTGTTAATA
IBV,GTTAATACTA
IBV,TAATAAAAC
IBV,TAATATCTCT
IBV,TAATATTACT
IBV,TAATATTACT
IBV,TATTACTAA
IBV,TGGAGTGTA
IBV,TGGCTAGCCA
IBV,TGTACTCAT
IBV,TGTTTCAACA
IBV,TTATTAACA
IBV,TTATTATAATT
IBV,TTATTTACA
IBV,TTGTAAATA
IBV,TTGTCACACA
IBV,TTTTGTGGTAT
IBV,CATAGCTATG
IBV,GTGTGCACTA
IBV,GTTAATACTA
IBV,TAACTTAACA
IBV,TTATTATAATT
IBV,TTGTCACACA
IBV,CTGCACCAC
IBV,AATTACAGTGCG
IBV,TTTACTTCT
IBV,GCATAAGCA
IBV,TAACAGTTT
IBV,ACATTGTTT
IBV,ACCTAGTAG
IBV,ACTCAACACAA
IBV,ACTTAATGT
IBV,AGCTATGGC
IBV,AGGTGGTGT
IBV,AGTGATGGC
IBV,ATATTAAGT
IBV,ATTTTGTGGTA
IBV,CAATATGTT
IBV,CCTAATATTAGG
IBV,CTAGCATTA
IBV,GTAGTAATG
IBV,GTATCTAAA
IBV,TAAAATTAT
IBV,TAAAGCCTTGGC
IBV,TAATATTAG
IBV,TACTAATAG
IBV,TCTTACCAC
IBV,TTAACATCT
IBV,TTAATTTGA
IBV,TTATTATAATT
IBV,TTGAACCTG
IBV,TTGTTTGCA
IBV,TTTTATATT
IBV,TTTTGTTAACAC
IBV,TTATTATAATT
IBV,AAATTATAATA
IBV,AATAATTAT
IBV,AATTACATG
IBV,AATTTTGTAGT
IBV,ACCCTGCAT
IBV,ATAATATTAT
IBV,CAAAATTTTG
IBV,CTACTAATT
IBV,GTGTGCACTA
IBV,TAATAATTA
IBV,TAATATTAT
IBV,TATAATCAA
IBV,TATTATAAT
IBV,TCAACACAA
IBV,TTATAATTTA
IBV,TTATTATAATT
IBV,ACTGGCATGCT
IBV,TTATTATAATT
IBV,ACACTGTAA
IBV,CATAGCTATG
IBV,GTGTGCACTA
IBV,GTTAATACTA
IBV,TAACTTAACA
IBV,TTATTATAATT
IBV,AGTCATGACT
IBV,CTAAATTTAG
IBV,AAACCATTA
IBV,ACTTAATAT
IBV,ACTTAATAT
IBV,ATAATAATA
IBV,CATAGCTATG
IBV,CATCTTGTG
IBV,CTAGCATTA
IBV,CTGTTGTAA
IBV,GCCTACTCT
IBV,GCTGGTTTA
IBV,GGAATGATAC
IBV,GGTGGTGTTA
IBV,GGTTTTATT
IBV,GTAAAGGTG
IBV,GTATCTAAA
IBV,GTGTGCACTA
IBV,GTGTTAACAA
IBV,TAATAAAAC
IBV,TAATATCTCT
IBV,TAATATTACT
IBV,TAATATTACT
IBV,TATAATTTA
IBV,TATTACTAA
IBV,TCTTGCTTA
IBV,TGGAGTGTA
IBV,TGGCTAGCCA
IBV,TGTACTCAT
IBV,TGTTTCAACA
IBV,TTAATACTA
IBV,TTATTTACA
IBV,TTGTAAATA
IBV,TTGTCACACA
IBV,TTTTGTGGTA
IBV,AAACTTACCA
IBV,AATCTACCAG
IBV,AATTGCCACAA
IBV,ACCCAGTCA
IBV,ACTGGCATGCT
IBV,AGGTTTTAT
IBV,AGTTATAACT
IBV,ATCAAAATCA
IBV,ATCTGTTGG
IBV,ATTCACTTT
IBV,CAATTTCACT
IBV,CACTTAATA
IBV,CACTTTCAGT
IBV,CCAGTTATAA
IBV,CCATTAGGT
IBV,CCTGCAGTA
IBV,CTGTTGGTA
IBV,CTTACTCAT
IBV,GCAATTTTT
IBV,GCAATTTTT
IBV,GCCTGCAGT
IBV,GGCAATTTT
IBV,GTAAAGGTG
IBV,GTATACAAA
IBV,TAACAGTTA
IBV,TAAGTTTTG
IBV,TATAACTGGC
IBV,TATTATAAT
IBV,TCAACACAA
IBV,TCTGGAGTG
IBV,TGCATACTG
IBV,TGCCAGTAT
IBV,TGTCAAGTA
IBV,TGTTGGTAA
IBV,TTACTAAGA
IBV,TTATAAACA
IBV,TTATAATAAT
IBV,TTATTATAATT
IBV,TTCTGAGTAG
IBV,TTGTATAAAA
IBV,TTTGCTTGT
IBV,TTTTGTATG
IBV,AGGTGGTTGTG
IBV,TAATACAGGTGGT
IBV,TTTCATTAACA
IBV,ACACATTGT
IBV,CATAGCTATG
IBV,GCCCTAGGGC
IBV,GTGTGCACTA
IBV,GTTAATACTA
IBV,TAACTTAACA
IBV,TTATTATAATT
IBV,TTGTCACACA
IBV,TTATTATAATT
IBV,CATAGCTATG
IBV,GCCCTAGGGC
IBV,GTGTGCACTA
IBV,GTTAATACTA
IBV,TAACTTAACA
IBV,TTATTATAATT
IBV,TTGTCACACA
IBV,AAACTTACCA
IBV,AATCTACCAG
IBV,AATTGCCACAA
IBV,ACCCAGTCA
IBV,ACTGGCATGCT
IBV,AGGTTTTAT
IBV,AGTTATAACT
IBV,ATCAAAATCA
IBV,ATCTGTTGG
IBV,ATTCACTTT
IBV,CAATTTCACT
IBV,CACTTAATA
IBV,CACTTTCAGT
IBV,CCAGTTATAA
IBV,CCATTAGGT
IBV,CCTGCAGTA
IBV,CTGTTGGTA
IBV,CTTACTCAT
IBV,GCAATTTTT
IBV,GCAATTTTT
IBV,GCCTGCAGT
IBV,GGCAATTTT
IBV,GTAAAGGTG
IBV,GTATACAAA
IBV,TAACAGTTA
IBV,TAAGTTTTG
IBV,TATAACTGGC
IBV,TATTATAAT
IBV,TCAACACAA
IBV,TCTGGAGTG
IBV,TGCATACTG
IBV,TGCCAGTAT
IBV,TGTCAAGTA
IBV,TGTTGGTAA
IBV,TTACTAAGA
IBV,TTATAAACA
IBV,TTATAATAAT
IBV,TTATTATAATT
IBV,TTCTGAGTAG
IBV,TTGTATAAAA
IBV,TTTGCTTGT
IBV,TTTTGTATG
IBV,ATAAATTTAT
IBV,GGCAGCTGCC
IBV,TATAGCTATA
IBV,TGCTATAGCA
IBV,AAAGTAGTGTTAACACTACTTT
IBV,AAAGTAGTGTTAACACTACTTT
IBV,ACTTCTAGTTT
IBV,TTAGTAATAAA
IBV,AAATTATAATA
IBV,AAGGCCATT
IBV,AATAATTAT
IBV,AATATAATAA
IBV,AATTACATG
IBV,AATTTTGTAGT
IBV,ACCATTTTG
IBV,ACTCATCATC
IBV,AGAAGATTT
IBV,AGGTGGTGTT
IBV,ATAATATTAT
IBV,CAAAATTGT
IBV,CAAAATTTTG
IBV,CAATATGTT
IBV,CTACTAATT
IBV,CTAGCATTA
IBV,CTATACCATT
IBV,CTTCAAGGT
IBV,GAATATAAT
IBV,GCACTATTG
IBV,GGAATATAA
IBV,GGTACTGTG
IBV,GGTTTTATT
IBV,GTATACAAA
IBV,GTGTATAAA
IBV,GTGTGCACTA
IBV,GTGTTAATA
IBV,TAACAGGCA
IBV,TAACAGTTA
IBV,TAATAAGAA
IBV,TAATAATTA
IBV,TAATATTACT
IBV,TAATATTAT
IBV,TAATTCTAG
IBV,TATAATCAA
IBV,TATTATAAT
IBV,TCAACACAA
IBV,TGAATATAA
IBV,TTACTGAAAA
IBV,TTATAATTTA
IBV,TTATTAACA
IBV,TTATTATAATT
IBV,TTATTTACA
IBV,TTGTATACAA
IBV,TTTCAGTAA
IBV,AAACTTACCA
IBV,AATCTACCAG
IBV,AATTGCCACAA
IBV,ACCCAGTCA
IBV,ACTGGCATGCT
IBV,AGGTTTTAT
IBV,AGTTATAACT
IBV,ATCAAAATCA
IBV,ATCTGTTGG
IBV,ATTCACTTT
IBV,CAATTTCACT
IBV,CACTTAATA
IBV,CACTTTCAGT
IBV,CCAGTTATAA
IBV,CCATTAGGT
IBV,CCTGCAGTA
IBV,CTGTTGGTA
IBV,GCAATTTTT
IBV,GCAATTTTT
IBV,GCCTGCAGT
IBV,GGCAATTTT
IBV,GTAAAGGTG
IBV,GTATACAAA
IBV,TAACAGTTA
IBV,TAAGTTTTG
IBV,TATAACTGGC
IBV,TATTATAAT
IBV,TCAACACAA
IBV,TCTGGAGTG
IBV,TGCATACTG
IBV,TGCCAGTAT
IBV,TGTCAAGTA
IBV,TGTTGGTAA
IBV,TTACTAAGA
IBV,TTATAAACA
IBV,TTATAATAAT
IBV,TTATTATAATT
IBV,TTCTGAGTAG
IBV,TTGTATAAAA
IBV,TTTGCTTGT
IBV,TTTTGTATG
IBV,AAACCATTA
IBV,AACAAAACT
IBV,ACTGTTGGT
IBV,ACTTAATAT
IBV,ACTTAATAT
IBV,ATAATAATA
IBV,CAATATGTT
IBV,CATAGCTATG
IBV,CATTTTGTG
IBV,CTAGCATTA
IBV,CTGTTGTAA
IBV,GCCCTAGGGC
IBV,GCTGGTTTA
IBV,GGAATGATAC
IBV,GGTGGTGTTA
IBV,GGTTTTATT
IBV,GTAAAGGTG
IBV,GTGTGCACTA
IBV,GTGTTAATA
IBV,TAACAGGCA
IBV,TAACTTAACA
IBV,TAATATTACT
IBV,TAATATTACT
IBV,TATTACTAA
IBV,TCTTGCTTA
IBV,TGGAGTGTA
IBV,TGGCTAGCCA
IBV,TGTACTCAT
IBV,TGTTTCAACA
IBV,TTAATACTA
IBV,TTATTAACA
IBV,TTATTTACA
IBV,TTGTAAATA
IBV,TTGTCACACA
IBV,TTTTGTGGTA
IBV,AAACTTACCA
IBV,AAGTTTTGA
IBV,AATCTACCAG
IBV,AATTGCCTG
IBV,ACTGGCATGCT
IBV,ACTTTCAGT
IBV,AGGTTTTAT
IBV,AGTTATAACT
IBV,ATCAAAATC
IBV,ATCTGTTGG
IBV,ATTAATAAT
IBV,ATTCACTTT
IBV,CAATTTCACT
IBV,CACTTAATA
IBV,CCAGTTATAA
IBV,CCATTAGGT
IBV,CTGTTGGTA
IBV,CTTACTCAT
IBV,GCAATTTTT
IBV,GCAATTTTT
IBV,GCCAGTTAT
IBV,GGCAATTTT
IBV,GTAAAGGTG
IBV,GTATACAAA
IBV,GTGTTGTTAA
IBV,TAACAGTTA
IBV,TAAGTTTTG
IBV,TATAACTGGC
IBV,TATTATAAT
IBV,TCAACACAA
IBV,TGAAAGTTTT
IBV,TGCATACTG
IBV,TGCCAGTAT
IBV,TGTTGGTAA
IBV,TTACTAAGA
IBV,TTATAAACA
IBV,TTATAATAAT
IBV,TTATTATAATT
IBV,TTCTGAGTAG
IBV,TTGTATAAAA
IBV,TTTGCTTGT
IBV,ACTGGCATGCT
IBV,ACTGGTTCTCA
IBV,AGGTTTTAT
IBV,ATCTGTTGG
IBV,CACAAACAG
IBV,CACTTAATA
IBV,CATTAAAATCA
IBV,CTAGCATTA
IBV,GCAATTTTT
IBV,GCAATTTTT
IBV,GGTACTATT
IBV,GTAAAGGTG
IBV,GTATACAAA
IBV,TAACAGTTA
IBV,TAAGTTTTG
IBV,TATTATAAT
IBV,TGCCAGTAT
IBV,TGTTGGTAA
IBV,TTACTAAGA
IBV,TTATAATAA
IBV,TTATTAATAGT
IBV,TTATTATAATT
IBV,TTGCCACAA
IBV,TTGGTACTATT
IBV,TTTCTGAGTAG
IBV,TTTGCTTGT
IBV,TTTGTTGTA
IBV,TTTTATTAA
IBV,AAAAACCAA
IBV,AAACTGATT
IBV,AACTTTTCC
IBV,AGAACATGT
IBV,AGAAGATTT
IBV,AGTAAGAAT
IBV,CAATATGTT
IBV,CTAGCATTA
IBV,CTCGTGCTT
IBV,GGTCTTATT
IBV,GTAAAGGTG
IBV,GTAGTAATG
IBV,GTGGTGTCA
IBV,TAATAAGAA
IBV,TAATGCTAG
IBV,TCTGAGTGG
IBV,TCTTGTCAA
IBV,TGTTGTTAT
IBV,TTAACAGGT
IBV,TTACTACTA
IBV,TTATTTACA
IBV,TTGAACCTG
IBV,TTGTTTGCA
IBV,TTTAAGAGT
IBV,TTTGTGGTA
IBV,TTTTATATT
IBV,CATAGCTATG
IBV,GTGTGCACTA
IBV,GTTAATACTA
IBV,TGCGTTAATA
IBV,TTATTATAATT
IBV,AAAATTATG
IBV,AAAGGTGTCTAT
IBV,AATTTTGTA
IBV,ATTAATAAT
IBV,CAAGAGGCT
IBV,CAGAGTGTT
IBV,CCATTGTAA
IBV,GCCTACTCT
IBV,TATTATAAT
IBV,TTATAATAA
IBV,TTATTATAATT
IBV,CATAGCTATG
IBV,ACCACTCTGA
IBV,ATTTCTAGAAAT
IBV,GCCCTAGGGC
IBV,GCCTACTCT
IBV,GTATCTAAA
IBV,GTGTGCACTA
IBV,GTTAATACT
IBV,TATAATTTA
IBV,TCTTACTTA
IBV,TTATCTAAA
IBV,TTATTATAATT
IBV,TTGTCACACA
IBV,ACTCAACACA
IBV,AGTGAGTTTA
IBV,GTGTTAACAC
IBV,TAACACATTG
IBV,AATTATAATT
IBV,AATTATAATT
IBV,ACTAATATTAGT
IBV,ATAATTATAATT
IBV,GTGTTAACAC
IBV,TTAGTTAAA
IBV,ACACTGTAA
IBV,AACAGATTCT
IBV,AACCATCTG
IBV,AATAAAAAT
IBV,AATCTGTTT
IBV,ACTTCTAGTTT
IBV,ACTTTTTAT
IBV,AGATGTAAG
IBV,AGCCATAGA
IBV,ATAAAAATAC
IBV,ATTACTAAT
IBV,ATTACTAAT
IBV,CAACTCACG
IBV,CACTTAATA
IBV,CAGGTATGA
IBV,CATACTGCT
IBV,GAAGATCTTC
IBV,GAATCTGTTG
IBV,GTATCTAAA
IBV,GTGTATAAAC
IBV,TAACAACAT
IBV,TAATAATGGC
IBV,TATAATTATA
IBV,TATGGCAAG
IBV,TCATTACTA
IBV,TCATTATCT
IBV,TCTGTTGTAA
IBV,TGAAACAACT
IBV,TGCTAGAGA
IBV,TTAATCCCTG
IBV,TTAGTAATAAA
IBV,TTAGTAATA
IBV,TTCACTTCTA
IBV,TTGCATGTC
IBV,TTGCTTTAT
IBV,TTTCTGAGT
IBV,TTTGTGGTA
