covidType,repeats
HCoV-229E,ALQT
HCoV-229E,FVGA
HCoV-229E,GFYS
HCoV-229E,KCTK
HCoV-229E,LCVD
HCoV-229E,NYTV
HCoV-229E,SGSR
HCoV-229E,SGVG
HCoV-229E,SSFG
HCoV-229E,TLAN
HCoV-229E,TSYG
HCoV-229E,VCNG
HCoV-229E,VSSF
HCoV-229E,ADVL
HCoV-229E,ALQT
HCoV-229E,CNGY
HCoV-229E,DVNK
HCoV-229E,GLGT
HCoV-229E,GSLI
HCoV-229E,LASS
HCoV-229E,NQQG
HCoV-229E,NVTT
HCoV-229E,NYTV
HCoV-229E,SATD
HCoV-229E,SRSA
HCoV-229E,TYVS
HCoV-229E,VDGV
HCoV-229E,VNFN
HCoV-229E,ITGX
HCoV-229E,NYTV
HCoV-229E,SFGV
HCoV-229E,SGSR
HCoV-229E,SSFG
HCoV-229E,TLAN
HCoV-229E,TLVD
HCoV-229E,VCNG
HCoV-229E,VELP
HCoV-229E,XXXXXXXXXXXXXXXXXXXXXXXXXXX
HCoV-229E,XXXXXXXXXXXXXXXXXXXXXXXXXX
HCoV-229E,XXXXXXXXXXXXXXXXXXXXXXXXX
HCoV-229E,XXXXXXXXXXXXXXXXXXXXXXXX
HCoV-229E,XXXXXXXXXXXXXXXXXXXXXXX
HCoV-229E,XXXXXXXXXXXXXXXXXXXXXX
HCoV-229E,XXXXXXXXXXXXXXXXXXXXX
HCoV-229E,XXXXXXXXXXXXXXXXXXXX
HCoV-229E,XXXXXXXXXXXXXXXXXXX
HCoV-229E,XXXXXXXXXXXXXXXXXX
HCoV-229E,XXXXXXXXXXXXXXXXX
HCoV-229E,XXXXXXXXXXXXXXXX
HCoV-229E,XXXXXXXXXXXXXXX
HCoV-229E,XXXXXXXXXXXXXX
HCoV-229E,XXXXXXXXXXXXX
HCoV-229E,XXXXXXXXXXXX
HCoV-229E,XXXXXXXXXXX
HCoV-229E,XXXXXXXXXX
HCoV-229E,XXXXXXXXX
HCoV-229E,XXXXXXXX
HCoV-229E,XXXXXXX
HCoV-229E,XXXXXX
HCoV-229E,XXXXX
HCoV-229E,XXXX
HCoV-229E,ALQT
HCoV-229E,GFYS
HCoV-229E,INGY
HCoV-229E,IPSN
HCoV-229E,KCTK
HCoV-229E,LCVD
HCoV-229E,NYTV
HCoV-229E,SSFG
HCoV-229E,TLAN
HCoV-229E,TNGT
HCoV-229E,TNTS
HCoV-229E,TSYG
HCoV-229E,VCNG
HCoV-229E,VSSF
HCoV-229E,ALQT
HCoV-229E,GFYS
HCoV-229E,INGY
HCoV-229E,IPSN
HCoV-229E,KCTK
HCoV-229E,LCVD
HCoV-229E,NYTV
HCoV-229E,SSFG
HCoV-229E,TLAN
HCoV-229E,TNGT
HCoV-229E,TNTS
HCoV-229E,TSYG
HCoV-229E,VCNG
HCoV-229E,VSSF
HCoV-229E,ALQT
HCoV-229E,GFYS
HCoV-229E,INGY
HCoV-229E,IPSN
HCoV-229E,KCTK
HCoV-229E,LCVD
HCoV-229E,NYTV
HCoV-229E,SSFG
HCoV-229E,TLAN
HCoV-229E,TNGT
HCoV-229E,TNTS
HCoV-229E,TSYG
HCoV-229E,VCNG
HCoV-229E,VITG
HCoV-229E,VSSF
HCoV-229E,KCTK
HCoV-229E,NYTV
HCoV-229E,SFGV
HCoV-229E,SGSR
HCoV-229E,SSFG
HCoV-229E,TLAN
HCoV-229E,VCNG
HCoV-229E,VELP
HCoV-229E,VSSF
HCoV-229E,ALQT
HCoV-229E,DVEA
HCoV-229E,GFYS
HCoV-229E,INGY
HCoV-229E,IPSN
HCoV-229E,KCTK
HCoV-229E,LCVD
HCoV-229E,NYTV
HCoV-229E,SSFG
HCoV-229E,TLAN
HCoV-229E,TNGT
HCoV-229E,TNTS
HCoV-229E,TSYG
HCoV-229E,VCNG
HCoV-229E,VITG
HCoV-229E,VSSF
HCoV-229E,ALQT
HCoV-229E,DVEA
HCoV-229E,GFYS
HCoV-229E,INGY
HCoV-229E,IPSN
HCoV-229E,ITSR
HCoV-229E,KCTK
HCoV-229E,LCVD
HCoV-229E,NYTV
HCoV-229E,SSFG
HCoV-229E,TLAN
HCoV-229E,TNGT
HCoV-229E,TNTS
HCoV-229E,TSYG
HCoV-229E,VCNG
HCoV-229E,VSSF
HCoV-229E,ALQT
HCoV-229E,GFYS
HCoV-229E,INGY
HCoV-229E,IPSN
HCoV-229E,KCTK
HCoV-229E,LCVD
HCoV-229E,LRRG
HCoV-229E,NYTV
HCoV-229E,SSFG
HCoV-229E,TLAN
HCoV-229E,TNGT
HCoV-229E,TNTS
HCoV-229E,TSYG
HCoV-229E,VCNG
HCoV-229E,VSSF
HCoV-229E,ALQT
HCoV-229E,GFYS
HCoV-229E,INGY
HCoV-229E,IPSN
HCoV-229E,KCTK
HCoV-229E,LCVD
HCoV-229E,LRRG
HCoV-229E,NYTV
HCoV-229E,SSFG
HCoV-229E,TLAN
HCoV-229E,TNGT
HCoV-229E,TNTS
HCoV-229E,TSYG
HCoV-229E,VCNG
HCoV-229E,VSSF
HCoV-229E,ALQT
HCoV-229E,GFYS
HCoV-229E,INGY
HCoV-229E,IPSN
HCoV-229E,KCTK
HCoV-229E,LCVD
HCoV-229E,LRRG
HCoV-229E,NYTV
HCoV-229E,SGSR
HCoV-229E,SSFG
HCoV-229E,TLAN
HCoV-229E,TNGT
HCoV-229E,TNTS
HCoV-229E,TSYG
HCoV-229E,VCNG
HCoV-229E,VSSF
HCoV-229E,ALQT
HCoV-229E,GFYS
HCoV-229E,INGY
HCoV-229E,IPSN
HCoV-229E,KCTK
HCoV-229E,LCVD
HCoV-229E,LRRG
HCoV-229E,NYTV
HCoV-229E,SSFG
HCoV-229E,TLAN
HCoV-229E,TNGT
HCoV-229E,TNTS
HCoV-229E,TSYG
HCoV-229E,VCNG
HCoV-229E,VSSF
HCoV-229E,VTNG
HCoV-229E,IXXXXXXXXXXXXXXXXXXXXXXXX
HCoV-229E,NXXXXXXXXXXXXXXXXXX
HCoV-229E,XXXXV
HCoV-229E,XXXXXXXXXXXXXXXXXXXXXXXXS
HCoV-229E,XXXXXXXXXXXXXXXXXXXXXXXXXXXXXXXXXXXXXXXXXXXXXXXXXXXXXXXXXXXXXXXXXXXXXXXXXXXXXXXXXXXXXXXXXXXXXXXXXXXXXXXXXXXXXXXXXXXXXXXXXXXXXX
HCoV-229E,XXXXXXXXXXXXXXXXXXXXXXXXXXXXXXXXXXXXXXXXXXXXXXXXXXXXXXXXXXXXXXXXXXXXXXXXXXXXXXXXXXXXXXXXXXXXXXXXXXXXXXXXXXXXXXXXXXXXXXXXXXXXX
HCoV-229E,XXXXXXXXXXXXXXXXXXXXXXXXXXXXXXXXXXXXXXXXXXXXXXXXXXXXXXXXXXXXXXXXXXXXXXXXXXXXXXXXXXXXXXXXXXXXXXXXXXXXXXXXXXXXXXXXXXXXXXXXXXXX
HCoV-229E,XXXXXXXXXXXXXXXXXXXXXXXXXXXXXXXXXXXXXXXXXXXXXXXXXXXXXXXXXXXXXXXXXXXXXXXXXXXXXXXXXXXXXXXXXXXXXXXXXXXXXXXXXXXXXXXXXXXXXXXXXXX
HCoV-229E,XXXXXXXXXXXXXXXXXXXXXXXXXXXXXXXXXXXXXXXXXXXXXXXXXXXXXXXXXXXXXXXXXXXXXXXXXXXXXXXXXXXXXXXXXXXXXXXXXXXXXXXXXXXXXXXXXXXXXXXXXX
HCoV-229E,XXXXXXXXXXXXXXXXXXXXXXXXXXXXXXXXXXXXXXXXXXXXXXXXXXXXXXXXXXXXXXXXXXXXXXXXXXXXXXXXXXXXXXXXXXXXXXXXXXXXXXXXXXXXXXXXXXXXXXXXX
HCoV-229E,XXXXXXXXXXXXXXXXXXXXXXXXXXXXXXXXXXXXXXXXXXXXXXXXXXXXXXXXXXXXXXXXXXXXXXXXXXXXXXXXXXXXXXXXXXXXXXXXXXXXXXXXXXXXXXXXXXXXXXXX
HCoV-229E,XXXXXXXXXXXXXXXXXXXXXXXXXXXXXXXXXXXXXXXXXXXXXXXXXXXXXXXXXXXXXXXXXXXXXXXXXXXXXXXXXXXXXXXXXXXXXXXXXXXXXXXXXXXXXXXXXXXXXXX
HCoV-229E,XXXXXXXXXXXXXXXXXXXXXXXXXXXXXXXXXXXXXXXXXXXXXXXXXXXXXXXXXXXXXXXXXXXXXXXXXXXXXXXXXXXXXXXXXXXXXXXXXXXXXXXXXXXXXXXXXXXXXX
HCoV-229E,XXXXXXXXXXXXXXXXXXXXXXXXXXXXXXXXXXXXXXXXXXXXXXXXXXXXXXXXXXXXXXXXXXXXXXXXXXXXXXXXXXXXXXXXXXXXXXXXXXXXXXXXXXXXXXXXXXXXX
HCoV-229E,XXXXXXXXXXXXXXXXXXXXXXXXXXXXXXXXXXXXXXXXXXXXXXXXXXXXXXXXXXXXXXXXXXXXXXXXXXXXXXXXXXXXXXXXXXXXXXXXXXXXXXXXXXXXXXXXXXXX
HCoV-229E,XXXXXXXXXXXXXXXXXXXXXXXXXXXXXXXXXXXXXXXXXXXXXXXXXXXXXXXXXXXXXXXXXXXXXXXXXXXXXXXXXXXXXXXXXXXXXXXXXXXXXXXXXXXXXXXXXXX
HCoV-229E,XXXXXXXXXXXXXXXXXXXXXXXXXXXXXXXXXXXXXXXXXXXXXXXXXXXXXXXXXXXXXXXXXXXXXXXXXXXXXXXXXXXXXXXXXXXXXXXXXXXXXXXXXXXXXXXXXX
HCoV-229E,XXXXXXXXXXXXXXXXXXXXXXXXXXXXXXXXXXXXXXXXXXXXXXXXXXXXXXXXXXXXXXXXXXXXXXXXXXXXXXXXXXXXXXXXXXXXXXXXXXXXXXXXXXXXXXXXX
HCoV-229E,XXXXXXXXXXXXXXXXXXXXXXXXXXXXXXXXXXXXXXXXXXXXXXXXXXXXXXXXXXXXXXXXXXXXXXXXXXXXXXXXXXXXXXXXXXXXXXXXXXXXXXXXXXXXXXXX
HCoV-229E,XXXXXXXXXXXXXXXXXXXXXXXXXXXXXXXXXXXXXXXXXXXXXXXXXXXXXXXXXXXXXXXXXXXXXXXXXXXXXXXXXXXXXXXXXXXXXXXXXXXXXXXXXXXXXXX
HCoV-229E,XXXXXXXXXXXXXXXXXXXXXXXXXXXXXXXXXXXXXXXXXXXXXXXXXXXXXXXXXXXXXXXXXXXXXXXXXXXXXXXXXXXXXXXXXXXXXXXXXXXXXXXXXXXXXX
HCoV-229E,XXXXXXXXXXXXXXXXXXXXXXXXXXXXXXXXXXXXXXXXXXXXXXXXXXXXXXXXXXXXXXXXXXXXXXXXXXXXXXXXXXXXXXXXXXXXXXXXXXXXXXXXXXXXX
HCoV-229E,XXXXXXXXXXXXXXXXXXXXXXXXXXXXXXXXXXXXXXXXXXXXXXXXXXXXXXXXXXXXXXXXXXXXXXXXXXXXXXXXXXXXXXXXXXXXXXXXXXXXXXXXXXXX
HCoV-229E,XXXXXXXXXXXXXXXXXXXXXXXXXXXXXXXXXXXXXXXXXXXXXXXXXXXXXXXXXXXXXXXXXXXXXXXXXXXXXXXXXXXXXXXXXXXXXXXXXXXXXXXXXXX
HCoV-229E,XXXXXXXXXXXXXXXXXXXXXXXXXXXXXXXXXXXXXXXXXXXXXXXXXXXXXXXXXXXXXXXXXXXXXXXXXXXXXXXXXXXXXXXXXXXXXXXXXXXXXXXXXX
HCoV-229E,XXXXXXXXXXXXXXXXXXXXXXXXXXXXXXXXXXXXXXXXXXXXXXXXXXXXXXXXXXXXXXXXXXXXXXXXXXXXXXXXXXXXXXXXXXXXXXXXXXXXXXXXX
HCoV-229E,XXXXXXXXXXXXXXXXXXXXXXXXXXXXXXXXXXXXXXXXXXXXXXXXXXXXXXXXXXXXXXXXXXXXXXXXXXXXXXXXXXXXXXXXXXXXXXXXXXXXXXXX
HCoV-229E,XXXXXXXXXXXXXXXXXXXXXXXXXXXXXXXXXXXXXXXXXXXXXXXXXXXXXXXXXXXXXXXXXXXXXXXXXXXXXXXXXXXXXXXXXXXXXXXXXXXXXXX
HCoV-229E,XXXXXXXXXXXXXXXXXXXXXXXXXXXXXXXXXXXXXXXXXXXXXXXXXXXXXXXXXXXXXXXXXXXXXXXXXXXXXXXXXXXXXXXXXXXXXXXXXXXXXX
HCoV-229E,XXXXXXXXXXXXXXXXXXXXXXXXXXXXXXXXXXXXXXXXXXXXXXXXXXXXXXXXXXXXXXXXXXXXXXXXXXXXXXXXXXXXXXXXXXXXXXXXXXXXX
HCoV-229E,XXXXXXXXXXXXXXXXXXXXXXXXXXXXXXXXXXXXXXXXXXXXXXXXXXXXXXXXXXXXXXXXXXXXXXXXXXXXXXXXXXXXXXXXXXXXXXXXXXXX
HCoV-229E,XXXXXXXXXXXXXXXXXXXXXXXXXXXXXXXXXXXXXXXXXXXXXXXXXXXXXXXXXXXXXXXXXXXXXXXXXXXXXXXXXXXXXXXXXXXXXXXXXXX
HCoV-229E,XXXXXXXXXXXXXXXXXXXXXXXXXXXXXXXXXXXXXXXXXXXXXXXXXXXXXXXXXXXXXXXXXXXXXXXXXXXXXXXXXXXXXXXXXXXXXXXXXX
HCoV-229E,XXXXXXXXXXXXXXXXXXXXXXXXXXXXXXXXXXXXXXXXXXXXXXXXXXXXXXXXXXXXXXXXXXXXXXXXXXXXXXXXXXXXXXXXXXXXXXXXX
HCoV-229E,XXXXXXXXXXXXXXXXXXXXXXXXXXXXXXXXXXXXXXXXXXXXXXXXXXXXXXXXXXXXXXXXXXXXXXXXXXXXXXXXXXXXXXXXXXXXXXXX
HCoV-229E,XXXXXXXXXXXXXXXXXXXXXXXXXXXXXXXXXXXXXXXXXXXXXXXXXXXXXXXXXXXXXXXXXXXXXXXXXXXXXXXXXXXXXXXXXXXXXXX
HCoV-229E,XXXXXXXXXXXXXXXXXXXXXXXXXXXXXXXXXXXXXXXXXXXXXXXXXXXXXXXXXXXXXXXXXXXXXXXXXXXXXXXXXXXXXXXXXXXXXX
HCoV-229E,XXXXXXXXXXXXXXXXXXXXXXXXXXXXXXXXXXXXXXXXXXXXXXXXXXXXXXXXXXXXXXXXXXXXXXXXXXXXXXXXXXXXXXXXXXXXX
HCoV-229E,XXXXXXXXXXXXXXXXXXXXXXXXXXXXXXXXXXXXXXXXXXXXXXXXXXXXXXXXXXXXXXXXXXXXXXXXXXXXXXXXXXXXXXXXXXXX
HCoV-229E,XXXXXXXXXXXXXXXXXXXXXXXXXXXXXXXXXXXXXXXXXXXXXXXXXXXXXXXXXXXXXXXXXXXXXXXXXXXXXXXXXXXXXXXXXXX
HCoV-229E,XXXXXXXXXXXXXXXXXXXXXXXXXXXXXXXXXXXXXXXXXXXXXXXXXXXXXXXXXXXXXXXXXXXXXXXXXXXXXXXXXXXXXXXXXX
HCoV-229E,XXXXXXXXXXXXXXXXXXXXXXXXXXXXXXXXXXXXXXXXXXXXXXXXXXXXXXXXXXXXXXXXXXXXXXXXXXXXXXXXXXXXXXXXX
HCoV-229E,XXXXXXXXXXXXXXXXXXXXXXXXXXXXXXXXXXXXXXXXXXXXXXXXXXXXXXXXXXXXXXXXXXXXXXXXXXXXXXXXXXXXXXXX
HCoV-229E,XXXXXXXXXXXXXXXXXXXXXXXXXXXXXXXXXXXXXXXXXXXXXXXXXXXXXXXXXXXXXXXXXXXXXXXXXXXXXXXXXXXXXXX
HCoV-229E,XXXXXXXXXXXXXXXXXXXXXXXXXXXXXXXXXXXXXXXXXXXXXXXXXXXXXXXXXXXXXXXXXXXXXXXXXXXXXXXXXXXXXX
HCoV-229E,XXXXXXXXXXXXXXXXXXXXXXXXXXXXXXXXXXXXXXXXXXXXXXXXXXXXXXXXXXXXXXXXXXXXXXXXXXXXXXXXXXXXX
HCoV-229E,XXXXXXXXXXXXXXXXXXXXXXXXXXXXXXXXXXXXXXXXXXXXXXXXXXXXXXXXXXXXXXXXXXXXXXXXXXXXXXXXXXXX
HCoV-229E,XXXXXXXXXXXXXXXXXXXXXXXXXXXXXXXXXXXXXXXXXXXXXXXXXXXXXXXXXXXXXXXXXXXXXXXXXXXXXXXXXXX
HCoV-229E,XXXXXXXXXXXXXXXXXXXXXXXXXXXXXXXXXXXXXXXXXXXXXXXXXXXXXXXXXXXXXXXXXXXXXXXXXXXXXXXXXX
HCoV-229E,XXXXXXXXXXXXXXXXXXXXXXXXXXXXXXXXXXXXXXXXXXXXXXXXXXXXXXXXXXXXXXXXXXXXXXXXXXXXXXXXX
HCoV-229E,XXXXXXXXXXXXXXXXXXXXXXXXXXXXXXXXXXXXXXXXXXXXXXXXXXXXXXXXXXXXXXXXXXXXXXXXXXXXXXXX
HCoV-229E,XXXXXXXXXXXXXXXXXXXXXXXXXXXXXXXXXXXXXXXXXXXXXXXXXXXXXXXXXXXXXXXXXXXXXXXXXXXXXXX
HCoV-229E,XXXXXXXXXXXXXXXXXXXXXXXXXXXXXXXXXXXXXXXXXXXXXXXXXXXXXXXXXXXXXXXXXXXXXXXXXXXXXX
HCoV-229E,XXXXXXXXXXXXXXXXXXXXXXXXXXXXXXXXXXXXXXXXXXXXXXXXXXXXXXXXXXXXXXXXXXXXXXXXXXXXX
HCoV-229E,XXXXXXXXXXXXXXXXXXXXXXXXXXXXXXXXXXXXXXXXXXXXXXXXXXXXXXXXXXXXXXXXXXXXXXXXXXXX
HCoV-229E,XXXXXXXXXXXXXXXXXXXXXXXXXXXXXXXXXXXXXXXXXXXXXXXXXXXXXXXXXXXXXXXXXXXXXXXXXXX
HCoV-229E,XXXXXXXXXXXXXXXXXXXXXXXXXXXXXXXXXXXXXXXXXXXXXXXXXXXXXXXXXXXXXXXXXXXXXXXXXX
HCoV-229E,XXXXXXXXXXXXXXXXXXXXXXXXXXXXXXXXXXXXXXXXXXXXXXXXXXXXXXXXXXXXXXXXXXXXXXXXX
HCoV-229E,XXXXXXXXXXXXXXXXXXXXXXXXXXXXXXXXXXXXXXXXXXXXXXXXXXXXXXXXXXXXXXXXXXXXXXXX
HCoV-229E,XXXXXXXXXXXXXXXXXXXXXXXXXXXXXXXXXXXXXXXXXXXXXXXXXXXXXXXXXXXXXXXXXXXXXXX
HCoV-229E,XXXXXXXXXXXXXXXXXXXXXXXXXXXXXXXXXXXXXXXXXXXXXXXXXXXXXXXXXXXXXXXXXXXXXX
HCoV-229E,XXXXXXXXXXXXXXXXXXXXXXXXXXXXXXXXXXXXXXXXXXXXXXXXXXXXXXXXXXXXXXXXXXXXX
HCoV-229E,XXXXXXXXXXXXXXXXXXXXXXXXXXXXXXXXXXXXXXXXXXXXXXXXXXXXXXXXXXXXXXXXXXXX
HCoV-229E,XXXXXXXXXXXXXXXXXXXXXXXXXXXXXXXXXXXXXXXXXXXXXXXXXXXXXXXXXXXXXXXXXXX
HCoV-229E,XXXXXXXXXXXXXXXXXXXXXXXXXXXXXXXXXXXXXXXXXXXXXXXXXXXXXXXXXXXXXXXXXX
HCoV-229E,XXXXXXXXXXXXXXXXXXXXXXXXXXXXXXXXXXXXXXXXXXXXXXXXXXXXXXXXXXXXXXXXX
HCoV-229E,XXXXXXXXXXXXXXXXXXXXXXXXXXXXXXXXXXXXXXXXXXXXXXXXXXXXXXXXXXXXXXXX
HCoV-229E,XXXXXXXXXXXXXXXXXXXXXXXXXXXXXXXXXXXXXXXXXXXXXXXXXXXXXXXXXXXXXXX
HCoV-229E,XXXXXXXXXXXXXXXXXXXXXXXXXXXXXXXXXXXXXXXXXXXXXXXXXXXXXXXXXXXXXX
HCoV-229E,XXXXXXXXXXXXXXXXXXXXXXXXXXXXXXXXXXXXXXXXXXXXXXXXXXXXXXXXXXXXX
HCoV-229E,XXXXXXXXXXXXXXXXXXXXXXXXXXXXXXXXXXXXXXXXXXXXXXXXXXXXXXXXXXXX
HCoV-229E,XXXXXXXXXXXXXXXXXXXXXXXXXXXXXXXXXXXXXXXXXXXXXXXXXXXXXXXXXXX
HCoV-229E,XXXXXXXXXXXXXXXXXXXXXXXXXXXXXXXXXXXXXXXXXXXXXXXXXXXXXXXXXX
HCoV-229E,XXXXXXXXXXXXXXXXXXXXXXXXXXXXXXXXXXXXXXXXXXXXXXXXXXXXXXXXX
HCoV-229E,XXXXXXXXXXXXXXXXXXXXXXXXXXXXXXXXXXXXXXXXXXXXXXXXXXXXXXXX
HCoV-229E,XXXXXXXXXXXXXXXXXXXXXXXXXXXXXXXXXXXXXXXXXXXXXXXXXXXXXXX
HCoV-229E,XXXXXXXXXXXXXXXXXXXXXXXXXXXXXXXXXXXXXXXXXXXXXXXXXXXXXX
HCoV-229E,XXXXXXXXXXXXXXXXXXXXXXXXXXXXXXXXXXXXXXXXXXXXXXXXXXXXX
HCoV-229E,XXXXXXXXXXXXXXXXXXXXXXXXXXXXXXXXXXXXXXXXXXXXXXXXXXXX
HCoV-229E,XXXXXXXXXXXXXXXXXXXXXXXXXXXXXXXXXXXXXXXXXXXXXXXXXXX
HCoV-229E,XXXXXXXXXXXXXXXXXXXXXXXXXXXXXXXXXXXXXXXXXXXXXXXXXX
HCoV-229E,XXXXXXXXXXXXXXXXXXXXXXXXXXXXXXXXXXXXXXXXXXXXXXXXX
HCoV-229E,XXXXXXXXXXXXXXXXXXXXXXXXXXXXXXXXXXXXXXXXXXXXXXXX
HCoV-229E,XXXXXXXXXXXXXXXXXXXXXXXXXXXXXXXXXXXXXXXXXXXXXXX
HCoV-229E,XXXXXXXXXXXXXXXXXXXXXXXXXXXXXXXXXXXXXXXXXXXXXX
HCoV-229E,XXXXXXXXXXXXXXXXXXXXXXXXXXXXXXXXXXXXXXXXXXXXX
HCoV-229E,XXXXXXXXXXXXXXXXXXXXXXXXXXXXXXXXXXXXXXXXXXXX
HCoV-229E,XXXXXXXXXXXXXXXXXXXXXXXXXXXXXXXXXXXXXXXXXXX
HCoV-229E,XXXXXXXXXXXXXXXXXXXXXXXXXXXXXXXXXXXXXXXXXX
HCoV-229E,XXXXXXXXXXXXXXXXXXXXXXXXXXXXXXXXXXXXXXXXXX
HCoV-229E,XXXXXXXXXXXXXXXXXXXXXXXXXXXXXXXXXXXXXXXXXX
HCoV-229E,XXXXXXXXXXXXXXXXXXXXXXXXXXXXXXXXXXXXXXXXXX
HCoV-229E,XXXXXXXXXXXXXXXXXXXXXXXXXXXXXXXXXXXXXXXXXX
HCoV-229E,XXXXXXXXXXXXXXXXXXXXXXXXXXXXXXXXXXXXXXXXXX
HCoV-229E,XXXXXXXXXXXXXXXXXXXXXXXXXXXXXXXXXXXXXXXXXX
HCoV-229E,XXXXXXXXXXXXXXXXXXXXXXXXXXXXXXXXXXXXXXXXXX
HCoV-229E,XXXXXXXXXXXXXXXXXXXXXXXXXXXXXXXXXXXXXXXXXX
HCoV-229E,XXXXXXXXXXXXXXXXXXXXXXXXXXXXXXXXXXXXXXXXXX
HCoV-229E,XXXXXXXXXXXXXXXXXXXXXXXXXXXXXXXXXXXXXXXXXX
HCoV-229E,XXXXXXXXXXXXXXXXXXXXXXXXXXXXXXXXXXXXXXXXXX
HCoV-229E,XXXXXXXXXXXXXXXXXXXXXXXXXXXXXXXXXXXXXXXXXX
HCoV-229E,XXXXXXXXXXXXXXXXXXXXXXXXXXXXXXXXXXXXXXXXXX
HCoV-229E,XXXXXXXXXXXXXXXXXXXXXXXXXXXXXXXXXXXXXXXXXX
HCoV-229E,XXXXXXXXXXXXXXXXXXXXXXXXXXXXXXXXXXXXXXXXXX
HCoV-229E,XXXXXXXXXXXXXXXXXXXXXXXXXXXXXXXXXXXXXXXXXX
HCoV-229E,XXXXXXXXXXXXXXXXXXXXXXXXXXXXXXXXXXXXXXXXXX
HCoV-229E,XXXXXXXXXXXXXXXXXXXXXXXXXXXXXXXXXXXXXXXXXX
HCoV-229E,XXXXXXXXXXXXXXXXXXXXXXXXXXXXXXXXXXXXXXXXXX
HCoV-229E,XXXXXXXXXXXXXXXXXXXXXXXXXXXXXXXXXXXXXXXXXX
HCoV-229E,XXXXXXXXXXXXXXXXXXXXXXXXXXXXXXXXXXXXXXXXXX
HCoV-229E,XXXXXXXXXXXXXXXXXXXXXXXXXXXXXXXXXXXXXXXXXX
HCoV-229E,XXXXXXXXXXXXXXXXXXXXXXXXXXXXXXXXXXXXXXXXXX
HCoV-229E,XXXXXXXXXXXXXXXXXXXXXXXXXXXXXXXXXXXXXXXXXX
HCoV-229E,XXXXXXXXXXXXXXXXXXXXXXXXXXXXXXXXXXXXXXXXXX
HCoV-229E,XXXXXXXXXXXXXXXXXXXXXXXXXXXXXXXXXXXXXXXXXX
HCoV-229E,XXXXXXXXXXXXXXXXXXXXXXXXXXXXXXXXXXXXXXXXXX
HCoV-229E,XXXXXXXXXXXXXXXXXXXXXXXXXXXXXXXXXXXXXXXXXX
HCoV-229E,XXXXXXXXXXXXXXXXXXXXXXXXXXXXXXXXXXXXXXXXXX
HCoV-229E,XXXXXXXXXXXXXXXXXXXXXXXXXXXXXXXXXXXXXXXXXX
HCoV-229E,XXXXXXXXXXXXXXXXXXXXXXXXXXXXXXXXXXXXXXXXXX
HCoV-229E,XXXXXXXXXXXXXXXXXXXXXXXXXXXXXXXXXXXXXXXXXX
HCoV-229E,XXXXXXXXXXXXXXXXXXXXXXXXXXXXXXXXXXXXXXXXXX
HCoV-229E,XXXXXXXXXXXXXXXXXXXXXXXXXXXXXXXXXXXXXXXXXX
HCoV-229E,XXXXXXXXXXXXXXXXXXXXXXXXXXXXXXXXXXXXXXXXXX
HCoV-229E,XXXXXXXXXXXXXXXXXXXXXXXXXXXXXXXXXXXXXXXXXX
HCoV-229E,XXXXXXXXXXXXXXXXXXXXXXXXXXXXXXXXXXXXXXXXXX
HCoV-229E,XXXXXXXXXXXXXXXXXXXXXXXXXXXXXXXXXXXXXXXXXX
HCoV-229E,XXXXXXXXXXXXXXXXXXXXXXXXXXXXXXXXXXXXXXXXXX
HCoV-229E,XXXXXXXXXXXXXXXXXXXXXXXXXXXXXXXXXXXXXXXXXX
HCoV-229E,XXXXXXXXXXXXXXXXXXXXXXXXXXXXXXXXXXXXXXXXXX
HCoV-229E,XXXXXXXXXXXXXXXXXXXXXXXXXXXXXXXXXXXXXXXXXX
HCoV-229E,XXXXXXXXXXXXXXXXXXXXXXXXXXXXXXXXXXXXXXXXXX
HCoV-229E,XXXXXXXXXXXXXXXXXXXXXXXXXXXXXXXXXXXXXXXXXX
HCoV-229E,XXXXXXXXXXXXXXXXXXXXXXXXXXXXXXXXXXXXXXXXXX
HCoV-229E,XXXXXXXXXXXXXXXXXXXXXXXXXXXXXXXXXXXXXXXXXX
HCoV-229E,XXXXXXXXXXXXXXXXXXXXXXXXXXXXXXXXXXXXXXXXXX
HCoV-229E,XXXXXXXXXXXXXXXXXXXXXXXXXXXXXXXXXXXXXXXXXX
HCoV-229E,XXXXXXXXXXXXXXXXXXXXXXXXXXXXXXXXXXXXXXXXXX
HCoV-229E,XXXXXXXXXXXXXXXXXXXXXXXXXXXXXXXXXXXXXXXXXX
HCoV-229E,XXXXXXXXXXXXXXXXXXXXXXXXXXXXXXXXXXXXXXXXXX
HCoV-229E,XXXXXXXXXXXXXXXXXXXXXXXXXXXXXXXXXXXXXXXXXX
HCoV-229E,XXXXXXXXXXXXXXXXXXXXXXXXXXXXXXXXXXXXXXXXXX
HCoV-229E,XXXXXXXXXXXXXXXXXXXXXXXXXXXXXXXXXXXXXXXXXX
HCoV-229E,XXXXXXXXXXXXXXXXXXXXXXXXXXXXXXXXXXXXXXXXXX
HCoV-229E,XXXXXXXXXXXXXXXXXXXXXXXXXXXXXXXXXXXXXXXXXX
HCoV-229E,XXXXXXXXXXXXXXXXXXXXXXXXXXXXXXXXXXXXXXXXXX
HCoV-229E,XXXXXXXXXXXXXXXXXXXXXXXXXXXXXXXXXXXXXXXXXX
HCoV-229E,XXXXXXXXXXXXXXXXXXXXXXXXXXXXXXXXXXXXXXXXXX
HCoV-229E,XXXXXXXXXXXXXXXXXXXXXXXXXXXXXXXXXXXXXXXXXX
HCoV-229E,XXXXXXXXXXXXXXXXXXXXXXXXXXXXXXXXXXXXXXXXXX
HCoV-229E,XXXXXXXXXXXXXXXXXXXXXXXXXXXXXXXXXXXXXXXXXX
HCoV-229E,XXXXXXXXXXXXXXXXXXXXXXXXXXXXXXXXXXXXXXXXXX
HCoV-229E,XXXXXXXXXXXXXXXXXXXXXXXXXXXXXXXXXXXXXXXXXX
HCoV-229E,XXXXXXXXXXXXXXXXXXXXXXXXXXXXXXXXXXXXXXXXXX
HCoV-229E,XXXXXXXXXXXXXXXXXXXXXXXXXXXXXXXXXXXXXXXXXX
HCoV-229E,XXXXXXXXXXXXXXXXXXXXXXXXXXXXXXXXXXXXXXXXXX
HCoV-229E,XXXXXXXXXXXXXXXXXXXXXXXXXXXXXXXXXXXXXXXXXX
HCoV-229E,XXXXXXXXXXXXXXXXXXXXXXXXXXXXXXXXXXXXXXXXXX
HCoV-229E,XXXXXXXXXXXXXXXXXXXXXXXXXXXXXXXXXXXXXXXXXX
HCoV-229E,XXXXXXXXXXXXXXXXXXXXXXXXXXXXXXXXXXXXXXXXXX
HCoV-229E,XXXXXXXXXXXXXXXXXXXXXXXXXXXXXXXXXXXXXXXXXX
HCoV-229E,XXXXXXXXXXXXXXXXXXXXXXXXXXXXXXXXXXXXXXXXXX
HCoV-229E,XXXXXXXXXXXXXXXXXXXXXXXXXXXXXXXXXXXXXXXXXX
HCoV-229E,XXXXXXXXXXXXXXXXXXXXXXXXXXXXXXXXXXXXXXXXXX
HCoV-229E,XXXXXXXXXXXXXXXXXXXXXXXXXXXXXXXXXXXXXXXXXX
HCoV-229E,XXXXXXXXXXXXXXXXXXXXXXXXXXXXXXXXXXXXXXXXXX
HCoV-229E,XXXXXXXXXXXXXXXXXXXXXXXXXXXXXXXXXXXXXXXXXX
HCoV-229E,XXXXXXXXXXXXXXXXXXXXXXXXXXXXXXXXXXXXXXXXXX
HCoV-229E,XXXXXXXXXXXXXXXXXXXXXXXXXXXXXXXXXXXXXXXXXX
HCoV-229E,XXXXXXXXXXXXXXXXXXXXXXXXXXXXXXXXXXXXXXXXXX
HCoV-229E,XXXXXXXXXXXXXXXXXXXXXXXXXXXXXXXXXXXXXXXXXX
HCoV-229E,XXXXXXXXXXXXXXXXXXXXXXXXXXXXXXXXXXXXXXXXXX
HCoV-229E,XXXXXXXXXXXXXXXXXXXXXXXXXXXXXXXXXXXXXXXXXX
HCoV-229E,XXXXXXXXXXXXXXXXXXXXXXXXXXXXXXXXXXXXXXXXXX
HCoV-229E,XXXXXXXXXXXXXXXXXXXXXXXXXXXXXXXXXXXXXXXXXX
HCoV-229E,XXXXXXXXXXXXXXXXXXXXXXXXXXXXXXXXXXXXXXXXX
HCoV-229E,XXXXXXXXXXXXXXXXXXXXXXXXXXXXXXXXXXXXXXXXX
HCoV-229E,XXXXXXXXXXXXXXXXXXXXXXXXXXXXXXXXXXXXXXXXX
HCoV-229E,XXXXXXXXXXXXXXXXXXXXXXXXXXXXXXXXXXXXXXXXX
HCoV-229E,XXXXXXXXXXXXXXXXXXXXXXXXXXXXXXXXXXXXXXXX
HCoV-229E,XXXXXXXXXXXXXXXXXXXXXXXXXXXXXXXXXXXXXXXX
HCoV-229E,XXXXXXXXXXXXXXXXXXXXXXXXXXXXXXXXXXXXXXXX
HCoV-229E,XXXXXXXXXXXXXXXXXXXXXXXXXXXXXXXXXXXXXXXX
HCoV-229E,XXXXXXXXXXXXXXXXXXXXXXXXXXXXXXXXXXXXXXX
HCoV-229E,XXXXXXXXXXXXXXXXXXXXXXXXXXXXXXXXXXXXXXX
HCoV-229E,XXXXXXXXXXXXXXXXXXXXXXXXXXXXXXXXXXXXXXX
HCoV-229E,XXXXXXXXXXXXXXXXXXXXXXXXXXXXXXXXXXXXXXX
HCoV-229E,XXXXXXXXXXXXXXXXXXXXXXXXXXXXXXXXXXXXXX
HCoV-229E,XXXXXXXXXXXXXXXXXXXXXXXXXXXXXXXXXXXXXX
HCoV-229E,XXXXXXXXXXXXXXXXXXXXXXXXXXXXXXXXXXXXXX
HCoV-229E,XXXXXXXXXXXXXXXXXXXXXXXXXXXXXXXXXXXXXX
HCoV-229E,XXXXXXXXXXXXXXXXXXXXXXXXXXXXXXXXXXXXX
HCoV-229E,XXXXXXXXXXXXXXXXXXXXXXXXXXXXXXXXXXXXX
HCoV-229E,XXXXXXXXXXXXXXXXXXXXXXXXXXXXXXXXXXXXX
HCoV-229E,XXXXXXXXXXXXXXXXXXXXXXXXXXXXXXXXXXXXX
HCoV-229E,XXXXXXXXXXXXXXXXXXXXXXXXXXXXXXXXXXXX
HCoV-229E,XXXXXXXXXXXXXXXXXXXXXXXXXXXXXXXXXXXX
HCoV-229E,XXXXXXXXXXXXXXXXXXXXXXXXXXXXXXXXXXXX
HCoV-229E,XXXXXXXXXXXXXXXXXXXXXXXXXXXXXXXXXXXX
HCoV-229E,XXXXXXXXXXXXXXXXXXXXXXXXXXXXXXXXXXX
HCoV-229E,XXXXXXXXXXXXXXXXXXXXXXXXXXXXXXXXXXX
HCoV-229E,XXXXXXXXXXXXXXXXXXXXXXXXXXXXXXXXXXX
HCoV-229E,XXXXXXXXXXXXXXXXXXXXXXXXXXXXXXXXXXX
HCoV-229E,XXXXXXXXXXXXXXXXXXXXXXXXXXXXXXXXXX
HCoV-229E,XXXXXXXXXXXXXXXXXXXXXXXXXXXXXXXXXX
HCoV-229E,XXXXXXXXXXXXXXXXXXXXXXXXXXXXXXXXXX
HCoV-229E,XXXXXXXXXXXXXXXXXXXXXXXXXXXXXXXXXX
HCoV-229E,XXXXXXXXXXXXXXXXXXXXXXXXXXXXXXXXX
HCoV-229E,XXXXXXXXXXXXXXXXXXXXXXXXXXXXXXXXX
HCoV-229E,XXXXXXXXXXXXXXXXXXXXXXXXXXXXXXXXX
HCoV-229E,XXXXXXXXXXXXXXXXXXXXXXXXXXXXXXXXX
HCoV-229E,XXXXXXXXXXXXXXXXXXXXXXXXXXXXXXXX
HCoV-229E,XXXXXXXXXXXXXXXXXXXXXXXXXXXXXXXX
HCoV-229E,XXXXXXXXXXXXXXXXXXXXXXXXXXXXXXXX
HCoV-229E,XXXXXXXXXXXXXXXXXXXXXXXXXXXXXXXX
HCoV-229E,XXXXXXXXXXXXXXXXXXXXXXXXXXXXXXX
HCoV-229E,XXXXXXXXXXXXXXXXXXXXXXXXXXXXXXX
HCoV-229E,XXXXXXXXXXXXXXXXXXXXXXXXXXXXXXX
HCoV-229E,XXXXXXXXXXXXXXXXXXXXXXXXXXXXXXX
HCoV-229E,XXXXXXXXXXXXXXXXXXXXXXXXXXXXXX
HCoV-229E,XXXXXXXXXXXXXXXXXXXXXXXXXXXXXX
HCoV-229E,XXXXXXXXXXXXXXXXXXXXXXXXXXXXXX
HCoV-229E,XXXXXXXXXXXXXXXXXXXXXXXXXXXXXX
HCoV-229E,XXXXXXXXXXXXXXXXXXXXXXXXXXXXX
HCoV-229E,XXXXXXXXXXXXXXXXXXXXXXXXXXXXX
HCoV-229E,XXXXXXXXXXXXXXXXXXXXXXXXXXXXX
HCoV-229E,XXXXXXXXXXXXXXXXXXXXXXXXXXXXX
HCoV-229E,XXXXXXXXXXXXXXXXXXXXXXXXXXXX
HCoV-229E,XXXXXXXXXXXXXXXXXXXXXXXXXXXX
HCoV-229E,XXXXXXXXXXXXXXXXXXXXXXXXXXXX
HCoV-229E,XXXXXXXXXXXXXXXXXXXXXXXXXXXX
HCoV-229E,XXXXXXXXXXXXXXXXXXXXXXXXXXX
HCoV-229E,XXXXXXXXXXXXXXXXXXXXXXXXXXX
HCoV-229E,XXXXXXXXXXXXXXXXXXXXXXXXXXX
HCoV-229E,XXXXXXXXXXXXXXXXXXXXXXXXXXX
HCoV-229E,XXXXXXXXXXXXXXXXXXXXXXXXXX
HCoV-229E,XXXXXXXXXXXXXXXXXXXXXXXXXX
HCoV-229E,XXXXXXXXXXXXXXXXXXXXXXXXXX
HCoV-229E,XXXXXXXXXXXXXXXXXXXXXXXXXX
HCoV-229E,XXXXXXXXXXXXXXXXXXXXXXXXX
HCoV-229E,XXXXXXXXXXXXXXXXXXXXXXXXX
HCoV-229E,XXXXXXXXXXXXXXXXXXXXXXXXX
HCoV-229E,XXXXXXXXXXXXXXXXXXXXXXXXX
HCoV-229E,XXXXXXXXXXXXXXXXXXXXXXXX
HCoV-229E,XXXXXXXXXXXXXXXXXXXXXXXX
HCoV-229E,XXXXXXXXXXXXXXXXXXXXXXXX
HCoV-229E,XXXXXXXXXXXXXXXXXXXXXXXX
HCoV-229E,XXXXXXXXXXXXXXXXXXXXXXXX
HCoV-229E,XXXXXXXXXXXXXXXXXXXXXXXX
HCoV-229E,XXXXXXXXXXXXXXXXXXXXXXXX
HCoV-229E,XXXXXXXXXXXXXXXXXXXXXXXX
HCoV-229E,XXXXXXXXXXXXXXXXXXXXXXXX
HCoV-229E,XXXXXXXXXXXXXXXXXXXXXXXX
HCoV-229E,XXXXXXXXXXXXXXXXXXXXXXXX
HCoV-229E,XXXXXXXXXXXXXXXXXXXXXXXX
HCoV-229E,XXXXXXXXXXXXXXXXXXXXXXXX
HCoV-229E,XXXXXXXXXXXXXXXXXXXXXXXX
HCoV-229E,XXXXXXXXXXXXXXXXXXXXXXXX
HCoV-229E,XXXXXXXXXXXXXXXXXXXXXXXX
HCoV-229E,XXXXXXXXXXXXXXXXXXXXXXXX
HCoV-229E,XXXXXXXXXXXXXXXXXXXXXXXX
HCoV-229E,XXXXXXXXXXXXXXXXXXXXXXXX
HCoV-229E,XXXXXXXXXXXXXXXXXXXXXXXX
HCoV-229E,XXXXXXXXXXXXXXXXXXXXXXXX
HCoV-229E,XXXXXXXXXXXXXXXXXXXXXXXX
HCoV-229E,XXXXXXXXXXXXXXXXXXXXXXXX
HCoV-229E,XXXXXXXXXXXXXXXXXXXXXXXX
HCoV-229E,XXXXXXXXXXXXXXXXXXXXXXXX
HCoV-229E,XXXXXXXXXXXXXXXXXXXXXXXX
HCoV-229E,XXXXXXXXXXXXXXXXXXXXXXXX
HCoV-229E,XXXXXXXXXXXXXXXXXXXXXXXX
HCoV-229E,XXXXXXXXXXXXXXXXXXXXXXXX
HCoV-229E,XXXXXXXXXXXXXXXXXXXXXXXX
HCoV-229E,XXXXXXXXXXXXXXXXXXXXXXXX
HCoV-229E,XXXXXXXXXXXXXXXXXXXXXXXX
HCoV-229E,XXXXXXXXXXXXXXXXXXXXXXXX
HCoV-229E,XXXXXXXXXXXXXXXXXXXXXXXX
HCoV-229E,XXXXXXXXXXXXXXXXXXXXXXXX
HCoV-229E,XXXXXXXXXXXXXXXXXXXXXXXX
HCoV-229E,XXXXXXXXXXXXXXXXXXXXXXXX
HCoV-229E,XXXXXXXXXXXXXXXXXXXXXXXX
HCoV-229E,XXXXXXXXXXXXXXXXXXXXXXXX
HCoV-229E,XXXXXXXXXXXXXXXXXXXXXXXX
HCoV-229E,XXXXXXXXXXXXXXXXXXXXXXXX
HCoV-229E,XXXXXXXXXXXXXXXXXXXXXXXX
HCoV-229E,XXXXXXXXXXXXXXXXXXXXXXXX
HCoV-229E,XXXXXXXXXXXXXXXXXXXXXXXX
HCoV-229E,XXXXXXXXXXXXXXXXXXXXXXXX
HCoV-229E,XXXXXXXXXXXXXXXXXXXXXXXX
HCoV-229E,XXXXXXXXXXXXXXXXXXXXXXXX
HCoV-229E,XXXXXXXXXXXXXXXXXXXXXXXX
HCoV-229E,XXXXXXXXXXXXXXXXXXXXXXXX
HCoV-229E,XXXXXXXXXXXXXXXXXXXXXXXX
HCoV-229E,XXXXXXXXXXXXXXXXXXXXXXXX
HCoV-229E,XXXXXXXXXXXXXXXXXXXXXXXX
HCoV-229E,XXXXXXXXXXXXXXXXXXXXXXXX
HCoV-229E,XXXXXXXXXXXXXXXXXXXXXXXX
HCoV-229E,XXXXXXXXXXXXXXXXXXXXXXXX
HCoV-229E,XXXXXXXXXXXXXXXXXXXXXXXX
HCoV-229E,XXXXXXXXXXXXXXXXXXXXXXXX
HCoV-229E,XXXXXXXXXXXXXXXXXXXXXXXX
HCoV-229E,XXXXXXXXXXXXXXXXXXXXXXXX
HCoV-229E,XXXXXXXXXXXXXXXXXXXXXXXX
HCoV-229E,XXXXXXXXXXXXXXXXXXXXXXXX
HCoV-229E,XXXXXXXXXXXXXXXXXXXXXXXX
HCoV-229E,XXXXXXXXXXXXXXXXXXXXXXXX
HCoV-229E,XXXXXXXXXXXXXXXXXXXXXXXX
HCoV-229E,XXXXXXXXXXXXXXXXXXXXXXXX
HCoV-229E,XXXXXXXXXXXXXXXXXXXXXXXX
HCoV-229E,XXXXXXXXXXXXXXXXXXXXXXXX
HCoV-229E,XXXXXXXXXXXXXXXXXXXXXXXX
HCoV-229E,XXXXXXXXXXXXXXXXXXXXXXXX
HCoV-229E,XXXXXXXXXXXXXXXXXXXXXXXX
HCoV-229E,XXXXXXXXXXXXXXXXXXXXXXXX
HCoV-229E,XXXXXXXXXXXXXXXXXXXXXXXX
HCoV-229E,XXXXXXXXXXXXXXXXXXXXXXXX
HCoV-229E,XXXXXXXXXXXXXXXXXXXXXXXX
HCoV-229E,XXXXXXXXXXXXXXXXXXXXXXXX
HCoV-229E,XXXXXXXXXXXXXXXXXXXXXXXX
HCoV-229E,XXXXXXXXXXXXXXXXXXXXXXXX
HCoV-229E,XXXXXXXXXXXXXXXXXXXXXXXX
HCoV-229E,XXXXXXXXXXXXXXXXXXXXXXXX
HCoV-229E,XXXXXXXXXXXXXXXXXXXXXXXX
HCoV-229E,XXXXXXXXXXXXXXXXXXXXXXXX
HCoV-229E,XXXXXXXXXXXXXXXXXXXXXXXX
HCoV-229E,XXXXXXXXXXXXXXXXXXXXXXXX
HCoV-229E,XXXXXXXXXXXXXXXXXXXXXXXX
HCoV-229E,XXXXXXXXXXXXXXXXXXXXXXXX
HCoV-229E,XXXXXXXXXXXXXXXXXXXXXXXX
HCoV-229E,XXXXXXXXXXXXXXXXXXXXXXXX
HCoV-229E,XXXXXXXXXXXXXXXXXXXXXXXX
HCoV-229E,XXXXXXXXXXXXXXXXXXXXXXXX
HCoV-229E,XXXXXXXXXXXXXXXXXXXXXXXX
HCoV-229E,XXXXXXXXXXXXXXXXXXXXXXXX
HCoV-229E,XXXXXXXXXXXXXXXXXXXXXXXX
HCoV-229E,XXXXXXXXXXXXXXXXXXXXXXXX
HCoV-229E,XXXXXXXXXXXXXXXXXXXXXXXX
HCoV-229E,XXXXXXXXXXXXXXXXXXXXXXXX
HCoV-229E,XXXXXXXXXXXXXXXXXXXXXXXX
HCoV-229E,XXXXXXXXXXXXXXXXXXXXXXXX
HCoV-229E,XXXXXXXXXXXXXXXXXXXXXXXX
HCoV-229E,XXXXXXXXXXXXXXXXXXXXXXXX
HCoV-229E,XXXXXXXXXXXXXXXXXXXXXXXX
HCoV-229E,XXXXXXXXXXXXXXXXXXXXXXXX
HCoV-229E,XXXXXXXXXXXXXXXXXXXXXXXX
HCoV-229E,XXXXXXXXXXXXXXXXXXXXXXXX
HCoV-229E,XXXXXXXXXXXXXXXXXXXXXXXX
HCoV-229E,XXXXXXXXXXXXXXXXXXXXXXXX
HCoV-229E,XXXXXXXXXXXXXXXXXXXXXXXX
HCoV-229E,XXXXXXXXXXXXXXXXXXXXXXXX
HCoV-229E,XXXXXXXXXXXXXXXXXXXXXXXX
HCoV-229E,XXXXXXXXXXXXXXXXXXXXXXXX
HCoV-229E,XXXXXXXXXXXXXXXXXXXXXXXX
HCoV-229E,XXXXXXXXXXXXXXXXXXXXXXXX
HCoV-229E,XXXXXXXXXXXXXXXXXXXXXXXX
HCoV-229E,XXXXXXXXXXXXXXXXXXXXXXXX
HCoV-229E,XXXXXXXXXXXXXXXXXXXXXXXX
HCoV-229E,XXXXXXXXXXXXXXXXXXXXXXXX
HCoV-229E,XXXXXXXXXXXXXXXXXXXXXXXX
HCoV-229E,XXXXXXXXXXXXXXXXXXXXXXXX
HCoV-229E,XXXXXXXXXXXXXXXXXXXXXXXX
HCoV-229E,XXXXXXXXXXXXXXXXXXXXXXXX
HCoV-229E,XXXXXXXXXXXXXXXXXXXXXXXX
HCoV-229E,XXXXXXXXXXXXXXXXXXXXXXXX
HCoV-229E,XXXXXXXXXXXXXXXXXXXXXXXX
HCoV-229E,XXXXXXXXXXXXXXXXXXXXXXXX
HCoV-229E,XXXXXXXXXXXXXXXXXXXXXXXX
HCoV-229E,XXXXXXXXXXXXXXXXXXXXXXXX
HCoV-229E,XXXXXXXXXXXXXXXXXXXXXXX
HCoV-229E,XXXXXXXXXXXXXXXXXXXXXXX
HCoV-229E,XXXXXXXXXXXXXXXXXXXXXXX
HCoV-229E,XXXXXXXXXXXXXXXXXXXXXXX
HCoV-229E,XXXXXXXXXXXXXXXXXXXXXXX
HCoV-229E,XXXXXXXXXXXXXXXXXXXXXXX
HCoV-229E,XXXXXXXXXXXXXXXXXXXXXXX
HCoV-229E,XXXXXXXXXXXXXXXXXXXXXXX
HCoV-229E,XXXXXXXXXXXXXXXXXXXXXXX
HCoV-229E,XXXXXXXXXXXXXXXXXXXXXX
HCoV-229E,XXXXXXXXXXXXXXXXXXXXXX
HCoV-229E,XXXXXXXXXXXXXXXXXXXXXX
HCoV-229E,XXXXXXXXXXXXXXXXXXXXXX
HCoV-229E,XXXXXXXXXXXXXXXXXXXXXX
HCoV-229E,XXXXXXXXXXXXXXXXXXXXXX
HCoV-229E,XXXXXXXXXXXXXXXXXXXXXX
HCoV-229E,XXXXXXXXXXXXXXXXXXXXXX
HCoV-229E,XXXXXXXXXXXXXXXXXXXXXX
HCoV-229E,XXXXXXXXXXXXXXXXXXXXX
HCoV-229E,XXXXXXXXXXXXXXXXXXXXX
HCoV-229E,XXXXXXXXXXXXXXXXXXXXX
HCoV-229E,XXXXXXXXXXXXXXXXXXXXX
HCoV-229E,XXXXXXXXXXXXXXXXXXXXX
HCoV-229E,XXXXXXXXXXXXXXXXXXXXX
HCoV-229E,XXXXXXXXXXXXXXXXXXXXX
HCoV-229E,XXXXXXXXXXXXXXXXXXXXX
HCoV-229E,XXXXXXXXXXXXXXXXXXXXX
HCoV-229E,XXXXXXXXXXXXXXXXXXXX
HCoV-229E,XXXXXXXXXXXXXXXXXXXX
HCoV-229E,XXXXXXXXXXXXXXXXXXXX
HCoV-229E,XXXXXXXXXXXXXXXXXXXX
HCoV-229E,XXXXXXXXXXXXXXXXXXXX
HCoV-229E,XXXXXXXXXXXXXXXXXXXX
HCoV-229E,XXXXXXXXXXXXXXXXXXXX
HCoV-229E,XXXXXXXXXXXXXXXXXXXX
HCoV-229E,XXXXXXXXXXXXXXXXXXXX
HCoV-229E,XXXXXXXXXXXXXXXXXXX
HCoV-229E,XXXXXXXXXXXXXXXXXXX
HCoV-229E,XXXXXXXXXXXXXXXXXXX
HCoV-229E,XXXXXXXXXXXXXXXXXXX
HCoV-229E,XXXXXXXXXXXXXXXXXXX
HCoV-229E,XXXXXXXXXXXXXXXXXXX
HCoV-229E,XXXXXXXXXXXXXXXXXXX
HCoV-229E,XXXXXXXXXXXXXXXXXXX
HCoV-229E,XXXXXXXXXXXXXXXXXXX
HCoV-229E,XXXXXXXXXXXXXXXXXX
HCoV-229E,XXXXXXXXXXXXXXXXXX
HCoV-229E,XXXXXXXXXXXXXXXXXX
HCoV-229E,XXXXXXXXXXXXXXXXXX
HCoV-229E,XXXXXXXXXXXXXXXXXX
HCoV-229E,XXXXXXXXXXXXXXXXXX
HCoV-229E,XXXXXXXXXXXXXXXXXX
HCoV-229E,XXXXXXXXXXXXXXXXXX
HCoV-229E,XXXXXXXXXXXXXXXXXX
HCoV-229E,XXXXXXXXXXXXXXXXXX
HCoV-229E,XXXXXXXXXXXXXXXXXX
HCoV-229E,XXXXXXXXXXXXXXXXXX
HCoV-229E,XXXXXXXXXXXXXXXXXX
HCoV-229E,XXXXXXXXXXXXXXXXXX
HCoV-229E,XXXXXXXXXXXXXXXXXX
HCoV-229E,XXXXXXXXXXXXXXXXXX
HCoV-229E,XXXXXXXXXXXXXXXXXX
HCoV-229E,XXXXXXXXXXXXXXXXXX
HCoV-229E,XXXXXXXXXXXXXXXXXX
HCoV-229E,XXXXXXXXXXXXXXXXXX
HCoV-229E,XXXXXXXXXXXXXXXXXX
HCoV-229E,XXXXXXXXXXXXXXXXXX
HCoV-229E,XXXXXXXXXXXXXXXXXX
HCoV-229E,XXXXXXXXXXXXXXXXXX
HCoV-229E,XXXXXXXXXXXXXXXXXX
HCoV-229E,XXXXXXXXXXXXXXXXXX
HCoV-229E,XXXXXXXXXXXXXXXXXX
HCoV-229E,XXXXXXXXXXXXXXXXXX
HCoV-229E,XXXXXXXXXXXXXXXXXX
HCoV-229E,XXXXXXXXXXXXXXXXXX
HCoV-229E,XXXXXXXXXXXXXXXXXX
HCoV-229E,XXXXXXXXXXXXXXXXXX
HCoV-229E,XXXXXXXXXXXXXXXXXX
HCoV-229E,XXXXXXXXXXXXXXXXXX
HCoV-229E,XXXXXXXXXXXXXXXXXX
HCoV-229E,XXXXXXXXXXXXXXXXXX
HCoV-229E,XXXXXXXXXXXXXXXXXX
HCoV-229E,XXXXXXXXXXXXXXXXXX
HCoV-229E,XXXXXXXXXXXXXXXXXX
HCoV-229E,XXXXXXXXXXXXXXXXXX
HCoV-229E,XXXXXXXXXXXXXXXXXX
HCoV-229E,XXXXXXXXXXXXXXXXXX
HCoV-229E,XXXXXXXXXXXXXXXXXX
HCoV-229E,XXXXXXXXXXXXXXXXXX
HCoV-229E,XXXXXXXXXXXXXXXXXX
HCoV-229E,XXXXXXXXXXXXXXXXXX
HCoV-229E,XXXXXXXXXXXXXXXXXX
HCoV-229E,XXXXXXXXXXXXXXXXXX
HCoV-229E,XXXXXXXXXXXXXXXXXX
HCoV-229E,XXXXXXXXXXXXXXXXXX
HCoV-229E,XXXXXXXXXXXXXXXXXX
HCoV-229E,XXXXXXXXXXXXXXXXXX
HCoV-229E,XXXXXXXXXXXXXXXXXX
HCoV-229E,XXXXXXXXXXXXXXXXXX
HCoV-229E,XXXXXXXXXXXXXXXXXX
HCoV-229E,XXXXXXXXXXXXXXXXXX
HCoV-229E,XXXXXXXXXXXXXXXXXX
HCoV-229E,XXXXXXXXXXXXXXXXXX
HCoV-229E,XXXXXXXXXXXXXXXXXX
HCoV-229E,XXXXXXXXXXXXXXXXXX
HCoV-229E,XXXXXXXXXXXXXXXXXX
HCoV-229E,XXXXXXXXXXXXXXXXXX
HCoV-229E,XXXXXXXXXXXXXXXXXX
HCoV-229E,XXXXXXXXXXXXXXXXXX
HCoV-229E,XXXXXXXXXXXXXXXXXX
HCoV-229E,XXXXXXXXXXXXXXXXXX
HCoV-229E,XXXXXXXXXXXXXXXXXX
HCoV-229E,XXXXXXXXXXXXXXXXXX
HCoV-229E,XXXXXXXXXXXXXXXXXX
HCoV-229E,XXXXXXXXXXXXXXXXXX
HCoV-229E,XXXXXXXXXXXXXXXXXX
HCoV-229E,XXXXXXXXXXXXXXXXXX
HCoV-229E,XXXXXXXXXXXXXXXXXX
HCoV-229E,XXXXXXXXXXXXXXXXXX
HCoV-229E,XXXXXXXXXXXXXXXXXX
HCoV-229E,XXXXXXXXXXXXXXXXXX
HCoV-229E,XXXXXXXXXXXXXXXXXX
HCoV-229E,XXXXXXXXXXXXXXXXXX
HCoV-229E,XXXXXXXXXXXXXXXXXX
HCoV-229E,XXXXXXXXXXXXXXXXXX
HCoV-229E,XXXXXXXXXXXXXXXXXX
HCoV-229E,XXXXXXXXXXXXXXXXXX
HCoV-229E,XXXXXXXXXXXXXXXXXX
HCoV-229E,XXXXXXXXXXXXXXXXXX
HCoV-229E,XXXXXXXXXXXXXXXXXX
HCoV-229E,XXXXXXXXXXXXXXXXXX
HCoV-229E,XXXXXXXXXXXXXXXXXX
HCoV-229E,XXXXXXXXXXXXXXXXXX
HCoV-229E,XXXXXXXXXXXXXXXXXX
HCoV-229E,XXXXXXXXXXXXXXXXXX
HCoV-229E,XXXXXXXXXXXXXXXXXX
HCoV-229E,XXXXXXXXXXXXXXXXXX
HCoV-229E,XXXXXXXXXXXXXXXXXX
HCoV-229E,XXXXXXXXXXXXXXXXXX
HCoV-229E,XXXXXXXXXXXXXXXXXX
HCoV-229E,XXXXXXXXXXXXXXXXXX
HCoV-229E,XXXXXXXXXXXXXXXXXX
HCoV-229E,XXXXXXXXXXXXXXXXXX
HCoV-229E,XXXXXXXXXXXXXXXXXX
HCoV-229E,XXXXXXXXXXXXXXXXXX
HCoV-229E,XXXXXXXXXXXXXXXXXX
HCoV-229E,XXXXXXXXXXXXXXXXXX
HCoV-229E,XXXXXXXXXXXXXXXXXX
HCoV-229E,XXXXXXXXXXXXXXXXXX
HCoV-229E,XXXXXXXXXXXXXXXXXX
HCoV-229E,XXXXXXXXXXXXXXXXXX
HCoV-229E,XXXXXXXXXXXXXXXXXX
HCoV-229E,XXXXXXXXXXXXXXXXXX
HCoV-229E,XXXXXXXXXXXXXXXXXX
HCoV-229E,XXXXXXXXXXXXXXXXXX
HCoV-229E,XXXXXXXXXXXXXXXXXX
HCoV-229E,XXXXXXXXXXXXXXXXXX
HCoV-229E,XXXXXXXXXXXXXXXXXX
HCoV-229E,XXXXXXXXXXXXXXXXXX
HCoV-229E,XXXXXXXXXXXXXXXXXX
HCoV-229E,XXXXXXXXXXXXXXXXXX
HCoV-229E,XXXXXXXXXXXXXXXXXX
HCoV-229E,XXXXXXXXXXXXXXXXXX
HCoV-229E,XXXXXXXXXXXXXXXXXX
HCoV-229E,XXXXXXXXXXXXXXXXXX
HCoV-229E,XXXXXXXXXXXXXXXXXX
HCoV-229E,XXXXXXXXXXXXXXXXXX
HCoV-229E,XXXXXXXXXXXXXXXXXX
HCoV-229E,XXXXXXXXXXXXXXXXXX
HCoV-229E,XXXXXXXXXXXXXXXXXX
HCoV-229E,XXXXXXXXXXXXXXXXXX
HCoV-229E,XXXXXXXXXXXXXXXXXX
HCoV-229E,XXXXXXXXXXXXXXXXXX
HCoV-229E,XXXXXXXXXXXXXXXXXX
HCoV-229E,XXXXXXXXXXXXXXXXXX
HCoV-229E,XXXXXXXXXXXXXXXXXX
HCoV-229E,XXXXXXXXXXXXXXXXXX
HCoV-229E,XXXXXXXXXXXXXXXXXX
HCoV-229E,XXXXXXXXXXXXXXXXXX
HCoV-229E,XXXXXXXXXXXXXXXXXX
HCoV-229E,XXXXXXXXXXXXXXXXXX
HCoV-229E,XXXXXXXXXXXXXXXXXX
HCoV-229E,XXXXXXXXXXXXXXXXXX
HCoV-229E,XXXXXXXXXXXXXXXXXX
HCoV-229E,XXXXXXXXXXXXXXXXXX
HCoV-229E,XXXXXXXXXXXXXXXXXX
HCoV-229E,XXXXXXXXXXXXXXXXXX
HCoV-229E,XXXXXXXXXXXXXXXXXX
HCoV-229E,XXXXXXXXXXXXXXXXXX
HCoV-229E,XXXXXXXXXXXXXXXXXX
HCoV-229E,XXXXXXXXXXXXXXXXXX
HCoV-229E,XXXXXXXXXXXXXXXXXX
HCoV-229E,XXXXXXXXXXXXXXXXXX
HCoV-229E,XXXXXXXXXXXXXXXXXX
HCoV-229E,XXXXXXXXXXXXXXXXXX
HCoV-229E,XXXXXXXXXXXXXXXXX
HCoV-229E,XXXXXXXXXXXXXXXXX
HCoV-229E,XXXXXXXXXXXXXXXXX
HCoV-229E,XXXXXXXXXXXXXXXXX
HCoV-229E,XXXXXXXXXXXXXXXXX
HCoV-229E,XXXXXXXXXXXXXXXXX
HCoV-229E,XXXXXXXXXXXXXXXXX
HCoV-229E,XXXXXXXXXXXXXXXXX
HCoV-229E,XXXXXXXXXXXXXXXXX
HCoV-229E,XXXXXXXXXXXXXXXXX
HCoV-229E,XXXXXXXXXXXXXXXXX
HCoV-229E,XXXXXXXXXXXXXXXXX
HCoV-229E,XXXXXXXXXXXXXXXXX
HCoV-229E,XXXXXXXXXXXXXXXXX
HCoV-229E,XXXXXXXXXXXXXXXXX
HCoV-229E,XXXXXXXXXXXXXXXXX
HCoV-229E,XXXXXXXXXXXXXXXX
HCoV-229E,XXXXXXXXXXXXXXXX
HCoV-229E,XXXXXXXXXXXXXXXX
HCoV-229E,XXXXXXXXXXXXXXXX
HCoV-229E,XXXXXXXXXXXXXXXX
HCoV-229E,XXXXXXXXXXXXXXXX
HCoV-229E,XXXXXXXXXXXXXXXX
HCoV-229E,XXXXXXXXXXXXXXXX
HCoV-229E,XXXXXXXXXXXXXXXX
HCoV-229E,XXXXXXXXXXXXXXXX
HCoV-229E,XXXXXXXXXXXXXXXX
HCoV-229E,XXXXXXXXXXXXXXXX
HCoV-229E,XXXXXXXXXXXXXXXX
HCoV-229E,XXXXXXXXXXXXXXXX
HCoV-229E,XXXXXXXXXXXXXXXX
HCoV-229E,XXXXXXXXXXXXXXXX
HCoV-229E,XXXXXXXXXXXXXXXX
HCoV-229E,XXXXXXXXXXXXXXXX
HCoV-229E,XXXXXXXXXXXXXXXX
HCoV-229E,XXXXXXXXXXXXXXXX
HCoV-229E,XXXXXXXXXXXXXXXX
HCoV-229E,XXXXXXXXXXXXXXXX
HCoV-229E,XXXXXXXXXXXXXXXX
HCoV-229E,XXXXXXXXXXXXXXXX
HCoV-229E,XXXXXXXXXXXXXXXX
HCoV-229E,XXXXXXXXXXXXXXXX
HCoV-229E,XXXXXXXXXXXXXXXX
HCoV-229E,XXXXXXXXXXXXXXXX
HCoV-229E,XXXXXXXXXXXXXXXX
HCoV-229E,XXXXXXXXXXXXXXXX
HCoV-229E,XXXXXXXXXXXXXXXX
HCoV-229E,XXXXXXXXXXXXXXXX
HCoV-229E,XXXXXXXXXXXXXXXX
HCoV-229E,XXXXXXXXXXXXXXXX
HCoV-229E,XXXXXXXXXXXXXXXX
HCoV-229E,XXXXXXXXXXXXXXXX
HCoV-229E,XXXXXXXXXXXXXXXX
HCoV-229E,XXXXXXXXXXXXXXXX
HCoV-229E,XXXXXXXXXXXXXXXX
HCoV-229E,XXXXXXXXXXXXXXXX
HCoV-229E,XXXXXXXXXXXXXXXX
HCoV-229E,XXXXXXXXXXXXXXXX
HCoV-229E,XXXXXXXXXXXXXXXX
HCoV-229E,XXXXXXXXXXXXXXXX
HCoV-229E,XXXXXXXXXXXXXXXX
HCoV-229E,XXXXXXXXXXXXXXXX
HCoV-229E,XXXXXXXXXXXXXXXX
HCoV-229E,XXXXXXXXXXXXXXXX
HCoV-229E,XXXXXXXXXXXXXXXX
HCoV-229E,XXXXXXXXXXXXXXXX
HCoV-229E,XXXXXXXXXXXXXXXX
HCoV-229E,XXXXXXXXXXXXXXXX
HCoV-229E,XXXXXXXXXXXXXXXX
HCoV-229E,XXXXXXXXXXXXXXXX
HCoV-229E,XXXXXXXXXXXXXXXX
HCoV-229E,XXXXXXXXXXXXXXXX
HCoV-229E,XXXXXXXXXXXXXXXX
HCoV-229E,XXXXXXXXXXXXXXXX
HCoV-229E,XXXXXXXXXXXXXXXX
HCoV-229E,XXXXXXXXXXXXXXXX
HCoV-229E,XXXXXXXXXXXXXXXX
HCoV-229E,XXXXXXXXXXXXXXXX
HCoV-229E,XXXXXXXXXXXXXXXX
HCoV-229E,XXXXXXXXXXXXXXXX
HCoV-229E,XXXXXXXXXXXXXXXX
HCoV-229E,XXXXXXXXXXXXXXXX
HCoV-229E,XXXXXXXXXXXXXXXX
HCoV-229E,XXXXXXXXXXXXXXXX
HCoV-229E,XXXXXXXXXXXXXXXX
HCoV-229E,XXXXXXXXXXXXXXXX
HCoV-229E,XXXXXXXXXXXXXXXX
HCoV-229E,XXXXXXXXXXXXXXXX
HCoV-229E,XXXXXXXXXXXXXXXX
HCoV-229E,XXXXXXXXXXXXXXXX
HCoV-229E,XXXXXXXXXXXXXXXX
HCoV-229E,XXXXXXXXXXXXXXXX
HCoV-229E,XXXXXXXXXXXXXXXX
HCoV-229E,XXXXXXXXXXXXXXXX
HCoV-229E,XXXXXXXXXXXXXXXX
HCoV-229E,XXXXXXXXXXXXXXXX
HCoV-229E,XXXXXXXXXXXXXXXX
HCoV-229E,XXXXXXXXXXXXXXXX
HCoV-229E,XXXXXXXXXXXXXXXX
HCoV-229E,XXXXXXXXXXXXXXXX
HCoV-229E,XXXXXXXXXXXXXXXX
HCoV-229E,XXXXXXXXXXXXXXXX
HCoV-229E,XXXXXXXXXXXXXXXX
HCoV-229E,XXXXXXXXXXXXXXXX
HCoV-229E,XXXXXXXXXXXXXXXX
HCoV-229E,XXXXXXXXXXXXXXXX
HCoV-229E,XXXXXXXXXXXXXXXX
HCoV-229E,XXXXXXXXXXXXXXXX
HCoV-229E,XXXXXXXXXXXXXXXX
HCoV-229E,XXXXXXXXXXXXXXXX
HCoV-229E,XXXXXXXXXXXXXXXX
HCoV-229E,XXXXXXXXXXXXXXXX
HCoV-229E,XXXXXXXXXXXXXXXX
HCoV-229E,XXXXXXXXXXXXXXXX
HCoV-229E,XXXXXXXXXXXXXXXX
HCoV-229E,XXXXXXXXXXXXXXXX
HCoV-229E,XXXXXXXXXXXXXXXX
HCoV-229E,XXXXXXXXXXXXXXXX
HCoV-229E,XXXXXXXXXXXXXXXX
HCoV-229E,XXXXXXXXXXXXXXXX
HCoV-229E,XXXXXXXXXXXXXXXX
HCoV-229E,XXXXXXXXXXXXXXXX
HCoV-229E,XXXXXXXXXXXXXXXX
HCoV-229E,XXXXXXXXXXXXXXXX
HCoV-229E,XXXXXXXXXXXXXXXX
HCoV-229E,XXXXXXXXXXXXXXXX
HCoV-229E,XXXXXXXXXXXXXXXX
HCoV-229E,XXXXXXXXXXXXXXXX
HCoV-229E,XXXXXXXXXXXXXXXX
HCoV-229E,XXXXXXXXXXXXXXXX
HCoV-229E,XXXXXXXXXXXXXXXX
HCoV-229E,XXXXXXXXXXXXXXXX
HCoV-229E,XXXXXXXXXXXXXXXX
HCoV-229E,XXXXXXXXXXXXXXXX
HCoV-229E,XXXXXXXXXXXXXXXX
HCoV-229E,XXXXXXXXXXXXXXXX
HCoV-229E,XXXXXXXXXXXXXXXX
HCoV-229E,XXXXXXXXXXXXXXXX
HCoV-229E,XXXXXXXXXXXXXXXX
HCoV-229E,XXXXXXXXXXXXXXXX
HCoV-229E,XXXXXXXXXXXXXXXX
HCoV-229E,XXXXXXXXXXXXXXXX
HCoV-229E,XXXXXXXXXXXXXXXX
HCoV-229E,XXXXXXXXXXXXXXXX
HCoV-229E,XXXXXXXXXXXXXXXX
HCoV-229E,XXXXXXXXXXXXXXXX
HCoV-229E,XXXXXXXXXXXXXXXX
HCoV-229E,XXXXXXXXXXXXXXXX
HCoV-229E,XXXXXXXXXXXXXXXX
HCoV-229E,XXXXXXXXXXXXXXXX
HCoV-229E,XXXXXXXXXXXXXXXX
HCoV-229E,XXXXXXXXXXXXXXXX
HCoV-229E,XXXXXXXXXXXXXXXX
HCoV-229E,XXXXXXXXXXXXXXXX
HCoV-229E,XXXXXXXXXXXXXXXX
HCoV-229E,XXXXXXXXXXXXXXXX
HCoV-229E,XXXXXXXXXXXXXXXX
HCoV-229E,XXXXXXXXXXXXXXXX
HCoV-229E,XXXXXXXXXXXXXXXX
HCoV-229E,XXXXXXXXXXXXXXXX
HCoV-229E,XXXXXXXXXXXXXXXX
HCoV-229E,XXXXXXXXXXXXXXXX
HCoV-229E,XXXXXXXXXXXXXXXX
HCoV-229E,XXXXXXXXXXXXXXXX
HCoV-229E,XXXXXXXXXXXXXXXX
HCoV-229E,XXXXXXXXXXXXXXXX
HCoV-229E,XXXXXXXXXXXXXXXX
HCoV-229E,XXXXXXXXXXXXXXXX
HCoV-229E,XXXXXXXXXXXXXXXX
HCoV-229E,XXXXXXXXXXXXXXXX
HCoV-229E,XXXXXXXXXXXXXXXX
HCoV-229E,XXXXXXXXXXXXXXXX
HCoV-229E,XXXXXXXXXXXXXXXX
HCoV-229E,XXXXXXXXXXXXXXXX
HCoV-229E,XXXXXXXXXXXXXXXX
HCoV-229E,XXXXXXXXXXXXXXXX
HCoV-229E,XXXXXXXXXXXXXXXX
HCoV-229E,XXXXXXXXXXXXXXXX
HCoV-229E,XXXXXXXXXXXXXXXX
HCoV-229E,XXXXXXXXXXXXXXXX
HCoV-229E,XXXXXXXXXXXXXXXX
HCoV-229E,XXXXXXXXXXXXXXXX
HCoV-229E,XXXXXXXXXXXXXXXX
HCoV-229E,XXXXXXXXXXXXXXX
HCoV-229E,XXXXXXXXXXXXXXX
HCoV-229E,XXXXXXXXXXXXXXX
HCoV-229E,XXXXXXXXXXXXXXX
HCoV-229E,XXXXXXXXXXXXXXX
HCoV-229E,XXXXXXXXXXXXXXX
HCoV-229E,XXXXXXXXXXXXXXX
HCoV-229E,XXXXXXXXXXXXXXX
HCoV-229E,XXXXXXXXXXXXXXX
HCoV-229E,XXXXXXXXXXXXXXX
HCoV-229E,XXXXXXXXXXXXXXX
HCoV-229E,XXXXXXXXXXXXXXX
HCoV-229E,XXXXXXXXXXXXXXX
HCoV-229E,XXXXXXXXXXXXXXX
HCoV-229E,XXXXXXXXXXXXXXX
HCoV-229E,XXXXXXXXXXXXXXX
HCoV-229E,XXXXXXXXXXXXXXX
HCoV-229E,XXXXXXXXXXXXXXX
HCoV-229E,XXXXXXXXXXXXXXX
HCoV-229E,XXXXXXXXXXXXXXX
HCoV-229E,XXXXXXXXXXXXXXX
HCoV-229E,XXXXXXXXXXXXXXX
HCoV-229E,XXXXXXXXXXXXXXX
HCoV-229E,XXXXXXXXXXXXXXX
HCoV-229E,XXXXXXXXXXXXXXX
HCoV-229E,XXXXXXXXXXXXXX
HCoV-229E,XXXXXXXXXXXXXX
HCoV-229E,XXXXXXXXXXXXXX
HCoV-229E,XXXXXXXXXXXXXX
HCoV-229E,XXXXXXXXXXXXXX
HCoV-229E,XXXXXXXXXXXXXX
HCoV-229E,XXXXXXXXXXXXXX
HCoV-229E,XXXXXXXXXXXXXX
HCoV-229E,XXXXXXXXXXXXXX
HCoV-229E,XXXXXXXXXXXXXX
HCoV-229E,XXXXXXXXXXXXXX
HCoV-229E,XXXXXXXXXXXXXX
HCoV-229E,XXXXXXXXXXXXXX
HCoV-229E,XXXXXXXXXXXXXX
HCoV-229E,XXXXXXXXXXXXXX
HCoV-229E,XXXXXXXXXXXXXX
HCoV-229E,XXXXXXXXXXXXXX
HCoV-229E,XXXXXXXXXXXXXX
HCoV-229E,XXXXXXXXXXXXXX
HCoV-229E,XXXXXXXXXXXXXX
HCoV-229E,XXXXXXXXXXXXXX
HCoV-229E,XXXXXXXXXXXXXX
HCoV-229E,XXXXXXXXXXXXXX
HCoV-229E,XXXXXXXXXXXXXX
HCoV-229E,XXXXXXXXXXXXXX
HCoV-229E,XXXXXXXXXXXXX
HCoV-229E,XXXXXXXXXXXXX
HCoV-229E,XXXXXXXXXXXXX
HCoV-229E,XXXXXXXXXXXXX
HCoV-229E,XXXXXXXXXXXXX
HCoV-229E,XXXXXXXXXXXXX
HCoV-229E,XXXXXXXXXXXXX
HCoV-229E,XXXXXXXXXXXXX
HCoV-229E,XXXXXXXXXXXXX
HCoV-229E,XXXXXXXXXXXXX
HCoV-229E,XXXXXXXXXXXXX
HCoV-229E,XXXXXXXXXXXXX
HCoV-229E,XXXXXXXXXXXXX
HCoV-229E,XXXXXXXXXXXXX
HCoV-229E,XXXXXXXXXXXXX
HCoV-229E,XXXXXXXXXXXXX
HCoV-229E,XXXXXXXXXXXXX
HCoV-229E,XXXXXXXXXXXXX
HCoV-229E,XXXXXXXXXXXXX
HCoV-229E,XXXXXXXXXXXXX
HCoV-229E,XXXXXXXXXXXXX
HCoV-229E,XXXXXXXXXXXXX
HCoV-229E,XXXXXXXXXXXXX
HCoV-229E,XXXXXXXXXXXXX
HCoV-229E,XXXXXXXXXXXXX
HCoV-229E,XXXXXXXXXXXX
HCoV-229E,XXXXXXXXXXXX
HCoV-229E,XXXXXXXXXXXX
HCoV-229E,XXXXXXXXXXXX
HCoV-229E,XXXXXXXXXXXX
HCoV-229E,XXXXXXXXXXXX
HCoV-229E,XXXXXXXXXXXX
HCoV-229E,XXXXXXXXXXXX
HCoV-229E,XXXXXXXXXXXX
HCoV-229E,XXXXXXXXXXXX
HCoV-229E,XXXXXXXXXXXX
HCoV-229E,XXXXXXXXXXXX
HCoV-229E,XXXXXXXXXXXX
HCoV-229E,XXXXXXXXXXXX
HCoV-229E,XXXXXXXXXXXX
HCoV-229E,XXXXXXXXXXXX
HCoV-229E,XXXXXXXXXXXX
HCoV-229E,XXXXXXXXXXXX
HCoV-229E,XXXXXXXXXXXX
HCoV-229E,XXXXXXXXXXXX
HCoV-229E,XXXXXXXXXXXX
HCoV-229E,XXXXXXXXXXXX
HCoV-229E,XXXXXXXXXXXX
HCoV-229E,XXXXXXXXXXXX
HCoV-229E,XXXXXXXXXXXX
HCoV-229E,XXXXXXXXXXX
HCoV-229E,XXXXXXXXXXX
HCoV-229E,XXXXXXXXXXX
HCoV-229E,XXXXXXXXXXX
HCoV-229E,XXXXXXXXXXX
HCoV-229E,XXXXXXXXXXX
HCoV-229E,XXXXXXXXXXX
HCoV-229E,XXXXXXXXXXX
HCoV-229E,XXXXXXXXXXX
HCoV-229E,XXXXXXXXXXX
HCoV-229E,XXXXXXXXXXX
HCoV-229E,XXXXXXXXXXX
HCoV-229E,XXXXXXXXXXX
HCoV-229E,XXXXXXXXXXX
HCoV-229E,XXXXXXXXXXX
HCoV-229E,XXXXXXXXXXX
HCoV-229E,XXXXXXXXXXX
HCoV-229E,XXXXXXXXXXX
HCoV-229E,XXXXXXXXXXX
HCoV-229E,XXXXXXXXXXX
HCoV-229E,XXXXXXXXXXX
HCoV-229E,XXXXXXXXXXX
HCoV-229E,XXXXXXXXXXX
HCoV-229E,XXXXXXXXXXX
HCoV-229E,XXXXXXXXXXX
HCoV-229E,XXXXXXXXXX
HCoV-229E,XXXXXXXXXX
HCoV-229E,XXXXXXXXXX
HCoV-229E,XXXXXXXXXX
HCoV-229E,XXXXXXXXXX
HCoV-229E,XXXXXXXXXX
HCoV-229E,XXXXXXXXXX
HCoV-229E,XXXXXXXXXX
HCoV-229E,XXXXXXXXXX
HCoV-229E,XXXXXXXXXX
HCoV-229E,XXXXXXXXXX
HCoV-229E,XXXXXXXXXX
HCoV-229E,XXXXXXXXXX
HCoV-229E,XXXXXXXXXX
HCoV-229E,XXXXXXXXXX
HCoV-229E,XXXXXXXXXX
HCoV-229E,XXXXXXXXXX
HCoV-229E,XXXXXXXXXX
HCoV-229E,XXXXXXXXXX
HCoV-229E,XXXXXXXXXX
HCoV-229E,XXXXXXXXXX
HCoV-229E,XXXXXXXXXX
HCoV-229E,XXXXXXXXXX
HCoV-229E,XXXXXXXXXX
HCoV-229E,XXXXXXXXXX
HCoV-229E,XXXXXXXXX
HCoV-229E,XXXXXXXXX
HCoV-229E,XXXXXXXXX
HCoV-229E,XXXXXXXXX
HCoV-229E,XXXXXXXXX
HCoV-229E,XXXXXXXXX
HCoV-229E,XXXXXXXXX
HCoV-229E,XXXXXXXXX
HCoV-229E,XXXXXXXXX
HCoV-229E,XXXXXXXXX
HCoV-229E,XXXXXXXXX
HCoV-229E,XXXXXXXXX
HCoV-229E,XXXXXXXXX
HCoV-229E,XXXXXXXXX
HCoV-229E,XXXXXXXXX
HCoV-229E,XXXXXXXXX
HCoV-229E,XXXXXXXXX
HCoV-229E,XXXXXXXXX
HCoV-229E,XXXXXXXXX
HCoV-229E,XXXXXXXXX
HCoV-229E,XXXXXXXXX
HCoV-229E,XXXXXXXXX
HCoV-229E,XXXXXXXXX
HCoV-229E,XXXXXXXXX
HCoV-229E,XXXXXXXXX
HCoV-229E,XXXXXXXX
HCoV-229E,XXXXXXXX
HCoV-229E,XXXXXXXX
HCoV-229E,XXXXXXXX
HCoV-229E,XXXXXXXX
HCoV-229E,XXXXXXXX
HCoV-229E,XXXXXXXX
HCoV-229E,XXXXXXXX
HCoV-229E,XXXXXXXX
HCoV-229E,XXXXXXXX
HCoV-229E,XXXXXXXX
HCoV-229E,XXXXXXXX
HCoV-229E,XXXXXXXX
HCoV-229E,XXXXXXXX
HCoV-229E,XXXXXXXX
HCoV-229E,XXXXXXXX
HCoV-229E,XXXXXXXX
HCoV-229E,XXXXXXXX
HCoV-229E,XXXXXXXX
HCoV-229E,XXXXXXXX
HCoV-229E,XXXXXXXX
HCoV-229E,XXXXXXXX
HCoV-229E,XXXXXXXX
HCoV-229E,XXXXXXXX
HCoV-229E,XXXXXXXX
HCoV-229E,XXXXXXX
HCoV-229E,XXXXXXX
HCoV-229E,XXXXXXX
HCoV-229E,XXXXXXX
HCoV-229E,XXXXXXX
HCoV-229E,XXXXXXX
HCoV-229E,XXXXXXX
HCoV-229E,XXXXXXX
HCoV-229E,XXXXXXX
HCoV-229E,XXXXXXX
HCoV-229E,XXXXXXX
HCoV-229E,XXXXXXX
HCoV-229E,XXXXXXX
HCoV-229E,XXXXXXX
HCoV-229E,XXXXXXX
HCoV-229E,XXXXXXX
HCoV-229E,XXXXXXX
HCoV-229E,XXXXXXX
HCoV-229E,XXXXXXX
HCoV-229E,XXXXXXX
HCoV-229E,XXXXXXX
HCoV-229E,XXXXXXX
HCoV-229E,XXXXXXX
HCoV-229E,XXXXXXX
HCoV-229E,XXXXXXX
HCoV-229E,XXXXXX
HCoV-229E,XXXXXX
HCoV-229E,XXXXXX
HCoV-229E,XXXXXX
HCoV-229E,XXXXXX
HCoV-229E,XXXXXX
HCoV-229E,XXXXXX
HCoV-229E,XXXXXX
HCoV-229E,XXXXXX
HCoV-229E,XXXXXX
HCoV-229E,XXXXXX
HCoV-229E,XXXXXX
HCoV-229E,XXXXXX
HCoV-229E,XXXXXX
HCoV-229E,XXXXXX
HCoV-229E,XXXXXX
HCoV-229E,XXXXXX
HCoV-229E,XXXXXX
HCoV-229E,XXXXXX
HCoV-229E,XXXXXX
HCoV-229E,XXXXXX
HCoV-229E,XXXXXX
HCoV-229E,XXXXXX
HCoV-229E,XXXXXX
HCoV-229E,XXXXXX
HCoV-229E,XXXXXX
HCoV-229E,XXXXXX
HCoV-229E,XXXXXX
HCoV-229E,XXXXXX
HCoV-229E,XXXXXX
HCoV-229E,XXXXXX
HCoV-229E,XXXXXX
HCoV-229E,XXXXXX
HCoV-229E,XXXXXX
HCoV-229E,XXXXXX
HCoV-229E,XXXXXX
HCoV-229E,XXXXXX
HCoV-229E,XXXXXX
HCoV-229E,XXXXXX
HCoV-229E,XXXXXX
HCoV-229E,XXXXXX
HCoV-229E,XXXXXX
HCoV-229E,XXXXXX
HCoV-229E,XXXXXX
HCoV-229E,XXXXXX
HCoV-229E,XXXXXX
HCoV-229E,XXXXXX
HCoV-229E,XXXXXX
HCoV-229E,XXXXXX
HCoV-229E,XXXXXX
HCoV-229E,XXXXXX
HCoV-229E,XXXXXX
HCoV-229E,XXXXXX
HCoV-229E,XXXXXX
HCoV-229E,XXXXXX
HCoV-229E,XXXXXX
HCoV-229E,XXXXXX
HCoV-229E,XXXXXX
HCoV-229E,XXXXXX
HCoV-229E,XXXXXX
HCoV-229E,XXXXXX
HCoV-229E,XXXXXX
HCoV-229E,XXXXXX
HCoV-229E,XXXXXX
HCoV-229E,XXXXXX
HCoV-229E,XXXXXX
HCoV-229E,XXXXXX
HCoV-229E,XXXXXX
HCoV-229E,XXXXXX
HCoV-229E,XXXXXX
HCoV-229E,XXXXXX
HCoV-229E,XXXXXX
HCoV-229E,XXXXXX
HCoV-229E,XXXXXX
HCoV-229E,XXXXXX
HCoV-229E,XXXXXX
HCoV-229E,XXXXXX
HCoV-229E,XXXXXX
HCoV-229E,XXXXXX
HCoV-229E,XXXXXX
HCoV-229E,XXXXXX
HCoV-229E,XXXXXX
HCoV-229E,XXXXXX
HCoV-229E,XXXXXX
HCoV-229E,XXXXXX
HCoV-229E,XXXXXX
HCoV-229E,XXXXXX
HCoV-229E,XXXXXX
HCoV-229E,XXXXXX
HCoV-229E,XXXXXX
HCoV-229E,XXXXXX
HCoV-229E,XXXXXX
HCoV-229E,XXXXXX
HCoV-229E,XXXXXX
HCoV-229E,XXXXXX
HCoV-229E,XXXXXX
HCoV-229E,XXXXXX
HCoV-229E,XXXXXX
HCoV-229E,XXXXXX
HCoV-229E,XXXXXX
HCoV-229E,XXXXXX
HCoV-229E,XXXXXX
HCoV-229E,XXXXXX
HCoV-229E,XXXXXX
HCoV-229E,XXXXXX
HCoV-229E,XXXXXX
HCoV-229E,XXXXXX
HCoV-229E,XXXXXX
HCoV-229E,XXXXXX
HCoV-229E,XXXXXX
HCoV-229E,XXXXXX
HCoV-229E,XXXXXX
HCoV-229E,XXXXXX
HCoV-229E,XXXXXX
HCoV-229E,XXXXXX
HCoV-229E,XXXXXX
HCoV-229E,XXXXXX
HCoV-229E,XXXXXX
HCoV-229E,XXXXXX
HCoV-229E,XXXXXX
HCoV-229E,XXXXXX
HCoV-229E,XXXXXX
HCoV-229E,XXXXXX
HCoV-229E,XXXXXX
HCoV-229E,XXXXXX
HCoV-229E,XXXXXX
HCoV-229E,XXXXXX
HCoV-229E,XXXXXX
HCoV-229E,XXXXXX
HCoV-229E,XXXXXX
HCoV-229E,XXXXXX
HCoV-229E,XXXXXX
HCoV-229E,XXXXXX
HCoV-229E,XXXXXX
HCoV-229E,XXXXXX
HCoV-229E,XXXXXX
HCoV-229E,XXXXXX
HCoV-229E,XXXXXX
HCoV-229E,XXXXXX
HCoV-229E,XXXXXX
HCoV-229E,XXXXXX
HCoV-229E,XXXXXX
HCoV-229E,XXXXXX
HCoV-229E,XXXXXX
HCoV-229E,XXXXXX
HCoV-229E,XXXXXX
HCoV-229E,XXXXXX
HCoV-229E,XXXXXX
HCoV-229E,XXXXXX
HCoV-229E,XXXXXX
HCoV-229E,XXXXXX
HCoV-229E,XXXXXX
HCoV-229E,XXXXXX
HCoV-229E,XXXXXX
HCoV-229E,XXXXXX
HCoV-229E,XXXXXX
HCoV-229E,XXXXXX
HCoV-229E,XXXXXX
HCoV-229E,XXXXXX
HCoV-229E,XXXXXX
HCoV-229E,XXXXXX
HCoV-229E,XXXXXX
HCoV-229E,XXXXXX
HCoV-229E,XXXXXX
HCoV-229E,XXXXXX
HCoV-229E,XXXXXX
HCoV-229E,XXXXXX
HCoV-229E,XXXXXX
HCoV-229E,XXXXXX
HCoV-229E,XXXXXX
HCoV-229E,XXXXXX
HCoV-229E,XXXXXX
HCoV-229E,XXXXXX
HCoV-229E,XXXXXX
HCoV-229E,XXXXXX
HCoV-229E,XXXXXX
HCoV-229E,XXXXXX
HCoV-229E,XXXXXX
HCoV-229E,XXXXXX
HCoV-229E,XXXXXX
HCoV-229E,XXXXXX
HCoV-229E,XXXXXX
HCoV-229E,XXXXXX
HCoV-229E,XXXXXX
HCoV-229E,XXXXXX
HCoV-229E,XXXXXX
HCoV-229E,XXXXXX
HCoV-229E,XXXXXX
HCoV-229E,XXXXXX
HCoV-229E,XXXXXX
HCoV-229E,XXXXXX
HCoV-229E,XXXXXX
HCoV-229E,XXXXXX
HCoV-229E,XXXXXX
HCoV-229E,XXXXXX
HCoV-229E,XXXXXX
HCoV-229E,XXXXXX
HCoV-229E,XXXXXX
HCoV-229E,XXXXXX
HCoV-229E,XXXXXX
HCoV-229E,XXXXXX
HCoV-229E,XXXXXX
HCoV-229E,XXXXXX
HCoV-229E,XXXXXX
HCoV-229E,XXXXXX
HCoV-229E,XXXXXX
HCoV-229E,XXXXXX
HCoV-229E,XXXXXX
HCoV-229E,XXXXXX
HCoV-229E,XXXXXX
HCoV-229E,XXXXXX
HCoV-229E,XXXXXX
HCoV-229E,XXXXXX
HCoV-229E,XXXXXX
HCoV-229E,XXXXXX
HCoV-229E,XXXXXX
HCoV-229E,XXXXXX
HCoV-229E,XXXXXX
HCoV-229E,XXXXXX
HCoV-229E,XXXXXX
HCoV-229E,XXXXXX
HCoV-229E,XXXXXX
HCoV-229E,XXXXXX
HCoV-229E,XXXXXX
HCoV-229E,XXXXXX
HCoV-229E,XXXXXX
HCoV-229E,XXXXXX
HCoV-229E,XXXXX
HCoV-229E,XXXXX
HCoV-229E,XXXXX
HCoV-229E,XXXXX
HCoV-229E,XXXXX
HCoV-229E,XXXXX
HCoV-229E,XXXXX
HCoV-229E,XXXXX
HCoV-229E,XXXXX
HCoV-229E,XXXXX
HCoV-229E,XXXXX
HCoV-229E,XXXXX
HCoV-229E,XXXXX
HCoV-229E,XXXXX
HCoV-229E,XXXXX
HCoV-229E,XXXXX
HCoV-229E,XXXXX
HCoV-229E,XXXXX
HCoV-229E,XXXXX
HCoV-229E,XXXXX
HCoV-229E,XXXXX
HCoV-229E,XXXXX
HCoV-229E,XXXXX
HCoV-229E,XXXXX
HCoV-229E,XXXXX
HCoV-229E,XXXXX
HCoV-229E,XXXXX
HCoV-229E,XXXXX
HCoV-229E,XXXXX
HCoV-229E,XXXXX
HCoV-229E,XXXXX
HCoV-229E,XXXXX
HCoV-229E,XXXXX
HCoV-229E,XXXXX
HCoV-229E,XXXXX
HCoV-229E,XXXXX
HCoV-229E,XXXX
HCoV-229E,XXXX
HCoV-229E,XXXX
HCoV-229E,XXXX
HCoV-229E,XXXX
HCoV-229E,XXXX
HCoV-229E,XXXX
HCoV-229E,XXXX
HCoV-229E,XXXX
HCoV-229E,XXXX
HCoV-229E,XXXX
HCoV-229E,XXXX
HCoV-229E,XXXX
HCoV-229E,XXXX
HCoV-229E,XXXX
HCoV-229E,XXXX
HCoV-229E,XXXX
HCoV-229E,XXXX
HCoV-229E,XXXX
HCoV-229E,XXXX
HCoV-229E,XXXX
HCoV-229E,XXXX
HCoV-229E,XXXX
HCoV-229E,XXXX
HCoV-229E,XXXX
HCoV-229E,XXXX
HCoV-229E,XXXX
HCoV-229E,XXXX
HCoV-229E,XXXX
HCoV-229E,XXXX
HCoV-229E,XXXX
HCoV-229E,XXXX
HCoV-229E,XXXX
HCoV-229E,XXXX
HCoV-229E,XXXX
HCoV-229E,XXXX
HCoV-229E,XXXX
HCoV-229E,XXXX
HCoV-229E,XXXX
HCoV-229E,XXXX
HCoV-229E,XXXX
HCoV-229E,XXXX
HCoV-229E,XXXX
HCoV-229E,XXXX
HCoV-229E,XXXX
HCoV-229E,XXXX
HCoV-229E,XXXX
HCoV-229E,XXXX
HCoV-229E,XXXX
HCoV-229E,XXXX
HCoV-229E,XXXX
HCoV-229E,XXXX
HCoV-229E,XXXX
HCoV-229E,XXXX
HCoV-229E,XXXX
HCoV-229E,XXXX
HCoV-229E,XXXX
HCoV-229E,XXXX
HCoV-229E,XXXX
HCoV-229E,XXXX
HCoV-229E,XXXX
HCoV-229E,XXXX
HCoV-229E,XXXX
HCoV-229E,XXXX
HCoV-229E,XXXX
HCoV-229E,XXXX
HCoV-229E,XXXX
HCoV-229E,XXXX
HCoV-229E,XXXX
HCoV-229E,XXXX
HCoV-229E,XXXX
HCoV-229E,XXXX
HCoV-229E,XXXX
HCoV-229E,XXXX
HCoV-229E,XXXX
HCoV-229E,XXXX
HCoV-229E,XXXX
HCoV-229E,XXXX
HCoV-229E,XXXX
HCoV-229E,XXXX
HCoV-229E,XXXX
HCoV-229E,XXXX
HCoV-229E,XXXX
HCoV-229E,XXXX
HCoV-229E,XXXX
HCoV-229E,XXXX
HCoV-229E,XXXX
HCoV-229E,XXXX
HCoV-229E,XXXX
HCoV-229E,XXXX
HCoV-229E,XXXX
HCoV-229E,XXXX
HCoV-229E,XXXX
HCoV-229E,XXXX
HCoV-229E,XXXX
HCoV-229E,XXXX
HCoV-229E,XXXX
HCoV-229E,XXXX
HCoV-229E,XXXX
HCoV-229E,XXXX
HCoV-229E,XXXX
HCoV-229E,XXXX
HCoV-229E,XXXX
HCoV-229E,XXXX
HCoV-229E,XXXX
HCoV-229E,XXXX
HCoV-229E,XXXX
HCoV-229E,XXXX
HCoV-229E,XXXX
HCoV-229E,XXXX
HCoV-229E,XXXX
HCoV-229E,XXXX
HCoV-229E,XXXX
HCoV-229E,XXXX
HCoV-229E,XXXX
HCoV-229E,XXXX
HCoV-229E,XXXX
HCoV-229E,XXXX
HCoV-229E,XXXX
HCoV-229E,XXXX
HCoV-229E,XXXX
HCoV-229E,XXXX
HCoV-229E,XXXX
HCoV-229E,XXXX
HCoV-229E,XXXX
HCoV-229E,XXXX
HCoV-229E,XXXX
HCoV-229E,XXXX
HCoV-229E,XXXX
HCoV-229E,XXXX
HCoV-229E,XXXX
HCoV-229E,XXXX
HCoV-229E,XXXX
HCoV-229E,XXXX
HCoV-229E,XXXX
HCoV-229E,XXXX
HCoV-229E,XXXX
HCoV-229E,XXXX
HCoV-229E,XXXX
HCoV-229E,XXXX
HCoV-229E,XXXX
HCoV-229E,XXXX
HCoV-229E,XXXX
HCoV-229E,XXXX
HCoV-229E,XXXX
HCoV-229E,XXXX
HCoV-229E,XXXX
HCoV-229E,XXXX
HCoV-229E,XXXX
HCoV-229E,XXXX
HCoV-229E,XXXX
HCoV-229E,XXXX
HCoV-229E,XXXX
HCoV-229E,XXXX
HCoV-229E,XXXX
HCoV-229E,XXXX
HCoV-229E,XXXX
HCoV-229E,XXXX
HCoV-229E,XXXX
HCoV-229E,XXXX
HCoV-229E,XXXX
HCoV-229E,XXXX
HCoV-229E,XXXX
HCoV-229E,XXXX
HCoV-229E,XXXX
HCoV-229E,XXXX
HCoV-229E,XXXX
HCoV-229E,XXXX
HCoV-229E,XXXX
HCoV-229E,XXXX
HCoV-229E,XXXX
HCoV-229E,XXXX
HCoV-229E,XXXX
HCoV-229E,XXXX
HCoV-229E,XXXX
HCoV-229E,XXXX
HCoV-229E,XXXX
HCoV-229E,XXXX
HCoV-229E,XXXX
HCoV-229E,XXXX
HCoV-229E,XXXX
HCoV-229E,XXXX
HCoV-229E,XXXX
HCoV-229E,XXXX
HCoV-229E,XXXX
HCoV-229E,XXXX
HCoV-229E,XXXX
HCoV-229E,XXXX
HCoV-229E,XXXX
HCoV-229E,XXXX
HCoV-229E,XXXX
HCoV-229E,XXXX
HCoV-229E,XXXX
HCoV-229E,XXXX
HCoV-229E,XXXX
HCoV-229E,XXXX
HCoV-229E,XXXX
HCoV-229E,XXXX
HCoV-229E,XXXX
HCoV-229E,XXXX
HCoV-229E,XXXX
HCoV-229E,XXXX
HCoV-229E,XXXX
HCoV-229E,XXXX
HCoV-229E,XXXX
HCoV-229E,XXXX
HCoV-229E,XXXX
HCoV-229E,XXXX
HCoV-229E,XXXX
HCoV-229E,XXXX
HCoV-229E,XXXX
HCoV-229E,XXXX
HCoV-229E,XXXX
HCoV-229E,XXXX
HCoV-229E,XXXX
HCoV-229E,XXXX
HCoV-229E,XXXX
HCoV-229E,XXXX
HCoV-229E,XXXX
HCoV-229E,XXXX
HCoV-229E,XXXX
HCoV-229E,XXXX
HCoV-229E,XXXX
HCoV-229E,XXXX
HCoV-229E,XXXX
HCoV-229E,XXXX
HCoV-229E,XXXX
HCoV-229E,XXXX
HCoV-229E,XXXX
HCoV-229E,XXXX
HCoV-229E,XXXX
HCoV-229E,XXXX
HCoV-229E,XXXX
HCoV-229E,XXXX
HCoV-229E,XXXX
HCoV-229E,XXXX
HCoV-229E,XXXX
HCoV-229E,XXXX
HCoV-229E,XXXX
HCoV-229E,XXXX
HCoV-229E,XXXX
HCoV-229E,XXXX
HCoV-229E,XXXX
HCoV-229E,XXXX
HCoV-229E,XXXX
HCoV-229E,XXXX
HCoV-229E,XXXX
HCoV-229E,XXXX
HCoV-229E,XXXX
HCoV-229E,XXXX
HCoV-229E,KCTK
HCoV-229E,NYTV
HCoV-229E,SFGV
HCoV-229E,SGSR
HCoV-229E,SSFG
HCoV-229E,TLAN
HCoV-229E,VCNG
HCoV-229E,VELP
HCoV-229E,VSSF
HCoV-229E,ALQT
HCoV-229E,DVEA
HCoV-229E,GFYS
HCoV-229E,IPSN
HCoV-229E,KCTK
HCoV-229E,LCVD
HCoV-229E,NYTV
HCoV-229E,SSFG
HCoV-229E,TLAN
HCoV-229E,TNTS
HCoV-229E,TSYG
HCoV-229E,VCNG
HCoV-229E,VDGV
HCoV-229E,VITG
HCoV-229E,VSSF
HCoV-229E,XXXXXXXXX
HCoV-229E,XXXXXXXX
HCoV-229E,XXXXXXX
HCoV-229E,XXXXXX
HCoV-229E,XXXXX
HCoV-229E,XXXXX
HCoV-229E,XXXXX
HCoV-229E,XXXXX
HCoV-229E,XXXXX
HCoV-229E,XXXXX
HCoV-229E,XXXXX
HCoV-229E,XXXX
HCoV-229E,XXXX
HCoV-229E,XXXX
HCoV-229E,XXXX
HCoV-229E,ALQT
HCoV-229E,GFYS
HCoV-229E,INGY
HCoV-229E,IPSN
HCoV-229E,KCTK
HCoV-229E,LCVD
HCoV-229E,LRRG
HCoV-229E,NYTV
HCoV-229E,SSFG
HCoV-229E,TLAN
HCoV-229E,TNGT
HCoV-229E,TNTS
HCoV-229E,TSYG
HCoV-229E,VCNG
HCoV-229E,VSSF
HCoV-229E,ALQT
HCoV-229E,DVEA
HCoV-229E,GFYS
HCoV-229E,INGY
HCoV-229E,IPSN
HCoV-229E,KCTK
HCoV-229E,LCVD
HCoV-229E,NYTV
HCoV-229E,SSFG
HCoV-229E,TLAN
HCoV-229E,TNGT
HCoV-229E,TNTS
HCoV-229E,TSYG
HCoV-229E,VCNG
HCoV-229E,VITG
HCoV-229E,VSSF
HCoV-229E,GFYS
HCoV-229E,ALQT
HCoV-229E,GFYS
HCoV-229E,INGY
HCoV-229E,IPSN
HCoV-229E,KCTK
HCoV-229E,LCVD
HCoV-229E,NYTV
HCoV-229E,SSFG
HCoV-229E,TLAN
HCoV-229E,TNGT
HCoV-229E,TNTS
HCoV-229E,TSYG
HCoV-229E,VCNG
HCoV-229E,VITG
HCoV-229E,VSSF
HCoV-229E,KCTK
HCoV-229E,NYTV
HCoV-229E,SFGV
HCoV-229E,SGSR
HCoV-229E,SSFG
HCoV-229E,TLAN
HCoV-229E,VCNG
HCoV-229E,VELP
HCoV-229E,VSSF
HCoV-229E,ALQT
HCoV-229E,GFYS
HCoV-229E,INGY
HCoV-229E,IPSN
HCoV-229E,KCTK
HCoV-229E,LCVD
HCoV-229E,LRRG
HCoV-229E,NYTV
HCoV-229E,SSFG
HCoV-229E,TLAN
HCoV-229E,TNGT
HCoV-229E,TNTS
HCoV-229E,TSYG
HCoV-229E,VCNG
HCoV-229E,VSSF
HCoV-229E,ALQT
HCoV-229E,GFYS
HCoV-229E,INGY
HCoV-229E,IPSN
HCoV-229E,KCTK
HCoV-229E,LCVD
HCoV-229E,NYTV
HCoV-229E,SSFG
HCoV-229E,TLAN
HCoV-229E,TNGT
HCoV-229E,TNTS
HCoV-229E,TSYG
HCoV-229E,VCNG
HCoV-229E,VSSF
HCoV-229E,ALQT
HCoV-229E,GFYS
HCoV-229E,INGY
HCoV-229E,IPSN
HCoV-229E,KCTK
HCoV-229E,LCVD
HCoV-229E,NYTV
HCoV-229E,SSFG
HCoV-229E,TLAN
HCoV-229E,TNGT
HCoV-229E,TNTS
HCoV-229E,TSYG
HCoV-229E,VCNG
HCoV-229E,VSSF
HCoV-229E,ALQT
HCoV-229E,GFYS
HCoV-229E,INGY
HCoV-229E,IPSN
HCoV-229E,KCTK
HCoV-229E,LCVD
HCoV-229E,LRRG
HCoV-229E,NYTV
HCoV-229E,SSFG
HCoV-229E,TLAN
HCoV-229E,TNGT
HCoV-229E,TNTS
HCoV-229E,TSYG
HCoV-229E,VCNG
HCoV-229E,VSSF
HCoV-229E,ALQT
HCoV-229E,DVEA
HCoV-229E,GFYS
HCoV-229E,IPSN
HCoV-229E,KCTK
HCoV-229E,LCVD
HCoV-229E,NYTV
HCoV-229E,SSFG
HCoV-229E,TLAN
HCoV-229E,TNTS
HCoV-229E,TSYG
HCoV-229E,VCNG
HCoV-229E,VDGV
HCoV-229E,VITG
HCoV-229E,VSSF
HCoV-229E,KCTK
HCoV-229E,NYTV
HCoV-229E,SFGV
HCoV-229E,SGSR
HCoV-229E,SSFG
HCoV-229E,TLAN
HCoV-229E,VCNG
HCoV-229E,VELP
HCoV-229E,VSSF
HCoV-229E,YNIN
HCoV-229E,ALQT
HCoV-229E,DVEA
HCoV-229E,GFYS
HCoV-229E,INGY
HCoV-229E,IPSN
HCoV-229E,KCTK
HCoV-229E,LCVD
HCoV-229E,NYTV
HCoV-229E,SSFG
HCoV-229E,TLAN
HCoV-229E,TNTS
HCoV-229E,TSYG
HCoV-229E,VCNG
HCoV-229E,VITG
HCoV-229E,VSSF
HCoV-229E,ALQT
HCoV-229E,GFYS
HCoV-229E,IPSN
HCoV-229E,ISSS
HCoV-229E,KCTK
HCoV-229E,LCVD
HCoV-229E,NGTH
HCoV-229E,NYTV
HCoV-229E,SSFG
HCoV-229E,TIED
HCoV-229E,TLAN
HCoV-229E,TNGT
HCoV-229E,TSYG
HCoV-229E,VCNG
HCoV-229E,VSSF
HCoV-229E,ALQT
HCoV-229E,DVEA
HCoV-229E,GFYS
HCoV-229E,INGY
HCoV-229E,IPSN
HCoV-229E,KCTK
HCoV-229E,LCVD
HCoV-229E,NYTV
HCoV-229E,SSFG
HCoV-229E,TLAN
HCoV-229E,TNGT
HCoV-229E,TNTS
HCoV-229E,TSYG
HCoV-229E,VCNG
HCoV-229E,VSSF
HCoV-229E,ALQT
HCoV-229E,GFYS
HCoV-229E,INGY
HCoV-229E,IPSN
HCoV-229E,KCTK
HCoV-229E,LCVD
HCoV-229E,NYTV
HCoV-229E,SSFG
HCoV-229E,TLAN
HCoV-229E,TNTS
HCoV-229E,TSYG
HCoV-229E,VCNG
HCoV-229E,VSSF
HCoV-229E,ALQT
HCoV-229E,DVEA
HCoV-229E,GFYS
HCoV-229E,IPSN
HCoV-229E,KCTK
HCoV-229E,LCVD
HCoV-229E,NYTV
HCoV-229E,SSFG
HCoV-229E,TLAN
HCoV-229E,TNTS
HCoV-229E,TSYG
HCoV-229E,VCNG
HCoV-229E,VDGV
HCoV-229E,VITG
HCoV-229E,VSSF
HCoV-229E,ALQT
HCoV-229E,NYTV
HCoV-229E,SSFG
HCoV-229E,GFYS
HCoV-229E,INGY
HCoV-229E,IPSN
HCoV-229E,KCTK
HCoV-229E,LCVD
HCoV-229E,LRRG
HCoV-229E,NYTV
HCoV-229E,SGSR
HCoV-229E,SSFG
HCoV-229E,TLAN
HCoV-229E,TNGT
HCoV-229E,TNTS
HCoV-229E,TSYG
HCoV-229E,VCNG
HCoV-229E,VSSF
HCoV-229E,ALQT
HCoV-229E,GFYS
HCoV-229E,IPSN
HCoV-229E,KCTK
HCoV-229E,LCVD
HCoV-229E,LRRG
HCoV-229E,NYTV
HCoV-229E,SGSR
HCoV-229E,SSFG
HCoV-229E,TLAN
HCoV-229E,TSYG
HCoV-229E,VCNG
HCoV-229E,VSSF
HCoV-229E,GFYS
HCoV-229E,INGY
HCoV-229E,LCVD
HCoV-229E,NYTV
HCoV-229E,TNGT
HCoV-229E,TNTS
HCoV-229E,TSYG
HCoV-229E,VITG
HCoV-229E,XXXXXXXXXXXXXXXXXXXXXXXXXXXXXXXXXXXXXXXXXXXXXXXXXXXXXXXXXXXXXXXXXXXXXXXXXXXXXXXXXXXXXXXXXXXXXXXXXXXXXXXXXXXXXXXXXXXXXXXXXXXXXXXXXXXXXXXXXXXXXXXXXXXXXXXXXXXXXXXXXXXXXXXXXXXXXXXXXXXXXXXXXXXXXXXXXXXXXXXXXXXXXXXXXXXXXXXXXXXXXXXXXXXXXXXXXXXXXX
HCoV-229E,XXXXXXXXXXXXXXXXXXXXXXXXXXXXXXXXXXXXXXXXXXXXXXXXXXXXXXXXXXXXXXXXXXXXXXXXXXXXXXXXXXXXXXXXXXXXXXXXXXXXXXXXXXXXXXXXXXXXXXXXXXXXXXXXXXXXXXXXXXXXXXXXXXXXXXXXXXXXXXXXXXXXXXXXXXXXXXXXXXXXXXXXXXXXXXXXXXXXXXXXXXXXXXXXXXXXXXXXXXXXXXXXXXXXXXXXXXXXX
HCoV-229E,XXXXXXXXXXXXXXXXXXXXXXXXXXXXXXXXXXXXXXXXXXXXXXXXXXXXXXXXXXXXXXXXXXXXXXXXXXXXXXXXXXXXXXXXXXXXXXXXXXXXXXXXXXXXXXXXXXXXXXXXXXXXXXXXXXXXXXXXXXXXXXXXXXXXXXXXXXXXXXXXXXXXXXXXXXXXXXXXXXXXXXXXXXXXXXXXXXXXXXXXXXXXXXXXXXXXXXXXXXXXXXXXXXXXXXXXXXXX
HCoV-229E,XXXXXXXXXXXXXXXXXXXXXXXXXXXXXXXXXXXXXXXXXXXXXXXXXXXXXXXXXXXXXXXXXXXXXXXXXXXXXXXXXXXXXXXXXXXXXXXXXXXXXXXXXXXXXXXXXXXXXXXXXXXXXXXXXXXXXXXXXXXXXXXXXXXXXXXXXXXXXXXXXXXXXXXXXXXXXXXXXXXXXXXXXXXXXXXXXXXXXXXXXXXXXXXXXXXXXXXXXXXXXXXXXXXXXXXXXXX
HCoV-229E,XXXXXXXXXXXXXXXXXXXXXXXXXXXXXXXXXXXXXXXXXXXXXXXXXXXXXXXXXXXXXXXXXXXXXXXXXXXXXXXXXXXXXXXXXXXXXXXXXXXXXXXXXXXXXXXXXXXXXXXXXXXXXXXXXXXXXXXXXXXXXXXXXXXXXXXXXXXXXXXXXXXXXXXXXXXXXXXXXXXXXXXXXXXXXXXXXXXXXXXXXXXXXXXXXXXXXXXXXXXXXXXXXXXXXXXXXX
HCoV-229E,XXXXXXXXXXXXXXXXXXXXXXXXXXXXXXXXXXXXXXXXXXXXXXXXXXXXXXXXXXXXXXXXXXXXXXXXXXXXXXXXXXXXXXXXXXXXXXXXXXXXXXXXXXXXXXXXXXXXXXXXXXXXXXXXXXXXXXXXXXXXXXXXXXXXXXXXXXXXXXXXXXXXXXXXXXXXXXXXXXXXXXXXXXXXXXXXXXXXXXXXXXXXXXXXXXXXXXXXXXXXXXXXXXXXXXXXX
HCoV-229E,XXXXXXXXXXXXXXXXXXXXXXXXXXXXXXXXXXXXXXXXXXXXXXXXXXXXXXXXXXXXXXXXXXXXXXXXXXXXXXXXXXXXXXXXXXXXXXXXXXXXXXXXXXXXXXXXXXXXXXXXXXXXXXXXXXXXXXXXXXXXXXXXXXXXXXXXXXXXXXXXXXXXXXXXXXXXXXXXXXXXXXXXXXXXXXXXXXXXXXXXXXXXXXXXXXXXXXXXXXXXXXXXXXXXXXXX
HCoV-229E,XXXXXXXXXXXXXXXXXXXXXXXXXXXXXXXXXXXXXXXXXXXXXXXXXXXXXXXXXXXXXXXXXXXXXXXXXXXXXXXXXXXXXXXXXXXXXXXXXXXXXXXXXXXXXXXXXXXXXXXXXXXXXXXXXXXXXXXXXXXXXXXXXXXXXXXXXXXXXXXXXXXXXXXXXXXXXXXXXXXXXXXXXXXXXXXXXXXXXXXXXXXXXXXXXXXXXXXXXXXXXXXXXXXXXXX
HCoV-229E,XXXXXXXXXXXXXXXXXXXXXXXXXXXXXXXXXXXXXXXXXXXXXXXXXXXXXXXXXXXXXXXXXXXXXXXXXXXXXXXXXXXXXXXXXXXXXXXXXXXXXXXXXXXXXXXXXXXXXXXXXXXXXXXXXXXXXXXXXXXXXXXXXXXXXXXXXXXXXXXXXXXXXXXXXXXXXXXXXXXXXXXXXXXXXXXXXXXXXXXXXXXXXXXXXXXXXXXXXXXXXXXXXXXXXX
HCoV-229E,XXXXXXXXXXXXXXXXXXXXXXXXXXXXXXXXXXXXXXXXXXXXXXXXXXXXXXXXXXXXXXXXXXXXXXXXXXXXXXXXXXXXXXXXXXXXXXXXXXXXXXXXXXXXXXXXXXXXXXXXXXXXXXXXXXXXXXXXXXXXXXXXXXXXXXXXXXXXXXXXXXXXXXXXXXXXXXXXXXXXXXXXXXXXXXXXXXXXXXXXXXXXXXXXXXXXXXXXXXXXXXXXXXXXX
HCoV-229E,XXXXXXXXXXXXXXXXXXXXXXXXXXXXXXXXXXXXXXXXXXXXXXXXXXXXXXXXXXXXXXXXXXXXXXXXXXXXXXXXXXXXXXXXXXXXXXXXXXXXXXXXXXXXXXXXXXXXXXXXXXXXXXXXXXXXXXXXXXXXXXXXXXXXXXXXXXXXXXXXXXXXXXXXXXXXXXXXXXXXXXXXXXXXXXXXXXXXXXXXXXXXXXXXXXXXXXXXXXXXXXXXXXXX
HCoV-229E,XXXXXXXXXXXXXXXXXXXXXXXXXXXXXXXXXXXXXXXXXXXXXXXXXXXXXXXXXXXXXXXXXXXXXXXXXXXXXXXXXXXXXXXXXXXXXXXXXXXXXXXXXXXXXXXXXXXXXXXXXXXXXXXXXXXXXXXXXXXXXXXXXXXXXXXXXXXXXXXXXXXXXXXXXXXXXXXXXXXXXXXXXXXXXXXXXXXXXXXXXXXXXXXXXXXXXXXXXXXXXXXXXXX
HCoV-229E,XXXXXXXXXXXXXXXXXXXXXXXXXXXXXXXXXXXXXXXXXXXXXXXXXXXXXXXXXXXXXXXXXXXXXXXXXXXXXXXXXXXXXXXXXXXXXXXXXXXXXXXXXXXXXXXXXXXXXXXXXXXXXXXXXXXXXXXXXXXXXXXXXXXXXXXXXXXXXXXXXXXXXXXXXXXXXXXXXXXXXXXXXXXXXXXXXXXXXXXXXXXXXXXXXXXXXXXXXXXXXXXXXX
HCoV-229E,XXXXXXXXXXXXXXXXXXXXXXXXXXXXXXXXXXXXXXXXXXXXXXXXXXXXXXXXXXXXXXXXXXXXXXXXXXXXXXXXXXXXXXXXXXXXXXXXXXXXXXXXXXXXXXXXXXXXXXXXXXXXXXXXXXXXXXXXXXXXXXXXXXXXXXXXXXXXXXXXXXXXXXXXXXXXXXXXXXXXXXXXXXXXXXXXXXXXXXXXXXXXXXXXXXXXXXXXXXXXXXXXX
HCoV-229E,XXXXXXXXXXXXXXXXXXXXXXXXXXXXXXXXXXXXXXXXXXXXXXXXXXXXXXXXXXXXXXXXXXXXXXXXXXXXXXXXXXXXXXXXXXXXXXXXXXXXXXXXXXXXXXXXXXXXXXXXXXXXXXXXXXXXXXXXXXXXXXXXXXXXXXXXXXXXXXXXXXXXXXXXXXXXXXXXXXXXXXXXXXXXXXXXXXXXXXXXXXXXXXXXXXXXXXXXXXXXXXXX
HCoV-229E,XXXXXXXXXXXXXXXXXXXXXXXXXXXXXXXXXXXXXXXXXXXXXXXXXXXXXXXXXXXXXXXXXXXXXXXXXXXXXXXXXXXXXXXXXXXXXXXXXXXXXXXXXXXXXXXXXXXXXXXXXXXXXXXXXXXXXXXXXXXXXXXXXXXXXXXXXXXXXXXXXXXXXXXXXXXXXXXXXXXXXXXXXXXXXXXXXXXXXXXXXXXXXXXXXXXXXXXXXXXXXXX
HCoV-229E,XXXXXXXXXXXXXXXXXXXXXXXXXXXXXXXXXXXXXXXXXXXXXXXXXXXXXXXXXXXXXXXXXXXXXXXXXXXXXXXXXXXXXXXXXXXXXXXXXXXXXXXXXXXXXXXXXXXXXXXXXXXXXXXXXXXXXXXXXXXXXXXXXXXXXXXXXXXXXXXXXXXXXXXXXXXXXXXXXXXXXXXXXXXXXXXXXXXXXXXXXXXXXXXXXXXXXXXXXXXXXX
HCoV-229E,XXXXXXXXXXXXXXXXXXXXXXXXXXXXXXXXXXXXXXXXXXXXXXXXXXXXXXXXXXXXXXXXXXXXXXXXXXXXXXXXXXXXXXXXXXXXXXXXXXXXXXXXXXXXXXXXXXXXXXXXXXXXXXXXXXXXXXXXXXXXXXXXXXXXXXXXXXXXXXXXXXXXXXXXXXXXXXXXXXXXXXXXXXXXXXXXXXXXXXXXXXXXXXXXXXXXXXXXXXXXX
HCoV-229E,XXXXXXXXXXXXXXXXXXXXXXXXXXXXXXXXXXXXXXXXXXXXXXXXXXXXXXXXXXXXXXXXXXXXXXXXXXXXXXXXXXXXXXXXXXXXXXXXXXXXXXXXXXXXXXXXXXXXXXXXXXXXXXXXXXXXXXXXXXXXXXXXXXXXXXXXXXXXXXXXXXXXXXXXXXXXXXXXXXXXXXXXXXXXXXXXXXXXXXXXXXXXXXXXXXXXXXXXXXXX
HCoV-229E,XXXXXXXXXXXXXXXXXXXXXXXXXXXXXXXXXXXXXXXXXXXXXXXXXXXXXXXXXXXXXXXXXXXXXXXXXXXXXXXXXXXXXXXXXXXXXXXXXXXXXXXXXXXXXXXXXXXXXXXXXXXXXXXXXXXXXXXXXXXXXXXXXXXXXXXXXXXXXXXXXXXXXXXXXXXXXXXXXXXXXXXXXXXXXXXXXXXXXXXXXXXXXXXXXXXXXXXXXXX
HCoV-229E,XXXXXXXXXXXXXXXXXXXXXXXXXXXXXXXXXXXXXXXXXXXXXXXXXXXXXXXXXXXXXXXXXXXXXXXXXXXXXXXXXXXXXXXXXXXXXXXXXXXXXXXXXXXXXXXXXXXXXXXXXXXXXXXXXXXXXXXXXXXXXXXXXXXXXXXXXXXXXXXXXXXXXXXXXXXXXXXXXXXXXXXXXXXXXXXXXXXXXXXXXXXXXXXXXXXXXXXXXX
HCoV-229E,XXXXXXXXXXXXXXXXXXXXXXXXXXXXXXXXXXXXXXXXXXXXXXXXXXXXXXXXXXXXXXXXXXXXXXXXXXXXXXXXXXXXXXXXXXXXXXXXXXXXXXXXXXXXXXXXXXXXXXXXXXXXXXXXXXXXXXXXXXXXXXXXXXXXXXXXXXXXXXXXXXXXXXXXXXXXXXXXXXXXXXXXXXXXXXXXXXXXXXXXXXXXXXXXXXXXXXXXX
HCoV-229E,XXXXXXXXXXXXXXXXXXXXXXXXXXXXXXXXXXXXXXXXXXXXXXXXXXXXXXXXXXXXXXXXXXXXXXXXXXXXXXXXXXXXXXXXXXXXXXXXXXXXXXXXXXXXXXXXXXXXXXXXXXXXXXXXXXXXXXXXXXXXXXXXXXXXXXXXXXXXXXXXXXXXXXXXXXXXXXXXXXXXXXXXXXXXXXXXXXXXXXXXXXXXXXXXXXXXXXXX
HCoV-229E,XXXXXXXXXXXXXXXXXXXXXXXXXXXXXXXXXXXXXXXXXXXXXXXXXXXXXXXXXXXXXXXXXXXXXXXXXXXXXXXXXXXXXXXXXXXXXXXXXXXXXXXXXXXXXXXXXXXXXXXXXXXXXXXXXXXXXXXXXXXXXXXXXXXXXXXXXXXXXXXXXXXXXXXXXXXXXXXXXXXXXXXXXXXXXXXXXXXXXXXXXXXXXXXXXXXXXXX
HCoV-229E,XXXXXXXXXXXXXXXXXXXXXXXXXXXXXXXXXXXXXXXXXXXXXXXXXXXXXXXXXXXXXXXXXXXXXXXXXXXXXXXXXXXXXXXXXXXXXXXXXXXXXXXXXXXXXXXXXXXXXXXXXXXXXXXXXXXXXXXXXXXXXXXXXXXXXXXXXXXXXXXXXXXXXXXXXXXXXXXXXXXXXXXXXXXXXXXXXXXXXXXXXXXXXXXXXXXXXX
HCoV-229E,XXXXXXXXXXXXXXXXXXXXXXXXXXXXXXXXXXXXXXXXXXXXXXXXXXXXXXXXXXXXXXXXXXXXXXXXXXXXXXXXXXXXXXXXXXXXXXXXXXXXXXXXXXXXXXXXXXXXXXXXXXXXXXXXXXXXXXXXXXXXXXXXXXXXXXXXXXXXXXXXXXXXXXXXXXXXXXXXXXXXXXXXXXXXXXXXXXXXXXXXXXXXXXXXXXXXX
HCoV-229E,XXXXXXXXXXXXXXXXXXXXXXXXXXXXXXXXXXXXXXXXXXXXXXXXXXXXXXXXXXXXXXXXXXXXXXXXXXXXXXXXXXXXXXXXXXXXXXXXXXXXXXXXXXXXXXXXXXXXXXXXXXXXXXXXXXXXXXXXXXXXXXXXXXXXXXXXXXXXXXXXXXXXXXXXXXXXXXXXXXXXXXXXXXXXXXXXXXXXXXXXXXXXXXXXXXXX
HCoV-229E,XXXXXXXXXXXXXXXXXXXXXXXXXXXXXXXXXXXXXXXXXXXXXXXXXXXXXXXXXXXXXXXXXXXXXXXXXXXXXXXXXXXXXXXXXXXXXXXXXXXXXXXXXXXXXXXXXXXXXXXXXXXXXXXXXXXXXXXXXXXXXXXXXXXXXXXXXXXXXXXXXXXXXXXXXXXXXXXXXXXXXXXXXXXXXXXXXXXXXXXXXXXXXXXXXXX
HCoV-229E,XXXXXXXXXXXXXXXXXXXXXXXXXXXXXXXXXXXXXXXXXXXXXXXXXXXXXXXXXXXXXXXXXXXXXXXXXXXXXXXXXXXXXXXXXXXXXXXXXXXXXXXXXXXXXXXXXXXXXXXXXXXXXXXXXXXXXXXXXXXXXXXXXXXXXXXXXXXXXXXXXXXXXXXXXXXXXXXXXXXXXXXXXXXXXXXXXXXXXXXXXXXXXXXXXX
HCoV-229E,XXXXXXXXXXXXXXXXXXXXXXXXXXXXXXXXXXXXXXXXXXXXXXXXXXXXXXXXXXXXXXXXXXXXXXXXXXXXXXXXXXXXXXXXXXXXXXXXXXXXXXXXXXXXXXXXXXXXXXXXXXXXXXXXXXXXXXXXXXXXXXXXXXXXXXXXXXXXXXXXXXXXXXXXXXXXXXXXXXXXXXXXXXXXXXXXXXXXXXXXXXXXXXXXX
HCoV-229E,XXXXXXXXXXXXXXXXXXXXXXXXXXXXXXXXXXXXXXXXXXXXXXXXXXXXXXXXXXXXXXXXXXXXXXXXXXXXXXXXXXXXXXXXXXXXXXXXXXXXXXXXXXXXXXXXXXXXXXXXXXXXXXXXXXXXXXXXXXXXXXXXXXXXXXXXXXXXXXXXXXXXXXXXXXXXXXXXXXXXXXXXXXXXXXXXXXXXXXXXXXXXXXXX
HCoV-229E,XXXXXXXXXXXXXXXXXXXXXXXXXXXXXXXXXXXXXXXXXXXXXXXXXXXXXXXXXXXXXXXXXXXXXXXXXXXXXXXXXXXXXXXXXXXXXXXXXXXXXXXXXXXXXXXXXXXXXXXXXXXXXXXXXXXXXXXXXXXXXXXXXXXXXXXXXXXXXXXXXXXXXXXXXXXXXXXXXXXXXXXXXXXXXXXXXXXXXXXXXXXXXXX
HCoV-229E,XXXXXXXXXXXXXXXXXXXXXXXXXXXXXXXXXXXXXXXXXXXXXXXXXXXXXXXXXXXXXXXXXXXXXXXXXXXXXXXXXXXXXXXXXXXXXXXXXXXXXXXXXXXXXXXXXXXXXXXXXXXXXXXXXXXXXXXXXXXXXXXXXXXXXXXXXXXXXXXXXXXXXXXXXXXXXXXXXXXXXXXXXXXXXXXXXXXXXXXXXXXXXX
HCoV-229E,XXXXXXXXXXXXXXXXXXXXXXXXXXXXXXXXXXXXXXXXXXXXXXXXXXXXXXXXXXXXXXXXXXXXXXXXXXXXXXXXXXXXXXXXXXXXXXXXXXXXXXXXXXXXXXXXXXXXXXXXXXXXXXXXXXXXXXXXXXXXXXXXXXXXXXXXXXXXXXXXXXXXXXXXXXXXXXXXXXXXXXXXXXXXXXXXXXXXXXXXXXXXX
HCoV-229E,XXXXXXXXXXXXXXXXXXXXXXXXXXXXXXXXXXXXXXXXXXXXXXXXXXXXXXXXXXXXXXXXXXXXXXXXXXXXXXXXXXXXXXXXXXXXXXXXXXXXXXXXXXXXXXXXXXXXXXXXXXXXXXXXXXXXXXXXXXXXXXXXXXXXXXXXXXXXXXXXXXXXXXXXXXXXXXXXXXXXXXXXXXXXXXXXXXXXXXXXXXXX
HCoV-229E,XXXXXXXXXXXXXXXXXXXXXXXXXXXXXXXXXXXXXXXXXXXXXXXXXXXXXXXXXXXXXXXXXXXXXXXXXXXXXXXXXXXXXXXXXXXXXXXXXXXXXXXXXXXXXXXXXXXXXXXXXXXXXXXXXXXXXXXXXXXXXXXXXXXXXXXXXXXXXXXXXXXXXXXXXXXXXXXXXXXXXXXXXXXXXXXXXXXXXXXXXXX
HCoV-229E,XXXXXXXXXXXXXXXXXXXXXXXXXXXXXXXXXXXXXXXXXXXXXXXXXXXXXXXXXXXXXXXXXXXXXXXXXXXXXXXXXXXXXXXXXXXXXXXXXXXXXXXXXXXXXXXXXXXXXXXXXXXXXXXXXXXXXXXXXXXXXXXXXXXXXXXXXXXXXXXXXXXXXXXXXXXXXXXXXXXXXXXXXXXXXXXXXXXXXXXXXX
HCoV-229E,XXXXXXXXXXXXXXXXXXXXXXXXXXXXXXXXXXXXXXXXXXXXXXXXXXXXXXXXXXXXXXXXXXXXXXXXXXXXXXXXXXXXXXXXXXXXXXXXXXXXXXXXXXXXXXXXXXXXXXXXXXXXXXXXXXXXXXXXXXXXXXXXXXXXXXXXXXXXXXXXXXXXXXXXXXXXXXXXXXXXXXXXXXXXXXXXXXXXXXXXX
HCoV-229E,XXXXXXXXXXXXXXXXXXXXXXXXXXXXXXXXXXXXXXXXXXXXXXXXXXXXXXXXXXXXXXXXXXXXXXXXXXXXXXXXXXXXXXXXXXXXXXXXXXXXXXXXXXXXXXXXXXXXXXXXXXXXXXXXXXXXXXXXXXXXXXXXXXXXXXXXXXXXXXXXXXXXXXXXXXXXXXXXXXXXXXXXXXXXXXXXXXXXXXXX
HCoV-229E,XXXXXXXXXXXXXXXXXXXXXXXXXXXXXXXXXXXXXXXXXXXXXXXXXXXXXXXXXXXXXXXXXXXXXXXXXXXXXXXXXXXXXXXXXXXXXXXXXXXXXXXXXXXXXXXXXXXXXXXXXXXXXXXXXXXXXXXXXXXXXXXXXXXXXXXXXXXXXXXXXXXXXXXXXXXXXXXXXXXXXXXXXXXXXXXXXXXXXXX
HCoV-229E,XXXXXXXXXXXXXXXXXXXXXXXXXXXXXXXXXXXXXXXXXXXXXXXXXXXXXXXXXXXXXXXXXXXXXXXXXXXXXXXXXXXXXXXXXXXXXXXXXXXXXXXXXXXXXXXXXXXXXXXXXXXXXXXXXXXXXXXXXXXXXXXXXXXXXXXXXXXXXXXXXXXXXXXXXXXXXXXXXXXXXXXXXXXXXXXXXXXXXX
HCoV-229E,XXXXXXXXXXXXXXXXXXXXXXXXXXXXXXXXXXXXXXXXXXXXXXXXXXXXXXXXXXXXXXXXXXXXXXXXXXXXXXXXXXXXXXXXXXXXXXXXXXXXXXXXXXXXXXXXXXXXXXXXXXXXXXXXXXXXXXXXXXXXXXXXXXXXXXXXXXXXXXXXXXXXXXXXXXXXXXXXXXXXXXXXXXXXXXXXXXXXX
HCoV-229E,XXXXXXXXXXXXXXXXXXXXXXXXXXXXXXXXXXXXXXXXXXXXXXXXXXXXXXXXXXXXXXXXXXXXXXXXXXXXXXXXXXXXXXXXXXXXXXXXXXXXXXXXXXXXXXXXXXXXXXXXXXXXXXXXXXXXXXXXXXXXXXXXXXXXXXXXXXXXXXXXXXXXXXXXXXXXXXXXXXXXXXXXXXXXXXXXXXXX
HCoV-229E,XXXXXXXXXXXXXXXXXXXXXXXXXXXXXXXXXXXXXXXXXXXXXXXXXXXXXXXXXXXXXXXXXXXXXXXXXXXXXXXXXXXXXXXXXXXXXXXXXXXXXXXXXXXXXXXXXXXXXXXXXXXXXXXXXXXXXXXXXXXXXXXXXXXXXXXXXXXXXXXXXXXXXXXXXXXXXXXXXXXXXXXXXXXXXXXXXXX
HCoV-229E,XXXXXXXXXXXXXXXXXXXXXXXXXXXXXXXXXXXXXXXXXXXXXXXXXXXXXXXXXXXXXXXXXXXXXXXXXXXXXXXXXXXXXXXXXXXXXXXXXXXXXXXXXXXXXXXXXXXXXXXXXXXXXXXXXXXXXXXXXXXXXXXXXXXXXXXXXXXXXXXXXXXXXXXXXXXXXXXXXXXXXXXXXXXXXXXXXX
HCoV-229E,XXXXXXXXXXXXXXXXXXXXXXXXXXXXXXXXXXXXXXXXXXXXXXXXXXXXXXXXXXXXXXXXXXXXXXXXXXXXXXXXXXXXXXXXXXXXXXXXXXXXXXXXXXXXXXXXXXXXXXXXXXXXXXXXXXXXXXXXXXXXXXXXXXXXXXXXXXXXXXXXXXXXXXXXXXXXXXXXXXXXXXXXXXXXXXXXX
HCoV-229E,XXXXXXXXXXXXXXXXXXXXXXXXXXXXXXXXXXXXXXXXXXXXXXXXXXXXXXXXXXXXXXXXXXXXXXXXXXXXXXXXXXXXXXXXXXXXXXXXXXXXXXXXXXXXXXXXXXXXXXXXXXXXXXXXXXXXXXXXXXXXXXXXXXXXXXXXXXXXXXXXXXXXXXXXXXXXXXXXXXXXXXXXXXXXXXXX
HCoV-229E,XXXXXXXXXXXXXXXXXXXXXXXXXXXXXXXXXXXXXXXXXXXXXXXXXXXXXXXXXXXXXXXXXXXXXXXXXXXXXXXXXXXXXXXXXXXXXXXXXXXXXXXXXXXXXXXXXXXXXXXXXXXXXXXXXXXXXXXXXXXXXXXXXXXXXXXXXXXXXXXXXXXXXXXXXXXXXXXXXXXXXXXXXXXXXXX
HCoV-229E,XXXXXXXXXXXXXXXXXXXXXXXXXXXXXXXXXXXXXXXXXXXXXXXXXXXXXXXXXXXXXXXXXXXXXXXXXXXXXXXXXXXXXXXXXXXXXXXXXXXXXXXXXXXXXXXXXXXXXXXXXXXXXXXXXXXXXXXXXXXXXXXXXXXXXXXXXXXXXXXXXXXXXXXXXXXXXXXXXXXXXXXXXXXXXX
HCoV-229E,XXXXXXXXXXXXXXXXXXXXXXXXXXXXXXXXXXXXXXXXXXXXXXXXXXXXXXXXXXXXXXXXXXXXXXXXXXXXXXXXXXXXXXXXXXXXXXXXXXXXXXXXXXXXXXXXXXXXXXXXXXXXXXXXXXXXXXXXXXXXXXXXXXXXXXXXXXXXXXXXXXXXXXXXXXXXXXXXXXXXXXXXXXXXX
HCoV-229E,XXXXXXXXXXXXXXXXXXXXXXXXXXXXXXXXXXXXXXXXXXXXXXXXXXXXXXXXXXXXXXXXXXXXXXXXXXXXXXXXXXXXXXXXXXXXXXXXXXXXXXXXXXXXXXXXXXXXXXXXXXXXXXXXXXXXXXXXXXXXXXXXXXXXXXXXXXXXXXXXXXXXXXXXXXXXXXXXXXXXXXXXXXXX
HCoV-229E,XXXXXXXXXXXXXXXXXXXXXXXXXXXXXXXXXXXXXXXXXXXXXXXXXXXXXXXXXXXXXXXXXXXXXXXXXXXXXXXXXXXXXXXXXXXXXXXXXXXXXXXXXXXXXXXXXXXXXXXXXXXXXXXXXXXXXXXXXXXXXXXXXXXXXXXXXXXXXXXXXXXXXXXXXXXXXXXXXXXXXXXXXXX
HCoV-229E,XXXXXXXXXXXXXXXXXXXXXXXXXXXXXXXXXXXXXXXXXXXXXXXXXXXXXXXXXXXXXXXXXXXXXXXXXXXXXXXXXXXXXXXXXXXXXXXXXXXXXXXXXXXXXXXXXXXXXXXXXXXXXXXXXXXXXXXXXXXXXXXXXXXXXXXXXXXXXXXXXXXXXXXXXXXXXXXXXXXXXXXXXX
HCoV-229E,XXXXXXXXXXXXXXXXXXXXXXXXXXXXXXXXXXXXXXXXXXXXXXXXXXXXXXXXXXXXXXXXXXXXXXXXXXXXXXXXXXXXXXXXXXXXXXXXXXXXXXXXXXXXXXXXXXXXXXXXXXXXXXXXXXXXXXXXXXXXXXXXXXXXXXXXXXXXXXXXXXXXXXXXXXXXXXXXXXXXXXXXX
HCoV-229E,XXXXXXXXXXXXXXXXXXXXXXXXXXXXXXXXXXXXXXXXXXXXXXXXXXXXXXXXXXXXXXXXXXXXXXXXXXXXXXXXXXXXXXXXXXXXXXXXXXXXXXXXXXXXXXXXXXXXXXXXXXXXXXXXXXXXXXXXXXXXXXXXXXXXXXXXXXXXXXXXXXXXXXXXXXXXXXXXXXXXXXXX
HCoV-229E,XXXXXXXXXXXXXXXXXXXXXXXXXXXXXXXXXXXXXXXXXXXXXXXXXXXXXXXXXXXXXXXXXXXXXXXXXXXXXXXXXXXXXXXXXXXXXXXXXXXXXXXXXXXXXXXXXXXXXXXXXXXXXXXXXXXXXXXXXXXXXXXXXXXXXXXXXXXXXXXXXXXXXXXXXXXXXXXXXXXXXXX
HCoV-229E,XXXXXXXXXXXXXXXXXXXXXXXXXXXXXXXXXXXXXXXXXXXXXXXXXXXXXXXXXXXXXXXXXXXXXXXXXXXXXXXXXXXXXXXXXXXXXXXXXXXXXXXXXXXXXXXXXXXXXXXXXXXXXXXXXXXXXXXXXXXXXXXXXXXXXXXXXXXXXXXXXXXXXXXXXXXXXXXXXXXXXX
HCoV-229E,XXXXXXXXXXXXXXXXXXXXXXXXXXXXXXXXXXXXXXXXXXXXXXXXXXXXXXXXXXXXXXXXXXXXXXXXXXXXXXXXXXXXXXXXXXXXXXXXXXXXXXXXXXXXXXXXXXXXXXXXXXXXXXXXXXXXXXXXXXXXXXXXXXXXXXXXXXXXXXXXXXXXXXXXXXXXXXXXXXXXX
HCoV-229E,XXXXXXXXXXXXXXXXXXXXXXXXXXXXXXXXXXXXXXXXXXXXXXXXXXXXXXXXXXXXXXXXXXXXXXXXXXXXXXXXXXXXXXXXXXXXXXXXXXXXXXXXXXXXXXXXXXXXXXXXXXXXXXXXXXXXXXXXXXXXXXXXXXXXXXXXXXXXXXXXXXXXXXXXXXXXXXXXXXXX
HCoV-229E,XXXXXXXXXXXXXXXXXXXXXXXXXXXXXXXXXXXXXXXXXXXXXXXXXXXXXXXXXXXXXXXXXXXXXXXXXXXXXXXXXXXXXXXXXXXXXXXXXXXXXXXXXXXXXXXXXXXXXXXXXXXXXXXXXXXXXXXXXXXXXXXXXXXXXXXXXXXXXXXXXXXXXXXXXXXXXXXXXXX
HCoV-229E,XXXXXXXXXXXXXXXXXXXXXXXXXXXXXXXXXXXXXXXXXXXXXXXXXXXXXXXXXXXXXXXXXXXXXXXXXXXXXXXXXXXXXXXXXXXXXXXXXXXXXXXXXXXXXXXXXXXXXXXXXXXXXXXXXXXXXXXXXXXXXXXXXXXXXXXXXXXXXXXXXXXXXXXXXXXXXXXXXX
HCoV-229E,XXXXXXXXXXXXXXXXXXXXXXXXXXXXXXXXXXXXXXXXXXXXXXXXXXXXXXXXXXXXXXXXXXXXXXXXXXXXXXXXXXXXXXXXXXXXXXXXXXXXXXXXXXXXXXXXXXXXXXXXXXXXXXXXXXXXXXXXXXXXXXXXXXXXXXXXXXXXXXXXXXXXXXXXXXXXXXXXX
HCoV-229E,XXXXXXXXXXXXXXXXXXXXXXXXXXXXXXXXXXXXXXXXXXXXXXXXXXXXXXXXXXXXXXXXXXXXXXXXXXXXXXXXXXXXXXXXXXXXXXXXXXXXXXXXXXXXXXXXXXXXXXXXXXXXXXXXXXXXXXXXXXXXXXXXXXXXXXXXXXXXXXXXXXXXXXXXXXXXXXXX
HCoV-229E,XXXXXXXXXXXXXXXXXXXXXXXXXXXXXXXXXXXXXXXXXXXXXXXXXXXXXXXXXXXXXXXXXXXXXXXXXXXXXXXXXXXXXXXXXXXXXXXXXXXXXXXXXXXXXXXXXXXXXXXXXXXXXXXXXXXXXXXXXXXXXXXXXXXXXXXXXXXXXXXXXXXXXXXXXXXXXXX
HCoV-229E,XXXXXXXXXXXXXXXXXXXXXXXXXXXXXXXXXXXXXXXXXXXXXXXXXXXXXXXXXXXXXXXXXXXXXXXXXXXXXXXXXXXXXXXXXXXXXXXXXXXXXXXXXXXXXXXXXXXXXXXXXXXXXXXXXXXXXXXXXXXXXXXXXXXXXXXXXXXXXXXXXXXXXXXXXXXXXX
HCoV-229E,XXXXXXXXXXXXXXXXXXXXXXXXXXXXXXXXXXXXXXXXXXXXXXXXXXXXXXXXXXXXXXXXXXXXXXXXXXXXXXXXXXXXXXXXXXXXXXXXXXXXXXXXXXXXXXXXXXXXXXXXXXXXXXXXXXXXXXXXXXXXXXXXXXXXXXXXXXXXXXXXXXXXXXXXXXXXX
HCoV-229E,XXXXXXXXXXXXXXXXXXXXXXXXXXXXXXXXXXXXXXXXXXXXXXXXXXXXXXXXXXXXXXXXXXXXXXXXXXXXXXXXXXXXXXXXXXXXXXXXXXXXXXXXXXXXXXXXXXXXXXXXXXXXXXXXXXXXXXXXXXXXXXXXXXXXXXXXXXXXXXXXXXXXXXXXXXXX
HCoV-229E,XXXXXXXXXXXXXXXXXXXXXXXXXXXXXXXXXXXXXXXXXXXXXXXXXXXXXXXXXXXXXXXXXXXXXXXXXXXXXXXXXXXXXXXXXXXXXXXXXXXXXXXXXXXXXXXXXXXXXXXXXXXXXXXXXXXXXXXXXXXXXXXXXXXXXXXXXXXXXXXXXXXXXXXXXXX
HCoV-229E,XXXXXXXXXXXXXXXXXXXXXXXXXXXXXXXXXXXXXXXXXXXXXXXXXXXXXXXXXXXXXXXXXXXXXXXXXXXXXXXXXXXXXXXXXXXXXXXXXXXXXXXXXXXXXXXXXXXXXXXXXXXXXXXXXXXXXXXXXXXXXXXXXXXXXXXXXXXXXXXXXXXXXXXXXX
HCoV-229E,XXXXXXXXXXXXXXXXXXXXXXXXXXXXXXXXXXXXXXXXXXXXXXXXXXXXXXXXXXXXXXXXXXXXXXXXXXXXXXXXXXXXXXXXXXXXXXXXXXXXXXXXXXXXXXXXXXXXXXXXXXXXXXXXXXXXXXXXXXXXXXXXXXXXXXXXXXXXXXXXXXXXXXXXX
HCoV-229E,XXXXXXXXXXXXXXXXXXXXXXXXXXXXXXXXXXXXXXXXXXXXXXXXXXXXXXXXXXXXXXXXXXXXXXXXXXXXXXXXXXXXXXXXXXXXXXXXXXXXXXXXXXXXXXXXXXXXXXXXXXXXXXXXXXXXXXXXXXXXXXXXXXXXXXXXXXXXXXXXXXXXXXXX
HCoV-229E,XXXXXXXXXXXXXXXXXXXXXXXXXXXXXXXXXXXXXXXXXXXXXXXXXXXXXXXXXXXXXXXXXXXXXXXXXXXXXXXXXXXXXXXXXXXXXXXXXXXXXXXXXXXXXXXXXXXXXXXXXXXXXXXXXXXXXXXXXXXXXXXXXXXXXXXXXXXXXXXXXXXXXXX
HCoV-229E,XXXXXXXXXXXXXXXXXXXXXXXXXXXXXXXXXXXXXXXXXXXXXXXXXXXXXXXXXXXXXXXXXXXXXXXXXXXXXXXXXXXXXXXXXXXXXXXXXXXXXXXXXXXXXXXXXXXXXXXXXXXXXXXXXXXXXXXXXXXXXXXXXXXXXXXXXXXXXXXXXXXXXX
HCoV-229E,XXXXXXXXXXXXXXXXXXXXXXXXXXXXXXXXXXXXXXXXXXXXXXXXXXXXXXXXXXXXXXXXXXXXXXXXXXXXXXXXXXXXXXXXXXXXXXXXXXXXXXXXXXXXXXXXXXXXXXXXXXXXXXXXXXXXXXXXXXXXXXXXXXXXXXXXXXXXXXXXXXXXX
HCoV-229E,XXXXXXXXXXXXXXXXXXXXXXXXXXXXXXXXXXXXXXXXXXXXXXXXXXXXXXXXXXXXXXXXXXXXXXXXXXXXXXXXXXXXXXXXXXXXXXXXXXXXXXXXXXXXXXXXXXXXXXXXXXXXXXXXXXXXXXXXXXXXXXXXXXXXXXXXXXXXXXXXXXXX
HCoV-229E,XXXXXXXXXXXXXXXXXXXXXXXXXXXXXXXXXXXXXXXXXXXXXXXXXXXXXXXXXXXXXXXXXXXXXXXXXXXXXXXXXXXXXXXXXXXXXXXXXXXXXXXXXXXXXXXXXXXXXXXXXXXXXXXXXXXXXXXXXXXXXXXXXXXXXXXXXXXXXXXXXXX
HCoV-229E,XXXXXXXXXXXXXXXXXXXXXXXXXXXXXXXXXXXXXXXXXXXXXXXXXXXXXXXXXXXXXXXXXXXXXXXXXXXXXXXXXXXXXXXXXXXXXXXXXXXXXXXXXXXXXXXXXXXXXXXXXXXXXXXXXXXXXXXXXXXXXXXXXXXXXXXXXXXXXXXXXX
HCoV-229E,XXXXXXXXXXXXXXXXXXXXXXXXXXXXXXXXXXXXXXXXXXXXXXXXXXXXXXXXXXXXXXXXXXXXXXXXXXXXXXXXXXXXXXXXXXXXXXXXXXXXXXXXXXXXXXXXXXXXXXXXXXXXXXXXXXXXXXXXXXXXXXXXXXXXXXXXXXXXXXXXX
HCoV-229E,XXXXXXXXXXXXXXXXXXXXXXXXXXXXXXXXXXXXXXXXXXXXXXXXXXXXXXXXXXXXXXXXXXXXXXXXXXXXXXXXXXXXXXXXXXXXXXXXXXXXXXXXXXXXXXXXXXXXXXXXXXXXXXXXXXXXXXXXXXXXXXXXXXXXXXXXXXXXXXXX
HCoV-229E,XXXXXXXXXXXXXXXXXXXXXXXXXXXXXXXXXXXXXXXXXXXXXXXXXXXXXXXXXXXXXXXXXXXXXXXXXXXXXXXXXXXXXXXXXXXXXXXXXXXXXXXXXXXXXXXXXXXXXXXXXXXXXXXXXXXXXXXXXXXXXXXXXXXXXXXXXXXXXXX
HCoV-229E,XXXXXXXXXXXXXXXXXXXXXXXXXXXXXXXXXXXXXXXXXXXXXXXXXXXXXXXXXXXXXXXXXXXXXXXXXXXXXXXXXXXXXXXXXXXXXXXXXXXXXXXXXXXXXXXXXXXXXXXXXXXXXXXXXXXXXXXXXXXXXXXXXXXXXXXXXXXXXX
HCoV-229E,XXXXXXXXXXXXXXXXXXXXXXXXXXXXXXXXXXXXXXXXXXXXXXXXXXXXXXXXXXXXXXXXXXXXXXXXXXXXXXXXXXXXXXXXXXXXXXXXXXXXXXXXXXXXXXXXXXXXXXXXXXXXXXXXXXXXXXXXXXXXXXXXXXXXXXXXXXXXX
HCoV-229E,XXXXXXXXXXXXXXXXXXXXXXXXXXXXXXXXXXXXXXXXXXXXXXXXXXXXXXXXXXXXXXXXXXXXXXXXXXXXXXXXXXXXXXXXXXXXXXXXXXXXXXXXXXXXXXXXXXXXXXXXXXXXXXXXXXXXXXXXXXXXXXXXXXXXXXXXXXXX
HCoV-229E,XXXXXXXXXXXXXXXXXXXXXXXXXXXXXXXXXXXXXXXXXXXXXXXXXXXXXXXXXXXXXXXXXXXXXXXXXXXXXXXXXXXXXXXXXXXXXXXXXXXXXXXXXXXXXXXXXXXXXXXXXXXXXXXXXXXXXXXXXXXXXXXXXXXXXXXXXXX
HCoV-229E,XXXXXXXXXXXXXXXXXXXXXXXXXXXXXXXXXXXXXXXXXXXXXXXXXXXXXXXXXXXXXXXXXXXXXXXXXXXXXXXXXXXXXXXXXXXXXXXXXXXXXXXXXXXXXXXXXXXXXXXXXXXXXXXXXXXXXXXXXXXXXXXXXXXXXXXXXX
HCoV-229E,XXXXXXXXXXXXXXXXXXXXXXXXXXXXXXXXXXXXXXXXXXXXXXXXXXXXXXXXXXXXXXXXXXXXXXXXXXXXXXXXXXXXXXXXXXXXXXXXXXXXXXXXXXXXXXXXXXXXXXXXXXXXXXXXXXXXXXXXXXXXXXXXXXXXXXXXX
HCoV-229E,XXXXXXXXXXXXXXXXXXXXXXXXXXXXXXXXXXXXXXXXXXXXXXXXXXXXXXXXXXXXXXXXXXXXXXXXXXXXXXXXXXXXXXXXXXXXXXXXXXXXXXXXXXXXXXXXXXXXXXXXXXXXXXXXXXXXXXXXXXXXXXXXXXXXXXXX
HCoV-229E,XXXXXXXXXXXXXXXXXXXXXXXXXXXXXXXXXXXXXXXXXXXXXXXXXXXXXXXXXXXXXXXXXXXXXXXXXXXXXXXXXXXXXXXXXXXXXXXXXXXXXXXXXXXXXXXXXXXXXXXXXXXXXXXXXXXXXXXXXXXXXXXXXXXXXXX
HCoV-229E,XXXXXXXXXXXXXXXXXXXXXXXXXXXXXXXXXXXXXXXXXXXXXXXXXXXXXXXXXXXXXXXXXXXXXXXXXXXXXXXXXXXXXXXXXXXXXXXXXXXXXXXXXXXXXXXXXXXXXXXXXXXXXXXXXXXXXXXXXXXXXXXXXXXXXX
HCoV-229E,XXXXXXXXXXXXXXXXXXXXXXXXXXXXXXXXXXXXXXXXXXXXXXXXXXXXXXXXXXXXXXXXXXXXXXXXXXXXXXXXXXXXXXXXXXXXXXXXXXXXXXXXXXXXXXXXXXXXXXXXXXXXXXXXXXXXXXXXXXXXXXXXXXXXX
HCoV-229E,XXXXXXXXXXXXXXXXXXXXXXXXXXXXXXXXXXXXXXXXXXXXXXXXXXXXXXXXXXXXXXXXXXXXXXXXXXXXXXXXXXXXXXXXXXXXXXXXXXXXXXXXXXXXXXXXXXXXXXXXXXXXXXXXXXXXXXXXXXXXXXXXXXXX
HCoV-229E,XXXXXXXXXXXXXXXXXXXXXXXXXXXXXXXXXXXXXXXXXXXXXXXXXXXXXXXXXXXXXXXXXXXXXXXXXXXXXXXXXXXXXXXXXXXXXXXXXXXXXXXXXXXXXXXXXXXXXXXXXXXXXXXXXXXXXXXXXXXXXXXXXXX
HCoV-229E,XXXXXXXXXXXXXXXXXXXXXXXXXXXXXXXXXXXXXXXXXXXXXXXXXXXXXXXXXXXXXXXXXXXXXXXXXXXXXXXXXXXXXXXXXXXXXXXXXXXXXXXXXXXXXXXXXXXXXXXXXXXXXXXXXXXXXXXXXXXXXXXXXX
HCoV-229E,XXXXXXXXXXXXXXXXXXXXXXXXXXXXXXXXXXXXXXXXXXXXXXXXXXXXXXXXXXXXXXXXXXXXXXXXXXXXXXXXXXXXXXXXXXXXXXXXXXXXXXXXXXXXXXXXXXXXXXXXXXXXXXXXXXXXXXXXXXXXXXXXX
HCoV-229E,XXXXXXXXXXXXXXXXXXXXXXXXXXXXXXXXXXXXXXXXXXXXXXXXXXXXXXXXXXXXXXXXXXXXXXXXXXXXXXXXXXXXXXXXXXXXXXXXXXXXXXXXXXXXXXXXXXXXXXXXXXXXXXXXXXXXXXXXXXXXXXXX
HCoV-229E,XXXXXXXXXXXXXXXXXXXXXXXXXXXXXXXXXXXXXXXXXXXXXXXXXXXXXXXXXXXXXXXXXXXXXXXXXXXXXXXXXXXXXXXXXXXXXXXXXXXXXXXXXXXXXXXXXXXXXXXXXXXXXXXXXXXXXXXXXXXXXXX
HCoV-229E,XXXXXXXXXXXXXXXXXXXXXXXXXXXXXXXXXXXXXXXXXXXXXXXXXXXXXXXXXXXXXXXXXXXXXXXXXXXXXXXXXXXXXXXXXXXXXXXXXXXXXXXXXXXXXXXXXXXXXXXXXXXXXXXXXXXXXXXXXXXXXX
HCoV-229E,XXXXXXXXXXXXXXXXXXXXXXXXXXXXXXXXXXXXXXXXXXXXXXXXXXXXXXXXXXXXXXXXXXXXXXXXXXXXXXXXXXXXXXXXXXXXXXXXXXXXXXXXXXXXXXXXXXXXXXXXXXXXXXXXXXXXXXXXXXXXX
HCoV-229E,XXXXXXXXXXXXXXXXXXXXXXXXXXXXXXXXXXXXXXXXXXXXXXXXXXXXXXXXXXXXXXXXXXXXXXXXXXXXXXXXXXXXXXXXXXXXXXXXXXXXXXXXXXXXXXXXXXXXXXXXXXXXXXXXXXXXXXXXXXXX
HCoV-229E,XXXXXXXXXXXXXXXXXXXXXXXXXXXXXXXXXXXXXXXXXXXXXXXXXXXXXXXXXXXXXXXXXXXXXXXXXXXXXXXXXXXXXXXXXXXXXXXXXXXXXXXXXXXXXXXXXXXXXXXXXXXXXXXXXXXXXXXXXXX
HCoV-229E,XXXXXXXXXXXXXXXXXXXXXXXXXXXXXXXXXXXXXXXXXXXXXXXXXXXXXXXXXXXXXXXXXXXXXXXXXXXXXXXXXXXXXXXXXXXXXXXXXXXXXXXXXXXXXXXXXXXXXXXXXXXXXXXXXXXXXXXXXX
HCoV-229E,XXXXXXXXXXXXXXXXXXXXXXXXXXXXXXXXXXXXXXXXXXXXXXXXXXXXXXXXXXXXXXXXXXXXXXXXXXXXXXXXXXXXXXXXXXXXXXXXXXXXXXXXXXXXXXXXXXXXXXXXXXXXXXXXXXXXXXXXX
HCoV-229E,XXXXXXXXXXXXXXXXXXXXXXXXXXXXXXXXXXXXXXXXXXXXXXXXXXXXXXXXXXXXXXXXXXXXXXXXXXXXXXXXXXXXXXXXXXXXXXXXXXXXXXXXXXXXXXXXXXXXXXXXXXXXXXXXXXXXXXXX
HCoV-229E,XXXXXXXXXXXXXXXXXXXXXXXXXXXXXXXXXXXXXXXXXXXXXXXXXXXXXXXXXXXXXXXXXXXXXXXXXXXXXXXXXXXXXXXXXXXXXXXXXXXXXXXXXXXXXXXXXXXXXXXXXXXXXXXXXXXXXXX
HCoV-229E,XXXXXXXXXXXXXXXXXXXXXXXXXXXXXXXXXXXXXXXXXXXXXXXXXXXXXXXXXXXXXXXXXXXXXXXXXXXXXXXXXXXXXXXXXXXXXXXXXXXXXXXXXXXXXXXXXXXXXXXXXXXXXXXXXXXXXX
HCoV-229E,XXXXXXXXXXXXXXXXXXXXXXXXXXXXXXXXXXXXXXXXXXXXXXXXXXXXXXXXXXXXXXXXXXXXXXXXXXXXXXXXXXXXXXXXXXXXXXXXXXXXXXXXXXXXXXXXXXXXXXXXXXXXXXXXXXXXX
HCoV-229E,XXXXXXXXXXXXXXXXXXXXXXXXXXXXXXXXXXXXXXXXXXXXXXXXXXXXXXXXXXXXXXXXXXXXXXXXXXXXXXXXXXXXXXXXXXXXXXXXXXXXXXXXXXXXXXXXXXXXXXXXXXXXXXXXXXXX
HCoV-229E,XXXXXXXXXXXXXXXXXXXXXXXXXXXXXXXXXXXXXXXXXXXXXXXXXXXXXXXXXXXXXXXXXXXXXXXXXXXXXXXXXXXXXXXXXXXXXXXXXXXXXXXXXXXXXXXXXXXXXXXXXXXXXXXXXXX
HCoV-229E,XXXXXXXXXXXXXXXXXXXXXXXXXXXXXXXXXXXXXXXXXXXXXXXXXXXXXXXXXXXXXXXXXXXXXXXXXXXXXXXXXXXXXXXXXXXXXXXXXXXXXXXXXXXXXXXXXXXXXXXXXXXXXXXXXX
HCoV-229E,XXXXXXXXXXXXXXXXXXXXXXXXXXXXXXXXXXXXXXXXXXXXXXXXXXXXXXXXXXXXXXXXXXXXXXXXXXXXXXXXXXXXXXXXXXXXXXXXXXXXXXXXXXXXXXXXXXXXXXXXXXXXXXXXX
HCoV-229E,XXXXXXXXXXXXXXXXXXXXXXXXXXXXXXXXXXXXXXXXXXXXXXXXXXXXXXXXXXXXXXXXXXXXXXXXXXXXXXXXXXXXXXXXXXXXXXXXXXXXXXXXXXXXXXXXXXXXXXXXXXXXXXXX
HCoV-229E,XXXXXXXXXXXXXXXXXXXXXXXXXXXXXXXXXXXXXXXXXXXXXXXXXXXXXXXXXXXXXXXXXXXXXXXXXXXXXXXXXXXXXXXXXXXXXXXXXXXXXXXXXXXXXXXXXXXXXXXXXXXXXXX
HCoV-229E,XXXXXXXXXXXXXXXXXXXXXXXXXXXXXXXXXXXXXXXXXXXXXXXXXXXXXXXXXXXXXXXXXXXXXXXXXXXXXXXXXXXXXXXXXXXXXXXXXXXXXXXXXXXXXXXXXXXXXXXXXXXXXX
HCoV-229E,XXXXXXXXXXXXXXXXXXXXXXXXXXXXXXXXXXXXXXXXXXXXXXXXXXXXXXXXXXXXXXXXXXXXXXXXXXXXXXXXXXXXXXXXXXXXXXXXXXXXXXXXXXXXXXXXXXXXXXXXXXXXX
HCoV-229E,XXXXXXXXXXXXXXXXXXXXXXXXXXXXXXXXXXXXXXXXXXXXXXXXXXXXXXXXXXXXXXXXXXXXXXXXXXXXXXXXXXXXXXXXXXXXXXXXXXXXXXXXXXXXXXXXXXXXXXXXXXXX
HCoV-229E,XXXXXXXXXXXXXXXXXXXXXXXXXXXXXXXXXXXXXXXXXXXXXXXXXXXXXXXXXXXXXXXXXXXXXXXXXXXXXXXXXXXXXXXXXXXXXXXXXXXXXXXXXXXXXXXXXXXXXXXXXXX
HCoV-229E,XXXXXXXXXXXXXXXXXXXXXXXXXXXXXXXXXXXXXXXXXXXXXXXXXXXXXXXXXXXXXXXXXXXXXXXXXXXXXXXXXXXXXXXXXXXXXXXXXXXXXXXXXXXXXXXXXXXXXXXXXX
HCoV-229E,XXXXXXXXXXXXXXXXXXXXXXXXXXXXXXXXXXXXXXXXXXXXXXXXXXXXXXXXXXXXXXXXXXXXXXXXXXXXXXXXXXXXXXXXXXXXXXXXXXXXXXXXXXXXXXXXXXXXXXXXX
HCoV-229E,XXXXXXXXXXXXXXXXXXXXXXXXXXXXXXXXXXXXXXXXXXXXXXXXXXXXXXXXXXXXXXXXXXXXXXXXXXXXXXXXXXXXXXXXXXXXXXXXXXXXXXXXXXXXXXXXXXXXXXXX
HCoV-229E,XXXXXXXXXXXXXXXXXXXXXXXXXXXXXXXXXXXXXXXXXXXXXXXXXXXXXXXXXXXXXXXXXXXXXXXXXXXXXXXXXXXXXXXXXXXXXXXXXXXXXXXXXXXXXXXXXXXXXXX
HCoV-229E,XXXXXXXXXXXXXXXXXXXXXXXXXXXXXXXXXXXXXXXXXXXXXXXXXXXXXXXXXXXXXXXXXXXXXXXXXXXXXXXXXXXXXXXXXXXXXXXXXXXXXXXXXXXXXXXXXXXXXX
HCoV-229E,XXXXXXXXXXXXXXXXXXXXXXXXXXXXXXXXXXXXXXXXXXXXXXXXXXXXXXXXXXXXXXXXXXXXXXXXXXXXXXXXXXXXXXXXXXXXXXXXXXXXXXXXXXXXXXXXXXXXX
HCoV-229E,XXXXXXXXXXXXXXXXXXXXXXXXXXXXXXXXXXXXXXXXXXXXXXXXXXXXXXXXXXXXXXXXXXXXXXXXXXXXXXXXXXXXXXXXXXXXXXXXXXXXXXXXXXXXXXXXXXXX
HCoV-229E,XXXXXXXXXXXXXXXXXXXXXXXXXXXXXXXXXXXXXXXXXXXXXXXXXXXXXXXXXXXXXXXXXXXXXXXXXXXXXXXXXXXXXXXXXXXXXXXXXXXXXXXXXXXXXXXXXXX
HCoV-229E,XXXXXXXXXXXXXXXXXXXXXXXXXXXXXXXXXXXXXXXXXXXXXXXXXXXXXXXXXXXXXXXXXXXXXXXXXXXXXXXXXXXXXXXXXXXXXXXXXXXXXXXXXXXXXXXXXX
HCoV-229E,XXXXXXXXXXXXXXXXXXXXXXXXXXXXXXXXXXXXXXXXXXXXXXXXXXXXXXXXXXXXXXXXXXXXXXXXXXXXXXXXXXXXXXXXXXXXXXXXXXXXXXXXXXXXXXXXX
HCoV-229E,XXXXXXXXXXXXXXXXXXXXXXXXXXXXXXXXXXXXXXXXXXXXXXXXXXXXXXXXXXXXXXXXXXXXXXXXXXXXXXXXXXXXXXXXXXXXXXXXXXXXXXXXXXXXXXXX
HCoV-229E,XXXXXXXXXXXXXXXXXXXXXXXXXXXXXXXXXXXXXXXXXXXXXXXXXXXXXXXXXXXXXXXXXXXXXXXXXXXXXXXXXXXXXXXXXXXXXXXXXXXXXXXXXXXXXXX
HCoV-229E,XXXXXXXXXXXXXXXXXXXXXXXXXXXXXXXXXXXXXXXXXXXXXXXXXXXXXXXXXXXXXXXXXXXXXXXXXXXXXXXXXXXXXXXXXXXXXXXXXXXXXXXXXXXXXX
HCoV-229E,XXXXXXXXXXXXXXXXXXXXXXXXXXXXXXXXXXXXXXXXXXXXXXXXXXXXXXXXXXXXXXXXXXXXXXXXXXXXXXXXXXXXXXXXXXXXXXXXXXXXXXXXXXXXX
HCoV-229E,XXXXXXXXXXXXXXXXXXXXXXXXXXXXXXXXXXXXXXXXXXXXXXXXXXXXXXXXXXXXXXXXXXXXXXXXXXXXXXXXXXXXXXXXXXXXXXXXXXXXXXXXXXXX
HCoV-229E,XXXXXXXXXXXXXXXXXXXXXXXXXXXXXXXXXXXXXXXXXXXXXXXXXXXXXXXXXXXXXXXXXXXXXXXXXXXXXXXXXXXXXXXXXXXXXXXXXXXXXXXXXXX
HCoV-229E,XXXXXXXXXXXXXXXXXXXXXXXXXXXXXXXXXXXXXXXXXXXXXXXXXXXXXXXXXXXXXXXXXXXXXXXXXXXXXXXXXXXXXXXXXXXXXXXXXXXXXXXXXX
HCoV-229E,XXXXXXXXXXXXXXXXXXXXXXXXXXXXXXXXXXXXXXXXXXXXXXXXXXXXXXXXXXXXXXXXXXXXXXXXXXXXXXXXXXXXXXXXXXXXXXXXXXXXXXXXX
HCoV-229E,XXXXXXXXXXXXXXXXXXXXXXXXXXXXXXXXXXXXXXXXXXXXXXXXXXXXXXXXXXXXXXXXXXXXXXXXXXXXXXXXXXXXXXXXXXXXXXXXXXXXXXXX
HCoV-229E,XXXXXXXXXXXXXXXXXXXXXXXXXXXXXXXXXXXXXXXXXXXXXXXXXXXXXXXXXXXXXXXXXXXXXXXXXXXXXXXXXXXXXXXXXXXXXXXXXXXXXXX
HCoV-229E,XXXXXXXXXXXXXXXXXXXXXXXXXXXXXXXXXXXXXXXXXXXXXXXXXXXXXXXXXXXXXXXXXXXXXXXXXXXXXXXXXXXXXXXXXXXXXXXXXXXXXX
HCoV-229E,XXXXXXXXXXXXXXXXXXXXXXXXXXXXXXXXXXXXXXXXXXXXXXXXXXXXXXXXXXXXXXXXXXXXXXXXXXXXXXXXXXXXXXXXXXXXXXXXXXXXX
HCoV-229E,XXXXXXXXXXXXXXXXXXXXXXXXXXXXXXXXXXXXXXXXXXXXXXXXXXXXXXXXXXXXXXXXXXXXXXXXXXXXXXXXXXXXXXXXXXXXXXXXXXXX
HCoV-229E,XXXXXXXXXXXXXXXXXXXXXXXXXXXXXXXXXXXXXXXXXXXXXXXXXXXXXXXXXXXXXXXXXXXXXXXXXXXXXXXXXXXXXXXXXXXXXXXXXXX
HCoV-229E,XXXXXXXXXXXXXXXXXXXXXXXXXXXXXXXXXXXXXXXXXXXXXXXXXXXXXXXXXXXXXXXXXXXXXXXXXXXXXXXXXXXXXXXXXXXXXXXXXX
HCoV-229E,XXXXXXXXXXXXXXXXXXXXXXXXXXXXXXXXXXXXXXXXXXXXXXXXXXXXXXXXXXXXXXXXXXXXXXXXXXXXXXXXXXXXXXXXXXXXXXXXX
HCoV-229E,XXXXXXXXXXXXXXXXXXXXXXXXXXXXXXXXXXXXXXXXXXXXXXXXXXXXXXXXXXXXXXXXXXXXXXXXXXXXXXXXXXXXXXXXXXXXXXXX
HCoV-229E,XXXXXXXXXXXXXXXXXXXXXXXXXXXXXXXXXXXXXXXXXXXXXXXXXXXXXXXXXXXXXXXXXXXXXXXXXXXXXXXXXXXXXXXXXXXXXXX
HCoV-229E,XXXXXXXXXXXXXXXXXXXXXXXXXXXXXXXXXXXXXXXXXXXXXXXXXXXXXXXXXXXXXXXXXXXXXXXXXXXXXXXXXXXXXXXXXXXXXX
HCoV-229E,XXXXXXXXXXXXXXXXXXXXXXXXXXXXXXXXXXXXXXXXXXXXXXXXXXXXXXXXXXXXXXXXXXXXXXXXXXXXXXXXXXXXXXXXXXXXX
HCoV-229E,XXXXXXXXXXXXXXXXXXXXXXXXXXXXXXXXXXXXXXXXXXXXXXXXXXXXXXXXXXXXXXXXXXXXXXXXXXXXXXXXXXXXXXXXXXXX
HCoV-229E,XXXXXXXXXXXXXXXXXXXXXXXXXXXXXXXXXXXXXXXXXXXXXXXXXXXXXXXXXXXXXXXXXXXXXXXXXXXXXXXXXXXXXXXXXXX
HCoV-229E,XXXXXXXXXXXXXXXXXXXXXXXXXXXXXXXXXXXXXXXXXXXXXXXXXXXXXXXXXXXXXXXXXXXXXXXXXXXXXXXXXXXXXXXXXX
HCoV-229E,XXXXXXXXXXXXXXXXXXXXXXXXXXXXXXXXXXXXXXXXXXXXXXXXXXXXXXXXXXXXXXXXXXXXXXXXXXXXXXXXXXXXXXXXX
HCoV-229E,XXXXXXXXXXXXXXXXXXXXXXXXXXXXXXXXXXXXXXXXXXXXXXXXXXXXXXXXXXXXXXXXXXXXXXXXXXXXXXXXXXXXXXXX
HCoV-229E,XXXXXXXXXXXXXXXXXXXXXXXXXXXXXXXXXXXXXXXXXXXXXXXXXXXXXXXXXXXXXXXXXXXXXXXXXXXXXXXXXXXXXXX
HCoV-229E,XXXXXXXXXXXXXXXXXXXXXXXXXXXXXXXXXXXXXXXXXXXXXXXXXXXXXXXXXXXXXXXXXXXXXXXXXXXXXXXXXXXXXX
HCoV-229E,XXXXXXXXXXXXXXXXXXXXXXXXXXXXXXXXXXXXXXXXXXXXXXXXXXXXXXXXXXXXXXXXXXXXXXXXXXXXXXXXXXXXX
HCoV-229E,XXXXXXXXXXXXXXXXXXXXXXXXXXXXXXXXXXXXXXXXXXXXXXXXXXXXXXXXXXXXXXXXXXXXXXXXXXXXXXXXXXXX
HCoV-229E,XXXXXXXXXXXXXXXXXXXXXXXXXXXXXXXXXXXXXXXXXXXXXXXXXXXXXXXXXXXXXXXXXXXXXXXXXXXXXXXXXXX
HCoV-229E,XXXXXXXXXXXXXXXXXXXXXXXXXXXXXXXXXXXXXXXXXXXXXXXXXXXXXXXXXXXXXXXXXXXXXXXXXXXXXXXXXX
HCoV-229E,XXXXXXXXXXXXXXXXXXXXXXXXXXXXXXXXXXXXXXXXXXXXXXXXXXXXXXXXXXXXXXXXXXXXXXXXXXXXXXXXX
HCoV-229E,XXXXXXXXXXXXXXXXXXXXXXXXXXXXXXXXXXXXXXXXXXXXXXXXXXXXXXXXXXXXXXXXXXXXXXXXXXXXXXXX
HCoV-229E,XXXXXXXXXXXXXXXXXXXXXXXXXXXXXXXXXXXXXXXXXXXXXXXXXXXXXXXXXXXXXXXXXXXXXXXXXXXXXXX
HCoV-229E,XXXXXXXXXXXXXXXXXXXXXXXXXXXXXXXXXXXXXXXXXXXXXXXXXXXXXXXXXXXXXXXXXXXXXXXXXXXXXX
HCoV-229E,XXXXXXXXXXXXXXXXXXXXXXXXXXXXXXXXXXXXXXXXXXXXXXXXXXXXXXXXXXXXXXXXXXXXXXXXXXXXX
HCoV-229E,XXXXXXXXXXXXXXXXXXXXXXXXXXXXXXXXXXXXXXXXXXXXXXXXXXXXXXXXXXXXXXXXXXXXXXXXXXXX
HCoV-229E,XXXXXXXXXXXXXXXXXXXXXXXXXXXXXXXXXXXXXXXXXXXXXXXXXXXXXXXXXXXXXXXXXXXXXXXXXXX
HCoV-229E,XXXXXXXXXXXXXXXXXXXXXXXXXXXXXXXXXXXXXXXXXXXXXXXXXXXXXXXXXXXXXXXXXXXXXXXXXX
HCoV-229E,XXXXXXXXXXXXXXXXXXXXXXXXXXXXXXXXXXXXXXXXXXXXXXXXXXXXXXXXXXXXXXXXXXXXXXXXX
HCoV-229E,XXXXXXXXXXXXXXXXXXXXXXXXXXXXXXXXXXXXXXXXXXXXXXXXXXXXXXXXXXXXXXXXXXXXXXXX
HCoV-229E,XXXXXXXXXXXXXXXXXXXXXXXXXXXXXXXXXXXXXXXXXXXXXXXXXXXXXXXXXXXXXXXXXXXXXXX
HCoV-229E,XXXXXXXXXXXXXXXXXXXXXXXXXXXXXXXXXXXXXXXXXXXXXXXXXXXXXXXXXXXXXXXXXXXXXX
HCoV-229E,XXXXXXXXXXXXXXXXXXXXXXXXXXXXXXXXXXXXXXXXXXXXXXXXXXXXXXXXXXXXXXXXXXXXX
HCoV-229E,XXXXXXXXXXXXXXXXXXXXXXXXXXXXXXXXXXXXXXXXXXXXXXXXXXXXXXXXXXXXXXXXXXXX
HCoV-229E,XXXXXXXXXXXXXXXXXXXXXXXXXXXXXXXXXXXXXXXXXXXXXXXXXXXXXXXXXXXXXXXXXXX
HCoV-229E,XXXXXXXXXXXXXXXXXXXXXXXXXXXXXXXXXXXXXXXXXXXXXXXXXXXXXXXXXXXXXXXXXX
HCoV-229E,XXXXXXXXXXXXXXXXXXXXXXXXXXXXXXXXXXXXXXXXXXXXXXXXXXXXXXXXXXXXXXXXX
HCoV-229E,XXXXXXXXXXXXXXXXXXXXXXXXXXXXXXXXXXXXXXXXXXXXXXXXXXXXXXXXXXXXXXXX
HCoV-229E,XXXXXXXXXXXXXXXXXXXXXXXXXXXXXXXXXXXXXXXXXXXXXXXXXXXXXXXXXXXXXXX
HCoV-229E,XXXXXXXXXXXXXXXXXXXXXXXXXXXXXXXXXXXXXXXXXXXXXXXXXXXXXXXXXXXXXX
HCoV-229E,XXXXXXXXXXXXXXXXXXXXXXXXXXXXXXXXXXXXXXXXXXXXXXXXXXXXXXXXXXXXX
HCoV-229E,XXXXXXXXXXXXXXXXXXXXXXXXXXXXXXXXXXXXXXXXXXXXXXXXXXXXXXXXXXXX
HCoV-229E,XXXXXXXXXXXXXXXXXXXXXXXXXXXXXXXXXXXXXXXXXXXXXXXXXXXXXXXXXXX
HCoV-229E,XXXXXXXXXXXXXXXXXXXXXXXXXXXXXXXXXXXXXXXXXXXXXXXXXXXXXXXXXX
HCoV-229E,XXXXXXXXXXXXXXXXXXXXXXXXXXXXXXXXXXXXXXXXXXXXXXXXXXXXXXXXX
HCoV-229E,XXXXXXXXXXXXXXXXXXXXXXXXXXXXXXXXXXXXXXXXXXXXXXXXXXXXXXXX
HCoV-229E,XXXXXXXXXXXXXXXXXXXXXXXXXXXXXXXXXXXXXXXXXXXXXXXXXXXXXXX
HCoV-229E,XXXXXXXXXXXXXXXXXXXXXXXXXXXXXXXXXXXXXXXXXXXXXXXXXXXXXX
HCoV-229E,XXXXXXXXXXXXXXXXXXXXXXXXXXXXXXXXXXXXXXXXXXXXXXXXXXXXX
HCoV-229E,XXXXXXXXXXXXXXXXXXXXXXXXXXXXXXXXXXXXXXXXXXXXXXXXXXXX
HCoV-229E,XXXXXXXXXXXXXXXXXXXXXXXXXXXXXXXXXXXXXXXXXXXXXXXXXXX
HCoV-229E,XXXXXXXXXXXXXXXXXXXXXXXXXXXXXXXXXXXXXXXXXXXXXXXXXX
HCoV-229E,XXXXXXXXXXXXXXXXXXXXXXXXXXXXXXXXXXXXXXXXXXXXXXXXX
HCoV-229E,XXXXXXXXXXXXXXXXXXXXXXXXXXXXXXXXXXXXXXXXXXXXXXXX
HCoV-229E,XXXXXXXXXXXXXXXXXXXXXXXXXXXXXXXXXXXXXXXXXXXXXXX
HCoV-229E,XXXXXXXXXXXXXXXXXXXXXXXXXXXXXXXXXXXXXXXXXXXXXX
HCoV-229E,XXXXXXXXXXXXXXXXXXXXXXXXXXXXXXXXXXXXXXXXXXXXX
HCoV-229E,XXXXXXXXXXXXXXXXXXXXXXXXXXXXXXXXXXXXXXXXXXXXX
HCoV-229E,XXXXXXXXXXXXXXXXXXXXXXXXXXXXXXXXXXXXXXXXXXXXX
HCoV-229E,XXXXXXXXXXXXXXXXXXXXXXXXXXXXXXXXXXXXXXXXXXXXX
HCoV-229E,XXXXXXXXXXXXXXXXXXXXXXXXXXXXXXXXXXXXXXXXXXXXX
HCoV-229E,XXXXXXXXXXXXXXXXXXXXXXXXXXXXXXXXXXXXXXXXXXXXX
HCoV-229E,XXXXXXXXXXXXXXXXXXXXXXXXXXXXXXXXXXXXXXXXXXXXX
HCoV-229E,XXXXXXXXXXXXXXXXXXXXXXXXXXXXXXXXXXXXXXXXXXXXX
HCoV-229E,XXXXXXXXXXXXXXXXXXXXXXXXXXXXXXXXXXXXXXXXXXXXX
HCoV-229E,XXXXXXXXXXXXXXXXXXXXXXXXXXXXXXXXXXXXXXXXXXXXX
HCoV-229E,XXXXXXXXXXXXXXXXXXXXXXXXXXXXXXXXXXXXXXXXXXXXX
HCoV-229E,XXXXXXXXXXXXXXXXXXXXXXXXXXXXXXXXXXXXXXXXXXXXX
HCoV-229E,XXXXXXXXXXXXXXXXXXXXXXXXXXXXXXXXXXXXXXXXXXXXX
HCoV-229E,XXXXXXXXXXXXXXXXXXXXXXXXXXXXXXXXXXXXXXXXXXXXX
HCoV-229E,XXXXXXXXXXXXXXXXXXXXXXXXXXXXXXXXXXXXXXXXXXXXX
HCoV-229E,XXXXXXXXXXXXXXXXXXXXXXXXXXXXXXXXXXXXXXXXXXXXX
HCoV-229E,XXXXXXXXXXXXXXXXXXXXXXXXXXXXXXXXXXXXXXXXXXXXX
HCoV-229E,XXXXXXXXXXXXXXXXXXXXXXXXXXXXXXXXXXXXXXXXXXXXX
HCoV-229E,XXXXXXXXXXXXXXXXXXXXXXXXXXXXXXXXXXXXXXXXXXXXX
HCoV-229E,XXXXXXXXXXXXXXXXXXXXXXXXXXXXXXXXXXXXXXXXXXXXX
HCoV-229E,XXXXXXXXXXXXXXXXXXXXXXXXXXXXXXXXXXXXXXXXXXXXX
HCoV-229E,XXXXXXXXXXXXXXXXXXXXXXXXXXXXXXXXXXXXXXXXXXXXX
HCoV-229E,XXXXXXXXXXXXXXXXXXXXXXXXXXXXXXXXXXXXXXXXXXXXX
HCoV-229E,XXXXXXXXXXXXXXXXXXXXXXXXXXXXXXXXXXXXXXXXXXXXX
HCoV-229E,XXXXXXXXXXXXXXXXXXXXXXXXXXXXXXXXXXXXXXXXXXXXX
HCoV-229E,XXXXXXXXXXXXXXXXXXXXXXXXXXXXXXXXXXXXXXXXXXXXX
HCoV-229E,XXXXXXXXXXXXXXXXXXXXXXXXXXXXXXXXXXXXXXXXXXXXX
HCoV-229E,XXXXXXXXXXXXXXXXXXXXXXXXXXXXXXXXXXXXXXXXXXXXX
HCoV-229E,XXXXXXXXXXXXXXXXXXXXXXXXXXXXXXXXXXXXXXXXXXXXX
HCoV-229E,XXXXXXXXXXXXXXXXXXXXXXXXXXXXXXXXXXXXXXXXXXXXX
HCoV-229E,XXXXXXXXXXXXXXXXXXXXXXXXXXXXXXXXXXXXXXXXXXXXX
HCoV-229E,XXXXXXXXXXXXXXXXXXXXXXXXXXXXXXXXXXXXXXXXXXXXX
HCoV-229E,XXXXXXXXXXXXXXXXXXXXXXXXXXXXXXXXXXXXXXXXXXXXX
HCoV-229E,XXXXXXXXXXXXXXXXXXXXXXXXXXXXXXXXXXXXXXXXXXXXX
HCoV-229E,XXXXXXXXXXXXXXXXXXXXXXXXXXXXXXXXXXXXXXXXXXXXX
HCoV-229E,XXXXXXXXXXXXXXXXXXXXXXXXXXXXXXXXXXXXXXXXXXXXX
HCoV-229E,XXXXXXXXXXXXXXXXXXXXXXXXXXXXXXXXXXXXXXXXXXXXX
HCoV-229E,XXXXXXXXXXXXXXXXXXXXXXXXXXXXXXXXXXXXXXXXXXXXX
HCoV-229E,XXXXXXXXXXXXXXXXXXXXXXXXXXXXXXXXXXXXXXXXXXXXX
HCoV-229E,XXXXXXXXXXXXXXXXXXXXXXXXXXXXXXXXXXXXXXXXXXXXX
HCoV-229E,XXXXXXXXXXXXXXXXXXXXXXXXXXXXXXXXXXXXXXXXXXXXX
HCoV-229E,XXXXXXXXXXXXXXXXXXXXXXXXXXXXXXXXXXXXXXXXXXXXX
HCoV-229E,XXXXXXXXXXXXXXXXXXXXXXXXXXXXXXXXXXXXXXXXXXXXX
HCoV-229E,XXXXXXXXXXXXXXXXXXXXXXXXXXXXXXXXXXXXXXXXXXXXX
HCoV-229E,XXXXXXXXXXXXXXXXXXXXXXXXXXXXXXXXXXXXXXXXXXXXX
HCoV-229E,XXXXXXXXXXXXXXXXXXXXXXXXXXXXXXXXXXXXXXXXXXXXX
HCoV-229E,XXXXXXXXXXXXXXXXXXXXXXXXXXXXXXXXXXXXXXXXXXXXX
HCoV-229E,XXXXXXXXXXXXXXXXXXXXXXXXXXXXXXXXXXXXXXXXXXXXX
HCoV-229E,XXXXXXXXXXXXXXXXXXXXXXXXXXXXXXXXXXXXXXXXXXXXX
HCoV-229E,XXXXXXXXXXXXXXXXXXXXXXXXXXXXXXXXXXXXXXXXXXXXX
HCoV-229E,XXXXXXXXXXXXXXXXXXXXXXXXXXXXXXXXXXXXXXXXXXXXX
HCoV-229E,XXXXXXXXXXXXXXXXXXXXXXXXXXXXXXXXXXXXXXXXXXXXX
HCoV-229E,XXXXXXXXXXXXXXXXXXXXXXXXXXXXXXXXXXXXXXXXXXXXX
HCoV-229E,XXXXXXXXXXXXXXXXXXXXXXXXXXXXXXXXXXXXXXXXXXXXX
HCoV-229E,XXXXXXXXXXXXXXXXXXXXXXXXXXXXXXXXXXXXXXXXXXXXX
HCoV-229E,XXXXXXXXXXXXXXXXXXXXXXXXXXXXXXXXXXXXXXXXXXXXX
HCoV-229E,XXXXXXXXXXXXXXXXXXXXXXXXXXXXXXXXXXXXXXXXXXXXX
HCoV-229E,XXXXXXXXXXXXXXXXXXXXXXXXXXXXXXXXXXXXXXXXXXXXX
HCoV-229E,XXXXXXXXXXXXXXXXXXXXXXXXXXXXXXXXXXXXXXXXXXXXX
HCoV-229E,XXXXXXXXXXXXXXXXXXXXXXXXXXXXXXXXXXXXXXXXXXXXX
HCoV-229E,XXXXXXXXXXXXXXXXXXXXXXXXXXXXXXXXXXXXXXXXXXXXX
HCoV-229E,XXXXXXXXXXXXXXXXXXXXXXXXXXXXXXXXXXXXXXXXXXXXX
HCoV-229E,XXXXXXXXXXXXXXXXXXXXXXXXXXXXXXXXXXXXXXXXXXXXX
HCoV-229E,XXXXXXXXXXXXXXXXXXXXXXXXXXXXXXXXXXXXXXXXXXXXX
HCoV-229E,XXXXXXXXXXXXXXXXXXXXXXXXXXXXXXXXXXXXXXXXXXXXX
HCoV-229E,XXXXXXXXXXXXXXXXXXXXXXXXXXXXXXXXXXXXXXXXXXXXX
HCoV-229E,XXXXXXXXXXXXXXXXXXXXXXXXXXXXXXXXXXXXXXXXXXXXX
HCoV-229E,XXXXXXXXXXXXXXXXXXXXXXXXXXXXXXXXXXXXXXXXXXXXX
HCoV-229E,XXXXXXXXXXXXXXXXXXXXXXXXXXXXXXXXXXXXXXXXXXXXX
HCoV-229E,XXXXXXXXXXXXXXXXXXXXXXXXXXXXXXXXXXXXXXXXXXXXX
HCoV-229E,XXXXXXXXXXXXXXXXXXXXXXXXXXXXXXXXXXXXXXXXXXXXX
HCoV-229E,XXXXXXXXXXXXXXXXXXXXXXXXXXXXXXXXXXXXXXXXXXXXX
HCoV-229E,XXXXXXXXXXXXXXXXXXXXXXXXXXXXXXXXXXXXXXXXXXXXX
HCoV-229E,XXXXXXXXXXXXXXXXXXXXXXXXXXXXXXXXXXXXXXXXXXXXX
HCoV-229E,XXXXXXXXXXXXXXXXXXXXXXXXXXXXXXXXXXXXXXXXXXXXX
HCoV-229E,XXXXXXXXXXXXXXXXXXXXXXXXXXXXXXXXXXXXXXXXXXXXX
HCoV-229E,XXXXXXXXXXXXXXXXXXXXXXXXXXXXXXXXXXXXXXXXXXXXX
HCoV-229E,XXXXXXXXXXXXXXXXXXXXXXXXXXXXXXXXXXXXXXXXXXXXX
HCoV-229E,XXXXXXXXXXXXXXXXXXXXXXXXXXXXXXXXXXXXXXXXXXXXX
HCoV-229E,XXXXXXXXXXXXXXXXXXXXXXXXXXXXXXXXXXXXXXXXXXXXX
HCoV-229E,XXXXXXXXXXXXXXXXXXXXXXXXXXXXXXXXXXXXXXXXXXXXX
HCoV-229E,XXXXXXXXXXXXXXXXXXXXXXXXXXXXXXXXXXXXXXXXXXXXX
HCoV-229E,XXXXXXXXXXXXXXXXXXXXXXXXXXXXXXXXXXXXXXXXXXXXX
HCoV-229E,XXXXXXXXXXXXXXXXXXXXXXXXXXXXXXXXXXXXXXXXXXXXX
HCoV-229E,XXXXXXXXXXXXXXXXXXXXXXXXXXXXXXXXXXXXXXXXXXXXX
HCoV-229E,XXXXXXXXXXXXXXXXXXXXXXXXXXXXXXXXXXXXXXXXXXXXX
HCoV-229E,XXXXXXXXXXXXXXXXXXXXXXXXXXXXXXXXXXXXXXXXXXXXX
HCoV-229E,XXXXXXXXXXXXXXXXXXXXXXXXXXXXXXXXXXXXXXXXXXXXX
HCoV-229E,XXXXXXXXXXXXXXXXXXXXXXXXXXXXXXXXXXXXXXXXXXXXX
HCoV-229E,XXXXXXXXXXXXXXXXXXXXXXXXXXXXXXXXXXXXXXXXXXXXX
HCoV-229E,XXXXXXXXXXXXXXXXXXXXXXXXXXXXXXXXXXXXXXXXXXXXX
HCoV-229E,XXXXXXXXXXXXXXXXXXXXXXXXXXXXXXXXXXXXXXXXXXXXX
HCoV-229E,XXXXXXXXXXXXXXXXXXXXXXXXXXXXXXXXXXXXXXXXXXXXX
HCoV-229E,XXXXXXXXXXXXXXXXXXXXXXXXXXXXXXXXXXXXXXXXXXXXX
HCoV-229E,XXXXXXXXXXXXXXXXXXXXXXXXXXXXXXXXXXXXXXXXXXXXX
HCoV-229E,XXXXXXXXXXXXXXXXXXXXXXXXXXXXXXXXXXXXXXXXXXXXX
HCoV-229E,XXXXXXXXXXXXXXXXXXXXXXXXXXXXXXXXXXXXXXXXXXXXX
HCoV-229E,XXXXXXXXXXXXXXXXXXXXXXXXXXXXXXXXXXXXXXXXXXXXX
HCoV-229E,XXXXXXXXXXXXXXXXXXXXXXXXXXXXXXXXXXXXXXXXXXXXX
HCoV-229E,XXXXXXXXXXXXXXXXXXXXXXXXXXXXXXXXXXXXXXXXXXXXX
HCoV-229E,XXXXXXXXXXXXXXXXXXXXXXXXXXXXXXXXXXXXXXXXXXXXX
HCoV-229E,XXXXXXXXXXXXXXXXXXXXXXXXXXXXXXXXXXXXXXXXXXXXX
HCoV-229E,XXXXXXXXXXXXXXXXXXXXXXXXXXXXXXXXXXXXXXXXXXXXX
HCoV-229E,XXXXXXXXXXXXXXXXXXXXXXXXXXXXXXXXXXXXXXXXXXXXX
HCoV-229E,XXXXXXXXXXXXXXXXXXXXXXXXXXXXXXXXXXXXXXXXXXXXX
HCoV-229E,XXXXXXXXXXXXXXXXXXXXXXXXXXXXXXXXXXXXXXXXXXXXX
HCoV-229E,XXXXXXXXXXXXXXXXXXXXXXXXXXXXXXXXXXXXXXXXXXXXX
HCoV-229E,XXXXXXXXXXXXXXXXXXXXXXXXXXXXXXXXXXXXXXXXXXXXX
HCoV-229E,XXXXXXXXXXXXXXXXXXXXXXXXXXXXXXXXXXXXXXXXXXXXX
HCoV-229E,XXXXXXXXXXXXXXXXXXXXXXXXXXXXXXXXXXXXXXXXXXXXX
HCoV-229E,XXXXXXXXXXXXXXXXXXXXXXXXXXXXXXXXXXXXXXXXXXXXX
HCoV-229E,XXXXXXXXXXXXXXXXXXXXXXXXXXXXXXXXXXXXXXXXXXXXX
HCoV-229E,XXXXXXXXXXXXXXXXXXXXXXXXXXXXXXXXXXXXXXXXXXXXX
HCoV-229E,XXXXXXXXXXXXXXXXXXXXXXXXXXXXXXXXXXXXXXXXXXXXX
HCoV-229E,XXXXXXXXXXXXXXXXXXXXXXXXXXXXXXXXXXXXXXXXXXXXX
HCoV-229E,XXXXXXXXXXXXXXXXXXXXXXXXXXXXXXXXXXXXXXXXXXXXX
HCoV-229E,XXXXXXXXXXXXXXXXXXXXXXXXXXXXXXXXXXXXXXXXXXXXX
HCoV-229E,XXXXXXXXXXXXXXXXXXXXXXXXXXXXXXXXXXXXXXXXXXXXX
HCoV-229E,XXXXXXXXXXXXXXXXXXXXXXXXXXXXXXXXXXXXXXXXXXXXX
HCoV-229E,XXXXXXXXXXXXXXXXXXXXXXXXXXXXXXXXXXXXXXXXXXXXX
HCoV-229E,XXXXXXXXXXXXXXXXXXXXXXXXXXXXXXXXXXXXXXXXXXXXX
HCoV-229E,XXXXXXXXXXXXXXXXXXXXXXXXXXXXXXXXXXXXXXXXXXXXX
HCoV-229E,XXXXXXXXXXXXXXXXXXXXXXXXXXXXXXXXXXXXXXXXXXXXX
HCoV-229E,XXXXXXXXXXXXXXXXXXXXXXXXXXXXXXXXXXXXXXXXXXXXX
HCoV-229E,XXXXXXXXXXXXXXXXXXXXXXXXXXXXXXXXXXXXXXXXXXXXX
HCoV-229E,XXXXXXXXXXXXXXXXXXXXXXXXXXXXXXXXXXXXXXXXXXXXX
HCoV-229E,XXXXXXXXXXXXXXXXXXXXXXXXXXXXXXXXXXXXXXXXXXXXX
HCoV-229E,XXXXXXXXXXXXXXXXXXXXXXXXXXXXXXXXXXXXXXXXXXXXX
HCoV-229E,XXXXXXXXXXXXXXXXXXXXXXXXXXXXXXXXXXXXXXXXXXXXX
HCoV-229E,XXXXXXXXXXXXXXXXXXXXXXXXXXXXXXXXXXXXXXXXXXXXX
HCoV-229E,XXXXXXXXXXXXXXXXXXXXXXXXXXXXXXXXXXXXXXXXXXXXX
HCoV-229E,XXXXXXXXXXXXXXXXXXXXXXXXXXXXXXXXXXXXXXXXXXXXX
HCoV-229E,XXXXXXXXXXXXXXXXXXXXXXXXXXXXXXXXXXXXXXXXXXXXX
HCoV-229E,XXXXXXXXXXXXXXXXXXXXXXXXXXXXXXXXXXXXXXXXXXXXX
HCoV-229E,XXXXXXXXXXXXXXXXXXXXXXXXXXXXXXXXXXXXXXXXXXXXX
HCoV-229E,XXXXXXXXXXXXXXXXXXXXXXXXXXXXXXXXXXXXXXXXXXXXX
HCoV-229E,XXXXXXXXXXXXXXXXXXXXXXXXXXXXXXXXXXXXXXXXXXXXX
HCoV-229E,XXXXXXXXXXXXXXXXXXXXXXXXXXXXXXXXXXXXXXXXXXXXX
HCoV-229E,XXXXXXXXXXXXXXXXXXXXXXXXXXXXXXXXXXXXXXXXXXXXX
HCoV-229E,XXXXXXXXXXXXXXXXXXXXXXXXXXXXXXXXXXXXXXXXXXXXX
HCoV-229E,XXXXXXXXXXXXXXXXXXXXXXXXXXXXXXXXXXXXXXXXXXXXX
HCoV-229E,XXXXXXXXXXXXXXXXXXXXXXXXXXXXXXXXXXXXXXXXXXXXX
HCoV-229E,XXXXXXXXXXXXXXXXXXXXXXXXXXXXXXXXXXXXXXXXXXXXX
HCoV-229E,XXXXXXXXXXXXXXXXXXXXXXXXXXXXXXXXXXXXXXXXXXXXX
HCoV-229E,XXXXXXXXXXXXXXXXXXXXXXXXXXXXXXXXXXXXXXXXXXXXX
HCoV-229E,XXXXXXXXXXXXXXXXXXXXXXXXXXXXXXXXXXXXXXXXXXXXX
HCoV-229E,XXXXXXXXXXXXXXXXXXXXXXXXXXXXXXXXXXXXXXXXXXXXX
HCoV-229E,XXXXXXXXXXXXXXXXXXXXXXXXXXXXXXXXXXXXXXXXXXXXX
HCoV-229E,XXXXXXXXXXXXXXXXXXXXXXXXXXXXXXXXXXXXXXXXXXXXX
HCoV-229E,XXXXXXXXXXXXXXXXXXXXXXXXXXXXXXXXXXXXXXXXXXXXX
HCoV-229E,XXXXXXXXXXXXXXXXXXXXXXXXXXXXXXXXXXXXXXXXXXXXX
HCoV-229E,XXXXXXXXXXXXXXXXXXXXXXXXXXXXXXXXXXXXXXXXXXXXX
HCoV-229E,XXXXXXXXXXXXXXXXXXXXXXXXXXXXXXXXXXXXXXXXXXXXX
HCoV-229E,XXXXXXXXXXXXXXXXXXXXXXXXXXXXXXXXXXXXXXXXXXXXX
HCoV-229E,XXXXXXXXXXXXXXXXXXXXXXXXXXXXXXXXXXXXXXXXXXXXX
HCoV-229E,XXXXXXXXXXXXXXXXXXXXXXXXXXXXXXXXXXXXXXXXXXXXX
HCoV-229E,XXXXXXXXXXXXXXXXXXXXXXXXXXXXXXXXXXXXXXXXXXXXX
HCoV-229E,XXXXXXXXXXXXXXXXXXXXXXXXXXXXXXXXXXXXXXXXXXXXX
HCoV-229E,XXXXXXXXXXXXXXXXXXXXXXXXXXXXXXXXXXXXXXXXXXXXX
HCoV-229E,XXXXXXXXXXXXXXXXXXXXXXXXXXXXXXXXXXXXXXXXXXXXX
HCoV-229E,XXXXXXXXXXXXXXXXXXXXXXXXXXXXXXXXXXXXXXXXXXXXX
HCoV-229E,XXXXXXXXXXXXXXXXXXXXXXXXXXXXXXXXXXXXXXXXXXXXX
HCoV-229E,XXXXXXXXXXXXXXXXXXXXXXXXXXXXXXXXXXXXXXXXXXXXX
HCoV-229E,XXXXXXXXXXXXXXXXXXXXXXXXXXXXXXXXXXXXXXXXXXXXX
HCoV-229E,XXXXXXXXXXXXXXXXXXXXXXXXXXXXXXXXXXXXXXXXXXXXX
HCoV-229E,XXXXXXXXXXXXXXXXXXXXXXXXXXXXXXXXXXXXXXXXXXXXX
HCoV-229E,XXXXXXXXXXXXXXXXXXXXXXXXXXXXXXXXXXXXXXXXXXXXX
HCoV-229E,XXXXXXXXXXXXXXXXXXXXXXXXXXXXXXXXXXXXXXXXXXXXX
HCoV-229E,XXXXXXXXXXXXXXXXXXXXXXXXXXXXXXXXXXXXXXXXXXXXX
HCoV-229E,XXXXXXXXXXXXXXXXXXXXXXXXXXXXXXXXXXXXXXXXXXXXX
HCoV-229E,XXXXXXXXXXXXXXXXXXXXXXXXXXXXXXXXXXXXXXXXXXXXX
HCoV-229E,XXXXXXXXXXXXXXXXXXXXXXXXXXXXXXXXXXXXXXXXXXXXX
HCoV-229E,XXXXXXXXXXXXXXXXXXXXXXXXXXXXXXXXXXXXXXXXXXXXX
HCoV-229E,XXXXXXXXXXXXXXXXXXXXXXXXXXXXXXXXXXXXXXXXXXXXX
HCoV-229E,XXXXXXXXXXXXXXXXXXXXXXXXXXXXXXXXXXXXXXXXXXXXX
HCoV-229E,XXXXXXXXXXXXXXXXXXXXXXXXXXXXXXXXXXXXXXXXXXXXX
HCoV-229E,XXXXXXXXXXXXXXXXXXXXXXXXXXXXXXXXXXXXXXXXXXXXX
HCoV-229E,XXXXXXXXXXXXXXXXXXXXXXXXXXXXXXXXXXXXXXXXXXXXX
HCoV-229E,XXXXXXXXXXXXXXXXXXXXXXXXXXXXXXXXXXXXXXXXXXXXX
HCoV-229E,XXXXXXXXXXXXXXXXXXXXXXXXXXXXXXXXXXXXXXXXXXXXX
HCoV-229E,XXXXXXXXXXXXXXXXXXXXXXXXXXXXXXXXXXXXXXXXXXXXX
HCoV-229E,XXXXXXXXXXXXXXXXXXXXXXXXXXXXXXXXXXXXXXXXXXXXX
HCoV-229E,XXXXXXXXXXXXXXXXXXXXXXXXXXXXXXXXXXXXXXXXXXXXX
HCoV-229E,XXXXXXXXXXXXXXXXXXXXXXXXXXXXXXXXXXXXXXXXXXXXX
HCoV-229E,XXXXXXXXXXXXXXXXXXXXXXXXXXXXXXXXXXXXXXXXXXXXX
HCoV-229E,XXXXXXXXXXXXXXXXXXXXXXXXXXXXXXXXXXXXXXXXXXXXX
HCoV-229E,XXXXXXXXXXXXXXXXXXXXXXXXXXXXXXXXXXXXXXXXXXXXX
HCoV-229E,XXXXXXXXXXXXXXXXXXXXXXXXXXXXXXXXXXXXXXXXXXXXX
HCoV-229E,XXXXXXXXXXXXXXXXXXXXXXXXXXXXXXXXXXXXXXXXXXXXX
HCoV-229E,XXXXXXXXXXXXXXXXXXXXXXXXXXXXXXXXXXXXXXXXXXXXX
HCoV-229E,XXXXXXXXXXXXXXXXXXXXXXXXXXXXXXXXXXXXXXXXXXXXX
HCoV-229E,XXXXXXXXXXXXXXXXXXXXXXXXXXXXXXXXXXXXXXXXXXXXX
HCoV-229E,XXXXXXXXXXXXXXXXXXXXXXXXXXXXXXXXXXXXXXXXXXXXX
HCoV-229E,XXXXXXXXXXXXXXXXXXXXXXXXXXXXXXXXXXXXXXXXXXXXX
HCoV-229E,XXXXXXXXXXXXXXXXXXXXXXXXXXXXXXXXXXXXXXXXXXXXX
HCoV-229E,XXXXXXXXXXXXXXXXXXXXXXXXXXXXXXXXXXXXXXXXXXXXX
HCoV-229E,XXXXXXXXXXXXXXXXXXXXXXXXXXXXXXXXXXXXXXXXXXXX
HCoV-229E,XXXXXXXXXXXXXXXXXXXXXXXXXXXXXXXXXXXXXXXXXXXX
HCoV-229E,XXXXXXXXXXXXXXXXXXXXXXXXXXXXXXXXXXXXXXXXXXXX
HCoV-229E,XXXXXXXXXXXXXXXXXXXXXXXXXXXXXXXXXXXXXXXXXXXX
HCoV-229E,XXXXXXXXXXXXXXXXXXXXXXXXXXXXXXXXXXXXXXXXXXX
HCoV-229E,XXXXXXXXXXXXXXXXXXXXXXXXXXXXXXXXXXXXXXXXXXX
HCoV-229E,XXXXXXXXXXXXXXXXXXXXXXXXXXXXXXXXXXXXXXXXXXX
HCoV-229E,XXXXXXXXXXXXXXXXXXXXXXXXXXXXXXXXXXXXXXXXXXX
HCoV-229E,XXXXXXXXXXXXXXXXXXXXXXXXXXXXXXXXXXXXXXXXXX
HCoV-229E,XXXXXXXXXXXXXXXXXXXXXXXXXXXXXXXXXXXXXXXXXX
HCoV-229E,XXXXXXXXXXXXXXXXXXXXXXXXXXXXXXXXXXXXXXXXXX
HCoV-229E,XXXXXXXXXXXXXXXXXXXXXXXXXXXXXXXXXXXXXXXXXX
HCoV-229E,XXXXXXXXXXXXXXXXXXXXXXXXXXXXXXXXXXXXXXXXX
HCoV-229E,XXXXXXXXXXXXXXXXXXXXXXXXXXXXXXXXXXXXXXXXX
HCoV-229E,XXXXXXXXXXXXXXXXXXXXXXXXXXXXXXXXXXXXXXXXX
HCoV-229E,XXXXXXXXXXXXXXXXXXXXXXXXXXXXXXXXXXXXXXXXX
HCoV-229E,XXXXXXXXXXXXXXXXXXXXXXXXXXXXXXXXXXXXXXXX
HCoV-229E,XXXXXXXXXXXXXXXXXXXXXXXXXXXXXXXXXXXXXXXX
HCoV-229E,XXXXXXXXXXXXXXXXXXXXXXXXXXXXXXXXXXXXXXXX
HCoV-229E,XXXXXXXXXXXXXXXXXXXXXXXXXXXXXXXXXXXXXXXX
HCoV-229E,XXXXXXXXXXXXXXXXXXXXXXXXXXXXXXXXXXXXXXX
HCoV-229E,XXXXXXXXXXXXXXXXXXXXXXXXXXXXXXXXXXXXXXX
HCoV-229E,XXXXXXXXXXXXXXXXXXXXXXXXXXXXXXXXXXXXXXX
HCoV-229E,XXXXXXXXXXXXXXXXXXXXXXXXXXXXXXXXXXXXXXX
HCoV-229E,XXXXXXXXXXXXXXXXXXXXXXXXXXXXXXXXXXXXXX
HCoV-229E,XXXXXXXXXXXXXXXXXXXXXXXXXXXXXXXXXXXXXX
HCoV-229E,XXXXXXXXXXXXXXXXXXXXXXXXXXXXXXXXXXXXXX
HCoV-229E,XXXXXXXXXXXXXXXXXXXXXXXXXXXXXXXXXXXXXX
HCoV-229E,XXXXXXXXXXXXXXXXXXXXXXXXXXXXXXXXXXXXX
HCoV-229E,XXXXXXXXXXXXXXXXXXXXXXXXXXXXXXXXXXXXX
HCoV-229E,XXXXXXXXXXXXXXXXXXXXXXXXXXXXXXXXXXXXX
HCoV-229E,XXXXXXXXXXXXXXXXXXXXXXXXXXXXXXXXXXXXX
HCoV-229E,XXXXXXXXXXXXXXXXXXXXXXXXXXXXXXXXXXXX
HCoV-229E,XXXXXXXXXXXXXXXXXXXXXXXXXXXXXXXXXXXX
HCoV-229E,XXXXXXXXXXXXXXXXXXXXXXXXXXXXXXXXXXXX
HCoV-229E,XXXXXXXXXXXXXXXXXXXXXXXXXXXXXXXXXXXX
HCoV-229E,XXXXXXXXXXXXXXXXXXXXXXXXXXXXXXXXXXX
HCoV-229E,XXXXXXXXXXXXXXXXXXXXXXXXXXXXXXXXXXX
HCoV-229E,XXXXXXXXXXXXXXXXXXXXXXXXXXXXXXXXXXX
HCoV-229E,XXXXXXXXXXXXXXXXXXXXXXXXXXXXXXXXXXX
HCoV-229E,XXXXXXXXXXXXXXXXXXXXXXXXXXXXXXXXXX
HCoV-229E,XXXXXXXXXXXXXXXXXXXXXXXXXXXXXXXXXX
HCoV-229E,XXXXXXXXXXXXXXXXXXXXXXXXXXXXXXXXXX
HCoV-229E,XXXXXXXXXXXXXXXXXXXXXXXXXXXXXXXXXX
HCoV-229E,XXXXXXXXXXXXXXXXXXXXXXXXXXXXXXXXX
HCoV-229E,XXXXXXXXXXXXXXXXXXXXXXXXXXXXXXXXX
HCoV-229E,XXXXXXXXXXXXXXXXXXXXXXXXXXXXXXXXX
HCoV-229E,XXXXXXXXXXXXXXXXXXXXXXXXXXXXXXXXX
HCoV-229E,XXXXXXXXXXXXXXXXXXXXXXXXXXXXXXXX
HCoV-229E,XXXXXXXXXXXXXXXXXXXXXXXXXXXXXXXX
HCoV-229E,XXXXXXXXXXXXXXXXXXXXXXXXXXXXXXXX
HCoV-229E,XXXXXXXXXXXXXXXXXXXXXXXXXXXXXXXX
HCoV-229E,XXXXXXXXXXXXXXXXXXXXXXXXXXXXXXX
HCoV-229E,XXXXXXXXXXXXXXXXXXXXXXXXXXXXXXX
HCoV-229E,XXXXXXXXXXXXXXXXXXXXXXXXXXXXXXX
HCoV-229E,XXXXXXXXXXXXXXXXXXXXXXXXXXXXXXX
HCoV-229E,XXXXXXXXXXXXXXXXXXXXXXXXXXXXXX
HCoV-229E,XXXXXXXXXXXXXXXXXXXXXXXXXXXXXX
HCoV-229E,XXXXXXXXXXXXXXXXXXXXXXXXXXXXXX
HCoV-229E,XXXXXXXXXXXXXXXXXXXXXXXXXXXXXX
HCoV-229E,XXXXXXXXXXXXXXXXXXXXXXXXXXXXX
HCoV-229E,XXXXXXXXXXXXXXXXXXXXXXXXXXXXX
HCoV-229E,XXXXXXXXXXXXXXXXXXXXXXXXXXXXX
HCoV-229E,XXXXXXXXXXXXXXXXXXXXXXXXXXXXX
HCoV-229E,XXXXXXXXXXXXXXXXXXXXXXXXXXXX
HCoV-229E,XXXXXXXXXXXXXXXXXXXXXXXXXXXX
HCoV-229E,XXXXXXXXXXXXXXXXXXXXXXXXXXXX
HCoV-229E,XXXXXXXXXXXXXXXXXXXXXXXXXXXX
HCoV-229E,XXXXXXXXXXXXXXXXXXXXXXXXXXX
HCoV-229E,XXXXXXXXXXXXXXXXXXXXXXXXXXX
HCoV-229E,XXXXXXXXXXXXXXXXXXXXXXXXXXX
HCoV-229E,XXXXXXXXXXXXXXXXXXXXXXXXXXX
HCoV-229E,XXXXXXXXXXXXXXXXXXXXXXXXXX
HCoV-229E,XXXXXXXXXXXXXXXXXXXXXXXXXX
HCoV-229E,XXXXXXXXXXXXXXXXXXXXXXXXXX
HCoV-229E,XXXXXXXXXXXXXXXXXXXXXXXXXX
HCoV-229E,XXXXXXXXXXXXXXXXXXXXXXXXX
HCoV-229E,XXXXXXXXXXXXXXXXXXXXXXXXX
HCoV-229E,XXXXXXXXXXXXXXXXXXXXXXXXX
HCoV-229E,XXXXXXXXXXXXXXXXXXXXXXXXX
HCoV-229E,XXXXXXXXXXXXXXXXXXXXXXXX
HCoV-229E,XXXXXXXXXXXXXXXXXXXXXXXX
HCoV-229E,XXXXXXXXXXXXXXXXXXXXXXXX
HCoV-229E,XXXXXXXXXXXXXXXXXXXXXXXX
HCoV-229E,XXXXXXXXXXXXXXXXXXXXXXX
HCoV-229E,XXXXXXXXXXXXXXXXXXXXXXX
HCoV-229E,XXXXXXXXXXXXXXXXXXXXXXX
HCoV-229E,XXXXXXXXXXXXXXXXXXXXXXX
HCoV-229E,XXXXXXXXXXXXXXXXXXXXXX
HCoV-229E,XXXXXXXXXXXXXXXXXXXXXX
HCoV-229E,XXXXXXXXXXXXXXXXXXXXXX
HCoV-229E,XXXXXXXXXXXXXXXXXXXXXX
HCoV-229E,XXXXXXXXXXXXXXXXXXXXX
HCoV-229E,XXXXXXXXXXXXXXXXXXXXX
HCoV-229E,XXXXXXXXXXXXXXXXXXXXX
HCoV-229E,XXXXXXXXXXXXXXXXXXXXX
HCoV-229E,XXXXXXXXXXXXXXXXXXXX
HCoV-229E,XXXXXXXXXXXXXXXXXXXX
HCoV-229E,XXXXXXXXXXXXXXXXXXXX
HCoV-229E,XXXXXXXXXXXXXXXXXXXX
HCoV-229E,XXXXXXXXXXXXXXXXXXX
HCoV-229E,XXXXXXXXXXXXXXXXXXX
HCoV-229E,XXXXXXXXXXXXXXXXXXX
HCoV-229E,XXXXXXXXXXXXXXXXXXX
HCoV-229E,XXXXXXXXXXXXXXXXXX
HCoV-229E,XXXXXXXXXXXXXXXXXX
HCoV-229E,XXXXXXXXXXXXXXXXXX
HCoV-229E,XXXXXXXXXXXXXXXXXX
HCoV-229E,XXXXXXXXXXXXXXXXX
HCoV-229E,XXXXXXXXXXXXXXXXX
HCoV-229E,XXXXXXXXXXXXXXXXX
HCoV-229E,XXXXXXXXXXXXXXXXX
HCoV-229E,XXXXXXXXXXXXXXXX
HCoV-229E,XXXXXXXXXXXXXXXX
HCoV-229E,XXXXXXXXXXXXXXXX
HCoV-229E,XXXXXXXXXXXXXXXX
HCoV-229E,XXXXXXXXXXXXXXX
HCoV-229E,XXXXXXXXXXXXXXX
HCoV-229E,XXXXXXXXXXXXXXX
HCoV-229E,XXXXXXXXXXXXXXX
HCoV-229E,XXXXXXXXXXXXXX
HCoV-229E,XXXXXXXXXXXXXX
HCoV-229E,XXXXXXXXXXXXXX
HCoV-229E,XXXXXXXXXXXXXX
HCoV-229E,XXXXXXXXXXXXX
HCoV-229E,XXXXXXXXXXXXX
HCoV-229E,XXXXXXXXXXXXX
HCoV-229E,XXXXXXXXXXXXX
HCoV-229E,XXXXXXXXXXXX
HCoV-229E,XXXXXXXXXXXX
HCoV-229E,XXXXXXXXXXXX
HCoV-229E,XXXXXXXXXXXX
HCoV-229E,XXXXXXXXXXX
HCoV-229E,XXXXXXXXXXX
HCoV-229E,XXXXXXXXXXX
HCoV-229E,XXXXXXXXXXX
HCoV-229E,XXXXXXXXXX
HCoV-229E,XXXXXXXXXX
HCoV-229E,XXXXXXXXXX
HCoV-229E,XXXXXXXXXX
HCoV-229E,XXXXXXXXX
HCoV-229E,XXXXXXXXX
HCoV-229E,XXXXXXXXX
HCoV-229E,XXXXXXXXX
HCoV-229E,XXXXXXXX
HCoV-229E,XXXXXXXX
HCoV-229E,XXXXXXXX
HCoV-229E,XXXXXXXX
HCoV-229E,XXXXXXX
HCoV-229E,XXXXXXX
HCoV-229E,XXXXXXX
HCoV-229E,XXXXXXX
HCoV-229E,XXXXXXX
HCoV-229E,XXXXXXX
HCoV-229E,XXXXXXX
HCoV-229E,XXXXXXX
HCoV-229E,XXXXXXX
HCoV-229E,XXXXXXX
HCoV-229E,XXXXXXX
HCoV-229E,XXXXXXX
HCoV-229E,XXXXXXX
HCoV-229E,XXXXXXX
HCoV-229E,XXXXXXX
HCoV-229E,XXXXXXX
HCoV-229E,XXXXXXX
HCoV-229E,XXXXXXX
HCoV-229E,XXXXXXX
HCoV-229E,XXXXXXX
HCoV-229E,XXXXXXX
HCoV-229E,XXXXXXX
HCoV-229E,XXXXXXX
HCoV-229E,XXXXXXX
HCoV-229E,XXXXXXX
HCoV-229E,XXXXXXX
HCoV-229E,XXXXXXX
HCoV-229E,XXXXXXX
HCoV-229E,XXXXXXX
HCoV-229E,XXXXXXX
HCoV-229E,XXXXXXX
HCoV-229E,XXXXXXX
HCoV-229E,XXXXXXX
HCoV-229E,XXXXXXX
HCoV-229E,XXXXXXX
HCoV-229E,XXXXXXX
HCoV-229E,XXXXXXX
HCoV-229E,XXXXXXX
HCoV-229E,XXXXXXX
HCoV-229E,XXXXXXX
HCoV-229E,XXXXXXX
HCoV-229E,XXXXXXX
HCoV-229E,XXXXXXX
HCoV-229E,XXXXXXX
HCoV-229E,XXXXXXX
HCoV-229E,XXXXXXX
HCoV-229E,XXXXXXX
HCoV-229E,XXXXXXX
HCoV-229E,XXXXXXX
HCoV-229E,XXXXXXX
HCoV-229E,XXXXXXX
HCoV-229E,XXXXXXX
HCoV-229E,XXXXXXX
HCoV-229E,XXXXXXX
HCoV-229E,XXXXXXX
HCoV-229E,XXXXXXX
HCoV-229E,XXXXXXX
HCoV-229E,XXXXXXX
HCoV-229E,XXXXXXX
HCoV-229E,XXXXXXX
HCoV-229E,XXXXXXX
HCoV-229E,XXXXXXX
HCoV-229E,XXXXXXX
HCoV-229E,XXXXXXX
HCoV-229E,XXXXXXX
HCoV-229E,XXXXXXX
HCoV-229E,XXXXXXX
HCoV-229E,XXXXXXX
HCoV-229E,XXXXXXX
HCoV-229E,XXXXXXX
HCoV-229E,XXXXXXX
HCoV-229E,XXXXXXX
HCoV-229E,XXXXXXX
HCoV-229E,XXXXXXX
HCoV-229E,XXXXXXX
HCoV-229E,XXXXXXX
HCoV-229E,XXXXXXX
HCoV-229E,XXXXXXX
HCoV-229E,XXXXXXX
HCoV-229E,XXXXXXX
HCoV-229E,XXXXXXX
HCoV-229E,XXXXXXX
HCoV-229E,XXXXXXX
HCoV-229E,XXXXXXX
HCoV-229E,XXXXXXX
HCoV-229E,XXXXXXX
HCoV-229E,XXXXXXX
HCoV-229E,XXXXXXX
HCoV-229E,XXXXXXX
HCoV-229E,XXXXXXX
HCoV-229E,XXXXXXX
HCoV-229E,XXXXXXX
HCoV-229E,XXXXXXX
HCoV-229E,XXXXXXX
HCoV-229E,XXXXXXX
HCoV-229E,XXXXXXX
HCoV-229E,XXXXXXX
HCoV-229E,XXXXXXX
HCoV-229E,XXXXXXX
HCoV-229E,XXXXXXX
HCoV-229E,XXXXXXX
HCoV-229E,XXXXXXX
HCoV-229E,XXXXXXX
HCoV-229E,XXXXXXX
HCoV-229E,XXXXXXX
HCoV-229E,XXXXXXX
HCoV-229E,XXXXXXX
HCoV-229E,XXXXXXX
HCoV-229E,XXXXXXX
HCoV-229E,XXXXXXX
HCoV-229E,XXXXXXX
HCoV-229E,XXXXXXX
HCoV-229E,XXXXXXX
HCoV-229E,XXXXXXX
HCoV-229E,XXXXXXX
HCoV-229E,XXXXXXX
HCoV-229E,XXXXXXX
HCoV-229E,XXXXXXX
HCoV-229E,XXXXXXX
HCoV-229E,XXXXXXX
HCoV-229E,XXXXXXX
HCoV-229E,XXXXXXX
HCoV-229E,XXXXXXX
HCoV-229E,XXXXXXX
HCoV-229E,XXXXXXX
HCoV-229E,XXXXXXX
HCoV-229E,XXXXXXX
HCoV-229E,XXXXXXX
HCoV-229E,XXXXXXX
HCoV-229E,XXXXXXX
HCoV-229E,XXXXXXX
HCoV-229E,XXXXXXX
HCoV-229E,XXXXXXX
HCoV-229E,XXXXXXX
HCoV-229E,XXXXXXX
HCoV-229E,XXXXXXX
HCoV-229E,XXXXXXX
HCoV-229E,XXXXXXX
HCoV-229E,XXXXXXX
HCoV-229E,XXXXXXX
HCoV-229E,XXXXXXX
HCoV-229E,XXXXXXX
HCoV-229E,XXXXXXX
HCoV-229E,XXXXXXX
HCoV-229E,XXXXXXX
HCoV-229E,XXXXXXX
HCoV-229E,XXXXXXX
HCoV-229E,XXXXXXX
HCoV-229E,XXXXXXX
HCoV-229E,XXXXXXX
HCoV-229E,XXXXXXX
HCoV-229E,XXXXXXX
HCoV-229E,XXXXXXX
HCoV-229E,XXXXXXX
HCoV-229E,XXXXXXX
HCoV-229E,XXXXXXX
HCoV-229E,XXXXXXX
HCoV-229E,XXXXXXX
HCoV-229E,XXXXXXX
HCoV-229E,XXXXXXX
HCoV-229E,XXXXXXX
HCoV-229E,XXXXXXX
HCoV-229E,XXXXXXX
HCoV-229E,XXXXXXX
HCoV-229E,XXXXXXX
HCoV-229E,XXXXXXX
HCoV-229E,XXXXXXX
HCoV-229E,XXXXXXX
HCoV-229E,XXXXXXX
HCoV-229E,XXXXXXX
HCoV-229E,XXXXXXX
HCoV-229E,XXXXXXX
HCoV-229E,XXXXXXX
HCoV-229E,XXXXXXX
HCoV-229E,XXXXXXX
HCoV-229E,XXXXXXX
HCoV-229E,XXXXXXX
HCoV-229E,XXXXXXX
HCoV-229E,XXXXXXX
HCoV-229E,XXXXXXX
HCoV-229E,XXXXXXX
HCoV-229E,XXXXXXX
HCoV-229E,XXXXXXX
HCoV-229E,XXXXXXX
HCoV-229E,XXXXXXX
HCoV-229E,XXXXXXX
HCoV-229E,XXXXXXX
HCoV-229E,XXXXXXX
HCoV-229E,XXXXXXX
HCoV-229E,XXXXXXX
HCoV-229E,XXXXXXX
HCoV-229E,XXXXXXX
HCoV-229E,XXXXXXX
HCoV-229E,XXXXXXX
HCoV-229E,XXXXXXX
HCoV-229E,XXXXXXX
HCoV-229E,XXXXXXX
HCoV-229E,XXXXXXX
HCoV-229E,XXXXXXX
HCoV-229E,XXXXXXX
HCoV-229E,XXXXXXX
HCoV-229E,XXXXXXX
HCoV-229E,XXXXXXX
HCoV-229E,XXXXXXX
HCoV-229E,XXXXXXX
HCoV-229E,XXXXXXX
HCoV-229E,XXXXXXX
HCoV-229E,XXXXXXX
HCoV-229E,XXXXXXX
HCoV-229E,XXXXXXX
HCoV-229E,XXXXXXX
HCoV-229E,XXXXXXX
HCoV-229E,XXXXXXX
HCoV-229E,XXXXXXX
HCoV-229E,XXXXXXX
HCoV-229E,XXXXXXX
HCoV-229E,XXXXXXX
HCoV-229E,XXXXXXX
HCoV-229E,XXXXXXX
HCoV-229E,XXXXXXX
HCoV-229E,XXXXXXX
HCoV-229E,XXXXXXX
HCoV-229E,XXXXXXX
HCoV-229E,XXXXXXX
HCoV-229E,XXXXXXX
HCoV-229E,XXXXXXX
HCoV-229E,XXXXXXX
HCoV-229E,XXXXXXX
HCoV-229E,XXXXXXX
HCoV-229E,XXXXXXX
HCoV-229E,XXXXXXX
HCoV-229E,XXXXXXX
HCoV-229E,XXXXXXX
HCoV-229E,XXXXXXX
HCoV-229E,XXXXXXX
HCoV-229E,XXXXXXX
HCoV-229E,XXXXXXX
HCoV-229E,XXXXXXX
HCoV-229E,XXXXXXX
HCoV-229E,XXXXXXX
HCoV-229E,XXXXXXX
HCoV-229E,XXXXXXX
HCoV-229E,XXXXXXX
HCoV-229E,XXXXXXX
HCoV-229E,XXXXXXX
HCoV-229E,XXXXXXX
HCoV-229E,XXXXXXX
HCoV-229E,XXXXXXX
HCoV-229E,XXXXXXX
HCoV-229E,XXXXXXX
HCoV-229E,XXXXXXX
HCoV-229E,XXXXXXX
HCoV-229E,XXXXXXX
HCoV-229E,XXXXXXX
HCoV-229E,XXXXXXX
HCoV-229E,XXXXXXX
HCoV-229E,XXXXXXX
HCoV-229E,XXXXXXX
HCoV-229E,XXXXXXX
HCoV-229E,XXXXXXX
HCoV-229E,XXXXXXX
HCoV-229E,XXXXXXX
HCoV-229E,XXXXXXX
HCoV-229E,XXXXXXX
HCoV-229E,XXXXXXX
HCoV-229E,XXXXXXX
HCoV-229E,XXXXXXX
HCoV-229E,XXXXXXX
HCoV-229E,XXXXXXX
HCoV-229E,XXXXXXX
HCoV-229E,XXXXXXX
HCoV-229E,XXXXXXX
HCoV-229E,XXXXXXX
HCoV-229E,XXXXXXX
HCoV-229E,XXXXXXX
HCoV-229E,XXXXXXX
HCoV-229E,XXXXXX
HCoV-229E,XXXXXX
HCoV-229E,XXXXXX
HCoV-229E,XXXXXX
HCoV-229E,XXXXXX
HCoV-229E,XXXXXX
HCoV-229E,XXXXXX
HCoV-229E,XXXXXX
HCoV-229E,XXXXXX
HCoV-229E,XXXXX
HCoV-229E,XXXXX
HCoV-229E,XXXXX
HCoV-229E,XXXXX
HCoV-229E,XXXXX
HCoV-229E,XXXXX
HCoV-229E,XXXXX
HCoV-229E,XXXXX
HCoV-229E,XXXXX
HCoV-229E,XXXX
HCoV-229E,XXXX
HCoV-229E,XXXX
HCoV-229E,XXXX
HCoV-229E,XXXX
HCoV-229E,XXXX
HCoV-229E,XXXX
HCoV-229E,XXXX
HCoV-229E,XXXX
HCoV-229E,ALQT
HCoV-229E,GFYS
HCoV-229E,INGY
HCoV-229E,IPSN
HCoV-229E,KCTK
HCoV-229E,LCVD
HCoV-229E,LRRG
HCoV-229E,NYTV
HCoV-229E,SGSR
HCoV-229E,SSFG
HCoV-229E,TLAN
HCoV-229E,TNGT
HCoV-229E,TNTS
HCoV-229E,TSYG
HCoV-229E,VCNG
HCoV-229E,VSSF
HCoV-229E,ALQT
HCoV-229E,GFYS
HCoV-229E,INGY
HCoV-229E,IPSN
HCoV-229E,KCTK
HCoV-229E,LCVD
HCoV-229E,NYTV
HCoV-229E,SSFG
HCoV-229E,TLAN
HCoV-229E,TNTS
HCoV-229E,TSYG
HCoV-229E,VCNG
HCoV-229E,VSSF
HCoV-229E,ALQT
HCoV-229E,DVEA
HCoV-229E,GFYS
HCoV-229E,IPSN
HCoV-229E,KCTK
HCoV-229E,LCVD
HCoV-229E,NYTV
HCoV-229E,SSFG
HCoV-229E,TLAN
HCoV-229E,TNTS
HCoV-229E,TSYG
HCoV-229E,VCNG
HCoV-229E,VDGV
HCoV-229E,VITG
HCoV-229E,VSSF
HCoV-229E,GFYS
HCoV-229E,ALQT
HCoV-229E,DVEA
HCoV-229E,GFYS
HCoV-229E,INGY
HCoV-229E,IPSN
HCoV-229E,KCTK
HCoV-229E,LCVD
HCoV-229E,NYTV
HCoV-229E,SSFG
HCoV-229E,TLAN
HCoV-229E,TNGT
HCoV-229E,TNTS
HCoV-229E,TSYG
HCoV-229E,VCNG
HCoV-229E,VITG
HCoV-229E,VSSF
HCoV-229E,ALQT
HCoV-229E,KCTK
HCoV-229E,NVSS
HCoV-229E,NYTV
HCoV-229E,SGSR
HCoV-229E,SSFG
HCoV-229E,TLAN
HCoV-229E,TSYG
HCoV-229E,VCNG
HCoV-229E,VELP
HCoV-229E,VSSF
HCoV-229E,KCTK
HCoV-229E,NYTV
HCoV-229E,SFGV
HCoV-229E,SGSR
HCoV-229E,SSFG
HCoV-229E,TLAN
HCoV-229E,VCNG
HCoV-229E,VELP
HCoV-229E,VSSF
HCoV-229E,ALQT
HCoV-229E,DVEA
HCoV-229E,GFYS
HCoV-229E,IPSN
HCoV-229E,KCTK
HCoV-229E,LCVD
HCoV-229E,SSFG
HCoV-229E,TLAN
HCoV-229E,TNTS
HCoV-229E,TSYG
HCoV-229E,VCNG
HCoV-229E,VDGV
HCoV-229E,VITG
HCoV-229E,VSSF
HCoV-229E,XXXXXXXXXXXXXXXXXXXXXXXXXXXXXXXXXXXXXXXXXXXXX
HCoV-229E,XXXXXXXXXXXXXXXXXXXXXXXXXXXXXXXXXXXXXXXXXXXX
HCoV-229E,XXXXXXXXXXXXXXXXXXXXXXXXXXXXXXXXXXXXXXXXXXX
HCoV-229E,XXXXXXXXXXXXXXXXXXXXXXXXXXXXXXXXXXXXXXXXXX
HCoV-229E,XXXXXXXXXXXXXXXXXXXXXXXXXXXXXXXXXXXXXXXXX
HCoV-229E,XXXXXXXXXXXXXXXXXXXXXXXXXXXXXXXXXXXXXXXX
HCoV-229E,XXXXXXXXXXXXXXXXXXXXXXXXXXXXXXXXXXXXXXX
HCoV-229E,XXXXXXXXXXXXXXXXXXXXXXXXXXXXXXXXXXXXXX
HCoV-229E,XXXXXXXXXXXXXXXXXXXXXXXXXXXXXXXXXXXXX
HCoV-229E,XXXXXXXXXXXXXXXXXXXXXXXXXXXXXXXXXXXX
HCoV-229E,XXXXXXXXXXXXXXXXXXXXXXXXXXXXXXXXXXX
HCoV-229E,XXXXXXXXXXXXXXXXXXXXXXXXXXXXXXXXXX
HCoV-229E,XXXXXXXXXXXXXXXXXXXXXXXXXXXXXXXXX
HCoV-229E,XXXXXXXXXXXXXXXXXXXXXXXXXXXXXXXX
HCoV-229E,XXXXXXXXXXXXXXXXXXXXXXXXXXXXXXX
HCoV-229E,XXXXXXXXXXXXXXXXXXXXXXXXXXXXXX
HCoV-229E,XXXXXXXXXXXXXXXXXXXXXXXXXXXXX
HCoV-229E,XXXXXXXXXXXXXXXXXXXXXXXXXXXX
HCoV-229E,XXXXXXXXXXXXXXXXXXXXXXXXXXX
HCoV-229E,XXXXXXXXXXXXXXXXXXXXXXXXXX
HCoV-229E,XXXXXXXXXXXXXXXXXXXXXXXXX
HCoV-229E,XXXXXXXXXXXXXXXXXXXXXXXX
HCoV-229E,XXXXXXXXXXXXXXXXXXXXXXX
HCoV-229E,XXXXXXXXXXXXXXXXXXXXXX
HCoV-229E,XXXXXXXXXXXXXXXXXXXXX
HCoV-229E,XXXXXXXXXXXXXXXXXXXX
HCoV-229E,XXXXXXXXXXXXXXXXXXX
HCoV-229E,XXXXXXXXXXXXXXXXXX
HCoV-229E,XXXXXXXXXXXXXXXXX
HCoV-229E,XXXXXXXXXXXXXXXX
HCoV-229E,XXXXXXXXXXXXXXX
HCoV-229E,XXXXXXXXXXXXXX
HCoV-229E,XXXXXXXXXXXXX
HCoV-229E,XXXXXXXXXXXX
HCoV-229E,XXXXXXXXXXX
HCoV-229E,XXXXXXXXXX
HCoV-229E,XXXXXXXXX
HCoV-229E,XXXXXXXX
HCoV-229E,XXXXXXX
HCoV-229E,XXXXXX
HCoV-229E,XXXXX
HCoV-229E,XXXX
HCoV-229E,ALQT
HCoV-229E,GFYS
HCoV-229E,INGY
HCoV-229E,IPSN
HCoV-229E,KCTK
HCoV-229E,LCVD
HCoV-229E,NYTV
HCoV-229E,SSFG
HCoV-229E,TLAN
HCoV-229E,TNGT
HCoV-229E,TNTS
HCoV-229E,TSYG
HCoV-229E,VCNG
HCoV-229E,VSSF
HCoV-229E,ALQT
HCoV-229E,GFYS
HCoV-229E,IPSN
HCoV-229E,KCTK
HCoV-229E,LCVD
HCoV-229E,LRRG
HCoV-229E,NYTV
HCoV-229E,SGSR
HCoV-229E,SSFG
HCoV-229E,TLAN
HCoV-229E,TSYG
HCoV-229E,VCNG
HCoV-229E,VSSF
HCoV-229E,ALQT
HCoV-229E,GFYS
HCoV-229E,INGY
HCoV-229E,IPSN
HCoV-229E,KCTK
HCoV-229E,LCVD
HCoV-229E,LRRG
HCoV-229E,NYTV
HCoV-229E,SGSR
HCoV-229E,SSFG
HCoV-229E,TLAN
HCoV-229E,TNGT
HCoV-229E,TNTS
HCoV-229E,TSYG
HCoV-229E,VCNG
HCoV-229E,VSSF
HCoV-229E,ALQT
HCoV-229E,DVEA
HCoV-229E,GFYS
HCoV-229E,IPSN
HCoV-229E,KCTK
HCoV-229E,LCVD
HCoV-229E,NYTV
HCoV-229E,SSFG
HCoV-229E,TLAN
HCoV-229E,TNTS
HCoV-229E,TSYG
HCoV-229E,VCNG
HCoV-229E,VDGV
HCoV-229E,VITG
HCoV-229E,VSSF
HCoV-229E,ALQT
HCoV-229E,DVEA
HCoV-229E,GFYS
HCoV-229E,IPSN
HCoV-229E,KCTK
HCoV-229E,LCVD
HCoV-229E,NYTV
HCoV-229E,SSFG
HCoV-229E,TLAN
HCoV-229E,TNTS
HCoV-229E,TSYG
HCoV-229E,VCNG
HCoV-229E,VDGV
HCoV-229E,VITG
HCoV-229E,VSSF
HCoV-229E,ALQT
HCoV-229E,GFYS
HCoV-229E,INGY
HCoV-229E,IPSN
HCoV-229E,KCTK
HCoV-229E,LCVD
HCoV-229E,LRRG
HCoV-229E,NYTV
HCoV-229E,SGSR
HCoV-229E,SSFG
HCoV-229E,TLAN
HCoV-229E,TNGT
HCoV-229E,TNTS
HCoV-229E,TSYG
HCoV-229E,VCNG
HCoV-229E,VSSF
HCoV-229E,ALQT
HCoV-229E,KCTK
HCoV-229E,NVSS
HCoV-229E,NYTV
HCoV-229E,SGSR
HCoV-229E,SSFG
HCoV-229E,TLAN
HCoV-229E,TSYG
HCoV-229E,VCNG
HCoV-229E,VELP
HCoV-229E,VSSF
HCoV-229E,ALQT
HCoV-229E,DVEA
HCoV-229E,GFYS
HCoV-229E,INGY
HCoV-229E,IPSN
HCoV-229E,KCTK
HCoV-229E,LCVD
HCoV-229E,NYTV
HCoV-229E,SSFG
HCoV-229E,TLAN
HCoV-229E,TNGT
HCoV-229E,TNTS
HCoV-229E,TSYG
HCoV-229E,VCNG
HCoV-229E,VSSF
HCoV-229E,GFYS
HCoV-229E,ALQT
HCoV-229E,GFYS
HCoV-229E,INGY
HCoV-229E,IPSN
HCoV-229E,KCTK
HCoV-229E,LCVD
HCoV-229E,NYTV
HCoV-229E,SSFG
HCoV-229E,TLAN
HCoV-229E,TNGT
HCoV-229E,TNTS
HCoV-229E,TSYG
HCoV-229E,VCNG
HCoV-229E,VITG
HCoV-229E,VSSF
HCoV-229E,DVEA
HCoV-229E,GFYS
HCoV-229E,IPSN
HCoV-229E,KCTK
HCoV-229E,SSFG
HCoV-229E,TLAN
HCoV-229E,TNTS
HCoV-229E,TSYG
HCoV-229E,TXXXXXXXXXX
HCoV-229E,VCNG
HCoV-229E,VITG
HCoV-229E,VSSF
HCoV-229E,XXXXXG
HCoV-229E,XXXXXXXXXXXXXXXXXXXXXXXXXXXXXXXX
HCoV-229E,XXXXXXXXXXXXXXXXXXXXXXXXXXXXXXX
HCoV-229E,XXXXXXXXXXXXXXXXXXXXXXXXXXXXXX
HCoV-229E,XXXXXXXXXXXXXXXXXXXXXXXXXXXXX
HCoV-229E,XXXXXXXXXXXXXXXXXXXXXXXXXXXX
HCoV-229E,XXXXXXXXXXXXXXXXXXXXXXXXXXX
HCoV-229E,XXXXXXXXXXXXXXXXXXXXXXXXXXX
HCoV-229E,XXXXXXXXXXXXXXXXXXXXXXXXXXX
HCoV-229E,XXXXXXXXXXXXXXXXXXXXXXXXXXX
HCoV-229E,XXXXXXXXXXXXXXXXXXXXXXXXXXX
HCoV-229E,XXXXXXXXXXXXXXXXXXXXXXXXXXX
HCoV-229E,XXXXXXXXXXXXXXXXXXXXXXXXXXX
HCoV-229E,XXXXXXXXXXXXXXXXXXXXXXXXXXX
HCoV-229E,XXXXXXXXXXXXXXXXXXXXXXXXXX
HCoV-229E,XXXXXXXXXXXXXXXXXXXXXXXXXX
HCoV-229E,XXXXXXXXXXXXXXXXXXXXXXXXXX
HCoV-229E,XXXXXXXXXXXXXXXXXXXXXXXXXX
HCoV-229E,XXXXXXXXXXXXXXXXXXXXXXXXX
HCoV-229E,XXXXXXXXXXXXXXXXXXXXXXXXX
HCoV-229E,XXXXXXXXXXXXXXXXXXXXXXXXX
HCoV-229E,XXXXXXXXXXXXXXXXXXXXXXXXX
HCoV-229E,XXXXXXXXXXXXXXXXXXXXXXXX
HCoV-229E,XXXXXXXXXXXXXXXXXXXXXXXX
HCoV-229E,XXXXXXXXXXXXXXXXXXXXXXXX
HCoV-229E,XXXXXXXXXXXXXXXXXXXXXXXX
HCoV-229E,XXXXXXXXXXXXXXXXXXXXXXXX
HCoV-229E,XXXXXXXXXXXXXXXXXXXXXXXX
HCoV-229E,XXXXXXXXXXXXXXXXXXXXXXXX
HCoV-229E,XXXXXXXXXXXXXXXXXXXXXXXX
HCoV-229E,XXXXXXXXXXXXXXXXXXXXXXXX
HCoV-229E,XXXXXXXXXXXXXXXXXXXXXXXX
HCoV-229E,XXXXXXXXXXXXXXXXXXXXXXXX
HCoV-229E,XXXXXXXXXXXXXXXXXXXXXXXX
HCoV-229E,XXXXXXXXXXXXXXXXXXXXXXXX
HCoV-229E,XXXXXXXXXXXXXXXXXXXXXXXX
HCoV-229E,XXXXXXXXXXXXXXXXXXXXXXXX
HCoV-229E,XXXXXXXXXXXXXXXXXXXXXXXX
HCoV-229E,XXXXXXXXXXXXXXXXXXXXXXXX
HCoV-229E,XXXXXXXXXXXXXXXXXXXXXXXX
HCoV-229E,XXXXXXXXXXXXXXXXXXXXXXX
HCoV-229E,XXXXXXXXXXXXXXXXXXXXXXX
HCoV-229E,XXXXXXXXXXXXXXXXXXXXXXX
HCoV-229E,XXXXXXXXXXXXXXXXXXXXXXX
HCoV-229E,XXXXXXXXXXXXXXXXXXXXXXX
HCoV-229E,XXXXXXXXXXXXXXXXXXXXXXX
HCoV-229E,XXXXXXXXXXXXXXXXXXXXXXX
HCoV-229E,XXXXXXXXXXXXXXXXXXXXXXX
HCoV-229E,XXXXXXXXXXXXXXXXXXXXXXX
HCoV-229E,XXXXXXXXXXXXXXXXXXXXXX
HCoV-229E,XXXXXXXXXXXXXXXXXXXXXX
HCoV-229E,XXXXXXXXXXXXXXXXXXXXXX
HCoV-229E,XXXXXXXXXXXXXXXXXXXXXX
HCoV-229E,XXXXXXXXXXXXXXXXXXXXXX
HCoV-229E,XXXXXXXXXXXXXXXXXXXXXX
HCoV-229E,XXXXXXXXXXXXXXXXXXXXXX
HCoV-229E,XXXXXXXXXXXXXXXXXXXXXX
HCoV-229E,XXXXXXXXXXXXXXXXXXXXXX
HCoV-229E,XXXXXXXXXXXXXXXXXXXXX
HCoV-229E,XXXXXXXXXXXXXXXXXXXXX
HCoV-229E,XXXXXXXXXXXXXXXXXXXXX
HCoV-229E,XXXXXXXXXXXXXXXXXXXXX
HCoV-229E,XXXXXXXXXXXXXXXXXXXXX
HCoV-229E,XXXXXXXXXXXXXXXXXXXXX
HCoV-229E,XXXXXXXXXXXXXXXXXXXXX
HCoV-229E,XXXXXXXXXXXXXXXXXXXXX
HCoV-229E,XXXXXXXXXXXXXXXXXXXXX
HCoV-229E,XXXXXXXXXXXXXXXXXXXX
HCoV-229E,XXXXXXXXXXXXXXXXXXXX
HCoV-229E,XXXXXXXXXXXXXXXXXXXX
HCoV-229E,XXXXXXXXXXXXXXXXXXXX
HCoV-229E,XXXXXXXXXXXXXXXXXXXX
HCoV-229E,XXXXXXXXXXXXXXXXXXXX
HCoV-229E,XXXXXXXXXXXXXXXXXXXX
HCoV-229E,XXXXXXXXXXXXXXXXXXXX
HCoV-229E,XXXXXXXXXXXXXXXXXXXX
HCoV-229E,XXXXXXXXXXXXXXXXXXXX
HCoV-229E,XXXXXXXXXXXXXXXXXXXX
HCoV-229E,XXXXXXXXXXXXXXXXXXXX
HCoV-229E,XXXXXXXXXXXXXXXXXXXX
HCoV-229E,XXXXXXXXXXXXXXXXXXXX
HCoV-229E,XXXXXXXXXXXXXXXXXXXX
HCoV-229E,XXXXXXXXXXXXXXXXXXXX
HCoV-229E,XXXXXXXXXXXXXXXXXXXX
HCoV-229E,XXXXXXXXXXXXXXXXXXXX
HCoV-229E,XXXXXXXXXXXXXXXXXXXX
HCoV-229E,XXXXXXXXXXXXXXXXXXXX
HCoV-229E,XXXXXXXXXXXXXXXXXXXX
HCoV-229E,XXXXXXXXXXXXXXXXXXXX
HCoV-229E,XXXXXXXXXXXXXXXXXXXX
HCoV-229E,XXXXXXXXXXXXXXXXXXXX
HCoV-229E,XXXXXXXXXXXXXXXXXXXX
HCoV-229E,XXXXXXXXXXXXXXXXXXXX
HCoV-229E,XXXXXXXXXXXXXXXXXXXX
HCoV-229E,XXXXXXXXXXXXXXXXXXXX
HCoV-229E,XXXXXXXXXXXXXXXXXXXX
HCoV-229E,XXXXXXXXXXXXXXXXXXXX
HCoV-229E,XXXXXXXXXXXXXXXXXXXX
HCoV-229E,XXXXXXXXXXXXXXXXXXXX
HCoV-229E,XXXXXXXXXXXXXXXXXXXX
HCoV-229E,XXXXXXXXXXXXXXXXXXXX
HCoV-229E,XXXXXXXXXXXXXXXXXXXX
HCoV-229E,XXXXXXXXXXXXXXXXXXXX
HCoV-229E,XXXXXXXXXXXXXXXXXXX
HCoV-229E,XXXXXXXXXXXXXXXXXXX
HCoV-229E,XXXXXXXXXXXXXXXXXXX
HCoV-229E,XXXXXXXXXXXXXXXXXXX
HCoV-229E,XXXXXXXXXXXXXXXXXXX
HCoV-229E,XXXXXXXXXXXXXXXXXXX
HCoV-229E,XXXXXXXXXXXXXXXXXXX
HCoV-229E,XXXXXXXXXXXXXXXXXXX
HCoV-229E,XXXXXXXXXXXXXXXXXXX
HCoV-229E,XXXXXXXXXXXXXXXXXXX
HCoV-229E,XXXXXXXXXXXXXXXXXXX
HCoV-229E,XXXXXXXXXXXXXXXXXXX
HCoV-229E,XXXXXXXXXXXXXXXXXXX
HCoV-229E,XXXXXXXXXXXXXXXXXXX
HCoV-229E,XXXXXXXXXXXXXXXXXXX
HCoV-229E,XXXXXXXXXXXXXXXXXXX
HCoV-229E,XXXXXXXXXXXXXXXXXX
HCoV-229E,XXXXXXXXXXXXXXXXXX
HCoV-229E,XXXXXXXXXXXXXXXXXX
HCoV-229E,XXXXXXXXXXXXXXXXXX
HCoV-229E,XXXXXXXXXXXXXXXXXX
HCoV-229E,XXXXXXXXXXXXXXXXXX
HCoV-229E,XXXXXXXXXXXXXXXXXX
HCoV-229E,XXXXXXXXXXXXXXXXXX
HCoV-229E,XXXXXXXXXXXXXXXXXX
HCoV-229E,XXXXXXXXXXXXXXXXXX
HCoV-229E,XXXXXXXXXXXXXXXXXX
HCoV-229E,XXXXXXXXXXXXXXXXXX
HCoV-229E,XXXXXXXXXXXXXXXXXX
HCoV-229E,XXXXXXXXXXXXXXXXXX
HCoV-229E,XXXXXXXXXXXXXXXXXX
HCoV-229E,XXXXXXXXXXXXXXXXXX
HCoV-229E,XXXXXXXXXXXXXXXXX
HCoV-229E,XXXXXXXXXXXXXXXXX
HCoV-229E,XXXXXXXXXXXXXXXXX
HCoV-229E,XXXXXXXXXXXXXXXXX
HCoV-229E,XXXXXXXXXXXXXXXXX
HCoV-229E,XXXXXXXXXXXXXXXXX
HCoV-229E,XXXXXXXXXXXXXXXXX
HCoV-229E,XXXXXXXXXXXXXXXXX
HCoV-229E,XXXXXXXXXXXXXXXXX
HCoV-229E,XXXXXXXXXXXXXXXXX
HCoV-229E,XXXXXXXXXXXXXXXXX
HCoV-229E,XXXXXXXXXXXXXXXXX
HCoV-229E,XXXXXXXXXXXXXXXXX
HCoV-229E,XXXXXXXXXXXXXXXXX
HCoV-229E,XXXXXXXXXXXXXXXXX
HCoV-229E,XXXXXXXXXXXXXXXXX
HCoV-229E,XXXXXXXXXXXXXXXX
HCoV-229E,XXXXXXXXXXXXXXXX
HCoV-229E,XXXXXXXXXXXXXXXX
HCoV-229E,XXXXXXXXXXXXXXXX
HCoV-229E,XXXXXXXXXXXXXXXX
HCoV-229E,XXXXXXXXXXXXXXXX
HCoV-229E,XXXXXXXXXXXXXXXX
HCoV-229E,XXXXXXXXXXXXXXXX
HCoV-229E,XXXXXXXXXXXXXXXX
HCoV-229E,XXXXXXXXXXXXXXXX
HCoV-229E,XXXXXXXXXXXXXXXX
HCoV-229E,XXXXXXXXXXXXXXXX
HCoV-229E,XXXXXXXXXXXXXXXX
HCoV-229E,XXXXXXXXXXXXXXXX
HCoV-229E,XXXXXXXXXXXXXXXX
HCoV-229E,XXXXXXXXXXXXXXXX
HCoV-229E,XXXXXXXXXXXXXXX
HCoV-229E,XXXXXXXXXXXXXXX
HCoV-229E,XXXXXXXXXXXXXXX
HCoV-229E,XXXXXXXXXXXXXXX
HCoV-229E,XXXXXXXXXXXXXXX
HCoV-229E,XXXXXXXXXXXXXXX
HCoV-229E,XXXXXXXXXXXXXXX
HCoV-229E,XXXXXXXXXXXXXXX
HCoV-229E,XXXXXXXXXXXXXXX
HCoV-229E,XXXXXXXXXXXXXXX
HCoV-229E,XXXXXXXXXXXXXXX
HCoV-229E,XXXXXXXXXXXXXXX
HCoV-229E,XXXXXXXXXXXXXXX
HCoV-229E,XXXXXXXXXXXXXXX
HCoV-229E,XXXXXXXXXXXXXXX
HCoV-229E,XXXXXXXXXXXXXXX
HCoV-229E,XXXXXXXXXXXXXX
HCoV-229E,XXXXXXXXXXXXXX
HCoV-229E,XXXXXXXXXXXXXX
HCoV-229E,XXXXXXXXXXXXXX
HCoV-229E,XXXXXXXXXXXXXX
HCoV-229E,XXXXXXXXXXXXXX
HCoV-229E,XXXXXXXXXXXXXX
HCoV-229E,XXXXXXXXXXXXXX
HCoV-229E,XXXXXXXXXXXXXX
HCoV-229E,XXXXXXXXXXXXXX
HCoV-229E,XXXXXXXXXXXXXX
HCoV-229E,XXXXXXXXXXXXXX
HCoV-229E,XXXXXXXXXXXXXX
HCoV-229E,XXXXXXXXXXXXXX
HCoV-229E,XXXXXXXXXXXXXX
HCoV-229E,XXXXXXXXXXXXXX
HCoV-229E,XXXXXXXXXXXXX
HCoV-229E,XXXXXXXXXXXXX
HCoV-229E,XXXXXXXXXXXXX
HCoV-229E,XXXXXXXXXXXXX
HCoV-229E,XXXXXXXXXXXXX
HCoV-229E,XXXXXXXXXXXXX
HCoV-229E,XXXXXXXXXXXXX
HCoV-229E,XXXXXXXXXXXXX
HCoV-229E,XXXXXXXXXXXXX
HCoV-229E,XXXXXXXXXXXXX
HCoV-229E,XXXXXXXXXXXXX
HCoV-229E,XXXXXXXXXXXXX
HCoV-229E,XXXXXXXXXXXXX
HCoV-229E,XXXXXXXXXXXXX
HCoV-229E,XXXXXXXXXXXXX
HCoV-229E,XXXXXXXXXXXXX
HCoV-229E,XXXXXXXXXXXX
HCoV-229E,XXXXXXXXXXXX
HCoV-229E,XXXXXXXXXXXX
HCoV-229E,XXXXXXXXXXXX
HCoV-229E,XXXXXXXXXXXX
HCoV-229E,XXXXXXXXXXXX
HCoV-229E,XXXXXXXXXXXX
HCoV-229E,XXXXXXXXXXXX
HCoV-229E,XXXXXXXXXXXX
HCoV-229E,XXXXXXXXXXXX
HCoV-229E,XXXXXXXXXXXX
HCoV-229E,XXXXXXXXXXXX
HCoV-229E,XXXXXXXXXXXX
HCoV-229E,XXXXXXXXXXXX
HCoV-229E,XXXXXXXXXXXX
HCoV-229E,XXXXXXXXXXXX
HCoV-229E,XXXXXXXXXXX
HCoV-229E,XXXXXXXXXXX
HCoV-229E,XXXXXXXXXXX
HCoV-229E,XXXXXXXXXXX
HCoV-229E,XXXXXXXXXXX
HCoV-229E,XXXXXXXXXXX
HCoV-229E,XXXXXXXXXXX
HCoV-229E,XXXXXXXXXXX
HCoV-229E,XXXXXXXXXXX
HCoV-229E,XXXXXXXXXXX
HCoV-229E,XXXXXXXXXXX
HCoV-229E,XXXXXXXXXXX
HCoV-229E,XXXXXXXXXXX
HCoV-229E,XXXXXXXXXXX
HCoV-229E,XXXXXXXXXXX
HCoV-229E,XXXXXXXXXXX
HCoV-229E,XXXXXXXXXX
HCoV-229E,XXXXXXXXXX
HCoV-229E,XXXXXXXXXX
HCoV-229E,XXXXXXXXXX
HCoV-229E,XXXXXXXXXX
HCoV-229E,XXXXXXXXXX
HCoV-229E,XXXXXXXXXX
HCoV-229E,XXXXXXXXXX
HCoV-229E,XXXXXXXXXX
HCoV-229E,XXXXXXXXXX
HCoV-229E,XXXXXXXXXX
HCoV-229E,XXXXXXXXXX
HCoV-229E,XXXXXXXXXX
HCoV-229E,XXXXXXXXXX
HCoV-229E,XXXXXXXXXX
HCoV-229E,XXXXXXXXXX
HCoV-229E,XXXXXXXXXX
HCoV-229E,XXXXXXXXXX
HCoV-229E,XXXXXXXXXX
HCoV-229E,XXXXXXXXXX
HCoV-229E,XXXXXXXXXX
HCoV-229E,XXXXXXXXXX
HCoV-229E,XXXXXXXXXX
HCoV-229E,XXXXXXXXXX
HCoV-229E,XXXXXXXXXX
HCoV-229E,XXXXXXXXXX
HCoV-229E,XXXXXXXXXX
HCoV-229E,XXXXXXXXXX
HCoV-229E,XXXXXXXXXX
HCoV-229E,XXXXXXXXXX
HCoV-229E,XXXXXXXXXX
HCoV-229E,XXXXXXXXXX
HCoV-229E,XXXXXXXXXX
HCoV-229E,XXXXXXXXXX
HCoV-229E,XXXXXXXXXX
HCoV-229E,XXXXXXXXXX
HCoV-229E,XXXXXXXXXX
HCoV-229E,XXXXXXXXXX
HCoV-229E,XXXXXXXXXX
HCoV-229E,XXXXXXXXXX
HCoV-229E,XXXXXXXXXX
HCoV-229E,XXXXXXXXXX
HCoV-229E,XXXXXXXXXX
HCoV-229E,XXXXXXXXXX
HCoV-229E,XXXXXXXXXX
HCoV-229E,XXXXXXXXXX
HCoV-229E,XXXXXXXXXX
HCoV-229E,XXXXXXXXXX
HCoV-229E,XXXXXXXXXX
HCoV-229E,XXXXXXXXXX
HCoV-229E,XXXXXXXXXX
HCoV-229E,XXXXXXXXXX
HCoV-229E,XXXXXXXXXX
HCoV-229E,XXXXXXXXXX
HCoV-229E,XXXXXXXXXX
HCoV-229E,XXXXXXXXXX
HCoV-229E,XXXXXXXXXX
HCoV-229E,XXXXXXXXXX
HCoV-229E,XXXXXXXXXX
HCoV-229E,XXXXXXXXXX
HCoV-229E,XXXXXXXXXX
HCoV-229E,XXXXXXXXXX
HCoV-229E,XXXXXXXXXX
HCoV-229E,XXXXXXXXXX
HCoV-229E,XXXXXXXXXX
HCoV-229E,XXXXXXXXXX
HCoV-229E,XXXXXXXXXX
HCoV-229E,XXXXXXXXXX
HCoV-229E,XXXXXXXXXX
HCoV-229E,XXXXXXXXXX
HCoV-229E,XXXXXXXXXX
HCoV-229E,XXXXXXXXXX
HCoV-229E,XXXXXXXXXX
HCoV-229E,XXXXXXXXXX
HCoV-229E,XXXXXXXXXX
HCoV-229E,XXXXXXXXXX
HCoV-229E,XXXXXXXXXX
HCoV-229E,XXXXXXXXXX
HCoV-229E,XXXXXXXXXX
HCoV-229E,XXXXXXXXXX
HCoV-229E,XXXXXXXXXX
HCoV-229E,XXXXXXXXXX
HCoV-229E,XXXXXXXXXX
HCoV-229E,XXXXXXXXXX
HCoV-229E,XXXXXXXXXX
HCoV-229E,XXXXXXXXXX
HCoV-229E,XXXXXXXXXX
HCoV-229E,XXXXXXXXXX
HCoV-229E,XXXXXXXXXX
HCoV-229E,XXXXXXXXXX
HCoV-229E,XXXXXXXXXX
HCoV-229E,XXXXXXXXXX
HCoV-229E,XXXXXXXXXX
HCoV-229E,XXXXXXXXXX
HCoV-229E,XXXXXXXXXX
HCoV-229E,XXXXXXXXXX
HCoV-229E,XXXXXXXXXX
HCoV-229E,XXXXXXXXXX
HCoV-229E,XXXXXXXXXX
HCoV-229E,XXXXXXXXXX
HCoV-229E,XXXXXXXXXX
HCoV-229E,XXXXXXXXXX
HCoV-229E,XXXXXXXXXX
HCoV-229E,XXXXXXXXXX
HCoV-229E,XXXXXXXXXX
HCoV-229E,XXXXXXXXXX
HCoV-229E,XXXXXXXXXX
HCoV-229E,XXXXXXXXXX
HCoV-229E,XXXXXXXXXX
HCoV-229E,XXXXXXXXXX
HCoV-229E,XXXXXXXXXX
HCoV-229E,XXXXXXXXXX
HCoV-229E,XXXXXXXXXX
HCoV-229E,XXXXXXXXXX
HCoV-229E,XXXXXXXXXX
HCoV-229E,XXXXXXXXXX
HCoV-229E,XXXXXXXXXX
HCoV-229E,XXXXXXXXXX
HCoV-229E,XXXXXXXXXX
HCoV-229E,XXXXXXXXXX
HCoV-229E,XXXXXXXXXX
HCoV-229E,XXXXXXXXXX
HCoV-229E,XXXXXXXXXX
HCoV-229E,XXXXXXXXXX
HCoV-229E,XXXXXXXXXX
HCoV-229E,XXXXXXXXXX
HCoV-229E,XXXXXXXXXX
HCoV-229E,XXXXXXXXXX
HCoV-229E,XXXXXXXXXX
HCoV-229E,XXXXXXXXXX
HCoV-229E,XXXXXXXXXX
HCoV-229E,XXXXXXXXXX
HCoV-229E,XXXXXXXXXX
HCoV-229E,XXXXXXXXXX
HCoV-229E,XXXXXXXXXX
HCoV-229E,XXXXXXXXXX
HCoV-229E,XXXXXXXXXX
HCoV-229E,XXXXXXXXXX
HCoV-229E,XXXXXXXXXX
HCoV-229E,XXXXXXXXXX
HCoV-229E,XXXXXXXXXX
HCoV-229E,XXXXXXXXXX
HCoV-229E,XXXXXXXXXX
HCoV-229E,XXXXXXXXXX
HCoV-229E,XXXXXXXXXX
HCoV-229E,XXXXXXXXXX
HCoV-229E,XXXXXXXXXX
HCoV-229E,XXXXXXXXXX
HCoV-229E,XXXXXXXXXX
HCoV-229E,XXXXXXXXXX
HCoV-229E,XXXXXXXXXX
HCoV-229E,XXXXXXXXXX
HCoV-229E,XXXXXXXXX
HCoV-229E,XXXXXXXXX
HCoV-229E,XXXXXXXXX
HCoV-229E,XXXXXXXXX
HCoV-229E,XXXXXXXXX
HCoV-229E,XXXXXXXXX
HCoV-229E,XXXXXXXXX
HCoV-229E,XXXXXXXXX
HCoV-229E,XXXXXXXXX
HCoV-229E,XXXXXXXXX
HCoV-229E,XXXXXXXXX
HCoV-229E,XXXXXXXXX
HCoV-229E,XXXXXXXXX
HCoV-229E,XXXXXXXXX
HCoV-229E,XXXXXXXXX
HCoV-229E,XXXXXXXXX
HCoV-229E,XXXXXXXXX
HCoV-229E,XXXXXXXXX
HCoV-229E,XXXXXXXXX
HCoV-229E,XXXXXXXXX
HCoV-229E,XXXXXXXXX
HCoV-229E,XXXXXXXXX
HCoV-229E,XXXXXXXXX
HCoV-229E,XXXXXXXXX
HCoV-229E,XXXXXXXXX
HCoV-229E,XXXXXXXXX
HCoV-229E,XXXXXXXXX
HCoV-229E,XXXXXXXXX
HCoV-229E,XXXXXXXXX
HCoV-229E,XXXXXXXXX
HCoV-229E,XXXXXXXXX
HCoV-229E,XXXXXXXXX
HCoV-229E,XXXXXXXXX
HCoV-229E,XXXXXXXXX
HCoV-229E,XXXXXXXXX
HCoV-229E,XXXXXXXXX
HCoV-229E,XXXXXXXX
HCoV-229E,XXXXXXXX
HCoV-229E,XXXXXXXX
HCoV-229E,XXXXXXXX
HCoV-229E,XXXXXXXX
HCoV-229E,XXXXXXXX
HCoV-229E,XXXXXXXX
HCoV-229E,XXXXXXXX
HCoV-229E,XXXXXXXX
HCoV-229E,XXXXXXXX
HCoV-229E,XXXXXXXX
HCoV-229E,XXXXXXXX
HCoV-229E,XXXXXXXX
HCoV-229E,XXXXXXXX
HCoV-229E,XXXXXXXX
HCoV-229E,XXXXXXXX
HCoV-229E,XXXXXXXX
HCoV-229E,XXXXXXXX
HCoV-229E,XXXXXXXX
HCoV-229E,XXXXXXXX
HCoV-229E,XXXXXXXX
HCoV-229E,XXXXXXXX
HCoV-229E,XXXXXXXX
HCoV-229E,XXXXXXXX
HCoV-229E,XXXXXXXX
HCoV-229E,XXXXXXXX
HCoV-229E,XXXXXXXX
HCoV-229E,XXXXXXXX
HCoV-229E,XXXXXXXX
HCoV-229E,XXXXXXXX
HCoV-229E,XXXXXXXX
HCoV-229E,XXXXXXXX
HCoV-229E,XXXXXXXX
HCoV-229E,XXXXXXXX
HCoV-229E,XXXXXXXX
HCoV-229E,XXXXXXXX
HCoV-229E,XXXXXXXX
HCoV-229E,XXXXXXXX
HCoV-229E,XXXXXXXX
HCoV-229E,XXXXXXXX
HCoV-229E,XXXXXXXX
HCoV-229E,XXXXXXXX
HCoV-229E,XXXXXXXX
HCoV-229E,XXXXXXXX
HCoV-229E,XXXXXXXX
HCoV-229E,XXXXXXXX
HCoV-229E,XXXXXXXX
HCoV-229E,XXXXXXXX
HCoV-229E,XXXXXXXX
HCoV-229E,XXXXXXXX
HCoV-229E,XXXXXXXX
HCoV-229E,XXXXXXXX
HCoV-229E,XXXXXXXX
HCoV-229E,XXXXXXXX
HCoV-229E,XXXXXXXX
HCoV-229E,XXXXXXXX
HCoV-229E,XXXXXXXX
HCoV-229E,XXXXXXXX
HCoV-229E,XXXXXXXX
HCoV-229E,XXXXXXXX
HCoV-229E,XXXXXXXX
HCoV-229E,XXXXXXXX
HCoV-229E,XXXXXXXX
HCoV-229E,XXXXXXXX
HCoV-229E,XXXXXXXX
HCoV-229E,XXXXXXXX
HCoV-229E,XXXXXXXX
HCoV-229E,XXXXXXXX
HCoV-229E,XXXXXXXX
HCoV-229E,XXXXXXXX
HCoV-229E,XXXXXXXX
HCoV-229E,XXXXXXXX
HCoV-229E,XXXXXXXX
HCoV-229E,XXXXXXXX
HCoV-229E,XXXXXXXX
HCoV-229E,XXXXXXXX
HCoV-229E,XXXXXXXX
HCoV-229E,XXXXXXXX
HCoV-229E,XXXXXXXX
HCoV-229E,XXXXXXXX
HCoV-229E,XXXXXXXX
HCoV-229E,XXXXXXXX
HCoV-229E,XXXXXXXX
HCoV-229E,XXXXXXXX
HCoV-229E,XXXXXXXX
HCoV-229E,XXXXXXXX
HCoV-229E,XXXXXXXX
HCoV-229E,XXXXXXXX
HCoV-229E,XXXXXXXX
HCoV-229E,XXXXXXXX
HCoV-229E,XXXXXXXX
HCoV-229E,XXXXXXXX
HCoV-229E,XXXXXXXX
HCoV-229E,XXXXXXXX
HCoV-229E,XXXXXXXX
HCoV-229E,XXXXXXXX
HCoV-229E,XXXXXXXX
HCoV-229E,XXXXXXXX
HCoV-229E,XXXXXXXX
HCoV-229E,XXXXXXXX
HCoV-229E,XXXXXXXX
HCoV-229E,XXXXXXXX
HCoV-229E,XXXXXXXX
HCoV-229E,XXXXXXXX
HCoV-229E,XXXXXXXX
HCoV-229E,XXXXXXXX
HCoV-229E,XXXXXXXX
HCoV-229E,XXXXXXXX
HCoV-229E,XXXXXXXX
HCoV-229E,XXXXXXXX
HCoV-229E,XXXXXXXX
HCoV-229E,XXXXXXXX
HCoV-229E,XXXXXXXX
HCoV-229E,XXXXXXXX
HCoV-229E,XXXXXXXX
HCoV-229E,XXXXXXXX
HCoV-229E,XXXXXXXX
HCoV-229E,XXXXXXXX
HCoV-229E,XXXXXXX
HCoV-229E,XXXXXXX
HCoV-229E,XXXXXXX
HCoV-229E,XXXXXXX
HCoV-229E,XXXXXXX
HCoV-229E,XXXXXXX
HCoV-229E,XXXXXXX
HCoV-229E,XXXXXXX
HCoV-229E,XXXXXXX
HCoV-229E,XXXXXXX
HCoV-229E,XXXXXXX
HCoV-229E,XXXXXXX
HCoV-229E,XXXXXXX
HCoV-229E,XXXXXXX
HCoV-229E,XXXXXXX
HCoV-229E,XXXXXXX
HCoV-229E,XXXXXXX
HCoV-229E,XXXXXXX
HCoV-229E,XXXXXXX
HCoV-229E,XXXXXXX
HCoV-229E,XXXXXXX
HCoV-229E,XXXXXXX
HCoV-229E,XXXXXXX
HCoV-229E,XXXXXXX
HCoV-229E,XXXXXXX
HCoV-229E,XXXXXXX
HCoV-229E,XXXXXXX
HCoV-229E,XXXXXXX
HCoV-229E,XXXXXXX
HCoV-229E,XXXXXXX
HCoV-229E,XXXXXXX
HCoV-229E,XXXXXXX
HCoV-229E,XXXXXXX
HCoV-229E,XXXXXXX
HCoV-229E,XXXXXXX
HCoV-229E,XXXXXXX
HCoV-229E,XXXXXXX
HCoV-229E,XXXXXXX
HCoV-229E,XXXXXXX
HCoV-229E,XXXXXXX
HCoV-229E,XXXXXXX
HCoV-229E,XXXXXXX
HCoV-229E,XXXXXXX
HCoV-229E,XXXXXXX
HCoV-229E,XXXXXXX
HCoV-229E,XXXXXXX
HCoV-229E,XXXXXXX
HCoV-229E,XXXXXXX
HCoV-229E,XXXXXXX
HCoV-229E,XXXXXX
HCoV-229E,XXXXXX
HCoV-229E,XXXXXX
HCoV-229E,XXXXXX
HCoV-229E,XXXXXX
HCoV-229E,XXXXXX
HCoV-229E,XXXXXX
HCoV-229E,XXXXXX
HCoV-229E,XXXXXX
HCoV-229E,XXXXXX
HCoV-229E,XXXXXX
HCoV-229E,XXXXXX
HCoV-229E,XXXXXX
HCoV-229E,XXXXXX
HCoV-229E,XXXXXX
HCoV-229E,XXXXXX
HCoV-229E,XXXXXX
HCoV-229E,XXXXXX
HCoV-229E,XXXXXX
HCoV-229E,XXXXXX
HCoV-229E,XXXXXX
HCoV-229E,XXXXXX
HCoV-229E,XXXXXX
HCoV-229E,XXXXXX
HCoV-229E,XXXXXX
HCoV-229E,XXXXXX
HCoV-229E,XXXXXX
HCoV-229E,XXXXXX
HCoV-229E,XXXXXX
HCoV-229E,XXXXXX
HCoV-229E,XXXXXX
HCoV-229E,XXXXXX
HCoV-229E,XXXXXX
HCoV-229E,XXXXXX
HCoV-229E,XXXXXX
HCoV-229E,XXXXXX
HCoV-229E,XXXXXX
HCoV-229E,XXXXXX
HCoV-229E,XXXXXX
HCoV-229E,XXXXXX
HCoV-229E,XXXXXX
HCoV-229E,XXXXXX
HCoV-229E,XXXXXX
HCoV-229E,XXXXXX
HCoV-229E,XXXXXX
HCoV-229E,XXXXXX
HCoV-229E,XXXXXX
HCoV-229E,XXXXXX
HCoV-229E,XXXXXX
HCoV-229E,XXXXX
HCoV-229E,XXXXX
HCoV-229E,XXXXX
HCoV-229E,XXXXX
HCoV-229E,XXXXX
HCoV-229E,XXXXX
HCoV-229E,XXXXX
HCoV-229E,XXXXX
HCoV-229E,XXXXX
HCoV-229E,XXXXX
HCoV-229E,XXXXX
HCoV-229E,XXXXX
HCoV-229E,XXXXX
HCoV-229E,XXXXX
HCoV-229E,XXXXX
HCoV-229E,XXXXX
HCoV-229E,XXXXX
HCoV-229E,XXXXX
HCoV-229E,XXXXX
HCoV-229E,XXXXX
HCoV-229E,XXXXX
HCoV-229E,XXXXX
HCoV-229E,XXXXX
HCoV-229E,XXXXX
HCoV-229E,XXXXX
HCoV-229E,XXXXX
HCoV-229E,XXXXX
HCoV-229E,XXXXX
HCoV-229E,XXXXX
HCoV-229E,XXXXX
HCoV-229E,XXXXX
HCoV-229E,XXXXX
HCoV-229E,XXXXX
HCoV-229E,XXXXX
HCoV-229E,XXXXX
HCoV-229E,XXXXX
HCoV-229E,XXXXX
HCoV-229E,XXXXX
HCoV-229E,XXXXX
HCoV-229E,XXXXX
HCoV-229E,XXXXX
HCoV-229E,XXXXX
HCoV-229E,XXXXX
HCoV-229E,XXXXX
HCoV-229E,XXXXX
HCoV-229E,XXXXX
HCoV-229E,XXXXX
HCoV-229E,XXXXX
HCoV-229E,XXXXX
HCoV-229E,XXXXX
HCoV-229E,XXXXX
HCoV-229E,XXXXX
HCoV-229E,XXXXX
HCoV-229E,XXXXX
HCoV-229E,XXXXX
HCoV-229E,XXXXX
HCoV-229E,XXXXX
HCoV-229E,XXXXX
HCoV-229E,XXXXX
HCoV-229E,XXXXX
HCoV-229E,XXXXX
HCoV-229E,XXXXX
HCoV-229E,XXXXX
HCoV-229E,XXXXX
HCoV-229E,XXXXX
HCoV-229E,XXXXX
HCoV-229E,XXXXX
HCoV-229E,XXXXX
HCoV-229E,XXXXX
HCoV-229E,XXXXX
HCoV-229E,XXXXX
HCoV-229E,XXXXX
HCoV-229E,XXXXX
HCoV-229E,XXXXX
HCoV-229E,XXXXX
HCoV-229E,XXXXX
HCoV-229E,XXXXX
HCoV-229E,XXXXX
HCoV-229E,XXXXX
HCoV-229E,XXXXX
HCoV-229E,XXXXX
HCoV-229E,XXXXX
HCoV-229E,XXXXX
HCoV-229E,XXXXX
HCoV-229E,XXXXX
HCoV-229E,XXXXX
HCoV-229E,XXXXX
HCoV-229E,XXXXX
HCoV-229E,XXXXX
HCoV-229E,XXXXX
HCoV-229E,XXXXX
HCoV-229E,XXXXX
HCoV-229E,XXXXX
HCoV-229E,XXXXX
HCoV-229E,XXXXX
HCoV-229E,XXXXX
HCoV-229E,XXXXX
HCoV-229E,XXXXX
HCoV-229E,XXXXX
HCoV-229E,XXXXX
HCoV-229E,XXXXX
HCoV-229E,XXXXX
HCoV-229E,XXXXX
HCoV-229E,XXXXX
HCoV-229E,XXXXX
HCoV-229E,XXXXX
HCoV-229E,XXXXX
HCoV-229E,XXXXX
HCoV-229E,XXXXX
HCoV-229E,XXXXX
HCoV-229E,XXXXX
HCoV-229E,XXXXX
HCoV-229E,XXXXX
HCoV-229E,XXXXX
HCoV-229E,XXXXX
HCoV-229E,XXXXX
HCoV-229E,XXXXX
HCoV-229E,XXXXX
HCoV-229E,XXXXX
HCoV-229E,XXXXX
HCoV-229E,XXXXX
HCoV-229E,XXXXX
HCoV-229E,XXXXX
HCoV-229E,XXXXX
HCoV-229E,XXXXX
HCoV-229E,XXXXX
HCoV-229E,XXXXX
HCoV-229E,XXXXX
HCoV-229E,XXXXX
HCoV-229E,XXXXX
HCoV-229E,XXXXX
HCoV-229E,XXXXX
HCoV-229E,XXXXX
HCoV-229E,XXXXX
HCoV-229E,XXXXX
HCoV-229E,XXXXX
HCoV-229E,XXXXX
HCoV-229E,XXXXX
HCoV-229E,XXXXX
HCoV-229E,XXXXX
HCoV-229E,XXXXX
HCoV-229E,XXXXX
HCoV-229E,XXXXX
HCoV-229E,XXXXX
HCoV-229E,XXXXX
HCoV-229E,XXXXX
HCoV-229E,XXXXX
HCoV-229E,XXXXX
HCoV-229E,XXXXX
HCoV-229E,XXXXX
HCoV-229E,XXXXX
HCoV-229E,XXXXX
HCoV-229E,XXXX
HCoV-229E,XXXX
HCoV-229E,XXXX
HCoV-229E,XXXX
HCoV-229E,XXXX
HCoV-229E,XXXX
HCoV-229E,XXXX
HCoV-229E,XXXX
HCoV-229E,XXXX
HCoV-229E,XXXX
HCoV-229E,XXXX
HCoV-229E,XXXX
HCoV-229E,XXXX
HCoV-229E,XXXX
HCoV-229E,XXXX
HCoV-229E,XXXX
HCoV-229E,XXXX
HCoV-229E,XXXX
HCoV-229E,XXXX
HCoV-229E,XXXX
HCoV-229E,XXXX
HCoV-229E,XXXX
HCoV-229E,XXXX
HCoV-229E,XXXX
HCoV-229E,XXXX
HCoV-229E,XXXX
HCoV-229E,XXXX
HCoV-229E,XXXX
HCoV-229E,XXXX
HCoV-229E,XXXX
HCoV-229E,XXXX
HCoV-229E,XXXX
HCoV-229E,XXXX
HCoV-229E,XXXX
HCoV-229E,XXXX
HCoV-229E,XXXX
HCoV-229E,XXXX
HCoV-229E,XXXX
HCoV-229E,XXXX
HCoV-229E,XXXX
HCoV-229E,XXXX
HCoV-229E,XXXX
HCoV-229E,XXXX
HCoV-229E,XXXX
HCoV-229E,XXXX
HCoV-229E,XXXX
HCoV-229E,XXXX
HCoV-229E,XXXX
HCoV-229E,XXXX
HCoV-229E,XXXX
HCoV-229E,XXXX
HCoV-229E,XXXX
HCoV-229E,XXXX
HCoV-229E,XXXX
HCoV-229E,XXXX
HCoV-229E,XXXX
HCoV-229E,XXXX
HCoV-229E,XXXX
HCoV-229E,XXXX
HCoV-229E,XXXX
HCoV-229E,XXXX
HCoV-229E,XXXX
HCoV-229E,XXXX
HCoV-229E,XXXX
HCoV-229E,ALQT
HCoV-229E,KCTK
HCoV-229E,LCVD
HCoV-229E,NYTV
HCoV-229E,SSFG
HCoV-229E,TLAN
HCoV-229E,TSYG
HCoV-229E,VCNG
HCoV-229E,VELP
HCoV-229E,VSSF
HCoV-229E,ALQT
HCoV-229E,DVEA
HCoV-229E,GFYS
HCoV-229E,INGY
HCoV-229E,IPSN
HCoV-229E,LCVD
HCoV-229E,NYTV
HCoV-229E,SSFG
HCoV-229E,TLAN
HCoV-229E,TNGT
HCoV-229E,TNTS
HCoV-229E,TSYG
HCoV-229E,VCNG
HCoV-229E,XXXXXXXXXXG
HCoV-229E,XXXXXXXXXXXXXXXXXXXXXXXXXXXXXXXX
HCoV-229E,XXXXXXXXXXXXXXXXXXXXXXXXXXXXXXX
HCoV-229E,XXXXXXXXXXXXXXXXXXXXXXXXXXXXXX
HCoV-229E,XXXXXXXXXXXXXXXXXXXXXXXXXXXXX
HCoV-229E,XXXXXXXXXXXXXXXXXXXXXXXXXXXX
HCoV-229E,XXXXXXXXXXXXXXXXXXXXXXXXXXX
HCoV-229E,XXXXXXXXXXXXXXXXXXXXXXXXXX
HCoV-229E,XXXXXXXXXXXXXXXXXXXXXXXXX
HCoV-229E,XXXXXXXXXXXXXXXXXXXXXXXX
HCoV-229E,XXXXXXXXXXXXXXXXXXXXXXX
HCoV-229E,XXXXXXXXXXXXXXXXXXXXXX
HCoV-229E,XXXXXXXXXXXXXXXXXXXXX
HCoV-229E,XXXXXXXXXXXXXXXXXXXX
HCoV-229E,XXXXXXXXXXXXXXXXXXX
HCoV-229E,XXXXXXXXXXXXXXXXXX
HCoV-229E,XXXXXXXXXXXXXXXXX
HCoV-229E,XXXXXXXXXXXXXXXX
HCoV-229E,XXXXXXXXXXXXXXX
HCoV-229E,XXXXXXXXXXXXXX
HCoV-229E,XXXXXXXXXXXXX
HCoV-229E,XXXXXXXXXXXX
HCoV-229E,XXXXXXXXXXX
HCoV-229E,XXXXXXXXXX
HCoV-229E,XXXXXXXXXX
HCoV-229E,XXXXXXXXXX
HCoV-229E,XXXXXXXXXX
HCoV-229E,XXXXXXXXXX
HCoV-229E,XXXXXXXXXX
HCoV-229E,XXXXXXXXXX
HCoV-229E,XXXXXXXXXX
HCoV-229E,XXXXXXXXXX
HCoV-229E,XXXXXXXXXX
HCoV-229E,XXXXXXXXXX
HCoV-229E,XXXXXXXXXX
HCoV-229E,XXXXXXXXXX
HCoV-229E,XXXXXXXXXX
HCoV-229E,XXXXXXXXXX
HCoV-229E,XXXXXXXXXX
HCoV-229E,XXXXXXXXXX
HCoV-229E,XXXXXXXXXX
HCoV-229E,XXXXXXXXXX
HCoV-229E,XXXXXXXXXX
HCoV-229E,XXXXXXXXXX
HCoV-229E,XXXXXXXXXX
HCoV-229E,XXXXXXXXXX
HCoV-229E,XXXXXXXXXX
HCoV-229E,XXXXXXXXXX
HCoV-229E,XXXXXXXXXX
HCoV-229E,XXXXXXXXXX
HCoV-229E,XXXXXXXXXX
HCoV-229E,XXXXXXXXXX
HCoV-229E,XXXXXXXXXX
HCoV-229E,XXXXXXXXXX
HCoV-229E,XXXXXXXXXX
HCoV-229E,XXXXXXXXXX
HCoV-229E,XXXXXXXXXX
HCoV-229E,XXXXXXXXXX
HCoV-229E,XXXXXXXXXX
HCoV-229E,XXXXXXXXXX
HCoV-229E,XXXXXXXXXX
HCoV-229E,XXXXXXXXXX
HCoV-229E,XXXXXXXXXX
HCoV-229E,XXXXXXXXXX
HCoV-229E,XXXXXXXXXX
HCoV-229E,XXXXXXXXXX
HCoV-229E,XXXXXXXXXX
HCoV-229E,XXXXXXXXXX
HCoV-229E,XXXXXXXXXX
HCoV-229E,XXXXXXXXXX
HCoV-229E,XXXXXXXXXX
HCoV-229E,XXXXXXXXXX
HCoV-229E,XXXXXXXXX
HCoV-229E,XXXXXXXXX
HCoV-229E,XXXXXXXXX
HCoV-229E,XXXXXXXXX
HCoV-229E,XXXXXXXXX
HCoV-229E,XXXXXXXXX
HCoV-229E,XXXXXXXXX
HCoV-229E,XXXXXXXXX
HCoV-229E,XXXXXXXXX
HCoV-229E,XXXXXXXX
HCoV-229E,XXXXXXXX
HCoV-229E,XXXXXXXX
HCoV-229E,XXXXXXXX
HCoV-229E,XXXXXXXX
HCoV-229E,XXXXXXXX
HCoV-229E,XXXXXXXX
HCoV-229E,XXXXXXXX
HCoV-229E,XXXXXXXX
HCoV-229E,XXXXXXXX
HCoV-229E,XXXXXXXX
HCoV-229E,XXXXXXXX
HCoV-229E,XXXXXXXX
HCoV-229E,XXXXXXXX
HCoV-229E,XXXXXXXX
HCoV-229E,XXXXXXXX
HCoV-229E,XXXXXXXX
HCoV-229E,XXXXXXXX
HCoV-229E,XXXXXXXX
HCoV-229E,XXXXXXXX
HCoV-229E,XXXXXXXX
HCoV-229E,XXXXXXXX
HCoV-229E,XXXXXXXX
HCoV-229E,XXXXXXXX
HCoV-229E,XXXXXXXX
HCoV-229E,XXXXXXXX
HCoV-229E,XXXXXXXX
HCoV-229E,XXXXXXXX
HCoV-229E,XXXXXXXX
HCoV-229E,XXXXXXXX
HCoV-229E,XXXXXXXX
HCoV-229E,XXXXXXXX
HCoV-229E,XXXXXXXX
HCoV-229E,XXXXXXXX
HCoV-229E,XXXXXXXX
HCoV-229E,XXXXXXXX
HCoV-229E,XXXXXXXX
HCoV-229E,XXXXXXXX
HCoV-229E,XXXXXXXX
HCoV-229E,XXXXXXXX
HCoV-229E,XXXXXXXX
HCoV-229E,XXXXXXX
HCoV-229E,XXXXXXX
HCoV-229E,XXXXXXX
HCoV-229E,XXXXXXX
HCoV-229E,XXXXXXX
HCoV-229E,XXXXXXX
HCoV-229E,XXXXXXX
HCoV-229E,XXXXXXX
HCoV-229E,XXXXXXX
HCoV-229E,XXXXXXX
HCoV-229E,XXXXXXX
HCoV-229E,XXXXXXX
HCoV-229E,XXXXXXX
HCoV-229E,XXXXXXX
HCoV-229E,XXXXXXX
HCoV-229E,XXXXXXX
HCoV-229E,XXXXXX
HCoV-229E,XXXXXX
HCoV-229E,XXXXXX
HCoV-229E,XXXXXX
HCoV-229E,XXXXXX
HCoV-229E,XXXXXX
HCoV-229E,XXXXXX
HCoV-229E,XXXXXX
HCoV-229E,XXXXXX
HCoV-229E,XXXXXX
HCoV-229E,XXXXXX
HCoV-229E,XXXXXX
HCoV-229E,XXXXXX
HCoV-229E,XXXXXX
HCoV-229E,XXXXXX
HCoV-229E,XXXXXX
HCoV-229E,XXXXX
HCoV-229E,XXXXX
HCoV-229E,XXXXX
HCoV-229E,XXXXX
HCoV-229E,XXXXX
HCoV-229E,XXXXX
HCoV-229E,XXXXX
HCoV-229E,XXXXX
HCoV-229E,XXXXX
HCoV-229E,XXXXX
HCoV-229E,XXXXX
HCoV-229E,XXXXX
HCoV-229E,XXXXX
HCoV-229E,XXXXX
HCoV-229E,XXXXX
HCoV-229E,XXXXX
HCoV-229E,XXXX
HCoV-229E,XXXX
HCoV-229E,XXXX
HCoV-229E,XXXX
HCoV-229E,XXXX
HCoV-229E,XXXX
HCoV-229E,XXXX
HCoV-229E,XXXX
HCoV-229E,XXXX
HCoV-229E,XXXX
HCoV-229E,XXXX
HCoV-229E,XXXX
HCoV-229E,XXXX
HCoV-229E,XXXX
HCoV-229E,XXXX
HCoV-229E,XXXX
HCoV-229E,ALQT
HCoV-229E,GFYS
HCoV-229E,INGY
HCoV-229E,IPSN
HCoV-229E,KCTK
HCoV-229E,LCVD
HCoV-229E,NYTV
HCoV-229E,SSFG
HCoV-229E,TLAN
HCoV-229E,TNGT
HCoV-229E,TNTS
HCoV-229E,TSYG
HCoV-229E,VCNG
HCoV-229E,VSSF
HCoV-229E,ALQT
HCoV-229E,DVEA
HCoV-229E,GFYS
HCoV-229E,INGY
HCoV-229E,IPSN
HCoV-229E,KCTK
HCoV-229E,LCVD
HCoV-229E,NYTV
HCoV-229E,SSFG
HCoV-229E,TLAN
HCoV-229E,TNGT
HCoV-229E,TNTS
HCoV-229E,TSYG
HCoV-229E,VCNG
HCoV-229E,VITG
HCoV-229E,VSSF
HCoV-229E,ANIS
HCoV-229E,FSIVN
HCoV-229E,GSLI
HCoV-229E,GVAD
HCoV-229E,INTT
HCoV-229E,IVGA
HCoV-229E,NQTI
HCoV-229E,SITG
HCoV-229E,SLIGG
HCoV-229E,SSFG
HCoV-229E,TDVL
HCoV-229E,VDGV
HCoV-229E,VNVT
HCoV-229E,GFYS
HCoV-229E,ALQT
HCoV-229E,DVEA
HCoV-229E,GFYS
HCoV-229E,IPSN
HCoV-229E,KCTK
HCoV-229E,LCVD
HCoV-229E,NYTV
HCoV-229E,SSFG
HCoV-229E,TLAN
HCoV-229E,TNTS
HCoV-229E,TSYG
HCoV-229E,VCNG
HCoV-229E,VDGV
HCoV-229E,VITG
HCoV-229E,VSSF
HCoV-229E,ALQT
HCoV-229E,GFYS
HCoV-229E,INGY
HCoV-229E,IPSN
HCoV-229E,KCTK
HCoV-229E,LCVD
HCoV-229E,NYTV
HCoV-229E,SSFG
HCoV-229E,SVVD
HCoV-229E,TLAN
HCoV-229E,TNGT
HCoV-229E,TNTS
HCoV-229E,TSYG
HCoV-229E,VCNG
HCoV-229E,VSSF
HCoV-229E,ALQT
HCoV-229E,GFYS
HCoV-229E,KCTK
HCoV-229E,LCVD
HCoV-229E,NYTV
HCoV-229E,SGSR
HCoV-229E,SGVG
HCoV-229E,SSFG
HCoV-229E,TLAN
HCoV-229E,TSYG
HCoV-229E,VCNG
HCoV-229E,VSSF
HCoV-229E,ALQT
HCoV-229E,DVEA
HCoV-229E,GFYS
HCoV-229E,INGY
HCoV-229E,IPSN
HCoV-229E,KCTK
HCoV-229E,LCVD
HCoV-229E,NYTV
HCoV-229E,SSFG
HCoV-229E,TLAN
HCoV-229E,TNGT
HCoV-229E,TNTS
HCoV-229E,TSYG
HCoV-229E,VCNG
HCoV-229E,VSSF
HCoV-229E,ALQT
HCoV-229E,DVEA
HCoV-229E,GFYS
HCoV-229E,INGY
HCoV-229E,IPSN
HCoV-229E,KCTK
HCoV-229E,LCVD
HCoV-229E,NYTV
HCoV-229E,SSFG
HCoV-229E,TLAN
HCoV-229E,TNGT
HCoV-229E,TNTS
HCoV-229E,TSYG
HCoV-229E,VCNG
HCoV-229E,VITG
HCoV-229E,VSSF
HCoV-229E,KCTK
HCoV-229E,NYTV
HCoV-229E,SFGV
HCoV-229E,SGSR
HCoV-229E,SSFG
HCoV-229E,TLAN
HCoV-229E,VCNG
HCoV-229E,VELP
HCoV-229E,VSSF
HCoV-229E,GFYS
HCoV-229E,IPSN
HCoV-229E,LRRG
HCoV-229E,TSYG
HCoV-229E,ALQT
HCoV-229E,GFYS
HCoV-229E,INGY
HCoV-229E,IPSN
HCoV-229E,KCTK
HCoV-229E,LCVD
HCoV-229E,NYTV
HCoV-229E,SSFG
HCoV-229E,TLAN
HCoV-229E,TNTS
HCoV-229E,TSYG
HCoV-229E,VCNG
HCoV-229E,VITG
HCoV-229E,VSSF
HCoV-229E,KCTK
HCoV-229E,NYTV
HCoV-229E,SFGV
HCoV-229E,SGSR
HCoV-229E,SSFG
HCoV-229E,TLAN
HCoV-229E,VCNG
HCoV-229E,VELP
HCoV-229E,VSSF
HCoV-229E,ALQT
HCoV-229E,GFYS
HCoV-229E,INGY
HCoV-229E,IPSN
HCoV-229E,KCTK
HCoV-229E,LCVD
HCoV-229E,LRRG
HCoV-229E,NYTV
HCoV-229E,SGSR
HCoV-229E,SSFG
HCoV-229E,TLAN
HCoV-229E,TNGT
HCoV-229E,TNTS
HCoV-229E,TSYG
HCoV-229E,VCNG
HCoV-229E,VSSF
HCoV-229E,ALQT
HCoV-229E,GFYS
HCoV-229E,INGY
HCoV-229E,IPSN
HCoV-229E,KCTK
HCoV-229E,LCVD
HCoV-229E,LRRG
HCoV-229E,NYTV
HCoV-229E,SGSR
HCoV-229E,SSFG
HCoV-229E,TLAN
HCoV-229E,TNGT
HCoV-229E,TNTS
HCoV-229E,TSYG
HCoV-229E,VCNG
HCoV-229E,VSSF
HCoV-229E,ALQT
HCoV-229E,GFYS
HCoV-229E,IPSN
HCoV-229E,KCTK
HCoV-229E,SSFG
HCoV-229E,TLAN
HCoV-229E,TNGT
HCoV-229E,TNTS
HCoV-229E,TSYG
HCoV-229E,TXXXXXXXXXXXXXXXXXXXXXXXXXXXXX
HCoV-229E,TXXXXXXXXXX
HCoV-229E,TXXXXXXXXXX
HCoV-229E,TXXXXXXXXXX
HCoV-229E,TXXXXXXXXXX
HCoV-229E,TXXXXXXXXXX
HCoV-229E,VCNG
HCoV-229E,VITG
HCoV-229E,VSSF
HCoV-229E,XXXXXXXXXXXXXXXXXXXXXXXXXXXXXXXXXXXXXXXXXXXXXXXXXXXXXXX
HCoV-229E,XXXXXXXXXXXXXXXXXXXXXXXXXXXXXXXXXXXXXXXXXXXXXXXXXXXXXX
HCoV-229E,XXXXXXXXXXXXXXXXXXXXXXXXXXXXXXXXXXXXXXXXXXXXXXXXXXXXX
HCoV-229E,XXXXXXXXXXXXXXXXXXXXXXXXXXXXXXXXXXXXXXXXXXXXXXXXXXXX
HCoV-229E,XXXXXXXXXXXXXXXXXXXXXXXXXXXXXXXXXXXXXXXXXXXXXXXXXXX
HCoV-229E,XXXXXXXXXXXXXXXXXXXXXXXXXXXXXXXXXXXXXXXXXXXXXXXXXX
HCoV-229E,XXXXXXXXXXXXXXXXXXXXXXXXXXXXXXXXXXXXXXXXXXXXXXXXX
HCoV-229E,XXXXXXXXXXXXXXXXXXXXXXXXXXXXXXXXXXXXXXXXXXXXXXXX
HCoV-229E,XXXXXXXXXXXXXXXXXXXXXXXXXXXXXXXXXXXXXXXXXXXXXXX
HCoV-229E,XXXXXXXXXXXXXXXXXXXXXXXXXXXXXXXXXXXXXXXXXXXXXX
HCoV-229E,XXXXXXXXXXXXXXXXXXXXXXXXXXXXXXXXXXXXXXXXXXXXX
HCoV-229E,XXXXXXXXXXXXXXXXXXXXXXXXXXXXXXXXXXXXXXXXXXXX
HCoV-229E,XXXXXXXXXXXXXXXXXXXXXXXXXXXXXXXXXXXXXXXXXXX
HCoV-229E,XXXXXXXXXXXXXXXXXXXXXXXXXXXXXXXXXXXXXXXXXX
HCoV-229E,XXXXXXXXXXXXXXXXXXXXXXXXXXXXXXXXXXXXXXXXX
HCoV-229E,XXXXXXXXXXXXXXXXXXXXXXXXXXXXXXXXXXXXXXXX
HCoV-229E,XXXXXXXXXXXXXXXXXXXXXXXXXXXXXXXXXXXXXXX
HCoV-229E,XXXXXXXXXXXXXXXXXXXXXXXXXXXXXXXXXXXXXX
HCoV-229E,XXXXXXXXXXXXXXXXXXXXXXXXXXXXXXXXXXXXX
HCoV-229E,XXXXXXXXXXXXXXXXXXXXXXXXXXXXXXXXXXXX
HCoV-229E,XXXXXXXXXXXXXXXXXXXXXXXXXXXXXXXXXXX
HCoV-229E,XXXXXXXXXXXXXXXXXXXXXXXXXXXXXXXXXX
HCoV-229E,XXXXXXXXXXXXXXXXXXXXXXXXXXXXXXXXX
HCoV-229E,XXXXXXXXXXXXXXXXXXXXXXXXXXXXXXXX
HCoV-229E,XXXXXXXXXXXXXXXXXXXXXXXXXXXXXXX
HCoV-229E,XXXXXXXXXXXXXXXXXXXXXXXXXXXXXX
HCoV-229E,XXXXXXXXXXXXXXXXXXXXXXXXXXXXX
HCoV-229E,XXXXXXXXXXXXXXXXXXXXXXXXXXXXX
HCoV-229E,XXXXXXXXXXXXXXXXXXXXXXXXXXXXX
HCoV-229E,XXXXXXXXXXXXXXXXXXXXXXXXXXXXX
HCoV-229E,XXXXXXXXXXXXXXXXXXXXXXXXXXXXX
HCoV-229E,XXXXXXXXXXXXXXXXXXXXXXXXXXXXX
HCoV-229E,XXXXXXXXXXXXXXXXXXXXXXXXXXXXX
HCoV-229E,XXXXXXXXXXXXXXXXXXXXXXXXXXXXX
HCoV-229E,XXXXXXXXXXXXXXXXXXXXXXXXXXXXX
HCoV-229E,XXXXXXXXXXXXXXXXXXXXXXXXXXXXX
HCoV-229E,XXXXXXXXXXXXXXXXXXXXXXXXXXXXX
HCoV-229E,XXXXXXXXXXXXXXXXXXXXXXXXXXXXX
HCoV-229E,XXXXXXXXXXXXXXXXXXXXXXXXXXXXX
HCoV-229E,XXXXXXXXXXXXXXXXXXXXXXXXXXXXX
HCoV-229E,XXXXXXXXXXXXXXXXXXXXXXXXXXXXX
HCoV-229E,XXXXXXXXXXXXXXXXXXXXXXXXXXXXX
HCoV-229E,XXXXXXXXXXXXXXXXXXXXXXXXXXXXX
HCoV-229E,XXXXXXXXXXXXXXXXXXXXXXXXXXXXX
HCoV-229E,XXXXXXXXXXXXXXXXXXXXXXXXXXXXX
HCoV-229E,XXXXXXXXXXXXXXXXXXXXXXXXXXXXX
HCoV-229E,XXXXXXXXXXXXXXXXXXXXXXXXXXXXX
HCoV-229E,XXXXXXXXXXXXXXXXXXXXXXXXXXXXX
HCoV-229E,XXXXXXXXXXXXXXXXXXXXXXXXXXXXX
HCoV-229E,XXXXXXXXXXXXXXXXXXXXXXXXXXXXX
HCoV-229E,XXXXXXXXXXXXXXXXXXXXXXXXXXXXX
HCoV-229E,XXXXXXXXXXXXXXXXXXXXXXXXXXXXX
HCoV-229E,XXXXXXXXXXXXXXXXXXXXXXXXXXXXX
HCoV-229E,XXXXXXXXXXXXXXXXXXXXXXXXXXXXX
HCoV-229E,XXXXXXXXXXXXXXXXXXXXXXXXXXXX
HCoV-229E,XXXXXXXXXXXXXXXXXXXXXXXXXXXX
HCoV-229E,XXXXXXXXXXXXXXXXXXXXXXXXXXXX
HCoV-229E,XXXXXXXXXXXXXXXXXXXXXXXXXXXX
HCoV-229E,XXXXXXXXXXXXXXXXXXXXXXXXXXX
HCoV-229E,XXXXXXXXXXXXXXXXXXXXXXXXXXX
HCoV-229E,XXXXXXXXXXXXXXXXXXXXXXXXXXX
HCoV-229E,XXXXXXXXXXXXXXXXXXXXXXXXXXX
HCoV-229E,XXXXXXXXXXXXXXXXXXXXXXXXXX
HCoV-229E,XXXXXXXXXXXXXXXXXXXXXXXXXX
HCoV-229E,XXXXXXXXXXXXXXXXXXXXXXXXXX
HCoV-229E,XXXXXXXXXXXXXXXXXXXXXXXXXX
HCoV-229E,XXXXXXXXXXXXXXXXXXXXXXXXX
HCoV-229E,XXXXXXXXXXXXXXXXXXXXXXXXX
HCoV-229E,XXXXXXXXXXXXXXXXXXXXXXXXX
HCoV-229E,XXXXXXXXXXXXXXXXXXXXXXXXX
HCoV-229E,XXXXXXXXXXXXXXXXXXXXXXXX
HCoV-229E,XXXXXXXXXXXXXXXXXXXXXXXX
HCoV-229E,XXXXXXXXXXXXXXXXXXXXXXXX
HCoV-229E,XXXXXXXXXXXXXXXXXXXXXXXX
HCoV-229E,XXXXXXXXXXXXXXXXXXXXXXX
HCoV-229E,XXXXXXXXXXXXXXXXXXXXXXX
HCoV-229E,XXXXXXXXXXXXXXXXXXXXXXX
HCoV-229E,XXXXXXXXXXXXXXXXXXXXXXX
HCoV-229E,XXXXXXXXXXXXXXXXXXXXXX
HCoV-229E,XXXXXXXXXXXXXXXXXXXXXX
HCoV-229E,XXXXXXXXXXXXXXXXXXXXXX
HCoV-229E,XXXXXXXXXXXXXXXXXXXXXX
HCoV-229E,XXXXXXXXXXXXXXXXXXXXX
HCoV-229E,XXXXXXXXXXXXXXXXXXXXX
HCoV-229E,XXXXXXXXXXXXXXXXXXXXX
HCoV-229E,XXXXXXXXXXXXXXXXXXXXX
HCoV-229E,XXXXXXXXXXXXXXXXXXXX
HCoV-229E,XXXXXXXXXXXXXXXXXXXX
HCoV-229E,XXXXXXXXXXXXXXXXXXXX
HCoV-229E,XXXXXXXXXXXXXXXXXXXX
HCoV-229E,XXXXXXXXXXXXXXXXXXX
HCoV-229E,XXXXXXXXXXXXXXXXXXX
HCoV-229E,XXXXXXXXXXXXXXXXXXX
HCoV-229E,XXXXXXXXXXXXXXXXXXX
HCoV-229E,XXXXXXXXXXXXXXXXXX
HCoV-229E,XXXXXXXXXXXXXXXXXX
HCoV-229E,XXXXXXXXXXXXXXXXXX
HCoV-229E,XXXXXXXXXXXXXXXXXX
HCoV-229E,XXXXXXXXXXXXXXXXX
HCoV-229E,XXXXXXXXXXXXXXXXX
HCoV-229E,XXXXXXXXXXXXXXXXX
HCoV-229E,XXXXXXXXXXXXXXXXX
HCoV-229E,XXXXXXXXXXXXXXXX
HCoV-229E,XXXXXXXXXXXXXXXX
HCoV-229E,XXXXXXXXXXXXXXXX
HCoV-229E,XXXXXXXXXXXXXXXX
HCoV-229E,XXXXXXXXXXXXXXX
HCoV-229E,XXXXXXXXXXXXXXX
HCoV-229E,XXXXXXXXXXXXXXX
HCoV-229E,XXXXXXXXXXXXXXX
HCoV-229E,XXXXXXXXXXXXXX
HCoV-229E,XXXXXXXXXXXXXX
HCoV-229E,XXXXXXXXXXXXXX
HCoV-229E,XXXXXXXXXXXXXX
HCoV-229E,XXXXXXXXXXXXX
HCoV-229E,XXXXXXXXXXXXX
HCoV-229E,XXXXXXXXXXXXX
HCoV-229E,XXXXXXXXXXXXX
HCoV-229E,XXXXXXXXXXXX
HCoV-229E,XXXXXXXXXXXX
HCoV-229E,XXXXXXXXXXXX
HCoV-229E,XXXXXXXXXXXX
HCoV-229E,XXXXXXXXXXX
HCoV-229E,XXXXXXXXXXX
HCoV-229E,XXXXXXXXXXX
HCoV-229E,XXXXXXXXXXX
HCoV-229E,XXXXXXXXXX
HCoV-229E,XXXXXXXXXX
HCoV-229E,XXXXXXXXXX
HCoV-229E,XXXXXXXXXX
HCoV-229E,XXXXXXXXXX
HCoV-229E,XXXXXXXXXX
HCoV-229E,XXXXXXXXXX
HCoV-229E,XXXXXXXXXX
HCoV-229E,XXXXXXXXXX
HCoV-229E,XXXXXXXXXX
HCoV-229E,XXXXXXXXXX
HCoV-229E,XXXXXXXXXX
HCoV-229E,XXXXXXXXXX
HCoV-229E,XXXXXXXXXX
HCoV-229E,XXXXXXXXXX
HCoV-229E,XXXXXXXXXX
HCoV-229E,XXXXXXXXXX
HCoV-229E,XXXXXXXXXX
HCoV-229E,XXXXXXXXXX
HCoV-229E,XXXXXXXXXX
HCoV-229E,XXXXXXXXXX
HCoV-229E,XXXXXXXXXX
HCoV-229E,XXXXXXXXXX
HCoV-229E,XXXXXXXXXX
HCoV-229E,XXXXXXXXXX
HCoV-229E,XXXXXXXXXX
HCoV-229E,XXXXXXXXXX
HCoV-229E,XXXXXXXXXX
HCoV-229E,XXXXXXXXXX
HCoV-229E,XXXXXXXXXX
HCoV-229E,XXXXXXXXXX
HCoV-229E,XXXXXXXXXX
HCoV-229E,XXXXXXXXXX
HCoV-229E,XXXXXXXXXX
HCoV-229E,XXXXXXXXXX
HCoV-229E,XXXXXXXXXX
HCoV-229E,XXXXXXXXXX
HCoV-229E,XXXXXXXXXX
HCoV-229E,XXXXXXXXXX
HCoV-229E,XXXXXXXXXX
HCoV-229E,XXXXXXXXXX
HCoV-229E,XXXXXXXXXX
HCoV-229E,XXXXXXXXXX
HCoV-229E,XXXXXXXXXX
HCoV-229E,XXXXXXXXXX
HCoV-229E,XXXXXXXXXX
HCoV-229E,XXXXXXXXXX
HCoV-229E,XXXXXXXXXX
HCoV-229E,XXXXXXXXXX
HCoV-229E,XXXXXXXXXX
HCoV-229E,XXXXXXXXXX
HCoV-229E,XXXXXXXXXX
HCoV-229E,XXXXXXXXXX
HCoV-229E,XXXXXXXXXX
HCoV-229E,XXXXXXXXXX
HCoV-229E,XXXXXXXXXX
HCoV-229E,XXXXXXXXXX
HCoV-229E,XXXXXXXXXX
HCoV-229E,XXXXXXXXXX
HCoV-229E,XXXXXXXXXX
HCoV-229E,XXXXXXXXXX
HCoV-229E,XXXXXXXXXX
HCoV-229E,XXXXXXXXXX
HCoV-229E,XXXXXXXXXX
HCoV-229E,XXXXXXXXXX
HCoV-229E,XXXXXXXXXX
HCoV-229E,XXXXXXXXXX
HCoV-229E,XXXXXXXXXX
HCoV-229E,XXXXXXXXXX
HCoV-229E,XXXXXXXXXX
HCoV-229E,XXXXXXXXXX
HCoV-229E,XXXXXXXXXX
HCoV-229E,XXXXXXXXXX
HCoV-229E,XXXXXXXXXX
HCoV-229E,XXXXXXXXXX
HCoV-229E,XXXXXXXXXX
HCoV-229E,XXXXXXXXXX
HCoV-229E,XXXXXXXXXX
HCoV-229E,XXXXXXXXXX
HCoV-229E,XXXXXXXXXX
HCoV-229E,XXXXXXXXXX
HCoV-229E,XXXXXXXXXX
HCoV-229E,XXXXXXXXXX
HCoV-229E,XXXXXXXXXX
HCoV-229E,XXXXXXXXXX
HCoV-229E,XXXXXXXXXX
HCoV-229E,XXXXXXXXXX
HCoV-229E,XXXXXXXXXX
HCoV-229E,XXXXXXXXXX
HCoV-229E,XXXXXXXXXX
HCoV-229E,XXXXXXXXXX
HCoV-229E,XXXXXXXXXX
HCoV-229E,XXXXXXXXXX
HCoV-229E,XXXXXXXXXX
HCoV-229E,XXXXXXXXXX
HCoV-229E,XXXXXXXXXX
HCoV-229E,XXXXXXXXXX
HCoV-229E,XXXXXXXXXX
HCoV-229E,XXXXXXXXXX
HCoV-229E,XXXXXXXXXX
HCoV-229E,XXXXXXXXXX
HCoV-229E,XXXXXXXXXX
HCoV-229E,XXXXXXXXXX
HCoV-229E,XXXXXXXXXX
HCoV-229E,XXXXXXXXXX
HCoV-229E,XXXXXXXXXX
HCoV-229E,XXXXXXXXXX
HCoV-229E,XXXXXXXXXX
HCoV-229E,XXXXXXXXXX
HCoV-229E,XXXXXXXXXX
HCoV-229E,XXXXXXXXXX
HCoV-229E,XXXXXXXXXX
HCoV-229E,XXXXXXXXXX
HCoV-229E,XXXXXXXXXX
HCoV-229E,XXXXXXXXXX
HCoV-229E,XXXXXXXXXX
HCoV-229E,XXXXXXXXXX
HCoV-229E,XXXXXXXXXX
HCoV-229E,XXXXXXXXXX
HCoV-229E,XXXXXXXXXX
HCoV-229E,XXXXXXXXXX
HCoV-229E,XXXXXXXXXX
HCoV-229E,XXXXXXXXXX
HCoV-229E,XXXXXXXXXX
HCoV-229E,XXXXXXXXXX
HCoV-229E,XXXXXXXXXX
HCoV-229E,XXXXXXXXXX
HCoV-229E,XXXXXXXXXX
HCoV-229E,XXXXXXXXXX
HCoV-229E,XXXXXXXXXX
HCoV-229E,XXXXXXXXXX
HCoV-229E,XXXXXXXXXX
HCoV-229E,XXXXXXXXXX
HCoV-229E,XXXXXXXXXX
HCoV-229E,XXXXXXXXX
HCoV-229E,XXXXXXXXX
HCoV-229E,XXXXXXXXX
HCoV-229E,XXXXXXXXX
HCoV-229E,XXXXXXXXX
HCoV-229E,XXXXXXXXX
HCoV-229E,XXXXXXXXX
HCoV-229E,XXXXXXXXX
HCoV-229E,XXXXXXXXX
HCoV-229E,XXXXXXXXX
HCoV-229E,XXXXXXXXX
HCoV-229E,XXXXXXXXX
HCoV-229E,XXXXXXXXX
HCoV-229E,XXXXXXXXX
HCoV-229E,XXXXXXXXX
HCoV-229E,XXXXXXXXX
HCoV-229E,XXXXXXXXX
HCoV-229E,XXXXXXXXX
HCoV-229E,XXXXXXXXX
HCoV-229E,XXXXXXXXX
HCoV-229E,XXXXXXXXX
HCoV-229E,XXXXXXXXX
HCoV-229E,XXXXXXXXX
HCoV-229E,XXXXXXXXX
HCoV-229E,XXXXXXXXX
HCoV-229E,XXXXXXXXX
HCoV-229E,XXXXXXXXX
HCoV-229E,XXXXXXXXX
HCoV-229E,XXXXXXXXX
HCoV-229E,XXXXXXXXX
HCoV-229E,XXXXXXXXX
HCoV-229E,XXXXXXXXX
HCoV-229E,XXXXXXXXX
HCoV-229E,XXXXXXXXX
HCoV-229E,XXXXXXXXX
HCoV-229E,XXXXXXXXX
HCoV-229E,XXXXXXXXX
HCoV-229E,XXXXXXXXX
HCoV-229E,XXXXXXXXX
HCoV-229E,XXXXXXXXX
HCoV-229E,XXXXXXXXX
HCoV-229E,XXXXXXXXX
HCoV-229E,XXXXXXXXX
HCoV-229E,XXXXXXXXX
HCoV-229E,XXXXXXXXX
HCoV-229E,XXXXXXXXX
HCoV-229E,XXXXXXXXX
HCoV-229E,XXXXXXXXX
HCoV-229E,XXXXXXXXX
HCoV-229E,XXXXXXXXX
HCoV-229E,XXXXXXXXX
HCoV-229E,XXXXXXXXX
HCoV-229E,XXXXXXXXX
HCoV-229E,XXXXXXXXX
HCoV-229E,XXXXXXXXX
HCoV-229E,XXXXXXXXX
HCoV-229E,XXXXXXXXX
HCoV-229E,XXXXXXXXX
HCoV-229E,XXXXXXXXX
HCoV-229E,XXXXXXXXX
HCoV-229E,XXXXXXXXX
HCoV-229E,XXXXXXXXX
HCoV-229E,XXXXXXXXX
HCoV-229E,XXXXXXXXX
HCoV-229E,XXXXXXXXX
HCoV-229E,XXXXXXXXX
HCoV-229E,XXXXXXXXX
HCoV-229E,XXXXXXXXX
HCoV-229E,XXXXXXXXX
HCoV-229E,XXXXXXXXX
HCoV-229E,XXXXXXXXX
HCoV-229E,XXXXXXXXX
HCoV-229E,XXXXXXXXX
HCoV-229E,XXXXXXXXX
HCoV-229E,XXXXXXXXX
HCoV-229E,XXXXXXXXX
HCoV-229E,XXXXXXXXX
HCoV-229E,XXXXXXXXX
HCoV-229E,XXXXXXXXX
HCoV-229E,XXXXXXXXX
HCoV-229E,XXXXXXXXX
HCoV-229E,XXXXXXXXX
HCoV-229E,XXXXXXXXX
HCoV-229E,XXXXXXXXX
HCoV-229E,XXXXXXXXX
HCoV-229E,XXXXXXXXX
HCoV-229E,XXXXXXXXX
HCoV-229E,XXXXXXXXX
HCoV-229E,XXXXXXXXX
HCoV-229E,XXXXXXXX
HCoV-229E,XXXXXXXX
HCoV-229E,XXXXXXXX
HCoV-229E,XXXXXXXX
HCoV-229E,XXXXXXXX
HCoV-229E,XXXXXXXX
HCoV-229E,XXXXXXXX
HCoV-229E,XXXXXXXX
HCoV-229E,XXXXXXXX
HCoV-229E,XXXXXXXX
HCoV-229E,XXXXXXXX
HCoV-229E,XXXXXXXX
HCoV-229E,XXXXXXXX
HCoV-229E,XXXXXXXX
HCoV-229E,XXXXXXXX
HCoV-229E,XXXXXXXX
HCoV-229E,XXXXXXXX
HCoV-229E,XXXXXXXX
HCoV-229E,XXXXXXXX
HCoV-229E,XXXXXXXX
HCoV-229E,XXXXXXXX
HCoV-229E,XXXXXXXX
HCoV-229E,XXXXXXXX
HCoV-229E,XXXXXXXX
HCoV-229E,XXXXXXXX
HCoV-229E,XXXXXXX
HCoV-229E,XXXXXXX
HCoV-229E,XXXXXXX
HCoV-229E,XXXXXXX
HCoV-229E,XXXXXXX
HCoV-229E,XXXXXXX
HCoV-229E,XXXXXXX
HCoV-229E,XXXXXXX
HCoV-229E,XXXXXXX
HCoV-229E,XXXXXXX
HCoV-229E,XXXXXXX
HCoV-229E,XXXXXXX
HCoV-229E,XXXXXXX
HCoV-229E,XXXXXXX
HCoV-229E,XXXXXXX
HCoV-229E,XXXXXXX
HCoV-229E,XXXXXXX
HCoV-229E,XXXXXXX
HCoV-229E,XXXXXXX
HCoV-229E,XXXXXXX
HCoV-229E,XXXXXXX
HCoV-229E,XXXXXXX
HCoV-229E,XXXXXXX
HCoV-229E,XXXXXXX
HCoV-229E,XXXXXXX
HCoV-229E,XXXXXX
HCoV-229E,XXXXXX
HCoV-229E,XXXXXX
HCoV-229E,XXXXXX
HCoV-229E,XXXXXX
HCoV-229E,XXXXXX
HCoV-229E,XXXXXX
HCoV-229E,XXXXXX
HCoV-229E,XXXXXX
HCoV-229E,XXXXXX
HCoV-229E,XXXXXX
HCoV-229E,XXXXXX
HCoV-229E,XXXXXX
HCoV-229E,XXXXXX
HCoV-229E,XXXXXX
HCoV-229E,XXXXXX
HCoV-229E,XXXXXX
HCoV-229E,XXXXXX
HCoV-229E,XXXXXX
HCoV-229E,XXXXXX
HCoV-229E,XXXXXX
HCoV-229E,XXXXXX
HCoV-229E,XXXXXX
HCoV-229E,XXXXXX
HCoV-229E,XXXXXX
HCoV-229E,XXXXX
HCoV-229E,XXXXX
HCoV-229E,XXXXX
HCoV-229E,XXXXX
HCoV-229E,XXXXX
HCoV-229E,XXXXX
HCoV-229E,XXXXX
HCoV-229E,XXXXX
HCoV-229E,XXXXX
HCoV-229E,XXXXX
HCoV-229E,XXXXX
HCoV-229E,XXXXX
HCoV-229E,XXXXX
HCoV-229E,XXXXX
HCoV-229E,XXXXX
HCoV-229E,XXXXX
HCoV-229E,XXXXX
HCoV-229E,XXXXX
HCoV-229E,XXXXX
HCoV-229E,XXXXX
HCoV-229E,XXXXX
HCoV-229E,XXXXX
HCoV-229E,XXXXX
HCoV-229E,XXXXX
HCoV-229E,XXXXX
HCoV-229E,XXXX
HCoV-229E,XXXX
HCoV-229E,XXXX
HCoV-229E,XXXX
HCoV-229E,XXXX
HCoV-229E,XXXX
HCoV-229E,XXXX
HCoV-229E,XXXX
HCoV-229E,XXXX
HCoV-229E,XXXX
HCoV-229E,XXXX
HCoV-229E,XXXX
HCoV-229E,XXXX
HCoV-229E,XXXX
HCoV-229E,XXXX
HCoV-229E,XXXX
HCoV-229E,XXXX
HCoV-229E,XXXX
HCoV-229E,XXXX
HCoV-229E,XXXX
HCoV-229E,XXXX
HCoV-229E,XXXX
HCoV-229E,XXXX
HCoV-229E,XXXX
HCoV-229E,XXXX
HCoV-229E,ALQT
HCoV-229E,GFYS
HCoV-229E,INGY
HCoV-229E,IPSN
HCoV-229E,KCTK
HCoV-229E,NYTV
HCoV-229E,SSFG
HCoV-229E,TLAN
HCoV-229E,TNTS
HCoV-229E,TSYG
HCoV-229E,VCNG
HCoV-229E,VITG
HCoV-229E,VSSF
HCoV-229E,ALQT
HCoV-229E,GFYS
HCoV-229E,IPSN
HCoV-229E,KCTK
HCoV-229E,LCVD
HCoV-229E,LRRG
HCoV-229E,NYTV
HCoV-229E,SGSR
HCoV-229E,SSFG
HCoV-229E,TLAN
HCoV-229E,TSYG
HCoV-229E,VCNG
HCoV-229E,VSSF
HCoV-229E,ALQT
HCoV-229E,DVEA
HCoV-229E,GFYS
HCoV-229E,INGY
HCoV-229E,IPSN
HCoV-229E,KCTK
HCoV-229E,LCVD
HCoV-229E,NYTV
HCoV-229E,SSFG
HCoV-229E,TLAN
HCoV-229E,TNGT
HCoV-229E,TNTS
HCoV-229E,TSYG
HCoV-229E,VCNG
HCoV-229E,VSSF
HCoV-229E,XXXXX
HCoV-229E,XXXX
HCoV-229E,ALQT
HCoV-229E,GFYS
HCoV-229E,INGY
HCoV-229E,IPSN
HCoV-229E,KCTK
HCoV-229E,LCVD
HCoV-229E,NYTV
HCoV-229E,TLAN
HCoV-229E,TNGT
HCoV-229E,TNTS
HCoV-229E,TSYG
HCoV-229E,VCNG
HCoV-229E,ALQT
HCoV-229E,GFYS
HCoV-229E,IPSN
HCoV-229E,KCTK
HCoV-229E,LCVD
HCoV-229E,NVFV
HCoV-229E,NYTV
HCoV-229E,SAEL
HCoV-229E,SGSR
HCoV-229E,SGVG
HCoV-229E,SSFG
HCoV-229E,TLAN
HCoV-229E,TSYG
HCoV-229E,VCNG
HCoV-229E,VSSF
HCoV-229E,ALQT
HCoV-229E,GFYS
HCoV-229E,INGY
HCoV-229E,IPSN
HCoV-229E,KCTK
HCoV-229E,LCVD
HCoV-229E,NYTV
HCoV-229E,SSFG
HCoV-229E,TLAN
HCoV-229E,TNGT
HCoV-229E,TNTS
HCoV-229E,TSYG
HCoV-229E,VCNG
HCoV-229E,VSSF
HCoV-229E,ALQT
HCoV-229E,GFYS
HCoV-229E,INGY
HCoV-229E,IPSN
HCoV-229E,KCTK
HCoV-229E,LCVD
HCoV-229E,NYTV
HCoV-229E,SSFG
HCoV-229E,TLAN
HCoV-229E,TNGT
HCoV-229E,TNTS
HCoV-229E,TSYG
HCoV-229E,VCNG
HCoV-229E,VSSF
HCoV-229E,ALQT
HCoV-229E,DVEA
HCoV-229E,GFYS
HCoV-229E,IPSN
HCoV-229E,KCTK
HCoV-229E,LCVD
HCoV-229E,NYTV
HCoV-229E,SSFG
HCoV-229E,TLAN
HCoV-229E,TNTS
HCoV-229E,TSYG
HCoV-229E,VCNG
HCoV-229E,VDGV
HCoV-229E,VITG
HCoV-229E,VSSF
HCoV-229E,VXXXXXX
HCoV-229E,XXXXX
HCoV-229E,XXXXX
HCoV-229E,XXXXX
HCoV-229E,XXXXX
HCoV-229E,XXXX
HCoV-229E,XXXX
HCoV-229E,XXXX
HCoV-229E,XXXX
HCoV-229E,ALQT
HCoV-229E,LCVD
HCoV-229E,NYTV
HCoV-229E,SSFG
HCoV-229E,TLAN
HCoV-229E,TSYG
HCoV-229E,VCNG
HCoV-229E,VELP
HCoV-229E,VSSF
HCoV-229E,YVAL
HCoV-229E,ALQT
HCoV-229E,GFYS
HCoV-229E,INGY
HCoV-229E,IPSN
HCoV-229E,KCTK
HCoV-229E,LCVD
HCoV-229E,NYTV
HCoV-229E,SSFG
HCoV-229E,TLAN
HCoV-229E,TNGT
HCoV-229E,TNTS
HCoV-229E,TSYG
HCoV-229E,VCNG
HCoV-229E,VSSF
HCoV-229E,ALQT
HCoV-229E,LCVD
HCoV-229E,NYTV
HCoV-229E,SSFG
HCoV-229E,TIGT
HCoV-229E,TLAN
HCoV-229E,TSYG
HCoV-229E,VCNG
HCoV-229E,VELP
HCoV-229E,VSSF
HCoV-229E,ALQT
HCoV-229E,DVEA
HCoV-229E,GFYS
HCoV-229E,INGY
HCoV-229E,IPSN
HCoV-229E,KCTK
HCoV-229E,LCVD
HCoV-229E,NYTV
HCoV-229E,SSFG
HCoV-229E,SVIN
HCoV-229E,TLAN
HCoV-229E,TNGT
HCoV-229E,TNTS
HCoV-229E,TSYG
HCoV-229E,VCNG
HCoV-229E,VSSF
HCoV-229E,ALQT
HCoV-229E,DVEA
HCoV-229E,GFYS
HCoV-229E,IPSN
HCoV-229E,KCTK
HCoV-229E,LCVD
HCoV-229E,SSFG
HCoV-229E,TLAN
HCoV-229E,TNTS
HCoV-229E,VCNG
HCoV-229E,VDGV
HCoV-229E,VITG
HCoV-229E,VSSF
HCoV-229E,XXXXXXXXXXXXXXXXXXXXXXXXXXXXXXXXXXXXXXXXXXXXXXXXXXXXXXXXXXXXXXXXXXXXXXXXXXXXXXXXXXXXXXXXXXXXXXXXXXXXXXXXXXXXX
HCoV-229E,XXXXXXXXXXXXXXXXXXXXXXXXXXXXXXXXXXXXXXXXXXXXXXXXXXXXXXXXXXXXXXXXXXXXXXXXXXXXXXXXXXXXXXXXXXXXXXXXXXXXXXXXXXXX
HCoV-229E,XXXXXXXXXXXXXXXXXXXXXXXXXXXXXXXXXXXXXXXXXXXXXXXXXXXXXXXXXXXXXXXXXXXXXXXXXXXXXXXXXXXXXXXXXXXXXXXXXXXXXXXXXXX
HCoV-229E,XXXXXXXXXXXXXXXXXXXXXXXXXXXXXXXXXXXXXXXXXXXXXXXXXXXXXXXXXXXXXXXXXXXXXXXXXXXXXXXXXXXXXXXXXXXXXXXXXXXXXXXXXX
HCoV-229E,XXXXXXXXXXXXXXXXXXXXXXXXXXXXXXXXXXXXXXXXXXXXXXXXXXXXXXXXXXXXXXXXXXXXXXXXXXXXXXXXXXXXXXXXXXXXXXXXXXXXXXXXX
HCoV-229E,XXXXXXXXXXXXXXXXXXXXXXXXXXXXXXXXXXXXXXXXXXXXXXXXXXXXXXXXXXXXXXXXXXXXXXXXXXXXXXXXXXXXXXXXXXXXXXXXXXXXXXXX
HCoV-229E,XXXXXXXXXXXXXXXXXXXXXXXXXXXXXXXXXXXXXXXXXXXXXXXXXXXXXXXXXXXXXXXXXXXXXXXXXXXXXXXXXXXXXXXXXXXXXXXXXXXXXXX
HCoV-229E,XXXXXXXXXXXXXXXXXXXXXXXXXXXXXXXXXXXXXXXXXXXXXXXXXXXXXXXXXXXXXXXXXXXXXXXXXXXXXXXXXXXXXXXXXXXXXXXXXXXXXX
HCoV-229E,XXXXXXXXXXXXXXXXXXXXXXXXXXXXXXXXXXXXXXXXXXXXXXXXXXXXXXXXXXXXXXXXXXXXXXXXXXXXXXXXXXXXXXXXXXXXXXXXXXXXX
HCoV-229E,XXXXXXXXXXXXXXXXXXXXXXXXXXXXXXXXXXXXXXXXXXXXXXXXXXXXXXXXXXXXXXXXXXXXXXXXXXXXXXXXXXXXXXXXXXXXXXXXXXXX
HCoV-229E,XXXXXXXXXXXXXXXXXXXXXXXXXXXXXXXXXXXXXXXXXXXXXXXXXXXXXXXXXXXXXXXXXXXXXXXXXXXXXXXXXXXXXXXXXXXXXXXXXXX
HCoV-229E,XXXXXXXXXXXXXXXXXXXXXXXXXXXXXXXXXXXXXXXXXXXXXXXXXXXXXXXXXXXXXXXXXXXXXXXXXXXXXXXXXXXXXXXXXXXXXXXXXX
HCoV-229E,XXXXXXXXXXXXXXXXXXXXXXXXXXXXXXXXXXXXXXXXXXXXXXXXXXXXXXXXXXXXXXXXXXXXXXXXXXXXXXXXXXXXXXXXXXXXXXXXX
HCoV-229E,XXXXXXXXXXXXXXXXXXXXXXXXXXXXXXXXXXXXXXXXXXXXXXXXXXXXXXXXXXXXXXXXXXXXXXXXXXXXXXXXXXXXXXXXXXXXXXXX
HCoV-229E,XXXXXXXXXXXXXXXXXXXXXXXXXXXXXXXXXXXXXXXXXXXXXXXXXXXXXXXXXXXXXXXXXXXXXXXXXXXXXXXXXXXXXXXXXXXXXXX
HCoV-229E,XXXXXXXXXXXXXXXXXXXXXXXXXXXXXXXXXXXXXXXXXXXXXXXXXXXXXXXXXXXXXXXXXXXXXXXXXXXXXXXXXXXXXXXXXXXXXX
HCoV-229E,XXXXXXXXXXXXXXXXXXXXXXXXXXXXXXXXXXXXXXXXXXXXXXXXXXXXXXXXXXXXXXXXXXXXXXXXXXXXXXXXXXXXXXXXXXXXX
HCoV-229E,XXXXXXXXXXXXXXXXXXXXXXXXXXXXXXXXXXXXXXXXXXXXXXXXXXXXXXXXXXXXXXXXXXXXXXXXXXXXXXXXXXXXXXXXXXXX
HCoV-229E,XXXXXXXXXXXXXXXXXXXXXXXXXXXXXXXXXXXXXXXXXXXXXXXXXXXXXXXXXXXXXXXXXXXXXXXXXXXXXXXXXXXXXXXXXXX
HCoV-229E,XXXXXXXXXXXXXXXXXXXXXXXXXXXXXXXXXXXXXXXXXXXXXXXXXXXXXXXXXXXXXXXXXXXXXXXXXXXXXXXXXXXXXXXXXX
HCoV-229E,XXXXXXXXXXXXXXXXXXXXXXXXXXXXXXXXXXXXXXXXXXXXXXXXXXXXXXXXXXXXXXXXXXXXXXXXXXXXXXXXXXXXXXXXX
HCoV-229E,XXXXXXXXXXXXXXXXXXXXXXXXXXXXXXXXXXXXXXXXXXXXXXXXXXXXXXXXXXXXXXXXXXXXXXXXXXXXXXXXXXXXXXXX
HCoV-229E,XXXXXXXXXXXXXXXXXXXXXXXXXXXXXXXXXXXXXXXXXXXXXXXXXXXXXXXXXXXXXXXXXXXXXXXXXXXXXXXXXXXXXXX
HCoV-229E,XXXXXXXXXXXXXXXXXXXXXXXXXXXXXXXXXXXXXXXXXXXXXXXXXXXXXXXXXXXXXXXXXXXXXXXXXXXXXXXXXXXXXX
HCoV-229E,XXXXXXXXXXXXXXXXXXXXXXXXXXXXXXXXXXXXXXXXXXXXXXXXXXXXXXXXXXXXXXXXXXXXXXXXXXXXXXXXXXXXX
HCoV-229E,XXXXXXXXXXXXXXXXXXXXXXXXXXXXXXXXXXXXXXXXXXXXXXXXXXXXXXXXXXXXXXXXXXXXXXXXXXXXXXXXXXXX
HCoV-229E,XXXXXXXXXXXXXXXXXXXXXXXXXXXXXXXXXXXXXXXXXXXXXXXXXXXXXXXXXXXXXXXXXXXXXXXXXXXXXXXXXXX
HCoV-229E,XXXXXXXXXXXXXXXXXXXXXXXXXXXXXXXXXXXXXXXXXXXXXXXXXXXXXXXXXXXXXXXXXXXXXXXXXXXXXXXXXX
HCoV-229E,XXXXXXXXXXXXXXXXXXXXXXXXXXXXXXXXXXXXXXXXXXXXXXXXXXXXXXXXXXXXXXXXXXXXXXXXXXXXXXXXX
HCoV-229E,XXXXXXXXXXXXXXXXXXXXXXXXXXXXXXXXXXXXXXXXXXXXXXXXXXXXXXXXXXXXXXXXXXXXXXXXXXXXXXXX
HCoV-229E,XXXXXXXXXXXXXXXXXXXXXXXXXXXXXXXXXXXXXXXXXXXXXXXXXXXXXXXXXXXXXXXXXXXXXXXXXXXXXXX
HCoV-229E,XXXXXXXXXXXXXXXXXXXXXXXXXXXXXXXXXXXXXXXXXXXXXXXXXXXXXXXXXXXXXXXXXXXXXXXXXXXXXX
HCoV-229E,XXXXXXXXXXXXXXXXXXXXXXXXXXXXXXXXXXXXXXXXXXXXXXXXXXXXXXXXXXXXXXXXXXXXXXXXXXXXX
HCoV-229E,XXXXXXXXXXXXXXXXXXXXXXXXXXXXXXXXXXXXXXXXXXXXXXXXXXXXXXXXXXXXXXXXXXXXXXXXXXXX
HCoV-229E,XXXXXXXXXXXXXXXXXXXXXXXXXXXXXXXXXXXXXXXXXXXXXXXXXXXXXXXXXXXXXXXXXXXXXXXXXXX
HCoV-229E,XXXXXXXXXXXXXXXXXXXXXXXXXXXXXXXXXXXXXXXXXXXXXXXXXXXXXXXXXXXXXXXXXXXXXXXXXX
HCoV-229E,XXXXXXXXXXXXXXXXXXXXXXXXXXXXXXXXXXXXXXXXXXXXXXXXXXXXXXXXXXXXXXXXXXXXXXXXX
HCoV-229E,XXXXXXXXXXXXXXXXXXXXXXXXXXXXXXXXXXXXXXXXXXXXXXXXXXXXXXXXXXXXXXXXXXXXXXXX
HCoV-229E,XXXXXXXXXXXXXXXXXXXXXXXXXXXXXXXXXXXXXXXXXXXXXXXXXXXXXXXXXXXXXXXXXXXXXXX
HCoV-229E,XXXXXXXXXXXXXXXXXXXXXXXXXXXXXXXXXXXXXXXXXXXXXXXXXXXXXXXXXXXXXXXXXXXXXX
HCoV-229E,XXXXXXXXXXXXXXXXXXXXXXXXXXXXXXXXXXXXXXXXXXXXXXXXXXXXXXXXXXXXXXXXXXXXX
HCoV-229E,XXXXXXXXXXXXXXXXXXXXXXXXXXXXXXXXXXXXXXXXXXXXXXXXXXXXXXXXXXXXXXXXXXXX
HCoV-229E,XXXXXXXXXXXXXXXXXXXXXXXXXXXXXXXXXXXXXXXXXXXXXXXXXXXXXXXXXXXXXXXXXXX
HCoV-229E,XXXXXXXXXXXXXXXXXXXXXXXXXXXXXXXXXXXXXXXXXXXXXXXXXXXXXXXXXXXXXXXXXX
HCoV-229E,XXXXXXXXXXXXXXXXXXXXXXXXXXXXXXXXXXXXXXXXXXXXXXXXXXXXXXXXXXXXXXXXX
HCoV-229E,XXXXXXXXXXXXXXXXXXXXXXXXXXXXXXXXXXXXXXXXXXXXXXXXXXXXXXXXXXXXXXXX
HCoV-229E,XXXXXXXXXXXXXXXXXXXXXXXXXXXXXXXXXXXXXXXXXXXXXXXXXXXXXXXXXXXXXXX
HCoV-229E,XXXXXXXXXXXXXXXXXXXXXXXXXXXXXXXXXXXXXXXXXXXXXXXXXXXXXXXXXXXXXX
HCoV-229E,XXXXXXXXXXXXXXXXXXXXXXXXXXXXXXXXXXXXXXXXXXXXXXXXXXXXXXXXXXXXX
HCoV-229E,XXXXXXXXXXXXXXXXXXXXXXXXXXXXXXXXXXXXXXXXXXXXXXXXXXXXXXXXXXXX
HCoV-229E,XXXXXXXXXXXXXXXXXXXXXXXXXXXXXXXXXXXXXXXXXXXXXXXXXXXXXXXXXXX
HCoV-229E,XXXXXXXXXXXXXXXXXXXXXXXXXXXXXXXXXXXXXXXXXXXXXXXXXXXXXXXXXX
HCoV-229E,XXXXXXXXXXXXXXXXXXXXXXXXXXXXXXXXXXXXXXXXXXXXXXXXXXXXXXXXX
HCoV-229E,XXXXXXXXXXXXXXXXXXXXXXXXXXXXXXXXXXXXXXXXXXXXXXXXXXXXXXXX
HCoV-229E,XXXXXXXXXXXXXXXXXXXXXXXXXXXXXXXXXXXXXXXXXXXXXXXXXXXXXXX
HCoV-229E,XXXXXXXXXXXXXXXXXXXXXXXXXXXXXXXXXXXXXXXXXXXXXXXXXXXXXX
HCoV-229E,XXXXXXXXXXXXXXXXXXXXXXXXXXXXXXXXXXXXXXXXXXXXXXXXXXXXX
HCoV-229E,XXXXXXXXXXXXXXXXXXXXXXXXXXXXXXXXXXXXXXXXXXXXXXXXXXXX
HCoV-229E,XXXXXXXXXXXXXXXXXXXXXXXXXXXXXXXXXXXXXXXXXXXXXXXXXXX
HCoV-229E,XXXXXXXXXXXXXXXXXXXXXXXXXXXXXXXXXXXXXXXXXXXXXXXXXX
HCoV-229E,XXXXXXXXXXXXXXXXXXXXXXXXXXXXXXXXXXXXXXXXXXXXXXXXX
HCoV-229E,XXXXXXXXXXXXXXXXXXXXXXXXXXXXXXXXXXXXXXXXXXXXXXXX
HCoV-229E,XXXXXXXXXXXXXXXXXXXXXXXXXXXXXXXXXXXXXXXXXXXXXXX
HCoV-229E,XXXXXXXXXXXXXXXXXXXXXXXXXXXXXXXXXXXXXXXXXXXXXX
HCoV-229E,XXXXXXXXXXXXXXXXXXXXXXXXXXXXXXXXXXXXXXXXXXXXX
HCoV-229E,XXXXXXXXXXXXXXXXXXXXXXXXXXXXXXXXXXXXXXXXXXXX
HCoV-229E,XXXXXXXXXXXXXXXXXXXXXXXXXXXXXXXXXXXXXXXXXXX
HCoV-229E,XXXXXXXXXXXXXXXXXXXXXXXXXXXXXXXXXXXXXXXXXX
HCoV-229E,XXXXXXXXXXXXXXXXXXXXXXXXXXXXXXXXXXXXXXXXX
HCoV-229E,XXXXXXXXXXXXXXXXXXXXXXXXXXXXXXXXXXXXXXXX
HCoV-229E,XXXXXXXXXXXXXXXXXXXXXXXXXXXXXXXXXXXXXXX
HCoV-229E,XXXXXXXXXXXXXXXXXXXXXXXXXXXXXXXXXXXXXX
HCoV-229E,XXXXXXXXXXXXXXXXXXXXXXXXXXXXXXXXXXXXX
HCoV-229E,XXXXXXXXXXXXXXXXXXXXXXXXXXXXXXXXXXXX
HCoV-229E,XXXXXXXXXXXXXXXXXXXXXXXXXXXXXXXXXXX
HCoV-229E,XXXXXXXXXXXXXXXXXXXXXXXXXXXXXXXXXX
HCoV-229E,XXXXXXXXXXXXXXXXXXXXXXXXXXXXXXXXX
HCoV-229E,XXXXXXXXXXXXXXXXXXXXXXXXXXXXXXXX
HCoV-229E,XXXXXXXXXXXXXXXXXXXXXXXXXXXXXXX
HCoV-229E,XXXXXXXXXXXXXXXXXXXXXXXXXXXXXX
HCoV-229E,XXXXXXXXXXXXXXXXXXXXXXXXXXXXX
HCoV-229E,XXXXXXXXXXXXXXXXXXXXXXXXXXXX
HCoV-229E,XXXXXXXXXXXXXXXXXXXXXXXXXXX
HCoV-229E,XXXXXXXXXXXXXXXXXXXXXXXXXX
HCoV-229E,XXXXXXXXXXXXXXXXXXXXXXXXX
HCoV-229E,XXXXXXXXXXXXXXXXXXXXXXXXX
HCoV-229E,XXXXXXXXXXXXXXXXXXXXXXXXX
HCoV-229E,XXXXXXXXXXXXXXXXXXXXXXXXX
HCoV-229E,XXXXXXXXXXXXXXXXXXXXXXXXX
HCoV-229E,XXXXXXXXXXXXXXXXXXXXXXXXX
HCoV-229E,XXXXXXXXXXXXXXXXXXXXXXXXX
HCoV-229E,XXXXXXXXXXXXXXXXXXXXXXXXX
HCoV-229E,XXXXXXXXXXXXXXXXXXXXXXXXX
HCoV-229E,XXXXXXXXXXXXXXXXXXXXXXXXX
HCoV-229E,XXXXXXXXXXXXXXXXXXXXXXXXX
HCoV-229E,XXXXXXXXXXXXXXXXXXXXXXXXX
HCoV-229E,XXXXXXXXXXXXXXXXXXXXXXXXX
HCoV-229E,XXXXXXXXXXXXXXXXXXXXXXXXX
HCoV-229E,XXXXXXXXXXXXXXXXXXXXXXXXX
HCoV-229E,XXXXXXXXXXXXXXXXXXXXXXXXX
HCoV-229E,XXXXXXXXXXXXXXXXXXXXXXXXX
HCoV-229E,XXXXXXXXXXXXXXXXXXXXXXXXX
HCoV-229E,XXXXXXXXXXXXXXXXXXXXXXXXX
HCoV-229E,XXXXXXXXXXXXXXXXXXXXXXXXX
HCoV-229E,XXXXXXXXXXXXXXXXXXXXXXXXX
HCoV-229E,XXXXXXXXXXXXXXXXXXXXXXXXX
HCoV-229E,XXXXXXXXXXXXXXXXXXXXXXXXX
HCoV-229E,XXXXXXXXXXXXXXXXXXXXXXXXX
HCoV-229E,XXXXXXXXXXXXXXXXXXXXXXXXX
HCoV-229E,XXXXXXXXXXXXXXXXXXXXXXXXX
HCoV-229E,XXXXXXXXXXXXXXXXXXXXXXXXX
HCoV-229E,XXXXXXXXXXXXXXXXXXXXXXXXX
HCoV-229E,XXXXXXXXXXXXXXXXXXXXXXXXX
HCoV-229E,XXXXXXXXXXXXXXXXXXXXXXXXX
HCoV-229E,XXXXXXXXXXXXXXXXXXXXXXXXX
HCoV-229E,XXXXXXXXXXXXXXXXXXXXXXXXX
HCoV-229E,XXXXXXXXXXXXXXXXXXXXXXXXX
HCoV-229E,XXXXXXXXXXXXXXXXXXXXXXXXX
HCoV-229E,XXXXXXXXXXXXXXXXXXXXXXXXX
HCoV-229E,XXXXXXXXXXXXXXXXXXXXXXXXX
HCoV-229E,XXXXXXXXXXXXXXXXXXXXXXXXX
HCoV-229E,XXXXXXXXXXXXXXXXXXXXXXXXX
HCoV-229E,XXXXXXXXXXXXXXXXXXXXXXXXX
HCoV-229E,XXXXXXXXXXXXXXXXXXXXXXXXX
HCoV-229E,XXXXXXXXXXXXXXXXXXXXXXXXX
HCoV-229E,XXXXXXXXXXXXXXXXXXXXXXXXX
HCoV-229E,XXXXXXXXXXXXXXXXXXXXXXXXX
HCoV-229E,XXXXXXXXXXXXXXXXXXXXXXXXX
HCoV-229E,XXXXXXXXXXXXXXXXXXXXXXXXX
HCoV-229E,XXXXXXXXXXXXXXXXXXXXXXXXX
HCoV-229E,XXXXXXXXXXXXXXXXXXXXXXXXX
HCoV-229E,XXXXXXXXXXXXXXXXXXXXXXXXX
HCoV-229E,XXXXXXXXXXXXXXXXXXXXXXXXX
HCoV-229E,XXXXXXXXXXXXXXXXXXXXXXXXX
HCoV-229E,XXXXXXXXXXXXXXXXXXXXXXXXX
HCoV-229E,XXXXXXXXXXXXXXXXXXXXXXXXX
HCoV-229E,XXXXXXXXXXXXXXXXXXXXXXXXX
HCoV-229E,XXXXXXXXXXXXXXXXXXXXXXXXX
HCoV-229E,XXXXXXXXXXXXXXXXXXXXXXXXX
HCoV-229E,XXXXXXXXXXXXXXXXXXXXXXXXX
HCoV-229E,XXXXXXXXXXXXXXXXXXXXXXXXX
HCoV-229E,XXXXXXXXXXXXXXXXXXXXXXXXX
HCoV-229E,XXXXXXXXXXXXXXXXXXXXXXXXX
HCoV-229E,XXXXXXXXXXXXXXXXXXXXXXXXX
HCoV-229E,XXXXXXXXXXXXXXXXXXXXXXXXX
HCoV-229E,XXXXXXXXXXXXXXXXXXXXXXXXX
HCoV-229E,XXXXXXXXXXXXXXXXXXXXXXXXX
HCoV-229E,XXXXXXXXXXXXXXXXXXXXXXXXX
HCoV-229E,XXXXXXXXXXXXXXXXXXXXXXXXX
HCoV-229E,XXXXXXXXXXXXXXXXXXXXXXXXX
HCoV-229E,XXXXXXXXXXXXXXXXXXXXXXXXX
HCoV-229E,XXXXXXXXXXXXXXXXXXXXXXXXX
HCoV-229E,XXXXXXXXXXXXXXXXXXXXXXXXX
HCoV-229E,XXXXXXXXXXXXXXXXXXXXXXXXX
HCoV-229E,XXXXXXXXXXXXXXXXXXXXXXXXX
HCoV-229E,XXXXXXXXXXXXXXXXXXXXXXXXX
HCoV-229E,XXXXXXXXXXXXXXXXXXXXXXXXX
HCoV-229E,XXXXXXXXXXXXXXXXXXXXXXXXX
HCoV-229E,XXXXXXXXXXXXXXXXXXXXXXXXX
HCoV-229E,XXXXXXXXXXXXXXXXXXXXXXXXX
HCoV-229E,XXXXXXXXXXXXXXXXXXXXXXXXX
HCoV-229E,XXXXXXXXXXXXXXXXXXXXXXXXX
HCoV-229E,XXXXXXXXXXXXXXXXXXXXXXXXX
HCoV-229E,XXXXXXXXXXXXXXXXXXXXXXXXX
HCoV-229E,XXXXXXXXXXXXXXXXXXXXXXXXX
HCoV-229E,XXXXXXXXXXXXXXXXXXXXXXXXX
HCoV-229E,XXXXXXXXXXXXXXXXXXXXXXXXX
HCoV-229E,XXXXXXXXXXXXXXXXXXXXXXXXX
HCoV-229E,XXXXXXXXXXXXXXXXXXXXXXXXX
HCoV-229E,XXXXXXXXXXXXXXXXXXXXXXXXX
HCoV-229E,XXXXXXXXXXXXXXXXXXXXXXXXX
HCoV-229E,XXXXXXXXXXXXXXXXXXXXXXXX
HCoV-229E,XXXXXXXXXXXXXXXXXXXXXXXX
HCoV-229E,XXXXXXXXXXXXXXXXXXXXXXXX
HCoV-229E,XXXXXXXXXXXXXXXXXXXXXXXX
HCoV-229E,XXXXXXXXXXXXXXXXXXXXXXX
HCoV-229E,XXXXXXXXXXXXXXXXXXXXXXX
HCoV-229E,XXXXXXXXXXXXXXXXXXXXXXX
HCoV-229E,XXXXXXXXXXXXXXXXXXXXXXX
HCoV-229E,XXXXXXXXXXXXXXXXXXXXXX
HCoV-229E,XXXXXXXXXXXXXXXXXXXXXX
HCoV-229E,XXXXXXXXXXXXXXXXXXXXXX
HCoV-229E,XXXXXXXXXXXXXXXXXXXXXX
HCoV-229E,XXXXXXXXXXXXXXXXXXXXX
HCoV-229E,XXXXXXXXXXXXXXXXXXXXX
HCoV-229E,XXXXXXXXXXXXXXXXXXXXX
HCoV-229E,XXXXXXXXXXXXXXXXXXXXX
HCoV-229E,XXXXXXXXXXXXXXXXXXXX
HCoV-229E,XXXXXXXXXXXXXXXXXXXX
HCoV-229E,XXXXXXXXXXXXXXXXXXXX
HCoV-229E,XXXXXXXXXXXXXXXXXXXX
HCoV-229E,XXXXXXXXXXXXXXXXXXX
HCoV-229E,XXXXXXXXXXXXXXXXXXX
HCoV-229E,XXXXXXXXXXXXXXXXXXX
HCoV-229E,XXXXXXXXXXXXXXXXXXX
HCoV-229E,XXXXXXXXXXXXXXXXXX
HCoV-229E,XXXXXXXXXXXXXXXXXX
HCoV-229E,XXXXXXXXXXXXXXXXXX
HCoV-229E,XXXXXXXXXXXXXXXXXX
HCoV-229E,XXXXXXXXXXXXXXXXX
HCoV-229E,XXXXXXXXXXXXXXXXX
HCoV-229E,XXXXXXXXXXXXXXXXX
HCoV-229E,XXXXXXXXXXXXXXXXX
HCoV-229E,XXXXXXXXXXXXXXXX
HCoV-229E,XXXXXXXXXXXXXXXX
HCoV-229E,XXXXXXXXXXXXXXXX
HCoV-229E,XXXXXXXXXXXXXXXX
HCoV-229E,XXXXXXXXXXXXXXX
HCoV-229E,XXXXXXXXXXXXXXX
HCoV-229E,XXXXXXXXXXXXXXX
HCoV-229E,XXXXXXXXXXXXXXX
HCoV-229E,XXXXXXXXXXXXXXX
HCoV-229E,XXXXXXXXXXXXXXX
HCoV-229E,XXXXXXXXXXXXXXX
HCoV-229E,XXXXXXXXXXXXXXX
HCoV-229E,XXXXXXXXXXXXXXX
HCoV-229E,XXXXXXXXXXXXXXX
HCoV-229E,XXXXXXXXXXXXXXX
HCoV-229E,XXXXXXXXXXXXXXX
HCoV-229E,XXXXXXXXXXXXXXX
HCoV-229E,XXXXXXXXXXXXXXX
HCoV-229E,XXXXXXXXXXXXXXX
HCoV-229E,XXXXXXXXXXXXXXX
HCoV-229E,XXXXXXXXXXXXXXX
HCoV-229E,XXXXXXXXXXXXXXX
HCoV-229E,XXXXXXXXXXXXXXX
HCoV-229E,XXXXXXXXXXXXXXX
HCoV-229E,XXXXXXXXXXXXXXX
HCoV-229E,XXXXXXXXXXXXXXX
HCoV-229E,XXXXXXXXXXXXXXX
HCoV-229E,XXXXXXXXXXXXXXX
HCoV-229E,XXXXXXXXXXXXXXX
HCoV-229E,XXXXXXXXXXXXXXX
HCoV-229E,XXXXXXXXXXXXXXX
HCoV-229E,XXXXXXXXXXXXXXX
HCoV-229E,XXXXXXXXXXXXXXX
HCoV-229E,XXXXXXXXXXXXXXX
HCoV-229E,XXXXXXXXXXXXXXX
HCoV-229E,XXXXXXXXXXXXXXX
HCoV-229E,XXXXXXXXXXXXXXX
HCoV-229E,XXXXXXXXXXXXXXX
HCoV-229E,XXXXXXXXXXXXXXX
HCoV-229E,XXXXXXXXXXXXXXX
HCoV-229E,XXXXXXXXXXXXXXX
HCoV-229E,XXXXXXXXXXXXXXX
HCoV-229E,XXXXXXXXXXXXXXX
HCoV-229E,XXXXXXXXXXXXXXX
HCoV-229E,XXXXXXXXXXXXXXX
HCoV-229E,XXXXXXXXXXXXXXX
HCoV-229E,XXXXXXXXXXXXXXX
HCoV-229E,XXXXXXXXXXXXXXX
HCoV-229E,XXXXXXXXXXXXXXX
HCoV-229E,XXXXXXXXXXXXXXX
HCoV-229E,XXXXXXXXXXXXXXX
HCoV-229E,XXXXXXXXXXXXXXX
HCoV-229E,XXXXXXXXXXXXXXX
HCoV-229E,XXXXXXXXXXXXXXX
HCoV-229E,XXXXXXXXXXXXXXX
HCoV-229E,XXXXXXXXXXXXXXX
HCoV-229E,XXXXXXXXXXXXXXX
HCoV-229E,XXXXXXXXXXXXXXX
HCoV-229E,XXXXXXXXXXXXXXX
HCoV-229E,XXXXXXXXXXXXXXX
HCoV-229E,XXXXXXXXXXXXXXX
HCoV-229E,XXXXXXXXXXXXXXX
HCoV-229E,XXXXXXXXXXXXXXX
HCoV-229E,XXXXXXXXXXXXXXX
HCoV-229E,XXXXXXXXXXXXXXX
HCoV-229E,XXXXXXXXXXXXXXX
HCoV-229E,XXXXXXXXXXXXXXX
HCoV-229E,XXXXXXXXXXXXXXX
HCoV-229E,XXXXXXXXXXXXXXX
HCoV-229E,XXXXXXXXXXXXXXX
HCoV-229E,XXXXXXXXXXXXXXX
HCoV-229E,XXXXXXXXXXXXXXX
HCoV-229E,XXXXXXXXXXXXXXX
HCoV-229E,XXXXXXXXXXXXXXX
HCoV-229E,XXXXXXXXXXXXXXX
HCoV-229E,XXXXXXXXXXXXXXX
HCoV-229E,XXXXXXXXXXXXXXX
HCoV-229E,XXXXXXXXXXXXXXX
HCoV-229E,XXXXXXXXXXXXXXX
HCoV-229E,XXXXXXXXXXXXXXX
HCoV-229E,XXXXXXXXXXXXXXX
HCoV-229E,XXXXXXXXXXXXXXX
HCoV-229E,XXXXXXXXXXXXXXX
HCoV-229E,XXXXXXXXXXXXXXX
HCoV-229E,XXXXXXXXXXXXXXX
HCoV-229E,XXXXXXXXXXXXXXX
HCoV-229E,XXXXXXXXXXXXXXX
HCoV-229E,XXXXXXXXXXXXXXX
HCoV-229E,XXXXXXXXXXXXXXX
HCoV-229E,XXXXXXXXXXXXXXX
HCoV-229E,XXXXXXXXXXXXXXX
HCoV-229E,XXXXXXXXXXXXXXX
HCoV-229E,XXXXXXXXXXXXXXX
HCoV-229E,XXXXXXXXXXXXXXX
HCoV-229E,XXXXXXXXXXXXXXX
HCoV-229E,XXXXXXXXXXXXXXX
HCoV-229E,XXXXXXXXXXXXXXX
HCoV-229E,XXXXXXXXXXXXXXX
HCoV-229E,XXXXXXXXXXXXXXX
HCoV-229E,XXXXXXXXXXXXXXX
HCoV-229E,XXXXXXXXXXXXXXX
HCoV-229E,XXXXXXXXXXXXXXX
HCoV-229E,XXXXXXXXXXXXXXX
HCoV-229E,XXXXXXXXXXXXXXX
HCoV-229E,XXXXXXXXXXXXXXX
HCoV-229E,XXXXXXXXXXXXXXX
HCoV-229E,XXXXXXXXXXXXXXX
HCoV-229E,XXXXXXXXXXXXXXX
HCoV-229E,XXXXXXXXXXXXXXX
HCoV-229E,XXXXXXXXXXXXXXX
HCoV-229E,XXXXXXXXXXXXXXX
HCoV-229E,XXXXXXXXXXXXXXX
HCoV-229E,XXXXXXXXXXXXXXX
HCoV-229E,XXXXXXXXXXXXXXX
HCoV-229E,XXXXXXXXXXXXXXX
HCoV-229E,XXXXXXXXXXXXXX
HCoV-229E,XXXXXXXXXXXXXX
HCoV-229E,XXXXXXXXXXXXXX
HCoV-229E,XXXXXXXXXXXXXX
HCoV-229E,XXXXXXXXXXXXXX
HCoV-229E,XXXXXXXXXXXXXX
HCoV-229E,XXXXXXXXXXXXXX
HCoV-229E,XXXXXXXXXXXXXX
HCoV-229E,XXXXXXXXXXXXXX
HCoV-229E,XXXXXXXXXXXXX
HCoV-229E,XXXXXXXXXXXXX
HCoV-229E,XXXXXXXXXXXXX
HCoV-229E,XXXXXXXXXXXXX
HCoV-229E,XXXXXXXXXXXXX
HCoV-229E,XXXXXXXXXXXXX
HCoV-229E,XXXXXXXXXXXXX
HCoV-229E,XXXXXXXXXXXXX
HCoV-229E,XXXXXXXXXXXXX
HCoV-229E,XXXXXXXXXXXXX
HCoV-229E,XXXXXXXXXXXXX
HCoV-229E,XXXXXXXXXXXXX
HCoV-229E,XXXXXXXXXXXXX
HCoV-229E,XXXXXXXXXXXXX
HCoV-229E,XXXXXXXXXXXXX
HCoV-229E,XXXXXXXXXXXXX
HCoV-229E,XXXXXXXXXXXXX
HCoV-229E,XXXXXXXXXXXXX
HCoV-229E,XXXXXXXXXXXXX
HCoV-229E,XXXXXXXXXXXXX
HCoV-229E,XXXXXXXXXXXXX
HCoV-229E,XXXXXXXXXXXXX
HCoV-229E,XXXXXXXXXXXXX
HCoV-229E,XXXXXXXXXXXXX
HCoV-229E,XXXXXXXXXXXXX
HCoV-229E,XXXXXXXXXXXXX
HCoV-229E,XXXXXXXXXXXXX
HCoV-229E,XXXXXXXXXXXXX
HCoV-229E,XXXXXXXXXXXXX
HCoV-229E,XXXXXXXXXXXXX
HCoV-229E,XXXXXXXXXXXXX
HCoV-229E,XXXXXXXXXXXXX
HCoV-229E,XXXXXXXXXXXXX
HCoV-229E,XXXXXXXXXXXXX
HCoV-229E,XXXXXXXXXXXXX
HCoV-229E,XXXXXXXXXXXXX
HCoV-229E,XXXXXXXXXXXXX
HCoV-229E,XXXXXXXXXXXXX
HCoV-229E,XXXXXXXXXXXXX
HCoV-229E,XXXXXXXXXXXXX
HCoV-229E,XXXXXXXXXXXXX
HCoV-229E,XXXXXXXXXXXXX
HCoV-229E,XXXXXXXXXXXXX
HCoV-229E,XXXXXXXXXXXXX
HCoV-229E,XXXXXXXXXXXXX
HCoV-229E,XXXXXXXXXXXXX
HCoV-229E,XXXXXXXXXXXXX
HCoV-229E,XXXXXXXXXXXXX
HCoV-229E,XXXXXXXXXXXXX
HCoV-229E,XXXXXXXXXXXXX
HCoV-229E,XXXXXXXXXXXXX
HCoV-229E,XXXXXXXXXXXXX
HCoV-229E,XXXXXXXXXXXXX
HCoV-229E,XXXXXXXXXXXXX
HCoV-229E,XXXXXXXXXXXXX
HCoV-229E,XXXXXXXXXXXXX
HCoV-229E,XXXXXXXXXXXXX
HCoV-229E,XXXXXXXXXXXXX
HCoV-229E,XXXXXXXXXXXXX
HCoV-229E,XXXXXXXXXXXXX
HCoV-229E,XXXXXXXXXXXXX
HCoV-229E,XXXXXXXXXXXXX
HCoV-229E,XXXXXXXXXXXXX
HCoV-229E,XXXXXXXXXXXXX
HCoV-229E,XXXXXXXXXXXXX
HCoV-229E,XXXXXXXXXXXXX
HCoV-229E,XXXXXXXXXXXXX
HCoV-229E,XXXXXXXXXXXXX
HCoV-229E,XXXXXXXXXXXXX
HCoV-229E,XXXXXXXXXXXXX
HCoV-229E,XXXXXXXXXXXXX
HCoV-229E,XXXXXXXXXXXXX
HCoV-229E,XXXXXXXXXXXXX
HCoV-229E,XXXXXXXXXXXXX
HCoV-229E,XXXXXXXXXXXXX
HCoV-229E,XXXXXXXXXXXXX
HCoV-229E,XXXXXXXXXXXXX
HCoV-229E,XXXXXXXXXXXXX
HCoV-229E,XXXXXXXXXXXXX
HCoV-229E,XXXXXXXXXXXXX
HCoV-229E,XXXXXXXXXXXXX
HCoV-229E,XXXXXXXXXXXXX
HCoV-229E,XXXXXXXXXXXXX
HCoV-229E,XXXXXXXXXXXXX
HCoV-229E,XXXXXXXXXXXXX
HCoV-229E,XXXXXXXXXXXXX
HCoV-229E,XXXXXXXXXXXXX
HCoV-229E,XXXXXXXXXXXXX
HCoV-229E,XXXXXXXXXXXXX
HCoV-229E,XXXXXXXXXXXXX
HCoV-229E,XXXXXXXXXXXXX
HCoV-229E,XXXXXXXXXXXXX
HCoV-229E,XXXXXXXXXXXXX
HCoV-229E,XXXXXXXXXXXXX
HCoV-229E,XXXXXXXXXXXXX
HCoV-229E,XXXXXXXXXXXXX
HCoV-229E,XXXXXXXXXXXXX
HCoV-229E,XXXXXXXXXXXXX
HCoV-229E,XXXXXXXXXXXXX
HCoV-229E,XXXXXXXXXXXXX
HCoV-229E,XXXXXXXXXXXXX
HCoV-229E,XXXXXXXXXXXXX
HCoV-229E,XXXXXXXXXXXXX
HCoV-229E,XXXXXXXXXXXXX
HCoV-229E,XXXXXXXXXXXXX
HCoV-229E,XXXXXXXXXXXXX
HCoV-229E,XXXXXXXXXXXXX
HCoV-229E,XXXXXXXXXXXXX
HCoV-229E,XXXXXXXXXXXXX
HCoV-229E,XXXXXXXXXXXXX
HCoV-229E,XXXXXXXXXXXXX
HCoV-229E,XXXXXXXXXXXXX
HCoV-229E,XXXXXXXXXXXXX
HCoV-229E,XXXXXXXXXXXXX
HCoV-229E,XXXXXXXXXXXXX
HCoV-229E,XXXXXXXXXXXXX
HCoV-229E,XXXXXXXXXXXXX
HCoV-229E,XXXXXXXXXXXXX
HCoV-229E,XXXXXXXXXXXXX
HCoV-229E,XXXXXXXXXXXXX
HCoV-229E,XXXXXXXXXXXXX
HCoV-229E,XXXXXXXXXXXXX
HCoV-229E,XXXXXXXXXXXXX
HCoV-229E,XXXXXXXXXXXX
HCoV-229E,XXXXXXXXXXXX
HCoV-229E,XXXXXXXXXXXX
HCoV-229E,XXXXXXXXXXXX
HCoV-229E,XXXXXXXXXXXX
HCoV-229E,XXXXXXXXXXXX
HCoV-229E,XXXXXXXXXXXX
HCoV-229E,XXXXXXXXXXXX
HCoV-229E,XXXXXXXXXXXX
HCoV-229E,XXXXXXXXXXXX
HCoV-229E,XXXXXXXXXXXX
HCoV-229E,XXXXXXXXXXXX
HCoV-229E,XXXXXXXXXXXX
HCoV-229E,XXXXXXXXXXXX
HCoV-229E,XXXXXXXXXXXX
HCoV-229E,XXXXXXXXXXXX
HCoV-229E,XXXXXXXXXXX
HCoV-229E,XXXXXXXXXXX
HCoV-229E,XXXXXXXXXXX
HCoV-229E,XXXXXXXXXXX
HCoV-229E,XXXXXXXXXXX
HCoV-229E,XXXXXXXXXXX
HCoV-229E,XXXXXXXXXXX
HCoV-229E,XXXXXXXXXXX
HCoV-229E,XXXXXXXXXXX
HCoV-229E,XXXXXXXXXXX
HCoV-229E,XXXXXXXXXXX
HCoV-229E,XXXXXXXXXXX
HCoV-229E,XXXXXXXXXXX
HCoV-229E,XXXXXXXXXXX
HCoV-229E,XXXXXXXXXXX
HCoV-229E,XXXXXXXXXXX
HCoV-229E,XXXXXXXXXX
HCoV-229E,XXXXXXXXXX
HCoV-229E,XXXXXXXXXX
HCoV-229E,XXXXXXXXXX
HCoV-229E,XXXXXXXXXX
HCoV-229E,XXXXXXXXXX
HCoV-229E,XXXXXXXXXX
HCoV-229E,XXXXXXXXXX
HCoV-229E,XXXXXXXXXX
HCoV-229E,XXXXXXXXXX
HCoV-229E,XXXXXXXXXX
HCoV-229E,XXXXXXXXXX
HCoV-229E,XXXXXXXXXX
HCoV-229E,XXXXXXXXXX
HCoV-229E,XXXXXXXXXX
HCoV-229E,XXXXXXXXXX
HCoV-229E,XXXXXXXXX
HCoV-229E,XXXXXXXXX
HCoV-229E,XXXXXXXXX
HCoV-229E,XXXXXXXXX
HCoV-229E,XXXXXXXXX
HCoV-229E,XXXXXXXXX
HCoV-229E,XXXXXXXXX
HCoV-229E,XXXXXXXXX
HCoV-229E,XXXXXXXXX
HCoV-229E,XXXXXXXXX
HCoV-229E,XXXXXXXXX
HCoV-229E,XXXXXXXXX
HCoV-229E,XXXXXXXXX
HCoV-229E,XXXXXXXXX
HCoV-229E,XXXXXXXXX
HCoV-229E,XXXXXXXXX
HCoV-229E,XXXXXXXX
HCoV-229E,XXXXXXXX
HCoV-229E,XXXXXXXX
HCoV-229E,XXXXXXXX
HCoV-229E,XXXXXXXX
HCoV-229E,XXXXXXXX
HCoV-229E,XXXXXXXX
HCoV-229E,XXXXXXXX
HCoV-229E,XXXXXXXX
HCoV-229E,XXXXXXXX
HCoV-229E,XXXXXXXX
HCoV-229E,XXXXXXXX
HCoV-229E,XXXXXXXX
HCoV-229E,XXXXXXXX
HCoV-229E,XXXXXXXX
HCoV-229E,XXXXXXXX
HCoV-229E,XXXXXXX
HCoV-229E,XXXXXXX
HCoV-229E,XXXXXXX
HCoV-229E,XXXXXXX
HCoV-229E,XXXXXXX
HCoV-229E,XXXXXXX
HCoV-229E,XXXXXXX
HCoV-229E,XXXXXXX
HCoV-229E,XXXXXXX
HCoV-229E,XXXXXXX
HCoV-229E,XXXXXXX
HCoV-229E,XXXXXXX
HCoV-229E,XXXXXXX
HCoV-229E,XXXXXXX
HCoV-229E,XXXXXXX
HCoV-229E,XXXXXXX
HCoV-229E,XXXXXX
HCoV-229E,XXXXXX
HCoV-229E,XXXXXX
HCoV-229E,XXXXXX
HCoV-229E,XXXXXX
HCoV-229E,XXXXXX
HCoV-229E,XXXXXX
HCoV-229E,XXXXXX
HCoV-229E,XXXXXX
HCoV-229E,XXXXXX
HCoV-229E,XXXXXX
HCoV-229E,XXXXXX
HCoV-229E,XXXXXX
HCoV-229E,XXXXXX
HCoV-229E,XXXXXX
HCoV-229E,XXXXXX
HCoV-229E,XXXXX
HCoV-229E,XXXXX
HCoV-229E,XXXXX
HCoV-229E,XXXXX
HCoV-229E,XXXXX
HCoV-229E,XXXXX
HCoV-229E,XXXXX
HCoV-229E,XXXXX
HCoV-229E,XXXXX
HCoV-229E,XXXXX
HCoV-229E,XXXXX
HCoV-229E,XXXXX
HCoV-229E,XXXXX
HCoV-229E,XXXXX
HCoV-229E,XXXXX
HCoV-229E,XXXXX
HCoV-229E,XXXX
HCoV-229E,XXXX
HCoV-229E,XXXX
HCoV-229E,XXXX
HCoV-229E,XXXX
HCoV-229E,XXXX
HCoV-229E,XXXX
HCoV-229E,XXXX
HCoV-229E,XXXX
HCoV-229E,XXXX
HCoV-229E,XXXX
HCoV-229E,XXXX
HCoV-229E,XXXX
HCoV-229E,XXXX
HCoV-229E,XXXX
HCoV-229E,XXXX
HCoV-229E,ALQT
HCoV-229E,DVEA
HCoV-229E,GFYS
HCoV-229E,IPSN
HCoV-229E,KCTK
HCoV-229E,NYTV
HCoV-229E,SSFG
HCoV-229E,TLAN
HCoV-229E,TNTS
HCoV-229E,TSYG
HCoV-229E,VCNG
HCoV-229E,VDGV
HCoV-229E,VITG
HCoV-229E,VSSF
HCoV-229E,XXXXXXXXX
HCoV-229E,XXXXXXXX
HCoV-229E,XXXXXXX
HCoV-229E,XXXXXX
HCoV-229E,XXXXXX
HCoV-229E,XXXXXX
HCoV-229E,XXXXXX
HCoV-229E,XXXXXX
HCoV-229E,XXXXXX
HCoV-229E,XXXXX
HCoV-229E,XXXXX
HCoV-229E,XXXXX
HCoV-229E,XXXXX
HCoV-229E,XXXX
HCoV-229E,XXXX
HCoV-229E,XXXX
HCoV-229E,XXXX
HCoV-229E,ALQT
HCoV-229E,DVEA
HCoV-229E,GFYS
HCoV-229E,IPSN
HCoV-229E,KCTK
HCoV-229E,LCVD
HCoV-229E,LXXXXXX
HCoV-229E,NYTV
HCoV-229E,SSFG
HCoV-229E,TLAN
HCoV-229E,TNTS
HCoV-229E,TSYG
HCoV-229E,VCNG
HCoV-229E,VDGV
HCoV-229E,VITG
HCoV-229E,VSSF
HCoV-229E,XXXXXXXXXXXXXXXXXXXXX
HCoV-229E,XXXXXXXXXXXXXXXXXXXX
HCoV-229E,XXXXXXXXXXXXXXXXXXX
HCoV-229E,XXXXXXXXXXXXXXXXXX
HCoV-229E,XXXXXXXXXXXXXXXXX
HCoV-229E,XXXXXXXXXXXXXXXX
HCoV-229E,XXXXXXXXXXXXXXX
HCoV-229E,XXXXXXXXXXXXXX
HCoV-229E,XXXXXXXXXXXXX
HCoV-229E,XXXXXXXXXXXXX
HCoV-229E,XXXXXXXXXXXXX
HCoV-229E,XXXXXXXXXXXXX
HCoV-229E,XXXXXXXXXXXXX
HCoV-229E,XXXXXXXXXXXXX
HCoV-229E,XXXXXXXXXXXXX
HCoV-229E,XXXXXXXXXXXXX
HCoV-229E,XXXXXXXXXXXXX
HCoV-229E,XXXXXXXXXXXXX
HCoV-229E,XXXXXXXXXXXXX
HCoV-229E,XXXXXXXXXXXX
HCoV-229E,XXXXXXXXXXXX
HCoV-229E,XXXXXXXXXXXX
HCoV-229E,XXXXXXXXXXXX
HCoV-229E,XXXXXXXXXXX
HCoV-229E,XXXXXXXXXXX
HCoV-229E,XXXXXXXXXXX
HCoV-229E,XXXXXXXXXXX
HCoV-229E,XXXXXXXXXX
HCoV-229E,XXXXXXXXXX
HCoV-229E,XXXXXXXXXX
HCoV-229E,XXXXXXXXXX
HCoV-229E,XXXXXXXXXX
HCoV-229E,XXXXXXXXXX
HCoV-229E,XXXXXXXXXX
HCoV-229E,XXXXXXXXXX
HCoV-229E,XXXXXXXXXX
HCoV-229E,XXXXXXXXXX
HCoV-229E,XXXXXXXXXX
HCoV-229E,XXXXXXXXXX
HCoV-229E,XXXXXXXXXX
HCoV-229E,XXXXXXXXXX
HCoV-229E,XXXXXXXXXX
HCoV-229E,XXXXXXXXXX
HCoV-229E,XXXXXXXXXX
HCoV-229E,XXXXXXXXXX
HCoV-229E,XXXXXXXXXX
HCoV-229E,XXXXXXXXXX
HCoV-229E,XXXXXXXXXX
HCoV-229E,XXXXXXXXX
HCoV-229E,XXXXXXXXX
HCoV-229E,XXXXXXXXX
HCoV-229E,XXXXXXXXX
HCoV-229E,XXXXXXXXX
HCoV-229E,XXXXXXXXX
HCoV-229E,XXXXXXXXX
HCoV-229E,XXXXXXXXX
HCoV-229E,XXXXXXXXX
HCoV-229E,XXXXXXXX
HCoV-229E,XXXXXXXX
HCoV-229E,XXXXXXXX
HCoV-229E,XXXXXXXX
HCoV-229E,XXXXXXXX
HCoV-229E,XXXXXXXX
HCoV-229E,XXXXXXXX
HCoV-229E,XXXXXXXX
HCoV-229E,XXXXXXXX
HCoV-229E,XXXXXXX
HCoV-229E,XXXXXXX
HCoV-229E,XXXXXXX
HCoV-229E,XXXXXXX
HCoV-229E,XXXXXXX
HCoV-229E,XXXXXXX
HCoV-229E,XXXXXXX
HCoV-229E,XXXXXXX
HCoV-229E,XXXXXXX
HCoV-229E,XXXXXX
HCoV-229E,XXXXXX
HCoV-229E,XXXXXX
HCoV-229E,XXXXXX
HCoV-229E,XXXXXX
HCoV-229E,XXXXXX
HCoV-229E,XXXXXX
HCoV-229E,XXXXXX
HCoV-229E,XXXXXX
HCoV-229E,XXXXXX
HCoV-229E,XXXXXX
HCoV-229E,XXXXXX
HCoV-229E,XXXXXX
HCoV-229E,XXXXXX
HCoV-229E,XXXXXX
HCoV-229E,XXXXXX
HCoV-229E,XXXXXX
HCoV-229E,XXXXXX
HCoV-229E,XXXXXX
HCoV-229E,XXXXXX
HCoV-229E,XXXXXX
HCoV-229E,XXXXXX
HCoV-229E,XXXXXX
HCoV-229E,XXXXXX
HCoV-229E,XXXXXX
HCoV-229E,XXXXXX
HCoV-229E,XXXXXX
HCoV-229E,XXXXXX
HCoV-229E,XXXXXX
HCoV-229E,XXXXXX
HCoV-229E,XXXXXX
HCoV-229E,XXXXXX
HCoV-229E,XXXXXX
HCoV-229E,XXXXXX
HCoV-229E,XXXXXX
HCoV-229E,XXXXXX
HCoV-229E,XXXXXX
HCoV-229E,XXXXXX
HCoV-229E,XXXXXX
HCoV-229E,XXXXXX
HCoV-229E,XXXXXX
HCoV-229E,XXXXXX
HCoV-229E,XXXXXX
HCoV-229E,XXXXXX
HCoV-229E,XXXXXX
HCoV-229E,XXXXXX
HCoV-229E,XXXXXX
HCoV-229E,XXXXXX
HCoV-229E,XXXXXX
HCoV-229E,XXXXXX
HCoV-229E,XXXXXX
HCoV-229E,XXXXXX
HCoV-229E,XXXXXX
HCoV-229E,XXXXXX
HCoV-229E,XXXXXX
HCoV-229E,XXXXXX
HCoV-229E,XXXXXX
HCoV-229E,XXXXXX
HCoV-229E,XXXXXX
HCoV-229E,XXXXXX
HCoV-229E,XXXXXX
HCoV-229E,XXXXXX
HCoV-229E,XXXXXX
HCoV-229E,XXXXXX
HCoV-229E,XXXXXX
HCoV-229E,XXXXXX
HCoV-229E,XXXXXX
HCoV-229E,XXXXXX
HCoV-229E,XXXXXX
HCoV-229E,XXXXX
HCoV-229E,XXXXX
HCoV-229E,XXXXX
HCoV-229E,XXXXX
HCoV-229E,XXXXX
HCoV-229E,XXXXX
HCoV-229E,XXXXX
HCoV-229E,XXXXX
HCoV-229E,XXXXX
HCoV-229E,XXXXX
HCoV-229E,XXXXX
HCoV-229E,XXXXX
HCoV-229E,XXXXX
HCoV-229E,XXXXX
HCoV-229E,XXXXX
HCoV-229E,XXXXX
HCoV-229E,XXXXX
HCoV-229E,XXXXX
HCoV-229E,XXXXX
HCoV-229E,XXXXX
HCoV-229E,XXXXX
HCoV-229E,XXXXX
HCoV-229E,XXXXX
HCoV-229E,XXXXX
HCoV-229E,XXXXX
HCoV-229E,XXXX
HCoV-229E,XXXX
HCoV-229E,XXXX
HCoV-229E,XXXX
HCoV-229E,XXXX
HCoV-229E,XXXX
HCoV-229E,XXXX
HCoV-229E,XXXX
HCoV-229E,XXXX
HCoV-229E,XXXX
HCoV-229E,XXXX
HCoV-229E,XXXX
HCoV-229E,XXXX
HCoV-229E,XXXX
HCoV-229E,XXXX
HCoV-229E,XXXX
HCoV-229E,XXXX
HCoV-229E,XXXX
HCoV-229E,XXXX
HCoV-229E,XXXX
HCoV-229E,XXXX
HCoV-229E,XXXX
HCoV-229E,XXXX
HCoV-229E,XXXX
HCoV-229E,XXXX
HCoV-229E,ALQT
HCoV-229E,GFYS
HCoV-229E,INGY
HCoV-229E,IPSN
HCoV-229E,KCTK
HCoV-229E,LCVD
HCoV-229E,NYTV
HCoV-229E,SSFG
HCoV-229E,TLAN
HCoV-229E,TNGT
HCoV-229E,TNTS
HCoV-229E,TSYG
HCoV-229E,VCNG
HCoV-229E,VITG
HCoV-229E,VSSF
HCoV-229E,XXXXXXXXX
HCoV-229E,XXXXXXXX
HCoV-229E,XXXXXXX
HCoV-229E,XXXXXX
HCoV-229E,XXXXX
HCoV-229E,XXXX
HCoV-229E,ALQT
HCoV-229E,GFYS
HCoV-229E,INGY
HCoV-229E,IPSN
HCoV-229E,KCTK
HCoV-229E,LCVD
HCoV-229E,LRRG
HCoV-229E,NYTV
HCoV-229E,SSFG
HCoV-229E,TLAN
HCoV-229E,TNGT
HCoV-229E,TNTS
HCoV-229E,TSYG
HCoV-229E,VCNG
HCoV-229E,VSSF
HCoV-229E,ALQT
HCoV-229E,GFYS
HCoV-229E,INGY
HCoV-229E,IPSN
HCoV-229E,KCTK
HCoV-229E,LCVD
HCoV-229E,LRRG
HCoV-229E,NYTV
HCoV-229E,SSFG
HCoV-229E,TLAN
HCoV-229E,TNGT
HCoV-229E,TNTS
HCoV-229E,TSYG
HCoV-229E,VCNG
HCoV-229E,VSSF
HCoV-229E,GFYS
HCoV-229E,ALQT
HCoV-229E,DVEA
HCoV-229E,GFYS
HCoV-229E,INGY
HCoV-229E,IPSN
HCoV-229E,ITSR
HCoV-229E,KCTK
HCoV-229E,LCVD
HCoV-229E,NYTV
HCoV-229E,SSFG
HCoV-229E,TLAN
HCoV-229E,TNGT
HCoV-229E,TNTS
HCoV-229E,TSYG
HCoV-229E,VCNG
HCoV-229E,VSSF
HCoV-229E,ALQT
HCoV-229E,GFYS
HCoV-229E,INGY
HCoV-229E,IPSN
HCoV-229E,KCTK
HCoV-229E,LCVD
HCoV-229E,LRRG
HCoV-229E,NYTV
HCoV-229E,SSFG
HCoV-229E,TLAN
HCoV-229E,TNGT
HCoV-229E,TNTS
HCoV-229E,TSYG
HCoV-229E,VCNG
HCoV-229E,VSSF
HCoV-229E,ALQT
HCoV-229E,GFYS
HCoV-229E,IPSN
HCoV-229E,KCTK
HCoV-229E,LCVD
HCoV-229E,LRRG
HCoV-229E,NYTV
HCoV-229E,SGSR
HCoV-229E,SSFG
HCoV-229E,TLAN
HCoV-229E,TSYG
HCoV-229E,VCNG
HCoV-229E,VSSF
HCoV-229E,ALQT
HCoV-229E,GFYS
HCoV-229E,IPSN
HCoV-229E,KCTK
HCoV-229E,LCVD
HCoV-229E,LRRG
HCoV-229E,NYTV
HCoV-229E,SGSR
HCoV-229E,SSFG
HCoV-229E,TLAN
HCoV-229E,TSYG
HCoV-229E,VCNG
HCoV-229E,VSSF
HCoV-229E,ALQT
HCoV-229E,LCVD
HCoV-229E,NYTV
HCoV-229E,SSFG
HCoV-229E,TLAN
HCoV-229E,TSYG
HCoV-229E,VCNG
HCoV-229E,VELP
HCoV-229E,VSSF
HCoV-229E,ALQT
HCoV-229E,GFYS
HCoV-229E,IPSN
HCoV-229E,KCTK
HCoV-229E,LCVD
HCoV-229E,LRRG
HCoV-229E,NYTV
HCoV-229E,SGSR
HCoV-229E,SSFG
HCoV-229E,TLAN
HCoV-229E,TSYG
HCoV-229E,VCNG
HCoV-229E,VSSF
HCoV-229E,ALQT
HCoV-229E,GFYS
HCoV-229E,INGY
HCoV-229E,IPSN
HCoV-229E,KCTK
HCoV-229E,LCVD
HCoV-229E,LRRG
HCoV-229E,NYTV
HCoV-229E,SSFG
HCoV-229E,TLAN
HCoV-229E,TNGT
HCoV-229E,TNTS
HCoV-229E,TSYG
HCoV-229E,VCNG
HCoV-229E,VSSF
HCoV-229E,ALQT
HCoV-229E,GFYS
HCoV-229E,INGY
HCoV-229E,KCTK
HCoV-229E,LCVD
HCoV-229E,LRRG
HCoV-229E,NYTV
HCoV-229E,SGSR
HCoV-229E,SSFG
HCoV-229E,TLAN
HCoV-229E,TNGT
HCoV-229E,TNTS
HCoV-229E,TSYG
HCoV-229E,VCNG
HCoV-229E,VSSF
HCoV-229E,ALQT
HCoV-229E,GFYS
HCoV-229E,INGY
HCoV-229E,IPSN
HCoV-229E,ITSR
HCoV-229E,KCTK
HCoV-229E,LCVD
HCoV-229E,LRRG
HCoV-229E,NYTV
HCoV-229E,SGSR
HCoV-229E,TLAN
HCoV-229E,TNGT
HCoV-229E,TNTS
HCoV-229E,TSYG
HCoV-229E,VCNG
HCoV-229E,VSSF
HCoV-229E,ALQT
HCoV-229E,DVEA
HCoV-229E,GFYS
HCoV-229E,IPSN
HCoV-229E,KCTK
HCoV-229E,LCVD
HCoV-229E,NYTV
HCoV-229E,SSFG
HCoV-229E,TLAN
HCoV-229E,TNTS
HCoV-229E,TSYG
HCoV-229E,VCNG
HCoV-229E,VDGV
HCoV-229E,VITG
HCoV-229E,VSSF
HCoV-229E,ALQT
HCoV-229E,GFYS
HCoV-229E,IPSN
HCoV-229E,KCTK
HCoV-229E,LCVD
HCoV-229E,LRRG
HCoV-229E,NYTV
HCoV-229E,SGSR
HCoV-229E,SSFG
HCoV-229E,TLAN
HCoV-229E,TSYG
HCoV-229E,VCNG
HCoV-229E,VSSF
HCoV-229E,ALQT
HCoV-229E,GFYS
HCoV-229E,INGY
HCoV-229E,IPSN
HCoV-229E,KCTK
HCoV-229E,LCVD
HCoV-229E,NYTV
HCoV-229E,SSFG
HCoV-229E,TLAN
HCoV-229E,TNGT
HCoV-229E,TNTS
HCoV-229E,TSYG
HCoV-229E,VCNG
HCoV-229E,VSSF
HCoV-229E,ALQT
HCoV-229E,LCVD
HCoV-229E,NYTV
HCoV-229E,SSFG
HCoV-229E,TLAN
HCoV-229E,TSYG
HCoV-229E,VCNG
HCoV-229E,VELP
HCoV-229E,VSSF
HCoV-229E,ALQT
HCoV-229E,GFYS
HCoV-229E,IPSN
HCoV-229E,KCTK
HCoV-229E,LCVD
HCoV-229E,LRRG
HCoV-229E,NYTV
HCoV-229E,SGSR
HCoV-229E,SSFG
HCoV-229E,TLAN
HCoV-229E,TSYG
HCoV-229E,VCNG
HCoV-229E,VSSF
HCoV-229E,GFYS
HCoV-229E,ALQT
HCoV-229E,GFYS
HCoV-229E,INGY
HCoV-229E,IPSN
HCoV-229E,KCTK
HCoV-229E,LCVD
HCoV-229E,NYTV
HCoV-229E,SSFG
HCoV-229E,TLAN
HCoV-229E,TNGT
HCoV-229E,TNTS
HCoV-229E,TSYG
HCoV-229E,VCNG
HCoV-229E,VSSF
HCoV-229E,ALQT
HCoV-229E,GFYS
HCoV-229E,INGY
HCoV-229E,IPSN
HCoV-229E,KCTK
HCoV-229E,LCVD
HCoV-229E,LRRG
HCoV-229E,NYTV
HCoV-229E,SGSR
HCoV-229E,SSFG
HCoV-229E,TLAN
HCoV-229E,TNGT
HCoV-229E,TNTS
HCoV-229E,TSYG
HCoV-229E,VCNG
HCoV-229E,VSSF
HCoV-229E,ALQT
HCoV-229E,GFYS
HCoV-229E,INGY
HCoV-229E,IPSN
HCoV-229E,KCTK
HCoV-229E,LCVD
HCoV-229E,LRRG
HCoV-229E,NYTV
HCoV-229E,SSFG
HCoV-229E,TLAN
HCoV-229E,TNGT
HCoV-229E,TNTS
HCoV-229E,TSYG
HCoV-229E,VCNG
HCoV-229E,VSSF
HCoV-229E,XXXXXXXXXXXXXXXXXXXXXXXXXXXXXXXXXXXXXXXXXXXXXXXXXXXXXXXXXXXXXXXXXXXXXXXXXXXXXXXXX
HCoV-229E,XXXXXXXXXXXXXXXXXXXXXXXXXXXXXXXXXXXXXXXXXXXXXXXXXXXXXXXXXXXXXXXXXXXXXXXXXXXXXXXX
HCoV-229E,XXXXXXXXXXXXXXXXXXXXXXXXXXXXXXXXXXXXXXXXXXXXXXXXXXXXXXXXXXXXXXXXXXXXXXXXXXXXXXX
HCoV-229E,XXXXXXXXXXXXXXXXXXXXXXXXXXXXXXXXXXXXXXXXXXXXXXXXXXXXXXXXXXXXXXXXXXXXXXXXXXXXXX
HCoV-229E,XXXXXXXXXXXXXXXXXXXXXXXXXXXXXXXXXXXXXXXXXXXXXXXXXXXXXXXXXXXXXXXXXXXXXXXXXXXXX
HCoV-229E,XXXXXXXXXXXXXXXXXXXXXXXXXXXXXXXXXXXXXXXXXXXXXXXXXXXXXXXXXXXXXXXXXXXXXXXXXXXX
HCoV-229E,XXXXXXXXXXXXXXXXXXXXXXXXXXXXXXXXXXXXXXXXXXXXXXXXXXXXXXXXXXXXXXXXXXXXXXXXXXX
HCoV-229E,XXXXXXXXXXXXXXXXXXXXXXXXXXXXXXXXXXXXXXXXXXXXXXXXXXXXXXXXXXXXXXXXXXXXXXXXXX
HCoV-229E,XXXXXXXXXXXXXXXXXXXXXXXXXXXXXXXXXXXXXXXXXXXXXXXXXXXXXXXXXXXXXXXXXXXXXXXXX
HCoV-229E,XXXXXXXXXXXXXXXXXXXXXXXXXXXXXXXXXXXXXXXXXXXXXXXXXXXXXXXXXXXXXXXXXXXXXXXX
HCoV-229E,XXXXXXXXXXXXXXXXXXXXXXXXXXXXXXXXXXXXXXXXXXXXXXXXXXXXXXXXXXXXXXXXXXXXXXX
HCoV-229E,XXXXXXXXXXXXXXXXXXXXXXXXXXXXXXXXXXXXXXXXXXXXXXXXXXXXXXXXXXXXXXXXXXXXXX
HCoV-229E,XXXXXXXXXXXXXXXXXXXXXXXXXXXXXXXXXXXXXXXXXXXXXXXXXXXXXXXXXXXXXXXXXXXXX
HCoV-229E,XXXXXXXXXXXXXXXXXXXXXXXXXXXXXXXXXXXXXXXXXXXXXXXXXXXXXXXXXXXXXXXXXXXX
HCoV-229E,XXXXXXXXXXXXXXXXXXXXXXXXXXXXXXXXXXXXXXXXXXXXXXXXXXXXXXXXXXXXXXXXXXX
HCoV-229E,XXXXXXXXXXXXXXXXXXXXXXXXXXXXXXXXXXXXXXXXXXXXXXXXXXXXXXXXXXXXXXXXXX
HCoV-229E,XXXXXXXXXXXXXXXXXXXXXXXXXXXXXXXXXXXXXXXXXXXXXXXXXXXXXXXXXXXXXXXXX
HCoV-229E,XXXXXXXXXXXXXXXXXXXXXXXXXXXXXXXXXXXXXXXXXXXXXXXXXXXXXXXXXXXXXXXX
HCoV-229E,XXXXXXXXXXXXXXXXXXXXXXXXXXXXXXXXXXXXXXXXXXXXXXXXXXXXXXXXXXXXXXX
HCoV-229E,XXXXXXXXXXXXXXXXXXXXXXXXXXXXXXXXXXXXXXXXXXXXXXXXXXXXXXXXXXXXXX
HCoV-229E,XXXXXXXXXXXXXXXXXXXXXXXXXXXXXXXXXXXXXXXXXXXXXXXXXXXXXXXXXXXXX
HCoV-229E,XXXXXXXXXXXXXXXXXXXXXXXXXXXXXXXXXXXXXXXXXXXXXXXXXXXXXXXXXXXX
HCoV-229E,XXXXXXXXXXXXXXXXXXXXXXXXXXXXXXXXXXXXXXXXXXXXXXXXXXXXXXXXXXX
HCoV-229E,XXXXXXXXXXXXXXXXXXXXXXXXXXXXXXXXXXXXXXXXXXXXXXXXXXXXXXXXXX
HCoV-229E,XXXXXXXXXXXXXXXXXXXXXXXXXXXXXXXXXXXXXXXXXXXXXXXXXXXXXXXXX
HCoV-229E,XXXXXXXXXXXXXXXXXXXXXXXXXXXXXXXXXXXXXXXXXXXXXXXXXXXXXXXX
HCoV-229E,XXXXXXXXXXXXXXXXXXXXXXXXXXXXXXXXXXXXXXXXXXXXXXXXXXXXXXX
HCoV-229E,XXXXXXXXXXXXXXXXXXXXXXXXXXXXXXXXXXXXXXXXXXXXXXXXXXXXXX
HCoV-229E,XXXXXXXXXXXXXXXXXXXXXXXXXXXXXXXXXXXXXXXXXXXXXXXXXXXXX
HCoV-229E,XXXXXXXXXXXXXXXXXXXXXXXXXXXXXXXXXXXXXXXXXXXXXXXXXXXX
HCoV-229E,XXXXXXXXXXXXXXXXXXXXXXXXXXXXXXXXXXXXXXXXXXXXXXXXXXX
HCoV-229E,XXXXXXXXXXXXXXXXXXXXXXXXXXXXXXXXXXXXXXXXXXXXXXXXXX
HCoV-229E,XXXXXXXXXXXXXXXXXXXXXXXXXXXXXXXXXXXXXXXXXXXXXXXXX
HCoV-229E,XXXXXXXXXXXXXXXXXXXXXXXXXXXXXXXXXXXXXXXXXXXXXXXX
HCoV-229E,XXXXXXXXXXXXXXXXXXXXXXXXXXXXXXXXXXXXXXXXXXXXXXX
HCoV-229E,XXXXXXXXXXXXXXXXXXXXXXXXXXXXXXXXXXXXXXXXXXXXXX
HCoV-229E,XXXXXXXXXXXXXXXXXXXXXXXXXXXXXXXXXXXXXXXXXXXXX
HCoV-229E,XXXXXXXXXXXXXXXXXXXXXXXXXXXXXXXXXXXXXXXXXXXX
HCoV-229E,XXXXXXXXXXXXXXXXXXXXXXXXXXXXXXXXXXXXXXXXXXX
HCoV-229E,XXXXXXXXXXXXXXXXXXXXXXXXXXXXXXXXXXXXXXXXXX
HCoV-229E,XXXXXXXXXXXXXXXXXXXXXXXXXXXXXXXXXXXXXXXXX
HCoV-229E,XXXXXXXXXXXXXXXXXXXXXXXXXXXXXXXXXXXXXXXX
HCoV-229E,XXXXXXXXXXXXXXXXXXXXXXXXXXXXXXXXXXXXXXX
HCoV-229E,XXXXXXXXXXXXXXXXXXXXXXXXXXXXXXXXXXXXXX
HCoV-229E,XXXXXXXXXXXXXXXXXXXXXXXXXXXXXXXXXXXXX
HCoV-229E,XXXXXXXXXXXXXXXXXXXXXXXXXXXXXXXXXXXX
HCoV-229E,XXXXXXXXXXXXXXXXXXXXXXXXXXXXXXXXXXX
HCoV-229E,XXXXXXXXXXXXXXXXXXXXXXXXXXXXXXXXXX
HCoV-229E,XXXXXXXXXXXXXXXXXXXXXXXXXXXXXXXXX
HCoV-229E,XXXXXXXXXXXXXXXXXXXXXXXXXXXXXXXX
HCoV-229E,XXXXXXXXXXXXXXXXXXXXXXXXXXXXXXX
HCoV-229E,XXXXXXXXXXXXXXXXXXXXXXXXXXXXXX
HCoV-229E,XXXXXXXXXXXXXXXXXXXXXXXXXXXXX
HCoV-229E,XXXXXXXXXXXXXXXXXXXXXXXXXXXX
HCoV-229E,XXXXXXXXXXXXXXXXXXXXXXXXXXX
HCoV-229E,XXXXXXXXXXXXXXXXXXXXXXXXXX
HCoV-229E,XXXXXXXXXXXXXXXXXXXXXXXXXX
HCoV-229E,XXXXXXXXXXXXXXXXXXXXXXXXXX
HCoV-229E,XXXXXXXXXXXXXXXXXXXXXXXXXX
HCoV-229E,XXXXXXXXXXXXXXXXXXXXXXXXXX
HCoV-229E,XXXXXXXXXXXXXXXXXXXXXXXXXX
HCoV-229E,XXXXXXXXXXXXXXXXXXXXXXXXXX
HCoV-229E,XXXXXXXXXXXXXXXXXXXXXXXXXX
HCoV-229E,XXXXXXXXXXXXXXXXXXXXXXXXXX
HCoV-229E,XXXXXXXXXXXXXXXXXXXXXXXXXX
HCoV-229E,XXXXXXXXXXXXXXXXXXXXXXXXXX
HCoV-229E,XXXXXXXXXXXXXXXXXXXXXXXXXX
HCoV-229E,XXXXXXXXXXXXXXXXXXXXXXXXXX
HCoV-229E,XXXXXXXXXXXXXXXXXXXXXXXXXX
HCoV-229E,XXXXXXXXXXXXXXXXXXXXXXXXXX
HCoV-229E,XXXXXXXXXXXXXXXXXXXXXXXXXX
HCoV-229E,XXXXXXXXXXXXXXXXXXXXXXXXXX
HCoV-229E,XXXXXXXXXXXXXXXXXXXXXXXXXX
HCoV-229E,XXXXXXXXXXXXXXXXXXXXXXXXXX
HCoV-229E,XXXXXXXXXXXXXXXXXXXXXXXXXX
HCoV-229E,XXXXXXXXXXXXXXXXXXXXXXXXXX
HCoV-229E,XXXXXXXXXXXXXXXXXXXXXXXXXX
HCoV-229E,XXXXXXXXXXXXXXXXXXXXXXXXXX
HCoV-229E,XXXXXXXXXXXXXXXXXXXXXXXXXX
HCoV-229E,XXXXXXXXXXXXXXXXXXXXXXXXXX
HCoV-229E,XXXXXXXXXXXXXXXXXXXXXXXXXX
HCoV-229E,XXXXXXXXXXXXXXXXXXXXXXXXXX
HCoV-229E,XXXXXXXXXXXXXXXXXXXXXXXXXX
HCoV-229E,XXXXXXXXXXXXXXXXXXXXXXXXXX
HCoV-229E,XXXXXXXXXXXXXXXXXXXXXXXXXX
HCoV-229E,XXXXXXXXXXXXXXXXXXXXXXXXXX
HCoV-229E,XXXXXXXXXXXXXXXXXXXXXXXXXX
HCoV-229E,XXXXXXXXXXXXXXXXXXXXXXXXXX
HCoV-229E,XXXXXXXXXXXXXXXXXXXXXXXXXX
HCoV-229E,XXXXXXXXXXXXXXXXXXXXXXXXXX
HCoV-229E,XXXXXXXXXXXXXXXXXXXXXXXXXX
HCoV-229E,XXXXXXXXXXXXXXXXXXXXXXXXXX
HCoV-229E,XXXXXXXXXXXXXXXXXXXXXXXXXX
HCoV-229E,XXXXXXXXXXXXXXXXXXXXXXXXXX
HCoV-229E,XXXXXXXXXXXXXXXXXXXXXXXXXX
HCoV-229E,XXXXXXXXXXXXXXXXXXXXXXXXXX
HCoV-229E,XXXXXXXXXXXXXXXXXXXXXXXXXX
HCoV-229E,XXXXXXXXXXXXXXXXXXXXXXXXXX
HCoV-229E,XXXXXXXXXXXXXXXXXXXXXXXXXX
HCoV-229E,XXXXXXXXXXXXXXXXXXXXXXXXXX
HCoV-229E,XXXXXXXXXXXXXXXXXXXXXXXXXX
HCoV-229E,XXXXXXXXXXXXXXXXXXXXXXXXXX
HCoV-229E,XXXXXXXXXXXXXXXXXXXXXXXXXX
HCoV-229E,XXXXXXXXXXXXXXXXXXXXXXXXXX
HCoV-229E,XXXXXXXXXXXXXXXXXXXXXXXXXX
HCoV-229E,XXXXXXXXXXXXXXXXXXXXXXXXXX
HCoV-229E,XXXXXXXXXXXXXXXXXXXXXXXXXX
HCoV-229E,XXXXXXXXXXXXXXXXXXXXXXXXXX
HCoV-229E,XXXXXXXXXXXXXXXXXXXXXXXXXX
HCoV-229E,XXXXXXXXXXXXXXXXXXXXXXXXXX
HCoV-229E,XXXXXXXXXXXXXXXXXXXXXXXXXX
HCoV-229E,XXXXXXXXXXXXXXXXXXXXXXXXXX
HCoV-229E,XXXXXXXXXXXXXXXXXXXXXXXXXX
HCoV-229E,XXXXXXXXXXXXXXXXXXXXXXXXX
HCoV-229E,XXXXXXXXXXXXXXXXXXXXXXXXX
HCoV-229E,XXXXXXXXXXXXXXXXXXXXXXXXX
HCoV-229E,XXXXXXXXXXXXXXXXXXXXXXXXX
HCoV-229E,XXXXXXXXXXXXXXXXXXXXXXXX
HCoV-229E,XXXXXXXXXXXXXXXXXXXXXXXX
HCoV-229E,XXXXXXXXXXXXXXXXXXXXXXXX
HCoV-229E,XXXXXXXXXXXXXXXXXXXXXXXX
HCoV-229E,XXXXXXXXXXXXXXXXXXXXXXX
HCoV-229E,XXXXXXXXXXXXXXXXXXXXXXX
HCoV-229E,XXXXXXXXXXXXXXXXXXXXXXX
HCoV-229E,XXXXXXXXXXXXXXXXXXXXXXX
HCoV-229E,XXXXXXXXXXXXXXXXXXXXXX
HCoV-229E,XXXXXXXXXXXXXXXXXXXXXX
HCoV-229E,XXXXXXXXXXXXXXXXXXXXXX
HCoV-229E,XXXXXXXXXXXXXXXXXXXXXX
HCoV-229E,XXXXXXXXXXXXXXXXXXXXX
HCoV-229E,XXXXXXXXXXXXXXXXXXXXX
HCoV-229E,XXXXXXXXXXXXXXXXXXXXX
HCoV-229E,XXXXXXXXXXXXXXXXXXXXX
HCoV-229E,XXXXXXXXXXXXXXXXXXXX
HCoV-229E,XXXXXXXXXXXXXXXXXXXX
HCoV-229E,XXXXXXXXXXXXXXXXXXXX
HCoV-229E,XXXXXXXXXXXXXXXXXXXX
HCoV-229E,XXXXXXXXXXXXXXXXXXX
HCoV-229E,XXXXXXXXXXXXXXXXXXX
HCoV-229E,XXXXXXXXXXXXXXXXXXX
HCoV-229E,XXXXXXXXXXXXXXXXXXX
HCoV-229E,XXXXXXXXXXXXXXXXXX
HCoV-229E,XXXXXXXXXXXXXXXXXX
HCoV-229E,XXXXXXXXXXXXXXXXXX
HCoV-229E,XXXXXXXXXXXXXXXXXX
HCoV-229E,XXXXXXXXXXXXXXXXX
HCoV-229E,XXXXXXXXXXXXXXXXX
HCoV-229E,XXXXXXXXXXXXXXXXX
HCoV-229E,XXXXXXXXXXXXXXXXX
HCoV-229E,XXXXXXXXXXXXXXXX
HCoV-229E,XXXXXXXXXXXXXXXX
HCoV-229E,XXXXXXXXXXXXXXXX
HCoV-229E,XXXXXXXXXXXXXXXX
HCoV-229E,XXXXXXXXXXXXXXX
HCoV-229E,XXXXXXXXXXXXXXX
HCoV-229E,XXXXXXXXXXXXXXX
HCoV-229E,XXXXXXXXXXXXXXX
HCoV-229E,XXXXXXXXXXXXXX
HCoV-229E,XXXXXXXXXXXXXX
HCoV-229E,XXXXXXXXXXXXXX
HCoV-229E,XXXXXXXXXXXXXX
HCoV-229E,XXXXXXXXXXXXX
HCoV-229E,XXXXXXXXXXXXX
HCoV-229E,XXXXXXXXXXXXX
HCoV-229E,XXXXXXXXXXXXX
HCoV-229E,XXXXXXXXXXXX
HCoV-229E,XXXXXXXXXXXX
HCoV-229E,XXXXXXXXXXXX
HCoV-229E,XXXXXXXXXXXX
HCoV-229E,XXXXXXXXXXX
HCoV-229E,XXXXXXXXXXX
HCoV-229E,XXXXXXXXXXX
HCoV-229E,XXXXXXXXXXX
HCoV-229E,XXXXXXXXXX
HCoV-229E,XXXXXXXXXX
HCoV-229E,XXXXXXXXXX
HCoV-229E,XXXXXXXXXX
HCoV-229E,XXXXXXXXX
HCoV-229E,XXXXXXXXX
HCoV-229E,XXXXXXXXX
HCoV-229E,XXXXXXXXX
HCoV-229E,XXXXXXXX
HCoV-229E,XXXXXXXX
HCoV-229E,XXXXXXXX
HCoV-229E,XXXXXXXX
HCoV-229E,XXXXXXX
HCoV-229E,XXXXXXX
HCoV-229E,XXXXXXX
HCoV-229E,XXXXXXX
HCoV-229E,XXXXXXX
HCoV-229E,XXXXXXX
HCoV-229E,XXXXXXX
HCoV-229E,XXXXXXX
HCoV-229E,XXXXXXX
HCoV-229E,XXXXXXX
HCoV-229E,XXXXXXX
HCoV-229E,XXXXXXX
HCoV-229E,XXXXXXX
HCoV-229E,XXXXXXX
HCoV-229E,XXXXXXX
HCoV-229E,XXXXXXX
HCoV-229E,XXXXXXX
HCoV-229E,XXXXXXX
HCoV-229E,XXXXXXX
HCoV-229E,XXXXXXX
HCoV-229E,XXXXXXX
HCoV-229E,XXXXXXX
HCoV-229E,XXXXXXX
HCoV-229E,XXXXXXX
HCoV-229E,XXXXXXX
HCoV-229E,XXXXXXX
HCoV-229E,XXXXXXX
HCoV-229E,XXXXXXX
HCoV-229E,XXXXXXX
HCoV-229E,XXXXXXX
HCoV-229E,XXXXXXX
HCoV-229E,XXXXXXX
HCoV-229E,XXXXXXX
HCoV-229E,XXXXXXX
HCoV-229E,XXXXXXX
HCoV-229E,XXXXXXX
HCoV-229E,XXXXXXX
HCoV-229E,XXXXXXX
HCoV-229E,XXXXXXX
HCoV-229E,XXXXXXX
HCoV-229E,XXXXXXX
HCoV-229E,XXXXXXX
HCoV-229E,XXXXXXX
HCoV-229E,XXXXXXX
HCoV-229E,XXXXXXX
HCoV-229E,XXXXXXX
HCoV-229E,XXXXXXX
HCoV-229E,XXXXXXX
HCoV-229E,XXXXXXX
HCoV-229E,XXXXXXX
HCoV-229E,XXXXXXX
HCoV-229E,XXXXXXX
HCoV-229E,XXXXXXX
HCoV-229E,XXXXXXX
HCoV-229E,XXXXXXX
HCoV-229E,XXXXXXX
HCoV-229E,XXXXXXX
HCoV-229E,XXXXXXX
HCoV-229E,XXXXXXX
HCoV-229E,XXXXXXX
HCoV-229E,XXXXXXX
HCoV-229E,XXXXXXX
HCoV-229E,XXXXXXX
HCoV-229E,XXXXXXX
HCoV-229E,XXXXXXX
HCoV-229E,XXXXXXX
HCoV-229E,XXXXXXX
HCoV-229E,XXXXXXX
HCoV-229E,XXXXXXX
HCoV-229E,XXXXXXX
HCoV-229E,XXXXXXX
HCoV-229E,XXXXXXX
HCoV-229E,XXXXXXX
HCoV-229E,XXXXXXX
HCoV-229E,XXXXXXX
HCoV-229E,XXXXXXX
HCoV-229E,XXXXXXX
HCoV-229E,XXXXXXX
HCoV-229E,XXXXXXX
HCoV-229E,XXXXXXX
HCoV-229E,XXXXXXX
HCoV-229E,XXXXXXX
HCoV-229E,XXXXXXX
HCoV-229E,XXXXXXX
HCoV-229E,XXXXXXX
HCoV-229E,XXXXXXX
HCoV-229E,XXXXXXX
HCoV-229E,XXXXXXX
HCoV-229E,XXXXXXX
HCoV-229E,XXXXXXX
HCoV-229E,XXXXXXX
HCoV-229E,XXXXXXX
HCoV-229E,XXXXXXX
HCoV-229E,XXXXXXX
HCoV-229E,XXXXXXX
HCoV-229E,XXXXXXX
HCoV-229E,XXXXXXX
HCoV-229E,XXXXXXX
HCoV-229E,XXXXXXX
HCoV-229E,XXXXXXX
HCoV-229E,XXXXXX
HCoV-229E,XXXXXX
HCoV-229E,XXXXXX
HCoV-229E,XXXXXX
HCoV-229E,XXXXXX
HCoV-229E,XXXXXX
HCoV-229E,XXXXXX
HCoV-229E,XXXXXX
HCoV-229E,XXXXXX
HCoV-229E,XXXXX
HCoV-229E,XXXXX
HCoV-229E,XXXXX
HCoV-229E,XXXXX
HCoV-229E,XXXXX
HCoV-229E,XXXXX
HCoV-229E,XXXXX
HCoV-229E,XXXXX
HCoV-229E,XXXXX
HCoV-229E,XXXXX
HCoV-229E,XXXXX
HCoV-229E,XXXXX
HCoV-229E,XXXXX
HCoV-229E,XXXXX
HCoV-229E,XXXXX
HCoV-229E,XXXXX
HCoV-229E,XXXXX
HCoV-229E,XXXXX
HCoV-229E,XXXXX
HCoV-229E,XXXXX
HCoV-229E,XXXXX
HCoV-229E,XXXXX
HCoV-229E,XXXXX
HCoV-229E,XXXXX
HCoV-229E,XXXXX
HCoV-229E,XXXXX
HCoV-229E,XXXXX
HCoV-229E,XXXXX
HCoV-229E,XXXXX
HCoV-229E,XXXXX
HCoV-229E,XXXXX
HCoV-229E,XXXXX
HCoV-229E,XXXXX
HCoV-229E,XXXXX
HCoV-229E,XXXXX
HCoV-229E,XXXXX
HCoV-229E,XXXXX
HCoV-229E,XXXXX
HCoV-229E,XXXXX
HCoV-229E,XXXXX
HCoV-229E,XXXXX
HCoV-229E,XXXXX
HCoV-229E,XXXXX
HCoV-229E,XXXXX
HCoV-229E,XXXXX
HCoV-229E,XXXXX
HCoV-229E,XXXXX
HCoV-229E,XXXXX
HCoV-229E,XXXXX
HCoV-229E,XXXXX
HCoV-229E,XXXXX
HCoV-229E,XXXXX
HCoV-229E,XXXXX
HCoV-229E,XXXXX
HCoV-229E,XXXXX
HCoV-229E,XXXXX
HCoV-229E,XXXXX
HCoV-229E,XXXXX
HCoV-229E,XXXXX
HCoV-229E,XXXXX
HCoV-229E,XXXXX
HCoV-229E,XXXXX
HCoV-229E,XXXXX
HCoV-229E,XXXXX
HCoV-229E,XXXXX
HCoV-229E,XXXXX
HCoV-229E,XXXXX
HCoV-229E,XXXXX
HCoV-229E,XXXXX
HCoV-229E,XXXXX
HCoV-229E,XXXXX
HCoV-229E,XXXXX
HCoV-229E,XXXXX
HCoV-229E,XXXXX
HCoV-229E,XXXXX
HCoV-229E,XXXXX
HCoV-229E,XXXXX
HCoV-229E,XXXXX
HCoV-229E,XXXXX
HCoV-229E,XXXXX
HCoV-229E,XXXXX
HCoV-229E,XXXXX
HCoV-229E,XXXXX
HCoV-229E,XXXXX
HCoV-229E,XXXXX
HCoV-229E,XXXXX
HCoV-229E,XXXXX
HCoV-229E,XXXXX
HCoV-229E,XXXXX
HCoV-229E,XXXXX
HCoV-229E,XXXXX
HCoV-229E,XXXXX
HCoV-229E,XXXXX
HCoV-229E,XXXXX
HCoV-229E,XXXXX
HCoV-229E,XXXXX
HCoV-229E,XXXXX
HCoV-229E,XXXXX
HCoV-229E,XXXXX
HCoV-229E,XXXXX
HCoV-229E,XXXXX
HCoV-229E,XXXXX
HCoV-229E,XXXXX
HCoV-229E,XXXXX
HCoV-229E,XXXXX
HCoV-229E,XXXXX
HCoV-229E,XXXXX
HCoV-229E,XXXXX
HCoV-229E,XXXXX
HCoV-229E,XXXXX
HCoV-229E,XXXXX
HCoV-229E,XXXXX
HCoV-229E,XXXX
HCoV-229E,XXXX
HCoV-229E,XXXX
HCoV-229E,XXXX
HCoV-229E,XXXX
HCoV-229E,XXXX
HCoV-229E,XXXX
HCoV-229E,XXXX
HCoV-229E,XXXX
HCoV-229E,XXXX
HCoV-229E,XXXX
HCoV-229E,XXXX
HCoV-229E,XXXX
HCoV-229E,XXXX
HCoV-229E,XXXX
HCoV-229E,XXXX
HCoV-229E,KCTK
HCoV-229E,NYTV
HCoV-229E,SFGV
HCoV-229E,SGSR
HCoV-229E,SSFG
HCoV-229E,TLAN
HCoV-229E,VCNG
HCoV-229E,VELP
HCoV-229E,VSSF
HCoV-229E,GFYS
HCoV-229E,ALQT
HCoV-229E,FVGA
HCoV-229E,GFYS
HCoV-229E,KCTK
HCoV-229E,LCVD
HCoV-229E,NYTV
HCoV-229E,SGSR
HCoV-229E,SGVG
HCoV-229E,SSFG
HCoV-229E,TLAN
HCoV-229E,TSYG
HCoV-229E,VCNG
HCoV-229E,VSSF
HCoV-229E,ALQT
HCoV-229E,GFYS
HCoV-229E,INGY
HCoV-229E,IPSN
HCoV-229E,KCTK
HCoV-229E,LCVD
HCoV-229E,NYTV
HCoV-229E,SSFG
HCoV-229E,TLAN
HCoV-229E,TNGT
HCoV-229E,TNTS
HCoV-229E,TSYG
HCoV-229E,VCNG
HCoV-229E,VSSF
HCoV-229E,ALQT
HCoV-229E,DVEA
HCoV-229E,GFYS
HCoV-229E,INGY
HCoV-229E,IPSN
HCoV-229E,KCTK
HCoV-229E,LCVD
HCoV-229E,NYTV
HCoV-229E,SSFG
HCoV-229E,SVIN
HCoV-229E,TLAN
HCoV-229E,TNGT
HCoV-229E,TNTS
HCoV-229E,TSYG
HCoV-229E,VCNG
HCoV-229E,VSSF
HCoV-229E,ALQT
HCoV-229E,GFYS
HCoV-229E,INGY
HCoV-229E,IPSN
HCoV-229E,KCTK
HCoV-229E,LCVD
HCoV-229E,NYTV
HCoV-229E,SSFG
HCoV-229E,TLAN
HCoV-229E,TNGT
HCoV-229E,TNTS
HCoV-229E,TSYG
HCoV-229E,VCNG
HCoV-229E,VSSF
HCoV-229E,ALQT
HCoV-229E,DVEA
HCoV-229E,GFYS
HCoV-229E,IPSN
HCoV-229E,KCTK
HCoV-229E,LCVD
HCoV-229E,NYTV
HCoV-229E,SSFG
HCoV-229E,TLAN
HCoV-229E,TNTS
HCoV-229E,TSYG
HCoV-229E,VCNG
HCoV-229E,VDGV
HCoV-229E,VITG
HCoV-229E,VSSF
HCoV-229E,ALQT
HCoV-229E,GFYS
HCoV-229E,INGY
HCoV-229E,IPSN
HCoV-229E,KCTK
HCoV-229E,LCVD
HCoV-229E,LRRG
HCoV-229E,NYTV
HCoV-229E,SSFG
HCoV-229E,TLAN
HCoV-229E,TNGT
HCoV-229E,TNTS
HCoV-229E,TSYG
HCoV-229E,VCNG
HCoV-229E,VSSF
HCoV-229E,ALQT
HCoV-229E,GFYS
HCoV-229E,IPSN
HCoV-229E,KCTK
HCoV-229E,LCVD
HCoV-229E,LRRG
HCoV-229E,NYTV
HCoV-229E,SGSR
HCoV-229E,SSFG
HCoV-229E,TLAN
HCoV-229E,TSYG
HCoV-229E,VCNG
HCoV-229E,VSSF
HCoV-229E,ALQT
HCoV-229E,GFYS
HCoV-229E,IPSN
HCoV-229E,KCTK
HCoV-229E,LCVD
HCoV-229E,LRRG
HCoV-229E,NYTV
HCoV-229E,SGSR
HCoV-229E,SSFG
HCoV-229E,TLAN
HCoV-229E,TSYG
HCoV-229E,VCNG
HCoV-229E,VSSF
HCoV-229E,ALQT
HCoV-229E,DVEA
HCoV-229E,GFYS
HCoV-229E,INGY
HCoV-229E,IPSN
HCoV-229E,KCTK
HCoV-229E,LCVD
HCoV-229E,NYTV
HCoV-229E,SSFG
HCoV-229E,TLAN
HCoV-229E,TNGT
HCoV-229E,TNTS
HCoV-229E,TSYG
HCoV-229E,VCNG
HCoV-229E,VITG
HCoV-229E,VSSF
HCoV-229E,ALQT
HCoV-229E,LCVD
HCoV-229E,NYTV
HCoV-229E,SSFG
HCoV-229E,TLAN
HCoV-229E,TSYG
HCoV-229E,VCNG
HCoV-229E,VELP
HCoV-229E,VSSF
HCoV-229E,ALQT
HCoV-229E,DVEA
HCoV-229E,GFYS
HCoV-229E,INGY
HCoV-229E,IPSN
HCoV-229E,KCTK
HCoV-229E,LCVD
HCoV-229E,NYTV
HCoV-229E,SSFG
HCoV-229E,TLAN
HCoV-229E,TNGT
HCoV-229E,TNTS
HCoV-229E,TSYG
HCoV-229E,VCNG
HCoV-229E,VITG
HCoV-229E,VSSF
HCoV-229E,ALQT
HCoV-229E,DVVN
HCoV-229E,GFYS
HCoV-229E,INGY
HCoV-229E,IPSN
HCoV-229E,KCTK
HCoV-229E,LCVD
HCoV-229E,LRRG
HCoV-229E,NYTV
HCoV-229E,SSFG
HCoV-229E,TLAN
HCoV-229E,TNGT
HCoV-229E,TNTS
HCoV-229E,TSYG
HCoV-229E,VCNG
HCoV-229E,VSSF
HCoV-229E,ALQT
HCoV-229E,FVGA
HCoV-229E,GFYS
HCoV-229E,KCTK
HCoV-229E,LCVD
HCoV-229E,NYTV
HCoV-229E,SGSR
HCoV-229E,SGVG
HCoV-229E,SSFG
HCoV-229E,TLAN
HCoV-229E,TSYG
HCoV-229E,VCNG
HCoV-229E,VSSF
HCoV-229E,ALQT
HCoV-229E,KCTK
HCoV-229E,NVSS
HCoV-229E,NYTV
HCoV-229E,SGSR
HCoV-229E,SSFG
HCoV-229E,SSVV
HCoV-229E,TLAN
HCoV-229E,TSYG
HCoV-229E,VCNG
HCoV-229E,VELP
HCoV-229E,VSSF
HCoV-229E,ALQT
HCoV-229E,GFYS
HCoV-229E,INGY
HCoV-229E,IPSN
HCoV-229E,KCTK
HCoV-229E,LCVD
HCoV-229E,NYTV
HCoV-229E,SSFG
HCoV-229E,TLAN
HCoV-229E,TNGT
HCoV-229E,TNTS
HCoV-229E,TSYG
HCoV-229E,VCNG
HCoV-229E,VITG
HCoV-229E,VSSF
HCoV-229E,ALQT
HCoV-229E,GFYS
HCoV-229E,INGY
HCoV-229E,IPSN
HCoV-229E,KCTK
HCoV-229E,LCVD
HCoV-229E,LRRG
HCoV-229E,NYTV
HCoV-229E,SSFG
HCoV-229E,TLAN
HCoV-229E,TNGT
HCoV-229E,TSYG
HCoV-229E,VCNG
HCoV-229E,VSSF
HCoV-229E,ALQT
HCoV-229E,GFYS
HCoV-229E,INGY
HCoV-229E,IPSN
HCoV-229E,KCTK
HCoV-229E,LCVD
HCoV-229E,LRRG
HCoV-229E,NYTV
HCoV-229E,SSFG
HCoV-229E,TLAN
HCoV-229E,TNGT
HCoV-229E,TNTS
HCoV-229E,TSYG
HCoV-229E,VCNG
HCoV-229E,VSSF
HCoV-229E,ALQT
HCoV-229E,GFYS
HCoV-229E,INGY
HCoV-229E,IPSN
HCoV-229E,KCTK
HCoV-229E,LCVD
HCoV-229E,NYTV
HCoV-229E,SSFG
HCoV-229E,TLAN
HCoV-229E,TNGT
HCoV-229E,TNTS
HCoV-229E,TSYG
HCoV-229E,VCNG
HCoV-229E,VITG
HCoV-229E,VSSF
HCoV-229E,ALQT
HCoV-229E,DVEA
HCoV-229E,GFYS
HCoV-229E,INGY
HCoV-229E,IPSN
HCoV-229E,KCTK
HCoV-229E,LCVD
HCoV-229E,NYTV
HCoV-229E,SSFG
HCoV-229E,TLAN
HCoV-229E,TNGT
HCoV-229E,TNTS
HCoV-229E,TSYG
HCoV-229E,VCNG
HCoV-229E,VSSF
HCoV-229E,XXXXXXX
HCoV-229E,XXXXXX
HCoV-229E,XXXXX
HCoV-229E,XXXX
HCoV-229E,ALQT
HCoV-229E,GFYS
HCoV-229E,INGY
HCoV-229E,IPSN
HCoV-229E,KCTK
HCoV-229E,LCVD
HCoV-229E,NYTV
HCoV-229E,SSFG
HCoV-229E,TLAN
HCoV-229E,TNGT
HCoV-229E,TNTS
HCoV-229E,TSYG
HCoV-229E,VCNG
HCoV-229E,VSSF
HCoV-229E,KCTK
HCoV-229E,NYTV
HCoV-229E,SFGV
HCoV-229E,SGSR
HCoV-229E,SSFG
HCoV-229E,TLAN
HCoV-229E,VCNG
HCoV-229E,VELP
HCoV-229E,VSSF
HCoV-229E,ALQT
HCoV-229E,DVEA
HCoV-229E,GFYS
HCoV-229E,IPSN
HCoV-229E,KCTK
HCoV-229E,LCVD
HCoV-229E,NYTV
HCoV-229E,SSFG
HCoV-229E,TLAN
HCoV-229E,TNTS
HCoV-229E,TSYG
HCoV-229E,VCNG
HCoV-229E,VDGV
HCoV-229E,VITG
HCoV-229E,VSSF
HCoV-229E,ALQT
HCoV-229E,DVEA
HCoV-229E,GFYS
HCoV-229E,IPSN
HCoV-229E,KCTK
HCoV-229E,NYTV
HCoV-229E,SSFG
HCoV-229E,TLAN
HCoV-229E,TNTS
HCoV-229E,TSYG
HCoV-229E,VCNG
HCoV-229E,VDGV
HCoV-229E,VITG
HCoV-229E,VSSF
HCoV-229E,XXXXXXXX
HCoV-229E,XXXXXXX
HCoV-229E,XXXXXXX
HCoV-229E,XXXXXXX
HCoV-229E,XXXXXXX
HCoV-229E,XXXXXX
HCoV-229E,XXXXXX
HCoV-229E,XXXXXX
HCoV-229E,XXXXXX
HCoV-229E,XXXXX
HCoV-229E,XXXXX
HCoV-229E,XXXXX
HCoV-229E,XXXXX
HCoV-229E,XXXX
HCoV-229E,XXXX
HCoV-229E,XXXX
HCoV-229E,XXXX
HCoV-229E,KCTK
HCoV-229E,NYTV
HCoV-229E,SFGV
HCoV-229E,SGSR
HCoV-229E,SSFG
HCoV-229E,TLAN
HCoV-229E,VCNG
HCoV-229E,VELP
HCoV-229E,VSSF
HCoV-229E,ALQT
HCoV-229E,GNLL
HCoV-229E,LCVD
HCoV-229E,NYTV
HCoV-229E,SSFG
HCoV-229E,TLAN
HCoV-229E,TSYG
HCoV-229E,VCNG
HCoV-229E,VELP
HCoV-229E,VSSF
HCoV-229E,ALQT
HCoV-229E,DVEA
HCoV-229E,GFYS
HCoV-229E,IPSN
HCoV-229E,KCTK
HCoV-229E,LCVD
HCoV-229E,NYTV
HCoV-229E,SSFG
HCoV-229E,TLAN
HCoV-229E,TNGT
HCoV-229E,TNTS
HCoV-229E,TSYG
HCoV-229E,VCNG
HCoV-229E,VSSF
HCoV-229E,KCTK
HCoV-229E,NYTV
HCoV-229E,SFGV
HCoV-229E,SGSR
HCoV-229E,SSFG
HCoV-229E,TLAN
HCoV-229E,VCNG
HCoV-229E,VELP
HCoV-229E,VSSF
