covidType,repeats
IBV,PSNG
IBV,LTQY
IBV,NFSD
IBV,VSVS
IBV,YYQSA
IBV,LTQY
IBV,NFSD
IBV,VSVS
IBV,NFSD
IBV,LQGG
IBV,NTTL
IBV,PLQG
IBV,NETG
IBV,NFSD
IBV,FTNVS
IBV,IQTR
IBV,LVLT
IBV,NLTV
IBV,FNVL
IBV,LDSSG
IBV,NETS
IBV,NNFT
IBV,QSGA
IBV,VTHC
IBV,ATGS
IBV,GGLV
IBV,NFTF
IBV,NYTS
IBV,SNYT
IBV,CCGC
IBV,DFDD
IBV,DVVT
IBV,ELSK
IBV,GLLV
IBV,IQTR
IBV,LQGG
IBV,NLTV
IBV,SLLL
IBV,SLSV
IBV,VVNS
IBV,KSGG
IBV,NETG
IBV,SFVY
IBV,NFSD
IBV,VGQG
IBV,CCGC
IBV,CTAG
IBV,GLLV
IBV,IPQN
IBV,IQTR
IBV,LTQY
IBV,NFSD
IBV,NLTV
IBV,NVTE
IBV,QEVI
IBV,SLLL
IBV,SLSV
IBV,SSLV
IBV,VSVS
IBV,LQGG
IBV,PLQG
IBV,AYGP
IBV,LTVS
IBV,SQFC
IBV,CCGC
IBV,DDFN
IBV,FTSV
IBV,GLLV
IBV,LQGG
IBV,NLTV
IBV,RSTS
IBV,SLLL
IBV,LDSSG
IBV,NETS
IBV,NNFT
IBV,QSGA
IBV,CCGC
IBV,FTSV
IBV,GLLV
IBV,NFSD
IBV,NLTV
IBV,SLLL
IBV,SLSV
IBV,VGQG
IBV,VQDV
IBV,NFSD
IBV,VGQG
IBV,LQGG
IBV,PLQG
IBV,TNYT
IBV,CCGC
IBV,DFDD
IBV,ELSK
IBV,GLLV
IBV,IQTR
IBV,LQGG
IBV,NLTV
IBV,SLLL
IBV,SLSV
IBV,VVNS
IBV,LQGG
IBV,NTTL
IBV,PLQG
IBV,LQGG
IBV,NTTL
IBV,LQGG
IBV,NTTL
IBV,NETG
IBV,NFSD
IBV,LQGG
IBV,PLQG
IBV,LTQY
IBV,NFSD
IBV,VSVS
IBV,NETG
IBV,NFSD
IBV,NFSD
IBV,VGQG
IBV,LQGG
IBV,NTTL
IBV,PLQG
IBV,NETG
IBV,NFSD
IBV,NFSF
IBV,GNFS
IBV,LQGG
IBV,PLQG
IBV,LQGG
IBV,PLQG
IBV,TNYT
IBV,APLL
IBV,CCGC
IBV,FVED
IBV,IPQN
IBV,LLLT
IBV,NFSD
IBV,NLTV
IBV,NVTN
IBV,SLLL
IBV,SSLV
IBV,YYKV
IBV,SVYL
IBV,LTQY
IBV,NFSD
IBV,VSVS
IBV,NFSD
IBV,SLSL
IBV,LQGG
IBV,NTTL
IBV,AGAI
IBV,ALSV
IBV,CCGC
IBV,CTAG
IBV,GLLV
IBV,IGQG
IBV,ILTS
IBV,IRVS
IBV,NFTD
IBV,SASS
IBV,SLLL
IBV,SVIQ
IBV,AGAI
IBV,AIVP
IBV,AVVN
IBV,CCGC
IBV,CTAG
IBV,GLLV
IBV,LQGG
IBV,LSVL
IBV,QGFI
IBV,SLLL
IBV,SLSV
IBV,SNET
IBV,SNVS
IBV,TENV
IBV,VLIP
IBV,VSVNK
IBV,CCGC
IBV,GLLV
IBV,IRVS
IBV,NETG
IBV,NFSD
IBV,NLTV
IBV,SSLV
IBV,LQGG
IBV,PLQG
IBV,TNVS
IBV,LQGG
IBV,NGDL
IBV,SLSL
IBV,CCGC
IBV,DFDD
IBV,ELSK
IBV,FTSV
IBV,GLLV
IBV,IQTR
IBV,LQGG
IBV,NLTV
IBV,SLSV
IBV,VVNS
IBV,YYQSA
IBV,CCGC
IBV,GLLV
IBV,IRVS
IBV,NETG
IBV,NFSD
IBV,NLTV
IBV,SLSV
IBV,SSLV
IBV,FTNVS
IBV,IQTR
IBV,LVLT
IBV,NLTV
IBV,LQGG
IBV,PLQG
IBV,CCGC
IBV,DFDD
IBV,ELSK
IBV,FTSV
IBV,GLLV
IBV,IQTR
IBV,LQGG
IBV,SLLL
IBV,SLSV
IBV,VVNS
IBV,NFSD
IBV,SNYT
IBV,GGLV
IBV,NYTS
IBV,SNYT
IBV,SNYT
IBV,SNYT
IBV,LTQY
IBV,NFSD
IBV,CCGC
IBV,IRVS
IBV,NETG
IBV,NFSD
IBV,NLTV
IBV,SLSV
IBV,SSLV
IBV,NFSD
IBV,YYKV
IBV,LTQY
IBV,NFSD
IBV,VSVS
IBV,CCGC
IBV,DFDD
IBV,FTSV
IBV,GLLV
IBV,IQTR
IBV,IVFI
IBV,LQGG
IBV,LTSC
IBV,NLTV
IBV,PLQG
IBV,QDVV
IBV,SLLM
IBV,SLSV
IBV,VNGT
IBV,VVNS
IBV,FTNVS
IBV,CCGC
IBV,CTAG
IBV,GLLV
IBV,IQTR
IBV,NFSD
IBV,NLTV
IBV,NVTE
IBV,QEVI
IBV,SLLL
IBV,SLSV
IBV,SSLV
IBV,TAQE
IBV,CCGC
IBV,GLLV
IBV,NETG
IBV,NFSD
IBV,NLTV
IBV,SLLL
IBV,SLSV
IBV,SSLV
IBV,TENV
IBV,NYTS
IBV,SNYT
IBV,CCGC
IBV,FSNVS
IBV,GAIS
IBV,GLLV
IBV,IRVS
IBV,IVTL
IBV,LVLT
IBV,NFSD
IBV,NLTV
IBV,SLSV
IBV,TGRS
IBV,VFVT
IBV,LQGG
IBV,NTTL
IBV,CCGC
IBV,CTAG
IBV,FKSG
IBV,GLLV
IBV,LSVV
IBV,SLLL
IBV,SSLV
IBV,VNVT
IBV,NFSD
IBV,YYKV
IBV,FTNVS
IBV,LQGG
IBV,PLQG
IBV,TNVS
IBV,LDSSG
IBV,NETS
IBV,NNFT
IBV,QSGA
IBV,ALKG
IBV,CCGC
IBV,GTFFV
IBV,IPQY
IBV,KVVTL
IBV,LNFT
IBV,LNKV
IBV,LRCR
IBV,NFTGF
IBV,TIPQ
IBV,YTCV
IBV,NETG
IBV,NFSD
IBV,LQGG
IBV,PLQG
IBV,IINT
IBV,SNVT
IBV,NESN
IBV,PLQG
IBV,VFVT
IBV,LQGG
IBV,NTTL
IBV,LQGG
IBV,PLQG
IBV,NFSD
IBV,VGQG
IBV,SAAS
IBV,SRRS
IBV,VFVT
IBV,LTQY
IBV,NFSD
IBV,QGGC
IBV,VSVS
IBV,LVLT
IBV,NFSD
IBV,VFVT
IBV,LQGG
IBV,PLQG
IBV,TNVS
IBV,AIVP
IBV,AYGP
IBV,CCGC
IBV,CTAG
IBV,GLLV
IBV,IVTL
IBV,LNIT
IBV,NLTV
IBV,SAIL
IBV,VITT
IBV,CCGC
IBV,DFDD
IBV,IQTR
IBV,LQGG
IBV,NLTV
IBV,PLQG
IBV,SLLL
IBV,SLSV
IBV,VVNS
IBV,CCGC
IBV,DFDD
IBV,GLLV
IBV,LQGG
IBV,SAAS
IBV,SLLL
IBV,SLSV
IBV,TNYT
IBV,VVNS
IBV,VYRE
IBV,YTSN
IBV,LVLT
IBV,NFSD
IBV,VFVT
IBV,CCGC
IBV,DVVT
IBV,GLLV
IBV,IQTR
IBV,NFSD
IBV,NLTV
IBV,NVTE
IBV,SLLL
IBV,SLSV
IBV,SPRG
IBV,VFSN
IBV,VGQG
IBV,CCGC
IBV,DFDD
IBV,FTSV
IBV,GLLV
IBV,IQTR
IBV,LQGG
IBV,NLTV
IBV,PLQG
IBV,QDVV
IBV,VNGT
IBV,VVNS
IBV,LQGG
IBV,PLQG
IBV,TNVS
IBV,GNFS
IBV,LQGG
IBV,PLQG
IBV,LTQY
IBV,NFSD
IBV,FTNVS
IBV,CCGC
IBV,DFDD
IBV,DVVT
IBV,FTSV
IBV,GLLV
IBV,NFSD
IBV,NLTV
IBV,SLLL
IBV,SLSV
IBV,TNSS
IBV,VGQG
IBV,NFSD
IBV,QGGC
IBV,NSTN
IBV,LQGG
IBV,NFSD
IBV,NFSD
IBV,SRRS
IBV,VGQG
IBV,AGAI
IBV,AYGP
IBV,CCGC
IBV,GLLV
IBV,NLTV
IBV,NVTE
IBV,SLSV
IBV,SNET
IBV,SRRS
IBV,VITT
IBV,ALKG
IBV,CCGC
IBV,GTFFV
IBV,IPQY
IBV,KVVTL
IBV,LNFT
IBV,LNKV
IBV,LRCR
IBV,NFTGF
IBV,NGLL
IBV,TIPQ
IBV,YTCV
IBV,YYQSA
IBV,AYGP
IBV,CCGC
IBV,CTAG
IBV,FDND
IBV,GLLV
IBV,IPQN
IBV,NETN
IBV,NLTV
IBV,SLLL
IBV,SLSV
IBV,SNET
IBV,SSLV
IBV,TAAG
IBV,CCGC
IBV,FTSV
IBV,IQTR
IBV,LQGG
IBV,NLTV
IBV,PLQG
IBV,SLLL
IBV,SLSV
IBV,NFSD
IBV,TNSS
IBV,VGQG
IBV,FKAG
IBV,NYYKV
IBV,CCGC
IBV,GLLV
IBV,IRVS
IBV,NETG
IBV,NFSD
IBV,NLTV
IBV,SLSV
IBV,SSLV
IBV,LQGG
IBV,PLQG
IBV,TNYT
IBV,NTTL
IBV,FTNVS
IBV,GNFS
IBV,LQGG
IBV,PLQG
IBV,LQGG
IBV,PLQG
IBV,NFSD
IBV,SVFN
IBV,CCGC
IBV,DFDD
IBV,FNYT
IBV,FTSV
IBV,GLLV
IBV,IQTR
IBV,IRVS
IBV,LSII
IBV,NFSD
IBV,NLTV
IBV,NSLN
IBV,NVTE
IBV,SLLL
IBV,SLSV
IBV,SPRG
IBV,VFSN
IBV,VQDV
IBV,CCGC
IBV,CTAG
IBV,GLLV
IBV,IPQN
IBV,IQTR
IBV,LTQY
IBV,NFSD
IBV,NLTV
IBV,NVTE
IBV,QEVI
IBV,SLLL
IBV,SLSV
IBV,SSLV
IBV,VSVS
IBV,CCGC
IBV,DFDD
IBV,GLLV
IBV,LQGG
IBV,SAAS
IBV,SLLL
IBV,SLSV
IBV,TNYT
IBV,VNKQ
IBV,VVNS
IBV,VYRE
IBV,YTSN
IBV,CCGC
IBV,CTAG
IBV,GLLV
IBV,IPQN
IBV,IQTR
IBV,LTQY
IBV,NFSD
IBV,NLTV
IBV,NVTE
IBV,QEVI
IBV,SLLL
IBV,SLSV
IBV,SSLV
IBV,AGAI
IBV,CCGC
IBV,CTAG
IBV,ENGT
IBV,LDSSG
IBV,LSSL
IBV,NETS
IBV,NKTV
IBV,NNFT
IBV,QSGA
IBV,VRLT
IBV,VTHC
IBV,LQGG
IBV,PLQG
IBV,TNVS
IBV,CCGC
IBV,DDFN
IBV,FTSV
IBV,GLLV
IBV,IQTR
IBV,IVGF
IBV,IVTL
IBV,LQGG
IBV,NLTV
IBV,PLQG
IBV,SLLL
IBV,SLSV
IBV,TENV
IBV,TNVS
IBV,VVNS
IBV,CCGC
IBV,DFDD
IBV,DVVT
IBV,ELSK
IBV,FTSV
IBV,GLLV
IBV,IQTR
IBV,LQGG
IBV,NLTV
IBV,SLLL
IBV,SLSV
IBV,TSAG
IBV,VVNS
IBV,DYGS
IBV,NITL
IBV,SIVG
IBV,SVST
IBV,LTQY
IBV,NFSD
IBV,VSVS
IBV,FKSG
IBV,DFTS
IBV,LQGG
IBV,LTLT
IBV,NETG
IBV,NFSD
IBV,LQGG
IBV,PLQG
IBV,TNVS
IBV,LQGG
IBV,NTTL
IBV,NETG
IBV,NFSD
IBV,VYRES
IBV,NFSD
IBV,CCGC
IBV,FTSV
IBV,GLLV
IBV,IQTR
IBV,LQGG
IBV,LTSC
IBV,NLTV
IBV,SLSV
IBV,LQGG
IBV,PLQG
IBV,FTNVS
IBV,LQGG
IBV,NTTL
IBV,NFSD
IBV,SLSL
IBV,CCGC
IBV,DFDD
IBV,ELSK
IBV,GLLV
IBV,GSYY
IBV,ILTS
IBV,IQTR
IBV,LQGG
IBV,NLTV
IBV,NTTL
IBV,SLLL
IBV,SLSV
IBV,VVNS
IBV,CCGC
IBV,DFDD
IBV,FNYT
IBV,FTSV
IBV,GLLV
IBV,LQGG
IBV,NFSD
IBV,NLTV
IBV,RSTS
IBV,SLLL
IBV,SLSV
IBV,LQGG
IBV,PLQG
IBV,TNVS
IBV,VNTT
IBV,LDSSG
IBV,NETS
IBV,NNFT
IBV,QSGA
IBV,CCGC
IBV,DDFN
IBV,FTSV
IBV,GILT
IBV,GLLV
IBV,LQGG
IBV,NLTV
IBV,PLQG
IBV,RSTS
IBV,SLLL
IBV,SLSV
IBV,NFSD
IBV,FTNVS
IBV,SNYT
IBV,LQGG
IBV,NTTL
IBV,PLQG
IBV,LTQY
IBV,NFSD
IBV,VSVS
IBV,LQGG
IBV,PLQG
IBV,TNVS
IBV,LQGG
IBV,PLQG
IBV,CCGC
IBV,FTSV
IBV,GLLV
IBV,NFSD
IBV,NLTV
IBV,SLSV
IBV,SRRS
IBV,VGQG
IBV,VNGT
IBV,VYRES
IBV,FNVL
IBV,GGLV
IBV,NITL
IBV,LTQY
IBV,NFSD
IBV,VSVS
IBV,NETG
IBV,NFSD
IBV,LQGG
IBV,PLQG
IBV,CCGC
IBV,DFDD
IBV,ELSK
IBV,FTSV
IBV,GLLV
IBV,IQTR
IBV,LQGG
IBV,NLTV
IBV,SLLL
IBV,SLSV
IBV,VVNS
IBV,CCGC
IBV,DFDD
IBV,FTSV
IBV,GLLV
IBV,LQGG
IBV,NLTV
IBV,PLQG
IBV,RSTS
IBV,SLLL
IBV,SLSV
IBV,TNYT
IBV,VQDV
IBV,ALKG
IBV,CCGC
IBV,IPQY
IBV,KCNN
IBV,KVVTL
IBV,LNFT
IBV,LNKV
IBV,LRCR
IBV,NFTGF
IBV,NNGL
IBV,TIPQ
IBV,TVGS
IBV,VSVS
IBV,LQGG
IBV,NTTL
IBV,PLQG
IBV,ECGL
IBV,ELTN
IBV,NFSD
IBV,SASS
IBV,TQTA
IBV,VFVT
IBV,FTNVS
IBV,GSQQ
IBV,LVLT
IBV,LVLT
IBV,NFSD
IBV,VFVT
IBV,CCGC
IBV,DFDD
IBV,DVVT
IBV,FTSV
IBV,GLLV
IBV,NFSD
IBV,NLTV
IBV,QQFV
IBV,SLSV
IBV,VGQG
IBV,NFSD
IBV,NSSL
IBV,VFVT
IBV,CCGC
IBV,DFDD
IBV,DVVT
IBV,ELSK
IBV,FNLS
IBV,FTSV
IBV,GLLV
IBV,IQTR
IBV,LQGG
IBV,NLTV
IBV,SLLL
IBV,SLSV
IBV,VVNS
IBV,LQGG
IBV,PLQG
IBV,TNVS
IBV,CCGC
IBV,GLLV
IBV,IRVS
IBV,NETG
IBV,NFSD
IBV,NLTV
IBV,SLLL
IBV,SLSV
IBV,SSLV
IBV,LQGG
IBV,NTTL
IBV,SAAS
IBV,LDSSG
IBV,NETS
IBV,NNFT
IBV,QSGA
IBV,NFSD
IBV,VGQG
IBV,SNYT
IBV,LQGG
IBV,PLQG
IBV,TNYT
IBV,NFSD
IBV,VGQG
IBV,SNYT
IBV,LQGG
IBV,PLQG
IBV,TNVS
IBV,AGAI
IBV,CCGC
IBV,CTAG
IBV,ENGT
IBV,LDSSG
IBV,LSSL
IBV,NETS
IBV,NKTV
IBV,NNFT
IBV,QSGA
IBV,SENG
IBV,VRLT
IBV,VTHC
IBV,LQGG
IBV,SAAS
IBV,VYRES
IBV,HCNF
IBV,LQGG
IBV,NFSD
IBV,PPTG
IBV,CCGC
IBV,DDFN
IBV,ELSK
IBV,FTSV
IBV,GLLV
IBV,LQGG
IBV,NLTV
IBV,PLQG
IBV,QSEY
IBV,RSTS
IBV,SLLL
IBV,VQDV
IBV,LQGG
IBV,NTTL
IBV,LQGG
IBV,SFRP
IBV,AGAI
IBV,CCGC
IBV,CTAG
IBV,GLLV
IBV,NLTV
IBV,SFVY
IBV,SLLL
IBV,SLSV
IBV,LTQY
IBV,NFSD
IBV,VSVS
IBV,STNY
IBV,TNVT
IBV,LTQY
IBV,NFSD
IBV,VSVS
IBV,CCGC
IBV,GLLV
IBV,IRVS
IBV,NETG
IBV,NFSD
IBV,NLTV
IBV,SLSV
IBV,SSLV
IBV,CCGC
IBV,DFDD
IBV,FTSV
IBV,IQTR
IBV,LQGG
IBV,NLTV
IBV,PLQG
IBV,SLLL
IBV,SLSV
IBV,VVNS
IBV,NFSD
IBV,SFRP
IBV,CCGC
IBV,GLLV
IBV,NETG
IBV,NFSD
IBV,NLTV
IBV,SLLL
IBV,SLSV
IBV,SSLV
IBV,TENV
IBV,FTNVS
IBV,IQTR
IBV,LVLT
IBV,NLTV
IBV,GNFS
IBV,LQGG
IBV,PLQG
IBV,NETG
IBV,NFSD
IBV,NFTF
IBV,CCGC
IBV,CTAG
IBV,GLLV
IBV,IPQN
IBV,IQTR
IBV,LTQY
IBV,NFSD
IBV,NLTV
IBV,NVTE
IBV,QEVI
IBV,SLLL
IBV,SLSV
IBV,SSLV
IBV,VSVS
IBV,LQGG
IBV,NFSD
IBV,VFVT
IBV,CCGC
IBV,DFDD
IBV,IQTR
IBV,LQGG
IBV,NLTV
IBV,NTTL
IBV,SLLL
IBV,SLSV
IBV,VVNS
IBV,FTNVS
IBV,LQGG
IBV,LTVS
IBV,NFSD
IBV,VGVL
IBV,LDSSG
IBV,NETS
IBV,NNFT
IBV,QSGA
IBV,LQGG
IBV,PLQG
IBV,TNVS
IBV,ECGL
IBV,ELTN
IBV,NFSD
IBV,SASS
IBV,VFVT
IBV,LTQY
IBV,NFSD
IBV,VSVS
IBV,LQGG
IBV,PLQG
IBV,TNVS
IBV,LQGG
IBV,PLQG
IBV,AGAI
IBV,CCGC
IBV,CTAG
IBV,GLLV
IBV,NLTV
IBV,SFVY
IBV,SLLL
IBV,SLSV
IBV,VYRES
IBV,AGAI
IBV,CCGC
IBV,CTAG
IBV,ENGT
IBV,LDSSG
IBV,LSSL
IBV,NETS
IBV,NKTV
IBV,NNFT
IBV,QSGA
IBV,VRLT
IBV,VTHC
IBV,LQGG
IBV,PLQG
IBV,NFSD
IBV,TNSS
IBV,VGQG
IBV,AGAI
IBV,CCGC
IBV,CTAG
IBV,FKSG
IBV,GLLV
IBV,GQGF
IBV,IVTL
IBV,LNIT
IBV,NETK
IBV,NLTV
IBV,SAIL
IBV,VVFI
IBV,LQGG
IBV,SFRP
IBV,LQGG
IBV,LVLT
IBV,NTTLV
IBV,PLQG
IBV,NETG
IBV,NFSD
IBV,CCGC
IBV,DFDD
IBV,ELSK
IBV,FTSV
IBV,GLLV
IBV,IQTR
IBV,LQGG
IBV,NLTV
IBV,SLLL
IBV,SLSV
IBV,VVNS
IBV,NFSD
IBV,CCGC
IBV,GLLV
IBV,IRVS
IBV,NETG
IBV,NLTV
IBV,SLLL
IBV,SLSV
IBV,TENV
IBV,FTNVS
IBV,IQTR
IBV,LQGG
IBV,NLTV
IBV,FKTG
IBV,FNKT
IBV,CCGC
IBV,CTAG
IBV,DFDD
IBV,FTNVS
IBV,GLLV
IBV,IPQN
IBV,IQTR
IBV,IVTL
IBV,LVLT
IBV,NDTK
IBV,NLTV
IBV,NVTA
IBV,SLSV
IBV,SNYT
IBV,LQGG
IBV,PLQG
IBV,CCGC
IBV,FVED
IBV,GLLV
IBV,IPQN
IBV,NLTV
IBV,NVTE
IBV,PLQG
IBV,SLNK
IBV,SLSV
IBV,SRRS
IBV,VFVT
IBV,VNGT
IBV,FTNVS
IBV,LQGG
IBV,PLQG
IBV,NETG
IBV,NFSD
IBV,CCGC
IBV,DFDD
IBV,DVVT
IBV,ELSK
IBV,FTSV
IBV,GLLV
IBV,IQTR
IBV,LQGG
IBV,NLTV
IBV,SLLL
IBV,SLSV
IBV,VVNS
IBV,LQGG
IBV,NTTL
IBV,NETG
IBV,NFSD
IBV,VYRES
IBV,NETG
IBV,NFSD
IBV,CCGC
IBV,DFDD
IBV,ELSK
IBV,GLLV
IBV,GSYY
IBV,ILTS
IBV,IQTR
IBV,LQGG
IBV,NLTV
IBV,NTTL
IBV,SLLL
IBV,SLSV
IBV,VVNS
IBV,NFSD
IBV,VGQG
IBV,AGAI
IBV,CCGC
IBV,FSNVS
IBV,GAIS
IBV,GLLV
IBV,IQTR
IBV,IVTL
IBV,LVLT
IBV,NFSD
IBV,NLTV
IBV,SLLL
IBV,SLSV
IBV,TGRS
IBV,VFVT
IBV,NETG
IBV,NFSD
IBV,CCGC
IBV,ELSK
IBV,GLLV
IBV,IQTR
IBV,LQGG
IBV,NLTV
IBV,SLLL
IBV,SLSV
IBV,VVNS
IBV,LQGG
IBV,NTTL
IBV,PLQG
IBV,VNTT
IBV,CCGC
IBV,GLLV
IBV,IRVS
IBV,NETG
IBV,NFSD
IBV,NLTV
IBV,SLSV
IBV,SSLV
IBV,LQGG
IBV,NTTL
IBV,PLQG
IBV,LTQY
IBV,NFSD
IBV,VSVS
IBV,LQGG
IBV,NSTN
IBV,CCGC
IBV,DFDD
IBV,DVVT
IBV,ELSK
IBV,GLLV
IBV,IQTR
IBV,LQGG
IBV,NLTV
IBV,PGEL
IBV,SLLL
IBV,SLSV
IBV,VVNS
IBV,CCGC
IBV,DFDD
IBV,FTSV
IBV,GLLV
IBV,LQGG
IBV,NLTV
IBV,PLQG
IBV,RSTS
IBV,SLLL
IBV,SLSV
IBV,TNYT
IBV,VQDV
IBV,LQGG
IBV,NTTL
IBV,IQTR
IBV,LQGG
IBV,NLTV
IBV,CCGC
IBV,CTAG
IBV,GLLV
IBV,IPQN
IBV,IQTR
IBV,LTQY
IBV,NFSD
IBV,NLTV
IBV,NVTT
IBV,SLLL
IBV,VFSN
IBV,LQGG
IBV,NTTL
IBV,PLQG
IBV,VNTT
IBV,LQGG
IBV,PLQG
IBV,LQGG
IBV,PLQG
IBV,TNVS
IBV,LCSA
IBV,LQGG
IBV,LQGG
IBV,PLQG
IBV,LTQY
IBV,NETN
IBV,NFSD
IBV,LQGG
IBV,NTTL
IBV,LQGG
IBV,NFSD
IBV,VGQG
IBV,FTNVS
IBV,LDSSG
IBV,LQGG
IBV,NTTL
IBV,PLQG
IBV,CCGC
IBV,CTAG
IBV,GLLV
IBV,IPQN
IBV,IQTR
IBV,LTQY
IBV,NFSD
IBV,NLTV
IBV,NVTE
IBV,QEVI
IBV,SLLL
IBV,SLSV
IBV,SSLV
IBV,VSVS
IBV,NFSD
IBV,VGQG
IBV,XXXXXXXXXXXXXXXXXXXXXXXXXXXXXXXXXXXXXXXXXXXXXXXXXXXXXXXXXXXXXX
IBV,XXXXXXXXXXXXXXXXXXXXXXXXXXXXXXXXXXXXXXXXXXXXXXXXXXXXXXXXXXXXX
IBV,XXXXXXXXXXXXXXXXXXXXXXXXXXXXXXXXXXXXXXXXXXXXXXXXXXXXXXXXXXXX
IBV,XXXXXXXXXXXXXXXXXXXXXXXXXXXXXXXXXXXXXXXXXXXXXXXXXXXXXXXXXXX
IBV,XXXXXXXXXXXXXXXXXXXXXXXXXXXXXXXXXXXXXXXXXXXXXXXXXXXXXXXXXX
IBV,XXXXXXXXXXXXXXXXXXXXXXXXXXXXXXXXXXXXXXXXXXXXXXXXXXXXXXXXX
IBV,XXXXXXXXXXXXXXXXXXXXXXXXXXXXXXXXXXXXXXXXXXXXXXXXXXXXXXXX
IBV,XXXXXXXXXXXXXXXXXXXXXXXXXXXXXXXXXXXXXXXXXXXXXXXXXXXXXXX
IBV,XXXXXXXXXXXXXXXXXXXXXXXXXXXXXXXXXXXXXXXXXXXXXXXXXXXXXX
IBV,XXXXXXXXXXXXXXXXXXXXXXXXXXXXXXXXXXXXXXXXXXXXXXXXXXXXX
IBV,XXXXXXXXXXXXXXXXXXXXXXXXXXXXXXXXXXXXXXXXXXXXXXXXXXXX
IBV,XXXXXXXXXXXXXXXXXXXXXXXXXXXXXXXXXXXXXXXXXXXXXXXXXXX
IBV,XXXXXXXXXXXXXXXXXXXXXXXXXXXXXXXXXXXXXXXXXXXXXXXXXX
IBV,XXXXXXXXXXXXXXXXXXXXXXXXXXXXXXXXXXXXXXXXXXXXXXXXX
IBV,XXXXXXXXXXXXXXXXXXXXXXXXXXXXXXXXXXXXXXXXXXXXXXXX
IBV,XXXXXXXXXXXXXXXXXXXXXXXXXXXXXXXXXXXXXXXXXXXXXXX
IBV,XXXXXXXXXXXXXXXXXXXXXXXXXXXXXXXXXXXXXXXXXXXXXX
IBV,XXXXXXXXXXXXXXXXXXXXXXXXXXXXXXXXXXXXXXXXXXXXX
IBV,XXXXXXXXXXXXXXXXXXXXXXXXXXXXXXXXXXXXXXXXXXXX
IBV,XXXXXXXXXXXXXXXXXXXXXXXXXXXXXXXXXXXXXXXXXXX
IBV,XXXXXXXXXXXXXXXXXXXXXXXXXXXXXXXXXXXXXXXXXX
IBV,XXXXXXXXXXXXXXXXXXXXXXXXXXXXXXXXXXXXXXXXX
IBV,XXXXXXXXXXXXXXXXXXXXXXXXXXXXXXXXXXXXXXXX
IBV,XXXXXXXXXXXXXXXXXXXXXXXXXXXXXXXXXXXXXXX
IBV,XXXXXXXXXXXXXXXXXXXXXXXXXXXXXXXXXXXXXX
IBV,XXXXXXXXXXXXXXXXXXXXXXXXXXXXXXXXXXXXX
IBV,XXXXXXXXXXXXXXXXXXXXXXXXXXXXXXXXXXXX
IBV,XXXXXXXXXXXXXXXXXXXXXXXXXXXXXXXXXXX
IBV,XXXXXXXXXXXXXXXXXXXXXXXXXXXXXXXXXX
IBV,XXXXXXXXXXXXXXXXXXXXXXXXXXXXXXXXXX
IBV,XXXXXXXXXXXXXXXXXXXXXXXXXXXXXXXXXX
IBV,XXXXXXXXXXXXXXXXXXXXXXXXXXXXXXXXXX
IBV,XXXXXXXXXXXXXXXXXXXXXXXXXXXXXXXXXX
IBV,XXXXXXXXXXXXXXXXXXXXXXXXXXXXXXXXXX
IBV,XXXXXXXXXXXXXXXXXXXXXXXXXXXXXXXXXX
IBV,XXXXXXXXXXXXXXXXXXXXXXXXXXXXXXXXXX
IBV,XXXXXXXXXXXXXXXXXXXXXXXXXXXXXXXXXX
IBV,XXXXXXXXXXXXXXXXXXXXXXXXXXXXXXXXXX
IBV,XXXXXXXXXXXXXXXXXXXXXXXXXXXXXXXXXX
IBV,XXXXXXXXXXXXXXXXXXXXXXXXXXXXXXXXXX
IBV,XXXXXXXXXXXXXXXXXXXXXXXXXXXXXXXXXX
IBV,XXXXXXXXXXXXXXXXXXXXXXXXXXXXXXXXXX
IBV,XXXXXXXXXXXXXXXXXXXXXXXXXXXXXXXXXX
IBV,XXXXXXXXXXXXXXXXXXXXXXXXXXXXXXXXXX
IBV,XXXXXXXXXXXXXXXXXXXXXXXXXXXXXXXXXX
IBV,XXXXXXXXXXXXXXXXXXXXXXXXXXXXXXXXXX
IBV,XXXXXXXXXXXXXXXXXXXXXXXXXXXXXXXXXX
IBV,XXXXXXXXXXXXXXXXXXXXXXXXXXXXXXXXXX
IBV,XXXXXXXXXXXXXXXXXXXXXXXXXXXXXXXXXX
IBV,XXXXXXXXXXXXXXXXXXXXXXXXXXXXXXXXXX
IBV,XXXXXXXXXXXXXXXXXXXXXXXXXXXXXXXXXX
IBV,XXXXXXXXXXXXXXXXXXXXXXXXXXXXXXXXXX
IBV,XXXXXXXXXXXXXXXXXXXXXXXXXXXXXXXXXX
IBV,XXXXXXXXXXXXXXXXXXXXXXXXXXXXXXXXXX
IBV,XXXXXXXXXXXXXXXXXXXXXXXXXXXXXXXXXX
IBV,XXXXXXXXXXXXXXXXXXXXXXXXXXXXXXXXXX
IBV,XXXXXXXXXXXXXXXXXXXXXXXXXXXXXXXXXX
IBV,XXXXXXXXXXXXXXXXXXXXXXXXXXXXXXXXXX
IBV,XXXXXXXXXXXXXXXXXXXXXXXXXXXXXXXXXX
IBV,XXXXXXXXXXXXXXXXXXXXXXXXXXXXXXXXX
IBV,XXXXXXXXXXXXXXXXXXXXXXXXXXXXXXXXX
IBV,XXXXXXXXXXXXXXXXXXXXXXXXXXXXXXXXX
IBV,XXXXXXXXXXXXXXXXXXXXXXXXXXXXXXXXX
IBV,XXXXXXXXXXXXXXXXXXXXXXXXXXXXXXXX
IBV,XXXXXXXXXXXXXXXXXXXXXXXXXXXXXXXX
IBV,XXXXXXXXXXXXXXXXXXXXXXXXXXXXXXXX
IBV,XXXXXXXXXXXXXXXXXXXXXXXXXXXXXXXX
IBV,XXXXXXXXXXXXXXXXXXXXXXXXXXXXXXX
IBV,XXXXXXXXXXXXXXXXXXXXXXXXXXXXXXX
IBV,XXXXXXXXXXXXXXXXXXXXXXXXXXXXXXX
IBV,XXXXXXXXXXXXXXXXXXXXXXXXXXXXXXX
IBV,XXXXXXXXXXXXXXXXXXXXXXXXXXXXXX
IBV,XXXXXXXXXXXXXXXXXXXXXXXXXXXXXX
IBV,XXXXXXXXXXXXXXXXXXXXXXXXXXXXXX
IBV,XXXXXXXXXXXXXXXXXXXXXXXXXXXXXX
IBV,XXXXXXXXXXXXXXXXXXXXXXXXXXXXX
IBV,XXXXXXXXXXXXXXXXXXXXXXXXXXXXX
IBV,XXXXXXXXXXXXXXXXXXXXXXXXXXXXX
IBV,XXXXXXXXXXXXXXXXXXXXXXXXXXXXX
IBV,XXXXXXXXXXXXXXXXXXXXXXXXXXXX
IBV,XXXXXXXXXXXXXXXXXXXXXXXXXXXX
IBV,XXXXXXXXXXXXXXXXXXXXXXXXXXXX
IBV,XXXXXXXXXXXXXXXXXXXXXXXXXXXX
IBV,XXXXXXXXXXXXXXXXXXXXXXXXXXX
IBV,XXXXXXXXXXXXXXXXXXXXXXXXXXX
IBV,XXXXXXXXXXXXXXXXXXXXXXXXXXX
IBV,XXXXXXXXXXXXXXXXXXXXXXXXXXX
IBV,XXXXXXXXXXXXXXXXXXXXXXXXXX
IBV,XXXXXXXXXXXXXXXXXXXXXXXXXX
IBV,XXXXXXXXXXXXXXXXXXXXXXXXXX
IBV,XXXXXXXXXXXXXXXXXXXXXXXXXX
IBV,XXXXXXXXXXXXXXXXXXXXXXXXX
IBV,XXXXXXXXXXXXXXXXXXXXXXXXX
IBV,XXXXXXXXXXXXXXXXXXXXXXXXX
IBV,XXXXXXXXXXXXXXXXXXXXXXXXX
IBV,XXXXXXXXXXXXXXXXXXXXXXXX
IBV,XXXXXXXXXXXXXXXXXXXXXXXX
IBV,XXXXXXXXXXXXXXXXXXXXXXXX
IBV,XXXXXXXXXXXXXXXXXXXXXXXX
IBV,XXXXXXXXXXXXXXXXXXXXXXX
IBV,XXXXXXXXXXXXXXXXXXXXXXX
IBV,XXXXXXXXXXXXXXXXXXXXXXX
IBV,XXXXXXXXXXXXXXXXXXXXXXX
IBV,XXXXXXXXXXXXXXXXXXXXXX
IBV,XXXXXXXXXXXXXXXXXXXXXX
IBV,XXXXXXXXXXXXXXXXXXXXXX
IBV,XXXXXXXXXXXXXXXXXXXXXX
IBV,XXXXXXXXXXXXXXXXXXXXX
IBV,XXXXXXXXXXXXXXXXXXXXX
IBV,XXXXXXXXXXXXXXXXXXXXX
IBV,XXXXXXXXXXXXXXXXXXXXX
IBV,XXXXXXXXXXXXXXXXXXXX
IBV,XXXXXXXXXXXXXXXXXXXX
IBV,XXXXXXXXXXXXXXXXXXXX
IBV,XXXXXXXXXXXXXXXXXXXX
IBV,XXXXXXXXXXXXXXXXXXX
IBV,XXXXXXXXXXXXXXXXXXX
IBV,XXXXXXXXXXXXXXXXXXX
IBV,XXXXXXXXXXXXXXXXXXX
IBV,XXXXXXXXXXXXXXXXXX
IBV,XXXXXXXXXXXXXXXXXX
IBV,XXXXXXXXXXXXXXXXXX
IBV,XXXXXXXXXXXXXXXXXX
IBV,XXXXXXXXXXXXXXXXX
IBV,XXXXXXXXXXXXXXXXX
IBV,XXXXXXXXXXXXXXXXX
IBV,XXXXXXXXXXXXXXXXX
IBV,XXXXXXXXXXXXXXXX
IBV,XXXXXXXXXXXXXXXX
IBV,XXXXXXXXXXXXXXXX
IBV,XXXXXXXXXXXXXXXX
IBV,XXXXXXXXXXXXXXX
IBV,XXXXXXXXXXXXXXX
IBV,XXXXXXXXXXXXXXX
IBV,XXXXXXXXXXXXXXX
IBV,XXXXXXXXXXXXXX
IBV,XXXXXXXXXXXXXX
IBV,XXXXXXXXXXXXXX
IBV,XXXXXXXXXXXXXX
IBV,XXXXXXXXXXXXXX
IBV,XXXXXXXXXXXXXX
IBV,XXXXXXXXXXXXXX
IBV,XXXXXXXXXXXXXX
IBV,XXXXXXXXXXXXXX
IBV,XXXXXXXXXXXXXX
IBV,XXXXXXXXXXXXXX
IBV,XXXXXXXXXXXXXX
IBV,XXXXXXXXXXXXXX
IBV,XXXXXXXXXXXXXX
IBV,XXXXXXXXXXXXXX
IBV,XXXXXXXXXXXXXX
IBV,XXXXXXXXXXXXXX
IBV,XXXXXXXXXXXXXX
IBV,XXXXXXXXXXXXXX
IBV,XXXXXXXXXXXXXX
IBV,XXXXXXXXXXXXXX
IBV,XXXXXXXXXXXXXX
IBV,XXXXXXXXXXXXXX
IBV,XXXXXXXXXXXXXX
IBV,XXXXXXXXXXXXXX
IBV,XXXXXXXXXXXXXX
IBV,XXXXXXXXXXXXXX
IBV,XXXXXXXXXXXXXX
IBV,XXXXXXXXXXXXXX
IBV,XXXXXXXXXXXXXX
IBV,XXXXXXXXXXXXXX
IBV,XXXXXXXXXXXXXX
IBV,XXXXXXXXXXXXXX
IBV,XXXXXXXXXXXXXX
IBV,XXXXXXXXXXXXXX
IBV,XXXXXXXXXXXXXX
IBV,XXXXXXXXXXXXXX
IBV,XXXXXXXXXXXXXX
IBV,XXXXXXXXXXXXXX
IBV,XXXXXXXXXXXXXX
IBV,XXXXXXXXXXXXXX
IBV,XXXXXXXXXXXXXX
IBV,XXXXXXXXXXXXXX
IBV,XXXXXXXXXXXXXX
IBV,XXXXXXXXXXXXXX
IBV,XXXXXXXXXXXXXX
IBV,XXXXXXXXXXXXXX
IBV,XXXXXXXXXXXXXX
IBV,XXXXXXXXXXXXXX
IBV,XXXXXXXXXXXXXX
IBV,XXXXXXXXXXXXXX
IBV,XXXXXXXXXXXXXX
IBV,XXXXXXXXXXXXXX
IBV,XXXXXXXXXXXXXX
IBV,XXXXXXXXXXXXXX
IBV,XXXXXXXXXXXXXX
IBV,XXXXXXXXXXXXXX
IBV,XXXXXXXXXXXXXX
IBV,XXXXXXXXXXXXXX
IBV,XXXXXXXXXXXXXX
IBV,XXXXXXXXXXXXXX
IBV,XXXXXXXXXXXXXX
IBV,XXXXXXXXXXXXXX
IBV,XXXXXXXXXXXXXX
IBV,XXXXXXXXXXXXXX
IBV,XXXXXXXXXXXXXX
IBV,XXXXXXXXXXXXXX
IBV,XXXXXXXXXXXXXX
IBV,XXXXXXXXXXXXXX
IBV,XXXXXXXXXXXXXX
IBV,XXXXXXXXXXXXXX
IBV,XXXXXXXXXXXXXX
IBV,XXXXXXXXXXXXXX
IBV,XXXXXXXXXXXXXX
IBV,XXXXXXXXXXXXXX
IBV,XXXXXXXXXXXXXYN
IBV,XXXXXXXXXXXXX
IBV,XXXXXXXXXXXXX
IBV,XXXXXXXXXXXXX
IBV,XXXXXXXXXXXXX
IBV,XXXXXXXXXXXXX
IBV,XXXXXXXXXXXXX
IBV,XXXXXXXXXXXXX
IBV,XXXXXXXXXXXXX
IBV,XXXXXXXXXXXXX
IBV,XXXXXXXXXXXXX
IBV,XXXXXXXXXXXXX
IBV,XXXXXXXXXXXXX
IBV,XXXXXXXXXXXXX
IBV,XXXXXXXXXXXXX
IBV,XXXXXXXXXXXXX
IBV,XXXXXXXXXXXXX
IBV,XXXXXXXXXXXXX
IBV,XXXXXXXXXXXXX
IBV,XXXXXXXXXXXXX
IBV,XXXXXXXXXXXXX
IBV,XXXXXXXXXXXXX
IBV,XXXXXXXXXXXXX
IBV,XXXXXXXXXXXXX
IBV,XXXXXXXXXXXXX
IBV,XXXXXXXXXXXXX
IBV,XXXXXXXXXXXXX
IBV,XXXXXXXXXXXXX
IBV,XXXXXXXXXXXXX
IBV,XXXXXXXXXXXXX
IBV,XXXXXXXXXXXXX
IBV,XXXXXXXXXXXXX
IBV,XXXXXXXXXXXXX
IBV,XXXXXXXXXXXXX
IBV,XXXXXXXXXXXXX
IBV,XXXXXXXXXXXXX
IBV,XXXXXXXXXXXXX
IBV,XXXXXXXXXXXXX
IBV,XXXXXXXXXXXXX
IBV,XXXXXXXXXXXXX
IBV,XXXXXXXXXXXXX
IBV,XXXXXXXXXXXXX
IBV,XXXXXXXXXXXXX
IBV,XXXXXXXXXXXXX
IBV,XXXXXXXXXXXXX
IBV,XXXXXXXXXXXXX
IBV,XXXXXXXXXXXXX
IBV,XXXXXXXXXXXXX
IBV,XXXXXXXXXXXXX
IBV,XXXXXXXXXXXXX
IBV,XXXXXXXXXXXXX
IBV,XXXXXXXXXXXXX
IBV,XXXXXXXXXXXXX
IBV,XXXXXXXXXXXXX
IBV,XXXXXXXXXXXXX
IBV,XXXXXXXXXXXXX
IBV,XXXXXXXXXXXXX
IBV,XXXXXXXXXXXXX
IBV,XXXXXXXXXXXXX
IBV,XXXXXXXXXXXXX
IBV,XXXXXXXXXXXXX
IBV,XXXXXXXXXXXXX
IBV,XXXXXXXXXXXXX
IBV,XXXXXXXXXXXXX
IBV,XXXXXXXXXXXXX
IBV,XXXXXXXXXXXXX
IBV,XXXXXXXXXXXXX
IBV,XXXXXXXXXXXXX
IBV,XXXXXXXXXXXXX
IBV,XXXXXXXXXXXXX
IBV,XXXXXXXXXXXXX
IBV,XXXXXXXXXXXXX
IBV,XXXXXXXXXXXXX
IBV,XXXXXXXXXXXXX
IBV,XXXXXXXXXXXXX
IBV,XXXXXXXXXXXXX
IBV,XXXXXXXXXXXXX
IBV,XXXXXXXXXXXXX
IBV,XXXXXXXXXXXXX
IBV,XXXXXXXXXXXXX
IBV,XXXXXXXXXXXXX
IBV,XXXXXXXXXXXXX
IBV,XXXXXXXXXXXXX
IBV,XXXXXXXXXXXXX
IBV,XXXXXXXXXXXX
IBV,XXXXXXXXXXXX
IBV,XXXXXXXXXXXX
IBV,XXXXXXXXXXXX
IBV,XXXXXXXXXXXX
IBV,XXXXXXXXXXXX
IBV,XXXXXXXXXXXX
IBV,XXXXXXXXXXXX
IBV,XXXXXXXXXXXX
IBV,XXXXXXXXXXXX
IBV,XXXXXXXXXXXX
IBV,XXXXXXXXXXXX
IBV,XXXXXXXXXXXX
IBV,XXXXXXXXXXXX
IBV,XXXXXXXXXXXX
IBV,XXXXXXXXXXXX
IBV,XXXXXXXXXXX
IBV,XXXXXXXXXXX
IBV,XXXXXXXXXXX
IBV,XXXXXXXXXXX
IBV,XXXXXXXXXXX
IBV,XXXXXXXXXXX
IBV,XXXXXXXXXXX
IBV,XXXXXXXXXXX
IBV,XXXXXXXXXXX
IBV,XXXXXXXXXXX
IBV,XXXXXXXXXXX
IBV,XXXXXXXXXXX
IBV,XXXXXXXXXXX
IBV,XXXXXXXXXXX
IBV,XXXXXXXXXXX
IBV,XXXXXXXXXXX
IBV,XXXXXXXXXX
IBV,XXXXXXXXXX
IBV,XXXXXXXXXX
IBV,XXXXXXXXXX
IBV,XXXXXXXXXX
IBV,XXXXXXXXXX
IBV,XXXXXXXXXX
IBV,XXXXXXXXXX
IBV,XXXXXXXXXX
IBV,XXXXXXXXXX
IBV,XXXXXXXXXX
IBV,XXXXXXXXXX
IBV,XXXXXXXXXX
IBV,XXXXXXXXXX
IBV,XXXXXXXXXX
IBV,XXXXXXXXXX
IBV,XXXXXXXXX
IBV,XXXXXXXXX
IBV,XXXXXXXXX
IBV,XXXXXXXXX
IBV,XXXXXXXXX
IBV,XXXXXXXXX
IBV,XXXXXXXXX
IBV,XXXXXXXXX
IBV,XXXXXXXXX
IBV,XXXXXXXXX
IBV,XXXXXXXXX
IBV,XXXXXXXXX
IBV,XXXXXXXXX
IBV,XXXXXXXXX
IBV,XXXXXXXXX
IBV,XXXXXXXXX
IBV,XXXXXXXX
IBV,XXXXXXXX
IBV,XXXXXXXX
IBV,XXXXXXXX
IBV,XXXXXXXX
IBV,XXXXXXXX
IBV,XXXXXXXX
IBV,XXXXXXXX
IBV,XXXXXXXX
IBV,XXXXXXXX
IBV,XXXXXXXX
IBV,XXXXXXXX
IBV,XXXXXXXX
IBV,XXXXXXXX
IBV,XXXXXXXX
IBV,XXXXXXXX
IBV,XXXXXXX
IBV,XXXXXXX
IBV,XXXXXXX
IBV,XXXXXXX
IBV,XXXXXXX
IBV,XXXXXXX
IBV,XXXXXXX
IBV,XXXXXXX
IBV,XXXXXXX
IBV,XXXXXXX
IBV,XXXXXXX
IBV,XXXXXXX
IBV,XXXXXXX
IBV,XXXXXXX
IBV,XXXXXXX
IBV,XXXXXXX
IBV,XXXXXX
IBV,XXXXXX
IBV,XXXXXX
IBV,XXXXXX
IBV,XXXXXX
IBV,XXXXXX
IBV,XXXXXX
IBV,XXXXXX
IBV,XXXXXX
IBV,XXXXXX
IBV,XXXXXX
IBV,XXXXXX
IBV,XXXXXX
IBV,XXXXXX
IBV,XXXXXX
IBV,XXXXXX
IBV,XXXXX
IBV,XXXXX
IBV,XXXXX
IBV,XXXXX
IBV,XXXXX
IBV,XXXXX
IBV,XXXXX
IBV,XXXXX
IBV,XXXXX
IBV,XXXXX
IBV,XXXXX
IBV,XXXXX
IBV,XXXXX
IBV,XXXXX
IBV,XXXXX
IBV,XXXXX
IBV,XXXX
IBV,XXXX
IBV,XXXX
IBV,XXXX
IBV,XXXX
IBV,XXXX
IBV,XXXX
IBV,XXXX
IBV,XXXX
IBV,XXXX
IBV,XXXX
IBV,XXXX
IBV,XXXX
IBV,XXXX
IBV,XXXX
IBV,XXXX
IBV,XXXX
IBV,XXXX
IBV,XXXX
IBV,XXXX
IBV,XXXX
IBV,XXXX
IBV,XXXX
IBV,XXXX
IBV,XXXX
IBV,XXXX
IBV,XXXX
IBV,XXXX
IBV,XXXX
IBV,XXXX
IBV,XXXX
IBV,XXXX
IBV,XXXX
IBV,XXXX
IBV,XXXX
IBV,XXXX
IBV,XXXX
IBV,XXXX
IBV,XXXX
IBV,XXXX
IBV,XXXX
IBV,XXXX
IBV,XXXX
IBV,XXXX
IBV,XXXX
IBV,XXXX
IBV,XXXX
IBV,XXXX
IBV,XXXX
IBV,XXXX
IBV,XXXX
IBV,XXXX
IBV,XXXX
IBV,XXXX
IBV,XXXX
IBV,XXXX
IBV,XXXX
IBV,XXXX
IBV,XXXX
IBV,XXXX
IBV,XXXX
IBV,XXXX
IBV,XXXX
IBV,XXXX
IBV,XXXX
IBV,XXXX
IBV,XXXX
IBV,XXXX
IBV,XXXX
IBV,XXXX
IBV,XXXX
IBV,XXXX
IBV,XXXX
IBV,XXXX
IBV,XXXX
IBV,XXXX
IBV,XXXX
IBV,XXXX
IBV,XXXX
IBV,XXXX
IBV,XXXX
IBV,XXXX
IBV,XXXX
IBV,XXXX
IBV,XXXX
IBV,XXXX
IBV,XXXX
IBV,XXXX
IBV,XXXX
IBV,XXXX
IBV,XXXX
IBV,XXXX
IBV,XXXX
IBV,XXXX
IBV,XXXX
IBV,XXXX
IBV,XXXX
IBV,XXXX
IBV,XXXX
IBV,XXXX
IBV,XXXX
IBV,XXXX
IBV,XXXX
IBV,XXXX
IBV,XXXX
IBV,XXXX
IBV,XXXX
IBV,XXXX
IBV,XXXX
IBV,XXXX
IBV,XXXX
IBV,XXXX
IBV,XXXX
IBV,XXXX
IBV,XXXX
IBV,XXXX
IBV,XXXX
IBV,XXXX
IBV,XXXX
IBV,XXXX
IBV,XXXX
IBV,XXXX
IBV,XXXX
IBV,XXXX
IBV,XXXX
IBV,XXXX
IBV,XXXX
IBV,XXXX
IBV,LQGG
IBV,NTTL
IBV,CCGC
IBV,DDFN
IBV,FTSV
IBV,GLLV
IBV,LQGG
IBV,NLTV
IBV,PLQG
IBV,RSTS
IBV,SLLL
IBV,AGAI
IBV,CCGC
IBV,GLLV
IBV,LETL
IBV,LSNF
IBV,NETN
IBV,NLTV
IBV,NYTI
IBV,SLLL
IBV,SLSV
IBV,SLSV
IBV,SLSV
IBV,SNET
IBV,VNGT
IBV,CCGC
IBV,GLLV
IBV,IRVS
IBV,NETG
IBV,NFSD
IBV,NLTV
IBV,SLSV
IBV,SSLV
IBV,CCGC
IBV,DFDD
IBV,FTSV
IBV,GNFS
IBV,IQTR
IBV,LQGG
IBV,NLTV
IBV,PLQG
IBV,RSTS
IBV,SLLL
IBV,SLSV
IBV,VQDV
IBV,SNYT
IBV,NETG
IBV,NFSD
IBV,LQGG
IBV,NTTL
IBV,LQGG
IBV,SSGA
IBV,NFSD
IBV,VGQG
IBV,LQGG
IBV,NTTL
IBV,LQGG
IBV,NTTL
IBV,LQGG
IBV,NLSF
IBV,LQGG
IBV,PLQG
IBV,TNYT
IBV,CCGC
IBV,DFDD
IBV,ELSK
IBV,GLLV
IBV,IQTR
IBV,LQGG
IBV,NLTV
IBV,SLLL
IBV,SLSV
IBV,VVNS
IBV,LQGG
IBV,NTTL
IBV,PLQG
IBV,VNTT
IBV,DYGS
IBV,NITL
IBV,CCGC
IBV,ELSK
IBV,GLLV
IBV,IQTR
IBV,LQGG
IBV,NLTV
IBV,SLLL
IBV,SLSV
IBV,VVNS
IBV,NETG
IBV,NFSD
IBV,LTQY
IBV,NFSD
IBV,AGDV
IBV,CCGC
IBV,ENVT
IBV,FNVL
IBV,GGLV
IBV,ILSI
IBV,LASS
IBV,LQSG
IBV,LVLP
IBV,NECV
IBV,NGLA
IBV,NITL
IBV,PDSY
IBV,SISI
IBV,AGAI
IBV,CCGC
IBV,CTAG
IBV,FKSG
IBV,GLLV
IBV,NLTV
IBV,SFVY
IBV,SLLL
IBV,SLSV
IBV,VYRES
IBV,KPSD
IBV,LQGG
IBV,PLQG
IBV,NETS
IBV,CCGC
IBV,DFDD
IBV,DVVT
IBV,ELSK
IBV,FNLS
IBV,GLLV
IBV,IQTR
IBV,LQGG
IBV,NLTV
IBV,NTTL
IBV,SLLL
IBV,SLSV
IBV,SPKG
IBV,VVNS
IBV,FTNVS
IBV,NYTS
IBV,SNYT
IBV,NETG
IBV,NFSD
IBV,CCGC
IBV,DFDD
IBV,FTSV
IBV,GLLV
IBV,NFSD
IBV,NGLL
IBV,NLTV
IBV,NVTA
IBV,SLLL
IBV,SLSV
IBV,TNSS
IBV,VGVL
IBV,VVNS
IBV,LQGG
IBV,PLQG
IBV,TNYT
IBV,KAAG
IBV,SNYT
IBV,FTNVS
IBV,VYRES
IBV,VSVS
IBV,LQGG
IBV,NTTL
IBV,PLQG
IBV,LQGG
IBV,NSTN
IBV,CCGC
IBV,DFDD
IBV,FTSV
IBV,IQTR
IBV,LQGG
IBV,NLTV
IBV,PLQG
IBV,SLLL
IBV,SLSV
IBV,VVNS
IBV,LQGG
IBV,SAAS
IBV,TNSS
IBV,CCGC
IBV,DYGS
IBV,LSIL
IBV,LVLP
IBV,NITL
IBV,SIVG
IBV,SNFT
IBV,VKLT
IBV,LQGG
IBV,NTTL
IBV,LQGG
IBV,PLQG
IBV,TNYT
IBV,CCGC
IBV,GLLV
IBV,IPQN
IBV,IQTR
IBV,LTQY
IBV,NFSD
IBV,NLTV
IBV,NVTE
IBV,QEVI
IBV,SLLL
IBV,SLSV
IBV,SSLV
IBV,AGAI
IBV,CCGC
IBV,FSNVS
IBV,GAIS
IBV,GLLVL
IBV,IQTR
IBV,IVTL
IBV,LVLT
IBV,NFSD
IBV,NLTV
IBV,SLLL
IBV,SLSV
IBV,SSVL
IBV,TGRS
IBV,LQGG
IBV,NTTL
IBV,DLTV
IBV,NFSD
IBV,LTQY
IBV,NFSD
IBV,VSVS
IBV,CCGC
IBV,GLLV
IBV,NFSD
IBV,SLLL
IBV,SLSV
IBV,VNKQ
IBV,VNVT
IBV,VYRE
IBV,CCGC
IBV,DVVT
IBV,GLLV
IBV,IRVS
IBV,LQGG
IBV,NETG
IBV,NFSD
IBV,NLTV
IBV,SLLL
IBV,SLSV
IBV,SSLV
IBV,TENV
IBV,NFSD
IBV,TNSS
IBV,AGAI
IBV,CCGC
IBV,DVVT
IBV,GLLV
IBV,HCNF
IBV,IRVS
IBV,LLNF
IBV,NVTN
IBV,PANG
IBV,QYRP
IBV,SLLL
IBV,SLLL
IBV,SLLL
IBV,SLSV
IBV,DYGS
IBV,NITL
IBV,LQGG
IBV,NNFT
IBV,LTQY
IBV,NFSD
IBV,VSVS
IBV,SAAS
IBV,SRRS
IBV,VFVT
IBV,GFIT
IBV,NFSD
IBV,LQGG
IBV,PLQG
IBV,TNVS
IBV,CCGC
IBV,DFDD
IBV,ELSK
IBV,GLLV
IBV,IQTR
IBV,LQGG
IBV,NLTV
IBV,SLLL
IBV,SLSV
IBV,VVNS
IBV,CCGC
IBV,ELSK
IBV,GLLV
IBV,IQTR
IBV,LQGG
IBV,NLTV
IBV,SLLL
IBV,SLSV
IBV,VVNS
IBV,CCGC
IBV,CTAG
IBV,ELSK
IBV,FVED
IBV,GLLV
IBV,HCNF
IBV,IPQN
IBV,LQGG
IBV,NFSD
IBV,NLTV
IBV,PPTG
IBV,SAAAI
IBV,SSYY
IBV,VNGT
IBV,VVNS
IBV,LTQY
IBV,NFSD
IBV,VSVS
IBV,NETG
IBV,NFSD
IBV,NETG
IBV,NFSD
IBV,AIVP
IBV,CCGC
IBV,FTSV
IBV,GLLV
IBV,IRVS
IBV,NETG
IBV,NFSD
IBV,NLTV
IBV,SLSV
IBV,SSLV
IBV,VSVNK
IBV,LQGG
IBV,NTTL
IBV,LTQY
IBV,NFSD
IBV,VSVS
IBV,LQGG
IBV,NNFT
IBV,LQGG
IBV,PLQG
IBV,NSSL
IBV,LTQY
IBV,NFSD
IBV,AFRP
IBV,ANYV
IBV,CCGC
IBV,DDFN
IBV,FTSV
IBV,FVED
IBV,GLLV
IBV,IQTR
IBV,LQGG
IBV,NLTV
IBV,PLQG
IBV,SLSV
IBV,VNGT
IBV,VVNS
IBV,LQGG
IBV,PLQG
IBV,LDSSG
IBV,NETS
IBV,NNFT
IBV,QSGA
IBV,LQGG
IBV,NTTL
IBV,LQGG
IBV,PLQG
IBV,VNTT
IBV,CCGC
IBV,DFDD
IBV,ELSK
IBV,FTSV
IBV,GLLV
IBV,IQTR
IBV,LQGG
IBV,NLTV
IBV,RRRR
IBV,SLLL
IBV,SLSV
IBV,VVNS
IBV,NFSD
IBV,LQGG
IBV,PLQG
IBV,SSSS
IBV,LTQY
IBV,NFSD
IBV,TNSS
IBV,VSVS
IBV,LQGG
IBV,NTTL
IBV,NYTS
IBV,SNYT
IBV,CCGC
IBV,DFDD
IBV,FTSV
IBV,IQTR
IBV,LQGG
IBV,NLTV
IBV,NTTL
IBV,NVTA
IBV,PLQG
IBV,SLLL
IBV,SLSV
IBV,VVNS
IBV,CCGC
IBV,DFDD
IBV,FNYT
IBV,FTSV
IBV,GLLV
IBV,IQTR
IBV,LTQY
IBV,NFSD
IBV,NLTV
IBV,NVTE
IBV,RSTS
IBV,SLLL
IBV,SLSV
IBV,SPRG
IBV,VQDV
IBV,GGLV
IBV,GKLTS
IBV,NFTF
IBV,SNYT
IBV,NYTS
IBV,SNYT
IBV,LQGG
IBV,NTTL
IBV,LVLT
IBV,NFSD
IBV,VFVT
IBV,CCGC
IBV,DFDD
IBV,DVVT
IBV,ELSK
IBV,GLLV
IBV,IQTR
IBV,LQGG
IBV,NLTV
IBV,NTTL
IBV,SLLL
IBV,SLSV
IBV,VYRES
IBV,LTQY
IBV,NFSD
IBV,VSVS
IBV,FTNVS
IBV,VYRES
IBV,NFSD
IBV,NLVG
IBV,VSTF
IBV,LQGG
IBV,NTTL
IBV,AGAI
IBV,CCGC
IBV,CTAG
IBV,FKSG
IBV,GLLV
IBV,NLTV
IBV,SFVY
IBV,SLLL
IBV,SLSV
IBV,VYRES
IBV,CCGC
IBV,CTAG
IBV,ESFV
IBV,GLLV
IBV,NLTV
IBV,SFVY
IBV,SLSV
IBV,VNGT
IBV,LQGG
IBV,NTTL
IBV,NFSD
IBV,QSVF
IBV,NESN
IBV,PLQG
IBV,VFVT
IBV,LDSSG
IBV,NETS
IBV,NNFT
IBV,QSGA
IBV,CCGC
IBV,CTAG
IBV,GLLV
IBV,NLTV
IBV,SFVY
IBV,SLSV
IBV,VNGT
IBV,VYRES
IBV,LQGG
IBV,NTTL
IBV,LTQY
IBV,NFSD
IBV,VSVS
IBV,CCGC
IBV,FNYT
IBV,FTSV
IBV,GLLV
IBV,IQTR
IBV,NLTV
IBV,NVTE
IBV,SLLL
IBV,SLSV
IBV,TNVS
IBV,VFSN
IBV,VQDV
IBV,VVNS
IBV,AGAI
IBV,CCGC
IBV,CTAG
IBV,GLLV
IBV,NLTV
IBV,SFVY
IBV,SLLL
IBV,SLSV
IBV,VYRES
IBV,NFSD
IBV,QSVF
IBV,AGAI
IBV,CCGC
IBV,CTAG
IBV,ENGT
IBV,LDSSG
IBV,LSSL
IBV,NKTV
IBV,NNFT
IBV,QSGA
IBV,VRLT
IBV,NFSD
IBV,VGQG
IBV,LQGG
IBV,NTTL
IBV,ANGS
IBV,CCGC
IBV,ENGT
IBV,FCIKP
IBV,FNLT
IBV,IYGR
IBV,LISD
IBV,LNVS
IBV,NKNF
IBV,SLNK
IBV,VINK
IBV,YVYY
IBV,NFSD
IBV,FKSG
IBV,LVLT
IBV,NTTLV
IBV,QSGY
IBV,NETG
IBV,NFSD
IBV,NFSD
IBV,TATE
IBV,TNET
IBV,CCGC
IBV,GLLV
IBV,IRVS
IBV,NETG
IBV,NFSD
IBV,NLTV
IBV,SLSV
IBV,SSLV
IBV,LQGG
IBV,NTTL
IBV,NILN
IBV,LDSSG
IBV,NETS
IBV,NNFT
IBV,QSGA
IBV,CCGC
IBV,DDFN
IBV,ELSK
IBV,FTSV
IBV,GLLV
IBV,LLNF
IBV,LQGG
IBV,NLTV
IBV,PLQG
IBV,QSEY
IBV,RSTS
IBV,SLLL
IBV,VQDV
IBV,LQGG
IBV,NTTL
IBV,YGRF
IBV,NFSD
IBV,VGQG
IBV,NFTS
IBV,LQGG
IBV,NTTL
IBV,CCGC
IBV,DFDD
IBV,ELSK
IBV,FTSV
IBV,GLLV
IBV,IQTR
IBV,LQGG
IBV,NLTV
IBV,SLLL
IBV,SLSV
IBV,LQGG
IBV,PLQG
IBV,LQGG
IBV,NTTL
IBV,CCGC
IBV,GLLV
IBV,IRVS
IBV,NETG
IBV,NFSD
IBV,NLTV
IBV,SLSV
IBV,SSLV
IBV,TENV
IBV,AGAI
IBV,CCGC
IBV,CTAG
IBV,GLLV
IBV,NLTV
IBV,SFVY
IBV,SLLL
IBV,SLSV
IBV,VYRES
IBV,LQGG
IBV,PLQG
IBV,SAAS
IBV,TNSS
IBV,TNYT
IBV,FTNVS
IBV,LQGG
IBV,NTTL
IBV,LQGG
IBV,NTTL
IBV,KLTN
IBV,LTQY
IBV,NFSD
IBV,LQGG
IBV,NTTL
IBV,LTQY
IBV,NFSD
IBV,NFSD
IBV,VGQG
IBV,SISI
IBV,LDSSG
IBV,NETS
IBV,NNFT
IBV,QSGA
IBV,LDSSG
IBV,NETS
IBV,NNFT
IBV,QSGA
IBV,NESN
IBV,PLQG
IBV,VFVT
IBV,LQGG
IBV,PLQG
IBV,NFSD
IBV,VGQG
IBV,SNYT
IBV,AGAI
IBV,CCGC
IBV,FSNVS
IBV,GLLV
IBV,IQTR
IBV,IVTL
IBV,LVLT
IBV,NFSD
IBV,NLTV
IBV,SLLL
IBV,SLSV
IBV,TGRS
IBV,VFVT
IBV,LQGG
IBV,PLQG
IBV,LQGG
IBV,PLQG
IBV,VYRES
IBV,LDSSG
IBV,VYRES
IBV,CCGC
IBV,CTAG
IBV,FVED
IBV,GLLV
IBV,GSYH
IBV,HVLT
IBV,SRRS
IBV,GNFS
IBV,LQGG
IBV,PLQG
IBV,FTNVS
IBV,LQGG
IBV,NTTL
IBV,LQGG
IBV,NTTL
IBV,PLQG
IBV,VNTT
IBV,CCGC
IBV,CTAG
IBV,FVED
IBV,GLLV
IBV,KQSV
IBV,NLTV
IBV,SFVY
IBV,SPRG
IBV,SRRS
IBV,VNGT
IBV,LQGG
IBV,NTTL
IBV,LTQY
IBV,NFSD
IBV,VSVS
IBV,FNVL
IBV,LTQY
IBV,NFSD
IBV,VSVS
IBV,CCGC
IBV,DFDD
IBV,FTSV
IBV,GLLV
IBV,LQGG
IBV,NLTV
IBV,PLQG
IBV,RSTS
IBV,SLLL
IBV,SLSV
IBV,TNYT
IBV,VQDV
IBV,VSVS
IBV,LQGG
IBV,LVLT
IBV,NTTLV
IBV,GNFS
IBV,LQGG
IBV,PLQG
IBV,NFSD
IBV,VGQG
IBV,AGAI
IBV,CCGC
IBV,CTAG
IBV,FTSV
IBV,GLLV
IBV,NETK
IBV,NLTV
IBV,NVTN
IBV,SAAS
IBV,SAIL
IBV,SLLL
IBV,SLSV
IBV,SSLV
IBV,VNGT
IBV,VNVT
IBV,NFSD
IBV,YYKV
IBV,LTQY
IBV,TAQD
IBV,LDSSG
IBV,NETS
IBV,NNFT
IBV,QSGA
IBV,ALKG
IBV,CCGC
IBV,IPQY
IBV,KCNN
IBV,KVVTL
IBV,LNFT
IBV,LNKV
IBV,LRCR
IBV,NFTGF
IBV,NNGL
IBV,TIPQ
IBV,TVGS
IBV,CCGC
IBV,DFDD
IBV,FTSV
IBV,IQTR
IBV,LQGG
IBV,NLTV
IBV,NTTL
IBV,PLLNI
IBV,SLLL
IBV,SLSV
IBV,VVNS
IBV,SNYT
IBV,LQGG
IBV,NTTL
IBV,CCGC
IBV,CTAG
IBV,ELSK
IBV,FVED
IBV,GLLV
IBV,HCNF
IBV,IPQN
IBV,LQGG
IBV,NFSD
IBV,NLTV
IBV,PPTG
IBV,SAAAI
IBV,SSYY
IBV,VNGT
IBV,VVNS
IBV,LTQY
IBV,NFSD
IBV,TVSVS
IBV,NFSD
IBV,VGQG
IBV,GSQF
IBV,SNET
IBV,HCNF
IBV,LQGG
IBV,NFSD
IBV,PPTG
IBV,DYGS
IBV,NITL
IBV,NETG
IBV,NFSD
IBV,LTQY
IBV,NFSD
IBV,LDSSG
IBV,NETS
IBV,NNFT
IBV,QSGA
IBV,LQGG
IBV,PLQG
IBV,LQGG
IBV,PLQG
IBV,CCGC
IBV,GLLV
IBV,IQTR
IBV,LQGG
IBV,NLTV
IBV,PLQG
IBV,SLSV
IBV,VQDV
IBV,VVNS
IBV,CCGC
IBV,GLLV
IBV,NFSD
IBV,SLLL
IBV,SLSV
IBV,VNKQ
IBV,VNVT
IBV,VYRE
IBV,CCGC
IBV,FNYT
IBV,FTSV
IBV,GLLV
IBV,IQTR
IBV,LTQY
IBV,NFSD
IBV,NLTV
IBV,NVTE
IBV,RSTS
IBV,SLLL
IBV,SLSV
IBV,SPRG
IBV,VQDV
IBV,CCGC
IBV,CTAG
IBV,GLLV
IBV,IPQN
IBV,IQTR
IBV,KLTN
IBV,LTQY
IBV,NFSD
IBV,NLTV
IBV,NVTE
IBV,SLLL
IBV,SLSV
IBV,CCGC
IBV,CTAG
IBV,GLLV
IBV,IPQN
IBV,IQTR
IBV,LTQY
IBV,NFSD
IBV,NLTV
IBV,NVTE
IBV,QEVI
IBV,SLLL
IBV,SLSV
IBV,SSLV
IBV,VSVS
IBV,AGAI
IBV,CCGC
IBV,CTAG
IBV,GLLV
IBV,NLTV
IBV,SFVY
IBV,SLLL
IBV,SLSV
IBV,VYRES
IBV,LQGG
IBV,PLQG
IBV,TNVS
IBV,LQGG
IBV,NTTL
IBV,PLTG
IBV,NFSD
IBV,VGQG
IBV,LQGG
IBV,NTTL
IBV,CCGC
IBV,DFDD
IBV,FTSV
IBV,GLLV
IBV,LQGG
IBV,NLTV
IBV,RSTS
IBV,SLLL
IBV,SLSV
IBV,TNYT
IBV,LVLT
IBV,NFSD
IBV,VFVT
IBV,AGAI
IBV,APVL
IBV,CCGC
IBV,CTAG
IBV,DDFN
IBV,GLLV
IBV,NLTV
IBV,RSTS
IBV,SLLL
IBV,SLLL
IBV,SLLL
IBV,VYRES
IBV,CCGC
IBV,FTSV
IBV,GLLV
IBV,IVGF
IBV,NFSD
IBV,NLTV
IBV,SDFT
IBV,SLLL
IBV,SVIQ
IBV,LQGG
IBV,PLQG
IBV,SSSS
IBV,TNYT
IBV,CCGC
IBV,DDFN
IBV,FTSV
IBV,GLLV
IBV,IPQN
IBV,LQGG
IBV,NLTV
IBV,PLQG
IBV,QSEY
IBV,RSTS
IBV,SLLL
IBV,LQGG
IBV,PLQG
IBV,LQGG
IBV,PLQG
IBV,CCGC
IBV,DFDD
IBV,ELSK
IBV,GLLV
IBV,IQTR
IBV,LQGG
IBV,NLTV
IBV,SLLL
IBV,SLSV
IBV,VVNS
IBV,NFSD
IBV,VGQG
IBV,GNFS
IBV,LQGG
IBV,PLQG
IBV,LQGG
IBV,PLQG
IBV,TNVS
IBV,VNTT
IBV,DFDD
IBV,FTSV
IBV,GCCG
IBV,GLLV
IBV,IQTR
IBV,IVFI
IBV,LQGG
IBV,LTSC
IBV,NLTV
IBV,PLQG
IBV,QDVV
IBV,SLSV
IBV,VNGT
IBV,VVNS
IBV,CCGC
IBV,DFDD
IBV,FNYT
IBV,FTSV
IBV,GLLV
IBV,IQTR
IBV,LSII
IBV,NFSD
IBV,NLTV
IBV,NSLN
IBV,NVTE
IBV,SLLL
IBV,SLSV
IBV,SPRG
IBV,VFSN
IBV,VQDV
IBV,ETIN
IBV,GGLV
IBV,NFTF
IBV,NYTS
IBV,SNYT
IBV,YVNFK
IBV,VTAS
IBV,AGAI
IBV,CTAG
IBV,GLLV
IBV,NLTV
IBV,SFVY
IBV,SLLL
IBV,VYRES
IBV,LQGG
IBV,PLQG
IBV,TNVS
IBV,CCGC
IBV,DVVT
IBV,GLLV
IBV,IRVS
IBV,NETG
IBV,NFSD
IBV,NLTV
IBV,SLLL
IBV,SLSV
IBV,SSLV
IBV,TENV
IBV,CCGC
IBV,DFDD
IBV,ELSK
IBV,FTSV
IBV,GLLV
IBV,IQTR
IBV,LQGG
IBV,NLTV
IBV,SLLL
IBV,SLSV
IBV,VVNS
IBV,CCGC
IBV,DFDD
IBV,ELSK
IBV,GLLV
IBV,IQTR
IBV,LQGG
IBV,NLTV
IBV,SLLL
IBV,SLSV
IBV,VVNS
IBV,LQGG
IBV,NTTL
IBV,CCGC
IBV,CTAG
IBV,GLLV
IBV,IPQN
IBV,IQTR
IBV,LTQY
IBV,NFSD
IBV,NLTV
IBV,NVTE
IBV,QEVI
IBV,SLLL
IBV,SLSV
IBV,SSLV
IBV,VSVS
IBV,CCGC
IBV,DFDD
IBV,DVVT
IBV,ELSK
IBV,FNLS
IBV,FTSV
IBV,GLLV
IBV,IQTR
IBV,LQGG
IBV,NLTV
IBV,SLLL
IBV,SLSV
IBV,VVNS
IBV,SNYT
IBV,AGAI
IBV,CCGC
IBV,CTAG
IBV,FTSV
IBV,GAIS
IBV,GLLV
IBV,NETK
IBV,NLTV
IBV,NVTE
IBV,PPIIT
IBV,SAAS
IBV,SLLL
IBV,SLSV
IBV,SRRS
IBV,SSLV
IBV,VFVT
IBV,VNGT
IBV,VNVT
IBV,NFSD
IBV,TNSS
IBV,LQGG
IBV,SSGA
IBV,NFSD
IBV,YYKV
IBV,VYRES
IBV,LQGG
IBV,NTTL
IBV,PLQG
IBV,NASS
IBV,NETG
IBV,NFSD
IBV,LQGG
IBV,PLQG
IBV,LQGG
IBV,PLQG
IBV,CCGC
IBV,DFDD
IBV,ELSK
IBV,GLLV
IBV,IQTR
IBV,LQGG
IBV,NLTV
IBV,NVST
IBV,SLLL
IBV,SLSV
IBV,VVNS
IBV,SNYT
IBV,AGAI
IBV,CCGC
IBV,CTAG
IBV,GLLV
IBV,NLTV
IBV,SFVY
IBV,SLLL
IBV,SLSV
IBV,VYRES
IBV,FTNVS
IBV,LDSSG
IBV,NETS
IBV,NNFT
IBV,QSGA
IBV,CCGC
IBV,DFDD
IBV,FNYT
IBV,FTSV
IBV,FVED
IBV,GLLV
IBV,IQTR
IBV,LTNF
IBV,NFSD
IBV,NLTV
IBV,NTTL
IBV,SAIL
IBV,SDFT
IBV,SLLL
IBV,SLLL
IBV,SLLL
IBV,SLSV
IBV,YAVV
IBV,FTNVS
IBV,LQGG
IBV,NFSD
IBV,VGVL
IBV,FTNVS
IBV,AGAI
IBV,CCGC
IBV,CTAG
IBV,ENGT
IBV,LDSSG
IBV,LSSL
IBV,NETS
IBV,NKTV
IBV,NNFT
IBV,QSGA
IBV,VRLT
IBV,VTHC
IBV,LQGG
IBV,PLQG
IBV,SSGS
IBV,TNYT
IBV,NFSD
IBV,TNGS
IBV,VGQG
IBV,NYTS
IBV,SNYT
IBV,NYTS
IBV,SNYT
IBV,AGAI
IBV,CCGC
IBV,CTAG
IBV,DYNI
IBV,FSNVS
IBV,GAIS
IBV,GLLV
IBV,IQTR
IBV,IVTL
IBV,LVLT
IBV,NLTV
IBV,QEVI
IBV,QGFI
IBV,SLLL
IBV,SLSV
IBV,SSLV
IBV,STSL
IBV,VFVT
IBV,YYKV
IBV,LVLT
IBV,NFSD
IBV,NTGN
IBV,VFVT
IBV,NFSD
IBV,CCGC
IBV,GLLV
IBV,IRVS
IBV,NETG
IBV,NFSD
IBV,NLTV
IBV,SLSV
IBV,SSLV
IBV,CCGC
IBV,DFDD
IBV,DVVT
IBV,ELSK
IBV,FTSV
IBV,GLLV
IBV,IQTR
IBV,LQGG
IBV,NLTV
IBV,SLLL
IBV,SLSV
IBV,VVNS
IBV,LQGG
IBV,NTTL
IBV,SFRP
IBV,CCGC
IBV,GLLV
IBV,IRVS
IBV,NETG
IBV,NFSD
IBV,NLTV
IBV,SLSV
IBV,SSLV
IBV,LQGG
IBV,NTTL
IBV,AGAI
IBV,CCGC
IBV,CTAG
IBV,GLLV
IBV,NLTV
IBV,SFVY
IBV,SLLL
IBV,SLSV
IBV,VYRES
IBV,NETG
IBV,NFSD
IBV,DYGS
IBV,NITL
IBV,SIVG
IBV,SVST
IBV,LQGG
IBV,PLQG
IBV,TNVS
IBV,NFSD
IBV,NFTF
IBV,TNET
IBV,FTNVS
IBV,NETG
IBV,NFSD
IBV,VNTI
IBV,LTQY
IBV,NFSD
IBV,VSVS
IBV,NFSD
IBV,VGQG
IBV,CCGC
IBV,DFDD
IBV,FTSV
IBV,IQTR
IBV,LQGG
IBV,NLTV
IBV,PLQG
IBV,SLLL
IBV,SLSV
IBV,VVNS
IBV,NSSL
IBV,VFVT
IBV,LQGG
IBV,NTTL
IBV,NETG
IBV,NFSD
IBV,AGAI
IBV,CCGC
IBV,CTAG
IBV,GLLV
IBV,NLTV
IBV,SFVY
IBV,SLLL
IBV,SLSV
IBV,VKSL
IBV,LQGG
IBV,PLQG
IBV,TNYT
IBV,CCGC
IBV,ITGR
IBV,LVLP
IBV,NFSD
IBV,LTQY
IBV,NFSD
IBV,VSVS
IBV,NFSD
IBV,TAPP
IBV,VFVT
IBV,LQGG
IBV,PLQG
IBV,NFSD
IBV,TATE
IBV,CCGC
IBV,CTAG
IBV,ESFV
IBV,GLLV
IBV,NLTV
IBV,SFVY
IBV,SLSV
IBV,TAPS
IBV,VNGT
IBV,CCGC
IBV,DFDD
IBV,GLLV
IBV,LQGG
IBV,SAAS
IBV,SLLL
IBV,SLSV
IBV,TNYT
IBV,VVNS
IBV,VYRE
IBV,YTSN
IBV,NFSD
IBV,TAYC
IBV,NFSD
IBV,KSGG
IBV,LVLT
IBV,NVSL
IBV,LQGG
IBV,NTTL
IBV,NFTA
IBV,CCGC
IBV,DFDD
IBV,ELSK
IBV,GLLV
IBV,ILTS
IBV,IQTR
IBV,LQGG
IBV,NLTV
IBV,NTTL
IBV,SLLL
IBV,SLSV
IBV,VVNS
IBV,CCGC
IBV,DGLV
IBV,FSNF
IBV,GLLV
IBV,NETS
IBV,QGGI
IBV,SLLL
IBV,SNFT
IBV,TSRD
IBV,VNGL
IBV,VNGT
IBV,VPEG
IBV,YTSL
IBV,LQGG
IBV,NTTL
IBV,LTQY
IBV,NFSD
IBV,VSVS
IBV,SNDT
IBV,VYRES
IBV,CCGC
IBV,DFDD
IBV,ELSK
IBV,GLLV
IBV,IQTR
IBV,LQGG
IBV,NLTV
IBV,SLLL
IBV,SLSV
IBV,VVNS
IBV,LQGG
IBV,RRRR
IBV,LQGG
IBV,TNSS
IBV,CCGC
IBV,FTSV
IBV,GLLV
IBV,NFSD
IBV,NLTV
IBV,NVTE
IBV,PLLN
IBV,SLSV
IBV,VGQG
IBV,LQGG
IBV,NYNN
IBV,PLQG
IBV,LVLT
IBV,NFSD
IBV,VFVT
IBV,NETG
IBV,NFSD
IBV,LQGG
IBV,NTTL
IBV,LQGG
IBV,NTTL
IBV,LQGG
IBV,PLQG
IBV,VYRES
IBV,ASLV
IBV,AYGP
IBV,CCGC
IBV,GLLV
IBV,IVTL
IBV,KCTAG
IBV,NLTV
IBV,QSGY
IBV,SAIL
IBV,SLLL
IBV,TPQS
IBV,VITT
IBV,LQGG
IBV,NTTL
IBV,NETG
IBV,NFSD
IBV,IQTR
IBV,LQGG
IBV,NLTV
IBV,ALKG
IBV,CCGC
IBV,IPQY
IBV,KCNN
IBV,KVVTL
IBV,LNFT
IBV,LNKV
IBV,LRCR
IBV,NFTGF
IBV,NNGL
IBV,TIPQ
IBV,TVGS
IBV,YTCV
IBV,VKSL
IBV,CCGC
IBV,DFDD
IBV,DVVT
IBV,FTSV
IBV,GLLV
IBV,IQTR
IBV,LTQY
IBV,NLTV
IBV,NVTE
IBV,SLLL
IBV,SLSV
IBV,VVNS
IBV,CCGC
IBV,DFDD
IBV,DVVT
IBV,ELSK
IBV,GLLV
IBV,IQTR
IBV,LQGG
IBV,PLQG
IBV,SLLL
IBV,SLSV
IBV,VVNS
IBV,LQGG
IBV,PLQG
IBV,LQGG
IBV,PLQG
IBV,CCGC
IBV,DFDD
IBV,ELSK
IBV,FTSV
IBV,GLLV
IBV,IQTR
IBV,LQGG
IBV,NLTV
IBV,SLLL
IBV,SLSV
IBV,VVNS
IBV,NFSD
IBV,VGQG
IBV,LQGG
IBV,PLQG
IBV,SNYT
IBV,NETG
IBV,NFSD
IBV,LQGG
IBV,NTTL
IBV,CCGC
IBV,DFDD
IBV,ELSK
IBV,GLLV
IBV,IQTR
IBV,LQGG
IBV,NFTF
IBV,NLTV
IBV,SLLL
IBV,SLSV
IBV,VNTT
IBV,CCGC
IBV,DFDD
IBV,GLLV
IBV,LQGG
IBV,SAAS
IBV,SLLL
IBV,SLSV
IBV,TNYT
IBV,VVNS
IBV,VYRE
IBV,YTSN
IBV,NYTS
IBV,CCGC
IBV,DFDD
IBV,IQTR
IBV,LQGG
IBV,NLTV
IBV,PLQG
IBV,SLLL
IBV,SLSV
IBV,VVNS
IBV,CCGC
IBV,CTAG
IBV,DFDD
IBV,FTNVS
IBV,GLLV
IBV,IPQN
IBV,IQTR
IBV,IVTL
IBV,LVLT
IBV,NDTK
IBV,NLTV
IBV,NVTA
IBV,SLSV
IBV,LTQY
IBV,NFSD
IBV,VSVS
IBV,SNDT
IBV,LQGG
IBV,NTTL
IBV,CCGC
IBV,GLLV
IBV,GSYY
IBV,IRVS
IBV,NETG
IBV,NFSD
IBV,NLTV
IBV,SLSV
IBV,SSLV
IBV,CCGC
IBV,CTAG
IBV,ESFV
IBV,FKSG
IBV,GLLV
IBV,NLTV
IBV,SFVY
IBV,SLSV
IBV,VNGT
IBV,LQGG
IBV,NTTL
IBV,PLQG
IBV,VNTT
IBV,LQGG
IBV,NTTL
IBV,PLQG
IBV,TNVS
IBV,TYGP
IBV,LQGG
IBV,PLQG
IBV,TNYT
IBV,NFSD
IBV,VGQG
IBV,LQGG
IBV,NTTL
IBV,LQGG
IBV,NTTL
IBV,AYGP
IBV,FKAG
IBV,TTNF
IBV,NETG
IBV,NFSD
IBV,GGLV
IBV,NFTF
IBV,NYTS
IBV,SNYT
IBV,YVNFK
IBV,LQGG
IBV,PLQG
IBV,TNVS
IBV,CCGC
IBV,DDFN
IBV,FTSV
IBV,GLLV
IBV,IPQN
IBV,LLNF
IBV,LQGG
IBV,NLTV
IBV,PLQG
IBV,QSEY
IBV,RSTS
IBV,SLLL
IBV,VQDV
IBV,NFSD
IBV,CCGC
IBV,CTAG
IBV,GLLV
IBV,IPQN
IBV,IQTR
IBV,KLTN
IBV,LTQY
IBV,NFSD
IBV,NLTV
IBV,SLLL
IBV,SLSV
IBV,NSAAS
IBV,SLLL
IBV,SLLL
IBV,SLLL
IBV,AGAI
IBV,CCGC
IBV,CTAG
IBV,GLLV
IBV,KGVY
IBV,QDVV
IBV,QSGY
IBV,SFEC
IBV,SLSV
IBV,AYGP
IBV,NETN
IBV,SNET
IBV,AGAI
IBV,AITS
IBV,CCGC
IBV,CTAG
IBV,ENGT
IBV,IILC
IBV,LDSSG
IBV,LNVT
IBV,LSSL
IBV,NETS
IBV,NKTV
IBV,NNFT
IBV,NVTA
IBV,QSGA
IBV,VRLT
IBV,VTHC
IBV,GFIT
IBV,TNVT
IBV,VFVT
IBV,LTQY
IBV,NFSD
IBV,VSVS
IBV,LDSSG
IBV,NETS
IBV,NNFT
IBV,QSGA
IBV,CCGC
IBV,DDFN
IBV,FTSV
IBV,GLLV
IBV,LQGG
IBV,NLTV
IBV,PLQG
IBV,QSEY
IBV,SLLLK
IBV,VVNS
IBV,NVTDS
IBV,CCGC
IBV,DFDD
IBV,DVVT
IBV,IQTR
IBV,LQGG
IBV,NLTV
IBV,NTTL
IBV,SLLL
IBV,SLSV
IBV,VVNS
IBV,NFSD
IBV,VGQG
IBV,NFSD
IBV,VSVS
IBV,FTNVS
IBV,IQTR
IBV,LVLT
IBV,NLTV
IBV,LQGG
IBV,PLQG
IBV,TNVS
IBV,LQGG
IBV,NTTL
IBV,GVIV
IBV,IGVI
IBV,SNYT
IBV,LQGG
IBV,NTTL
IBV,PLQG
IBV,LTQY
IBV,NFSD
IBV,TNSS
IBV,VSVS
IBV,LVLT
IBV,NFSD
IBV,VFVT
IBV,CCGC
IBV,DFDD
IBV,DVVT
IBV,ELSK
IBV,FTSV
IBV,FVED
IBV,GLLV
IBV,IQTR
IBV,LQGG
IBV,NLTV
IBV,SLLL
IBV,SLSV
IBV,VVNS
IBV,NFSD
IBV,NFSD
IBV,VGQG
IBV,NETG
IBV,NFSD
IBV,NLTS
IBV,QGGC
IBV,VYRES
IBV,CCGC
IBV,DFDD
IBV,DVVT
IBV,ELSK
IBV,GLLV
IBV,IQTR
IBV,ITQS
IBV,LQGG
IBV,NLTV
IBV,SLLL
IBV,SLSV
IBV,VVNS
IBV,ANAS
IBV,CCGC
IBV,DFDD
IBV,FTSV
IBV,GLLV
IBV,NLTV
IBV,RSTS
IBV,SLLL
IBV,SLSV
IBV,TNYT
IBV,VQDV
IBV,LQGG
IBV,PLQG
IBV,SVSQ
IBV,NETG
IBV,NFSD
IBV,LQGG
IBV,PLQG
IBV,NETG
IBV,NFSD
IBV,CCGC
IBV,DFDD
IBV,IQTR
IBV,LQGG
IBV,NLTV
IBV,SLLL
IBV,SLSV
IBV,VVNS
IBV,CCGC
IBV,CTAG
IBV,DFDD
IBV,GLLV
IBV,IPQN
IBV,IQTR
IBV,IVTL
IBV,LVLT
IBV,NDTK
IBV,NLTV
IBV,SLSV
IBV,VNGT
IBV,YGRF
IBV,CCGC
IBV,FNIS
IBV,GGLV
IBV,ITGR
IBV,ITGR
IBV,ITGR
IBV,KLTS
IBV,KPDG
IBV,LVLP
IBV,LYTS
IBV,NFTF
IBV,NYTS
IBV,SINR
IBV,SNYT
IBV,VNGT
IBV,VQDV
IBV,CCGC
IBV,DDFN
IBV,FNYT
IBV,FTSV
IBV,GLLV
IBV,LNFY
IBV,LQGG
IBV,NLTV
IBV,SLLL
IBV,SLSV
IBV,VFVT
IBV,VGVL
IBV,VYRES
IBV,YGRF
IBV,FTNVS
IBV,IQTR
IBV,LVLT
IBV,NLTV
IBV,LTQY
IBV,NFSD
IBV,VSVS
IBV,CCGC
IBV,DFDD
IBV,ELSK
IBV,FTSV
IBV,GLLV
IBV,IQTR
IBV,LQGG
IBV,NLTV
IBV,SLLL
IBV,SLSV
IBV,VVNS
IBV,LQGG
IBV,NFSD
IBV,VGQG
IBV,CCGC
IBV,GVYS
IBV,LQGG
IBV,NGSY
IBV,SAIL
IBV,SLLL
IBV,SLSV
IBV,NFSD
IBV,VGQG
IBV,LQGG
IBV,NTTL
IBV,NFTF
IBV,NYTS
IBV,SNYT
IBV,AIVP
IBV,CCGC
IBV,FTSV
IBV,GLLV
IBV,IRVS
IBV,NETG
IBV,NFSD
IBV,NLTV
IBV,SLSV
IBV,SSLV
IBV,VSVNK
IBV,CCGC
IBV,DFDD
IBV,IQTR
IBV,LQGG
IBV,NLTV
IBV,PLQG
IBV,SLLL
IBV,SLSV
IBV,VVNS
IBV,LQGG
IBV,PLQG
IBV,LQGG
IBV,NFSD
IBV,PSSG
IBV,DYGS
IBV,ISVS
IBV,NITL
IBV,SIVG
IBV,SVST
IBV,GGLV
IBV,NFTF
IBV,NYTS
IBV,SNYT
IBV,LTQY
IBV,NFSD
IBV,VSVS
IBV,NETG
IBV,NFSD
IBV,AGAI
IBV,CCGC
IBV,DVVT
IBV,GLLV
IBV,NFSD
IBV,NLTV
IBV,SLSV
IBV,SRRS
IBV,SSSQ
IBV,VNGT
IBV,NFSD
IBV,TNSS
IBV,VGQG
IBV,VYRES
IBV,NFTF
IBV,NFSD
IBV,TAYC
IBV,LQGG
IBV,NTTL
IBV,PLQG
IBV,LDSSG
IBV,GNFS
IBV,LQGG
IBV,PLQG
IBV,VYRES
IBV,GNFS
IBV,LQGG
IBV,NFSD
IBV,LQGG
IBV,PLQG
IBV,CCGC
IBV,DFDD
IBV,DVVT
IBV,ELSK
IBV,FTSV
IBV,GLLV
IBV,IQTR
IBV,LQGG
IBV,NLTV
IBV,SLLL
IBV,SLSV
IBV,VVNS
IBV,NYTS
IBV,SNYT
IBV,CCGC
IBV,FTSV
IBV,GLLV
IBV,IRVS
IBV,NETG
IBV,NFSD
IBV,NLTV
IBV,SLLL
IBV,SLSV
IBV,SSLV
IBV,TENV
IBV,VSVNK
IBV,CCGC
IBV,CTAG
IBV,FVED
IBV,GLLV
IBV,GSYH
IBV,HVLT
IBV,SRRS
IBV,LQGG
IBV,NTTL
IBV,LQGG
IBV,TNVS
IBV,NFSD
IBV,LQGG
IBV,NTTL
IBV,FTNVS
IBV,LQGG
IBV,LQGG
IBV,LQGG
IBV,LQGG
IBV,NTTL
IBV,LQGG
IBV,NTTL
IBV,CCGC
IBV,FTSV
IBV,GLLV
IBV,LQGG
IBV,NLTV
IBV,PLQG
IBV,RSTS
IBV,SLLL
IBV,SLSV
IBV,TNYT
IBV,VQDV
IBV,LQGG
IBV,SRRS
IBV,CCGC
IBV,GLLV
IBV,IRVS
IBV,NETG
IBV,NFSD
IBV,NLTV
IBV,SLSV
IBV,SSLV
IBV,LTQY
IBV,NFSD
IBV,VSVS
IBV,CCGC
IBV,GLLV
IBV,IRVS
IBV,NETG
IBV,NFSD
IBV,NLTV
IBV,SLSV
IBV,SSLV
IBV,LQGG
IBV,PLQG
IBV,TNYT
IBV,CCGC
IBV,DFDD
IBV,DVVT
IBV,ELSK
IBV,GLLV
IBV,IQTR
IBV,LQGG
IBV,NLTV
IBV,NTTL
IBV,SLLL
IBV,SLSV
IBV,VVNS
IBV,ALKG
IBV,CCGC
IBV,IPQY
IBV,KVVTL
IBV,LNFT
IBV,LNKV
IBV,LRCR
IBV,NFTGF
IBV,NNGL
IBV,TIPQ
IBV,YTCV
IBV,CCGC
IBV,DFDD
IBV,FNYT
IBV,FTSV
IBV,GLLV
IBV,NFSD
IBV,NLTV
IBV,RSTS
IBV,SLLL
IBV,VQDV
IBV,VYRES
IBV,VYRES
IBV,NFSD
IBV,NFSD
IBV,VGQG
IBV,CCGC
IBV,CTAG
IBV,GLLV
IBV,IPQN
IBV,IQTR
IBV,LTQY
IBV,NFSD
IBV,NLTV
IBV,NVTE
IBV,QEVI
IBV,SLLL
IBV,SLSV
IBV,SSLV
IBV,VSVS
IBV,LDSSG
IBV,NETS
IBV,QSGA
IBV,VTHC
IBV,LTQY
IBV,NFSD
IBV,VSVS
IBV,NYTS
IBV,SNYT
IBV,CCGC
IBV,DFDD
IBV,IQTR
IBV,LQGG
IBV,NLTV
IBV,SLLL
IBV,SLSV
IBV,VVNS
IBV,AGAI
IBV,CCGC
IBV,CTAG
IBV,GLLV
IBV,NLTV
IBV,SFVY
IBV,SLLL
IBV,SLSV
IBV,VYRES
IBV,SAAS
IBV,SRRS
IBV,VFVT
IBV,DYGS
IBV,NITL
IBV,TNGT
IBV,VYSG
IBV,CCGC
IBV,DFDD
IBV,ELSK
IBV,FTSV
IBV,GLLV
IBV,IQTR
IBV,LQGG
IBV,NLTV
IBV,NTTL
IBV,SLLL
IBV,SLSV
IBV,VVNS
IBV,CCGC
IBV,DFDD
IBV,DVVT
IBV,ELSK
IBV,FTSV
IBV,FVED
IBV,GLLV
IBV,IQTR
IBV,LQGG
IBV,NLTV
IBV,SLLL
IBV,SLSV
IBV,VVNS
IBV,CCGC
IBV,DFDD
IBV,ELSK
IBV,GLLV
IBV,IQTR
IBV,LQGG
IBV,NLTV
IBV,SLLL
IBV,SLSV
IBV,VVNS
IBV,NETG
IBV,NFSD
IBV,CCGC
IBV,DFDD
IBV,FTSV
IBV,GLLV
IBV,LQGG
IBV,NFSD
IBV,NLTV
IBV,SLLL
IBV,SLSV
IBV,VGQG
IBV,LQGG
IBV,PLQG
IBV,LVLT
IBV,NFSD
IBV,VFVT
IBV,VSVS
IBV,CCGC
IBV,GLLV
IBV,IRVS
IBV,NETG
IBV,NFSD
IBV,NLTV
IBV,SLSV
IBV,SSLV
IBV,NYTS
IBV,SNYT
IBV,LQGG
IBV,NTTL
IBV,CCGC
IBV,DFDD
IBV,DVVT
IBV,ELSK
IBV,FTSV
IBV,GLLV
IBV,IQTR
IBV,LQGG
IBV,NLTV
IBV,SLLL
IBV,SLSV
IBV,VVNS
IBV,LQGG
IBV,PLQG
IBV,CCGC
IBV,GLLV
IBV,IRVS
IBV,NETG
IBV,NFSD
IBV,NLTV
IBV,SLLL
IBV,SLSV
IBV,SSLV
IBV,CCGC
IBV,DFDD
IBV,ELSK
IBV,GLLV
IBV,IQTR
IBV,LQGG
IBV,NLTV
IBV,SLLL
IBV,SLSV
IBV,VVNS
IBV,NETG
IBV,NFSD
IBV,VYRES
IBV,LDSSG
IBV,NETS
IBV,NNFT
IBV,QSGA
IBV,CCGC
IBV,DFDD
IBV,IQTR
IBV,LQGG
IBV,NLTV
IBV,PLQG
IBV,SLLL
IBV,SLSV
IBV,VVNS
IBV,GVIV
IBV,NYTS
IBV,SNYT
IBV,APPN
IBV,FKSG
IBV,QSGY
IBV,APPSG
IBV,DYGS
IBV,NITL
IBV,CCGC
IBV,CTAG
IBV,FTSV
IBV,GLLV
IBV,IPQN
IBV,IQTR
IBV,LTQY
IBV,NFSD
IBV,NLTV
IBV,NVTE
IBV,QEVI
IBV,SLLL
IBV,SLSV
IBV,SSLV
IBV,VSVS
IBV,GNFS
IBV,LQGG
IBV,PLQG
IBV,LQGG
IBV,PLQG
IBV,QTRT
IBV,CCGC
IBV,DFDD
IBV,FTSV
IBV,IQTR
IBV,LQGG
IBV,NLTV
IBV,NTTL
IBV,NVTA
IBV,PLQG
IBV,SLLL
IBV,SLSV
IBV,VVNS
IBV,FTNVS
IBV,IQTR
IBV,LVLT
IBV,NLTV
IBV,CCGC
IBV,DVVT
IBV,GLLV
IBV,IRVS
IBV,NETG
IBV,NFSD
IBV,NLTV
IBV,SLLL
IBV,SLSV
IBV,SSLV
IBV,TENV
IBV,CCGC
IBV,DFDD
IBV,FTSV
IBV,GLLV
IBV,IQTR
IBV,LQGG
IBV,NLTV
IBV,SLLL
IBV,SLSV
IBV,NFSD
IBV,VGQG
IBV,NFSF
IBV,SSFV
IBV,TAPD
IBV,LTQY
IBV,NFSD
IBV,VSVS
IBV,NFSD
IBV,VGQG
IBV,GSQF
IBV,SNET
IBV,PSNG
IBV,LQGG
IBV,NETN
IBV,NFSD
IBV,LTQY
IBV,NFSD
IBV,VSVS
IBV,CCGC
IBV,CTAG
IBV,DFDD
IBV,FTNVS
IBV,GLLV
IBV,IPQN
IBV,IQTR
IBV,IVTL
IBV,LVLT
IBV,NDTK
IBV,NLTV
IBV,NVTA
IBV,SLSV
IBV,VNGT
IBV,LTQY
IBV,TAQD
IBV,LVTPL
IBV,NFSD
IBV,VGQG
IBV,FTNVS
IBV,LQGG
IBV,NTTL
IBV,NFSD
IBV,VGQG
IBV,LQGG
IBV,PLQG
IBV,GLLV
IBV,NETG
IBV,NFSD
IBV,NLTV
IBV,SLLL
IBV,SLSV
IBV,SSLV
IBV,TENV
IBV,CCGC
IBV,ELSK
IBV,GLLV
IBV,ILSV
IBV,IQTR
IBV,LQGG
IBV,NLTV
IBV,SLLL
IBV,SLSV
IBV,VVNS
IBV,NETG
IBV,NFSD
IBV,ATGS
IBV,GGLV
IBV,LYTS
IBV,NFTF
IBV,NYTS
IBV,SNYT
IBV,CCGC
IBV,DFDD
IBV,ELSK
IBV,FTSV
IBV,GLLV
IBV,IQTR
IBV,LQGG
IBV,NLTV
IBV,SLLL
IBV,SLSV
IBV,VVNS
IBV,CCGC
IBV,FTSV
IBV,GLLV
IBV,IQTR
IBV,LQGG
IBV,NLTV
IBV,SLSV
IBV,VNGT
IBV,VVNS
IBV,YTAS
IBV,FTNVS
IBV,NETG
IBV,NFSD
IBV,LQGG
IBV,NTTL
IBV,CCGC
IBV,DFDD
IBV,FTSV
IBV,GLLV
IBV,NFSD
IBV,NGLL
IBV,NLTV
IBV,NVTA
IBV,SLLL
IBV,SLSV
IBV,TNSS
IBV,VGVL
IBV,VVNS
IBV,LQGG
IBV,LTNF
IBV,NTTL
IBV,FTNVS
IBV,LQGG
IBV,PLQG
IBV,CCGC
IBV,DDFN
IBV,FTSV
IBV,FVED
IBV,GLLV
IBV,IPQN
IBV,IQTR
IBV,IRVS
IBV,IVGF
IBV,LQGG
IBV,NYTV
IBV,PLQG
IBV,SLLL
IBV,TNVS
IBV,VVNS
IBV,NETG
IBV,NFSD
IBV,AGAI
IBV,CCGC
IBV,CTAG
IBV,FTSV
IBV,GAIS
IBV,GLLV
IBV,NETK
IBV,NLTV
IBV,NVTE
IBV,PPIIT
IBV,SAAS
IBV,SLLL
IBV,SLSV
IBV,SRRS
IBV,SSLV
IBV,VFVT
IBV,VNGT
IBV,VNVT
IBV,GNFS
IBV,LTQY
IBV,NFSD
IBV,CCGC
IBV,DDFN
IBV,FTSV
IBV,GLLV
IBV,IPQN
IBV,LLNF
IBV,LQGG
IBV,NLTV
IBV,PLQG
IBV,QSEY
IBV,RSTS
IBV,SLLL
IBV,VQDV
IBV,NFSD
IBV,VGQG
IBV,NYTS
IBV,SNYT
IBV,CCGC
IBV,CTAG
IBV,GAIS
IBV,GLLV
IBV,IQTR
IBV,IVTL
IBV,KSLF
IBV,LVLT
IBV,NLTV
IBV,SLSV
IBV,SNVS
IBV,SRRS
IBV,VFVT
IBV,VKSL
IBV,CCGC
IBV,FNLTV
IBV,GLLV
IBV,IPQN
IBV,NFSD
IBV,PLQG
IBV,SLNK
IBV,SLSV
IBV,TVPV
IBV,VFVT
IBV,VNGT
IBV,LQGG
IBV,PLQG
IBV,NFSD
IBV,VGQG
IBV,LTQY
IBV,NFSD
IBV,VSVS
IBV,CCGC
IBV,DDFN
IBV,FTSV
IBV,GLLV
IBV,IQTR
IBV,IVGF
IBV,IVTL
IBV,LQGG
IBV,NLTV
IBV,PLQG
IBV,SLLL
IBV,SLSV
IBV,TENV
IBV,TNVS
IBV,VVNS
IBV,VYRES
IBV,NFSD
IBV,TNSS
IBV,VGQG
IBV,LTQY
IBV,NFSD
IBV,VSVS
IBV,FTNVS
IBV,IQTR
IBV,LVLT
IBV,NLTV
IBV,CCGC
IBV,DFDD
IBV,ELSK
IBV,GLLV
IBV,IQTR
IBV,LQGG
IBV,NLTV
IBV,NTTL
IBV,SLLL
IBV,SLSV
IBV,VVNS
IBV,CCGC
IBV,FTSV
IBV,GLLV
IBV,NNFT
IBV,QSGY
IBV,SLLL
IBV,SVNK
IBV,TLNN
IBV,LQGG
IBV,NTTL
IBV,PLQG
IBV,FTNVS
IBV,LQGG
IBV,NTTL
IBV,VYRES
IBV,CCGC
IBV,GLLV
IBV,IRVS
IBV,NETG
IBV,NFSD
IBV,NLTS
IBV,QGGC
IBV,SLSV
IBV,SSLV
IBV,LDSSG
IBV,NETS
IBV,NNFT
IBV,QSGA
IBV,LQGG
IBV,PLQG
IBV,TNVS
IBV,LQGG
IBV,PLQG
IBV,LQGG
IBV,NTTL
IBV,LTQY
IBV,NFSD
IBV,TNSS
IBV,VSVS
IBV,AVVN
IBV,CCGC
IBV,CTAG
IBV,GLLV
IBV,ITNS
IBV,QGFI
IBV,SLLL
IBV,SLSV
IBV,SNVS
IBV,SYNY
IBV,VSVNK
IBV,PSNG
IBV,LQGG
IBV,NTTL
IBV,DYGS
IBV,NITL
IBV,SLSL
IBV,AFRP
IBV,NFSD
IBV,SVYL
IBV,LQGG
IBV,TNVS
IBV,CCGC
IBV,DFDD
IBV,FTSV
IBV,IQTR
IBV,KQFV
IBV,LQGG
IBV,NLTV
IBV,PLQG
IBV,SLLL
IBV,SLSV
IBV,VNKQ
IBV,VVNS
IBV,CCGC
IBV,DFDD
IBV,DVVT
IBV,ELSK
IBV,FTSV
IBV,GLLV
IBV,IQTR
IBV,LQGG
IBV,NLTV
IBV,NYNN
IBV,SLLL
IBV,SLSV
IBV,VVNS
IBV,FKAG
IBV,LQGG
IBV,NTTL
IBV,CCGC
IBV,DFDD
IBV,DVVT
IBV,ELSK
IBV,GLLV
IBV,IQTR
IBV,LQGG
IBV,NLTV
IBV,SLLL
IBV,SLSV
IBV,VVNS
IBV,LQGG
IBV,NTTL
IBV,LQGG
IBV,PLQG
IBV,LQGG
IBV,NSTK
IBV,YNST
IBV,CCGC
IBV,CTAG
IBV,DFDD
IBV,DVVT
IBV,GLLV
IBV,GSYY
IBV,IPQN
IBV,IQTR
IBV,NFSD
IBV,NLTV
IBV,NTTL
IBV,SLLL
IBV,SLLL
IBV,SLLL
IBV,SLSV
IBV,CCGC
IBV,DVVT
IBV,GLLV
IBV,NLTV
IBV,SLSV
IBV,SRRS
IBV,SSLV
IBV,SSSQ
IBV,CCGC
IBV,DFDD
IBV,DVVT
IBV,ELSK
IBV,FTSV
IBV,IQTR
IBV,LQGG
IBV,LSFL
IBV,NLTV
IBV,SLLL
IBV,VVNS
IBV,AASV
IBV,FVVS
IBV,LTQY
IBV,NFSD
IBV,CCGC
IBV,DDFN
IBV,FNLT
IBV,FNYT
IBV,FTSV
IBV,GLLV
IBV,LQGG
IBV,NFSD
IBV,NLTV
IBV,NSVG
IBV,SLLL
IBV,SLSV
IBV,VGVL
IBV,CCGC
IBV,GLLV
IBV,IQTR
IBV,LQGG
IBV,NLTV
IBV,SLLL
IBV,SLSV
IBV,SVIQ
IBV,CCGC
IBV,GLLV
IBV,IRVS
IBV,NETG
IBV,NFSD
IBV,NLTV
IBV,SLSV
IBV,SSLV
IBV,LQGG
IBV,PLQG
IBV,TNVS
IBV,VNTT
IBV,AGAI
IBV,CCGC
IBV,CTAG
IBV,GLLV
IBV,IVTL
IBV,LENQ
IBV,NLTV
IBV,NVTA
IBV,SAIL
IBV,SLSV
IBV,VNGT
IBV,CCGC
IBV,DDFN
IBV,FNYT
IBV,GLLV
IBV,IQTR
IBV,LQGG
IBV,NLTV
IBV,SLLL
IBV,SLSV
IBV,VQDV
IBV,VYRES
IBV,LTQY
IBV,NFSD
IBV,VSVS
IBV,NYTS
IBV,SNYT
IBV,CCGC
IBV,DFDD
IBV,ELSK
IBV,GLLV
IBV,NLTV
IBV,NTTL
IBV,NVST
IBV,SLLL
IBV,SLSV
IBV,VVNS
IBV,FTNVS
IBV,LQGG
IBV,NTTL
IBV,LQGG
IBV,NTTL
IBV,SNYT
IBV,LQGG
IBV,PLQG
IBV,NFSD
IBV,CCGC
IBV,GLLV
IBV,NFSD
IBV,SLLL
IBV,SLSV
IBV,VNKQ
IBV,VNVT
IBV,VYRE
IBV,NFSD
IBV,SLSL
IBV,LTQY
IBV,NFSD
IBV,VSVS
IBV,AGAI
IBV,CCGC
IBV,FVED
IBV,GITA
IBV,GLLV
IBV,LSIL
IBV,NETK
IBV,NLTV
IBV,PIIT
IBV,SLSV
IBV,SVST
IBV,VNGT
IBV,VNGT
IBV,VNGT
IBV,LQGG
IBV,NTTL
IBV,ALKG
IBV,CCGC
IBV,IPQY
IBV,KVVTL
IBV,LNFT
IBV,LNKV
IBV,LRCR
IBV,NFTGF
IBV,NNGL
IBV,TIPQ
IBV,YTCV
IBV,LQGG
IBV,PLQG
IBV,TNVS
IBV,LQGG
IBV,NTTL
IBV,GVIV
IBV,NYTS
IBV,SNYT
IBV,CCGC
IBV,DFDD
IBV,DVVT
IBV,ELSK
IBV,FTSV
IBV,GLLV
IBV,IQTR
IBV,LQGG
IBV,NLTV
IBV,NTTL
IBV,SLLL
IBV,SLSV
IBV,TNVT
IBV,VVNS
IBV,AGAI
IBV,CCGC
IBV,CTAG
IBV,GLLV
IBV,NLTV
IBV,SFVY
IBV,SLLL
IBV,SLSV
IBV,VYRES
IBV,NFSD
IBV,VGQG
IBV,VSVS
IBV,CCGC
IBV,GLLV
IBV,IRVS
IBV,NETG
IBV,NFSD
IBV,NLTV
IBV,SLSV
IBV,SSLV
IBV,CCGC
IBV,FNLS
IBV,GLLV
IBV,LQGG
IBV,LSSL
IBV,NLTV
IBV,PLQG
IBV,SLSV
IBV,SSGS
IBV,TNYT
IBV,VRLT
IBV,VTHC
IBV,DFTS
IBV,LQGG
IBV,NETG
IBV,NFSD
IBV,ALKG
IBV,CCGC
IBV,IPQY
IBV,KCNN
IBV,KVVTL
IBV,LNFT
IBV,LNKV
IBV,LRCR
IBV,NFTGF
IBV,NNGL
IBV,TIPQ
IBV,TVGS
IBV,YTCV
IBV,CCGC
IBV,FTSV
IBV,GLLV
IBV,IQTR
IBV,LQGG
IBV,NLTV
IBV,PLQG
IBV,SLSV
IBV,VNGT
IBV,VVNS
IBV,CCGC
IBV,DFDD
IBV,FTSV
IBV,GLLV
IBV,IQTR
IBV,LTQY
IBV,NLTV
IBV,RSTS
IBV,SLLL
IBV,SLSV
IBV,VFSN
IBV,VQDV
IBV,VYRES
IBV,LTQY
IBV,NFSD
IBV,VSVS
IBV,VYRES
IBV,LQGG
IBV,PLQG
IBV,TNVS
IBV,NETG
IBV,NFSD
IBV,VYRES
IBV,LQGG
IBV,NTTL
IBV,PLQG
IBV,CCGC
IBV,DDFN
IBV,FTSV
IBV,GLLV
IBV,LQGG
IBV,NLTV
IBV,PLQG
IBV,RSTS
IBV,SLLL
IBV,LQGG
IBV,PLQG
IBV,TNVS
IBV,CCGC
IBV,DFDD
IBV,DVVT
IBV,FTSV
IBV,IQTR
IBV,LQGG
IBV,NLTV
IBV,NTTL
IBV,SLLL
IBV,SLSV
IBV,VVNS
IBV,FTNVS
IBV,LQGG
IBV,PLQG
IBV,NFSD
IBV,TNSS
IBV,VGQG
IBV,CCGC
IBV,DVVT
IBV,GLLV
IBV,IRVS
IBV,NETG
IBV,NFSD
IBV,NLTV
IBV,SLLL
IBV,SLSV
IBV,SSLV
IBV,TENV
IBV,LQGG
IBV,NTTL
IBV,LDSSG
IBV,CCGC
IBV,DFDD
IBV,DVVT
IBV,ELSK
IBV,GLLV
IBV,IQTR
IBV,LQGG
IBV,NLTV
IBV,SLLL
IBV,SLSV
IBV,VVNS
IBV,LQGG
IBV,PLQG
IBV,TNVS
IBV,VNTT
IBV,LQGG
IBV,PLQG
IBV,TNVS
IBV,LQGG
IBV,PLQG
IBV,TNVS
IBV,LQGG
IBV,PLQG
IBV,TNVS
IBV,CCGC
IBV,DDFN
IBV,FTSV
IBV,GLLV
IBV,IQTR
IBV,IVGF
IBV,IVTL
IBV,LQGG
IBV,NLTV
IBV,PLQG
IBV,SLLL
IBV,SLSV
IBV,TNVS
IBV,VVNS
IBV,NFSD
IBV,TNSS
IBV,VGQG
IBV,NFSD
IBV,VGQG
IBV,LQGG
IBV,TNSS
IBV,LTQY
IBV,NFSD
IBV,VSVS
IBV,VYRES
IBV,LQGG
IBV,NTTL
IBV,CCGC
IBV,DVVT
IBV,GLLV
IBV,IRVS
IBV,NETG
IBV,NFSD
IBV,NLTV
IBV,SLLL
IBV,SLSV
IBV,SSLV
IBV,TENV
IBV,CCGC
IBV,GLLV
IBV,IQTR
IBV,LQGG
IBV,NLTV
IBV,SLLLK
IBV,SLLL
IBV,SLLL
IBV,SLSV
IBV,VNGT
IBV,VVNS
IBV,LTQY
IBV,NFSD
IBV,VSVS
IBV,NETG
IBV,NFSD
IBV,LTQY
IBV,NFSD
IBV,VSVS
IBV,CCGC
IBV,GLLV
IBV,IRVS
IBV,LLNF
IBV,NETG
IBV,NFSD
IBV,NLTS
IBV,QGGC
IBV,SLSV
IBV,SSLV
IBV,CCGC
IBV,CTAG
IBV,DVVT
IBV,FVED
IBV,GLLV
IBV,QDVV
IBV,QSGY
IBV,VNGT
IBV,LTQY
IBV,NFSD
IBV,CCGC
IBV,GLLV
IBV,IRVS
IBV,NETG
IBV,NFSD
IBV,NLTV
IBV,SLSV
IBV,SSLV
IBV,AGAI
IBV,CCGC
IBV,GLLV
IBV,NLTV
IBV,NVTE
IBV,PLQG
IBV,SLSV
IBV,SRRS
IBV,STKP
IBV,VFVT
IBV,LDSSG
IBV,NFSD
IBV,VFVT
IBV,VGQG
IBV,CCGC
IBV,DFDD
IBV,ELSK
IBV,FTSV
IBV,GLLV
IBV,ILTS
IBV,IQTR
IBV,LQGG
IBV,NLTV
IBV,SLLL
IBV,SLSV
IBV,VVNS
IBV,CCGC
IBV,DFDD
IBV,FNYT
IBV,GLLV
IBV,LQGG
IBV,NFSD
IBV,NLTV
IBV,RSTS
IBV,SLLL
IBV,SLSV
IBV,VQDV
IBV,SAAS
IBV,SRRS
IBV,VFVT
IBV,GSQF
IBV,SNET
IBV,CCGC
IBV,DFDD
IBV,DVVT
IBV,ELSK
IBV,FTSV
IBV,GLLV
IBV,IQTR
IBV,LQGG
IBV,NLTV
IBV,SLLL
IBV,SLSV
IBV,VVNS
IBV,CCGC
IBV,DFDD
IBV,FNYT
IBV,FTSV
IBV,GLLV
IBV,IVTL
IBV,LQGG
IBV,NFSD
IBV,NLTV
IBV,RSTS
IBV,SLLL
IBV,SLSV
IBV,VQDV
IBV,PLQG
IBV,TNVT
IBV,VFVT
IBV,NFSD
IBV,CCGC
IBV,DFDD
IBV,FTSV
IBV,GLLV
IBV,NFSD
IBV,NGLL
IBV,NLTV
IBV,NVTA
IBV,SLLL
IBV,SLSV
IBV,TNSS
IBV,VGVL
IBV,VVNS
IBV,AGAI
IBV,CCGC
IBV,FSSN
IBV,GLLV
IBV,LETL
IBV,LSNF
IBV,NETN
IBV,NLTV
IBV,NYTI
IBV,SLLL
IBV,SLSV
IBV,SLSV
IBV,SLSV
IBV,SNET
IBV,VNGT
IBV,AFRP
IBV,NFSF
IBV,TNVT
IBV,CCGC
IBV,GLLV
IBV,SAIL
IBV,SIQG
IBV,SLSV
IBV,VNVT
IBV,YNST
IBV,NFSD
IBV,VGQG
IBV,NFSD
IBV,VGQG
IBV,LQGG
IBV,NTTL
IBV,NFSD
IBV,LQGG
IBV,NTTL
IBV,FSSN
IBV,SNET
IBV,FCTA
IBV,CCGC
IBV,GLLV
IBV,IRVS
IBV,NETG
IBV,NFSD
IBV,NLTV
IBV,SLSV
IBV,SSLV
IBV,VYRES
IBV,CCGC
IBV,CTAG
IBV,ESFV
IBV,GLLV
IBV,NLTV
IBV,SFVY
IBV,SLSV
IBV,VNGT
IBV,FTNVS
IBV,VSVS
IBV,AGAI
IBV,CCGC
IBV,CTAG
IBV,ENGT
IBV,LDSSG
IBV,LSSL
IBV,NETS
IBV,NKTV
IBV,NNFT
IBV,QSGA
IBV,VRLT
IBV,VTHC
IBV,NFSD
IBV,VGQG
IBV,LQGG
IBV,NFSD
IBV,VSTF
IBV,VYRES
IBV,CCGC
IBV,GLLV
IBV,NETG
IBV,NFSD
IBV,NLTV
IBV,NSSLV
IBV,SLLL
IBV,SLSV
IBV,TENV
IBV,CCGC
IBV,DFDD
IBV,ELSK
IBV,FTSV
IBV,GLLV
IBV,IQTR
IBV,LQGG
IBV,NLTV
IBV,SLLL
IBV,SLSV
IBV,VVNS
IBV,NETG
IBV,NFSD
IBV,NFSD
IBV,VGQG
IBV,CCGC
IBV,DFDD
IBV,FTSV
IBV,IQTR
IBV,LQGG
IBV,NLTV
IBV,SLLL
IBV,SLSV
IBV,VVNS
IBV,AGAI
IBV,CCGC
IBV,CTAG
IBV,FTSV
IBV,GAIS
IBV,GLLV
IBV,NETK
IBV,NLTV
IBV,NVTE
IBV,PPIIT
IBV,SAAS
IBV,SLLL
IBV,SLSV
IBV,SRRS
IBV,SSLV
IBV,VFVT
IBV,VNGT
IBV,VNVT
IBV,NFSD
IBV,CCGC
IBV,DFDD
IBV,ELSK
IBV,FTSV
IBV,GLLV
IBV,IQTR
IBV,LQGG
IBV,NLTV
IBV,SLLL
IBV,SLSV
IBV,TNYT
IBV,VVNS
IBV,CCGC
IBV,GLLV
IBV,IRVS
IBV,NETG
IBV,NFSD
IBV,NLTV
IBV,SLLL
IBV,SLSV
IBV,SSLV
IBV,TENV
IBV,CCGC
IBV,DVVT
IBV,ELSK
IBV,GDFN
IBV,GLLV
IBV,IQTR
IBV,LQGG
IBV,NLTV
IBV,SLLL
IBV,SLSV
IBV,SVGQ
IBV,VVNS
IBV,CCGC
IBV,DFDD
IBV,DVVT
IBV,ELSK
IBV,FTSV
IBV,GLLV
IBV,IQTR
IBV,LQGG
IBV,NLTV
IBV,SLLL
IBV,SLSV
IBV,VVNS
IBV,LQGG
IBV,PLQG
IBV,NETG
IBV,NFSD
IBV,LQGG
IBV,LVLT
IBV,NTTLV
IBV,CCGC
IBV,DFDD
IBV,ELSK
IBV,FTSV
IBV,GLLV
IBV,IQTR
IBV,LQGG
IBV,NLTV
IBV,SLLL
IBV,SLSV
IBV,VVNS
IBV,LQGG
IBV,SAAS
IBV,TNYT
IBV,VFVT
IBV,SSITL
IBV,NFSD
IBV,TNSS
IBV,VGQG
IBV,LQGG
IBV,PLQG
IBV,TNYT
IBV,CCGC
IBV,DFDD
IBV,FTSV
IBV,GLLV
IBV,LQGG
IBV,NFSD
IBV,NLTV
IBV,SLLL
IBV,SLSV
IBV,VGQG
IBV,DTFV
IBV,NFSD
IBV,VGQG
IBV,CCGC
IBV,GLLV
IBV,IRVS
IBV,NETG
IBV,NFSD
IBV,NLTV
IBV,SLSV
IBV,SSLV
IBV,LTQY
IBV,NFSD
IBV,CCGC
IBV,DFDD
IBV,ELSK
IBV,FTSV
IBV,GLLV
IBV,IQTR
IBV,LQGG
IBV,NLTV
IBV,SLLL
IBV,SLSV
IBV,VVNS
IBV,GLLA
IBV,LQGG
IBV,NFSD
IBV,NETG
IBV,NFSD
IBV,QGGC
IBV,CCGC
IBV,CTAG
IBV,GLLV
IBV,IPQN
IBV,IQTR
IBV,LTQY
IBV,NFSD
IBV,NLTV
IBV,NVTE
IBV,QEVI
IBV,SLLL
IBV,SLSV
IBV,SSLV
IBV,VSVS
IBV,LQGG
IBV,NFSD
IBV,TNSS
IBV,LDSSG
IBV,NFSD
IBV,CCGC
IBV,FTSV
IBV,GLLV
IBV,NFSD
IBV,NLTV
IBV,SLSV
IBV,VGQG
IBV,NETG
IBV,NFSD
IBV,NLTS
IBV,QGGC
IBV,VSVS
IBV,LTQY
IBV,NFSD
IBV,VSVS
IBV,NETG
IBV,NFSD
IBV,CCGC
IBV,DFDD
IBV,DVVT
IBV,ELSK
IBV,FNLS
IBV,GLLV
IBV,IQTR
IBV,LQGG
IBV,NLTV
IBV,SLLL
IBV,SLSV
IBV,VVNS
IBV,CCGC
IBV,DFDD
IBV,FTSV
IBV,GLLV
IBV,IQTR
IBV,IVFI
IBV,LQGG
IBV,LTSC
IBV,NLTV
IBV,PLQG
IBV,QDVV
IBV,SLSV
IBV,VNGT
IBV,VVNS
IBV,LTQY
IBV,NFSD
IBV,TNSS
IBV,AFRP
IBV,LQGG
IBV,PLQG
IBV,CCGC
IBV,FTSV
IBV,GLLV
IBV,IQTR
IBV,LTQY
IBV,NLTV
IBV,NTTL
IBV,NVTE
IBV,SLLL
IBV,SLSV
IBV,TAQD
IBV,LTQY
IBV,NFSD
IBV,EYGL
IBV,GLLV
IBV,NETG
IBV,NFSD
IBV,NLTV
IBV,SLSV
IBV,TENV
IBV,CCGC
IBV,DVVT
IBV,GLLV
IBV,IRVS
IBV,NETG
IBV,NFSD
IBV,NLTV
IBV,SLLL
IBV,SLSV
IBV,SSLV
IBV,TENV
IBV,NFSD
IBV,TATE
IBV,NETG
IBV,NFSD
IBV,LQGG
IBV,SVYL
IBV,NFTF
IBV,NETG
IBV,NFSD
IBV,CCGC
IBV,FTSV
IBV,ILDQ
IBV,LNVT
IBV,NNFT
IBV,NVTA
IBV,QSGA
IBV,SLLL
IBV,SLLL
IBV,SLLL
IBV,CCGC
IBV,DFDD
IBV,IQTR
IBV,IVGF
IBV,KQFV
IBV,LQGG
IBV,NLTV
IBV,PLQG
IBV,SLLL
IBV,SLSV
IBV,VNKQ
IBV,VVNS
IBV,AGAI
IBV,CCGC
IBV,CTAG
IBV,GLLV
IBV,NLTV
IBV,SFVY
IBV,SLLL
IBV,SLSV
IBV,VYRES
IBV,LQGG
IBV,NTTL
IBV,LQGG
IBV,NTTL
IBV,PLQG
IBV,CCGC
IBV,DVVT
IBV,GELSK
IBV,GLLV
IBV,GSYY
IBV,IQTR
IBV,LQGG
IBV,NLTV
IBV,NTTL
IBV,SLLL
IBV,SLSV
IBV,VVNS
IBV,LQGG
IBV,NTTL
IBV,PLQG
IBV,CCGC
IBV,DDFN
IBV,FTSV
IBV,GLLV
IBV,IQTR
IBV,LQGG
IBV,NLTV
IBV,PLQG
IBV,QTRT
IBV,SLLLK
IBV,SLSV
IBV,VVNS
IBV,LQGG
IBV,PLQG
IBV,CCGC
IBV,DFDD
IBV,FNYT
IBV,FTSV
IBV,GLLV
IBV,NLTV
IBV,NSVG
IBV,SLLL
IBV,SLLL
IBV,SLLL
IBV,SLSV
IBV,TNSS
IBV,LQGG
IBV,NTTL
IBV,FTNVS
IBV,CCGC
IBV,DFDD
IBV,ELSK
IBV,FTSV
IBV,GLLV
IBV,ILTS
IBV,IQTR
IBV,LQGG
IBV,NLTV
IBV,SLLL
IBV,SLSV
IBV,VVNS
IBV,VYRES
IBV,VSVS
IBV,VYRES
IBV,LQGG
IBV,PLQG
IBV,LQGG
IBV,PLQG
IBV,TNVS
IBV,LQGG
IBV,NTTL
IBV,PLQG
IBV,VNTT
IBV,AGAI
IBV,CCGC
IBV,CTAG
IBV,FKAG
IBV,GLLV
IBV,NVTS
IBV,QPLL
IBV,SLLL
IBV,SLSV
IBV,VITT
IBV,LQGG
IBV,TNSS
IBV,LTQY
IBV,NFSD
IBV,VSVS
IBV,AGAI
IBV,CCGC
IBV,CTAG
IBV,GLLV
IBV,NLTV
IBV,SFVY
IBV,SLLL
IBV,SLSV
IBV,VYRES
IBV,NETG
IBV,NFSD
IBV,LQGG
IBV,NTTL
IBV,LTQY
IBV,NFSD
IBV,VYRES
IBV,LQGG
IBV,TNYT
IBV,LTQY
IBV,NFSD
IBV,VSVS
IBV,GGLV
IBV,ISGG
IBV,LYNF
IBV,NFTF
IBV,NYTS
IBV,SNYT
IBV,SNYT
IBV,LQGG
IBV,PLQG
IBV,SAAS
IBV,CCGC
IBV,CTAG
IBV,GLLV
IBV,IPQN
IBV,IQTR
IBV,LTQY
IBV,NFSD
IBV,NLTV
IBV,NVTE
IBV,QEVI
IBV,SLLL
IBV,SLSV
IBV,SSLV
IBV,VSVS
IBV,LQGG
IBV,NTTL
IBV,CCGC
IBV,DDFN
IBV,FTSV
IBV,GLLV
IBV,LQGG
IBV,NLTV
IBV,PLQG
IBV,RSTS
IBV,SLLL
IBV,VQDV
IBV,CCGC
IBV,DFDD
IBV,IQTR
IBV,LQGG
IBV,NLTV
IBV,NTTL
IBV,SLSV
IBV,VVNS
IBV,LQGG
IBV,PLQG
IBV,NFTA
IBV,CCGC
IBV,GLLV
IBV,NETG
IBV,NFSD
IBV,NLTV
IBV,SLLL
IBV,SLSV
IBV,SSLV
IBV,TENV
IBV,NETG
IBV,NFSD
IBV,LQGG
IBV,PLQG
IBV,TNYT
IBV,NFSD
IBV,TNYT
IBV,GNFS
IBV,LQGG
IBV,PLQG
IBV,LQGG
IBV,PLQG
IBV,TNVS
IBV,VSVS
IBV,LQGG
IBV,PLQG
IBV,YNNT
IBV,CCGC
IBV,DFDD
IBV,GLLV
IBV,IQTR
IBV,LQGG
IBV,NLTV
IBV,PLQG
IBV,SLSV
IBV,VNGT
IBV,VVNS
IBV,VAVT
IBV,CCGC
IBV,CTAG
IBV,GLLV
IBV,IQTR
IBV,IVTL
IBV,LVLT
IBV,NFSD
IBV,RSTS
IBV,SLSV
IBV,SRRS
IBV,VFVT
IBV,AGAI
IBV,CCGC
IBV,CTAG
IBV,FKSG
IBV,GLLV
IBV,NLTV
IBV,SFVY
IBV,SLFL
IBV,SLSV
IBV,SPRG
IBV,VTENV
IBV,CCGC
IBV,FNLT
IBV,FNYT
IBV,FTSV
IBV,GLLV
IBV,LNFY
IBV,LQGG
IBV,NFSD
IBV,NLTV
IBV,SLLL
IBV,SLSV
IBV,SSLV
IBV,VGVL
IBV,VNSI
IBV,VVNS
IBV,FLNG
IBV,NVVN
IBV,NETG
IBV,NFSD
IBV,QGGC
IBV,CCGC
IBV,CTAG
IBV,GLLV
IBV,IPQN
IBV,IQTR
IBV,LTQY
IBV,NFSD
IBV,NLTV
IBV,NVTE
IBV,NVTN
IBV,QEVI
IBV,SLLL
IBV,SLSV
IBV,VSVS
IBV,GNFS
IBV,IQTR
IBV,LQGG
IBV,NLTV
IBV,PLQG
IBV,CCGC
IBV,GLLV
IBV,NFSD
IBV,SLLL
IBV,SLSV
IBV,VNKQ
IBV,VNVT
IBV,VYRE
IBV,LQGG
IBV,NTTL
IBV,PLQG
IBV,VNTT
IBV,CCGC
IBV,GLLV
IBV,NFSD
IBV,SLLL
IBV,SLSV
IBV,VNKQ
IBV,VNVT
IBV,VYRE
IBV,LQGG
IBV,NFSD
IBV,PLTG
IBV,VNGT
IBV,LQGG
IBV,PLQG
IBV,TNVS
IBV,KLTN
IBV,LQGG
IBV,TNSS
IBV,NFSD
IBV,VGQG
IBV,LQGG
IBV,PLQG
IBV,TNVS
IBV,AGAI
IBV,CCGC
IBV,FSNVS
IBV,GLLV
IBV,IQTR
IBV,IVTL
IBV,LVLT
IBV,NFSD
IBV,NLTV
IBV,SLLL
IBV,SLSV
IBV,TGRS
IBV,VFVT
IBV,AYGP
IBV,CCGC
IBV,CTAG
IBV,FDND
IBV,GLLV
IBV,IPQN
IBV,NETN
IBV,NLTV
IBV,SLLL
IBV,SLSV
IBV,SNET
IBV,SSLV
IBV,TAAG
IBV,LQGG
IBV,PLQG
IBV,NFSD
IBV,TNGS
IBV,VGQG
IBV,GNFS
IBV,LQGG
IBV,LTQY
IBV,TAQD
IBV,NETG
IBV,NFSD
IBV,NFSD
IBV,VGQG
IBV,LQGG
IBV,PLQG
IBV,NETG
IBV,NFSD
IBV,LQGG
IBV,TNST
IBV,LTQY
IBV,NFSD
IBV,VSVS
IBV,AGAI
IBV,CCGC
IBV,CTAG
IBV,ENGT
IBV,LDSSG
IBV,LSSL
IBV,NETS
IBV,NKTV
IBV,NNFT
IBV,QSGA
IBV,VRLT
IBV,VTHC
IBV,FTNVS
IBV,IQTR
IBV,LVLT
IBV,NLTV
IBV,NYTS
IBV,SATG
IBV,SNYT
IBV,CCGC
IBV,DFDD
IBV,FTSV
IBV,IQTR
IBV,LQGG
IBV,NLTV
IBV,NTTL
IBV,SLLL
IBV,SLSV
IBV,VVNS
IBV,AGAI
IBV,CCGC
IBV,CTAG
IBV,HRRKRSV
IBV,LDSSG
IBV,LSSL
IBV,NETS
IBV,NKTV
IBV,NNFT
IBV,QSGA
IBV,VRLT
IBV,CCGC
IBV,DFDD
IBV,FTSV
IBV,GLLV
IBV,NFSD
IBV,NLTV
IBV,SLLL
IBV,SLSV
IBV,VGQG
IBV,VQDV
IBV,NYTS
IBV,SNYT
IBV,LQGG
IBV,PLQG
IBV,TNVS
IBV,FTNVS
IBV,IQTR
IBV,LVLT
IBV,NLTV
IBV,NFSD
IBV,TATE
IBV,LTQY
IBV,VSVS
IBV,CCGC
IBV,DFDD
IBV,FTSV
IBV,GLLV
IBV,IQTR
IBV,LQGG
IBV,NLTV
IBV,PLQG
IBV,SLSV
IBV,VNGT
IBV,VVNS
IBV,VSVS
IBV,NETG
IBV,NFSD
IBV,NFSD
IBV,VGQG
IBV,CYAYS
IBV,LQGG
IBV,PLQG
IBV,LQGG
IBV,PLQG
IBV,LQGG
IBV,NTTL
IBV,LTQY
IBV,NFSD
IBV,LQGG
IBV,NTTL
IBV,LQGG
IBV,PLQG
IBV,TNVS
IBV,LQGG
IBV,PLQG
IBV,TNVS
IBV,ALKG
IBV,CCGC
IBV,IPQY
IBV,KVVTL
IBV,LNFT
IBV,LNKV
IBV,LRCR
IBV,NFTGF
IBV,NNGL
IBV,TIPQ
IBV,YTCV
IBV,NFSD
IBV,VGQG
IBV,CCGC
IBV,GLLV
IBV,IRVS
IBV,NETG
IBV,NFSD
IBV,NLTV
IBV,SLSV
IBV,SSLV
IBV,CCGC
IBV,DFDD
IBV,FTSV
IBV,IQTR
IBV,NLTV
IBV,PLQG
IBV,SLLL
IBV,SLSV
IBV,VVNS
IBV,FKSG
IBV,LTQH
IBV,NFTA
IBV,VYRES
IBV,VFLN
IBV,LQGG
IBV,NNFT
IBV,NTTL
IBV,LQGG
IBV,NTTL
IBV,PLQG
IBV,VNTT
IBV,VYRES
IBV,ANYV
IBV,CCGC
IBV,DFDD
IBV,DVVT
IBV,ELSK
IBV,FTSV
IBV,GLLV
IBV,IQTR
IBV,LQGG
IBV,NLTV
IBV,NTTL
IBV,SLLL
IBV,SLSV
IBV,VVNS
IBV,CCGC
IBV,DFDD
IBV,ELSK
IBV,FTSV
IBV,FVED
IBV,GLLV
IBV,IQTR
IBV,NLTV
IBV,SLLL
IBV,SLSV
IBV,VQDV
IBV,VVNS
IBV,GQGF
IBV,LTVS
IBV,QSGY
IBV,CCGC
IBV,DFDD
IBV,ELSK
IBV,GLLV
IBV,ILTS
IBV,IQTR
IBV,KQFV
IBV,LQGG
IBV,NLTV
IBV,NTTL
IBV,SLLL
IBV,SLSV
IBV,VNKQ
IBV,VVNS
IBV,AGAI
IBV,CCGC
IBV,CTAG
IBV,ETLS
IBV,GLLV
IBV,IPQN
IBV,KSDG
IBV,LNFY
IBV,NLTV
IBV,RPSD
IBV,SISL
IBV,SLLL
IBV,SSLV
IBV,VTPL
IBV,LQGG
IBV,NTTL
IBV,PLQG
IBV,LQGG
IBV,NTTL
IBV,NETG
IBV,NFSD
IBV,CCGC
IBV,CTAG
IBV,FVED
IBV,GLLV
IBV,GSYH
IBV,HVLT
IBV,SRRS
IBV,LQGG
IBV,TNVS
IBV,TYGP
IBV,LQGG
IBV,NTTL
IBV,PLQG
IBV,NYTS
IBV,SNYT
IBV,LQGG
IBV,NTTL
IBV,GNFS
IBV,LQGG
IBV,NFSD
IBV,VYSG
IBV,NETG
IBV,NFSD
IBV,SLLL
IBV,LQGG
IBV,LQGG
IBV,LQGG
IBV,LQGG
IBV,PLQG
IBV,TAQD
IBV,TNVS
IBV,CCGC
IBV,DFDD
IBV,ELSK
IBV,FTSV
IBV,GLLV
IBV,IQTR
IBV,LQGG
IBV,NLTV
IBV,SLLL
IBV,SLSV
IBV,VVNS
IBV,LVLT
IBV,NFSD
IBV,AGAI
IBV,CCGC
IBV,CTAG
IBV,GLLV
IBV,NLTV
IBV,SFVY
IBV,SLLL
IBV,SLSV
IBV,VYRES
IBV,LQGG
IBV,PLQG
IBV,TNVS
IBV,FTNVS
IBV,CCGC
IBV,DDFN
IBV,FTSV
IBV,GLLV
IBV,LQGG
IBV,NLTV
IBV,PLQG
IBV,RSTS
IBV,SLLL
IBV,ECGL
IBV,ELTN
IBV,NFSD
IBV,SASS
IBV,TNAS
IBV,VFVT
IBV,NETG
IBV,NFSD
IBV,CCGC
IBV,DFDD
IBV,ELSK
IBV,GLLV
IBV,IQTR
IBV,LQGG
IBV,NLTV
IBV,SLLL
IBV,SLSV
IBV,VVNS
IBV,LQGG
IBV,PLQG
IBV,CCGC
IBV,DFDD
IBV,ELSK
IBV,FTSV
IBV,GLLV
IBV,IQTR
IBV,LQGG
IBV,NLTV
IBV,SLLL
IBV,SLSV
IBV,VVNS
IBV,PLQG
IBV,TNYT
IBV,CCGC
IBV,DFDD
IBV,FTSV
IBV,IQTR
IBV,LQGG
IBV,NLTV
IBV,NTTL
IBV,SLLL
IBV,SLSV
IBV,VVNS
IBV,CCGC
IBV,DVVT
IBV,GLLV
IBV,IRVS
IBV,LQGG
IBV,LTVS
IBV,NETG
IBV,NFSD
IBV,NLTV
IBV,QYRP
IBV,SLLL
IBV,SSLV
IBV,TENV
IBV,CCGC
IBV,DFDD
IBV,DVVT
IBV,ELSK
IBV,FTSV
IBV,GLLV
IBV,IQTR
IBV,LQGG
IBV,LSFL
IBV,NLTV
IBV,SLLL
IBV,VVNS
IBV,LQGG
IBV,PLQG
IBV,CCGC
IBV,DFDD
IBV,ELSK
IBV,GLLV
IBV,IQTR
IBV,LQGG
IBV,NLTV
IBV,SLLL
IBV,SLSV
IBV,VVNS
IBV,NETG
IBV,NFSD
IBV,NFSD
IBV,ATGS
IBV,GGLV
IBV,NFTF
IBV,NYTS
IBV,SNYT
IBV,GNFS
IBV,LQGG
IBV,PLQG
IBV,CCGC
IBV,GLLV
IBV,GSLF
IBV,IQTR
IBV,LTQY
IBV,NLTV
IBV,NVTE
IBV,QEVI
IBV,SLLL
IBV,SLSV
IBV,SSLV
IBV,FSSN
IBV,SNET
IBV,CCGC
IBV,DFDD
IBV,FTSV
IBV,GLLV
IBV,IQTR
IBV,LQGG
IBV,NLTV
IBV,PLQG
IBV,QDVV
IBV,SLSV
IBV,VNGT
IBV,VVNS
IBV,CCGC
IBV,DFDD
IBV,FTSV
IBV,IQTR
IBV,LQGG
IBV,NLTV
IBV,SLLL
IBV,SLSV
IBV,VVNS
IBV,CCGC
IBV,ELSK
IBV,FTSV
IBV,GLLV
IBV,IQTR
IBV,LQGG
IBV,NLTV
IBV,SLLL
IBV,SLSV
IBV,VVNS
IBV,CCGC
IBV,DFDD
IBV,ELSK
IBV,GLLV
IBV,IQTR
IBV,LQGG
IBV,LVLT
IBV,NLTV
IBV,NTTLV
IBV,PLQG
IBV,SLLL
IBV,SLSV
IBV,VVNS
IBV,CCGC
IBV,GLLV
IBV,NLTV
IBV,NVTE
IBV,SLSV
IBV,SRRS
IBV,VFVT
IBV,LTQY
IBV,NFSD
IBV,VSVS
IBV,LTQY
IBV,NFSD
IBV,VSVS
IBV,LQGG
IBV,SFRP
IBV,NFSD
IBV,VGQG
IBV,AGAI
IBV,CCGC
IBV,CTAG
IBV,GRGI
IBV,LDSSG
IBV,LSSL
IBV,NNFT
IBV,QREL
IBV,QSGA
IBV,VRLT
IBV,DYGS
IBV,NITL
IBV,CCGC
IBV,DFDD
IBV,DVVT
IBV,ELSK
IBV,FTSV
IBV,GLLV
IBV,IQTR
IBV,ITGR
IBV,LQGG
IBV,NLTV
IBV,SLLL
IBV,SLSV
IBV,VVNS
IBV,LQGG
IBV,LVLT
IBV,NTTLV
IBV,DDFN
IBV,GLLV
IBV,NETG
IBV,NFSD
IBV,NLTV
IBV,QGGC
IBV,RSTS
IBV,SLLL
IBV,CCGC
IBV,DFDD
IBV,FTSV
IBV,IQTR
IBV,LQGG
IBV,LSVL
IBV,NLTV
IBV,PLQG
IBV,SLLL
IBV,SLSV
IBV,VVNS
IBV,LQGG
IBV,NTTL
IBV,NETG
IBV,NFSD
IBV,CCGC
IBV,CTAG
IBV,DFDD
IBV,DVVT
IBV,GLLV
IBV,IPQN
IBV,IQTR
IBV,LTQY
IBV,NFSD
IBV,NLTV
IBV,SLLL
IBV,SPRG
IBV,TNSS
IBV,VFSN
IBV,VSVS
IBV,NFSD
IBV,VGQG
IBV,NFSD
IBV,SDFT
IBV,YFKNG
IBV,LTQY
IBV,NFSD
IBV,VSVS
IBV,CCGC
IBV,DFDD
IBV,ELSK
IBV,GLLV
IBV,IQTR
IBV,LQGG
IBV,NLTV
IBV,SLLL
IBV,SLSV
IBV,VVNS
IBV,AGAI
IBV,CCGC
IBV,CTAG
IBV,ENGT
IBV,LDSSG
IBV,LSSL
IBV,NETS
IBV,NKTV
IBV,NNFT
IBV,QSGA
IBV,VRLT
IBV,VTHC
IBV,CCGC
IBV,FTSV
IBV,GLLV
IBV,NFSD
IBV,NLTV
IBV,SLLL
IBV,SLSV
IBV,SSLV
IBV,AGAI
IBV,CCGC
IBV,FSNVS
IBV,GAIS
IBV,GLLV
IBV,IQTR
IBV,LVLT
IBV,NFSD
IBV,NLTV
IBV,NTGN
IBV,SLLL
IBV,SLSV
IBV,TGRS
IBV,VFVT
IBV,LDSSG
IBV,NETS
IBV,NNFT
IBV,QSGA
IBV,CCGC
IBV,DFDD
IBV,ELSK
IBV,GLLV
IBV,IQTR
IBV,LQGG
IBV,NLTV
IBV,NTTL
IBV,SLLL
IBV,SLSV
IBV,VVNS
IBV,LTQY
IBV,NFSD
IBV,VSVS
IBV,CCGC
IBV,GLLV
IBV,IRVS
IBV,NETG
IBV,NFSD
IBV,NLTV
IBV,SLLL
IBV,SLSV
IBV,SSLV
IBV,TENV
IBV,CCGC
IBV,CTAG
IBV,GLLV
IBV,IPQN
IBV,IQTR
IBV,LTQY
IBV,NFSD
IBV,NLTV
IBV,NVTE
IBV,NVTN
IBV,QEVI
IBV,SLLL
IBV,SLSV
IBV,LQGG
IBV,NFSD
IBV,PPTG
IBV,TNVS
IBV,CCGC
IBV,DYGS
IBV,LVLP
IBV,NGIV
IBV,NITL
IBV,QQVQ
IBV,SIVG
IBV,SLSV
IBV,SNFT
IBV,SVST
IBV,SVST
IBV,SVST
IBV,TSRD
IBV,VYRES
IBV,LQGG
IBV,NTTL
IBV,LQGG
IBV,LVLT
IBV,LQGG
IBV,PLQG
IBV,LQGG
IBV,NTTL
IBV,PLQG
IBV,NYTE
IBV,SNYT
IBV,CCGC
IBV,DFDD
IBV,DVVT
IBV,ELSK
IBV,GLLV
IBV,IQTR
IBV,LQGG
IBV,NLTV
IBV,SLLL
IBV,SLSV
IBV,VVNS
IBV,GGCKQ
IBV,NETG
IBV,NFSD
IBV,VYRES
IBV,LTQY
IBV,NFSD
IBV,SGGKLVG
IBV,GSQF
IBV,SNET
IBV,AGAI
IBV,CTAG
IBV,ENGT
IBV,LDSSG
IBV,LNVT
IBV,LSSL
IBV,NETS
IBV,NKTV
IBV,NNFT
IBV,NVTA
IBV,QSGA
IBV,VRLT
IBV,VTHC
IBV,INGT
IBV,NFSD
IBV,SNET
IBV,CCGC
IBV,GLLV
IBV,NETG
IBV,NFSD
IBV,NLTV
IBV,SLLL
IBV,SLSV
IBV,SSLV
IBV,TENV
IBV,LQGG
IBV,NTTL
IBV,CCGC
IBV,CTAG
IBV,GLLV
IBV,IPQN
IBV,IQTR
IBV,LTQY
IBV,NFSD
IBV,NLTV
IBV,NVTE
IBV,QEVI
IBV,SLLL
IBV,SLSV
IBV,SSLV
IBV,VSVS
IBV,LQGG
IBV,PLQG
IBV,TNYT
IBV,CCGC
IBV,CTAG
IBV,GLLV
IBV,IPQN
IBV,IQTR
IBV,LTQY
IBV,NFSD
IBV,NLTV
IBV,NVTE
IBV,QEVI
IBV,SLLL
IBV,SLSV
IBV,SSLV
IBV,VSVS
IBV,TAGG
IBV,YNNT
IBV,CCGC
IBV,DFDD
IBV,FNYT
IBV,FTSV
IBV,GLLV
IBV,LQGG
IBV,NFSD
IBV,NLTV
IBV,RSTS
IBV,SLLL
IBV,SLSV
IBV,VQDV
IBV,NFSD
IBV,LLVL
IBV,LQGG
IBV,PLQG
IBV,CCGC
IBV,GLLV
IBV,IRVS
IBV,NETG
IBV,NFSD
IBV,NLTV
IBV,SLLL
IBV,SLSV
IBV,SSLV
IBV,TENV
IBV,CCGC
IBV,GLLV
IBV,NETG
IBV,NFSD
IBV,NLTV
IBV,SLLL
IBV,SLSV
IBV,SSLV
IBV,SNYT
IBV,FTNVS
IBV,IQTR
IBV,LVLT
IBV,NLTV
IBV,CCGC
IBV,DFDD
IBV,LVLT
IBV,NFSD
IBV,TGSQ
IBV,VFVT
IBV,LQGG
IBV,NTTL
IBV,NFSD
IBV,VGQG
IBV,LQGG
IBV,SSGA
IBV,NYTS
IBV,SNYT
IBV,NFSD
IBV,YNLT
IBV,LQGG
IBV,SAAS
IBV,STAQ
IBV,VYRES
IBV,CCGC
IBV,DFDD
IBV,DVVT
IBV,FTSV
IBV,IQTR
IBV,LQGG
IBV,NLTV
IBV,NTTL
IBV,PLQG
IBV,SLLL
IBV,SLSV
IBV,VVNS
IBV,CCGC
IBV,DFDD
IBV,IQTR
IBV,KQFV
IBV,LQGG
IBV,NLTV
IBV,PLQG
IBV,SLLL
IBV,SLSV
IBV,VNKQ
IBV,VVNS
IBV,CCGC
IBV,GLLV
IBV,IRVS
IBV,NETG
IBV,NFSD
IBV,NLTV
IBV,SLLL
IBV,SLSV
IBV,SSLV
IBV,TENV
IBV,CCGC
IBV,CTAG
IBV,GLLV
IBV,IPQN
IBV,IQTR
IBV,LTQY
IBV,NFSD
IBV,NLTV
IBV,NVTE
IBV,NVTN
IBV,SLLL
IBV,SLSV
IBV,SSLV
IBV,VSVS
IBV,LQGG
IBV,PLQG
IBV,YKVN
IBV,NYTS
IBV,SNYT
IBV,IQTR
IBV,YGRF
IBV,CCGC
IBV,DIFV
IBV,GLLV
IBV,SLSV
IBV,TIIF
IBV,TNVT
IBV,VNGT
IBV,FTNVS
IBV,IQTR
IBV,LVLT
IBV,NLTV
IBV,SGGG
IBV,FNVL
IBV,ATGS
IBV,GGLV
IBV,NFTF
IBV,NYTS
IBV,SNYT
IBV,LCSA
IBV,LQGG
IBV,NTTL
IBV,VYRES
IBV,DFDD
IBV,SLLL
IBV,CCGC
IBV,DFDD
IBV,ELSK
IBV,GLLV
IBV,GSYY
IBV,ILTS
IBV,IQTR
IBV,LQGG
IBV,NLTV
IBV,NTTL
IBV,SLLL
IBV,SLSV
IBV,VVNS
IBV,LQGG
IBV,NTTL
IBV,NETS
IBV,NYTS
IBV,SNYT
IBV,LQGG
IBV,TNYT
IBV,LQGG
IBV,PLQG
IBV,TNYT
IBV,NETG
IBV,NFSD
IBV,NFSD
IBV,VGQG
IBV,LQGG
IBV,NTTL
IBV,PLQG
IBV,VNTT
IBV,SNET
IBV,AGAI
IBV,AYGP
IBV,CCGC
IBV,GLLV
IBV,NLTV
IBV,NVTE
IBV,SLSV
IBV,SNET
IBV,CCGC
IBV,DFDD
IBV,ELSK
IBV,FTSV
IBV,GLLV
IBV,IQTR
IBV,LQGG
IBV,NLTV
IBV,SLLL
IBV,SLSV
IBV,VVNS
IBV,NETG
IBV,NFSD
IBV,NLTS
IBV,QGGC
IBV,NFTS
IBV,NNVT
IBV,SNVT
IBV,SRRS
IBV,NETG
IBV,NFSD
IBV,LQGG
IBV,NFSD
IBV,VSTF
IBV,LQGG
IBV,PLQG
IBV,NFSD
IBV,TNSS
IBV,VGQG
IBV,GNFS
IBV,LTQY
IBV,CCGC
IBV,CTAG
IBV,GLLV
IBV,IPQN
IBV,IQTR
IBV,LTQY
IBV,NFSD
IBV,NLTV
IBV,NVTE
IBV,QEVI
IBV,SLLL
IBV,SLSV
IBV,SSLV
IBV,VSVS
IBV,LQGG
IBV,PLQG
IBV,SNYT
IBV,CCGC
IBV,DDFN
IBV,FNYT
IBV,GLLV
IBV,IQTR
IBV,LQGG
IBV,NLTV
IBV,SLLL
IBV,SLSV
IBV,VNKQ
IBV,VQDV
IBV,VYRES
IBV,LTQY
IBV,NFSD
IBV,VSVS
IBV,LQGG
IBV,PLQG
IBV,TNVS
IBV,VSVS
IBV,SNYT
IBV,GVYA
IBV,LQGG
IBV,NTTL
IBV,PLQG
IBV,LQGG
IBV,PLQG
IBV,LQGG
IBV,NTTL
IBV,NFSD
IBV,VGQG
IBV,NFSD
IBV,TAYC
IBV,LQGG
IBV,PLQG
IBV,TNVS
IBV,CCGC
IBV,CTAG
IBV,FDND
IBV,GLLV
IBV,INGT
IBV,NFSD
IBV,SLSV
IBV,SNET
IBV,LQGG
IBV,LSVS
IBV,VGVL
IBV,GSQF
IBV,SNET
IBV,LQGG
IBV,TNSS
IBV,LQGG
IBV,NTTL
IBV,ATGS
IBV,CCGC
IBV,FNIS
IBV,GGLV
IBV,ITGR
IBV,ITGR
IBV,ITGR
IBV,KLTS
IBV,LVLP
IBV,NFTF
IBV,NYTS
IBV,SINR
IBV,SNYT
IBV,VNGT
IBV,VQDV
IBV,CCGC
IBV,DFDD
IBV,ELSK
IBV,FTSV
IBV,GLLV
IBV,IQTR
IBV,LQGG
IBV,NLTV
IBV,SLLL
IBV,SLSV
IBV,VVNS
IBV,LQGG
IBV,PLQG
IBV,TNVS
IBV,LQGG
IBV,NFSD
IBV,HCNF
IBV,NFTF
IBV,SAAG
IBV,LQGG
IBV,PLQG
IBV,TNYT
IBV,FTNVS
IBV,IQTR
IBV,LVLT
IBV,NLTV
IBV,LQGG
IBV,NTTL
IBV,SNFT
IBV,NFSD
IBV,RFIV
IBV,VFVT
IBV,LQGG
IBV,PLQG
IBV,CCGC
IBV,GLLV
IBV,IRVS
IBV,NETG
IBV,NFSD
IBV,NLTV
IBV,SLSV
IBV,SSLV
IBV,NFSD
IBV,FVVS
IBV,LQGG
IBV,NFSD
IBV,VFVT
IBV,VGQG
IBV,LQGG
IBV,PLQG
IBV,NLTV
IBV,TSAG
IBV,CCGC
IBV,GLLV
IBV,IRVS
IBV,NETG
IBV,NFSD
IBV,NLTV
IBV,SLSV
IBV,SSLV
IBV,LQGG
IBV,NFSD
IBV,SDGF
IBV,NFSD
IBV,VGQG
IBV,CCGC
IBV,GLLV
IBV,IRVS
IBV,NETG
IBV,NFSD
IBV,NLTV
IBV,SLSV
IBV,SSLV
IBV,YTSS
IBV,LQGG
IBV,PLQG
IBV,TNYT
IBV,LTQY
IBV,NFSD
IBV,NETG
IBV,NFSD
IBV,CCGC
IBV,FNYT
IBV,IQTR
IBV,LQGG
IBV,LVLTQ
IBV,NFSD
IBV,NLTV
IBV,QDVV
IBV,SLSV
IBV,TNSS
IBV,VNGT
IBV,VNKQ
IBV,VVNS
IBV,CCGC
IBV,GLLV
IBV,NETG
IBV,NFSD
IBV,NLTV
IBV,SLLL
IBV,SLSV
IBV,SSLV
IBV,TENV
IBV,LQGG
IBV,NTTL
IBV,PLQG
IBV,LQGG
IBV,TNVS
IBV,LQGG
IBV,NTTL
IBV,SVNT
IBV,CCGC
IBV,GLLV
IBV,IQTR
IBV,LQGG
IBV,NLTV
IBV,PLQG
IBV,SLSV
IBV,VQDV
IBV,VVNS
IBV,LTQY
IBV,NFSD
IBV,YSYL
IBV,CCGC
IBV,DFDD
IBV,FNYT
IBV,FTSV
IBV,GLLV
IBV,IQTR
IBV,LQGG
IBV,NFNF
IBV,NLTV
IBV,NTTL
IBV,SAIL
IBV,SLLL
IBV,SLLL
IBV,SLLL
IBV,SLSV
IBV,VNGT
IBV,VVNS
IBV,FTNVS
IBV,IQTR
IBV,LVLT
IBV,NLTV
IBV,QGGV
IBV,SNYT
IBV,LQGG
IBV,NTTL
IBV,GNFS
IBV,LQGG
IBV,NFSD
IBV,LTQY
IBV,NFSD
IBV,VSVS
IBV,NETG
IBV,NFSD
IBV,AGAI
IBV,CCGC
IBV,CTAG
IBV,GLLV
IBV,NLTV
IBV,SFVY
IBV,SLLL
IBV,SLSV
IBV,VYRES
IBV,ALKG
IBV,CCGC
IBV,IPQY
IBV,KCNN
IBV,KVVTL
IBV,LNFT
IBV,LNKV
IBV,LRCR
IBV,NFTGF
IBV,NNGL
IBV,TIPQ
IBV,TVGS
IBV,YTCV
IBV,LQGG
IBV,NFSD
IBV,VSTF
IBV,CCGC
IBV,DFDD
IBV,FTSV
IBV,IQTR
IBV,LQGG
IBV,NLTV
IBV,NTTL
IBV,SLLL
IBV,SLSV
IBV,LTQY
IBV,NFSD
IBV,VSVS
IBV,LQGG
IBV,NTTL
IBV,LTQY
IBV,NFSD
IBV,FTNVS
IBV,AGAI
IBV,CCGC
IBV,CTAG
IBV,GLLV
IBV,NLTV
IBV,SFVY
IBV,SLLL
IBV,SLSV
IBV,VYRES
IBV,CCGC
IBV,DFDD
IBV,DVVT
IBV,ELSK
IBV,FTSV
IBV,GLLV
IBV,IQTR
IBV,LQGG
IBV,NLTV
IBV,SLLL
IBV,SLSV
IBV,VVNS
IBV,CCGC
IBV,CTAG
IBV,ELSK
IBV,FVED
IBV,GLLV
IBV,HCNF
IBV,IPQN
IBV,LQGG
IBV,NFSD
IBV,NLTV
IBV,PPTG
IBV,SAAAI
IBV,SSYY
IBV,VNGT
IBV,VVNS
IBV,CCGC
IBV,DDFN
IBV,FNLT
IBV,FNYT
IBV,FTSV
IBV,GLLV
IBV,LQGG
IBV,NFSD
IBV,NLTV
IBV,NSVG
IBV,SLLL
IBV,SLSV
IBV,VGVL
IBV,CCGC
IBV,GLLV
IBV,IRVS
IBV,NETG
IBV,NFSD
IBV,NLTV
IBV,SLLL
IBV,SLSV
IBV,SSLV
IBV,TENV
IBV,NFSD
IBV,VSVS
IBV,LQGG
IBV,NTTL
IBV,PLQG
IBV,VNTT
IBV,LQGG
IBV,TNSS
IBV,SNYT
IBV,NETG
IBV,NFSD
IBV,NFSD
IBV,VGQG
IBV,LQGG
IBV,PLQG
IBV,NETG
IBV,NFSD
IBV,NFSD
IBV,VGQG
IBV,AIAFA
IBV,FNIS
IBV,GGLV
IBV,ITGR
IBV,ITGR
IBV,ITGR
IBV,KLTS
IBV,KYNG
IBV,LVLP
IBV,NFTF
IBV,NISL
IBV,NYTS
IBV,RIRR
IBV,SINR
IBV,SLGL
IBV,SNYT
IBV,TYYI
IBV,VNGT
IBV,VQDV
IBV,CCGC
IBV,ENGT
IBV,LDSSG
IBV,LSSL
IBV,NETS
IBV,NKTV
IBV,NNFT
IBV,QSGA
IBV,VRLT
IBV,CCGC
IBV,DDFN
IBV,FTSV
IBV,GLLV
IBV,LQGG
IBV,NLTV
IBV,SLSV
IBV,VNGT
IBV,VVNS
IBV,LQGG
IBV,NLTV
IBV,PLQG
IBV,KLTN
IBV,NFSD
IBV,LQGG
IBV,NFSY
IBV,NTTL
IBV,GGLV
IBV,NFTF
IBV,NYTS
IBV,SNYT
IBV,LTQY
IBV,NFSD
IBV,VSVS
IBV,NFSD
IBV,VGQG
IBV,LQGG
IBV,PLQG
IBV,CCGC
IBV,CTAG
IBV,GLLV
IBV,IPQN
IBV,IQTR
IBV,LTQY
IBV,NFSD
IBV,NLTV
IBV,NVTE
IBV,QEVI
IBV,SLLL
IBV,SLSV
IBV,SSLV
IBV,VSVS
IBV,NYTS
IBV,SNYT
IBV,NFSD
IBV,VGQG
IBV,CCGC
IBV,DFDD
IBV,DVVT
IBV,FTSV
IBV,IQTR
IBV,LQGG
IBV,NLTV
IBV,NTTL
IBV,PLQG
IBV,SLLL
IBV,SLSV
IBV,VVNS
IBV,KLTN
IBV,LTQY
IBV,TAQD
IBV,AGAI
IBV,CCGC
IBV,ENGT
IBV,ENGT
IBV,ENGT
IBV,FVED
IBV,LDSSG
IBV,LNVT
IBV,LSSL
IBV,NETS
IBV,NKTV
IBV,NVTA
IBV,QSGA
IBV,VRLT
IBV,VTHC
IBV,CCGC
IBV,DFDD
IBV,ELSK
IBV,GLLV
IBV,IQTR
IBV,LQGG
IBV,NLTV
IBV,SLLL
IBV,SLSV
IBV,VVNS
IBV,FTNVS
IBV,CCGC
IBV,DFDD
IBV,DVVT
IBV,FNLS
IBV,FTSV
IBV,LADG
IBV,LQGG
IBV,NLTV
IBV,NTTL
IBV,PLQG
IBV,SLLL
IBV,SLSV
IBV,VVNS
IBV,CCGC
IBV,GLLV
IBV,IRVS
IBV,NETG
IBV,NFSD
IBV,NLTV
IBV,SLSV
IBV,SSLV
IBV,LQGG
IBV,NTTL
IBV,VNTT
IBV,LTQY
IBV,NFSD
IBV,TNSS
IBV,VSVS
IBV,CCGC
IBV,GLLV
IBV,IRVS
IBV,NETG
IBV,NFSD
IBV,NLTV
IBV,SLSV
IBV,SSLV
IBV,CCGC
IBV,CTAG
IBV,GLLV
IBV,IPQN
IBV,IQTR
IBV,LTQY
IBV,NFSD
IBV,NLTV
IBV,NVTE
IBV,QEVI
IBV,SLLL
IBV,SLSV
IBV,SSLV
IBV,VSVS
IBV,CCGC
IBV,GLLV
IBV,NFSD
IBV,NLTV
IBV,NQTV
IBV,SLFL
IBV,SNET
IBV,SSLV
IBV,VNGT
IBV,VQDV
IBV,LQGG
IBV,NTTL
IBV,PLQG
IBV,LQGG
IBV,NTTL
IBV,LQGG
IBV,NTTL
IBV,PLQG
IBV,NETG
IBV,NFSD
IBV,NYTS
IBV,SNYT
IBV,NYTS
IBV,SNYT
IBV,ETIN
IBV,SNYT
IBV,CCGC
IBV,DFDD
IBV,FTSV
IBV,IQTR
IBV,KQFV
IBV,LQGG
IBV,NETG
IBV,NLTV
IBV,PLQG
IBV,SLLL
IBV,SLSV
IBV,TNSS
IBV,VNKQ
IBV,VVNS
IBV,FCTA
IBV,LTQY
IBV,NFSD
IBV,LQGG
IBV,PLQG
IBV,TNYT
IBV,CCGC
IBV,DFDD
IBV,ELSK
IBV,FTSV
IBV,GLLV
IBV,IQTR
IBV,LQGG
IBV,NLTV
IBV,SLLL
IBV,SLSV
IBV,VVNS
IBV,NFSD
IBV,VGQG
IBV,TNST
IBV,AIVP
IBV,CCGC
IBV,FTSV
IBV,GLLV
IBV,IRVS
IBV,NETG
IBV,NFSD
IBV,NLTV
IBV,SSLV
IBV,VSVNK
IBV,LQGG
IBV,NTTL
IBV,LQGG
IBV,PLQG
IBV,SFRP
IBV,TNVS
IBV,FTNVS
IBV,LQGG
IBV,PLQG
IBV,TNYT
IBV,TVGA
IBV,LQGG
IBV,NTTL
IBV,LQGG
IBV,PLQG
IBV,TNYT
IBV,NFSD
IBV,VGQG
IBV,CCGC
IBV,CTAG
IBV,GLLV
IBV,IQTR
IBV,LTQY
IBV,NFSD
IBV,NLTV
IBV,NVTE
IBV,QEVI
IBV,SLLL
IBV,SLSV
IBV,SSLV
IBV,VSVS
IBV,CCGC
IBV,DFDD
IBV,FTSV
IBV,GLLV
IBV,IVFI
IBV,KSLF
IBV,LQGG
IBV,LTSC
IBV,NLTV
IBV,PLQG
IBV,SLSV
IBV,VNGT
IBV,VVNS
IBV,CCGC
IBV,DFDD
IBV,ELSK
IBV,GLLV
IBV,GSYY
IBV,ILTS
IBV,IQTR
IBV,LQGG
IBV,NLTV
IBV,NTTL
IBV,SLLL
IBV,SLSV
IBV,VVNS
IBV,LQGG
IBV,PLQG
IBV,CCGC
IBV,GLLV
IBV,IRVS
IBV,NETG
IBV,NFSD
IBV,NLTV
IBV,SLSV
IBV,SSLV
IBV,CCGC
IBV,FSNVS
IBV,GAIS
IBV,GLLV
IBV,IQTR
IBV,IRVS
IBV,IVTL
IBV,LVLT
IBV,NFSD
IBV,NLTV
IBV,SLSV
IBV,TGRS
IBV,CCGC
IBV,CTAG
IBV,GLLV
IBV,IPQN
IBV,IQTR
IBV,LTQY
IBV,NFSD
IBV,NLTV
IBV,NVTE
IBV,QEVI
IBV,SLLL
IBV,SLSV
IBV,SSLV
IBV,VSVS
IBV,HNET
IBV,NFSD
IBV,VGQG
IBV,CCGC
IBV,CTAG
IBV,DFDD
IBV,DVVT
IBV,GLLV
IBV,IQTR
IBV,LTQY
IBV,NFSD
IBV,NLTV
IBV,SLLL
IBV,SLSV
IBV,TNSS
IBV,VFSN
IBV,VSVS
IBV,HCNF
IBV,NFSD
IBV,APVL
IBV,CCGC
IBV,DDFN
IBV,FTSV
IBV,GLLV
IBV,NFSD
IBV,NLTV
IBV,RSTS
IBV,SLLL
IBV,SLSV
IBV,AGAI
IBV,CCGC
IBV,CTAG
IBV,FNLS
IBV,LNIT
IBV,LSIV
IBV,LSSL
IBV,NFSDG
IBV,NKNF
IBV,SNQT
IBV,YTTF
IBV,YVYY
IBV,CCGC
IBV,DFDD
IBV,DVVT
IBV,ELSK
IBV,FTSV
IBV,GLLV
IBV,IQTR
IBV,LQGG
IBV,NFSD
IBV,NLTV
IBV,SLLL
IBV,SLSV
IBV,TNSS
IBV,INGT
IBV,NFSD
IBV,SNET
IBV,CCGC
IBV,ENGT
IBV,FCIKPD
IBV,FNLT
IBV,IQIN
IBV,LNVS
IBV,NKNF
IBV,SLNK
IBV,VINK
IBV,YVYY
IBV,LQGG
IBV,PLQG
IBV,LQGG
IBV,NTTL
IBV,NFSD
IBV,TNSS
IBV,VGQG
IBV,LQGG
IBV,PLQG
IBV,TNVS
IBV,CCGC
IBV,DFDD
IBV,FTSV
IBV,GLLV
IBV,NFSD
IBV,NLTV
IBV,SLLL
IBV,SLSV
IBV,VGQG
IBV,AASFN
IBV,CCGC
IBV,CTAG
IBV,GLLV
IBV,NVTS
IBV,QPLL
IBV,RSLF
IBV,SLLL
IBV,SLSV
IBV,VITT
IBV,NYTS
IBV,SNYT
IBV,NFSD
IBV,YYKV
IBV,AGAI
IBV,CCGC
IBV,CTAG
IBV,FKSG
IBV,GLLV
IBV,GQGF
IBV,IVTL
IBV,LNIT
IBV,NETK
IBV,NLTV
IBV,SAIL
IBV,VVFI
IBV,LDSSG
IBV,NETS
IBV,NNFT
IBV,QSGA
IBV,NFSD
IBV,SLSL
IBV,FCTA
IBV,AYGP
IBV,NETN
IBV,SNET
IBV,LQGG
IBV,PLQG
IBV,TNYT
IBV,LQGG
IBV,NNFT
IBV,LQGG
IBV,NTTL
IBV,PLQG
IBV,VNTT
IBV,LDSSG
IBV,NETS
IBV,NNFT
IBV,QSGA
IBV,VYRES
IBV,SGGKLVG
IBV,CCGC
IBV,DFDD
IBV,ELSK
IBV,FTSV
IBV,GLLV
IBV,IQTR
IBV,LQGG
IBV,NLTV
IBV,PLLNI
IBV,PPNG
IBV,SLLL
IBV,SLSV
IBV,VVNS
IBV,LTQY
IBV,NFSD
IBV,AGAI
IBV,AYGP
IBV,CCGC
IBV,GLLV
IBV,NLTV
IBV,NVTE
IBV,SLSV
IBV,SNET
IBV,SRRS
IBV,FTNVS
IBV,IQTR
IBV,LVLT
IBV,NLTV
IBV,SNFT
IBV,LTQY
IBV,NFSD
IBV,LQGG
IBV,NTTL
IBV,CCGC
IBV,DFDD
IBV,IQTR
IBV,LQGG
IBV,NLTV
IBV,PLQG
IBV,SLLL
IBV,SLSV
IBV,VVNS
IBV,LDSSG
IBV,NETS
IBV,NNFT
IBV,QSGA
IBV,CCGC
IBV,FTSV
IBV,GLLV
IBV,NFSD
IBV,NLTV
IBV,SLLL
IBV,SLSV
IBV,VGQG
IBV,VQDV
IBV,LQGG
IBV,PLQG
IBV,GSQF
IBV,SNET
IBV,CCGC
IBV,GLLV
IBV,LSVL
IBV,SAIL
IBV,SIQG
IBV,VNVT
IBV,YNST
IBV,LQGG
IBV,NTTL
IBV,PLQG
IBV,LQGG
IBV,PLQG
IBV,FTNVS
IBV,CCGC
IBV,DFDD
IBV,GLLV
IBV,NFSD
IBV,NLTV
IBV,NVTA
IBV,SLLL
IBV,SLSV
IBV,TNSS
IBV,VGVL
IBV,VVNS
IBV,NFSD
IBV,TNSS
IBV,VGQG
IBV,NFSD
IBV,VYRE
IBV,AGAI
IBV,CCGC
IBV,DVVT
IBV,GLLV
IBV,NFSD
IBV,NLTV
IBV,SLSV
IBV,SRRS
IBV,SSLV
IBV,SSSQ
IBV,FTNVS
IBV,IQTR
IBV,LVLT
IBV,NLTV
IBV,LQGG
IBV,SFRP
IBV,NFSD
IBV,VGQG
IBV,CCGC
IBV,FTSV
IBV,IQTR
IBV,LQGG
IBV,NLTV
IBV,NTTL
IBV,SLLL
IBV,SLSV
IBV,VVNS
IBV,FNVL
IBV,NYTS
IBV,SNYT
IBV,NFSD
IBV,SRRS
IBV,SSSQ
IBV,CCGC
IBV,DDFN
IBV,ELSK
IBV,FNLS
IBV,FTSV
IBV,GLLV
IBV,IQTR
IBV,LQGG
IBV,NLTV
IBV,SLLL
IBV,SLSV
IBV,VVNS
IBV,LQGG
IBV,NTTL
IBV,PLQG
IBV,CCGC
IBV,DFDD
IBV,DVVT
IBV,ELSK
IBV,FTSV
IBV,GLLV
IBV,IQTR
IBV,LQGG
IBV,NLTV
IBV,SLLL
IBV,SLSV
IBV,VVNS
IBV,CCGC
IBV,DFDD
IBV,SLLL
IBV,GNFS
IBV,LQGG
IBV,PLQG
IBV,LVLT
IBV,NFSD
IBV,VFVT
IBV,LTQY
IBV,NFSD
IBV,VSVS
IBV,GTAQ
IBV,AGAI
IBV,CCGC
IBV,CTAG
IBV,GLLV
IBV,NLTV
IBV,SFVY
IBV,SLLL
IBV,SLSV
IBV,VKSL
IBV,VYRES
IBV,NYTS
IBV,SNYT
IBV,NYTS
IBV,SNYT
IBV,NETG
IBV,NFSD
IBV,NETG
IBV,NFSD
IBV,VSVS
IBV,CCGC
IBV,DDFN
IBV,FTSV
IBV,GLLV
IBV,LQGG
IBV,NLTV
IBV,PLQG
IBV,RSTS
IBV,SLLL
IBV,LQGG
IBV,NTTL
IBV,NETG
IBV,NFSD
IBV,NVVN
IBV,LQGG
IBV,PLQG
IBV,LQGG
IBV,NTTL
IBV,FNVL
IBV,NFSD
IBV,LTQY
IBV,NFSD
IBV,LQGG
IBV,NTTL
IBV,LQGG
IBV,PLQG
IBV,TNVS
IBV,VYRES
IBV,CCGC
IBV,FVED
IBV,GLLV
IBV,GSPRG
IBV,IVFI
IBV,LQGG
IBV,NFSD
IBV,NLTV
IBV,PQPG
IBV,SNET
IBV,SRRS
IBV,VSVNK
IBV,ANGS
IBV,CCGC
IBV,ENGT
IBV,FCIKP
IBV,FNLT
IBV,IYGR
IBV,LISD
IBV,LNVS
IBV,NKNF
IBV,SLNK
IBV,VINK
IBV,YVYY
IBV,CCGC
IBV,DFDD
IBV,DVVT
IBV,ELSK
IBV,FTSV
IBV,GLLV
IBV,IQTR
IBV,KQFV
IBV,LQGG
IBV,NLTV
IBV,SLLL
IBV,SLSV
IBV,VVNS
IBV,NFSD
IBV,LTQY
IBV,NFSD
IBV,NVTN
IBV,VSVS
IBV,LQGG
IBV,PLQG
IBV,SNYT
IBV,AGAI
IBV,CCGC
IBV,CTAG
IBV,GLLV
IBV,NLTV
IBV,SFVY
IBV,SLLL
IBV,SLSV
IBV,FTSN
IBV,LTQY
IBV,NFSD
IBV,LTQY
IBV,NFSD
IBV,VSVS
IBV,NESN
IBV,PLQG
IBV,VFVT
IBV,CCGC
IBV,GLLV
IBV,IRVS
IBV,NETG
IBV,NFSD
IBV,NLTV
IBV,SLSV
IBV,SSLV
IBV,CCGC
IBV,DFDD
IBV,DVVT
IBV,FTSV
IBV,GLLV
IBV,NFSD
IBV,NLTV
IBV,NSGG
IBV,SLLL
IBV,SLSV
IBV,TARD
IBV,VGQG
IBV,NFSD
IBV,VSVS
IBV,VYRES
IBV,CCGC
IBV,FTSV
IBV,GLLV
IBV,IQTR
IBV,LQGG
IBV,NLTV
IBV,SLLL
IBV,SLSV
IBV,TNVS
IBV,VNGT
IBV,LDSSG
IBV,NETS
IBV,NNFT
IBV,QSGA
IBV,GSQQ
IBV,TLLF
IBV,YGRF
IBV,NETG
IBV,NFSD
IBV,LQGG
IBV,RRRR
IBV,LQGG
IBV,PLQG
IBV,VYRES
IBV,LTQY
IBV,NFSD
IBV,VSVS
IBV,CCGC
IBV,GLLV
IBV,IRVS
IBV,NETG
IBV,NFSD
IBV,NLTV
IBV,SLSV
IBV,SSLV
IBV,NFSD
IBV,VSVS
IBV,VYRES
IBV,VYRES
IBV,LQGG
IBV,NTTL
IBV,PLQG
IBV,LQGG
IBV,PLQG
IBV,TNVS
IBV,VNTT
IBV,LQGG
IBV,PLQG
IBV,LQGG
IBV,PLQG
IBV,TNVS
IBV,FKSG
IBV,NFSD
IBV,VGQG
IBV,LQGG
IBV,TNSS
IBV,NFTS
IBV,AGAI
IBV,CCGC
IBV,CTAG
IBV,FKSG
IBV,GLLV
IBV,NLTV
IBV,SFVY
IBV,SLLL
IBV,SLSV
IBV,VYRES
IBV,LQGG
IBV,NTTL
IBV,CCGC
IBV,FYNN
IBV,GLLV
IBV,KLTS
IBV,NGLV
IBV,NKTV
IBV,NYYR
IBV,QQVQ
IBV,VGKL
IBV,VLNI
IBV,VVLN
IBV,SNYT
IBV,LDSSG
IBV,GNFS
IBV,LQGG
IBV,PLQG
IBV,CCGC
IBV,GLLV
IBV,IRVS
IBV,NETG
IBV,NFSD
IBV,NLTV
IBV,SLSV
IBV,SSLV
IBV,LQGG
IBV,NTTL
IBV,PLQG
IBV,NFSD
IBV,VGQG
IBV,TNVS
IBV,PLQG
IBV,QSVF
IBV,VFVT
IBV,NFTF
IBV,NYTS
IBV,SNYT
IBV,YVNF
IBV,CCGC
IBV,DFDD
IBV,ELSK
IBV,GLLV
IBV,IQTR
IBV,KQFV
IBV,LQGG
IBV,NLTV
IBV,NYNN
IBV,SLLL
IBV,SLLL
IBV,SLLL
IBV,SLSV
IBV,VVNS
IBV,AIVP
IBV,CCGC
IBV,FTSV
IBV,GLLV
IBV,IRVS
IBV,NETG
IBV,NFSD
IBV,NLTV
IBV,SLSV
IBV,SSLV
IBV,VSVNK
IBV,CCGC
IBV,DFDD
IBV,FTSV
IBV,GLLV
IBV,GSYY
IBV,LQGG
IBV,NLTV
IBV,PLQG
IBV,RSTS
IBV,SLLL
IBV,SLSV
IBV,TNYT
IBV,VQDV
IBV,LQGG
IBV,NTTL
IBV,AGAI
IBV,CCGC
IBV,CTAG
IBV,FTSV
IBV,GLLV
IBV,NETK
IBV,NLTV
IBV,NVTN
IBV,SAAS
IBV,SAIL
IBV,SLLL
IBV,SLSV
IBV,SSLV
IBV,VNGT
IBV,VNVT
IBV,CCGC
IBV,DFDD
IBV,FTSV
IBV,GLLV
IBV,IQTR
IBV,LQGG
IBV,NLTV
IBV,PLQG
IBV,SLSV
IBV,VNGT
IBV,VVNS
IBV,CCGC
IBV,GLLV
IBV,IRVS
IBV,NETG
IBV,NFSD
IBV,NLTV
IBV,SLLL
IBV,SLSV
IBV,SSLV
IBV,TENV
IBV,LQGG
IBV,PLQG
IBV,TNVS
IBV,FKDG
IBV,CCGC
IBV,DVVT
IBV,IQTR
IBV,LQGG
IBV,NITL
IBV,NLTV
IBV,PLQG
IBV,SLLL
IBV,SLSV
IBV,VVNS
IBV,LQGG
IBV,NTTL
IBV,PLQG
IBV,LQGG
IBV,PLQG
IBV,AYGP
IBV,NFSD
IBV,VGQG
IBV,NETG
IBV,NFSD
IBV,NLTV
IBV,TENV
IBV,LTQY
IBV,NFSD
IBV,VSVS
IBV,AVVN
IBV,CCGC
IBV,CTAG
IBV,GLLV
IBV,QGFI
IBV,SLLL
IBV,SLSV
IBV,SNVS
IBV,SYNY
IBV,VLIP
IBV,VSVNK
IBV,FKAG
IBV,LQGG
IBV,NFSD
IBV,VGVL
IBV,LQGG
IBV,PLQG
IBV,VSVS
IBV,LQGG
IBV,NTTL
IBV,LQGG
IBV,PLQG
IBV,TNYT
IBV,NFSD
IBV,VSVS
IBV,NFSD
IBV,TNSS
IBV,VGVL
IBV,CCGC
IBV,FTSV
IBV,GLLV
IBV,IQTR
IBV,LQGG
IBV,NFSD
IBV,NLTV
IBV,PLQG
IBV,SLSV
IBV,VVNS
IBV,LQGG
IBV,NTTL
IBV,PLQG
IBV,LCSA
IBV,LQGG
IBV,NTTL
IBV,LQGG
IBV,NTTL
IBV,FTNVS
IBV,CCGC
IBV,GLLV
IBV,NETG
IBV,NFSD
IBV,NLTV
IBV,SLLL
IBV,SLSV
IBV,SSLV
IBV,TENV
IBV,CCGC
IBV,DFDD
IBV,ELSK
IBV,FTSV
IBV,GLLV
IBV,IQTR
IBV,LQGG
IBV,NLTV
IBV,SLLL
IBV,SLSV
IBV,VVNS
IBV,LQGG
IBV,TNVS
IBV,NFSD
IBV,VGQG
IBV,LQGG
IBV,LVLT
IBV,NFSD
IBV,VGQG
IBV,LQGG
IBV,NTTL
IBV,LQGG
IBV,NTTL
IBV,LTQY
IBV,NFSD
IBV,VSVS
IBV,LQGG
IBV,PLQG
IBV,SFRP
IBV,CCGC
IBV,DDFN
IBV,ELSK
IBV,FTSV
IBV,GLLV
IBV,LLNF
IBV,LQGG
IBV,NLTV
IBV,PLQG
IBV,QSEY
IBV,RSTS
IBV,SLLL
IBV,VQDV
IBV,FTNVS
IBV,NFSD
IBV,CCGC
IBV,DFDD
IBV,GSEQ
IBV,IQTR
IBV,KQFV
IBV,LQGG
IBV,NLTV
IBV,PLQG
IBV,SLLL
IBV,VNKQ
IBV,VVNS
IBV,NFSD
IBV,SFRP
IBV,VGQG
IBV,LQGG
IBV,PLQG
IBV,LQGG
IBV,NTTL
IBV,PLQG
IBV,VNTT
IBV,FVVS
IBV,LTQY
IBV,NFSD
IBV,NETG
IBV,NFSD
IBV,LQGG
IBV,PLQG
IBV,CCGC
IBV,DFDD
IBV,FTSV
IBV,GLLV
IBV,IQTR
IBV,LQGG
IBV,NLTV
IBV,PLQG
IBV,QDVV
IBV,SLSV
IBV,VNGT
IBV,VVNS
IBV,LQGG
IBV,NTTL
IBV,LQGG
IBV,PLQG
IBV,CCGC
IBV,FTSV
IBV,GLLV
IBV,LNIT
IBV,NLTV
IBV,SLLL
IBV,SRRS
IBV,VFIT
IBV,VNGT
IBV,VQDVV
IBV,VVNS
IBV,LQGG
IBV,PLQG
IBV,NFSD
IBV,VGQG
IBV,FING
IBV,LTQY
IBV,NFSD
IBV,NETG
IBV,NFSD
IBV,NLTS
IBV,QGGC
IBV,CCGC
IBV,DDFN
IBV,FTSV
IBV,GLLV
IBV,LQGG
IBV,NLTV
IBV,PLQG
IBV,RSTS
IBV,SLLL
IBV,AGAI
IBV,CCGC
IBV,CTAG
IBV,GLLV
IBV,NLTV
IBV,SFVY
IBV,SLLL
IBV,SLSV
IBV,CCGC
IBV,CCGC
IBV,DFDD
IBV,ELSK
IBV,GLLV
IBV,IQTR
IBV,LQGG
IBV,NLTV
IBV,SLLL
IBV,SLSV
IBV,VVNS
IBV,CCGC
IBV,GLLV
IBV,IRVS
IBV,NETG
IBV,NFSD
IBV,NLTV
IBV,SLSV
IBV,SSLV
IBV,CCGC
IBV,DVVT
IBV,GLLV
IBV,SLSV
IBV,SRRS
IBV,SSLV
IBV,SSSQ
IBV,NYTS
IBV,SNYT
IBV,LQGG
IBV,PLQG
IBV,LTQY
IBV,NFSD
IBV,VSVS
IBV,CCGC
IBV,GLLV
IBV,IQTR
IBV,LTQY
IBV,NFSD
IBV,NLTV
IBV,NVTE
IBV,QEVI
IBV,SLLL
IBV,SLSV
IBV,SSLV
IBV,LTQY
IBV,NFSD
IBV,VSVS
IBV,NFSD
IBV,VGQG
IBV,CCGC
IBV,ELSK
IBV,FTSV
IBV,GLLV
IBV,IQTR
IBV,LQGG
IBV,NLTV
IBV,NVST
IBV,RRRS
IBV,SIGQ
IBV,SLLL
IBV,SLSV
IBV,VVNS
IBV,LQGG
IBV,NFSD
IBV,LDSSG
IBV,NETS
IBV,NNFT
IBV,QSGA
IBV,CCGC
IBV,GLLV
IBV,NFSD
IBV,NLTV
IBV,QEVI
IBV,SLSV
IBV,VGQG
IBV,NFSD
IBV,NETG
IBV,NFSD
IBV,GNFS
IBV,LQGG
IBV,NFSD
IBV,LQGG
IBV,PLQG
IBV,TNVS
IBV,LQGG
IBV,NTTL
IBV,FSVA
IBV,LQGG
IBV,NETG
IBV,NFSD
IBV,LQGG
IBV,NTTL
IBV,PLQG
IBV,LQGG
IBV,NTTL
IBV,LVLT
IBV,NFSD
IBV,VFVT
IBV,CCGC
IBV,GLLV
IBV,IRVS
IBV,NETG
IBV,NFSD
IBV,NLTV
IBV,SLSV
IBV,SSLV
IBV,NFSD
IBV,VGQG
IBV,GSQF
IBV,SNET
IBV,LQGG
IBV,LVLT
IBV,NTTLV
IBV,VSVS
IBV,NFSD
IBV,VGQG
IBV,LQGG
IBV,NTTL
IBV,NYNN
IBV,PLQG
IBV,NFSD
IBV,VGQG
IBV,LQGG
IBV,NFTF
IBV,LTQY
IBV,NFSD
IBV,VYRES
IBV,CCGC
IBV,DFDD
IBV,DVVT
IBV,FTSV
IBV,GLLV
IBV,NFSD
IBV,QPNS
IBV,RSTS
IBV,SLLL
IBV,SLSV
IBV,VVTL
IBV,LQGG
IBV,NYNN
IBV,PLQG
IBV,CCGC
IBV,CTAG
IBV,DFDD
IBV,GLLV
IBV,ILTS
IBV,IPQN
IBV,IQTR
IBV,LTQY
IBV,NFSD
IBV,NLTV
IBV,SLLL
IBV,SLSV
IBV,TNSS
IBV,VFSN
IBV,VSVS
IBV,AGAI
IBV,CCGC
IBV,GLLV
IBV,NLTV
IBV,SFVY
IBV,SLLL
IBV,SLSV
IBV,VKSL
IBV,VYRES
IBV,CCGC
IBV,GITA
IBV,GLLV
IBV,GVIQ
IBV,NETG
IBV,NFSD
IBV,NISSE
IBV,NLTV
IBV,QSEY
IBV,SLLL
IBV,SLSV
IBV,YIRVS
IBV,CCGC
IBV,DFDD
IBV,ELSK
IBV,FTSV
IBV,GLLV
IBV,IQTR
IBV,LQGG
IBV,NLTV
IBV,SLLL
IBV,SLSV
IBV,VVNS
IBV,CCGC
IBV,DFDD
IBV,FTSV
IBV,GLLV
IBV,LQGG
IBV,NFSD
IBV,NLTV
IBV,SLLL
IBV,SLSV
IBV,VGQG
IBV,CCGC
IBV,GLLV
IBV,IRVS
IBV,NETG
IBV,NFSD
IBV,NLTV
IBV,SLLL
IBV,SLSV
IBV,SSLV
IBV,TENV
IBV,LQGG
IBV,PLQG
IBV,FTNVS
IBV,IQTR
IBV,LVLT
IBV,NLTV
IBV,GNFS
IBV,LQGG
IBV,CCGC
IBV,DFDD
IBV,ELSK
IBV,FTSV
IBV,GLLV
IBV,IQTR
IBV,LQGG
IBV,NLTV
IBV,SLLL
IBV,SLSV
IBV,SVGQ
IBV,VVNS
IBV,LQGG
IBV,PLQG
IBV,LTQY
IBV,NFSD
IBV,TNSS
IBV,VSVS
IBV,FTNVS
IBV,CCGC
IBV,FTSV
IBV,IQTR
IBV,LQGG
IBV,NLTV
IBV,NTTL
IBV,SLLL
IBV,SLSV
IBV,VNTT
IBV,LTQY
IBV,NFSD
IBV,VSVS
IBV,GNFS
IBV,LQGG
IBV,PLQG
IBV,CCGC
IBV,DFDD
IBV,IQTR
IBV,LQGG
IBV,NLTV
IBV,PLQG
IBV,SLLL
IBV,SLSV
IBV,VVNS
IBV,LCSA
IBV,NVTDS
IBV,FTNVS
IBV,IQTR
IBV,LVLT
IBV,NLTV
IBV,NSSL
IBV,VFVT
IBV,NETG
IBV,NFSD
IBV,LTQY
IBV,NFSD
IBV,VSVS
IBV,AGAI
IBV,ASFN
IBV,CCGC
IBV,FNLS
IBV,FSSN
IBV,GLLV
IBV,LSNF
IBV,NLTV
IBV,SLLL
IBV,SLSV
IBV,SLSV
IBV,SLSV
IBV,SNET
IBV,VNGT
IBV,LQGG
IBV,SFRP
IBV,CCGC
IBV,CTAG
IBV,DFDD
IBV,GLLV
IBV,IPQN
IBV,IQTR
IBV,IVTL
IBV,LVLT
IBV,NDTK
IBV,NLTV
IBV,SLSV
IBV,VNGT
IBV,YGRF
IBV,NETG
IBV,NFSD
IBV,NETG
IBV,NFSD
IBV,NFSD
IBV,TATE
IBV,LVLT
IBV,NFSD
IBV,VFVT
IBV,LQGG
IBV,NTTL
IBV,LQGG
IBV,SAAS
IBV,LQGG
IBV,PLQG
IBV,TNVS
IBV,VNTT
IBV,DFDD
IBV,ELSK
IBV,GFCG
IBV,GLLV
IBV,ILTS
IBV,IQTR
IBV,LINL
IBV,LQGG
IBV,NLTV
IBV,SLLL
IBV,SLSV
IBV,VVNS
IBV,CCGC
IBV,ELSK
IBV,FTSV
IBV,GLLV
IBV,IQTR
IBV,LQGG
IBV,NLTV
IBV,SLLL
IBV,SLSV
IBV,VVNS
IBV,CCGC
IBV,DFDD
IBV,FNLS
IBV,GLLV
IBV,IQTR
IBV,NFSD
IBV,NLTV
IBV,SLLL
IBV,SLSV
IBV,TNSS
IBV,VVNS
IBV,CCGC
IBV,GLLV
IBV,IRVS
IBV,NETG
IBV,NFSD
IBV,NLTV
IBV,SLSV
IBV,SSLV
IBV,LQGG
IBV,NTTL
IBV,VYRES
IBV,CCGC
IBV,DFDD
IBV,ELSK
IBV,GLLV
IBV,IQTR
IBV,LQGG
IBV,NLTV
IBV,NVST
IBV,PLQG
IBV,SLLLK
IBV,SLSV
IBV,VVNS
IBV,LQGG
IBV,PLQG
IBV,TNVS
IBV,VNTT
IBV,AGAI
IBV,APVL
IBV,CCGC
IBV,GLLV
IBV,NLTV
IBV,PSTG
IBV,RSTS
IBV,SLLL
IBV,TSEF
IBV,VNTT
IBV,LTQY
IBV,NFSD
IBV,CCGC
IBV,GLLV
IBV,IRVS
IBV,NETG
IBV,NFSD
IBV,NLTV
IBV,SLLL
IBV,SLSV
IBV,SSLV
IBV,TENV
IBV,LQGG
IBV,NNFT
IBV,NTTL
IBV,CCGC
IBV,DDFN
IBV,FTSV
IBV,GLLV
IBV,LQGG
IBV,NLTV
IBV,PLQG
IBV,RSTS
IBV,SLLL
IBV,CCGC
IBV,CTAG
IBV,ELSK
IBV,FVED
IBV,GLLV
IBV,HCNF
IBV,IPQN
IBV,LQGG
IBV,NFSD
IBV,NLTV
IBV,PPTG
IBV,SAAAI
IBV,VNGT
IBV,VVNS
IBV,CCGC
IBV,CTAG
IBV,ESFV
IBV,FKSG
IBV,GLLV
IBV,NLTV
IBV,SFVY
IBV,SLSV
IBV,VNGT
IBV,IFTS
IBV,LDSSG
IBV,NETS
IBV,QSGA
IBV,AGAI
IBV,CCGC
IBV,CTAG
IBV,GLLV
IBV,NLTV
IBV,SFVY
IBV,SLLL
IBV,SLSV
IBV,VYRES
IBV,LQGG
IBV,PLQG
IBV,TNVS
IBV,AGAI
IBV,APVL
IBV,CCGC
IBV,CTAG
IBV,DDFN
IBV,GLLV
IBV,NLTV
IBV,RSTS
IBV,CCGC
IBV,CTAG
IBV,FTSV
IBV,GLLV
IBV,IQTR
IBV,LTQY
IBV,NFSD
IBV,NLTV
IBV,NVTE
IBV,QEVI
IBV,SLLL
IBV,SLSV
IBV,SSLV
IBV,SSVL
IBV,TAQE
IBV,VSVS
IBV,CCGC
IBV,DFDD
IBV,ELSK
IBV,GLLV
IBV,IQTR
IBV,LQGG
IBV,NLTV
IBV,SLLL
IBV,SLSV
IBV,VVNS
IBV,LQGG
IBV,SASS
IBV,VGVL
IBV,NNFT
IBV,NTTL
IBV,CCGC
IBV,DFDD
IBV,FTSV
IBV,GLLV
IBV,IQTR
IBV,LQGG
IBV,NLTV
IBV,PLQG
IBV,SLSV
IBV,VNGT
IBV,VVNS
IBV,CCGC
IBV,DFDD
IBV,ELSK
IBV,GLLV
IBV,IQTR
IBV,LQGG
IBV,SLLL
IBV,SLSV
IBV,VVNS
IBV,CCGC
IBV,DFDD
IBV,ELSK
IBV,FNYT
IBV,FTSV
IBV,IQTR
IBV,KSGG
IBV,LQGG
IBV,NLTV
IBV,RSTS
IBV,SLLL
IBV,SLSV
IBV,VQDV
IBV,VVNS
IBV,CCGC
IBV,DFDD
IBV,ELSK
IBV,FTSV
IBV,GLLV
IBV,IQTR
IBV,LQGG
IBV,NLTV
IBV,SLLL
IBV,SLSV
IBV,VVNS
IBV,CCGC
IBV,GLLV
IBV,IRVS
IBV,NETG
IBV,NFSD
IBV,NLTV
IBV,SLSV
IBV,SSLV
IBV,NFSD
IBV,NVTE
IBV,NVTN
IBV,SVFN
IBV,NESN
IBV,PLQG
IBV,VFVT
IBV,LDSSG
IBV,NETS
IBV,NNFT
IBV,QSGA
IBV,FTNVS
IBV,LQGG
IBV,NTTL
IBV,CCGC
IBV,GLLV
IBV,IRVS
IBV,NETG
IBV,NFSD
IBV,NLTV
IBV,SLLL
IBV,SLSV
IBV,SSLV
IBV,CCGC
IBV,DFDD
IBV,DVVT
IBV,FTSV
IBV,GLLV
IBV,NFSD
IBV,NLTV
IBV,SLLL
IBV,SLSV
IBV,TNSS
IBV,VGQG
IBV,CCGC
IBV,DDFN
IBV,DVIL
IBV,FNYT
IBV,FTSV
IBV,GLLV
IBV,LADA
IBV,LLNF
IBV,LQGG
IBV,NFSD
IBV,NLTV
IBV,SLLL
IBV,VQDV
IBV,LQGG
IBV,NTTL
IBV,AGAI
IBV,CCGC
IBV,CTAG
IBV,FTSV
IBV,GAIS
IBV,GLLV
IBV,NETK
IBV,NLTV
IBV,NVTE
IBV,PPIIT
IBV,SAAS
IBV,SLLL
IBV,SLSV
IBV,SRRS
IBV,SSLV
IBV,VFVT
IBV,VNGT
IBV,VNVT
IBV,CCGC
IBV,DFDD
IBV,FTSV
IBV,GLLV
IBV,NFSD
IBV,NLTV
IBV,SLLL
IBV,SLSV
IBV,VGQG
IBV,AYGP
IBV,CCGC
IBV,CTAG
IBV,GLLV
IBV,NLTV
IBV,QSGY
IBV,VITT
IBV,LQGG
IBV,PLQG
IBV,NYTS
IBV,SNYT
IBV,CCGC
IBV,FSNVS
IBV,GLLV
IBV,ILSV
IBV,IQTR
IBV,IRVS
IBV,IVTL
IBV,LVLT
IBV,NFSD
IBV,NLTV
IBV,SLSV
IBV,TGRS
IBV,VFVT
IBV,CCGC
IBV,GLLV
IBV,LDTS
IBV,NETG
IBV,NFSD
IBV,NLTV
IBV,SLLL
IBV,SLSV
IBV,SSLV
IBV,SFVY
IBV,VYRE
IBV,NETG
IBV,NFSD
IBV,LTQY
IBV,NFSD
IBV,VSVS
IBV,CCGC
IBV,DFDD
IBV,FTSV
IBV,IQTR
IBV,LQGG
IBV,NLTV
IBV,PLQG
IBV,SLLL
IBV,SLSV
IBV,VVNS
IBV,AGAI
IBV,AGYN
IBV,CCGC
IBV,CTAG
IBV,DVVT
IBV,FNIS
IBV,GLLV
IBV,SLSV
IBV,VNGT
IBV,VNVT
IBV,CTAG
IBV,GLLV
IBV,IPQN
IBV,IQTR
IBV,LTQY
IBV,NFSD
IBV,NLTV
IBV,NVTE
IBV,SLLL
IBV,SLSV
IBV,SSLV
IBV,LQGG
IBV,NTTL
IBV,LQGG
IBV,NTTL
IBV,LTQY
IBV,NFSD
IBV,TNSS
IBV,VSVS
IBV,CCGC
IBV,DVVT
IBV,GLLV
IBV,IRVS
IBV,LQGG
IBV,NETG
IBV,NFSD
IBV,NLTV
IBV,SLLL
IBV,SLSV
IBV,SSLV
IBV,TENV
IBV,LQGG
IBV,NTTL
IBV,LQGG
IBV,PLQG
IBV,LQGG
IBV,NFSD
IBV,VGVL
IBV,NYTS
IBV,SNYT
IBV,NETS
IBV,NYTS
IBV,SNYT
IBV,GGLV
IBV,NYTS
IBV,SNYT
IBV,SNYT
IBV,SNYT
IBV,CCGC
IBV,DDFN
IBV,FTSV
IBV,GLLV
IBV,LQGG
IBV,NITL
IBV,NLTV
IBV,RSTS
IBV,VNGT
IBV,VQDV
IBV,CCGC
IBV,DFDD
IBV,IQTR
IBV,KQFV
IBV,LQGG
IBV,NLTV
IBV,PLQG
IBV,SLLL
IBV,SLSV
IBV,VNKQ
IBV,VVNS
IBV,GNFS
IBV,LQGG
IBV,PLQG
IBV,CCGC
IBV,DFDD
IBV,DGSL
IBV,ELSK
IBV,FTSV
IBV,GLLV
IBV,IQTR
IBV,LQGG
IBV,NLTV
IBV,SLLL
IBV,SLSV
IBV,VVNS
IBV,CCGC
IBV,DFDD
IBV,FNYT
IBV,FTSV
IBV,GLLV
IBV,IQTR
IBV,NFSD
IBV,NLTV
IBV,NVTE
IBV,SAIL
IBV,SLLL
IBV,SLSV
IBV,TNVS
IBV,VGVL
IBV,VQDV
IBV,VVNS
IBV,LQGG
IBV,PLQG
IBV,KLTN
IBV,LTQY
IBV,NFSD
IBV,KSQF
IBV,LQGG
IBV,NTTL
IBV,NFSD
IBV,NYLA
IBV,VSTF
IBV,SNYT
IBV,AGAI
IBV,CCGC
IBV,FSNVS
IBV,GAIS
IBV,GLLVL
IBV,IQTR
IBV,LVLT
IBV,NFSD
IBV,NLTV
IBV,SLLL
IBV,TGRS
IBV,CCGC
IBV,GLLV
IBV,IRVS
IBV,NETG
IBV,NFSD
IBV,NLTV
IBV,QGGC
IBV,SLSV
IBV,SSLV
IBV,VYRES
IBV,CCGC
IBV,DFDD
IBV,DVVT
IBV,ELSK
IBV,FNLS
IBV,FTSV
IBV,GLLV
IBV,IQTR
IBV,LQGG
IBV,NLTV
IBV,SLLL
IBV,SLSV
IBV,VVNS
IBV,LQGG
IBV,NNFT
IBV,LQGG
IBV,PLQG
IBV,NETG
IBV,NFSD
IBV,LQGG
IBV,PLQG
IBV,LQGG
IBV,NTTL
IBV,PLQG
IBV,LVLT
IBV,NFSD
IBV,VFVT
IBV,CCGC
IBV,DFDD
IBV,ELSK
IBV,GLLV
IBV,IQTR
IBV,LQGG
IBV,NLTV
IBV,SLLL
IBV,SLSV
IBV,VVNS
IBV,LDSSG
IBV,CCGC
IBV,DFDD
IBV,ELSK
IBV,FTSV
IBV,GLLV
IBV,IQTR
IBV,LQGG
IBV,NLTV
IBV,SLLL
IBV,SLSV
IBV,VVNS
IBV,CCGC
IBV,DFDD
IBV,ELSK
IBV,FTSV
IBV,GLLV
IBV,IQTR
IBV,LQGG
IBV,NLTV
IBV,SLLL
IBV,SLSV
IBV,VVNS
IBV,CCGC
IBV,GLLV
IBV,IRVS
IBV,NETG
IBV,NFSD
IBV,NLTV
IBV,SLSV
IBV,SSLV
IBV,CCGC
IBV,DFDD
IBV,ELSK
IBV,GLLV
IBV,IQTR
IBV,LQGG
IBV,NLTV
IBV,NTTL
IBV,SLLL
IBV,SLSV
IBV,VVNS
IBV,NETG
IBV,NFSD
IBV,LQGG
IBV,SFRP
IBV,LQGG
IBV,NTTL
IBV,NYTS
IBV,SNYT
IBV,LTQY
IBV,NFSD
IBV,LTQY
IBV,NFSD
IBV,NETG
IBV,NFSD
IBV,LQGG
IBV,LVLT
IBV,NTTLV
IBV,CCGC
IBV,ELSK
IBV,GLLV
IBV,IQTR
IBV,LQGG
IBV,NLTV
IBV,SLLL
IBV,SLSV
IBV,VVNS
IBV,CCGC
IBV,GLLV
IBV,GSLF
IBV,IQTR
IBV,LTQY
IBV,NLTV
IBV,NVTE
IBV,QEVI
IBV,SLLL
IBV,SLSV
IBV,SSLV
IBV,CCGC
IBV,DFDD
IBV,FTSV
IBV,IQTR
IBV,LQGG
IBV,NLTV
IBV,PLQG
IBV,SLLL
IBV,SLSV
IBV,VVNS
IBV,VYRES
IBV,VYRES
IBV,NFSD
IBV,SNYT
IBV,FVVSG
IBV,LTQY
IBV,NFSD
IBV,TAQD
IBV,VGQG
IBV,NYTS
IBV,SNYT
IBV,LQGG
IBV,LVFT
IBV,NTTL
IBV,CCGC
IBV,DFDD
IBV,FTSV
IBV,GLLV
IBV,IQTY
IBV,NFSD
IBV,NLTV
IBV,NVTA
IBV,SLLL
IBV,SLSV
IBV,TGRL
IBV,TNSS
IBV,VVNS
IBV,LQGG
IBV,TNYT
IBV,LQGG
IBV,PLQG
IBV,LQGG
IBV,NTTL
IBV,CCGC
IBV,DFDD
IBV,ELSK
IBV,GLLV
IBV,IQTR
IBV,LQGG
IBV,NITL
IBV,NLTV
IBV,SLLL
IBV,SLSV
IBV,VVNS
IBV,CCGC
IBV,GLLV
IBV,IRVS
IBV,NETG
IBV,NFSD
IBV,NLTV
IBV,SLSV
IBV,SSLV
IBV,LQGG
IBV,NTTL
IBV,CCGC
IBV,DVVT
IBV,GLLV
IBV,NLTV
IBV,SLSV
IBV,SRRS
IBV,SSLV
IBV,SSSQ
IBV,AGAI
IBV,CCGC
IBV,CTAG
IBV,ENGT
IBV,FKTG
IBV,LDSSG
IBV,LNVT
IBV,LSSL
IBV,NETS
IBV,NKTV
IBV,NNFT
IBV,NVTA
IBV,QSGA
IBV,VRLT
IBV,VTHC
IBV,FTNVS
IBV,FNVL
IBV,LQGG
IBV,PLQG
IBV,LQGG
IBV,NTTL
IBV,FTNVS
IBV,HCNF
IBV,KLTN
IBV,NFSD
IBV,CCGC
IBV,DFDD
IBV,IQTR
IBV,LQGG
IBV,PLQG
IBV,SLLL
IBV,SLSV
IBV,VVNS
IBV,LTQY
IBV,NFSD
IBV,VSVS
IBV,CCGC
IBV,GLLV
IBV,NETG
IBV,NFSD
IBV,NLTV
IBV,SLLL
IBV,SLSV
IBV,SSLV
IBV,TENV
IBV,FKSG
IBV,LTQH
IBV,NFTA
IBV,LQGG
IBV,PLQG
IBV,SNET
IBV,LTQY
IBV,NFSD
IBV,TNSS
IBV,VSVS
IBV,LQGG
IBV,NTTL
IBV,CCGC
IBV,DFDD
IBV,DVVT
IBV,ELSK
IBV,FTSV
IBV,GLLV
IBV,IQTR
IBV,LQGG
IBV,NLTV
IBV,SLLL
IBV,SLSV
IBV,VVNS
IBV,LQGG
IBV,NTTL
IBV,CCGC
IBV,DFDD
IBV,ELSK
IBV,FTSV
IBV,GLLV
IBV,ILTS
IBV,IQTR
IBV,NLTV
IBV,SLLL
IBV,SLSV
IBV,VVNS
IBV,NFSD
IBV,TNSS
IBV,VGQG
IBV,LQGG
IBV,PLQG
IBV,TNVS
IBV,CCGC
IBV,DDFN
IBV,FTSV
IBV,GLLV
IBV,HGLN
IBV,LQGG
IBV,NLTV
IBV,PLQG
IBV,RSTS
IBV,VNVT
IBV,NFSD
IBV,VGQG
IBV,NFSD
IBV,VGQG
IBV,LQGG
IBV,NFSD
IBV,NETN
IBV,NFSD
IBV,VSGAG
IBV,NFSD
IBV,YYKV
IBV,CCGC
IBV,CTAG
IBV,GLLV
IBV,IPQN
IBV,IQTR
IBV,LTQY
IBV,NFSD
IBV,NLTV
IBV,NVTE
IBV,QEVI
IBV,SLLL
IBV,SLSV
IBV,SSLV
IBV,VSVS
IBV,CCGC
IBV,DFDD
IBV,FTSV
IBV,GLLV
IBV,KKCTAG
IBV,LQGG
IBV,NFSD
IBV,SAIL
IBV,SLLL
IBV,VQDV
IBV,LQGG
IBV,PLQG
IBV,TNYT
IBV,NYTS
IBV,SNYT
IBV,NETG
IBV,NFSD
IBV,LDSSG
IBV,NETS
IBV,NNFT
IBV,QSGA
IBV,NFSD
IBV,VSVS
IBV,LDSSG
IBV,NETS
IBV,NNFT
IBV,QSGA
IBV,CCGC
IBV,DFDD
IBV,DVVT
IBV,FNFS
IBV,FTSV
IBV,IQTR
IBV,LQGG
IBV,NLTV
IBV,NTTL
IBV,SLLL
IBV,SLSV
IBV,VVNS
IBV,LTQY
IBV,NFSD
IBV,VSVS
IBV,CCGC
IBV,FTSV
IBV,IQTR
IBV,LQGG
IBV,LVLT
IBV,NLTV
IBV,SLLL
IBV,SLSV
IBV,VVNS
IBV,FTNVS
IBV,LTQY
IBV,NFSD
IBV,VSVS
IBV,LQGG
IBV,PLQG
IBV,LQGG
IBV,NTTL
IBV,FTNVS
IBV,IQTR
IBV,LVLT
IBV,NLTV
IBV,NFSD
IBV,VGQG
IBV,CCGC
IBV,CTAG
IBV,ELSK
IBV,FVED
IBV,GLLV
IBV,HCNF
IBV,IPQN
IBV,LQGG
IBV,NFSD
IBV,NLTV
IBV,PPTG
IBV,SAAAI
IBV,SSYY
IBV,VNGT
IBV,VVNS
IBV,LQGG
IBV,PLQG
IBV,AGAI
IBV,CCGC
IBV,CTAG
IBV,FTSV
IBV,GAIS
IBV,GLLV
IBV,NETK
IBV,NLTV
IBV,NVTE
IBV,PPIIT
IBV,SAAS
IBV,SLLL
IBV,SLSV
IBV,SRRS
IBV,SSLV
IBV,VFVT
IBV,VNGT
IBV,VNVT
IBV,VYRES
IBV,AFRP
IBV,LQGG
IBV,PLQG
IBV,LQGG
IBV,NTTL
IBV,PLQG
IBV,NYTS
IBV,SNYT
IBV,CCGC
IBV,DFDD
IBV,FTSV
IBV,GLLV
IBV,IQTR
IBV,LQGG
IBV,NLTV
IBV,PLQG
IBV,QDVV
IBV,VNGT
IBV,VVNS
IBV,NETG
IBV,NFSD
IBV,FTNVS
IBV,IQTR
IBV,LVLT
IBV,NLTV
IBV,LQGG
IBV,NTTL
IBV,PLQG
IBV,NFSD
IBV,TNSS
IBV,VGQG
IBV,TVGA
IBV,CCGC
IBV,DFDD
IBV,ELSK
IBV,GLLV
IBV,ILTS
IBV,IQTR
IBV,LQGG
IBV,NLTV
IBV,NTTL
IBV,SLLL
IBV,SLSV
IBV,VQDV
IBV,VVNS
IBV,FNVL
IBV,HNFT
IBV,LQGG
IBV,NTTL
IBV,PLQG
IBV,AIVP
IBV,CCGC
IBV,GLLV
IBV,IRVS
IBV,NETG
IBV,NFSD
IBV,NLTV
IBV,SLSV
IBV,SSLV
IBV,DVIN
IBV,LDSSG
IBV,NETS
IBV,NNFT
IBV,QSGA
IBV,FTNVS
IBV,IQTR
IBV,LVLT
IBV,NLTV
IBV,LQGG
IBV,NTTL
IBV,FTNVS
IBV,CCGC
IBV,DFDD
IBV,ELSK
IBV,FTSV
IBV,GLLV
IBV,IQTR
IBV,NLTV
IBV,SLLL
IBV,SLSV
IBV,VVNS
IBV,LDSSG
IBV,NETS
IBV,NNFT
IBV,QSGA
IBV,LQGG
IBV,PLQG
IBV,TNYT
IBV,LQGG
IBV,NTTL
IBV,CCGC
IBV,DFDD
IBV,ELSK
IBV,FTSV
IBV,GLLV
IBV,IQTR
IBV,LQGG
IBV,NLTV
IBV,SLLL
IBV,SLSV
IBV,VVNS
IBV,FTNVS
IBV,IQTR
IBV,LVLT
IBV,NLTV
IBV,NFSD
IBV,SDGS
IBV,NFSD
IBV,SRRS
IBV,SSSQ
IBV,VFVT
IBV,NYTS
IBV,SNYT
IBV,CCGC
IBV,CVKS
IBV,DYGS
IBV,LVLP
IBV,NGIV
IBV,NITL
IBV,PDSF
IBV,SNFT
IBV,TSRD
IBV,NFSD
IBV,VGQG
IBV,AGAI
IBV,CCGC
IBV,FKSG
IBV,GAIS
IBV,NETK
IBV,NLTV
IBV,NVTE
IBV,SLSV
IBV,SSLV
IBV,VNGT
IBV,VNVT
IBV,LQGG
IBV,NTTL
IBV,LQGG
IBV,PLQG
IBV,LQGG
IBV,PLQG
IBV,TNVS
IBV,LQGG
IBV,NTTL
IBV,CCGC
IBV,FTSV
IBV,GLLV
IBV,IQTR
IBV,LQGG
IBV,NLTV
IBV,PLQG
IBV,SLSV
IBV,VVNS
IBV,CCGC
IBV,DFDD
IBV,GLLV
IBV,IQTR
IBV,ITQS
IBV,LLLT
IBV,LQGG
IBV,NLTV
IBV,SLLL
IBV,SLSV
IBV,VVNS
IBV,CCGC
IBV,DFDD
IBV,GLLV
IBV,IRVS
IBV,NFSD
IBV,NLTV
IBV,RSTS
IBV,SLLL
IBV,SLSV
IBV,LDSSG
IBV,NETS
IBV,NNFT
IBV,QSGA
IBV,AGAI
IBV,CCGC
IBV,CTAG
IBV,ENGT
IBV,LDSSG
IBV,LSSL
IBV,NKTV
IBV,NNFT
IBV,QSGA
IBV,VRLT
IBV,VTHC
IBV,LQGG
IBV,PLQG
IBV,GNFS
IBV,LQGG
IBV,PLQG
IBV,GGLV
IBV,NFTF
IBV,NYTS
IBV,SNYT
IBV,LQGG
IBV,LVLT
IBV,NTTLV
IBV,ANGS
IBV,CCGC
IBV,ENGT
IBV,FCIKP
IBV,FNLT
IBV,IYGR
IBV,LISD
IBV,LNVS
IBV,NKNF
IBV,SLNK
IBV,VINK
IBV,YVYY
IBV,LQGG
IBV,TNYT
IBV,CCGC
IBV,DFDD
IBV,FTSV
IBV,IQTR
IBV,LQGG
IBV,NLTV
IBV,NTTL
IBV,SLLL
IBV,SLSV
IBV,VVNS
IBV,LQGG
IBV,PLQG
IBV,TNVS
IBV,CCGC
IBV,CTAG
IBV,ESFV
IBV,GLLV
IBV,NLTV
IBV,SFVY
IBV,SLSV
IBV,VNGT
IBV,LQGG
IBV,PLQG
IBV,TNYT
IBV,AGAI
IBV,CCGC
IBV,FKAG
IBV,GLLV
IBV,NLTV
IBV,SLLL
IBV,SLSV
IBV,SPRG
IBV,TNGT
IBV,CCGC
IBV,GLLV
IBV,NETG
IBV,NFSD
IBV,NLTV
IBV,SLLL
IBV,SLSV
IBV,SSLV
IBV,TENV
IBV,NETG
IBV,NFSD
IBV,VYRES
IBV,SNYT
IBV,NSAAS
IBV,NYNN
IBV,SLSL
IBV,TNSS
IBV,CCGC
IBV,DFDD
IBV,DVVT
IBV,FTSV
IBV,FVED
IBV,GLLV
IBV,IQTR
IBV,LTQY
IBV,NLTV
IBV,NTTL
IBV,SLLL
IBV,SLSV
IBV,VFSN
IBV,VVNS
IBV,CCGC
IBV,DFDD
IBV,DVVT
IBV,ELSK
IBV,FNLS
IBV,FTSV
IBV,GLLV
IBV,IQTR
IBV,LQGG
IBV,NLTV
IBV,SLLL
IBV,SLSV
IBV,VVNS
IBV,FKAG
IBV,AGAI
IBV,AYGP
IBV,CCGC
IBV,GLLV
IBV,NLTV
IBV,NVTE
IBV,SLSV
IBV,SRRS
IBV,NETG
IBV,NFSD
IBV,LTQY
IBV,NFSD
IBV,VSVS
IBV,NFSD
IBV,TNSS
IBV,CCGC
IBV,GLLV
IBV,IRVS
IBV,NETG
IBV,NFSD
IBV,NLTV
IBV,SLLL
IBV,SLSV
IBV,SSLV
IBV,GNFS
IBV,LQGG
IBV,CCGC
IBV,GLLV
IBV,IRVS
IBV,NETG
IBV,NFSD
IBV,NLTV
IBV,SLSV
IBV,SSLV
IBV,LTQY
IBV,NFSD
IBV,VSVS
IBV,CCGC
IBV,GLLV
IBV,IRVS
IBV,NETG
IBV,NFSD
IBV,NLTV
IBV,SLSV
IBV,SSLV
IBV,CCGC
IBV,DVVT
IBV,GLLV
IBV,IRVS
IBV,LQGG
IBV,NETG
IBV,NFSD
IBV,NLTV
IBV,SLLL
IBV,SLSV
IBV,SSLV
IBV,TENV
IBV,NFSD
IBV,LTQY
IBV,NFSD
IBV,SDFT
IBV,CCGC
IBV,DFDD
IBV,FTSV
IBV,GLLV
IBV,GNSL
IBV,IQTR
IBV,LQGG
IBV,NLTV
IBV,NYNN
IBV,SLLL
IBV,SLSV
IBV,VVNS
IBV,LQGG
IBV,TNSS
IBV,TNYT
IBV,NETG
IBV,NFSD
IBV,LQGG
IBV,PLQG
IBV,NETG
IBV,NFSD
IBV,NSSL
IBV,VFVT
IBV,LTQY
IBV,NFSD
IBV,VSVS
IBV,AGAI
IBV,AYGP
IBV,CCGC
IBV,GLLV
IBV,NLTV
IBV,NVTE
IBV,SLSV
IBV,SNET
IBV,SRRS
IBV,CCGC
IBV,GLLV
IBV,ITSR
IBV,NFTS
IBV,NGLV
IBV,NNVT
IBV,QQVQ
IBV,RLIT
IBV,SLIV
IBV,SLLL
IBV,SNVT
IBV,SRRS
IBV,SVLA
IBV,TGRG
IBV,VQDV
IBV,VSLI
IBV,VVNK
IBV,AGAI
IBV,CCGC
IBV,CTAG
IBV,FTSV
IBV,GLLV
IBV,IVTL
IBV,NLTV
IBV,NVTA
IBV,PPIIT
IBV,SSLV
IBV,VFVT
IBV,VNVT
IBV,LQGG
IBV,PLQG
IBV,VYRE
IBV,YNST
IBV,CCGC
IBV,DFDD
IBV,DVVT
IBV,ELSK
IBV,GLLV
IBV,IQTR
IBV,LQGG
IBV,NLTV
IBV,SLLL
IBV,SLSV
IBV,VVNS
IBV,NYTS
IBV,SNYT
IBV,LQGG
IBV,PLQG
IBV,NFSD
IBV,TATE
IBV,AGAI
IBV,CCGC
IBV,CTAG
IBV,GLLV
IBV,NLTV
IBV,SFVY
IBV,SLLL
IBV,SLSV
IBV,VYRES
IBV,LQGG
IBV,NTTL
IBV,AIVP
IBV,CCGC
IBV,FTSV
IBV,GLLV
IBV,IRVS
IBV,NETG
IBV,NFSD
IBV,NLTV
IBV,SSLV
IBV,VSVNK
IBV,CCGC
IBV,DVVT
IBV,GLLV
IBV,IRVS
IBV,LQGG
IBV,NETG
IBV,NFSD
IBV,NLTV
IBV,SLLL
IBV,SLSV
IBV,SSLV
IBV,TENV
IBV,NFSD
IBV,VYRE
IBV,LTQY
IBV,NFSD
IBV,VSVS
IBV,NETG
IBV,NFSD
IBV,LQGG
IBV,NTTL
IBV,CCGC
IBV,GLLV
IBV,IRVS
IBV,NETG
IBV,NFSD
IBV,NLTV
IBV,SLLL
IBV,SLSV
IBV,SSLV
IBV,TENV
IBV,CCGC
IBV,DFDD
IBV,FTSV
IBV,GLLV
IBV,IQTR
IBV,LQGG
IBV,NLTV
IBV,PLQG
IBV,QDVV
IBV,SLSV
IBV,VNGT
IBV,VVNS
IBV,SQFC
IBV,KLTN
IBV,LTQY
IBV,NFSD
IBV,GVYS
IBV,LQGG
IBV,AASV
IBV,LTQY
IBV,NFSD
IBV,NFSD
IBV,VGQG
IBV,CCGC
IBV,DYGS
IBV,ELTL
IBV,LVLP
IBV,NGIV
IBV,NITL
IBV,QQVQ
IBV,SIVG
IBV,SLSV
IBV,SNFT
IBV,SVST
IBV,SVST
IBV,SVST
IBV,TSRD
IBV,VSVS
IBV,LQGG
IBV,NNFT
IBV,NTTL
IBV,FTNVS
IBV,LTQY
IBV,NFSD
IBV,NYTS
IBV,NFSD
IBV,VGQG
IBV,LTQY
IBV,NFSD
IBV,VSVS
IBV,LQGG
IBV,NTTL
IBV,PLQG
IBV,TYGS
IBV,FTNVS
IBV,AGAI
IBV,CCGC
IBV,CTAG
IBV,ENGT
IBV,LDSSG
IBV,LNVT
IBV,LSSL
IBV,NETS
IBV,NKTV
IBV,NNFT
IBV,NVTA
IBV,QSGA
IBV,VRLT
IBV,VTHC
IBV,NFSD
IBV,LQGG
IBV,NTTL
IBV,NFSD
IBV,VGQG
IBV,AGAI
IBV,CCGC
IBV,CTAG
IBV,FTSV
IBV,GAIS
IBV,GLLV
IBV,NETK
IBV,NLTV
IBV,NVTE
IBV,PPIIT
IBV,SAAS
IBV,SLLL
IBV,SLSV
IBV,SRRS
IBV,SSLV
IBV,VFVT
IBV,VNGT
IBV,VNVT
IBV,AGAI
IBV,AYGP
IBV,CCGC
IBV,GLLV
IBV,NLTV
IBV,NVTE
IBV,PSGL
IBV,SLSV
IBV,SNET
IBV,STKP
IBV,VFVT
IBV,AGAI
IBV,CCGC
IBV,CTAG
IBV,DFDD
IBV,FTSV
IBV,GAIS
IBV,GLLV
IBV,NLTV
IBV,NVTE
IBV,PPIIT
IBV,SAAS
IBV,SLLL
IBV,SLSV
IBV,SPRG
IBV,SRRS
IBV,VFVT
IBV,VNVT
IBV,KSGG
IBV,NETG
IBV,SFVY
IBV,LQGG
IBV,PLQG
IBV,NETG
IBV,NFSD
IBV,AGAI
IBV,CCGC
IBV,DVVT
IBV,GLLV
IBV,HCNF
IBV,IRVS
IBV,LLLK
IBV,LLNF
IBV,NVTN
IBV,PANG
IBV,QYRP
IBV,SLLL
IBV,SLLL
IBV,SLLL
IBV,SLSV
IBV,CCGC
IBV,DFDD
IBV,DVVT
IBV,ELSK
IBV,FTSV
IBV,GLLV
IBV,IQTR
IBV,LQGG
IBV,NLTV
IBV,SLLL
IBV,SLSV
IBV,VVNS
IBV,CCGC
IBV,DFDD
IBV,FTSV
IBV,IQTR
IBV,LQGG
IBV,NLTV
IBV,NTTL
IBV,PLLNI
IBV,SLLL
IBV,SLSV
IBV,VVNS
IBV,VSVS
IBV,FTNVS
IBV,NFSD
IBV,LQGG
IBV,PLQG
IBV,NETS
IBV,LQGG
IBV,TNSS
IBV,LQGG
IBV,PLQG
IBV,AGAI
IBV,AITS
IBV,CCGC
IBV,CTAG
IBV,ENGT
IBV,IILC
IBV,LDSSG
IBV,LNVT
IBV,LSSL
IBV,NETS
IBV,NKTV
IBV,NNFT
IBV,NVTA
IBV,QSGA
IBV,VRLT
IBV,LQGG
IBV,PLQG
IBV,GGLV
IBV,NFTF
IBV,SNYT
IBV,CCGC
IBV,DDFN
IBV,FTSV
IBV,GLLV
IBV,IQTR
IBV,IVGF
IBV,LQGG
IBV,NLTV
IBV,PLQG
IBV,SLLL
IBV,SLSV
IBV,TNVS
IBV,VVNS
IBV,FKSG
IBV,NFSD
IBV,VGQG
IBV,AGAI
IBV,CCGC
IBV,CTAG
IBV,DFDD
IBV,FTSV
IBV,GLLV
IBV,IQTR
IBV,IVTL
IBV,MEKV
IBV,NFSD
IBV,NISL
IBV,NLTV
IBV,NVTA
IBV,SLLL
IBV,SLSV
IBV,VFSN
IBV,NFSD
IBV,SLSL
IBV,CCGC
IBV,EYGL
IBV,GLLV
IBV,IRVS
IBV,NETG
IBV,NFSD
IBV,NLTV
IBV,SESN
IBV,SSLV
IBV,YGLL
IBV,NFSD
IBV,VGQG
IBV,NFSD
IBV,VGQG
IBV,CCGC
IBV,DFDD
IBV,DVVT
IBV,ELSK
IBV,FTSV
IBV,GLLV
IBV,IQTR
IBV,LQGG
IBV,NLTV
IBV,SLLL
IBV,SLSV
IBV,VVNS
IBV,VKSL
IBV,LQGG
IBV,PLQG
IBV,SNYT
IBV,CCGC
IBV,DFDD
IBV,FTSV
IBV,GLLV
IBV,LQGG
IBV,NLTV
IBV,PLQG
IBV,RSTS
IBV,SLLL
IBV,SLSV
IBV,TNYT
IBV,VQDV
IBV,NETG
IBV,NFSD
IBV,CCGC
IBV,CTAG
IBV,GLLV
IBV,IPQN
IBV,IQTR
IBV,LTQY
IBV,NFSD
IBV,NLTV
IBV,NVTE
IBV,QEVI
IBV,SLLL
IBV,SLSV
IBV,SSLV
IBV,VSVS
IBV,FKSG
IBV,LTQH
IBV,NFTA
IBV,LQGG
IBV,LVLT
IBV,NTTLV
IBV,FTNVS
IBV,NETG
IBV,NFSD
IBV,CCGC
IBV,DDFN
IBV,FNYT
IBV,GLLV
IBV,IQTR
IBV,LQGG
IBV,NLTV
IBV,SLLL
IBV,SLSV
IBV,TNSS
IBV,VQDV
IBV,VYRES
IBV,CCGC
IBV,DFDD
IBV,FTSV
IBV,IQTR
IBV,LQGG
IBV,NLTV
IBV,PLQG
IBV,SLSV
IBV,VVNS
IBV,CCGC
IBV,DFDD
IBV,IQTR
IBV,KQFV
IBV,LQGG
IBV,NLTV
IBV,PLQG
IBV,SLLL
IBV,VNKQ
IBV,VVNS
IBV,LQGG
IBV,PLQG
IBV,TNFT
IBV,NETG
IBV,NFSD
IBV,LTQY
IBV,NFSD
IBV,VSVS
IBV,GLLV
IBV,NFSD
IBV,SLLL
IBV,SLSV
IBV,VNKQ
IBV,VNVT
IBV,VYRE
IBV,GFIT
IBV,LQGG
IBV,TNVS
IBV,LTQY
IBV,VSVS
IBV,ADMQ
IBV,AGAI
IBV,CCGC
IBV,CTAG
IBV,GLLV
IBV,IVTL
IBV,LNFY
IBV,LNIT
IBV,LTVS
IBV,NETK
IBV,NGSY
IBV,NLTV
IBV,QDVV
IBV,SLLL
IBV,SSLV
IBV,VNVT
IBV,NFSD
IBV,NYTS
IBV,SNYT
IBV,CCGC
IBV,FTSV
IBV,GLLV
IBV,IPQN
IBV,IVTL
IBV,KQSA
IBV,NLTV
IBV,SAIL
IBV,SLLL
IBV,TNYT
IBV,VVNS
IBV,LQGG
IBV,NASP
IBV,CCGC
IBV,CTAG
IBV,GLLV
IBV,IPQN
IBV,IQTR
IBV,LTQY
IBV,NFSD
IBV,NLTV
IBV,NVTE
IBV,QEVI
IBV,SLLL
IBV,SLSV
IBV,SSLV
IBV,VSVS
IBV,AGAI
IBV,CCGC
IBV,CTAG
IBV,DFDD
IBV,FTNVS
IBV,GLLV
IBV,IQTR
IBV,IVTL
IBV,LVLT
IBV,NDTK
IBV,NFSD
IBV,NLTV
IBV,NVSL
IBV,NVTA
IBV,SLLL
IBV,SLSV
IBV,VFSN
IBV,LQGG
IBV,NFSD
IBV,PPNG
IBV,VGVL
IBV,NFSD
IBV,TNSS
IBV,VGQG
IBV,CCGC
IBV,CTAG
IBV,GLLV
IBV,GQGF
IBV,IVTL
IBV,LNIT
IBV,LTVS
IBV,NLTV
IBV,QSGY
IBV,SAIL
IBV,NYTS
IBV,SNYT
IBV,LQGG
IBV,PLQG
IBV,QGVI
IBV,AGAI
IBV,CCGC
IBV,CTAG
IBV,ENGT
IBV,LDSSG
IBV,LSSL
IBV,NETS
IBV,NKTV
IBV,NNFT
IBV,QSGA
IBV,VRLT
IBV,VTHC
IBV,LQGG
IBV,PLQG
IBV,TNVS
IBV,AGAI
IBV,CCGC
IBV,CTAG
IBV,ENGT
IBV,FKTG
IBV,LDSSG
IBV,LNVT
IBV,LSSL
IBV,NETS
IBV,NKTV
IBV,NNFT
IBV,NVTA
IBV,QSGA
IBV,VRLT
IBV,VTHC
IBV,VSVS
IBV,CCGC
IBV,DFDD
IBV,ELSK
IBV,FTSV
IBV,GLLV
IBV,IQTR
IBV,LQGG
IBV,NLTV
IBV,SLLL
IBV,SLSV
IBV,VVNS
IBV,CCGC
IBV,DFDD
IBV,ELSK
IBV,FTSV
IBV,GLLV
IBV,IQTR
IBV,LQGG
IBV,NLTV
IBV,SLLL
IBV,SLSV
IBV,VVNS
IBV,AGAI
IBV,CCGC
IBV,GLLV
IBV,NLTV
IBV,NVTE
IBV,SLSV
IBV,SNET
IBV,LQGG
IBV,NTTL
IBV,FTNVS
IBV,IQTR
IBV,LVLT
IBV,NLTV
IBV,LQGG
IBV,NTTL
IBV,NFSD
IBV,RRRR
IBV,VGQG
IBV,LQGG
IBV,NTTL
IBV,AGAI
IBV,CTAG
IBV,GLLV
IBV,NLTV
IBV,SFVY
IBV,SLLL
IBV,VKSL
IBV,VYRES
IBV,LQGG
IBV,PLQG
IBV,CCGC
IBV,DDFN
IBV,ELSK
IBV,GLLV
IBV,IQTR
IBV,LQGG
IBV,NLTV
IBV,NVST
IBV,SLSV
IBV,VNGT
IBV,VVNS
IBV,NFSD
IBV,VGQG
IBV,CCGC
IBV,CTAG
IBV,DFDD
IBV,GLLV
IBV,IQTR
IBV,IVTL
IBV,NDTK
IBV,NISL
IBV,SLSV
IBV,VNGT
IBV,YGRF
IBV,AGLA
IBV,LQGG
IBV,RNET
IBV,AIVP
IBV,CCGC
IBV,FTSV
IBV,GLLV
IBV,IRVS
IBV,NETG
IBV,NFSD
IBV,NLTV
IBV,SLSV
IBV,SSLV
IBV,VSVNK
IBV,CCGC
IBV,DVVT
IBV,IFIL
IBV,LDSSG
IBV,NETS
IBV,NNFT
IBV,QSGA
IBV,LQGG
IBV,NTTL
IBV,PLQG
IBV,AGAI
IBV,CCGC
IBV,CTAG
IBV,GLLV
IBV,NLTV
IBV,SFVY
IBV,SLLL
IBV,SLSV
IBV,VKSL
IBV,LQGG
IBV,NTTL
IBV,PLQG
IBV,VNTT
IBV,GGLV
IBV,NFTF
IBV,NQTG
IBV,SNYT
IBV,CCGC
IBV,DFDD
IBV,FTSV
IBV,GLLV
IBV,LSVL
IBV,NLTV
IBV,NSVG
IBV,SLLL
IBV,SLSV
IBV,LQGG
IBV,NTTL
IBV,LQGG
IBV,PLQG
IBV,TNYT
IBV,CCGC
IBV,DDFN
IBV,FTSV
IBV,GLLV
IBV,IQTR
IBV,IVGF
IBV,IVTL
IBV,NLTV
IBV,PLQG
IBV,SLLL
IBV,SLSV
IBV,TNVS
IBV,VVNS
IBV,NFSD
IBV,VGQG
IBV,LQGG
IBV,PLQG
IBV,KSLF
IBV,LVLT
IBV,VFVT
IBV,NFSD
IBV,VGQG
IBV,AGAI
IBV,CCGC
IBV,CTAG
IBV,FVED
IBV,GLLV
IBV,NLTV
IBV,SLSV
IBV,SSLV
IBV,VNGT
IBV,CCGC
IBV,DFDD
IBV,DVVT
IBV,FTSV
IBV,IQTR
IBV,LQGG
IBV,NLTV
IBV,NTTL
IBV,PLQG
IBV,SLLL
IBV,SLSV
IBV,VVNS
IBV,ANYE
IBV,CCGC
IBV,GLLV
IBV,KLTS
IBV,LQQV
IBV,NGLV
IBV,NKTV
IBV,QQVQ
IBV,TGQG
IBV,VLNI
IBV,VVLN
IBV,NETG
IBV,NFSD
IBV,NLTV
IBV,NYTS
IBV,SNYT
IBV,CCGC
IBV,DFDD
IBV,ELSK
IBV,FTSV
IBV,GLLV
IBV,IQTR
IBV,ITGR
IBV,LQGG
IBV,NLTV
IBV,SLLL
IBV,SLSV
IBV,VVNS
IBV,LTQY
IBV,TAQD
IBV,NFSD
IBV,VSVA
IBV,LQGG
IBV,NTTL
IBV,CCGC
IBV,GLLV
IBV,IRVS
IBV,NETG
IBV,NFSD
IBV,NLTV
IBV,SLSV
IBV,SSLV
IBV,AVVN
IBV,CCGC
IBV,CTAG
IBV,GLLV
IBV,ITNS
IBV,QGFI
IBV,SLLL
IBV,SLSV
IBV,SNVS
IBV,SYNY
IBV,VSVNK
IBV,LTQY
IBV,NFSD
IBV,TNSS
IBV,VSVS
IBV,CCGC
IBV,DYGS
IBV,LSIL
IBV,LVLP
IBV,NGIV
IBV,NITL
IBV,QQVQ
IBV,SIVG
IBV,SLSV
IBV,SNFT
IBV,SVST
IBV,SVST
IBV,SVST
IBV,TSRD
IBV,AGAI
IBV,CCGC
IBV,CTAG
IBV,FTSV
IBV,GAIS
IBV,GLLV
IBV,NETK
IBV,NLTV
IBV,NVTE
IBV,PPIIT
IBV,SAAS
IBV,SLLL
IBV,SLSV
IBV,SRRS
IBV,SSLV
IBV,VFVT
IBV,VNGT
IBV,VNVT
IBV,LQGG
IBV,PLQG
IBV,CCGC
IBV,DFDD
IBV,FSYL
IBV,IQTR
IBV,LQGG
IBV,LSSLS
IBV,NLTV
IBV,PLQG
IBV,SLLL
IBV,SLSV
IBV,VVNS
IBV,CCGC
IBV,GLLV
IBV,IRVS
IBV,NETG
IBV,NFSD
IBV,NLTV
IBV,SLSV
IBV,SSLV
IBV,LQGG
IBV,NTTL
IBV,LTQY
IBV,NFSD
IBV,SAAS
IBV,SGGKLVG
IBV,VDTF
IBV,LTQY
IBV,NTTL
IBV,TAQD
IBV,LQGG
IBV,NTTL
IBV,LQGG
IBV,PLQG
IBV,TNVS
IBV,CCGC
IBV,DFDD
IBV,ELSK
IBV,GLLV
IBV,IQTR
IBV,LQGG
IBV,NLTV
IBV,NTTL
IBV,SLLL
IBV,SLSV
IBV,VVNS
IBV,LQGG
IBV,PLQG
IBV,LQGG
IBV,PLQG
IBV,CCGC
IBV,DFDD
IBV,DVVT
IBV,ELSK
IBV,FTSV
IBV,GLLV
IBV,IQTR
IBV,LQGG
IBV,LSFL
IBV,NLTV
IBV,SLLL
IBV,VVNS
IBV,AGAI
IBV,CCGC
IBV,GLLV
IBV,NLTV
IBV,SFVY
IBV,SLLL
IBV,SLSV
IBV,VYRES
IBV,LQGG
IBV,NTTL
IBV,PLQG
IBV,AFRP
IBV,LQGG
IBV,PLQG
IBV,LQGG
IBV,PLQG
IBV,TNYT
IBV,CCGC
IBV,DFDD
IBV,DVVT
IBV,ELSK
IBV,FTSV
IBV,GLLV
IBV,IQTR
IBV,ISSV
IBV,LQGG
IBV,NLTV
IBV,SLLL
IBV,SLSV
IBV,TSAG
IBV,VVNS
IBV,VYRES
IBV,LQGG
IBV,NTTL
IBV,PLQG
IBV,CCGC
IBV,GLLV
IBV,IRVS
IBV,NETG
IBV,NFSD
IBV,NLTV
IBV,SLSV
IBV,SSLV
IBV,LQGG
IBV,SFRP
IBV,LTQY
IBV,NFSD
IBV,VSVS
IBV,CCGC
IBV,DFDD
IBV,FTSV
IBV,GLLV
IBV,LQGG
IBV,NLTV
IBV,PLQG
IBV,RSTS
IBV,SLLL
IBV,SLSV
IBV,TNYT
IBV,VQDV
IBV,CCGC
IBV,GLLV
IBV,NETG
IBV,NFSD
IBV,NLTV
IBV,SLSV
IBV,SSLV
IBV,CCGC
IBV,DFDD
IBV,ELSK
IBV,GLLV
IBV,IQTR
IBV,LQGG
IBV,NLTV
IBV,SLLL
IBV,SLSV
IBV,VVNS
IBV,CCGC
IBV,GLLV
IBV,IRVS
IBV,NETG
IBV,NFSD
IBV,NLTV
IBV,SLLL
IBV,SLSV
IBV,SSLV
IBV,CCGC
IBV,GLLV
IBV,NETG
IBV,NFSD
IBV,NLTV
IBV,SLLL
IBV,SLSV
IBV,SSLV
IBV,TENV
IBV,LQGG
IBV,NTTL
IBV,PLQG
IBV,GNFS
IBV,LQGG
IBV,NFSD
IBV,VYSG
IBV,CCGC
IBV,DDFN
IBV,FTSV
IBV,GLLV
IBV,LQGG
IBV,NLTV
IBV,PLQG
IBV,RSTS
IBV,SLLL
IBV,CCGC
IBV,CTAG
IBV,GLLV
IBV,IPQN
IBV,IQTR
IBV,LTQY
IBV,NFSD
IBV,NLTV
IBV,NVTE
IBV,QEVI
IBV,SLLL
IBV,SLSV
IBV,SSLV
IBV,VSVS
